3,0,0,0,4,0,0,0,0,2,6,0,0,1,16,1,6,4,7,7,8,4,4,11,13,7,9,11,23,36,17,34,38,39,34,44,69,69,77,87,102,81,128,97,120,129,153,127,148,143,233,247,220,213,287,272,302,255,379,349,415,434,527,485,511,513,615,618,626,639,632,749,782,829,842,772,783,885,934,934,1016,1032,1100,1013,999,1146,1035,1161,1199,1194,1239,1355,1201,1176,1216,1117,1294,1298,1289,1236,1214,1185,1176,1222,1189,1241,1050,1109,1112,1006,1111,959,1040,1178,919,953,915,1027,975,857,929,916,723,770,723,709,550,636,594,571,493,486,446,446,491,391,383,348,324,299,280,288,257,254,225,260,200,158,187,144,112,138,108,137,114,113,86,81,87,53,47,57,46,43,34,35,10,28,34,13,15,17,17,12,19,6,20,14,13,2,5,8,4,4,4,0,0,1,4,5,3,0,0,2,3,0,0,0,0,0
3,0,0,0,6,5,0,0,0,1,5,0,0,2,11,5,7,3,4,2,9,3,4,17,8,7,16,17,25,32,27,35,38,49,46,48,89,57,92,84,119,124,136,113,131,163,156,127,162,182,278,198,276,231,298,340,359,279,418,379,454,461,580,541,589,683,687,691,741,685,637,854,805,907,932,849,874,964,1031,1013,1082,1104,1064,1059,1128,1249,1054,1243,1332,1172,1246,1368,1272,1243,1125,1024,1260,1164,1202,1131,1175,1142,1129,1191,1121,1158,1010,966,991,961,970,904,866,1002,796,812,804,881,850,726,702,733,673,680,582,623,494,547,471,482,429,435,406,336,331,328,355,295,244,229,213,249,194,236,155,185,123,140,150,153,81,113,91,116,93,89,74,62,62,50,46,43,32,36,29,51,13,26,35,9,7,19,12,6,13,6,10,3,10,2,5,5,3,2,3,0,0,4,5,6,1,0,0,1,0,0,0,0,0,0
5,0,0,0,1,3,0,0,0,2,5,0,0,4,11,3,7,6,3,4,10,7,0,15,12,16,10,16,31,45,27,40,55,66,54,46,106,68,81,90,124,122,149,139,147,185,200,163,158,182,331,258,303,265,359,356,384,310,468,423,542,525,599,549,593,721,761,713,781,717,697,866,917,922,922,912,918,1022,1001,1048,1088,1063,1111,1129,1202,1228,1090,1210,1245,1206,1289,1285,1228,1212,995,1094,1300,1125,1173,1101,1133,1027,1050,1110,1045,1043,908,951,866,833,821,756,781,837,725,743,713,701,579,639,619,616,518,493,507,492,425,411,411,417,316,328,308,268,300,252,267,243,189,190,184,165,189,173,147,164,132,91,115,111,82,69,86,111,81,68,42,65,43,34,46,41,39,33,24,24,8,18,29,6,13,18,13,8,3,8,9,9,6,0,6,4,6,5,5,0,0,2,6,1,0,0,0,1,2,0,0,0,0,0
3,0,0,0,3,2,0,0,0,4,3,0,0,2,10,2,5,6,3,6,5,3,12,21,10,8,12,31,38,39,33,49,41,56,67,54,105,77,105,107,120,135,161,115,168,216,196,169,184,184,329,291,309,274,339,354,406,327,511,415,584,543,615,621,677,765,811,765,757,726,739,924,990,965,964,913,933,998,1010,1163,1075,1202,1168,1077,1180,1178,1053,1228,1253,1185,1240,1256,1185,1120,1077,1082,1215,1142,1114,1094,1049,1074,980,992,976,929,856,849,784,736,785,710,696,789,623,640,616,598,563,563,535,548,446,476,448,418,372,347,326,345,296,273,246,246,244,229,239,186,155,159,157,145,144,143,115,125,123,88,83,102,56,68,80,80,69,49,51,52,25,46,36,37,29,30,28,30,10,20,30,14,10,11,17,7,15,2,4,11,11,0,1,6,4,2,5,0,0,2,5,0,2,0,0,0,0,0,0,0,0,0
2,0,0,0,3,2,0,0,0,2,10,0,0,3,14,0,6,6,6,4,8,1,6,19,12,14,13,31,35,57,30,51,37,65,75,56,110,75,112,88,130,134,176,138,172,253,203,197,169,194,366,316,320,334,418,415,428,325,508,474,599,558,755,627,695,739,761,812,797,820,758,991,950,1016,1017,891,978,1100,1105,1105,1126,1163,1157,1077,1146,1180,1011,1238,1217,1213,1239,1208,1139,1068,995,947,1183,1011,1017,1022,1020,995,894,940,878,876,824,756,773,693,765,667,620,687,500,560,546,539,495,440,488,458,379,377,423,366,307,326,302,266,235,213,268,205,192,195,151,156,125,162,120,121,111,114,90,93,91,64,91,83,57,50,47,63,53,60,37,42,32,19,30,32,23,23,15,23,6,14,22,5,7,11,9,1,12,4,6,6,5,0,5,3,7,3,2,0,0,2,2,2,0,0,0,1,1,0,0,0,0,0
6,0,0,0,2,1,0,0,0,2,3,0,0,3,9,4,13,7,3,1,9,5,5,21,8,16,15,24,44,47,27,51,68,64,59,65,98,103,116,119,163,162,180,137,162,265,218,173,199,222,379,309,315,306,429,437,431,348,567,493,590,610,746,657,644,745,830,816,903,790,729,908,963,1026,1047,974,949,1152,1042,1174,1093,1123,1185,1051,1148,1121,1083,1130,1163,1135,1208,1133,1063,1078,919,938,1046,979,1051,993,958,887,769,860,778,819,689,729,680,654,666,542,534,616,467,481,483,502,425,444,391,429,360,420,338,320,262,242,230,231,180,199,187,176,216,154,186,128,114,103,107,107,109,108,85,72,68,49,52,55,55,50,30,51,60,32,35,42,35,19,25,23,10,18,14,21,5,15,21,6,12,15,2,2,8,3,5,10,8,0,5,2,2,4,6,0,0,1,2,1,2,0,0,0,2,0,0,0,0,0
3,0,0,0,7,4,0,0,0,1,13,0,0,0,20,1,6,6,6,2,14,5,5,10,11,12,15,32,40,43,40,42,46,75,83,58,102,105,108,116,146,146,181,163,172,257,242,202,203,227,396,311,340,380,442,400,455,362,578,479,663,586,782,681,710,803,879,808,922,745,738,971,954,1018,985,922,959,1072,1058,1123,1103,1142,1105,1007,1129,1190,1020,1102,1202,1097,1103,1136,1000,1060,907,844,1088,921,927,882,912,853,817,813,708,770,686,636,661,580,531,469,522,618,451,425,461,391,416,355,360,369,272,318,301,270,213,207,212,206,164,167,175,149,154,111,147,119,105,118,80,85,81,81,67,65,62,45,48,51,36,38,35,55,31,37,40,34,31,27,28,20,18,23,8,21,6,13,16,9,4,8,7,4,7,8,3,0,7,0,4,4,2,2,0,0,0,1,5,1,0,0,0,1,4,0,0,0,0,0
1,0,0,0,3,4,0,0,0,0,14,0,0,2,21,3,9,6,3,4,21,3,5,12,10,15,26,28,57,58,46,48,44,75,73,80,106,99,117,127,145,161,183,157,183,283,205,206,211,216,402,324,359,338,469,393,439,358,609,478,639,619,751,704,732,775,900,777,856,783,752,1003,940,994,984,945,994,1034,1092,1051,1079,1096,1160,1042,1114,1179,990,1117,1169,1013,1089,1109,1038,959,918,824,1049,812,857,840,802,770,675,768,724,733,636,633,593,504,560,505,460,570,404,410,431,364,332,332,323,329,277,259,265,264,208,208,198,205,145,160,130,122,124,103,133,91,79,87,90,99,64,63,53,64,55,29,57,39,25,21,22,42,25,37,23,31,21,17,20,27,12,10,9,16,5,12,10,4,11,9,11,5,4,3,3,3,6,1,3,5,5,5,5,0,0,1,4,0,0,0,0,1,2,0,0,0,0,0
1,0,0,0,8,1,0,0,0,2,9,0,0,2,11,2,9,9,6,6,16,4,11,19,7,8,19,34,53,34,29,53,59,73,60,65,134,94,130,139,171,154,158,165,178,281,223,190,227,213,439,343,360,382,452,406,472,366,571,528,674,603,792,688,688,778,879,873,859,819,795,999,956,1007,1029,920,940,1081,1078,1075,1129,1124,1101,1049,1105,1077,1009,1038,1073,1071,1063,1042,949,874,863,789,929,858,814,813,797,752,713,738,692,636,576,561,511,527,466,443,416,463,418,383,347,366,328,284,287,272,241,206,231,237,166,155,178,163,127,152,109,94,117,92,101,93,77,62,71,59,76,66,54,42,41,40,52,44,21,21,32,30,40,19,23,28,12,20,19,18,10,11,3,19,1,11,7,4,5,9,5,2,10,5,3,4,8,0,0,3,2,4,5,0,0,0,1,1,0,0,0,3,2,0,0,0,0,0
2,0,0,0,1,1,0,0,0,3,9,0,0,4,17,2,13,7,4,4,10,5,12,12,14,16,26,21,40,50,44,55,57,93,74,54,117,88,129,137,158,188,228,157,194,280,230,207,218,225,432,362,343,386,484,435,471,364,620,492,634,581,747,774,716,805,931,808,895,777,733,959,959,962,960,926,920,1047,1034,1052,1082,1033,1010,921,1126,1104,955,1079,1047,953,992,1033,938,900,857,762,868,799,802,783,719,684,653,666,648,614,540,526,525,449,434,397,385,446,348,307,321,296,289,273,253,266,216,197,222,177,144,156,162,130,113,133,117,116,96,83,87,70,67,59,59,42,59,52,32,38,44,19,37,34,19,34,21,32,27,26,14,20,13,14,21,18,12,14,8,16,5,6,16,5,6,3,4,4,7,3,2,6,6,0,2,3,1,1,5,0,0,2,2,0,0,0,0,0,7,0,0,0,0,0
1,0,0,0,1,5,0,0,0,7,11,0,0,1,18,3,7,6,5,5,6,8,6,21,13,7,16,31,36,39,43,64,55,84,58,60,113,117,111,124,133,180,191,172,194,296,233,206,220,236,410,386,381,358,473,426,489,373,618,522,655,633,729,678,702,805,853,890,912,783,765,953,948,951,993,842,959,1049,997,1035,1033,1055,1042,946,1031,1015,949,975,1044,975,922,1007,858,801,774,780,881,768,726,685,690,650,661,625,557,556,502,481,486,416,401,352,380,455,300,283,280,330,241,261,272,244,206,181,181,161,153,130,120,140,103,94,88,78,91,61,73,61,43,43,43,44,61,49,33,33,35,17,33,23,24,20,17,21,23,22,14,25,14,13,10,18,7,11,8,17,1,7,14,5,5,5,3,3,7,1,3,2,3,0,2,4,1,5,1,0,0,2,6,0,0,0,0,2,3,0,0,0,0,0
7,0,0,0,6,3,0,0,0,1,11,0,0,0,16,3,10,8,7,5,10,5,6,23,18,14,16,31,39,56,42,41,63,96,87,67,125,111,134,138,183,158,198,174,214,264,258,231,204,221,446,342,364,311,432,471,500,412,608,498,693,618,831,715,743,783,881,804,888,779,764,901,960,974,973,933,951,1001,961,1009,977,1012,954,935,967,1053,924,915,996,918,995,958,835,816,759,661,876,746,711,668,669,637,587,604,551,503,456,456,468,366,396,343,374,392,276,286,255,298,246,208,224,215,190,168,178,147,117,121,126,107,96,82,86,75,75,67,74,63,40,42,48,48,42,39,31,36,26,24,27,24,16,21,19,20,20,7,13,11,16,8,15,11,7,9,6,10,3,11,9,5,5,3,8,4,6,1,4,3,1,0,4,3,1,1,2,0,0,1,1,0,0,0,0,1,6,0,0,0,0,0
4,0,0,0,1,5,0,0,0,4,15,0,0,3,13,2,9,8,7,6,15,9,3,16,14,11,18,38,50,47,31,44,47,101,69,71,108,107,142,118,179,195,232,169,202,280,250,258,217,235,431,386,353,328,445,432,526,372,610,482,681,637,733,643,668,778,817,785,869,783,690,928,962,921,940,827,893,975,967,983,986,1016,1029,920,907,1034,819,938,971,849,899,913,769,782,758,688,786,705,693,651,625,613,558,533,492,497,444,429,384,382,344,330,313,319,261,270,254,238,223,207,184,186,175,172,151,141,99,113,91,98,76,91,64,71,75,70,62,51,41,50,37,43,45,38,25,34,29,20,23,18,5,15,16,19,20,18,12,12,14,5,16,10,9,5,3,10,0,3,6,2,6,5,6,2,5,4,4,4,2,0,1,2,3,0,0,0,0,0,1,2,0,0,0,0,0,0,0,0,0,0
2,0,0,0,6,3,0,0,0,0,15,0,0,2,6,4,10,10,5,5,6,6,6,14,14,10,23,42,49,50,53,58,66,101,73,54,128,119,145,143,174,173,193,155,193,312,255,243,225,231,429,349,394,307,489,414,498,373,599,539,630,650,756,666,687,761,835,784,833,824,709,929,893,963,901,852,883,972,902,960,943,996,981,880,881,915,839,925,905,796,863,931,742,757,673,632,746,675,645,595,594,555,507,505,486,471,424,376,359,345,304,272,281,307,227,239,240,242,202,200,181,181,155,116,134,133,94,94,90,100,71,88,54,65,48,58,55,44,24,35,35,33,44,39,15,17,22,15,25,20,11,10,13,14,11,19,6,19,7,5,6,13,7,6,5,13,2,5,7,2,2,10,2,3,2,5,3,4,3,0,2,1,0,2,1,0,0,0,3,0,0,0,0,0,1,0,0,0,0,0
7,0,0,0,2,3,0,0,0,4,14,0,0,6,13,4,9,13,4,5,15,5,8,13,7,23,16,31,58,39,55,54,63,81,71,69,87,108,118,133,156,176,216,187,181,261,233,219,245,252,442,362,364,326,434,429,445,393,638,507,659,611,738,671,708,747,887,771,866,748,730,901,890,987,948,804,832,913,918,1008,1002,961,938,892,913,922,832,836,878,810,787,860,740,720,650,654,732,612,632,567,574,559,480,503,411,434,411,370,378,322,297,266,292,257,231,217,184,203,170,177,169,167,128,129,159,155,84,93,88,120,70,68,65,37,58,50,66,42,28,40,37,33,40,25,27,20,31,28,19,18,10,21,20,21,15,12,8,13,10,7,9,16,8,5,3,13,1,5,9,5,2,9,0,1,4,2,1,3,3,0,2,2,1,3,0,0,0,0,1,0,0,0,0,0,2,0,0,0,0,0
1,0,0,0,4,11,0,0,0,3,10,0,0,1,20,6,14,7,5,2,9,6,4,13,13,10,17,33,38,56,46,37,51,94,75,55,122,117,133,152,161,167,204,166,205,322,227,226,222,213,391,333,354,335,478,419,471,385,626,535,626,619,770,686,721,719,816,761,788,751,710,893,917,908,894,777,857,903,891,953,934,934,966,856,903,879,748,833,801,769,821,767,746,652,550,599,730,557,570,532,535,555,432,446,381,400,387,331,331,313,282,246,237,279,208,186,195,182,162,189,150,165,134,121,107,88,84,89,83,104,52,69,51,55,56,45,43,42,22,32,18,38,30,22,24,21,26,6,13,24,8,10,14,9,10,15,6,9,4,2,4,7,3,4,3,12,1,4,11,1,2,1,1,2,6,2,1,0,4,0,1,3,1,1,2,0,0,0,1,0,0,0,0,0,1,0,0,0,0,0
3,0,0,0,3,4,0,0,0,3,10,0,0,3,19,2,11,9,4,13,9,12,3,24,16,14,20,25,51,46,48,45,66,109,70,86,110,101,127,129,156,170,210,155,189,288,230,252,220,235,405,354,375,310,443,400,458,374,554,537,620,564,707,635,708,803,779,781,778,777,664,880,914,909,885,792,852,898,827,884,882,905,929,799,847,869,783,838,819,753,788,774,665,637,583,560,634,607,567,505,510,498,423,401,399,362,325,316,319,291,288,273,222,243,215,198,161,154,155,160,132,140,107,100,123,74,61,71,71,74,43,60,45,58,40,36,41,47,24,25,25,21,29,24,21,13,22,12,14,11,11,16,12,9,8,20,2,15,9,7,9,6,3,9,3,11,2,7,6,2,1,8,3,0,2,2,2,2,2,0,1,1,1,0,1,0,0,0,1,0,0,0,0,1,2,0,0,0,0,0
1,0,0,0,4,8,0,0,0,1,12,0,0,3,10,4,10,10,3,4,11,6,6,12,19,12,19,39,56,41,45,43,60,78,86,69,125,111,129,133,179,168,211,163,200,283,250,230,193,224,383,353,380,337,462,411,453,358,561,481,629,588,669,599,707,736,781,741,797,751,651,879,831,845,842,762,770,831,861,848,831,838,842,758,795,868,704,749,816,669,768,757,644,636,555,484,602,562,556,478,477,460,442,382,379,361,344,311,301,279,266,239,208,251,192,197,142,149,128,126,118,141,108,114,105,94,79,72,58,65,47,59,40,41,44,30,37,33,22,28,30,17,20,14,13,19,13,12,10,12,12,8,6,7,9,5,9,8,4,6,6,10,4,1,0,4,2,7,2,1,2,2,0,2,3,2,1,1,1,0,0,1,0,0,0,0,0,0,1,0,0,0,0,1,0,0,0,0,0,0
2,0,0,0,5,5,0,0,0,1,8,0,0,1,15,3,10,5,3,10,6,11,6,13,13,12,17,33,49,55,34,52,48,92,83,76,134,128,126,137,186,187,219,167,196,276,243,211,187,219,401,379,373,315,452,411,439,358,583,464,596,557,687,646,667,714,752,646,795,754,648,835,792,836,811,764,807,828,826,868,814,860,856,755,803,804,690,759,752,720,722,754,637,607,555,505,606,538,464,441,447,428,406,376,354,374,311,309,275,228,233,211,212,223,169,150,134,141,136,108,97,137,100,102,88,71,71,54,47,73,39,52,38,28,30,35,38,38,22,15,15,14,21,14,12,12,13,5,9,9,5,15,9,11,8,7,7,6,3,6,4,4,4,4,4,7,0,3,3,2,1,0,0,0,2,4,0,0,1,0,0,0,1,1,0,0,0,0,0,0,0,0,0,0,1,0,0,0,0,0
6,0,0,0,1,3,0,0,0,3,9,0,0,2,22,2,14,6,3,8,16,9,10,13,9,12,21,25,42,57,48,45,39,98,61,47,127,108,108,132,176,164,216,158,187,242,231,231,207,238,453,355,363,326,434,463,432,377,584,440,583,554,723,608,644,755,765,701,772,699,676,764,850,800,737,744,777,830,779,832,787,798,750,697,797,797,654,748,743,607,697,701,576,601,544,441,555,503,529,478,436,406,356,351,348,342,307,288,250,233,231,197,199,205,143,150,149,118,114,100,101,91,81,88,88,79,55,51,40,56,29,44,45,39,29,30,29,33,14,19,19,23,21,26,8,10,15,5,13,10,8,8,6,5,14,4,6,9,7,4,1,7,1,6,1,11,1,4,5,1,1,4,2,3,0,0,0,2,2,0,1,0,2,1,0,0,0,0,1,0,0,0,0,0,1,0,0,0,0,0
3,0,0,0,5,9,0,0,0,4,10,0,0,1,17,5,10,6,1,2,17,12,8,21,7,17,22,28,55,47,35,49,61,96,70,56,128,83,117,125,155,178,219,168,170,276,211,224,201,264,411,356,363,341,407,382,452,367,617,477,610,544,720,647,643,700,733,686,728,651,615,790,804,755,751,698,755,775,767,792,809,803,803,730,713,759,639,658,716,620,674,671,548,564,495,521,596,454,480,428,392,422,361,365,330,291,263,240,241,212,213,215,191,189,148,136,121,128,114,110,108,110,71,74,84,71,70,52,59,37,31,35,36,30,28,22,30,23,11,23,9,18,13,19,7,8,18,2,3,7,11,9,5,8,8,7,3,6,7,5,3,6,4,2,3,5,2,2,7,4,2,2,2,0,3,2,0,5,2,0,2,3,3,0,1,0,0,0,0,0,0,0,0,0,2,0,0,0,0,0
4,0,0,0,3,5,0,0,0,1,13,0,0,0,17,4,8,13,2,7,7,10,6,21,12,8,23,34,44,46,40,55,64,96,80,60,121,89,128,127,183,199,215,157,178,269,266,183,195,191,426,329,344,305,422,419,452,335,572,435,606,576,721,573,645,684,766,649,794,639,628,792,803,743,749,642,760,779,739,788,754,741,787,705,750,770,602,661,708,603,667,571,598,520,478,462,553,460,452,419,403,363,336,327,295,280,258,248,238,211,192,157,168,164,149,126,112,129,114,97,98,83,83,65,84,66,58,45,40,38,35,32,29,30,22,31,22,31,14,17,13,10,18,13,5,9,8,4,7,4,13,9,8,4,11,9,1,3,3,5,2,8,2,4,1,5,1,4,7,2,0,3,2,1,6,0,1,3,2,0,0,0,0,2,0,0,0,0,1,0,0,0,0,0,0,0,0,0,0,0
0,0,0,0,2,4,0,0,0,2,13,0,0,0,19,1,13,8,1,9,5,8,8,23,15,9,25,36,38,60,44,50,60,109,74,72,123,97,110,117,177,190,219,130,184,284,226,213,212,219,391,354,338,306,416,391,470,360,517,444,530,530,704,627,574,650,758,657,801,672,609,753,724,727,744,651,703,768,742,710,753,758,724,674,695,746,632,671,597,579,618,602,545,480,449,432,498,451,427,413,374,368,340,337,287,269,252,214,228,192,187,172,153,170,109,112,120,132,97,86,106,95,90,58,69,57,45,39,38,39,31,42,31,28,22,29,27,22,12,19,9,10,19,10,10,10,15,13,5,6,4,9,3,1,5,5,6,6,2,3,5,3,2,1,0,8,1,3,5,1,0,2,1,1,1,1,0,1,0,0,1,1,1,0,2,0,0,0,0,0,0,0,0,0,0,0,0,0,0,0
3,0,0,0,4,5,0,0,0,3,13,0,0,1,20,1,14,11,3,4,10,7,5,17,8,4,13,27,35,68,43,43,62,90,70,56,128,101,97,117,154,176,201,135,181,272,211,226,184,215,372,353,352,317,425,392,440,345,542,442,542,572,672,586,635,673,662,649,698,653,627,729,729,708,732,682,753,789,703,725,725,753,686,625,692,668,606,619,660,578,564,561,500,488,420,400,441,480,384,394,341,333,306,278,260,249,232,205,204,194,182,131,140,140,107,125,118,105,99,69,76,72,55,61,67,67,50,45,33,41,38,38,27,19,19,24,24,9,11,19,13,15,15,17,4,10,5,5,7,3,4,3,1,1,4,8,4,9,5,3,4,3,0,2,1,5,0,3,3,0,3,0,2,0,3,0,0,0,0,0,3,1,0,0,0,0,0,0,0,1,0,0,0,0,5,0,0,0,0,0
1,0,0,0,6,2,0,0,0,2,12,0,0,2,11,4,5,10,4,6,14,6,6,20,16,15,16,29,39,34,48,54,58,84,75,67,132,125,99,102,178,172,200,153,183,271,228,232,201,205,394,310,325,293,398,375,407,359,538,468,561,539,671,554,609,644,711,615,759,579,587,713,693,713,675,683,671,703,685,697,690,748,701,591,664,615,573,607,607,532,607,542,505,455,373,396,493,430,399,329,347,341,275,281,259,239,220,214,190,172,185,162,127,138,104,114,89,93,84,64,81,69,62,58,69,48,45,35,33,26,21,31,28,19,21,19,16,15,5,13,19,13,12,15,8,7,7,8,7,4,2,3,4,6,5,5,2,4,1,5,4,7,1,1,4,8,1,1,5,0,0,0,1,1,0,0,0,0,1,0,2,1,0,0,2,0,0,0,0,0,0,0,0,0,0,0,0,0,0,0
2,0,0,0,4,4,0,0,0,1,8,0,0,0,18,2,5,4,3,6,11,9,5,13,22,12,21,27,43,41,38,44,61,84,64,65,111,108,132,139,156,162,203,159,201,253,197,208,179,163,351,351,322,249,363,332,418,290,478,455,550,494,615,543,532,640,652,634,708,625,589,703,674,702,683,605,631,711,650,726,680,626,660,554,574,587,567,587,574,485,547,537,480,453,389,320,412,384,370,349,317,350,302,260,244,226,222,189,199,144,168,119,127,139,110,95,98,78,85,67,82,67,68,54,60,49,43,30,44,33,19,26,20,26,25,18,21,12,5,11,14,6,14,14,8,3,13,3,8,6,5,5,4,2,3,3,3,2,6,2,3,2,2,3,2,6,2,2,5,0,1,0,0,0,0,1,0,0,0,0,1,2,1,1,0,0,0,0,0,0,0,0,0,0,1,0,0,0,0,0
0,0,0,0,3,8,0,0,0,1,12,0,0,0,16,0,11,2,6,3,12,13,10,19,15,11,17,33,44,51,31,50,63,86,67,54,111,115,127,122,170,187,182,141,186,259,189,216,180,212,402,279,316,251,411,379,381,280,498,452,531,493,593,516,523,599,692,609,638,556,564,684,697,706,664,594,617,715,667,700,675,627,605,567,593,647,527,509,560,498,530,504,449,419,384,353,415,387,327,338,303,289,258,240,233,211,221,189,166,175,136,139,144,135,84,81,96,88,88,68,60,76,45,56,56,34,32,23,24,35,21,21,22,21,16,11,15,13,6,9,8,8,4,11,5,11,9,5,2,4,5,5,8,3,4,7,5,8,5,4,0,1,2,3,1,5,1,4,2,0,0,0,1,1,1,0,0,1,1,0,1,0,1,2,0,0,0,0,2,0,0,0,0,0,2,0,0,0,0,0
3,0,0,0,4,7,0,0,0,3,10,0,0,3,17,2,10,8,2,9,10,12,9,13,13,6,23,34,50,50,40,59,55,78,71,78,116,111,123,127,161,155,198,163,198,236,205,192,195,195,392,297,343,270,377,365,382,322,455,399,520,476,559,537,596,583,653,567,679,634,515,675,664,683,614,582,618,667,615,681,625,594,625,573,559,604,506,544,520,453,496,507,449,421,372,336,400,335,337,287,293,273,253,224,233,197,184,194,172,170,122,146,106,122,106,95,72,102,69,68,63,64,61,52,57,37,36,20,33,34,12,28,17,13,13,7,12,18,17,8,7,8,7,10,5,8,15,5,6,3,2,3,2,3,9,4,1,5,1,3,1,3,1,0,1,2,1,2,1,1,0,0,0,0,3,2,0,1,3,0,0,0,2,0,1,0,0,0,0,0,0,0,0,0,0,0,0,0,0,0
5,0,0,0,1,4,0,0,0,5,10,0,0,2,21,0,7,9,3,5,15,8,9,18,16,11,10,26,43,54,48,47,47,89,78,70,93,96,107,128,146,179,166,139,183,255,207,195,173,197,375,316,341,272,370,330,380,334,478,406,537,472,599,519,514,555,625,568,607,557,499,634,613,676,593,558,604,633,645,636,549,610,617,507,580,570,526,497,511,461,471,460,435,381,353,330,372,371,331,301,281,291,238,235,211,154,184,162,161,127,128,132,120,114,87,84,73,91,70,55,53,55,38,49,36,42,26,30,26,23,21,26,17,18,19,14,17,10,10,11,12,5,5,14,6,2,5,1,4,4,1,2,3,1,1,2,1,2,4,2,2,3,1,0,1,3,0,1,3,0,1,0,0,0,2,0,0,0,0,0,1,1,3,0,0,0,0,0,0,0,0,0,0,0,1,0,0,0,0,0
3,0,0,0,1,7,0,0,0,4,4,0,0,2,15,2,7,8,2,6,7,6,3,15,16,13,25,37,49,39,48,55,59,88,71,64,84,116,109,135,162,153,183,154,175,263,208,206,175,190,380,275,315,281,390,349,431,312,452,391,472,471,568,468,506,571,612,574,637,553,517,612,628,636,567,560,553,646,583,603,625,564,555,528,576,544,469,483,537,488,478,448,413,344,345,320,340,332,311,302,257,254,236,221,189,191,158,162,170,144,129,118,121,96,87,96,65,84,58,59,56,52,41,44,39,33,29,26,28,30,20,24,21,6,14,15,16,13,7,6,10,5,7,4,4,9,4,1,5,3,5,2,3,5,5,1,3,3,5,3,2,1,5,2,1,0,0,1,2,1,0,0,2,3,0,0,0,0,1,0,1,0,0,1,0,0,0,0,1,0,0,0,0,0,0,0,0,0,0,0
2,0,0,0,2,6,0,0,0,2,10,0,0,2,16,2,10,10,2,5,7,3,8,14,12,11,21,33,41,42,46,40,52,69,62,57,124,108,109,126,158,168,175,133,182,266,191,192,165,212,366,305,284,274,318,312,385,328,446,368,483,488,578,526,487,591,586,548,654,500,543,609,622,634,582,536,577,601,563,580,565,598,543,508,508,526,469,449,482,456,477,489,422,363,339,311,361,336,283,269,242,265,196,200,201,159,152,118,141,137,130,87,105,104,84,71,74,67,67,45,46,72,38,41,39,41,28,24,20,22,18,17,16,15,12,11,14,13,13,9,9,8,4,13,4,7,4,3,3,4,2,5,1,3,7,2,2,3,3,4,1,5,2,0,1,2,0,2,3,0,2,0,0,0,2,0,0,0,0,0,1,0,2,0,0,0,0,0,0,0,0,0,0,0,1,0,0,0,0,0
1,0,0,0,3,7,0,0,0,3,9,0,0,3,17,2,9,5,3,4,4,3,5,21,5,10,15,35,43,51,41,38,49,74,61,65,124,82,110,117,141,162,173,122,158,245,168,185,152,185,330,312,296,275,339,293,415,302,440,378,473,516,555,539,514,552,567,507,631,535,479,614,593,565,572,480,532,591,560,561,544,550,566,481,485,516,440,433,446,423,400,451,372,370,296,300,355,291,292,266,243,256,207,201,204,179,163,134,136,128,100,95,86,101,70,67,49,65,49,50,49,30,31,34,29,33,16,14,25,22,18,15,16,11,7,11,16,14,6,8,10,7,7,6,4,6,4,4,6,3,1,5,5,0,4,6,0,5,2,3,3,3,4,1,0,1,1,1,3,1,0,0,1,1,1,0,0,0,0,0,1,0,0,0,0,0,0,0,1,0,0,0,0,0,0,0,0,0,0,0
4,0,0,0,3,3,0,0,0,3,16,0,0,1,10,0,13,8,3,13,7,6,4,17,6,10,12,22,42,44,38,54,54,71,78,55,103,112,106,121,153,150,187,146,154,239,179,219,188,178,342,293,335,268,331,384,354,286,422,364,457,462,556,488,487,529,553,517,611,512,486,631,574,575,511,531,523,571,622,576,529,495,543,491,464,515,410,455,463,400,404,387,337,314,331,275,333,292,272,227,244,222,186,208,170,164,141,137,139,140,85,93,80,84,77,75,50,65,55,52,46,52,36,41,30,43,32,24,23,17,23,19,13,11,12,10,12,9,11,2,7,5,4,5,7,4,7,3,4,1,0,4,0,2,5,1,2,1,0,2,2,2,2,1,0,3,0,1,0,2,0,0,1,0,2,0,0,0,0,0,0,0,0,0,0,0,0,0,0,0,0,0,0,0,0,0,0,0,0,0
4,0,0,0,5,6,0,0,0,0,6,0,0,2,12,2,13,6,3,3,10,8,7,26,15,5,17,35,42,43,28,43,51,77,69,50,109,108,79,119,137,155,171,153,164,253,202,158,177,176,333,270,285,250,326,317,370,269,410,357,460,394,527,472,437,528,585,501,564,519,444,586,560,542,540,496,504,475,519,545,535,523,513,469,471,478,394,406,441,388,381,394,331,314,280,260,307,297,246,263,200,192,197,188,161,157,139,149,128,106,99,95,104,90,74,76,61,66,56,49,34,54,38,36,22,25,18,26,26,17,17,20,13,11,17,9,14,2,6,5,8,3,5,5,3,5,7,1,4,1,1,3,0,3,5,0,2,0,5,2,1,2,0,2,1,4,1,2,0,0,0,1,0,0,1,0,0,1,1,0,1,3,1,2,0,0,0,0,0,0,0,0,0,0,0,0,0,0,0,0
2,0,0,0,3,4,0,0,0,0,8,0,0,4,17,3,9,10,3,4,10,4,4,17,9,10,13,27,37,44,32,43,44,86,69,57,91,99,105,125,125,148,170,127,149,251,193,201,166,172,308,252,289,261,337,304,340,289,447,340,396,417,501,454,478,546,511,498,575,492,479,534,525,481,510,489,480,509,570,509,511,505,484,418,457,481,409,381,404,361,403,371,360,316,285,268,315,265,246,223,204,185,165,171,169,132,117,111,136,118,94,80,80,95,60,74,58,43,51,47,35,49,34,27,27,20,22,20,16,20,10,16,7,11,7,8,8,9,2,8,6,3,6,6,6,3,2,5,3,0,1,0,4,1,5,1,2,2,1,1,0,1,0,1,1,1,0,1,2,0,0,0,0,1,1,0,0,0,0,0,1,0,0,0,0,0,0,0,0,0,0,0,0,0,0,0,0,0,0,0
4,0,0,0,6,6,0,0,0,1,10,0,0,2,16,2,6,8,0,2,7,9,3,7,10,14,16,24,35,53,39,54,52,77,60,48,105,104,96,95,129,139,159,136,146,228,180,154,157,173,325,281,286,244,339,321,336,259,418,348,430,439,529,455,438,506,555,480,513,457,436,580,548,564,501,471,512,522,535,513,484,481,487,457,468,509,358,406,429,352,385,377,317,342,249,285,254,251,251,237,206,218,183,169,146,140,124,112,125,121,89,85,88,70,70,78,62,41,37,48,44,40,32,34,30,23,20,11,16,18,11,13,7,3,8,8,6,9,4,3,1,2,4,8,1,1,2,4,2,5,0,5,1,0,1,2,3,4,3,0,4,2,1,1,0,1,0,0,1,0,1,0,0,0,0,0,0,1,2,0,0,0,2,0,1,0,0,0,0,0,0,0,0,0,0,0,0,0,0,0
2,0,0,0,1,2,0,0,0,2,7,0,0,1,11,2,10,6,6,4,5,4,4,8,9,12,29,27,39,46,38,38,44,64,65,48,88,87,105,102,129,156,166,128,139,226,159,171,163,145,328,282,278,244,333,316,327,241,416,341,458,443,497,429,462,479,512,474,510,433,447,515,518,514,484,417,496,463,492,476,480,464,450,440,413,457,372,342,394,327,367,321,282,313,279,216,294,229,236,231,200,172,178,136,144,137,132,98,97,103,86,78,85,76,51,50,70,55,42,42,37,40,28,32,22,30,11,19,15,19,14,12,6,8,10,11,6,3,3,5,2,3,3,5,5,2,4,1,1,4,2,3,2,2,2,1,2,0,1,0,1,1,1,1,0,1,0,1,2,0,0,0,0,0,1,0,0,0,0,0,0,0,1,0,0,0,0,0,0,0,0,0,0,0,0,0,0,0,0,0
3,0,0,0,3,8,0,0,0,4,8,0,0,0,14,0,10,6,3,2,7,8,4,17,9,10,18,25,26,31,42,36,39,68,55,48,124,82,109,110,118,152,155,125,150,222,158,169,161,162,290,246,264,246,339,280,320,252,388,303,435,418,510,432,409,468,528,456,542,466,424,523,537,480,481,484,460,476,484,476,419,462,427,421,381,443,365,353,372,354,371,346,282,269,257,203,284,242,206,180,181,178,169,155,135,114,137,109,112,110,99,75,56,66,69,53,45,34,39,36,35,50,30,34,29,18,24,17,19,20,6,14,9,8,11,6,4,2,1,3,5,10,7,6,2,1,1,1,0,1,0,0,2,2,1,1,0,3,0,1,1,0,1,2,0,2,0,1,0,0,0,1,0,0,0,0,0,1,0,0,0,0,0,0,0,0,0,0,0,0,0,0,0,0,1,0,0,0,0,0
1,0,0,0,3,4,0,0,0,3,9,0,0,4,15,2,4,6,2,8,11,8,7,8,15,6,18,39,34,39,33,38,57,65,62,58,108,93,91,112,123,146,147,120,159,200,179,152,156,144,275,268,269,218,296,314,284,285,350,312,356,382,458,423,447,450,486,430,508,442,406,462,488,481,528,467,420,467,460,465,481,425,417,379,370,382,375,349,351,322,310,306,270,260,227,208,238,233,197,173,191,163,154,154,113,124,120,88,87,102,85,67,69,80,42,55,43,43,39,36,42,40,15,24,29,19,13,13,11,18,8,7,12,8,4,6,8,5,4,3,2,5,4,4,2,2,5,1,5,4,0,0,1,2,2,2,2,0,0,3,1,0,0,1,1,1,0,1,2,1,0,3,0,0,2,0,0,1,0,0,0,0,0,0,0,0,0,0,0,0,0,0,0,0,0,0,0,0,0,0
3,0,0,0,2,4,0,0,0,0,14,0,0,1,12,2,8,4,1,4,4,7,1,12,11,11,22,30,31,46,23,42,38,65,59,51,75,78,83,87,128,139,144,141,159,194,171,172,152,141,303,264,259,227,335,280,304,237,359,323,392,389,438,401,380,442,506,450,482,418,435,452,494,423,473,416,415,445,441,450,461,413,400,348,376,370,348,368,349,285,316,318,249,246,200,199,276,232,212,203,166,149,143,140,115,108,106,107,97,66,78,67,52,63,45,50,44,37,36,25,30,30,22,30,29,26,19,15,7,20,5,12,10,13,6,11,5,6,3,6,2,10,3,3,1,1,1,1,2,2,1,1,0,0,1,1,1,0,0,0,0,1,0,1,0,2,0,1,1,1,0,0,1,0,1,0,0,1,0,0,0,0,0,0,0,0,0,0,0,0,0,0,0,0,1,0,0,0,0,0
6,0,0,0,4,4,0,0,0,0,7,0,0,0,22,0,8,8,4,6,4,4,5,18,10,7,13,31,44,48,29,44,54,64,44,58,88,85,73,97,122,147,151,143,139,201,156,163,128,151,278,257,227,233,278,268,287,236,346,316,398,363,396,353,414,410,462,436,481,408,385,472,434,489,417,396,393,437,447,462,456,395,409,367,355,351,333,328,337,315,297,299,241,237,238,196,223,194,194,174,158,160,117,136,113,110,115,84,113,82,63,56,51,72,55,47,44,50,28,18,32,37,20,24,16,15,15,18,15,13,9,14,8,4,13,5,6,5,4,3,5,1,4,4,2,2,5,1,1,1,0,1,1,1,6,1,0,2,0,0,0,2,0,1,0,1,0,1,1,1,0,0,0,0,2,0,0,0,0,0,0,0,0,0,0,0,0,0,0,0,0,0,0,0,0,0,0,0,0,0
2,0,0,0,1,5,0,0,0,3,8,0,0,2,12,0,9,8,2,5,13,7,3,17,13,6,21,28,37,47,25,31,36,75,61,37,95,75,95,81,119,116,136,130,150,204,176,146,141,151,294,226,235,204,292,271,293,227,371,304,361,357,425,369,337,382,509,394,522,409,359,461,443,441,435,391,398,430,450,412,434,390,412,340,346,361,312,328,328,259,289,276,251,225,214,198,243,201,157,191,168,157,130,125,115,108,104,113,91,73,65,63,56,63,47,41,26,34,41,27,29,25,26,17,18,17,9,13,10,11,12,8,7,4,11,7,4,4,1,3,3,1,2,8,3,3,1,2,1,1,3,2,1,1,2,0,0,1,1,0,2,1,0,2,0,2,0,0,0,0,0,0,0,0,0,0,0,0,1,0,0,1,0,0,0,0,0,0,0,0,0,0,0,0,0,0,0,0,0,0
2,0,0,0,2,7,0,0,0,3,9,0,0,2,14,1,9,6,3,3,9,6,5,9,10,5,8,31,38,39,29,59,45,69,49,45,93,78,85,118,104,132,164,142,144,188,147,131,141,153,257,220,255,227,295,262,305,243,325,286,374,335,396,403,366,426,472,388,413,384,381,421,446,420,420,385,407,420,371,421,400,382,396,356,315,358,260,346,286,278,285,278,235,218,196,174,213,175,201,172,162,151,141,124,103,115,80,72,88,64,69,36,50,47,42,35,40,35,27,30,31,26,17,17,22,13,14,7,11,12,7,10,11,15,5,6,6,5,2,1,2,3,2,4,3,3,2,1,2,1,1,0,0,0,0,1,0,2,1,0,1,2,2,0,0,0,0,2,0,0,0,0,1,0,0,1,0,0,0,0,0,1,0,0,0,0,0,0,0,0,0,0,0,0,0,0,0,0,0,0
3,0,0,0,3,2,0,0,0,1,8,0,0,3,13,1,11,4,6,5,7,3,5,16,11,13,12,22,36,38,31,42,46,66,57,36,86,73,95,75,122,125,139,106,113,191,155,132,155,145,280,221,242,211,264,251,288,233,335,296,353,338,409,379,378,401,456,399,433,402,370,419,396,424,401,364,343,390,366,384,405,349,367,329,321,312,297,313,305,252,294,266,235,204,205,183,195,183,174,129,148,143,141,113,110,99,86,87,82,77,60,46,51,56,42,31,36,40,28,25,27,15,27,17,21,7,12,7,13,15,7,6,9,6,5,5,6,3,4,3,2,4,4,2,2,2,1,1,1,3,0,2,2,2,0,2,2,1,1,0,1,0,1,0,0,0,0,1,1,0,0,0,0,0,1,0,0,0,0,0,0,0,0,1,0,0,0,0,0,0,0,0,0,0,0,0,0,0,0,0
4,0,0,0,2,6,0,0,0,2,18,0,0,3,11,0,5,5,1,3,4,5,4,11,15,4,13,18,32,33,30,36,30,69,48,43,74,66,86,111,122,133,132,113,114,173,143,135,136,131,274,219,230,220,250,268,271,218,333,293,381,352,409,341,355,379,421,420,387,406,348,425,425,407,391,345,335,399,371,360,361,355,329,289,304,320,289,299,324,265,269,268,224,209,195,171,181,169,150,147,132,134,114,105,110,92,85,76,79,73,48,49,45,56,33,40,30,37,27,20,17,23,27,22,12,17,18,11,7,10,8,13,3,6,4,8,5,4,2,1,3,1,3,4,3,3,3,1,1,1,2,2,2,1,2,0,1,1,1,0,1,2,0,0,0,2,0,1,1,0,1,1,1,0,1,1,0,1,1,0,0,0,0,0,0,0,0,0,0,0,0,0,0,0,0,0,0,0,0,0
2,0,0,0,3,5,0,0,0,3,14,0,0,0,12,1,8,5,2,4,12,8,3,15,13,6,15,20,37,49,40,28,34,68,47,35,82,77,75,101,102,121,148,109,136,163,133,138,122,146,250,232,213,215,258,265,248,225,348,273,318,332,383,345,342,387,429,375,470,360,319,411,393,423,384,347,369,375,378,402,348,321,319,275,314,320,274,273,305,252,269,237,197,184,178,173,196,194,151,154,124,129,105,119,119,93,83,88,67,71,54,44,43,54,32,32,22,31,29,27,15,24,21,19,15,12,10,11,7,5,12,6,4,4,5,4,7,6,5,3,3,0,1,0,1,2,2,2,0,0,1,2,0,1,0,0,0,4,1,1,0,1,1,1,1,1,0,0,0,1,0,0,0,0,0,0,0,0,0,0,0,1,0,0,0,0,0,0,0,0,0,0,0,0,0,0,0,0,0,0
1,0,0,0,0,5,0,0,0,2,8,0,0,1,15,0,10,7,3,3,7,4,4,15,15,3,13,31,32,31,27,34,28,56,50,35,81,80,81,78,122,123,137,99,124,179,151,149,135,131,277,221,210,184,225,246,270,205,303,253,344,317,382,335,325,360,383,333,395,326,340,422,395,345,344,359,358,384,325,406,331,373,306,323,310,304,268,263,260,240,233,240,209,186,186,167,163,168,127,141,133,126,99,104,91,81,106,55,58,68,37,52,43,48,29,36,38,20,28,20,19,19,10,18,14,18,11,2,13,13,7,4,5,5,4,7,3,1,3,1,3,0,2,2,2,2,1,3,1,0,0,1,1,0,1,0,0,1,1,1,0,2,0,1,0,1,0,0,2,0,0,1,0,0,0,0,0,0,1,0,1,0,1,0,0,0,0,0,0,0,0,0,0,0,0,0,0,0,0,0
5,0,0,0,5,7,0,0,0,0,9,0,0,0,14,0,8,4,4,7,3,8,4,19,9,5,18,24,29,38,33,33,29,60,53,43,76,78,69,82,106,121,120,93,127,164,142,132,140,118,230,211,196,193,260,231,266,196,306,277,322,297,371,331,327,379,373,302,372,313,315,371,399,367,322,320,288,340,339,366,329,315,318,281,258,301,251,230,263,249,269,229,186,182,171,144,189,155,147,137,150,111,106,98,88,82,70,85,69,75,51,58,38,41,41,44,32,24,16,22,22,21,19,16,11,13,12,9,9,9,6,7,4,4,8,1,6,3,4,3,1,1,3,1,2,3,1,1,1,1,0,1,0,1,1,1,0,0,0,0,1,0,0,0,1,1,0,1,0,0,0,0,0,0,1,0,1,0,1,0,0,0,0,0,0,0,0,0,0,0,0,0,0,0,0,0,0,0,0,0
2,0,0,0,2,4,0,0,0,0,9,0,0,0,16,2,4,3,1,5,9,8,3,14,7,9,19,25,29,41,36,32,34,60,58,46,89,73,81,104,109,131,134,98,115,184,139,153,117,119,248,216,209,158,244,225,256,222,279,242,295,315,381,324,334,355,422,339,361,336,306,365,349,379,335,319,345,322,313,339,292,320,320,270,282,280,272,239,228,225,242,202,182,195,155,155,176,138,133,132,113,106,77,109,81,82,78,79,55,55,56,52,39,41,36,30,24,22,14,30,20,21,14,14,17,12,10,9,8,6,5,8,7,6,6,3,2,3,2,2,3,2,4,4,0,1,1,0,0,1,0,1,0,2,0,0,0,2,0,1,0,0,1,0,0,0,0,0,0,1,0,0,0,0,1,0,0,1,0,0,0,0,0,0,0,0,0,0,0,0,0,0,0,0,0,0,0,0,0,0
2,0,0,0,3,1,0,0,0,0,7,0,0,0,7,1,6,5,1,3,11,4,2,10,11,6,16,21,33,36,31,26,37,57,51,45,79,65,69,98,109,112,110,97,116,160,149,128,120,121,194,182,226,157,233,226,246,207,266,236,316,271,350,313,317,354,367,315,364,312,303,364,346,372,357,335,367,326,299,347,342,293,305,270,285,281,240,230,227,222,210,235,179,182,146,141,176,142,134,113,102,98,95,91,88,74,52,70,65,59,49,49,33,41,25,22,27,27,25,23,15,15,15,13,12,12,12,9,8,9,4,5,4,7,3,5,5,2,7,4,3,1,1,4,0,3,0,1,0,0,2,1,1,0,2,1,0,1,0,0,2,1,0,0,0,0,0,1,0,0,0,0,1,0,0,0,0,0,0,0,0,0,0,0,0,0,0,0,0,0,0,0,0,0,0,0,0,0,0,0
2,0,0,0,1,8,0,0,0,5,12,0,0,2,9,1,11,7,3,4,8,3,2,11,12,7,15,24,24,23,29,27,39,61,46,39,70,84,72,75,92,101,115,122,105,177,106,125,112,138,206,215,190,168,241,220,241,175,270,243,287,282,325,300,301,319,351,310,340,315,280,349,348,385,324,298,309,305,312,296,295,336,294,279,242,292,243,243,218,200,222,219,155,165,163,117,156,152,136,126,110,84,74,78,95,68,57,57,63,48,49,35,39,42,13,19,16,28,28,11,16,23,12,17,16,13,6,7,8,9,10,5,3,4,2,6,3,3,0,1,2,1,0,2,0,1,2,1,0,0,0,0,1,1,1,0,1,1,1,1,0,0,0,0,0,1,1,0,0,0,0,1,0,0,1,1,0,0,0,0,0,0,0,0,0,0,0,0,0,0,0,0,0,0,1,0,0,0,0,0
1,0,0,0,3,6,0,0,0,0,10,0,0,1,7,2,10,7,1,9,7,3,3,9,7,5,16,21,36,35,29,31,33,48,47,35,80,56,65,78,101,108,118,96,106,163,102,121,109,106,215,205,195,177,224,194,244,185,296,222,272,265,304,263,277,316,323,333,372,291,265,346,354,307,316,299,295,364,290,290,283,305,272,257,272,269,195,219,193,215,225,204,179,174,121,120,151,121,134,109,110,105,88,78,80,68,62,65,52,48,40,43,50,36,23,41,30,24,21,13,17,14,14,14,11,9,2,9,3,9,6,5,2,6,2,1,6,4,2,2,0,2,0,2,0,1,1,0,1,0,0,1,0,0,2,0,1,1,1,0,0,0,0,0,0,0,0,0,0,0,0,0,0,0,0,0,0,0,0,0,0,0,0,0,0,0,0,0,0,0,0,0,0,0,0,0,0,0,0,0
2,0,0,0,3,4,0,0,0,0,10,0,0,1,9,0,7,10,5,2,4,4,5,11,12,8,12,14,33,25,16,20,27,54,53,34,60,62,67,95,106,97,132,86,115,162,129,96,123,88,245,175,198,155,222,208,222,185,275,215,290,304,311,289,285,312,345,322,366,288,306,313,351,340,300,273,281,311,295,262,309,276,291,246,260,261,218,225,198,193,222,192,140,142,144,117,150,135,126,107,114,95,84,66,83,62,59,58,41,54,45,34,41,34,31,31,29,25,24,7,10,15,9,11,14,9,4,12,10,6,4,3,4,5,4,2,3,3,0,4,0,2,3,4,0,2,2,0,0,1,0,2,1,0,0,1,2,1,2,0,0,0,1,0,1,0,1,0,0,0,0,0,0,0,0,0,0,0,0,0,0,0,0,0,0,0,0,0,0,0,0,0,0,0,0,0,0,0,0,0
1,0,0,0,7,2,0,0,0,4,4,0,0,1,9,0,10,5,1,5,5,4,5,10,6,7,19,10,25,29,29,31,35,50,32,38,83,78,88,74,108,109,116,84,101,163,139,112,106,111,189,187,199,170,181,191,228,176,252,247,281,277,288,242,295,357,349,292,333,272,276,331,323,324,291,281,310,289,274,274,286,260,254,251,224,228,197,232,211,194,189,168,148,142,137,116,162,114,109,124,108,89,94,82,82,60,63,53,46,31,37,30,26,39,31,31,26,28,21,11,12,15,10,7,17,10,6,7,6,8,5,10,3,5,1,1,4,3,3,2,2,0,0,3,1,2,1,1,0,0,0,1,1,0,0,0,0,0,0,0,1,0,0,0,0,0,0,0,0,0,0,1,0,0,0,0,0,0,0,0,0,0,1,0,0,0,0,0,0,0,0,0,0,0,0,0,0,0,0,0
1,0,0,0,2,3,0,0,0,2,11,0,0,0,3,0,7,8,3,4,2,1,2,9,8,5,21,24,30,34,20,27,30,44,43,37,68,65,67,68,105,96,101,90,101,147,123,106,111,107,220,181,177,162,190,201,228,168,244,216,275,274,325,256,235,294,341,261,345,299,289,320,323,304,289,278,288,302,290,281,283,283,237,226,234,229,199,197,202,175,173,191,161,154,128,114,115,112,84,100,85,102,86,71,52,62,69,61,61,45,31,42,25,29,21,26,19,18,28,14,15,11,18,11,10,9,7,8,8,6,10,4,6,3,5,2,1,3,0,0,0,2,1,0,1,2,5,1,0,0,0,1,1,1,0,0,0,0,1,0,0,0,1,0,0,0,1,1,1,1,0,0,0,0,1,0,0,0,0,0,0,0,0,0,0,0,0,0,0,0,0,0,0,0,1,0,0,0,0,0
2,0,0,0,1,4,0,0,0,2,3,0,0,0,11,1,6,5,3,6,4,4,4,9,9,8,22,16,27,25,24,31,36,57,46,32,58,63,66,73,81,104,104,75,97,153,151,107,96,116,195,203,198,143,233,183,182,157,232,201,250,251,255,266,288,264,295,273,295,242,244,307,305,302,273,274,285,268,270,270,227,241,237,211,214,236,203,182,208,180,150,188,155,127,126,112,141,108,94,104,94,87,83,73,51,60,38,62,37,34,37,32,29,38,27,26,14,29,13,14,21,14,15,17,9,15,10,8,3,8,0,3,1,3,5,4,5,1,0,3,3,0,0,1,0,0,2,0,2,1,1,0,0,0,1,0,2,0,1,1,1,0,0,1,0,0,0,1,1,0,0,0,0,0,0,0,0,0,0,0,0,0,0,0,0,0,0,0,0,0,0,0,0,0,1,0,0,0,0,0
0,0,0,0,3,0,0,0,0,1,9,0,0,1,14,0,8,3,1,2,7,6,3,10,11,5,11,17,28,30,25,26,21,45,44,33,62,61,65,65,91,79,94,76,107,121,129,102,110,79,192,157,165,162,199,200,194,198,240,231,259,235,285,282,265,286,318,259,302,233,239,288,271,283,261,249,243,282,255,250,247,256,217,236,195,235,193,168,199,168,176,193,132,143,143,109,127,110,124,88,88,75,81,74,52,54,44,36,57,41,32,35,20,31,14,19,15,13,17,9,13,11,8,13,12,5,9,5,7,4,6,9,5,4,4,5,0,3,1,2,0,1,1,1,0,1,3,0,0,1,0,0,0,0,0,0,0,1,1,1,0,2,0,0,0,0,0,1,0,0,0,0,0,0,0,0,0,1,0,0,0,1,0,0,0,0,0,0,0,0,0,0,0,0,0,0,0,0,0,0
3,0,0,0,5,4,0,0,0,2,8,0,0,1,11,2,7,4,2,4,9,4,5,4,5,8,15,17,26,28,20,26,26,56,41,28,54,56,52,75,102,103,104,90,92,148,112,101,107,99,199,165,169,137,197,155,209,149,225,177,224,248,282,221,266,262,293,258,302,266,221,281,257,294,271,229,263,249,244,243,264,220,238,219,197,215,191,185,188,165,169,165,145,119,119,94,107,120,100,90,90,72,70,55,53,44,42,43,42,48,32,40,31,34,18,21,12,20,19,9,3,10,16,9,4,7,6,11,3,8,5,3,4,5,2,2,2,1,0,3,2,0,1,3,1,1,1,2,0,1,0,1,0,0,2,0,0,1,1,0,0,0,0,1,0,0,1,0,0,0,0,1,0,0,0,0,0,0,1,0,0,0,1,0,0,0,0,0,0,0,0,0,0,0,1,0,0,0,0,0
4,0,0,0,2,2,0,0,0,0,10,0,0,1,9,0,6,7,0,1,4,4,2,8,2,8,12,19,26,34,25,23,25,52,38,29,67,59,50,70,70,81,88,77,99,112,129,122,92,99,195,151,177,131,200,177,204,160,234,200,222,247,281,236,251,271,317,265,310,233,223,287,287,245,256,257,225,234,258,226,235,217,230,203,192,187,166,167,175,146,174,144,141,131,77,89,119,122,94,91,86,89,61,57,62,46,49,49,36,40,37,32,29,35,13,23,23,18,12,7,15,22,11,7,9,4,9,5,6,5,6,1,4,2,3,0,1,3,1,0,0,1,1,0,1,2,1,0,1,0,1,2,0,0,1,0,1,0,0,0,1,0,0,0,0,1,0,0,0,0,0,0,0,0,1,0,0,0,1,0,0,0,1,0,0,0,0,0,0,0,0,0,0,0,0,0,0,0,0,0
0,0,0,0,1,5,0,0,0,2,5,0,0,1,9,0,5,1,0,3,6,5,2,9,7,5,13,15,30,36,19,30,33,34,39,31,63,53,65,78,92,88,96,79,97,150,93,94,78,86,182,139,135,142,211,173,194,177,214,197,235,234,263,241,255,230,273,249,287,255,239,271,283,258,233,222,252,246,216,241,213,228,201,186,170,220,173,148,177,168,154,158,128,119,91,110,101,107,94,79,77,79,67,54,64,49,33,43,39,35,26,26,17,23,12,23,20,11,10,12,14,12,13,12,5,5,7,11,5,4,4,4,4,1,1,3,3,3,0,2,1,3,1,0,3,1,1,0,0,0,0,1,0,0,0,0,0,3,0,0,0,0,0,0,0,0,1,0,1,0,0,0,0,0,0,0,0,0,1,0,0,0,0,0,0,0,0,0,0,0,0,0,0,0,0,0,0,0,0,0
1,0,0,0,7,4,0,0,0,3,5,0,0,0,7,0,3,4,0,2,5,9,2,7,5,2,6,18,21,24,22,21,25,38,44,41,61,48,65,67,74,89,92,60,77,124,106,86,88,94,182,160,169,123,170,174,188,140,222,206,220,232,272,235,251,262,280,248,282,238,194,274,270,244,242,216,258,224,217,233,204,212,201,170,199,171,174,173,130,139,154,144,110,111,95,94,119,94,83,71,67,80,59,50,57,47,35,35,38,25,30,25,28,22,18,26,17,21,14,11,12,13,5,15,9,5,4,2,4,5,4,2,2,3,2,6,1,0,0,0,3,2,0,1,0,0,0,0,1,0,0,0,0,0,0,0,0,0,0,0,2,0,0,0,0,0,0,0,0,0,0,0,0,0,1,0,0,0,0,0,0,0,0,0,0,0,0,0,0,0,0,0,0,0,2,0,0,0,0,0
3,0,0,0,2,4,0,0,0,1,6,0,0,1,9,2,7,2,1,2,5,8,3,5,13,7,7,20,23,28,25,32,27,37,41,32,61,49,65,73,97,79,111,69,100,103,103,102,87,72,182,152,165,123,203,176,182,147,197,179,208,228,236,200,254,259,287,231,265,235,202,278,245,236,217,204,207,210,182,203,225,208,216,184,196,191,154,191,159,135,164,117,111,116,114,94,105,94,82,71,73,58,82,52,48,43,44,34,35,22,16,26,23,21,15,20,19,21,4,17,11,11,7,2,8,8,4,5,3,3,2,6,3,0,1,3,2,0,2,0,0,0,2,0,0,1,3,0,0,0,0,0,0,0,0,0,0,1,1,0,1,0,0,0,0,0,0,2,1,1,0,0,0,0,0,0,0,0,0,0,0,1,0,0,0,0,0,0,0,0,0,0,0,0,0,0,0,0,0,0
0,0,0,0,1,4,0,0,0,1,2,0,0,1,11,0,5,2,1,2,10,4,1,10,9,5,10,15,23,28,22,18,21,57,28,22,56,45,62,70,82,78,103,73,81,138,86,98,82,80,172,150,149,129,165,168,161,132,203,176,218,213,209,215,202,234,283,244,281,203,195,219,248,221,236,226,233,199,215,207,196,211,206,179,165,177,136,150,144,134,145,128,114,97,87,65,97,92,86,72,62,86,46,54,48,41,48,45,35,25,24,22,17,32,15,13,14,11,15,6,16,8,10,5,12,10,5,7,4,3,4,3,4,1,1,2,2,0,1,1,1,1,0,0,0,0,1,0,0,0,0,0,0,0,0,0,1,0,0,0,0,0,0,1,0,0,0,0,0,0,0,0,0,0,0,0,0,0,0,0,0,0,0,0,0,0,0,0,0,0,0,0,0,0,2,0,0,0,0,0
0,0,0,0,2,4,0,0,0,4,10,0,0,1,11,0,7,2,1,4,11,4,5,10,14,7,12,16,18,29,24,26,38,55,38,22,65,49,52,71,74,74,93,84,90,120,89,110,83,96,164,144,139,112,137,146,179,167,199,167,236,199,226,190,228,210,269,213,246,207,191,221,282,214,235,196,197,199,254,215,194,169,197,159,148,181,140,151,169,130,131,125,116,93,101,89,91,92,93,69,60,55,60,57,37,37,42,31,28,37,28,23,26,18,15,17,12,12,18,9,10,9,4,4,11,4,3,4,4,5,1,2,2,4,2,2,0,1,0,1,2,2,0,1,0,0,0,0,0,1,0,0,0,1,1,0,0,1,1,0,1,0,0,0,0,0,0,1,0,0,0,0,0,0,0,0,0,0,0,0,0,0,0,0,0,0,0,0,0,0,0,0,0,0,1,0,0,0,0,0
1,0,0,0,3,3,0,0,0,2,5,0,0,0,11,1,2,6,7,0,6,7,3,6,10,9,6,16,20,34,17,24,18,50,34,37,53,56,34,56,75,82,100,86,69,121,91,93,89,83,170,126,133,127,165,152,178,145,180,175,186,187,197,188,188,197,227,215,243,217,196,234,215,210,218,198,172,201,194,186,188,194,179,171,172,172,145,144,138,115,127,122,100,102,75,70,81,89,78,66,57,77,56,54,50,26,36,37,34,31,23,28,17,23,12,20,10,11,15,11,5,6,3,5,5,3,6,2,2,6,2,1,0,5,2,2,4,3,2,2,1,0,0,1,0,0,3,0,0,0,0,0,1,0,0,0,0,0,0,0,0,0,0,0,0,1,0,0,1,0,0,1,0,0,0,0,0,0,0,0,0,0,0,0,0,0,0,0,0,0,0,0,0,0,1,0,0,0,0,0
1,0,0,0,2,3,0,0,0,3,3,0,0,0,10,1,6,4,3,5,4,4,3,12,6,6,9,19,16,30,17,20,23,50,34,21,52,46,52,60,70,79,78,56,73,108,89,75,77,76,150,150,130,126,161,146,168,126,181,172,177,187,244,184,196,217,256,210,231,216,155,244,227,213,211,177,209,193,203,205,189,185,169,169,146,159,113,145,127,108,124,107,94,96,72,72,95,73,73,62,58,57,59,45,49,42,32,20,33,26,19,21,16,19,19,12,18,22,5,14,12,6,10,3,9,6,8,4,5,3,1,3,0,1,2,2,1,2,3,0,4,2,0,0,0,2,1,0,2,0,0,1,0,0,1,0,0,1,0,0,0,0,0,0,0,1,0,0,0,0,0,0,0,1,1,0,0,0,0,0,0,0,0,0,0,0,0,0,0,0,0,0,0,0,0,0,0,0,0,0
0,0,0,0,2,0,0,0,0,0,8,0,0,2,8,0,0,6,2,5,1,1,3,9,8,5,4,13,24,25,27,14,25,46,26,21,28,42,43,55,69,61,87,66,73,112,91,95,78,77,149,145,136,111,147,122,183,137,177,150,197,197,230,187,201,222,215,203,215,182,187,216,215,214,170,185,164,197,201,185,179,192,161,161,150,168,130,134,120,109,121,127,106,78,81,62,81,83,71,56,64,56,54,48,40,39,35,37,28,13,29,20,13,27,18,13,9,18,8,11,11,9,8,2,10,7,5,6,6,4,0,1,3,2,2,2,0,0,0,1,2,0,2,1,1,0,0,1,1,0,1,1,0,0,0,0,0,0,2,0,1,0,0,0,0,0,0,1,0,0,0,0,0,0,1,0,0,1,0,0,0,0,0,0,0,0,0,0,0,0,0,0,0,0,0,0,0,0,0,0
4,0,0,0,3,6,0,0,0,0,4,0,0,1,11,1,8,4,1,5,7,4,5,7,10,7,12,20,31,21,15,17,16,44,30,25,59,37,37,50,74,84,79,60,83,108,72,102,74,76,151,125,136,98,154,151,164,132,178,153,198,173,198,198,190,204,242,211,201,174,192,221,210,175,208,184,183,181,197,157,161,165,173,159,152,161,120,136,143,117,135,118,104,82,67,77,87,65,73,67,54,38,44,39,32,32,36,33,35,40,26,25,18,22,15,12,17,11,13,12,7,11,9,4,4,4,7,2,3,1,1,0,2,2,2,1,1,2,0,1,1,1,0,0,0,0,0,0,0,0,0,0,0,0,1,0,0,1,1,0,0,0,0,0,0,0,0,0,0,0,0,0,0,0,0,0,0,0,0,0,0,0,0,0,0,0,0,0,0,0,0,0,0,0,0,0,0,0,0,0
3,0,0,0,0,1,0,0,0,2,6,0,0,0,5,2,3,4,0,7,3,2,3,6,4,0,11,18,24,25,18,25,25,33,25,35,56,55,52,58,81,69,66,73,92,113,95,81,78,98,157,113,118,121,148,131,139,99,160,141,174,192,185,200,193,181,201,193,219,181,189,188,194,196,203,136,178,193,186,159,163,138,154,127,149,141,104,130,129,108,110,119,87,68,77,77,85,62,62,61,40,37,52,41,43,25,29,30,27,21,23,27,17,20,9,5,8,12,4,4,11,7,5,7,3,2,5,4,6,4,3,4,4,0,2,2,3,0,1,0,0,1,1,1,1,2,1,0,0,0,0,0,0,0,0,0,0,0,0,0,0,0,0,0,0,0,0,0,0,0,0,0,0,0,0,0,0,0,0,0,0,0,0,0,0,0,0,0,0,0,0,0,0,0,1,0,0,0,0,0
3,0,0,0,2,2,0,0,0,3,4,0,0,0,4,2,3,1,1,2,3,2,4,6,7,3,12,12,23,26,21,19,19,32,40,23,32,42,46,51,63,69,72,67,72,117,87,86,78,65,136,133,120,106,146,134,145,103,138,138,160,186,190,173,184,205,212,194,226,174,157,180,199,167,206,159,175,171,196,163,159,179,137,114,161,149,113,120,129,108,110,118,81,81,81,66,77,73,57,57,53,59,36,48,38,29,29,26,23,30,22,11,11,28,17,9,20,15,5,10,5,5,5,5,3,1,5,3,3,1,1,1,1,3,2,0,3,0,2,2,0,3,1,0,0,2,2,0,0,0,0,1,0,0,0,0,0,0,0,0,1,0,0,0,0,1,0,0,0,0,0,0,0,0,1,0,0,0,0,0,0,0,0,0,0,0,0,0,0,0,0,0,0,0,1,0,0,0,0,0
0,0,0,0,0,2,0,0,0,1,2,0,0,1,3,1,2,8,1,2,4,3,3,7,7,4,9,15,20,26,18,30,25,26,25,14,50,44,39,63,70,55,71,72,73,88,68,82,66,65,125,107,118,89,151,135,135,111,186,121,174,194,199,171,171,174,215,178,208,167,143,190,185,178,182,194,173,163,166,177,155,162,170,143,135,142,121,135,106,102,92,89,77,85,82,70,72,65,60,58,53,41,37,50,36,32,26,32,25,22,29,22,22,19,17,10,6,12,4,8,4,11,9,5,4,7,8,2,7,4,1,4,1,1,0,0,0,1,0,0,1,0,0,2,1,0,0,1,0,0,0,0,0,0,0,1,0,1,0,0,0,0,0,0,0,0,0,0,0,0,0,0,0,1,0,0,0,0,0,0,0,0,0,0,0,0,0,0,0,0,0,0,0,0,0,0,0,0,0,0
0,0,0,0,1,7,0,0,0,2,6,0,0,0,6,1,5,3,3,3,3,4,1,5,5,3,8,14,16,21,18,18,19,31,33,28,56,29,43,48,74,60,70,51,73,111,83,71,49,60,132,111,129,96,123,131,142,95,150,133,143,176,200,160,195,185,219,172,176,164,161,183,204,166,147,154,168,187,156,155,170,147,136,153,127,133,117,110,98,100,115,83,88,83,68,57,67,65,51,63,43,40,34,49,33,24,22,25,29,24,21,18,13,8,12,9,17,6,3,6,7,4,6,7,12,1,2,4,0,0,4,3,0,3,0,2,1,2,1,1,0,1,1,2,2,0,0,0,0,0,0,0,0,0,0,0,0,2,1,0,1,0,0,0,0,0,0,0,0,0,0,0,0,0,0,0,0,0,0,0,0,0,0,0,0,0,0,0,0,0,0,0,0,0,0,0,0,0,0,0
2,0,0,0,1,1,0,0,0,0,7,0,0,0,7,0,4,2,1,4,4,2,3,5,4,7,7,13,28,17,12,25,20,32,25,30,39,43,51,47,50,65,49,41,75,91,67,65,53,69,160,108,107,107,140,129,114,105,141,121,166,142,198,145,162,187,172,169,195,163,164,186,198,172,143,157,142,164,144,140,161,140,127,133,142,130,107,96,93,88,109,97,82,56,58,64,73,66,55,50,44,50,42,34,38,26,30,26,28,18,22,13,14,11,11,7,10,6,7,7,7,5,5,2,6,3,1,4,3,0,7,0,1,2,0,1,3,0,1,0,0,0,0,0,0,1,0,0,0,0,0,0,0,0,0,0,0,0,0,0,0,0,0,0,0,0,0,0,0,0,0,0,0,0,0,0,0,0,0,0,0,0,0,0,0,0,0,0,0,0,0,0,0,0,0,0,0,0,0,0
0,0,0,0,1,2,0,0,0,0,2,0,0,0,5,0,7,2,0,6,3,2,1,5,2,4,8,17,15,17,10,22,13,28,30,25,46,49,43,48,45,58,63,68,66,106,83,60,59,72,117,100,102,118,137,129,127,107,151,133,165,163,171,159,161,169,203,171,202,162,141,162,167,167,134,140,135,147,157,162,129,128,116,119,127,109,108,108,102,86,73,90,70,77,68,56,62,44,55,48,50,40,46,38,33,21,24,31,13,20,15,20,8,16,12,14,12,10,8,12,10,4,5,3,7,10,5,2,2,4,4,1,0,0,1,2,2,1,3,1,1,0,1,0,0,0,0,1,0,0,0,0,0,1,0,0,0,0,0,0,1,0,0,0,0,0,0,0,0,0,0,0,0,0,0,0,0,0,0,0,0,0,0,0,0,0,0,0,0,0,0,0,0,0,0,0,0,0,0,0
0,0,0,0,0,4,0,0,0,2,5,0,0,0,7,1,4,0,0,1,5,2,0,7,2,4,4,12,13,17,15,16,15,46,28,20,49,46,48,58,54,55,69,69,63,88,66,65,72,67,133,112,107,82,125,119,128,112,120,116,177,156,196,138,181,149,180,148,201,139,148,186,151,173,158,142,162,152,139,146,160,151,140,112,116,112,102,89,129,89,105,84,93,67,71,53,68,62,56,55,29,32,40,31,29,32,22,21,28,22,15,17,10,15,13,9,12,11,7,6,7,7,5,7,3,3,6,2,4,2,0,2,1,1,1,1,1,0,0,0,0,0,1,0,0,0,0,0,0,1,0,0,0,0,0,0,0,0,0,0,0,0,0,0,0,0,0,0,0,0,0,0,0,0,0,0,0,0,0,0,0,0,0,0,0,0,0,0,0,0,0,0,0,0,1,0,0,0,0,0
0,0,0,0,1,1,0,0,0,0,1,0,0,0,13,1,6,3,1,1,2,1,2,7,6,3,8,12,13,12,9,12,21,35,26,27,48,25,29,43,52,71,60,43,73,91,75,62,79,67,123,100,108,81,122,111,124,99,135,114,175,143,157,133,140,162,178,142,175,150,142,155,157,138,142,140,136,135,146,137,140,133,122,115,104,124,98,100,109,99,86,97,71,80,63,45,65,58,47,54,48,41,27,32,40,24,17,21,28,17,18,15,12,25,13,13,9,9,5,4,4,5,4,3,4,4,0,2,2,0,7,1,2,1,0,2,1,0,0,0,0,0,0,0,0,0,0,0,1,0,0,0,0,0,0,0,0,1,0,0,1,0,0,0,0,0,0,0,0,0,0,0,0,0,1,0,0,0,0,0,0,0,0,0,0,0,0,0,0,0,0,0,0,0,0,0,0,0,0,0
1,0,0,0,0,2,0,0,0,1,4,0,0,1,4,0,4,5,0,1,3,4,3,9,6,8,10,15,15,22,14,24,19,28,30,18,39,42,33,44,50,46,63,50,58,71,78,61,65,54,110,138,96,86,84,108,119,83,151,109,130,142,160,136,113,158,191,151,154,128,132,152,139,150,154,117,133,146,139,128,129,125,110,105,85,116,97,83,83,82,83,66,61,72,70,55,62,56,62,51,34,36,45,33,37,21,21,18,19,23,22,13,17,18,11,7,11,9,8,9,6,3,4,7,4,2,3,4,3,0,3,4,0,0,0,0,0,0,1,1,1,0,0,0,0,1,0,0,0,0,0,1,0,0,0,1,0,0,0,0,0,0,0,0,0,0,0,0,0,0,0,0,0,0,0,0,0,1,0,0,0,0,0,0,0,0,0,0,0,0,0,0,0,0,0,0,0,0,0,0
0,0,0,0,1,3,0,0,0,2,3,0,0,0,6,2,7,5,3,4,4,3,2,8,3,3,5,18,23,13,16,22,14,33,23,18,41,33,30,51,53,45,73,53,61,77,69,72,62,59,124,111,85,91,118,119,107,97,134,116,145,142,150,150,149,134,165,143,157,167,141,165,165,144,133,145,128,141,140,136,113,142,134,106,119,120,80,98,83,75,82,87,62,67,61,37,54,56,52,38,34,39,23,37,29,22,21,23,16,19,15,12,4,18,3,9,5,7,7,6,8,4,6,4,1,2,3,3,3,1,1,2,1,0,0,2,0,0,1,0,2,0,1,1,0,1,0,2,1,0,0,0,0,0,1,0,0,0,1,1,0,0,0,0,0,0,0,0,0,0,0,0,0,0,0,0,0,0,0,0,0,0,0,0,0,0,0,0,0,0,0,0,0,0,0,0,0,0,0,0
2,0,0,0,3,2,0,0,0,3,4,0,0,1,4,1,0,1,0,7,3,3,1,9,5,1,13,12,18,13,9,17,17,23,18,22,41,34,44,50,54,74,45,57,55,82,54,67,59,52,122,99,99,87,110,103,97,98,131,107,146,133,153,164,124,148,152,150,175,136,119,142,154,141,113,148,125,151,140,117,114,115,113,93,94,100,69,77,76,82,82,75,62,51,54,48,49,47,49,45,33,30,41,38,25,36,27,19,13,15,20,21,18,12,13,8,7,8,7,2,6,3,2,4,2,3,3,4,1,4,3,1,1,3,2,0,2,0,0,1,0,1,1,1,0,0,1,0,0,0,0,1,0,0,0,0,0,0,0,0,0,0,0,0,0,0,1,0,0,0,0,1,0,0,0,0,0,0,0,0,0,0,0,0,0,0,0,0,0,0,0,0,0,0,0,0,0,0,0,0
3,0,0,0,2,3,0,0,0,0,3,0,0,1,7,2,3,2,3,2,7,2,1,11,5,3,7,4,15,17,15,17,20,20,25,23,37,34,32,32,58,48,73,52,60,90,61,68,65,66,112,94,90,78,99,103,114,89,98,101,161,143,141,150,135,143,167,151,162,137,127,133,139,154,130,126,139,113,130,119,118,103,100,104,100,97,95,71,66,69,76,76,60,53,45,47,58,42,39,39,39,36,31,32,25,18,26,19,17,15,8,14,10,20,16,4,9,8,5,6,8,2,6,1,3,2,4,5,4,3,1,2,0,2,0,1,1,0,0,2,1,0,0,0,1,0,2,0,1,0,0,0,0,1,0,0,0,0,0,0,0,0,0,0,0,0,0,0,0,0,0,0,0,0,0,0,0,0,0,0,0,0,0,0,0,0,0,0,0,0,0,0,0,0,0,0,0,0,0,0
0,0,0,0,1,0,0,0,0,0,4,0,0,0,9,0,1,0,0,3,4,0,2,10,4,4,6,11,21,14,16,18,21,32,17,15,50,30,30,50,47,52,46,49,48,98,61,54,45,50,125,89,99,64,123,88,110,78,117,104,119,129,115,131,139,143,157,130,128,116,141,134,141,139,117,108,130,126,131,118,109,91,123,103,85,101,77,85,94,64,67,69,61,61,52,55,47,41,37,39,26,39,29,29,22,18,20,14,20,19,16,15,13,10,5,6,5,7,6,8,5,6,4,2,3,4,5,4,2,3,3,1,1,2,0,2,2,0,0,0,2,0,0,0,0,0,0,0,0,0,0,0,0,0,1,0,0,0,0,0,0,0,0,0,0,0,0,0,0,0,0,0,0,0,2,0,0,0,0,0,0,0,0,0,0,0,0,0,0,0,0,0,0,0,0,0,0,0,0,0
1,0,0,0,1,4,0,0,0,2,2,0,0,0,7,1,1,3,0,4,4,2,1,6,1,1,7,15,11,20,6,15,14,28,20,20,29,30,35,36,49,41,46,52,64,81,70,57,49,49,111,93,95,71,103,93,104,85,121,100,125,141,146,146,118,165,149,121,145,132,113,111,134,107,124,103,122,99,114,115,111,105,92,102,78,87,85,78,78,67,64,76,68,52,53,47,54,32,36,44,30,29,29,26,17,15,22,16,19,17,12,18,17,13,10,6,9,6,6,5,5,3,6,2,4,2,3,2,2,2,1,2,1,1,1,0,0,0,0,0,0,0,0,1,1,0,0,0,0,0,0,0,0,0,0,0,0,0,0,0,0,0,0,0,0,0,0,0,0,0,0,0,0,0,0,0,0,0,0,0,0,0,0,0,0,0,0,0,0,0,0,0,0,0,0,0,0,0,0,0
0,0,0,0,1,1,0,0,0,1,2,0,0,1,5,2,2,1,2,0,4,2,3,7,9,4,6,15,10,18,17,13,16,33,18,16,36,24,36,36,50,48,53,38,51,79,56,50,49,58,127,80,105,69,88,105,116,88,115,99,127,108,146,133,137,136,148,114,151,140,115,142,123,117,107,124,111,107,134,120,81,93,95,89,83,106,83,70,72,74,87,67,66,48,56,44,41,47,40,30,28,41,26,32,26,13,15,17,17,12,13,10,13,9,6,9,7,11,4,5,8,8,1,6,3,5,3,3,2,0,0,3,2,1,0,2,1,1,0,0,2,0,0,0,0,0,0,0,0,0,0,0,0,0,0,0,0,0,0,0,0,0,0,0,0,0,0,0,0,0,0,0,0,0,0,0,0,0,0,0,0,0,0,0,0,0,0,0,0,0,0,0,0,0,0,0,0,0,0,0
0,0,0,0,0,1,0,0,0,1,6,0,0,1,7,0,4,3,0,1,2,3,5,5,5,2,2,8,14,19,12,13,15,19,19,22,38,34,41,46,50,32,56,54,51,49,48,62,54,67,100,81,90,72,102,97,100,96,96,98,119,121,137,119,144,125,147,120,120,120,105,139,128,137,149,118,95,109,121,115,103,102,90,95,68,83,73,63,75,66,73,67,59,46,50,40,52,43,39,32,28,26,22,28,21,20,17,16,22,20,14,10,5,23,13,9,4,3,8,5,1,4,2,5,2,3,4,1,2,0,2,1,3,2,1,1,0,1,1,0,1,0,0,0,0,1,0,0,0,0,0,0,0,0,1,0,0,0,0,0,0,0,0,0,0,0,0,0,0,0,0,0,0,0,0,0,0,0,0,0,0,0,0,0,0,0,0,0,0,0,0,0,0,0,0,0,0,0,0,0
0,0,0,0,1,2,0,0,0,0,6,0,0,1,3,0,3,2,0,5,3,3,4,2,4,1,6,8,14,19,14,11,8,20,23,18,26,27,33,50,64,51,55,50,52,65,58,48,41,55,94,83,84,73,104,96,101,76,98,94,119,103,138,128,102,124,120,131,134,97,112,114,121,125,111,109,104,116,99,100,96,94,90,80,68,83,75,69,68,56,67,57,39,66,41,34,47,41,45,42,26,33,20,23,22,23,19,14,12,9,18,12,16,9,6,4,9,5,5,5,7,3,3,5,4,1,3,3,0,1,3,1,2,0,4,1,1,0,0,0,1,1,1,0,0,0,0,0,0,0,0,0,1,0,0,0,0,0,0,0,0,0,0,0,0,0,0,0,0,0,0,0,0,0,0,0,0,0,0,0,0,0,0,0,0,0,0,0,0,0,0,0,0,0,0,0,0,0,0,0
2,0,0,0,1,4,0,0,0,2,4,0,0,0,8,0,2,5,1,0,1,3,1,4,5,5,5,10,9,15,16,9,13,27,20,14,20,31,26,39,55,50,52,46,39,55,40,64,48,48,103,71,84,76,86,83,91,72,108,83,111,109,135,117,107,119,146,103,115,118,114,134,98,108,119,90,76,97,105,107,117,85,97,81,77,86,62,72,78,58,73,48,46,52,32,30,46,38,30,33,31,24,33,24,12,10,24,10,12,10,16,11,11,16,7,8,5,4,8,7,5,4,5,5,5,0,3,0,1,0,0,3,0,1,2,1,1,0,0,0,0,0,0,0,0,0,0,0,0,0,0,0,1,0,0,0,0,1,0,0,0,0,0,0,0,0,0,0,0,0,0,0,0,0,0,0,0,0,0,0,0,0,0,0,0,0,0,0,0,0,0,0,0,0,0,0,0,0,0,0
1,0,0,0,2,3,0,0,0,1,2,0,0,0,2,0,5,3,0,2,4,5,1,5,5,1,3,9,10,5,8,15,18,21,23,16,39,35,22,35,37,44,62,46,51,54,45,33,38,51,95,79,82,66,85,82,94,92,104,88,105,120,133,104,96,104,145,132,154,112,85,147,108,110,97,92,104,94,102,103,110,82,78,79,57,68,64,76,55,49,54,64,48,50,54,38,35,25,42,40,32,27,21,16,19,14,8,21,9,8,6,10,5,12,4,7,7,10,3,6,5,4,4,6,8,2,4,1,2,3,2,0,0,1,1,0,1,0,0,1,0,0,0,0,2,0,1,0,0,0,0,1,0,0,0,0,0,0,0,0,0,0,0,0,0,0,0,0,1,0,0,0,0,0,0,0,0,0,0,0,0,0,0,0,0,0,0,0,0,0,0,0,0,0,0,0,0,0,0,0
0,0,0,0,0,3,0,0,0,0,6,0,0,1,1,0,3,0,0,0,4,2,4,3,4,2,4,7,13,20,12,13,14,25,19,15,25,27,30,43,48,44,45,44,45,53,44,45,40,46,95,63,58,72,111,71,98,80,113,86,115,105,117,113,117,122,128,113,132,106,84,112,99,96,105,78,84,100,102,97,99,90,77,77,67,69,43,67,75,61,53,45,41,45,31,35,38,38,39,25,26,37,20,25,18,16,17,19,8,7,9,10,8,11,10,4,4,1,5,3,3,6,3,4,2,2,3,0,1,0,0,0,2,0,2,1,0,0,0,0,0,0,0,1,1,0,0,0,0,0,0,1,0,0,1,1,0,0,0,0,0,1,0,0,0,0,0,0,0,0,0,0,0,0,0,0,0,0,0,0,0,0,0,0,0,0,0,0,0,0,0,0,0,0,0,0,0,0,0,0
1,0,0,0,0,0,0,0,0,0,1,0,0,2,6,0,1,1,1,0,4,5,1,2,8,1,8,11,17,17,15,11,12,16,19,19,28,28,25,44,44,58,48,36,42,51,63,41,45,49,81,80,65,63,89,77,83,87,95,87,92,107,144,90,89,103,124,106,130,98,88,123,116,119,97,99,108,105,108,92,92,94,92,56,76,82,53,56,64,71,71,55,39,51,48,32,31,35,32,32,24,22,24,23,16,14,17,12,7,13,10,7,10,12,10,6,5,5,5,5,1,3,4,2,3,2,1,1,3,1,0,2,1,0,1,1,2,0,0,0,0,0,0,0,0,1,0,0,0,0,0,0,0,0,0,0,0,0,0,0,0,0,0,0,0,0,0,0,0,0,0,0,0,0,0,0,0,0,0,0,0,0,0,0,0,0,0,0,0,0,0,0,0,0,0,0,0,0,0,0
0,0,0,0,0,0,0,0,0,1,3,0,0,0,6,0,2,4,0,0,3,1,1,6,7,4,2,11,13,10,11,13,11,28,18,16,36,25,30,27,40,43,56,39,42,39,53,43,43,34,68,70,66,74,86,79,90,64,87,99,104,102,104,85,91,122,112,118,88,96,77,111,105,123,91,89,87,87,89,81,82,84,63,72,69,85,61,41,70,62,55,39,38,32,46,29,39,37,29,28,27,20,15,20,23,14,11,9,10,13,9,4,13,8,5,9,6,7,3,1,8,4,6,0,0,3,0,3,1,1,1,1,2,0,0,0,0,0,1,0,0,1,0,0,0,0,0,0,1,0,0,0,0,0,0,0,1,0,0,0,0,0,0,0,0,0,0,0,0,0,0,0,0,0,0,0,0,0,0,0,0,0,0,0,0,0,0,0,0,0,0,0,0,0,0,0,0,0,0,0
2,0,0,0,3,2,0,0,0,1,0,0,0,0,9,0,1,3,2,0,1,2,0,4,4,2,4,7,13,19,12,10,12,26,13,20,23,31,21,34,46,46,38,40,39,74,29,42,38,32,100,80,86,75,88,88,84,58,94,74,102,82,90,93,105,101,108,100,107,101,97,95,101,98,83,73,81,103,106,81,75,81,66,74,75,78,69,53,56,51,60,56,40,44,51,24,25,31,28,39,16,17,19,16,17,21,14,14,13,7,9,7,7,5,6,8,6,7,6,2,3,3,0,2,3,3,3,1,0,0,2,0,1,0,0,2,0,0,0,0,1,0,0,0,0,0,0,0,0,0,0,0,1,0,0,0,0,0,0,0,0,0,0,0,0,0,0,0,0,0,0,0,0,0,0,0,0,0,0,0,0,0,0,0,0,0,0,0,0,0,0,0,0,0,0,0,0,0,0,0
0,0,0,0,3,4,0,0,0,1,1,0,0,0,8,1,3,2,0,1,3,5,1,2,3,2,7,8,5,15,12,8,10,19,16,17,28,22,33,47,41,57,33,26,37,63,46,38,54,39,63,66,56,46,74,89,85,38,100,56,105,98,100,119,94,104,101,103,106,105,97,91,106,78,115,81,92,87,87,87,78,89,77,63,67,62,64,60,56,35,58,62,50,38,34,37,33,26,34,26,24,23,23,20,15,11,10,14,19,15,13,8,8,11,4,5,4,8,3,3,0,2,0,2,2,3,0,0,1,0,1,0,0,1,0,0,0,0,0,0,0,0,1,0,0,0,0,0,1,0,0,0,1,0,0,0,0,0,0,0,0,0,0,0,0,0,0,0,0,0,0,0,0,0,0,0,0,0,0,0,0,0,0,0,0,0,0,0,0,0,0,0,0,0,0,0,0,0,0,0
0,0,0,0,2,3,0,0,0,2,3,0,0,0,3,0,1,2,1,0,3,1,6,5,3,3,6,6,17,15,10,10,11,14,12,7,30,19,32,43,37,40,47,39,38,56,43,35,44,37,90,72,70,57,77,78,86,62,83,78,101,106,108,93,84,93,123,105,88,91,66,83,108,113,83,83,84,105,77,94,87,69,78,80,68,78,52,55,59,56,55,43,49,34,35,37,39,24,31,32,21,29,18,20,15,15,14,11,6,5,7,11,5,3,7,3,6,6,0,2,0,3,5,2,3,3,1,1,2,1,1,1,1,0,1,2,0,0,1,0,0,0,0,0,0,1,0,0,0,0,0,0,0,0,1,0,0,0,0,0,0,0,0,0,0,0,0,0,0,0,0,0,0,0,1,0,0,0,0,0,0,0,0,0,0,0,0,0,0,0,0,0,0,0,0,0,0,0,0,0
0,0,0,0,2,0,0,0,0,2,4,0,0,0,2,0,1,2,0,2,2,2,0,1,4,4,3,10,13,11,7,12,8,22,10,14,30,28,36,23,42,26,45,30,41,68,47,39,38,42,71,57,66,61,67,75,85,65,97,60,77,87,115,90,88,99,85,76,104,67,87,87,97,95,99,74,64,81,90,80,75,65,58,65,63,63,55,61,55,41,46,44,40,31,31,31,30,34,32,25,14,18,18,31,14,15,5,9,9,11,11,12,11,3,5,6,6,8,4,5,5,5,5,2,1,1,1,0,1,0,1,1,1,0,1,0,0,0,0,0,0,0,0,0,0,0,0,0,0,0,0,0,0,0,0,0,0,0,0,0,1,0,0,0,0,0,0,0,0,0,0,0,0,0,0,0,0,0,0,0,0,0,0,0,0,0,0,0,0,0,0,0,0,0,0,0,0,0,0,0
0,0,0,0,0,4,0,0,0,0,4,0,0,0,5,2,5,2,1,0,5,4,0,4,3,3,9,7,13,17,4,7,19,16,17,9,21,29,28,35,38,32,33,32,35,52,36,28,27,25,70,69,58,50,87,78,73,66,92,62,91,81,93,83,89,99,100,104,99,87,74,101,94,77,65,74,69,87,73,60,71,78,63,65,74,59,63,48,62,56,37,45,36,38,26,25,26,22,19,17,31,20,17,18,10,14,14,15,11,9,5,7,7,9,4,9,2,3,4,5,2,5,3,2,4,2,1,2,2,1,2,4,1,1,1,1,1,0,0,0,1,0,1,1,0,0,0,0,0,0,0,0,0,0,0,0,0,0,0,0,0,0,0,0,0,0,0,0,0,0,0,0,0,0,0,0,0,0,0,0,0,0,0,0,0,0,0,0,0,0,0,0,0,0,0,0,0,0,0,0
0,0,0,0,0,1,0,0,0,1,3,0,0,0,3,1,2,4,0,2,5,0,1,3,1,4,6,7,8,12,5,14,11,20,10,8,24,21,26,33,37,40,36,26,47,40,47,40,25,38,74,44,50,50,68,70,89,43,82,61,73,88,87,88,90,89,111,77,97,82,85,100,95,82,86,68,85,73,84,72,72,60,67,54,56,65,52,37,58,40,40,53,30,37,21,24,36,27,19,33,19,25,12,17,22,17,12,11,9,13,8,7,15,8,2,4,1,4,2,4,2,4,3,2,5,3,1,2,2,0,0,1,0,1,1,1,0,0,0,0,0,0,0,1,0,0,0,0,0,0,0,0,0,0,0,0,0,0,0,0,0,0,0,0,0,0,0,0,0,0,0,0,0,0,0,0,0,0,0,0,0,0,0,0,0,0,0,0,0,0,0,0,0,0,0,0,0,0,0,0
1,0,0,0,0,1,0,0,0,0,4,0,0,0,3,0,1,2,0,1,3,2,0,9,3,2,3,6,12,14,10,7,14,27,16,13,23,9,21,33,45,29,46,28,43,56,32,39,30,35,69,52,54,62,74,71,65,61,85,85,95,82,104,84,82,89,99,80,82,75,70,78,75,68,56,75,95,81,68,72,63,70,65,59,51,51,47,48,43,46,43,49,37,21,29,25,30,28,28,24,18,20,16,15,15,11,6,13,11,12,10,9,6,6,6,2,5,1,5,5,5,4,2,2,6,0,1,1,0,0,3,0,0,1,2,1,1,0,0,0,0,0,0,0,0,1,0,0,0,0,0,0,0,0,0,0,0,0,0,0,0,0,0,0,0,0,0,0,0,0,0,0,0,0,0,0,0,0,0,0,0,0,0,0,0,0,0,0,0,0,0,0,0,0,0,0,0,0,0,0
1,0,0,0,0,0,0,0,0,0,3,0,0,1,9,1,2,4,0,3,2,2,0,5,1,2,11,5,16,8,9,10,8,15,15,9,35,24,27,37,28,36,28,36,33,47,39,29,47,40,71,59,56,58,70,77,63,55,76,60,90,76,101,93,93,73,82,81,115,83,75,87,76,91,87,63,78,75,83,66,61,42,62,58,62,55,49,50,53,42,52,47,33,25,22,22,25,21,27,20,19,21,14,16,15,11,17,8,9,11,6,10,6,4,4,0,4,0,2,6,4,2,2,2,2,4,1,2,0,0,0,0,0,2,0,1,0,2,0,0,1,1,0,0,0,0,0,1,0,0,0,0,0,0,0,0,0,0,0,0,0,0,0,0,0,0,0,0,0,0,0,0,0,0,0,0,0,0,0,0,0,0,0,0,0,0,0,0,0,0,0,0,0,0,0,0,0,0,0,0
1,0,0,0,1,2,0,0,0,0,8,0,0,0,4,0,2,2,1,0,2,5,1,4,4,3,4,5,8,14,6,10,5,20,12,6,20,14,25,25,36,27,41,27,32,50,46,38,30,32,77,52,56,49,64,62,71,54,69,57,76,78,98,78,89,83,82,72,92,52,73,80,82,83,82,67,65,65,70,56,59,59,61,62,47,59,39,51,33,38,35,35,31,41,35,28,29,19,27,16,18,18,22,21,15,12,8,10,7,7,4,8,4,9,6,2,6,5,1,1,1,4,0,1,3,0,1,1,0,2,0,0,1,0,1,1,0,3,0,0,1,0,0,0,0,0,0,0,0,0,0,0,0,0,0,0,0,1,0,0,0,0,0,0,0,0,0,0,0,0,0,0,0,0,0,0,0,0,0,0,0,0,0,0,0,0,0,0,0,0,0,0,0,0,0,0,0,0,0,0
0,0,0,0,0,1,0,0,0,0,5,0,0,0,2,0,1,2,1,0,3,0,2,12,6,3,4,7,13,12,9,11,8,18,17,13,29,17,28,21,32,33,47,20,37,46,36,38,29,43,64,50,41,42,66,68,71,50,68,57,54,70,96,72,79,107,102,95,81,71,80,88,74,97,61,57,65,68,71,67,59,59,49,61,50,47,46,35,43,38,35,39,36,24,23,20,28,22,22,23,20,13,26,14,7,9,11,9,14,8,6,1,8,5,4,1,2,5,2,1,1,2,3,1,2,3,0,1,0,1,2,0,0,1,0,0,1,1,0,1,0,1,0,0,0,0,0,0,0,0,0,0,0,0,0,0,0,0,0,0,0,0,0,0,0,0,0,0,0,0,0,0,0,0,0,0,0,0,0,0,0,0,0,0,0,0,0,0,0,0,0,0,0,0,0,0,0,0,0,0
0,0,0,0,2,1,0,0,0,0,2,0,0,0,6,1,1,1,1,0,2,2,1,5,2,3,3,5,7,13,4,6,10,21,12,9,15,21,18,22,35,36,30,35,52,42,36,25,35,30,61,49,61,42,65,46,76,57,63,68,80,79,70,83,60,83,84,61,87,64,75,82,81,86,75,73,60,63,65,68,72,44,50,41,46,52,42,42,39,44,37,38,23,24,29,8,30,24,30,24,11,15,20,9,10,9,13,20,10,4,7,7,8,6,2,3,1,5,4,3,4,2,1,0,2,1,1,0,0,1,2,0,0,2,0,0,0,0,0,0,0,0,0,1,0,0,0,0,0,0,0,0,0,0,0,0,0,0,0,0,0,0,0,0,0,0,0,0,0,0,0,0,0,0,0,0,0,0,0,0,0,0,0,0,0,0,0,0,0,0,0,0,0,0,0,0,0,0,0,0
1,0,0,0,1,1,0,0,0,1,3,0,0,0,6,0,4,1,0,1,3,2,2,2,7,1,1,3,6,13,5,15,16,22,13,9,20,30,19,18,29,43,35,32,39,41,36,26,27,33,63,57,51,39,42,57,62,56,46,66,60,75,97,79,62,78,65,73,80,62,73,72,72,69,64,73,60,60,64,58,49,56,50,52,45,51,52,33,31,40,38,36,37,29,24,24,19,16,16,13,12,10,15,13,12,12,14,8,10,8,7,9,6,6,8,1,2,3,3,6,2,3,1,2,4,4,1,0,2,1,1,0,1,0,0,0,0,0,0,0,0,0,0,0,0,0,0,0,0,0,0,1,0,0,0,0,0,0,0,0,0,0,0,0,0,0,0,0,0,0,0,0,0,0,0,0,0,0,0,0,0,0,0,0,0,0,0,0,0,0,0,0,0,0,0,0,0,0,0,0
2,0,0,0,0,5,0,0,0,0,2,0,0,0,3,0,0,3,0,0,0,1,0,3,3,4,2,4,11,13,7,11,8,19,15,12,24,11,19,30,26,32,44,23,32,41,34,21,33,17,58,43,55,36,49,62,55,46,90,57,71,66,73,63,60,70,95,69,74,61,79,74,74,92,62,62,61,46,67,58,57,64,51,53,35,46,43,32,42,32,59,35,24,26,26,20,19,18,22,19,12,16,14,11,8,10,8,8,6,3,9,8,9,4,1,5,1,6,3,5,4,2,1,1,2,1,1,2,0,0,1,0,0,0,1,0,0,0,0,1,0,0,0,0,0,0,1,0,0,0,0,0,0,0,0,0,0,0,0,0,0,0,0,0,0,0,0,0,0,0,0,0,0,0,0,0,0,0,0,0,0,0,0,0,0,0,0,0,0,0,0,0,0,0,0,0,0,0,0,0
2,0,0,0,2,0,0,0,0,1,1,0,0,2,6,0,3,2,1,1,1,2,1,1,0,1,4,10,12,11,4,8,7,22,12,11,26,22,18,20,22,25,27,35,37,45,41,32,34,32,60,56,50,44,65,52,64,53,72,51,61,78,60,69,61,75,70,63,67,57,57,91,89,65,71,50,49,57,63,48,47,56,50,54,54,43,40,30,40,30,35,34,24,21,23,11,24,26,17,17,19,12,16,12,5,11,11,10,7,8,6,8,6,6,3,0,2,2,2,4,7,0,1,3,1,0,1,3,0,0,1,1,0,0,0,1,0,0,0,0,0,0,0,0,0,0,1,0,0,0,1,0,0,0,0,0,0,1,0,0,0,0,0,0,0,0,0,0,0,0,0,0,0,0,0,0,0,0,0,0,0,0,0,0,0,0,0,0,0,0,0,0,0,0,0,0,0,0,0,0
1,0,0,0,1,1,0,0,0,2,4,0,0,0,1,0,1,3,0,0,0,0,1,3,2,2,4,5,12,6,4,6,6,24,13,19,21,16,14,19,22,27,28,33,26,39,42,39,33,31,63,59,52,31,55,41,52,45,68,56,65,72,65,72,65,80,71,67,74,60,77,54,64,61,54,63,54,56,51,58,56,49,52,46,40,49,33,36,37,47,33,28,35,30,26,14,19,15,18,14,16,8,10,11,7,14,6,9,7,7,7,7,4,7,2,4,4,1,2,8,3,0,1,1,2,0,0,0,0,1,2,0,1,0,0,0,0,0,0,0,0,1,0,0,1,1,1,0,0,0,0,0,0,0,0,0,0,1,0,0,0,0,0,0,0,0,0,0,0,0,0,0,0,0,0,0,0,0,0,0,0,0,0,0,0,0,0,0,0,0,0,0,0,0,0,0,0,0,0,0
0,0,0,0,0,1,0,0,0,1,3,0,0,0,4,0,1,0,1,1,1,2,1,4,5,2,6,2,10,8,9,5,9,14,14,12,27,16,12,24,23,25,24,20,41,47,25,26,33,27,64,40,53,33,70,45,70,48,48,40,68,66,62,64,46,65,81,71,71,73,61,69,65,53,31,70,58,42,48,52,41,56,52,41,34,43,39,26,40,39,26,31,27,31,21,13,22,21,19,17,10,17,13,5,6,9,4,11,7,10,3,8,4,5,4,6,3,2,1,5,4,1,3,1,2,1,0,1,2,0,0,0,0,0,0,0,0,0,0,0,0,0,0,0,0,0,0,0,0,0,1,0,0,0,0,0,0,0,0,0,0,0,0,0,0,0,0,0,0,0,0,0,0,0,0,0,0,0,0,0,0,0,0,0,0,0,0,0,0,0,0,0,0,0,0,0,0,0,0,0
0,0,0,0,0,1,0,0,0,0,2,0,0,0,5,1,0,2,0,0,0,1,2,2,2,2,2,6,8,10,4,5,9,3,10,9,21,21,16,18,27,30,37,27,38,44,22,17,24,23,46,48,42,44,42,44,48,34,58,52,61,68,61,57,56,61,57,78,68,49,55,69,78,69,61,57,48,59,53,48,43,46,47,42,44,45,21,31,40,32,24,23,35,17,18,17,20,25,27,11,8,15,10,15,7,9,4,7,5,5,12,5,3,5,3,4,4,3,2,3,0,1,1,0,1,1,2,1,0,0,2,1,2,0,0,1,0,0,0,0,0,0,0,0,0,0,0,0,0,0,0,0,0,0,0,0,0,0,0,0,0,0,0,0,0,0,0,0,0,0,0,0,0,0,0,0,0,0,0,0,0,0,0,0,0,0,0,0,0,0,0,0,0,0,0,0,0,0,0,0
1,0,0,0,0,2,0,0,0,1,4,0,0,1,5,1,3,2,0,0,3,4,0,4,4,3,4,6,5,9,13,8,8,24,13,12,22,21,17,27,20,21,32,24,33,37,29,20,31,21,57,42,46,49,42,54,38,43,48,44,64,76,62,58,62,67,66,72,71,50,61,60,57,82,55,46,33,42,49,54,41,57,47,36,37,40,40,28,29,42,22,27,23,22,20,21,19,16,13,22,16,9,13,15,6,7,11,5,4,7,5,5,1,7,2,2,3,9,6,1,2,2,2,3,1,1,1,0,2,0,2,0,0,0,0,0,0,0,0,0,1,0,0,0,0,0,0,1,0,0,0,0,0,0,0,0,0,1,0,0,0,0,0,0,0,0,0,0,0,0,0,0,0,0,0,0,0,0,0,0,0,0,0,0,0,0,0,0,0,0,0,0,0,0,0,0,0,0,0,0
0,0,0,0,0,1,0,0,0,1,2,0,0,1,3,0,3,3,0,0,3,5,1,4,1,2,1,3,3,7,5,7,7,20,11,9,20,12,21,20,25,23,23,26,19,40,35,26,28,30,54,47,41,42,47,53,49,43,54,52,59,63,78,52,55,53,55,41,70,62,47,57,68,58,47,48,62,51,40,46,51,50,56,39,47,35,31,25,41,34,29,19,25,33,18,17,16,22,18,15,17,6,15,15,9,7,10,5,6,8,6,4,4,3,5,1,4,3,2,0,3,2,2,1,0,1,0,3,0,1,0,1,1,1,1,1,0,0,0,0,0,0,0,0,1,0,0,0,0,0,0,0,0,0,0,0,0,0,0,0,0,0,0,0,0,0,0,0,0,0,0,0,0,0,0,0,0,0,0,0,0,0,0,0,0,0,0,0,0,0,0,0,0,0,0,0,0,0,0,0
0,0,0,0,0,3,0,0,0,0,2,0,0,0,6,1,1,1,0,0,1,1,1,3,3,0,3,6,3,13,7,5,4,18,8,4,11,20,13,21,30,22,38,30,18,26,32,25,34,36,50,34,45,30,51,46,59,28,65,44,46,64,60,74,56,61,64,55,61,39,49,51,60,63,56,52,54,47,46,54,37,43,39,36,30,36,30,33,24,33,31,27,21,23,21,16,17,22,18,13,18,7,9,6,8,5,11,2,9,7,9,2,3,2,7,6,1,4,1,1,2,2,3,0,4,0,0,0,2,1,0,0,0,0,1,0,1,0,0,0,0,0,0,0,0,0,0,0,0,0,0,0,0,0,0,0,1,0,0,0,0,0,0,0,0,0,0,0,0,0,0,0,0,0,0,0,0,0,0,0,0,0,0,0,0,0,0,0,0,0,0,0,0,0,0,0,0,0,0,0
0,0,0,0,0,3,0,0,0,1,4,0,0,0,2,0,1,1,1,2,1,0,0,5,1,0,4,9,7,11,9,3,13,14,9,6,21,16,21,16,21,20,23,16,21,35,31,23,22,25,46,34,44,29,48,61,40,43,49,42,56,57,57,63,46,58,66,48,67,57,52,55,44,42,54,45,43,42,51,47,33,57,39,29,33,39,31,32,28,21,28,32,18,22,19,15,13,12,13,13,17,15,8,7,14,6,3,4,0,4,5,3,9,4,3,2,4,2,1,1,0,1,1,0,0,0,1,0,1,0,2,0,0,0,0,0,0,0,0,0,0,0,0,0,0,0,0,0,0,0,0,0,0,0,0,0,0,0,0,0,0,0,0,0,0,0,0,0,0,0,0,0,0,0,0,0,0,0,0,0,0,0,0,0,0,0,0,0,0,0,0,0,0,0,0,0,0,0,0,0
0,0,0,0,0,2,0,0,0,2,4,0,0,0,0,0,4,1,2,0,2,1,2,4,6,2,1,2,12,10,6,12,9,21,5,8,11,13,13,18,26,17,29,16,26,34,23,23,24,32,47,44,39,36,50,43,52,33,54,31,70,60,51,45,54,47,70,65,63,52,45,32,49,53,47,47,45,42,38,59,28,32,51,41,31,26,27,36,26,27,27,36,24,19,26,14,16,12,18,9,13,13,11,8,6,4,11,3,7,6,3,2,5,5,7,1,1,4,5,2,1,2,1,0,0,1,0,1,0,1,1,1,0,0,0,0,0,0,0,0,0,0,0,0,0,0,0,0,0,0,0,0,0,0,0,0,0,0,1,0,0,0,0,0,0,0,0,0,0,0,0,0,0,0,0,0,0,0,0,0,0,0,0,0,0,0,0,0,0,0,0,0,0,0,0,0,0,0,0,0
0,0,0,0,3,1,0,0,0,0,4,0,0,0,3,0,2,0,0,0,0,0,0,3,6,1,2,5,10,7,8,7,1,19,11,9,12,11,12,26,24,13,25,28,16,46,28,35,28,20,47,51,39,28,39,44,55,34,54,49,48,66,64,67,49,54,58,50,59,48,55,44,45,47,47,48,44,44,57,49,42,42,32,24,27,36,25,27,22,16,30,13,20,33,15,15,15,30,18,18,13,18,2,6,5,8,5,8,6,5,4,6,5,4,4,5,2,2,4,2,1,1,2,1,2,2,1,1,1,0,0,1,1,0,0,0,0,0,0,0,0,0,0,0,0,0,0,0,0,0,0,0,0,0,0,0,0,0,0,0,0,0,0,0,0,0,0,0,0,0,0,0,0,0,0,0,0,0,0,0,0,0,0,0,0,0,0,0,0,0,0,0,0,0,0,0,0,0,0,0
1,0,0,0,0,1,0,0,0,2,1,0,0,0,1,1,3,2,1,0,1,1,0,2,3,0,4,4,8,4,3,6,10,13,9,5,24,11,9,20,30,22,22,21,32,30,33,17,22,28,40,44,34,36,44,36,41,35,51,45,52,60,67,53,50,52,59,57,58,48,41,46,55,43,39,41,30,53,39,52,38,22,33,31,29,28,25,30,24,26,23,22,14,20,15,12,25,20,20,9,4,9,10,14,8,6,9,6,9,2,3,4,4,6,1,2,1,1,1,3,2,2,0,1,1,1,0,0,2,2,1,0,1,0,0,0,0,0,0,0,0,0,0,1,1,0,0,0,0,0,0,0,0,0,0,0,0,0,0,0,0,0,0,0,0,0,0,0,0,0,0,0,0,0,0,0,0,0,0,0,0,0,0,0,0,0,0,0,0,0,0,0,0,0,0,0,0,0,0,0
1,0,0,0,0,0,0,0,0,0,2,0,0,0,5,0,2,2,1,0,1,1,0,3,1,1,4,7,4,6,1,6,4,15,10,12,20,8,13,19,23,24,30,22,23,31,28,26,18,16,38,34,36,23,41,42,50,39,47,36,47,48,59,48,50,53,68,74,49,38,41,50,56,45,49,37,35,36,54,33,50,39,40,40,28,42,22,29,35,24,22,23,17,17,28,8,15,9,10,10,10,9,6,7,4,5,5,5,5,5,4,5,2,8,1,4,2,2,2,3,2,1,1,1,1,1,0,2,1,0,0,1,0,0,0,0,0,0,0,0,1,0,1,0,0,0,1,0,0,0,0,0,1,0,0,0,0,0,0,0,0,0,0,0,0,0,0,0,0,0,0,0,0,0,0,0,0,0,0,0,0,0,0,0,0,0,0,0,0,0,0,0,0,0,0,0,0,0,0,0
2,0,0,0,0,1,0,0,0,2,2,0,0,1,5,0,2,1,1,1,1,1,2,3,1,0,3,4,4,3,7,7,3,12,7,11,10,13,21,18,28,32,18,22,21,35,21,23,23,29,41,46,29,29,34,31,38,21,47,41,53,51,43,51,40,39,57,51,58,46,47,45,55,47,35,42,29,46,44,36,32,43,30,28,36,34,21,31,28,24,28,19,12,21,12,13,12,14,14,11,5,16,14,7,3,7,3,7,5,6,6,2,4,1,3,5,3,4,1,1,1,1,2,0,1,1,0,0,1,0,1,0,0,0,0,0,0,0,0,0,0,0,1,0,0,0,0,0,0,0,0,0,0,0,0,0,0,0,0,0,0,0,0,0,0,0,0,0,0,0,0,0,0,0,0,0,0,0,0,0,0,0,0,0,0,0,0,0,0,0,0,0,0,0,0,0,0,0,0,0
0,0,0,0,2,0,0,0,0,1,3,0,0,0,2,1,2,4,0,0,2,0,0,2,3,1,0,6,7,13,6,5,7,15,8,13,11,16,18,18,14,26,23,16,20,22,19,18,22,22,32,44,33,22,39,39,40,30,54,30,33,44,57,32,42,51,52,33,50,42,37,56,45,49,46,38,42,36,38,37,34,25,26,25,30,27,22,19,28,22,21,18,28,15,24,14,15,10,13,10,7,8,10,6,14,7,6,1,4,3,3,7,3,3,6,2,0,1,2,3,0,1,2,1,1,2,0,0,2,1,1,0,0,0,0,0,0,0,0,0,0,0,0,0,0,0,0,0,0,0,0,0,1,0,0,0,0,0,0,0,0,0,0,0,0,0,0,0,0,0,0,0,0,0,0,0,0,0,0,0,0,0,0,0,0,0,0,0,0,0,0,0,0,0,0,0,0,0,0,0
1,0,0,0,1,0,0,0,0,0,2,0,0,0,2,0,4,1,0,0,1,0,0,0,1,2,0,3,4,9,4,12,8,13,9,10,11,14,12,13,18,14,22,17,28,26,28,24,18,32,39,34,28,35,38,40,37,27,50,43,48,41,52,43,40,51,67,52,44,49,51,33,46,39,39,48,38,45,46,30,31,31,26,36,30,32,31,24,16,13,15,7,24,12,13,14,11,13,15,11,12,7,11,4,8,5,6,5,7,3,3,4,6,1,4,0,2,1,0,2,0,0,1,3,1,0,1,0,4,0,1,1,0,0,0,0,0,0,0,0,0,0,0,0,0,0,0,0,0,0,0,0,0,0,0,0,0,0,0,0,0,0,0,0,0,0,0,0,0,0,0,0,0,0,0,0,0,0,0,0,0,0,0,0,0,0,0,0,0,0,0,0,0,0,0,0,0,0,0,0
0,0,0,0,0,1,0,0,0,0,1,0,0,0,0,0,2,0,0,0,0,1,2,5,2,1,4,3,7,9,7,5,5,4,9,6,12,7,9,15,18,14,35,18,23,26,28,28,23,23,36,35,29,32,37,23,34,29,39,30,40,50,49,35,49,52,50,51,40,32,38,47,45,43,34,41,34,43,39,42,29,42,27,36,26,26,27,25,21,17,20,19,18,18,11,12,19,13,9,10,6,6,5,5,8,6,6,2,3,4,3,6,2,1,1,1,1,0,0,0,0,2,1,0,2,0,3,0,0,1,0,0,1,0,0,0,0,0,0,0,0,0,1,0,0,0,0,0,0,0,0,0,0,1,0,0,0,0,0,0,0,0,0,0,0,0,0,0,0,0,0,0,0,0,0,0,0,0,0,0,0,0,0,0,0,0,0,0,0,0,0,0,0,0,0,0,0,0,0,0
0,0,0,0,0,0,0,0,0,2,1,0,0,0,2,0,1,0,0,1,0,3,1,2,0,1,3,5,5,8,5,5,6,14,5,8,13,6,20,19,18,15,18,21,21,17,19,28,20,20,49,33,25,31,37,35,27,27,49,36,30,41,49,40,43,56,49,34,43,33,33,57,37,29,33,38,35,36,27,26,35,33,30,24,23,23,30,19,19,18,17,19,15,18,16,14,10,9,13,10,5,8,6,6,11,8,4,9,7,5,0,3,3,5,2,4,2,1,2,2,2,2,0,0,1,0,0,1,0,1,0,1,0,2,0,0,0,0,1,0,0,0,0,0,0,0,0,0,0,0,0,0,0,0,0,0,0,0,0,0,0,0,0,0,0,0,0,0,0,0,0,0,0,0,0,0,0,0,0,0,0,0,0,0,0,0,0,0,0,0,0,0,0,0,0,0,0,0,0,0
0,0,0,0,0,1,0,0,0,0,2,0,0,0,1,0,3,0,0,0,1,2,1,0,1,0,3,5,3,6,6,10,9,16,9,6,12,9,11,22,17,15,23,11,17,14,17,20,18,18,35,24,26,29,27,43,44,29,43,32,55,49,52,42,52,33,43,38,40,38,38,40,41,34,36,41,30,24,32,21,41,25,34,36,28,34,23,24,22,19,20,25,17,19,11,10,14,8,10,7,10,11,6,9,5,5,8,4,4,6,0,5,6,0,2,3,3,2,0,0,1,1,0,2,0,1,0,0,0,0,0,0,0,0,1,0,0,0,0,1,0,0,0,0,0,0,0,0,0,0,1,0,0,0,0,0,0,0,0,0,0,0,0,0,0,0,0,0,0,0,0,0,0,0,0,0,0,0,0,0,0,0,0,0,0,0,0,0,0,0,0,0,0,0,0,0,0,0,0,0
0,0,0,0,0,1,0,0,0,0,0,0,0,0,5,0,1,0,0,0,1,3,1,4,3,1,1,4,7,9,3,6,7,10,6,7,7,10,10,21,17,8,19,15,20,28,16,17,13,13,31,28,27,25,36,23,33,30,48,37,42,40,34,29,32,39,37,41,56,32,36,42,38,35,32,23,24,44,43,27,37,28,34,27,23,25,29,25,16,20,18,17,12,15,11,4,13,15,11,6,4,8,7,7,3,2,4,4,3,1,3,3,1,0,1,1,1,2,3,0,0,2,1,0,1,1,0,1,0,1,0,0,1,0,0,0,0,0,1,0,0,0,0,0,0,0,0,0,0,0,0,0,0,0,0,0,0,0,0,0,0,0,0,0,0,0,0,0,0,0,0,0,0,0,0,0,0,0,0,0,0,0,0,0,0,0,0,0,0,0,0,0,0,0,0,0,0,0,0,0
0,0,0,0,0,0,0,0,0,0,4,0,0,0,3,0,3,0,0,0,0,0,1,2,4,1,3,1,5,4,4,5,4,8,9,7,13,9,12,12,17,16,21,18,15,22,20,11,18,14,31,30,24,23,30,24,27,38,41,28,36,39,45,34,36,44,44,46,39,28,32,35,42,36,32,27,28,35,34,28,25,19,32,27,25,24,25,15,23,18,16,23,12,15,15,14,24,13,13,10,8,2,7,8,7,4,2,5,5,4,2,1,2,3,4,1,4,2,1,0,1,0,1,0,0,0,2,0,0,2,0,0,0,0,0,0,0,0,0,0,0,0,0,0,0,0,0,0,0,0,0,0,0,1,1,0,0,0,0,0,0,0,0,0,0,0,0,0,0,0,0,0,0,0,0,0,0,0,0,0,0,0,0,0,0,0,0,0,0,0,0,0,0,0,0,0,0,0,0,0
1,0,0,0,2,1,0,0,0,1,2,0,0,0,2,0,1,0,1,1,1,1,2,3,1,0,3,3,5,5,6,3,3,8,13,4,7,12,15,11,24,11,18,8,15,24,20,18,20,23,41,30,32,20,35,38,38,28,43,23,51,38,48,37,45,46,39,43,40,46,38,38,41,37,30,30,31,31,31,27,36,31,32,19,29,30,25,23,11,24,19,27,12,14,6,14,9,7,8,4,13,2,4,7,5,3,5,7,6,4,4,2,5,1,0,0,2,1,1,0,0,3,0,0,2,1,0,0,0,0,0,0,0,0,0,0,1,0,0,0,0,0,0,0,0,0,1,0,0,0,0,0,0,0,0,0,0,0,0,0,0,0,0,0,0,0,0,0,1,0,0,0,0,0,0,0,0,0,0,0,0,0,0,0,0,0,0,0,0,0,0,0,0,0,0,0,0,0,0,0
0,0,0,0,1,0,0,0,0,1,2,0,0,1,3,0,2,2,1,0,1,2,0,0,2,1,2,1,3,4,4,10,7,6,9,2,17,13,10,12,14,20,22,20,17,22,23,15,15,17,33,34,36,18,31,28,39,33,44,30,36,33,43,40,36,49,46,42,37,36,22,32,29,29,30,27,34,34,21,27,46,31,38,19,27,26,26,15,21,25,15,18,11,13,10,10,14,9,13,10,8,8,11,7,6,11,3,2,5,2,1,1,0,4,1,0,7,1,2,0,0,0,1,1,1,2,0,1,0,0,0,0,1,0,1,0,0,0,0,0,0,0,0,0,0,0,0,0,0,0,0,0,0,0,0,0,0,0,0,0,0,0,0,0,0,0,0,0,0,0,0,0,0,0,0,0,0,0,0,0,0,0,0,0,0,0,0,0,0,0,0,0,0,0,0,0,0,0,0,0
1,0,0,0,0,2,0,0,0,0,4,0,0,0,4,0,0,0,0,1,1,0,0,3,3,0,2,3,3,8,4,5,6,7,5,5,10,10,12,15,9,11,17,11,19,30,20,15,25,13,32,34,32,28,25,35,23,17,42,21,40,35,50,28,36,46,36,45,42,27,32,49,31,28,39,44,32,34,33,22,34,30,31,24,19,13,18,17,18,15,18,20,18,11,12,14,12,11,6,7,3,4,7,7,6,3,6,4,5,3,3,2,4,2,1,1,1,4,1,1,0,0,0,0,1,2,1,1,2,0,1,0,0,0,0,0,1,1,0,0,0,0,0,0,0,0,0,0,0,0,0,0,0,0,0,0,0,0,0,0,0,0,0,0,0,0,0,0,0,0,0,0,0,0,0,0,0,0,0,0,0,0,0,0,0,0,0,0,0,0,0,0,0,0,0,0,0,0,0,0
0,0,0,0,1,1,0,0,0,0,1,0,0,0,3,0,0,0,0,1,3,1,0,2,1,1,4,3,3,4,4,2,9,9,7,7,13,11,7,17,12,14,13,11,17,20,30,17,21,17,37,20,20,21,29,23,31,23,34,27,42,43,28,38,35,34,33,30,36,28,35,40,38,35,26,26,21,29,28,28,28,18,27,23,25,32,22,16,11,10,31,18,10,9,11,8,13,10,6,5,7,5,7,7,8,5,4,5,5,2,1,1,2,2,2,2,0,0,2,1,3,0,0,2,0,1,0,1,0,0,0,0,0,0,0,0,0,0,0,0,0,0,0,0,0,0,0,0,0,0,0,0,0,0,0,0,0,0,0,0,0,0,0,0,0,0,0,0,0,0,0,0,0,0,0,0,0,0,0,0,0,0,0,0,0,0,0,0,0,0,0,0,0,0,0,0,0,0,0,0
0,0,0,0,1,0,0,0,0,0,5,0,0,0,2,0,1,0,0,0,1,2,2,2,2,0,0,2,4,4,2,6,4,11,4,8,7,10,8,13,14,16,13,16,19,21,16,18,14,12,29,35,20,21,30,21,40,20,25,26,41,40,29,30,30,34,48,35,43,32,30,26,35,32,22,26,37,25,24,31,29,27,30,21,28,27,16,17,16,13,13,15,7,7,7,8,6,10,10,4,9,2,2,7,6,6,7,9,3,1,2,1,2,1,0,1,1,4,0,0,2,1,1,0,0,0,0,0,0,0,0,0,1,0,0,0,0,0,0,0,0,0,0,0,0,0,0,0,0,0,0,0,0,0,0,0,0,0,0,0,0,0,0,0,0,0,0,0,0,0,0,0,0,0,0,0,0,0,0,0,0,0,0,0,0,0,0,0,0,0,0,0,0,0,0,0,0,0,0,0
0,0,0,0,0,1,0,0,0,0,0,0,0,0,2,0,1,0,0,1,0,0,1,0,0,2,0,2,4,6,2,3,5,3,4,4,7,4,11,6,12,11,7,15,9,19,17,24,17,15,32,34,22,19,29,33,28,23,39,22,40,27,52,41,35,29,31,28,39,26,22,32,25,43,30,26,22,42,37,27,22,21,24,22,19,21,16,15,17,19,20,21,18,10,8,13,14,8,8,6,8,5,6,4,4,5,7,2,5,5,2,0,3,1,0,1,2,4,4,1,1,0,0,0,2,0,0,1,1,0,0,0,0,0,0,0,0,0,0,0,0,0,0,0,0,0,0,0,0,0,0,0,0,0,0,0,0,0,0,0,0,0,0,0,0,0,0,0,0,0,0,0,0,0,0,0,0,0,0,0,0,0,0,0,0,0,0,0,0,0,0,0,0,0,0,0,0,0,0,0
0,0,0,0,0,1,0,0,0,0,1,0,0,1,2,0,1,0,1,0,0,0,1,1,3,1,0,1,4,5,3,8,0,6,6,6,10,12,9,11,9,9,18,11,17,20,22,18,17,16,33,26,27,26,26,29,31,23,40,18,30,32,38,34,34,39,34,25,38,25,21,28,34,23,28,29,33,28,31,27,31,20,27,30,21,22,13,20,13,10,20,18,12,10,12,14,10,9,8,11,5,6,4,6,4,6,3,2,5,2,0,1,3,1,2,2,5,0,1,0,2,1,0,1,2,0,1,0,0,0,0,1,0,0,0,1,0,0,0,0,0,0,0,0,0,0,0,0,0,0,0,0,0,0,1,0,0,0,0,0,0,0,0,0,0,0,0,0,0,0,0,0,0,0,0,0,0,0,0,0,0,0,0,0,0,0,0,0,0,0,0,0,0,0,0,0,0,0,0,0
0,0,0,0,0,0,0,0,0,0,3,0,0,0,1,0,0,2,1,0,0,2,1,2,1,1,2,1,4,6,3,5,3,2,2,8,8,8,9,8,10,17,16,13,13,17,16,19,15,12,25,26,23,18,23,31,34,31,28,34,29,33,28,27,18,27,40,37,37,26,27,41,23,32,34,20,21,24,22,24,20,16,16,23,23,20,19,19,8,9,10,14,14,7,8,5,8,12,10,7,6,9,4,4,4,5,4,1,9,5,4,5,3,3,2,2,2,2,0,3,0,0,1,0,2,0,0,0,0,1,1,0,0,0,0,0,0,0,0,0,0,0,0,0,0,0,0,0,0,0,0,0,0,0,0,0,0,0,0,0,0,0,0,0,0,0,0,0,0,0,0,0,0,0,0,0,0,0,0,0,0,0,0,0,0,0,0,0,0,0,0,0,0,0,0,0,0,0,0,0
0,0,0,0,0,1,0,0,0,0,1,0,0,1,2,0,3,1,0,0,0,0,0,2,0,0,3,2,6,11,7,3,3,11,10,5,11,7,9,11,15,15,12,14,17,19,12,16,17,18,26,20,16,19,15,18,31,28,34,20,28,30,31,26,24,32,41,28,26,30,28,33,28,29,25,24,18,16,23,20,18,20,26,15,27,15,18,15,20,12,13,11,7,3,12,4,7,12,9,8,8,7,3,3,4,4,5,1,4,3,1,2,2,2,0,3,3,2,0,2,0,1,0,1,1,0,0,0,0,0,0,0,0,0,0,0,0,0,0,0,0,0,0,0,0,1,0,0,0,0,0,0,0,0,0,0,0,0,0,0,0,0,0,0,0,0,0,0,0,0,0,0,0,0,0,0,0,0,0,0,0,0,0,0,0,0,0,0,0,0,0,0,0,0,0,0,0,0,0,0
0,0,0,0,0,3,0,0,0,0,1,0,0,0,2,0,0,1,0,0,0,0,2,2,3,0,1,3,4,7,2,3,5,6,6,0,10,11,10,7,14,12,11,8,18,24,13,12,6,10,19,17,33,22,21,25,21,29,35,16,30,32,30,39,26,32,26,27,35,25,40,33,38,16,24,17,25,17,28,30,20,24,26,19,17,16,14,14,10,11,21,12,10,7,5,10,9,9,8,7,4,4,3,5,6,4,4,2,2,0,3,3,2,4,3,2,0,1,1,0,1,1,1,2,1,0,0,1,0,0,0,0,0,0,0,0,0,0,0,0,0,0,0,0,0,0,0,0,0,0,0,0,0,0,0,0,0,0,0,0,0,0,0,0,0,0,0,0,0,0,0,0,0,0,0,0,0,0,0,0,0,0,0,0,0,0,0,0,0,0,0,0,0,0,0,0,0,0,0,0
0,0,0,0,1,2,0,0,0,0,2,0,0,0,0,0,3,3,0,0,0,2,0,3,0,2,0,2,3,8,1,2,3,9,5,3,10,9,10,9,11,14,13,13,15,22,13,19,15,12,35,31,23,19,24,21,25,18,35,19,39,40,31,27,25,40,29,33,40,29,24,30,29,25,24,17,22,17,27,18,22,20,26,13,18,17,19,19,12,15,12,10,11,8,4,10,6,9,7,4,10,1,4,7,6,1,1,7,3,7,1,1,1,3,0,0,1,0,1,0,0,0,0,1,1,1,0,1,1,0,1,0,0,0,0,0,0,0,0,0,0,0,0,0,0,0,0,0,0,0,0,0,0,0,0,0,0,0,0,0,0,0,0,0,0,0,0,0,0,0,0,0,0,0,0,0,0,0,0,0,0,0,0,0,0,0,0,0,0,0,0,0,0,0,0,0,0,0,0,0
0,0,0,0,2,0,0,0,0,1,0,0,0,0,0,0,2,0,0,1,1,0,3,1,0,1,1,0,5,4,2,8,2,10,3,3,15,12,10,6,15,10,14,6,12,15,12,19,9,12,20,19,23,21,16,29,24,14,30,14,33,49,22,21,21,33,36,21,35,16,15,34,28,32,29,21,33,29,26,19,23,14,12,20,15,21,15,12,12,14,11,8,7,8,4,2,7,11,4,5,9,6,5,4,6,1,4,1,2,3,0,3,1,3,1,4,1,0,1,2,1,1,0,0,0,0,0,0,0,0,0,0,0,0,0,0,0,0,0,0,0,0,0,0,0,0,0,1,0,0,0,0,0,0,0,0,0,0,0,0,0,0,0,0,0,0,0,0,0,0,0,0,0,0,0,0,0,0,0,0,0,0,0,0,0,0,0,0,0,0,0,0,0,0,0,0,0,0,0,0
0,0,0,0,0,1,0,0,0,0,1,0,0,0,0,0,0,0,1,0,3,1,0,0,3,0,2,3,3,6,7,1,10,10,8,10,8,5,4,8,14,9,14,10,8,11,11,15,12,12,15,17,19,16,16,20,28,21,22,27,22,38,34,27,23,21,28,29,43,27,24,20,24,31,26,18,22,20,23,30,25,21,20,9,16,11,12,18,15,16,12,14,9,13,8,8,7,7,7,4,9,4,5,2,2,4,3,0,1,4,1,1,1,1,0,1,2,2,0,0,2,0,0,1,0,0,0,1,0,0,0,0,1,0,0,0,0,0,0,0,0,1,0,0,0,0,0,0,0,0,0,0,0,0,0,0,0,0,0,0,0,0,0,0,0,0,0,0,0,0,0,0,0,0,0,0,0,0,0,0,0,0,0,0,0,0,0,0,0,0,0,0,0,0,0,0,0,0,0,0
1,0,0,0,0,0,0,0,0,0,0,0,0,0,2,0,2,0,0,0,0,4,0,1,1,2,1,1,5,9,3,6,4,9,7,5,5,11,14,14,16,3,13,10,10,20,14,15,16,17,28,17,19,15,24,16,26,10,27,24,22,24,24,34,22,28,35,24,17,22,21,20,26,18,16,17,20,24,22,18,25,15,23,17,11,12,20,13,15,19,11,6,7,5,12,1,13,9,5,9,1,4,7,2,5,6,3,0,2,2,2,0,1,0,0,2,2,1,0,0,0,0,0,0,0,2,0,0,1,0,0,2,1,0,0,0,0,0,1,0,0,0,0,0,0,0,0,0,0,0,0,0,0,0,0,0,0,0,0,0,0,0,0,0,0,0,0,0,0,0,0,0,0,0,0,0,0,0,0,0,0,0,0,0,0,0,0,0,0,0,0,0,0,0,0,0,0,0,0,0
0,0,0,0,1,2,0,0,0,0,0,0,0,0,1,0,0,0,0,0,0,0,0,3,1,0,1,1,4,6,4,2,5,10,2,7,8,5,3,10,17,9,13,9,14,23,7,17,18,16,18,21,22,11,30,20,20,15,26,31,22,30,31,25,36,18,23,29,31,26,27,29,19,20,24,22,18,13,18,18,19,14,19,6,22,17,15,15,14,8,12,14,6,6,4,4,6,12,5,4,2,6,5,1,3,1,2,4,2,2,2,1,3,1,2,1,0,0,1,0,0,1,0,1,0,0,0,0,1,1,0,0,0,0,0,0,0,1,0,0,0,0,0,0,0,0,0,0,0,0,0,0,0,0,0,0,0,0,0,0,0,0,0,0,0,0,0,0,0,0,0,0,0,0,0,0,0,0,0,0,0,0,0,0,0,0,0,0,0,0,0,0,0,0,0,0,0,0,0,0
0,0,0,0,1,0,0,0,0,1,2,0,0,1,0,0,0,0,0,0,2,3,1,3,3,0,3,2,7,4,2,3,4,8,5,4,6,5,13,8,13,10,8,7,8,18,10,17,12,9,14,20,21,18,21,11,14,22,31,17,20,21,19,31,19,22,31,22,21,34,11,26,16,17,19,14,21,22,20,15,27,13,14,18,16,10,11,10,15,12,14,10,10,6,5,4,12,5,3,3,1,7,3,4,1,2,2,0,1,1,1,0,0,4,1,2,2,1,1,1,0,0,0,0,1,0,0,0,0,0,1,0,0,0,0,0,0,0,0,0,1,0,0,0,0,0,0,0,0,0,0,0,0,0,0,0,0,0,0,0,0,0,0,0,0,0,0,0,0,0,0,0,0,0,0,0,0,0,0,0,0,0,0,0,0,0,0,0,0,0,0,0,0,0,0,0,0,0,0,0
1,0,0,0,0,0,0,0,0,0,1,0,0,0,4,0,1,1,0,0,1,2,0,1,2,1,3,2,6,4,3,5,6,7,5,2,6,6,8,9,10,10,16,9,16,9,12,7,7,17,24,25,15,19,24,13,18,16,30,15,27,21,24,23,36,18,21,20,29,28,19,19,20,23,17,20,19,21,6,19,11,23,20,10,11,14,12,16,14,4,12,16,7,7,2,9,6,6,5,3,7,2,7,5,3,2,0,3,1,0,0,2,2,2,4,0,3,2,2,1,0,1,1,1,0,0,0,1,1,0,0,0,0,0,0,0,0,0,0,0,0,0,0,0,0,0,0,0,0,0,0,0,0,0,0,0,0,0,0,0,0,0,0,0,0,0,0,0,0,0,0,0,0,0,0,0,0,0,0,0,0,0,0,0,0,0,0,0,0,0,0,0,0,0,0,0,0,0,0,0
1,0,0,0,0,1,0,0,0,0,0,0,0,1,2,0,1,1,2,0,0,1,0,2,1,0,0,1,4,5,3,3,1,7,3,8,8,3,7,13,8,15,9,12,7,13,19,12,8,11,14,18,17,16,13,24,22,9,17,24,23,23,17,30,27,18,27,32,24,22,28,11,20,15,15,18,16,26,18,16,23,23,14,13,14,19,7,8,15,10,7,11,12,8,4,6,7,7,13,2,5,6,4,6,4,1,6,5,5,1,1,0,1,1,2,0,1,0,0,0,2,0,0,0,0,0,1,0,0,0,0,0,0,0,0,0,0,0,0,0,0,0,0,0,0,0,0,0,0,0,0,0,0,0,0,0,0,0,0,0,0,0,0,0,0,0,0,0,0,0,0,0,0,0,0,0,0,0,0,0,0,0,0,0,0,0,0,0,0,0,0,0,0,0,0,0,0,0,0,0
0,0,0,0,0,1,0,0,0,0,1,0,0,1,0,0,0,0,1,0,2,0,0,0,1,2,0,0,2,5,4,2,8,9,6,3,8,8,5,7,4,9,2,15,18,18,9,12,12,10,18,18,14,14,18,23,13,18,20,13,17,28,29,35,22,27,22,27,27,19,21,22,24,23,19,16,15,18,14,15,16,12,15,10,19,11,9,12,12,10,10,9,5,11,2,3,11,1,6,6,3,3,3,2,0,3,2,3,5,4,1,0,1,5,1,2,0,1,0,2,0,0,2,1,0,0,0,0,0,0,0,1,0,0,0,0,0,0,0,0,0,0,0,0,0,0,0,0,0,0,0,0,0,0,0,0,0,0,0,0,0,0,0,0,0,0,0,0,0,0,0,0,0,0,0,0,0,0,0,0,0,0,0,0,0,0,0,0,0,0,0,0,0,0,0,0,0,0,0,0
0,0,0,0,1,1,0,0,0,0,0,0,0,1,3,0,2,1,0,0,1,0,0,0,1,0,3,1,2,9,2,2,5,7,3,4,3,14,7,9,9,9,13,8,15,14,16,11,10,17,14,16,14,13,16,19,18,20,14,16,20,19,22,17,24,18,23,22,25,9,13,30,26,32,17,15,21,17,20,16,19,19,14,13,12,13,7,9,9,7,12,11,4,7,6,3,5,8,1,6,5,5,3,3,8,7,2,5,4,3,2,0,3,3,1,1,0,0,2,2,2,2,0,0,1,0,0,0,0,0,0,1,0,0,1,0,0,0,0,0,0,0,0,0,0,0,0,0,0,0,0,0,0,0,0,0,0,0,0,0,0,0,0,0,0,0,0,0,0,0,0,0,0,0,0,0,0,0,0,0,0,0,0,0,0,0,0,0,0,0,0,0,0,0,0,0,0,0,0,0
0,0,0,0,0,1,0,0,0,0,1,0,0,0,2,0,2,0,1,0,0,0,3,0,0,0,1,8,2,4,1,3,2,5,3,2,12,9,7,9,11,7,9,11,5,22,6,15,15,7,18,22,15,22,13,11,25,14,13,19,18,21,27,17,22,29,35,31,22,14,19,28,16,16,18,10,14,17,11,18,11,8,23,15,14,11,14,7,5,8,7,6,4,7,6,9,6,6,4,6,5,1,5,7,2,0,3,1,2,0,1,1,0,2,0,0,2,0,2,0,0,0,0,1,0,0,0,0,1,0,0,0,0,0,0,0,0,0,0,0,0,0,0,0,0,0,0,0,0,0,0,0,0,0,0,0,0,0,0,0,0,0,0,0,0,0,0,0,0,0,0,0,0,0,0,0,0,0,0,0,0,0,0,0,0,0,0,0,0,0,0,0,0,0,0,0,0,0,0,0
0,0,0,0,1,0,0,0,0,1,0,0,0,0,1,0,2,1,1,1,0,1,1,2,0,1,1,2,5,1,2,3,4,5,0,5,9,8,4,7,12,6,9,8,12,8,13,9,10,5,17,17,11,14,15,18,18,10,15,14,21,24,16,18,16,18,32,22,28,19,17,29,17,18,15,20,16,13,22,15,24,12,10,12,10,10,8,10,12,7,12,5,7,7,5,7,6,7,8,4,4,5,7,3,3,4,1,0,0,1,1,1,0,3,2,1,0,1,0,0,1,0,0,0,0,1,0,0,0,0,0,0,0,0,0,0,0,0,0,1,1,0,0,0,0,0,0,0,0,0,0,0,0,0,0,0,0,0,0,0,0,0,0,0,0,0,0,0,0,0,0,0,0,0,0,0,0,0,0,0,0,0,0,0,0,0,0,0,0,0,0,0,0,0,0,0,0,0,0,0
1,0,0,0,0,0,0,0,0,0,1,0,0,1,2,0,0,2,0,1,2,0,0,2,0,0,1,5,5,1,2,8,4,4,2,4,7,6,6,8,12,9,10,5,14,12,13,18,14,8,13,11,14,10,21,16,20,19,20,29,20,23,27,23,18,22,21,15,14,22,17,23,19,24,11,5,14,20,11,7,11,9,7,9,14,11,14,11,2,8,10,5,8,8,2,7,8,6,5,4,5,6,5,6,0,1,3,7,1,2,1,2,1,1,0,1,1,1,0,1,0,0,1,0,0,0,1,0,1,0,0,0,1,0,0,0,0,0,0,0,0,0,0,0,0,0,0,0,0,0,0,0,0,0,0,0,0,0,0,0,0,0,0,0,0,0,0,0,0,0,0,0,0,0,0,0,0,0,0,0,0,0,0,0,0,0,0,0,0,0,0,0,0,0,0,0,0,0,0,0
0,0,0,0,0,0,0,0,0,0,1,0,0,0,2,0,0,0,1,0,0,0,0,0,1,0,3,3,0,2,1,2,2,5,1,4,8,3,4,4,14,6,10,4,8,10,10,8,1,7,13,16,15,11,15,9,19,22,23,20,16,20,19,15,17,24,20,22,23,21,18,21,19,11,25,18,17,16,13,20,17,14,6,11,8,14,9,13,12,9,3,13,7,2,7,3,2,4,1,4,2,4,2,1,1,1,4,6,1,4,0,1,3,0,1,0,1,1,0,3,0,0,1,1,0,0,0,0,0,0,0,0,0,0,0,0,0,0,0,0,0,0,0,0,0,0,0,0,0,0,0,0,0,0,0,0,0,0,0,0,0,0,0,0,0,0,0,0,0,0,0,0,0,0,0,0,0,0,0,0,0,0,0,0,0,0,0,0,0,0,0,0,0,0,0,0,0,0,0,0
0,0,0,0,0,0,0,0,0,0,0,0,0,1,3,0,2,0,0,0,0,1,0,2,2,0,1,3,2,1,2,5,1,11,4,2,4,5,3,8,10,15,9,3,6,14,13,4,9,10,21,16,14,14,13,17,15,11,19,21,21,15,12,7,17,21,19,18,17,20,24,22,18,23,13,9,17,15,12,9,12,19,16,13,16,5,7,15,9,9,6,6,1,0,3,3,2,8,9,8,6,3,3,1,2,0,1,4,1,2,1,0,0,0,0,0,1,1,1,0,0,0,0,1,0,1,0,1,0,0,0,0,0,0,0,0,0,0,0,0,0,0,0,0,0,0,0,0,0,0,0,0,0,0,0,0,0,0,0,0,0,0,0,0,0,0,0,0,0,0,0,0,0,0,0,0,0,0,0,0,0,0,0,0,0,0,0,0,0,0,0,0,0,0,0,0,0,0,0,0
0,0,0,0,0,0,0,0,0,0,1,0,0,0,5,0,2,1,0,1,0,0,0,3,1,2,0,3,2,3,4,2,3,5,4,2,8,12,6,10,8,9,8,6,13,12,17,6,10,5,14,11,10,12,17,10,17,17,14,14,21,25,17,13,20,20,19,24,18,23,17,21,17,20,17,13,23,13,19,12,14,6,9,11,14,8,9,8,9,11,9,6,5,9,3,9,5,6,8,5,5,4,3,3,3,3,0,0,2,1,4,3,3,2,1,1,2,0,1,0,1,0,1,1,0,0,0,0,0,0,0,0,0,0,0,0,0,0,0,0,0,0,0,0,0,0,1,0,0,0,0,0,0,0,0,0,0,0,0,0,0,0,0,0,0,0,0,0,0,0,0,0,0,0,0,0,0,0,0,0,0,0,0,0,0,0,0,0,0,0,0,0,0,0,0,0,0,0,0,0
0,0,0,0,0,0,0,0,0,0,0,0,0,0,3,0,0,0,0,0,0,1,1,1,0,0,2,4,5,1,1,0,1,6,6,8,5,4,5,11,15,6,2,9,8,19,13,9,4,9,9,24,9,9,16,19,10,7,20,17,11,24,16,19,13,15,20,12,15,12,21,20,20,19,15,19,16,12,11,13,10,12,14,10,9,7,5,11,7,8,6,6,4,6,0,6,3,4,3,3,5,4,5,2,1,3,1,1,3,1,2,0,1,3,1,0,0,1,0,0,1,0,0,0,0,0,0,0,0,0,0,0,1,0,0,0,0,0,0,0,0,0,0,0,0,0,0,0,0,0,0,0,0,0,0,0,0,0,0,0,0,0,0,0,0,0,0,0,0,0,0,0,0,0,0,0,0,0,0,0,0,0,0,0,0,0,0,0,0,0,0,0,0,0,0,0,0,0,0,0
0,0,0,0,0,2,0,0,0,0,3,0,0,0,0,0,0,0,1,0,1,0,1,0,0,1,0,0,2,1,1,3,2,9,4,6,3,3,6,8,3,4,8,8,10,8,8,7,12,14,14,14,9,9,14,12,19,10,25,17,20,18,12,29,18,24,18,15,15,14,13,19,20,24,18,15,13,14,8,14,17,16,13,7,7,8,9,8,8,8,7,5,8,2,5,5,5,4,6,3,4,3,1,3,6,1,3,3,1,1,1,1,1,0,2,1,0,2,0,0,1,0,1,0,0,1,0,0,0,1,0,0,0,0,0,0,0,0,0,0,0,0,1,0,0,0,0,0,0,0,0,0,0,0,0,0,0,0,0,0,0,0,0,0,0,0,0,0,0,0,0,0,0,0,0,0,0,0,0,0,0,0,0,0,0,0,0,0,0,0,0,0,0,0,0,0,0,0,0,0
0,0,0,0,0,0,0,0,0,0,3,0,0,0,1,0,0,1,0,0,0,1,0,0,3,0,2,1,0,5,2,3,1,2,4,2,6,5,5,6,3,5,8,7,8,11,10,6,10,8,20,14,13,9,16,18,11,10,17,11,14,21,17,14,15,24,20,17,17,17,10,11,15,19,10,12,8,15,13,16,15,11,16,9,15,9,6,6,4,7,8,8,5,5,8,6,8,6,2,2,4,6,2,3,2,2,0,1,1,1,4,1,2,0,0,0,1,0,0,0,0,0,0,1,2,0,0,0,0,0,0,1,0,0,0,0,0,0,0,0,0,0,0,0,0,0,0,0,0,0,0,0,0,0,0,0,0,0,0,0,0,0,0,0,0,0,0,0,0,0,0,0,0,0,0,0,0,0,0,0,0,0,0,0,0,0,0,0,0,0,0,0,0,0,0,0,0,0,0,0
0,0,0,0,1,1,0,0,0,0,1,0,0,0,0,0,0,0,0,0,0,0,0,1,4,0,1,0,4,3,0,4,3,5,4,4,6,1,3,7,8,7,7,11,5,7,6,14,4,7,13,17,9,8,15,10,15,14,14,11,10,16,20,21,15,18,14,11,22,10,13,12,16,14,9,14,17,9,10,8,10,10,12,8,7,13,5,10,9,9,5,5,5,4,2,4,6,4,2,1,2,4,2,3,4,3,0,1,1,1,0,0,1,1,1,0,1,0,0,0,0,2,0,1,1,0,1,0,0,0,0,0,1,0,0,0,0,0,0,0,0,0,0,0,0,0,0,0,0,0,0,0,0,0,0,0,0,0,0,0,0,0,0,0,0,0,0,0,0,0,0,0,0,0,0,0,0,0,0,0,0,0,0,0,0,0,0,0,0,0,0,0,0,0,0,0,0,0,0,0
0,0,0,0,0,0,0,0,0,0,1,0,0,0,1,0,1,1,1,0,4,0,1,0,2,2,2,2,1,6,2,4,5,2,4,3,6,6,4,6,8,5,8,6,10,9,10,5,4,13,24,9,14,7,11,11,14,14,16,14,13,22,13,12,20,18,19,18,20,17,18,11,23,17,9,13,14,14,11,6,18,12,16,11,12,6,4,9,3,4,6,7,7,5,5,2,2,4,5,4,3,2,2,4,1,1,1,2,0,0,2,0,0,1,1,0,2,0,1,0,0,1,0,1,0,1,1,0,0,0,0,0,0,0,0,0,0,0,0,0,0,0,0,0,0,0,0,0,0,0,0,0,0,0,0,0,0,0,0,0,0,0,0,0,0,0,0,0,0,0,0,0,0,0,0,0,0,0,0,0,0,0,0,0,0,0,0,0,0,0,0,0,0,0,0,0,0,0,0,0
0,0,0,0,1,0,0,0,0,0,3,0,0,0,0,1,0,0,2,1,0,1,0,1,0,1,0,1,2,3,3,1,3,10,2,2,7,3,4,6,5,10,7,9,5,8,14,7,8,7,14,12,14,12,16,10,15,10,12,12,9,18,23,16,18,10,21,21,14,12,11,11,17,24,10,12,11,20,13,15,15,20,6,11,10,8,7,6,6,8,12,6,8,7,5,4,6,5,2,5,3,4,2,1,2,1,0,0,2,0,0,1,3,2,0,0,0,0,1,0,0,0,0,1,1,0,2,0,0,0,0,0,0,0,0,0,0,0,0,0,0,0,0,0,0,0,0,0,0,0,0,0,0,0,0,0,0,0,0,0,0,0,0,0,0,0,0,0,0,0,0,0,0,0,0,0,0,0,0,0,0,0,0,0,0,0,0,0,0,0,0,0,0,0,0,0,0,0,0,0
0,0,0,0,1,0,0,0,0,0,0,0,0,0,1,0,0,1,0,1,0,0,0,2,1,0,1,4,2,1,1,1,3,7,3,2,5,8,2,10,4,7,4,4,8,10,8,10,12,10,15,11,16,8,13,10,14,3,16,14,13,19,14,11,13,13,21,18,14,17,9,14,11,12,8,7,12,11,15,15,12,3,14,13,8,6,11,7,7,4,1,11,3,7,1,2,5,1,5,1,2,2,1,5,2,1,2,4,0,3,1,2,1,0,1,0,0,0,0,0,2,0,0,1,0,0,0,0,1,0,0,0,0,0,0,0,0,0,0,0,0,0,0,0,0,0,0,0,0,0,0,0,0,0,0,0,0,0,0,0,0,0,0,0,0,0,0,0,0,0,0,0,0,0,0,0,0,0,0,0,0,0,0,0,0,0,0,0,0,0,0,0,0,0,0,0,0,0,0,0
0,0,0,0,0,0,0,0,0,0,0,0,0,0,2,0,0,1,0,0,1,0,0,1,1,0,0,0,2,2,2,1,1,4,1,3,4,5,11,7,13,9,5,4,10,11,14,5,5,9,14,19,13,12,17,12,14,6,15,14,12,15,16,17,12,17,22,16,13,13,18,11,17,14,11,12,9,12,11,10,15,11,10,13,9,6,5,5,3,5,6,8,6,6,5,3,4,5,4,5,4,4,4,2,2,0,1,1,0,0,0,2,2,1,3,1,1,3,1,0,1,0,0,1,0,0,0,0,0,0,0,0,0,0,0,0,0,0,0,0,0,0,0,0,0,0,0,0,0,0,0,0,0,0,0,0,1,0,0,0,0,0,0,0,0,0,0,0,0,0,0,0,0,0,0,0,0,0,0,0,0,0,0,0,0,0,0,0,0,0,0,0,0,0,0,0,0,0,0,0
0,0,0,0,0,0,0,0,0,0,0,0,0,0,1,0,1,1,0,0,1,0,0,1,1,0,2,2,0,3,2,2,1,3,2,1,4,6,5,7,6,8,9,4,5,10,11,8,5,7,16,8,19,11,20,7,12,7,14,14,8,9,19,12,20,17,14,21,15,11,14,15,17,15,16,12,14,14,9,11,9,6,6,12,11,2,6,9,14,9,4,6,7,8,2,3,6,1,3,2,3,3,1,4,1,2,3,0,0,1,2,0,0,1,1,0,0,1,0,0,1,1,1,0,0,0,0,0,0,0,0,0,0,0,0,0,0,0,0,0,0,0,0,0,0,0,0,0,0,0,0,0,0,0,0,0,0,0,0,0,0,0,0,0,0,0,0,0,0,0,0,0,0,0,0,0,0,0,0,0,0,0,0,0,0,0,0,0,0,0,0,0,0,0,0,0,0,0,0,0
0,0,0,0,0,1,0,0,0,1,0,0,0,0,0,0,1,1,0,0,0,0,0,1,0,0,1,1,3,2,3,1,3,4,1,3,8,2,4,3,6,6,8,10,8,10,8,6,8,9,11,13,10,9,16,20,15,13,13,8,13,15,11,13,22,14,15,14,12,19,13,10,7,15,3,13,6,8,11,6,11,11,9,5,13,5,8,6,1,6,8,5,4,3,4,4,4,4,5,5,2,5,3,2,3,1,1,1,3,1,0,0,2,3,1,1,0,2,0,0,0,0,0,0,0,0,0,0,0,0,0,1,0,0,0,0,0,0,0,0,0,0,0,0,0,0,0,0,0,0,0,0,0,0,0,0,0,0,0,0,0,0,0,0,0,0,0,0,0,0,0,0,0,0,0,0,0,0,0,0,0,0,0,0,0,0,0,0,0,0,0,0,0,0,0,0,0,0,0,0
0,0,0,0,0,0,0,0,0,0,0,0,0,0,1,0,0,0,1,0,3,1,0,0,1,0,3,2,3,4,1,3,4,5,5,5,4,5,3,7,4,4,8,2,5,10,5,6,14,6,8,10,14,9,18,5,6,3,12,8,11,20,16,14,12,16,17,9,13,10,13,11,25,15,16,9,7,10,5,6,14,7,9,5,7,11,4,9,6,8,4,8,1,6,3,2,1,3,3,3,2,4,2,2,1,2,0,1,0,1,0,0,0,0,1,0,0,0,0,0,0,0,0,0,0,0,0,0,0,0,0,0,0,0,0,0,0,0,0,0,0,0,0,0,0,0,0,0,0,0,0,0,0,0,0,0,0,0,0,0,0,0,0,0,0,0,0,0,0,0,0,0,0,0,0,0,0,0,0,0,0,0,0,0,0,0,0,0,0,0,0,0,0,0,0,0,0,0,0,0
0,0,0,0,0,0,0,0,0,0,0,0,0,0,2,0,2,1,1,0,0,1,0,0,1,0,0,4,5,1,3,1,0,4,1,1,4,5,8,5,3,5,5,6,5,2,1,5,4,14,11,15,13,17,6,13,14,10,15,13,12,10,11,18,11,8,11,16,15,11,18,9,12,11,12,10,7,5,15,10,11,8,9,7,7,6,4,3,2,3,5,5,3,3,1,0,5,6,6,3,3,2,0,0,1,1,0,1,0,2,0,2,1,1,0,1,0,0,0,1,1,0,0,0,0,0,1,0,1,0,0,0,0,0,0,0,0,1,0,0,0,0,0,0,0,0,0,0,0,0,0,0,0,0,0,0,0,0,0,0,0,0,0,0,0,0,0,0,0,0,0,0,0,0,0,0,0,0,0,0,0,0,0,0,0,0,0,0,0,0,0,0,0,0,0,0,0,0,0,0
0,0,0,0,0,0,0,0,0,0,1,0,0,0,1,0,0,0,0,0,0,1,0,0,0,0,0,0,3,5,3,2,2,6,2,5,6,1,2,4,4,6,11,5,4,7,4,8,3,7,12,8,10,8,9,14,11,4,20,11,9,11,15,9,16,14,13,12,18,14,10,19,14,10,7,6,15,13,9,7,5,8,7,5,2,5,6,10,10,4,4,3,4,5,5,2,6,4,2,0,2,2,2,2,0,0,3,1,0,1,0,1,0,1,0,1,0,0,0,0,0,0,0,0,0,0,0,0,0,0,0,0,1,0,0,0,0,0,0,0,0,0,0,0,0,0,0,0,0,0,0,0,0,0,0,0,0,0,0,0,0,0,0,0,0,0,0,0,0,0,0,0,0,0,0,0,0,0,0,0,0,0,0,0,0,0,0,0,0,0,0,0,0,0,0,0,0,0,0,0
0,0,0,0,0,0,0,0,0,1,0,0,0,0,0,0,1,1,0,0,0,1,1,2,2,0,0,2,1,0,0,1,2,5,2,3,3,1,0,5,6,4,5,5,5,10,12,8,5,4,6,7,12,6,11,7,9,12,10,13,14,8,18,10,16,13,19,6,6,7,12,22,8,7,16,7,8,7,7,7,7,8,6,3,5,3,4,5,5,7,2,7,2,5,5,4,5,1,1,5,2,2,0,1,0,1,0,0,0,1,0,0,1,0,0,0,1,1,0,0,0,0,1,0,0,0,0,0,0,0,0,0,0,0,0,0,0,0,0,0,0,0,0,0,0,0,0,0,0,0,0,0,0,0,0,0,0,0,0,0,0,0,0,0,0,0,0,0,0,0,0,0,0,0,0,0,0,0,0,0,0,0,0,0,0,0,0,0,0,0,0,0,0,0,0,0,0,0,0,0
0,0,0,0,1,0,0,0,0,0,0,0,0,0,2,0,0,0,1,0,0,1,0,0,0,0,2,0,0,3,3,4,0,0,4,4,3,2,3,6,5,9,5,2,5,5,8,10,9,7,11,11,10,2,12,15,11,10,14,10,16,11,15,9,13,11,12,20,10,13,7,7,5,12,11,12,8,9,7,8,4,6,9,8,4,4,7,6,5,8,4,4,9,1,2,3,4,2,0,4,5,4,2,2,0,1,2,2,0,0,1,1,0,2,0,1,0,1,0,0,1,0,0,1,0,0,1,0,0,0,1,0,0,0,0,0,0,0,1,0,0,0,0,0,0,0,0,0,0,0,0,0,0,0,0,0,0,0,0,0,0,0,0,0,0,0,0,0,0,0,0,0,0,0,0,0,0,0,0,0,0,0,0,0,0,0,0,0,0,0,0,0,0,0,0,0,0,0,0,0
0,0,0,0,1,1,0,0,0,0,0,0,0,0,0,0,0,0,0,0,0,1,0,1,1,0,1,4,3,2,0,0,1,7,3,3,7,3,3,3,5,3,7,3,8,8,6,6,8,7,10,5,8,13,12,3,17,13,4,7,16,13,10,8,13,10,9,12,7,10,13,13,8,9,13,7,10,12,7,10,4,4,6,4,6,7,3,4,10,1,4,6,6,2,2,2,3,3,5,2,1,2,2,2,4,3,2,0,2,1,0,0,0,0,1,1,0,1,1,0,0,0,0,0,1,0,0,1,0,0,0,0,0,0,0,0,0,0,0,0,0,0,0,0,0,0,0,0,0,0,0,0,0,0,0,0,0,0,0,0,0,0,0,0,0,0,0,0,0,0,0,0,0,0,0,0,0,0,0,0,0,0,0,0,0,0,0,0,0,0,0,0,0,0,0,0,0,0,0,0
1,0,0,0,0,1,0,0,0,0,1,0,0,0,1,0,0,0,0,0,0,1,0,1,0,0,0,1,1,3,1,0,1,2,3,2,2,6,6,3,4,8,5,10,5,9,6,3,4,4,10,11,10,5,9,8,14,4,5,5,10,16,13,10,7,12,9,8,15,10,11,13,4,10,5,13,8,6,7,5,7,12,4,8,3,3,6,3,4,1,2,4,3,3,5,4,5,2,2,1,2,2,2,3,2,1,0,2,0,2,0,1,1,0,0,1,0,0,0,0,0,0,1,0,0,0,0,0,0,0,0,0,0,0,0,0,0,0,0,0,0,0,0,0,0,0,0,0,0,0,0,0,0,0,0,0,0,0,0,0,0,0,0,0,0,0,0,0,0,0,0,0,0,0,0,0,0,0,0,0,0,0,0,0,0,0,0,0,0,0,0,0,0,0,0,0,0,0,0,0
0,0,0,0,0,0,0,0,0,0,0,0,0,0,0,0,0,0,1,0,0,0,1,0,2,0,0,1,1,3,0,2,4,5,2,1,5,3,1,4,3,6,4,4,3,8,6,7,3,5,6,11,9,8,7,7,12,8,13,11,10,15,11,9,10,12,7,14,16,13,11,3,10,13,8,11,6,5,7,6,5,6,6,5,7,8,6,7,8,5,3,9,3,4,4,2,4,2,5,3,0,0,0,2,1,0,2,1,0,1,0,0,0,0,1,1,0,0,0,0,0,0,0,0,0,0,0,0,0,0,0,0,0,0,0,0,0,0,0,0,0,0,0,0,0,0,0,0,0,0,0,0,0,0,0,0,0,0,0,0,0,0,0,0,0,0,0,0,0,0,0,0,0,0,0,0,0,0,0,0,0,0,0,0,0,0,0,0,0,0,0,0,0,0,0,0,0,0,0,0
1,0,0,0,0,0,0,0,0,0,0,0,0,0,1,0,2,0,0,1,1,0,0,1,1,0,0,0,0,2,0,1,1,4,2,3,6,2,1,3,4,7,8,2,8,6,4,3,5,6,13,4,11,6,7,7,13,7,15,5,11,10,8,8,9,12,11,11,12,10,7,9,16,8,9,5,11,7,16,9,7,11,13,8,7,8,3,6,2,4,5,1,2,8,4,3,3,4,1,1,2,1,2,0,1,2,1,2,0,2,1,0,0,1,1,0,0,1,0,0,0,0,0,0,1,0,0,0,0,0,0,0,0,0,0,0,0,0,1,0,0,0,0,0,0,0,0,0,0,0,0,0,0,0,0,0,0,0,0,0,0,0,0,0,0,0,0,0,0,0,0,0,0,0,0,0,0,0,0,0,0,0,0,0,0,0,0,0,0,0,0,0,0,0,0,0,0,0,0,0
0,0,0,0,0,0,0,0,0,0,0,0,0,0,1,0,1,0,1,0,1,0,0,0,1,0,0,0,2,2,3,3,1,3,2,1,3,2,2,4,6,3,7,3,4,8,3,3,4,3,6,9,5,11,8,11,4,4,14,8,7,18,11,8,12,8,12,7,12,11,13,15,14,11,3,7,4,13,14,4,6,8,9,7,4,3,6,6,10,3,6,6,2,0,6,2,1,6,1,3,3,0,3,1,2,2,1,1,0,1,0,2,0,2,1,1,0,1,0,0,0,0,0,0,0,0,0,0,0,0,0,0,0,0,0,0,0,0,0,0,0,0,0,1,0,0,0,0,0,0,0,0,0,0,0,0,0,0,0,0,0,0,0,0,0,0,0,0,0,0,0,0,0,0,0,0,0,0,0,0,0,0,0,0,0,0,0,0,0,0,0,0,0,0,0,0,0,0,0,0
0,0,0,0,0,0,0,0,0,1,0,0,0,0,0,0,0,0,0,0,0,0,0,0,0,1,0,0,2,2,1,3,1,2,5,0,1,2,3,2,3,4,3,8,3,7,11,4,1,8,14,11,11,9,8,8,11,12,5,4,13,16,8,14,13,8,7,13,7,10,8,11,10,5,4,6,15,9,4,6,12,4,6,7,4,7,9,9,7,3,7,7,1,2,3,2,3,1,1,0,1,1,2,2,3,4,1,1,0,0,0,0,0,0,0,1,0,0,0,0,0,0,1,1,0,0,0,0,0,0,1,0,0,0,0,0,0,0,0,0,0,0,0,0,0,0,0,0,0,0,0,0,0,0,0,0,0,0,0,0,0,0,0,0,0,0,0,0,0,0,0,0,0,0,0,0,0,0,0,0,0,0,0,0,0,0,0,0,0,0,0,0,0,0,0,0,0,0,0,0
0,0,0,0,0,0,0,0,0,0,2,0,0,0,0,0,0,0,0,0,0,0,0,1,0,0,1,3,3,3,4,4,1,1,5,1,0,4,2,8,3,7,5,6,4,6,5,1,4,7,9,9,8,5,13,8,11,7,9,8,9,3,18,12,9,13,10,4,8,4,10,11,4,5,8,4,7,11,12,6,5,7,1,8,8,3,6,2,4,5,4,5,4,2,0,1,2,3,0,3,0,2,1,0,1,2,1,0,0,1,1,2,1,0,0,0,1,0,0,0,1,0,0,0,0,0,1,1,0,0,0,0,0,0,0,0,0,0,0,0,0,0,0,0,0,0,0,0,0,0,0,0,0,0,0,0,0,0,0,0,0,0,0,0,0,0,0,0,0,0,0,0,0,0,0,0,0,0,0,0,0,0,0,0,0,0,0,0,0,0,0,0,0,0,0,0,0,0,0,0
0,0,0,0,0,0,0,0,0,0,1,0,0,0,1,0,0,0,0,1,0,0,0,0,1,0,0,1,2,3,1,3,2,4,3,3,6,3,3,5,2,5,5,6,4,4,10,4,6,7,3,7,7,3,11,5,15,7,5,12,10,13,10,15,9,10,9,6,9,14,3,10,12,11,3,6,8,6,5,9,6,5,8,6,5,4,7,2,4,3,7,2,5,1,4,4,0,6,3,0,1,0,1,2,4,0,1,0,1,0,3,0,1,1,0,0,0,0,1,0,0,0,0,0,0,0,1,0,1,0,0,1,0,0,0,0,0,0,0,0,0,0,0,0,0,0,0,0,0,0,0,0,0,0,0,0,0,0,0,0,0,0,0,0,0,0,0,0,0,0,0,0,0,0,0,0,0,0,0,0,0,0,0,0,0,0,0,0,0,0,0,0,0,0,0,0,0,0,0,0
0,0,0,0,0,1,0,0,0,0,1,0,0,0,2,0,0,1,0,1,0,0,0,0,0,0,0,0,1,1,1,1,5,0,2,2,3,3,3,2,4,0,3,9,4,4,4,5,3,2,8,6,5,3,15,11,6,11,10,5,7,8,10,8,13,11,10,12,8,7,6,7,8,8,8,10,5,6,4,7,9,8,9,4,7,7,5,7,3,1,3,5,3,1,2,4,3,2,2,1,4,2,4,1,0,1,4,3,0,1,0,1,2,0,0,0,0,0,0,0,0,0,0,0,0,0,0,0,0,0,0,0,0,0,0,0,0,0,0,0,0,0,0,0,0,0,0,0,0,0,0,0,0,0,0,0,0,0,0,0,0,0,0,0,0,0,0,0,0,0,0,0,0,0,0,0,0,0,0,0,0,0,0,0,0,0,0,0,0,0,0,0,0,0,0,0,0,0,0,0
0,0,0,0,1,0,0,0,0,0,0,0,0,1,1,0,0,0,0,0,0,1,1,0,0,0,1,2,3,2,6,1,4,2,3,0,2,2,7,4,2,4,5,5,7,2,5,7,4,3,12,4,9,7,6,8,13,3,6,5,11,5,11,5,4,12,7,15,7,5,14,9,9,13,8,10,4,2,7,4,6,7,8,4,4,3,5,7,3,2,3,2,4,0,3,1,3,2,2,0,2,0,2,0,0,2,3,2,2,0,0,0,0,0,3,0,1,0,0,1,0,0,1,0,0,0,0,0,0,0,0,0,0,0,0,0,0,0,0,0,0,0,0,0,1,0,0,0,0,0,0,0,0,0,0,0,0,0,0,0,0,0,0,0,0,0,0,0,0,0,0,0,0,0,0,0,0,0,0,0,0,0,0,0,0,0,0,0,0,0,0,0,0,0,0,0,0,0,0,0
0,0,0,0,0,0,0,0,0,0,1,0,0,0,0,0,0,1,0,0,0,0,0,0,1,0,0,1,1,2,1,1,2,3,2,0,4,3,1,3,3,5,1,5,4,9,6,2,3,5,12,8,5,6,5,5,9,6,13,6,5,5,11,7,8,16,7,3,7,10,7,8,15,6,6,6,11,4,4,4,2,6,3,5,5,2,3,6,6,3,1,0,2,2,0,0,4,4,1,1,0,3,2,1,1,2,1,0,0,0,1,1,0,2,0,0,0,1,0,1,1,0,0,0,0,0,0,0,0,0,0,0,0,0,0,0,0,0,0,0,0,0,0,0,0,0,0,0,0,1,0,0,0,0,0,0,0,0,0,0,0,0,0,0,0,0,0,0,0,0,0,0,0,0,0,0,0,0,0,0,0,0,0,0,0,0,0,0,0,0,0,0,0,0,0,0,0,0,0,0
0,0,0,0,0,0,0,0,0,0,1,0,0,0,1,0,0,0,0,0,0,0,0,0,0,0,0,2,1,1,0,2,0,2,1,2,5,6,2,5,3,3,5,3,4,0,1,3,2,3,8,5,6,6,9,4,7,7,3,7,12,9,9,10,5,12,9,10,13,9,7,19,5,5,14,8,10,8,7,6,7,2,7,5,6,4,3,5,3,4,1,2,1,2,4,1,1,3,3,3,0,0,3,1,0,0,1,0,0,1,0,1,0,1,2,0,0,0,0,0,0,0,0,0,0,0,0,0,0,0,0,0,0,0,0,0,0,0,0,0,0,0,0,0,0,0,0,0,0,0,0,0,0,0,0,0,0,0,0,0,0,0,0,0,0,0,0,0,0,0,0,0,0,0,0,0,0,0,0,0,0,0,0,0,0,0,0,0,0,0,0,0,0,0,0,0,0,0,0,0
0,0,0,0,0,0,0,0,0,0,1,0,0,0,0,0,0,0,0,0,0,2,0,0,2,0,1,0,1,0,1,0,0,5,3,4,3,1,5,5,5,2,8,2,2,4,8,6,4,7,8,4,5,6,9,11,8,8,7,4,10,13,8,7,6,10,7,6,12,8,8,1,9,5,9,9,3,4,4,8,3,5,3,5,3,5,2,5,8,2,4,0,6,0,3,3,1,1,1,2,0,2,3,2,0,1,2,0,0,0,0,2,0,0,0,1,1,1,0,0,0,0,0,0,0,0,0,0,0,0,0,0,0,0,0,0,0,0,0,0,0,0,0,0,0,0,0,0,0,0,0,0,0,0,0,0,0,0,0,0,0,0,0,0,0,0,0,0,0,0,0,0,0,0,0,0,0,0,0,0,0,0,0,0,0,0,0,0,0,0,0,0,0,0,0,0,0,0,0,0
0,0,0,0,0,0,0,0,0,0,0,0,0,0,0,0,0,0,0,0,0,1,0,0,0,0,0,1,1,4,3,2,2,2,3,0,6,2,2,3,5,1,12,3,5,2,2,5,5,5,4,10,7,8,6,3,4,5,8,6,12,16,5,7,11,8,1,6,11,10,8,10,3,13,1,1,7,11,11,7,6,3,8,4,5,3,5,3,1,1,4,3,4,2,2,3,0,1,2,2,1,2,0,2,0,0,1,2,0,1,0,0,0,1,0,0,0,1,0,0,0,0,0,0,0,0,0,0,0,0,0,0,0,0,0,0,0,0,0,0,0,0,0,0,1,0,0,0,0,0,0,0,0,0,0,0,0,0,0,0,0,0,0,0,0,0,0,0,0,0,0,0,0,0,0,0,0,0,0,0,0,0,0,0,0,0,0,0,0,0,0,0,0,0,0,0,0,0,0,0
0,0,0,0,0,0,0,0,0,0,0,0,0,0,0,0,0,0,0,0,1,0,0,0,1,0,0,1,2,1,1,1,0,3,1,2,4,3,0,3,2,1,8,4,2,1,4,2,3,4,9,6,4,8,6,11,10,9,10,6,10,7,6,5,17,9,9,7,11,8,13,6,7,11,8,5,3,4,8,5,4,2,9,5,4,5,5,2,1,2,3,1,3,3,4,2,2,2,1,0,1,0,1,0,2,0,0,1,0,1,0,0,0,2,1,0,1,0,0,0,0,0,0,0,0,0,0,0,0,0,0,0,0,0,0,0,0,0,0,0,0,0,0,0,0,0,0,0,0,0,0,0,0,0,0,0,0,0,0,0,0,0,0,0,0,0,0,0,0,0,0,0,0,0,0,0,0,0,0,0,0,0,0,0,0,0,0,0,0,0,0,0,0,0,0,0,0,0,0,0
0,0,0,0,0,0,0,0,0,0,0,0,0,0,0,0,1,0,0,0,0,0,0,1,0,0,0,2,2,2,1,1,1,1,1,5,6,3,1,9,2,4,2,2,5,4,5,4,4,2,13,7,9,8,5,11,2,6,5,7,4,4,7,8,6,6,7,6,5,5,5,5,9,11,5,7,5,9,8,0,2,6,8,7,3,3,1,1,4,4,1,6,2,3,3,1,3,1,0,0,3,0,1,1,0,1,1,0,0,1,1,0,0,1,0,0,0,0,0,0,0,0,0,0,0,0,0,1,0,0,0,0,0,0,0,0,0,0,0,0,0,0,0,0,0,0,0,0,0,0,0,0,0,0,0,0,0,0,0,0,0,0,0,0,0,0,0,0,0,0,0,0,0,0,0,0,0,0,0,0,0,0,0,0,0,0,0,0,0,0,0,0,0,0,0,0,0,0,0,0
0,0,0,0,0,0,0,0,0,0,0,0,0,0,0,0,0,0,0,0,0,0,0,0,2,1,0,0,1,0,1,0,2,3,2,1,4,1,1,4,9,5,1,7,7,5,3,5,7,3,8,7,7,6,8,3,7,8,6,7,9,7,5,5,10,8,6,7,7,6,6,11,10,6,6,8,6,9,2,2,3,4,3,7,5,4,4,3,2,3,4,4,1,2,5,1,3,0,2,3,1,0,2,2,0,0,0,1,1,0,1,0,0,0,1,1,0,0,0,0,0,0,0,0,0,0,0,0,0,0,0,0,0,0,0,0,0,0,0,0,0,0,0,0,0,0,0,0,0,0,0,0,0,0,0,0,0,0,0,0,0,0,0,0,0,0,0,0,0,0,0,0,0,0,0,0,0,0,0,0,0,0,0,0,0,0,0,0,0,0,0,0,0,0,0,0,0,0,0,0
0,0,0,0,0,0,0,0,0,0,1,0,0,0,0,0,0,0,1,0,0,0,1,0,1,0,0,1,2,1,0,1,0,0,2,2,1,1,3,2,2,0,3,4,1,6,2,6,3,5,9,10,12,5,7,7,5,6,6,7,9,5,8,8,6,1,12,6,6,2,4,10,7,5,6,2,4,2,6,2,4,2,4,3,8,5,7,1,5,4,4,3,0,2,1,3,1,3,0,1,2,2,2,0,1,1,3,1,1,0,0,0,0,1,1,1,0,0,1,0,1,1,0,1,0,1,0,0,0,1,0,0,0,0,0,0,0,0,0,0,0,0,0,0,0,0,0,0,0,0,0,0,0,0,0,0,0,0,0,0,0,0,0,0,0,0,0,0,0,0,0,0,0,0,0,0,0,0,0,0,0,0,0,0,0,0,0,0,0,0,0,0,0,0,0,0,0,0,0,0
0,0,0,0,0,0,0,0,0,0,0,0,0,0,0,0,0,0,0,0,1,1,0,0,0,0,0,2,1,0,1,0,0,0,2,5,0,2,2,2,6,4,3,0,4,3,7,2,8,3,8,6,2,6,6,4,7,7,5,3,7,6,14,6,5,7,4,10,7,6,7,7,10,6,7,6,8,4,4,8,2,4,4,6,6,3,4,1,4,3,2,0,2,3,3,0,3,1,1,1,1,0,0,1,2,0,0,1,0,0,0,1,0,1,0,1,0,0,0,0,0,0,1,1,0,0,0,0,0,0,0,0,1,0,0,0,0,0,0,0,0,0,0,0,0,0,0,0,0,0,0,0,0,0,0,0,0,0,0,0,0,0,0,0,0,0,0,0,0,0,0,0,0,0,0,0,0,0,0,0,0,0,0,0,0,0,0,0,0,0,0,0,0,0,0,0,0,0,0,0
0,0,0,0,0,0,0,0,0,0,2,0,0,0,1,0,0,0,0,0,1,0,0,0,0,0,1,0,1,0,0,1,1,2,1,4,0,3,3,4,4,3,7,1,4,3,4,3,1,4,6,5,4,4,7,5,6,8,11,5,10,7,1,2,8,8,1,8,3,8,4,12,5,4,8,6,7,3,4,8,4,2,4,7,1,2,4,2,2,1,3,5,2,0,1,1,1,2,0,1,1,1,2,1,1,0,0,0,0,0,1,0,0,0,0,0,0,0,0,0,0,1,0,0,0,0,0,0,0,0,0,0,0,0,0,0,0,0,0,0,0,0,0,0,0,0,0,0,0,0,0,0,0,0,0,0,0,0,0,0,0,0,0,0,0,0,0,0,0,0,0,0,0,0,0,0,0,0,0,0,0,0,0,0,0,0,0,0,0,0,0,0,0,0,0,0,0,0,0,0
0,0,0,0,0,1,0,0,0,0,2,0,0,0,0,0,1,0,0,0,0,0,0,0,0,0,1,0,1,2,1,1,1,4,0,1,1,0,1,4,2,3,4,3,4,4,5,3,7,3,4,5,5,5,5,5,7,3,7,7,7,9,10,9,4,13,7,7,3,4,14,5,3,6,2,6,4,2,5,4,6,3,5,5,3,5,2,1,4,2,3,2,1,1,1,2,0,1,2,0,1,1,2,0,1,0,1,2,0,0,2,0,0,0,0,0,0,0,0,0,0,0,0,0,0,0,0,0,0,0,0,0,0,0,0,0,0,0,0,0,0,0,0,0,0,0,0,0,0,0,0,0,0,0,0,0,0,0,0,0,0,0,0,0,0,0,0,0,0,0,0,0,0,0,0,0,0,0,0,0,0,0,0,0,0,0,0,0,0,0,0,0,0,0,0,0,0,0,0,0
0,0,0,0,0,0,0,0,0,0,0,0,0,0,1,0,0,0,0,0,0,0,0,0,1,0,0,0,0,0,0,0,1,1,0,0,2,3,1,4,2,5,5,2,5,4,2,0,3,4,7,3,5,4,8,5,7,2,4,4,10,6,5,5,5,10,7,6,6,6,5,11,6,8,1,7,7,0,2,1,7,1,4,3,1,2,7,4,1,1,1,3,0,0,1,3,1,2,2,1,1,2,3,3,0,0,1,0,0,0,0,1,1,0,0,0,0,0,0,0,0,0,0,0,1,0,0,0,0,0,0,0,0,0,0,0,0,0,0,0,0,0,0,0,0,0,0,0,0,0,0,0,0,0,0,0,0,0,0,0,0,0,0,0,0,0,0,0,0,0,0,0,0,0,0,0,0,0,0,0,0,0,0,0,0,0,0,0,0,0,0,0,0,0,0,0,0,0,0,0
0,0,0,0,1,1,0,0,0,0,0,0,0,1,0,0,2,0,0,0,1,0,0,0,0,0,0,1,1,2,0,0,0,1,1,1,1,2,2,2,1,2,2,2,3,8,2,4,3,2,1,3,7,1,5,4,9,3,4,3,3,5,11,8,9,5,7,6,5,5,4,4,8,7,5,7,2,0,3,5,4,2,2,0,1,3,2,2,2,4,1,3,1,4,3,1,1,1,0,2,1,2,0,2,0,0,0,1,0,0,0,2,0,0,1,0,0,0,0,0,0,0,0,0,1,0,0,0,0,0,0,0,0,0,0,0,0,0,0,0,0,0,0,0,0,0,0,0,0,0,0,0,0,0,0,0,0,0,0,0,0,0,0,0,0,0,0,0,0,0,0,0,0,0,0,0,0,0,0,0,0,0,0,0,0,0,0,0,0,0,0,0,0,0,0,0,0,0,0,0
0,0,0,0,0,0,0,0,0,0,0,0,0,0,1,0,0,0,1,1,0,0,1,1,1,0,0,1,1,5,2,0,0,1,3,1,3,2,1,0,2,6,3,2,4,8,4,1,3,2,4,3,5,2,8,9,7,3,7,8,8,6,10,5,9,2,3,5,5,6,7,10,3,4,4,6,8,6,8,6,3,5,5,5,2,3,3,3,2,0,1,3,2,2,2,0,2,1,0,0,1,0,1,1,0,0,0,0,0,0,1,0,0,0,0,0,0,0,0,0,0,0,0,1,0,0,0,0,0,0,0,0,0,0,0,0,0,0,0,0,0,0,0,0,0,0,0,0,0,0,0,0,0,0,0,0,0,0,0,0,0,0,0,0,0,0,0,0,0,0,0,0,0,0,0,0,0,0,0,0,0,0,0,0,0,0,0,0,0,0,0,0,0,0,0,0,0,0,0,0
0,0,0,0,0,0,0,0,0,0,1,0,0,0,0,0,0,0,0,0,0,0,0,1,0,1,1,0,0,0,0,0,0,2,2,0,2,2,0,2,3,3,2,2,4,4,2,2,3,2,10,6,3,3,8,5,6,2,4,5,6,2,11,1,7,4,7,5,6,10,6,5,4,5,1,5,2,2,4,3,5,7,3,2,4,4,2,0,4,1,1,4,2,3,0,2,4,1,1,1,0,1,1,2,0,3,2,0,1,0,1,0,0,0,0,0,0,0,0,1,0,2,0,0,0,1,0,0,0,0,0,0,0,0,0,0,0,0,0,0,0,0,0,0,0,0,0,0,0,0,0,0,0,0,0,0,0,1,0,0,0,0,0,0,0,0,0,0,0,0,0,0,0,0,0,0,0,0,0,0,0,0,0,0,0,0,0,0,0,0,0,0,0,0,0,0,0,0,0,0
0,0,0,0,0,0,0,0,0,0,0,0,0,0,2,0,0,0,0,0,0,0,0,0,0,1,1,0,0,1,0,0,1,3,0,3,1,1,0,2,3,3,5,3,2,2,4,2,3,5,7,4,6,4,5,6,4,5,5,5,2,6,5,8,1,3,5,9,5,7,1,5,6,4,6,2,4,2,4,6,4,4,3,2,5,2,3,3,2,1,2,2,0,1,2,1,1,0,1,2,0,1,2,0,0,1,0,0,0,0,1,0,0,0,0,0,0,0,0,0,0,0,0,0,0,0,0,0,0,0,0,0,0,0,0,0,0,0,0,0,0,0,0,0,0,0,0,0,0,0,0,0,0,0,0,0,0,0,0,0,0,0,0,0,0,0,0,0,0,0,0,0,0,0,0,0,0,0,0,0,0,0,0,0,0,0,0,0,0,0,0,0,0,0,0,0,0,0,0,0
0,0,0,0,0,0,0,0,0,0,0,0,0,0,0,0,0,1,0,0,0,0,0,0,0,1,1,0,2,1,0,1,1,1,2,2,6,3,1,5,0,3,2,2,4,1,0,1,3,2,3,6,5,5,4,5,4,3,9,3,6,6,6,3,2,8,7,3,11,4,2,3,3,3,6,4,6,6,5,5,8,3,4,5,4,3,2,2,2,3,4,6,4,1,1,0,1,1,1,1,0,0,0,1,0,0,2,0,0,0,0,0,0,0,1,0,0,0,0,0,0,1,0,0,1,0,0,0,0,0,0,0,0,0,0,0,0,0,0,0,0,0,0,0,0,0,0,0,0,0,0,0,0,0,0,0,0,0,0,0,0,0,0,0,0,0,0,0,0,0,0,0,0,0,0,0,0,0,0,0,0,0,0,0,0,0,0,0,0,0,0,0,0,0,0,0,0,0,0,0
0,0,0,0,0,0,0,0,0,0,0,0,0,0,0,0,2,0,0,0,0,0,0,0,1,0,1,1,2,0,1,1,0,4,1,2,1,1,2,1,3,4,2,0,2,2,4,4,6,0,6,8,6,4,4,3,5,3,6,2,5,5,10,7,8,4,4,2,6,5,5,8,2,3,4,2,2,4,3,2,4,5,7,4,7,1,3,4,1,2,2,3,1,2,0,0,1,2,0,0,0,2,0,1,0,0,1,0,2,2,0,0,0,0,2,1,0,0,0,0,0,0,0,0,0,0,0,0,0,0,0,0,0,0,0,0,0,0,0,0,0,0,0,0,0,0,0,0,0,0,0,0,0,0,0,0,0,0,0,0,0,0,0,0,0,0,0,0,0,0,0,0,0,0,0,0,0,0,0,0,0,0,0,0,0,0,0,0,0,0,0,0,0,0,0,0,0,0,0,0
0,0,0,0,0,0,0,0,0,0,0,0,0,0,0,0,1,0,0,0,1,0,0,1,1,0,0,2,1,1,1,0,3,5,2,0,2,2,2,4,1,2,1,3,2,3,5,2,4,3,2,3,10,6,10,8,1,1,6,4,6,1,3,7,5,4,7,7,5,4,8,6,2,6,3,3,4,2,5,3,2,3,2,2,4,3,1,2,2,4,2,3,1,2,0,1,1,1,1,0,1,0,1,2,1,0,0,1,0,0,0,0,0,1,0,0,0,0,0,0,0,0,1,0,0,0,0,0,0,0,0,0,0,0,0,0,0,0,0,0,0,0,0,0,0,0,0,0,0,0,0,0,0,0,0,0,0,0,0,0,0,0,0,0,0,0,0,0,0,0,0,0,0,0,0,0,0,0,0,0,0,0,0,0,0,0,0,0,0,0,0,0,0,0,0,0,0,0,0,0
0,0,0,0,0,0,0,0,0,0,0,0,0,0,0,0,1,0,0,0,0,0,0,0,0,0,0,0,0,1,0,5,0,1,2,1,2,2,1,5,4,2,4,0,1,3,1,3,1,2,6,4,3,6,5,5,5,4,6,5,6,6,3,3,5,6,5,4,7,3,6,6,10,4,3,2,3,2,4,3,7,2,5,6,1,4,3,2,3,1,4,2,4,2,0,2,1,0,3,0,0,2,2,0,0,1,1,1,0,0,0,0,0,0,0,0,1,0,0,0,0,0,0,0,0,0,1,0,0,0,0,0,0,0,0,0,0,0,0,0,0,0,0,0,0,0,0,0,0,0,0,0,0,0,0,0,0,0,0,0,0,0,0,0,0,0,0,0,0,0,0,0,0,0,0,0,0,0,0,0,0,0,0,0,0,0,0,0,0,0,0,0,0,0,0,0,0,0,0,0
0,0,0,0,0,0,0,0,0,0,0,0,0,0,2,0,0,0,0,0,2,0,0,0,0,0,0,0,0,0,1,1,2,2,1,2,1,1,2,4,2,2,1,2,3,5,4,0,1,3,7,4,8,1,2,2,5,2,1,4,3,10,3,5,2,6,1,7,6,4,4,6,7,4,4,1,5,4,2,1,3,1,4,4,3,3,3,2,1,2,2,2,0,1,1,0,1,1,2,1,2,0,0,1,1,1,1,0,1,0,0,0,0,0,0,0,0,1,0,2,1,1,0,0,0,0,0,0,0,0,0,0,1,0,0,0,0,0,0,0,0,0,0,0,0,0,0,0,0,0,0,0,0,0,0,0,0,0,0,0,0,0,0,0,0,0,0,0,0,0,0,0,0,0,0,0,0,0,0,0,0,0,0,0,0,0,0,0,0,0,0,0,0,0,0,0,0,0,0,0
0,0,0,0,0,0,0,0,0,0,1,0,0,0,0,0,0,0,0,0,0,0,0,0,0,0,0,0,2,1,0,0,1,2,1,2,1,3,1,2,1,4,2,4,1,2,1,2,2,1,7,3,3,4,4,6,1,3,7,2,3,6,1,2,3,7,7,5,5,5,5,1,1,3,7,1,3,2,3,5,3,1,0,3,2,1,1,2,1,1,2,1,0,0,3,0,1,1,2,1,0,1,0,3,1,1,0,1,1,0,1,0,0,0,0,0,0,1,0,0,0,0,0,0,0,0,0,0,0,0,1,0,0,0,0,0,0,0,0,0,0,0,0,0,0,0,0,0,0,0,0,0,0,0,0,0,0,0,0,0,0,0,0,0,0,0,0,0,0,0,0,0,0,0,0,0,0,0,0,0,0,0,0,0,0,0,0,0,0,0,0,0,0,0,0,0,0,0,0,0
0,0,0,0,0,0,0,0,0,0,1,0,0,0,1,0,0,0,0,0,0,0,0,0,0,0,1,1,0,1,0,2,1,2,2,1,1,6,2,1,2,2,4,1,1,7,4,5,3,5,2,7,2,2,3,1,5,3,5,6,3,7,3,5,8,3,3,1,4,2,5,4,3,5,4,2,3,2,7,4,2,2,1,3,0,3,1,4,1,2,2,1,1,2,0,1,1,1,2,0,0,1,0,1,0,2,1,0,0,1,0,0,0,0,0,0,0,0,0,0,0,1,0,0,0,0,0,0,0,0,0,0,0,0,0,0,0,0,0,0,0,0,0,0,0,0,0,0,0,0,0,0,0,0,0,0,0,0,0,0,0,0,0,0,0,0,0,0,0,0,0,0,0,0,0,0,0,0,0,0,0,0,0,0,0,0,0,0,0,0,0,0,0,0,0,0,0,0,0,0
0,0,0,0,0,0,0,0,0,0,0,0,0,0,1,0,0,0,0,0,0,0,0,0,1,1,0,0,0,0,2,0,0,3,0,0,0,1,3,1,3,2,2,0,2,3,1,1,3,2,3,1,3,4,6,2,4,7,5,4,0,4,6,4,3,7,5,7,3,3,3,2,9,0,1,2,3,4,8,6,2,2,4,2,3,7,1,3,4,0,0,1,0,1,1,0,1,2,1,0,0,0,1,1,2,0,0,0,1,1,0,0,0,2,0,0,0,0,0,0,0,0,0,0,0,0,0,0,0,0,0,0,0,0,0,0,0,0,0,0,0,0,0,0,0,0,0,0,0,0,0,0,0,0,0,0,0,0,0,0,0,0,0,0,0,0,0,0,0,0,0,0,0,0,0,0,0,0,0,0,0,0,0,0,0,0,0,0,0,0,0,0,0,0,0,0,0,0,0,0
0,0,0,0,0,0,0,0,0,0,0,0,0,0,0,0,0,0,0,0,0,0,0,0,0,0,1,2,5,2,0,0,2,1,1,1,1,0,0,4,1,2,4,2,3,1,1,0,3,1,0,4,5,1,4,5,3,3,4,4,6,7,5,3,7,5,5,4,7,2,2,4,4,3,2,2,3,4,3,3,2,3,3,2,2,0,0,1,2,0,1,3,1,0,0,1,2,0,1,1,0,2,0,1,0,0,0,0,0,0,1,1,0,0,0,0,0,0,0,0,0,0,0,0,0,0,0,0,0,0,0,0,0,0,0,0,0,0,0,0,0,0,0,0,0,0,0,0,0,0,0,0,0,0,0,0,0,0,0,0,0,0,0,0,0,0,0,0,0,0,0,0,0,0,0,0,0,0,0,0,0,0,0,0,0,0,0,0,0,0,0,0,0,0,0,0,0,0,0,0
0,0,0,0,0,0,0,0,0,0,0,0,0,0,0,0,0,0,0,0,0,0,0,0,1,0,0,0,0,0,0,4,0,2,1,0,3,3,0,3,4,0,0,3,7,3,3,2,6,4,9,4,3,7,3,5,7,2,6,6,6,3,5,4,8,5,8,3,3,3,2,4,2,3,4,3,3,0,1,1,3,1,5,2,1,2,2,1,1,4,1,2,1,1,0,0,1,1,1,1,0,0,0,0,0,1,0,0,0,1,0,0,0,0,0,0,0,0,1,0,0,0,0,0,0,0,0,0,0,0,0,0,1,0,0,0,0,0,0,0,0,0,0,0,0,0,0,0,0,0,0,0,0,0,0,0,0,0,0,0,0,0,0,0,0,0,0,0,0,0,0,0,0,0,0,0,0,0,0,0,0,0,0,0,0,0,0,0,0,0,0,0,0,0,0,0,0,0,0,0
0,0,0,0,0,0,0,0,0,0,1,0,0,0,0,0,0,0,0,0,0,0,0,0,0,0,0,2,1,2,0,0,1,1,1,1,1,0,1,1,2,0,3,0,0,2,2,1,2,2,3,2,3,5,5,5,2,4,1,3,4,3,4,9,4,4,4,3,8,3,3,5,1,3,3,2,5,3,3,1,3,1,3,2,0,3,3,1,1,1,1,2,4,2,1,1,0,1,3,0,1,1,0,0,1,1,0,1,1,0,0,0,0,0,0,0,0,1,0,0,0,0,0,0,0,0,0,1,0,0,0,0,0,0,0,0,0,0,0,0,0,0,0,0,0,0,0,0,0,0,0,0,0,0,0,0,0,0,0,0,0,0,0,0,0,0,0,0,0,0,0,0,0,0,0,0,0,0,0,0,0,0,0,0,0,0,0,0,0,0,0,0,0,0,0,0,0,0,0,0
0,0,0,0,0,0,0,0,0,0,0,0,0,0,1,0,0,0,0,0,0,0,0,1,0,0,1,1,0,0,1,2,1,2,1,0,1,0,2,0,1,3,2,1,5,1,2,2,2,1,3,2,2,3,7,5,2,2,6,3,2,2,5,2,6,11,4,4,5,3,2,2,4,1,2,5,5,1,2,5,2,1,2,3,3,2,3,3,2,1,0,3,1,0,2,2,3,0,1,0,1,0,2,2,1,0,0,0,0,0,0,0,0,0,0,0,0,1,1,0,0,0,0,0,0,0,0,0,0,0,0,0,0,0,0,0,0,0,0,0,0,0,0,0,0,0,0,0,0,0,0,0,0,0,0,0,0,0,0,0,0,0,0,0,0,0,0,0,0,0,0,0,0,0,0,0,0,0,0,0,0,0,0,0,0,0,0,0,0,0,0,0,0,0,0,0,0,0,0,0
0,0,0,0,0,0,0,0,0,0,0,0,0,0,1,0,0,0,0,0,1,0,0,0,0,0,0,0,0,2,0,0,1,1,1,0,1,0,1,2,1,1,4,7,2,4,3,1,5,3,4,7,4,2,1,3,5,2,3,3,3,9,1,7,3,3,7,3,2,5,3,4,4,4,1,4,4,4,2,4,2,0,2,0,1,2,0,0,3,2,2,0,0,3,0,0,0,1,1,1,1,0,1,0,0,0,0,0,0,0,0,0,0,0,0,0,0,0,0,0,1,0,1,1,0,0,0,0,0,0,1,0,0,0,0,0,0,0,0,0,0,0,0,0,0,0,0,0,0,0,0,0,0,0,0,0,0,0,0,0,0,0,0,0,0,0,0,0,0,0,0,0,0,0,0,0,0,0,0,0,0,0,0,0,0,0,0,0,0,0,0,0,0,0,0,0,0,0,0,0
0,0,0,0,0,0,0,0,0,0,0,0,0,0,0,0,1,0,0,0,0,0,2,0,0,0,0,1,1,0,1,0,1,0,0,4,3,0,1,0,1,2,0,1,3,1,3,0,3,2,5,1,2,3,3,8,4,4,6,7,3,2,3,1,4,6,1,2,6,6,2,2,6,2,2,4,2,0,3,1,4,3,4,1,5,1,1,4,2,2,2,1,1,0,0,1,2,0,1,0,0,0,0,1,1,0,0,0,0,0,1,0,0,0,0,0,0,0,1,0,0,0,0,0,0,0,0,0,0,0,0,0,0,0,0,0,0,0,0,0,0,0,0,0,0,0,0,0,0,0,0,0,0,0,0,0,0,0,0,0,0,0,0,0,0,0,0,0,0,0,0,0,0,0,0,0,0,0,0,0,0,0,0,0,0,0,0,0,0,0,0,0,0,0,0,0,0,0,0,0
0,0,0,0,0,0,0,0,0,0,1,0,0,0,0,0,0,0,0,0,0,0,0,0,0,0,0,0,0,2,1,0,1,0,1,0,1,0,1,0,5,1,2,2,2,3,1,0,4,3,5,4,3,0,5,1,5,1,5,2,3,4,3,5,2,2,0,5,5,6,1,7,1,3,3,3,2,2,2,2,3,1,3,1,1,3,2,1,2,0,1,1,1,0,1,0,0,0,0,0,0,0,0,1,0,0,0,0,1,0,0,0,0,0,1,1,1,0,1,0,0,0,0,0,0,0,0,0,0,0,0,0,0,0,0,0,0,0,0,0,0,0,0,0,0,0,0,0,0,0,0,0,0,0,0,0,0,0,0,0,0,0,0,0,0,0,0,0,0,0,0,0,0,0,0,0,0,0,0,0,0,0,0,0,0,0,0,0,0,0,0,0,0,0,0,0,0,0,0,0
0,0,0,0,1,0,0,0,0,0,1,0,0,0,2,0,0,0,0,0,1,0,0,0,1,0,0,1,0,1,2,0,2,1,2,0,1,2,1,1,1,2,1,4,2,1,4,4,3,2,1,0,4,3,6,4,2,4,5,6,3,2,1,2,3,3,5,5,3,4,1,0,1,3,1,4,2,1,2,1,2,0,1,4,2,2,0,2,1,1,3,0,0,0,1,0,2,1,3,0,2,0,0,0,0,0,0,0,0,0,0,1,0,0,0,0,1,0,0,0,0,0,0,0,0,0,0,0,0,0,0,0,0,0,0,0,0,0,0,0,0,0,0,0,0,0,0,0,0,0,0,0,0,0,0,0,0,0,0,0,0,0,0,0,0,0,0,0,0,0,0,0,0,0,0,0,0,0,0,0,0,0,0,0,0,0,0,0,0,0,0,0,0,0,0,0,0,0,0,0
0,0,0,0,0,0,0,0,0,0,0,0,0,0,1,0,0,0,0,0,1,0,0,1,0,0,0,0,0,1,0,0,0,0,1,1,0,3,0,0,1,2,2,2,0,4,1,2,3,2,4,6,2,3,4,3,3,1,3,8,7,4,3,4,7,3,3,5,2,1,5,4,2,2,4,1,5,3,2,3,0,6,0,4,3,3,1,1,3,1,1,0,0,0,0,1,2,0,1,0,1,0,2,0,1,0,0,1,0,1,1,0,0,0,0,0,0,0,0,0,0,0,0,0,0,0,0,0,0,0,0,0,0,0,0,0,0,0,0,0,0,0,0,0,0,0,0,0,0,0,0,0,0,0,0,0,0,0,0,0,0,0,0,0,0,0,0,0,0,0,0,0,0,0,0,0,0,0,0,0,0,0,0,0,0,0,0,0,0,0,0,0,0,0,0,0,0,0,0,0
0,0,0,0,0,0,0,0,0,0,0,0,0,0,0,0,0,0,0,0,0,0,0,1,0,1,0,0,1,0,1,1,0,1,4,2,1,2,2,1,3,4,7,2,4,2,2,0,0,0,2,6,4,3,8,4,3,3,2,8,9,2,4,3,5,1,3,3,3,1,1,1,6,5,5,1,6,1,2,0,2,2,2,3,1,1,1,2,4,0,1,1,1,4,0,0,1,0,0,0,0,1,1,0,1,1,1,0,0,0,0,2,0,0,0,0,0,0,0,0,0,0,0,0,0,0,0,0,0,0,0,0,0,0,0,0,0,0,0,0,0,0,0,0,0,0,0,0,0,0,0,0,0,0,0,0,0,0,0,0,0,0,0,0,0,0,0,0,0,0,0,0,0,0,0,0,0,0,0,0,0,0,0,0,0,0,0,0,0,0,0,0,0,0,0,0,0,0,0,0
0,0,0,0,0,0,0,0,0,0,0,0,0,0,0,0,0,1,0,0,0,0,0,1,0,0,0,0,0,0,0,1,3,0,1,1,0,0,0,3,2,3,2,1,1,2,1,2,3,2,2,1,5,3,1,5,0,4,2,3,2,8,1,3,8,1,3,2,2,1,5,3,4,5,3,3,3,4,3,1,2,0,1,0,1,3,1,2,0,0,1,0,0,2,0,0,2,2,0,0,0,0,1,0,0,0,0,0,1,0,0,0,0,0,0,1,0,0,0,0,0,0,0,0,1,0,0,0,0,0,0,0,0,0,0,0,0,0,0,0,0,0,0,0,0,0,0,0,0,0,0,0,0,0,0,0,0,0,0,0,0,0,0,0,0,0,0,0,0,0,0,0,0,0,0,0,0,0,0,0,0,0,0,0,0,0,0,0,0,0,0,0,0,0,0,0,0,0,0,0
0,0,0,0,0,0,0,0,0,0,0,0,0,1,1,0,1,0,0,0,0,0,0,0,0,1,0,0,0,0,1,1,0,0,1,1,0,1,2,1,1,1,1,0,0,5,0,1,2,2,2,1,4,3,1,5,7,0,2,1,1,6,5,3,6,4,3,3,4,2,3,2,3,2,3,2,1,1,1,2,1,3,2,1,2,2,2,2,0,2,2,0,2,1,0,1,1,1,1,0,0,1,0,0,1,0,1,0,1,1,0,0,0,0,1,0,0,0,0,0,0,0,0,0,0,0,0,0,0,0,0,0,0,0,0,0,0,0,0,0,0,0,0,0,0,0,0,0,0,0,0,0,0,0,0,0,0,0,0,0,0,0,0,0,0,0,0,0,0,0,0,0,0,0,0,0,0,0,0,0,0,0,0,0,0,0,0,0,0,0,0,0,0,0,0,0,0,0,0,0
0,0,0,0,0,0,0,0,0,0,0,0,0,0,0,0,0,0,1,0,0,0,0,0,0,0,0,1,2,1,0,0,0,3,0,0,0,2,1,1,0,1,5,0,0,2,1,1,2,1,2,3,3,0,1,1,2,1,1,1,2,4,3,1,3,7,5,0,2,0,1,4,1,1,3,2,1,0,2,3,4,1,1,1,1,1,1,0,0,1,1,0,1,1,1,0,0,0,0,1,2,0,0,1,0,0,0,0,0,0,0,0,0,0,0,0,0,1,0,0,0,0,0,0,0,0,1,0,0,0,0,0,0,0,0,0,0,0,0,0,0,0,0,0,0,0,0,0,0,0,0,0,0,0,0,0,0,0,0,0,0,0,0,0,0,0,0,0,0,0,0,0,0,0,0,0,0,0,0,0,0,0,0,0,0,0,0,0,0,0,0,0,0,0,0,0,0,0,0,0
0,0,0,0,0,0,0,0,0,0,1,0,0,0,0,0,0,0,0,0,0,0,0,0,1,0,0,0,1,1,0,1,0,2,0,2,6,2,0,3,0,2,2,0,1,1,2,2,2,1,2,4,3,2,6,2,1,0,4,3,3,4,2,3,1,7,5,4,2,1,2,1,2,4,3,1,0,3,1,1,2,1,2,1,2,1,1,1,0,1,1,0,0,0,0,0,2,0,1,1,1,0,0,0,0,2,1,1,0,0,0,0,0,0,0,0,0,0,0,0,0,0,0,0,0,0,0,0,0,0,0,0,0,0,0,0,0,0,0,0,0,0,0,0,0,0,0,0,0,0,0,0,0,0,0,0,0,0,0,0,0,0,0,0,0,0,0,0,0,0,0,0,0,0,0,0,0,0,0,0,0,0,0,0,0,0,0,0,0,0,0,0,0,0,0,0,0,0,0,0
0,0,0,0,0,0,0,0,0,0,0,0,0,0,1,0,0,0,0,0,1,0,0,0,0,0,1,0,0,0,1,0,0,0,1,0,0,1,0,4,0,1,1,1,1,3,5,2,0,0,1,4,3,1,2,1,4,2,4,5,4,3,3,1,3,2,4,3,4,4,1,5,2,1,0,2,1,0,1,3,3,1,1,2,1,1,1,4,0,0,1,1,1,2,1,1,2,1,0,0,0,0,0,0,1,0,0,0,0,0,0,0,0,0,0,1,0,0,0,0,0,0,0,0,0,0,0,0,0,0,0,0,0,0,0,0,0,0,0,0,0,0,0,0,0,0,0,0,0,0,0,0,0,0,0,0,0,0,0,0,0,0,0,0,0,0,0,0,0,0,0,0,0,0,0,0,0,0,0,0,0,0,0,0,0,0,0,0,0,0,0,0,0,0,0,0,0,0,0,0
0,0,0,0,0,0,0,0,0,0,0,0,0,0,0,0,0,0,0,0,0,0,0,0,0,0,0,0,1,0,0,0,0,1,0,0,1,1,1,1,1,2,1,5,2,4,1,0,3,2,1,2,2,1,2,0,2,1,2,1,4,2,2,2,1,1,3,3,4,2,5,2,5,2,0,0,5,1,1,0,1,1,2,1,1,2,3,0,0,1,1,1,1,2,1,0,1,0,1,0,0,1,0,1,0,0,1,1,1,0,0,0,0,0,1,0,0,0,0,0,0,0,0,0,0,0,0,0,0,0,0,0,0,0,0,0,0,0,1,0,0,0,0,0,0,0,0,0,0,0,0,0,0,0,0,0,0,0,0,0,0,0,0,0,0,0,0,0,0,0,0,0,0,0,0,0,0,0,0,0,0,0,0,0,0,0,0,0,0,0,0,0,0,0,0,0,0,0,0,0
0,0,0,0,0,0,0,0,0,0,0,0,0,0,0,0,0,0,0,0,0,0,0,2,0,0,0,2,1,0,0,2,0,0,1,0,0,1,0,1,1,0,3,0,1,1,2,0,2,1,1,4,2,0,2,5,1,2,2,2,3,6,1,4,5,5,2,3,0,4,2,3,6,4,2,1,1,1,0,0,1,1,1,1,3,2,1,1,1,0,1,0,2,0,0,1,0,2,0,0,0,0,0,0,0,0,1,1,0,0,0,0,0,0,0,0,0,0,0,0,0,0,0,0,0,0,0,0,0,0,0,0,0,0,0,0,0,0,0,0,0,0,0,0,0,0,0,0,0,0,0,0,0,0,0,0,0,0,0,0,0,0,0,0,0,0,0,0,0,0,0,0,0,0,0,0,0,0,0,0,0,0,0,0,0,0,0,0,0,0,0,0,0,0,0,0,0,0,0,0
0,0,0,0,0,0,0,0,0,0,0,0,0,0,0,0,1,0,1,0,0,0,0,0,0,0,0,0,1,2,0,0,0,1,0,0,0,2,3,0,2,1,2,2,0,2,5,1,3,0,2,0,1,2,0,3,2,1,2,2,0,2,2,0,4,4,4,2,2,0,3,2,0,1,1,1,1,2,0,3,3,0,0,0,3,1,1,2,2,0,2,1,0,0,0,0,3,3,0,1,1,0,0,0,0,1,0,0,0,0,0,0,0,0,0,0,0,0,0,0,0,0,0,0,0,0,0,0,0,0,0,0,0,0,0,0,0,0,0,0,0,0,0,0,0,0,0,0,0,0,0,0,0,0,0,0,0,0,0,0,0,0,0,0,0,0,0,0,0,0,0,0,0,0,0,0,0,0,0,0,0,0,0,0,0,0,0,0,0,0,0,0,0,0,0,0,0,0,0,0
0,0,0,0,0,1,0,0,0,0,0,0,0,0,0,0,0,0,0,0,0,0,0,0,0,0,0,0,0,1,1,0,1,2,0,0,2,0,0,1,0,3,0,0,0,0,2,1,3,1,4,3,1,2,2,0,3,4,3,2,1,4,1,1,6,2,4,1,1,4,2,2,1,2,2,2,1,0,1,1,3,0,1,0,0,3,1,3,0,0,1,1,1,0,1,0,1,1,1,0,0,1,0,0,0,0,0,0,1,1,1,0,0,0,0,0,0,0,0,0,0,0,0,0,0,0,0,0,0,0,0,0,0,0,0,0,0,0,0,0,0,0,0,0,0,0,0,0,0,0,0,0,0,0,0,0,0,0,0,0,0,0,0,0,0,0,0,0,0,0,0,0,0,0,0,0,0,0,0,0,0,0,0,0,0,0,0,0,0,0,0,0,0,0,0,0,0,0,0,0
0,0,0,0,0,0,0,0,0,0,0,0,0,0,0,0,1,0,0,0,1,0,0,0,0,0,0,0,0,1,0,0,1,0,0,1,2,1,1,1,1,1,2,1,2,1,0,1,1,0,2,1,4,1,4,2,3,4,3,1,3,3,2,6,2,4,3,4,5,3,2,1,2,1,4,2,2,0,0,2,1,2,1,2,4,2,1,4,1,1,0,2,0,0,0,0,1,0,0,1,0,0,1,0,0,0,0,0,0,0,0,0,1,0,0,0,0,0,0,1,0,0,0,0,0,0,0,0,0,0,0,0,0,0,0,0,0,0,0,0,0,0,0,0,0,0,0,0,0,0,0,0,0,0,0,0,0,0,0,0,0,0,0,0,0,0,0,0,0,0,0,0,0,0,0,0,0,0,0,0,0,0,0,0,0,0,0,0,0,0,0,0,0,0,0,0,0,0,0,0
0,0,0,0,0,0,0,0,0,0,0,0,0,0,1,0,0,0,0,0,2,0,0,0,0,0,0,0,0,0,0,0,0,0,1,1,1,4,2,1,1,4,2,1,4,4,0,1,0,0,1,1,0,1,2,2,2,1,0,3,2,2,1,6,1,2,2,3,3,1,4,0,2,1,2,2,3,1,3,1,3,2,0,1,4,1,2,0,1,1,2,1,1,0,1,0,0,0,0,3,0,0,0,0,0,0,0,1,0,0,0,0,0,0,1,0,0,0,0,0,0,0,0,0,0,0,0,0,0,0,0,0,0,0,0,0,0,0,0,0,0,0,0,0,0,0,0,0,0,0,0,0,0,0,0,0,0,0,0,0,0,0,0,0,0,0,0,0,0,0,0,0,0,0,0,0,0,0,0,0,0,0,0,0,0,0,0,0,0,0,0,0,0,0,0,0,0,0,0,0
0,0,0,0,1,0,0,0,0,0,1,0,0,0,0,0,0,0,0,0,0,0,0,0,0,0,1,0,2,1,0,0,0,1,0,0,1,0,1,0,1,4,4,2,4,2,1,0,0,3,1,3,2,3,1,1,1,1,2,1,2,0,3,4,3,2,4,3,4,5,1,0,1,1,1,3,4,1,1,2,0,0,2,1,1,0,0,3,2,1,2,0,0,1,0,1,0,0,0,1,1,0,1,1,0,0,1,1,0,0,0,0,1,0,0,0,0,0,0,0,0,0,0,0,0,0,0,0,0,0,0,0,0,0,0,0,0,0,0,0,0,0,0,0,0,0,0,0,0,0,0,0,0,0,0,0,0,0,0,0,0,0,0,0,0,0,0,0,0,0,0,0,0,0,0,0,0,0,0,0,0,0,0,0,0,0,0,0,0,0,0,0,0,0,0,0,0,0,0,0
0,0,0,0,0,0,0,0,0,0,0,0,0,0,0,0,0,0,0,0,0,0,0,0,0,1,0,0,1,1,0,0,0,0,1,1,1,2,0,0,1,0,0,2,0,2,2,2,6,3,0,0,1,3,1,1,1,3,1,4,2,1,5,1,0,1,5,4,2,3,2,0,3,2,3,2,1,1,1,2,2,4,0,1,1,2,0,3,1,0,2,2,1,1,1,2,0,0,1,1,0,0,0,0,1,0,0,1,0,0,1,0,0,0,0,0,0,0,0,0,0,0,0,0,0,0,0,0,0,0,0,0,0,0,0,0,0,0,0,0,0,0,0,0,0,0,0,0,0,0,0,0,0,0,0,0,0,0,0,0,0,0,0,0,0,0,0,0,0,0,0,0,0,0,0,0,0,0,0,0,0,0,0,0,0,0,0,0,0,0,0,0,0,0,0,0,0,0,0,0
0,0,0,0,0,0,0,0,0,0,0,0,0,0,0,0,1,1,0,0,1,0,0,1,1,0,0,0,0,1,0,1,1,1,0,0,0,0,1,0,3,2,2,0,2,1,2,1,0,1,2,2,2,1,2,1,4,3,2,3,2,4,1,3,2,2,1,1,0,1,2,0,1,1,2,3,2,0,4,1,1,2,2,0,0,1,2,1,0,0,2,1,0,0,0,0,0,1,0,1,0,1,0,0,0,0,1,0,0,0,0,0,1,0,0,0,0,0,0,0,0,0,0,0,0,0,0,0,0,0,0,0,0,0,0,0,0,0,0,0,0,0,0,0,0,0,0,0,0,0,0,0,0,0,0,0,0,0,0,0,0,0,0,0,0,0,0,0,0,0,0,0,0,0,0,0,0,0,0,0,0,0,0,0,0,0,0,0,0,0,0,0,0,0,0,0,0,0,0,0
0,0,0,0,0,0,0,0,0,0,0,0,0,0,1,0,0,0,0,0,0,1,0,0,0,0,0,0,0,1,1,0,0,1,1,0,1,0,3,0,0,3,2,2,1,3,0,1,0,1,1,4,1,0,0,3,1,3,4,0,2,3,4,4,2,0,2,0,3,1,0,2,2,0,2,0,1,2,0,1,1,2,3,1,0,1,4,0,1,0,2,0,1,2,0,0,0,0,0,0,1,1,0,0,0,0,0,1,0,0,0,0,0,0,0,0,0,0,0,0,1,0,0,0,0,0,0,0,0,0,0,0,0,0,0,0,0,0,0,0,0,0,0,0,0,0,0,0,0,0,0,0,0,0,0,0,0,0,0,0,0,0,0,0,0,0,0,0,0,0,0,0,0,0,0,0,0,0,0,0,0,0,0,0,0,0,0,0,0,0,0,0,0,0,0,0,0,0,0,0
0,0,0,0,0,0,0,0,0,0,0,0,0,0,0,0,0,0,0,0,0,0,0,0,0,0,0,0,0,0,0,0,0,3,0,0,0,2,0,1,1,4,2,0,2,0,1,3,1,0,2,1,1,2,2,3,1,1,3,0,6,0,1,5,2,1,3,1,3,0,0,0,2,2,4,2,1,0,0,2,3,4,3,2,1,3,0,1,1,0,1,0,1,0,1,0,0,0,0,0,1,0,1,0,0,1,0,1,0,0,0,0,0,1,0,0,0,0,0,0,0,0,0,0,1,0,0,0,0,0,0,0,0,0,0,0,0,0,0,0,0,0,0,0,0,0,0,0,0,0,0,0,0,0,0,0,0,0,0,0,0,0,0,0,0,0,0,0,0,0,0,0,0,0,0,0,0,0,0,0,0,0,0,0,0,0,0,0,0,0,0,0,0,0,0,0,0,0,0,0
0,0,0,0,0,0,0,0,0,0,0,0,0,0,1,0,0,0,0,0,0,0,0,0,0,0,0,0,0,1,2,0,0,0,0,1,1,0,0,3,1,0,1,0,1,0,0,3,2,1,1,0,1,1,3,2,1,0,3,1,2,1,1,1,1,0,1,2,2,3,4,3,6,1,0,2,1,1,2,1,3,3,1,0,0,5,0,2,0,0,0,1,0,1,2,0,1,0,0,1,1,0,0,0,2,0,0,0,0,0,1,0,0,0,0,0,0,0,0,1,0,0,0,0,0,0,0,0,0,0,0,0,0,0,0,0,0,0,0,0,0,0,0,0,0,0,0,0,0,0,0,0,0,0,0,0,0,0,0,0,0,0,0,0,0,0,0,0,0,0,0,0,0,0,0,0,0,0,0,0,0,0,0,0,0,0,0,0,0,0,0,0,0,0,0,0,0,0,0,0
0,0,0,0,1,0,0,0,0,0,0,0,0,0,1,0,0,0,0,0,0,0,0,0,0,0,0,0,1,0,0,0,0,1,3,0,2,0,2,0,0,1,1,0,2,2,0,2,0,2,2,2,1,1,2,1,4,2,1,2,1,2,0,3,3,2,1,1,0,3,0,3,4,1,2,2,1,4,1,0,0,2,0,1,0,0,0,0,0,1,0,1,1,0,0,0,0,0,1,1,1,0,1,0,1,0,0,0,0,0,0,0,0,0,0,0,0,0,0,0,0,0,0,0,0,0,0,0,0,0,0,0,0,0,0,0,0,0,0,0,0,0,0,0,0,0,0,0,0,0,0,0,0,0,0,0,0,0,0,0,0,0,0,0,0,0,0,0,0,0,0,0,0,0,0,0,0,0,0,0,0,0,0,0,0,0,0,0,0,0,0,0,0,0,0,0,0,0,0,0
0,0,0,0,0,0,0,0,0,0,0,0,0,0,0,0,0,0,0,0,0,0,0,0,0,0,1,1,0,1,0,0,0,1,0,0,2,0,0,1,1,1,2,1,0,2,1,1,0,0,3,2,0,1,1,6,3,0,2,1,1,2,2,0,1,1,1,4,3,1,1,3,1,1,2,1,0,1,0,0,1,0,3,3,1,1,0,0,0,2,1,0,0,0,1,0,0,0,1,0,0,0,0,1,0,0,0,0,1,0,0,1,0,0,1,0,0,0,0,0,1,0,0,0,0,0,0,0,0,0,0,0,0,0,0,0,0,0,0,0,0,0,0,0,0,0,0,0,0,0,0,0,0,0,0,0,0,0,0,0,0,0,0,0,0,0,0,0,0,0,0,0,0,0,0,0,0,0,0,0,0,0,0,0,0,0,0,0,0,0,0,0,0,0,0,0,0,0,0,0
0,0,0,0,0,0,0,0,0,0,0,0,0,0,0,0,0,0,0,0,0,1,0,0,0,0,0,0,0,0,0,1,0,0,0,0,0,1,0,0,0,1,2,0,1,3,0,0,3,0,5,0,2,0,2,2,3,2,0,1,2,3,2,0,1,1,0,2,4,0,0,1,0,2,1,3,2,4,1,0,2,0,0,2,0,0,1,2,2,0,0,0,0,0,1,0,0,0,1,0,0,0,0,0,0,0,0,0,0,0,0,0,0,0,0,0,0,0,0,0,0,0,0,0,0,0,0,0,0,0,0,0,0,0,0,0,0,0,0,0,0,0,0,0,0,0,0,0,0,0,0,0,0,0,0,0,0,0,0,0,0,0,0,0,0,0,0,0,0,0,0,0,0,0,0,0,0,0,0,0,0,0,0,0,0,0,0,0,0,0,0,0,0,0,0,0,0,0,0,0
0,0,0,0,0,0,0,0,0,0,0,0,0,0,0,0,0,0,0,0,0,1,0,0,0,0,1,0,0,3,0,1,0,1,0,2,0,0,2,1,0,1,2,0,0,2,1,3,3,0,1,0,0,1,0,3,1,1,2,1,0,0,2,1,2,0,2,0,2,0,0,1,2,0,4,3,1,0,0,1,1,2,3,3,0,2,0,0,0,1,0,1,2,0,2,1,0,1,1,0,1,0,0,0,0,0,0,0,0,0,0,0,0,0,0,0,0,0,0,0,0,0,0,0,0,0,0,0,0,0,0,0,0,0,0,0,0,0,0,0,0,0,0,0,0,0,0,0,0,0,0,0,0,0,0,0,0,0,0,0,0,0,0,0,0,0,0,0,0,0,0,0,0,0,0,0,0,0,0,0,0,0,0,0,0,0,0,0,0,0,0,0,0,0,0,0,0,0,0,0
0,0,0,0,0,0,0,0,0,0,0,0,0,0,0,0,0,0,0,0,0,0,0,0,1,1,0,0,1,0,0,0,0,0,1,1,0,2,0,2,2,0,0,1,1,1,2,2,0,0,2,2,2,1,0,3,2,0,1,1,3,2,2,1,2,1,0,2,3,2,0,1,2,1,0,2,1,3,0,0,0,1,1,2,1,0,0,1,0,0,0,0,1,0,0,0,2,1,0,0,0,0,0,0,0,0,0,0,0,0,1,0,0,0,0,0,0,0,0,0,0,0,0,0,0,0,0,0,0,0,0,0,0,0,0,0,0,0,0,0,0,0,0,0,0,0,0,0,0,0,0,0,0,0,0,0,0,0,0,0,0,0,0,0,0,0,0,0,0,0,0,0,0,0,0,0,0,0,0,0,0,0,0,0,0,0,0,0,0,0,0,0,0,0,0,0,0,0,0,0
0,0,0,0,0,0,0,0,0,0,0,0,0,0,0,0,0,0,0,0,0,0,0,0,0,0,0,0,0,0,0,0,0,1,1,0,0,1,0,0,0,1,2,0,1,0,2,1,0,0,1,2,1,2,2,2,0,1,2,3,2,4,1,1,2,1,2,4,0,2,1,0,2,4,0,0,2,1,0,0,0,2,1,1,1,1,0,1,1,1,0,0,0,0,0,0,0,1,0,1,1,0,0,0,0,0,1,0,0,0,0,0,0,0,0,0,0,0,0,0,0,0,0,0,1,0,0,0,0,0,1,0,0,0,0,0,0,0,0,0,0,0,0,0,0,0,0,0,0,0,0,0,0,0,0,0,0,0,0,0,0,0,0,0,0,0,0,0,0,0,0,0,0,0,0,0,0,0,0,0,0,0,0,0,0,0,0,0,0,0,0,0,0,0,0,0,0,0,0,0
0,0,0,0,0,0,0,0,0,0,0,0,0,0,0,0,0,0,0,0,0,0,0,0,0,0,0,0,1,0,1,0,0,0,0,0,1,0,0,1,0,2,0,0,0,2,1,1,0,3,2,0,1,1,3,1,2,0,3,1,4,2,2,2,2,3,1,0,1,1,2,3,1,2,3,1,1,0,1,1,0,0,0,0,0,3,0,1,1,2,0,2,2,1,0,0,0,0,0,0,0,0,0,0,0,1,1,1,0,0,0,0,1,0,0,0,0,0,0,0,0,0,0,0,0,0,0,0,0,0,0,0,0,0,0,0,0,0,0,0,0,0,0,0,0,0,0,0,0,0,0,0,0,0,0,0,0,0,0,0,0,0,0,0,0,0,0,0,0,0,0,0,0,0,0,0,0,0,0,0,0,0,0,0,0,0,0,0,0,0,0,0,0,0,0,0,0,0,0,0
1,0,0,0,0,1,0,0,0,0,0,0,0,0,0,0,0,0,0,0,0,0,0,0,0,0,0,0,0,0,0,0,0,0,0,1,0,0,1,1,1,0,0,2,0,0,0,1,0,1,2,3,0,0,0,5,2,2,5,1,0,0,2,0,1,0,0,2,2,0,1,3,1,1,1,0,1,1,1,1,1,0,1,0,2,0,0,0,1,0,0,0,1,0,0,0,2,0,0,1,1,0,0,0,0,0,0,0,0,0,0,0,0,1,0,0,0,0,0,0,0,0,0,0,0,0,0,0,0,0,0,0,0,0,0,0,0,0,0,0,0,0,0,0,0,0,0,0,0,0,0,0,0,0,0,0,0,0,0,0,0,0,0,0,0,0,0,0,0,0,0,0,0,0,0,0,0,0,0,0,0,0,0,0,0,0,0,0,0,0,0,0,0,0,0,0,0,0,0,0
0,0,0,0,0,0,0,0,0,0,0,0,0,0,0,0,0,0,0,0,0,0,0,0,1,0,0,0,0,1,0,0,1,0,0,0,0,0,1,0,1,2,0,0,0,1,1,1,0,1,0,1,1,1,2,1,3,0,2,2,3,2,1,1,0,3,1,1,0,0,4,0,0,2,3,0,1,0,2,1,0,1,1,0,0,1,0,0,2,1,1,0,0,1,1,0,0,0,0,0,0,1,0,1,0,0,1,0,0,0,0,0,0,0,0,1,0,0,0,0,0,0,0,0,0,0,0,0,0,0,0,0,0,0,0,0,0,0,0,0,0,0,0,0,0,0,0,0,0,0,0,0,0,0,0,0,0,0,0,0,0,0,0,0,0,0,0,0,0,0,0,0,0,0,0,0,0,0,0,0,0,0,0,0,0,0,0,0,0,0,0,0,0,0,0,0,0,0,0,0
0,0,0,0,0,0,0,0,0,0,0,0,0,0,0,0,0,0,0,0,0,0,0,0,0,0,0,0,0,2,0,1,0,0,0,0,2,1,0,2,0,0,0,2,2,1,0,1,1,2,2,2,1,3,0,0,1,0,1,0,1,3,1,2,1,1,2,2,2,1,1,1,0,1,2,0,1,1,0,1,1,0,2,1,4,1,0,1,0,0,0,0,2,0,0,1,0,0,0,0,0,0,0,0,0,0,0,0,0,0,0,0,0,0,0,0,0,0,0,0,0,0,0,0,0,0,1,0,0,0,0,0,0,0,0,0,0,0,0,0,0,0,0,0,0,0,0,0,0,0,0,0,0,0,0,0,0,0,0,0,0,0,0,0,0,0,0,0,0,0,0,0,0,0,0,0,0,0,0,0,0,0,0,0,0,0,0,0,0,0,0,0,0,0,0,0,0,0,0,0
0,0,0,0,0,0,0,0,0,0,0,0,0,0,0,0,1,0,0,0,1,0,0,0,0,0,0,0,0,0,0,0,0,1,1,0,1,0,1,0,0,1,1,2,1,2,0,0,1,1,3,1,2,0,2,2,0,2,0,1,1,4,1,3,1,1,0,3,1,2,0,0,1,2,1,1,1,1,3,1,1,0,0,1,5,1,0,0,4,0,0,0,0,2,0,0,0,0,0,0,0,1,0,0,0,0,0,0,0,0,0,0,0,0,0,0,0,0,0,0,0,0,0,0,0,0,0,0,0,0,0,0,0,0,0,0,0,0,0,0,0,0,0,0,0,0,0,0,0,0,0,0,0,0,0,0,0,0,0,0,0,0,0,0,0,0,0,0,0,0,0,0,0,0,0,0,0,0,0,0,0,0,0,0,0,0,0,0,0,0,0,0,0,0,0,0,0,0,0,0
0,0,0,0,0,0,0,0,0,0,0,0,0,0,0,0,0,0,0,0,1,0,0,0,1,0,0,0,0,0,0,0,1,0,0,0,0,0,1,2,1,1,1,3,0,1,1,0,1,0,3,2,1,2,0,0,3,0,0,0,2,3,3,2,1,1,3,2,1,1,0,2,2,0,1,0,1,0,1,2,1,0,1,1,1,0,0,0,0,0,0,0,1,0,0,0,0,0,0,0,0,0,0,0,0,0,0,0,0,0,0,0,0,0,0,0,0,0,0,0,0,0,0,0,0,0,0,0,0,0,0,0,0,0,0,0,0,0,0,0,0,0,0,0,0,0,0,0,0,0,0,0,0,0,0,0,0,0,0,0,0,0,0,0,0,0,0,0,0,0,0,0,0,0,0,0,0,0,0,0,0,0,0,0,0,0,0,0,0,0,0,0,0,0,0,0,0,0,0,0
0,0,0,0,0,0,0,0,0,0,0,0,0,0,0,0,0,0,0,0,0,0,0,0,0,0,0,0,1,1,1,0,1,0,0,2,2,0,0,1,3,0,0,0,0,1,2,0,4,2,3,2,1,0,0,1,0,1,1,4,0,1,0,3,1,1,0,3,1,0,0,2,0,1,0,5,1,1,0,0,1,0,1,1,2,0,0,0,2,0,1,0,0,1,0,0,0,1,0,1,0,0,0,0,0,0,0,0,0,0,0,0,0,0,0,0,0,0,0,0,0,0,0,0,0,0,0,0,0,0,0,0,0,0,0,0,0,0,0,0,0,0,0,0,0,0,0,0,0,0,0,0,0,0,0,0,0,0,0,0,0,0,0,0,0,0,0,0,0,0,0,0,0,0,0,0,0,0,0,0,0,0,0,0,0,0,0,0,0,0,0,0,0,0,0,0,0,0,0,0
0,0,0,0,0,0,0,0,0,0,1,0,0,0,0,0,0,0,0,0,0,0,0,0,0,0,0,0,0,0,0,0,0,1,1,0,2,1,0,0,0,1,1,1,0,0,3,2,0,1,0,0,2,0,2,1,0,0,0,1,3,0,1,2,2,2,1,2,2,2,0,1,0,0,0,0,1,0,0,1,0,0,0,2,0,0,0,0,1,0,0,1,0,0,0,0,0,0,0,0,0,1,0,1,0,0,0,1,0,1,0,0,0,0,0,0,0,0,0,0,0,0,0,0,0,0,0,0,0,0,0,0,0,0,0,0,0,0,0,0,0,0,0,0,0,0,0,0,0,0,0,0,0,0,0,0,0,0,0,0,0,0,0,0,0,0,0,0,0,0,0,0,0,0,0,0,0,0,0,0,0,0,0,0,0,0,0,0,0,0,0,0,0,0,0,0,0,0,0,0
0,0,0,0,0,0,0,0,0,0,0,0,0,0,0,0,0,0,0,0,0,0,0,0,0,0,0,0,0,0,1,0,0,1,0,0,0,0,1,0,2,0,2,2,1,1,0,0,0,3,2,4,2,1,1,2,2,0,1,2,2,3,1,0,2,5,1,2,2,0,0,0,0,1,2,0,1,2,0,1,2,0,0,0,1,0,0,0,1,0,1,1,1,0,0,0,1,0,0,0,0,0,0,0,0,0,0,0,0,0,0,0,0,0,0,0,0,0,0,1,0,0,0,0,0,0,0,0,0,0,0,0,0,0,0,0,0,0,0,0,0,0,0,0,0,0,0,0,0,0,0,0,0,0,0,0,0,0,0,0,0,0,0,0,0,0,0,0,0,0,0,0,0,0,0,0,0,0,0,0,0,0,0,0,0,0,0,0,0,0,0,0,0,0,0,0,0,0,0,0
0,0,0,0,0,0,0,0,0,0,0,0,0,0,0,0,0,0,0,0,0,0,1,0,1,0,0,0,0,1,0,0,0,2,1,2,0,0,1,1,0,0,1,0,0,1,0,1,1,1,1,0,1,0,1,0,1,0,2,0,0,1,0,1,2,1,0,2,1,3,0,1,0,1,2,2,0,2,1,1,1,2,0,0,0,0,0,0,0,0,0,2,0,1,0,0,0,0,0,1,0,0,0,0,2,0,0,0,0,0,0,0,0,0,0,0,0,0,0,0,0,0,0,0,0,0,0,0,0,0,0,0,0,0,0,0,0,0,0,0,0,0,0,0,0,0,0,0,0,0,0,0,0,0,0,0,0,0,0,0,0,0,0,0,0,0,0,0,0,0,0,0,0,0,0,0,0,0,0,0,0,0,0,0,0,0,0,0,0,0,0,0,0,0,0,0,0,0,0,0
0,0,0,0,0,0,0,0,0,0,0,0,0,0,0,0,0,0,0,0,0,0,1,0,0,0,1,0,0,0,0,0,0,0,0,2,1,1,0,4,0,1,1,0,0,0,0,1,0,0,1,1,0,0,1,2,0,1,0,0,2,0,1,3,3,2,0,2,3,0,0,1,1,1,0,0,0,0,0,0,0,1,2,1,0,3,1,1,1,1,0,1,1,0,0,1,0,0,0,0,1,0,0,1,0,0,0,0,1,0,0,1,0,0,0,0,0,0,0,0,0,0,0,0,0,0,0,0,0,0,0,0,0,0,0,0,0,0,0,0,0,0,0,0,0,0,0,0,0,0,0,0,0,0,0,0,0,0,0,0,0,0,0,0,0,0,0,0,0,0,0,0,0,0,0,0,0,0,0,0,0,0,0,0,0,0,0,0,0,0,0,0,0,0,0,0,0,0,0,0
0,0,0,0,0,0,0,0,0,0,0,0,0,0,0,0,0,0,0,0,0,0,0,0,0,0,0,0,0,1,0,0,0,0,0,0,2,0,1,0,0,0,0,0,1,0,0,0,1,1,1,0,1,0,1,1,2,0,1,0,2,2,3,1,1,1,1,1,0,2,1,0,2,0,2,0,0,0,2,1,0,2,0,0,1,1,0,1,1,0,0,1,0,0,0,2,0,0,0,1,0,0,0,0,0,0,0,0,0,0,0,0,0,1,0,0,0,0,0,0,0,0,0,0,0,0,0,0,0,0,0,0,0,0,0,0,0,0,0,0,0,0,0,0,0,0,0,0,0,0,0,0,0,0,0,0,0,0,0,0,0,0,0,0,0,0,0,0,0,0,0,0,0,0,0,0,0,0,0,0,0,0,0,0,0,0,0,0,0,0,0,0,0,0,0,0,0,0,0,0
0,0,0,0,0,0,0,0,0,0,0,0,0,0,1,0,0,0,0,0,0,0,0,0,0,0,0,0,0,1,0,0,0,0,0,0,0,2,0,0,0,0,0,1,1,0,2,1,1,2,1,3,1,0,2,2,1,0,1,0,0,1,1,0,0,5,1,2,2,1,0,0,1,2,1,0,1,0,0,1,1,0,0,0,0,2,1,2,1,0,0,0,0,0,0,1,0,1,0,0,0,0,0,0,0,0,0,0,0,0,0,0,0,0,0,0,0,0,0,0,0,0,0,0,0,0,0,0,0,0,0,0,0,0,0,0,0,0,0,0,0,0,0,0,0,0,0,0,0,0,0,0,0,0,0,0,0,0,0,0,0,0,0,0,0,0,0,0,0,0,0,0,0,0,0,0,0,0,0,0,0,0,0,0,0,0,0,0,0,0,0,0,0,0,0,0,0,0,0,0
0,0,0,0,0,0,0,0,0,0,0,0,0,0,0,0,0,0,0,0,0,0,0,0,0,0,0,0,0,0,0,0,0,0,0,0,0,1,0,0,0,3,0,0,1,1,1,0,1,1,0,1,1,0,0,0,1,1,0,1,1,1,1,2,4,0,2,1,0,1,0,1,0,0,2,0,1,0,0,0,1,0,0,2,0,1,0,0,1,0,0,0,0,0,0,0,1,1,0,0,0,0,1,0,0,0,0,0,0,0,0,0,0,0,0,0,0,0,0,0,0,0,0,0,0,0,0,0,0,0,0,0,0,0,0,0,0,0,0,0,0,0,0,0,0,0,0,0,0,0,0,0,0,0,0,0,0,0,0,0,0,0,0,0,0,0,0,0,0,0,0,0,0,0,0,0,0,0,0,0,0,0,0,0,0,0,0,0,0,0,0,0,0,0,0,0,0,0,0,0
0,0,0,0,0,0,0,0,0,0,0,0,0,0,0,0,0,0,0,0,0,1,0,0,0,0,0,0,0,0,0,0,0,1,0,0,1,2,0,0,0,0,0,0,0,3,0,1,1,0,1,0,1,0,2,1,2,0,0,1,1,0,0,1,0,0,2,1,2,2,1,0,0,3,1,2,0,0,1,1,0,1,0,0,0,2,0,1,0,0,0,0,0,0,0,0,1,0,0,0,0,0,0,0,0,0,0,0,0,0,0,0,0,0,0,0,0,0,0,0,0,0,0,0,0,0,0,0,0,0,0,0,0,0,0,0,0,0,0,0,0,0,0,0,0,0,0,0,0,0,0,0,0,0,0,0,0,0,0,0,0,0,0,0,0,0,0,0,0,0,0,0,0,0,0,0,0,0,0,0,0,0,0,0,0,0,0,0,0,0,0,0,0,0,0,0,0,0,0,0
0,0,0,0,0,0,0,0,0,0,1,0,0,0,0,0,0,0,0,0,1,0,0,0,0,0,1,0,0,1,0,0,0,0,0,0,1,0,0,1,1,0,1,0,0,1,1,3,0,0,1,0,0,0,0,1,0,2,2,0,0,2,2,1,3,1,0,1,2,1,0,1,2,0,0,0,0,0,2,1,1,1,0,0,1,2,0,2,1,0,0,0,0,0,0,1,1,1,0,0,0,0,0,0,0,0,0,0,0,0,0,0,0,0,0,0,0,0,1,0,0,0,0,0,0,0,0,0,0,0,0,0,0,0,0,0,0,0,0,0,0,0,0,0,0,0,0,0,0,0,0,0,0,0,0,0,0,0,0,0,0,0,0,0,0,0,0,0,0,0,0,0,0,0,0,0,0,0,0,0,0,0,0,0,0,0,0,0,0,0,0,0,0,0,0,0,0,0,0,0
0,0,0,0,0,0,0,0,0,0,0,0,0,0,0,0,0,0,0,0,0,0,0,0,0,0,0,1,0,0,0,0,0,1,1,0,1,0,0,0,1,1,0,2,0,2,1,1,0,0,4,1,0,1,2,0,3,0,1,0,0,1,1,1,1,0,2,1,0,0,0,1,0,2,0,2,0,1,2,0,0,0,0,1,0,1,1,0,0,0,0,0,0,0,0,0,1,0,1,0,0,0,0,0,0,0,0,0,0,0,0,0,0,0,0,0,0,0,0,0,0,0,0,0,0,1,0,0,0,0,0,0,0,0,0,0,0,0,0,0,0,0,0,0,0,0,0,0,0,0,0,0,0,0,0,0,0,0,0,0,0,0,0,0,0,0,0,0,0,0,0,0,0,0,0,0,0,0,0,0,0,0,0,0,0,0,0,0,0,0,0,0,0,0,0,0,0,0,0,0
0,0,0,0,0,0,0,0,0,0,0,0,0,0,1,0,0,0,0,0,0,1,0,0,0,0,0,0,0,0,1,0,0,0,0,0,0,1,1,0,2,0,0,0,0,1,0,1,0,2,1,0,0,0,3,1,1,0,1,2,0,1,2,0,2,1,0,1,0,0,0,2,0,1,0,0,0,1,0,0,1,1,0,1,1,0,0,1,4,0,0,0,0,0,0,0,0,1,0,0,0,1,0,1,0,0,0,0,0,0,0,0,0,0,0,0,0,0,0,0,0,0,0,0,0,0,0,0,0,0,0,0,0,0,0,0,0,0,0,0,0,0,0,0,0,0,0,0,0,0,0,0,0,0,0,0,0,0,0,0,0,0,0,0,0,0,0,0,0,0,0,0,0,0,0,0,0,0,0,0,0,0,0,0,0,0,0,0,0,0,0,0,0,0,0,0,0,0,0,0
0,0,0,0,0,0,0,0,0,0,0,0,0,0,0,0,0,0,0,0,0,1,0,0,0,0,0,0,0,0,0,0,2,0,0,0,0,1,0,0,0,0,0,0,1,0,0,0,0,1,1,0,3,1,0,0,1,1,0,2,0,0,1,2,1,2,1,1,1,0,1,1,1,1,0,1,1,0,0,0,1,0,3,0,1,0,0,0,2,0,0,0,0,0,0,1,0,0,0,1,0,0,1,0,1,0,0,0,0,0,0,0,0,0,0,0,0,1,0,0,0,0,0,0,0,0,0,0,0,0,0,0,0,0,0,0,0,0,0,0,0,0,0,0,0,0,0,0,0,0,0,0,0,0,0,0,0,0,0,0,0,0,0,0,0,0,0,0,0,0,0,0,0,0,0,0,0,0,0,0,0,0,0,0,0,0,0,0,0,0,0,0,0,0,0,0,0,0,0,0
0,0,0,0,0,0,0,0,0,0,0,0,0,0,0,0,0,0,0,0,0,0,0,0,0,0,0,1,0,0,0,0,2,0,0,0,0,0,2,1,1,0,0,0,0,0,0,0,1,1,0,0,0,0,1,2,1,0,0,3,2,2,1,1,0,1,1,0,2,0,0,0,1,2,0,0,1,1,1,1,1,4,0,0,0,0,0,1,0,2,0,0,0,0,0,0,1,0,0,0,0,0,0,0,0,0,1,0,0,0,0,0,0,0,0,0,0,0,0,0,0,0,0,0,0,0,0,0,0,0,0,0,0,0,0,0,0,0,0,0,0,0,0,0,0,0,0,0,0,0,0,0,0,0,0,0,0,0,0,0,0,0,0,0,0,0,0,0,0,0,0,0,0,0,0,0,0,0,0,0,0,0,0,0,0,0,0,0,0,0,0,0,0,0,0,0,0,0,0,0
0,0,0,0,0,0,0,0,0,0,0,0,0,0,0,0,0,0,1,0,0,0,0,0,0,0,0,0,0,0,0,0,0,1,1,1,2,0,1,1,1,0,1,1,0,2,1,3,0,0,0,1,1,1,0,0,2,1,0,2,1,1,2,1,1,1,0,0,1,0,3,0,0,0,1,0,2,0,0,1,0,1,0,0,0,0,0,0,0,0,0,0,1,1,0,0,0,2,0,0,0,0,0,0,0,0,0,0,0,0,0,0,0,0,0,0,0,0,0,0,0,0,0,0,0,0,0,0,0,0,0,0,0,0,0,0,0,0,0,0,0,0,0,0,0,0,0,0,0,0,0,0,0,0,0,0,0,0,0,0,0,0,0,0,0,0,0,0,0,0,0,0,0,0,0,0,0,0,0,0,0,0,0,0,0,0,0,0,0,0,0,0,0,0,0,0,0,0,0,0
0,0,0,0,0,0,0,0,0,0,0,0,0,0,0,0,0,0,0,0,0,0,0,0,0,0,1,0,0,0,0,0,0,0,1,1,0,0,0,0,0,0,0,0,1,1,1,1,1,0,2,2,1,0,0,0,0,0,1,1,1,4,1,1,1,2,1,4,1,0,1,0,1,1,0,2,0,0,1,2,0,0,0,0,0,1,0,1,0,0,0,0,1,0,0,0,1,0,1,0,1,0,0,0,0,0,0,0,0,0,0,0,0,0,0,0,0,0,0,0,0,0,0,0,0,0,0,0,0,0,0,0,0,0,0,0,0,0,0,0,0,0,0,0,0,0,0,0,0,0,0,0,0,0,0,0,0,0,0,0,0,0,0,0,0,0,0,0,0,0,0,0,0,0,0,0,0,0,0,0,0,0,0,0,0,0,0,0,0,0,0,0,0,0,0,0,0,0,0,0
0,0,0,0,0,0,0,0,0,0,0,0,0,0,1,0,0,0,0,0,0,0,0,0,1,1,0,0,1,0,0,0,0,0,0,0,0,0,0,0,2,1,0,1,2,0,2,1,0,1,0,2,0,0,1,0,0,1,0,1,1,1,2,0,1,0,0,0,2,0,4,1,0,0,0,0,0,0,1,0,0,1,2,0,0,0,0,1,0,0,0,0,0,0,0,0,0,0,0,0,0,0,0,0,0,0,0,0,0,0,0,0,0,0,0,0,0,0,0,0,0,0,0,0,0,0,0,0,0,0,0,0,0,0,0,0,0,0,0,0,0,0,0,0,0,0,0,0,0,0,0,0,0,0,0,0,0,0,0,0,0,0,0,0,0,0,0,0,0,0,0,0,0,0,0,0,0,0,0,0,0,0,0,0,0,0,0,0,0,0,0,0,0,0,0,0,0,0,0,0
0,0,0,0,0,0,0,0,0,0,0,0,0,0,0,0,0,0,0,0,0,0,0,0,0,0,0,0,0,0,0,0,0,3,0,0,0,1,1,1,0,1,0,1,0,0,0,0,0,1,0,0,1,0,0,1,1,0,2,1,0,1,0,1,1,1,1,1,0,1,4,0,0,0,0,1,0,0,2,1,2,0,1,1,0,0,0,0,0,0,0,0,0,0,1,0,0,0,0,0,0,0,1,0,0,0,0,0,0,0,0,1,0,0,0,0,0,0,0,0,0,0,0,0,0,0,0,0,0,0,0,0,0,0,0,0,0,0,0,0,0,0,0,0,0,0,0,0,0,0,0,0,0,0,0,0,0,0,0,0,0,0,0,0,0,0,0,0,0,0,0,0,0,0,0,0,0,0,0,0,0,0,0,0,0,0,0,0,0,0,0,0,0,0,0,0,0,0,0,0
0,0,0,0,0,0,0,0,0,0,0,0,0,0,0,0,0,0,0,0,0,0,0,0,0,0,0,0,0,0,0,1,0,0,0,0,1,1,1,3,1,0,1,1,0,1,0,0,1,1,0,0,1,0,0,0,0,0,1,0,0,0,1,1,1,0,1,1,0,0,1,0,1,0,0,1,0,1,0,1,0,0,0,2,2,1,0,1,1,0,0,0,0,0,1,0,2,1,0,0,0,0,0,0,0,0,0,0,0,0,1,0,0,1,0,0,0,0,0,0,0,1,0,0,0,0,0,0,0,0,0,0,0,0,0,0,0,0,0,0,0,0,0,0,0,0,0,0,0,0,0,0,0,0,0,0,0,0,0,0,0,0,0,0,0,0,0,0,0,0,0,0,0,0,0,0,0,0,0,0,0,0,0,0,0,0,0,0,0,0,0,0,0,0,0,0,0,0,0,0
0,0,0,0,0,0,0,0,0,0,0,0,0,0,0,0,0,0,0,0,0,0,0,0,0,0,0,0,0,0,0,1,0,1,2,2,0,0,1,1,2,0,1,1,1,1,0,0,0,0,1,0,1,2,0,0,0,0,1,0,0,0,0,0,0,2,1,0,0,0,1,0,0,0,0,0,0,0,2,1,3,0,0,1,1,1,0,0,0,0,0,0,1,0,0,0,0,1,0,0,1,0,0,1,0,0,0,0,0,0,0,0,0,0,0,0,0,0,0,0,0,0,0,0,0,0,0,0,0,0,0,0,0,0,0,0,0,0,0,0,0,0,0,0,0,0,0,0,0,0,0,0,0,0,0,0,0,0,0,0,0,0,0,0,0,0,0,0,0,0,0,0,0,0,0,0,0,0,0,0,0,0,0,0,0,0,0,0,0,0,0,0,0,0,0,0,0,0,0,0
0,0,0,0,0,0,0,0,0,0,0,0,0,0,0,0,0,0,0,0,0,0,0,0,0,0,0,0,0,0,0,0,0,1,0,2,0,0,0,1,0,1,1,0,0,0,0,0,0,0,1,0,0,0,1,0,1,0,0,1,3,1,2,0,2,3,0,1,0,0,2,0,0,2,0,1,0,0,1,0,1,0,0,0,1,0,0,0,0,0,0,0,1,1,0,0,0,0,0,0,0,1,0,0,0,0,0,0,0,0,0,0,0,0,0,0,0,0,0,1,0,0,0,0,0,0,0,0,0,0,0,0,0,0,0,0,0,0,0,0,0,0,0,0,0,0,0,0,0,0,0,0,0,0,0,0,0,0,0,0,0,0,0,0,0,0,0,0,0,0,0,0,0,0,0,0,0,0,0,0,0,0,0,0,0,0,0,0,0,0,0,0,0,0,0,0,0,0,0,0
0,0,0,0,0,0,0,0,0,0,0,0,0,0,0,0,0,0,0,0,0,0,0,0,0,0,0,0,0,0,0,0,0,0,1,0,0,0,1,0,1,1,0,0,0,0,0,0,0,0,0,0,0,0,0,2,0,1,0,3,1,1,0,0,3,0,0,1,1,0,1,1,1,0,0,2,1,0,0,2,0,2,0,0,0,0,0,0,0,0,0,2,2,0,0,1,0,1,0,0,0,0,0,0,0,0,0,0,0,0,0,0,0,0,0,0,0,0,0,0,0,0,0,0,0,0,0,0,0,0,0,0,0,0,0,0,0,0,0,0,0,0,0,0,0,0,0,0,0,0,0,0,0,0,0,0,0,0,0,0,0,0,0,0,0,0,0,0,0,0,0,0,0,0,0,0,0,0,0,0,0,0,0,0,0,0,0,0,0,0,0,0,0,0,0,0,0,0,0,0
0,0,0,0,0,0,0,0,0,0,0,0,0,0,0,0,0,0,0,0,0,0,0,0,0,0,0,0,0,0,0,0,0,0,0,0,0,0,0,1,0,1,2,1,0,1,2,1,0,2,0,1,0,0,0,0,0,0,2,0,1,1,0,0,0,0,0,1,1,0,0,0,1,1,0,0,0,0,0,1,1,0,2,2,1,1,1,0,0,0,1,0,0,0,0,0,0,0,0,0,1,0,0,0,0,0,0,0,0,0,1,0,0,0,1,0,0,0,0,0,0,0,0,0,0,0,0,0,0,0,0,0,0,0,0,0,0,0,0,0,0,0,0,0,0,0,0,0,0,0,0,0,0,0,0,0,0,0,0,0,0,0,0,0,0,0,0,0,0,0,0,0,0,0,0,0,0,0,0,0,0,0,0,0,0,0,0,0,0,0,0,0,0,0,0,0,0,0,0,0
0,0,0,0,0,0,0,0,0,0,0,0,0,0,0,0,0,0,0,0,0,0,0,0,0,0,0,0,1,0,0,0,0,0,0,0,1,0,0,0,0,0,0,0,1,1,0,0,0,0,1,2,1,0,0,0,0,0,1,1,2,0,2,1,1,1,1,0,0,1,1,1,0,0,0,0,2,1,0,0,1,0,0,0,0,0,1,0,0,0,0,0,0,1,0,0,1,0,1,0,0,0,1,1,0,0,0,0,0,0,0,0,0,1,0,0,0,1,0,0,0,0,0,0,0,0,0,0,0,0,0,0,0,0,0,0,0,0,0,0,0,0,0,0,0,0,0,0,0,0,0,0,0,0,0,0,0,0,0,0,0,0,0,0,0,0,0,0,0,0,0,0,0,0,0,0,0,0,0,0,0,0,0,0,0,0,0,0,0,0,0,0,0,0,0,0,0,0,0,0
0,0,0,0,0,0,0,0,0,0,0,0,0,0,0,0,0,0,0,0,0,0,0,0,0,0,0,1,0,1,0,0,0,0,0,0,0,0,0,1,0,0,3,0,0,0,0,0,0,0,1,0,2,0,2,0,1,0,2,2,1,0,0,2,2,0,1,1,0,0,1,0,1,0,0,0,0,1,1,0,1,0,1,0,0,0,1,0,0,1,1,0,0,0,0,0,0,0,0,0,0,0,0,0,0,0,0,0,0,0,0,0,0,0,0,0,1,0,0,0,0,0,0,0,0,0,0,0,0,0,0,0,0,0,0,0,0,0,0,0,0,0,0,0,0,0,0,0,0,0,0,0,0,0,0,0,0,0,0,0,0,0,0,0,0,0,0,0,0,0,0,0,0,0,0,0,0,0,0,0,0,0,0,0,0,0,0,0,0,0,0,0,0,0,0,0,0,0,0,0
0,0,0,0,0,0,0,0,0,0,0,0,0,0,0,0,1,0,0,0,0,0,0,0,0,0,0,0,0,0,0,0,0,0,0,0,0,1,0,1,0,1,0,0,0,1,0,1,2,0,0,1,1,0,2,0,0,2,0,1,1,0,2,1,0,0,2,1,2,1,1,0,1,0,0,0,0,1,1,0,0,0,0,0,0,0,0,0,0,0,0,0,0,1,0,0,0,0,0,0,0,0,0,0,0,0,0,0,0,0,0,0,0,0,0,0,0,0,0,0,0,0,0,0,0,0,0,0,0,0,0,0,0,0,0,0,0,0,0,0,0,0,0,0,0,0,0,0,0,0,0,0,0,0,0,0,0,0,0,0,0,0,0,0,0,0,0,0,0,0,0,0,0,0,0,0,0,0,0,0,0,0,0,0,0,0,0,0,0,0,0,0,0,0,0,0,0,0,0,0
0,0,0,0,0,0,0,0,0,0,0,0,0,0,0,0,0,0,0,0,0,0,0,0,0,0,0,0,0,0,0,0,0,0,0,1,0,0,0,1,1,1,1,0,0,1,1,0,1,1,1,0,0,0,2,1,1,0,1,0,0,1,0,1,0,0,0,1,0,1,1,0,2,1,1,2,1,0,0,0,0,0,1,0,1,0,0,0,1,0,0,0,0,0,1,0,0,0,0,1,0,0,0,1,0,0,0,0,0,0,0,0,0,0,0,0,0,0,0,0,0,0,0,0,0,0,0,0,0,0,0,0,0,0,0,0,0,0,0,0,0,0,0,0,0,0,0,0,0,0,0,0,0,0,0,0,0,0,0,0,0,0,0,0,0,0,0,0,0,0,0,0,0,0,0,0,0,0,0,0,0,0,0,0,0,0,0,0,0,0,0,0,0,0,0,0,0,0,0,0
0,0,0,0,0,0,0,0,0,0,0,0,0,0,0,0,0,0,0,0,1,0,0,0,0,0,0,0,0,0,0,0,0,0,0,0,1,0,0,0,0,1,1,0,0,1,1,1,1,1,0,0,0,2,2,0,0,0,1,0,1,3,1,1,0,2,2,0,2,2,0,1,1,1,0,1,0,2,1,0,0,0,1,0,1,0,0,0,1,0,0,0,0,0,0,0,0,0,0,0,0,1,0,0,0,0,0,0,0,0,0,0,0,0,0,0,0,0,0,0,0,0,0,0,0,0,0,0,0,0,0,0,0,0,0,0,0,0,0,0,0,0,0,0,0,0,0,0,0,0,0,0,0,0,0,0,0,0,0,0,0,0,0,0,0,0,0,0,0,0,0,0,0,0,0,0,0,0,0,0,0,0,0,0,0,0,0,0,0,0,0,0,0,0,0,0,0,0,0,0
0,0,0,0,0,0,0,0,0,0,0,0,0,0,0,0,0,0,0,0,0,0,0,0,0,0,0,0,0,0,0,0,0,0,0,0,1,1,0,0,1,0,0,0,0,1,0,0,2,0,0,0,0,0,0,1,0,2,0,0,0,1,0,0,0,0,0,0,0,0,0,0,1,0,1,2,0,0,1,0,0,0,0,0,0,1,1,1,0,0,0,0,0,0,0,0,0,0,0,0,0,0,0,0,0,0,0,0,1,0,0,0,0,0,0,0,0,0,0,0,0,0,0,0,0,0,0,0,0,0,0,0,0,0,0,0,0,0,0,0,0,0,0,0,0,0,0,0,0,0,0,0,0,0,0,0,0,0,0,0,0,0,0,0,0,0,0,0,0,0,0,0,0,0,0,0,0,0,0,0,0,0,0,0,0,0,0,0,0,0,0,0,0,0,0,0,0,0,0,0
0,0,0,0,0,0,0,0,0,0,0,0,0,0,0,0,0,0,0,0,0,0,0,0,0,0,0,0,0,0,0,0,0,0,0,0,0,0,0,1,0,0,2,0,1,0,1,0,0,1,1,0,2,0,2,1,0,0,0,0,0,2,1,2,1,1,2,0,0,1,0,0,0,1,1,0,0,1,0,1,1,0,1,0,0,0,0,0,1,1,0,0,0,1,0,0,0,0,0,0,0,0,0,0,0,0,1,0,0,0,0,0,0,0,0,0,0,0,0,0,0,0,0,0,0,0,0,0,0,0,0,0,0,0,0,0,0,0,0,0,0,0,0,0,0,0,0,0,0,0,0,0,0,0,0,0,0,0,0,0,0,0,0,0,0,0,0,0,0,0,0,0,0,0,0,0,0,0,0,0,0,0,0,0,0,0,0,0,0,0,0,0,0,0,0,0,0,0,0,0
0,0,0,0,0,0,0,0,0,0,0,0,0,0,0,0,0,0,0,0,0,0,0,0,0,0,0,0,0,0,0,0,0,0,0,0,1,1,0,2,0,1,0,0,0,1,0,0,0,1,0,0,2,1,1,0,0,0,0,0,1,1,0,0,1,0,0,1,1,0,0,0,0,0,1,0,1,0,1,1,0,0,0,1,0,0,0,0,0,0,0,0,0,1,0,0,0,0,0,0,0,0,0,0,0,0,0,0,0,0,0,0,0,0,0,0,0,0,0,0,0,0,0,0,0,0,0,0,0,0,0,0,0,0,0,0,0,0,0,0,0,0,0,0,0,0,0,0,0,0,0,0,0,0,0,0,0,0,0,0,0,0,0,0,0,0,0,0,0,0,0,0,0,0,0,0,0,0,0,0,0,0,0,0,0,0,0,0,0,0,0,0,0,0,0,0,0,0,0,0
0,0,0,0,0,0,0,0,0,0,0,0,0,0,0,0,0,0,0,0,0,0,0,0,1,0,0,0,0,0,0,0,0,0,1,0,1,1,0,0,0,0,0,0,0,0,0,0,0,2,1,0,0,0,0,0,0,2,2,0,1,2,1,0,0,1,0,1,0,2,0,1,0,1,0,0,0,0,1,0,0,1,0,0,0,0,0,0,0,0,0,0,0,0,0,0,0,0,0,0,0,0,0,0,0,0,0,0,0,0,1,0,0,0,0,0,0,0,0,0,0,0,0,0,0,0,0,0,0,0,0,0,0,0,0,0,0,0,0,0,0,0,0,0,0,0,0,0,0,0,0,0,0,0,0,0,0,0,0,0,0,0,0,0,0,0,0,0,0,0,0,0,0,0,0,0,0,0,0,0,0,0,0,0,0,0,0,0,0,0,0,0,0,0,0,0,0,0,0,0
0,0,0,0,0,0,0,0,0,0,0,0,0,0,1,0,0,0,0,0,0,0,0,0,0,0,0,0,0,0,0,0,0,0,1,0,1,0,1,0,0,0,0,0,0,0,0,0,0,1,0,0,0,1,2,1,2,0,0,1,0,1,1,0,1,1,1,0,0,1,0,0,0,1,1,0,0,1,0,1,0,0,1,0,0,0,0,0,0,0,0,0,2,0,0,0,1,0,0,0,0,1,0,0,0,0,0,0,0,0,0,0,0,0,1,0,0,0,0,0,0,0,0,0,0,0,0,0,0,0,0,0,0,0,0,0,0,0,0,0,0,0,0,0,0,0,0,0,0,0,0,0,0,0,0,0,0,0,0,0,0,0,0,0,0,0,0,0,0,0,0,0,0,0,0,0,0,0,0,0,0,0,0,0,0,0,0,0,0,0,0,0,0,0,0,0,0,0,0,0
0,0,0,0,1,0,0,0,0,0,0,0,0,0,0,0,0,0,0,0,0,0,0,0,0,0,0,0,1,0,1,0,0,0,0,0,1,0,0,0,0,2,1,0,0,0,0,0,1,1,3,2,0,0,1,0,0,0,2,0,1,0,0,0,1,0,0,0,0,0,0,0,1,0,0,0,0,0,0,0,2,0,0,0,1,1,1,1,0,0,0,0,0,0,0,0,0,0,1,0,0,0,1,0,0,0,0,0,0,0,0,0,0,0,0,0,0,0,0,0,0,0,0,0,0,0,0,0,0,0,0,0,0,0,0,0,0,0,0,0,0,0,0,0,0,0,0,0,0,0,0,0,0,0,0,0,0,0,0,0,0,0,0,0,0,0,0,0,0,0,0,0,0,0,0,0,0,0,0,0,0,0,0,0,0,0,0,0,0,0,0,0,0,0,0,0,0,0,0,0
0,0,0,0,0,0,0,0,0,0,0,0,0,0,0,0,0,0,0,0,0,0,0,0,0,0,0,0,0,0,0,0,0,0,0,0,0,1,0,0,1,0,1,0,0,1,1,0,1,0,0,0,1,2,0,0,0,1,0,1,0,0,0,1,1,2,0,0,0,0,1,0,0,0,0,0,0,1,2,0,2,1,0,0,0,0,0,0,0,0,0,0,0,0,0,0,0,0,0,1,0,0,1,0,0,0,0,0,0,0,0,0,0,0,0,0,0,0,0,0,0,0,0,0,0,0,0,0,0,0,0,0,0,0,0,0,0,0,0,0,0,0,0,0,0,0,0,0,0,0,0,0,0,0,0,0,0,0,0,0,0,0,0,0,0,0,0,0,0,0,0,0,0,0,0,0,0,0,0,0,0,0,0,0,0,0,0,0,0,0,0,0,0,0,0,0,0,0,0,0
0,0,0,0,0,0,0,0,0,0,0,0,0,0,0,0,0,0,0,0,0,1,0,0,0,0,0,0,0,0,0,1,0,0,0,0,1,0,0,0,0,0,2,0,0,1,0,0,0,0,0,0,0,0,1,0,0,0,0,0,2,3,1,1,0,1,0,0,0,0,1,1,0,0,0,0,0,0,0,1,0,0,0,0,1,1,0,0,0,0,0,0,0,0,0,0,0,0,0,0,0,0,0,0,0,0,0,0,0,0,0,0,0,0,0,0,0,0,0,0,0,0,0,0,0,0,0,0,0,0,0,0,0,0,0,0,0,0,0,0,0,0,0,0,0,0,0,0,0,0,0,0,0,0,0,0,0,0,0,0,0,0,0,0,0,0,0,0,0,0,0,0,0,0,0,0,0,0,0,0,0,0,0,0,0,0,0,0,0,0,0,0,0,0,0,0,0,0,0,0
0,0,0,0,0,0,0,0,0,0,0,0,0,0,0,0,0,0,0,0,0,0,0,0,0,0,0,0,0,0,0,1,0,0,0,0,0,1,0,1,0,0,0,2,0,1,0,1,0,0,0,1,0,0,0,0,0,0,0,0,0,1,0,0,0,0,0,0,0,2,0,0,0,0,0,0,0,1,2,1,0,0,1,1,0,0,0,0,0,0,1,0,0,0,0,0,0,0,0,0,0,0,0,0,0,0,0,0,0,0,0,0,0,0,0,0,0,1,0,0,0,0,0,0,0,0,0,0,0,0,0,0,0,0,0,0,0,0,0,0,0,0,0,0,0,0,0,0,0,0,0,0,0,0,0,0,0,0,0,0,0,0,0,0,0,0,0,0,0,0,0,0,0,0,0,0,0,0,0,0,0,0,0,0,0,0,0,0,0,0,0,0,0,0,0,0,0,0,0,0
0,0,0,0,0,0,0,0,0,0,0,0,0,0,0,0,0,0,0,0,0,0,0,0,0,0,0,0,0,0,0,0,0,0,0,0,0,3,0,1,0,0,0,0,0,0,0,0,0,0,0,0,1,0,1,0,0,1,0,1,0,0,0,0,0,0,0,1,1,0,0,0,0,1,1,0,0,0,2,1,1,2,0,0,0,0,0,0,0,0,1,0,0,0,0,0,0,1,0,0,0,0,0,0,0,0,1,0,0,0,0,0,0,0,0,0,0,0,0,0,0,0,0,0,0,0,0,0,0,0,0,0,0,0,0,0,0,0,0,0,0,0,0,0,0,0,0,0,0,0,0,0,0,0,0,0,0,0,0,0,0,0,0,0,0,0,0,0,0,0,0,0,0,0,0,0,0,0,0,0,0,0,0,0,0,0,0,0,0,0,0,0,0,0,0,0,0,0,0,0
0,0,0,0,0,0,0,0,0,0,0,0,0,0,1,0,0,0,0,0,1,0,0,0,0,0,0,0,0,1,0,0,0,0,0,0,0,0,0,0,2,0,0,2,0,0,0,0,0,0,0,2,0,0,0,0,0,0,1,0,2,2,2,0,0,0,1,0,0,2,0,1,0,0,1,0,0,0,1,0,0,0,1,0,0,0,1,0,0,0,0,0,0,0,1,0,0,0,0,0,0,0,0,0,0,0,0,0,0,0,0,0,0,0,0,0,0,0,0,0,0,0,0,0,0,0,0,0,0,0,0,0,0,0,0,0,0,0,0,0,0,0,0,0,0,0,0,0,0,0,0,0,0,0,0,0,0,0,0,0,0,0,0,0,0,0,0,0,0,0,0,0,0,0,0,0,0,0,0,0,0,0,0,0,0,0,0,0,0,0,0,0,0,0,0,0,0,0,0,0
0,0,0,0,0,0,0,0,0,0,0,0,0,0,0,0,0,0,0,0,0,0,0,0,0,0,0,0,0,0,0,0,0,1,0,0,1,0,0,0,0,0,1,0,1,0,0,0,0,0,0,0,0,0,0,0,1,0,0,1,0,0,0,1,0,0,0,0,0,0,2,2,0,1,1,2,0,1,0,0,0,0,1,1,0,0,0,0,0,0,0,1,0,1,0,0,0,0,0,0,0,0,1,0,0,0,0,0,0,0,0,0,0,0,0,0,0,0,0,0,0,0,0,0,0,0,0,0,0,0,0,0,0,0,0,0,0,0,0,0,0,0,0,0,0,0,0,0,0,0,0,0,0,0,0,0,0,0,0,0,0,0,0,0,0,0,0,0,0,0,0,0,0,0,0,0,0,0,0,0,0,0,0,0,0,0,0,0,0,0,0,0,0,0,0,0,0,0,0,0
0,0,0,0,0,0,0,0,0,0,0,0,0,0,0,0,0,0,0,0,0,0,0,0,0,0,0,0,0,0,0,0,0,0,0,0,0,0,0,0,1,0,0,0,0,1,0,1,0,0,0,0,0,1,0,0,0,0,1,0,0,0,0,1,0,0,0,1,0,1,1,1,0,0,0,1,0,0,0,0,0,0,0,0,0,1,0,0,0,0,0,0,0,0,0,1,0,0,0,0,0,0,1,0,0,0,0,0,0,0,0,0,0,0,0,0,0,0,0,0,0,0,0,0,0,0,0,0,0,0,0,0,0,0,0,0,0,0,0,0,0,0,0,0,0,0,0,0,0,0,0,0,0,0,0,0,0,0,0,0,0,0,0,0,0,0,0,0,0,0,0,0,0,0,0,0,0,0,0,0,0,0,0,0,0,0,0,0,0,0,0,0,0,0,0,0,0,0,0,0
0,0,0,0,0,0,0,0,0,0,0,0,0,0,0,0,0,0,0,0,0,0,0,0,0,0,0,0,0,0,0,0,0,0,0,0,0,0,0,0,0,0,0,0,0,0,0,0,0,3,0,0,0,0,1,1,0,1,0,2,0,1,0,0,0,0,0,0,1,0,0,1,1,1,0,0,0,0,1,0,0,0,1,0,0,0,0,1,0,1,0,0,0,0,0,0,0,0,0,0,0,0,0,0,0,0,0,0,0,0,0,0,1,0,0,0,0,0,0,0,0,0,0,0,0,0,0,0,0,0,0,0,0,0,0,0,0,0,0,0,0,0,0,0,0,0,0,0,0,0,0,0,0,0,0,0,0,0,0,0,0,0,0,0,0,0,0,0,0,0,0,0,0,0,0,0,0,0,0,0,0,0,0,0,0,0,0,0,0,0,0,0,0,0,0,0,0,0,0,0
0,0,0,0,0,0,0,0,0,0,0,0,0,0,0,0,0,1,0,0,0,0,0,0,0,0,0,0,0,0,0,0,0,0,0,0,0,0,0,0,0,0,0,0,0,0,1,0,0,1,0,1,0,0,0,0,0,0,0,0,0,0,0,0,0,0,0,0,1,0,0,0,1,0,0,0,0,1,0,1,0,0,0,0,0,0,1,0,0,1,0,0,0,0,0,0,0,0,0,0,0,0,0,0,0,0,0,0,0,0,0,0,0,0,0,0,0,0,0,0,0,0,0,0,0,0,0,0,0,0,0,0,0,0,0,0,0,0,0,0,0,0,0,0,0,0,0,0,0,0,0,0,0,0,0,0,0,0,0,0,0,0,0,0,0,0,0,0,0,0,0,0,0,0,0,0,0,0,0,0,0,0,0,0,0,0,0,0,0,0,0,0,0,0,0,0,0,0,0,0
0,0,0,0,0,0,0,0,0,0,0,0,0,0,0,0,0,0,0,0,0,0,0,0,0,1,0,0,0,0,0,0,0,0,1,0,0,0,0,0,0,1,0,0,0,1,0,1,0,0,0,0,1,0,0,0,0,1,0,0,0,1,1,0,0,1,0,1,0,0,0,0,0,1,0,0,0,0,0,1,1,0,0,0,0,0,0,0,0,0,0,0,0,0,0,0,0,0,0,0,0,0,0,0,0,0,0,0,1,0,0,0,0,0,0,0,0,0,0,0,0,0,0,0,0,0,0,0,0,0,0,0,0,0,0,0,0,0,0,0,0,0,0,0,0,0,0,0,0,0,0,0,0,0,0,0,0,0,0,0,0,0,0,0,0,0,0,0,0,0,0,0,0,0,0,0,0,0,0,0,0,0,0,0,0,0,0,0,0,0,0,0,0,0,0,0,0,0,0,0
0,0,0,0,0,0,0,0,0,0,0,0,0,0,0,0,0,0,0,0,0,0,0,0,0,0,0,0,1,0,0,1,1,0,0,0,0,2,0,0,0,0,0,0,0,0,0,0,0,1,0,0,0,1,0,0,1,0,0,0,0,0,0,0,1,1,0,0,0,0,0,0,0,1,0,0,1,0,0,1,0,0,0,0,0,1,0,0,0,0,0,0,0,0,0,0,0,0,0,1,0,0,0,0,0,0,0,0,0,0,0,0,0,0,0,0,0,0,0,0,0,0,0,0,0,0,0,0,0,0,0,0,0,0,0,0,0,0,0,0,0,0,0,0,0,0,0,0,0,0,0,0,0,0,0,0,0,0,0,0,0,0,0,0,0,0,0,0,0,0,0,0,0,0,0,0,0,0,0,0,0,0,0,0,0,0,0,0,0,0,0,0,0,0,0,0,0,0,0,0
0,0,0,0,0,0,0,0,0,0,0,0,0,0,0,0,0,0,0,0,0,0,0,0,0,0,0,1,0,0,0,0,0,0,0,0,0,0,0,0,1,0,0,0,0,0,2,2,0,0,1,0,0,0,0,0,0,0,0,1,0,0,0,0,0,0,2,0,1,0,0,0,1,0,0,1,0,0,0,0,0,0,0,0,0,0,0,0,0,0,0,0,0,0,0,1,0,0,0,0,0,0,0,0,0,0,0,0,0,0,0,0,0,0,0,0,0,0,0,0,0,0,0,0,0,0,0,0,0,0,0,0,0,0,0,0,0,0,0,0,0,0,0,0,0,0,0,0,0,0,0,0,0,0,0,0,0,0,0,0,0,0,0,0,0,0,0,0,0,0,0,0,0,0,0,0,0,0,0,0,0,0,0,0,0,0,0,0,0,0,0,0,0,0,0,0,0,0,0,0
0,0,0,0,0,0,0,0,0,0,0,0,0,0,0,0,0,0,0,0,0,0,0,0,0,0,0,0,0,1,0,0,0,0,0,0,0,0,1,0,0,1,0,0,0,0,0,0,0,0,0,0,0,0,0,0,0,1,0,1,0,0,0,1,0,0,0,0,1,0,1,1,1,0,1,1,0,0,0,0,0,0,0,0,0,0,0,0,0,0,0,0,0,0,0,0,0,0,0,0,0,0,0,0,0,0,0,0,0,0,0,0,0,0,0,0,0,0,0,0,0,0,0,0,0,0,0,0,0,0,0,0,0,0,0,0,0,0,0,0,0,0,0,0,0,0,0,0,0,0,0,0,0,0,0,0,0,0,0,0,0,0,0,0,0,0,0,0,0,0,0,0,0,0,0,0,0,0,0,0,0,0,0,0,0,0,0,0,0,0,0,0,0,0,0,0,0,0,0,0
0,0,0,0,0,0,0,0,0,0,0,0,0,0,0,0,0,0,0,0,0,0,0,0,0,0,0,0,0,0,0,0,0,0,0,0,0,0,0,0,0,0,0,0,0,0,0,1,0,0,0,0,0,0,1,0,2,1,0,1,3,0,1,1,0,0,0,0,0,0,0,0,0,0,0,0,0,1,0,0,0,0,0,0,0,2,0,0,0,0,0,0,0,0,0,0,0,0,0,0,0,0,1,0,0,0,0,0,0,0,0,0,0,0,0,0,0,0,0,0,0,0,0,0,0,0,0,0,0,0,0,0,0,0,0,0,0,0,0,0,0,0,0,0,0,0,0,0,0,0,0,0,0,0,0,0,0,0,0,0,0,0,0,0,0,0,0,0,0,0,0,0,0,0,0,0,0,0,0,0,0,0,0,0,0,0,0,0,0,0,0,0,0,0,0,0,0,0,0,0
0,0,0,0,0,0,0,0,0,0,0,0,0,0,0,0,0,0,0,0,0,0,0,0,0,0,0,0,0,0,0,0,0,0,0,0,0,0,0,1,0,0,0,0,0,0,0,1,1,0,0,0,1,0,0,0,0,1,0,1,1,1,0,0,0,1,0,1,0,0,0,0,0,0,1,0,0,0,0,0,0,0,0,0,1,2,1,0,0,1,0,0,0,0,0,0,0,0,0,0,0,0,0,0,0,0,0,0,0,0,0,0,0,0,0,0,0,0,0,0,0,0,0,0,0,0,0,0,0,0,0,0,0,0,0,0,0,0,0,0,0,0,0,0,0,0,0,0,0,0,0,0,0,0,0,0,0,0,0,0,0,0,0,0,0,0,0,0,0,0,0,0,0,0,0,0,0,0,0,0,0,0,0,0,0,0,0,0,0,0,0,0,0,0,0,0,0,0,0,0
0,0,0,0,0,0,0,0,0,0,0,0,0,0,0,0,0,1,0,0,0,0,0,0,0,0,0,0,0,0,0,0,0,0,0,0,0,1,0,0,0,0,0,1,0,0,0,0,0,0,0,1,0,0,0,0,1,1,0,1,0,0,0,0,0,0,1,1,0,0,0,0,1,0,0,0,0,1,0,0,0,1,0,0,0,0,1,0,0,0,0,1,0,0,0,0,0,0,0,0,0,0,0,0,0,0,0,0,0,0,0,1,0,0,0,0,0,0,0,0,0,0,0,0,0,0,0,0,0,0,0,0,0,0,0,0,0,0,0,0,0,0,0,0,0,0,0,0,0,0,0,0,0,0,0,0,0,0,0,0,0,0,0,0,0,0,0,0,0,0,0,0,0,0,0,0,0,0,0,0,0,0,0,0,0,0,0,0,0,0,0,0,0,0,0,0,0,0,0,0
0,0,0,0,0,0,0,0,0,0,0,0,0,0,0,0,0,0,0,0,0,0,0,0,0,0,0,0,0,0,0,0,0,0,0,0,0,1,0,1,0,0,0,0,0,0,1,0,0,0,1,0,0,0,0,0,0,0,0,0,1,0,3,1,1,0,0,1,2,0,0,2,0,1,0,0,0,1,1,1,1,0,0,0,0,0,0,0,0,0,0,0,0,1,0,0,0,0,0,0,0,0,0,0,0,0,0,0,0,0,0,0,0,0,0,0,0,0,0,0,0,0,0,0,0,0,0,0,0,0,0,0,0,0,0,0,0,0,0,0,0,0,0,0,0,0,0,0,0,0,0,0,0,0,0,0,0,0,0,0,0,0,0,0,0,0,0,0,0,0,0,0,0,0,0,0,0,0,0,0,0,0,0,0,0,0,0,0,0,0,0,0,0,0,0,0,0,0,0,0
0,0,0,0,0,0,0,0,0,0,0,0,0,0,0,0,0,0,0,0,0,0,0,0,0,0,0,0,0,0,0,0,0,2,0,0,0,0,0,0,0,0,0,1,0,1,0,1,0,0,0,0,1,0,0,0,0,0,0,0,0,0,0,0,0,0,0,0,0,0,0,0,0,1,0,1,0,0,1,0,2,0,0,0,0,0,0,1,0,1,0,0,0,0,0,0,0,0,0,1,0,0,0,0,0,0,0,0,0,0,0,0,0,0,0,0,0,0,0,0,0,0,0,0,0,0,0,0,0,0,0,0,0,0,0,0,0,0,0,0,0,0,0,0,0,0,0,0,0,0,0,0,0,0,0,0,0,0,0,0,0,0,0,0,0,0,0,0,0,0,0,0,0,0,0,0,0,0,0,0,0,0,0,0,0,0,0,0,0,0,0,0,0,0,0,0,0,0,0,0
0,0,0,0,0,0,0,0,0,0,0,0,0,0,0,0,0,0,0,0,0,0,0,0,0,0,0,0,0,0,0,0,0,0,0,0,1,0,0,1,0,0,0,0,0,0,0,0,0,1,0,0,0,0,0,0,0,0,1,0,0,0,0,0,0,0,0,0,0,0,0,0,0,1,0,0,0,0,1,0,0,1,0,0,0,0,0,0,0,1,0,0,0,0,0,0,0,0,0,0,0,0,0,0,0,0,0,0,0,0,0,0,0,0,0,0,0,0,0,0,0,0,0,0,0,0,0,0,0,0,0,0,0,0,0,0,0,0,0,0,0,0,0,0,0,0,0,0,0,0,0,0,0,0,0,0,0,0,0,0,0,0,0,0,0,0,0,0,0,0,0,0,0,0,0,0,0,0,0,0,0,0,0,0,0,0,0,0,0,0,0,0,0,0,0,0,0,0,0,0
0,0,0,0,0,0,0,0,0,0,0,0,0,0,0,0,0,0,0,0,0,0,0,0,0,0,1,0,0,0,0,0,0,0,1,0,0,0,0,1,0,0,0,0,0,0,0,0,0,0,2,0,0,0,0,0,0,0,0,0,0,0,0,1,0,0,0,0,1,1,1,0,0,0,0,0,0,0,0,0,1,0,0,0,0,0,0,0,0,0,1,0,0,0,0,0,0,0,0,0,0,0,0,0,1,0,0,0,0,0,0,0,0,0,0,0,0,0,0,0,0,0,0,0,0,0,0,0,0,0,0,0,0,0,0,0,0,0,0,0,0,0,0,0,0,0,0,0,0,0,0,0,0,0,0,0,0,0,0,0,0,0,0,0,0,0,0,0,0,0,0,0,0,0,0,0,0,0,0,0,0,0,0,0,0,0,0,0,0,0,0,0,0,0,0,0,0,0,0,0
0,0,0,0,0,0,0,0,0,0,0,0,0,0,0,0,0,0,0,0,0,0,0,0,0,0,0,0,0,0,0,0,0,0,0,0,0,0,0,0,0,0,1,0,0,0,0,0,0,0,0,1,0,0,0,1,1,0,0,0,0,0,2,1,0,0,1,0,0,0,0,0,0,0,1,0,0,0,0,0,0,0,0,0,0,0,0,0,0,0,0,0,0,0,0,0,0,0,0,0,0,0,0,0,0,0,0,0,0,0,0,0,0,0,0,0,0,0,0,0,0,0,0,0,0,0,0,0,0,0,0,0,0,0,0,0,0,0,0,0,0,0,0,0,0,0,0,0,0,0,0,0,0,0,0,0,0,0,0,0,0,0,0,0,0,0,0,0,0,0,0,0,0,0,0,0,0,0,0,0,0,0,0,0,0,0,0,0,0,0,0,0,0,0,0,0,0,0,0,0
0,0,0,0,0,0,0,0,0,0,0,0,0,0,0,0,0,0,0,0,0,0,0,0,0,0,0,0,0,0,0,0,0,0,0,0,0,0,0,0,0,0,0,0,0,1,0,0,1,0,0,0,0,0,0,0,0,0,0,0,0,1,0,0,0,1,0,0,0,0,0,1,1,1,0,0,0,1,0,0,0,1,0,1,0,0,0,0,0,0,0,0,0,0,0,0,0,0,0,0,0,0,0,0,0,0,0,0,0,0,0,0,0,0,0,0,0,0,0,0,0,0,0,0,0,0,0,0,0,0,0,0,0,0,0,0,0,0,0,0,0,0,0,0,0,0,0,0,0,0,0,0,0,0,0,0,0,0,0,0,0,0,0,0,0,0,0,0,0,0,0,0,0,0,0,0,0,0,0,0,0,0,0,0,0,0,0,0,0,0,0,0,0,0,0,0,0,0,0,0
0,0,0,0,0,0,0,0,0,0,0,0,0,0,0,0,1,0,0,0,0,0,0,0,0,0,0,0,0,1,0,0,0,0,0,0,0,0,0,0,0,0,1,0,0,0,0,0,0,0,0,0,0,0,1,0,1,0,1,0,0,1,1,0,0,0,0,1,0,0,0,0,0,0,0,1,0,1,0,0,1,0,2,0,0,1,0,0,1,0,0,0,0,0,0,0,0,0,0,1,0,0,1,0,0,0,0,0,0,0,0,0,0,0,0,0,0,0,0,0,0,0,0,0,0,0,0,0,0,0,0,0,0,0,0,0,0,0,0,0,0,0,0,0,0,0,0,0,0,0,0,0,0,0,0,0,0,0,0,0,0,0,0,0,0,0,0,0,0,0,0,0,0,0,0,0,0,0,0,0,0,0,0,0,0,0,0,0,0,0,0,0,0,0,0,0,0,0,0,0
0,0,0,0,0,1,0,0,0,0,0,0,0,0,0,0,0,0,0,0,0,0,0,0,0,0,0,0,0,0,0,0,0,0,0,0,0,0,0,0,1,1,0,0,0,0,0,0,0,2,1,0,0,0,0,0,0,0,1,0,0,0,0,0,0,1,0,0,0,1,1,0,0,0,0,1,0,0,0,0,0,0,1,0,0,1,0,0,0,0,0,0,0,0,0,0,0,0,0,0,0,0,0,0,0,0,0,0,0,0,0,0,0,1,0,0,0,0,0,0,0,0,1,0,0,0,0,0,0,0,0,0,0,0,0,0,0,0,0,0,0,0,0,0,0,0,0,0,0,0,0,0,0,0,0,0,0,0,0,0,0,0,0,0,0,0,0,0,0,0,0,0,0,0,0,0,0,0,0,0,0,0,0,0,0,0,0,0,0,0,0,0,0,0,0,0,0,0,0,0
0,0,0,0,0,0,0,0,0,0,0,0,0,0,0,0,0,0,0,0,0,0,0,0,0,0,0,0,0,0,0,1,0,0,0,0,0,0,0,0,2,0,0,0,1,0,0,0,0,1,1,0,1,0,0,0,0,0,1,0,1,0,0,1,1,1,0,0,0,0,0,0,0,0,0,0,1,0,0,1,0,1,0,0,0,0,0,0,0,0,0,0,0,0,0,0,0,0,0,0,0,0,0,0,0,0,0,0,0,0,0,0,0,0,0,0,0,0,0,0,0,0,0,0,0,0,0,0,0,0,0,0,0,0,0,0,0,0,0,0,0,0,0,0,0,0,0,0,0,0,0,0,0,0,0,0,0,0,0,0,0,0,0,0,0,0,0,0,0,0,0,0,0,0,0,0,0,0,0,0,0,0,0,0,0,0,0,0,0,0,0,0,0,0,0,0,0,0,0,0
0,0,0,0,1,0,0,0,0,0,0,0,0,0,0,0,0,0,0,0,0,0,0,0,0,0,0,0,0,0,0,0,0,1,0,0,0,0,0,0,0,0,0,0,0,1,1,0,0,0,0,0,0,1,0,0,0,0,0,0,2,0,1,0,0,0,1,0,1,0,0,0,0,0,0,0,0,0,1,0,0,1,0,0,0,0,0,0,0,0,0,0,0,0,0,0,0,0,0,0,0,0,0,0,0,0,0,0,0,0,0,0,0,0,0,0,0,0,0,0,0,0,0,0,0,0,0,0,0,0,0,0,0,0,0,0,0,0,0,0,0,0,0,0,0,0,0,0,0,0,0,0,0,0,0,0,0,0,0,0,0,0,0,0,0,0,0,0,0,0,0,0,0,0,0,0,0,0,0,0,0,0,0,0,0,0,0,0,0,0,0,0,0,0,0,0,0,0,0,0
0,0,0,0,0,0,0,0,0,0,0,0,0,0,0,0,0,0,0,0,0,0,0,0,0,0,0,0,0,0,0,0,0,0,0,0,0,0,0,0,0,0,0,0,0,0,1,0,0,1,0,0,0,0,0,0,1,2,0,0,1,0,0,1,1,0,0,0,0,1,0,0,0,0,0,0,0,1,1,0,0,0,0,0,0,0,0,0,0,0,0,0,0,0,0,0,0,0,0,0,0,0,0,0,0,0,0,0,0,0,0,0,0,0,0,0,0,0,0,0,0,0,0,0,0,0,0,0,0,0,0,0,0,0,0,0,0,0,0,0,0,0,0,0,0,0,0,0,0,0,0,0,0,0,0,0,0,0,0,0,0,0,0,0,0,0,0,0,0,0,0,0,0,0,0,0,0,0,0,0,0,0,0,0,0,0,0,0,0,0,0,0,0,0,0,0,0,0,0,0
0,0,0,0,0,0,0,0,0,0,0,0,0,0,0,0,0,0,0,0,0,0,0,0,0,0,0,1,0,0,0,0,0,1,0,0,1,0,0,1,0,0,0,0,0,0,0,0,0,0,0,0,0,0,0,0,0,0,0,0,0,0,0,0,0,0,1,1,0,0,1,0,1,0,0,0,0,1,0,0,0,0,0,0,0,0,1,0,0,0,1,0,0,0,0,0,0,0,0,0,1,0,0,0,0,0,0,0,0,0,0,0,0,0,0,0,0,0,0,0,0,0,0,0,0,0,0,0,0,0,0,0,0,0,0,0,0,0,0,0,0,0,0,0,0,0,0,0,0,0,0,0,0,0,0,0,0,0,0,0,0,0,0,0,0,0,0,0,0,0,0,0,0,0,0,0,0,0,0,0,0,0,0,0,0,0,0,0,0,0,0,0,0,0,0,0,0,0,0,0
0,0,0,0,0,0,0,0,0,0,0,0,0,0,0,0,0,0,0,0,0,0,0,0,0,0,0,0,0,1,0,0,0,0,0,0,0,0,0,1,0,0,0,0,0,0,0,2,0,0,0,0,0,0,0,1,0,1,0,0,0,0,1,0,1,0,0,0,0,0,0,0,0,0,0,0,0,0,0,1,1,0,0,0,0,1,0,0,0,0,0,0,0,0,0,0,0,0,0,0,0,0,0,0,0,0,0,0,0,0,0,0,0,0,0,0,0,0,0,0,0,0,0,0,0,0,0,0,0,0,0,0,0,0,0,0,0,0,0,0,0,0,0,0,0,0,0,0,0,0,0,0,0,0,0,0,0,0,0,0,0,0,0,0,0,0,0,0,0,0,0,0,0,0,0,0,0,0,0,0,0,0,0,0,0,0,0,0,0,0,0,0,0,0,0,0,0,0,0,0
