6,4,2,9,9,8,8,20,13,16,6,29,13,13,19,20,44,32,30,44,39,61,60,67,68,80,88,106,110,122,128,150,186,164,190,215,212,273,293,305,334,345,393,400,470,414,435,516,473,642,611,723,736,715,776,777,768,766,927,904,1012,1003,950,1078,1077,1077,1191,1148,1090,1123,1287,1259,1199,1352,1297,1370,1287,1236,1267,1276,1287,1324,1279,1382,1279,1325,1261,1223,1197,1156,1180,1173,1117,1018,1087,1114,1092,1035,932,995,846,839,843,743,766,701,663,684,652,647,577,550,540,492,455,466,450,381,371,371,304,311,279,319,266,246,225,202,198,167,175,145,136,127,100,117,90,88,84,68,59,59,58,50,54,42,44,31,33,34,17,17,17,24,23,11,8,13,12,3,12,6,6,6,2,9,7,5,3,0,2,1,2,3,2,1,0,2,0,2,0,1,0,0,0,0,0,0,0,0,0,0,0,0,0,0,0,0,0,0
16,1,3,11,9,10,12,27,16,23,23,22,15,19,32,27,42,49,51,52,58,70,71,103,79,99,133,122,130,157,211,186,233,215,227,294,279,344,419,399,405,454,496,459,550,504,555,612,590,747,715,798,843,837,943,913,992,982,1114,1045,1095,1090,1082,1143,1103,1136,1326,1209,1191,1214,1268,1216,1311,1320,1265,1334,1235,1257,1293,1244,1203,1182,1191,1252,1174,1212,1160,1101,1107,1011,1045,1062,922,874,856,849,930,770,844,814,636,694,650,652,659,587,552,518,537,457,457,452,387,389,316,344,334,283,285,285,209,227,196,240,184,197,188,144,169,126,139,113,106,94,74,63,80,80,71,66,46,47,45,31,36,26,28,31,22,22,17,11,15,18,16,18,2,9,8,3,6,9,6,4,4,9,1,5,3,0,2,0,1,2,3,2,0,1,0,2,0,1,0,0,0,0,0,0,0,0,0,0,0,0,0,0,0,0,0,0
11,5,5,11,10,15,13,27,22,31,13,28,13,10,31,30,42,76,61,66,69,87,95,113,109,134,145,140,148,181,206,248,296,240,313,345,283,425,448,429,443,578,547,565,592,572,609,699,634,800,795,913,945,875,1052,940,956,1025,1120,1146,1156,1187,1200,1202,1143,1240,1351,1130,1128,1173,1356,1288,1228,1348,1171,1282,1284,1170,1201,1151,1122,1098,1110,1215,1027,1095,1026,1023,899,957,930,931,844,810,792,766,830,685,771,675,561,634,569,541,503,524,460,437,457,416,345,366,313,298,288,319,287,249,235,218,188,188,170,170,153,160,137,124,103,97,104,83,95,65,70,71,62,55,61,47,37,37,35,43,38,25,25,22,18,17,9,9,11,14,13,16,7,9,7,3,12,5,6,6,2,6,7,3,7,0,0,1,0,0,2,0,0,1,0,2,0,1,0,0,0,0,0,0,0,0,0,0,0,0,0,0,0,0,0,0
15,6,9,17,9,14,14,31,21,29,17,29,20,33,29,30,53,70,70,58,75,122,93,119,111,148,180,137,171,201,228,262,344,276,378,378,327,436,477,469,465,634,593,648,658,616,699,755,684,873,852,967,1010,940,1012,1038,1074,1004,1162,1085,1190,1193,1216,1179,1185,1169,1315,1162,1134,1226,1316,1204,1178,1367,1181,1218,1147,1208,1194,1096,1091,1109,1063,1126,994,965,947,929,882,825,866,824,708,679,658,697,742,669,607,677,508,490,502,451,476,433,413,380,343,336,354,324,298,300,262,272,248,190,228,195,172,163,151,183,125,140,137,108,136,106,71,93,67,55,69,71,54,44,44,53,43,39,36,26,33,25,30,35,19,15,10,7,5,10,13,4,5,5,9,2,4,7,6,4,2,3,1,4,4,0,0,0,2,0,1,0,0,2,0,1,0,1,0,0,0,0,0,0,0,0,0,0,0,0,0,0,0,0,0,0
20,6,12,14,14,14,11,24,28,32,18,39,20,28,31,34,53,86,73,76,77,130,88,144,139,166,168,157,179,220,242,266,339,282,328,394,368,447,558,495,476,650,642,672,685,638,697,693,763,897,878,1030,1014,969,1070,1066,1125,1073,1124,1127,1275,1252,1122,1285,1125,1191,1303,1116,1166,1136,1273,1232,1084,1283,1146,1152,1152,1087,1107,1038,1012,991,1008,977,924,921,802,807,817,786,748,756,707,682,598,607,684,564,596,595,517,493,448,452,444,413,411,323,338,308,293,279,253,261,250,220,214,195,194,180,158,139,135,158,142,137,115,96,96,77,71,68,77,61,57,69,49,42,46,55,32,36,29,29,24,19,24,28,17,15,11,5,3,11,16,10,0,7,8,3,3,6,3,3,0,2,0,4,4,0,1,2,0,1,4,2,0,4,0,0,0,0,0,0,0,0,0,0,0,0,0,0,0,0,0,0,0,0,0,0
15,9,15,20,8,12,11,24,25,42,19,42,31,44,28,38,41,100,59,76,90,129,105,154,141,179,163,179,227,231,266,292,363,310,401,396,360,520,564,518,531,651,641,610,752,660,729,788,683,938,871,1019,1020,1038,1075,1100,1164,1112,1188,1117,1237,1165,1096,1216,1069,1213,1276,1218,1139,1123,1182,1179,1038,1230,1094,1098,1036,989,1052,1060,981,956,992,956,895,922,825,813,750,781,696,680,619,643,559,570,647,484,543,520,420,446,442,395,384,402,339,321,314,308,256,264,253,230,194,213,237,196,176,161,154,110,116,143,114,102,100,85,96,71,65,64,77,60,73,51,49,36,54,39,22,28,21,16,27,16,14,20,11,17,13,14,7,5,10,10,6,2,7,3,1,7,1,3,1,4,1,1,5,0,1,0,2,0,0,0,0,1,0,3,0,0,0,0,0,0,0,0,0,0,0,0,0,0,0,0,0,0,0,0
22,4,3,19,10,18,12,31,43,44,15,50,35,28,25,44,63,89,92,70,73,127,92,161,144,187,192,186,200,247,288,287,382,298,375,421,385,483,576,527,574,663,665,716,751,645,749,774,755,938,912,991,965,981,1103,1077,1139,1036,1193,1086,1217,1182,1127,1195,1152,1105,1293,1115,1111,1090,1178,1111,1033,1124,1019,1109,969,1002,1052,947,934,889,929,901,761,914,763,721,657,691,708,627,587,533,564,534,526,491,480,478,439,357,398,334,356,317,328,292,237,255,258,259,203,242,190,203,195,170,143,149,140,113,108,137,95,123,87,78,102,64,59,59,53,54,42,50,43,49,51,32,20,22,28,21,20,16,17,33,10,20,12,9,4,9,6,4,4,8,5,1,3,6,3,2,0,1,2,3,3,0,3,3,1,0,0,0,0,2,0,1,0,1,0,0,0,0,0,0,0,0,0,0,0,0,0,0,0,0,0,0
24,6,18,16,6,12,21,40,46,48,27,37,26,32,37,47,65,81,81,87,98,153,94,161,147,184,178,198,206,251,289,310,414,344,400,439,399,510,604,547,571,690,725,675,724,665,732,812,768,948,901,1021,1069,1009,1125,1033,993,1052,1177,1077,1219,1155,1131,1175,1051,1170,1254,1097,1036,996,1142,1123,1014,1128,1037,1004,962,961,863,945,856,798,840,809,780,752,748,750,665,641,624,588,557,530,523,481,526,460,455,434,374,373,361,349,325,304,336,238,284,236,238,252,192,212,184,169,173,157,161,136,128,115,87,112,113,104,74,66,78,73,60,45,54,40,36,42,35,40,43,41,34,26,14,15,18,13,15,22,7,16,9,13,9,7,3,5,4,4,5,4,1,0,0,0,1,6,2,2,4,0,1,0,2,0,0,0,0,0,0,0,0,2,0,0,0,0,0,0,0,0,0,0,0,0,0,0,0,0,0,0
23,10,10,22,11,28,18,43,40,39,20,45,23,35,27,39,64,104,77,83,79,156,120,167,147,188,204,192,193,290,340,322,389,346,414,440,367,548,609,564,507,723,733,680,767,684,743,819,746,960,847,1008,1116,967,1125,1073,1105,1026,1127,1079,1184,1203,1084,1150,1027,1071,1177,1108,1009,1039,1082,1116,976,1121,971,934,915,888,864,824,774,775,782,811,722,762,724,636,640,603,575,542,487,434,460,464,471,488,461,410,338,313,335,329,320,291,273,237,257,184,223,219,194,175,154,158,149,135,145,129,128,95,117,92,84,98,75,81,78,59,53,49,45,47,44,45,48,40,34,37,32,19,13,14,18,15,17,23,13,10,7,8,6,7,9,6,6,0,4,2,2,2,1,3,3,1,3,1,1,0,1,0,1,0,1,0,0,2,0,1,0,0,0,0,0,0,0,0,0,0,0,0,0,0,0,0,0,0,0,0
25,4,7,18,10,21,17,35,34,37,14,44,30,42,26,42,64,94,77,96,102,145,111,183,161,188,222,198,236,305,339,331,393,350,405,428,352,575,623,561,571,697,706,730,810,733,753,812,795,928,829,1014,996,1015,1072,1029,1083,986,1111,1087,1153,1023,1083,1093,1048,1077,1176,1157,972,966,1044,1036,962,1022,922,928,882,837,839,842,759,740,741,760,712,715,668,643,559,574,544,530,506,434,431,467,465,387,382,419,337,293,267,312,286,275,257,230,243,214,200,199,159,170,135,149,142,131,132,122,119,81,79,107,79,85,105,59,71,61,48,60,46,43,29,41,30,31,37,26,21,22,15,14,27,11,12,14,13,16,12,6,8,4,1,7,2,9,5,1,0,6,3,2,2,2,3,2,3,0,1,0,0,2,0,0,0,0,0,0,0,2,0,0,0,0,0,0,0,0,0,0,0,0,0,0,0,0,0,0
25,6,12,21,10,28,21,47,36,47,22,56,26,48,35,62,47,126,67,83,110,148,128,182,115,203,193,194,201,300,316,332,407,340,414,421,421,582,636,547,580,688,719,693,729,714,748,812,742,935,907,1045,1033,944,1080,1051,1116,1027,1089,1081,1180,1100,1055,1065,1012,1029,1156,1028,961,909,1054,976,943,1004,913,861,815,890,835,817,767,693,758,725,641,663,636,627,565,576,533,495,481,438,379,383,445,373,388,369,298,315,303,274,229,279,266,206,236,195,175,203,155,176,139,153,157,103,113,134,114,75,74,106,68,80,58,60,77,52,42,28,51,26,39,24,31,30,29,25,14,24,13,13,17,15,15,12,14,8,10,12,5,10,12,8,5,5,4,2,0,5,4,3,2,2,4,2,1,0,0,0,1,0,0,0,0,2,0,1,0,3,0,0,0,0,0,0,0,0,0,0,0,0,0,0,0,0,0,0
31,8,15,25,7,28,17,30,39,47,20,44,28,40,45,46,60,97,85,89,103,162,116,175,171,222,231,195,219,319,322,338,408,343,421,483,397,617,602,564,571,708,687,687,765,684,756,773,740,954,891,1011,984,983,1104,1002,1077,954,1132,1034,1157,992,984,996,938,1023,1123,1061,983,876,987,991,854,949,840,843,784,791,803,794,653,664,687,661,638,640,574,557,532,571,463,466,453,423,410,398,415,349,377,350,315,263,293,278,276,247,229,198,212,185,158,156,170,157,117,140,128,122,94,111,94,67,69,73,71,86,65,44,56,45,37,40,44,43,31,32,40,24,29,24,9,16,28,16,13,16,12,18,7,6,8,4,8,4,10,5,5,4,4,3,3,8,1,4,3,2,1,1,2,0,0,0,2,0,0,0,0,0,0,0,0,1,0,0,0,0,0,0,0,0,0,0,0,0,0,0,0,0,0,0
17,4,9,17,8,29,15,46,34,43,17,47,34,36,30,47,53,91,84,88,97,172,106,175,156,199,225,213,212,297,311,332,435,347,434,497,399,571,606,604,547,687,759,709,779,659,725,771,671,912,855,993,961,970,987,975,1063,969,1128,1027,1125,953,922,1019,958,924,992,968,864,929,967,915,891,905,815,869,759,762,802,707,657,623,654,641,588,623,556,522,471,531,479,444,401,391,360,328,378,339,373,307,251,257,238,248,230,224,228,211,218,174,161,147,130,135,144,143,133,105,107,98,91,68,69,81,70,73,63,53,63,56,27,29,23,27,34,26,34,17,21,21,20,17,24,20,17,12,9,15,7,7,14,4,1,7,8,4,2,2,5,1,0,3,2,0,2,1,4,1,1,0,2,0,1,0,0,0,0,1,0,2,0,0,0,0,0,0,0,0,0,0,0,0,0,0,0,0,0,0,0,0
15,2,18,26,6,29,23,28,42,51,27,48,33,33,37,44,53,90,100,92,105,175,100,175,148,202,248,201,229,300,337,334,434,344,405,487,426,583,621,615,582,760,673,680,737,714,808,772,744,914,796,1010,1004,902,1002,924,1028,895,1005,984,1057,1025,881,987,939,933,1008,956,863,843,914,864,830,933,816,800,752,781,713,643,689,636,704,641,592,588,549,528,506,490,404,424,394,336,383,370,341,303,325,320,244,248,246,223,239,233,234,179,195,144,125,161,118,125,116,127,129,98,84,97,98,70,90,85,73,71,64,51,63,50,27,27,33,29,32,28,25,33,22,32,18,22,12,9,15,6,14,13,14,11,7,7,6,3,2,4,1,8,5,2,1,2,4,0,3,3,2,1,0,0,0,1,2,1,0,0,0,0,0,1,0,0,0,0,0,0,0,0,0,0,0,0,0,0,0,0,0,0,0,0
18,5,12,19,8,34,15,27,39,48,23,39,27,33,35,60,68,106,93,85,117,174,87,180,153,208,246,198,233,295,318,313,477,330,435,436,444,555,620,572,555,711,716,698,716,683,782,746,766,886,800,970,990,923,1017,940,979,965,982,945,1037,967,928,990,900,938,1078,919,853,866,912,795,802,880,754,773,748,683,700,670,591,618,632,606,521,507,473,513,473,461,448,448,362,377,321,353,351,344,271,295,231,217,233,224,195,208,191,173,215,148,146,155,135,126,97,113,115,85,92,90,96,40,62,79,79,71,51,47,47,59,26,34,30,43,35,31,26,39,16,30,19,10,9,14,13,6,11,12,9,6,8,5,1,8,7,7,2,1,4,0,2,3,1,7,0,1,3,1,0,0,1,4,1,1,1,0,0,0,0,1,0,1,0,0,0,0,0,0,0,0,0,0,0,0,0,0,0,0,0,0
30,7,17,32,7,27,25,41,48,50,24,42,30,39,39,49,57,124,90,105,116,195,114,176,161,180,248,202,224,291,323,335,419,333,411,443,419,593,585,595,527,693,672,705,752,680,753,778,741,870,799,1057,951,891,962,934,1000,911,1042,976,1033,963,929,936,922,920,1020,844,781,804,868,850,790,796,750,751,671,682,711,640,594,571,601,612,495,559,486,453,432,433,362,393,375,360,312,317,326,279,303,287,260,199,207,219,239,220,202,152,148,144,156,152,114,117,97,89,113,114,101,78,62,51,67,77,56,58,40,53,52,44,30,18,32,33,28,25,28,20,23,14,15,14,11,11,14,5,14,9,2,3,11,7,6,5,7,3,5,2,3,0,0,4,0,0,1,1,2,2,1,0,0,1,0,0,0,0,0,1,0,0,0,1,0,0,0,0,0,0,0,0,0,0,0,0,0,0,0,0,0,0
33,4,8,29,8,26,19,38,49,51,33,42,31,33,37,49,55,110,76,80,100,179,102,173,165,194,206,198,238,290,323,326,388,350,454,466,452,534,613,505,546,691,664,668,728,702,682,708,677,889,791,990,954,897,978,915,937,872,983,963,1021,904,918,923,864,892,918,957,780,759,861,850,755,759,710,701,622,667,621,640,548,553,551,536,506,514,438,423,416,392,365,365,309,302,313,303,314,273,288,276,218,234,199,190,172,175,172,151,164,144,139,122,121,109,102,98,95,95,71,91,63,81,53,60,63,61,54,48,44,45,25,26,36,30,28,34,26,19,24,18,12,16,15,12,13,11,10,13,5,11,8,2,5,2,6,5,1,5,5,1,1,5,1,3,1,6,1,1,1,0,0,0,2,0,0,0,0,2,0,2,0,1,0,0,0,0,0,0,0,0,0,0,0,0,0,0,0,0,0,0
21,6,11,22,11,26,11,45,54,45,25,57,27,39,48,59,51,95,83,109,101,180,133,190,150,184,234,219,240,286,342,341,465,334,447,454,414,590,615,532,549,681,688,686,691,620,745,729,702,851,815,945,865,828,854,889,956,874,877,953,980,902,862,928,849,799,875,843,750,795,813,818,685,733,696,699,623,644,634,592,578,498,525,524,496,475,482,411,384,395,383,358,345,307,298,285,333,269,260,236,203,203,190,219,197,154,182,148,158,127,135,126,106,107,100,88,85,104,77,88,58,60,54,67,65,61,34,33,48,42,30,19,25,31,19,24,19,18,21,21,13,16,5,8,13,2,5,13,9,7,2,4,1,1,5,2,2,2,4,0,0,6,1,4,0,0,2,1,1,0,0,1,3,0,0,0,0,0,0,0,0,1,0,0,0,0,0,0,0,0,0,0,0,0,0,0,0,0,0,0
21,7,14,21,7,31,13,33,49,54,22,63,33,46,51,43,64,105,77,104,105,190,119,168,148,166,239,192,256,285,329,324,417,344,427,451,390,542,604,569,546,668,683,707,714,583,667,756,698,929,823,907,916,817,882,876,996,870,982,885,964,873,860,878,858,900,871,850,771,709,834,760,715,763,652,654,587,606,604,578,515,510,510,508,443,473,438,374,330,350,358,336,291,276,242,275,276,298,269,256,186,206,166,163,166,166,160,134,141,143,123,129,111,107,117,77,111,81,71,72,63,58,50,51,51,45,42,44,50,37,21,20,31,29,19,23,23,20,13,20,15,19,8,9,6,8,9,13,6,7,5,7,6,2,6,2,2,5,4,1,0,2,3,2,0,1,3,0,0,0,0,3,3,0,0,0,0,0,0,0,0,1,0,0,0,0,0,0,0,0,0,0,0,0,0,0,0,0,0,0
20,8,14,25,17,25,12,39,43,42,18,55,35,40,44,58,46,109,89,100,112,174,118,198,142,203,232,221,237,329,309,330,405,332,429,439,408,561,559,509,532,668,655,659,641,629,666,730,656,853,800,890,897,811,881,877,855,833,913,902,871,878,836,856,748,772,859,750,739,678,817,744,704,734,626,681,577,580,552,553,531,477,522,477,474,428,423,399,332,359,327,307,306,282,279,254,295,237,233,204,218,169,166,173,168,155,156,131,149,134,122,110,106,98,95,85,101,69,50,70,48,38,55,44,47,50,28,27,49,47,31,35,23,19,29,22,21,23,19,18,5,15,11,9,9,8,12,7,6,10,5,2,3,7,7,0,0,1,2,0,0,2,0,0,2,1,2,0,1,0,0,1,2,0,0,0,0,1,0,2,0,0,0,0,0,0,0,0,0,0,0,0,0,0,0,0,0,0,0,0
26,2,16,28,5,27,12,45,39,53,24,47,21,39,42,57,68,121,88,80,98,185,121,158,153,190,203,230,206,259,316,328,380,396,427,472,380,549,534,496,526,671,646,654,711,591,658,669,668,795,757,866,887,770,895,884,859,867,899,824,940,826,757,819,805,759,814,758,685,713,683,683,691,654,607,594,580,571,564,513,487,440,464,483,403,474,371,368,362,333,329,313,278,269,286,249,270,218,261,197,190,164,171,173,169,148,152,135,168,106,111,113,92,74,87,88,93,83,74,63,63,50,49,55,48,56,33,41,45,35,20,20,30,22,24,26,21,20,21,18,10,7,12,9,6,9,8,9,6,6,6,5,1,1,2,2,3,4,2,0,0,4,1,2,1,1,1,3,1,0,0,1,0,0,0,0,0,0,0,0,0,0,0,0,0,0,0,0,0,0,0,0,0,0,0,0,0,0,0,0
27,8,17,26,8,34,20,39,46,47,24,55,30,33,38,48,63,93,80,105,115,164,120,194,160,175,201,217,206,309,310,307,393,315,416,437,389,557,519,554,471,654,648,586,683,637,695,684,661,812,726,886,938,815,866,795,881,782,889,788,904,767,764,865,747,782,742,726,626,648,719,722,608,665,617,556,530,562,496,541,450,492,452,461,363,393,373,363,312,315,299,300,237,256,246,249,229,217,226,216,184,160,187,193,148,159,160,110,126,95,110,93,80,81,71,75,87,62,52,57,55,49,45,50,61,41,38,26,34,24,18,24,20,21,20,27,15,24,11,16,15,9,14,7,14,8,7,8,5,4,1,4,3,3,7,2,3,3,1,1,1,2,1,5,0,1,1,2,0,0,0,0,0,0,1,0,0,0,0,0,0,2,0,0,0,0,0,0,0,0,0,0,0,0,0,0,0,0,0,0
26,6,13,26,10,40,15,28,42,51,20,50,34,34,41,48,59,93,96,91,87,188,101,159,137,223,216,199,227,312,325,281,392,312,398,440,388,558,536,537,532,634,609,628,634,604,663,663,622,816,689,904,838,778,831,897,829,729,821,820,823,775,769,807,725,755,800,697,659,612,714,629,633,660,554,580,539,521,441,438,499,446,425,402,378,414,364,341,340,323,283,300,236,231,244,246,259,204,205,213,166,171,159,157,146,130,146,107,121,97,99,102,83,80,68,64,66,62,57,51,49,45,55,35,37,40,32,33,35,28,16,21,24,26,27,25,21,23,15,14,15,8,11,10,4,7,5,13,2,4,6,4,3,2,2,2,1,1,2,0,1,1,1,1,0,4,0,1,2,0,0,2,1,2,0,0,0,0,0,0,0,0,0,0,0,0,0,0,0,0,0,0,0,0,0,0,0,0,0,0
33,13,17,25,12,33,9,36,33,57,15,64,29,28,41,67,60,99,75,75,105,168,112,160,153,202,196,190,239,250,320,324,351,332,373,396,366,519,556,534,475,584,635,629,688,596,668,637,626,734,699,848,810,759,833,764,886,811,861,774,855,774,700,706,671,694,787,728,650,656,677,662,602,625,526,544,505,528,472,452,440,457,450,412,340,402,354,331,303,290,292,283,241,225,242,234,226,212,221,211,158,152,145,151,158,134,103,109,137,95,110,86,87,77,81,71,81,69,60,55,53,43,50,59,56,45,37,37,39,31,19,11,24,24,25,13,18,15,22,17,7,22,9,3,10,7,4,6,2,3,3,6,4,1,4,0,4,4,1,1,1,2,0,1,1,3,0,2,1,0,0,0,0,0,0,0,0,0,0,1,0,0,0,0,0,0,0,0,0,0,0,0,0,0,0,0,0,0,0,0
34,9,9,28,6,21,15,56,44,46,20,57,36,47,42,49,57,113,74,82,105,180,120,157,150,190,219,210,208,286,283,288,395,327,408,417,391,507,541,524,494,592,630,569,625,623,678,628,585,752,666,829,803,733,786,806,768,710,809,733,786,732,684,718,675,739,730,680,603,621,678,596,621,617,584,555,487,505,474,472,388,397,435,406,358,365,343,296,282,313,259,263,249,207,215,198,228,212,207,213,156,158,145,132,153,130,134,82,134,104,88,91,76,71,73,64,72,51,52,64,51,47,46,47,46,62,33,36,36,29,15,15,20,25,15,16,20,12,13,8,17,10,4,7,9,2,6,7,6,6,3,2,1,1,4,0,0,5,3,0,0,2,2,2,1,2,1,0,1,0,0,2,0,1,1,0,0,1,0,0,0,0,0,0,0,0,0,0,0,0,0,0,0,0,0,0,0,0,0,0
26,7,12,26,10,35,15,37,40,60,16,55,38,39,33,59,50,114,82,93,95,179,107,188,152,169,204,175,226,287,308,289,398,318,421,399,374,472,542,460,489,649,596,594,637,512,629,617,568,673,652,806,835,738,818,758,747,712,832,724,739,704,661,698,681,724,743,667,585,585,652,653,569,592,498,539,474,445,435,440,399,379,337,387,334,345,343,322,291,307,254,249,247,239,215,200,229,211,192,191,154,137,147,153,135,134,120,86,124,77,88,101,71,73,78,56,64,58,47,58,46,46,34,43,37,38,26,33,42,19,15,17,24,23,23,18,18,12,18,16,7,9,5,6,4,9,11,6,3,3,3,1,2,1,4,3,0,4,2,0,2,2,0,1,1,1,2,0,2,0,0,0,0,0,0,0,0,0,0,0,0,1,0,0,0,0,0,0,0,0,0,0,0,0,0,0,0,0,0,0
29,5,6,24,4,38,16,36,45,46,26,56,35,28,39,55,58,102,85,108,105,178,108,150,157,177,221,200,194,258,302,293,410,293,375,436,370,507,523,497,493,587,604,599,551,582,620,654,586,701,682,767,744,687,776,714,743,666,760,673,766,730,654,639,645,610,671,626,565,585,622,564,550,543,541,494,474,492,419,406,370,382,374,342,361,357,303,291,256,231,279,244,196,203,211,183,219,182,179,170,137,140,142,113,140,125,132,96,110,86,89,85,96,62,65,58,66,58,56,57,40,36,45,44,41,53,21,20,36,34,15,16,19,17,12,21,16,12,11,16,4,9,6,5,10,5,6,9,5,2,4,4,1,2,3,6,2,2,3,0,0,1,1,1,1,3,2,2,0,0,0,0,0,0,0,0,0,1,0,0,0,1,0,0,0,0,0,0,0,0,0,0,0,0,0,0,0,0,0,0
32,5,7,26,13,22,8,36,39,41,19,61,36,31,31,53,44,112,67,95,98,157,113,157,128,168,189,187,210,261,277,314,390,297,344,387,364,431,512,472,476,609,559,550,599,574,617,609,577,684,661,732,760,697,749,736,702,698,767,642,712,618,660,651,625,607,652,638,565,547,588,543,541,524,486,443,469,448,451,401,367,343,392,362,330,318,295,286,250,243,228,222,195,210,197,179,182,185,176,145,149,138,142,112,129,119,127,90,112,76,91,90,66,67,72,46,65,36,48,40,48,36,34,40,21,35,30,22,31,24,12,18,13,14,12,26,15,12,10,13,8,9,7,8,5,4,6,11,6,5,4,3,1,2,4,1,5,2,2,1,0,0,2,0,0,2,1,2,1,0,0,2,1,1,0,0,0,0,0,1,0,0,0,0,0,0,0,0,0,0,0,0,0,0,0,0,0,0,0,0
18,2,13,25,13,19,17,32,46,47,25,41,31,37,40,55,56,114,74,99,102,156,106,172,149,193,180,211,205,266,297,306,352,297,378,413,409,461,511,443,487,620,534,540,612,537,547,616,555,690,628,703,672,645,755,708,732,691,697,684,691,681,652,620,576,620,666,607,513,542,588,561,506,476,482,499,414,432,436,415,366,395,382,346,307,266,280,258,242,244,223,228,198,182,192,186,192,166,176,165,150,109,115,112,116,102,93,76,100,88,75,90,67,54,52,63,58,45,53,42,38,24,44,43,27,28,27,23,22,17,15,13,31,23,17,12,16,11,17,9,10,10,9,8,10,7,8,5,5,3,0,1,3,2,5,6,3,1,3,0,1,2,0,0,0,3,0,1,0,0,1,0,0,0,0,0,0,0,0,0,0,2,0,0,0,0,0,0,0,0,0,0,0,0,0,0,0,0,0,0
22,4,7,21,7,26,12,32,38,47,16,64,29,38,50,37,59,100,89,88,104,171,118,174,140,197,191,182,210,258,275,266,394,304,364,406,336,474,522,419,446,597,598,598,616,526,555,592,526,653,658,732,708,656,736,621,693,652,678,696,747,681,635,627,592,557,642,551,555,514,554,499,494,508,438,451,409,416,391,371,365,315,318,316,250,303,286,284,250,218,222,190,191,188,178,160,172,184,153,157,133,116,113,110,116,106,111,94,87,67,78,83,72,63,72,56,48,29,50,53,46,24,33,32,23,33,27,18,24,26,13,11,15,16,18,20,15,7,9,11,6,11,7,2,6,7,8,5,6,4,3,1,2,2,0,1,2,0,1,0,0,1,0,1,0,1,2,1,0,0,0,1,0,0,0,0,0,0,0,0,0,0,0,0,0,0,0,0,0,0,0,0,0,0,0,0,0,0,0,0
31,6,13,28,6,29,18,47,42,45,24,65,34,21,39,54,56,115,69,86,98,188,94,191,139,162,172,189,220,257,300,277,359,278,332,395,352,469,521,472,442,580,531,584,516,534,612,579,555,635,631,706,680,634,676,660,658,607,715,629,680,624,601,622,585,572,607,525,517,496,513,529,449,456,487,428,397,391,362,354,356,289,286,359,276,267,245,240,245,221,229,224,186,198,173,177,169,167,150,167,124,129,108,94,115,102,102,83,88,68,51,76,60,69,56,58,59,43,45,50,30,25,33,38,31,40,27,29,32,25,18,12,12,18,19,19,15,19,12,7,11,7,9,5,6,7,5,13,2,6,7,3,1,1,4,3,1,1,5,1,0,0,2,0,0,1,3,0,0,0,0,0,0,0,0,0,0,0,0,0,0,1,0,0,0,0,0,0,0,0,0,0,0,0,0,0,0,0,0,0
25,6,16,20,15,29,12,26,42,50,17,43,37,34,37,61,54,96,89,100,94,153,110,156,134,174,169,198,208,273,270,315,329,300,354,377,323,458,479,431,448,565,511,507,556,503,585,593,537,690,591,681,713,605,674,699,682,622,656,577,648,636,555,609,576,552,619,537,492,522,515,486,484,461,441,409,409,389,393,345,308,311,319,290,284,242,267,257,232,213,209,211,176,193,146,160,171,160,160,139,98,111,103,130,102,94,94,80,78,73,76,67,72,56,48,41,58,53,46,55,39,24,29,34,40,27,21,21,22,29,13,16,24,15,10,20,13,10,13,14,6,11,5,4,4,3,10,2,2,3,3,2,0,3,3,2,1,1,1,0,0,2,1,0,1,0,1,0,1,0,0,0,3,0,0,0,0,0,0,0,0,0,0,0,0,0,0,0,0,0,0,0,0,0,0,0,0,0,0,0
27,3,13,19,9,30,7,43,39,45,16,54,28,39,49,44,48,113,62,83,123,157,97,132,143,171,192,190,197,261,248,277,328,265,348,394,371,443,535,435,413,520,547,515,522,502,504,589,501,597,585,706,662,593,675,642,654,598,596,617,608,570,566,599,525,557,589,503,449,463,486,503,419,496,450,395,334,389,364,373,309,313,320,331,264,275,236,211,208,207,187,216,184,162,157,167,153,152,161,154,129,105,91,71,96,97,87,67,80,72,66,76,57,61,49,45,61,45,45,40,35,42,31,40,33,33,23,25,22,18,16,21,12,16,16,12,19,11,14,11,13,10,5,7,8,5,1,2,2,3,4,4,0,0,4,1,2,1,2,0,3,4,0,1,1,0,1,0,0,0,1,2,0,0,1,0,0,0,0,2,0,0,0,0,0,0,0,0,0,0,0,0,0,0,0,0,0,0,0,0
26,6,17,18,13,37,9,39,30,48,13,58,26,42,45,60,53,89,71,96,96,156,109,151,138,175,203,189,203,256,261,271,365,268,360,395,309,415,492,420,452,564,533,509,555,482,504,509,490,630,583,742,640,536,642,657,672,588,672,588,647,583,567,605,516,542,544,528,480,438,532,471,450,454,393,390,372,377,380,327,293,273,307,285,288,278,229,238,194,223,186,167,186,146,151,151,164,144,130,143,113,95,109,104,92,109,97,84,66,70,70,61,66,57,67,39,41,38,43,54,44,24,25,42,24,21,19,11,22,17,21,11,15,10,14,12,11,7,13,12,12,3,1,4,6,1,8,7,4,7,0,2,2,2,0,1,4,3,1,0,1,1,0,3,1,1,0,0,1,0,0,0,1,0,0,0,0,0,0,1,0,0,0,0,0,0,0,0,0,0,0,0,0,0,0,0,0,0,0,0
28,4,14,29,8,24,14,43,38,40,21,48,32,36,27,57,55,92,63,85,95,162,108,154,131,169,182,182,175,263,253,266,358,249,355,345,294,441,475,442,412,538,503,497,510,482,494,539,520,591,627,647,617,621,662,651,619,591,659,576,627,552,531,592,491,493,548,440,467,442,486,409,434,433,368,368,357,340,327,293,306,300,263,260,238,249,213,216,212,212,188,158,154,163,135,139,167,139,115,130,108,82,90,87,120,79,93,80,67,65,72,46,62,66,48,44,54,31,43,46,28,27,38,23,38,22,20,21,21,18,10,14,16,11,15,15,12,14,13,10,7,11,7,4,4,2,2,4,2,2,1,3,1,2,2,2,2,1,2,0,1,0,1,0,0,1,1,1,0,0,0,0,1,0,0,0,0,1,0,0,0,0,0,0,0,0,0,0,0,0,0,0,0,0,0,0,0,0,0,0
20,6,16,20,7,33,17,47,51,31,30,58,38,36,43,45,54,69,80,79,79,136,89,163,129,179,181,176,186,253,245,265,319,288,333,387,299,421,452,422,405,523,516,483,471,454,514,536,482,573,547,640,604,554,610,592,564,528,625,566,539,529,502,547,475,468,532,477,402,428,455,408,454,459,347,379,334,306,345,293,263,257,279,246,247,254,220,215,196,196,184,166,156,138,130,125,134,116,127,124,88,71,105,104,99,80,93,60,80,58,54,58,58,52,50,46,57,35,32,39,53,30,39,28,32,19,29,13,35,16,11,9,14,15,5,19,7,13,12,10,10,4,3,5,3,10,3,8,4,3,5,2,0,1,2,4,0,1,3,0,0,1,0,0,1,1,0,1,0,0,0,1,0,0,0,0,0,0,0,1,0,1,0,0,0,0,0,0,0,0,0,0,0,0,0,0,0,0,0,0
17,6,4,24,8,26,13,46,62,54,20,51,31,36,52,42,58,103,77,95,109,156,101,164,124,169,197,146,178,241,272,255,353,271,349,356,319,439,455,432,416,516,465,500,479,441,488,498,478,555,525,631,608,533,596,554,537,503,580,565,620,552,489,533,435,488,465,470,413,444,470,397,389,383,375,343,360,361,309,279,286,251,257,246,231,234,203,201,179,197,166,177,140,123,120,140,171,136,112,118,99,82,106,100,98,89,76,55,72,61,66,65,50,43,39,26,44,41,31,48,35,25,25,26,26,33,27,24,33,16,8,9,11,18,20,16,12,8,13,13,9,7,4,3,5,1,6,3,5,3,3,4,1,0,3,0,2,0,2,0,0,1,1,1,2,0,3,1,1,0,0,0,0,0,0,0,0,0,0,0,0,1,0,0,0,0,0,0,0,0,0,0,0,0,0,0,0,0,0,0
27,6,4,25,10,33,8,37,37,33,20,45,28,26,35,58,42,89,64,75,92,154,97,164,136,155,175,164,189,220,260,243,322,250,318,348,325,411,458,397,366,517,464,512,523,458,503,516,431,539,494,574,593,501,592,567,576,551,586,568,580,511,488,530,467,499,548,443,405,402,431,432,388,387,334,333,329,319,310,275,295,278,246,277,228,225,211,193,177,165,164,150,149,149,132,125,146,124,115,113,95,74,82,77,71,82,71,67,91,63,60,60,54,48,52,49,40,29,23,30,30,36,26,23,25,21,18,15,21,20,7,10,16,12,13,7,11,4,11,7,10,8,6,6,4,2,4,5,3,4,1,3,0,2,2,2,3,0,4,1,1,2,0,0,1,2,2,1,0,0,0,0,0,0,0,0,0,0,0,0,0,1,0,0,0,0,0,0,0,0,0,0,0,0,0,0,0,0,0,0
15,2,10,27,7,28,8,35,26,43,19,55,29,32,44,53,44,86,71,88,84,138,90,133,126,143,175,172,185,247,220,266,332,252,292,334,308,389,452,347,375,454,473,501,438,455,479,439,457,560,525,555,574,480,561,563,555,515,543,535,521,553,481,483,420,467,460,438,411,365,414,381,384,425,342,341,322,291,278,275,263,244,250,231,239,225,206,172,173,190,154,152,162,124,140,94,138,111,142,114,74,78,84,98,94,75,72,67,59,53,50,48,47,50,40,40,44,32,24,30,29,30,37,23,20,18,26,16,17,15,14,17,12,14,8,14,11,15,11,14,6,8,1,6,3,2,5,6,2,3,3,2,3,1,1,2,2,3,1,0,0,0,0,1,1,1,0,1,2,0,0,0,0,0,0,0,0,0,0,0,0,0,0,0,0,0,0,0,0,0,0,0,0,0,0,0,0,0,0,0
26,4,10,28,13,24,17,29,32,40,20,35,19,41,39,39,50,90,73,61,92,131,96,140,133,138,190,157,190,255,241,248,312,256,305,314,291,372,423,338,381,492,461,478,458,386,451,471,427,536,519,569,573,540,571,541,501,508,538,482,558,483,460,452,456,449,470,382,368,375,402,381,389,353,308,307,267,290,319,269,264,246,252,245,222,206,194,184,169,174,157,158,131,125,112,135,115,109,102,102,104,81,97,73,71,70,66,56,47,45,43,50,56,49,49,39,42,37,26,37,21,12,16,24,18,35,23,12,18,17,7,11,14,12,7,13,8,6,3,9,9,7,4,0,6,5,3,7,1,2,0,2,2,0,2,2,4,2,1,0,0,1,0,0,1,2,1,1,0,0,1,1,0,0,0,0,0,0,0,1,0,1,0,0,0,0,0,0,0,0,0,0,0,0,0,0,0,0,0,0
27,9,14,18,5,29,10,27,23,39,20,47,33,36,37,36,40,76,67,90,97,150,91,125,119,146,166,183,201,220,248,243,317,245,270,331,322,401,427,367,382,462,449,462,439,404,453,413,412,513,482,555,540,477,571,513,487,541,533,487,532,462,431,442,427,455,467,413,361,360,370,392,339,334,299,294,287,334,285,257,234,204,251,229,204,224,185,208,172,181,145,141,133,118,117,132,132,114,102,97,102,84,76,65,71,85,67,48,70,47,39,49,46,46,43,39,51,39,27,27,25,30,19,18,21,17,20,18,11,13,11,11,4,8,10,13,13,11,3,12,5,3,5,3,8,2,1,5,2,5,3,3,1,0,1,1,0,0,1,0,0,1,1,1,0,0,1,1,2,0,0,0,1,0,0,0,0,0,0,2,0,1,0,0,0,0,0,0,0,0,0,0,0,0,0,0,0,0,0,0
29,9,11,20,13,30,14,39,38,52,24,52,29,35,43,39,50,91,53,85,82,137,76,129,116,153,175,171,190,193,208,240,277,220,284,290,288,387,404,377,395,427,447,453,435,442,450,433,409,506,445,564,517,484,540,478,496,488,521,440,508,460,455,462,407,393,442,398,354,352,380,365,338,304,318,308,258,284,255,260,250,221,251,227,183,203,169,180,146,156,141,147,128,129,128,109,111,114,101,124,83,63,89,77,68,78,70,50,50,50,50,44,46,38,33,32,39,28,24,25,31,24,24,20,25,33,16,13,17,13,10,7,13,16,8,15,8,9,5,9,3,7,3,2,3,4,6,4,3,1,1,2,1,0,1,0,1,1,0,0,0,1,0,0,0,0,2,0,1,0,0,0,0,1,0,0,0,0,0,0,0,1,0,0,0,0,0,0,0,0,0,0,0,0,0,0,0,0,0,0
20,10,7,21,7,28,16,34,24,30,16,42,27,32,40,53,42,85,59,64,76,131,98,134,110,149,134,161,159,233,215,241,299,269,301,334,273,376,434,320,357,454,413,456,446,389,433,426,417,494,459,524,502,494,482,483,503,483,432,521,454,417,382,472,391,382,396,392,361,347,363,343,327,360,304,292,291,273,248,234,228,217,194,225,202,206,171,178,148,140,135,135,134,96,95,117,127,107,111,108,88,66,54,63,81,65,66,41,66,43,47,50,43,38,29,26,44,32,35,24,20,25,27,22,17,16,26,8,18,20,7,8,8,9,8,9,8,8,12,7,5,5,2,4,3,2,1,5,2,2,0,3,2,3,0,3,0,3,0,0,2,1,0,1,1,1,1,1,0,0,0,0,0,0,0,0,0,1,0,0,0,0,0,0,0,0,0,0,0,0,0,0,0,0,0,0,0,0,0,0
26,5,10,28,6,20,17,43,22,51,12,43,21,19,32,51,40,82,59,82,79,123,76,150,120,143,149,150,177,223,202,230,254,232,313,302,271,357,386,356,346,455,398,474,454,373,429,439,392,455,445,516,500,457,479,499,510,423,508,449,497,500,413,390,386,434,383,353,359,315,369,319,324,330,267,294,249,268,232,202,201,186,185,206,184,169,179,160,147,140,132,128,121,108,107,112,119,104,106,87,65,67,60,77,49,81,61,32,52,52,44,53,54,40,37,27,40,25,35,24,21,19,17,20,19,23,11,12,18,9,12,8,8,5,9,9,8,5,2,10,8,5,4,5,7,2,2,1,5,1,2,3,0,0,0,0,1,0,7,0,1,0,0,1,1,1,0,0,0,0,0,1,0,0,0,0,0,0,0,0,0,0,0,0,0,0,0,0,0,0,0,0,0,0,0,0,0,0,0,0
22,3,7,20,3,23,8,37,25,37,23,39,21,36,37,44,39,76,65,65,65,119,82,136,111,143,162,140,147,228,200,226,279,215,286,290,252,362,407,338,350,426,419,412,429,398,398,399,404,487,471,487,504,437,505,472,516,459,471,455,456,400,384,428,378,326,417,383,325,341,355,351,309,307,292,264,261,258,244,221,197,191,197,174,189,176,141,161,127,133,138,139,111,114,111,97,111,97,102,100,93,55,68,72,64,54,52,59,60,46,35,38,34,45,41,33,38,27,26,26,26,24,19,17,23,18,12,18,12,15,3,9,9,7,9,9,6,10,7,4,7,4,1,3,5,4,1,4,4,4,1,3,2,0,0,0,3,2,0,0,0,4,0,0,2,1,1,0,0,0,0,0,1,0,0,0,0,0,0,0,0,2,0,0,0,0,0,0,0,0,0,0,0,0,0,0,0,0,0,0
22,3,15,23,6,23,12,32,32,42,24,34,19,31,31,41,47,77,56,69,76,133,94,122,100,137,139,170,156,211,206,235,283,222,298,296,248,377,358,338,339,400,385,382,420,329,389,455,400,475,444,459,472,421,472,458,459,402,478,397,490,422,367,388,346,372,364,355,314,327,333,279,328,300,257,248,253,216,248,219,198,196,186,188,195,189,168,140,113,129,109,130,102,109,87,86,119,89,80,103,66,66,60,68,67,61,61,44,59,42,33,52,37,30,35,26,29,19,22,17,30,13,19,20,22,15,17,8,15,18,7,4,8,7,7,13,7,3,7,4,2,4,3,3,3,5,6,1,1,2,1,2,0,0,1,0,0,0,0,0,2,1,1,0,1,1,0,1,0,0,0,0,1,0,0,0,0,0,0,0,0,0,0,0,0,0,0,0,0,0,0,0,0,0,0,0,0,0,0,0
24,9,12,22,8,31,8,30,36,36,15,44,21,38,43,51,47,89,52,69,78,136,78,119,103,137,161,125,161,208,216,225,274,219,250,275,241,320,349,338,340,450,383,349,402,387,414,393,382,410,403,465,442,455,479,456,438,414,488,388,483,377,356,384,369,352,389,343,277,309,314,283,286,250,257,247,252,224,245,182,188,194,191,174,177,154,141,146,145,132,121,113,100,97,97,79,74,100,90,84,80,54,63,62,50,74,61,42,52,38,38,60,34,25,32,33,22,35,24,26,20,20,18,18,17,19,13,10,17,9,7,7,12,10,9,11,6,4,7,3,4,6,3,1,4,4,6,3,0,3,0,1,0,1,2,2,0,2,2,0,0,0,3,0,1,0,1,1,2,0,0,3,0,0,0,0,0,0,0,1,0,0,0,0,0,0,0,0,0,0,0,0,0,0,0,0,0,0,0,0
22,7,9,22,10,13,8,29,36,39,18,38,18,31,33,40,50,72,64,86,73,107,82,123,81,151,174,142,155,199,209,214,274,203,246,300,257,324,357,305,296,391,381,384,374,364,395,384,404,454,428,476,459,406,456,447,362,425,488,405,444,363,397,381,338,365,385,340,316,314,311,286,268,286,257,251,234,224,222,208,187,176,189,165,156,150,130,124,138,114,111,115,85,109,92,102,106,77,87,83,73,52,71,61,60,58,68,55,42,29,38,43,33,30,32,30,36,25,17,25,23,15,20,21,24,18,9,10,15,14,5,7,11,14,4,5,12,7,2,5,3,5,3,3,1,2,3,5,4,2,3,6,2,0,1,2,2,0,0,0,1,2,1,1,0,1,2,0,0,0,0,0,0,0,0,0,0,0,0,0,0,0,0,0,0,0,0,0,0,0,0,0,0,0,0,0,0,0,0,0
18,3,8,22,8,15,15,25,24,38,17,43,14,24,30,50,49,90,54,56,69,133,74,130,89,138,146,133,173,189,182,206,277,211,262,259,247,365,376,327,292,381,370,385,388,340,390,378,356,417,420,449,417,410,444,427,450,413,390,375,422,356,338,346,330,324,411,320,280,270,308,296,279,299,243,226,214,230,197,183,189,193,159,176,173,154,120,154,142,109,117,96,86,90,100,101,101,90,88,71,75,53,62,64,54,62,46,43,57,35,36,36,36,34,35,32,36,19,20,26,24,11,13,23,10,15,20,14,10,11,7,6,8,7,5,6,7,5,6,5,2,3,2,5,2,0,1,2,3,2,0,2,0,2,3,1,1,4,1,0,2,1,0,0,0,1,0,0,1,0,0,0,0,0,0,0,0,0,0,0,0,0,0,0,0,0,0,0,0,0,0,0,0,0,0,0,0,0,0,0
16,3,10,25,7,24,10,32,34,32,17,27,24,19,27,36,31,63,54,80,84,94,78,94,90,118,160,128,158,178,216,198,262,206,255,250,251,311,358,305,308,379,333,345,370,329,356,400,342,422,421,455,421,384,408,404,397,395,374,354,401,372,360,325,332,328,334,294,297,266,287,255,271,256,223,258,217,223,193,189,151,188,154,177,155,154,120,136,122,105,103,100,108,92,87,89,90,82,83,66,56,55,51,63,66,47,48,38,61,40,43,24,32,33,37,24,37,23,29,17,19,12,19,19,19,17,12,7,10,11,8,9,9,7,7,12,2,4,9,5,3,6,4,2,2,2,1,1,3,0,0,2,0,0,0,1,0,2,0,0,0,0,0,1,1,0,1,1,0,0,0,1,0,0,0,0,0,0,0,0,0,1,0,0,0,0,0,0,0,0,0,0,0,0,0,0,0,0,0,0
17,4,11,18,7,25,10,35,31,37,10,53,15,31,28,46,37,89,59,76,72,115,68,116,91,119,164,132,143,218,188,209,252,208,272,241,218,299,327,291,314,392,368,338,357,305,364,379,343,436,384,396,453,369,412,418,402,390,406,338,388,345,324,342,325,334,382,306,313,239,294,275,231,258,248,222,215,222,224,184,188,152,181,153,152,116,109,127,118,100,105,92,82,73,89,88,97,80,76,64,70,55,50,61,53,52,55,42,42,43,35,39,33,21,31,22,29,31,15,32,27,16,22,15,11,12,11,11,17,10,9,5,8,9,7,10,6,7,4,4,5,5,5,2,0,2,3,4,2,1,1,2,1,0,4,1,0,1,1,0,0,1,0,0,0,2,0,0,0,0,0,0,0,0,0,0,0,0,0,0,0,0,0,0,0,0,0,0,0,0,0,0,0,0,0,0,0,0,0,0
17,2,10,25,5,28,15,31,24,29,18,41,19,22,32,40,51,65,62,79,64,119,85,95,85,111,159,130,139,157,206,185,240,187,255,265,248,303,297,283,299,347,330,334,334,310,359,379,330,428,423,413,416,353,413,400,402,366,374,373,372,313,335,340,315,332,315,296,248,278,275,272,240,274,253,225,239,209,206,197,161,160,169,171,156,132,153,113,98,115,133,116,77,78,81,80,97,53,70,80,54,56,49,57,62,58,49,30,42,34,34,47,29,29,27,22,24,19,23,25,19,13,16,18,10,11,17,7,14,13,8,10,5,6,6,11,5,7,7,6,2,2,3,1,1,2,5,6,1,1,2,2,1,0,3,0,2,2,1,0,0,0,0,0,0,0,1,0,0,0,0,0,0,0,0,0,0,0,0,0,0,0,0,0,0,0,0,0,0,0,0,0,0,0,0,0,0,0,0,0
16,6,12,13,6,21,6,26,34,41,21,34,24,31,30,42,44,78,51,73,61,99,74,112,89,107,135,107,139,151,152,157,233,210,223,267,197,321,342,269,260,364,345,321,351,305,336,346,309,378,385,375,428,371,402,378,405,332,402,348,374,325,316,322,315,273,316,307,247,248,277,262,249,231,225,222,197,195,176,189,140,146,170,155,114,133,123,122,113,125,110,97,94,83,76,76,95,81,67,75,60,60,53,52,44,46,32,37,57,35,34,40,25,20,26,17,28,23,15,29,26,16,15,19,14,8,8,10,9,11,5,10,6,7,4,4,7,4,2,6,1,2,2,2,4,1,1,2,1,2,0,0,1,1,2,1,1,1,1,0,0,0,0,0,1,1,2,0,1,0,0,0,0,0,0,0,0,0,0,0,0,2,0,0,0,0,0,0,0,0,0,0,0,0,0,0,0,0,0,0
22,2,9,21,3,27,20,30,28,36,17,46,19,28,32,48,37,80,60,72,72,111,92,105,92,121,114,124,146,171,207,213,221,182,226,223,205,298,323,236,284,376,314,343,345,313,343,328,316,369,355,392,396,322,367,407,346,357,387,352,364,310,315,297,274,279,323,309,238,247,261,259,220,219,205,208,205,186,192,158,159,161,158,152,123,133,134,99,96,103,109,85,80,84,81,70,93,67,75,63,59,58,49,49,44,57,48,34,45,27,25,34,31,13,18,15,20,13,17,14,14,12,15,17,12,11,8,14,9,8,10,7,6,6,6,8,8,9,8,6,2,4,2,6,5,1,4,2,2,2,3,1,1,0,1,0,0,1,1,0,0,1,1,2,0,1,0,0,0,0,0,0,0,0,0,0,0,0,0,0,0,0,0,0,0,0,0,0,0,0,0,0,0,0,0,0,0,0,0,0
8,4,11,18,4,16,12,34,30,31,20,45,17,22,25,33,40,68,54,70,91,108,68,124,97,114,133,149,152,173,163,204,231,188,213,235,260,283,293,264,276,355,322,321,316,262,328,340,298,373,322,365,365,337,358,363,354,342,371,321,341,300,316,311,277,284,318,254,239,254,259,221,224,230,216,210,160,167,183,171,176,128,136,148,126,107,116,111,108,89,77,88,89,72,79,69,79,72,70,68,38,52,41,44,45,47,44,37,33,25,21,38,21,29,23,23,21,21,16,15,11,15,16,12,12,9,8,4,12,10,6,8,6,7,3,6,5,4,8,5,3,6,1,1,3,4,5,3,1,3,0,1,1,0,2,1,1,0,3,0,1,0,0,2,0,0,0,0,0,0,0,2,0,0,0,0,0,0,0,1,0,0,0,0,0,0,0,0,0,0,0,0,0,0,0,0,0,0,0,0
16,5,8,13,7,17,12,34,33,34,14,35,18,22,27,42,32,71,44,83,51,119,75,101,103,109,138,127,141,162,173,168,221,167,217,232,233,252,293,244,268,338,317,287,329,283,322,337,295,374,331,359,364,330,346,375,352,334,333,314,350,334,292,277,284,231,298,300,249,236,261,232,198,255,180,200,171,184,190,163,147,140,130,166,133,107,97,98,101,97,86,90,84,66,63,55,71,69,56,57,51,38,41,46,44,37,45,34,40,31,23,29,24,27,26,18,17,16,21,29,23,15,11,17,12,13,10,5,16,11,8,4,9,4,1,8,6,7,5,5,5,5,1,5,1,5,6,2,1,2,1,5,1,0,1,1,1,0,1,0,0,1,0,0,0,2,0,1,1,0,0,1,1,0,0,0,0,0,0,1,0,0,0,0,0,0,0,0,0,0,0,0,0,0,0,0,0,0,0,0
14,6,8,15,5,16,12,35,23,42,12,42,22,24,28,47,37,64,40,72,58,100,73,104,94,113,118,111,129,157,181,173,234,183,224,192,217,277,298,263,259,312,296,319,323,268,317,298,281,361,340,355,341,334,387,337,322,314,377,284,306,307,283,326,265,253,291,267,195,218,235,230,199,231,216,202,155,162,170,151,137,114,158,140,118,114,115,99,90,81,81,80,75,72,76,61,57,68,69,52,57,39,52,50,46,32,33,28,33,33,22,36,25,24,26,18,22,18,20,18,20,9,13,12,13,14,5,11,7,6,9,11,5,6,6,7,6,9,5,5,1,3,1,4,4,3,2,1,1,2,1,0,2,1,1,0,2,1,0,0,0,2,0,0,0,0,1,0,0,0,0,1,0,0,0,0,0,0,0,0,0,0,0,0,0,0,0,0,0,0,0,0,0,0,0,0,0,0,0,0
9,3,4,17,6,23,7,18,30,28,16,38,21,21,28,43,37,68,41,86,59,108,60,80,101,99,129,110,128,194,171,154,225,188,187,230,208,246,299,250,249,317,305,263,340,290,313,308,304,316,376,351,328,307,347,322,339,339,354,273,333,311,287,278,240,276,259,227,209,237,242,213,192,185,205,188,174,188,151,142,145,136,148,131,133,120,98,108,73,93,90,99,78,85,83,67,82,59,63,66,56,46,37,39,54,33,31,31,24,37,29,22,20,28,19,15,22,25,15,21,8,8,11,15,18,8,10,6,10,11,4,9,9,4,1,3,4,6,4,6,1,4,2,2,5,0,3,5,1,2,1,3,1,0,0,2,3,0,1,0,1,0,0,0,1,0,0,0,0,0,0,0,0,0,0,0,0,0,0,0,0,0,0,0,0,0,0,0,0,0,0,0,0,0,0,0,0,0,0,0
15,7,3,22,10,26,6,27,21,24,13,46,21,23,23,35,32,47,39,47,50,103,71,123,104,99,108,116,124,155,172,176,228,171,205,205,195,257,290,235,240,317,293,330,289,260,315,259,243,309,300,323,334,322,340,282,298,301,343,266,296,290,260,283,252,244,294,222,213,213,226,225,210,192,199,180,160,152,164,135,120,140,99,120,117,95,104,99,103,92,80,68,82,59,64,70,69,60,53,62,58,44,46,38,36,44,32,27,31,33,38,31,25,18,20,27,19,30,19,22,14,15,9,10,17,14,10,4,10,7,6,4,9,5,7,9,5,3,4,3,4,4,2,2,2,2,1,4,3,1,1,0,1,0,4,1,1,0,2,0,1,1,0,0,0,2,0,0,0,0,0,0,0,0,0,0,0,0,0,0,0,0,0,0,0,0,0,0,0,0,0,0,0,0,0,0,0,0,0,0
11,7,5,13,4,28,12,27,19,23,20,38,21,30,17,41,40,73,39,65,67,94,61,83,63,101,121,109,115,171,153,151,224,148,211,206,214,252,281,244,231,299,281,288,275,285,275,302,281,304,320,336,360,287,295,300,343,276,325,254,333,254,259,249,247,229,232,244,193,189,196,242,195,195,170,172,152,144,186,141,141,128,127,116,102,108,89,101,88,87,70,69,69,63,69,62,60,42,51,65,45,39,42,38,39,33,36,31,29,26,23,27,23,19,29,23,26,22,22,15,13,15,16,15,12,4,13,5,5,4,9,5,6,3,4,3,4,4,5,4,3,1,1,1,1,3,1,0,3,3,1,1,0,1,0,2,1,1,0,0,1,0,1,0,0,0,0,0,0,0,0,0,0,0,0,0,0,0,0,0,0,1,0,0,0,0,0,0,0,0,0,0,0,0,0,0,0,0,0,0
12,3,6,19,4,22,5,26,23,42,21,30,19,24,29,32,34,63,32,72,62,96,61,92,75,106,131,132,112,152,156,155,222,164,216,211,181,271,264,224,224,301,289,273,284,267,284,237,251,279,283,336,300,318,307,329,305,280,284,246,282,288,238,258,225,212,250,227,197,209,214,236,209,189,175,160,145,170,151,135,151,113,118,121,115,122,99,93,78,65,78,77,70,56,72,64,55,56,61,49,47,37,38,31,40,46,32,29,33,21,29,38,17,22,19,25,18,20,14,26,9,19,11,17,14,3,15,9,10,7,2,2,10,11,5,7,3,4,1,7,3,1,2,2,1,0,3,1,3,2,0,2,1,0,1,1,0,0,0,0,0,0,0,0,0,0,0,0,1,0,0,1,0,0,0,0,0,0,0,0,0,0,0,0,0,0,0,0,0,0,0,0,0,0,0,0,0,0,0,0
14,4,8,19,3,21,9,21,32,24,17,34,20,15,26,32,33,69,52,59,59,109,78,90,76,108,114,102,119,152,160,170,218,182,199,237,212,266,274,244,236,289,276,311,281,292,292,267,253,302,288,322,314,290,289,287,330,287,294,268,289,274,239,259,230,251,242,201,184,197,207,192,189,183,162,173,156,167,166,123,123,121,115,133,103,109,101,95,64,77,69,60,61,69,66,47,66,64,46,51,46,37,43,38,40,43,39,25,33,17,15,32,21,21,15,17,17,15,16,15,7,10,7,13,12,11,6,9,6,7,6,12,9,7,6,5,4,3,6,2,2,3,4,0,6,2,2,0,1,1,2,2,0,0,1,0,1,0,0,0,0,1,0,0,0,1,0,0,0,0,0,0,1,0,0,0,0,0,0,0,0,0,0,0,0,0,0,0,0,0,0,0,0,0,0,0,0,0,0,0
16,3,10,20,5,18,3,14,23,23,10,23,20,24,21,33,32,52,54,41,60,93,55,85,71,111,117,106,115,134,158,153,186,172,201,209,179,201,233,227,205,288,272,275,293,248,254,254,247,284,295,318,286,317,287,297,284,281,285,259,267,233,249,234,222,225,264,232,214,159,175,179,166,202,169,149,131,146,145,130,112,118,98,137,95,93,76,70,87,91,60,72,63,61,56,57,61,57,47,59,35,43,38,45,25,38,25,18,30,23,25,31,16,22,18,13,12,29,3,14,12,11,7,13,9,14,8,7,8,6,6,8,6,6,4,3,3,3,4,3,2,3,2,1,7,1,2,3,2,2,1,0,0,0,0,0,0,0,0,0,0,0,0,0,0,1,0,0,0,0,0,0,0,0,0,0,0,0,0,0,0,0,0,0,0,0,0,0,0,0,0,0,0,0,0,0,0,0,0,0
19,4,9,22,8,12,10,25,19,27,9,24,22,24,26,37,41,60,55,59,55,97,68,96,80,121,100,106,122,152,130,144,197,156,192,201,188,226,242,202,213,257,252,298,250,259,269,259,226,283,295,332,306,272,302,270,302,248,291,248,300,257,206,248,223,198,232,207,185,184,196,195,172,173,161,159,153,136,120,105,114,116,113,99,105,97,79,86,83,74,65,89,52,57,35,60,51,44,52,55,38,35,40,41,47,39,29,29,18,22,25,17,25,23,16,19,16,9,11,18,16,8,12,16,15,5,5,9,8,8,3,7,1,13,6,4,4,4,5,2,3,5,1,3,4,2,3,1,0,0,0,2,3,0,0,1,1,0,1,0,0,1,0,0,0,2,1,0,0,0,0,0,0,0,0,0,0,0,0,1,0,0,0,0,0,0,0,0,0,0,0,0,0,0,0,0,0,0,0,0
17,5,10,15,6,14,10,29,30,22,8,27,27,17,29,34,29,49,44,43,50,97,74,99,64,99,103,88,109,133,130,156,184,126,188,192,178,248,230,235,234,311,253,254,245,239,243,275,241,305,271,306,279,264,294,254,288,260,273,251,274,206,218,221,208,213,257,189,194,178,201,176,172,150,152,134,140,123,131,112,97,131,110,119,104,96,88,100,69,78,67,65,53,36,42,55,52,44,58,48,35,26,40,25,28,35,34,21,34,18,23,21,21,6,14,18,29,14,11,7,11,7,13,6,10,16,13,5,13,7,4,4,5,9,3,3,4,4,7,6,2,4,0,1,2,3,1,1,3,1,0,0,1,2,2,2,0,0,1,0,0,0,0,0,1,0,0,0,0,0,0,0,0,0,0,0,0,0,0,0,0,0,0,0,0,0,0,0,0,0,0,0,0,0,0,0,0,0,0,0
17,1,6,16,4,18,3,20,30,26,9,33,11,25,21,27,25,54,42,51,64,87,66,81,65,88,113,91,124,146,126,161,189,141,189,191,169,229,254,232,201,251,257,278,245,229,209,257,227,248,279,296,282,248,254,300,279,260,261,228,266,234,217,223,196,210,224,199,153,171,176,162,169,164,161,122,136,134,136,120,86,119,92,88,96,94,75,72,65,78,70,61,57,42,42,50,50,31,46,50,42,35,34,24,25,33,17,21,34,22,14,13,18,16,16,14,16,11,9,16,12,9,7,8,13,6,6,2,6,12,3,4,9,2,2,2,7,5,2,0,1,1,2,3,0,5,2,3,0,0,1,0,0,1,1,0,0,1,0,0,0,0,0,1,0,0,1,0,0,0,0,0,1,0,0,0,0,0,0,0,0,1,0,0,0,0,0,0,0,0,0,0,0,0,0,0,0,0,0,0
16,2,5,11,5,19,14,22,19,28,9,27,17,22,22,34,30,57,27,60,50,87,57,82,77,72,94,101,89,131,137,160,153,141,181,166,181,220,226,232,217,259,252,232,217,221,233,249,241,262,275,259,250,255,281,251,263,251,252,254,230,191,242,225,184,183,199,204,158,186,180,172,159,134,167,110,143,113,114,104,96,98,112,127,77,75,91,74,64,74,58,69,42,50,49,46,58,50,43,44,42,35,38,34,18,29,33,25,24,21,16,23,16,18,11,9,10,15,16,18,10,7,8,10,7,5,4,7,13,6,7,6,4,7,1,5,5,5,1,1,4,0,2,2,2,3,3,2,0,0,1,0,0,0,3,0,1,0,0,0,0,1,0,1,0,1,0,1,0,0,0,1,0,0,0,0,0,0,0,0,0,0,0,0,0,0,0,0,0,0,0,0,0,0,0,0,0,0,0,0
12,5,10,12,3,10,7,26,21,16,13,28,15,20,23,34,27,67,39,63,47,77,44,98,72,100,84,83,125,132,121,126,193,133,177,183,159,201,250,168,202,230,243,253,238,228,187,225,224,275,235,252,269,231,275,239,236,235,244,237,253,215,217,216,210,186,197,201,162,179,185,176,141,154,136,146,127,113,114,104,98,97,101,95,91,82,70,72,64,75,57,70,55,51,55,41,51,47,43,39,40,31,29,30,40,27,26,13,23,30,19,17,15,16,13,8,14,11,15,7,13,5,10,4,7,13,3,2,9,8,5,6,2,6,6,1,3,6,3,4,5,4,2,1,3,0,0,2,0,0,0,2,1,0,0,0,1,0,0,0,0,0,0,0,1,1,0,1,0,0,0,0,1,0,0,0,0,0,0,0,0,0,0,0,0,0,0,0,0,0,0,0,0,0,0,0,0,0,0,0
12,5,7,14,3,17,9,24,21,15,13,35,11,11,25,34,22,50,34,40,50,75,44,86,53,88,89,111,89,135,127,130,179,153,185,184,159,198,234,193,187,255,236,224,226,208,216,239,226,260,241,256,274,222,267,231,228,237,232,227,250,224,188,189,200,198,190,157,158,138,161,134,141,163,127,158,126,127,112,113,107,102,100,103,65,87,69,79,80,53,62,53,46,39,42,41,50,40,36,48,42,36,39,32,34,37,22,18,26,29,21,20,12,23,13,11,17,14,8,11,6,11,5,7,8,8,8,4,11,9,5,5,2,4,9,6,5,2,4,5,0,2,0,2,7,2,0,1,0,1,0,1,1,1,0,2,0,0,0,0,2,0,0,0,0,0,0,1,0,0,0,0,0,0,0,0,0,0,0,0,0,0,0,0,0,0,0,0,0,0,0,0,0,0,0,0,0,0,0,0
9,3,7,11,7,10,6,20,21,23,15,36,17,14,27,36,33,48,42,48,53,77,45,100,61,92,83,95,100,145,116,129,174,139,174,180,167,183,214,180,187,227,201,242,235,227,229,227,214,216,261,239,242,245,238,250,237,214,222,244,224,199,192,218,185,193,191,173,176,154,211,150,126,140,149,118,115,99,117,109,99,87,89,78,77,87,73,54,58,51,63,52,50,59,42,45,54,53,42,45,35,29,33,19,31,36,21,27,25,22,22,17,17,17,11,6,10,10,10,10,13,7,12,10,11,8,7,3,9,4,1,4,4,5,6,2,2,4,2,2,2,4,0,5,0,0,1,4,1,0,1,0,0,0,2,0,0,0,0,0,0,0,0,0,0,0,1,0,0,0,0,0,0,0,0,0,0,0,0,1,0,0,0,0,0,0,0,0,0,0,0,0,0,0,0,0,0,0,0,0
9,5,7,9,1,8,14,18,19,23,8,37,12,11,26,23,34,55,37,45,46,63,41,81,73,95,75,89,76,133,108,125,168,127,161,161,140,190,225,169,209,241,204,222,210,203,235,235,234,245,233,247,257,235,257,247,239,215,237,183,215,181,201,191,189,179,195,183,149,162,173,137,141,140,126,99,115,108,115,89,92,74,101,67,68,66,74,60,58,61,52,68,43,44,46,41,49,39,44,29,35,35,26,37,22,30,23,15,23,21,24,15,8,14,10,14,11,9,8,9,8,11,4,15,6,5,7,2,5,6,2,3,5,2,8,0,0,1,5,1,0,2,1,1,1,1,0,2,2,0,0,1,0,0,2,2,0,1,1,0,0,1,0,2,0,0,1,0,0,0,0,0,0,0,0,0,0,0,0,0,0,0,0,0,0,0,0,0,0,0,0,0,0,0,0,0,0,0,0,0
10,1,4,18,4,12,7,19,22,21,13,24,16,12,31,24,34,40,29,50,44,61,47,82,65,94,88,80,98,119,127,140,170,132,154,185,161,191,213,180,176,240,227,188,200,207,206,211,201,230,221,248,240,222,231,227,217,223,202,196,224,188,196,205,147,174,189,149,142,147,182,131,134,122,136,119,121,113,119,108,84,89,106,65,86,60,45,66,60,50,49,49,43,55,39,34,34,42,39,38,37,33,21,31,32,28,17,12,20,20,19,21,19,9,11,15,8,13,12,15,3,9,7,8,5,3,10,5,5,5,5,4,4,4,4,1,2,3,4,3,1,3,1,0,1,0,2,1,0,2,3,0,0,0,0,0,1,0,0,0,0,0,0,0,0,0,0,0,0,0,0,0,0,0,0,0,0,0,0,0,0,0,0,0,0,0,0,0,0,0,0,0,0,0,0,0,0,0,0,0
10,2,4,15,2,18,8,16,23,17,10,20,19,17,19,25,24,35,44,49,46,95,44,73,69,74,93,102,98,118,98,120,165,144,136,168,163,189,205,170,149,243,214,217,219,199,212,211,211,195,191,243,230,200,227,217,204,227,213,203,215,172,168,199,167,174,185,142,138,174,154,142,140,118,120,114,109,87,100,100,82,79,80,73,80,57,48,68,68,48,53,50,51,39,29,45,44,36,38,26,44,16,32,23,23,28,27,13,17,17,15,16,14,13,16,10,11,13,10,10,7,8,10,9,15,5,7,2,5,7,2,5,8,7,1,3,6,5,6,2,2,1,1,2,1,0,1,2,0,2,0,1,0,0,0,0,1,1,0,0,0,0,0,0,0,1,0,0,0,0,0,1,1,0,0,0,0,0,0,0,0,0,0,0,0,0,0,0,0,0,0,0,0,0,0,0,0,0,0,0
16,1,4,10,4,10,9,17,20,29,5,17,18,28,15,36,23,56,37,38,60,80,40,82,55,79,77,61,83,108,117,121,172,95,143,140,127,179,205,184,167,221,214,188,195,181,205,190,192,228,229,225,225,200,241,196,226,211,229,187,198,191,168,173,143,152,167,151,123,124,137,160,129,106,136,118,86,101,84,82,84,88,70,69,68,64,69,64,65,53,46,48,50,44,42,39,42,52,38,41,42,24,25,20,29,25,21,18,24,16,16,14,18,11,12,16,13,7,10,15,6,4,3,6,1,12,6,1,5,5,3,4,6,5,5,3,1,3,3,3,2,3,1,1,4,1,3,1,1,0,0,1,1,0,3,1,1,0,0,0,0,0,0,0,0,0,0,1,1,0,0,1,0,0,0,0,0,0,0,0,0,1,0,0,0,0,0,0,0,0,0,0,0,0,0,0,0,0,0,0
11,4,11,11,2,17,6,16,20,23,9,22,12,17,26,23,26,43,22,49,43,60,50,64,71,72,84,79,104,116,95,107,152,122,146,180,143,189,188,191,164,221,202,160,202,173,207,196,180,233,214,244,211,193,225,203,238,203,219,203,208,177,164,161,169,144,185,165,150,125,137,126,130,119,103,110,116,119,90,86,87,78,68,77,77,67,71,58,66,47,45,38,39,37,40,43,37,28,38,39,25,23,23,32,23,24,28,14,24,16,18,19,12,13,6,16,12,14,13,11,4,7,6,7,10,8,5,2,7,6,6,2,2,3,3,4,1,0,5,4,1,3,3,0,2,1,2,1,3,3,0,0,0,0,2,0,0,0,0,0,0,0,0,1,0,0,0,0,0,0,0,0,0,0,0,0,0,0,0,0,0,0,0,0,0,0,0,0,0,0,0,0,0,0,0,0,0,0,0,0
13,2,4,12,2,14,3,20,19,27,10,32,12,18,13,29,25,34,39,43,40,70,44,72,57,81,90,69,108,112,111,104,133,120,130,147,118,163,194,168,163,219,190,196,191,183,183,214,174,190,197,200,209,168,214,211,202,199,193,197,182,144,177,162,145,156,178,168,129,146,150,112,113,120,104,92,100,93,97,92,78,70,85,73,78,65,57,59,51,56,47,48,34,39,39,39,34,38,36,36,24,21,32,29,15,39,20,19,24,17,25,17,21,11,11,3,9,13,13,9,13,7,4,8,4,8,4,5,5,5,4,3,0,7,3,6,3,2,1,1,3,1,0,2,0,0,1,3,0,1,1,0,1,1,1,1,0,0,0,0,0,1,0,0,0,0,0,0,0,0,0,0,1,0,0,0,0,0,0,0,0,0,0,0,0,0,0,0,0,0,0,0,0,0,0,0,0,0,0,0
9,3,4,9,5,16,1,21,13,17,3,29,10,13,19,29,22,53,36,47,47,74,41,60,48,57,76,82,89,123,106,142,163,103,142,167,132,189,188,134,169,229,183,206,205,162,184,183,176,231,183,234,184,187,214,200,198,173,211,183,186,172,165,149,144,156,180,144,125,114,135,125,131,110,112,108,100,113,76,87,74,79,69,72,77,56,71,63,49,43,36,48,35,33,32,29,42,29,45,24,25,23,31,24,12,18,17,16,14,8,17,19,15,13,13,11,9,14,5,11,2,4,5,8,8,4,6,6,7,5,4,4,3,3,7,8,2,1,4,2,1,0,1,4,2,2,0,1,0,0,0,0,0,0,1,0,1,0,0,0,0,2,0,0,0,1,0,0,0,0,0,0,0,0,0,0,0,0,0,0,0,0,0,0,0,0,0,0,0,0,0,0,0,0,0,0,0,0,0,0
8,3,2,15,1,10,3,18,15,16,9,28,15,9,11,18,22,43,26,40,41,72,46,82,65,76,94,58,84,90,108,97,135,102,134,136,121,160,192,148,188,196,183,199,197,193,152,194,170,202,172,198,209,177,189,212,189,182,192,188,188,181,137,161,130,174,169,135,149,131,129,123,103,110,91,84,93,88,95,81,80,81,67,75,73,70,64,48,60,55,52,52,42,20,37,36,39,29,33,37,31,17,23,23,21,22,22,17,10,25,16,13,3,10,17,8,14,12,5,8,5,5,2,6,6,8,5,4,2,3,7,2,1,4,2,1,6,1,3,2,2,2,1,2,0,0,0,1,0,0,0,0,1,0,0,1,0,0,1,0,0,0,0,0,0,0,0,0,0,0,0,0,0,0,0,0,0,0,0,0,0,1,0,0,0,0,0,0,0,0,0,0,0,0,0,0,0,0,0,0
9,5,8,12,4,10,9,13,11,14,6,30,15,9,23,21,21,30,31,33,48,68,52,63,52,71,76,63,71,106,115,113,140,104,134,149,147,161,174,143,154,204,177,176,201,154,182,170,155,196,187,209,222,155,200,196,196,178,189,184,187,160,134,165,137,134,147,148,115,133,143,129,108,128,84,87,91,99,84,88,75,78,61,84,53,64,56,41,45,40,45,43,32,34,31,41,30,30,35,25,18,18,26,14,15,29,21,11,15,15,18,14,17,4,10,9,12,10,8,9,7,3,6,9,6,2,1,1,4,4,0,2,1,8,2,3,6,2,4,0,1,1,0,1,1,1,1,2,0,0,0,0,0,1,0,2,0,0,2,0,0,0,0,0,0,0,0,0,1,0,0,0,0,0,0,0,0,0,0,0,0,0,0,0,0,0,0,0,0,0,0,0,0,0,0,0,0,0,0,0
9,3,1,10,2,13,10,20,20,18,13,20,17,20,11,21,24,39,29,38,30,57,48,63,45,72,69,69,79,107,112,94,139,82,126,146,116,170,183,132,153,196,181,159,202,152,181,172,166,196,164,192,196,175,228,179,177,182,191,167,159,161,155,142,129,140,150,130,109,117,109,120,122,117,83,88,90,91,91,68,78,72,80,75,60,54,51,52,42,42,39,43,42,36,39,40,22,22,26,26,35,21,22,20,19,18,19,13,23,11,18,18,6,7,12,5,8,12,10,9,4,6,6,10,5,5,5,2,4,3,3,3,4,4,3,7,2,1,2,2,1,2,0,1,2,2,2,1,0,0,0,0,1,1,1,1,1,0,0,0,0,1,0,0,0,1,0,0,0,0,0,0,0,0,0,0,0,0,0,0,0,0,0,0,0,0,0,0,0,0,0,0,0,0,0,0,0,0,0,0
16,2,3,10,8,16,7,24,25,22,11,20,7,19,24,20,21,26,25,36,49,57,42,69,59,68,72,86,78,93,100,95,125,94,114,143,107,197,168,151,161,179,166,160,178,167,187,148,153,176,149,202,184,166,173,165,200,169,180,160,182,139,133,132,122,151,129,145,119,109,135,131,96,93,93,89,70,77,86,73,49,68,53,55,57,41,50,54,56,44,36,51,33,28,42,35,41,36,25,31,26,15,16,19,23,28,18,15,17,10,12,19,7,13,10,4,11,11,5,6,7,5,10,6,6,6,7,4,5,6,2,1,2,5,3,2,3,3,0,2,1,0,1,1,1,0,2,2,2,0,2,1,0,0,0,1,0,0,0,0,0,0,1,0,1,0,0,1,0,0,0,0,0,0,0,0,0,1,0,1,0,0,0,0,0,0,0,0,0,0,0,0,0,0,0,0,0,0,0,0
7,0,7,13,2,15,8,20,20,14,9,13,18,12,22,24,24,34,36,44,24,69,40,53,51,68,75,65,75,90,99,100,139,96,142,122,119,146,163,164,147,203,180,166,165,190,178,165,159,178,170,181,182,153,177,172,178,147,186,170,183,161,143,146,113,131,156,114,117,110,109,105,97,106,99,96,85,80,88,74,63,69,69,61,56,48,51,41,41,55,49,35,33,33,36,27,30,31,23,19,21,21,15,9,14,18,19,15,13,9,13,12,9,12,11,9,9,11,6,4,5,1,5,6,6,6,9,1,5,4,5,1,2,2,3,5,1,1,0,1,2,1,0,1,1,1,0,1,0,3,0,0,0,0,2,0,1,0,0,0,0,0,0,0,0,1,0,0,0,0,0,0,0,0,0,0,0,0,0,0,0,0,0,0,0,0,0,0,0,0,0,0,0,0,0,0,0,0,0,0
8,2,4,10,3,15,5,17,12,26,15,14,21,18,20,23,17,35,22,43,38,64,46,51,51,61,77,67,81,99,116,95,140,92,118,119,101,147,169,147,136,179,176,145,154,145,171,157,140,207,160,188,150,175,165,163,159,139,180,160,152,123,135,136,128,127,126,126,102,106,112,113,91,98,67,98,83,85,81,65,65,65,83,57,50,64,66,48,44,44,39,32,28,34,26,24,27,30,22,30,23,19,23,22,18,12,21,16,17,11,11,16,13,10,12,5,8,7,5,3,11,5,6,8,6,2,1,4,1,6,5,1,2,1,3,4,3,2,2,3,2,0,1,1,1,1,4,0,0,0,0,1,1,0,0,0,1,1,1,0,0,1,1,0,1,0,0,1,0,0,0,0,0,0,0,0,0,0,0,1,0,0,0,0,0,0,0,0,0,0,0,0,0,0,0,0,0,0,0,0
6,3,6,14,4,10,6,25,12,17,12,20,8,16,8,21,25,38,25,49,38,60,38,53,46,56,73,68,80,71,106,105,151,106,130,136,104,156,127,123,139,166,159,140,154,154,139,170,139,174,148,172,147,152,159,141,189,159,161,151,189,143,141,118,137,128,134,97,107,100,119,109,83,90,65,75,83,89,89,69,66,70,58,55,56,52,49,58,30,52,49,33,35,31,36,35,20,33,20,25,26,6,25,14,14,18,20,19,18,10,14,17,10,9,13,6,11,6,4,10,9,5,8,7,7,6,4,2,3,4,2,5,2,4,3,3,1,4,1,3,1,1,1,0,1,0,0,1,1,1,0,0,0,1,0,1,1,0,0,0,1,0,0,0,0,1,0,1,0,0,0,0,0,0,0,0,0,0,0,0,0,0,0,0,0,0,0,0,0,0,0,0,0,0,0,0,0,0,0,0
10,3,6,7,2,9,11,9,17,26,12,25,15,11,31,19,21,41,31,35,38,60,39,63,38,50,79,62,79,73,105,89,129,84,126,113,114,137,170,120,129,154,157,180,168,142,154,149,142,158,165,184,169,154,157,153,156,154,177,124,171,152,130,137,129,105,122,109,115,115,109,104,107,103,80,64,76,77,75,64,53,58,68,57,55,44,36,36,35,37,24,38,34,30,24,33,30,19,29,22,23,15,27,10,18,13,19,10,10,9,9,12,17,8,9,8,13,8,4,5,5,4,2,5,2,8,4,1,5,4,4,1,4,0,1,3,3,2,2,0,1,1,0,4,2,0,0,2,0,0,1,0,0,0,1,0,1,0,1,0,0,0,0,0,1,0,0,0,0,0,0,0,0,0,0,0,0,0,0,1,0,0,0,0,0,0,0,0,0,0,0,0,0,0,0,0,0,0,0,0
3,1,7,9,4,15,1,11,14,17,7,15,8,10,19,24,17,27,25,40,34,57,35,63,34,58,67,67,59,90,88,74,114,93,110,107,120,143,164,123,136,175,160,150,152,130,151,137,159,178,161,171,184,151,152,157,162,130,154,136,135,149,112,132,122,107,122,140,87,103,108,93,92,95,62,60,73,79,62,61,51,51,59,62,46,52,40,51,39,32,53,42,27,31,25,26,26,32,21,20,23,19,20,16,13,21,14,9,10,12,14,15,5,10,9,8,6,6,6,4,6,2,2,11,5,2,6,1,3,3,2,4,3,3,1,3,2,5,2,0,1,0,1,0,2,1,1,2,0,0,0,3,1,0,0,0,1,0,0,0,0,0,0,0,1,1,1,0,0,0,0,0,0,0,0,0,0,0,0,0,0,0,0,0,0,0,0,0,0,0,0,0,0,0,0,0,0,0,0,0
11,3,5,15,3,13,2,13,8,19,5,16,9,15,23,19,24,37,30,30,36,68,41,57,52,68,55,62,66,93,85,86,108,85,105,124,89,122,149,131,131,154,160,140,142,141,139,135,161,167,166,166,145,149,161,170,153,128,156,126,155,155,106,101,102,106,112,100,85,89,103,92,85,91,69,74,73,70,55,54,59,55,39,52,66,47,40,47,33,29,36,32,26,32,36,28,21,28,22,25,20,11,20,12,16,13,21,12,9,11,10,10,14,2,11,10,15,1,9,8,10,6,6,9,2,2,4,1,2,6,3,2,4,5,1,0,1,1,3,3,0,2,1,0,0,2,2,1,0,0,0,0,0,1,1,0,0,1,1,0,0,0,0,0,0,0,1,0,0,0,0,0,0,0,0,0,0,0,0,0,0,0,0,0,0,0,0,0,0,0,0,0,0,0,0,0,0,0,0,0
9,1,3,9,1,10,8,11,8,12,6,19,5,7,13,12,16,36,22,39,39,52,31,43,40,57,62,56,62,79,84,105,100,89,119,115,94,120,123,123,116,140,137,138,152,135,150,116,125,145,151,162,147,161,171,143,157,163,167,117,153,110,109,108,94,107,117,107,105,87,90,88,84,72,75,73,82,65,68,54,71,61,61,61,50,37,44,46,41,39,26,37,23,34,26,23,18,14,9,31,13,20,12,12,15,19,20,10,5,12,8,8,8,15,8,7,5,3,2,3,4,4,7,5,6,5,3,3,4,3,0,3,4,2,3,2,1,3,0,0,0,0,0,1,0,0,0,3,1,1,0,0,0,0,0,0,0,0,0,0,0,0,0,0,0,0,0,0,0,0,0,0,0,0,0,0,0,0,0,1,0,0,0,0,0,0,0,0,0,0,0,0,0,0,0,0,0,0,0,0
7,2,4,5,1,7,6,11,20,15,10,15,8,9,7,19,15,32,27,33,28,57,35,52,39,67,50,75,79,68,82,86,117,83,103,97,96,142,132,106,99,174,124,144,176,118,128,114,131,152,161,171,160,147,151,129,145,138,147,135,118,116,113,96,112,102,109,75,93,91,83,103,91,83,85,66,59,82,58,61,54,58,50,57,52,40,41,20,30,21,35,36,28,24,21,17,25,18,21,26,19,18,20,28,19,19,13,7,12,9,9,10,11,5,4,5,12,7,6,8,9,2,5,8,10,5,4,0,5,5,2,2,4,3,3,1,1,3,6,1,1,0,0,1,1,0,1,1,0,0,1,0,1,0,0,2,0,1,0,0,0,0,0,0,0,0,0,0,0,0,0,0,0,0,0,0,0,0,0,0,0,0,0,0,0,0,0,0,0,0,0,0,0,0,0,0,0,0,0,0
7,3,7,9,1,16,6,14,18,16,16,16,10,9,14,15,18,38,19,27,24,44,28,54,37,58,48,59,71,88,75,74,110,75,115,114,98,117,142,117,120,152,135,144,132,127,125,127,112,120,157,136,169,143,140,146,144,132,137,127,123,127,117,115,115,105,110,104,108,80,92,90,81,82,72,69,59,70,58,60,55,67,45,58,56,50,40,31,33,31,32,22,26,22,24,27,24,23,15,22,17,18,11,19,18,9,14,7,19,9,8,13,6,9,8,3,9,6,6,4,2,4,8,2,8,0,3,1,4,4,4,1,4,3,2,3,2,0,1,2,2,1,2,0,0,1,1,0,1,1,0,0,0,0,0,0,0,0,0,0,0,0,0,0,0,0,0,0,1,0,0,0,0,0,0,0,0,0,0,1,0,0,0,0,0,0,0,0,0,0,0,0,0,0,0,0,0,0,0,0
5,3,9,8,0,8,8,12,12,18,4,13,9,11,17,20,16,32,23,31,26,62,36,48,32,66,69,53,66,87,64,83,95,87,106,93,103,109,142,112,117,139,132,141,127,115,153,141,132,145,140,141,161,137,143,121,147,119,140,136,130,108,112,108,107,98,93,103,75,84,76,76,76,70,71,75,55,57,57,56,50,46,50,52,50,38,43,31,29,31,26,31,34,24,23,24,30,19,19,21,25,14,19,10,16,17,10,10,5,9,9,10,4,13,3,4,4,7,7,4,5,7,3,3,3,3,1,2,4,4,5,2,6,4,1,3,2,2,3,0,0,0,0,0,0,2,2,3,2,0,0,1,1,0,0,0,0,1,0,0,0,0,0,1,0,0,0,0,0,0,0,0,0,0,0,0,0,0,0,0,0,0,0,0,0,0,0,0,0,0,0,0,0,0,0,0,0,0,0,0
6,0,3,8,2,7,8,12,17,23,5,14,9,13,13,19,19,31,27,40,34,55,36,44,29,51,59,57,55,61,57,72,76,86,94,96,75,126,136,111,110,134,141,115,126,122,116,110,130,138,138,149,132,127,136,141,123,120,115,115,119,106,99,100,90,88,99,76,87,77,72,78,77,77,62,58,65,65,59,51,56,51,50,54,39,31,49,27,28,33,34,20,29,21,21,23,26,22,23,19,21,15,13,12,15,13,12,9,10,2,12,15,9,10,2,1,6,8,7,5,4,6,5,3,4,3,4,2,2,1,2,3,0,3,3,1,0,2,2,3,1,1,0,1,0,1,0,2,0,0,0,0,1,0,0,1,0,0,0,0,0,0,0,0,1,0,0,0,0,0,0,1,0,0,0,0,0,0,0,0,0,0,0,0,0,0,0,0,0,0,0,0,0,0,0,0,0,0,0,0
5,0,9,6,4,11,4,8,8,15,3,15,10,14,16,14,19,29,32,27,29,45,42,43,40,58,64,48,60,74,88,81,107,94,105,89,83,112,107,99,97,131,120,153,129,115,130,122,123,159,118,140,148,114,120,105,121,136,127,131,123,112,114,109,113,80,102,93,74,85,76,83,75,67,72,78,70,52,59,49,49,42,38,52,42,38,34,16,25,40,23,16,27,20,25,20,27,25,22,15,20,11,15,13,17,15,9,11,6,7,7,11,12,6,8,4,16,7,8,5,4,2,4,5,3,3,3,3,4,3,2,3,3,2,2,2,2,0,0,1,1,2,0,0,2,1,2,0,0,0,0,0,0,0,0,0,0,0,0,0,1,0,0,0,0,0,0,0,0,0,0,0,1,0,0,0,0,0,0,0,0,0,0,0,0,0,0,0,0,0,0,0,0,0,0,0,0,0,0,0
9,0,3,7,4,11,3,15,12,16,5,18,9,12,14,17,16,25,25,29,25,39,26,52,38,45,59,55,65,85,58,75,112,73,98,103,101,113,127,93,101,128,128,117,121,122,128,127,104,112,115,136,153,113,138,110,104,117,132,105,105,94,101,102,84,95,108,84,85,79,70,66,68,69,68,50,49,57,52,40,41,39,43,51,38,33,31,33,25,23,18,27,29,32,23,9,17,22,25,18,16,13,9,20,14,17,12,14,10,6,4,13,8,4,8,6,10,5,4,2,3,6,4,1,2,6,4,2,4,4,2,0,1,2,1,2,3,0,0,2,1,0,0,0,0,1,0,0,2,0,0,0,0,0,0,0,0,0,0,0,0,0,0,0,0,0,0,0,0,0,0,0,0,0,0,0,0,0,0,0,0,0,0,0,0,0,0,0,0,0,0,0,0,0,0,0,0,0,0,0
8,1,4,5,5,9,8,9,13,11,11,16,8,3,14,17,16,29,21,30,30,51,26,41,38,61,56,50,66,63,92,55,90,62,119,93,85,107,117,114,101,134,124,135,133,119,111,106,101,141,121,120,150,122,116,111,113,125,138,98,89,105,89,108,103,94,110,77,77,69,53,78,79,70,55,59,66,50,49,53,43,41,52,43,43,34,32,41,34,31,28,19,17,18,32,21,20,23,23,20,18,9,11,11,14,16,8,10,15,9,9,8,6,11,4,3,6,6,1,4,5,2,4,2,8,1,3,2,1,3,1,1,2,3,1,1,2,3,3,1,0,2,0,0,0,0,0,0,0,1,0,2,0,0,0,0,0,0,0,0,0,1,0,0,0,0,0,1,0,0,0,0,0,0,0,0,0,0,0,0,0,0,0,0,0,0,0,0,0,0,0,0,0,0,0,0,0,0,0,0
6,2,2,4,2,6,5,15,15,15,6,15,5,11,14,10,9,32,23,27,30,49,34,47,29,44,56,49,50,76,87,60,101,70,78,96,85,101,109,106,91,171,113,119,113,87,100,105,109,128,118,130,124,127,127,122,136,102,109,105,109,92,104,93,91,88,99,76,60,71,67,73,70,56,73,63,60,49,49,56,39,57,30,43,37,38,29,42,27,30,30,25,26,19,20,18,16,20,14,14,14,17,16,14,10,12,9,10,9,4,6,8,7,8,6,7,10,2,3,5,4,0,4,2,6,3,0,5,3,4,4,1,1,0,2,0,1,0,0,1,1,0,3,2,0,2,0,0,1,0,0,1,0,0,0,0,0,0,0,0,0,0,0,0,0,0,0,0,0,0,0,0,0,0,0,0,0,0,0,0,0,0,0,0,0,0,0,0,0,0,0,0,0,0,0,0,0,0,0,0
6,3,2,5,0,9,3,14,9,15,6,11,11,10,11,13,20,32,17,28,22,53,29,55,30,50,55,51,62,70,62,71,84,70,86,104,72,93,119,116,79,113,117,117,106,114,124,107,119,134,129,84,133,101,123,107,114,121,119,106,103,118,78,89,100,81,89,88,78,74,92,67,53,76,68,49,48,57,48,58,35,40,44,51,25,33,30,22,36,25,27,26,15,15,18,13,23,20,15,22,16,21,17,13,14,3,12,13,10,5,8,11,7,9,11,2,9,5,8,6,7,6,3,4,3,3,2,2,3,3,2,2,0,0,1,1,0,2,2,0,0,2,0,0,1,0,0,1,1,0,3,0,0,0,1,0,0,0,0,0,0,0,0,0,0,0,0,0,0,0,0,0,0,0,0,0,0,0,0,0,0,0,0,0,0,0,0,0,0,0,0,0,0,0,0,0,0,0,0,0
14,2,3,6,4,7,6,9,19,13,4,19,7,14,16,13,13,29,27,32,26,46,35,33,46,46,41,46,48,64,68,68,76,55,92,73,75,98,113,86,95,103,109,103,105,88,99,117,90,119,117,132,104,104,123,116,110,121,120,103,116,104,94,94,90,70,99,78,67,87,74,63,62,73,66,62,59,56,53,52,44,34,41,39,40,36,27,30,26,27,26,27,29,23,26,19,27,19,18,20,21,6,8,12,8,14,12,7,10,10,4,7,6,12,4,5,7,6,7,6,2,2,2,5,0,4,3,0,4,2,3,1,3,3,0,2,1,2,0,1,3,0,0,0,0,0,1,0,0,1,1,0,0,0,0,1,0,0,0,0,0,0,0,0,0,1,0,0,0,0,0,0,1,0,0,0,0,0,0,0,0,0,0,0,0,0,0,0,0,0,0,0,0,0,0,0,0,0,0,0
9,4,1,6,4,11,4,9,9,15,7,13,6,10,24,17,16,22,30,30,23,62,26,29,43,45,44,44,49,52,78,66,79,60,76,96,74,112,105,85,88,127,92,121,103,80,119,107,106,105,119,124,128,103,101,106,117,109,98,101,110,92,103,95,87,82,68,81,65,66,82,58,64,79,54,51,61,64,46,49,39,47,46,41,30,41,32,30,27,24,21,17,22,23,22,14,24,15,10,10,12,16,13,9,7,8,12,6,14,4,16,9,4,11,3,5,3,9,3,3,2,2,3,5,8,2,3,2,1,2,1,1,1,3,2,0,2,2,1,1,0,1,2,0,0,3,1,2,1,0,0,0,0,0,0,2,0,0,0,0,0,0,0,0,0,0,0,0,0,0,0,0,0,0,0,0,0,0,0,0,0,1,0,0,0,0,0,0,0,0,0,0,0,0,0,0,0,0,0,0
10,1,6,10,0,6,3,17,7,10,6,12,7,10,14,16,16,24,19,33,23,37,30,41,43,36,51,46,49,65,61,59,89,66,71,87,76,85,95,86,90,109,111,110,111,74,93,111,118,128,96,109,108,107,105,107,109,82,96,107,81,85,87,98,71,99,79,69,66,66,58,53,50,62,51,62,54,48,30,42,39,43,35,50,36,39,31,32,32,23,21,18,16,7,7,23,17,18,26,15,9,12,8,8,10,8,7,6,15,6,7,9,4,11,3,4,6,5,4,2,4,2,3,3,5,1,2,0,1,1,3,2,1,2,2,0,3,1,3,0,0,0,0,0,2,1,3,1,0,1,0,0,0,1,0,1,0,0,0,0,0,0,0,1,0,0,1,0,0,0,0,0,0,0,0,0,0,0,0,2,0,0,0,0,0,0,0,0,0,0,0,0,0,0,0,0,0,0,0,0
8,3,1,6,1,10,4,7,5,14,5,16,14,11,6,13,13,28,24,25,19,49,21,49,32,47,57,33,55,55,70,67,90,68,88,75,71,94,98,92,94,120,124,102,90,87,92,107,88,120,103,113,118,101,115,125,122,103,92,98,101,87,88,86,75,73,68,59,53,67,63,49,60,65,57,56,58,48,43,35,35,43,35,30,38,27,26,29,26,18,27,12,19,20,15,17,18,14,13,18,11,16,10,8,6,11,9,10,10,9,10,9,3,10,6,6,8,2,3,5,5,3,2,4,1,1,4,1,2,1,0,2,2,2,2,0,2,0,1,1,0,0,0,0,4,0,0,0,0,0,0,0,1,0,1,0,0,0,0,0,0,0,0,1,0,1,1,0,0,0,0,0,0,0,0,0,0,0,0,0,0,0,0,0,0,0,0,0,0,0,0,0,0,0,0,0,0,0,0,0
4,2,4,8,2,3,0,9,6,6,7,17,13,6,11,14,8,33,16,27,27,43,23,37,39,37,40,60,48,59,55,60,67,66,72,73,84,89,98,92,84,101,90,93,120,95,92,118,99,125,104,117,122,103,100,85,96,81,103,102,101,93,69,89,88,74,75,69,58,50,55,68,51,51,50,49,44,53,54,46,32,34,31,37,25,31,29,31,20,27,24,9,18,14,15,13,16,18,14,18,10,6,10,8,9,15,13,11,14,8,4,8,5,3,5,4,4,2,2,6,1,1,3,2,1,4,3,1,1,2,2,3,3,2,1,2,1,1,0,1,1,1,0,0,1,0,2,2,0,2,0,1,0,0,0,0,0,0,0,0,0,0,0,0,0,0,0,0,0,0,0,0,0,0,0,0,0,0,0,0,0,0,0,0,0,0,0,0,0,0,0,0,0,0,0,0,0,0,0,0
5,1,2,14,1,6,6,5,9,12,0,13,3,7,9,18,16,20,29,28,22,52,20,42,31,33,48,39,52,45,51,60,91,67,81,75,79,75,102,77,88,98,92,94,95,83,86,102,97,115,111,116,101,88,114,115,98,81,95,90,89,88,71,65,66,76,76,53,53,57,62,60,59,51,54,62,49,39,38,31,33,31,42,35,33,27,24,22,20,23,17,17,15,24,16,14,16,18,19,18,11,18,9,9,7,14,10,8,7,11,8,4,7,3,3,5,4,3,6,2,5,7,5,5,5,1,2,3,6,4,1,1,0,7,0,2,0,2,1,1,0,0,0,2,2,0,0,2,0,0,0,0,0,0,0,0,2,0,0,0,0,0,0,0,0,0,0,0,0,0,0,0,0,0,0,0,0,0,0,0,0,0,0,0,0,0,0,0,0,0,0,0,0,0,0,0,0,0,0,0
4,2,4,8,0,13,4,9,7,11,7,7,7,12,19,16,13,24,16,32,19,39,22,30,31,45,36,38,52,54,68,58,86,57,75,75,63,81,91,73,81,106,90,101,93,88,87,86,73,100,106,90,101,87,98,108,99,98,86,86,93,68,75,72,78,64,66,71,51,65,56,53,46,55,37,60,52,44,34,37,29,37,30,25,30,23,24,28,21,16,20,21,15,14,27,17,17,18,11,11,10,10,15,13,9,8,9,13,11,5,10,3,6,5,5,2,6,2,2,5,7,3,1,2,3,2,2,2,6,3,1,1,1,3,1,2,1,1,2,1,0,1,1,0,1,1,0,2,1,0,0,1,0,0,0,0,0,0,0,0,0,0,0,0,0,1,0,0,0,0,0,0,0,0,0,0,0,0,0,0,0,0,0,0,0,0,0,0,0,0,0,0,0,0,0,0,0,0,0,0
5,1,3,4,2,11,5,12,11,12,6,9,3,11,6,20,19,20,22,28,29,32,23,43,43,49,46,38,34,63,54,57,84,56,71,84,68,99,99,80,93,91,78,86,94,103,99,112,81,95,111,97,117,89,97,88,95,75,93,82,91,78,64,67,75,69,69,61,66,59,54,70,56,50,40,50,40,41,31,28,40,30,42,37,29,26,24,31,20,12,13,22,10,16,13,11,19,12,11,11,4,10,7,6,12,8,9,6,8,1,9,3,4,1,4,3,5,1,1,6,2,2,2,3,5,1,5,1,1,2,2,3,1,0,2,0,0,2,1,1,1,2,1,0,3,0,1,1,1,0,0,0,0,0,1,0,0,0,0,0,0,0,0,0,0,0,1,0,0,0,0,0,0,0,0,0,0,0,0,0,0,0,0,0,0,0,0,0,0,0,0,0,0,0,0,0,0,0,0,0
3,2,2,4,0,6,6,15,9,18,6,8,9,8,14,26,23,16,19,27,23,44,28,27,22,44,43,36,49,65,59,45,64,51,68,66,63,104,99,91,77,100,88,94,98,78,101,80,73,89,92,102,95,93,97,85,77,91,83,79,93,78,72,70,60,72,68,54,61,60,61,56,41,58,48,37,46,55,36,57,34,29,35,28,25,33,21,18,21,21,19,19,12,11,13,17,18,11,12,19,9,14,15,7,8,11,9,9,12,7,6,5,6,11,4,3,4,3,4,5,4,1,1,2,1,3,4,1,7,1,1,1,0,4,2,3,0,0,0,0,0,1,1,0,1,0,0,1,0,1,0,1,0,0,0,0,0,0,0,0,0,0,0,1,0,1,0,0,0,0,0,1,0,0,0,0,0,0,0,0,0,0,0,0,0,0,0,0,0,0,0,0,0,0,0,0,0,0,0,0
5,1,2,2,2,6,0,11,11,11,7,8,8,8,13,14,12,20,15,17,23,36,18,22,26,29,44,37,53,49,55,75,78,58,61,78,65,93,98,78,88,101,89,94,87,74,89,91,85,83,79,109,103,84,82,89,100,73,86,84,83,74,60,67,74,55,54,73,56,59,50,55,50,52,45,47,36,44,39,31,37,21,31,30,26,25,27,21,22,22,14,24,17,8,15,13,21,18,10,14,9,13,14,4,12,11,8,4,7,3,3,4,5,7,3,3,8,4,7,7,2,6,3,4,0,3,5,2,1,3,0,0,1,1,0,0,1,0,2,0,0,1,0,1,0,2,1,0,1,0,1,0,0,0,0,0,0,0,0,0,0,0,0,0,0,0,0,0,0,0,0,0,0,0,0,0,0,0,0,0,0,0,0,0,0,0,0,0,0,0,0,0,0,0,0,0,0,0,0,0
4,2,4,7,0,8,4,11,8,12,2,10,6,4,9,16,9,20,15,16,15,33,22,32,31,22,39,39,46,55,54,62,84,55,51,72,69,73,101,76,81,90,89,86,92,73,94,72,71,86,76,77,77,77,82,82,82,93,53,65,90,76,72,69,61,61,67,60,49,45,44,45,57,47,38,39,36,40,25,24,32,18,29,21,22,24,19,27,18,22,14,9,21,16,11,10,17,12,11,13,16,7,11,9,7,12,7,9,3,10,7,6,8,3,4,2,4,2,4,1,2,4,3,2,1,5,1,0,2,3,1,0,2,2,2,1,2,1,0,0,0,2,0,0,0,0,1,0,0,0,0,0,0,0,0,0,0,0,0,0,0,0,0,0,0,0,0,0,0,0,0,0,0,0,0,0,0,0,0,0,0,0,0,0,0,0,0,0,0,0,0,0,0,0,0,0,0,0,0,0
5,1,1,7,0,2,4,10,12,8,3,9,3,7,9,14,18,25,20,32,26,34,21,39,35,36,43,41,38,43,40,54,81,51,58,76,58,65,96,67,69,101,87,79,96,82,85,81,63,68,90,87,97,92,89,75,91,74,61,95,80,84,73,52,57,72,69,42,49,50,55,42,53,39,64,41,34,35,32,35,29,37,27,34,24,32,23,17,30,19,19,20,18,19,19,16,11,12,18,12,10,9,11,8,10,5,3,7,6,1,3,3,3,7,4,7,1,1,5,5,6,1,2,2,6,2,4,1,1,2,0,1,1,0,0,1,0,1,0,1,1,0,1,0,0,0,0,0,0,0,0,0,1,0,1,0,0,0,0,0,0,0,0,0,0,0,0,0,0,0,0,0,0,0,0,0,0,0,0,0,0,1,0,0,0,0,0,0,0,0,0,0,0,0,0,0,0,0,0,0
5,0,2,5,0,8,3,7,7,13,3,11,9,12,12,11,11,15,19,20,19,22,24,26,26,29,40,32,44,47,42,53,76,41,60,61,57,72,90,82,75,98,77,76,94,75,94,77,74,94,90,85,97,72,88,81,89,81,80,79,78,63,59,61,52,60,57,53,55,49,48,58,42,48,34,43,37,31,21,27,35,31,32,22,24,20,24,23,23,15,14,24,15,13,11,12,14,15,7,10,13,8,9,7,9,7,6,6,6,5,5,5,5,3,10,1,4,4,3,1,3,1,1,2,3,1,2,0,3,3,3,1,1,1,1,3,1,1,1,0,1,0,0,0,0,0,0,1,0,1,0,1,0,0,0,0,0,0,0,0,0,0,0,0,0,1,0,0,0,0,0,1,0,0,0,0,0,0,0,0,0,0,0,0,0,0,0,0,0,0,0,0,0,0,0,0,0,0,0,0
4,0,2,8,1,3,5,9,5,3,5,18,5,6,14,16,15,26,13,24,21,34,23,25,21,41,41,39,32,59,55,45,72,46,68,79,65,76,89,64,58,88,90,75,85,73,93,87,76,90,79,85,101,82,62,80,82,85,90,82,57,64,65,58,62,40,65,56,60,43,47,42,35,41,25,33,27,39,42,29,20,23,24,20,21,27,21,21,10,20,14,16,14,13,14,10,15,11,15,14,5,8,4,12,6,10,6,7,9,8,4,3,5,4,2,4,6,2,6,8,6,0,3,2,1,2,1,1,2,2,0,3,0,2,0,3,1,1,2,1,1,2,0,0,0,0,1,0,0,1,0,1,0,0,0,0,0,0,0,0,0,0,0,0,0,0,0,0,0,0,0,0,0,0,0,0,0,0,0,0,0,0,0,0,0,0,0,0,0,0,0,0,0,0,0,0,0,0,0,0
8,1,1,3,1,7,3,11,7,5,2,13,5,3,15,7,11,6,20,20,21,39,22,31,29,39,36,36,41,53,50,44,62,42,62,66,50,63,82,77,57,89,69,79,67,61,59,73,74,91,83,96,75,78,80,74,79,83,75,64,76,70,61,68,34,47,49,52,45,43,59,42,45,51,37,32,37,28,24,31,25,21,22,30,27,28,17,21,19,23,18,10,20,16,14,15,15,8,7,14,8,8,13,12,6,10,2,7,5,9,9,6,2,5,5,4,5,4,4,2,0,1,0,3,1,4,1,1,1,3,0,1,1,1,2,1,1,1,2,1,0,1,1,1,0,0,1,0,0,0,0,1,0,1,0,1,0,0,0,0,1,0,0,0,0,0,0,0,0,0,0,0,0,0,0,0,0,0,0,0,0,1,0,0,0,0,0,0,0,0,0,0,0,0,0,0,0,0,0,0
9,5,1,5,2,6,3,7,6,10,5,7,4,2,13,4,7,26,20,16,20,34,17,29,17,43,34,31,45,43,56,44,57,31,53,65,55,65,63,75,67,87,64,76,93,72,74,67,80,82,77,102,98,83,90,86,73,67,78,75,75,78,57,61,59,45,80,56,49,46,48,31,51,40,40,39,32,26,39,29,42,31,30,28,25,17,19,16,15,12,13,10,10,11,7,11,15,13,7,18,13,10,10,10,8,3,8,10,5,7,4,8,2,1,1,3,2,4,6,0,5,1,2,3,2,2,3,2,1,3,0,1,0,0,1,2,0,0,1,0,0,0,0,0,0,1,0,0,1,0,0,0,0,0,0,0,0,0,0,0,0,0,0,0,0,0,0,0,0,0,0,0,0,0,0,0,0,0,0,0,0,0,0,0,0,0,0,0,0,0,0,0,0,0,0,0,0,0,0,0
3,0,7,6,0,3,2,6,7,9,5,8,4,6,13,17,10,23,20,14,24,25,19,35,26,36,25,27,36,38,48,53,58,48,63,70,46,64,84,59,62,81,67,70,48,56,68,76,63,81,78,79,80,73,82,64,74,53,75,72,77,60,62,46,59,50,48,53,44,55,35,45,49,34,51,24,36,34,33,29,24,30,22,18,23,25,22,18,13,11,10,15,8,7,15,7,10,12,14,8,9,5,7,12,10,7,7,3,6,1,6,4,2,4,3,2,7,4,4,3,1,2,3,3,2,1,1,0,2,1,0,1,0,1,0,0,2,0,1,1,1,1,0,2,0,0,0,1,0,0,0,0,0,0,1,0,0,0,0,0,0,0,0,0,0,0,0,0,0,0,0,0,0,0,0,0,0,0,0,0,0,0,0,0,0,0,0,0,0,0,0,0,0,0,0,0,0,0,0,0
7,2,2,4,1,2,4,18,5,5,3,10,11,3,7,16,9,12,18,11,12,34,31,20,23,28,32,37,24,40,45,40,56,50,58,63,59,70,62,63,69,71,77,82,63,66,81,71,73,83,72,71,73,58,101,75,59,67,79,65,73,57,52,60,46,60,56,51,31,36,50,42,30,41,44,32,27,19,18,27,31,16,25,29,19,25,15,10,22,17,13,18,12,14,14,10,7,5,9,10,9,12,7,9,5,5,10,3,7,6,7,2,3,3,1,4,1,0,1,1,0,2,1,3,0,2,1,4,3,1,1,0,0,0,1,0,1,1,0,1,0,0,0,0,0,1,1,0,0,0,0,0,0,0,0,0,0,0,1,0,0,0,0,0,0,0,0,0,0,0,0,0,0,0,0,0,0,0,0,0,0,0,0,0,0,0,0,0,0,0,0,0,0,0,0,0,0,0,0,0
5,3,2,3,2,3,3,9,3,10,3,11,10,5,15,12,7,21,10,13,22,31,20,19,26,34,33,40,40,48,26,42,58,34,60,58,45,68,75,66,75,76,68,67,76,52,51,75,62,91,67,64,72,74,77,65,82,71,76,60,69,57,62,60,50,48,53,49,38,45,46,56,43,35,33,25,30,35,35,15,23,24,22,20,30,20,19,14,21,15,20,17,9,12,13,10,16,13,9,10,10,7,7,6,4,5,8,4,5,5,6,3,3,5,1,5,1,1,2,3,1,2,2,2,1,0,4,1,0,1,0,2,1,0,1,1,1,1,0,0,1,0,1,0,0,0,1,0,1,0,0,1,0,0,0,0,0,0,0,0,0,0,0,0,0,0,0,0,0,0,0,0,0,0,0,0,0,0,0,0,0,0,0,0,0,0,0,0,0,0,0,0,0,0,0,0,0,0,0,0
4,0,2,5,2,7,2,8,7,8,2,5,3,8,10,13,8,11,12,17,8,28,17,29,25,36,34,30,41,41,44,44,44,41,34,49,56,64,55,65,63,86,67,59,77,74,55,71,64,54,73,71,82,62,65,76,56,81,55,57,46,53,50,43,57,30,40,39,35,38,50,39,31,31,34,29,32,23,33,28,25,27,26,26,21,24,16,8,10,16,15,13,9,8,11,9,10,7,7,6,7,4,8,8,5,5,8,3,6,8,5,7,5,2,4,4,2,3,1,4,0,2,1,3,0,1,3,1,1,3,0,0,1,0,1,0,1,1,0,0,0,2,0,0,0,0,1,0,0,0,0,1,0,0,1,0,0,0,0,0,0,0,0,0,0,0,0,0,0,0,0,0,0,0,0,0,0,0,0,0,0,0,0,0,0,0,0,0,0,0,0,0,0,0,0,0,0,0,0,0
3,1,0,6,0,8,5,3,10,12,1,11,6,5,10,8,6,22,16,25,18,15,18,25,15,33,35,24,28,32,30,29,60,41,49,52,50,56,63,41,63,84,68,73,67,68,74,60,66,64,77,72,64,56,78,56,77,52,74,64,57,69,53,62,42,41,52,54,48,40,26,31,31,24,32,31,28,24,22,23,21,21,21,15,22,11,17,7,14,13,14,13,11,9,11,10,17,11,6,13,8,5,6,5,5,4,4,4,4,3,4,5,4,3,6,5,2,3,5,3,1,4,0,0,0,3,1,0,0,3,1,1,1,1,0,2,0,0,0,0,0,0,0,1,0,0,1,1,1,0,0,0,0,0,0,0,0,0,0,0,0,0,0,0,1,0,0,1,0,0,0,0,0,0,0,0,0,0,0,0,0,0,0,0,0,0,0,0,0,0,0,0,0,0,0,0,0,0,0,0
7,1,2,5,1,5,5,4,6,6,4,9,4,6,5,11,15,16,15,19,19,24,25,22,24,25,34,31,28,38,47,52,49,44,66,63,64,69,58,49,51,71,56,68,58,76,48,56,49,79,61,77,58,62,55,63,45,63,54,59,74,53,40,49,46,47,42,53,43,47,51,34,40,29,33,31,30,29,33,17,32,27,18,26,26,21,6,14,11,11,15,7,16,11,7,9,10,9,11,10,9,8,5,5,4,6,8,2,8,4,3,5,3,1,4,0,5,4,5,1,0,1,4,0,5,2,0,2,2,0,1,0,0,2,1,1,0,1,1,0,0,0,0,0,0,0,0,0,0,0,0,0,0,0,1,0,0,0,0,0,0,0,0,0,0,0,0,0,0,0,0,0,0,0,0,0,0,0,0,0,0,0,0,0,0,0,0,0,0,0,0,0,0,0,0,0,0,0,0,0
7,0,2,6,0,8,2,8,9,11,0,12,7,2,9,9,9,23,14,18,15,25,21,26,27,30,25,36,25,42,47,39,41,50,59,58,52,53,60,44,55,70,62,63,61,55,63,59,60,70,74,77,79,61,61,52,40,58,54,53,81,55,44,51,52,50,39,44,32,33,33,33,24,26,26,30,32,27,28,22,22,25,22,21,19,17,28,9,10,7,8,9,13,16,8,11,13,6,14,8,7,3,7,4,3,6,8,4,5,3,5,6,4,5,6,1,3,1,1,0,3,3,3,4,3,2,3,0,2,2,0,1,1,1,2,2,1,0,0,2,0,0,0,0,1,0,0,1,0,0,0,0,0,0,0,0,0,1,0,0,0,0,0,0,0,0,0,0,0,0,0,0,0,0,0,0,0,0,0,0,0,0,0,0,0,0,0,0,0,0,0,0,0,0,0,0,0,0,0,0
4,2,1,5,1,3,0,7,6,11,2,9,3,9,14,11,10,17,15,12,27,21,19,27,25,27,31,25,35,36,40,37,53,38,48,49,42,62,57,30,56,62,76,54,67,42,78,57,63,72,55,71,61,61,53,46,58,57,62,51,64,62,46,45,47,52,53,41,37,36,33,38,33,27,28,30,33,26,33,18,20,18,19,15,16,11,11,13,12,12,11,8,12,11,8,6,10,8,8,4,5,6,8,6,5,5,6,1,5,1,4,7,3,2,4,1,4,5,3,1,1,2,3,3,0,1,1,1,3,0,1,0,5,1,1,0,1,0,0,0,0,0,0,0,1,1,0,0,0,0,0,0,0,0,1,0,0,0,0,0,0,0,0,0,0,0,0,0,0,0,0,0,0,0,0,0,0,0,0,0,0,0,0,0,0,0,0,0,0,0,0,0,0,0,0,0,0,0,0,0
7,0,0,3,2,8,4,6,4,10,5,14,4,2,7,8,9,16,11,17,14,34,11,24,14,32,28,33,29,48,37,38,60,36,51,40,41,57,50,53,55,66,59,65,61,56,49,53,58,70,68,78,62,46,55,59,57,54,74,65,57,58,51,61,42,34,38,45,33,33,41,32,30,36,26,22,30,25,26,28,20,14,16,15,20,16,22,15,14,14,13,8,12,5,7,7,10,7,5,9,8,2,5,5,4,5,6,5,2,3,2,6,2,1,0,2,2,3,0,2,3,1,1,2,1,4,1,0,3,0,0,0,3,2,1,0,0,0,0,1,0,1,0,0,1,0,1,1,0,0,0,1,0,0,0,0,1,0,1,0,0,0,0,0,0,0,0,0,0,0,0,0,0,0,0,0,0,0,0,0,0,0,0,0,0,0,0,0,0,0,0,0,0,0,0,0,0,0,0,0
6,4,1,7,2,8,1,11,6,8,2,6,3,8,7,13,6,12,8,21,13,19,24,24,21,27,26,20,25,30,40,33,41,40,48,50,47,60,68,56,54,68,54,47,74,39,75,62,41,86,75,51,51,60,56,69,66,63,54,53,52,35,42,44,37,50,28,34,29,34,47,28,42,43,21,26,19,27,36,19,16,15,17,13,12,21,6,12,6,12,7,17,10,13,16,7,8,6,9,3,4,6,7,4,7,5,3,5,5,4,4,8,3,5,2,0,2,1,1,0,3,1,3,3,3,0,0,2,0,0,0,2,3,1,1,1,0,0,0,0,0,0,0,0,0,0,0,1,0,0,0,0,0,0,0,0,0,0,0,0,0,0,0,0,0,0,0,0,0,0,0,0,0,0,0,0,0,0,0,0,0,0,0,0,0,0,0,0,0,0,0,0,0,0,0,0,0,0,0,0
5,2,2,3,1,5,3,12,4,11,2,7,7,5,3,11,5,15,14,12,13,28,14,20,20,27,24,27,33,34,37,37,60,42,38,59,40,49,54,51,55,53,59,70,59,59,48,48,51,65,57,59,65,49,60,59,67,56,52,45,50,42,43,46,33,32,32,36,30,35,28,31,26,23,25,20,29,26,28,22,15,19,16,19,14,11,14,12,6,14,7,15,11,9,10,13,12,6,6,7,1,9,7,4,9,6,2,5,3,3,3,8,4,6,4,2,4,2,3,0,3,2,1,1,1,3,1,5,1,2,0,2,0,0,0,1,2,1,1,0,0,0,0,0,1,0,0,1,0,0,0,0,0,1,0,0,0,0,0,0,0,0,0,0,0,0,0,0,0,0,0,0,0,0,0,0,0,0,0,0,0,0,0,0,0,0,0,0,0,0,0,0,0,0,0,0,0,0,0,0
1,0,4,5,3,3,3,6,3,13,2,7,8,6,8,6,7,20,13,14,11,19,15,17,20,17,29,32,28,37,39,29,53,40,38,65,42,52,53,48,61,63,52,48,57,57,56,46,63,46,55,54,46,58,63,34,42,60,39,58,50,47,34,33,40,41,51,40,22,27,49,34,21,25,28,24,18,21,15,28,18,18,17,16,17,10,15,12,19,15,13,13,14,9,10,10,8,8,6,10,7,5,6,1,3,5,8,2,3,1,2,7,1,2,2,3,4,4,0,5,4,2,0,1,1,0,1,0,4,3,1,0,0,0,1,0,1,0,1,0,2,2,0,0,0,0,1,0,1,0,1,0,0,0,0,1,0,0,0,0,0,0,0,0,0,0,0,0,0,0,0,0,0,0,0,0,0,0,0,0,0,0,0,0,0,0,0,0,0,0,0,0,0,0,0,0,0,0,0,0
5,5,0,3,1,2,2,6,4,7,2,8,3,7,8,13,8,16,12,15,11,17,19,29,19,25,25,27,35,31,30,41,37,28,47,39,37,52,47,37,53,64,56,56,58,52,53,47,54,56,47,59,57,38,54,58,49,51,54,50,50,48,34,36,31,34,43,34,26,31,33,37,31,27,32,18,21,15,32,23,19,9,20,21,15,19,11,16,9,18,11,18,11,9,8,11,7,8,10,7,2,1,4,10,6,6,6,6,6,2,1,3,6,3,2,1,1,1,3,3,1,0,4,1,1,2,2,0,2,0,0,3,3,1,1,1,0,1,0,0,1,1,0,0,3,0,0,0,0,0,0,0,0,0,0,1,0,0,0,0,0,0,0,0,0,0,0,0,0,0,0,1,0,0,0,0,0,0,0,0,0,0,0,0,0,0,0,0,0,0,0,0,0,0,0,0,0,0,0,0
9,0,1,2,0,3,3,4,4,11,2,7,5,5,7,7,8,15,7,12,20,30,11,33,26,19,23,26,20,32,38,24,38,25,53,42,43,47,55,46,49,56,60,48,41,47,52,45,46,67,58,54,55,40,68,54,63,54,43,40,51,43,37,36,31,42,24,37,28,29,31,49,22,36,36,35,14,23,24,17,17,17,23,14,11,17,10,15,17,13,7,19,9,5,9,12,8,4,8,6,8,4,4,2,5,4,5,6,5,2,1,4,2,2,3,1,3,2,3,5,3,3,0,1,1,1,1,3,1,1,0,0,0,1,1,1,0,0,0,0,0,1,0,0,0,0,0,0,1,0,0,0,0,0,0,1,0,0,0,0,0,0,0,0,0,0,0,0,0,0,0,0,0,0,0,0,0,0,0,0,0,0,0,0,0,0,0,0,0,0,0,0,0,0,0,0,0,0,0,0
5,2,0,5,0,4,0,5,5,2,3,10,3,3,8,7,9,20,8,19,14,18,19,24,21,27,22,28,25,26,35,33,48,24,40,51,44,49,46,43,47,68,52,47,44,45,52,54,60,41,41,55,53,56,46,57,50,41,50,41,52,45,42,34,37,33,36,33,18,22,32,19,19,29,27,19,31,26,29,21,23,11,17,15,15,14,17,11,10,4,12,10,6,7,7,11,7,5,6,6,5,7,6,2,7,7,3,3,2,5,5,3,4,2,1,1,2,3,1,2,4,1,2,2,3,2,1,0,1,2,1,1,2,0,0,1,0,0,0,0,0,2,0,0,0,0,0,1,0,0,0,0,0,0,0,0,0,0,0,0,0,0,0,0,0,0,0,0,0,0,0,0,0,0,0,0,0,0,0,0,0,0,0,0,0,0,0,0,0,0,0,0,0,0,0,0,0,0,0,0
7,1,4,1,0,5,6,3,6,6,1,6,7,5,5,10,8,18,9,6,10,25,14,26,22,23,31,19,22,37,35,32,43,28,36,39,30,43,47,53,37,58,46,53,60,51,56,49,52,51,46,57,61,56,47,43,43,50,57,41,38,47,48,33,45,25,40,43,37,28,27,29,21,22,20,27,25,19,14,17,28,24,12,14,18,5,12,12,13,12,9,7,6,11,12,6,8,7,8,3,6,3,6,6,3,3,5,0,2,5,2,2,1,0,4,2,2,3,1,2,2,2,1,0,0,0,0,0,0,0,2,1,0,0,0,0,0,1,0,1,0,0,0,0,0,0,0,0,0,0,0,2,0,0,0,0,0,0,0,0,0,0,0,0,0,0,0,0,0,0,0,0,0,0,0,0,0,0,0,0,0,0,0,0,0,0,0,0,0,0,0,0,0,0,0,0,0,0,0,0
1,0,2,1,2,5,3,3,8,4,2,3,3,4,5,7,3,13,8,18,10,22,9,28,11,22,17,23,22,28,27,26,38,28,40,41,43,51,49,37,28,56,38,48,47,50,58,54,46,44,63,56,49,49,53,35,54,40,46,47,46,47,34,34,35,36,26,19,38,28,31,28,36,32,18,27,20,24,25,17,14,13,20,23,17,12,8,10,13,10,8,9,10,7,8,5,5,2,7,9,2,6,5,3,5,7,4,2,6,4,1,5,1,1,1,0,0,4,0,2,1,0,1,2,3,3,3,0,0,1,1,0,0,0,0,1,0,0,0,1,0,0,0,0,0,0,0,1,0,0,0,1,0,0,0,0,0,0,1,0,0,0,0,0,0,0,0,1,0,0,0,0,0,0,0,0,0,0,0,0,0,0,0,0,0,0,0,0,0,0,0,0,0,0,0,0,0,0,0,0
4,0,3,1,0,3,1,4,1,10,3,9,4,8,6,8,6,20,9,11,19,17,13,24,15,16,14,19,22,29,34,20,38,39,37,35,33,37,44,36,47,50,58,49,48,49,54,39,44,50,46,46,47,39,55,58,38,39,37,48,41,37,34,38,34,34,26,32,25,37,36,21,25,31,22,23,28,12,23,17,10,10,12,14,18,14,18,8,11,14,11,6,5,10,12,7,7,10,5,12,6,1,5,0,4,8,7,5,2,1,4,2,4,1,4,1,2,4,0,3,2,2,1,1,2,3,1,0,1,1,1,0,0,1,0,1,1,0,0,0,0,1,0,1,0,0,1,0,0,0,0,0,1,0,0,0,0,0,0,0,0,0,0,0,0,0,1,0,0,0,0,0,0,0,0,0,0,0,0,0,0,0,0,0,0,0,0,0,0,0,0,0,0,0,0,0,0,0,0,0
2,0,4,5,4,4,2,6,7,9,4,10,4,7,7,10,1,10,10,14,11,28,11,22,15,22,18,29,23,31,28,35,38,30,35,45,40,49,43,45,44,38,46,42,37,41,49,59,50,38,51,51,49,38,54,41,43,36,39,42,44,33,42,34,24,29,46,20,31,27,24,27,18,18,16,20,17,20,14,14,25,18,15,10,11,11,15,11,10,13,11,9,8,11,7,8,9,6,6,8,3,5,4,2,3,2,3,3,5,3,3,5,5,1,2,1,6,0,1,0,2,1,0,2,1,0,0,0,1,1,0,0,1,0,0,1,0,0,1,0,0,0,0,0,1,0,0,0,0,1,0,0,0,0,0,1,0,0,0,0,0,0,0,0,0,0,0,0,0,0,0,0,0,0,0,0,0,0,0,0,0,0,0,0,0,0,0,0,0,0,0,0,0,0,0,0,0,0,0,0
1,1,1,2,2,5,1,7,4,2,3,6,4,4,9,6,10,11,8,13,14,21,16,15,10,26,31,22,26,27,30,26,37,38,37,25,36,48,45,45,36,47,44,45,39,41,41,38,38,46,61,45,41,40,59,52,38,39,55,27,43,31,26,32,31,35,33,30,26,21,37,22,27,25,25,20,16,22,18,16,14,18,16,12,9,11,14,15,7,11,9,10,2,12,9,2,7,5,8,4,4,3,1,6,4,7,3,2,5,4,4,6,2,0,3,2,4,3,2,1,3,0,0,0,2,0,0,1,1,1,1,0,1,0,0,0,0,1,0,0,2,1,0,0,0,0,0,0,0,1,0,0,0,0,0,0,0,0,0,0,0,1,0,0,0,0,0,0,0,0,0,0,0,0,0,0,0,0,0,0,0,0,0,0,0,0,0,0,0,0,0,0,0,0,0,0,0,0,0,0
2,0,2,4,1,1,0,2,2,5,3,8,4,3,6,8,10,16,10,13,12,16,13,15,16,16,16,27,21,34,29,29,43,35,26,36,23,45,34,36,40,48,40,36,41,52,38,40,37,37,41,51,53,35,52,42,48,37,42,33,39,40,33,43,36,35,35,29,22,29,23,25,24,28,28,14,19,18,15,16,11,16,10,16,11,15,4,8,9,9,8,5,6,5,6,4,10,7,9,2,5,3,6,4,3,2,2,4,4,1,2,6,4,3,2,1,2,0,0,0,0,4,0,2,0,4,0,2,0,1,1,1,0,0,1,1,1,0,1,1,0,0,0,0,0,0,1,0,0,0,1,0,0,0,0,0,0,0,0,0,0,0,0,0,0,0,0,0,0,0,0,0,0,0,0,0,0,0,0,0,0,0,0,0,0,0,0,0,0,0,0,0,0,0,0,0,0,0,0,0
2,0,1,4,0,6,3,3,4,3,2,8,3,2,5,7,6,15,13,14,13,21,11,21,13,17,18,16,22,27,30,38,42,30,28,42,30,46,46,46,42,41,57,45,48,36,52,43,38,39,51,45,36,40,42,40,40,37,40,36,33,21,38,31,27,34,29,23,21,14,22,24,20,20,12,21,12,18,20,12,8,9,17,20,15,9,15,5,9,11,7,5,6,9,6,4,6,5,7,6,5,2,3,3,6,2,6,2,3,4,6,3,4,3,1,4,0,1,0,0,2,0,1,4,0,1,1,1,2,1,1,0,1,1,1,0,1,1,0,0,0,0,0,0,0,0,0,0,0,0,0,0,0,0,0,0,0,0,0,0,0,0,0,0,0,0,0,0,0,0,0,0,0,0,0,0,0,0,0,0,0,0,0,0,0,0,0,0,0,0,0,0,0,0,0,0,0,0,0,0
8,2,1,5,0,5,1,5,4,8,2,5,3,3,3,5,6,8,10,14,11,21,18,19,5,31,25,19,16,17,16,24,33,25,36,29,32,34,35,34,42,47,61,35,40,40,41,34,31,55,48,45,44,46,43,39,48,36,38,44,36,33,37,44,29,23,23,28,26,24,18,34,23,19,18,28,16,24,14,22,15,17,15,17,11,14,10,12,11,9,11,5,5,4,8,2,3,7,4,10,5,3,3,4,2,4,4,3,2,3,3,1,1,2,6,3,1,1,1,0,0,0,0,1,0,2,1,0,1,0,1,1,1,0,0,1,0,0,0,2,0,0,0,1,0,0,0,0,0,0,0,0,0,0,0,0,0,0,0,0,1,0,0,0,0,0,0,1,0,0,0,0,0,0,0,0,0,0,0,0,0,1,0,0,0,0,0,0,0,0,0,0,0,0,0,0,0,0,0,0
2,2,2,4,0,3,1,10,5,5,1,6,7,5,6,10,4,12,10,14,5,17,7,20,13,19,20,25,18,27,34,23,36,32,28,33,30,32,42,41,42,38,35,44,33,37,39,35,30,31,49,48,43,36,44,30,39,36,54,36,41,38,20,26,31,31,34,30,24,16,20,24,16,20,20,11,18,14,18,15,15,17,11,14,12,7,6,13,10,9,6,12,9,6,5,7,4,3,5,3,5,5,8,3,6,1,4,2,4,5,2,3,2,1,2,1,3,1,0,4,0,0,0,0,1,1,0,1,0,1,0,2,1,0,0,0,0,0,1,0,1,0,0,0,0,0,0,0,0,0,0,0,0,0,0,0,0,0,0,0,0,0,0,0,0,0,0,0,0,0,0,0,0,0,0,0,0,0,0,0,0,0,0,0,0,0,0,0,0,0,0,0,0,0,0,0,0,0,0,0
1,0,2,5,1,3,1,0,6,5,1,8,4,4,7,6,2,12,13,7,6,18,5,22,15,16,20,16,21,20,19,13,34,26,33,39,25,45,31,36,32,42,44,35,43,50,40,44,38,48,33,42,47,32,39,44,33,35,37,30,33,35,28,26,33,25,30,29,22,19,23,26,30,19,13,14,14,15,17,8,7,12,11,15,3,16,5,7,4,7,5,7,8,2,5,5,9,2,12,6,4,6,4,4,4,1,2,2,1,1,1,1,2,1,3,0,4,1,1,0,3,0,3,2,1,1,0,1,0,1,1,2,2,0,0,0,0,0,0,1,2,0,0,1,1,0,0,0,1,0,0,0,0,0,0,0,0,0,0,0,0,0,0,0,0,0,0,0,0,0,0,0,0,0,0,0,0,0,0,0,0,0,0,0,0,0,0,0,0,0,0,0,0,0,0,0,0,0,0,0
3,1,2,2,0,3,4,1,4,6,2,12,8,2,5,6,2,6,8,12,5,19,4,21,15,22,23,23,20,27,26,25,32,27,29,32,29,32,35,36,40,46,32,48,39,36,34,34,34,40,33,51,40,40,33,35,45,30,45,24,24,34,23,26,27,34,33,19,20,12,19,30,23,19,18,12,14,14,15,10,8,12,11,9,10,8,7,10,8,7,6,5,5,10,5,7,5,11,5,5,4,3,3,2,4,3,3,2,5,0,3,1,1,1,3,3,3,2,3,5,1,1,1,3,1,2,1,2,0,0,0,0,1,0,0,0,0,0,0,0,1,0,0,0,0,0,0,1,0,0,0,0,0,0,0,0,0,0,0,0,0,0,0,0,0,1,0,0,0,0,0,0,0,0,0,0,0,0,0,0,0,0,0,0,0,0,0,0,0,0,0,0,0,0,0,0,0,0,0,0
3,0,0,5,2,4,3,3,6,4,1,8,10,5,6,8,6,15,11,15,13,20,17,13,6,20,19,16,15,28,20,24,34,20,26,23,21,40,40,33,46,48,34,37,41,30,42,36,38,36,37,47,32,30,45,47,27,39,32,35,33,37,32,35,42,30,27,24,18,24,35,19,19,15,16,18,13,13,16,16,10,19,13,18,13,7,7,10,10,10,8,9,4,5,8,6,2,2,9,1,6,5,8,3,4,3,2,3,1,1,0,3,7,1,2,1,3,1,0,1,3,2,1,1,2,0,1,0,0,0,0,0,1,1,1,0,0,0,0,0,1,0,1,0,0,0,0,0,0,0,0,0,0,0,0,0,0,0,0,0,0,0,0,0,0,0,0,0,0,0,0,0,0,0,0,0,0,0,0,0,0,0,0,0,0,0,0,0,0,0,0,0,0,0,0,0,0,0,0,0
2,0,2,2,0,1,1,7,2,13,3,6,5,4,7,6,9,4,7,11,6,14,6,17,8,13,16,17,13,32,23,28,32,23,22,25,28,43,32,34,36,46,36,45,48,35,24,41,38,33,31,34,29,40,32,19,38,29,20,31,41,38,26,28,20,30,24,23,16,20,24,28,21,18,15,12,20,12,17,13,14,11,12,19,9,8,8,11,9,9,8,7,6,10,4,7,5,6,0,6,4,2,3,3,1,1,4,2,5,1,3,5,4,3,3,0,2,1,1,2,2,1,0,1,1,0,1,1,1,1,2,0,0,0,0,0,0,1,2,0,0,0,0,0,0,0,0,0,2,0,0,0,0,0,0,0,0,0,0,0,1,0,0,0,0,0,0,0,0,0,0,0,0,0,0,0,0,0,0,0,0,0,0,0,0,0,0,0,0,0,0,0,0,0,0,0,0,0,0,0
4,0,0,6,0,5,2,5,6,8,2,10,4,3,6,7,4,13,7,10,4,21,5,11,15,28,14,15,24,15,24,17,34,22,29,24,32,44,37,30,25,31,42,30,44,23,34,31,39,43,33,43,44,44,37,28,30,34,33,32,35,29,31,42,24,32,36,24,25,20,25,20,18,22,16,21,10,14,11,11,10,16,5,10,8,9,9,3,8,8,6,1,10,2,5,1,10,2,9,5,3,3,5,1,3,2,4,6,4,5,1,2,2,0,4,2,1,0,0,0,0,0,0,0,1,1,1,0,0,0,0,2,0,0,1,0,0,1,1,0,0,0,0,0,0,0,0,0,0,0,0,0,0,0,0,0,0,0,0,0,0,1,0,0,0,0,0,0,0,0,0,0,0,0,0,0,0,0,0,0,0,0,0,0,0,0,0,0,0,0,0,0,0,0,0,0,0,0,0,0
3,0,0,2,0,5,0,4,4,5,3,5,3,3,6,3,6,7,8,17,10,21,4,7,12,19,18,17,21,30,25,24,33,29,24,20,23,34,34,37,37,39,34,40,32,35,29,30,35,45,28,34,37,34,37,26,31,25,31,21,27,24,21,37,20,24,21,22,15,12,22,16,15,28,14,14,9,13,16,18,9,6,12,14,8,9,6,7,5,11,11,11,7,5,9,2,5,3,2,8,1,3,3,3,2,4,4,2,2,1,0,4,1,4,2,3,0,2,1,0,0,2,1,1,0,0,0,2,1,1,0,0,0,0,0,1,0,0,0,0,0,0,0,0,0,0,0,0,0,0,1,0,0,0,0,0,0,0,0,0,0,0,0,0,0,0,0,0,0,0,0,0,0,0,0,0,0,0,0,0,0,0,0,0,0,0,0,0,0,0,0,0,0,0,0,0,0,0,0,0
0,1,1,4,3,2,1,6,8,7,2,9,5,1,3,5,5,6,8,11,5,12,11,17,10,17,22,16,25,26,23,21,36,27,28,26,24,38,39,21,24,48,25,42,38,28,33,38,29,42,37,38,27,32,23,28,46,38,37,21,26,28,24,20,20,26,23,28,18,20,20,20,15,18,18,12,9,14,17,11,15,10,15,14,10,10,12,15,14,10,10,5,3,6,5,2,5,3,8,4,2,5,5,2,0,3,2,0,3,3,2,2,0,2,1,1,2,2,1,0,2,1,0,1,1,0,0,0,1,1,0,0,0,0,0,1,0,0,1,0,0,1,0,0,0,0,0,0,0,0,0,0,0,0,0,1,0,0,0,0,0,0,0,0,0,0,0,0,0,0,0,0,0,0,0,0,0,0,0,0,0,0,0,0,0,0,0,0,0,0,0,0,0,0,0,0,0,0,0,0
1,0,2,1,3,3,2,1,2,3,0,3,1,3,3,10,4,10,5,6,10,12,9,17,12,18,17,15,21,26,15,19,30,16,26,21,28,26,26,23,22,33,19,33,40,27,23,32,25,38,35,36,35,31,30,34,31,29,30,24,23,40,34,19,21,15,14,19,24,19,18,12,18,16,9,10,15,10,18,12,7,10,13,8,4,8,7,10,5,4,3,8,7,2,12,11,6,2,7,3,4,3,1,2,3,3,2,1,1,2,3,2,3,0,0,1,2,0,1,0,2,0,2,1,1,1,0,1,0,0,1,1,0,0,0,1,1,0,0,0,0,1,0,0,0,0,0,0,0,0,0,0,0,0,0,0,0,0,0,0,0,0,0,0,0,1,0,0,0,0,0,0,0,0,0,0,0,0,0,0,0,0,0,0,0,0,0,0,0,0,0,0,0,0,0,0,0,0,0,0
3,2,2,2,1,10,4,3,2,6,0,8,2,3,7,4,4,9,8,12,8,14,12,12,13,13,16,16,21,24,24,21,27,25,28,29,25,31,31,36,30,44,31,28,35,25,33,32,31,35,40,36,37,33,33,22,30,24,31,25,27,20,26,26,22,13,24,13,20,15,21,19,13,22,5,14,14,19,17,11,6,7,14,7,8,3,10,7,8,6,5,4,4,3,3,3,5,7,4,6,5,3,2,5,4,4,2,1,2,3,1,3,3,4,3,1,1,4,2,1,2,1,0,0,0,1,0,0,2,0,0,0,0,1,0,0,0,1,0,2,0,0,0,0,0,0,0,0,0,0,0,1,0,0,1,0,0,0,0,0,0,0,0,0,0,0,0,0,0,0,0,0,0,0,0,0,0,0,0,0,0,0,0,0,0,0,0,0,0,0,0,0,0,0,0,0,0,0,0,0
1,1,0,5,0,1,1,2,5,5,0,6,1,2,2,2,5,3,7,12,17,18,9,16,7,14,20,18,15,24,21,22,29,21,25,24,21,33,34,26,34,34,26,39,36,24,15,35,34,31,28,33,31,26,37,34,27,36,31,20,27,22,23,27,20,22,22,14,19,17,22,8,15,17,17,10,15,15,13,9,9,6,15,13,8,6,8,9,8,8,8,9,6,4,7,4,6,5,5,3,4,0,3,1,3,2,2,1,2,3,2,2,4,1,1,0,2,1,1,1,3,0,0,1,0,1,0,0,0,2,0,0,0,1,0,0,0,0,0,0,1,0,0,0,0,0,0,0,0,0,0,0,0,0,0,0,0,0,0,0,0,0,0,0,0,0,0,0,0,0,0,1,0,0,0,0,0,0,0,0,0,0,0,0,0,0,0,0,0,0,0,0,0,0,0,0,0,0,0,0
3,1,1,1,0,4,1,3,1,3,4,2,3,6,1,1,1,8,7,10,6,8,8,25,12,12,17,19,13,27,15,26,30,12,22,33,32,32,22,33,29,30,29,34,36,26,36,22,33,34,36,32,32,31,32,35,31,33,22,29,33,24,22,15,21,13,30,18,21,22,15,20,12,14,14,15,11,17,11,17,8,8,9,15,7,9,5,6,8,8,7,6,5,2,9,3,5,7,4,4,3,4,2,3,2,2,2,1,0,2,1,4,4,2,1,2,5,0,1,1,2,1,1,1,1,2,0,0,0,2,0,0,0,1,0,0,1,0,0,0,0,1,0,0,0,0,1,0,0,0,0,0,0,0,0,0,1,0,0,0,0,0,0,0,0,0,0,0,0,0,0,0,0,0,0,0,0,0,0,0,0,0,0,0,0,0,0,0,0,0,0,0,0,0,0,0,0,0,0,0
3,2,1,1,2,6,0,2,2,1,2,8,3,1,4,7,5,6,3,10,9,12,3,9,12,14,15,15,23,9,24,21,26,21,21,20,19,32,30,27,40,43,29,25,31,24,25,37,18,28,30,38,17,26,28,31,27,35,38,22,24,26,26,16,21,23,17,20,18,9,22,11,10,7,22,11,13,8,12,12,11,2,12,13,4,7,8,7,9,8,2,4,5,4,1,6,3,4,5,4,1,6,3,3,0,2,3,2,1,1,0,4,1,0,2,1,0,0,2,0,1,1,1,0,0,0,1,0,1,1,0,0,1,1,1,0,0,0,0,0,0,0,0,0,0,0,0,0,0,0,1,0,0,0,0,0,0,0,0,0,0,0,0,0,1,0,0,0,0,0,0,0,0,0,0,0,0,0,0,0,0,0,0,0,0,0,0,0,0,0,0,0,0,0,0,0,0,0,0,0
3,0,1,0,0,5,0,5,5,7,2,11,4,1,4,6,6,9,12,9,6,17,8,7,11,5,17,16,21,23,12,16,27,15,21,29,20,14,30,25,23,31,29,24,22,25,24,34,30,28,29,27,22,30,32,24,31,17,28,24,16,18,20,26,18,17,19,16,12,18,22,18,20,19,9,16,17,13,14,14,7,14,11,5,7,7,6,9,5,6,5,2,6,5,1,5,2,3,6,4,6,3,2,2,0,2,2,0,3,1,2,1,1,0,2,1,1,2,0,0,1,0,2,1,1,2,0,0,0,1,0,0,0,0,0,0,0,0,0,0,0,0,0,1,0,0,0,0,0,0,0,0,0,0,0,0,0,0,0,0,0,0,0,0,0,0,0,0,0,0,0,0,0,0,0,0,0,0,0,0,0,0,0,0,0,0,0,0,0,0,0,0,0,0,0,0,0,0,0,0
2,1,3,0,2,4,2,4,3,1,2,8,2,0,4,3,2,10,13,12,14,17,10,10,15,9,11,16,13,31,18,16,17,16,32,24,23,22,29,19,22,33,27,23,34,14,32,23,30,30,28,24,33,27,34,24,24,14,29,32,22,16,20,13,19,21,16,11,11,18,12,19,20,11,16,17,9,9,12,10,9,9,6,8,4,7,6,6,4,8,3,4,3,6,8,2,4,4,2,4,6,2,2,3,3,3,3,4,2,2,0,0,2,3,2,3,2,3,2,1,0,0,2,0,2,0,0,0,0,0,1,2,1,0,0,0,2,0,0,0,0,0,0,0,1,0,0,0,0,0,0,0,0,0,0,0,0,0,0,0,0,1,0,0,0,0,0,0,0,0,0,0,0,0,0,0,0,0,0,0,0,0,0,0,0,0,0,0,0,0,0,0,0,0,0,0,0,0,0,0
0,1,1,2,0,3,3,2,3,11,1,5,3,1,6,4,3,5,8,4,8,13,6,12,11,12,15,13,9,15,22,22,24,16,32,28,22,27,24,23,37,23,29,34,27,27,17,18,25,22,41,25,26,22,29,24,28,21,17,21,28,28,20,20,15,20,17,12,14,18,14,17,7,7,12,10,14,11,6,12,6,4,6,10,9,4,4,8,3,6,6,3,1,2,5,0,4,4,2,5,4,4,2,0,3,0,5,1,2,1,1,0,1,1,1,0,1,0,1,2,1,2,0,2,1,0,2,1,0,1,0,0,0,1,0,0,1,0,1,0,0,0,0,0,0,0,0,0,0,0,0,0,0,0,0,0,0,0,1,0,0,0,0,0,0,0,0,0,0,0,0,0,1,0,0,0,0,0,0,0,0,0,0,0,0,0,0,0,0,0,0,0,0,0,0,0,0,0,0,0
2,1,0,1,0,6,2,4,4,3,2,3,2,2,4,6,3,11,4,8,8,11,3,12,6,17,11,24,13,14,19,19,19,13,15,26,21,18,23,22,20,32,24,25,29,30,23,23,22,25,24,28,23,24,17,36,33,18,17,25,18,22,20,13,19,15,16,17,14,13,19,15,20,10,9,8,6,7,9,11,10,7,6,5,3,6,6,4,7,5,8,4,7,9,11,6,1,4,5,1,4,2,2,2,0,4,4,2,4,1,1,1,2,1,1,0,3,1,1,0,0,0,1,5,0,0,1,0,0,0,0,1,1,0,0,0,0,0,0,0,0,0,0,0,0,0,1,0,0,0,0,0,0,0,0,0,0,0,0,0,0,0,0,0,0,0,0,0,0,0,0,0,0,0,0,0,0,0,0,0,0,0,0,0,0,0,0,0,0,0,0,0,0,0,0,0,0,0,0,0
5,2,1,4,1,2,0,4,3,3,1,6,4,3,4,7,5,7,5,6,5,9,5,10,17,10,13,12,17,20,19,13,28,15,13,12,18,21,32,34,22,25,19,27,31,23,30,30,23,25,25,36,22,28,22,27,26,14,29,19,25,19,18,16,25,29,11,18,15,10,19,7,12,12,14,11,15,6,7,12,6,10,8,8,9,6,6,8,4,4,4,3,4,5,5,2,3,1,5,4,1,2,5,3,6,0,2,2,4,1,2,2,2,0,4,0,3,0,1,2,0,1,3,0,0,1,0,0,2,0,0,1,1,0,1,0,0,0,0,0,0,0,0,0,0,0,0,0,0,0,0,0,0,0,0,0,1,0,0,0,0,0,0,0,0,0,0,0,0,0,0,0,0,0,0,0,0,0,0,0,0,0,0,0,0,0,0,0,0,0,0,0,0,0,0,0,0,0,0,0
2,0,0,4,1,1,3,1,2,2,1,0,1,1,2,5,4,6,4,7,8,14,7,10,10,13,16,17,15,8,14,14,19,8,22,19,16,23,20,24,20,31,28,17,27,11,14,34,20,25,27,29,25,25,31,20,14,20,31,18,25,18,21,22,19,15,12,23,16,11,11,11,14,15,12,9,11,8,11,11,13,12,10,4,10,5,8,7,4,5,4,3,2,4,6,5,3,2,2,0,2,1,1,2,4,3,2,2,0,2,0,1,3,2,5,3,4,0,2,0,0,2,1,0,1,1,0,0,0,0,0,0,0,1,0,0,1,0,0,0,0,1,0,1,0,0,0,0,0,0,0,0,0,0,1,0,0,0,0,0,0,0,0,0,0,0,0,0,0,0,0,0,0,0,0,0,0,0,0,0,0,0,0,0,0,0,0,0,0,0,0,0,0,0,0,0,0,0,0,0
1,0,0,2,0,0,1,3,2,1,3,2,2,2,1,8,2,4,5,7,7,9,3,13,6,8,10,8,12,20,11,10,18,17,23,23,11,27,30,25,18,26,30,30,26,25,23,24,24,27,31,29,29,21,22,20,24,18,33,20,23,13,21,15,25,22,15,18,17,14,10,8,6,10,14,10,10,7,14,9,4,3,4,9,10,6,3,7,5,12,7,1,4,11,1,1,4,4,5,4,4,2,1,0,3,3,2,0,1,0,4,4,0,1,1,2,2,0,0,1,0,0,1,0,0,1,0,1,0,0,0,0,1,0,0,1,0,0,1,0,0,0,0,0,0,1,0,0,0,0,0,0,0,0,0,1,0,0,0,0,0,0,0,0,0,0,0,0,0,0,0,0,0,0,0,0,0,0,0,0,0,0,0,0,0,0,0,0,0,0,0,0,0,0,0,0,0,0,0,0
2,1,1,1,2,2,0,2,3,5,2,4,5,4,4,5,4,5,8,5,9,10,8,12,4,11,13,12,13,17,14,22,12,10,18,21,17,25,23,27,24,22,25,25,23,17,27,22,25,22,22,23,28,22,13,35,21,23,15,24,22,24,12,30,19,12,24,18,18,15,6,16,12,9,12,5,7,9,8,4,6,4,11,5,7,10,8,12,5,6,5,3,2,3,2,3,3,2,4,1,5,4,2,1,5,1,0,4,2,2,0,2,0,1,0,1,0,1,3,0,0,0,0,1,1,1,0,0,0,2,1,0,0,0,0,0,0,0,0,0,0,0,0,0,0,0,0,0,0,0,0,0,0,0,0,0,0,0,0,0,0,0,0,0,0,0,0,0,0,0,0,0,0,0,0,0,0,0,0,0,0,0,0,0,0,0,0,0,0,0,0,0,0,0,0,0,0,0,0,0
1,1,0,1,2,3,4,3,3,2,0,5,4,5,3,4,1,9,3,10,8,6,7,10,7,17,13,9,13,20,20,6,16,16,22,16,15,19,28,26,25,25,22,19,30,17,16,29,23,29,24,12,20,19,24,17,22,19,26,15,26,18,22,17,15,12,16,15,8,9,10,13,16,8,9,12,12,12,12,11,7,11,3,9,5,4,5,8,5,4,4,4,2,4,6,7,3,1,4,3,3,2,3,1,0,0,0,1,1,1,1,0,1,0,0,0,1,0,1,0,0,0,0,0,0,1,0,0,0,0,0,0,0,2,0,0,0,0,0,1,0,0,0,0,0,0,0,0,0,0,0,0,0,0,0,1,0,0,0,0,0,0,0,0,0,0,0,0,0,0,0,0,0,0,0,0,0,0,0,0,0,0,0,0,0,0,0,0,0,0,0,0,0,0,0,0,0,0,0,0
1,1,1,0,0,2,0,5,1,2,4,6,2,1,3,6,5,8,5,4,4,13,12,17,6,17,11,8,17,12,15,16,27,16,18,18,15,19,14,22,18,28,26,23,14,26,17,21,18,20,19,13,26,24,23,16,23,21,22,19,19,12,19,17,19,20,11,9,13,9,11,9,6,14,7,7,6,8,12,7,8,7,6,8,3,8,3,4,4,5,3,3,1,4,4,4,4,2,2,5,2,3,3,3,1,2,3,1,2,3,0,3,1,0,0,1,1,2,1,0,0,0,0,0,0,1,1,0,0,0,0,1,0,0,0,1,0,0,0,0,0,0,0,0,0,0,0,0,0,0,0,0,0,0,0,0,0,0,0,0,0,0,0,0,0,0,0,0,0,0,0,0,0,0,0,0,0,0,0,0,0,0,0,0,0,0,0,0,0,0,0,0,0,0,0,0,0,0,0,0
3,0,0,1,1,2,1,1,2,1,2,3,3,2,3,3,2,9,5,4,7,8,6,17,5,11,18,12,8,15,18,15,18,17,17,17,15,23,22,25,18,21,25,23,18,22,22,20,14,30,19,17,24,23,23,20,30,21,21,20,31,13,12,13,19,13,19,13,12,13,10,7,15,11,8,8,11,8,11,8,7,6,5,1,7,4,5,4,5,5,3,3,2,2,5,4,3,1,1,3,4,3,2,0,1,2,5,4,0,3,1,2,4,2,1,1,2,0,1,0,0,0,0,0,1,0,0,0,0,0,0,0,0,0,0,0,0,0,1,0,0,0,0,0,0,0,0,2,0,0,0,0,1,0,0,0,0,0,0,0,0,0,0,0,0,0,0,0,0,0,0,0,0,0,0,0,0,0,0,0,0,0,0,0,0,0,0,0,0,0,0,0,0,0,0,0,0,0,0,0
0,3,1,1,2,7,0,4,4,3,1,2,2,0,1,7,5,7,3,7,4,9,10,19,11,3,11,11,15,11,14,14,13,16,12,16,15,20,20,20,18,24,20,22,18,24,14,19,23,20,26,23,22,18,21,23,17,20,19,16,15,10,13,15,13,14,20,11,10,8,13,11,10,15,9,5,10,16,11,9,9,5,10,4,9,9,5,3,4,2,3,2,3,4,1,7,2,4,4,1,3,3,2,5,1,4,7,1,3,2,1,0,1,2,1,2,0,1,0,1,1,0,2,2,0,0,0,0,1,0,0,0,0,0,0,0,0,0,0,0,0,1,0,0,0,0,0,0,0,0,0,0,0,0,0,0,0,0,0,0,0,0,0,0,0,0,0,0,0,0,0,0,0,0,0,0,0,0,0,0,0,0,0,0,0,0,0,0,0,0,0,0,0,0,0,0,0,0,0,0
4,1,0,3,0,2,3,1,1,3,1,1,3,3,3,3,4,5,6,6,9,7,4,8,6,14,13,11,5,11,14,13,15,17,16,13,20,30,23,15,18,23,23,27,30,25,20,12,25,17,30,29,30,21,24,12,7,24,21,10,18,19,24,19,13,15,16,13,11,11,16,6,8,15,10,10,6,9,4,8,8,10,5,7,7,2,4,5,8,3,4,6,9,4,2,3,2,4,2,4,1,4,4,0,1,2,3,1,2,1,0,0,0,0,0,0,2,2,0,2,0,1,0,0,0,0,1,0,1,0,1,0,0,1,0,0,0,0,0,1,0,0,0,0,0,0,0,0,0,0,0,0,0,0,0,0,0,0,0,0,0,0,0,0,0,0,0,0,0,0,0,0,0,0,0,0,0,0,0,0,0,0,0,0,0,0,0,0,0,0,0,0,0,0,0,0,0,0,0,0
0,0,0,2,0,1,2,6,1,3,3,2,2,2,1,6,2,5,3,7,6,5,2,9,5,5,8,7,7,14,7,12,14,13,15,14,14,22,26,10,18,26,16,18,33,16,26,24,12,24,19,13,26,24,22,21,12,13,15,15,20,14,16,14,10,15,13,12,19,9,8,11,12,8,14,7,5,5,12,7,9,4,6,8,8,5,8,7,4,3,2,3,2,2,2,0,1,4,1,1,5,0,2,3,1,2,2,2,4,1,0,2,3,1,2,1,0,0,1,0,0,0,1,0,0,1,0,0,1,0,0,0,0,0,0,0,0,0,0,0,0,0,0,0,0,0,0,0,0,0,0,0,0,0,0,0,0,0,0,0,0,0,0,0,0,0,0,0,0,0,0,0,0,0,0,0,0,0,0,0,0,0,0,0,0,0,0,0,0,0,0,0,0,0,0,0,0,0,0,0
1,0,1,1,0,2,2,3,3,3,2,6,2,3,8,6,7,4,6,4,4,8,6,10,6,10,3,9,12,14,11,6,14,14,12,15,17,15,12,19,15,20,21,19,17,19,16,15,16,25,30,19,30,22,6,17,17,21,10,11,18,13,7,19,18,21,14,10,11,9,12,10,6,12,4,7,8,6,10,6,7,6,5,2,6,6,4,4,5,1,6,1,2,2,1,3,2,1,0,1,1,1,0,3,1,1,2,2,0,0,0,2,2,3,2,0,0,0,1,1,0,0,1,1,1,0,1,1,0,0,0,0,1,0,1,1,0,0,0,1,0,0,0,1,0,0,0,1,0,0,0,0,0,0,0,0,0,0,0,0,0,0,0,0,0,0,0,0,0,0,0,0,0,0,0,0,0,0,0,0,0,0,0,0,0,0,0,0,0,0,0,0,0,0,0,0,0,0,0,0
4,1,2,2,1,4,1,2,2,4,2,2,2,0,3,3,4,6,10,5,5,9,5,5,7,7,12,14,3,22,16,8,16,22,17,17,10,15,19,15,24,16,22,17,22,19,19,17,23,16,17,12,19,23,23,22,21,21,24,17,12,12,6,20,8,13,19,9,11,9,11,17,4,5,13,11,10,5,11,4,4,8,6,6,5,3,2,4,3,5,1,5,2,3,1,0,2,2,0,3,3,2,1,3,1,0,0,0,1,0,1,0,1,1,0,0,1,0,1,1,0,1,1,0,0,0,1,0,0,1,0,1,0,0,0,0,0,0,0,0,0,0,0,0,0,0,0,1,0,0,0,1,0,0,0,0,0,0,0,0,1,0,0,0,0,0,0,0,0,0,0,0,0,0,0,0,0,0,0,0,0,0,0,0,0,0,0,0,0,0,0,0,0,0,0,0,0,0,0,0
1,0,2,0,0,4,0,3,6,3,0,3,0,3,2,2,3,5,6,6,2,7,7,7,10,7,11,9,12,15,11,17,18,17,12,19,14,19,23,17,14,19,21,19,20,19,12,23,24,18,15,20,20,24,20,15,19,13,21,15,14,13,13,12,16,14,15,10,7,7,9,7,8,12,5,8,5,7,12,5,2,6,11,8,4,7,3,5,5,5,5,4,0,1,2,1,1,2,2,2,0,1,1,4,0,2,0,0,2,1,0,0,0,1,1,0,0,0,0,0,1,1,0,0,1,0,0,0,0,0,0,1,1,0,0,0,1,1,0,1,0,0,0,0,0,0,0,0,0,0,0,0,0,0,1,0,0,0,0,0,0,0,0,0,0,0,0,0,0,0,0,0,0,0,0,0,0,0,0,0,0,0,0,0,0,0,0,0,0,0,0,0,0,0,0,0,0,0,0,0
1,1,1,1,0,4,1,3,3,5,3,1,2,0,0,4,1,5,6,2,4,6,9,6,11,10,6,12,11,12,14,9,20,18,15,16,23,21,13,14,15,19,26,23,15,21,17,27,19,20,19,13,15,19,16,21,15,14,14,19,16,14,16,13,11,16,8,6,8,11,15,5,10,10,10,6,8,9,4,5,7,9,5,6,7,5,2,6,6,4,4,3,1,5,1,6,6,2,4,1,2,3,3,4,3,5,3,0,1,0,3,0,2,0,1,1,2,3,1,0,0,1,0,2,0,0,0,0,0,0,0,0,0,0,1,0,1,0,0,0,0,2,0,0,0,0,0,0,0,0,0,0,0,0,0,0,0,0,0,0,0,0,0,0,0,0,0,0,0,0,0,0,0,0,0,0,0,0,0,0,0,0,0,0,0,0,0,0,0,0,0,0,0,0,0,0,0,0,0,0
1,0,1,2,0,0,0,0,2,8,2,2,3,3,5,3,4,4,3,3,5,5,7,8,9,6,11,3,12,15,14,8,13,11,12,19,13,19,15,21,16,17,15,24,18,17,13,19,17,24,24,15,19,15,24,20,8,25,18,15,15,13,15,10,12,5,11,7,7,15,7,8,5,8,11,5,10,6,3,5,6,8,1,2,5,3,5,4,6,1,2,1,2,0,2,1,1,3,3,2,4,2,3,3,2,1,2,0,1,2,1,1,0,2,0,0,1,0,0,0,0,1,0,0,0,0,0,0,0,0,0,0,1,0,0,0,0,0,0,0,0,0,0,0,0,0,0,0,0,0,0,0,0,0,0,0,0,0,0,0,0,0,0,0,0,0,0,0,0,0,0,0,0,0,0,0,0,0,0,0,0,0,0,0,0,0,0,0,0,0,0,0,0,0,0,0,0,0,0,0
0,1,0,1,1,0,1,4,1,1,2,3,4,1,6,4,2,6,7,3,6,6,1,9,3,8,10,9,6,8,12,14,12,13,9,12,11,14,12,22,15,21,14,12,16,10,17,9,19,22,24,28,16,6,25,14,15,17,18,11,12,14,12,13,12,16,7,19,8,7,18,11,8,10,9,5,5,7,4,5,5,4,2,4,4,0,5,5,6,5,1,4,2,2,3,0,6,2,2,2,1,0,2,3,0,0,1,0,0,0,2,0,1,0,1,0,1,1,0,1,0,1,0,0,0,0,0,1,2,0,1,1,0,1,0,0,0,0,0,0,0,0,0,0,0,0,0,0,0,0,0,0,0,0,0,0,0,0,0,0,0,0,0,0,0,0,0,0,0,0,0,0,0,0,0,0,0,0,0,0,0,0,0,0,0,0,0,0,0,0,0,0,0,0,0,0,0,0,0,0
0,0,1,1,1,1,1,4,1,3,3,2,2,0,4,3,4,5,6,6,5,3,5,7,6,14,2,8,6,9,9,12,8,12,17,21,15,18,25,17,10,10,17,13,17,24,22,21,28,21,14,16,21,17,14,14,16,13,13,14,11,13,7,13,9,7,7,10,9,7,10,11,9,8,4,10,4,9,4,3,4,5,5,3,2,5,4,1,1,5,1,2,2,2,4,0,2,2,5,1,0,1,0,0,2,2,0,0,0,0,1,1,1,1,1,0,3,1,1,0,2,0,1,1,1,1,1,0,0,0,1,1,0,1,0,0,1,0,0,1,0,0,0,0,0,0,1,0,0,0,0,0,0,0,0,0,0,0,0,0,0,0,0,0,0,0,0,0,0,0,0,0,0,0,0,0,0,0,0,0,0,0,0,0,0,0,0,0,0,0,0,0,0,0,0,0,0,0,0,0
2,0,0,2,0,1,2,2,5,5,0,6,0,2,2,2,2,1,5,5,6,5,6,11,4,6,10,5,10,9,12,9,11,18,13,15,10,20,19,14,16,23,19,19,22,7,15,14,16,14,18,20,18,20,16,26,11,7,17,14,14,9,7,8,10,9,8,15,7,7,7,13,10,5,8,5,9,5,8,7,3,5,6,2,6,4,2,6,4,2,4,2,2,2,2,3,0,3,2,2,5,1,2,3,3,3,3,3,5,0,0,1,1,0,1,1,0,0,3,0,0,1,1,1,1,0,0,0,0,0,0,0,1,0,0,0,1,0,0,0,0,0,0,0,0,0,0,0,0,0,0,0,0,0,0,0,0,0,0,0,0,0,0,0,0,0,0,0,0,0,0,0,0,0,0,0,0,0,0,0,0,0,0,0,0,0,0,0,0,0,0,0,0,0,0,0,0,0,0,0
4,0,2,0,0,1,0,1,1,4,3,2,0,2,5,4,3,4,7,2,2,9,9,5,6,12,8,9,11,11,10,9,13,12,12,18,8,12,17,15,12,17,10,18,17,12,21,14,15,16,13,17,14,18,15,14,17,10,16,16,17,11,9,9,10,14,11,7,11,11,11,7,6,4,10,3,5,6,11,7,10,5,5,5,6,4,6,7,1,3,1,2,3,7,1,1,1,0,1,0,1,2,1,2,1,4,0,0,0,1,2,2,2,0,0,0,2,1,1,1,0,1,1,0,0,0,0,1,0,0,0,0,0,0,0,0,1,0,0,0,0,0,0,0,0,0,0,0,0,0,0,0,0,0,1,0,0,0,0,0,0,0,0,0,0,0,0,0,0,0,0,0,0,0,0,0,0,0,0,0,0,0,0,0,0,0,0,0,0,0,0,0,0,0,0,0,0,0,0,0
0,0,0,2,1,3,0,2,2,2,1,4,0,1,4,3,2,9,2,6,4,12,8,7,7,4,10,7,6,12,10,14,11,5,17,11,13,20,9,12,14,19,13,15,12,11,15,20,12,13,14,22,18,19,14,12,24,20,13,12,20,14,13,14,8,12,8,10,4,9,14,9,10,11,5,5,6,4,9,2,2,9,6,10,3,5,1,3,3,3,3,3,1,0,4,5,2,2,3,2,3,1,0,1,2,0,2,0,1,1,3,0,1,1,0,1,1,0,0,0,0,1,2,0,0,0,0,0,0,0,0,0,0,0,0,0,0,0,0,0,0,0,0,0,0,0,0,0,1,0,0,0,0,0,0,0,0,0,0,0,0,0,0,0,0,0,0,0,0,0,0,0,0,0,0,0,0,0,0,0,0,0,0,0,0,0,0,0,0,0,0,0,0,0,0,0,0,0,0,0
1,1,1,0,0,0,1,5,3,4,0,0,1,0,1,2,3,3,4,3,4,4,3,3,7,8,10,10,8,12,11,10,14,13,9,12,12,20,12,10,16,21,17,15,21,13,13,15,13,10,19,14,20,13,16,20,12,16,13,4,10,14,15,10,16,16,7,9,4,9,6,9,8,8,6,7,7,2,6,5,1,5,3,6,2,1,4,1,2,4,2,2,1,1,3,4,2,5,4,1,2,1,3,0,1,1,2,1,1,0,1,0,0,0,1,0,0,0,0,0,1,1,0,0,0,0,0,0,0,1,0,0,0,0,0,0,0,0,0,0,0,0,0,0,0,0,0,0,0,0,0,0,0,0,0,0,0,0,0,0,0,0,0,0,0,0,0,0,0,0,0,0,0,0,0,0,0,0,0,0,0,0,0,0,0,0,0,0,0,0,0,0,0,0,0,0,0,0,0,0
1,0,1,3,0,4,1,4,2,1,3,3,1,3,1,4,2,8,4,7,5,12,0,3,9,9,8,5,5,14,10,14,15,7,14,16,15,20,13,11,4,9,14,16,11,14,14,9,12,16,16,14,21,16,15,13,15,4,13,8,10,14,8,9,9,13,11,7,10,3,9,9,8,12,4,7,6,7,3,6,8,3,5,4,6,4,2,4,2,3,3,1,3,4,1,2,2,1,1,2,0,2,1,1,0,1,1,0,1,0,0,1,0,2,0,1,0,0,0,2,0,1,1,1,0,0,3,1,1,0,0,0,0,0,0,0,0,0,0,1,1,0,0,0,0,0,1,0,0,0,0,0,0,0,0,0,0,0,0,0,0,0,0,0,0,0,0,0,0,0,0,0,0,0,0,0,0,0,0,0,0,0,0,0,0,0,0,0,0,0,0,0,0,0,0,0,0,0,0,0
0,0,2,1,0,4,0,4,1,5,2,4,0,0,3,2,2,9,5,4,5,10,8,5,6,6,14,14,9,10,12,10,14,10,13,12,12,9,21,10,13,13,13,16,18,15,15,13,16,12,17,15,16,11,22,10,18,10,6,9,11,15,9,13,10,10,14,9,6,3,7,7,9,8,4,8,4,3,8,5,3,6,3,7,8,3,5,2,2,0,0,2,0,1,3,1,2,0,4,2,3,2,0,1,1,1,1,2,2,0,0,0,0,1,0,0,1,0,0,0,0,0,1,0,0,0,0,1,2,1,1,0,0,0,0,0,0,0,0,1,0,0,0,0,0,0,0,0,0,0,0,0,0,0,0,0,0,0,0,0,0,0,0,0,0,0,0,0,0,0,0,0,0,0,0,0,0,0,0,0,0,1,0,0,0,0,0,0,0,0,0,0,0,0,0,0,0,0,0,0
1,1,0,2,1,3,0,2,0,2,1,2,2,1,0,2,1,8,4,4,3,3,0,6,8,3,12,9,8,6,7,12,12,7,15,14,11,10,22,12,10,13,14,18,9,17,13,11,12,12,20,10,17,13,19,12,8,20,12,10,9,10,4,15,9,8,13,12,11,11,5,10,7,7,4,6,6,4,9,5,5,4,2,3,1,6,2,3,3,3,8,7,0,5,2,0,4,0,2,3,1,1,3,0,2,0,2,2,0,1,1,0,1,0,2,0,0,1,0,0,0,0,0,0,0,1,0,2,0,0,0,0,0,0,0,0,0,0,0,0,0,0,0,0,0,0,0,1,0,0,0,0,0,0,0,0,0,0,0,0,0,0,0,0,0,0,0,0,0,0,0,0,0,0,0,0,0,0,0,0,0,0,0,0,0,0,0,0,0,0,0,0,0,0,0,0,0,0,0,0
1,1,0,0,0,4,0,1,0,3,1,2,1,1,3,4,2,4,2,3,10,5,5,7,3,8,10,9,8,7,7,6,13,11,13,12,8,16,16,7,18,13,24,18,11,14,14,15,12,16,9,10,12,10,12,8,11,13,10,11,7,8,13,9,10,9,15,4,11,7,8,5,7,9,7,10,9,3,5,3,5,5,3,1,3,4,5,4,1,1,1,0,1,2,1,4,1,4,5,3,2,2,1,1,0,1,0,0,1,2,1,0,1,2,1,0,0,0,0,0,1,0,0,0,0,0,0,0,0,0,0,0,0,0,0,0,0,1,0,0,0,0,0,1,0,0,0,0,0,1,0,0,0,0,0,0,0,0,0,0,0,0,0,0,0,0,0,0,0,0,0,0,0,0,0,0,0,0,0,0,0,0,0,0,0,0,0,0,0,0,0,0,0,0,0,0,0,0,0,0
1,1,0,0,1,1,2,3,3,5,0,6,5,1,4,2,3,7,3,4,5,5,3,4,4,6,7,6,7,11,9,6,14,8,9,11,11,15,14,13,8,13,20,15,10,9,16,14,12,13,12,16,12,14,15,10,13,8,8,13,13,8,9,11,10,13,14,6,9,9,5,5,3,1,6,6,3,8,8,5,5,0,5,5,4,5,4,3,2,1,4,2,3,2,1,0,3,1,1,0,1,1,1,2,0,3,1,0,0,0,0,1,2,1,2,1,0,1,0,1,0,0,1,0,0,0,1,1,1,1,0,0,0,0,1,0,0,0,0,0,0,1,0,1,0,0,0,0,0,0,0,0,0,0,0,0,0,0,0,0,0,0,0,0,0,0,0,0,0,0,0,0,0,0,0,0,0,0,0,0,0,0,0,0,0,0,0,0,0,0,0,0,0,0,0,0,0,0,0,0
0,0,1,1,0,2,0,1,3,0,0,2,2,1,1,4,2,5,3,9,9,5,3,5,1,9,10,7,8,8,9,12,10,9,6,10,8,10,16,12,8,18,14,13,11,9,24,15,10,9,10,16,14,13,10,13,15,13,9,14,7,15,6,5,8,9,9,8,4,9,4,7,6,2,2,3,7,8,7,3,5,2,3,3,4,6,3,4,1,3,4,1,1,1,0,2,3,5,2,1,2,0,1,0,2,1,0,2,0,3,1,0,1,1,0,0,0,0,1,0,0,0,0,0,0,0,0,0,0,0,0,1,0,0,0,0,0,0,0,0,0,0,0,0,0,0,0,0,0,0,0,0,0,0,0,0,0,0,1,0,0,0,0,0,0,0,0,0,0,0,0,0,0,0,0,0,0,0,0,0,0,0,0,0,0,0,0,0,0,0,0,0,0,0,0,0,0,0,0,0
1,0,1,0,0,0,0,2,2,2,2,2,0,3,4,1,4,4,0,1,4,7,4,9,4,11,10,7,3,14,7,7,9,9,11,14,6,12,14,10,14,14,10,8,14,8,14,12,8,9,16,13,6,7,8,11,13,9,13,10,11,14,8,13,10,10,7,3,6,6,4,8,3,8,7,4,3,5,5,6,2,4,3,8,0,3,3,1,1,5,0,3,4,4,1,0,1,1,1,2,1,1,0,0,2,1,1,0,1,2,0,1,0,1,0,0,2,1,1,1,0,0,1,0,0,1,0,0,1,0,0,0,0,0,0,0,0,0,0,1,0,0,0,0,0,0,0,0,0,0,0,0,1,0,0,0,0,0,0,0,0,0,0,0,0,0,0,0,0,0,0,0,0,0,0,0,0,0,0,0,0,0,0,0,0,0,0,0,0,0,0,0,0,0,0,0,0,0,0,0
0,1,0,0,2,0,0,2,6,1,0,1,0,2,2,3,4,1,4,3,3,4,8,6,2,4,3,10,6,8,7,2,14,7,8,14,10,8,12,11,12,17,8,13,10,13,13,12,12,14,6,13,19,7,13,9,15,12,10,4,7,7,13,13,10,11,5,6,8,4,8,6,5,6,8,5,5,6,6,5,3,4,4,4,4,3,3,2,4,3,2,1,4,3,3,2,5,0,1,0,2,2,2,1,0,0,0,0,0,0,0,0,0,1,0,1,0,0,2,1,0,0,1,0,0,0,0,0,0,0,0,0,1,0,0,0,0,0,0,0,0,0,0,0,0,0,0,0,0,0,0,0,0,0,0,0,0,0,0,0,0,0,0,0,0,0,0,0,0,0,0,0,0,0,0,0,0,0,0,0,0,0,0,0,0,0,0,0,0,0,0,0,0,0,0,0,0,0,0,0
1,1,0,2,0,1,2,3,1,1,1,5,0,2,3,5,3,3,3,6,3,8,6,3,7,0,8,6,6,10,2,10,7,6,10,15,9,15,10,12,10,18,12,19,6,14,7,10,13,9,8,9,11,13,9,9,9,7,9,7,16,8,10,8,7,15,5,6,5,6,10,4,3,4,6,1,2,4,3,6,9,1,5,0,3,1,2,3,7,3,3,1,2,0,1,1,1,1,1,3,1,2,2,1,1,2,0,1,2,1,0,1,0,0,0,1,0,1,3,1,2,1,0,0,0,0,0,0,0,0,0,1,1,0,1,0,0,0,0,0,0,1,0,0,0,0,0,0,0,0,0,0,0,0,0,0,0,0,0,0,0,0,0,0,0,0,0,0,0,0,0,0,0,0,0,0,0,0,0,0,0,0,0,0,0,0,0,0,0,0,0,0,0,0,0,0,0,0,0,0
1,0,0,1,0,1,1,2,0,1,1,2,0,2,2,1,3,7,3,3,4,7,5,3,3,9,6,9,9,6,6,8,9,12,11,8,15,12,10,15,8,14,14,19,9,5,9,15,8,13,17,22,12,16,6,6,7,11,15,6,4,13,8,10,8,6,6,10,9,11,8,3,6,5,4,4,3,5,1,4,6,3,3,5,4,3,1,2,1,5,4,3,4,4,0,1,2,1,0,1,2,2,1,0,0,0,2,2,1,2,0,0,1,0,2,0,0,0,1,0,0,0,0,0,0,0,0,0,0,0,0,0,0,0,0,1,1,0,0,0,0,0,0,0,0,0,0,0,0,0,0,0,0,0,0,0,0,0,0,0,0,0,0,0,0,0,0,0,0,0,0,0,0,0,0,0,0,0,0,0,0,0,0,0,0,0,0,0,0,0,0,0,0,0,0,0,0,0,0,0
0,0,1,1,1,1,0,3,0,0,1,4,0,1,3,2,2,3,3,2,0,6,3,4,4,5,7,4,4,10,5,6,7,9,7,8,20,12,9,4,11,13,13,12,15,14,9,10,3,11,13,7,4,11,10,5,9,10,10,12,10,4,3,10,7,6,3,2,10,5,9,12,4,4,6,6,8,3,3,4,9,0,2,4,6,1,1,2,1,3,2,4,1,3,0,0,2,3,1,2,0,0,2,1,1,1,0,0,0,1,1,2,1,0,1,0,0,0,0,0,1,0,0,0,1,0,0,0,0,0,0,1,0,0,0,0,1,0,0,0,0,0,0,0,0,0,0,0,0,0,0,0,0,0,0,0,0,0,0,0,0,0,0,0,0,0,0,0,0,0,0,0,0,0,0,0,0,0,0,0,0,1,0,0,0,0,0,0,0,0,0,0,0,0,0,0,0,0,0,0
0,0,0,0,1,1,0,1,0,4,0,6,2,1,4,0,3,4,4,4,4,6,7,10,2,7,6,4,13,7,6,13,7,9,8,11,9,10,8,9,15,13,12,12,15,11,10,12,15,17,13,9,9,14,11,4,8,11,5,8,7,13,14,8,7,6,7,7,11,3,5,4,7,3,3,3,1,2,9,0,4,4,5,3,4,2,3,0,1,1,1,3,1,1,0,0,1,0,2,0,2,2,6,1,1,1,0,0,0,0,0,1,1,0,0,0,0,0,1,0,0,0,0,0,0,0,0,0,1,0,0,0,0,0,0,0,0,0,0,0,0,0,0,0,1,0,1,1,0,0,0,0,0,0,0,0,0,0,0,0,0,0,0,0,0,0,0,0,0,0,0,0,0,0,0,0,0,0,0,0,0,0,0,0,0,0,0,0,0,0,0,0,0,0,0,0,0,0,0,0
2,0,1,2,0,4,1,5,2,0,1,4,0,0,2,4,4,8,3,3,1,2,6,5,3,5,4,5,7,11,7,7,10,9,7,10,14,15,13,11,14,11,14,8,10,11,11,11,12,16,10,8,11,10,11,10,5,14,8,9,17,10,7,2,11,13,4,6,4,4,5,7,8,2,3,6,0,2,4,3,3,2,4,2,5,4,3,2,5,1,0,3,0,4,0,2,1,2,1,2,0,0,0,0,2,2,3,1,2,0,1,0,1,0,0,1,1,0,1,1,0,0,0,0,0,0,0,0,0,0,1,0,0,0,0,0,1,0,0,0,0,0,0,0,0,0,0,0,0,0,0,0,0,0,0,0,0,0,0,0,0,0,0,0,0,0,0,0,0,0,0,0,0,0,0,0,0,0,0,0,0,0,0,0,0,0,0,0,0,0,0,0,0,0,0,0,0,0,0,0
1,0,0,1,0,0,0,1,2,1,1,1,1,2,1,2,0,4,2,2,3,6,3,5,4,4,6,9,2,7,11,6,6,10,10,11,14,5,15,6,12,9,16,8,17,4,13,11,10,11,5,14,11,11,7,18,11,5,7,13,13,5,5,6,6,10,8,2,9,6,4,4,4,10,8,4,5,6,6,5,6,3,1,3,1,1,2,3,3,0,4,3,3,4,0,1,2,1,2,1,0,0,0,0,0,0,0,0,1,1,1,0,0,0,0,0,0,0,0,0,0,0,0,0,0,0,0,1,2,0,0,0,0,0,0,0,0,0,0,0,0,1,0,0,0,0,0,0,0,0,0,0,0,0,0,0,0,0,0,0,0,0,0,0,0,0,0,0,0,0,0,0,0,0,0,0,0,0,0,0,0,0,0,0,0,0,0,0,0,0,0,0,0,0,0,0,0,0,0,0
1,0,1,0,1,0,0,0,0,1,0,3,1,2,1,3,5,4,4,3,2,7,0,6,8,5,7,4,9,7,4,6,9,3,9,10,11,8,17,5,8,7,11,12,8,9,7,10,6,10,8,9,10,8,12,12,14,6,4,8,7,8,5,4,9,8,8,5,6,4,6,8,6,4,3,2,3,7,3,5,2,2,3,2,4,1,2,1,5,1,1,2,0,2,0,3,1,1,2,0,2,0,0,2,0,0,0,0,0,2,0,0,0,0,0,1,0,0,0,0,0,0,0,0,0,0,0,0,0,0,0,0,0,0,0,0,0,0,0,0,1,0,0,0,0,0,0,0,0,0,1,0,0,0,0,0,0,0,0,0,0,0,0,0,0,1,0,0,0,0,0,0,0,0,0,0,0,0,0,0,0,0,0,0,0,0,0,0,0,0,0,0,0,0,0,0,0,0,0,0
1,0,1,1,0,2,0,0,2,1,0,3,1,1,1,3,1,4,3,3,3,2,1,2,3,2,10,4,5,6,8,6,5,11,9,10,13,11,11,7,8,14,12,9,12,15,8,9,7,14,8,7,12,9,7,7,6,3,7,12,14,13,6,11,5,5,13,7,2,3,6,5,4,6,3,2,4,1,4,2,1,2,2,2,2,2,1,5,1,1,0,1,2,3,0,3,2,1,2,2,0,0,2,0,3,0,0,0,0,0,0,1,0,1,1,1,0,0,0,0,0,1,1,0,0,0,1,0,0,0,0,0,0,1,0,0,1,1,0,0,0,0,0,0,0,0,0,0,0,0,0,0,0,0,0,0,0,0,0,0,0,0,0,0,0,0,0,0,0,0,0,0,0,0,0,0,0,0,0,0,0,0,0,0,0,0,0,0,0,0,0,0,0,0,0,0,0,0,0,0
0,0,0,1,0,0,1,2,2,2,0,5,2,3,0,1,4,2,4,0,1,5,5,5,3,13,9,4,8,9,5,4,4,5,7,7,4,8,8,9,8,11,8,9,14,8,9,9,12,12,7,9,3,5,12,5,7,5,4,4,6,8,5,10,0,8,5,7,4,7,12,4,5,4,3,2,4,1,3,3,5,4,1,2,5,1,2,2,0,4,1,1,1,0,2,0,2,1,2,2,1,0,0,1,0,2,0,0,1,1,0,2,0,0,2,0,1,0,1,0,0,0,0,0,0,0,0,0,0,1,0,0,0,0,0,0,0,0,0,0,0,0,0,0,0,0,0,0,0,0,0,0,0,0,0,0,0,0,0,0,0,0,0,0,0,0,0,0,0,0,0,0,0,0,0,0,0,0,0,0,0,0,0,0,0,0,0,0,0,0,0,0,0,0,0,0,0,0,0,0
0,0,0,0,0,0,0,4,0,2,0,3,2,0,1,0,1,1,1,2,1,5,3,6,5,6,7,5,2,4,5,5,9,8,15,6,9,14,15,8,6,14,7,12,7,12,16,5,7,12,8,9,9,11,8,8,11,8,5,5,7,5,9,11,9,12,8,7,10,8,2,4,2,4,3,6,2,1,4,2,1,2,4,3,4,1,2,2,1,0,0,0,1,1,0,0,1,0,0,0,1,1,1,1,2,2,1,0,1,1,0,1,0,2,0,0,0,2,1,0,0,0,0,0,0,1,0,0,0,0,0,0,0,0,0,0,0,0,0,0,0,0,0,0,1,0,0,0,0,0,0,0,0,1,0,0,0,0,0,0,0,0,0,0,0,0,0,0,0,0,0,0,0,0,0,0,0,0,0,0,0,0,0,0,0,0,0,0,0,0,0,0,0,0,0,0,0,0,0,0
1,0,2,1,0,1,0,1,2,0,1,1,0,1,0,3,1,2,2,3,4,5,3,5,4,2,5,10,1,10,4,11,9,6,12,11,7,9,10,10,4,14,7,7,12,11,6,8,7,7,8,7,4,9,8,10,5,6,5,5,7,7,7,6,5,5,7,3,9,4,5,10,5,8,3,3,1,1,3,3,1,3,3,0,2,1,3,1,1,0,1,0,3,2,2,4,1,0,1,0,0,1,1,0,1,0,0,3,0,0,0,0,0,1,1,1,0,0,0,0,0,0,0,0,0,0,0,0,0,1,0,0,0,0,0,0,0,0,0,0,0,0,0,0,0,0,0,0,0,0,0,0,0,0,0,0,0,0,0,0,0,0,0,0,0,0,0,0,0,0,0,0,0,0,0,0,0,0,0,0,0,0,0,0,0,0,0,0,0,0,0,0,0,0,0,0,0,0,0,0
2,1,0,2,0,0,0,0,1,0,2,1,0,1,0,1,2,0,0,1,1,3,5,5,6,6,5,5,2,7,4,5,11,5,2,13,6,11,10,2,11,12,7,9,10,7,10,9,7,10,11,9,8,6,7,15,10,6,6,8,2,5,9,7,6,6,6,13,4,2,4,2,4,8,4,5,6,4,1,4,3,1,6,2,3,6,0,2,1,0,1,2,2,0,2,3,2,1,1,2,0,0,1,0,1,1,1,0,1,0,1,1,1,0,0,0,2,1,0,0,1,0,0,0,0,0,0,0,0,0,0,0,0,0,0,0,0,0,0,0,0,0,0,0,0,0,0,0,0,0,0,0,0,0,0,0,0,0,0,0,0,0,0,0,0,0,0,0,0,0,0,0,0,0,0,0,0,0,0,0,0,0,0,0,0,0,0,0,0,0,0,0,0,0,0,0,0,0,0,0
0,0,0,1,0,3,1,0,3,1,2,1,1,1,0,4,0,5,4,2,3,0,1,3,2,8,5,6,2,4,2,3,11,10,7,5,11,7,7,9,8,8,8,5,10,7,5,2,12,9,10,12,4,8,7,6,7,3,12,6,8,5,5,6,9,3,2,7,7,5,2,8,6,7,4,5,1,1,1,3,1,1,3,4,2,3,4,0,2,1,0,0,4,0,1,0,1,0,0,3,1,1,0,1,0,2,1,0,0,1,0,1,1,1,1,0,0,0,0,0,0,0,0,0,0,0,2,0,0,0,0,0,1,0,0,0,0,0,0,0,0,0,0,0,0,0,0,0,0,0,0,0,0,0,0,0,1,0,0,0,0,0,0,0,0,0,0,0,0,0,0,0,0,0,0,0,0,0,0,0,0,0,0,0,0,0,0,0,0,0,0,0,0,0,0,0,0,0,0,0
1,1,0,2,0,0,1,0,1,4,1,5,1,1,0,2,1,3,1,0,2,6,3,6,1,5,5,6,4,4,10,4,4,1,9,4,11,8,10,5,8,7,12,15,12,11,7,8,9,11,5,6,17,3,9,5,6,10,5,5,8,4,5,8,11,5,3,4,4,5,7,3,4,6,3,3,7,1,5,1,1,1,2,3,4,3,2,1,2,1,2,0,0,5,1,1,2,0,1,2,0,3,0,1,2,0,0,0,1,0,0,0,0,1,0,0,0,0,0,0,0,0,0,0,0,0,0,0,1,0,0,0,0,0,0,0,0,0,0,0,0,0,0,0,0,0,0,0,0,0,0,0,0,0,0,0,0,0,0,0,0,0,0,0,0,0,0,0,0,0,0,0,0,0,0,0,0,0,0,0,0,0,0,0,0,0,0,0,0,0,0,0,0,0,0,0,0,0,0,0
0,0,0,2,0,1,1,2,1,1,1,1,0,2,1,1,3,2,1,1,2,3,1,1,2,7,1,2,5,4,6,6,5,8,9,8,8,9,8,6,4,12,5,5,9,6,10,11,5,9,12,8,4,8,12,9,11,7,4,8,9,4,4,7,7,4,5,7,4,5,3,8,2,3,5,4,4,0,3,0,2,2,0,2,1,3,1,0,1,2,1,3,2,2,0,0,0,1,1,1,0,0,1,0,1,0,1,0,0,0,0,0,0,0,0,0,0,0,1,1,0,0,0,0,0,0,0,0,1,0,0,0,0,0,0,0,1,0,0,0,0,0,0,0,0,0,0,0,0,0,0,0,0,0,0,0,0,0,0,0,0,0,0,0,0,0,0,0,0,0,0,0,0,0,0,0,0,0,0,0,0,0,0,0,0,0,0,0,0,0,0,0,0,0,0,0,0,0,0,0
1,1,2,0,0,1,0,4,2,1,2,0,2,1,1,1,0,1,1,3,4,8,0,3,1,5,3,3,2,2,6,8,8,5,6,5,8,5,6,10,8,10,8,9,11,6,4,7,9,10,5,13,5,9,4,12,3,4,11,8,3,9,5,2,5,2,8,5,1,3,3,4,3,6,4,3,2,3,2,0,5,2,3,2,0,1,0,1,1,4,1,0,2,1,0,0,3,1,0,0,0,0,0,0,0,1,1,1,2,0,0,0,1,2,1,0,1,1,1,0,0,0,0,0,0,0,0,0,0,0,0,0,0,0,0,0,0,0,0,0,0,0,0,0,0,0,0,0,0,0,0,0,0,0,0,0,0,0,0,0,0,0,0,0,0,0,0,0,0,0,0,0,0,0,0,0,0,0,0,0,0,0,0,0,0,0,0,0,0,0,0,0,0,0,0,0,0,0,0,0
2,1,0,1,0,1,0,1,1,1,0,1,0,0,3,3,1,3,3,3,3,4,2,1,5,3,6,6,3,6,5,4,9,4,7,7,3,5,5,7,11,7,6,4,8,11,15,4,7,11,9,4,8,14,14,13,5,2,7,7,3,1,7,10,3,4,9,5,7,5,5,1,2,6,2,3,2,4,2,4,3,1,4,3,0,2,0,1,2,1,1,0,2,3,1,2,0,1,0,0,0,3,1,0,1,2,0,0,0,0,0,0,0,0,1,1,0,1,1,0,1,0,1,1,0,0,0,0,0,0,1,0,1,0,0,0,0,0,0,1,0,0,0,0,0,0,1,0,0,0,0,0,0,0,0,0,0,0,0,0,0,0,0,0,0,0,0,0,0,0,0,0,0,0,0,0,0,0,0,1,0,0,0,0,0,0,0,0,0,0,0,0,0,0,0,0,0,0,0,0
0,0,1,0,0,0,0,1,1,2,0,1,2,0,0,1,1,0,2,5,2,3,1,2,4,4,3,3,8,5,3,5,7,6,4,6,8,8,4,7,5,9,9,8,7,7,7,7,6,6,10,7,10,8,8,6,8,7,5,6,5,7,1,4,3,3,3,7,2,5,5,3,4,5,4,5,4,2,1,2,4,1,1,1,1,0,1,1,1,0,1,1,3,1,2,0,0,1,0,1,0,0,1,1,1,0,1,1,1,2,0,0,1,1,1,1,0,1,0,0,0,0,0,0,0,0,0,0,0,0,0,0,0,0,0,0,0,0,0,1,0,0,0,0,0,0,0,0,0,0,0,0,0,0,0,0,0,0,0,0,0,0,0,0,0,0,0,0,0,0,0,0,0,0,0,0,0,0,0,0,0,0,0,0,0,0,0,0,0,0,0,0,0,0,0,0,0,0,0,0
1,1,0,1,0,0,2,0,1,1,0,1,0,1,0,4,1,1,4,4,4,4,3,1,2,4,5,5,3,7,6,2,4,10,7,9,7,9,5,4,5,10,5,7,2,10,8,2,8,6,7,10,10,2,11,11,10,6,7,7,6,3,4,3,3,2,6,5,4,3,7,2,2,9,1,0,1,1,2,2,1,1,1,2,2,1,1,5,0,3,1,3,0,2,1,0,0,1,0,1,0,0,0,0,1,1,0,1,0,0,0,2,0,0,0,0,0,0,0,0,0,0,0,0,0,0,0,0,0,1,1,0,0,0,0,0,0,0,0,0,0,0,0,0,0,0,0,0,0,0,0,0,0,0,0,0,0,0,1,0,0,0,0,0,0,0,0,0,0,0,0,0,0,0,0,0,0,0,0,0,0,0,0,0,0,0,0,0,0,0,0,0,0,0,0,0,0,0,0,0
1,0,0,1,0,0,1,2,3,2,0,0,1,1,1,1,2,3,2,2,2,2,1,2,2,1,4,5,1,5,4,4,10,4,5,4,3,8,8,4,3,8,3,7,3,10,6,8,5,8,5,13,3,7,4,6,4,2,11,2,7,3,6,7,2,5,5,2,3,1,5,4,3,3,2,2,0,3,1,1,0,2,2,2,1,0,1,3,0,1,3,0,1,0,3,3,0,1,1,1,0,0,0,0,1,0,2,1,0,0,0,0,0,0,0,0,0,0,0,0,0,0,1,0,0,0,0,0,0,0,0,0,0,0,0,0,0,0,0,0,0,0,0,0,0,0,0,0,0,0,0,0,0,0,0,0,0,0,0,0,0,0,0,0,0,0,0,0,0,0,0,0,0,0,0,0,0,0,0,0,0,0,0,0,0,0,0,0,0,0,0,0,0,0,0,0,0,0,0,0
3,1,1,0,0,0,1,2,1,2,0,1,2,1,3,0,1,1,1,1,3,2,4,3,1,3,4,5,5,7,2,8,8,3,4,7,6,5,10,8,7,7,7,6,6,5,5,9,8,4,9,3,9,7,5,8,14,4,10,6,7,4,4,5,5,3,2,4,3,3,4,4,3,6,2,1,4,3,2,2,3,4,1,2,2,2,1,0,2,1,2,2,1,3,1,2,1,1,2,1,0,0,0,0,2,1,0,0,0,1,0,1,1,1,0,0,0,0,0,0,0,1,0,0,0,1,0,0,0,0,0,0,0,0,0,0,0,0,0,0,0,0,0,0,1,0,0,0,0,0,0,0,0,0,0,0,0,0,0,0,0,0,0,0,0,0,0,0,0,0,0,0,0,0,0,0,0,0,0,0,0,0,0,0,0,0,0,0,0,0,0,0,0,0,0,0,0,0,0,0
0,0,0,0,0,0,1,0,0,0,0,0,1,2,1,0,5,6,2,3,2,4,1,1,3,1,3,2,3,9,8,9,7,8,4,7,6,4,13,7,8,5,9,10,4,7,7,7,6,10,3,8,7,5,8,4,8,2,7,6,3,5,2,2,6,3,2,2,1,3,2,6,4,1,6,2,2,1,4,3,3,0,3,1,2,3,2,4,2,1,0,2,1,1,1,5,0,1,1,0,1,1,1,0,0,0,1,0,0,0,0,0,0,0,0,1,0,0,0,0,0,0,0,0,0,0,0,0,1,0,0,0,0,0,1,0,0,0,0,0,0,0,0,0,1,0,0,0,0,0,0,0,0,0,0,0,0,0,0,0,0,0,0,0,0,0,0,0,0,0,0,0,0,0,0,0,0,0,0,0,0,0,0,0,0,0,0,0,0,0,0,0,0,0,0,0,0,0,0,0
1,0,0,2,0,0,1,1,0,0,0,1,2,2,2,1,1,1,0,1,2,1,3,5,3,0,3,7,1,9,3,4,7,3,7,9,5,8,9,4,6,5,8,4,6,10,5,6,5,5,8,13,5,5,8,7,6,7,4,10,3,7,3,6,6,3,2,5,3,5,6,1,3,2,3,3,1,2,1,4,5,2,3,2,2,2,3,2,2,2,1,0,0,1,2,0,0,0,1,2,1,0,1,0,0,0,0,0,1,2,0,0,0,0,1,2,1,0,0,1,0,0,0,0,0,1,1,0,0,0,0,0,0,0,0,0,0,0,0,0,0,0,0,0,0,0,0,0,0,0,0,0,0,0,0,0,0,0,0,0,0,0,0,0,0,0,0,0,0,0,0,0,0,0,0,0,0,0,0,0,0,0,0,0,0,0,0,0,0,0,0,0,0,0,0,0,0,0,0,0
0,0,0,1,0,0,2,1,0,2,0,0,0,0,1,2,1,1,3,2,4,0,3,5,1,4,2,4,1,2,6,7,7,3,7,2,1,10,4,6,7,5,7,7,8,3,6,3,5,6,11,8,10,11,6,12,8,8,6,4,5,4,4,8,3,5,3,2,5,6,2,5,3,1,4,0,4,0,2,4,2,3,0,3,1,2,1,3,1,0,1,1,1,0,2,0,1,1,0,0,0,0,0,1,0,0,1,0,1,0,0,2,0,0,0,1,0,1,0,0,0,0,1,0,0,1,0,0,0,0,0,0,0,0,1,0,0,0,0,0,0,0,0,0,0,0,1,0,0,0,0,0,0,0,0,0,0,0,0,0,0,0,0,0,0,0,0,0,0,0,0,0,0,0,0,0,0,0,0,0,0,0,0,0,0,0,0,0,0,0,0,0,0,0,0,0,0,0,0,0
0,0,0,3,0,4,0,1,0,2,3,1,0,2,0,0,1,2,2,0,3,6,4,3,0,2,3,2,4,3,8,5,4,4,6,6,7,6,7,5,8,11,6,7,6,2,15,5,7,7,8,4,5,7,6,4,5,7,14,7,6,6,8,4,8,3,4,4,3,3,2,6,3,2,5,2,2,5,4,1,3,2,3,2,2,1,2,1,4,1,3,0,0,0,1,1,1,2,1,1,0,0,0,0,0,0,1,0,0,0,0,0,1,0,0,1,0,0,0,1,0,0,0,0,0,0,0,0,0,0,0,0,0,0,0,0,0,0,0,0,0,0,0,0,0,0,0,0,0,0,0,0,0,0,1,0,0,0,0,0,0,0,0,0,0,0,0,0,0,0,0,0,0,0,0,0,0,0,0,0,0,0,0,0,0,0,0,0,0,0,0,0,0,0,0,0,0,0,0,0
0,1,0,1,0,1,0,0,1,2,0,2,0,0,1,1,0,2,6,4,5,4,3,4,3,5,3,0,5,2,2,3,6,8,6,6,6,7,7,7,6,6,6,7,4,10,9,7,5,1,6,6,3,7,5,4,2,7,6,4,5,6,6,7,6,5,2,1,4,1,3,7,2,8,0,1,3,1,1,4,1,2,2,0,2,2,1,3,1,2,1,2,2,2,0,1,0,3,1,0,0,1,0,2,0,3,1,0,1,0,0,0,0,0,0,0,0,0,0,1,0,0,1,0,0,0,0,0,0,0,0,0,0,0,1,0,0,0,0,0,1,0,0,0,0,0,0,0,0,0,0,0,0,0,0,0,0,0,0,0,0,0,0,0,0,0,0,0,0,0,0,0,0,0,0,0,0,0,0,0,0,0,0,0,0,0,0,0,0,0,0,0,0,0,0,0,0,0,0,0
2,0,1,1,0,1,0,1,0,0,0,1,0,1,2,1,1,1,1,1,1,3,1,3,1,2,1,1,4,3,5,3,6,5,4,9,3,5,2,5,7,8,5,4,10,2,6,7,1,4,9,4,6,7,6,7,6,6,4,7,4,4,3,6,7,8,6,2,3,6,8,2,2,0,4,5,6,4,2,2,0,3,0,0,0,0,2,2,0,1,0,1,1,0,3,0,0,0,0,0,0,0,0,0,0,0,0,1,0,0,0,1,0,0,0,1,0,0,0,0,0,0,0,0,0,0,0,0,0,0,0,1,0,1,1,0,0,0,0,0,0,0,0,0,0,0,0,0,0,0,0,0,0,0,0,0,0,0,0,0,0,0,0,0,0,0,0,0,0,0,0,0,0,0,0,0,0,0,0,0,0,0,0,0,0,0,0,0,0,0,0,0,0,0,0,0,0,0,0,0
0,0,1,0,0,2,0,0,0,0,0,0,1,2,0,0,2,2,5,0,2,6,3,2,2,5,5,5,2,3,6,4,8,4,3,5,7,3,7,7,6,3,3,7,3,2,7,7,6,4,1,6,6,7,5,14,6,3,5,6,7,3,3,3,2,5,1,3,1,3,7,4,5,1,1,1,1,2,0,0,5,1,1,0,2,1,2,0,2,0,1,2,1,1,1,0,0,2,2,0,0,1,0,0,0,1,0,0,1,0,0,1,0,0,1,0,0,0,0,0,0,0,0,0,0,0,0,0,0,0,0,0,0,0,0,1,0,0,0,0,0,0,0,0,0,0,0,0,0,0,0,0,0,0,0,0,0,0,0,0,0,0,0,0,0,0,0,0,0,0,0,0,0,0,0,0,0,0,0,0,0,0,0,0,0,0,0,0,0,0,0,0,0,0,0,0,0,0,0,0
1,0,0,1,0,0,0,1,0,1,1,0,0,1,3,1,3,3,1,1,4,2,3,0,1,6,7,1,1,4,6,6,4,8,8,11,5,4,2,5,3,5,6,4,5,3,7,5,5,7,5,6,7,4,5,5,5,6,7,7,5,5,3,1,4,6,4,2,3,5,3,1,4,2,1,3,2,5,1,2,1,0,1,1,4,1,1,0,0,1,0,2,0,0,1,1,1,0,2,1,0,0,1,1,1,0,0,0,0,1,0,0,0,0,0,1,0,0,0,1,0,0,0,0,0,0,0,0,0,0,0,0,0,0,0,0,0,0,0,0,0,0,0,0,0,0,0,0,0,0,0,0,0,0,0,0,0,0,0,0,0,0,0,0,0,0,0,0,0,0,0,0,0,0,0,0,0,0,0,0,0,0,0,0,0,0,0,0,0,0,0,0,0,0,0,0,0,0,0,0
1,0,0,0,0,1,1,0,2,0,0,0,0,0,1,2,2,1,0,1,2,2,3,4,0,5,3,3,3,5,4,6,4,2,6,6,4,10,6,5,4,3,8,6,8,6,1,4,2,4,4,3,3,5,5,7,5,4,7,4,4,4,8,2,5,2,8,4,4,2,5,3,4,3,1,1,1,2,2,0,2,0,2,0,1,0,0,1,2,2,0,1,2,0,0,0,2,0,1,2,1,0,0,1,1,0,0,0,0,0,0,0,0,0,0,1,0,2,0,0,0,0,0,0,0,0,0,0,0,0,0,0,0,0,0,0,0,0,0,0,0,0,0,0,0,0,0,0,0,0,0,0,0,0,0,0,0,0,0,0,0,0,0,0,0,0,0,0,0,0,0,0,0,0,0,0,0,0,0,0,0,0,0,0,0,0,0,0,0,0,0,0,0,0,0,0,0,0,0,0
1,0,0,0,0,1,0,1,2,0,0,1,0,1,0,0,1,0,6,2,1,0,3,6,3,0,2,3,8,3,7,4,7,8,3,2,4,6,4,3,7,7,9,4,5,4,7,5,7,2,6,1,9,5,7,7,5,8,7,0,5,1,4,5,3,3,3,3,1,0,1,7,3,1,0,1,4,2,2,0,1,5,2,1,2,2,2,0,1,2,0,1,2,1,0,1,1,0,1,1,0,0,0,0,0,0,2,1,0,0,1,0,0,0,0,0,0,0,1,0,0,1,0,0,0,0,0,0,0,0,0,0,0,0,0,0,0,0,0,0,0,0,0,0,0,0,0,0,0,0,0,0,0,0,0,0,0,0,0,0,0,0,0,0,0,0,0,0,0,0,0,0,0,0,0,0,0,0,0,0,0,0,0,0,0,0,0,0,0,0,0,0,0,0,0,0,0,0,0,0
0,0,0,1,0,0,0,3,0,1,0,1,1,0,2,2,1,2,2,2,2,1,1,3,3,3,2,0,0,2,5,1,5,1,4,5,1,8,3,4,7,7,5,5,8,9,3,8,5,2,6,8,6,5,5,4,5,7,10,4,5,2,2,3,5,2,3,4,3,2,0,1,3,3,2,4,3,1,2,2,0,0,0,1,1,2,2,3,2,0,0,4,2,2,0,0,0,0,0,1,1,1,0,0,0,1,0,0,0,1,0,0,1,0,0,0,0,0,0,0,0,1,0,0,1,0,0,0,0,0,0,0,0,0,0,0,0,0,0,0,0,0,0,0,0,0,0,0,0,0,0,0,0,0,0,0,0,0,0,0,0,0,0,0,0,0,0,0,0,0,0,0,0,0,0,0,0,0,0,0,0,0,0,0,0,0,0,0,0,0,0,0,0,0,0,0,0,0,0,0
2,0,0,0,0,0,0,0,2,1,1,1,1,1,2,2,1,3,1,1,0,4,2,4,3,3,2,1,1,8,3,4,7,2,3,4,4,6,3,5,4,5,4,3,9,6,5,6,3,5,6,9,6,2,3,7,5,2,5,3,3,5,4,2,1,3,3,7,3,4,6,2,1,5,4,3,2,2,2,0,3,1,3,2,0,2,2,0,1,2,0,0,0,0,1,0,1,2,0,0,0,0,0,1,1,0,1,0,1,1,0,0,0,0,2,0,0,0,0,2,2,0,0,0,0,0,0,0,1,0,0,0,0,1,0,0,0,0,0,0,0,0,0,0,0,0,0,0,0,0,0,0,0,0,0,0,0,0,0,0,0,0,0,0,0,0,0,0,0,0,0,0,0,0,0,0,0,0,0,0,0,0,0,0,0,0,0,0,0,0,0,0,0,0,0,0,0,0,0,0
2,0,0,0,0,2,0,1,0,0,1,2,0,0,0,1,1,2,2,2,3,1,1,2,1,0,2,0,2,5,6,2,6,6,3,4,2,4,5,2,5,4,4,9,1,5,8,3,4,3,5,4,3,2,1,6,3,3,8,3,5,3,3,3,4,4,2,2,1,1,3,1,2,1,3,4,0,2,2,2,4,3,1,2,1,0,2,0,0,4,1,1,0,2,0,0,0,0,1,0,2,1,1,0,0,0,0,0,3,0,0,0,1,0,0,0,0,0,0,0,0,0,0,0,0,0,1,0,0,0,0,0,0,0,0,0,1,0,0,0,0,0,0,0,0,0,0,0,0,0,0,0,0,0,0,0,0,0,0,0,0,0,0,0,0,0,0,0,0,0,0,0,0,0,0,0,0,0,0,0,0,0,0,0,0,0,0,0,0,0,0,0,0,0,0,0,0,0,0,0
0,0,0,1,0,0,0,0,1,1,0,0,1,0,1,3,2,1,1,0,0,2,2,3,2,1,1,2,4,3,3,0,3,3,4,5,6,3,4,3,4,3,1,5,7,1,2,4,9,6,5,10,6,6,2,6,6,2,3,7,4,0,4,3,2,5,1,4,1,4,2,3,1,5,4,2,2,0,0,1,2,0,1,2,1,0,0,1,1,0,1,1,1,0,1,0,1,0,2,0,0,0,0,1,2,0,1,1,0,0,0,0,0,0,2,0,1,0,0,0,0,0,0,0,0,0,0,0,0,0,0,0,0,0,0,0,0,0,0,0,0,0,1,0,0,0,0,0,0,0,0,0,0,0,0,0,0,0,0,0,0,0,0,0,0,0,0,0,0,0,0,0,0,0,0,0,0,0,0,0,0,0,0,0,0,0,0,0,0,0,0,0,0,0,0,0,0,0,0,0
0,0,0,0,1,0,0,0,0,1,0,3,0,0,1,0,0,1,0,0,0,3,0,1,1,3,4,2,4,0,2,2,4,3,3,3,2,2,4,4,7,8,9,7,5,5,2,5,5,3,7,6,3,7,2,4,0,3,9,4,6,1,3,3,3,4,5,3,6,0,1,3,3,3,1,2,5,1,0,4,0,1,2,3,0,0,1,0,1,1,0,1,0,2,0,0,0,0,0,0,3,0,1,0,0,0,1,0,0,0,0,0,1,0,0,0,0,1,0,0,0,0,0,0,0,0,0,0,0,0,0,0,0,1,0,0,0,0,0,0,0,0,0,0,0,0,0,0,0,0,0,0,0,0,0,0,0,0,0,0,0,0,0,0,0,0,0,0,0,0,0,0,0,0,0,0,0,0,0,0,0,0,0,0,0,0,0,0,0,0,0,0,0,0,0,0,0,0,0,0
0,0,0,1,0,1,0,0,1,1,0,1,1,0,0,0,0,0,1,2,0,2,1,1,2,1,3,0,2,3,3,3,5,1,3,7,6,4,6,2,3,7,3,8,7,4,3,3,7,4,1,4,4,5,2,2,2,4,4,2,3,4,3,2,1,0,1,4,2,4,2,3,0,2,1,2,3,0,0,3,2,1,5,0,1,0,1,0,0,1,0,1,0,1,1,1,0,1,0,1,0,0,0,0,1,0,1,1,1,0,0,1,0,0,0,0,0,0,0,0,0,0,1,0,0,0,0,0,0,0,0,0,0,0,0,0,0,0,0,0,0,1,0,0,0,0,0,0,0,0,0,0,0,0,0,0,0,0,0,0,0,0,0,0,0,0,0,0,0,0,0,0,0,0,0,0,0,0,0,0,0,0,0,0,0,0,0,0,0,0,0,0,0,0,0,0,0,0,0,0
0,0,0,0,0,1,1,0,0,1,0,2,0,0,2,1,0,0,3,2,4,3,0,2,3,4,5,3,3,2,4,6,2,3,3,2,5,4,1,6,6,3,2,5,8,2,8,7,3,7,3,6,5,3,1,2,4,3,4,6,4,4,4,2,4,3,3,3,2,6,5,3,1,1,2,1,1,0,2,0,1,0,1,1,2,0,2,1,1,0,1,0,0,0,1,2,1,0,0,0,0,1,0,0,0,0,0,0,0,0,2,0,0,0,0,1,0,0,0,0,0,0,0,0,0,0,0,0,0,0,0,0,0,0,0,0,0,0,0,0,0,0,0,0,0,0,0,0,0,0,0,0,0,0,0,0,0,0,0,0,0,0,0,0,0,0,0,0,0,0,0,0,0,0,0,0,0,0,0,0,0,0,0,0,0,0,0,0,0,0,0,0,0,0,0,0,0,0,0,0
0,0,0,0,0,3,0,0,0,0,0,2,0,0,1,1,2,2,1,0,0,1,1,0,2,4,4,2,1,2,2,5,5,5,6,2,0,7,6,5,7,7,5,3,4,2,4,8,5,6,3,5,5,4,3,5,2,4,3,2,2,3,4,2,1,5,2,2,2,3,5,0,3,1,6,1,2,1,0,2,3,0,0,2,2,1,0,2,2,2,0,2,2,0,1,0,0,0,1,0,2,0,0,0,1,0,0,0,0,0,0,0,0,1,0,0,0,0,0,0,0,0,0,0,0,0,1,0,0,0,0,1,0,0,0,0,0,1,0,0,0,0,0,0,0,0,0,0,0,0,0,0,0,0,0,0,0,0,0,0,0,0,0,0,0,0,0,0,0,0,0,0,0,0,0,0,0,0,0,0,0,0,0,0,0,0,0,0,0,0,0,0,0,0,0,0,0,0,0,0
0,0,0,0,1,0,0,0,0,1,0,2,0,0,0,0,2,1,2,1,1,2,2,4,3,4,3,5,2,5,2,1,8,1,7,2,1,6,8,2,5,8,3,4,4,3,3,5,0,4,2,7,6,7,3,8,6,2,2,4,9,3,7,4,5,2,0,5,1,2,1,3,1,2,2,0,2,3,2,2,0,2,1,2,0,0,1,2,0,1,1,2,2,0,1,0,1,0,0,0,0,0,0,1,1,0,0,1,0,0,0,0,0,0,0,1,0,0,0,0,0,0,0,0,0,0,0,0,0,0,0,0,0,0,0,1,0,0,0,0,0,0,0,0,0,0,0,0,0,0,0,0,0,0,0,0,0,0,0,0,0,0,0,0,0,0,0,0,0,0,0,0,0,0,0,0,0,0,0,0,0,0,0,0,0,0,0,0,0,0,0,0,0,0,0,0,0,0,0,0
0,0,1,0,0,0,0,1,2,0,0,1,0,1,1,0,0,2,0,2,1,2,3,4,0,2,0,1,2,4,0,1,4,4,4,1,1,1,4,5,8,1,6,5,2,3,6,4,3,4,1,4,2,3,2,1,2,4,2,4,3,4,4,5,2,4,3,2,3,4,3,1,2,2,3,4,2,1,1,2,2,1,1,0,0,0,0,0,1,0,2,1,1,1,1,1,1,1,1,0,0,0,0,0,0,0,0,0,0,0,0,0,1,0,1,0,0,0,0,0,1,1,0,0,0,0,0,0,0,0,0,0,0,0,0,0,0,0,0,0,0,1,0,0,0,0,0,0,0,0,0,0,0,0,0,0,0,0,0,0,0,0,0,0,0,0,0,0,0,0,0,0,0,0,0,0,0,0,0,0,0,0,0,0,0,0,0,0,0,0,0,0,0,0,0,0,0,0,0,0
1,0,1,0,0,0,0,1,0,0,0,3,0,1,1,1,1,0,0,2,1,3,1,2,2,2,2,3,1,1,3,2,4,2,3,7,2,4,3,3,7,5,6,5,4,4,2,5,6,5,3,12,4,2,3,3,1,3,4,3,4,5,3,2,4,3,1,4,0,2,2,0,1,3,1,3,0,4,2,1,0,1,1,0,1,2,1,0,0,0,1,1,1,1,0,1,0,0,0,0,0,0,0,0,0,0,0,0,0,0,1,0,0,0,0,0,0,0,0,0,0,0,0,0,0,0,0,0,0,0,0,0,0,0,0,0,0,0,0,0,0,0,0,0,0,0,0,0,0,0,0,0,0,0,0,0,0,0,0,0,0,0,0,0,0,0,0,0,0,0,0,0,0,0,0,0,0,0,0,0,0,0,0,0,0,0,0,0,0,0,0,0,0,0,0,0,0,0,0,0
1,1,0,1,0,0,0,0,0,1,0,0,0,1,0,1,0,1,1,2,1,1,3,2,2,2,3,2,4,3,0,4,1,1,6,2,4,8,1,1,6,9,2,4,6,9,4,1,3,1,4,6,1,5,4,1,9,4,4,1,3,4,3,4,0,2,1,2,4,4,1,3,5,2,2,2,2,1,3,3,0,0,0,2,2,2,1,0,0,1,1,1,1,0,0,2,0,0,1,0,0,0,0,3,1,0,0,0,1,0,0,0,0,0,0,0,0,0,0,0,0,1,0,0,0,0,0,0,0,0,0,0,0,0,0,0,1,0,0,0,0,0,0,0,0,0,0,0,0,0,0,0,0,0,0,0,0,0,0,0,0,0,0,0,0,0,0,0,0,0,0,0,0,0,0,0,0,0,0,0,0,0,0,0,0,0,0,0,0,0,0,0,0,0,0,0,0,0,0,0
0,0,0,1,0,1,0,1,0,0,1,1,0,1,0,1,0,1,3,4,1,1,2,3,1,3,1,1,2,0,6,1,2,3,3,1,1,1,5,2,7,2,6,1,5,4,3,4,3,2,4,4,4,4,5,3,4,5,2,4,6,2,3,4,3,0,3,0,4,0,5,0,1,1,1,2,0,2,3,1,0,3,2,2,1,1,0,0,3,0,0,0,0,0,0,0,0,0,0,0,1,0,0,0,1,0,0,0,1,0,0,0,0,0,0,0,0,0,0,0,0,0,0,0,0,0,0,0,0,0,0,0,0,0,0,0,0,0,0,0,0,0,0,0,0,0,0,0,0,0,0,0,0,0,0,0,0,0,0,0,0,0,0,0,0,0,0,0,0,0,0,0,0,0,0,0,0,0,0,0,0,0,0,0,0,0,0,0,0,0,0,0,0,0,0,0,0,0,0,0
0,0,0,0,0,0,0,0,0,1,0,2,0,1,1,2,2,3,2,2,1,3,3,1,0,2,3,0,1,3,2,3,5,3,2,5,1,6,2,1,4,7,4,2,5,2,6,3,2,5,3,6,4,3,7,5,1,4,5,3,3,5,1,0,1,1,2,2,2,1,2,3,1,0,1,1,1,0,2,0,0,1,1,1,0,1,0,0,1,1,1,1,1,0,0,0,0,1,0,1,0,0,1,0,0,2,1,0,0,0,0,0,0,0,0,0,0,0,0,0,0,0,0,0,0,0,0,0,0,0,0,0,0,0,0,0,0,0,0,0,0,0,0,0,0,0,0,0,0,0,0,0,0,0,0,0,0,0,0,0,0,0,0,0,0,0,0,0,0,0,0,0,0,0,0,0,0,0,0,0,0,0,0,0,0,0,0,0,0,0,0,0,0,0,0,0,0,0,0,0
2,0,0,1,0,1,0,0,0,0,0,1,0,1,1,0,0,0,3,1,3,1,0,0,2,1,0,7,2,3,4,4,0,0,4,1,3,9,1,2,6,2,2,1,2,2,4,3,6,3,3,3,5,4,1,2,3,3,1,3,2,1,1,1,2,5,0,0,3,3,2,2,3,1,3,0,4,1,1,0,2,1,3,0,3,0,0,0,0,1,0,0,0,0,0,0,0,0,0,1,1,0,1,0,1,0,0,1,0,0,0,0,1,0,0,0,0,0,0,0,0,0,0,0,0,0,0,0,0,0,0,0,0,0,0,0,0,0,0,0,0,0,0,0,0,0,0,0,0,0,0,0,0,0,0,0,0,0,0,0,0,0,0,0,0,0,0,0,0,0,0,0,0,0,0,0,0,0,0,0,0,0,0,0,0,0,0,0,0,0,0,0,0,0,0,0,0,0,0,0
0,0,0,0,0,2,0,0,0,0,0,1,1,0,0,1,1,0,1,1,1,1,2,3,1,3,0,2,1,4,2,2,0,2,5,1,4,7,3,2,2,5,3,5,2,4,3,2,0,5,6,3,1,7,2,3,4,4,3,2,2,0,3,3,4,4,1,3,2,1,3,0,4,1,2,4,0,2,2,0,2,2,0,0,0,0,0,0,2,1,1,1,0,0,0,1,0,0,0,0,0,0,0,0,0,0,0,1,0,0,0,1,0,0,0,0,0,0,0,0,0,0,0,0,0,0,0,0,0,0,0,0,0,0,0,0,0,0,0,1,0,0,0,0,0,0,0,0,0,0,0,0,0,0,0,0,0,0,0,0,0,0,0,0,0,0,0,0,0,0,0,0,0,0,0,0,0,0,0,0,0,0,0,0,0,0,0,0,0,0,0,0,0,0,0,0,0,0,0,0
0,0,0,0,0,1,0,0,0,1,0,1,1,1,0,1,2,2,0,1,1,1,1,0,1,1,1,3,1,1,1,2,6,2,0,3,1,3,0,5,3,3,3,7,2,2,3,0,4,1,5,1,2,4,2,2,6,1,3,4,2,1,0,2,1,0,2,6,2,2,0,2,0,2,1,1,1,1,0,0,0,2,4,0,2,1,0,0,0,0,0,0,0,0,0,0,0,0,0,0,1,0,1,0,0,0,0,0,0,0,0,0,0,0,0,0,0,0,1,0,0,0,1,0,0,0,0,0,0,0,0,0,0,0,0,0,0,0,1,0,0,0,0,0,0,0,0,0,0,0,0,0,0,0,0,0,0,0,0,0,0,0,0,0,0,0,0,0,0,0,0,0,0,0,0,0,0,0,0,0,0,0,0,0,0,0,0,0,0,0,0,0,0,0,0,0,0,0,0,0
0,0,0,1,0,0,1,2,3,0,0,2,0,1,2,0,0,1,0,2,1,1,1,0,4,1,0,2,1,4,6,0,4,2,4,5,3,2,1,1,4,3,5,4,4,6,2,0,4,1,4,3,2,6,4,4,2,2,3,2,0,4,3,1,3,1,3,1,2,2,0,1,2,1,1,1,1,4,3,1,0,1,2,1,1,2,3,2,0,0,0,1,0,0,1,1,0,0,0,0,1,0,0,0,0,0,0,0,1,0,0,1,0,1,0,1,0,0,0,0,0,0,0,0,1,0,1,0,0,0,1,0,0,0,0,0,0,0,0,0,0,0,0,0,0,0,0,0,0,0,0,0,0,0,0,0,0,0,0,0,0,0,0,0,0,0,0,0,0,0,0,0,0,0,0,0,0,0,0,0,0,0,0,0,0,0,0,0,0,0,0,0,0,0,0,0,0,0,0,0
0,0,0,0,1,0,1,0,0,1,1,0,1,0,0,1,0,0,1,0,1,2,0,1,1,3,0,0,2,3,1,2,1,2,5,3,3,3,3,2,3,4,4,6,3,4,2,1,0,4,1,4,1,0,2,3,2,4,2,3,2,1,2,0,3,2,4,1,2,2,2,1,3,1,0,1,4,4,1,1,1,0,0,2,4,1,0,0,1,0,0,0,1,0,0,1,0,0,0,0,0,0,0,0,0,0,0,0,0,1,0,1,0,0,0,0,0,0,0,1,0,0,0,0,0,0,0,0,0,0,0,0,0,0,0,0,0,0,0,0,0,0,0,0,0,0,0,0,0,0,0,0,0,0,0,0,0,0,0,0,0,0,0,0,0,0,0,0,0,0,0,0,0,0,0,0,0,0,0,0,0,0,0,0,0,0,0,0,0,0,0,0,0,0,0,0,0,0,0,0
0,0,0,1,0,0,0,0,1,0,0,2,0,0,1,1,1,3,0,2,0,0,1,2,3,1,2,1,0,1,3,1,1,1,3,3,2,2,5,1,1,1,0,3,3,3,4,9,4,3,6,1,3,2,3,2,1,3,3,1,5,1,1,3,4,3,3,1,2,1,0,1,0,2,1,0,3,0,0,1,1,0,1,1,0,2,3,0,1,0,0,1,0,0,1,0,2,0,0,0,1,0,0,0,0,1,0,0,0,1,0,0,1,0,0,0,0,0,0,0,0,0,1,0,0,0,0,0,0,0,0,0,0,0,0,0,0,0,0,0,0,0,0,0,0,0,0,0,0,0,0,0,0,0,0,0,0,0,0,0,0,0,0,0,0,0,0,0,0,0,0,0,0,0,0,0,0,0,0,0,0,0,0,0,0,0,0,0,0,0,0,0,0,0,0,0,0,0,0,0
0,0,0,1,0,0,0,1,2,1,0,1,1,0,1,0,0,1,2,1,1,1,6,2,3,1,0,3,3,1,1,4,2,1,1,3,3,1,4,4,0,1,1,2,3,0,2,1,4,4,9,2,4,5,2,4,3,1,2,2,6,2,1,3,3,0,2,1,2,1,0,1,3,1,3,1,1,0,2,0,1,1,1,1,0,0,1,0,1,0,3,2,0,1,1,1,1,0,0,0,0,0,0,0,0,0,0,0,0,1,0,0,0,0,0,0,0,0,0,1,0,0,0,0,0,0,0,1,0,0,0,0,0,0,0,0,0,0,0,0,0,1,0,0,0,0,0,0,0,0,0,0,0,0,0,0,0,0,0,0,0,0,0,0,0,0,0,0,0,0,0,0,0,0,0,0,0,0,0,0,0,0,0,0,0,0,0,0,0,0,0,0,0,0,0,0,0,0,0,0
0,0,0,2,0,0,0,0,0,1,0,2,0,0,0,1,1,1,1,2,1,3,2,2,0,1,0,1,0,0,3,4,2,2,0,2,3,2,4,1,2,3,2,1,3,1,2,5,4,4,2,2,5,1,2,2,1,0,3,1,4,1,1,1,2,1,3,0,0,2,1,0,1,6,0,0,1,1,0,2,1,0,0,0,1,1,0,0,0,0,1,0,0,0,1,0,0,0,0,0,0,0,0,0,0,0,0,0,0,0,1,0,0,0,0,0,0,0,1,0,0,0,1,0,0,0,0,0,0,0,0,0,0,0,0,0,0,0,0,0,0,0,0,0,0,0,0,0,0,0,0,0,0,0,0,0,0,0,0,0,0,0,0,0,0,0,0,0,0,0,0,0,0,0,0,0,0,0,0,0,0,0,0,0,0,0,0,0,0,0,0,0,0,0,0,0,0,0,0,0
0,0,0,0,0,1,0,0,0,0,0,0,1,1,0,0,0,0,2,1,2,2,2,4,0,1,3,0,1,4,0,2,4,1,2,2,1,0,2,0,2,7,2,1,5,0,3,0,4,1,4,1,3,2,3,3,4,2,3,4,3,4,3,1,3,3,2,2,0,1,1,3,1,0,4,1,3,1,2,2,0,0,0,0,2,0,0,4,1,0,1,0,0,1,0,0,0,0,0,0,0,0,0,0,0,0,1,0,0,0,0,0,0,0,0,0,1,0,0,0,0,0,0,2,0,0,0,0,0,0,0,0,0,0,0,0,0,0,0,0,0,0,0,0,0,1,0,0,0,0,0,0,0,0,0,0,0,0,0,0,0,0,0,0,0,0,0,0,0,0,0,0,0,0,0,0,0,0,0,0,0,0,0,0,0,0,0,0,0,0,0,0,0,0,0,0,0,0,0,0
0,0,0,0,0,0,0,0,0,1,0,0,0,0,1,0,0,0,0,1,2,2,1,2,0,0,0,1,0,4,1,5,2,1,5,4,2,2,2,3,0,1,5,6,2,4,2,4,0,1,1,1,1,3,1,3,5,2,2,2,0,2,3,3,1,2,3,2,0,0,2,1,1,1,0,0,1,2,0,2,1,1,2,1,0,0,0,0,0,0,1,0,0,0,1,0,1,1,0,0,0,0,0,1,0,1,0,0,0,0,0,1,0,0,0,0,1,0,0,0,0,0,0,0,0,0,1,0,0,0,0,0,0,0,1,0,0,0,0,0,0,0,0,0,0,0,0,0,0,0,0,0,0,0,0,0,0,0,0,0,0,0,0,0,0,0,0,0,0,0,0,0,0,0,0,0,0,0,0,0,0,0,0,0,0,0,0,0,0,0,0,0,0,0,0,0,0,0,0,0
0,0,0,1,0,0,0,0,2,1,0,0,1,1,0,0,1,4,1,0,1,3,2,1,1,1,2,0,1,2,4,1,1,1,2,2,0,5,3,0,3,4,0,2,2,1,2,5,2,2,3,5,4,5,4,3,1,5,0,0,1,2,0,1,2,2,1,3,1,0,1,0,2,1,1,2,1,1,1,0,1,0,0,1,0,1,0,0,1,0,0,0,0,0,0,0,1,0,0,1,0,0,0,1,0,1,0,0,0,0,0,0,0,1,0,0,0,0,0,0,0,0,0,0,0,0,0,0,0,0,0,0,0,0,0,0,0,1,0,0,0,0,0,0,0,0,0,0,0,0,0,0,0,0,0,0,0,0,0,0,0,0,0,0,0,0,0,0,0,0,0,0,0,0,0,0,0,0,0,0,0,0,0,0,0,0,0,0,0,0,0,0,0,0,0,0,0,0,0,0
0,0,0,0,0,0,0,0,1,2,0,0,0,0,0,0,0,0,0,1,0,1,2,1,1,0,0,2,4,4,3,2,1,3,2,0,1,2,3,1,1,0,1,3,5,0,3,3,1,3,2,1,6,3,2,0,1,2,3,2,2,2,1,2,1,0,2,0,1,3,4,2,0,1,1,1,1,1,1,1,0,0,0,2,0,1,3,1,0,2,0,0,0,0,1,0,0,0,0,1,0,0,1,0,0,0,0,0,0,0,0,0,0,1,0,0,0,1,0,1,1,0,0,0,0,0,0,0,0,0,0,0,0,0,0,0,0,0,0,0,0,0,0,0,0,0,0,0,0,0,0,0,0,0,0,0,0,0,0,0,0,0,0,0,0,0,0,0,0,0,0,0,0,0,0,0,0,0,0,0,0,0,0,0,0,0,0,0,0,0,0,0,0,0,0,0,0,0,0,0
0,0,0,0,0,2,0,0,0,0,0,1,0,0,0,0,0,0,0,0,0,1,1,0,0,0,2,1,3,0,4,2,3,2,1,5,1,3,2,1,4,7,0,2,2,3,1,0,1,3,2,1,3,2,5,3,2,4,3,3,8,2,1,1,0,0,3,2,2,1,1,0,3,0,1,0,0,1,1,0,1,1,1,1,0,0,1,0,0,0,0,1,0,0,0,0,0,0,0,0,0,0,0,0,0,2,0,0,0,1,0,0,1,0,0,0,0,0,0,0,0,0,0,0,1,0,0,0,0,0,0,0,0,0,0,0,0,0,0,0,0,0,0,0,0,0,0,0,0,0,0,0,0,0,0,0,0,0,0,0,0,0,0,0,0,0,0,0,0,0,0,0,0,0,0,0,0,0,0,0,0,0,0,0,0,0,0,0,0,0,0,0,0,0,0,0,0,0,0,0
1,0,1,0,0,1,0,0,0,0,0,1,0,0,1,0,1,1,5,2,1,1,1,1,5,0,0,1,2,0,3,0,1,0,1,4,0,5,1,1,0,1,3,5,0,0,0,3,2,0,1,4,2,3,2,2,1,0,4,3,1,2,1,4,4,4,0,0,1,0,1,1,0,0,1,1,0,0,0,1,0,2,0,1,0,2,0,0,1,1,0,0,0,0,0,0,1,2,1,2,1,0,0,0,0,0,1,0,1,0,0,1,0,0,0,0,0,0,0,0,0,0,1,0,0,0,0,0,1,0,1,0,0,0,0,0,0,0,0,0,0,0,0,0,0,0,0,0,0,0,0,0,0,0,0,0,0,0,0,0,0,0,0,0,0,0,0,0,0,0,0,0,0,0,0,0,0,0,0,0,0,0,0,0,0,0,0,0,0,0,0,0,0,0,0,0,0,0,0,0
0,0,0,0,0,0,0,0,0,0,0,3,0,1,0,0,1,1,1,1,1,1,0,1,0,2,1,3,1,2,2,1,2,2,1,3,2,0,4,3,1,2,0,3,0,1,5,0,3,2,2,2,2,1,0,3,3,2,2,5,3,3,3,2,1,0,3,1,1,2,1,5,3,0,1,0,1,3,1,1,1,0,2,1,0,0,1,0,0,1,1,0,0,1,0,0,0,0,0,0,0,1,0,0,1,0,0,0,0,0,0,0,0,0,0,0,1,0,0,0,0,0,0,0,0,0,0,0,0,0,0,0,0,0,0,0,0,0,0,0,0,0,0,0,0,0,0,0,0,0,0,0,0,0,0,0,0,0,0,0,0,0,0,0,0,0,0,0,0,0,0,0,0,0,0,0,0,0,0,0,0,0,0,0,0,0,0,0,0,0,0,0,0,0,0,0,0,0,0,0
1,0,0,0,0,0,0,0,0,1,0,1,2,2,0,0,1,2,2,1,1,2,1,2,1,2,2,2,0,3,1,3,0,0,2,3,2,2,6,2,2,3,4,2,5,3,4,2,1,4,7,3,4,0,1,2,4,0,5,1,4,1,2,3,2,3,3,3,1,1,2,2,0,0,0,0,0,0,1,2,0,1,0,2,1,0,1,1,1,0,0,1,0,1,0,0,0,0,0,0,0,0,0,0,0,0,0,0,0,0,1,0,0,0,0,0,0,0,0,0,1,0,0,0,0,0,0,0,1,0,0,0,0,0,0,0,0,0,0,0,0,0,0,0,0,0,0,0,0,0,0,0,0,0,0,0,0,0,0,0,0,0,0,0,0,0,0,0,0,0,0,0,0,0,0,0,0,0,0,0,0,0,0,0,0,0,0,0,0,0,0,0,0,0,0,0,0,0,0,0
0,0,0,0,0,0,1,0,0,0,0,0,0,0,2,1,0,1,0,1,1,3,0,1,0,3,0,1,1,3,1,1,1,2,1,0,6,3,1,1,3,2,3,5,1,0,2,3,1,2,3,0,4,6,1,2,1,2,1,2,1,1,1,1,2,2,1,3,0,2,2,2,0,0,1,3,3,0,0,0,1,0,0,1,1,0,0,1,0,0,2,0,2,0,0,0,0,0,1,0,0,0,0,1,1,0,0,0,0,1,0,0,0,0,0,0,1,0,0,0,0,0,0,0,0,0,0,0,0,0,0,0,0,0,0,0,0,0,0,0,0,0,0,0,0,0,0,0,0,0,0,0,0,0,0,0,0,0,0,0,0,0,0,0,0,0,0,0,0,0,0,0,0,0,0,0,0,0,0,0,0,0,0,0,0,0,0,0,0,0,0,0,0,0,0,0,0,0,0,0
0,0,0,0,0,0,0,0,1,0,0,0,0,0,0,1,1,1,0,2,1,3,0,2,1,1,2,0,1,1,4,2,3,3,3,3,6,3,1,1,1,5,6,1,4,2,0,1,1,1,2,1,5,2,0,1,2,0,2,0,5,2,2,3,2,0,0,0,2,1,0,2,1,3,0,1,1,0,0,1,0,0,0,1,0,0,1,3,2,0,1,1,1,1,1,2,0,1,0,0,0,0,0,1,1,0,1,1,0,0,0,0,0,1,0,0,0,0,0,0,0,0,0,0,0,0,1,0,0,0,0,0,0,0,0,0,0,0,0,0,0,0,0,0,0,0,0,0,0,0,0,0,0,0,0,0,0,0,0,0,0,0,0,0,0,0,0,0,0,0,0,0,0,0,0,0,0,0,0,0,0,0,0,0,0,0,0,0,0,0,0,0,0,0,0,0,0,0,0,0
1,0,0,0,0,0,0,0,0,1,0,0,0,0,0,0,1,0,0,0,1,1,1,0,0,1,0,4,0,1,1,1,5,1,1,3,4,3,1,2,3,2,2,3,5,5,2,0,2,1,1,4,0,4,3,2,1,3,0,2,5,3,0,0,0,0,0,1,1,0,0,3,1,1,1,0,0,0,1,2,1,0,1,0,1,0,0,3,0,0,0,0,3,0,0,0,0,1,0,1,0,0,0,0,0,1,0,1,0,1,0,0,0,0,0,0,0,0,0,0,0,0,0,0,0,0,0,0,0,1,0,0,0,0,0,0,1,0,0,0,0,0,0,0,0,0,0,0,0,0,0,0,0,0,0,0,0,0,0,0,0,0,0,0,0,0,0,0,0,0,0,0,0,0,0,0,0,0,0,0,0,0,0,0,0,0,0,0,0,0,0,0,0,0,0,0,0,0,0,0
0,0,1,0,0,0,0,0,0,0,0,0,1,0,0,1,0,1,0,1,1,1,1,3,0,1,5,0,2,4,1,2,0,2,5,1,4,2,1,3,2,1,2,1,1,1,1,3,2,2,4,2,2,3,1,2,0,5,2,4,2,0,0,2,1,1,0,2,2,2,0,1,0,0,2,3,3,1,0,0,1,0,2,2,1,0,2,0,0,0,0,0,0,0,0,0,0,1,0,0,0,0,0,0,0,1,1,0,0,1,0,0,0,0,0,0,0,0,0,0,0,0,0,0,0,0,0,0,0,0,0,0,0,0,0,0,0,0,0,0,0,0,0,0,0,0,0,0,0,0,0,0,0,0,0,0,0,0,0,0,0,0,0,0,0,0,0,0,0,0,0,0,0,0,0,0,0,0,0,0,0,0,0,0,0,0,0,0,0,0,0,0,0,0,0,0,0,0,0,0
0,0,0,1,0,2,1,0,0,1,0,1,0,0,0,0,2,0,0,0,2,3,0,0,0,0,1,0,1,0,3,1,1,3,1,3,2,0,2,1,3,1,2,2,2,5,2,5,1,3,6,1,4,2,1,1,2,1,3,0,4,0,0,0,0,0,2,0,1,0,1,2,0,1,1,0,0,0,1,1,0,1,1,1,1,0,1,1,0,1,0,1,0,0,0,0,1,0,1,0,0,0,0,0,0,1,0,0,0,0,0,1,0,0,0,0,0,0,0,0,0,0,0,0,0,0,0,0,0,0,0,0,0,0,0,0,0,0,0,0,0,0,0,0,0,0,0,0,0,0,0,0,0,0,0,0,0,0,0,0,0,0,0,0,0,0,0,0,0,0,0,0,0,0,0,0,0,0,0,0,0,0,0,0,0,0,0,0,0,0,0,0,0,0,0,0,0,0,0,0
0,0,0,0,0,0,0,0,0,0,0,0,0,0,0,0,0,0,1,0,1,0,0,1,2,0,1,0,0,3,1,1,4,1,4,3,1,1,4,6,3,2,1,1,0,2,2,0,2,5,2,1,2,2,2,2,1,2,2,2,1,1,2,0,0,0,1,0,2,1,1,0,1,2,4,0,0,0,0,0,3,0,1,1,0,0,1,0,2,2,1,0,1,0,0,0,0,0,0,0,0,0,0,1,0,0,1,0,0,0,0,0,0,0,0,0,0,0,0,0,0,0,0,0,0,1,0,0,0,0,0,0,0,0,0,0,0,0,0,0,0,0,0,0,0,0,0,0,0,0,0,0,0,0,0,0,0,0,0,0,0,0,0,0,0,0,0,0,0,0,0,0,0,0,0,0,0,0,0,0,0,0,0,0,0,0,0,0,0,0,0,0,0,0,0,0,0,0,0,0
0,0,0,0,0,1,0,0,0,1,0,1,2,0,1,0,0,0,0,0,1,2,1,1,0,1,0,1,0,4,3,1,1,1,4,1,2,5,3,2,0,2,3,1,5,5,3,2,1,2,3,2,2,2,1,5,1,2,1,0,0,1,5,2,1,2,0,1,0,0,3,0,3,0,1,0,1,1,1,0,1,0,1,2,0,0,0,1,0,0,0,1,0,0,0,0,0,0,0,1,0,0,0,0,0,0,0,0,0,0,0,0,1,0,0,0,0,0,0,0,1,0,0,0,0,0,0,0,0,0,0,0,0,0,0,0,0,0,0,0,0,0,0,0,0,0,0,0,0,0,0,0,0,0,0,0,0,0,0,0,0,0,0,0,0,0,0,0,0,0,0,0,0,0,0,0,0,0,0,0,0,0,0,0,0,0,0,0,0,0,0,0,0,0,0,0,0,0,0,0
0,0,0,0,0,0,0,0,1,1,0,0,0,0,0,1,0,1,1,1,1,2,0,2,0,1,0,1,1,1,1,2,0,2,1,2,0,3,3,2,1,2,0,2,1,3,5,2,3,3,2,0,4,2,3,0,2,1,1,1,0,0,0,4,2,1,2,0,0,0,1,0,1,0,0,0,0,2,0,2,0,0,1,0,0,0,0,1,2,0,0,0,1,0,0,0,0,0,0,0,0,1,0,0,0,0,0,0,0,0,0,0,0,0,0,0,0,0,0,0,0,0,0,0,0,0,0,0,1,0,0,0,0,0,0,0,0,0,0,0,0,0,0,0,0,0,0,0,0,0,0,0,0,0,0,0,0,0,0,0,0,0,0,0,0,0,0,0,0,0,0,0,0,0,0,0,0,0,0,0,0,0,0,0,0,0,0,0,0,0,0,0,0,0,0,0,0,0,0,0
1,0,0,0,0,0,0,0,1,0,0,0,0,0,0,1,0,3,0,0,1,2,1,2,0,0,3,1,1,2,1,0,1,1,0,1,1,1,2,1,1,1,1,2,0,1,1,2,0,2,2,3,1,1,0,1,0,3,2,0,2,1,1,3,2,2,1,1,1,0,2,0,1,1,0,0,0,2,0,0,0,0,0,0,0,1,1,0,1,0,1,0,0,0,1,0,0,0,1,0,0,0,0,0,2,0,0,0,0,0,0,0,0,0,0,0,0,0,0,0,0,0,0,0,0,0,0,0,0,0,0,0,0,0,1,0,0,0,0,0,0,0,0,0,0,0,0,0,0,0,0,0,0,0,0,0,0,0,0,0,0,0,0,0,0,0,0,0,0,0,0,0,0,0,0,0,0,0,0,0,0,0,0,0,0,0,0,0,0,0,0,0,0,0,0,0,0,0,0,0
0,0,0,0,0,1,0,1,0,0,0,1,0,0,0,1,1,0,1,0,1,1,0,0,0,2,1,3,0,0,0,0,1,2,2,0,2,1,1,5,1,1,2,0,0,2,1,1,1,1,3,1,1,0,1,2,1,1,2,1,2,1,3,0,0,1,0,0,0,1,1,1,0,2,2,2,0,0,0,0,0,0,0,0,0,0,2,0,1,0,1,1,1,0,2,0,1,0,0,0,0,0,0,0,0,0,0,0,1,0,0,0,0,0,0,0,0,0,0,0,0,0,0,0,0,0,0,0,0,0,0,0,0,0,0,0,0,0,0,0,0,0,0,0,0,0,0,0,0,0,0,0,0,0,0,0,0,0,0,0,0,0,0,0,0,0,0,0,0,0,0,0,0,0,0,0,0,0,0,0,0,0,0,0,0,0,0,0,0,0,0,0,0,0,0,0,0,0,0,0
0,0,0,0,0,1,0,0,0,0,0,2,0,0,0,1,0,0,0,1,0,0,1,3,2,0,2,2,2,0,1,1,0,3,2,1,1,3,4,1,1,3,5,1,1,1,0,1,0,1,2,3,1,5,0,1,3,2,1,2,2,1,1,2,0,1,0,0,2,0,0,1,0,1,0,2,2,2,1,0,0,0,0,1,2,0,0,0,0,2,0,1,0,0,0,0,0,0,0,0,0,0,0,0,1,0,0,0,0,0,0,0,0,0,0,0,0,0,0,0,0,0,0,0,0,0,0,0,0,0,0,0,0,0,0,0,0,0,0,0,0,0,0,0,0,0,0,0,0,0,0,0,0,0,0,0,0,0,0,0,0,0,0,0,0,0,0,0,0,0,0,0,0,0,0,0,0,0,0,0,0,0,0,0,0,0,0,0,0,0,0,0,0,0,0,0,0,0,0,0
0,0,0,0,0,0,0,2,0,0,0,0,0,1,0,0,1,4,0,1,0,0,0,0,1,1,1,1,0,0,2,2,1,0,1,1,0,0,1,0,1,3,2,1,0,0,2,2,2,0,0,2,0,0,2,2,0,0,4,0,1,2,0,0,3,2,0,2,0,1,2,0,0,1,1,1,0,1,0,1,0,0,0,0,0,1,0,0,0,1,0,0,0,0,0,1,0,0,0,0,0,0,0,0,1,0,0,0,0,0,0,0,0,0,0,0,0,0,0,0,0,0,0,0,0,0,0,0,0,0,0,0,0,0,0,0,2,0,0,0,0,0,0,0,0,0,0,0,0,0,0,0,0,0,0,0,0,0,0,0,0,0,0,0,0,0,0,0,0,0,0,0,0,0,0,0,0,0,0,0,0,0,0,0,0,0,0,0,0,0,0,0,0,0,0,0,0,0,0,0
0,0,0,0,0,0,0,1,0,0,0,1,1,0,0,0,0,0,0,1,1,0,1,1,0,2,0,0,1,1,0,2,2,3,1,2,0,1,2,2,3,0,1,2,1,1,3,0,1,1,1,2,4,1,1,3,2,1,0,1,1,1,0,0,2,1,0,0,0,0,1,1,2,2,1,0,1,1,0,0,3,0,0,0,0,2,1,0,0,0,0,0,1,1,0,0,0,1,1,1,0,0,0,0,0,0,0,0,0,0,0,0,0,0,0,0,0,0,0,0,0,0,0,0,0,0,0,0,0,0,0,0,0,0,0,0,0,0,0,0,0,0,0,0,0,0,0,0,0,0,0,0,0,0,0,0,0,0,0,0,0,0,0,0,0,0,0,0,0,0,0,0,0,0,0,0,0,0,0,0,0,0,0,0,0,0,0,0,0,0,0,0,0,0,0,0,0,0,0,0
0,0,0,0,0,0,0,0,0,0,0,1,0,0,1,0,0,0,2,1,0,0,1,0,1,0,0,1,1,1,1,1,1,1,1,2,2,2,3,1,2,1,2,2,1,3,2,3,0,2,1,1,1,1,0,1,4,1,1,3,0,4,0,3,2,1,2,3,0,1,2,2,1,0,0,0,2,1,1,0,1,1,0,1,1,2,0,0,0,0,0,0,0,0,0,0,1,0,0,0,1,0,0,1,0,1,0,0,0,0,0,0,0,0,0,0,0,0,0,0,0,0,1,0,0,0,0,0,0,0,0,0,0,0,0,0,0,0,0,0,0,0,0,0,0,0,0,0,0,0,0,0,0,0,0,0,0,0,0,0,0,0,0,0,0,0,0,0,0,0,0,0,0,0,0,0,0,0,0,0,0,0,0,0,0,0,0,0,0,0,0,0,0,0,0,0,0,0,0,0
0,0,0,1,0,0,0,0,0,0,0,0,0,1,0,0,0,1,0,0,0,1,0,3,0,1,0,1,1,2,2,0,0,0,2,0,0,2,3,0,0,1,4,0,3,3,3,1,1,3,5,3,0,0,3,2,2,1,2,1,1,0,1,0,0,1,2,0,0,0,1,1,0,0,2,0,3,0,0,1,0,0,0,1,2,0,0,0,0,0,2,0,1,0,0,0,0,1,0,0,0,0,0,0,0,0,0,0,1,0,0,0,0,0,0,0,0,0,0,0,0,0,0,0,0,0,0,0,0,1,0,0,0,0,0,0,0,0,0,0,0,0,0,0,0,0,0,0,0,0,0,0,0,0,0,0,0,0,0,0,0,0,0,0,0,0,0,0,0,0,0,0,0,0,0,0,0,0,0,0,0,0,0,0,0,0,0,0,0,0,0,0,0,0,0,0,0,0,0,0
0,0,0,0,0,2,0,1,0,1,0,0,0,0,0,0,1,0,0,2,0,1,0,0,1,1,0,1,3,1,0,1,3,2,0,1,1,1,3,0,0,2,3,1,2,0,4,1,1,2,2,3,0,1,0,2,3,2,1,1,1,0,1,0,1,1,1,3,1,2,1,0,0,2,1,1,1,0,1,2,1,0,2,1,0,0,1,0,3,0,1,0,0,0,0,0,0,0,0,0,0,0,0,0,0,0,0,0,0,0,0,0,0,0,0,0,0,0,0,0,0,0,0,0,0,0,1,0,0,0,0,0,0,0,0,0,0,0,0,0,0,0,0,0,0,0,0,0,0,0,0,0,0,0,0,0,0,0,0,0,0,0,0,0,0,0,0,0,0,0,0,0,0,0,0,0,0,0,0,0,0,0,0,0,0,0,0,0,0,0,0,0,0,0,0,0,0,0,0,0
0,0,0,0,0,0,0,1,0,1,0,1,0,0,0,0,0,0,0,0,1,1,1,2,0,1,1,3,0,0,1,1,3,0,5,2,3,3,1,1,4,2,2,2,1,1,0,1,2,3,0,2,1,0,2,2,1,2,1,1,0,0,1,1,2,0,1,0,0,2,2,1,1,2,2,1,0,1,0,0,1,2,0,1,0,0,0,1,1,0,0,0,1,0,1,0,0,1,0,0,0,0,0,0,0,0,0,0,0,0,0,0,0,0,0,0,0,0,0,0,0,0,0,0,0,1,0,0,0,0,0,0,0,0,0,0,0,0,0,0,0,0,0,0,0,0,0,0,0,0,0,1,0,0,0,0,0,0,0,0,0,0,0,0,0,0,0,0,0,0,0,0,0,0,0,0,0,0,0,0,0,0,0,0,0,0,0,0,0,0,0,0,0,0,0,0,0,0,0,0
0,0,0,0,0,0,0,0,0,0,0,1,0,0,0,0,0,1,0,0,0,3,2,1,0,0,2,0,2,1,2,3,0,1,2,1,3,1,3,3,2,2,1,1,0,1,1,0,1,2,2,2,0,0,1,3,3,3,1,2,2,2,2,0,1,0,1,4,0,0,2,0,0,1,0,0,1,1,0,1,0,0,1,1,0,0,0,0,1,0,0,0,0,0,0,0,0,0,0,0,1,1,0,0,0,1,0,0,0,0,1,0,0,0,0,0,0,0,0,0,0,0,0,0,0,0,0,0,0,0,0,0,0,0,0,0,0,0,0,0,0,0,0,0,0,0,0,0,0,0,0,0,0,0,0,0,0,0,0,0,0,0,0,0,0,0,0,0,0,0,0,0,0,0,0,0,0,0,0,0,0,0,0,0,0,0,0,0,0,0,0,0,0,0,0,0,0,0,0,0
0,0,0,0,0,0,0,0,0,0,0,0,0,0,0,0,0,0,0,0,1,1,0,2,0,0,3,0,3,2,0,2,2,1,0,0,0,0,0,2,0,1,0,1,1,2,2,3,0,1,0,1,0,1,0,4,2,0,1,1,1,0,0,0,0,0,1,0,1,1,0,2,0,1,1,0,1,0,1,1,0,0,1,0,0,1,0,0,0,0,0,0,0,0,0,0,0,0,1,1,0,0,0,0,0,0,0,0,0,0,0,0,0,0,1,0,0,0,0,0,0,0,0,0,0,0,0,0,0,0,0,0,0,0,0,0,0,0,0,0,0,0,0,0,0,0,0,1,0,0,0,0,0,0,0,0,0,0,0,0,0,0,0,0,0,0,0,0,0,0,0,0,0,0,0,0,0,0,0,0,0,0,0,0,0,0,0,0,0,0,0,0,0,0,0,0,0,0,0,0
0,1,0,0,0,0,0,1,0,0,0,0,0,0,0,0,1,0,1,0,0,1,0,2,0,2,1,1,1,2,0,1,0,1,3,2,3,1,2,1,1,1,0,2,0,2,1,1,1,1,3,1,1,1,2,1,1,2,2,1,1,1,1,1,0,1,1,1,1,2,2,0,0,0,0,0,0,1,0,0,0,0,0,2,1,1,0,1,0,0,1,0,0,0,0,0,0,0,0,0,0,0,1,0,0,0,0,0,0,0,0,1,0,0,0,0,0,0,0,0,0,0,0,0,0,0,1,0,0,0,0,0,0,1,0,0,0,0,0,0,0,0,0,0,0,0,0,0,0,0,0,0,0,0,0,0,0,0,0,0,0,0,0,0,0,0,0,0,0,0,0,0,0,0,0,0,0,0,0,0,0,0,0,0,0,0,0,0,0,0,0,0,0,0,0,0,0,0,0,0
1,0,0,0,0,0,0,0,0,1,0,0,0,0,0,0,0,0,0,0,0,0,0,1,1,2,1,0,0,3,0,0,2,0,2,0,2,1,0,2,0,2,1,2,0,1,0,0,5,1,3,1,1,3,1,0,2,0,0,2,1,2,1,2,0,0,0,2,1,0,1,0,0,0,1,0,0,0,0,0,1,1,0,2,0,1,0,1,0,0,0,0,0,2,0,0,0,0,0,0,0,1,0,0,0,0,0,0,0,0,0,0,0,0,0,0,0,0,0,0,0,0,0,0,0,0,0,0,0,0,0,1,0,0,0,0,0,0,0,0,0,0,0,0,0,0,0,0,0,0,0,0,0,0,0,0,0,0,0,0,0,0,0,0,0,0,0,0,0,0,0,0,0,0,0,0,0,0,0,0,0,0,0,0,0,0,0,0,0,0,0,0,0,0,0,0,0,0,0,0
0,0,0,0,0,1,0,0,0,0,0,0,0,0,0,1,0,0,0,0,0,3,0,0,0,0,2,2,0,2,3,1,0,3,0,0,1,0,6,2,1,2,1,1,0,2,0,1,2,3,1,0,1,3,1,1,2,0,1,2,2,2,0,0,3,0,0,0,3,3,1,0,2,0,1,0,0,0,0,0,1,1,1,1,0,1,0,0,0,0,0,0,0,0,0,0,0,0,0,0,0,0,0,0,1,0,0,0,0,0,0,0,0,0,0,0,1,0,0,0,0,0,0,0,0,0,0,0,0,0,0,0,0,0,0,0,0,0,0,0,0,0,0,0,0,0,0,0,0,0,0,0,0,0,0,0,0,0,0,0,0,0,0,0,0,0,0,0,0,0,0,0,0,0,0,0,0,0,0,0,0,0,0,0,0,0,0,0,0,0,0,0,0,0,0,0,0,0,0,0
0,0,0,0,0,0,0,0,0,0,0,0,0,1,0,0,0,1,1,1,0,1,0,2,0,0,0,0,0,0,1,0,0,0,1,1,4,0,0,1,0,4,2,2,0,0,1,2,1,3,0,1,2,0,1,1,0,0,2,0,0,1,0,1,1,0,0,1,1,3,0,1,1,0,0,1,0,1,0,1,1,0,1,0,1,0,0,0,0,0,0,0,0,0,0,0,0,0,0,0,0,2,0,0,0,0,0,0,0,0,0,0,0,0,0,0,0,0,0,0,0,0,0,0,0,0,0,0,0,0,0,0,0,0,0,1,0,0,0,0,0,0,0,0,0,0,0,0,0,0,0,0,0,0,0,0,0,0,0,0,0,0,0,0,0,0,0,0,0,0,0,0,0,0,0,0,0,0,0,0,0,0,0,0,0,0,0,0,0,0,0,0,0,0,0,0,0,0,0,0
0,0,0,0,0,0,0,0,0,0,0,0,0,1,0,0,0,0,1,1,0,1,1,0,1,0,0,0,0,0,1,0,0,2,2,1,1,1,0,1,3,2,0,2,2,1,1,0,2,1,1,1,2,2,2,4,0,1,0,0,3,2,2,2,1,1,1,0,0,0,0,0,0,0,1,0,0,0,0,1,0,0,0,0,0,0,0,0,0,1,0,0,0,0,0,0,0,1,1,0,0,0,0,0,0,0,0,0,0,0,0,0,0,0,0,0,0,0,0,0,0,0,0,0,0,0,0,0,0,1,0,0,0,0,0,0,0,0,0,0,0,0,0,0,0,0,0,0,0,0,0,0,0,0,0,0,0,0,0,0,0,0,0,0,0,0,0,0,0,0,0,0,0,0,0,0,0,0,0,0,0,0,0,0,0,0,0,0,0,0,0,0,0,0,0,0,0,0,0,0
0,0,0,0,0,0,0,0,0,0,0,0,0,0,1,0,0,0,0,0,0,2,0,0,1,1,1,1,0,1,3,0,3,2,2,3,1,0,0,3,2,1,0,1,3,2,2,1,1,1,0,0,2,2,1,1,1,1,0,2,1,0,1,1,0,2,0,0,0,1,1,2,0,0,0,0,0,0,0,0,0,1,1,0,0,2,0,1,0,0,0,0,0,1,1,0,1,0,0,0,0,0,0,0,0,0,0,0,0,0,0,0,0,0,0,0,0,0,0,0,0,0,0,0,0,0,0,0,0,0,0,0,0,0,0,0,0,0,0,0,0,0,0,0,0,0,0,0,0,0,0,0,0,0,0,0,0,0,0,0,0,0,0,0,0,0,0,0,0,0,0,0,0,0,0,0,0,0,0,0,0,0,0,0,0,0,0,0,0,0,0,0,0,0,0,0,0,0,0,0
0,0,0,0,0,0,0,0,1,1,0,0,0,0,0,0,0,0,0,0,0,0,0,0,0,1,2,0,1,3,3,1,1,2,3,2,0,1,1,1,1,0,2,1,1,3,4,1,0,3,1,1,0,1,2,1,0,1,0,4,0,2,2,1,2,1,0,0,1,0,2,0,0,0,0,0,0,1,1,1,0,1,1,0,0,1,0,0,0,0,0,0,0,1,0,0,0,0,0,0,0,0,0,0,0,0,0,0,0,0,0,1,0,0,0,0,0,0,0,0,0,0,1,0,0,0,0,0,0,0,0,0,0,0,0,0,0,0,0,0,0,0,0,0,0,0,0,0,0,0,0,0,0,0,0,0,0,0,0,0,0,0,0,0,0,0,0,0,0,0,0,0,0,0,0,0,0,0,0,0,0,0,0,0,0,0,0,0,0,0,0,0,0,0,0,0,0,0,0,0
1,0,0,0,0,0,0,0,0,0,0,1,0,0,0,0,0,0,0,0,0,0,1,0,0,0,1,1,1,2,0,1,4,0,1,1,1,1,1,2,1,0,1,2,0,0,1,2,0,3,0,2,0,1,1,0,2,1,0,1,1,0,2,0,1,1,2,0,0,1,0,0,0,1,0,2,0,0,1,0,0,0,0,0,0,0,1,1,0,2,1,0,0,0,0,0,1,0,0,0,0,0,0,0,0,0,0,0,0,0,0,0,0,0,0,0,0,0,0,0,0,0,0,0,0,0,0,0,0,0,0,0,0,0,0,0,0,0,0,0,0,0,0,0,0,0,0,0,0,0,0,0,0,0,0,0,0,0,0,0,0,0,0,0,0,0,0,0,0,0,0,0,0,0,0,0,0,0,0,0,0,0,0,0,0,0,0,0,0,0,0,0,0,0,0,0,0,0,0,0
1,0,0,0,0,0,0,0,0,1,0,0,0,0,0,0,0,0,0,0,0,1,0,0,0,0,0,0,0,1,0,0,1,4,1,0,0,3,1,2,2,2,0,0,2,2,2,0,1,4,1,2,0,0,0,1,1,2,1,2,2,0,1,1,2,1,0,0,0,0,0,0,0,2,0,2,0,1,0,0,0,1,0,0,0,0,0,0,0,0,2,0,0,0,0,0,0,0,0,0,0,0,0,1,0,0,0,0,0,0,0,0,0,0,0,0,0,0,0,0,0,0,0,0,0,0,0,0,0,0,0,0,0,0,0,0,0,0,0,0,0,0,0,0,0,0,0,0,0,0,0,0,0,0,0,0,0,0,0,0,0,0,0,0,0,0,0,0,0,0,0,0,0,0,0,0,0,0,0,0,0,0,0,0,0,0,0,0,0,0,0,0,0,0,0,0,0,0,0,0
0,0,0,0,0,0,0,0,0,1,0,0,0,0,1,0,0,0,0,0,0,3,0,0,0,0,0,1,1,2,0,2,2,1,0,1,1,1,0,0,2,2,0,0,1,0,2,3,2,1,0,3,3,1,1,1,1,0,0,1,1,0,1,0,0,1,2,1,0,1,0,2,0,2,1,0,0,0,1,1,1,0,1,1,0,1,0,0,1,0,0,0,0,0,1,0,0,0,1,0,0,0,0,0,0,0,0,0,0,0,0,0,0,0,0,0,0,0,0,0,0,0,0,0,0,0,0,0,0,0,0,0,0,0,0,0,0,0,0,0,0,0,0,0,0,0,0,0,0,0,0,0,0,0,0,0,0,0,0,0,0,0,0,0,0,0,0,0,0,0,0,0,0,0,0,0,0,0,0,0,0,0,0,0,0,0,0,0,0,0,0,0,0,0,0,0,0,0,0,0
0,0,0,0,0,0,0,0,0,0,0,0,1,0,0,0,0,0,0,0,0,0,0,0,0,0,2,1,0,0,0,0,0,0,0,0,0,2,3,1,0,0,0,0,2,1,0,0,0,2,2,2,2,2,1,1,1,0,1,0,1,0,1,2,0,1,2,1,0,1,0,0,2,0,1,1,1,1,0,1,1,0,0,1,0,0,2,0,0,0,0,0,0,0,0,2,0,1,0,0,0,0,0,0,0,0,0,0,1,0,0,0,2,0,0,0,0,0,0,0,0,0,0,0,0,0,0,0,0,0,0,0,0,0,0,0,0,0,0,0,0,0,1,0,0,0,0,0,0,0,0,0,0,0,0,0,0,0,0,0,0,0,0,0,0,0,0,0,0,0,0,0,0,0,0,0,0,0,0,0,0,0,0,0,0,0,0,0,0,0,0,0,0,0,0,0,0,0,0,0
1,1,0,1,0,0,0,0,1,0,0,0,0,1,0,1,0,1,0,0,0,1,1,2,0,1,0,0,1,1,1,0,2,1,0,2,0,0,0,2,0,3,0,3,0,1,4,0,0,0,0,2,1,2,1,2,1,0,0,1,0,0,0,1,2,0,0,0,0,0,1,0,0,0,0,0,1,0,0,0,0,0,1,0,1,0,1,0,0,1,0,0,0,0,0,0,0,0,0,0,0,1,0,0,0,0,0,0,0,0,0,0,0,0,0,0,0,0,0,0,0,0,0,0,0,0,0,0,0,0,0,0,0,0,0,0,0,0,0,0,0,0,0,0,0,0,0,0,0,0,0,0,0,0,0,0,0,0,0,0,0,0,0,0,0,0,0,0,0,0,0,0,0,0,0,0,0,0,0,0,0,0,0,0,0,0,0,0,0,0,0,0,0,0,0,0,0,0,0,0
0,0,0,0,0,0,0,2,0,0,0,0,0,0,1,0,0,0,0,0,0,1,1,0,0,0,0,0,0,0,0,0,1,1,1,2,3,1,1,1,0,4,0,1,2,0,0,2,2,2,3,0,0,1,0,0,0,0,0,1,1,1,0,0,1,4,0,1,0,2,0,2,0,1,0,0,1,0,1,1,0,0,0,0,0,0,0,1,0,0,0,1,0,1,0,0,0,0,0,0,0,1,0,1,0,0,0,0,0,0,0,0,0,0,0,0,0,0,0,0,0,0,0,0,0,0,0,0,0,0,0,0,0,0,0,0,0,0,0,0,0,0,0,0,0,0,0,0,0,0,0,0,0,0,0,0,0,0,0,0,0,0,0,0,0,0,0,0,0,0,0,0,0,0,0,0,0,0,0,0,0,0,0,0,0,0,0,0,0,0,0,0,0,0,0,0,0,0,0,0
0,0,0,0,0,0,0,0,0,0,0,0,0,0,0,0,0,0,0,1,0,1,0,1,0,1,1,0,0,0,1,1,2,0,4,1,2,3,2,1,1,2,3,2,0,1,1,1,0,2,0,0,2,1,1,1,1,2,0,1,0,1,0,2,0,1,0,1,0,1,0,0,1,0,0,0,2,0,3,0,0,0,0,0,0,0,0,0,0,0,0,0,0,0,0,0,0,0,0,1,0,0,0,0,0,0,0,0,0,0,0,0,0,0,0,0,0,0,0,0,0,0,0,0,0,0,0,0,0,0,0,0,0,0,0,0,0,0,0,0,0,0,0,0,0,0,0,0,0,0,0,0,0,0,0,0,0,0,0,0,0,0,0,0,0,0,0,0,0,0,0,0,0,0,0,0,0,0,0,0,0,0,0,0,0,0,0,0,0,0,0,0,0,0,0,0,0,0,0,0
0,0,0,0,0,0,0,0,0,1,0,0,0,0,0,0,0,1,0,1,0,0,0,0,0,0,1,0,0,0,0,1,0,1,0,2,0,2,1,1,2,1,0,0,1,0,1,0,1,0,1,0,0,1,4,1,1,2,0,1,0,1,0,1,0,1,0,1,0,0,0,0,0,1,0,0,0,0,2,0,0,0,0,0,0,0,1,0,0,0,0,0,0,0,0,0,0,0,0,2,0,0,1,0,0,0,0,0,0,0,0,0,0,0,0,0,0,0,0,0,0,0,0,0,0,0,0,0,0,0,0,0,0,0,0,0,0,0,0,0,0,0,0,0,0,0,0,0,0,0,0,0,0,0,0,0,0,0,0,0,0,0,0,0,0,0,0,0,0,0,0,0,0,0,0,0,0,0,0,0,0,0,0,0,0,0,0,0,0,0,0,0,0,0,0,0,0,0,0,0
0,0,0,0,0,0,0,0,1,0,0,1,0,0,0,0,2,1,0,0,1,0,0,1,0,1,1,0,1,0,0,0,1,0,0,1,1,0,1,2,1,0,1,2,2,0,3,2,0,0,0,1,0,1,0,3,1,0,1,1,0,1,0,0,2,1,0,0,0,2,1,1,1,0,0,1,0,0,0,0,0,1,0,2,0,0,0,0,0,0,0,0,0,0,0,0,0,0,0,0,0,0,0,0,1,0,0,0,0,0,0,1,0,0,0,0,0,0,1,0,0,0,0,0,0,0,0,1,0,0,0,0,0,0,0,0,0,0,0,0,0,0,0,0,0,0,0,0,0,0,0,0,0,0,0,0,0,0,0,0,0,0,0,0,0,0,0,0,0,0,0,0,0,0,0,0,0,0,0,0,0,0,0,0,0,0,0,0,0,0,0,0,0,0,0,0,0,0,0,0
0,0,0,0,0,0,1,0,0,1,0,0,0,0,0,0,0,0,0,0,1,1,0,0,0,0,0,1,2,0,1,0,2,0,0,0,0,2,1,2,1,0,2,1,0,1,1,0,1,2,3,0,2,2,1,1,0,0,1,0,1,0,1,0,1,0,0,2,1,0,0,0,0,0,2,1,0,0,1,1,0,0,0,1,0,0,0,0,0,0,1,0,0,0,0,0,1,0,0,0,1,0,0,0,0,0,0,0,0,0,0,0,0,0,0,0,0,0,0,0,0,0,0,0,0,0,0,0,0,0,0,0,0,0,0,0,0,0,0,0,0,0,0,0,0,0,0,0,0,0,0,0,0,0,0,0,0,0,0,0,0,0,0,0,0,0,0,0,0,0,0,0,0,0,0,0,0,0,0,0,0,0,0,0,0,0,0,0,0,0,0,0,0,0,0,0,0,0,0,0
0,0,0,0,0,0,0,0,0,0,0,0,0,0,1,1,0,0,0,0,0,0,0,1,1,0,1,1,1,0,0,1,2,0,1,0,0,0,0,1,0,2,3,1,1,0,1,2,0,1,1,1,1,0,0,0,0,0,1,0,1,0,1,1,2,1,0,3,1,1,0,1,1,1,0,0,0,0,0,0,0,0,0,0,0,0,0,1,0,0,0,0,0,0,0,0,0,1,0,0,0,0,0,0,0,0,0,1,0,0,0,0,0,0,0,0,0,0,0,0,0,0,0,0,0,0,0,0,0,0,0,0,0,0,0,0,0,0,0,0,0,0,0,0,0,0,0,0,0,0,0,0,0,0,0,1,0,0,0,0,0,0,0,0,0,0,0,0,0,0,0,0,0,0,0,0,0,0,0,0,0,0,0,0,0,0,0,0,0,0,0,0,0,0,0,0,0,0,0,0
0,0,0,0,0,1,0,0,0,0,0,0,0,1,0,0,0,0,0,0,0,0,0,1,0,2,0,0,0,0,0,0,1,0,1,0,2,5,1,0,0,2,2,1,0,1,0,2,2,0,1,0,0,0,1,0,0,1,0,1,1,1,2,0,0,1,0,2,0,1,1,1,0,1,0,0,0,1,0,0,0,0,0,0,0,0,0,0,0,0,0,0,0,0,0,0,0,0,0,0,0,0,0,0,0,0,0,0,0,0,0,0,0,0,0,0,0,0,0,0,0,0,0,0,0,0,0,0,0,0,0,0,0,0,0,0,0,0,0,0,0,0,0,0,0,0,0,0,0,0,0,0,0,0,0,0,0,0,0,0,0,0,0,0,0,0,0,0,0,0,0,0,0,0,0,0,0,0,0,0,0,0,0,0,0,0,0,0,0,0,0,0,0,0,0,0,0,0,0,0
0,0,0,0,0,0,0,0,0,1,0,0,0,0,0,0,0,0,0,1,0,2,0,0,0,1,1,0,0,0,0,0,1,2,1,0,2,0,2,0,0,0,0,1,1,1,2,1,0,0,1,0,2,1,1,0,0,1,4,2,1,2,0,1,0,0,0,1,1,1,0,0,0,0,0,0,0,1,0,0,1,0,1,0,0,2,1,0,1,0,1,1,0,0,1,0,0,0,0,1,0,0,0,0,0,0,0,0,0,0,0,0,0,0,0,0,0,0,0,1,0,0,0,0,0,0,0,0,0,0,0,0,0,0,0,0,0,0,0,0,0,0,0,0,0,0,0,0,0,0,0,0,0,0,0,0,0,0,0,0,0,0,0,0,0,0,0,0,0,0,0,0,0,0,0,0,0,0,0,0,0,0,0,0,0,0,0,0,0,0,0,0,0,0,0,0,0,0,0,0
0,0,0,0,0,1,0,0,0,0,0,1,0,0,0,0,0,0,0,2,0,1,0,1,1,0,1,0,0,1,1,1,1,1,1,1,0,2,2,2,0,0,0,0,0,1,0,1,0,0,0,4,0,0,2,0,0,1,3,2,0,1,1,1,0,2,0,0,1,0,1,0,0,1,0,0,1,0,0,0,0,0,0,0,0,0,0,0,0,0,0,0,0,0,1,0,0,0,0,0,1,0,0,0,0,0,0,0,0,0,0,0,0,0,0,0,0,0,0,0,0,0,0,0,0,0,0,0,0,0,0,0,0,0,0,0,0,0,0,0,0,0,0,0,0,0,0,0,0,0,0,0,0,0,0,0,0,0,0,0,0,0,0,0,0,0,0,0,0,0,0,0,0,0,0,0,0,0,0,0,0,0,0,0,0,0,0,0,0,0,0,0,0,0,0,0,0,0,0,0
0,0,0,0,0,0,0,0,0,0,0,0,0,0,0,0,1,1,0,2,1,0,0,0,0,1,0,0,0,0,0,0,1,0,0,0,0,1,0,3,1,2,1,0,0,0,1,0,1,1,2,1,0,0,1,0,0,0,2,0,1,0,0,0,0,1,0,1,0,0,2,0,0,0,0,0,0,0,0,0,0,0,1,0,1,0,0,0,0,1,0,2,0,0,0,0,0,0,0,0,0,0,0,0,0,0,0,0,0,0,0,0,0,0,0,0,0,0,0,0,0,0,0,0,0,0,0,0,0,0,0,0,0,0,0,0,0,0,0,0,0,0,0,0,0,0,0,0,0,0,0,0,0,0,0,0,1,0,0,0,0,0,0,0,0,0,0,0,0,0,0,0,0,0,0,0,0,0,0,0,0,0,0,0,0,0,0,0,0,0,0,0,0,0,0,0,0,0,0,0
0,0,0,0,0,1,0,1,0,0,0,0,0,0,1,0,0,0,0,0,0,0,0,0,0,1,0,3,1,1,0,1,1,1,1,1,0,1,0,0,0,3,0,1,0,0,0,0,0,0,1,0,0,0,2,1,0,0,1,1,2,1,1,1,1,0,0,1,0,0,0,1,1,0,1,0,0,1,0,1,0,1,0,0,0,0,0,0,0,1,0,0,0,0,0,0,0,0,0,0,0,0,1,1,0,0,0,0,0,0,0,0,0,0,0,0,0,0,0,0,0,0,0,0,0,0,0,0,0,0,0,0,0,0,0,0,0,0,0,0,0,0,0,0,0,0,0,0,0,0,0,0,0,0,0,0,0,0,0,0,0,0,0,0,0,0,0,0,0,0,0,0,0,0,0,0,0,0,0,0,0,0,0,0,0,0,0,0,0,0,0,0,0,0,0,0,0,0,0,0
0,0,0,0,0,0,1,0,0,0,0,0,0,0,0,0,0,0,1,0,1,1,0,1,0,0,0,1,0,0,1,1,0,2,0,0,1,1,0,0,0,2,0,1,0,0,3,1,0,1,0,3,3,1,0,1,1,1,1,0,0,3,0,2,1,1,0,0,0,0,1,1,1,0,0,1,0,0,0,1,0,1,1,1,0,0,0,0,0,0,0,0,0,0,0,0,1,1,0,0,1,0,0,0,0,0,0,0,0,1,0,0,0,0,0,0,1,0,0,0,0,0,0,0,0,0,0,0,0,0,0,0,0,0,0,0,0,0,0,0,0,0,0,0,0,0,0,0,0,0,0,0,0,0,0,0,0,0,0,0,0,0,0,0,0,0,0,0,0,0,0,0,0,0,0,0,0,0,0,0,0,0,0,0,0,0,0,0,0,0,0,0,0,0,0,0,0,0,0,0
0,0,0,0,0,0,0,0,0,0,0,0,1,0,0,0,0,0,0,1,0,0,0,0,0,1,0,0,0,1,1,1,1,0,1,0,0,2,2,1,2,1,0,2,1,1,1,1,0,1,2,0,1,1,0,1,1,1,1,1,0,1,0,0,0,0,0,0,0,0,0,0,0,0,0,0,2,0,1,1,0,0,0,0,0,0,1,0,0,1,0,0,0,0,0,0,0,0,0,0,0,0,0,0,1,0,0,0,0,0,0,0,0,0,0,0,0,0,0,0,0,0,0,0,0,0,0,0,0,0,0,0,0,0,0,0,0,0,0,0,0,0,0,0,0,0,0,0,0,0,0,0,0,0,0,0,0,0,0,0,0,0,0,0,0,0,0,0,0,0,0,0,0,0,0,0,0,0,0,0,0,0,0,0,0,0,0,0,0,0,0,0,0,0,0,0,0,0,0,0
0,0,0,0,0,0,0,0,0,0,0,1,0,0,0,1,0,0,1,0,1,0,0,0,0,0,0,1,0,2,1,1,2,0,0,1,0,0,0,1,0,1,1,2,1,0,2,1,0,0,1,0,0,1,1,0,0,0,0,4,0,1,1,0,0,1,1,2,0,0,0,0,0,0,0,0,0,0,0,0,1,0,0,0,0,0,0,0,0,0,0,0,0,1,0,0,0,0,0,0,0,0,0,0,0,0,0,0,0,0,0,0,0,0,0,0,0,0,0,0,0,0,0,0,0,0,0,0,0,0,0,0,0,0,0,0,0,0,0,0,0,0,0,0,0,0,0,0,0,0,0,0,0,0,0,0,0,0,0,0,0,0,0,0,0,0,0,0,0,0,0,0,0,0,0,0,0,0,0,0,0,0,0,0,0,0,0,0,0,0,0,0,0,0,0,0,0,0,0,0
0,0,0,0,0,0,0,1,0,0,0,0,0,0,0,0,0,0,0,0,0,0,0,1,1,0,0,0,1,0,1,1,1,0,3,0,1,0,4,0,0,1,1,1,2,1,0,0,0,0,1,0,1,0,0,0,0,1,2,2,1,2,0,0,0,0,1,0,0,2,0,1,1,0,0,1,0,1,0,0,0,0,0,0,0,0,0,0,0,0,1,0,0,0,0,0,0,0,0,0,0,0,0,0,0,1,0,0,0,0,0,0,1,0,0,0,0,0,0,0,0,0,0,0,0,0,0,0,0,0,0,0,0,0,0,0,0,0,0,0,0,0,0,0,0,0,0,0,0,0,0,0,0,0,0,0,0,0,0,0,0,0,0,0,0,0,0,0,0,0,0,0,0,0,0,0,0,0,0,0,0,0,0,0,0,0,0,0,0,0,0,0,0,0,0,0,0,0,0,0
1,0,0,0,0,0,0,0,0,1,0,0,0,0,1,1,0,1,0,0,0,0,0,1,0,0,0,0,0,0,0,1,0,3,2,2,0,2,0,2,1,0,1,1,0,0,0,2,0,2,0,2,1,0,1,0,0,1,2,0,1,0,0,0,1,1,0,0,0,1,2,1,0,1,0,1,0,0,0,0,0,0,0,1,0,0,0,0,0,1,0,0,0,0,0,1,0,0,0,0,0,0,0,0,0,0,1,0,0,0,0,0,0,0,0,0,0,0,0,0,0,0,0,0,0,0,0,0,0,0,0,0,0,0,0,0,0,0,0,0,0,0,0,0,0,0,0,0,0,0,0,0,0,0,0,0,0,0,0,0,0,0,0,0,0,0,0,0,0,0,0,0,0,0,0,0,0,0,0,0,0,0,0,0,0,0,0,0,0,0,0,0,0,0,0,0,0,0,0,0
0,0,0,0,0,0,0,0,0,0,0,0,0,0,0,0,0,0,1,1,0,1,0,0,0,2,0,0,1,0,0,0,0,0,1,0,0,1,1,1,1,0,0,2,0,1,0,1,2,0,1,0,0,0,2,0,0,1,1,0,0,0,1,1,1,0,0,0,0,0,0,0,0,0,0,1,0,0,1,0,0,0,0,0,0,0,0,0,0,0,0,0,1,0,0,0,0,0,0,0,0,0,0,0,0,0,0,0,0,0,0,0,0,0,0,0,0,0,0,0,0,0,0,0,0,0,0,0,0,0,0,0,0,0,0,0,0,0,0,0,0,0,0,0,0,0,0,0,0,0,0,0,0,0,0,0,0,0,0,0,0,0,0,0,0,0,0,0,0,0,0,0,0,0,0,0,0,0,0,0,0,0,0,0,0,0,0,0,0,0,0,0,0,0,0,0,0,0,0,0
1,0,0,0,0,0,1,0,0,0,0,0,0,0,1,1,0,0,0,2,0,0,0,0,0,0,0,0,1,0,0,0,1,0,0,1,0,0,1,0,1,0,0,1,1,0,0,1,0,1,0,1,2,1,1,1,0,1,0,0,0,0,2,0,0,0,0,0,0,0,1,0,1,0,0,1,0,0,0,0,0,0,0,0,0,0,0,0,0,0,0,0,0,0,0,0,0,0,0,0,0,0,0,0,0,0,0,0,0,0,0,0,0,0,0,0,0,0,0,0,0,0,0,0,0,0,0,0,0,0,0,0,0,0,0,0,0,0,0,0,0,0,0,0,0,0,0,0,0,0,0,0,0,0,0,0,0,0,0,0,0,0,0,0,0,0,0,0,0,0,0,0,0,0,0,0,0,0,0,0,0,0,0,0,0,0,0,0,0,0,0,0,0,0,0,0,0,0,0,0
1,0,0,0,0,0,1,0,0,0,0,0,0,0,0,0,0,0,1,0,0,0,1,0,0,0,1,0,0,1,1,0,1,1,1,1,2,0,3,3,0,0,1,0,0,0,2,1,0,0,0,1,0,2,1,0,1,0,0,1,0,0,1,0,0,0,0,0,0,1,0,0,1,0,0,1,0,0,0,0,1,0,0,0,0,0,0,0,0,0,0,0,0,0,0,0,0,0,0,0,0,0,0,0,0,0,0,0,1,0,1,0,0,0,0,0,1,0,0,0,0,0,0,0,0,0,0,0,0,0,0,0,0,0,0,0,0,0,0,0,0,0,0,0,0,0,0,0,0,0,0,0,0,0,0,0,0,0,0,0,0,0,0,0,0,0,0,0,0,0,0,0,0,0,0,0,0,0,0,0,0,0,0,0,0,0,0,0,0,0,0,0,0,0,0,0,0,0,0,0
0,0,0,0,0,0,0,1,0,0,0,1,0,0,0,1,0,0,0,0,0,0,0,0,0,1,0,1,0,1,0,0,0,0,0,0,1,0,3,0,0,0,0,2,0,0,0,0,1,0,0,1,0,1,0,0,1,0,1,0,1,0,0,0,0,0,0,0,0,0,0,0,0,0,0,0,0,0,0,0,0,0,0,1,0,0,0,0,0,0,0,0,0,0,0,0,0,0,0,0,0,0,0,0,0,0,0,0,0,0,0,0,0,0,0,0,0,0,0,0,0,0,0,0,0,0,0,0,0,0,0,0,0,0,0,0,0,0,0,0,0,0,0,0,0,0,0,0,0,0,0,0,0,0,0,0,0,0,0,0,0,0,0,0,0,0,0,0,0,0,0,0,0,0,0,0,0,0,0,0,0,0,0,0,0,0,0,0,0,0,0,0,0,0,0,0,0,0,0,0
0,0,0,0,0,0,0,0,0,0,0,1,0,0,0,0,0,0,0,0,0,1,0,0,0,0,0,0,0,0,0,0,1,1,2,0,1,1,1,0,0,0,1,0,1,0,0,1,0,0,2,0,0,3,0,0,1,2,0,0,0,0,0,1,0,1,1,0,0,0,0,0,0,0,0,0,0,0,0,0,2,0,0,0,1,1,0,0,0,0,0,0,0,0,0,0,0,0,0,0,0,0,0,0,0,0,0,0,1,0,0,0,0,0,0,0,0,0,0,0,0,0,0,0,0,0,0,0,0,0,0,0,0,0,0,0,0,0,0,0,0,0,0,0,0,0,0,0,0,0,0,0,0,0,0,0,0,0,0,0,0,0,0,0,0,0,0,0,0,0,0,0,0,0,0,0,0,0,0,0,0,0,0,0,0,0,0,0,0,0,0,0,0,0,0,0,0,0,0,0
0,0,0,0,0,1,0,0,0,0,0,0,0,0,0,0,0,1,1,0,0,0,0,0,0,1,0,0,0,0,2,0,0,1,2,0,0,0,0,0,2,1,0,0,1,1,0,0,0,0,1,0,0,1,2,0,0,0,0,1,0,2,0,0,0,1,1,1,0,0,0,0,0,0,0,0,0,0,1,1,0,1,0,0,0,0,0,0,0,0,0,0,0,0,0,0,0,0,0,0,0,0,0,0,0,0,0,0,0,0,0,0,0,0,0,0,0,0,0,0,0,0,0,0,0,0,0,0,0,0,0,0,0,0,0,0,0,0,0,0,0,0,0,0,0,0,0,0,0,0,0,0,0,0,0,0,0,0,0,0,0,0,0,0,0,0,0,0,0,0,0,0,0,0,0,0,0,0,0,0,0,0,0,0,0,0,0,0,0,0,0,0,0,0,0,0,0,0,0,0
0,0,0,0,0,0,0,0,0,0,0,0,0,0,0,0,0,0,0,0,0,0,0,0,0,0,0,0,0,1,0,1,1,1,1,1,0,0,1,0,1,1,0,0,2,1,1,0,0,1,1,0,0,0,1,0,1,1,1,1,1,2,2,0,0,2,2,1,0,0,0,1,0,1,0,0,0,0,0,2,0,0,0,0,0,0,1,0,0,0,0,0,0,0,0,0,0,0,0,1,1,0,0,0,0,0,0,0,0,0,0,0,0,0,0,0,0,0,0,0,0,0,0,0,0,0,0,0,0,0,0,0,0,0,0,0,0,0,0,0,0,0,0,0,0,0,0,0,0,0,0,0,0,0,0,0,0,0,0,0,0,0,0,0,0,0,0,0,0,0,0,0,0,0,0,0,0,0,0,0,0,0,0,0,0,0,0,0,0,0,0,0,0,0,0,0,0,0,0,0
0,0,0,0,0,0,0,0,0,0,0,0,0,0,1,0,0,0,0,1,0,0,0,0,0,2,0,0,0,0,0,0,1,0,1,1,0,0,1,2,0,0,1,0,1,1,0,0,0,0,2,0,0,0,2,0,0,1,1,0,1,0,0,0,0,1,1,0,2,1,0,0,0,0,0,1,0,0,0,0,0,1,0,0,0,0,0,0,0,0,0,0,0,0,0,0,0,0,0,0,0,0,0,0,0,0,0,0,0,0,0,0,0,0,0,0,0,0,0,0,0,0,0,0,0,0,0,0,0,0,0,0,0,0,0,0,0,0,0,0,0,0,0,0,0,0,0,0,0,0,0,0,0,0,0,0,0,0,0,0,0,0,0,0,0,0,0,0,0,0,0,0,0,0,0,0,0,0,0,0,0,0,0,0,0,0,0,0,0,0,0,0,0,0,0,0,0,0,0,0
1,1,0,0,0,0,0,0,1,0,0,1,0,0,0,1,0,0,0,0,0,1,0,0,0,0,0,0,1,0,0,1,0,0,1,1,1,1,0,0,0,0,0,0,0,0,0,0,0,1,0,0,0,0,0,0,1,0,0,1,1,0,1,0,0,0,0,0,0,0,0,0,0,0,0,0,0,0,0,0,0,0,0,0,0,0,0,0,0,0,0,0,0,0,1,0,0,0,0,0,0,0,0,0,0,0,0,0,0,0,0,0,0,0,0,0,0,0,0,0,0,0,0,0,0,0,0,0,0,0,0,0,0,0,0,0,0,0,0,0,0,0,0,0,0,0,0,0,0,0,0,0,0,0,0,0,0,0,0,0,0,0,0,0,0,0,0,0,0,0,0,0,0,0,0,0,0,0,0,0,0,0,0,0,0,0,0,0,0,0,0,0,0,0,0,0,0,0,0,0
0,0,0,0,0,0,0,0,0,0,0,0,0,0,0,0,0,0,0,0,0,0,0,0,0,2,0,1,1,1,0,1,0,0,1,0,1,1,0,1,0,3,0,0,1,0,0,0,1,0,1,0,0,0,1,0,0,0,0,0,1,1,0,0,0,0,1,0,0,0,0,0,0,0,0,0,0,0,3,0,0,0,0,0,0,0,0,0,0,0,0,0,0,0,0,0,0,0,0,0,0,0,0,0,0,0,0,0,0,0,0,0,0,0,0,0,0,0,0,0,1,0,0,0,0,0,0,0,0,0,0,0,0,0,0,0,0,0,0,0,0,0,0,0,0,0,0,0,0,0,0,0,0,0,0,0,0,0,0,0,0,0,0,0,0,0,0,0,0,0,0,0,0,0,0,0,0,0,0,0,0,0,0,0,0,0,0,0,0,0,0,0,0,0,0,0,0,0,0,0
