0,0,2,0,0,0,0,1,1,0,0,2,2,2,10,8,5,9,9,10,21,12,6,11,9,23,21,9,16,30,37,26,35,31,56,54,42,74,52,78,110,118,108,89,151,144,179,132,165,142,202,204,225,249,243,267,355,327,357,401,414,469,442,483,542,530,590,645,631,678,698,736,831,824,795,874,931,940,996,1068,1083,1004,1027,1140,1112,1148,1231,1228,1135,1224,1171,1302,1216,1306,1308,1321,1394,1306,1266,1226,1270,1141,1294,1153,1173,1101,1146,1179,1125,1055,1092,1026,1041,1000,945,936,987,891,793,891,846,726,696,721,701,696,639,595,575,506,514,459,445,400,385,349,384,299,351,294,262,261,278,284,211,184,221,137,141,167,136,145,134,109,114,80,112,69,81,69,49,48,33,57,31,49,39,26,28,36,30,16,16,20,2,5,13,4,9,8,5,4,4,8,8,3,3,0,0,0,6,3,0,0,0,3,2,0,0,0
0,0,1,0,0,0,0,2,1,0,0,3,1,1,7,10,3,9,9,10,21,13,5,12,10,32,12,18,35,33,25,51,48,38,82,56,79,92,61,100,134,132,111,123,163,152,239,154,221,229,258,253,297,303,328,334,449,402,489,504,508,601,540,575,660,628,744,782,726,779,834,911,921,911,894,1051,1049,1073,1086,1195,1146,1102,1081,1186,1145,1203,1218,1338,1096,1253,1131,1282,1260,1274,1286,1164,1244,1286,1178,1178,1176,1050,1117,1046,1057,963,1017,1008,958,860,879,904,853,863,721,794,742,688,653,588,543,576,529,551,496,531,465,416,401,338,366,329,341,282,283,261,274,258,212,250,185,193,190,187,150,124,160,114,118,111,92,94,86,92,93,53,73,41,46,62,44,32,38,35,28,21,23,26,15,20,10,10,6,9,9,13,5,3,6,5,8,3,3,11,4,2,3,2,0,0,1,1,0,0,0,1,0,0,0,1
0,0,0,0,0,3,0,1,1,0,0,4,0,2,3,8,4,12,11,11,12,18,8,16,8,27,16,27,30,31,24,43,47,54,74,73,77,123,80,108,144,139,159,158,188,202,246,211,242,228,274,286,361,346,380,378,485,464,539,485,601,662,583,673,682,792,785,859,870,872,928,963,961,1006,1020,1094,1127,1196,1166,1193,1171,1238,1151,1295,1273,1238,1199,1311,1184,1253,1254,1296,1244,1213,1232,1144,1217,1093,1058,1052,1016,1001,1085,898,997,796,863,899,836,836,778,776,707,731,622,610,603,513,506,505,466,464,436,447,378,381,330,319,311,263,276,269,243,240,219,160,207,194,164,169,147,159,120,128,108,106,107,72,78,71,67,75,68,50,47,60,59,37,28,40,38,31,20,31,27,20,19,27,14,21,10,10,8,12,8,4,3,0,7,3,2,2,3,5,7,0,2,1,0,0,2,1,0,0,0,2,1,0,0,0
0,0,3,0,0,1,0,1,3,0,0,5,1,2,9,7,4,12,6,16,15,19,8,9,20,29,18,20,30,42,30,40,71,44,80,77,96,136,94,123,176,180,190,193,192,185,273,239,324,278,347,327,388,382,422,400,548,528,597,595,623,688,640,670,777,811,833,912,882,889,914,978,1029,1022,1057,1155,1153,1182,1241,1292,1188,1167,1159,1251,1192,1197,1229,1350,1095,1227,1253,1217,1084,1133,1217,1077,1127,1048,1016,1022,935,904,966,879,861,745,772,775,738,604,628,628,570,608,535,529,483,424,431,415,387,382,338,351,266,303,288,253,240,179,205,179,197,172,159,153,135,135,128,123,98,107,83,115,89,73,74,52,60,72,68,40,53,39,60,44,37,32,39,24,18,28,23,29,16,20,11,13,7,14,12,6,4,6,2,5,3,2,3,1,1,2,3,3,1,0,5,1,1,0,0,2,0,0,0,1,1,0,0,1
0,0,2,0,0,3,0,6,0,0,0,2,1,0,12,13,4,14,9,15,14,12,7,17,21,39,22,26,36,51,32,50,66,63,75,77,82,140,117,151,187,167,160,216,211,212,334,262,323,254,342,328,430,464,447,500,597,556,626,618,652,728,680,741,802,823,932,979,951,901,956,992,1138,1118,1054,1247,1191,1221,1250,1331,1215,1186,1136,1247,1222,1179,1206,1287,1126,1181,1115,1135,1074,1090,1079,1020,1079,1000,934,892,868,827,875,771,827,650,660,679,651,558,563,551,524,517,432,440,426,369,333,357,311,287,295,276,256,257,220,206,179,167,165,141,166,123,119,116,101,97,83,115,83,71,96,68,67,56,53,62,40,33,50,39,58,29,30,29,29,22,16,24,27,13,15,12,20,20,14,13,10,8,8,4,5,7,5,3,2,0,0,5,1,3,3,7,4,3,2,0,1,0,1,2,0,0,0,0,3,0,0,1
0,0,5,0,0,0,0,2,2,0,0,4,2,1,9,7,7,9,15,20,19,21,10,24,25,38,32,31,42,46,31,57,55,49,88,76,105,162,111,153,215,187,173,215,226,256,360,268,355,308,375,382,441,472,474,542,576,599,644,711,718,829,752,827,842,886,926,1002,923,1017,1005,1115,1165,1103,1141,1210,1179,1200,1244,1274,1216,1204,1160,1207,1164,1182,1213,1188,1092,1119,1125,1118,1030,1016,1015,947,958,906,831,818,847,740,724,694,721,623,560,589,530,494,460,467,389,430,340,401,367,295,314,316,259,232,218,200,180,185,176,169,174,149,133,108,132,99,101,88,84,83,69,61,58,53,55,43,46,41,47,36,31,33,35,30,25,26,34,21,31,18,14,15,13,8,12,14,13,19,6,11,9,7,7,5,4,9,1,5,1,0,1,3,1,2,2,5,3,0,3,1,1,0,1,0,0,0,0,0,0,0,0,0
0,0,2,0,0,2,0,2,2,0,0,3,0,2,12,13,8,7,12,17,26,22,15,25,20,33,27,26,51,43,39,54,58,55,90,87,96,165,120,165,177,197,178,241,243,254,352,264,377,339,441,378,464,441,503,512,634,599,672,693,704,889,767,787,867,887,1000,1039,1007,998,1027,1053,1197,1062,1098,1167,1168,1244,1249,1251,1177,1212,1102,1210,1154,1105,1160,1267,1000,1073,989,1058,1009,1015,992,794,900,907,787,790,728,746,767,631,638,503,505,519,521,460,473,410,396,385,316,337,304,231,279,257,230,200,187,200,158,147,149,126,126,120,123,88,119,66,87,78,72,69,58,41,54,54,32,42,42,31,41,25,31,31,24,21,31,29,25,23,22,17,14,16,8,11,8,8,8,9,6,6,5,2,5,4,1,5,4,4,2,0,1,0,0,1,4,4,4,1,2,0,0,0,1,1,0,0,0,1,0,0,0,1
0,0,1,0,0,0,0,7,2,0,0,2,0,2,12,14,2,10,13,24,22,27,10,19,27,39,36,29,43,50,48,68,83,64,101,97,102,182,122,154,207,225,219,221,256,272,380,301,386,345,396,428,479,501,488,594,629,640,746,680,781,814,790,824,846,898,922,1087,928,1056,1028,1137,1173,1049,1074,1192,1154,1211,1202,1209,1156,1101,1072,1140,1088,1074,1085,1192,983,1081,1000,987,862,850,922,865,858,792,755,707,692,644,669,570,562,437,469,490,461,432,381,346,343,324,292,264,247,235,220,206,178,149,171,157,131,138,124,101,117,74,81,91,87,82,56,61,49,65,45,41,38,42,32,41,17,33,16,26,18,19,30,21,15,13,18,19,17,7,15,9,10,10,10,14,7,11,10,11,2,9,7,2,3,6,4,3,0,0,2,1,2,2,1,2,2,3,4,1,0,0,0,0,0,0,0,1,0,0,0,0
0,0,3,0,0,0,0,2,1,0,0,6,1,3,9,15,4,17,24,16,24,27,10,22,25,34,33,36,51,59,54,84,84,56,120,88,113,170,105,153,220,226,218,263,291,302,388,316,380,323,416,395,490,476,522,591,686,631,726,722,758,833,769,823,871,864,944,1075,957,1021,992,1007,1075,1028,1072,1147,1211,1117,1149,1228,1177,1078,1003,1139,1100,1039,1068,1098,927,1007,949,937,938,872,862,814,752,689,709,655,636,545,609,497,476,408,437,425,376,344,349,310,293,282,276,234,223,206,174,158,157,122,122,141,107,113,113,90,100,58,59,61,63,65,64,48,39,30,45,39,39,29,30,20,20,22,20,20,22,20,12,17,22,9,17,11,5,11,11,7,8,8,9,6,5,6,6,4,6,6,6,3,3,2,1,1,0,1,0,4,2,1,1,3,2,2,2,0,0,0,0,5,0,0,0,0,1,0,0,0
0,0,5,0,0,4,0,6,0,0,0,2,1,3,10,17,3,9,14,23,19,24,14,21,25,49,21,28,42,62,44,66,83,73,119,97,129,201,130,176,246,235,229,243,283,316,399,314,406,345,464,411,533,505,498,527,664,647,740,689,767,842,778,854,939,877,932,1064,1007,983,936,1049,1132,1054,1071,1123,1141,1138,1146,1134,1087,1074,1034,1107,1042,989,1043,1045,900,891,823,917,833,816,795,709,700,676,622,614,625,508,562,480,498,407,373,374,371,338,335,318,289,290,229,209,209,151,167,138,137,143,116,124,97,107,101,83,84,47,66,42,70,49,42,48,42,34,33,27,20,30,22,16,15,14,19,23,6,21,12,18,18,7,14,7,11,6,5,12,10,6,7,10,2,7,5,5,6,7,0,5,1,4,3,0,1,0,3,2,1,0,1,1,3,1,0,1,0,0,1,1,0,0,0,0,1,0,0,0
0,0,1,0,0,3,0,5,1,0,0,4,0,1,10,17,5,17,20,18,20,25,16,26,24,41,24,24,43,60,35,78,70,59,123,107,120,195,140,180,237,237,209,270,287,278,377,315,459,368,421,416,511,483,607,558,690,639,688,771,742,839,795,860,883,885,956,1066,1003,998,953,1027,1162,1076,1001,1091,1123,1156,1071,1132,1067,1095,996,1009,1006,951,996,966,855,871,790,829,785,776,730,652,702,614,566,628,546,488,505,456,408,382,378,351,342,282,289,236,246,223,196,210,194,138,134,128,118,118,100,114,75,97,88,64,59,45,55,56,43,36,42,39,38,29,23,20,14,18,25,22,18,21,12,10,12,7,10,13,4,4,5,8,9,3,7,1,7,1,2,4,3,3,3,2,6,5,2,2,1,1,0,0,0,0,1,1,3,1,2,3,1,3,0,0,0,0,2,2,0,0,0,0,0,0,0,0
0,0,6,0,0,4,0,5,1,0,0,5,1,2,10,15,4,15,15,28,24,30,13,28,32,49,25,37,45,75,40,83,89,79,123,82,140,203,135,169,258,206,238,247,225,311,414,320,443,376,471,435,524,536,532,503,645,656,725,696,792,790,751,832,904,924,956,1061,1007,929,989,1054,1070,1061,997,1082,1117,1090,1056,1037,1061,970,982,962,946,935,891,1014,829,821,767,802,778,725,698,613,653,645,558,489,494,471,452,446,432,325,351,340,334,283,275,251,177,207,180,197,145,129,127,133,110,92,92,92,55,66,72,54,64,36,46,49,43,37,34,27,36,26,24,24,15,21,13,28,13,17,10,11,8,7,8,3,12,6,7,5,9,6,10,5,5,0,2,4,2,6,3,2,5,0,3,3,2,2,0,2,0,0,1,3,2,1,1,0,3,0,1,0,1,0,3,0,0,0,0,1,0,0,0,0
0,0,0,0,0,3,0,4,1,0,0,6,3,5,14,16,5,15,16,25,22,23,13,20,30,34,33,24,47,53,33,96,71,65,139,111,111,219,132,204,275,232,239,246,293,349,407,334,454,381,437,405,518,530,584,582,696,659,742,710,812,846,768,867,864,937,939,1032,929,976,969,964,1106,958,1054,1041,1070,1062,1071,1031,970,973,922,924,949,902,934,916,737,773,728,752,719,698,666,587,662,600,519,463,475,418,440,399,343,289,303,282,242,236,190,210,185,203,159,160,144,136,123,113,95,79,83,77,56,68,62,50,44,35,53,26,40,28,24,17,22,16,24,24,16,15,11,10,10,16,16,10,8,9,6,5,3,3,4,4,4,0,5,5,8,1,5,3,2,0,4,2,4,0,0,1,0,1,2,4,1,0,1,1,1,0,0,0,3,0,1,0,0,0,0,1,0,0,0,0,0,0,0,1
0,0,2,0,0,4,0,1,1,0,0,7,1,4,20,17,8,16,24,17,29,20,13,25,38,41,36,41,53,55,39,81,87,76,109,98,135,234,153,197,270,238,221,272,290,294,449,332,417,374,489,464,548,516,512,556,625,615,753,726,726,879,836,840,832,871,894,963,959,936,922,1018,1045,999,928,1036,1004,1032,995,1035,951,977,905,933,895,773,818,834,812,745,658,688,675,597,620,542,619,512,464,427,448,374,379,340,325,261,287,238,221,223,197,161,181,172,144,159,153,104,105,101,91,66,70,74,59,40,44,37,59,32,31,32,39,22,20,30,13,24,12,12,10,13,8,6,11,11,11,3,4,10,9,6,4,4,7,3,8,5,7,2,3,3,5,3,2,1,2,2,4,4,2,4,0,3,0,0,1,0,4,1,0,0,0,0,2,1,0,0,1,0,0,1,0,0,0,2,0,0,0,4
0,0,5,0,0,2,0,4,3,0,0,6,0,2,23,16,4,17,24,20,17,24,17,25,28,51,35,30,58,71,45,75,100,79,134,113,122,179,140,180,196,243,251,274,289,298,380,328,441,367,435,401,514,492,514,536,679,641,718,724,781,825,713,765,847,815,902,936,960,941,955,953,1034,935,962,1007,991,1027,998,936,930,920,867,832,857,785,778,774,745,720,702,680,569,559,551,500,507,447,431,450,391,371,354,355,315,251,242,230,217,175,214,143,140,147,145,128,124,89,89,62,71,55,69,61,60,46,32,37,42,22,28,25,21,26,19,27,12,21,17,17,9,10,8,9,7,8,9,4,3,3,7,2,2,5,5,4,7,2,2,1,4,3,0,6,1,7,3,1,3,2,2,1,4,1,2,2,0,0,0,0,0,3,1,0,0,1,0,0,1,0,0,0,0,0,0,0,0,0,0,1
0,0,4,0,0,2,0,4,1,0,0,3,1,1,15,12,8,21,15,20,24,20,14,28,31,40,22,26,53,48,43,67,81,82,134,122,145,208,130,184,223,262,228,247,288,315,414,339,400,389,453,432,501,515,517,549,653,644,741,745,755,785,745,803,905,845,867,1011,923,935,906,938,1018,923,964,1000,954,981,904,885,906,842,835,817,856,795,762,742,654,688,634,679,575,549,566,482,437,434,389,399,371,339,347,295,282,258,262,208,207,203,187,164,123,125,127,133,106,98,77,74,65,72,55,55,55,39,40,34,36,25,27,23,23,23,15,17,11,18,10,18,6,10,10,11,14,6,7,4,4,5,3,3,4,2,1,3,5,2,0,3,3,4,1,1,1,4,1,1,1,1,1,1,2,0,0,0,1,0,0,3,0,0,3,0,1,0,1,0,0,0,1,0,0,0,0,1,2,0,0,0
0,0,1,0,0,4,0,4,3,0,0,3,1,2,10,17,8,16,21,19,26,27,20,27,38,60,29,24,56,61,46,75,77,74,123,120,119,213,138,206,241,243,218,250,265,281,438,343,405,372,379,427,569,528,605,554,699,670,709,711,708,794,733,739,783,820,901,925,904,839,877,894,965,914,875,886,898,980,923,938,831,862,760,834,795,702,730,759,639,654,599,613,493,538,567,415,487,408,379,412,355,301,300,284,240,216,235,191,218,160,151,147,138,124,109,89,86,78,78,62,50,61,56,36,31,37,34,31,19,25,25,22,18,18,15,10,16,16,11,13,11,9,4,5,6,4,6,5,3,2,1,4,4,3,4,1,1,2,3,0,2,2,1,5,0,1,0,0,3,3,0,1,0,1,0,1,0,1,0,0,0,0,2,0,1,0,0,0,0,0,0,0,0,0,0,0,0,0,0,0
0,0,2,0,0,2,0,4,2,0,0,5,2,1,14,25,3,16,22,22,17,24,14,21,29,51,29,31,58,53,56,78,97,67,126,118,120,223,158,174,253,245,256,266,314,321,454,351,407,398,472,463,497,526,507,556,661,589,696,730,686,758,718,748,851,826,834,904,862,832,873,891,967,922,834,951,879,911,904,871,841,765,723,809,744,667,671,670,605,600,588,552,516,471,480,403,458,406,334,340,322,311,310,252,247,203,183,189,177,162,152,129,117,108,107,91,93,71,75,53,60,50,49,51,45,31,36,27,31,19,21,19,14,14,16,13,12,6,5,4,9,6,5,5,5,5,5,2,4,7,4,3,3,3,1,2,0,2,4,1,1,5,2,1,0,0,1,1,0,0,0,0,1,0,0,1,0,0,1,1,0,2,0,2,1,1,1,0,0,0,0,1,0,0,0,0,0,0,0,0
0,0,2,0,0,3,0,3,2,0,0,6,0,2,9,13,5,18,19,28,23,34,16,28,34,40,36,26,58,65,37,79,102,73,143,113,138,188,130,190,238,235,228,280,293,308,450,324,421,350,438,375,543,466,544,566,667,595,751,673,744,769,672,746,820,802,873,896,836,795,824,853,904,847,833,869,854,946,855,838,784,744,703,818,721,691,687,718,582,587,547,556,513,489,477,386,417,367,309,288,300,264,284,271,207,188,197,167,155,142,115,129,127,117,91,87,80,60,63,74,56,41,50,31,48,25,30,37,25,19,20,21,25,12,11,11,11,10,4,8,8,4,4,8,3,2,4,2,8,4,2,2,3,6,1,3,1,4,1,1,2,3,0,3,0,0,1,1,1,0,0,0,0,0,0,0,0,0,0,0,1,0,0,1,0,1,0,1,1,0,0,1,0,0,0,0,0,0,0,1
0,0,2,0,0,1,0,4,2,0,0,5,1,2,9,16,6,22,18,21,15,25,12,34,30,51,38,22,65,65,38,69,98,73,122,105,139,227,130,197,238,248,210,250,295,338,433,333,434,342,413,410,545,514,480,567,634,605,662,698,707,748,755,755,800,756,863,877,832,781,842,870,908,841,842,872,829,846,843,753,802,719,664,744,683,633,612,670,500,571,537,494,465,446,410,376,399,357,321,309,292,252,260,191,224,160,181,161,158,151,118,115,103,91,83,76,78,65,60,59,35,38,37,36,36,24,28,20,12,23,18,22,21,15,12,10,9,8,7,7,6,2,3,4,6,4,0,1,0,5,3,2,2,1,3,3,1,1,1,1,0,1,0,1,1,1,0,1,1,0,0,0,0,0,0,1,0,0,0,0,1,1,1,0,2,0,0,0,0,0,0,0,0,0,0,0,0,0,0,1
0,0,4,0,0,5,0,1,3,0,0,6,1,2,20,14,6,22,12,21,32,23,17,33,39,51,28,37,60,64,47,73,110,82,141,111,128,228,123,187,226,230,223,269,276,327,442,318,390,365,410,425,471,496,524,535,634,607,646,636,695,713,727,722,750,766,785,828,835,800,783,778,907,807,771,846,793,752,770,746,743,741,698,711,663,588,619,619,499,533,450,541,436,393,419,361,367,326,271,305,275,239,247,193,213,140,153,154,128,128,122,119,100,112,80,76,70,50,60,55,36,41,32,25,30,27,26,22,21,19,12,10,23,13,5,9,7,6,1,7,10,4,4,1,0,2,2,5,1,4,2,1,4,0,5,0,1,1,2,2,0,1,0,2,1,0,0,0,0,0,1,1,0,1,0,1,0,0,0,2,1,1,1,1,1,0,2,0,0,0,0,0,0,0,0,1,0,0,0,0
0,0,1,0,0,1,0,2,0,0,0,5,1,0,13,15,4,19,29,20,38,23,13,31,35,46,32,34,67,53,42,87,104,77,134,116,136,200,128,186,230,247,215,250,266,307,407,327,393,325,459,422,495,464,511,540,637,586,666,631,676,736,618,711,774,776,806,831,786,769,743,772,740,759,755,803,795,775,782,787,727,645,652,705,589,588,558,592,461,475,442,442,425,353,385,356,381,315,268,269,268,242,230,175,179,170,160,142,144,123,114,102,99,72,68,85,69,49,53,48,41,38,32,33,25,23,26,17,23,16,9,12,9,15,3,6,7,9,4,4,6,4,3,4,2,1,1,2,2,0,2,2,1,0,3,1,1,1,1,0,0,0,1,1,0,0,0,0,0,1,0,0,0,1,0,0,0,0,0,0,0,1,0,1,0,1,0,0,0,0,1,0,0,0,0,0,0,0,0,0
0,0,4,0,0,3,0,6,0,0,0,8,1,1,17,19,7,18,27,17,25,22,16,34,30,49,31,29,38,69,49,80,87,90,127,102,124,199,123,163,254,240,211,271,305,328,413,310,377,319,418,359,475,464,506,500,618,586,665,625,610,688,692,727,706,728,782,792,764,706,754,772,770,730,745,788,716,768,752,692,650,655,650,639,577,571,547,566,456,482,419,440,352,364,386,347,341,339,255,269,233,207,199,181,177,125,142,122,131,115,102,103,81,88,72,54,63,60,35,57,45,37,38,36,14,25,23,16,18,21,12,12,15,10,7,8,10,3,2,6,3,3,4,2,3,1,2,0,1,4,3,2,0,0,4,2,1,1,0,0,0,0,0,0,0,1,0,0,0,2,1,0,2,0,0,1,0,0,1,0,0,0,0,0,0,1,0,0,0,0,0,0,0,0,0,1,0,0,0,0
0,0,3,0,0,1,0,1,1,0,0,5,2,2,14,16,2,21,19,20,17,27,11,23,38,46,21,29,48,69,43,74,89,81,132,98,127,198,140,177,233,220,181,269,301,290,387,334,394,331,417,386,519,498,482,513,593,562,649,594,650,685,622,639,719,685,799,788,741,698,755,737,782,702,761,794,691,741,718,673,621,607,578,626,552,535,526,531,444,470,421,423,362,330,366,289,360,286,281,260,243,196,189,176,191,136,108,145,110,102,108,86,68,72,61,65,43,58,41,49,37,28,21,24,14,27,16,17,14,13,9,11,13,4,6,6,5,6,5,6,5,1,1,6,0,1,2,0,0,3,0,1,1,1,1,1,1,1,0,0,3,1,0,0,0,0,0,0,2,0,0,0,0,0,0,0,0,0,0,0,0,0,0,0,0,0,1,0,1,0,0,1,0,0,0,1,0,0,0,1
0,0,1,0,0,3,0,3,2,0,0,5,3,1,16,17,5,23,30,22,27,25,21,22,31,44,38,31,56,59,43,82,79,56,142,116,134,225,135,187,212,244,219,254,250,324,388,318,404,317,395,399,505,473,479,476,545,578,623,605,626,694,648,682,643,722,708,771,745,708,734,736,750,722,713,741,703,677,687,683,640,610,544,598,579,473,515,553,443,490,386,389,337,347,352,246,289,291,282,209,225,170,164,169,140,144,119,135,106,105,102,82,71,72,62,45,52,50,33,44,36,29,27,29,26,19,28,16,13,10,12,11,6,14,2,6,6,1,3,6,4,8,2,3,1,0,0,1,2,0,1,0,1,2,0,1,1,2,2,0,2,1,0,0,1,0,0,0,0,1,0,0,0,0,0,1,0,0,0,2,0,0,1,2,1,1,0,0,0,0,0,0,0,0,0,0,0,0,0,0
0,0,4,0,0,1,0,6,1,0,0,6,4,1,11,19,1,17,20,27,16,27,13,36,40,42,26,30,46,69,40,83,105,65,136,94,111,206,122,186,229,221,197,241,288,289,361,315,414,328,407,348,467,463,446,482,587,539,596,613,641,683,602,663,654,688,729,685,688,715,719,629,778,658,647,713,666,661,634,694,649,576,570,558,533,472,441,538,370,415,374,382,347,338,313,279,312,234,253,191,184,176,180,152,147,120,133,116,102,89,89,61,76,80,60,34,41,41,32,35,22,24,29,24,18,18,8,9,13,12,5,5,9,12,3,3,6,8,3,5,4,4,5,2,1,1,1,5,2,1,0,0,0,1,1,3,0,0,1,1,3,0,0,1,0,0,0,1,2,0,0,0,1,0,0,1,0,0,1,0,1,0,0,0,1,0,2,0,0,0,0,0,0,0,0,0,0,0,0,0
0,0,2,0,0,4,0,1,1,0,0,6,0,1,16,10,2,18,22,28,11,27,21,36,31,48,30,25,69,58,49,68,101,86,114,96,135,204,124,198,243,201,213,252,258,290,377,309,378,331,415,401,471,478,446,473,597,540,643,595,583,658,591,656,641,675,701,665,666,654,638,671,736,634,614,676,646,653,614,598,594,546,531,533,539,453,493,479,395,377,345,357,353,313,302,238,256,250,214,203,187,160,168,147,133,111,95,102,95,93,79,66,69,54,42,38,41,45,55,31,34,32,14,16,21,24,12,15,16,7,10,9,7,2,1,2,5,0,3,3,1,1,6,1,0,3,2,0,1,0,0,1,2,0,1,0,0,2,0,0,0,1,0,2,0,0,0,0,0,1,1,0,0,0,0,0,0,0,0,0,0,0,1,0,0,0,0,0,0,0,0,0,0,0,0,0,0,0,0,0
0,0,2,0,0,1,0,7,4,0,0,7,1,2,10,14,8,23,15,19,21,32,17,38,27,43,32,32,73,62,35,77,97,85,125,106,136,185,105,175,240,203,198,246,271,261,364,278,362,303,351,357,481,465,431,448,553,556,593,589,617,618,593,616,625,646,668,683,634,670,691,639,705,682,600,688,602,635,622,576,568,590,497,553,493,441,430,454,357,372,344,330,284,276,313,226,222,256,199,195,177,173,167,137,104,74,109,90,95,71,82,70,67,72,37,44,48,30,30,26,30,25,24,15,19,15,10,9,11,6,11,11,6,4,8,5,6,1,3,1,3,1,3,1,1,1,0,0,0,2,1,1,3,2,2,0,1,1,0,1,1,0,0,1,2,0,0,0,0,0,1,0,1,0,1,0,0,0,0,0,0,0,0,1,0,0,2,0,0,0,0,0,0,0,0,0,0,0,0,1
0,0,5,0,0,2,0,4,1,0,0,7,0,1,21,18,6,16,21,28,24,25,11,19,37,53,32,41,55,57,34,66,86,82,121,117,103,196,136,185,237,229,219,231,258,275,339,283,356,301,364,378,443,387,464,482,538,516,599,530,574,619,593,618,632,618,604,671,614,611,628,617,668,635,612,652,598,650,575,561,551,478,487,474,457,432,424,453,365,360,354,302,269,289,256,243,223,198,218,179,169,144,144,124,125,121,101,107,88,70,66,61,46,39,51,45,39,27,34,23,28,27,19,20,16,15,9,7,13,11,8,8,10,7,0,2,2,3,1,3,2,0,1,1,1,0,0,0,1,2,0,0,0,1,0,0,0,1,0,0,1,2,0,0,0,0,1,0,0,0,0,0,0,0,0,0,0,0,1,0,0,0,0,0,0,0,0,0,1,0,0,0,0,0,0,0,0,0,0,0
0,0,2,0,0,1,0,2,0,0,0,4,0,1,8,7,10,22,19,22,13,27,18,25,30,38,31,33,55,51,45,80,74,80,133,83,122,206,122,170,220,221,202,226,217,282,344,272,354,299,365,346,477,428,465,431,536,484,569,515,595,602,552,588,640,581,637,691,609,617,567,648,621,605,583,600,574,623,586,546,576,502,460,482,473,398,434,372,318,348,324,315,277,268,243,229,237,198,180,169,180,151,125,122,121,111,81,107,89,81,74,49,54,47,37,38,35,42,27,39,30,16,16,16,19,14,14,9,17,13,2,5,5,7,8,6,5,2,5,1,1,2,2,0,1,1,1,1,0,6,1,1,0,1,0,0,1,0,1,0,0,0,1,0,0,0,1,0,1,0,0,0,0,0,0,1,0,0,0,0,0,0,0,0,0,0,0,0,0,0,0,0,0,0,0,0,0,0,0,0
0,0,3,0,0,2,0,2,1,0,0,5,3,1,18,14,6,16,16,31,28,22,19,26,28,45,28,31,39,71,40,78,76,62,114,89,117,196,122,155,203,240,196,235,220,283,353,297,360,329,388,301,434,405,416,417,534,488,572,487,518,625,569,581,603,587,606,630,586,575,565,604,659,550,621,611,582,584,553,489,475,478,457,444,427,372,368,377,317,337,320,315,248,296,221,220,233,201,175,181,140,141,117,107,109,85,64,95,85,53,68,46,41,49,51,40,39,33,25,22,22,14,20,12,6,19,12,10,15,4,4,5,6,3,8,4,1,2,1,1,1,3,1,2,0,1,1,0,0,1,0,1,0,0,3,0,0,0,0,1,1,1,0,0,1,0,0,0,0,0,1,0,0,0,0,0,0,0,1,0,0,0,2,0,2,0,1,0,0,0,0,0,0,0,0,0,0,0,0,1
0,0,2,0,0,4,0,3,0,0,0,4,3,3,12,16,5,17,29,27,18,27,14,28,25,43,24,30,56,62,37,67,76,71,108,106,114,184,118,168,231,206,203,210,231,280,350,266,342,309,371,301,390,418,440,422,510,461,555,532,497,543,525,561,533,578,557,621,564,601,547,590,577,582,543,599,532,531,526,498,488,451,431,416,405,372,363,379,298,322,267,296,275,225,231,224,230,169,158,135,143,128,117,121,107,92,80,83,69,51,63,60,43,46,40,44,33,29,24,21,23,26,12,11,14,10,18,10,12,5,9,9,3,2,3,4,2,3,1,2,2,2,2,2,3,3,0,0,1,0,1,1,2,1,0,1,1,0,0,1,1,1,1,1,0,1,1,0,1,1,0,0,0,0,0,0,0,0,0,1,0,0,0,0,1,0,0,0,0,0,0,2,0,0,0,0,0,0,0,0
0,0,4,0,0,3,0,1,2,0,0,11,1,1,20,20,7,12,13,20,20,29,15,28,39,52,25,23,64,63,37,73,82,59,126,78,124,172,123,137,217,218,214,224,217,252,330,268,316,277,336,311,406,427,421,460,494,473,552,482,550,582,492,559,545,582,586,609,528,566,565,578,583,561,499,552,555,508,492,507,467,413,444,433,399,392,398,344,290,274,271,283,239,279,250,201,181,190,162,147,132,117,125,107,105,78,92,65,64,50,55,65,43,37,31,31,20,25,28,17,23,19,16,8,13,11,17,13,9,6,2,7,6,4,3,5,1,0,3,1,3,1,1,1,1,1,0,2,0,0,0,0,1,0,1,0,1,0,0,0,1,1,0,1,0,0,0,0,0,0,0,0,0,0,0,0,0,0,0,0,0,0,0,0,1,0,0,0,0,0,1,0,0,0,0,0,0,0,0,2
0,0,3,0,0,4,0,7,1,0,0,8,0,1,18,15,4,9,24,13,24,19,14,34,35,38,25,26,53,50,30,74,99,67,102,98,132,156,111,156,207,212,205,221,255,257,375,268,338,282,354,321,397,400,380,409,463,452,506,513,508,515,500,536,522,548,598,560,511,523,544,579,570,499,476,470,533,517,460,476,462,415,372,406,377,337,357,317,296,321,265,279,249,230,193,196,183,191,161,129,136,126,103,110,95,79,82,69,68,63,59,52,30,45,30,27,32,28,16,23,26,18,19,13,8,5,10,7,3,6,3,2,2,5,2,1,4,3,2,0,2,0,0,1,0,0,2,0,1,1,0,1,0,1,0,0,0,0,0,0,0,0,0,1,0,0,0,0,0,0,1,0,0,0,0,0,0,0,0,0,0,1,0,0,1,0,0,0,0,0,1,0,0,0,0,0,0,0,0,0
0,0,1,0,0,2,0,3,1,0,0,7,2,2,17,10,8,14,21,24,19,21,15,27,31,42,24,33,58,52,47,71,87,77,119,84,116,171,111,147,198,198,174,200,290,251,327,259,307,285,344,302,366,385,363,428,474,501,495,476,528,490,462,489,535,529,503,582,542,534,536,561,571,497,463,489,498,501,464,457,447,375,436,405,352,335,352,309,256,296,224,261,216,226,192,161,158,173,128,114,130,122,102,100,91,77,72,69,66,51,52,54,42,43,40,34,29,27,26,18,17,19,17,15,9,8,14,8,7,5,2,3,2,4,5,3,2,1,1,5,4,2,0,1,1,1,0,1,2,1,1,0,1,1,0,0,0,0,1,0,0,0,0,0,0,0,0,0,1,0,0,1,0,0,0,0,0,0,0,0,0,1,0,0,0,0,0,0,0,0,0,0,0,0,0,0,0,0,0,0
0,0,4,0,0,2,0,6,1,0,0,5,0,1,12,17,8,18,15,26,20,18,19,25,39,54,25,29,64,47,41,80,80,78,101,85,110,190,127,140,195,198,175,206,219,227,343,274,305,263,319,320,372,340,363,396,470,422,480,477,525,483,469,485,501,516,549,551,487,512,492,486,510,518,468,507,476,465,424,424,427,351,399,368,334,292,311,310,255,256,247,222,205,209,189,175,182,170,126,153,118,106,100,77,96,71,68,60,62,51,38,45,33,32,35,23,31,18,25,19,15,16,22,15,10,6,8,10,3,2,4,3,6,3,6,1,2,2,1,1,0,3,1,0,1,2,0,2,0,0,1,0,0,1,0,0,0,0,0,0,0,1,0,0,0,0,0,0,0,0,0,0,0,0,0,0,0,0,0,0,0,0,0,0,1,0,0,0,0,0,0,0,0,0,0,0,0,0,0,2
0,0,1,0,0,1,0,3,0,0,0,5,1,4,17,15,5,19,22,22,25,25,17,28,22,42,29,33,55,55,41,56,70,67,114,93,100,178,94,152,193,205,162,188,224,267,325,241,333,264,339,298,393,353,345,408,435,446,490,468,447,497,453,456,511,514,544,507,486,464,514,494,530,463,426,522,493,471,440,445,437,387,368,351,370,291,311,318,238,263,214,225,187,189,180,151,181,158,128,114,139,83,95,90,80,59,59,63,48,57,59,44,48,32,23,21,32,17,16,19,8,16,9,11,9,5,10,9,8,8,4,3,2,4,1,3,2,2,2,2,0,0,0,1,2,0,0,1,0,1,0,0,1,0,2,0,1,0,0,0,0,0,0,0,0,0,0,0,0,0,1,0,0,0,0,0,0,0,0,0,0,0,0,0,0,0,1,0,0,0,0,0,0,0,0,1,0,0,0,0
0,0,2,0,0,3,0,3,0,0,0,4,1,4,18,14,9,22,27,29,11,25,14,16,27,48,28,26,66,51,38,67,84,54,123,82,99,169,111,152,184,156,188,201,226,274,312,266,283,247,315,308,364,342,375,405,413,397,390,414,469,471,411,457,481,469,528,546,443,476,477,457,505,474,470,482,406,450,446,395,357,370,341,351,325,332,284,308,229,257,210,217,191,204,164,132,169,130,96,114,109,102,105,82,73,58,59,55,48,40,41,42,32,35,19,25,18,16,19,21,11,15,15,12,6,6,7,6,4,4,5,13,3,4,3,0,4,1,5,1,2,1,0,0,0,1,0,0,0,1,2,0,0,0,0,0,0,1,0,0,0,0,0,0,1,0,0,0,0,0,0,0,0,0,0,0,0,0,0,0,0,0,0,0,0,0,0,0,0,0,0,0,0,0,0,0,0,0,0,0
0,0,2,0,0,3,0,4,0,0,0,5,0,2,10,12,7,20,22,24,19,24,12,26,32,44,26,24,69,53,30,65,82,62,112,102,125,171,92,168,178,195,179,212,202,231,321,230,301,243,323,281,345,348,352,367,416,452,487,409,439,454,418,471,517,475,462,502,437,486,463,423,490,427,442,448,445,402,419,399,366,348,322,290,309,278,243,319,215,240,205,207,177,165,187,175,162,125,128,123,95,109,104,81,78,66,59,48,52,50,38,36,33,39,27,31,27,19,17,10,13,16,10,10,6,7,10,7,3,3,5,3,1,2,1,1,3,3,1,0,2,3,1,0,0,1,1,0,0,0,1,0,0,0,1,0,1,0,1,0,0,0,0,0,0,0,0,0,0,1,0,0,0,0,0,0,0,0,0,0,0,0,0,0,0,1,0,0,0,0,0,0,0,0,0,0,0,0,0,0
0,0,3,0,0,2,0,4,0,0,0,3,1,4,15,19,4,12,15,14,17,31,11,20,42,41,23,31,60,54,28,73,73,65,111,71,104,166,112,146,159,198,152,179,240,209,349,219,299,252,294,264,366,322,346,359,407,384,479,426,435,448,431,434,473,456,446,476,472,452,407,477,434,419,404,431,419,449,348,410,357,292,324,320,307,279,277,289,228,206,239,182,190,175,172,150,156,124,122,119,90,99,81,70,59,52,63,52,49,46,34,34,33,28,24,24,23,18,10,14,8,10,10,11,6,7,8,6,8,6,1,9,3,2,5,0,4,1,0,2,1,3,0,0,1,0,1,1,1,0,0,0,0,0,1,0,1,0,1,0,0,0,0,0,0,0,0,0,0,1,0,0,0,0,0,0,0,0,0,1,0,0,0,0,0,0,0,0,0,0,0,0,0,0,0,0,0,0,0,0
0,0,4,0,0,7,0,2,1,0,0,7,2,2,12,10,2,12,25,19,24,20,12,22,29,36,21,22,57,51,23,65,64,52,102,90,87,138,108,136,178,184,146,204,209,229,291,225,280,265,320,278,375,335,344,334,368,399,430,397,438,401,403,418,426,460,467,448,432,477,458,440,477,397,408,395,379,394,375,371,347,359,268,349,275,268,245,246,236,240,203,202,160,150,162,132,122,100,102,89,96,88,74,83,73,54,58,49,59,37,33,39,32,29,22,24,16,18,14,14,13,6,11,16,10,7,9,7,3,4,0,4,4,5,3,2,6,0,2,0,1,2,0,2,0,0,0,0,2,0,0,1,0,1,0,0,0,0,0,0,0,0,0,1,0,0,0,0,0,0,0,0,0,0,0,0,0,0,0,0,0,0,0,0,0,0,0,0,0,0,0,0,0,0,0,0,0,0,0,0
0,0,6,0,0,1,0,3,2,0,0,2,0,0,9,21,7,22,16,23,24,24,6,18,17,39,20,21,48,54,27,64,66,85,113,86,108,169,87,148,197,169,161,168,219,231,264,235,258,230,303,277,342,334,345,322,373,393,385,426,446,472,374,420,423,379,428,489,427,423,376,411,390,377,402,388,384,357,376,379,330,322,264,296,238,270,233,245,197,220,192,203,166,154,154,125,150,103,132,107,93,71,59,67,81,52,66,50,41,27,42,32,24,16,27,18,22,13,22,10,17,13,9,13,11,4,7,4,7,6,4,3,3,1,3,3,2,2,0,0,1,1,0,1,0,0,0,0,0,0,1,0,0,0,1,0,1,0,0,0,1,0,0,0,0,0,0,0,0,0,0,0,0,0,0,0,0,0,0,1,0,0,0,0,0,0,0,0,0,0,0,0,0,0,0,0,0,0,0,1
0,0,4,0,0,3,0,3,2,0,0,4,1,0,16,17,5,17,13,16,15,22,14,19,21,38,24,29,46,42,42,62,63,69,98,90,99,135,100,127,167,154,163,166,216,236,282,215,268,217,294,261,333,315,294,342,375,349,392,356,353,451,381,400,443,446,472,472,418,387,405,425,407,398,357,361,335,363,362,331,327,306,256,301,259,264,228,250,200,209,190,178,166,160,153,135,147,101,96,90,90,83,92,68,56,63,48,41,35,35,32,35,36,26,17,25,25,11,11,13,10,8,10,7,7,2,7,3,2,3,5,2,1,4,1,0,1,0,1,0,1,3,0,1,0,0,0,1,0,0,0,0,0,0,0,0,0,0,1,0,1,0,0,0,1,0,0,0,0,0,0,0,0,0,0,0,0,0,0,0,0,0,0,0,0,0,1,0,0,0,0,0,0,0,0,0,0,0,0,1
0,0,1,0,0,4,0,2,1,0,0,4,0,1,11,9,4,14,17,17,14,22,13,27,26,43,15,23,46,58,30,56,61,53,96,84,87,169,97,149,181,176,170,198,200,212,278,184,247,218,257,285,320,280,305,330,376,385,440,364,402,375,375,401,386,388,418,425,438,387,400,421,377,342,363,357,357,373,339,319,306,279,266,259,255,236,239,236,172,196,169,178,148,143,126,116,126,108,106,89,80,75,82,72,62,41,37,43,36,34,27,33,26,32,18,25,16,19,14,17,13,12,11,3,2,11,5,3,9,3,4,3,3,2,4,2,3,0,2,0,0,1,2,0,1,1,0,0,0,0,1,0,1,0,0,0,0,0,0,0,1,0,0,0,0,0,0,0,0,0,0,0,0,0,0,0,0,0,0,0,0,0,0,0,0,0,0,0,0,0,0,1,0,0,0,0,0,0,0,0
0,0,3,0,0,0,0,3,4,0,0,6,1,1,12,19,5,15,20,15,22,20,6,20,35,34,24,19,39,48,33,45,79,64,95,64,94,148,92,139,177,169,156,158,195,204,266,226,253,213,307,258,322,306,293,319,329,329,395,343,403,381,382,375,403,387,397,415,362,394,353,418,369,343,370,404,314,345,316,309,309,280,265,271,257,206,229,249,179,191,155,152,137,144,115,115,116,125,90,88,71,69,60,59,70,44,42,50,39,43,25,26,22,24,27,20,8,16,14,16,11,12,9,7,11,5,6,7,11,4,2,1,6,2,3,2,1,1,1,0,0,0,0,1,0,0,0,0,0,3,1,0,0,1,0,0,0,1,0,0,0,0,0,0,0,0,0,0,0,0,0,0,0,0,0,0,0,0,0,0,0,0,0,0,0,0,0,0,0,0,0,0,0,0,0,0,0,0,0,1
0,0,3,0,0,5,0,4,2,0,0,6,2,4,10,17,6,8,19,20,17,21,15,21,26,28,14,23,44,49,43,68,66,60,96,64,81,156,98,123,174,158,159,147,188,218,274,195,243,216,267,254,286,297,314,327,349,335,377,330,371,422,336,375,367,373,402,403,372,328,385,332,392,359,332,348,318,332,311,334,279,298,254,236,230,219,210,234,170,159,159,157,132,147,125,109,93,107,95,85,74,58,66,66,52,37,35,56,25,32,30,34,15,23,20,17,19,18,17,17,11,5,7,12,5,5,5,5,3,7,2,4,2,2,2,0,1,0,0,1,3,1,2,0,1,0,0,0,1,0,0,0,1,0,0,0,0,0,1,1,0,0,0,0,0,0,0,0,0,0,0,0,0,0,0,0,0,0,0,0,0,0,0,0,0,0,0,0,0,0,0,1,0,0,0,0,0,0,0,0
0,0,1,0,0,2,0,6,3,0,0,4,0,0,14,11,6,14,16,23,18,18,12,16,26,35,21,17,39,68,26,64,69,53,83,68,91,152,81,118,152,142,131,167,160,193,250,189,269,217,233,263,291,303,294,296,336,314,378,377,387,370,317,362,367,353,379,351,334,342,391,340,365,326,281,328,300,293,294,315,271,221,238,265,235,209,210,206,151,144,142,140,142,140,129,106,102,110,87,80,82,55,58,42,44,45,58,28,24,35,23,23,29,25,16,15,23,18,15,14,12,6,4,2,7,3,6,2,2,4,2,1,2,2,0,0,0,0,0,0,0,0,0,1,0,0,0,0,0,0,0,0,0,0,0,0,0,1,0,0,0,0,1,0,0,0,0,0,0,0,0,1,0,0,0,0,0,0,0,0,0,0,0,0,0,0,0,0,0,0,0,0,0,0,0,0,0,0,0,0
0,0,2,0,0,3,0,3,1,0,0,8,3,2,13,10,4,9,21,10,27,23,7,18,20,33,23,17,46,56,26,57,49,58,88,74,97,118,76,115,155,136,147,176,163,208,237,198,218,194,235,239,291,277,266,276,297,345,332,363,381,373,312,350,355,341,331,371,375,386,339,359,341,330,300,326,299,318,340,273,258,242,212,250,244,199,190,164,152,166,124,146,138,106,104,96,119,101,91,79,83,63,58,54,56,53,44,41,35,34,23,20,29,27,16,12,14,17,11,10,7,6,4,6,7,5,2,6,2,4,5,3,4,2,2,1,4,1,1,1,0,0,0,1,0,1,1,0,0,1,0,2,0,0,0,0,0,0,0,0,0,0,0,0,0,0,0,0,0,0,0,0,0,0,0,1,0,0,0,0,0,0,0,0,0,0,0,0,0,0,0,0,0,0,0,0,0,0,0,0
0,0,1,0,0,1,0,3,2,0,0,4,0,1,15,12,3,7,12,16,19,17,6,28,31,34,20,14,38,34,29,57,72,62,80,85,90,127,76,94,154,149,150,145,194,172,218,179,244,178,254,224,270,240,273,298,336,323,345,331,318,339,331,329,321,357,357,362,346,307,337,322,336,324,317,303,312,289,292,294,275,242,228,246,207,193,202,205,135,145,137,142,121,133,99,96,89,109,72,81,68,63,73,60,47,49,44,30,33,32,25,29,19,20,15,25,14,8,9,11,9,6,4,14,5,6,6,1,7,2,2,0,3,2,0,0,0,0,0,1,1,0,0,1,0,0,1,0,0,1,0,0,0,0,0,0,0,0,0,0,0,0,0,0,0,0,0,0,0,0,0,0,0,0,0,0,0,0,0,1,0,0,0,0,0,0,0,0,0,0,0,0,0,0,0,0,0,0,0,0
0,0,1,0,0,1,0,2,0,0,0,4,2,1,13,8,4,17,22,14,11,16,15,20,32,28,21,22,41,49,33,48,75,55,79,64,76,122,84,113,140,142,118,159,184,176,242,188,227,176,246,235,261,249,287,243,323,312,342,337,321,339,306,334,346,323,340,356,329,324,308,334,333,316,299,299,284,312,259,253,261,231,229,232,227,204,176,183,158,153,143,134,119,120,104,116,112,65,66,79,68,59,64,58,46,40,33,54,25,34,16,29,27,25,21,16,24,10,12,11,7,7,8,10,8,6,2,2,4,2,1,4,0,2,2,0,0,1,0,0,1,1,0,0,1,0,0,0,1,0,0,0,0,0,0,0,0,0,0,0,0,0,0,0,0,0,0,0,0,0,0,0,0,0,0,0,0,0,0,0,0,0,0,0,1,0,0,0,0,0,0,0,0,0,0,0,0,0,0,0
0,0,3,0,0,2,0,3,3,0,0,6,0,1,11,4,3,14,18,21,13,14,15,18,23,29,22,25,47,45,25,44,68,52,71,79,73,131,79,104,141,156,134,161,154,176,259,182,210,171,225,211,266,246,271,289,286,283,348,322,320,308,295,325,348,316,370,338,338,303,309,347,336,262,283,286,273,236,294,241,250,234,221,213,175,170,165,191,156,129,113,155,114,108,114,92,99,93,68,63,63,46,63,44,51,29,40,33,28,26,32,29,17,14,19,8,14,10,7,9,10,7,5,3,2,2,7,5,6,3,2,1,1,1,4,1,1,2,2,0,0,1,0,2,0,0,0,0,0,1,0,0,0,0,0,0,0,0,0,0,0,0,0,0,0,0,0,0,0,0,0,0,0,0,0,0,0,0,0,0,0,0,0,0,0,0,0,0,0,0,0,0,0,0,0,0,0,0,0,1
0,0,2,0,0,1,0,1,1,0,0,4,4,1,10,11,4,10,10,15,20,31,16,19,27,39,18,20,46,47,25,42,73,47,80,67,85,134,71,128,145,140,122,155,160,166,239,176,213,184,243,216,266,232,246,256,283,270,338,294,338,327,286,311,344,316,305,348,330,304,291,313,316,284,291,260,275,274,254,245,233,201,177,200,175,153,157,170,142,153,107,118,127,106,108,93,98,74,79,61,72,53,56,43,46,35,35,37,26,25,20,23,19,17,22,23,12,13,5,9,8,7,6,3,3,3,7,3,3,2,3,2,1,1,2,0,1,0,0,0,1,0,0,0,0,0,0,0,0,0,0,0,0,0,0,0,0,1,0,0,0,0,0,0,0,0,0,0,0,0,0,0,0,0,0,0,0,0,0,0,0,0,0,0,0,0,0,0,0,0,0,1,0,0,0,0,0,0,0,0
0,0,2,0,0,1,0,0,2,0,0,5,1,2,15,11,4,18,21,19,16,17,20,17,26,34,17,14,39,38,32,41,56,54,84,60,95,127,76,100,176,131,127,148,159,184,195,164,219,194,234,199,252,254,254,239,314,288,296,293,319,301,322,288,313,314,292,343,304,299,296,285,314,263,265,256,261,248,270,241,216,199,183,221,184,155,165,173,112,134,136,121,85,113,91,70,84,69,51,48,61,57,42,50,41,42,34,25,24,18,24,29,17,23,13,11,15,7,3,14,6,6,8,3,5,6,5,3,3,2,4,1,2,0,0,0,1,1,2,0,0,2,1,0,0,0,0,0,0,0,0,1,0,0,1,0,0,1,0,0,0,0,0,0,0,0,0,0,0,0,0,0,0,0,0,0,0,0,0,0,0,0,0,0,0,0,0,0,0,0,0,0,0,0,0,0,0,0,0,2
0,0,1,0,0,2,0,0,1,0,0,4,1,1,12,10,4,9,13,7,22,21,8,13,20,34,24,19,41,45,22,50,63,45,83,62,76,147,77,99,118,131,109,139,163,146,225,163,202,175,221,193,250,226,256,255,265,309,323,272,330,285,234,252,280,329,323,302,280,274,271,296,306,249,269,275,242,233,249,247,198,194,184,181,163,152,156,161,113,120,134,111,100,105,95,91,88,77,69,58,58,54,63,38,40,31,38,28,25,17,21,16,15,18,8,13,15,9,8,3,4,8,10,6,7,3,3,3,4,4,4,2,3,2,1,1,0,0,1,0,0,0,1,0,0,0,1,0,0,0,0,0,0,0,0,0,0,0,1,0,0,0,0,0,0,0,0,0,0,0,0,0,0,0,0,0,0,0,0,0,0,0,0,0,0,0,1,0,0,0,0,0,0,0,0,0,0,0,0,1
0,0,1,0,0,1,0,3,0,0,0,7,1,2,10,7,2,10,17,17,11,21,7,13,18,21,10,18,36,38,34,38,51,27,83,56,57,120,71,95,132,129,132,114,157,166,228,162,169,172,215,199,238,253,218,241,276,243,299,294,288,290,260,316,285,282,313,306,292,257,280,278,277,250,246,231,255,267,227,206,227,189,177,187,149,175,152,161,133,122,99,120,87,94,93,72,104,68,54,57,56,50,53,33,42,28,30,21,23,13,13,16,13,21,16,15,10,10,9,9,4,7,6,4,1,4,6,5,6,0,2,2,3,0,1,1,2,0,0,3,0,0,0,1,1,0,0,1,0,0,1,0,0,0,0,0,0,0,0,0,0,0,0,0,0,0,0,0,0,0,0,0,0,0,0,0,0,0,0,0,0,0,0,0,0,0,1,0,0,0,0,0,0,0,0,0,0,0,0,0
0,0,1,0,0,2,0,0,1,0,0,2,2,1,5,9,6,14,12,11,14,16,4,15,28,23,12,17,29,49,24,48,63,52,85,59,77,130,72,111,146,133,132,140,141,156,210,141,200,176,195,178,235,229,252,234,294,229,298,256,247,287,259,283,289,260,288,281,317,293,298,308,265,256,263,232,223,232,211,213,188,186,170,161,153,146,142,141,122,97,96,116,100,75,95,62,77,64,63,62,45,55,45,44,31,32,21,29,22,15,21,14,21,12,15,11,20,12,7,4,5,7,3,2,2,5,1,4,4,2,0,1,1,2,1,0,0,2,2,1,0,0,1,0,0,1,0,0,0,1,0,0,0,0,0,1,0,0,0,0,0,0,0,0,0,0,0,0,0,0,0,0,0,0,0,0,0,0,0,0,0,0,0,0,0,0,0,0,0,0,0,0,0,0,0,0,0,0,0,1
0,0,3,0,0,3,0,1,0,0,0,1,2,4,10,9,3,9,16,11,22,14,9,20,14,21,17,16,46,45,24,45,59,40,74,56,68,131,72,101,130,117,119,140,136,167,175,147,205,177,202,169,239,170,239,224,242,236,271,206,258,297,286,238,278,282,293,324,275,269,260,279,242,264,228,245,237,222,219,197,175,174,164,168,144,141,138,140,113,96,98,85,84,70,70,79,82,72,60,56,54,33,36,42,44,27,19,27,22,21,21,18,18,11,10,8,4,7,8,8,10,5,5,5,3,5,3,0,1,0,3,2,3,1,0,1,0,1,2,2,1,0,0,0,1,0,0,1,1,0,0,0,0,0,0,1,0,0,0,0,0,0,0,0,0,0,0,0,0,0,0,0,0,0,0,0,0,0,0,0,0,0,0,0,0,0,0,0,0,0,0,0,0,0,0,0,0,0,0,0
0,0,0,0,0,1,0,3,0,0,0,3,3,1,6,11,4,3,15,11,15,14,5,18,17,33,21,20,41,38,21,41,53,44,69,52,58,114,73,99,130,129,107,111,127,163,240,134,204,147,193,164,237,220,245,257,246,230,269,244,266,296,243,255,224,256,251,284,237,263,242,225,241,216,227,255,240,209,202,197,175,169,167,142,155,143,139,138,119,109,93,100,102,91,88,70,62,77,68,48,51,42,27,42,41,39,26,25,26,18,19,14,13,22,14,10,13,8,10,6,10,5,4,4,5,3,2,2,2,1,0,1,2,1,0,1,1,0,1,1,0,0,1,1,0,0,0,0,0,0,0,0,0,0,0,0,0,1,0,0,0,0,0,0,0,0,0,0,0,0,0,0,0,0,0,0,0,0,0,0,0,0,0,0,0,0,0,0,0,0,0,0,0,0,0,0,0,0,0,0
0,0,5,0,0,0,0,2,0,0,0,2,0,1,10,11,3,10,7,8,16,24,10,14,12,29,24,11,37,36,26,44,57,53,60,54,73,103,66,80,126,121,118,134,160,170,208,152,185,141,187,194,226,204,223,221,257,210,255,241,229,263,246,267,249,265,279,271,228,240,255,227,246,204,217,239,212,223,204,192,178,150,136,138,146,118,112,128,94,120,108,85,84,54,76,67,62,64,63,64,48,44,56,32,46,34,25,24,22,14,21,11,20,16,8,11,8,5,3,11,2,9,7,5,4,1,3,3,1,1,4,4,0,2,0,2,0,3,0,0,1,4,1,0,0,0,0,0,0,0,0,0,0,0,0,0,0,0,0,0,0,0,0,0,0,0,0,0,0,0,0,0,0,0,0,0,0,0,0,0,0,0,0,0,0,0,0,0,0,0,0,0,0,0,0,0,0,0,0,0
0,0,1,0,0,0,0,5,0,0,0,1,0,1,8,11,4,13,10,7,14,15,16,14,18,29,12,12,37,32,28,45,63,43,68,74,71,110,60,100,121,115,106,136,117,127,202,124,163,141,187,175,209,200,223,214,253,228,266,238,256,224,253,254,254,249,268,230,223,226,251,210,220,199,214,240,218,212,184,194,143,144,158,152,126,129,111,127,103,136,87,84,74,74,73,86,70,61,56,35,46,28,29,37,37,27,21,24,17,17,14,17,13,12,8,12,6,11,10,8,6,7,4,6,5,3,4,2,4,3,0,1,2,3,0,0,0,1,1,1,0,0,0,0,0,0,0,0,0,0,0,0,0,0,0,0,0,0,0,0,0,0,1,0,0,0,0,0,0,0,0,0,0,0,0,0,0,0,0,0,0,0,0,0,0,0,0,0,0,0,0,0,0,0,0,0,0,0,0,0
0,0,3,0,0,0,0,1,2,0,0,3,0,1,7,10,3,6,10,13,12,8,6,14,17,16,23,16,35,37,26,49,53,42,76,47,62,102,73,96,101,123,112,123,120,152,188,141,188,154,189,172,210,167,194,181,227,211,253,215,241,227,227,207,258,252,226,274,259,240,226,223,225,181,196,183,207,215,197,161,139,131,119,136,141,125,140,123,81,98,93,87,96,62,66,63,67,50,53,57,43,33,32,38,32,29,21,23,20,16,15,14,15,11,17,14,6,6,11,8,5,2,1,3,6,3,3,1,1,1,1,3,1,0,0,0,1,1,1,0,0,1,0,1,0,1,0,0,0,0,0,0,0,0,0,0,0,0,0,0,0,0,0,0,0,0,0,0,0,0,0,0,0,0,0,0,0,0,0,0,0,0,0,0,0,0,0,0,0,0,0,0,0,0,0,0,0,0,0,0
0,0,2,0,0,2,0,1,1,0,0,6,2,2,14,10,1,14,13,10,7,12,8,12,19,33,12,9,37,38,21,39,59,43,56,44,49,113,63,85,119,111,112,100,147,137,159,127,183,127,176,152,226,187,188,207,238,233,232,216,243,207,230,223,231,245,239,236,231,205,206,221,221,221,183,191,207,196,184,171,161,174,142,138,131,119,118,111,98,92,89,90,72,59,77,57,55,39,55,55,41,34,33,33,25,18,27,23,14,17,18,18,7,11,11,9,11,8,4,6,2,9,2,7,4,2,0,2,1,1,2,2,3,0,2,1,1,0,0,0,0,0,0,0,0,0,0,0,1,0,0,1,0,0,0,0,0,0,0,0,0,0,0,0,0,0,0,0,0,0,0,0,0,0,0,0,0,0,0,0,0,0,0,0,0,0,0,0,0,0,0,0,0,0,0,0,0,0,0,0
0,0,1,0,0,5,0,3,0,0,0,5,2,0,9,7,3,15,11,15,15,14,10,13,26,20,15,16,31,31,20,46,49,40,46,50,69,92,85,84,92,112,112,101,104,140,170,127,183,125,191,153,181,169,205,167,196,195,264,230,265,207,234,245,212,233,260,245,212,225,205,206,227,230,188,197,167,170,156,153,146,152,144,128,118,142,113,118,99,72,75,74,68,68,68,52,75,50,38,41,48,44,39,21,29,30,18,23,15,18,17,14,11,12,6,14,4,10,11,4,7,6,5,4,4,3,4,0,4,2,0,1,0,1,1,1,2,1,2,1,0,0,0,0,0,1,0,0,0,0,0,0,0,0,0,0,0,0,0,0,0,0,0,0,0,0,0,0,0,0,0,1,0,0,0,0,0,0,0,0,0,0,0,0,0,0,0,0,0,0,0,0,0,0,0,0,0,0,0,1
0,0,1,0,0,2,0,2,1,0,0,3,1,0,8,9,4,14,14,11,11,13,8,11,9,28,17,16,33,43,21,35,52,40,66,60,48,89,56,82,118,98,85,110,122,147,172,130,179,146,140,143,187,171,182,180,225,204,224,229,220,199,209,237,217,241,205,231,223,219,218,220,208,199,187,156,180,176,151,151,144,155,132,116,118,109,115,109,104,81,88,82,64,57,62,51,65,53,39,34,36,36,31,24,27,22,20,25,15,12,19,17,12,11,5,6,16,7,9,6,7,4,2,5,3,3,3,1,0,2,1,2,2,2,2,2,1,0,1,0,0,0,1,0,0,0,0,1,0,0,0,0,0,0,0,0,0,0,0,0,0,0,0,0,0,0,0,0,0,0,0,0,0,0,0,0,0,0,0,0,0,0,0,0,0,0,0,0,0,0,0,0,0,0,0,0,0,0,0,0
0,0,2,0,0,2,0,1,2,0,0,4,0,1,5,5,2,9,15,18,8,17,7,9,22,25,11,16,34,35,27,37,52,39,65,48,38,91,71,84,131,104,111,123,100,144,192,114,132,126,167,150,179,163,148,189,201,209,241,232,224,204,203,206,217,199,222,199,213,179,185,172,202,192,186,180,168,162,150,156,129,138,117,116,122,100,90,112,85,73,72,97,73,67,71,47,51,58,44,39,28,45,27,28,21,20,26,20,22,20,13,10,7,11,7,7,7,14,10,8,5,5,3,1,2,4,0,1,0,1,0,2,1,0,0,0,1,2,0,0,0,0,0,1,0,1,0,0,0,0,0,0,0,0,0,0,0,0,0,0,0,0,1,0,0,0,0,0,0,0,0,0,0,0,0,0,0,0,0,0,0,0,0,0,0,0,0,0,0,0,0,0,0,0,0,0,0,0,0,1
0,0,2,0,0,2,0,1,3,0,0,6,0,2,14,12,3,7,12,12,13,15,8,8,15,38,32,10,33,30,13,36,52,42,55,52,64,100,54,77,101,90,86,101,117,142,182,126,162,120,148,152,165,173,191,181,198,197,207,205,212,208,190,220,228,201,242,204,175,177,172,180,194,168,175,169,179,140,177,148,134,128,139,119,121,106,94,101,78,98,65,73,55,51,52,43,57,34,37,39,46,30,39,20,20,22,24,20,20,8,13,11,10,10,13,2,5,3,5,5,4,4,4,3,3,3,0,3,3,1,2,3,0,1,0,2,1,0,0,0,0,0,0,0,0,0,0,0,0,0,0,0,0,0,0,0,0,0,0,0,0,0,0,0,0,0,0,0,0,0,0,0,0,0,0,0,0,0,0,0,0,0,0,0,0,0,0,0,0,0,0,0,0,0,0,0,0,0,0,1
0,0,2,0,0,1,0,1,0,0,0,5,0,0,6,11,5,14,11,6,11,15,5,19,9,29,14,11,28,35,21,46,37,29,55,38,54,92,55,79,103,102,89,81,126,135,148,120,143,128,148,131,171,166,169,167,193,186,208,184,184,237,190,161,223,227,212,229,219,173,172,173,191,162,169,169,164,141,150,154,134,125,112,108,116,97,91,83,84,72,67,79,56,63,51,38,49,40,43,37,35,27,26,25,24,21,13,20,18,18,12,20,8,12,7,11,7,5,6,7,4,5,4,2,1,2,1,3,3,1,2,3,1,2,0,0,1,2,0,0,0,0,0,0,0,0,0,0,0,0,0,0,0,0,0,0,0,0,0,0,0,0,0,0,0,0,0,0,0,0,0,0,0,0,0,0,0,0,0,0,0,0,0,0,0,0,0,0,0,0,0,0,0,0,0,0,0,0,0,0
0,0,1,0,0,2,0,1,0,0,0,3,3,1,9,8,3,8,13,13,5,13,15,16,15,35,16,14,33,18,18,44,46,30,59,33,49,97,59,84,106,98,86,85,89,118,166,114,119,121,148,134,172,164,150,176,193,186,194,178,183,209,202,207,194,202,201,188,177,165,173,160,169,160,171,144,150,131,120,122,134,109,124,100,96,91,108,104,73,81,78,60,52,57,62,47,43,45,42,29,24,35,26,19,21,7,17,18,14,9,9,9,7,7,6,6,5,8,4,4,4,1,5,1,2,0,2,1,1,0,3,0,0,3,3,1,0,0,1,0,0,0,0,0,0,0,0,1,0,0,0,0,0,0,0,0,0,0,1,0,0,0,0,0,0,0,0,0,0,0,0,0,0,0,0,0,0,0,0,0,0,0,0,0,0,0,0,0,0,0,0,0,0,0,0,0,0,0,0,0
0,0,0,0,0,1,0,2,0,0,0,2,0,3,11,8,2,10,16,16,12,9,8,6,10,25,20,13,36,35,20,39,48,31,52,38,42,86,48,72,101,101,86,91,107,117,157,106,128,120,154,117,176,151,160,168,173,171,210,181,172,205,162,184,169,160,200,216,187,184,144,168,176,177,171,148,145,135,131,134,127,109,101,120,90,88,97,92,75,72,74,67,53,55,56,37,38,33,42,34,27,22,29,23,15,12,17,15,16,10,18,10,11,9,9,7,7,5,4,7,3,3,3,4,0,3,1,2,0,1,0,0,1,0,2,2,1,0,0,0,0,0,0,2,0,1,0,0,0,0,0,0,0,0,0,0,0,0,0,0,0,0,0,0,0,0,0,0,0,0,0,0,0,0,0,0,0,0,0,0,0,0,0,0,0,0,0,0,0,0,0,0,0,0,0,0,0,0,0,0
0,0,0,0,0,4,0,3,1,0,0,5,0,2,8,9,8,14,10,11,12,12,7,12,25,15,11,12,34,38,17,41,52,28,51,40,48,80,56,69,74,82,81,121,108,108,138,108,143,114,141,137,163,148,150,157,168,151,216,172,188,158,176,182,205,168,194,213,164,170,167,169,158,138,158,156,161,144,128,128,132,104,112,109,94,82,96,83,65,59,67,55,51,61,53,41,52,41,35,39,26,20,24,27,21,18,20,18,9,14,12,12,12,8,5,7,5,7,5,5,3,6,4,1,6,4,1,3,1,0,0,2,0,0,0,0,1,0,0,0,0,0,0,0,0,0,0,0,0,0,0,1,0,0,0,0,0,0,0,0,0,0,0,0,0,0,0,0,0,0,0,0,0,0,0,0,0,0,0,0,0,0,0,0,0,0,0,0,0,0,0,0,0,0,0,0,0,0,0,0
0,0,1,0,0,1,0,3,0,0,0,1,1,0,5,6,2,11,15,8,11,14,5,11,18,30,17,12,16,34,18,28,42,39,47,35,57,85,35,75,88,84,71,107,101,132,147,110,142,120,125,113,163,144,138,167,163,186,187,148,203,226,170,183,192,156,190,201,187,166,155,171,161,152,151,131,129,128,124,124,94,108,87,101,74,89,76,83,51,81,62,60,54,55,57,44,34,27,40,37,23,32,25,20,21,21,17,14,11,16,11,9,9,5,8,6,10,7,6,7,5,2,3,2,3,1,0,1,0,1,0,0,2,0,1,0,1,0,0,0,0,0,1,0,1,1,0,0,0,0,0,0,0,0,0,0,0,0,0,0,0,0,0,0,0,0,0,0,0,0,0,0,0,0,0,0,0,0,0,0,0,0,0,0,0,0,0,0,0,0,0,0,0,0,0,0,0,0,0,0
0,0,1,0,0,2,0,1,3,0,0,5,0,0,7,7,3,8,11,5,7,14,3,12,12,22,11,8,21,29,23,34,43,34,40,38,38,85,49,66,77,81,76,81,96,86,146,106,137,120,134,116,130,139,138,147,160,138,193,157,164,173,154,187,174,175,171,164,155,169,147,136,169,154,137,144,119,136,125,108,125,104,78,86,74,69,89,76,66,63,62,59,48,45,40,36,42,36,28,38,32,30,24,21,21,18,16,9,15,15,15,10,8,5,14,5,7,5,8,4,2,4,3,4,2,1,0,1,2,0,0,1,0,3,0,1,0,0,0,0,0,0,1,1,0,1,0,0,1,1,0,0,0,0,0,0,0,1,0,0,1,0,0,0,0,0,0,0,0,0,0,0,0,0,0,0,0,0,0,0,0,0,0,0,0,0,0,0,0,0,0,0,0,0,0,0,0,0,0,0
0,0,1,0,0,1,0,2,0,0,0,5,0,3,6,4,5,11,17,7,10,11,3,8,12,22,4,7,20,34,13,19,44,32,45,35,36,79,45,63,82,90,92,77,89,104,137,96,116,93,115,112,142,144,145,158,163,138,167,164,162,166,155,139,155,174,174,195,162,134,175,145,153,154,121,150,104,144,131,119,116,106,107,94,92,81,69,79,60,72,58,49,61,48,42,42,41,35,31,37,14,25,29,19,28,20,10,26,13,12,6,4,13,6,12,8,6,5,2,7,5,3,3,3,2,0,1,2,0,0,2,3,3,0,0,0,0,1,0,0,1,0,0,1,0,0,0,0,0,0,0,0,0,0,0,0,0,0,0,0,0,0,0,0,0,0,0,0,0,0,0,0,0,0,0,0,0,0,0,0,0,1,0,0,0,0,0,0,0,0,0,0,0,0,0,0,0,0,0,0
0,0,1,0,0,1,0,1,0,0,0,3,0,0,7,14,6,9,9,7,8,18,9,12,11,21,16,12,32,34,14,31,27,30,58,42,53,74,48,52,97,99,81,91,102,101,136,101,110,107,147,127,119,139,154,127,162,144,200,172,154,169,134,167,144,168,152,169,141,136,139,149,128,138,115,152,139,136,116,121,115,99,97,71,88,63,80,69,50,58,58,60,47,47,43,29,36,25,32,24,29,17,19,22,15,12,13,16,10,13,11,13,8,7,6,2,6,6,5,2,7,0,1,2,1,0,1,2,1,2,1,1,1,0,0,2,0,0,0,0,0,1,0,0,0,1,0,0,0,0,0,0,0,0,0,0,0,0,0,0,0,0,0,0,0,0,0,0,0,0,0,0,0,0,0,0,0,0,0,0,0,0,0,0,0,0,0,0,0,0,0,0,0,0,0,0,0,0,0,0
0,0,1,0,0,0,0,0,0,0,0,3,1,0,6,8,5,13,13,11,7,9,5,4,13,21,13,10,29,26,20,32,39,27,30,48,52,99,44,67,82,68,78,76,105,89,121,101,136,133,107,136,142,135,134,140,152,145,179,166,152,185,159,149,165,171,178,158,145,126,143,154,121,144,116,129,130,112,121,118,118,92,102,99,74,81,73,64,58,60,57,55,37,37,36,28,40,30,27,16,21,21,19,12,14,11,18,12,6,6,15,7,8,9,5,4,7,3,5,4,2,2,0,3,3,1,1,1,1,1,1,0,0,1,1,0,0,0,0,1,0,0,0,0,0,1,0,0,0,0,0,0,0,0,0,0,0,0,0,0,0,0,0,0,0,0,0,0,0,0,0,0,0,0,0,0,0,0,0,0,0,0,0,0,0,0,0,0,0,0,0,0,0,0,0,0,0,0,0,0
0,0,2,0,0,4,0,1,0,0,0,2,0,0,8,4,6,7,5,6,9,13,9,7,13,26,8,9,17,25,13,33,54,23,41,35,44,85,37,58,68,84,77,91,85,87,110,100,115,119,118,112,122,132,134,134,141,152,171,154,157,150,131,146,144,147,157,150,140,113,145,144,139,115,108,104,120,96,109,103,99,99,68,81,70,77,64,78,48,53,41,55,41,57,35,29,27,26,26,28,25,24,22,24,10,12,17,20,9,8,7,9,10,5,4,2,8,5,5,1,1,1,4,0,1,1,2,0,1,0,1,0,0,0,0,0,0,0,0,0,1,0,0,0,1,0,0,0,0,0,0,0,0,0,0,0,0,0,0,0,0,0,0,0,0,0,0,0,0,0,0,0,0,0,0,0,0,0,0,0,0,0,0,0,0,0,0,0,0,0,0,0,0,0,0,0,0,0,0,0
0,0,0,0,0,0,0,2,2,0,0,4,1,1,7,11,2,11,5,4,8,4,8,11,15,20,9,17,23,28,12,33,38,31,50,36,40,84,47,59,82,81,63,84,86,84,139,87,115,89,141,111,131,114,123,130,146,147,157,141,146,158,129,141,155,135,161,137,137,149,126,122,149,117,112,121,101,103,109,106,82,84,71,94,82,59,72,80,51,58,47,46,52,43,37,26,36,33,26,19,21,21,29,16,21,10,11,14,13,6,8,7,6,10,4,8,8,3,3,3,0,1,3,2,3,1,0,0,0,2,0,1,0,2,0,0,0,0,1,0,1,0,1,0,0,0,0,0,0,0,0,0,0,0,0,0,0,0,0,0,0,0,0,0,0,0,0,0,0,0,0,0,0,0,0,0,0,0,0,0,0,0,0,0,0,0,0,0,0,0,0,0,0,0,0,0,0,0,0,0
0,0,1,0,0,1,0,2,1,0,0,0,0,1,5,9,2,9,7,7,8,12,8,4,13,20,10,6,17,14,20,39,34,31,37,26,41,73,41,63,73,76,65,66,109,108,128,103,112,92,122,115,141,133,129,128,134,141,150,149,176,133,123,128,135,159,136,157,128,110,158,138,143,134,118,112,102,107,107,101,85,88,76,74,66,71,63,66,59,61,50,45,57,41,31,23,22,16,21,30,16,22,22,21,12,9,10,12,14,10,10,13,6,6,8,5,5,5,5,5,2,2,3,2,3,1,1,2,1,0,1,0,1,0,0,0,0,0,0,0,0,0,0,1,1,0,0,0,0,0,0,0,0,0,1,0,0,0,0,0,0,0,0,0,0,0,0,0,0,0,0,0,0,0,0,0,0,0,0,0,0,0,0,0,0,0,0,0,0,0,0,0,0,0,0,0,0,0,0,0
0,0,1,0,0,1,0,1,0,0,0,0,2,2,3,10,1,11,12,3,6,9,7,8,15,21,12,12,17,24,14,28,37,30,42,29,42,65,35,53,53,60,74,67,92,108,120,79,98,83,116,109,127,114,117,123,139,147,159,134,153,153,119,142,153,134,150,148,126,118,120,127,133,135,118,120,121,103,96,90,72,69,83,79,77,75,71,71,46,56,42,53,43,39,27,31,28,22,38,22,24,15,16,19,13,14,9,10,9,8,8,2,7,4,7,8,2,3,3,2,2,2,2,1,2,1,1,1,0,1,1,2,1,0,0,1,0,0,0,1,0,0,0,0,0,0,0,0,0,0,0,0,0,0,0,0,0,0,0,0,0,0,0,0,0,0,0,0,0,0,0,0,0,0,0,0,0,0,0,0,0,0,0,0,0,0,0,0,0,0,0,0,0,0,0,0,0,0,0,0
0,0,0,0,0,1,0,1,0,0,0,0,0,0,4,8,3,5,7,12,3,11,4,10,6,25,12,13,26,31,8,15,32,30,36,37,48,64,37,60,83,66,69,69,68,85,126,60,107,81,113,84,142,111,135,113,141,135,136,138,137,142,129,133,133,143,133,143,125,126,123,100,98,100,96,112,101,104,86,90,114,93,60,77,70,64,65,50,48,35,44,40,37,42,44,22,25,35,25,29,21,15,21,11,12,11,13,12,15,8,15,7,7,2,7,4,3,5,3,7,1,1,3,6,2,1,2,5,1,1,1,0,1,1,0,1,0,0,0,1,0,0,0,0,0,0,0,0,0,0,0,0,0,0,0,0,0,0,0,0,0,0,0,0,0,0,0,0,0,0,0,0,0,0,0,0,0,0,0,0,0,0,0,0,0,0,0,0,0,0,0,0,0,0,0,0,0,0,0,0
0,0,2,0,0,1,0,0,0,0,0,1,0,2,9,4,5,12,6,7,6,7,8,6,9,18,18,20,19,20,10,35,27,25,34,41,35,59,43,47,66,73,66,79,64,83,129,85,114,88,108,101,105,117,123,122,134,126,117,119,109,121,142,137,135,120,140,132,136,129,106,103,124,103,90,105,86,107,60,67,73,84,59,75,58,61,47,57,50,45,42,32,41,37,39,26,23,31,26,24,20,18,15,14,13,9,4,8,5,7,8,9,3,3,2,7,4,3,1,2,1,1,2,0,2,0,1,1,0,1,0,2,0,2,0,0,1,0,0,0,0,2,0,0,0,0,0,0,0,0,1,0,0,0,0,0,0,0,0,0,0,0,0,0,0,0,0,0,0,0,0,0,0,0,0,0,0,0,0,0,0,0,0,0,0,0,0,0,0,0,0,0,0,0,0,0,0,0,0,0
0,0,0,0,0,3,0,0,0,0,0,2,0,0,3,8,1,8,9,9,9,8,7,10,11,11,6,10,18,28,13,24,36,21,36,29,46,79,21,60,72,58,67,67,74,86,105,82,101,75,107,89,101,101,96,119,116,118,154,135,137,135,102,115,121,133,140,126,122,126,102,96,126,92,94,90,82,88,81,80,74,85,66,76,60,60,55,60,42,43,27,40,26,34,36,26,33,33,22,18,27,17,15,12,12,6,7,21,13,8,10,5,7,8,5,0,7,3,3,4,3,1,2,3,0,0,1,0,1,0,1,0,0,1,1,1,0,0,0,0,0,1,0,0,0,0,0,0,0,1,0,0,0,0,0,0,0,0,0,0,0,0,0,0,0,0,0,0,0,0,0,0,0,0,0,0,0,0,0,0,0,0,0,0,0,0,0,0,0,0,0,0,0,0,0,0,0,0,0,0
0,0,0,0,0,1,0,4,2,0,0,3,2,0,10,7,2,7,13,5,7,13,3,9,13,23,12,7,25,27,10,23,31,26,34,35,34,57,25,52,64,74,65,68,81,85,108,79,102,86,94,111,133,98,88,122,131,112,137,130,125,133,108,143,128,127,128,118,124,100,101,111,115,101,99,100,80,98,81,85,92,71,73,80,49,57,41,50,49,40,37,42,36,25,33,27,34,21,22,25,21,15,16,19,15,11,15,7,6,5,10,9,10,4,2,4,3,3,3,5,3,1,4,8,1,2,0,1,0,1,2,0,1,0,0,0,0,0,0,0,0,0,0,0,0,0,0,0,0,0,0,0,0,0,1,0,0,0,0,0,0,0,0,0,0,0,0,0,0,0,0,0,0,0,0,0,0,0,0,0,0,0,0,0,0,0,0,0,0,0,0,0,0,0,0,0,0,0,0,0
0,0,1,0,0,0,0,1,0,0,0,2,1,2,6,6,5,5,11,4,4,7,9,7,9,16,10,10,19,24,15,26,26,24,31,26,38,56,51,44,66,78,63,65,71,67,99,65,104,73,95,102,98,103,107,116,117,123,127,123,122,134,130,125,108,105,112,120,108,107,129,115,99,93,84,83,87,95,81,86,73,58,60,62,56,57,51,57,36,43,45,44,40,34,22,23,38,21,26,15,26,16,9,19,9,7,9,5,8,4,7,2,3,8,8,6,2,3,5,1,2,2,5,3,0,2,1,1,0,1,2,1,0,0,0,1,0,0,0,0,0,0,0,0,0,0,1,0,0,0,0,0,0,0,0,0,0,0,0,0,0,0,0,0,0,0,0,0,0,0,0,0,0,0,0,0,0,0,0,0,0,0,0,0,0,0,0,0,0,0,0,0,0,0,0,0,0,0,0,0
0,0,1,0,0,2,0,4,0,0,0,2,0,0,5,6,2,6,6,7,9,9,4,2,11,15,13,7,11,25,11,21,32,25,39,33,38,74,24,55,80,73,47,54,83,65,128,78,94,85,86,89,99,92,103,93,110,119,142,110,113,100,105,104,108,108,108,132,108,99,101,112,101,92,77,67,85,89,86,83,83,61,58,52,50,47,38,56,34,46,31,40,42,22,33,16,28,19,11,25,30,21,13,16,15,10,7,9,9,8,9,5,2,3,3,6,1,4,1,4,2,1,1,1,0,1,0,0,1,0,0,1,0,0,0,0,0,1,0,0,0,0,0,0,0,1,0,0,0,0,0,0,0,0,0,0,0,0,0,0,0,0,0,0,0,0,0,0,0,0,0,0,0,0,0,0,0,0,0,0,0,0,0,0,1,0,0,0,0,0,0,0,0,0,0,0,0,0,0,0
0,0,2,0,0,0,0,1,2,0,0,5,0,1,5,7,1,8,10,10,3,9,9,10,7,14,9,13,19,21,12,25,32,24,50,30,29,69,46,46,43,57,71,64,72,69,80,67,78,76,82,95,109,83,101,121,99,75,126,108,114,121,91,99,113,103,113,95,104,102,87,112,77,83,108,82,91,89,82,72,86,74,62,64,59,44,45,45,31,46,33,33,32,29,31,24,23,26,13,19,19,11,10,12,15,6,12,12,11,0,5,8,7,6,8,1,1,2,1,1,1,3,4,0,2,2,3,0,3,0,0,0,1,0,0,1,0,1,0,1,0,1,0,0,0,0,0,0,0,0,0,0,0,0,0,0,0,0,0,0,0,0,0,0,0,0,0,0,0,0,0,0,0,0,0,0,0,0,0,0,0,0,0,0,0,0,0,0,0,0,0,0,0,0,0,0,0,0,0,0
0,0,0,0,0,2,0,3,1,0,0,3,3,0,6,6,3,9,2,6,8,8,7,9,11,14,8,8,27,22,10,22,25,16,37,30,22,54,47,46,56,54,66,67,69,78,92,78,84,70,84,72,99,89,107,118,109,104,120,117,119,124,106,117,108,105,97,118,87,91,96,90,115,96,96,82,88,74,87,67,80,55,56,59,59,50,36,45,30,35,31,29,32,26,27,20,21,21,18,16,19,7,11,14,13,9,6,8,4,10,10,5,6,3,7,2,3,3,1,2,0,3,2,2,1,0,1,0,0,2,0,1,1,0,0,0,0,0,1,0,2,0,0,0,0,0,0,0,0,0,0,0,0,0,0,0,0,0,0,0,0,0,0,0,0,0,0,0,0,0,0,0,0,0,0,0,0,0,0,0,0,0,0,0,0,0,0,0,0,0,0,0,0,0,0,0,0,0,0,0
0,0,0,0,0,1,0,3,0,0,0,2,0,2,4,4,2,10,9,7,4,7,5,3,15,26,10,8,13,22,9,27,27,19,32,25,24,44,33,38,65,60,56,62,58,69,83,56,90,63,77,72,111,89,86,102,121,97,116,87,109,113,83,106,104,100,112,102,121,85,101,90,96,72,64,89,78,67,66,63,55,49,59,50,48,54,53,46,37,40,40,43,26,26,28,27,22,18,30,10,12,17,15,6,7,13,9,8,3,5,12,4,3,9,6,1,4,5,1,4,3,3,3,1,0,0,2,0,0,0,0,0,0,0,0,0,1,0,0,0,0,0,0,0,0,0,0,0,0,0,0,0,0,0,0,0,0,0,0,0,0,0,0,0,0,0,0,0,0,0,0,0,0,0,0,0,0,0,0,0,0,0,0,0,0,0,0,0,0,0,0,0,0,0,0,0,0,0,0,0
0,0,2,0,0,1,0,3,0,0,0,2,1,0,7,10,1,8,6,1,6,8,2,3,17,13,6,8,13,30,8,22,37,23,22,18,37,60,28,36,59,59,41,54,57,64,87,91,85,70,81,80,77,88,93,100,97,112,98,99,115,112,115,100,87,100,114,109,83,81,87,83,83,95,77,78,62,78,66,69,66,59,49,54,49,51,43,39,30,37,38,19,27,28,34,21,26,20,16,14,13,10,11,10,9,9,11,8,12,6,1,6,6,4,3,6,1,1,3,0,1,3,1,2,0,3,1,2,0,2,0,0,0,0,0,0,0,1,0,0,0,0,0,0,0,0,0,0,0,0,0,0,0,0,0,0,0,0,0,0,0,0,0,0,0,0,0,0,0,0,0,0,0,0,0,0,0,0,0,0,0,0,0,0,0,0,0,0,0,0,0,0,0,0,0,0,0,0,0,0
0,0,2,0,0,1,0,2,0,0,0,2,0,1,4,5,2,6,7,5,8,8,6,4,14,14,11,10,16,12,13,7,20,25,27,33,39,41,32,47,46,45,56,46,64,76,72,65,74,62,85,80,100,78,84,78,88,98,110,87,104,102,90,110,90,107,92,83,111,103,88,73,88,88,84,79,73,59,69,69,49,64,59,62,46,29,37,46,36,34,28,25,34,26,38,24,23,26,13,14,20,9,17,10,8,7,9,8,5,6,2,4,6,6,1,3,1,6,3,4,1,1,3,1,1,0,0,0,0,1,2,0,0,1,0,0,2,0,1,0,0,0,0,0,0,0,0,0,0,0,0,0,0,0,0,0,0,0,0,0,0,0,0,0,0,0,0,0,0,0,0,0,0,0,0,0,0,0,0,0,0,0,0,0,0,0,0,0,0,0,0,0,0,0,0,0,0,0,0,0
0,0,1,0,0,1,0,0,0,0,0,5,0,0,8,1,2,3,5,5,4,7,3,14,12,17,7,11,18,17,18,26,31,17,32,22,27,50,26,58,47,46,51,46,54,82,60,54,81,61,80,67,98,84,78,104,88,113,121,101,103,95,89,100,95,101,89,107,74,84,67,77,80,70,80,72,64,75,63,62,59,63,49,49,53,41,36,50,35,30,23,31,23,26,30,23,20,24,21,5,15,14,9,7,10,6,5,6,10,5,8,7,2,2,2,7,3,5,4,2,2,4,1,1,1,1,1,0,0,0,0,2,1,0,1,0,1,0,0,0,0,0,0,0,0,0,0,0,0,0,0,0,0,0,0,0,0,0,0,0,0,0,0,0,0,0,0,0,0,0,0,0,0,0,0,0,0,0,0,0,0,0,0,0,0,0,0,0,0,0,0,0,0,0,0,0,0,0,0,0
0,0,0,0,0,4,0,0,2,0,0,4,0,0,5,5,0,4,7,5,10,8,8,10,6,13,5,2,19,22,9,23,28,25,32,25,32,59,33,43,53,40,52,47,65,61,83,58,58,48,68,76,103,81,82,75,83,99,117,93,95,92,92,88,105,92,97,98,102,73,102,72,68,63,68,72,64,71,66,68,59,39,52,41,45,36,43,41,25,26,29,33,24,29,22,21,18,19,22,19,11,10,12,12,9,13,8,8,7,5,9,7,3,4,3,1,1,5,3,2,2,2,0,1,0,0,2,1,0,1,0,2,0,0,0,0,0,0,0,0,0,0,0,0,0,1,0,0,0,0,0,0,0,0,0,0,0,0,0,0,0,0,0,0,0,0,0,0,0,0,0,0,0,0,0,0,0,0,0,0,0,0,0,0,0,0,0,0,0,0,0,0,0,0,0,0,0,0,0,0
0,0,1,0,0,0,0,2,0,0,0,2,0,2,5,7,3,2,5,6,9,16,6,1,8,14,8,6,10,20,7,29,16,21,35,23,26,44,32,40,64,49,37,61,48,57,63,67,69,49,91,72,85,59,84,102,102,98,112,86,106,96,95,82,90,94,94,86,98,79,67,78,91,68,74,80,58,58,63,61,47,59,32,41,38,34,41,44,27,31,27,27,16,29,22,24,30,20,25,13,18,11,17,22,6,6,6,12,5,6,4,4,3,6,3,1,2,1,2,3,1,0,0,1,2,1,0,0,1,0,0,0,0,0,1,2,0,0,0,0,0,0,0,0,0,0,0,0,0,0,0,0,0,0,0,0,0,0,0,0,0,0,0,0,0,0,0,0,0,0,0,0,0,0,0,0,0,0,0,0,0,0,0,0,0,0,0,0,0,0,0,0,0,0,0,0,0,0,0,0
0,0,0,0,0,1,0,3,0,0,0,3,1,2,4,5,2,9,7,7,7,8,3,7,6,10,8,5,18,21,10,22,24,12,30,23,31,42,26,46,53,54,49,51,52,59,76,52,60,61,90,63,82,67,81,63,94,79,93,89,102,96,96,87,75,69,91,94,83,85,86,73,85,66,47,63,55,66,59,42,61,46,41,34,41,35,37,26,31,26,26,30,21,30,29,22,13,14,11,16,10,7,13,9,11,10,8,7,7,5,7,2,5,4,7,4,7,2,3,5,1,1,1,1,0,1,0,0,1,0,0,0,0,0,0,0,0,0,0,0,0,0,0,0,0,0,0,0,0,0,0,0,0,0,0,0,0,0,0,0,0,0,0,0,0,0,0,0,0,0,0,0,0,0,0,0,0,0,0,0,0,0,0,0,0,0,0,0,0,0,0,0,0,0,0,0,0,0,0,0
0,0,0,0,0,2,0,1,1,0,0,2,0,0,5,5,1,2,5,4,6,6,6,8,8,6,7,9,19,13,9,19,26,19,36,21,16,44,33,45,43,40,39,61,45,68,73,59,71,49,70,69,76,73,76,71,77,69,86,81,93,89,73,78,97,101,75,79,81,67,78,70,94,79,56,66,44,58,65,60,43,39,36,46,37,39,25,30,26,36,32,19,23,23,26,18,17,20,15,11,13,13,12,9,8,7,7,7,4,4,1,0,5,2,1,2,2,5,2,6,1,0,0,1,4,1,1,0,0,0,0,0,1,1,0,0,0,0,0,0,0,0,0,0,0,0,0,0,0,0,0,0,0,0,0,0,0,0,0,0,0,0,0,0,0,0,0,0,0,0,0,0,0,0,0,0,0,0,0,0,0,0,0,0,0,0,0,0,0,0,0,0,0,0,0,0,0,0,0,0
0,0,0,0,0,3,0,0,0,0,0,0,1,0,4,6,2,4,8,3,5,5,6,8,9,15,2,6,18,15,10,24,27,14,28,24,26,36,23,32,40,46,39,47,59,51,76,40,54,51,73,62,93,72,74,78,88,69,81,87,108,92,63,76,53,89,67,71,63,65,75,70,73,58,69,72,49,65,64,47,52,43,54,42,41,35,33,28,38,36,29,26,15,30,20,16,20,20,10,16,9,17,8,5,6,3,5,5,6,6,5,1,5,7,1,4,4,1,1,2,0,1,2,0,1,0,1,0,0,0,0,1,0,0,0,0,0,0,0,0,0,0,0,0,0,0,0,0,0,0,0,0,0,0,0,0,0,0,0,0,0,0,0,0,0,0,0,0,0,0,0,0,0,0,0,0,0,0,0,0,0,0,0,0,0,0,0,0,0,0,0,0,0,0,0,0,0,0,0,0
0,0,1,0,0,1,0,0,1,0,0,2,1,0,1,0,2,7,6,8,1,10,4,4,6,16,7,7,20,13,5,18,18,19,40,26,17,47,25,32,40,51,42,44,54,55,68,55,65,45,57,56,82,63,84,65,73,71,108,85,80,71,67,61,87,74,62,83,63,56,63,68,80,65,63,57,62,56,48,46,50,32,43,48,31,34,36,43,24,30,26,16,18,28,15,17,18,17,12,12,12,11,8,8,10,6,7,8,4,4,6,8,1,2,3,4,2,1,2,3,4,1,2,1,0,1,0,0,0,1,0,0,0,0,1,0,0,0,0,0,0,0,0,0,1,0,0,0,0,0,0,0,0,0,0,0,0,0,0,0,0,0,0,0,0,0,0,0,0,0,0,0,0,0,0,0,0,0,0,0,0,0,0,0,0,0,0,0,0,0,0,0,0,0,0,0,0,0,0,0
0,0,0,0,0,1,0,2,1,0,0,2,1,1,3,5,1,8,5,6,6,5,7,7,6,12,10,7,15,19,13,22,19,17,43,20,22,53,28,46,37,49,33,46,34,50,76,50,57,54,78,65,76,83,64,65,82,91,83,91,83,63,61,81,73,67,65,65,76,76,76,72,76,59,56,63,54,53,49,40,36,41,45,38,40,23,33,24,33,26,25,19,19,32,13,22,10,15,17,19,10,10,5,18,3,6,8,2,9,7,6,6,3,2,3,1,4,2,4,3,6,1,0,1,0,1,0,1,1,1,1,0,2,0,0,0,0,1,1,0,0,0,0,0,0,0,0,0,0,0,0,0,0,0,0,0,0,0,0,0,0,0,0,0,0,0,0,0,0,0,0,0,0,0,0,0,0,0,0,0,0,0,0,0,0,0,0,0,0,0,0,0,0,0,0,0,0,0,0,0
0,0,0,0,0,1,0,1,0,0,0,2,0,0,2,4,0,8,4,6,8,5,3,3,7,15,9,3,17,16,10,19,21,21,26,20,27,48,32,34,40,47,46,42,58,51,71,54,57,46,61,38,78,54,66,76,68,74,76,80,77,73,74,55,73,66,79,82,66,64,65,63,60,61,59,59,44,40,45,56,47,41,43,41,34,37,53,35,23,27,19,34,18,26,19,15,14,23,11,12,12,14,11,8,8,12,4,8,7,4,8,4,6,4,3,3,3,3,2,0,1,1,3,5,1,0,0,0,1,1,1,0,0,0,0,0,0,0,0,0,0,0,0,0,1,0,0,0,0,0,0,0,0,0,0,0,0,0,0,0,0,0,0,0,0,0,0,0,0,0,0,0,0,0,0,0,0,0,0,0,0,0,0,0,0,0,0,0,0,0,0,0,0,0,0,0,0,0,0,0
0,0,1,0,0,2,0,0,1,0,0,3,2,0,2,4,2,3,5,7,12,6,3,4,2,12,3,4,9,14,9,18,18,15,23,19,25,37,21,33,35,37,32,50,50,54,53,46,45,54,51,59,68,72,71,62,64,81,79,60,59,80,71,58,79,70,69,56,60,58,76,55,58,67,39,66,63,54,50,43,45,31,30,34,38,32,28,33,24,24,27,22,30,19,18,12,16,8,13,13,8,12,7,7,5,5,8,4,6,6,3,2,8,3,2,2,1,1,1,0,1,0,0,1,0,2,1,0,1,0,0,1,0,0,1,0,0,0,0,1,0,0,0,0,0,0,0,0,0,0,0,0,0,0,0,0,0,0,0,0,0,0,0,0,0,0,0,0,0,0,0,0,0,0,0,0,0,0,0,0,0,0,0,0,0,0,0,0,0,0,0,0,0,0,0,0,0,0,0,0
0,0,0,0,0,1,0,1,1,0,0,3,1,1,4,5,2,2,5,2,6,10,1,6,13,17,8,6,13,14,7,20,14,17,23,18,25,37,26,36,39,41,46,35,53,45,66,43,57,49,53,50,64,56,56,68,61,84,87,67,78,75,65,87,65,76,65,67,61,63,66,58,62,56,49,37,51,51,56,58,49,40,27,51,41,22,38,37,19,22,27,21,21,24,17,15,20,9,10,11,8,6,8,7,7,11,10,5,3,8,3,2,5,3,2,4,1,2,1,1,2,1,2,1,3,0,0,2,1,0,1,0,0,0,0,0,0,1,0,0,0,0,0,0,0,0,0,0,0,0,0,0,0,0,0,0,0,0,0,0,0,0,0,0,0,0,0,0,0,0,0,0,0,0,0,0,0,0,0,0,0,0,0,0,0,0,0,0,0,0,0,0,0,0,0,0,0,0,0,0
0,0,2,0,0,0,0,0,0,0,0,2,0,0,0,3,1,7,5,3,2,3,5,4,9,9,3,8,15,17,7,15,17,17,18,15,25,46,24,28,37,51,40,34,67,41,53,52,45,41,57,61,69,68,65,56,73,57,70,72,64,69,78,64,66,61,66,68,64,50,69,51,48,55,50,51,35,42,44,36,40,51,46,40,32,38,38,19,20,20,12,9,14,14,14,21,18,8,7,12,10,6,4,5,8,5,4,10,9,5,3,3,5,1,3,2,1,2,1,2,0,0,3,0,0,0,2,1,3,1,2,0,0,0,0,0,0,0,0,0,0,0,0,0,0,1,0,0,0,0,0,0,0,0,0,0,0,0,0,0,0,0,0,0,0,0,0,0,0,0,0,0,0,0,0,0,0,0,0,0,0,0,0,0,0,0,0,0,0,0,0,0,0,0,0,0,0,0,0,0
0,0,1,0,0,1,0,1,0,0,0,1,0,1,3,8,0,7,6,1,4,5,7,3,7,8,6,5,18,14,9,15,17,15,28,18,21,36,17,35,38,35,36,35,44,35,64,47,54,50,51,44,58,60,66,52,73,62,82,65,74,60,74,62,53,50,50,80,49,62,43,51,50,53,50,47,50,48,46,37,39,32,29,32,28,35,26,24,20,27,12,24,23,27,16,21,14,11,12,11,8,13,4,7,7,6,3,6,2,5,4,3,6,1,1,4,4,4,3,2,2,1,1,1,2,0,0,0,1,0,1,0,0,0,0,0,0,0,0,2,0,0,0,1,0,0,0,0,0,0,0,0,0,0,0,0,0,0,0,0,0,0,0,0,0,0,0,0,0,0,0,0,0,0,0,0,0,0,0,0,0,0,0,0,0,0,0,0,0,0,0,0,0,0,0,0,0,0,0,0
0,0,0,0,0,0,0,0,0,0,0,2,1,0,4,4,2,6,3,4,2,10,3,6,6,8,6,5,10,13,10,11,15,15,23,27,20,33,17,28,33,43,30,24,43,44,52,40,44,45,47,55,63,52,61,50,49,63,73,63,79,75,59,55,64,64,68,62,66,60,54,49,48,50,47,58,27,33,51,39,29,38,32,22,33,23,28,25,20,24,20,16,15,23,18,11,16,13,10,11,9,6,9,7,7,4,4,2,2,2,2,8,0,3,1,1,4,1,5,1,0,2,1,0,0,2,1,1,0,1,0,1,1,1,0,0,0,0,0,0,1,0,0,0,0,0,0,0,0,0,0,0,0,0,0,0,0,0,0,0,0,0,0,0,0,0,0,0,0,0,0,0,0,0,0,0,0,0,0,0,0,0,0,0,0,0,0,0,0,0,0,0,0,0,0,0,0,0,0,0
0,0,0,0,0,0,0,3,1,0,0,1,0,0,2,2,0,9,5,8,6,3,2,9,9,7,6,4,7,6,7,8,21,10,22,15,24,39,19,25,39,44,40,43,42,57,58,38,65,44,61,62,62,66,65,48,67,56,77,59,68,60,54,54,54,50,61,49,43,48,45,49,45,54,38,44,42,49,44,34,34,38,32,37,29,27,24,21,25,22,17,14,14,13,13,16,21,5,8,4,10,12,6,6,8,3,9,5,6,2,5,1,0,3,2,3,3,4,0,1,2,2,1,1,2,0,0,1,0,1,0,0,0,0,0,0,0,0,0,0,0,0,0,0,0,0,0,0,0,0,0,0,0,0,0,0,0,0,0,0,0,0,0,0,0,0,0,0,0,0,0,0,0,0,0,0,0,0,0,0,0,0,0,0,0,0,0,0,0,0,0,0,0,0,0,0,0,0,0,0
0,0,1,0,0,0,0,0,0,0,0,2,0,0,6,4,0,2,5,6,4,8,6,5,8,10,10,2,16,15,6,18,16,11,30,18,23,37,17,31,28,26,39,26,38,37,57,40,49,50,58,51,47,63,66,49,59,79,64,49,64,71,56,52,63,56,58,56,53,52,52,65,54,39,39,54,45,37,36,30,34,20,27,29,20,27,25,14,21,18,18,18,18,19,12,19,16,14,3,6,10,8,9,5,4,6,4,6,3,2,2,2,3,1,1,0,1,3,2,0,0,0,1,0,1,1,1,0,2,0,0,0,0,0,0,0,0,1,1,0,0,0,0,0,0,0,0,0,0,0,0,0,0,0,0,0,0,0,0,0,0,0,0,0,0,0,0,0,0,0,0,0,0,0,0,0,0,0,0,0,0,0,0,0,0,0,0,0,0,0,0,0,0,0,0,0,0,0,0,0
0,0,0,0,0,1,0,1,1,0,0,2,0,1,4,3,0,2,7,5,1,4,1,9,6,12,8,4,17,11,9,11,16,11,20,18,14,32,18,31,24,43,28,28,36,51,56,26,47,36,66,43,55,52,54,50,61,57,67,64,72,62,58,56,53,55,48,56,50,53,43,51,56,56,48,39,37,26,30,29,23,32,29,34,25,22,25,22,13,23,16,19,22,18,15,14,11,9,14,11,11,3,5,11,13,3,5,5,3,2,3,2,2,1,1,2,2,0,4,0,1,0,0,1,0,0,0,0,1,0,0,1,1,0,0,0,0,0,0,0,0,0,0,0,0,0,0,0,0,0,0,0,0,0,0,0,0,0,0,0,0,0,0,0,0,0,0,0,0,0,0,0,0,0,0,0,0,0,0,0,0,0,0,0,0,0,0,0,0,0,0,0,0,0,0,0,0,0,0,0
0,0,0,0,0,1,0,1,0,0,0,2,1,2,4,5,2,4,4,2,5,5,3,4,2,10,4,8,11,8,10,15,15,8,18,14,18,27,21,20,31,26,25,34,41,37,68,34,43,41,54,49,57,45,47,59,62,72,52,53,48,55,63,48,45,59,50,61,62,39,38,49,42,32,33,41,41,43,38,38,31,29,35,31,28,22,25,25,17,19,16,16,11,19,16,16,10,11,7,6,8,4,5,10,6,8,2,3,4,3,1,7,5,2,0,2,4,1,0,1,0,0,0,0,0,1,2,0,2,0,0,0,0,1,0,0,1,0,0,0,0,0,0,0,0,0,0,0,0,0,0,0,0,0,0,0,0,0,0,0,0,0,0,0,0,0,0,0,0,0,0,0,0,0,0,0,0,0,0,0,0,0,0,0,0,0,0,0,0,0,0,0,0,0,0,0,0,0,0,0
0,0,0,0,0,0,0,1,0,0,0,3,0,0,4,2,0,7,4,4,2,4,2,3,5,8,9,6,10,12,6,13,15,13,16,13,10,30,22,19,28,29,28,34,39,43,53,46,41,42,60,36,65,44,51,50,55,53,67,53,65,61,60,51,39,52,57,47,51,38,50,50,39,44,43,45,47,32,43,31,17,25,16,29,30,25,28,22,12,10,12,22,14,22,12,6,9,15,7,8,4,9,5,2,4,3,5,5,1,1,5,2,3,1,0,3,2,2,2,2,0,2,0,1,0,0,1,0,2,0,0,1,0,0,0,0,1,0,0,1,0,0,0,1,0,0,0,0,0,0,0,0,0,0,0,0,0,0,0,0,0,0,0,0,0,0,0,0,0,0,0,0,0,0,0,0,0,0,0,0,0,0,0,0,0,0,0,0,0,0,0,0,0,0,0,0,0,0,0,0
0,0,0,0,0,2,0,0,0,0,0,2,0,0,5,1,0,4,9,4,3,7,3,5,7,8,5,5,24,11,8,10,18,12,20,14,14,43,23,35,26,37,32,34,33,22,49,28,47,29,49,40,57,44,58,50,49,35,42,53,58,51,60,52,52,52,50,44,62,57,42,46,41,33,45,41,37,38,32,27,29,29,25,33,30,18,22,28,25,23,12,11,12,11,18,8,10,12,8,11,6,8,5,6,8,2,2,1,1,3,0,0,1,1,3,1,2,2,0,0,1,0,0,0,1,0,0,0,0,1,0,0,0,0,0,0,0,0,0,0,0,0,0,0,1,0,0,0,0,0,0,0,0,0,0,0,0,0,0,0,0,0,0,0,0,0,0,0,0,0,0,0,0,0,0,0,0,0,0,0,0,0,0,0,0,0,0,0,0,0,0,0,0,0,0,0,0,0,0,0
0,0,0,0,0,1,0,1,1,0,0,1,1,1,0,2,2,3,3,2,4,1,3,1,4,9,2,4,13,14,4,15,14,11,18,13,25,32,20,25,42,31,24,23,43,43,47,29,45,40,50,33,53,44,49,53,57,54,55,50,51,58,46,46,49,46,44,47,43,44,41,36,55,35,46,50,23,34,36,33,31,35,28,24,38,17,18,20,13,17,9,24,12,18,11,16,17,10,9,8,11,6,1,7,7,4,5,1,5,3,3,4,6,2,2,3,1,2,2,1,5,0,1,0,2,0,0,0,0,0,0,0,0,0,1,0,0,0,0,0,0,0,0,0,0,0,0,0,0,0,0,0,0,0,0,0,0,0,0,0,0,0,0,0,0,0,0,0,0,0,0,0,0,0,0,0,0,0,0,0,0,0,0,0,0,0,0,0,0,0,0,0,0,0,0,0,0,0,0,0
0,0,1,0,0,0,0,0,0,0,0,2,0,0,2,2,3,3,3,1,6,7,6,3,6,7,4,0,11,7,10,13,16,12,26,13,13,28,15,27,37,33,27,32,34,36,41,35,41,47,40,39,43,50,56,54,54,49,53,52,59,52,55,39,55,40,43,47,51,43,49,34,49,38,54,26,31,34,24,31,31,21,23,27,23,22,22,25,16,23,21,20,12,17,11,9,7,8,10,11,7,7,5,5,4,5,5,3,5,3,2,2,0,3,4,3,0,3,3,0,1,1,1,1,1,0,2,0,0,1,0,0,0,0,0,1,0,0,0,0,1,0,0,0,0,0,0,0,0,0,0,0,0,0,0,0,0,0,0,0,0,0,0,0,0,0,0,0,0,0,0,0,0,0,0,0,0,0,0,0,0,0,0,0,0,0,0,0,0,0,0,0,0,0,0,0,0,0,0,0
0,0,0,0,0,1,0,2,1,0,0,0,0,0,2,2,1,2,3,5,5,2,2,4,7,9,4,5,5,8,7,14,19,12,27,13,17,31,13,25,40,36,41,30,30,31,46,40,41,22,48,41,47,47,63,48,49,49,46,53,50,54,56,39,55,44,48,63,46,38,33,44,46,38,45,36,36,21,29,24,28,33,18,22,27,20,26,17,16,12,12,17,10,13,12,7,10,2,7,6,7,6,6,4,6,4,4,4,4,3,2,1,3,2,1,2,0,2,0,0,1,1,0,0,0,1,0,0,0,1,0,0,0,0,0,0,0,0,0,0,0,0,0,0,0,0,0,0,0,0,0,0,0,0,0,0,0,0,0,0,0,0,0,0,0,0,0,0,0,0,0,0,0,0,0,0,0,0,0,0,0,0,0,0,0,0,0,0,0,0,0,0,0,0,0,0,0,0,0,0
0,0,1,0,0,0,0,0,0,0,0,3,0,0,2,2,0,6,0,4,5,5,2,2,4,10,3,2,6,6,3,10,14,10,20,31,9,27,20,16,27,26,20,23,42,34,42,38,53,36,40,55,51,48,60,50,47,52,60,45,38,45,46,43,59,44,51,38,34,52,38,44,39,25,26,33,26,27,24,28,18,30,18,26,29,21,19,12,12,15,12,12,12,17,12,10,13,16,4,8,4,3,7,2,3,0,0,7,2,9,4,2,2,1,0,2,1,1,1,2,1,0,1,0,0,1,0,0,0,0,0,1,0,0,0,0,0,0,0,0,0,0,0,0,0,0,0,0,0,0,0,0,0,0,0,0,0,0,0,0,0,0,0,0,0,0,0,0,0,0,0,0,0,0,0,0,0,0,0,0,0,0,0,0,0,0,0,0,0,0,0,0,0,0,0,0,0,0,0,0
0,0,0,0,0,0,0,2,0,0,0,1,0,0,1,3,2,4,4,5,5,7,6,4,5,6,2,4,4,9,4,11,14,10,18,22,19,32,22,25,27,31,25,24,26,41,39,33,47,32,29,29,45,43,39,57,45,49,56,55,65,56,36,56,43,60,47,39,39,42,35,34,32,26,39,27,24,42,32,30,23,17,20,18,13,22,23,19,10,10,18,15,13,7,11,14,12,8,13,7,6,1,2,4,0,6,9,6,3,3,2,2,3,4,1,0,1,0,0,0,2,1,2,0,0,0,0,0,0,0,0,0,0,0,0,1,0,0,0,1,0,0,0,0,0,0,0,0,0,0,0,0,0,0,0,0,0,0,0,0,0,0,0,0,0,0,0,0,0,0,0,0,0,0,0,0,0,0,0,0,0,0,0,0,0,0,0,0,0,0,0,0,0,0,0,0,0,0,0,0
0,0,0,0,0,1,0,0,0,0,0,0,0,0,1,2,0,1,5,1,3,6,5,0,2,9,4,4,9,8,3,11,13,9,15,14,14,23,16,20,30,33,24,19,36,33,49,33,35,37,34,27,47,39,47,31,36,41,58,58,57,46,40,46,45,47,46,49,52,38,38,40,43,31,31,32,27,19,21,17,28,24,15,21,14,20,17,15,15,16,9,17,17,11,16,8,7,8,8,7,5,3,5,4,5,8,6,6,1,1,3,0,2,4,1,0,0,1,3,0,0,0,0,0,0,0,0,1,0,0,0,0,0,1,0,0,0,0,0,0,0,0,0,0,0,0,0,0,0,0,0,0,0,0,0,0,0,0,0,0,0,0,0,0,0,0,0,0,0,0,0,0,0,0,0,0,0,0,0,0,0,0,0,0,0,0,0,0,0,0,0,0,0,0,0,0,0,0,0,0
0,0,0,0,0,0,0,0,1,0,0,4,0,0,4,3,3,7,4,5,5,4,2,0,6,10,5,4,10,8,5,9,11,14,21,11,18,24,11,20,24,20,21,41,31,21,44,22,41,31,32,27,42,31,44,42,31,33,53,37,52,36,46,40,34,47,39,58,36,55,41,55,32,35,43,43,37,32,20,30,36,19,16,29,16,18,16,13,16,14,9,18,10,7,9,9,9,7,11,6,8,6,5,4,2,5,5,3,2,3,3,3,2,4,3,1,0,0,1,0,1,0,1,0,0,0,0,0,0,0,0,1,0,0,0,0,0,0,0,0,0,0,0,0,1,0,0,0,0,0,0,0,0,0,0,0,0,0,0,0,0,0,0,0,0,0,0,0,0,0,0,0,0,0,0,0,0,0,0,0,0,0,0,0,0,0,0,0,0,0,0,0,0,0,0,0,0,0,0,1
0,0,0,0,0,1,0,0,0,0,0,0,1,0,2,6,1,1,3,2,3,7,1,3,1,9,4,2,8,8,10,10,10,7,14,16,12,19,11,25,28,20,32,33,25,25,57,31,34,32,24,46,33,30,34,35,42,41,38,35,56,45,35,35,37,42,40,30,33,40,23,38,36,25,28,23,20,27,24,31,28,24,23,25,17,16,19,17,13,10,14,14,4,9,9,10,13,6,9,10,9,3,5,3,3,3,2,2,1,2,1,3,5,4,0,0,1,0,0,0,0,3,0,0,0,0,0,0,1,0,0,0,0,0,0,0,0,0,1,0,0,0,0,0,0,0,0,0,0,0,0,0,0,0,0,0,0,0,0,0,0,0,0,0,0,0,0,0,0,0,0,0,0,0,0,0,0,0,0,0,0,0,0,0,0,0,0,0,0,0,0,0,0,0,0,0,0,0,0,0
0,0,0,0,0,1,0,0,0,0,0,1,0,0,3,1,1,2,2,5,4,4,2,2,4,6,0,1,4,3,8,9,9,6,22,13,9,29,14,20,22,28,26,21,17,27,34,25,40,23,39,34,41,31,43,45,33,41,47,37,50,36,55,33,37,40,37,43,34,23,33,30,29,34,34,26,29,26,34,18,20,21,20,12,13,20,9,12,13,17,8,15,11,12,11,3,6,7,6,4,2,3,6,5,2,1,1,1,1,2,4,2,3,1,1,0,0,1,0,1,1,0,1,0,0,1,0,0,0,0,0,0,0,1,0,0,0,0,0,0,0,0,0,0,0,0,0,1,0,0,0,0,0,0,0,0,0,0,0,0,0,0,0,0,0,0,0,0,0,0,0,0,0,0,0,0,0,0,0,0,0,0,0,0,0,0,0,0,0,0,0,0,0,0,0,0,0,0,0,0
0,1,0,0,0,0,0,0,0,0,0,1,0,0,6,2,2,5,3,3,4,2,3,2,5,4,3,2,7,12,8,7,7,6,8,9,13,14,12,23,22,29,24,20,31,29,39,32,43,32,25,35,39,29,40,30,37,41,53,37,41,38,43,37,33,33,54,43,27,18,40,31,39,24,32,23,38,30,34,21,21,16,14,12,21,16,13,14,12,12,9,7,14,10,5,8,8,6,9,6,6,5,4,0,3,3,2,3,1,3,1,0,0,0,2,0,3,0,2,2,0,0,0,1,1,0,0,0,0,0,0,0,0,0,0,0,0,0,0,0,0,0,0,0,0,0,0,0,0,0,0,0,0,0,0,0,0,0,0,0,0,0,0,0,0,0,0,0,0,0,0,0,0,0,0,0,0,0,0,0,0,0,0,0,0,0,0,0,0,0,0,0,0,0,0,0,0,0,0,0
0,0,0,0,0,1,0,1,0,0,0,0,0,0,3,4,2,5,0,6,1,5,2,5,2,11,3,0,5,8,6,9,13,11,13,17,12,25,20,14,27,21,25,26,29,29,24,23,24,23,35,32,27,26,32,29,34,30,39,32,36,39,31,55,38,57,36,27,35,32,35,30,29,19,26,31,25,19,17,17,22,20,17,12,17,17,19,14,8,9,16,9,8,4,10,3,5,4,7,5,7,3,2,1,6,4,2,2,0,1,2,1,0,2,0,5,1,1,2,3,0,0,1,1,1,1,0,0,0,0,0,0,0,0,0,0,0,0,0,0,0,0,0,0,0,0,0,0,0,0,0,0,0,0,0,0,0,0,0,0,0,0,0,0,0,0,0,0,0,0,0,0,0,0,0,0,0,0,0,0,0,0,0,0,0,0,0,0,0,0,0,0,0,0,0,0,0,0,0,0
0,0,0,0,0,1,0,0,0,0,0,1,2,0,0,0,0,2,3,4,5,4,3,2,3,7,6,2,3,7,0,5,9,8,19,15,12,15,25,16,25,20,27,17,21,21,25,20,33,27,38,23,36,27,31,37,47,32,42,43,42,32,36,34,36,24,32,40,26,39,28,26,31,22,23,20,22,27,14,24,16,20,13,9,9,15,9,16,6,16,10,10,14,8,7,8,7,14,7,4,5,3,1,4,1,5,2,2,4,2,4,2,1,2,1,0,2,1,1,0,0,1,0,0,0,1,0,0,1,1,1,0,0,0,0,0,0,0,0,0,0,0,0,0,0,0,0,0,0,0,0,0,0,0,0,0,0,0,0,0,0,0,0,0,0,0,0,0,0,0,0,0,0,0,0,0,0,0,0,0,0,0,0,0,0,0,0,0,0,0,0,0,0,0,0,0,0,0,0,0
0,0,0,0,0,1,0,1,1,0,0,1,0,0,1,1,0,3,3,3,2,6,4,2,1,9,1,3,5,15,5,8,7,4,7,7,17,22,12,16,24,22,15,18,28,25,30,26,37,21,35,31,21,28,30,29,37,34,41,38,33,44,33,42,44,32,20,31,19,32,26,30,32,29,35,31,31,29,23,22,22,12,14,19,14,12,22,13,6,10,7,16,10,10,10,6,7,7,3,4,8,6,6,3,3,1,5,0,6,2,2,0,1,1,1,1,1,0,2,1,0,0,0,0,0,0,0,0,0,0,0,0,0,0,0,0,0,0,0,0,0,0,0,0,0,0,0,0,0,0,0,0,0,0,0,0,0,0,0,0,0,0,0,0,0,0,0,0,0,0,0,0,0,0,0,0,0,0,0,0,0,0,0,0,0,0,0,0,0,0,0,0,0,0,0,0,0,0,0,0
0,0,0,0,0,1,0,1,0,0,0,0,0,0,3,1,2,2,3,2,1,3,0,4,7,3,3,3,4,13,3,10,10,8,16,7,15,22,4,17,27,26,25,29,16,23,31,26,25,24,35,33,38,35,31,33,41,34,40,38,44,30,22,33,42,32,34,37,30,28,28,37,37,26,21,19,18,26,24,24,15,15,12,12,17,8,11,12,4,13,7,4,12,14,6,7,11,2,4,5,7,4,8,8,2,2,3,1,2,3,3,1,0,2,1,0,1,1,1,0,0,1,1,1,1,0,0,0,0,1,1,0,2,0,0,0,0,0,0,0,0,0,0,0,0,0,0,0,0,0,0,0,0,0,0,0,0,0,0,0,0,0,0,0,0,0,0,0,0,0,0,0,0,0,0,0,0,0,0,0,0,0,0,0,0,0,0,0,0,0,0,0,0,0,0,0,0,0,0,0
0,0,0,0,0,1,0,1,0,0,0,2,1,0,0,3,2,6,0,0,2,1,2,0,5,8,1,3,12,7,5,9,11,4,15,10,10,18,17,24,21,26,28,21,24,26,28,25,26,29,26,29,19,37,43,32,35,24,37,29,41,42,29,32,29,42,41,41,27,25,28,36,32,24,32,24,27,22,26,20,22,24,17,14,12,12,16,6,14,10,7,8,5,4,5,5,3,7,5,3,3,7,5,3,3,1,2,3,1,3,4,0,3,1,2,0,1,0,1,1,1,1,1,0,0,0,2,0,0,1,0,0,0,0,0,0,0,0,0,0,0,0,0,0,0,0,0,0,0,0,0,0,0,0,0,0,0,0,0,0,0,0,0,0,0,0,0,0,0,0,0,0,0,0,0,0,0,0,0,0,0,0,0,0,0,0,0,0,0,0,0,0,0,0,0,0,0,0,0,0
0,0,0,0,0,0,0,2,0,0,0,1,0,0,1,1,0,4,2,4,2,3,2,4,6,9,3,2,3,9,5,10,6,2,10,10,11,25,11,20,23,19,20,26,21,17,28,27,25,23,41,24,33,28,35,21,39,25,34,35,29,29,26,30,26,18,30,35,26,11,28,25,26,20,24,15,20,25,17,17,16,10,11,24,16,15,8,19,9,12,8,14,9,4,9,8,8,4,6,3,0,2,7,3,2,3,1,1,2,1,1,0,0,0,1,1,1,1,0,1,1,0,0,0,1,0,0,0,0,0,0,1,0,0,0,0,0,1,0,0,0,0,0,0,0,0,0,0,0,0,0,0,0,0,0,0,0,0,0,0,0,0,0,0,0,0,0,0,0,0,0,0,0,0,0,0,0,0,0,0,0,0,0,0,0,0,0,0,0,0,0,0,0,0,0,0,0,0,0,0
0,0,1,0,0,0,0,2,0,0,0,0,0,1,1,4,0,2,4,3,0,3,3,1,0,7,5,3,4,7,4,8,17,12,16,6,11,20,16,14,15,28,23,19,14,20,33,17,35,22,32,35,44,23,30,15,30,29,33,26,36,35,29,38,28,28,31,28,28,28,30,33,36,25,20,24,17,19,22,19,22,12,10,15,15,14,10,11,19,9,13,12,9,6,7,4,7,7,6,5,3,10,2,4,6,4,2,3,1,3,1,1,2,0,0,0,0,1,0,1,1,0,0,0,0,0,1,1,1,0,0,0,0,0,0,1,0,0,0,0,0,0,0,0,0,0,0,0,0,0,0,0,0,0,0,0,0,0,0,0,0,0,0,0,0,0,0,0,0,0,0,0,0,0,0,0,0,0,0,0,0,0,0,0,0,0,0,0,0,0,0,0,0,0,0,0,0,0,0,0
0,0,1,0,0,0,0,1,0,0,0,2,1,0,4,2,1,4,2,1,5,5,4,2,3,3,4,3,6,11,3,13,13,4,18,6,5,15,10,12,16,16,23,32,16,25,26,19,32,16,23,21,32,23,36,26,27,31,30,21,31,35,25,35,25,34,27,35,22,26,28,25,14,25,16,23,20,24,20,12,20,11,16,11,11,15,5,16,15,6,10,4,3,8,8,1,4,4,3,4,7,4,6,6,0,3,3,3,0,3,1,1,3,0,0,1,1,2,0,1,0,0,0,1,0,0,0,0,1,1,0,0,0,0,0,0,0,0,0,0,0,0,0,0,0,0,0,0,0,0,0,0,0,0,0,0,0,0,0,0,0,0,0,0,0,0,0,0,0,0,0,0,0,0,0,0,0,0,0,0,0,0,0,0,0,0,0,0,0,0,0,0,0,0,0,0,0,0,0,0
0,0,0,0,0,0,0,0,0,0,0,0,0,0,2,0,0,3,1,4,2,6,2,2,5,5,6,1,5,10,6,6,4,5,12,10,11,12,13,22,21,21,21,19,31,27,29,21,25,25,22,21,29,30,29,36,29,38,36,31,33,27,29,23,30,28,31,22,26,26,32,21,23,16,27,20,24,16,13,16,16,18,12,15,18,11,12,17,15,5,7,9,9,12,3,4,2,5,8,6,8,1,1,1,4,2,2,2,3,1,0,0,2,0,1,1,0,0,0,1,1,1,1,0,0,0,0,0,0,0,0,0,0,0,0,0,0,0,0,0,0,0,0,0,1,0,0,0,0,0,0,0,0,0,0,0,0,0,0,0,0,0,0,0,0,0,0,0,0,0,0,0,0,0,0,0,0,0,0,0,0,0,0,0,0,0,0,0,0,0,0,0,0,0,0,0,0,0,0,0
0,0,1,0,0,0,0,3,0,0,0,0,1,0,2,0,0,2,0,2,1,3,1,1,5,6,2,1,5,7,5,8,8,9,8,16,11,20,12,13,13,28,13,16,20,16,29,26,15,25,34,22,32,23,24,26,25,30,25,24,28,44,23,31,33,27,37,29,27,20,23,21,20,19,15,14,17,27,16,15,17,18,15,7,11,17,13,10,12,5,7,8,2,6,3,7,6,6,3,1,2,2,4,4,1,1,1,4,2,0,2,2,1,2,0,1,0,0,1,0,0,0,0,1,0,0,0,0,1,0,0,0,0,0,0,0,0,0,1,0,0,0,0,0,0,0,0,0,0,0,0,0,0,0,0,0,0,0,0,0,0,0,0,0,0,0,0,0,0,0,0,0,0,0,0,0,0,0,0,0,0,0,0,0,0,0,0,0,0,0,0,0,0,0,0,0,0,0,0,0
0,0,0,0,0,0,0,1,0,0,0,1,0,0,1,3,0,4,2,7,1,2,2,3,4,4,4,1,7,7,2,9,13,4,11,10,8,19,14,11,13,17,15,19,22,16,26,18,22,19,33,26,26,29,38,28,30,40,33,27,27,25,33,30,30,23,25,30,25,21,31,24,19,12,11,25,16,16,24,11,21,8,14,10,7,14,10,12,7,8,13,9,12,10,5,6,3,9,3,6,6,1,7,1,2,1,0,1,2,3,2,1,3,1,0,0,2,1,1,0,1,0,0,0,0,1,0,0,0,0,1,0,0,0,0,0,0,0,0,0,0,0,1,0,0,0,0,0,0,0,0,0,0,0,0,0,0,0,0,0,0,0,0,0,0,0,0,0,0,0,0,0,0,0,0,0,0,0,0,0,0,0,0,0,0,0,0,0,0,0,0,0,0,0,0,0,0,0,0,0
0,0,0,0,0,0,0,2,1,0,0,0,0,0,2,4,0,2,1,1,2,5,2,3,4,3,5,4,4,11,5,4,7,9,6,7,11,20,8,16,16,17,20,18,18,37,32,12,23,19,17,30,25,18,28,31,27,20,15,34,31,20,25,35,28,18,29,19,26,22,20,22,19,24,24,17,26,13,21,13,18,15,11,12,9,15,17,9,10,5,6,9,10,8,6,4,6,6,4,2,3,3,2,1,5,1,2,4,2,1,0,0,1,2,0,0,0,1,1,0,1,0,0,0,0,1,0,0,0,0,0,1,0,0,0,0,0,0,0,0,0,0,0,0,0,0,0,0,0,0,0,0,0,0,0,0,0,0,0,0,0,0,0,0,0,0,0,0,0,0,0,0,0,0,0,0,0,0,0,0,0,0,0,0,0,0,0,0,0,0,0,0,0,0,0,0,0,0,0,0
0,0,0,0,0,2,0,0,2,0,0,2,1,0,0,0,1,1,5,3,0,0,0,4,4,3,0,3,5,9,3,5,10,11,9,7,5,18,8,17,15,20,19,16,16,18,30,16,18,19,21,19,24,17,28,24,28,12,26,30,25,33,22,23,17,19,19,26,27,28,14,15,24,14,19,20,15,19,19,18,12,8,14,8,21,9,8,14,9,9,7,9,10,5,6,8,6,5,3,5,1,2,1,2,5,5,2,2,1,1,1,2,2,0,0,1,0,0,1,0,0,0,0,0,0,0,0,0,0,0,0,0,0,0,0,0,0,0,0,0,0,0,0,0,0,0,0,0,0,0,0,0,0,0,0,0,0,0,0,0,0,0,0,0,0,0,0,0,0,0,0,0,0,0,0,0,0,0,0,0,0,0,0,0,0,0,0,0,0,0,0,0,0,0,0,0,0,0,0,0
0,0,0,0,0,0,0,1,0,0,0,1,0,0,0,4,0,0,0,1,5,0,1,2,2,5,1,0,1,4,5,5,7,5,6,8,8,18,10,15,8,21,8,8,12,17,29,14,23,20,24,23,28,19,26,24,16,29,23,29,30,27,22,23,25,24,20,27,27,18,26,19,33,18,20,15,14,18,21,14,15,14,8,12,13,8,5,10,9,8,6,6,8,9,6,3,4,5,2,3,5,4,3,4,5,1,4,1,1,1,2,1,0,2,0,1,1,2,0,0,0,0,0,1,0,0,0,0,0,0,0,0,0,0,0,0,0,0,0,0,0,0,0,0,0,0,0,0,0,0,0,0,0,0,0,0,0,0,0,0,0,0,0,0,0,0,0,0,0,0,0,0,0,0,0,0,0,0,0,0,0,0,0,0,0,0,0,0,0,0,0,0,0,0,0,0,0,0,0,0
0,0,0,0,0,0,0,1,0,0,0,1,0,0,2,0,0,2,1,1,1,3,1,1,3,4,3,3,7,7,2,5,6,6,8,9,7,12,7,16,11,15,15,22,21,12,16,19,18,15,13,21,25,18,18,24,25,23,18,30,22,21,31,19,15,32,28,31,26,18,24,22,16,18,12,13,13,19,12,14,9,5,9,13,11,7,6,4,3,5,7,9,5,4,4,8,3,7,5,4,2,1,5,6,2,1,1,0,0,2,1,0,1,2,0,1,0,2,1,0,0,1,0,0,0,0,0,0,0,0,0,0,0,0,0,0,0,0,0,0,0,0,0,0,0,0,0,0,0,0,0,0,0,0,0,0,0,0,0,0,0,0,0,0,0,0,0,0,0,0,0,0,0,0,0,0,0,0,0,0,0,0,0,0,0,0,0,0,0,0,0,0,0,0,0,0,0,0,0,0
0,0,1,0,0,0,0,1,0,0,0,0,0,0,1,1,0,3,4,4,1,2,2,2,4,5,2,1,8,2,2,9,5,8,8,12,8,14,9,17,14,17,16,12,18,19,21,17,23,13,22,24,19,22,23,28,31,24,26,19,29,25,19,20,20,17,22,32,17,27,19,13,26,13,17,20,16,23,19,15,13,15,10,13,14,6,11,5,8,4,5,8,5,7,6,3,4,2,3,3,1,3,3,3,2,0,3,2,2,4,1,1,1,0,0,0,1,1,0,1,0,0,0,0,1,0,0,0,0,1,0,0,0,0,0,0,0,0,0,0,0,0,0,0,0,0,0,0,0,0,0,0,0,0,0,0,0,0,0,0,0,0,0,0,0,0,0,0,0,0,0,0,0,0,0,0,0,0,0,0,0,0,0,0,0,0,0,0,0,0,0,0,0,0,0,0,0,0,0,0
0,0,0,0,0,0,0,0,0,0,0,0,0,0,1,2,1,1,2,1,3,1,3,1,5,7,1,3,7,7,4,7,7,5,9,8,9,11,7,17,12,18,14,20,12,21,21,13,17,20,13,19,28,22,24,22,31,22,39,18,34,26,25,23,22,23,29,24,26,12,25,11,19,18,19,15,8,11,14,11,15,9,9,11,9,6,9,7,9,5,4,10,1,7,7,2,6,4,1,2,1,3,0,0,2,1,5,1,2,1,1,0,0,1,2,0,0,0,1,1,0,0,1,0,2,0,0,0,0,0,0,0,0,0,0,0,0,0,0,0,0,0,0,0,0,0,0,0,0,0,0,0,0,0,0,0,0,0,0,0,0,0,0,0,0,0,0,0,0,0,0,0,0,0,0,0,0,0,0,0,0,0,0,0,0,0,0,0,0,0,0,0,0,0,0,0,0,0,0,0
0,0,0,0,0,1,0,0,0,0,0,0,0,0,3,4,1,5,3,2,1,2,2,4,3,5,2,1,2,6,6,4,9,9,7,13,6,17,7,16,12,16,8,16,10,15,20,17,19,18,18,30,24,17,25,22,24,21,20,28,21,32,23,18,24,23,19,17,27,18,15,18,17,18,15,9,9,15,21,12,10,18,7,11,7,8,5,8,4,2,4,7,4,7,5,6,3,4,7,2,3,1,1,1,0,4,3,2,1,3,1,4,0,0,0,0,0,0,1,1,2,0,0,1,0,0,0,0,0,0,1,0,0,0,0,0,0,0,0,0,0,0,0,0,0,0,0,0,0,0,0,0,0,0,0,0,0,0,0,0,0,0,0,0,0,0,0,0,0,0,0,0,0,0,0,0,0,0,0,0,0,0,0,0,0,0,0,0,0,0,0,0,0,0,0,0,0,0,0,0
0,0,0,0,0,0,0,0,0,0,0,0,0,0,0,0,0,0,1,4,2,2,0,2,2,4,2,4,1,5,3,6,6,11,7,2,9,19,8,9,14,16,7,5,20,20,17,20,20,19,18,24,19,15,25,24,14,22,28,22,16,23,23,24,24,25,27,14,17,18,25,25,14,23,20,19,18,19,18,16,12,10,12,7,6,7,8,8,6,12,7,7,10,4,8,5,3,3,0,4,3,3,0,2,1,0,3,1,0,2,0,1,0,3,0,1,1,2,1,0,0,1,0,1,1,0,1,0,0,0,0,0,0,0,0,0,0,0,0,0,0,0,1,0,0,0,0,0,0,0,0,0,0,0,0,0,0,0,0,0,0,0,0,0,0,0,0,0,0,0,0,0,0,0,0,0,0,0,0,0,0,0,0,0,0,0,0,0,0,0,0,0,0,0,0,0,0,0,0,0
0,0,0,0,0,0,0,0,0,0,0,0,0,0,2,2,0,1,2,0,2,0,3,1,2,1,1,2,2,5,3,12,4,4,7,10,7,11,6,10,14,11,15,16,13,17,27,12,22,14,22,23,23,22,14,23,26,27,20,18,20,30,14,22,23,15,22,26,11,11,11,15,12,16,10,17,12,14,17,12,11,12,8,9,11,15,10,7,6,10,7,6,3,3,5,5,3,2,3,3,1,1,2,0,3,5,0,1,1,1,0,0,0,0,0,0,0,0,0,1,0,0,2,0,0,0,0,1,0,0,0,0,0,0,0,0,0,0,0,0,0,0,0,0,0,0,0,0,0,0,0,0,0,0,0,0,0,0,0,0,0,0,0,0,0,0,0,0,0,0,0,0,0,0,0,0,0,0,0,0,0,0,0,0,0,0,0,0,0,0,0,0,0,0,0,0,0,0,0,0
0,0,0,0,0,0,0,1,0,0,0,1,0,0,0,3,1,2,1,1,4,3,2,1,3,2,2,1,5,5,3,3,5,2,7,8,7,9,8,7,11,9,10,11,13,14,24,14,12,11,14,18,16,20,28,19,13,21,24,21,15,22,18,19,20,22,16,24,17,15,9,13,10,19,9,16,19,16,13,11,10,7,8,11,7,14,6,6,5,7,9,7,4,4,7,2,5,2,1,6,1,2,5,3,1,2,0,1,0,0,0,0,0,1,0,0,2,1,0,0,0,0,0,0,0,0,0,0,1,1,0,0,0,0,0,0,0,0,0,1,0,0,0,0,0,0,0,0,0,0,0,0,0,0,0,0,0,0,0,0,0,0,0,0,0,0,0,0,0,0,0,0,0,0,0,0,0,0,0,0,0,0,0,0,0,0,0,0,0,0,0,0,0,0,0,0,0,0,0,0
0,0,1,0,0,0,0,1,0,0,0,0,0,0,1,2,0,1,2,0,1,0,5,3,7,5,3,1,2,4,0,2,7,9,8,4,6,15,8,16,12,16,14,13,10,18,25,13,19,18,12,20,24,18,18,21,22,17,17,15,18,20,18,19,22,24,19,27,17,14,21,9,16,11,10,13,15,17,14,11,3,5,10,3,9,8,4,7,3,10,10,6,8,5,1,6,4,4,3,3,5,3,3,0,2,1,4,1,0,1,0,1,2,2,0,2,0,0,1,0,0,1,0,0,0,0,0,0,0,0,0,0,0,0,0,0,0,0,0,0,0,0,0,0,0,0,0,0,0,0,0,0,0,0,0,0,0,0,0,0,0,0,0,0,0,0,0,0,0,0,0,0,0,0,0,0,0,0,0,0,0,0,0,0,0,0,0,0,0,0,0,0,0,0,0,0,0,0,0,0
0,0,0,0,0,0,0,0,0,0,0,0,0,0,1,2,1,2,0,1,3,3,2,1,1,6,2,4,4,3,3,4,8,6,9,3,9,8,6,6,10,13,15,12,7,17,25,12,20,13,27,12,16,21,16,21,18,16,24,13,24,30,16,23,16,18,26,23,12,6,11,17,14,13,12,16,14,11,19,9,12,7,14,10,9,6,9,8,9,4,7,5,3,4,5,3,4,5,4,4,1,3,1,0,1,1,0,0,1,1,1,0,0,2,1,0,0,0,0,0,0,1,1,0,2,0,0,0,1,0,0,0,0,0,0,0,0,0,0,0,0,0,0,0,0,0,0,0,0,0,0,0,0,0,0,0,0,0,0,0,0,0,0,0,0,0,0,0,0,0,0,0,0,0,0,0,0,0,0,0,0,0,0,0,0,0,0,0,0,0,0,0,0,0,0,0,0,0,0,0
0,0,0,0,0,0,0,0,0,0,0,0,0,0,2,3,0,1,2,1,2,2,1,2,1,3,3,1,2,8,4,2,7,2,6,7,9,12,10,8,14,14,7,11,14,17,17,8,12,14,17,12,19,17,11,20,16,16,21,13,22,7,23,20,27,17,24,16,14,21,7,15,15,8,15,20,16,12,10,5,11,14,9,8,6,8,5,3,4,9,4,5,6,4,7,4,0,3,3,4,4,1,1,3,0,2,0,1,2,0,1,2,0,1,0,2,0,0,0,0,0,0,0,0,0,0,0,0,0,0,0,0,0,0,0,0,0,0,0,0,0,0,0,0,0,0,0,0,0,0,0,0,0,0,0,0,0,0,0,0,0,0,0,0,0,0,0,0,0,0,0,0,0,0,0,0,0,0,0,0,0,0,0,0,0,0,0,0,0,0,0,0,0,0,0,0,0,0,0,0
0,0,0,0,0,1,0,0,0,0,0,1,0,0,0,0,2,3,2,1,3,1,3,1,2,6,0,1,4,3,6,5,4,5,7,6,6,11,8,8,12,8,16,13,13,20,19,12,11,9,13,10,19,15,16,18,21,19,18,23,24,22,15,17,14,21,14,23,15,19,16,18,12,13,11,10,18,13,21,18,12,10,5,5,7,7,2,9,6,7,10,6,5,6,3,4,3,2,1,4,2,2,5,0,1,2,0,2,0,0,0,0,1,1,0,1,0,1,0,0,0,0,1,0,0,1,0,0,0,0,0,0,0,0,0,0,0,0,0,0,0,0,0,0,0,0,0,0,0,0,0,0,0,0,0,0,0,0,0,0,0,0,0,0,0,0,0,0,0,0,0,0,0,0,0,0,0,0,0,0,0,0,0,0,0,0,0,0,0,0,0,0,0,0,0,0,0,0,0,0
0,0,0,0,0,0,0,0,0,0,0,0,0,0,1,3,0,4,1,3,1,3,3,0,4,3,3,0,4,5,4,5,4,5,10,8,8,12,8,16,12,13,14,8,10,18,20,16,13,10,19,19,24,17,15,16,15,21,19,18,29,19,22,17,10,19,17,9,9,12,11,12,15,9,10,13,6,8,22,8,11,11,9,8,6,5,5,5,7,3,2,3,5,4,7,3,4,3,2,3,5,3,2,1,2,1,3,2,1,1,2,0,0,0,0,0,0,0,1,1,0,0,1,0,0,0,1,0,0,0,0,0,1,0,0,0,0,0,0,0,0,0,0,0,0,0,0,0,0,0,0,0,0,0,0,0,0,0,0,0,0,0,0,0,0,0,0,0,0,0,0,0,0,0,0,0,0,0,0,0,0,0,0,0,0,0,0,0,0,0,0,0,0,0,0,0,0,0,0,0
0,0,0,0,0,0,0,1,0,0,0,0,0,0,1,1,0,0,1,0,2,4,1,1,3,1,1,1,2,3,5,6,7,2,4,3,4,12,9,8,22,11,8,10,15,22,19,8,11,13,19,13,17,19,18,13,17,15,22,15,20,29,10,10,13,18,19,15,12,18,13,14,10,12,14,10,12,8,10,15,8,16,6,2,8,10,7,8,7,10,7,3,6,4,7,3,1,5,4,1,1,2,4,1,2,0,2,1,2,1,3,2,1,3,3,0,1,1,0,0,0,0,0,0,0,0,0,0,0,0,0,0,0,0,0,0,0,0,0,0,0,0,0,0,0,0,0,0,0,0,0,0,0,0,0,0,0,0,0,0,0,0,0,0,0,0,0,0,0,0,0,0,0,0,0,0,0,0,0,0,0,0,0,0,0,0,0,0,0,0,0,0,0,0,0,0,0,0,0,0
0,0,0,0,0,0,0,0,0,0,0,0,0,0,0,3,0,2,3,1,3,3,2,1,1,8,1,1,5,2,4,3,7,5,9,4,13,12,2,9,14,21,11,11,11,15,21,13,12,16,20,15,19,16,13,21,25,21,20,18,16,16,15,6,15,21,16,15,12,10,11,11,4,9,9,15,7,10,10,10,12,10,6,10,7,9,4,3,8,8,3,3,5,8,4,3,1,1,2,1,1,3,1,1,3,1,2,1,1,1,1,0,2,0,1,5,0,0,0,0,0,0,0,0,0,0,1,1,1,0,0,1,0,0,0,0,0,0,0,0,0,0,0,0,0,0,0,0,0,0,0,0,0,0,0,0,0,0,0,0,0,0,0,0,0,0,0,0,0,0,0,0,0,0,0,0,0,0,0,0,0,0,0,0,0,0,0,0,0,0,0,0,0,0,0,0,0,0,0,0
0,0,0,0,0,0,0,0,0,0,0,0,0,0,0,0,1,0,3,3,4,2,0,2,4,3,0,1,2,5,4,5,10,2,5,6,5,11,6,7,7,8,7,6,10,10,20,17,16,13,24,9,19,14,5,21,27,15,10,12,15,17,10,19,13,12,29,18,18,13,13,11,24,9,13,9,10,15,9,5,8,8,20,7,4,9,5,6,4,4,2,3,3,2,4,4,4,4,5,4,0,6,1,1,1,0,3,2,3,1,1,1,0,1,1,1,0,0,0,0,0,0,1,0,0,0,0,0,0,0,0,0,0,0,0,0,0,0,0,0,0,0,0,0,0,0,0,0,0,0,0,0,0,0,0,0,0,0,0,0,0,0,0,0,0,0,0,0,0,0,0,0,0,0,0,0,0,0,0,0,0,0,0,0,0,0,0,0,0,0,0,0,0,0,0,0,0,0,0,0
0,0,0,0,0,1,0,1,0,0,0,2,1,0,1,1,1,2,2,0,3,1,1,1,1,1,3,2,7,4,1,11,3,4,6,4,6,8,8,7,10,9,8,9,16,16,11,12,12,11,11,11,15,12,12,10,13,10,26,17,12,15,14,13,14,13,15,15,16,13,17,8,15,13,13,9,9,8,14,6,12,6,10,3,5,7,4,4,2,6,2,3,8,6,4,3,3,3,2,0,1,0,3,2,1,1,1,0,1,3,1,0,0,0,0,0,0,0,0,0,0,1,0,0,0,0,0,0,0,0,0,0,0,0,0,0,0,0,0,0,0,0,0,0,0,0,0,0,0,0,0,0,0,0,0,0,0,0,0,0,0,0,0,0,0,0,0,0,0,0,0,0,0,0,0,0,0,0,0,0,0,0,0,0,0,0,0,0,0,0,0,0,0,0,0,0,0,0,0,0
0,0,0,0,0,0,0,0,1,0,0,0,0,0,2,0,2,0,0,1,3,1,0,1,3,7,3,2,1,5,1,5,5,3,6,6,5,9,7,8,7,9,11,11,12,11,16,12,13,9,17,9,15,13,11,23,19,19,13,11,15,17,14,11,13,6,15,11,11,10,9,11,17,10,8,8,12,17,9,8,8,5,8,6,4,4,4,8,4,3,6,2,1,0,0,2,1,2,4,6,0,2,1,1,1,0,0,0,1,0,1,0,1,1,0,0,0,0,0,0,1,1,0,0,1,0,0,0,0,0,0,0,0,1,0,0,0,0,0,0,0,0,0,0,0,0,0,0,0,0,0,0,0,0,0,0,0,0,0,0,0,0,0,0,0,0,0,0,0,0,0,0,0,0,0,0,0,0,0,0,0,0,0,0,0,0,0,0,0,0,0,0,0,0,0,0,0,0,0,0
0,0,0,0,0,0,0,1,0,0,0,2,0,0,1,2,0,2,3,2,1,3,1,1,0,3,1,2,4,5,1,4,2,4,4,6,4,9,3,1,7,7,9,4,12,13,16,7,13,8,12,10,12,16,19,13,12,14,16,12,18,16,6,11,16,20,16,9,20,14,9,14,10,11,13,7,7,13,9,6,6,16,4,9,7,3,6,4,5,4,4,5,4,3,5,7,2,5,2,5,2,0,1,3,0,1,2,1,1,0,3,0,2,0,0,1,0,1,1,1,1,0,0,0,0,0,0,0,0,0,0,1,0,0,0,0,0,0,0,0,0,0,0,0,0,0,0,0,0,0,0,0,0,0,0,0,0,0,0,0,0,0,0,0,0,0,0,0,0,0,0,0,0,0,0,0,0,0,0,0,0,0,0,0,0,0,0,0,0,0,0,0,0,0,0,0,0,0,0,0
0,0,0,0,0,0,0,0,0,0,0,1,0,0,3,2,1,1,1,0,1,2,0,1,2,5,5,1,2,1,1,2,6,4,7,6,5,12,2,9,11,14,10,9,5,7,17,6,8,11,11,13,18,15,17,12,11,9,17,12,14,11,17,19,11,13,9,9,11,12,11,11,14,10,5,11,10,12,12,11,9,3,6,8,4,5,8,6,7,3,4,6,1,4,6,3,3,2,2,2,3,0,2,1,0,3,1,1,1,2,0,2,0,1,2,0,0,0,0,1,0,0,1,0,0,0,0,1,0,0,0,0,0,0,0,0,0,0,0,0,0,0,0,0,1,0,0,0,0,0,0,0,0,0,0,0,0,0,0,0,0,0,0,0,0,0,0,0,0,0,0,0,0,0,0,0,0,0,0,0,0,0,0,0,0,0,0,0,0,0,0,0,0,0,0,0,0,0,0,0
0,0,0,0,0,0,0,1,0,0,0,0,0,0,0,1,0,1,0,2,2,0,1,2,2,1,0,0,3,1,1,3,5,2,6,3,2,8,3,11,11,3,6,9,9,12,13,13,21,11,14,10,19,10,12,18,10,13,15,19,19,12,13,11,5,11,8,7,18,13,11,7,15,9,13,9,8,6,6,7,10,9,7,5,7,8,4,7,5,7,5,4,4,8,3,1,2,0,3,2,3,0,2,1,0,0,0,1,1,2,1,0,0,0,0,1,0,0,0,0,0,0,1,0,0,0,0,0,0,0,0,0,0,0,0,0,0,0,0,0,0,0,0,0,0,0,0,0,0,0,0,0,0,0,0,0,0,0,0,0,0,0,0,0,0,0,0,0,0,0,0,0,0,0,0,0,0,0,0,0,0,0,0,0,0,0,0,0,0,0,0,0,0,0,0,0,0,0,0,0
0,0,0,0,0,0,0,1,0,0,0,0,0,0,1,1,0,4,2,3,0,3,0,2,2,3,2,2,3,4,3,1,4,4,9,7,7,9,2,10,12,7,5,13,7,10,12,10,11,11,14,10,13,14,14,12,11,11,13,16,27,21,14,8,13,14,17,25,10,10,8,10,9,9,10,10,9,7,8,7,4,4,7,9,5,4,5,5,5,10,2,1,1,1,2,2,1,3,1,4,0,1,2,1,1,0,1,2,1,2,3,0,0,1,0,0,0,1,0,0,1,1,0,0,0,0,0,1,0,0,0,1,0,0,0,0,0,0,0,0,0,0,0,0,0,0,0,0,0,0,0,0,0,0,0,0,0,0,0,0,0,0,0,0,0,0,0,0,0,0,0,0,0,0,0,0,0,0,0,0,0,0,0,0,0,0,0,0,0,0,0,0,0,0,0,0,0,0,0,0
0,0,0,0,0,0,0,0,0,0,0,0,0,0,5,0,0,0,1,1,0,4,0,1,2,5,0,5,2,3,2,5,6,6,3,0,6,10,5,7,6,6,10,13,7,12,12,9,13,10,23,9,11,9,19,17,13,14,18,9,10,16,12,17,14,15,8,11,12,9,9,6,11,11,10,11,12,5,6,9,5,2,8,10,5,1,2,6,4,3,6,4,4,7,2,3,2,5,2,1,1,0,2,1,1,2,0,0,1,0,1,1,1,0,0,3,0,0,0,0,0,0,0,0,0,0,1,0,0,0,0,0,0,0,0,0,0,0,0,0,0,0,0,0,0,0,0,0,1,0,0,0,0,0,0,0,0,0,0,0,0,0,0,0,0,0,0,0,0,0,0,0,0,0,0,0,0,0,0,0,0,0,0,0,0,0,0,0,0,0,0,0,0,0,0,0,0,0,0,0
0,0,0,0,0,0,0,0,0,0,0,0,0,0,0,0,0,0,0,2,0,2,1,0,2,4,1,2,1,1,0,3,2,5,2,7,2,17,4,4,7,6,8,10,11,8,12,11,13,11,13,9,11,13,13,8,16,14,18,14,10,13,8,12,9,15,10,7,8,10,8,6,15,11,12,13,13,9,7,7,5,11,7,4,6,5,5,4,5,2,2,3,0,4,1,1,1,2,0,2,4,1,0,1,1,0,0,1,0,1,0,1,0,0,0,1,0,0,0,0,0,0,0,0,0,0,0,0,0,0,1,1,0,0,0,0,0,0,0,0,0,0,0,0,0,0,0,0,0,0,0,0,0,0,0,0,0,0,0,0,0,0,0,0,0,0,0,0,0,0,0,0,0,0,0,0,0,0,0,0,0,0,0,0,0,0,0,0,0,0,0,0,0,0,0,0,0,0,0,0
0,0,0,0,0,0,0,0,0,0,0,0,0,0,2,1,0,0,1,1,1,2,1,0,2,1,0,1,1,1,3,2,6,4,5,6,5,6,4,5,13,10,12,12,6,12,14,8,7,10,14,8,14,14,11,10,11,13,12,20,9,12,9,11,7,15,9,8,6,14,13,5,5,3,6,9,7,5,10,7,9,5,2,8,6,6,3,5,4,3,1,2,5,3,2,3,1,1,1,1,1,2,2,0,3,2,1,0,1,1,0,0,0,0,1,0,0,1,0,0,1,1,0,0,0,1,0,0,0,0,0,0,0,0,0,0,0,0,0,0,0,0,0,0,0,0,0,0,0,0,0,0,0,0,0,0,0,0,0,0,0,0,0,0,0,0,0,0,0,0,0,0,0,0,0,0,0,0,0,0,0,0,0,0,0,0,0,0,0,0,0,0,0,0,0,0,0,0,0,0
0,0,0,0,0,0,0,0,0,0,0,0,0,0,1,1,0,3,0,0,1,1,2,1,0,1,2,0,2,3,4,1,6,3,3,7,5,10,2,5,10,4,10,3,12,12,14,12,8,11,17,9,14,8,15,7,12,5,9,12,10,11,11,14,10,11,19,10,3,4,9,9,8,8,12,10,8,3,7,8,3,4,5,5,2,7,6,4,4,1,3,3,1,0,1,3,0,0,1,0,2,3,1,1,0,0,0,0,2,0,0,0,0,0,0,0,0,1,0,0,1,0,0,0,0,0,0,0,0,0,0,0,1,0,0,0,0,0,0,0,0,0,0,0,0,0,0,0,0,0,0,0,0,0,0,0,0,0,0,0,0,0,0,0,0,0,0,0,0,0,0,0,0,0,0,0,0,0,0,0,0,0,0,0,0,0,0,0,0,0,0,0,0,0,0,0,0,0,0,0
0,0,1,0,0,0,0,0,0,0,0,1,0,0,0,1,0,3,2,2,5,2,0,2,0,5,0,0,3,4,1,5,3,3,4,3,6,4,3,11,9,10,13,4,13,11,14,9,8,15,6,8,14,18,13,14,11,11,10,9,13,9,12,9,8,14,19,15,8,12,9,9,8,4,11,5,4,10,4,5,8,7,6,4,7,8,4,5,5,2,1,1,1,3,5,1,2,1,2,1,0,0,1,0,0,0,0,0,0,3,2,0,0,1,1,1,1,0,0,0,0,0,0,0,0,0,0,0,0,0,0,1,0,0,0,0,0,1,0,0,0,0,0,0,0,0,0,0,0,0,0,0,0,0,0,0,0,0,0,0,0,0,0,0,0,0,0,0,0,0,0,0,0,0,0,0,0,0,0,0,0,0,0,0,0,0,0,0,0,0,0,0,0,0,0,0,0,0,0,0
0,0,1,0,0,0,0,0,1,0,0,1,0,0,0,1,0,1,2,0,1,0,3,0,1,3,2,1,4,5,4,3,8,1,6,4,3,11,9,5,8,6,9,8,9,7,8,8,13,15,13,11,18,9,11,10,16,11,7,12,7,8,5,11,16,7,11,9,11,12,8,7,6,5,5,8,4,4,4,7,6,1,2,4,6,5,5,5,3,3,0,1,2,4,5,2,1,4,1,1,2,2,0,0,2,0,0,0,2,2,2,1,2,2,0,0,0,0,0,0,0,0,0,1,0,1,0,0,0,0,0,0,0,0,0,0,0,0,0,0,0,0,0,0,0,0,0,0,0,0,0,0,0,0,0,0,0,0,0,0,0,0,0,0,0,0,0,0,0,0,0,0,0,0,0,0,0,0,0,0,0,0,0,0,0,0,0,0,0,0,0,0,0,0,0,0,0,0,0,0
0,0,0,0,0,0,0,0,0,0,0,0,1,0,0,0,0,0,2,1,1,0,0,1,1,1,1,1,4,2,4,3,6,2,8,5,10,9,1,9,6,9,8,7,8,10,10,6,11,9,9,6,12,15,11,5,11,15,9,10,11,9,8,7,13,13,11,17,6,9,6,5,12,6,5,13,6,7,2,4,7,5,2,5,4,2,2,1,4,2,6,1,1,5,3,1,1,3,0,0,2,1,3,1,1,1,1,1,0,1,0,2,0,0,0,1,0,0,2,0,0,0,0,1,0,0,0,0,0,0,0,0,0,0,0,0,0,0,0,0,0,0,0,0,0,0,0,0,0,0,0,0,0,0,0,0,0,0,0,0,0,0,0,0,0,0,0,0,0,0,0,0,0,0,0,0,0,0,0,0,0,0,0,0,0,0,0,0,0,0,0,0,0,0,0,0,0,0,0,0
0,0,0,0,0,0,0,0,0,0,0,0,0,0,0,0,0,0,2,2,0,2,1,2,3,1,3,3,0,2,0,4,6,6,3,3,2,14,7,7,6,4,6,8,8,5,13,16,10,9,9,10,9,17,8,11,9,3,21,8,19,8,9,11,16,10,13,8,10,14,5,8,6,11,11,5,8,7,5,3,4,4,9,2,8,2,3,4,4,1,1,5,4,5,2,2,1,1,3,4,2,3,1,1,1,0,0,1,0,0,0,1,0,0,1,1,0,0,0,1,0,0,0,0,0,0,0,0,0,0,0,0,0,0,0,0,0,0,0,0,0,0,0,0,0,0,0,0,0,0,0,0,0,0,0,0,0,0,0,0,0,0,0,0,0,0,0,0,0,0,0,0,0,0,0,0,0,0,0,0,0,0,0,0,0,0,0,0,0,0,0,0,0,0,0,0,0,0,0,0
0,0,0,0,0,0,0,0,0,0,0,0,1,0,0,1,1,2,0,1,1,3,1,0,1,3,2,0,3,3,1,4,2,3,4,5,4,8,4,10,6,9,3,4,8,7,16,10,10,6,9,9,10,9,8,8,12,9,13,17,10,13,10,7,13,5,9,11,9,7,9,12,10,9,9,6,7,8,3,5,5,6,4,3,4,7,8,2,0,5,2,5,3,2,2,2,0,0,1,1,2,0,0,2,0,2,0,1,0,0,0,1,0,0,0,0,0,0,0,0,0,0,0,0,0,0,0,0,0,0,0,0,0,0,0,0,0,0,0,0,0,0,0,0,0,0,0,0,0,0,0,0,0,0,0,0,0,0,0,0,0,0,0,0,0,0,0,0,0,0,0,0,0,0,0,0,0,0,0,0,0,0,0,0,0,0,0,0,0,0,0,0,0,0,0,0,0,0,0,0
0,0,0,0,0,0,0,0,0,0,0,0,0,0,0,0,1,1,1,0,3,1,2,4,0,2,2,1,2,3,3,0,7,2,7,3,2,7,5,3,5,6,12,6,14,12,6,9,8,8,9,7,7,6,10,11,21,6,12,15,10,15,14,16,12,13,16,8,10,11,8,7,14,5,10,5,4,7,7,2,3,8,9,2,7,5,4,6,3,4,0,3,4,1,5,1,1,1,2,1,0,1,1,1,0,0,1,1,1,1,0,0,0,0,1,0,0,0,0,0,0,0,0,0,0,0,0,1,0,0,0,0,0,0,0,0,0,0,0,0,0,0,0,0,0,0,0,0,0,0,0,0,0,0,0,0,0,0,0,0,0,0,0,0,0,0,0,0,0,0,0,0,0,0,0,0,0,0,0,0,0,0,0,0,0,0,0,0,0,0,0,0,0,0,0,0,0,0,0,0
0,0,0,0,0,0,0,0,0,0,0,1,0,0,1,0,0,1,0,1,1,1,0,1,0,2,0,1,1,0,2,3,3,2,7,3,6,3,6,3,6,8,9,8,12,11,11,6,9,6,8,11,7,12,10,11,7,8,8,7,13,6,17,10,6,10,8,11,6,7,7,12,7,6,5,5,5,6,3,8,4,1,5,1,4,6,2,5,1,3,1,0,2,4,1,1,1,0,2,4,0,2,1,0,0,2,0,1,0,0,0,0,2,0,0,0,0,0,0,1,0,0,0,0,1,0,0,0,0,0,0,0,0,0,0,0,0,0,0,0,0,0,0,0,0,0,0,0,0,0,0,0,0,0,0,0,0,0,0,0,0,0,0,0,0,0,0,0,0,0,0,0,0,0,0,0,0,0,0,0,0,0,0,0,0,0,0,0,0,0,0,0,0,0,0,0,0,0,0,0
0,0,0,0,0,0,0,0,0,0,0,0,0,0,1,0,0,1,1,1,2,0,0,0,2,2,2,0,3,2,4,7,2,3,0,2,2,8,1,7,6,6,13,6,6,10,11,7,9,7,12,7,7,1,10,6,10,7,14,13,14,12,12,6,9,5,15,4,9,6,8,7,9,5,8,7,8,6,5,5,4,7,3,4,5,6,2,2,3,4,0,3,5,1,0,4,4,0,0,1,5,1,1,0,0,0,1,1,1,0,0,0,0,0,0,0,0,0,1,0,3,0,0,0,0,0,0,0,0,0,0,0,0,0,0,0,0,0,0,0,0,0,0,0,0,0,0,0,0,0,0,0,0,0,0,0,0,0,0,0,0,0,0,0,0,0,0,0,0,0,0,0,0,0,0,0,0,0,0,0,0,0,0,0,0,0,0,0,0,0,0,0,0,0,0,0,0,0,0,0
0,0,0,0,0,0,0,0,0,0,0,1,0,0,0,0,1,1,1,2,0,2,1,0,0,2,1,0,3,1,2,4,3,1,3,1,6,4,6,7,4,8,3,6,7,7,9,6,7,12,10,13,7,11,11,4,9,10,8,5,10,6,9,8,7,11,4,10,4,5,6,7,6,6,5,6,4,5,3,4,4,6,3,1,0,6,2,1,5,1,3,1,2,3,2,3,2,1,0,1,1,2,0,0,1,0,1,0,0,0,1,0,0,1,2,1,0,1,0,0,0,1,0,0,0,0,0,0,0,0,0,0,0,0,0,0,0,0,0,0,0,0,0,0,0,0,0,0,0,0,0,0,0,0,0,0,0,0,0,0,0,0,0,0,0,0,0,0,0,0,0,0,0,0,0,0,0,0,0,0,0,0,0,0,0,0,0,0,0,0,0,0,0,0,0,0,0,0,0,0
0,0,0,0,0,0,0,0,0,0,0,1,0,0,0,0,0,0,1,1,3,1,0,1,1,2,1,0,0,1,7,3,4,1,8,0,3,5,2,4,8,8,10,5,5,7,11,4,10,5,7,6,8,7,13,11,13,11,11,11,3,16,3,8,4,7,8,10,2,3,2,3,8,6,5,7,5,3,5,5,6,3,5,1,3,8,10,0,1,6,1,4,4,4,2,4,2,1,1,3,1,1,1,0,1,0,0,0,3,2,1,0,0,0,0,0,0,0,0,0,0,0,0,0,0,0,0,1,0,0,0,0,0,0,0,0,0,0,0,0,0,0,0,0,0,0,1,0,0,0,0,0,0,0,0,0,0,0,0,0,0,0,0,0,0,0,0,0,0,0,0,0,0,0,0,0,0,0,0,0,0,0,0,0,0,0,0,0,0,0,0,0,0,0,0,0,0,0,0,0
0,0,0,0,0,0,0,0,0,0,0,0,0,0,0,0,0,1,3,3,1,1,0,1,0,2,3,3,2,1,3,4,3,4,4,9,2,2,3,5,5,3,10,8,9,8,7,6,5,8,11,5,6,15,11,12,11,8,7,3,4,8,9,4,5,5,10,8,10,12,11,14,5,3,4,10,3,6,6,6,4,3,2,8,6,2,3,7,4,3,2,0,2,1,4,0,5,2,1,0,0,1,1,0,0,0,1,2,1,0,0,0,1,1,0,0,0,0,0,0,0,0,0,0,0,0,0,1,0,0,0,0,0,0,0,0,0,0,0,0,0,0,0,0,0,0,0,0,0,0,0,0,0,0,0,0,0,0,0,0,0,0,0,0,0,0,0,0,0,0,0,0,0,0,0,0,0,0,0,0,0,0,0,0,0,0,0,0,0,0,0,0,0,0,0,0,0,0,0,0
0,0,0,0,0,0,0,0,0,0,0,0,0,0,0,1,0,0,3,1,3,1,0,1,2,2,1,1,1,4,1,1,2,1,5,1,3,3,4,4,3,9,7,4,5,4,6,7,5,7,6,11,8,5,8,8,10,18,7,9,5,10,8,12,7,12,9,8,10,9,7,7,6,9,8,4,8,6,1,8,5,4,3,5,4,3,2,1,3,2,1,1,2,2,0,0,2,0,0,1,1,1,0,0,2,0,0,0,2,1,1,0,0,0,0,0,0,1,0,0,0,0,0,0,0,0,0,0,0,0,0,0,0,0,0,0,0,0,0,0,0,0,0,0,0,0,0,0,0,0,0,0,0,0,0,0,0,0,0,0,0,0,0,0,0,0,0,0,0,0,0,0,0,0,0,0,0,0,0,0,0,0,0,0,0,0,0,0,0,0,0,0,0,0,0,0,0,0,0,0
0,0,0,0,0,0,0,0,0,0,0,0,0,0,0,0,0,1,3,1,0,1,0,2,2,2,0,0,1,3,1,2,4,0,7,4,1,7,2,5,5,2,3,5,6,8,9,5,12,5,12,2,6,6,7,9,11,10,8,6,4,9,12,10,11,11,14,3,10,8,8,4,5,4,7,5,3,6,5,7,2,2,3,2,6,1,3,2,1,1,3,5,1,1,4,2,0,0,1,1,0,2,1,2,0,0,1,2,1,0,0,0,0,0,0,0,0,0,0,0,0,0,1,0,0,0,0,0,0,0,0,0,0,0,0,0,0,0,0,0,0,0,0,0,0,0,0,0,0,0,0,0,0,0,0,0,0,0,0,0,0,0,0,0,0,0,0,0,0,0,0,0,0,0,0,0,0,0,0,0,0,0,0,0,0,0,0,0,0,0,0,0,0,0,0,0,0,0,0,0
0,0,0,0,0,0,0,0,0,0,0,1,0,0,1,0,0,1,1,0,1,0,0,1,1,1,1,1,0,2,3,3,5,2,3,4,5,6,5,4,8,6,5,2,8,6,10,6,5,3,4,7,4,11,6,7,8,6,7,6,7,10,5,6,4,14,3,8,6,6,5,5,6,6,3,3,4,4,1,7,1,5,3,3,2,3,2,4,4,0,2,2,5,0,4,0,0,1,0,1,0,1,0,0,0,2,0,0,1,0,1,0,0,0,0,0,0,2,0,0,0,0,0,0,0,0,0,0,0,0,0,0,0,0,0,0,0,0,0,0,0,0,0,0,0,0,0,0,0,0,0,0,0,0,0,0,0,0,0,0,0,0,0,0,0,0,0,0,0,0,0,0,0,0,0,0,0,0,0,0,0,0,0,0,0,0,0,0,0,0,0,0,0,0,0,0,0,0,0,0
0,0,0,0,0,0,0,0,0,0,0,0,0,0,0,0,0,0,0,1,2,1,0,0,2,3,1,0,2,1,0,1,3,1,1,1,3,5,3,6,5,4,2,5,9,4,10,3,7,4,1,7,10,5,5,6,9,6,11,6,5,7,10,9,9,11,9,12,3,4,3,6,6,9,4,7,7,11,0,4,6,3,4,5,2,3,2,2,3,4,6,0,1,0,1,1,1,4,2,0,1,1,0,0,2,0,0,0,1,1,1,0,0,0,0,0,0,0,0,0,0,0,0,0,0,0,0,0,0,0,0,0,0,0,0,0,0,0,0,0,0,0,0,0,0,0,0,0,0,0,0,0,0,0,0,0,0,0,0,0,0,0,0,0,0,0,0,0,0,0,0,0,0,0,0,0,0,0,0,0,0,0,0,0,0,0,0,0,0,0,0,0,0,0,0,0,0,0,0,0
0,0,0,0,0,0,0,0,0,0,0,2,0,0,0,0,0,0,0,0,1,1,0,1,0,1,3,0,1,3,1,1,7,2,7,2,5,4,4,5,5,10,3,7,4,3,5,4,6,9,8,7,7,9,9,9,12,7,12,3,7,10,7,6,6,7,8,4,8,8,8,9,3,6,8,4,4,4,4,7,1,5,2,5,6,6,5,5,2,3,2,1,1,2,1,1,0,0,3,0,0,0,0,0,1,0,0,0,0,0,0,1,0,1,0,0,0,0,1,0,0,0,0,0,0,0,0,0,0,0,0,0,0,0,0,0,0,0,0,0,0,0,0,0,0,0,0,0,0,0,0,0,0,0,0,0,0,0,0,0,0,0,0,0,0,0,0,0,0,0,0,0,0,0,0,0,0,0,0,0,0,0,0,0,0,0,0,0,0,0,0,0,0,0,0,0,0,0,0,0
0,0,0,0,0,0,0,0,0,0,0,0,0,0,2,1,0,2,2,1,0,0,1,0,0,0,0,0,2,3,1,2,6,1,3,2,2,7,3,4,3,4,2,2,6,5,9,11,5,8,9,7,11,10,4,10,7,5,12,6,13,5,9,8,8,8,11,6,9,4,5,7,4,5,7,7,3,4,2,4,6,1,2,3,2,4,2,5,3,5,1,2,0,1,0,1,0,0,1,2,2,2,0,0,0,0,0,2,1,1,0,0,0,1,1,0,0,0,0,0,0,0,0,0,0,0,0,0,0,0,0,0,0,0,0,0,0,0,0,0,0,0,0,0,0,0,0,0,0,0,0,0,0,0,0,0,0,0,0,0,0,0,0,0,0,0,0,0,0,0,0,0,0,0,0,0,0,0,0,0,0,0,0,0,0,0,0,0,0,0,0,0,0,0,0,0,0,0,0,0
0,0,0,0,0,0,0,1,0,0,0,0,0,0,1,1,0,1,0,1,1,2,0,1,1,2,2,2,1,0,1,2,2,1,5,6,4,7,4,0,3,3,3,4,2,5,7,6,5,5,5,6,10,7,2,6,12,6,14,3,7,6,9,6,7,7,10,5,4,5,7,4,5,8,6,8,7,4,9,3,5,3,5,7,2,6,2,2,3,3,0,3,0,0,3,1,0,2,1,1,2,0,0,0,1,0,0,1,0,1,0,0,0,1,0,0,0,0,0,0,0,0,1,0,0,0,0,0,0,0,0,0,1,0,0,0,0,0,0,0,0,0,0,0,0,0,0,0,0,0,0,0,0,0,0,0,0,0,0,0,0,0,0,0,0,0,0,0,0,0,0,0,0,0,0,0,0,0,0,0,0,0,0,0,0,0,0,0,0,0,0,0,0,0,0,0,0,0,0,0
0,0,0,0,0,0,0,0,0,0,0,0,0,0,0,2,0,0,1,2,0,2,1,0,1,1,0,1,2,1,2,1,5,1,3,2,3,4,2,6,3,1,2,7,8,8,10,4,7,5,3,8,6,12,10,6,6,4,13,4,7,4,4,5,5,4,4,8,6,5,4,4,6,6,8,3,10,3,4,3,4,4,1,3,0,4,2,1,2,1,3,1,1,1,1,1,0,0,1,0,1,0,1,1,0,0,0,1,1,1,1,1,0,0,0,1,1,0,0,0,0,0,0,0,0,0,0,0,0,0,1,0,0,0,0,0,0,0,0,0,0,0,0,0,0,0,0,0,0,0,0,0,0,0,0,0,0,0,0,0,0,0,0,0,0,0,0,0,0,0,0,0,0,0,0,0,0,0,0,0,0,0,0,0,0,0,0,0,0,0,0,0,0,0,0,0,0,0,0,0
0,0,0,0,0,1,0,0,0,0,0,0,0,0,0,0,0,1,1,0,0,2,0,1,2,0,2,2,4,0,0,0,4,1,2,1,6,3,4,4,4,7,3,5,7,8,9,8,10,6,1,1,8,6,5,4,6,8,11,6,9,9,7,2,6,6,8,2,3,4,6,7,9,6,8,3,2,4,3,6,7,1,3,5,1,3,2,7,2,1,1,2,1,2,2,2,0,1,2,1,2,0,1,2,0,1,1,0,0,0,1,1,0,0,0,0,0,0,0,0,0,0,0,0,0,0,0,0,0,0,1,0,0,0,0,0,0,0,0,0,0,0,0,0,0,0,0,0,0,0,0,0,0,0,0,0,0,0,0,0,0,0,0,0,0,0,0,0,0,0,0,0,0,0,0,0,0,0,0,0,0,0,0,0,0,0,0,0,0,0,0,0,0,0,0,0,0,0,0,0
0,0,0,0,0,0,0,0,0,0,0,0,0,0,1,0,0,3,0,0,0,1,0,4,1,2,0,0,2,2,1,1,3,4,2,1,4,8,0,3,4,4,9,3,1,7,5,4,6,4,7,5,6,7,5,6,11,9,7,3,13,8,11,3,5,4,8,4,5,7,5,10,7,4,3,6,5,3,5,0,3,3,7,3,4,1,2,4,1,1,1,2,2,2,3,3,0,1,3,0,0,1,1,0,0,1,0,1,0,0,0,0,0,0,0,0,0,0,0,0,0,0,0,0,0,1,0,0,0,0,0,0,0,0,0,0,0,0,0,0,0,0,0,0,0,0,0,0,0,0,0,0,0,0,0,0,0,0,0,0,0,0,0,0,0,0,0,0,0,0,0,0,0,0,0,0,0,0,0,0,0,0,0,0,0,0,0,0,0,0,0,0,0,0,0,0,0,0,0,0
0,0,0,0,0,0,0,0,0,0,0,0,0,0,0,0,0,0,1,3,1,2,0,2,2,3,0,3,2,2,0,2,3,5,3,3,2,5,0,2,5,3,2,6,2,7,3,5,5,3,8,5,8,8,11,11,3,6,9,8,5,6,7,7,8,3,8,7,9,5,8,4,2,2,9,2,6,4,3,0,1,3,5,1,4,1,4,0,0,2,3,2,2,0,1,1,0,2,0,0,0,0,0,0,0,0,0,0,0,0,0,0,1,0,0,0,0,0,0,2,0,0,0,0,0,0,0,0,0,0,0,0,0,0,0,0,0,0,0,0,0,0,0,0,0,0,0,0,0,0,0,0,0,0,0,0,0,0,0,0,0,0,0,0,0,0,0,0,0,0,0,0,0,0,0,0,0,0,0,0,0,0,0,0,0,0,0,0,0,0,0,0,0,0,0,0,0,0,0,0
0,0,0,0,0,0,0,0,0,0,0,0,0,0,0,2,0,1,0,2,0,1,0,0,0,1,1,0,2,2,1,2,5,1,3,4,0,6,2,4,4,4,3,5,5,4,4,4,7,3,5,2,3,7,9,12,7,3,9,5,4,2,8,7,7,8,6,7,2,6,3,5,9,3,6,3,2,1,3,2,3,1,2,2,2,2,0,1,3,3,1,0,3,3,0,0,2,0,1,1,0,0,2,1,1,0,1,2,0,0,0,0,0,0,0,0,1,0,0,0,0,0,0,0,0,0,0,0,0,0,0,0,0,0,0,0,0,0,0,0,0,0,0,0,0,0,0,0,0,0,0,0,0,0,0,0,0,0,0,0,0,0,0,0,0,0,0,0,0,0,0,0,0,0,0,0,0,0,0,0,0,0,0,0,0,0,0,0,0,0,0,0,0,0,0,0,0,0,0,0
0,0,0,0,0,0,0,0,0,0,0,1,1,0,1,0,0,1,3,0,0,2,0,0,0,3,1,0,5,1,0,0,2,1,3,2,2,3,3,1,5,7,2,7,6,1,8,3,6,4,8,5,4,4,5,2,3,5,3,3,5,8,4,6,6,7,4,3,10,6,6,4,3,9,4,8,1,2,4,3,2,3,4,2,0,2,2,1,2,2,0,1,2,1,0,2,1,2,0,0,1,1,1,1,1,1,1,1,0,1,0,0,0,0,1,0,0,0,0,0,0,0,0,0,0,1,0,0,0,0,0,0,0,0,0,0,0,0,0,0,0,0,0,0,0,0,0,0,0,0,0,0,0,0,0,0,0,0,0,0,0,0,0,0,0,0,0,0,0,0,0,0,0,0,0,0,0,0,0,0,0,0,0,0,0,0,0,0,0,0,0,0,0,0,0,0,0,0,0,0
0,0,0,0,0,0,0,2,0,0,0,0,0,0,0,0,0,0,0,0,2,0,0,0,0,0,0,0,0,5,0,4,3,1,5,2,4,2,2,2,4,2,6,5,5,4,8,3,5,2,6,4,8,5,9,12,11,5,9,9,3,4,7,6,4,4,8,5,5,8,4,2,1,2,2,1,3,1,3,6,2,2,1,2,1,2,2,1,1,0,0,3,4,1,2,1,0,1,1,1,2,0,1,0,1,1,0,0,1,1,0,1,0,2,0,0,0,0,0,0,0,0,0,0,0,0,0,0,0,0,0,0,0,0,0,0,0,0,0,0,0,0,0,0,0,0,0,0,0,0,0,0,0,0,0,0,0,0,0,0,0,0,0,0,0,0,0,0,0,0,0,0,0,0,0,0,0,0,0,0,0,0,0,0,0,0,0,0,0,0,0,0,0,0,0,0,0,0,0,0
0,0,0,0,0,0,0,0,0,0,0,0,0,0,1,0,0,0,0,1,0,0,0,0,2,2,0,0,2,0,0,1,3,2,1,1,1,7,0,8,3,3,2,3,6,3,5,4,9,4,5,5,5,5,4,4,6,6,10,3,7,5,3,3,3,6,6,8,4,3,3,2,4,6,1,3,4,4,6,2,2,2,2,3,2,3,2,3,0,3,1,1,1,0,1,0,1,0,0,1,0,0,0,0,0,0,0,0,1,0,0,1,0,0,0,0,1,0,0,0,0,0,0,0,0,0,0,0,0,0,0,0,0,0,0,0,0,0,0,0,0,0,0,0,0,0,0,0,0,0,0,0,0,0,0,0,0,0,0,0,0,0,0,0,0,0,0,0,0,0,0,0,0,0,0,0,0,0,0,0,0,0,0,0,0,0,0,0,0,0,0,0,0,0,0,0,0,0,0,0
0,0,0,0,0,0,0,0,0,0,0,0,0,0,1,1,0,0,0,0,0,4,0,0,0,1,1,0,1,1,2,1,4,2,4,4,1,4,0,3,5,6,3,5,3,2,5,4,10,5,7,5,8,0,11,5,4,8,7,7,6,6,4,5,2,7,6,6,5,8,6,2,2,4,1,3,1,3,5,2,1,2,2,1,3,7,2,1,3,3,3,4,1,3,1,1,0,0,0,0,0,0,0,2,1,0,0,0,0,0,0,0,0,0,0,0,0,2,0,0,0,0,0,0,1,0,0,0,0,0,0,0,0,0,0,0,0,0,0,0,0,0,0,0,0,0,0,0,0,0,0,0,0,0,0,0,0,0,0,0,0,0,0,0,0,0,0,0,0,0,0,0,0,0,0,0,0,0,0,0,0,0,0,0,0,0,0,0,0,0,0,0,0,0,0,0,0,0,0,0
0,0,0,0,0,0,0,0,0,0,0,0,1,0,0,0,1,0,0,0,0,1,0,0,1,3,1,1,1,1,0,0,1,1,2,1,0,5,1,3,4,4,2,5,4,5,6,6,5,6,5,5,5,0,5,5,2,6,5,3,5,9,9,3,2,4,7,5,5,5,4,3,4,6,3,3,3,2,5,2,4,2,2,1,5,2,5,0,3,2,2,0,4,0,0,0,2,1,0,0,1,0,2,2,1,0,0,0,0,1,1,0,1,0,0,1,0,0,0,0,0,0,0,0,0,0,0,0,0,0,0,0,0,0,0,0,0,0,0,0,0,0,0,0,0,0,0,0,0,0,0,0,0,0,0,0,0,0,0,0,0,0,0,0,0,0,0,0,0,0,0,0,0,0,0,0,0,0,0,0,0,0,0,0,0,0,0,0,0,0,0,0,0,0,0,0,0,0,0,0
0,0,0,0,0,1,0,0,0,0,0,0,0,0,2,1,1,3,1,0,0,1,0,2,0,0,0,2,0,0,2,1,0,0,2,2,1,2,2,3,6,1,3,4,5,6,7,4,6,2,3,5,7,4,2,5,5,3,8,1,6,4,3,4,8,4,5,6,7,5,3,6,3,1,1,6,0,5,0,4,0,3,1,3,2,0,1,3,0,0,2,2,0,2,2,1,0,0,0,0,0,0,1,0,0,1,1,0,0,2,0,0,0,0,0,0,0,0,1,0,0,0,0,0,0,0,0,0,0,0,0,0,0,0,0,0,0,0,0,0,0,0,0,0,0,0,0,0,0,0,0,0,0,0,0,0,0,0,0,0,0,0,0,0,0,0,0,0,0,0,0,0,0,0,0,0,0,0,0,0,0,0,0,0,0,0,0,0,0,0,0,0,0,0,0,0,0,0,0,0
0,0,0,0,0,0,0,0,0,0,0,0,0,0,0,0,0,0,0,0,0,0,0,1,0,0,1,0,1,2,0,1,0,3,2,3,6,3,6,5,0,4,4,3,2,4,6,3,5,2,2,4,4,3,4,4,6,4,5,6,4,10,7,2,9,6,9,0,1,1,1,2,5,7,1,3,5,5,3,2,4,2,4,3,3,3,2,1,2,0,0,1,2,0,0,2,0,1,1,2,1,1,0,0,2,0,0,0,1,0,1,1,0,0,0,0,0,0,0,0,0,0,0,0,0,0,0,1,0,0,0,0,0,0,0,0,0,0,0,0,0,0,0,0,0,0,0,0,0,0,0,0,0,0,0,0,0,0,0,0,0,0,0,0,0,0,0,0,0,0,0,0,0,0,0,0,0,0,0,0,0,0,0,0,0,0,0,0,0,0,0,0,0,0,0,0,0,0,0,0
0,0,0,0,0,0,0,1,0,0,0,1,0,0,0,0,0,1,1,0,0,0,0,0,1,0,2,1,1,3,2,1,1,1,3,0,2,4,5,8,6,4,5,5,7,1,9,3,3,1,5,2,6,4,5,4,3,3,3,3,2,4,2,4,3,7,5,4,2,7,1,4,3,2,1,3,2,0,1,2,4,2,3,2,2,1,1,0,4,2,0,1,2,2,0,0,0,3,0,1,2,0,2,0,1,0,1,0,1,0,0,0,0,0,1,0,0,0,0,0,0,0,0,0,0,0,0,0,0,0,0,0,0,0,0,0,0,0,0,0,0,0,0,0,0,0,0,0,0,0,0,0,0,0,0,0,0,0,0,0,0,0,0,0,0,0,0,0,0,0,0,0,0,0,0,0,0,0,0,0,0,0,0,0,0,0,0,0,0,0,0,0,0,0,0,0,0,0,0,0
0,0,0,0,0,0,0,0,0,0,0,1,0,0,0,1,1,0,0,1,0,0,0,0,0,3,0,1,1,1,1,1,1,0,0,3,0,5,2,3,2,6,0,5,5,7,5,4,6,1,9,3,0,2,8,3,2,3,6,8,6,5,3,4,5,3,0,9,4,5,8,6,5,3,7,4,2,0,4,3,6,1,3,2,3,3,2,0,3,2,2,1,2,0,0,2,0,0,0,1,0,1,0,2,1,0,0,1,0,0,0,0,0,0,0,0,0,0,0,0,0,0,0,0,0,0,0,0,0,0,0,0,0,0,0,0,0,0,0,0,0,0,0,0,0,0,0,0,0,0,0,0,0,0,0,0,0,0,0,0,0,0,0,0,0,0,0,0,0,0,0,0,0,0,0,0,0,0,0,0,0,0,0,0,0,0,0,0,0,0,0,0,0,0,0,0,0,0,0,0
0,0,0,0,0,0,0,0,1,0,0,1,0,0,3,1,0,1,0,0,0,0,0,1,0,0,1,0,2,0,0,1,0,1,2,1,1,2,2,6,4,4,1,2,4,2,6,1,4,4,7,0,0,3,5,5,7,6,6,2,2,5,3,4,8,4,3,7,5,6,5,5,3,0,4,7,3,1,1,3,1,3,2,3,1,0,0,1,3,1,1,2,2,1,0,1,1,0,0,3,0,1,1,1,0,0,0,0,0,0,0,1,0,0,0,0,0,0,0,0,0,0,0,0,0,0,0,0,0,0,0,0,1,0,0,0,0,0,0,0,0,0,1,0,0,0,0,0,0,0,0,0,0,0,0,0,0,0,0,0,0,0,0,0,0,0,0,0,0,0,0,0,0,0,0,0,0,0,0,0,0,0,0,0,0,0,0,0,0,0,0,0,0,0,0,0,0,0,0,0
0,0,0,0,0,0,0,0,0,0,0,0,0,0,0,0,0,0,0,1,0,0,3,0,3,1,0,2,1,1,1,1,2,0,1,6,3,7,1,3,2,1,4,3,5,7,2,4,3,5,1,2,3,4,6,3,4,5,7,2,1,3,2,3,2,9,3,3,3,4,2,4,2,2,2,2,3,1,3,0,2,3,1,2,1,3,1,0,1,1,0,1,0,1,1,1,1,0,1,0,0,0,1,1,1,1,0,0,0,0,0,0,0,0,0,0,0,0,0,0,0,0,0,0,0,0,0,0,0,0,0,0,0,0,0,0,0,0,0,0,0,0,0,0,0,0,0,0,0,0,0,0,0,0,0,0,0,0,0,0,0,0,0,0,0,0,0,0,0,0,0,0,0,0,0,0,0,0,0,0,0,0,0,0,0,0,0,0,0,0,0,0,0,0,0,0,0,0,0,0
0,0,0,0,0,0,0,0,0,0,0,0,0,0,0,0,0,0,1,2,1,0,0,0,2,0,0,2,0,1,1,0,4,2,4,2,0,0,2,3,5,3,2,2,6,1,11,1,6,2,4,5,2,5,7,1,3,7,6,4,4,6,4,4,2,0,10,5,1,5,1,9,6,1,4,5,4,4,2,1,1,1,2,1,3,0,0,1,1,0,3,0,2,0,1,3,0,0,0,1,0,2,0,0,1,0,0,0,0,0,0,1,0,0,0,0,0,0,0,0,0,0,1,0,0,0,0,0,0,0,0,0,0,0,0,0,0,0,0,0,0,0,0,0,0,0,0,0,0,0,0,0,0,0,0,0,0,0,0,0,0,0,0,0,0,0,0,0,0,0,0,0,0,0,0,0,0,0,0,0,0,0,0,0,0,0,0,0,0,0,0,0,0,0,0,0,0,0,0,0
0,0,0,0,0,0,0,0,0,0,0,0,0,0,1,0,0,0,0,0,1,0,0,0,0,2,0,0,0,1,1,1,2,0,3,1,5,2,1,3,6,7,3,2,5,4,5,1,8,6,5,3,0,4,5,4,0,5,11,4,4,2,5,3,4,3,1,6,4,4,2,5,2,4,4,5,6,0,2,5,1,0,1,0,2,0,3,2,1,0,2,0,3,1,1,1,0,1,0,0,0,0,0,2,0,1,0,1,0,0,0,0,0,2,0,0,0,0,0,0,0,1,0,0,0,0,0,0,0,0,0,0,0,0,0,0,0,0,0,0,0,0,0,0,0,0,0,0,0,0,0,0,0,0,0,0,0,0,0,0,0,0,0,0,0,0,0,0,0,0,0,0,0,0,0,0,0,0,0,0,0,0,0,0,0,0,0,0,0,0,0,0,0,0,0,0,0,0,0,1
0,0,0,0,0,0,0,0,0,0,0,1,0,0,0,0,0,0,0,0,1,1,0,0,1,0,1,1,2,0,0,0,2,0,1,1,1,4,2,0,3,1,2,3,4,1,3,4,6,3,3,4,3,3,3,5,8,2,4,1,5,3,1,4,9,4,2,5,5,0,4,2,3,0,5,2,2,1,1,2,0,1,0,3,1,0,0,0,2,1,2,2,0,0,0,0,1,0,0,1,0,0,0,0,0,1,0,0,0,0,1,0,0,0,1,0,0,1,0,0,0,0,0,0,0,0,0,0,0,0,0,0,0,0,0,0,0,0,0,0,0,0,0,0,0,0,0,0,0,0,0,0,0,0,0,0,0,0,0,0,0,0,0,0,0,0,0,0,0,0,0,0,0,0,0,0,0,0,0,0,0,0,0,0,0,0,0,0,0,0,0,0,0,0,0,0,0,0,0,0
0,0,0,0,0,0,0,0,0,0,0,0,0,0,0,0,0,1,0,0,0,0,2,0,1,1,0,0,0,0,2,2,2,0,2,3,0,4,5,3,2,5,5,5,2,3,5,2,2,6,4,2,4,6,1,3,3,3,3,1,5,4,5,4,3,1,6,6,4,2,2,1,1,3,2,3,2,3,0,1,2,2,2,2,2,3,2,2,0,2,3,1,0,1,1,0,2,0,0,1,1,0,1,0,0,0,0,1,0,0,0,0,1,0,0,0,0,0,0,0,0,0,0,0,0,0,0,0,0,0,0,0,0,0,0,0,0,0,0,0,0,0,0,0,0,0,0,0,0,0,0,0,0,0,0,0,0,0,0,0,0,0,0,0,0,0,0,0,0,0,0,0,0,0,0,0,0,0,0,0,0,0,0,0,0,0,0,0,0,0,0,0,0,0,0,0,0,0,0,0
0,0,0,0,0,0,0,0,0,0,0,0,0,0,0,1,0,0,1,0,0,0,0,0,0,0,0,0,0,0,1,1,0,3,2,2,2,3,1,3,1,1,2,3,1,6,6,0,1,2,1,0,3,3,4,2,5,1,4,2,3,3,0,6,4,2,3,5,4,2,2,2,4,1,2,0,4,2,2,4,2,2,4,2,0,2,1,1,1,2,2,2,1,0,0,1,3,2,1,0,0,0,0,1,0,1,1,0,0,0,0,0,0,0,0,1,0,0,0,0,0,0,0,0,0,0,0,0,0,0,0,0,0,0,0,0,0,0,0,0,0,0,0,0,0,0,0,0,0,0,0,0,0,0,0,0,0,0,0,0,0,0,0,0,0,0,0,0,0,0,0,0,0,0,0,0,0,0,0,0,0,0,0,0,0,0,0,0,0,0,0,0,0,0,0,0,0,0,0,0
0,0,0,0,0,0,0,0,0,0,0,0,0,0,0,2,1,0,0,1,0,0,0,0,1,2,0,1,1,2,0,2,1,2,0,0,0,1,3,4,4,0,3,2,3,1,6,2,8,4,5,3,1,8,2,2,5,3,3,7,0,4,1,4,3,4,0,10,8,3,3,2,3,2,1,4,0,4,2,5,3,3,4,3,1,3,2,2,0,1,0,2,0,0,0,0,0,1,0,0,0,0,0,3,0,0,1,0,0,0,0,0,0,1,1,0,0,0,0,0,0,0,0,0,0,0,0,0,0,0,0,0,0,0,0,0,0,0,0,0,0,0,0,0,0,0,0,0,0,0,0,0,0,0,0,0,0,0,0,0,0,0,0,0,0,0,0,0,0,0,0,0,0,0,0,0,0,0,0,0,0,0,0,0,0,0,0,0,0,0,0,0,0,0,0,0,0,0,0,0
0,0,0,0,0,0,0,0,0,0,0,0,0,0,0,0,0,0,0,1,0,0,0,0,0,0,0,1,0,2,2,2,2,0,6,2,0,4,3,2,2,2,2,1,2,2,3,1,3,0,1,5,3,4,3,4,4,5,4,1,6,4,2,2,4,2,5,1,2,2,3,2,2,4,1,2,2,2,1,2,2,1,2,1,1,2,1,1,1,3,1,1,0,2,0,0,0,1,0,0,0,0,0,1,1,0,0,0,1,0,0,0,0,0,0,0,0,0,0,0,0,0,0,0,1,0,0,0,0,0,0,0,0,0,0,0,0,0,0,0,0,0,0,0,0,0,0,0,0,0,0,0,0,0,0,0,0,0,0,0,0,0,0,0,0,0,0,0,0,0,0,0,0,0,0,0,0,0,0,0,0,0,0,0,0,0,0,0,0,0,0,0,0,0,0,0,0,0,0,0
0,0,0,0,0,0,0,0,0,0,0,0,0,0,0,1,0,0,1,0,0,0,1,0,1,0,0,2,0,0,1,3,0,1,1,2,1,2,1,2,4,2,1,1,1,4,3,2,5,2,3,3,0,3,4,3,4,1,4,1,4,4,2,3,3,4,3,3,0,2,3,1,1,4,2,5,3,1,2,2,3,2,2,0,1,3,1,1,0,0,2,4,0,1,0,1,0,1,1,1,0,1,0,0,0,0,0,0,0,0,0,0,0,0,0,0,0,0,0,0,1,0,0,0,0,0,0,1,0,0,0,0,0,0,0,0,0,0,0,0,0,0,0,0,0,0,0,0,0,0,0,0,0,0,0,0,0,0,0,0,0,0,0,0,0,0,0,0,0,0,0,0,0,0,0,0,0,0,0,0,0,0,0,0,0,0,0,0,0,0,0,0,0,0,0,0,0,0,0,0
0,0,0,0,0,0,0,0,0,0,0,0,0,0,0,0,0,0,0,1,0,0,0,0,1,0,1,0,0,2,0,1,1,0,3,1,0,2,1,4,0,1,0,4,2,1,6,5,2,7,3,1,1,2,5,1,2,3,5,3,6,5,3,1,0,5,3,0,3,2,3,2,3,3,1,3,0,2,3,5,3,0,2,0,2,0,1,0,3,2,1,1,0,0,1,0,0,1,1,1,1,0,0,0,0,0,0,0,1,0,0,1,0,0,0,1,0,0,0,0,0,0,0,0,0,0,0,0,0,0,0,0,0,0,0,0,0,0,0,0,0,0,0,0,0,0,0,0,0,0,0,0,0,0,0,0,0,0,0,0,0,0,0,0,0,0,0,0,0,0,0,0,0,0,0,0,0,0,0,0,0,0,0,0,0,0,0,0,0,0,0,0,0,0,0,0,0,0,0,0
0,0,0,0,0,0,0,0,0,0,0,0,0,0,0,0,0,0,1,1,1,1,0,1,1,1,0,0,0,1,0,1,3,0,4,1,2,4,1,0,2,2,2,2,7,2,6,5,2,1,1,2,5,0,0,2,3,5,4,1,7,6,2,3,5,2,3,5,1,0,2,5,0,2,4,3,1,1,2,1,3,2,2,1,3,0,2,1,2,1,0,2,2,0,0,0,1,0,1,0,0,0,0,0,1,0,0,0,0,1,0,0,0,0,0,0,0,0,0,0,0,0,0,0,0,0,0,0,0,0,0,0,0,0,0,0,0,0,0,0,0,0,0,0,0,0,0,0,0,0,0,0,0,0,0,0,0,0,0,0,0,0,0,0,0,0,0,0,0,0,0,0,0,0,0,0,0,0,0,0,0,0,0,0,0,0,0,0,0,0,0,0,0,0,0,0,0,0,0,0
0,0,0,0,0,0,0,0,0,0,0,0,0,0,0,0,1,0,0,0,0,0,0,0,0,0,2,0,1,1,0,0,0,1,5,1,1,5,0,3,3,2,3,1,2,4,2,4,5,5,6,4,3,4,5,3,0,3,5,4,1,2,2,1,5,2,3,3,3,4,3,2,2,3,1,1,2,2,1,2,1,2,1,0,1,1,3,1,0,0,0,1,2,0,1,0,0,0,0,1,1,0,0,0,0,0,0,0,0,0,0,0,0,1,0,0,0,0,0,0,0,0,0,0,0,0,0,0,0,0,0,0,0,0,0,0,0,0,0,0,0,0,0,0,0,0,0,0,0,0,0,0,0,0,0,0,0,0,0,0,0,0,0,0,0,0,0,0,0,0,0,0,0,0,0,0,0,0,0,0,0,0,0,0,0,0,0,0,0,0,0,0,0,0,0,0,0,0,0,0
0,0,0,0,0,0,0,0,0,0,0,0,0,0,0,0,2,0,0,0,2,0,0,1,0,0,0,0,0,0,0,0,0,2,2,1,4,1,4,2,1,0,2,4,3,4,0,2,3,5,2,2,2,0,2,3,3,1,3,6,5,5,3,3,1,6,2,2,3,3,3,1,3,1,3,2,1,3,1,1,2,0,1,0,1,0,3,1,2,2,2,0,0,1,0,2,1,1,0,0,0,0,1,0,0,0,0,1,0,0,0,0,0,1,0,0,0,0,1,0,0,0,0,0,0,0,0,0,0,0,0,0,0,0,0,0,0,0,0,0,0,0,0,0,0,0,0,0,0,0,0,0,0,0,0,0,0,0,0,0,0,0,0,0,0,0,0,0,0,0,0,0,0,0,0,0,0,0,0,0,0,0,0,0,0,0,0,0,0,0,0,0,0,0,0,0,0,0,0,0
0,0,0,0,0,0,0,0,0,0,0,0,0,0,1,0,0,0,0,0,0,0,0,0,1,1,0,0,1,0,0,1,1,1,1,1,2,0,3,1,5,3,3,1,0,2,3,2,3,1,6,4,4,5,1,0,3,3,1,6,5,1,2,7,1,1,3,4,2,1,3,4,1,3,3,3,2,4,0,2,4,3,0,0,1,1,3,1,0,0,0,0,0,1,0,0,1,1,0,0,2,0,0,0,0,0,1,0,0,1,0,0,0,0,0,0,0,1,0,0,0,0,0,0,0,0,0,0,0,0,0,0,0,0,0,0,0,0,0,0,0,0,0,0,0,0,0,0,0,0,0,0,0,0,0,0,0,0,0,0,0,0,0,0,0,0,0,0,0,0,0,0,0,0,0,0,0,0,0,0,0,0,0,0,0,0,0,0,0,0,0,0,0,0,0,0,0,0,0,0
0,0,0,0,0,0,0,0,0,0,0,0,0,0,0,1,0,1,1,1,0,0,0,1,0,2,0,0,0,1,1,0,0,0,1,2,0,1,0,0,1,0,2,1,2,3,3,2,1,2,3,2,2,1,5,3,5,5,2,3,4,5,2,1,3,5,3,3,1,1,1,6,3,2,0,0,0,1,3,0,1,1,2,4,1,1,1,0,0,3,0,0,0,2,0,2,0,1,0,0,0,1,1,0,0,1,0,0,0,0,0,0,0,0,0,0,0,0,0,0,0,0,0,0,0,0,0,0,0,0,0,0,0,0,0,0,0,0,0,0,0,0,0,0,0,0,0,0,0,0,0,0,0,0,0,0,0,0,0,0,0,0,0,0,0,0,0,0,0,0,0,0,0,0,0,0,0,0,0,0,0,0,0,0,0,0,0,0,0,0,0,0,0,0,0,0,0,0,0,0
0,0,0,0,0,0,0,0,0,0,0,0,0,0,1,0,0,1,0,0,0,0,0,0,0,1,0,0,0,1,0,0,1,0,2,0,3,4,0,3,2,3,1,4,0,2,3,2,3,3,4,2,3,5,3,3,4,4,2,4,5,5,4,2,0,4,3,2,1,0,2,2,3,4,2,0,2,1,1,2,3,0,2,2,3,1,1,2,0,1,0,1,0,0,0,0,0,0,0,0,0,1,0,0,0,1,0,0,0,0,0,1,0,0,0,0,0,0,0,0,0,0,0,0,0,0,0,0,0,0,0,0,0,0,0,0,0,0,0,0,0,0,0,0,0,0,0,0,0,0,0,0,0,0,0,0,0,0,0,0,0,0,0,0,0,0,0,0,0,0,0,0,0,0,0,0,0,0,0,0,0,0,0,0,0,0,0,0,0,0,0,0,0,0,0,0,0,0,0,0
0,0,0,0,0,0,0,0,0,0,0,0,0,0,0,0,1,1,0,0,0,0,0,0,1,0,0,0,0,0,0,0,0,1,0,0,1,2,0,0,0,1,3,3,2,3,6,3,5,1,2,2,2,1,2,2,1,3,4,4,1,4,1,2,2,1,3,1,5,1,3,2,4,1,3,2,0,1,1,2,0,2,1,2,1,2,1,1,0,1,0,0,2,3,0,0,0,0,0,0,0,0,0,0,0,0,1,0,1,0,0,1,0,0,0,0,0,0,0,0,0,0,0,0,0,0,0,0,0,0,0,0,0,0,0,0,0,0,0,0,0,0,0,0,0,0,0,0,0,0,0,0,0,0,0,0,0,0,0,0,0,0,0,0,0,0,0,0,0,0,0,0,0,0,0,0,0,0,0,0,0,0,0,0,0,0,0,0,0,0,0,0,0,0,0,0,0,0,0,0
0,0,0,0,0,0,0,0,0,0,0,0,0,0,0,0,0,0,0,0,1,0,0,2,0,1,0,1,1,0,1,1,0,2,2,0,0,2,2,5,1,1,2,2,1,4,6,3,1,4,4,2,3,0,3,1,3,2,1,4,3,6,2,1,2,1,3,5,0,2,3,3,1,2,1,2,0,2,1,0,1,2,0,0,0,2,0,0,0,0,1,0,0,0,0,0,0,1,0,0,0,0,0,0,0,0,0,0,1,0,0,0,0,0,0,0,0,0,0,0,0,0,0,0,0,0,0,0,0,0,0,0,0,0,0,0,0,0,0,0,0,0,0,0,0,0,0,0,0,0,0,0,0,0,0,0,0,0,0,0,0,0,0,0,0,0,0,0,0,0,0,0,0,0,0,0,0,0,0,0,0,0,0,0,0,0,0,0,0,0,0,0,0,0,0,0,0,0,0,0
0,0,0,0,0,0,0,0,0,0,0,0,0,0,0,0,0,0,1,1,1,0,0,0,3,0,0,1,1,0,1,3,2,1,2,2,2,2,0,1,1,1,3,2,2,0,3,0,5,3,3,4,1,5,2,4,0,1,2,4,3,2,1,2,2,3,2,7,2,0,0,2,0,3,0,2,2,1,1,1,1,2,0,1,0,1,2,0,0,1,0,1,1,2,1,0,1,0,1,0,1,0,0,0,0,1,0,0,0,0,0,0,0,0,0,0,0,0,0,0,0,0,0,0,0,0,0,0,0,0,0,0,0,0,0,0,0,0,0,0,0,0,0,0,0,0,0,0,0,0,0,0,0,0,0,0,0,0,0,0,0,0,0,0,0,0,0,0,0,0,0,0,0,0,0,0,0,0,0,0,0,0,0,0,0,0,0,0,0,0,0,0,0,0,0,0,0,0,0,0
0,0,0,0,0,0,0,0,0,0,0,0,0,0,0,3,0,0,0,0,0,1,0,2,2,0,0,0,3,0,0,1,1,0,0,0,3,0,0,1,1,2,1,1,2,2,4,2,1,3,4,3,1,0,0,0,3,1,3,3,0,2,0,3,2,3,2,0,1,2,1,0,1,0,1,2,3,4,2,1,1,0,1,1,1,1,0,1,1,0,3,0,0,2,1,0,0,0,0,1,1,0,1,0,0,1,1,0,0,0,0,0,0,0,0,0,0,0,1,0,0,0,0,0,0,0,0,0,0,0,0,0,0,0,0,0,0,0,0,0,0,0,0,0,0,0,0,0,0,0,0,0,0,0,0,0,0,0,0,0,0,0,0,0,0,0,0,0,0,0,0,0,0,0,0,0,0,0,0,0,0,0,0,0,0,0,0,0,0,0,0,0,0,0,0,0,0,0,0,0
0,0,0,0,0,0,0,0,0,0,0,0,0,0,0,2,0,0,1,0,1,1,0,1,0,1,0,1,3,1,0,0,1,1,1,2,0,2,3,0,2,0,2,1,3,3,4,1,2,1,2,2,3,3,0,2,2,0,2,0,3,1,4,2,0,1,2,3,1,1,2,1,0,1,2,1,3,2,1,2,1,1,2,3,1,0,0,0,2,0,0,1,1,0,0,1,0,0,0,0,0,0,1,1,2,0,1,0,0,0,0,0,1,0,0,0,0,0,0,0,0,0,0,0,0,0,0,0,0,0,0,0,0,0,0,0,0,0,0,0,0,0,0,0,0,0,0,0,0,0,0,0,0,0,0,0,0,0,0,0,0,0,0,0,0,0,0,0,0,0,0,0,0,0,0,0,0,0,0,0,0,0,0,0,0,0,0,0,0,0,0,0,0,0,0,0,0,0,0,0
0,0,0,0,0,0,0,0,0,0,0,0,0,0,0,1,0,1,1,0,0,1,0,0,0,0,0,0,0,1,0,1,2,1,1,3,1,1,1,1,0,0,1,0,1,1,1,2,5,4,7,2,2,4,2,0,8,3,2,0,0,5,4,3,0,1,1,0,0,1,0,2,4,3,2,1,2,1,0,0,0,1,1,0,2,0,1,1,0,1,0,1,1,0,0,0,1,1,0,1,0,0,1,1,0,0,0,0,0,0,1,0,0,0,0,0,0,0,0,0,0,0,0,0,0,0,0,0,0,0,0,0,0,0,0,0,0,0,0,0,0,0,0,0,0,0,0,0,0,0,0,0,0,0,0,0,0,0,0,0,0,0,0,0,0,0,0,0,0,0,0,0,0,0,0,0,0,0,0,0,0,0,0,0,0,0,0,0,0,0,0,0,0,0,0,0,0,0,0,0
0,0,0,0,0,0,0,0,0,0,0,0,0,0,0,0,0,0,0,0,0,0,0,0,1,1,1,0,2,2,0,0,3,0,1,0,4,6,0,0,3,2,1,3,2,1,2,0,0,3,2,3,4,3,3,0,2,0,1,1,1,1,2,2,1,5,1,2,2,1,1,0,1,1,3,3,1,1,1,1,0,0,1,1,4,0,0,1,1,0,1,2,1,0,0,0,0,0,0,0,0,0,0,0,0,1,0,0,0,1,0,0,0,0,0,0,0,0,0,0,0,0,0,0,0,0,0,0,0,0,0,0,0,0,0,0,0,0,0,0,0,0,0,0,0,0,0,0,0,0,0,0,0,0,0,0,0,0,0,0,0,0,0,0,0,0,0,0,0,0,0,0,0,0,0,0,0,0,0,0,0,0,0,0,0,0,0,0,0,0,0,0,0,0,0,0,0,0,0,0
0,0,0,0,0,0,0,0,0,0,0,0,0,0,0,0,1,0,0,0,0,0,1,0,1,0,0,0,0,0,1,0,0,0,2,1,0,3,0,1,2,1,0,3,0,3,4,1,3,0,2,2,3,1,4,0,1,1,0,2,2,2,3,2,2,2,0,0,2,1,2,1,2,0,3,3,1,2,2,1,2,1,1,1,1,0,0,0,1,0,0,0,0,0,0,1,0,1,0,0,0,0,2,0,0,0,0,0,0,1,0,0,2,0,0,0,0,0,0,0,0,0,0,0,0,0,0,0,0,0,0,0,0,0,0,0,0,0,0,0,0,0,0,0,0,0,0,0,0,0,0,0,0,0,0,0,0,0,0,0,0,0,0,0,0,0,0,0,0,0,0,0,0,0,0,0,0,0,0,0,0,0,0,0,0,0,0,0,0,0,0,0,0,0,0,0,0,0,0,0
0,0,0,0,0,0,0,0,0,0,0,0,0,0,0,1,0,0,1,0,0,0,1,0,0,0,0,0,0,1,0,0,2,2,2,1,1,0,0,1,1,1,1,3,2,1,1,4,3,4,3,2,3,4,0,3,3,4,4,1,6,2,2,1,3,1,4,1,0,1,0,2,3,1,3,0,2,2,0,0,1,2,1,1,1,1,0,0,0,0,1,0,1,0,0,0,0,1,2,0,0,0,0,0,0,0,0,0,1,0,0,0,0,0,1,0,0,0,0,0,0,0,0,0,0,0,0,0,0,0,0,0,0,0,0,0,0,0,0,0,0,0,0,0,0,0,0,0,0,0,0,0,0,0,0,0,0,0,0,0,0,0,0,0,0,0,0,0,0,0,0,0,0,0,0,0,0,0,0,0,0,0,0,0,0,0,0,0,0,0,0,0,0,0,0,0,0,0,0,0
0,0,0,0,0,0,0,0,0,0,0,0,0,0,0,1,0,1,1,0,2,0,0,0,0,0,0,1,0,0,0,0,0,1,0,2,1,0,2,3,2,4,1,0,1,2,2,2,6,1,1,2,2,2,3,1,0,1,1,0,2,1,3,1,7,1,4,4,0,1,3,4,0,5,2,0,1,0,0,2,0,0,1,0,1,1,1,0,0,1,0,0,0,0,2,0,0,0,0,0,1,1,0,0,0,0,0,0,0,0,0,0,0,0,0,0,0,0,0,0,0,0,0,1,0,0,0,0,0,0,0,0,0,0,0,0,0,0,0,0,0,0,0,0,0,0,0,0,0,0,0,0,0,0,0,0,0,0,0,0,0,0,0,0,0,0,0,0,0,0,0,0,0,0,0,0,0,0,0,0,0,0,0,0,0,0,0,0,0,0,0,0,0,0,0,0,0,0,0,0
0,0,0,0,0,0,0,0,0,0,0,0,0,0,1,0,0,0,1,1,0,0,0,0,2,0,0,0,0,0,0,1,0,1,1,1,2,1,4,3,1,1,1,3,2,3,0,2,0,2,1,2,6,0,2,0,1,2,2,3,3,2,3,1,4,0,1,2,1,0,1,1,1,2,0,3,0,2,1,0,1,0,1,0,0,0,0,1,0,0,1,2,0,0,0,1,0,0,0,0,0,0,0,0,0,0,1,0,0,0,0,1,0,0,0,0,0,0,0,0,0,0,0,0,0,0,0,0,0,0,0,0,0,0,0,0,0,0,0,0,0,0,0,0,0,0,0,0,0,0,0,0,0,0,0,0,0,0,0,0,0,0,0,0,0,0,0,0,0,0,0,0,0,0,0,0,0,0,0,0,0,0,0,0,0,0,0,0,0,0,0,0,0,0,0,0,0,0,0,0
0,0,0,0,0,0,0,0,0,0,0,0,0,0,0,0,0,0,0,0,0,0,0,0,1,0,1,0,0,1,1,0,0,2,2,1,0,1,0,2,0,1,3,5,2,4,4,1,0,4,4,2,1,1,0,2,1,2,2,1,2,4,2,1,0,2,2,2,0,1,1,1,0,1,2,2,0,2,0,0,1,0,1,1,0,1,1,1,0,0,0,0,0,0,0,0,0,0,0,0,1,0,0,0,0,0,0,0,0,0,0,0,1,0,0,0,0,0,0,0,0,0,0,0,0,0,0,0,0,0,0,0,0,0,0,0,0,0,0,0,0,0,0,0,0,0,0,0,0,0,0,0,0,0,0,0,0,0,0,0,0,0,0,0,0,0,0,0,0,0,0,0,0,0,0,0,0,0,0,0,0,0,0,0,0,0,0,0,0,0,0,0,0,0,0,0,0,0,0,0
0,0,0,0,0,0,0,0,0,0,0,0,0,0,0,0,0,0,0,0,0,0,1,0,0,1,0,0,0,2,0,0,0,0,0,0,0,0,3,1,2,2,0,0,2,1,0,1,1,2,1,0,5,3,1,2,2,0,1,0,2,0,3,1,2,0,0,5,1,0,0,1,1,1,2,1,2,3,1,0,2,0,1,2,1,0,0,1,1,0,2,1,0,1,0,0,1,0,1,0,0,0,0,0,1,0,0,0,0,0,1,0,0,0,0,0,0,0,0,0,0,0,0,0,0,0,0,0,0,0,0,0,0,0,0,0,0,0,0,0,0,0,0,0,0,0,0,0,0,0,0,0,0,0,0,0,0,0,0,0,0,0,0,0,0,0,0,0,0,0,0,0,0,0,0,0,0,0,0,0,0,0,0,0,0,0,0,0,0,0,0,0,0,0,0,0,0,0,0,1
0,0,0,0,0,0,0,0,0,0,0,0,0,0,0,0,0,1,0,0,1,0,0,0,1,2,0,0,0,0,0,1,1,0,0,0,0,2,3,2,0,5,1,4,1,0,1,0,1,3,1,1,2,0,1,3,1,2,2,0,1,1,2,3,1,1,1,1,2,0,2,0,3,0,1,0,1,2,0,0,0,2,1,0,1,0,2,0,0,0,0,0,1,0,0,0,1,1,0,0,0,0,0,0,2,0,0,1,0,0,0,0,0,0,0,0,0,0,0,0,0,0,0,0,0,0,0,0,0,0,0,0,0,0,0,0,0,0,0,0,0,0,0,0,0,0,0,0,0,0,0,0,0,0,0,0,0,0,0,0,0,0,0,0,0,0,0,0,0,0,0,0,0,0,0,0,0,0,0,0,0,0,0,0,0,0,0,0,0,0,0,0,0,0,0,0,0,0,0,0
0,0,0,0,0,0,0,0,0,0,0,0,0,0,0,0,0,0,0,0,0,0,1,0,0,0,0,0,1,1,0,0,1,0,2,0,0,2,0,0,3,2,1,1,0,4,1,2,2,3,0,2,2,0,5,0,2,1,3,3,1,1,0,0,1,1,0,1,0,1,3,0,0,0,1,0,3,1,1,0,1,0,1,0,1,0,2,0,0,1,0,0,1,0,0,1,0,0,0,0,0,0,1,0,1,0,0,0,0,0,0,0,0,0,0,0,0,0,0,0,0,0,0,0,0,0,0,0,0,0,0,0,0,0,0,0,0,0,0,0,0,0,0,0,0,0,0,0,0,0,0,0,0,0,0,0,0,0,0,0,0,0,0,0,0,0,0,0,0,0,0,0,0,0,0,0,0,0,0,0,0,0,0,0,0,0,0,0,0,0,0,0,0,0,0,0,0,0,0,0
0,0,0,0,0,0,0,0,0,0,0,0,0,0,0,0,0,0,0,0,0,0,0,0,0,0,0,0,0,0,0,1,0,0,1,0,0,1,0,2,2,0,0,0,2,1,1,2,0,0,2,0,1,2,1,1,2,2,1,0,2,2,1,2,3,2,0,1,0,0,1,2,2,0,0,0,2,0,1,1,0,1,0,2,0,0,0,0,0,0,2,1,0,1,1,0,0,0,0,0,0,0,0,0,0,0,0,0,0,0,0,0,0,0,0,0,0,0,0,0,0,0,0,0,0,0,0,0,0,0,0,0,0,0,0,0,0,0,0,0,0,1,0,0,0,0,0,0,0,0,0,0,0,0,0,0,0,0,0,0,0,0,0,0,0,0,0,0,0,0,0,0,0,0,0,0,0,0,0,0,0,0,0,0,0,0,0,0,0,0,0,0,0,0,0,0,0,0,0,0
0,0,0,0,0,0,0,0,0,0,0,0,0,0,0,0,0,0,0,0,0,0,0,0,0,0,1,0,1,1,0,1,1,1,0,1,1,1,0,2,2,1,0,0,0,2,2,0,1,0,2,0,5,1,0,1,1,0,2,1,2,3,1,0,2,3,0,4,1,6,2,1,1,1,0,1,1,2,0,0,2,1,1,1,0,1,0,0,0,0,1,1,0,1,0,0,1,0,0,0,0,1,0,0,0,0,0,1,0,0,0,0,0,0,0,0,0,0,0,0,0,0,0,0,0,0,0,0,0,0,0,0,0,0,0,0,0,0,0,0,0,0,0,0,0,0,0,0,0,0,0,0,0,0,0,0,0,0,0,0,0,0,0,0,0,0,0,0,0,0,0,0,0,0,0,0,0,0,0,0,0,0,0,0,0,0,0,0,0,0,0,0,0,0,0,0,0,0,0,0
0,0,0,0,0,0,0,0,0,0,0,0,0,0,0,0,0,1,1,0,0,0,0,0,2,1,0,1,0,1,0,0,2,1,1,2,0,3,0,1,0,1,2,2,2,2,2,1,3,1,2,1,2,2,0,1,5,1,4,2,2,2,1,5,1,2,1,0,1,1,1,2,0,1,2,0,3,0,1,1,0,1,0,0,0,0,0,0,0,0,1,1,1,0,1,0,1,1,0,0,1,0,0,0,0,0,0,0,0,0,0,1,0,1,0,0,0,0,0,0,0,0,0,0,0,0,0,0,0,0,0,0,0,0,0,0,0,0,0,0,0,0,0,0,0,0,0,0,0,0,0,0,0,0,0,0,0,0,0,0,0,0,0,0,0,0,0,0,0,0,0,0,0,0,0,0,0,0,0,0,0,0,0,0,0,0,0,0,0,0,0,0,0,0,0,0,0,0,0,0
0,0,0,0,0,0,0,0,0,0,0,0,0,0,0,0,0,0,0,0,0,0,0,1,1,2,0,0,0,0,0,1,1,1,0,0,0,0,1,0,1,2,1,0,0,1,1,0,1,0,5,1,1,2,2,1,2,1,4,2,4,3,3,0,2,2,0,2,1,1,0,1,1,1,2,0,1,2,0,0,0,0,0,2,1,0,0,1,0,0,0,0,1,0,1,0,0,0,0,0,1,1,0,0,0,0,0,0,0,0,0,0,0,0,0,0,0,0,0,0,1,0,0,0,0,0,0,0,0,0,0,0,0,0,0,0,0,0,0,0,0,0,0,0,0,0,1,0,0,0,0,0,0,0,0,0,0,0,0,0,0,0,0,0,0,0,0,0,0,0,0,0,0,0,0,0,0,0,0,0,0,0,0,0,0,0,0,0,0,0,0,0,0,0,0,0,0,0,0,0
0,0,0,0,0,0,0,0,0,0,0,0,1,0,0,0,1,1,0,0,1,1,0,0,1,1,0,0,0,0,0,0,1,0,1,1,2,1,2,0,1,0,1,2,2,4,3,2,2,2,1,2,2,0,0,1,0,1,0,2,0,1,3,4,0,0,2,1,2,2,1,0,0,0,1,1,1,0,0,0,2,0,2,0,0,0,1,1,0,0,0,0,0,0,0,0,0,1,0,0,1,0,1,0,1,0,1,0,0,0,0,0,0,0,0,0,0,0,0,0,0,0,0,0,0,0,0,0,0,0,0,0,0,0,0,0,1,0,0,0,0,0,0,0,0,0,0,0,0,0,0,0,0,0,0,0,0,0,0,0,0,0,0,0,0,0,0,0,0,0,0,0,0,0,0,0,0,0,0,0,0,0,0,0,0,0,0,0,0,0,0,0,0,0,0,0,0,0,0,0
0,0,0,0,0,0,0,0,0,0,0,0,0,0,0,0,0,0,0,1,0,0,0,0,0,0,0,0,1,0,0,0,0,0,0,0,1,0,1,4,1,3,1,1,1,3,4,1,3,2,1,3,0,1,0,0,3,2,2,2,2,1,1,0,1,1,0,3,0,1,1,1,1,0,1,2,0,2,0,0,0,0,1,3,1,1,1,0,1,0,1,0,0,1,1,0,0,0,0,0,1,0,0,0,0,0,0,0,0,0,0,0,0,0,0,0,0,0,0,0,0,0,0,0,0,0,0,0,0,0,0,0,0,0,0,0,0,0,0,0,0,0,0,0,0,0,0,0,0,0,0,0,0,0,0,0,0,0,0,0,0,0,0,0,0,0,0,0,0,0,0,0,0,0,0,0,0,0,0,0,0,0,0,0,0,0,0,0,0,0,0,0,0,0,0,0,0,0,0,0
0,0,0,0,0,0,0,0,0,0,0,0,0,0,0,0,0,1,1,0,1,0,0,0,1,0,0,0,1,0,0,1,0,0,1,0,0,2,1,1,1,1,3,0,0,0,0,2,2,2,1,1,3,2,1,1,0,3,2,1,0,1,0,3,0,2,0,1,2,1,0,1,3,2,1,2,0,0,1,1,1,0,1,0,0,0,1,0,0,1,0,0,0,0,0,0,0,0,0,0,0,0,0,0,0,0,0,0,1,0,0,0,0,0,0,0,0,0,0,0,0,0,0,0,0,0,0,0,0,0,0,0,0,0,0,0,0,0,0,0,0,0,0,0,0,0,0,0,0,0,0,0,0,0,0,0,0,0,0,0,0,0,0,0,0,0,0,0,0,0,0,0,0,0,0,0,0,0,0,0,0,0,0,0,0,0,0,0,0,0,0,0,0,0,0,0,0,0,0,0
0,0,0,0,0,0,0,0,0,0,0,0,0,0,0,0,0,0,1,0,0,1,0,0,0,1,0,0,0,2,0,1,2,1,0,0,0,0,0,2,1,5,1,0,1,0,0,1,0,1,1,2,0,0,0,1,4,2,0,2,0,0,0,1,0,0,1,0,1,0,0,0,1,0,2,2,1,1,1,1,0,0,1,0,0,0,0,0,1,1,1,0,0,0,0,0,0,0,0,0,1,0,0,0,0,0,0,0,0,1,0,0,0,0,0,0,0,0,1,0,0,0,0,0,0,0,0,0,0,0,0,0,0,0,0,0,0,0,0,0,0,0,0,0,0,0,0,0,0,0,0,0,0,0,0,0,0,0,0,0,0,0,0,0,0,0,0,0,0,0,0,0,0,0,0,0,0,0,0,0,0,0,0,0,0,0,0,0,0,0,0,0,0,0,0,0,0,0,0,0
0,0,0,0,0,0,0,0,0,0,0,0,0,0,0,0,0,0,0,0,0,0,0,0,1,0,1,1,0,0,0,1,1,0,0,0,1,1,0,1,1,1,3,1,0,3,2,1,0,0,2,1,3,0,1,1,1,0,0,1,1,1,0,1,2,1,3,0,0,3,0,1,0,2,1,0,1,1,0,0,1,1,0,2,0,0,2,0,0,1,0,0,0,0,0,0,0,0,0,1,1,0,0,0,0,0,0,0,0,0,0,0,0,0,0,0,0,0,0,0,0,0,0,0,0,0,0,0,0,0,0,0,0,0,0,0,0,0,0,0,0,0,0,0,0,0,0,0,0,0,0,0,0,0,0,0,0,0,0,0,0,0,0,0,0,0,0,0,0,0,0,0,0,0,0,0,0,0,0,0,0,0,0,0,0,0,0,0,0,0,0,0,0,0,0,0,0,0,0,0
0,0,0,0,0,0,0,0,0,0,0,0,0,0,0,0,0,0,0,1,1,0,0,0,0,0,0,1,0,0,0,0,1,1,1,1,0,0,0,0,0,1,2,1,0,0,3,0,1,1,1,1,1,1,1,0,0,4,1,0,0,0,2,1,0,2,0,2,2,1,0,1,0,1,0,0,2,1,1,0,1,0,1,1,0,0,1,1,1,0,0,0,0,1,0,0,1,0,0,0,0,0,0,1,0,0,0,0,0,0,1,0,0,1,0,0,0,0,0,0,0,0,0,0,0,0,0,0,0,0,0,1,0,0,0,0,0,0,0,0,0,0,0,0,0,0,0,0,0,0,0,0,0,0,0,0,0,0,0,0,0,0,0,0,0,0,0,0,0,0,0,0,0,0,0,0,0,0,0,0,0,0,0,0,0,0,0,0,0,0,0,0,0,0,0,0,0,0,0,0
0,0,0,0,0,0,0,0,0,0,0,0,0,0,0,0,0,1,0,0,0,0,0,0,1,0,2,0,0,0,0,0,1,0,3,0,2,4,0,2,0,0,1,2,2,0,0,0,0,1,0,0,1,0,2,2,2,0,0,0,1,0,0,0,1,0,0,1,1,1,0,1,1,2,1,2,2,1,2,2,0,0,0,1,1,1,0,0,0,0,0,0,0,1,1,1,1,0,0,0,0,1,0,0,0,0,0,0,0,0,0,0,0,0,0,0,0,0,0,0,0,0,0,0,0,0,0,0,0,0,0,0,0,0,0,0,0,0,0,0,0,0,0,0,0,0,0,0,0,0,0,0,0,0,0,0,0,0,0,0,0,0,0,0,0,0,0,0,0,0,0,0,0,0,0,0,0,0,0,0,0,0,0,0,0,0,0,0,0,0,0,0,0,0,0,0,0,0,0,0
0,0,0,0,0,0,0,0,0,0,0,0,0,0,0,0,0,0,0,0,0,0,0,0,0,0,1,0,0,0,0,1,0,0,0,0,0,1,0,0,2,4,2,1,1,0,3,0,1,2,0,1,1,1,2,2,2,2,1,0,2,1,0,0,1,2,1,2,2,2,2,1,0,0,1,2,0,1,0,0,0,2,1,1,0,0,0,0,0,0,0,0,0,0,0,1,0,0,0,0,0,0,0,0,0,0,0,0,0,0,0,1,0,0,0,0,0,0,0,0,0,0,0,0,1,0,0,0,0,0,0,0,0,0,0,0,0,0,0,0,0,0,0,0,0,0,0,0,0,0,0,0,0,0,0,0,0,0,0,0,0,0,0,0,0,0,0,0,0,0,0,0,0,0,0,0,0,0,0,0,0,0,0,0,0,0,0,0,0,0,0,0,0,0,0,0,0,0,0,0
0,0,0,0,0,0,0,0,0,0,0,0,0,0,0,0,0,0,0,1,0,0,0,0,0,0,0,0,1,1,0,2,2,0,0,1,0,0,0,0,1,1,1,1,1,1,1,1,2,0,1,2,1,0,1,1,2,0,2,1,0,2,3,4,1,0,1,1,0,2,2,1,1,2,1,0,1,0,1,2,0,1,0,2,1,0,1,0,0,1,0,0,0,0,0,1,0,0,0,0,0,0,0,0,0,0,0,0,0,0,0,0,0,0,0,0,0,0,0,0,0,0,1,0,0,0,0,0,0,0,0,0,0,0,0,0,0,0,0,0,0,0,0,0,0,0,0,0,0,0,0,0,0,0,0,0,0,0,0,0,0,0,0,0,0,0,0,0,0,0,0,0,0,0,0,0,0,0,0,0,0,0,0,0,0,0,0,0,0,0,0,0,0,0,0,0,0,0,0,0
0,0,0,0,0,0,0,0,0,0,0,0,0,0,0,0,0,0,0,0,1,0,0,0,0,0,0,0,0,0,1,0,0,0,1,0,0,1,0,1,0,1,1,1,2,1,1,2,1,2,1,1,0,2,3,1,1,2,1,1,1,1,2,0,0,0,0,4,2,1,1,1,2,1,0,0,1,3,3,0,0,1,0,0,1,0,0,0,1,0,0,0,0,0,1,0,0,0,0,0,0,0,0,0,0,0,0,0,0,0,0,0,0,0,0,0,0,0,0,0,0,0,0,0,0,0,0,0,0,0,0,0,0,0,0,0,0,0,0,0,0,0,0,0,0,0,0,0,0,0,0,0,0,0,0,0,0,0,0,0,0,0,0,0,0,0,0,0,0,0,0,0,0,0,0,0,0,0,0,0,0,0,0,0,0,0,0,0,0,0,0,0,0,0,0,0,0,0,0,0
0,0,0,0,0,0,0,0,0,0,0,0,0,0,0,0,0,1,0,1,0,1,0,0,0,0,0,0,0,0,0,0,0,0,1,2,0,2,0,3,0,0,3,2,0,0,3,0,0,2,3,2,0,0,2,1,1,1,3,2,2,1,1,2,1,3,2,0,2,0,1,1,0,1,0,1,2,3,0,0,0,1,0,0,0,1,1,0,0,0,1,0,0,0,0,0,0,0,0,0,0,0,0,0,0,0,0,0,0,0,1,0,0,0,0,0,0,0,0,0,0,0,0,0,0,0,0,0,0,0,0,0,0,0,0,0,0,0,0,0,0,0,0,0,0,0,0,0,0,0,0,0,0,0,0,0,0,0,0,0,0,0,0,0,0,0,0,0,0,0,0,0,0,0,0,0,0,0,0,0,0,0,0,0,0,0,0,0,0,0,0,0,0,0,0,0,0,0,0,0
0,0,0,0,0,0,0,0,0,0,0,0,0,0,0,0,0,0,0,0,0,2,0,0,0,0,0,0,1,0,0,0,0,0,1,0,1,1,0,0,0,0,2,1,0,2,3,4,1,0,0,0,0,2,1,2,0,0,0,1,2,0,0,2,3,1,0,0,0,2,0,0,0,0,0,0,1,1,1,0,0,0,1,0,0,0,0,1,0,1,1,0,0,0,0,1,0,0,0,0,0,0,0,0,1,0,0,0,0,0,0,0,0,0,0,0,0,0,0,0,0,0,0,0,0,0,0,0,0,0,0,0,0,0,0,0,0,0,0,0,0,0,0,0,0,0,0,0,0,0,0,0,0,0,0,0,0,0,0,0,0,0,0,0,0,0,0,0,0,0,0,0,0,0,0,0,0,0,0,0,0,0,0,0,0,0,0,0,0,0,0,0,0,0,0,0,0,0,0,0
0,0,0,0,0,0,0,0,0,0,0,0,0,0,0,0,0,0,0,0,0,0,0,0,0,1,1,0,0,0,0,0,0,0,1,0,0,2,2,1,0,0,0,0,2,0,3,1,1,0,1,0,0,0,0,0,1,1,0,1,0,0,0,0,0,0,0,0,0,0,1,0,1,0,0,0,1,0,0,1,1,0,0,1,0,1,0,0,0,1,1,0,0,0,0,0,0,0,0,0,0,0,0,0,0,0,0,0,0,0,0,0,0,0,0,0,0,0,0,0,0,0,0,0,0,0,0,0,0,0,0,0,0,0,0,0,0,0,0,0,0,0,0,0,0,0,0,0,0,0,0,0,0,0,0,0,0,0,0,0,0,0,0,0,0,0,0,0,0,0,0,0,0,0,0,0,0,0,0,0,0,0,0,0,0,0,0,0,0,0,0,0,0,0,0,0,0,0,0,0
0,0,0,0,0,0,0,0,0,0,0,0,0,0,0,0,0,0,0,0,0,0,0,0,1,0,0,0,0,1,0,0,0,1,1,0,0,1,0,0,0,0,2,0,2,0,1,0,1,1,0,1,1,1,1,1,0,2,2,0,0,1,1,1,0,0,2,0,1,0,0,0,0,0,0,1,1,1,0,0,0,1,0,0,1,0,0,0,1,1,0,0,0,0,0,0,0,0,0,0,0,0,0,0,0,0,0,1,0,0,0,0,0,0,0,0,0,0,0,0,0,0,0,0,0,0,0,0,0,0,0,0,0,0,0,0,0,0,0,0,0,0,0,0,0,0,0,0,0,0,0,0,0,0,0,0,0,0,0,0,0,0,0,0,0,0,0,0,0,0,0,0,0,0,0,0,0,0,0,0,0,0,0,0,0,0,0,0,0,0,0,0,0,0,0,0,0,0,0,0
0,0,0,0,0,0,0,0,0,0,0,0,0,0,0,0,1,0,1,0,0,0,0,0,0,0,0,1,0,0,0,0,1,0,1,0,0,2,0,0,1,0,0,0,0,2,1,1,1,1,4,0,2,1,1,2,1,1,2,1,3,0,0,1,1,0,0,2,1,0,1,0,1,1,0,0,1,3,0,0,1,1,2,1,1,0,2,0,0,0,0,1,0,0,0,0,0,0,0,0,0,1,0,0,0,0,1,0,0,0,0,0,0,0,0,0,0,0,0,0,0,0,0,0,0,0,0,0,0,0,0,0,0,0,0,0,0,0,0,0,0,0,0,0,0,0,0,0,0,0,0,0,0,0,0,0,0,0,0,0,0,0,0,0,0,0,0,0,0,0,0,0,0,0,0,0,0,0,0,0,0,0,0,0,0,0,0,0,0,0,0,0,0,0,0,0,0,0,0,0
0,0,0,0,0,0,0,0,0,0,0,0,0,0,0,0,0,0,0,0,0,0,0,0,1,0,0,0,0,0,0,0,0,0,0,0,0,1,0,3,1,1,0,0,0,1,1,0,1,0,0,1,1,0,1,0,0,0,1,0,0,2,2,1,1,1,0,0,0,1,1,2,1,1,0,0,0,0,0,2,2,0,1,0,1,0,0,0,0,0,0,1,0,0,0,0,0,0,1,0,0,0,0,0,0,0,0,0,1,0,0,0,0,0,0,0,0,0,0,0,0,0,0,0,0,0,0,0,0,0,0,0,0,0,0,0,0,0,0,0,0,0,0,0,0,0,0,0,0,0,0,0,0,0,0,0,0,0,0,0,0,0,0,0,0,0,0,0,0,0,0,0,0,0,0,0,0,0,0,0,0,0,0,0,0,0,0,0,0,0,0,0,0,0,0,0,0,0,0,0
0,0,0,0,0,0,0,0,0,0,0,0,0,0,0,0,0,0,0,0,0,0,0,0,0,1,0,0,1,0,0,0,0,0,1,1,1,0,1,1,2,0,1,1,0,0,0,1,2,1,1,0,1,1,0,2,0,2,0,0,0,1,2,3,1,0,1,0,2,0,1,2,0,0,0,0,1,0,0,1,0,0,0,0,3,0,0,1,0,0,0,1,1,0,0,0,0,0,0,0,0,0,0,0,0,0,0,0,0,0,0,0,0,0,0,0,0,0,0,0,0,0,0,0,0,0,0,0,0,0,0,0,0,0,0,0,0,0,0,0,0,0,0,0,0,0,0,0,0,0,0,0,0,0,0,0,0,0,0,0,0,0,0,0,0,0,0,0,0,0,0,0,0,0,0,0,0,0,0,0,0,0,0,0,0,0,0,0,0,0,0,0,0,0,0,0,0,0,0,0
0,0,0,0,0,0,0,0,0,0,0,0,0,0,0,0,0,0,0,0,0,0,0,0,0,0,0,0,1,0,0,0,0,0,1,2,0,1,0,0,1,0,1,0,2,0,0,0,2,0,0,0,0,0,0,0,1,1,1,0,1,0,1,2,1,2,1,0,0,1,0,2,0,2,2,0,0,1,0,1,1,1,1,0,0,1,1,0,0,0,0,0,1,0,1,0,0,0,1,1,0,0,0,0,0,0,0,0,0,0,0,0,0,0,0,0,0,0,0,0,0,0,0,0,0,0,0,0,0,0,0,0,0,0,0,0,0,0,0,0,0,0,0,0,0,0,0,0,0,0,0,0,0,0,0,0,0,0,0,0,0,0,0,0,0,0,0,0,0,0,0,0,0,0,0,0,0,0,0,0,0,0,0,0,0,0,0,0,0,0,0,0,0,0,0,0,0,0,0,0
0,0,0,0,0,0,0,0,0,0,0,0,0,0,0,0,0,0,0,0,0,0,0,0,1,0,0,0,1,0,0,0,0,0,2,2,0,0,0,0,0,0,1,1,2,0,1,0,3,2,0,1,1,0,0,0,0,1,0,0,4,0,1,1,4,1,1,1,0,1,2,1,0,1,1,0,0,0,0,1,0,0,0,0,0,2,0,0,0,0,0,0,1,1,0,0,0,0,0,0,0,0,0,0,0,0,0,0,0,0,0,1,0,0,0,0,0,0,0,0,0,0,0,0,0,0,0,0,0,0,0,0,0,0,0,0,0,0,0,0,0,0,0,0,0,0,0,0,0,0,0,0,0,0,0,0,0,0,0,0,0,0,0,0,0,0,0,0,0,0,0,0,0,0,0,0,0,0,0,0,0,0,0,0,0,0,0,0,0,0,0,0,0,0,0,0,0,0,0,0
0,0,0,0,0,0,0,0,0,0,0,0,0,0,0,0,0,0,0,1,0,0,0,0,1,0,1,0,0,0,0,1,1,0,1,0,2,0,0,1,1,0,2,0,0,1,0,1,0,1,0,0,0,0,1,3,1,1,3,1,0,1,0,0,3,1,1,0,0,0,0,0,2,0,3,0,0,0,1,1,0,0,0,0,0,1,0,1,0,1,0,0,0,0,0,0,0,0,0,0,0,0,0,0,0,0,0,0,0,0,0,0,0,0,0,0,0,0,0,0,0,0,0,0,0,0,0,0,0,0,0,0,0,0,0,0,0,0,0,0,0,0,0,0,0,0,0,0,0,0,0,0,0,0,0,0,0,0,0,0,0,0,0,0,0,0,0,0,0,0,0,0,0,0,0,0,0,0,0,0,0,0,0,0,0,0,0,0,0,0,0,0,0,0,0,0,0,0,0,0
0,0,0,0,0,0,0,0,0,0,0,0,0,0,0,0,0,0,0,0,0,0,0,0,0,1,0,0,0,0,0,0,0,0,1,0,0,0,0,2,0,0,0,0,1,1,0,0,2,1,0,0,0,3,0,3,1,2,0,1,0,0,0,0,0,0,2,0,2,0,0,1,1,0,0,0,0,0,3,1,0,0,0,3,0,0,1,0,0,0,0,0,1,1,0,2,0,0,0,0,0,0,0,0,0,0,0,0,1,0,0,0,0,0,0,0,0,0,0,0,0,0,0,0,0,0,0,0,0,0,0,0,0,0,0,0,0,0,0,0,0,0,0,0,0,0,0,0,0,0,0,0,0,0,0,0,0,0,0,0,0,0,0,0,0,0,0,0,0,0,0,0,0,0,0,0,0,0,0,0,0,0,0,0,0,0,0,0,0,0,0,0,0,0,0,0,0,0,0,0
0,0,0,0,0,0,0,0,0,0,0,0,0,0,0,0,0,0,0,0,0,0,0,0,0,1,0,0,0,0,0,0,1,0,0,0,0,0,1,0,1,0,0,2,0,0,0,1,2,1,0,4,0,2,2,0,0,0,0,3,0,0,0,0,0,0,1,0,0,1,1,1,1,0,0,0,0,0,0,1,2,0,0,0,0,1,0,0,0,2,0,0,0,0,1,0,0,0,0,0,0,0,0,0,1,0,0,0,0,0,0,0,0,0,0,0,0,0,0,0,0,0,0,0,0,0,0,0,0,0,0,0,0,0,0,0,0,0,0,0,0,0,0,0,0,0,0,0,0,0,0,0,0,0,0,0,0,0,0,0,0,0,0,0,0,0,0,0,0,0,0,0,0,0,0,0,0,0,0,0,0,0,0,0,0,0,0,0,0,0,0,0,0,0,0,0,0,0,0,0
0,0,0,0,0,0,0,0,0,0,0,0,0,0,0,0,0,0,0,0,0,0,0,0,0,0,0,0,1,0,0,0,0,0,1,1,0,1,2,0,1,0,1,1,0,0,1,0,3,0,2,3,2,0,1,1,0,2,2,2,0,0,0,2,0,0,0,0,0,0,1,0,0,0,0,0,1,0,1,0,0,0,0,0,0,0,0,2,0,1,1,0,0,1,0,0,0,0,0,0,0,0,0,0,0,0,0,0,0,0,0,0,0,0,0,0,0,0,0,0,1,0,0,0,0,0,0,0,0,0,0,0,0,0,0,0,0,0,0,0,0,0,0,0,0,0,0,0,0,0,0,0,0,0,0,0,0,0,0,0,0,0,0,0,0,0,0,0,0,0,0,0,0,0,0,0,0,0,0,0,0,0,0,0,0,0,0,0,0,0,0,0,0,0,0,0,0,0,0,0
0,0,0,0,0,0,0,0,0,0,0,0,0,0,0,0,0,0,0,0,0,1,0,0,0,1,0,0,0,0,0,0,0,1,0,0,0,0,0,1,2,3,0,1,0,1,1,1,2,0,0,0,0,0,0,0,0,0,1,0,0,1,2,1,1,1,1,0,0,0,1,1,0,0,1,1,1,2,1,0,1,0,0,0,0,0,0,0,0,0,0,0,0,0,1,0,0,0,0,0,0,0,1,0,0,0,0,0,0,0,0,0,0,0,0,0,0,0,0,0,0,0,0,0,0,0,0,0,0,0,0,0,0,0,0,0,0,0,0,0,0,0,0,0,0,0,0,0,0,0,0,0,0,0,0,0,0,0,0,0,0,0,0,0,0,0,0,0,0,0,0,0,0,0,0,0,0,0,0,0,0,0,0,0,0,0,0,0,0,0,0,0,0,0,0,0,0,0,0,0
0,0,0,0,0,0,0,0,0,0,0,0,0,0,0,0,0,1,0,0,0,0,0,0,0,0,0,0,1,1,0,0,1,0,1,0,0,0,0,0,0,1,0,0,0,0,0,2,2,1,0,1,2,0,0,1,2,2,0,1,0,3,0,0,1,2,0,1,0,0,0,0,0,0,0,1,2,0,1,0,0,1,2,1,1,0,0,0,0,0,0,0,0,0,0,0,0,0,0,0,0,0,0,0,0,0,0,0,0,0,0,0,0,0,0,0,0,0,0,0,0,0,0,0,0,0,0,0,0,0,0,0,0,0,0,0,0,0,0,0,0,0,0,0,0,0,0,0,0,0,0,0,0,0,0,0,0,0,0,0,0,0,0,0,0,0,0,0,0,0,0,0,0,0,0,0,0,0,0,0,0,0,0,0,0,0,0,0,0,0,0,0,0,0,0,0,0,0,0,0
0,0,0,0,0,0,0,0,0,0,0,0,0,0,0,0,0,0,0,0,0,0,0,0,0,0,0,0,0,0,0,0,0,0,0,0,0,1,0,0,0,2,0,1,0,1,2,0,1,1,0,0,1,0,2,1,0,0,0,1,0,1,1,1,1,1,1,0,1,0,0,0,1,1,0,0,0,0,0,0,1,0,0,0,0,0,1,0,1,0,0,0,0,0,0,0,1,0,0,0,0,0,0,0,0,0,0,0,0,0,0,1,0,0,0,0,0,0,0,0,0,0,0,0,0,0,0,0,0,0,0,0,0,0,0,0,0,0,0,0,0,0,0,0,0,0,0,0,0,0,0,0,0,0,0,0,0,0,0,0,0,0,0,0,0,0,0,0,0,0,0,0,0,0,0,0,0,0,0,0,0,0,0,0,0,0,0,0,0,0,0,0,0,0,0,0,0,0,0,0
0,0,0,0,0,0,0,0,0,0,0,0,0,0,1,0,0,0,0,0,0,0,0,0,0,0,0,0,1,0,0,0,0,0,1,2,1,0,1,0,1,0,0,0,0,0,1,1,1,0,0,0,1,0,1,0,0,0,0,0,1,0,1,0,0,0,2,0,0,0,0,0,0,2,0,1,0,0,0,3,0,0,0,1,0,0,0,0,0,0,0,1,1,0,0,1,0,0,0,0,0,0,1,0,0,0,0,0,0,0,0,0,0,0,0,0,0,0,0,0,0,0,0,0,0,0,0,0,0,0,0,0,0,0,0,0,0,0,0,0,0,0,0,0,0,0,0,0,0,0,0,0,0,0,0,0,0,0,0,0,0,0,0,0,0,0,0,0,0,0,0,0,0,0,0,0,0,0,0,0,0,0,0,0,0,0,0,0,0,0,0,0,0,0,0,0,0,0,0,0
0,0,0,0,0,0,0,0,0,0,0,0,0,0,0,0,0,0,0,0,1,0,0,0,0,0,0,0,0,0,0,0,0,0,1,0,0,0,2,0,0,0,0,0,2,0,2,0,0,0,0,1,0,2,0,1,1,3,0,2,1,1,1,1,0,0,0,0,0,0,0,0,1,1,0,0,2,1,0,0,2,0,0,0,1,0,0,0,0,0,0,0,0,1,0,0,0,0,0,0,0,1,0,1,0,0,0,0,0,0,0,0,0,0,0,0,0,0,0,0,0,0,0,0,0,0,0,0,0,0,0,0,0,0,0,0,0,0,0,0,0,0,0,0,0,0,0,0,0,0,0,0,0,0,0,0,0,0,0,0,0,0,0,0,0,0,0,0,0,0,0,0,0,0,0,0,0,0,0,0,0,0,0,0,0,0,0,0,0,0,0,0,0,0,0,0,0,0,0,0
0,0,0,0,0,0,0,0,0,0,0,0,0,0,0,0,0,0,0,1,0,0,0,1,1,0,0,0,0,0,1,0,0,0,0,0,0,1,2,0,0,0,0,1,1,0,1,0,0,0,1,0,1,0,1,1,1,0,0,2,0,1,1,0,1,1,0,1,0,1,0,0,0,0,0,0,0,0,0,0,0,1,0,0,0,0,0,0,0,0,0,0,0,0,0,0,0,0,0,0,1,0,0,0,1,0,0,0,0,0,0,0,0,0,0,0,0,0,0,0,0,0,0,0,0,0,0,0,0,0,0,0,0,0,0,0,0,0,0,0,0,0,0,0,0,0,0,0,0,0,0,0,0,0,0,0,0,0,0,0,0,0,0,0,0,0,0,0,0,0,0,0,0,0,0,0,0,0,0,0,0,0,0,0,0,0,0,0,0,0,0,0,0,0,0,0,0,0,0,0
0,0,0,0,0,0,0,0,0,0,0,0,0,0,0,0,0,0,0,0,0,1,0,0,0,0,0,0,0,0,0,0,0,0,0,0,0,2,1,2,1,0,1,0,0,1,0,1,2,1,0,0,0,1,0,1,0,1,0,1,0,0,0,1,1,0,1,1,0,0,2,1,1,0,0,0,1,0,0,0,0,0,0,0,1,0,1,0,0,0,0,0,0,0,0,0,0,0,0,0,0,0,0,0,0,0,0,0,0,0,0,0,0,0,0,0,0,0,0,0,0,1,0,1,0,0,0,0,0,0,0,0,0,0,0,0,0,0,0,0,0,0,0,0,0,0,0,0,0,0,0,0,0,0,0,0,0,0,0,0,0,0,0,0,0,0,0,0,0,0,0,0,0,0,0,0,0,0,0,0,0,0,0,0,0,0,0,0,0,0,0,0,0,0,0,0,0,0,0,0
0,0,0,0,0,0,0,0,0,0,0,0,0,0,0,0,0,0,0,0,0,0,0,0,0,0,0,0,0,0,0,0,0,0,0,0,0,0,0,0,0,0,0,0,1,1,0,1,1,0,0,0,0,0,0,1,1,0,0,0,1,3,0,0,1,0,2,0,0,1,0,1,0,0,1,0,0,0,0,1,0,1,1,0,0,0,0,1,0,0,0,1,0,1,0,0,0,0,0,0,0,0,0,0,0,0,0,0,0,0,0,0,0,0,0,0,0,1,0,0,1,0,0,0,0,0,0,0,0,0,0,0,0,0,0,0,0,0,0,0,0,0,0,0,0,0,0,0,0,0,0,0,0,0,0,0,0,0,0,0,0,0,0,0,0,0,0,0,0,0,0,0,0,0,0,0,0,0,0,0,0,0,0,0,0,0,0,0,0,0,0,0,0,0,0,0,0,0,0,0
0,0,0,0,0,0,0,0,0,0,0,0,0,0,0,0,0,0,0,0,0,0,0,0,0,0,1,0,0,0,0,0,1,0,1,1,0,0,1,1,0,0,0,0,2,0,0,1,0,0,0,2,0,0,0,1,1,1,0,1,1,1,0,0,0,1,1,0,1,0,0,0,0,0,0,1,0,0,0,0,0,1,0,1,0,0,0,0,0,0,0,0,1,0,0,0,0,0,1,0,0,1,0,0,0,0,0,0,0,0,0,0,0,0,0,0,0,0,0,0,0,0,0,0,0,0,0,0,0,0,0,0,0,0,0,0,0,0,0,0,0,0,0,0,0,0,0,0,0,0,0,0,0,0,0,0,0,0,0,0,0,0,0,0,0,0,0,0,0,0,0,0,0,0,0,0,0,0,0,0,0,0,0,0,0,0,0,0,0,0,0,0,0,0,0,0,0,0,0,0
0,0,0,0,0,0,0,0,0,0,0,0,0,0,0,0,0,0,0,0,0,0,0,1,0,0,1,0,1,0,0,0,0,0,0,0,0,0,0,0,1,0,0,0,0,0,0,1,1,1,1,0,3,0,0,0,0,2,0,1,0,1,0,1,1,0,0,3,0,2,0,1,0,0,1,0,0,0,0,0,0,0,0,0,0,0,0,0,0,1,1,0,0,0,0,0,0,0,0,0,0,0,0,0,0,0,0,0,0,0,0,0,0,0,0,0,0,0,0,0,0,0,0,0,0,0,0,0,0,0,0,0,0,0,0,0,0,0,0,0,0,0,0,0,0,0,0,0,0,0,0,0,0,0,0,0,0,0,0,0,0,0,0,0,0,0,0,0,0,0,0,0,0,0,0,0,0,0,0,0,0,0,0,0,0,0,0,0,0,0,0,0,0,0,0,0,0,0,0,0
0,0,0,0,0,0,0,0,0,0,0,0,0,0,0,0,0,0,0,0,0,0,0,0,0,0,0,0,0,0,0,0,0,0,0,0,0,1,1,0,0,1,1,0,0,1,0,0,0,0,1,1,0,2,1,1,1,0,1,0,0,1,1,1,0,1,0,2,1,0,0,0,0,0,3,0,1,0,0,1,0,0,0,1,0,0,0,1,0,0,0,0,0,0,0,0,0,0,0,0,0,0,0,0,0,0,0,0,0,0,0,0,0,0,0,0,0,0,0,0,0,0,0,0,0,0,0,0,0,0,0,0,0,0,0,0,0,0,0,0,0,0,0,0,0,0,0,0,0,0,0,0,0,0,0,0,0,0,0,0,0,0,0,0,0,0,0,0,0,0,0,0,0,0,0,0,0,0,0,0,0,0,0,0,0,0,0,0,0,0,0,0,0,0,0,0,0,0,0,0
0,0,0,0,0,0,0,0,0,0,0,0,0,0,1,0,0,0,0,0,0,0,0,0,0,0,0,0,0,0,0,0,1,0,1,1,0,0,0,1,0,1,0,1,0,1,1,0,1,1,1,1,1,0,0,0,0,0,0,1,0,0,0,1,1,0,0,0,0,1,0,0,0,0,0,3,0,1,1,0,0,1,0,0,1,0,0,0,1,0,0,0,0,0,0,0,0,0,1,0,0,0,0,0,0,0,0,0,0,0,0,0,0,0,0,0,0,0,0,0,0,0,0,0,0,0,0,0,0,0,0,0,0,0,0,0,0,0,0,0,0,0,0,0,0,0,0,0,0,0,0,0,0,0,0,0,0,0,0,0,0,0,0,0,0,0,0,0,0,0,0,0,0,0,0,0,0,0,0,0,0,0,0,0,0,0,0,0,0,0,0,0,0,0,0,0,0,0,0,0
0,0,0,0,0,0,0,0,0,0,0,0,0,0,0,0,0,0,0,0,0,0,0,0,0,2,0,0,0,0,0,0,0,0,1,0,0,0,0,0,1,1,0,0,1,1,0,0,0,1,0,0,1,0,0,1,1,0,1,0,0,2,0,0,1,1,0,0,0,1,1,0,1,0,0,1,0,0,0,0,0,0,0,0,0,0,0,1,1,0,0,0,0,0,0,0,0,0,0,0,0,0,0,0,0,0,0,0,2,0,0,0,0,0,0,0,0,0,0,0,0,0,0,0,0,0,0,0,0,0,0,0,0,0,0,0,0,0,0,0,0,0,0,0,0,0,0,0,0,0,0,0,0,0,0,0,0,0,0,0,0,0,0,0,0,0,0,0,0,0,0,0,0,0,0,0,0,0,0,0,0,0,0,0,0,0,0,0,0,0,0,0,0,0,0,0,0,0,0,0
0,0,0,0,0,0,0,0,0,0,0,0,0,0,0,0,0,0,0,0,0,0,0,0,0,0,0,0,0,0,0,0,1,0,2,0,0,0,0,1,0,0,0,1,3,1,0,0,0,0,0,0,0,0,2,0,0,0,0,0,0,0,0,0,0,0,1,1,1,0,0,0,0,0,1,1,0,1,0,0,0,0,0,1,0,0,0,1,0,0,0,0,0,0,0,0,0,0,0,0,0,0,0,0,0,0,0,0,0,0,0,0,0,0,0,0,0,0,0,0,0,0,0,0,0,0,0,0,0,0,0,0,0,0,0,0,0,0,0,0,0,0,0,0,0,0,0,0,0,0,0,0,0,0,0,0,0,0,0,0,0,0,0,0,0,0,0,0,0,0,0,0,0,0,0,0,0,0,0,0,0,0,0,0,0,0,0,0,0,0,0,0,0,0,0,0,0,0,0,0
0,0,0,0,0,0,0,0,0,0,0,0,0,0,0,0,0,1,0,0,0,0,0,0,0,1,0,0,1,0,0,0,0,0,0,0,0,0,0,4,1,0,1,2,0,1,0,0,3,0,0,1,0,0,0,0,0,2,0,1,1,1,0,0,0,1,1,0,0,0,1,0,0,0,0,0,0,0,2,0,0,0,0,0,0,1,0,0,0,0,0,0,0,0,0,0,0,0,0,0,0,0,0,0,0,0,0,0,0,0,0,1,0,0,0,0,0,0,0,0,0,0,0,0,0,0,0,0,0,0,0,0,0,0,0,0,0,0,0,0,0,0,0,0,0,0,0,0,0,0,0,0,0,0,0,0,0,0,0,0,0,0,0,0,0,0,0,0,0,0,0,0,0,0,0,0,0,0,0,0,0,0,0,0,0,0,0,0,0,0,0,0,0,0,0,0,0,0,0,0
0,0,0,0,0,0,0,0,0,0,0,0,0,0,0,0,0,0,0,0,0,0,0,0,0,0,0,0,0,0,0,0,0,0,0,0,0,0,1,1,1,0,0,2,0,0,1,2,0,0,0,2,0,0,2,1,0,0,0,0,0,0,0,0,0,0,1,1,0,1,1,1,0,1,0,0,0,0,0,1,0,0,0,0,0,0,0,0,0,0,0,0,0,0,0,0,0,0,0,0,0,0,0,0,0,1,0,0,0,0,0,0,0,0,0,0,0,0,0,0,0,0,0,0,0,0,0,0,0,0,0,0,0,0,0,0,0,0,0,0,0,0,0,0,0,0,0,0,0,0,0,0,0,0,0,0,0,0,0,0,0,0,0,0,0,0,0,0,0,0,0,0,0,0,0,0,0,0,0,0,0,0,0,0,0,0,0,0,0,0,0,0,0,0,0,0,0,0,0,0
0,0,0,0,0,0,0,0,0,0,0,0,0,0,1,0,0,0,0,0,0,0,0,0,0,0,0,0,1,0,0,0,0,0,0,0,0,1,1,0,0,1,1,0,3,1,1,1,0,2,0,1,0,1,1,0,0,0,1,0,0,1,0,0,0,0,1,0,0,0,1,1,0,0,1,0,1,0,0,0,0,0,1,1,0,0,0,0,1,0,0,0,1,1,0,0,0,1,0,0,0,0,0,0,0,0,0,0,0,0,0,0,0,0,0,0,0,0,0,0,0,0,0,0,0,0,0,0,0,0,0,0,0,0,0,0,0,0,0,0,0,0,0,0,0,0,0,0,0,0,0,0,0,0,0,0,0,0,0,0,0,0,0,0,0,0,0,0,0,0,0,0,0,0,0,0,0,0,0,0,0,0,0,0,0,0,0,0,0,0,0,0,0,0,0,0,0,0,0,0
0,0,0,0,0,0,0,0,0,0,0,0,0,0,0,0,0,0,0,0,0,0,0,0,0,1,0,0,1,0,0,0,1,0,1,1,0,0,0,1,0,1,1,0,1,0,1,0,1,0,0,0,0,0,0,2,0,0,2,1,0,1,0,0,1,1,0,0,0,0,0,0,0,0,1,0,0,0,0,0,0,0,1,0,0,0,0,0,0,0,1,0,0,0,0,0,1,0,0,0,0,0,0,0,0,0,0,1,0,0,0,0,0,0,0,0,0,0,0,0,0,0,0,0,0,0,0,0,0,0,0,0,0,0,0,0,0,0,0,0,0,0,0,0,0,0,0,0,0,0,0,0,0,0,0,0,0,0,0,0,0,0,0,0,0,0,0,0,0,0,0,0,0,0,0,0,0,0,0,0,0,0,0,0,0,0,0,0,0,0,0,0,0,0,0,0,0,0,0,0
0,0,0,0,0,0,0,0,0,0,0,0,0,0,0,0,0,0,1,0,0,0,0,0,0,0,0,0,0,0,0,0,0,0,0,0,0,1,0,0,0,0,0,0,1,0,0,0,0,0,0,1,1,1,0,0,0,0,1,0,0,0,0,0,0,2,0,1,0,1,0,0,0,0,0,0,0,0,0,0,0,0,0,0,0,0,0,0,1,0,0,0,1,0,0,0,0,0,0,0,0,0,0,0,0,0,0,0,0,0,0,0,0,0,0,0,0,0,0,0,0,0,0,0,0,0,0,0,0,0,0,0,0,0,0,0,0,0,0,0,0,0,0,0,0,0,0,0,0,0,0,0,0,0,0,0,0,0,0,0,0,0,0,0,0,0,0,0,0,0,0,0,0,0,0,0,0,0,0,0,0,0,0,0,0,0,0,0,0,0,0,0,0,0,0,0,0,0,0,0
0,0,0,0,0,0,0,0,0,0,0,0,0,0,0,0,0,0,0,0,0,0,0,0,0,0,0,0,0,1,0,1,0,0,0,0,0,0,2,1,0,0,0,2,0,0,0,0,0,0,0,0,0,0,1,1,2,1,1,0,0,0,2,0,0,0,1,1,1,0,0,0,1,1,0,0,0,0,0,0,0,0,0,0,0,1,0,0,0,0,0,0,1,0,0,0,0,0,0,0,0,0,0,0,0,0,0,0,0,0,0,0,0,0,0,0,0,0,0,0,0,0,0,0,0,0,0,0,0,0,0,0,0,0,0,0,0,0,0,0,0,0,0,0,0,0,0,0,0,0,0,0,0,0,0,0,0,0,0,0,0,0,0,0,0,0,0,0,0,0,0,0,0,0,0,0,0,0,0,0,0,0,0,0,0,0,0,0,0,0,0,0,0,0,0,0,0,0,0,0
0,0,0,0,0,0,0,0,0,0,0,0,0,0,0,0,0,0,0,0,0,0,0,0,0,0,0,1,0,0,0,0,1,0,0,0,0,0,0,0,0,1,0,0,0,1,1,1,1,0,1,1,0,0,0,0,0,0,0,0,0,0,1,0,0,2,1,0,0,0,0,0,0,0,2,0,0,0,0,0,0,0,0,0,0,0,0,0,0,0,0,0,0,0,0,1,1,1,0,0,0,0,0,0,0,0,1,0,0,0,0,0,0,0,0,0,0,0,0,0,0,0,0,0,0,0,0,0,0,0,0,0,0,0,0,0,0,0,0,0,0,0,0,0,0,0,0,0,0,0,0,0,0,0,0,0,0,0,0,0,0,0,0,0,0,0,0,0,0,0,0,0,0,0,0,0,0,0,0,0,0,0,0,0,0,0,0,0,0,0,0,0,0,0,0,0,0,0,0,0
0,0,0,0,0,0,0,0,0,0,0,0,0,0,0,0,0,1,0,1,0,0,0,0,0,0,0,0,0,0,0,1,0,0,0,0,0,1,0,0,0,0,0,0,0,0,0,1,0,1,0,0,1,0,0,0,0,0,1,0,0,0,0,0,0,1,1,1,0,0,0,1,0,0,0,0,0,0,0,0,0,0,0,1,1,0,0,0,0,1,0,0,0,0,0,0,0,0,0,0,0,1,0,0,0,0,0,0,0,0,0,0,0,0,1,0,0,0,0,0,0,0,0,0,0,0,0,0,0,0,0,0,0,0,0,0,0,0,0,0,0,0,0,0,0,0,0,0,0,0,0,0,0,0,0,0,0,0,0,0,0,0,0,0,0,0,0,0,0,0,0,0,0,0,0,0,0,0,0,0,0,0,0,0,0,0,0,0,0,0,0,0,0,0,0,0,0,0,0,0
0,0,0,0,0,0,0,0,0,0,0,0,0,0,0,0,0,0,0,0,0,0,0,0,0,0,0,0,0,0,0,0,0,0,0,0,0,1,2,0,0,0,0,1,0,0,3,0,0,0,0,0,0,1,0,0,0,0,0,0,0,0,1,0,0,0,0,0,0,0,0,0,0,0,1,0,0,0,1,0,0,0,0,0,0,0,1,0,0,0,0,0,0,0,1,0,0,0,0,0,0,0,0,0,0,0,0,0,0,0,0,0,0,0,0,0,0,0,0,0,0,0,0,0,0,0,0,0,0,0,0,0,0,0,0,0,0,0,0,0,0,0,0,0,0,0,0,0,0,0,0,0,0,0,0,0,0,0,0,0,0,0,0,0,0,0,0,0,0,0,0,0,0,0,0,0,0,0,0,0,0,0,0,0,0,0,0,0,0,0,0,0,0,0,0,0,0,0,0,0
0,0,0,0,0,0,0,0,0,0,0,0,0,0,0,0,0,0,0,0,0,0,0,0,0,0,0,0,0,0,0,0,0,0,0,1,0,0,0,0,1,1,1,0,0,0,0,0,1,0,0,0,1,1,0,0,0,0,0,0,0,0,0,0,0,0,1,1,0,0,0,0,0,0,0,0,0,0,1,0,0,0,0,0,0,0,0,0,0,0,0,0,0,0,0,0,0,0,0,0,1,0,0,0,0,0,0,0,0,0,0,0,0,0,0,0,0,0,0,0,0,0,0,0,0,0,0,0,0,0,0,0,0,0,0,0,0,0,0,0,0,0,0,0,0,0,0,0,0,0,0,0,0,0,0,0,0,0,0,0,0,0,0,0,0,0,0,0,0,0,0,0,0,0,0,0,0,0,0,0,0,0,0,0,0,0,0,0,0,0,0,0,0,0,0,0,0,0,0,0
0,0,0,0,0,0,0,0,0,0,0,0,0,0,0,0,0,0,0,0,0,1,0,0,1,0,0,0,0,0,0,0,0,0,0,0,1,0,1,0,0,0,0,0,0,0,1,0,1,0,0,1,0,1,0,1,0,0,1,1,1,0,0,1,0,1,0,0,1,0,0,1,0,0,0,0,1,0,0,0,0,1,0,2,0,0,0,0,0,0,0,0,0,0,0,0,0,0,0,0,0,0,0,0,0,0,0,0,0,0,0,0,0,0,0,0,0,0,0,0,0,0,0,0,0,0,0,0,0,0,0,0,0,0,0,0,0,0,0,0,0,0,0,0,0,0,0,0,0,0,0,0,0,0,0,0,0,0,0,0,0,0,0,0,0,0,0,0,0,0,0,0,0,0,0,0,0,0,0,0,0,0,0,0,0,0,0,0,0,0,0,0,0,0,0,0,0,0,0,0
0,0,0,0,0,0,0,0,0,0,0,0,0,0,0,0,0,0,0,0,0,0,0,0,0,0,0,0,0,0,0,0,0,0,0,0,0,0,0,1,1,0,0,1,0,1,0,0,1,1,0,1,0,1,0,0,0,0,1,0,0,1,0,0,0,0,1,1,0,0,0,0,0,0,0,1,0,0,0,0,0,0,1,0,0,0,0,0,0,0,0,0,0,0,0,0,1,0,0,0,0,0,0,0,0,0,0,0,0,0,0,0,0,0,0,0,0,0,0,0,0,0,0,0,0,0,0,0,0,0,0,0,0,0,0,0,0,0,0,0,0,0,0,0,0,0,0,0,0,0,0,0,0,0,0,0,0,0,0,0,0,0,0,0,0,0,0,0,0,0,0,0,0,0,0,0,0,0,0,0,0,0,0,0,0,0,0,0,0,0,0,0,0,0,0,0,0,0,0,0
0,0,0,0,0,0,0,0,0,0,0,0,0,0,0,0,0,0,0,0,0,0,0,0,0,0,0,0,0,0,0,0,0,0,0,0,0,0,0,0,0,0,0,0,1,0,0,0,0,0,1,0,0,1,0,0,2,0,0,0,1,1,0,0,1,0,0,1,0,0,0,0,0,0,0,0,0,0,0,0,0,0,0,3,0,0,0,0,0,0,0,0,0,1,0,0,0,0,0,0,0,0,0,0,0,0,0,0,0,0,0,0,0,0,0,0,0,0,0,0,0,0,0,0,0,0,0,0,0,0,0,0,0,0,0,0,0,0,0,0,0,0,0,0,0,0,0,0,0,0,0,0,0,0,0,0,0,0,0,0,0,0,0,0,0,0,0,0,0,0,0,0,0,0,0,0,0,0,0,0,0,0,0,0,0,0,0,0,0,0,0,0,0,0,0,0,0,0,0,0
0,0,0,0,0,0,0,0,0,0,0,0,0,0,0,0,0,0,0,0,0,0,0,0,0,0,1,0,0,1,0,0,0,0,0,0,1,0,0,0,2,0,0,0,1,0,0,1,1,0,0,0,0,0,1,1,0,0,0,2,0,0,0,0,0,0,0,1,0,0,0,2,2,0,0,0,0,0,0,0,1,0,0,0,0,0,0,0,0,0,0,0,0,0,0,0,0,0,0,0,0,0,0,0,0,0,0,0,0,0,0,0,0,1,0,0,0,0,0,0,0,0,0,0,0,0,0,0,0,0,0,0,0,0,0,0,0,0,0,0,0,0,0,0,0,0,0,0,0,0,0,0,0,0,0,0,0,0,0,0,0,0,0,0,0,0,0,0,0,0,0,0,0,0,0,0,0,0,0,0,0,0,0,0,0,0,0,0,0,0,0,0,0,0,0,0,0,0,0,0
0,0,0,0,0,0,0,0,0,0,0,0,0,0,0,0,0,0,0,0,0,0,0,0,1,0,0,1,0,0,0,0,0,0,0,0,0,2,1,0,0,0,0,0,1,1,0,0,0,1,0,1,0,1,1,0,0,0,0,0,0,2,1,0,1,0,0,0,1,0,0,0,0,2,0,0,0,0,0,0,0,0,0,0,0,0,0,0,0,0,0,0,0,0,0,0,0,0,0,0,0,0,0,0,0,0,0,0,0,0,0,0,0,0,0,0,0,0,0,0,0,0,0,0,0,0,0,0,0,0,0,0,0,0,0,0,0,0,0,0,0,0,0,0,0,0,0,0,0,0,0,0,0,0,0,0,0,0,0,0,0,0,0,0,0,0,0,0,0,0,0,0,0,0,0,0,0,0,0,0,0,0,0,0,0,0,0,0,0,0,0,0,0,0,0,0,0,0,0,0
0,0,0,0,0,0,0,0,0,0,0,0,0,0,0,0,0,0,0,0,0,0,0,0,0,0,1,0,0,0,0,0,0,0,0,0,0,0,0,0,0,0,0,0,1,1,0,0,0,0,1,0,0,0,0,0,0,0,1,0,0,1,0,0,0,0,2,0,0,0,0,0,1,0,0,0,0,0,0,0,0,0,0,1,0,0,0,0,0,0,0,0,0,0,0,0,0,0,0,0,0,0,0,0,0,0,0,0,0,0,0,0,0,0,0,0,0,0,0,0,0,0,0,0,0,0,0,0,0,0,0,0,0,0,0,0,0,0,0,0,0,0,0,0,0,0,0,0,0,0,0,0,0,0,0,0,0,0,0,0,0,0,0,0,0,0,0,0,0,0,0,0,0,0,0,0,0,0,0,0,0,0,0,0,0,0,0,0,0,0,0,0,0,0,0,0,0,0,0,0
0,0,0,0,0,0,0,0,0,0,0,0,0,0,0,0,0,0,0,0,0,1,0,0,0,0,0,0,0,0,0,0,1,0,0,0,0,0,0,0,1,0,0,0,1,0,0,1,0,1,0,0,0,0,0,1,0,0,0,2,0,0,0,0,0,0,0,1,0,0,0,0,0,0,0,0,1,0,0,0,0,1,0,0,0,0,0,1,0,0,0,1,0,1,0,0,0,0,0,0,0,0,0,0,0,0,0,0,0,0,0,0,0,0,0,0,0,0,0,0,0,0,0,0,0,0,0,0,0,0,0,0,0,0,0,0,0,0,0,0,0,0,0,0,0,0,0,0,0,0,0,0,0,0,0,0,0,0,0,0,0,0,0,0,0,0,0,0,0,0,0,0,0,0,0,0,0,0,0,0,0,0,0,0,0,0,0,0,0,0,0,0,0,0,0,0,0,0,0,0
0,0,0,0,0,0,0,0,0,0,0,0,0,0,0,0,0,0,0,0,0,0,0,0,0,0,0,0,0,0,0,0,0,0,0,0,0,0,0,0,2,1,0,0,0,0,0,0,0,1,1,0,0,0,1,0,0,0,0,0,0,0,0,0,0,0,1,2,0,1,0,0,0,0,0,0,0,0,1,0,0,0,0,0,0,1,0,0,0,0,1,0,0,0,0,0,0,0,0,0,0,0,0,0,1,0,0,0,0,0,0,0,0,0,0,0,0,0,0,0,0,0,0,0,0,0,0,0,0,0,0,0,0,0,0,0,0,0,0,0,0,0,0,0,0,0,0,0,0,0,0,0,0,0,0,0,0,0,0,0,0,0,0,0,0,0,0,0,0,0,0,0,0,0,0,0,0,0,0,0,0,0,0,0,0,0,0,0,0,0,0,0,0,0,0,0,0,0,0,0
0,0,0,0,0,0,0,1,0,0,0,0,0,0,0,0,0,0,0,0,0,0,0,0,0,0,1,0,0,0,0,0,0,0,1,0,1,3,0,1,0,0,0,1,0,0,0,0,0,0,0,0,0,1,0,0,0,0,0,1,0,0,0,1,1,0,1,0,1,0,1,0,1,0,0,0,0,1,0,0,0,0,0,0,0,1,0,0,0,1,0,0,0,0,0,0,0,0,1,0,0,0,0,0,0,0,0,0,0,0,0,0,0,0,0,0,0,0,0,0,0,0,0,0,0,0,0,0,0,0,0,0,0,0,0,0,0,0,0,0,0,0,0,0,0,0,0,0,0,0,0,0,0,0,0,0,0,0,0,0,0,0,0,0,0,0,0,0,0,0,0,0,0,0,0,0,0,0,0,0,0,0,0,0,0,0,0,0,0,0,0,0,0,0,0,0,0,0,0,0
0,0,0,0,0,0,0,0,0,0,0,0,0,0,0,0,0,0,0,0,0,0,0,0,0,0,0,0,0,2,0,0,0,0,0,1,0,0,0,0,0,0,0,0,0,0,0,0,0,0,0,0,1,0,0,0,0,1,2,0,0,1,0,0,0,0,0,0,0,0,0,0,0,0,0,0,1,0,0,0,0,1,0,0,1,0,0,0,0,0,0,1,0,0,0,0,0,0,0,0,0,0,0,0,0,0,0,0,0,0,0,0,0,0,0,0,0,0,0,0,0,0,0,0,0,0,0,0,0,0,0,0,0,0,0,0,0,0,0,0,0,0,0,0,0,0,0,0,0,0,0,0,0,0,0,0,0,0,0,0,0,0,0,0,0,0,0,0,0,0,0,0,0,0,0,0,0,0,0,0,0,0,0,0,0,0,0,0,0,0,0,0,0,0,0,0,0,0,0,0
0,0,0,0,0,0,0,0,0,0,0,0,0,0,0,0,0,0,0,0,0,0,0,0,0,0,0,0,0,0,0,0,0,1,2,0,0,0,0,0,0,0,2,0,0,0,0,0,0,0,0,0,0,0,0,1,0,0,0,1,1,1,0,0,0,0,0,0,0,0,0,0,0,1,0,0,1,0,0,0,0,0,1,0,0,0,0,0,0,0,0,0,0,0,0,0,0,0,0,0,0,0,0,0,0,0,0,0,0,0,0,0,0,0,0,0,0,0,0,0,0,0,0,0,0,0,0,0,0,0,0,0,0,0,0,0,0,0,0,0,0,0,0,0,0,0,0,0,0,0,0,0,0,0,0,0,0,0,0,0,0,0,0,0,0,0,0,0,0,0,0,0,0,0,0,0,0,0,0,0,0,0,0,0,0,0,0,0,0,0,0,0,0,0,0,0,0,0,0,0
0,0,0,0,0,0,0,0,0,0,0,0,0,0,0,0,0,0,0,0,0,0,0,0,0,1,0,0,0,0,0,0,1,0,0,0,0,0,0,2,0,0,0,1,1,0,0,0,0,0,1,0,1,0,0,0,0,1,0,0,0,0,0,0,0,0,0,0,0,1,0,2,0,0,0,0,1,0,0,0,0,0,0,0,1,0,0,0,0,0,0,0,0,0,0,1,0,0,0,0,1,0,0,0,0,0,0,0,0,0,0,0,0,0,0,0,0,0,0,0,0,0,0,0,0,0,0,0,0,0,0,0,0,0,0,0,0,0,0,0,0,0,0,0,0,0,0,0,0,0,0,0,0,0,0,0,0,0,0,0,0,0,0,0,0,0,0,0,0,0,0,0,0,0,0,0,0,0,0,0,0,0,0,0,0,0,0,0,0,0,0,0,0,0,0,0,0,0,0,0
0,0,0,0,0,0,0,0,0,0,0,0,0,0,0,0,0,0,0,0,0,0,0,0,0,0,0,0,0,0,0,0,0,0,0,0,0,0,0,0,0,0,0,1,0,2,1,0,0,1,0,0,0,0,0,0,0,2,0,0,0,0,0,0,0,0,0,0,0,0,0,0,0,0,0,0,0,0,0,0,0,0,0,0,0,0,0,0,0,0,0,0,0,0,0,0,0,0,0,0,0,0,0,0,0,0,0,0,0,0,0,0,0,0,0,0,0,0,0,0,0,0,0,0,0,0,0,0,0,0,0,0,0,0,0,0,0,0,0,0,0,0,0,0,0,0,0,0,0,0,0,0,0,0,0,0,0,0,0,0,0,0,0,0,0,0,0,0,0,0,0,0,0,0,0,0,0,0,0,0,0,0,0,0,0,0,0,0,0,0,0,0,0,0,0,0,0,0,0,0
0,0,0,0,0,0,0,0,0,0,0,0,0,0,0,0,0,0,0,0,0,0,0,0,0,0,0,0,0,0,0,0,1,0,0,0,0,0,0,0,0,0,1,0,0,0,0,0,2,0,0,0,0,0,0,0,0,0,1,0,0,0,0,2,0,0,0,0,0,0,0,0,0,0,0,0,0,0,1,0,0,0,0,0,0,0,0,0,1,0,0,0,0,0,0,0,0,0,0,0,0,0,0,0,0,0,0,0,0,0,0,0,0,0,0,0,0,0,0,0,0,0,0,0,0,0,0,0,0,0,0,0,0,0,0,0,0,0,0,0,0,0,0,0,0,0,0,0,0,0,0,0,0,0,0,0,0,0,0,0,0,0,0,0,0,0,0,0,0,0,0,0,0,0,0,0,0,0,0,0,0,0,0,0,0,0,0,0,0,0,0,0,0,0,0,0,0,0,0,0
0,0,0,0,0,0,0,0,0,0,0,0,0,0,0,0,0,0,0,0,0,0,0,0,0,0,0,0,0,0,0,0,0,0,0,0,0,0,0,1,0,0,0,0,1,1,0,1,0,0,0,0,0,1,0,0,0,0,2,0,0,0,0,0,0,0,0,0,0,0,1,1,0,0,0,0,0,0,1,0,0,0,0,0,1,0,0,0,1,0,0,0,0,0,0,0,0,0,0,0,0,0,0,0,0,0,0,0,0,0,0,0,0,0,0,0,0,0,0,0,0,0,0,0,0,0,0,0,0,0,0,0,0,0,0,0,0,0,0,0,0,0,0,0,0,0,0,0,0,0,0,0,0,0,0,0,0,0,0,0,0,0,0,0,0,0,0,0,0,0,0,0,0,0,0,0,0,0,0,0,0,0,0,0,0,0,0,0,0,0,0,0,0,0,0,0,0,0,0,0
0,0,0,0,0,0,0,0,0,0,0,0,0,0,0,0,0,0,0,0,0,0,0,0,0,1,0,0,0,0,1,0,0,0,1,0,0,0,1,0,0,1,1,0,0,0,0,1,0,0,0,0,1,0,0,0,1,1,0,0,0,0,0,2,0,0,0,0,0,0,0,1,0,0,0,0,0,0,0,0,0,0,0,1,0,0,0,0,0,0,0,0,0,0,1,0,0,0,0,0,0,0,0,0,0,0,0,0,0,0,0,0,0,0,0,0,0,0,0,0,0,0,0,0,0,0,0,0,0,0,0,0,0,0,0,0,0,0,0,0,0,0,0,0,0,0,0,0,0,0,0,0,0,0,0,0,0,0,0,0,0,0,0,0,0,0,0,0,0,0,0,0,0,0,0,0,0,0,0,0,0,0,0,0,0,0,0,0,0,0,0,0,0,0,0,0,0,0,0,0
0,0,1,0,0,0,0,0,0,0,0,0,0,0,0,0,0,0,0,0,0,0,0,0,0,0,0,0,0,0,0,0,0,0,0,0,0,0,0,0,0,0,0,0,0,1,0,0,0,0,0,0,0,0,0,1,0,0,0,0,0,0,0,0,0,1,0,0,0,1,0,0,1,0,0,0,0,0,0,0,0,0,0,0,0,0,0,0,0,0,0,0,0,0,0,0,0,1,0,0,0,0,0,0,0,0,0,0,0,0,0,0,0,0,0,0,0,0,0,0,0,0,0,0,0,0,0,0,0,0,0,0,0,0,0,0,0,0,0,0,0,0,0,0,0,0,0,0,0,0,0,0,0,0,0,0,0,0,0,0,0,0,0,0,0,0,0,0,0,0,0,0,0,0,0,0,0,0,0,0,0,0,0,0,0,0,0,0,0,0,0,0,0,0,0,0,0,0,0,0
0,0,0,0,0,0,0,0,0,0,0,1,0,0,0,0,0,0,0,0,1,0,0,0,0,0,0,0,0,0,0,0,0,1,0,0,0,0,0,0,0,0,0,0,1,0,1,0,0,1,0,0,1,0,0,0,0,1,0,0,0,1,0,0,0,1,0,0,0,0,0,1,0,0,0,0,0,0,0,0,0,0,0,0,0,0,0,0,0,0,0,0,0,0,1,0,0,0,0,0,0,0,0,0,0,0,0,0,0,0,0,0,0,0,0,0,0,0,0,0,0,0,0,0,0,0,0,0,0,0,0,0,0,0,0,0,0,0,0,0,0,0,0,0,0,0,0,0,0,0,0,0,0,0,0,0,0,0,0,0,0,0,0,0,0,0,0,0,0,0,0,0,0,0,0,0,0,0,0,0,0,0,0,0,0,0,0,0,0,0,0,0,0,0,0,0,0,0,0,0
0,0,0,0,0,0,0,0,0,0,0,0,0,0,0,0,0,0,0,0,0,0,0,0,0,0,1,0,0,0,0,0,0,0,0,0,1,0,2,0,0,0,0,0,0,0,0,0,0,1,1,0,0,0,0,0,0,1,0,0,0,1,0,1,0,0,0,0,1,0,0,0,0,0,0,1,0,0,0,0,0,0,0,0,0,0,0,0,0,0,0,0,0,0,0,0,0,0,0,0,0,0,0,0,0,0,0,0,0,0,0,0,0,0,0,0,0,0,0,0,0,0,0,0,0,0,0,0,0,0,0,0,0,0,0,0,0,0,0,0,0,0,0,0,0,0,0,0,0,0,0,0,0,0,0,0,0,0,0,0,0,0,0,0,0,0,0,0,0,0,0,0,0,0,0,0,0,0,0,0,0,0,0,0,0,0,0,0,0,0,0,0,0,0,0,0,0,0,0,0
0,0,0,0,0,0,0,0,0,0,0,0,0,0,0,0,0,0,0,0,0,0,0,0,0,0,0,0,0,0,0,0,0,0,0,0,0,0,0,1,0,0,1,0,0,0,0,0,0,1,0,0,0,0,0,0,0,1,1,1,1,0,0,0,1,1,0,1,0,0,0,0,0,0,0,0,0,0,1,0,0,0,0,0,0,0,0,0,0,0,0,0,0,0,0,0,0,0,0,0,0,0,0,0,0,0,0,0,0,0,0,0,0,0,0,0,0,0,0,0,0,0,0,0,0,0,0,0,0,0,0,0,0,0,0,0,0,0,0,0,0,0,0,0,0,0,0,0,0,0,0,0,0,0,0,0,0,0,0,0,0,0,0,0,0,0,0,0,0,0,0,0,0,0,0,0,0,0,0,0,0,0,0,0,0,0,0,0,0,0,0,0,0,0,0,0,0,0,0,0
0,0,0,0,0,0,0,0,0,0,0,0,0,0,0,0,0,0,0,0,1,0,0,0,0,0,0,1,0,0,0,0,0,0,0,0,0,0,1,0,0,0,0,0,0,0,0,0,0,0,0,0,0,0,0,0,0,0,1,0,1,0,0,0,0,1,0,0,0,0,0,0,2,0,0,0,0,0,0,0,0,0,0,0,0,0,0,0,1,0,0,0,1,0,1,0,0,0,0,0,0,0,0,0,0,0,0,0,0,0,0,0,0,0,0,0,0,0,0,0,0,0,0,0,0,0,0,0,0,0,0,0,0,0,0,0,0,0,0,0,0,0,0,0,0,0,0,0,0,0,0,0,0,0,0,0,0,0,0,0,0,0,0,0,0,0,0,0,0,0,0,0,0,0,0,0,0,0,0,0,0,0,0,0,0,0,0,0,0,0,0,0,0,0,0,0,0,0,0,0
0,0,0,0,0,0,0,0,0,0,0,0,0,0,0,0,0,0,0,0,0,0,0,0,0,0,0,0,0,0,0,1,0,0,0,0,0,0,1,0,0,0,0,0,0,0,0,0,0,0,0,0,0,0,0,0,0,0,0,0,0,0,0,0,0,0,0,0,1,0,0,0,0,0,0,0,0,0,0,0,0,0,0,0,0,1,0,0,0,0,0,0,0,0,0,0,0,0,0,0,0,0,0,0,0,0,0,0,0,0,0,0,0,0,0,0,0,0,0,0,0,0,0,0,0,0,0,0,0,0,0,0,0,0,0,0,0,0,0,0,0,0,0,0,0,0,0,0,0,0,0,0,0,0,0,0,0,0,0,0,0,0,0,0,0,0,0,0,0,0,0,0,0,0,0,0,0,0,0,0,0,0,0,0,0,0,0,0,0,0,0,0,0,0,0,0,0,0,0,0
0,0,0,0,0,0,0,0,0,0,0,0,0,0,0,0,0,0,0,0,0,1,0,0,0,1,0,0,0,0,0,0,0,0,0,0,0,0,0,0,0,0,0,0,0,0,0,1,1,1,0,0,0,0,0,0,0,0,0,0,0,0,0,0,0,0,0,0,0,0,0,0,0,0,0,0,0,0,0,0,0,0,0,0,0,0,0,0,0,0,0,0,0,0,0,1,0,0,0,0,0,0,0,0,0,0,0,0,0,0,0,0,0,0,0,0,0,0,0,0,0,0,0,0,0,0,0,0,0,0,0,0,0,0,0,0,0,0,0,0,0,0,0,0,0,0,0,0,0,0,0,0,0,0,0,0,0,0,0,0,0,0,0,0,0,0,0,0,0,0,0,0,0,0,0,0,0,0,0,0,0,0,0,0,0,0,0,0,0,0,0,0,0,0,0,0,0,0,0,0
0,0,0,0,0,0,0,0,0,0,0,0,0,0,0,0,0,0,0,0,0,0,0,0,0,0,0,0,0,0,0,0,0,0,0,0,0,0,0,1,0,0,0,0,0,0,1,0,0,0,0,0,0,0,0,0,0,0,0,0,1,0,0,1,0,0,0,1,0,0,0,0,0,0,0,0,0,0,0,1,0,0,0,0,0,0,0,0,0,0,0,0,1,0,0,0,0,0,0,0,0,0,0,0,0,0,0,0,0,0,0,0,0,0,0,0,0,0,0,0,0,0,0,0,0,0,0,0,0,0,0,0,0,0,0,0,0,0,0,0,0,0,0,0,0,0,0,0,0,0,0,0,0,0,0,0,0,0,0,0,0,0,0,0,0,0,0,0,0,0,0,0,0,0,0,0,0,0,0,0,0,0,0,0,0,0,0,0,0,0,0,0,0,0,0,0,0,0,0,0
0,0,0,0,0,0,0,0,0,0,0,0,0,0,0,0,0,0,0,0,0,0,0,0,0,0,0,0,0,0,0,0,0,0,0,1,0,0,0,0,0,0,0,0,0,0,0,0,0,0,0,0,0,1,0,0,0,0,0,0,0,1,0,0,0,0,0,0,0,0,0,0,1,0,0,0,0,0,0,0,0,0,0,0,0,0,0,0,0,0,0,1,0,0,0,0,1,0,0,0,0,0,0,0,1,0,0,0,0,0,0,0,0,0,0,0,0,0,0,0,0,0,0,0,0,0,0,0,0,0,0,0,0,0,0,0,0,0,0,0,0,0,0,0,0,0,0,0,0,0,0,0,0,0,0,0,0,0,0,0,0,0,0,0,0,0,0,0,0,0,0,0,0,0,0,0,0,0,0,0,0,0,0,0,0,0,0,0,0,0,0,0,0,0,0,0,0,0,0,0
0,0,0,0,0,0,0,0,0,0,0,0,0,0,0,0,0,0,0,0,0,1,0,0,0,1,0,0,0,0,0,0,1,0,0,1,0,0,0,0,0,0,0,1,0,0,0,0,0,1,0,0,0,0,0,0,0,1,0,0,1,0,0,0,0,0,0,0,0,0,0,0,0,0,0,0,0,0,0,0,0,1,0,0,0,0,0,0,0,0,0,0,0,0,1,0,0,0,0,0,0,0,0,0,0,0,0,0,0,0,0,0,0,0,0,0,0,0,0,0,0,0,0,0,0,0,0,0,0,0,0,0,0,0,0,0,0,0,0,0,0,0,0,0,0,0,0,0,0,0,0,0,0,0,0,0,0,0,0,0,0,0,0,0,0,0,0,0,0,0,0,0,0,0,0,0,0,0,0,0,0,0,0,0,0,0,0,0,0,0,0,0,0,0,0,0,0,0,0,0
