0,3,4,0,2,1,1,4,0,0,2,2,5,0,0,4,10,6,16,7,9,5,4,5,23,13,16,7,25,13,31,18,24,22,29,82,29,80,54,79,85,101,83,109,95,91,127,112,154,167,209,167,187,246,245,242,289,357,330,354,345,416,443,469,471,506,578,546,543,597,640,804,739,715,788,849,748,875,950,902,968,922,981,1080,1107,1034,1186,1153,1276,1160,1138,1239,1231,1250,1196,1290,1286,1212,1232,1192,1334,1261,1273,1316,1166,1156,1082,1229,1093,1169,1145,1108,1045,978,1058,1016,941,848,934,924,844,873,863,719,743,655,706,578,580,619,534,508,508,467,491,448,403,356,335,357,342,321,290,252,243,224,182,204,181,152,133,144,105,113,111,100,112,113,84,75,85,53,32,47,40,66,48,30,22,25,34,14,22,15,12,7,19,5,7,3,7,6,3,3,3,2,7,1,0,0,1,1,2,1,1,0,0,0,0,0
0,0,3,0,0,0,4,5,1,1,0,3,5,2,0,5,12,3,15,7,7,5,8,9,13,20,21,14,45,23,32,25,23,43,41,66,39,69,68,93,76,85,94,118,99,125,120,126,193,176,213,175,202,288,267,296,359,316,302,347,392,445,448,458,484,513,611,592,590,619,746,782,770,742,794,935,838,888,1066,920,989,982,1008,1081,1069,1100,1123,1168,1218,1133,1164,1165,1190,1274,1177,1238,1220,1194,1208,1182,1213,1201,1155,1214,1097,1040,1049,1152,1083,1107,1053,959,1008,924,933,914,897,786,848,810,742,706,714,632,622,617,568,511,503,524,485,514,448,421,378,385,350,302,300,289,294,264,285,212,202,194,181,174,157,160,130,116,115,105,93,67,90,96,78,60,57,40,43,52,45,59,53,33,24,18,36,20,27,25,9,6,15,4,7,6,2,10,1,1,7,3,5,1,0,0,0,1,1,0,0,0,0,0,0,0
0,4,7,0,1,2,1,8,1,0,0,1,2,1,1,2,8,7,15,5,5,9,6,13,28,18,27,11,26,15,33,37,31,37,32,70,54,72,63,70,82,94,105,139,103,113,143,162,210,184,240,200,192,290,279,293,319,379,381,339,416,422,515,495,535,521,626,638,651,634,747,842,829,732,828,886,829,917,950,886,1043,1020,1070,1027,1103,1068,1147,1186,1230,1168,1136,1200,1201,1193,1243,1220,1138,1171,1146,1054,1220,1097,1126,1173,1012,1061,979,1057,987,993,929,872,935,834,896,819,801,669,732,782,634,664,668,598,597,509,473,474,454,409,389,397,430,319,334,339,328,264,260,236,281,228,232,200,182,147,171,155,124,134,116,119,92,95,75,53,78,76,66,61,50,45,27,38,37,34,37,19,24,22,20,18,19,11,5,2,8,6,7,8,2,14,0,0,6,2,9,0,0,0,1,2,2,4,1,0,0,0,0,0
0,0,1,0,0,0,3,3,1,0,4,0,5,3,1,1,14,2,11,8,8,6,7,14,15,12,22,14,29,22,18,42,26,42,43,61,47,66,60,78,89,102,112,124,127,134,139,154,196,222,254,180,239,284,309,291,328,408,363,373,442,448,514,551,568,597,706,625,643,669,771,858,855,759,870,969,852,912,959,938,1030,943,1070,1135,1114,1011,1188,1170,1173,1152,1105,1169,1122,1126,1134,1138,1186,1154,1117,1009,1099,1036,1014,1080,1044,982,885,997,971,947,936,812,809,767,796,765,711,613,682,599,587,599,592,518,525,441,448,392,386,377,385,371,307,314,328,317,277,232,218,214,237,218,195,152,162,139,126,130,121,106,94,81,72,74,68,59,69,78,53,46,56,36,18,33,26,47,25,28,21,17,26,19,12,26,8,5,11,5,6,6,4,9,1,2,2,4,3,0,0,0,1,1,2,2,0,0,0,0,0,0
0,1,5,0,0,3,1,2,0,0,1,2,4,1,1,2,11,7,17,11,12,8,9,17,22,16,25,16,33,34,29,28,44,49,37,58,65,93,66,82,92,111,116,146,110,140,162,169,232,197,248,209,226,327,294,327,381,434,401,381,463,515,582,581,583,561,730,603,652,667,796,867,826,775,846,885,880,998,996,907,1008,976,986,1078,1067,1075,1091,1151,1235,1141,1078,1097,1113,1114,1043,1134,1110,1114,1074,974,1052,997,1026,1035,876,922,840,933,836,787,812,795,759,683,721,654,622,571,634,613,517,549,529,449,474,410,422,366,362,326,335,319,270,253,250,256,225,170,215,153,216,208,169,152,134,127,111,127,127,99,107,93,64,83,39,70,71,74,47,52,52,39,22,31,24,38,25,24,20,21,16,7,13,7,6,9,15,4,11,2,2,4,1,1,1,3,5,1,0,0,0,1,3,4,1,0,0,0,0,0
0,2,2,0,0,2,0,7,1,2,2,2,3,3,2,5,15,10,18,11,9,3,3,10,27,17,19,20,23,22,23,25,35,46,34,59,50,102,74,85,85,115,107,154,125,146,146,183,218,184,260,218,234,325,306,293,368,373,412,464,456,502,558,569,622,591,682,682,657,688,793,897,893,790,875,989,892,931,934,953,1075,995,1016,1099,1108,1042,1104,1129,1176,1068,1061,1133,1105,1124,1032,1130,1047,1056,964,954,1048,913,919,1007,853,872,801,891,803,798,732,661,640,627,677,653,582,546,572,479,526,530,462,419,413,404,361,346,308,318,269,301,291,257,270,226,205,174,184,190,171,162,183,116,115,117,94,84,96,81,86,55,59,55,46,42,62,53,53,37,46,29,22,26,34,23,23,24,13,16,17,9,9,10,11,5,12,4,7,4,3,10,1,1,2,1,3,0,0,0,0,4,2,2,0,0,0,0,0,0
0,1,2,0,4,2,0,2,0,0,1,1,11,1,0,3,9,8,23,7,7,8,7,10,20,13,21,13,30,19,37,32,34,52,34,67,68,79,68,94,110,101,120,159,123,130,142,160,200,235,267,215,260,338,365,315,377,417,418,480,478,451,660,553,636,614,704,650,712,707,836,895,877,806,879,969,888,984,960,923,1072,1029,1081,1058,1120,1049,1070,1064,1181,1103,1037,1135,1005,1088,1029,1090,1013,947,931,929,900,892,956,852,787,777,764,793,771,732,654,632,634,575,571,599,559,487,523,465,437,452,418,360,368,317,331,282,298,254,230,241,237,192,207,202,176,166,159,153,159,159,145,110,99,88,72,89,75,72,84,77,47,60,40,59,50,51,36,42,33,24,15,21,21,27,17,20,19,18,19,17,11,9,4,5,6,1,5,3,2,7,0,1,3,2,2,0,0,0,1,0,1,1,0,0,0,0,0,0
0,0,2,0,3,1,1,3,0,1,4,0,2,3,1,7,12,7,16,6,7,3,9,22,23,15,17,15,29,27,41,34,32,39,39,52,51,101,85,90,103,118,115,133,124,157,145,193,207,190,277,193,279,367,349,309,379,416,415,444,468,507,582,656,628,621,698,670,711,698,821,855,894,771,919,1007,887,959,1025,906,1041,996,1015,1069,1043,965,1030,1053,1056,1077,1025,1059,1053,1035,943,1036,944,958,924,892,879,850,873,791,780,773,760,701,710,655,666,619,571,517,586,513,517,444,432,430,400,358,374,312,329,280,260,268,226,241,231,228,214,193,164,204,180,157,137,120,149,120,128,106,90,86,66,87,68,57,51,49,52,45,33,45,24,37,44,22,26,31,16,30,17,24,28,18,15,14,9,17,2,13,4,1,10,2,5,4,0,3,2,1,0,0,7,0,0,0,1,2,1,1,2,0,0,0,0,0
0,0,1,0,0,2,1,0,3,1,2,1,1,3,1,6,16,11,13,6,10,10,7,9,21,16,21,20,33,28,31,56,35,48,52,70,58,106,86,98,99,131,122,164,121,167,177,169,213,218,282,248,268,325,353,322,404,374,459,447,497,462,575,566,638,609,723,675,692,694,869,827,868,810,882,929,924,940,968,921,1028,1072,1011,1061,973,967,1027,1048,1103,1066,1039,1047,977,998,911,1012,890,910,868,827,892,759,851,783,659,699,678,702,714,664,642,553,515,538,527,446,464,432,429,390,407,361,349,305,287,272,262,229,210,220,211,217,175,165,160,189,147,118,132,126,131,118,100,89,64,62,72,84,62,54,66,40,36,40,27,42,41,35,35,28,28,20,14,11,15,23,21,14,19,10,11,8,9,11,5,2,14,1,4,1,1,3,1,1,5,0,2,0,0,0,2,2,0,0,2,0,0,0,0,0
0,1,2,0,4,0,3,6,2,0,1,1,3,2,1,7,14,11,16,11,13,4,8,11,15,16,24,18,48,35,34,43,40,37,47,64,56,99,74,94,91,143,107,152,141,147,174,191,243,224,281,224,236,348,366,321,434,418,472,526,545,479,557,615,593,585,748,698,737,754,793,901,852,837,858,972,904,914,946,858,1004,913,1036,984,975,926,1032,1030,1111,951,958,982,977,966,824,939,925,913,851,811,842,776,806,784,682,651,610,664,628,609,573,502,522,469,502,428,434,381,338,364,349,324,309,251,272,236,247,210,231,201,157,161,148,152,135,146,142,120,104,115,113,97,107,85,66,61,47,65,66,61,49,43,38,41,41,40,33,37,27,34,27,24,22,17,21,12,17,22,15,15,17,10,11,5,4,5,9,0,5,3,5,2,0,2,1,1,3,0,0,0,0,0,0,3,1,0,0,0,0,0
0,0,2,0,0,2,2,1,2,1,3,1,8,1,1,2,16,3,21,13,9,7,9,13,29,24,24,15,31,31,34,36,28,35,43,81,49,98,72,91,92,118,125,145,135,142,183,162,255,219,286,239,303,316,362,328,461,456,454,464,507,512,602,608,631,615,697,695,653,709,783,858,886,720,808,919,863,951,909,969,1000,973,969,974,985,996,955,967,992,982,957,988,893,910,864,910,876,864,804,732,795,752,689,714,664,602,582,606,611,575,543,483,421,435,458,405,401,342,364,300,302,294,267,261,225,226,216,186,180,148,153,157,137,130,132,120,111,75,103,87,111,88,72,59,55,43,54,66,51,35,53,40,34,40,30,38,27,27,32,30,27,15,10,15,8,14,15,15,14,11,13,7,11,12,6,4,8,1,2,4,0,4,1,1,1,1,0,0,0,0,1,0,0,1,2,0,0,0,0,0
0,0,4,0,0,1,1,5,0,0,2,1,2,4,2,4,12,12,13,7,5,5,13,16,31,16,34,11,30,34,39,38,40,47,39,70,67,106,97,99,110,130,123,150,133,158,160,174,237,228,283,245,295,324,319,339,406,445,427,476,443,492,609,596,669,641,728,670,663,670,755,844,821,762,865,884,851,979,939,903,905,971,971,981,1030,925,968,1016,1016,919,905,992,928,789,866,847,862,828,805,704,711,701,647,673,563,577,551,572,532,511,458,480,434,360,422,412,353,315,343,292,285,284,294,221,218,213,171,186,176,159,132,155,138,111,120,127,95,86,64,94,79,73,72,62,59,55,53,42,40,43,39,35,28,35,28,32,27,28,22,25,24,21,9,11,19,21,12,7,8,15,7,7,5,12,4,4,5,3,3,3,5,3,1,1,4,1,2,0,0,0,0,1,0,3,2,0,0,0,0,0
0,0,3,0,0,3,0,1,2,0,2,1,1,2,2,9,11,18,17,13,5,11,11,14,28,14,32,14,36,29,40,44,34,47,44,75,72,91,73,102,105,133,146,165,132,170,178,170,251,232,283,212,280,359,342,343,433,427,429,457,425,581,617,581,610,628,689,636,697,686,782,848,850,769,826,958,857,927,932,929,948,906,904,941,900,912,966,904,940,910,855,902,872,864,852,791,765,730,727,671,706,755,650,642,589,572,573,575,533,515,456,429,415,366,358,342,329,266,307,247,268,245,263,221,207,166,173,172,132,150,133,120,118,124,100,114,107,70,56,74,73,66,66,52,56,52,27,37,26,31,38,39,24,28,22,21,33,20,21,17,22,12,8,13,14,15,21,10,10,11,11,5,10,4,3,2,7,1,5,4,0,4,1,1,3,1,3,0,0,0,1,0,0,2,2,0,0,0,0,0
0,2,3,0,2,1,0,1,2,1,2,1,5,6,1,2,12,12,10,12,6,4,9,13,29,16,33,17,31,33,49,32,31,54,46,81,54,108,91,111,106,121,136,164,129,162,183,175,251,199,284,219,295,335,352,320,423,459,427,482,519,509,600,638,597,632,753,642,701,738,788,880,882,787,826,881,818,884,937,841,933,879,953,961,993,899,906,980,982,869,807,865,814,820,786,803,746,718,687,627,682,710,638,572,533,496,483,485,514,485,427,404,405,324,328,344,285,263,281,269,237,237,228,185,198,172,155,143,143,143,124,111,113,98,86,91,85,72,73,81,66,69,66,49,45,49,31,50,37,38,54,28,34,23,25,18,26,24,19,23,20,13,9,11,13,12,20,8,9,5,4,5,8,7,3,1,7,1,2,4,1,3,0,0,2,5,1,0,0,0,2,0,1,1,1,0,0,0,0,0
0,0,4,0,1,2,2,8,0,1,4,5,3,0,1,4,16,10,25,8,9,7,6,20,32,13,28,21,33,23,34,33,42,33,37,81,43,104,79,111,109,139,153,165,115,166,183,190,244,263,310,251,274,325,374,339,409,444,450,474,463,511,548,633,666,608,682,652,630,684,789,846,812,787,837,902,848,888,887,873,878,945,939,936,915,877,954,897,964,874,810,828,834,823,737,789,788,710,674,657,635,563,606,565,532,487,460,503,418,465,415,387,362,337,316,336,256,265,248,231,225,230,199,175,191,147,152,117,121,101,106,117,104,98,90,79,78,54,42,57,65,52,60,43,35,36,21,45,26,38,28,25,24,19,20,23,26,13,15,21,13,14,10,11,8,10,13,3,11,11,7,6,6,9,0,1,1,1,7,3,0,2,0,1,0,1,2,0,0,0,1,0,1,1,0,0,0,0,0,0
0,0,2,0,2,1,1,4,0,1,3,0,5,6,3,7,14,11,22,7,11,8,9,7,28,21,25,17,37,30,35,37,41,51,40,72,56,95,89,118,105,134,143,167,117,172,167,202,254,245,311,233,275,349,370,359,436,457,433,446,476,559,589,621,635,577,726,667,652,692,786,883,786,753,800,865,778,875,821,855,851,799,877,928,857,863,849,860,943,840,766,823,751,757,728,712,689,637,621,593,632,554,546,556,473,445,460,471,406,362,389,362,310,311,315,291,266,210,217,217,193,224,201,167,156,147,116,112,100,111,87,114,97,78,48,58,58,56,54,58,50,49,46,38,29,33,37,28,29,28,25,28,21,22,9,17,16,16,9,10,19,11,5,13,10,11,15,6,6,7,6,6,5,6,0,4,4,2,2,2,0,3,0,0,0,1,2,0,0,0,0,0,2,1,0,0,0,0,0,0
0,0,0,0,0,7,2,9,0,0,1,2,2,6,2,4,12,11,22,8,7,4,7,14,28,16,37,18,47,27,33,42,42,57,46,76,60,115,84,99,104,108,132,176,133,180,185,211,216,224,289,249,312,347,356,321,412,469,396,489,526,480,593,602,595,568,681,664,671,680,729,789,834,745,767,906,752,815,854,849,884,857,843,866,813,805,860,839,887,819,775,815,724,720,655,623,637,651,621,569,632,544,550,548,414,443,462,422,384,407,377,315,281,293,278,252,253,201,203,195,186,168,175,143,170,134,123,120,107,95,82,87,82,71,74,73,61,47,50,59,46,43,53,38,39,35,22,33,29,20,28,22,16,21,11,19,12,11,15,19,16,12,8,13,8,8,5,8,6,4,4,5,7,1,1,0,2,1,3,1,0,1,0,0,2,0,2,0,0,0,3,2,0,0,0,0,0,0,0,0
0,0,3,0,0,1,2,1,0,0,3,5,8,4,4,4,12,11,20,7,15,6,8,14,28,19,25,19,29,30,24,39,30,38,51,66,60,131,90,106,105,110,128,151,142,175,179,178,241,224,269,241,276,338,341,330,410,423,443,452,439,513,574,592,599,582,673,662,643,614,808,773,762,717,805,875,725,849,890,821,837,802,851,812,830,799,850,786,891,763,722,757,678,739,705,706,614,607,651,529,541,517,469,500,445,406,400,382,351,301,320,292,290,240,265,239,193,192,219,190,169,150,162,134,120,107,110,91,97,76,92,98,79,65,67,64,51,53,50,37,49,49,43,31,30,35,20,31,31,19,25,19,10,35,12,13,12,12,13,15,7,7,5,5,6,10,5,4,4,4,11,2,4,5,4,0,7,3,1,1,2,1,1,0,1,2,2,0,0,0,1,1,0,3,0,0,0,0,0,0
0,1,5,0,0,2,3,2,1,2,0,1,5,2,0,2,8,11,19,11,8,7,9,13,31,22,28,20,31,20,26,45,45,46,36,81,57,107,76,114,101,125,146,173,134,149,173,184,225,215,282,232,290,316,331,338,412,407,433,401,487,523,585,618,623,602,670,634,673,628,752,802,783,685,782,796,739,792,812,777,816,765,786,795,807,745,836,777,887,759,696,763,695,647,626,591,619,554,561,505,501,462,479,493,401,378,376,359,377,312,300,283,278,219,249,223,199,187,165,189,158,158,134,104,115,102,84,82,86,77,65,81,78,54,60,55,60,41,42,46,46,32,45,37,27,23,21,39,26,16,23,18,15,17,14,11,12,14,13,15,14,5,5,5,8,12,8,9,6,6,7,7,5,4,1,2,4,0,0,1,0,1,1,0,2,2,3,0,0,0,0,1,0,2,0,0,0,0,0,0
0,1,4,0,0,2,1,5,0,4,1,2,8,1,0,6,18,6,21,9,8,2,6,15,25,16,32,23,23,25,32,42,43,40,51,78,64,106,74,77,88,122,153,178,168,166,164,180,251,246,275,217,313,371,345,354,396,441,406,453,455,500,524,611,594,562,694,621,689,636,688,765,719,695,727,805,736,843,814,752,766,786,761,760,735,719,782,764,842,749,690,686,675,636,579,614,573,579,504,483,533,461,431,431,361,390,319,318,323,298,296,247,275,228,252,236,204,175,164,163,151,136,122,125,102,81,83,79,85,63,71,82,51,59,37,53,45,35,37,35,38,35,28,31,21,39,22,27,16,8,18,14,10,12,7,14,16,11,13,8,8,7,6,4,3,9,9,3,6,3,6,5,3,4,1,4,8,1,1,3,2,4,1,2,2,1,1,0,0,0,0,1,0,1,0,0,0,0,0,0
0,2,3,0,1,2,2,2,2,0,1,3,3,5,1,4,13,8,17,5,6,7,16,14,23,17,29,16,35,20,42,45,36,52,49,74,73,116,82,102,109,118,133,146,136,163,173,181,245,232,280,232,255,347,345,297,462,415,396,426,487,478,538,577,562,574,693,643,575,621,722,750,734,648,710,800,740,752,776,787,811,780,777,756,773,692,747,739,786,682,657,679,657,606,585,578,576,561,519,444,475,463,408,440,375,357,363,350,318,286,286,233,240,202,197,229,171,167,164,140,134,147,124,92,115,96,96,76,63,74,69,59,57,46,42,49,42,33,41,36,35,22,35,24,28,25,18,14,12,19,18,13,15,13,7,20,14,5,13,8,16,7,7,2,6,6,14,6,5,2,4,7,2,4,0,1,2,1,0,1,0,3,2,0,2,2,1,0,0,0,1,0,1,1,0,0,0,0,0,0
0,1,3,0,1,2,6,3,2,0,5,0,5,4,4,4,15,6,13,7,13,4,6,10,35,21,35,14,34,22,34,55,31,42,43,62,71,89,104,117,94,125,120,141,119,183,170,183,242,194,273,238,273,324,364,344,433,419,409,447,455,453,594,584,591,548,618,594,607,611,726,761,745,670,689,793,703,731,769,728,789,739,728,748,701,727,739,692,777,667,647,651,590,641,585,551,547,523,494,442,434,416,439,413,354,336,323,299,307,294,275,229,217,237,202,208,157,132,144,127,148,111,117,90,107,84,81,66,72,71,68,49,51,34,54,52,36,31,30,38,32,29,20,13,25,14,15,18,15,14,16,18,7,10,8,16,12,7,9,6,5,2,10,3,4,6,6,2,5,5,10,1,3,2,1,2,2,1,2,0,0,2,0,0,1,2,2,0,0,0,0,0,0,0,1,0,0,0,0,0
0,2,5,0,1,1,0,2,1,0,2,1,6,4,2,10,13,3,14,11,16,5,7,15,28,24,30,16,30,27,34,41,36,67,47,68,60,96,84,104,105,124,138,149,131,148,161,145,255,224,308,216,299,338,352,294,425,422,393,443,476,490,541,584,542,575,667,614,603,607,674,746,739,697,715,756,661,752,727,690,776,753,714,771,729,711,722,697,756,616,575,592,578,607,556,537,491,474,501,444,427,382,386,373,345,305,299,313,264,282,256,246,212,193,216,178,158,147,142,125,112,131,92,110,86,75,76,79,57,52,56,46,49,38,37,46,36,27,29,21,30,19,32,22,23,19,19,11,14,14,13,13,15,13,8,12,12,9,10,7,13,10,3,4,5,2,3,7,2,4,4,1,4,3,2,1,5,1,1,1,0,2,0,0,1,3,2,0,0,0,1,0,0,2,0,0,0,0,0,0
0,0,4,0,1,1,0,5,1,1,2,1,4,3,0,4,19,18,7,6,14,5,7,13,34,14,15,16,32,28,27,43,30,49,61,60,65,88,91,110,99,135,139,143,146,165,166,170,257,222,304,230,291,315,371,304,409,404,395,436,435,426,587,552,596,566,648,553,599,619,638,727,745,690,647,733,716,683,726,678,682,745,707,688,657,659,689,606,704,674,599,663,512,568,506,461,495,443,447,373,410,390,372,375,329,304,293,276,274,242,253,213,195,183,174,172,155,118,135,132,124,115,99,83,85,53,53,56,63,52,46,47,47,42,37,37,36,32,31,19,31,20,24,25,15,14,15,18,10,9,14,8,9,6,12,9,11,5,10,7,7,4,6,5,4,3,4,0,3,3,3,5,2,4,1,3,5,0,3,1,0,1,1,0,1,3,0,0,0,0,0,0,1,1,0,0,0,0,0,0
0,0,1,0,1,1,0,7,1,2,3,0,10,2,1,4,14,7,16,9,12,5,6,17,18,22,33,22,22,33,29,36,40,46,48,80,68,89,65,93,121,124,121,165,125,159,198,175,248,240,262,239,252,316,339,315,373,408,399,430,479,470,532,575,551,556,624,583,581,588,655,678,739,651,708,708,675,739,695,689,669,645,685,727,653,633,619,586,662,604,570,590,577,532,490,497,477,480,424,377,415,428,335,335,311,295,266,265,237,250,197,168,209,171,171,143,138,123,140,98,106,108,90,86,71,66,67,53,53,50,32,48,54,30,35,29,33,22,28,23,30,29,29,18,17,14,8,13,9,11,13,13,5,9,6,8,8,6,4,5,5,7,5,2,7,4,2,4,2,4,2,3,3,1,1,2,1,2,0,0,0,1,1,1,1,0,2,0,0,0,0,0,0,1,0,0,0,0,0,0
0,1,1,0,2,2,2,2,1,2,2,1,9,1,3,4,19,12,18,11,5,4,4,9,29,17,27,13,29,33,38,35,43,49,53,73,68,103,91,115,78,109,158,162,110,182,158,185,236,206,262,220,253,335,316,306,398,409,384,400,403,454,499,538,559,539,584,510,554,525,641,684,675,624,663,746,608,696,663,652,638,663,643,629,659,611,656,592,624,596,557,549,508,490,504,460,466,445,397,397,377,352,344,322,313,283,258,263,222,209,223,191,177,174,132,161,134,98,105,110,104,77,94,70,79,60,58,54,44,42,37,39,33,29,38,28,23,30,18,18,22,17,23,8,13,12,11,11,11,9,9,11,4,4,6,9,5,10,8,7,9,3,2,4,4,4,3,5,1,3,1,0,6,1,0,2,2,1,1,0,0,3,0,1,0,0,3,0,0,0,0,0,0,0,0,0,0,0,0,0
0,2,1,0,0,0,1,2,3,4,2,1,5,3,1,7,15,9,16,10,12,4,5,14,20,14,32,22,32,41,21,38,45,38,47,69,62,80,84,86,104,117,119,140,130,161,173,170,233,198,256,215,226,323,325,292,367,382,382,435,414,475,520,513,528,518,570,581,556,532,627,713,669,584,640,683,650,684,641,633,667,599,653,650,645,571,616,586,655,557,527,552,483,486,463,472,428,415,395,335,360,331,313,330,258,234,235,244,196,207,159,181,165,159,145,129,100,104,112,120,81,92,78,64,78,52,54,46,46,50,28,35,44,32,25,22,21,26,17,14,18,22,18,4,13,10,7,9,3,8,8,6,7,7,3,10,7,5,2,6,5,1,3,7,3,4,6,4,0,3,2,2,3,0,2,0,4,0,0,0,2,2,1,1,0,2,1,0,0,0,0,0,0,1,0,0,0,0,0,0
0,4,9,0,0,4,5,2,1,1,3,0,5,4,1,8,18,4,10,10,8,7,4,12,26,28,31,18,31,26,31,38,38,48,41,72,58,78,91,107,110,102,133,164,127,159,152,178,214,200,279,207,247,325,299,281,350,408,400,398,387,466,508,537,517,510,601,552,570,582,626,663,649,598,664,702,611,634,650,643,622,652,663,607,633,579,629,555,607,551,514,557,471,461,428,456,416,417,376,313,333,319,304,331,277,216,242,214,207,203,194,172,160,165,160,118,111,82,102,80,64,68,78,57,75,48,52,42,49,41,45,38,35,20,29,27,21,11,25,17,24,17,17,9,13,6,10,10,7,6,10,10,10,4,4,9,6,8,6,5,7,3,3,7,6,1,3,2,0,3,2,0,4,1,0,1,2,2,0,2,0,0,2,0,1,1,3,0,0,0,0,0,0,0,1,0,0,0,0,0
0,3,6,0,0,3,0,4,2,1,2,2,2,5,4,2,13,10,22,10,5,5,9,9,16,26,26,13,32,33,38,23,38,50,50,69,60,102,94,117,101,122,147,147,127,152,163,161,237,208,287,218,278,309,322,333,361,375,372,413,445,428,531,518,554,471,559,536,518,540,650,647,602,572,585,663,605,625,608,605,624,578,629,605,641,525,614,545,615,503,441,507,448,461,438,392,395,401,349,315,342,281,301,264,268,224,213,229,201,177,166,158,148,130,134,139,90,90,97,100,82,74,73,55,53,43,41,30,43,27,35,22,36,42,22,18,27,16,16,12,13,13,19,7,12,12,10,13,8,9,13,3,6,4,5,2,9,5,7,2,12,2,1,5,3,10,6,2,3,3,8,6,4,1,2,0,1,3,1,0,0,1,0,0,1,1,1,0,0,0,0,0,0,1,0,0,0,0,0,0
0,2,1,0,1,1,4,3,0,1,3,1,4,2,3,5,17,6,15,9,6,4,3,8,25,17,20,18,32,20,27,43,38,33,44,62,56,97,87,105,87,125,129,157,136,159,178,176,227,180,258,211,218,345,284,340,379,377,353,356,441,438,479,492,524,468,565,472,515,546,614,635,581,584,586,665,622,634,682,570,621,588,562,585,566,561,514,545,558,532,505,441,391,438,382,399,398,351,356,307,329,289,289,263,228,204,199,200,210,196,155,154,130,116,122,114,98,84,77,79,70,59,56,54,43,48,44,29,37,26,24,42,14,20,27,27,21,17,14,7,16,16,15,12,5,10,5,7,6,4,10,7,9,3,6,3,7,4,2,6,9,2,1,2,7,4,5,1,1,2,2,1,3,3,1,2,5,2,0,1,1,0,0,0,0,0,0,0,0,0,1,0,0,0,0,0,0,0,0,0
0,0,3,0,2,4,0,4,1,1,0,0,6,3,1,2,17,4,26,6,1,4,10,8,17,22,21,21,15,22,28,30,26,43,44,75,61,108,83,102,83,108,123,141,116,138,161,148,215,200,269,193,253,272,333,280,406,383,359,393,390,411,455,506,463,447,550,477,517,515,615,556,651,567,542,564,597,621,603,583,577,571,528,606,520,534,519,477,543,469,454,477,443,424,409,362,343,398,334,296,306,273,254,283,210,203,178,197,199,148,147,149,135,117,105,128,115,83,76,76,77,63,70,42,44,42,39,39,26,34,28,32,24,13,22,21,21,11,14,12,15,11,18,12,6,3,8,9,7,4,3,4,0,3,1,6,4,7,3,1,3,2,0,3,4,4,5,1,0,0,2,2,0,2,1,1,2,0,0,0,2,2,0,0,1,0,1,0,0,0,0,0,1,1,0,0,0,0,0,0
0,0,2,0,2,3,1,1,0,0,4,4,5,4,1,5,9,6,15,15,10,4,5,13,26,22,25,16,33,37,37,37,36,38,49,79,60,100,84,85,92,86,145,143,124,146,144,161,207,201,203,218,233,283,291,299,375,363,373,368,454,407,456,479,495,463,562,507,494,526,578,632,562,548,561,619,535,602,562,570,540,542,560,534,503,498,509,491,546,462,429,454,434,415,344,369,330,376,292,289,286,264,244,239,206,209,165,204,182,160,156,122,151,106,111,107,87,79,88,63,53,57,54,55,43,42,29,37,31,31,26,22,29,21,22,20,15,19,14,9,18,8,11,9,6,6,8,6,6,5,4,6,5,3,3,6,7,4,4,1,6,1,4,4,3,3,5,1,2,1,3,0,2,4,0,1,0,1,0,1,0,0,0,0,0,0,0,0,0,0,0,1,0,2,0,0,0,0,0,0
0,5,3,0,0,2,0,3,0,0,3,1,3,0,0,6,10,7,20,13,1,7,7,5,27,18,27,15,21,34,24,34,37,53,39,71,54,87,68,85,88,116,127,134,130,119,130,136,230,188,242,214,231,288,271,285,332,358,348,379,389,428,447,446,458,428,558,510,493,506,553,573,535,490,534,616,497,519,529,547,532,543,490,544,530,478,489,442,520,438,396,445,434,392,343,326,323,338,307,277,247,243,213,216,196,213,174,165,158,160,134,108,118,79,104,101,91,62,74,69,68,59,56,37,41,43,32,21,28,30,19,23,19,22,24,19,24,12,10,9,7,10,11,7,5,7,8,8,6,7,5,7,4,4,7,4,4,2,5,0,2,4,0,5,0,3,2,2,2,0,2,1,3,1,0,0,0,1,0,0,0,1,0,0,0,0,0,0,0,0,0,1,1,0,1,0,0,0,0,0
0,1,3,0,1,0,2,0,1,0,2,3,2,0,1,2,8,7,12,6,14,11,6,13,18,12,32,19,29,23,29,46,44,33,62,72,63,83,80,87,105,111,123,135,120,158,155,147,184,189,239,204,218,277,297,279,354,369,328,373,408,439,454,454,482,388,513,460,533,481,507,571,612,485,490,602,531,511,584,518,505,535,493,508,480,498,467,462,509,421,422,380,384,387,342,309,319,312,287,265,247,266,220,202,200,178,151,166,164,145,126,120,109,101,97,93,77,59,69,70,62,70,54,43,47,34,35,36,21,27,12,27,23,15,14,13,17,9,8,4,9,10,15,9,10,8,3,8,5,3,3,2,7,4,5,4,9,2,3,0,4,4,1,1,2,3,4,3,3,1,2,0,3,0,0,0,1,2,1,1,0,1,1,0,0,2,1,0,0,0,0,0,0,1,0,0,0,0,0,0
0,2,4,0,0,0,0,4,1,0,2,2,5,5,0,3,11,13,15,8,10,2,7,10,26,23,28,18,27,30,37,32,38,41,59,66,52,101,87,93,84,105,151,145,131,155,139,159,198,196,233,194,202,258,275,285,345,329,330,341,403,391,431,439,440,423,466,477,454,445,542,550,543,476,502,543,509,581,509,486,482,485,521,519,528,470,466,425,484,408,390,389,356,363,324,311,297,296,254,262,253,225,249,214,184,167,162,150,161,117,107,120,96,97,96,85,69,75,58,48,50,57,54,41,35,39,24,28,17,30,15,26,14,20,16,16,10,9,10,16,5,6,7,3,4,12,6,3,2,1,3,4,3,3,1,5,4,4,4,4,6,0,1,0,2,3,2,0,1,2,1,0,1,0,1,0,1,1,1,0,1,2,0,0,0,0,1,0,0,0,0,0,0,0,0,0,0,0,0,0
0,2,2,0,1,0,0,3,2,0,1,1,5,2,4,3,15,10,20,12,9,8,7,10,19,10,29,25,35,21,29,39,40,45,40,70,39,74,73,84,77,105,112,112,112,137,149,149,214,177,224,175,236,263,274,278,352,366,324,356,375,392,416,450,449,416,467,438,475,473,508,523,523,469,502,553,475,543,507,508,482,467,455,498,460,481,432,412,407,436,415,402,347,341,283,321,299,251,256,249,220,220,203,205,182,160,152,139,140,134,119,115,112,94,78,86,61,77,78,47,61,33,52,35,50,34,24,26,27,20,19,25,16,18,9,13,8,10,8,6,12,9,5,8,4,3,8,4,7,2,5,3,1,3,2,4,3,0,6,2,0,2,0,4,1,3,4,1,1,0,0,1,0,0,0,0,2,0,1,2,0,0,0,0,1,1,1,0,0,0,0,0,0,0,0,0,0,0,0,0
0,2,2,0,0,1,1,2,1,0,0,0,3,5,0,4,6,9,15,8,11,7,12,19,27,17,27,13,27,32,40,33,29,40,45,54,60,98,73,94,106,108,118,123,100,141,136,166,205,176,219,159,213,269,272,237,338,350,293,336,352,360,430,468,419,427,473,443,409,462,509,544,516,519,480,548,469,513,510,464,470,488,438,444,431,410,429,403,408,378,384,359,336,314,329,278,280,279,216,221,202,200,202,175,172,164,152,140,141,112,104,96,96,79,82,83,65,54,55,54,48,39,57,29,28,34,24,17,20,18,23,15,13,13,12,15,10,11,7,12,5,7,12,8,4,5,5,7,4,0,2,2,4,5,2,4,2,4,1,2,4,0,1,1,0,1,4,1,2,1,1,1,2,1,1,0,2,0,0,0,0,2,0,0,0,0,0,0,0,0,0,0,0,0,0,0,0,0,0,0
0,1,1,0,0,0,0,3,1,0,2,0,5,4,1,3,10,5,18,6,8,14,8,16,22,25,26,19,28,19,29,29,34,32,40,64,61,102,72,73,75,100,102,133,102,129,152,143,226,209,209,189,205,253,241,230,307,306,318,326,378,382,455,449,399,385,440,434,448,473,491,548,476,408,451,493,470,477,472,464,445,434,437,478,441,387,446,398,398,339,371,358,358,322,276,258,277,277,226,232,200,203,208,174,174,142,145,132,114,122,99,104,97,78,74,67,64,47,52,53,62,55,33,37,27,30,28,18,25,24,13,18,14,12,13,13,11,5,8,6,9,10,7,3,6,3,3,4,4,9,6,6,1,2,2,4,3,0,2,2,6,2,1,3,0,2,2,1,0,3,0,2,2,1,0,0,3,0,1,0,1,0,1,0,0,0,0,0,0,0,0,0,0,2,0,0,0,0,0,0
0,0,4,0,0,0,1,1,2,0,2,0,9,6,0,5,10,11,10,6,9,2,6,10,30,15,33,11,24,27,28,34,28,45,37,65,47,86,67,69,105,115,89,113,113,142,142,145,170,186,253,155,242,256,248,269,290,327,342,319,327,335,371,439,374,445,476,413,404,440,471,524,488,437,490,486,452,483,440,447,473,410,427,426,442,389,364,390,463,347,357,343,327,308,277,263,274,261,197,193,190,198,181,177,159,152,134,111,121,118,97,90,86,69,82,83,45,54,48,48,36,44,37,23,30,26,22,19,26,14,14,14,19,16,15,8,15,7,8,7,7,11,6,5,1,2,4,4,3,3,5,2,5,1,0,2,1,3,1,5,3,1,1,2,0,2,1,2,0,2,2,0,1,0,0,0,1,1,0,0,0,0,0,0,2,1,0,0,0,0,0,0,0,1,0,0,0,0,0,0
0,1,6,0,0,1,1,3,1,1,1,0,3,2,2,3,10,8,18,1,12,5,7,10,31,19,30,24,22,30,24,38,31,38,32,58,56,101,90,80,86,113,112,129,86,144,137,138,178,179,215,174,193,249,219,239,318,339,299,299,328,336,399,385,394,391,444,428,450,423,445,511,464,442,441,525,455,491,420,413,452,410,411,396,399,353,413,337,396,324,316,324,281,266,260,253,254,234,236,195,207,160,156,157,155,148,126,126,120,100,77,76,76,77,80,67,50,48,44,53,41,29,41,30,31,19,22,13,16,18,14,19,16,12,9,11,10,11,6,5,13,3,9,3,1,9,3,5,3,5,3,4,2,1,4,4,3,1,0,5,1,2,2,0,1,1,1,1,1,2,1,2,0,0,0,1,2,0,1,0,0,0,0,1,0,1,1,0,0,0,0,0,0,1,0,0,0,0,0,0
0,1,2,0,1,1,1,2,1,1,2,2,4,5,0,3,12,10,13,3,14,4,5,7,25,21,29,13,21,21,27,26,32,53,39,45,56,96,72,77,70,115,135,117,103,127,158,139,212,174,226,174,191,272,261,234,266,298,306,320,310,376,385,374,387,386,392,413,393,430,451,429,468,416,453,487,429,419,418,419,438,401,399,381,373,340,390,362,389,319,316,314,275,275,225,257,245,228,242,180,167,189,166,164,134,121,111,128,126,85,113,88,85,63,68,52,43,50,47,30,32,22,38,26,19,19,21,16,17,13,19,7,6,8,13,7,6,6,7,6,9,8,7,6,1,2,0,4,3,0,4,6,3,2,2,1,3,2,3,3,1,2,2,1,1,0,0,0,0,0,2,2,1,0,0,0,0,0,0,1,0,0,0,0,0,1,0,0,0,0,0,1,0,0,1,0,0,0,0,0
0,0,2,0,1,2,2,5,0,1,5,1,2,3,0,6,16,4,12,7,6,4,8,8,24,19,30,15,21,25,25,35,28,42,26,69,47,84,72,92,73,101,114,137,94,125,109,137,191,162,201,172,213,260,261,225,295,284,288,331,284,331,411,359,423,370,403,393,369,404,460,471,448,396,424,469,413,410,452,396,392,392,415,369,440,343,366,348,349,344,282,300,252,260,244,252,232,226,201,183,190,178,160,161,123,117,103,106,103,89,88,66,70,54,68,54,52,40,42,30,30,28,31,26,16,19,24,14,10,8,13,12,15,4,11,7,7,4,5,7,8,1,7,7,2,1,1,3,2,1,4,2,1,1,0,0,3,0,2,3,0,3,0,0,0,3,1,1,1,4,1,0,0,0,0,0,0,0,0,1,0,0,0,0,1,0,2,0,0,0,0,0,0,0,0,0,0,0,0,0
0,1,3,0,0,2,3,0,1,2,1,1,4,3,1,3,6,7,8,9,7,8,2,9,20,20,23,10,27,18,28,36,32,38,34,75,46,83,64,74,75,89,119,108,109,137,111,136,192,172,204,149,209,224,222,223,292,298,266,308,297,321,330,388,381,368,468,382,390,415,418,447,462,430,417,483,370,426,458,400,409,404,381,373,323,377,368,313,335,323,313,289,267,238,233,243,223,204,198,176,152,160,142,124,126,118,103,114,91,74,78,76,61,60,69,65,34,38,25,39,33,36,46,16,14,15,17,15,16,18,10,13,14,5,7,11,9,2,6,6,5,6,6,2,2,4,0,3,2,1,7,2,1,0,2,2,0,1,1,0,0,3,1,0,1,0,0,0,0,3,0,1,0,0,0,0,0,1,1,0,0,1,1,0,0,0,1,0,0,0,0,0,0,1,0,0,0,0,0,0
0,1,3,0,1,0,0,2,0,0,1,2,9,0,1,2,12,1,10,6,8,5,8,9,23,12,20,17,23,14,36,34,29,31,45,60,44,61,56,83,80,86,96,129,98,134,136,127,181,158,172,153,188,267,206,204,287,282,287,296,335,288,344,340,349,368,445,332,333,388,399,419,404,378,407,417,383,430,383,384,362,350,374,349,347,346,375,307,364,287,290,277,248,264,229,245,214,194,212,193,163,143,152,155,122,107,103,106,93,81,70,75,72,62,53,46,45,27,33,23,32,34,27,26,24,15,25,14,12,11,11,9,10,8,8,7,4,6,7,2,4,5,3,1,2,4,3,1,3,1,3,4,0,0,0,1,3,0,1,1,2,3,0,2,0,1,1,0,1,1,1,1,2,1,0,0,2,0,0,0,0,0,0,0,0,0,0,0,0,0,0,0,0,1,0,0,0,0,0,0
0,1,1,0,2,2,3,2,1,2,2,0,3,0,1,2,12,8,16,5,4,8,7,8,21,18,20,17,22,21,25,36,34,35,41,74,49,86,69,83,68,75,94,123,114,133,120,135,162,163,214,173,202,215,215,246,261,292,258,291,327,317,356,389,367,320,400,350,364,368,418,439,390,361,376,451,346,387,422,378,365,321,361,331,327,306,348,320,332,313,264,285,235,242,236,220,230,208,181,162,161,169,126,134,99,106,102,88,100,83,89,51,70,49,66,52,33,28,32,32,37,36,16,17,20,6,16,20,12,13,9,16,10,7,11,7,3,3,6,7,3,7,4,3,0,3,0,1,3,3,3,2,0,1,0,3,1,0,2,1,0,0,1,0,0,0,0,2,0,1,0,1,0,1,1,0,0,0,0,0,0,1,0,0,1,0,0,0,0,0,0,0,0,0,0,0,0,0,0,0
0,3,2,0,1,3,0,2,0,0,1,1,5,2,0,4,5,8,18,9,4,6,8,16,23,16,23,17,23,14,26,22,32,37,40,51,46,82,71,78,83,75,129,129,95,138,128,118,177,156,224,160,188,249,234,226,265,285,266,293,287,322,334,361,336,303,389,365,360,336,416,392,429,342,350,398,381,363,362,349,377,341,362,347,349,340,311,321,292,268,266,264,210,231,223,218,209,177,152,149,162,136,115,136,109,95,83,99,84,79,57,59,52,51,56,48,34,23,32,30,23,38,33,16,22,14,17,18,14,14,7,11,7,12,5,9,4,11,4,5,5,4,3,4,3,5,3,2,3,1,3,1,2,0,1,1,0,2,1,1,1,1,0,1,0,1,1,1,1,1,0,3,1,3,0,1,0,0,0,0,0,0,0,0,0,0,0,0,0,0,0,0,0,2,0,0,0,0,0,0
0,0,4,0,0,1,2,0,0,1,1,0,3,5,1,2,11,8,12,11,4,5,9,12,21,17,18,13,24,31,29,29,24,38,39,44,52,71,52,83,71,88,87,107,83,114,104,136,182,158,164,153,178,251,224,216,306,249,241,281,300,279,360,360,344,311,436,338,340,357,402,419,385,334,348,393,329,391,366,319,374,329,347,352,313,286,272,274,280,270,228,276,228,222,189,194,199,161,155,148,143,138,131,133,107,73,77,104,82,73,75,78,59,45,55,47,32,30,38,29,20,28,30,18,15,21,17,9,7,5,10,14,6,8,6,6,2,4,5,4,3,2,2,2,1,3,2,1,2,0,2,0,1,2,0,2,2,1,0,1,0,1,0,0,3,1,2,0,1,0,1,0,1,1,0,0,1,0,0,0,0,0,0,0,0,1,0,0,0,0,0,0,0,0,0,0,0,0,0,0
0,2,4,0,0,0,1,2,1,1,2,0,2,2,1,1,13,3,12,8,8,3,5,6,18,12,22,17,22,24,12,32,33,41,29,60,41,82,60,71,89,67,104,112,86,102,108,106,174,157,165,144,178,210,222,207,289,258,255,308,270,301,324,343,362,342,371,313,312,365,359,397,340,324,339,404,330,411,359,338,374,299,370,335,283,303,293,294,322,225,261,231,218,192,209,221,183,149,167,159,141,129,109,118,92,107,72,93,67,66,55,57,52,69,48,37,46,39,41,25,39,20,20,10,22,11,16,6,9,7,5,9,3,3,7,4,4,4,4,2,3,1,3,5,0,1,2,1,1,1,2,2,1,0,0,2,4,0,0,0,0,1,0,1,0,0,0,0,0,0,1,0,1,0,0,0,1,1,1,0,0,0,1,0,0,0,0,0,0,0,0,0,0,0,1,0,0,0,0,0
0,2,2,0,0,3,4,0,0,1,2,0,2,2,0,3,8,1,14,8,8,5,10,5,15,20,22,13,20,19,31,23,33,34,32,49,59,74,53,82,87,81,106,112,79,105,110,131,162,127,193,137,165,220,212,185,239,298,231,291,279,279,295,333,344,307,372,342,313,323,352,407,362,304,335,322,316,354,332,336,352,338,320,327,324,296,270,252,307,240,247,237,191,204,182,193,178,186,150,142,156,128,122,107,111,79,97,80,80,69,54,59,47,48,49,35,38,33,26,34,19,25,18,18,22,9,12,11,15,10,7,5,8,2,6,2,6,3,5,7,4,6,7,1,0,4,0,5,3,0,2,1,0,0,2,0,4,0,2,0,0,0,1,0,0,1,0,0,0,0,0,0,0,1,0,0,0,0,0,3,0,0,0,0,0,0,1,0,0,0,0,0,0,0,1,0,0,0,0,0
0,1,2,0,0,2,0,2,0,0,2,1,1,3,0,2,8,5,10,5,9,2,6,9,21,10,24,20,25,22,25,20,32,29,26,58,40,62,63,65,82,76,113,107,78,101,102,116,159,129,196,145,186,206,224,202,229,238,256,237,261,281,332,294,349,314,367,361,311,350,355,355,372,322,310,353,296,307,333,316,300,313,295,280,272,270,293,253,287,252,243,221,211,202,206,153,181,174,139,149,123,109,103,119,94,80,71,80,70,67,59,49,61,42,53,38,41,28,37,22,22,19,20,15,13,13,12,9,11,6,9,6,7,7,7,3,3,3,3,2,1,4,2,4,1,2,2,1,0,3,3,0,1,2,2,4,0,0,1,0,0,0,0,1,0,1,2,0,1,0,1,0,0,1,1,0,1,0,0,1,0,1,0,0,0,1,0,0,0,0,0,0,0,0,0,0,0,0,0,0
0,0,3,0,1,2,0,1,0,0,1,3,5,2,0,6,9,12,19,6,6,6,6,12,21,15,16,16,29,28,25,38,26,31,39,53,49,67,46,55,64,81,89,98,88,96,113,134,150,138,184,128,170,195,198,218,230,248,207,250,238,272,345,330,311,272,380,282,309,325,365,369,330,288,314,333,338,341,357,299,307,294,307,302,279,258,270,271,228,238,245,224,189,176,169,190,155,177,149,125,127,110,124,121,89,91,76,72,66,60,59,54,46,33,34,42,31,22,26,27,22,19,24,12,15,8,12,8,11,12,4,11,6,9,7,7,7,3,3,2,3,4,3,1,1,3,1,0,1,0,2,2,0,1,1,2,3,1,2,1,1,1,0,0,1,1,0,0,1,0,0,0,0,3,0,0,0,0,1,0,0,0,0,0,0,1,0,0,0,0,0,0,0,0,0,0,0,0,0,0
0,1,2,0,2,1,1,3,0,0,2,3,7,3,0,3,11,12,13,2,3,3,5,13,24,16,24,13,19,17,19,34,30,22,41,50,45,60,74,68,78,81,85,111,73,100,117,105,133,134,187,133,194,197,198,190,243,230,243,244,265,259,301,303,294,270,314,309,287,332,346,330,346,299,286,356,306,322,281,282,311,294,313,287,288,250,225,234,242,228,219,217,203,184,179,151,168,145,135,124,98,116,108,88,71,69,73,92,52,58,45,48,36,41,46,32,29,18,20,19,21,22,12,11,23,12,8,6,8,7,9,6,12,5,2,6,2,5,4,4,5,4,2,2,2,0,1,2,0,3,0,1,1,0,0,0,0,0,2,0,1,0,0,1,0,1,1,0,0,1,0,0,2,2,1,0,0,0,1,0,0,0,0,0,0,0,0,0,0,0,0,0,0,0,0,0,0,0,0,0
0,2,1,0,0,3,1,2,0,1,2,1,4,6,0,5,7,5,13,6,7,5,3,12,17,24,16,14,24,16,24,26,28,33,35,49,43,60,58,59,68,79,86,106,80,120,109,88,143,133,157,124,178,211,189,184,247,231,204,256,256,222,285,279,298,253,341,283,306,306,348,348,346,289,286,325,289,341,354,304,304,301,289,251,266,248,241,227,226,211,196,199,195,196,165,177,149,148,138,108,111,102,101,78,92,81,75,57,71,51,56,31,37,51,40,29,25,25,28,31,14,25,28,17,7,10,9,8,9,5,4,5,4,6,8,7,3,6,4,7,4,8,4,2,2,1,1,1,1,1,0,0,1,0,0,2,1,1,0,0,0,0,1,0,3,0,1,0,0,0,1,1,0,0,1,2,0,1,1,1,0,0,0,0,0,0,0,0,0,0,0,0,0,0,0,0,0,0,0,0
0,0,3,0,0,0,0,5,2,1,2,2,5,3,0,4,6,5,6,6,11,6,4,12,18,10,21,11,16,34,26,33,18,33,24,48,41,72,49,69,77,73,92,91,70,122,74,94,122,133,177,130,172,198,199,182,205,241,215,246,213,260,278,316,294,270,319,317,249,303,343,336,324,268,302,325,291,319,285,254,289,261,261,252,242,230,270,194,231,204,190,187,176,177,158,155,139,149,116,102,106,101,81,102,73,73,53,78,68,55,58,42,44,30,38,24,37,26,19,18,22,17,11,23,16,13,5,11,10,11,10,6,6,3,4,10,0,4,3,0,5,2,1,1,0,1,2,4,0,0,2,0,0,1,0,0,0,1,1,1,3,1,0,1,0,2,1,3,0,0,0,1,0,1,0,0,0,0,0,1,0,2,0,0,0,0,0,0,0,0,0,0,0,0,0,0,0,0,0,0
0,0,1,0,1,1,0,0,2,0,2,2,4,3,0,1,5,4,9,7,6,6,5,9,22,18,19,10,22,22,26,23,24,32,31,31,31,58,62,74,66,69,83,106,73,86,107,121,144,142,157,128,152,170,171,176,215,233,216,220,263,258,288,265,281,271,312,268,288,269,333,322,290,280,294,299,270,286,296,300,260,267,249,280,261,223,208,203,237,193,197,197,159,150,120,148,138,141,134,117,96,75,91,77,78,69,66,62,50,43,46,52,36,34,37,23,23,25,12,17,11,12,18,16,13,12,2,3,5,8,10,4,6,9,4,6,9,2,1,2,2,3,1,0,1,0,0,0,1,2,0,1,1,0,0,0,2,0,3,0,0,0,0,0,0,0,1,2,1,1,1,0,1,0,0,0,1,0,0,0,0,0,0,0,1,0,1,0,0,0,0,0,0,0,1,0,0,0,0,0
0,0,3,0,1,1,3,3,1,0,1,1,4,1,0,1,7,5,12,3,4,4,2,6,22,13,16,8,12,23,28,32,25,26,27,52,46,52,57,65,62,70,72,98,80,91,78,104,144,124,153,125,159,194,187,168,219,201,208,244,226,215,270,263,265,280,308,283,260,288,311,301,294,265,299,322,280,268,274,285,261,245,256,219,258,224,200,230,213,169,174,181,165,146,160,151,148,119,107,107,112,93,74,79,86,77,73,71,52,52,49,47,52,30,32,28,22,22,29,14,17,18,8,12,9,14,9,4,12,5,7,7,4,4,4,3,5,1,4,4,3,4,1,0,1,3,0,2,1,1,1,2,1,0,1,1,0,0,0,0,0,0,0,1,1,0,0,0,1,0,0,0,1,0,0,0,1,0,0,0,0,1,0,0,0,0,0,0,0,0,0,0,0,0,0,0,0,0,0,0
0,2,1,0,2,1,1,2,0,0,1,3,1,2,2,3,5,7,8,10,9,7,8,1,20,12,18,11,19,25,20,25,22,22,37,34,43,52,49,63,59,71,87,82,60,94,88,104,155,131,139,130,143,170,168,189,209,214,237,210,222,222,239,268,256,247,247,265,270,280,306,304,296,247,271,278,246,272,264,235,295,243,236,256,228,213,203,190,200,181,191,174,137,156,132,114,103,127,108,93,107,101,86,71,71,47,51,47,53,40,43,35,38,32,33,21,29,31,13,15,12,12,13,8,6,12,7,13,3,5,4,7,0,5,1,3,2,2,5,1,3,3,0,3,2,1,1,2,1,2,2,0,1,0,0,1,0,0,0,0,0,1,1,0,0,0,0,0,1,0,1,0,1,1,0,0,0,0,0,0,0,0,0,0,0,0,0,0,0,0,0,0,0,1,0,0,0,0,0,0
0,1,3,0,0,4,2,1,0,1,0,1,2,0,0,2,3,5,13,8,6,2,7,5,14,12,14,13,15,15,21,25,24,27,19,44,35,66,53,58,58,72,89,82,62,102,81,106,114,115,158,125,129,161,173,160,206,212,191,218,240,256,240,228,226,244,293,251,248,283,281,307,267,259,262,272,228,269,268,232,254,230,219,215,204,179,191,202,212,168,154,165,155,169,130,135,116,105,93,100,103,81,77,75,70,50,47,54,57,50,51,28,26,24,32,29,29,28,16,15,14,16,12,10,6,10,2,4,7,5,4,5,5,4,6,3,6,1,1,3,2,1,0,0,1,2,1,1,1,1,1,1,0,0,1,0,2,0,2,0,0,1,0,0,0,1,1,1,0,0,1,1,0,0,0,0,1,1,0,0,0,0,0,0,0,0,0,0,0,0,0,0,0,0,0,0,0,0,0,0
0,1,4,0,1,1,0,1,0,0,0,0,4,2,0,1,9,3,15,8,4,4,3,7,23,7,16,11,16,18,11,19,20,23,35,42,26,46,61,61,62,73,87,92,71,75,95,90,129,126,165,115,132,168,134,133,214,205,185,223,221,210,260,242,225,242,275,245,236,226,289,267,299,236,252,283,227,261,275,207,259,234,235,200,216,164,206,187,196,183,154,137,154,140,134,118,119,131,88,86,92,94,92,77,55,66,48,49,47,45,43,42,31,28,31,24,27,16,22,17,13,9,17,9,10,12,5,4,7,2,2,4,1,1,0,2,5,3,0,1,1,1,2,0,3,0,1,2,1,1,2,0,0,1,1,0,0,1,0,0,1,0,0,0,0,0,0,0,3,0,1,0,0,0,0,0,1,0,0,0,0,0,0,0,0,0,0,0,0,0,0,0,0,0,0,0,0,0,0,0
0,2,2,0,1,1,2,2,1,0,4,1,1,3,1,4,6,4,5,7,6,4,4,6,10,15,23,14,21,16,22,23,19,29,36,31,33,61,48,72,58,80,61,93,69,101,87,88,121,108,142,113,118,170,160,170,169,206,213,194,219,199,218,237,259,205,251,253,229,243,257,292,268,225,244,279,246,198,242,227,243,205,211,183,211,203,209,173,196,192,180,172,142,136,137,99,130,109,96,98,82,91,88,82,64,50,43,59,42,45,37,29,19,23,21,21,22,17,11,8,13,18,10,8,9,4,2,8,6,7,6,4,4,3,0,1,1,1,1,5,1,4,0,1,3,1,1,1,1,1,2,1,1,1,0,0,0,0,1,1,0,2,1,1,1,0,0,1,0,0,0,0,1,0,0,0,0,0,0,0,0,0,0,0,0,0,0,0,0,0,0,0,0,1,0,0,0,0,0,0
0,0,2,0,0,2,1,0,0,0,1,0,2,1,0,3,5,4,7,4,7,2,7,14,22,12,18,13,27,18,14,27,32,21,40,41,29,72,51,59,58,72,79,82,61,83,95,84,144,101,135,116,127,167,141,147,181,203,201,199,217,174,282,243,236,228,279,227,230,250,277,290,282,198,244,243,255,239,238,210,237,205,229,215,212,184,186,183,183,172,143,135,142,140,118,101,117,100,91,72,61,81,67,56,49,64,42,49,39,42,20,36,21,39,18,24,23,16,23,13,10,9,14,12,14,7,4,8,3,5,2,4,5,3,1,5,2,1,0,4,2,0,1,1,0,1,2,1,0,0,2,1,0,0,0,1,0,2,1,0,0,0,1,0,1,0,0,1,0,0,1,1,0,0,0,1,1,0,0,0,0,0,0,0,1,0,0,0,0,0,0,0,0,0,0,0,0,0,0,0
0,0,4,0,0,0,1,2,1,0,3,1,2,1,0,1,5,5,7,1,4,5,5,13,22,14,21,8,20,18,10,33,24,20,32,38,35,56,43,65,59,59,92,77,79,88,83,81,146,108,119,117,122,141,154,142,199,165,182,171,185,208,214,223,212,223,250,250,235,237,267,256,248,229,235,246,243,238,245,199,237,197,221,193,209,177,182,174,202,158,146,158,132,135,116,95,122,90,98,80,73,69,61,65,54,43,44,44,38,40,39,20,26,20,24,21,21,19,17,13,4,12,13,7,9,8,6,4,6,6,5,4,2,3,5,5,2,3,6,2,2,3,1,0,0,0,1,1,1,0,2,1,1,0,1,1,1,0,2,0,1,0,0,0,0,0,0,0,0,0,0,0,0,0,0,0,1,0,0,0,0,0,0,0,0,0,0,0,0,0,0,0,0,0,0,0,0,0,0,0
0,2,3,0,0,1,0,0,0,0,2,1,2,2,1,2,4,4,12,10,7,4,8,6,21,8,14,7,16,18,20,11,14,20,27,41,49,39,52,51,63,66,63,75,77,81,84,101,124,100,140,107,126,147,163,137,194,189,164,209,194,230,214,236,229,217,238,202,213,209,298,263,259,242,246,216,237,243,232,187,204,182,202,198,180,163,168,177,167,149,164,152,127,137,110,114,99,99,83,82,82,65,60,48,49,50,47,49,35,40,32,26,26,22,17,18,15,21,21,10,14,13,7,7,10,2,3,6,3,5,3,3,1,7,0,2,3,1,2,1,0,3,0,2,1,0,0,0,1,0,0,1,0,0,0,1,1,0,0,1,0,0,0,0,1,0,0,0,0,0,0,0,0,1,0,0,0,0,0,0,0,0,0,0,0,0,0,0,0,0,0,0,0,0,0,0,0,0,0,0
0,2,1,0,0,1,0,0,1,1,0,1,4,1,1,0,7,1,6,5,2,1,2,8,18,16,20,6,17,13,25,17,19,34,30,51,39,59,53,55,45,91,78,99,70,89,73,75,128,104,129,98,135,140,147,126,171,154,179,182,181,209,204,220,206,191,242,228,213,240,248,222,235,197,255,231,232,244,225,211,188,191,208,209,201,155,154,144,177,148,125,148,114,128,107,104,96,120,92,74,65,87,53,63,56,43,52,44,43,44,33,25,23,21,24,26,12,10,12,14,6,14,7,14,5,6,7,3,4,4,4,4,3,7,1,1,2,1,0,1,1,0,0,0,0,0,0,2,0,0,1,1,0,1,0,1,0,0,1,0,1,1,0,2,0,0,0,0,0,0,0,0,0,1,0,0,0,0,0,0,0,0,0,0,0,0,0,0,0,0,0,0,0,0,0,0,0,0,0,0
0,1,0,0,0,1,1,2,0,0,1,1,2,1,2,0,5,3,6,1,2,3,6,4,18,14,19,9,13,17,18,25,17,28,23,37,40,38,44,51,55,56,60,81,72,68,71,97,117,92,142,96,127,138,158,120,153,193,155,162,195,166,223,211,221,197,228,221,216,228,248,225,221,192,221,232,187,236,190,197,180,196,181,182,178,136,152,150,174,153,118,150,101,106,105,94,109,89,83,73,66,65,65,52,53,38,42,40,29,29,25,29,30,24,26,19,17,19,9,8,9,13,12,7,3,7,6,7,4,1,5,2,7,2,1,4,7,1,3,0,0,2,1,3,0,1,0,0,1,0,2,0,0,2,1,0,0,0,0,0,0,0,0,0,1,1,0,0,1,0,0,0,0,0,0,0,0,0,0,0,0,0,0,0,0,0,0,0,0,0,0,0,1,0,0,0,0,0,0,0
0,0,0,0,0,1,3,1,1,0,3,2,5,0,2,1,5,5,9,7,5,7,6,12,12,8,18,7,8,13,11,29,22,24,18,37,31,41,44,43,38,53,71,88,85,81,68,88,123,107,139,99,123,136,138,115,149,182,180,191,183,172,222,213,229,208,228,208,213,195,232,228,208,223,185,233,206,223,200,176,186,178,184,162,154,168,155,141,160,137,128,138,115,122,92,120,81,90,75,76,65,71,56,61,45,48,33,40,37,39,30,26,16,23,17,12,14,13,9,10,13,9,5,10,9,6,2,6,3,7,1,2,2,1,2,6,1,0,1,1,1,2,3,2,1,1,0,1,0,0,1,0,0,0,0,0,0,0,1,0,0,0,0,0,0,0,0,0,0,0,0,0,0,0,0,0,1,1,0,0,0,0,0,0,0,0,0,0,0,0,0,0,0,0,0,0,0,0,0,0
0,0,3,0,1,1,0,1,2,0,1,1,3,0,1,2,2,2,10,4,7,5,3,9,15,8,17,16,17,11,12,23,24,18,23,46,27,53,35,54,53,61,81,75,59,93,68,79,101,106,131,99,126,118,116,108,151,159,157,154,176,168,186,203,183,199,211,197,212,213,227,229,235,186,210,228,192,202,191,179,190,185,179,166,171,148,144,134,155,119,126,123,107,104,90,92,83,83,70,69,72,58,56,50,63,39,28,51,38,36,19,25,27,21,18,18,17,15,9,13,15,7,10,8,7,6,7,4,3,6,0,6,2,2,1,2,1,1,0,3,1,3,1,4,1,2,1,0,0,0,1,0,0,0,1,0,1,0,0,0,0,0,0,0,0,0,0,0,1,0,0,0,0,0,0,0,0,0,0,0,0,0,0,0,0,0,0,0,0,0,0,0,0,0,0,0,0,0,0,0
0,0,6,0,0,0,1,2,0,0,0,1,5,4,0,0,8,5,11,9,4,4,3,3,12,9,11,7,20,7,16,18,19,27,24,36,22,51,50,53,35,54,66,71,47,74,74,79,96,85,131,117,123,128,150,124,186,163,136,176,175,165,227,181,201,184,194,191,191,213,195,221,231,186,198,211,195,182,172,181,182,161,164,161,145,139,165,148,133,124,116,127,101,102,89,89,77,89,88,69,54,64,61,52,35,29,35,37,40,23,37,26,18,24,15,13,11,15,8,10,10,11,14,8,10,6,3,2,4,7,2,3,0,1,1,0,0,3,5,1,4,2,1,2,1,1,0,0,1,1,1,0,0,2,0,0,0,0,1,0,0,0,0,0,0,0,0,1,0,0,1,0,0,0,0,0,1,0,0,0,0,0,0,0,0,1,0,0,0,0,0,0,0,0,0,0,0,0,0,0
0,0,1,0,0,0,0,0,1,0,2,0,0,1,2,1,5,3,12,3,4,2,4,3,15,7,18,10,21,7,15,19,13,25,18,33,40,49,41,52,40,49,70,57,53,69,74,73,101,97,132,79,111,110,144,146,155,151,122,167,186,154,186,185,152,197,206,196,189,171,184,210,212,186,191,201,186,188,190,180,188,157,163,167,155,157,174,124,134,103,112,96,96,92,91,69,84,82,61,60,57,57,50,43,28,42,30,35,27,32,22,25,26,18,17,15,16,14,13,10,6,11,6,4,2,5,2,6,3,1,3,2,5,3,3,1,1,2,1,2,1,1,1,0,0,1,1,0,0,0,2,0,0,0,0,0,0,0,0,0,0,0,0,1,0,0,0,0,0,0,1,0,2,0,0,0,0,0,0,0,0,0,0,0,0,0,1,0,0,0,0,0,0,0,0,0,0,0,0,0
0,0,2,0,0,0,0,0,0,0,1,2,3,2,0,4,4,4,11,6,4,1,1,4,20,5,11,14,16,15,17,20,24,33,21,37,38,44,24,43,50,62,60,84,60,54,73,72,102,71,99,98,109,121,116,124,163,141,141,177,134,170,184,172,190,164,207,170,164,183,202,191,235,190,182,187,161,175,212,173,172,171,151,156,166,135,151,127,130,134,105,100,93,88,87,88,74,75,71,73,73,58,52,42,25,45,21,26,26,34,22,21,26,19,12,14,12,14,7,10,8,7,10,6,11,2,3,7,2,1,2,4,0,1,2,2,0,0,1,0,0,1,0,0,0,0,1,1,0,1,1,0,0,0,0,1,0,0,0,1,1,0,0,1,0,0,0,0,0,0,0,0,0,1,0,0,0,0,0,0,0,0,0,0,0,0,1,0,0,0,0,0,0,0,0,0,0,0,0,0
0,0,1,0,1,1,0,1,0,0,1,0,3,3,0,1,8,4,13,6,2,4,1,7,9,10,17,7,14,14,13,26,21,20,20,31,27,45,37,48,38,54,71,67,57,84,71,68,96,72,102,76,107,125,116,102,140,147,143,150,148,162,165,149,185,156,230,189,151,189,218,226,187,162,171,201,180,207,176,145,144,173,159,151,147,114,119,124,133,115,107,106,79,84,69,93,85,70,63,63,60,55,46,33,35,37,28,25,26,29,27,24,22,20,19,10,6,9,8,14,8,4,5,6,9,7,4,4,6,4,1,1,4,2,4,2,2,1,0,0,1,0,2,0,0,0,1,3,0,0,0,1,0,0,0,0,1,1,0,1,0,0,0,0,1,0,0,0,0,0,0,0,0,0,0,0,0,1,0,0,0,0,0,0,0,0,0,0,0,0,0,0,0,0,0,0,0,0,0,0
0,1,0,0,0,2,1,2,2,1,2,0,1,4,0,4,4,8,5,5,2,2,9,1,12,12,13,7,11,14,16,16,23,17,16,27,28,44,34,45,47,47,66,82,59,72,78,79,98,82,94,88,89,125,102,116,151,142,155,144,149,154,188,164,170,144,194,171,172,162,196,215,194,150,142,205,167,180,174,163,158,147,156,151,143,120,136,106,112,122,91,99,81,89,70,82,73,68,58,62,50,59,39,48,35,31,26,44,31,31,30,14,21,19,16,20,12,12,5,8,5,9,8,11,6,4,1,6,2,3,3,6,3,1,3,0,0,0,2,0,0,0,2,1,0,1,0,0,0,0,0,0,0,1,0,0,1,0,0,1,1,0,0,1,0,0,2,0,0,0,0,0,0,0,0,0,0,0,0,0,0,0,0,0,0,0,1,0,0,0,0,0,0,0,0,0,0,0,0,0
0,0,2,0,0,0,0,0,1,0,2,0,1,1,0,3,6,6,5,1,5,3,3,4,9,5,14,9,24,13,18,15,16,24,22,26,23,42,34,56,35,54,57,67,71,66,64,55,91,94,86,75,103,123,131,129,131,132,129,166,165,147,187,161,148,163,211,179,159,147,175,204,161,169,173,158,180,165,166,132,151,160,138,131,110,123,109,106,121,103,100,92,78,82,90,75,64,64,62,50,50,49,44,36,31,38,34,31,24,23,15,24,12,11,14,8,8,12,9,5,6,8,4,9,9,3,2,6,3,2,4,2,2,0,0,2,1,1,2,0,0,2,0,2,1,0,0,1,0,0,0,0,0,0,0,0,0,0,0,0,0,0,0,0,0,1,0,0,0,0,0,0,0,0,0,0,0,0,0,0,0,0,0,0,0,0,0,0,0,0,0,0,0,0,0,0,0,0,0,0
0,1,3,0,0,0,1,3,1,0,1,1,1,2,0,1,6,4,6,2,4,4,5,4,10,6,18,8,19,16,15,17,17,18,25,36,28,47,37,45,44,39,57,68,54,72,62,69,101,87,103,70,102,115,104,124,138,126,132,126,158,144,196,172,175,155,193,171,155,162,179,175,173,159,170,189,170,156,143,132,134,140,140,120,119,118,142,114,107,105,98,90,97,81,69,56,57,68,44,56,55,41,33,48,30,27,30,28,20,22,13,9,18,17,16,10,14,2,9,11,12,4,9,4,8,3,1,3,6,2,0,6,3,1,1,0,0,1,0,3,1,0,0,0,0,0,0,3,1,0,1,0,0,0,0,0,0,2,0,0,0,1,0,0,0,0,1,0,0,0,0,0,1,0,0,0,1,0,0,0,0,0,0,0,0,0,0,0,0,0,0,0,0,0,0,0,0,0,0,0
0,2,0,0,1,1,3,2,3,1,3,0,1,0,0,1,7,1,9,8,5,4,1,4,7,2,19,7,15,15,10,19,15,25,29,37,31,54,26,34,37,43,57,61,42,67,52,66,87,68,102,67,92,123,114,88,150,133,150,133,130,140,154,182,173,142,194,162,156,141,144,182,184,136,140,170,125,146,169,127,158,158,141,128,135,116,117,97,134,91,99,76,57,70,63,50,58,66,58,47,44,53,46,39,28,29,29,28,28,24,18,16,11,17,15,15,7,11,9,11,7,7,5,5,4,2,2,4,1,1,2,2,1,0,3,4,1,0,0,2,0,0,3,0,0,0,0,1,0,0,1,0,0,0,0,1,0,1,0,0,0,0,0,0,0,0,0,0,0,0,0,0,1,2,0,0,0,0,0,0,0,0,0,0,0,0,0,0,0,0,0,0,0,0,0,0,0,0,0,0
0,0,2,0,0,0,1,0,0,0,1,0,3,1,0,2,8,6,8,4,5,2,2,4,14,9,13,14,17,8,7,10,13,21,17,40,27,35,41,30,42,58,48,63,49,65,56,54,85,79,89,78,89,103,83,90,142,138,121,141,137,145,160,157,148,177,163,166,150,131,182,196,150,120,147,176,152,158,133,130,125,127,138,113,126,108,85,101,111,105,99,87,76,76,75,60,79,59,54,46,46,39,36,27,21,26,23,18,22,25,16,20,12,23,20,12,7,8,11,8,7,4,7,6,3,1,2,3,2,4,2,2,1,1,2,1,3,1,0,0,3,0,3,0,0,0,0,1,0,1,0,0,0,0,0,0,2,0,0,0,1,0,0,0,0,0,0,0,0,0,0,0,0,0,0,0,0,0,0,0,0,0,0,0,1,0,0,0,0,0,0,0,0,0,0,0,0,0,0,0
0,0,3,0,0,1,0,1,0,0,0,1,4,1,1,2,4,4,7,5,1,3,2,2,16,6,11,6,7,12,20,10,18,16,30,24,24,50,31,31,37,31,47,77,47,62,56,62,85,78,93,72,111,100,109,94,144,146,118,142,136,127,156,151,135,121,183,135,145,134,202,178,164,141,171,152,134,166,169,129,126,114,137,129,123,102,93,108,109,87,68,78,71,82,61,69,68,47,47,39,47,39,43,32,27,24,22,27,20,24,11,16,13,16,12,12,10,12,11,5,4,9,5,2,9,5,2,1,3,2,5,3,3,2,1,0,0,0,1,0,0,0,0,0,1,0,0,0,0,0,0,0,0,0,0,1,0,0,0,0,0,0,1,0,0,0,0,0,0,0,0,0,0,0,0,0,0,0,0,0,0,0,1,0,0,0,0,0,0,0,0,0,0,0,0,0,0,0,0,0
0,0,1,0,0,0,1,0,0,0,0,0,2,0,0,1,6,5,7,3,5,5,4,4,17,7,11,9,10,11,9,13,16,13,19,22,34,50,22,40,49,45,48,77,54,63,65,64,72,75,107,78,108,107,99,97,118,112,118,114,138,128,145,149,140,152,176,162,147,132,175,165,153,142,158,159,156,140,150,128,142,113,137,113,96,107,120,116,106,82,77,76,70,72,70,55,65,60,45,45,36,44,43,44,23,32,20,25,19,18,21,25,9,9,16,16,13,8,5,8,8,3,3,7,1,4,4,1,0,0,3,3,4,1,0,6,1,0,0,2,2,1,0,2,0,0,0,0,0,0,0,0,0,0,0,0,0,1,0,0,0,0,0,0,0,0,0,0,0,0,0,0,0,0,0,0,0,0,0,0,0,0,0,0,0,0,0,0,0,0,0,0,0,0,0,0,0,0,0,0
0,0,2,0,1,3,1,1,2,1,2,1,5,5,1,5,4,3,4,7,2,3,4,5,11,8,17,5,14,12,13,23,19,15,15,27,20,38,37,42,34,43,62,50,37,55,62,68,78,91,92,76,64,97,114,94,130,109,130,129,125,133,128,141,147,121,139,135,137,128,133,166,134,135,132,172,122,138,127,114,127,97,136,91,119,100,91,67,102,86,88,102,65,83,50,63,60,64,50,38,45,48,28,40,32,19,26,21,17,21,18,17,12,9,12,11,11,5,11,10,3,3,4,4,2,2,1,3,0,4,0,0,3,2,0,1,1,0,0,0,2,3,0,2,1,0,0,0,0,0,0,0,1,0,0,1,2,0,0,0,1,0,0,0,0,0,0,0,0,0,1,0,0,0,0,0,0,0,0,0,0,0,0,0,0,0,0,0,0,0,0,0,0,0,0,0,0,0,0,0
0,0,0,0,0,0,1,3,1,0,0,1,2,1,2,1,6,4,8,2,2,4,2,3,15,14,12,7,14,7,14,14,12,24,20,26,20,30,29,44,33,49,48,57,41,52,58,51,88,73,78,53,91,103,97,98,105,126,112,127,135,120,156,166,143,156,131,130,124,123,149,138,154,112,134,146,123,135,123,117,108,110,137,118,104,112,82,99,107,81,68,70,72,58,46,54,60,59,46,40,45,24,37,30,33,27,23,27,19,18,12,15,9,7,8,9,10,4,6,6,7,4,3,3,3,3,0,4,1,3,2,0,1,1,5,1,2,1,0,0,1,2,0,1,1,0,0,0,0,0,0,1,0,0,0,0,0,0,0,0,0,0,0,0,0,0,0,0,0,0,0,0,0,1,0,0,0,0,0,0,0,0,0,0,0,0,0,0,0,0,0,0,0,0,0,0,0,0,0,0
0,2,3,0,0,2,1,1,0,0,1,1,2,1,1,1,3,2,2,4,5,1,3,6,11,6,9,10,13,7,13,19,16,21,14,25,24,35,29,32,46,46,48,50,42,53,59,53,69,60,89,67,107,80,106,97,104,129,115,117,117,110,149,140,147,124,148,139,114,126,153,178,128,127,134,139,131,124,136,122,124,90,119,122,99,92,107,97,107,93,72,72,59,66,70,49,57,52,44,38,33,27,32,30,27,24,15,21,16,17,27,11,20,12,15,6,7,4,9,7,2,5,3,6,2,3,6,0,3,0,1,1,3,1,0,0,2,0,0,1,0,0,1,0,0,0,1,0,0,0,1,1,0,0,0,0,1,0,0,0,0,0,0,0,0,0,0,0,0,0,0,0,0,0,0,0,0,0,0,0,0,0,0,0,0,0,0,0,0,0,0,0,0,0,0,0,0,0,0,0
0,1,1,0,0,1,1,1,0,1,1,1,2,0,0,0,6,2,5,1,3,4,2,5,10,5,12,6,11,9,12,16,18,16,17,21,24,25,34,36,25,38,39,56,45,57,56,55,73,69,83,64,76,87,97,72,100,118,120,107,115,130,140,161,137,131,143,113,137,124,143,151,143,121,108,136,146,108,123,107,128,135,103,109,87,77,97,79,77,85,85,52,78,71,48,56,44,59,45,42,40,31,32,24,24,25,22,20,24,14,23,17,13,12,7,12,11,5,8,3,4,0,3,3,5,4,1,2,1,2,1,0,0,1,2,1,0,1,0,0,1,0,0,0,0,1,0,0,0,1,0,0,0,1,0,0,0,0,0,0,0,0,0,0,0,0,0,0,0,0,0,0,0,1,0,0,0,0,0,0,0,0,0,0,0,0,0,0,0,0,0,0,0,0,0,0,0,0,0,0
0,1,0,0,0,2,0,1,0,0,1,1,2,2,1,0,3,4,6,5,6,1,2,7,10,3,5,5,16,8,12,23,12,17,15,22,24,27,32,40,36,33,50,51,44,39,60,53,82,62,99,65,79,104,75,92,104,110,119,106,119,117,130,123,129,112,139,125,137,117,141,156,140,119,110,136,102,140,129,113,101,108,82,101,104,90,98,68,84,62,69,64,52,58,59,36,49,52,45,32,43,30,32,25,38,26,18,28,20,13,21,13,19,8,8,6,5,4,4,6,2,8,6,1,4,7,2,3,3,5,2,3,2,0,3,2,0,2,0,2,0,0,1,0,0,1,0,0,1,0,0,0,0,0,0,0,0,0,0,0,0,0,0,0,0,0,1,0,0,0,0,0,0,0,0,0,0,0,0,0,0,0,0,0,0,0,0,0,0,0,0,0,0,0,0,0,0,0,0,0
0,0,1,0,0,0,1,1,1,0,0,0,0,1,0,0,7,3,6,5,1,0,2,10,12,7,10,6,3,8,15,9,17,13,25,19,17,25,21,31,27,36,49,46,42,67,54,42,77,58,82,72,71,110,80,116,96,100,95,121,95,110,131,136,127,106,100,135,108,128,155,122,134,116,117,127,111,135,128,99,96,104,100,97,82,94,80,70,70,77,57,62,54,58,40,41,51,49,40,28,36,36,32,20,18,16,17,17,11,19,11,6,12,11,15,10,7,2,5,7,5,3,2,1,1,2,5,1,2,1,2,4,2,0,0,1,0,0,1,0,1,0,0,1,1,0,1,0,0,2,0,0,0,0,1,0,0,0,0,0,0,0,0,0,0,0,0,0,0,0,0,0,0,0,0,0,0,0,0,0,0,0,0,0,1,0,0,0,0,0,0,0,0,0,0,0,0,0,0,0
0,1,1,0,0,0,0,0,1,1,0,0,2,1,0,0,5,4,6,6,1,1,2,9,13,6,12,7,8,9,13,17,8,23,16,28,23,30,22,25,30,31,52,57,43,66,35,50,60,69,72,65,62,105,68,88,89,91,101,105,95,97,116,118,119,107,134,96,100,112,128,121,104,96,120,118,103,139,122,96,120,94,98,85,81,70,86,65,76,61,64,67,59,59,49,37,47,36,34,39,33,29,19,34,27,24,17,12,17,19,14,10,10,14,9,7,5,8,6,8,2,7,2,8,3,2,1,3,1,2,1,1,0,0,0,0,1,1,0,0,0,0,0,0,0,0,0,0,0,0,0,0,0,1,0,0,0,0,0,0,0,0,0,0,1,0,0,0,0,0,0,0,0,0,0,0,0,0,0,0,0,0,0,0,0,0,0,0,0,0,0,0,0,0,0,0,0,0,0,0
0,0,1,0,1,0,0,1,1,0,1,1,1,4,1,3,4,2,3,6,2,5,4,6,8,10,11,3,17,9,14,9,12,10,21,22,19,27,26,25,35,52,61,50,33,52,39,49,84,64,74,64,70,81,79,81,112,95,109,106,107,92,118,140,118,107,118,108,110,106,132,123,127,104,117,135,125,107,108,101,109,98,103,79,90,75,64,71,78,67,56,59,53,47,60,52,45,45,30,33,24,21,32,35,32,18,22,20,19,17,10,15,11,11,14,8,9,8,4,4,4,3,6,4,5,1,3,2,1,1,4,3,3,1,0,2,0,0,1,0,0,1,0,0,0,0,0,0,0,0,0,0,0,0,1,0,0,0,0,0,0,0,0,0,0,0,0,0,0,0,0,0,1,0,1,0,0,0,0,0,0,0,0,0,0,0,0,0,0,0,0,0,0,0,0,0,0,0,0,0
0,0,0,0,0,0,1,0,0,0,1,2,0,2,0,3,3,0,3,6,1,7,1,4,11,2,6,4,9,11,11,19,12,17,16,22,27,33,18,33,32,23,44,47,45,45,45,48,62,53,70,57,66,71,77,88,103,95,89,93,95,113,103,127,119,114,136,108,111,105,143,122,123,109,97,113,111,118,99,97,87,97,99,82,83,80,86,73,80,72,65,63,59,59,47,38,41,36,31,27,32,27,27,33,21,17,15,19,12,12,16,10,10,6,5,10,7,8,5,5,7,7,5,3,4,4,1,1,3,1,1,0,1,0,0,0,0,2,1,0,0,1,0,0,0,3,0,0,0,0,0,0,0,0,0,0,0,0,0,0,0,0,0,0,0,0,0,0,0,0,0,1,0,0,0,0,0,0,0,0,0,0,0,0,0,0,0,0,0,0,0,0,0,0,0,0,0,0,0,0
0,0,1,0,0,0,0,3,0,0,2,1,2,0,0,1,2,3,4,5,4,6,4,4,16,4,12,6,13,11,15,15,17,14,20,23,14,37,24,36,31,33,38,41,31,42,37,51,83,48,61,79,76,82,86,74,93,86,92,104,107,108,136,137,109,106,106,102,128,95,122,145,108,94,117,111,97,84,102,82,102,86,84,79,84,71,89,52,73,51,55,61,59,50,45,39,58,23,30,31,24,31,22,12,22,19,13,19,13,8,20,10,7,9,7,6,3,4,1,5,5,6,3,3,2,2,1,0,1,0,2,2,2,1,0,0,2,0,0,1,0,0,0,0,0,0,0,0,0,0,0,0,0,0,0,0,0,0,0,0,0,0,0,0,0,0,0,0,0,0,0,0,0,0,0,0,0,0,0,0,0,0,0,0,0,0,0,0,0,0,0,0,0,0,0,0,0,0,0,0
0,0,0,0,0,1,0,0,1,0,0,0,6,1,0,1,6,5,12,1,4,4,2,3,7,7,11,11,8,6,10,14,13,20,9,19,24,31,20,29,33,34,46,55,42,47,50,47,75,48,81,43,44,61,83,72,83,95,97,107,96,117,119,88,90,83,107,116,102,105,116,123,106,103,98,116,95,86,105,96,99,90,72,88,80,61,87,76,77,73,58,68,45,42,37,50,31,37,24,35,24,14,24,26,20,16,13,21,14,14,12,8,15,14,6,6,9,5,7,2,3,7,6,0,3,4,3,3,2,2,3,1,0,0,1,0,1,0,2,1,0,0,0,0,0,0,0,0,0,0,0,0,0,1,0,0,0,1,0,0,0,0,0,0,0,0,0,0,0,0,0,0,0,0,0,0,0,0,0,0,0,0,0,0,0,0,0,0,0,0,0,0,0,0,0,0,0,0,0,0
0,1,0,0,0,0,0,2,1,0,0,0,1,0,0,1,3,2,5,2,3,1,1,8,15,7,8,7,8,13,5,14,10,19,9,23,22,28,23,27,27,44,34,40,30,54,47,47,66,56,77,53,63,85,86,69,86,96,94,99,97,87,90,109,114,90,127,92,96,89,102,107,122,92,102,113,77,89,95,74,86,93,78,102,72,60,72,61,66,58,64,42,57,45,39,36,42,35,20,28,25,27,25,23,19,22,18,22,21,14,8,10,9,3,9,4,3,7,6,5,3,5,7,4,3,1,1,2,1,0,0,1,0,0,0,0,1,2,0,0,0,0,0,0,0,1,0,0,0,0,0,0,0,0,2,1,0,1,0,0,0,0,0,0,1,0,0,0,0,0,0,0,0,0,0,0,0,0,0,0,0,0,0,0,0,0,0,0,0,0,0,0,0,0,0,0,0,0,0,0
0,0,1,0,0,1,0,0,0,0,0,0,2,5,1,4,5,1,3,7,5,3,1,2,7,7,9,3,14,8,13,8,13,13,17,17,16,28,24,31,32,22,47,44,32,41,48,51,60,46,70,40,62,77,98,63,101,74,72,92,103,94,97,87,94,91,128,113,86,85,114,109,110,105,82,98,85,106,87,91,70,72,75,77,82,64,64,51,70,51,44,57,38,45,26,35,32,30,33,25,25,29,16,19,12,10,12,20,12,11,13,13,7,7,7,13,6,2,2,7,1,3,5,2,2,1,1,1,1,1,1,1,1,0,2,1,0,0,1,0,1,0,0,0,0,0,0,0,0,0,0,0,0,0,0,0,0,0,0,0,0,0,0,0,0,0,0,0,0,0,0,0,1,0,0,0,1,0,0,0,0,0,0,0,0,0,1,0,0,0,0,0,0,0,0,0,0,0,0,0
0,1,1,0,0,2,1,1,0,0,0,0,0,1,0,2,4,4,4,4,3,1,4,2,4,8,9,10,12,7,11,10,12,14,11,16,14,27,15,19,35,41,51,34,40,46,41,35,54,42,66,56,72,69,80,79,99,70,85,85,88,96,120,97,109,103,103,87,85,95,98,111,96,94,80,93,80,71,94,61,95,75,73,74,68,55,55,69,70,54,46,32,38,49,39,48,47,31,27,27,26,23,20,22,16,16,11,13,13,11,11,9,7,10,5,7,7,7,6,5,3,2,6,2,1,4,1,1,1,0,2,2,0,2,1,1,0,0,0,0,1,0,0,0,2,0,0,1,0,0,0,0,0,0,0,0,0,0,0,0,0,0,0,0,0,0,0,0,0,0,0,0,0,0,0,0,0,0,0,0,0,0,0,0,0,0,0,0,0,0,0,0,0,0,0,0,0,0,0,0
0,0,0,0,0,0,0,1,1,1,0,1,0,1,0,0,2,2,4,3,3,0,3,0,8,7,10,5,5,5,9,9,6,15,15,18,15,26,20,27,25,36,28,32,29,31,36,41,60,49,48,46,56,72,63,62,81,82,82,76,95,92,99,98,89,89,91,73,85,88,93,101,80,85,89,93,91,85,85,79,78,64,82,80,79,55,54,65,50,55,52,51,55,36,34,24,35,24,33,28,24,20,18,28,11,12,16,15,6,6,7,7,7,11,2,7,5,10,3,1,2,4,6,2,3,2,0,0,3,1,0,0,1,0,0,2,0,0,0,1,1,1,1,0,0,0,0,0,0,0,0,0,0,0,0,0,0,0,0,0,0,0,0,0,0,0,0,0,0,0,0,0,0,0,0,0,0,0,0,0,0,0,0,0,0,0,0,0,0,0,0,0,0,0,0,0,0,0,0,0
0,0,1,0,0,0,1,1,0,2,1,0,0,2,0,1,2,6,6,3,1,2,3,4,5,4,6,3,11,5,17,8,17,13,11,14,23,30,29,33,20,25,37,35,26,31,40,28,61,40,63,41,65,64,67,54,70,77,81,87,99,86,91,77,109,76,91,87,96,100,109,106,110,80,91,83,97,98,91,83,81,91,60,73,64,70,58,58,62,52,53,38,35,44,34,43,22,26,24,28,14,23,19,21,17,16,12,9,11,7,8,8,6,6,2,4,1,6,5,5,6,6,5,0,2,1,1,3,0,1,1,2,3,1,1,1,0,1,0,1,0,0,1,0,0,0,0,0,1,0,0,0,0,0,0,0,0,0,0,0,0,0,0,0,0,0,0,0,0,0,0,0,0,0,0,0,0,0,0,0,0,0,0,0,0,0,0,0,0,0,0,0,0,0,0,0,0,0,0,0
0,0,1,0,0,1,0,0,0,0,0,2,3,0,0,3,4,2,5,3,4,2,0,5,7,3,4,3,3,10,13,18,11,12,12,12,23,30,26,22,20,29,41,19,26,28,36,47,56,54,59,47,48,66,60,65,69,75,73,81,83,83,99,77,94,88,95,77,79,87,86,83,85,86,97,109,78,85,83,68,102,61,72,61,65,60,58,66,65,53,37,55,42,48,39,36,35,30,25,23,23,22,19,12,12,13,15,7,13,12,8,10,5,8,5,4,8,2,2,3,6,3,1,3,2,1,0,0,1,0,1,0,1,0,0,0,0,1,0,0,0,0,0,0,0,0,0,0,0,0,1,0,0,0,0,0,0,0,0,0,0,0,0,0,0,0,0,0,0,0,0,0,1,0,0,0,0,0,0,0,0,0,0,0,0,0,0,0,0,0,0,0,0,1,0,0,0,0,0,0
0,0,0,0,0,0,0,0,0,0,0,0,0,1,1,1,8,3,5,2,5,0,4,6,9,5,12,10,13,9,8,5,9,10,22,11,19,29,17,22,32,26,26,32,29,40,39,45,52,39,62,36,63,64,71,63,95,71,72,76,96,83,102,92,77,85,100,82,87,80,89,94,85,74,87,89,84,81,69,74,76,62,69,55,63,60,66,43,60,47,41,43,41,38,31,31,23,17,21,30,23,24,20,13,19,11,11,13,14,8,9,12,5,10,9,7,5,3,1,4,1,4,1,2,1,1,2,1,1,1,0,4,0,2,1,0,1,1,0,0,1,0,1,0,0,1,0,0,0,0,0,0,0,0,0,0,0,0,0,0,0,0,0,0,0,0,0,0,0,0,0,0,0,0,0,0,0,0,0,0,0,0,0,0,0,0,0,0,0,0,0,0,0,0,0,0,0,0,0,0
0,0,3,0,0,0,0,2,1,0,1,0,1,0,0,1,1,3,5,1,0,0,4,7,9,5,5,8,11,8,8,11,11,7,10,11,23,33,22,31,27,27,30,34,37,42,37,38,56,59,56,48,59,72,70,62,76,69,80,74,87,77,100,78,80,74,106,79,96,86,90,93,87,75,73,87,78,94,85,70,76,91,69,58,67,58,51,52,50,64,39,51,43,25,33,22,27,22,29,25,24,16,15,16,14,9,14,11,12,19,8,7,7,9,7,2,3,6,5,5,3,2,1,3,1,2,0,1,0,2,0,1,2,1,0,2,1,0,0,1,0,0,0,1,0,0,0,0,0,0,0,0,0,0,0,0,0,0,0,0,0,0,0,0,0,0,0,0,0,0,0,0,0,0,0,0,0,0,0,0,0,0,0,0,0,0,1,0,0,0,0,0,0,0,0,0,0,0,0,0
0,0,0,0,1,1,0,0,2,0,0,3,2,1,0,0,1,4,8,3,1,3,2,1,10,4,14,4,2,5,8,6,9,17,14,16,14,22,21,24,26,37,36,41,32,37,40,32,43,39,49,46,54,49,49,63,76,57,76,64,68,67,73,86,69,94,90,89,77,89,98,99,83,85,82,77,69,67,84,72,54,57,61,54,77,64,46,40,48,51,48,37,35,38,19,29,26,25,22,20,17,21,22,16,17,17,11,16,10,8,9,9,6,7,7,6,2,6,3,3,3,4,1,4,2,1,4,1,1,0,0,0,0,3,0,0,2,0,0,0,0,0,0,0,0,0,0,0,1,0,0,0,0,0,0,0,0,0,0,0,2,0,0,0,0,0,0,0,0,0,0,0,0,0,0,0,0,0,0,0,0,0,0,0,0,0,0,0,0,0,0,0,0,0,0,0,0,0,0,0
0,2,0,0,0,0,1,0,0,0,0,0,0,0,0,1,0,1,4,5,2,2,1,2,2,4,6,5,13,8,6,8,5,7,11,15,15,19,15,30,23,20,26,27,32,34,41,38,41,34,65,38,49,54,56,59,65,73,60,68,77,71,75,84,91,68,87,84,91,79,104,96,88,83,72,82,81,81,63,64,74,62,74,47,47,53,45,46,43,39,43,54,34,29,34,28,24,23,19,16,15,15,11,14,11,9,10,17,10,8,13,5,6,9,6,2,2,5,5,3,3,2,2,3,0,1,1,2,0,1,0,0,0,0,0,0,0,0,0,0,0,3,0,0,1,0,0,0,0,0,0,1,0,1,0,0,0,0,0,0,0,0,0,0,0,0,0,0,0,0,0,0,0,0,0,0,0,0,0,0,0,0,0,0,0,0,0,0,0,0,0,0,0,0,0,0,0,0,0,0
0,0,2,0,0,0,0,1,0,0,1,1,1,0,0,0,3,1,1,3,3,1,3,7,9,8,7,4,6,5,7,7,8,8,13,20,18,26,18,20,11,15,29,42,23,35,35,42,41,35,44,48,37,60,56,61,67,68,72,64,77,72,67,68,79,72,82,70,72,68,97,83,74,62,83,76,75,74,66,58,71,49,60,61,59,53,50,45,45,50,43,42,35,34,23,31,21,29,20,14,28,21,12,15,16,8,5,10,12,3,6,11,6,7,5,2,5,3,3,5,0,2,1,3,0,2,2,2,1,1,0,1,1,1,0,0,0,0,0,0,0,0,2,0,0,0,1,0,0,0,0,0,0,0,0,0,0,0,0,0,0,0,0,0,0,0,0,0,0,1,0,0,0,0,0,0,0,0,0,0,0,0,0,0,0,0,0,0,0,0,0,0,0,0,0,0,0,0,0,0
0,1,0,0,0,0,0,0,0,0,0,0,1,1,1,4,4,3,5,1,3,0,2,4,9,5,2,2,9,5,3,8,14,9,14,18,15,26,13,19,19,21,29,26,23,40,26,31,52,38,58,40,51,64,56,51,52,59,68,51,79,77,80,76,74,74,80,69,71,77,67,78,80,72,73,58,55,77,74,64,61,75,66,63,69,51,56,45,54,40,32,35,31,40,32,28,13,29,22,20,21,12,8,16,18,9,9,8,9,6,7,9,5,11,6,4,4,2,2,1,2,4,2,3,0,1,1,0,3,1,0,1,0,0,0,0,0,0,1,1,0,1,0,0,0,0,0,0,0,0,0,0,0,0,0,0,0,0,0,0,0,0,0,0,0,0,0,0,0,0,0,0,0,0,0,0,0,0,0,0,0,0,0,0,0,0,1,0,0,0,0,0,0,0,0,0,0,0,0,0
0,0,1,0,0,0,0,0,0,0,1,1,4,1,1,1,1,4,6,4,0,3,5,2,8,5,6,5,9,2,14,5,10,11,11,20,19,25,18,25,22,30,28,33,24,42,37,38,49,36,47,32,54,51,49,63,71,72,75,61,63,73,73,74,74,61,77,64,53,77,74,73,79,80,62,76,56,66,66,37,57,61,53,55,44,46,44,33,44,40,26,33,39,26,29,25,18,21,27,16,9,9,18,16,6,10,8,14,4,11,7,2,3,7,3,4,10,2,5,5,0,2,2,2,0,1,3,1,2,0,0,1,0,0,1,1,0,0,0,0,0,0,0,0,0,0,0,0,0,0,0,0,0,0,0,0,0,0,0,0,0,0,0,0,1,0,0,0,0,0,0,0,0,0,0,0,0,1,0,0,0,0,0,0,0,0,1,0,0,0,0,0,0,0,0,0,0,0,0,0
0,0,1,0,0,0,1,1,1,0,1,1,1,0,0,0,3,3,5,5,4,0,2,4,5,4,4,6,6,7,10,6,12,4,12,11,15,24,18,29,20,31,21,40,22,22,30,31,42,33,48,35,47,55,71,50,49,44,53,58,65,64,94,73,75,69,76,71,60,77,88,73,62,55,81,65,65,78,60,54,52,51,44,48,53,45,34,55,40,30,43,25,29,39,18,25,21,31,19,16,13,13,21,13,8,5,10,9,6,10,10,9,6,9,1,5,1,5,4,3,5,3,2,0,2,2,3,1,0,1,1,0,1,1,1,0,0,0,0,1,0,0,1,0,0,0,0,0,0,0,0,0,0,0,0,0,0,0,0,0,0,0,0,0,0,0,0,0,0,0,0,0,0,0,0,0,0,0,0,0,0,0,0,0,0,0,0,0,0,0,0,0,0,0,0,0,0,0,0,0
0,0,0,0,0,0,0,0,1,0,0,0,1,2,0,3,1,2,4,2,3,3,3,5,5,3,11,9,5,6,7,4,12,10,13,12,14,19,23,23,17,23,36,30,23,31,35,39,43,44,39,47,40,55,42,41,60,60,61,76,66,71,61,75,66,55,70,72,66,68,68,68,76,63,62,58,64,58,56,50,54,53,61,50,46,45,35,44,51,37,38,40,34,26,23,26,24,26,17,17,18,11,15,17,15,7,9,9,10,10,7,5,2,3,8,3,8,3,2,4,3,4,3,2,2,0,1,0,1,0,0,0,0,1,0,0,0,0,0,0,1,1,0,1,0,0,0,0,0,0,0,0,0,0,0,0,0,0,0,0,0,0,0,0,0,0,0,0,0,0,0,0,0,0,0,0,0,0,0,0,0,0,0,0,0,0,0,0,0,0,0,0,0,0,0,0,0,0,0,0
0,1,0,0,0,0,0,0,0,0,0,0,2,1,0,1,3,1,3,4,1,0,1,2,11,6,7,5,10,11,5,10,10,9,12,10,12,18,19,21,18,20,31,22,14,23,26,36,33,48,42,39,45,44,48,45,63,57,61,70,65,55,78,59,63,67,77,71,61,56,73,82,64,73,67,71,64,63,63,67,51,50,50,58,54,35,51,41,30,40,32,35,26,37,26,18,18,21,9,13,18,22,14,15,11,9,8,8,4,10,4,4,5,3,5,5,3,5,1,1,2,1,4,2,1,1,2,0,1,5,1,0,2,0,0,0,0,0,1,1,0,0,0,0,0,0,0,0,0,0,0,0,0,0,0,0,0,0,1,0,0,0,0,0,0,0,0,0,0,0,0,0,0,0,0,0,0,1,0,0,0,0,0,0,0,0,0,0,0,0,0,0,0,0,0,0,0,0,0,0
0,1,1,0,0,1,0,0,0,1,0,0,4,2,0,0,3,4,5,2,0,0,3,6,7,3,4,10,7,7,9,5,7,13,10,10,10,18,15,14,19,23,22,27,22,25,31,27,45,34,40,43,52,61,35,58,66,52,72,71,63,65,65,80,93,56,73,66,63,76,76,75,61,65,58,65,50,63,51,41,43,54,47,46,39,43,40,42,36,32,51,26,27,22,26,20,26,26,16,10,18,13,12,10,18,9,5,9,8,7,8,10,7,4,3,2,0,0,3,3,2,2,1,2,0,1,1,1,1,0,0,3,0,1,0,1,0,0,0,0,0,0,0,0,0,0,0,0,0,0,0,0,0,0,0,0,0,0,0,0,0,0,0,0,0,0,0,0,0,0,0,0,0,0,0,0,0,0,0,0,0,0,0,0,0,0,0,0,0,0,0,0,0,0,0,0,0,0,0,0
0,0,0,0,0,0,0,1,0,0,0,1,3,0,0,0,1,2,4,3,3,2,1,0,4,4,4,1,8,7,8,12,5,15,7,17,8,22,12,28,25,22,32,27,17,17,18,27,38,39,50,35,45,53,40,44,50,71,48,44,51,59,73,72,60,62,67,63,56,68,71,57,53,62,56,56,48,49,50,44,42,55,55,34,46,42,41,31,44,27,29,25,29,28,26,25,19,21,22,12,13,8,12,15,10,3,11,4,6,6,7,6,2,6,7,5,3,3,4,2,3,2,4,2,2,2,1,1,2,2,1,0,0,0,1,0,2,0,0,0,0,2,0,0,0,0,0,0,0,0,0,0,0,0,0,0,0,0,0,0,0,0,0,0,0,0,0,0,0,0,0,0,0,0,0,0,0,0,0,0,0,0,0,0,0,0,0,0,0,0,0,0,0,0,0,0,0,0,0,0
0,0,1,0,0,0,0,0,0,0,0,1,2,1,0,1,1,3,3,4,4,4,2,5,3,7,7,6,8,7,3,8,4,13,11,15,15,12,9,13,20,24,22,33,22,32,27,35,46,33,37,44,34,68,39,45,57,53,46,57,80,63,64,71,74,60,62,45,54,58,62,59,58,54,69,49,58,53,62,41,35,47,41,44,54,31,42,32,31,36,24,32,23,23,21,26,22,23,19,15,21,23,17,11,9,8,9,14,3,1,3,5,5,5,3,4,2,5,4,1,0,3,1,0,1,0,0,1,1,1,0,1,0,0,0,0,0,1,1,0,4,0,0,0,0,0,0,0,0,0,0,0,0,0,0,0,0,0,0,0,0,0,0,0,0,0,0,0,0,0,0,0,0,0,0,0,0,0,0,0,0,0,0,0,0,0,0,0,0,0,0,0,0,0,0,0,0,0,0,0
0,0,0,0,0,0,1,1,2,0,1,1,0,1,1,1,3,1,3,2,1,2,2,4,8,7,5,5,8,10,8,4,6,6,9,13,15,17,11,21,14,23,33,24,22,30,22,20,33,37,40,48,30,38,39,57,59,50,53,61,45,59,52,54,59,60,96,67,54,60,79,55,65,54,51,58,53,52,60,42,52,42,42,43,27,30,41,38,34,23,34,31,21,26,20,19,13,19,13,25,14,9,9,6,11,5,8,11,2,6,8,6,8,3,3,2,4,4,3,5,1,1,1,1,2,0,2,1,0,2,1,0,0,0,2,0,0,1,0,0,0,0,0,0,0,0,0,0,0,0,1,0,0,0,0,0,0,0,0,0,0,0,0,0,0,0,0,0,0,0,0,0,0,0,0,0,0,0,0,0,0,0,0,0,0,0,0,0,0,0,0,0,0,0,0,0,0,0,0,0
0,0,0,0,0,0,0,0,0,0,1,0,2,1,0,1,1,2,3,1,2,1,0,4,4,6,7,2,10,5,5,11,5,8,9,9,8,14,17,14,15,19,26,31,26,30,34,28,50,37,44,28,46,47,54,39,63,43,46,52,56,47,59,58,56,58,52,61,57,63,72,71,45,41,59,61,59,50,44,43,58,33,39,45,48,31,38,44,29,32,32,33,20,31,21,13,28,21,13,7,15,12,11,9,6,8,6,6,11,7,3,7,4,3,4,1,2,4,2,1,2,1,0,4,2,0,0,1,0,0,0,1,0,1,0,0,0,0,0,0,0,0,0,0,0,1,0,0,0,0,0,0,0,0,0,0,0,0,0,0,0,0,0,0,0,0,0,0,0,0,0,0,0,0,0,0,0,0,0,0,0,0,0,0,0,0,0,0,0,0,0,0,0,0,0,0,0,0,0,0
0,0,1,0,0,0,0,0,0,1,0,1,1,1,0,2,1,2,3,1,1,1,2,4,2,5,7,2,4,10,5,4,9,4,14,7,10,16,22,16,14,23,23,15,20,20,26,25,32,35,33,25,38,43,51,46,54,53,53,51,54,53,63,60,74,61,72,48,55,52,49,53,66,57,53,68,56,49,44,48,57,37,39,56,41,30,25,26,42,25,15,26,20,15,23,25,21,16,19,14,8,11,13,7,10,4,3,8,4,4,3,1,9,3,1,7,9,2,1,1,1,2,3,1,2,0,2,0,0,0,0,0,1,0,0,2,1,1,0,0,0,0,0,0,0,0,0,0,0,0,0,0,0,0,0,0,0,0,0,0,0,0,0,0,0,0,0,0,0,0,0,0,0,0,0,0,0,0,0,0,0,0,0,0,0,1,0,0,0,0,0,0,0,0,0,0,0,0,0,0
0,0,0,0,0,0,0,0,0,0,0,1,0,1,0,2,2,2,1,1,1,1,0,2,4,4,7,3,7,9,2,5,7,7,10,7,0,17,22,17,21,20,26,21,25,23,19,31,31,26,39,31,42,46,33,54,59,50,46,52,50,66,73,75,48,50,66,56,45,51,44,50,58,53,49,56,55,45,49,29,49,33,42,43,46,33,35,27,25,32,33,29,21,18,24,24,16,14,16,9,12,11,12,7,8,13,6,6,5,2,2,10,1,2,3,1,1,4,0,4,1,0,0,0,1,2,0,1,0,2,1,0,1,0,0,1,0,1,0,0,1,0,0,0,0,0,0,0,0,0,0,0,0,0,0,0,0,0,0,0,0,0,0,0,0,0,1,0,0,0,0,0,0,1,0,0,0,0,0,0,0,0,0,0,0,0,0,0,0,0,0,0,0,0,0,0,0,0,0,0
0,1,0,0,0,0,0,0,2,0,2,0,1,2,0,0,4,3,1,1,3,3,2,0,3,4,5,3,5,1,8,6,6,5,8,11,5,15,15,16,20,16,10,21,18,26,30,21,37,26,42,32,25,34,32,28,52,58,46,44,53,44,70,47,56,47,56,44,46,46,48,64,51,45,48,56,51,51,52,41,46,36,32,33,36,20,39,28,24,34,27,16,26,18,15,25,9,20,11,12,13,14,13,10,4,4,8,7,8,2,8,4,4,4,3,2,5,2,3,1,2,2,0,2,0,0,2,0,0,0,0,0,1,0,0,1,0,0,0,0,0,1,0,0,0,0,0,0,0,0,1,0,0,0,0,0,0,0,0,0,0,0,0,0,0,0,0,0,0,0,0,0,0,0,0,0,0,0,0,0,0,0,0,0,0,0,0,0,0,0,0,0,0,0,0,0,0,0,0,0
0,0,0,0,0,1,1,1,0,0,0,0,1,1,0,0,1,3,5,2,2,2,1,4,2,3,4,5,4,8,4,7,12,9,8,8,12,7,10,17,18,16,24,30,17,15,27,24,35,28,27,20,33,49,42,40,44,43,53,47,48,42,43,60,63,46,55,62,51,49,57,58,55,38,52,52,37,48,44,46,42,39,35,46,34,33,30,26,39,33,26,27,12,18,9,21,15,7,10,16,10,12,7,4,9,3,4,7,1,8,2,5,2,4,1,3,3,1,1,3,1,1,0,1,0,2,1,0,0,1,0,0,1,2,0,0,0,0,0,0,0,0,0,0,0,0,0,0,0,0,0,0,0,0,0,0,0,0,0,0,0,0,0,0,0,0,0,0,0,0,0,0,0,0,0,0,0,0,0,0,0,0,0,0,0,0,0,0,0,0,0,0,0,0,0,0,0,0,0,0
0,0,2,0,0,0,1,1,1,0,0,1,0,0,0,0,4,1,1,1,3,2,1,0,6,5,6,1,6,3,10,14,8,10,8,12,13,14,11,11,19,14,23,22,9,21,22,27,21,28,32,48,41,39,20,37,40,33,46,38,46,55,50,50,47,50,58,44,43,54,43,47,47,42,49,48,29,34,41,32,39,38,36,33,50,37,35,33,25,31,22,21,23,18,20,21,20,13,15,7,15,8,11,8,10,8,3,3,2,5,1,3,1,4,3,2,2,0,2,1,2,1,2,2,1,1,0,1,0,0,2,1,0,1,0,1,0,0,0,0,0,0,0,0,0,0,0,0,0,0,0,0,0,0,0,0,0,0,0,0,0,0,0,0,1,0,0,0,0,0,0,0,0,0,0,0,0,0,0,0,0,0,0,0,0,0,0,0,0,0,0,0,0,0,0,0,0,0,0,0
0,1,0,0,0,0,0,0,0,0,0,0,1,0,0,3,1,1,3,1,3,1,0,3,6,4,3,1,9,3,4,8,5,7,6,11,8,9,15,17,22,16,18,21,16,32,28,18,32,27,44,24,35,49,35,32,55,51,36,38,38,49,52,57,61,37,45,43,49,48,51,50,39,42,44,37,41,46,41,37,35,39,36,34,27,30,25,30,35,21,19,37,24,7,13,12,16,11,9,7,12,12,7,10,10,9,5,4,3,6,5,8,3,4,3,3,0,2,3,1,0,2,5,1,0,0,1,0,0,0,1,1,1,0,0,1,0,0,0,1,0,0,0,0,0,0,0,0,0,0,0,0,0,0,0,0,0,0,0,0,0,0,0,0,0,0,0,0,0,0,0,0,0,0,0,0,0,0,0,0,0,0,0,0,0,0,0,0,0,0,0,0,0,0,0,0,0,0,0,0
0,0,0,0,0,1,0,0,0,0,0,0,0,0,0,0,2,1,3,0,0,0,5,4,7,4,4,2,6,3,5,8,9,10,6,10,9,14,11,9,19,21,19,26,19,25,34,19,36,20,33,36,27,27,35,32,48,46,49,35,39,50,43,54,46,53,60,40,45,58,55,42,51,40,40,40,36,39,43,39,33,36,25,39,25,37,30,23,16,13,21,15,17,19,18,18,15,21,10,6,11,10,9,5,13,8,4,11,1,5,2,4,1,10,2,7,1,0,1,1,1,1,0,2,0,3,1,0,0,0,0,1,1,1,0,1,0,0,0,0,0,0,1,0,0,0,0,0,0,0,0,0,0,0,0,0,0,0,0,0,0,0,0,0,0,0,0,0,0,0,0,0,0,0,0,0,0,0,0,0,0,0,0,0,0,1,0,0,0,0,0,0,0,0,0,0,0,0,0,0
0,0,0,0,0,0,0,2,0,0,1,0,2,0,0,1,1,1,5,1,2,0,2,2,2,2,2,1,4,0,4,11,6,12,14,6,9,18,14,19,17,17,25,19,17,30,20,20,32,24,28,21,32,53,40,31,36,45,37,55,44,46,54,56,35,33,47,49,43,59,40,48,47,40,44,41,38,37,47,43,29,37,38,29,27,24,25,23,19,36,26,20,16,20,16,21,11,14,12,7,8,10,8,11,4,9,4,9,5,4,3,2,5,5,3,3,3,2,3,0,0,3,0,0,2,0,0,1,0,0,1,1,0,1,0,0,0,1,0,0,0,0,0,0,0,0,0,0,0,0,1,0,0,0,0,0,0,0,0,0,0,0,0,0,0,0,0,0,0,0,0,0,0,1,0,0,0,0,0,0,0,0,0,0,0,0,0,0,0,0,0,0,0,0,0,0,0,0,0,0
0,0,0,0,0,0,0,2,0,0,0,0,0,0,0,0,3,3,2,1,3,1,3,2,2,2,7,6,5,6,7,6,6,7,6,11,16,14,9,19,11,15,23,19,10,24,21,27,22,26,38,29,43,34,40,42,47,48,43,39,36,39,41,44,30,46,40,49,46,44,51,32,46,40,45,40,37,32,38,35,38,35,27,31,27,30,28,19,23,25,18,20,14,8,20,15,16,19,21,10,11,7,2,9,7,8,4,5,7,4,3,3,4,2,0,2,4,5,2,2,0,0,2,0,0,0,0,1,0,0,0,0,1,0,0,1,0,0,0,1,0,0,0,0,0,0,0,0,0,0,0,0,0,0,0,0,0,0,0,0,0,0,0,0,0,0,0,0,0,0,0,0,0,0,0,0,0,0,0,0,0,0,0,0,0,0,0,0,0,0,0,0,0,0,0,0,0,0,0,0
0,0,3,0,0,1,0,1,0,0,2,0,0,0,0,1,3,2,2,2,3,1,1,2,4,1,4,4,6,7,6,7,6,8,9,8,15,15,11,15,13,13,12,22,22,23,9,21,32,26,41,24,34,39,38,31,40,39,27,36,54,41,43,41,48,43,43,46,46,43,51,59,39,42,28,43,31,41,32,34,32,38,37,33,19,25,27,25,16,19,22,19,19,14,15,12,14,8,10,8,5,7,13,8,3,4,12,3,8,4,3,6,4,3,2,2,2,1,1,4,2,1,2,2,0,0,0,0,0,0,0,0,0,1,1,0,0,0,0,0,0,0,0,0,0,0,0,0,0,0,0,0,0,0,0,0,0,0,0,0,0,0,0,0,0,0,0,0,0,0,0,0,0,0,0,0,0,0,0,0,0,0,0,0,0,0,0,0,0,0,0,0,0,0,0,0,0,0,0,0
0,0,0,0,0,0,0,0,1,0,0,1,2,1,0,0,1,0,6,2,0,1,1,3,4,3,4,2,7,7,2,8,9,11,8,15,16,9,7,13,10,11,24,26,14,27,21,19,25,21,31,29,20,27,40,26,35,44,35,44,31,43,39,39,41,52,49,49,43,39,48,61,35,32,62,40,34,38,35,35,34,35,22,25,24,19,16,26,28,28,19,15,16,13,14,15,5,11,10,9,10,7,8,9,3,5,4,7,3,6,3,6,4,3,3,3,2,0,2,2,0,0,0,0,0,0,0,1,1,0,0,1,0,0,0,0,1,0,0,0,1,0,1,0,0,0,0,0,0,0,0,0,0,0,0,0,0,0,0,0,0,0,0,0,0,0,0,0,0,0,0,0,0,0,0,0,0,0,0,0,0,0,0,0,0,0,0,0,0,0,0,0,0,0,0,0,0,0,0,0
0,1,0,0,0,0,0,0,0,0,0,0,1,0,0,0,0,1,7,2,0,1,0,1,9,5,0,3,4,6,3,5,4,7,4,12,13,23,8,8,15,17,14,15,13,20,13,26,24,23,20,27,24,40,43,23,35,36,38,37,31,40,45,49,50,42,56,39,31,41,49,42,41,39,42,36,35,38,30,26,25,29,24,26,28,28,22,24,26,17,15,24,14,11,14,11,22,14,7,13,12,3,5,8,5,2,3,3,10,4,3,2,2,3,5,0,0,0,3,2,1,1,2,1,1,0,0,1,0,0,0,0,0,0,0,0,0,0,0,1,0,0,0,0,0,1,0,0,0,0,0,0,0,0,0,0,0,0,0,0,0,0,0,0,0,0,0,0,0,0,0,0,0,0,0,0,0,0,0,0,0,0,0,0,0,0,0,0,0,0,0,0,0,0,0,0,0,0,0,0
0,1,0,0,0,0,0,0,0,0,0,0,0,2,0,2,3,3,3,2,1,1,2,2,5,2,2,1,4,4,2,8,2,6,7,6,7,12,9,12,13,11,19,22,23,22,19,22,27,21,23,28,21,36,33,36,29,44,39,43,40,41,41,45,40,43,41,36,34,49,33,43,39,30,48,30,31,36,35,38,24,33,26,24,25,18,28,27,16,28,16,15,21,18,11,7,12,9,16,11,4,8,4,8,4,6,5,5,5,3,2,3,2,4,1,4,1,3,5,1,0,1,1,0,1,0,0,2,1,0,1,0,0,0,0,0,0,0,0,0,1,0,0,0,0,0,0,0,0,0,0,0,0,1,0,0,0,0,0,0,0,0,0,0,0,0,0,0,0,0,0,0,0,0,0,0,0,0,0,0,0,0,0,0,0,0,0,0,0,0,0,0,0,0,0,0,0,0,0,0
0,0,0,0,0,0,1,1,0,0,1,0,1,0,0,0,4,2,6,0,2,1,1,4,4,4,3,3,3,8,9,7,6,3,8,12,7,11,10,9,17,14,15,12,14,22,18,20,33,17,25,16,23,35,24,20,26,50,36,35,29,43,42,46,40,36,43,48,40,52,40,37,34,30,30,36,28,24,33,27,35,20,27,29,32,25,26,20,26,19,12,21,7,16,12,11,16,13,7,10,4,6,3,5,4,8,9,6,3,6,3,4,2,2,3,1,0,1,1,1,3,4,1,1,1,2,0,0,0,2,0,0,0,0,0,0,0,0,0,0,0,0,0,0,0,0,0,0,0,0,0,0,0,0,0,0,0,0,0,0,0,0,0,0,0,0,0,0,0,0,0,0,0,0,0,0,0,0,0,0,0,0,0,0,0,0,0,0,0,0,0,0,0,0,0,0,0,0,0,0
0,0,0,0,0,0,0,0,0,0,0,0,0,0,1,0,1,3,1,2,1,1,0,0,5,6,2,4,5,2,4,9,5,11,9,10,12,18,8,17,14,17,21,10,15,8,17,17,20,21,27,25,32,29,25,29,26,31,36,28,37,44,39,42,36,37,49,23,22,27,34,39,34,31,29,39,30,37,35,26,24,21,31,20,25,38,18,18,25,14,13,17,13,12,10,11,9,12,7,6,8,10,9,7,4,5,5,3,6,5,2,5,3,1,0,1,3,1,0,3,0,0,1,1,0,1,0,0,0,1,0,1,1,1,0,0,0,0,0,0,0,0,0,0,0,0,0,0,0,0,0,0,0,0,0,0,0,0,0,0,0,0,0,0,0,0,0,0,0,0,0,0,0,0,0,0,0,0,0,0,0,0,0,0,0,0,0,0,0,0,0,0,0,0,0,0,0,0,0,0
0,0,0,0,0,0,0,0,0,0,0,0,0,1,0,0,2,1,5,2,1,0,0,1,4,5,7,3,7,3,7,4,4,7,7,10,8,11,9,12,9,14,13,25,10,23,13,12,23,35,26,23,20,24,36,32,32,35,29,23,30,26,33,42,48,43,34,35,47,37,28,42,27,27,31,31,36,34,28,25,25,25,26,23,19,20,20,25,14,12,18,15,11,12,9,14,8,9,9,10,2,8,7,10,7,6,2,9,7,1,4,1,1,2,4,3,2,2,2,0,1,1,1,1,0,0,0,1,0,0,0,1,1,0,0,0,1,0,0,0,1,0,0,0,0,0,0,0,0,0,0,0,0,0,0,0,0,0,0,0,0,0,0,0,0,0,0,0,0,0,0,0,0,0,0,0,0,0,0,0,0,0,0,0,0,0,0,0,0,0,0,0,0,0,0,0,0,0,0,0
0,0,0,0,0,0,0,0,0,0,0,0,0,0,0,0,1,5,2,0,1,4,1,2,6,1,4,3,3,3,7,5,1,3,13,9,5,11,6,22,20,11,20,19,9,24,13,19,18,16,21,13,27,32,28,35,31,39,36,30,36,30,37,38,31,23,50,37,38,26,43,32,36,31,28,24,21,33,21,26,28,23,30,20,22,22,18,18,16,14,17,18,14,11,10,13,17,11,13,4,3,5,5,5,5,5,4,3,4,1,0,2,1,2,2,1,1,0,2,3,2,2,1,0,0,1,0,0,1,0,0,0,1,0,0,0,0,0,0,0,0,0,0,1,0,0,0,0,0,0,0,0,0,0,0,0,0,0,0,0,0,0,0,0,0,0,0,0,0,0,0,0,0,0,0,0,0,0,0,0,0,0,0,0,0,0,0,0,0,0,0,0,0,0,0,0,0,0,0,0
0,1,0,0,0,0,0,0,0,0,1,0,2,0,0,1,0,0,2,1,0,3,0,2,1,1,2,1,7,4,3,8,5,2,6,7,9,5,7,12,12,16,13,15,18,18,19,17,15,21,29,23,33,32,26,23,24,26,27,32,29,33,33,36,40,25,31,33,26,37,41,32,29,27,45,33,27,33,34,26,33,26,19,24,24,27,17,15,17,14,10,14,15,13,9,4,17,13,7,7,5,9,8,7,4,3,5,5,10,1,0,2,2,5,1,3,1,1,1,1,0,1,2,1,1,1,1,1,0,2,0,1,0,0,1,0,0,0,0,0,0,0,1,1,0,0,0,0,0,0,0,0,0,0,0,0,0,0,0,0,0,0,0,0,0,0,0,0,0,0,0,0,0,0,0,0,0,0,0,0,0,0,0,0,0,0,0,0,0,0,0,0,0,0,0,0,0,0,0,0
0,0,0,0,0,1,0,0,1,0,1,1,1,0,0,1,1,2,2,0,0,1,0,2,5,3,4,2,4,3,5,2,4,5,3,6,7,14,11,15,10,10,12,30,14,24,16,20,26,19,31,22,29,26,29,24,18,27,28,27,39,29,30,33,24,31,28,32,24,23,45,41,34,24,28,33,24,37,26,21,19,28,21,21,15,21,22,30,22,19,12,21,14,8,12,12,9,11,7,3,8,6,9,5,6,3,3,5,3,3,1,3,0,1,3,3,1,3,1,2,0,3,1,0,2,0,1,0,0,0,2,0,0,0,0,0,0,0,1,0,0,0,0,0,0,0,0,0,0,0,0,0,0,0,0,0,0,0,0,0,0,0,0,0,0,0,0,0,0,0,0,0,0,0,0,0,0,0,0,0,0,0,0,0,0,0,0,0,0,0,0,0,0,0,0,0,0,0,0,0
0,0,1,0,0,0,0,0,0,0,1,0,1,0,0,1,0,1,1,1,3,1,2,2,7,0,3,2,5,3,3,8,8,5,7,8,5,9,10,13,7,14,14,12,11,19,13,18,19,23,23,18,21,28,34,20,41,27,33,37,27,35,44,31,33,35,28,37,37,30,38,35,30,29,30,24,32,27,26,31,30,32,19,26,16,17,15,18,17,14,14,18,14,16,7,8,6,6,10,9,7,4,3,6,4,2,1,4,4,5,3,2,0,1,4,1,2,2,2,2,0,1,0,3,1,1,0,0,0,0,0,1,0,0,0,0,0,0,0,0,0,0,0,0,0,0,0,0,0,0,0,0,0,0,0,0,0,0,0,0,0,0,0,0,0,0,0,0,0,0,0,0,0,0,0,0,0,0,0,0,0,0,0,0,0,0,0,0,0,0,0,0,0,0,0,0,0,0,0,0
0,0,0,0,0,0,0,1,1,0,1,0,0,0,0,0,1,5,0,1,1,1,1,1,3,3,6,0,4,4,5,0,2,6,7,9,5,9,11,11,10,6,18,22,12,20,22,21,26,21,24,25,25,27,22,22,21,29,31,30,37,30,37,32,25,27,49,37,34,30,31,41,34,17,30,26,33,24,33,25,35,19,8,24,24,23,17,14,19,22,12,14,12,11,16,8,3,17,4,5,9,9,6,3,2,3,4,5,3,3,3,1,0,2,1,2,3,0,2,2,1,0,0,2,1,0,0,0,0,1,0,0,0,0,0,0,1,0,0,0,0,0,0,0,0,0,0,0,0,0,0,0,0,0,0,0,0,0,0,0,0,0,0,0,0,0,0,0,0,0,0,0,0,0,0,0,0,0,0,0,0,0,0,0,0,0,0,0,0,0,0,0,0,0,0,0,0,0,0,0
0,0,0,0,0,0,0,1,0,0,0,0,0,0,0,1,1,0,2,1,3,2,0,0,8,3,7,4,4,3,5,7,6,3,1,13,12,11,4,8,9,16,9,16,11,16,15,16,14,19,19,15,21,19,18,14,34,29,23,29,40,22,27,34,23,30,27,37,29,34,22,38,36,31,37,32,28,26,24,29,19,20,25,24,14,15,14,19,17,12,8,23,9,13,17,8,8,12,11,6,6,7,5,5,3,1,3,6,5,6,1,5,1,6,3,2,1,1,1,0,1,1,0,0,0,0,0,0,1,0,0,0,0,0,0,0,0,0,0,0,0,0,0,0,1,0,0,0,0,0,0,0,0,0,0,0,0,0,0,0,0,0,0,0,0,0,0,0,0,0,0,0,0,0,0,0,0,0,0,0,0,0,0,0,1,0,0,0,0,0,0,0,0,0,0,0,0,0,0,0
0,0,0,0,0,0,0,0,1,1,0,0,0,0,0,0,3,1,3,0,0,2,2,1,2,1,4,3,9,3,4,6,3,8,4,8,6,4,10,7,10,13,13,14,8,12,18,13,25,18,25,11,20,25,20,24,28,21,25,39,36,22,30,38,25,20,37,32,20,23,25,26,21,22,14,25,17,20,21,28,19,12,20,28,12,16,19,12,12,13,16,8,10,14,7,10,9,3,5,5,4,3,2,5,3,6,3,3,4,2,5,0,5,1,2,1,1,0,2,0,3,0,1,1,1,1,0,0,0,0,0,0,1,0,0,0,0,1,0,0,0,0,0,0,0,0,0,0,0,0,0,0,0,0,0,0,0,0,0,0,0,0,0,0,0,0,0,0,0,0,0,0,0,0,0,0,0,0,0,0,0,0,0,0,0,0,0,0,0,0,0,0,0,0,0,0,0,0,0,0
0,0,0,0,0,0,1,0,0,0,0,0,0,2,0,1,0,1,2,0,2,1,2,1,3,1,2,3,5,2,1,5,2,1,6,8,9,15,7,9,6,7,13,11,9,12,17,22,23,17,25,24,18,27,16,21,18,30,26,19,26,22,38,23,21,35,20,33,25,22,27,38,26,21,19,27,32,25,27,20,25,22,14,18,28,17,20,12,22,11,11,15,12,6,6,11,9,6,7,10,5,2,2,3,2,2,2,10,1,3,4,4,0,3,2,0,1,1,2,1,2,0,1,0,2,1,0,1,0,0,1,0,2,1,0,0,0,0,0,0,1,0,0,0,0,0,0,0,0,0,0,0,0,0,0,0,0,0,0,0,0,0,0,0,0,0,0,0,0,0,0,0,0,0,0,0,0,0,0,0,0,0,0,0,0,0,0,0,0,0,0,0,0,0,0,0,0,0,0,0
0,0,0,0,0,0,1,0,0,1,1,0,1,0,0,0,2,3,1,2,0,1,0,1,4,2,6,0,1,4,5,6,2,6,4,5,4,10,9,11,9,6,14,15,12,12,10,12,31,14,20,20,12,23,28,16,26,23,26,23,20,17,24,25,26,29,25,37,26,26,37,25,23,20,30,19,20,16,33,31,18,15,21,21,11,15,25,25,16,8,20,10,12,6,7,10,9,4,5,9,3,5,6,4,3,2,1,2,3,2,3,1,1,1,1,3,1,1,1,1,0,0,0,0,0,0,0,0,0,0,0,0,0,1,1,0,0,0,0,0,0,0,0,0,0,0,0,0,0,0,0,0,0,0,0,0,0,0,0,0,0,0,0,0,0,0,0,0,0,0,0,0,0,0,0,0,0,0,0,0,0,0,0,0,0,0,0,0,0,0,0,0,0,0,0,0,0,0,0,0
0,1,1,0,0,0,0,1,1,0,0,0,0,0,0,1,2,1,0,0,0,0,1,3,0,0,2,2,3,2,4,1,4,5,9,4,8,6,11,11,10,13,12,16,12,18,14,12,23,24,16,16,16,22,21,21,31,21,24,16,26,31,27,31,27,23,36,31,21,22,34,31,36,26,23,19,26,20,31,21,14,26,15,20,18,10,18,16,16,17,9,12,16,13,9,10,5,6,3,6,9,2,3,6,5,5,4,2,3,2,0,1,2,2,3,2,1,1,2,1,0,1,0,0,0,1,1,0,0,0,0,0,0,0,0,0,0,0,0,0,0,0,0,0,0,0,0,0,0,0,1,0,0,0,0,0,0,0,0,0,0,0,0,1,0,0,0,0,0,0,0,0,0,0,0,0,0,0,0,0,0,0,0,0,0,0,0,0,0,0,0,0,0,0,0,0,0,0,0,0
0,0,0,0,0,1,0,0,1,0,0,1,1,1,0,2,3,0,1,1,0,0,0,3,3,2,2,5,4,4,2,6,5,5,7,7,4,6,7,4,5,11,10,9,13,13,12,14,16,19,23,16,22,22,25,16,24,22,26,34,23,19,37,26,35,33,26,29,26,27,23,37,24,19,27,29,15,22,24,19,23,21,13,15,19,12,8,4,11,12,9,12,8,5,13,4,11,7,8,9,3,4,3,2,5,2,5,3,4,3,8,5,2,2,0,3,3,0,1,0,0,0,2,0,0,0,0,0,1,1,0,0,0,0,0,0,0,0,0,0,0,0,0,0,0,0,0,0,0,0,0,0,0,0,0,0,0,0,0,0,0,0,0,0,0,0,1,0,0,0,0,0,0,0,0,0,0,0,0,0,0,0,0,0,0,0,0,0,0,0,0,0,0,0,0,0,0,0,0,0
0,0,0,0,0,0,0,0,0,0,0,0,1,1,0,1,1,2,2,2,4,0,0,2,2,3,2,1,2,6,2,3,5,4,5,2,5,2,6,8,6,10,9,17,17,17,13,19,19,13,19,13,21,33,14,15,20,17,18,25,26,22,23,37,29,27,39,29,26,27,25,25,18,27,20,25,22,19,22,12,20,18,21,14,21,16,11,14,14,15,9,7,13,15,6,7,7,6,5,3,4,10,3,2,4,0,1,2,1,1,4,1,3,2,2,3,1,0,0,0,0,0,0,0,0,0,0,0,1,0,0,0,0,0,0,0,0,0,0,0,0,0,0,0,0,0,0,0,0,0,0,0,0,0,0,0,0,0,0,0,0,0,0,0,0,0,0,0,0,0,0,0,0,0,0,0,0,0,0,0,0,0,0,0,0,0,0,0,0,0,0,0,0,0,0,0,0,0,0,0
0,1,1,0,0,0,1,0,0,1,0,0,0,0,0,1,2,0,2,1,1,1,1,1,4,1,3,0,3,3,2,3,1,5,4,5,5,12,5,6,6,14,6,14,9,13,5,6,24,13,18,15,24,23,21,14,24,22,18,27,30,23,24,24,19,23,28,26,24,23,24,25,24,23,26,18,14,17,22,24,17,16,17,16,14,14,13,10,17,11,12,12,8,15,5,9,8,10,2,6,4,2,1,2,4,5,3,1,2,2,3,0,2,2,1,0,2,0,1,0,1,1,1,0,0,0,0,0,1,0,0,0,0,0,0,0,0,0,0,0,0,0,0,0,0,0,0,0,0,0,0,0,0,0,0,0,0,0,0,0,0,0,0,0,0,0,0,0,0,0,0,0,0,0,0,0,0,0,0,0,0,0,0,0,0,0,0,0,0,0,0,0,0,0,0,0,0,0,0,0
0,0,0,0,0,0,1,0,0,0,1,0,0,0,0,0,2,1,1,1,2,1,0,2,0,2,3,3,6,2,2,5,4,7,7,9,6,10,5,8,7,12,9,10,6,13,6,13,16,20,20,18,15,19,15,20,23,20,18,34,21,25,25,29,22,27,20,23,19,25,21,22,24,14,25,26,15,16,23,18,15,21,14,23,10,13,13,12,6,11,7,13,9,6,1,5,11,9,7,9,3,7,2,5,3,2,4,3,3,3,3,3,3,2,1,0,1,1,0,0,1,0,1,1,0,0,0,0,1,0,0,1,0,0,0,1,0,0,0,0,0,0,0,0,0,0,0,0,0,0,0,0,0,0,1,0,0,0,0,0,0,0,0,0,0,0,0,0,0,0,0,0,0,0,0,0,0,0,0,0,0,0,0,0,0,0,0,0,0,0,0,0,0,0,0,0,0,0,0,0
0,0,0,0,0,1,0,1,0,1,1,0,0,0,0,0,1,0,0,3,1,2,1,1,2,4,5,0,2,4,4,3,3,3,4,5,4,4,5,7,9,4,12,12,7,15,8,16,16,23,22,12,18,23,28,16,23,29,15,24,18,19,19,22,30,20,28,24,23,23,15,27,18,19,28,17,24,23,27,15,15,12,20,12,14,11,14,13,9,11,10,10,8,8,9,7,7,7,3,8,3,1,3,2,1,2,1,5,5,3,2,4,3,1,0,2,0,2,1,0,0,0,1,0,0,0,0,0,0,0,0,0,0,0,0,0,0,0,2,0,0,0,0,0,0,0,0,0,0,0,0,0,0,0,0,0,0,0,0,1,0,0,0,0,0,0,0,0,0,0,0,0,0,0,0,0,0,0,0,0,0,0,0,0,0,0,0,0,0,0,0,0,0,0,0,0,0,0,0,0
0,0,0,0,0,0,0,0,0,0,0,0,0,0,0,0,0,1,1,0,0,3,0,1,3,3,6,1,1,4,2,6,0,6,6,3,6,8,4,6,10,9,13,12,10,9,11,12,11,15,16,6,11,18,18,17,20,23,11,21,21,13,31,19,16,22,26,23,16,28,30,16,30,16,15,25,18,17,23,15,24,15,12,18,15,11,16,10,15,11,7,8,6,5,9,6,7,12,3,5,5,8,1,4,3,5,4,2,0,0,2,1,1,5,2,1,0,0,0,0,2,1,1,0,1,0,0,0,0,0,0,0,0,0,0,0,1,0,0,0,1,0,0,0,0,0,0,0,0,0,0,0,0,0,0,0,0,0,0,0,0,0,0,0,0,0,0,0,0,0,0,0,0,0,0,0,0,0,0,0,0,0,0,0,0,0,0,0,0,0,0,0,0,0,0,0,0,0,0,0
0,1,0,0,0,0,0,0,1,0,0,1,0,0,0,0,0,1,3,1,0,1,1,2,1,0,4,2,1,3,3,1,2,5,5,6,4,5,3,5,9,15,10,6,10,14,3,10,19,11,13,16,13,21,19,19,18,16,22,21,16,21,30,22,18,14,24,20,31,15,28,25,23,13,21,29,20,17,21,9,21,15,17,8,14,15,13,6,7,9,12,12,8,6,8,4,7,6,5,9,1,4,3,5,5,4,3,3,2,0,3,3,0,1,0,2,0,1,2,0,0,0,1,0,0,0,1,0,0,0,0,0,0,0,0,0,0,0,0,0,0,0,0,0,0,0,0,0,0,0,0,0,0,0,0,0,0,0,0,0,0,0,0,0,0,0,0,0,0,0,0,0,0,0,0,0,0,0,0,0,0,0,0,0,0,0,0,0,0,0,0,0,0,0,0,0,0,0,0,0
0,0,0,0,0,0,0,0,0,0,1,1,0,0,0,0,0,1,0,1,1,1,1,1,2,2,3,0,0,1,2,3,3,1,2,3,9,9,7,9,7,7,8,15,12,17,14,12,21,14,18,22,15,22,16,10,20,18,19,21,22,31,28,23,23,23,19,16,18,26,22,16,29,11,21,27,16,13,20,10,11,16,6,12,13,7,4,10,5,8,10,9,7,8,6,8,6,11,3,2,3,1,4,3,4,3,2,3,0,2,0,3,1,1,0,0,2,1,0,1,0,1,0,0,3,0,0,0,0,1,0,0,0,0,0,0,0,0,0,0,0,0,0,0,0,0,0,0,0,0,0,0,0,0,0,0,0,0,0,0,0,0,0,0,0,0,0,0,0,0,0,0,0,0,0,0,0,0,0,0,0,0,0,0,0,0,0,0,0,0,0,0,0,0,0,0,0,0,0,0
0,0,0,0,0,2,0,0,0,0,1,0,1,1,0,0,1,0,3,1,1,3,0,1,2,3,1,3,2,3,5,4,2,5,3,4,3,11,4,4,9,8,9,6,9,12,9,10,18,9,23,13,15,18,14,20,18,16,23,24,17,19,21,24,25,25,21,9,20,22,23,17,18,16,12,23,22,16,21,8,19,13,14,9,10,13,9,17,10,9,9,10,8,8,6,6,3,5,7,4,3,4,6,2,2,2,3,2,3,2,2,1,2,0,1,1,0,1,1,0,1,0,1,0,0,0,1,1,0,0,1,0,0,0,0,0,0,0,1,0,0,0,0,0,0,0,0,0,0,0,0,0,0,0,0,0,0,0,0,0,0,0,0,0,0,0,0,0,0,0,0,0,0,0,0,0,0,0,0,0,0,0,0,0,0,0,0,0,0,0,0,0,0,0,0,0,0,0,0,0
0,0,0,0,0,0,1,0,0,0,0,0,0,1,0,1,1,1,0,1,0,0,0,2,3,0,1,1,3,4,1,1,2,2,3,5,2,3,8,8,13,17,9,12,9,16,9,9,17,11,13,22,11,30,13,7,14,26,18,24,23,18,26,19,24,15,23,15,16,25,25,28,11,24,16,15,15,12,21,9,22,19,17,19,15,17,11,9,8,8,6,6,2,3,6,8,3,6,2,2,2,1,2,0,2,2,1,1,4,3,4,0,3,1,5,1,3,0,0,0,0,1,0,0,0,0,1,0,0,0,0,0,0,0,0,0,0,0,0,0,0,0,0,0,0,0,0,0,0,0,0,0,0,0,0,0,0,0,0,0,0,0,0,0,0,0,0,0,0,0,0,0,0,0,0,0,0,0,0,0,0,0,0,0,0,0,0,0,0,0,0,0,0,0,0,0,0,0,0,0
0,0,0,0,0,0,0,0,0,0,0,0,0,0,0,1,1,1,3,2,2,1,0,2,0,1,1,1,0,2,5,1,3,5,1,1,1,7,8,5,10,6,9,8,9,8,13,11,15,7,9,10,18,17,9,17,15,17,21,23,24,15,25,18,21,23,27,20,21,14,15,17,14,20,20,17,17,17,21,11,12,10,12,14,11,14,8,7,8,11,8,7,3,5,4,5,2,1,2,5,4,4,5,3,1,1,3,3,1,1,0,2,0,2,3,1,0,0,0,1,0,1,0,0,1,0,0,0,0,0,0,0,1,0,1,0,0,0,0,0,0,0,1,0,0,0,0,0,0,0,0,0,1,0,1,0,0,0,0,0,0,0,0,0,0,0,0,0,0,0,0,0,0,0,0,0,0,0,0,0,0,0,0,0,0,0,0,0,0,0,0,0,0,0,0,0,0,0,0,0
0,0,0,0,0,0,1,0,0,0,0,0,1,0,0,1,0,1,3,2,1,1,0,0,0,3,1,1,0,1,2,8,3,0,3,7,8,3,2,4,9,7,7,13,6,12,4,10,11,10,14,12,14,16,12,12,19,28,16,20,17,24,22,17,16,18,21,29,13,16,14,22,16,13,12,16,19,17,16,16,12,11,13,14,6,14,12,12,15,12,4,9,5,3,6,5,3,5,2,3,1,5,5,3,3,3,4,1,2,0,2,2,1,1,0,0,1,0,0,0,0,0,0,1,0,0,0,0,0,0,0,0,0,0,0,0,0,0,0,0,0,0,0,0,0,0,0,0,0,0,0,0,0,0,0,0,0,0,0,0,0,0,0,0,0,0,0,0,0,0,0,0,0,0,0,0,0,0,0,0,0,0,0,0,0,0,0,0,0,0,0,0,0,0,0,0,0,0,0,0
0,0,1,0,0,1,0,0,0,0,1,0,0,0,0,0,0,0,0,2,0,0,0,0,2,1,2,3,2,1,4,3,2,6,3,6,3,5,5,6,7,4,11,12,9,11,9,6,12,8,20,7,16,24,13,19,22,15,15,16,18,9,14,15,21,20,21,10,28,21,14,18,16,15,9,15,17,18,19,25,7,13,12,15,10,12,11,12,11,7,10,4,6,5,6,5,6,5,3,3,8,3,5,2,1,1,2,1,1,1,0,1,0,1,0,0,0,0,1,0,0,0,0,0,0,0,1,0,0,0,0,0,0,0,2,0,0,0,0,0,0,0,0,0,0,0,0,0,0,0,0,0,0,0,0,0,0,0,0,0,0,0,0,0,0,0,0,0,0,0,0,0,0,0,0,0,0,0,0,0,0,0,0,0,0,0,0,0,0,0,0,0,0,0,0,0,0,0,0,0
0,0,0,0,0,0,0,0,0,0,0,0,0,0,0,0,0,0,2,0,0,0,0,2,1,1,3,0,3,3,1,1,4,3,3,4,3,5,7,9,6,9,9,11,10,8,6,8,17,6,8,14,10,23,18,13,17,14,13,23,27,20,17,25,16,13,20,17,14,22,16,21,23,15,15,15,14,21,11,14,11,15,19,12,5,9,11,6,10,7,11,7,9,9,5,5,6,3,5,5,4,3,5,1,2,1,3,1,1,1,0,0,2,1,0,1,1,2,0,0,0,0,0,1,0,0,0,0,0,0,0,0,1,0,0,0,0,0,0,0,0,0,0,0,0,0,0,0,0,0,0,0,0,0,0,0,0,0,0,0,0,0,0,0,0,0,0,0,0,0,0,0,0,0,0,0,0,0,0,0,0,0,0,0,0,0,0,0,0,0,0,0,0,0,0,0,0,0,0,0
0,0,0,0,0,0,0,1,0,0,0,0,0,0,0,0,0,0,0,0,1,2,1,1,0,3,3,2,3,2,3,3,4,4,0,5,3,12,6,2,3,12,7,9,8,8,15,12,16,11,9,10,12,23,17,7,20,25,13,10,12,18,16,13,16,22,28,20,14,17,24,23,17,19,13,14,22,15,16,8,16,10,13,9,11,7,13,9,11,10,10,5,7,2,4,8,7,2,2,5,1,4,3,3,2,1,2,4,1,2,2,1,2,0,1,0,0,2,1,1,0,0,0,0,0,0,0,0,0,0,1,0,0,0,0,0,0,0,0,0,0,0,0,1,0,0,0,0,0,0,0,0,0,0,0,0,0,0,0,0,0,0,0,0,0,0,0,0,0,0,0,0,0,0,0,0,0,0,0,0,0,0,0,0,0,0,0,0,0,0,0,0,0,0,0,0,0,0,0,0
0,0,1,0,0,0,0,0,0,1,0,0,0,0,0,1,2,1,1,1,1,2,0,0,1,1,2,1,3,4,2,1,3,3,3,3,4,9,4,8,5,13,8,7,5,8,15,10,18,12,11,6,12,19,14,13,13,18,14,20,21,8,19,14,20,14,18,18,16,12,15,20,12,13,17,16,18,18,19,8,12,10,11,14,17,10,11,4,5,4,9,3,0,7,4,7,7,2,6,6,2,2,3,2,2,3,0,0,1,3,2,1,0,0,0,0,1,0,0,2,0,0,0,0,0,0,0,0,0,0,0,0,1,0,0,0,0,0,0,0,0,0,0,0,0,0,0,0,0,0,0,0,0,0,0,0,0,0,0,0,0,0,0,0,0,0,0,0,0,0,0,0,0,0,0,0,0,0,0,0,0,0,0,0,0,0,0,0,0,0,0,0,0,0,0,0,0,0,0,0
0,0,0,0,0,0,0,0,0,0,0,0,0,0,0,1,1,0,0,1,0,0,3,1,4,2,1,0,3,2,3,4,7,6,4,3,7,7,6,8,7,6,3,9,6,10,10,17,9,5,12,10,10,8,12,12,12,11,15,10,11,14,16,27,21,17,17,19,14,12,9,11,15,11,12,20,18,11,19,14,17,8,5,8,10,7,9,6,4,11,5,4,6,3,8,2,4,3,4,1,2,2,0,5,3,0,1,2,1,1,3,1,0,1,1,1,0,1,1,1,0,0,0,0,1,0,0,0,0,0,0,0,0,0,0,0,0,0,0,1,0,0,0,0,0,0,0,0,0,0,0,0,0,0,0,0,0,0,0,0,0,0,0,0,0,0,0,0,0,0,0,0,0,0,0,0,0,0,0,0,0,0,0,0,0,0,0,0,0,0,0,0,0,0,0,0,0,0,0,0
0,0,0,0,0,0,0,0,0,0,0,0,0,0,1,1,0,0,2,0,2,0,1,1,2,0,1,1,1,2,3,2,3,2,3,7,4,8,4,13,1,6,7,6,7,12,5,9,11,6,11,11,8,16,10,11,15,12,12,16,17,15,13,15,14,16,11,16,10,14,22,17,16,15,18,6,14,9,18,13,4,8,13,13,11,10,1,5,10,9,11,7,1,4,3,5,1,5,5,3,2,3,3,4,0,2,1,2,0,0,0,1,0,2,0,0,0,2,1,0,0,0,0,0,1,0,0,0,0,0,0,0,1,0,0,0,0,0,0,0,0,0,0,0,0,0,0,0,0,0,0,0,0,0,0,0,0,0,0,0,0,0,0,0,0,0,0,0,0,0,0,0,0,0,0,0,0,0,0,0,0,0,0,0,0,0,0,0,0,0,0,0,0,0,0,0,0,0,0,0
0,0,0,0,0,0,1,0,0,0,0,0,0,0,0,0,0,2,1,0,0,0,2,0,1,2,3,0,1,3,2,4,1,3,2,6,1,4,5,9,3,5,7,11,5,6,10,10,12,9,7,5,14,16,13,16,20,8,15,13,10,16,15,30,12,19,13,10,11,14,14,18,14,10,18,10,5,13,9,18,12,7,15,10,5,8,7,9,6,9,6,9,3,5,2,3,4,6,2,2,2,1,0,0,4,2,1,3,2,1,0,1,1,4,2,0,0,0,1,1,0,1,0,0,0,0,0,0,0,0,0,0,0,0,0,0,0,0,0,0,0,0,0,0,0,0,0,0,0,0,0,0,0,0,0,0,0,0,0,0,0,0,0,0,0,0,0,0,0,0,0,0,0,0,0,0,0,0,0,0,0,0,0,0,0,0,0,0,0,0,0,0,0,0,0,0,0,0,0,0
0,0,0,0,0,0,0,0,0,0,0,1,1,1,0,1,0,0,2,1,1,1,0,0,4,1,2,3,2,1,6,2,5,2,3,2,3,10,4,6,4,3,7,9,6,12,9,6,11,8,18,7,8,19,15,17,11,10,19,13,13,18,12,22,22,15,16,15,7,23,15,10,10,9,12,15,12,9,15,16,8,11,9,10,8,12,15,4,10,7,7,10,5,6,9,2,2,2,2,2,5,2,0,1,3,2,1,1,1,2,2,1,0,0,1,0,0,2,0,0,0,0,2,0,1,0,0,1,0,0,0,0,0,0,0,2,0,0,0,0,0,0,0,0,0,0,0,0,0,0,0,0,0,0,0,0,0,0,0,0,0,0,0,0,0,0,0,0,0,0,0,0,0,0,0,0,0,0,0,0,0,0,0,0,0,0,0,0,0,0,0,0,0,0,0,0,0,0,0,0
0,0,0,0,0,0,0,0,0,0,0,0,0,0,0,1,0,2,0,1,0,2,1,1,2,2,1,2,3,1,1,2,4,8,1,4,3,6,4,3,5,3,11,8,9,6,12,12,8,4,11,13,8,14,11,4,13,18,21,11,15,15,15,17,24,14,16,11,10,21,17,19,18,7,13,16,11,11,9,8,10,10,4,6,14,8,13,4,6,7,4,3,5,4,2,2,2,2,2,4,1,3,2,0,2,4,1,0,2,0,1,0,0,0,1,0,0,0,0,1,1,0,0,0,0,0,0,0,0,0,0,0,0,0,0,0,0,0,0,0,0,0,0,0,0,0,1,0,0,0,0,0,0,0,0,0,0,0,0,0,0,0,0,0,0,0,0,0,0,0,0,0,0,0,0,0,0,0,0,0,0,0,0,0,0,0,0,0,0,0,0,0,0,0,0,0,0,0,0,0
0,0,0,0,0,0,0,0,0,0,0,0,1,0,0,2,0,0,0,1,1,0,1,1,1,1,1,1,2,0,2,2,3,2,1,2,5,5,4,4,4,7,11,12,7,5,5,11,6,11,8,10,13,15,7,12,10,15,22,15,11,17,15,24,11,10,15,17,20,12,15,12,17,12,15,13,8,9,9,12,11,7,10,10,6,6,10,7,10,3,7,4,5,1,6,4,2,0,3,2,3,6,3,2,2,0,2,4,1,0,1,2,2,0,0,0,1,0,0,1,1,0,1,0,0,0,0,0,0,0,0,0,0,0,0,0,0,0,0,0,0,0,0,0,0,0,0,0,0,0,0,0,0,0,0,0,0,0,0,0,0,0,0,0,0,0,0,0,0,0,0,0,0,0,0,0,0,0,0,0,0,0,0,0,0,0,0,0,0,0,0,0,0,0,0,0,0,0,0,0
0,0,0,0,0,0,0,0,0,0,0,0,0,1,0,0,0,0,0,0,0,0,1,1,2,1,1,0,0,1,4,1,4,1,2,9,3,7,3,8,0,9,3,6,5,8,9,8,7,11,11,10,16,16,15,13,8,13,9,13,15,9,11,13,13,6,17,11,15,8,10,15,15,12,11,9,9,13,13,13,8,9,12,4,7,6,10,8,6,6,3,5,1,5,5,3,1,5,9,3,4,7,3,2,1,2,0,0,0,1,3,0,0,0,2,0,1,0,0,1,1,0,1,0,0,0,0,0,0,1,1,0,0,0,0,0,0,0,0,0,0,0,0,0,0,0,0,0,0,0,0,0,0,0,0,0,0,0,0,0,0,0,0,0,0,0,0,0,0,0,0,0,0,0,0,0,0,0,0,0,0,0,0,0,0,0,0,0,0,0,0,0,0,0,0,0,0,0,0,0
0,1,1,0,0,0,0,0,0,0,1,0,0,0,0,1,0,0,1,0,0,0,0,1,1,2,2,3,2,3,2,2,2,2,2,0,3,0,9,3,8,8,15,12,8,3,7,10,12,7,11,14,10,5,10,10,16,12,14,9,11,15,16,15,11,19,11,8,19,12,14,6,7,12,14,12,9,8,9,11,7,5,12,4,12,7,7,8,5,7,2,4,3,0,2,3,6,5,1,1,4,3,3,2,1,2,1,1,3,1,1,4,1,1,0,1,0,0,0,1,0,0,0,2,0,0,0,0,0,0,0,0,0,1,1,0,0,0,0,1,0,0,0,0,0,0,0,0,0,0,0,0,0,0,0,0,0,0,0,0,0,0,0,0,0,0,0,0,0,0,0,0,0,0,0,0,0,0,0,0,0,0,0,0,0,0,0,0,0,0,0,0,0,0,0,0,0,0,0,0
0,0,0,0,0,0,0,0,0,0,0,0,0,0,0,0,0,0,0,1,1,0,1,0,1,2,1,0,3,0,0,2,3,2,1,4,4,4,3,5,8,6,2,4,4,8,4,6,13,7,7,4,5,8,11,12,9,11,19,8,12,9,17,7,16,12,19,20,14,9,13,14,11,11,6,12,12,11,8,6,13,7,7,7,10,9,8,4,12,3,3,4,5,11,5,1,2,1,5,1,0,3,4,1,1,1,0,1,2,0,1,1,0,1,0,0,0,0,0,1,0,0,0,0,0,1,0,0,0,0,0,1,1,0,0,0,0,0,0,0,0,0,0,0,0,0,0,0,0,0,0,0,1,0,0,0,0,0,0,0,0,0,0,0,0,0,0,0,0,0,0,0,0,0,0,0,0,0,0,0,0,0,0,0,0,0,0,0,0,0,0,0,0,0,0,0,0,0,0,0
0,0,0,0,0,1,0,0,0,0,0,0,0,0,0,0,0,0,0,2,1,0,0,0,2,3,2,1,2,1,2,0,3,1,2,3,4,5,2,1,5,6,10,6,3,8,3,5,8,7,12,8,9,8,8,6,10,9,17,9,13,13,11,8,14,9,11,15,13,25,10,10,20,11,12,12,13,6,9,10,5,7,8,7,8,4,6,4,6,7,2,2,4,1,4,4,1,3,3,2,1,3,1,1,3,1,3,1,0,1,0,1,0,1,0,0,0,0,1,0,0,1,1,0,0,0,0,0,0,0,0,0,0,1,0,0,0,0,0,0,0,0,0,0,0,0,0,0,0,0,0,0,0,0,0,0,0,0,0,0,0,0,0,0,0,0,0,0,0,0,0,0,0,0,0,0,0,0,0,0,0,0,0,0,0,0,0,0,0,0,0,0,0,0,0,0,0,0,0,0
0,0,0,0,0,0,0,0,0,0,0,0,0,1,0,0,0,0,2,0,0,1,0,0,1,0,1,1,2,1,0,5,1,6,3,5,1,4,0,8,0,2,3,11,7,9,5,8,14,5,8,15,8,8,5,13,15,10,9,12,11,11,13,8,13,10,13,8,8,12,8,20,16,12,17,14,15,14,4,11,6,12,9,6,11,2,3,3,4,3,3,1,4,3,5,4,3,5,1,5,4,1,0,1,0,2,1,2,0,0,1,1,1,2,0,0,0,0,0,1,0,0,0,0,1,0,0,0,1,0,0,0,0,0,0,0,0,0,0,0,0,0,0,0,0,0,0,0,0,0,0,0,0,0,0,0,0,0,0,0,0,0,0,0,0,0,0,0,0,0,0,0,0,0,0,0,0,0,0,0,0,0,0,0,0,0,0,0,0,0,0,0,0,0,0,0,0,0,0,0
0,0,0,0,0,0,0,0,0,0,0,0,0,0,0,0,0,0,1,0,0,0,2,0,0,2,1,0,4,2,0,2,3,4,4,0,3,5,6,3,6,7,10,6,4,8,9,8,10,5,10,5,9,5,12,8,15,17,10,9,15,14,9,13,14,9,14,6,5,9,15,11,16,12,11,14,11,12,11,4,10,10,2,10,8,5,7,3,6,7,6,3,6,8,3,3,6,4,1,0,2,1,2,2,0,0,1,0,0,1,1,1,2,0,0,1,0,0,0,1,0,0,1,0,0,0,0,0,0,0,0,0,0,0,0,0,0,0,0,0,0,0,0,0,0,0,0,0,0,0,0,0,0,0,0,0,0,0,0,0,0,0,0,0,0,0,0,0,0,0,0,0,0,0,0,0,0,0,0,0,0,0,0,0,0,0,0,0,0,0,0,0,0,0,0,0,0,0,0,0
0,0,0,0,0,0,0,0,0,0,0,0,1,0,0,0,0,0,0,1,0,0,0,0,3,1,0,0,4,2,1,2,1,2,1,1,2,6,5,6,4,6,1,4,5,7,5,5,12,3,11,6,5,17,8,9,11,7,11,10,11,14,10,25,10,13,16,13,12,8,9,12,7,12,11,5,7,8,6,7,10,5,7,8,9,8,6,9,4,4,4,3,4,1,2,2,4,6,3,2,7,1,3,1,1,1,2,0,0,2,0,1,2,1,1,0,0,0,0,0,1,0,0,1,0,0,1,0,0,1,0,0,0,0,0,0,0,1,0,0,0,0,0,0,0,0,0,0,0,0,0,0,0,0,0,0,0,0,0,0,0,0,0,0,0,0,0,0,0,0,0,0,0,0,0,0,0,0,0,0,0,0,0,0,0,0,0,0,0,0,0,0,0,0,0,0,0,0,0,0
0,0,0,0,0,0,0,2,1,0,0,0,2,0,0,0,1,1,0,0,0,0,1,0,1,2,0,4,2,2,0,4,1,0,4,6,2,4,7,1,3,5,6,3,6,8,5,7,8,10,9,8,14,17,11,5,11,12,13,7,17,15,9,11,17,12,16,13,19,10,19,12,14,15,11,8,16,16,7,11,4,9,6,8,9,4,5,7,6,4,3,1,1,2,1,1,4,1,4,1,4,2,1,3,1,4,2,3,0,0,0,0,0,1,1,0,0,0,0,0,0,0,0,0,0,0,1,0,1,0,0,0,0,0,0,0,0,0,0,0,0,0,0,0,0,0,0,0,0,1,0,0,0,0,0,0,0,0,0,0,0,0,0,0,0,0,0,0,0,0,0,0,0,0,0,0,0,0,0,0,0,0,0,0,0,0,0,0,0,0,0,0,0,0,0,0,0,0,0,0
0,0,1,0,0,0,0,0,0,0,0,0,2,1,0,0,0,0,3,0,1,1,1,1,2,1,1,0,2,1,2,3,0,1,3,4,4,7,4,4,1,6,7,6,4,7,2,7,9,5,7,8,8,6,13,12,10,7,13,9,7,12,7,12,14,13,11,13,11,10,14,13,6,7,6,7,8,7,5,6,5,8,6,5,5,1,5,10,1,2,5,5,5,3,0,0,1,0,4,2,3,3,1,1,2,1,2,0,1,1,0,0,1,0,0,0,2,1,0,1,0,1,0,2,1,0,0,0,0,0,0,0,1,0,0,0,0,0,0,0,0,0,0,0,0,0,0,0,0,0,0,0,0,0,0,0,0,0,0,0,0,0,0,0,0,0,0,0,0,0,0,0,0,0,0,0,0,0,0,0,0,0,0,0,0,0,0,0,0,0,0,0,0,0,0,0,0,0,0,0
0,0,0,0,0,0,0,0,0,0,0,0,0,0,0,0,0,2,2,0,0,0,1,0,1,0,1,0,2,1,1,2,1,1,0,6,1,1,2,7,2,4,7,7,5,5,7,4,9,3,4,4,8,5,9,13,8,14,7,4,12,10,13,10,10,7,14,8,7,5,17,9,10,9,8,11,9,9,5,5,10,10,4,8,9,4,1,2,6,6,9,4,4,1,5,4,2,4,4,1,2,6,3,1,2,3,3,0,2,0,0,0,1,0,0,1,1,0,1,0,0,0,0,0,0,0,0,0,0,0,0,0,0,0,0,0,0,0,0,0,0,0,0,0,0,0,0,0,0,0,0,0,0,0,0,0,0,0,0,0,0,0,0,0,0,0,0,0,0,0,0,0,0,0,0,0,0,0,0,0,0,0,0,0,0,0,0,0,0,0,0,0,0,0,0,0,0,0,0,0
0,1,0,0,0,0,0,0,0,0,0,0,0,0,0,0,0,0,2,3,2,0,0,0,1,1,1,0,0,1,0,0,0,2,8,1,5,6,0,3,7,4,1,2,3,6,2,4,9,7,8,4,7,6,5,7,6,4,9,4,7,14,10,10,10,6,9,9,14,11,6,8,12,13,12,11,5,14,14,10,5,2,6,5,7,2,4,5,7,5,4,1,4,1,0,1,1,0,1,3,3,1,1,1,1,0,0,0,0,0,1,0,2,0,1,0,0,0,0,0,0,0,0,0,0,0,0,0,0,0,0,0,0,0,0,0,0,0,0,0,0,0,0,0,0,0,0,0,0,0,0,0,0,0,0,0,0,0,0,0,0,0,0,0,0,0,0,0,0,0,0,0,0,0,0,0,0,0,0,0,0,0,0,0,0,0,0,0,0,0,0,0,0,0,0,0,0,0,0,0
0,0,1,0,0,0,0,0,0,0,0,0,1,0,0,0,0,1,0,1,0,0,0,0,1,1,2,2,1,1,0,0,2,2,4,2,4,4,3,8,3,0,7,2,2,6,8,3,9,9,5,7,3,18,3,11,7,8,10,8,8,2,10,10,13,8,10,5,9,8,12,13,11,12,9,8,9,7,7,7,8,4,8,6,5,6,5,8,4,5,4,2,1,0,7,3,3,1,2,3,1,0,1,1,1,1,0,0,0,0,0,1,0,1,1,0,0,0,0,1,0,0,0,0,0,0,0,0,0,0,0,0,0,0,0,0,0,0,0,0,0,0,0,0,0,0,0,0,0,0,0,0,0,0,0,0,0,0,0,0,0,0,0,0,0,0,0,0,0,0,0,0,0,0,0,0,0,0,0,0,0,0,0,0,0,0,0,0,0,0,0,0,0,0,0,0,0,0,0,0
0,0,0,0,0,0,0,0,0,0,0,0,0,0,0,0,0,1,0,0,1,0,0,0,0,2,0,0,3,1,1,3,0,1,0,2,0,5,5,5,2,7,7,9,7,2,6,6,13,9,5,8,3,9,6,7,6,6,17,6,7,7,14,10,10,13,10,12,3,10,14,6,7,4,8,10,10,9,8,7,9,6,7,4,4,5,11,6,3,1,4,0,5,5,1,0,2,4,2,2,1,0,3,0,1,0,1,0,3,2,2,1,0,0,0,1,0,0,0,0,1,0,0,0,0,0,0,0,0,0,0,0,0,0,0,0,0,0,0,0,0,0,0,0,0,0,0,0,0,0,0,0,0,0,0,0,0,0,0,0,0,0,0,0,0,0,0,0,0,0,0,0,0,0,0,0,0,0,0,0,0,0,0,0,0,0,0,0,0,0,0,0,0,0,0,0,0,0,0,0
0,1,0,0,0,0,0,0,0,0,0,0,1,0,0,0,0,0,0,0,0,0,0,1,1,0,1,1,0,1,2,0,3,1,2,2,3,6,1,4,6,3,4,8,5,2,5,3,9,6,5,7,6,8,12,13,10,12,10,14,10,9,12,9,9,6,10,8,6,6,6,10,5,6,7,7,9,11,14,3,7,5,6,9,6,2,4,2,5,4,0,2,3,5,3,3,3,2,0,1,1,0,2,2,0,1,1,0,1,0,1,1,1,0,2,1,0,0,0,0,0,0,0,0,0,0,0,0,0,0,0,1,0,0,0,0,0,0,0,0,0,0,0,0,0,0,0,0,0,0,0,0,0,0,0,0,0,0,0,0,0,0,0,0,0,0,0,0,0,0,0,0,0,0,0,0,0,0,0,0,0,0,0,0,0,0,0,0,0,0,0,0,0,0,0,0,0,0,0,0
0,0,0,0,0,0,0,0,0,0,1,0,0,0,0,0,0,0,1,0,2,1,0,2,0,1,1,0,1,0,0,1,5,0,3,2,3,5,4,1,5,6,2,1,3,5,7,4,5,5,6,8,4,15,7,2,8,7,9,6,7,13,11,11,10,5,9,3,8,7,9,5,10,5,6,12,4,6,15,8,5,3,7,9,3,7,5,7,10,4,3,2,2,2,0,2,2,3,3,3,0,3,4,0,1,3,2,2,0,1,1,0,0,0,0,0,0,0,0,0,0,1,1,0,0,0,0,0,0,0,0,0,0,0,0,0,0,0,0,0,0,0,0,0,0,0,0,0,0,0,0,0,0,0,0,0,0,0,0,0,0,0,0,0,0,0,0,0,0,0,0,0,0,0,0,0,0,0,0,0,0,0,0,0,0,0,0,0,0,0,0,0,0,0,0,0,0,0,0,0
0,0,1,0,0,0,0,0,0,0,0,0,0,0,0,1,2,0,0,1,1,0,1,0,2,0,0,1,1,0,1,5,0,4,2,4,1,2,5,2,4,2,10,3,2,3,4,5,4,4,5,6,6,14,7,8,9,11,7,7,7,6,7,4,9,6,12,15,8,11,11,9,7,5,12,5,13,8,8,10,8,7,4,3,7,3,2,5,8,5,5,4,1,4,2,2,1,2,2,3,0,1,3,2,0,1,3,0,3,0,0,0,1,0,0,0,1,0,0,0,0,0,0,0,0,0,0,0,0,0,0,0,0,0,0,0,0,0,0,0,0,0,0,0,0,0,0,0,0,0,0,0,0,0,0,0,0,0,0,0,0,0,0,0,0,0,0,0,0,0,0,0,0,0,0,0,0,0,0,0,0,0,0,0,0,0,0,0,0,0,0,0,0,0,0,0,0,0,0,0
0,0,0,0,0,0,0,0,0,0,0,0,0,0,0,0,1,0,1,0,1,1,0,0,3,2,2,2,2,3,0,4,4,1,0,1,4,3,2,4,5,5,6,5,3,3,3,10,5,8,11,5,6,6,11,5,9,14,10,5,3,7,11,10,9,9,13,3,5,14,12,6,5,1,6,8,4,7,12,7,7,7,7,7,5,2,5,4,6,2,2,1,3,4,3,2,2,1,1,3,1,1,0,0,1,0,1,0,1,2,0,0,1,0,1,0,0,1,0,0,1,0,0,0,0,0,0,0,0,0,0,0,0,0,0,0,0,0,0,0,0,0,0,0,0,0,0,0,0,0,0,0,0,0,0,0,0,0,0,0,0,0,0,0,0,0,0,0,0,0,0,0,0,0,0,0,0,0,0,0,0,0,0,0,0,0,0,0,0,0,0,0,0,0,0,0,0,0,0,0
0,0,1,0,0,1,0,1,0,0,0,0,0,0,0,1,0,1,0,1,0,0,0,0,1,1,2,0,0,2,0,0,1,4,1,3,1,5,2,3,1,4,3,5,5,5,4,2,4,13,7,5,7,5,7,7,6,7,8,11,9,8,8,9,9,7,5,9,10,6,4,9,8,8,6,4,5,5,9,2,6,7,3,4,6,5,4,4,1,6,3,5,8,1,3,2,2,2,1,0,0,1,4,1,3,0,0,0,0,0,0,0,0,0,0,0,0,0,2,0,0,1,0,0,0,0,0,0,1,0,0,0,0,0,0,0,0,0,0,0,0,0,0,0,0,0,0,0,0,0,0,0,0,0,0,0,0,0,0,0,0,0,0,0,0,0,0,0,0,0,0,0,0,0,0,0,0,0,0,0,0,0,0,0,0,0,0,0,0,0,0,0,0,0,0,0,0,0,0,0
0,0,0,0,0,0,0,0,0,0,0,0,0,0,0,0,1,0,1,0,0,1,1,1,1,1,0,2,1,0,2,0,0,0,0,1,5,4,6,3,0,3,6,1,3,4,3,9,0,7,1,6,7,8,9,9,5,7,9,3,10,13,12,12,8,7,9,12,7,8,5,11,10,7,10,5,5,6,6,7,4,3,5,9,1,2,4,2,1,7,2,3,0,3,3,2,2,3,2,2,0,2,0,1,1,0,0,1,0,0,1,1,0,0,2,1,0,1,0,0,0,1,0,0,0,0,1,0,0,0,1,0,1,0,0,0,0,0,0,0,0,0,0,0,0,0,0,0,0,0,0,0,0,0,0,0,0,0,0,0,0,0,0,0,0,0,0,0,0,0,0,0,0,0,0,0,0,0,0,0,0,0,0,0,0,0,0,0,0,0,0,0,0,0,0,0,0,0,0,0
0,0,0,0,0,0,0,0,0,0,0,0,1,1,0,0,1,1,2,0,1,0,0,1,0,0,0,1,1,1,2,1,1,1,1,6,2,3,2,2,3,4,4,3,2,6,3,2,5,4,3,9,8,4,4,5,9,5,9,6,4,9,8,9,6,5,10,8,5,11,8,5,3,8,4,7,7,4,1,8,4,3,3,2,3,4,4,4,5,4,0,4,1,3,1,2,2,0,2,2,4,1,0,1,0,1,0,2,0,0,3,0,1,0,0,0,1,0,0,0,0,0,0,0,0,0,0,0,0,0,0,0,0,0,0,0,1,0,0,0,0,0,0,0,0,0,0,0,0,0,0,0,0,0,0,0,0,0,0,0,0,0,0,0,0,0,0,0,0,0,0,0,0,0,0,0,0,0,0,0,0,0,0,0,0,0,0,0,0,0,0,0,0,0,0,0,0,0,0,0
0,0,0,0,0,0,0,0,0,0,0,0,0,0,0,0,0,0,0,0,0,0,0,2,0,0,0,0,1,1,1,2,0,0,5,1,2,5,3,4,7,5,3,6,3,6,4,3,5,3,12,4,8,10,4,7,7,9,7,3,10,5,9,14,5,8,8,4,6,6,9,7,5,4,10,5,8,5,7,4,3,0,4,7,8,2,3,9,3,3,3,1,4,3,4,3,3,1,2,1,1,1,2,0,1,2,0,0,0,2,1,0,1,1,1,0,0,1,0,0,0,0,0,0,1,0,0,1,0,0,0,0,0,0,0,0,0,0,0,0,0,0,0,0,0,0,0,0,0,0,0,0,0,0,0,0,0,0,0,0,0,0,0,0,0,0,0,0,0,0,0,0,0,0,0,0,0,0,0,0,0,0,0,0,0,0,0,0,0,0,0,0,0,0,0,0,0,0,0,0
0,0,0,0,0,0,0,0,0,0,0,0,0,0,0,0,0,1,0,2,3,0,0,0,0,2,0,0,2,1,2,0,2,4,3,2,1,2,2,0,3,2,5,3,4,8,4,2,4,2,6,7,6,7,6,4,7,5,9,7,6,6,6,10,13,8,8,9,8,11,5,8,15,4,7,7,7,3,3,8,5,7,2,3,4,3,3,1,3,2,1,3,2,3,0,3,2,1,2,0,1,3,0,2,1,1,1,0,0,1,0,0,0,0,0,0,0,0,0,0,0,0,1,0,0,0,0,0,0,0,0,0,0,0,0,0,0,0,0,0,0,0,0,0,0,0,0,0,0,0,0,0,0,0,0,0,0,0,0,0,0,0,0,0,0,0,0,0,0,0,0,0,0,0,0,0,0,0,0,0,0,0,0,0,0,0,0,0,0,0,0,0,0,0,0,0,0,0,0,0
0,0,0,0,0,0,1,0,0,0,0,0,0,0,0,1,0,0,0,1,0,0,0,0,0,2,0,0,2,1,0,0,2,5,1,0,1,0,0,3,2,2,4,1,1,2,6,6,3,2,4,4,8,7,5,6,10,7,7,8,9,4,8,11,3,7,4,5,6,7,11,8,5,4,8,7,10,11,4,8,2,7,2,4,1,2,6,2,3,1,0,7,0,1,4,0,0,0,2,0,2,1,2,2,0,0,1,0,1,0,0,1,0,0,0,0,2,0,0,1,0,0,0,0,0,0,0,0,0,0,0,0,1,0,0,0,0,0,0,0,0,0,0,0,0,0,0,0,0,0,0,0,0,0,0,0,0,0,0,0,0,0,0,0,0,0,0,0,0,0,0,0,0,0,0,0,0,0,0,0,0,0,0,0,0,0,0,0,0,0,0,0,0,0,0,0,0,0,0,0
0,0,1,0,0,0,0,0,0,0,0,0,0,0,0,0,0,1,0,0,0,0,0,1,0,0,2,0,0,1,0,1,0,3,1,1,0,1,3,4,3,2,1,4,3,3,4,5,2,4,8,3,5,6,3,14,10,8,8,12,10,10,9,8,7,4,5,7,10,5,7,8,7,10,5,7,5,9,9,5,4,3,3,5,2,2,3,7,3,3,4,6,4,0,1,4,3,1,2,0,3,0,0,2,1,0,0,0,0,0,1,0,0,0,0,0,0,0,0,0,0,0,1,0,0,0,0,0,0,0,0,0,0,0,0,0,1,0,0,0,0,0,0,0,0,0,0,0,0,0,0,0,0,0,0,0,0,0,0,0,0,0,0,0,0,0,0,0,0,0,0,0,0,0,0,0,0,0,0,0,0,0,0,0,0,0,0,0,0,0,0,0,0,0,0,0,0,0,0,0
0,0,0,0,0,0,0,0,1,0,0,0,0,0,0,0,0,0,0,1,0,0,0,1,0,1,1,0,0,1,2,0,1,0,0,4,3,2,4,4,8,1,5,2,3,2,2,3,5,4,3,8,9,3,3,4,9,9,5,6,9,6,8,13,5,11,3,3,2,4,11,5,8,7,4,4,8,5,5,6,5,9,2,1,2,4,0,6,1,6,1,3,4,0,1,1,0,1,3,1,1,3,0,3,1,1,0,1,1,1,0,1,0,0,0,1,0,0,0,0,0,0,0,0,1,0,0,0,0,0,0,0,0,0,0,0,0,0,0,1,0,0,0,0,0,0,0,0,0,0,0,0,0,0,0,0,0,0,0,0,0,0,0,0,0,0,0,0,0,0,0,0,0,0,0,0,0,0,0,0,0,0,0,0,0,0,0,0,0,0,0,0,0,0,0,0,0,0,0,0
0,0,0,0,0,0,0,0,0,0,0,0,0,0,0,0,0,0,0,1,0,1,1,0,0,0,0,1,0,1,1,3,1,1,0,3,1,2,3,5,1,2,2,5,3,6,2,1,9,11,4,4,2,7,3,3,6,10,4,4,5,7,8,4,3,6,4,4,6,8,4,2,11,6,7,7,3,4,4,3,3,6,2,8,5,3,6,3,3,0,5,3,3,2,1,0,4,0,1,0,2,1,0,1,1,0,1,1,2,0,0,0,0,1,0,0,0,0,0,0,0,1,0,0,0,0,0,0,0,0,0,0,0,0,0,0,0,0,0,0,0,0,0,0,0,0,0,0,0,0,0,0,0,0,0,0,0,0,0,0,0,0,0,0,0,0,0,0,0,0,0,0,0,0,0,0,0,0,0,0,0,0,0,0,0,0,0,0,0,0,0,0,0,0,0,0,0,0,0,0
0,0,0,0,0,0,0,0,0,0,0,0,0,0,0,0,0,0,1,0,0,0,0,0,1,0,0,1,1,1,1,2,0,0,1,1,1,0,2,3,3,5,3,3,5,2,2,3,9,4,5,6,5,4,7,4,4,6,10,9,8,8,6,7,2,7,8,6,8,7,8,5,6,3,3,5,2,3,5,3,7,2,5,5,6,5,4,1,3,4,0,3,1,0,2,3,0,0,0,3,2,1,0,0,0,4,0,1,0,0,1,0,0,0,0,0,0,0,0,0,0,0,0,0,0,1,0,2,0,0,0,0,0,0,0,0,0,0,0,0,0,0,0,0,0,0,0,0,0,0,0,0,0,0,0,0,0,0,0,0,0,0,0,0,0,0,0,0,0,0,0,0,0,0,0,0,0,0,0,0,0,0,0,0,0,0,0,0,0,0,0,0,0,0,0,0,0,0,0,0
0,0,0,0,0,0,0,0,0,0,0,0,0,0,0,0,1,0,0,0,0,1,0,0,2,0,0,2,1,1,0,1,0,3,2,3,0,4,1,5,5,1,2,4,4,4,7,4,7,5,5,4,5,3,5,7,7,8,3,10,5,3,12,8,6,8,9,6,7,3,10,3,5,6,5,8,5,4,7,9,10,6,2,1,5,4,0,0,3,0,3,1,0,2,3,3,1,1,0,3,0,3,2,0,2,2,0,1,2,0,0,0,0,0,1,0,0,0,0,0,0,0,0,0,0,0,0,0,0,0,0,0,0,0,0,0,0,0,0,0,0,0,0,0,0,0,0,0,0,0,0,0,0,0,0,0,0,0,0,0,0,0,0,0,0,0,0,0,0,0,0,0,0,0,0,0,0,0,0,0,0,0,0,0,0,0,0,0,0,0,0,0,0,0,0,0,0,0,0,0
0,0,1,0,0,0,0,0,0,0,0,0,0,0,0,0,0,0,0,0,1,0,0,0,0,0,2,0,0,1,1,0,0,0,0,1,0,4,1,0,0,2,7,2,1,2,2,1,1,6,4,4,0,1,6,5,5,4,5,8,5,6,9,6,7,10,9,7,6,2,9,6,6,6,5,5,2,2,1,4,5,5,3,0,3,4,1,0,1,2,1,4,4,1,2,3,0,2,1,1,1,1,1,0,1,2,1,2,0,1,0,0,0,0,1,0,0,0,0,0,0,0,0,0,0,0,0,0,0,0,0,0,0,0,0,0,0,0,0,0,0,0,0,0,0,0,0,0,0,0,0,0,0,0,0,0,0,0,0,0,0,0,0,0,0,0,0,0,0,0,0,0,0,0,0,0,0,0,0,0,0,0,0,0,0,0,0,0,0,0,0,0,0,0,0,0,0,0,0,0
0,0,0,0,0,0,0,0,0,0,0,0,0,0,0,0,1,0,0,0,0,1,0,0,0,1,2,0,0,0,0,1,0,2,1,1,3,2,2,2,3,2,3,4,3,3,5,8,5,9,1,2,4,5,3,7,10,5,4,2,7,5,7,5,6,8,6,6,3,6,6,8,5,8,6,4,3,7,9,5,2,3,9,3,3,2,3,5,3,4,1,2,1,3,0,0,3,3,2,1,1,0,1,0,3,0,0,0,0,2,3,1,0,0,0,0,0,0,0,0,0,0,0,0,0,0,0,0,0,0,0,0,0,0,0,0,0,0,0,0,0,0,0,0,0,0,0,0,0,0,0,0,0,0,0,0,0,0,0,0,0,0,0,0,0,0,0,0,0,0,0,0,0,0,0,0,0,0,0,0,0,0,0,0,0,0,0,0,0,0,0,0,0,0,0,0,0,0,0,0
0,1,0,0,0,0,0,0,0,0,0,0,0,0,0,0,0,1,0,0,0,0,0,0,0,1,0,0,0,1,1,0,0,2,2,1,2,2,2,3,0,1,3,5,5,2,7,2,5,4,4,0,3,3,6,6,8,7,5,9,2,7,6,2,6,5,7,4,7,6,3,5,7,2,6,7,0,8,4,5,4,3,1,2,3,4,5,4,2,1,2,0,3,1,0,3,2,3,1,1,0,4,1,0,1,1,0,1,1,2,0,0,0,0,0,0,1,0,0,0,0,0,0,1,0,0,0,0,0,0,0,0,0,0,0,0,0,0,0,0,0,0,0,0,0,0,0,0,0,0,0,0,0,0,0,0,0,0,0,0,0,0,0,0,0,0,0,0,0,0,0,0,0,0,0,0,0,0,0,0,0,0,0,0,0,0,0,0,0,0,0,0,0,0,0,0,0,0,0,0
0,0,0,0,0,0,0,0,0,0,0,0,1,0,0,0,0,0,1,1,0,0,0,0,1,0,0,1,1,0,0,0,2,1,1,1,2,1,1,1,0,3,2,3,3,5,1,5,3,2,7,3,4,8,1,2,9,6,7,5,11,7,5,2,8,9,2,5,8,6,6,3,12,4,5,8,3,5,2,5,8,4,4,1,0,4,2,1,6,2,1,0,2,3,2,1,0,0,1,0,1,0,0,0,0,2,0,0,0,0,1,0,0,0,0,0,0,0,0,0,0,0,0,0,0,0,0,0,0,0,0,0,0,0,0,0,0,0,0,0,0,0,0,0,0,0,0,0,0,0,0,0,0,0,0,0,0,0,0,0,0,0,0,0,0,0,0,0,0,0,0,0,0,0,0,0,0,0,0,0,0,0,0,0,0,0,0,0,0,0,0,0,0,0,0,0,0,0,0,0
0,0,0,0,0,0,0,0,0,0,0,0,0,0,0,0,0,0,0,0,0,0,0,1,0,1,0,1,0,2,1,0,2,2,0,1,3,3,1,2,1,5,4,2,2,1,2,2,1,5,1,5,6,4,5,9,4,5,6,5,2,8,8,4,4,3,6,7,7,6,8,5,10,5,4,8,1,4,4,2,4,1,5,4,5,3,0,1,0,2,3,1,1,1,2,1,2,1,0,0,0,1,0,0,1,0,0,1,1,0,1,0,0,1,1,0,0,0,0,0,0,0,0,0,0,0,0,0,0,0,0,0,0,0,0,0,0,0,0,0,0,0,0,0,0,0,0,0,0,0,0,0,0,0,0,0,0,0,0,0,0,0,0,0,0,0,0,0,0,0,0,0,0,0,0,0,0,0,0,0,0,0,0,0,0,0,0,0,0,0,0,0,0,0,0,0,0,0,0,0
0,0,0,0,0,0,0,0,0,1,0,0,0,0,0,0,1,0,0,0,1,0,0,0,1,3,4,0,0,1,2,2,0,2,0,0,0,1,2,2,0,3,3,1,2,2,3,4,5,2,5,5,2,3,2,3,5,4,4,6,3,8,8,5,10,5,8,3,5,8,6,4,6,3,8,4,2,3,4,1,6,7,1,1,3,2,4,3,2,3,1,2,1,2,0,1,1,1,1,1,1,0,0,0,0,0,0,1,0,0,1,0,0,0,0,0,0,0,1,0,0,0,0,0,0,0,0,0,0,0,0,0,0,0,0,0,0,0,0,0,0,0,0,0,0,0,0,0,0,0,0,0,0,0,0,0,0,0,0,0,0,0,0,0,0,0,0,0,0,0,0,0,0,0,0,0,0,0,0,0,0,0,0,0,0,0,0,0,0,0,0,0,0,0,0,0,0,0,0,0
0,0,1,0,0,0,0,0,0,0,1,0,0,0,0,0,0,0,0,0,0,0,1,1,0,1,0,3,1,1,0,4,1,2,0,0,1,3,6,0,1,4,2,6,2,5,1,1,5,0,9,5,4,7,5,3,5,4,8,2,4,3,3,9,10,3,3,2,1,5,8,7,4,2,4,1,4,1,7,1,2,2,4,5,1,4,4,0,3,0,2,2,2,2,0,1,1,2,0,4,1,2,2,0,0,0,0,0,0,0,0,0,2,0,0,0,1,0,0,0,0,0,0,0,0,0,0,0,0,0,0,0,0,0,0,0,0,0,0,0,0,0,0,0,0,0,0,0,0,0,0,0,0,0,0,0,0,0,0,0,0,0,0,0,0,0,0,0,0,0,0,0,0,0,0,0,0,0,0,0,0,0,0,0,0,0,0,0,0,0,0,0,0,0,0,0,0,0,0,0
0,0,0,0,0,0,0,0,0,0,0,0,0,0,0,0,0,0,0,0,0,0,0,1,0,0,0,0,0,0,1,1,0,1,0,2,0,3,1,0,0,2,3,3,4,0,3,2,5,5,4,3,4,4,6,3,9,4,5,5,5,5,4,3,3,5,7,9,6,3,5,5,3,3,2,5,2,2,3,1,2,4,0,1,3,0,3,0,3,2,2,3,0,0,4,1,0,0,3,0,1,0,0,0,1,0,1,1,0,0,0,0,0,0,0,0,1,0,1,0,0,0,0,0,0,0,0,0,0,0,0,0,0,0,0,0,0,0,0,0,0,0,0,0,0,0,0,0,0,0,0,0,0,0,0,0,0,0,0,0,0,0,0,0,0,0,0,0,0,0,0,0,0,0,0,0,0,0,0,0,0,0,0,0,0,0,0,0,0,0,0,0,0,0,0,0,0,0,0,0
0,0,0,0,0,0,0,0,0,0,0,0,0,0,0,0,0,0,0,0,0,0,0,0,0,0,0,1,1,0,0,2,0,1,4,0,1,1,0,2,3,2,2,1,2,1,3,2,2,1,4,2,4,4,3,1,2,6,5,6,6,3,7,7,5,4,7,5,3,8,3,4,5,4,4,2,5,8,6,3,5,6,2,4,2,4,3,3,3,3,1,2,2,1,0,1,3,1,0,0,0,1,0,0,1,0,2,0,1,1,0,1,1,0,0,0,0,0,0,0,0,0,0,0,0,0,0,0,0,0,0,0,0,0,0,0,0,0,0,1,0,0,0,0,0,0,0,0,0,0,0,0,0,0,0,0,0,0,0,0,0,0,0,0,0,0,0,0,0,0,0,0,0,0,0,0,0,0,0,0,0,0,0,0,0,0,0,0,0,0,0,0,0,0,0,0,0,0,0,0
0,0,0,0,0,0,0,0,0,0,0,0,0,0,0,0,0,1,0,1,0,0,1,0,1,0,2,0,1,3,0,2,0,0,0,0,2,1,2,1,0,4,2,0,1,3,4,4,4,2,4,3,2,2,2,2,6,1,12,4,5,6,3,8,3,2,2,6,2,6,4,5,3,3,1,6,3,2,4,4,3,0,4,3,2,1,2,2,2,4,2,3,2,2,1,1,2,2,2,1,0,3,0,1,2,0,0,0,0,0,1,0,0,1,0,0,0,1,0,0,0,1,1,0,0,0,0,0,0,0,0,0,0,0,0,0,0,0,0,0,0,0,0,0,0,0,0,0,0,0,0,0,0,0,0,0,0,0,0,0,0,0,0,0,0,0,0,0,0,0,0,0,0,0,0,0,0,0,0,0,0,0,0,0,0,0,0,0,0,0,0,0,0,0,0,0,0,0,0,0
0,0,0,0,0,0,0,0,0,0,0,0,0,0,0,0,0,0,1,0,0,0,0,0,0,1,0,0,0,0,0,1,1,1,0,0,4,2,2,1,4,3,3,3,1,0,2,1,4,0,4,3,6,5,4,3,11,3,7,5,6,4,11,3,4,6,3,3,2,5,6,4,4,6,6,5,6,2,4,2,3,2,3,4,3,1,1,4,5,3,1,0,1,3,1,3,1,1,0,1,1,0,0,1,2,3,0,1,0,1,1,0,0,0,0,0,0,0,0,0,0,0,0,0,0,0,0,0,1,0,0,0,0,0,1,0,0,0,0,0,0,0,0,0,0,0,0,0,0,0,0,0,0,0,0,0,0,0,0,0,0,0,0,0,0,0,0,0,0,0,0,0,0,0,0,0,0,0,0,0,0,0,0,0,0,0,0,0,0,0,0,0,0,0,0,0,0,0,0,0
0,0,0,0,0,0,0,0,0,0,0,0,0,0,0,0,1,0,0,0,1,0,0,1,2,0,0,0,0,0,1,1,1,0,0,1,0,2,0,0,0,2,0,4,4,4,2,2,3,0,4,1,9,2,6,9,5,4,7,3,1,5,3,6,5,7,2,6,3,9,4,4,5,4,4,0,2,3,5,0,2,2,2,3,3,4,2,3,1,0,2,1,3,1,2,1,1,2,2,2,3,0,2,0,0,0,0,0,2,2,1,0,1,0,0,0,0,0,0,0,1,0,0,1,0,0,0,0,0,0,0,0,0,0,0,0,0,0,0,0,0,0,0,0,0,0,0,0,0,0,0,0,0,0,0,0,0,0,0,0,0,0,0,0,0,0,0,0,0,0,0,0,0,0,0,0,0,0,0,0,0,0,0,0,0,0,0,0,0,0,0,0,0,0,0,0,0,0,0,0
0,0,0,0,0,0,0,0,0,0,0,0,0,0,0,0,1,0,0,0,1,0,0,0,0,0,0,0,0,0,1,0,0,0,0,1,1,1,1,1,1,1,2,3,5,4,2,2,5,3,5,5,3,2,12,1,1,5,2,1,5,2,1,6,1,4,4,2,3,1,6,9,5,3,3,4,2,7,3,5,4,1,5,4,3,3,3,2,5,0,2,1,2,1,1,0,1,2,0,1,0,3,1,0,1,0,1,0,1,0,0,0,0,0,1,0,0,1,0,1,0,0,0,0,0,0,0,0,0,0,0,0,0,0,0,0,0,0,0,0,0,0,0,0,0,0,0,0,0,0,0,0,0,0,0,0,0,0,0,0,0,0,0,0,0,0,0,0,0,0,0,0,0,0,0,0,0,0,0,0,0,0,0,0,0,0,0,0,0,0,0,0,0,0,0,0,0,0,0,0
0,0,0,0,0,0,0,0,0,0,0,0,0,0,1,0,2,0,0,0,1,0,0,0,0,0,3,0,1,1,0,1,0,0,0,2,1,0,1,3,3,3,1,2,3,4,4,3,4,2,1,3,6,4,3,4,5,1,6,5,3,3,2,6,7,2,6,4,3,3,6,2,4,5,4,1,3,2,3,2,1,1,0,2,4,6,2,2,2,3,2,1,1,1,1,0,1,1,0,1,0,2,1,1,0,0,0,0,0,0,1,0,0,0,0,0,0,0,0,1,0,0,0,0,0,0,0,0,0,0,0,0,0,0,0,0,0,0,0,0,0,0,0,0,0,0,0,0,0,0,0,0,0,0,0,0,0,0,0,0,0,0,0,0,0,0,0,0,0,0,0,0,0,0,0,0,0,0,0,0,0,0,0,0,0,0,0,0,0,0,0,0,0,0,0,0,0,0,0,0
0,0,0,0,0,0,0,0,0,0,0,0,0,1,0,0,0,0,0,0,1,0,0,0,1,0,0,0,0,0,1,1,1,1,0,1,1,2,1,2,2,3,2,2,1,2,1,1,5,4,1,3,2,2,2,1,4,3,5,1,1,5,3,2,4,3,7,4,1,2,4,8,2,6,6,3,2,2,1,0,4,3,1,4,4,1,1,2,2,1,1,1,3,0,1,0,0,3,0,1,0,0,1,0,0,1,1,0,1,0,1,1,0,0,0,1,0,0,0,0,0,0,0,0,0,0,0,0,0,0,0,0,0,0,0,0,0,0,0,0,0,0,0,0,0,0,0,0,0,0,0,0,0,0,0,0,0,0,0,0,0,0,1,0,0,0,0,0,0,0,0,0,0,0,0,0,0,0,0,0,0,0,0,0,0,0,0,0,0,0,0,0,0,0,0,0,0,0,0,0
0,0,1,0,0,0,0,1,0,0,0,0,0,0,0,0,1,0,0,0,0,0,0,0,1,0,1,0,0,0,1,2,0,1,2,0,1,0,2,1,1,1,3,0,3,0,2,1,1,4,2,3,1,3,0,1,2,5,3,7,2,9,8,6,6,3,3,5,2,4,6,2,3,6,2,2,3,1,2,1,1,3,2,2,3,2,2,0,0,1,2,2,2,2,0,0,2,4,1,0,0,0,0,1,0,0,0,0,0,0,0,0,0,0,0,0,0,0,0,0,0,0,0,0,0,0,0,0,0,0,0,0,0,0,0,0,0,0,0,0,0,0,0,0,0,0,0,0,0,0,0,0,0,0,0,0,0,0,0,0,0,0,0,0,0,0,0,0,0,0,0,0,0,0,0,0,0,0,0,0,0,0,0,0,0,0,0,0,0,0,0,0,0,0,0,0,0,0,0,0
0,0,0,0,0,0,0,0,1,0,0,1,0,0,0,0,0,1,0,1,0,0,1,0,2,1,0,0,0,1,1,1,0,0,1,1,2,2,2,4,0,1,3,3,3,1,1,2,3,1,3,3,6,3,1,4,4,2,8,5,3,1,2,5,6,3,3,7,5,5,5,0,4,1,3,0,3,2,1,3,5,7,4,0,0,0,0,1,2,2,2,0,3,1,2,2,1,2,1,0,2,1,0,0,1,0,0,0,0,0,0,1,1,0,0,0,0,0,1,0,0,0,0,0,0,0,0,0,0,0,0,0,0,0,0,0,0,0,0,0,0,0,0,0,0,0,0,0,0,0,0,0,0,0,0,0,0,0,0,0,0,0,0,0,0,0,0,0,0,0,0,0,0,0,0,0,0,0,0,0,0,0,0,0,0,0,0,0,0,0,0,0,0,0,0,0,0,0,0,0
0,0,1,0,0,0,0,0,0,0,0,0,0,0,0,0,0,0,0,0,0,0,1,0,0,0,1,0,1,0,2,1,0,1,0,1,2,1,1,2,0,1,2,3,2,3,1,4,1,2,3,0,2,3,3,4,3,3,4,10,4,5,4,4,3,4,2,1,2,1,1,6,4,3,5,5,2,4,6,3,0,2,2,2,4,1,1,5,1,0,1,0,0,1,1,4,3,1,2,0,1,1,0,0,0,0,0,0,1,1,1,0,0,0,0,0,0,0,0,0,0,0,0,0,0,0,0,0,0,0,0,0,0,0,0,0,0,0,0,0,0,0,0,0,0,0,0,0,0,0,0,0,0,0,0,0,0,0,0,0,0,0,0,0,0,0,0,0,0,0,0,0,0,0,0,0,0,0,0,0,0,0,0,0,0,0,0,0,0,0,0,0,0,0,0,0,0,0,0,0
0,0,1,0,0,0,0,0,0,0,0,0,0,0,0,0,0,0,0,0,0,0,0,0,0,0,1,0,1,0,1,0,0,0,3,2,0,1,2,3,2,0,2,2,1,3,3,0,3,7,4,3,2,4,2,1,4,1,1,5,3,7,3,1,1,3,3,3,3,6,4,6,6,4,3,2,4,4,4,0,2,3,3,1,2,2,0,2,0,1,0,0,2,2,2,1,0,0,1,0,0,1,0,1,0,0,0,0,0,1,0,0,0,0,0,1,0,0,0,1,0,0,0,0,0,0,0,0,0,0,0,0,0,0,0,0,0,0,0,0,0,0,0,0,0,0,0,0,0,0,0,0,0,0,0,0,0,0,0,0,0,0,0,0,0,0,0,0,0,0,0,0,0,0,0,0,0,0,0,0,0,0,0,0,0,0,0,0,0,0,0,0,0,0,0,0,0,0,0,0
0,0,0,0,0,0,0,0,0,0,0,0,0,0,0,0,0,0,0,1,0,0,0,0,1,0,0,1,1,0,0,0,0,1,1,0,0,0,0,1,1,1,2,3,1,1,3,0,5,2,4,2,4,6,5,1,2,3,2,0,5,6,5,1,3,6,0,3,0,2,6,5,5,2,2,1,3,4,4,2,2,6,3,3,2,1,1,0,2,0,1,0,0,0,2,2,0,0,0,0,0,0,1,0,1,0,1,0,0,0,0,0,0,0,0,0,0,0,0,0,0,0,0,0,0,0,0,0,0,0,0,0,0,0,0,1,0,0,0,0,0,0,0,0,0,0,0,0,0,0,0,0,0,0,0,0,0,0,0,0,0,0,0,0,0,0,0,0,0,0,0,0,0,0,0,0,0,0,0,0,0,0,0,0,0,0,0,0,0,0,0,0,0,0,0,0,0,0,0,0
0,0,1,0,0,0,0,0,0,0,0,0,0,0,0,0,0,0,0,0,1,0,1,0,0,1,0,0,1,0,0,2,1,1,0,3,2,0,1,1,2,3,2,2,0,1,1,1,5,1,3,1,0,2,4,4,1,5,5,1,0,4,6,6,5,2,3,3,3,1,2,10,6,4,3,6,4,1,1,4,3,1,3,4,3,0,0,2,1,0,3,3,1,0,2,0,0,2,1,1,2,0,0,0,0,0,0,1,0,0,0,0,0,0,0,1,0,0,0,0,1,0,0,0,0,0,0,0,0,0,0,0,0,0,0,0,0,0,0,0,0,0,0,0,0,0,0,0,0,0,0,0,0,0,0,0,0,0,0,0,0,0,0,0,0,0,0,0,0,0,0,0,0,0,0,0,0,0,0,0,0,0,0,0,0,0,0,0,0,0,0,0,0,0,0,0,0,0,0,0
0,0,0,0,0,0,0,0,0,0,0,0,0,0,0,0,0,0,0,0,0,0,0,0,1,1,0,1,1,0,0,0,0,0,0,1,1,3,1,2,3,2,0,1,0,2,4,2,0,2,2,1,3,1,6,3,6,0,1,5,0,5,4,8,4,4,3,5,1,8,1,1,2,3,3,1,0,3,4,4,6,1,3,3,3,1,2,2,1,0,2,1,3,2,1,0,2,2,1,1,0,0,1,0,0,0,0,1,0,1,0,0,0,1,1,0,0,0,0,0,0,0,0,0,0,0,0,0,0,0,0,0,0,0,0,0,0,0,0,0,0,0,0,0,0,0,0,0,0,0,0,0,0,0,0,0,0,0,0,0,0,0,0,0,0,0,0,0,0,0,0,0,0,0,0,0,0,0,0,0,0,0,0,0,0,0,0,0,0,0,0,0,0,0,0,0,0,0,0,0
0,0,0,0,0,0,0,0,0,0,0,0,0,0,0,0,1,0,1,0,1,0,0,0,1,0,0,1,0,0,0,0,1,0,0,0,1,1,0,1,0,1,2,0,0,2,1,0,0,1,4,4,1,5,0,6,1,3,3,2,4,1,2,1,0,3,1,3,4,1,3,2,5,3,3,0,1,1,2,1,2,1,3,2,0,2,4,2,3,5,1,0,0,2,0,1,1,1,2,0,0,0,2,0,0,1,0,0,1,0,0,1,0,1,1,0,0,0,0,0,0,0,1,0,0,0,0,0,0,0,0,1,0,0,0,0,0,0,0,0,0,0,0,0,0,0,0,0,0,0,0,0,0,0,0,0,0,0,0,0,0,0,0,0,0,0,0,0,0,0,0,0,0,0,0,0,0,0,0,0,0,0,0,0,0,0,0,0,0,0,0,0,0,0,0,0,0,0,0,0
0,0,0,0,0,0,0,0,0,0,0,0,0,0,1,0,0,0,0,0,0,0,0,0,0,0,0,0,3,2,1,1,0,1,0,1,1,0,2,0,2,1,2,2,0,2,4,2,3,5,3,2,4,4,1,2,1,3,5,4,2,0,2,5,2,0,4,3,5,1,4,4,2,0,5,1,2,2,2,2,2,2,4,6,3,2,1,4,2,0,1,1,0,1,0,1,1,1,0,1,0,0,0,1,0,0,1,1,0,0,1,0,0,0,1,0,0,0,0,0,0,0,0,0,0,0,0,0,0,0,0,0,0,0,0,0,0,0,0,0,0,0,0,0,0,0,0,0,0,0,0,0,0,0,0,0,0,0,0,0,0,0,0,0,0,0,0,0,0,0,0,0,0,0,0,0,0,0,0,0,0,0,0,0,0,0,0,0,0,0,0,0,0,0,0,0,0,0,0,0
0,0,0,0,0,0,0,0,0,0,0,0,0,0,0,0,1,0,1,0,0,0,0,0,1,0,0,0,0,0,2,0,1,2,0,1,0,0,0,0,2,1,4,5,2,3,1,2,3,5,1,6,3,4,3,5,4,0,6,1,2,2,3,3,2,3,3,2,4,3,3,2,3,2,2,2,2,1,1,0,2,1,1,5,3,0,1,1,1,1,0,1,1,2,1,1,0,1,0,0,0,1,0,0,2,0,0,0,0,0,0,0,0,0,0,0,0,0,0,0,0,0,0,0,0,0,0,0,0,0,0,0,0,0,0,0,0,0,0,0,0,0,0,0,0,0,0,0,0,0,0,0,0,0,0,0,0,0,0,0,0,0,0,0,0,0,0,0,0,0,0,0,0,0,0,0,0,0,0,0,0,0,0,0,0,0,0,0,0,0,0,0,0,0,0,0,0,0,0,0
0,0,0,0,0,0,0,0,0,0,0,0,0,0,0,0,0,0,0,0,0,0,0,0,1,0,0,1,0,0,0,1,1,0,2,1,0,1,1,2,2,0,1,3,3,3,2,2,3,3,3,4,1,4,4,1,2,5,6,2,2,1,4,4,2,3,1,4,1,5,2,3,4,1,2,3,2,3,4,2,0,1,4,0,2,1,1,0,1,1,0,0,0,0,1,1,0,0,0,0,0,1,0,0,1,1,0,0,1,0,0,0,0,0,0,1,0,1,0,0,0,0,1,0,0,0,0,0,0,0,0,0,0,0,0,0,0,0,0,0,0,0,0,0,0,0,0,0,0,0,0,0,0,0,0,0,0,0,0,0,0,0,0,0,0,0,0,0,0,0,0,0,0,0,0,0,0,0,0,0,0,0,0,0,0,0,0,0,0,0,0,0,0,0,0,0,0,0,0,0
0,1,0,0,0,0,0,0,0,0,0,0,0,0,1,0,0,0,1,0,0,0,0,0,0,0,0,0,1,1,0,0,2,0,1,3,0,0,1,2,2,0,2,0,0,1,2,3,0,2,4,1,4,3,2,4,2,5,4,2,4,4,1,8,2,2,4,3,0,1,3,1,6,3,1,2,3,2,1,0,2,2,2,0,3,2,0,1,3,2,3,1,0,2,1,2,0,0,0,1,0,0,0,2,1,0,0,1,0,0,2,0,0,0,0,0,0,0,1,0,0,0,0,0,0,0,0,0,0,0,0,0,0,0,0,0,0,0,0,0,0,0,0,0,0,0,0,0,0,0,0,0,0,0,0,0,0,0,0,0,0,0,0,0,0,0,0,0,0,0,0,0,0,0,0,0,0,0,0,0,0,0,0,0,0,0,0,0,0,0,0,0,0,0,0,0,0,0,0,0
0,0,0,0,0,0,0,0,1,0,0,0,0,0,0,2,0,0,0,0,1,1,0,1,0,0,1,0,0,0,0,0,1,2,1,0,0,0,0,1,0,0,0,2,1,2,0,1,3,2,2,6,4,0,2,3,2,3,3,2,0,4,1,4,2,2,3,3,2,4,4,1,2,3,4,2,6,2,0,1,2,3,2,4,1,4,1,1,1,0,1,0,1,0,1,0,1,1,1,0,0,0,0,0,0,0,0,0,0,0,0,0,0,0,0,0,1,0,0,0,0,0,0,0,0,0,0,0,0,0,1,0,0,0,0,0,0,0,0,0,0,0,0,0,0,0,0,0,0,0,0,0,0,0,0,0,0,0,0,0,0,0,0,0,0,0,0,0,0,0,0,0,0,0,0,0,0,0,0,0,0,0,0,0,0,0,0,0,0,0,0,0,0,0,0,0,0,0,0,0
0,0,0,0,0,0,0,0,0,0,0,0,0,0,0,0,0,0,0,0,1,0,0,0,0,0,1,0,1,0,0,0,2,2,0,1,1,2,2,1,2,0,0,4,1,1,1,3,1,2,2,1,2,3,0,1,1,4,2,2,2,3,3,0,3,1,5,2,1,2,2,5,6,4,2,6,2,0,2,2,1,0,3,1,1,1,1,2,2,0,0,2,1,1,0,0,0,0,0,0,0,1,0,1,0,0,0,0,0,0,0,1,0,0,0,0,0,0,0,0,0,0,0,0,0,0,0,0,0,0,0,0,0,0,0,0,0,0,0,0,0,0,0,0,0,0,0,0,0,0,0,0,0,0,0,0,0,0,0,0,0,0,0,0,0,0,0,0,0,0,0,0,0,0,0,0,0,0,0,0,0,0,0,0,0,0,0,0,0,0,0,0,0,0,0,0,0,0,0,0
0,0,0,0,0,0,0,0,0,0,0,0,0,0,0,0,0,0,0,0,0,2,0,1,0,0,0,0,0,0,0,1,0,0,0,1,0,0,0,0,1,4,0,1,0,1,1,2,3,0,1,1,2,2,2,1,1,5,4,1,4,4,6,2,5,2,2,2,2,2,3,4,2,2,2,3,2,0,2,2,0,0,1,0,1,1,1,1,1,1,1,0,0,1,0,0,0,0,0,0,0,0,0,0,0,1,0,0,1,0,0,0,0,0,0,0,0,0,0,0,0,0,0,0,0,0,0,0,0,0,0,0,0,0,0,0,0,0,0,0,0,0,0,0,0,0,0,0,0,0,0,0,0,0,0,0,0,0,0,0,0,0,0,0,0,0,0,0,0,0,0,0,0,0,0,0,0,0,0,0,0,0,0,0,0,0,0,0,0,0,0,0,0,0,0,0,0,0,0,0
0,0,0,0,0,0,0,0,0,0,0,0,1,0,0,0,0,0,0,0,0,0,0,0,0,0,0,0,0,0,0,0,1,2,0,1,2,0,0,2,0,1,1,0,1,1,1,1,0,3,2,3,4,3,0,4,0,2,6,1,2,4,1,5,3,4,3,3,1,6,2,3,1,0,2,3,2,3,3,4,3,1,3,0,1,1,2,0,1,1,0,1,1,1,0,0,1,0,1,2,0,0,0,0,0,0,0,0,0,0,1,0,0,0,0,0,0,0,0,0,0,0,0,0,0,0,0,0,0,0,0,0,0,0,0,0,0,0,0,0,0,0,0,0,0,0,0,0,0,0,0,0,0,0,0,0,0,0,0,0,0,0,0,0,0,0,0,0,0,0,0,0,0,0,0,0,0,0,0,0,0,0,0,0,0,0,0,0,0,0,0,0,0,0,0,0,0,0,0,0
0,0,0,0,0,0,0,0,0,0,0,0,0,0,0,0,0,0,0,0,0,0,0,0,0,0,0,0,1,1,0,0,0,0,0,0,2,1,1,0,2,2,1,0,0,2,2,1,2,2,3,1,4,5,2,2,2,2,4,3,4,0,5,0,8,1,9,2,3,1,3,8,1,3,1,2,5,1,0,1,2,0,0,1,1,0,3,1,0,0,1,2,1,2,1,1,2,0,0,0,1,0,1,0,0,0,0,0,1,1,0,0,0,1,0,0,0,0,0,0,0,0,0,0,0,0,0,0,0,0,0,0,0,0,0,0,0,0,0,0,0,0,0,0,0,0,0,0,0,0,0,0,0,0,0,0,0,0,0,0,0,0,0,0,0,0,0,0,0,0,0,0,0,0,0,0,0,0,0,0,0,0,0,0,0,0,0,0,0,0,0,0,0,0,0,0,0,0,0,0
0,0,0,0,0,0,0,0,0,0,0,0,0,0,0,0,0,0,0,0,1,0,1,0,0,0,0,0,0,0,1,0,1,1,0,1,0,3,0,0,0,1,3,0,1,0,1,3,3,0,1,2,0,0,3,2,0,4,0,4,1,1,4,4,3,2,2,3,3,0,5,2,2,0,4,2,2,3,3,2,2,2,2,1,1,1,1,1,1,1,1,2,0,3,0,3,0,1,0,1,0,0,0,0,0,1,0,0,0,1,0,0,0,0,0,0,1,0,0,0,0,0,0,0,0,0,0,0,0,0,0,0,0,0,0,0,0,0,0,1,0,0,0,0,0,0,0,0,0,0,0,0,0,0,0,0,0,0,0,0,0,0,0,0,0,0,0,0,0,0,0,0,0,0,0,0,0,0,0,0,0,0,0,0,0,0,0,0,0,0,0,0,0,0,0,0,0,0,0,0
0,0,0,0,0,0,0,0,1,0,0,0,0,0,0,0,0,0,0,0,0,0,0,0,0,0,0,0,0,0,1,3,0,2,1,2,1,0,2,1,0,0,0,0,1,1,1,0,3,1,1,2,4,3,0,5,1,2,5,4,0,0,3,4,3,3,4,2,4,2,2,2,2,5,0,4,2,2,1,1,1,0,2,1,1,2,2,1,1,0,3,0,1,2,0,1,2,1,0,0,2,0,0,0,1,1,0,0,0,0,0,0,0,0,0,0,0,0,0,0,0,0,0,0,0,0,0,0,0,0,0,0,0,0,0,0,0,0,0,0,0,0,0,0,0,0,0,0,0,0,0,0,0,0,0,0,0,0,0,0,0,0,0,0,0,0,0,0,0,0,0,0,0,0,0,0,0,0,0,0,0,0,0,0,0,0,0,0,0,0,0,0,0,0,0,0,0,0,0,0
0,0,0,0,0,0,0,0,0,0,0,0,0,0,0,0,0,0,0,0,1,0,0,1,0,0,0,0,0,2,0,1,0,2,0,0,1,1,0,0,2,0,0,2,3,3,1,1,2,1,1,1,0,2,1,0,2,1,2,3,1,1,3,3,0,2,3,2,3,1,1,2,1,2,0,1,2,3,1,3,3,3,1,1,4,2,2,2,1,1,0,1,0,1,3,0,1,0,0,1,0,0,0,0,0,1,0,0,0,0,0,0,0,0,0,0,0,0,0,0,0,0,0,0,0,0,0,0,0,0,0,0,0,0,0,0,0,0,0,0,0,0,0,0,0,0,0,0,0,0,0,0,0,0,0,0,0,0,0,0,0,0,0,0,0,0,0,0,0,0,0,0,0,0,0,0,0,0,0,0,0,0,0,0,0,0,0,0,0,0,0,0,0,0,0,0,0,0,0,0
0,0,0,0,0,0,0,0,0,0,0,0,0,0,0,1,0,0,0,0,0,0,0,1,1,0,0,0,1,0,1,0,0,0,2,0,0,2,0,1,0,1,2,0,1,2,3,1,0,1,3,2,4,1,1,2,3,2,0,1,1,1,2,2,2,3,0,1,1,1,2,1,2,1,3,0,1,0,2,4,1,1,1,1,2,0,0,0,1,1,1,1,1,0,0,0,1,1,0,1,0,1,1,0,0,0,0,0,0,0,1,0,0,0,0,0,0,0,1,0,0,0,0,0,0,0,0,0,0,1,0,0,0,0,0,0,0,0,0,0,0,0,0,0,0,0,0,0,0,0,0,0,0,0,0,0,0,0,0,0,0,0,0,0,0,0,0,0,0,0,0,0,0,0,0,0,0,0,0,0,0,0,0,0,0,0,0,0,0,0,0,0,0,0,0,0,0,0,0,0
0,0,0,0,0,0,0,0,0,0,0,0,0,0,0,0,1,0,1,0,0,0,0,0,1,0,0,0,0,0,0,0,1,0,1,1,0,1,0,0,0,3,0,3,1,0,1,0,2,0,1,0,1,0,2,1,4,2,4,3,1,3,2,3,5,1,3,4,0,0,3,1,2,2,2,3,2,1,1,2,0,3,3,0,1,1,1,2,1,1,0,0,0,1,0,2,1,0,3,0,1,0,0,0,0,0,0,0,1,0,0,1,0,0,0,0,0,0,0,0,0,0,0,0,0,0,0,0,0,0,0,0,0,0,0,0,0,0,0,0,0,0,0,0,0,0,0,0,0,0,0,0,0,0,0,0,0,0,0,0,0,0,0,0,0,0,0,0,0,0,0,0,0,0,0,0,0,0,0,0,0,0,0,0,0,0,0,0,0,0,0,0,0,0,0,0,0,0,0,0
0,0,0,0,0,0,0,0,0,0,0,0,0,0,0,0,0,0,0,0,0,0,0,0,0,0,2,0,0,0,1,0,0,0,0,0,0,1,0,1,1,1,2,2,2,3,7,2,2,1,1,1,0,3,1,1,4,1,4,2,2,3,0,1,2,2,0,3,4,1,2,0,2,3,2,6,1,1,1,0,1,1,1,0,0,0,0,0,2,3,0,1,1,0,0,0,0,0,0,0,0,2,1,0,1,0,0,0,0,0,0,0,0,0,0,0,0,0,0,0,0,0,0,0,1,0,0,0,0,0,0,0,0,0,0,0,0,0,0,0,0,0,0,0,0,0,0,0,0,0,0,0,0,0,0,0,0,0,0,0,0,0,0,0,0,0,0,0,0,0,0,0,0,0,0,0,0,0,0,0,0,0,0,0,0,0,0,0,0,0,0,0,0,0,0,0,0,0,0,0
0,0,0,0,0,0,0,0,0,0,0,0,0,0,0,0,0,0,0,0,0,0,1,0,0,0,0,1,1,0,1,0,0,0,0,1,1,1,0,2,0,1,1,4,2,0,0,2,2,1,2,0,1,2,0,1,0,2,1,3,2,2,3,1,1,3,2,0,1,2,3,0,1,0,3,3,2,0,2,1,0,1,0,1,3,2,0,1,1,0,1,0,0,0,0,0,0,0,0,0,1,0,0,0,1,0,0,0,0,0,0,0,1,0,0,0,0,0,0,0,0,0,0,0,0,0,0,0,0,0,0,0,0,0,0,0,0,0,0,0,0,0,0,0,0,0,0,0,0,0,0,0,0,0,0,0,0,0,0,0,0,0,0,0,0,0,0,0,0,0,0,0,0,0,0,0,0,0,0,0,0,0,0,0,0,0,0,0,0,0,0,0,0,0,0,0,0,0,0,0
0,0,0,0,0,0,0,0,0,0,0,0,0,0,0,0,0,0,0,0,0,0,0,0,0,0,0,1,0,3,0,0,0,1,0,0,0,1,0,1,0,2,0,1,1,0,0,2,1,1,2,0,4,4,0,2,1,2,1,5,2,1,2,4,1,4,2,1,1,3,0,1,2,1,1,1,3,1,0,1,3,1,1,0,1,0,2,0,1,1,1,0,0,0,0,0,0,0,0,0,1,1,0,0,0,0,0,0,1,0,0,0,0,0,0,0,0,0,0,0,0,0,0,0,0,0,0,0,0,0,0,0,0,0,0,0,0,0,0,0,0,0,0,0,0,0,0,0,0,0,0,0,0,0,0,0,0,0,0,0,0,0,0,0,0,0,0,0,0,0,0,0,0,0,0,0,0,0,0,0,0,0,0,0,0,0,0,0,0,0,0,0,0,0,0,0,0,0,0,0
0,0,0,0,0,0,0,0,0,0,0,0,0,0,0,0,0,0,0,0,0,0,0,0,0,1,0,1,0,1,1,0,1,0,0,0,0,1,1,0,3,0,0,3,1,2,1,2,2,1,3,0,0,0,0,3,1,2,2,4,0,0,3,3,5,3,3,2,1,1,2,1,3,1,2,2,0,3,0,4,1,2,1,1,1,1,0,1,0,0,0,1,1,0,0,0,0,0,1,0,0,0,0,0,0,0,0,0,0,0,1,0,0,0,0,0,0,0,0,0,0,0,0,0,0,0,0,0,0,0,0,0,0,0,0,0,0,0,0,0,0,0,0,0,0,0,0,0,0,0,0,0,0,0,0,0,0,0,0,0,0,0,0,0,0,0,0,0,0,0,0,0,0,0,0,0,0,0,0,0,0,0,0,0,0,0,0,0,0,0,0,0,0,0,0,0,0,0,0,0
0,0,0,0,0,0,0,0,0,0,0,0,0,0,0,1,0,0,0,0,0,0,0,0,0,0,2,0,1,0,0,0,0,0,1,1,0,1,0,0,1,1,1,2,0,0,2,1,4,1,1,0,0,2,0,1,3,2,1,0,1,2,3,2,1,1,4,2,1,3,0,1,2,1,4,0,2,1,4,2,3,0,2,1,2,1,1,3,1,0,0,2,0,0,1,0,0,1,0,0,0,0,0,0,0,0,0,0,0,0,0,0,0,0,0,0,0,0,0,0,0,0,0,0,0,0,0,0,0,0,0,0,0,0,0,0,0,0,0,0,0,0,0,0,0,0,0,0,0,0,0,0,0,0,0,0,0,0,0,0,0,0,0,0,0,0,0,0,0,0,0,0,0,0,0,0,0,0,0,0,0,0,0,0,0,0,0,0,0,0,0,0,0,0,0,0,0,0,0,0
0,0,0,0,0,0,0,0,0,0,0,0,1,0,0,0,1,0,0,0,0,1,0,1,0,1,0,0,0,0,1,0,1,1,1,1,0,0,0,0,1,1,1,1,0,3,0,1,1,0,2,2,2,2,0,1,2,0,5,2,1,3,3,1,2,1,2,2,2,3,0,0,3,1,1,4,1,1,2,0,2,0,1,1,0,0,2,0,0,1,0,0,0,0,0,1,0,0,0,0,0,0,0,1,0,0,0,0,0,0,0,0,0,0,1,0,0,0,0,0,0,0,0,0,0,0,0,0,0,0,0,0,0,0,0,0,0,0,0,0,0,0,0,0,0,0,0,0,0,0,0,0,0,0,0,0,0,0,0,0,0,0,0,0,0,0,0,0,0,0,0,0,0,0,0,0,0,0,0,0,0,0,0,0,0,0,0,0,0,0,0,0,0,0,0,0,0,0,0,0
0,0,0,0,0,0,0,0,1,0,0,0,0,0,0,0,0,0,0,0,0,0,0,0,0,0,0,0,0,0,0,0,1,0,0,1,0,0,2,1,0,2,1,1,1,3,1,3,0,0,1,3,1,2,1,1,1,0,2,1,0,1,2,1,2,3,3,4,2,1,3,1,4,1,1,0,1,4,3,1,0,1,0,3,1,1,1,0,0,1,2,1,1,2,2,0,1,2,0,0,0,0,0,0,0,1,1,0,1,0,0,0,1,0,1,0,0,0,0,0,0,0,0,0,0,0,0,0,0,0,0,0,0,0,0,0,0,0,0,0,0,0,0,0,0,0,0,0,0,0,0,0,0,0,0,0,0,0,0,0,0,0,0,0,0,0,0,0,0,0,0,0,0,0,0,0,0,0,0,0,0,0,0,0,0,0,0,0,0,0,0,0,0,0,0,0,0,0,0,0
0,0,0,0,0,0,0,0,0,0,0,0,0,0,0,0,0,0,0,0,0,0,1,0,0,0,0,0,0,0,2,0,0,0,0,0,0,0,1,1,1,0,1,1,0,1,1,1,3,3,4,0,3,2,3,0,3,0,0,4,1,2,1,2,0,1,4,4,4,1,2,0,1,0,2,2,0,0,1,0,0,2,1,1,0,1,1,0,0,1,2,0,1,0,0,0,1,0,0,0,0,0,0,1,0,0,0,0,0,0,0,0,0,0,0,0,0,0,0,0,0,1,0,0,0,0,0,0,0,0,0,0,0,0,0,0,0,0,0,0,0,0,0,0,0,0,0,0,0,0,0,0,0,0,0,0,0,0,0,0,0,0,0,0,0,0,0,0,0,0,0,0,0,0,0,0,0,0,0,0,0,0,0,0,0,0,0,0,0,0,0,0,0,0,0,0,0,0,0,0
0,0,0,0,0,0,0,0,0,0,0,0,0,0,0,0,1,1,0,0,0,0,0,0,0,0,0,0,0,0,1,2,0,0,0,2,1,0,0,2,3,0,2,0,2,3,0,3,4,0,1,3,0,1,1,1,0,2,4,1,2,1,4,1,3,1,0,3,2,0,1,0,0,1,3,2,0,2,1,3,2,3,2,3,0,0,1,0,1,1,0,0,1,0,0,0,0,1,1,1,0,0,1,0,0,0,0,0,0,0,0,0,0,0,0,0,0,0,0,0,0,0,0,0,0,0,0,0,0,0,0,0,0,0,0,0,0,0,0,0,0,0,0,0,0,0,0,0,0,0,0,0,0,0,0,0,0,0,0,0,0,0,0,0,0,0,0,0,0,0,0,0,0,0,0,0,0,0,0,0,0,0,0,0,0,0,0,0,0,0,0,0,0,0,0,0,0,0,0,0
0,0,0,0,0,0,0,0,0,0,0,0,0,0,0,0,0,0,1,0,0,0,0,0,1,0,0,0,0,0,1,0,0,0,0,2,0,0,0,1,0,2,0,2,2,0,3,0,4,0,1,1,0,2,2,3,1,3,1,3,3,3,0,4,2,1,5,2,1,4,2,1,0,2,1,2,0,1,0,1,0,1,0,1,1,1,0,0,2,1,2,0,1,0,0,0,1,0,1,0,0,0,2,0,0,1,0,0,0,0,0,0,0,0,0,0,0,0,0,0,0,0,0,0,0,0,0,0,0,0,0,0,0,0,0,0,0,0,0,0,0,0,0,0,0,0,0,0,0,0,0,0,0,0,0,0,0,0,0,0,0,0,0,0,0,0,0,0,0,0,0,0,0,0,0,0,0,0,0,0,0,0,0,0,0,0,0,0,0,0,0,0,0,0,0,0,0,0,0,0
0,0,1,0,0,0,0,0,0,0,0,0,0,0,0,0,0,0,0,0,0,0,0,0,0,0,0,0,0,0,0,0,0,0,1,0,0,0,1,1,3,1,1,1,0,3,1,0,0,0,1,2,1,1,0,2,3,3,1,2,1,0,0,1,0,1,1,1,2,0,1,1,0,0,0,1,0,0,2,2,1,0,1,3,0,0,0,0,1,1,1,1,2,0,0,0,0,0,1,0,0,0,0,1,0,0,0,0,0,0,0,0,0,0,0,0,0,0,0,0,0,0,0,0,0,0,0,0,0,0,0,0,0,0,0,0,0,0,0,0,0,0,0,0,0,0,0,0,0,0,0,0,0,0,0,0,0,0,0,0,0,0,0,0,0,0,0,0,0,0,0,0,0,0,0,0,0,0,0,0,0,0,0,0,0,0,0,0,0,0,0,0,0,0,0,0,0,0,0,0
0,0,0,0,0,0,0,0,0,0,0,0,0,0,0,0,0,0,0,0,0,0,1,0,0,0,0,1,0,0,0,1,0,0,0,1,1,0,0,2,1,0,0,0,3,1,1,0,2,0,0,2,1,2,1,1,2,0,1,5,1,2,1,3,0,3,5,0,0,1,0,5,1,1,4,2,1,0,1,1,1,0,0,0,2,0,0,1,0,0,0,1,0,0,0,2,0,0,0,1,0,0,0,0,1,0,0,0,0,0,0,0,0,0,0,0,0,0,0,0,0,0,0,0,0,0,0,0,0,0,0,0,0,0,0,0,0,0,0,0,0,0,0,0,0,0,0,0,0,0,0,0,0,0,0,0,0,0,0,0,0,0,0,0,0,0,0,0,0,0,0,0,0,0,0,0,0,0,0,0,0,0,0,0,0,0,0,0,0,0,0,0,0,0,0,0,0,0,0,0
0,0,0,0,0,0,0,0,0,0,0,0,0,0,0,0,0,0,0,0,0,0,0,0,2,1,0,0,0,0,0,0,1,2,0,1,0,0,0,0,1,1,0,1,0,0,0,2,3,0,1,0,1,1,2,0,2,5,0,2,2,1,1,3,2,1,1,0,1,2,1,5,1,3,1,1,0,2,0,0,1,1,1,1,3,0,0,0,0,0,0,1,0,0,0,0,0,2,0,0,2,0,0,0,1,0,0,1,0,0,0,0,0,0,0,0,0,0,0,0,0,0,0,1,0,0,0,0,0,0,0,0,0,0,0,0,0,0,0,0,0,0,0,0,0,0,0,0,0,0,0,0,0,0,0,0,0,0,0,0,0,0,0,0,0,0,0,0,0,0,0,0,0,0,0,0,0,0,0,0,0,0,0,0,0,0,0,0,0,0,0,0,0,0,0,0,0,0,0,0
0,0,0,0,0,0,0,0,0,0,1,0,0,0,0,0,0,0,0,0,1,0,0,0,0,0,0,0,0,0,1,1,1,0,0,0,0,0,0,1,0,0,0,0,0,2,2,0,1,3,1,1,0,1,2,0,3,1,1,3,1,2,0,2,2,0,1,1,0,1,0,2,0,0,2,0,0,3,2,2,1,2,1,3,1,0,1,0,0,0,0,0,1,0,0,0,0,0,1,0,0,0,0,0,0,0,0,0,1,0,0,0,1,0,0,0,0,0,0,0,0,0,0,0,0,0,0,0,0,0,0,0,0,0,0,0,0,0,0,0,0,0,0,0,0,0,0,0,0,0,0,0,0,0,0,0,0,0,0,0,0,0,0,0,0,0,0,0,0,0,0,0,0,0,0,0,0,0,0,0,0,0,0,0,0,0,0,0,0,0,0,0,0,0,0,0,0,0,0,0
0,0,0,0,0,0,0,0,0,0,0,0,0,0,0,0,0,0,0,0,1,0,0,0,0,0,0,0,0,0,0,0,0,0,0,0,0,0,0,1,3,0,1,0,0,0,1,0,4,0,1,0,0,1,1,1,1,3,0,1,1,0,0,1,2,1,1,3,1,2,1,2,1,4,0,1,2,4,0,1,0,1,2,0,0,3,0,0,2,0,0,0,0,1,1,1,0,0,0,0,0,0,0,0,0,0,0,0,0,0,0,0,0,0,0,0,0,0,0,0,0,0,0,0,0,0,0,0,0,0,0,0,0,0,0,0,0,0,0,0,0,0,0,0,0,0,0,0,0,0,0,0,0,0,0,0,0,0,0,0,0,0,0,0,0,0,0,0,0,0,0,0,0,0,0,0,0,0,0,0,0,0,0,0,0,0,0,0,0,0,0,0,0,0,0,0,0,0,0,0
0,0,0,0,0,0,0,0,0,0,0,0,0,0,0,0,0,0,0,0,0,0,0,0,0,0,0,0,0,0,0,0,0,1,0,0,0,0,0,0,0,1,0,1,2,1,0,0,2,0,4,4,3,2,1,0,2,1,2,2,1,1,2,2,2,3,1,2,3,2,0,2,0,2,0,5,1,0,2,0,0,0,0,0,0,1,0,0,0,0,0,0,0,0,0,0,0,0,0,0,0,0,0,0,1,0,0,0,0,0,0,0,0,0,0,0,0,0,0,0,0,0,0,0,0,0,0,0,0,0,0,0,0,0,0,0,0,0,0,0,0,0,0,0,0,0,0,0,0,0,0,0,0,0,0,0,0,0,0,0,0,0,0,0,0,0,0,0,0,0,0,0,0,0,0,0,0,0,0,0,0,0,0,0,0,0,0,0,0,0,0,0,0,0,0,0,0,0,0,0
0,0,0,0,0,0,0,0,0,0,0,0,0,0,0,0,1,0,1,0,0,0,0,0,0,0,1,0,0,0,0,0,1,0,0,1,0,1,1,1,0,1,3,1,1,0,2,0,1,3,2,0,2,1,2,1,3,3,1,2,1,1,1,2,3,0,1,1,2,0,1,1,0,3,1,2,1,0,2,2,0,0,1,0,0,0,1,0,1,2,0,1,0,0,1,0,0,0,0,0,0,0,0,0,0,0,0,0,0,0,0,0,0,0,0,0,0,0,0,0,0,0,0,0,0,0,0,0,0,0,0,0,0,0,0,0,0,0,0,0,0,0,0,0,0,0,0,0,0,0,0,0,0,0,0,0,0,0,0,0,0,0,0,0,0,0,0,0,0,0,0,0,0,0,0,0,0,0,0,0,0,0,0,0,0,0,0,0,0,0,0,0,0,0,0,0,0,0,0,0
0,0,0,0,0,0,0,0,0,0,0,0,0,0,0,0,0,0,0,0,0,1,0,0,0,0,0,0,0,0,0,0,0,1,0,2,1,0,0,0,0,0,0,0,0,1,0,2,0,0,1,1,1,0,0,2,1,0,1,0,1,1,4,1,0,2,0,2,0,0,1,3,1,1,0,1,1,1,0,0,0,0,1,2,0,0,0,2,0,0,1,0,1,0,0,0,0,0,0,0,0,0,0,0,0,0,0,0,0,0,0,0,0,0,0,0,0,0,0,0,0,0,0,0,0,0,0,0,0,0,0,0,0,0,0,0,0,0,0,0,0,0,0,0,0,0,0,0,0,0,0,0,0,0,0,0,0,0,0,0,0,0,0,0,0,0,0,0,0,0,0,0,0,0,0,0,0,0,0,0,0,0,0,0,0,0,0,0,0,0,0,0,0,0,0,0,0,0,0,0
0,0,0,0,0,0,0,0,0,0,0,0,0,0,0,0,0,0,0,0,0,0,0,0,0,0,1,0,0,0,0,0,0,0,0,1,0,0,2,1,3,0,1,1,1,0,1,0,1,3,2,1,0,0,2,0,1,2,0,3,2,0,0,1,2,2,1,1,0,1,2,3,1,1,0,1,0,0,0,1,0,0,1,0,0,0,0,1,1,0,0,0,0,0,1,0,0,0,0,1,0,0,0,0,0,0,0,0,0,0,0,0,0,0,0,0,0,0,0,0,0,0,0,0,0,0,0,0,0,0,0,0,0,0,0,0,0,0,0,0,0,0,0,0,0,0,0,0,0,0,0,0,0,0,0,0,0,0,0,0,0,0,0,0,0,0,0,0,0,0,0,0,0,0,0,0,0,0,0,0,0,0,0,0,0,0,0,0,0,0,0,0,0,0,0,0,0,0,0,0
0,0,1,0,0,0,1,0,0,0,0,0,0,0,0,0,0,0,0,0,0,0,0,0,0,0,0,0,0,0,0,0,1,0,1,1,1,2,0,0,0,0,2,1,0,1,1,0,2,2,1,0,0,3,0,1,0,1,1,2,1,1,2,4,2,2,2,0,0,1,2,2,1,0,2,2,0,1,0,0,1,0,2,1,1,1,0,0,0,0,0,0,1,0,0,0,0,1,0,1,0,0,0,0,0,0,1,0,1,0,0,0,1,0,0,1,0,0,0,0,0,0,0,0,0,0,0,0,0,0,0,0,0,0,0,0,0,0,0,0,0,0,0,0,0,0,0,0,0,0,0,0,0,0,0,0,0,0,0,0,0,0,0,0,0,0,0,0,0,0,0,0,0,0,0,0,0,0,0,0,0,0,0,0,0,0,0,0,0,0,0,0,0,0,0,0,0,0,0,0
0,0,0,0,0,0,0,0,0,0,0,0,0,0,0,0,0,0,0,0,0,0,0,0,0,0,0,0,0,0,0,0,0,0,0,0,0,0,0,0,0,0,1,1,0,2,1,0,1,0,1,0,0,0,0,2,2,0,3,0,0,0,2,0,4,2,3,0,4,0,2,2,1,0,3,1,0,2,0,1,1,1,1,0,2,1,0,1,1,1,0,1,0,0,0,0,0,0,0,0,0,0,2,0,0,0,0,0,0,0,0,0,0,0,0,0,0,0,0,0,0,0,0,0,0,0,0,0,0,0,0,0,0,0,0,0,0,0,0,0,0,0,0,0,0,0,0,0,0,0,0,0,0,0,0,0,0,0,0,0,0,0,0,0,0,0,0,0,0,0,0,0,0,0,0,0,0,0,0,0,0,0,0,0,0,0,0,0,0,0,0,0,0,0,0,0,0,0,0,0
0,0,0,0,0,0,0,0,0,0,0,0,0,0,0,1,0,0,0,0,0,0,0,0,0,0,1,0,1,0,0,1,1,0,0,0,1,1,0,0,0,0,0,2,1,1,0,1,1,1,3,1,1,1,1,1,2,1,0,0,0,2,1,3,4,0,2,0,1,2,3,0,3,0,1,1,0,1,0,1,0,1,0,0,0,2,0,2,0,0,0,0,0,0,0,0,0,0,1,0,0,2,0,0,0,0,0,0,0,0,0,0,0,0,0,0,0,0,0,0,0,0,0,0,0,0,0,0,0,0,0,0,0,0,0,0,0,0,0,0,0,0,0,0,0,0,0,0,0,0,0,0,0,0,0,0,0,0,0,0,0,0,0,0,0,0,0,0,0,0,0,0,0,0,0,0,0,0,0,0,0,0,0,0,0,0,0,0,0,0,0,0,0,0,0,0,0,0,0,0
0,0,0,0,0,0,0,0,0,0,0,0,0,0,0,0,0,0,1,0,0,0,0,0,0,0,0,0,0,0,0,1,1,0,0,0,0,0,1,1,0,1,2,0,0,0,0,0,0,0,0,0,1,1,1,0,1,0,1,0,2,2,0,1,1,3,1,2,2,1,1,1,0,0,2,1,0,2,0,2,1,0,1,1,1,0,0,0,1,0,2,1,0,0,2,0,0,0,0,1,0,0,0,0,0,0,0,0,0,0,0,0,0,0,0,0,0,0,1,0,0,0,0,0,0,0,0,0,0,0,0,0,0,0,0,0,0,0,0,0,0,0,0,0,0,0,0,0,0,0,0,0,0,0,0,0,0,0,0,0,0,0,0,0,0,0,0,0,0,0,0,0,0,0,0,0,0,0,0,0,0,0,0,0,0,0,0,0,0,0,0,0,0,0,0,0,0,0,0,0
0,0,0,0,0,0,0,0,0,0,0,0,0,0,0,0,0,0,0,0,0,0,0,0,0,0,0,0,1,1,0,0,0,0,1,0,1,0,0,3,0,0,0,0,0,0,1,0,2,0,2,0,0,0,3,0,1,1,0,4,2,0,2,0,1,0,2,0,2,0,2,1,0,1,0,2,1,1,3,1,0,1,0,0,0,0,0,1,1,0,0,0,1,0,1,0,0,0,1,0,0,0,1,0,0,0,0,0,0,0,0,0,1,0,0,1,0,0,0,0,0,0,0,0,0,0,0,0,0,0,0,0,0,0,0,0,0,0,0,0,0,0,0,0,0,0,0,0,0,0,0,0,0,0,0,0,0,0,0,0,0,0,0,0,0,0,0,0,0,0,0,0,0,0,0,0,0,0,0,0,0,0,0,0,0,0,0,0,0,0,0,0,0,0,0,0,0,0,0,0
0,0,0,0,0,0,0,0,0,0,0,0,0,0,0,0,0,0,0,0,0,0,0,0,0,0,1,0,0,0,0,0,0,0,0,0,0,1,0,0,0,0,1,1,0,1,0,0,0,0,2,2,1,1,0,0,0,0,1,1,1,0,2,1,0,1,1,1,1,1,2,2,2,0,0,1,0,1,0,1,0,1,0,1,0,1,0,1,0,0,1,1,0,0,0,0,0,0,0,0,1,1,0,0,0,0,0,0,0,0,0,0,0,0,0,0,0,0,0,0,0,0,0,0,0,0,0,0,0,0,0,0,0,0,0,0,0,0,0,0,0,0,0,0,0,0,0,0,0,0,0,0,0,0,0,0,0,0,0,0,0,0,0,0,0,0,0,0,0,0,0,0,0,0,0,0,0,0,0,0,0,0,0,0,0,0,0,0,0,0,0,0,0,0,0,0,0,0,0,0
0,0,0,0,0,0,0,0,0,0,0,0,0,0,0,0,0,0,0,0,0,0,0,1,0,0,0,0,0,0,0,0,0,0,0,0,0,0,0,0,0,1,1,0,0,0,0,2,0,1,1,0,0,0,2,0,0,0,2,0,1,0,1,1,0,4,1,1,0,0,2,4,0,2,3,0,0,1,1,0,0,0,0,1,1,1,0,0,0,0,0,1,0,0,0,1,0,0,0,1,0,0,0,0,0,1,0,0,0,0,1,0,0,1,0,0,0,0,0,0,0,0,0,0,0,0,0,0,0,0,0,0,0,0,0,0,0,0,0,0,0,0,0,0,0,0,0,0,0,0,0,0,0,0,0,0,0,0,0,0,0,0,0,0,0,0,0,0,0,0,0,0,0,0,0,0,0,0,0,0,0,0,0,0,0,0,0,0,0,0,0,0,0,0,0,0,0,0,0,0
0,0,0,0,0,0,0,0,0,0,0,0,0,0,0,0,0,0,0,0,0,0,0,0,0,0,1,0,0,0,0,1,0,1,0,1,0,0,1,0,1,1,2,2,0,2,1,0,0,1,1,2,0,0,0,2,0,0,2,0,1,0,2,0,0,0,1,1,0,1,1,0,0,0,0,1,1,2,1,0,1,0,1,1,0,0,0,1,0,0,0,0,0,1,0,1,0,0,0,0,1,0,0,0,0,0,0,0,0,0,0,0,0,0,0,0,0,0,0,0,0,0,0,0,0,0,0,0,1,0,0,0,0,0,0,0,0,0,0,0,0,0,0,0,0,0,0,0,0,0,0,0,0,0,0,0,0,0,0,0,0,0,0,0,0,0,0,0,0,0,0,0,0,0,0,0,0,0,0,0,0,0,0,0,0,0,0,0,0,0,0,0,0,0,0,0,0,0,0,0
0,0,0,0,0,0,0,0,0,0,0,0,0,0,0,0,0,0,1,0,0,0,0,0,0,0,0,0,0,1,0,0,0,0,0,0,0,0,1,0,0,0,0,0,1,0,0,2,0,1,0,0,0,0,0,2,2,0,0,1,2,0,0,1,0,1,2,2,0,1,0,0,0,1,2,3,1,0,2,0,1,0,1,0,0,1,1,0,0,0,0,0,0,2,0,0,0,1,1,0,0,0,0,0,0,0,0,1,0,0,0,0,0,0,0,0,0,0,0,0,0,0,0,1,0,0,0,0,0,0,0,0,0,0,0,0,0,0,0,0,0,0,0,0,0,0,0,0,0,0,0,0,0,0,0,0,0,0,0,0,0,0,0,0,0,0,0,0,0,0,0,0,0,0,0,0,0,0,0,0,0,0,0,0,0,0,0,0,0,0,0,0,0,0,0,0,0,0,0,0
0,0,0,0,0,0,0,0,0,0,0,0,0,0,0,0,0,0,0,0,0,0,0,0,0,0,0,0,0,0,0,0,0,0,0,0,1,0,0,0,0,1,2,0,2,0,1,0,1,2,1,1,1,2,2,1,0,0,1,1,0,0,1,0,1,1,0,0,1,0,2,1,0,0,0,0,0,2,3,1,0,3,1,1,0,0,0,0,0,0,0,0,0,0,0,1,0,0,0,0,0,0,0,0,0,0,0,0,0,0,0,0,0,0,1,0,0,0,0,0,0,0,0,0,0,0,0,0,0,0,0,0,0,0,0,0,0,0,0,0,0,0,0,0,0,0,0,0,0,0,0,0,0,0,0,0,0,0,0,0,0,0,0,0,0,0,0,0,0,0,0,0,0,0,0,0,0,0,0,0,0,0,0,0,0,0,0,0,0,0,0,0,0,0,0,0,0,0,0,0
0,0,0,0,0,0,0,0,0,0,0,0,0,0,0,0,0,0,0,0,0,0,0,0,0,0,1,0,0,0,0,0,1,0,1,0,0,0,0,0,0,0,1,0,0,0,0,0,3,0,0,0,0,0,1,1,2,0,3,0,1,1,2,1,0,1,1,2,0,0,0,0,0,0,3,0,1,0,0,1,1,0,0,0,1,0,0,1,0,0,1,0,0,0,1,1,1,0,0,0,0,0,0,0,1,0,0,0,0,0,1,0,0,0,0,0,0,0,0,0,0,0,0,0,0,0,0,0,0,0,0,0,0,0,0,0,0,0,0,0,0,0,0,0,0,0,0,0,0,0,0,0,0,0,0,0,0,0,0,0,0,0,0,0,0,0,0,0,0,0,0,0,0,0,0,0,0,0,0,0,0,0,0,0,0,0,0,0,0,0,0,0,0,0,0,0,0,0,0,0
0,0,0,0,0,0,0,0,0,0,0,0,0,0,0,0,0,2,0,0,0,0,0,0,0,0,0,0,0,0,1,0,0,1,0,0,1,2,0,0,1,0,1,0,0,2,0,2,1,0,1,1,1,2,0,0,1,0,0,2,1,2,1,2,0,2,2,2,0,1,1,2,1,0,0,1,1,2,1,0,2,1,0,0,1,0,0,0,0,1,0,1,0,0,0,0,2,0,0,0,0,1,0,1,1,0,0,0,0,0,0,0,0,0,0,0,0,0,0,0,0,0,0,0,0,2,0,0,0,0,0,0,0,0,0,0,0,0,0,0,0,0,0,0,0,0,0,0,0,0,0,0,0,0,0,0,0,0,0,0,0,0,0,0,0,0,0,0,0,0,0,0,0,0,0,0,0,0,0,0,0,0,0,0,0,0,0,0,0,0,0,0,0,0,0,0,0,0,0,0
0,0,0,0,0,0,0,0,0,0,0,0,0,0,0,0,0,0,0,0,0,0,0,0,0,0,1,0,0,0,0,0,0,2,1,0,0,0,0,2,0,0,1,0,1,0,0,1,0,1,2,1,1,0,0,1,1,1,6,1,0,1,0,2,0,1,0,1,0,1,1,0,0,2,4,1,1,3,2,0,0,1,0,1,1,1,0,0,1,0,0,0,0,0,1,0,1,1,0,0,0,0,0,0,1,0,0,1,0,0,0,0,0,0,0,0,0,0,0,0,0,0,0,0,0,0,0,0,0,0,0,0,0,0,0,0,0,0,0,0,0,0,0,0,0,0,0,0,0,0,0,0,0,0,0,0,0,0,0,0,0,0,0,0,0,0,0,0,0,0,0,0,0,0,0,0,0,0,0,0,0,0,0,0,0,0,0,0,0,0,0,0,0,0,0,0,0,0,0,0
0,0,0,0,0,0,0,0,0,0,0,0,0,0,0,0,0,0,0,0,0,0,0,1,0,1,0,0,0,0,0,1,1,0,0,3,1,0,0,0,0,0,1,0,1,1,0,2,1,2,1,0,2,1,1,0,0,0,0,2,0,0,0,0,0,0,0,2,1,0,1,1,1,1,1,1,2,0,0,0,0,0,0,0,0,0,0,0,0,0,0,0,0,0,0,1,0,0,0,0,0,0,0,0,1,0,0,0,0,0,0,0,0,0,0,0,0,0,0,0,0,0,0,0,0,1,0,0,0,0,0,0,0,0,0,0,0,0,0,0,0,0,0,0,0,0,0,0,0,0,0,0,0,0,0,0,0,0,0,0,0,0,0,0,0,0,0,0,0,0,0,0,0,0,0,0,0,0,0,0,0,0,0,0,0,0,0,0,0,0,0,0,0,0,0,0,0,0,0,0
0,0,0,0,0,0,0,0,0,0,0,0,0,0,0,0,0,0,0,0,0,0,0,0,0,1,0,0,0,0,0,0,0,1,2,0,0,0,1,0,0,1,0,0,0,0,0,0,1,0,0,1,0,0,0,1,1,1,0,2,1,1,2,0,1,1,2,2,2,1,0,0,1,3,1,0,0,2,0,2,0,0,0,0,1,1,0,0,1,0,0,0,0,0,0,0,0,0,0,0,0,0,0,0,0,0,0,0,0,0,0,0,0,0,0,0,0,0,0,0,0,0,0,0,0,0,0,0,0,0,0,0,0,0,0,0,0,0,0,0,0,0,0,0,0,0,0,0,0,0,0,0,0,0,0,0,0,0,0,0,0,0,0,0,0,0,0,0,0,0,0,0,0,0,0,0,0,0,0,0,0,0,0,0,0,0,0,0,0,0,0,0,0,0,0,0,0,0,0,0
0,0,0,0,0,0,0,0,0,0,0,0,0,0,0,0,0,0,0,0,0,0,0,0,1,1,0,0,0,0,0,0,0,1,0,0,0,2,0,1,0,1,0,2,0,2,0,0,1,1,1,0,1,0,3,0,0,0,0,0,1,2,0,1,0,1,0,0,1,0,1,1,2,1,0,1,2,1,2,0,0,0,0,1,0,1,0,0,0,1,0,0,0,1,0,0,0,1,0,0,0,0,1,0,0,0,0,0,0,0,0,0,0,0,0,0,0,0,0,0,0,0,0,0,0,0,0,0,0,0,0,0,0,0,0,0,0,0,0,0,0,0,0,0,0,0,0,0,0,0,0,0,0,0,0,0,0,0,0,0,0,0,0,0,0,0,0,0,0,0,0,0,0,0,0,0,0,0,0,0,0,0,0,0,0,0,0,0,0,0,0,0,0,0,0,0,0,0,0,0
0,0,0,0,0,0,0,0,0,0,0,0,0,0,0,0,0,0,0,0,0,0,0,0,0,0,1,0,0,0,0,0,0,0,1,0,1,0,0,0,0,0,1,1,0,0,0,0,0,1,0,0,1,0,0,1,1,2,0,0,2,0,0,1,0,0,0,1,1,1,0,0,0,1,1,0,0,0,0,0,0,0,1,0,0,1,0,0,0,0,0,1,0,0,0,0,0,0,0,0,0,0,0,0,0,0,0,0,0,0,1,0,0,0,0,0,0,0,0,0,0,0,0,1,0,0,0,0,0,0,0,0,0,0,0,0,0,0,0,0,0,0,0,0,0,0,0,0,0,0,0,0,0,0,0,0,0,0,0,0,0,0,0,0,0,0,0,0,0,0,0,0,0,0,0,0,0,0,0,0,0,0,0,0,0,0,0,0,0,0,0,0,0,0,0,0,0,0,0,0
0,0,0,0,0,0,0,0,0,0,0,0,0,0,0,0,0,0,0,0,0,0,0,0,0,0,0,0,0,0,0,0,0,0,0,0,1,0,0,0,0,0,0,1,1,1,1,0,0,0,1,0,0,0,0,1,0,0,0,1,0,0,0,0,1,0,2,0,0,2,0,1,0,2,2,1,0,1,0,0,0,0,0,0,0,0,0,0,0,1,1,0,0,0,0,0,0,0,0,0,0,0,0,0,0,0,0,0,0,0,0,0,0,0,0,0,0,0,0,0,0,0,0,0,0,0,0,0,0,0,0,0,0,0,0,0,0,0,0,0,0,0,0,0,0,0,0,0,0,0,0,0,0,0,0,0,0,0,0,0,0,0,0,0,0,0,0,0,0,0,0,0,0,0,0,0,0,0,0,0,0,0,0,0,0,0,0,0,0,0,0,0,0,0,0,0,0,0,0,0
0,0,0,0,0,0,0,0,0,0,0,0,0,0,0,0,0,0,0,1,1,0,0,0,1,0,0,0,0,1,0,0,0,0,0,0,2,2,0,0,0,0,0,2,0,2,3,0,0,1,1,0,0,0,1,0,0,1,0,0,0,1,1,0,1,1,0,0,0,0,0,0,1,1,0,1,0,0,0,0,0,0,0,0,0,0,0,0,0,0,0,0,0,0,0,0,1,0,0,0,0,0,0,0,0,0,0,0,0,0,0,0,0,0,0,0,0,0,0,0,0,0,0,0,0,0,0,0,0,0,0,0,0,0,0,0,0,0,0,0,0,0,0,0,0,0,0,0,0,0,0,0,0,0,0,0,0,0,0,0,0,0,0,0,0,0,0,0,0,0,0,0,0,0,0,0,0,0,0,0,0,0,0,0,0,0,0,0,0,0,0,0,0,0,0,0,0,0,0,0
0,0,0,0,0,0,0,0,0,0,0,0,0,0,0,0,0,0,0,0,0,0,0,0,0,0,1,0,0,0,0,0,0,1,0,0,1,0,0,0,1,0,1,1,0,0,0,2,2,0,0,1,1,3,1,1,0,1,0,0,1,1,0,1,1,1,0,1,0,1,0,0,0,1,1,0,0,0,2,0,0,0,2,0,0,0,1,0,0,0,0,0,0,0,1,0,0,0,0,0,0,0,0,1,0,0,0,0,0,0,0,0,0,0,0,0,0,0,0,0,0,0,0,0,0,0,0,0,0,0,0,0,0,0,0,0,0,0,0,0,0,0,0,0,0,0,0,0,0,0,0,0,0,0,0,0,0,0,0,0,0,0,0,0,0,0,0,0,0,0,0,0,0,0,0,0,0,0,0,0,0,0,0,0,0,0,0,0,0,0,0,0,0,0,0,0,0,0,0,0
0,0,0,0,0,0,0,0,0,0,0,0,0,0,0,0,0,0,0,0,0,0,0,0,0,0,0,0,0,1,1,0,0,1,0,0,0,0,0,0,0,0,1,1,0,1,0,0,1,0,0,0,0,0,1,0,0,1,1,1,0,0,0,1,0,0,0,0,1,0,0,0,0,0,1,0,1,0,0,1,0,0,0,0,0,0,0,0,0,1,0,0,0,0,0,0,0,1,0,0,0,0,0,0,0,0,0,1,0,0,0,0,1,0,0,0,0,0,0,0,0,0,0,0,0,0,0,0,0,0,0,0,0,0,0,0,0,0,0,0,0,0,0,0,0,0,0,0,0,0,0,0,0,0,0,0,0,0,0,0,0,0,0,0,0,0,0,0,0,0,0,0,0,0,0,0,0,0,0,0,0,0,0,0,0,0,0,0,0,0,0,0,0,0,0,0,0,0,0,0
0,0,1,0,0,0,0,0,0,0,0,0,0,0,0,0,0,0,1,0,0,0,0,0,0,0,0,0,0,0,1,0,0,0,0,0,0,0,0,1,0,0,0,0,1,0,1,0,1,0,0,0,0,0,0,1,1,2,0,1,0,0,2,0,1,1,0,1,2,0,0,1,1,1,0,1,1,0,0,1,0,0,0,1,0,1,0,0,0,1,0,0,0,1,0,0,0,0,0,0,0,0,0,0,1,0,0,0,0,0,0,0,0,0,0,0,0,0,0,0,0,0,0,0,0,0,0,0,0,0,0,0,0,0,0,0,0,0,0,0,0,0,0,0,0,0,0,0,0,0,0,0,0,0,0,0,0,0,0,0,0,0,0,0,0,0,0,0,0,0,0,0,0,0,0,0,0,0,0,0,0,0,0,0,0,0,0,0,0,0,0,0,0,0,0,0,0,0,0,0
0,0,0,0,0,0,0,0,0,0,0,0,0,0,0,0,0,0,0,0,0,0,0,0,0,0,0,0,0,0,0,0,0,0,0,1,0,0,0,0,0,0,0,0,0,0,0,1,0,0,0,1,0,0,0,0,0,0,2,1,0,0,0,1,1,0,1,0,1,0,0,0,2,0,0,0,0,0,0,0,0,1,1,0,1,0,1,0,0,0,0,0,0,0,0,0,0,0,0,0,0,0,0,0,0,0,0,0,1,0,0,0,0,0,0,0,0,0,0,0,0,0,0,0,0,0,0,0,0,0,0,0,0,0,0,0,0,0,0,0,0,0,0,0,0,0,0,0,0,0,0,0,0,0,0,0,0,0,0,0,0,0,0,0,0,0,0,0,0,0,0,0,0,0,0,0,0,0,0,0,0,0,0,0,0,0,0,0,0,0,0,0,0,0,0,0,0,0,0,0
0,0,0,0,0,0,0,0,0,0,0,0,0,0,0,0,0,0,0,0,0,0,0,0,1,0,0,0,0,0,0,0,0,1,0,1,0,0,0,1,0,1,0,1,0,0,0,0,2,0,0,0,2,0,0,0,0,0,1,1,0,0,0,0,0,0,0,0,1,2,0,3,0,0,0,0,0,0,1,0,0,0,0,0,0,0,1,0,0,0,0,0,0,0,0,0,0,0,0,0,0,0,0,0,0,0,0,0,1,0,0,0,0,0,0,0,0,0,0,0,0,0,0,0,0,0,0,0,0,0,0,0,0,0,0,0,0,0,0,0,0,0,0,0,0,0,0,0,0,0,0,0,0,0,0,0,0,0,0,0,0,0,0,0,0,0,0,0,0,0,0,0,0,0,0,0,0,0,0,0,0,0,0,0,0,0,0,0,0,0,0,0,0,0,0,0,0,0,0,0
0,0,0,0,0,0,0,0,0,0,0,0,0,0,0,0,0,0,0,0,1,0,0,0,0,0,0,0,0,0,0,0,0,0,0,0,0,0,1,0,0,1,0,1,0,1,0,1,0,0,0,0,0,0,0,1,1,2,0,1,0,0,2,1,0,1,0,2,0,1,0,0,0,0,1,0,1,0,0,0,0,1,0,1,1,0,0,0,0,0,0,0,0,0,0,0,0,0,1,0,0,0,0,0,0,0,0,0,0,0,0,0,0,0,0,0,0,0,0,0,0,0,0,0,0,0,0,0,0,0,0,0,0,0,0,0,0,0,0,0,0,0,0,0,0,0,0,0,0,0,0,0,0,0,0,0,0,0,0,0,0,0,0,0,0,0,0,0,0,0,0,0,0,0,0,0,0,0,0,0,0,0,0,0,0,0,0,0,0,0,0,0,0,0,0,0,0,0,0,0
0,0,0,0,0,0,0,0,0,0,0,0,0,0,0,0,0,0,0,0,0,0,0,0,0,0,0,0,0,0,0,0,0,1,0,0,0,1,0,0,1,0,1,1,1,0,1,0,1,0,1,0,0,0,1,0,1,0,0,2,1,0,1,0,4,0,1,1,1,1,0,0,0,1,1,0,0,0,2,1,1,1,0,0,0,1,0,1,1,0,0,0,0,0,0,0,0,1,0,0,0,0,1,0,0,0,0,0,0,0,0,0,0,0,0,0,0,0,0,0,0,0,0,0,0,0,0,0,0,0,0,0,0,0,0,0,0,0,0,0,0,0,0,0,0,0,0,0,0,0,0,0,0,0,0,0,0,0,0,0,0,0,0,0,0,0,0,0,0,0,0,0,0,0,0,0,0,0,0,0,0,0,0,0,0,0,0,0,0,0,0,0,0,0,0,0,0,0,0,0
0,0,0,0,0,0,0,0,0,0,0,0,0,0,0,0,0,0,0,0,0,0,0,0,0,0,0,0,0,1,0,0,0,0,0,0,0,1,0,0,0,1,0,0,0,0,0,0,1,1,0,0,0,0,1,0,0,1,0,0,0,0,1,0,1,1,0,2,0,0,0,0,1,0,0,0,0,1,2,0,0,1,0,0,0,0,0,0,1,1,1,0,1,1,0,0,0,0,0,0,0,0,0,0,1,0,0,1,0,0,0,0,0,0,0,0,0,0,0,0,0,0,1,0,0,0,0,0,1,0,0,0,0,0,0,0,0,0,0,0,0,0,0,0,0,0,0,0,0,0,0,0,0,0,0,0,0,0,0,0,0,0,0,0,0,0,0,0,0,0,0,0,0,0,0,0,0,0,0,0,0,0,0,0,0,0,0,0,0,0,0,0,0,0,0,0,0,0,0,0
0,0,0,0,0,0,0,0,0,0,0,0,1,0,0,0,0,0,0,0,0,0,0,0,0,0,0,0,0,0,0,0,0,0,0,0,0,1,0,1,0,0,0,0,0,1,0,0,0,0,0,0,0,0,1,1,2,0,0,1,3,2,2,0,0,2,0,0,0,1,0,0,0,1,0,0,0,0,0,1,0,1,0,0,0,0,0,0,0,0,0,0,0,0,0,0,0,0,0,1,0,0,0,0,0,0,0,0,0,0,0,0,0,0,0,0,0,0,0,0,0,0,0,0,0,0,0,0,0,0,0,0,0,0,0,0,0,0,0,0,0,0,0,0,0,0,0,0,0,0,0,0,0,0,0,0,0,0,0,0,0,0,0,0,0,0,0,0,0,0,0,0,0,0,0,0,0,0,0,0,0,0,0,0,0,0,0,0,0,0,0,0,0,0,0,0,0,0,0,0
0,0,0,0,0,0,0,0,0,0,0,0,0,0,0,0,0,0,0,0,0,0,0,0,0,0,0,0,0,0,1,0,0,0,0,0,0,1,0,0,0,1,0,1,0,0,0,0,0,1,2,0,1,1,1,1,1,0,1,0,0,1,0,0,0,0,0,1,0,0,0,1,2,1,2,1,2,0,0,0,0,1,0,0,0,0,0,2,1,0,1,0,0,0,0,0,0,0,0,0,0,0,0,0,0,0,0,0,0,0,0,0,0,0,0,0,0,0,0,0,0,0,0,0,0,0,0,0,0,0,0,0,0,0,0,0,0,0,0,0,0,0,0,0,0,0,0,0,0,0,0,0,0,0,0,0,0,0,0,0,0,0,0,0,0,0,0,0,0,0,0,0,0,0,0,0,0,0,0,0,0,0,0,0,0,0,0,0,0,0,0,0,0,0,0,0,0,0,0,0
0,0,0,0,0,0,0,0,0,0,0,0,0,0,0,0,0,0,0,0,0,0,0,0,0,0,0,0,0,1,0,0,0,0,0,0,0,0,1,0,0,0,0,0,0,1,0,0,0,1,2,0,1,0,0,0,0,0,0,0,0,1,1,0,0,0,3,1,0,0,0,0,1,0,0,0,2,0,1,0,0,4,1,1,0,1,0,0,0,0,0,0,0,0,0,0,0,1,0,0,0,0,0,0,0,0,1,0,0,0,0,0,0,0,1,0,0,0,0,0,0,0,0,0,1,0,0,0,0,0,0,0,0,0,0,0,0,0,0,0,0,0,0,0,0,0,0,0,0,0,0,0,0,0,0,0,0,0,0,0,0,0,0,0,0,0,0,0,0,0,0,0,0,0,0,0,0,0,0,0,0,0,0,0,0,0,0,0,0,0,0,0,0,0,0,0,0,0,0,0
0,0,0,0,0,0,0,0,0,0,0,0,0,0,0,0,0,0,0,0,0,0,0,0,0,0,0,0,0,0,0,0,1,0,0,1,1,2,1,0,0,0,0,0,0,0,0,0,0,0,1,2,2,0,2,0,0,0,0,1,2,1,0,0,0,0,0,0,0,2,2,2,0,0,0,0,0,2,4,0,0,1,1,0,0,0,0,0,0,0,0,0,0,0,0,0,0,0,0,0,0,0,0,0,0,0,0,0,0,0,0,0,0,0,0,0,0,0,0,0,0,0,0,0,0,0,0,0,0,0,0,0,0,0,0,0,0,0,0,0,0,0,0,0,0,0,0,0,0,0,0,0,0,0,0,0,0,0,0,0,0,0,0,0,0,0,0,0,0,0,0,0,0,0,0,0,0,0,0,0,0,0,0,0,0,0,0,0,0,0,0,0,0,0,0,0,0,0,0,0
0,0,0,0,0,0,0,0,0,0,0,0,0,0,0,0,0,0,0,0,0,0,0,0,0,0,0,0,0,0,0,0,0,0,0,0,1,0,0,0,0,0,0,0,1,0,2,0,0,0,0,0,0,0,1,0,1,0,0,0,0,0,1,0,0,2,1,1,0,0,1,1,2,1,0,0,0,1,0,0,0,1,0,1,0,0,0,0,0,0,0,0,0,0,0,0,0,0,0,0,0,0,0,0,0,0,0,0,0,0,0,0,0,0,0,0,0,0,0,0,0,0,0,0,0,0,0,0,0,0,0,0,0,0,0,0,0,0,0,0,0,0,0,0,0,0,0,0,0,0,0,0,0,0,0,0,0,0,0,0,0,0,0,0,0,0,0,0,0,0,0,0,0,0,0,0,0,0,0,0,0,0,0,0,0,0,0,0,0,0,0,0,0,0,0,0,0,0,0,0
0,0,0,0,0,0,0,0,0,0,0,0,0,0,0,0,0,0,0,0,0,0,0,0,0,0,0,0,0,0,0,0,0,0,0,0,0,1,1,2,0,0,0,0,1,0,0,0,0,0,0,0,0,0,1,1,0,0,0,0,2,0,1,0,0,0,1,0,0,0,0,1,0,1,1,0,0,0,0,0,0,0,0,0,0,0,0,1,0,0,0,1,0,0,0,0,0,0,0,0,0,0,0,0,0,0,0,0,0,0,0,0,0,0,0,0,0,0,0,0,0,0,0,0,0,0,0,0,0,0,0,0,0,0,0,0,0,0,0,0,0,0,0,0,0,0,0,0,0,0,0,0,0,0,0,0,0,0,0,0,0,0,0,0,0,0,0,0,0,0,0,0,0,0,0,0,0,0,0,0,0,0,0,0,0,0,0,0,0,0,0,0,0,0,0,0,0,0,0,0
0,0,0,0,0,0,0,0,0,0,0,0,0,0,0,0,0,0,0,0,0,0,0,0,0,0,0,0,0,0,0,0,0,0,0,0,0,0,0,0,0,0,0,1,0,1,1,0,1,1,0,1,0,0,1,0,0,0,1,0,1,1,3,1,0,0,0,0,1,1,2,1,0,2,0,0,0,0,1,1,1,0,0,0,0,1,0,0,0,0,0,0,0,0,1,0,0,0,0,0,0,0,0,0,0,0,0,0,0,0,0,0,0,0,0,0,0,0,0,0,0,0,0,0,1,0,0,0,0,0,0,0,0,0,0,0,0,0,0,0,0,0,0,0,0,0,0,0,0,0,0,0,0,0,0,0,0,0,0,0,0,0,0,0,0,0,0,0,0,0,0,0,0,0,0,0,0,0,0,0,0,0,0,0,0,0,0,0,0,0,0,0,0,0,0,0,0,0,0,0
0,0,0,0,0,0,0,0,0,0,0,0,0,0,0,0,0,0,0,0,0,1,0,0,0,0,0,0,0,0,0,0,0,1,1,0,0,1,0,0,0,0,0,0,1,0,0,0,1,0,0,1,1,0,0,0,0,0,0,0,2,0,0,0,2,1,0,2,0,0,0,1,1,2,0,0,1,2,1,0,1,1,0,0,0,0,0,0,0,0,0,1,0,0,0,0,0,0,0,0,0,0,0,0,0,0,0,0,0,0,0,0,0,0,0,0,0,0,0,0,0,0,0,0,0,0,0,0,0,0,0,0,0,0,0,0,0,0,0,0,0,0,0,0,0,0,0,0,0,0,0,0,0,0,0,0,0,0,0,0,0,0,0,0,0,0,0,0,0,0,0,0,0,0,0,0,0,0,0,0,0,0,0,0,0,0,0,0,0,0,0,0,0,0,0,0,0,0,0,0
0,0,0,0,0,0,0,0,0,0,0,0,0,0,0,0,0,0,0,0,0,0,0,0,0,0,0,0,0,0,0,0,0,1,0,0,1,1,0,0,0,0,0,1,0,0,0,0,0,1,0,0,0,0,1,0,1,1,1,0,1,0,0,1,0,2,1,0,1,1,0,0,1,0,2,0,0,0,1,0,1,0,0,0,0,0,0,0,0,1,0,0,0,0,0,1,0,0,0,0,0,0,0,0,0,1,0,0,0,0,0,0,0,0,0,0,0,0,0,0,0,0,0,0,0,0,0,0,0,0,0,0,0,0,0,0,0,0,0,0,0,0,0,0,0,0,0,0,0,0,0,0,0,0,0,0,0,0,0,0,0,0,0,0,0,0,0,0,0,0,0,0,0,0,0,0,0,0,0,0,0,0,0,0,0,0,0,0,0,0,0,0,0,0,0,0,0,0,0,0
0,0,0,0,0,0,0,0,0,0,0,0,0,0,0,0,0,0,0,0,0,0,0,0,0,0,0,0,1,0,0,0,0,0,0,0,0,0,0,0,0,0,1,0,0,0,0,1,1,0,1,0,2,1,0,0,1,0,0,0,1,0,1,0,2,1,0,1,0,1,0,0,0,1,0,0,1,1,0,1,0,0,0,1,0,0,0,1,1,0,0,1,0,0,1,0,0,0,0,0,0,0,0,0,0,0,0,0,0,1,0,0,0,0,0,0,0,0,0,0,0,0,0,0,0,0,0,0,0,0,0,0,0,0,0,0,0,0,0,0,0,0,0,0,0,0,0,0,0,0,0,0,0,0,0,0,0,0,0,0,0,0,0,0,0,0,0,0,0,0,0,0,0,0,0,0,0,0,0,0,0,0,0,0,0,0,0,0,0,0,0,0,0,0,0,0,0,0,0,0
0,0,0,0,0,0,0,0,0,0,0,0,0,0,0,0,0,0,0,0,0,0,0,1,0,0,0,0,0,1,0,0,0,0,0,0,0,0,0,0,0,0,1,1,0,1,0,0,0,0,0,0,0,1,0,0,0,0,0,1,1,0,0,1,0,1,0,0,0,0,0,0,0,0,0,0,0,0,1,0,0,0,0,0,0,0,0,1,1,0,0,0,0,0,0,0,0,0,0,0,0,0,0,0,0,0,0,0,0,0,0,0,0,0,0,0,0,0,0,0,0,0,0,0,0,0,0,0,0,0,0,0,0,0,0,0,0,0,0,0,0,0,0,0,0,0,0,0,0,0,0,0,0,0,0,0,0,0,0,0,0,0,0,0,0,0,0,0,0,0,0,0,0,0,0,0,0,0,0,0,0,0,0,0,0,0,0,0,0,0,0,0,0,0,0,0,0,0,0,0
0,0,0,0,0,0,0,0,0,0,0,0,0,0,0,0,0,0,0,0,0,0,0,0,0,0,0,0,0,0,0,0,1,2,2,0,0,0,0,0,0,0,0,0,0,0,1,0,0,0,1,0,0,0,1,0,0,0,0,0,0,0,1,0,0,0,1,1,0,1,0,0,0,0,0,0,0,0,0,0,0,0,0,0,0,0,0,1,1,0,0,0,0,0,1,0,0,1,1,0,0,0,0,0,0,0,0,0,0,0,0,0,0,0,0,0,0,0,0,0,0,0,0,0,0,0,1,0,0,0,0,0,0,0,0,0,0,0,0,0,0,0,0,0,0,0,0,0,0,0,0,0,0,0,0,0,0,0,0,0,0,0,0,0,0,0,0,0,0,0,0,0,0,0,0,0,0,0,0,0,0,0,0,0,0,0,0,0,0,0,0,0,0,0,0,0,0,0,0,0
0,0,0,0,0,0,0,0,0,0,0,0,0,0,0,0,0,0,0,1,0,0,0,0,0,0,0,0,0,0,0,0,0,0,0,0,0,1,0,0,1,0,0,0,0,0,0,0,0,0,0,0,1,2,0,0,0,1,1,1,0,0,0,0,0,1,0,0,0,0,1,0,0,0,1,0,0,0,0,0,0,0,1,0,1,0,0,0,0,0,0,0,0,0,0,0,0,0,0,0,0,0,0,0,0,0,0,0,0,0,0,0,0,0,0,0,0,0,0,0,0,0,0,0,0,0,0,0,0,0,0,0,0,0,0,0,0,0,0,0,0,0,0,0,0,0,0,0,0,0,0,0,0,0,0,0,0,0,0,0,0,0,0,0,0,0,0,0,0,0,0,0,0,0,0,0,0,0,0,0,0,0,0,0,0,0,0,0,0,0,0,0,0,0,0,0,0,0,0,0
0,0,0,0,0,0,0,0,0,0,0,0,0,0,0,0,0,0,0,0,0,0,0,0,0,1,0,0,0,0,0,0,0,0,0,0,0,0,1,0,1,0,0,0,0,0,0,1,0,0,0,0,0,0,0,0,0,1,0,1,1,0,0,0,0,0,0,2,0,0,1,1,0,0,0,0,0,1,0,0,0,0,0,0,0,0,1,0,0,0,0,1,0,0,0,0,0,0,0,0,0,0,0,1,0,0,0,0,0,0,0,0,0,0,0,0,0,0,0,0,0,0,0,0,0,0,0,0,0,0,0,0,0,0,0,0,0,0,0,0,0,0,0,0,0,0,0,0,0,0,0,0,0,0,0,0,0,0,0,0,0,0,0,0,0,0,0,0,0,0,0,0,0,0,0,0,0,0,0,0,0,0,0,0,0,0,0,0,0,0,0,0,0,0,0,0,0,0,0,0
0,0,0,0,0,0,0,0,0,0,0,0,0,0,0,0,0,0,0,0,0,0,0,0,0,0,0,0,0,0,0,0,0,0,0,0,0,0,0,0,0,0,0,0,0,0,0,0,0,0,0,0,1,0,1,0,0,0,0,0,1,1,0,0,1,0,0,1,0,2,0,0,0,1,0,0,1,0,0,0,1,1,0,1,0,0,0,0,1,0,0,0,0,0,0,0,0,0,0,0,0,0,0,0,0,0,0,0,0,0,0,0,0,0,0,0,0,0,0,0,0,0,0,0,0,0,0,0,0,0,0,0,0,0,0,0,0,0,0,0,0,0,0,0,0,0,0,0,0,0,0,0,0,0,0,0,0,0,0,0,0,0,0,0,0,0,0,0,0,0,0,0,0,0,0,0,0,0,0,0,0,0,0,0,0,0,0,0,0,0,0,0,0,0,0,0,0,0,0,0
0,0,0,0,0,0,0,0,0,0,0,0,0,0,0,0,0,0,0,0,0,0,0,0,0,0,0,0,0,0,0,0,0,0,0,0,0,0,0,0,0,0,0,0,0,1,0,2,0,1,1,0,1,0,0,0,1,0,0,0,0,0,0,0,0,0,0,0,0,0,0,1,1,0,0,0,0,1,0,0,0,0,0,0,0,0,0,0,0,0,2,0,0,0,0,0,0,0,0,0,1,0,0,0,0,0,0,0,1,0,0,0,0,0,0,0,0,0,0,0,0,0,0,0,0,0,0,0,0,0,0,0,0,0,0,0,0,0,0,0,0,0,0,0,0,0,0,0,0,0,0,0,0,0,0,0,0,0,0,0,0,0,0,0,0,0,0,0,0,0,0,0,0,0,0,0,0,0,0,0,0,0,0,0,0,0,0,0,0,0,0,0,0,0,0,0,0,0,0,0
0,0,0,0,0,0,0,0,0,0,0,0,0,0,0,0,0,0,0,0,0,0,0,0,0,0,0,0,0,0,1,0,0,0,0,0,0,0,0,0,0,0,0,0,0,0,0,0,1,0,0,1,0,1,0,0,0,0,0,0,0,1,0,1,0,0,0,3,0,2,1,0,0,0,0,0,0,0,0,0,0,0,0,0,0,0,0,0,0,0,0,0,0,0,0,0,0,0,0,0,0,0,0,0,0,0,0,0,0,0,0,0,0,0,0,0,0,0,0,0,0,0,0,0,0,0,0,0,0,0,0,0,0,0,0,0,0,0,0,0,0,0,0,0,0,0,0,0,0,0,0,0,0,0,0,0,0,0,0,0,0,0,0,0,0,0,0,0,0,0,0,0,0,0,0,0,0,0,0,0,0,0,0,0,0,0,0,0,0,0,0,0,0,0,0,0,0,0,0,0
0,0,0,0,0,0,0,0,0,0,0,0,0,0,0,0,0,0,0,0,0,0,0,0,0,0,0,0,0,0,0,1,0,0,0,0,0,0,0,0,0,0,0,0,1,0,0,1,0,0,0,1,0,0,0,1,0,0,0,0,0,0,2,0,1,0,0,0,0,0,2,0,1,0,0,0,0,1,0,0,0,1,0,0,0,0,0,0,0,0,0,0,0,0,0,0,0,0,0,0,0,0,0,0,0,0,0,0,0,0,0,0,0,0,0,0,0,0,0,0,0,0,0,0,0,0,0,0,0,0,0,0,0,0,0,0,0,0,0,0,0,0,0,0,0,0,0,0,0,0,0,0,0,0,0,0,0,0,0,0,0,0,0,0,0,0,0,0,0,0,0,0,0,0,0,0,0,0,0,0,0,0,0,0,0,0,0,0,0,0,0,0,0,0,0,0,0,0,0,0
0,0,0,0,0,0,0,0,0,0,0,0,0,0,0,0,1,0,0,0,0,0,0,0,0,0,0,0,0,0,0,0,0,0,0,0,0,0,0,1,0,0,0,0,1,0,0,0,0,1,1,0,0,1,0,0,0,0,0,0,2,1,1,0,0,0,1,0,0,0,0,0,0,0,0,1,0,1,0,1,1,0,1,0,0,0,0,0,0,0,0,1,1,0,0,0,0,0,0,0,0,0,1,0,0,0,0,0,0,0,0,0,0,0,0,0,0,0,0,0,0,0,0,0,0,0,0,0,0,0,0,0,0,0,0,0,0,0,0,0,0,0,0,0,0,0,0,0,0,0,0,0,0,0,0,0,0,0,0,0,0,0,0,0,0,0,0,0,0,0,0,0,0,0,0,0,0,0,0,0,0,0,0,0,0,0,0,0,0,0,0,0,0,0,0,0,0,0,0,0
0,0,0,0,0,0,0,0,0,0,0,0,0,0,0,0,0,0,0,0,0,0,0,0,0,0,0,0,0,0,0,0,0,0,0,0,0,0,0,0,0,0,0,0,0,0,0,0,0,0,0,0,1,0,2,2,0,0,0,0,0,2,0,0,1,0,1,2,1,1,1,0,0,0,0,0,0,0,0,0,0,0,0,3,2,0,0,0,0,0,0,0,0,0,0,0,0,0,0,0,0,0,0,0,0,0,0,0,0,0,0,0,0,0,0,0,0,0,0,0,0,0,0,0,0,0,0,0,0,0,0,0,0,0,0,0,0,0,0,0,0,0,0,0,0,0,0,0,0,0,0,0,0,0,0,0,0,0,0,0,0,0,0,0,0,0,0,0,0,0,0,0,0,0,0,0,0,0,0,0,0,0,0,0,0,0,0,0,0,0,0,0,0,0,0,0,0,0,0,0
0,0,0,0,0,0,0,0,0,0,0,0,0,0,0,0,0,0,0,0,0,0,0,0,0,0,0,0,0,0,0,0,0,0,0,0,0,0,0,0,0,0,0,1,0,0,1,0,0,0,0,0,0,1,1,0,0,0,0,1,1,0,1,0,0,0,3,0,1,1,0,0,0,1,0,0,0,0,0,0,0,0,1,0,0,0,0,0,1,0,0,0,0,0,0,0,0,0,0,0,0,0,0,0,0,0,0,0,0,0,0,0,0,0,0,0,0,0,0,0,0,0,0,0,0,0,0,0,0,0,0,0,0,0,0,0,0,0,0,0,0,0,0,0,0,0,0,0,0,0,0,0,0,0,0,0,0,0,0,0,0,0,0,0,0,0,0,0,0,0,0,0,0,0,0,0,0,0,0,0,0,0,0,0,0,0,0,0,0,0,0,0,0,0,0,0,0,0,0,0
0,0,0,0,0,0,0,0,0,0,0,0,0,0,0,0,0,0,0,0,0,0,0,0,0,0,0,0,0,0,0,0,0,0,0,0,0,1,0,0,0,0,1,0,0,0,0,0,0,0,0,0,1,0,0,0,0,0,0,1,0,1,1,0,1,0,0,0,1,0,0,1,0,0,0,0,0,0,0,0,0,0,0,0,0,0,0,0,0,0,0,1,1,0,0,0,0,0,0,0,0,1,0,0,0,0,0,0,0,0,0,0,0,0,0,0,0,0,0,0,0,0,0,0,0,0,0,0,0,0,0,0,0,0,0,0,0,0,0,0,0,0,0,0,0,0,0,0,0,0,0,0,0,0,0,0,0,0,0,0,0,0,0,0,0,0,0,0,0,0,0,0,0,0,0,0,0,0,0,0,0,0,0,0,0,0,0,0,0,0,0,0,0,0,0,0,0,0,0,0
0,0,0,0,0,0,0,0,0,0,0,0,0,0,0,0,0,0,1,0,0,0,0,0,0,0,0,0,0,0,0,0,0,0,0,0,0,0,0,0,0,1,0,0,1,0,0,0,0,0,0,0,0,1,0,1,0,0,0,1,0,1,2,0,1,1,0,0,0,0,1,0,0,0,0,1,0,0,0,0,0,0,0,0,0,0,0,0,0,0,0,0,0,0,1,0,0,0,0,0,0,0,0,0,0,0,0,0,0,0,0,0,0,0,0,0,0,0,0,0,0,0,0,0,0,0,0,0,0,0,0,0,0,0,0,0,0,0,0,0,0,0,0,0,0,0,0,0,0,0,0,0,0,0,0,0,0,0,0,0,0,0,0,0,0,0,0,0,0,0,0,0,0,0,0,0,0,0,0,0,0,0,0,0,0,0,0,0,0,0,0,0,0,0,0,0,0,0,0,0
0,0,0,0,0,0,0,0,0,0,0,0,1,0,0,0,0,0,0,0,0,0,0,0,0,0,0,0,0,0,0,0,0,0,0,0,0,0,0,1,0,0,0,0,0,0,0,0,0,0,0,0,0,1,0,0,1,0,0,0,0,0,1,1,1,1,0,0,1,0,0,0,0,0,0,0,0,0,1,0,0,0,0,0,1,1,0,2,0,0,0,0,0,0,0,0,0,0,0,0,0,0,0,0,0,0,0,0,0,0,0,0,0,0,0,0,0,0,0,0,0,0,0,0,0,0,0,0,0,0,0,0,0,0,0,0,0,0,0,0,0,0,0,0,0,0,0,0,0,0,0,0,0,0,0,0,0,0,0,0,0,0,0,0,0,0,0,0,0,0,0,0,0,0,0,0,0,0,0,0,0,0,0,0,0,0,0,0,0,0,0,0,0,0,0,0,0,0,0,0
0,0,0,0,0,0,0,0,0,0,0,0,0,0,0,0,0,0,0,0,0,0,0,0,0,0,0,0,0,0,0,0,0,0,0,0,0,0,0,0,2,1,0,0,0,0,0,0,0,0,0,0,0,0,0,0,0,1,0,0,0,0,0,0,0,1,1,1,0,1,0,1,0,0,0,0,0,1,0,1,1,0,0,0,1,0,0,0,0,0,0,0,0,0,0,1,0,0,0,0,0,0,0,0,0,0,0,0,0,0,0,0,0,0,0,0,0,0,0,0,0,0,0,0,0,0,0,0,0,0,0,0,0,0,0,0,0,0,0,0,0,0,0,0,0,0,0,0,0,0,0,0,0,0,0,0,0,0,0,0,0,0,0,0,0,0,0,0,0,0,0,0,0,0,0,0,0,0,0,0,0,0,0,0,0,0,0,0,0,0,0,0,0,0,0,0,0,0,0,0
0,0,0,0,0,0,0,0,0,0,0,0,0,0,0,0,0,0,0,0,0,0,0,0,0,0,0,1,0,0,0,1,0,0,0,0,0,0,0,0,0,0,0,1,0,2,0,0,0,0,1,0,0,0,0,0,1,0,0,0,0,1,0,0,1,0,0,0,1,1,1,0,0,0,0,0,0,0,0,0,0,0,0,0,0,0,0,0,0,0,0,0,0,0,1,0,0,0,0,0,0,0,1,0,0,0,0,0,0,0,0,0,0,0,0,0,0,0,0,0,0,0,0,0,0,0,0,0,0,0,0,0,0,0,0,0,0,0,0,0,0,0,0,0,0,0,0,0,0,0,0,0,0,0,0,0,0,0,0,0,0,0,0,0,0,0,0,0,0,0,0,0,0,0,0,0,0,0,0,0,0,0,0,0,0,0,0,0,0,0,0,0,0,0,0,0,0,0,0,0
0,0,0,0,0,0,0,0,0,0,0,0,0,0,0,0,0,0,0,1,0,0,0,0,1,0,0,0,0,0,0,0,0,2,0,0,0,0,0,0,0,0,0,0,0,0,1,0,0,0,0,0,1,0,1,0,0,2,0,0,0,0,1,0,0,1,0,0,0,0,0,0,0,0,0,0,0,1,0,0,0,0,1,0,0,2,0,0,0,0,0,0,0,0,0,0,0,0,0,0,0,0,0,0,0,0,0,0,0,0,0,0,0,0,0,0,0,0,0,0,0,0,0,0,0,0,0,0,0,0,0,0,0,0,0,0,0,0,0,0,0,0,0,0,0,0,0,0,0,0,0,0,0,0,0,0,0,0,0,0,0,0,0,0,0,0,0,0,0,0,0,0,0,0,0,0,0,0,0,0,0,0,0,0,0,0,0,0,0,0,0,0,0,0,0,0,0,0,0,0
0,0,0,0,0,0,0,0,0,0,0,0,0,0,0,0,0,0,0,0,0,0,0,0,0,0,0,0,0,0,0,0,0,0,0,1,0,0,0,1,0,0,0,0,1,0,0,0,0,0,0,0,0,0,0,0,0,1,0,0,0,0,2,0,0,0,0,0,1,0,1,0,1,0,0,0,0,1,0,0,1,1,0,0,0,0,0,0,1,1,0,0,0,0,1,0,0,0,0,0,0,0,0,1,1,0,0,0,0,0,0,0,0,0,0,0,0,0,0,0,0,0,0,0,0,0,0,0,0,0,0,0,0,0,0,0,0,0,0,0,0,0,0,0,0,0,0,0,0,0,0,0,0,0,0,0,0,0,0,0,0,0,0,0,0,0,0,0,0,0,0,0,0,0,0,0,0,0,0,0,0,0,0,0,0,0,0,0,0,0,0,0,0,0,0,0,0,0,0,0
0,0,0,0,0,0,0,0,0,0,0,0,0,0,0,0,0,0,0,0,0,0,0,0,0,0,0,0,0,0,1,0,0,0,0,0,0,0,0,2,0,0,0,0,0,0,0,0,0,0,0,0,0,1,0,0,0,1,0,0,0,0,1,1,0,1,1,1,0,0,1,1,0,1,0,0,0,0,0,0,0,0,0,0,0,0,0,0,0,0,0,0,0,0,0,0,0,0,0,0,0,0,0,0,0,0,0,0,0,0,0,0,0,0,0,0,0,0,0,0,0,0,0,0,0,0,0,0,0,0,0,0,0,0,0,0,0,0,0,0,0,0,0,0,0,0,0,0,0,0,0,0,0,0,0,0,0,0,0,0,0,0,0,0,0,0,0,0,0,0,0,0,0,0,0,0,0,0,0,0,0,0,0,0,0,0,0,0,0,0,0,0,0,0,0,0,0,0,0,0
0,0,0,0,0,0,0,0,0,0,0,0,0,0,0,0,0,0,0,0,0,0,0,0,0,0,0,0,0,0,0,1,0,0,0,0,0,0,0,0,0,0,0,0,0,0,0,0,0,0,0,1,1,0,0,0,0,0,0,0,1,0,0,0,0,0,1,0,0,0,2,0,0,0,0,0,0,0,0,0,0,0,0,1,0,0,0,0,1,0,0,0,0,0,0,0,0,0,0,0,0,0,0,0,0,0,0,0,0,0,0,0,0,0,0,0,0,0,0,0,0,0,0,0,0,0,0,0,0,0,0,0,0,0,0,0,0,0,0,0,0,0,0,0,0,0,0,0,0,0,0,0,0,0,0,0,0,0,0,0,0,0,0,0,0,0,0,0,0,0,0,0,0,0,0,0,0,0,0,0,0,0,0,0,0,0,0,0,0,0,0,0,0,0,0,0,0,0,0,0
0,0,0,0,0,0,0,0,0,0,0,0,0,0,0,0,0,0,0,0,0,0,0,0,0,0,0,0,0,0,0,0,0,0,0,0,0,0,0,0,0,0,0,0,0,0,0,0,0,0,0,1,0,0,0,1,0,0,0,0,0,0,0,0,0,0,0,0,1,1,0,0,0,0,0,0,0,0,0,0,0,0,0,0,0,0,0,1,0,0,1,0,0,1,0,0,0,0,0,0,0,0,0,0,0,0,0,0,0,0,0,0,0,0,0,0,0,0,0,0,0,0,0,1,0,0,0,0,0,0,0,0,0,0,0,0,0,0,0,0,0,0,0,0,0,0,0,0,0,0,0,0,0,0,0,0,0,0,0,0,0,0,0,0,0,0,0,0,0,0,0,0,0,0,0,0,0,0,0,0,0,0,0,0,0,0,0,0,0,0,0,0,0,0,0,0,0,0,0,0
