0,0,3,1,0,0,1,0,0,2,0,1,4,8,1,1,15,12,8,6,11,13,6,13,24,28,18,23,13,17,37,27,38,50,44,45,56,62,60,76,81,106,92,124,145,142,160,179,184,160,203,232,304,256,248,281,283,312,332,363,404,443,534,486,490,568,586,616,654,662,692,754,767,827,778,803,881,977,946,928,965,1129,1073,1076,1044,1172,1137,1197,1208,1113,1222,1202,1196,1310,1186,1278,1260,1275,1178,1256,1209,1203,1132,1262,1147,1118,1099,1064,1145,1027,1097,1012,978,996,932,944,967,859,868,818,819,754,796,712,635,683,498,607,532,551,540,485,507,420,441,346,364,319,287,316,287,269,248,226,241,194,171,164,182,160,141,142,100,97,108,120,69,58,68,76,58,44,31,30,37,31,51,23,25,19,27,25,20,17,16,8,11,6,10,4,7,7,2,9,5,3,3,2,0,1,2,2,0,7,1,0,1,3,0,0
0,0,0,1,0,0,2,0,0,6,1,2,3,4,2,3,6,14,2,6,14,14,13,12,26,21,28,25,27,18,37,38,50,62,50,50,92,56,84,90,111,128,116,137,169,178,198,226,244,227,221,289,318,291,309,359,309,372,453,451,544,524,602,573,582,737,660,731,755,785,805,855,912,913,846,892,992,1009,1029,1082,1044,1116,1067,1153,1105,1173,1152,1259,1118,1136,1218,1201,1158,1271,1139,1198,1172,1126,1080,1190,1041,1114,1030,1013,1033,1003,1017,970,973,850,901,813,775,829,696,779,696,630,583,639,631,540,567,541,481,499,449,438,349,346,374,407,352,316,303,244,242,207,209,229,205,199,188,162,180,131,117,126,107,127,101,104,53,65,73,57,46,61,60,56,33,49,32,27,22,18,32,17,21,12,22,12,16,12,8,10,11,8,6,4,7,1,1,2,3,4,1,1,1,0,2,0,0,8,4,0,1,1,0,0
0,0,1,3,0,0,4,0,0,4,0,7,5,2,0,2,20,21,6,7,15,16,16,12,34,19,35,26,21,27,28,39,54,60,53,53,110,68,83,95,110,140,132,142,178,213,234,246,260,239,299,389,353,361,329,393,403,434,475,519,493,566,690,655,613,736,743,829,847,822,865,921,965,988,979,1017,1084,1142,1071,1133,1068,1218,1097,1061,1122,1186,1136,1203,1145,1106,1200,1215,1178,1171,1049,1152,1133,1017,1006,1015,1009,936,921,924,916,860,861,815,831,695,774,693,640,602,605,572,561,535,533,473,469,433,452,393,361,373,290,362,261,240,305,283,234,230,193,168,215,140,149,168,157,143,93,121,110,110,92,91,102,81,77,84,65,57,54,45,44,47,43,29,30,29,20,17,21,12,26,18,14,15,20,19,15,14,5,8,6,0,3,2,6,5,2,3,6,1,0,0,4,0,3,1,0,5,2,0,0,1,1,0
0,0,0,1,0,0,4,0,0,6,0,0,8,3,4,0,12,12,7,5,10,18,11,13,37,28,22,28,25,22,38,51,71,81,56,57,100,79,104,120,118,160,127,172,210,196,207,248,282,273,301,415,358,405,402,442,419,463,539,588,593,621,704,689,664,788,780,832,915,878,853,981,990,1032,1017,963,1090,1134,1124,1115,1083,1178,1080,1109,1046,1136,1134,1117,1112,1072,1195,1136,1088,1078,932,983,1001,953,917,983,862,896,833,778,783,726,688,710,629,566,644,612,577,538,485,506,426,400,445,394,394,312,330,333,283,299,258,243,201,197,166,209,194,185,135,134,148,119,90,144,103,103,94,89,74,64,64,59,57,65,57,58,29,41,39,43,22,32,25,26,23,26,21,19,17,11,18,10,15,10,19,13,10,9,4,4,8,4,3,3,7,1,2,2,7,0,0,0,2,2,2,1,0,5,1,0,1,4,1,0
0,0,1,1,0,0,5,0,0,2,1,0,8,6,4,1,7,16,10,6,11,21,11,12,32,26,42,27,24,33,54,37,65,85,70,63,125,80,103,98,148,183,150,171,203,238,256,275,294,302,293,383,434,394,389,504,399,483,524,573,649,608,756,752,732,805,767,817,883,922,940,991,1075,1083,1018,1009,1149,1083,1131,1118,1118,1170,1061,1074,1033,1135,1176,1120,1063,967,1145,1041,1016,1049,865,976,986,903,883,857,836,793,672,668,683,696,597,634,620,521,575,482,436,420,372,402,362,333,331,314,285,285,283,223,206,199,189,217,181,160,156,159,156,114,102,101,93,83,99,93,78,78,65,59,61,55,50,33,47,45,42,38,29,39,35,27,25,17,15,24,12,21,12,10,15,14,11,9,15,5,16,8,6,10,3,4,1,3,2,3,2,8,0,2,3,4,0,0,0,1,1,2,0,3,3,0,1,1,1,0
0,0,2,0,0,0,1,0,0,8,4,0,6,4,2,4,17,19,6,7,21,27,15,10,37,21,48,26,38,34,54,46,69,85,74,68,114,86,115,132,138,162,143,185,250,258,279,290,324,298,339,421,389,420,401,462,442,492,573,651,673,652,737,740,767,820,854,834,957,983,1005,941,1033,1079,1026,938,1031,1071,1083,1062,1065,1190,1060,1025,988,1035,1077,1059,958,1085,999,987,945,1012,855,867,880,754,796,816,698,709,665,643,638,628,538,506,510,468,453,415,379,373,348,339,324,287,308,263,258,221,228,201,190,160,159,164,129,129,138,104,123,92,86,71,73,73,70,69,50,50,54,69,49,35,47,41,25,24,52,27,24,22,17,27,18,12,14,17,6,22,7,12,13,11,10,3,5,1,8,2,5,1,4,1,5,2,4,3,4,3,1,3,0,5,0,0,1,0,1,0,0,4,1,0,0,0,2,0
0,0,4,2,0,0,1,0,0,4,2,0,9,6,3,4,11,21,18,6,19,29,14,10,40,20,38,42,30,31,60,59,81,87,81,78,132,87,136,139,129,184,175,190,257,228,246,320,352,283,316,428,456,446,457,510,429,509,538,626,719,691,793,753,766,792,865,892,902,956,934,985,1031,1014,1005,984,1046,1120,1094,1009,1045,1054,992,985,937,1012,1035,1020,974,896,934,938,888,914,796,780,783,738,676,650,691,600,612,597,546,501,483,424,470,391,415,389,311,308,244,331,241,277,212,203,201,189,205,174,136,138,131,124,106,101,112,93,96,88,80,61,74,63,45,64,44,51,41,40,39,39,27,24,25,22,28,10,16,21,11,19,6,18,12,10,10,6,7,7,8,4,6,6,1,3,13,5,4,2,5,4,3,1,6,1,2,2,1,0,2,1,0,0,0,0,1,1,0,2,1,0,1,1,0,0
0,0,1,1,0,0,7,0,0,6,1,1,11,8,4,0,15,21,10,10,18,31,15,11,49,39,39,51,38,37,52,57,73,85,67,80,124,101,121,121,174,215,150,219,236,276,254,299,333,331,341,480,407,446,472,488,494,478,545,619,690,692,848,769,684,855,814,859,926,932,904,998,1019,971,1004,929,1051,1061,1034,1024,986,1106,981,993,847,977,936,935,902,898,894,882,829,830,735,750,703,627,629,595,591,585,517,487,516,434,403,379,423,354,359,319,286,292,266,250,232,200,189,185,171,152,165,132,107,92,102,121,89,76,81,79,61,64,55,38,58,37,43,42,35,20,34,27,36,23,19,21,12,25,22,18,12,11,14,15,4,10,11,7,5,10,5,3,8,5,6,6,9,5,6,8,5,2,1,1,0,0,3,2,2,3,0,1,6,2,0,0,0,0,0,0,0,0,0,0,0,0,3,0
0,0,1,1,0,0,2,0,0,12,0,1,15,5,4,1,13,12,17,8,13,28,31,10,45,46,45,39,24,33,63,57,73,95,85,73,145,103,131,127,182,200,164,203,259,270,297,321,335,342,314,505,432,480,480,491,454,488,547,618,772,690,776,700,775,864,876,827,931,962,899,953,1014,940,900,904,976,1009,1024,980,970,1003,908,879,833,946,948,881,820,760,849,833,780,829,665,642,748,570,559,575,511,505,432,430,412,442,366,377,352,293,316,292,242,249,223,184,175,159,172,136,149,134,100,115,97,102,87,87,64,60,71,62,61,67,45,36,35,34,23,39,29,33,26,16,19,12,21,20,17,21,13,17,12,8,6,9,12,9,10,9,8,3,3,9,6,7,5,3,8,3,7,8,1,3,4,6,4,1,3,2,1,4,0,0,2,1,0,0,1,1,2,0,0,0,1,0,0,0,2,0
0,0,0,1,0,0,3,0,0,4,1,4,15,5,1,3,13,24,10,10,14,35,20,15,56,31,38,39,29,47,52,55,76,100,92,75,155,93,118,129,155,200,158,214,270,292,306,322,355,322,350,496,456,469,470,460,483,540,619,578,673,708,813,717,777,814,790,848,886,870,924,1001,908,1017,884,904,993,931,997,931,942,1012,895,847,844,909,847,818,849,750,775,762,701,681,641,626,588,594,533,509,510,455,436,430,406,355,360,317,297,263,294,234,186,187,205,185,163,136,134,155,127,106,116,103,88,72,81,77,56,75,54,63,47,40,26,31,44,27,20,30,25,21,24,17,17,18,10,13,14,8,10,6,6,11,12,8,7,12,12,7,7,5,6,6,1,5,5,3,2,2,5,8,0,3,2,1,1,0,4,1,1,5,1,3,0,1,0,0,1,0,1,1,0,2,3,0,0,0,0,0
0,0,4,2,0,0,4,0,0,5,1,1,17,6,3,3,15,22,11,10,29,21,22,21,45,42,49,35,26,43,45,66,80,101,77,79,134,94,134,131,173,179,179,220,241,269,284,358,379,307,365,451,453,451,493,499,506,527,580,649,690,694,816,715,730,781,789,788,862,956,874,914,891,942,843,834,949,944,990,907,865,870,848,821,807,854,825,816,752,721,726,689,628,641,591,577,570,490,485,485,446,450,415,374,357,338,326,242,271,225,230,184,201,181,163,155,147,117,127,111,105,85,109,65,62,71,47,60,41,46,38,44,42,31,37,27,37,31,16,25,22,13,16,9,19,13,10,8,9,11,9,7,5,13,11,11,8,6,4,9,8,3,1,2,2,3,5,2,2,3,9,2,3,7,6,0,1,1,3,1,0,2,0,0,1,1,0,0,1,0,0,0,0,1,0,0,0,2,1,0
0,0,5,0,0,0,5,0,0,5,1,3,13,4,2,2,12,29,11,15,20,28,25,14,55,34,47,32,40,39,68,45,90,102,92,82,131,121,145,145,141,212,186,225,279,302,287,342,392,313,368,507,447,466,474,524,533,523,583,596,711,652,807,732,721,842,734,765,864,876,793,884,867,922,831,846,877,899,898,866,807,922,807,797,750,828,745,762,699,690,731,641,592,631,569,548,530,473,428,418,387,387,352,317,323,319,286,261,250,212,213,171,178,151,150,145,100,110,113,86,103,82,88,69,53,56,45,63,46,38,34,40,23,19,24,19,18,13,17,10,16,12,15,15,13,6,13,7,8,11,6,4,5,7,6,6,1,7,1,4,3,3,1,2,5,2,4,2,3,1,4,3,1,1,2,3,4,1,0,0,1,1,2,2,1,1,0,0,0,1,0,0,0,0,0,0,0,1,0,0
0,0,0,0,0,0,3,0,0,8,0,1,7,5,0,1,11,17,16,12,21,37,19,16,42,42,36,32,33,39,60,60,87,99,73,91,134,93,139,129,153,182,193,224,241,296,296,337,340,330,354,474,446,442,431,502,448,498,532,602,646,603,738,705,702,798,781,782,858,859,828,835,861,906,785,787,875,858,869,853,853,940,777,728,729,779,776,713,678,669,630,632,578,560,478,477,482,422,434,413,356,370,328,303,287,256,239,222,237,183,173,193,141,131,154,118,95,99,88,119,91,71,64,69,68,52,43,46,42,38,40,25,25,28,24,20,23,14,12,9,15,18,10,8,7,8,4,12,9,9,5,5,0,5,8,5,2,8,4,3,4,3,5,4,5,5,2,2,3,1,5,2,2,2,3,0,1,1,3,0,1,1,0,2,1,4,0,0,0,0,2,0,0,0,1,0,1,0,0,0
0,0,2,1,0,0,2,0,0,9,0,2,18,5,1,4,16,27,18,10,25,26,22,21,40,27,37,57,39,32,51,49,86,104,74,65,149,105,133,122,155,223,178,207,287,251,296,328,352,318,367,443,437,431,461,483,473,532,549,562,619,622,718,713,664,796,731,748,741,857,765,868,882,884,804,739,807,842,810,819,747,815,756,739,656,692,668,654,650,616,587,560,508,553,473,433,469,419,379,383,357,330,305,281,258,243,251,192,221,173,174,176,126,136,135,112,95,89,90,71,56,54,60,55,44,47,32,31,31,39,18,19,26,15,15,18,18,8,17,16,6,11,6,5,7,8,5,5,2,8,6,6,3,5,4,3,2,1,5,4,3,3,1,2,6,3,3,3,3,0,3,2,1,4,3,3,1,0,2,0,1,1,1,1,1,0,0,0,0,0,1,0,0,1,1,0,0,0,0,0
0,0,5,0,0,0,3,0,0,9,0,2,17,7,0,2,22,26,11,16,25,25,25,14,48,27,48,44,47,48,69,55,83,93,67,80,140,125,156,147,154,225,176,204,271,280,296,306,371,312,344,462,472,426,443,462,493,468,581,570,649,644,682,638,649,741,707,716,778,798,760,736,806,855,774,753,737,809,761,814,751,759,695,703,663,676,658,596,598,582,567,529,466,471,403,470,416,391,363,337,326,281,256,256,236,211,195,174,196,139,164,134,118,86,105,111,90,91,103,66,72,56,51,61,28,40,45,38,28,22,21,28,23,11,12,8,12,17,10,14,12,9,8,3,5,4,5,5,2,2,4,3,3,0,2,2,4,4,1,4,1,0,2,0,1,1,0,0,1,0,3,2,2,1,1,1,3,0,2,0,0,1,0,1,2,1,0,0,0,0,1,0,0,1,1,0,1,1,1,0
0,0,5,1,0,0,7,0,0,11,0,1,14,8,3,1,22,21,13,10,20,22,22,17,65,32,47,41,29,23,62,59,69,105,83,84,128,99,143,133,164,218,172,214,273,307,338,306,339,347,371,479,435,433,405,449,471,526,552,626,665,614,675,728,692,739,707,734,772,772,703,809,806,781,762,681,741,832,751,722,690,672,676,603,603,638,596,599,530,507,544,530,481,478,405,374,387,307,338,335,297,256,277,219,220,202,205,174,187,148,124,125,99,97,120,86,80,56,79,75,64,44,40,54,33,28,37,37,17,22,24,24,14,15,12,10,15,8,11,12,7,10,9,9,9,5,2,5,2,6,2,0,6,2,6,1,3,0,2,0,1,2,0,2,3,0,2,1,1,1,1,0,0,0,2,0,0,1,1,0,0,1,0,0,3,0,0,0,0,0,1,0,0,4,0,0,0,0,0,0
0,0,3,0,0,0,6,0,0,7,1,2,19,5,1,2,18,19,19,11,14,25,22,12,59,26,35,51,30,38,55,72,96,95,96,69,128,94,159,116,169,197,180,243,256,277,272,358,324,293,327,443,415,466,419,474,433,463,551,547,631,600,723,653,623,727,682,669,768,766,757,725,691,742,714,652,719,747,698,638,674,706,612,614,538,591,576,584,534,482,475,468,394,406,337,351,388,320,291,281,255,254,233,193,217,194,175,139,151,136,131,112,90,92,77,85,75,60,73,60,49,43,54,42,38,24,35,30,20,22,17,10,10,12,12,5,11,8,9,10,8,12,9,5,4,7,3,4,2,1,4,4,2,7,4,2,2,1,1,1,0,2,1,4,1,1,5,0,2,0,3,3,0,3,1,0,1,1,2,0,0,1,0,0,0,0,0,0,0,1,1,0,0,1,1,0,0,0,0,0
0,0,1,2,0,0,0,0,0,6,1,2,10,1,3,5,12,27,17,14,23,29,30,11,46,39,46,40,49,45,61,53,77,90,101,73,155,117,146,126,167,205,183,212,248,250,303,307,327,318,344,478,407,405,414,410,413,427,509,561,599,576,675,550,623,653,679,681,690,758,726,710,692,741,703,652,658,687,690,656,648,647,601,618,517,597,558,484,474,481,456,426,373,401,371,370,335,290,291,273,242,232,247,199,185,157,161,140,160,111,125,103,92,87,64,87,63,61,46,48,46,34,37,28,33,30,14,29,11,19,22,12,10,14,9,7,12,10,4,9,5,8,7,3,4,3,3,3,2,0,1,3,3,2,2,0,2,0,1,1,0,0,0,1,2,1,0,0,1,0,3,2,0,1,2,2,0,1,1,2,1,1,0,0,1,2,0,0,0,0,0,0,0,1,1,0,0,1,0,0
0,0,3,1,0,0,3,0,0,10,0,1,19,7,3,5,26,26,20,13,15,16,21,17,45,40,38,43,32,56,61,57,107,85,81,97,149,92,129,120,182,223,158,217,281,247,278,328,327,318,300,481,410,432,448,426,416,435,515,537,615,600,612,599,580,619,648,640,787,714,638,694,710,706,667,636,661,656,662,600,580,641,558,487,455,517,529,485,487,452,414,417,345,352,296,345,320,239,279,245,190,234,186,169,171,157,139,111,146,118,122,88,76,92,73,63,65,54,65,48,43,31,42,26,28,24,20,14,17,10,15,13,11,10,6,9,11,11,6,7,7,0,2,4,5,3,4,2,3,2,1,1,0,1,2,3,1,1,2,1,0,0,1,3,3,0,0,1,1,0,2,0,0,1,1,0,1,0,0,0,0,0,0,0,1,0,0,0,0,0,0,0,0,1,0,0,1,2,0,0
0,0,6,3,0,0,5,0,0,5,1,0,14,11,1,4,21,21,11,14,21,20,32,17,60,42,39,40,33,37,60,69,85,84,86,65,137,100,121,120,154,201,198,201,266,276,294,307,331,305,344,428,449,417,389,449,415,452,468,512,586,536,605,598,580,689,613,580,644,667,616,632,665,693,617,572,640,672,613,609,563,585,537,548,477,555,485,462,442,440,383,399,322,357,265,331,322,216,238,224,240,188,198,165,141,145,140,123,111,112,93,74,81,88,57,51,56,34,52,34,40,25,32,24,21,18,21,20,8,18,8,17,7,10,4,4,12,6,4,4,5,9,3,4,6,1,3,0,2,4,0,1,2,3,0,1,0,2,2,1,0,0,1,1,1,0,0,0,0,0,0,1,1,1,0,0,0,0,2,3,1,0,0,0,0,2,0,0,0,0,0,0,0,3,0,0,0,0,1,0
0,0,5,0,0,0,10,0,0,11,0,1,13,3,1,6,19,20,16,15,18,20,30,18,52,45,42,52,46,37,47,60,86,78,79,85,125,110,145,123,163,178,165,212,274,243,283,293,346,296,293,426,400,420,396,422,420,423,515,493,575,553,646,549,568,606,603,571,635,653,574,596,639,662,604,576,629,608,573,568,559,578,514,436,476,472,472,434,427,401,379,365,335,344,292,288,306,263,239,199,202,167,173,160,151,121,126,122,120,82,99,89,78,66,47,50,38,37,29,36,38,37,33,16,17,14,18,21,10,18,9,12,9,10,9,6,5,4,1,4,5,1,1,4,4,4,0,1,1,2,0,1,0,2,1,1,0,2,0,1,1,0,1,1,1,0,1,0,2,0,2,1,0,2,0,1,0,0,0,0,1,1,1,0,1,0,0,0,0,0,0,0,0,2,1,0,0,1,0,0
0,0,1,2,0,0,9,0,0,8,1,2,16,7,2,6,12,26,14,12,25,21,27,11,51,29,40,35,38,36,53,60,77,92,76,65,142,100,144,121,154,207,187,179,258,227,254,289,319,291,285,426,399,392,394,378,432,437,471,500,547,540,631,523,559,643,557,575,608,675,564,630,620,652,580,523,574,627,569,584,517,521,464,498,439,450,438,422,389,346,372,343,298,322,271,253,268,201,211,214,205,167,164,136,126,138,112,104,116,66,82,72,57,62,48,55,42,42,31,29,36,33,25,26,15,22,17,21,15,8,8,9,11,10,6,1,4,4,9,5,5,4,3,3,0,5,1,0,0,1,0,2,2,0,0,2,0,0,1,1,1,0,0,0,1,1,2,0,0,0,0,0,1,1,0,1,1,0,1,0,0,0,0,0,0,0,0,0,0,0,1,0,0,1,0,0,0,0,1,0
0,0,4,1,0,0,4,0,0,14,0,0,16,5,2,3,18,31,11,6,25,28,31,17,40,35,48,32,48,34,58,50,59,93,62,57,113,72,153,141,163,179,135,192,243,243,248,302,332,312,274,416,399,368,384,401,385,413,470,492,549,520,578,551,548,563,561,618,613,646,590,596,593,597,576,523,535,542,576,517,457,519,474,393,402,418,384,395,382,338,337,324,289,308,249,235,249,181,230,172,173,184,150,145,115,129,108,90,97,78,82,69,54,57,49,51,40,46,48,35,31,22,20,21,28,13,14,23,8,6,4,14,2,6,7,6,10,3,5,3,5,3,3,2,1,2,1,3,0,0,1,2,1,1,1,1,1,1,0,0,0,1,0,0,0,1,1,1,2,0,0,2,1,0,1,0,1,0,2,0,0,1,0,0,3,0,0,0,0,0,0,0,0,0,1,0,0,0,0,0
0,0,4,0,0,0,3,0,0,6,0,2,18,8,2,1,16,22,10,17,21,22,31,22,57,31,45,39,23,33,57,55,67,110,79,86,137,85,142,142,146,176,168,204,236,242,247,286,310,281,294,396,385,373,356,392,373,422,415,507,546,459,570,511,519,614,495,528,542,583,584,558,599,589,534,478,526,525,493,513,507,492,451,425,395,419,384,380,334,334,317,295,248,295,255,260,236,204,197,159,152,142,156,116,128,114,110,78,99,88,88,56,50,48,47,46,39,40,33,33,28,19,15,26,9,19,9,15,12,10,4,7,7,3,3,10,6,1,4,8,4,5,1,3,0,3,0,2,3,1,1,1,0,0,0,0,1,1,2,0,0,0,0,0,2,0,0,1,0,0,0,3,0,1,1,0,0,1,0,0,0,1,0,0,0,0,0,0,1,0,0,0,0,0,0,0,1,0,0,0
0,0,5,4,0,0,12,0,0,7,0,1,11,4,3,3,17,30,14,12,18,18,18,15,57,28,44,43,36,33,68,53,69,94,84,74,122,104,135,120,151,164,145,191,235,253,243,308,311,261,294,389,366,397,365,381,347,409,434,475,472,482,564,454,477,540,502,568,565,554,555,525,559,564,495,450,487,508,485,465,436,460,404,421,341,378,365,334,348,300,289,267,261,262,204,208,190,167,174,174,141,130,115,128,113,113,88,73,64,62,47,53,55,48,50,33,38,21,39,33,27,13,16,13,10,8,10,12,11,11,8,7,7,3,6,5,6,2,5,5,2,5,1,3,0,0,2,3,1,3,1,2,0,0,0,0,1,2,1,1,1,0,0,0,1,1,0,0,2,0,2,0,0,0,0,0,0,1,1,0,0,0,0,0,0,0,0,0,0,1,1,0,0,0,0,0,0,0,0,0
0,0,5,0,0,0,4,0,0,11,1,0,12,4,0,3,24,16,12,17,26,33,22,14,43,31,29,40,29,35,50,50,75,100,62,69,116,106,102,118,130,178,174,190,219,225,262,243,272,268,306,381,361,330,373,378,330,390,451,454,471,465,516,471,447,520,479,522,533,569,485,526,542,606,462,441,495,538,485,459,422,463,419,392,316,365,351,327,319,281,295,290,227,259,208,205,209,143,162,151,146,141,98,109,85,97,94,71,91,62,63,54,57,35,33,33,27,21,27,26,16,21,13,16,8,19,13,6,6,9,7,6,4,5,5,2,9,1,3,3,1,2,3,0,0,3,2,0,0,0,3,2,1,0,0,0,0,0,3,2,0,0,0,0,0,1,1,1,0,0,0,0,0,1,0,1,0,0,1,0,3,0,0,0,1,0,0,0,0,0,0,0,0,0,0,0,0,0,0,0
0,0,2,1,0,0,5,0,0,7,0,3,14,3,4,5,27,24,11,13,13,30,23,14,45,31,42,37,20,30,62,53,89,88,84,83,119,79,132,103,127,164,142,204,250,232,234,268,259,258,300,376,331,321,334,372,355,372,435,433,494,485,537,470,439,495,508,484,527,557,518,532,522,497,513,412,465,452,448,438,430,437,401,385,347,335,328,308,304,277,276,271,247,248,189,186,187,164,163,142,129,126,105,91,109,95,97,55,85,55,66,47,48,44,41,31,30,25,18,28,22,16,12,16,11,6,2,11,10,7,6,6,5,2,3,2,3,0,1,2,1,0,0,3,2,0,2,0,0,1,0,1,3,0,2,1,1,0,1,0,0,0,0,0,1,1,1,0,1,0,2,0,0,0,0,0,1,0,0,0,0,1,0,0,0,0,0,0,0,0,0,0,0,0,1,0,0,0,0,0
0,0,2,3,0,0,5,0,0,10,0,1,15,5,5,2,18,24,16,10,19,25,23,13,44,32,34,40,37,28,59,47,70,78,73,74,123,100,128,119,147,172,125,179,207,195,242,273,265,257,273,348,351,337,300,343,361,358,359,448,469,422,485,452,442,462,449,437,470,494,455,512,492,532,469,404,436,427,389,442,394,408,378,360,296,334,315,289,283,243,237,259,235,251,167,213,184,167,147,105,104,120,99,98,93,76,70,63,59,64,56,41,39,44,28,33,22,16,22,19,14,13,23,15,9,13,4,10,7,10,11,8,7,7,1,2,5,2,3,2,0,2,0,0,1,0,0,3,0,3,0,0,1,0,0,0,1,1,1,0,0,0,0,0,0,1,0,0,1,0,0,0,0,1,0,0,0,0,0,0,0,0,0,0,0,1,0,0,0,0,0,0,0,0,0,0,0,0,0,0
0,0,4,0,0,0,2,0,0,7,0,0,10,5,0,6,18,23,16,10,11,31,28,15,49,33,31,33,23,36,59,66,77,87,73,76,109,89,115,87,130,166,124,190,198,194,242,244,245,264,253,371,323,313,289,329,341,370,381,415,467,456,525,436,403,480,441,438,475,509,443,447,491,498,453,358,410,446,417,422,385,376,329,309,291,312,328,259,262,254,247,213,196,212,174,197,145,133,121,121,108,112,109,84,87,82,72,50,69,52,64,49,45,37,34,35,26,27,19,20,14,17,20,15,4,9,4,9,6,7,9,0,6,2,3,3,2,4,3,1,6,0,2,0,0,0,1,0,1,0,0,1,0,0,2,0,0,1,0,0,0,0,0,0,1,0,1,0,1,0,0,0,0,0,0,0,0,0,0,0,0,0,0,0,0,0,0,0,0,0,0,0,0,1,0,0,0,0,1,0
0,0,0,6,0,0,6,0,0,6,0,0,11,6,1,9,19,22,14,11,21,24,23,15,34,34,32,37,26,28,60,51,79,84,64,62,109,83,120,98,136,173,141,178,197,226,224,259,294,227,237,363,326,329,300,348,327,344,390,418,458,379,429,412,432,456,376,421,453,516,415,444,440,447,375,398,413,378,413,401,356,376,327,281,283,290,276,279,260,224,204,227,211,200,153,168,162,127,138,132,110,113,91,86,83,80,75,61,61,39,41,42,42,40,27,25,17,17,23,15,19,9,12,9,9,11,5,9,4,3,4,3,2,5,2,2,2,3,1,1,2,1,3,1,2,1,0,0,2,0,1,0,1,0,2,0,0,2,0,2,0,0,0,0,1,0,0,0,0,0,0,0,0,1,0,0,0,0,1,0,1,0,0,0,1,0,0,0,0,0,0,0,0,0,0,0,0,0,0,0
0,0,3,1,0,0,3,0,0,9,0,0,7,8,0,4,16,22,8,10,16,28,15,12,46,28,43,39,27,26,55,49,73,70,69,79,111,81,132,109,146,166,145,155,230,198,243,240,279,253,256,319,292,285,318,350,338,327,356,399,393,395,447,425,419,414,431,426,445,485,385,412,415,450,370,340,439,373,394,363,349,371,311,304,282,274,250,259,236,252,223,180,168,179,166,153,150,113,113,110,108,109,105,71,63,61,73,58,60,38,46,34,31,26,27,24,22,21,19,15,14,13,14,10,10,11,5,10,3,4,6,5,3,2,2,3,2,1,2,3,2,0,3,1,0,0,2,0,0,0,0,1,1,1,0,0,1,0,1,0,0,0,0,1,0,1,1,0,0,0,1,1,0,0,0,0,0,0,0,0,0,0,0,0,0,0,0,0,0,0,0,0,0,0,0,0,0,2,0,0
0,0,0,1,0,0,4,0,0,5,0,2,5,5,3,3,19,27,10,9,17,18,34,18,40,26,33,35,30,30,52,61,74,83,66,55,109,76,117,106,118,135,129,176,212,227,200,252,253,248,194,311,326,304,298,313,311,327,384,382,447,383,446,369,426,396,419,403,410,442,393,375,419,400,391,329,405,352,346,316,303,341,290,255,272,276,247,231,254,178,201,189,162,165,163,140,145,113,118,105,93,72,89,82,59,51,61,50,39,36,42,40,32,26,27,24,25,13,22,19,12,16,14,9,4,8,7,5,4,8,2,6,6,1,1,2,6,1,3,0,0,0,1,0,0,1,0,0,1,0,0,0,0,0,0,0,0,0,0,2,0,0,0,0,0,0,0,0,0,0,0,0,0,0,0,0,0,0,0,1,0,0,0,0,0,0,0,0,0,0,0,0,0,1,0,0,0,0,0,0
0,0,3,4,0,0,5,0,0,10,0,1,9,1,1,3,23,23,13,13,25,25,19,15,44,35,38,42,17,28,44,45,89,88,66,57,132,71,98,101,152,151,132,187,206,202,208,225,241,212,237,311,301,314,333,305,269,303,320,350,348,321,434,346,351,384,344,388,376,447,370,410,371,376,419,328,370,342,343,343,318,283,286,280,257,243,261,219,224,215,187,175,154,151,128,139,129,117,124,75,98,83,82,89,65,65,59,42,45,38,41,32,16,18,21,33,14,20,19,19,17,10,9,11,6,7,8,4,3,4,7,1,7,1,1,2,2,0,3,1,0,2,1,3,0,0,0,0,0,0,2,0,0,0,0,0,1,0,0,0,0,0,0,0,0,0,0,1,1,0,1,1,0,0,1,0,0,0,0,0,0,0,0,0,0,0,0,0,0,0,0,0,0,0,0,0,0,0,0,0
0,0,2,3,0,0,2,0,0,7,1,1,14,2,2,2,12,21,4,15,24,25,18,17,32,41,29,26,27,25,58,44,69,84,63,61,118,69,101,100,114,154,139,137,224,208,216,225,237,250,261,324,319,252,237,278,260,333,353,361,379,376,398,379,356,415,397,381,416,433,418,369,415,410,345,319,344,312,328,309,320,311,261,235,231,253,201,209,211,207,188,188,158,153,129,127,150,115,109,86,100,62,73,57,72,48,64,35,38,39,39,32,31,22,27,16,24,13,14,6,10,7,6,6,10,6,9,10,2,4,2,3,3,0,2,1,1,2,0,0,0,1,1,0,0,0,0,0,0,1,1,2,0,0,0,0,0,0,0,0,0,0,0,2,0,1,0,0,0,0,2,0,0,0,0,0,0,0,0,0,1,0,0,0,0,0,0,0,0,0,0,0,0,0,0,0,0,0,2,0
0,0,4,1,0,0,4,0,0,12,0,3,11,7,2,1,15,19,10,5,19,16,21,19,34,31,37,35,24,35,64,35,80,88,57,78,107,90,99,86,115,152,125,151,184,183,197,223,248,221,201,297,229,275,282,273,263,315,289,334,383,284,388,343,350,390,335,354,381,389,355,370,377,359,348,305,349,345,313,299,266,285,252,258,211,233,210,210,184,194,166,174,147,128,126,131,118,85,89,97,72,65,68,53,57,47,52,55,50,30,35,21,26,19,18,16,15,14,19,10,10,10,8,6,6,7,10,5,3,2,4,5,6,6,2,2,1,0,0,2,1,0,1,1,0,1,0,0,0,1,0,1,1,0,0,1,0,0,0,1,0,0,0,0,0,0,0,0,0,0,0,0,0,0,1,0,0,0,0,0,0,1,0,0,0,1,0,0,0,0,0,0,0,0,0,0,0,1,0,0
0,0,2,0,0,0,2,0,0,5,0,0,2,5,2,4,22,14,9,12,17,13,16,7,34,28,37,39,28,36,55,44,57,86,63,52,114,64,93,98,115,158,118,156,159,201,199,212,220,208,196,273,247,270,263,260,301,318,302,313,372,348,359,337,350,380,342,372,390,365,331,360,336,336,325,297,291,309,280,290,275,271,233,213,230,219,208,193,177,165,160,147,135,140,125,108,106,78,86,87,77,63,77,66,72,48,50,37,44,31,33,32,20,19,24,18,11,11,13,14,4,6,11,6,6,5,3,1,2,7,3,3,4,3,2,0,0,0,2,1,4,0,2,2,0,0,2,0,0,0,0,0,0,0,0,0,0,0,0,0,0,1,0,1,0,1,0,0,0,0,0,0,0,0,0,0,0,0,1,0,0,0,0,0,2,0,0,0,0,0,0,0,0,0,0,0,0,0,0,0
0,0,3,1,0,0,4,0,0,10,0,2,7,1,0,1,13,13,8,11,15,17,17,13,34,30,39,41,38,38,48,44,68,75,51,55,99,68,91,100,109,135,128,131,168,162,181,216,216,251,192,279,272,277,264,277,249,260,314,338,352,347,402,305,344,355,359,317,349,335,318,359,313,329,273,283,319,304,272,236,243,252,249,189,177,202,233,208,195,188,179,141,123,118,121,134,117,104,81,80,72,64,61,52,53,41,45,40,42,32,32,38,24,24,27,14,15,9,17,12,10,14,9,8,6,2,8,2,3,3,6,2,3,0,4,2,2,1,0,0,0,0,1,1,0,1,1,2,0,0,1,0,1,0,0,0,0,1,1,1,0,0,0,0,0,0,0,0,0,0,1,1,0,0,0,0,1,0,0,0,0,0,0,0,0,0,0,0,0,0,0,0,0,0,1,0,0,0,0,0
0,0,1,2,0,0,4,0,0,4,0,0,13,2,1,1,10,20,13,7,10,26,19,15,39,25,26,35,26,25,38,37,73,65,60,50,109,61,91,90,127,148,99,132,191,175,169,198,227,182,204,290,257,227,228,234,237,297,311,316,305,328,343,338,325,340,328,322,320,355,320,279,324,300,284,268,321,260,239,242,226,229,204,246,214,204,218,176,176,153,140,135,126,120,95,117,89,90,82,86,73,63,54,48,56,46,48,36,37,25,25,32,17,22,16,15,20,16,11,17,11,7,9,8,9,8,4,3,6,3,1,0,5,1,0,3,0,0,0,0,1,1,0,0,1,0,0,0,0,0,1,0,0,0,0,0,0,1,0,1,0,0,0,0,0,0,0,0,0,0,0,1,0,0,0,0,0,0,0,0,0,0,0,0,0,0,0,0,0,0,0,0,0,0,0,0,0,0,0,0
0,0,3,1,0,0,5,0,0,15,0,2,10,7,2,2,18,18,10,11,14,24,24,14,30,33,36,32,14,28,57,30,69,66,51,45,97,70,97,102,108,144,100,140,181,158,174,194,217,192,195,286,262,246,252,246,241,262,276,308,362,279,324,326,315,318,297,281,348,330,287,297,328,286,290,249,261,304,267,253,215,238,201,204,198,201,196,162,165,150,160,134,110,109,96,111,103,96,78,95,80,65,64,49,54,34,41,27,35,30,19,26,22,13,17,17,12,9,9,12,4,9,5,9,1,2,1,1,3,3,1,3,2,2,0,0,1,0,2,2,0,0,0,2,1,0,0,0,0,0,0,0,0,0,0,0,0,0,0,0,0,0,0,0,1,0,0,0,1,0,0,1,0,0,0,0,0,0,0,0,0,0,0,0,0,0,0,0,0,0,0,0,0,0,0,0,0,0,0,0
0,0,5,1,0,0,5,0,0,10,0,1,12,3,0,2,13,16,14,15,9,25,13,13,33,23,29,35,15,30,46,41,70,55,52,49,78,76,101,78,88,136,104,119,161,159,157,206,221,187,181,241,237,222,222,251,248,249,264,296,324,310,310,266,323,308,305,306,341,334,267,315,276,313,247,250,252,244,228,223,238,233,195,190,154,166,167,163,156,138,142,123,135,122,94,93,101,76,74,76,60,47,49,46,40,37,48,31,30,19,27,19,23,14,17,11,17,8,8,11,7,5,3,7,4,5,2,6,3,4,2,1,2,0,0,1,0,0,1,0,1,0,1,0,1,0,1,0,0,0,0,0,0,0,0,0,0,0,0,1,0,0,0,0,1,0,0,0,0,0,0,1,0,0,0,0,0,0,0,0,0,0,0,0,0,0,0,0,0,0,0,0,0,0,0,0,0,2,0,0
0,0,4,2,0,0,0,0,0,6,1,1,17,5,0,6,14,15,9,11,17,16,15,10,30,28,25,33,16,18,60,38,57,61,48,60,86,52,83,92,103,134,106,137,160,177,189,196,195,188,204,251,258,203,239,227,241,222,254,291,291,280,290,285,322,300,251,308,291,291,271,281,274,274,239,235,269,227,271,185,241,230,232,184,184,168,140,150,168,140,110,92,83,95,85,104,78,65,69,65,58,76,51,42,52,27,42,30,43,38,26,21,17,15,20,10,10,9,12,9,7,6,8,10,1,3,6,4,3,7,6,2,0,2,3,1,1,1,0,1,0,0,0,0,2,0,0,0,0,0,0,0,0,1,0,0,1,0,0,0,1,0,0,0,1,1,0,0,0,1,0,0,0,0,0,0,0,0,0,0,0,0,0,0,0,0,0,0,0,0,0,0,0,0,0,0,0,0,0,0
0,0,5,0,0,0,3,0,0,2,0,4,9,5,1,2,18,14,13,9,17,12,19,14,43,19,27,24,26,29,42,36,74,57,66,31,89,73,90,79,109,122,108,134,160,149,166,187,190,194,187,221,246,229,240,250,224,202,252,236,277,267,305,289,265,261,283,268,273,296,273,280,268,300,247,218,234,199,219,193,210,198,191,181,149,196,154,158,154,139,112,108,95,103,81,72,96,56,55,70,60,42,37,39,46,31,38,35,21,24,24,18,20,12,21,14,8,11,11,8,9,8,7,4,2,3,4,3,2,7,1,2,1,0,0,1,1,1,0,0,0,1,1,0,0,0,0,0,0,0,0,0,0,0,0,0,0,0,0,0,0,0,0,0,0,0,0,1,0,0,0,0,0,0,0,0,0,0,0,0,0,0,0,0,0,0,0,0,0,0,0,0,0,0,0,0,0,0,1,0
0,0,1,2,0,0,3,0,0,10,0,0,5,2,2,2,15,11,6,11,27,22,17,14,27,22,34,25,16,26,49,27,50,53,46,38,79,68,80,77,93,119,101,107,139,154,166,186,216,176,159,227,230,233,225,214,186,234,243,251,282,222,292,251,297,269,274,248,271,285,252,282,261,240,229,205,195,219,205,211,217,217,179,162,164,160,139,130,135,124,125,111,104,106,91,82,97,68,62,64,61,54,39,38,38,40,35,23,32,15,22,15,18,9,24,10,13,12,5,3,7,5,6,8,4,8,2,4,1,1,0,4,2,0,2,3,1,2,1,0,0,1,0,0,0,0,0,1,1,1,0,2,0,1,0,0,0,1,0,0,0,0,0,1,0,0,0,0,0,0,0,0,0,0,0,0,0,0,0,0,0,0,0,0,0,0,0,0,0,0,0,0,0,0,0,0,0,0,0,0
0,0,2,3,0,0,6,0,0,7,0,1,13,6,2,3,13,16,9,10,10,16,24,14,31,25,35,28,15,22,37,37,54,55,56,49,66,56,76,64,90,123,104,142,147,159,154,175,191,172,181,240,216,205,192,218,241,190,243,236,266,294,292,255,229,255,232,247,262,293,248,247,251,278,215,207,214,226,199,237,214,205,180,163,152,160,156,119,131,128,120,98,95,98,73,89,65,69,61,54,44,41,40,42,28,24,36,15,31,16,26,19,17,17,14,19,11,6,15,7,8,8,7,1,6,5,3,1,1,2,3,2,0,0,0,3,0,0,1,0,0,0,0,1,0,0,0,1,1,0,0,0,1,0,0,0,0,0,1,1,0,0,0,1,0,0,0,0,0,0,2,0,0,0,0,0,0,0,0,0,0,0,0,0,0,0,0,0,0,0,0,0,0,1,0,0,0,0,0,0
0,0,1,1,0,0,6,0,0,0,0,1,8,8,2,6,15,16,16,8,18,18,13,8,34,21,23,24,19,19,42,37,66,56,49,44,94,51,81,62,95,113,121,145,145,145,158,155,160,161,203,206,201,200,219,225,211,213,222,265,241,252,275,266,230,268,269,223,256,257,255,233,225,249,250,199,189,196,185,195,171,177,151,123,123,141,138,107,120,121,89,122,103,95,69,75,67,68,64,52,46,46,39,36,42,31,33,20,32,28,14,19,14,11,14,20,12,9,7,4,5,3,3,1,5,1,5,2,5,6,3,1,1,2,1,1,1,1,1,2,0,1,0,0,0,0,0,1,0,0,0,1,0,0,0,0,0,0,0,0,0,0,0,0,2,0,0,0,0,0,0,1,0,0,0,0,1,0,0,0,0,0,0,0,0,0,0,0,0,0,0,0,0,0,0,0,1,0,0,0
0,0,2,2,0,0,3,0,0,8,1,2,11,3,1,2,11,11,8,4,18,10,14,5,25,24,28,18,22,26,44,32,47,66,68,41,79,49,78,66,109,128,78,129,154,142,131,150,175,141,153,214,200,180,198,191,191,190,224,228,267,254,252,235,236,200,248,238,273,248,201,249,215,228,210,194,179,195,205,169,198,166,158,144,154,149,123,121,115,103,113,86,96,93,79,71,74,55,47,55,48,36,42,43,39,30,24,22,24,19,22,19,15,16,11,14,10,7,7,4,7,6,4,4,3,3,0,0,1,3,1,2,1,3,0,1,0,1,1,1,0,1,2,0,0,1,0,0,0,0,1,0,0,0,0,0,0,0,0,0,0,0,0,1,1,0,0,0,0,0,0,0,0,0,0,0,0,1,0,0,0,0,0,0,0,0,0,0,0,0,0,0,0,1,0,0,0,1,0,0
0,0,2,2,0,0,2,0,0,6,0,0,9,2,2,2,9,10,9,10,16,21,14,10,23,34,25,24,25,18,32,29,77,56,43,29,80,70,70,80,106,123,99,117,142,126,127,142,151,128,161,195,234,193,169,181,187,196,237,267,243,239,250,248,233,237,242,240,234,236,218,267,234,242,205,185,187,185,185,164,190,163,130,149,151,136,117,115,91,105,100,93,80,67,66,80,63,44,44,52,45,36,34,34,30,28,23,18,21,23,19,15,16,17,10,6,5,12,5,4,2,4,3,3,3,6,4,3,0,4,3,2,1,0,2,0,2,0,1,1,0,0,0,0,0,0,0,0,0,0,0,0,0,0,0,0,0,0,0,0,0,0,0,0,0,0,0,0,0,0,0,0,0,0,0,0,0,0,0,0,0,0,0,0,0,0,0,0,0,0,0,0,0,0,0,0,0,0,0,0
0,0,1,0,0,0,5,0,0,4,0,0,8,3,1,3,11,17,4,5,13,13,14,8,35,13,28,17,8,24,27,29,50,52,60,48,63,68,67,57,109,118,88,100,155,135,138,153,169,174,145,217,204,176,191,186,190,200,223,230,236,214,219,216,235,232,213,232,232,232,217,237,208,198,226,165,198,177,172,170,162,160,156,119,109,124,116,111,84,93,86,85,77,75,63,58,64,57,44,47,44,37,42,22,29,30,24,28,19,17,15,6,13,18,12,10,3,6,8,5,6,2,2,4,3,7,0,2,1,5,3,0,0,1,0,0,2,0,0,0,0,0,1,0,0,0,0,0,0,0,0,0,0,0,0,0,0,0,0,0,0,0,0,0,0,0,0,0,0,0,0,1,0,0,0,0,1,0,0,0,0,0,0,0,0,0,0,0,0,0,0,0,0,0,0,0,0,0,0,0
0,0,4,1,0,0,4,0,0,12,0,1,9,5,0,3,9,13,10,7,11,12,16,12,23,29,26,27,22,18,38,36,50,51,38,37,91,59,76,59,85,107,76,119,116,104,129,136,172,142,140,194,208,159,180,175,178,189,206,186,243,185,268,213,217,239,202,201,235,239,219,184,200,208,200,168,191,162,161,153,171,138,132,132,115,123,116,106,101,76,86,74,60,83,45,56,67,53,38,45,41,50,33,43,31,30,31,15,29,16,16,6,9,13,11,7,6,8,9,3,6,5,2,4,4,6,2,4,3,3,1,1,1,0,0,0,2,0,0,1,1,0,0,0,0,0,0,0,0,0,0,0,0,0,0,0,0,0,1,0,0,0,0,0,0,0,0,0,0,0,0,0,0,0,0,0,0,0,0,0,0,0,0,0,0,0,0,0,0,0,0,0,0,0,0,0,0,0,0,0
0,0,1,1,0,0,3,0,0,4,0,0,5,5,0,2,12,13,6,6,16,18,6,13,31,19,32,25,13,29,32,34,22,56,41,36,74,40,80,61,83,73,95,107,145,104,154,140,175,138,145,168,185,190,165,168,179,184,189,219,239,208,252,203,216,211,169,202,221,191,182,223,234,181,165,151,169,160,155,158,143,143,129,112,99,125,102,127,86,80,72,76,75,73,51,55,58,58,44,45,36,24,30,42,31,32,19,19,20,17,13,14,12,13,11,8,5,8,5,6,6,3,2,2,4,2,2,1,2,1,1,3,4,1,0,1,0,1,0,0,2,1,2,1,0,0,0,0,0,0,2,2,0,0,0,0,0,0,0,0,0,0,0,0,0,0,0,0,0,0,0,0,0,0,0,0,0,0,0,0,0,0,0,0,0,0,0,0,0,0,0,0,0,0,0,0,0,0,0,0
0,0,2,1,0,0,3,0,0,6,0,1,4,4,1,1,11,20,11,4,14,16,10,11,22,20,20,22,16,18,22,27,40,48,46,46,68,54,87,53,95,96,86,100,131,113,117,133,140,120,141,189,193,165,168,167,181,175,195,186,213,172,212,217,213,225,200,184,193,202,194,217,199,193,205,137,166,158,152,156,115,128,117,111,109,107,111,102,104,91,96,85,65,70,53,50,44,52,42,43,39,27,31,17,29,22,16,23,12,13,14,9,14,5,10,4,9,6,12,0,4,7,6,2,3,6,7,3,2,4,2,0,1,1,0,0,0,1,0,1,1,0,1,0,2,0,0,0,0,1,0,0,0,0,0,0,0,0,0,0,0,0,0,0,0,0,0,0,0,0,0,1,0,1,0,0,0,0,0,0,0,0,0,0,0,0,0,0,0,0,0,0,0,0,0,0,0,0,0,0
0,0,5,2,0,0,1,0,0,5,0,0,11,5,0,2,3,12,5,8,15,10,6,12,24,19,23,23,21,24,43,39,43,63,51,42,66,43,57,47,55,107,87,97,130,121,116,140,156,151,151,170,179,168,157,162,162,177,164,191,214,199,231,197,214,219,177,189,182,232,176,174,173,179,163,155,164,143,151,161,158,144,127,116,115,94,92,92,88,67,68,80,63,63,44,60,48,34,41,31,41,25,27,24,30,18,23,11,14,17,16,11,10,11,10,15,5,5,5,2,1,3,7,3,2,3,3,3,0,1,0,2,3,1,1,0,1,0,0,0,0,0,0,0,0,0,0,0,0,0,0,0,0,0,0,0,0,0,0,0,0,0,0,0,0,0,0,0,0,0,0,0,0,0,0,0,1,0,0,0,0,0,0,0,0,0,0,0,0,0,0,0,0,0,0,0,0,0,0,0
0,0,0,0,0,0,3,0,0,5,0,1,3,3,1,5,13,12,9,8,12,15,15,5,19,24,27,21,23,19,32,35,28,50,45,39,61,56,71,51,61,99,82,100,121,126,112,134,137,135,129,182,170,148,143,140,159,161,169,182,210,198,200,195,203,210,163,204,169,196,167,156,176,176,195,139,152,155,146,149,149,128,127,98,108,111,92,90,82,74,70,70,59,56,53,53,48,34,38,36,33,35,19,14,13,21,24,14,22,15,12,13,12,9,4,5,5,5,8,5,2,5,1,3,1,3,2,1,1,2,3,2,2,0,1,1,0,0,0,1,0,0,1,0,0,0,0,0,0,1,0,0,0,0,0,0,0,0,0,0,0,0,0,0,0,0,0,0,0,0,0,0,0,0,0,0,0,0,0,0,0,0,0,0,0,0,0,0,0,0,0,0,0,0,0,0,0,0,0,0
0,0,3,2,0,0,1,0,0,2,0,1,6,2,3,2,16,10,7,7,13,22,13,3,18,23,29,26,17,22,36,27,39,51,36,39,68,29,44,55,61,82,62,108,119,128,101,123,146,137,115,177,158,153,168,175,138,150,184,154,194,194,208,158,199,171,170,181,201,198,169,175,169,155,151,148,126,125,140,137,120,114,70,90,98,94,83,77,79,74,63,73,52,49,48,49,45,44,35,31,29,21,23,21,20,11,20,13,6,20,14,6,6,6,6,4,3,7,7,6,8,5,2,3,3,1,4,3,0,2,4,2,1,0,3,1,1,0,0,0,0,1,0,0,1,1,0,0,0,0,0,0,0,0,0,0,0,0,0,0,0,0,0,0,0,0,0,0,0,0,0,1,0,0,0,0,0,0,0,0,0,0,0,0,0,0,0,0,0,0,0,0,0,0,0,0,1,0,0,0
0,0,1,1,0,0,1,0,0,3,0,0,4,3,2,3,10,11,9,4,14,9,17,10,17,24,26,22,12,21,34,21,40,42,36,37,68,59,69,51,63,100,83,91,121,98,104,114,116,135,128,148,162,137,141,138,147,157,173,169,195,189,188,183,178,176,172,174,188,176,171,176,170,161,164,117,126,132,133,116,128,134,115,97,75,99,83,75,81,63,61,57,57,50,48,45,51,41,37,38,43,30,24,26,21,14,12,16,17,12,14,8,5,7,10,6,4,6,5,5,3,4,1,4,4,3,2,0,1,0,1,2,0,0,0,0,0,0,1,0,2,0,0,1,0,0,0,1,0,0,0,0,0,0,1,0,0,0,0,0,0,0,0,1,0,0,0,0,0,0,0,0,0,0,0,0,0,0,0,0,0,0,0,0,0,0,0,0,0,0,0,0,0,0,0,0,0,0,0,0
0,0,3,0,0,0,4,0,0,4,0,1,7,2,1,1,11,9,9,11,9,13,15,9,25,17,16,22,24,16,29,28,44,51,34,39,65,34,46,50,80,78,71,87,98,102,107,145,109,127,124,162,134,138,134,150,157,131,168,168,193,170,169,162,156,180,139,157,156,177,140,162,172,141,144,103,133,118,110,127,105,114,83,92,98,79,63,80,82,57,57,74,45,45,39,53,46,47,32,31,23,24,20,25,14,9,20,19,10,11,18,16,7,10,15,8,4,6,5,3,3,2,2,4,1,1,1,2,0,2,1,0,2,0,0,1,0,1,1,0,0,0,0,0,0,0,0,0,0,0,0,0,0,0,0,0,0,0,0,0,0,0,0,0,0,0,0,0,0,0,0,0,0,0,0,0,0,0,0,0,0,0,0,0,0,0,0,0,0,0,0,0,0,0,0,0,0,0,0,0
0,0,2,0,0,0,1,0,0,2,1,2,7,4,1,1,9,17,6,6,18,16,16,9,20,22,28,19,17,23,40,26,32,48,40,29,65,37,66,73,64,88,67,89,99,112,101,97,132,130,123,140,143,123,128,125,144,148,172,187,156,182,167,157,173,169,171,151,168,182,150,166,139,136,133,133,126,130,110,107,93,101,94,65,77,82,82,65,69,66,55,58,36,46,47,47,48,28,29,33,26,25,16,27,21,18,11,14,21,9,15,5,5,8,10,8,6,2,8,4,4,5,4,4,0,3,4,3,1,1,0,1,3,2,0,1,0,0,2,0,0,0,0,0,0,1,0,0,0,1,0,0,1,0,0,0,0,0,0,0,0,0,0,0,1,0,0,0,0,0,0,0,0,0,0,0,0,0,0,0,0,0,0,1,0,0,0,0,0,0,0,0,0,0,0,0,0,0,0,0
0,0,4,1,0,0,1,0,0,3,0,1,6,6,1,1,6,10,7,6,13,15,15,12,11,21,19,22,20,24,30,22,40,46,58,27,71,39,61,51,71,79,68,70,104,85,84,106,113,129,112,152,155,141,128,141,139,135,155,164,150,169,159,171,140,160,139,160,138,160,132,154,150,126,131,115,119,141,120,101,106,98,98,85,66,88,73,77,72,61,55,46,48,47,36,48,49,28,34,25,31,12,25,20,20,15,10,12,9,9,9,10,13,9,7,14,6,5,4,7,1,3,0,2,2,2,2,0,1,2,0,2,3,1,0,1,0,0,0,0,2,0,1,1,0,0,0,0,1,1,0,0,0,0,0,0,0,0,0,0,0,0,0,0,0,0,0,0,0,0,0,0,0,0,0,0,0,0,0,0,0,0,0,0,0,0,0,0,0,0,0,0,0,0,0,0,0,0,0,0
0,0,2,2,0,0,3,0,0,4,0,1,2,6,3,0,13,11,5,4,8,14,11,7,20,16,18,18,14,25,27,25,43,47,49,31,65,45,54,52,65,72,60,83,99,81,99,99,108,117,105,129,147,132,126,118,131,142,140,145,159,143,167,161,164,184,141,129,134,173,142,150,124,153,134,120,127,99,116,98,105,106,90,74,64,80,77,81,69,63,50,57,53,50,36,39,34,42,25,28,28,29,28,16,20,19,18,14,13,10,13,7,10,10,5,6,4,5,7,4,2,1,5,0,0,1,0,4,4,0,2,0,0,1,1,0,0,0,0,0,0,0,0,0,1,0,0,0,0,0,0,0,0,0,0,0,0,0,1,0,0,0,0,0,0,0,0,0,0,0,0,0,0,0,0,0,0,0,0,0,0,0,0,0,0,0,0,0,0,0,0,0,0,0,0,0,0,0,0,0
0,0,0,1,0,0,3,0,0,4,0,1,8,4,2,3,12,6,7,6,7,14,12,10,23,10,7,23,14,14,17,14,29,48,30,28,54,29,60,48,60,85,61,82,97,101,100,102,96,112,108,136,135,117,141,101,130,148,133,142,162,128,155,157,122,145,150,155,162,168,110,121,137,141,136,104,116,134,90,89,104,87,78,89,72,65,71,60,70,55,45,35,43,32,28,37,41,38,23,33,22,18,16,22,19,17,16,11,10,10,10,9,7,6,8,2,8,2,2,3,3,3,1,0,0,0,0,1,2,1,3,1,1,0,0,2,1,0,0,0,0,0,1,0,0,0,0,0,1,0,0,0,0,0,0,0,0,0,0,0,0,0,0,0,0,0,0,0,0,0,0,0,0,0,0,0,0,0,0,0,0,0,0,0,0,0,0,0,0,0,0,0,0,0,0,0,0,0,0,0
0,0,1,0,0,0,1,0,0,4,0,1,5,2,1,4,5,7,4,6,11,10,13,9,24,18,26,14,17,29,22,13,28,50,41,32,44,31,53,59,61,80,61,70,91,100,93,115,100,91,106,130,113,132,113,112,98,145,121,145,156,138,140,131,140,150,142,143,139,167,118,151,120,129,129,111,102,108,95,87,72,70,61,70,67,65,70,57,47,54,40,48,38,38,32,25,26,32,24,28,24,15,20,13,15,15,13,5,11,10,6,7,7,4,7,5,5,1,4,2,7,2,0,2,5,1,0,0,2,1,1,0,0,1,1,0,0,1,1,0,0,0,1,1,0,0,0,0,0,0,0,0,0,0,0,0,0,0,0,0,0,0,0,0,0,0,0,0,0,0,0,0,0,0,0,0,0,0,0,0,0,0,0,0,0,0,0,0,0,0,0,0,0,0,0,0,0,0,0,0
0,0,2,0,0,0,0,0,0,4,0,0,14,5,0,0,7,10,4,3,13,17,19,7,20,17,24,26,16,13,32,27,39,33,35,24,51,28,58,41,48,83,50,63,88,73,101,89,109,96,108,126,133,146,135,112,98,113,133,150,148,137,153,145,129,119,122,124,135,153,114,126,121,130,103,89,88,87,95,86,101,77,71,69,67,85,69,56,52,59,56,43,35,46,22,33,30,24,22,34,18,24,25,21,17,13,20,13,11,8,12,11,4,5,9,3,5,5,6,3,2,0,3,2,2,3,2,2,0,1,1,0,1,1,0,1,0,0,0,0,0,0,1,0,0,0,0,0,0,0,0,0,0,0,0,0,0,0,0,0,0,0,0,0,0,0,0,0,0,0,0,0,0,0,0,0,0,0,0,0,0,0,0,0,0,0,0,0,0,0,0,0,0,0,0,0,0,0,0,0
0,0,0,0,0,0,2,0,0,2,0,0,6,3,1,0,8,10,7,1,8,13,16,8,23,19,23,15,12,20,31,25,29,32,38,25,41,42,61,54,66,65,52,80,86,90,68,86,101,97,101,132,146,120,128,116,116,106,119,134,139,147,127,140,153,118,126,137,142,113,119,128,120,124,115,100,104,94,83,97,90,79,68,75,53,62,73,45,55,32,38,43,39,38,29,27,27,26,24,12,15,15,21,15,8,9,13,5,11,9,7,17,6,3,8,7,4,1,6,3,5,2,3,1,3,2,1,2,2,0,0,1,3,0,2,2,0,1,1,0,0,0,0,0,0,0,0,0,0,0,0,0,0,0,0,0,0,0,0,0,0,0,0,0,0,0,0,0,0,0,0,0,0,0,0,0,0,0,0,0,0,0,0,0,0,1,0,0,0,0,0,0,0,0,0,0,0,0,0,0
0,0,1,0,0,0,3,0,0,4,0,0,4,2,1,4,14,6,9,5,10,13,10,9,23,12,18,20,13,18,24,23,31,35,42,26,51,34,44,45,67,70,52,82,87,84,78,84,95,103,99,116,123,148,94,118,112,96,118,136,149,111,160,129,116,125,123,123,115,135,91,121,109,91,105,87,102,108,73,75,73,69,62,62,66,58,60,59,38,55,49,47,40,41,34,23,46,11,33,25,22,21,19,13,14,23,5,8,9,11,7,9,5,1,4,7,3,4,4,3,4,0,2,2,2,0,1,1,0,0,0,1,0,0,0,0,1,0,0,1,0,1,0,1,0,0,0,0,0,0,0,0,0,0,0,0,0,0,0,0,0,0,0,0,0,0,0,0,0,0,0,0,0,0,0,0,0,0,0,0,0,0,0,0,0,0,0,0,0,0,0,0,0,0,0,0,0,0,0,0
0,0,2,0,0,0,2,0,0,3,0,0,7,4,0,2,4,12,10,8,11,14,10,7,19,21,13,12,13,15,21,27,29,48,35,33,48,38,41,36,58,56,62,72,77,74,82,111,103,73,84,119,101,91,134,104,108,100,111,105,125,125,133,108,130,128,115,120,123,135,109,115,110,104,115,83,93,86,80,91,92,74,52,55,52,70,54,46,52,32,35,46,35,34,30,26,31,31,25,19,17,15,11,10,22,11,11,6,4,3,8,10,6,7,5,4,3,2,2,2,3,5,1,1,0,0,1,1,1,2,1,1,0,0,1,1,0,1,0,0,0,0,0,0,0,1,0,0,0,0,0,0,0,0,0,0,0,0,0,0,1,0,0,0,1,0,0,0,0,0,0,0,0,0,0,0,0,0,0,0,0,0,0,0,0,0,0,0,0,0,0,0,0,0,0,0,0,0,0,0
0,0,2,0,0,0,0,0,0,1,0,1,2,0,0,2,7,12,8,5,8,7,9,6,20,9,12,15,12,16,23,19,29,30,30,32,42,37,42,34,55,77,62,61,83,68,91,83,75,75,102,119,125,117,115,91,111,84,120,113,134,114,121,116,105,118,123,121,107,106,101,103,93,93,109,94,91,90,85,68,74,71,61,66,63,60,45,50,52,43,39,34,44,31,20,20,25,18,22,19,14,16,6,14,11,10,5,10,13,8,11,1,4,2,3,6,6,6,3,0,1,2,3,2,1,2,0,2,1,2,1,1,0,0,1,0,0,1,0,0,0,0,0,0,0,0,0,0,0,1,0,0,0,1,0,0,0,0,0,0,0,0,0,0,0,0,0,0,0,0,0,0,0,0,0,0,0,0,0,0,0,0,0,0,0,0,0,0,0,0,0,0,0,1,0,0,0,0,0,0
0,0,0,1,0,0,6,0,0,3,0,1,2,2,1,1,6,9,1,6,6,7,12,2,19,17,20,24,13,18,22,14,18,34,32,19,44,29,57,36,60,55,55,67,73,74,73,93,90,90,66,108,94,92,103,100,99,99,112,113,117,118,135,105,111,125,98,126,114,125,96,122,101,94,90,83,88,104,80,75,68,74,60,42,38,55,51,56,47,35,35,36,34,40,23,25,21,23,14,23,18,21,12,16,15,12,11,10,6,7,9,2,4,7,5,2,4,2,3,2,2,4,3,0,4,0,0,0,2,1,1,0,2,1,0,0,0,0,0,0,0,1,0,0,0,0,0,0,0,0,0,0,0,0,0,0,0,0,0,0,0,0,0,1,0,0,0,0,0,0,0,0,0,0,0,0,0,0,0,0,0,0,0,0,0,0,0,0,0,0,0,0,0,0,0,0,0,0,0,0
0,0,2,0,0,0,3,0,0,4,0,0,5,4,0,4,4,8,4,6,10,10,7,5,20,16,18,22,9,16,13,14,37,35,28,26,39,25,31,29,54,62,57,66,83,79,85,91,109,70,82,111,117,98,100,96,112,87,118,124,115,111,125,105,126,108,122,113,126,122,76,99,101,93,81,94,73,78,91,60,60,63,67,64,53,57,49,35,52,33,36,46,29,32,24,18,29,12,12,18,15,26,18,17,11,15,14,5,8,5,7,10,4,6,9,3,3,0,1,1,3,6,2,4,0,2,1,2,0,1,4,0,0,0,0,0,0,0,0,0,0,0,0,1,0,0,0,0,0,0,0,1,0,0,0,0,0,0,0,0,0,0,0,0,0,0,0,0,0,0,0,0,0,0,0,0,0,0,0,0,0,0,0,0,0,0,0,0,0,0,0,0,0,0,0,0,0,0,0,0
0,0,3,0,0,0,0,0,0,5,0,0,3,2,0,3,10,7,2,5,3,4,9,6,21,12,11,10,15,18,23,18,34,36,30,26,39,34,42,35,53,63,39,55,82,65,59,73,100,83,80,112,88,94,94,79,92,105,106,123,111,102,117,122,94,96,101,83,104,112,100,98,98,99,89,71,81,66,54,83,60,60,58,56,61,50,38,37,32,40,27,24,27,23,23,21,18,21,24,30,18,21,6,10,10,12,11,7,7,4,4,10,2,3,5,0,6,1,1,6,1,1,2,0,1,0,0,0,2,0,2,0,0,0,0,0,0,1,0,1,0,0,0,0,0,0,0,0,1,0,0,0,0,0,0,0,0,0,0,0,0,0,0,0,0,0,0,0,0,0,0,0,0,0,0,0,0,0,0,0,0,0,0,0,0,0,0,0,0,0,0,0,0,0,0,0,0,0,0,0
0,0,0,0,0,0,0,0,0,1,0,1,7,3,0,3,12,10,3,1,8,7,9,9,14,9,15,15,15,13,17,21,27,45,33,25,35,30,45,37,50,61,50,61,74,87,69,68,93,90,73,106,93,93,96,91,94,82,97,118,108,117,105,83,92,95,89,84,94,95,78,93,89,96,79,78,62,73,60,64,48,55,51,46,49,34,44,34,36,33,37,34,45,32,31,23,19,21,21,18,18,13,16,7,13,10,6,8,8,6,2,3,1,7,4,4,1,2,3,3,1,2,1,1,1,3,0,1,1,0,1,2,1,0,0,1,0,0,1,0,0,0,0,0,0,0,0,0,0,0,0,0,0,0,0,0,0,0,0,0,0,0,0,0,0,0,0,0,0,0,0,0,0,0,0,0,1,0,0,0,0,0,0,0,0,0,0,0,0,0,0,0,0,0,0,0,0,0,0,0
0,0,0,0,0,0,1,0,0,2,0,0,2,4,1,0,6,5,7,4,7,8,7,6,14,13,20,16,11,18,17,24,32,34,18,22,47,21,39,39,58,59,53,55,66,67,74,85,79,69,71,86,90,59,80,80,91,91,90,114,94,109,109,96,92,71,82,88,94,111,83,84,79,83,75,57,90,72,52,60,72,55,44,46,46,53,35,42,44,30,33,28,25,24,15,34,15,22,14,11,17,12,5,11,9,8,7,6,11,3,6,5,4,5,0,6,1,1,0,1,1,1,2,1,1,2,0,3,2,0,0,0,0,0,0,2,0,1,1,1,0,0,0,0,0,1,0,0,0,0,0,0,0,0,0,0,0,0,0,0,0,0,0,0,0,0,0,0,0,0,0,0,0,0,0,0,0,0,0,0,0,0,0,0,1,0,0,0,0,0,0,0,0,0,0,0,0,0,0,0
0,0,2,0,0,0,1,0,0,6,0,0,0,4,1,2,8,5,3,4,9,2,13,6,20,10,10,12,6,14,16,10,28,35,32,21,34,27,47,37,41,58,37,54,62,61,63,69,96,72,72,98,92,91,97,78,84,72,77,106,118,81,105,96,86,108,90,93,117,104,52,94,81,72,72,82,75,64,69,79,56,58,43,45,54,48,33,34,41,24,27,32,29,28,18,17,17,16,12,17,16,13,14,13,7,11,11,8,7,3,9,4,2,1,5,1,3,1,1,4,3,3,2,2,1,3,1,2,1,0,1,0,0,0,0,0,0,0,0,0,0,0,0,0,0,0,0,0,0,0,0,0,0,0,0,1,0,0,0,0,0,0,0,0,0,0,0,0,0,0,0,0,0,0,0,0,0,0,0,0,0,0,0,0,0,0,0,0,0,0,0,0,0,0,0,0,0,0,0,0
0,0,1,1,0,0,1,0,0,5,0,1,4,1,0,2,9,4,5,3,6,7,13,3,14,8,20,16,12,7,15,21,31,26,32,20,37,29,31,37,37,55,37,45,71,63,66,86,64,61,68,105,82,69,72,77,93,90,81,87,92,89,99,100,94,86,77,60,99,95,74,68,89,81,66,62,71,71,69,54,54,42,40,45,37,51,43,29,34,24,26,15,42,24,13,16,17,18,21,12,10,10,8,9,10,4,5,2,8,6,8,6,5,6,5,4,3,4,2,3,2,3,1,0,0,0,3,0,1,0,0,1,0,1,0,0,0,0,0,0,0,0,1,0,0,0,0,0,0,0,0,0,0,0,0,0,0,0,0,0,0,0,0,0,0,0,0,0,0,0,0,0,0,0,0,0,0,0,0,0,0,0,0,0,0,0,0,0,0,0,0,0,0,0,0,0,0,0,0,0
0,0,2,0,0,0,1,0,0,3,0,1,9,3,1,1,6,13,5,3,6,8,11,5,7,15,12,13,7,11,15,9,29,39,25,17,33,31,49,43,49,57,47,62,63,66,73,70,77,77,63,104,90,81,88,53,74,69,85,90,94,80,94,93,87,87,87,106,89,76,83,91,79,74,77,68,71,42,52,55,39,47,48,37,48,44,41,32,36,35,29,30,21,30,15,13,16,15,13,14,14,11,13,11,10,9,5,10,8,1,6,2,3,1,8,4,1,2,1,1,3,0,1,1,0,2,1,2,0,0,0,0,0,0,1,0,0,0,0,0,0,0,0,0,0,0,0,0,0,0,0,0,0,0,0,0,0,0,0,0,0,0,0,0,0,0,0,0,0,0,0,0,0,0,0,0,0,0,0,0,0,0,0,0,0,0,0,0,0,0,0,0,0,0,0,0,0,0,0,0
0,0,1,0,0,0,3,0,0,1,0,1,3,2,0,0,5,4,1,6,6,2,12,1,6,18,14,14,11,8,16,14,25,28,20,24,32,24,27,30,45,47,38,50,62,65,49,78,76,68,53,88,66,75,75,73,67,88,79,84,87,101,93,87,82,90,78,88,111,92,74,78,81,82,66,58,58,72,61,52,50,51,48,35,39,26,34,26,34,31,24,28,21,21,14,26,19,15,13,9,13,19,7,8,11,3,7,3,7,5,3,7,3,5,3,7,2,1,2,4,2,1,1,0,0,1,1,1,0,0,0,0,0,0,0,0,0,0,0,0,0,0,0,1,0,0,0,0,1,1,0,0,0,0,0,0,0,0,0,0,0,0,0,0,0,0,0,0,0,0,0,0,0,0,0,0,0,0,0,0,0,0,0,0,0,0,0,0,0,0,0,0,0,0,0,0,0,0,1,0
0,0,3,0,0,0,1,0,0,4,0,2,3,1,0,1,6,6,5,4,7,6,9,6,20,14,16,13,4,15,28,18,17,23,26,19,25,18,36,38,43,47,38,55,62,51,62,62,63,57,72,111,83,69,76,64,72,76,81,75,107,76,71,80,92,87,58,75,88,82,71,75,76,69,77,57,60,67,58,51,37,37,39,34,33,29,30,29,31,29,23,24,16,20,15,12,21,17,13,17,8,8,1,8,9,8,7,8,8,3,2,5,3,1,3,3,2,4,3,2,0,1,0,1,0,1,1,1,1,0,1,1,0,0,0,1,0,0,0,0,0,0,0,0,0,0,0,0,0,0,0,0,0,0,0,0,0,0,0,0,0,0,0,0,0,0,0,0,0,0,0,0,0,0,0,0,0,0,0,0,0,0,0,0,0,0,0,0,0,0,0,0,0,0,0,0,0,0,0,0
0,0,0,0,0,0,2,0,0,4,0,1,2,0,0,0,8,5,2,2,7,6,8,6,17,7,16,13,10,11,18,20,23,27,19,27,39,29,33,30,36,47,33,45,54,63,58,68,77,74,66,83,87,74,60,72,65,58,78,98,88,78,77,82,59,82,60,87,71,64,62,72,72,74,66,54,58,55,48,59,54,32,40,30,34,38,36,31,21,30,18,18,16,27,26,17,17,16,14,15,7,7,13,13,10,8,11,4,5,5,5,3,5,6,4,1,2,4,2,2,2,1,1,1,1,1,0,1,1,0,0,0,0,0,0,0,0,1,0,0,0,0,0,0,0,0,0,0,0,0,0,0,0,0,0,0,0,0,0,0,0,0,0,0,0,0,0,0,0,0,0,0,0,0,0,0,0,0,0,0,0,0,0,0,0,0,0,0,0,0,0,0,0,0,0,0,0,0,0,0
0,0,0,0,0,0,1,0,0,8,0,0,3,2,0,2,3,6,7,3,9,5,5,2,16,7,14,10,6,12,21,21,31,21,18,16,29,26,26,21,44,51,39,36,60,60,57,76,61,52,54,81,79,68,69,79,60,60,79,76,105,76,70,72,69,75,67,80,78,92,52,58,49,84,48,67,60,60,47,58,49,51,32,38,25,31,36,20,24,20,18,25,18,17,22,23,14,12,6,13,9,10,4,7,5,6,5,7,3,3,3,3,3,3,3,3,3,3,1,2,1,1,3,1,1,0,1,0,0,1,0,0,0,1,0,0,0,0,0,0,0,0,0,0,0,0,0,0,0,0,0,0,0,0,0,0,0,0,0,0,0,0,0,0,0,0,0,0,0,0,0,0,0,0,0,0,0,0,0,0,0,0,0,0,0,0,0,0,0,0,0,0,0,0,0,0,0,0,0,0
0,0,2,0,0,0,2,0,0,1,0,0,3,2,0,1,6,4,8,2,6,6,6,6,13,10,9,17,9,10,18,10,31,32,8,28,27,28,27,29,36,43,33,47,70,52,47,61,70,49,49,78,85,62,58,51,68,49,79,80,94,78,78,79,81,69,67,62,65,79,65,70,67,60,55,55,52,44,44,52,38,46,41,37,29,36,36,38,27,19,19,17,28,15,18,14,17,17,14,11,9,7,6,7,8,7,5,1,6,6,2,3,1,4,2,1,4,1,0,3,2,2,1,0,0,0,0,0,1,0,2,0,0,2,0,0,0,0,1,0,0,1,0,1,0,0,0,0,0,0,0,0,0,0,0,0,0,0,0,0,0,0,0,0,0,0,0,0,0,0,0,0,0,0,0,0,0,0,0,0,0,0,0,0,0,0,0,0,0,0,0,0,0,0,0,0,0,0,0,0
0,0,2,1,0,0,2,0,0,4,0,0,4,1,0,0,7,2,4,1,5,7,5,2,8,3,9,18,11,9,18,14,20,31,17,14,29,37,35,35,34,32,26,53,42,47,50,58,72,59,56,74,79,68,72,55,66,61,74,78,66,91,79,71,78,68,55,60,71,71,58,64,61,63,63,40,46,49,37,39,42,44,33,36,37,26,24,23,25,15,28,24,13,28,20,10,14,14,9,7,11,9,14,8,5,7,8,4,2,2,7,5,3,4,2,1,3,2,2,3,1,1,2,1,0,0,0,1,1,0,0,0,0,2,0,1,0,3,0,0,0,0,0,0,0,0,0,0,0,0,0,0,0,0,0,0,0,0,0,0,0,0,0,0,0,0,0,0,0,0,0,0,0,0,0,0,0,0,0,0,0,0,0,0,0,0,0,0,0,0,0,0,0,0,0,0,0,0,0,0
0,0,1,0,0,0,0,0,0,4,0,0,5,1,0,0,1,7,2,4,5,4,8,1,17,6,11,4,7,8,14,8,18,23,22,18,27,21,26,26,35,40,31,43,51,49,47,68,55,66,60,83,84,66,61,47,70,69,65,63,82,88,64,62,76,60,57,68,69,61,65,67,57,58,37,45,51,49,48,49,41,45,45,47,32,27,31,16,23,21,15,19,20,18,21,16,13,6,16,10,5,7,8,15,4,3,6,4,5,3,9,2,6,3,4,3,0,1,2,2,1,0,2,2,2,0,1,0,0,0,1,0,1,0,0,0,0,1,0,1,0,0,0,0,0,0,0,0,0,0,0,0,0,0,0,0,0,0,0,0,0,0,0,0,0,0,0,0,0,0,0,0,0,0,0,0,0,0,0,0,0,0,0,0,0,0,0,0,0,0,0,0,0,0,0,0,0,0,0,0
0,0,1,1,0,0,1,0,0,4,0,0,0,1,0,1,9,8,2,3,8,2,13,9,9,14,13,18,8,9,20,12,20,25,28,16,35,29,27,31,45,36,33,35,55,46,47,56,59,54,48,67,69,69,67,63,57,65,57,68,63,55,88,74,67,69,53,50,77,69,52,48,60,48,57,41,42,39,43,53,31,44,30,24,20,32,27,26,23,21,21,15,13,16,19,19,16,16,11,5,11,13,4,7,10,1,8,4,4,3,5,4,2,5,1,1,1,2,5,1,1,1,1,0,2,0,0,2,0,1,1,0,0,0,0,0,0,0,0,0,0,0,0,0,0,2,0,0,0,0,0,0,1,0,0,0,0,0,0,0,0,0,0,0,0,0,0,0,0,0,0,0,0,0,0,0,0,0,0,0,0,0,0,0,0,0,0,0,0,0,0,0,0,0,0,0,0,0,0,0
0,0,0,1,0,0,2,0,0,2,0,1,3,4,0,1,8,4,3,3,6,1,5,1,8,8,14,17,10,6,17,10,25,27,20,13,32,16,28,23,27,44,24,34,46,62,56,53,48,43,49,48,64,49,57,62,83,60,65,56,82,59,73,48,63,52,61,55,52,74,54,44,48,55,54,37,50,47,33,45,43,23,31,26,25,21,33,18,25,24,30,20,10,20,13,9,11,14,19,12,8,6,6,9,3,6,2,1,4,5,2,1,1,0,1,2,1,4,0,2,0,0,0,1,1,0,0,0,0,1,0,0,0,0,0,0,0,0,0,1,0,0,0,0,0,0,0,0,0,0,0,0,0,0,0,0,0,0,0,0,0,0,0,0,0,0,0,0,0,0,0,0,0,0,0,0,0,0,0,0,0,0,0,0,0,0,0,0,0,0,0,0,0,0,0,0,0,0,0,0
0,0,0,0,0,0,4,0,0,5,0,0,2,1,1,0,4,6,3,3,7,5,5,2,12,10,9,4,13,9,14,14,16,19,14,21,26,15,30,20,30,37,37,39,51,45,45,57,48,46,47,66,59,56,67,62,50,62,59,64,68,55,60,54,64,51,54,58,52,58,58,57,51,54,40,32,43,44,40,30,42,31,26,36,21,25,24,26,16,20,17,19,9,14,14,17,8,10,13,11,13,8,4,5,3,3,5,6,3,3,2,5,0,2,2,3,2,0,2,1,0,0,1,0,1,2,1,1,1,2,0,1,0,0,0,0,0,0,0,0,1,0,0,0,0,0,0,0,0,0,0,0,0,0,0,0,0,0,0,0,0,0,0,0,0,0,0,0,0,0,0,0,0,0,0,0,0,0,0,0,0,0,0,0,0,0,0,0,0,0,0,0,0,0,0,0,0,0,0,0
0,0,1,1,0,0,1,0,0,2,0,0,1,1,1,0,4,2,2,2,6,9,7,6,10,12,8,13,13,5,17,8,20,23,14,13,27,24,36,18,29,42,35,32,56,35,34,42,55,48,43,60,64,55,47,58,53,55,49,80,61,61,58,56,60,54,55,46,45,64,55,50,47,54,47,45,36,36,38,38,32,40,31,29,34,30,33,24,13,22,17,24,8,12,12,9,6,7,10,10,4,10,11,5,5,4,3,7,3,3,6,2,0,2,1,2,2,0,2,1,1,1,0,1,0,2,0,0,0,0,1,0,0,0,0,0,1,0,0,0,1,0,0,0,0,0,0,0,0,0,0,0,0,0,0,0,0,0,0,0,0,0,0,0,0,0,0,0,0,0,0,0,0,0,0,0,0,0,0,0,0,0,0,0,0,0,0,0,0,0,0,0,0,1,0,0,0,0,0,0
0,0,0,0,0,0,0,0,0,3,0,0,2,1,0,0,4,3,4,0,3,4,8,8,6,8,9,9,10,11,17,13,20,22,23,17,16,17,25,29,32,32,29,36,42,33,38,53,43,41,47,56,59,60,60,44,56,45,62,58,70,53,74,57,68,63,45,66,44,60,41,56,49,48,36,33,39,34,33,46,40,29,25,38,24,22,19,29,28,18,20,18,20,11,11,10,6,12,5,8,9,10,6,7,4,9,4,2,4,0,2,4,3,2,3,2,5,0,1,3,1,1,2,1,0,0,0,0,0,0,0,0,0,1,0,0,2,0,0,1,0,0,0,0,0,0,0,0,0,0,0,0,0,0,0,0,0,0,0,0,0,0,0,0,0,0,0,0,0,0,0,0,0,0,0,0,0,0,0,0,0,0,0,0,0,0,0,0,0,0,0,0,0,0,0,0,0,0,0,0
0,0,1,0,0,0,1,0,0,5,0,0,2,0,0,1,3,6,3,1,6,5,4,4,13,4,6,13,12,7,11,11,20,16,20,21,27,16,26,19,30,27,35,27,49,44,42,52,45,52,39,57,67,63,62,52,56,49,60,62,60,47,65,42,61,61,39,47,64,61,59,37,48,52,42,36,40,36,30,27,28,37,32,28,16,34,22,16,24,10,16,8,13,13,9,12,13,9,8,13,9,11,6,4,2,2,3,3,3,3,3,2,5,3,0,3,2,1,1,1,0,1,0,0,1,1,0,0,0,0,0,0,0,0,1,0,0,0,0,0,0,0,0,0,0,0,0,0,0,0,0,0,0,0,0,0,0,0,0,0,0,0,0,0,0,0,0,0,0,0,0,0,0,0,0,0,0,0,0,0,0,0,0,0,0,0,0,0,0,0,0,0,0,0,0,0,0,0,0,0
0,0,3,0,0,0,2,0,0,1,0,0,3,2,0,1,6,3,4,2,8,5,7,2,11,7,9,7,6,11,16,13,25,20,10,12,32,11,39,26,25,23,33,34,41,32,49,51,42,61,36,55,53,48,57,41,55,45,67,55,59,52,50,54,53,44,60,44,47,53,39,44,57,41,46,38,37,35,38,26,26,35,21,25,17,16,26,19,11,12,11,13,10,15,6,16,13,7,11,6,6,7,8,5,5,5,4,0,2,3,2,1,1,3,2,0,0,1,4,2,2,3,1,0,0,0,0,0,0,0,0,0,0,0,0,0,1,0,0,0,0,0,0,0,0,0,0,0,0,0,0,0,0,0,0,0,0,0,0,0,0,0,0,0,0,0,0,0,0,0,0,0,0,0,0,0,0,0,0,0,0,0,0,0,0,0,0,0,0,0,0,0,0,0,0,0,0,0,0,0
0,0,2,0,0,0,1,0,0,2,0,0,4,1,1,1,3,5,1,1,3,9,4,3,5,10,5,6,6,8,15,11,20,23,10,18,21,13,21,26,32,35,25,37,47,39,43,40,56,51,43,60,61,65,46,44,42,44,51,45,60,41,56,40,60,49,40,54,38,58,40,33,46,49,48,24,38,28,28,31,27,29,19,23,13,18,25,10,20,25,12,10,21,14,12,14,8,11,9,4,3,6,4,3,8,6,3,4,3,4,4,3,1,1,2,3,1,1,1,0,1,2,1,1,0,1,1,1,0,0,0,0,0,0,0,0,1,0,0,0,0,0,0,0,0,0,0,0,0,0,0,0,0,0,0,0,0,0,0,0,0,0,0,0,0,0,0,0,0,0,0,0,0,0,0,0,0,0,0,0,0,0,0,0,0,0,0,0,0,0,0,0,0,0,0,0,0,0,0,0
0,0,0,1,0,0,0,0,0,2,0,0,3,0,0,3,4,6,2,2,12,8,5,1,9,11,13,7,8,5,6,9,11,19,16,20,14,16,27,20,30,38,23,33,40,34,37,30,37,51,33,51,53,43,51,37,40,41,55,74,60,41,58,47,56,49,43,50,49,47,45,41,40,46,29,42,44,26,29,26,28,23,29,19,20,22,14,16,8,19,20,14,18,7,11,6,17,15,3,3,5,4,3,5,4,6,6,5,4,2,3,0,1,3,1,1,1,2,1,0,0,1,1,0,0,2,0,1,0,0,0,0,0,0,0,0,0,0,0,0,0,0,0,0,0,0,0,0,0,0,0,0,0,0,0,0,0,0,0,0,0,0,0,0,0,0,0,0,0,0,0,0,0,0,0,0,0,0,0,0,0,0,0,0,0,0,0,0,0,0,0,0,0,0,0,0,0,0,0,0
0,0,2,1,0,0,2,0,0,1,0,0,3,0,0,4,5,3,2,3,1,6,8,0,6,9,9,12,9,9,14,5,17,19,9,11,18,16,25,22,24,26,23,33,40,24,48,39,38,41,34,65,35,45,46,45,38,47,52,47,50,45,34,37,46,44,51,40,48,35,38,40,37,38,47,30,27,30,27,33,32,17,31,18,27,19,13,14,21,14,7,18,17,4,14,10,6,8,3,11,2,10,5,1,5,6,2,2,6,4,1,1,0,0,2,1,1,1,0,2,1,1,2,0,0,1,0,0,1,0,1,0,0,0,0,0,0,0,0,0,0,0,0,0,0,0,0,0,0,0,0,0,0,0,0,0,0,0,0,0,0,0,0,0,0,0,0,0,0,0,0,0,0,0,0,0,0,0,0,0,0,0,0,0,0,0,0,0,0,0,0,0,0,0,0,0,0,0,0,0
0,0,1,1,0,0,3,0,0,2,0,0,3,1,0,2,6,2,3,5,7,2,9,4,5,10,10,10,2,5,11,11,20,14,11,15,25,12,24,20,30,25,33,17,48,31,31,31,34,47,37,58,50,31,56,47,36,46,34,53,51,49,41,42,49,51,48,35,50,47,38,40,42,33,32,24,32,18,32,36,25,27,21,21,14,20,22,20,21,21,25,12,11,10,14,8,7,6,12,1,4,15,7,6,3,5,3,3,2,2,2,2,3,1,5,2,2,0,2,0,0,2,0,0,1,0,0,0,1,0,0,0,0,0,0,0,0,1,0,0,0,0,0,0,0,0,0,0,0,0,0,0,0,0,0,0,0,0,0,0,0,0,0,0,0,0,0,0,0,0,0,0,0,0,0,0,0,0,0,0,0,0,0,0,0,0,0,0,0,0,0,0,0,0,0,0,0,0,0,0
0,0,0,0,0,0,0,0,0,1,0,0,2,1,0,3,9,7,1,1,7,9,4,3,6,9,10,7,8,9,9,11,4,20,18,14,27,12,20,19,13,39,25,31,19,29,30,41,49,46,42,43,55,44,44,47,46,47,39,47,49,44,37,50,39,42,28,44,43,32,36,28,33,33,30,23,37,23,31,24,23,22,20,13,20,22,16,15,15,16,17,10,13,12,12,11,12,6,6,9,2,6,1,6,2,5,4,3,2,1,2,2,4,2,3,1,2,2,1,2,0,0,0,0,0,0,1,2,0,1,2,1,0,2,0,0,1,0,1,0,0,0,0,0,0,0,0,0,0,0,0,0,0,0,0,0,0,0,0,0,0,0,0,0,0,0,0,0,0,0,0,0,0,0,0,0,0,0,0,0,0,0,0,0,0,0,0,0,0,0,0,0,0,0,0,0,0,0,0,0
0,0,0,0,0,0,0,0,0,4,0,0,1,0,1,3,3,5,4,3,6,2,9,5,8,8,11,11,5,6,13,11,17,16,13,7,10,10,21,20,21,21,26,30,37,29,33,36,37,38,31,45,48,41,38,36,42,37,48,55,52,44,44,49,43,58,34,34,46,38,40,43,39,41,35,30,29,24,32,25,25,25,18,18,11,13,17,16,21,10,14,17,14,15,7,10,12,5,7,9,4,11,1,1,0,2,2,3,1,2,1,3,1,1,2,1,1,1,4,3,0,0,1,0,0,0,0,0,0,0,0,0,0,0,0,0,0,0,0,0,0,0,0,0,0,0,0,0,0,0,0,0,0,0,0,0,0,0,0,0,0,0,0,0,0,0,0,0,0,0,0,0,0,0,0,0,0,0,0,0,0,0,0,0,0,0,0,0,0,0,0,0,0,0,0,0,0,0,0,0
0,0,1,1,0,0,3,0,0,0,0,0,1,2,0,0,2,4,0,2,4,8,1,5,10,3,5,7,4,14,10,8,15,20,10,11,19,21,15,12,27,21,24,27,33,27,31,38,27,42,35,38,42,38,34,45,37,35,46,49,58,40,51,38,36,41,33,43,32,37,33,37,35,39,25,22,25,24,20,24,16,13,18,13,22,14,20,21,13,11,9,10,13,8,8,13,8,11,5,4,6,8,6,5,5,4,3,4,1,3,2,1,6,1,1,0,0,3,3,1,0,1,0,1,1,2,0,0,0,0,0,0,0,0,0,0,0,0,0,0,0,0,0,0,0,0,0,0,0,0,0,0,0,0,0,0,0,0,0,0,0,0,0,0,0,0,0,0,0,0,0,0,0,0,0,0,0,0,0,0,0,0,0,0,0,0,0,0,0,0,0,0,0,0,0,0,0,0,0,0
0,0,1,0,0,0,0,0,0,3,0,0,0,1,0,0,1,3,3,1,2,0,2,0,5,4,7,7,5,7,16,10,14,17,14,6,20,11,17,23,22,26,17,34,35,39,28,26,33,32,34,48,30,38,36,36,30,26,39,35,38,44,55,42,40,49,30,27,35,41,39,36,32,40,29,26,36,17,31,30,24,19,16,19,13,22,15,9,13,12,11,11,6,9,8,10,5,6,7,4,3,5,6,3,4,5,2,3,2,2,4,1,0,1,1,1,0,1,1,2,1,1,3,0,1,1,0,0,0,0,0,0,0,0,0,0,0,0,0,0,0,0,0,0,0,0,0,0,0,0,0,0,0,0,0,0,0,0,0,0,0,0,0,0,0,0,0,0,0,0,0,0,0,0,0,0,0,0,0,0,0,0,0,0,0,0,0,0,0,0,0,0,0,0,0,0,0,0,0,0
0,0,1,0,0,0,0,0,0,2,0,1,1,0,1,2,3,3,1,1,5,2,4,2,6,5,8,12,7,4,12,13,15,10,7,12,20,6,19,12,19,33,23,30,29,25,26,29,29,37,30,41,42,36,45,38,43,42,53,38,38,38,54,47,28,27,28,23,43,32,27,32,36,34,36,20,20,32,35,28,19,24,13,13,14,12,18,11,9,8,10,13,8,9,6,3,6,9,6,10,4,4,3,3,3,2,1,2,0,0,2,1,3,0,0,1,1,0,1,1,1,0,1,0,0,0,0,0,0,0,0,0,0,0,0,0,0,0,0,0,0,0,0,1,0,0,0,0,0,0,0,0,0,0,0,0,0,0,0,0,0,0,0,0,0,0,0,0,0,0,0,0,0,0,0,0,0,0,0,0,0,0,0,0,0,0,0,0,0,0,0,0,0,0,0,0,0,0,0,0
0,0,1,0,0,0,0,0,0,2,0,1,0,1,0,3,4,4,2,3,6,2,5,3,8,10,11,6,8,6,10,9,10,13,14,5,19,21,14,15,20,25,18,35,33,26,14,32,43,33,35,40,45,50,27,24,37,42,39,45,54,33,39,26,37,36,26,30,34,26,21,25,26,28,33,21,25,15,24,16,24,20,17,15,17,14,14,11,8,9,12,13,9,7,10,6,5,5,10,9,5,3,2,4,3,1,0,2,3,2,3,0,1,0,1,2,0,0,2,2,2,0,0,0,1,0,1,0,0,0,0,0,0,0,0,0,0,0,1,1,0,0,0,0,0,0,0,0,1,0,0,0,0,0,0,0,0,0,0,0,0,0,0,0,0,0,0,0,0,0,0,0,0,0,0,0,0,0,0,0,0,0,0,0,0,0,0,0,0,0,0,0,0,0,0,0,0,0,0,0
0,0,0,0,0,0,1,0,0,0,0,1,0,1,0,0,4,4,2,0,3,3,6,3,6,8,6,6,5,5,11,16,12,17,14,14,14,11,15,20,17,19,21,23,37,16,26,42,32,28,35,36,40,35,24,45,37,46,25,39,51,36,28,30,26,28,43,25,32,32,38,38,28,26,19,26,15,19,12,11,20,19,13,14,16,11,5,21,11,9,9,12,8,8,4,6,6,3,6,8,3,4,4,3,3,1,3,3,2,1,4,4,0,1,2,2,1,0,0,1,2,1,0,0,1,1,0,0,0,0,0,0,0,0,1,0,0,0,0,0,0,0,0,0,0,0,0,0,0,0,0,0,0,0,0,0,0,0,0,0,0,0,0,0,0,0,0,0,0,0,0,0,0,0,0,0,0,0,0,0,0,0,0,0,0,0,0,0,0,0,0,0,0,0,0,0,0,0,0,0
0,0,0,0,0,0,0,0,0,1,0,0,0,0,0,0,3,2,2,1,5,6,3,4,10,4,8,5,4,9,9,9,13,13,5,6,15,16,23,25,27,24,26,27,42,28,19,26,24,31,32,29,35,24,33,33,33,35,38,30,31,28,35,30,31,34,32,34,33,43,21,36,45,30,24,21,21,29,13,32,21,18,15,17,19,16,13,11,10,9,9,12,9,2,7,6,5,7,8,7,4,5,5,3,2,1,3,3,1,2,2,2,0,1,2,2,2,2,3,2,0,1,0,0,0,0,0,0,0,0,2,0,0,0,0,0,0,0,0,0,0,0,0,0,0,0,0,0,0,0,0,0,0,0,0,0,0,0,0,0,0,0,0,0,0,0,0,0,0,0,0,0,0,0,0,0,0,0,0,0,0,0,0,0,0,0,0,0,0,0,0,0,0,0,0,0,0,0,0,0
0,0,0,0,0,0,0,0,0,2,0,0,2,1,2,0,6,2,4,3,2,3,6,5,12,9,3,7,3,6,7,11,9,7,19,12,22,15,22,13,17,19,20,31,27,24,26,24,26,33,28,39,43,42,26,34,24,26,35,34,29,41,28,34,38,25,25,34,25,38,25,27,21,35,20,22,27,31,16,22,13,17,19,14,13,12,18,8,9,8,3,9,9,6,5,8,3,3,9,6,1,3,5,1,1,2,7,1,2,2,4,3,0,0,0,2,2,0,1,1,0,1,1,1,0,0,0,0,0,0,0,0,0,0,0,0,0,0,0,0,0,0,0,0,0,0,0,0,0,0,0,0,0,0,0,0,0,0,0,0,0,0,0,0,0,0,0,0,0,0,0,0,0,0,0,0,0,0,0,0,0,0,0,0,0,0,0,0,0,0,0,0,0,0,0,0,0,0,0,0
0,0,1,0,0,0,1,0,0,2,0,0,0,1,0,0,4,2,0,3,3,3,4,2,5,12,11,6,6,8,8,5,12,21,11,3,17,9,19,19,17,30,13,18,29,27,17,33,25,30,31,46,47,36,30,17,25,28,35,31,36,33,29,34,32,35,39,22,41,44,36,23,28,25,19,15,30,23,20,19,16,15,13,18,13,8,12,9,11,7,7,13,9,5,6,4,4,5,5,2,2,5,11,3,3,4,2,2,3,0,1,0,1,0,0,1,1,1,0,2,0,1,1,0,0,0,0,0,0,1,1,0,1,0,1,0,0,1,0,0,0,1,0,0,0,0,0,0,0,0,0,0,0,0,0,0,0,0,1,0,0,0,0,0,0,0,0,0,0,0,0,0,0,0,0,0,0,0,0,0,0,0,0,0,0,0,0,0,0,0,0,0,0,0,0,0,0,0,0,0
0,0,1,1,0,0,3,0,0,2,0,0,0,2,0,3,3,4,4,3,2,4,4,2,4,5,3,9,2,7,8,7,19,17,12,7,14,14,17,13,19,18,20,23,31,32,37,30,24,34,24,34,40,29,26,24,32,32,33,24,38,32,31,33,27,32,24,27,32,40,22,24,29,30,21,16,24,17,16,11,17,16,16,12,6,4,9,14,8,7,9,8,9,6,5,7,9,6,1,3,2,4,1,2,3,5,4,3,0,2,0,2,0,1,1,1,0,0,0,0,1,0,0,0,0,2,0,0,0,1,0,0,0,0,0,0,0,0,0,0,0,0,0,0,0,0,0,0,0,0,0,0,0,0,0,0,0,0,0,0,0,0,0,0,0,0,0,0,0,0,0,0,0,0,0,0,0,0,0,0,0,0,0,0,0,0,0,0,0,0,0,0,0,0,0,0,0,0,0,0
0,0,0,0,0,0,0,0,0,2,0,0,4,1,0,0,2,2,1,1,2,2,8,1,3,3,3,10,5,4,6,9,14,9,8,9,16,14,14,18,11,18,14,26,33,26,25,14,15,33,23,32,35,34,32,29,35,19,32,35,37,27,46,29,34,37,25,26,37,23,38,38,24,25,23,19,12,23,13,20,16,13,17,15,10,12,9,9,10,13,11,10,6,11,3,3,6,5,9,4,2,1,1,3,0,1,4,3,3,0,0,0,1,0,1,1,0,0,0,0,1,1,1,0,1,0,0,0,0,0,0,0,0,0,0,0,0,0,0,0,0,0,0,0,0,0,0,0,0,0,0,0,0,0,0,0,0,0,0,0,0,0,0,0,0,0,0,0,0,0,0,0,0,0,0,0,0,0,0,0,0,0,0,0,0,0,0,0,0,0,0,0,0,0,0,0,0,0,0,0
0,0,0,0,0,0,1,0,0,0,0,0,1,2,0,0,5,3,4,0,3,3,3,4,2,8,4,2,5,9,5,11,7,8,11,11,18,11,19,9,13,29,20,26,24,19,22,27,29,30,30,27,34,33,31,26,31,24,24,38,22,28,41,25,27,30,22,27,30,19,28,23,15,23,27,22,20,26,16,17,18,15,9,7,15,16,9,12,9,7,8,8,6,6,6,5,5,4,4,3,0,4,7,1,2,2,2,2,4,2,0,1,1,2,0,0,1,0,0,0,1,0,0,0,0,0,0,0,0,0,0,0,0,0,0,0,0,0,0,0,0,0,0,0,0,0,0,0,0,0,0,0,0,0,0,0,0,0,0,0,0,0,0,0,0,0,0,0,0,0,0,0,0,0,0,0,0,0,0,0,0,0,0,0,0,0,0,0,0,0,0,0,0,0,0,0,0,0,0,0
0,0,0,0,0,0,2,0,0,1,0,0,0,0,0,2,4,4,3,0,4,6,3,0,6,6,4,8,7,4,11,7,10,8,1,5,13,12,13,9,19,20,14,26,25,23,11,29,29,19,14,27,25,33,28,20,26,31,32,28,33,22,35,35,31,27,23,24,28,25,20,24,21,22,21,18,12,18,14,9,14,11,12,16,9,16,9,12,7,7,5,15,10,11,5,3,5,0,0,1,0,2,3,2,2,1,2,0,2,2,2,1,2,3,0,1,3,0,1,0,1,1,0,0,0,0,0,0,0,0,0,0,0,0,0,0,0,0,0,0,0,0,0,0,0,0,0,0,0,0,0,0,0,0,0,0,0,0,0,0,0,0,0,0,0,0,0,0,0,0,0,0,0,0,0,0,0,0,0,0,0,0,0,0,0,0,0,0,0,0,0,0,0,0,0,0,0,0,0,0
0,0,1,0,0,0,1,0,0,0,0,1,3,1,0,0,4,3,2,1,2,2,5,1,4,7,3,5,3,5,7,9,13,6,8,7,13,10,13,13,15,15,12,16,30,26,24,24,17,26,25,33,28,26,21,26,26,32,27,32,32,28,27,28,32,35,21,26,21,28,18,34,29,20,23,15,10,16,11,15,17,11,15,18,7,10,7,9,7,7,13,6,7,6,2,6,3,4,5,4,4,1,1,4,2,1,4,0,6,1,1,2,0,1,2,5,0,0,0,0,0,1,1,1,0,0,0,0,0,0,0,0,0,0,0,0,0,0,0,1,0,0,0,0,0,0,0,0,0,0,0,0,0,0,0,0,0,0,0,0,0,0,0,0,0,0,0,0,0,0,0,0,0,0,0,0,0,0,0,0,0,0,0,0,0,0,0,0,0,0,0,0,0,0,0,0,0,0,0,0
0,0,0,0,0,0,0,0,0,1,0,0,1,0,0,0,4,4,0,1,3,4,4,6,7,7,5,4,2,6,12,4,13,12,5,11,8,13,7,11,17,13,20,18,25,23,20,25,22,33,24,30,28,23,19,25,17,24,32,29,22,32,21,21,21,27,19,30,26,18,21,25,21,22,16,20,19,17,16,24,15,16,16,13,9,9,11,13,11,6,3,2,5,4,4,3,11,1,3,4,4,4,2,3,0,2,6,0,1,2,3,0,0,0,1,0,1,2,1,0,0,1,1,0,0,0,0,0,2,1,0,0,0,0,0,0,0,0,0,0,0,0,0,0,0,0,0,0,0,0,0,0,0,0,0,0,0,0,0,0,0,0,0,0,0,0,0,0,0,0,0,0,0,0,0,0,0,0,0,0,0,0,0,0,0,0,0,0,0,0,0,0,0,0,0,0,0,0,0,0
0,0,1,0,0,0,0,0,0,0,0,0,4,0,0,1,1,3,2,1,2,5,4,0,5,6,9,5,4,2,10,5,3,6,8,8,18,6,10,15,11,23,13,20,22,18,19,23,26,19,17,28,19,34,25,28,21,17,29,41,26,27,24,26,21,31,18,20,21,27,22,21,18,18,12,17,15,19,12,6,10,14,11,11,10,17,8,6,6,9,7,4,7,8,5,4,3,1,4,2,5,6,1,2,0,3,1,1,3,0,1,0,0,1,1,0,1,0,2,0,1,2,0,0,2,0,0,0,0,1,0,1,0,0,0,0,0,0,0,0,0,0,0,0,0,0,0,0,0,0,0,0,0,0,0,0,0,0,0,0,0,0,0,0,0,0,0,0,0,0,0,0,0,0,0,0,0,0,0,0,0,0,0,0,0,0,0,0,0,0,0,0,0,0,0,0,0,0,0,0
0,0,0,0,0,0,0,0,0,2,0,0,2,1,1,0,1,1,4,0,1,3,1,2,2,4,5,2,4,2,4,4,9,17,9,11,15,10,21,12,16,15,14,22,17,16,23,17,22,20,21,25,30,21,27,24,17,23,26,28,25,25,23,20,26,18,26,17,27,25,16,26,19,26,21,16,18,14,13,11,18,15,8,14,11,6,8,3,8,4,12,3,2,9,6,7,7,2,3,1,4,4,4,2,2,1,0,0,0,3,0,1,0,1,1,1,0,2,2,0,0,1,1,0,0,0,0,0,0,1,0,0,0,1,0,0,0,0,0,0,0,0,0,0,0,0,0,0,0,0,0,0,0,0,0,0,0,0,0,0,0,0,0,0,0,0,0,0,0,0,0,0,0,0,0,0,0,0,0,0,0,0,0,0,0,0,0,0,0,0,0,0,0,0,0,0,0,0,0,0
0,0,1,0,0,0,1,0,0,2,0,0,2,0,0,0,1,6,2,1,7,2,3,2,9,5,4,4,7,7,5,6,5,9,5,6,15,9,16,6,16,14,12,11,12,21,23,23,24,21,23,32,28,23,14,15,23,28,19,24,16,27,28,23,17,21,18,12,24,21,15,16,12,15,17,19,18,11,17,11,9,7,13,12,6,10,14,9,11,6,5,5,4,8,8,2,5,2,4,2,4,0,2,1,0,2,3,2,2,0,3,3,4,2,0,0,3,0,1,0,1,1,0,0,0,0,0,0,0,0,0,0,0,0,1,0,0,0,0,0,0,0,0,0,0,0,0,0,0,0,0,0,0,0,0,0,0,0,0,0,0,0,0,0,0,0,0,0,0,0,0,0,0,0,0,0,0,0,0,0,0,0,0,0,0,0,0,0,0,0,0,0,0,0,0,0,0,0,0,0
0,0,0,1,0,0,0,0,0,5,0,0,0,0,0,1,2,4,6,0,2,3,3,2,5,5,3,2,4,5,8,2,13,12,6,4,7,11,13,15,12,20,15,17,24,16,22,19,15,17,20,28,21,28,26,21,31,21,25,46,27,20,21,11,20,21,22,29,20,27,10,10,19,15,20,15,16,14,17,17,11,13,14,7,12,6,8,5,6,8,6,4,4,7,4,4,4,2,6,4,1,3,3,3,1,3,1,0,0,2,1,1,0,0,2,0,0,0,1,0,1,0,0,0,1,1,0,0,0,0,0,0,0,0,0,0,0,0,0,0,0,0,0,0,0,0,0,0,0,0,0,0,0,0,0,0,0,0,0,0,0,0,0,0,0,0,0,0,0,0,0,0,0,0,0,0,0,0,0,0,0,0,0,0,0,0,0,0,0,0,0,0,0,0,0,0,0,0,0,0
0,0,1,0,0,0,0,0,0,0,0,0,1,0,0,0,4,1,1,0,2,2,4,2,7,7,4,8,6,4,9,7,8,9,8,6,17,4,12,9,13,15,12,8,22,15,12,15,21,19,18,32,19,25,18,19,23,16,24,29,20,21,26,24,33,22,23,21,22,20,18,19,16,13,18,15,11,17,17,12,7,10,19,11,8,5,7,6,5,5,2,8,7,3,5,2,4,2,4,2,0,4,0,2,0,2,4,2,0,0,0,2,1,1,1,1,0,1,3,0,0,0,0,0,0,0,0,0,0,0,0,0,0,0,0,0,0,0,0,0,0,0,0,0,0,0,0,0,0,0,0,0,0,0,0,0,0,0,0,0,0,0,0,0,0,0,0,0,0,0,0,0,0,0,0,0,0,0,0,0,0,0,0,0,0,0,0,0,0,0,0,0,0,0,0,0,0,0,0,0
0,0,2,0,0,0,1,0,0,2,0,1,1,0,0,1,1,2,0,0,1,2,3,2,7,3,7,2,4,7,5,5,6,9,9,4,12,3,14,5,13,14,8,19,14,24,11,16,23,14,18,28,23,24,29,18,19,20,24,29,32,29,24,20,14,16,17,22,19,16,13,20,11,14,9,17,12,16,9,13,13,16,12,6,13,8,8,6,9,9,3,7,7,4,3,7,5,5,5,1,1,1,1,5,4,4,3,2,0,0,0,1,0,1,0,0,1,0,0,0,0,1,0,0,0,0,0,0,0,0,0,0,0,0,0,0,0,0,0,0,0,0,0,0,0,0,0,0,0,0,0,0,0,0,0,0,0,0,0,0,0,0,0,0,0,0,0,0,0,0,0,0,0,0,0,0,0,0,0,0,0,0,0,0,0,0,0,0,0,0,0,0,0,0,0,0,0,0,0,0
0,0,0,0,0,0,0,0,0,0,0,0,0,4,0,1,1,0,3,0,4,4,1,0,4,5,9,3,4,3,3,7,9,10,11,5,11,9,10,8,16,13,15,18,20,13,16,28,21,16,17,28,21,27,20,15,20,23,22,27,23,25,26,20,25,15,25,21,20,16,15,14,17,16,18,16,15,17,10,6,11,6,7,10,6,7,8,10,12,8,5,10,5,6,4,5,2,2,3,4,8,1,2,1,2,0,1,1,2,1,2,1,0,1,2,1,0,0,0,0,0,0,0,0,0,0,0,0,1,0,1,0,0,0,0,0,0,0,0,0,0,0,0,0,0,0,0,0,0,0,0,0,0,0,0,0,0,0,0,0,0,0,0,0,0,0,0,0,0,0,0,0,0,0,0,0,0,0,0,0,0,0,0,0,0,0,0,0,0,0,0,0,0,0,0,0,0,0,0,0
0,0,1,0,0,0,2,0,0,1,0,1,2,1,0,0,2,0,0,0,1,3,5,2,4,3,2,2,4,6,4,7,15,8,10,6,10,5,13,8,10,10,13,22,24,15,13,20,20,18,14,12,24,17,17,18,17,11,23,26,24,23,25,13,16,18,18,26,19,23,11,11,21,15,16,12,15,11,7,12,8,5,12,9,7,8,2,6,6,6,4,7,3,6,4,1,1,5,5,6,2,2,4,1,0,3,1,1,1,2,2,1,0,1,0,1,0,0,0,0,0,0,1,0,0,0,0,0,0,0,0,0,0,0,0,0,0,0,0,0,0,0,0,0,0,0,0,0,0,0,0,0,0,0,0,0,0,0,0,0,0,0,0,0,0,0,0,0,0,0,0,0,0,0,0,0,0,0,0,0,0,0,0,0,0,0,0,0,0,0,0,0,0,0,0,0,0,0,0,0
0,0,0,0,0,0,1,0,0,0,0,0,0,1,0,0,1,1,0,1,2,3,5,3,5,7,3,2,6,3,7,5,8,6,10,9,7,5,9,10,10,8,14,16,16,16,18,26,16,15,21,28,24,18,12,30,13,15,12,18,21,14,23,13,16,15,21,19,26,11,17,15,13,12,15,8,9,12,12,9,9,7,8,8,4,9,7,6,11,3,2,3,6,6,1,2,4,3,3,1,1,2,0,3,3,0,1,1,1,1,2,0,1,0,1,0,0,0,0,0,0,0,2,0,0,0,0,0,0,0,0,0,0,0,0,0,1,0,0,0,0,0,0,0,0,0,0,0,0,0,0,0,0,0,0,0,0,0,0,0,0,0,0,0,0,0,0,0,0,0,0,0,0,0,0,0,0,0,0,0,0,0,0,0,0,0,0,0,0,0,0,0,0,0,0,0,0,0,0,0
0,0,2,0,0,0,0,0,0,3,0,0,1,0,0,2,0,1,2,1,2,4,1,2,5,3,3,7,3,4,4,5,5,8,4,6,12,8,9,9,6,11,11,16,13,16,18,13,12,13,16,29,18,20,17,14,15,18,13,25,22,11,18,16,16,21,13,21,14,17,24,15,19,12,20,8,12,6,12,5,12,14,6,2,5,9,4,6,10,2,4,4,2,1,4,0,1,0,3,3,2,5,4,2,2,0,0,2,0,1,0,0,0,1,0,1,0,0,0,1,0,0,0,0,0,0,0,0,1,0,0,0,0,0,0,0,0,0,0,0,0,0,0,0,0,0,0,0,0,0,0,0,0,0,0,0,0,0,0,0,0,0,0,0,0,0,0,0,0,0,0,0,0,0,0,0,0,0,0,0,0,0,0,0,0,0,0,0,0,0,0,0,0,0,0,0,0,0,0,0
0,0,1,0,0,0,2,0,0,0,0,0,1,1,1,0,2,2,2,1,0,4,2,2,5,4,6,6,3,1,5,7,5,5,4,6,7,4,12,4,11,21,12,8,17,13,10,18,17,16,13,21,23,12,28,23,19,16,27,22,19,17,18,21,15,18,11,13,14,26,18,12,17,6,13,14,14,9,9,8,11,9,2,11,10,13,5,5,11,10,5,2,3,4,1,1,9,4,2,2,2,3,0,3,1,1,2,3,1,0,0,1,1,2,0,0,0,1,0,0,0,0,0,1,0,0,0,1,0,0,0,0,0,0,0,0,0,0,0,0,0,0,0,0,0,0,0,0,0,0,0,0,0,0,0,0,0,0,0,0,0,0,0,0,0,0,0,0,0,0,0,0,0,0,0,0,0,0,0,0,0,0,0,0,0,0,0,0,0,0,0,0,0,0,0,0,0,0,0,0
0,0,0,0,0,0,1,0,0,0,0,0,1,2,0,0,2,4,2,0,1,2,0,3,2,1,3,6,2,3,4,4,8,7,10,4,10,6,9,9,12,7,4,15,23,10,20,13,17,13,8,32,19,14,20,14,10,12,18,20,15,16,13,17,13,16,12,12,14,20,17,26,10,4,12,6,11,9,14,11,6,14,8,3,3,8,6,5,6,4,3,3,5,5,7,5,1,2,3,3,2,1,2,0,1,2,0,1,0,0,0,0,0,0,0,0,1,1,1,2,0,0,0,1,0,0,0,0,0,0,0,0,0,0,0,0,0,0,0,0,0,0,0,0,0,0,0,0,0,0,0,0,0,0,0,0,0,0,0,0,0,0,0,0,0,0,0,0,0,0,0,0,0,0,0,0,0,0,0,0,0,0,0,0,0,0,0,0,0,0,0,0,0,0,0,0,0,0,0,0
0,0,0,0,0,0,2,0,0,2,0,0,2,1,0,1,4,1,1,2,3,2,2,2,3,3,4,5,4,2,6,5,5,4,7,7,12,9,11,7,12,7,10,16,17,18,11,21,10,23,9,16,19,17,20,8,13,14,12,10,20,15,19,14,6,18,13,15,11,12,14,17,14,12,13,14,9,13,17,7,6,9,4,3,6,5,9,2,9,3,2,5,4,4,1,1,5,4,1,0,2,1,1,2,1,1,0,1,1,0,0,0,2,0,0,0,0,0,0,0,0,0,1,0,0,0,0,0,0,0,0,0,0,0,0,0,0,0,0,0,0,0,0,0,0,0,0,0,0,0,0,0,0,0,0,0,0,0,0,0,0,0,0,0,0,0,0,0,0,0,0,0,0,0,0,0,0,0,0,0,0,0,0,0,0,0,0,0,0,0,0,0,0,0,0,0,0,0,0,0
0,0,1,0,0,0,1,0,0,0,0,0,2,0,1,0,5,1,0,2,4,2,3,1,6,4,5,4,7,3,4,2,4,6,2,4,11,6,9,13,12,17,8,13,15,16,19,6,21,13,16,20,20,9,9,17,14,14,15,14,15,19,17,15,12,24,15,8,12,10,15,8,13,7,9,11,12,6,13,4,9,9,6,10,8,5,4,6,4,9,4,3,4,2,1,10,4,2,4,2,5,2,0,2,1,2,1,2,1,1,2,0,0,1,0,1,0,1,0,0,1,0,1,1,0,0,0,0,0,0,0,1,0,0,0,0,0,0,0,0,0,0,0,0,0,0,0,0,0,0,0,0,0,0,0,0,0,0,0,0,0,0,0,0,0,0,0,0,0,0,0,0,0,0,0,0,0,0,0,0,0,0,0,0,0,0,0,0,0,0,0,0,0,0,0,0,0,0,0,0
0,0,1,0,0,0,0,0,0,1,0,0,0,1,1,0,4,3,1,2,1,0,2,2,2,0,1,2,2,4,8,2,5,5,6,9,5,4,12,9,11,14,10,8,12,13,11,18,16,19,9,22,15,20,16,17,12,17,13,21,16,11,22,15,12,20,16,13,9,17,15,10,16,11,7,12,9,8,12,4,11,10,2,5,5,6,5,8,3,3,3,1,1,3,0,1,0,4,1,0,8,3,2,2,2,1,1,2,1,0,0,0,1,0,0,1,0,0,1,0,0,0,0,0,1,0,0,0,0,0,0,0,0,0,0,0,0,0,0,0,0,0,0,0,0,0,0,0,0,0,0,0,0,0,0,0,0,0,0,0,0,0,0,0,0,0,0,0,0,0,0,0,0,0,0,0,0,0,0,0,0,0,0,0,0,0,0,0,0,0,0,0,0,0,0,0,0,1,0,0
0,0,0,0,0,0,0,0,0,0,0,0,1,0,0,0,0,1,2,1,1,2,3,3,3,5,3,2,2,6,2,4,10,5,5,1,4,5,8,7,6,11,10,14,15,22,9,15,18,12,10,15,18,20,12,18,14,19,12,21,21,10,7,14,13,15,16,7,4,14,7,11,15,11,10,12,8,13,10,8,6,7,6,10,5,6,1,4,2,4,6,3,4,6,4,4,1,2,2,3,1,0,1,1,1,0,1,0,0,3,0,1,0,1,0,0,0,0,0,0,0,1,0,0,0,0,0,0,0,0,0,0,0,0,0,0,0,0,0,0,0,0,0,0,0,0,0,0,0,0,0,0,0,0,0,0,0,0,0,0,0,0,0,0,0,0,0,0,0,0,0,0,0,0,0,0,0,0,0,0,0,0,0,0,0,0,0,0,0,0,0,0,0,0,0,0,0,0,0,0
0,0,0,0,0,0,0,0,0,1,0,0,1,1,0,0,1,0,0,0,3,2,4,4,2,5,3,6,4,3,2,5,5,4,6,5,8,6,2,8,14,9,10,11,15,10,12,14,15,17,14,9,13,11,16,20,11,12,14,14,18,10,18,9,17,16,12,8,10,6,15,16,12,10,11,10,2,12,6,5,3,7,7,6,4,7,0,9,4,2,4,2,0,1,2,1,4,2,0,3,2,1,1,2,0,1,2,0,1,2,2,1,0,0,0,1,0,1,1,0,0,1,1,0,0,0,0,0,0,0,0,0,0,0,0,0,0,0,0,0,0,0,0,0,0,0,0,0,0,0,0,0,0,0,0,0,0,0,0,0,0,0,0,0,0,0,0,0,0,0,0,0,0,0,0,0,0,0,0,0,0,0,0,0,0,0,0,0,0,0,0,0,0,0,0,0,0,0,0,0
0,0,0,0,0,0,1,0,0,1,0,0,0,1,0,0,3,3,3,0,2,2,0,0,3,2,2,3,2,5,5,3,5,6,2,5,6,4,13,6,10,11,6,11,9,16,12,17,14,22,12,14,13,7,11,14,14,13,15,17,25,13,22,10,19,16,11,8,15,14,7,8,18,13,7,11,7,8,9,9,7,5,5,3,1,1,4,2,2,3,5,8,5,3,2,2,1,2,2,3,4,3,0,2,4,2,1,1,0,0,1,0,0,0,0,1,0,0,1,0,0,0,0,0,0,0,0,0,0,0,0,0,0,0,0,0,0,0,0,0,0,0,0,0,0,0,0,0,0,0,0,0,0,0,0,0,0,0,0,0,0,0,0,0,0,0,0,0,0,0,0,0,0,0,0,0,0,0,0,0,0,0,0,0,0,0,0,0,0,0,0,0,0,0,0,0,0,0,0,0
0,0,0,1,0,0,1,0,0,1,0,0,1,2,0,2,2,2,0,1,0,0,3,1,1,2,7,4,2,3,5,5,6,5,6,6,8,2,3,7,10,7,12,12,11,7,7,6,13,13,11,14,21,12,20,15,13,16,13,14,20,14,25,10,11,13,8,12,11,10,6,13,6,6,9,7,15,11,8,10,5,3,8,3,6,5,13,4,5,1,1,4,2,5,1,5,2,2,5,2,1,1,1,1,3,1,0,1,1,3,1,1,0,0,0,0,0,0,0,0,1,1,0,0,0,0,0,0,1,0,1,0,0,0,0,0,0,0,0,0,0,0,0,0,0,0,0,0,0,0,0,0,0,0,0,0,0,0,0,0,0,0,0,0,0,0,0,0,0,0,0,0,0,0,0,0,0,0,0,0,0,0,0,0,0,0,0,0,0,0,0,0,0,0,0,0,0,0,0,0
0,0,0,1,0,0,0,0,0,1,0,0,2,0,0,0,0,2,2,1,1,3,1,2,5,3,3,2,2,0,7,1,4,9,3,5,6,10,6,3,9,8,6,12,13,16,9,16,18,13,12,13,12,19,13,15,9,14,13,14,10,11,13,11,12,13,9,13,3,8,15,9,7,7,12,7,8,7,6,9,6,3,6,3,1,1,7,3,3,0,2,2,3,2,2,3,1,2,1,4,1,1,2,0,0,2,1,0,0,0,0,0,0,1,0,1,0,1,2,0,0,0,0,0,1,1,0,0,0,0,0,0,0,0,0,0,0,0,0,0,0,0,0,0,0,0,0,0,0,0,0,0,0,0,0,0,0,0,0,0,0,0,0,0,0,0,0,0,0,0,0,0,0,0,0,0,0,0,0,0,0,0,0,0,0,0,0,0,0,0,0,0,0,0,0,0,0,0,0,0
0,0,1,0,0,0,0,0,0,1,0,0,0,0,0,0,2,1,2,0,2,1,1,0,2,2,2,1,1,3,2,2,2,8,3,1,8,4,5,4,5,11,13,8,12,13,15,18,6,15,15,15,15,16,15,9,14,9,9,12,10,13,15,11,12,6,10,17,8,10,7,11,7,11,14,3,7,8,8,6,4,4,8,5,6,1,2,3,2,2,5,7,1,7,3,2,1,2,3,0,0,4,2,1,2,1,1,1,0,0,0,2,0,1,2,0,0,0,2,0,0,0,0,0,0,0,0,0,0,0,0,0,0,1,0,0,0,0,0,0,0,0,0,0,0,0,0,0,0,0,0,0,0,0,0,0,0,0,0,0,0,0,0,0,0,0,0,0,0,0,0,0,0,0,0,0,0,0,0,0,0,0,0,0,0,0,0,0,0,0,0,0,0,0,0,0,0,0,0,0
0,0,0,0,0,0,0,0,0,1,0,0,2,0,0,0,3,2,0,1,3,1,1,1,7,2,2,5,4,1,2,1,5,7,1,5,7,5,8,2,8,9,5,8,5,14,11,10,13,11,19,15,12,18,9,13,9,8,12,14,10,12,13,10,10,12,8,6,12,11,8,7,8,14,12,7,7,10,6,12,8,5,1,2,1,8,5,4,6,1,3,2,2,1,2,2,1,2,1,4,3,0,1,1,0,0,1,0,2,0,1,0,0,0,1,1,0,1,0,1,0,0,0,0,1,0,0,1,0,0,0,0,0,1,0,0,0,0,0,0,0,0,0,0,0,0,0,0,0,0,0,0,0,0,0,0,0,0,0,0,0,0,0,0,0,0,0,0,0,0,0,0,0,0,0,0,0,0,0,0,0,0,0,0,0,0,0,0,0,0,0,0,0,0,0,0,0,0,0,0
0,0,0,0,0,0,0,0,0,0,0,0,0,1,0,0,3,3,4,0,3,0,2,0,4,3,1,6,4,4,5,5,4,5,5,4,8,9,10,8,10,8,8,9,19,12,18,15,16,17,13,11,9,8,18,12,11,7,14,17,7,10,19,12,12,7,11,10,15,14,11,14,7,5,6,8,4,7,10,9,10,5,6,10,1,5,3,5,4,4,5,2,2,1,2,2,1,1,3,1,1,1,2,2,0,1,2,1,0,1,0,0,0,0,0,1,0,0,0,0,0,0,0,0,0,0,0,0,0,0,0,0,0,0,0,0,0,0,0,0,0,0,0,0,0,0,0,0,0,0,0,0,0,0,0,0,0,0,0,0,0,0,0,0,0,0,0,0,0,0,0,0,0,0,0,0,0,0,0,0,0,0,0,0,0,0,0,0,0,0,0,0,0,0,0,0,0,0,0,0
0,0,1,0,0,0,1,0,0,2,0,0,0,0,0,0,1,1,0,0,1,2,0,1,2,2,2,3,1,3,6,3,6,7,4,2,8,4,10,3,7,7,8,9,16,13,13,14,13,11,12,9,15,15,10,11,4,8,19,14,16,12,19,13,10,15,9,8,9,8,8,11,10,4,10,7,2,7,6,7,5,8,2,5,3,5,3,2,6,3,2,2,0,4,0,2,2,2,1,1,3,1,2,0,1,1,1,0,1,1,0,0,0,0,2,0,1,0,0,0,0,0,0,0,0,1,0,0,0,0,0,0,0,0,0,0,0,0,0,0,0,0,0,0,0,0,0,0,0,0,0,0,0,0,0,0,0,0,0,0,0,0,0,0,0,0,0,0,0,0,0,0,0,0,0,0,0,0,0,0,0,0,0,0,0,0,0,0,0,0,0,0,0,0,0,0,0,0,0,0
0,0,0,0,0,0,2,0,0,0,0,0,2,0,0,0,1,1,0,0,2,3,2,0,0,1,5,2,3,5,1,3,4,5,3,5,4,1,4,8,8,8,16,9,10,13,9,9,11,16,9,11,9,7,11,7,14,5,11,10,10,11,14,10,11,13,13,12,13,10,9,13,9,7,7,9,7,6,4,3,6,6,7,6,4,2,5,4,0,3,6,4,0,4,0,1,0,4,4,1,1,4,1,2,1,0,0,0,1,0,0,1,1,0,0,0,0,0,0,0,0,0,0,0,0,0,0,0,0,0,0,0,0,0,0,0,0,0,0,0,0,0,0,0,0,0,0,0,0,0,0,0,0,0,0,0,0,0,0,0,0,0,0,0,0,0,0,0,0,0,0,0,0,0,0,0,0,0,0,0,0,0,0,0,0,0,0,0,0,0,0,0,0,0,0,0,0,0,0,0
0,0,1,0,0,0,1,0,0,1,0,0,1,0,0,0,0,2,2,0,0,0,5,0,1,3,3,3,2,4,4,3,1,6,0,4,7,6,10,8,5,9,7,7,11,7,17,10,11,9,12,9,10,13,9,12,11,17,12,8,14,9,5,7,6,12,6,8,8,9,4,8,9,9,7,12,11,12,11,3,6,4,4,5,5,4,5,5,6,4,3,1,0,0,1,2,0,0,3,1,3,0,0,0,0,0,3,1,1,0,0,0,1,0,0,0,0,0,1,0,0,0,1,0,0,0,0,0,0,0,0,0,0,0,0,0,0,0,0,0,0,0,0,0,0,0,0,0,0,0,0,0,0,0,0,0,0,0,0,0,0,0,0,0,0,0,0,0,0,0,0,0,0,0,0,0,0,0,0,0,0,0,0,0,0,0,0,0,0,0,0,0,0,0,0,0,0,0,0,0
0,0,0,0,0,0,0,0,0,1,0,0,1,0,0,0,1,2,1,0,0,1,4,0,4,2,2,2,2,3,1,3,4,2,5,4,4,2,5,5,6,5,4,3,18,8,9,11,9,8,9,11,6,14,16,14,12,8,10,9,14,17,12,8,6,11,7,6,11,7,7,6,9,6,8,3,7,9,3,1,3,5,4,0,6,3,3,1,4,0,8,3,1,1,0,1,2,0,2,3,0,1,0,1,0,0,0,0,0,0,0,0,0,0,0,1,0,0,0,0,0,0,0,0,0,0,0,0,0,0,0,0,0,0,0,0,0,0,0,0,0,0,0,0,0,0,0,0,0,0,0,0,0,0,0,0,0,0,0,0,0,0,0,0,0,0,0,0,0,0,0,0,0,0,0,0,0,0,0,0,0,0,0,0,0,0,0,0,0,0,0,0,0,0,0,0,0,0,0,0
0,0,0,0,0,0,0,0,0,0,0,0,0,0,0,1,1,0,2,0,2,0,1,0,2,1,2,3,0,2,5,1,2,4,4,5,6,3,3,8,10,7,9,7,6,11,3,15,8,13,8,13,20,10,11,10,6,10,10,11,8,11,8,8,10,13,8,6,10,4,5,8,3,5,7,5,3,1,2,5,0,9,3,4,2,7,2,3,2,2,2,2,2,0,1,1,1,2,3,2,1,1,1,0,0,1,0,1,0,0,1,1,0,0,0,0,0,0,0,0,0,0,0,0,0,0,0,0,0,0,0,0,0,0,0,0,0,0,0,0,0,0,0,0,0,0,0,0,0,0,0,0,0,0,0,0,0,0,0,0,0,0,0,0,0,0,0,0,0,0,0,0,0,0,0,0,0,0,0,0,0,0,0,0,0,0,0,0,0,0,0,0,0,0,0,0,0,0,0,0
0,0,0,1,0,0,0,0,0,0,0,0,3,0,0,0,2,1,0,0,1,1,1,2,2,4,2,2,1,2,5,0,4,4,3,2,3,1,3,5,8,9,7,9,9,11,7,9,10,5,8,15,10,17,6,10,6,12,4,14,8,11,16,9,8,7,8,5,7,8,4,11,10,8,3,5,10,2,2,3,5,7,2,3,3,7,2,2,4,4,2,3,1,0,1,1,2,1,0,2,2,1,1,0,1,0,0,2,1,0,0,0,0,0,0,0,0,0,0,0,0,0,0,0,0,0,1,1,0,0,0,0,0,1,0,0,0,0,0,0,0,0,0,0,0,0,0,0,0,0,0,0,0,0,0,0,0,0,0,0,0,0,0,0,0,0,0,0,0,0,0,0,0,0,0,0,0,0,0,0,0,0,0,0,0,0,0,0,0,0,0,0,0,0,0,0,0,0,0,0
0,0,0,0,0,0,0,0,0,0,0,0,1,1,0,0,2,1,0,0,0,0,1,0,3,2,2,1,0,2,2,3,2,3,3,1,7,7,4,1,5,12,8,6,6,6,8,8,13,7,6,9,9,10,14,10,3,6,4,12,11,9,8,5,7,3,12,7,8,12,7,5,5,4,8,4,6,5,3,3,1,3,5,9,4,5,2,1,2,2,4,3,3,0,2,1,4,1,1,2,0,0,0,4,0,0,1,0,0,0,0,0,0,0,1,0,0,0,0,1,0,0,0,0,0,0,0,0,1,0,0,0,0,0,0,0,0,0,0,0,0,0,0,0,0,0,0,0,0,0,0,0,0,0,0,0,0,0,0,0,0,0,0,0,0,0,0,0,0,0,0,0,0,0,0,0,0,0,0,0,0,0,0,0,0,0,0,0,0,0,0,0,0,0,0,0,0,0,0,0
0,0,0,0,0,0,0,0,0,1,0,0,0,0,0,1,1,1,1,0,1,3,2,0,2,4,0,1,3,2,0,0,1,4,2,1,5,6,5,1,3,5,6,9,11,9,10,5,6,7,9,12,11,6,12,8,11,8,9,10,9,11,12,8,6,5,8,11,6,9,7,3,8,4,3,4,2,3,8,13,7,6,2,2,1,0,2,0,1,5,2,2,2,2,0,2,0,2,1,1,0,1,2,0,0,0,0,2,2,0,1,0,0,0,0,0,1,0,0,0,1,1,0,0,0,1,0,0,0,0,0,0,0,0,0,0,0,0,0,0,0,0,0,0,0,0,0,0,0,0,0,0,0,0,0,0,0,0,0,0,0,0,0,0,0,0,0,0,0,0,0,0,0,0,0,0,0,0,0,0,0,0,0,0,0,0,0,0,0,0,0,0,0,0,0,0,0,0,0,0
0,0,0,0,0,0,2,0,0,1,0,0,0,0,0,1,2,2,1,0,0,5,3,0,2,2,2,3,2,2,3,2,3,3,4,2,9,1,6,5,3,5,3,3,10,8,7,5,6,9,9,12,10,11,10,11,4,16,5,11,7,8,7,9,8,8,13,17,7,6,1,3,7,11,8,3,3,1,3,4,2,3,4,5,3,3,2,4,2,3,4,2,1,4,0,5,3,1,0,2,0,0,2,1,1,0,0,1,0,1,1,0,1,0,1,0,0,0,0,0,0,0,0,0,0,0,0,0,0,0,0,0,0,0,0,0,0,0,0,0,0,0,0,0,0,0,0,0,0,0,0,0,0,0,0,0,0,0,0,0,0,0,0,0,0,0,0,0,0,0,0,0,0,0,0,0,0,0,0,0,0,0,0,0,0,0,0,0,0,0,0,0,0,0,0,0,0,0,0,0
0,0,1,0,0,0,0,0,0,0,0,0,0,2,0,1,1,0,1,0,0,1,1,1,1,5,4,4,1,2,5,2,3,3,3,3,6,3,1,7,7,4,8,9,4,5,3,15,9,11,13,9,9,7,11,4,5,10,8,8,8,9,5,12,7,11,9,7,9,9,5,6,10,6,5,2,4,4,4,1,4,3,4,2,4,5,2,3,4,2,3,1,0,1,3,2,1,1,0,0,1,0,2,0,0,0,1,1,1,0,0,0,0,0,0,0,0,1,0,0,1,1,0,0,0,0,0,0,1,0,0,0,0,0,0,0,0,0,1,0,0,1,0,0,0,0,0,0,0,0,0,0,0,0,0,0,0,0,0,0,0,0,0,0,0,0,0,0,0,0,0,0,0,0,0,0,0,0,0,0,0,0,0,0,0,0,0,0,0,0,0,0,0,0,0,0,0,0,0,0
0,0,0,0,0,0,1,0,0,1,0,0,0,0,0,0,1,1,0,0,0,0,2,0,0,4,5,0,2,1,3,2,4,4,5,3,5,3,4,5,6,6,9,7,11,7,12,6,6,11,3,6,6,5,9,6,5,5,7,9,10,13,11,8,6,9,7,10,10,11,4,6,5,3,2,4,6,8,5,7,4,6,3,2,2,1,2,1,1,3,2,2,0,2,2,0,2,2,3,2,2,1,0,0,0,0,2,1,0,1,1,0,0,1,1,1,0,0,0,0,0,0,0,0,0,1,0,0,0,0,0,0,0,0,0,0,0,0,0,0,0,0,0,0,0,0,0,0,0,0,0,0,0,0,0,0,0,0,0,0,0,0,0,0,0,0,0,0,0,0,0,0,0,0,0,0,0,0,0,0,0,0,0,0,0,0,0,0,0,0,0,0,0,0,0,0,0,0,0,0
0,0,0,0,0,0,1,0,0,0,0,0,0,0,0,0,0,1,0,0,1,1,1,1,1,3,0,4,2,2,3,3,5,1,4,4,9,4,3,2,6,5,7,9,9,5,12,14,6,15,8,4,12,6,8,9,6,5,8,15,5,5,9,3,6,6,8,9,11,8,6,6,6,5,4,2,6,3,1,5,2,7,6,2,0,2,2,0,0,0,2,2,0,1,0,0,1,1,0,3,0,1,0,2,0,1,0,0,0,2,0,0,0,0,0,0,0,0,2,0,0,1,0,1,0,0,0,0,0,0,0,0,0,0,0,0,0,0,0,0,0,0,0,0,0,0,0,0,0,0,0,0,0,0,0,0,0,0,0,0,0,0,0,0,0,0,0,0,0,0,0,0,0,0,0,0,0,0,0,0,0,0,0,0,0,0,0,0,0,0,0,0,0,0,0,0,0,0,0,0
0,0,0,0,0,0,3,0,0,1,0,0,0,0,0,1,0,1,1,1,1,1,4,0,2,4,1,2,2,0,4,2,4,1,4,4,4,1,3,5,4,5,4,7,7,5,1,7,11,8,4,12,7,12,5,7,6,4,5,9,10,10,9,4,14,9,10,5,5,7,3,5,2,4,5,4,2,3,4,3,4,4,1,0,3,3,6,2,2,2,1,5,1,1,0,1,2,2,0,3,0,1,0,0,0,0,0,0,1,0,1,0,1,0,0,0,0,0,0,0,0,0,0,0,0,0,1,0,0,0,0,0,0,0,0,0,0,0,0,0,0,0,0,0,0,0,0,0,0,0,0,0,0,0,0,0,0,0,0,0,0,0,0,0,0,0,0,0,0,0,0,0,0,0,0,0,0,0,0,0,0,0,0,0,0,0,0,0,0,0,0,0,0,0,0,0,0,0,0,0
0,0,0,0,0,0,0,0,0,2,0,0,1,1,0,0,4,2,2,0,1,1,2,1,1,2,2,1,1,1,0,1,5,2,6,4,5,3,6,3,5,5,7,5,9,6,6,9,8,9,5,7,8,10,6,7,8,6,11,6,3,5,5,6,6,12,10,8,9,12,2,3,8,7,0,5,2,5,0,4,2,3,4,2,2,1,2,2,0,4,2,2,2,2,3,2,3,0,0,1,2,1,1,0,0,0,0,0,0,1,0,0,0,0,0,0,0,0,0,0,0,0,0,0,0,0,0,0,0,0,0,0,0,0,0,0,0,0,0,0,0,0,0,0,0,0,0,0,0,0,0,0,0,0,0,0,0,0,0,0,0,0,0,0,0,0,0,0,0,0,0,0,0,0,0,0,0,0,0,0,0,0,0,0,0,0,0,0,0,0,0,0,0,0,0,0,0,0,0,0
0,0,0,0,0,0,0,0,0,1,0,0,0,0,0,0,0,2,1,0,1,0,0,0,2,0,1,5,2,2,5,2,3,2,3,1,4,2,6,3,1,5,2,11,9,7,3,3,9,8,8,11,9,9,9,6,4,6,8,8,6,10,9,1,1,3,3,6,8,4,2,6,6,5,3,5,0,3,7,4,6,5,2,0,3,2,2,2,0,2,2,1,1,1,0,0,1,0,2,1,2,0,0,1,1,1,0,1,0,0,0,0,1,0,0,0,0,0,0,0,0,1,0,0,1,0,0,0,0,0,0,0,0,0,0,0,0,0,0,0,0,0,0,0,0,0,0,0,0,0,0,0,0,0,0,0,0,0,0,0,0,0,0,0,0,0,0,0,0,0,0,0,0,0,0,0,0,0,0,0,0,0,0,0,0,0,0,0,0,0,0,0,0,0,0,0,0,0,0,0
0,0,0,0,0,0,0,0,0,0,0,0,0,0,1,2,1,1,1,1,1,1,0,0,4,0,3,3,0,1,3,6,5,6,3,0,5,5,6,6,8,5,6,1,8,5,6,11,9,9,5,6,7,8,7,3,3,3,5,4,7,8,8,5,11,8,7,5,2,5,4,5,4,3,5,3,3,7,3,6,2,2,4,0,1,3,4,3,0,3,1,1,3,0,0,3,1,1,0,0,1,3,1,1,0,0,0,0,0,0,0,0,0,0,0,0,0,0,0,0,0,0,0,0,0,0,0,0,0,0,1,0,0,0,0,0,0,0,0,0,0,0,0,0,0,0,0,0,0,0,0,0,0,0,0,0,0,0,0,0,0,0,0,0,0,0,0,0,0,0,0,0,0,0,0,0,0,0,0,0,0,0,0,0,0,0,0,0,0,0,0,0,0,0,0,0,0,0,0,0
0,0,0,0,0,0,0,0,0,0,0,0,0,0,0,0,4,6,0,1,1,1,1,0,5,1,2,2,0,2,3,0,6,1,3,1,1,3,5,5,5,8,2,1,7,11,2,11,5,10,6,7,8,4,8,10,8,5,7,4,3,9,12,5,6,7,7,4,8,7,7,7,7,5,4,2,7,2,3,3,4,3,4,1,3,1,1,3,1,3,3,1,2,2,1,0,1,2,1,1,2,3,0,0,1,1,1,0,0,0,0,1,0,0,0,0,0,0,1,0,0,0,0,0,0,0,0,0,0,0,0,0,0,0,0,0,0,0,0,0,0,0,0,0,0,0,0,0,0,0,0,0,0,0,0,0,0,0,0,0,0,0,0,0,0,0,0,0,0,0,0,0,0,0,0,0,0,0,0,0,0,0,0,0,0,0,0,0,0,0,0,0,0,0,0,0,0,0,0,0
0,0,1,0,0,0,1,0,0,1,0,0,0,0,0,0,2,0,1,1,1,0,0,1,1,2,1,4,1,1,2,6,2,7,2,6,6,6,2,3,5,3,6,6,4,7,6,2,2,6,5,4,12,11,6,6,6,5,7,3,9,6,6,7,4,4,5,8,2,3,4,7,5,1,2,4,5,8,3,2,6,4,2,3,2,1,1,1,1,3,2,2,1,0,1,1,1,1,0,1,0,0,0,0,2,0,1,2,0,0,2,0,0,0,0,0,0,1,0,0,0,0,0,0,0,0,0,0,0,0,1,0,0,0,0,0,0,0,0,0,0,0,0,0,0,0,0,0,0,0,0,0,0,0,0,0,0,0,0,0,0,0,0,0,0,0,0,0,0,0,0,0,0,0,0,0,0,0,0,0,0,0,0,0,0,0,0,0,0,0,0,0,0,0,0,0,0,0,0,0
0,0,0,0,0,0,0,0,0,0,0,1,1,0,0,0,1,2,0,0,0,1,1,1,0,3,2,3,1,3,2,1,5,2,5,3,5,4,5,1,4,2,4,7,3,4,6,1,7,7,3,8,6,7,8,4,4,4,9,7,5,4,10,9,7,4,5,5,9,7,6,7,3,5,2,3,6,4,4,3,3,1,5,2,5,1,4,1,0,2,2,3,0,2,0,1,1,1,1,2,2,0,0,2,0,1,0,0,0,1,0,0,0,0,0,1,0,0,0,0,0,0,0,0,0,0,0,0,0,0,0,0,0,0,0,0,0,0,0,0,0,0,0,0,0,0,0,0,0,0,0,0,0,0,0,0,0,0,0,0,0,0,0,0,0,0,0,0,0,0,0,0,0,0,0,0,0,0,0,0,0,0,0,0,0,0,0,0,0,0,0,0,0,0,0,0,0,0,0,0
0,0,0,0,0,0,0,0,0,0,0,0,0,0,0,0,1,0,0,0,2,1,0,0,1,1,1,2,1,1,0,3,9,2,2,2,3,3,4,2,1,2,5,6,5,6,11,3,1,7,10,2,7,1,3,4,5,2,9,4,15,1,6,8,5,4,1,4,1,6,6,8,5,7,8,2,4,7,7,0,2,6,3,5,1,2,3,3,0,0,3,0,4,2,0,1,1,1,2,2,0,1,0,1,1,1,1,0,2,0,0,0,1,0,0,0,0,0,0,0,0,0,0,0,0,0,0,0,0,0,0,0,0,0,0,0,0,0,0,0,0,0,0,0,0,0,0,0,0,0,0,0,0,0,0,0,0,0,0,0,0,0,0,0,0,0,0,0,0,0,0,0,0,0,0,0,0,0,0,0,0,0,0,0,0,0,0,0,0,0,0,0,0,0,0,0,0,0,0,0
0,0,0,0,0,0,0,0,0,0,0,0,0,0,0,1,0,0,1,0,0,2,2,1,0,3,1,0,0,2,2,3,0,4,2,1,3,1,0,1,5,4,5,5,1,5,8,5,4,8,14,11,5,7,5,5,14,4,10,3,13,3,4,6,4,5,3,7,4,5,4,10,3,2,3,5,3,7,1,3,2,4,3,2,2,1,0,3,3,2,3,1,2,0,1,1,0,0,0,0,1,1,1,1,1,0,2,1,0,0,1,0,0,0,0,0,0,0,0,0,0,0,0,0,0,0,0,0,0,0,0,0,0,0,0,0,0,0,0,0,0,0,0,0,0,0,0,0,0,0,0,0,0,0,0,0,0,0,0,0,0,0,0,0,0,0,0,0,0,0,0,0,0,0,0,0,0,0,0,0,0,0,0,0,0,0,0,0,0,0,0,0,0,0,0,0,0,0,0,0
0,0,0,1,0,0,0,0,0,0,0,0,0,1,0,0,0,0,0,0,2,1,1,0,2,4,1,1,0,1,1,4,2,4,2,3,4,1,0,3,4,3,6,5,5,10,3,4,8,3,8,9,11,2,10,3,7,8,1,10,6,7,5,4,3,7,1,4,1,6,4,2,2,6,2,2,4,5,2,4,5,3,2,2,1,4,5,2,1,1,1,0,1,1,1,0,1,1,0,0,0,1,1,0,1,0,0,0,0,0,0,0,0,0,0,1,0,0,0,0,0,0,0,0,0,0,0,0,0,0,0,0,0,0,0,0,0,0,0,0,0,0,0,0,0,0,0,0,0,0,0,0,0,0,0,0,0,0,0,0,0,0,0,0,0,0,0,0,0,0,0,0,0,0,0,0,0,0,0,0,0,0,0,0,0,0,0,0,0,0,0,0,0,0,0,0,0,0,0,0
0,0,0,0,0,0,0,0,0,0,0,0,1,2,0,0,1,1,0,0,2,0,2,1,0,2,0,3,0,0,3,1,1,3,2,1,5,1,4,8,3,3,1,5,3,5,4,4,4,7,4,5,1,8,3,4,1,8,6,3,3,6,2,6,5,4,4,7,4,5,5,5,5,4,3,2,2,3,2,3,2,0,3,1,1,0,1,0,2,3,0,3,0,0,0,0,1,3,1,1,0,2,0,1,0,2,0,0,0,0,0,1,0,0,0,0,1,0,0,0,0,0,0,0,0,0,0,0,0,0,0,0,0,0,0,0,0,0,0,0,0,0,0,0,0,0,0,0,0,0,0,0,0,0,0,0,0,0,0,0,0,0,0,0,0,0,0,0,0,0,0,0,0,0,0,0,0,0,0,0,0,0,0,0,0,0,0,0,0,0,0,0,0,0,0,0,0,0,0,0
0,0,0,0,0,0,0,0,0,2,0,0,0,2,0,0,0,0,1,0,1,2,1,0,0,3,0,1,0,1,0,2,0,0,6,4,4,2,3,2,1,4,2,6,6,2,1,5,3,9,6,6,5,5,6,7,6,7,8,8,5,7,6,3,9,6,5,4,0,8,6,1,2,7,8,2,3,3,2,0,4,3,3,2,0,1,1,2,0,2,4,1,1,2,1,0,1,0,0,2,1,0,2,1,0,0,1,0,2,0,0,1,0,0,1,0,0,0,0,0,0,0,0,0,0,0,1,0,0,0,0,0,0,0,0,0,0,0,0,0,0,0,0,0,0,0,0,0,0,0,0,0,0,0,0,0,0,0,0,0,0,0,0,0,0,0,0,0,0,0,0,0,0,0,0,0,0,0,0,0,0,0,0,0,0,0,0,0,0,0,0,0,0,0,0,0,0,0,0,0
0,0,0,0,0,0,0,0,0,1,0,0,0,0,0,0,1,0,1,0,2,1,2,1,2,1,2,1,0,2,1,0,1,4,6,2,5,2,3,1,4,3,1,6,5,7,4,2,6,6,7,7,5,4,4,1,4,7,9,6,3,4,4,2,5,4,6,1,4,5,6,0,4,4,3,1,6,4,3,2,2,1,2,2,3,1,0,4,0,3,2,1,1,2,1,0,0,3,0,0,2,0,1,0,0,0,0,0,0,0,0,0,0,0,0,0,1,1,0,0,0,0,0,0,0,0,0,0,0,0,0,0,0,0,0,0,0,0,0,0,0,0,0,0,0,0,0,0,0,0,0,0,0,0,0,0,0,0,0,0,0,0,0,0,0,0,0,0,0,0,0,0,0,0,0,0,0,0,0,0,0,0,0,0,0,0,0,0,0,0,0,0,0,0,0,0,0,0,0,0
0,0,0,1,0,0,0,0,0,1,0,0,0,0,0,0,0,0,0,0,1,0,0,2,3,1,4,2,1,0,2,3,0,4,1,0,1,3,6,4,4,6,1,6,6,4,4,2,4,6,6,8,6,4,6,4,5,3,3,6,4,8,5,11,3,5,4,4,4,3,4,5,7,2,3,5,2,1,5,2,1,3,3,2,3,0,1,1,2,1,1,2,3,0,2,0,1,0,0,0,1,0,1,1,0,1,0,1,1,0,0,1,1,0,0,0,0,0,0,0,0,0,0,0,0,0,0,1,1,0,0,0,0,0,0,0,0,0,0,0,0,0,0,0,0,0,0,0,0,0,0,0,0,0,0,0,0,0,0,0,0,0,0,0,0,0,0,0,0,0,0,0,0,0,0,0,0,0,0,0,0,0,0,0,0,0,0,0,0,0,0,0,0,0,0,0,0,0,0,0
0,0,2,0,0,0,0,0,0,1,0,0,0,0,0,0,0,1,0,0,1,0,0,0,2,1,2,2,2,0,1,2,1,1,0,1,3,5,6,3,4,1,5,3,5,0,4,4,5,6,7,8,6,3,4,3,7,8,3,8,6,4,10,4,5,7,8,2,5,3,3,1,3,5,1,3,1,2,1,3,5,2,0,1,1,3,3,0,1,1,2,2,2,0,0,0,0,0,0,0,0,0,1,0,0,0,2,0,0,0,0,0,0,0,0,0,0,0,1,0,0,0,0,1,0,1,0,0,0,0,0,0,0,0,0,0,0,0,0,0,0,0,0,0,0,0,0,0,0,0,0,0,0,0,0,0,0,0,0,0,0,0,0,0,0,0,0,0,0,0,0,0,0,0,0,0,0,0,0,0,0,0,0,0,0,0,0,0,0,0,0,0,0,0,0,0,0,0,0,0
0,0,0,0,0,0,0,0,0,0,0,0,1,0,0,0,1,3,0,1,0,0,2,2,1,1,0,0,1,1,1,1,0,1,3,1,3,1,6,2,3,5,6,5,1,1,6,1,4,8,8,5,7,6,3,5,10,5,6,3,5,3,4,6,2,3,1,7,3,4,4,3,3,3,4,2,7,2,3,2,1,5,1,3,3,2,1,2,1,1,2,0,2,0,2,0,1,0,0,0,0,0,0,0,0,1,1,0,0,2,0,1,0,0,0,0,0,0,1,0,0,0,0,0,0,0,0,0,0,0,0,0,0,0,0,0,0,0,0,0,0,0,0,0,0,0,0,0,0,0,0,0,0,0,0,0,0,0,0,0,0,0,0,0,0,0,0,0,0,0,0,0,0,0,0,0,0,0,0,0,0,0,0,0,0,0,0,0,0,0,0,0,0,0,0,0,0,0,0,0
0,0,0,0,0,0,0,0,0,1,0,0,0,0,0,1,2,0,0,0,0,2,0,0,0,4,1,0,4,0,0,0,1,2,3,2,1,1,2,0,2,3,3,3,6,5,2,4,5,7,4,9,6,6,4,3,5,3,6,8,5,2,2,5,4,6,2,2,2,4,2,5,3,1,5,2,5,2,5,2,1,1,3,1,0,2,0,1,1,1,1,0,0,0,0,1,1,0,1,0,0,0,0,0,0,0,0,0,0,0,0,0,0,0,1,0,0,0,0,0,0,0,0,0,0,0,0,0,0,0,0,0,0,0,0,0,0,0,0,0,0,0,0,0,0,0,0,0,0,0,0,0,0,0,0,0,0,0,0,0,0,0,0,0,0,0,0,0,0,0,0,0,0,0,0,0,0,0,0,0,0,0,0,0,0,0,0,0,0,0,0,0,0,0,0,0,0,0,0,0
0,0,0,0,0,0,0,0,0,0,0,0,0,0,0,0,0,1,0,1,2,0,0,0,1,2,1,0,0,0,2,0,1,3,1,1,2,0,3,6,3,6,2,3,3,1,1,1,6,7,3,3,5,6,5,0,2,4,1,10,7,5,6,5,2,3,4,4,3,3,7,2,5,6,4,3,3,3,2,3,6,2,3,2,0,2,0,0,1,0,0,0,1,1,2,0,1,0,0,1,2,1,0,1,0,0,0,0,0,1,0,0,1,0,0,1,0,0,0,0,0,0,0,1,0,0,0,0,0,0,0,0,0,0,0,0,0,0,0,0,0,0,0,0,0,0,0,0,0,0,0,0,0,0,0,0,0,0,0,0,0,0,0,0,0,0,0,0,0,0,0,0,0,0,0,0,0,0,0,0,0,0,0,0,0,0,0,0,0,0,0,0,0,0,0,0,0,0,0,0
0,0,0,0,0,0,0,0,0,1,0,0,0,0,0,0,0,0,0,0,0,0,1,0,2,0,1,2,3,0,2,3,0,4,2,0,4,0,4,0,2,5,3,2,6,6,6,5,7,11,10,5,5,6,6,2,1,4,4,6,3,7,8,2,3,5,2,2,6,5,2,2,2,1,1,1,1,0,2,4,3,2,0,2,2,1,2,1,1,0,2,1,0,1,0,0,1,0,0,0,0,0,1,1,0,0,0,1,0,0,1,2,0,0,0,1,0,0,0,0,0,0,0,0,0,0,0,0,0,0,0,0,0,0,0,0,0,0,0,0,0,0,0,0,0,0,0,0,0,0,0,0,0,0,0,0,0,0,0,0,0,0,0,0,0,0,0,0,0,0,0,0,0,0,0,0,0,0,0,0,0,0,0,0,0,0,0,0,0,0,0,0,0,0,0,0,0,0,0,0
0,0,0,0,0,0,0,0,0,0,0,0,1,0,1,0,1,0,0,0,1,1,3,0,0,0,0,2,1,2,1,1,1,2,3,0,1,1,3,3,5,2,5,2,5,1,1,4,7,7,6,3,6,3,6,3,1,4,6,4,6,5,9,4,3,4,3,3,1,8,2,2,6,3,2,3,6,3,2,1,1,2,3,0,1,1,1,0,0,1,0,1,0,0,1,0,3,0,0,0,1,0,1,2,1,0,0,0,0,0,0,0,0,0,0,0,0,0,0,0,0,0,0,0,0,0,0,0,0,0,0,0,0,0,0,0,0,0,0,0,0,0,0,0,0,0,0,0,0,0,0,0,0,0,0,0,0,0,0,0,0,0,0,0,0,0,0,0,0,0,0,0,0,0,0,0,0,0,0,0,0,0,0,0,0,0,0,0,0,0,0,0,0,0,0,0,0,0,0,0
0,0,0,0,0,0,0,0,0,0,0,0,1,0,0,1,0,0,0,0,1,1,1,0,1,1,1,1,1,0,1,2,3,2,3,3,3,2,4,1,0,1,5,2,6,1,3,5,2,5,2,9,5,6,5,4,6,4,1,3,2,2,3,4,4,2,2,5,6,8,2,4,2,3,4,2,1,1,3,2,2,3,1,0,0,0,0,0,5,0,1,0,1,0,1,0,0,2,1,1,2,0,1,0,0,0,1,0,0,0,0,0,0,0,0,0,0,0,0,0,1,0,0,0,0,0,0,0,0,0,0,0,0,0,0,0,0,0,0,0,0,0,0,0,0,0,0,0,0,0,0,0,0,0,0,0,0,0,0,0,0,0,0,0,0,0,0,0,0,0,0,0,0,0,0,0,0,0,0,0,0,0,0,0,0,0,0,0,0,0,0,0,0,0,0,0,0,0,0,0
0,0,1,0,0,0,0,0,0,0,0,0,0,0,0,0,0,0,0,1,1,0,0,1,1,3,1,2,0,1,2,2,3,0,3,0,3,2,2,2,3,3,3,6,5,3,7,5,2,3,6,5,7,5,3,4,5,3,3,2,0,3,4,1,2,6,7,5,3,5,2,5,3,1,5,0,1,0,1,2,2,4,3,2,2,2,1,0,1,2,1,3,1,1,0,1,0,0,1,0,0,1,0,0,0,1,0,0,0,0,0,0,0,0,0,0,0,0,1,0,0,0,0,0,0,0,0,0,0,0,0,0,0,0,0,0,0,0,0,0,0,0,0,0,0,0,0,0,0,0,0,0,0,0,0,0,0,0,0,0,0,0,0,0,0,0,0,0,0,0,0,0,0,0,0,0,0,0,0,0,0,0,0,0,0,0,0,0,0,0,0,0,0,0,0,0,0,0,0,0
0,0,0,0,0,0,0,0,0,0,0,0,0,0,0,0,0,1,1,0,3,0,0,0,2,1,2,1,1,2,2,1,2,3,0,0,1,4,1,5,2,5,3,2,5,9,4,2,4,3,2,3,1,3,5,2,3,4,2,3,3,6,1,1,3,2,1,6,1,7,2,1,3,2,1,0,1,0,4,1,2,1,1,2,3,0,0,0,1,1,3,1,1,1,1,0,0,1,1,0,0,1,1,0,0,0,0,0,0,0,0,0,0,0,0,0,0,0,0,0,0,1,0,0,0,0,0,0,0,0,0,0,0,0,0,0,0,0,0,0,0,0,0,0,0,0,0,0,0,0,0,0,0,0,0,0,0,0,0,0,0,0,0,0,0,0,0,0,0,0,0,0,0,0,0,0,0,0,0,0,0,0,0,0,0,0,0,0,0,0,0,0,0,0,0,0,0,0,0,0
0,0,0,0,0,0,0,0,0,0,0,0,0,0,0,0,1,0,0,1,0,2,2,0,0,0,0,1,0,0,0,3,1,4,0,2,0,3,0,1,4,3,3,1,4,7,4,1,3,6,0,2,8,3,3,2,5,7,5,4,1,2,5,1,3,4,1,2,4,3,1,2,2,3,2,1,3,6,0,3,3,2,0,2,1,0,0,0,0,0,0,0,0,0,0,3,0,1,1,0,0,1,1,1,0,0,0,1,0,0,0,0,0,0,0,0,0,0,0,1,0,0,1,0,0,0,0,0,0,0,0,0,0,0,0,0,0,0,0,0,0,0,0,0,0,0,0,0,0,0,0,0,0,0,0,0,0,0,0,0,0,0,0,0,0,0,0,0,0,0,0,0,0,0,0,0,0,0,0,0,0,0,0,0,0,0,0,0,0,0,0,0,0,0,0,0,0,0,0,0
0,0,2,0,0,0,0,0,0,0,0,0,0,0,0,0,1,0,0,0,2,0,0,0,0,1,1,1,0,2,1,4,1,0,2,1,2,1,1,4,6,0,2,2,1,5,2,2,6,4,6,3,3,8,3,3,0,4,3,2,2,2,3,3,1,5,1,4,2,3,5,5,0,4,2,2,4,2,2,1,1,2,1,1,1,1,1,1,0,1,0,0,1,0,0,0,0,1,0,0,0,0,0,0,1,1,0,0,0,0,0,0,0,1,0,0,0,0,0,0,1,0,0,0,0,0,0,0,0,0,0,0,0,0,0,0,0,0,0,0,0,0,0,0,0,0,0,0,0,0,0,0,0,0,0,0,0,0,0,0,0,0,0,0,0,0,0,0,0,0,0,0,0,0,0,0,0,0,0,0,0,0,0,0,0,0,0,0,0,0,0,0,0,0,0,0,0,0,0,0
0,0,0,0,0,0,1,0,0,0,0,0,0,0,0,0,0,1,2,1,0,0,1,0,0,0,1,1,0,0,2,0,2,3,0,2,0,1,4,0,4,0,2,3,1,4,2,3,5,2,4,3,3,1,0,2,1,2,5,4,10,2,1,3,3,7,2,2,2,4,2,1,4,2,2,1,0,2,3,1,0,0,1,0,1,1,1,1,0,3,1,2,2,1,2,1,1,0,0,0,0,0,0,0,0,0,0,0,0,0,0,0,0,0,0,0,0,0,0,0,0,0,0,0,0,0,0,0,0,0,0,0,0,0,0,0,0,0,0,0,0,0,0,0,0,0,0,0,0,0,0,0,0,0,0,0,0,0,0,0,0,0,0,0,0,0,0,0,0,0,0,0,0,0,0,0,0,0,0,0,0,0,0,0,0,0,0,0,0,0,0,0,0,0,0,0,0,0,0,0
0,0,1,0,0,0,0,0,0,0,0,0,0,0,0,0,0,0,1,0,0,0,0,0,1,0,1,1,1,1,2,0,1,0,1,0,1,3,5,1,2,1,1,3,4,1,7,1,1,2,4,4,1,2,3,3,3,0,4,2,5,4,1,3,1,3,4,1,2,3,3,1,3,3,3,1,1,3,2,1,0,0,0,1,0,0,1,1,2,0,0,0,0,1,2,2,0,0,0,0,2,1,0,0,0,0,2,1,0,0,0,0,0,0,0,0,0,0,1,0,0,1,0,0,0,0,0,0,0,0,0,0,0,0,0,0,0,0,0,0,0,0,0,0,0,0,0,0,0,0,0,0,0,0,0,0,0,0,0,0,0,0,0,0,0,0,0,0,0,0,0,0,0,0,0,0,0,0,0,0,0,0,0,0,0,0,0,0,0,0,0,0,0,0,0,0,0,0,0,0
0,0,0,1,0,0,0,0,0,0,0,0,0,1,0,0,0,1,0,0,0,1,0,1,0,2,2,0,0,1,1,1,1,2,1,3,1,2,0,1,2,2,3,4,4,2,6,4,7,1,3,6,7,5,3,2,3,2,0,2,2,1,2,3,3,5,0,1,1,1,1,5,1,2,2,3,3,5,2,1,2,0,2,0,0,2,2,2,0,2,1,0,1,0,0,0,1,0,0,0,0,0,1,0,1,0,0,0,0,0,0,0,0,0,0,0,1,0,0,0,0,0,0,0,0,0,0,0,0,0,0,0,0,0,0,0,0,0,0,0,0,0,0,0,0,0,0,0,0,0,0,0,0,0,0,0,0,0,0,0,0,0,0,0,0,0,0,0,0,0,0,0,0,0,0,0,0,0,0,0,0,0,0,0,0,0,0,0,0,0,0,0,0,0,0,0,0,0,0,0
0,0,0,0,0,0,0,0,0,1,0,0,0,0,0,0,0,1,0,0,0,1,1,1,1,0,2,1,1,0,2,0,3,0,2,1,5,3,4,3,1,4,3,3,3,2,3,2,3,4,5,3,3,5,4,4,5,3,1,3,3,2,0,7,2,3,3,1,4,1,4,1,1,4,1,1,3,0,2,2,1,0,2,0,0,1,0,1,0,2,1,0,0,0,1,0,0,1,0,0,0,0,0,0,0,0,0,0,0,0,0,0,0,0,0,0,0,0,0,0,0,0,0,0,0,0,0,0,0,0,0,0,0,0,0,0,0,0,0,0,0,0,0,0,0,0,0,0,0,0,0,0,0,0,0,0,0,0,0,0,0,0,0,0,0,0,0,0,0,0,0,0,0,0,0,0,0,0,0,0,0,0,0,0,0,0,0,0,0,0,0,0,0,0,0,0,0,0,0,0
0,0,0,0,0,0,0,0,0,0,0,0,0,1,0,0,0,0,2,0,0,1,2,1,0,0,3,1,2,2,1,0,1,1,2,1,2,0,1,3,3,1,2,5,5,0,1,2,3,0,3,3,2,1,3,3,1,5,2,3,8,1,3,3,4,0,3,3,1,0,2,1,2,2,3,1,3,2,2,1,1,1,2,1,1,0,1,1,0,0,0,1,0,0,0,1,2,0,0,0,0,0,0,0,0,0,0,0,0,0,0,0,0,0,0,0,0,0,0,0,1,0,0,0,0,0,0,0,0,0,0,0,0,0,0,0,0,0,0,0,0,0,0,0,0,0,0,0,0,0,0,0,0,0,0,0,0,0,0,0,0,0,0,0,0,0,0,0,0,0,0,0,0,0,0,0,0,0,0,0,0,0,0,0,0,0,0,0,0,0,0,0,0,0,0,0,0,0,0,0
0,0,0,0,0,0,0,0,0,0,0,0,0,0,0,0,0,0,0,1,0,0,0,0,0,0,1,1,0,0,1,0,2,1,0,1,3,0,3,0,1,6,4,3,2,2,1,1,4,2,7,3,4,4,5,1,4,4,2,3,4,2,1,1,1,2,1,2,2,3,1,0,3,0,0,3,2,1,0,3,2,0,0,0,0,1,6,0,1,0,0,0,2,0,0,0,1,1,0,0,0,0,1,0,0,1,0,0,0,0,1,0,0,1,0,1,0,0,0,0,0,0,0,0,0,0,0,0,0,0,0,0,0,0,0,0,0,0,0,0,0,0,0,0,0,0,0,0,0,0,0,0,0,0,0,0,0,0,0,0,0,0,0,0,0,0,0,0,0,0,0,0,0,0,0,0,0,0,0,0,0,0,0,0,0,0,0,0,0,0,0,0,0,0,0,0,0,0,0,0
0,0,0,0,0,0,0,0,0,0,0,0,0,0,0,0,1,0,0,0,1,1,0,1,1,1,1,0,0,0,3,2,2,3,2,3,4,1,2,2,0,1,0,2,2,0,4,3,2,4,2,3,2,6,2,2,2,2,2,3,3,2,1,3,1,1,2,3,3,2,4,2,0,3,3,2,0,1,1,1,1,0,0,0,1,1,1,0,2,1,0,1,0,1,1,0,1,0,0,2,1,0,0,0,0,0,0,0,0,0,0,0,0,0,0,0,0,0,0,0,0,1,0,0,0,0,0,0,0,0,0,0,0,0,0,0,0,0,0,0,0,0,0,0,0,0,0,0,0,0,0,0,0,0,0,0,0,0,0,0,0,0,0,0,0,0,0,0,0,0,0,0,0,0,0,0,0,0,0,0,0,0,0,0,0,0,0,0,0,0,0,0,0,0,0,0,0,0,0,0
0,0,0,0,0,0,0,0,0,0,0,0,0,0,0,0,0,1,1,0,0,0,0,1,2,1,0,1,0,0,2,3,2,1,1,0,2,2,1,0,0,2,3,4,4,0,5,1,1,1,0,5,1,4,3,5,4,1,4,2,2,2,4,3,3,3,4,1,6,2,1,2,2,3,2,0,2,2,1,1,0,0,1,0,0,0,0,0,0,1,0,2,0,0,0,0,0,0,0,0,0,0,0,0,0,0,0,0,0,0,0,1,0,0,0,0,0,0,0,1,0,0,0,0,0,0,0,0,0,0,0,0,0,0,0,0,0,0,0,0,0,0,0,0,0,0,0,0,0,0,0,0,0,0,0,0,0,0,0,0,0,0,0,0,0,0,0,0,0,0,0,0,0,0,0,0,0,0,0,0,0,0,0,0,0,0,0,0,0,0,0,0,0,0,0,0,0,0,0,0
0,0,0,0,0,0,0,0,0,0,0,0,0,0,0,0,0,1,1,0,1,0,0,0,1,0,2,0,1,0,1,0,1,1,2,0,0,0,1,1,2,2,1,2,3,4,2,4,1,1,1,4,7,3,1,1,1,4,4,2,2,4,6,3,1,4,1,1,3,2,1,2,1,4,6,0,2,1,0,0,2,0,0,1,2,0,0,1,0,1,0,0,1,2,0,0,1,0,0,0,0,0,0,0,1,1,0,0,0,0,0,1,0,0,0,0,0,0,0,0,0,0,0,0,0,0,0,0,0,0,0,0,0,0,0,0,0,0,0,0,0,0,0,0,0,0,0,0,0,0,0,0,0,0,0,0,0,0,0,0,0,0,0,0,0,0,0,0,0,0,0,0,0,0,0,0,0,0,0,0,0,0,0,0,0,0,0,0,0,0,0,0,0,0,0,0,0,0,0,0
0,0,0,0,0,0,0,0,0,0,0,0,0,0,0,1,0,0,2,1,0,0,1,1,0,0,0,0,0,0,0,2,2,2,2,1,1,2,0,4,0,3,2,2,3,3,0,5,2,3,4,4,3,2,1,3,1,2,3,3,2,2,1,6,1,6,1,1,2,5,1,3,2,2,3,0,0,1,0,1,1,1,0,1,1,1,0,1,0,0,0,1,1,0,1,0,1,1,0,0,0,0,0,0,0,0,0,0,0,0,0,0,0,1,0,0,0,0,0,0,0,0,1,0,0,0,0,0,0,0,0,0,0,0,0,0,0,0,0,0,0,0,0,0,0,0,0,0,0,0,0,0,0,0,0,0,0,0,0,0,0,0,0,0,0,0,0,0,0,0,0,0,0,0,0,0,0,0,0,0,0,0,0,0,0,0,0,0,0,0,0,0,0,0,0,0,0,0,0,0
0,0,0,0,0,0,0,0,0,1,0,0,1,0,0,0,0,0,0,1,0,1,0,3,1,0,1,0,1,1,0,0,0,1,2,0,2,0,2,0,3,3,2,3,3,2,2,2,4,3,2,1,2,0,2,2,2,4,1,3,7,2,3,4,3,2,2,1,0,2,0,2,4,2,3,1,1,0,2,0,1,2,1,0,0,0,0,3,0,0,1,0,1,0,2,0,0,0,0,2,0,0,0,0,0,0,0,1,0,0,0,0,0,0,0,0,0,0,0,0,0,0,0,0,0,0,0,0,0,0,0,0,0,0,0,0,0,0,0,0,0,0,0,0,0,0,0,0,0,0,0,0,0,0,0,0,0,0,0,0,0,0,0,0,0,0,0,0,0,0,0,0,0,0,0,0,0,0,0,0,0,0,0,0,0,0,0,0,0,0,0,0,0,0,0,0,0,0,0,0
0,0,0,0,0,0,0,0,0,0,0,0,0,0,1,0,0,0,0,0,1,0,0,1,0,1,2,1,0,1,0,0,1,1,1,0,3,0,1,6,2,2,3,0,1,0,1,2,1,2,2,1,2,4,4,2,3,5,5,1,4,2,2,1,4,2,0,2,2,0,1,0,3,0,1,2,1,1,1,0,0,0,0,1,0,1,0,2,1,1,0,1,0,0,0,1,2,0,0,1,0,0,0,0,0,0,0,0,0,0,0,0,0,0,0,0,0,0,0,1,0,0,0,0,0,0,0,0,0,0,0,0,0,0,0,0,0,0,0,0,0,0,0,0,0,0,0,0,0,0,0,0,0,0,0,0,0,0,0,0,0,0,0,0,0,0,0,0,0,0,0,0,0,0,0,0,0,0,0,0,0,0,0,0,0,0,0,0,0,0,0,0,0,0,0,0,0,0,0,0
0,0,0,0,0,0,0,0,0,1,0,0,1,0,0,0,0,1,0,0,0,0,0,0,0,1,1,0,0,0,2,3,3,1,4,2,3,0,2,1,1,2,2,2,2,2,0,4,5,3,6,4,3,0,0,1,1,1,3,2,3,3,3,2,1,1,0,0,1,3,2,1,2,2,0,1,4,2,0,0,0,3,1,0,0,1,0,0,1,0,1,0,1,0,0,1,0,0,0,0,0,0,0,0,0,0,0,0,0,0,0,0,0,0,0,0,0,0,0,0,0,0,0,0,0,0,0,0,0,0,0,0,0,0,0,0,0,0,0,0,0,0,0,0,0,0,0,0,0,0,0,0,0,0,0,0,0,0,0,0,0,0,0,0,0,0,0,0,0,0,0,0,0,0,0,0,0,0,0,0,0,0,0,0,0,0,0,0,0,0,0,0,0,0,0,0,0,0,0,0
0,0,1,1,0,0,0,0,0,0,0,0,0,0,0,0,1,0,0,1,0,0,0,1,1,1,1,2,0,0,0,0,2,0,1,1,0,0,1,3,1,2,4,5,1,2,1,2,0,4,1,4,3,2,2,2,1,4,2,3,0,3,4,4,1,1,4,3,5,1,4,1,4,0,1,2,0,0,1,1,1,0,0,2,0,1,0,1,0,1,1,0,0,0,0,1,0,0,0,1,0,0,0,0,0,1,1,0,0,0,0,0,0,0,0,0,0,0,0,0,0,0,0,0,0,0,1,0,0,0,0,0,0,0,0,0,0,0,0,0,0,0,0,0,0,0,0,0,0,0,0,0,0,0,0,0,0,0,0,0,0,0,0,0,0,0,0,0,0,0,0,0,0,0,0,0,0,0,0,0,0,0,0,0,0,0,0,0,0,0,0,0,0,0,0,0,0,0,0,0
0,0,0,0,0,0,0,0,0,0,0,0,0,0,0,0,1,1,0,0,0,0,0,0,1,0,1,2,0,0,2,1,1,3,1,0,2,0,1,0,1,5,2,2,3,1,2,3,0,1,2,2,3,2,4,1,1,2,3,2,0,3,0,4,4,2,0,0,7,1,3,0,2,3,2,4,1,4,0,2,0,1,0,1,1,0,1,0,1,0,0,0,0,0,0,0,0,0,0,0,0,1,0,0,0,1,0,0,0,0,0,0,0,0,0,0,0,0,0,0,0,0,0,0,0,0,0,0,0,0,0,0,0,0,0,0,0,0,0,0,0,0,0,0,0,0,0,0,0,0,0,0,0,0,0,0,0,0,0,0,0,0,0,0,0,0,0,0,0,0,0,0,0,0,0,0,0,0,0,0,0,0,0,0,0,0,0,0,0,0,0,0,0,0,0,0,0,0,0,0
0,0,0,0,0,0,0,0,0,0,0,0,0,0,0,0,1,0,0,0,0,1,1,0,1,1,0,0,1,0,1,1,0,2,0,1,2,1,0,1,2,3,2,2,0,3,3,2,0,2,0,1,3,1,2,1,2,0,4,5,0,2,0,0,2,0,3,2,2,2,1,2,0,1,2,1,1,1,3,3,1,6,0,0,0,0,2,1,2,1,1,0,2,1,0,0,0,1,0,3,0,0,0,0,0,0,0,0,0,0,0,0,0,0,0,0,0,0,0,0,0,0,0,0,0,0,0,0,0,0,0,0,0,0,0,0,0,0,0,0,0,0,0,0,0,0,0,0,0,0,0,0,0,0,0,0,0,0,0,0,0,0,0,0,0,0,0,0,0,0,0,0,0,0,0,0,0,0,0,0,0,0,0,0,0,0,0,0,0,0,0,0,0,0,0,0,0,0,0,0
0,0,0,0,0,0,0,0,0,0,0,0,0,0,0,0,0,1,0,1,0,1,0,1,1,1,1,0,0,1,0,1,2,0,1,2,0,2,0,0,2,1,1,2,2,2,3,3,4,4,2,2,2,0,3,3,2,1,2,3,3,0,3,1,0,3,1,1,1,0,1,0,1,3,3,0,3,2,1,1,0,0,3,2,0,3,0,0,2,0,1,1,1,0,0,0,0,0,0,0,0,0,1,0,0,0,0,0,0,0,0,0,0,0,0,0,0,0,0,0,0,0,0,0,0,0,0,0,0,0,0,0,0,0,0,0,0,0,0,0,0,0,0,0,0,0,0,0,0,0,0,0,0,0,0,0,0,0,0,0,0,0,0,0,0,0,0,0,0,0,0,0,0,0,0,0,0,0,0,0,0,0,0,0,0,0,0,0,0,0,0,0,0,0,0,0,0,0,0,0
0,0,0,0,0,0,0,0,0,0,0,0,0,0,0,0,0,0,1,0,0,1,0,1,1,0,1,0,0,0,1,0,0,0,3,0,1,1,1,1,3,1,1,0,3,0,0,2,2,2,2,6,5,5,1,3,4,0,1,2,2,5,3,1,3,1,1,3,1,2,0,0,1,2,0,3,1,0,0,1,0,1,0,1,1,0,0,0,1,0,1,0,0,0,0,0,0,0,0,0,1,0,0,0,0,0,0,0,0,0,0,0,0,0,0,0,0,0,0,0,0,0,0,0,0,0,0,0,0,0,0,0,0,0,1,0,0,0,0,0,0,0,0,0,0,0,0,0,0,0,0,0,0,0,0,0,0,0,0,0,0,0,0,0,0,0,0,0,0,0,0,0,0,0,0,0,0,0,0,0,0,0,0,0,0,0,0,0,0,0,0,0,0,0,0,0,0,0,0,0
0,0,0,0,0,0,0,0,0,0,0,0,0,0,0,0,0,2,0,0,0,0,0,0,1,0,0,0,0,1,1,2,0,1,1,0,0,1,1,0,3,1,1,2,2,1,1,3,2,2,2,1,1,3,3,2,0,0,2,1,5,0,0,1,1,3,0,1,0,0,0,2,2,3,1,2,1,2,1,0,0,1,1,0,0,1,2,1,0,0,0,0,1,0,0,0,0,0,1,0,1,0,0,0,0,0,0,1,0,0,0,0,0,0,0,0,0,0,0,0,0,0,0,0,0,0,0,0,0,0,0,0,0,0,0,0,0,0,0,0,0,0,0,0,0,0,0,0,0,0,0,0,0,0,0,0,0,0,0,0,0,0,0,0,0,0,0,0,0,0,0,0,0,0,0,0,0,0,0,0,0,0,0,0,0,0,0,0,0,0,0,0,0,0,0,0,0,0,0,0
0,0,0,0,0,0,1,0,0,0,0,0,0,0,0,0,0,0,0,1,0,0,0,0,1,0,0,0,0,0,2,1,2,0,1,1,1,0,0,0,3,0,0,2,2,1,2,1,1,0,1,3,3,2,0,3,1,3,1,2,0,0,2,4,1,0,1,2,5,1,2,2,0,1,1,0,1,0,0,1,0,0,0,1,0,0,0,0,0,0,1,0,1,0,0,0,0,0,0,0,0,0,0,0,0,0,0,0,0,0,0,0,0,0,0,0,0,0,0,0,0,0,0,0,0,0,1,0,0,0,0,0,0,0,0,0,0,0,0,0,0,0,0,0,0,0,0,0,0,0,0,0,0,0,0,0,0,0,0,0,0,0,0,0,0,0,0,0,0,0,0,0,0,0,0,0,0,0,0,0,0,0,0,0,0,0,0,0,0,0,0,0,0,0,0,0,0,0,0,0
0,0,1,0,0,0,0,0,0,0,0,0,0,0,0,1,0,0,0,1,0,0,0,0,0,1,0,1,0,0,0,0,1,3,0,2,3,1,1,2,2,1,5,1,0,0,5,0,4,1,0,4,2,1,0,2,1,1,3,0,0,3,3,1,2,0,0,0,1,3,0,0,2,1,2,0,1,3,3,1,1,0,1,0,0,0,0,0,0,0,1,2,2,0,0,1,0,0,0,2,1,0,0,0,0,0,0,1,0,0,0,0,0,0,0,0,0,1,0,0,0,0,0,0,0,0,0,0,0,0,1,0,0,0,0,0,0,0,0,0,0,0,0,0,0,0,0,0,0,0,0,0,0,0,0,0,0,0,0,0,0,0,0,0,0,0,0,0,0,0,0,0,0,0,0,0,0,0,0,0,0,0,0,0,0,0,0,0,0,0,0,0,0,0,0,0,0,0,0,0
0,0,0,0,0,0,0,0,0,0,0,0,0,1,0,0,0,1,0,0,0,2,0,0,0,1,0,0,0,1,0,0,1,1,1,0,1,1,1,2,1,0,2,2,0,5,1,4,2,2,3,2,2,1,2,1,3,0,2,0,0,0,2,0,3,1,1,1,4,0,1,3,1,1,0,2,2,1,0,1,0,0,1,0,0,0,0,1,1,0,0,0,0,0,0,0,0,0,0,0,0,1,0,0,0,0,0,0,0,0,0,0,0,0,0,0,0,0,0,0,0,0,0,0,0,0,0,0,0,0,0,0,0,0,0,0,0,0,0,0,0,0,0,0,0,0,0,0,0,0,0,0,0,0,0,0,0,0,0,0,0,0,0,0,0,0,0,0,0,0,0,0,0,0,0,0,0,0,0,0,0,0,0,0,0,0,0,0,0,0,0,0,0,0,0,0,0,0,0,0
0,0,0,0,0,0,0,0,0,0,0,0,0,0,0,0,0,0,0,0,0,0,0,0,1,1,0,0,0,1,0,2,2,0,0,1,1,0,4,2,1,3,1,1,1,2,0,0,2,0,2,3,3,3,4,1,1,1,0,3,3,3,0,1,3,2,1,2,1,0,2,2,0,0,1,1,1,0,0,0,0,0,0,1,0,0,0,1,0,0,2,1,0,1,1,0,0,1,0,0,0,1,0,0,0,0,0,0,0,0,0,0,0,0,0,0,0,0,0,0,0,0,0,0,0,0,0,0,0,0,0,0,0,0,0,0,0,0,0,0,0,0,0,0,0,0,0,0,0,0,0,0,0,0,0,0,0,0,0,0,0,0,0,0,0,0,0,0,0,0,0,0,0,0,0,0,0,0,0,0,0,0,0,0,0,0,0,0,0,0,0,0,0,0,0,0,0,0,0,0
0,0,0,0,0,0,0,0,0,0,0,0,0,0,0,0,0,0,0,0,0,0,0,0,1,0,1,2,2,0,1,2,2,2,0,1,2,0,0,2,1,0,0,4,2,2,0,2,4,2,1,2,1,1,1,1,2,1,1,4,2,1,0,3,6,1,2,1,0,0,2,2,2,0,1,1,0,2,0,0,1,0,0,0,1,0,1,0,0,0,1,0,0,0,0,0,0,0,0,0,0,0,0,0,0,0,1,0,0,0,0,0,0,0,1,0,0,0,0,0,0,0,1,0,0,0,0,0,0,0,0,0,0,0,0,0,0,0,0,0,0,0,0,0,0,0,0,0,0,0,0,0,0,0,0,0,0,0,0,0,0,0,0,0,0,0,0,0,0,0,0,0,0,0,0,0,0,0,0,0,0,0,0,0,0,0,0,0,0,0,0,0,0,0,0,0,0,0,0,0
0,0,0,0,0,0,0,0,0,0,0,0,0,0,0,0,0,0,0,0,1,1,0,0,0,0,1,1,0,0,1,0,0,1,2,0,3,0,0,0,3,0,1,2,2,2,1,1,3,2,3,4,1,0,0,0,2,0,3,1,2,1,0,3,0,3,0,1,1,2,0,1,1,0,0,0,0,0,1,0,2,2,0,0,0,0,2,0,0,1,1,0,1,0,0,1,0,0,1,1,0,0,2,0,0,0,0,0,0,0,0,0,0,1,0,1,0,0,0,0,0,0,0,0,0,0,0,0,0,0,0,0,0,0,0,0,0,0,0,0,0,0,0,0,0,0,0,0,0,0,0,0,0,0,0,0,0,0,0,0,0,0,0,0,0,0,0,0,0,0,0,0,0,0,0,0,0,0,0,0,0,0,0,0,0,0,0,0,0,0,0,0,0,0,0,0,0,0,0,0
0,0,0,0,0,0,0,0,0,0,0,0,0,0,0,0,0,0,0,0,0,0,0,0,0,2,0,0,2,0,2,0,1,1,0,1,0,0,1,1,2,0,1,0,1,2,2,0,1,2,1,1,0,4,2,0,2,0,0,1,1,1,2,0,0,2,3,2,0,3,3,2,0,1,1,0,0,1,2,2,1,0,0,0,1,1,0,0,1,0,0,0,0,1,0,0,0,0,0,0,0,0,0,0,1,0,0,0,0,0,0,0,0,0,0,0,0,0,1,0,0,0,0,0,0,0,0,0,0,0,0,0,0,0,0,0,0,0,0,0,0,0,0,0,0,0,0,0,0,0,0,0,0,0,0,0,0,0,0,0,0,0,0,0,0,0,0,0,0,0,0,0,0,0,0,0,0,0,0,0,0,0,0,0,0,0,0,0,0,0,0,0,0,0,0,0,0,0,0,0
0,0,0,0,0,0,1,0,0,1,0,0,0,0,0,0,0,1,0,0,0,1,0,0,0,0,2,0,0,1,0,0,1,0,1,0,0,2,1,1,0,0,0,1,1,2,2,2,2,3,0,3,3,0,2,1,0,0,0,0,1,1,2,0,2,1,1,2,0,0,0,0,1,0,3,0,2,0,0,2,3,0,0,1,2,0,0,1,1,1,0,0,0,0,0,0,1,1,1,0,0,0,0,0,0,0,0,0,0,0,0,0,0,1,0,0,0,0,0,0,0,0,0,0,0,0,0,0,0,0,0,0,0,0,0,0,0,0,0,0,0,1,0,0,0,0,0,0,0,0,0,0,0,0,0,0,0,0,0,0,0,0,0,0,0,0,0,0,0,0,0,0,0,0,0,0,0,0,0,0,0,0,0,0,0,0,0,0,0,0,0,0,0,0,0,0,0,0,0,0
0,0,0,0,0,0,1,0,0,0,0,0,0,0,1,0,1,0,0,0,1,0,0,0,0,0,0,0,2,0,0,0,1,0,0,1,0,0,0,1,2,1,0,2,0,2,1,0,2,2,0,1,2,1,0,0,5,2,3,1,2,1,0,0,1,0,2,0,0,1,1,1,3,0,0,1,0,3,0,0,1,0,0,0,0,1,0,0,0,1,0,0,0,0,0,1,0,0,0,0,0,0,0,1,0,0,0,0,0,0,0,0,0,0,0,0,0,0,0,0,0,0,0,0,0,0,0,0,0,0,0,0,0,0,0,0,0,0,0,0,0,0,0,0,0,0,0,0,0,0,0,0,0,0,0,0,0,0,0,0,0,0,0,0,0,0,0,0,0,0,0,0,0,0,0,0,0,0,0,0,0,0,0,0,0,0,0,0,0,0,0,0,0,0,0,0,0,0,0,0
0,0,0,0,0,0,0,0,0,1,0,0,0,0,0,1,0,0,1,0,1,0,0,0,0,0,1,0,1,0,0,0,0,0,0,1,1,2,0,0,1,3,0,1,0,2,0,0,1,1,1,1,0,0,0,0,1,0,1,2,2,1,1,0,1,1,4,0,0,4,0,1,0,0,1,0,1,2,1,1,0,0,1,0,0,0,0,0,0,0,1,0,0,0,0,2,0,1,1,0,0,0,0,0,0,0,0,0,0,0,0,0,0,0,0,0,0,0,0,0,0,0,0,0,0,0,0,0,0,0,0,0,0,0,0,0,0,0,0,0,0,0,0,0,0,0,0,0,0,0,0,0,0,0,0,0,0,0,0,0,0,0,0,0,0,0,0,0,0,0,0,0,0,0,0,0,0,0,0,0,0,0,0,0,0,0,0,0,0,0,0,0,0,0,0,0,0,0,0,0
0,0,0,0,0,0,0,0,0,0,0,0,0,0,0,0,0,0,0,0,0,0,0,0,0,0,1,0,0,0,0,0,1,0,1,0,1,0,0,0,1,1,0,0,1,0,1,1,0,3,0,1,1,1,2,1,2,1,2,1,2,1,1,0,0,2,1,0,2,0,0,1,0,0,2,0,0,1,1,0,1,0,0,0,0,1,1,0,0,1,0,0,0,1,0,0,0,0,0,0,0,0,0,0,0,0,0,0,0,0,0,0,0,0,0,0,0,0,0,0,0,0,1,0,0,0,0,0,0,0,0,0,0,0,0,0,0,0,0,0,0,0,0,0,0,0,0,0,0,0,0,0,0,0,0,0,0,0,0,0,0,0,0,0,0,0,0,0,0,0,0,0,0,0,0,0,0,0,0,0,0,0,0,0,0,0,0,0,0,0,0,0,0,0,0,0,0,0,0,0
0,0,0,0,0,0,1,0,0,0,0,1,0,0,0,0,0,0,1,0,0,1,0,0,0,2,2,0,0,1,0,1,1,1,1,0,1,2,0,0,1,1,0,1,1,1,1,2,0,3,1,4,0,2,3,0,1,2,3,0,1,0,0,1,1,0,0,3,2,2,1,0,0,0,0,0,0,0,1,0,0,1,0,1,0,0,0,0,1,1,0,0,0,0,0,0,0,0,0,0,0,0,1,0,0,0,0,0,0,0,0,0,0,0,0,0,0,0,0,0,0,0,0,0,0,0,0,0,0,0,0,0,0,0,0,0,0,0,0,0,0,0,0,0,0,0,0,0,0,0,0,0,0,0,0,0,0,0,0,0,0,0,0,0,0,0,0,0,0,0,0,0,0,0,0,0,0,0,0,0,0,0,0,0,0,0,0,0,0,0,0,0,0,0,0,0,0,0,0,0
0,0,0,0,0,0,0,0,0,0,0,0,1,0,0,0,0,0,0,0,0,0,0,0,0,0,0,1,0,0,0,1,1,1,0,1,1,2,3,0,1,3,1,1,1,0,0,0,2,2,1,0,2,2,2,0,1,1,1,2,2,3,1,2,1,2,1,3,1,1,0,0,0,1,0,0,0,2,0,0,1,0,0,1,2,0,1,1,1,1,1,0,0,0,0,0,0,0,0,0,0,0,0,0,0,0,0,0,0,0,0,1,0,0,0,0,0,0,0,0,0,0,0,0,0,0,0,0,0,0,0,0,0,0,0,0,0,0,0,0,0,0,0,0,0,0,0,0,0,0,0,0,0,0,0,0,0,0,0,0,0,0,0,0,0,0,0,0,0,0,0,0,0,0,0,0,0,0,0,0,0,0,0,0,0,0,0,0,0,0,0,0,0,0,0,0,0,0,0,0
0,0,0,0,0,0,0,0,0,0,0,0,0,0,0,0,0,0,0,0,0,1,0,0,0,0,0,0,0,1,3,1,0,2,2,0,0,0,3,0,0,0,0,2,1,1,4,0,2,1,1,0,1,1,0,1,1,0,1,1,0,0,0,1,2,1,0,2,0,1,0,1,0,0,1,1,1,1,0,0,0,0,0,0,1,1,0,0,0,0,0,0,0,0,0,0,0,0,0,0,1,0,0,0,0,0,0,0,0,0,0,0,0,0,0,0,0,0,0,0,0,0,0,0,0,0,0,0,0,0,0,0,0,0,0,0,0,0,0,0,0,0,0,0,0,0,0,0,0,0,0,0,0,0,0,0,0,0,0,0,0,0,0,0,0,0,0,0,0,0,0,0,0,0,0,0,0,0,0,0,0,0,0,0,0,0,0,0,0,0,0,0,0,0,0,0,0,0,0,0
0,0,0,0,0,0,0,0,0,0,0,0,0,0,0,0,0,0,1,0,2,1,0,0,0,0,1,0,0,1,1,0,1,1,2,0,0,1,0,0,1,3,0,2,1,0,0,1,2,1,1,2,1,0,1,0,1,0,0,2,1,1,1,1,1,0,1,1,0,1,0,2,1,0,0,0,0,0,0,1,0,0,2,0,0,3,0,0,0,0,0,0,0,0,0,0,0,0,0,0,0,0,0,2,0,0,0,0,1,0,0,0,0,0,0,0,0,0,0,0,0,0,0,0,0,0,0,0,0,0,0,0,0,0,0,0,0,0,0,0,0,0,0,0,0,0,0,0,0,0,0,0,0,0,0,0,0,0,0,0,0,0,0,0,0,0,0,0,0,0,0,0,0,0,0,0,0,0,0,0,0,0,0,0,0,0,0,0,0,0,0,0,0,0,0,0,0,0,0,0
0,0,0,0,0,0,0,0,0,0,0,0,0,0,0,0,0,0,0,0,0,0,0,0,0,0,1,1,1,0,1,0,0,1,3,0,0,2,0,0,1,2,1,0,0,0,1,0,0,2,0,1,3,2,2,1,1,0,1,2,2,0,1,1,1,0,0,0,3,1,0,2,0,0,1,0,0,3,0,0,0,0,0,0,0,0,0,0,0,0,0,0,0,0,0,0,0,0,1,0,0,0,0,0,0,1,0,0,0,0,0,1,0,0,0,0,0,0,0,0,0,0,0,0,0,0,0,0,0,0,0,0,0,0,0,0,0,0,0,0,0,0,0,0,0,0,0,0,0,0,0,0,0,0,0,0,0,0,0,0,0,0,0,0,0,0,0,0,0,0,0,0,0,0,0,0,0,0,0,0,0,0,0,0,0,0,0,0,0,0,0,0,0,0,0,0,0,0,0,0
0,0,1,0,0,0,0,0,0,0,0,0,1,0,0,0,0,0,0,0,0,0,0,0,2,0,0,0,0,0,0,0,0,3,0,1,3,2,0,1,1,1,0,1,2,0,1,1,1,1,0,1,1,2,4,0,2,0,1,0,1,0,0,4,0,0,0,0,0,0,1,3,1,3,0,0,1,1,0,0,1,0,0,0,1,1,0,1,0,0,0,0,0,0,0,0,0,0,0,0,0,0,0,0,0,0,0,0,1,0,0,0,1,0,0,0,0,0,0,0,0,0,0,0,0,0,0,0,0,0,0,0,0,0,0,0,0,0,0,0,0,0,0,0,0,0,0,0,0,0,0,0,0,0,0,0,0,0,0,0,0,0,0,0,0,0,0,0,0,0,0,0,0,0,0,0,0,0,0,0,0,0,0,0,0,0,0,0,0,0,0,0,0,0,0,0,0,0,0,0
0,0,0,0,0,0,0,0,0,0,0,0,0,0,0,0,0,0,0,0,0,0,0,1,0,0,1,0,0,1,1,0,2,1,1,0,0,0,1,1,0,3,1,4,0,1,0,2,0,1,0,2,1,1,1,0,1,0,0,1,1,2,2,0,0,1,1,1,0,1,0,0,0,0,0,0,0,1,0,0,0,0,0,2,0,2,0,0,1,0,0,0,0,0,0,0,0,1,0,0,0,0,0,0,0,0,0,0,0,0,0,0,1,0,0,0,0,0,0,0,0,0,0,0,0,0,0,0,0,0,0,0,0,0,0,0,0,0,0,0,0,0,0,0,0,0,0,0,0,0,0,0,0,0,0,0,0,0,0,0,0,0,0,0,0,0,0,0,0,0,0,0,0,0,0,0,0,0,0,0,0,0,0,0,0,0,0,0,0,0,0,0,0,0,0,0,0,0,0,0
0,0,0,0,0,0,0,0,0,0,0,0,0,1,0,0,0,0,0,0,0,0,0,0,0,0,0,0,2,0,0,0,1,2,0,0,1,0,1,1,1,2,1,0,0,0,0,0,3,2,2,3,1,1,1,1,1,2,0,1,0,1,1,1,1,0,1,1,1,0,0,0,2,0,0,1,4,0,0,0,0,0,2,0,0,0,1,0,0,1,0,0,0,0,0,0,0,0,0,1,0,0,0,0,0,0,0,0,0,0,0,0,1,0,0,0,0,0,0,0,0,0,0,0,0,0,0,0,0,0,0,0,0,0,0,0,0,0,0,0,0,0,0,0,0,0,0,0,0,0,0,0,0,0,0,0,0,0,0,0,0,0,0,0,0,0,0,0,0,0,0,0,0,0,0,0,0,0,0,0,0,0,0,0,0,0,0,0,0,0,0,0,0,0,0,0,0,0,0,0
0,0,0,0,0,0,0,0,0,0,0,0,1,0,0,0,0,0,0,0,1,0,0,0,0,0,0,1,0,0,0,1,0,0,0,0,0,2,0,0,1,2,2,1,0,1,0,2,1,0,1,1,3,1,3,2,2,0,0,2,1,1,0,2,1,0,1,0,0,0,1,0,0,1,0,0,0,3,0,0,0,0,0,0,0,0,0,1,0,0,0,0,0,0,0,0,1,0,1,0,0,0,0,0,0,0,0,0,0,0,0,0,0,0,0,0,0,0,0,0,0,0,0,0,0,0,0,0,0,0,0,0,0,0,0,0,0,0,0,0,0,0,0,0,0,0,0,0,0,0,0,0,0,0,0,0,0,0,0,0,0,0,0,0,0,0,0,0,0,0,0,0,0,0,0,0,0,0,0,0,0,0,0,0,0,0,0,0,0,0,0,0,0,0,0,0,0,0,0,0
0,0,0,0,0,0,0,0,0,0,0,0,0,0,0,0,0,0,0,0,0,1,0,0,0,0,0,0,0,0,0,0,0,0,1,0,0,2,5,0,0,0,0,2,0,1,0,1,0,0,1,0,1,3,0,1,1,0,0,0,1,1,0,0,0,1,0,0,1,0,0,1,0,1,0,0,0,1,1,0,0,1,0,0,0,0,0,0,0,0,0,0,0,0,0,0,0,0,0,0,0,0,0,0,0,0,0,1,0,0,0,0,0,0,0,0,0,0,0,0,0,0,0,0,0,0,0,0,0,0,0,0,0,0,0,0,0,0,0,0,0,0,0,0,0,0,0,0,0,0,0,0,0,0,0,0,0,0,0,0,0,0,0,0,0,0,0,0,0,0,0,0,0,0,0,0,0,0,0,0,0,0,0,0,0,0,0,0,0,0,0,0,0,0,0,0,0,0,0,0
0,0,0,0,0,0,0,0,0,0,0,0,0,1,0,0,0,0,0,0,1,0,0,0,0,0,0,0,0,0,1,1,2,0,0,1,1,0,2,0,2,1,1,0,0,0,2,0,0,0,1,0,1,0,2,0,3,0,1,0,1,0,0,0,1,1,0,0,0,1,0,0,0,0,2,0,1,1,1,0,1,1,0,1,0,0,1,0,0,0,1,0,1,0,0,0,0,0,0,0,0,0,0,0,0,0,0,0,0,0,0,0,0,0,0,0,0,0,0,0,0,0,0,0,0,0,0,0,0,0,0,0,0,0,0,0,0,0,0,0,0,0,0,0,0,0,0,0,0,0,0,0,0,0,0,0,0,0,0,0,0,0,0,0,0,0,0,0,0,0,0,0,0,0,0,0,0,0,0,0,0,0,0,0,0,0,0,0,0,0,0,0,0,0,0,0,0,0,0,0
0,0,0,0,0,0,0,0,0,1,0,0,0,0,0,0,0,0,2,0,0,0,1,0,0,1,0,1,0,1,0,0,0,0,0,1,0,2,0,1,0,0,0,0,1,0,0,1,0,1,1,0,1,1,0,1,0,0,1,0,1,0,1,0,1,2,0,0,0,0,0,0,1,0,1,0,1,1,0,0,0,0,0,0,0,2,0,0,0,0,0,0,0,0,0,0,0,0,0,0,0,0,0,0,0,0,0,0,0,0,0,0,0,0,0,0,0,0,0,0,0,0,0,0,0,0,0,0,0,0,0,0,0,0,0,0,0,0,0,0,0,0,0,0,0,0,0,0,0,0,0,0,0,0,0,0,0,0,0,0,0,0,0,0,0,0,0,0,0,0,0,0,0,0,0,0,0,0,0,0,0,0,0,0,0,0,0,0,0,0,0,0,0,0,0,0,0,0,0,0
0,0,0,0,0,0,0,0,0,0,0,0,0,0,0,0,0,1,0,1,0,1,0,0,0,0,0,0,0,0,0,0,0,0,0,0,0,0,0,0,1,2,1,1,0,0,4,0,2,1,1,0,2,0,0,0,2,0,0,1,0,1,0,0,0,1,0,0,1,1,1,0,0,1,1,1,1,1,0,0,0,0,0,1,0,0,0,0,0,0,0,0,0,0,1,0,1,0,0,0,0,0,0,0,0,0,0,0,0,0,1,0,0,0,0,0,0,0,0,0,0,0,0,0,0,0,0,0,0,0,0,0,0,0,0,0,0,0,0,0,0,0,0,0,0,0,0,0,0,0,0,0,0,0,0,0,0,0,0,0,0,0,0,0,0,0,0,0,0,0,0,0,0,0,0,0,0,0,0,0,0,0,0,0,0,0,0,0,0,0,0,0,0,0,0,0,0,0,0,0
0,0,0,0,0,0,0,0,0,0,0,0,0,0,0,0,0,0,0,0,0,0,1,0,0,1,0,0,1,1,0,1,0,1,2,0,0,0,0,0,1,0,0,1,1,1,0,0,0,0,0,0,1,2,2,0,1,0,0,0,2,1,2,0,1,2,3,1,0,1,1,1,0,1,0,0,1,0,0,0,0,0,0,1,0,0,0,0,0,1,0,0,0,1,0,0,0,0,1,0,0,1,1,0,0,0,0,0,0,0,0,0,0,0,0,1,0,0,0,0,0,0,0,0,0,0,0,0,0,0,0,0,0,0,0,0,0,0,0,0,0,0,0,0,0,0,0,0,0,0,0,0,0,0,0,0,0,0,0,0,0,0,0,0,0,0,0,0,0,0,0,0,0,0,0,0,0,0,0,0,0,0,0,0,0,0,0,0,0,0,0,0,0,0,0,0,0,0,0,0
0,0,0,0,0,0,0,0,0,0,0,0,0,0,0,0,0,0,0,0,0,0,0,0,0,0,0,1,0,0,0,0,0,1,0,0,0,0,0,0,0,0,1,0,1,0,0,0,2,2,2,1,1,2,1,1,0,0,3,0,1,0,1,1,1,1,2,1,0,0,0,0,1,1,0,0,0,0,0,0,1,0,0,0,0,0,1,0,1,1,0,0,0,0,0,0,0,0,0,0,0,0,0,0,1,0,0,1,0,0,0,0,0,0,0,0,0,0,0,0,0,0,0,0,0,0,0,0,0,0,0,0,0,0,0,0,0,0,0,0,0,0,0,0,0,0,0,0,0,0,0,0,0,0,0,0,0,0,0,0,0,0,0,0,0,0,0,0,0,0,0,0,0,0,0,0,0,0,0,0,0,0,0,0,0,0,0,0,0,0,0,0,0,0,0,0,0,0,0,0
0,0,0,0,0,0,0,0,0,0,0,0,0,0,0,0,0,0,0,0,0,0,0,1,2,0,0,0,0,0,0,1,0,0,1,0,0,0,3,0,1,0,0,1,3,0,1,2,1,2,0,1,0,0,1,0,2,1,0,0,1,2,1,1,1,1,0,0,0,1,0,0,0,0,0,0,1,0,0,0,0,0,1,1,0,0,1,0,0,0,0,0,0,0,1,0,0,0,0,0,0,0,0,0,0,0,0,0,0,0,0,0,0,0,0,0,0,0,0,0,0,0,0,0,0,0,0,0,0,0,0,0,0,0,0,0,0,0,0,0,0,0,0,0,0,0,0,0,0,0,0,0,0,0,0,0,0,0,0,0,0,0,0,0,0,0,0,0,0,0,0,0,0,0,0,0,0,0,0,0,0,0,0,0,0,0,0,0,0,0,0,0,0,0,0,0,0,0,0,0
0,0,0,0,0,0,0,0,0,0,0,0,0,0,0,0,0,0,0,0,0,0,0,0,0,0,0,2,0,0,0,1,1,1,1,1,0,1,1,0,0,0,0,0,1,0,2,1,0,0,3,2,2,2,1,0,0,3,0,1,1,0,0,0,0,1,0,0,0,1,1,1,1,0,0,0,0,0,0,0,0,0,0,0,0,1,0,1,0,0,0,0,0,0,0,0,0,0,0,0,0,1,0,0,0,0,0,0,0,0,0,0,0,0,0,0,0,0,0,0,0,0,0,0,0,0,0,0,0,0,0,0,0,0,0,0,0,0,0,0,0,0,0,0,0,0,0,0,0,0,0,0,0,0,0,0,0,0,0,0,0,0,0,0,0,0,0,0,0,0,0,0,0,0,0,0,0,0,0,0,0,0,0,0,0,0,0,0,0,0,0,0,0,0,0,0,0,0,0,0
0,0,0,0,0,0,0,0,0,0,0,0,0,0,0,0,0,0,0,0,0,0,0,0,1,0,0,1,0,0,0,0,1,0,1,0,0,0,0,2,0,0,0,0,1,1,1,0,1,0,0,1,2,0,0,1,1,3,1,0,1,1,0,0,0,0,0,0,1,1,0,1,0,1,1,0,0,0,1,2,0,0,0,1,0,2,0,0,0,0,1,0,0,0,1,1,0,0,0,0,0,0,1,0,0,0,0,0,0,0,0,0,0,0,0,0,0,0,0,0,0,0,0,0,0,0,0,0,0,0,0,0,0,0,0,0,0,0,0,0,0,0,0,0,0,0,0,0,0,0,0,0,0,0,0,0,0,0,0,0,0,0,0,0,0,0,0,0,0,0,0,0,0,0,0,0,0,0,0,0,0,0,0,0,0,0,0,0,0,0,0,0,0,0,0,0,0,0,0,0
0,0,0,0,0,0,0,0,0,0,0,0,0,0,0,0,1,0,0,0,0,0,0,0,1,0,0,0,0,0,2,0,1,0,0,1,0,0,0,0,0,2,1,0,0,0,0,0,0,1,1,1,1,1,2,0,1,0,0,0,0,1,3,0,1,1,1,1,1,1,0,0,0,1,0,0,0,1,1,0,0,0,1,0,0,0,0,0,0,1,0,0,0,0,0,0,1,0,0,0,0,0,0,0,0,0,0,0,0,0,1,0,0,0,0,0,0,0,0,0,0,0,0,0,0,0,0,0,0,0,0,0,0,0,0,0,0,0,0,0,0,0,0,0,0,0,0,0,0,0,0,0,0,0,0,0,0,0,0,0,0,0,0,0,0,0,0,0,0,0,0,0,0,0,0,0,0,0,0,0,0,0,0,0,0,0,0,0,0,0,0,0,0,0,0,0,0,0,0,0
0,0,0,0,0,0,0,0,0,0,0,0,0,0,0,0,0,0,0,0,0,0,0,0,0,0,0,0,1,0,0,0,1,0,1,1,0,1,0,0,0,1,0,0,0,2,0,0,0,0,1,0,2,2,3,0,1,2,0,1,1,1,1,0,0,1,0,1,0,0,0,1,1,0,0,1,1,0,1,0,0,1,0,0,0,0,0,0,2,0,0,0,0,0,0,0,0,0,0,0,0,0,0,0,0,0,0,0,0,0,0,0,0,0,0,1,0,0,0,0,0,0,0,0,0,0,0,0,0,0,0,0,0,0,0,0,0,0,0,0,0,0,0,0,0,0,0,0,0,0,0,0,0,0,0,0,0,0,0,0,0,0,0,0,0,0,0,0,0,0,0,0,0,0,0,0,0,0,0,0,0,0,0,0,0,0,0,0,0,0,0,0,0,0,0,0,0,0,0,0
0,0,0,0,0,0,0,0,0,0,0,0,0,0,0,0,0,0,0,0,0,0,0,0,0,0,0,0,0,0,0,0,0,0,0,0,0,0,2,0,0,0,0,0,1,2,1,1,0,1,1,3,1,0,0,0,1,1,0,1,1,0,0,1,0,0,2,0,0,0,0,1,1,0,0,0,0,0,2,0,1,0,1,0,0,0,0,0,0,0,0,0,0,0,0,0,0,0,0,0,0,0,0,0,0,0,0,0,0,0,0,0,0,0,0,0,0,0,0,0,0,0,0,0,0,0,0,0,0,0,0,0,0,0,0,0,0,0,0,0,0,0,0,0,0,0,0,0,0,0,0,0,0,0,0,0,0,0,0,0,0,0,0,0,0,0,0,0,0,0,0,0,0,0,0,0,0,0,0,0,0,0,0,0,0,0,0,0,0,0,0,0,0,0,0,0,0,0,0,0
0,0,0,0,0,0,0,0,0,0,0,0,0,0,0,0,0,0,0,0,1,0,0,0,0,0,0,0,0,0,0,1,0,0,0,0,0,1,0,1,1,1,0,0,1,0,0,3,0,0,1,0,1,1,0,0,1,2,2,1,1,0,0,0,0,1,0,0,1,0,1,0,0,1,0,0,0,0,0,0,0,1,0,0,0,1,0,0,0,1,0,0,0,0,0,0,0,0,0,0,0,0,0,0,1,0,0,0,0,0,0,0,0,0,0,0,0,0,0,0,0,0,0,0,0,0,0,0,0,0,0,0,0,0,0,0,0,0,0,0,0,0,0,0,0,0,0,0,0,0,0,0,0,0,0,0,0,0,0,0,0,0,0,0,0,0,0,0,0,0,0,0,0,0,0,0,0,0,0,0,0,0,0,0,0,0,0,0,0,0,0,0,0,0,0,0,0,0,0,0
0,0,0,0,0,0,0,0,0,0,0,0,0,0,0,0,0,0,0,0,0,0,0,0,0,0,0,1,0,1,0,0,0,0,1,0,0,0,1,1,1,1,0,0,2,1,1,0,1,1,2,1,0,2,0,1,1,0,1,0,0,1,1,0,0,1,0,0,0,0,0,1,0,0,0,1,0,0,0,0,0,0,0,0,0,0,0,0,0,0,0,1,0,0,0,0,0,0,0,0,0,0,0,0,0,0,0,0,0,0,0,0,0,0,0,0,0,0,0,0,0,0,0,0,0,0,0,0,0,0,0,0,0,0,0,0,0,0,0,0,0,0,0,0,0,0,0,0,0,0,0,0,0,0,0,0,0,0,0,0,0,0,0,0,0,0,0,0,0,0,0,0,0,0,0,0,0,0,0,0,0,0,0,0,0,0,0,0,0,0,0,0,0,0,0,0,0,0,0,0
0,0,0,0,0,0,0,0,0,0,0,1,0,0,0,0,0,0,0,0,0,0,0,0,0,0,1,1,0,1,0,0,0,0,0,0,0,1,0,1,0,1,0,0,1,0,1,0,3,0,1,0,2,1,0,0,1,1,0,0,0,0,1,0,0,0,1,1,1,1,2,0,0,0,0,0,0,0,0,1,1,0,0,1,0,0,0,0,0,0,0,0,0,0,0,0,0,0,0,0,0,0,0,0,0,0,0,0,0,0,0,0,0,0,0,0,0,0,0,0,0,0,0,0,0,0,0,0,0,0,0,0,0,0,0,0,0,0,0,0,0,0,0,0,0,0,0,0,0,0,0,0,0,0,0,0,0,0,0,0,0,0,0,0,0,0,0,0,0,0,0,0,0,0,0,0,0,0,0,0,0,0,0,0,0,0,0,0,0,0,0,0,0,0,0,0,0,0,0,0
0,0,0,0,0,0,0,0,0,0,0,0,0,0,0,0,0,1,0,0,0,0,0,0,0,1,0,1,0,0,0,1,0,1,0,0,0,1,0,1,0,0,0,0,1,3,1,1,1,0,0,0,1,1,2,1,1,0,1,1,1,0,2,0,1,0,0,0,0,0,0,0,1,1,1,0,0,0,0,0,0,1,1,0,0,1,0,0,0,0,0,0,0,0,0,0,0,1,0,0,0,0,0,0,0,0,0,0,0,0,0,0,0,0,0,0,0,0,0,0,0,0,0,0,0,0,0,0,0,0,0,0,0,0,0,0,0,0,0,0,0,0,0,0,0,0,0,0,0,0,0,0,0,0,0,0,0,0,0,0,0,0,0,0,0,0,0,0,0,0,0,0,0,0,0,0,0,0,0,0,0,0,0,0,0,0,0,0,0,0,0,0,0,0,0,0,0,0,0,0
0,0,0,0,0,0,0,0,0,0,0,0,0,0,0,0,0,0,0,0,0,0,0,0,0,0,0,0,0,0,0,1,1,0,1,1,0,0,0,0,0,0,0,1,1,2,0,3,0,0,0,0,1,0,1,1,1,0,0,1,1,0,0,0,1,0,1,1,0,0,0,0,0,0,0,0,1,0,0,0,0,0,0,0,0,0,0,0,0,2,0,0,0,0,0,0,0,0,0,0,0,0,0,0,0,0,0,0,0,0,0,0,0,0,0,0,0,0,0,0,0,0,0,0,0,0,0,0,0,0,0,0,0,0,0,0,0,0,0,0,0,0,0,0,0,0,0,0,0,0,0,0,0,0,0,0,0,0,0,0,0,0,0,0,0,0,0,0,0,0,0,0,0,0,0,0,0,0,0,0,0,0,0,0,0,0,0,0,0,0,0,0,0,0,0,0,0,0,0,0
0,0,0,0,0,0,0,0,0,0,0,0,0,0,0,0,0,0,0,0,0,0,1,0,0,1,0,0,0,0,0,2,0,1,1,1,2,0,0,2,0,0,0,1,1,1,0,1,2,1,0,0,0,0,1,0,0,1,1,0,2,0,2,0,0,1,0,1,0,1,0,1,0,0,1,0,0,0,0,0,0,0,0,0,0,0,0,0,0,0,0,0,0,0,0,0,0,0,0,0,0,0,0,0,0,0,0,0,0,0,0,0,0,0,0,0,0,0,0,0,0,0,0,0,0,0,0,0,0,0,0,0,0,0,0,0,0,0,0,0,0,0,0,0,0,0,0,0,0,0,0,0,0,0,0,0,0,0,0,0,0,0,0,0,0,0,0,0,0,0,0,0,0,0,0,0,0,0,0,0,0,0,0,0,0,0,0,0,0,0,0,0,0,0,0,0,0,0,0,0
0,0,0,0,0,0,0,0,0,0,0,0,0,0,0,0,1,0,0,0,0,0,0,0,0,1,0,0,0,0,1,0,0,0,0,0,1,0,1,0,0,3,1,0,0,1,0,1,0,0,0,1,0,2,0,0,0,0,0,0,0,1,0,0,1,0,0,1,0,0,0,0,1,1,1,0,0,0,0,0,0,0,1,0,0,0,0,0,0,0,0,0,0,0,0,0,0,0,0,0,0,0,0,0,0,0,0,0,0,0,0,0,0,0,0,0,0,0,0,0,0,1,0,0,0,0,0,0,0,0,0,0,0,0,0,0,0,0,0,0,0,0,0,0,0,0,0,0,0,0,0,0,0,0,0,0,0,0,0,0,0,0,0,0,0,0,0,0,0,0,0,0,0,0,0,0,0,0,0,0,0,0,0,0,0,0,0,0,0,0,0,0,0,0,0,0,0,0,0,0
0,0,0,0,0,0,0,0,0,0,0,0,0,0,0,0,1,0,0,0,0,0,0,0,0,1,0,1,1,0,0,0,0,0,0,0,2,1,0,0,1,0,0,0,0,2,0,1,0,1,0,0,0,0,1,0,0,0,0,2,1,1,1,0,1,0,0,0,0,1,0,0,0,0,0,0,0,0,0,0,1,0,0,0,0,0,0,0,0,0,0,0,0,0,0,0,1,0,0,0,0,0,0,0,0,0,0,0,0,0,0,0,0,0,0,0,0,0,0,0,0,0,0,0,0,0,0,0,0,0,0,0,0,0,0,0,0,0,0,0,0,0,0,0,0,0,0,0,0,0,0,0,0,0,0,0,0,0,0,0,0,0,0,0,0,0,0,0,0,0,0,0,0,0,0,0,0,0,0,0,0,0,0,0,0,0,0,0,0,0,0,0,0,0,0,0,0,0,0,0
0,0,0,0,0,0,0,0,0,0,0,0,0,0,0,0,0,0,0,0,0,0,0,0,0,0,0,0,0,0,0,0,2,1,0,0,1,0,0,0,1,0,1,0,1,0,0,0,1,2,0,1,2,2,1,0,1,1,0,1,0,0,1,0,0,0,1,0,1,0,0,0,0,1,0,0,0,0,1,1,0,0,0,0,0,0,0,1,0,0,0,0,0,0,0,1,1,0,0,0,0,0,0,0,0,0,0,0,0,0,0,0,0,0,0,0,0,0,0,0,0,0,0,0,0,0,0,0,0,0,0,0,0,0,0,0,0,0,0,0,0,0,0,0,0,0,0,0,0,0,0,0,0,0,0,0,0,0,0,0,0,0,0,0,0,0,0,0,0,0,0,0,0,0,0,0,0,0,0,0,0,0,0,0,0,0,0,0,0,0,0,0,0,0,0,0,0,0,0,0
0,0,0,0,0,0,0,0,0,0,0,0,0,0,0,0,0,0,0,0,0,0,0,0,0,0,0,0,0,1,0,0,0,0,0,0,1,0,0,0,2,0,2,0,0,0,0,0,0,0,0,2,1,0,0,0,1,3,1,0,1,0,0,0,0,1,0,0,0,0,1,0,2,1,0,1,0,0,0,0,0,0,0,1,0,0,0,0,0,0,0,0,0,0,0,0,0,0,0,0,0,0,0,0,0,0,0,0,0,0,0,0,0,0,0,0,0,1,0,0,0,0,0,0,0,0,0,0,0,0,0,0,0,0,0,0,0,0,0,0,0,0,0,0,0,0,0,0,0,0,0,0,0,0,0,0,0,0,0,0,0,0,0,0,0,0,0,0,0,0,0,0,0,0,0,0,0,0,0,0,0,0,0,0,0,0,0,0,0,0,0,0,0,0,0,0,0,0,0,0
0,0,0,0,0,0,0,0,0,0,0,0,0,0,0,0,0,0,0,0,0,0,1,0,0,0,1,0,0,0,0,0,0,0,0,0,0,0,1,0,1,0,0,1,1,1,0,2,0,0,1,0,0,0,2,0,0,0,1,1,0,0,1,0,0,0,0,1,0,0,1,0,0,0,0,0,0,0,0,0,0,0,0,0,1,0,0,0,0,0,1,0,1,0,0,0,0,0,0,0,0,0,0,0,0,0,0,0,0,0,0,0,0,0,0,0,0,0,0,0,0,0,0,0,0,0,0,0,0,0,0,0,0,0,0,0,0,0,0,0,0,0,0,0,0,0,0,0,0,0,0,0,0,0,0,0,0,0,0,0,0,0,0,0,0,0,0,0,0,0,0,0,0,0,0,0,0,0,0,0,0,0,0,0,0,0,0,0,0,0,0,0,0,0,0,0,0,0,0,0
0,0,0,0,0,0,0,0,0,0,0,0,0,0,0,0,0,0,0,0,1,0,1,0,0,1,0,0,0,1,0,0,0,0,0,0,0,0,0,1,1,0,0,0,1,1,0,0,1,0,1,2,0,0,0,1,0,1,1,0,0,0,1,0,1,0,1,1,1,1,0,0,0,2,1,0,0,0,0,0,0,0,0,0,0,0,0,0,0,0,0,0,0,0,0,0,0,0,0,0,0,0,0,0,0,0,0,0,0,0,0,0,0,0,0,0,0,0,0,0,0,0,0,0,0,0,0,0,0,0,0,0,0,0,0,0,0,0,0,0,0,0,0,0,0,0,0,0,0,0,0,0,0,0,0,0,0,0,0,0,0,0,0,0,0,0,0,0,0,0,0,0,0,0,0,0,0,0,0,0,0,0,0,0,0,0,0,0,0,0,0,0,0,0,0,0,0,0,0,0
0,0,0,0,0,0,0,0,0,0,0,0,0,0,0,0,0,0,0,0,0,0,0,0,0,0,0,0,1,0,2,0,0,0,0,1,0,1,0,0,0,0,1,0,0,1,1,2,0,0,1,1,0,0,0,1,0,1,0,2,0,1,0,1,0,0,0,0,0,0,0,1,0,0,1,0,0,0,0,0,0,1,0,0,0,0,0,0,0,0,0,0,0,0,0,0,0,0,0,0,0,0,0,0,0,0,0,0,0,0,0,0,0,0,0,0,0,0,0,0,0,0,0,0,0,0,0,0,0,0,0,0,0,0,0,0,0,0,0,0,0,0,0,0,0,0,0,0,0,0,0,0,0,0,0,0,0,0,0,0,0,0,0,0,0,0,0,0,0,0,0,0,0,0,0,0,0,0,0,0,0,0,0,0,0,0,0,0,0,0,0,0,0,0,0,0,0,0,0,0
0,0,0,0,0,0,0,0,0,0,0,0,0,0,0,0,0,0,0,0,0,0,0,0,0,0,0,0,0,0,0,0,0,0,0,1,1,0,0,0,0,0,0,0,0,0,0,1,0,0,0,1,1,0,0,0,1,0,0,1,0,0,0,0,0,0,0,1,0,0,0,0,0,0,1,0,0,0,0,0,0,0,0,0,0,0,0,0,0,0,0,0,0,0,0,0,0,0,0,1,0,0,0,0,0,0,0,0,0,0,0,0,0,0,0,0,0,0,0,0,0,0,0,0,0,0,0,0,0,0,0,0,0,0,0,0,0,0,0,0,0,0,0,0,0,0,0,0,0,0,0,0,0,0,0,0,0,0,0,0,0,0,0,0,0,0,0,0,0,0,0,0,0,0,0,0,0,0,0,0,0,0,0,0,0,0,0,0,0,0,0,0,0,0,0,0,0,0,0,0
0,0,0,1,0,0,0,0,0,0,0,0,0,0,0,0,0,0,0,0,0,0,0,0,0,0,0,0,0,0,1,0,0,0,0,0,0,1,1,0,1,0,2,0,1,0,0,0,0,2,0,0,0,0,0,1,0,0,0,0,1,1,1,1,0,1,0,1,0,1,0,0,0,1,0,1,0,0,0,0,0,0,0,0,0,0,0,0,0,0,0,0,0,0,0,0,0,0,0,0,0,0,0,0,0,0,0,0,0,0,0,0,0,0,0,0,0,0,0,0,0,0,0,0,0,0,0,0,0,0,0,0,0,0,0,0,0,0,0,0,0,0,0,0,0,0,0,0,0,0,0,0,0,0,0,0,0,0,0,0,0,0,0,0,0,0,0,0,0,0,0,0,0,0,0,0,0,0,0,0,0,0,0,0,0,0,0,0,0,0,0,0,0,0,0,0,0,0,0,0
0,0,0,0,0,0,0,0,0,0,0,0,0,0,0,0,0,0,0,0,0,0,0,0,0,0,0,0,1,0,0,0,0,0,0,0,0,1,0,1,0,0,0,0,2,0,1,1,0,0,0,0,1,1,0,0,0,0,0,0,0,0,1,1,0,0,1,0,0,1,0,0,1,0,0,0,0,0,0,0,0,0,1,0,0,0,0,0,0,0,0,0,0,0,0,0,0,0,0,0,0,0,0,0,0,0,0,0,0,0,0,0,0,0,0,0,0,0,0,0,0,0,0,0,0,0,0,0,0,0,0,0,0,0,0,0,0,0,0,0,0,0,0,0,0,0,0,0,0,0,0,0,0,0,0,0,0,0,0,0,0,0,0,0,0,0,0,0,0,0,0,0,0,0,0,0,0,0,0,0,0,0,0,0,0,0,0,0,0,0,0,0,0,0,0,0,0,0,0,0
0,0,0,0,0,0,0,0,0,0,0,0,0,0,0,0,0,1,0,0,0,0,0,0,0,0,0,0,1,0,0,0,0,0,0,0,0,0,0,0,0,0,0,0,1,0,1,1,0,0,0,0,0,1,1,1,0,0,1,1,0,0,1,0,1,0,0,2,0,0,0,0,0,0,0,0,0,0,0,0,0,0,0,0,0,0,0,0,1,0,0,0,0,0,0,0,0,0,0,0,0,0,0,0,0,0,0,0,0,0,0,0,0,0,0,0,0,0,0,0,0,0,0,0,0,0,0,0,0,0,0,0,0,0,0,0,0,0,0,0,0,0,0,0,0,0,0,0,0,0,0,0,0,0,0,0,0,0,0,0,0,0,0,0,0,0,0,0,0,0,0,0,0,0,0,0,0,0,0,0,0,0,0,0,0,0,0,0,0,0,0,0,0,0,0,0,0,0,0,0
0,0,0,0,0,0,0,0,0,0,0,0,0,0,0,0,0,0,1,0,0,0,0,0,0,0,0,0,0,0,0,0,0,0,0,0,1,1,1,0,2,0,0,1,0,0,0,0,0,0,1,0,0,0,0,0,0,0,0,0,1,0,1,0,0,0,0,0,1,0,0,0,0,0,1,0,0,0,0,0,0,0,0,0,0,0,0,0,0,0,1,0,0,0,0,0,0,0,0,0,0,0,0,0,0,0,0,0,0,0,0,0,0,0,0,0,0,0,0,0,0,0,0,0,0,0,0,0,0,0,0,0,0,0,0,0,0,0,0,0,0,0,0,0,0,0,0,0,0,0,0,0,0,0,0,0,0,0,0,0,0,0,0,0,0,0,0,0,0,0,0,0,0,0,0,0,0,0,0,0,0,0,0,0,0,0,0,0,0,0,0,0,0,0,0,0,0,0,0,0
0,0,0,0,0,0,0,0,0,0,0,0,0,0,0,0,0,0,0,0,0,0,0,0,0,0,1,0,0,0,0,0,0,0,0,0,0,0,0,0,0,0,0,1,0,0,0,0,1,0,0,0,1,0,1,1,0,1,1,0,0,1,0,0,0,0,0,1,0,0,0,0,0,0,0,0,0,0,0,1,0,1,0,0,0,0,0,0,0,0,0,0,0,0,0,1,0,0,0,0,0,0,0,0,0,0,0,0,0,0,0,0,0,0,0,0,0,0,0,0,0,0,0,0,0,0,0,0,0,0,0,0,0,0,0,0,0,0,0,0,0,0,0,0,0,0,0,0,0,0,0,0,0,0,0,0,0,0,0,0,0,0,0,0,0,0,0,0,0,0,0,0,0,0,0,0,0,0,0,0,0,0,0,0,0,0,0,0,0,0,0,0,0,0,0,0,0,0,0,0
0,0,0,0,0,0,0,0,0,0,0,0,0,0,0,0,0,0,0,0,0,0,0,0,0,0,0,0,0,0,0,0,0,0,0,1,0,0,0,0,0,2,0,2,0,1,1,0,2,3,0,0,0,1,0,0,0,1,1,0,0,0,1,0,0,1,0,1,1,0,0,1,0,0,0,0,0,0,0,0,0,0,0,0,0,0,0,0,0,0,0,0,0,0,0,0,0,0,0,0,0,0,0,0,0,0,0,0,0,0,0,0,0,0,0,0,0,0,0,0,0,0,0,0,0,0,0,0,0,0,0,0,0,0,0,0,0,0,0,0,0,0,0,0,0,0,0,0,0,0,0,0,0,0,0,0,0,0,0,0,0,0,0,0,0,0,0,0,0,0,0,0,0,0,0,0,0,0,0,0,0,0,0,0,0,0,0,0,0,0,0,0,0,0,0,0,0,0,0,0
0,0,0,0,0,0,0,0,0,0,0,0,0,0,0,0,0,0,0,0,0,0,1,0,0,0,0,0,0,0,0,1,0,0,0,0,0,0,0,0,0,0,0,0,0,0,0,0,0,1,0,0,0,0,0,0,0,0,0,0,0,2,0,0,1,0,0,1,0,0,0,0,0,0,0,0,0,0,0,0,0,0,0,0,0,0,0,0,0,0,0,0,0,0,0,0,0,0,0,0,0,0,1,0,0,0,0,0,0,0,0,0,0,0,0,0,0,0,0,0,0,0,0,0,0,0,0,0,0,0,0,0,0,0,0,0,0,0,0,0,0,0,0,0,0,0,0,0,0,0,0,0,0,0,0,0,0,0,0,0,0,0,0,0,0,0,0,0,0,0,0,0,0,0,0,0,0,0,0,0,0,0,0,0,0,0,0,0,0,0,0,0,0,0,0,0,0,0,0,0
0,0,0,0,0,0,0,0,0,0,0,0,0,0,0,0,0,0,0,0,0,0,0,0,0,0,0,0,0,0,0,0,1,0,0,1,0,0,0,1,0,0,1,1,0,2,0,1,1,1,0,1,0,0,0,0,0,0,0,0,0,0,0,0,0,0,0,0,0,1,0,0,0,0,0,0,0,0,0,0,1,0,0,0,0,1,0,0,0,0,0,0,0,0,0,0,0,0,0,0,0,0,0,0,0,0,0,0,0,0,0,0,0,0,0,0,0,0,0,0,0,0,0,0,0,0,0,0,0,0,0,0,0,0,0,0,0,0,0,0,0,0,0,0,0,0,0,0,0,0,0,0,0,0,0,0,0,0,0,0,0,0,0,0,0,0,0,0,0,0,0,0,0,0,0,0,0,0,0,0,0,0,0,0,0,0,0,0,0,0,0,0,0,0,0,0,0,0,0,0
0,0,0,0,0,0,0,0,0,0,0,0,0,0,0,0,0,0,0,0,0,0,0,0,0,0,0,0,0,0,0,0,1,0,0,0,0,0,1,0,2,1,0,0,1,1,0,0,0,1,0,0,0,0,1,0,0,0,0,0,0,0,0,1,0,1,0,0,0,0,0,0,1,0,0,0,0,0,0,0,0,0,0,0,0,0,0,0,0,1,0,0,0,0,0,0,0,0,0,0,0,0,0,0,0,0,0,0,0,0,0,0,0,0,0,0,0,0,0,0,0,0,0,0,0,0,0,0,0,0,0,0,0,0,0,0,0,0,0,0,0,0,0,0,0,0,0,0,0,0,0,0,0,0,0,0,0,0,0,0,0,0,0,0,0,0,0,0,0,0,0,0,0,0,0,0,0,0,0,0,0,0,0,0,0,0,0,0,0,0,0,0,0,0,0,0,0,0,0,0
0,0,0,0,0,0,0,0,0,0,0,0,0,0,0,0,0,0,0,0,0,0,0,1,0,0,1,1,0,0,1,0,0,0,1,0,1,0,0,0,0,0,0,0,1,0,0,0,0,0,1,1,0,0,1,0,0,0,0,0,0,0,0,0,2,0,0,0,0,0,0,0,0,0,0,0,0,0,0,1,1,0,0,1,1,0,0,0,0,0,0,0,0,0,0,0,0,0,0,0,0,0,0,0,0,0,0,0,0,0,0,0,0,0,0,0,0,0,0,0,0,0,0,0,0,0,0,0,0,0,0,0,0,0,0,0,0,0,0,0,0,0,0,0,0,0,0,0,0,0,0,0,0,0,0,0,0,0,0,0,0,0,0,0,0,0,0,0,0,0,0,0,0,0,0,0,0,0,0,0,0,0,0,0,0,0,0,0,0,0,0,0,0,0,0,0,0,0,0,0
0,0,0,1,0,0,0,0,0,0,0,0,0,0,0,0,0,0,0,0,0,0,0,0,0,0,0,0,0,0,0,0,0,0,0,0,0,0,0,0,2,1,0,0,0,0,0,1,0,0,0,0,1,0,0,1,0,0,1,0,0,0,0,0,0,0,0,1,0,0,0,0,0,0,0,0,0,0,0,0,0,0,0,0,0,0,0,0,0,0,0,0,0,0,0,0,0,0,0,0,0,0,0,0,0,0,0,0,0,0,0,0,0,0,0,0,0,0,0,0,0,0,0,0,0,0,0,0,0,0,0,0,0,0,0,0,0,0,0,0,0,0,0,0,0,0,0,0,0,0,0,0,0,0,0,0,0,0,0,0,0,0,0,0,0,0,0,0,0,0,0,0,0,0,0,0,0,0,0,0,0,0,0,0,0,0,0,0,0,0,0,0,0,0,0,0,0,0,0,0
0,0,0,0,0,0,0,0,0,0,0,0,0,0,0,0,0,0,0,0,1,0,0,0,0,0,0,0,0,1,0,1,0,2,0,0,1,1,0,1,0,0,0,0,0,0,0,0,0,1,0,0,0,0,0,0,0,0,0,1,0,1,0,1,1,1,1,0,0,0,1,0,0,0,0,0,0,0,0,0,0,0,0,0,1,0,0,0,0,0,0,0,0,0,0,0,0,0,0,1,0,0,0,0,0,0,0,0,0,0,0,0,0,0,0,0,0,0,0,0,0,0,0,0,0,0,0,0,0,0,0,0,0,0,0,0,0,0,0,0,0,0,0,0,0,0,0,0,0,0,0,0,0,0,0,0,0,0,0,0,0,0,0,0,0,0,0,0,0,0,0,0,0,0,0,0,0,0,0,0,0,0,0,0,0,0,0,0,0,0,0,0,0,0,0,0,0,0,0,0
0,0,0,0,0,0,0,0,0,0,0,0,0,0,0,0,0,0,0,0,0,0,0,0,0,0,0,0,0,0,0,0,0,0,0,0,0,0,0,0,0,0,1,0,1,0,0,2,0,0,1,1,0,0,0,0,0,0,0,0,0,0,0,0,0,0,0,0,1,1,0,0,0,0,1,0,0,0,0,0,0,0,0,0,0,0,1,0,0,0,1,0,0,0,0,1,0,0,0,0,0,0,0,0,0,0,0,0,1,0,0,0,0,0,0,0,0,0,0,0,0,0,0,0,0,0,0,0,0,0,0,0,0,0,0,0,0,0,0,0,0,0,0,0,0,0,0,0,0,0,0,0,0,0,0,0,0,0,0,0,0,0,0,0,0,0,0,0,0,0,0,0,0,0,0,0,0,0,0,0,0,0,0,0,0,0,0,0,0,0,0,0,0,0,0,0,0,0,0,0
0,0,0,0,0,0,0,0,0,1,0,0,0,0,0,0,0,0,0,0,0,0,0,0,1,0,0,0,0,0,0,0,0,0,0,1,1,0,0,0,0,0,0,0,1,0,0,1,0,1,0,2,0,1,0,0,1,0,0,0,0,0,0,0,0,0,0,0,1,0,0,0,0,1,0,0,0,0,0,0,0,0,0,0,1,0,0,0,0,0,0,0,0,0,0,0,0,0,0,0,0,0,0,0,0,0,1,0,0,0,0,0,0,0,0,0,0,0,0,0,0,0,0,0,0,0,0,0,0,0,0,0,0,0,0,0,0,0,0,0,0,0,0,0,0,0,0,0,0,0,0,0,0,0,0,0,0,0,0,0,0,0,0,0,0,0,0,0,0,0,0,0,0,0,0,0,0,0,0,0,0,0,0,0,0,0,0,0,0,0,0,0,0,0,0,0,0,0,0,0
0,0,0,0,0,0,0,0,0,0,0,0,0,0,0,0,0,0,0,0,0,0,1,0,0,0,0,0,0,0,0,1,1,0,0,0,1,0,1,0,1,2,0,0,0,0,0,0,0,0,0,0,0,0,0,0,1,0,1,0,2,0,0,1,0,1,0,0,0,1,0,0,0,0,0,0,0,0,1,0,0,0,0,0,0,0,0,0,0,0,0,0,0,0,0,0,0,0,0,0,0,0,0,0,0,0,0,0,0,0,0,0,0,0,0,0,0,0,0,0,0,0,0,0,0,0,0,0,0,0,0,0,0,0,0,0,0,0,0,0,0,0,0,0,0,0,0,0,0,0,0,0,0,0,0,0,0,0,0,0,0,0,0,0,0,0,0,0,0,0,0,0,0,0,0,0,0,0,0,0,0,0,0,0,0,0,0,0,0,0,0,0,0,0,0,0,0,0,0,0
0,0,0,0,0,0,0,0,0,0,0,0,0,0,0,0,0,0,0,0,0,0,0,0,0,0,0,0,0,0,0,0,1,0,0,0,0,0,0,0,0,0,0,0,0,1,0,0,0,0,0,0,0,1,0,0,0,0,0,0,0,0,0,0,1,0,1,0,0,0,0,0,0,0,0,0,0,0,0,0,0,0,0,0,0,0,0,0,0,0,0,0,0,0,0,0,0,0,0,1,0,0,0,0,0,0,0,0,0,0,0,0,0,0,0,0,0,0,0,0,0,0,0,0,0,0,0,0,0,0,0,0,0,0,0,0,0,0,0,0,0,0,0,0,0,0,0,0,0,0,0,0,0,0,0,0,0,0,0,0,0,0,0,0,0,0,0,0,0,0,0,0,0,0,0,0,0,0,0,0,0,0,0,0,0,0,0,0,0,0,0,0,0,0,0,0,0,0,0,0
0,0,0,0,0,0,0,0,0,0,0,0,0,0,0,0,0,0,0,0,0,0,0,0,1,0,0,0,1,1,0,0,0,0,2,0,0,0,0,0,0,0,0,0,0,1,0,0,0,0,0,0,1,0,1,0,0,0,0,1,0,1,0,0,0,0,0,0,0,0,1,0,0,0,0,0,0,0,0,0,0,0,1,0,0,0,0,0,0,0,0,0,1,0,0,0,0,0,0,0,0,0,0,0,0,0,0,0,0,0,0,0,0,0,0,0,0,0,0,0,0,0,0,0,0,0,0,0,0,0,0,0,0,0,0,0,0,0,0,0,0,0,0,0,0,0,0,0,0,0,0,0,0,0,0,0,0,0,0,0,0,0,0,0,0,0,0,0,0,0,0,0,0,0,0,0,0,0,0,0,0,0,0,0,0,0,0,0,0,0,0,0,0,0,0,0,0,0,0,0
0,0,0,0,0,0,0,0,0,0,0,0,0,0,0,0,0,0,0,0,0,0,0,0,0,0,0,0,0,0,0,1,0,0,0,0,0,0,0,0,0,0,1,0,1,0,0,0,1,0,0,0,0,0,0,0,0,0,0,0,0,0,1,0,0,0,0,1,0,0,0,0,0,0,0,0,0,0,0,0,0,0,0,0,0,0,0,0,0,0,0,0,0,0,0,0,0,0,0,0,0,0,0,0,0,0,0,1,0,0,0,0,0,0,0,0,0,0,0,0,0,0,0,0,0,0,0,0,0,0,0,0,0,0,0,0,0,0,0,0,0,0,0,0,0,0,0,0,0,0,0,0,0,0,0,0,0,0,0,0,0,0,0,0,0,0,0,0,0,0,0,0,0,0,0,0,0,0,0,0,0,0,0,0,0,0,0,0,0,0,0,0,0,0,0,0,0,0,0,0
0,0,0,0,0,0,0,0,0,0,0,0,0,0,0,0,0,0,0,0,0,0,0,0,0,0,0,1,0,0,0,0,0,0,0,0,0,0,0,1,0,1,0,0,0,0,0,0,0,0,0,2,2,0,0,0,2,0,0,0,0,0,0,0,0,0,0,0,0,0,0,0,0,0,0,0,0,0,0,0,0,1,0,0,0,0,0,0,0,0,0,0,0,0,0,0,0,0,0,0,0,0,0,0,0,0,0,0,0,0,0,0,0,0,0,0,0,0,0,0,0,0,0,0,0,0,0,0,0,0,0,0,0,0,0,0,0,0,0,0,0,0,0,0,0,0,0,0,0,0,0,0,0,0,0,0,0,0,0,0,0,0,0,0,0,0,0,0,0,0,0,0,0,0,0,0,0,0,0,0,0,0,0,0,0,0,0,0,0,0,0,0,0,0,0,0,0,0,0,0
0,0,0,0,0,0,0,0,0,0,0,0,0,0,0,0,0,0,0,0,0,0,0,0,0,0,0,0,1,0,0,0,1,0,0,0,0,0,0,0,0,0,0,0,0,0,0,0,0,1,0,0,1,0,0,0,0,1,0,0,0,0,0,0,0,0,0,0,0,0,0,1,0,0,0,0,0,0,0,0,0,0,0,0,0,0,0,0,0,0,0,0,0,0,0,0,0,0,0,0,0,0,0,0,0,0,0,0,0,0,0,0,0,0,0,0,0,0,0,0,0,0,0,0,0,0,0,0,0,0,0,0,0,0,0,0,0,0,0,0,0,0,0,0,0,0,0,0,0,0,0,0,0,0,0,0,0,0,0,0,0,0,0,0,0,0,0,0,0,0,0,0,0,0,0,0,0,0,0,0,0,0,0,0,0,0,0,0,0,0,0,0,0,0,0,0,0,0,0,0
0,0,0,0,0,0,0,0,0,0,0,0,0,0,0,0,0,0,0,0,0,0,0,0,0,0,1,0,0,0,0,0,0,0,0,0,0,0,1,0,0,0,0,0,0,0,0,0,1,0,1,0,0,1,0,0,0,0,0,0,0,0,0,0,0,0,1,0,0,0,0,0,0,0,0,0,0,0,0,0,0,0,0,0,0,0,0,0,0,0,0,0,0,0,0,0,0,0,0,0,0,1,0,0,0,0,0,0,0,0,0,0,0,0,0,0,0,0,0,0,0,0,0,0,0,0,0,0,0,0,0,0,0,0,0,0,0,0,0,0,0,0,0,0,0,0,0,0,0,0,0,0,0,0,0,0,0,0,0,0,0,0,0,0,0,0,0,0,0,0,0,0,0,0,0,0,0,0,0,0,0,0,0,0,0,0,0,0,0,0,0,0,0,0,0,0,0,0,0,0
0,0,0,0,0,0,0,0,0,0,0,0,0,0,0,0,0,0,0,0,0,0,0,0,0,0,0,0,0,0,0,0,0,0,0,0,0,0,0,0,0,1,0,0,0,0,0,0,0,0,0,1,0,0,0,0,0,0,1,1,0,0,0,0,0,0,0,0,0,0,1,0,0,0,0,0,0,0,0,0,0,0,0,0,0,0,0,0,0,0,0,0,0,0,0,0,0,0,0,0,0,0,0,0,0,0,0,0,0,0,0,0,0,0,0,0,0,0,0,0,0,0,0,0,0,0,0,0,0,0,0,0,0,0,0,0,0,0,0,0,0,0,0,0,0,0,0,0,0,0,0,0,0,0,0,0,0,0,0,0,0,0,0,0,0,0,0,0,0,0,0,0,0,0,0,0,0,0,0,0,0,0,0,0,0,0,0,0,0,0,0,0,0,0,0,0,0,0,0,0
0,0,0,0,0,0,0,0,0,0,0,0,0,0,0,0,0,1,0,0,0,0,0,0,0,0,0,0,0,0,0,0,0,0,0,0,0,0,0,1,0,0,1,0,0,1,2,0,1,0,0,0,0,1,0,1,0,0,0,1,0,0,1,0,0,0,0,0,0,0,0,0,0,0,0,0,0,0,0,0,0,0,1,0,0,0,0,0,0,1,1,0,0,0,0,0,0,0,0,0,0,0,0,0,0,0,0,0,0,0,0,0,0,0,0,0,0,0,0,0,0,0,0,0,0,0,0,0,0,0,0,0,0,0,0,0,0,0,0,0,0,0,0,0,0,0,0,0,0,0,0,0,0,0,0,0,0,0,0,0,0,0,0,0,0,0,0,0,0,0,0,0,0,0,0,0,0,0,0,0,0,0,0,0,0,0,0,0,0,0,0,0,0,0,0,0,0,0,0,0
0,0,0,0,0,0,0,0,0,0,0,0,0,0,0,0,0,0,0,0,0,0,0,0,0,1,0,1,1,0,0,0,0,0,0,0,0,0,0,0,0,0,0,0,0,0,0,0,0,0,1,0,0,1,0,0,0,0,0,0,0,0,0,0,0,0,0,0,0,0,0,0,0,0,0,0,0,0,0,0,0,0,0,0,0,0,0,0,0,0,0,0,0,0,0,0,0,0,0,0,0,0,0,0,0,0,0,0,0,0,0,0,0,0,0,0,0,0,0,0,0,0,0,0,0,0,0,0,0,0,0,0,0,0,0,0,0,0,0,0,0,0,0,0,0,0,0,0,0,0,0,0,0,0,0,0,0,0,0,0,0,0,0,0,0,0,0,0,0,0,0,0,0,0,0,0,0,0,0,0,0,0,0,0,0,0,0,0,0,0,0,0,0,0,0,0,0,0,0,0
0,0,0,0,0,0,0,0,0,0,0,0,0,0,0,0,0,0,0,0,0,0,0,0,0,0,0,0,0,0,0,0,0,0,0,0,0,0,0,0,0,1,0,1,1,0,0,1,0,0,0,0,0,0,0,0,0,0,0,0,0,0,0,0,0,0,0,2,0,1,0,0,0,0,0,0,0,0,0,0,0,0,0,0,0,0,0,0,0,0,0,0,0,0,0,0,0,0,0,0,0,0,0,0,0,0,0,0,0,0,0,0,0,0,0,0,0,0,0,0,0,0,0,0,0,0,0,0,0,0,0,0,0,0,0,0,0,0,0,0,0,0,0,0,0,0,0,0,0,0,0,0,0,0,0,0,0,0,0,0,0,0,0,0,0,0,0,0,0,0,0,0,0,0,0,0,0,0,0,0,0,0,0,0,0,0,0,0,0,0,0,0,0,0,0,0,0,0,0,0
0,0,0,0,0,0,0,0,0,0,0,0,0,0,0,0,0,0,1,0,0,0,0,0,0,0,0,0,0,0,0,0,0,0,0,0,0,0,0,0,0,1,0,1,0,0,1,0,0,0,0,0,0,0,0,0,0,0,0,1,0,0,0,0,0,1,0,0,0,0,0,0,0,0,0,0,0,0,0,0,0,0,0,0,0,0,0,0,0,0,0,0,0,0,0,0,0,0,0,0,0,0,0,0,0,0,0,0,0,0,0,0,0,0,0,0,0,0,0,0,0,0,0,0,0,0,0,0,0,0,0,0,0,0,0,0,0,0,0,0,0,0,0,0,0,0,0,0,0,0,0,0,0,0,0,0,0,0,0,0,0,0,0,0,0,0,0,0,0,0,0,0,0,0,0,0,0,0,0,0,0,0,0,0,0,0,0,0,0,0,0,0,0,0,0,0,0,0,0,0
0,0,0,0,0,0,0,0,0,0,0,0,0,0,0,0,0,0,0,0,0,0,0,0,0,1,0,0,0,0,0,0,0,0,0,0,0,0,1,0,0,0,0,0,0,1,0,0,0,0,1,0,1,0,0,0,0,0,0,0,0,0,1,0,0,1,0,0,0,0,0,0,0,0,0,0,0,0,0,0,0,0,0,0,0,0,0,0,0,0,0,0,0,0,0,0,0,0,0,0,0,0,0,0,0,0,0,0,0,0,0,0,0,0,0,0,0,0,0,0,0,0,0,0,0,0,0,0,0,0,0,0,0,0,0,0,0,0,0,0,0,0,0,0,0,0,0,0,0,0,0,0,0,0,0,0,0,0,0,0,0,0,0,0,0,0,0,0,0,0,0,0,0,0,0,0,0,0,0,0,0,0,0,0,0,0,0,0,0,0,0,0,0,0,0,0,0,0,0,0
0,0,0,0,0,0,0,0,0,0,0,0,0,0,0,0,0,0,0,0,0,0,0,0,0,0,0,0,0,0,0,0,0,0,0,0,0,1,1,0,0,0,0,0,0,0,1,0,0,0,0,0,0,0,0,0,1,0,0,0,0,1,0,0,1,0,1,0,0,0,0,0,0,0,0,0,0,0,0,0,0,0,0,0,0,0,0,0,0,0,0,0,0,0,0,0,0,0,0,0,0,0,0,0,0,0,0,0,0,0,0,0,0,0,0,0,0,0,0,0,0,0,0,0,0,0,0,0,0,0,0,0,0,0,0,0,0,0,0,0,0,0,0,0,0,0,0,0,0,0,0,0,0,0,0,0,0,0,0,0,0,0,0,0,0,0,0,0,0,0,0,0,0,0,0,0,0,0,0,0,0,0,0,0,0,0,0,0,0,0,0,0,0,0,0,0,0,0,0,0
0,0,0,0,0,0,0,0,0,0,0,0,0,0,0,0,0,0,0,0,0,0,0,0,0,0,0,0,0,0,0,0,0,0,2,0,0,0,0,0,0,0,0,0,0,0,1,0,0,0,0,0,1,0,2,0,0,0,0,0,0,0,0,0,1,0,0,0,0,0,0,0,0,0,0,0,0,0,0,0,0,0,0,0,0,0,0,0,0,0,0,0,0,0,0,0,0,0,0,0,0,0,0,0,0,0,0,0,0,0,0,0,0,0,0,0,0,0,0,0,0,0,0,0,0,0,0,0,0,0,0,0,0,0,0,0,0,0,0,0,0,0,0,0,0,0,0,0,0,0,0,0,0,0,0,0,0,0,0,0,0,0,0,0,0,0,0,0,0,0,0,0,0,0,0,0,0,0,0,0,0,0,0,0,0,0,0,0,0,0,0,0,0,0,0,0,0,0,0,0
0,0,0,0,0,0,0,0,0,0,0,0,0,0,0,0,0,0,0,0,0,0,0,0,0,0,0,0,0,0,0,0,0,0,0,1,0,0,0,0,1,0,0,1,0,0,0,0,0,0,0,1,0,0,0,0,0,0,1,0,0,0,0,0,0,1,0,0,0,0,0,0,0,0,0,0,0,0,0,0,0,0,0,0,0,0,0,0,0,0,0,0,1,0,0,0,1,0,0,0,0,0,0,0,0,0,0,0,0,0,0,0,0,0,0,0,0,0,0,0,0,0,0,0,0,0,0,0,0,0,0,0,0,0,0,0,0,0,0,0,0,0,0,0,0,0,0,0,0,0,0,0,0,0,0,0,0,0,0,0,0,0,0,0,0,0,0,0,0,0,0,0,0,0,0,0,0,0,0,0,0,0,0,0,0,0,0,0,0,0,0,0,0,0,0,0,0,0,0,0
0,0,0,0,0,0,0,0,0,0,0,0,0,0,0,0,0,0,0,0,0,0,0,0,0,0,0,0,0,0,0,0,1,0,0,0,0,0,0,0,0,0,0,1,0,0,0,0,2,0,1,0,0,0,0,0,0,0,0,0,0,0,1,0,0,0,0,0,0,0,0,0,0,0,0,0,0,0,0,0,0,0,0,0,0,0,0,0,0,1,0,0,0,1,0,0,0,0,0,0,0,0,0,0,0,0,0,0,0,0,0,0,0,0,0,0,0,0,0,0,0,0,0,0,0,0,0,0,0,0,0,0,0,0,0,0,0,0,0,0,0,0,0,0,0,0,0,0,0,0,0,0,0,0,0,0,0,0,0,0,0,0,0,0,0,0,0,0,0,0,0,0,0,0,0,0,0,0,0,0,0,0,0,0,0,0,0,0,0,0,0,0,0,0,0,0,0,0,0,0
0,0,0,0,0,0,0,0,0,0,0,0,0,0,0,0,0,0,0,0,0,0,0,0,0,0,0,0,0,1,0,0,0,0,0,0,0,0,0,0,0,0,0,0,0,0,0,0,0,0,0,0,1,1,0,1,0,0,0,0,1,0,0,0,0,1,0,0,0,0,0,0,0,0,0,0,0,0,0,0,0,0,0,0,0,0,0,0,0,0,0,0,0,0,0,0,0,0,0,0,0,0,0,0,0,0,0,0,0,0,0,0,0,0,0,0,0,0,0,0,0,0,0,0,0,0,0,0,0,0,0,0,0,0,0,0,0,0,0,0,0,0,0,0,0,0,0,0,0,0,0,0,0,0,0,0,0,0,0,0,0,0,0,0,0,0,0,0,0,0,0,0,0,0,0,0,0,0,0,0,0,0,0,0,0,0,0,0,0,0,0,0,0,0,0,0,0,0,0,0
0,0,0,0,0,0,0,0,0,0,0,0,0,0,0,0,0,0,0,0,0,0,0,0,0,0,0,0,0,0,0,0,0,1,0,0,0,0,1,0,0,0,0,0,1,0,0,0,0,0,0,0,0,0,0,0,1,0,0,0,1,0,0,1,1,0,0,0,0,0,0,0,0,0,0,0,0,0,0,0,0,0,0,0,0,0,0,0,0,0,0,0,0,0,0,0,0,0,0,0,0,0,0,0,0,0,0,0,0,0,0,0,0,0,0,0,0,0,0,0,0,0,0,0,0,0,0,0,0,0,0,0,0,0,0,0,0,0,0,0,0,0,0,0,0,0,0,0,0,0,0,0,0,0,0,0,0,0,0,0,0,0,0,0,0,0,0,0,0,0,0,0,0,0,0,0,0,0,0,0,0,0,0,0,0,0,0,0,0,0,0,0,0,0,0,0,0,0,0,0
0,0,0,0,0,0,0,0,0,0,0,0,0,0,0,0,1,0,0,0,0,0,0,0,0,0,0,0,0,0,0,0,0,0,0,0,0,0,0,0,0,0,0,1,0,2,0,0,0,0,0,1,0,0,0,0,1,0,0,0,0,0,0,0,0,0,0,0,0,0,1,0,0,0,0,0,0,0,0,0,0,0,0,0,1,0,0,0,0,0,0,0,0,0,0,0,0,0,0,0,0,0,0,0,0,0,0,0,0,0,0,0,0,0,0,0,0,0,0,0,0,0,0,0,0,0,0,0,0,0,0,0,0,0,0,0,0,0,0,0,0,0,0,0,0,0,0,0,0,0,0,0,0,0,0,0,0,0,0,0,0,0,0,0,0,0,0,0,0,0,0,0,0,0,0,0,0,0,0,0,0,0,0,0,0,0,0,0,0,0,0,0,0,0,0,0,0,0,0,0
0,0,0,0,0,0,0,0,0,0,0,0,0,0,0,0,0,1,0,0,0,0,0,0,0,0,0,0,0,0,1,0,0,0,1,0,0,0,0,0,0,0,0,0,0,0,0,0,0,0,0,0,0,0,1,1,1,0,0,1,1,0,0,0,0,0,0,0,0,0,0,0,0,0,0,0,0,0,0,0,0,0,0,0,0,0,0,1,0,0,0,0,0,0,0,0,0,0,0,0,0,0,0,0,0,0,0,0,0,0,0,0,0,0,0,0,0,0,0,0,0,0,0,0,0,0,0,0,0,0,0,0,0,0,0,0,0,0,0,0,0,0,0,0,0,0,0,0,0,0,0,0,0,0,0,0,0,0,0,0,0,0,0,0,0,0,0,0,0,0,0,0,0,0,0,0,0,0,0,0,0,0,0,0,0,0,0,0,0,0,0,0,0,0,0,0,0,0,0,0
0,0,0,0,0,0,0,0,0,0,0,0,0,0,0,0,0,0,0,0,0,0,0,0,0,0,0,0,0,0,0,0,0,0,0,0,1,0,0,0,0,0,0,0,0,2,0,0,0,0,0,0,0,0,0,0,0,0,0,1,1,0,0,0,0,0,0,0,0,0,0,0,0,0,0,0,0,0,0,0,0,0,0,0,0,0,0,0,0,0,0,0,0,0,0,0,0,0,0,0,0,0,0,0,0,0,0,0,0,0,0,0,0,0,0,0,0,0,0,0,0,0,0,0,0,0,0,0,0,0,0,0,0,0,0,0,0,0,0,0,0,0,0,0,0,0,0,0,0,0,0,0,0,0,0,0,0,0,0,0,0,0,0,0,0,0,0,0,0,0,0,0,0,0,0,0,0,0,0,0,0,0,0,0,0,0,0,0,0,0,0,0,0,0,0,0,0,0,0,0
0,0,0,0,0,0,0,0,0,0,0,0,0,0,0,0,0,0,0,0,0,0,0,0,0,0,0,0,0,0,0,0,0,0,0,0,0,1,0,0,0,0,0,0,0,0,0,0,0,0,0,0,0,0,0,0,0,0,0,0,0,0,0,0,0,0,0,0,0,0,0,0,0,0,0,0,0,0,0,0,0,0,0,0,0,0,0,0,0,0,1,0,0,0,0,0,0,0,0,0,0,0,0,0,0,0,0,0,0,0,0,0,0,0,0,0,0,0,0,0,0,0,0,0,0,0,0,0,0,0,0,0,0,0,0,0,0,0,0,0,0,0,0,0,0,0,0,0,0,0,0,0,0,0,0,0,0,0,0,0,0,0,0,0,0,0,0,0,0,0,0,0,0,0,0,0,0,0,0,0,0,0,0,0,0,0,0,0,0,0,0,0,0,0,0,0,0,0,0,0
0,0,0,0,0,0,0,0,0,0,0,0,0,0,0,0,0,0,0,0,0,0,0,0,0,0,0,0,0,0,0,0,1,0,0,0,0,0,0,0,0,0,0,0,0,0,0,0,0,0,0,0,0,0,0,0,0,0,0,0,0,0,0,0,0,0,0,0,0,0,0,0,0,0,0,0,0,0,0,0,0,0,0,0,0,0,0,0,0,0,0,0,0,0,0,0,0,0,0,0,0,0,0,0,0,0,0,0,0,0,0,0,0,0,0,0,0,0,0,0,0,0,0,0,0,0,0,0,0,0,0,0,0,0,0,0,0,0,0,0,0,0,0,0,0,0,0,0,0,0,0,0,0,0,0,0,0,0,0,0,0,0,0,0,0,0,0,0,0,0,0,0,0,0,0,0,0,0,0,0,0,0,0,0,0,0,0,0,0,0,0,0,0,0,0,0,0,0,0,0
0,0,1,0,0,0,0,0,0,0,0,0,0,0,0,0,0,0,0,0,0,0,0,0,0,0,0,0,0,0,1,0,0,0,0,0,0,0,0,0,0,0,0,0,0,0,0,0,0,0,0,0,1,0,0,0,0,0,1,0,1,0,0,0,0,0,0,0,0,0,0,0,0,0,0,0,0,0,0,0,1,0,1,0,0,0,0,0,0,0,0,0,0,0,0,0,0,0,0,0,0,0,0,0,0,0,0,0,0,0,0,0,0,0,0,0,0,0,0,0,0,0,0,0,0,0,0,0,0,0,0,0,0,0,0,0,0,0,0,0,0,0,0,0,0,0,0,0,0,0,0,0,0,0,0,0,0,0,0,0,0,0,0,0,0,0,0,0,0,0,0,0,0,0,0,0,0,0,0,0,0,0,0,0,0,0,0,0,0,0,0,0,0,0,0,0,0,0,0,0
0,0,0,0,0,0,0,0,0,0,0,0,0,0,0,0,0,0,0,0,0,0,0,0,0,0,0,0,0,0,0,0,0,0,0,0,0,0,0,0,0,1,1,0,0,2,0,0,0,0,0,0,0,0,0,0,0,0,1,0,0,0,0,0,0,0,1,0,0,0,1,0,1,0,0,0,0,0,0,0,0,0,0,0,0,0,0,0,0,0,0,0,0,0,0,0,0,0,0,0,0,0,0,0,0,0,0,0,0,0,0,0,0,0,0,0,0,0,0,0,0,0,0,0,0,0,0,0,0,0,0,0,0,0,0,0,0,0,0,0,0,0,0,0,0,0,0,0,0,0,0,0,0,0,0,0,0,0,0,0,0,0,0,0,0,0,0,0,0,0,0,0,0,0,0,0,0,0,0,0,0,0,0,0,0,0,0,0,0,0,0,0,0,0,0,0,0,0,0,0
0,0,0,0,0,0,0,0,0,0,0,0,1,0,0,0,0,0,0,0,0,0,0,0,0,0,0,0,0,0,0,0,0,0,1,0,1,0,0,0,0,0,0,0,0,1,1,0,0,1,0,1,0,0,0,0,0,0,1,0,0,0,0,0,1,0,0,0,0,0,0,0,0,0,0,0,0,0,0,0,0,0,0,0,0,0,0,0,0,0,0,0,0,0,0,0,0,0,0,0,0,0,0,0,0,0,0,0,0,0,0,0,0,0,0,0,0,0,0,0,0,0,0,0,0,0,0,0,0,0,0,0,0,0,0,0,0,0,0,0,0,0,0,0,0,0,0,0,0,0,0,0,0,0,0,0,0,0,0,0,0,0,0,0,0,0,0,0,0,0,0,0,0,0,0,0,0,0,0,0,0,0,0,0,0,0,0,0,0,0,0,0,0,0,0,0,0,0,0,0
0,0,0,0,0,0,0,0,0,0,0,0,0,0,0,0,0,0,0,0,0,0,0,0,1,0,0,0,0,0,0,0,0,0,0,0,0,0,0,0,0,0,0,0,0,0,0,0,0,0,0,0,0,0,0,0,0,1,0,0,0,0,0,0,1,0,0,0,0,1,0,0,0,0,0,0,0,0,0,0,0,0,0,1,0,0,0,0,0,0,0,0,0,0,0,0,0,0,0,0,0,0,0,0,0,0,0,0,0,0,0,0,0,0,0,0,0,0,0,0,0,0,0,0,0,0,0,0,0,0,0,0,0,0,0,0,0,0,0,0,0,0,0,0,0,0,0,0,0,0,0,0,0,0,0,0,0,0,0,0,0,0,0,0,0,0,0,0,0,0,0,0,0,0,0,0,0,0,0,0,0,0,0,0,0,0,0,0,0,0,0,0,0,0,0,0,0,0,0,0
0,0,0,0,0,0,0,0,0,0,0,0,0,0,0,0,0,0,0,0,0,0,0,0,0,0,0,1,0,0,0,0,0,0,0,0,0,0,0,0,0,0,0,0,0,0,0,0,0,0,0,0,0,0,0,0,0,0,0,0,0,0,1,0,0,0,0,0,0,0,0,0,0,0,0,0,0,1,0,0,0,0,0,0,0,0,0,1,0,0,0,0,0,0,0,0,0,0,0,0,0,0,0,0,0,0,0,0,0,0,0,0,0,0,0,0,0,0,0,0,0,0,0,0,0,0,0,0,0,0,0,0,0,0,0,0,0,0,0,0,0,0,0,0,0,0,0,0,0,0,0,0,0,0,0,0,0,0,0,0,0,0,0,0,0,0,0,0,0,0,0,0,0,0,0,0,0,0,0,0,0,0,0,0,0,0,0,0,0,0,0,0,0,0,0,0,0,0,0,0
0,0,0,0,0,0,0,0,0,0,0,0,0,0,0,0,0,0,0,0,0,0,0,0,0,0,0,0,0,0,0,0,0,0,0,0,0,0,0,0,0,0,0,0,0,0,0,0,0,0,0,1,0,0,0,0,0,0,0,0,1,0,0,0,0,0,0,0,0,0,0,0,0,0,0,0,0,0,0,0,0,0,0,0,0,0,0,0,0,0,0,0,0,0,0,0,0,0,0,0,0,0,0,0,0,0,0,0,0,0,0,0,0,0,0,0,0,0,0,0,0,0,0,0,0,0,0,0,0,0,0,0,0,0,0,0,0,0,0,0,0,0,0,0,0,0,0,0,0,0,0,0,0,0,0,0,0,0,0,0,0,0,0,0,0,0,0,0,0,0,0,0,0,0,0,0,0,0,0,0,0,0,0,0,0,0,0,0,0,0,0,0,0,0,0,0,0,0,0,0
0,0,0,0,0,0,0,0,0,0,0,0,0,0,0,0,0,0,0,0,0,0,0,0,0,0,1,0,0,0,0,0,0,0,0,0,1,0,0,0,0,0,0,0,0,1,0,0,0,0,0,0,0,0,0,0,0,0,0,0,0,1,0,0,0,0,0,0,0,0,0,0,0,0,0,0,0,0,0,0,0,0,0,0,0,0,0,0,0,0,0,0,0,0,0,0,0,0,0,0,0,0,0,0,0,0,0,0,0,0,0,0,0,0,0,0,0,0,0,0,0,0,0,0,0,0,0,0,0,0,0,0,0,0,0,0,0,0,0,0,0,0,0,0,0,0,0,0,0,0,0,0,0,0,0,0,0,0,0,0,0,0,0,0,0,0,0,0,0,0,0,0,0,0,0,0,0,0,0,0,0,0,0,0,0,0,0,0,0,0,0,0,0,0,0,0,0,0,0,0
0,0,0,0,0,0,0,0,0,0,0,0,0,0,0,0,0,0,0,0,0,0,0,0,0,0,0,0,0,0,0,0,0,0,0,0,0,0,0,0,0,0,0,0,0,0,0,0,0,0,0,0,0,0,0,0,0,0,0,0,0,0,0,0,0,1,0,1,0,0,0,0,0,0,0,0,0,1,0,0,0,0,0,0,0,0,0,0,0,0,0,0,0,0,0,0,0,0,0,0,0,0,0,0,0,0,0,0,0,0,0,0,0,0,0,0,0,0,0,0,0,0,0,0,0,0,0,0,0,0,0,0,0,0,0,0,0,0,0,0,0,0,0,0,0,0,0,0,0,0,0,0,0,0,0,0,0,0,0,0,0,0,0,0,0,0,0,0,0,0,0,0,0,0,0,0,0,0,0,0,0,0,0,0,0,0,0,0,0,0,0,0,0,0,0,0,0,0,0,0
0,0,0,0,0,0,0,0,0,0,0,0,0,0,0,0,0,0,0,0,0,0,0,0,0,0,0,0,0,0,0,0,0,0,0,1,0,0,0,0,1,0,0,0,1,0,0,0,0,1,0,0,0,0,1,0,0,0,0,1,0,0,0,0,0,0,0,0,1,0,0,0,0,0,0,0,0,0,0,0,0,0,0,0,0,0,0,0,0,1,0,0,0,0,0,0,0,0,0,0,0,0,1,0,0,0,0,0,0,0,0,0,0,0,0,0,0,0,0,0,0,0,0,0,0,0,0,0,0,0,0,0,0,0,0,0,0,0,0,0,0,0,0,0,0,0,0,0,0,0,0,0,0,0,0,0,0,0,0,0,0,0,0,0,0,0,0,0,0,0,0,0,0,0,0,0,0,0,0,0,0,0,0,0,0,0,0,0,0,0,0,0,0,0,0,0,0,0,0,0
0,0,0,0,0,0,0,0,0,0,0,0,0,0,0,0,0,0,0,0,0,0,0,0,0,0,0,0,0,0,0,0,0,0,0,0,0,0,0,0,0,0,0,0,0,0,0,0,0,1,0,0,0,0,0,0,0,0,0,0,0,0,0,0,0,0,0,0,0,0,0,0,0,0,0,0,0,0,0,0,1,0,0,0,0,0,0,0,0,0,0,0,0,0,0,0,0,0,0,0,0,0,0,0,0,0,0,0,0,0,0,0,0,0,0,0,0,0,0,0,0,0,0,0,0,0,0,0,0,0,0,0,0,0,0,0,0,0,0,0,0,0,0,0,0,0,0,0,0,0,0,0,0,0,0,0,0,0,0,0,0,0,0,0,0,0,0,0,0,0,0,0,0,0,0,0,0,0,0,0,0,0,0,0,0,0,0,0,0,0,0,0,0,0,0,0,0,0,0,0
0,0,0,0,0,0,0,0,0,0,0,0,0,0,0,0,0,0,0,0,0,0,0,0,0,0,0,0,0,0,0,0,0,0,0,0,1,0,0,0,0,0,0,0,0,0,0,0,0,1,0,0,0,0,1,0,0,0,0,0,0,0,0,0,1,0,0,0,0,0,0,0,0,0,0,0,0,0,0,0,0,0,0,0,0,0,0,0,0,0,0,0,0,0,0,0,0,0,0,0,0,0,0,0,0,0,0,0,0,0,0,0,0,0,0,0,0,0,0,0,0,0,0,0,0,0,0,0,0,0,0,0,0,0,0,0,0,0,0,0,0,0,0,0,0,0,0,0,0,0,0,0,0,0,0,0,0,0,0,0,0,0,0,0,0,0,0,0,0,0,0,0,0,0,0,0,0,0,0,0,0,0,0,0,0,0,0,0,0,0,0,0,0,0,0,0,0,0,0,0
0,0,0,0,0,0,0,0,0,0,0,0,0,0,0,0,1,0,0,0,0,0,0,0,0,0,0,0,0,0,0,0,0,0,0,0,0,0,0,0,0,0,0,0,0,0,0,0,0,0,0,0,0,0,2,0,0,0,0,1,0,0,0,0,0,0,0,0,0,0,0,1,0,0,0,0,0,0,0,0,0,0,0,0,0,0,0,0,0,0,0,0,0,0,0,0,0,0,0,0,0,0,0,0,0,0,0,0,0,0,0,0,0,0,0,0,0,0,0,0,0,0,0,0,0,0,0,0,0,0,0,0,0,0,0,0,0,0,0,0,0,0,0,0,0,0,0,0,0,0,0,0,0,0,0,0,0,0,0,0,0,0,0,0,0,0,0,0,0,0,0,0,0,0,0,0,0,0,0,0,0,0,0,0,0,0,0,0,0,0,0,0,0,0,0,0,0,0,0,0
0,0,0,0,0,0,0,0,0,0,0,0,0,0,0,0,0,0,0,0,0,0,0,0,0,0,0,0,0,0,0,0,0,0,0,0,0,0,0,0,0,0,0,0,0,0,0,0,0,0,0,0,0,0,0,0,0,0,1,0,0,0,0,0,0,0,0,0,0,0,0,0,0,0,0,0,0,0,0,0,0,0,0,0,0,0,0,0,0,0,0,0,0,0,0,0,0,0,0,0,0,0,0,0,0,0,0,0,0,0,0,0,0,0,0,0,0,0,0,0,0,0,0,0,0,0,0,0,0,0,0,0,0,0,0,0,0,0,0,0,0,0,0,0,0,0,0,0,0,0,0,0,0,0,0,0,0,0,0,0,0,0,0,0,0,0,0,0,0,0,0,0,0,0,0,0,0,0,0,0,0,0,0,0,0,0,0,0,0,0,0,0,0,0,0,0,0,0,0,0
0,0,0,0,0,0,0,0,0,0,0,0,0,0,0,0,0,0,0,0,0,0,0,1,0,0,0,0,0,0,0,0,0,0,0,0,0,0,0,0,0,0,0,0,0,0,0,0,0,0,0,1,0,0,0,0,0,1,0,0,0,0,0,0,0,0,0,0,0,0,0,0,0,0,0,0,0,0,0,0,0,0,0,0,0,0,0,0,0,0,0,0,0,0,0,0,0,0,0,0,0,0,1,0,0,0,0,0,0,0,0,0,0,0,0,0,0,0,0,0,0,0,0,0,0,0,0,0,0,0,0,0,0,0,0,0,0,0,0,0,0,0,0,0,0,0,0,0,0,0,0,0,0,0,0,0,0,0,0,0,0,0,0,0,0,0,0,0,0,0,0,0,0,0,0,0,0,0,0,0,0,0,0,0,0,0,0,0,0,0,0,0,0,0,0,0,0,0,0,0
0,0,0,0,0,0,0,0,0,0,0,0,0,0,0,0,0,0,0,0,0,0,0,0,0,0,0,0,0,0,1,0,1,1,0,0,0,0,0,0,0,1,0,0,0,0,0,0,0,0,1,0,1,0,0,0,0,0,0,0,0,0,1,0,0,0,0,0,0,0,0,0,0,0,0,0,0,0,0,0,0,0,0,0,0,0,0,0,0,0,0,0,0,0,0,0,0,0,0,0,0,0,0,0,0,0,0,0,0,0,0,0,0,0,0,0,0,0,0,0,0,0,0,0,0,0,0,0,0,0,0,0,0,0,0,0,0,0,0,0,0,0,0,0,0,0,0,0,0,0,0,0,0,0,0,0,0,0,0,0,0,0,0,0,0,0,0,0,0,0,0,0,0,0,0,0,0,0,0,0,0,0,0,0,0,0,0,0,0,0,0,0,0,0,0,0,0,0,0,0
0,0,0,0,0,0,0,0,0,0,0,0,0,0,0,0,0,0,0,0,0,0,0,0,0,0,0,0,0,0,0,0,0,0,0,0,0,1,0,0,0,0,0,0,1,0,1,0,0,0,0,1,0,0,0,0,0,0,0,0,0,0,0,0,0,1,0,0,0,0,0,0,0,0,0,0,0,1,0,0,1,0,0,0,0,0,0,0,0,0,0,0,0,0,0,1,0,0,0,0,0,0,0,0,0,0,0,0,0,0,0,0,0,0,0,0,0,0,0,0,0,0,0,0,0,0,0,0,0,0,0,0,0,0,0,0,0,0,0,0,0,0,0,0,0,0,0,0,0,0,0,0,0,0,0,0,0,0,0,0,0,0,0,0,0,0,0,0,0,0,0,0,0,0,0,0,0,0,0,0,0,0,0,0,0,0,0,0,0,0,0,0,0,0,0,0,0,0,0,0
0,0,0,0,0,0,0,0,0,0,0,0,0,0,0,0,0,0,0,0,0,1,0,0,0,0,0,0,0,0,0,0,0,0,0,0,0,0,0,0,1,0,0,0,0,0,0,0,0,0,0,0,0,1,0,0,0,0,0,0,0,0,1,0,0,0,0,0,0,0,0,0,0,0,0,0,0,0,0,0,0,0,0,0,0,0,0,0,0,0,0,0,0,0,0,0,0,0,0,0,0,0,0,0,0,0,0,0,0,0,0,0,0,0,0,0,0,0,0,0,0,0,0,0,0,0,0,0,0,0,0,0,0,0,0,0,0,0,0,0,0,0,0,0,0,0,0,0,0,0,0,0,0,0,0,0,0,0,0,0,0,0,0,0,0,0,0,0,0,0,0,0,0,0,0,0,0,0,0,0,0,0,0,0,0,0,0,0,0,0,0,0,0,0,0,0,0,0,0,0
0,0,0,0,0,0,0,0,0,0,0,0,0,0,0,0,0,0,0,0,0,0,0,0,0,0,0,0,0,0,0,0,0,0,0,0,0,0,0,0,0,0,0,0,0,0,0,0,1,0,0,0,0,0,0,1,0,0,0,0,0,0,0,0,0,0,0,0,1,0,0,0,0,0,0,0,0,0,0,0,0,0,0,0,0,0,0,0,0,0,0,0,0,0,0,0,0,0,0,0,0,0,0,0,0,0,0,0,0,0,0,0,0,0,0,0,0,0,0,0,0,0,0,0,0,0,0,0,0,0,0,0,0,0,0,0,0,0,0,0,0,0,0,0,0,0,0,0,0,0,0,0,0,0,0,0,0,0,0,0,0,0,0,0,0,0,0,0,0,0,0,0,0,0,0,0,0,0,0,0,0,0,0,0,0,0,0,0,0,0,0,0,0,0,0,0,0,0,0,0
0,0,0,0,0,0,0,0,0,1,0,0,0,0,0,0,0,0,0,0,0,0,0,0,0,0,0,0,0,0,0,0,0,0,0,0,0,0,0,0,0,0,0,1,0,0,1,0,0,0,0,0,0,1,0,0,0,0,0,0,0,0,0,0,0,0,1,1,0,0,0,0,0,0,0,0,0,0,0,0,0,0,0,0,0,0,0,0,0,0,0,0,0,0,0,0,0,0,0,0,0,0,0,0,0,0,0,0,0,0,0,0,0,0,0,0,0,0,1,0,0,0,0,0,0,0,0,0,0,0,0,0,0,0,0,0,0,0,0,0,0,0,0,0,0,0,0,0,0,0,0,0,0,0,0,0,0,0,0,0,0,0,0,0,0,0,0,0,0,0,0,0,0,0,0,0,0,0,0,0,0,0,0,0,0,0,0,0,0,0,0,0,0,0,0,0,0,0,0,0
0,0,0,0,0,0,0,0,0,0,0,0,0,0,0,0,0,0,0,0,0,0,0,0,0,0,0,0,0,0,0,0,0,0,0,0,0,0,0,0,0,0,0,0,0,0,0,0,0,1,0,0,1,0,0,0,0,0,0,0,0,0,0,0,0,0,0,0,0,0,0,0,0,0,0,0,0,0,0,0,0,0,0,0,0,0,0,0,0,0,0,0,0,0,0,0,0,0,0,0,0,0,0,0,0,0,0,0,0,0,0,0,0,0,0,0,0,0,0,0,0,0,0,0,0,0,0,0,0,0,0,0,0,0,0,0,0,0,0,0,0,0,0,0,0,0,0,0,0,0,0,0,0,0,0,0,0,0,0,0,0,0,0,0,0,0,0,0,0,0,0,0,0,0,0,0,0,0,0,0,0,0,0,0,0,0,0,0,0,0,0,0,0,0,0,0,0,0,0,0
0,0,0,0,0,0,1,0,0,0,0,0,0,0,0,0,0,0,0,0,0,0,0,0,0,0,0,0,0,0,0,0,0,0,0,0,0,0,0,0,0,0,0,0,0,0,0,0,0,0,0,0,2,0,0,0,0,0,0,0,0,0,0,0,0,0,0,0,0,0,0,0,0,0,0,0,0,0,0,0,0,0,0,0,0,0,0,0,0,0,0,0,0,0,0,0,0,0,0,0,0,0,0,0,0,0,0,0,0,0,0,0,0,0,0,0,0,0,0,0,0,0,0,0,0,0,0,0,0,0,0,0,0,0,0,0,0,0,0,0,0,0,0,0,0,0,0,0,0,0,0,0,0,0,0,0,0,0,0,0,0,0,0,0,0,0,0,0,0,0,0,0,0,0,0,0,0,0,0,0,0,0,0,0,0,0,0,0,0,0,0,0,0,0,0,0,0,0,0,0
0,0,0,0,0,0,0,0,0,0,0,0,0,0,0,0,0,0,0,0,0,0,0,0,0,0,0,0,0,0,0,0,0,0,0,0,0,0,0,0,0,0,0,0,0,0,0,0,0,0,0,0,0,0,0,0,0,0,0,0,0,0,0,0,0,0,0,0,0,0,0,0,0,0,0,0,0,0,0,0,0,0,0,0,0,0,0,0,0,0,0,0,0,0,0,0,0,0,0,0,0,0,0,0,0,0,0,0,0,0,0,0,0,0,0,0,0,0,0,0,0,0,0,0,0,0,0,0,0,0,0,0,0,0,0,0,0,0,0,0,0,0,0,0,0,0,0,0,0,0,0,0,0,0,0,0,0,0,0,0,0,0,0,0,0,0,0,0,0,0,0,0,0,0,0,0,0,0,0,0,0,0,0,0,0,0,0,0,0,0,0,0,0,0,0,0,0,0,0,0
0,0,0,0,0,0,0,0,0,0,0,0,0,0,0,0,0,0,0,0,0,0,0,0,0,0,0,0,0,0,0,0,0,0,0,0,0,0,0,0,0,0,0,0,0,0,0,0,0,0,0,0,0,0,0,0,0,0,0,0,0,0,0,0,0,0,0,1,0,0,0,0,0,0,0,0,0,0,0,0,1,0,1,0,0,0,0,0,0,0,0,0,0,0,0,0,0,0,0,0,0,0,0,0,0,0,0,0,0,0,0,0,0,0,0,0,0,0,0,0,0,0,0,0,0,0,0,0,0,0,0,0,0,0,0,0,0,0,0,0,0,0,0,0,0,0,0,0,0,0,0,0,0,0,0,0,0,0,0,0,0,0,0,0,0,0,0,0,0,0,0,0,0,0,0,0,0,0,0,0,0,0,0,0,0,0,0,0,0,0,0,0,0,0,0,0,0,0,0,0
0,0,0,0,0,0,0,0,0,0,0,0,0,0,0,0,0,0,0,0,0,0,0,0,0,0,0,0,0,0,0,0,0,0,0,0,0,0,0,0,0,0,0,0,0,0,0,0,0,1,0,0,0,0,0,0,0,0,0,0,0,0,0,0,0,0,0,0,0,0,0,0,0,0,1,0,0,0,0,0,0,0,0,0,0,0,0,0,0,0,0,0,0,0,0,0,0,0,0,0,0,0,0,0,0,0,0,0,0,0,0,0,0,0,0,0,0,0,0,0,0,0,0,0,0,0,0,0,0,0,0,0,0,0,0,0,0,0,0,0,0,0,0,0,0,0,0,0,0,0,0,0,0,0,0,0,0,0,0,0,0,0,0,0,0,0,0,0,0,0,0,0,0,0,0,0,0,0,0,0,0,0,0,0,0,0,0,0,0,0,0,0,0,0,0,0,0,0,0,0
0,0,0,0,0,0,0,0,0,0,0,0,0,0,0,0,0,0,0,0,0,0,0,0,0,0,0,0,0,0,0,0,0,0,0,0,0,0,0,0,0,0,0,0,0,0,0,0,0,0,0,0,0,0,1,0,0,0,0,0,0,0,0,0,0,0,0,0,0,0,0,0,0,0,0,0,0,0,0,0,0,0,0,0,0,0,0,0,0,0,0,0,0,0,0,0,0,0,0,0,0,0,0,0,0,0,0,0,0,0,0,0,0,0,0,0,0,0,0,0,0,0,0,0,0,0,0,0,0,0,0,0,0,0,0,0,0,0,0,0,0,0,0,0,0,0,0,0,0,0,0,0,0,0,0,0,0,0,0,0,0,0,0,0,0,0,0,0,0,0,0,0,0,0,0,0,0,0,0,0,0,0,0,0,0,0,0,0,0,0,0,0,0,0,0,0,0,0,0,0
0,0,0,0,0,0,0,0,0,0,0,0,0,0,0,0,0,0,0,0,0,0,0,0,0,0,0,0,0,0,0,0,0,0,1,1,0,0,0,0,0,0,0,0,0,1,0,0,0,0,0,0,0,0,0,0,0,0,0,0,0,0,0,0,0,0,0,0,0,0,0,0,0,0,0,0,0,0,0,0,0,0,0,0,0,0,0,0,0,0,0,0,0,0,0,0,0,0,0,0,0,0,0,0,0,0,0,0,0,0,0,0,0,0,0,0,0,0,0,0,0,0,0,0,0,0,0,0,0,0,0,0,0,0,0,0,0,0,0,0,0,0,0,0,0,0,0,0,0,0,0,0,0,0,0,0,0,0,0,0,0,0,0,0,0,0,0,0,0,0,0,0,0,0,0,0,0,0,0,0,0,0,0,0,0,0,0,0,0,0,0,0,0,0,0,0,0,0,0,0
0,0,0,0,0,0,0,0,0,0,0,0,0,0,0,0,0,0,0,0,0,0,0,0,0,0,0,0,0,0,0,0,0,0,0,0,0,0,0,0,0,0,0,0,0,0,0,0,0,0,0,0,0,0,0,0,1,0,0,0,0,0,0,0,0,0,0,0,0,0,0,0,1,0,0,0,0,0,0,0,0,0,0,0,0,0,0,0,0,0,0,0,0,0,0,0,0,0,0,0,0,0,0,0,0,0,0,0,0,0,0,0,0,0,0,0,0,0,0,0,0,0,0,0,0,0,0,0,0,0,0,0,0,0,0,0,0,0,0,0,0,0,0,0,0,0,0,0,0,0,0,0,0,0,0,0,0,0,0,0,0,0,0,0,0,0,0,0,0,0,0,0,0,0,0,0,0,0,0,0,0,0,0,0,0,0,0,0,0,0,0,0,0,0,0,0,0,0,0,0
0,0,0,0,0,0,0,0,0,0,0,0,0,0,0,0,0,0,0,0,0,0,0,0,0,0,0,0,0,0,0,0,0,0,0,0,0,0,0,0,0,0,0,0,0,0,0,0,0,0,0,0,0,0,0,0,0,0,0,0,0,0,0,0,0,0,0,0,0,1,0,0,0,0,0,0,0,0,0,0,0,0,0,0,0,0,0,0,0,0,0,0,0,0,0,0,0,0,0,0,0,0,0,0,0,0,0,0,0,0,0,0,0,0,0,0,0,0,0,0,0,0,0,0,0,0,0,0,0,0,0,0,0,0,0,0,0,0,0,0,0,0,0,0,0,0,0,0,0,0,0,0,0,0,0,0,0,0,0,0,0,0,0,0,0,0,0,0,0,0,0,0,0,0,0,0,0,0,0,0,0,0,0,0,0,0,0,0,0,0,0,0,0,0,0,0,0,0,0,0
0,0,0,0,0,0,0,0,0,0,0,0,0,0,0,0,0,0,0,0,0,0,0,0,0,0,0,0,0,0,0,0,0,0,0,0,0,0,0,0,0,0,0,0,0,0,0,0,0,0,0,1,1,0,0,0,2,0,0,0,0,0,0,0,0,0,0,0,0,0,0,0,0,0,0,0,0,0,0,0,0,0,0,0,0,0,0,0,0,0,0,0,0,0,0,0,0,0,0,0,0,0,0,0,0,0,0,0,0,0,0,0,0,0,0,0,0,0,0,0,0,0,0,0,0,0,0,0,0,0,0,0,0,0,0,0,0,0,0,0,0,0,0,0,0,0,0,0,0,0,0,0,0,0,0,0,0,0,0,0,0,0,0,0,0,0,0,0,0,0,0,0,0,0,0,0,0,0,0,0,0,0,0,0,0,0,0,0,0,0,0,0,0,0,0,0,0,0,0,0
