0,0,0,5,4,0,1,5,3,4,0,3,2,5,0,6,3,10,7,7,6,8,12,20,13,19,12,9,21,14,26,41,42,42,44,37,55,58,42,67,94,81,70,92,121,137,142,162,178,195,184,211,240,248,312,270,287,368,355,453,363,436,528,507,525,516,597,601,566,680,717,667,740,809,842,935,875,979,1063,1000,901,979,1113,1042,1275,1098,1141,1108,1025,1187,1191,1146,1296,1152,1356,1239,1238,1183,1218,1236,1160,1203,1142,1150,1168,1123,1147,1142,1141,1034,986,1002,971,967,967,940,875,916,900,868,824,757,716,711,698,648,649,588,541,539,551,496,478,455,410,330,372,372,282,279,283,246,238,233,199,199,193,140,135,150,140,143,150,110,91,103,88,60,73,62,46,37,65,49,53,34,46,33,30,30,27,21,27,14,16,2,12,7,6,8,8,3,4,4,1,3,2,4,0,3,1,7,0,3,2,2,0,1,0,0
0,0,0,3,0,3,2,2,0,1,0,3,6,3,0,7,4,8,8,12,9,16,17,14,13,20,3,11,28,27,21,46,38,32,51,48,61,78,67,85,89,78,90,142,162,153,184,147,221,265,254,266,282,367,395,375,404,471,480,520,441,566,591,605,651,628,719,697,772,844,874,893,887,907,969,1066,997,1067,1151,1033,1079,1113,1235,1154,1299,1184,1170,1197,1082,1276,1247,1244,1240,1180,1306,1294,1161,1089,1186,1173,1075,1108,1065,1056,975,1030,1036,1042,972,906,862,875,800,799,806,825,703,701,663,705,607,590,534,549,533,459,450,431,407,405,382,350,382,311,285,259,253,260,208,204,177,173,185,190,162,127,117,106,108,110,104,90,94,76,66,68,71,69,58,46,40,35,44,45,31,34,39,26,25,12,15,23,13,14,11,8,10,11,3,8,5,3,11,5,3,6,2,1,0,1,3,5,0,2,4,0,0,3,1,4
0,0,0,0,2,5,2,4,1,5,5,1,3,6,0,3,4,11,6,8,5,16,19,14,17,23,18,12,26,32,28,49,46,54,73,56,70,102,71,116,117,104,131,178,182,234,228,183,243,295,311,297,309,378,427,366,453,492,493,645,534,652,695,678,753,658,771,805,799,888,873,890,956,1000,1014,1063,1114,1106,1257,1176,1091,1219,1287,1231,1302,1262,1206,1169,1116,1257,1285,1232,1294,1142,1259,1170,1125,1080,1138,1164,1000,998,983,936,927,876,888,876,944,783,762,655,691,647,658,617,557,583,541,513,443,496,439,443,441,306,370,312,332,292,325,207,244,253,186,190,177,178,173,146,138,114,131,135,105,104,97,81,78,100,64,78,72,66,61,45,58,45,29,38,35,34,21,22,44,21,23,21,14,16,12,10,10,15,10,5,9,6,0,3,10,1,7,5,2,5,8,3,0,3,2,4,0,1,2,1,0,1,2,0
0,0,0,2,2,3,0,0,4,3,1,2,11,8,1,3,2,10,9,14,8,16,27,17,21,22,15,20,35,36,28,51,48,58,103,45,74,103,75,130,140,118,119,162,216,214,234,247,268,317,317,331,386,409,464,458,509,573,542,649,568,594,754,745,808,765,877,850,897,942,956,1023,992,1098,1060,1138,1181,1227,1223,1223,1159,1161,1239,1188,1349,1187,1189,1179,1111,1203,1132,1207,1174,1112,1128,1146,997,972,1053,994,922,957,869,879,794,796,741,762,762,693,626,635,553,516,581,480,513,474,496,455,374,369,361,338,326,239,300,240,218,232,230,182,206,189,174,158,150,128,103,101,107,80,82,113,83,71,85,56,49,56,48,50,58,43,48,47,34,36,33,31,21,27,27,21,29,12,21,12,13,15,6,8,14,11,3,7,5,4,3,3,7,4,7,3,2,0,1,1,0,0,1,5,0,0,1,0,0,1,3,0
0,0,0,10,1,5,2,2,3,4,4,2,9,8,1,3,3,9,14,11,9,18,25,24,19,33,17,27,34,45,34,55,76,72,99,58,96,122,82,127,134,132,136,193,247,223,267,223,307,314,368,369,417,509,477,493,495,559,609,678,630,714,795,830,864,783,903,907,906,1024,1031,1031,1094,1080,1087,1230,1227,1188,1257,1218,1143,1185,1249,1190,1290,1222,1171,1183,1065,1189,1160,1150,1134,1079,1091,1044,918,939,955,969,771,810,784,773,737,711,729,655,636,624,527,549,475,435,511,426,435,357,349,375,300,300,279,268,252,204,219,207,185,166,175,156,157,129,124,92,98,88,84,77,94,42,80,84,71,51,66,49,46,51,41,36,40,33,35,27,38,34,29,22,16,13,19,28,23,15,13,13,6,9,11,14,15,13,5,7,5,5,1,4,3,2,5,3,0,2,1,1,0,2,0,6,0,4,0,1,0,1,0,0
0,0,0,7,0,5,6,7,2,3,3,2,4,6,0,7,2,11,14,23,14,14,29,24,25,24,18,16,31,50,39,66,62,65,99,57,119,123,117,132,169,142,144,193,241,264,296,255,325,372,383,391,412,507,587,528,588,643,616,785,667,783,857,851,808,846,939,931,977,1001,1091,1068,1049,1100,1105,1221,1148,1313,1316,1177,1171,1171,1221,1189,1285,1230,1155,1152,993,1164,1095,1129,1065,1031,1058,960,946,770,848,912,780,768,706,711,683,617,639,586,611,500,487,428,431,380,392,431,372,323,314,258,258,256,236,240,218,183,174,184,131,141,141,133,149,105,91,81,74,78,66,69,74,48,47,53,49,39,50,40,33,38,31,36,30,31,30,17,20,16,21,18,12,9,22,19,5,12,13,13,10,10,8,13,9,6,6,4,5,5,4,3,2,2,3,3,1,2,1,0,0,0,2,4,0,2,0,0,0,1,0,1
0,0,0,3,2,5,1,3,0,4,3,2,7,5,0,5,8,11,12,16,15,29,33,27,27,43,12,24,47,31,46,74,60,59,122,73,93,107,92,134,183,142,135,219,297,262,285,275,339,386,402,421,440,534,616,540,612,632,629,787,708,750,946,880,924,858,954,952,1018,1086,1017,1097,1076,1155,1166,1128,1211,1221,1285,1124,1111,1216,1198,1185,1300,1152,1155,1055,967,1096,1050,1045,974,963,958,899,808,756,843,800,670,689,678,683,615,538,569,549,539,477,430,369,365,345,362,304,321,282,264,256,220,226,202,166,182,141,147,143,116,129,143,94,85,83,79,64,67,68,59,61,50,49,51,44,28,38,32,25,22,35,23,32,34,17,12,21,22,12,15,14,12,11,11,13,17,11,5,9,5,10,6,6,9,6,3,7,3,5,1,3,3,0,1,2,0,1,3,4,0,1,3,2,0,4,2,2,0,0,0,0
0,0,0,2,3,9,5,4,3,9,3,4,5,8,0,9,1,13,15,17,8,33,30,29,29,48,23,30,44,65,32,83,77,87,120,64,118,124,109,123,172,169,146,212,331,285,278,278,360,405,395,424,467,565,626,555,623,637,672,864,707,820,856,865,897,807,968,918,1012,1057,1049,1063,1068,1165,1180,1162,1220,1186,1252,1088,1073,1154,1197,1152,1205,1123,1066,1134,982,1096,987,984,957,917,907,811,779,743,789,795,640,697,626,567,572,519,491,480,510,382,354,324,311,327,321,308,261,232,229,232,183,172,169,153,143,107,137,103,113,92,97,61,88,80,62,53,55,52,48,61,32,35,28,49,24,26,27,26,22,31,20,13,19,16,16,15,20,18,10,12,7,10,7,11,10,3,12,5,6,0,4,5,8,4,3,2,5,3,3,4,5,3,3,2,0,0,1,0,0,1,1,4,0,3,1,0,0,0,0,2
0,0,0,5,3,3,5,1,4,8,2,2,3,4,1,3,3,15,11,19,14,26,49,27,42,48,10,35,45,72,46,70,89,107,123,90,121,122,117,150,178,153,164,224,284,317,282,300,365,419,470,406,470,562,578,644,578,646,707,801,724,809,894,884,996,828,1023,920,1043,1054,1055,1100,1049,1086,1176,1144,1160,1201,1225,1169,1081,1125,1110,1095,1263,1126,1033,982,939,1000,932,910,898,898,859,817,706,663,670,716,598,619,553,542,523,464,448,432,407,367,326,341,296,272,276,235,217,217,222,213,142,160,153,117,148,100,125,90,82,77,62,67,89,62,52,54,44,48,37,37,33,30,30,26,21,19,13,18,17,18,23,10,15,13,12,9,9,10,4,9,8,7,7,13,7,2,5,8,5,5,4,6,3,5,2,4,5,1,1,1,2,0,6,2,2,2,1,1,0,1,2,3,0,3,2,0,0,1,0,1
0,0,0,7,1,3,2,3,0,6,3,4,10,3,1,9,12,11,24,17,14,25,35,36,25,30,22,39,49,63,45,76,81,90,125,93,99,143,130,146,190,137,168,203,321,278,317,297,349,438,470,465,490,541,659,596,577,679,705,859,699,741,853,877,945,838,960,1002,1000,1049,1020,1129,1045,1171,1141,1195,1113,1205,1175,1085,1037,1094,1058,1106,1084,1014,1054,906,885,949,863,846,866,796,819,718,670,624,662,632,535,529,490,489,473,415,385,395,361,354,313,297,255,228,233,212,219,180,178,174,157,139,138,103,103,82,101,81,75,72,58,53,61,34,50,32,42,31,23,29,23,19,25,17,17,17,17,11,13,17,16,17,14,6,13,12,4,10,9,11,5,5,8,5,9,9,9,7,4,6,5,5,8,4,4,4,4,2,0,1,2,1,2,1,0,1,0,2,0,1,0,2,0,2,2,1,0,0,0,0
0,0,0,9,0,3,3,4,1,6,3,2,10,11,2,11,3,18,14,33,11,27,41,30,31,40,17,42,47,58,47,93,69,91,131,85,148,150,108,189,161,163,191,256,322,288,317,316,377,415,461,443,483,575,665,566,605,666,753,815,766,773,861,874,962,899,976,923,994,1028,1057,1025,1081,1083,1086,1149,1199,1121,1142,976,1063,1056,1133,1068,1139,1028,937,849,822,937,837,836,809,722,715,711,641,557,625,625,498,476,444,454,435,381,344,304,333,321,296,226,221,196,211,198,197,169,152,150,107,117,95,103,75,61,91,68,62,57,55,48,50,40,38,31,19,26,27,32,21,13,30,19,11,17,18,12,10,11,12,16,9,7,9,4,9,11,9,7,5,6,8,5,1,5,3,4,5,4,2,2,6,2,0,2,1,1,1,0,2,0,6,0,2,0,1,0,0,0,0,2,0,1,0,0,0,1,0,1
0,0,0,8,1,7,0,4,2,6,1,2,6,5,2,9,3,18,18,18,15,27,39,31,24,43,24,28,48,66,48,73,75,92,117,95,109,160,121,180,186,189,186,266,322,320,312,318,419,425,482,486,521,595,660,597,637,686,723,766,742,844,944,898,948,855,944,930,973,1006,1028,1065,1026,1046,1011,1087,1102,1123,1071,998,976,1010,1040,1068,1040,924,883,809,794,855,817,758,729,687,688,620,588,542,596,561,465,466,450,390,394,353,319,333,323,280,269,256,218,179,176,158,161,142,114,115,98,104,95,78,70,61,76,62,47,60,37,35,45,31,32,35,22,25,22,27,11,17,20,13,8,14,10,4,8,6,3,13,10,4,5,4,9,7,5,2,7,5,5,4,7,2,7,2,1,5,2,4,7,4,2,0,3,2,0,1,3,0,0,0,0,0,1,1,0,0,0,2,0,0,0,0,0,1,0,0
0,0,0,5,2,6,5,3,1,5,3,3,12,4,0,6,1,16,19,25,14,26,30,41,43,53,19,28,48,57,56,78,90,94,121,107,137,176,124,184,206,184,189,242,325,324,324,357,383,428,474,473,484,652,634,550,641,734,688,844,752,819,861,858,955,850,1029,903,976,1011,1071,1031,1074,1039,974,1062,1052,1078,1057,1025,982,918,990,960,1029,877,866,819,684,834,779,718,736,671,637,608,545,523,532,529,402,428,376,415,369,331,310,287,267,264,266,222,190,163,181,147,123,131,130,109,94,83,83,82,81,45,56,51,52,33,34,53,43,30,37,24,16,23,21,26,14,10,16,18,8,8,12,15,6,12,12,8,6,6,6,2,2,2,5,13,5,6,7,4,7,6,5,3,6,2,2,5,2,1,5,0,2,0,0,0,4,2,0,1,1,2,0,1,0,0,0,0,0,2,0,0,0,2,0,0
0,0,0,4,3,8,3,2,1,7,5,2,19,14,0,5,3,20,17,21,12,29,37,32,40,48,22,31,54,65,50,79,98,92,119,105,161,157,120,170,203,183,182,254,346,326,331,305,390,444,445,425,515,612,641,603,665,686,709,833,707,764,838,900,921,844,971,946,967,1012,983,960,1026,960,1010,1094,1064,1079,1112,953,914,952,999,931,1008,901,841,767,718,799,744,689,633,636,604,628,532,458,475,454,405,411,362,349,343,300,267,240,250,215,176,210,175,144,154,130,146,115,94,98,87,76,72,63,62,50,38,50,36,47,38,27,19,21,26,18,17,22,14,9,13,10,14,10,12,5,10,4,7,10,7,11,11,9,4,3,4,6,3,8,3,1,6,4,7,1,1,6,1,1,3,4,2,3,1,0,1,0,0,0,2,1,1,2,0,2,0,0,0,0,0,2,0,1,1,0,0,0,0,0
0,0,0,6,1,3,2,3,1,7,1,3,6,9,2,11,8,6,18,18,11,27,41,31,34,41,21,44,53,55,53,94,108,84,152,100,147,186,143,184,205,152,210,268,330,308,368,308,371,450,485,452,516,616,609,569,669,700,695,800,719,781,896,850,951,806,927,898,945,970,945,944,1031,1039,1018,1002,1027,1060,1055,915,892,919,905,924,931,861,783,803,730,746,684,683,672,610,592,525,511,455,487,426,422,346,375,320,300,287,240,237,233,187,188,183,176,129,137,127,100,125,107,92,83,69,58,57,68,40,61,40,44,48,26,24,24,26,19,21,11,18,14,7,11,12,7,6,10,2,13,4,6,4,3,6,3,3,6,3,6,2,3,1,2,3,1,2,2,6,0,1,3,3,1,1,5,2,1,0,0,1,0,1,2,0,2,0,1,1,0,0,0,0,0,1,0,0,0,0,0,0,0,0
0,0,0,4,2,11,5,4,0,3,2,6,11,6,0,10,6,16,19,28,8,30,48,44,25,48,31,33,77,59,45,85,119,106,143,109,144,167,118,156,205,193,186,242,361,325,329,287,395,436,472,435,491,624,633,592,625,714,680,754,728,759,822,894,925,873,967,894,932,941,953,888,1006,977,945,1021,998,993,1082,932,840,838,888,884,910,840,768,776,668,697,616,604,597,540,533,523,412,424,434,399,388,329,326,294,296,248,267,223,229,195,182,148,137,102,145,111,112,102,90,78,56,65,70,53,48,39,44,37,30,33,26,28,18,13,20,11,15,16,16,12,12,3,8,11,4,11,4,5,4,6,5,5,4,5,2,4,0,1,2,4,4,0,0,3,4,0,2,4,2,4,1,0,3,2,1,2,0,0,0,2,2,0,0,0,1,0,2,1,0,0,0,2,0,0,1,0,0,0,0,0
0,0,0,10,1,12,1,3,1,4,2,3,12,7,0,9,4,9,19,15,7,24,46,36,50,44,16,41,54,75,55,94,107,117,130,94,112,174,107,180,198,181,189,273,329,337,367,341,429,449,484,436,528,612,725,613,671,686,687,842,699,747,872,858,904,861,876,896,951,950,881,868,966,913,964,976,982,950,970,849,824,822,900,870,886,773,716,697,655,661,659,624,567,529,570,482,453,364,398,395,345,335,296,285,275,247,206,210,220,161,154,161,140,129,129,92,85,98,88,83,64,62,51,58,54,33,33,38,33,28,27,14,24,14,12,12,15,9,9,10,6,10,10,2,9,9,11,2,4,6,5,5,3,3,4,2,3,3,4,7,0,1,1,3,9,0,4,0,1,0,2,1,0,2,1,1,0,0,0,0,1,0,2,1,1,0,0,0,0,0,0,2,0,0,0,0,0,1,1,0
0,0,0,18,3,5,7,9,3,13,8,4,11,6,3,12,5,16,18,24,8,31,48,23,36,59,19,36,53,68,52,66,96,102,143,102,159,159,125,185,210,201,191,232,361,311,343,323,383,451,443,478,549,623,653,567,608,714,689,881,684,780,872,818,866,823,888,935,904,880,912,956,942,878,886,971,873,896,958,845,797,787,815,743,852,768,685,651,620,662,602,628,571,492,448,426,382,373,398,363,316,283,260,274,247,224,199,224,201,196,137,137,136,91,109,93,81,77,66,75,55,53,42,45,54,26,29,28,26,26,14,24,26,11,18,10,9,7,8,7,12,6,9,6,4,3,9,2,3,7,11,1,4,4,2,2,3,4,2,3,2,2,2,1,0,2,1,1,1,1,2,7,5,3,1,0,3,0,1,2,1,1,2,1,0,0,0,0,0,1,0,1,0,2,1,0,0,1,1,1
0,0,0,10,2,11,3,3,2,6,2,5,11,10,2,11,6,30,19,27,13,21,43,28,30,46,23,32,81,74,56,77,88,106,147,102,142,165,113,157,205,183,201,251,324,323,333,336,402,428,460,467,498,581,624,568,644,674,699,817,653,733,818,792,913,846,900,879,902,911,818,854,962,876,881,946,923,932,906,768,744,812,745,781,792,687,663,643,548,548,564,545,543,502,496,408,342,327,327,324,266,291,271,228,256,234,205,183,170,170,126,116,93,95,110,86,75,74,60,64,70,56,43,39,26,29,43,30,26,30,21,19,15,19,12,12,10,8,9,6,7,6,5,7,4,3,4,6,4,3,2,1,2,8,3,3,2,2,7,1,0,1,2,2,1,2,1,4,0,1,1,2,2,1,0,3,1,0,0,2,0,0,0,1,0,1,1,0,0,0,0,2,0,2,0,0,0,1,0,0
0,0,0,9,2,8,3,6,1,4,5,3,8,3,2,5,8,24,21,26,13,19,41,44,33,50,26,32,59,67,47,81,89,95,121,105,114,147,159,199,210,148,195,247,330,331,344,320,385,443,502,461,501,598,655,596,583,658,684,796,689,692,852,788,841,808,896,834,858,853,854,813,860,886,874,947,915,871,849,800,744,765,771,733,767,728,630,635,553,618,597,523,502,399,414,446,362,362,304,310,258,258,229,239,220,187,191,161,154,142,119,117,107,96,89,68,80,64,61,60,43,41,41,40,34,31,20,13,19,20,17,16,24,6,10,14,4,6,8,7,3,5,6,3,9,3,3,4,2,2,2,3,2,0,3,0,2,4,2,0,0,0,1,0,0,1,0,1,0,1,0,0,0,0,1,1,0,0,0,2,1,1,0,0,0,0,0,2,0,1,0,2,0,1,0,0,0,0,0,0
0,0,0,11,3,3,3,6,1,9,5,4,7,4,2,13,6,10,21,17,17,41,44,33,47,53,23,39,48,74,54,97,77,90,134,105,128,156,128,196,181,178,221,235,330,299,312,306,405,472,454,441,518,575,629,569,598,675,687,762,655,775,847,767,830,695,848,864,840,853,837,834,838,779,867,915,880,828,849,729,677,730,772,733,746,650,617,518,538,543,522,510,485,414,413,372,322,330,324,275,248,257,217,216,178,189,174,136,157,151,127,127,79,95,76,70,56,74,53,52,45,49,38,30,24,21,28,20,25,19,13,11,13,12,8,7,4,6,6,4,5,3,6,4,4,4,4,1,1,2,4,3,1,2,2,2,1,0,1,0,2,2,1,2,1,1,3,1,0,2,1,1,1,1,0,0,1,1,1,0,1,0,1,0,0,2,0,1,0,0,0,3,0,0,0,0,0,0,0,0
0,0,0,5,0,6,5,5,1,9,0,3,17,9,2,9,7,17,33,25,13,37,47,34,36,44,27,26,52,72,45,82,90,106,125,87,129,161,130,187,219,176,191,244,364,332,309,314,390,413,480,429,420,611,637,488,563,719,661,757,673,717,875,752,806,773,847,791,812,855,784,815,832,828,800,807,905,821,857,710,689,725,714,675,692,648,565,558,497,492,494,469,412,428,422,337,361,333,280,286,248,256,196,214,190,178,144,159,157,109,108,80,72,81,84,89,79,57,49,45,48,38,39,25,25,19,27,19,19,21,20,8,7,13,15,8,2,9,3,4,8,7,2,3,4,2,5,2,0,0,1,1,1,1,2,0,0,1,0,0,2,4,3,0,2,0,0,1,0,0,0,1,1,0,0,0,0,0,0,0,0,0,1,0,0,0,1,0,0,0,0,0,0,1,0,0,0,0,0,1
0,0,0,6,0,12,3,3,1,9,0,3,13,8,0,10,5,21,28,21,22,31,48,29,43,43,24,27,46,61,44,81,90,88,152,111,129,202,154,183,209,168,187,268,317,339,314,308,389,438,471,435,531,565,668,555,575,616,643,799,634,683,761,735,841,740,853,753,810,811,793,785,829,830,816,782,823,799,806,724,636,673,637,684,706,571,518,513,560,535,450,437,437,387,367,309,310,296,245,268,244,242,205,179,194,161,127,146,124,121,111,87,79,74,73,72,63,57,47,54,39,35,32,34,27,36,23,22,13,11,12,8,14,10,3,9,5,2,6,5,6,2,2,2,1,2,3,1,1,2,0,0,0,3,1,1,0,2,4,0,2,0,3,3,1,1,1,1,1,0,2,2,2,1,0,1,0,1,1,0,0,0,0,0,0,1,0,0,0,0,0,1,0,2,0,0,0,0,0,0
0,0,0,10,2,7,4,4,2,9,6,3,11,9,1,9,9,18,22,28,18,30,53,29,31,59,27,33,53,72,49,79,114,89,155,99,167,160,155,173,205,170,195,246,314,347,328,314,403,408,499,402,475,568,607,582,570,619,636,763,611,655,750,716,803,699,804,750,797,750,750,763,822,747,756,782,736,734,739,682,647,623,629,595,657,554,530,527,408,505,437,369,410,377,358,341,281,296,278,261,236,198,196,197,172,148,125,135,131,95,80,89,85,68,68,55,64,51,47,54,37,33,29,32,31,13,17,12,19,12,13,7,10,9,3,9,7,8,3,3,3,3,4,4,2,2,1,2,2,0,1,0,1,1,0,0,1,0,1,0,0,0,4,2,0,2,0,0,0,1,0,0,0,2,0,1,0,0,0,0,0,0,0,0,1,0,0,0,0,0,0,1,0,0,1,0,0,2,0,0
0,0,0,10,1,11,4,4,0,4,3,6,12,11,0,2,10,21,9,26,12,32,58,35,36,48,10,27,59,69,42,96,101,115,123,99,141,143,121,158,208,177,206,248,321,321,317,302,358,402,427,457,492,546,602,578,633,594,628,730,630,667,741,724,778,666,759,732,699,765,768,777,744,734,776,726,710,708,746,628,638,655,605,635,627,561,494,454,473,465,453,383,332,330,336,322,282,280,286,243,178,215,169,161,162,160,141,123,119,107,78,72,82,65,67,52,60,51,38,42,29,27,34,28,24,14,22,11,20,15,15,4,12,6,7,5,4,6,5,3,6,2,3,0,2,0,1,2,1,0,2,2,1,1,8,1,0,0,1,0,0,2,2,1,0,0,0,0,0,0,0,0,2,0,0,1,0,2,0,0,0,0,0,0,0,0,0,0,0,0,0,0,0,1,0,0,0,1,0,0
0,0,0,6,1,9,2,3,0,4,6,4,4,10,1,7,6,12,30,26,10,14,35,29,31,70,20,36,64,60,51,93,100,93,141,88,123,183,142,143,215,180,205,248,300,310,341,275,366,376,432,450,482,575,615,548,542,618,609,712,566,646,734,677,799,697,739,697,760,700,673,705,738,698,719,763,738,742,770,640,597,580,647,592,613,525,513,497,445,422,401,356,359,340,320,304,239,223,261,220,196,193,184,157,164,143,133,103,130,102,98,89,73,77,57,48,36,47,35,40,24,25,27,26,14,13,15,12,10,10,15,6,5,4,6,6,6,5,3,7,2,2,1,0,2,4,1,0,0,3,0,2,0,0,2,0,0,1,0,0,0,0,1,1,1,0,0,0,1,0,1,1,0,0,0,0,0,0,0,0,1,0,0,0,0,0,0,0,0,0,0,1,0,0,1,0,0,0,0,0
0,0,0,10,1,8,3,2,1,7,1,2,15,7,1,10,2,14,25,17,18,18,46,40,41,55,18,27,52,75,40,80,106,85,145,107,120,141,121,185,183,171,207,231,311,323,333,305,356,374,435,444,446,512,594,559,559,562,607,692,597,666,706,665,709,647,732,674,682,783,692,653,724,669,680,706,712,713,681,639,562,595,601,581,619,508,495,481,387,385,419,353,369,329,273,255,269,247,241,202,174,193,180,139,149,130,107,132,105,74,76,67,54,54,42,45,49,37,37,25,27,34,32,29,20,16,18,17,11,8,9,12,8,8,4,6,1,6,6,4,2,7,0,2,2,0,0,2,0,1,0,0,1,0,0,1,0,0,1,1,0,0,1,0,2,3,0,0,1,0,0,1,0,1,0,0,0,0,0,0,0,0,0,1,0,0,0,0,0,0,0,0,0,0,0,0,0,0,0,0
0,0,0,7,0,6,8,4,4,8,7,4,5,11,2,11,6,20,21,16,15,24,38,34,40,49,22,32,56,69,38,81,93,99,115,93,121,161,134,185,212,156,188,251,342,322,332,329,342,397,431,425,471,548,542,529,551,576,585,689,580,666,670,625,704,630,727,688,705,666,648,733,707,716,727,681,679,668,633,570,584,557,559,562,539,501,414,401,381,414,380,391,332,308,257,235,243,231,221,195,171,165,163,170,127,136,99,114,93,98,61,77,68,60,54,36,53,40,35,21,35,21,27,22,22,17,11,13,12,7,14,8,4,3,2,3,3,2,3,2,3,2,2,0,2,0,0,1,1,2,0,0,0,3,3,0,2,0,0,0,0,1,0,0,1,1,0,1,0,1,1,1,0,1,1,0,0,1,0,0,0,0,0,0,0,0,0,0,0,0,0,1,0,0,0,0,0,1,0,0
0,0,0,3,1,2,1,3,0,8,3,0,11,9,0,10,3,24,31,19,21,29,47,29,40,57,24,29,42,56,43,89,85,91,148,80,137,165,140,173,190,165,177,235,304,289,291,321,362,415,439,418,465,485,559,480,544,614,570,719,585,581,683,594,702,673,704,672,679,685,698,686,698,686,623,639,691,677,643,576,530,538,542,508,532,456,436,451,394,419,342,324,314,297,291,237,237,186,187,184,170,160,169,148,152,123,112,92,90,78,65,51,64,41,42,51,38,33,29,27,23,22,13,15,20,13,6,13,16,13,7,10,5,4,5,5,7,2,2,1,2,3,0,1,4,1,3,3,1,2,1,2,1,0,0,1,1,0,0,0,1,0,0,2,0,0,0,0,0,0,0,1,1,1,0,1,0,0,0,0,0,0,0,0,0,0,1,0,0,0,0,1,0,1,0,0,0,0,0,0
0,0,0,7,2,7,4,4,2,3,4,3,11,3,1,9,7,13,25,18,18,32,46,27,37,46,16,33,50,48,54,84,89,91,129,89,164,193,119,170,233,155,192,234,297,289,271,280,406,409,411,403,458,475,527,493,537,540,583,650,591,677,677,672,667,629,706,652,667,699,643,637,653,612,625,648,664,640,601,555,547,507,504,490,524,449,439,412,333,353,359,332,295,257,283,236,223,195,217,189,169,161,133,116,128,119,102,92,103,75,71,68,50,53,52,41,41,39,26,28,19,23,17,19,17,16,14,6,7,10,9,9,7,4,4,5,3,2,4,1,2,2,1,4,1,0,1,1,0,1,1,0,1,0,0,0,0,0,1,0,0,1,0,1,0,2,0,0,0,1,0,0,1,0,0,0,2,1,0,0,0,0,1,0,0,0,0,0,0,0,0,0,0,2,0,0,0,0,0,0
0,0,0,4,4,5,0,7,1,3,8,3,9,13,1,10,8,20,24,17,12,23,44,33,36,61,28,28,58,73,44,73,96,88,144,104,99,156,114,157,201,159,205,219,312,317,304,278,320,353,415,415,442,508,564,468,516,564,509,581,583,625,650,658,644,579,692,652,631,674,613,631,623,632,614,620,589,637,614,513,493,518,487,478,442,439,389,358,368,403,319,289,277,257,263,241,214,192,202,172,149,138,134,116,128,107,93,88,84,69,74,61,47,45,32,33,38,32,28,31,25,22,12,18,13,12,11,4,11,12,10,5,5,5,3,4,0,1,3,1,2,2,3,0,2,0,1,0,1,0,0,3,0,0,1,0,0,1,0,0,1,1,0,0,0,0,1,0,0,0,0,1,0,0,0,1,0,1,0,0,1,0,0,0,0,0,0,0,0,0,1,0,0,1,0,0,0,0,0,0
0,0,0,8,3,11,2,5,1,5,6,4,10,10,0,9,5,15,28,22,14,40,38,34,36,48,15,32,59,58,52,83,76,91,130,79,117,145,114,146,185,162,175,209,331,307,279,290,339,344,404,377,431,520,539,493,496,516,530,609,503,543,602,655,636,574,646,612,627,616,621,603,618,655,592,628,576,599,547,471,451,484,491,475,470,405,396,394,310,342,299,288,282,262,256,216,194,173,149,160,133,133,126,118,109,99,99,89,80,70,67,56,41,38,46,46,22,28,33,21,15,21,26,17,14,13,10,6,8,5,10,3,1,4,2,2,2,1,4,1,6,3,1,0,1,1,0,0,0,0,1,1,0,1,1,0,1,0,1,1,1,0,0,0,1,1,1,0,0,1,0,0,0,0,0,0,0,1,0,0,0,0,0,0,0,0,0,0,0,0,0,2,0,0,0,0,0,0,0,0
0,0,0,4,1,5,5,1,1,12,7,4,14,3,0,7,7,26,21,17,15,29,58,35,35,42,18,19,59,65,38,55,92,104,135,83,130,147,89,147,186,157,183,222,308,299,262,265,363,362,414,377,387,478,496,421,494,517,518,617,591,589,642,604,619,590,605,606,608,610,606,575,606,626,570,578,615,531,552,481,472,446,440,423,476,381,370,370,299,319,322,330,291,257,223,197,189,192,157,179,136,125,108,105,102,93,76,76,89,74,50,62,53,46,33,43,35,27,29,23,17,27,16,12,7,12,13,12,8,6,4,6,4,2,4,1,4,4,2,0,1,1,1,0,0,0,1,0,1,1,0,1,1,2,0,0,0,0,1,0,0,1,1,0,1,0,0,0,0,0,0,0,1,1,0,0,0,0,0,0,0,1,0,0,0,0,0,0,0,0,0,0,0,0,0,0,0,0,0,0
0,0,0,6,0,8,5,7,4,5,5,4,7,6,0,12,8,19,21,24,13,28,29,39,32,42,21,38,55,80,44,79,95,100,114,99,135,163,109,127,165,180,183,240,296,300,269,265,324,324,379,382,449,465,524,459,458,496,489,625,506,530,557,537,624,551,624,560,612,650,567,557,571,571,576,583,536,529,553,448,431,459,450,422,449,383,381,337,319,316,282,286,248,252,195,217,162,182,177,144,143,136,116,100,87,74,83,65,75,76,66,46,43,29,36,41,29,20,32,22,17,10,19,14,14,13,9,12,9,6,5,5,3,5,2,4,3,2,2,1,0,1,0,0,2,0,1,2,1,3,0,0,1,0,0,0,3,0,0,1,0,0,0,0,0,0,0,0,0,0,0,0,1,1,0,0,1,1,0,0,0,0,0,0,0,0,0,1,0,0,0,1,0,0,0,0,0,0,0,0
0,0,0,6,2,4,3,1,3,8,8,2,13,10,1,11,6,18,14,26,7,26,41,30,29,41,23,41,55,60,43,65,106,79,126,92,117,160,116,146,181,151,156,219,276,271,292,309,322,331,390,375,426,453,494,449,460,504,486,583,560,551,619,554,614,573,615,569,549,579,572,572,594,517,554,538,499,507,525,464,461,434,424,380,432,370,320,308,287,282,289,261,247,205,235,185,170,156,135,139,149,143,107,84,103,85,78,71,73,52,45,41,37,39,33,45,32,23,27,18,15,17,11,14,10,6,6,8,9,4,5,3,5,4,4,6,1,1,3,1,0,0,2,2,1,1,1,1,0,0,0,1,0,1,1,0,0,0,1,0,0,0,0,1,0,0,0,2,0,0,0,0,0,0,0,0,0,0,0,0,0,0,0,0,0,0,0,0,0,0,0,0,0,0,0,0,0,0,0,0
0,0,0,7,2,8,0,8,0,6,4,5,7,10,1,4,10,17,23,19,8,21,41,39,32,46,17,23,55,64,36,72,85,88,110,90,122,145,131,152,171,143,171,204,278,270,270,249,280,332,371,369,376,465,474,475,464,450,517,542,463,515,584,567,606,530,586,557,534,558,521,531,530,550,512,542,542,471,535,450,454,434,394,415,456,340,320,299,255,291,275,250,223,212,211,197,171,189,152,139,113,109,114,104,88,85,82,75,69,44,61,36,30,43,32,30,35,19,26,24,13,16,14,11,7,6,11,7,12,5,5,7,5,5,1,1,3,2,2,2,1,1,2,1,3,0,1,0,0,0,0,0,0,0,0,0,1,0,0,0,0,0,0,0,0,0,1,0,0,1,0,1,0,0,0,0,0,0,0,0,0,0,0,0,0,0,0,0,0,0,0,0,0,0,0,0,0,0,0,0
0,0,0,10,2,10,5,4,3,8,2,4,11,10,1,10,5,20,25,23,15,25,33,34,23,50,24,28,46,66,48,77,69,99,120,84,108,148,97,139,176,142,165,207,293,252,263,253,324,351,393,343,390,448,455,418,461,488,441,589,495,488,565,522,612,472,575,505,575,519,560,540,526,508,526,529,558,466,498,397,403,425,386,383,399,335,339,283,271,295,233,206,214,230,187,193,167,137,128,132,123,112,87,91,76,87,65,61,59,59,52,41,27,34,29,32,23,32,19,21,17,12,15,7,14,8,8,10,13,10,8,3,0,3,3,1,1,2,3,1,5,4,1,1,3,0,1,1,2,0,1,2,1,1,0,0,2,0,1,0,0,0,1,0,0,0,0,0,0,0,0,0,0,1,0,0,0,0,0,0,0,0,0,0,0,0,0,0,0,0,0,0,0,0,1,0,0,0,0,0
0,0,0,7,1,11,1,5,1,5,4,4,5,6,0,9,3,11,14,24,8,31,41,28,37,51,16,38,41,53,43,67,88,70,111,72,115,164,119,162,176,153,167,174,282,272,271,245,304,314,346,325,363,436,503,449,429,471,480,568,475,506,548,537,559,522,556,464,532,517,561,474,503,478,519,500,475,458,474,405,410,382,363,347,401,304,302,268,250,276,234,249,232,187,186,186,171,123,122,124,111,102,77,79,74,82,69,51,64,66,34,55,40,34,33,34,24,21,18,20,13,15,7,12,9,6,5,9,7,8,6,2,7,2,3,1,2,4,0,2,2,0,1,2,2,0,0,0,1,0,1,0,0,0,1,0,0,0,1,1,0,0,0,0,0,1,0,0,0,0,0,0,0,0,0,0,0,0,0,0,0,0,0,0,0,0,0,0,0,0,0,0,0,1,0,0,0,0,0,0
0,0,0,8,2,6,3,1,3,3,5,3,8,8,0,4,5,26,29,29,11,22,52,37,28,41,17,20,36,61,43,80,86,82,118,79,111,123,94,150,153,140,189,183,286,257,285,235,294,324,339,355,376,446,499,391,442,430,443,530,440,498,528,502,554,463,555,478,530,513,504,490,516,455,485,471,478,435,466,384,368,360,406,369,357,293,278,283,237,258,226,224,202,184,170,174,153,119,119,121,110,93,103,97,80,85,68,58,48,58,50,46,25,34,27,30,20,20,14,17,8,15,9,11,5,9,11,6,2,2,4,3,3,8,1,1,4,3,2,2,1,1,0,0,0,2,1,0,2,1,0,0,0,1,0,0,0,0,0,0,1,0,0,0,0,0,0,0,0,0,0,0,0,0,0,0,0,0,0,0,0,0,0,0,0,0,0,0,0,0,0,0,0,0,0,0,0,0,0,0
0,0,0,10,2,10,4,3,4,5,4,1,11,6,1,8,7,14,21,30,9,30,39,39,28,34,17,20,45,63,35,84,69,74,117,84,100,147,115,140,191,154,156,188,264,264,279,248,299,313,366,360,364,438,399,412,407,460,462,506,407,473,536,483,525,445,523,470,517,540,478,459,476,499,435,486,463,450,420,377,360,370,348,350,338,306,279,286,238,251,240,230,177,165,158,157,149,110,113,108,117,88,78,72,76,48,72,64,47,43,38,29,35,33,28,30,21,13,25,19,17,19,12,12,4,10,6,4,5,3,2,0,8,2,1,0,2,1,2,1,1,1,0,1,1,0,1,1,0,0,0,1,0,0,0,1,0,0,0,0,1,0,1,0,0,1,0,0,0,0,0,0,0,1,0,0,0,0,0,0,0,0,0,0,0,0,0,0,0,0,1,0,0,2,0,0,0,1,0,0
0,0,0,6,0,7,1,4,3,6,2,4,12,5,0,5,5,15,18,22,12,30,41,39,34,34,21,32,46,53,37,80,68,88,131,68,121,136,90,123,172,109,162,170,263,263,254,215,274,301,351,297,322,408,369,374,395,416,378,511,417,472,488,461,541,447,548,509,466,491,460,467,489,494,453,455,425,446,428,361,380,329,353,352,320,288,267,249,214,242,210,188,187,180,176,154,148,114,112,113,102,89,70,67,80,70,50,53,52,33,39,32,45,26,28,28,19,14,22,10,15,13,11,8,8,5,9,7,9,7,6,4,1,3,1,1,1,3,1,1,1,1,0,3,0,0,0,0,0,0,0,1,1,0,0,0,1,0,1,1,0,0,0,1,0,1,0,0,0,0,0,0,0,0,0,0,0,0,0,0,0,0,0,0,0,0,0,0,0,0,0,0,0,1,0,0,0,0,0,0
0,0,0,7,1,5,0,2,1,6,6,1,14,6,2,9,3,16,18,25,12,26,40,25,20,37,17,27,49,48,51,76,85,63,115,82,115,134,127,124,163,112,167,185,271,299,239,246,258,303,317,303,366,399,422,378,396,449,415,530,467,468,484,513,542,437,515,448,453,491,446,464,482,441,442,424,425,446,388,354,311,361,310,306,323,306,266,232,255,221,211,187,194,180,145,154,133,117,123,139,76,97,74,79,55,60,49,64,45,35,46,44,36,35,14,19,19,20,17,17,13,20,10,16,8,5,4,11,5,8,7,5,5,2,1,4,4,1,0,2,2,2,0,0,3,1,0,0,1,0,0,1,0,0,1,1,1,0,0,0,0,0,0,0,0,0,0,0,0,0,0,0,0,1,0,1,0,0,0,0,0,0,0,0,0,0,0,0,0,0,0,1,0,0,0,0,0,0,0,0
0,0,0,10,2,7,1,6,3,9,5,5,9,5,0,4,0,15,22,25,10,21,42,23,28,54,16,32,49,57,35,60,78,88,110,84,106,126,101,128,149,137,164,182,246,252,251,255,265,290,362,295,337,373,390,381,397,404,393,485,420,441,486,449,474,407,477,443,434,456,391,415,393,458,416,408,411,394,421,353,367,327,348,307,321,269,236,233,229,205,208,204,147,148,157,142,129,109,107,125,109,81,84,70,56,58,67,59,40,35,33,21,27,23,29,25,19,11,16,14,13,9,13,11,8,11,4,4,5,5,3,4,2,1,0,1,2,1,0,1,0,0,0,1,1,0,1,0,0,1,0,0,0,0,0,0,0,0,0,1,0,0,0,2,0,0,1,0,0,0,0,0,0,0,0,0,0,0,0,0,0,0,0,0,1,0,0,0,0,0,0,0,0,0,0,0,0,0,0,0
0,0,0,9,0,6,3,4,1,10,8,0,11,7,1,6,10,15,13,19,6,20,41,42,28,43,18,35,49,37,38,85,88,78,87,62,93,137,92,122,162,125,131,184,242,241,227,220,262,282,319,335,346,426,395,348,397,438,385,442,403,384,483,429,479,400,468,434,463,457,409,413,486,439,418,417,389,394,378,325,286,316,325,313,355,249,234,250,218,202,185,155,181,135,137,124,104,101,95,114,77,67,79,55,62,41,55,45,52,42,34,27,22,29,30,27,18,20,16,10,13,15,8,4,7,11,6,7,4,3,4,3,1,3,3,4,0,1,1,0,0,1,0,1,1,1,1,1,1,0,0,1,1,0,1,0,1,0,0,0,0,0,0,0,0,0,0,0,0,0,0,0,0,1,0,0,0,1,0,0,0,0,0,0,1,0,0,0,0,0,0,0,0,0,0,0,0,0,0,0
0,0,0,7,4,9,3,4,0,6,3,4,12,9,2,8,6,15,15,22,8,24,34,26,21,35,22,21,43,53,34,85,78,72,108,76,113,123,110,126,153,150,140,164,247,251,232,234,268,290,311,296,350,405,402,358,339,427,405,455,379,443,470,424,460,394,470,429,455,393,455,397,384,388,374,424,372,334,374,285,287,293,277,266,285,255,212,207,183,218,200,206,184,159,149,118,110,87,110,105,94,93,72,61,63,47,45,56,42,37,30,28,25,22,21,17,21,18,17,17,10,13,13,8,11,7,5,6,5,6,4,2,2,2,1,2,1,1,2,0,3,1,0,0,0,0,1,0,2,0,1,0,0,0,0,0,0,0,0,0,0,0,1,1,0,0,0,0,0,0,0,0,0,0,0,0,0,0,0,0,0,0,0,0,0,0,0,0,0,0,0,0,0,0,0,0,0,0,0,0
0,0,0,7,0,11,6,3,2,6,2,4,7,5,0,7,5,15,18,14,10,20,38,25,31,40,15,28,47,61,34,61,82,75,110,67,98,120,96,157,146,147,128,159,233,266,215,202,243,250,317,292,338,353,374,342,377,398,371,475,369,426,489,394,416,395,450,392,416,405,390,410,434,367,400,380,375,363,412,301,281,276,263,266,268,222,197,204,204,188,174,154,166,135,146,147,112,91,105,102,80,80,73,63,54,55,43,35,34,45,31,28,31,22,27,12,18,10,10,15,15,11,8,13,8,7,3,5,3,7,2,1,5,0,0,1,2,2,0,1,0,0,0,0,2,1,0,0,0,0,1,0,0,0,0,1,0,0,0,0,0,0,0,0,0,1,0,0,0,0,0,0,0,1,0,0,0,0,0,0,0,0,0,0,0,0,0,0,0,0,0,0,0,0,0,0,0,1,0,0
0,0,0,7,3,9,2,4,1,5,6,4,9,6,1,8,7,17,14,23,9,16,37,22,24,33,18,22,37,54,31,70,61,85,89,68,94,113,99,121,142,103,136,152,224,226,200,209,239,277,340,266,292,397,375,334,380,356,349,475,396,387,402,415,453,380,427,380,411,455,405,388,421,356,383,396,359,371,380,271,269,262,267,281,244,233,213,220,182,202,151,180,167,138,127,119,123,93,95,100,75,91,73,58,50,65,42,45,39,37,28,26,21,23,18,11,21,24,20,10,16,17,7,9,6,3,7,4,7,2,4,1,1,3,1,3,1,2,3,4,1,0,0,0,1,0,0,0,0,0,2,1,0,1,0,0,0,0,0,0,1,0,1,1,0,0,0,0,0,1,0,0,0,0,0,0,0,1,0,0,0,0,0,0,0,0,0,0,0,0,0,0,0,0,0,0,0,0,0,0
0,0,0,5,1,3,5,2,1,13,6,0,6,7,0,12,7,25,12,18,12,20,31,34,31,48,11,18,30,50,48,68,78,75,99,72,108,143,108,135,127,119,131,160,265,227,225,211,248,265,289,305,303,302,357,296,375,350,379,429,365,384,381,388,425,387,418,397,421,416,364,332,368,353,368,357,329,316,368,274,294,255,259,270,253,225,189,179,174,173,163,143,142,118,135,134,96,87,107,83,58,74,52,51,51,47,52,57,43,34,29,20,28,23,22,12,17,14,9,16,12,8,11,6,3,4,4,1,6,5,5,0,0,2,3,1,0,1,0,0,0,0,0,0,0,0,0,0,0,0,0,0,0,1,0,0,1,0,0,1,0,0,0,0,0,0,0,0,0,0,0,1,0,0,0,0,0,0,0,0,0,0,0,0,0,0,0,0,0,0,0,1,0,0,0,0,0,0,0,0
0,0,0,6,2,9,4,4,1,13,5,3,8,9,0,9,5,9,15,23,11,20,28,26,32,40,9,22,38,52,39,76,68,61,99,64,108,129,105,123,146,92,129,150,229,228,207,191,258,274,291,269,328,336,368,334,327,370,337,429,384,374,411,358,376,367,409,383,351,395,393,361,356,348,336,354,319,287,314,295,282,264,245,214,289,213,213,200,211,179,162,136,147,118,108,113,99,99,92,71,68,84,60,59,49,33,38,38,33,33,28,22,11,17,12,12,19,18,17,16,4,7,7,3,6,4,9,5,6,2,4,1,1,3,0,2,1,0,2,0,1,1,0,0,3,2,1,0,0,0,0,0,0,0,1,0,0,0,0,0,0,0,0,0,0,0,0,0,0,0,0,0,0,0,0,1,0,0,0,0,0,0,0,0,1,0,0,0,0,0,0,0,0,0,0,0,0,0,0,0
0,0,0,4,2,7,4,1,1,6,3,2,10,5,0,8,14,8,21,16,14,19,30,37,28,38,10,26,41,65,30,51,63,66,88,76,94,107,82,115,126,131,115,149,240,219,187,200,225,254,284,255,285,339,370,310,335,311,361,415,358,338,376,411,432,354,394,370,365,346,377,363,340,345,350,360,320,302,302,255,256,279,267,252,248,211,196,216,185,174,174,118,136,109,108,78,97,90,79,82,59,75,55,51,40,39,37,32,43,32,23,19,28,15,11,11,15,15,10,14,13,10,7,9,6,3,3,1,3,3,4,2,3,3,2,2,2,2,1,1,0,1,1,0,0,0,0,0,0,0,0,1,0,0,0,0,0,0,0,0,0,0,0,1,0,0,0,0,1,0,0,1,0,0,0,0,0,0,0,0,0,0,0,0,0,0,0,0,0,0,0,0,0,0,0,0,0,0,0,0
0,0,0,6,1,4,2,3,2,6,0,0,6,5,1,12,5,14,17,15,8,30,31,33,23,40,14,25,46,38,49,57,64,69,84,60,106,105,101,121,138,124,135,161,218,218,213,183,239,291,257,279,304,363,339,307,338,306,380,348,324,352,400,379,408,364,416,363,354,331,338,353,377,329,325,328,282,313,290,240,310,231,234,239,218,203,210,163,174,179,150,161,129,115,111,95,83,76,84,77,58,63,42,51,38,45,45,40,26,26,24,25,25,22,13,15,12,14,14,8,6,9,9,7,4,5,5,3,0,3,4,4,1,0,1,3,0,2,4,2,0,0,0,0,0,1,0,0,0,0,0,0,0,0,0,0,0,0,0,0,0,0,0,0,0,0,0,0,0,0,0,0,0,0,0,0,0,0,0,0,0,0,0,0,0,0,0,0,0,0,0,0,0,0,0,0,0,0,0,0
0,0,0,9,2,7,4,3,2,0,2,0,9,12,1,7,10,20,18,11,6,14,26,27,22,30,13,15,39,48,29,47,47,70,103,68,91,109,78,95,145,102,143,168,220,197,194,190,218,230,263,267,287,306,317,280,292,344,342,390,328,327,367,361,346,323,354,339,345,368,337,314,343,301,297,291,293,302,309,258,248,242,233,218,231,188,180,169,157,163,136,165,109,111,120,102,82,70,76,63,61,60,60,41,42,38,40,30,27,34,29,27,26,20,13,17,13,12,11,15,11,5,12,5,6,4,7,3,5,3,2,4,3,4,0,0,1,4,0,0,1,1,0,0,1,0,0,0,1,0,0,0,1,0,0,0,0,0,0,0,0,0,1,0,1,0,0,0,0,0,0,0,0,0,0,1,0,1,0,0,0,0,0,0,0,0,0,0,0,0,0,0,0,0,0,0,0,0,0,0
0,0,0,8,1,6,3,1,3,10,1,2,9,8,0,8,5,14,18,23,7,12,29,20,22,30,17,29,40,52,35,49,52,72,105,70,99,134,83,114,123,121,123,149,229,195,217,162,250,226,249,274,307,328,316,300,286,314,316,368,303,318,361,335,412,327,376,316,332,338,327,320,316,308,322,297,290,287,276,237,242,230,223,213,228,182,181,199,148,140,144,116,119,115,103,99,96,82,63,78,50,57,51,40,37,41,45,34,31,31,22,21,20,16,16,12,11,8,8,5,9,8,7,4,5,3,3,7,5,4,2,3,2,1,3,1,0,3,0,0,1,0,1,0,0,0,0,0,0,0,0,1,0,0,0,0,1,0,1,0,0,0,0,0,0,0,0,0,0,0,0,0,0,0,0,0,0,0,0,0,0,0,0,0,0,0,0,0,0,0,0,0,0,0,0,0,0,0,0,0
0,0,0,5,0,4,7,5,0,3,3,2,5,2,0,9,4,17,15,15,8,20,32,29,25,27,23,23,33,59,35,58,61,60,101,52,82,92,80,94,119,120,132,158,201,177,186,192,219,244,240,243,244,290,324,273,276,359,344,386,307,344,345,327,359,335,355,352,324,334,285,307,324,278,299,280,262,302,255,242,221,239,224,201,212,178,166,134,150,160,142,124,104,108,104,86,83,68,83,72,65,65,45,48,53,46,35,45,35,24,26,16,28,17,17,17,13,5,12,12,13,8,4,6,1,4,8,4,3,3,4,3,1,1,3,1,2,1,1,0,0,1,0,0,1,0,0,0,0,1,0,0,0,0,0,0,0,0,0,1,0,0,0,0,0,0,0,0,0,0,0,1,0,0,0,0,0,0,0,0,0,0,0,0,0,0,0,0,0,0,0,0,0,0,0,0,0,0,0,0
0,0,0,6,1,5,4,4,1,9,5,2,8,6,2,5,6,10,16,14,10,23,37,15,19,32,17,27,51,46,32,49,70,59,81,64,83,115,79,103,120,99,119,154,206,195,206,190,209,240,246,243,278,265,303,295,307,303,300,337,278,347,343,334,363,303,312,313,297,341,314,277,329,328,266,270,289,309,266,249,232,193,229,177,214,176,175,144,152,135,139,99,126,117,104,91,78,71,64,72,56,68,52,47,35,42,31,33,40,18,25,10,17,19,16,13,11,16,9,11,10,5,7,5,3,3,4,2,0,1,1,1,3,2,2,0,0,1,0,1,1,1,2,0,0,0,0,0,0,1,0,0,0,1,0,1,0,0,0,0,0,1,0,0,0,0,0,0,0,0,0,0,0,0,0,0,0,0,0,0,0,0,0,0,0,0,0,0,0,0,0,1,0,0,0,0,0,0,0,0
0,0,0,4,1,6,2,5,0,4,0,0,6,6,0,3,2,15,11,16,11,18,32,26,20,42,16,18,49,38,30,60,66,72,77,53,103,100,76,134,119,96,121,150,212,192,217,179,205,252,237,250,250,283,272,302,290,299,288,342,286,302,350,331,339,332,343,323,280,325,291,300,284,283,277,273,253,245,273,239,245,232,207,187,207,183,165,138,129,132,140,107,92,82,81,78,79,70,81,67,42,53,40,45,35,35,28,33,34,31,19,19,23,14,13,16,10,6,9,10,7,8,5,6,4,5,0,2,1,4,2,1,1,2,3,2,2,2,0,0,1,0,2,1,0,0,0,0,0,0,0,0,0,0,0,0,0,0,0,0,0,0,0,0,0,0,0,0,0,0,0,0,0,0,0,1,0,0,0,0,0,0,0,0,0,0,0,0,0,0,0,0,0,0,0,0,0,0,0,0
0,0,0,5,0,6,2,3,0,6,3,3,9,2,0,11,4,9,12,17,9,26,23,27,32,32,12,20,38,50,29,61,47,66,82,60,91,94,74,91,92,104,102,134,200,174,185,179,201,208,232,225,231,289,290,250,299,304,277,322,281,265,299,318,329,304,338,308,322,301,280,296,325,257,272,254,248,247,270,189,214,230,209,185,197,167,164,134,133,124,120,121,104,83,96,85,77,74,75,58,62,60,37,34,36,36,36,23,29,26,21,18,20,16,18,6,9,6,5,14,8,7,4,6,2,6,2,3,2,3,1,1,1,1,3,0,0,0,0,1,1,1,1,0,1,0,0,0,0,0,2,0,0,0,0,0,1,0,0,0,0,0,0,0,0,1,0,0,0,0,0,0,0,0,0,0,0,0,0,0,0,0,0,0,0,0,0,0,0,0,0,0,0,0,0,0,0,0,0,0
0,0,0,6,1,8,1,2,1,4,4,2,4,6,4,7,3,14,19,11,8,21,22,29,22,29,12,26,40,40,34,64,61,56,86,72,73,111,69,101,108,101,104,145,191,166,186,148,177,205,237,224,231,273,288,252,261,276,281,330,253,310,323,310,292,289,300,283,297,264,292,278,267,274,244,255,275,201,256,211,191,164,207,155,179,159,131,152,115,119,115,115,89,87,75,79,76,55,67,66,45,48,47,29,29,58,25,32,31,22,18,17,22,17,10,5,10,5,12,8,6,6,3,8,4,4,2,5,4,3,3,0,0,1,0,2,1,2,0,1,0,1,1,0,1,0,0,0,0,2,0,0,0,0,0,0,0,0,0,0,0,0,0,0,0,0,0,0,0,0,0,0,0,0,0,0,0,1,0,0,0,0,0,0,0,0,0,0,0,0,0,0,0,0,0,0,0,0,0,0
0,0,0,6,2,4,5,2,1,6,1,4,4,1,1,6,6,7,4,15,12,12,29,19,10,22,7,23,38,39,24,54,70,67,79,47,83,101,73,94,98,97,106,133,180,183,190,143,189,247,222,207,242,258,302,250,258,270,286,321,231,279,271,293,281,276,302,303,289,261,263,271,281,270,270,235,244,243,255,192,183,184,180,153,166,139,147,123,121,125,122,91,84,90,85,74,83,57,65,66,40,52,37,37,41,29,41,27,28,24,14,23,20,18,12,11,6,6,9,11,8,3,6,5,5,6,6,6,2,6,1,2,4,0,0,1,0,1,2,1,0,1,1,0,0,0,1,1,0,1,0,0,0,1,0,0,0,0,0,0,0,0,0,0,0,0,0,0,0,0,0,0,0,0,0,0,0,0,0,0,0,0,0,0,0,0,0,0,0,0,0,0,0,0,0,0,0,0,0,0
0,0,0,3,1,5,2,9,6,6,0,2,5,4,1,5,3,11,18,17,8,21,24,17,18,28,7,21,46,41,35,47,67,58,87,58,80,99,78,103,94,89,118,125,174,177,166,180,165,173,211,232,244,245,305,242,228,291,264,276,246,262,299,266,292,259,280,273,273,299,267,289,262,218,245,251,225,217,223,189,165,187,176,159,174,150,129,124,122,126,102,93,91,95,75,71,79,56,60,53,43,33,46,27,28,44,30,23,30,29,18,19,12,10,15,13,8,5,3,10,7,7,5,8,3,3,5,5,3,5,2,2,1,1,0,0,0,0,1,0,2,0,1,0,1,0,0,0,1,0,0,0,1,0,0,0,0,0,0,0,0,0,0,0,0,1,0,0,0,0,0,0,0,0,0,0,0,0,0,0,0,0,0,0,0,0,0,0,0,0,0,0,0,0,0,0,0,0,0,0
0,0,0,5,0,2,2,4,3,7,4,4,7,3,0,2,5,18,16,26,10,19,28,32,11,35,11,20,40,36,30,45,56,52,91,52,83,94,60,82,100,102,88,129,167,180,163,159,167,203,221,201,232,269,262,213,251,238,262,336,280,312,290,286,304,262,257,261,267,264,234,262,263,264,232,261,221,235,209,210,184,208,193,158,164,151,143,118,124,104,110,102,86,74,97,65,73,62,57,41,45,36,43,45,32,30,27,31,24,15,17,15,11,7,19,12,12,7,4,5,12,3,4,5,4,3,0,7,2,3,2,0,1,0,0,0,2,1,0,0,0,0,1,0,0,0,0,0,0,0,0,0,0,0,0,0,0,0,0,0,1,0,0,0,0,0,0,0,0,0,0,0,0,0,0,0,0,0,0,0,0,0,0,0,0,0,0,0,0,0,0,0,0,0,0,0,0,0,0,0
0,0,0,2,0,6,3,5,1,6,1,0,5,5,0,5,6,8,17,18,5,13,27,27,20,29,13,21,31,40,30,40,53,65,83,60,78,99,62,99,101,91,108,108,178,186,153,144,170,206,229,171,258,248,286,239,229,247,249,302,253,270,266,298,284,272,267,259,239,245,248,238,259,245,210,243,235,212,202,195,191,165,182,170,180,135,111,124,96,119,101,87,71,68,83,69,72,46,53,51,29,47,31,44,28,30,25,24,26,24,17,12,13,13,11,10,6,10,7,3,8,7,4,4,2,2,1,1,1,1,0,1,2,1,1,0,0,1,0,0,0,1,0,0,0,0,0,0,0,0,0,0,0,0,0,0,0,0,0,0,0,0,0,0,0,0,0,0,0,0,0,0,0,0,0,0,0,0,0,0,0,0,0,0,0,0,0,0,0,0,0,0,0,0,0,0,0,0,0,0
0,0,0,3,2,3,2,2,0,5,4,1,6,3,0,5,4,6,11,13,17,10,19,28,13,25,7,13,35,34,35,38,44,57,79,63,79,97,68,81,113,75,100,119,167,156,145,148,172,164,211,187,189,258,257,252,254,232,249,295,235,286,286,256,304,268,269,260,256,259,246,220,269,217,221,213,215,205,209,162,158,150,162,147,145,140,135,119,118,104,107,100,86,70,73,66,65,71,55,55,41,33,37,40,30,35,13,24,25,15,19,11,12,17,13,9,8,9,5,5,7,6,5,4,3,3,3,1,2,2,3,2,0,2,3,1,0,0,0,0,0,1,0,1,0,1,0,0,0,0,0,0,0,0,0,0,0,0,0,0,0,0,0,1,0,0,0,0,0,0,0,0,0,0,0,0,0,0,0,0,0,0,0,0,0,0,0,0,0,0,0,0,0,0,0,0,0,0,0,0
0,0,0,2,0,5,0,4,1,6,3,4,6,3,0,7,3,16,17,9,9,10,22,23,22,30,10,18,31,59,29,49,49,50,91,48,81,95,62,87,90,91,96,129,172,179,128,144,162,171,204,177,198,259,280,236,232,269,253,285,240,241,276,269,276,263,267,271,219,241,224,228,226,219,224,211,199,220,150,175,169,163,160,131,153,116,134,119,109,107,97,102,68,72,91,51,66,52,60,39,52,39,31,31,39,22,26,25,27,20,14,14,14,14,12,6,4,10,8,8,3,5,4,4,0,0,2,2,0,2,1,1,1,0,0,1,1,0,0,1,0,0,0,2,0,0,0,1,0,0,0,0,1,0,0,1,0,0,0,0,0,0,0,0,0,0,0,0,0,0,0,0,0,0,0,0,0,0,0,0,0,0,0,0,0,0,0,0,0,0,0,0,0,0,0,0,0,0,0,0
0,0,0,5,2,4,2,1,1,6,2,1,9,3,0,2,7,11,21,13,12,16,24,14,14,21,9,20,28,38,31,49,44,47,72,48,63,95,78,83,105,94,80,111,160,179,146,134,155,149,183,207,195,236,261,238,220,239,219,287,227,234,274,263,281,206,263,238,264,245,233,204,235,201,202,209,204,183,194,166,155,138,162,138,164,125,116,94,98,98,96,104,63,72,78,84,60,40,46,38,31,31,31,27,28,25,26,21,21,15,28,14,14,7,9,11,12,10,5,7,3,8,5,2,6,2,3,2,5,1,0,2,1,1,1,0,2,0,0,1,0,0,0,1,0,0,0,0,0,0,0,0,0,0,0,0,0,0,0,0,0,0,0,0,0,0,0,0,0,0,0,0,0,0,0,0,0,0,0,0,0,0,0,0,0,0,0,0,0,0,0,0,0,1,0,1,0,0,0,0
0,0,0,6,0,6,2,1,0,3,4,3,5,3,1,5,5,9,16,14,5,16,24,16,20,27,17,10,31,36,25,50,41,42,79,54,90,81,69,94,122,103,90,110,166,151,155,146,155,166,170,156,210,228,221,192,222,226,230,258,223,225,278,232,249,256,233,226,217,223,237,226,223,217,202,193,175,210,202,167,166,131,129,160,132,129,111,105,98,97,78,74,70,67,73,51,49,64,46,54,36,31,40,33,26,21,15,19,11,23,17,18,13,16,10,7,16,7,6,6,5,7,7,4,8,4,1,2,1,2,2,2,1,1,1,1,0,0,2,0,0,0,1,0,0,0,0,0,0,0,0,0,0,0,0,0,0,0,0,0,0,0,0,0,0,0,0,0,0,0,0,0,0,0,0,0,0,0,0,0,0,0,0,0,0,0,0,0,0,0,0,0,0,0,0,0,0,0,0,0
0,0,0,3,0,10,2,5,0,5,3,4,5,4,1,7,6,8,12,20,9,16,22,22,18,26,10,20,34,33,23,60,44,51,63,60,73,82,58,92,99,89,88,98,160,151,150,123,185,175,203,188,197,202,223,201,214,209,232,245,221,234,251,258,237,200,224,226,229,225,221,217,213,198,191,160,202,166,164,140,128,143,136,148,138,114,91,103,90,84,96,75,67,84,71,62,45,43,46,52,30,37,18,28,17,24,21,18,15,14,15,9,10,12,13,10,9,8,6,3,5,9,0,0,5,2,1,4,3,2,0,1,1,0,2,1,0,2,0,0,3,0,0,1,0,0,0,0,0,0,0,0,0,0,0,0,0,0,0,0,0,0,0,0,0,0,0,0,0,0,0,0,0,0,0,0,0,0,0,0,0,0,0,0,0,0,0,0,0,0,0,0,0,0,0,0,0,0,0,0
0,0,0,6,0,6,2,0,3,11,4,4,4,2,0,6,4,13,14,14,6,10,17,23,20,25,7,17,17,38,26,58,42,56,71,45,54,83,51,79,90,81,97,118,158,137,140,128,139,157,200,169,183,205,250,200,195,239,234,265,227,219,233,204,258,195,233,232,197,228,197,199,202,198,191,200,175,185,184,155,120,145,128,127,134,137,115,111,91,88,79,75,94,80,63,51,45,41,55,29,36,31,32,45,19,25,14,19,22,12,23,16,15,8,5,8,8,2,5,5,1,5,5,5,2,2,3,3,0,2,2,2,1,2,1,0,1,2,0,0,0,0,0,0,0,0,0,0,0,0,0,0,0,0,0,0,0,0,0,0,0,0,0,0,0,0,0,0,0,0,0,0,0,0,0,1,0,0,0,0,0,0,0,0,0,0,0,0,0,0,0,0,0,0,0,0,0,0,0,0
0,0,0,4,0,5,2,1,1,5,2,0,6,7,0,3,6,15,15,17,10,12,27,21,15,25,15,16,26,37,31,52,52,48,57,37,48,86,64,77,90,58,90,105,158,126,128,140,140,169,187,158,203,244,211,206,184,217,182,269,203,205,250,209,215,218,250,193,229,207,203,212,211,183,197,166,174,194,182,153,163,155,110,116,111,109,110,88,89,85,93,68,64,76,67,51,40,45,41,36,28,38,30,21,25,20,19,19,18,15,9,15,13,8,8,10,5,9,2,8,3,7,2,3,3,1,4,2,6,1,0,2,2,1,0,0,0,0,1,1,1,0,0,0,0,0,0,0,0,0,0,0,0,0,0,0,0,0,0,0,0,0,0,0,0,0,0,0,0,0,0,0,0,0,0,0,0,0,0,0,0,0,0,0,0,0,0,0,0,0,0,0,0,0,0,0,0,0,0,0
0,0,0,5,1,5,1,1,1,3,4,1,6,4,2,6,5,13,10,14,6,17,19,17,20,30,8,17,33,28,27,44,44,56,49,50,74,76,52,81,91,91,78,93,140,133,117,118,140,158,196,161,164,240,212,190,204,194,226,240,189,196,220,229,229,192,222,213,193,222,175,183,187,187,153,179,165,146,177,147,150,128,119,111,145,117,89,92,88,77,65,65,62,60,52,52,40,46,52,36,36,28,36,33,28,18,22,11,21,13,16,12,8,11,9,8,14,6,12,9,2,6,5,3,1,2,3,3,2,0,0,0,1,2,0,0,0,0,0,0,0,0,0,0,0,0,0,0,1,1,0,1,0,0,0,0,0,0,0,0,0,0,0,0,0,0,0,0,0,0,0,0,0,0,0,0,0,0,0,0,0,0,0,0,0,0,0,0,0,0,0,0,0,0,0,0,0,0,0,0
0,0,0,4,1,4,5,0,1,2,3,3,7,9,1,2,2,8,13,21,8,20,25,24,19,27,13,15,32,45,20,38,58,45,63,47,57,82,64,62,79,67,80,88,122,111,135,115,164,174,149,157,168,191,199,206,208,221,194,203,222,198,197,219,230,196,204,179,156,188,192,170,189,189,168,178,154,170,162,139,114,129,98,117,107,94,85,83,74,81,72,79,64,55,54,40,45,30,39,35,26,43,28,29,25,22,20,19,14,25,16,10,8,7,5,5,8,1,3,8,5,6,2,1,4,3,2,3,5,1,1,2,1,1,0,0,0,2,0,0,2,0,0,0,0,1,0,0,0,0,0,0,0,0,0,0,0,0,0,0,0,0,0,0,0,0,0,0,0,0,0,0,0,0,0,0,0,0,0,0,0,0,0,0,0,0,0,0,0,0,0,0,0,0,0,0,0,0,0,0
0,0,0,2,0,6,2,4,3,6,1,2,4,5,1,3,4,9,12,8,8,15,24,21,19,35,15,16,20,26,11,34,41,47,62,33,60,68,63,57,80,88,80,108,124,144,143,110,123,143,169,176,175,192,215,174,177,173,207,230,200,198,184,180,236,184,186,221,172,200,160,183,185,171,178,133,162,160,144,121,121,123,120,111,138,111,84,88,67,74,72,64,73,54,51,49,37,39,30,36,28,29,31,24,20,15,15,13,15,11,15,12,11,5,10,6,8,9,6,5,11,4,4,6,3,2,5,0,2,0,1,1,0,2,0,0,1,1,0,0,0,0,0,0,0,0,0,0,0,0,0,0,0,0,0,0,0,0,0,0,0,0,0,0,0,0,0,0,0,0,0,0,0,0,0,1,0,0,0,0,0,0,0,0,0,0,0,0,0,0,0,0,0,0,0,0,0,0,0,0
0,0,0,4,0,3,2,3,1,2,2,5,3,7,1,3,2,10,12,13,5,16,16,25,12,27,11,8,32,31,24,43,44,65,70,42,54,71,40,76,74,78,68,102,144,120,111,106,136,158,168,153,194,189,211,167,176,201,201,223,189,171,209,174,231,179,197,197,160,184,166,166,176,169,177,160,181,159,140,108,135,112,122,95,101,100,85,80,70,80,67,53,62,57,51,53,52,37,24,29,33,34,32,14,26,19,26,9,13,15,15,10,11,9,8,6,8,8,6,3,3,4,4,4,4,1,5,3,2,3,1,0,4,1,0,1,1,0,0,0,0,0,0,0,0,0,0,0,0,0,0,0,0,0,0,0,0,0,0,0,0,0,0,0,0,0,0,0,0,0,0,0,0,0,0,0,0,0,0,0,0,0,0,0,0,0,0,0,0,0,0,0,0,0,0,0,0,0,0,0
0,0,0,1,0,5,0,2,2,4,5,1,3,12,0,3,6,3,9,11,6,12,12,18,17,31,16,15,25,30,19,44,39,34,52,40,57,62,46,76,77,74,84,102,112,120,116,111,121,152,166,150,160,196,189,177,184,204,181,198,201,182,189,169,215,139,177,169,168,186,157,174,164,135,163,158,158,111,132,129,89,109,103,90,109,86,91,72,61,98,61,49,58,49,54,44,39,42,34,19,33,29,22,23,23,22,19,15,17,14,18,6,8,10,7,6,4,4,9,5,6,4,2,1,0,1,1,1,1,0,1,1,0,0,3,0,0,2,0,0,0,0,0,0,0,0,0,0,0,0,0,0,0,0,0,0,0,0,0,0,0,0,0,0,0,0,0,0,0,0,0,0,0,0,0,0,0,0,0,0,0,0,0,0,0,0,0,0,0,0,0,1,0,0,0,0,0,0,0,0
0,0,0,1,0,6,0,1,0,0,4,4,5,1,2,5,6,12,12,8,8,11,23,20,14,20,11,16,34,28,23,34,41,49,54,45,63,78,46,61,92,72,77,94,144,105,123,111,114,117,143,133,145,199,168,143,155,157,210,195,163,174,195,192,200,211,212,182,165,169,169,165,143,144,165,124,145,155,146,134,123,102,122,99,107,87,82,68,66,60,58,67,55,49,52,46,40,28,41,40,36,33,22,16,16,18,15,16,23,9,9,12,9,6,8,6,6,8,6,6,1,5,0,5,1,2,0,4,4,2,0,1,3,0,1,0,0,0,1,0,0,0,1,0,0,1,0,0,0,0,0,0,0,0,0,0,0,0,0,0,0,0,0,0,0,0,0,0,0,0,0,0,0,0,0,0,0,0,0,0,0,0,0,0,0,0,0,0,0,0,0,0,0,0,0,0,0,0,0,0
0,0,0,4,2,9,0,3,0,3,1,0,5,2,0,8,5,13,8,13,7,11,18,17,22,25,8,14,21,21,14,41,38,55,63,43,55,68,54,66,70,64,71,81,127,129,124,126,146,137,151,133,177,188,165,170,183,177,156,215,178,188,183,192,190,158,179,142,174,166,154,157,154,156,150,159,132,131,149,115,125,120,110,101,109,86,67,62,68,75,58,59,54,49,42,41,37,33,30,23,22,24,26,18,18,20,14,14,11,8,13,12,6,10,8,4,4,6,6,6,9,3,3,1,5,2,0,1,2,3,1,3,0,2,1,1,0,0,0,1,0,0,0,0,0,0,0,0,0,0,0,0,0,0,0,0,0,0,0,0,0,0,0,0,0,0,0,0,0,0,0,0,0,1,0,0,0,0,0,0,0,0,0,0,0,0,0,0,0,0,0,0,0,0,0,0,0,0,0,0
0,0,0,6,0,6,1,2,0,1,2,0,5,6,1,3,3,11,8,6,5,14,18,19,25,28,8,15,24,23,20,40,35,46,61,44,57,67,50,60,73,66,90,78,129,124,128,116,125,128,163,136,156,160,177,178,172,164,145,206,149,148,176,175,193,153,183,156,163,161,155,136,171,151,104,153,134,147,144,115,125,113,94,111,105,81,62,74,48,59,62,52,42,47,55,38,50,26,22,27,25,39,20,17,20,15,19,12,13,15,16,5,9,2,7,3,5,2,2,6,2,4,2,0,0,2,1,1,0,1,1,3,1,0,0,0,0,1,1,1,0,1,0,0,0,0,1,0,0,0,0,0,0,0,0,0,0,0,0,0,0,0,0,0,0,0,0,0,0,0,0,0,0,1,0,0,0,0,0,0,0,0,0,0,0,0,0,0,0,0,0,0,0,0,0,0,0,0,0,0
0,0,0,2,0,5,1,3,4,2,5,2,6,3,0,2,3,10,9,6,4,16,21,14,10,20,5,13,21,24,22,43,44,47,44,41,39,53,36,55,60,70,65,87,118,105,102,101,122,130,142,134,147,165,190,166,157,179,162,191,170,168,169,167,186,160,167,162,177,174,159,163,119,150,159,124,115,97,128,105,94,107,87,93,115,72,67,74,55,48,59,48,53,38,54,59,44,18,33,25,23,26,22,11,12,17,20,8,14,12,7,5,10,8,3,1,10,7,4,9,3,7,1,1,2,2,1,1,2,1,1,0,1,0,1,2,0,1,1,0,1,0,0,0,0,0,0,1,1,0,0,0,0,0,0,0,0,0,0,0,0,0,0,0,0,0,0,0,0,0,0,0,0,0,0,0,0,0,0,0,0,0,0,0,0,0,0,0,0,0,0,0,0,0,0,0,0,0,0,0
0,0,0,6,4,3,0,2,4,4,2,1,8,4,0,4,1,7,11,12,6,16,9,15,11,27,9,14,18,29,14,38,37,38,51,38,51,67,52,53,67,56,76,60,119,107,103,84,120,128,122,115,144,156,159,160,154,164,141,181,151,159,190,171,150,155,184,164,163,143,139,143,131,124,134,113,143,136,124,113,73,96,100,96,90,73,66,60,63,71,44,57,45,37,41,41,26,33,25,23,23,28,29,23,22,10,17,12,10,10,8,11,8,8,8,11,2,4,4,5,1,2,3,2,2,2,0,1,0,0,4,2,0,0,0,1,1,0,0,1,0,0,0,0,1,0,0,0,0,0,0,1,0,0,0,1,0,0,0,0,0,0,0,0,0,0,0,0,0,0,0,0,0,0,0,0,0,0,0,0,0,0,0,0,0,0,0,0,0,0,0,0,0,0,0,0,0,0,0,0
0,0,0,2,1,4,1,2,0,5,4,1,2,6,1,6,1,7,10,9,6,16,22,18,12,22,7,21,32,29,22,35,29,39,37,34,49,57,43,53,69,52,63,94,125,106,104,86,118,131,158,136,150,170,147,159,153,132,170,151,146,151,161,148,156,159,172,159,177,150,117,143,126,122,135,143,129,129,109,105,81,92,89,76,83,72,67,77,54,55,40,44,62,35,45,28,37,33,31,34,34,26,14,24,10,21,20,11,14,9,5,5,12,5,4,1,5,5,7,6,1,2,4,3,1,1,4,1,1,0,1,0,1,1,1,0,1,0,0,0,0,0,0,0,0,0,1,1,0,0,0,0,0,0,0,0,0,0,0,0,0,0,0,0,0,0,0,0,0,0,0,0,0,0,0,0,0,0,0,0,0,0,0,0,0,0,0,0,0,0,0,0,0,0,0,0,0,0,0,0
0,0,0,3,0,2,1,1,0,1,3,2,3,7,1,4,5,11,9,16,3,13,23,17,15,20,7,19,25,27,20,42,33,35,45,41,56,64,46,48,73,56,77,85,101,102,86,99,122,126,124,105,136,130,171,152,149,171,153,167,141,155,168,180,180,155,160,153,151,158,131,146,142,112,107,129,102,91,131,107,96,79,83,82,85,89,47,60,55,60,53,42,36,45,33,39,35,28,27,18,25,21,23,19,22,23,9,11,14,12,11,12,7,9,3,5,8,1,6,3,3,3,1,1,1,2,3,3,0,0,1,1,0,2,1,0,0,0,0,0,0,0,0,0,0,0,0,0,0,0,0,0,0,0,0,0,0,0,0,0,0,0,0,0,0,0,0,0,0,0,0,0,0,0,0,0,0,0,0,0,0,0,0,0,0,0,0,0,0,0,0,0,0,0,0,0,0,0,0,0
0,0,0,2,0,0,1,2,0,4,5,1,8,3,0,7,0,13,16,11,4,13,14,19,17,27,7,10,21,24,22,30,34,38,52,31,48,60,50,68,68,59,74,89,121,121,95,83,119,108,131,126,124,134,160,139,157,137,142,158,148,170,158,169,133,167,142,148,138,168,140,122,140,112,103,104,121,115,130,86,86,66,75,94,70,54,79,56,60,54,56,43,40,33,45,33,19,30,26,17,14,24,21,24,17,16,8,19,12,16,8,3,7,7,6,10,5,3,4,3,5,2,0,1,1,1,1,0,1,0,1,0,2,1,1,1,0,0,0,0,0,0,0,0,0,0,0,0,0,0,0,0,0,0,0,0,0,0,0,0,0,0,0,0,0,0,0,0,0,0,0,0,0,0,0,0,0,0,0,0,0,0,0,0,0,0,0,0,0,0,0,0,0,0,0,0,0,0,0,0
0,0,0,3,2,6,0,1,1,6,2,3,5,7,0,2,5,8,10,12,3,11,20,7,22,22,4,13,25,28,22,42,40,35,46,30,51,57,35,62,56,65,62,74,108,105,81,87,107,126,126,117,124,166,161,123,150,148,147,178,125,129,138,151,158,124,151,138,144,146,136,148,135,110,98,101,104,124,110,89,77,87,78,90,92,77,65,43,59,61,48,60,43,39,37,32,33,27,23,20,26,24,15,21,13,17,19,19,8,7,5,6,6,11,9,6,10,9,4,4,5,5,3,3,2,1,1,1,0,0,0,0,1,0,1,1,0,0,0,0,0,0,0,0,0,0,0,0,0,0,0,0,0,1,0,0,0,0,0,0,0,0,0,0,0,0,0,0,0,0,0,1,0,0,0,0,0,0,0,0,0,0,0,0,0,0,0,0,0,0,0,0,0,0,0,0,0,0,0,0
0,0,0,5,1,7,1,1,1,3,1,0,4,2,0,3,3,7,13,6,3,13,15,10,9,18,11,11,20,29,18,36,29,32,44,41,53,65,47,43,69,64,62,75,109,88,95,90,97,101,122,114,140,134,170,117,140,155,142,145,134,133,157,134,144,122,154,140,132,149,101,116,153,113,120,109,104,113,110,79,100,82,83,63,81,70,66,59,50,43,59,47,55,29,39,30,33,21,17,29,18,19,14,10,14,17,10,19,11,12,14,5,6,5,6,9,1,5,4,1,2,6,3,0,1,0,1,3,0,0,2,0,0,0,0,0,0,0,1,0,0,0,0,0,0,0,0,0,0,0,0,0,0,0,0,0,0,0,0,0,0,0,0,0,0,0,0,0,0,0,0,0,0,0,0,0,0,0,0,0,0,0,0,0,0,0,0,0,0,0,0,0,0,0,0,0,0,0,0,0
0,0,0,3,1,3,2,4,1,1,1,2,2,2,2,2,2,15,15,9,10,16,20,16,17,17,8,17,24,23,16,31,32,42,47,22,34,51,45,53,59,40,50,78,90,93,92,72,106,128,99,108,126,123,125,126,114,127,146,124,140,143,149,137,129,127,123,145,142,132,122,130,123,127,133,109,100,93,108,74,68,76,75,69,72,55,60,41,47,53,36,39,50,47,28,35,35,23,26,27,12,23,19,21,14,13,9,9,8,7,6,8,9,7,5,4,4,3,2,1,5,2,2,2,1,1,0,1,1,0,3,1,0,0,1,0,0,0,1,0,1,0,0,0,0,0,0,0,0,0,0,0,0,0,0,0,0,0,0,0,0,0,0,0,0,0,0,0,0,0,0,0,0,0,0,0,0,0,0,0,0,0,0,0,0,0,0,0,0,0,0,0,0,0,0,0,0,0,0,0
0,0,0,2,1,5,1,3,1,4,2,1,5,4,1,6,1,7,11,10,6,14,17,17,9,14,10,14,22,24,19,40,41,36,35,23,52,58,42,37,55,59,70,70,109,102,98,93,102,93,111,94,106,143,137,130,136,142,156,139,135,136,153,136,136,118,143,133,124,109,121,107,117,107,123,106,77,100,95,86,94,86,88,71,59,62,57,66,41,61,48,43,35,32,43,26,27,27,20,26,15,13,12,16,15,10,6,10,10,12,5,6,10,6,4,9,3,3,5,2,2,2,3,0,2,2,0,1,0,0,0,1,0,0,1,1,0,1,0,0,0,1,1,1,0,0,0,0,0,0,0,0,0,0,0,0,0,0,0,0,0,0,0,0,0,0,0,0,0,0,0,0,0,0,0,0,0,0,0,0,0,0,0,0,0,0,0,0,0,0,0,0,0,0,0,0,0,0,0,0
0,0,0,7,2,3,0,1,1,3,2,1,10,2,0,4,5,8,13,8,6,9,12,12,8,20,8,12,25,25,13,21,33,31,32,25,41,54,43,40,56,34,52,50,96,95,90,84,89,105,116,101,121,128,153,109,121,143,140,144,139,131,126,139,165,131,133,147,104,138,119,127,126,104,103,111,108,91,101,90,94,73,89,56,54,54,46,47,48,42,49,43,36,34,29,22,31,25,20,20,20,13,13,18,10,12,8,11,13,13,3,8,9,6,3,5,3,2,6,2,3,1,0,1,1,1,0,2,0,1,0,1,1,0,1,1,0,0,0,0,0,0,0,0,1,0,0,0,0,0,0,0,0,0,1,0,0,0,0,0,0,0,0,0,0,0,0,0,0,0,0,0,0,0,0,0,0,0,0,0,0,0,0,0,0,0,0,0,0,0,0,0,0,0,0,0,0,0,0,0
0,0,0,2,0,4,1,2,1,2,2,1,8,3,2,5,2,7,8,12,7,7,17,12,10,17,5,12,13,16,17,32,32,40,51,28,44,51,40,41,58,46,63,73,78,78,83,77,96,100,124,115,117,123,139,111,133,121,115,120,132,138,133,124,130,122,119,136,117,108,101,104,109,108,99,91,92,90,94,84,82,54,68,69,75,63,63,51,30,46,44,29,35,23,28,27,30,20,19,16,15,18,14,12,15,8,13,11,5,7,12,5,4,8,4,5,11,4,1,2,2,3,2,2,0,1,3,0,0,0,0,1,0,1,0,0,0,0,0,1,0,0,0,0,0,0,0,0,0,0,0,0,0,0,0,0,0,0,0,0,0,0,0,0,0,0,0,0,0,0,0,0,0,0,0,0,0,0,0,0,0,0,0,0,0,0,0,0,0,0,0,0,0,0,0,0,0,0,0,0
0,0,0,4,2,5,2,3,1,5,2,0,6,5,0,3,0,7,13,7,2,10,9,13,9,9,8,13,18,28,14,32,30,36,41,29,44,45,37,57,62,41,58,59,95,71,94,73,114,106,128,96,115,143,139,122,131,131,117,159,128,108,129,140,127,120,122,101,113,115,122,106,118,93,94,96,86,90,79,77,75,73,75,55,64,53,53,50,46,48,41,41,30,26,39,26,28,20,23,15,21,20,14,16,10,22,9,5,6,10,7,3,7,5,6,6,3,4,2,2,2,1,2,1,1,3,2,0,3,0,1,0,0,1,2,2,1,1,0,0,0,0,0,0,0,0,0,0,0,0,0,1,0,0,0,0,0,0,0,0,0,0,0,0,0,0,0,0,0,0,0,0,0,0,0,0,0,0,0,0,0,0,0,0,0,0,0,0,0,0,0,0,0,0,0,0,0,0,0,0
0,0,0,3,0,2,2,1,1,0,1,1,1,5,1,8,2,7,5,4,1,9,15,19,14,24,5,6,21,16,12,14,33,22,43,27,26,52,33,54,41,58,43,67,65,87,89,78,83,82,91,97,121,144,122,129,109,110,109,137,124,120,140,149,125,111,144,120,104,124,92,107,95,98,96,118,89,105,85,72,58,79,68,72,59,59,52,44,50,29,50,41,35,28,27,26,21,16,19,20,23,13,22,15,13,12,7,6,5,8,7,11,7,6,2,2,1,6,4,3,4,2,0,5,1,2,2,0,1,0,0,1,1,1,0,0,1,0,0,0,0,0,0,0,0,0,0,0,0,0,0,0,0,0,0,0,0,0,0,0,0,0,0,0,0,0,0,0,0,0,0,0,0,0,0,0,0,0,0,0,0,0,0,0,0,0,0,0,0,0,0,0,0,0,0,0,0,0,0,0
0,0,0,4,1,2,3,2,0,0,2,1,1,2,0,3,3,13,5,6,1,11,12,8,11,16,7,10,24,18,15,26,26,27,42,22,46,45,47,47,36,60,56,55,79,78,73,56,99,61,104,92,100,126,129,100,100,118,121,139,96,117,141,126,114,88,122,124,104,103,76,107,100,90,94,72,88,83,90,67,63,70,54,57,75,40,45,43,27,48,37,33,35,25,26,23,33,20,29,16,20,18,11,16,16,16,12,8,8,5,8,5,4,7,4,3,4,6,2,2,2,2,0,0,1,0,1,1,0,0,0,2,1,0,0,0,0,1,0,0,0,0,0,0,0,0,0,0,0,0,0,0,0,0,0,0,0,0,0,0,0,0,0,0,0,0,0,0,0,0,0,0,0,0,0,0,0,0,0,0,0,0,0,0,0,0,0,0,0,0,0,0,0,0,0,0,0,0,0,0
0,0,0,1,1,2,2,2,1,2,1,0,2,1,0,2,1,8,7,9,1,4,15,7,12,8,9,8,21,33,15,27,28,31,49,23,32,41,38,37,55,44,62,79,74,83,68,68,76,86,117,94,110,126,113,117,109,110,116,127,102,137,123,113,116,108,110,111,96,99,91,106,80,101,80,97,91,83,88,58,58,65,58,68,75,55,54,35,33,39,45,29,32,24,29,23,29,24,22,13,20,15,11,11,10,8,9,4,10,6,3,10,4,4,4,5,2,3,1,0,2,2,1,3,3,3,0,0,0,1,0,0,0,0,1,0,1,1,0,0,0,1,0,0,0,0,0,0,0,0,0,0,0,0,0,0,0,0,0,0,0,0,0,0,0,0,0,0,0,0,0,0,0,0,0,0,0,0,0,0,0,0,0,0,0,0,0,0,0,0,0,0,0,0,0,0,0,0,0,0
0,0,0,2,2,3,2,1,1,3,1,1,5,4,0,4,3,6,10,10,3,9,6,12,9,16,7,7,28,19,13,27,27,23,34,17,36,47,32,47,55,35,43,70,67,78,79,72,77,69,109,90,111,114,131,99,124,118,119,141,103,111,117,103,113,126,123,101,107,96,71,81,92,94,98,94,77,65,79,74,81,66,69,53,59,47,41,36,34,35,37,37,27,23,21,26,18,18,26,21,15,17,16,18,14,8,6,6,6,9,8,1,6,4,2,4,1,6,5,2,3,1,0,2,1,5,1,2,0,2,0,1,0,0,0,0,0,0,0,1,0,1,0,1,0,0,0,0,0,0,0,0,0,0,0,0,1,0,0,0,0,0,0,0,0,0,0,0,0,0,0,0,0,0,0,0,0,0,0,0,0,0,0,0,0,0,0,0,0,0,0,0,0,0,0,0,0,0,0,0
0,0,0,3,0,5,0,3,0,5,1,4,3,5,1,4,3,6,9,7,5,8,10,10,7,18,8,9,17,19,13,23,29,35,36,28,39,39,24,41,48,31,50,71,87,81,69,75,75,94,94,68,110,115,126,87,102,99,110,132,106,107,122,119,103,102,123,111,90,101,78,95,82,88,63,65,91,64,75,71,54,52,62,74,53,30,45,37,31,36,21,38,41,20,27,24,17,22,21,19,16,14,11,13,10,17,8,7,8,8,2,5,5,3,4,2,0,0,6,1,2,3,1,2,1,0,2,1,1,1,1,0,0,0,0,1,0,0,1,1,0,0,0,0,0,0,0,0,0,0,0,0,0,0,0,0,0,0,0,0,0,0,0,0,0,0,0,0,0,0,0,0,0,0,0,0,0,0,0,0,0,0,0,0,0,0,0,0,0,0,0,0,0,0,0,0,0,0,0,0
0,0,0,1,0,4,1,3,1,2,3,1,6,2,1,5,3,4,6,5,4,11,11,9,10,14,7,8,22,20,12,20,31,39,42,22,43,37,35,41,45,38,44,58,86,92,78,62,84,82,106,90,101,110,109,94,103,81,98,117,93,94,115,91,100,76,101,92,87,92,83,81,92,75,84,83,80,70,70,62,70,52,52,67,46,37,37,37,28,40,38,32,30,31,27,28,17,12,24,16,19,18,9,7,12,11,5,8,6,3,4,3,3,3,2,2,0,2,0,6,3,1,0,0,2,2,0,0,0,0,1,0,0,0,0,1,1,0,0,0,0,0,0,0,0,0,0,0,1,0,0,0,0,1,0,0,0,0,0,0,0,0,0,0,0,0,0,0,0,0,0,0,0,0,0,0,0,0,0,0,0,0,0,0,0,0,0,0,0,0,0,0,0,0,0,0,0,0,0,0
0,0,0,1,0,1,2,3,1,1,1,2,2,5,0,0,0,6,9,14,5,7,16,21,4,14,8,5,20,20,14,17,33,17,38,23,31,52,35,27,47,31,47,55,73,51,73,71,85,78,79,92,105,106,116,106,90,89,111,123,96,100,96,107,100,96,91,86,103,99,87,82,90,71,80,75,78,74,68,68,48,52,49,57,45,42,53,33,53,42,36,36,38,28,22,16,21,14,15,9,14,12,15,9,15,6,8,6,7,5,4,4,6,1,5,4,8,3,5,3,2,0,1,3,1,0,2,1,0,1,2,0,0,1,1,1,0,0,0,0,0,0,0,0,0,0,0,1,0,0,0,1,0,0,0,0,0,0,0,0,0,0,0,0,0,0,0,0,0,0,0,0,0,0,0,0,0,0,0,0,0,0,0,0,0,0,0,0,0,0,0,0,0,0,0,0,0,0,0,0
0,0,0,4,0,1,1,4,0,3,2,1,1,1,0,1,0,5,6,3,2,6,11,12,8,7,8,8,18,19,13,15,23,31,36,29,23,31,20,37,37,36,33,51,75,66,60,67,71,72,83,75,84,116,88,88,100,91,101,104,76,83,125,97,107,100,103,89,95,87,89,77,75,70,79,73,72,78,60,50,64,57,52,44,65,45,39,34,28,40,35,32,41,21,27,21,21,20,18,23,10,17,14,13,18,12,12,7,7,6,7,5,4,3,5,4,3,3,1,2,0,1,0,1,3,1,1,1,2,0,1,0,2,0,0,0,0,0,1,0,0,0,0,0,0,0,0,0,0,0,0,0,0,0,0,0,0,0,0,0,0,0,0,0,0,0,0,0,0,0,0,0,0,0,0,0,0,0,0,0,0,0,0,0,0,0,0,0,0,0,0,0,0,0,0,0,0,0,0,0
0,0,0,1,0,4,1,1,0,3,1,1,6,5,0,2,2,6,8,5,2,13,12,8,6,15,7,11,12,16,18,28,22,23,31,17,30,38,27,36,32,33,50,48,89,68,68,67,67,80,75,78,73,98,92,78,98,104,87,126,89,93,100,103,102,90,99,110,82,88,90,74,70,89,70,71,73,63,67,55,47,53,54,52,51,51,38,42,26,32,19,37,37,25,19,24,15,18,10,17,18,18,14,10,12,9,10,4,11,6,3,4,3,1,5,4,3,2,4,1,2,4,2,1,1,2,0,1,1,1,0,1,0,0,0,0,0,0,0,0,0,0,0,0,0,0,0,0,0,0,0,0,0,0,0,0,0,0,0,0,0,0,0,0,0,0,0,0,0,0,0,0,0,0,0,0,0,0,0,0,0,0,0,0,0,0,0,0,0,0,0,0,0,0,0,0,0,0,0,0
0,0,0,1,1,2,3,1,0,4,5,0,0,0,0,2,0,7,6,12,3,5,19,7,10,14,4,4,20,17,12,21,24,22,49,22,37,38,30,32,56,33,48,60,62,80,73,52,63,86,96,85,92,105,97,97,77,87,99,90,96,109,92,98,95,85,85,74,72,97,75,98,64,77,85,77,67,70,73,59,53,47,39,48,44,37,31,38,39,35,27,42,24,21,18,23,17,10,17,13,15,12,13,9,10,8,7,6,10,6,3,5,2,6,6,3,2,3,2,2,2,1,2,0,0,1,0,1,2,1,0,0,0,0,0,0,0,0,0,0,0,0,0,0,1,0,0,0,0,0,0,0,0,0,0,0,1,0,0,0,0,0,0,0,0,0,0,0,0,0,0,0,0,0,0,0,0,0,0,0,0,0,0,0,0,0,0,0,0,0,0,0,0,0,0,0,0,0,0,0
0,0,0,0,2,5,0,1,0,3,2,3,5,4,0,2,1,7,11,9,2,8,18,12,8,11,7,8,13,16,12,19,22,26,23,20,27,44,35,38,50,30,44,46,74,61,56,53,71,79,73,58,94,77,104,86,81,86,81,104,85,79,100,68,90,74,109,70,67,99,68,79,73,84,64,74,81,85,50,55,49,55,47,37,37,41,33,30,29,31,39,26,23,23,23,16,9,15,28,14,13,17,8,15,7,8,8,10,9,5,2,5,5,6,3,5,5,4,1,0,1,1,0,1,2,0,1,1,1,2,0,0,0,2,0,0,1,0,0,0,0,0,0,0,0,0,1,0,0,0,0,0,0,0,0,0,0,0,0,0,0,0,0,0,0,0,0,0,0,0,0,0,0,0,0,0,0,0,0,0,0,0,0,0,0,0,0,0,0,0,0,0,0,0,0,0,0,0,0,0
0,0,0,2,0,1,1,1,0,5,2,0,6,2,0,2,1,5,6,5,4,10,7,11,7,7,4,7,12,24,13,18,19,20,35,24,32,36,31,32,55,28,46,47,87,69,57,64,58,58,71,75,98,107,104,76,89,101,85,103,89,95,82,81,88,92,93,95,83,93,61,69,63,74,55,67,59,61,44,59,52,59,52,52,38,38,38,41,29,33,21,27,29,19,29,19,17,19,21,17,8,9,9,7,11,9,11,7,5,2,6,7,3,2,6,2,6,0,3,1,1,2,2,0,1,1,0,2,0,0,0,0,0,0,0,0,0,0,0,0,0,0,0,0,0,0,0,0,0,0,0,0,0,0,0,0,0,0,0,0,0,0,0,0,0,0,0,0,0,0,0,0,0,0,0,0,0,0,0,0,0,0,0,0,0,0,0,0,0,0,0,0,0,0,0,0,0,0,0,0
0,0,0,4,0,2,0,1,1,0,0,0,3,2,0,2,1,5,7,5,6,7,13,8,9,9,7,5,15,13,10,22,27,30,22,31,33,31,32,37,49,32,36,53,68,62,59,60,76,64,76,67,78,99,92,89,80,79,94,93,69,83,90,86,89,83,84,83,75,81,78,57,71,85,76,64,41,58,59,36,52,34,44,37,56,32,43,37,33,25,33,32,25,21,17,18,13,13,14,22,7,10,13,7,12,9,7,7,4,5,5,3,6,1,3,1,2,2,3,3,2,3,1,1,0,1,0,1,0,2,0,0,0,0,2,0,0,0,0,0,0,0,0,0,0,0,0,0,0,0,1,0,0,0,0,0,0,0,0,0,0,0,0,0,0,0,0,0,0,0,0,0,0,0,0,0,0,0,0,0,0,0,0,0,0,0,0,0,0,0,0,0,0,0,0,0,0,0,0,0
0,0,0,2,0,3,0,0,1,7,1,0,4,4,1,6,5,6,9,8,4,6,5,4,6,7,7,7,14,9,9,21,21,25,40,20,45,44,22,30,55,28,43,43,74,53,70,58,64,52,70,68,95,98,102,80,74,87,102,103,89,84,90,86,94,74,102,76,75,51,73,81,58,74,64,68,65,56,64,47,47,41,30,40,49,35,31,30,30,26,28,22,17,25,12,14,12,14,9,10,10,11,11,7,8,1,7,9,4,12,2,3,3,2,4,4,3,1,2,1,0,0,1,1,1,0,1,1,0,0,0,0,0,1,0,0,1,1,0,0,0,0,0,0,0,0,0,0,1,0,0,0,0,0,0,0,0,0,0,0,0,0,0,0,0,0,0,0,0,0,0,0,0,0,0,0,0,0,0,0,0,0,0,0,0,0,0,0,0,0,0,0,0,0,0,0,0,0,0,0
0,0,0,1,0,2,2,1,0,1,1,1,2,2,0,1,0,3,10,7,3,9,6,13,10,15,3,4,9,9,12,14,17,27,25,11,37,34,28,22,35,42,30,42,57,60,61,47,55,74,85,63,81,84,86,77,85,69,94,78,71,70,86,94,70,66,100,83,79,73,79,73,73,64,53,65,63,59,52,46,46,49,50,34,34,28,26,31,38,30,20,28,17,21,20,14,14,13,16,9,9,9,8,6,4,8,5,2,2,4,7,3,6,3,3,3,2,1,1,1,3,3,0,1,1,2,1,0,0,1,0,0,0,0,0,0,0,0,0,0,0,0,0,0,0,0,0,0,0,0,0,0,0,0,0,0,0,0,0,0,0,0,0,0,0,0,0,0,0,0,0,0,0,0,0,0,0,0,0,0,0,0,0,0,0,0,0,0,0,0,0,0,0,0,0,0,0,0,0,0
0,0,0,1,0,0,2,0,0,3,2,1,2,4,0,4,2,5,6,7,1,10,13,3,4,16,0,6,16,24,11,19,22,20,32,22,31,34,21,31,36,28,29,46,54,59,60,54,55,68,72,61,75,89,88,79,61,81,69,75,81,81,90,83,83,84,88,74,72,62,65,57,43,55,62,58,74,41,48,44,43,39,41,36,39,35,33,38,21,26,32,25,20,16,21,22,8,4,8,10,8,11,7,5,4,10,7,5,3,6,4,2,5,2,2,2,5,2,2,1,3,3,3,1,3,2,0,0,0,1,0,0,1,1,0,0,0,1,0,0,0,0,0,0,0,0,0,0,0,0,0,0,0,0,0,0,0,0,0,0,0,0,0,0,0,0,0,0,0,0,0,0,0,0,0,0,0,0,0,0,0,0,0,0,0,0,0,0,0,0,0,0,0,0,0,0,0,0,0,0
0,0,0,2,1,1,1,2,0,1,0,1,0,1,2,3,2,6,7,4,4,3,9,6,11,11,8,8,18,9,11,22,13,23,32,18,27,17,24,44,36,32,37,42,56,60,58,63,69,61,63,76,56,75,88,63,79,88,68,85,79,73,80,80,84,71,67,65,93,71,55,59,66,67,54,65,57,58,71,47,39,31,33,37,34,33,36,25,23,25,16,23,21,25,19,21,18,5,21,10,17,11,5,8,6,7,7,5,4,5,2,2,5,3,3,3,2,2,2,3,1,2,1,0,0,2,1,0,0,1,1,0,0,0,0,0,1,0,0,1,0,0,1,0,0,0,0,0,0,0,0,0,0,0,0,0,0,0,0,0,0,0,0,0,0,0,0,0,0,0,0,0,0,0,0,0,0,0,0,0,0,0,0,0,0,0,0,0,0,0,0,0,0,0,0,0,0,0,0,0
0,0,0,3,0,0,0,1,0,2,0,1,2,3,0,2,2,5,1,6,2,7,9,9,9,12,5,10,11,17,11,22,20,13,24,14,31,34,31,33,39,29,35,42,60,60,36,53,68,57,74,56,55,84,78,78,71,74,79,88,69,98,74,90,59,65,68,62,67,72,83,70,73,45,57,48,70,39,43,34,45,30,37,31,41,28,34,30,25,23,19,21,26,17,16,9,18,10,13,10,3,12,10,2,9,10,4,2,6,6,6,5,3,4,2,1,3,3,1,1,2,4,1,1,0,1,0,3,0,0,0,0,0,0,0,0,0,0,0,1,0,0,0,0,0,0,0,0,0,0,0,0,0,0,0,0,0,0,0,0,0,0,0,0,0,0,0,0,0,0,0,0,0,0,0,0,0,0,0,0,0,0,0,0,0,0,0,0,0,0,0,0,0,0,0,0,0,0,0,0
0,0,0,4,1,1,0,1,0,2,0,0,2,4,0,4,0,2,5,5,2,3,13,5,8,10,6,6,13,10,13,25,15,27,30,20,28,36,19,27,44,29,40,33,42,47,48,51,57,64,64,56,69,84,82,68,87,85,79,87,61,82,91,70,74,85,69,69,51,71,55,54,58,51,59,58,45,46,45,48,43,43,41,27,47,24,28,29,25,26,15,26,20,16,24,13,11,6,10,14,9,10,7,7,7,8,7,4,3,5,1,3,2,5,2,4,2,5,1,2,1,2,1,1,2,4,1,0,0,0,1,1,1,0,0,0,0,0,0,0,0,0,0,0,0,1,0,0,0,0,0,0,0,0,0,0,0,0,0,0,0,0,0,0,0,0,0,0,0,0,0,0,0,0,0,0,0,0,0,0,0,0,0,0,0,0,0,0,0,0,0,0,0,0,0,0,0,0,0,0
0,0,0,3,0,4,0,3,0,1,0,2,2,0,0,0,1,5,5,5,1,6,9,10,10,17,6,7,12,12,8,20,26,28,26,16,31,32,18,25,44,30,38,46,66,44,56,38,65,53,58,52,52,55,69,75,63,75,81,63,67,70,77,71,69,75,90,54,44,67,58,64,61,56,58,41,51,39,54,51,34,42,42,33,34,28,28,31,26,16,23,22,18,16,16,17,10,8,15,15,11,6,7,8,11,3,11,2,6,4,0,2,5,0,3,0,3,3,2,0,1,1,0,1,1,0,0,1,1,1,0,0,0,1,0,0,0,0,0,0,0,0,0,0,1,0,0,0,0,0,0,0,0,0,0,0,0,0,0,0,0,0,0,0,0,0,0,0,0,0,0,0,0,0,0,0,0,0,0,0,0,0,0,0,0,0,0,0,0,0,0,0,0,0,0,0,0,0,0,0
0,0,0,5,0,3,1,1,0,0,0,2,2,2,2,0,2,4,6,4,7,13,8,6,10,13,2,5,10,16,9,15,15,22,23,17,20,38,11,28,35,38,28,41,57,52,47,50,42,51,53,60,71,74,60,62,79,81,78,81,57,50,82,77,67,62,72,68,57,59,62,70,60,61,44,54,41,55,47,37,37,40,38,36,34,27,29,26,31,25,29,14,18,17,13,18,12,4,8,12,11,10,14,3,11,9,1,5,7,3,1,2,8,4,4,4,2,4,5,2,1,1,0,0,0,0,0,1,0,0,0,0,0,0,0,0,0,0,0,1,0,0,0,0,0,0,0,0,0,1,0,0,0,0,0,0,0,0,0,0,0,0,0,0,0,0,0,0,0,0,0,0,0,0,0,0,0,0,0,0,0,0,0,0,0,0,0,0,0,0,0,0,0,0,0,0,0,0,0,0
0,0,0,4,0,3,0,0,0,1,1,0,2,1,0,3,0,10,9,4,3,6,11,8,4,10,4,5,15,10,9,12,12,17,21,20,26,29,22,35,27,24,27,42,47,45,45,42,65,58,58,46,71,81,80,57,62,55,67,77,69,75,64,70,71,67,64,61,61,70,52,59,51,45,45,44,40,40,45,33,44,32,31,28,29,30,31,26,19,28,24,12,16,25,18,20,16,7,10,8,7,17,10,6,6,6,7,8,1,3,3,3,3,3,4,1,1,0,1,3,0,1,0,0,0,1,1,1,1,1,0,0,0,0,0,0,0,0,0,1,1,0,0,0,0,0,0,0,0,0,0,0,0,0,0,0,0,0,0,0,0,0,0,0,0,0,0,0,0,0,0,0,0,0,0,0,0,0,0,0,0,0,0,0,0,0,0,0,0,0,0,0,0,0,0,0,0,0,0,0
0,0,0,1,1,2,0,1,0,0,2,0,4,2,0,3,0,6,5,4,0,8,9,10,7,11,1,3,12,16,12,23,22,9,23,25,21,24,22,25,34,28,26,36,66,51,55,41,50,57,52,62,50,57,69,70,72,59,64,67,65,70,78,65,68,59,65,61,49,75,58,69,53,67,46,43,42,37,38,42,43,34,24,35,36,25,25,16,12,26,14,20,16,11,15,9,14,10,9,4,7,7,8,11,10,3,1,8,1,4,1,2,2,2,1,1,0,1,5,0,1,1,0,2,0,0,0,0,0,0,1,0,1,1,0,0,0,0,0,0,0,0,0,0,0,0,0,0,0,0,0,0,0,0,0,0,0,0,0,0,0,0,0,0,0,0,0,0,0,0,0,0,0,0,0,0,0,0,0,0,0,0,0,0,0,0,0,0,0,0,0,0,0,0,0,0,0,0,0,0
0,0,0,0,0,2,0,1,0,5,2,0,4,3,0,3,2,2,3,7,2,2,13,8,10,7,5,4,8,10,7,17,14,15,24,14,17,27,23,34,40,26,26,39,42,38,53,42,50,65,56,63,64,70,78,62,54,62,68,69,64,63,56,71,60,68,69,53,50,46,59,64,67,53,50,42,38,41,40,44,37,30,40,30,27,26,21,30,25,17,21,22,15,20,15,15,15,11,2,12,6,15,10,2,4,4,6,7,3,6,4,2,2,3,1,2,1,0,2,1,0,2,0,1,1,1,0,0,2,0,0,1,0,0,1,0,0,0,0,0,0,0,1,0,0,0,0,0,0,0,0,0,0,0,0,0,0,0,0,0,0,0,0,0,0,0,0,0,0,0,0,0,0,0,0,0,0,0,0,0,0,0,0,0,0,0,0,0,0,0,0,0,0,0,0,0,0,0,0,0
0,0,0,0,0,6,1,1,0,4,3,1,5,2,0,0,4,2,3,5,3,4,5,5,7,9,7,3,14,9,14,24,17,10,29,16,23,31,20,16,31,26,31,33,50,53,35,34,56,53,51,45,42,78,59,55,56,66,63,60,73,52,49,56,73,55,74,52,55,67,44,56,42,46,45,55,37,36,47,25,46,27,28,25,32,25,22,22,15,17,20,18,17,11,24,9,10,10,15,10,13,12,6,8,3,6,11,4,4,7,4,4,1,1,0,1,2,3,1,1,1,0,1,0,2,0,0,0,0,1,1,1,0,0,0,0,0,0,0,0,0,0,0,0,0,0,0,0,0,0,0,0,0,0,0,0,0,0,0,0,0,0,0,0,0,0,0,0,0,0,0,0,0,0,0,0,0,0,0,0,0,0,0,0,0,0,0,0,0,0,0,0,0,0,0,0,0,0,0,0
0,0,0,2,2,2,2,1,0,4,2,0,2,2,0,2,1,2,7,4,3,3,8,8,6,6,1,6,13,13,9,19,21,22,19,22,26,25,19,27,34,21,31,28,48,58,42,39,47,36,44,52,55,70,68,54,40,63,63,60,52,62,52,61,65,66,55,56,44,57,36,50,41,47,48,51,48,34,38,30,37,26,28,33,21,24,19,21,21,17,24,15,30,14,15,14,18,7,9,7,6,12,3,7,7,5,5,5,6,3,1,5,3,1,3,1,1,2,1,1,2,2,0,1,0,1,1,0,1,0,1,0,1,0,0,0,0,0,0,0,0,0,0,0,0,0,0,0,0,0,0,0,0,0,0,0,0,0,0,0,0,0,0,0,0,0,0,0,0,0,0,0,0,0,0,0,0,0,0,0,0,0,0,0,0,0,0,0,0,0,0,0,0,0,0,0,0,0,0,0
0,0,0,1,2,2,2,1,0,2,1,0,2,1,0,3,2,3,2,3,1,4,5,7,7,12,3,7,11,19,8,14,18,18,22,17,25,22,16,25,29,26,32,29,50,41,44,32,48,47,52,41,65,62,57,63,61,56,54,64,64,54,58,62,58,49,53,54,45,46,61,49,40,44,53,47,44,55,47,32,29,29,31,30,18,21,20,16,22,17,17,19,14,15,16,14,10,10,10,17,4,13,5,7,1,2,7,3,5,2,2,3,7,1,1,1,2,4,0,0,1,0,0,1,0,0,0,0,0,0,2,0,0,0,2,1,0,0,0,0,0,0,0,0,0,0,0,0,0,0,0,0,0,0,0,0,0,0,0,0,0,0,0,0,0,0,0,0,0,0,0,0,0,0,0,0,0,0,0,0,0,0,0,0,0,0,0,0,0,0,0,0,0,0,0,0,0,0,0,0
0,0,0,1,0,0,0,0,0,0,0,0,1,3,0,1,3,6,3,5,3,3,11,5,5,8,4,7,9,12,6,14,12,22,27,15,24,18,18,24,34,28,33,31,42,51,42,52,59,44,53,44,52,65,59,69,46,65,66,61,48,59,63,52,57,43,44,44,44,50,42,48,55,43,34,43,45,42,47,29,40,26,23,19,31,15,24,28,18,15,19,14,11,13,14,14,9,6,7,8,9,8,4,6,6,9,2,5,2,3,1,1,2,3,1,1,3,2,1,2,1,3,1,2,0,0,1,0,0,0,1,1,0,1,0,0,0,1,1,0,0,0,0,0,0,0,0,0,0,0,0,0,0,0,0,0,0,0,0,0,0,0,0,0,0,0,0,0,0,0,0,0,0,0,0,0,0,0,0,0,0,0,0,0,0,0,0,0,0,0,0,0,0,0,0,0,0,0,0,0
0,0,0,1,0,1,0,2,1,2,1,1,1,4,0,2,1,1,3,4,0,4,3,4,8,11,5,8,11,14,7,9,19,15,26,20,30,23,16,34,27,29,24,37,38,45,34,28,34,40,50,49,70,56,56,59,59,66,55,60,65,38,64,57,59,45,59,48,43,34,37,44,54,41,37,35,32,29,40,23,22,33,25,22,30,14,17,12,9,17,11,8,18,13,11,6,4,8,13,10,8,8,8,5,6,5,6,2,2,4,3,4,1,1,1,3,1,1,0,1,0,1,1,0,1,1,0,0,0,1,0,1,1,0,0,0,0,1,0,0,0,0,0,0,0,0,0,0,0,0,0,0,0,1,0,0,0,0,0,0,0,0,0,0,0,0,0,0,0,0,0,0,0,0,0,0,0,0,0,0,0,0,0,0,0,0,0,0,0,0,0,0,0,0,0,0,0,0,0,0
0,0,0,2,2,5,1,3,1,0,1,1,2,2,0,2,2,5,2,8,2,3,5,9,7,13,7,7,11,12,17,11,12,13,21,16,17,21,22,21,26,19,22,28,46,45,34,35,48,41,48,41,52,50,65,74,48,59,58,45,50,44,61,57,65,50,49,49,31,51,41,33,35,38,39,42,42,32,32,29,22,36,31,34,21,33,21,20,18,24,14,18,21,17,10,11,13,12,7,6,5,9,2,4,7,6,5,3,3,5,2,4,1,0,0,0,0,0,1,0,1,1,2,0,2,1,0,1,0,0,1,0,0,0,0,0,0,0,0,1,0,0,0,0,0,0,0,0,0,0,0,0,0,0,0,0,0,0,0,0,0,0,0,0,0,0,0,0,0,0,0,0,0,0,0,0,0,0,0,0,0,0,0,0,0,0,0,0,0,0,0,0,0,0,0,0,0,0,0,0
0,0,0,1,0,2,0,3,1,4,2,1,1,2,0,3,0,4,5,4,3,4,6,3,3,17,5,2,8,15,7,15,20,13,19,11,11,29,15,17,20,19,29,32,34,49,47,45,48,31,52,49,45,64,72,55,50,49,40,66,53,41,59,62,64,56,44,41,43,48,39,42,46,36,40,27,41,30,30,18,29,24,24,23,21,20,23,14,12,14,13,15,12,15,18,10,5,15,9,7,4,3,6,6,11,8,2,2,4,3,0,0,3,1,2,2,2,3,2,1,3,2,0,1,0,0,1,0,0,0,0,0,1,0,0,0,0,0,0,0,0,0,0,0,0,0,0,0,0,0,0,0,0,0,0,0,0,0,0,0,0,0,0,0,0,0,0,0,0,0,0,0,0,0,0,0,0,0,0,0,0,0,0,0,0,0,0,0,0,0,0,0,0,0,0,0,0,0,0,0
0,0,0,3,0,0,0,2,0,2,0,0,2,2,0,0,0,3,3,2,3,2,6,9,6,5,3,4,13,8,9,13,11,12,18,8,19,30,18,17,27,23,22,28,36,49,34,30,38,37,45,34,54,60,65,50,41,52,53,52,43,54,58,59,43,55,66,48,44,36,37,31,36,34,41,34,25,37,34,40,29,32,30,27,27,21,19,16,17,15,18,14,9,16,11,11,12,6,5,13,5,5,11,3,6,5,5,2,1,6,1,2,6,3,2,3,2,3,0,0,0,0,0,0,0,0,1,1,0,0,0,1,0,0,0,0,0,0,1,0,0,1,0,0,0,0,0,0,0,0,0,0,0,0,0,0,0,0,0,0,0,0,0,0,0,0,0,0,0,0,0,0,0,0,0,0,0,0,0,0,0,0,0,0,0,0,0,0,0,0,0,0,0,0,0,0,0,0,0,0
0,0,0,3,0,0,0,1,0,0,0,2,6,1,0,1,1,5,2,4,2,3,5,6,1,6,4,10,6,11,8,13,13,11,16,11,26,19,14,14,21,21,18,28,32,31,38,28,28,43,39,49,38,51,57,51,46,44,56,54,41,42,51,43,48,47,53,54,42,48,44,45,44,39,22,29,23,39,38,19,19,28,22,20,30,23,20,18,12,10,14,9,8,14,13,7,10,9,7,3,4,3,4,7,2,4,6,6,7,4,4,3,0,4,1,2,0,1,2,0,1,1,2,0,0,0,1,0,0,0,0,1,0,0,0,0,0,0,0,0,0,0,0,0,0,0,0,0,0,0,0,0,0,0,0,0,0,0,0,0,0,0,0,0,0,0,0,0,0,0,0,0,0,0,0,0,0,0,0,0,0,0,0,0,0,0,0,0,0,0,0,0,0,0,0,0,0,0,0,0
0,0,0,5,0,1,1,0,0,1,1,0,3,2,1,0,1,3,3,6,0,6,1,10,5,13,8,7,8,11,6,11,21,10,20,10,25,14,17,21,21,21,24,29,30,37,44,36,44,48,53,33,52,43,57,54,46,49,49,60,57,43,57,49,44,41,49,57,38,50,35,37,32,42,40,33,31,24,32,32,33,22,21,26,24,15,21,15,18,16,17,15,11,8,14,11,11,4,8,6,9,5,6,4,2,4,7,6,3,2,1,4,1,0,0,1,1,2,1,0,0,0,0,0,0,0,0,0,0,1,0,0,1,0,0,0,0,0,0,0,0,0,0,0,0,0,0,0,0,0,0,0,0,0,0,0,0,0,0,0,0,0,0,0,0,0,0,0,0,0,0,0,0,0,0,0,0,0,0,0,0,0,0,0,0,0,0,0,0,0,0,0,0,0,0,0,0,0,0,0
0,0,0,2,0,2,0,0,1,2,1,0,2,1,0,0,1,5,3,7,2,4,12,2,3,5,6,5,11,12,3,11,14,21,17,12,13,14,21,16,34,23,23,31,47,44,39,31,35,36,47,41,57,55,41,42,47,48,65,44,50,39,54,53,51,38,50,39,40,31,36,36,38,32,35,36,39,25,27,29,20,15,19,19,23,16,14,16,14,19,12,12,10,9,14,4,10,6,5,8,3,7,3,5,3,3,5,4,1,1,3,3,1,1,2,1,1,0,2,1,0,0,1,0,0,0,0,0,0,1,0,0,0,0,0,0,0,0,0,0,0,0,0,0,0,0,0,0,0,0,0,0,0,0,0,0,0,0,0,0,0,0,0,0,0,0,0,0,0,0,0,0,0,0,0,0,0,0,0,0,0,0,0,0,0,0,0,0,0,0,0,0,0,0,0,0,0,0,0,0
0,0,0,1,0,2,0,1,0,0,0,0,4,1,0,2,0,4,2,2,3,5,3,3,6,11,3,2,13,6,10,7,13,13,11,9,19,18,13,16,23,20,31,27,40,42,26,38,42,58,31,37,62,54,50,41,50,42,58,53,47,44,47,47,48,40,35,35,37,35,31,34,37,39,36,35,32,41,28,16,29,16,20,22,24,17,14,12,17,17,12,17,12,12,7,9,6,9,6,10,4,8,4,7,1,3,2,3,3,0,1,1,1,2,1,0,2,0,1,0,0,1,1,0,0,0,0,0,0,0,0,0,0,0,0,0,1,0,0,0,1,0,0,0,0,0,0,0,0,0,0,0,0,0,0,0,0,0,0,0,0,0,0,0,0,0,0,0,0,0,0,0,0,0,0,0,0,0,0,0,0,0,0,0,0,0,0,0,0,0,0,0,0,0,0,0,0,0,0,0
0,0,0,0,0,2,0,3,0,0,1,0,2,1,0,2,1,3,3,4,1,2,5,6,2,9,5,3,5,11,4,12,14,10,24,10,17,22,13,22,17,18,20,28,25,27,44,41,36,41,43,29,44,55,53,43,31,33,47,44,43,56,49,54,44,35,42,31,45,38,27,46,47,34,42,29,29,28,27,18,20,24,23,9,19,19,26,14,16,5,10,10,15,13,7,5,9,8,8,5,4,7,4,2,5,6,4,0,0,1,0,2,1,2,0,1,3,1,0,2,1,0,2,0,1,0,1,0,0,1,0,0,0,0,0,0,0,0,0,0,0,0,0,0,0,0,0,0,0,0,0,0,0,0,0,0,0,0,0,0,0,0,0,0,0,0,0,0,0,0,0,0,0,0,0,0,0,0,0,0,0,0,0,0,0,0,0,0,0,0,0,0,0,0,0,0,0,0,0,0
0,0,0,1,0,3,0,2,0,1,1,2,1,4,0,0,1,0,2,1,2,9,4,5,3,4,1,5,11,11,7,14,13,11,15,9,12,23,14,25,21,25,14,29,31,39,36,37,36,35,38,30,34,40,47,42,43,49,27,43,33,41,47,39,34,35,46,36,23,47,45,27,26,30,33,28,33,21,29,21,18,21,32,15,16,12,19,15,13,14,9,14,13,13,6,7,9,7,8,4,5,4,5,5,4,2,2,4,3,2,3,3,2,2,1,0,2,0,2,1,0,0,1,0,0,0,0,0,0,0,0,0,0,0,0,0,0,0,0,0,0,0,0,0,0,0,0,0,0,0,0,0,0,0,0,0,0,0,0,0,0,0,0,0,0,0,0,0,0,0,0,0,0,0,0,0,0,0,0,0,0,0,0,0,0,0,0,0,0,0,0,0,0,0,0,0,0,0,0,0
0,0,0,1,0,0,0,2,0,2,3,1,2,3,0,2,2,2,5,3,2,9,5,6,3,9,1,5,7,12,8,16,10,12,12,11,12,19,15,18,18,17,29,23,32,36,29,26,39,31,36,33,49,44,56,32,36,36,40,57,40,40,37,40,43,36,35,23,38,35,37,42,40,38,32,20,27,26,27,28,20,26,26,20,18,12,25,14,16,9,13,10,8,11,15,10,9,4,8,3,3,1,9,9,4,9,2,1,2,1,2,3,5,2,1,2,1,1,1,1,0,1,0,0,0,0,0,0,0,0,0,0,1,0,0,0,0,0,0,0,0,0,0,0,0,0,0,0,0,0,0,0,0,0,0,0,0,0,0,0,0,0,0,0,0,0,0,0,0,0,0,0,0,0,0,0,0,0,0,0,0,0,0,0,0,0,0,0,0,0,0,0,0,0,0,0,0,0,0,0
0,0,0,1,1,1,0,1,1,0,2,0,2,1,0,1,1,2,4,1,0,6,9,5,3,6,1,6,9,10,4,9,9,10,16,9,20,24,17,16,28,23,18,24,19,34,19,35,32,34,48,35,40,43,46,37,40,42,47,47,40,42,37,37,52,37,42,40,51,33,22,32,26,32,25,22,31,28,29,18,27,25,25,25,25,18,10,14,12,9,8,15,12,11,9,9,5,7,5,8,5,0,3,5,3,1,3,3,2,1,0,2,1,2,1,0,1,0,2,0,0,0,1,2,0,0,0,0,0,1,1,0,0,0,0,0,2,0,1,0,0,0,1,0,0,0,0,0,0,0,0,0,0,0,0,0,0,0,0,0,0,0,0,0,0,0,0,0,0,0,0,0,0,0,0,0,0,0,0,0,0,0,0,0,0,0,0,0,0,0,0,0,0,0,0,0,0,0,0,0
0,0,0,2,0,4,0,1,0,2,2,1,1,1,0,1,0,3,5,7,2,5,2,5,5,6,2,4,10,8,8,14,10,9,18,10,9,21,11,18,22,13,21,31,37,27,27,27,32,48,50,38,36,43,44,21,41,44,50,39,37,41,41,40,37,34,43,31,36,33,32,37,32,34,42,24,36,20,32,12,18,23,18,15,12,22,9,7,6,11,7,13,8,6,9,4,6,6,9,6,2,3,4,5,3,1,3,1,4,2,2,1,2,0,1,1,2,1,0,4,0,1,0,0,0,0,0,1,0,0,0,0,0,1,0,0,0,0,0,0,0,0,0,0,0,0,0,0,0,0,0,0,0,0,0,0,0,0,0,0,0,0,0,0,0,0,0,0,0,0,0,0,0,0,0,1,0,0,0,0,0,0,0,0,0,0,0,0,0,0,0,0,0,0,0,0,0,0,0,0
0,0,0,0,0,1,1,0,0,0,1,0,5,0,0,1,0,3,2,4,2,3,5,7,3,7,1,5,9,13,8,10,17,16,18,10,16,15,12,19,20,19,19,25,29,41,18,21,28,33,33,32,32,52,37,22,32,31,42,42,33,34,34,38,29,36,41,42,39,41,36,32,38,27,29,25,19,30,14,22,17,22,26,17,18,21,10,7,9,12,9,10,8,11,11,9,11,3,7,3,8,5,3,4,7,5,4,0,3,2,0,4,0,3,2,3,3,0,0,1,1,1,0,0,0,0,0,0,0,0,0,0,0,0,0,0,0,0,1,0,0,0,0,0,0,0,0,0,0,0,0,0,0,0,0,0,0,0,0,0,0,0,0,0,0,0,0,0,0,0,0,0,0,0,0,0,0,0,0,0,0,0,0,0,0,0,0,0,0,0,0,0,0,0,0,0,0,0,0,0
0,0,0,2,0,1,0,1,0,2,1,2,3,2,0,1,1,5,1,3,2,2,5,3,8,9,0,6,12,7,4,11,7,15,17,11,7,14,8,21,15,13,14,21,36,35,27,25,25,31,42,35,34,40,46,35,40,28,44,46,43,31,34,35,38,26,39,40,37,29,34,33,31,22,31,34,29,16,24,21,18,16,19,22,18,12,17,12,11,12,10,13,12,11,10,5,11,8,4,4,5,6,4,5,3,4,3,0,3,1,1,2,2,1,1,1,0,0,1,1,1,1,0,0,0,0,1,0,0,0,0,0,0,1,0,0,0,0,0,0,0,0,0,0,0,0,0,0,0,0,0,0,0,0,0,0,0,0,0,0,0,0,0,0,0,0,0,0,0,0,0,0,0,0,0,0,0,0,0,0,0,0,0,0,0,0,0,0,0,0,0,0,0,0,0,0,0,0,0,0
0,0,0,1,0,2,0,0,0,1,0,3,1,1,0,1,0,4,1,3,1,2,5,4,2,8,5,1,8,15,7,11,12,7,11,17,13,17,19,15,14,20,20,25,26,29,22,22,24,29,33,33,28,38,38,32,42,46,26,48,30,31,44,26,34,31,41,39,32,33,36,32,24,18,31,29,26,17,27,30,22,19,22,19,16,10,20,9,9,13,12,9,19,14,5,7,5,4,2,6,6,4,3,3,2,2,2,6,4,2,1,1,3,2,1,2,2,0,1,0,1,0,2,0,0,0,0,0,0,0,0,0,0,0,0,0,0,0,0,0,0,0,0,0,0,1,0,0,0,0,0,0,0,0,0,0,0,0,0,0,0,0,0,0,0,0,0,0,0,0,0,0,0,0,0,0,0,0,0,0,0,0,0,0,0,0,0,0,0,0,0,0,0,0,0,0,0,0,0,0
0,0,0,3,1,2,0,0,1,2,3,0,1,0,0,1,0,0,5,3,0,3,6,2,3,8,2,3,6,10,6,5,12,13,9,13,16,12,12,16,16,17,24,14,33,38,32,20,26,33,38,31,27,37,51,30,33,31,38,34,24,34,41,38,36,30,30,33,22,33,33,32,31,24,25,30,27,26,20,21,17,9,14,18,14,12,10,10,12,9,10,6,8,11,7,7,5,8,3,4,7,2,2,4,0,1,3,4,2,4,1,3,4,2,0,1,3,0,1,1,2,0,0,1,0,0,0,0,0,0,0,0,0,0,0,0,0,0,0,0,0,1,0,0,0,0,0,0,0,0,0,0,0,0,0,0,0,0,0,0,0,0,0,0,0,0,0,0,0,0,0,0,0,0,0,0,0,0,0,0,0,0,0,0,0,0,0,0,0,0,0,0,0,0,0,0,0,0,0,0
0,0,0,0,1,2,0,1,0,0,0,1,1,1,0,2,0,1,4,4,3,5,7,3,8,5,1,5,5,4,0,7,17,6,14,10,9,16,9,14,23,14,20,18,23,21,24,18,24,28,37,27,26,37,40,30,29,33,51,32,24,39,51,25,34,31,37,34,28,36,23,32,27,23,24,33,29,28,28,23,18,17,19,12,16,17,13,13,11,11,9,14,9,5,4,7,7,6,4,7,2,10,4,6,1,7,1,2,2,2,1,0,3,3,1,0,2,1,0,0,1,0,0,1,0,0,0,0,0,1,0,0,0,0,0,0,0,1,0,0,0,0,0,0,0,0,0,0,0,0,0,0,0,0,0,0,0,0,0,0,0,0,0,0,0,0,0,0,0,0,0,0,0,0,0,0,0,0,0,0,0,0,0,0,0,0,0,0,0,0,0,0,0,0,0,0,0,0,0,0
0,0,0,1,0,0,1,0,0,2,0,2,5,1,0,0,0,3,4,5,0,2,7,3,5,6,3,3,8,7,5,6,9,10,12,11,18,15,19,11,27,13,14,24,20,27,29,33,35,34,41,34,39,38,30,35,33,38,37,36,28,25,37,22,38,30,28,31,27,28,24,27,27,23,26,22,27,18,22,12,24,11,10,12,14,13,12,7,13,13,14,7,9,12,7,8,8,8,1,8,2,2,2,1,3,3,4,3,2,3,0,1,4,1,1,1,2,0,0,1,0,0,1,0,0,0,0,0,0,0,0,1,2,0,0,0,0,0,0,0,0,0,0,0,0,0,0,0,0,0,0,0,0,0,0,0,0,0,0,0,0,0,0,0,0,0,0,0,0,0,0,0,0,0,0,0,0,0,0,0,0,0,0,0,0,0,0,0,0,0,0,0,0,0,0,0,0,0,0,0
0,0,0,1,0,1,1,0,0,0,0,0,0,2,0,0,1,3,2,3,1,3,2,7,6,1,0,2,10,6,6,7,14,8,15,5,13,19,12,14,12,8,15,22,34,24,24,31,17,39,26,25,33,37,31,30,28,27,28,31,22,29,29,31,34,31,29,25,25,30,31,29,24,28,15,24,20,29,14,22,23,20,9,12,16,9,6,10,6,12,6,7,7,7,8,3,1,2,3,8,6,3,10,2,3,3,2,3,3,3,3,1,0,1,0,2,1,2,0,2,0,1,2,0,0,0,0,0,0,0,0,0,0,0,0,0,0,0,0,0,0,0,0,0,0,0,0,0,0,0,0,0,0,0,0,0,0,0,0,0,0,0,0,0,0,0,0,0,0,0,0,0,0,0,0,0,0,0,0,0,0,0,0,0,0,0,0,0,0,0,0,0,0,0,0,0,0,0,0,0
0,0,0,1,0,0,1,0,0,1,1,0,1,0,0,4,1,2,4,1,0,3,7,3,4,8,2,0,6,7,7,9,12,12,18,15,13,16,10,20,17,21,15,20,38,31,26,21,28,32,25,26,34,44,27,37,36,32,33,32,25,29,36,22,31,23,34,18,25,19,33,23,22,27,24,25,13,14,17,17,17,17,9,12,14,12,7,17,9,10,6,9,5,6,9,5,6,7,4,4,4,6,4,3,3,1,6,6,2,0,2,1,0,3,1,0,2,1,0,0,0,0,0,0,0,0,0,1,1,0,0,0,0,0,0,0,0,0,0,0,0,0,0,0,0,0,0,0,0,0,0,0,0,0,1,0,0,0,0,0,0,0,0,0,0,0,0,0,0,0,0,0,0,0,0,0,0,0,0,0,0,0,0,0,0,0,0,0,0,0,0,0,0,0,0,0,0,0,0,0
0,0,0,0,1,0,1,0,1,2,0,0,1,0,0,1,0,2,5,2,0,4,2,7,1,7,5,3,8,7,3,3,9,9,14,7,16,18,16,10,16,11,16,13,23,21,21,23,30,24,24,26,34,30,41,22,25,35,26,38,29,32,22,45,25,28,33,21,22,38,20,13,16,12,20,20,25,18,26,13,17,10,21,12,16,13,11,11,8,8,8,5,11,5,7,7,6,4,2,7,4,2,1,1,4,1,5,3,0,2,3,0,4,1,0,1,1,1,0,0,0,0,0,1,0,0,0,1,0,0,1,1,0,0,0,0,0,0,0,0,0,0,1,0,0,0,0,0,0,0,0,0,0,0,0,0,0,0,0,0,0,0,0,0,0,0,0,0,0,0,0,0,0,0,0,0,0,0,0,0,0,0,0,0,0,0,0,0,0,0,0,0,0,0,0,0,0,0,0,0
0,0,0,1,0,0,1,0,0,1,2,0,2,1,0,1,0,5,3,2,1,2,3,4,3,2,2,2,6,4,5,9,8,13,8,12,11,20,11,19,6,14,15,8,25,24,25,31,27,34,38,27,31,35,37,23,23,31,32,28,33,22,22,42,30,25,41,23,27,25,20,23,22,22,20,21,22,22,15,15,14,17,16,16,15,13,12,9,7,14,12,6,12,5,10,8,5,4,3,2,4,6,4,3,4,3,2,2,1,4,0,0,0,0,2,0,0,1,0,1,1,1,0,1,0,0,1,0,0,0,0,0,0,0,0,0,0,0,0,1,0,0,0,0,0,0,0,0,0,0,0,0,0,0,0,0,0,0,0,0,0,0,0,0,0,0,0,0,0,0,0,0,0,0,0,0,0,0,0,0,0,0,0,0,0,0,0,0,0,0,0,0,0,0,0,0,0,0,0,0
0,0,0,1,0,2,0,1,1,0,1,1,2,0,0,1,1,3,2,6,0,1,11,5,6,6,4,2,8,8,4,13,4,4,17,6,8,17,17,12,11,19,17,23,27,25,12,25,34,23,27,22,18,24,33,25,34,31,37,40,30,24,20,46,34,26,28,31,20,27,17,18,27,23,26,15,17,21,14,14,10,7,18,12,10,8,8,11,8,11,7,9,4,5,10,5,6,2,3,2,3,6,3,8,0,1,1,2,3,2,2,2,2,0,2,1,2,1,0,0,1,0,1,0,0,1,0,0,1,2,0,1,0,0,0,0,0,0,0,0,0,0,0,0,1,0,0,0,0,0,0,0,0,0,0,0,0,0,0,0,0,0,0,0,0,0,0,0,0,0,0,0,0,0,0,0,0,0,0,0,0,0,0,0,0,0,0,0,0,0,0,0,0,0,0,0,0,0,0,0
0,0,0,0,0,3,0,1,0,0,0,0,0,0,0,1,1,4,0,3,1,1,5,5,3,8,0,3,6,10,4,6,3,13,10,15,8,13,14,7,10,10,20,17,28,21,30,16,25,38,28,33,18,37,27,33,29,35,21,30,26,28,24,20,34,21,26,28,23,39,17,26,15,23,21,21,17,23,15,11,18,12,16,13,10,9,8,11,4,8,7,6,6,7,8,2,6,4,4,0,5,2,2,2,3,1,5,1,4,0,4,0,0,0,0,1,0,1,1,1,0,0,0,0,0,0,0,0,0,0,0,0,0,0,0,0,0,1,0,0,0,0,0,0,0,0,0,0,0,0,0,0,0,0,0,0,0,0,0,0,0,0,0,0,0,0,0,0,0,0,0,0,0,0,0,0,0,0,0,0,0,0,0,0,0,0,0,0,0,0,0,0,0,0,0,0,0,0,0,0
0,0,0,0,0,1,0,0,0,1,3,1,1,2,0,0,1,1,0,1,3,0,5,5,1,7,3,1,5,5,3,6,8,10,15,11,8,11,7,12,14,17,21,22,26,27,23,22,21,21,26,24,20,31,33,28,27,28,25,36,33,28,30,34,22,30,26,26,25,28,16,18,24,21,17,12,19,21,17,12,12,10,6,8,11,7,14,5,7,6,9,12,3,4,8,5,3,6,6,3,3,4,0,4,1,2,2,1,2,0,0,1,0,1,0,0,1,0,1,0,1,0,0,0,0,0,0,0,0,0,0,0,0,0,0,0,0,0,0,0,0,0,0,0,0,0,0,0,0,0,0,0,0,0,0,0,0,0,0,0,0,0,0,0,0,0,0,0,0,0,0,0,0,0,0,0,0,0,0,0,0,0,0,0,0,0,0,0,0,0,0,0,0,0,0,0,0,0,0,0
0,0,0,3,0,1,0,0,0,0,0,1,1,1,0,0,0,4,3,3,1,3,3,3,2,2,2,1,3,3,7,12,9,9,8,5,10,10,4,11,26,11,13,17,17,21,20,15,17,21,36,14,29,25,33,20,23,29,25,18,26,23,24,33,27,21,31,25,23,20,25,21,14,15,13,11,11,18,15,10,12,16,11,12,19,12,10,7,5,12,13,7,6,7,7,5,5,2,1,4,1,3,2,2,1,2,2,1,3,5,1,0,0,1,1,0,0,0,1,1,0,0,0,1,0,0,0,0,0,1,0,0,0,0,0,0,0,0,0,0,0,0,0,0,0,0,0,0,0,0,0,0,0,0,0,0,0,0,0,0,0,0,0,0,0,0,0,0,0,0,0,0,0,0,0,0,0,0,0,0,0,0,0,0,0,0,0,0,0,0,0,0,0,0,0,0,0,0,0,0
0,0,0,3,0,3,0,0,0,2,0,0,2,3,1,1,0,2,2,1,1,1,9,3,2,1,6,6,7,5,7,10,10,7,9,10,13,8,8,8,13,11,12,10,21,19,16,24,31,22,32,20,25,29,32,24,24,21,25,33,25,28,26,20,28,17,18,25,26,25,20,10,17,17,13,18,17,12,15,10,9,12,14,8,15,8,13,8,18,8,4,7,9,10,7,0,5,1,2,5,2,3,5,1,2,2,1,2,0,2,3,2,0,3,2,2,1,1,0,0,0,0,0,0,0,0,0,0,0,0,0,0,0,1,0,0,0,0,0,0,0,0,0,0,0,0,0,0,0,0,0,0,0,0,0,0,0,0,0,0,0,0,0,0,0,0,0,0,0,0,0,0,0,0,0,0,0,0,0,0,0,0,0,0,0,0,0,0,0,0,0,0,0,0,0,0,0,0,0,0
0,0,0,0,0,0,0,1,0,1,0,1,1,0,0,2,0,5,0,4,2,1,2,5,1,4,1,2,5,7,1,4,13,13,13,7,12,17,11,12,18,8,7,13,23,13,17,11,29,25,31,22,23,34,25,23,19,29,29,26,26,27,26,28,27,19,16,19,20,16,25,19,14,20,17,16,13,17,18,18,14,9,14,13,10,8,7,8,6,7,6,2,4,8,4,5,2,8,3,3,3,4,1,1,2,1,2,3,2,2,1,0,1,2,1,1,0,1,0,0,2,1,1,0,0,0,0,0,0,0,0,0,0,0,0,0,0,0,0,0,0,0,0,0,0,0,0,0,0,0,0,0,0,0,0,0,0,0,0,0,0,0,0,0,0,0,0,0,0,0,0,0,0,0,0,0,0,0,0,0,0,0,0,0,0,0,0,0,0,0,0,0,0,0,0,0,0,0,0,0
0,0,0,1,0,2,0,1,0,0,0,2,1,1,0,0,0,2,1,3,4,2,3,7,5,1,2,2,3,3,3,4,14,7,10,11,12,17,17,10,12,8,15,16,26,15,18,21,25,25,25,24,21,33,30,21,29,30,18,31,19,20,30,23,26,17,22,9,30,18,20,19,15,11,8,16,18,20,20,10,12,12,12,11,8,12,2,8,9,5,8,5,8,7,10,3,2,1,3,6,5,2,2,1,3,0,1,3,1,1,1,1,0,0,1,0,1,1,0,1,0,0,0,0,0,0,2,0,1,0,0,0,0,0,0,0,0,0,1,0,0,0,0,0,0,0,0,0,0,0,0,0,0,0,0,0,0,0,0,0,0,0,0,0,0,0,0,0,0,0,0,0,0,0,0,0,0,0,0,0,0,0,0,0,0,0,0,0,0,0,0,0,0,0,0,0,0,0,0,0
0,0,0,0,0,0,0,0,0,0,0,0,2,1,0,0,1,4,1,4,0,4,4,2,4,4,2,1,2,5,2,6,11,7,9,4,9,10,8,9,5,7,11,22,22,22,13,19,24,25,25,16,23,34,30,26,18,29,26,19,27,26,34,14,18,25,25,13,20,14,18,17,22,15,14,15,18,8,17,9,12,15,6,6,11,9,8,7,5,8,8,11,2,7,9,7,5,3,4,5,1,4,2,2,0,1,2,2,2,2,1,2,1,2,0,2,1,1,0,1,1,0,0,0,1,0,0,0,0,0,0,0,0,0,0,0,0,0,0,0,0,0,0,0,0,0,0,0,0,0,0,0,0,0,0,0,0,0,0,0,0,0,0,0,0,0,0,0,0,0,0,0,0,0,0,0,0,0,0,0,0,0,0,0,0,0,0,0,0,0,0,0,0,0,0,0,0,0,0,0
0,0,0,1,0,0,0,1,1,1,0,0,0,3,0,1,2,5,1,2,0,1,3,5,3,3,5,1,8,5,3,3,8,4,8,2,6,11,6,9,15,9,17,15,20,24,22,20,15,20,25,20,20,28,19,19,31,25,34,32,18,12,18,24,19,25,26,19,26,12,20,21,16,14,13,8,31,15,11,15,13,12,14,8,17,11,11,8,7,7,5,10,7,5,4,4,4,3,3,3,1,3,4,1,1,3,1,0,2,2,2,2,1,0,1,1,0,1,0,1,0,0,0,0,0,0,0,1,0,0,1,0,0,1,0,1,0,0,0,0,0,0,0,1,0,0,0,0,0,0,0,0,0,0,0,0,0,0,0,0,0,0,0,0,0,0,0,0,0,0,0,0,0,0,0,0,0,0,0,0,0,0,0,0,0,0,0,0,0,0,0,0,0,0,0,0,0,0,0,0
0,0,0,3,0,0,1,1,0,0,0,0,2,3,1,1,0,1,0,4,2,1,3,4,4,2,3,3,4,7,0,11,5,8,15,4,6,11,8,10,13,6,9,17,12,17,14,17,17,15,22,21,22,26,25,23,22,27,17,21,28,17,25,15,21,24,21,13,14,12,19,15,10,18,16,20,12,12,17,7,15,13,9,12,5,4,6,5,8,5,4,2,3,6,3,5,4,1,3,1,1,2,4,1,4,2,3,3,3,0,0,0,0,1,1,1,0,0,1,0,0,0,1,1,1,0,1,0,0,0,0,0,0,0,0,0,0,0,0,0,0,0,0,0,0,0,0,0,0,0,0,0,0,0,0,0,0,0,0,0,0,0,0,0,0,0,0,0,0,0,0,0,0,0,0,0,0,0,0,0,0,0,0,0,0,0,0,0,0,0,0,0,0,0,0,0,0,0,0,0
0,0,0,2,0,0,0,1,1,2,0,1,1,1,0,0,0,3,3,0,1,0,3,2,2,4,2,1,4,6,1,4,7,5,7,10,6,12,9,9,19,17,8,18,21,15,23,20,14,15,24,20,26,21,24,21,11,20,15,21,18,23,15,18,28,21,15,18,17,21,10,16,17,10,26,12,14,10,9,5,9,17,10,12,9,3,9,6,3,7,7,5,6,3,11,1,2,4,4,4,3,2,2,0,3,3,2,3,2,1,0,1,1,0,1,1,0,0,1,0,2,0,0,0,0,0,0,0,1,0,0,0,0,0,0,0,0,0,0,0,0,0,0,0,0,0,0,0,0,0,0,0,0,0,0,0,0,0,0,0,0,0,0,0,0,0,0,0,0,0,0,0,0,0,0,0,0,0,0,0,0,0,0,0,0,0,0,0,0,0,0,0,0,0,0,0,0,0,0,0
0,0,0,1,0,1,1,1,0,2,0,0,1,0,0,3,1,1,3,2,0,2,1,7,4,4,3,1,6,6,2,8,7,6,9,11,6,9,7,12,8,12,6,6,17,16,16,11,19,18,16,18,26,27,26,27,20,15,18,25,16,14,23,21,20,19,24,18,17,15,11,17,15,17,16,12,10,8,17,9,8,12,13,12,7,16,7,11,6,10,8,3,7,3,6,2,5,2,3,3,3,3,1,4,1,2,2,1,0,1,1,0,0,1,0,0,0,0,1,0,0,0,0,0,0,0,0,1,0,1,0,0,1,0,0,0,0,1,0,0,0,0,0,0,0,0,0,0,0,0,0,0,0,0,0,0,0,0,0,0,0,0,0,0,0,0,0,0,0,0,0,0,0,0,0,0,0,0,0,0,0,0,0,0,0,0,0,0,0,0,0,0,0,0,0,0,0,0,0,0
0,0,0,1,0,0,0,0,0,1,1,0,1,0,0,0,0,1,1,2,2,3,5,3,1,1,2,1,7,4,1,7,8,4,10,7,8,8,4,7,13,10,12,11,16,19,18,18,19,13,23,13,23,23,27,25,18,16,14,16,22,19,23,23,16,13,24,11,15,12,10,15,17,17,18,9,19,11,14,12,12,14,10,8,5,10,6,8,6,6,7,5,12,2,3,7,3,5,3,3,4,5,1,3,2,1,3,2,0,0,2,2,1,0,1,0,1,0,0,0,0,0,0,0,0,0,0,0,0,0,0,0,0,0,0,0,0,0,0,0,0,0,0,0,0,0,0,0,0,0,0,0,0,0,0,0,0,0,0,1,0,0,0,0,0,0,0,0,0,0,0,0,0,0,0,0,0,0,0,0,0,0,0,0,0,0,0,0,0,0,0,0,0,0,0,0,0,0,0,0
0,0,0,1,0,0,0,0,0,0,0,0,3,0,0,1,0,1,1,2,1,3,3,4,3,6,1,1,2,5,1,7,6,2,7,6,5,13,3,11,9,9,12,14,16,17,15,15,28,16,17,17,24,23,18,15,22,19,18,17,19,28,25,18,22,21,18,23,14,13,17,16,10,13,17,12,10,10,18,12,5,7,5,10,7,10,7,7,4,6,7,4,5,5,4,1,4,5,4,2,1,2,4,4,0,1,2,2,1,2,0,1,1,1,0,0,0,2,0,0,0,0,1,0,0,0,0,0,0,0,0,0,0,0,0,0,0,0,0,0,0,0,0,0,0,0,0,0,0,0,0,0,0,0,0,0,0,0,0,0,0,0,0,0,0,0,0,0,0,0,0,0,0,0,0,0,0,0,0,0,0,0,0,0,0,0,0,0,0,0,0,0,0,0,0,0,0,0,0,0
0,0,0,1,0,0,0,2,0,1,1,0,2,1,0,0,1,1,3,2,1,2,1,5,3,2,3,3,5,5,8,7,5,7,10,8,7,8,7,11,12,10,7,12,15,20,15,19,13,24,16,17,16,19,24,27,24,16,22,22,16,18,23,20,23,20,18,7,19,28,14,17,11,18,14,14,17,16,12,15,11,7,11,5,7,5,6,8,6,6,6,5,5,7,6,4,3,4,2,1,2,1,1,3,2,1,1,1,1,1,0,0,0,0,0,0,2,0,1,1,1,0,2,0,0,0,1,0,0,0,0,0,1,0,0,0,0,0,0,0,0,0,0,0,0,0,0,0,0,0,0,0,0,0,0,0,0,0,0,0,0,0,0,0,0,0,0,0,0,0,0,0,0,0,0,0,0,0,0,0,0,0,0,0,0,0,0,0,0,0,0,0,0,0,0,0,0,0,0,0
0,0,0,0,0,0,0,0,0,0,1,0,0,0,0,0,1,1,4,0,0,0,6,2,3,1,1,0,4,1,6,9,7,5,8,5,8,10,5,16,6,7,8,9,11,17,21,18,13,27,18,20,21,30,32,26,22,22,13,23,21,19,25,24,25,21,26,21,25,17,18,14,13,15,6,12,11,8,16,13,8,8,4,9,4,6,3,7,7,7,4,5,9,5,3,11,4,2,2,6,2,0,1,4,2,2,0,1,0,1,3,0,0,1,1,0,0,1,0,0,0,0,0,0,0,0,0,0,0,0,1,0,0,0,0,0,0,0,0,0,0,1,0,0,0,0,0,0,0,0,0,0,0,0,0,0,0,0,0,0,0,0,0,0,0,0,0,0,0,0,0,0,0,0,0,0,0,0,0,0,0,0,0,0,0,0,0,0,0,0,0,0,0,0,0,0,0,0,0,0
0,0,0,0,0,1,2,0,0,0,1,0,1,0,1,2,0,2,1,1,1,3,6,1,3,5,0,0,4,4,2,4,5,11,4,4,4,7,4,16,12,11,10,10,13,10,9,13,13,16,13,15,13,25,24,15,20,21,14,31,18,15,16,10,14,19,15,16,13,7,9,10,12,10,10,10,15,20,11,12,11,11,9,8,6,6,7,7,6,3,7,4,5,3,4,5,2,1,2,2,1,3,2,3,1,1,4,2,2,1,0,2,0,0,1,0,0,1,0,0,0,0,1,0,0,1,1,0,1,0,0,0,0,0,0,0,0,0,0,0,0,0,0,0,0,0,0,0,0,0,0,0,0,0,0,0,0,0,0,0,0,0,0,0,0,0,0,0,0,0,0,0,0,0,0,0,0,0,0,0,0,0,0,0,0,0,0,0,0,0,0,0,0,0,0,0,0,0,0,0
0,0,0,0,2,2,0,0,0,2,1,0,2,0,0,0,0,0,1,4,2,4,2,3,4,7,0,0,5,3,5,6,4,4,4,7,6,6,9,7,9,8,9,14,22,15,18,16,14,25,8,8,19,23,18,17,24,15,14,15,17,14,15,18,18,16,15,15,15,18,16,9,12,9,16,15,16,11,13,11,12,10,8,4,8,8,7,5,3,1,6,6,4,3,0,5,6,1,2,3,3,1,2,0,2,1,0,2,1,0,1,2,0,0,2,1,1,2,0,0,0,0,0,0,1,0,0,0,0,0,0,1,0,0,0,0,0,0,0,0,0,0,0,0,1,0,0,0,0,0,0,0,0,0,0,0,0,0,0,0,0,0,0,0,0,0,0,0,0,0,0,0,0,0,0,0,0,0,0,0,0,0,0,0,0,0,0,0,0,0,0,0,0,0,0,0,0,0,0,0
0,0,0,1,0,0,1,1,0,0,0,0,0,0,0,0,0,2,0,3,3,2,2,1,3,5,1,3,4,7,4,11,5,6,7,7,4,7,3,12,10,9,7,16,16,17,16,16,17,11,13,16,21,18,21,4,14,15,20,21,23,19,17,11,22,13,22,13,12,10,13,10,22,16,12,13,12,15,10,7,6,7,7,7,9,9,10,4,4,6,5,2,1,6,7,3,1,3,3,1,3,1,3,0,1,1,0,2,0,1,1,1,0,1,0,0,0,0,0,0,0,0,0,0,0,0,0,0,0,0,0,0,0,0,0,0,0,0,0,0,0,0,0,0,0,0,0,0,0,0,0,0,0,0,0,0,0,0,0,0,0,0,0,0,0,0,0,0,0,0,0,0,0,0,0,0,0,0,0,0,0,0,0,0,0,0,0,0,0,0,0,0,0,0,0,0,0,0,0,0
0,0,0,0,0,1,0,1,0,0,0,0,1,0,0,0,0,0,3,0,1,0,3,3,1,0,0,1,1,5,1,8,2,5,6,10,11,5,5,5,10,7,16,11,15,16,9,14,10,10,18,10,12,18,24,8,16,15,13,14,16,22,19,12,14,8,12,12,21,9,14,10,17,12,10,9,12,8,9,8,11,9,9,8,8,3,7,6,2,5,4,4,3,2,5,7,3,4,3,3,0,2,1,2,0,0,1,1,1,0,1,0,1,0,0,1,2,0,0,2,0,0,1,0,1,0,0,0,0,0,0,0,0,0,0,0,0,0,0,0,0,0,0,0,0,0,0,0,0,0,0,0,0,0,0,0,0,0,0,0,0,0,0,0,0,0,0,0,0,0,0,0,0,0,0,0,0,0,0,0,0,0,0,0,0,0,0,0,0,0,0,0,0,0,0,0,0,0,0,0
0,0,0,0,0,1,0,1,1,1,1,1,3,0,0,0,0,3,2,3,1,1,2,1,2,1,2,5,3,1,3,4,5,4,10,8,4,10,10,5,12,7,8,16,22,13,11,16,11,16,15,21,13,14,16,23,8,21,20,13,12,17,14,16,16,19,10,21,10,9,9,13,8,9,4,10,10,3,13,4,5,9,7,15,7,5,2,6,6,5,3,2,3,3,5,2,2,3,1,4,2,1,4,1,3,0,0,0,1,1,2,0,0,0,0,1,1,0,0,1,0,0,0,1,0,1,0,0,0,0,2,0,0,0,0,0,0,0,0,0,0,0,0,0,0,0,0,0,0,0,0,0,0,0,0,0,0,0,0,0,0,0,0,0,0,0,0,0,0,0,0,0,0,0,0,0,0,0,0,0,0,0,0,0,0,0,0,0,0,0,0,0,0,0,0,0,0,0,0,0
0,0,0,0,0,0,0,0,0,1,1,0,0,0,0,1,0,0,0,1,0,2,2,2,0,2,1,0,5,2,0,5,5,7,3,7,8,5,6,9,18,9,8,8,7,16,15,15,12,15,13,17,8,14,22,25,13,16,10,19,13,20,18,11,18,22,12,15,15,14,7,9,13,20,12,7,9,10,9,11,5,2,4,5,5,2,7,4,7,1,6,2,2,3,7,3,2,2,3,0,1,0,1,0,0,0,2,1,0,0,0,1,0,0,1,1,0,1,0,0,0,1,1,1,0,0,0,0,0,0,0,0,0,0,0,0,0,0,0,0,0,0,0,0,0,0,0,0,0,0,0,0,0,0,0,0,0,0,0,0,0,0,0,0,0,0,0,0,0,0,0,0,0,0,0,0,0,0,0,0,0,0,0,0,0,0,0,0,0,0,0,0,0,0,0,0,0,0,0,0
0,0,0,4,0,1,0,1,0,1,0,0,0,1,0,0,0,0,2,1,3,2,3,1,2,5,0,2,3,6,2,2,4,6,5,7,8,5,8,6,13,11,8,3,9,9,9,11,10,15,18,15,20,8,25,16,9,15,14,31,12,13,15,16,12,8,15,11,14,9,13,9,7,13,9,15,9,6,8,12,7,4,12,8,7,0,4,10,5,3,2,6,3,2,2,1,3,0,2,1,2,3,0,1,3,1,1,2,1,0,0,0,1,2,0,0,2,2,0,0,0,0,0,0,0,0,0,0,0,0,0,0,1,0,0,0,0,0,0,0,0,0,0,0,0,0,0,0,0,0,0,0,0,0,0,0,0,0,0,0,0,0,0,0,0,0,0,0,0,0,0,0,0,0,0,0,0,0,0,0,0,0,0,0,0,0,0,0,0,0,0,0,0,0,0,0,0,0,0,0
0,0,0,0,0,1,0,1,0,0,0,2,0,2,0,1,0,1,0,0,0,2,2,1,2,2,3,0,5,2,2,4,13,3,9,8,9,5,8,5,6,9,6,9,13,13,14,12,15,18,27,8,16,12,12,17,15,18,22,20,17,14,10,17,22,15,16,15,14,16,10,12,9,10,13,10,15,9,12,11,9,6,4,6,8,9,3,3,4,6,1,2,4,7,2,1,1,4,1,4,2,1,2,3,1,0,1,2,0,0,0,0,0,1,0,0,0,0,0,0,0,0,0,0,0,0,0,0,0,0,0,0,0,1,0,0,0,0,0,0,0,0,0,0,0,0,0,0,0,0,0,0,0,0,0,0,0,0,0,0,0,0,0,0,0,0,0,0,0,0,0,0,0,0,0,0,0,0,0,0,0,0,0,0,0,0,0,0,0,0,0,0,0,0,0,0,0,0,0,0
0,0,0,1,0,1,1,0,0,0,0,0,0,1,0,2,1,2,0,2,1,2,4,1,2,6,1,2,1,5,1,5,12,8,4,5,6,10,5,5,9,7,3,14,8,10,13,11,14,12,13,15,17,12,15,11,20,16,21,16,16,14,9,12,18,8,14,13,15,15,8,12,11,7,9,10,4,10,7,11,7,11,7,4,2,5,4,4,7,6,3,4,2,5,1,2,0,1,1,3,3,0,3,0,1,1,0,1,0,2,0,3,1,0,2,2,1,1,0,1,0,0,0,0,0,0,0,0,0,0,1,0,0,0,0,0,0,0,0,0,0,0,0,0,0,0,0,0,0,0,0,0,0,0,0,0,0,0,0,0,0,0,0,0,0,0,0,0,0,0,0,0,0,0,0,0,0,0,0,0,0,0,0,0,0,0,0,0,0,0,0,0,0,0,0,0,0,0,0,0
0,0,0,0,0,2,0,0,0,2,1,1,1,1,0,0,0,1,4,0,1,1,1,2,1,2,0,3,3,6,1,2,2,10,5,4,3,12,7,10,6,6,11,8,10,8,6,5,16,8,10,10,13,17,10,19,15,12,22,17,10,11,8,13,12,12,11,12,11,9,12,9,6,11,14,8,6,6,8,8,7,6,5,2,3,4,6,6,8,6,1,2,5,2,4,5,1,1,3,2,2,0,3,2,1,0,1,1,1,2,2,0,2,0,0,2,0,0,0,0,0,1,1,0,0,0,0,0,0,0,0,0,0,1,0,0,0,0,0,0,0,0,0,0,0,0,0,0,0,0,0,0,0,0,0,0,0,0,0,0,0,0,0,0,0,0,0,0,0,0,0,0,0,0,0,0,0,0,0,0,0,0,0,0,0,0,0,0,0,0,0,0,0,0,0,0,0,0,0,0
0,0,0,0,0,0,0,0,0,1,0,0,0,1,0,0,0,3,1,0,1,1,1,3,1,1,1,3,4,2,2,4,3,5,5,7,3,6,5,4,5,11,8,8,15,12,11,11,13,17,14,12,10,15,20,7,11,17,10,18,14,20,17,10,15,8,8,17,13,9,10,18,9,7,11,7,7,10,4,5,8,7,9,7,5,7,3,2,5,3,3,1,2,6,4,2,3,2,2,2,2,1,1,1,3,0,0,2,1,0,0,0,0,0,1,0,1,2,0,1,0,0,1,1,0,0,1,0,0,0,0,0,0,0,0,0,0,0,0,0,0,0,0,0,0,0,0,0,0,0,0,0,0,0,0,0,0,0,0,0,0,0,0,0,0,0,0,0,0,0,0,0,0,0,0,0,0,0,0,0,0,0,0,0,0,0,0,0,0,0,0,0,0,0,0,0,0,0,0,0
0,0,0,0,0,0,1,0,0,0,0,0,0,0,0,0,0,1,4,2,1,1,1,3,2,5,2,0,1,2,0,4,5,9,8,4,8,8,7,4,9,7,3,7,11,14,7,11,8,11,20,14,9,11,15,13,13,17,15,19,13,12,16,16,9,9,17,18,10,15,12,13,7,8,11,8,9,5,8,5,5,8,8,4,8,2,6,4,2,4,4,5,3,1,0,4,4,2,3,0,0,0,1,1,2,2,1,0,1,1,1,0,0,0,0,1,0,1,0,0,0,0,0,0,0,0,0,0,0,1,0,0,0,0,0,0,0,0,0,0,0,0,0,0,0,0,0,0,0,0,0,0,0,0,0,0,0,0,0,0,0,0,0,0,0,0,0,0,0,0,0,0,0,0,0,0,0,0,0,0,0,0,0,0,0,0,0,0,0,0,0,0,0,0,0,0,0,0,0,0
0,0,0,1,0,0,0,0,0,1,0,0,0,0,0,0,0,1,2,1,2,1,2,4,2,3,0,2,3,1,0,3,6,3,5,2,5,5,4,9,6,6,7,8,15,13,11,9,9,17,16,11,15,15,13,12,9,11,10,18,11,16,7,9,10,13,14,15,8,11,11,13,10,12,13,6,9,7,8,5,6,9,5,5,5,8,7,4,2,7,7,1,4,2,2,2,2,2,2,1,2,1,2,1,0,1,0,1,1,0,0,1,1,0,2,0,1,0,0,0,0,0,0,0,1,0,0,0,1,1,0,0,0,1,0,0,0,0,0,0,0,0,0,0,0,0,0,0,0,0,0,0,0,0,0,0,0,0,0,0,0,0,0,0,0,0,0,0,0,0,0,0,0,0,0,0,0,0,0,0,0,0,0,0,0,0,0,0,0,0,0,0,0,0,0,0,0,0,0,0
0,0,0,0,0,0,0,0,0,0,1,0,2,0,0,0,0,1,3,2,1,2,0,0,3,4,1,1,1,4,5,8,4,8,8,4,8,13,1,7,9,8,6,6,10,18,7,7,13,6,15,8,11,14,18,16,10,12,19,20,8,15,4,8,10,10,12,10,10,10,9,13,10,5,11,6,8,4,13,6,7,6,8,3,9,5,2,6,3,3,5,1,5,1,4,3,2,0,1,1,2,0,1,2,2,1,1,0,0,1,1,1,0,1,1,0,0,0,1,0,0,0,0,0,0,0,0,0,1,0,0,0,0,0,0,0,0,0,0,0,0,0,0,0,0,0,0,0,0,0,0,0,0,0,0,0,0,0,0,0,0,0,0,0,0,0,0,0,0,0,0,0,0,0,0,0,0,0,0,0,0,0,0,0,0,0,0,0,0,0,0,0,0,0,0,0,0,0,0,0
0,0,0,0,0,1,0,0,1,0,2,0,1,1,0,2,0,1,1,4,0,0,5,4,0,1,0,0,3,1,3,4,4,7,5,3,2,9,2,4,4,7,6,4,9,12,13,7,16,10,19,10,14,11,15,11,15,15,16,14,9,8,12,13,20,10,20,14,17,9,16,13,13,10,10,6,7,8,7,6,5,9,7,9,4,1,2,3,3,5,1,2,3,1,2,1,2,3,3,3,2,0,4,0,0,1,0,0,2,1,1,0,1,0,1,0,2,0,0,0,0,0,0,0,0,0,0,0,0,0,0,0,0,0,0,0,0,0,0,0,0,0,0,0,0,0,0,0,0,0,0,0,0,0,0,0,0,0,0,0,0,0,0,0,0,0,0,0,0,0,0,0,0,0,0,0,0,0,0,0,0,0,0,0,0,0,0,0,0,0,0,0,0,0,0,0,0,0,0,0
0,0,0,0,0,0,1,0,0,1,0,0,0,0,0,1,0,0,1,2,0,1,2,0,2,3,1,2,4,2,6,3,1,6,9,2,3,8,10,10,5,7,6,6,9,13,10,18,10,20,12,15,15,12,12,11,17,14,13,17,11,10,13,17,6,8,19,6,9,7,14,9,6,9,10,7,6,2,9,4,1,9,2,8,5,7,3,4,2,4,6,5,1,2,3,3,3,1,2,2,0,2,0,0,0,2,1,0,0,1,1,1,0,0,0,0,0,0,0,0,0,0,0,0,1,0,0,0,0,0,0,0,0,0,0,0,0,0,0,0,0,0,0,0,0,0,0,0,0,0,0,0,0,0,0,0,0,0,0,0,0,0,0,0,0,0,0,0,0,0,0,0,0,0,0,0,0,0,0,0,0,0,0,0,0,0,0,0,0,0,0,0,0,0,0,0,0,0,0,0
0,0,0,0,0,1,1,0,0,0,1,0,0,1,0,1,0,1,0,1,0,3,5,2,2,1,1,3,3,3,4,2,3,3,8,3,6,2,5,5,5,5,6,5,9,13,11,10,17,10,14,8,12,14,12,19,9,14,15,15,14,9,8,8,11,9,11,12,3,7,14,8,16,8,8,7,4,10,5,7,3,9,4,8,4,0,2,3,5,1,4,1,4,4,1,5,2,1,1,3,1,1,0,0,2,0,0,0,0,0,0,1,1,1,0,1,2,0,0,0,0,0,2,0,0,1,0,1,0,0,0,0,0,0,0,0,0,0,0,0,0,0,0,0,0,0,0,0,0,0,0,0,0,0,0,0,0,0,0,0,0,0,0,0,0,0,0,0,0,0,0,0,0,0,0,0,0,0,0,0,0,0,0,0,0,0,0,0,0,0,0,0,0,0,0,0,0,0,0,0
0,0,0,0,0,0,1,0,1,0,0,0,0,1,0,0,0,1,0,1,1,2,0,0,1,2,2,1,1,3,1,6,6,4,4,3,6,6,1,4,5,3,15,10,11,11,8,7,16,10,8,15,7,12,18,12,9,12,10,11,12,11,13,11,11,11,8,9,16,8,5,7,4,10,10,9,14,8,6,3,3,4,9,3,4,6,7,0,1,5,4,5,2,4,1,2,1,2,1,1,1,2,0,2,1,0,0,1,0,1,1,0,0,0,1,0,0,0,1,0,0,0,0,0,0,0,0,0,0,0,0,0,0,0,0,0,0,0,0,0,0,0,0,0,0,0,0,0,0,0,0,0,0,0,0,0,0,0,0,0,0,0,0,0,0,0,0,0,0,0,0,0,0,0,0,0,0,0,0,0,0,0,0,0,0,0,0,0,0,0,0,0,0,0,0,0,0,0,0,0
0,0,0,0,0,0,0,0,0,1,1,0,0,0,0,0,2,1,0,2,0,2,2,1,4,1,0,0,2,1,2,2,4,7,2,2,2,4,6,5,5,5,10,14,14,7,11,9,11,12,11,10,16,13,15,11,9,13,14,14,20,11,11,6,13,8,8,8,4,3,7,12,8,5,7,4,6,2,6,6,5,5,8,4,2,9,5,2,4,2,5,4,1,5,3,3,2,1,1,0,2,0,2,0,0,0,2,1,1,0,0,0,2,1,1,1,0,0,1,0,0,2,0,1,0,0,0,0,0,0,0,0,0,0,0,0,0,0,0,0,0,0,0,0,0,0,0,0,0,0,0,0,0,0,0,0,0,0,0,0,0,0,0,0,0,0,0,0,0,0,0,0,0,0,0,0,0,0,0,0,0,0,0,0,0,0,0,0,0,0,0,0,0,0,0,0,0,0,0,0
0,0,0,0,1,1,0,0,0,1,0,0,0,0,0,1,0,0,2,2,1,1,3,1,1,2,1,1,3,5,3,2,2,2,4,3,3,3,9,3,4,3,5,9,15,13,7,3,9,10,14,11,15,10,7,14,8,7,8,12,10,15,18,8,13,4,5,11,3,16,7,5,4,8,9,9,9,6,4,4,5,4,6,5,5,5,3,4,2,6,1,1,1,2,2,0,1,1,1,2,1,4,1,1,0,1,0,0,1,1,0,0,1,0,0,0,0,0,0,0,0,0,0,1,0,0,1,1,0,0,0,0,0,0,0,0,0,0,0,0,0,0,0,0,0,0,0,0,0,0,0,0,0,0,0,0,0,0,0,0,0,0,0,0,0,0,0,0,0,0,0,0,0,0,0,0,0,0,0,0,0,0,0,0,0,0,0,0,0,0,0,0,0,0,0,0,0,0,0,0
0,0,0,0,0,0,0,0,0,1,0,0,0,1,0,0,0,1,0,2,1,2,2,2,1,2,0,1,1,5,3,3,5,2,4,6,7,2,4,8,4,4,7,7,9,7,5,6,10,12,6,10,14,15,5,12,8,13,10,9,8,7,3,10,6,10,9,6,3,6,9,6,8,11,14,8,3,4,7,2,0,5,10,3,5,4,2,5,3,2,1,3,4,1,2,0,2,0,1,0,1,0,2,1,1,0,0,0,1,0,1,0,0,1,0,0,1,0,0,0,0,0,0,1,0,1,0,0,0,0,0,0,0,0,0,0,0,0,0,0,0,0,0,0,0,0,0,0,0,0,0,0,0,0,0,0,0,0,0,0,0,0,0,0,0,0,0,0,0,0,0,0,0,0,0,0,0,0,0,0,0,0,0,0,0,0,0,0,0,0,0,0,0,0,0,0,0,0,0,0
0,0,0,1,0,0,0,0,0,1,0,0,0,1,0,2,0,0,0,0,0,1,1,1,1,3,0,3,3,2,0,5,4,6,6,2,7,6,7,3,1,7,8,3,10,10,8,7,11,6,7,5,11,13,15,7,13,12,6,13,8,8,12,10,18,7,13,7,6,10,3,11,6,3,9,7,8,10,8,3,7,6,6,2,8,4,2,4,1,5,1,1,1,0,2,7,1,1,4,1,1,1,2,0,0,0,1,0,0,1,1,0,0,0,0,0,0,1,0,1,0,0,0,0,0,0,0,0,0,0,0,0,0,0,0,0,0,0,0,0,0,0,0,0,0,0,0,0,0,0,0,0,0,0,0,0,0,0,0,0,0,0,0,0,0,0,0,0,0,0,0,0,0,0,0,0,0,0,0,0,0,0,0,0,0,0,0,0,0,0,0,0,0,0,0,0,0,0,0,0
0,0,0,0,1,0,0,0,0,1,0,0,1,0,0,1,1,0,0,4,1,0,0,3,0,3,0,1,3,5,2,1,3,3,3,2,2,4,4,5,8,5,6,6,17,8,8,11,14,12,8,11,11,11,9,10,12,8,10,13,12,9,4,10,12,11,6,6,9,6,9,6,7,8,8,5,0,5,6,6,5,9,2,3,7,6,5,4,3,4,4,2,0,4,1,2,2,1,2,1,2,2,1,2,1,0,0,0,3,0,0,0,0,0,1,1,0,0,0,0,0,0,0,0,0,0,1,0,0,0,0,0,0,0,0,0,0,0,0,0,0,0,0,0,0,0,0,0,0,0,0,0,0,0,0,0,0,0,0,0,0,0,0,0,0,0,0,0,0,0,0,0,0,0,0,0,0,0,0,0,0,0,0,0,0,0,0,0,0,0,0,0,0,0,0,0,0,0,0,0
0,0,0,0,0,1,1,1,1,0,0,0,1,0,0,1,1,1,1,0,0,0,1,2,0,1,2,1,5,0,1,8,1,3,2,1,3,9,2,6,3,2,6,5,2,5,13,6,7,8,13,5,11,15,12,8,12,7,12,11,17,3,10,9,8,11,8,13,9,3,6,11,9,4,10,2,5,9,3,5,5,7,8,5,6,3,7,5,4,5,3,2,3,3,3,0,1,1,0,0,0,0,2,1,1,1,2,0,1,0,0,1,2,0,0,0,0,1,0,0,1,0,0,0,0,0,0,0,0,0,0,0,1,0,0,0,0,0,0,0,0,0,0,0,0,0,0,0,0,0,0,0,0,0,0,0,0,0,0,0,0,0,0,0,0,0,0,0,0,0,0,0,0,0,0,0,0,0,0,0,0,0,0,0,0,0,0,0,0,0,0,0,0,0,0,0,0,0,0,0
0,0,0,0,0,1,1,0,0,0,1,0,0,0,0,1,0,2,2,1,0,4,1,2,2,2,0,3,1,5,1,4,3,9,5,2,3,2,2,4,4,4,11,7,12,7,7,6,9,6,5,15,10,12,8,11,5,12,9,17,5,9,15,8,8,15,8,4,5,7,9,11,6,5,6,6,1,3,5,6,3,6,6,3,4,2,2,1,2,4,1,1,2,3,0,6,3,3,1,1,3,0,2,3,3,0,2,1,1,2,0,0,0,0,1,0,0,1,0,0,0,0,0,0,0,0,0,0,0,1,0,0,0,0,0,0,0,0,0,0,1,0,0,0,0,0,0,0,0,0,0,0,0,0,0,0,0,0,0,0,0,0,0,0,0,0,0,0,0,0,0,0,0,0,0,0,0,0,0,0,0,0,0,0,0,0,0,0,0,0,0,0,0,0,0,0,0,0,0,0
0,0,0,0,0,0,0,0,0,0,0,0,2,1,0,0,0,0,1,0,0,1,2,2,0,2,0,0,2,2,0,2,1,1,4,1,4,3,1,7,3,2,12,8,8,11,4,6,9,12,10,12,4,7,12,15,6,4,10,10,8,5,10,4,12,5,7,11,11,9,7,5,6,5,2,6,5,6,2,9,7,7,2,3,7,2,2,3,4,1,3,3,3,0,1,1,0,0,0,1,0,0,0,0,1,1,0,0,0,1,1,0,0,2,0,1,0,0,0,0,1,0,0,0,1,0,0,0,0,0,0,0,0,0,0,0,0,0,0,0,0,0,0,0,0,0,0,0,0,0,0,0,0,0,0,0,0,0,0,0,0,0,0,0,0,0,0,0,0,0,0,0,0,0,0,0,0,0,0,0,0,0,0,0,0,0,0,0,0,0,0,0,0,0,0,0,0,0,0,0
0,0,0,2,0,1,0,0,0,1,1,0,1,0,0,1,0,2,0,0,0,1,1,3,3,3,0,0,0,0,2,4,4,7,3,4,6,8,3,5,10,6,5,3,4,7,7,9,6,9,12,5,9,10,5,6,10,14,10,7,3,12,6,13,5,7,7,6,5,6,10,8,10,5,4,3,3,4,2,3,7,1,2,3,3,4,2,1,2,1,5,2,5,3,8,1,2,4,1,2,1,0,1,0,2,0,0,1,0,0,0,1,0,1,0,0,1,0,0,0,0,0,0,0,0,0,0,0,0,0,0,0,0,0,0,0,0,0,0,0,0,0,0,0,0,0,0,0,0,0,0,0,0,0,0,0,0,0,0,0,0,0,0,0,0,0,0,0,0,0,0,0,0,0,0,0,0,0,0,0,0,0,0,0,0,0,0,0,0,0,0,0,0,0,0,0,0,0,0,0
0,0,0,0,0,1,0,0,0,0,0,0,0,0,0,1,0,1,1,1,1,0,2,4,0,1,1,0,2,2,2,1,1,2,2,2,3,6,6,3,2,3,3,2,11,9,8,8,5,6,11,6,12,10,11,8,6,10,7,14,8,7,7,6,14,6,11,3,11,3,6,10,6,6,5,2,6,6,6,5,1,4,1,2,5,4,3,0,0,5,5,3,1,3,1,0,3,1,0,3,1,1,0,0,1,0,1,1,0,1,1,0,0,0,0,1,0,0,0,0,0,0,1,0,0,0,0,0,0,0,0,0,0,0,0,0,0,0,0,0,0,0,0,0,0,0,0,0,0,0,0,0,0,0,0,0,0,0,0,0,0,0,0,0,0,0,0,0,0,0,0,0,0,0,0,0,0,0,0,0,0,0,0,0,0,0,0,0,0,0,0,0,0,0,0,0,0,0,0,0
0,0,0,0,0,0,0,0,1,0,0,0,1,0,0,0,0,0,1,2,2,1,1,0,1,1,0,1,4,2,2,4,5,2,2,1,2,7,3,4,4,2,3,6,9,4,6,7,2,5,9,13,12,9,11,8,8,10,1,7,8,8,12,10,8,8,10,2,8,6,10,6,7,2,7,5,6,4,3,5,6,7,2,2,5,2,2,5,2,1,1,2,0,3,1,2,0,1,0,5,1,1,0,1,0,0,0,0,1,0,0,0,0,0,0,0,0,0,1,0,1,0,0,0,0,0,0,0,0,0,0,0,0,0,0,0,0,0,0,0,0,0,0,0,0,0,0,0,0,0,0,0,0,0,0,0,0,0,0,0,0,0,0,0,0,0,0,0,0,0,0,0,0,0,0,0,0,0,0,0,0,0,0,0,0,0,0,0,0,0,0,0,0,0,0,0,0,0,0,0
0,0,0,0,0,0,0,0,0,0,0,0,1,0,0,0,0,0,0,2,1,0,1,1,0,0,1,2,3,2,1,5,1,3,1,3,6,3,3,1,6,3,5,3,7,7,10,7,9,8,5,6,7,8,6,9,9,8,4,13,10,6,7,8,4,11,8,7,7,9,7,8,5,4,2,6,9,5,2,4,4,1,6,3,1,2,5,4,4,1,0,1,1,2,1,0,2,4,2,3,0,1,2,1,0,2,2,0,1,1,0,1,0,0,0,0,0,0,1,0,0,0,0,0,0,0,0,0,0,0,0,0,0,0,0,0,0,0,0,0,0,0,0,0,0,0,0,0,0,0,0,0,0,0,0,0,0,0,0,0,0,0,0,0,0,0,0,0,0,0,0,0,0,0,0,0,0,0,0,0,0,0,0,0,0,0,0,0,0,0,0,0,0,0,0,0,0,0,0,0
0,0,0,0,0,0,1,1,0,0,0,0,0,0,0,0,0,1,1,3,0,1,0,3,1,2,0,1,1,2,1,2,3,7,6,4,1,9,4,0,6,4,3,6,6,5,1,5,6,5,6,9,8,12,6,5,8,5,6,4,12,11,6,13,8,3,11,5,5,6,5,8,9,8,5,3,6,6,1,1,2,2,10,5,8,4,4,1,6,1,2,0,2,4,2,0,0,0,1,2,1,0,0,1,2,0,0,1,1,0,1,0,0,0,1,0,1,0,1,0,0,1,0,1,0,0,0,0,0,0,0,0,0,0,0,0,0,0,0,0,0,0,0,0,0,0,0,0,0,0,0,0,0,0,0,0,0,0,0,0,0,0,0,0,0,0,0,0,0,0,0,0,0,0,0,0,0,0,0,0,0,0,0,0,0,0,0,0,0,0,0,0,0,0,0,0,0,0,0,0
0,0,0,1,0,0,0,0,0,0,0,0,0,0,0,0,0,0,1,1,2,3,2,0,0,2,2,0,3,2,0,6,3,2,3,2,2,2,6,5,1,4,9,2,10,5,13,6,11,11,12,11,5,8,11,13,9,8,4,13,9,3,10,7,17,8,5,11,9,5,5,8,6,2,7,2,6,5,0,5,9,2,6,2,1,2,4,5,3,4,0,1,1,1,0,1,2,0,0,0,1,0,1,0,1,1,0,0,0,1,0,0,0,0,0,0,0,1,0,0,0,0,0,0,0,0,0,0,0,0,0,1,0,0,0,0,0,0,0,0,0,0,0,0,0,0,0,0,0,0,0,0,0,0,0,0,0,0,0,0,0,0,0,0,0,0,0,0,0,0,0,0,0,0,0,0,0,0,0,0,0,0,0,0,0,0,0,0,0,0,0,0,0,0,0,0,0,0,0,0
0,0,0,1,0,0,0,0,0,0,0,1,1,0,0,0,0,1,0,4,1,0,3,1,0,3,3,1,0,4,0,5,4,2,2,5,0,3,0,3,5,4,6,3,9,11,6,11,6,7,5,5,8,6,9,12,9,7,10,12,5,6,8,6,6,7,7,8,3,6,12,6,6,1,6,3,5,6,6,5,6,3,8,2,4,3,4,2,1,0,2,0,1,3,1,2,2,1,1,0,0,0,1,1,0,0,1,1,3,0,1,1,0,0,0,0,0,0,2,0,0,0,0,0,0,0,0,0,0,0,0,0,0,0,0,0,0,0,0,0,0,0,0,0,0,0,0,0,0,0,0,0,0,0,0,0,0,0,0,0,0,0,0,0,0,0,0,0,0,0,0,0,0,0,0,0,0,0,0,0,0,0,0,0,0,0,0,0,0,0,0,0,0,0,0,0,0,0,0,0
0,0,0,2,0,1,0,1,0,0,0,0,1,0,0,0,0,0,0,1,0,0,2,2,1,2,0,0,1,2,1,5,2,3,4,3,4,8,3,2,0,2,6,3,9,9,7,6,7,6,3,6,4,7,8,4,3,8,6,8,11,4,10,7,9,6,8,9,7,7,6,6,2,3,7,8,6,4,6,6,4,8,2,2,2,1,2,3,1,1,5,1,1,2,1,1,2,3,1,0,1,0,1,0,2,0,0,0,0,1,1,0,0,0,0,0,0,0,1,1,0,0,0,0,0,0,0,0,0,0,0,0,0,0,0,0,0,0,0,0,0,0,0,0,0,0,0,0,0,0,0,0,0,0,0,0,0,0,0,0,0,0,0,0,0,0,0,0,0,0,0,0,0,0,0,0,0,0,0,0,0,0,0,0,0,0,0,0,0,0,0,0,0,0,0,0,0,0,0,0
0,0,0,0,0,0,0,0,0,0,0,0,1,0,0,0,2,0,1,2,0,0,1,0,1,2,0,4,2,4,2,4,0,1,2,0,5,8,3,8,2,1,3,3,6,4,6,8,10,6,7,5,12,15,11,10,7,5,5,7,3,5,11,10,4,7,5,3,7,8,1,3,4,3,3,4,5,2,4,4,4,1,4,7,4,4,2,2,1,2,1,1,1,2,0,1,1,0,3,0,1,0,0,3,0,0,0,1,0,1,0,1,1,0,0,0,0,0,1,0,0,0,1,0,0,0,0,0,0,0,0,0,0,0,0,0,0,0,0,0,0,0,0,0,0,0,0,0,0,0,0,0,0,0,0,0,0,0,0,0,0,0,0,0,0,0,0,0,0,0,0,0,0,0,0,0,0,0,0,0,0,0,0,0,0,0,0,0,0,0,0,0,0,0,0,0,0,0,0,0
0,0,0,0,0,0,1,0,0,0,1,0,1,0,0,0,0,0,1,0,0,0,0,1,1,2,0,0,0,3,2,5,1,5,2,0,4,5,2,3,5,4,5,3,8,4,4,8,5,5,4,4,7,8,9,6,7,11,6,2,5,3,6,9,11,7,9,3,11,6,5,4,7,2,4,7,5,6,2,7,3,3,1,3,7,0,1,4,5,1,1,0,3,0,3,0,4,1,1,0,1,0,0,1,0,1,0,0,2,0,0,0,1,0,0,0,0,0,0,0,1,0,0,0,0,0,0,0,0,0,0,0,0,0,0,0,0,0,0,0,0,0,0,0,0,0,0,0,0,0,0,0,0,0,0,0,0,0,0,0,0,0,0,0,0,0,0,0,0,0,0,0,0,0,0,0,0,0,0,0,0,0,0,0,0,0,0,0,0,0,0,0,0,0,0,0,0,0,0,0
0,0,0,0,0,0,0,0,0,0,0,0,0,0,0,0,1,2,0,0,1,2,1,5,1,2,2,0,2,4,3,3,4,4,4,1,1,5,4,5,3,5,4,5,4,2,6,5,4,8,5,5,6,8,5,7,5,4,6,5,6,3,7,5,2,4,6,7,7,3,5,5,3,2,5,4,6,3,4,3,4,3,2,1,3,3,4,1,2,2,1,1,0,2,2,0,0,1,2,0,1,1,1,0,1,0,1,0,1,0,0,0,0,0,0,0,0,1,0,0,0,0,1,0,0,0,0,0,0,1,0,0,0,0,0,0,0,0,0,0,0,0,0,0,0,0,0,0,0,0,0,0,0,0,0,0,0,0,0,0,0,0,0,0,0,0,0,0,0,0,0,0,0,0,0,0,0,0,0,0,0,0,0,0,0,0,0,0,0,0,0,0,0,0,0,0,0,0,0,0
0,0,0,0,0,0,0,0,0,1,0,0,0,1,0,0,0,0,0,0,0,1,2,1,0,2,0,0,1,2,1,1,1,2,0,4,2,3,3,6,4,1,5,1,9,5,8,2,5,9,8,8,9,7,13,5,5,8,9,11,7,5,8,4,5,4,9,4,6,7,7,7,3,1,4,5,5,4,5,3,4,3,3,2,5,1,3,2,4,2,1,1,1,3,3,1,0,0,0,2,1,0,0,1,0,0,0,0,2,0,1,0,0,0,0,0,1,0,0,0,0,0,1,0,0,0,0,0,0,0,0,0,0,0,0,0,0,0,0,0,0,0,0,0,0,0,0,0,0,0,0,0,0,0,0,0,0,0,0,0,0,0,0,0,0,0,0,0,0,0,0,0,0,0,0,0,0,0,0,0,0,0,0,0,0,0,0,0,0,0,0,0,0,0,0,0,0,0,0,0
0,0,0,0,0,0,0,0,0,0,0,0,0,0,0,0,0,0,0,2,0,2,1,0,1,3,0,1,1,0,1,2,2,2,6,3,5,1,3,6,1,3,6,2,9,4,6,5,7,4,2,3,3,4,8,11,8,5,4,4,3,7,6,5,7,6,5,5,3,2,5,5,8,3,9,2,4,3,3,2,5,3,1,1,3,2,2,1,3,1,4,1,0,0,1,0,0,1,2,2,0,0,1,1,1,0,0,0,0,0,0,0,0,0,0,0,0,0,0,0,0,0,0,0,0,0,0,0,0,1,0,0,0,0,0,0,0,0,0,0,0,0,0,0,0,0,0,0,0,0,0,0,0,0,0,0,0,0,0,0,0,0,0,0,0,0,0,0,0,0,0,0,0,0,0,0,0,0,0,0,0,0,0,0,0,0,0,0,0,0,0,0,0,0,0,0,0,0,0,0
0,0,0,0,0,0,0,1,0,0,0,0,1,0,0,0,0,0,0,0,1,1,1,4,1,0,0,0,1,0,1,2,2,2,3,3,4,4,2,4,1,4,4,5,2,8,2,2,4,8,7,8,5,11,6,2,6,5,5,10,6,8,10,9,5,2,5,9,3,3,5,5,3,5,6,2,3,3,3,2,2,4,0,4,7,2,2,3,1,3,2,1,4,1,1,1,3,0,1,2,0,0,0,1,1,0,0,0,1,0,0,1,0,0,0,0,0,0,0,0,0,0,0,0,0,0,0,0,0,0,0,0,1,0,0,0,0,0,0,0,1,0,0,0,0,0,0,0,0,0,0,0,0,0,0,0,0,0,0,0,0,0,0,0,0,0,0,0,0,0,0,0,0,0,0,0,0,0,0,0,0,0,0,0,0,0,0,0,0,0,0,0,0,0,0,0,0,0,0,0
0,0,0,1,0,0,0,1,0,0,1,0,1,1,0,0,0,0,3,0,0,2,1,0,1,0,1,0,1,1,0,5,1,3,4,2,3,8,2,5,1,4,4,5,6,5,1,3,7,4,6,8,7,7,6,8,7,6,4,7,4,6,9,5,3,5,3,6,3,5,2,3,3,0,5,3,2,7,3,3,3,3,5,3,1,3,3,1,0,2,1,3,0,0,1,0,3,1,0,1,1,2,0,0,2,0,0,1,0,0,0,0,0,1,0,0,0,0,1,0,0,0,0,0,0,0,0,0,0,0,0,0,0,0,0,0,0,0,0,0,0,0,0,0,0,0,0,0,0,0,0,0,0,0,0,0,0,0,0,0,0,0,0,0,0,0,0,0,0,0,0,0,0,0,0,0,0,0,0,0,0,0,0,0,0,0,0,0,0,0,0,0,0,0,0,0,0,0,0,0
0,0,0,0,0,0,0,0,0,0,0,0,0,0,0,1,0,1,0,2,0,2,2,0,1,2,0,0,0,2,0,0,0,0,3,1,4,4,1,2,5,0,5,2,4,6,5,8,4,4,4,3,7,4,4,8,6,4,5,9,8,5,9,2,9,4,4,8,7,4,5,9,2,5,6,5,4,5,7,1,4,4,4,0,1,5,0,3,0,1,1,0,2,1,0,1,2,0,0,1,3,1,0,0,0,0,0,0,0,0,0,0,0,0,0,0,0,1,0,0,0,0,0,0,0,0,0,0,0,0,0,0,0,0,0,0,0,0,0,0,0,0,0,0,0,0,0,0,0,0,0,0,0,0,0,0,0,0,0,0,0,0,0,0,0,0,0,0,0,0,0,0,0,0,0,0,0,0,0,0,0,0,0,0,0,0,0,0,0,0,0,0,0,0,0,0,0,0,0,0
0,0,0,0,0,0,0,0,0,0,1,0,0,0,0,0,0,1,0,0,0,1,1,0,1,0,0,0,2,1,3,3,1,3,1,3,2,3,7,2,1,3,3,2,5,5,3,7,8,5,4,6,5,5,4,6,6,9,6,8,4,7,4,6,4,5,7,7,3,5,4,6,6,6,5,2,2,4,2,2,1,3,4,3,4,1,3,2,2,2,2,2,2,0,0,1,2,1,0,0,2,0,0,1,0,0,0,0,0,0,0,0,0,0,0,1,0,0,0,0,0,0,0,0,0,0,0,0,0,0,0,0,0,0,0,0,0,0,0,0,0,0,0,0,0,0,0,0,0,0,0,0,0,0,0,0,0,0,0,0,0,0,0,0,0,0,0,0,0,0,0,0,0,0,0,0,0,0,0,0,0,0,0,0,0,0,0,0,0,0,0,0,0,0,0,0,0,0,0,0
0,0,0,0,0,0,0,1,0,0,0,0,0,0,0,0,0,1,0,2,0,1,3,0,0,1,0,0,2,1,0,2,0,2,2,0,4,1,1,0,2,1,4,6,6,5,3,3,3,7,5,4,2,6,5,9,4,6,8,7,2,6,6,3,3,4,9,4,3,1,8,7,2,4,4,6,5,3,1,4,3,0,4,4,0,4,5,1,3,2,7,2,0,0,0,1,1,0,0,0,0,1,0,0,0,0,0,0,0,0,0,0,0,0,0,0,0,0,0,0,0,1,0,0,0,0,0,0,1,0,0,0,0,0,0,0,0,0,0,0,0,0,0,0,0,0,0,0,0,0,0,0,0,0,0,0,0,0,0,0,0,0,0,0,0,0,0,0,0,0,0,0,0,0,0,0,0,0,0,0,0,0,0,0,0,0,0,0,0,0,0,0,0,0,0,0,0,0,0,0
0,0,0,1,0,0,0,0,0,0,0,1,0,0,0,0,0,0,1,1,0,0,1,1,3,0,0,2,2,1,0,4,2,2,4,2,4,4,0,3,1,3,4,5,8,4,6,4,2,5,2,9,4,3,4,8,6,4,6,7,3,8,4,5,7,2,5,5,5,1,4,4,6,8,5,2,3,1,4,1,2,3,2,0,1,2,4,0,0,2,0,1,0,1,2,2,0,1,1,0,0,1,0,0,0,1,1,0,1,1,0,0,0,0,0,0,0,0,0,0,0,0,1,0,0,0,0,0,0,0,0,1,0,0,0,0,0,0,0,0,0,0,0,0,0,0,0,0,0,0,0,0,0,0,0,0,0,0,0,0,0,0,0,0,0,0,0,0,0,0,0,0,0,0,0,0,0,0,0,0,0,0,0,0,0,0,0,0,0,0,0,0,0,0,0,0,0,0,0,0
0,0,0,0,0,0,0,1,0,1,0,0,1,1,0,0,0,0,0,1,0,2,3,2,0,0,0,0,1,2,1,2,2,1,3,3,3,1,2,1,0,3,2,5,7,2,2,5,4,5,4,2,8,8,5,4,4,5,10,7,7,6,2,9,2,4,5,5,5,4,4,7,2,3,6,5,3,3,2,4,4,6,3,2,2,2,1,0,2,0,1,0,2,1,0,0,1,0,1,1,2,0,0,0,1,2,0,0,0,1,0,0,0,0,1,0,0,0,0,0,0,0,0,0,0,0,1,0,0,0,0,0,0,0,0,0,0,0,0,0,0,0,0,0,0,0,0,0,0,0,0,0,0,0,0,0,0,0,0,0,0,0,0,0,0,0,0,0,0,0,0,0,0,0,0,0,0,0,0,0,0,0,0,0,0,0,0,0,0,0,0,0,0,0,0,0,0,0,0,0
0,0,0,0,0,0,0,0,0,0,0,0,1,0,0,0,0,0,1,0,2,0,0,1,1,1,1,0,2,2,0,0,0,2,4,2,5,0,2,3,3,4,1,4,6,4,4,4,7,5,3,1,8,5,3,5,6,4,3,4,3,4,7,6,4,5,5,6,5,8,2,5,5,7,0,2,6,2,3,1,2,3,2,4,2,1,2,2,3,2,1,0,3,0,1,1,0,1,0,1,0,0,0,1,0,0,1,1,1,0,0,0,1,0,0,0,0,0,0,0,0,0,0,1,0,0,0,0,0,0,0,0,0,0,0,0,0,0,0,0,0,0,1,0,0,0,0,0,0,0,0,0,0,0,0,0,0,0,0,0,0,0,0,0,0,0,0,0,0,0,0,0,0,0,0,0,0,0,0,0,0,0,0,0,0,0,0,0,0,0,0,0,0,0,0,0,0,0,0,0
0,0,0,0,0,0,0,0,0,0,0,0,0,0,0,0,0,1,1,1,0,0,0,1,1,0,1,2,1,1,0,2,3,0,1,4,2,4,2,1,1,2,1,2,7,4,7,4,3,8,7,4,5,4,8,2,3,1,6,7,2,5,3,4,5,4,7,4,7,6,2,5,3,4,4,2,2,3,6,3,5,2,5,0,2,3,0,3,1,2,1,3,1,0,0,0,1,0,0,3,1,1,0,0,0,0,0,1,0,0,0,0,0,0,0,0,0,0,0,0,0,0,0,0,0,0,0,0,0,0,0,0,0,0,0,0,0,0,0,0,0,0,0,0,0,0,0,0,0,0,0,0,0,0,0,0,0,0,0,0,0,0,0,0,0,0,0,0,0,0,0,0,0,0,0,0,0,0,0,0,0,0,0,0,0,0,0,0,0,0,0,0,0,0,0,0,0,0,0,0
0,0,0,1,0,1,0,0,0,0,0,0,0,0,0,0,1,0,0,0,0,0,1,2,0,0,0,2,2,2,2,2,2,0,2,1,2,7,2,8,0,2,4,1,2,6,4,7,4,6,6,7,3,7,5,2,5,8,4,9,10,8,11,5,7,3,5,3,9,2,3,3,5,3,4,1,3,4,2,3,1,4,1,1,3,3,2,3,2,2,1,2,1,0,0,0,0,0,0,0,1,1,1,2,0,0,2,0,0,0,0,0,0,0,0,0,0,0,0,0,0,0,1,0,0,0,0,0,0,0,0,0,0,0,0,0,0,0,0,0,0,0,0,0,0,0,0,0,0,0,0,0,0,0,0,0,0,0,0,0,0,0,0,0,0,0,0,0,0,0,0,0,0,0,0,0,0,0,0,0,0,0,0,0,0,0,0,0,0,0,0,0,0,0,0,0,0,0,0,0
0,0,0,0,0,1,0,0,0,0,0,0,0,0,0,0,0,0,1,0,0,1,6,2,1,0,0,1,4,1,2,0,3,0,4,1,5,3,0,2,2,2,2,1,1,4,4,1,2,1,8,5,3,8,4,5,3,7,9,2,5,5,6,6,1,3,3,4,0,5,1,3,6,3,7,3,2,3,1,4,1,3,1,1,1,1,3,0,1,0,2,0,2,0,1,1,1,1,0,2,0,0,1,0,1,1,0,0,0,1,0,1,0,0,0,0,0,0,0,0,0,0,0,0,0,0,0,0,0,0,0,0,0,0,0,0,0,0,0,0,0,0,0,0,0,0,0,0,0,0,0,0,0,0,0,0,0,0,0,0,0,0,0,0,0,0,0,0,0,0,0,0,0,0,0,0,0,0,0,0,0,0,0,0,0,0,0,0,0,0,0,0,0,0,0,0,0,0,0,0
0,0,0,0,0,0,0,0,0,0,0,0,0,0,0,2,0,2,1,1,0,1,2,0,0,0,1,0,2,1,2,1,3,1,5,0,3,4,0,1,6,1,3,2,3,7,5,1,4,3,1,4,9,5,3,3,2,9,4,4,3,6,3,5,6,3,7,4,4,6,5,5,2,3,5,3,3,1,6,3,2,4,3,1,0,3,1,0,1,0,0,1,0,0,0,3,0,1,1,0,0,0,0,0,0,0,1,0,0,0,0,0,0,0,0,0,0,0,0,1,0,0,0,0,0,0,0,0,0,0,0,1,0,0,0,0,0,0,0,0,0,0,0,0,0,0,0,0,0,0,0,0,0,0,0,0,0,0,0,0,0,0,0,0,0,0,0,0,0,0,0,0,0,0,0,0,0,0,0,0,0,0,0,0,0,0,0,0,0,0,0,0,0,0,0,0,0,0,0,0
0,0,0,1,0,0,0,0,0,0,1,0,1,0,0,0,1,1,0,0,0,0,0,1,0,0,1,0,2,0,0,2,1,2,1,1,1,3,0,1,2,1,3,1,6,2,3,3,4,6,3,7,10,4,4,2,4,3,8,4,8,1,5,0,9,4,4,6,2,2,2,4,2,4,4,2,3,3,3,2,3,0,3,1,5,2,1,0,2,1,1,2,1,1,1,2,0,0,0,0,1,0,2,1,0,1,0,0,0,0,0,1,0,0,0,0,0,0,0,0,0,0,0,0,0,0,0,0,0,0,0,0,0,0,0,0,0,0,0,0,0,0,0,0,0,0,0,0,0,0,0,0,0,0,0,0,0,0,0,0,0,0,0,0,0,0,0,0,0,0,0,0,0,0,0,0,0,0,0,0,0,0,0,0,0,0,0,0,0,0,0,0,0,0,0,0,0,0,0,0
0,0,0,0,0,0,0,0,1,0,0,0,0,0,0,1,0,1,0,0,0,2,0,1,1,1,0,0,1,1,0,1,3,1,1,1,4,3,1,2,5,3,4,4,3,3,4,1,3,4,5,9,6,6,9,4,5,4,5,2,7,6,4,3,5,7,3,5,1,2,1,2,3,2,2,4,2,3,3,3,1,2,5,1,2,1,2,2,1,2,0,1,0,1,1,4,1,0,1,0,0,0,0,0,1,0,1,0,0,1,1,0,0,0,1,0,0,0,1,0,0,0,0,0,0,0,0,0,0,0,0,0,0,0,0,0,0,0,0,0,0,0,0,0,0,0,0,0,0,0,0,0,0,0,0,0,0,0,0,0,0,0,0,0,0,0,0,0,0,0,0,0,0,0,0,0,0,0,0,0,0,0,0,0,0,0,0,0,0,0,0,0,0,0,0,0,0,0,0,0
0,0,0,1,0,0,0,0,0,0,0,0,0,0,0,0,0,1,2,1,0,1,1,0,0,1,0,0,2,3,1,1,1,2,2,2,0,2,4,0,4,1,2,4,4,5,1,2,4,5,8,6,3,6,4,1,4,3,10,4,3,4,1,0,2,4,7,2,6,2,3,5,2,5,5,2,3,2,2,1,3,3,2,1,0,0,1,0,1,0,0,2,1,0,1,1,1,0,1,0,0,0,0,0,0,0,0,1,0,0,0,0,0,0,0,0,0,0,0,0,1,0,0,0,1,0,0,0,1,0,0,0,0,0,0,1,0,0,0,0,0,0,0,0,0,0,0,0,0,0,0,0,0,0,0,0,0,0,0,0,0,0,0,0,0,0,0,0,0,0,0,0,0,0,0,0,0,0,0,0,0,0,0,0,0,0,0,0,0,0,0,0,0,0,0,0,0,0,0,0
0,0,0,1,0,1,0,0,0,0,0,0,0,0,0,0,0,0,1,0,0,1,1,3,0,0,0,0,1,1,0,3,2,0,1,2,2,4,2,0,1,4,5,4,7,1,4,2,3,6,6,4,6,4,7,6,4,7,3,5,4,3,2,2,6,2,5,1,3,2,3,4,2,2,3,1,2,1,2,0,3,0,2,1,1,4,1,3,1,0,0,2,0,1,0,1,1,0,1,0,0,1,1,1,1,1,1,1,1,0,0,0,0,0,0,0,1,0,0,0,0,0,0,0,0,0,0,0,0,0,0,0,0,0,0,0,0,0,0,0,0,0,0,0,0,0,0,0,0,0,0,0,0,0,0,0,0,0,0,0,0,0,0,0,0,0,0,0,0,0,0,0,0,0,0,0,0,0,0,0,0,0,0,0,0,0,0,0,0,0,0,0,0,0,0,0,0,0,0,0
0,0,0,0,0,0,0,0,0,2,0,0,0,0,0,0,1,0,0,0,0,1,0,1,0,0,0,1,0,1,0,2,2,1,2,3,1,3,2,0,1,3,3,2,3,2,5,2,3,1,4,5,4,1,4,3,6,6,5,4,4,7,2,8,3,5,3,6,2,5,2,1,2,2,2,3,2,3,2,2,2,1,2,0,1,0,0,0,3,2,0,1,1,2,0,1,1,1,2,0,2,0,0,0,1,0,0,0,0,1,0,0,0,0,0,1,0,0,0,0,0,0,0,0,0,0,0,0,0,0,0,0,0,0,0,0,0,0,0,0,0,0,0,0,0,0,0,0,0,0,0,0,0,0,0,0,0,0,0,0,0,0,0,0,0,0,0,0,0,0,0,0,0,0,0,0,0,0,0,0,0,0,0,0,0,0,0,0,0,0,0,0,0,0,0,0,0,0,0,0
0,0,0,1,0,1,1,0,0,0,0,0,0,0,0,0,0,1,0,0,0,0,2,0,0,1,0,0,0,0,2,3,1,0,1,3,0,2,1,1,2,1,2,1,5,5,7,2,4,7,5,2,3,4,4,2,6,4,1,5,7,1,4,2,4,0,3,5,3,1,2,4,5,1,3,1,3,2,2,4,3,1,2,3,4,1,0,0,2,0,0,2,0,1,0,0,1,0,0,2,0,0,0,0,0,0,0,0,0,0,0,0,0,0,1,0,0,0,0,0,1,1,0,0,0,0,0,0,0,0,0,0,0,0,0,0,0,0,0,0,0,0,0,0,0,0,0,0,0,0,0,0,0,0,0,0,0,0,0,0,0,0,0,0,0,0,0,0,0,0,0,0,0,0,0,0,0,0,0,0,0,0,0,0,0,0,0,0,0,0,0,0,0,0,0,0,0,0,0,0
0,0,0,1,0,0,0,0,0,0,1,0,0,0,0,0,0,2,0,1,1,0,2,0,1,2,0,0,0,0,0,3,2,1,4,0,4,1,2,4,0,0,1,3,1,3,6,0,0,4,5,4,4,6,3,1,2,6,4,5,4,2,4,1,1,3,1,3,1,2,1,1,7,7,2,3,4,0,4,4,3,1,2,0,0,2,3,0,1,0,0,3,1,0,1,0,1,1,1,2,0,0,0,1,0,0,1,0,0,1,0,0,0,0,0,0,0,0,0,0,0,0,0,0,0,0,0,0,0,0,0,0,0,0,0,0,0,0,0,0,0,0,0,0,0,0,0,0,0,0,0,0,0,0,0,0,0,0,0,0,0,0,0,0,0,0,0,0,0,0,0,0,0,0,0,0,0,0,0,0,0,0,0,0,0,0,0,0,0,0,0,0,0,0,0,0,0,0,0,0
0,0,0,0,0,2,0,0,0,0,1,0,0,0,0,0,0,0,0,1,1,0,0,0,0,0,0,0,2,4,0,0,2,0,0,1,3,3,3,0,3,3,2,3,2,3,5,1,3,2,6,3,6,5,5,5,7,6,4,6,2,0,2,1,1,4,2,5,3,2,0,4,7,2,2,2,3,1,2,1,2,4,1,2,2,1,1,1,1,0,0,2,0,2,0,0,1,0,2,2,1,0,0,0,0,0,0,0,0,0,0,0,1,0,0,0,0,0,0,0,0,0,0,0,0,0,0,0,0,0,0,0,1,0,0,0,0,0,0,0,0,0,0,0,0,0,0,0,0,0,0,0,0,0,0,0,0,0,0,0,0,0,0,0,0,0,0,0,0,0,0,0,0,0,0,0,0,0,0,0,0,0,0,0,0,0,0,0,0,0,0,0,0,0,0,0,0,0,0,0
0,0,0,0,1,0,0,0,0,0,0,0,0,0,0,0,0,1,0,0,0,0,2,1,0,2,0,2,1,1,1,1,0,3,0,1,2,4,0,0,2,7,3,0,2,2,4,2,3,4,2,1,2,1,6,3,5,4,4,0,1,2,4,4,3,2,4,3,6,4,2,3,3,2,1,2,1,1,2,2,1,0,2,0,1,2,0,2,1,3,0,1,1,0,0,1,0,0,1,1,0,0,0,0,0,0,0,0,0,0,1,0,0,0,0,0,0,0,0,0,0,0,0,0,0,0,0,0,0,0,0,0,0,0,0,0,0,0,0,0,0,0,0,0,0,0,0,0,0,0,0,0,0,0,0,0,0,0,0,0,0,0,0,0,0,0,0,0,0,0,0,0,0,0,0,0,0,0,0,0,0,0,0,0,0,0,0,0,0,0,0,0,0,0,0,0,0,0,0,0
0,0,0,0,0,0,0,0,0,0,0,0,0,0,0,2,0,0,0,2,0,1,0,0,0,1,0,0,0,1,1,1,1,1,4,3,2,1,4,2,3,2,5,0,1,4,4,2,2,2,3,3,5,5,7,3,8,3,1,2,2,6,4,2,3,5,2,4,2,4,3,1,1,2,2,5,2,2,2,0,2,0,1,2,4,2,0,2,1,1,1,0,1,0,1,3,1,1,0,0,0,0,0,0,1,0,0,0,0,0,0,0,0,0,0,0,0,0,0,0,0,0,0,0,0,0,0,0,1,0,0,0,0,0,0,0,0,0,0,0,0,0,0,0,0,0,0,0,0,0,0,0,0,0,0,0,0,0,0,0,0,0,0,0,0,0,0,0,0,0,0,0,0,0,0,0,0,0,0,0,0,0,0,0,0,0,0,0,0,0,0,0,0,0,0,0,0,0,0,0
0,0,0,1,0,0,0,0,0,1,0,0,0,0,0,0,0,0,1,0,1,1,1,1,0,0,0,0,1,0,0,2,2,2,3,1,1,2,0,4,0,5,1,5,2,6,5,2,5,4,6,5,7,3,3,4,6,5,4,3,9,2,3,5,5,4,1,0,4,0,2,0,3,3,3,2,2,2,3,0,1,1,1,1,2,2,1,0,0,1,1,0,0,0,0,1,1,0,0,2,0,0,0,0,0,1,0,0,1,0,0,0,0,0,0,1,0,0,0,0,0,0,0,0,0,0,0,0,0,0,0,0,0,0,0,0,0,0,0,0,0,0,0,0,0,0,0,0,0,0,0,0,0,0,0,0,0,0,0,0,0,0,0,0,0,0,0,0,0,0,0,0,0,0,0,0,0,0,0,0,0,0,0,0,0,0,0,0,0,0,0,0,0,0,0,0,0,0,0,0
0,0,0,0,0,0,0,0,0,0,0,0,0,0,0,0,0,0,0,0,0,1,1,0,2,0,0,0,1,2,0,5,0,0,3,0,3,1,3,1,5,0,1,3,2,1,3,2,3,5,4,3,4,1,4,8,2,3,1,2,2,6,3,6,2,3,1,2,1,2,0,3,0,1,4,1,1,6,1,2,0,0,2,0,0,1,1,1,1,1,0,2,1,0,0,0,1,1,0,0,3,1,0,0,0,0,0,0,0,1,1,0,0,0,0,0,0,0,0,0,0,0,0,0,0,0,0,0,0,0,0,0,0,0,0,0,0,0,0,0,0,0,0,0,0,0,0,0,0,0,0,0,0,0,0,0,0,0,0,0,0,0,0,0,0,0,0,0,0,0,0,0,0,0,0,0,0,0,0,0,0,0,0,0,0,0,0,0,0,0,0,0,0,0,0,0,0,0,0,0
0,0,0,0,0,0,0,0,0,0,0,0,0,0,0,0,0,1,0,0,0,1,0,0,0,0,0,1,0,3,1,2,1,0,1,1,1,4,0,2,2,0,3,4,5,1,5,3,1,3,2,4,1,3,0,2,2,6,4,1,3,5,4,1,1,2,2,3,0,3,2,3,2,0,1,3,3,1,1,0,1,1,3,0,2,2,1,0,0,0,0,0,0,0,0,0,0,0,0,0,0,0,0,1,0,2,0,1,0,0,1,0,0,0,0,0,1,0,0,0,0,0,0,0,0,0,0,0,0,0,0,0,0,0,0,0,0,0,0,0,0,0,0,0,0,0,0,0,0,0,0,0,0,0,0,0,0,0,0,0,0,0,0,0,0,0,0,0,0,0,0,0,0,0,0,0,0,0,0,0,0,0,0,0,0,0,0,0,0,0,0,0,0,0,0,0,0,0,0,0
0,0,0,0,0,0,0,0,0,0,0,0,0,0,0,0,0,0,0,1,0,0,2,0,0,1,0,0,2,1,1,0,0,2,2,0,0,1,0,0,1,1,0,0,4,3,3,2,2,1,1,0,4,2,2,4,4,4,3,4,4,2,3,4,2,2,4,4,0,4,2,3,5,3,3,1,0,1,0,1,3,2,1,2,2,0,1,0,1,1,1,1,0,0,0,0,0,0,0,0,0,0,0,0,0,0,0,0,1,0,0,0,0,0,0,0,1,0,0,0,0,0,0,0,0,0,0,0,0,0,0,0,0,0,0,0,0,0,0,0,0,0,0,0,0,0,0,0,0,0,0,0,0,0,0,0,0,0,0,0,0,0,0,0,0,0,0,0,0,0,0,0,0,0,0,0,0,0,0,0,0,0,0,0,0,0,0,0,0,0,0,0,0,0,0,0,0,0,0,0
0,0,0,1,0,0,0,0,0,0,0,0,0,0,0,0,0,0,0,0,1,1,0,0,0,2,1,0,0,1,0,2,3,1,1,2,1,2,0,4,3,1,1,4,2,2,3,1,2,3,1,2,1,2,3,3,6,5,5,3,4,1,4,1,5,5,4,1,3,2,1,6,1,3,1,0,1,2,1,1,0,5,1,0,0,0,2,4,1,3,0,0,0,0,1,0,0,0,1,0,0,0,0,0,0,0,0,0,1,1,0,0,0,0,0,0,0,0,0,0,0,0,0,0,0,0,0,0,0,0,0,0,0,0,0,0,0,0,0,0,0,0,0,0,0,0,0,0,0,0,0,0,0,0,0,0,0,0,0,0,0,0,0,0,0,0,0,0,0,0,0,0,0,0,0,0,0,0,0,0,0,0,0,0,0,0,0,0,0,0,0,0,0,0,0,0,0,0,0,0
0,0,0,0,0,0,0,0,0,0,0,0,0,0,0,0,0,0,0,0,0,0,0,0,0,1,0,0,0,0,0,0,0,0,0,1,3,1,2,0,1,0,2,4,2,1,2,1,1,2,2,2,3,0,3,4,3,1,5,4,1,3,5,2,3,3,1,5,2,5,1,2,3,1,1,0,0,1,4,3,3,3,1,0,3,2,2,0,0,0,1,2,0,2,0,1,0,0,0,2,0,1,1,0,0,0,1,1,0,1,1,0,0,0,1,0,0,0,0,0,1,0,0,0,0,0,0,0,0,1,0,0,0,0,0,0,0,0,0,0,0,0,0,0,0,0,0,0,0,0,0,0,0,0,0,0,0,0,0,0,0,0,0,0,0,0,0,0,0,0,0,0,0,0,0,0,0,0,0,0,0,0,0,0,0,0,0,0,0,0,0,0,0,0,0,0,0,0,0,0
0,0,0,0,0,0,0,0,0,0,0,0,0,0,0,0,0,0,0,0,0,0,1,0,0,0,0,1,1,2,0,0,2,1,2,0,2,2,3,0,2,0,1,1,2,4,6,4,2,4,1,2,2,4,2,1,4,0,0,0,3,3,2,3,4,0,2,3,1,3,0,2,1,2,0,0,0,2,1,1,4,1,2,1,0,1,0,1,0,1,1,1,0,0,0,0,0,0,0,0,0,0,0,1,0,0,0,0,0,0,0,0,1,0,1,0,0,0,0,0,0,0,0,0,0,0,0,0,0,0,0,0,0,0,0,0,0,0,0,0,0,0,0,0,0,0,0,0,0,0,0,0,0,0,0,0,0,0,0,0,0,0,0,0,0,0,0,0,0,0,0,0,0,0,0,0,0,0,0,0,0,0,0,0,0,0,0,0,0,0,0,0,0,0,0,0,0,0,0,0
0,0,0,0,0,0,0,0,0,0,0,0,0,0,0,1,0,0,0,0,1,0,0,0,1,0,1,0,1,1,2,0,1,1,2,0,4,0,2,2,1,3,2,0,3,4,4,3,1,2,0,2,3,2,6,2,3,5,0,3,2,0,2,2,3,3,3,4,2,0,1,2,4,1,0,0,4,1,2,3,0,0,0,0,0,1,1,2,0,0,1,0,1,2,0,0,0,0,0,0,2,0,0,0,0,0,0,0,0,0,0,0,0,0,0,0,0,0,0,0,0,0,0,0,0,0,0,0,0,0,0,0,0,0,0,0,0,0,0,0,0,0,0,0,0,0,0,0,0,0,0,0,0,0,0,0,0,0,0,0,0,0,0,0,0,0,0,0,0,0,0,0,0,0,0,0,0,0,0,0,0,0,0,0,0,0,0,0,0,0,0,0,0,0,0,0,0,0,0,0
0,0,0,0,0,0,0,0,0,0,0,0,0,0,0,0,1,0,0,0,0,0,1,1,0,0,0,0,3,0,0,3,1,1,2,1,3,2,1,3,2,3,2,6,3,3,4,2,2,3,1,2,2,0,6,3,1,1,2,4,2,3,4,0,1,0,1,3,1,1,0,3,2,4,2,2,2,1,1,2,0,1,2,1,1,3,0,1,1,1,0,0,0,2,0,1,0,0,0,0,0,0,0,0,0,1,0,0,1,1,0,0,1,0,0,0,0,0,0,0,0,0,0,0,0,0,0,0,0,0,0,0,0,0,0,0,0,0,0,0,0,0,0,0,0,0,0,0,0,0,0,0,0,0,0,0,0,0,0,0,0,0,0,0,0,0,0,0,0,0,0,0,0,0,0,0,0,0,0,0,0,0,0,0,0,0,0,0,0,0,0,0,0,0,0,0,0,0,0,0
0,0,0,0,0,0,0,0,0,0,0,0,0,0,0,0,0,0,0,1,0,0,0,0,0,1,0,0,1,0,1,1,0,1,1,2,1,6,1,2,2,1,3,3,1,2,1,0,5,2,3,0,5,2,2,2,2,3,2,5,0,1,2,2,2,4,0,1,1,2,3,2,4,0,4,0,1,2,1,1,1,1,1,3,2,1,1,0,1,2,0,1,1,0,0,0,2,0,0,0,1,0,0,0,0,0,1,0,0,0,0,0,0,0,0,0,0,1,0,0,0,0,0,0,0,0,0,0,0,0,0,0,0,0,0,0,0,0,0,0,0,0,0,0,0,0,0,0,0,0,0,0,0,0,0,0,0,0,0,0,0,0,0,0,0,0,0,0,0,0,0,0,0,0,0,0,0,0,0,0,0,0,0,0,0,0,0,0,0,0,0,0,0,0,0,0,0,0,0,0
0,0,0,0,0,0,0,0,0,0,0,0,0,0,1,0,0,0,1,1,0,1,0,1,0,0,1,0,1,1,0,1,0,1,1,0,2,2,1,1,2,3,0,0,1,4,1,3,3,2,3,2,1,3,2,2,1,5,3,0,0,2,2,2,2,1,2,1,1,1,3,1,1,2,1,0,0,1,3,2,1,0,1,3,0,0,0,2,1,0,0,0,2,2,0,0,0,0,0,0,0,0,0,0,0,1,0,0,0,0,0,0,0,0,0,0,1,0,0,0,0,0,0,0,0,0,0,0,0,0,0,0,0,0,0,0,0,0,0,0,0,0,0,0,0,0,0,0,0,0,0,0,0,0,0,0,0,0,0,0,0,0,0,0,0,0,0,0,0,0,0,0,0,0,0,0,0,0,0,0,0,0,0,0,0,0,0,0,0,0,0,0,0,0,0,0,0,0,0,0
0,0,0,0,0,1,0,0,0,1,0,0,0,0,0,1,0,0,1,0,0,0,0,0,1,0,0,0,2,0,1,0,3,2,1,0,1,0,0,1,1,0,2,0,2,2,3,4,3,6,4,2,2,4,2,1,4,4,3,6,1,2,3,1,6,5,2,1,4,2,0,4,1,1,1,1,1,2,1,0,2,2,2,2,1,1,0,0,1,1,0,0,0,0,0,0,1,0,1,2,0,1,0,0,0,1,0,0,0,0,0,0,0,0,0,1,0,0,1,0,0,1,0,0,0,0,0,0,1,0,0,0,0,0,0,0,0,0,0,0,0,0,0,0,0,0,0,0,0,0,0,0,0,0,0,0,0,0,0,0,0,0,0,0,0,0,0,0,0,0,0,0,0,0,0,0,0,0,0,0,0,0,0,0,0,0,0,0,0,0,0,0,0,0,0,0,0,0,0,0
0,0,0,0,0,0,0,0,0,0,0,0,0,0,0,0,0,1,0,0,0,0,0,0,2,0,0,0,1,1,0,0,3,2,0,0,3,4,1,1,0,0,2,1,2,3,4,4,2,6,3,5,4,1,4,0,3,2,2,0,3,2,1,2,1,2,3,1,0,3,1,1,1,4,4,2,0,3,2,2,1,0,1,0,1,0,1,0,0,0,0,0,0,0,1,0,0,0,0,0,0,0,0,0,0,0,0,0,0,0,0,0,0,0,0,0,1,0,0,0,0,0,0,0,0,0,0,0,0,0,0,0,0,0,0,0,0,0,0,0,0,0,0,0,0,0,0,0,0,0,0,0,0,0,0,0,0,0,0,0,0,0,0,0,0,0,0,0,0,0,0,0,0,0,0,0,0,0,0,0,0,0,0,0,0,0,0,0,0,0,0,0,0,0,0,0,0,0,0,0
0,0,0,0,0,0,0,0,0,0,0,0,0,0,0,0,0,0,0,1,1,3,0,0,0,0,1,1,0,0,0,0,0,0,1,0,3,1,1,1,2,1,0,2,1,2,3,2,3,1,0,6,2,2,1,1,1,1,2,0,2,0,3,4,3,1,1,2,5,1,1,0,0,3,4,1,2,1,1,1,1,1,0,0,0,1,1,1,0,0,0,1,0,0,0,2,1,0,0,0,2,1,0,1,0,0,1,1,0,0,0,0,1,0,0,0,0,0,1,0,0,1,0,0,0,0,0,0,0,0,0,0,0,0,0,0,0,0,0,0,0,0,0,0,0,0,0,0,0,0,0,0,0,0,0,0,0,0,0,0,0,0,0,0,0,0,0,0,0,0,0,0,0,0,0,0,0,0,0,0,0,0,0,0,0,0,0,0,0,0,0,0,0,0,0,0,0,0,0,0
0,0,0,0,0,0,0,0,0,0,1,0,1,0,0,0,0,0,0,0,0,0,0,0,0,0,0,1,1,3,1,0,0,0,2,1,0,2,1,2,2,0,3,0,1,2,0,3,3,3,1,0,1,2,1,3,1,5,0,0,3,0,3,2,3,2,2,3,3,3,0,0,1,0,2,0,0,3,0,0,1,0,1,0,2,1,3,1,1,0,2,0,0,0,0,0,0,0,0,0,0,1,0,0,0,0,0,0,0,0,0,0,0,0,0,0,0,0,0,0,0,0,0,0,0,0,0,0,0,0,0,0,0,0,0,0,0,0,0,0,0,0,0,0,0,0,0,0,0,0,0,0,0,0,0,0,0,0,0,0,0,0,0,0,0,0,0,0,0,0,0,0,0,0,0,0,0,0,0,0,0,0,0,0,0,0,0,0,0,0,0,0,0,0,0,0,0,0,0,0
0,0,0,0,0,0,0,0,1,0,0,0,0,0,0,0,0,0,0,0,0,0,0,1,0,0,0,0,0,2,0,2,2,2,2,0,1,2,1,0,1,0,3,1,5,4,1,2,3,0,4,3,2,5,4,1,3,3,6,3,1,2,0,0,2,3,2,3,1,2,0,1,1,3,1,1,1,1,1,1,0,2,0,0,3,3,1,1,2,1,3,1,0,1,2,1,0,0,0,0,0,0,0,0,0,0,1,1,0,0,0,0,0,0,0,0,0,0,0,0,0,0,0,0,0,0,0,0,0,0,0,0,1,0,0,0,0,0,0,0,0,0,0,0,0,0,0,0,0,0,0,0,0,0,0,0,0,0,0,0,0,0,0,0,0,0,0,0,0,0,0,0,0,0,0,0,0,0,0,0,0,0,0,0,0,0,0,0,0,0,0,0,0,0,0,0,0,0,0,0
0,0,0,1,0,2,0,0,0,0,0,0,0,0,0,0,0,0,0,0,0,0,0,1,1,0,0,0,1,1,2,2,1,0,0,0,2,1,2,0,3,2,1,2,2,2,0,1,4,1,3,0,2,1,3,2,0,2,1,5,0,1,1,1,1,3,4,5,2,3,1,3,1,3,2,0,2,0,0,0,3,0,1,1,1,0,1,0,0,2,0,1,0,1,0,0,0,0,0,0,0,0,0,1,0,0,0,0,0,0,0,0,0,0,0,0,0,0,1,0,0,0,0,0,0,0,0,0,0,0,0,0,0,0,0,0,0,0,0,0,0,0,0,0,0,0,0,0,0,0,0,0,0,0,0,0,0,0,0,0,0,0,0,0,0,0,0,0,0,0,0,0,0,0,0,0,0,0,0,0,0,0,0,0,0,0,0,0,0,0,0,0,0,0,0,0,0,0,0,0
0,0,0,0,0,0,0,0,0,0,0,0,1,0,0,0,0,0,0,0,0,0,0,0,0,0,0,0,0,1,0,1,0,1,1,2,2,1,0,1,1,1,0,1,3,4,2,2,5,3,1,6,1,2,1,3,0,1,3,5,1,1,0,1,4,1,0,1,1,6,3,1,3,0,0,2,2,1,0,1,1,1,2,0,2,1,2,0,0,1,2,0,0,1,0,1,0,0,0,0,0,0,0,0,0,0,1,0,0,0,0,0,0,0,0,0,0,0,0,0,0,0,0,0,0,0,0,0,0,1,0,1,0,0,0,0,0,0,0,0,0,0,0,0,0,0,0,0,0,0,0,0,0,0,0,0,0,0,0,0,0,0,0,0,0,0,0,0,0,0,0,0,0,0,0,0,0,0,0,0,0,0,0,0,0,0,0,0,0,0,0,0,0,0,0,0,0,0,0,0
0,0,0,0,0,0,0,0,0,0,0,0,0,1,0,0,0,0,1,0,0,1,1,1,0,0,0,1,0,1,2,0,1,1,0,1,0,2,3,1,2,1,1,2,1,1,2,0,3,1,2,1,1,2,2,2,3,3,4,1,1,1,0,2,4,7,6,2,0,4,2,1,1,3,1,2,3,4,0,0,0,2,0,0,2,1,1,0,0,0,0,0,0,0,0,1,0,0,0,0,0,0,0,0,0,0,1,0,0,0,0,0,0,0,1,0,0,0,0,0,0,0,0,0,0,0,0,0,0,0,0,0,0,0,0,0,0,0,0,0,0,0,0,0,0,0,0,0,0,0,0,0,0,0,0,0,0,0,0,0,0,0,0,0,0,0,0,0,0,0,0,0,0,0,0,0,0,0,0,0,0,0,0,0,0,0,0,0,0,0,0,0,0,0,0,0,0,0,0,0
0,0,0,0,0,0,0,0,0,1,0,0,0,0,0,0,0,0,1,0,0,0,1,0,0,0,0,0,0,0,0,0,1,1,1,1,0,2,0,3,3,0,0,0,2,3,0,1,2,3,1,0,7,3,1,5,0,0,3,1,2,0,0,1,2,0,1,4,2,1,2,2,2,1,1,1,2,2,2,2,2,1,0,0,0,0,2,0,1,1,0,1,1,1,1,1,1,0,1,0,0,0,0,0,0,0,0,0,0,0,0,0,0,1,0,0,0,0,0,0,0,0,0,0,0,0,0,0,0,0,0,0,0,0,0,0,0,0,0,0,0,0,0,0,0,0,0,0,0,0,0,0,0,0,0,0,0,0,0,0,0,0,0,0,0,0,0,0,0,0,0,0,0,0,0,0,0,0,0,0,0,0,0,0,0,0,0,0,0,0,0,0,0,0,0,0,0,0,0,0
0,0,0,0,0,0,0,0,0,0,0,0,0,0,0,0,1,1,0,0,0,1,0,0,0,2,0,0,0,0,0,1,1,3,1,0,0,2,0,1,0,2,1,1,2,0,4,1,1,2,3,1,2,1,0,3,2,4,2,4,1,0,3,1,0,2,0,1,2,2,1,1,2,1,3,1,1,0,0,0,0,0,0,0,0,3,1,0,1,0,0,1,2,0,0,1,0,0,1,0,0,0,0,0,0,0,0,0,0,0,0,0,0,0,0,0,0,0,0,0,1,0,1,0,0,0,0,0,0,0,0,0,0,0,0,0,0,0,0,0,0,0,0,0,0,0,0,0,0,0,0,0,0,0,0,0,0,0,0,0,0,0,0,0,0,0,0,0,0,0,0,0,0,0,0,0,0,0,0,0,0,0,0,0,0,0,0,0,0,0,0,0,0,0,0,0,0,0,0,0
0,0,0,1,0,1,0,0,0,0,0,0,1,0,0,0,0,0,0,0,0,0,0,0,0,0,0,2,1,0,0,1,2,3,1,0,0,0,1,1,0,2,3,3,2,2,2,1,1,0,2,0,2,3,3,2,5,3,4,2,1,1,2,1,1,0,2,2,2,1,1,2,1,1,1,1,2,0,0,0,0,0,2,0,3,0,1,0,0,0,0,0,0,0,1,0,0,0,0,0,0,0,1,0,0,0,1,0,0,0,0,0,0,0,0,0,1,0,0,0,0,0,0,0,0,0,0,0,0,0,0,0,0,0,0,0,0,0,0,0,0,0,0,0,0,0,0,0,0,0,0,0,0,0,0,0,0,0,0,0,0,0,0,0,0,0,0,0,0,0,0,0,0,0,0,0,0,0,0,0,0,0,0,0,0,0,0,0,0,0,0,0,0,0,0,0,0,0,0,0
0,0,0,0,0,0,0,0,0,0,0,0,0,0,0,0,0,1,1,1,0,0,0,0,0,0,0,0,1,1,0,0,0,0,1,1,0,0,2,1,0,0,0,0,0,4,2,0,1,1,2,1,0,2,0,1,0,3,2,2,2,2,2,2,0,1,1,1,0,2,1,2,1,0,3,1,2,2,1,1,1,1,2,1,0,0,1,0,0,1,0,0,2,0,0,0,0,0,0,0,0,0,0,0,0,1,0,0,0,0,0,0,0,0,0,0,0,0,0,0,0,0,0,0,0,0,0,0,0,0,0,0,0,0,0,0,0,0,0,0,0,0,0,0,0,0,0,0,0,0,0,0,0,0,0,0,0,0,0,0,0,0,0,0,0,0,0,0,0,0,0,0,0,0,0,0,0,0,0,0,0,0,0,0,0,0,0,0,0,0,0,0,0,0,0,0,0,0,0,0
0,0,0,0,0,0,0,0,0,0,0,0,0,0,0,0,0,0,0,2,1,0,0,0,0,0,0,0,0,1,0,1,3,0,0,1,1,1,2,2,0,1,1,3,3,2,3,1,1,2,2,2,2,1,2,1,1,0,1,4,3,2,2,2,4,3,1,1,0,1,3,0,2,0,2,1,1,1,0,2,1,0,1,0,0,1,0,0,3,0,0,0,0,0,0,0,1,0,0,0,0,0,0,0,0,0,0,1,1,0,0,0,1,0,0,0,0,0,0,0,0,0,0,0,0,0,0,0,0,0,0,0,0,0,0,0,0,0,0,0,0,0,0,0,0,0,0,0,0,0,0,0,0,0,0,0,0,0,0,0,0,0,0,0,0,0,0,0,0,0,0,0,0,0,0,0,0,0,0,0,0,0,0,0,0,0,0,0,0,0,0,0,0,0,0,0,0,0,0,0
0,0,0,0,0,0,0,1,0,1,0,0,0,0,0,0,0,0,2,0,0,0,1,0,0,1,0,1,2,0,1,0,0,0,0,1,1,0,0,0,0,1,1,1,3,3,2,3,4,0,0,0,0,0,3,0,2,2,2,0,1,1,0,2,2,1,0,2,1,5,0,1,0,1,0,0,2,1,1,1,1,1,0,0,2,0,0,0,1,1,0,0,0,0,0,0,0,1,0,1,0,0,0,0,0,0,0,1,0,0,0,0,0,0,0,0,1,0,0,0,0,0,0,1,0,0,0,0,0,0,0,0,0,0,0,0,0,0,0,0,0,0,0,0,0,0,0,0,0,0,0,0,0,0,0,0,0,0,0,0,0,0,0,0,0,0,0,0,0,0,0,0,0,0,0,0,0,0,0,0,0,0,0,0,0,0,0,0,0,0,0,0,0,0,0,0,0,0,0,0
0,0,0,0,0,0,0,0,0,0,0,0,1,0,0,0,0,0,1,0,0,1,0,0,0,0,0,0,0,1,1,0,2,2,3,0,0,2,0,0,0,0,2,1,0,1,1,0,1,1,2,5,2,2,5,1,2,1,1,7,2,2,1,0,2,1,0,1,1,0,0,0,1,0,2,0,0,0,1,0,0,0,1,0,0,0,1,1,1,0,1,1,0,0,0,0,0,0,0,0,0,0,0,0,0,0,0,0,0,0,0,0,0,0,0,0,0,0,0,0,0,0,0,0,0,0,0,0,0,0,0,0,0,0,0,0,0,0,0,0,0,0,0,0,0,0,0,0,0,0,0,0,0,0,0,0,0,0,0,0,0,0,0,0,0,0,0,0,0,0,0,0,0,0,0,0,0,0,0,0,0,0,0,0,0,0,0,0,0,0,0,0,0,0,0,0,0,0,0,0
0,0,0,1,0,1,0,0,0,1,0,0,0,0,0,0,0,0,0,0,0,0,0,0,1,0,0,1,1,0,0,0,0,2,2,1,2,2,0,0,1,1,0,0,5,3,0,1,1,1,1,4,0,3,2,2,0,1,4,1,2,1,1,0,2,1,1,1,2,3,1,0,1,1,1,1,1,1,1,1,0,2,1,0,0,1,0,1,1,2,0,0,0,1,0,1,0,0,0,1,0,0,0,0,0,0,0,0,0,0,0,0,0,0,0,0,0,0,0,0,0,0,0,1,0,0,0,0,0,0,0,0,0,0,0,0,0,0,0,0,0,0,0,0,0,0,0,0,0,0,0,0,0,0,0,0,0,0,0,0,0,0,0,0,0,0,0,0,0,0,0,0,0,0,0,0,0,0,0,0,0,0,0,0,0,0,0,0,0,0,0,0,0,0,0,0,0,0,0,0
0,0,0,0,0,1,0,0,0,0,0,1,0,0,0,1,0,0,0,0,0,0,0,0,0,0,0,0,0,0,0,0,0,0,2,1,1,0,0,0,0,0,1,4,3,2,3,1,3,0,3,2,0,2,2,1,1,3,3,3,2,0,0,0,2,1,3,1,2,0,1,0,1,0,2,1,1,0,0,1,0,0,0,0,0,0,0,1,1,0,0,1,0,0,0,0,0,1,0,0,0,0,0,0,0,0,0,0,0,0,0,0,0,0,0,0,0,0,1,0,0,0,0,0,0,0,0,0,0,0,0,0,0,0,0,0,0,0,0,0,0,0,0,0,0,0,0,0,0,0,0,0,0,0,0,0,0,0,0,0,0,0,0,0,0,0,0,0,0,0,0,0,0,0,0,0,0,0,0,0,0,0,0,0,0,0,0,0,0,0,0,0,0,0,0,0,0,0,0,0
0,0,0,0,0,0,0,0,0,0,0,0,0,0,0,0,1,0,0,0,0,0,0,0,0,0,1,0,0,0,0,1,0,1,0,0,0,1,1,1,1,2,1,0,1,3,2,2,2,2,2,3,1,0,2,1,0,2,2,3,1,1,0,2,2,1,1,1,1,0,1,2,3,1,2,3,0,0,0,1,0,1,2,0,3,0,0,0,1,0,1,1,0,1,1,0,0,0,0,0,0,1,0,2,0,0,0,0,0,0,0,0,0,0,0,0,0,0,0,0,0,0,0,0,0,0,0,0,0,0,0,0,0,0,0,0,0,0,0,0,0,0,0,0,0,0,0,0,0,0,0,0,0,0,0,0,0,0,0,0,0,0,0,0,0,0,0,0,0,0,0,0,0,0,0,0,0,0,0,0,0,0,0,0,0,0,0,0,0,0,0,0,0,0,0,0,0,0,0,0
0,0,0,0,0,0,0,0,0,0,0,0,0,0,0,0,0,0,1,0,0,0,0,0,0,1,0,0,1,0,0,0,1,0,1,1,0,1,2,0,3,2,1,1,1,2,1,1,2,0,0,4,3,1,1,1,2,0,2,2,1,2,0,1,4,1,2,1,3,1,1,3,2,1,1,0,2,0,2,0,0,1,0,1,0,3,2,0,1,0,0,0,0,0,1,0,0,0,1,1,0,0,0,1,0,0,0,0,0,0,0,0,0,0,0,0,0,1,0,0,0,0,0,0,0,0,0,0,0,0,0,0,0,0,0,0,0,0,0,0,0,0,0,0,0,0,0,0,0,0,0,0,0,0,0,0,0,0,0,0,0,0,0,0,0,0,0,0,0,0,0,0,0,0,0,0,0,0,0,0,0,0,0,0,0,0,0,0,0,0,0,0,0,0,0,0,0,0,0,0
0,0,0,0,0,0,0,0,0,0,0,0,0,0,0,0,0,0,0,0,0,1,0,0,1,1,0,0,1,1,3,0,1,1,0,0,1,0,1,1,0,1,1,2,3,1,3,1,2,0,0,0,2,1,1,3,5,1,2,3,1,0,2,1,2,2,2,1,1,2,2,2,1,0,0,1,0,0,1,0,0,0,1,0,1,0,2,2,0,0,0,0,0,0,0,0,0,0,0,0,0,0,0,0,0,0,0,0,0,0,0,0,0,0,0,1,0,1,0,0,0,0,0,0,0,0,0,0,0,0,0,0,0,0,0,0,0,0,0,0,0,0,0,0,0,0,0,0,0,0,0,0,0,0,0,0,0,0,0,0,0,0,0,0,0,0,0,0,0,0,0,0,0,0,0,0,0,0,0,0,0,0,0,0,0,0,0,0,0,0,0,0,0,0,0,0,0,0,0,0
0,0,0,0,0,0,0,0,0,0,0,0,0,0,1,0,0,0,0,0,0,0,0,1,2,0,0,0,0,0,0,0,0,0,0,2,1,1,0,0,0,1,2,1,0,1,1,0,4,0,0,1,1,1,0,0,1,2,0,2,0,3,0,2,0,1,1,2,2,0,1,0,0,0,0,0,2,1,0,0,2,0,0,1,1,1,1,0,0,1,0,0,0,0,0,0,0,1,0,0,0,1,0,1,0,0,0,0,0,0,0,0,0,0,0,0,0,1,1,0,0,0,0,0,0,0,0,0,0,0,0,0,0,0,0,0,0,0,0,0,0,0,0,0,0,0,0,0,0,0,0,0,0,0,0,0,0,0,0,0,0,0,0,0,0,0,0,0,0,0,0,0,0,0,0,0,0,0,0,0,0,0,0,0,0,0,0,0,0,0,0,0,0,0,0,0,0,0,0,0
0,0,0,0,0,0,0,0,0,0,0,0,0,0,0,0,0,0,0,0,0,0,1,0,0,0,0,0,1,0,0,0,1,2,1,0,1,2,1,0,1,0,0,3,2,2,1,0,2,1,4,0,1,2,0,0,0,1,1,1,2,3,2,1,3,0,1,0,0,2,1,1,2,0,1,1,1,2,0,2,1,0,0,0,0,1,0,0,0,0,0,1,0,0,0,0,0,0,0,0,0,0,0,0,1,1,0,0,0,0,0,0,0,0,0,0,0,0,0,0,0,0,0,0,0,0,0,0,0,0,0,0,0,0,0,0,0,0,0,0,0,0,0,0,0,0,0,0,0,0,0,0,0,0,0,0,0,0,0,0,0,0,0,0,0,0,0,0,0,0,0,0,0,0,0,0,0,0,0,0,0,0,0,0,0,0,0,0,0,0,0,0,0,0,0,0,0,0,0,0
0,0,0,0,0,0,0,0,0,0,0,0,0,0,0,0,0,0,0,0,1,0,1,0,0,0,1,0,0,0,0,1,0,0,0,1,1,2,1,0,1,0,0,1,2,2,1,2,0,1,1,1,1,5,2,1,2,1,1,2,0,2,1,0,1,1,1,4,1,1,1,1,1,1,1,1,0,0,1,1,0,0,0,2,0,2,1,0,0,0,0,1,0,0,0,0,0,0,0,0,0,0,0,1,1,0,0,0,0,0,0,0,0,0,0,0,0,0,0,0,0,0,0,0,0,0,0,0,0,0,0,0,0,0,0,0,0,0,0,0,0,0,0,0,0,0,0,0,0,0,0,0,0,0,0,0,0,0,0,0,0,0,0,0,0,0,0,0,0,0,0,0,0,0,0,0,0,0,0,0,0,0,0,0,0,0,0,0,0,0,0,0,0,0,0,0,0,0,0,0
0,0,0,0,0,0,0,0,0,0,0,0,0,0,0,0,0,0,0,0,0,0,0,0,0,0,0,0,0,0,0,0,0,1,1,0,1,2,0,1,4,1,1,1,1,0,0,2,0,1,1,0,1,1,0,3,1,0,1,5,2,0,2,5,1,2,0,0,1,1,2,1,1,1,2,0,2,1,0,0,0,1,1,0,0,0,1,0,3,0,0,0,0,0,0,1,0,0,0,0,0,0,0,0,0,0,0,0,0,0,0,0,0,0,0,0,0,0,0,0,0,0,0,0,0,0,0,0,0,0,0,0,0,0,0,0,0,0,0,0,0,0,0,0,0,0,0,0,0,0,0,0,0,0,0,0,0,0,0,0,0,0,0,0,0,0,0,0,0,0,0,0,0,0,0,0,0,0,0,0,0,0,0,0,0,0,0,0,0,0,0,0,0,0,0,0,0,0,0,0
0,0,0,0,0,0,0,0,0,0,0,0,1,0,0,0,0,0,0,0,0,0,0,0,0,0,0,0,1,0,1,0,0,1,0,1,0,1,1,0,0,0,0,2,2,1,2,1,2,1,0,1,2,1,1,0,3,2,2,3,0,1,0,0,2,3,1,2,0,0,0,0,1,0,0,0,0,3,0,0,0,0,0,1,0,1,0,0,1,0,0,0,0,0,0,0,1,0,0,0,0,0,0,0,0,0,0,0,0,1,0,0,0,0,0,0,0,0,0,0,0,0,0,0,0,0,0,0,0,0,0,0,0,0,0,0,0,0,0,0,0,0,0,0,0,0,0,0,0,0,0,0,0,0,0,0,0,0,0,0,0,0,0,0,0,0,0,0,0,0,0,0,0,0,0,0,0,0,0,0,0,0,0,0,0,0,0,0,0,0,0,0,0,0,0,0,0,0,0,0
0,0,0,0,0,0,0,0,0,0,0,0,0,0,0,0,0,0,0,0,0,1,0,0,0,0,1,0,0,1,1,1,0,1,1,0,0,0,1,1,1,0,0,0,1,1,0,0,3,1,1,3,2,1,2,0,1,1,0,1,0,0,3,1,2,4,1,1,2,1,2,1,1,0,1,1,1,2,0,1,0,0,0,0,1,1,0,1,1,0,0,0,1,0,0,1,0,0,0,1,0,0,0,0,0,0,1,0,0,0,0,0,0,0,0,0,0,0,0,0,0,0,0,0,0,0,0,0,0,0,0,0,0,0,0,0,0,0,0,0,0,0,0,0,0,0,0,0,0,0,0,0,0,0,0,0,0,0,0,0,0,0,0,0,0,0,0,0,0,0,0,0,0,0,0,0,0,0,0,0,0,0,0,0,0,0,0,0,0,0,0,0,0,0,0,0,0,0,0,0
0,0,0,0,0,0,0,0,0,0,0,0,0,0,0,0,0,0,0,0,0,0,0,0,0,0,0,0,0,2,0,1,1,0,1,0,0,0,0,2,1,1,0,3,0,1,0,0,1,0,0,0,1,2,0,2,1,0,1,1,0,0,3,0,4,0,1,0,1,2,0,1,0,2,0,0,0,1,0,0,2,0,0,0,1,0,0,0,0,0,0,0,0,0,0,0,0,1,0,0,0,0,0,0,0,0,0,0,2,0,0,0,1,0,0,0,0,0,0,0,0,0,0,0,0,0,0,0,0,0,0,0,0,0,0,0,0,0,0,0,0,0,0,0,0,0,0,0,0,0,0,0,0,0,0,0,0,0,0,0,0,0,0,0,0,0,0,0,0,0,0,0,0,0,0,0,0,0,0,0,0,0,0,0,0,0,0,0,0,0,0,0,0,0,0,0,0,0,0,0
0,0,0,0,0,0,0,0,0,0,0,0,0,0,0,0,0,0,0,0,0,0,2,0,0,0,0,0,1,0,0,0,1,0,0,0,1,1,0,0,0,0,0,2,0,1,0,1,0,1,2,0,2,1,4,2,0,0,0,0,2,4,0,3,0,0,3,0,2,0,0,1,2,1,0,2,1,0,0,0,1,0,0,1,0,1,0,0,0,0,0,0,1,0,1,1,0,1,0,0,0,1,0,0,0,0,0,0,0,0,0,0,0,0,0,0,0,0,0,0,0,0,0,0,0,0,0,0,0,0,0,0,0,0,0,0,0,0,0,0,0,0,0,0,0,0,0,0,0,0,0,0,0,0,0,0,0,0,0,0,0,0,0,0,0,0,0,0,0,0,0,0,0,0,0,0,0,0,0,0,0,0,0,0,0,0,0,0,0,0,0,0,0,0,0,0,0,0,0,0
0,0,0,0,0,0,0,0,0,0,0,0,0,0,0,0,1,0,0,1,0,1,0,1,0,0,0,1,0,0,0,0,0,1,0,1,0,2,1,0,0,0,0,0,0,3,0,1,1,1,0,1,0,0,1,0,0,0,0,1,1,2,0,4,0,1,0,1,0,1,2,0,0,1,1,1,0,2,0,1,0,0,0,0,0,0,0,1,0,0,0,0,0,0,0,0,0,0,0,1,0,0,0,0,0,0,0,0,0,0,0,0,0,0,0,0,0,1,0,0,0,0,0,0,0,0,0,0,0,0,0,0,0,0,0,0,0,0,0,0,0,0,0,0,0,0,0,0,0,0,0,0,0,0,0,0,0,0,0,0,0,0,0,0,0,0,0,0,0,0,0,0,0,0,0,0,0,0,0,0,0,0,0,0,0,0,0,0,0,0,0,0,0,0,0,0,0,0,0,0
0,0,0,0,0,0,0,0,0,0,0,0,0,0,0,0,0,0,0,1,0,0,0,0,1,0,0,0,0,0,0,1,0,0,1,0,1,1,0,0,0,0,1,2,1,5,2,1,0,3,2,2,1,0,1,2,0,2,3,0,3,0,1,1,0,0,1,0,0,0,1,1,1,0,0,1,1,1,0,0,0,0,0,1,0,0,0,0,0,0,0,0,1,0,1,1,0,0,0,1,0,0,0,0,0,1,0,0,0,0,0,0,0,0,0,0,0,0,0,0,0,0,0,0,0,0,0,0,0,0,0,0,0,0,0,0,0,0,0,0,0,0,0,0,0,0,0,0,0,0,0,0,0,0,0,0,0,0,0,0,0,0,0,0,0,0,0,0,0,0,0,0,0,0,0,0,0,0,0,0,0,0,0,0,0,0,0,0,0,0,0,0,0,0,0,0,0,0,0,0
0,0,0,0,0,0,0,0,0,0,0,0,0,0,0,0,0,0,0,0,0,0,0,0,0,2,0,0,0,0,1,1,0,0,2,0,0,0,1,0,0,0,0,1,1,1,1,1,0,0,2,0,0,0,1,0,1,2,1,4,1,2,1,1,2,1,0,1,3,1,0,0,1,1,0,1,0,0,0,0,0,0,0,1,0,2,1,0,0,0,0,1,0,0,1,0,0,0,1,1,0,0,0,0,0,0,0,0,0,1,0,0,0,0,0,0,0,0,0,0,0,0,0,0,0,0,0,0,0,0,0,0,0,0,0,0,0,0,0,0,0,0,0,0,0,0,0,0,0,0,0,0,0,0,0,0,0,0,0,0,0,0,0,0,0,0,0,0,0,0,0,0,0,0,0,0,0,0,0,0,0,0,0,0,0,0,0,0,0,0,0,0,0,0,0,0,0,0,0,0
0,0,0,0,0,0,0,0,0,0,1,0,0,0,0,0,0,0,0,0,0,0,0,0,0,0,1,0,1,1,0,1,1,0,1,1,0,0,0,0,1,1,2,0,2,1,0,2,1,0,0,0,3,1,1,2,1,1,1,0,1,0,0,1,1,0,1,2,1,3,1,1,0,0,1,1,1,0,1,1,3,0,1,1,0,1,0,3,1,0,0,1,0,0,0,0,0,1,1,0,0,0,0,0,0,0,0,0,1,1,0,0,0,0,0,0,0,0,0,0,0,0,0,0,0,0,0,0,0,0,0,0,0,0,0,0,0,0,0,0,0,0,0,0,0,0,0,0,0,0,0,0,0,0,0,0,0,0,0,0,0,0,0,0,0,0,0,0,0,0,0,0,0,0,0,0,0,0,0,0,0,0,0,0,0,0,0,0,0,0,0,0,0,0,0,0,0,0,0,0
0,0,0,0,0,0,0,0,0,0,0,0,0,0,0,0,0,0,0,0,0,0,0,0,0,0,0,0,2,1,0,1,0,0,0,2,0,1,1,0,0,0,0,0,0,1,1,0,2,0,0,0,0,1,1,0,2,3,2,1,1,0,0,0,0,0,1,0,2,0,0,1,0,0,0,3,0,2,0,0,0,1,0,1,0,0,0,0,0,0,2,0,2,0,1,0,1,0,1,0,0,0,1,0,0,0,0,0,0,0,0,0,0,0,0,0,0,0,0,0,0,0,0,0,0,0,0,0,0,0,0,0,0,0,0,0,0,0,0,0,0,0,0,0,0,0,0,0,0,0,0,0,0,0,0,0,0,0,0,0,0,0,0,0,0,0,0,0,0,0,0,0,0,0,0,0,0,0,0,0,0,0,0,0,0,0,0,0,0,0,0,0,0,0,0,0,0,0,0,0
0,0,0,0,0,0,0,0,0,1,0,0,0,0,0,0,0,0,0,0,0,0,0,1,0,0,0,0,0,0,0,1,0,0,1,0,1,0,0,0,1,0,1,1,0,2,2,1,0,1,1,1,0,1,1,3,1,1,2,2,2,1,1,0,3,1,1,1,1,0,0,1,0,2,1,1,1,0,1,1,0,2,0,0,0,0,0,0,0,0,1,1,0,0,1,0,0,0,1,0,0,0,0,0,0,0,1,0,0,0,0,0,0,0,0,0,0,0,0,0,0,0,0,0,0,0,0,0,0,0,0,0,0,0,0,0,0,0,0,0,0,0,0,0,0,0,0,0,0,0,0,0,0,0,0,0,0,0,0,0,0,0,0,0,0,0,0,0,0,0,0,0,0,0,0,0,0,0,0,0,0,0,0,0,0,0,0,0,0,0,0,0,0,0,0,0,0,0,0,0
0,0,0,0,0,0,0,0,0,0,1,0,0,0,0,0,0,0,0,0,0,0,0,0,0,0,0,1,0,0,0,2,0,0,0,0,1,0,1,0,1,1,1,0,0,2,0,0,1,0,1,1,0,1,2,0,1,1,0,2,0,2,1,0,1,0,2,1,0,3,0,0,0,1,0,0,1,0,0,0,0,0,0,0,0,0,0,2,0,0,1,0,0,0,0,1,0,0,0,0,0,0,0,0,0,0,1,0,0,0,0,0,0,0,0,0,0,0,0,0,0,0,0,0,0,0,0,0,0,0,0,0,0,0,0,0,0,0,0,0,0,0,0,0,0,0,0,0,0,0,0,0,0,0,0,0,0,0,0,0,0,0,0,0,0,0,0,0,0,0,0,0,0,0,0,0,0,0,0,0,0,0,0,0,0,0,0,0,0,0,0,0,0,0,0,0,0,0,0,0
0,0,0,0,0,0,0,0,0,0,0,0,0,0,0,0,0,0,0,0,0,0,2,0,0,0,1,0,0,0,0,0,0,0,1,1,1,0,1,0,0,1,1,1,0,1,1,1,0,1,1,2,0,4,2,1,0,0,1,2,1,2,0,2,0,1,0,1,2,2,1,0,1,2,0,1,0,1,0,1,0,0,0,0,0,2,0,0,0,0,0,1,0,0,1,2,0,0,0,1,0,0,0,0,0,0,0,0,0,1,0,0,0,0,0,0,0,0,0,0,0,0,0,0,0,0,0,0,0,0,0,0,0,0,0,0,0,0,0,0,0,0,0,0,0,0,0,0,0,0,0,0,0,0,0,0,0,0,0,0,0,0,0,0,0,0,0,0,0,0,0,0,0,0,0,0,0,0,0,0,0,0,0,0,0,0,0,0,0,0,0,0,0,0,0,0,0,0,0,0
0,0,0,0,0,0,0,0,0,1,0,0,0,0,0,0,0,0,0,0,0,1,0,0,0,2,0,0,0,0,1,3,1,0,2,2,0,0,0,1,0,2,2,1,1,2,4,1,2,1,0,0,0,1,2,0,2,1,2,0,3,1,0,1,1,0,1,0,1,0,0,0,0,1,1,1,0,1,1,2,2,0,0,0,0,2,0,0,1,0,0,0,0,0,0,0,0,0,0,0,0,1,0,0,0,0,0,0,0,0,0,0,0,0,0,0,0,0,0,0,0,0,0,0,0,0,0,0,0,0,0,0,0,0,0,0,0,0,0,0,0,0,0,0,0,0,0,0,0,0,0,0,0,0,0,0,0,0,0,0,0,0,0,0,0,0,0,0,0,0,0,0,0,0,0,0,0,0,0,0,0,0,0,0,0,0,0,0,0,0,0,0,0,0,0,0,0,0,0,0
0,0,0,0,0,0,0,0,0,0,0,0,0,0,0,0,0,0,0,0,0,0,1,0,1,1,1,0,0,1,0,1,1,0,3,0,0,1,0,1,0,1,0,1,0,1,0,0,0,0,1,1,0,3,1,0,0,1,2,2,1,0,0,1,3,1,1,1,2,2,1,1,0,2,0,0,0,0,0,0,1,0,0,0,0,0,0,0,1,0,0,0,0,0,1,0,0,0,0,0,0,0,1,0,0,0,0,0,0,0,0,0,0,0,0,0,0,0,0,0,0,0,0,0,0,0,0,0,0,0,0,0,0,0,0,0,0,0,0,0,0,0,0,0,0,0,0,0,0,0,0,0,0,0,0,0,0,0,0,0,0,0,0,0,0,0,0,0,0,0,0,0,0,0,0,0,0,0,0,0,0,0,0,0,0,0,0,0,0,0,0,0,0,0,0,0,0,0,0,0
0,0,0,1,0,1,0,0,0,0,0,0,0,0,0,0,0,1,0,0,0,0,0,0,1,0,0,0,0,0,0,0,0,0,2,0,0,0,0,0,1,1,1,2,0,0,1,0,1,0,0,0,1,1,0,0,2,2,1,1,0,0,0,1,1,0,4,1,1,0,2,0,0,0,1,0,0,1,0,0,0,0,0,0,0,0,0,1,1,0,0,0,0,0,2,0,0,0,0,0,0,0,0,0,0,0,0,0,0,0,0,1,0,0,0,0,1,0,0,0,0,0,0,0,0,0,0,0,0,0,0,0,0,0,0,0,0,0,0,0,0,0,0,0,0,0,0,0,0,0,0,0,0,0,0,0,0,0,0,0,0,0,0,0,0,0,0,0,0,0,0,0,0,0,0,0,0,0,0,0,0,0,0,0,0,0,0,0,0,0,0,0,0,0,0,0,0,0,0,0
0,0,0,0,0,0,0,0,0,0,0,0,0,0,0,0,0,0,0,1,0,0,0,1,0,0,0,0,0,0,0,0,0,1,0,0,0,2,1,0,0,1,1,0,0,4,0,1,1,1,1,4,0,1,0,0,3,0,1,1,1,0,1,1,0,0,0,0,0,0,0,1,0,1,0,1,2,2,0,0,0,0,0,1,0,0,0,0,0,0,0,0,1,0,0,0,0,0,0,0,0,0,0,0,0,0,0,2,0,0,0,0,0,0,0,0,0,0,0,0,0,0,0,0,0,0,0,0,0,0,0,0,0,0,0,0,0,0,0,0,0,0,0,0,0,0,0,0,0,0,0,0,0,0,0,0,0,0,0,0,0,0,0,0,0,0,0,0,0,0,0,0,0,0,0,0,0,0,0,0,0,0,0,0,0,0,0,0,0,0,0,0,0,0,0,0,0,0,0,0
0,0,0,0,0,0,0,0,0,0,0,0,0,0,0,0,0,0,0,1,0,0,1,0,0,0,0,0,0,0,0,0,0,1,0,0,0,1,0,0,0,0,1,0,0,0,0,2,3,0,0,0,0,0,2,1,0,4,0,1,0,6,0,2,0,2,0,1,0,1,0,1,0,0,1,0,0,1,0,0,0,0,0,0,0,0,0,0,0,1,0,0,1,0,0,1,0,0,0,0,0,0,0,0,0,0,0,0,1,0,0,0,0,0,0,0,0,0,0,0,0,0,0,1,0,0,0,0,0,0,0,0,0,0,0,0,0,0,0,0,0,0,0,0,0,0,0,0,0,0,0,0,0,0,0,0,0,0,0,0,0,0,0,0,0,0,0,0,0,0,0,0,0,0,0,0,0,0,0,0,0,0,0,0,0,0,0,0,0,0,0,0,0,0,0,0,0,0,0,0
0,0,0,0,0,0,0,0,0,0,0,0,0,0,0,0,0,0,0,0,0,0,0,1,0,0,0,0,0,0,0,0,0,1,1,3,0,0,2,0,1,0,0,0,1,2,0,0,1,1,0,0,1,0,2,0,0,1,0,2,0,0,0,3,1,0,1,1,0,0,0,0,1,0,0,0,0,1,2,0,1,0,0,1,0,0,0,0,0,0,1,0,0,0,0,0,0,0,1,0,0,0,0,0,0,0,0,0,0,0,0,0,0,0,0,0,0,0,0,0,0,0,0,0,0,0,0,0,0,0,0,0,0,0,0,0,0,0,0,0,0,0,0,0,0,0,0,0,0,0,0,0,0,0,0,0,0,0,0,0,0,0,0,0,0,0,0,0,0,0,0,0,0,0,0,0,0,0,0,0,0,0,0,0,0,0,0,0,0,0,0,0,0,0,0,0,0,0,0,0
0,0,0,0,0,0,1,0,0,0,0,0,0,0,1,0,0,0,0,1,1,0,0,0,0,0,0,0,0,0,0,0,0,2,0,0,0,1,0,0,0,3,0,0,0,2,0,0,0,1,1,1,1,1,0,0,1,1,0,2,3,1,1,1,1,0,1,0,0,0,0,1,1,0,3,1,0,0,0,1,0,1,1,0,0,0,0,0,0,0,0,0,0,0,0,0,0,0,0,0,0,0,0,0,1,0,0,0,0,0,0,0,0,0,0,0,0,0,0,0,0,1,0,0,0,0,0,0,0,0,0,0,0,0,0,0,0,0,0,0,0,0,0,0,0,0,0,0,0,0,0,0,0,0,0,0,0,0,0,0,0,0,0,0,0,0,0,0,0,0,0,0,0,0,0,0,0,0,0,0,0,0,0,0,0,0,0,0,0,0,0,0,0,0,0,0,0,0,0,0
0,0,0,0,0,0,0,0,0,0,0,0,0,0,0,0,0,0,0,0,0,0,0,0,0,0,0,0,1,1,0,1,1,3,0,0,2,0,0,0,0,1,0,1,1,0,1,1,1,2,2,0,2,2,1,0,0,1,0,2,1,0,1,0,1,0,2,1,0,0,0,0,0,0,0,0,0,0,0,0,0,0,0,0,0,0,0,0,0,0,0,0,1,0,0,0,0,0,1,0,0,0,0,0,0,0,1,0,0,0,0,0,0,0,0,0,1,0,0,0,0,0,0,0,0,0,0,0,0,0,0,0,0,0,0,0,0,0,0,0,0,0,0,0,0,0,0,0,0,0,0,0,0,0,0,0,0,0,0,0,0,0,0,0,0,0,0,0,0,0,0,0,0,0,0,0,0,0,0,0,0,0,0,0,0,0,0,0,0,0,0,0,0,0,0,0,0,0,0,0
0,0,0,0,0,1,0,0,0,0,0,0,0,0,0,0,0,0,0,0,0,0,0,0,0,0,1,0,0,0,0,1,0,1,0,0,0,0,0,1,0,0,0,0,1,0,0,1,0,1,1,0,0,1,0,3,0,0,1,2,0,0,1,0,1,0,1,1,0,0,1,0,0,0,1,1,1,1,0,2,0,0,1,1,0,0,0,0,0,0,0,1,0,0,0,0,0,0,0,0,0,0,0,0,0,0,0,0,0,0,0,0,0,0,1,1,0,0,0,0,0,0,0,0,0,0,0,0,0,0,0,0,0,0,0,0,0,0,0,0,0,0,0,0,0,0,0,0,0,0,0,0,0,0,0,0,0,0,0,0,0,0,0,0,0,0,0,0,0,0,0,0,0,0,0,0,0,0,0,0,0,0,0,0,0,0,0,0,0,0,0,0,0,0,0,0,0,0,0,0
0,0,0,0,0,0,0,0,0,0,0,0,0,0,0,0,0,0,0,0,0,0,0,0,0,1,0,0,0,0,0,2,1,0,1,0,1,0,0,0,1,0,0,1,0,0,2,0,0,0,2,1,0,1,1,0,2,2,0,0,0,1,0,1,0,0,2,0,2,0,2,0,0,0,0,0,1,0,2,0,0,0,0,0,1,0,0,0,0,0,0,3,0,0,1,0,0,0,0,0,0,0,0,0,0,0,0,0,0,0,0,0,0,0,0,0,0,0,0,0,0,0,0,0,0,0,0,0,0,0,0,0,0,0,0,0,0,0,0,0,0,0,0,0,0,0,0,0,0,0,0,0,0,0,0,0,0,0,0,0,0,0,0,0,0,0,0,0,0,0,0,0,0,0,0,0,0,0,0,0,0,0,0,0,0,0,0,0,0,0,0,0,0,0,0,0,0,0,0,0
0,0,0,0,0,0,0,0,0,0,0,0,0,0,0,0,0,0,0,0,0,0,0,0,0,0,0,0,0,0,0,0,0,0,0,1,1,1,0,0,1,0,0,1,1,0,0,1,0,0,0,2,0,1,0,0,1,1,0,1,1,0,2,0,0,1,1,0,1,0,0,0,1,0,0,1,0,0,1,1,0,0,0,0,0,0,0,0,0,0,0,0,0,0,0,0,0,0,1,0,0,0,0,0,0,0,0,0,0,0,0,0,0,0,0,0,0,0,0,0,0,0,0,0,0,0,0,0,0,0,0,0,0,0,0,0,0,0,0,0,0,0,0,0,0,0,0,0,0,0,0,0,0,0,0,0,0,0,0,0,0,0,0,0,0,0,0,0,0,0,0,0,0,0,0,0,0,0,0,0,0,0,0,0,0,0,0,0,0,0,0,0,0,0,0,0,0,0,0,0
0,0,0,0,0,0,0,0,0,0,0,0,0,0,0,0,0,0,0,0,0,0,0,0,1,0,0,0,0,0,0,0,0,0,0,0,0,1,0,1,1,0,1,0,0,0,0,0,1,1,0,0,1,3,0,0,0,0,1,2,1,0,2,2,0,0,0,0,0,0,1,0,1,0,0,1,1,0,0,0,1,0,0,0,0,0,0,0,1,0,0,0,0,0,0,0,0,0,1,0,0,0,0,0,0,0,0,1,0,0,0,0,0,0,0,0,0,0,0,0,0,0,0,0,0,0,0,0,0,0,0,0,0,0,0,0,0,0,0,0,0,0,0,0,0,0,0,0,0,0,0,0,0,0,0,0,0,0,0,0,0,0,0,0,0,0,0,0,0,0,0,0,0,0,0,0,0,0,0,0,0,0,0,0,0,0,0,0,0,0,0,0,0,0,0,0,0,0,0,0
0,0,0,0,0,0,0,0,0,0,0,0,0,0,0,0,0,0,0,0,0,1,0,0,0,1,0,0,0,0,0,0,1,0,1,0,1,1,0,0,0,1,0,0,0,0,0,0,1,0,0,1,0,0,1,1,0,0,2,2,2,1,0,0,0,0,0,0,0,0,1,0,0,0,0,1,0,0,0,1,0,0,0,1,0,0,0,0,0,0,0,0,0,0,0,0,0,0,0,0,0,0,0,0,1,0,0,0,0,0,0,0,0,0,0,0,0,0,0,0,0,0,0,0,0,0,0,0,0,0,0,0,0,0,0,0,0,0,0,0,0,0,0,0,0,0,0,0,0,0,0,0,0,0,0,0,0,0,0,0,0,0,0,0,0,0,0,0,0,0,0,0,0,0,0,0,0,0,0,0,0,0,0,0,0,0,0,0,0,0,0,0,0,0,0,0,0,0,0,0
0,0,0,0,0,0,0,0,0,0,0,0,0,0,0,0,0,0,0,0,0,0,0,0,0,0,0,1,0,2,0,0,0,0,2,0,0,0,0,0,2,0,1,1,0,3,0,0,0,1,1,0,1,0,1,0,2,0,1,1,1,0,0,0,0,0,0,0,1,0,1,1,0,1,0,0,0,0,0,0,0,0,1,0,1,0,0,0,0,0,0,0,0,0,0,0,0,0,0,0,0,1,0,0,0,0,0,0,0,0,0,0,0,0,0,0,0,0,0,0,0,0,0,0,0,0,0,0,0,0,0,0,0,0,0,0,0,0,0,0,0,0,0,0,0,0,0,0,0,0,0,0,0,0,0,0,0,0,0,0,0,0,0,0,0,0,0,0,0,0,0,0,0,0,0,0,0,0,0,0,0,0,0,0,0,0,0,0,0,0,0,0,0,0,0,0,0,0,0,0
0,0,0,0,0,0,0,0,0,0,0,0,0,0,0,1,0,0,0,0,0,0,0,1,0,0,0,0,0,0,0,0,1,1,0,0,0,0,0,0,0,1,0,0,0,2,0,0,0,0,1,0,0,1,0,0,2,1,2,0,1,0,1,0,0,0,1,1,1,0,0,1,0,0,0,0,0,0,0,0,1,0,0,0,0,0,0,0,0,0,0,0,0,0,0,0,0,0,0,0,0,1,0,0,0,0,0,0,0,0,0,0,0,0,0,0,0,0,0,0,0,0,0,0,0,0,0,0,0,0,0,0,0,0,0,0,0,0,0,0,0,0,0,0,0,0,0,0,0,0,0,0,0,0,0,0,0,0,0,0,0,0,0,0,0,0,0,0,0,0,0,0,0,0,0,0,0,0,0,0,0,0,0,0,0,0,0,0,0,0,0,0,0,0,0,0,0,0,0,0
0,0,0,0,0,0,0,0,0,0,0,1,0,0,0,0,0,0,0,0,0,0,1,0,0,0,0,0,0,0,0,0,0,0,0,0,0,0,0,1,0,0,0,1,0,0,2,1,0,2,1,0,0,1,2,0,1,1,0,1,1,0,0,0,1,1,1,1,0,0,1,0,0,0,0,1,1,2,0,0,1,0,0,0,0,3,0,0,0,0,0,0,0,0,0,0,0,0,0,0,0,0,0,0,0,0,1,0,0,0,0,0,0,0,0,1,0,0,0,0,0,0,0,0,0,0,0,0,0,0,0,0,0,0,0,0,0,0,0,0,0,0,0,0,0,0,0,0,0,0,0,0,0,0,0,0,0,0,0,0,0,0,0,0,0,0,0,0,0,0,0,0,0,0,0,0,0,0,0,0,0,0,0,0,0,0,0,0,0,0,0,0,0,0,0,0,0,0,0,0
0,0,0,0,0,0,0,0,0,0,0,0,0,0,0,0,0,0,0,0,0,0,0,0,0,0,0,0,0,0,0,0,0,0,0,0,0,0,0,0,0,0,0,1,2,2,0,0,3,0,0,0,0,0,0,0,0,2,0,0,2,0,0,0,0,0,1,1,0,1,1,1,0,0,0,0,0,0,0,0,0,0,0,0,0,0,0,0,0,0,0,0,0,0,1,0,0,0,0,0,0,0,0,0,0,0,0,0,0,0,0,0,0,0,0,0,0,0,0,0,0,0,0,0,0,0,0,0,0,0,0,0,0,0,0,0,0,0,0,0,0,0,0,0,0,0,0,0,0,0,0,0,0,0,0,0,0,0,0,0,0,0,0,0,0,0,0,0,0,0,0,0,0,0,0,0,0,0,0,0,0,0,0,0,0,0,0,0,0,0,0,0,0,0,0,0,0,0,0,0
0,0,0,0,0,0,0,0,0,0,0,0,0,2,0,0,0,0,0,0,0,0,0,0,0,0,0,0,0,1,0,0,0,0,0,0,0,0,0,0,0,0,0,0,0,0,1,1,1,1,0,0,1,1,0,0,2,3,1,0,0,0,0,0,2,1,2,0,0,0,0,0,1,0,0,0,1,0,0,0,0,0,0,1,0,0,0,1,0,2,0,0,0,1,0,0,0,0,0,0,0,0,0,0,0,0,0,0,0,0,0,0,0,0,0,0,0,0,0,0,0,0,0,0,0,0,0,0,0,0,0,0,0,0,0,0,0,0,0,0,0,0,0,0,0,0,0,0,0,0,0,0,0,0,0,0,0,0,0,0,0,0,0,0,0,0,0,0,0,0,0,0,0,0,0,0,0,0,0,0,0,0,0,0,0,0,0,0,0,0,0,0,0,0,0,0,0,0,0,0
0,0,0,0,0,0,0,0,0,0,0,0,0,0,0,0,0,0,0,0,0,0,0,0,0,0,0,0,0,0,0,0,1,1,0,0,0,0,0,0,0,0,1,0,1,1,1,1,1,2,1,1,0,1,0,1,0,0,0,0,0,0,0,0,0,0,1,1,0,0,0,0,1,0,0,1,0,2,0,0,0,0,1,0,0,0,1,0,0,0,0,0,0,0,0,0,0,0,0,0,0,0,0,0,0,0,0,0,0,0,0,0,0,0,0,0,0,0,0,0,0,0,0,0,0,0,0,0,0,0,0,0,0,0,0,0,0,0,0,0,0,0,0,0,0,0,0,0,0,0,0,0,0,0,0,0,0,0,0,0,0,0,0,0,0,0,0,0,0,0,0,0,0,0,0,0,0,0,0,0,0,0,0,0,0,0,0,0,0,0,0,0,0,0,0,0,0,0,0,0
0,0,0,0,0,0,1,0,0,0,0,0,0,0,0,0,0,0,0,0,0,0,0,0,0,0,0,0,0,0,0,0,0,1,0,0,0,0,0,0,1,0,0,0,0,0,1,0,0,1,0,0,0,1,0,0,0,1,1,0,0,0,1,1,0,0,2,0,1,0,1,1,0,2,0,0,0,1,1,1,0,0,0,1,0,0,0,0,1,0,0,0,0,0,0,0,1,0,0,0,0,0,0,0,0,0,0,0,0,0,0,0,0,0,0,0,0,0,0,0,0,0,0,0,0,0,0,0,0,0,0,0,0,0,0,0,0,0,0,0,0,0,0,0,0,0,0,0,0,0,0,0,0,0,0,0,0,0,0,0,0,0,0,0,0,0,0,0,0,0,0,0,0,0,0,0,0,0,0,0,0,0,0,0,0,0,0,0,0,0,0,0,0,0,0,0,0,0,0,0
0,0,0,0,0,1,0,0,0,0,0,0,0,0,0,0,0,0,0,1,0,0,0,0,0,0,0,0,0,0,0,1,0,0,0,0,0,1,0,1,0,0,0,0,1,0,0,0,0,0,2,1,1,2,2,1,1,0,1,0,0,0,1,0,0,0,0,0,0,3,0,0,0,0,1,0,0,0,0,0,1,0,0,0,0,0,0,0,0,0,0,0,0,0,0,0,0,0,0,0,0,0,0,0,0,0,0,0,0,0,0,0,0,0,0,0,0,0,0,0,0,0,0,0,0,0,0,0,0,0,0,0,0,0,0,0,0,0,0,0,0,0,0,0,0,0,0,0,0,0,0,0,0,0,0,0,0,0,0,0,0,0,0,0,0,0,0,0,0,0,0,0,0,0,0,0,0,0,0,0,0,0,0,0,0,0,0,0,0,0,0,0,0,0,0,0,0,0,0,0
0,0,0,0,0,0,0,0,0,0,0,0,0,0,0,0,0,0,0,0,0,0,0,0,0,0,0,0,0,0,0,0,0,0,1,0,0,1,0,0,0,0,0,2,0,0,0,1,0,0,1,1,1,1,0,1,0,0,1,1,1,0,0,1,2,1,0,0,0,1,0,2,0,0,0,0,0,0,0,0,0,0,1,0,0,1,0,0,1,0,0,0,0,0,1,0,0,0,0,0,0,0,0,0,0,0,0,0,0,0,0,0,0,0,0,0,0,0,0,0,0,0,0,0,0,0,0,0,0,0,0,0,0,0,0,0,0,0,0,0,0,0,0,0,0,0,0,0,0,0,0,0,0,0,0,0,0,0,0,0,0,0,0,0,0,0,0,0,0,0,0,0,0,0,0,0,0,0,0,0,0,0,0,0,0,0,0,0,0,0,0,0,0,0,0,0,0,0,0,0
0,0,0,0,0,0,0,0,0,0,0,0,0,0,0,0,0,0,0,0,0,0,0,0,1,0,0,0,0,0,0,0,0,0,0,0,0,1,1,0,1,0,0,1,0,0,0,2,0,1,1,0,1,0,1,2,1,2,0,0,2,0,0,0,2,0,0,0,0,0,2,0,1,0,0,1,0,0,0,0,0,1,0,0,0,1,0,0,0,0,0,0,0,0,0,0,0,0,0,0,0,0,0,0,0,0,0,0,0,0,0,0,0,0,0,0,0,0,0,0,0,0,0,0,0,0,0,0,0,0,0,0,0,0,0,0,0,0,0,0,0,0,0,0,0,0,0,0,0,0,0,0,0,0,0,0,0,0,0,0,0,0,0,0,0,0,0,0,0,0,0,0,0,0,0,0,0,0,0,0,0,0,0,0,0,0,0,0,0,0,0,0,0,0,0,0,0,0,0,0
0,0,0,0,0,0,0,0,0,0,0,0,0,0,0,0,0,0,0,0,0,0,0,0,0,0,0,0,0,0,0,0,1,0,0,0,0,0,0,0,1,0,2,0,1,0,0,0,0,2,2,0,0,1,0,0,0,1,0,0,0,0,0,0,1,0,0,1,0,0,0,0,1,0,0,0,1,0,0,0,1,0,0,0,0,0,0,0,0,0,0,0,0,0,0,1,0,0,0,0,0,0,0,0,0,0,0,0,0,0,1,0,0,0,0,0,0,0,0,0,0,0,0,0,0,0,0,0,0,0,0,0,0,0,0,0,0,0,0,0,0,0,0,0,0,0,0,0,0,0,0,0,0,0,0,0,0,0,0,0,0,0,0,0,0,0,0,0,0,0,0,0,0,0,0,0,0,0,0,0,0,0,0,0,0,0,0,0,0,0,0,0,0,0,0,0,0,0,0,0
0,0,0,0,0,0,0,0,0,0,0,0,0,0,0,0,0,0,0,0,0,0,0,0,0,0,0,0,0,0,0,0,0,0,0,0,0,0,0,1,0,1,0,0,0,0,0,2,1,0,0,0,1,0,1,0,1,1,0,0,1,0,0,0,0,0,0,0,0,1,0,0,0,0,0,0,0,1,0,0,0,0,0,0,0,0,1,0,0,0,0,0,0,0,0,0,0,0,0,0,0,0,0,0,0,0,0,0,0,0,0,0,0,0,0,0,0,0,0,0,0,0,0,0,0,0,0,0,0,0,0,0,0,0,0,0,0,0,0,0,0,0,0,0,0,0,0,0,0,0,0,0,0,0,0,0,0,0,0,0,0,0,0,0,0,0,0,0,0,0,0,0,0,0,0,0,0,0,0,0,0,0,0,0,0,0,0,0,0,0,0,0,0,0,0,0,0,0,0,0
0,0,0,0,0,0,0,0,0,0,0,0,0,0,0,0,0,0,0,0,0,0,0,0,0,0,0,1,1,0,0,1,0,2,0,1,1,0,0,0,1,0,0,0,0,0,1,0,0,0,2,0,1,0,1,0,1,0,2,0,2,1,0,0,2,0,0,0,1,0,0,0,0,0,0,0,1,0,0,0,1,0,0,0,0,0,1,2,0,0,0,0,0,0,0,0,0,0,0,0,0,0,0,0,0,0,0,0,0,0,0,0,0,0,0,0,0,0,0,0,0,0,0,0,0,0,0,0,0,0,0,0,0,0,0,0,0,0,0,0,0,0,0,0,0,0,0,0,0,0,0,0,0,0,0,0,0,0,0,0,0,0,0,0,0,0,0,0,0,0,0,0,0,0,0,0,0,0,0,0,0,0,0,0,0,0,0,0,0,0,0,0,0,0,0,0,0,0,0,0
0,0,0,0,0,0,0,0,0,0,0,0,0,0,0,0,0,0,0,1,1,0,0,0,0,0,0,0,0,0,0,1,1,0,0,1,0,1,1,0,0,0,0,0,0,0,0,0,1,0,0,0,0,1,0,0,0,0,0,1,1,1,0,1,1,1,0,0,0,0,2,1,0,0,0,0,0,0,1,0,0,0,0,0,0,0,0,0,0,0,0,0,0,0,1,0,0,1,0,0,0,0,0,0,0,0,0,0,0,0,0,0,0,0,0,0,0,0,0,0,0,0,0,0,0,0,0,0,0,0,0,0,0,0,0,0,0,0,0,0,0,0,0,0,0,0,0,0,0,0,0,0,0,0,0,0,0,0,0,0,0,0,0,0,0,0,0,0,0,0,0,0,0,0,0,0,0,0,0,0,0,0,0,0,0,0,0,0,0,0,0,0,0,0,0,0,0,0,0,0
0,0,0,0,0,0,0,0,0,0,0,0,0,0,0,0,0,0,0,0,0,1,0,2,0,0,0,1,0,0,0,0,0,0,0,0,0,1,0,0,0,0,0,1,0,0,0,1,1,0,1,0,1,0,1,0,0,0,1,0,1,0,1,1,0,2,1,1,2,0,1,0,0,0,0,0,1,1,1,0,0,0,0,0,1,0,0,1,0,0,1,0,0,0,0,0,0,0,0,0,0,0,0,0,0,0,0,0,0,0,0,0,0,0,0,0,0,0,0,0,0,0,0,0,0,0,0,0,0,0,0,0,0,0,0,0,0,0,0,0,0,0,0,0,0,0,0,0,0,0,0,0,0,0,0,0,0,0,0,0,0,0,0,0,0,0,0,0,0,0,0,0,0,0,0,0,0,0,0,0,0,0,0,0,0,0,0,0,0,0,0,0,0,0,0,0,0,0,0,0
0,0,0,0,0,0,0,0,0,0,0,0,0,0,0,0,0,0,0,0,0,1,0,0,0,0,0,1,2,0,0,0,0,0,0,0,0,0,0,0,1,1,0,0,0,0,0,0,2,0,2,0,0,1,0,0,0,0,0,0,1,1,0,0,0,0,0,1,2,1,0,0,0,0,0,0,0,0,1,1,0,0,0,0,0,1,0,0,0,0,0,1,0,0,0,0,0,0,0,0,0,0,0,0,0,1,0,0,0,0,0,0,0,0,0,0,0,0,0,0,0,0,0,0,0,0,0,0,0,0,0,0,0,0,0,0,0,0,0,0,0,0,0,0,0,0,0,0,0,0,0,0,0,0,0,0,0,0,0,0,0,0,0,0,0,0,0,0,0,0,0,0,0,0,0,0,0,0,0,0,0,0,0,0,0,0,0,0,0,0,0,0,0,0,0,0,0,0,0,0
0,0,0,0,0,0,0,0,0,0,0,0,0,1,0,0,0,0,0,0,0,0,0,0,0,0,0,0,0,1,0,0,0,1,0,0,0,0,0,0,1,1,0,1,0,1,1,2,0,0,1,0,1,0,1,2,0,2,0,0,1,1,0,0,1,0,0,0,1,0,0,0,0,0,0,0,0,0,0,0,0,0,0,1,0,0,1,0,0,0,0,0,0,1,0,0,0,0,0,0,0,1,0,0,0,0,0,0,0,0,0,0,0,0,0,0,0,0,0,0,0,0,0,0,0,0,0,0,0,0,0,0,0,0,0,0,0,0,0,0,0,0,0,0,0,0,0,0,0,0,0,0,0,0,0,0,0,0,0,0,0,0,0,0,0,0,0,0,0,0,0,0,0,0,0,0,0,0,0,0,0,0,0,0,0,0,0,0,0,0,0,0,0,0,0,0,0,0,0,0
0,0,0,0,0,0,0,0,0,0,0,0,0,0,0,0,0,0,0,0,0,0,0,0,0,0,0,0,0,0,0,0,0,0,0,0,1,0,1,0,0,0,0,1,0,0,1,0,0,0,0,0,0,0,0,1,0,0,0,0,0,0,0,0,0,0,0,0,0,0,0,1,0,0,0,0,0,0,1,1,0,0,0,0,0,0,0,0,0,0,0,0,0,0,0,1,0,0,0,0,0,0,0,0,0,0,0,0,0,0,0,0,0,0,0,0,0,0,0,0,0,0,0,0,0,0,0,0,0,0,0,0,0,0,0,0,0,0,0,0,0,0,0,0,0,0,0,0,0,0,0,0,0,0,0,0,0,0,0,0,0,0,0,0,0,0,0,0,0,0,0,0,0,0,0,0,0,0,0,0,0,0,0,0,0,0,0,0,0,0,0,0,0,0,0,0,0,0,0,0
0,0,0,0,0,0,0,0,0,0,0,0,0,0,0,0,0,0,0,0,0,0,0,0,0,0,0,0,0,0,0,0,0,0,0,0,0,0,0,1,0,0,0,1,1,1,0,0,2,0,1,0,1,0,1,2,0,0,0,0,1,0,0,0,0,0,1,0,0,0,0,0,0,0,2,0,1,0,0,0,0,1,0,0,0,0,0,0,0,0,0,0,0,0,0,0,0,0,0,0,0,0,0,0,0,0,0,0,0,0,0,0,0,0,0,0,0,0,0,0,0,0,0,0,0,0,0,0,0,0,0,0,0,0,0,0,0,0,0,0,0,0,0,0,0,0,0,0,0,0,0,0,0,0,0,0,0,0,0,0,0,0,0,0,0,0,0,0,0,0,0,0,0,0,0,0,0,0,0,0,0,0,0,0,0,0,0,0,0,0,0,0,0,0,0,0,0,0,0,0
0,0,0,0,0,0,0,0,0,0,0,0,0,0,0,0,0,0,0,0,0,0,0,0,0,0,0,0,0,0,0,0,0,0,1,0,0,1,0,0,0,0,0,0,0,0,1,0,1,0,1,0,1,1,0,1,2,1,1,0,1,0,2,0,0,0,0,0,0,0,0,0,0,1,0,0,1,0,1,0,1,0,0,0,0,0,1,0,0,0,1,0,0,0,0,0,0,1,0,0,0,0,0,0,0,0,0,0,0,0,0,0,0,0,0,0,0,0,0,0,0,0,0,0,0,0,0,0,0,0,0,0,0,0,0,0,0,0,0,0,0,0,0,0,0,0,0,0,0,0,0,0,0,0,0,0,0,0,0,0,0,0,0,0,0,0,0,0,0,0,0,0,0,0,0,0,0,0,0,0,0,0,0,0,0,0,0,0,0,0,0,0,0,0,0,0,0,0,0,0
0,0,0,0,0,0,0,0,0,0,0,0,0,0,0,1,0,0,0,0,0,0,0,0,0,0,0,0,0,1,0,0,0,0,1,1,0,0,0,0,0,0,1,0,1,1,0,0,0,0,0,0,0,0,1,0,0,0,0,0,0,1,0,0,0,1,0,0,0,0,0,0,0,1,0,0,1,0,0,0,0,0,1,0,0,0,0,0,0,0,0,1,0,0,0,0,0,0,0,0,0,0,0,0,0,0,0,0,0,0,0,0,0,0,0,0,0,0,0,0,0,0,0,0,0,0,0,0,0,0,0,0,0,0,0,0,0,0,0,0,0,0,0,0,0,0,0,0,0,0,0,0,0,0,0,0,0,0,0,0,0,0,0,0,0,0,0,0,0,0,0,0,0,0,0,0,0,0,0,0,0,0,0,0,0,0,0,0,0,0,0,0,0,0,0,0,0,0,0,0
0,0,0,0,0,0,0,0,0,0,0,0,0,0,0,0,0,0,0,0,0,0,0,0,0,0,0,0,0,0,0,0,0,0,0,0,0,0,0,0,0,0,1,0,1,0,1,1,1,0,1,0,0,1,1,0,0,0,1,0,0,1,0,0,1,1,0,0,0,0,0,0,0,1,0,0,0,0,0,0,0,0,0,0,0,0,0,0,0,0,0,0,0,0,0,0,0,0,0,0,0,0,0,0,0,0,0,0,0,0,0,0,0,0,0,0,0,0,0,0,0,0,0,0,0,0,0,0,0,0,0,0,0,0,0,0,0,0,0,0,0,0,0,0,0,0,0,0,0,0,0,0,0,0,0,0,0,0,0,0,0,0,0,0,0,0,0,0,0,0,0,0,0,0,0,0,0,0,0,0,0,0,0,0,0,0,0,0,0,0,0,0,0,0,0,0,0,0,0,0
0,0,0,0,0,0,0,0,0,0,0,0,0,0,0,0,0,0,0,0,0,0,0,0,0,0,0,0,0,0,0,0,1,1,0,0,0,0,0,0,0,0,0,0,0,0,0,0,0,1,0,0,0,1,1,0,0,2,1,0,1,1,0,0,0,0,1,0,0,1,0,0,1,0,0,0,0,0,0,0,0,0,0,0,0,0,0,0,0,0,0,0,0,0,0,0,0,0,0,0,0,0,0,0,0,0,0,0,0,0,0,0,0,0,0,0,0,0,0,0,0,0,0,0,0,0,0,0,0,0,0,0,0,0,0,0,0,0,0,0,0,0,0,0,0,0,0,0,0,0,0,0,0,0,0,0,0,0,0,0,0,0,0,0,0,0,0,0,0,0,0,0,0,0,0,0,0,0,0,0,0,0,0,0,0,0,0,0,0,0,0,0,0,0,0,0,0,0,0,0
