5,0,1,0,0,1,2,1,0,2,2,2,4,1,2,4,4,4,4,4,3,4,10,8,21,13,27,18,35,18,49,23,39,35,30,39,48,47,48,66,72,72,79,124,119,122,131,143,181,178,189,204,260,246,264,294,293,344,346,367,375,376,432,463,468,481,591,564,604,635,639,775,717,702,852,763,838,864,952,901,941,929,960,1035,1115,1039,1131,1147,1107,1133,1213,1166,1162,1171,1250,1227,1262,1246,1193,1283,1265,1264,1230,1216,1214,1190,1187,1209,1242,1166,1179,1050,1094,978,994,991,962,927,1023,931,785,932,723,817,769,727,679,628,609,544,617,567,524,460,405,485,418,385,332,341,293,318,275,281,281,217,221,200,169,197,146,163,148,118,118,128,82,92,69,85,52,67,44,56,40,34,36,22,33,31,27,12,14,23,19,15,9,11,13,11,6,4,1,3,4,1,1,3,0,0,4,0,1,3,1,0,0,0,1,0
1,0,0,0,2,2,6,1,2,1,1,1,3,4,5,2,8,6,6,3,3,8,16,7,11,15,31,22,32,31,44,16,28,32,41,50,53,54,69,62,86,86,93,124,104,113,153,149,195,175,201,223,250,279,262,293,357,393,365,332,376,358,440,488,485,531,587,601,612,698,624,703,750,754,808,769,864,895,908,939,1022,975,1026,1005,1106,1178,1097,1164,1068,1127,1230,1110,1200,1172,1278,1205,1258,1168,1233,1213,1174,1253,1179,1119,1129,1165,1122,1116,1137,1106,1039,927,949,870,922,906,892,865,912,834,686,728,618,675,656,638,584,564,526,498,526,473,430,419,375,406,318,327,339,321,263,268,222,208,254,187,200,175,169,160,121,117,125,97,103,91,86,70,57,48,49,61,44,41,36,30,27,20,36,26,23,13,14,28,10,16,10,3,11,4,8,2,5,6,4,5,1,2,1,0,1,2,0,1,2,0,0,0,0,0
1,0,0,0,0,0,2,0,0,0,0,3,3,2,4,5,5,9,9,8,2,7,17,8,14,20,25,34,34,30,39,20,39,30,54,41,50,52,68,77,85,89,121,123,119,158,145,180,197,175,223,207,244,275,266,320,351,431,371,383,439,403,481,507,540,575,634,628,655,713,705,812,852,742,846,891,882,941,908,923,1008,926,1062,1132,1134,1176,1081,1179,1114,1104,1192,1108,1163,1166,1239,1182,1249,1177,1124,1176,1131,1120,1120,1118,1064,1025,1036,1094,1060,1018,1004,847,806,871,860,857,801,831,749,716,622,680,553,613,605,603,498,482,428,461,453,440,372,368,329,299,317,308,282,280,206,237,192,199,171,150,158,175,135,144,120,118,98,68,98,114,70,76,60,49,54,58,44,42,32,42,24,22,22,21,25,18,15,16,13,18,7,10,9,6,12,3,3,5,5,1,0,2,2,0,3,2,1,3,2,0,0,0,1,0
4,0,2,0,1,1,4,2,1,2,0,3,5,4,6,3,4,4,4,8,6,4,9,13,20,7,27,23,31,22,40,19,29,28,43,48,61,77,77,69,72,73,113,157,147,168,162,160,187,190,225,240,252,254,292,320,350,418,372,424,412,421,542,533,560,593,683,672,704,737,720,780,849,823,911,886,923,908,994,956,1003,1029,1046,1083,1037,1127,1086,1173,1092,1137,1159,1126,1149,1126,1175,1072,1176,1146,1130,1024,1093,1139,1036,1030,1083,938,959,940,996,994,903,774,731,744,729,716,704,712,725,618,531,559,512,506,472,556,450,386,386,384,388,373,351,298,303,303,277,232,208,235,188,185,167,189,166,141,148,126,111,121,97,78,91,66,88,74,70,54,53,51,44,35,39,39,31,21,24,15,18,21,23,5,17,28,11,14,10,12,9,3,6,6,4,1,2,4,3,0,6,0,2,1,0,2,3,0,0,0,0,0
5,0,1,0,2,1,1,0,1,0,1,5,6,4,5,8,7,6,4,10,5,4,10,9,8,13,32,20,30,25,43,17,29,30,49,64,65,62,78,71,89,77,132,155,157,162,163,187,204,201,247,239,269,313,291,344,407,452,418,406,452,488,513,527,540,601,647,683,702,688,757,852,811,764,891,887,899,1011,1012,956,982,978,1066,1038,1096,1150,1010,1130,1057,1110,1209,1115,1097,1085,1139,1062,1077,1098,982,1004,1063,1057,933,934,949,908,928,937,867,861,811,700,670,655,739,657,664,664,675,562,465,537,458,526,436,473,419,320,363,316,354,331,310,276,226,233,236,185,212,195,184,166,182,160,153,113,115,116,106,110,86,84,66,47,68,76,48,54,58,45,29,35,16,31,14,17,18,13,22,22,14,8,11,15,11,11,9,7,10,4,6,4,6,2,2,4,4,4,1,0,5,2,0,2,0,0,0,0,1,0
0,0,1,0,1,3,5,0,3,3,2,1,10,3,1,3,5,6,8,6,5,10,8,11,25,11,40,25,34,21,58,20,38,42,34,62,62,69,78,88,95,109,142,139,150,140,170,193,217,229,217,227,291,329,341,349,384,413,415,445,461,479,501,570,562,588,724,744,740,770,738,803,871,846,889,891,920,1020,1003,998,980,952,1048,1067,1151,1134,1088,1103,1033,1133,1132,1071,1091,1021,1156,1022,1063,1002,940,982,1017,973,945,841,861,866,889,839,817,777,693,647,684,657,665,619,606,550,603,510,434,518,437,443,417,447,384,342,328,270,298,298,259,218,213,230,193,150,176,162,146,153,140,153,136,122,124,129,96,100,77,85,72,63,69,71,41,45,39,34,20,28,27,27,26,21,23,19,13,15,11,5,14,11,8,14,7,8,5,4,6,3,1,2,3,6,2,2,3,0,2,1,2,2,0,0,0,0,0,0
0,0,0,0,1,1,3,0,0,2,2,1,5,4,5,3,13,8,3,7,5,6,13,12,10,12,34,20,37,25,55,26,40,44,41,50,63,90,71,87,118,102,143,166,152,151,175,189,243,210,267,245,285,320,310,388,410,448,415,417,502,434,489,565,571,584,695,664,713,763,726,832,862,826,859,904,982,989,1019,990,1025,981,1029,1002,1067,1105,1104,1134,1074,1070,1143,1029,1032,991,1035,1017,1001,971,936,979,951,896,862,805,847,817,764,767,805,703,686,607,622,572,588,571,555,570,552,512,411,421,364,383,382,374,328,282,268,233,259,275,240,193,191,205,172,149,194,158,122,148,125,134,134,99,92,114,76,82,60,80,70,44,41,57,39,41,40,26,24,16,30,29,13,21,25,14,13,14,20,6,7,14,8,11,9,9,6,9,6,2,2,3,3,6,1,0,4,0,0,1,0,1,2,0,0,0,2,0
3,0,2,0,0,2,6,1,2,1,2,2,7,1,4,5,13,6,2,5,4,5,8,9,18,14,33,24,31,23,50,29,30,36,44,42,59,71,82,100,109,106,140,186,150,159,172,191,215,233,253,262,283,336,360,370,422,465,420,471,468,468,553,572,561,619,716,640,751,773,742,834,862,823,866,903,940,972,1014,1027,1002,971,1042,1037,1117,1080,965,1121,1029,1011,1085,995,957,965,1049,972,1009,889,887,885,867,905,816,793,779,759,720,732,679,667,674,584,547,502,514,510,530,495,457,459,348,401,323,347,333,309,333,296,266,237,260,247,207,188,195,185,139,138,164,140,109,116,107,95,116,86,86,68,69,109,70,67,63,53,44,60,36,29,31,29,17,22,24,20,16,12,21,15,8,12,22,5,5,15,11,15,5,11,2,2,7,4,4,3,3,4,3,2,0,0,2,2,1,0,0,0,0,0,1,0
0,0,0,0,1,2,1,0,1,0,0,2,8,5,6,5,9,8,7,7,3,5,11,7,13,15,27,26,40,20,53,26,35,29,41,58,70,74,82,80,114,99,123,159,158,176,171,211,221,228,273,246,289,321,345,374,407,421,376,491,493,476,596,587,632,649,684,711,718,777,719,841,863,835,932,879,977,936,988,983,1014,900,1062,1012,1038,1012,1008,1051,1070,972,1029,1037,987,976,942,909,985,882,828,828,854,859,789,768,747,664,645,701,685,637,626,556,541,473,453,470,470,459,449,420,338,387,313,311,297,286,281,234,213,205,216,199,199,187,138,134,131,145,137,131,100,116,95,97,98,84,86,65,68,82,73,64,46,37,43,45,40,40,38,28,21,22,13,20,15,16,13,14,14,13,12,5,6,13,9,11,8,6,4,2,3,1,4,2,3,5,3,0,3,0,2,1,0,1,0,0,0,0,0,0
2,0,1,0,1,0,2,1,0,2,1,1,5,5,6,6,6,10,9,10,0,6,9,7,24,21,40,33,29,31,40,25,29,32,54,56,52,66,88,73,124,103,128,181,162,168,179,195,241,229,246,234,301,325,365,393,416,467,425,508,508,485,529,597,610,595,723,712,759,786,755,832,852,827,852,816,866,931,964,940,975,944,1001,966,1034,1022,952,1059,1001,930,1026,933,970,912,936,844,924,833,831,797,800,793,736,772,717,669,680,621,640,605,595,526,490,448,448,460,413,412,410,362,317,348,292,294,276,272,258,233,208,193,182,193,180,151,129,143,132,113,85,100,81,84,89,100,82,67,63,64,52,64,52,50,47,28,34,48,41,27,25,25,24,20,10,17,14,28,14,12,9,12,16,8,15,11,4,9,9,4,5,3,7,1,6,1,0,1,1,0,2,0,3,0,1,0,2,0,0,0,1,0
0,0,1,0,0,1,1,0,2,1,4,0,5,2,8,5,7,6,8,4,3,5,9,6,24,17,37,30,30,18,66,26,34,45,49,56,79,69,68,79,108,107,138,158,192,172,202,205,251,219,261,263,331,339,368,356,415,502,482,493,527,537,536,586,593,617,749,691,688,818,730,820,843,813,882,921,893,964,972,936,955,915,1062,936,1049,958,924,983,988,881,959,915,908,942,900,817,888,832,744,740,752,796,721,693,696,653,606,567,578,562,542,446,473,369,439,388,377,400,402,341,259,279,239,248,259,239,265,187,175,190,188,174,161,128,137,123,113,93,98,90,87,82,60,78,76,61,57,61,59,45,52,55,45,30,33,25,36,35,26,27,18,13,24,14,11,20,12,7,10,17,5,3,2,9,3,5,3,10,5,3,7,2,3,0,0,0,4,2,2,0,2,2,0,1,0,0,0,0,0,0
3,0,2,0,0,2,3,2,3,1,0,2,10,2,4,5,8,3,5,7,1,8,15,13,25,8,44,30,40,24,57,28,33,40,41,62,53,83,92,79,98,90,154,183,148,135,201,226,225,256,245,257,317,305,385,412,484,508,446,447,503,488,595,615,603,615,701,751,677,807,710,799,891,832,869,895,886,971,964,940,976,902,918,938,1035,947,923,997,939,916,980,875,846,830,892,867,819,771,750,776,743,716,682,673,658,559,563,562,518,527,488,438,354,393,412,366,370,356,356,363,255,247,222,244,238,224,199,161,183,174,170,147,136,123,92,134,101,100,97,95,74,65,60,90,86,54,66,47,52,63,46,39,34,24,23,37,26,28,13,14,13,25,16,21,6,17,22,10,13,6,12,2,6,14,4,10,2,5,5,3,0,2,2,1,0,2,0,0,0,0,2,1,2,2,0,0,0,0,1,0
0,0,2,0,0,1,3,1,2,0,3,1,8,5,6,2,9,4,2,7,6,7,12,5,19,19,48,29,38,22,62,26,37,35,61,66,80,77,102,88,97,113,148,169,159,183,188,205,247,252,256,272,317,338,396,389,471,515,458,512,559,467,530,580,596,637,687,706,712,734,713,785,844,817,899,853,815,925,959,855,884,830,929,915,998,957,885,963,845,836,880,879,799,823,794,808,814,744,705,711,723,708,607,599,616,565,541,510,515,472,471,368,392,354,372,324,331,338,310,272,221,249,211,209,209,203,190,163,159,128,141,129,108,105,78,104,105,95,79,90,72,80,76,61,67,33,53,45,47,50,40,37,35,28,35,31,18,23,22,20,18,15,11,8,10,9,6,8,11,11,3,1,6,9,4,6,3,4,1,2,4,2,2,0,1,3,1,1,3,0,1,0,0,1,2,0,0,0,0,0
1,0,1,0,0,5,4,0,1,5,1,2,4,11,6,4,12,5,13,5,4,5,15,11,19,16,48,24,44,28,58,30,29,38,47,57,70,75,98,94,111,96,144,173,166,167,180,208,241,211,281,280,304,363,358,414,419,486,428,491,505,502,550,598,603,583,723,680,687,771,740,839,810,783,885,867,918,920,868,844,889,882,883,856,960,946,938,901,918,806,827,844,767,808,797,766,753,748,664,653,683,627,603,667,510,555,517,474,498,484,443,384,366,346,353,341,301,256,312,252,206,236,198,212,187,164,164,123,150,129,110,109,114,80,90,91,78,66,79,64,68,68,44,62,56,36,54,48,30,53,21,34,25,16,35,25,16,15,13,24,10,11,11,10,8,11,15,5,6,8,7,3,5,7,5,8,4,5,2,6,8,4,0,1,0,1,1,0,0,0,6,0,0,2,0,0,0,0,1,0
0,0,0,0,1,3,3,2,2,0,1,0,5,6,8,4,5,5,12,7,2,4,7,9,16,14,35,27,47,27,65,27,22,40,53,74,74,63,85,98,100,102,145,174,163,182,189,154,209,240,270,242,301,348,357,347,483,506,412,449,500,464,533,609,570,579,718,712,741,781,676,824,836,753,860,818,833,885,919,841,853,839,964,845,908,895,818,918,910,853,828,836,776,782,759,725,754,728,655,629,672,639,601,575,508,517,453,499,473,484,390,334,337,332,290,295,282,261,282,259,199,224,176,178,195,170,150,141,132,96,121,120,96,96,70,82,80,83,90,72,54,59,34,51,44,36,31,46,29,35,27,32,25,24,23,26,16,22,18,14,14,6,15,12,12,8,7,9,12,8,8,5,5,8,3,5,0,3,2,3,5,3,4,1,2,2,3,0,0,0,2,0,0,0,0,0,0,0,0,0
1,0,0,0,3,3,3,1,0,0,0,2,4,3,7,5,8,8,5,4,5,7,16,8,24,20,54,29,53,26,71,21,30,39,59,65,61,55,93,94,95,103,149,156,156,172,226,220,256,238,275,294,313,381,348,365,437,550,423,507,488,497,543,581,632,626,680,658,735,748,691,789,823,771,870,812,835,895,883,834,823,847,888,830,861,905,881,800,868,792,795,794,779,709,732,700,753,665,633,564,613,579,561,522,493,467,454,428,441,403,353,319,323,303,283,267,265,233,259,250,190,225,163,164,146,146,156,114,127,94,110,99,94,86,74,58,63,72,63,71,42,63,44,49,48,39,52,35,42,40,21,25,22,24,18,17,16,17,16,8,9,15,7,9,5,15,6,3,8,9,6,2,0,5,3,4,5,2,1,2,7,2,0,0,0,2,1,0,0,0,0,2,0,1,0,0,0,0,0,0
2,0,1,0,0,1,7,1,1,1,0,2,7,6,8,7,9,6,7,4,3,9,9,12,23,17,56,31,45,30,70,25,36,33,60,65,78,84,95,89,119,92,144,155,178,185,204,175,237,271,257,264,329,307,377,402,410,485,459,462,505,490,582,553,603,605,714,680,732,753,647,766,752,754,787,833,790,877,818,821,843,819,888,780,812,852,791,797,739,765,774,802,707,693,761,640,667,664,599,602,540,554,501,497,468,431,365,411,438,369,314,304,333,282,258,266,236,233,229,238,164,183,137,160,141,141,144,116,109,107,103,81,89,72,63,64,70,53,58,46,39,36,46,40,39,26,33,42,26,31,29,23,22,14,15,19,15,10,10,7,5,11,7,9,9,12,7,14,4,7,6,1,8,6,5,3,4,3,3,1,2,4,1,3,2,1,0,2,1,0,0,0,0,0,0,0,0,0,0,0
0,0,2,0,1,0,3,1,0,2,3,2,1,4,7,6,5,9,5,6,2,5,16,12,21,10,50,36,47,19,64,27,39,35,55,74,67,85,80,93,95,99,142,180,176,160,192,216,265,264,257,277,305,324,334,398,432,481,446,505,521,478,550,554,592,574,668,639,682,704,705,751,790,765,771,811,853,833,844,796,802,812,826,836,823,817,823,829,778,730,734,706,706,713,696,663,650,633,550,563,567,516,445,497,447,416,391,411,382,362,336,308,284,258,251,217,226,208,223,185,149,164,156,151,135,138,119,81,100,76,94,81,73,80,55,68,61,54,45,53,35,42,44,39,33,35,28,27,27,28,20,22,26,11,18,25,10,16,11,11,10,8,2,5,9,9,0,4,5,4,6,1,7,9,4,5,2,4,0,5,2,2,1,0,2,1,2,0,0,0,0,0,0,1,0,0,0,0,0,0
1,0,1,0,1,1,2,0,3,2,2,1,12,6,14,3,14,6,13,4,5,4,7,5,25,16,44,26,43,17,66,26,33,39,38,66,66,76,116,91,97,119,138,159,178,187,199,234,241,241,260,288,315,361,362,438,427,451,442,445,501,459,478,550,570,580,696,671,712,713,687,763,790,729,723,773,810,772,816,827,803,779,790,814,855,742,796,752,725,715,718,618,667,682,685,625,663,600,578,508,546,485,472,423,412,420,398,373,336,378,306,240,251,266,244,231,188,215,195,182,136,141,128,147,123,136,98,86,98,77,84,56,56,72,44,51,53,49,41,45,25,47,41,48,35,33,24,14,16,21,15,27,13,17,16,12,14,11,15,13,10,7,7,6,3,8,4,5,7,5,2,1,0,9,5,4,1,4,1,0,5,0,0,0,0,0,1,1,4,0,0,2,1,0,0,0,0,0,1,0
2,0,1,0,1,2,5,0,0,1,0,3,8,4,2,7,13,3,2,8,6,3,9,5,23,13,48,30,38,19,52,33,40,50,45,61,68,61,88,112,112,106,140,195,155,174,173,205,212,250,234,287,297,356,380,373,407,531,435,463,454,456,521,578,531,584,623,639,682,706,654,686,768,702,759,720,787,762,833,766,809,750,842,781,825,779,722,740,780,678,689,683,589,637,652,600,653,517,511,516,470,496,447,403,377,390,345,361,325,315,278,258,234,243,228,224,197,206,169,193,141,142,102,132,129,115,102,83,96,70,75,74,59,56,42,56,53,49,48,45,33,26,25,28,28,29,25,27,16,20,29,22,17,14,14,15,11,22,11,10,6,8,7,9,5,4,2,2,4,9,6,2,3,3,2,5,0,3,2,3,3,1,1,0,0,1,1,2,1,0,0,0,1,0,0,0,0,0,0,0
1,0,2,0,0,2,2,0,0,2,1,5,8,0,6,8,8,7,6,8,2,4,13,9,23,19,41,31,45,18,50,27,34,42,64,57,85,64,83,106,104,113,154,197,182,187,193,221,208,228,246,261,311,336,330,391,403,468,446,427,535,469,515,541,536,587,630,643,633,692,652,718,710,740,814,725,737,772,755,745,746,747,795,716,766,704,708,717,721,635,704,643,586,599,612,547,606,508,509,463,480,451,425,426,375,394,340,350,324,295,277,239,214,209,203,225,179,194,175,160,134,133,119,117,125,102,112,75,61,81,65,60,46,39,50,41,42,42,49,39,25,31,25,29,37,25,20,15,23,19,16,16,25,10,7,11,12,5,9,13,5,9,2,7,4,3,4,7,5,3,4,1,4,5,2,6,0,4,2,1,1,0,3,1,0,2,0,1,2,0,0,0,0,3,1,0,0,0,0,0
1,0,0,0,0,2,1,1,2,5,0,1,8,4,9,4,8,2,6,4,6,2,16,9,30,8,37,35,47,29,57,20,25,34,50,69,58,73,95,91,136,101,149,196,187,164,188,199,222,237,250,269,304,329,362,396,447,482,408,438,509,452,510,528,521,550,642,657,677,666,676,672,725,710,715,733,718,734,764,726,765,738,683,747,736,691,674,726,692,611,670,635,577,576,583,534,502,514,467,454,467,439,417,371,357,339,326,297,290,294,281,237,225,180,189,164,156,168,147,146,117,139,85,104,104,97,72,77,72,54,55,46,42,50,35,41,36,30,29,32,26,20,15,30,28,21,19,17,10,20,22,17,13,4,12,8,8,11,7,9,10,5,8,8,6,4,5,3,7,8,5,2,1,5,1,6,2,1,3,2,1,1,3,0,1,2,0,0,2,0,0,1,0,0,1,0,0,0,1,0
2,0,0,0,1,2,7,1,0,2,1,2,3,3,4,6,10,6,9,4,2,6,16,10,18,12,49,25,42,28,65,22,45,43,59,51,64,67,96,80,100,98,136,152,203,167,183,212,232,236,267,287,300,310,360,410,416,480,420,413,456,486,533,548,529,567,674,645,621,676,617,728,669,669,734,683,771,713,761,719,740,635,706,696,688,708,645,668,613,665,627,604,589,578,576,513,532,499,427,428,432,423,363,384,321,289,300,342,230,254,248,249,188,185,162,164,163,151,159,139,111,111,75,102,98,84,91,64,74,57,58,55,45,52,41,48,34,26,32,33,22,27,17,27,26,24,23,11,17,17,7,12,11,6,16,13,9,8,8,11,8,5,6,6,6,5,3,3,5,2,3,1,2,3,4,2,4,2,3,3,1,3,2,0,2,2,3,2,1,0,2,0,0,0,0,0,0,0,0,0
2,0,0,0,1,2,5,1,0,1,0,1,4,8,6,4,12,6,5,3,3,4,7,9,21,22,41,26,37,31,54,18,41,36,51,54,75,75,89,94,108,105,133,185,168,157,194,204,246,245,255,262,279,323,355,395,398,456,421,450,472,465,543,532,549,550,627,622,623,644,625,690,740,620,708,690,705,692,719,665,692,650,734,672,684,649,655,671,675,589,611,609,542,538,552,463,522,441,446,402,414,426,332,313,322,287,289,276,264,249,241,187,186,183,148,149,128,149,162,144,105,106,91,99,78,95,50,56,53,60,61,41,42,47,36,33,34,28,27,37,29,27,12,17,23,19,23,13,13,19,18,13,10,11,7,13,8,13,7,9,6,2,3,6,0,5,3,3,4,7,2,5,3,8,2,1,0,2,0,0,6,0,1,0,1,0,1,1,0,0,1,0,0,0,0,0,0,0,0,0
2,0,1,0,0,2,2,1,7,3,1,1,5,3,8,5,16,4,4,6,1,3,9,12,26,12,28,32,48,29,64,18,36,41,54,66,63,75,91,85,111,111,142,192,168,180,196,168,234,239,260,283,299,365,334,357,395,464,436,453,451,431,501,509,534,572,607,592,618,684,613,680,690,611,699,654,715,683,697,648,737,640,681,658,701,626,646,613,611,586,621,542,522,525,540,505,485,421,406,428,389,368,341,342,311,287,269,268,259,210,225,207,157,176,161,155,132,128,119,119,79,120,69,80,79,74,64,49,53,39,49,48,38,33,30,28,25,25,33,25,25,16,19,25,22,20,15,10,9,18,15,10,13,6,10,11,6,9,5,11,2,5,6,5,4,4,4,6,3,2,1,1,4,3,1,2,2,0,3,2,1,2,0,0,0,0,0,0,0,0,0,0,0,1,0,0,0,0,1,0
1,0,1,0,1,1,3,1,1,3,1,0,7,3,9,2,9,7,14,2,3,3,12,9,19,12,42,24,32,24,60,34,22,33,47,65,66,82,103,86,108,104,127,173,184,162,181,194,255,189,257,266,286,314,351,391,382,467,409,425,475,414,468,509,486,494,591,588,598,640,606,628,642,608,635,667,656,665,728,616,657,616,626,578,669,687,628,647,594,527,591,535,565,530,512,462,487,434,394,366,358,346,301,314,267,266,270,259,236,235,196,173,153,164,143,167,125,143,114,115,79,98,64,82,61,65,59,54,60,39,61,45,32,28,29,37,30,27,22,21,24,21,11,21,11,11,9,9,11,17,14,8,7,6,10,8,3,7,6,5,6,5,3,4,3,1,1,3,5,4,2,0,3,4,2,2,1,1,0,1,4,1,2,0,0,1,1,0,0,0,1,2,0,1,0,0,0,0,1,0
1,0,0,0,2,6,2,2,1,1,0,1,9,3,5,4,4,2,7,6,2,4,14,7,28,14,35,34,39,31,60,27,39,45,50,62,74,69,87,94,105,97,145,179,142,178,184,200,228,239,243,246,258,328,344,380,374,443,383,403,443,411,478,477,500,518,555,565,636,580,584,706,629,596,648,612,645,659,657,637,659,589,628,617,640,563,575,598,557,512,512,486,517,507,478,419,435,411,380,382,387,343,279,301,302,236,229,216,210,181,211,155,156,143,148,128,106,132,129,108,89,90,71,63,66,72,54,51,41,40,45,39,42,32,20,30,28,23,18,16,19,16,12,20,23,20,7,8,10,12,7,7,5,6,11,6,4,6,11,9,4,1,4,5,2,5,1,3,2,5,3,1,7,5,2,3,1,0,1,1,3,1,4,1,0,0,2,0,3,0,0,0,0,2,2,0,0,0,0,0
1,0,0,0,3,2,4,0,1,3,0,1,5,2,9,5,12,3,11,4,8,5,17,9,27,16,34,30,37,38,62,29,36,37,45,54,63,77,99,80,95,93,134,156,162,151,153,184,251,237,232,264,286,305,322,360,412,432,389,394,425,401,425,493,504,519,625,581,566,606,558,631,624,631,609,612,626,633,687,601,595,631,659,573,595,600,569,559,527,510,492,479,493,448,490,367,432,404,378,320,338,332,325,267,260,193,219,251,209,184,184,140,143,134,141,131,131,111,98,102,88,85,54,70,65,51,52,32,41,51,40,36,23,19,28,19,14,19,15,19,16,24,14,19,10,10,8,9,17,11,12,9,4,4,7,12,4,8,5,6,5,4,3,4,0,6,2,0,4,2,1,1,3,3,2,3,0,1,1,0,1,0,1,1,0,0,0,1,0,0,1,0,0,0,0,0,0,0,0,0
1,0,1,0,0,1,2,0,0,2,1,0,5,3,9,4,9,3,11,10,2,3,3,7,15,21,36,30,54,31,65,28,48,37,44,53,62,70,110,71,105,99,124,147,159,143,152,186,246,196,231,258,256,275,336,358,394,439,378,397,418,408,479,493,499,516,536,575,565,596,578,611,619,595,634,576,628,612,651,614,603,598,586,575,570,593,539,531,512,504,494,487,456,428,444,368,381,368,351,288,329,314,273,276,262,210,227,227,196,176,167,150,116,142,112,104,116,106,96,90,44,60,67,64,46,58,49,33,45,31,41,31,28,35,26,27,23,18,21,13,18,9,14,16,23,6,9,7,9,6,5,7,10,3,5,5,2,6,3,0,4,5,1,3,3,2,1,2,5,3,2,0,1,1,4,1,0,0,1,0,3,0,0,1,0,1,0,0,0,0,1,0,1,0,0,0,0,0,0,0
1,0,1,0,1,1,4,0,1,0,0,2,9,3,11,6,9,5,8,15,3,4,10,5,19,13,44,29,32,21,66,24,39,42,47,51,62,71,91,80,104,101,132,154,162,148,184,187,182,231,212,254,252,299,329,315,361,398,398,404,438,437,402,461,462,481,539,531,570,559,518,645,639,600,618,570,600,648,627,532,608,611,612,541,596,583,493,537,497,471,483,452,417,446,411,358,428,357,360,314,358,275,255,255,245,240,201,163,210,170,163,141,149,115,110,133,92,107,89,86,67,53,39,61,60,58,63,42,44,35,27,28,12,20,27,25,17,19,15,14,16,20,18,7,6,7,9,10,8,13,4,4,8,9,6,7,6,7,6,8,6,1,1,0,2,4,5,1,1,2,2,2,1,1,3,1,1,2,1,0,3,0,3,2,0,0,2,0,1,0,0,1,0,1,0,0,0,0,0,0
2,0,0,0,1,0,3,0,1,2,1,2,3,3,4,4,12,5,8,7,3,5,8,11,14,10,43,26,38,21,60,30,33,45,42,61,66,69,78,82,91,92,102,163,168,165,181,177,188,203,252,246,241,336,320,357,323,434,355,388,394,403,482,456,483,514,586,509,522,554,515,589,561,562,585,574,568,532,590,613,583,546,573,514,557,524,493,490,514,445,420,454,417,372,438,372,344,339,327,299,282,296,268,216,222,224,205,236,162,160,155,113,114,117,115,89,92,97,81,72,51,74,56,47,50,48,40,40,37,28,40,32,14,29,28,24,15,14,15,9,12,15,10,13,12,6,1,7,8,12,8,8,7,5,9,9,5,7,1,4,6,5,3,4,1,2,3,2,0,3,0,0,2,0,3,3,1,0,0,3,0,1,0,0,1,1,1,0,1,0,0,1,0,0,0,0,0,0,0,0
1,0,1,0,1,1,1,0,0,0,0,0,7,5,10,1,11,3,8,6,5,10,11,7,20,22,44,22,42,28,51,25,27,45,40,68,63,59,90,76,98,104,125,164,162,137,179,191,229,204,237,245,256,309,302,357,363,375,355,388,373,365,409,448,460,442,539,521,541,521,497,579,543,574,555,571,559,557,569,514,560,542,564,498,549,526,480,534,471,445,423,439,407,394,391,348,352,324,288,259,327,255,239,210,195,225,186,187,164,159,152,115,121,114,126,122,83,74,99,79,72,60,39,41,39,37,43,37,34,22,35,27,17,15,21,12,27,7,14,17,12,6,10,13,11,13,8,8,7,7,6,2,6,5,5,6,7,6,3,1,0,5,1,5,5,0,2,4,3,0,1,0,3,3,3,6,0,2,0,0,1,3,1,0,1,1,0,0,0,0,0,2,0,1,0,0,0,0,0,0
0,0,1,0,1,6,4,0,3,0,0,1,9,3,4,5,15,4,5,9,2,1,10,3,21,22,33,31,51,19,59,16,40,41,42,53,71,64,92,88,99,99,135,162,149,133,168,173,200,194,219,231,238,323,307,324,324,414,360,378,407,382,434,433,461,426,555,472,503,533,494,501,534,537,553,524,529,536,539,533,508,525,551,491,557,495,492,519,459,431,455,410,362,412,364,337,362,284,269,244,268,233,244,213,206,212,177,166,166,143,134,117,106,114,78,94,85,90,65,72,48,63,53,42,51,39,40,29,22,31,29,24,23,20,22,12,15,15,25,15,12,11,11,11,13,9,8,6,4,11,4,8,0,2,5,7,4,3,1,5,2,2,2,4,2,3,2,1,2,2,3,0,1,3,1,2,0,1,1,0,1,0,0,0,0,1,0,0,1,0,0,0,0,1,0,0,0,0,0,0
0,0,2,0,0,1,2,0,0,0,0,5,6,4,8,6,11,4,7,5,1,3,4,6,16,20,41,30,34,24,73,29,35,37,35,43,67,65,89,70,101,99,131,142,154,144,155,175,212,195,194,239,230,260,285,336,343,374,348,363,408,376,374,420,448,462,517,521,503,498,500,550,576,519,513,535,589,512,554,470,552,460,508,458,481,510,412,483,437,422,415,388,331,378,361,337,338,293,294,243,243,248,233,206,200,189,138,151,165,145,97,99,100,87,89,86,79,67,82,69,39,71,48,54,34,51,37,37,34,28,32,19,14,15,12,20,21,16,15,10,6,7,12,10,9,5,4,6,7,7,5,7,4,3,1,5,1,2,1,4,3,3,2,0,3,1,1,0,2,1,0,0,3,1,0,1,0,1,0,1,2,1,1,1,0,1,0,1,0,0,3,0,1,1,0,0,0,0,0,0
4,0,2,0,1,2,1,1,1,0,1,3,5,2,7,7,7,4,4,6,4,3,9,3,19,13,48,27,34,26,62,21,24,33,50,43,53,75,90,87,100,116,127,176,138,157,149,200,195,198,238,218,222,244,293,308,325,384,337,359,378,408,410,427,438,427,498,497,514,525,478,521,569,536,498,515,487,519,535,506,535,513,494,451,437,468,448,455,444,412,417,374,388,363,354,312,307,297,281,253,228,213,193,232,194,182,157,153,152,138,134,79,96,89,89,86,78,65,69,80,48,50,35,37,28,45,37,19,29,26,27,21,15,19,14,20,11,12,8,10,11,5,5,8,7,11,5,2,5,5,4,7,3,4,2,3,2,3,7,5,0,1,2,0,1,4,0,2,2,2,2,1,0,1,2,2,0,1,0,1,0,0,0,1,0,0,0,0,0,0,0,1,0,1,0,0,0,0,1,0
0,0,1,0,0,2,3,1,0,0,1,1,6,6,4,3,6,2,7,8,3,5,6,10,22,6,48,27,40,20,64,19,39,31,52,59,75,80,91,98,79,103,116,130,134,149,152,171,183,183,202,208,252,290,267,310,323,405,306,371,393,352,361,431,389,417,464,492,495,475,485,566,517,486,522,488,482,510,521,461,515,462,422,456,456,471,439,415,357,427,360,353,331,322,300,294,302,279,273,252,228,234,175,188,163,149,148,163,165,123,117,112,91,81,93,68,72,60,74,46,35,59,35,39,38,42,38,19,31,23,26,22,11,14,14,22,11,11,14,9,5,7,4,9,9,5,2,7,7,3,7,6,2,1,8,3,3,6,2,4,3,1,6,0,0,0,1,1,1,3,1,0,2,1,1,0,0,0,1,2,0,0,0,0,1,0,0,0,4,0,1,0,0,0,0,0,0,0,0,0
0,0,1,0,1,3,2,0,0,0,0,0,6,2,5,4,5,4,8,8,4,3,5,4,20,14,32,15,37,19,61,22,36,40,29,46,71,68,67,67,94,99,117,158,145,128,144,175,193,184,232,196,272,262,286,294,302,395,298,384,356,354,393,398,397,377,473,479,491,468,448,489,431,480,504,516,470,555,511,463,465,439,501,443,435,446,414,400,386,396,357,369,314,296,337,319,258,267,258,201,240,199,180,202,172,174,126,141,108,127,131,93,83,107,94,79,75,73,62,42,38,58,34,41,27,23,30,19,26,15,25,19,22,18,7,18,10,10,7,8,3,9,9,7,9,5,4,3,3,1,6,3,3,5,4,6,2,4,1,1,4,3,1,1,1,0,0,1,1,0,3,0,1,4,0,2,0,3,1,0,1,0,1,0,1,2,1,0,2,0,0,0,0,0,0,0,0,0,0,0
0,0,0,0,0,2,1,0,3,3,0,1,4,7,8,5,8,9,8,6,2,4,3,5,14,15,38,24,40,12,60,17,29,42,44,45,50,51,74,61,94,85,112,145,145,129,172,192,186,167,206,224,245,267,277,299,341,362,313,316,369,346,382,389,367,415,458,448,495,477,466,473,476,460,528,475,440,446,475,430,429,417,484,392,460,468,367,398,345,355,350,346,335,297,309,249,303,224,254,223,214,201,182,169,175,162,154,127,114,99,118,111,73,62,72,80,41,49,55,72,47,30,44,41,35,37,33,19,19,21,13,10,12,16,13,6,9,9,9,13,9,12,1,12,6,3,4,4,11,4,4,5,6,3,3,3,1,2,4,3,1,1,0,2,2,0,3,1,0,2,0,0,2,0,2,0,0,1,0,1,1,2,0,0,0,1,0,0,1,0,1,0,0,1,0,0,0,0,0,0
1,0,3,0,0,1,0,1,0,0,0,0,8,5,7,1,5,2,5,5,4,1,11,8,21,13,41,22,28,25,49,30,27,34,32,38,72,59,74,85,97,83,122,161,159,149,167,184,168,210,192,205,241,255,259,334,319,365,331,325,337,350,377,385,358,436,476,468,451,415,458,454,531,451,493,482,452,459,523,439,502,439,417,395,406,382,375,402,401,368,340,322,300,311,309,255,252,222,225,232,205,200,156,167,166,129,157,126,118,95,94,73,83,63,76,74,39,54,59,58,50,46,37,36,30,24,22,23,16,22,18,12,16,12,11,11,14,15,8,4,4,12,5,7,5,8,5,3,6,2,2,3,3,2,3,3,3,3,3,0,2,2,2,0,0,1,3,1,0,2,2,1,2,1,0,3,1,0,0,1,0,1,1,0,0,0,0,0,1,0,0,0,0,0,0,0,0,0,0,0
2,0,1,0,1,2,3,0,0,0,1,2,1,2,8,7,9,2,2,5,4,3,5,8,12,8,44,25,41,20,48,27,30,41,40,45,63,47,73,67,100,93,106,121,151,142,166,174,185,192,218,209,223,235,258,326,285,351,296,333,358,313,406,381,425,385,477,429,416,449,417,477,475,429,475,466,465,425,451,412,434,412,409,395,413,407,350,395,324,362,286,299,288,288,260,263,265,215,226,185,226,183,175,167,159,144,129,126,115,97,101,77,74,77,71,66,64,49,66,43,34,29,36,32,27,29,21,24,19,20,13,9,17,14,7,6,9,10,11,13,7,5,1,4,5,2,4,1,6,3,2,2,6,3,3,2,1,4,4,2,1,2,2,0,0,0,0,1,1,0,0,1,2,2,1,1,0,0,0,1,0,2,0,0,0,1,2,0,1,0,1,0,0,0,0,0,0,0,1,0
0,0,0,0,0,3,2,0,0,2,0,2,7,3,11,2,5,3,2,6,4,6,5,6,12,12,38,32,36,21,47,20,25,33,39,38,52,67,71,59,77,79,114,149,141,156,152,186,189,173,209,220,231,233,244,248,308,341,328,339,353,304,400,386,420,379,451,397,414,487,388,438,458,387,443,409,453,452,477,404,413,391,394,383,386,367,366,347,339,330,300,311,277,258,263,233,222,229,209,198,205,183,157,131,164,106,129,108,111,89,101,68,77,67,49,60,57,62,41,55,30,40,26,31,24,21,15,19,15,20,12,14,11,11,19,12,12,2,12,10,5,7,6,10,4,6,1,5,2,1,2,6,3,1,1,4,0,6,1,4,1,2,2,1,2,2,5,1,1,2,0,0,2,0,2,1,1,0,0,0,2,1,0,1,0,1,0,0,0,0,0,0,0,0,0,0,0,0,0,0
1,0,1,0,2,2,1,1,0,2,0,1,2,1,10,5,8,8,3,5,4,7,3,9,16,12,38,26,36,24,57,29,22,30,50,50,50,45,68,59,89,78,102,157,136,132,148,156,210,158,199,179,229,271,266,266,313,322,289,292,325,319,308,378,376,376,430,438,426,399,367,431,426,422,436,423,407,412,428,423,407,380,386,341,406,365,325,318,315,353,303,297,251,277,278,259,244,217,200,191,192,170,138,141,141,145,121,103,123,88,91,76,85,57,49,62,40,53,43,45,29,37,27,27,26,29,28,19,21,21,15,14,9,13,10,10,6,5,8,4,5,5,4,9,6,5,0,3,1,3,3,3,4,3,0,2,6,0,2,1,5,3,3,1,0,2,2,0,2,0,2,2,0,0,0,0,0,0,2,2,1,0,0,0,1,0,1,1,0,0,0,0,0,0,0,0,0,0,0,0
1,0,3,0,2,3,5,0,0,0,2,2,4,2,7,6,8,6,4,7,2,4,11,9,14,13,42,19,30,25,46,23,27,33,42,45,54,53,65,73,64,68,96,148,129,120,146,153,174,149,196,167,225,237,256,287,304,326,279,323,340,305,362,331,371,369,403,398,427,436,381,448,430,360,436,422,423,400,418,408,388,351,375,372,381,337,296,332,328,279,286,299,258,237,256,251,203,179,176,171,172,149,153,147,115,111,100,113,89,92,94,61,56,57,56,58,41,48,35,27,25,25,17,21,20,23,21,17,14,22,14,10,9,3,8,9,6,4,2,7,3,6,7,6,5,3,4,2,2,4,3,1,2,4,3,4,3,3,0,1,3,3,0,0,0,0,2,2,0,2,0,0,2,2,1,0,3,0,0,1,1,0,0,0,0,0,0,1,1,0,0,0,0,0,0,0,0,0,0,0
5,0,1,0,2,4,1,0,0,1,0,1,0,3,9,7,8,5,8,3,3,3,9,13,19,10,39,26,40,18,53,27,28,26,46,59,45,62,70,63,74,67,103,139,135,132,143,168,173,173,174,173,206,228,233,256,287,305,308,319,335,301,355,369,364,353,424,428,397,410,366,407,428,403,423,423,398,420,425,346,371,358,380,339,332,339,330,320,326,294,275,246,233,245,238,207,239,201,159,160,152,172,131,129,137,122,96,118,107,84,88,68,68,54,64,52,40,42,40,28,24,34,21,25,20,22,18,27,26,11,12,12,10,11,8,7,6,5,7,7,3,2,7,5,3,2,4,2,5,2,4,4,4,0,2,3,3,2,2,0,0,0,2,1,0,1,0,0,1,1,0,0,0,0,0,1,0,0,1,0,0,0,1,0,0,1,0,1,0,0,1,0,0,0,0,0,0,0,0,0
0,0,0,0,1,1,4,0,1,1,0,1,2,2,6,2,10,6,11,9,2,5,6,7,15,23,35,23,37,21,50,26,28,29,40,39,45,54,56,73,80,67,114,117,134,105,158,173,158,166,170,161,232,257,236,253,271,288,294,283,315,298,299,357,348,352,411,388,376,370,356,424,405,394,428,397,428,391,367,400,351,344,357,358,353,326,314,305,290,269,288,250,223,242,244,208,217,207,163,159,146,151,121,125,114,120,103,103,75,78,64,60,52,48,45,46,42,42,31,25,17,28,19,16,26,21,14,20,22,9,16,9,5,6,5,7,7,11,9,4,7,7,4,2,3,2,2,3,1,3,1,0,3,4,1,0,1,0,0,1,1,2,5,1,0,0,0,2,1,0,1,0,0,1,1,0,0,2,0,0,1,2,0,0,0,0,1,0,0,0,0,0,0,0,0,0,0,0,1,0
1,0,1,0,2,0,4,1,1,0,0,2,1,2,2,3,9,6,8,4,0,4,10,3,20,13,35,20,42,33,50,23,28,23,60,47,49,54,84,49,74,84,99,130,107,110,121,134,173,161,153,179,203,224,250,265,306,292,272,292,308,283,313,329,338,365,395,375,401,374,361,371,383,393,386,376,380,327,384,328,349,340,372,275,336,319,278,298,280,259,243,252,203,247,233,209,195,175,163,148,139,150,100,112,111,100,108,78,100,77,72,71,48,63,52,39,32,45,42,35,26,25,26,23,19,15,25,12,18,13,13,11,8,8,11,7,8,7,6,8,4,5,2,3,0,2,3,1,5,3,4,2,3,3,1,3,1,1,1,1,1,0,0,1,0,1,1,1,0,0,1,0,0,1,0,0,0,1,0,0,1,0,1,0,0,0,0,1,0,0,0,0,0,1,0,0,0,0,0,0
1,0,0,0,1,0,1,0,2,4,1,3,4,5,9,1,9,6,7,0,1,2,2,7,14,9,18,29,32,18,40,18,31,21,33,41,55,52,60,77,83,61,99,135,87,122,130,148,168,169,161,161,193,235,234,225,257,253,248,266,282,288,314,314,342,341,438,351,367,386,366,399,369,405,384,346,365,355,345,337,346,344,370,283,305,302,275,278,282,235,267,225,194,234,219,195,192,160,143,119,132,148,136,113,93,101,79,83,76,80,61,67,64,46,50,45,37,44,42,28,21,23,21,22,27,17,14,12,18,5,16,7,11,6,5,10,5,5,7,4,5,4,2,5,4,3,3,1,1,2,2,3,3,1,1,1,3,3,2,0,1,2,1,0,0,1,0,0,0,0,0,0,1,0,0,0,0,1,0,1,2,0,0,0,0,0,0,0,0,0,0,0,0,0,0,0,0,0,0,0
3,0,2,0,2,0,2,0,1,1,0,1,2,1,9,3,6,4,5,7,3,2,3,7,22,11,32,16,39,24,55,23,25,21,44,48,56,47,67,59,75,61,104,115,121,101,117,126,155,161,187,154,204,214,222,262,273,304,253,263,303,281,337,324,325,341,387,334,375,368,359,361,340,352,358,369,355,365,341,340,352,315,307,324,299,298,272,325,263,255,248,216,225,217,184,206,178,191,166,111,137,131,113,119,101,126,74,75,95,70,73,66,48,56,44,32,45,34,30,28,15,19,20,21,14,15,14,7,10,5,12,10,3,6,4,5,5,4,9,8,5,1,1,1,3,4,3,4,0,2,3,0,1,3,0,2,0,1,0,0,1,0,0,1,0,1,0,0,0,0,1,0,0,0,1,0,0,0,0,0,1,0,1,0,0,1,0,0,0,0,0,0,0,0,0,0,0,0,0,0
1,0,0,0,0,1,2,0,0,2,1,1,6,3,8,4,4,6,6,9,0,2,6,8,15,12,34,23,23,17,40,19,28,21,31,47,39,55,61,72,95,71,99,108,119,123,125,156,129,127,155,183,194,201,232,245,247,254,239,259,299,257,312,314,337,302,351,355,342,341,326,380,338,344,372,328,349,352,350,302,308,299,318,309,305,291,263,285,272,230,215,214,217,227,183,189,176,158,159,131,126,133,107,108,110,81,92,81,87,68,64,72,64,37,48,40,32,31,29,27,28,14,21,15,18,15,20,8,15,13,5,4,5,4,8,5,9,4,2,4,2,1,2,3,5,1,1,0,1,3,0,0,1,0,0,0,0,1,0,0,0,0,1,0,0,1,0,0,1,1,0,2,0,0,0,1,0,1,1,1,0,0,0,0,0,0,0,0,0,0,2,0,0,0,0,0,0,0,0,0
1,0,2,0,0,0,0,0,1,1,0,3,5,2,7,5,5,5,7,8,3,3,13,10,11,10,32,25,20,19,61,29,23,28,24,54,40,53,53,73,76,75,78,118,125,113,138,142,153,151,166,188,160,206,211,228,237,269,254,266,254,264,290,296,278,309,330,348,343,337,350,334,321,318,383,342,336,332,308,305,283,270,302,274,260,283,241,275,225,257,221,201,218,209,195,143,155,135,139,117,133,124,109,124,88,80,80,73,70,52,53,51,41,42,38,37,25,26,34,24,32,29,19,23,10,20,14,3,12,11,11,11,6,4,5,6,5,5,0,3,9,3,4,7,2,4,1,0,0,0,3,3,3,0,0,1,1,3,0,1,0,1,1,0,2,0,2,2,1,1,1,0,0,0,0,1,0,1,0,1,0,1,2,0,0,0,0,1,1,0,0,0,0,0,0,0,0,0,0,0
0,0,0,0,1,1,1,1,0,1,1,1,6,1,5,1,4,6,5,4,2,0,7,5,16,11,31,24,27,23,48,23,24,33,37,44,51,58,65,65,79,62,92,109,109,98,124,148,138,142,170,159,172,256,200,213,260,312,278,254,279,263,260,272,296,298,321,329,326,340,309,362,359,356,329,341,343,322,346,331,311,312,279,280,279,252,258,228,213,235,208,225,186,177,192,187,174,155,122,120,100,110,90,102,77,80,70,80,71,72,50,43,47,47,43,31,36,39,32,30,26,18,19,17,17,13,9,11,13,15,10,15,6,4,5,6,4,4,3,3,4,3,2,3,4,0,1,2,0,1,2,0,1,1,0,1,0,0,0,2,0,0,0,1,0,0,0,0,1,0,0,1,0,1,0,1,0,1,0,1,2,0,0,0,0,0,0,0,2,0,1,0,0,1,0,0,0,0,0,0
2,0,0,0,0,3,0,0,1,1,0,0,4,2,1,4,5,4,3,4,1,1,4,6,19,8,34,21,35,8,61,24,18,27,41,43,45,42,47,47,54,75,117,108,118,110,109,126,136,141,142,160,199,225,210,226,252,245,268,238,246,244,272,312,267,325,309,305,316,313,292,333,304,326,274,339,305,347,331,328,277,260,281,265,282,274,270,227,218,189,230,180,201,155,181,166,133,147,144,110,101,124,103,109,91,69,75,77,64,64,63,40,44,38,44,33,31,31,37,23,26,21,15,15,12,16,12,9,11,11,11,9,2,5,0,5,4,2,4,5,2,3,4,3,1,1,0,3,1,1,1,1,1,1,1,0,0,1,0,1,0,1,1,1,1,1,0,1,0,1,0,1,1,0,1,1,0,0,0,0,0,0,0,0,0,1,0,1,0,0,0,0,0,0,0,0,0,0,0,0
0,0,1,0,0,0,1,0,0,0,0,0,1,3,9,3,8,2,6,3,1,6,10,7,11,15,19,18,31,14,42,22,30,22,43,46,50,53,58,50,68,66,71,123,111,100,111,117,144,148,146,168,179,177,197,231,238,252,217,256,258,221,253,265,286,292,313,288,354,305,267,329,332,302,326,286,283,308,334,302,249,243,254,264,266,249,226,226,232,189,215,196,160,172,167,164,154,133,120,108,118,103,84,81,80,72,56,68,62,67,46,49,39,43,27,31,22,22,24,19,17,14,13,18,10,10,9,6,7,3,14,5,8,6,6,7,3,0,6,3,2,1,1,4,2,2,2,2,0,2,1,0,0,0,0,2,1,2,0,1,0,0,0,1,0,2,0,0,1,0,0,0,0,1,0,1,0,0,0,0,0,1,0,0,0,1,2,0,0,0,0,0,0,0,0,0,0,0,0,0
0,0,2,0,0,0,2,0,2,0,1,1,9,3,5,6,7,2,7,6,2,3,10,4,10,11,33,22,28,18,42,11,28,20,39,45,45,50,48,73,66,65,104,135,115,121,106,147,124,145,133,165,173,202,176,209,247,253,225,263,252,263,263,242,291,275,303,324,301,305,284,312,310,312,330,283,285,289,319,291,286,241,252,268,251,250,232,234,197,193,221,184,165,152,149,122,137,130,117,102,115,104,109,90,85,86,59,58,61,63,55,42,45,31,35,28,17,22,22,22,14,14,14,12,15,14,8,10,12,3,13,6,4,3,2,4,2,3,1,2,2,5,2,3,3,2,3,1,1,1,1,0,2,1,1,1,0,0,1,1,0,2,0,1,0,2,0,1,0,0,0,0,1,0,0,0,0,0,0,0,1,2,1,0,0,0,0,0,0,0,0,0,0,0,0,0,0,0,0,0
1,0,0,0,0,0,1,0,1,0,2,0,3,2,5,4,8,4,5,5,3,1,7,9,16,15,31,14,18,17,41,22,22,27,38,36,33,37,51,41,63,79,78,105,89,108,109,125,135,134,145,150,176,188,183,213,199,233,215,217,229,251,246,258,252,298,313,303,280,347,249,308,285,278,297,305,280,281,278,274,261,239,276,220,245,225,199,214,207,181,200,171,168,187,159,143,154,131,109,98,96,90,87,77,81,81,73,48,52,49,54,33,37,36,31,30,33,18,22,18,19,12,10,9,9,15,12,7,12,3,7,11,2,2,3,7,2,4,2,0,3,1,3,3,1,1,3,0,1,1,0,1,1,0,1,0,0,0,1,0,1,1,2,0,0,0,0,0,1,1,0,0,0,1,0,1,1,2,0,0,0,0,0,0,0,0,0,0,0,0,0,0,0,0,0,0,0,0,0,0
0,0,0,0,0,2,1,0,0,2,2,0,3,2,5,0,3,7,3,4,6,3,2,10,9,9,25,27,30,22,41,17,25,26,31,45,42,40,55,68,63,55,85,88,101,84,101,110,142,148,150,143,138,168,184,207,227,245,211,222,237,211,253,261,252,260,280,263,271,265,272,291,290,283,303,257,286,261,280,272,241,212,241,260,252,239,183,219,204,190,199,179,165,141,156,127,126,122,125,93,103,87,72,73,77,61,60,52,59,42,45,31,35,25,41,18,28,21,26,12,12,17,9,10,13,11,8,7,9,6,5,4,6,8,5,4,0,3,5,3,1,1,1,2,0,2,1,1,4,3,3,1,2,0,0,0,0,1,0,3,1,0,0,0,0,0,1,0,1,1,0,0,1,0,0,0,0,0,0,0,0,0,0,0,0,0,0,0,0,0,0,0,0,1,0,0,0,0,0,0
1,0,0,0,1,2,3,0,0,1,0,1,6,2,8,4,8,10,5,4,2,4,9,11,20,15,34,25,26,14,45,14,21,32,28,38,38,39,48,48,72,54,85,99,101,102,101,113,113,122,141,130,157,184,200,190,214,242,215,209,235,210,234,245,248,295,295,294,281,333,235,292,287,245,305,264,258,261,269,237,279,262,241,229,251,205,226,188,181,186,164,166,140,152,141,131,143,103,101,91,93,92,88,68,75,53,54,43,60,45,33,35,40,32,32,22,29,28,19,27,21,17,12,12,5,9,10,10,13,6,12,7,5,3,5,6,4,0,2,2,1,3,0,3,1,0,2,2,0,1,0,3,0,0,0,1,1,0,1,0,1,0,0,0,0,1,0,0,0,1,0,0,0,1,1,0,1,0,0,0,0,0,0,0,0,1,0,0,0,0,0,1,0,0,0,0,0,0,0,0
0,0,0,0,2,1,2,0,2,0,0,2,2,1,10,2,3,3,0,7,1,7,2,3,15,7,30,18,19,20,43,19,19,17,33,27,34,48,58,48,62,60,79,101,99,111,86,112,136,108,125,135,136,194,196,177,207,228,210,204,241,206,241,243,264,256,295,285,292,258,245,304,273,261,291,263,282,263,265,260,238,201,235,205,211,212,154,203,191,184,175,139,141,140,139,130,111,96,86,100,92,85,86,72,54,62,64,50,48,55,42,39,29,32,26,34,26,20,21,18,11,13,13,12,11,6,8,7,9,5,8,4,2,0,4,5,0,2,2,0,4,1,0,4,1,2,2,0,2,0,0,0,1,2,0,2,0,1,3,1,1,0,1,1,0,0,0,0,0,0,0,1,1,1,0,0,0,0,0,1,1,0,0,0,0,0,0,0,1,0,2,0,0,0,1,0,0,0,1,0
0,0,0,0,1,2,3,0,0,0,2,2,3,3,1,2,13,1,3,2,4,5,1,5,11,17,21,20,26,23,46,12,23,24,35,35,37,41,67,50,60,57,86,96,82,93,111,107,133,134,128,140,172,152,189,191,210,226,191,219,227,225,262,246,216,229,265,260,264,309,243,267,309,273,271,266,241,273,232,254,238,215,243,191,214,208,181,200,185,165,191,146,135,147,139,131,119,128,96,78,69,84,66,66,72,58,56,57,52,46,38,34,37,28,26,30,27,17,16,10,12,20,5,11,5,8,13,6,5,4,4,4,5,6,4,2,1,3,1,2,0,1,3,2,0,0,3,1,1,3,0,2,0,1,0,0,1,0,1,1,0,0,1,1,1,0,0,0,0,0,0,0,0,1,0,0,0,0,0,0,1,0,0,0,0,0,0,0,1,0,0,0,0,0,0,0,0,0,0,0
0,0,0,0,0,0,1,1,0,1,0,1,3,4,7,5,3,3,5,3,0,1,12,5,11,9,32,23,26,14,35,14,20,22,32,36,32,34,52,46,55,51,60,96,89,96,105,110,107,135,139,128,140,164,161,174,170,232,199,184,221,203,225,257,236,255,228,239,241,253,231,266,237,259,288,262,258,256,259,256,243,214,222,161,179,201,193,187,173,161,162,142,113,136,123,118,113,109,100,86,79,89,76,72,69,56,51,47,40,44,54,35,30,23,21,17,22,19,15,17,10,16,4,11,11,8,9,4,4,6,8,5,5,5,4,1,3,4,0,1,0,1,0,2,0,2,2,0,2,1,0,2,0,0,0,2,0,0,0,1,0,0,0,0,0,0,0,0,0,0,0,0,0,0,1,1,0,0,0,0,2,0,0,0,0,1,0,0,0,0,0,1,0,0,0,0,0,0,0,0
1,0,0,0,0,2,1,0,0,0,0,0,3,1,5,4,7,4,1,4,2,3,3,5,13,11,29,18,19,18,44,7,18,22,25,39,39,42,40,51,61,66,67,77,72,88,102,118,108,125,137,103,131,177,171,174,176,211,191,222,188,216,217,232,240,198,277,217,236,234,255,262,281,232,230,248,254,244,232,226,207,190,211,195,200,183,186,180,180,150,166,163,139,119,120,91,114,113,85,101,84,72,60,69,73,46,42,34,46,36,38,25,21,26,15,17,27,26,19,14,11,14,8,15,6,11,6,1,9,5,3,5,8,2,4,2,6,3,2,3,3,2,1,1,1,1,1,0,1,2,0,3,0,0,1,2,0,0,0,0,0,1,0,0,0,1,0,0,0,0,0,0,0,0,0,1,0,0,0,0,1,0,0,0,0,0,0,1,0,0,0,0,0,0,0,0,0,0,0,0
1,0,1,0,0,1,0,0,0,0,0,1,3,4,9,2,4,3,6,1,3,2,5,4,11,7,30,21,23,11,39,16,19,31,32,32,45,43,46,55,70,58,69,86,107,79,96,83,108,111,131,133,150,159,152,176,183,199,195,228,186,190,176,190,211,223,247,233,231,242,209,241,230,249,254,241,230,231,238,207,206,172,215,200,194,192,176,153,165,149,149,152,113,112,123,112,118,106,73,77,74,85,74,54,54,44,41,48,34,42,36,33,24,23,25,18,20,18,15,16,12,9,11,9,8,4,8,12,4,5,6,4,2,1,1,5,1,3,1,1,3,3,1,3,0,0,2,0,0,1,2,0,2,0,1,0,0,0,0,0,0,1,0,1,1,1,2,0,0,0,0,0,1,0,0,0,0,1,0,0,0,0,0,0,0,0,1,0,1,0,0,0,0,0,0,0,0,0,0,0
0,0,2,0,0,0,1,0,2,1,0,0,5,1,5,4,2,5,2,3,2,0,10,6,19,9,25,16,25,20,45,11,17,26,33,46,30,45,57,41,60,57,89,87,91,95,92,95,107,135,125,128,141,149,174,179,200,205,197,205,193,187,210,235,199,210,208,244,247,227,232,242,252,195,250,217,223,223,217,193,219,189,196,175,205,161,154,172,145,140,159,129,115,134,118,81,107,102,82,82,81,46,75,54,54,43,44,41,40,40,42,30,19,23,20,15,20,22,19,13,11,4,8,10,9,7,8,6,9,4,7,3,7,1,2,3,2,3,1,1,2,0,1,2,0,0,0,0,0,1,0,0,1,1,0,0,0,2,0,1,0,0,0,0,0,0,0,0,0,0,0,0,1,0,0,1,0,0,0,1,0,1,0,0,0,0,0,0,0,0,0,0,0,1,1,0,0,0,0,0
1,0,0,0,0,3,1,0,0,0,0,1,2,2,7,8,1,4,2,5,2,3,9,7,14,8,26,15,15,11,31,13,19,23,23,36,35,33,40,58,50,58,71,73,72,83,96,120,93,117,114,122,137,161,169,163,166,188,193,177,196,197,199,218,182,188,213,195,200,237,215,241,226,193,223,215,237,202,225,177,206,170,206,161,162,182,136,146,138,133,118,101,130,96,111,103,92,95,84,68,75,64,61,55,51,39,36,46,39,22,30,26,21,21,25,17,18,16,19,11,6,14,11,11,9,6,12,3,7,5,3,4,4,3,10,4,0,1,1,2,2,1,1,0,0,1,2,0,1,1,0,1,1,1,1,0,0,0,1,1,3,1,1,0,0,1,0,1,0,0,1,0,0,0,0,0,0,0,0,0,0,0,0,0,0,0,0,0,0,0,0,0,0,0,0,0,0,0,1,0
0,0,0,0,0,0,2,1,0,2,0,0,0,2,5,2,7,0,2,6,2,2,3,4,21,5,20,9,22,16,33,13,26,27,31,18,34,42,47,50,43,52,57,69,81,85,93,107,121,132,108,135,128,148,159,169,180,188,156,176,165,181,213,210,193,185,240,246,249,205,217,210,228,202,198,200,210,189,220,189,185,175,172,171,176,155,152,168,149,118,120,119,107,121,82,87,80,83,78,70,62,81,44,54,48,44,40,33,33,35,32,32,26,18,14,17,10,14,11,11,6,12,12,9,6,10,3,5,2,3,2,2,3,2,8,2,0,0,2,0,2,1,0,2,1,0,0,0,0,1,0,0,2,0,0,0,0,1,0,0,0,0,0,0,0,0,1,0,0,1,0,0,0,1,0,0,0,1,0,0,0,1,0,0,0,2,0,0,0,0,0,0,0,0,0,0,0,0,0,0
0,0,0,0,0,1,0,0,0,0,0,0,3,4,8,1,6,3,4,1,1,4,6,7,6,7,26,10,23,12,32,16,17,15,27,37,30,45,31,54,54,56,53,74,80,80,113,98,80,108,123,112,117,175,145,163,188,166,174,183,150,165,208,178,192,199,234,238,200,249,188,228,220,229,212,221,205,207,189,167,154,158,186,159,186,164,151,159,133,128,124,152,101,109,87,98,103,92,76,68,61,56,58,61,52,48,37,27,30,44,36,26,33,15,15,27,12,15,10,12,12,6,6,7,10,6,12,7,5,1,5,8,2,3,0,4,6,1,2,2,1,1,3,4,1,0,0,0,0,0,0,0,1,0,1,0,0,0,0,0,0,1,0,0,0,0,0,1,0,1,0,0,0,0,1,0,0,0,0,0,1,0,0,0,0,0,0,0,0,0,0,0,0,0,0,0,0,0,0,0
2,0,0,0,0,1,2,1,2,2,1,3,2,3,5,4,4,2,1,4,4,1,4,6,15,7,14,15,28,17,37,13,22,24,26,35,29,28,44,45,55,50,59,84,75,82,82,85,89,104,116,109,119,130,128,160,160,177,162,153,173,211,200,206,163,191,200,214,221,214,208,230,210,237,210,209,171,191,216,192,182,162,175,150,151,164,142,152,132,133,122,100,110,96,107,82,89,80,79,66,66,61,54,40,37,38,38,32,43,21,32,31,29,24,21,20,17,15,12,11,11,9,6,13,6,13,3,4,8,3,2,0,5,3,1,1,1,1,1,1,1,1,0,1,0,0,0,0,0,0,0,1,0,0,1,1,0,0,0,2,1,0,0,0,0,1,0,0,0,0,0,0,0,0,0,0,0,0,0,0,0,0,0,0,0,0,0,0,0,0,0,0,0,0,0,0,0,0,0,0
2,0,1,0,0,1,2,0,0,0,0,1,3,2,3,4,4,3,3,4,1,3,8,3,7,5,25,14,25,17,36,10,17,23,27,15,27,39,36,40,41,55,69,70,77,74,96,106,103,101,104,105,120,117,154,135,146,212,159,148,159,170,201,176,197,177,206,222,177,202,192,205,195,215,216,198,174,200,182,177,148,143,148,155,142,162,137,132,122,118,111,109,94,98,99,87,82,77,71,59,66,44,52,35,44,38,28,29,27,33,22,25,18,10,22,15,12,15,15,12,9,9,9,5,4,5,1,3,3,1,5,2,2,2,6,3,3,2,2,2,0,1,1,0,1,1,0,2,0,1,0,1,0,1,1,0,0,1,1,0,0,0,1,0,1,1,0,1,0,0,1,0,0,0,0,2,0,0,0,0,0,0,0,0,0,0,0,0,0,0,0,0,0,0,0,0,0,0,0,0
0,0,0,0,0,2,1,1,1,1,0,0,2,0,6,1,7,1,1,2,2,2,4,6,7,16,25,12,26,8,31,6,14,21,25,33,30,34,37,46,43,42,74,70,87,75,85,93,90,99,99,111,147,153,122,140,168,177,157,163,171,168,189,195,185,183,187,195,193,213,206,204,201,203,211,180,165,159,202,149,181,170,150,142,143,119,131,144,116,115,100,122,84,83,92,66,74,87,66,61,53,54,42,46,41,39,47,37,32,25,21,20,21,21,14,11,14,18,10,13,2,10,8,6,3,6,7,1,3,5,1,3,2,2,2,2,2,0,1,0,0,0,2,3,0,1,0,0,2,2,2,0,1,0,0,0,0,0,0,0,0,0,0,0,1,0,0,0,0,0,1,0,0,0,0,2,0,0,0,1,0,0,0,0,0,0,0,0,0,0,0,0,0,0,0,0,0,0,0,0
1,0,1,0,0,1,1,0,1,0,0,0,0,3,4,2,6,4,3,3,1,5,4,6,9,4,37,16,18,17,34,10,16,24,19,36,30,38,43,30,57,45,49,72,81,85,76,76,88,79,104,102,124,116,126,146,145,194,150,147,178,124,166,189,194,165,195,202,201,177,169,184,212,193,189,173,164,193,171,180,170,151,125,150,156,127,119,134,116,117,96,104,84,93,81,64,84,59,67,65,68,47,49,51,50,35,37,35,37,21,25,22,21,17,15,15,11,10,5,7,6,7,4,6,9,8,3,3,3,3,2,3,1,2,3,2,1,1,1,2,1,2,0,0,1,1,2,0,0,0,0,1,0,2,0,1,1,1,0,1,1,0,0,0,0,0,0,0,0,0,0,0,1,0,0,0,0,0,0,0,1,0,1,0,0,0,0,0,0,0,0,0,0,0,0,0,0,0,0,0
1,0,0,0,0,2,1,1,2,0,0,0,3,3,7,2,7,1,1,5,2,4,4,5,10,15,21,12,18,10,29,13,14,20,28,15,35,35,40,42,48,41,55,76,72,62,87,89,75,91,133,94,132,140,132,144,145,161,166,168,174,157,183,184,175,163,228,188,172,188,170,219,178,183,203,157,188,161,169,147,157,128,158,139,169,140,132,123,114,100,93,86,95,99,90,75,76,73,59,47,53,54,48,41,44,41,31,39,24,21,30,15,20,15,13,11,10,11,7,9,6,13,12,8,4,8,6,6,3,4,3,2,5,3,1,0,1,5,0,0,2,0,0,2,0,0,0,1,0,0,2,1,1,0,0,0,0,0,0,0,0,1,0,0,0,0,1,2,1,0,0,1,0,0,0,0,0,0,0,0,0,0,0,0,0,0,0,0,1,0,0,0,0,0,1,0,0,0,0,0
0,0,0,0,0,2,0,1,1,0,2,1,2,0,5,2,5,3,2,2,0,1,4,2,9,12,18,10,16,10,28,13,13,12,35,34,35,34,47,45,51,46,78,76,70,78,82,99,78,78,121,111,117,138,102,142,133,153,125,143,150,126,167,164,182,165,185,199,179,193,163,186,168,182,187,144,150,164,168,153,139,120,123,145,131,128,125,97,103,94,91,92,67,111,94,79,72,56,58,43,48,58,37,28,39,32,39,28,32,20,22,12,17,19,17,15,10,8,5,12,5,6,7,2,4,8,11,4,3,0,4,3,3,3,0,0,4,1,2,1,2,1,0,2,0,0,0,0,0,1,3,1,0,0,1,1,0,2,0,0,0,2,0,0,0,0,0,0,0,0,0,0,0,0,0,1,0,1,0,0,0,0,0,0,0,0,1,0,0,0,0,0,0,0,0,0,0,0,0,0
0,0,0,0,0,3,3,0,0,2,0,2,1,2,6,5,5,7,3,1,3,4,3,2,15,7,20,17,20,9,34,11,21,17,21,36,30,43,29,31,37,40,36,74,84,64,68,82,95,92,94,99,110,135,125,117,152,176,160,110,140,151,140,164,172,150,160,172,157,191,186,175,182,143,175,165,169,143,143,145,157,118,128,128,132,114,146,116,102,94,112,105,80,79,85,67,72,61,50,64,56,45,43,42,40,27,34,39,28,21,19,17,25,12,23,14,9,20,10,11,7,3,7,4,3,3,8,2,2,2,4,1,3,2,2,2,4,0,0,1,1,1,1,1,0,0,0,0,0,1,0,0,0,1,0,0,0,0,1,0,0,0,0,0,2,0,0,0,0,0,0,0,0,0,0,0,0,0,0,0,0,0,0,0,0,0,0,0,0,0,0,0,0,0,0,0,0,0,0,0
0,0,1,0,0,1,2,2,0,0,0,0,6,0,2,0,7,2,4,3,4,2,5,7,9,4,25,17,24,8,31,10,20,17,18,25,23,32,19,34,42,55,42,66,68,74,64,71,94,83,112,92,118,107,131,170,129,164,150,139,154,144,169,138,162,155,174,183,185,183,139,170,175,145,158,155,142,150,166,143,150,113,132,142,121,120,112,88,110,110,83,93,67,80,87,59,66,56,53,51,52,46,36,35,37,41,33,29,25,18,25,19,22,13,9,15,16,16,15,8,6,10,5,1,6,5,5,3,2,4,0,0,2,0,2,0,2,0,1,1,0,0,2,0,0,1,0,0,0,1,1,0,0,0,0,0,1,0,0,0,0,2,0,0,0,0,0,0,1,0,0,0,0,0,0,0,0,0,0,0,0,1,0,0,0,0,0,0,0,0,0,0,0,0,0,0,0,0,0,0
0,0,0,0,0,0,3,0,2,0,0,0,1,4,4,5,6,0,2,0,0,3,1,5,10,9,21,14,23,8,34,13,12,20,21,27,22,32,42,43,49,44,62,55,77,62,71,88,90,88,101,96,91,130,100,128,113,157,152,148,129,126,166,155,172,141,151,173,178,159,138,182,146,174,165,152,140,146,112,115,143,147,121,128,119,110,98,112,103,92,88,86,83,62,86,60,70,70,60,53,48,44,37,27,35,34,29,29,23,18,17,22,9,13,7,9,11,11,14,11,4,11,8,7,4,3,5,1,2,2,2,3,1,0,0,0,1,0,2,1,0,1,0,0,0,0,0,0,0,1,0,0,0,1,0,0,0,0,0,0,0,0,0,0,0,1,0,0,0,0,0,1,0,1,0,0,0,0,0,2,0,0,0,0,0,0,0,1,0,0,0,0,0,0,0,0,0,0,0,0
0,0,1,0,0,1,2,0,0,1,0,1,1,4,5,1,6,2,0,2,2,2,2,0,8,9,14,10,23,6,25,15,13,19,21,27,29,30,37,27,51,49,64,74,61,70,66,87,83,75,77,82,105,119,115,130,148,163,137,154,152,142,147,132,154,138,187,167,142,160,159,155,165,147,144,152,148,137,156,121,138,122,111,98,117,118,104,92,99,103,96,79,54,69,85,61,70,47,36,38,46,37,37,42,34,32,33,20,28,23,23,12,7,16,7,12,11,9,10,14,5,3,6,3,2,5,1,3,5,7,0,4,2,2,2,1,3,1,2,0,0,1,0,0,0,0,0,0,0,0,0,0,0,0,1,0,0,1,0,0,0,0,1,0,0,0,0,1,0,0,0,0,0,0,0,0,0,0,0,0,0,0,0,0,0,0,0,0,0,0,0,0,1,0,0,0,0,0,0,0
0,0,1,0,0,0,1,0,0,0,0,4,1,1,2,2,6,3,0,4,2,1,3,2,13,4,9,5,24,8,23,14,14,15,18,26,24,29,40,36,50,48,50,59,57,68,61,84,93,83,80,93,89,97,104,124,118,150,127,133,121,122,118,147,141,134,180,184,158,156,132,155,146,148,144,134,161,141,160,116,115,133,132,124,102,100,104,107,95,79,71,81,62,77,64,70,74,56,55,49,50,40,32,33,29,40,24,19,30,21,21,10,17,16,8,10,4,9,7,8,5,6,3,7,1,0,10,2,1,1,3,3,3,1,1,1,1,0,1,1,0,1,1,3,1,2,0,0,0,0,1,0,0,0,0,0,0,0,0,0,0,0,0,0,0,1,0,0,0,0,0,1,0,0,0,0,0,0,0,0,0,1,0,0,0,0,0,0,0,0,0,0,0,0,0,0,0,0,0,0
1,0,1,0,1,2,0,0,0,1,1,2,2,1,2,5,4,1,2,2,1,2,7,2,7,7,17,7,19,10,22,18,7,17,15,24,26,33,33,36,36,52,57,55,64,69,74,65,71,78,73,95,84,119,98,126,124,133,109,146,107,121,149,135,165,141,155,170,129,171,170,137,136,149,152,133,131,123,135,129,138,111,119,98,123,110,99,113,96,77,86,80,85,59,73,58,66,42,46,34,55,46,34,29,39,22,27,16,23,15,13,21,10,8,10,11,8,12,8,7,7,6,4,9,5,1,4,3,2,1,2,2,1,3,0,0,2,0,0,0,0,1,1,1,0,0,1,0,0,0,0,1,0,0,0,0,0,0,0,0,0,0,0,0,0,0,0,1,0,0,0,0,1,0,0,0,0,0,0,0,0,0,0,0,0,0,0,0,0,0,0,0,0,0,0,0,0,0,0,0
0,0,0,0,0,0,0,2,0,1,0,0,1,1,2,4,2,1,1,4,1,1,5,3,9,6,15,10,19,12,36,9,18,10,16,24,27,31,27,38,41,43,61,52,53,65,65,63,80,72,87,83,112,94,110,109,139,117,126,130,152,102,115,156,131,145,151,146,148,150,125,164,168,146,134,140,115,116,130,114,111,112,104,109,116,126,88,101,82,87,69,72,86,51,65,46,45,45,42,29,42,31,37,40,41,35,20,22,17,21,16,17,15,9,18,12,8,11,7,8,8,8,5,5,0,6,2,5,4,4,4,0,1,0,1,2,3,0,1,1,1,0,0,0,1,0,1,0,0,1,0,0,0,1,1,1,0,0,0,0,0,0,0,0,0,1,0,0,0,0,0,0,0,0,0,0,0,0,0,1,0,0,0,0,0,0,0,0,0,0,0,0,0,0,0,0,0,0,0,0
0,0,0,0,1,3,0,0,1,0,0,0,3,0,1,3,8,5,3,4,2,4,1,2,12,7,22,8,25,4,27,6,13,22,22,22,24,28,28,24,37,39,52,56,58,69,63,59,65,81,88,84,89,94,100,106,107,127,136,137,121,112,140,137,126,131,150,157,135,146,132,153,130,167,138,128,137,129,141,144,117,114,109,101,85,103,93,97,92,76,69,79,74,74,72,48,61,45,47,34,37,31,31,21,24,30,21,21,14,16,27,16,15,4,13,12,8,8,8,6,10,1,1,2,1,4,1,0,2,3,0,1,0,2,0,0,3,1,1,0,0,1,0,1,0,0,0,0,0,0,1,0,1,0,0,0,0,2,0,0,1,0,0,0,0,0,0,0,0,0,0,0,0,0,0,0,0,1,0,0,0,0,0,0,0,0,0,0,0,0,0,0,0,0,0,0,0,0,0,0
1,0,0,0,0,2,1,0,0,1,0,2,2,2,2,5,3,2,2,4,2,4,3,1,10,5,15,14,19,20,23,12,13,16,15,23,20,21,29,38,43,40,57,58,60,62,59,67,80,80,84,58,84,107,93,104,116,126,125,114,115,110,132,137,135,124,142,137,119,136,108,164,151,120,137,124,130,145,131,126,118,109,116,94,103,89,87,100,70,68,76,74,65,80,54,47,57,37,38,31,36,35,25,29,32,22,25,25,14,12,21,14,11,12,11,5,5,7,9,9,5,6,4,3,7,3,3,3,3,3,3,3,1,2,1,1,0,1,0,0,1,0,0,0,0,1,2,0,0,0,1,0,0,0,0,0,0,0,0,0,0,0,0,0,0,0,0,0,0,0,0,0,0,0,0,0,0,0,0,0,0,0,0,0,0,0,1,0,0,0,0,0,0,0,0,0,0,0,0,0
1,0,0,0,0,0,0,0,1,0,0,0,4,1,6,2,4,3,7,2,0,1,2,1,9,3,17,8,13,13,30,8,22,16,23,21,29,22,24,28,43,36,55,60,58,50,58,69,74,55,66,91,75,95,99,113,106,125,115,106,115,120,115,120,143,140,142,116,130,144,123,133,138,148,139,125,113,99,108,111,101,100,96,82,89,80,68,90,84,67,67,69,64,57,41,51,41,45,55,36,45,45,19,29,25,22,17,16,17,18,19,10,11,4,4,3,8,8,8,7,2,6,2,3,3,4,3,2,1,2,0,3,1,0,2,2,0,0,0,1,0,0,2,0,0,0,0,0,1,1,1,0,0,0,0,0,0,0,0,0,1,0,0,0,0,0,0,0,0,0,0,0,0,0,0,0,0,0,0,0,0,0,0,0,0,0,0,0,0,0,0,0,0,0,0,0,0,0,0,0
0,0,0,0,0,0,0,0,1,0,0,0,0,3,2,0,2,1,5,2,1,1,2,8,7,7,16,12,16,11,22,8,16,11,18,35,34,32,26,25,40,28,54,55,56,71,62,48,57,66,65,76,95,99,89,74,110,134,126,116,101,98,127,116,123,110,154,135,138,161,109,140,136,128,121,111,117,128,136,116,95,106,95,83,93,91,71,92,64,79,74,58,51,65,56,45,51,47,35,30,32,35,33,19,21,33,17,11,15,14,11,13,13,8,7,7,11,10,4,7,3,8,4,4,4,2,3,2,0,1,0,2,1,4,0,1,0,1,0,0,0,0,1,0,0,0,0,0,0,1,0,0,0,0,0,0,0,0,0,0,0,0,0,1,0,0,0,0,0,0,0,0,0,0,1,0,0,1,0,0,0,0,0,0,0,0,0,0,1,0,0,0,0,0,0,0,0,0,0,0
0,0,0,0,0,0,0,0,0,0,1,1,0,2,3,2,2,0,5,1,1,0,2,2,6,2,20,8,20,8,24,10,16,12,18,21,16,19,30,30,35,34,49,51,50,52,55,57,62,85,78,90,85,114,107,105,111,110,91,112,111,98,99,134,108,112,142,133,136,124,116,137,127,112,112,120,141,90,110,101,117,94,78,95,107,91,94,79,69,85,62,73,51,43,58,45,47,47,37,33,33,29,27,23,21,14,15,15,21,14,12,17,7,11,12,12,11,8,4,4,2,3,3,2,4,3,1,4,2,1,0,1,2,0,1,0,2,1,1,0,1,0,0,1,0,1,1,0,0,0,0,0,0,0,0,0,0,0,0,0,0,0,0,0,0,0,0,0,0,0,0,0,0,0,0,0,0,0,0,0,0,0,0,0,0,0,0,0,0,0,0,0,0,0,0,0,0,0,0,0
0,0,0,0,0,0,3,1,0,1,0,0,0,1,2,3,2,0,1,2,1,1,3,3,6,2,18,10,15,11,24,9,5,17,21,20,17,25,28,36,33,27,40,57,47,46,59,56,64,67,66,67,81,78,94,93,109,124,106,111,114,98,111,125,113,101,114,132,129,131,108,126,126,88,99,118,119,107,111,92,103,93,93,84,84,97,86,73,90,63,54,66,57,45,50,30,42,39,44,22,38,36,27,26,31,17,21,27,11,20,13,8,8,10,14,5,6,8,8,5,4,5,5,3,1,3,2,5,1,2,2,0,3,0,0,1,0,2,2,1,0,1,1,0,1,1,1,0,0,1,0,0,0,0,0,1,0,0,0,0,0,0,0,0,0,0,0,0,0,0,0,0,0,0,0,1,0,0,0,0,0,0,0,0,0,0,0,0,0,0,0,0,0,0,0,0,0,0,0,0
0,0,1,0,1,2,0,0,2,1,0,0,1,1,3,0,2,4,6,2,0,0,4,1,5,4,12,16,17,11,13,12,11,12,12,21,19,29,28,26,35,43,38,51,53,44,51,43,48,52,71,63,95,101,89,107,107,112,103,116,116,97,102,105,122,122,124,126,126,136,114,120,119,102,103,113,126,104,104,106,83,68,104,89,67,73,65,78,77,81,59,60,47,38,34,47,49,36,23,41,31,24,19,17,23,19,27,18,16,16,14,6,4,7,7,12,6,7,3,6,6,6,2,7,2,3,2,1,1,1,2,0,0,1,0,1,0,0,0,0,1,1,0,0,1,1,0,0,0,0,0,1,1,1,0,0,0,1,0,0,1,0,0,0,0,0,0,0,0,0,0,0,0,0,0,0,0,0,0,0,0,0,0,0,0,0,0,0,0,0,0,0,0,0,0,0,0,0,0,0
1,0,0,0,0,0,2,0,0,1,0,0,3,1,4,0,2,0,2,2,0,1,0,1,4,3,18,11,10,8,23,12,12,14,16,24,11,29,22,38,38,32,53,52,40,50,50,55,68,54,59,75,62,95,83,102,101,120,103,88,92,91,121,97,128,111,122,123,119,96,108,133,113,122,116,105,103,127,115,88,80,82,89,88,84,73,59,68,73,65,71,52,45,56,41,48,37,31,37,24,20,26,26,28,17,28,13,16,11,12,12,11,8,10,7,8,7,11,5,2,6,3,3,2,3,3,2,1,2,4,1,1,2,0,0,0,0,0,1,0,0,2,0,0,0,0,1,0,0,3,0,1,0,0,0,1,0,1,0,0,0,0,0,0,0,0,0,0,0,0,0,0,1,1,0,0,0,0,0,0,0,0,0,0,0,1,0,0,0,0,0,0,0,0,0,0,0,0,1,0
2,0,0,0,2,1,0,1,1,0,1,2,0,1,1,1,3,0,3,3,2,1,1,2,11,3,16,7,15,7,24,14,10,16,13,21,30,18,35,17,35,38,33,47,52,37,57,68,54,65,65,76,72,88,83,115,85,120,94,98,78,96,105,103,113,115,93,105,122,112,105,94,128,107,109,92,111,106,95,88,86,88,91,89,79,61,65,82,64,72,73,49,49,40,39,41,43,25,40,25,27,31,26,17,22,19,19,22,20,8,12,7,11,10,8,5,8,4,6,7,7,3,4,0,0,1,2,1,0,1,3,1,1,0,1,1,0,0,0,2,0,0,0,0,1,0,0,0,0,1,1,0,0,0,0,0,0,0,0,1,0,0,0,1,0,0,1,0,1,0,0,0,0,0,0,0,0,0,0,0,0,0,0,0,0,0,0,0,0,0,0,0,0,0,0,0,0,0,0,0
0,0,0,0,0,0,1,0,0,0,0,0,2,1,3,1,1,1,3,2,2,1,4,6,6,4,10,7,6,6,18,5,11,14,17,27,15,26,25,31,23,27,37,41,56,43,41,53,67,48,45,59,71,79,76,101,98,105,76,97,93,97,104,112,107,100,124,93,112,108,79,123,132,84,86,97,119,92,109,85,83,90,74,76,68,69,70,66,64,60,61,44,59,46,50,34,35,34,28,34,27,22,32,14,18,19,14,11,20,16,17,8,8,6,4,4,5,6,7,8,0,6,3,2,7,0,3,3,1,2,4,2,1,1,2,2,0,0,1,1,0,0,0,1,0,0,1,1,0,0,0,1,0,0,0,0,0,0,0,0,0,0,0,0,0,0,0,0,0,0,0,0,0,0,0,0,0,0,0,0,0,0,0,0,0,0,0,0,0,0,1,0,0,0,0,0,0,0,0,0
0,0,1,0,0,1,2,0,0,0,0,0,0,4,3,3,1,1,2,2,0,1,2,1,10,2,15,10,14,6,22,8,17,12,22,14,25,20,30,28,25,25,30,34,49,50,31,49,58,52,61,78,65,80,70,98,108,91,98,95,92,90,82,109,97,102,116,111,110,108,86,110,119,105,95,91,100,95,97,74,94,69,83,78,87,58,66,52,56,48,45,59,47,24,34,43,32,30,18,27,40,26,18,30,22,21,10,16,16,7,10,9,9,2,9,8,7,3,10,3,3,6,3,2,4,2,1,5,1,3,2,2,0,2,1,3,0,0,0,0,1,0,0,0,0,0,0,0,0,0,0,0,0,0,0,1,0,0,0,0,0,0,0,0,0,0,0,0,0,0,0,0,0,0,0,0,0,0,0,0,0,0,0,0,0,0,0,0,0,0,0,0,0,0,0,0,0,0,0,0
0,0,0,0,0,0,2,1,0,1,0,1,0,1,2,2,1,2,1,2,0,1,10,1,10,7,6,8,12,7,26,8,7,11,13,13,15,18,17,30,27,25,46,34,52,48,49,39,53,60,60,55,72,73,89,79,73,109,86,91,90,83,75,104,105,89,110,125,95,99,87,116,102,87,90,85,102,76,106,89,72,69,74,68,64,67,57,68,63,49,56,52,52,38,39,46,34,38,32,26,37,26,27,24,27,20,22,9,11,12,7,8,7,8,11,8,5,1,5,3,6,1,3,1,1,0,0,1,0,0,1,3,0,0,0,1,1,0,0,0,0,0,0,0,2,0,0,1,0,0,0,0,0,0,0,0,0,0,0,0,0,0,0,0,0,0,0,0,0,0,0,0,0,0,0,0,0,0,0,0,0,0,0,0,0,0,0,1,0,0,0,0,0,0,0,0,0,0,0,0
0,0,0,0,0,0,1,1,0,0,0,2,0,3,0,0,0,1,1,0,2,2,5,1,11,7,13,11,11,4,29,8,4,12,16,17,15,17,24,33,27,23,32,42,34,54,58,55,49,51,63,63,61,72,82,86,77,81,99,67,75,94,99,115,80,89,117,114,112,125,110,108,87,88,110,95,96,95,84,89,86,62,90,68,85,57,49,81,69,54,50,43,40,42,41,40,34,28,24,23,28,31,24,14,11,11,17,17,21,15,15,12,13,9,9,7,2,6,6,1,3,1,4,2,3,4,1,1,2,0,1,1,1,1,2,1,0,1,0,0,0,0,1,0,2,0,1,0,0,0,0,0,0,0,0,0,0,0,0,0,0,0,0,0,0,0,0,0,0,0,0,0,0,0,0,0,0,0,0,0,0,0,0,0,0,0,0,0,0,0,0,0,0,0,0,0,0,0,0,0
0,0,0,0,0,0,1,0,0,0,0,1,2,1,2,0,3,2,4,1,3,0,3,5,8,7,14,10,16,4,19,3,14,11,10,14,19,19,12,18,29,17,43,50,41,47,51,48,59,52,52,55,57,86,63,77,94,101,81,97,103,89,95,85,80,101,105,85,77,85,83,97,93,98,90,96,93,93,77,75,83,94,63,72,77,53,55,62,57,64,36,53,38,44,30,37,34,36,27,24,27,11,14,9,22,15,16,11,14,6,17,11,7,6,6,4,4,4,8,7,5,3,4,5,1,1,0,2,2,0,1,0,0,0,0,0,0,0,0,0,0,1,0,0,0,0,0,0,0,0,0,0,0,0,0,0,0,0,0,0,0,0,0,0,0,0,0,0,0,0,0,0,1,0,0,0,0,0,0,0,0,0,0,0,0,0,0,0,1,0,0,0,0,0,0,0,0,0,0,0
1,0,0,0,0,0,0,0,1,1,0,0,1,1,0,1,5,2,3,1,1,2,0,4,7,3,13,12,8,10,21,10,5,9,13,17,11,10,14,24,26,32,26,38,48,34,50,56,46,47,57,64,81,72,75,80,81,112,85,85,97,87,84,87,108,96,116,92,94,87,100,98,81,91,76,73,92,80,89,74,93,60,69,71,76,66,54,65,54,54,55,40,45,35,30,38,30,28,30,19,24,28,10,13,16,20,14,16,14,6,10,7,7,8,2,8,5,1,4,5,4,4,4,1,1,3,1,0,1,0,4,1,1,1,1,1,0,0,0,0,1,0,0,0,0,0,0,0,1,0,0,0,0,1,0,0,0,0,0,0,0,0,0,0,0,0,0,0,0,0,0,0,0,0,0,0,0,0,0,0,0,0,0,0,0,0,0,0,1,0,0,0,0,0,0,0,0,0,0,0
0,0,0,0,0,0,2,1,0,1,0,1,2,1,4,2,4,0,5,3,1,1,6,3,7,2,16,7,8,4,20,4,6,6,12,16,18,19,23,25,23,18,29,51,42,33,41,46,40,51,55,46,63,51,85,69,92,75,87,77,75,85,87,84,92,84,105,86,106,83,80,94,89,89,93,68,84,83,85,71,66,47,61,51,62,62,42,56,50,42,47,45,28,30,38,34,26,30,23,25,19,23,16,12,13,16,4,10,9,13,9,6,7,4,7,5,4,5,6,4,4,5,2,2,3,0,0,0,1,0,1,2,0,1,0,0,0,1,1,1,0,0,0,0,0,0,0,0,0,0,0,0,0,0,0,0,0,0,0,0,0,0,0,0,0,1,0,0,0,0,0,0,0,0,0,0,0,0,0,0,0,0,0,0,0,0,0,0,0,0,0,0,0,0,0,0,0,0,0,0
1,0,0,0,0,0,0,0,0,1,0,0,4,2,2,1,2,3,1,0,2,1,3,3,7,9,15,13,12,11,17,7,16,8,15,14,21,29,13,24,18,26,28,43,54,25,51,46,33,43,50,54,47,65,54,65,72,93,64,73,84,56,95,93,74,70,87,87,91,96,78,83,93,86,88,77,72,91,77,75,77,60,68,55,66,63,51,60,44,42,49,55,42,26,31,21,25,33,33,21,24,15,29,21,19,18,21,10,17,7,9,6,3,6,6,4,1,7,1,2,1,0,2,3,1,2,4,1,1,0,1,0,1,0,0,0,0,0,0,1,0,0,0,0,0,0,0,0,0,0,0,0,0,0,0,1,0,0,1,0,0,0,0,0,0,0,0,0,0,0,0,0,0,0,0,0,0,0,0,0,0,0,0,0,0,0,0,0,1,0,0,0,0,0,0,0,0,0,0,0
1,0,0,0,0,0,1,0,0,0,1,0,0,1,2,1,1,2,1,1,1,0,1,2,5,0,9,6,12,8,20,7,15,12,9,15,13,16,23,26,25,23,33,44,40,44,31,48,47,34,49,43,79,77,66,80,70,82,69,71,73,74,75,84,91,83,79,70,87,98,70,92,90,82,97,67,100,78,68,68,73,71,67,61,52,54,56,55,38,42,40,43,26,30,43,27,28,31,30,20,12,14,16,13,14,13,17,7,7,11,11,4,2,8,10,5,2,5,6,3,6,2,0,3,0,0,1,1,1,0,1,2,3,0,1,0,1,0,0,0,1,0,0,0,1,0,0,0,1,0,1,0,0,0,0,0,0,1,0,0,0,0,0,0,0,0,0,0,0,0,0,0,0,0,0,0,0,0,0,0,0,0,0,0,0,0,0,0,1,0,0,0,0,0,0,0,0,0,0,0
1,0,0,0,0,0,1,0,1,0,0,0,3,1,1,2,5,1,0,1,0,2,5,0,5,5,17,7,10,4,16,13,2,6,11,19,23,17,25,14,16,29,30,37,42,38,30,50,42,47,46,45,51,74,60,78,72,76,79,58,90,69,69,88,85,91,103,80,91,91,74,88,79,86,68,65,72,72,74,63,61,58,59,47,59,49,48,39,39,42,55,39,35,38,33,23,27,21,21,20,24,12,16,20,16,13,20,9,16,12,7,9,7,8,10,2,5,2,5,4,1,6,2,4,0,1,2,1,1,1,0,0,0,0,0,0,1,0,0,0,0,0,1,0,0,0,0,0,1,0,0,0,0,0,0,0,0,0,0,0,0,0,0,0,0,0,0,0,0,0,0,0,0,0,0,0,0,0,0,0,0,0,0,0,0,0,0,0,0,0,0,0,0,0,0,0,0,0,0,0
1,0,0,0,0,0,2,0,0,0,0,0,0,1,5,0,3,1,0,4,2,0,4,3,6,6,16,6,12,5,18,2,15,14,16,17,16,22,21,20,24,20,40,41,38,42,39,40,48,51,47,51,46,69,58,64,66,71,74,82,76,67,85,70,78,73,80,70,88,71,76,65,86,72,80,72,80,65,85,66,56,56,68,57,53,56,44,50,46,30,34,36,29,31,23,23,27,17,17,20,21,21,16,17,14,10,9,9,8,14,13,7,3,4,1,6,5,5,6,5,3,3,2,4,1,1,2,1,2,0,1,0,0,1,0,1,0,0,0,0,1,0,0,0,0,0,0,0,0,0,0,0,0,0,0,0,0,0,0,0,0,0,0,0,0,0,0,0,0,0,0,0,0,0,0,0,0,0,0,0,0,0,0,0,0,0,0,0,0,0,0,0,0,0,0,0,0,0,0,0
0,0,0,0,0,0,1,0,0,0,0,0,2,1,1,0,5,0,2,1,1,2,2,3,6,3,12,10,11,4,22,4,12,7,14,16,13,14,27,17,27,23,35,26,33,47,34,38,40,50,35,54,56,55,53,62,82,87,71,85,68,78,72,87,76,79,71,98,80,80,60,69,95,92,67,63,83,68,66,58,66,52,55,48,54,52,58,54,49,41,34,32,24,24,36,29,27,29,16,18,20,14,14,19,13,8,9,9,7,11,6,5,7,6,7,8,2,5,4,1,2,3,1,2,1,2,3,1,1,2,0,0,0,0,1,1,0,0,1,0,0,0,0,1,0,1,0,0,0,0,0,0,0,1,0,0,0,0,0,0,0,0,0,0,0,0,0,0,0,0,0,0,0,0,0,0,0,0,0,0,0,0,0,0,0,0,0,0,0,0,0,0,0,0,0,0,0,0,1,0
0,0,0,0,0,3,0,0,0,0,0,0,1,1,0,3,2,2,3,0,0,4,5,1,7,5,9,9,17,5,10,4,7,8,15,14,17,12,25,18,19,13,26,40,43,31,44,36,43,46,48,46,46,58,47,47,63,84,44,75,72,71,79,81,76,71,71,89,81,56,72,92,86,68,84,64,82,74,73,50,51,56,53,52,61,51,46,41,37,40,35,31,29,32,37,30,23,19,14,15,9,15,9,16,12,14,13,11,5,11,9,8,8,3,8,2,3,7,4,1,2,0,3,1,2,0,1,5,0,1,1,2,0,1,1,1,0,0,0,0,0,0,0,0,0,0,0,0,0,1,0,0,0,0,0,0,0,0,0,0,0,0,0,0,0,0,0,0,0,0,0,0,0,0,0,0,0,0,0,0,0,0,0,0,0,0,0,0,0,0,0,0,0,0,0,0,0,0,0,0
0,0,2,0,0,0,0,0,1,0,0,0,1,1,5,0,4,0,1,4,1,0,2,1,4,3,7,4,12,5,16,6,7,11,9,17,12,19,28,22,26,17,24,34,26,40,36,35,38,42,48,62,55,55,64,55,66,75,74,65,63,77,57,70,62,58,78,85,90,88,65,87,64,69,63,63,71,77,59,54,66,49,49,46,55,46,41,36,46,32,46,49,37,32,31,22,26,16,26,20,21,20,14,12,12,14,13,10,6,4,7,6,7,4,7,2,3,4,3,4,2,2,1,1,3,2,2,0,1,0,1,2,3,0,1,0,0,0,0,1,0,0,0,0,0,0,0,0,1,0,0,1,0,0,0,0,0,0,1,0,0,0,0,0,0,0,0,0,0,0,0,0,0,0,0,1,0,0,0,0,0,0,0,0,0,0,0,0,0,0,0,0,0,0,0,0,0,0,0,0
0,0,0,0,0,1,0,0,0,1,0,0,1,0,3,1,2,0,2,3,1,2,2,2,3,7,9,9,7,8,14,7,12,7,16,10,11,16,17,12,17,20,24,31,37,29,28,32,36,41,45,39,52,60,53,57,54,75,66,70,62,54,72,77,76,59,97,67,74,81,51,73,67,62,68,60,77,54,63,44,61,61,59,45,49,49,47,36,48,47,28,43,26,27,24,12,33,20,20,27,14,16,14,12,14,8,12,6,7,4,11,6,3,7,3,4,3,4,4,3,4,1,1,3,2,1,1,0,0,0,0,0,1,0,0,0,0,0,0,0,0,0,0,0,0,0,0,0,0,0,1,1,0,0,0,0,0,0,0,0,0,0,0,0,0,0,0,0,0,0,0,0,0,0,0,0,0,0,0,0,0,0,0,0,0,0,0,0,0,0,0,0,0,0,0,0,0,0,0,0
0,0,0,0,0,2,0,0,0,0,0,1,1,1,3,0,2,0,4,0,2,2,2,2,2,5,12,5,16,7,20,4,7,9,13,15,15,9,18,17,27,26,29,35,34,32,40,36,42,38,30,48,54,62,50,60,64,73,49,55,66,50,90,71,79,61,91,58,77,67,56,70,69,70,67,70,66,51,66,47,59,44,36,46,41,39,42,44,32,40,46,28,21,28,32,25,28,16,20,16,15,16,14,15,14,4,12,7,8,6,10,6,4,5,4,2,5,2,3,0,1,1,2,2,1,2,0,1,0,1,1,1,1,1,0,1,0,0,0,0,0,0,0,0,0,0,1,0,1,0,0,0,0,0,0,0,0,0,0,0,0,0,0,0,0,0,0,0,0,0,0,0,0,0,0,0,0,0,0,0,0,0,0,0,0,0,0,0,0,0,0,0,0,0,0,0,0,0,0,0
1,0,0,0,0,1,1,0,0,0,0,1,1,1,1,0,5,3,3,2,1,1,1,2,7,1,5,5,10,6,22,5,4,8,15,16,5,15,18,19,14,24,32,30,39,37,42,43,35,40,42,50,44,55,51,60,62,66,64,51,71,49,49,66,73,72,76,67,79,85,55,57,73,72,58,57,42,60,47,51,57,50,39,39,42,51,34,32,30,25,34,42,23,26,22,20,18,18,19,20,15,13,16,11,9,11,9,6,7,4,6,3,3,4,4,3,5,5,1,2,1,1,1,0,0,0,3,1,2,0,1,1,0,1,0,1,0,0,0,0,0,0,0,0,1,0,0,0,0,0,0,0,0,0,0,0,0,0,0,0,0,0,0,0,0,0,0,0,0,0,0,0,0,0,0,0,0,0,0,0,0,0,0,0,0,0,0,0,0,0,0,0,0,0,0,0,0,0,0,0
0,0,0,0,0,0,1,0,0,1,0,0,2,2,0,0,2,2,1,2,0,2,2,3,1,7,11,15,9,7,14,3,10,9,14,18,8,9,17,20,21,20,23,27,30,30,38,40,39,32,38,35,42,43,53,44,66,68,53,62,57,67,67,64,56,67,55,77,69,76,74,75,73,59,59,60,60,54,60,50,49,46,46,50,43,45,32,36,27,35,31,28,23,23,27,17,22,15,18,20,18,8,18,10,10,7,6,9,8,5,9,5,8,5,4,2,2,4,2,2,2,1,2,1,1,2,4,1,2,0,0,1,3,0,1,0,0,0,1,0,0,0,0,0,0,0,0,0,0,0,0,0,0,0,0,0,0,0,0,0,0,0,0,0,0,0,0,0,0,0,0,0,0,0,0,0,0,0,0,0,0,0,0,0,0,0,0,0,0,0,0,0,0,0,0,0,0,0,0,0
0,0,0,0,0,0,1,0,0,0,2,0,1,0,0,1,1,1,1,1,0,1,2,4,0,3,13,6,6,10,15,4,8,9,10,14,13,18,15,17,20,13,24,35,30,22,29,37,35,42,41,44,43,52,38,55,65,62,53,63,60,39,58,61,62,64,77,60,72,69,54,67,43,52,71,53,67,56,48,37,59,42,42,40,36,41,30,29,36,32,30,29,24,18,22,17,20,20,22,16,12,16,10,14,10,9,3,7,7,3,13,4,7,4,3,1,8,3,3,4,4,2,2,1,0,1,1,0,0,0,0,0,1,0,0,0,0,0,0,0,1,0,0,1,0,0,0,0,0,0,0,0,0,0,0,0,0,0,0,0,0,0,0,0,0,0,0,0,0,0,0,0,0,0,0,0,0,0,0,0,0,0,0,0,0,0,0,0,0,0,0,0,0,0,0,0,0,0,0,0
0,0,0,0,0,0,0,0,0,0,1,1,1,1,2,0,0,1,0,1,2,2,3,2,5,2,13,11,12,7,10,2,7,8,7,5,15,10,19,19,23,8,26,24,32,35,32,33,37,29,37,35,44,54,55,61,55,64,54,55,52,51,66,58,69,67,64,71,67,65,65,61,60,63,67,68,64,54,46,61,48,47,37,35,43,42,38,34,29,40,18,27,25,18,21,22,19,16,15,8,9,16,6,17,14,12,7,8,13,9,9,4,3,2,4,8,0,4,3,0,0,1,3,1,2,3,0,1,1,0,1,1,0,1,2,0,1,2,0,0,0,0,1,0,0,0,0,0,0,0,0,0,0,0,0,0,0,0,1,0,0,0,0,0,0,0,0,0,0,0,0,0,0,0,0,0,0,0,0,0,0,0,0,0,0,0,0,0,0,0,0,0,0,0,0,0,0,0,0,0
1,0,0,0,0,1,0,0,0,0,1,0,1,0,4,1,0,2,2,1,0,1,3,2,2,3,7,5,10,4,10,5,10,9,15,15,11,15,9,9,21,13,20,21,33,29,32,31,34,43,46,32,34,34,46,54,50,57,70,44,61,56,58,58,62,43,60,62,55,67,57,64,67,63,69,63,45,51,37,38,44,44,43,36,41,32,29,43,36,29,24,40,29,23,20,17,17,27,15,19,9,7,12,7,8,10,6,8,6,10,4,2,6,7,3,1,4,6,2,0,1,2,2,1,1,0,0,1,1,1,2,1,3,0,0,2,0,0,0,0,0,0,0,0,1,0,0,0,0,0,0,0,0,0,0,0,0,0,0,0,0,0,1,0,0,0,0,0,0,0,0,0,0,0,0,0,0,0,0,0,0,0,0,0,0,0,0,0,0,0,0,0,0,0,0,0,0,0,0,0
1,0,1,0,0,3,0,0,0,0,1,1,3,3,2,2,0,0,2,2,1,0,2,2,6,2,8,4,12,4,9,5,8,9,8,7,15,16,16,14,19,22,20,20,27,31,31,38,37,40,39,49,45,47,58,41,58,64,48,52,50,50,49,64,58,51,63,60,47,53,55,68,61,60,44,55,49,66,41,54,51,37,41,43,34,32,37,28,25,27,26,22,14,14,31,21,23,19,27,20,7,15,15,6,11,9,10,9,11,2,4,3,2,9,3,4,6,2,3,0,2,2,3,1,0,0,0,0,0,0,0,0,0,0,0,1,0,0,0,0,0,1,0,0,0,0,0,0,1,0,0,0,0,0,0,0,0,0,0,0,0,0,0,0,0,0,1,0,0,0,0,0,0,0,0,0,0,0,0,0,0,0,0,0,0,0,0,0,0,0,0,0,0,0,0,0,0,0,0,0
0,0,0,0,0,0,2,0,0,0,0,1,1,0,2,1,0,0,3,0,0,2,3,1,2,3,4,6,15,7,17,6,7,8,9,13,8,15,14,15,12,16,30,22,22,32,22,34,30,32,42,34,49,44,53,47,52,61,54,54,53,46,53,35,67,53,66,47,41,64,58,48,43,48,49,63,61,51,52,59,34,39,44,47,41,40,41,47,31,29,29,23,32,20,14,15,16,12,12,17,10,10,16,6,10,7,8,7,6,5,4,4,0,0,2,1,2,3,2,5,0,2,0,1,0,0,1,0,0,1,0,0,1,0,2,0,0,0,0,0,0,1,1,0,0,0,0,0,0,0,1,0,0,0,0,0,0,0,0,0,0,0,0,0,0,0,0,0,0,0,0,0,0,0,0,0,0,0,0,0,0,0,0,0,0,0,0,0,0,0,0,0,0,0,0,0,0,0,0,0
0,0,1,0,0,0,0,1,0,0,1,0,0,1,1,1,3,1,1,1,0,5,1,2,5,8,7,2,13,2,17,4,3,8,7,8,15,15,10,13,10,17,22,33,22,29,29,38,29,29,36,27,41,40,36,59,46,60,44,51,69,46,49,59,61,54,53,63,60,55,61,62,44,51,47,43,44,47,50,47,35,39,38,40,34,19,33,21,25,23,24,24,18,14,25,25,10,12,12,9,10,15,9,8,6,5,13,7,5,3,5,2,7,7,3,3,2,2,3,1,2,1,0,0,1,0,2,1,0,0,0,1,2,0,0,0,0,0,1,0,1,0,0,0,0,0,0,0,0,0,0,0,0,0,0,0,0,0,0,0,0,0,0,0,0,0,0,0,0,0,0,0,0,0,0,0,0,0,0,0,0,0,0,0,0,0,0,0,0,0,0,0,0,0,0,0,0,0,0,0
0,0,0,0,0,1,0,0,0,0,0,1,1,1,1,2,1,1,4,0,0,1,2,1,0,3,15,9,8,3,8,5,6,5,12,11,13,16,13,16,16,14,18,16,23,19,31,30,35,21,35,39,29,31,44,45,45,44,54,47,62,44,44,56,54,53,51,50,54,40,49,60,63,45,44,56,37,42,33,37,36,33,40,30,35,28,36,27,28,24,25,17,26,16,18,21,21,19,13,11,13,10,6,11,14,5,5,5,2,7,4,4,1,1,3,1,0,1,3,1,1,2,0,4,1,0,2,1,2,2,0,1,0,1,1,0,1,0,1,0,0,0,0,0,0,0,0,0,0,0,0,0,0,0,0,0,0,0,0,0,0,0,0,0,0,0,0,0,0,0,0,0,0,0,0,0,0,0,0,0,0,0,0,0,0,0,0,0,0,0,0,0,0,0,0,0,0,0,0,0
0,0,1,0,0,0,2,0,0,1,0,0,2,1,1,0,3,0,1,1,1,0,1,2,4,2,8,6,11,7,10,1,1,6,6,7,6,19,14,8,16,13,20,21,25,20,24,29,26,39,42,30,36,54,49,54,40,44,44,47,40,36,44,51,45,59,43,57,51,55,49,54,59,66,43,39,42,41,46,43,29,40,40,32,33,26,26,21,26,19,32,19,12,15,24,17,10,15,7,14,14,12,7,5,9,8,4,7,2,5,6,7,1,1,3,5,5,2,5,1,4,0,0,2,3,1,2,0,0,1,1,0,0,1,0,0,1,0,0,0,1,0,0,0,0,0,0,0,0,0,0,0,0,0,0,0,0,0,0,0,0,0,0,0,0,0,0,0,0,0,0,0,0,0,0,0,0,0,0,0,0,0,0,0,0,0,0,0,0,0,0,0,0,0,0,0,0,0,0,0
0,0,1,0,0,1,1,0,1,0,0,0,1,0,1,1,4,0,0,0,0,3,4,2,2,1,6,6,9,2,15,6,3,14,8,12,14,15,16,10,9,16,16,36,27,27,18,36,23,21,20,34,26,52,38,49,50,57,52,40,52,51,58,48,39,46,47,51,45,50,49,54,58,56,54,52,36,45,33,30,43,32,35,34,42,20,27,25,23,27,24,18,17,25,18,24,20,19,13,11,9,8,7,11,10,10,13,8,4,11,3,4,3,1,1,2,5,2,1,1,1,2,1,0,0,1,0,0,1,1,0,0,1,1,0,0,0,0,0,0,0,1,0,0,0,0,0,0,0,0,0,0,0,0,0,0,0,0,0,0,0,0,0,0,0,0,0,0,0,0,0,0,0,0,0,0,0,0,0,0,0,1,0,0,0,0,0,0,0,0,1,0,0,0,0,0,0,0,1,0
0,0,0,0,0,1,1,1,0,0,0,0,3,0,0,1,1,0,2,3,0,1,0,1,3,4,5,6,10,5,12,1,4,10,8,1,7,14,13,20,21,12,15,18,13,22,23,33,20,27,35,32,43,34,32,33,38,50,44,50,48,40,52,43,53,44,46,38,51,44,41,50,52,42,40,37,31,41,43,35,36,37,36,40,26,30,25,16,26,14,22,18,12,23,17,20,21,12,12,7,12,9,8,5,8,3,3,6,5,6,3,5,7,4,4,2,2,3,2,2,2,0,0,1,1,1,0,0,0,1,0,0,0,0,0,0,1,0,0,0,0,0,0,0,0,0,0,0,0,0,0,0,0,0,0,0,0,0,0,0,0,0,0,0,0,0,0,0,0,0,0,0,0,0,0,0,0,0,0,0,0,0,0,0,0,0,0,0,0,0,0,0,0,0,0,0,0,0,0,0
1,0,0,0,0,0,0,0,0,0,0,1,1,2,1,0,1,0,0,0,0,2,1,1,1,2,5,5,9,1,21,4,5,10,10,12,11,7,14,16,19,20,24,12,19,25,24,24,28,32,28,30,29,34,38,35,46,60,48,57,46,44,39,48,40,48,54,55,52,52,49,55,52,46,56,29,38,48,35,39,35,20,30,22,39,29,24,21,26,17,24,22,13,14,15,14,16,13,13,15,3,8,7,6,8,7,4,5,5,4,3,2,2,3,4,2,1,2,2,3,1,1,2,1,2,1,0,0,0,0,1,0,0,0,0,1,0,0,1,1,0,0,0,0,0,0,0,0,0,0,0,0,0,0,1,0,0,0,0,0,0,0,0,0,0,0,0,0,0,0,0,0,0,0,0,0,0,0,0,0,0,0,0,0,0,0,0,0,0,0,0,0,0,0,0,0,0,0,0,0
2,0,0,0,0,0,0,0,0,1,0,0,0,0,1,1,2,0,0,1,2,2,4,1,4,6,5,3,7,5,12,4,7,6,10,15,11,8,17,14,11,20,27,26,25,23,25,27,27,33,34,31,29,29,31,38,39,51,46,40,45,36,44,32,46,46,48,47,50,54,52,57,46,42,42,52,37,36,31,40,33,31,26,28,31,30,26,26,15,17,17,12,12,20,17,18,15,19,12,7,9,12,8,8,3,9,11,3,4,5,6,4,0,5,1,1,2,0,3,1,1,2,4,0,1,0,0,1,1,0,1,3,0,0,0,0,0,0,0,1,0,0,0,1,0,0,0,0,0,0,0,0,0,0,0,0,0,0,0,0,0,0,0,0,0,0,0,0,0,0,0,0,0,0,0,0,0,0,0,0,0,0,0,0,0,0,0,0,0,0,0,0,0,0,0,0,0,0,0,0
0,0,2,0,0,1,1,0,0,0,0,1,0,0,2,2,2,0,1,0,0,0,1,2,3,5,8,6,7,6,12,6,9,4,12,9,9,14,10,10,23,18,21,17,21,27,28,22,22,29,26,26,37,39,38,38,44,52,37,43,54,41,42,45,38,35,43,39,37,36,37,39,40,47,52,41,45,30,43,29,36,27,25,25,27,23,23,24,17,18,17,23,17,12,17,11,14,9,5,9,6,9,7,5,5,5,2,3,3,1,4,4,3,2,0,2,3,6,0,0,1,0,0,0,0,2,0,0,0,1,0,0,0,1,0,0,0,1,0,0,0,0,0,0,0,0,0,0,0,0,0,0,0,0,0,0,0,0,0,0,0,0,0,0,0,1,0,1,0,0,0,0,0,0,0,0,0,0,0,0,0,0,0,0,0,0,0,0,0,0,0,0,0,0,0,0,0,0,0,0
1,0,0,0,0,0,0,0,0,0,0,0,0,0,1,0,1,0,2,2,0,0,3,0,7,4,7,3,5,8,6,5,4,8,8,12,13,14,17,14,18,16,15,22,21,18,23,32,25,10,18,26,27,35,30,30,44,51,39,44,33,45,38,46,49,53,53,45,41,40,41,42,46,48,49,26,39,32,38,39,38,35,33,21,29,31,22,18,16,25,16,12,20,12,19,15,12,7,7,8,9,11,3,10,4,5,3,3,4,8,3,4,7,1,4,2,1,2,3,2,2,0,1,1,0,0,0,1,0,0,0,1,0,1,0,0,0,0,0,0,1,0,0,0,0,0,0,0,0,0,0,0,0,0,0,0,0,0,0,0,0,0,0,0,0,0,0,0,0,0,0,0,0,0,0,0,0,0,0,0,0,0,0,0,0,0,0,0,0,0,0,0,0,0,0,0,0,0,0,0
0,0,0,0,0,1,0,0,0,0,0,0,0,0,2,0,1,0,1,0,0,0,1,5,2,3,4,6,9,2,7,4,2,4,7,4,9,11,6,13,5,13,19,27,22,18,18,22,27,19,29,41,27,37,33,37,40,38,31,46,48,37,46,43,44,45,35,40,38,43,39,44,42,37,37,44,31,34,34,39,31,25,26,21,32,21,24,21,25,25,18,13,12,19,14,8,13,14,11,15,8,5,7,3,4,2,8,6,2,6,4,1,6,1,5,3,5,6,2,3,3,0,2,0,0,0,0,0,0,0,1,0,0,1,0,0,0,0,0,0,0,0,0,0,0,0,0,0,0,0,0,0,0,0,0,0,0,0,0,0,0,0,0,0,0,0,0,0,0,0,0,0,0,0,0,0,0,0,0,0,0,0,0,0,0,0,0,0,0,0,0,0,0,0,0,0,0,0,0,0
0,0,0,0,0,0,0,0,0,0,0,0,2,0,1,2,1,0,0,2,1,0,1,1,2,2,8,3,6,4,8,4,5,3,7,9,7,16,9,10,10,16,16,19,17,11,21,14,25,31,22,19,25,25,42,26,37,46,35,35,42,37,46,37,48,32,48,50,49,37,41,38,48,38,40,43,28,33,42,30,27,31,30,18,34,20,24,19,28,11,11,10,15,16,15,10,16,7,10,7,9,3,10,13,4,5,6,4,2,3,6,3,6,2,1,0,1,2,2,3,2,2,2,1,1,0,1,0,0,0,0,0,0,0,0,1,0,1,0,0,0,0,0,0,0,0,0,0,0,0,0,0,0,0,0,0,0,0,0,0,0,0,0,0,0,0,0,0,0,0,0,0,0,0,0,0,0,0,0,0,0,0,0,0,0,0,0,0,0,0,0,0,0,0,0,0,0,0,0,0
0,0,0,0,0,1,0,0,0,0,0,0,1,0,1,0,0,1,0,0,0,2,0,2,4,4,5,8,8,3,7,0,2,9,5,14,10,6,5,8,11,13,17,22,15,15,14,27,25,18,20,28,22,31,32,35,31,45,44,35,31,41,33,55,39,44,44,45,47,42,35,34,41,33,39,32,27,42,34,34,25,22,24,28,35,24,27,24,17,14,13,16,10,8,23,14,15,17,11,9,10,5,8,2,9,5,6,1,4,1,3,3,1,0,4,0,1,3,0,3,1,0,0,0,0,0,1,0,0,0,1,1,0,0,1,0,0,0,0,0,0,0,0,0,0,0,0,0,0,0,0,0,0,0,0,0,0,0,0,0,0,0,0,0,0,0,0,0,0,0,0,0,0,0,0,0,0,0,0,0,0,0,0,1,0,0,0,0,0,0,0,0,0,0,0,0,0,0,0,0
0,0,0,0,0,0,1,0,0,0,0,0,1,0,2,1,1,0,1,0,1,0,0,4,4,4,5,5,10,4,5,3,2,5,9,10,10,10,9,12,20,11,17,17,15,16,20,28,25,27,25,18,28,20,31,34,38,43,30,31,37,42,42,36,54,34,42,39,35,47,37,32,32,47,39,38,35,26,43,37,29,20,29,31,16,27,20,18,18,18,18,21,22,20,10,10,16,10,14,8,11,12,5,2,7,4,6,2,4,1,2,0,0,2,2,2,1,0,1,1,1,0,1,0,0,0,0,0,1,1,0,2,0,0,0,0,0,0,0,0,1,0,0,0,0,0,0,1,0,0,0,0,0,0,0,0,0,0,0,0,0,0,0,0,0,0,0,0,0,0,0,0,0,0,0,0,0,0,0,0,0,0,0,0,0,0,0,0,0,0,0,0,0,0,0,0,0,0,0,0
0,0,0,0,0,1,0,0,0,0,0,0,0,2,1,0,3,1,0,2,0,0,0,1,7,3,5,3,12,4,10,6,5,7,5,9,13,11,7,12,9,8,19,19,16,18,21,22,32,24,21,23,29,39,26,35,39,32,32,31,34,32,29,35,34,32,37,46,40,43,38,31,35,35,37,29,32,31,28,33,36,22,28,15,13,15,17,17,23,14,23,19,13,15,9,15,8,10,11,2,7,5,4,5,9,9,2,2,7,5,3,2,1,0,0,0,1,3,2,1,1,0,3,0,0,0,0,2,1,1,0,0,0,1,0,0,0,0,1,0,0,0,0,0,0,0,0,0,0,0,0,0,0,0,0,0,0,0,0,0,0,0,0,0,0,1,0,0,0,0,0,0,1,0,0,0,0,0,0,0,0,0,0,0,0,0,0,0,0,0,0,0,0,0,0,0,0,0,0,0
0,0,0,0,0,0,0,0,0,0,0,1,0,0,2,2,0,1,2,0,0,1,4,0,3,4,7,6,6,3,14,4,4,4,10,8,9,9,10,15,6,14,8,14,23,17,21,21,25,19,22,22,29,21,28,26,27,52,34,34,32,28,25,33,31,42,28,42,39,36,25,41,31,40,39,35,25,30,33,31,18,24,16,34,21,32,15,13,12,23,17,16,13,21,15,14,15,13,5,7,2,5,8,4,3,5,5,9,3,2,4,2,5,6,2,0,3,0,2,0,2,2,0,0,1,0,0,0,0,1,0,0,0,0,0,0,0,0,0,0,0,0,0,0,0,0,0,0,0,0,0,0,0,0,0,0,0,0,0,0,0,0,0,0,0,0,0,0,0,0,0,0,0,0,0,0,0,0,0,0,0,0,0,0,0,0,0,1,0,0,0,0,0,0,0,0,0,0,0,0
1,0,0,0,0,0,0,0,0,0,0,1,0,2,3,1,0,2,2,1,1,2,1,1,4,2,2,0,2,5,3,2,4,1,3,7,6,7,12,4,11,10,21,27,16,14,15,20,23,17,18,18,25,30,24,27,40,33,20,36,34,29,41,50,37,39,44,41,34,38,18,45,38,31,29,28,34,21,32,27,25,29,24,19,21,26,19,19,16,13,25,10,19,11,13,10,16,7,3,13,7,7,8,6,2,3,3,2,4,2,3,3,0,2,1,0,2,1,3,2,2,1,2,1,1,2,1,0,1,0,2,0,0,0,1,0,1,0,0,0,0,0,0,0,0,0,0,0,0,0,0,0,0,0,0,0,0,0,0,0,0,0,0,0,0,0,0,0,0,0,0,0,0,0,0,0,0,0,0,0,0,0,0,0,0,0,0,0,0,0,0,0,0,0,0,0,0,0,0,0
0,0,0,0,0,0,1,0,1,0,0,2,1,1,0,0,0,1,1,1,1,0,0,3,1,2,4,10,6,1,10,3,6,6,5,12,12,6,6,14,12,6,18,16,15,12,17,16,24,23,29,33,27,23,27,32,43,25,25,34,30,35,28,26,36,20,37,47,31,33,35,37,32,36,36,27,36,25,27,29,25,20,13,22,30,22,20,13,19,15,10,10,10,12,9,10,11,12,6,10,9,6,4,2,2,4,4,0,5,2,2,0,3,2,2,3,0,1,1,2,0,0,0,0,2,0,0,0,1,0,0,0,0,1,0,0,0,0,0,0,0,0,0,1,0,0,0,0,0,0,0,0,0,0,0,0,0,0,0,0,0,0,0,0,0,0,0,0,0,0,0,0,0,0,0,0,0,0,0,0,0,0,0,0,0,0,0,0,0,0,0,0,0,0,0,0,0,0,0,0
0,0,0,0,0,0,0,0,0,0,0,0,0,0,0,2,3,1,1,0,1,0,1,0,3,3,5,2,7,2,4,1,2,5,4,9,3,7,7,10,11,11,8,20,12,20,21,9,18,28,24,25,20,26,31,30,34,35,35,25,29,33,38,32,42,26,46,28,30,44,34,30,33,36,34,31,23,27,28,19,32,25,23,17,23,17,19,14,22,14,17,13,13,8,14,12,9,9,6,5,3,5,6,4,3,4,1,2,3,1,3,4,1,1,5,2,1,1,1,0,0,0,0,3,0,0,0,0,1,0,1,0,1,0,0,0,0,0,0,0,0,0,0,0,0,0,0,0,0,0,0,0,0,0,0,0,0,0,0,0,0,0,0,0,0,0,0,0,0,0,0,0,0,0,0,0,0,0,0,0,0,0,0,0,0,0,0,0,0,0,0,0,0,0,0,0,0,0,0,0
0,0,0,0,0,0,0,0,0,0,0,1,0,0,0,0,0,1,0,2,0,1,1,0,5,4,10,2,1,2,8,4,3,5,3,5,7,6,7,6,14,15,13,14,23,12,16,20,27,27,15,31,24,24,33,36,32,28,33,35,22,30,29,34,25,36,27,28,35,36,23,31,29,30,26,31,34,28,17,17,22,15,25,21,16,20,15,13,20,13,10,18,7,4,12,7,7,14,8,14,7,3,2,1,5,3,4,3,4,3,0,2,2,1,3,0,2,0,1,4,0,1,1,0,2,0,0,0,2,1,0,1,1,1,0,0,0,0,0,0,0,0,0,0,0,0,0,0,0,0,0,0,0,0,0,0,0,0,0,0,0,0,0,0,0,0,0,0,0,0,0,0,0,0,0,0,0,0,0,0,0,0,0,0,0,0,0,0,0,0,0,0,0,0,0,0,0,0,0,0
0,0,0,0,0,0,0,0,0,1,0,2,0,0,0,2,1,0,0,0,0,0,1,1,1,3,2,3,2,2,6,5,3,6,6,9,9,4,5,8,13,9,11,12,11,8,13,18,22,30,26,16,25,21,17,30,33,26,26,36,27,26,32,39,33,36,29,33,35,31,27,35,30,39,35,26,29,29,30,18,22,21,23,20,15,20,16,16,14,18,11,13,10,11,7,6,7,11,8,6,2,4,6,5,5,5,3,6,2,3,4,2,2,0,1,1,0,1,1,0,2,0,0,3,0,0,1,2,0,0,0,0,0,0,1,0,0,0,0,0,0,0,0,0,0,0,0,0,0,0,0,0,0,0,0,0,0,0,0,0,0,0,0,0,0,0,0,0,0,0,0,0,0,0,0,0,0,0,0,0,0,0,0,0,0,0,0,0,0,0,0,0,0,0,0,0,0,0,0,0
0,0,0,0,0,3,0,0,0,0,0,1,0,0,3,2,1,1,2,1,0,0,0,2,4,2,2,2,1,3,7,1,4,3,6,6,9,9,10,9,11,8,12,16,14,15,12,17,10,15,19,20,26,21,27,17,18,38,35,28,33,36,31,26,33,33,30,25,29,32,28,34,21,23,24,28,33,23,25,26,22,20,18,15,30,16,12,18,19,18,13,10,13,12,13,8,6,12,5,9,12,7,5,5,4,2,0,3,5,6,5,3,1,1,0,1,1,0,1,0,1,0,0,1,0,0,0,0,0,0,0,1,1,0,0,0,0,0,0,0,0,0,0,0,0,0,0,0,0,0,0,0,0,0,0,0,0,0,0,0,0,0,0,0,0,0,0,0,0,0,0,0,0,0,0,0,0,0,0,0,0,0,0,0,0,0,0,0,0,0,0,0,0,0,0,0,0,0,0,0
1,0,0,0,0,2,0,0,0,0,0,0,0,0,1,0,1,1,1,2,0,4,1,1,3,6,6,3,6,0,5,2,3,3,6,3,5,10,10,8,8,7,7,11,11,15,15,22,19,19,16,23,24,34,29,26,35,29,36,38,33,30,28,31,21,26,42,23,27,24,31,29,31,32,32,33,26,17,25,24,19,24,17,20,17,19,11,17,9,19,9,15,9,13,7,7,9,8,8,11,7,3,8,6,3,2,3,2,6,1,4,6,4,0,1,2,2,1,2,0,3,1,0,1,1,0,0,0,0,0,0,0,1,2,1,0,0,0,0,0,0,0,0,0,0,2,0,0,0,0,0,0,0,0,0,0,0,0,0,0,0,0,0,0,0,0,0,0,0,0,0,0,0,0,0,0,0,0,0,0,0,0,0,0,0,0,0,0,0,0,0,0,0,0,0,0,0,0,0,0
0,0,0,0,0,0,0,0,0,0,0,0,0,0,1,0,2,3,1,0,0,1,2,1,4,1,2,3,5,6,2,4,2,4,1,6,4,5,9,8,11,9,10,18,13,17,12,18,19,22,21,23,13,18,23,22,31,29,26,30,22,31,15,35,37,41,27,27,27,36,24,38,30,18,29,18,14,26,27,20,11,23,19,14,23,11,14,11,14,13,13,13,8,14,10,11,10,9,10,6,4,6,6,5,3,4,3,5,4,5,0,2,6,1,4,1,0,1,0,0,0,0,0,1,0,1,0,0,0,2,0,0,0,0,0,0,0,0,0,0,0,0,0,0,0,0,0,0,0,0,0,0,1,0,0,0,0,0,0,0,0,0,0,0,0,0,0,0,0,0,0,0,1,0,0,0,0,0,0,0,0,0,0,0,0,0,0,0,0,0,0,0,0,0,0,0,0,0,0,0
0,0,1,0,1,0,0,0,0,0,0,0,2,0,1,0,2,2,1,0,1,0,1,0,0,4,5,2,6,1,4,4,1,2,7,1,9,7,10,10,10,9,7,10,12,12,19,20,25,26,15,19,20,25,30,26,26,37,21,17,21,22,25,29,25,38,32,29,29,28,29,26,29,35,16,20,34,20,18,15,18,21,15,22,21,11,16,8,13,11,6,7,7,12,7,5,8,6,6,8,4,2,11,5,5,1,3,1,4,5,3,2,1,1,3,2,2,3,2,2,1,3,0,0,0,1,0,1,0,0,0,0,0,0,2,0,0,0,0,0,0,0,0,0,0,0,0,0,0,0,0,0,0,1,0,0,0,0,0,0,0,0,0,0,0,0,0,0,0,0,0,0,0,0,0,0,0,0,0,0,0,0,0,0,0,0,0,0,0,0,0,0,0,0,0,0,0,0,0,0
0,0,0,0,0,0,1,0,0,0,0,0,0,0,0,0,1,0,0,1,1,0,0,1,4,4,3,2,8,2,6,1,1,7,2,5,3,15,6,5,10,12,4,20,17,10,13,17,22,21,17,17,20,26,29,27,22,32,25,24,24,30,20,35,27,31,26,27,27,24,21,16,30,25,23,28,21,16,23,24,14,19,15,18,14,16,15,18,11,10,10,8,5,9,9,8,5,7,5,10,3,3,4,3,7,5,1,7,1,1,3,3,1,1,2,1,0,0,0,0,0,0,0,1,0,2,1,1,0,1,0,0,0,0,0,0,0,0,0,0,0,0,0,0,0,0,0,0,0,0,0,0,0,0,0,0,0,0,0,0,0,0,0,0,0,0,0,0,0,0,0,0,0,0,0,0,0,0,0,0,0,0,0,0,0,0,0,0,0,0,0,0,0,0,0,0,0,0,0,0
0,0,0,0,0,0,0,0,0,0,0,0,0,2,4,0,1,1,0,0,0,0,0,1,3,3,1,5,3,2,5,0,1,4,8,6,8,5,1,12,16,5,6,8,10,6,11,12,8,13,11,20,22,22,24,21,24,21,19,15,26,20,21,30,25,19,23,27,23,29,29,29,22,23,20,19,33,15,17,19,16,17,20,16,13,13,14,17,11,9,10,7,7,3,18,12,7,9,6,5,6,3,4,1,7,5,1,1,3,1,1,1,1,1,1,0,0,0,1,1,0,1,0,1,0,0,0,0,0,0,0,0,0,0,1,0,1,0,0,0,0,0,0,0,0,0,0,0,0,0,0,0,0,0,0,0,0,0,0,0,0,0,0,0,0,0,0,0,0,0,0,0,0,0,0,0,0,0,0,0,0,0,0,0,0,0,0,0,0,0,0,0,0,0,0,0,0,0,0,0
0,0,0,0,0,0,0,0,0,1,0,0,1,0,1,0,1,1,0,2,1,2,2,0,2,1,2,1,6,1,6,1,3,5,8,5,7,5,6,7,7,13,13,17,13,8,12,18,8,19,12,11,20,29,30,23,29,25,27,29,31,28,24,21,29,25,36,17,30,31,23,20,25,24,24,20,26,11,35,26,17,14,14,9,15,12,13,20,13,17,14,10,14,7,15,8,4,6,3,6,8,2,6,5,2,3,5,1,1,0,2,1,3,2,0,1,2,0,0,0,1,0,0,0,1,0,0,1,0,0,1,0,0,0,0,0,0,0,0,0,0,0,0,0,0,0,0,0,0,0,0,0,0,0,0,0,0,0,0,0,0,0,0,0,0,0,0,0,0,0,0,0,0,0,0,0,0,0,0,0,0,0,0,0,0,0,0,0,0,0,0,0,0,0,0,0,0,0,0,0
0,0,0,0,0,0,0,0,0,0,0,0,1,0,0,0,3,0,0,0,0,0,0,2,3,1,6,3,6,4,6,2,3,4,7,9,6,3,5,7,4,7,16,12,13,14,15,16,15,21,22,16,21,24,15,21,16,21,19,26,22,24,24,17,27,23,23,19,31,29,25,25,22,20,28,17,24,31,21,11,14,24,17,9,12,17,13,12,9,13,14,12,7,9,10,5,6,7,3,5,2,5,5,3,3,6,6,0,4,5,2,3,0,1,3,4,1,0,1,0,1,0,1,1,0,0,0,0,0,1,0,1,0,0,0,0,0,0,0,0,0,0,0,0,0,0,0,0,0,0,0,0,0,0,0,0,0,0,0,0,0,0,0,0,0,0,0,0,0,0,0,0,0,0,0,0,0,0,0,0,0,0,0,0,0,0,0,0,0,0,0,0,0,0,0,0,0,0,0,0
0,0,0,0,0,0,1,0,0,0,0,0,1,0,0,0,3,0,1,0,0,0,1,1,3,0,3,1,1,3,4,2,4,7,6,6,8,7,7,10,10,11,6,16,12,9,15,17,11,14,16,12,6,27,17,22,12,26,27,24,29,24,17,24,28,15,34,16,23,26,22,36,26,19,26,22,24,17,18,19,14,11,22,15,11,16,10,8,6,8,9,10,7,7,4,3,9,6,4,0,6,7,2,3,6,2,1,3,2,2,2,4,2,2,1,2,0,3,1,1,1,0,1,0,0,0,0,1,1,0,0,1,0,0,0,0,0,1,0,0,0,0,0,0,0,0,0,0,0,0,0,0,0,0,0,0,0,0,0,0,0,0,0,0,0,0,0,0,0,0,0,0,0,0,0,0,0,0,0,0,0,0,0,0,0,0,0,0,0,0,0,0,0,0,0,0,0,0,0,0
1,0,0,0,0,1,0,0,0,0,0,0,1,0,1,1,1,1,1,1,0,1,0,1,1,3,2,1,5,7,4,2,3,3,4,7,9,8,4,4,5,9,3,12,10,8,8,13,17,16,19,15,16,16,18,19,19,29,28,27,28,22,38,23,24,25,30,23,23,26,30,28,26,22,20,14,20,21,12,15,13,13,18,6,10,10,9,10,15,7,9,11,5,4,6,8,8,7,8,7,5,0,4,4,3,2,3,2,3,1,0,3,3,3,3,1,1,0,0,1,0,1,0,1,0,0,1,0,0,0,0,0,0,0,0,0,1,0,0,0,0,0,0,0,0,0,0,0,1,0,0,0,0,0,0,0,0,0,0,0,0,0,0,0,0,0,0,0,0,0,0,0,0,0,0,0,0,0,0,0,0,0,0,0,0,0,0,0,0,0,0,0,0,0,0,0,0,0,0,0
0,0,1,0,0,0,0,0,0,0,0,0,0,1,1,0,1,0,0,0,0,0,2,1,5,1,4,3,1,1,5,2,2,6,3,4,7,7,2,3,13,6,11,15,16,10,11,21,13,14,14,21,21,21,24,20,16,29,17,32,25,24,19,23,22,19,21,24,20,14,23,22,23,13,18,14,14,16,15,13,18,11,11,12,24,17,10,11,9,16,14,9,6,9,4,9,3,7,4,5,8,2,1,3,4,3,4,3,2,2,3,2,2,1,1,0,3,2,1,1,2,2,0,0,0,0,0,0,1,0,0,0,1,0,0,0,0,0,0,0,0,0,0,0,0,0,0,0,0,0,0,0,0,0,0,0,0,0,0,0,0,0,0,0,0,0,0,0,0,0,0,0,0,0,0,0,0,0,0,0,0,0,0,0,0,0,0,0,0,0,0,0,0,0,0,0,0,0,0,0
0,0,0,0,0,0,0,0,0,0,0,0,0,0,0,0,0,0,1,0,1,1,1,0,3,2,1,3,7,2,11,2,3,2,3,8,7,6,3,8,8,6,11,9,12,14,11,11,19,17,16,15,17,25,19,15,20,27,27,24,23,15,23,22,14,16,15,30,19,13,20,30,23,24,24,18,20,18,13,19,7,14,11,9,12,18,14,3,13,11,10,14,11,4,9,5,5,7,5,3,3,1,2,2,0,3,3,4,1,0,3,3,3,0,0,0,0,0,0,0,0,0,0,1,0,0,0,0,0,0,0,0,1,0,0,0,0,0,0,0,0,0,0,0,0,0,0,0,0,0,0,0,0,0,0,0,0,0,0,0,0,0,0,0,0,0,0,0,0,1,0,0,0,0,0,0,0,0,0,0,0,0,0,0,0,0,0,0,0,0,0,0,0,0,0,0,0,0,0,0
0,0,0,0,0,0,0,0,1,0,0,0,0,0,1,0,0,0,0,1,0,1,2,0,0,3,0,3,8,1,5,2,2,3,4,1,6,3,6,8,9,6,5,7,12,10,20,17,6,16,12,17,17,20,21,20,25,18,15,23,19,17,23,20,22,16,22,25,25,22,16,20,18,19,18,11,19,17,21,18,11,13,10,17,15,15,9,8,12,8,3,6,12,9,8,7,9,7,6,7,3,4,3,2,0,3,0,1,0,3,1,3,0,1,2,0,0,1,1,0,2,0,0,0,1,1,0,0,0,0,0,1,0,0,1,0,0,0,0,0,0,0,0,0,0,0,0,0,0,0,0,0,0,0,0,0,0,0,0,0,0,0,0,0,0,0,0,0,0,0,0,0,0,0,0,0,0,0,0,0,0,0,0,0,0,0,0,0,0,0,0,0,0,0,0,0,0,0,0,0
0,0,0,0,0,0,0,0,0,0,0,0,0,0,1,0,1,0,0,0,1,0,1,2,3,0,5,1,2,1,4,0,4,2,1,1,6,3,12,10,10,10,11,16,7,10,4,19,12,15,11,12,11,16,19,17,18,21,23,17,19,18,24,18,10,22,20,13,23,22,20,14,19,22,21,13,23,16,22,8,13,17,17,16,15,12,12,14,10,10,4,5,4,8,6,5,4,4,4,0,2,6,1,3,3,2,3,0,1,2,2,3,3,0,0,2,0,0,0,1,2,0,1,1,1,0,0,0,0,0,0,0,0,0,0,0,0,0,0,0,1,0,0,0,0,0,0,0,0,0,0,0,0,0,0,0,0,0,0,0,0,0,0,0,0,0,0,0,0,0,0,0,0,0,0,0,0,0,0,0,0,0,0,0,0,0,0,0,0,0,0,0,0,0,0,0,0,0,0,0
0,0,0,0,0,1,0,0,0,0,0,1,1,0,0,0,1,2,0,0,0,0,3,0,1,0,4,3,2,2,4,2,3,5,4,6,6,8,6,3,7,8,6,8,15,12,16,7,14,15,13,15,15,16,23,18,17,20,22,16,19,19,19,15,27,29,23,28,28,25,21,17,29,18,11,18,18,25,19,14,11,16,18,6,10,11,10,9,12,9,7,10,8,4,4,4,6,6,6,0,1,3,5,1,2,3,3,2,4,2,3,0,1,2,2,1,0,1,0,0,1,1,0,1,0,1,1,0,0,0,0,0,0,0,1,0,0,0,0,0,0,0,0,0,0,0,2,0,0,0,0,0,0,0,0,0,0,0,0,0,0,0,0,0,0,0,0,0,0,0,0,0,0,0,0,0,0,0,0,0,0,0,0,0,0,0,0,0,0,0,0,0,0,0,0,0,0,0,0,0
0,0,0,0,0,1,0,0,0,0,0,0,0,0,1,0,0,1,1,0,0,1,1,1,2,0,3,1,1,5,2,3,5,2,7,1,3,2,5,6,9,5,7,8,11,11,12,11,14,15,20,14,10,17,12,14,26,31,19,24,20,21,17,30,22,24,26,24,25,23,15,26,17,15,24,14,18,17,13,15,22,14,8,9,11,7,14,17,8,11,9,9,3,9,2,6,4,7,5,3,4,3,3,3,3,1,3,5,4,3,1,0,1,2,2,1,1,1,4,1,0,0,1,2,0,1,0,0,0,0,0,0,0,0,0,0,0,0,1,0,0,0,0,0,0,0,0,0,0,0,0,0,0,0,0,0,0,0,0,0,0,0,0,0,0,0,0,0,0,0,0,0,0,0,0,0,0,0,0,0,0,0,0,0,0,0,0,0,0,0,0,0,0,0,0,0,0,0,0,0
0,0,0,0,0,0,1,0,0,0,0,0,0,0,0,1,2,0,0,0,0,0,0,1,0,0,6,4,2,4,7,0,1,4,2,1,5,7,4,7,7,3,7,10,13,11,9,16,11,11,11,15,8,12,20,22,17,28,16,17,23,14,19,20,21,23,23,14,15,17,18,19,12,22,13,11,8,10,15,17,14,14,14,6,10,7,12,7,8,14,6,8,8,4,3,4,3,4,2,4,4,5,6,1,4,2,2,3,1,0,1,1,4,1,2,0,0,1,1,1,0,0,0,1,0,1,0,0,1,0,0,0,1,0,0,0,0,0,0,0,0,0,0,0,0,0,0,0,0,0,0,0,0,0,0,1,0,0,0,0,0,0,0,0,0,0,0,0,0,0,0,0,0,0,0,0,0,0,0,0,1,0,0,0,0,0,0,0,0,0,0,0,0,0,0,0,0,0,0,0
0,0,0,0,0,0,0,0,0,0,0,0,0,0,0,0,0,0,1,0,0,0,0,2,2,0,2,2,2,1,4,2,1,1,5,5,6,7,3,7,1,9,7,6,12,7,3,15,8,18,12,7,8,13,12,20,17,22,20,15,17,16,17,20,17,14,19,15,19,18,16,17,18,14,15,19,10,18,21,13,14,15,12,9,13,9,8,14,7,4,6,7,6,6,9,3,3,7,3,1,8,4,4,1,2,1,0,2,2,3,2,1,2,0,3,1,1,0,1,1,2,0,1,0,0,0,1,0,0,0,0,0,0,0,2,0,0,0,0,0,0,0,0,0,0,0,0,0,0,0,0,0,0,0,0,0,0,0,0,0,0,0,0,0,0,0,0,0,0,0,0,0,0,0,0,0,0,0,0,0,0,0,0,0,0,0,0,0,0,0,0,0,0,0,0,0,0,0,0,0
0,0,0,0,0,0,0,0,0,1,0,0,0,0,0,0,2,0,1,0,1,0,0,0,3,1,3,3,3,2,5,2,2,1,5,0,5,6,4,5,3,6,10,13,7,12,11,11,6,20,18,19,19,13,15,16,12,18,18,14,24,18,20,19,20,25,16,20,18,13,16,20,12,16,25,18,19,8,12,19,9,14,6,10,12,18,5,9,5,10,6,9,7,6,4,4,7,2,0,4,2,2,1,3,4,1,0,2,0,0,2,0,2,1,1,2,0,0,2,0,1,0,0,0,1,1,0,0,0,0,0,0,0,0,0,0,0,0,0,0,0,0,0,0,0,0,0,0,0,0,0,0,0,0,0,0,0,0,0,0,0,0,0,0,0,0,0,0,0,0,0,0,0,0,0,0,0,0,0,0,0,0,0,0,0,0,0,0,0,0,0,0,0,0,0,0,0,0,0,0
0,0,0,0,0,1,0,0,0,0,0,1,0,0,2,0,0,1,0,0,0,0,0,1,1,0,2,4,4,2,6,1,3,5,9,4,7,3,6,5,6,5,3,8,9,9,15,8,10,10,8,13,9,22,15,18,16,19,16,15,19,25,12,22,11,17,20,19,8,16,12,11,14,25,12,16,11,11,10,13,9,11,16,9,18,11,9,11,4,5,9,6,5,4,4,4,1,3,5,4,2,4,4,3,1,4,1,2,1,2,1,0,4,1,0,0,0,0,0,0,0,0,0,0,0,1,0,1,0,0,0,0,0,0,0,0,0,1,0,0,0,0,0,0,0,0,0,0,0,0,0,0,0,0,0,0,0,0,0,0,0,0,0,0,0,0,0,0,0,0,0,0,0,0,0,0,0,0,0,0,0,0,0,0,0,0,0,0,0,0,0,0,0,0,0,0,0,0,0,0
0,0,0,0,0,0,0,0,0,0,0,0,0,0,3,0,1,1,0,0,0,0,0,1,2,0,3,2,1,0,2,1,1,1,6,1,8,3,3,8,11,7,6,11,3,9,9,6,15,12,13,15,11,16,15,14,18,14,12,22,16,11,11,17,19,6,11,19,25,14,10,14,14,17,21,18,7,13,11,13,14,15,11,12,8,11,13,5,6,8,5,7,4,10,6,5,6,2,2,2,4,1,5,5,6,5,0,0,2,0,0,0,0,1,1,2,1,0,1,0,0,0,0,0,0,0,1,0,0,0,0,0,0,0,0,1,0,0,0,0,0,1,0,0,0,0,0,1,0,0,0,0,0,0,0,0,0,0,0,0,0,0,0,0,0,0,0,0,0,0,0,0,0,0,0,0,0,0,0,0,0,0,0,0,0,0,0,0,0,0,0,0,0,0,0,0,0,0,0,0
0,0,1,0,0,0,0,0,0,0,0,1,0,1,0,0,0,0,1,0,2,1,1,0,1,2,4,3,2,1,6,2,0,4,2,4,5,3,6,4,7,4,5,7,12,10,17,12,15,14,10,12,11,17,18,19,10,14,17,21,19,23,12,14,13,15,18,13,16,16,12,18,20,12,8,11,13,15,11,9,10,5,9,5,11,7,8,4,6,4,9,5,7,3,4,3,10,4,2,3,2,2,3,2,1,2,0,1,0,1,1,3,0,1,1,1,2,0,1,0,0,0,1,0,0,1,0,0,0,0,1,0,0,0,0,1,0,0,0,0,0,0,0,0,0,0,0,0,0,0,0,0,0,0,0,0,0,0,0,0,0,0,0,0,0,0,0,0,0,0,0,0,0,0,0,0,0,0,0,0,0,0,0,0,0,0,0,0,0,0,0,0,0,0,0,0,0,0,0,0
0,0,0,0,0,0,1,0,0,0,0,0,0,0,0,0,0,1,0,2,0,0,0,0,1,0,4,3,2,4,7,0,1,4,4,5,3,4,7,3,3,5,7,7,6,8,11,7,14,10,9,12,16,11,16,15,11,18,15,22,17,12,16,17,15,8,25,17,14,20,12,14,17,11,15,20,15,13,11,16,8,8,10,9,7,7,4,12,9,5,3,8,2,8,3,6,4,9,4,2,3,1,2,2,3,2,6,3,2,2,0,1,0,0,2,1,1,0,0,0,0,0,0,0,0,0,1,0,0,0,0,1,0,0,0,0,0,0,0,0,0,0,0,0,0,0,0,0,0,1,0,0,0,0,0,0,0,0,0,0,0,0,0,0,0,0,0,0,0,0,0,0,0,0,0,0,0,0,0,0,0,0,0,0,0,0,0,0,0,0,0,0,0,0,0,0,0,0,0,0
0,0,0,0,0,0,0,0,0,0,0,0,1,0,1,0,1,0,1,1,0,0,0,0,0,1,1,1,5,2,5,2,3,2,4,7,2,5,3,1,1,5,5,7,6,6,11,7,12,13,10,5,11,15,9,11,14,17,17,26,13,16,17,14,13,12,20,23,18,17,12,20,11,13,15,26,9,19,18,11,15,12,10,5,7,7,5,10,6,5,10,7,6,9,4,1,2,5,0,2,4,3,1,4,5,2,3,3,4,0,2,1,0,2,0,0,1,2,0,2,1,1,0,0,0,0,0,0,0,0,0,0,0,0,0,0,0,0,0,0,1,0,0,1,0,0,0,0,0,0,0,0,0,0,0,0,0,0,0,0,0,0,0,0,0,0,0,0,0,0,0,0,0,0,0,0,0,0,0,0,0,0,0,0,0,0,0,0,0,0,0,0,0,0,0,0,0,0,0,0
1,0,0,0,0,0,0,0,0,0,0,0,0,0,0,0,0,0,0,0,0,0,0,1,1,2,4,0,1,2,5,1,4,4,2,5,5,5,6,6,3,6,11,6,9,4,13,8,10,10,6,11,13,12,17,17,14,16,19,13,9,11,17,15,8,13,22,13,16,17,11,6,21,8,13,8,16,10,14,8,11,7,7,11,16,9,10,5,10,4,7,5,7,8,4,9,0,4,3,3,1,3,3,1,1,3,2,0,2,1,0,0,3,1,2,0,1,1,0,0,1,0,0,0,0,1,0,0,0,0,0,0,0,0,0,0,0,0,0,0,0,0,0,0,0,0,0,0,0,0,0,0,0,0,0,0,0,0,0,0,0,0,0,0,0,0,0,0,0,0,0,1,0,0,0,0,0,0,0,0,0,0,0,0,0,0,0,0,0,0,0,0,0,0,0,0,0,0,0,0
0,0,0,0,0,0,0,0,1,0,0,0,0,0,0,0,2,0,1,0,0,0,0,0,1,0,3,1,2,1,3,1,0,3,5,4,2,6,4,5,2,2,10,8,7,9,10,9,8,15,8,8,11,15,21,13,12,15,14,10,16,10,13,14,15,12,21,30,16,20,15,11,14,13,16,13,7,14,11,8,9,9,10,5,3,5,5,8,5,6,8,4,6,6,7,8,1,6,6,2,3,0,1,2,1,0,1,2,1,1,2,0,1,0,1,0,1,0,0,0,0,0,0,0,2,0,0,0,0,0,0,0,0,0,0,0,0,0,0,0,0,0,0,0,0,0,0,0,0,0,0,0,0,0,0,1,0,0,0,1,0,0,0,0,0,0,0,0,0,0,0,0,0,0,0,0,0,0,0,0,0,0,0,0,0,0,0,0,0,0,0,0,0,0,0,0,0,0,0,0
1,0,0,0,0,0,0,0,0,0,0,0,0,0,0,0,0,0,1,1,0,0,0,0,3,0,5,5,2,3,3,2,1,5,3,3,4,5,8,4,4,4,7,3,5,9,7,9,13,13,6,14,9,7,14,9,13,9,15,9,10,14,10,9,13,8,7,14,11,15,16,11,10,8,12,16,17,15,7,15,7,9,10,8,8,2,4,8,10,4,10,3,3,5,1,2,3,3,1,2,5,3,3,0,1,0,1,3,0,1,0,0,1,0,0,0,0,0,0,0,0,0,0,1,0,0,1,0,0,0,0,0,0,0,0,0,0,0,0,0,0,0,0,0,0,0,0,0,0,0,0,0,0,0,0,0,0,0,0,0,0,0,0,0,0,0,0,0,0,0,0,0,0,0,0,0,0,0,0,0,0,0,0,0,0,0,0,0,0,0,0,0,0,0,0,0,0,0,0,0
0,0,0,0,0,0,0,0,0,0,0,0,1,0,1,0,0,0,2,0,0,0,0,0,0,0,5,2,2,0,7,1,1,3,3,3,4,4,7,7,3,2,5,8,5,6,10,12,13,16,8,15,12,9,11,19,7,14,11,13,10,10,8,12,11,13,12,13,9,14,11,11,10,9,20,9,9,12,12,14,8,7,11,15,5,8,4,6,4,9,5,3,2,2,2,1,1,4,1,2,1,1,0,0,2,2,3,1,0,0,0,1,2,2,0,1,1,0,1,0,0,0,0,0,0,0,0,0,0,0,0,1,0,0,0,0,0,0,0,0,0,0,0,0,0,0,0,0,0,0,0,0,0,0,0,0,0,0,0,0,0,0,0,0,0,0,0,0,0,0,0,0,0,0,0,0,0,0,0,0,0,0,0,0,0,0,0,0,0,0,0,0,0,0,0,0,0,0,0,0
0,0,0,0,0,0,0,0,0,0,0,0,0,0,0,0,2,0,0,0,0,0,3,2,1,0,4,1,6,4,1,0,2,4,2,3,1,3,8,2,2,4,4,5,6,1,9,11,10,2,11,15,8,8,15,7,9,18,20,13,18,11,13,3,10,15,15,13,9,10,13,14,11,7,5,8,4,14,11,7,7,11,10,6,8,3,10,7,3,9,11,2,4,4,4,3,2,5,3,5,1,2,3,1,3,3,6,0,5,1,0,0,0,2,1,1,0,1,0,0,0,0,0,0,0,0,0,0,0,0,1,0,0,0,0,0,0,0,0,0,0,0,0,0,0,0,0,0,0,0,0,0,0,0,0,0,0,0,0,0,0,0,0,0,0,0,0,0,0,0,0,0,0,0,0,0,0,0,0,0,0,0,0,0,0,0,0,0,0,0,0,0,0,0,0,0,0,0,0,0
0,0,0,0,0,0,1,0,0,0,0,0,0,0,0,0,1,1,0,0,1,1,0,1,0,0,2,1,1,0,6,2,0,1,2,5,6,4,4,3,5,2,9,6,5,8,9,12,5,7,4,11,13,19,11,7,11,11,15,15,10,15,12,8,11,14,15,14,12,21,10,13,6,9,10,10,9,12,11,17,14,13,10,10,14,9,10,5,5,6,3,3,6,5,2,1,4,2,2,4,2,0,6,2,1,3,2,0,2,0,0,0,0,0,3,0,2,1,2,1,0,1,0,0,0,0,0,0,0,0,0,0,0,0,0,0,0,0,0,0,0,0,0,0,0,0,0,0,0,0,0,0,0,0,0,0,0,0,0,0,0,0,0,0,0,0,0,0,0,0,0,0,0,0,0,0,0,0,0,0,0,0,0,0,0,0,0,0,0,0,0,0,0,0,0,0,0,0,0,0
1,0,0,0,0,0,0,0,0,0,0,0,0,0,0,0,0,0,1,0,0,1,0,2,2,1,2,3,2,0,3,2,1,2,2,1,2,3,4,2,6,5,3,6,7,8,12,7,8,12,5,10,8,11,13,7,14,12,9,15,14,12,14,9,17,13,8,11,6,14,10,9,10,14,10,8,12,3,7,3,9,7,11,14,14,7,6,7,4,7,4,4,3,5,5,6,2,2,0,3,1,5,0,0,2,0,2,0,0,0,3,0,1,0,0,0,1,0,0,0,0,0,0,0,0,0,0,0,1,1,0,0,0,0,0,0,0,0,0,0,0,0,0,0,0,0,0,0,0,0,0,0,0,0,0,0,0,0,0,0,0,0,0,0,0,0,0,0,0,0,0,0,0,0,0,0,0,0,0,0,0,0,0,0,0,0,0,0,0,0,0,0,0,0,0,0,0,0,0,0
0,0,0,0,0,0,0,0,0,0,0,0,0,0,0,1,0,0,1,0,0,0,0,0,0,2,0,1,6,0,2,1,3,0,3,3,2,3,5,3,6,2,6,2,8,5,6,7,11,5,6,11,10,9,4,12,9,20,17,18,7,9,13,12,17,11,15,12,13,16,14,12,11,11,15,7,14,11,10,4,7,7,9,6,3,3,11,8,3,3,5,6,3,5,4,3,2,2,3,3,2,2,0,1,3,1,0,1,1,1,0,0,0,0,0,0,0,2,0,1,0,1,0,0,0,0,1,0,0,0,0,0,0,0,0,0,0,0,0,0,0,0,0,0,0,0,0,0,0,0,0,0,0,0,0,0,0,0,0,0,0,0,0,1,0,0,0,0,0,0,0,0,0,0,0,0,0,0,0,0,0,0,0,0,0,0,0,0,0,0,0,0,0,0,0,0,0,0,0,0
0,0,0,0,0,0,0,0,0,0,0,0,0,0,0,1,0,0,0,1,1,1,0,0,1,2,5,3,3,3,1,2,0,2,4,2,1,1,6,3,4,4,4,12,8,5,8,7,9,13,5,7,13,8,8,13,10,15,18,11,15,7,13,12,5,11,17,11,13,3,9,11,14,14,10,11,8,8,10,4,13,8,5,1,4,5,6,3,6,2,5,3,3,2,3,8,3,3,2,2,1,0,0,0,1,2,1,1,1,1,0,0,0,0,1,0,2,0,1,0,0,0,0,0,0,0,0,1,0,0,0,0,0,0,0,0,0,0,0,0,0,0,0,0,0,0,0,0,0,0,0,0,0,0,0,0,0,0,0,0,0,0,0,0,0,0,0,0,0,0,0,0,0,0,0,0,0,0,0,0,0,0,0,0,0,0,0,0,0,0,0,0,0,0,0,0,0,0,0,0
0,0,0,0,0,0,0,0,0,0,0,0,0,0,0,2,1,0,0,0,0,1,1,1,1,2,4,0,0,2,5,2,1,1,2,1,7,4,4,6,5,5,11,7,1,7,10,6,5,15,12,9,3,8,12,11,19,15,10,15,10,11,12,15,8,11,10,12,9,15,8,12,15,6,6,6,6,5,9,5,6,5,7,6,7,9,6,4,3,3,4,4,3,1,4,2,3,1,1,2,3,3,1,0,2,1,0,1,0,2,1,0,0,0,1,1,1,1,0,0,0,0,0,0,0,0,0,0,0,0,0,0,0,0,1,0,0,0,0,0,0,0,0,0,0,0,0,0,0,0,0,0,0,0,0,0,0,0,0,0,0,0,0,0,0,0,0,0,0,0,0,0,0,0,0,0,0,0,0,0,0,0,0,0,0,0,0,0,0,0,0,0,0,0,0,0,0,0,0,0
0,0,1,0,0,0,0,0,0,0,0,0,1,0,0,0,1,0,0,0,0,0,0,0,1,3,1,2,2,1,2,1,2,1,3,0,2,0,3,6,3,5,4,10,7,7,9,10,4,4,13,6,6,7,10,10,13,10,9,9,10,7,7,7,12,5,14,8,12,9,9,8,8,9,14,10,11,8,3,10,9,6,7,8,11,6,6,3,4,5,1,1,3,2,1,4,3,2,1,1,3,1,3,0,1,3,1,2,1,2,0,1,1,0,0,0,1,0,0,0,0,0,0,0,0,0,0,0,0,0,0,0,0,0,0,0,0,0,0,0,0,0,0,0,0,0,0,0,0,0,0,0,0,0,0,0,0,0,0,0,0,0,0,0,0,0,0,0,0,0,0,0,0,0,0,0,0,0,0,0,0,0,0,0,0,0,0,0,0,0,0,0,0,0,0,0,0,0,0,0
0,0,0,0,0,0,1,0,0,0,0,0,0,0,0,0,1,0,1,0,0,0,1,0,1,0,3,2,2,3,2,4,0,4,3,2,4,4,4,0,5,3,3,6,4,6,10,9,8,3,3,10,8,13,10,10,14,15,10,12,11,13,9,11,10,11,6,10,15,20,9,12,9,11,10,8,7,8,5,5,6,3,8,7,5,4,3,4,4,6,3,5,5,1,3,4,3,0,1,4,5,3,1,0,1,0,4,0,0,0,1,1,0,0,0,0,0,1,1,0,0,1,0,0,0,0,0,0,1,0,0,0,0,0,0,0,0,0,0,0,0,0,0,0,0,0,0,0,0,0,0,0,0,0,0,0,0,0,0,0,0,0,0,0,0,0,0,0,0,0,0,0,0,0,0,0,0,0,0,0,0,0,0,0,0,0,0,0,0,0,0,0,0,0,0,0,0,0,0,0
0,0,1,0,0,0,0,0,0,0,0,0,1,0,0,1,0,0,0,2,0,1,0,0,1,0,1,0,6,1,1,1,3,0,6,4,2,4,2,3,4,4,6,8,8,3,3,4,4,5,3,9,3,6,5,9,13,17,8,15,7,9,12,6,6,11,12,10,9,16,9,6,14,8,12,3,8,2,7,5,4,4,3,3,3,5,6,3,3,3,5,8,1,8,3,3,4,6,1,2,2,4,1,1,2,1,0,1,0,0,1,0,0,1,0,0,2,0,0,0,2,1,0,0,0,0,0,2,0,1,0,0,0,0,0,0,0,0,0,1,0,0,0,0,0,0,0,0,0,0,0,0,0,0,0,0,0,0,0,0,0,0,0,0,0,0,0,0,0,0,0,0,0,0,0,0,0,0,0,0,0,0,0,0,0,0,0,0,0,0,0,0,0,0,0,0,0,0,0,0
0,0,0,0,0,0,0,0,0,0,0,0,0,0,0,0,0,0,1,0,0,0,0,0,0,0,4,2,1,0,3,1,3,2,2,2,2,2,0,7,1,4,5,7,5,6,7,2,2,4,5,9,9,9,11,6,10,14,10,13,10,12,13,11,10,5,13,7,10,8,12,6,8,9,9,13,5,6,8,8,5,7,6,7,6,9,2,1,6,3,1,1,3,2,1,1,2,3,3,2,1,1,2,2,1,1,1,0,0,1,0,0,1,0,1,1,0,0,0,0,0,0,0,0,0,1,0,0,0,0,0,0,0,0,0,0,0,0,0,0,0,0,0,0,0,0,0,0,0,0,0,0,0,0,0,0,0,0,0,0,0,0,0,0,0,0,0,0,0,0,0,0,0,0,0,0,0,0,0,0,0,0,0,0,0,0,0,0,0,0,0,0,0,0,0,0,0,0,0,0
0,0,0,0,0,0,0,0,0,0,0,0,0,0,0,1,0,1,1,0,0,2,0,1,1,1,0,1,1,3,5,0,1,1,2,3,3,0,1,6,2,6,8,3,6,2,3,2,7,3,6,7,7,7,9,2,11,10,7,12,11,10,10,15,8,10,8,9,9,5,7,14,7,10,7,10,3,11,8,1,6,6,6,8,4,3,4,4,4,5,2,0,5,1,3,2,5,2,1,3,1,0,4,2,2,2,3,3,1,0,0,0,0,1,0,1,0,0,0,0,0,0,0,0,0,0,0,0,0,0,0,0,0,0,0,0,0,0,0,0,0,0,0,0,0,0,0,0,0,0,0,0,0,0,0,0,0,0,0,0,0,0,0,0,0,0,0,0,0,0,0,0,0,0,0,0,0,0,0,0,0,0,0,0,0,0,0,0,0,0,0,0,0,0,0,0,0,0,0,0
0,0,0,0,0,0,0,0,0,0,0,0,0,0,2,0,0,0,0,1,0,0,0,0,1,0,2,0,2,4,3,1,2,2,2,3,2,1,3,4,6,1,8,6,5,6,4,10,10,7,3,6,9,3,8,11,12,13,8,15,9,11,12,6,4,10,11,6,5,11,6,8,5,3,8,7,5,8,9,3,4,6,9,3,3,8,8,4,3,5,5,3,5,2,4,0,3,4,0,3,0,1,0,0,0,1,0,1,1,1,0,1,1,0,0,0,0,2,0,1,0,0,0,1,0,0,0,0,0,0,0,0,0,0,0,0,0,0,0,0,0,0,0,0,0,0,0,0,0,0,0,0,0,0,0,0,0,0,0,0,0,0,0,0,0,0,0,0,0,0,0,0,0,0,0,0,0,0,0,0,0,0,0,0,0,0,0,0,0,0,0,0,0,0,0,0,0,0,0,0
0,0,0,0,0,0,0,0,0,0,0,0,0,0,1,0,0,0,0,0,0,1,0,1,3,1,2,1,2,5,2,1,1,0,4,3,4,4,3,2,7,3,6,7,8,3,10,5,11,4,6,10,12,7,9,13,7,8,10,11,12,9,6,12,7,12,8,9,14,6,7,8,8,5,9,6,4,7,4,1,9,11,4,4,2,6,5,6,4,7,2,5,3,6,5,3,3,0,2,0,2,1,0,1,3,2,0,3,1,0,0,2,1,0,0,0,0,0,1,0,0,0,0,0,0,0,0,0,0,0,0,0,0,0,0,0,0,0,0,0,0,0,0,0,0,0,0,0,0,0,0,0,0,0,0,0,0,0,0,0,0,0,0,0,0,0,0,0,0,0,0,0,0,0,0,0,0,0,0,0,0,0,0,0,0,0,0,0,0,0,0,0,0,0,0,0,0,0,0,0
0,0,0,0,0,0,0,0,0,0,0,0,0,0,0,1,0,0,0,0,0,0,0,0,0,0,2,1,1,0,2,1,3,3,3,4,1,7,1,1,6,4,3,4,10,7,5,2,5,5,7,4,9,4,7,12,4,15,8,10,9,9,11,5,6,9,12,4,11,11,7,5,6,6,13,7,6,6,14,12,2,8,7,5,6,2,4,3,3,3,3,4,1,1,1,3,2,1,2,2,2,1,2,1,1,2,3,1,0,0,2,1,1,0,0,0,1,0,0,0,0,0,0,1,0,0,0,0,1,0,0,0,0,0,0,0,0,0,0,0,0,0,0,0,0,0,0,0,0,0,0,0,0,0,0,0,0,0,0,0,0,0,0,0,0,0,0,0,0,0,0,0,0,0,0,0,0,0,0,0,0,0,0,0,0,0,0,0,0,0,0,0,0,0,0,0,0,0,0,0
0,0,0,0,0,0,0,0,0,0,0,1,0,0,0,0,2,0,0,0,0,0,0,0,1,0,0,0,0,2,2,0,3,0,1,1,1,4,3,5,2,5,1,7,3,4,3,4,7,4,6,9,3,15,3,11,13,12,5,8,7,4,4,8,8,9,5,11,3,13,7,6,9,10,6,4,8,7,9,6,5,8,8,5,3,6,5,3,3,4,3,4,1,1,3,1,5,3,1,2,0,2,0,0,1,2,0,0,0,2,0,1,0,0,1,0,0,0,0,0,0,0,0,0,0,0,0,0,0,0,1,0,0,0,0,0,0,0,0,0,0,0,0,0,0,0,0,0,1,0,0,0,0,0,0,0,0,0,0,0,0,0,0,0,0,0,0,0,0,0,0,0,0,0,0,0,0,0,0,0,0,0,0,0,0,0,0,0,0,0,0,0,0,0,0,0,0,0,0,0
0,0,0,0,0,0,0,0,0,0,0,0,1,0,0,1,1,0,0,0,0,0,0,0,0,1,0,1,1,5,4,0,0,0,1,4,1,4,3,2,1,4,6,2,3,4,8,4,5,3,7,4,8,8,8,8,9,6,9,9,6,7,5,9,7,7,9,6,9,8,8,6,8,3,12,9,7,7,9,6,5,6,5,8,6,4,3,3,3,4,3,2,9,3,2,2,1,2,4,1,1,2,0,1,1,2,1,0,0,0,2,0,1,0,1,1,0,0,1,0,0,0,0,0,1,0,0,1,0,0,0,0,0,0,0,0,0,0,0,0,0,0,0,0,0,0,0,0,0,0,0,0,0,0,0,0,0,0,0,0,0,0,0,0,0,0,0,0,0,0,0,0,0,0,0,0,0,0,0,0,0,0,0,0,0,0,0,0,0,0,0,0,0,0,0,0,0,0,0,0
0,0,0,0,0,0,0,0,0,0,0,0,0,0,0,0,0,0,0,0,0,1,2,1,3,1,1,1,1,2,1,2,0,1,2,5,1,3,3,4,3,3,3,3,2,3,4,6,6,3,3,4,3,5,4,7,5,13,15,9,9,7,7,4,13,11,11,10,7,14,5,11,11,7,13,9,9,3,9,4,6,5,5,5,5,4,2,1,4,4,1,3,0,3,2,4,4,1,1,0,1,4,2,3,1,0,0,0,0,2,0,2,1,0,0,0,0,0,2,0,0,1,0,0,0,0,0,0,0,0,0,0,0,0,0,0,0,0,0,0,0,0,0,0,0,0,0,0,0,0,0,0,0,0,0,0,0,0,0,0,0,0,0,0,0,0,0,0,0,0,0,0,0,0,0,0,0,0,0,0,0,0,0,0,0,0,0,0,0,0,0,0,0,0,0,0,0,0,0,0
0,0,0,0,0,0,0,0,0,0,0,0,0,0,0,0,1,0,0,0,0,0,0,0,0,1,2,0,0,0,2,0,3,2,3,2,1,3,5,2,3,1,3,4,6,5,6,8,6,7,3,9,6,8,6,6,9,9,2,6,15,4,8,11,7,4,9,11,8,5,7,5,5,5,10,2,9,6,5,9,5,6,4,4,1,7,2,4,2,2,5,4,2,2,2,3,0,1,1,1,1,1,0,1,1,0,3,0,1,0,0,0,1,0,0,1,0,0,0,1,1,0,0,0,0,0,0,0,0,0,0,0,0,0,0,0,0,0,0,0,0,0,0,0,0,0,0,0,0,0,0,0,0,0,0,0,0,0,0,0,0,0,0,0,0,0,0,0,0,0,0,0,0,0,0,0,0,0,0,0,0,0,0,0,0,0,0,0,0,0,0,0,0,0,0,0,0,0,0,0
0,0,0,0,0,0,0,0,0,0,1,0,0,0,0,0,0,0,0,0,0,0,0,0,0,1,1,1,0,1,0,2,0,1,1,2,1,3,3,2,2,3,2,3,4,3,3,7,2,6,3,5,7,4,9,5,10,14,9,8,9,11,11,10,6,13,11,8,10,4,6,5,6,3,8,3,6,2,4,7,7,4,3,3,6,5,2,5,4,3,2,6,3,0,0,6,2,1,2,4,2,1,0,2,1,0,0,0,1,0,1,0,0,0,1,0,0,0,0,0,0,0,0,0,0,0,0,0,0,0,0,0,0,1,0,0,0,0,0,0,0,0,0,0,0,0,0,0,0,0,0,0,0,0,0,0,0,0,0,0,0,0,0,0,0,0,0,0,0,0,0,0,0,0,0,0,0,0,0,0,0,0,0,0,0,0,0,0,0,0,0,0,0,0,0,0,0,0,0,0
0,0,0,0,0,0,0,0,0,0,0,0,0,0,2,0,1,0,0,0,0,0,0,1,0,0,0,6,1,0,1,1,2,2,4,3,1,1,0,2,7,4,3,3,6,4,2,2,5,3,12,5,9,6,8,9,5,5,6,10,6,10,8,5,6,5,5,6,8,5,5,5,8,8,13,6,6,3,5,6,3,4,5,2,6,4,7,3,0,6,2,2,1,0,1,0,6,4,4,2,1,1,1,0,2,0,2,0,1,1,1,1,0,1,0,0,1,0,0,0,1,0,1,0,0,0,0,1,0,0,0,0,0,0,0,0,0,0,0,0,0,0,0,0,0,0,0,0,0,0,0,0,0,0,0,0,0,0,0,0,0,0,0,0,0,0,0,0,0,0,0,0,0,0,0,0,0,0,0,0,0,0,0,0,0,0,0,0,0,0,0,0,0,0,0,0,0,0,0,0
0,0,0,0,0,0,0,0,0,0,0,0,0,0,0,0,0,0,0,1,0,0,0,0,0,1,1,0,0,1,2,0,1,1,0,6,4,0,4,3,8,2,6,4,6,4,9,7,7,3,2,8,2,5,1,8,11,6,6,4,8,6,6,6,7,7,2,9,10,6,2,5,5,8,7,4,5,9,4,5,5,7,2,5,5,8,3,3,4,4,2,6,1,3,6,4,0,2,2,2,0,0,0,0,1,3,0,0,0,0,2,1,1,0,0,0,0,0,0,0,0,0,0,0,0,0,0,0,0,1,0,0,0,0,0,0,0,0,0,0,0,0,0,0,0,0,0,0,0,0,0,0,0,0,0,0,0,0,0,0,0,0,0,0,0,0,0,0,0,0,0,0,0,0,0,0,0,0,0,0,0,0,0,0,0,0,0,0,0,0,0,0,0,0,0,0,0,0,0,0
0,0,0,0,0,0,0,0,0,0,0,0,0,0,0,0,0,0,2,0,0,0,0,0,1,1,1,0,3,0,0,0,0,0,2,0,0,4,4,0,6,2,2,2,3,10,2,2,4,7,9,5,8,3,7,8,8,9,7,5,7,1,6,4,5,8,1,5,7,13,8,9,7,2,10,4,5,4,5,4,3,4,8,2,6,6,4,3,3,2,0,2,1,3,0,0,2,0,2,0,0,1,2,1,0,1,2,0,0,2,0,0,1,0,1,1,0,1,0,0,0,0,0,0,1,0,0,0,0,0,0,0,0,0,0,0,0,0,0,0,0,0,0,0,0,0,0,0,0,0,0,0,0,0,0,0,0,0,0,0,0,0,0,0,0,0,0,0,0,0,0,0,0,0,0,0,0,0,0,0,0,0,0,0,0,0,0,0,0,0,0,0,0,0,0,0,0,0,0,0
0,0,0,0,0,0,0,0,0,0,0,0,0,1,2,0,0,1,1,0,0,1,1,0,1,3,0,0,0,1,1,1,0,2,3,2,2,4,4,2,3,5,7,1,4,10,3,6,1,9,9,6,6,7,7,4,4,13,5,12,4,2,3,6,8,15,10,4,10,1,4,4,8,10,9,8,5,4,13,8,6,3,3,5,5,3,3,1,1,2,2,0,1,4,2,2,1,1,0,2,2,0,1,2,0,0,1,0,0,0,0,1,0,1,0,0,0,0,0,1,1,0,2,0,0,0,0,0,0,0,0,0,0,0,0,0,0,0,0,0,0,0,0,0,0,0,0,0,0,0,0,0,0,0,0,0,0,0,0,0,0,0,0,0,0,0,0,0,0,0,0,0,0,0,0,0,0,0,0,0,0,0,0,0,0,0,0,0,0,0,0,0,0,0,0,0,0,0,0,0
0,0,1,0,0,0,1,0,0,0,0,0,0,0,1,0,1,0,1,0,1,0,1,0,0,0,0,1,1,0,3,1,0,0,1,2,0,3,4,2,3,3,7,5,2,3,3,5,5,5,6,5,4,5,6,5,8,6,4,4,8,4,8,3,6,6,8,6,4,9,9,5,8,7,2,7,4,1,11,2,9,1,2,5,4,6,3,7,1,4,6,1,1,1,0,0,0,1,1,2,1,4,2,1,0,1,1,3,0,0,2,0,0,0,0,1,0,0,0,0,0,0,0,0,0,0,0,0,0,0,0,0,0,0,0,0,0,0,0,0,0,0,0,0,0,0,0,0,0,0,0,0,0,0,0,0,0,0,0,0,0,0,0,0,0,0,0,0,0,0,0,0,0,0,0,0,0,0,0,0,0,0,0,0,0,0,0,0,0,0,0,0,0,0,0,0,0,0,0,0
0,0,0,0,0,0,0,0,0,0,0,0,0,0,0,0,0,0,0,0,0,0,0,0,1,0,1,1,2,1,0,1,2,2,0,2,2,2,1,1,3,1,5,3,4,3,3,4,2,4,7,2,6,3,5,1,8,4,11,5,9,5,6,11,9,4,4,6,5,9,7,2,0,5,6,3,4,5,4,5,0,6,1,3,3,3,1,2,0,3,1,0,1,3,1,0,1,3,0,1,1,0,1,2,0,0,1,0,1,0,0,0,0,0,0,1,0,0,0,0,0,0,0,0,0,0,0,0,0,0,0,0,0,0,0,0,0,0,0,0,0,0,0,0,0,0,0,0,0,0,0,0,0,0,0,0,0,0,0,0,0,0,0,0,0,0,0,0,0,0,0,0,0,0,0,0,0,0,0,0,0,0,0,0,0,0,0,0,0,0,0,0,0,0,0,0,0,0,0,0
0,0,0,0,0,0,0,0,0,0,0,0,0,0,0,0,0,0,1,0,1,0,0,0,0,0,1,1,4,1,1,1,0,1,0,1,0,2,3,0,2,0,1,5,2,8,2,2,6,4,8,5,9,6,8,3,4,9,6,8,8,6,6,5,5,6,7,6,9,6,9,8,4,5,5,4,3,5,4,6,6,5,3,2,3,2,3,2,1,4,1,4,3,3,2,1,0,2,2,0,0,0,0,0,1,0,0,0,1,0,0,1,0,0,1,1,0,0,0,0,0,0,0,0,0,1,0,0,0,0,0,0,0,0,0,0,0,0,0,0,0,0,0,0,0,0,0,0,0,0,0,0,0,0,0,0,0,0,0,0,0,0,0,0,0,0,0,0,0,0,0,0,0,0,0,0,0,0,0,0,0,0,0,0,0,0,0,0,0,0,0,0,0,0,0,0,0,0,0,0
0,0,0,0,0,0,0,0,0,0,0,0,1,0,1,0,0,0,0,0,0,1,0,0,2,0,0,0,3,2,1,0,1,2,1,2,3,1,1,1,2,1,9,1,5,4,3,8,4,8,3,4,4,3,8,4,4,12,3,2,3,7,9,6,5,8,9,2,5,3,8,13,6,5,2,9,6,7,6,6,5,0,5,4,2,2,3,4,2,3,1,3,1,3,3,1,0,3,2,1,0,1,0,3,0,0,1,0,1,0,0,1,0,0,1,1,0,0,0,0,0,0,0,0,1,0,0,0,0,0,0,0,0,0,0,0,0,0,0,0,0,0,0,0,0,0,0,0,0,0,0,0,0,0,0,0,0,1,0,0,0,0,0,0,0,0,0,0,0,0,0,0,0,0,0,0,0,0,0,0,0,0,0,0,0,0,0,0,0,0,0,0,0,0,0,0,0,0,0,0
0,0,0,0,0,0,0,0,0,0,0,0,0,0,0,0,0,0,0,0,1,0,0,0,1,0,0,1,0,1,4,2,0,1,1,1,0,1,4,1,1,1,1,1,1,2,4,4,1,5,4,2,6,7,4,9,9,6,5,5,7,11,9,8,6,3,13,8,8,9,5,6,6,0,8,1,2,1,6,3,1,4,7,5,7,3,1,3,2,3,1,0,1,2,0,0,1,0,2,2,0,1,2,0,1,1,0,1,1,0,1,0,0,0,0,0,0,1,0,0,0,0,0,0,0,0,0,0,0,0,0,0,0,0,0,0,0,0,0,0,0,0,0,0,0,0,0,0,0,0,0,0,0,0,0,0,0,0,0,0,0,0,0,0,0,0,0,0,0,0,0,0,0,0,0,0,0,0,0,0,0,0,0,0,0,0,0,0,0,0,0,0,0,0,0,0,0,0,0,0
0,0,0,0,0,0,0,0,0,0,0,0,0,0,2,0,0,0,1,0,0,0,0,0,1,0,3,0,3,0,1,2,2,0,1,1,2,2,2,2,5,3,4,0,2,5,5,5,2,4,8,1,3,7,9,4,6,8,9,7,6,6,4,6,4,5,2,4,4,4,6,4,1,4,8,8,4,7,3,3,4,4,2,3,2,1,2,1,2,2,1,2,3,1,3,1,1,2,0,0,0,2,1,0,2,1,0,0,0,1,1,0,0,0,0,0,1,0,2,0,0,0,0,0,0,0,0,0,0,0,0,0,0,0,0,0,0,0,0,0,0,0,0,0,0,0,0,1,0,0,0,0,0,0,0,0,0,0,0,0,0,0,0,0,0,0,0,0,0,0,0,0,0,0,0,0,0,0,0,0,0,0,0,0,0,0,0,0,0,0,0,0,0,0,0,0,0,0,0,0
0,0,0,0,0,0,0,0,0,0,0,0,0,0,0,0,1,0,0,0,0,0,0,0,0,1,0,0,0,1,2,0,1,0,3,1,2,0,3,1,1,6,0,3,1,4,4,3,4,5,4,4,2,4,4,8,10,6,11,5,6,3,6,5,8,10,4,7,3,3,2,10,2,5,3,2,6,3,1,6,4,2,1,3,2,3,1,2,2,0,1,3,0,2,3,1,1,2,1,2,1,0,2,1,0,0,0,1,1,0,0,0,1,1,1,0,0,0,1,0,0,0,0,0,0,0,0,0,0,0,0,0,0,0,0,0,0,0,0,0,0,0,0,0,0,0,0,0,0,0,0,0,0,0,0,0,0,0,0,0,0,0,0,0,0,0,0,0,0,0,0,0,0,0,0,0,0,0,0,0,0,0,0,0,0,0,0,0,0,0,0,0,0,0,0,0,0,0,0,0
0,0,0,0,1,0,0,0,0,0,0,0,0,0,0,1,0,0,1,0,0,0,0,0,0,0,0,2,3,2,3,1,2,1,0,2,1,1,0,4,5,2,1,7,3,5,5,6,3,4,3,3,5,5,5,9,6,2,1,7,7,7,7,3,9,4,4,2,4,4,4,4,10,3,4,7,2,1,3,4,4,5,6,2,2,1,1,3,5,2,3,3,4,1,1,1,3,4,0,0,0,0,0,3,0,1,1,1,0,0,1,0,2,1,0,1,0,0,0,0,0,0,0,0,0,0,0,0,0,0,0,1,0,0,0,0,0,0,0,0,0,0,0,0,0,0,0,0,0,0,0,0,0,0,0,0,0,0,0,0,0,0,0,0,0,0,0,0,0,0,0,0,0,0,0,0,0,0,0,0,0,0,0,0,0,0,0,0,0,0,0,0,0,0,0,0,0,0,0,0
0,0,0,0,0,0,0,0,0,0,0,0,0,0,1,0,1,0,0,0,0,0,0,0,1,1,2,1,3,1,1,0,0,1,3,1,1,1,2,4,4,0,4,3,1,3,1,6,2,4,8,1,3,4,3,10,4,4,3,2,6,7,3,10,8,5,6,7,10,6,6,10,6,6,7,1,6,2,2,3,3,7,1,2,2,0,4,6,2,0,2,1,2,1,3,0,4,2,0,1,0,0,2,1,1,0,2,1,1,0,0,0,0,0,1,0,0,0,0,0,0,0,0,0,0,0,0,0,0,1,0,0,0,0,0,0,0,0,0,0,0,0,0,0,0,0,0,0,0,0,0,0,0,0,0,0,0,0,0,0,0,0,0,0,0,0,0,0,0,0,0,0,0,0,0,0,0,0,0,0,0,0,0,0,0,0,0,0,0,0,0,0,0,0,0,0,0,0,0,0
0,0,0,0,0,0,0,0,0,0,0,0,0,0,0,1,0,0,0,1,0,0,0,0,1,1,2,4,1,0,2,0,1,4,1,1,0,1,0,3,4,1,2,1,7,2,5,5,3,1,2,6,5,7,4,4,4,6,7,3,6,4,4,6,8,4,3,1,2,7,3,8,4,4,3,5,3,2,4,2,3,1,2,1,3,0,3,2,1,3,1,1,0,1,3,1,1,0,0,0,1,0,0,1,1,1,0,0,0,1,1,0,0,1,0,0,0,0,1,1,0,1,0,0,0,1,0,0,0,0,0,0,0,0,0,0,0,0,0,0,0,0,0,0,0,0,0,0,0,0,0,0,0,0,0,0,0,0,0,0,0,0,0,0,0,0,0,0,0,0,0,0,0,0,0,0,0,0,0,0,0,0,0,0,0,0,0,0,0,0,0,0,0,0,0,0,0,0,0,0
0,0,0,0,0,0,0,0,1,0,0,0,0,0,0,0,0,0,0,0,0,0,1,0,0,1,1,0,3,0,2,1,0,0,1,2,2,3,2,5,5,1,2,3,2,5,3,5,6,5,2,2,2,3,1,6,7,6,2,4,3,4,5,5,4,3,4,2,5,8,8,7,2,4,5,4,4,2,5,2,2,1,1,1,2,1,5,2,2,2,3,1,1,1,3,2,1,1,0,1,0,0,0,2,1,0,0,0,0,0,0,1,2,0,1,1,0,0,0,0,0,0,0,0,0,0,0,0,0,0,0,0,0,0,0,0,0,0,0,0,0,0,0,0,0,0,0,0,0,0,0,0,0,0,0,0,0,0,0,0,0,0,0,0,0,0,0,0,0,0,0,0,0,0,0,0,0,0,0,0,0,0,0,0,0,0,0,0,0,0,0,0,0,0,0,0,0,0,0,0
0,0,0,0,0,0,0,0,0,0,0,0,0,0,0,0,1,0,0,0,1,0,0,0,0,0,1,2,1,0,2,2,0,1,0,2,2,2,0,0,3,1,2,5,3,3,2,1,7,2,1,2,1,3,1,6,6,5,8,2,11,5,6,8,6,6,5,4,6,8,9,5,7,2,5,7,7,1,5,2,4,1,3,2,2,2,2,0,2,4,0,0,3,1,2,2,0,0,2,0,0,1,0,0,0,0,1,0,1,1,0,0,0,1,0,0,0,0,0,0,0,0,0,0,0,1,0,0,0,0,0,0,0,0,0,0,0,0,0,0,0,0,0,0,0,0,0,0,0,0,0,0,0,0,0,0,0,0,0,0,0,0,0,0,0,0,0,0,0,0,0,0,0,0,0,0,0,0,0,0,0,0,0,0,0,0,0,0,0,0,0,0,0,0,0,0,0,0,0,0
0,0,0,0,0,0,0,0,0,0,0,0,0,0,1,0,0,0,0,0,0,0,0,0,2,1,1,1,1,0,1,2,1,2,1,1,1,0,2,1,1,2,5,4,5,6,4,1,1,6,2,1,6,0,5,5,4,5,10,8,5,3,1,5,7,2,11,5,5,2,2,5,2,4,2,5,8,3,1,1,2,0,1,3,1,3,1,4,4,3,1,1,0,3,3,3,2,1,1,1,1,0,1,0,0,2,0,1,0,2,0,0,0,0,0,0,0,0,0,0,0,0,0,0,0,0,0,0,0,0,0,0,0,0,0,0,0,0,0,0,0,0,0,0,0,0,0,0,0,0,0,0,0,0,0,0,0,0,0,0,0,0,0,0,0,0,0,0,0,0,0,0,0,0,0,0,0,0,0,0,0,0,0,0,0,0,0,0,0,0,0,0,0,0,0,0,0,0,0,0
0,0,0,0,0,0,0,0,0,0,0,0,0,0,0,0,0,0,0,0,0,0,0,0,0,1,2,0,0,1,4,0,2,1,2,0,3,1,4,2,1,1,3,4,3,3,5,6,7,3,2,4,0,6,6,6,2,9,8,6,2,4,2,7,7,5,8,2,3,2,2,4,4,2,6,3,3,3,5,1,1,1,1,4,1,2,3,3,4,1,0,3,0,2,0,1,1,0,0,0,0,0,1,1,0,0,0,2,0,0,0,0,1,1,0,0,0,0,0,0,0,0,0,0,0,0,0,0,0,0,0,0,0,0,0,0,0,0,0,0,0,0,0,0,0,0,0,0,0,0,0,0,0,0,0,0,0,0,0,0,0,0,0,0,0,0,0,0,0,0,0,0,0,0,0,0,0,0,0,0,0,0,0,0,0,0,0,0,0,0,0,0,0,0,0,0,0,0,0,0
0,0,0,0,0,0,0,0,0,1,0,0,0,0,0,0,1,0,1,0,1,1,0,0,0,0,1,2,1,0,2,3,0,2,1,1,0,0,0,2,1,2,2,1,0,1,1,3,3,2,3,2,3,6,5,1,5,8,3,3,4,3,4,6,4,4,5,6,1,6,0,4,4,6,3,3,4,2,3,2,0,0,3,1,0,3,0,3,0,1,0,4,0,3,0,1,4,1,3,1,1,2,0,1,0,2,0,0,0,0,0,0,0,0,0,0,0,0,0,0,0,0,0,0,0,0,0,0,0,0,0,0,0,0,0,0,0,0,0,0,0,0,0,0,0,0,0,0,0,0,0,0,0,0,0,0,0,0,0,0,0,0,0,0,0,0,0,0,0,0,0,0,0,0,0,0,0,0,0,0,0,0,0,0,0,0,0,0,0,0,0,0,0,0,0,0,0,0,0,0
0,0,0,0,0,0,0,0,0,0,0,0,0,0,0,0,1,0,0,0,0,0,0,0,0,0,1,0,0,1,3,1,0,0,1,0,0,0,4,2,1,3,0,1,2,5,6,2,5,4,1,2,3,4,6,4,5,1,4,2,4,4,8,5,6,3,7,5,1,2,3,1,6,3,2,1,5,5,4,2,6,3,3,4,2,1,0,3,3,2,0,0,2,0,1,0,0,0,0,2,2,2,2,0,0,0,1,1,0,0,0,0,0,0,0,1,0,0,0,0,0,0,0,0,0,0,0,0,0,0,0,0,0,0,0,0,0,0,0,0,0,0,0,0,0,0,0,0,0,0,0,0,0,0,0,0,0,0,0,0,0,0,0,0,0,0,0,0,0,0,0,0,0,0,0,0,0,0,0,0,0,0,0,0,0,0,0,0,0,0,0,0,0,0,0,0,0,0,0,0
0,0,0,0,0,0,1,0,0,0,0,0,0,0,0,0,0,0,0,0,0,0,0,0,0,0,0,0,0,2,0,0,0,0,0,1,2,6,2,2,2,4,0,1,4,2,2,0,5,2,4,2,1,2,8,2,3,4,9,3,7,5,0,6,5,5,4,4,4,3,5,6,2,3,5,4,2,4,3,1,2,1,3,3,4,2,3,4,1,1,2,2,0,1,1,1,2,0,1,1,2,0,1,2,3,0,0,0,0,0,1,0,0,1,0,0,0,0,0,0,0,0,0,0,0,0,0,0,0,0,0,0,0,0,0,0,0,0,0,0,0,0,0,0,0,0,0,0,0,0,0,0,0,0,0,0,0,0,0,0,0,0,0,0,0,0,0,0,0,0,0,0,0,0,0,0,0,0,0,0,0,0,0,0,0,0,0,0,0,0,0,0,0,0,0,0,0,0,0,0
0,0,0,0,0,0,0,0,0,0,0,0,0,0,0,0,1,0,0,1,1,0,0,1,1,0,2,0,2,0,3,0,2,2,0,0,1,1,0,1,3,2,3,5,4,2,0,4,3,4,3,3,0,4,3,5,6,3,0,3,2,2,4,6,4,2,3,5,5,7,8,2,5,5,1,3,4,5,5,2,1,6,2,0,2,1,0,4,4,0,2,1,1,2,0,0,2,0,0,0,1,0,1,0,0,0,0,1,0,0,0,0,0,0,1,0,0,1,0,0,0,0,0,0,0,0,0,0,0,0,0,0,0,0,0,0,0,0,0,0,0,0,0,0,0,0,0,0,0,0,0,0,0,0,0,0,0,0,0,0,0,0,0,0,0,0,0,0,0,0,0,0,0,0,0,0,0,0,0,0,0,0,0,0,0,0,0,0,0,0,0,0,0,0,0,0,0,0,0,0
0,0,0,0,0,0,0,0,0,0,0,0,0,0,0,0,0,0,0,0,0,0,0,0,1,0,2,0,1,1,3,1,2,0,1,1,0,1,2,4,2,1,3,1,4,3,4,4,3,7,4,2,3,3,1,3,4,4,0,3,3,7,2,6,5,7,5,10,3,4,4,5,3,2,4,3,5,6,2,1,5,4,3,3,2,2,2,2,3,0,1,2,1,2,2,0,1,0,1,0,0,0,3,2,0,1,0,1,2,0,0,0,0,0,0,0,1,0,0,0,0,0,0,0,0,0,0,0,0,0,0,0,0,0,0,0,0,0,0,0,0,0,0,0,0,0,0,0,0,0,0,0,0,0,0,0,0,0,0,0,0,0,0,0,0,0,0,0,0,0,0,0,0,0,0,0,0,0,0,0,0,0,0,0,0,0,0,0,0,0,0,0,0,0,0,0,0,0,0,0
0,0,0,0,0,0,0,0,0,0,0,0,0,0,0,0,1,0,0,0,0,0,0,0,0,0,2,1,0,0,0,0,0,1,1,2,1,3,1,0,2,1,3,0,1,4,2,2,1,0,4,1,4,3,5,3,2,3,3,5,3,5,4,7,6,1,5,4,2,7,1,6,2,6,4,3,2,6,2,4,1,2,6,0,2,3,3,1,0,1,2,1,0,2,1,1,3,1,0,0,0,0,0,0,0,0,1,2,0,0,0,0,0,1,0,1,0,0,0,0,0,0,0,0,0,0,0,0,0,0,0,0,0,0,0,0,0,0,0,0,0,0,0,0,0,0,0,0,0,0,0,0,0,0,0,0,0,0,0,0,0,0,0,0,0,0,0,0,0,0,0,0,0,0,0,0,0,0,0,0,0,0,0,0,0,0,0,0,0,0,0,0,0,0,0,0,0,0,0,0
0,0,0,0,0,0,0,0,0,0,0,0,1,0,0,0,0,0,0,0,0,0,0,0,1,0,0,0,1,0,0,0,0,0,2,0,0,3,1,1,1,1,1,4,2,2,1,1,1,5,4,5,2,3,4,2,2,7,3,7,2,1,5,4,3,6,5,3,2,3,1,2,7,0,1,2,3,3,5,4,1,3,2,1,3,0,2,1,0,3,2,2,1,0,1,0,2,1,0,0,0,0,0,0,2,0,0,0,0,0,0,0,0,0,0,0,1,0,0,0,0,0,0,0,0,0,0,0,0,0,1,0,0,0,0,0,0,0,0,0,0,0,0,0,0,0,0,0,0,0,0,0,0,0,0,0,0,0,0,0,0,0,0,0,0,0,0,0,0,0,0,0,0,0,0,0,0,0,0,0,0,0,0,0,0,0,0,0,0,0,0,0,0,0,0,0,0,0,0,0
0,0,0,0,0,0,0,0,0,0,0,0,0,0,0,0,0,1,0,0,1,0,0,0,1,1,0,0,1,0,2,0,0,0,1,0,0,1,1,3,4,0,0,4,0,2,4,1,5,3,3,3,3,3,3,4,2,0,2,4,4,3,4,2,4,3,6,4,1,3,4,3,4,6,3,1,3,0,0,2,1,1,3,2,3,2,1,1,1,1,4,0,1,1,2,2,2,3,2,0,0,1,0,1,1,0,2,0,0,0,0,0,1,0,0,0,1,0,0,0,0,0,0,0,0,0,0,0,0,0,0,0,0,0,0,0,0,0,0,0,0,0,0,0,0,0,0,0,0,0,0,0,0,0,0,0,0,0,0,0,0,0,0,0,0,0,0,0,0,0,0,0,0,0,0,0,0,0,0,0,0,0,0,0,0,0,0,0,0,0,0,0,0,0,0,0,0,0,0,0
0,0,0,0,0,0,0,0,0,0,0,0,0,0,0,0,0,0,1,1,0,0,0,0,0,0,0,0,0,1,3,1,0,1,0,1,1,0,1,1,1,1,2,1,3,0,3,5,4,4,2,4,2,4,1,3,1,8,1,3,5,3,5,3,2,3,7,2,4,3,1,2,2,7,3,1,2,4,2,2,1,1,1,0,3,4,1,0,4,2,3,1,2,1,1,0,1,0,3,1,0,1,2,2,0,1,1,1,1,0,0,0,0,0,0,0,0,0,0,0,0,0,0,0,0,0,0,0,0,0,0,0,0,0,0,0,0,0,0,0,0,0,0,0,0,0,0,0,0,0,0,0,0,0,0,0,0,0,0,0,0,0,0,0,0,0,0,0,0,0,0,0,0,0,0,0,0,0,0,0,0,0,0,0,0,0,0,0,0,0,0,0,0,0,0,0,0,0,0,0
0,0,0,0,0,0,0,0,0,0,0,0,1,0,0,0,0,1,0,0,0,0,0,0,1,0,1,1,1,0,2,0,0,1,1,0,0,1,1,2,1,0,1,3,0,2,1,3,3,0,0,1,4,1,3,2,4,4,4,4,1,1,3,4,0,4,1,3,2,5,5,3,0,4,3,5,1,3,2,2,1,0,2,1,2,1,2,1,3,2,0,1,0,1,0,1,1,1,0,0,0,0,1,0,0,0,0,0,0,0,0,0,1,0,0,0,0,0,0,0,0,0,0,1,0,0,0,0,0,0,0,0,0,0,0,0,0,0,0,0,0,0,0,0,0,0,0,0,0,0,0,0,0,0,0,0,0,0,0,0,0,0,0,0,0,0,0,0,0,0,0,0,0,0,0,0,0,0,0,0,0,0,0,0,0,0,0,0,0,0,0,0,0,0,0,0,0,0,0,0
0,0,0,0,0,0,0,0,0,0,0,0,0,0,1,0,0,0,0,0,0,0,0,0,0,1,2,0,0,0,1,2,0,0,2,0,1,0,3,1,1,2,0,1,2,0,3,2,2,2,2,1,1,3,0,2,3,4,1,3,3,3,6,1,4,3,2,4,3,8,3,4,3,3,2,4,1,2,2,5,2,5,2,1,1,0,1,0,0,2,2,1,1,1,2,0,0,0,0,1,0,0,0,2,0,0,1,0,1,0,0,0,1,0,0,0,0,0,1,0,0,0,0,0,0,0,0,0,0,0,0,0,0,0,0,0,0,0,0,0,0,0,0,0,0,0,0,0,0,0,0,0,0,0,0,0,0,0,0,0,0,0,0,0,0,0,0,0,0,0,0,0,0,0,0,0,0,0,0,0,0,0,0,0,0,0,0,0,0,0,0,0,0,0,0,0,0,0,0,0
0,0,0,0,0,0,0,0,0,0,0,0,1,0,0,1,0,0,0,0,0,0,0,0,0,0,1,1,2,0,1,0,0,0,0,0,1,0,0,1,3,2,1,3,3,1,5,2,2,0,0,2,0,3,3,3,4,6,1,5,5,4,6,1,5,3,3,2,1,3,2,2,3,4,4,3,3,2,1,0,0,3,1,4,2,2,2,2,1,3,0,1,0,1,3,2,0,0,0,0,1,0,0,0,1,0,2,0,0,0,0,1,0,0,0,0,0,0,0,0,0,0,0,0,0,0,0,0,0,0,0,0,0,0,0,0,0,0,0,0,0,0,0,0,0,0,0,0,0,0,0,0,0,0,0,0,0,0,0,0,0,0,0,0,0,0,0,0,0,0,0,0,0,0,0,0,0,0,0,0,0,0,0,0,0,0,0,0,0,0,0,0,0,0,0,0,0,0,0,0
0,0,0,0,0,0,0,0,0,0,0,0,0,0,0,0,0,0,0,0,0,0,0,0,0,0,0,2,0,0,1,0,0,0,0,1,0,1,0,0,1,0,3,3,2,2,1,0,0,3,3,3,5,3,1,2,2,0,4,3,3,3,4,2,5,0,4,3,3,4,3,4,3,0,4,1,0,4,1,3,1,2,2,2,3,2,1,2,0,3,2,1,0,2,0,1,1,1,0,1,0,1,1,2,0,0,0,0,1,0,0,0,0,0,0,0,0,1,0,0,0,0,0,0,0,0,0,0,0,0,0,0,0,0,0,0,0,0,0,0,0,0,0,0,0,0,0,0,0,0,0,0,0,0,0,0,0,0,0,0,0,0,0,0,0,0,0,0,0,0,0,0,0,0,0,0,0,0,0,0,0,0,0,0,0,0,0,0,0,0,0,0,0,0,0,0,0,0,0,0
0,0,0,0,0,0,0,0,0,0,0,0,0,0,0,1,1,0,0,2,0,0,0,0,1,0,1,0,1,0,2,0,0,0,1,0,2,3,0,0,0,2,1,3,1,3,3,2,2,4,2,3,5,7,3,4,3,2,0,3,0,2,2,6,4,1,9,1,3,3,2,3,5,1,2,2,5,3,2,4,2,4,3,1,0,1,4,1,0,1,0,3,0,2,1,1,0,1,0,0,0,1,0,0,1,0,0,0,0,0,1,1,0,0,0,0,0,0,0,1,0,0,0,0,0,0,0,0,0,0,0,0,0,0,0,0,0,0,0,0,0,0,0,0,0,0,0,0,0,0,0,0,0,0,0,0,0,0,0,0,0,0,0,0,0,0,0,0,0,0,0,0,0,0,0,0,0,0,0,0,0,0,0,0,0,0,0,0,0,0,0,0,0,0,0,0,0,0,0,0
0,0,0,0,0,0,0,0,0,0,0,0,0,0,1,0,0,0,0,0,0,0,0,0,0,1,2,0,2,0,0,2,1,1,1,0,0,0,0,0,1,1,1,0,0,4,3,1,2,1,3,1,1,3,6,3,4,4,1,4,6,1,1,6,1,6,3,3,1,3,0,4,2,3,1,1,2,5,2,2,1,1,0,1,0,1,0,1,2,2,2,0,1,1,0,0,0,0,1,1,0,1,1,0,0,1,0,1,0,1,0,1,0,2,0,0,0,0,0,0,1,0,0,0,0,0,0,0,0,0,0,0,0,0,0,0,0,0,0,0,0,0,0,0,0,0,0,0,0,0,0,0,0,0,0,0,0,0,0,0,0,0,0,0,0,0,0,0,0,0,0,0,0,0,0,0,0,0,0,0,0,0,0,0,0,0,0,0,0,0,0,0,0,0,0,0,0,0,0,0
1,0,0,0,0,0,0,0,0,0,0,0,0,0,0,0,0,0,0,0,0,0,0,0,0,0,2,0,0,0,4,0,0,0,1,1,1,1,1,0,1,0,2,3,1,3,4,1,2,4,2,1,2,5,2,3,2,4,4,2,2,2,3,5,2,0,1,3,3,3,1,2,1,1,4,3,3,1,1,0,0,0,0,1,2,1,2,0,1,1,2,0,1,1,2,1,1,1,0,0,0,1,0,0,0,0,0,0,0,0,0,2,0,1,0,0,1,0,0,0,0,0,0,0,0,0,0,0,0,0,0,0,0,0,0,0,0,0,0,0,0,0,0,0,0,0,0,0,0,0,0,0,0,0,0,0,0,0,0,0,0,0,0,0,0,0,0,0,0,0,0,0,0,0,0,0,0,0,0,0,0,0,0,0,0,0,0,0,0,0,0,0,0,0,0,0,0,0,0,0
0,0,0,0,0,0,0,0,0,0,0,0,0,0,0,0,1,0,0,0,0,0,0,0,0,0,0,2,0,1,0,0,2,0,0,0,1,1,0,1,1,1,3,1,4,1,2,2,1,3,2,2,4,2,2,1,3,4,7,4,2,2,1,0,1,2,9,3,4,1,1,0,4,3,2,1,1,2,2,2,4,3,3,0,3,2,0,2,2,1,1,0,1,3,2,0,0,1,0,1,1,0,0,0,1,0,0,1,1,0,0,0,0,0,0,0,0,0,0,0,0,0,0,0,0,0,0,0,0,0,0,0,0,0,0,0,0,0,0,0,0,0,0,0,0,0,0,0,0,0,0,0,0,0,0,0,0,0,0,0,0,0,0,0,0,0,0,0,0,0,0,0,0,0,0,0,0,0,0,0,0,0,0,0,0,0,0,0,0,0,0,0,0,0,0,0,0,0,0,0
0,0,0,0,0,0,0,0,0,0,0,0,0,0,0,0,0,0,0,0,0,0,0,0,0,1,1,0,1,0,0,0,0,0,2,1,0,1,0,2,1,1,1,0,0,1,3,1,3,3,2,3,6,2,2,1,2,2,5,0,3,3,1,2,2,1,5,5,5,4,5,2,6,2,0,2,6,1,1,4,0,0,3,2,1,1,0,1,1,3,0,1,2,1,1,1,0,1,0,0,0,0,2,0,0,0,0,0,0,0,1,0,0,1,0,0,0,0,0,0,0,0,0,1,0,0,0,0,0,0,0,0,0,0,0,0,0,0,0,0,0,0,0,0,0,0,0,0,0,0,0,0,0,0,0,0,0,0,0,0,0,0,0,0,0,0,0,0,0,0,0,0,0,0,0,0,0,0,0,0,0,0,0,0,0,0,0,0,0,0,0,0,0,0,0,0,0,0,0,0
0,0,0,0,0,0,0,0,0,0,0,0,0,0,1,0,0,0,0,0,0,0,0,0,0,0,0,1,3,0,0,0,1,0,0,0,1,1,3,1,0,1,1,3,0,1,1,4,1,0,0,4,2,1,4,1,3,4,4,2,1,4,1,2,2,3,1,3,2,0,1,3,2,2,2,2,1,2,2,1,2,3,4,3,3,2,3,0,0,1,1,2,3,0,0,0,0,0,0,0,0,0,0,0,0,1,0,0,0,0,0,0,0,0,0,0,0,0,0,0,0,0,0,0,0,0,0,0,0,0,0,0,0,0,0,0,0,0,0,0,0,0,0,0,0,0,0,0,0,0,0,0,0,0,0,0,0,0,0,0,0,0,0,0,0,0,0,0,0,0,0,0,0,0,0,0,0,0,0,0,0,0,0,0,0,0,0,0,0,0,0,0,0,0,0,0,0,0,0,0
0,0,0,0,0,0,0,0,0,0,0,0,0,0,1,0,0,0,0,1,0,0,0,0,0,0,1,0,0,1,0,0,0,0,0,0,2,0,0,0,1,1,3,4,0,1,1,3,2,2,2,1,1,6,3,2,4,3,2,3,3,2,0,2,3,3,4,0,1,0,2,2,2,3,1,2,1,2,3,3,1,1,1,1,0,1,1,2,0,1,0,1,1,0,1,0,1,1,0,0,1,0,0,0,0,0,0,0,1,1,0,0,0,1,0,0,0,1,0,0,0,0,0,0,0,0,0,0,0,0,0,0,0,0,0,0,0,0,0,0,0,0,0,0,0,0,0,0,0,0,0,0,0,0,0,0,0,0,0,0,0,0,0,0,0,0,0,0,0,0,0,0,0,0,0,0,0,0,0,0,0,0,0,0,0,0,0,0,0,0,0,0,0,0,0,0,0,0,0,0
0,0,0,0,0,0,0,0,0,0,0,0,0,0,0,0,2,1,0,0,0,0,0,0,0,1,0,1,0,0,1,0,2,0,0,0,0,0,1,0,1,3,0,0,2,1,0,2,4,2,0,5,2,1,3,2,2,3,3,1,0,2,5,1,3,2,1,1,0,2,1,0,1,0,1,2,2,0,1,1,1,4,3,2,1,1,0,1,2,0,0,0,1,0,0,0,1,0,0,1,0,0,1,0,0,1,1,1,0,1,0,0,0,0,0,0,0,1,0,0,0,0,0,0,0,0,0,0,0,0,0,0,0,0,0,0,0,0,0,0,0,0,0,0,0,0,0,0,0,0,0,0,0,0,0,0,0,0,0,0,0,0,0,0,0,0,0,0,0,0,0,0,0,0,0,0,0,0,0,0,0,0,0,0,0,0,0,0,0,0,0,0,0,0,0,0,0,0,0,0
0,0,0,0,0,0,0,0,0,0,0,0,0,0,0,0,0,0,0,0,0,0,0,0,0,1,1,1,0,0,0,0,1,0,0,1,3,0,1,1,0,0,1,4,2,1,1,2,1,2,0,4,1,0,3,4,1,3,4,2,3,0,4,7,1,1,1,0,4,4,3,2,1,3,2,1,1,1,0,1,0,0,0,3,0,0,0,1,0,0,0,0,2,1,1,0,0,0,1,1,1,0,0,0,1,1,0,0,1,0,0,0,0,1,0,0,0,0,0,0,0,0,0,0,0,0,0,0,0,0,0,0,0,0,0,0,0,0,0,0,0,0,0,0,0,0,0,0,0,0,0,0,0,0,0,0,0,0,0,0,0,0,0,0,0,0,0,0,0,0,0,0,0,0,0,0,0,0,0,0,0,0,0,0,0,0,0,0,0,0,0,0,0,0,0,0,0,0,0,0
0,0,0,0,0,0,0,0,0,0,0,0,0,0,0,0,0,0,0,0,0,0,0,0,1,2,0,0,0,1,1,0,0,0,0,2,0,0,1,1,0,1,2,0,1,3,1,1,2,2,2,2,2,3,3,0,0,1,4,1,4,2,2,2,4,1,3,2,1,5,1,4,3,2,3,3,2,1,1,1,1,0,1,0,0,3,2,3,0,1,0,0,0,1,3,0,2,0,0,2,0,1,0,1,1,0,0,0,1,0,0,0,0,0,0,0,0,0,0,0,0,0,0,0,0,0,0,0,0,1,0,0,0,0,0,0,0,0,0,0,0,0,0,0,0,0,0,0,0,0,0,0,0,0,0,0,0,0,0,0,0,0,0,0,0,0,0,0,0,0,0,0,0,0,0,0,0,0,0,0,0,0,0,0,0,0,0,0,0,0,0,0,0,0,0,0,0,0,0,0
0,0,0,0,0,0,0,0,0,0,0,0,0,0,0,0,0,1,0,0,0,0,0,0,1,1,0,0,0,0,0,0,0,2,0,0,0,0,0,1,1,0,0,2,2,2,1,1,3,2,1,1,1,2,3,3,1,2,2,5,0,2,4,0,1,0,4,2,1,4,6,1,1,1,0,0,1,1,5,1,0,1,1,0,0,3,0,2,1,2,2,0,0,1,0,1,1,0,0,2,1,1,0,0,0,1,0,0,0,0,0,0,0,0,0,0,0,0,0,0,0,0,0,0,0,0,0,0,0,0,0,0,0,0,0,0,0,0,0,0,0,0,0,0,0,0,0,0,0,0,0,0,0,0,0,0,0,0,0,0,0,0,0,0,0,0,0,0,0,0,0,0,0,0,0,0,0,0,0,0,0,0,0,0,0,0,0,0,0,0,0,0,0,0,0,0,0,0,0,0
1,0,0,0,0,0,0,0,0,0,0,0,0,0,0,0,0,0,0,0,0,0,0,0,0,0,0,0,0,0,1,0,0,2,2,0,0,0,2,0,0,1,2,4,1,0,3,0,2,3,1,1,2,1,0,2,1,4,3,0,3,6,4,3,3,0,0,2,2,2,0,2,3,0,3,2,5,2,2,1,0,0,1,1,2,0,1,2,0,0,1,0,0,1,0,1,1,0,1,0,0,0,1,0,0,0,0,0,1,0,0,0,0,0,0,0,0,1,0,0,0,0,0,0,0,0,0,0,0,0,0,0,0,0,0,0,0,0,0,0,0,0,0,0,0,0,0,0,0,0,0,0,0,0,0,0,0,0,0,0,0,0,0,0,0,0,0,0,0,0,0,0,0,0,0,0,0,0,0,0,0,0,0,0,0,0,0,0,0,0,0,0,0,0,0,0,0,0,0,0
0,0,0,0,0,0,0,0,0,0,0,0,0,0,0,0,0,0,0,0,0,0,0,1,0,0,0,0,1,0,1,1,0,0,2,0,2,0,0,2,0,2,1,2,2,0,1,2,0,0,1,2,4,1,1,0,3,5,3,1,3,2,2,1,0,1,2,1,4,0,4,1,1,0,2,1,2,1,4,2,0,1,3,1,3,1,1,1,2,0,0,0,0,0,0,1,0,0,0,0,0,0,1,0,0,0,0,0,0,0,0,0,0,0,0,0,0,0,0,0,0,0,0,0,0,0,0,0,0,0,0,0,0,0,0,0,0,0,0,0,0,0,0,0,0,0,0,0,0,0,0,0,0,0,0,0,0,0,0,0,0,0,0,0,0,0,0,0,0,0,0,0,0,0,0,0,0,0,0,0,0,0,0,0,0,0,0,0,0,0,0,0,0,0,0,0,0,0,0,0
0,0,0,0,0,0,0,0,0,0,0,0,0,0,0,0,0,0,0,0,0,0,0,0,0,0,1,2,0,0,1,0,0,1,0,2,2,1,1,1,0,1,1,3,2,1,2,1,2,0,2,2,0,1,1,5,3,3,1,1,1,2,5,3,3,0,2,0,2,1,1,1,2,0,2,3,1,2,0,2,0,0,0,0,1,0,0,3,2,1,0,0,1,0,0,0,0,0,0,0,0,0,0,0,0,0,0,0,0,0,0,0,0,0,0,0,0,0,0,0,0,0,0,0,0,0,0,0,0,0,0,0,0,0,0,0,0,0,0,0,0,0,0,0,0,0,0,0,0,0,0,0,0,0,0,0,0,0,0,0,0,0,0,0,0,0,0,0,0,0,0,0,0,0,0,0,0,0,0,0,0,0,0,0,0,0,0,0,0,0,0,0,0,0,0,0,0,0,0,0
0,0,0,0,0,0,0,0,0,0,0,0,0,0,0,0,0,0,0,0,0,0,0,0,1,1,0,1,0,0,0,1,0,1,1,0,0,0,0,0,1,0,1,2,1,2,2,3,0,3,0,1,1,0,0,0,0,1,0,3,0,4,1,1,3,1,5,2,2,4,4,3,0,2,1,3,0,2,0,0,1,0,0,1,1,0,1,0,2,0,0,0,0,1,1,0,0,0,1,0,0,0,2,1,2,0,0,1,1,1,1,0,0,0,0,0,0,0,0,0,0,0,0,0,0,0,0,0,0,0,0,0,0,0,0,0,0,0,0,0,0,0,0,0,0,0,0,0,0,0,0,0,0,0,0,0,0,0,0,0,0,0,0,0,0,0,0,0,0,0,0,0,0,0,0,0,0,0,0,0,0,0,0,0,0,0,0,0,0,0,0,0,0,0,0,0,0,0,0,0
0,0,0,0,0,0,0,0,0,0,0,0,0,0,1,0,0,0,0,0,0,0,0,0,0,0,1,0,3,1,1,0,0,0,1,1,1,1,0,2,0,0,2,1,0,0,1,0,0,0,1,4,2,0,2,1,0,0,3,2,0,1,2,0,2,2,1,1,1,2,4,0,2,2,2,2,3,5,1,0,2,0,1,0,0,1,2,1,0,2,0,1,0,1,1,0,0,0,0,0,0,0,0,0,0,0,0,0,0,1,0,0,0,0,0,0,1,0,0,1,0,0,0,0,0,0,0,0,0,0,0,0,0,0,0,0,0,0,0,0,0,0,0,0,0,0,0,0,0,0,0,0,0,0,0,0,0,0,0,0,0,0,0,0,0,0,0,0,0,0,0,0,0,0,0,0,0,0,0,0,0,0,0,0,0,0,0,0,0,0,0,0,0,0,0,0,0,0,0,0
0,0,0,0,0,0,0,0,0,0,0,0,0,0,0,0,0,0,0,0,0,0,0,0,0,2,0,1,2,1,1,0,1,0,0,0,0,1,0,1,0,0,1,1,1,1,0,1,0,1,4,2,0,1,1,2,2,2,2,3,1,1,1,1,1,1,1,3,0,1,2,2,1,2,6,0,1,1,2,1,0,0,1,0,1,0,0,0,2,0,1,0,2,0,0,0,1,0,0,1,0,0,1,0,0,0,0,0,0,0,0,0,0,0,1,0,0,0,0,0,0,1,0,0,0,0,0,0,0,0,0,0,0,0,0,0,0,0,0,0,0,0,0,0,0,0,0,0,0,0,0,0,0,0,0,0,0,0,0,0,0,0,0,0,0,0,0,0,0,0,0,0,0,0,0,0,0,0,0,0,0,0,0,0,0,0,0,0,0,0,0,0,0,0,0,0,0,0,0,0
0,0,0,0,0,0,0,0,0,0,0,0,0,0,0,0,0,0,0,1,0,0,0,0,0,0,1,0,0,0,1,1,0,0,1,0,2,2,1,1,1,1,1,1,3,1,1,5,4,0,0,1,0,2,3,4,0,2,0,0,1,0,2,3,3,2,0,0,1,0,2,2,0,2,3,0,1,0,1,0,2,0,1,1,3,1,2,0,0,1,1,1,1,2,0,0,0,1,0,0,0,0,0,0,0,0,1,0,0,0,0,0,0,0,0,0,0,0,0,0,0,0,0,0,0,0,0,0,0,0,0,0,0,0,0,0,0,0,0,0,0,0,0,0,0,0,0,0,0,0,0,0,0,0,0,0,0,0,0,0,0,0,0,0,0,0,0,0,0,0,0,0,0,0,0,0,0,0,0,0,0,0,0,0,0,0,0,0,0,0,0,0,0,0,0,0,0,0,0,0
0,0,0,0,0,0,0,0,0,0,0,0,0,0,0,0,1,0,0,0,0,0,0,1,0,0,1,1,0,1,1,0,0,0,0,2,0,0,0,0,1,1,0,0,0,1,1,1,0,1,1,1,1,0,0,1,2,2,0,6,2,1,3,1,3,2,2,0,2,4,2,1,2,1,1,1,3,1,3,2,1,0,0,0,1,0,0,1,2,1,0,0,0,0,1,1,0,0,1,0,0,1,2,2,0,0,0,0,0,0,0,0,1,0,0,0,0,1,0,0,0,0,0,0,0,0,1,0,0,0,0,0,0,0,0,0,0,0,0,0,0,0,0,0,0,0,0,0,0,0,0,0,0,0,0,0,0,0,0,0,0,0,0,0,0,0,0,0,0,0,0,0,0,0,0,0,0,0,0,0,0,0,0,0,0,0,0,0,0,0,0,0,0,0,0,0,0,0,0,0
0,0,0,0,0,0,0,0,0,0,0,0,0,0,0,0,0,0,0,1,0,0,0,0,1,0,0,1,1,0,2,0,0,1,1,1,1,0,1,0,0,0,1,2,2,0,0,0,0,1,0,1,2,2,1,1,3,2,1,2,4,1,4,2,2,2,2,0,0,4,1,3,0,1,0,2,0,5,1,1,0,3,0,1,0,0,0,3,1,1,0,0,0,1,2,0,0,0,0,0,0,0,0,0,1,0,0,0,0,0,0,0,0,0,0,0,0,0,0,0,0,0,0,0,0,0,0,0,0,0,0,0,0,0,0,0,0,0,0,0,0,0,0,0,0,0,0,0,0,0,0,0,0,0,0,0,0,0,0,0,0,0,0,0,0,0,0,0,0,0,0,0,0,0,0,0,0,0,0,0,0,0,0,0,0,0,0,0,0,0,0,0,0,0,0,0,0,0,0,0
0,0,0,0,0,0,0,0,0,0,0,0,0,0,1,0,0,0,0,0,0,0,0,0,0,0,0,0,0,0,0,0,0,0,0,1,1,1,0,0,1,1,1,1,1,2,1,1,1,0,0,1,1,2,2,1,1,2,4,1,1,0,0,2,4,1,1,4,2,0,2,1,2,1,1,4,2,2,1,1,0,0,1,0,3,1,0,0,0,0,0,0,0,0,0,0,1,0,0,0,0,0,0,0,1,0,0,0,0,0,0,0,0,0,0,0,0,0,0,1,0,0,0,0,0,0,0,0,0,0,0,0,0,0,1,0,0,0,0,0,0,0,0,0,0,0,0,0,0,0,0,0,0,0,0,0,0,0,0,0,0,0,0,0,0,0,0,0,0,0,0,0,0,0,0,0,0,0,0,0,0,0,0,0,0,0,0,0,0,0,0,0,0,0,0,0,0,0,0,0
0,0,0,0,0,0,0,0,0,0,0,0,0,0,0,0,0,0,0,0,1,0,0,0,1,0,0,1,1,0,0,0,0,1,0,3,1,1,1,0,0,0,1,1,1,0,1,1,0,2,0,4,1,1,1,2,1,2,1,3,0,3,1,4,1,1,3,4,3,2,0,1,1,0,2,3,2,0,1,0,1,0,3,0,0,0,0,0,0,0,3,0,0,1,0,1,0,0,0,0,0,0,0,0,0,0,0,0,1,0,0,0,0,0,0,0,0,0,1,0,0,0,0,0,0,0,0,0,0,0,0,0,0,0,0,0,0,0,0,0,0,0,0,0,0,0,0,0,0,0,0,0,0,0,0,0,0,0,0,0,0,0,0,0,0,0,0,0,0,0,0,0,0,0,0,0,0,0,0,0,0,0,0,0,0,0,0,0,0,0,0,0,0,0,0,0,0,0,0,0
0,0,0,0,0,0,0,0,0,0,0,0,0,0,0,0,0,0,0,0,0,0,0,0,0,0,1,0,1,0,2,0,0,1,0,0,0,0,3,2,0,1,0,0,2,1,2,3,1,1,2,0,1,2,3,3,1,1,2,2,1,1,6,0,3,3,1,1,0,1,2,0,0,0,0,1,2,1,1,3,2,1,1,0,1,0,3,1,0,0,3,2,0,0,0,0,0,0,0,0,0,0,0,0,0,0,0,0,0,1,0,0,0,0,0,0,0,0,0,0,0,0,0,0,0,0,0,0,0,0,0,0,0,0,0,0,0,0,0,0,0,0,0,0,0,0,0,0,0,0,0,0,0,0,0,0,0,0,0,0,0,0,0,0,0,0,0,0,0,0,0,0,0,0,0,0,0,0,0,0,0,0,0,0,0,0,0,0,0,0,0,0,0,0,0,0,0,0,0,0
0,0,0,0,0,0,0,0,0,0,0,0,0,0,0,0,0,0,0,0,0,0,0,0,0,0,0,0,1,0,1,0,1,0,0,0,1,0,1,0,2,1,2,1,1,4,5,3,1,2,0,3,2,2,1,3,2,2,0,3,1,2,0,1,1,5,2,0,0,0,0,3,1,0,0,0,2,3,0,0,2,1,0,0,0,0,0,0,0,1,0,0,1,0,0,0,1,0,0,1,1,0,0,0,0,0,0,0,0,0,0,0,0,0,0,0,0,0,0,0,0,0,0,0,0,0,0,0,0,0,0,0,0,0,0,0,0,0,0,0,0,0,0,0,0,0,0,0,0,0,0,0,0,0,0,0,0,0,0,0,0,0,0,0,0,0,0,0,0,0,0,0,0,0,0,0,0,0,0,0,0,0,0,0,0,0,0,0,0,0,0,0,0,0,0,0,0,0,0,0
0,0,0,0,0,0,0,0,0,0,0,0,0,0,0,0,0,0,0,0,0,0,0,0,0,0,2,0,0,0,1,0,1,0,2,0,0,1,0,0,0,1,3,0,2,2,0,1,0,1,2,0,1,2,0,1,1,1,3,2,3,3,4,1,0,1,0,2,2,0,1,0,2,2,0,1,2,1,0,0,0,1,1,1,0,1,0,0,0,0,0,2,0,1,1,0,0,0,0,0,0,0,0,0,0,0,0,0,1,0,0,0,0,0,0,0,0,0,0,0,0,0,0,0,0,0,0,0,0,0,0,0,0,0,0,0,0,0,0,0,0,0,0,0,0,0,0,0,0,0,0,0,0,0,0,0,0,0,0,0,0,0,0,0,0,0,0,0,0,0,0,0,0,0,0,0,0,0,0,0,0,0,0,0,0,0,0,0,0,0,0,0,0,0,0,0,0,0,0,0
0,0,0,0,0,0,0,0,0,0,0,0,0,0,0,0,0,0,0,0,0,0,0,0,0,0,0,0,1,0,0,1,0,0,0,0,0,2,0,1,1,1,0,0,0,0,0,0,0,1,0,3,2,0,3,2,2,2,3,3,2,2,0,2,0,2,0,1,4,4,0,1,0,0,1,0,1,2,0,0,0,1,2,2,0,0,0,1,0,0,1,0,0,1,1,0,1,0,0,0,0,1,0,0,0,0,0,0,0,0,0,1,0,0,0,0,1,0,0,0,0,0,0,0,0,0,0,0,0,0,0,0,0,0,0,0,0,0,0,0,0,0,0,0,0,0,0,0,0,0,0,0,0,0,0,0,0,0,0,0,0,0,0,0,0,0,0,0,0,0,0,0,0,0,0,0,0,0,0,0,0,0,0,0,0,0,0,0,0,0,0,0,0,0,0,0,0,0,0,0
0,0,0,0,0,0,0,0,0,0,0,0,0,0,0,0,0,0,0,0,0,0,0,0,0,0,0,0,0,0,1,0,0,0,0,1,0,0,2,1,0,1,1,0,2,0,0,0,1,1,2,1,2,0,1,1,0,1,0,2,0,1,3,1,1,2,1,0,1,1,4,0,0,1,0,1,1,2,1,1,1,4,1,1,0,2,0,0,1,1,0,0,0,1,0,1,2,0,0,0,1,0,0,0,0,0,0,0,0,0,1,0,0,0,0,0,0,0,1,0,0,0,0,0,0,0,0,0,0,0,0,0,0,0,0,0,0,0,0,0,0,0,0,0,0,0,0,0,0,0,0,0,0,0,0,0,0,0,0,0,0,0,0,0,0,0,0,0,0,0,0,0,0,0,0,0,0,0,0,0,0,0,0,0,0,0,0,0,0,0,0,0,0,0,0,0,0,0,0,0
0,0,0,0,0,0,0,0,0,0,0,0,0,0,0,0,0,0,0,0,0,0,0,0,0,0,0,0,0,0,0,0,0,0,2,0,0,0,3,1,1,0,1,1,2,1,2,3,2,2,1,0,0,0,1,1,2,3,2,2,3,1,0,1,2,2,3,3,2,2,0,1,2,1,0,1,0,0,2,0,3,0,1,0,0,1,0,1,1,3,0,0,0,0,1,0,0,0,0,0,1,0,0,0,0,0,0,0,0,0,0,0,0,0,0,1,0,0,0,0,0,0,0,0,0,0,0,0,0,0,0,0,0,0,0,0,0,0,0,0,0,0,0,0,0,0,0,0,0,0,0,0,0,0,0,0,0,0,0,0,0,0,0,0,0,0,0,0,0,0,0,0,0,0,0,0,0,0,0,0,0,0,0,0,0,0,0,0,0,0,0,0,0,0,0,0,0,0,0,0
0,0,0,0,0,0,0,0,0,0,0,0,0,1,0,0,0,0,0,1,0,0,0,0,2,0,0,0,0,1,0,2,0,0,0,1,1,1,0,0,1,0,0,1,1,0,0,0,1,0,0,1,2,1,0,1,3,1,1,1,1,1,1,3,1,2,0,1,0,1,0,1,2,0,1,2,1,0,3,0,1,1,0,2,1,1,1,2,0,1,1,0,0,0,0,0,1,0,1,0,0,0,0,0,0,0,0,0,0,0,0,0,0,1,0,0,0,0,0,0,0,0,0,0,0,0,0,0,0,0,0,0,0,0,0,0,0,0,0,0,0,0,0,0,0,0,0,0,0,0,0,0,0,0,0,0,0,0,0,0,0,0,0,0,0,0,0,0,0,0,0,0,0,0,0,0,0,0,0,0,0,0,0,0,0,0,0,0,0,0,0,0,0,0,0,0,0,0,0,0
1,0,0,0,0,0,0,0,0,0,0,0,0,0,0,0,0,0,0,0,0,0,0,0,0,0,0,0,1,0,0,0,0,0,2,0,0,1,0,0,0,2,0,0,0,1,0,1,0,0,0,2,1,2,1,3,2,0,1,2,0,1,1,1,1,0,1,2,1,0,2,1,1,0,1,1,1,0,1,1,1,0,0,1,1,0,0,1,0,0,1,1,0,0,0,0,0,0,0,0,1,0,1,0,0,0,0,0,0,0,0,0,0,0,0,0,0,0,0,0,0,0,0,0,0,0,0,0,0,0,0,0,0,0,0,0,0,0,0,0,0,0,0,0,0,0,0,0,0,0,0,0,0,0,0,0,0,0,0,0,0,0,0,0,0,0,0,0,0,0,0,0,0,0,0,0,0,0,0,0,0,0,0,0,0,0,0,0,0,0,0,0,0,0,0,0,0,0,0,0
0,0,0,0,0,0,0,0,0,0,0,0,0,0,0,0,0,0,0,0,0,0,0,0,0,0,0,0,0,0,0,0,1,0,0,1,1,0,1,1,1,1,0,1,0,2,1,2,1,2,1,0,1,0,1,0,1,2,1,0,1,0,0,0,0,0,3,2,1,2,2,2,2,2,2,2,0,0,0,3,1,0,0,1,4,0,0,0,1,0,1,0,1,1,0,0,0,1,0,0,1,0,0,0,0,0,0,0,0,0,0,0,0,1,0,0,0,0,0,0,0,0,0,0,0,0,0,0,0,0,0,0,0,0,0,0,0,0,0,0,0,0,0,0,0,0,0,0,0,0,0,0,0,0,0,0,0,0,0,0,0,0,0,0,0,0,0,0,0,0,0,0,0,0,0,0,0,0,0,0,0,0,0,0,0,0,0,0,0,0,0,0,0,0,0,0,0,0,0,0
0,0,0,0,0,0,0,0,0,0,0,0,0,0,0,0,0,0,0,0,0,0,0,0,0,1,0,0,1,0,1,0,0,0,1,1,1,0,0,0,1,0,0,2,1,2,1,0,0,2,0,2,0,1,1,1,2,1,0,3,0,1,1,2,0,3,1,2,0,2,1,0,2,0,4,3,0,0,1,0,1,1,0,0,1,0,0,0,0,1,0,3,2,0,0,0,1,0,0,0,0,0,0,0,0,0,0,0,0,0,0,0,0,0,0,0,0,0,0,0,0,0,1,0,0,0,0,0,0,0,0,0,0,0,0,0,0,0,0,0,0,0,0,0,0,0,0,0,0,0,0,0,0,0,0,0,0,0,0,0,0,0,0,0,0,0,0,0,0,0,0,0,0,0,0,0,0,0,0,0,0,0,0,0,0,0,0,0,0,0,0,0,0,0,0,0,0,0,0,0
0,0,0,0,0,0,0,0,0,0,0,0,0,0,0,0,0,0,0,0,0,0,0,0,0,0,1,1,0,0,1,0,0,1,0,1,0,0,1,1,0,0,1,0,2,0,1,1,1,0,0,1,1,1,1,1,2,2,1,1,1,1,1,4,1,0,1,1,0,0,1,1,1,0,2,2,1,4,0,0,2,1,0,1,2,2,0,0,0,0,1,0,0,0,0,0,1,0,1,0,0,0,0,0,0,0,0,0,0,0,0,0,0,1,0,0,0,0,0,0,0,1,0,0,0,0,0,0,0,0,0,0,0,0,0,0,0,0,0,0,0,0,0,0,0,0,0,0,0,0,0,0,0,0,0,0,0,0,0,0,0,0,0,0,0,0,0,0,0,0,0,0,0,0,0,0,0,0,0,0,0,0,0,0,0,0,0,0,0,0,0,0,0,0,0,0,0,0,0,0
0,0,0,0,0,0,0,0,0,0,0,0,0,0,0,0,0,0,0,0,0,0,0,0,0,1,0,0,0,0,0,0,0,0,0,0,0,1,1,0,0,1,1,2,0,2,1,0,0,0,0,2,1,4,1,2,4,2,3,1,0,3,0,0,2,1,0,1,1,1,1,0,1,1,1,1,2,0,0,0,0,1,0,0,1,1,0,0,1,0,0,0,0,0,1,0,1,1,0,0,1,0,0,0,0,0,0,0,0,0,0,0,0,0,0,0,0,0,0,0,0,0,0,0,0,0,0,0,0,0,0,0,0,0,0,0,0,0,0,0,0,0,0,0,0,0,0,0,0,0,0,0,0,0,0,0,0,0,0,0,0,0,0,0,0,0,0,0,0,0,0,0,0,0,0,0,0,0,0,0,0,0,0,0,0,0,0,0,0,0,0,0,0,0,0,0,0,0,0,0
0,0,0,0,0,0,0,0,0,0,0,0,0,0,0,0,0,0,0,0,0,0,0,0,0,0,0,0,0,0,2,0,0,0,0,1,1,0,0,0,1,0,2,0,1,1,0,0,2,0,0,1,0,2,0,0,3,1,1,0,2,0,1,1,0,3,1,0,1,0,1,2,2,1,0,1,1,0,4,0,0,1,0,0,1,0,0,0,0,3,1,0,0,0,0,1,1,0,0,1,0,0,0,0,0,0,0,0,0,1,0,0,0,0,0,0,0,0,0,0,0,0,0,0,0,0,0,1,0,0,0,0,0,0,0,0,0,0,0,0,0,0,0,0,0,0,0,0,0,0,0,0,0,0,0,0,0,0,0,0,0,0,0,0,0,0,0,0,0,0,0,0,0,0,0,0,0,0,0,0,0,0,0,0,0,0,0,0,0,0,0,0,0,0,0,0,0,0,0,0
0,0,0,0,0,0,0,0,0,0,0,0,0,0,0,0,0,0,0,0,0,0,0,0,0,0,1,0,1,0,0,1,1,0,0,0,0,0,0,0,0,2,1,1,1,1,0,0,1,2,1,1,2,0,1,2,4,2,1,0,1,1,2,2,1,3,2,1,0,1,1,0,0,0,0,0,1,1,1,0,2,0,0,0,0,1,0,0,0,0,0,0,0,0,0,0,0,0,0,0,0,0,0,0,0,0,0,0,0,0,0,0,0,0,0,1,0,0,0,0,0,0,0,0,0,0,0,0,0,0,0,0,0,0,0,0,0,0,0,0,0,0,0,0,0,0,0,0,0,0,0,0,0,0,0,0,0,0,0,0,0,0,0,0,0,0,0,0,0,0,0,0,0,0,0,0,0,0,0,0,0,0,0,0,0,0,0,0,0,0,0,0,0,0,0,0,0,0,0,0
0,0,0,0,0,0,0,0,0,0,0,0,0,0,0,0,0,0,0,0,0,0,0,0,0,0,0,0,0,0,0,0,0,0,0,1,1,0,1,1,0,0,0,2,0,1,1,1,1,1,0,1,1,0,0,2,1,2,1,1,0,0,2,2,2,0,2,0,0,3,2,0,3,0,0,1,1,0,4,1,0,2,0,0,0,1,0,1,0,0,1,0,1,0,0,1,0,0,0,0,0,0,0,0,0,0,0,0,0,0,0,0,0,0,0,0,0,0,0,0,0,0,0,0,0,0,0,0,0,0,0,0,0,0,0,0,0,0,0,0,0,0,0,0,0,0,0,0,0,0,0,0,0,0,0,0,0,0,0,0,0,0,0,0,0,0,0,0,0,0,0,0,0,0,0,0,0,0,0,0,0,0,0,0,0,0,0,0,0,0,0,0,0,0,0,0,0,0,0,0
0,0,0,0,0,0,0,0,0,0,0,0,0,0,0,0,0,0,0,0,0,0,0,0,0,0,0,0,0,0,0,0,0,0,0,1,0,0,0,0,1,0,1,0,0,1,1,2,0,1,1,1,0,0,1,1,2,3,1,0,2,1,0,4,1,1,0,1,0,2,1,1,0,0,1,0,1,1,2,1,0,1,0,1,1,1,0,0,0,0,0,1,0,0,0,0,0,0,1,0,0,0,0,0,0,0,0,0,0,0,0,0,0,0,0,0,0,0,0,1,0,0,0,0,0,0,0,0,0,0,0,0,0,0,0,0,0,0,0,0,0,0,0,0,0,0,0,0,0,0,0,0,0,0,0,0,0,0,0,0,0,0,0,0,0,0,0,0,0,0,0,0,0,0,0,0,0,0,0,0,0,0,0,0,0,0,0,0,0,0,0,0,0,0,0,0,0,0,0,0
0,0,0,0,0,1,0,0,0,0,0,0,0,0,1,0,0,0,0,0,0,0,0,0,0,0,0,1,1,1,0,0,1,0,0,0,0,1,0,1,0,1,0,0,0,0,0,2,2,1,0,0,0,0,1,2,2,0,0,0,1,1,0,0,2,0,0,1,0,3,2,1,0,0,0,0,0,2,0,1,3,0,1,0,0,1,0,1,0,1,1,0,0,1,0,0,0,0,0,0,0,0,1,0,0,0,0,0,0,0,0,0,1,0,0,0,0,0,0,0,0,0,0,0,0,0,0,0,0,0,0,0,0,0,0,0,0,0,0,0,0,0,0,0,0,0,0,0,0,0,0,0,0,0,0,0,0,0,0,0,0,0,0,0,0,0,0,0,0,0,0,0,0,0,0,0,0,0,0,0,0,0,0,0,0,0,0,0,0,0,0,0,0,0,0,0,0,0,0,0
0,0,0,0,0,0,0,0,0,1,0,0,0,1,1,0,0,0,0,0,0,0,0,0,0,0,0,0,1,0,1,0,0,1,0,0,1,0,0,0,0,0,0,0,1,1,1,1,4,0,0,1,2,1,1,1,0,0,2,2,0,0,1,2,3,2,1,2,2,2,0,0,0,0,3,1,0,0,2,1,1,0,0,0,0,0,0,0,1,0,0,0,1,0,1,0,2,0,0,0,0,0,1,1,0,0,0,0,0,0,0,0,0,0,0,0,0,0,0,0,0,0,0,0,0,0,0,0,0,0,0,0,0,0,0,0,0,0,0,0,0,0,0,0,0,0,0,0,0,0,0,0,0,0,0,0,0,0,0,0,0,0,0,0,0,0,0,0,0,0,0,0,0,0,0,0,0,0,0,0,0,0,0,0,0,0,0,0,0,0,0,0,0,0,0,0,0,0,0,0
0,0,0,0,0,0,0,0,0,0,0,1,0,0,0,0,0,0,0,0,0,0,0,0,0,1,0,0,0,0,0,0,0,0,1,0,0,0,1,0,0,0,0,0,0,0,0,0,0,0,2,0,0,2,4,0,1,1,1,1,0,0,1,1,0,0,1,1,0,1,1,0,1,1,0,0,0,1,3,2,1,3,3,0,1,1,0,2,0,0,0,1,0,1,0,0,1,0,1,0,0,0,0,1,0,0,0,0,0,0,0,0,0,0,0,0,0,0,0,0,0,0,0,0,0,0,0,0,0,0,0,0,0,0,0,0,0,0,0,0,0,0,0,0,0,0,0,0,0,0,0,0,0,0,0,0,0,0,0,0,0,0,0,0,0,0,0,0,0,0,0,0,0,0,0,0,0,0,0,0,0,0,0,0,0,0,0,0,0,0,0,0,0,0,0,0,0,0,0,0
0,0,0,0,0,0,0,0,0,0,0,0,0,0,0,0,0,0,0,0,0,0,0,0,0,0,0,1,1,0,0,2,0,1,0,0,1,1,1,0,2,0,1,2,0,1,0,0,1,0,0,3,2,0,2,0,1,0,0,2,1,1,0,1,0,0,2,2,1,2,1,0,1,1,2,0,1,0,1,1,1,2,1,0,0,0,0,0,0,0,0,0,0,0,0,0,0,0,0,0,0,0,0,0,0,0,0,0,1,0,0,0,0,0,0,0,0,0,0,0,0,0,0,1,0,0,0,0,0,0,0,1,0,0,0,0,0,0,0,0,0,0,0,0,0,0,0,0,0,0,0,0,0,0,0,0,0,0,0,0,0,0,0,0,0,0,0,0,0,0,0,0,0,0,0,0,0,0,0,0,0,0,0,0,0,0,0,0,0,0,0,0,0,0,0,0,0,0,0,0
0,0,0,0,0,0,0,0,0,0,0,0,0,0,0,0,0,0,0,0,0,0,0,0,0,0,0,0,1,0,0,0,0,0,0,0,1,0,1,1,0,0,0,1,1,0,0,0,0,1,1,0,1,2,2,1,1,0,0,1,1,0,3,1,0,1,1,0,0,1,0,0,0,1,0,1,0,1,1,1,0,1,2,0,0,0,0,0,2,0,0,1,0,0,0,0,1,0,0,1,0,0,0,0,0,0,0,0,0,0,0,0,0,0,0,0,0,0,0,0,0,0,0,0,0,0,0,0,0,0,0,0,0,0,0,0,0,0,0,0,0,0,0,0,0,0,0,0,0,0,0,0,0,0,0,0,0,0,0,0,0,0,0,0,0,0,0,0,0,0,0,0,0,0,0,0,0,0,0,0,0,0,0,0,0,0,0,0,0,0,0,0,0,0,0,0,0,0,0,0
0,0,0,0,0,0,0,0,0,0,0,0,0,0,0,0,0,0,0,0,0,0,0,0,1,0,0,0,1,0,0,0,0,0,0,1,1,0,0,0,0,1,0,0,1,1,1,2,0,1,1,2,1,1,0,0,1,1,1,0,2,0,0,1,0,0,0,1,0,1,1,1,0,2,0,0,2,1,1,0,0,0,1,0,0,0,0,0,2,0,0,1,0,2,0,0,0,0,0,0,0,0,0,0,0,0,0,1,0,0,0,0,0,0,0,0,0,0,0,0,0,0,0,0,0,0,0,0,0,0,0,0,0,0,0,0,0,0,0,0,0,0,0,0,0,0,0,0,0,0,0,0,0,0,0,0,0,0,0,0,0,0,0,0,0,0,0,0,0,0,0,0,0,0,0,0,0,0,0,0,0,0,0,0,0,0,0,0,0,0,0,0,0,0,0,0,0,0,0,0
1,0,0,0,0,0,0,0,0,0,0,0,0,0,0,0,1,0,0,0,0,0,0,0,0,0,0,0,0,0,0,0,1,1,2,0,1,0,0,0,1,1,1,0,2,1,1,0,0,0,1,1,0,0,2,4,3,1,2,0,3,0,0,1,1,0,4,0,0,1,2,0,0,0,0,0,0,0,0,1,0,0,0,0,1,0,2,0,0,0,0,0,0,0,2,0,0,0,0,0,0,1,0,0,0,0,0,0,0,0,0,0,0,0,0,0,0,0,0,0,0,0,0,0,0,0,0,0,0,0,0,0,0,0,0,0,0,0,0,0,0,0,0,0,0,0,0,0,0,0,0,0,0,0,0,0,0,0,0,0,0,0,0,0,0,0,0,0,0,0,0,0,0,0,0,0,0,0,0,0,0,0,0,0,0,0,0,0,0,0,0,0,0,0,0,0,0,0,0,0
0,0,0,0,0,0,0,0,0,0,0,0,0,0,0,0,1,0,0,0,0,0,0,0,0,0,0,0,0,1,0,0,0,0,0,0,0,0,0,0,0,1,0,0,0,1,1,2,1,1,0,1,0,0,1,1,0,0,0,0,0,2,2,3,0,0,1,1,1,0,1,1,1,0,1,0,2,1,0,1,2,0,0,0,0,0,0,0,0,0,0,1,0,0,0,1,0,1,0,0,0,0,0,0,0,0,0,0,0,0,0,0,0,0,1,0,0,0,0,0,0,0,0,0,0,0,0,0,0,0,0,0,0,0,0,0,0,0,0,0,0,0,0,0,0,0,0,0,0,0,0,0,0,0,0,0,0,0,0,0,0,0,0,0,0,0,0,0,0,0,0,0,0,0,0,0,0,0,0,0,0,0,0,0,0,0,0,0,0,0,0,0,0,0,0,0,0,0,0,0
0,0,0,0,0,0,0,0,0,0,0,0,0,0,0,0,1,0,0,0,0,0,0,0,0,0,0,0,0,0,0,0,0,0,0,0,1,0,0,0,0,0,1,0,1,0,1,1,0,0,1,1,1,1,1,0,1,2,0,0,1,0,3,1,0,1,0,1,1,1,0,1,0,0,0,1,0,0,1,0,2,0,0,0,1,0,0,0,0,0,1,0,0,0,0,0,0,0,0,1,0,0,0,0,0,0,0,0,0,0,0,0,0,0,0,0,0,0,0,0,0,0,0,0,0,0,0,0,0,0,0,0,0,0,0,0,0,0,0,0,0,0,0,0,0,0,0,0,0,0,0,0,0,0,0,0,0,0,0,0,0,0,0,0,0,0,0,0,0,0,0,0,0,0,0,0,0,0,0,0,0,0,0,0,0,0,0,0,0,0,0,0,0,0,0,0,0,0,0,0
0,0,0,0,0,0,0,0,0,0,0,0,0,0,0,0,0,0,0,0,0,0,0,0,0,0,0,0,0,0,0,0,0,0,0,0,0,0,0,0,0,0,1,0,0,0,0,0,0,0,1,1,0,0,0,2,1,0,0,1,1,1,0,0,3,0,2,1,1,1,3,0,3,1,0,1,1,0,1,0,0,0,2,0,0,1,0,0,1,1,0,0,0,0,0,0,0,0,0,0,0,0,1,0,0,0,0,0,0,1,0,0,0,0,0,0,0,0,0,0,0,0,1,0,0,0,0,0,0,0,0,0,0,0,0,0,0,0,0,0,0,0,0,0,0,0,0,0,0,0,0,0,0,0,0,0,0,0,0,0,0,0,0,0,0,0,0,0,0,0,0,0,0,0,0,0,0,0,0,0,0,0,0,0,0,0,0,0,0,0,0,0,0,0,0,0,0,0,0,0
0,0,0,0,0,0,0,0,0,0,0,0,0,0,0,0,0,0,0,0,0,0,0,0,0,0,0,0,0,1,0,0,0,0,0,1,0,0,0,1,1,1,1,0,0,1,1,1,0,0,2,0,0,1,0,1,1,0,0,1,0,0,0,2,0,1,1,0,2,0,0,1,0,1,1,0,4,0,1,0,2,0,1,0,1,0,1,0,0,0,1,0,0,0,0,0,0,0,0,0,0,0,0,0,0,1,0,0,0,1,0,1,0,0,0,0,0,0,0,0,0,0,0,0,0,0,0,0,0,0,0,0,0,0,0,0,0,0,0,0,0,0,0,0,0,0,0,0,0,0,0,0,0,0,0,0,0,0,0,0,0,0,0,0,0,0,0,0,0,0,0,0,0,0,0,0,0,0,0,0,0,0,0,0,0,0,0,0,0,0,0,0,0,0,0,0,0,0,0,0
0,0,0,0,0,0,0,0,0,0,0,0,0,0,0,0,0,0,0,0,0,0,0,0,0,0,0,0,0,0,0,0,0,0,0,1,0,1,1,0,0,0,1,1,0,0,0,0,0,0,1,0,0,0,0,0,1,0,3,2,2,0,1,0,1,1,0,0,1,1,0,1,2,1,1,1,0,0,0,0,0,0,2,0,0,0,0,0,1,0,0,0,0,0,0,0,0,0,0,0,0,0,1,0,0,0,0,0,0,0,1,0,0,0,0,0,0,0,0,0,0,0,0,0,0,0,0,0,0,0,0,0,0,0,0,0,0,0,0,0,0,0,0,0,0,0,0,0,0,0,0,0,0,0,0,0,0,0,0,0,0,0,0,0,0,0,0,0,0,0,0,0,0,0,0,0,0,0,0,0,0,0,0,0,0,0,0,0,0,0,0,0,0,0,0,0,0,0,0,0
0,0,0,0,0,0,0,0,0,0,0,0,0,0,0,0,0,0,0,0,0,0,0,0,0,0,1,0,0,0,0,0,0,0,0,0,0,0,0,0,0,0,1,3,0,0,0,0,0,0,0,0,0,1,1,0,1,2,0,1,2,1,0,0,0,1,0,2,1,0,0,1,0,0,0,0,1,0,1,0,0,1,0,0,0,0,0,0,1,0,0,1,0,0,0,0,0,0,0,1,0,0,0,0,0,1,0,0,0,0,0,0,0,0,0,0,0,0,0,0,0,0,0,0,0,0,0,0,0,0,0,0,0,0,0,0,0,0,0,0,0,0,0,0,0,0,0,0,0,0,0,0,0,0,0,0,0,0,0,0,0,0,0,0,0,0,0,0,0,0,0,0,0,0,0,0,0,0,0,0,0,0,0,0,0,0,0,0,0,0,0,0,0,0,0,0,0,0,0,0
0,0,0,0,0,0,0,0,0,0,0,0,0,0,0,0,0,0,0,0,0,0,0,0,0,0,1,0,0,0,0,0,0,0,0,1,1,1,0,0,0,1,1,0,1,0,0,0,1,0,2,0,0,1,1,1,1,0,0,0,2,1,0,1,2,1,2,1,1,0,2,1,1,0,0,0,0,0,0,0,0,0,1,0,1,0,0,0,0,0,0,0,0,0,0,0,0,0,0,0,0,0,0,0,0,0,0,0,0,0,0,0,0,0,0,0,0,0,0,0,0,0,0,0,0,0,0,0,0,0,0,0,0,0,0,0,0,0,0,0,0,0,0,0,0,0,0,0,0,0,0,0,0,0,0,0,0,0,0,0,0,0,0,0,0,0,0,0,0,0,0,0,0,0,0,0,0,0,0,0,0,0,0,0,0,0,0,0,0,0,0,0,0,0,0,0,0,0,0,0
0,0,0,0,0,0,0,0,0,0,0,0,0,0,0,0,0,0,0,0,0,0,0,0,0,0,0,0,0,0,1,0,1,1,0,0,0,1,0,0,0,1,0,2,0,2,0,1,1,0,1,0,0,1,0,0,0,0,0,2,3,1,2,1,1,0,2,1,0,0,2,0,2,2,1,0,1,0,1,0,0,0,0,0,1,1,1,2,0,0,0,0,0,0,0,0,0,1,1,0,0,0,1,0,0,0,0,0,0,0,0,0,0,0,0,0,0,0,0,0,0,0,0,0,0,0,0,0,0,0,0,0,0,0,0,0,0,0,0,0,0,0,0,0,0,0,0,0,0,0,0,0,0,0,0,0,0,0,0,0,0,0,0,0,0,0,0,0,0,0,0,0,0,0,0,0,0,0,0,0,0,0,0,0,0,0,0,0,0,0,0,0,0,0,0,0,0,0,0,0
0,0,0,0,0,0,0,0,0,0,0,1,0,0,0,0,0,0,0,0,0,0,0,0,0,0,0,0,1,0,2,0,0,0,0,0,0,0,0,0,0,0,1,0,0,0,1,2,0,0,2,1,0,1,0,0,1,0,1,0,0,0,1,0,2,0,0,0,2,0,0,2,1,0,0,1,2,2,1,1,0,0,0,0,0,1,1,0,0,0,0,0,0,0,0,1,1,0,0,0,0,0,1,0,0,0,0,0,0,1,0,0,0,0,0,0,0,0,0,0,0,0,0,0,0,0,0,0,0,0,0,0,0,0,0,0,0,0,0,0,0,0,0,0,0,0,0,0,0,0,0,0,0,0,0,0,0,0,0,0,0,0,0,0,0,0,0,0,0,0,0,0,0,0,0,0,0,0,0,0,0,0,0,0,0,0,0,0,0,0,0,0,0,0,0,0,0,0,0,0
0,0,0,0,0,0,0,0,0,0,0,0,0,0,0,0,0,0,0,0,0,0,0,0,0,1,0,0,0,0,0,0,0,0,1,0,1,1,0,0,0,0,0,1,0,0,0,0,0,0,1,0,0,0,0,1,1,0,2,1,0,0,0,0,1,1,2,2,0,1,0,0,0,0,0,0,1,1,1,0,0,0,0,1,0,0,0,0,0,0,0,0,0,0,0,0,0,0,0,0,0,1,0,0,0,0,0,0,0,0,0,1,0,0,0,0,0,0,0,0,0,0,0,0,0,0,0,0,0,0,0,0,0,0,0,0,0,0,0,0,0,0,0,0,0,0,0,0,0,0,0,0,0,0,0,0,0,0,0,0,0,0,0,0,0,0,0,0,0,0,0,0,0,0,0,0,0,0,0,0,0,0,0,0,0,0,0,0,0,0,0,0,0,0,0,0,0,0,0,0
0,0,0,0,0,0,0,0,0,0,0,0,0,0,0,0,0,0,1,0,0,0,0,0,0,0,0,0,0,1,1,0,0,0,0,0,0,1,0,0,0,0,0,0,1,0,1,0,0,0,0,1,1,1,0,2,1,3,0,2,1,1,0,2,0,2,0,0,2,0,0,0,1,1,0,0,0,0,0,0,1,0,0,0,0,0,1,0,0,0,0,0,1,0,0,0,0,0,0,0,0,1,0,0,0,1,0,0,0,0,0,0,0,0,0,0,0,0,0,0,0,0,0,0,0,0,0,0,0,0,0,0,0,0,0,0,0,0,0,0,0,0,0,0,0,0,0,0,0,0,0,0,0,0,0,0,0,0,0,0,0,0,0,0,0,0,0,0,0,0,0,0,0,0,0,0,0,0,0,0,0,0,0,0,0,0,0,0,0,0,0,0,0,0,0,0,0,0,0,0
0,0,0,0,0,0,0,0,0,0,0,0,0,0,0,0,0,0,0,0,0,0,0,0,0,0,0,0,0,0,0,0,0,0,0,0,1,0,0,0,1,1,0,0,0,0,0,1,0,2,1,0,0,1,1,0,0,0,1,0,0,0,1,0,0,0,1,1,1,1,0,0,1,1,1,0,0,0,0,1,0,0,0,0,0,1,0,1,0,0,0,1,1,1,0,0,0,0,0,1,0,0,0,0,0,1,0,0,0,0,0,0,0,0,0,1,0,0,0,0,0,0,0,0,0,0,0,0,0,0,0,0,0,0,0,0,0,0,0,0,0,0,0,0,0,0,0,0,0,0,0,0,0,0,0,0,0,0,0,0,0,0,0,0,0,0,0,0,0,0,0,0,0,0,0,0,0,0,0,0,0,0,0,0,0,0,0,0,0,0,0,0,0,0,0,0,0,0,0,0
0,0,0,0,0,0,0,0,0,0,0,0,0,0,0,0,0,0,0,0,0,0,0,0,0,0,0,0,0,0,0,0,0,0,0,0,0,0,0,0,0,0,0,0,0,0,0,0,1,0,0,0,1,1,0,0,0,1,0,0,1,1,0,2,0,2,0,1,0,0,0,0,0,0,0,0,1,1,1,1,0,1,0,1,1,0,0,0,0,0,0,0,0,0,0,0,0,0,0,0,0,0,0,0,0,0,0,0,0,0,1,0,0,0,0,0,0,0,0,0,0,0,0,0,0,0,0,0,0,0,0,0,0,0,0,0,0,0,0,0,0,0,0,0,0,0,0,0,0,0,0,0,0,0,0,0,0,0,0,0,0,0,0,0,0,0,0,0,0,0,0,0,0,0,0,0,0,0,0,0,0,0,0,0,0,0,0,0,0,0,0,0,0,0,0,0,0,0,0,0
0,0,0,0,0,0,0,0,0,0,0,0,0,0,0,0,0,0,0,0,0,0,0,0,0,0,0,0,0,0,1,0,0,0,2,0,0,0,0,0,0,0,0,0,0,0,2,1,1,0,1,0,1,0,0,0,1,0,0,0,3,0,0,2,1,0,0,0,1,0,0,1,2,0,0,1,1,0,0,0,0,1,0,0,0,0,1,0,0,0,0,0,0,0,0,1,0,0,0,0,0,0,1,0,0,0,0,0,0,0,0,0,0,0,0,0,0,0,0,0,0,0,0,0,0,0,0,0,0,0,0,0,0,0,0,0,0,0,0,0,0,0,0,0,0,0,0,0,0,0,0,0,0,0,0,0,0,0,0,0,0,0,0,0,0,0,0,0,0,0,0,0,0,0,0,0,0,0,0,0,0,0,0,0,0,0,0,0,0,0,0,0,0,0,0,0,0,0,0,0
0,0,0,0,0,0,0,0,0,0,0,0,0,0,0,0,0,0,0,0,0,0,0,0,0,0,0,0,0,0,0,0,0,0,0,0,0,1,0,0,0,1,0,0,0,1,0,1,1,0,0,0,1,2,0,1,0,0,0,0,0,0,0,1,0,0,1,1,0,0,2,2,0,0,0,0,1,0,0,0,0,0,0,1,0,0,0,0,0,0,0,0,1,1,0,0,0,0,0,0,0,0,0,0,0,0,0,0,0,0,0,0,0,0,0,0,0,0,0,0,0,0,0,0,0,0,0,0,0,0,0,0,0,0,0,0,0,0,0,0,0,0,0,0,0,0,0,0,0,0,0,0,0,0,0,0,0,0,0,0,0,0,0,0,0,0,0,0,0,0,0,0,0,0,0,0,0,0,0,0,0,0,0,0,0,0,0,0,0,0,0,0,0,0,0,0,0,0,0,0
0,0,0,0,0,0,0,0,0,0,0,0,0,0,0,0,0,0,0,0,0,0,0,0,0,0,0,0,0,0,0,0,0,0,0,0,0,0,0,1,0,0,0,1,0,0,1,0,0,1,0,0,0,0,0,1,0,0,1,1,0,0,1,0,0,0,1,0,1,0,0,2,1,1,0,0,0,0,0,0,1,0,0,0,1,0,0,0,0,0,1,0,0,0,0,0,0,0,0,0,0,0,0,0,0,0,0,0,0,0,0,0,0,0,0,0,0,0,0,0,0,0,0,0,0,0,0,0,0,0,0,0,0,0,0,0,0,0,0,0,0,0,0,0,0,0,0,0,0,0,0,0,0,0,0,0,0,0,0,0,0,0,0,0,0,0,0,0,0,0,0,0,0,0,0,0,0,0,0,0,0,0,0,0,0,0,0,0,0,0,0,0,0,0,0,0,0,0,0,0
0,0,0,0,0,0,0,0,0,0,0,0,0,0,0,0,0,0,0,0,0,0,0,0,1,0,0,0,0,0,0,0,0,0,1,0,0,0,0,0,1,0,0,1,0,0,0,0,0,0,1,0,0,1,0,1,1,3,1,0,2,0,1,0,0,0,0,1,0,0,0,1,0,0,0,1,0,1,0,0,0,0,1,0,0,0,1,0,0,0,0,0,0,0,1,0,0,1,1,0,1,0,0,0,0,0,0,0,0,0,0,0,0,0,0,0,0,0,0,0,0,0,0,0,0,0,0,0,0,0,0,0,0,0,0,0,0,0,0,0,0,0,0,0,0,0,0,0,0,0,0,0,0,0,0,0,0,0,0,0,0,0,0,0,0,0,0,0,0,0,0,0,0,0,0,0,0,0,0,0,0,0,0,0,0,0,0,0,0,0,0,0,0,0,0,0,0,0,0,0
0,0,0,0,0,0,0,0,0,0,0,0,0,0,0,0,0,0,0,0,0,1,0,0,0,0,0,0,1,0,0,0,0,0,0,1,0,0,0,0,0,0,0,0,0,1,0,0,0,0,0,0,0,0,1,0,0,1,0,0,0,1,0,0,0,0,0,1,0,1,2,0,1,0,0,0,0,0,0,0,0,0,0,0,0,0,1,1,0,0,1,0,0,0,0,1,0,1,0,0,0,0,0,0,0,0,1,0,0,0,0,0,0,0,0,0,0,0,0,0,0,0,0,0,0,0,0,0,0,0,0,0,0,0,0,0,0,0,0,0,0,0,0,0,0,0,0,0,0,0,0,0,0,0,0,0,0,0,0,0,0,0,0,0,0,0,0,0,0,0,0,0,0,0,0,0,0,0,0,0,0,0,0,0,0,0,0,0,0,0,0,0,0,0,0,0,0,0,0,0
0,0,0,0,0,0,0,0,0,0,0,0,0,0,0,0,0,0,0,0,0,0,0,0,0,0,0,0,0,0,2,0,1,0,0,0,1,0,0,0,0,1,0,0,1,1,1,0,0,0,1,0,0,1,1,0,0,2,2,0,0,1,1,0,2,0,0,0,0,1,0,0,1,0,3,0,0,0,0,0,0,0,0,0,0,0,0,0,0,1,0,0,1,0,0,0,0,1,0,0,0,0,0,0,0,0,0,0,0,0,0,0,0,0,0,0,0,0,0,0,0,0,0,0,0,0,0,0,0,0,0,0,0,0,0,0,0,0,0,0,0,0,0,0,0,0,0,0,0,0,0,0,0,0,0,0,0,0,0,0,0,0,0,0,0,0,0,0,0,0,0,0,0,0,0,0,0,0,0,0,0,0,0,0,0,0,0,0,0,0,0,0,0,0,0,0,0,0,0,0
0,0,0,0,0,0,0,0,0,0,0,0,0,0,0,0,0,0,0,0,0,0,0,0,0,1,0,0,0,1,0,0,0,0,0,0,0,0,0,0,0,0,0,0,0,0,1,0,0,1,0,1,1,0,1,0,0,1,2,0,0,1,1,0,0,0,0,1,1,1,0,0,1,2,0,0,0,1,2,0,0,1,0,0,0,0,0,1,0,0,0,0,0,0,0,0,0,0,1,0,0,0,0,0,0,0,0,0,0,0,0,0,0,0,0,0,0,0,0,0,0,0,0,0,0,0,0,0,0,0,0,0,0,0,0,0,0,0,0,0,0,0,0,0,0,0,0,0,0,0,0,0,0,0,0,0,0,0,0,0,0,0,0,0,0,0,0,0,0,0,0,0,0,0,0,0,0,0,0,0,0,0,0,0,0,0,0,0,0,0,0,0,0,0,0,0,0,0,0,0
0,0,0,0,0,0,0,0,0,0,0,0,0,0,0,0,0,0,0,0,0,0,0,0,0,0,0,0,1,0,0,0,0,0,0,0,1,0,1,0,0,0,1,0,0,0,0,0,0,1,0,0,1,0,0,0,0,0,0,1,0,1,0,1,1,0,1,1,0,1,0,0,0,0,0,0,0,1,0,0,0,0,0,0,0,0,1,0,0,0,0,1,0,0,0,1,0,0,0,1,0,0,0,0,0,0,0,0,0,0,0,0,0,0,0,0,0,0,0,0,0,0,0,0,0,0,0,0,0,0,0,0,0,0,0,0,0,0,0,0,0,0,0,0,0,0,0,0,0,0,0,0,0,0,0,0,0,0,0,0,0,0,0,0,0,0,0,0,0,0,0,0,0,0,0,0,0,0,0,0,0,0,0,0,0,0,0,0,0,0,0,0,0,0,0,0,0,0,0,0
0,0,0,0,0,0,0,0,0,0,0,0,0,0,0,0,0,0,0,0,0,0,1,0,0,0,1,0,0,0,0,0,0,0,0,0,0,0,0,0,0,0,0,0,2,0,0,0,0,0,1,0,2,0,0,0,1,2,1,1,1,1,1,1,0,0,1,2,1,0,1,1,0,0,2,0,0,2,1,1,1,0,0,0,0,0,0,0,0,0,0,0,0,0,0,0,0,0,0,0,0,0,0,0,0,0,0,0,0,0,0,0,0,0,0,0,0,0,0,0,0,0,0,0,0,0,0,0,0,0,0,0,0,0,0,0,0,0,0,0,0,0,0,0,0,0,0,0,0,0,0,0,0,0,0,0,0,0,0,0,0,0,0,0,0,0,0,0,0,0,0,0,0,0,0,0,0,0,0,0,0,0,0,0,0,0,0,0,0,0,0,0,0,0,0,0,0,0,0,0
0,0,0,0,0,0,0,0,0,0,0,0,0,0,1,0,0,0,0,0,0,0,0,0,0,0,0,1,0,0,0,1,0,0,0,0,0,2,0,0,0,0,0,0,0,0,0,0,0,0,0,2,0,0,0,0,0,2,0,0,1,0,0,1,0,0,1,1,0,0,0,0,1,2,1,0,0,1,1,2,1,0,0,0,0,1,1,0,0,0,0,0,0,0,0,0,0,0,0,0,0,0,0,0,0,0,0,0,0,0,0,0,0,0,0,0,0,0,0,0,0,0,0,0,0,0,0,0,0,0,0,0,0,0,0,0,0,0,0,0,0,0,0,0,0,0,0,0,0,0,0,0,0,0,0,0,0,0,0,0,0,0,0,0,0,0,0,0,0,0,0,0,0,0,0,0,0,0,0,0,0,0,0,0,0,0,0,0,0,0,0,0,0,0,0,0,0,0,0,0
0,0,0,0,0,0,0,0,0,0,0,0,0,0,0,0,0,0,0,0,0,0,0,0,0,0,0,0,0,0,1,0,0,0,0,0,0,0,0,0,0,0,0,0,0,0,0,0,1,0,0,0,0,1,0,1,1,0,0,2,1,0,0,0,1,1,0,1,0,0,0,0,1,0,0,0,0,0,0,0,0,1,0,0,0,0,0,0,0,0,1,1,1,0,0,0,1,0,0,0,0,0,0,1,0,0,0,0,0,0,0,0,0,0,0,0,0,0,0,0,0,0,0,0,0,0,0,0,0,0,0,0,0,0,0,0,0,0,0,0,0,0,0,0,0,0,0,0,0,0,0,0,0,0,0,0,0,0,0,0,0,0,0,0,0,0,0,0,0,0,0,0,0,0,0,0,0,0,0,0,0,0,0,0,0,0,0,0,0,0,0,0,0,0,0,0,0,0,0,0
0,0,0,0,0,0,0,0,0,0,0,0,0,0,0,0,0,0,0,0,0,0,0,0,0,0,0,1,0,0,0,0,0,0,0,0,0,0,0,0,0,0,0,0,0,0,0,1,1,1,1,0,1,1,2,0,0,0,0,1,0,0,0,0,0,0,0,0,0,0,0,0,0,0,0,0,0,0,0,0,0,0,0,0,1,1,0,0,0,0,0,0,0,0,0,0,0,1,0,0,0,0,0,0,0,0,0,0,0,0,0,0,0,0,0,0,0,0,0,0,0,0,0,0,0,0,0,0,0,0,0,0,0,0,0,0,0,0,0,0,0,0,0,0,0,0,0,0,0,0,0,0,0,0,0,0,0,0,0,0,0,0,0,0,0,0,0,0,0,0,0,0,0,0,0,0,0,0,0,0,0,0,0,0,0,0,0,0,0,0,0,0,0,0,0,0,0,0,0,0
0,0,0,0,0,0,0,0,0,0,0,0,0,0,0,0,0,0,0,0,0,0,0,0,0,0,0,0,0,0,0,0,0,0,0,1,0,0,0,0,1,1,0,0,0,0,0,0,0,0,1,0,2,0,1,0,0,1,0,0,0,1,0,0,0,0,1,2,0,0,1,0,0,0,0,0,0,0,1,0,0,1,0,0,0,0,0,0,0,0,0,0,0,0,0,0,0,0,0,0,0,0,0,0,0,0,0,0,0,0,0,0,0,0,0,0,0,0,0,0,0,0,0,0,0,0,0,0,0,0,0,0,0,0,0,0,0,0,0,0,0,0,0,0,0,0,0,0,0,0,0,0,0,0,0,0,0,0,0,0,0,0,0,0,0,0,0,0,0,0,0,0,0,0,0,0,0,0,0,0,0,0,0,0,0,0,0,0,0,0,0,0,0,0,0,0,0,0,0,0
0,0,0,0,0,0,0,0,0,0,0,0,0,0,0,0,0,0,0,0,0,0,0,0,0,0,2,0,0,0,0,0,0,0,0,0,0,1,0,1,0,0,0,0,0,0,1,0,0,0,0,0,0,1,1,0,0,0,0,1,1,0,1,1,0,0,1,0,0,0,0,0,1,0,0,1,0,0,0,0,0,0,0,0,0,0,0,1,0,0,0,0,0,0,1,1,1,0,0,0,0,0,0,0,0,0,0,0,0,0,0,0,0,0,0,0,0,0,0,0,0,0,0,0,0,0,0,0,0,0,0,0,0,0,0,0,0,0,0,0,0,0,0,0,0,0,0,0,0,0,0,0,0,0,0,0,0,0,0,0,0,0,0,0,0,0,0,0,0,0,0,0,0,0,0,0,0,0,0,0,0,0,0,0,0,0,0,0,0,0,0,0,0,0,0,0,0,0,0,0
0,0,0,0,0,0,0,0,0,0,0,0,0,0,0,0,0,0,0,0,0,0,0,0,0,1,0,0,0,0,0,0,0,0,0,0,0,0,0,0,0,1,0,0,1,0,0,0,0,0,1,0,1,0,0,0,0,0,0,0,0,0,0,0,0,0,1,0,0,0,0,1,1,3,0,1,0,0,0,0,0,0,0,0,0,0,0,0,0,0,0,0,0,0,1,0,0,0,0,0,0,1,1,1,0,0,0,0,0,0,0,0,0,0,0,0,0,0,0,0,0,0,0,0,0,0,0,0,0,0,0,0,0,0,0,0,0,0,0,0,0,0,0,0,0,0,0,0,0,0,0,0,0,0,0,0,0,0,0,0,0,0,0,0,0,0,0,0,0,0,0,0,0,0,0,0,0,0,0,0,0,0,0,0,0,0,0,0,0,0,0,0,0,0,0,0,0,0,0,0
0,0,0,0,0,0,0,0,0,0,0,0,0,0,0,0,0,0,0,0,0,0,0,0,0,0,0,0,0,0,0,0,0,0,1,0,0,0,0,1,0,0,0,0,0,0,0,0,0,1,0,0,1,0,1,0,0,1,1,1,0,1,0,0,0,0,1,1,0,0,1,0,1,1,0,1,0,0,2,0,0,0,0,1,0,0,0,0,0,0,0,0,0,0,0,0,0,0,0,0,0,0,0,1,0,0,0,0,0,0,0,0,0,0,0,0,0,0,0,0,0,0,0,0,0,0,0,0,0,0,0,0,0,0,0,0,0,0,0,0,0,0,0,0,0,0,0,0,0,0,0,0,0,0,0,0,0,0,0,0,0,0,0,0,0,0,0,0,0,0,0,0,0,0,0,0,0,0,0,0,0,0,0,0,0,0,0,0,0,0,0,0,0,0,0,0,0,0,0,0
0,0,0,0,0,0,0,0,0,0,0,0,0,0,0,0,0,0,0,0,0,0,0,0,0,0,0,0,0,0,0,0,0,0,0,0,0,0,0,0,0,0,0,0,0,0,0,0,1,1,0,1,1,0,1,1,0,0,1,0,0,1,0,0,1,2,0,1,0,0,0,1,0,0,0,0,0,0,1,0,0,0,1,0,0,0,1,0,1,0,0,0,0,0,0,0,0,0,0,0,0,0,0,0,0,0,0,0,0,0,0,0,0,0,0,0,0,0,0,0,0,0,0,0,0,0,0,0,0,0,0,0,0,0,0,0,0,0,0,0,0,0,0,0,0,0,0,0,0,0,0,0,0,0,0,0,0,0,0,0,0,0,0,0,0,0,0,0,0,0,0,0,0,0,0,0,0,0,0,0,0,0,0,0,0,0,0,0,0,0,0,0,0,0,0,0,0,0,0,0
0,0,0,0,0,0,0,0,0,0,0,0,0,0,0,0,0,0,0,0,0,0,0,0,0,0,0,0,0,0,0,0,0,0,0,0,0,0,0,0,1,0,0,1,0,0,0,0,0,0,0,1,0,2,1,1,1,0,0,1,1,1,1,0,0,0,1,0,1,0,0,0,0,0,0,0,0,0,0,0,0,0,1,0,0,0,0,0,0,0,0,0,0,0,0,0,0,0,0,0,0,0,0,0,0,0,0,0,0,0,0,0,0,0,0,0,0,0,0,0,0,0,0,0,0,0,0,0,0,0,0,0,0,0,0,0,0,0,0,0,0,0,0,0,0,0,0,0,0,0,0,0,0,0,0,0,0,0,0,0,0,0,0,0,0,0,0,0,0,0,0,0,0,0,0,0,0,0,0,0,0,0,0,0,0,0,0,0,0,0,0,0,0,0,0,0,0,0,0,0
0,0,0,0,0,0,0,0,0,0,0,0,0,0,0,0,0,0,0,0,0,0,0,0,0,0,0,0,0,1,0,0,0,0,0,0,0,0,1,0,1,0,0,0,0,0,0,2,0,0,1,0,0,1,0,0,0,0,1,0,0,2,0,0,0,0,0,0,0,1,0,1,0,0,0,0,0,0,0,0,1,0,0,0,0,1,0,0,0,0,0,0,0,0,0,1,0,0,0,0,0,0,0,0,0,0,0,0,0,0,0,0,0,0,0,0,0,0,0,0,0,0,0,0,0,0,0,0,0,0,0,0,0,0,0,0,0,0,0,0,0,0,0,0,0,0,0,0,0,0,0,0,0,0,0,0,0,0,0,0,0,0,0,0,0,0,0,0,0,0,0,0,0,0,0,0,0,0,0,0,0,0,0,0,0,0,0,0,0,0,0,0,0,0,0,0,0,0,0,0
0,0,0,0,0,0,0,0,0,0,0,0,0,0,0,0,0,0,0,0,0,0,0,0,0,0,0,0,0,1,0,0,0,0,0,0,0,0,0,0,0,0,0,0,0,2,1,0,0,0,0,0,0,1,0,0,0,0,0,0,3,0,0,1,0,0,0,1,0,1,0,1,0,0,1,0,0,0,1,0,0,1,0,0,0,0,0,0,0,0,0,0,0,0,0,0,0,0,0,0,0,1,0,0,0,0,0,0,0,0,0,0,0,0,0,0,0,0,0,0,0,0,0,0,0,0,0,0,0,0,0,0,0,0,0,0,0,0,0,0,0,0,0,0,0,0,0,0,0,0,0,0,0,0,0,0,0,0,0,0,0,0,0,0,0,0,0,0,0,0,0,0,0,0,0,0,0,0,0,0,0,0,0,0,0,0,0,0,0,0,0,0,0,0,0,0,0,0,0,0
0,0,0,0,0,0,0,0,0,0,0,0,0,0,0,0,0,0,0,0,0,0,0,0,0,0,0,0,0,0,0,0,0,0,0,0,0,0,0,0,0,0,0,0,0,0,0,0,0,0,1,0,0,0,1,0,0,0,1,0,1,0,0,0,1,0,0,0,0,0,0,0,0,0,1,0,0,0,2,1,0,0,1,0,0,0,1,0,0,0,0,0,0,0,0,0,0,0,0,0,0,0,0,0,0,0,0,0,0,0,1,0,0,0,0,0,0,0,0,0,0,0,0,0,0,0,0,0,0,0,0,0,0,0,0,0,0,0,0,0,0,0,0,0,0,0,0,0,0,0,0,0,0,0,0,0,0,0,0,0,0,0,0,0,0,0,0,0,0,0,0,0,0,0,0,0,0,0,0,0,0,0,0,0,0,0,0,0,0,0,0,0,0,0,0,0,0,0,0,0
0,0,0,0,0,0,0,0,0,0,0,0,0,0,0,0,0,0,0,0,0,0,0,0,0,0,0,0,0,0,0,0,0,1,0,0,0,0,0,0,0,1,0,0,0,0,0,0,0,0,0,1,2,0,1,0,0,0,0,0,0,0,0,0,0,0,0,2,1,1,0,0,1,0,1,0,0,1,0,0,1,0,0,1,0,1,0,1,0,0,0,1,0,0,0,0,0,0,0,0,0,0,0,0,0,0,0,0,0,0,0,0,0,0,0,0,0,0,0,0,0,0,0,0,0,0,0,0,0,0,0,0,0,0,0,0,0,0,0,0,0,0,0,0,0,0,0,0,0,0,0,0,0,0,0,0,0,0,0,0,0,0,0,0,0,0,0,0,0,0,0,0,0,0,0,0,0,0,0,0,0,0,0,0,0,0,0,0,0,0,0,0,0,0,0,0,0,0,0,0
0,0,0,0,0,0,0,0,0,0,0,0,0,0,0,0,0,0,0,0,0,0,0,0,0,0,0,0,0,0,1,0,0,0,0,0,0,0,0,0,0,0,0,1,0,0,0,0,1,0,1,0,0,0,0,1,1,0,0,0,0,0,1,0,0,0,0,0,0,0,0,0,0,0,0,0,0,0,0,0,0,0,0,0,0,0,0,0,0,0,0,0,0,0,0,0,0,0,0,0,0,0,0,0,0,0,0,0,0,0,0,0,0,0,0,0,0,0,0,0,0,0,0,0,0,0,0,0,0,0,0,0,0,0,0,0,0,0,0,0,0,0,0,0,0,0,0,0,0,0,0,0,0,0,0,0,0,0,0,0,0,0,0,0,0,0,0,0,0,0,0,0,0,0,0,0,0,0,0,0,0,0,0,0,0,0,0,0,0,0,0,0,0,0,0,0,0,0,0,0
0,0,0,0,0,0,0,0,0,0,0,0,0,0,0,0,0,0,0,0,0,0,0,0,0,0,0,0,0,0,0,0,0,0,0,0,0,0,0,0,0,0,0,0,1,0,0,0,0,0,1,0,0,0,0,0,0,0,0,0,0,0,1,0,0,0,0,0,0,0,0,0,1,1,0,0,1,0,0,1,0,0,0,1,0,0,0,1,0,1,0,0,0,0,0,0,0,0,0,0,0,0,0,0,0,0,0,0,0,0,0,0,0,0,0,0,0,0,0,0,0,0,0,0,0,0,0,0,0,0,0,0,0,0,0,0,0,0,0,0,0,0,0,0,0,0,0,0,0,0,0,0,0,0,0,0,0,0,0,0,0,0,0,0,0,0,0,0,0,0,0,0,0,0,0,0,0,0,0,0,0,0,0,0,0,0,0,0,0,0,0,0,0,0,0,0,0,0,0,0
0,0,0,0,0,0,0,0,0,0,0,0,0,0,0,0,0,0,0,0,0,0,0,0,0,0,0,0,0,0,0,0,0,0,0,0,0,0,1,0,0,1,1,0,0,0,0,0,0,0,1,1,1,2,0,0,0,1,1,1,2,0,0,0,0,0,0,0,0,0,0,0,2,0,0,0,0,0,0,0,0,0,0,0,0,1,0,1,0,0,1,0,0,0,0,0,0,0,0,0,0,0,0,0,0,0,1,0,0,0,0,0,0,0,0,0,0,0,0,0,0,0,0,0,0,0,0,0,0,0,0,0,0,0,0,0,0,0,0,0,0,0,0,0,0,0,0,0,0,0,0,0,0,0,0,0,0,0,0,0,0,0,0,0,0,0,0,0,0,0,0,0,0,0,0,0,0,0,0,0,0,0,0,0,0,0,0,0,0,0,0,0,0,0,0,0,0,0,0,0
0,0,0,0,0,0,0,0,0,0,0,0,0,0,0,0,0,0,0,0,0,0,0,0,0,0,0,0,0,0,0,0,0,0,0,0,0,0,0,0,0,0,0,0,0,0,1,0,0,0,0,0,0,2,0,0,0,0,1,0,1,0,0,0,0,0,1,1,0,0,0,0,0,0,0,0,1,0,0,0,1,0,0,0,0,0,0,0,0,0,0,0,0,0,0,0,1,0,0,0,0,0,0,0,0,0,0,0,0,0,0,0,0,0,0,0,0,0,0,0,0,0,0,0,0,0,0,0,0,0,0,0,0,0,0,0,0,0,0,0,0,0,0,0,0,0,0,0,0,0,0,0,0,0,0,0,0,0,0,0,0,0,0,0,0,0,0,0,0,0,0,0,0,0,0,0,0,0,0,0,0,0,0,0,0,0,0,0,0,0,0,0,0,0,0,0,0,0,0,0
0,0,0,0,0,0,0,0,0,0,0,0,0,0,0,0,0,0,0,0,0,0,0,0,0,0,0,0,0,0,0,0,0,0,0,0,0,0,1,0,0,0,0,0,0,0,1,0,1,0,0,0,0,1,0,1,2,0,0,0,0,0,0,0,0,0,1,1,0,0,1,1,0,1,0,1,0,0,0,0,0,0,0,0,0,2,1,0,0,0,0,0,0,0,0,0,0,0,1,0,0,0,0,0,0,0,0,0,0,0,0,0,0,0,0,0,0,0,0,0,0,0,0,0,0,0,0,0,0,0,0,0,0,0,0,0,0,0,0,0,0,0,0,0,0,0,0,0,0,0,0,0,0,0,0,0,0,0,0,0,0,0,0,0,0,0,0,0,0,0,0,0,0,0,0,0,0,0,0,0,0,0,0,0,0,0,0,0,0,0,0,0,0,0,0,0,0,0,0,0
0,0,0,0,0,0,0,0,0,0,0,0,0,0,0,0,0,0,0,0,0,0,0,0,0,0,0,0,0,0,0,0,0,0,0,0,0,0,0,1,0,0,0,0,0,0,0,0,0,0,0,0,0,1,0,2,0,0,1,0,0,0,0,0,1,0,0,0,0,2,0,0,0,0,0,0,0,0,0,0,0,0,0,0,0,0,0,0,1,1,0,0,0,0,0,0,0,0,0,0,0,0,0,0,0,0,0,0,0,0,0,0,0,0,0,0,0,0,0,0,0,0,0,0,0,0,0,0,0,0,0,0,0,0,0,0,0,0,0,0,0,0,0,0,0,0,0,0,0,0,0,0,0,0,0,0,0,0,0,0,0,0,0,0,0,0,0,0,0,0,0,0,0,0,0,0,0,0,0,0,0,0,0,0,0,0,0,0,0,0,0,0,0,0,0,0,0,0,0,0
0,0,0,0,0,0,0,0,0,0,0,0,0,0,0,0,0,0,0,0,0,0,0,0,0,0,0,1,0,0,0,0,0,0,0,0,0,0,0,0,0,0,1,0,1,0,0,1,0,1,0,0,0,0,0,2,0,0,0,2,0,0,1,0,0,0,1,0,1,0,0,1,1,0,1,0,1,0,0,0,0,0,2,0,0,0,0,0,0,0,0,0,0,0,0,0,0,0,0,0,0,0,0,0,0,0,0,0,0,0,0,0,0,0,0,0,0,0,0,0,0,0,0,0,0,0,0,0,0,0,0,0,0,0,0,0,0,0,0,0,0,0,0,0,0,0,0,0,0,0,0,0,0,0,0,0,0,0,0,0,0,0,0,0,0,0,0,0,0,0,0,0,0,0,0,0,0,0,0,0,0,0,0,0,0,0,0,0,0,0,0,0,0,0,0,0,0,0,0,0
0,0,0,0,0,0,0,0,0,0,0,0,0,0,0,0,0,0,0,0,0,0,0,0,0,0,0,0,0,0,1,0,0,0,0,0,0,0,0,0,0,0,0,0,0,0,0,0,0,0,0,0,0,0,0,0,0,0,1,0,1,1,0,0,1,0,0,0,0,0,0,1,0,0,0,0,0,0,0,0,1,1,0,0,0,0,0,0,0,0,0,0,1,0,0,0,1,0,0,0,0,0,0,0,0,0,0,0,0,0,0,0,0,0,0,0,0,0,0,0,0,0,0,0,0,0,0,0,0,0,0,0,0,0,0,0,0,0,0,0,0,0,0,0,0,0,0,0,0,0,0,0,0,0,0,0,0,0,0,0,0,0,0,0,0,0,0,0,0,0,0,0,0,0,0,0,0,0,0,0,0,0,0,0,0,0,0,0,0,0,0,0,0,0,0,0,0,0,0,0
0,0,0,0,0,0,0,0,0,0,0,0,0,0,0,0,0,0,0,0,0,0,0,0,0,0,1,0,0,0,0,1,0,0,0,0,0,0,0,0,0,0,1,0,0,0,0,0,0,0,0,1,0,1,0,0,0,0,0,1,0,0,0,0,0,0,1,0,0,0,0,0,0,0,0,1,0,0,0,0,0,1,0,0,0,0,0,0,0,0,0,0,0,0,1,0,0,0,0,0,0,0,0,0,0,0,0,0,0,0,0,0,0,0,0,0,0,0,0,0,0,0,0,0,0,0,0,0,0,0,0,0,0,0,0,0,0,0,0,0,0,0,0,0,0,0,0,0,0,0,0,0,0,0,0,0,0,0,0,0,0,0,0,0,0,0,0,0,0,0,0,0,0,0,0,0,0,0,0,0,0,0,0,0,0,0,0,0,0,0,0,0,0,0,0,0,0,0,0,0
0,0,0,0,0,0,0,0,0,0,0,0,0,0,0,0,0,0,0,0,0,0,0,0,0,0,1,0,0,0,0,0,0,0,0,0,0,0,0,0,0,0,0,0,0,0,0,0,0,1,0,0,0,1,0,0,1,0,1,0,1,0,0,0,0,0,0,0,0,0,0,1,0,0,0,0,0,0,0,0,1,0,0,0,0,0,0,0,0,0,0,0,0,0,0,0,0,0,0,0,0,0,0,0,0,0,0,0,0,0,0,0,0,0,0,0,0,0,0,0,0,0,0,0,0,0,0,0,0,0,0,0,0,0,0,0,0,0,0,0,0,0,0,0,0,0,0,0,0,0,0,0,0,0,0,0,0,0,0,0,0,0,0,0,0,0,0,0,0,0,0,0,0,0,0,0,0,0,0,0,0,0,0,0,0,0,0,0,0,0,0,0,0,0,0,0,0,0,0,0
0,0,0,0,0,0,0,0,0,0,0,0,0,0,0,0,0,0,0,0,0,0,0,0,0,0,0,0,0,0,0,0,0,0,0,0,0,0,0,0,0,0,0,0,0,0,1,0,0,0,1,0,0,0,0,0,2,0,0,0,0,0,0,0,0,0,0,0,0,0,0,0,1,1,0,0,0,0,1,0,0,0,1,0,0,0,0,0,0,0,0,0,0,0,0,0,0,0,0,1,0,0,0,0,0,0,0,0,0,0,0,0,1,0,0,0,0,0,0,0,0,0,0,0,0,0,0,0,0,0,0,0,0,0,0,0,0,0,0,0,0,0,0,0,0,0,0,0,0,0,0,0,0,0,0,0,0,0,0,0,0,0,0,0,0,0,0,0,0,0,0,0,0,0,0,0,0,0,0,0,0,0,0,0,0,0,0,0,0,0,0,0,0,0,0,0,0,0,0,0
