0,0,0,2,5,3,4,1,5,12,2,0,8,0,6,1,7,6,23,10,24,14,18,26,21,22,24,21,37,45,48,27,70,46,56,56,69,72,85,51,121,96,102,138,107,120,130,167,135,176,190,224,150,185,216,215,211,231,232,270,232,195,285,312,271,309,343,322,357,340,373,356,397,382,401,420,425,437,471,433,416,417,442,416,409,393,425,462,478,418,430,417,359,411,361,494,373,377,316,379,321,311,318,314,312,240,296,275,216,255,208,228,219,227,235,188,195,192,189,149,167,99,110,114,103,91,97,94,97,63,59,62,49,45,74,42,31,31,42,36,27,32,23,22,10,17,25,4,3,10,11,7,1,4,4,1,2,0,3,2,4,12,0,5,0,0,0,0,1,6,0,2,0,2,0,0,3,0,0,0,0,0,0,0,0,0,0,0,0,0,0,0,0,0,0,0,1,0,0,0
1,0,0,1,3,3,8,0,4,14,6,0,4,0,8,5,10,6,12,10,12,17,18,24,21,20,26,17,35,40,42,42,52,45,70,50,73,84,61,45,112,125,122,119,123,132,122,150,133,167,174,196,176,199,199,222,255,202,218,246,242,209,294,295,309,321,340,304,364,331,388,343,398,416,387,442,475,448,461,448,417,442,404,426,375,380,413,458,472,408,424,381,385,401,329,432,297,372,298,366,281,305,298,290,319,233,269,253,200,284,193,226,211,197,205,200,182,176,181,154,117,105,103,107,103,93,68,80,79,73,71,63,52,37,74,51,30,31,38,25,15,27,21,27,9,14,15,10,8,9,14,7,1,4,4,1,6,0,3,4,4,15,0,6,0,0,0,0,4,4,0,4,0,3,0,0,3,0,0,0,0,0,0,0,0,0,0,0,0,0,0,0,0,0,0,0,1,0,0,0
3,0,0,2,3,0,5,2,4,7,6,0,9,0,10,3,7,4,21,7,17,15,13,17,19,16,36,21,48,42,43,50,56,61,62,58,57,69,97,47,125,122,122,135,109,137,108,154,134,156,160,217,145,210,228,216,247,220,224,276,252,213,278,261,346,330,351,328,329,339,344,335,364,393,365,450,432,426,446,407,401,425,410,421,381,392,424,435,469,431,447,406,355,395,306,434,326,326,304,366,261,310,318,252,232,219,223,235,197,236,207,166,206,169,175,188,142,153,177,124,135,89,83,106,106,87,75,86,83,86,58,47,44,27,63,35,31,25,33,39,19,24,20,32,12,11,8,8,3,7,5,4,1,1,3,0,3,0,2,4,4,10,0,2,0,0,0,0,0,1,0,4,0,1,0,0,2,0,0,0,0,0,0,0,0,0,0,0,0,0,0,0,0,0,0,0,2,0,0,0
3,0,0,1,5,2,10,4,4,14,7,0,4,0,19,4,5,5,14,10,16,16,19,21,27,18,26,28,49,45,49,32,69,54,54,64,81,77,81,64,109,111,119,140,119,125,107,165,147,173,200,197,178,193,194,176,223,224,223,262,270,224,300,352,313,311,326,261,347,338,335,320,373,380,380,406,436,397,429,349,390,404,409,441,343,349,404,409,444,367,386,389,349,351,341,375,285,380,269,327,274,278,297,247,246,222,232,224,212,209,200,165,187,191,208,177,164,160,184,154,139,100,82,105,100,64,68,68,64,56,65,52,47,43,75,28,37,38,27,22,18,25,18,17,6,14,12,5,6,9,4,4,3,1,4,1,2,0,4,2,1,6,0,3,0,0,0,0,1,3,0,2,0,1,0,0,4,0,0,0,0,0,0,0,0,0,0,0,0,0,0,0,0,0,0,0,2,0,0,0
0,0,0,1,1,3,9,5,5,9,8,0,3,0,7,1,8,2,15,8,15,15,17,24,17,20,36,22,50,26,43,36,71,44,85,68,84,83,82,45,99,122,107,126,105,113,102,171,133,194,200,249,170,191,215,214,220,265,228,245,220,248,306,321,259,309,321,335,351,324,404,324,379,378,363,415,414,405,431,371,368,415,422,370,395,323,354,398,400,354,362,349,377,323,298,370,268,316,245,266,231,302,289,248,250,174,209,215,151,214,146,188,176,184,162,153,143,151,140,138,139,82,86,103,105,71,52,59,76,59,64,55,42,27,48,22,25,39,29,30,14,17,15,18,8,8,10,6,2,10,10,2,4,3,4,0,1,0,1,2,1,11,0,2,0,0,0,0,4,2,0,2,0,2,0,0,1,0,0,0,0,0,0,0,0,0,0,0,0,0,0,0,0,0,0,0,1,0,0,0
0,0,0,1,3,3,5,1,10,13,4,0,11,0,9,0,11,0,16,11,14,18,17,18,25,27,28,36,24,36,45,51,58,37,70,79,52,75,91,49,103,110,118,145,123,137,126,172,141,158,213,215,171,197,208,200,222,252,228,270,251,204,281,309,289,318,311,293,332,310,356,333,428,351,394,383,403,357,419,346,358,393,376,367,374,357,320,383,391,337,349,331,290,315,310,360,229,311,241,303,244,270,237,229,257,190,232,195,155,176,154,144,160,165,131,168,139,152,129,113,120,84,85,79,87,58,54,57,75,56,49,52,48,28,50,37,25,30,25,20,15,20,17,19,6,13,16,6,1,3,7,5,3,0,0,2,7,0,4,4,4,11,0,2,0,0,0,0,1,6,0,3,0,2,0,0,3,0,0,0,0,0,0,0,0,0,0,0,0,0,0,0,0,0,0,0,0,0,0,0
1,0,0,1,9,7,5,3,6,13,4,0,4,0,7,1,13,5,16,8,20,16,14,16,20,28,31,26,27,41,40,35,78,31,67,54,70,66,77,52,94,120,112,143,116,143,130,159,103,158,208,220,174,228,221,199,213,236,232,260,248,204,274,306,296,327,324,322,334,330,341,332,384,357,349,401,438,390,416,375,364,354,398,363,351,326,362,397,389,337,352,332,304,301,287,335,239,311,255,273,233,247,240,236,245,195,193,178,166,193,148,146,158,128,142,151,133,147,126,135,117,94,59,99,69,65,62,52,56,49,38,33,35,18,50,30,28,23,25,29,12,21,8,19,9,9,9,5,7,3,5,3,0,5,1,0,3,0,1,1,3,15,0,4,0,0,0,0,1,0,0,3,0,0,0,0,1,0,0,0,0,0,0,0,0,0,0,0,0,0,0,0,0,0,0,0,3,0,0,0
2,0,0,4,6,2,8,4,6,10,9,0,4,0,1,1,8,7,11,11,19,16,12,13,22,16,28,24,43,30,43,39,72,54,70,63,74,82,84,53,114,116,98,125,102,140,121,164,119,154,195,209,184,214,206,213,204,243,202,244,229,234,291,287,315,325,297,265,311,328,334,334,335,363,382,386,391,377,366,346,352,333,379,349,339,274,315,378,400,355,330,310,290,292,257,334,241,311,261,284,209,226,232,199,238,149,202,193,126,193,134,132,171,116,143,150,119,120,131,115,118,94,57,81,66,54,34,67,55,56,39,40,33,25,47,23,17,33,30,31,14,24,12,30,1,7,13,7,3,3,4,10,0,1,5,0,1,0,3,2,1,12,0,2,0,0,0,0,4,2,0,2,0,3,0,0,2,0,0,0,0,0,0,0,0,0,0,0,0,0,0,0,0,0,0,0,4,0,0,0
1,0,0,2,4,5,8,4,2,14,7,0,6,0,12,3,12,7,12,12,14,14,17,17,14,20,27,16,33,29,43,40,70,50,78,57,75,68,78,46,116,103,122,132,98,123,107,172,141,158,197,230,149,212,210,178,210,231,215,273,236,220,266,280,294,316,295,299,303,290,349,301,362,347,336,392,345,353,380,376,341,365,357,347,303,309,348,343,370,351,361,311,280,266,268,295,256,285,227,258,228,248,217,196,183,159,192,160,131,160,126,144,143,139,132,127,119,110,128,94,102,68,59,77,56,62,44,53,61,61,40,36,36,21,54,31,15,19,23,22,11,13,10,15,5,5,11,5,2,12,7,8,1,0,5,0,4,0,2,2,2,7,0,1,0,0,0,0,2,3,0,4,0,1,0,0,5,0,0,0,0,0,0,0,0,0,0,0,0,0,0,0,0,0,0,0,2,0,0,0
2,0,0,2,8,5,4,4,5,12,6,0,7,0,8,5,4,2,19,10,19,17,20,23,19,18,15,21,37,36,44,54,73,34,62,61,73,83,88,56,111,104,116,140,114,124,109,168,144,147,201,241,169,209,253,208,212,263,214,263,261,218,240,284,323,304,312,312,313,323,323,307,300,330,326,360,375,362,347,361,315,340,323,320,321,282,321,339,355,290,314,283,270,252,256,287,230,260,230,278,203,213,213,206,200,164,168,154,121,172,132,115,153,125,127,126,108,104,99,86,84,68,76,77,54,56,47,44,72,51,35,39,33,18,45,22,17,16,21,20,7,29,13,17,2,8,11,5,2,7,2,5,0,3,3,1,7,0,1,3,3,5,0,4,0,0,0,0,3,1,0,2,0,0,0,0,4,0,0,0,0,0,0,0,0,0,0,0,0,0,0,0,0,0,0,0,3,0,0,0
1,0,0,0,6,3,6,4,3,17,4,0,13,0,8,2,7,7,16,11,13,21,14,30,20,30,24,29,30,38,42,38,81,32,72,74,64,57,78,60,112,124,112,139,95,136,91,188,135,167,178,210,159,204,223,208,205,221,199,240,234,234,220,296,291,299,298,273,338,311,315,305,340,344,362,365,362,352,354,348,355,302,354,302,287,291,321,354,345,286,311,283,266,278,272,246,239,239,227,267,194,215,228,198,189,126,151,133,124,155,145,139,121,154,120,107,108,102,104,98,86,54,55,64,59,62,46,50,61,43,41,29,22,20,48,18,28,18,11,20,13,17,12,11,6,5,5,8,5,4,5,3,4,1,2,2,3,0,3,2,3,12,0,0,0,0,0,0,0,1,0,2,0,1,0,0,1,0,0,0,0,0,0,0,0,0,0,0,0,0,0,0,0,0,0,0,0,0,0,0
3,0,0,2,6,3,6,3,10,14,9,0,4,0,4,3,13,4,11,11,20,18,20,22,29,21,26,31,33,42,52,33,71,50,70,58,68,83,89,54,93,109,140,127,120,113,123,188,139,144,201,266,171,210,205,207,210,250,212,245,251,222,259,283,255,279,302,298,309,321,310,310,331,305,344,362,370,334,325,354,315,295,321,309,312,291,274,307,341,265,288,287,264,275,252,243,196,265,192,228,186,213,212,184,168,143,154,154,118,140,126,126,134,105,100,107,76,98,98,87,91,56,56,65,58,48,37,43,49,49,40,22,31,17,31,23,31,24,17,24,6,10,8,13,4,9,10,6,4,2,5,3,1,4,0,1,1,0,1,2,4,3,0,4,0,0,0,0,1,1,0,1,0,1,0,0,0,0,0,0,0,0,0,0,0,0,0,0,0,0,0,0,0,0,0,0,1,0,0,0
2,0,0,0,6,2,4,1,3,11,5,0,7,0,5,1,11,2,17,10,16,18,21,21,22,14,28,22,39,31,39,38,67,51,51,57,66,70,96,59,99,97,102,130,112,129,120,191,117,166,192,192,160,182,205,214,203,250,229,265,235,224,253,268,261,298,293,223,350,290,295,309,323,306,298,337,302,344,298,333,321,311,307,290,261,269,272,318,317,241,256,271,265,272,234,260,213,216,199,219,185,201,163,168,158,155,151,135,99,138,124,103,114,115,134,107,88,102,99,95,92,73,53,61,49,48,44,39,50,40,32,28,26,17,44,21,15,16,12,18,7,15,8,13,3,5,11,2,4,6,1,6,2,0,1,1,0,0,2,2,0,12,0,0,0,0,0,0,1,2,0,1,0,0,0,0,0,0,0,0,0,0,0,0,0,0,0,0,0,0,0,0,0,0,0,0,0,0,0,0
1,0,0,0,3,3,7,5,4,7,7,0,5,0,4,2,16,2,7,5,15,16,14,24,19,20,39,21,35,37,56,35,80,52,71,64,65,69,79,63,110,104,108,122,109,122,127,172,139,173,215,211,148,202,188,220,219,261,198,243,237,224,242,238,278,246,303,242,299,321,285,284,362,313,304,339,338,368,326,318,317,320,302,310,280,266,269,300,285,232,277,248,260,241,207,281,194,234,186,180,201,169,180,165,191,119,145,147,115,162,113,110,143,101,116,86,89,91,104,83,89,57,45,61,55,39,36,32,50,37,40,30,29,12,52,19,16,19,16,17,7,17,16,16,4,10,3,3,4,4,5,2,1,2,3,1,5,0,0,4,2,7,0,0,0,0,0,0,1,4,0,6,0,0,0,0,0,0,0,0,0,0,0,0,0,0,0,0,0,0,0,0,0,0,0,0,1,0,0,0
4,0,0,0,1,3,2,2,3,12,5,0,9,0,7,4,11,5,14,6,17,18,14,16,15,28,27,30,34,50,50,53,64,38,66,58,70,80,84,55,106,115,114,147,99,110,131,160,122,162,188,223,139,184,210,209,205,231,218,215,234,202,246,276,270,246,288,289,282,283,283,270,291,309,293,328,319,283,304,305,312,266,298,302,262,257,265,290,270,213,265,237,202,237,206,240,191,193,188,235,188,185,187,162,168,118,149,117,96,137,110,109,100,94,112,89,83,85,86,88,69,46,50,58,41,53,28,39,51,34,37,26,30,10,34,15,21,11,18,16,8,17,11,12,5,6,10,6,4,4,3,8,0,3,3,0,5,0,0,2,3,7,0,2,0,0,0,0,2,6,0,2,0,0,0,0,1,0,0,0,0,0,0,0,0,0,0,0,0,0,0,0,0,0,0,0,0,0,0,0
1,0,0,1,3,3,1,2,6,11,5,0,7,0,5,1,11,3,11,11,18,9,8,18,18,23,26,26,34,38,43,48,63,54,60,75,77,85,71,56,99,104,104,126,117,125,119,132,102,166,196,201,143,214,195,199,200,213,205,217,245,189,235,285,280,254,273,271,290,253,298,255,285,318,300,318,322,294,341,298,300,272,319,266,262,228,241,271,297,249,267,265,223,234,218,249,199,211,148,173,171,175,165,138,148,116,131,124,121,132,98,97,89,110,99,96,90,87,81,83,68,64,49,62,38,33,26,40,42,39,41,36,23,14,37,17,21,19,18,18,6,19,7,14,5,4,4,5,2,6,3,4,1,2,4,1,1,0,2,2,2,4,0,2,0,0,0,0,2,4,0,3,0,1,0,0,2,0,0,0,0,0,0,0,0,0,0,0,0,0,0,0,0,0,0,0,1,0,0,0
5,0,0,4,6,2,2,5,3,9,5,0,9,0,4,0,7,3,12,6,19,18,16,17,17,19,40,31,39,33,37,38,53,43,60,58,68,72,84,71,105,104,123,129,124,131,113,170,132,145,170,211,159,203,180,190,203,257,182,243,181,212,229,254,265,249,269,253,251,273,305,299,342,289,314,296,281,295,324,289,292,266,270,291,235,223,233,280,291,222,225,257,210,211,167,248,177,210,153,177,165,160,183,149,159,101,114,106,90,121,105,106,116,98,85,98,58,90,84,75,63,51,37,57,42,44,31,40,45,32,32,26,30,18,33,14,17,12,13,26,5,11,17,7,5,5,9,4,3,6,3,1,2,1,2,0,0,0,0,0,3,6,0,0,0,0,0,0,1,2,0,4,0,0,0,0,3,0,0,0,0,0,0,0,0,0,0,0,0,0,0,0,0,0,0,0,0,0,0,0
1,0,0,1,3,3,9,3,6,8,8,0,10,0,7,3,5,5,9,10,13,12,16,17,21,24,26,31,31,35,44,39,73,45,73,67,79,67,72,66,93,113,105,122,104,127,97,158,145,160,167,186,132,196,159,216,195,217,179,224,207,203,233,254,229,248,262,228,266,283,273,264,270,248,269,321,300,284,292,283,260,242,265,264,237,200,243,289,267,257,225,226,196,208,215,214,177,192,159,171,172,144,148,145,124,100,129,127,80,117,75,91,84,85,102,76,69,73,75,62,56,47,39,56,47,26,37,31,51,30,25,33,20,8,33,13,23,16,11,18,3,13,5,15,4,4,9,0,2,5,5,4,3,3,2,1,2,0,0,3,2,6,0,1,0,0,0,0,1,1,0,1,0,1,0,0,0,0,0,0,0,0,0,0,0,0,0,0,0,0,0,0,0,0,0,0,1,0,0,0
2,0,0,0,4,7,1,3,5,15,8,0,10,0,4,2,11,2,18,15,22,8,19,10,28,19,33,26,30,29,59,44,80,36,54,67,64,77,82,52,108,106,103,126,100,124,104,147,126,165,164,177,165,178,146,211,178,214,195,225,208,202,233,238,237,258,229,239,275,262,248,269,271,262,265,304,302,301,274,268,248,258,248,266,222,234,232,268,259,220,227,223,194,200,185,215,156,190,158,151,144,152,174,138,120,111,107,87,67,110,101,84,87,90,80,80,70,73,96,60,58,51,45,51,29,33,38,24,36,27,36,22,26,13,32,12,14,10,17,16,9,12,8,6,5,1,10,4,5,2,4,0,2,1,1,0,3,0,0,2,1,7,0,3,0,0,0,0,2,2,0,3,0,0,0,0,1,0,0,0,0,0,0,0,0,0,0,0,0,0,0,0,0,0,0,0,1,0,0,0
1,0,0,1,4,1,5,2,3,16,4,0,2,0,4,3,12,2,16,11,19,15,25,13,16,22,27,20,38,30,53,45,80,41,57,66,70,82,61,52,97,109,103,128,105,130,118,154,115,136,159,205,138,177,173,169,201,205,158,203,250,188,227,254,244,265,251,247,284,248,278,233,306,266,262,290,281,267,267,248,274,232,238,251,224,190,207,235,241,210,219,228,153,202,200,183,158,194,142,174,160,146,125,123,140,98,100,110,86,116,80,87,97,71,74,73,63,89,76,71,77,46,44,42,40,33,31,35,35,29,27,22,16,12,25,13,8,10,11,22,6,13,4,8,1,4,7,1,2,5,3,1,0,1,1,1,1,0,1,0,2,7,0,0,0,0,0,0,1,2,0,2,0,0,0,0,0,0,0,0,0,0,0,0,0,0,0,0,0,0,0,0,0,0,0,0,2,0,0,0
0,0,0,4,4,7,0,5,8,17,6,0,4,0,9,1,9,2,16,6,15,13,16,12,14,14,26,29,33,28,41,35,70,49,62,62,74,73,75,61,117,118,126,116,102,116,97,146,130,124,165,194,137,160,162,163,174,230,187,215,201,164,208,215,225,255,250,232,225,254,285,248,239,262,256,281,286,252,302,251,267,250,261,255,201,182,211,252,237,215,233,202,159,179,191,177,137,177,138,158,146,139,140,97,117,93,111,91,74,105,79,69,88,74,73,71,69,61,57,57,64,32,43,47,32,36,32,36,37,24,19,23,20,20,25,23,21,9,10,13,6,14,8,9,1,3,5,4,1,1,3,3,0,0,1,0,2,0,3,1,2,2,0,1,0,0,0,0,1,2,0,2,0,1,0,0,3,0,0,0,0,0,0,0,0,0,0,0,0,0,0,0,0,0,0,0,0,0,0,0
2,0,0,2,5,2,2,3,3,9,4,0,11,0,5,1,8,2,14,15,19,27,17,12,20,16,22,28,37,25,38,48,60,58,54,64,58,59,62,46,95,92,117,121,113,106,113,160,113,142,163,168,162,160,171,174,214,204,173,220,174,196,225,268,219,224,233,203,237,251,229,225,260,261,253,285,270,257,250,217,213,223,248,241,219,197,245,245,231,209,211,195,164,190,181,191,159,158,145,144,137,141,125,113,120,104,94,93,72,87,71,80,68,65,73,62,62,64,66,53,55,43,50,47,31,48,19,25,47,23,36,29,20,15,18,18,15,12,9,9,5,17,11,14,4,3,4,3,1,2,1,3,0,0,1,1,3,0,3,1,0,5,0,0,0,0,0,0,0,0,0,1,0,2,0,0,0,0,0,0,0,0,0,0,0,0,0,0,0,0,0,0,0,0,0,0,3,0,0,0
2,0,0,1,2,3,2,2,7,17,5,0,5,0,7,3,4,5,14,9,10,10,21,19,15,24,28,39,29,29,42,41,61,44,62,65,79,58,60,44,74,88,107,123,129,129,102,133,121,119,180,186,132,165,170,183,185,215,171,175,185,175,220,265,199,220,239,213,241,242,247,207,234,249,266,250,253,253,265,234,251,217,223,224,175,180,197,220,226,181,207,191,172,185,168,164,131,170,125,148,144,129,153,106,114,95,91,100,61,103,80,76,66,89,76,66,59,58,59,54,53,40,35,39,39,36,19,32,27,28,27,28,13,13,26,16,11,13,17,8,5,9,8,9,2,5,4,3,1,3,2,5,1,1,3,0,3,0,3,1,2,7,0,1,0,0,0,0,1,5,0,2,0,0,0,0,1,0,0,0,0,0,0,0,0,0,0,0,0,0,0,0,0,0,0,0,0,0,0,0
1,0,0,0,3,2,3,3,3,9,9,0,5,0,3,1,9,3,10,4,15,16,10,14,16,12,36,26,35,31,41,43,62,43,60,59,62,81,75,43,114,102,94,100,107,109,126,164,115,142,168,187,141,165,155,148,178,209,170,167,183,162,198,224,220,208,198,227,238,247,265,222,254,245,238,242,261,252,249,200,231,231,207,214,192,207,221,202,226,183,176,164,143,177,156,195,128,149,135,131,112,125,136,127,102,84,96,95,74,109,61,87,67,69,76,54,74,61,61,62,51,46,47,52,28,31,18,22,36,26,25,18,24,8,22,14,13,12,9,13,3,7,6,10,1,10,5,4,0,2,3,7,0,1,2,1,3,0,0,2,0,5,0,0,0,0,0,0,1,3,0,3,0,1,0,0,2,0,0,0,0,0,0,0,0,0,0,0,0,0,0,0,0,0,0,0,1,0,0,0
3,0,0,0,3,1,3,0,6,15,6,0,6,0,6,2,10,2,15,12,12,16,22,17,20,25,25,27,24,24,35,41,59,51,54,52,67,74,67,39,93,101,103,126,88,124,107,128,123,99,161,162,131,183,175,168,179,200,169,186,172,174,213,232,194,215,245,233,227,234,220,212,265,209,231,232,252,226,230,211,220,212,212,232,176,169,176,238,207,204,189,171,165,153,164,207,162,151,123,140,133,106,135,97,95,80,86,84,75,80,65,84,67,71,76,60,67,63,68,38,39,35,33,44,31,24,24,31,39,19,18,24,15,7,32,10,10,10,9,11,8,11,6,8,5,4,2,2,2,2,4,0,0,1,2,1,2,0,2,2,1,5,0,0,0,0,0,0,3,1,0,2,0,0,0,0,3,0,0,0,0,0,0,0,0,0,0,0,0,0,0,0,0,0,0,0,1,0,0,0
1,0,0,2,4,1,3,3,4,13,4,0,11,0,3,4,7,3,19,8,12,20,16,13,14,18,30,28,40,33,39,40,55,51,65,59,58,68,70,44,90,72,103,106,92,107,95,147,105,110,175,157,144,150,176,159,159,187,143,192,173,186,217,193,201,223,198,235,218,214,228,201,224,224,236,248,233,272,233,231,236,194,192,208,187,163,162,233,183,182,174,189,138,154,141,161,133,159,129,115,131,125,109,97,106,77,89,86,58,90,63,62,72,62,61,59,60,55,54,55,44,27,36,29,35,25,23,20,24,19,21,25,20,6,16,8,11,9,8,16,3,9,8,8,2,6,1,6,1,0,4,2,0,0,0,1,0,0,0,1,1,10,0,1,0,0,0,0,2,2,0,1,0,0,0,0,3,0,0,0,0,0,0,0,0,0,0,0,0,0,0,0,0,0,0,0,0,0,0,0
3,0,0,0,4,3,3,2,7,13,4,0,6,0,7,2,10,2,15,5,13,17,18,11,15,17,26,29,27,32,38,44,46,32,53,51,50,69,61,42,77,96,106,113,94,115,99,136,103,131,160,165,141,157,142,165,179,173,189,180,207,171,193,230,207,189,227,203,191,196,217,233,242,204,192,239,243,239,231,198,224,197,210,221,187,165,160,210,206,180,172,176,142,178,157,136,135,140,123,133,102,101,106,92,106,78,94,77,52,68,60,74,64,72,67,54,56,66,52,40,45,29,35,41,28,26,13,15,29,19,20,22,18,9,13,6,13,10,13,7,6,8,3,9,1,6,4,4,1,3,4,6,0,1,1,0,1,0,0,2,1,2,0,0,0,0,0,0,2,0,0,1,0,0,0,0,0,0,0,0,0,0,0,0,0,0,0,0,0,0,0,0,0,0,0,0,0,0,0,0
3,0,0,0,2,1,4,1,6,13,1,0,3,0,6,2,4,1,12,8,19,10,16,14,27,14,27,23,35,42,38,39,56,33,50,54,59,53,67,54,78,97,89,106,80,100,96,123,109,143,142,165,149,145,152,155,164,192,146,188,172,166,188,180,217,237,208,172,218,228,210,207,249,216,213,234,205,238,207,197,208,209,219,183,167,174,188,198,203,185,175,143,140,157,128,130,115,142,111,107,102,108,101,91,100,90,83,91,59,72,71,67,50,65,40,50,56,69,62,47,42,22,27,44,29,27,18,27,30,25,18,19,24,13,17,7,9,5,14,12,2,6,6,4,1,4,5,5,0,2,2,0,0,1,3,0,2,0,0,0,0,5,0,3,0,0,0,0,1,1,0,0,0,0,0,0,0,0,0,0,0,0,0,0,0,0,0,0,0,0,0,0,0,0,0,0,0,0,0,0
2,0,0,1,3,0,2,4,4,10,6,0,7,0,10,0,7,4,8,5,18,14,13,14,24,26,31,24,38,29,35,44,56,47,71,60,38,66,59,37,91,109,112,111,81,112,88,146,108,156,167,164,133,133,176,166,139,170,153,161,173,136,210,206,204,191,202,200,218,208,221,220,210,213,203,201,227,211,200,213,197,179,197,196,185,171,173,192,209,180,153,159,120,147,114,150,112,141,120,122,108,102,113,69,103,82,66,65,63,91,65,73,80,63,49,73,49,46,47,30,41,22,27,28,37,28,21,20,42,20,15,13,7,4,13,10,10,11,11,8,2,13,9,6,3,5,1,0,3,3,5,2,2,2,2,0,2,0,1,0,1,8,0,0,0,0,0,0,0,1,0,3,0,0,0,0,0,0,0,0,0,0,0,0,0,0,0,0,0,0,0,0,0,0,0,0,1,0,0,0
2,0,0,0,4,3,4,1,6,8,8,0,3,0,3,4,11,4,7,13,17,13,11,20,10,13,21,24,32,29,49,29,54,43,48,45,61,66,63,53,90,97,94,96,86,110,86,130,111,114,144,158,130,157,160,151,167,155,152,181,178,160,167,182,213,189,212,203,210,207,183,195,202,225,210,229,220,205,215,169,178,187,185,166,142,147,166,172,199,138,143,153,148,141,98,150,109,129,90,97,106,100,87,96,85,79,88,76,71,77,61,61,55,60,63,46,39,47,40,36,39,35,27,28,32,26,25,29,23,31,16,16,20,7,23,10,12,15,14,12,5,7,5,6,5,6,5,1,2,1,5,1,0,4,2,0,1,0,0,1,1,2,0,3,0,0,0,0,0,1,0,0,0,0,0,0,1,0,0,0,0,0,0,0,0,0,0,0,0,0,0,0,0,0,0,0,1,0,0,0
4,0,0,1,0,2,3,7,4,14,3,0,3,0,3,2,7,3,13,7,14,16,15,10,16,20,26,17,31,29,38,40,47,35,44,54,65,67,72,41,93,90,93,105,74,112,78,132,100,121,147,160,134,156,137,191,133,197,125,180,187,151,166,193,216,185,180,193,184,187,185,181,230,199,185,197,197,196,180,185,178,175,169,173,159,146,145,172,188,137,154,150,135,154,122,149,118,119,75,114,102,104,94,91,103,60,74,73,61,78,50,46,49,48,52,44,58,54,46,45,33,28,28,23,26,35,14,21,33,21,32,13,13,6,16,9,13,6,3,13,3,9,8,7,1,4,4,2,1,1,2,4,0,4,1,0,3,0,0,0,2,5,0,0,0,0,0,0,0,0,0,1,0,0,0,0,1,0,0,0,0,0,0,0,0,0,0,0,0,0,0,0,0,0,0,0,1,0,0,0
2,0,0,2,3,1,2,4,5,15,8,0,8,0,4,1,6,7,17,9,18,16,18,12,16,14,24,23,25,33,29,37,54,43,46,54,52,53,55,58,72,89,88,101,89,106,91,118,90,124,146,168,105,151,159,144,131,196,138,176,153,167,172,189,174,182,183,189,201,197,197,186,226,161,184,220,219,186,212,177,196,181,174,153,151,155,146,188,176,139,143,140,110,113,124,135,101,118,108,100,97,89,93,72,78,53,79,73,56,69,46,50,50,45,40,56,41,45,42,37,26,26,27,34,19,24,12,28,18,18,17,14,14,7,17,14,10,15,5,15,5,3,8,9,3,2,3,3,1,2,2,4,1,0,1,0,0,0,0,0,1,2,0,1,0,0,0,0,0,3,0,2,0,0,0,0,1,0,0,0,0,0,0,0,0,0,0,0,0,0,0,0,0,0,0,0,0,0,0,0
3,0,0,1,2,3,4,5,5,7,3,0,4,0,1,1,7,4,12,7,14,11,17,13,19,6,27,21,26,28,39,41,54,43,53,66,55,54,68,52,79,77,85,94,88,90,86,136,86,96,135,143,119,148,136,145,159,153,133,165,161,159,168,180,203,191,184,194,186,163,200,192,222,192,193,223,193,166,186,176,171,154,193,149,149,141,148,161,164,152,109,116,118,133,107,133,83,118,122,103,112,99,91,62,79,77,75,63,61,75,43,55,56,55,37,45,34,47,54,41,27,31,33,27,20,21,21,20,32,25,17,19,9,4,13,5,6,15,8,11,3,6,4,7,2,2,1,0,1,0,2,3,0,1,1,0,0,0,0,1,0,5,0,0,0,0,0,0,0,0,0,0,0,0,0,0,1,0,0,0,0,0,0,0,0,0,0,0,0,0,0,0,0,0,0,0,0,0,0,0
4,0,0,0,2,2,4,1,4,12,6,0,2,0,1,0,10,1,7,7,16,7,12,10,13,15,20,29,22,11,36,48,55,38,44,55,57,58,65,36,81,80,90,97,82,95,68,120,112,110,140,135,120,124,121,132,154,128,125,176,159,127,174,182,174,168,197,172,187,170,216,164,231,191,168,195,205,190,174,187,182,185,148,177,146,147,144,168,145,146,161,136,94,103,93,113,98,123,96,103,100,77,82,81,79,66,76,64,47,59,41,59,48,58,48,49,40,41,41,40,46,31,29,29,19,21,12,22,25,17,16,22,14,5,15,7,8,9,7,7,2,11,7,5,3,4,4,3,0,0,1,6,0,0,3,1,2,0,0,1,1,3,0,0,0,0,0,0,0,4,0,1,0,0,0,0,0,0,0,0,0,0,0,0,0,0,0,0,0,0,0,0,0,0,0,0,0,0,0,0
2,0,0,1,1,1,1,3,6,14,3,0,7,0,6,1,7,3,15,5,21,10,9,15,17,17,17,27,26,21,31,38,45,39,35,56,59,63,58,45,63,78,82,104,90,84,81,127,89,90,128,153,124,142,142,160,125,149,131,157,143,115,150,178,165,170,184,161,173,190,172,155,202,165,188,188,196,181,209,164,168,159,139,157,144,128,134,134,137,130,146,115,124,110,88,119,93,93,85,83,74,80,77,90,81,52,79,59,49,72,39,49,59,47,37,33,30,33,34,37,40,20,29,29,17,20,12,13,18,18,16,14,17,7,6,5,11,4,7,7,4,7,4,2,2,2,1,1,0,2,1,1,1,2,4,0,2,0,0,0,1,4,0,0,0,0,0,0,1,3,0,0,0,0,0,0,1,0,0,0,0,0,0,0,0,0,0,0,0,0,0,0,0,0,0,0,0,0,0,0
2,0,0,0,1,2,2,1,4,7,5,0,7,0,3,0,12,1,9,11,13,10,14,11,16,9,24,15,25,21,44,35,49,36,44,57,55,52,40,32,83,79,97,93,72,94,87,109,93,118,138,138,117,109,127,134,137,154,108,144,145,122,137,166,163,150,177,149,164,139,166,157,164,172,186,196,207,167,164,155,153,164,156,147,136,121,116,157,145,140,134,113,105,117,103,122,74,94,74,100,86,81,85,70,83,54,47,52,50,53,45,41,52,37,34,40,44,32,46,29,26,25,23,28,26,19,16,17,20,19,15,16,14,7,10,4,12,12,7,14,2,9,5,5,2,3,6,4,2,1,1,2,0,2,0,0,2,0,1,0,1,3,0,1,0,0,0,0,1,1,0,2,0,0,0,0,0,0,0,0,0,0,0,0,0,0,0,0,0,0,0,0,0,0,0,0,2,0,0,0
2,0,0,1,2,4,1,4,5,7,2,0,4,0,2,2,8,1,4,9,11,17,13,12,16,12,27,20,37,31,30,42,52,30,61,57,45,60,46,38,77,81,80,81,79,66,97,119,88,99,135,166,91,125,132,179,147,156,146,138,147,123,152,159,148,155,160,163,165,168,174,140,173,186,174,164,195,173,174,151,154,140,127,142,125,128,127,137,128,129,120,105,109,129,90,132,95,101,70,85,89,68,88,72,68,51,67,56,41,52,44,51,46,48,45,29,36,38,23,44,24,28,17,22,22,13,15,13,22,16,13,12,12,2,19,6,13,9,6,8,4,7,5,3,1,5,2,2,1,2,1,4,0,0,1,0,2,0,1,0,1,3,0,1,0,0,0,0,1,2,0,2,0,0,0,0,0,0,0,0,0,0,0,0,0,0,0,0,0,0,0,0,0,0,0,0,1,0,0,0
1,0,0,1,1,1,2,5,3,12,5,0,6,0,7,1,8,6,12,13,16,7,21,15,12,17,24,22,35,13,46,32,46,33,43,57,46,67,60,37,68,73,76,93,91,96,80,112,105,100,123,139,101,137,133,149,133,136,124,136,158,132,155,166,155,175,151,154,161,166,167,174,159,150,173,175,177,194,201,152,152,144,138,157,164,111,140,116,144,104,136,119,98,111,85,115,76,84,83,75,69,67,88,60,67,57,53,63,40,74,39,34,57,57,50,41,23,29,45,25,31,15,25,28,17,20,16,15,20,15,14,8,15,8,10,7,6,10,9,9,3,6,6,4,0,2,3,2,1,3,2,3,1,0,2,0,1,0,0,0,2,1,0,1,0,0,0,0,0,1,0,1,0,0,0,0,0,0,0,0,0,0,0,0,0,0,0,0,0,0,0,0,0,0,0,0,0,0,0,0
2,0,0,1,4,2,0,1,4,14,2,0,10,0,4,2,5,1,11,6,13,19,12,8,12,13,20,15,20,23,21,19,55,32,43,49,49,49,57,34,76,70,67,85,85,82,64,102,85,108,134,140,94,153,131,136,142,134,121,146,155,130,160,174,143,182,155,156,137,160,185,161,171,170,210,177,162,162,195,132,137,142,141,108,105,107,130,134,152,109,124,97,111,97,97,111,82,93,63,77,67,69,60,66,75,55,47,55,53,58,41,43,44,42,32,33,33,27,30,40,25,14,20,12,17,13,15,19,25,10,9,14,7,4,13,8,10,8,6,6,3,7,3,5,4,2,3,0,2,0,2,3,0,1,1,0,1,0,0,0,0,6,0,0,0,0,0,0,1,0,0,0,0,0,0,0,4,0,0,0,0,0,0,0,0,0,0,0,0,0,0,0,0,0,0,0,0,0,0,0
3,0,0,0,2,1,4,4,4,5,5,0,3,0,4,0,10,1,10,12,15,13,16,8,9,15,21,20,26,26,31,34,48,41,33,45,46,61,53,32,61,75,68,76,77,81,78,105,90,100,140,136,84,128,131,138,129,163,125,147,117,135,134,179,157,181,170,141,165,159,154,153,185,142,177,181,144,157,149,154,149,132,157,131,116,114,125,131,145,114,111,106,94,103,75,98,72,106,73,84,59,80,71,45,71,47,59,49,50,58,28,37,38,42,36,32,34,38,27,24,25,18,18,29,18,19,22,17,23,11,16,13,6,4,9,5,10,7,5,9,3,5,8,3,0,2,5,2,0,2,0,2,0,0,2,0,4,0,0,0,1,1,0,0,0,0,0,0,1,4,0,2,0,0,0,0,1,0,0,0,0,0,0,0,0,0,0,0,0,0,0,0,0,0,0,0,2,0,0,0
1,0,0,1,5,0,4,1,3,16,7,0,3,0,2,3,7,3,12,6,18,13,19,9,10,16,19,23,26,27,27,42,40,30,43,46,49,72,49,29,74,75,75,90,79,81,73,108,79,99,125,140,107,121,120,138,138,136,125,140,138,129,148,143,156,142,155,146,164,142,157,148,147,160,152,136,123,150,127,139,131,122,146,130,119,131,112,134,122,88,99,113,106,75,79,108,79,98,73,92,78,68,67,48,66,43,43,50,39,54,38,38,36,36,41,27,38,32,38,36,36,9,26,16,20,16,17,20,21,17,14,12,11,4,15,7,2,7,8,3,0,12,3,5,0,2,3,1,0,1,0,0,0,1,0,0,1,0,1,0,0,1,0,0,0,0,0,0,1,0,0,1,0,0,0,0,2,0,0,0,0,0,0,0,0,0,0,0,0,0,0,0,0,0,0,0,0,0,0,0
1,0,0,1,7,4,0,1,3,7,5,0,3,0,3,1,5,4,7,6,11,11,14,12,15,12,15,20,17,25,50,36,43,41,51,36,40,56,52,44,64,77,70,74,77,95,63,105,83,99,127,113,104,124,102,113,122,162,116,148,147,124,151,139,134,162,170,144,131,141,154,128,135,148,147,141,135,142,130,144,146,140,122,110,109,108,120,110,101,127,102,97,89,94,68,95,76,87,68,66,77,60,78,49,75,29,56,45,37,56,29,34,46,35,32,34,33,22,27,27,26,16,22,23,12,17,14,16,15,15,13,12,7,5,10,4,7,9,7,7,2,9,2,2,2,5,1,1,2,2,1,2,0,1,0,0,1,0,0,0,0,2,0,0,0,0,0,0,1,2,0,0,0,0,0,0,0,0,0,0,0,0,0,0,0,0,0,0,0,0,0,0,0,0,0,0,0,0,0,0
1,0,0,1,2,1,7,3,4,9,7,0,7,0,6,1,6,2,14,3,13,11,11,11,14,12,15,15,20,28,32,42,46,35,38,44,39,49,46,45,97,63,81,79,76,77,69,121,79,102,115,110,97,139,118,120,91,144,111,130,113,126,183,155,142,141,144,121,125,128,158,139,157,146,123,148,148,161,130,138,118,139,110,120,92,102,104,133,113,82,95,110,76,109,69,83,79,101,77,81,80,89,57,49,52,51,46,48,33,46,41,45,32,31,41,27,38,17,20,26,19,15,15,18,16,19,9,14,10,15,11,11,7,7,5,3,6,5,5,5,0,5,6,1,3,2,1,0,0,3,0,1,0,0,0,0,3,0,0,0,1,2,0,0,0,0,0,0,0,0,0,0,0,0,0,0,1,0,0,0,0,0,0,0,0,0,0,0,0,0,0,0,0,0,0,0,0,0,0,0
3,0,0,1,2,3,2,1,6,7,4,0,5,0,7,1,11,6,10,10,17,8,11,10,13,11,15,27,25,19,35,38,42,33,45,38,53,51,48,43,61,76,59,84,54,90,70,112,77,102,126,107,94,113,95,109,114,138,107,138,127,114,139,134,139,161,139,144,134,138,143,108,140,130,157,158,156,130,120,119,128,142,127,110,114,110,91,116,106,92,112,98,82,81,68,86,61,65,64,79,51,69,53,69,62,37,52,45,43,43,37,42,38,34,41,32,26,27,25,31,23,22,14,23,15,18,14,13,16,18,6,10,7,5,11,6,5,8,10,6,3,4,3,4,2,2,1,2,1,1,1,1,3,0,0,1,0,0,0,1,0,0,0,0,0,0,0,0,0,1,0,1,0,0,0,0,1,0,0,0,0,0,0,0,0,0,0,0,0,0,0,0,0,0,0,0,0,0,0,0
5,0,0,0,1,1,1,1,7,15,7,0,4,0,2,1,7,5,6,3,16,16,12,3,13,19,20,18,23,14,30,32,37,27,33,44,46,57,34,43,69,92,68,70,75,89,73,91,82,93,105,110,91,116,83,99,113,117,120,139,143,110,117,122,130,137,149,117,137,130,125,109,131,136,121,144,123,142,139,133,120,102,126,120,105,102,85,124,106,92,87,88,72,76,68,98,56,69,60,81,74,68,57,31,58,48,38,35,35,45,44,25,33,22,37,25,30,25,24,16,20,20,32,16,17,15,9,10,18,9,12,14,9,4,11,3,3,6,5,7,1,4,2,1,3,2,3,0,1,2,3,2,0,1,1,0,1,0,0,0,0,6,0,1,0,0,0,0,0,2,0,0,0,0,0,0,1,0,0,0,0,0,0,0,0,0,0,0,0,0,0,0,0,0,0,0,0,0,0,0
1,0,0,0,3,6,2,3,2,5,4,0,3,0,3,0,8,4,11,3,12,20,11,7,10,11,16,20,22,26,28,38,43,29,36,50,46,40,47,34,59,55,72,74,80,99,60,93,75,98,113,115,91,113,119,102,106,120,100,129,114,107,119,143,111,140,129,117,118,128,150,131,139,135,130,134,144,129,137,132,112,130,134,102,101,91,91,108,103,93,92,106,91,78,68,72,65,71,51,70,60,52,63,56,74,61,43,38,26,39,37,41,30,39,25,23,35,35,27,38,20,16,20,20,13,14,9,17,26,10,10,8,16,3,8,2,7,4,4,4,5,7,1,2,2,3,3,1,0,1,0,2,0,0,0,0,0,0,0,0,1,4,0,0,0,0,0,0,0,0,0,2,0,0,0,0,0,0,0,0,0,0,0,0,0,0,0,0,0,0,0,0,0,0,0,0,0,0,0,0
1,0,0,1,3,1,3,3,4,9,1,0,3,0,3,1,6,2,10,3,14,7,12,17,14,18,17,13,24,24,30,25,44,26,25,52,38,56,56,21,65,80,59,90,56,71,53,85,70,81,96,111,81,93,113,104,109,134,106,139,123,97,120,125,127,159,123,120,116,118,140,122,114,111,149,148,131,104,145,138,135,115,104,114,115,94,101,114,109,72,70,84,83,73,70,92,55,71,51,58,61,50,60,45,47,38,35,41,30,43,28,35,27,32,24,26,24,21,25,21,27,19,18,23,15,19,10,22,15,14,10,7,5,4,14,7,3,6,4,3,4,8,4,5,4,3,2,1,0,0,1,1,0,1,1,0,0,0,0,0,0,2,0,0,0,0,0,0,0,3,0,0,0,0,0,0,1,0,0,0,0,0,0,0,0,0,0,0,0,0,0,0,0,0,0,0,2,0,0,0
0,0,0,0,0,1,1,4,2,6,4,0,5,0,3,2,9,1,14,4,12,7,12,12,11,15,19,20,35,23,23,22,38,32,42,36,39,49,49,34,77,59,71,81,54,80,53,100,75,95,108,97,89,107,110,100,117,115,119,110,112,102,128,135,130,142,132,116,129,121,122,109,145,126,110,138,138,124,120,124,111,104,93,87,109,93,108,116,117,111,87,86,83,79,69,74,54,68,74,65,48,51,59,46,45,34,44,27,27,37,39,22,52,30,30,21,20,21,41,21,16,17,11,22,15,10,8,12,18,13,7,10,8,5,8,7,7,3,3,2,1,6,2,1,0,5,1,2,0,0,2,2,0,0,0,0,0,0,0,1,0,1,0,1,0,0,0,0,3,0,0,1,0,0,0,0,0,0,0,0,0,0,0,0,0,0,0,0,0,0,0,0,0,0,0,0,0,0,0,0
1,0,0,1,1,2,0,3,7,9,4,0,5,0,2,0,6,2,13,6,9,11,8,7,11,13,25,21,26,23,28,33,37,18,46,36,35,40,49,31,58,68,77,83,58,80,69,121,66,73,93,111,75,103,84,87,103,112,78,115,96,116,112,123,107,125,138,127,137,121,158,107,130,123,132,146,112,108,125,105,89,103,101,97,87,71,88,110,114,74,91,76,68,66,66,73,57,74,54,57,53,56,50,49,47,39,41,32,23,39,29,32,33,30,23,27,24,22,24,24,17,14,9,20,12,17,6,10,12,16,10,14,3,7,12,4,5,3,3,6,0,4,3,4,1,0,4,3,1,1,1,0,0,0,0,0,1,0,0,0,0,2,0,1,0,0,0,0,0,1,0,1,0,0,0,0,0,0,0,0,0,0,0,0,0,0,0,0,0,0,0,0,0,0,0,0,0,0,0,0
3,0,0,1,1,2,0,1,3,6,2,0,7,0,2,2,2,2,8,2,16,5,12,11,8,16,22,22,21,23,24,25,43,24,41,43,47,36,49,33,69,65,58,74,55,63,63,98,74,76,94,113,73,86,106,110,111,99,97,100,99,88,112,131,142,110,116,120,120,126,124,104,117,103,99,135,122,124,122,105,125,135,102,84,87,88,85,89,110,86,94,87,72,74,68,72,60,64,51,56,43,56,52,48,51,28,44,41,27,33,33,42,37,28,23,25,24,27,27,25,21,15,15,17,14,14,10,9,13,2,9,5,2,3,7,2,4,5,5,1,3,1,5,0,1,1,4,1,0,2,2,0,0,1,0,0,1,0,0,0,0,4,0,2,0,0,0,0,0,2,0,0,0,0,0,0,0,0,0,0,0,0,0,0,0,0,0,0,0,0,0,0,0,0,0,0,0,0,0,0
2,0,0,1,5,0,0,4,6,5,5,0,4,0,4,2,3,2,5,5,8,9,7,8,10,12,13,11,29,18,27,27,39,40,39,47,31,45,48,28,54,45,58,54,74,65,50,103,62,80,108,90,82,102,92,107,106,108,84,98,94,78,107,110,111,122,111,136,131,89,115,94,127,108,128,129,118,120,106,108,86,92,82,126,92,94,85,104,98,95,82,81,62,66,72,77,55,75,53,66,37,58,44,42,55,33,37,39,29,43,18,23,21,13,38,19,29,23,28,14,22,12,17,17,9,12,7,5,18,14,11,10,7,4,6,3,4,5,4,8,0,1,1,3,0,1,1,2,0,1,0,4,0,1,1,0,0,0,0,0,0,2,0,0,0,0,0,0,0,3,0,0,0,0,0,0,0,0,0,0,0,0,0,0,0,0,0,0,0,0,0,0,0,0,0,0,0,0,0,0
1,0,0,2,1,1,1,1,3,13,3,0,5,0,4,0,6,3,11,4,14,16,8,12,6,14,18,10,25,23,30,29,32,24,31,35,32,35,51,45,63,58,55,62,77,68,54,89,65,60,99,110,73,100,88,80,85,105,83,98,96,94,120,122,131,112,93,97,99,109,111,90,97,114,133,124,125,107,99,106,91,95,89,97,82,82,75,89,80,89,72,72,70,53,61,73,58,59,60,43,53,39,39,36,57,42,40,30,26,39,28,28,27,27,26,24,19,17,21,23,18,12,22,16,14,20,1,12,13,9,8,6,4,3,10,5,2,3,6,4,0,5,2,10,1,1,4,0,1,0,0,1,0,0,0,0,0,0,0,0,0,2,0,0,0,0,0,0,0,4,0,1,0,0,0,0,0,0,0,0,0,0,0,0,0,0,0,0,0,0,0,0,0,0,0,0,0,0,0,0
1,0,0,0,2,1,3,5,3,4,5,0,2,0,0,1,5,2,9,4,11,11,7,8,9,10,17,20,29,21,26,33,32,26,31,42,38,48,41,24,45,48,58,63,59,70,60,85,63,70,81,99,77,81,89,80,83,107,88,107,94,93,120,135,107,108,111,94,105,104,101,115,107,106,111,119,125,117,104,111,105,94,96,80,81,81,79,85,92,73,70,66,46,64,46,67,53,57,57,48,52,47,36,39,61,29,41,26,27,35,26,33,19,29,23,25,19,29,33,26,17,15,13,16,14,9,9,6,11,8,5,5,8,4,10,2,6,2,2,5,0,7,1,5,2,4,2,1,0,0,0,1,0,0,1,0,1,0,0,0,1,5,0,1,0,0,0,0,0,2,0,0,0,0,0,0,0,0,0,0,0,0,0,0,0,0,0,0,0,0,0,0,0,0,0,0,3,0,0,0
0,0,0,0,1,0,2,1,3,6,6,0,2,0,5,2,9,3,8,5,6,11,8,11,9,10,16,26,14,13,15,26,33,21,33,25,40,47,41,29,53,62,68,66,64,56,50,86,73,79,67,98,83,80,91,84,91,101,103,119,96,82,104,114,109,99,109,96,111,100,115,118,106,114,102,131,148,124,121,109,97,70,103,92,77,70,73,94,84,63,75,54,63,66,45,56,43,67,47,50,40,36,50,45,42,25,26,41,19,31,27,27,26,34,22,16,18,17,29,12,17,11,19,17,18,13,7,10,16,6,4,4,3,7,3,3,3,3,2,4,0,5,2,2,3,0,3,0,1,2,2,2,0,0,2,0,1,0,0,0,0,1,0,0,0,0,0,0,0,2,0,1,0,0,0,0,1,0,0,0,0,0,0,0,0,0,0,0,0,0,0,0,0,0,0,0,0,0,0,0
1,0,0,2,1,3,1,3,7,11,3,0,1,0,1,1,5,2,7,3,15,7,11,9,11,12,9,14,20,16,35,26,33,26,39,37,27,45,38,28,48,66,57,61,52,59,54,77,76,80,86,95,77,87,91,109,80,100,105,106,87,100,103,105,111,90,109,99,97,114,105,109,110,103,109,117,104,85,105,90,85,105,102,92,89,68,86,82,95,59,61,62,71,52,55,52,42,52,42,60,40,35,53,36,36,27,33,38,23,25,27,28,19,32,26,19,19,23,26,23,19,13,16,19,17,17,4,11,11,9,6,6,3,4,11,6,6,4,6,6,2,4,4,4,1,3,2,1,1,0,1,0,0,0,0,0,1,0,0,0,0,3,0,0,0,0,0,0,0,0,0,0,0,0,0,0,2,0,0,0,0,0,0,0,0,0,0,0,0,0,0,0,0,0,0,0,1,0,0,0
2,0,0,1,0,0,1,2,5,4,3,0,0,0,1,2,5,2,7,4,9,11,6,11,12,9,12,14,19,11,26,26,36,25,25,36,40,41,44,19,54,58,58,68,51,52,64,73,62,82,90,82,76,78,70,106,90,102,67,86,101,88,92,99,100,101,91,94,107,98,125,106,113,116,81,116,110,101,103,108,87,89,97,96,92,56,71,68,77,75,76,61,58,61,65,67,52,64,43,48,35,51,41,29,32,33,28,23,17,26,25,29,21,28,19,23,22,18,21,13,17,6,11,13,12,8,12,9,14,10,6,9,5,5,5,4,4,3,3,3,1,5,1,1,0,1,2,0,1,1,2,1,0,0,2,0,0,0,0,0,0,0,0,0,0,0,0,0,1,2,0,0,0,0,0,0,1,0,0,0,0,0,0,0,0,0,0,0,0,0,0,0,0,0,0,0,0,0,0,0
1,0,0,0,1,2,2,0,4,8,1,0,2,0,4,0,6,3,9,9,8,13,9,9,7,11,12,20,19,21,36,26,35,36,35,27,39,46,38,34,35,55,50,62,50,55,65,78,56,61,76,98,78,84,83,103,95,88,71,105,101,90,105,105,114,96,88,92,89,90,91,92,86,107,108,97,112,75,92,91,90,100,73,92,62,67,69,78,83,58,53,62,70,54,52,62,39,63,38,41,37,51,41,30,41,39,31,21,21,24,20,18,22,22,26,17,15,13,16,17,16,12,14,24,12,15,10,7,7,8,1,9,3,5,1,4,6,1,3,3,1,5,2,3,0,1,1,0,0,2,1,3,0,1,0,0,0,0,0,1,1,3,0,0,0,0,0,0,0,0,0,1,0,0,0,0,0,0,0,0,0,0,0,0,0,0,0,0,0,0,0,0,0,0,0,0,0,0,0,0
2,0,0,1,1,1,4,3,4,8,2,0,3,0,5,1,8,5,9,3,6,7,11,9,10,11,12,18,20,21,22,23,31,21,21,39,29,39,34,33,45,52,62,65,53,52,56,78,57,82,82,93,62,80,72,78,78,92,76,86,91,84,82,120,94,83,114,91,92,107,99,89,95,99,105,92,115,96,85,93,75,84,83,83,71,63,60,75,80,63,60,53,50,48,40,59,50,50,44,46,36,49,43,43,37,25,30,24,16,32,18,25,17,23,22,16,24,13,21,20,12,8,5,17,10,8,7,5,11,7,4,2,6,0,8,3,4,4,2,2,4,3,2,1,1,1,2,1,1,0,3,3,0,0,0,0,1,0,0,0,0,0,0,1,0,0,0,0,1,0,0,2,0,0,0,0,0,0,0,0,0,0,0,0,0,0,0,0,0,0,0,0,0,0,0,0,1,0,0,0
2,0,0,1,2,0,0,1,1,9,1,0,7,0,1,2,4,1,13,6,15,12,12,13,15,16,5,10,19,11,16,30,37,23,22,32,43,41,42,34,56,51,63,59,49,58,43,72,49,73,85,76,67,94,89,79,83,96,83,84,88,72,92,97,84,109,112,86,101,97,92,100,93,85,99,75,109,88,98,89,87,79,83,69,75,50,74,70,83,66,59,64,60,48,49,76,45,60,40,40,34,41,38,30,32,32,35,23,27,26,23,28,14,32,23,17,15,16,13,20,23,11,15,12,11,7,4,6,8,7,3,11,9,8,8,4,2,4,7,3,1,0,0,3,0,2,1,0,0,2,2,1,0,0,0,0,0,0,0,0,0,0,0,1,0,0,0,0,0,3,0,1,0,0,0,0,0,0,0,0,0,0,0,0,0,0,0,0,0,0,0,0,0,0,0,0,2,0,0,0
3,0,0,0,0,0,2,3,1,8,4,0,2,0,4,2,5,2,5,6,12,6,12,8,12,11,22,16,20,13,20,25,31,25,31,28,41,33,39,27,41,49,49,59,50,58,63,86,54,67,97,90,55,76,82,80,78,89,75,98,70,79,84,101,97,81,95,81,94,93,91,94,91,83,97,92,96,112,77,80,75,88,89,60,68,47,55,60,66,49,61,44,53,45,45,65,31,57,47,43,31,36,24,30,40,29,30,18,21,25,20,25,13,19,15,21,17,13,25,11,17,9,8,13,7,8,8,10,11,10,10,6,4,1,6,4,2,4,2,1,1,1,1,4,2,1,0,0,1,1,2,0,0,0,0,0,1,0,0,0,0,1,0,0,0,0,0,0,0,2,0,4,0,0,0,0,1,0,0,0,0,0,0,0,0,0,0,0,0,0,0,0,0,0,0,0,0,0,0,0
0,0,0,0,1,3,4,3,1,8,4,0,4,0,2,0,7,2,5,4,12,5,7,9,7,10,10,12,19,15,33,20,34,22,29,24,26,31,28,22,48,42,44,63,46,51,57,72,53,63,68,89,55,79,95,74,69,86,81,79,68,65,80,103,80,91,90,99,87,69,86,89,90,85,66,115,104,82,76,82,87,83,81,60,64,56,54,63,68,59,55,57,49,49,40,64,42,49,33,37,41,28,38,39,32,29,30,32,19,23,15,24,27,18,23,19,15,9,14,15,11,12,10,13,11,10,9,10,10,7,5,4,3,0,6,5,3,4,3,4,1,3,1,5,1,2,1,3,0,0,1,1,0,1,0,0,0,0,0,1,1,2,0,0,0,0,0,0,0,0,0,2,0,0,0,0,0,0,0,0,0,0,0,0,0,0,0,0,0,0,0,0,0,0,0,0,1,0,0,0
2,0,0,0,3,3,0,1,1,10,3,0,4,0,1,1,4,1,6,8,5,8,8,9,3,12,15,20,19,18,19,22,23,19,29,33,42,40,27,28,39,50,40,61,55,58,50,73,56,59,76,82,68,68,84,81,77,85,86,69,85,72,99,88,89,88,90,92,78,85,78,82,101,86,65,81,97,84,88,80,73,73,78,65,62,51,62,60,56,61,62,59,41,54,32,41,31,49,37,37,32,35,30,26,38,27,28,22,19,20,14,18,25,18,18,17,15,14,19,10,11,12,14,9,7,9,3,8,8,5,6,1,8,2,6,2,2,1,1,1,3,6,3,2,1,0,1,2,1,0,2,1,0,0,1,0,4,0,0,0,0,1,0,2,0,0,0,0,0,0,0,0,0,0,0,0,0,0,0,0,0,0,0,0,0,0,0,0,0,0,0,0,0,0,0,0,0,0,0,0
0,0,0,0,1,1,2,0,4,12,7,0,4,0,1,0,2,4,6,4,8,18,9,10,13,11,9,11,17,15,19,24,28,20,33,34,23,34,36,25,45,58,54,43,52,64,51,75,47,62,92,83,75,61,71,82,60,81,90,79,85,78,77,89,85,91,101,79,72,79,96,84,80,84,83,73,88,95,83,87,65,71,73,69,73,46,48,61,58,57,60,46,53,56,44,56,28,40,36,38,35,34,41,28,28,26,22,27,22,25,11,13,22,15,23,15,12,7,11,19,6,8,10,13,9,10,3,9,5,4,2,5,2,1,4,6,3,3,6,4,1,6,1,1,4,1,2,0,0,0,1,0,0,0,1,0,1,0,0,0,0,3,0,0,0,0,0,0,0,0,0,1,0,0,0,0,0,0,0,0,0,0,0,0,0,0,0,0,0,0,0,0,0,0,0,0,0,0,0,0
3,0,0,0,1,0,2,2,5,4,4,0,4,0,1,0,3,6,7,8,11,4,4,8,10,16,16,13,23,16,23,28,30,24,39,30,32,35,27,26,52,51,53,59,39,56,38,89,58,59,69,73,56,77,73,81,72,86,71,65,86,77,93,84,87,74,82,79,86,73,96,59,81,84,73,81,99,91,80,53,99,74,76,64,66,41,55,52,66,57,47,55,44,45,41,50,36,51,35,44,37,30,33,23,21,21,35,21,16,31,15,22,18,17,22,18,17,14,14,12,22,4,15,13,12,12,5,8,8,9,6,4,5,3,3,4,4,3,5,2,1,4,1,3,1,1,3,1,1,1,1,0,0,0,0,0,1,0,0,0,0,0,0,0,0,0,0,0,0,0,0,0,0,0,0,0,0,0,0,0,0,0,0,0,0,0,0,0,0,0,0,0,0,0,0,0,2,0,0,0
1,0,0,1,2,1,0,0,2,7,5,0,1,0,2,2,2,0,6,7,9,6,8,5,3,7,12,12,25,16,17,35,26,21,20,31,28,32,42,36,38,45,51,51,46,49,33,67,48,46,65,62,49,58,83,70,65,70,61,85,57,71,76,81,91,69,83,83,81,77,81,72,86,72,90,81,87,87,76,56,61,66,69,75,46,43,55,59,40,49,43,53,51,30,46,43,34,37,35,31,31,30,33,25,35,28,26,22,15,25,14,20,17,17,19,20,13,14,14,9,18,3,10,12,6,9,6,6,13,3,2,9,8,3,9,2,2,1,1,1,1,3,2,0,1,1,2,1,1,0,0,2,1,1,0,0,0,0,0,1,0,0,0,0,0,0,0,0,0,1,0,1,0,0,0,0,0,0,0,0,0,0,0,0,0,0,0,0,0,0,0,0,0,0,0,0,0,0,0,0
2,0,0,1,3,2,1,2,5,3,4,0,3,0,0,0,6,1,7,6,9,9,7,10,4,10,14,15,11,16,23,20,29,17,32,30,23,36,25,31,40,47,54,45,41,39,42,75,43,68,54,88,58,68,71,67,62,74,70,70,49,68,64,83,82,77,76,84,71,62,77,67,76,57,75,83,69,71,95,69,77,67,64,58,52,39,41,50,62,60,41,49,41,43,22,36,40,36,41,23,33,37,35,23,18,15,19,20,17,15,22,27,15,18,11,14,5,14,15,8,10,12,12,7,7,10,6,5,14,6,3,6,5,1,4,1,4,0,0,3,1,2,1,0,0,2,0,0,0,1,0,2,0,0,0,0,0,0,0,0,1,2,0,0,0,0,0,0,0,1,0,0,0,0,0,0,1,0,0,0,0,0,0,0,0,0,0,0,0,0,0,0,0,0,0,0,0,0,0,0
1,0,0,0,1,0,0,3,0,4,2,0,2,0,1,2,7,4,9,1,10,6,14,12,5,7,16,11,17,13,31,23,29,25,25,20,27,30,31,19,39,34,41,40,45,61,39,76,34,43,73,78,60,71,87,74,80,73,64,83,73,55,71,72,65,79,65,85,85,56,77,71,76,78,79,71,68,82,74,59,52,61,67,53,60,40,47,50,54,39,38,49,35,39,38,51,26,40,26,31,31,25,44,21,27,21,31,25,21,22,20,15,10,17,16,15,13,18,10,10,15,8,7,11,5,4,6,10,4,3,7,7,4,2,4,4,6,3,4,2,0,4,3,1,1,1,1,2,0,0,0,0,1,0,1,0,1,0,0,0,1,0,0,0,0,0,0,0,0,2,0,0,0,0,0,0,0,0,0,0,0,0,0,0,0,0,0,0,0,0,0,0,0,0,0,0,0,0,0,0
1,0,0,1,1,0,3,1,4,7,3,0,2,0,2,0,6,4,7,2,6,5,3,7,11,6,16,10,17,12,15,16,33,20,22,28,22,30,24,23,37,31,52,63,39,50,30,57,40,75,69,59,63,79,59,63,68,82,70,71,64,53,71,98,75,73,66,64,73,76,83,58,66,72,82,95,66,58,82,67,65,62,56,60,60,56,47,63,64,48,41,37,42,38,46,34,38,47,33,27,24,32,34,29,25,28,18,13,15,21,17,19,21,13,15,16,10,13,9,11,13,8,11,11,10,6,4,7,7,10,5,4,4,2,8,1,2,2,3,2,1,1,0,3,2,1,3,1,0,0,0,1,0,0,1,0,4,0,0,0,0,0,0,1,0,0,0,0,0,1,0,1,0,0,0,0,0,0,0,0,0,0,0,0,0,0,0,0,0,0,0,0,0,0,0,0,0,0,0,0
0,0,0,0,2,0,3,1,2,9,3,0,2,0,0,0,3,4,3,2,15,8,7,6,5,7,12,17,11,13,23,17,32,24,29,33,34,36,33,23,43,54,47,51,33,47,46,59,46,43,71,83,59,71,64,64,49,90,61,65,65,52,71,85,74,77,82,67,74,66,67,68,79,61,79,65,75,72,66,68,64,52,66,54,57,48,40,45,42,42,60,34,38,45,45,52,26,39,26,24,21,33,32,26,31,26,27,18,7,20,20,15,13,17,14,11,16,13,12,5,4,3,10,9,5,10,7,4,6,5,3,7,2,1,2,1,6,1,0,1,1,3,2,1,2,0,0,1,0,3,0,1,0,0,2,0,1,0,0,0,0,1,0,0,0,0,0,0,2,3,0,0,0,0,0,0,0,0,0,0,0,0,0,0,0,0,0,0,0,0,0,0,0,0,0,0,0,0,0,0
2,0,0,1,0,3,3,1,0,4,4,0,3,0,2,1,7,5,2,3,10,7,8,4,10,8,9,11,12,13,24,17,28,17,27,21,33,25,26,23,35,46,40,53,42,41,50,68,50,52,48,76,59,63,67,55,55,84,56,64,64,68,72,97,70,80,78,68,69,76,77,58,69,65,77,62,75,77,66,76,58,51,62,46,54,47,54,50,49,44,42,46,35,41,20,44,32,38,35,22,32,37,20,15,29,17,18,18,13,21,13,13,12,13,18,13,10,13,14,10,13,8,11,8,8,11,4,4,6,2,5,2,7,3,6,0,3,1,4,1,1,0,2,1,2,0,0,1,0,1,2,2,0,0,0,0,2,0,0,0,0,2,0,0,0,0,0,0,1,0,0,2,0,0,0,0,1,0,0,0,0,0,0,0,0,0,0,0,0,0,0,0,0,0,0,0,0,0,0,0
2,0,0,1,0,0,2,4,2,7,4,0,5,0,0,1,5,3,6,2,9,8,8,12,10,11,9,13,18,18,16,14,30,16,15,25,22,33,32,15,37,49,48,50,43,39,40,64,35,54,52,91,53,57,56,58,53,66,49,71,58,62,57,72,73,82,49,70,58,53,73,56,58,67,58,75,76,71,56,58,55,49,57,62,43,46,42,59,34,46,37,50,53,39,40,34,34,32,27,30,36,25,26,29,26,19,18,17,12,23,17,12,23,16,13,12,9,8,22,9,16,8,8,9,4,6,1,2,7,5,1,4,2,2,2,0,5,0,2,2,1,2,1,0,0,2,4,0,2,0,2,0,0,0,2,0,2,0,0,0,1,2,0,0,0,0,0,0,0,2,0,0,0,0,0,0,0,0,0,0,0,0,0,0,0,0,0,0,0,0,0,0,0,0,0,0,1,0,0,0
2,0,0,0,1,1,1,2,4,5,2,0,4,0,0,0,1,2,3,3,7,9,8,6,14,12,11,12,18,17,19,23,15,19,21,21,22,39,25,23,35,35,48,43,31,48,39,47,51,56,70,65,50,58,54,64,47,53,51,62,53,55,72,56,58,69,54,69,62,66,46,53,71,51,63,61,71,76,55,61,55,40,55,51,51,47,57,57,68,46,35,40,33,30,28,37,30,37,36,28,33,31,22,28,23,25,16,23,16,21,10,10,19,18,15,13,20,9,13,12,9,6,6,10,11,2,2,4,9,9,2,4,5,2,5,3,3,2,4,2,2,1,1,0,0,3,0,2,0,0,0,2,0,1,2,0,0,0,0,0,0,0,0,0,0,0,0,0,0,1,0,0,0,0,0,0,1,0,0,0,0,0,0,0,0,0,0,0,0,0,0,0,0,0,0,0,0,0,0,0
2,0,0,0,0,0,4,1,1,5,3,0,4,0,1,0,4,1,6,7,6,4,7,5,13,7,10,10,15,3,21,16,21,19,20,21,29,30,24,20,27,41,37,40,36,45,26,68,49,41,55,52,57,53,53,56,58,65,62,61,69,56,54,68,51,57,69,73,69,57,61,59,66,63,57,63,62,48,64,48,63,59,51,42,49,34,47,58,35,39,55,42,28,32,27,42,28,37,31,24,18,25,29,15,23,19,9,20,15,19,13,23,17,11,10,7,13,12,18,7,9,7,9,7,6,11,4,4,3,1,2,3,7,1,2,1,3,1,2,3,3,1,1,1,1,0,1,0,0,0,1,0,0,1,0,0,0,0,0,0,0,2,0,0,0,0,0,0,2,0,0,1,0,0,0,0,1,0,0,0,0,0,0,0,0,0,0,0,0,0,0,0,0,0,0,0,0,0,0,0
1,0,0,1,0,2,1,2,0,5,3,0,4,0,1,2,4,5,1,6,9,7,7,6,5,11,13,4,13,13,14,15,22,13,26,30,21,27,27,20,42,22,36,37,33,49,26,48,44,38,49,59,56,44,55,52,64,58,50,60,64,52,60,55,64,72,63,75,55,58,47,56,63,62,46,63,55,59,57,55,72,46,55,55,33,42,50,45,40,33,49,50,45,31,24,31,34,31,25,27,28,30,23,13,19,27,19,16,11,17,14,14,14,5,14,19,9,9,13,12,7,2,9,8,6,5,6,2,5,2,3,5,5,0,0,0,1,3,1,5,1,1,1,0,1,0,0,0,0,0,0,1,0,0,0,0,0,0,0,0,0,0,0,0,0,0,0,0,0,0,0,1,0,0,0,0,0,0,0,0,0,0,0,0,0,0,0,0,0,0,0,0,0,0,0,0,0,0,0,0
0,0,0,0,1,0,4,3,1,8,4,0,6,0,2,0,2,1,2,4,10,4,11,5,8,5,9,5,14,21,15,16,30,16,16,24,22,30,27,18,34,38,35,38,46,28,35,36,36,47,61,66,34,53,62,51,53,66,41,64,67,58,62,65,65,68,67,64,58,52,65,52,72,65,60,67,57,43,66,45,40,40,46,33,34,37,50,42,39,41,34,39,39,31,28,38,25,28,24,26,24,23,19,16,23,25,16,11,17,22,16,6,14,15,7,11,4,5,5,9,7,5,11,11,4,7,3,4,10,6,1,2,3,1,2,0,1,2,3,1,3,3,3,1,0,1,2,0,0,1,0,0,0,0,0,0,2,0,0,0,0,2,0,0,0,0,0,0,0,0,0,0,0,0,0,0,1,0,0,0,0,0,0,0,0,0,0,0,0,0,0,0,0,0,0,0,1,0,0,0
0,0,0,0,0,2,0,2,2,7,2,0,1,0,1,0,2,2,6,4,8,7,4,6,5,11,14,10,13,11,16,18,22,16,23,21,28,28,20,20,37,43,33,40,41,42,31,57,38,48,51,64,47,69,43,61,61,72,45,62,60,50,50,59,61,61,61,57,51,58,56,53,69,44,72,62,63,47,57,55,41,52,40,34,43,41,36,47,46,32,25,46,33,31,36,36,24,39,22,25,21,25,12,7,22,16,19,11,11,17,11,11,18,9,13,7,11,7,12,4,11,2,10,13,8,3,8,5,5,4,5,1,3,0,4,0,1,1,2,0,1,1,1,1,0,1,0,0,0,2,1,2,0,0,0,0,1,0,0,0,0,2,0,0,0,0,0,0,0,2,0,0,0,0,0,0,0,0,0,0,0,0,0,0,0,0,0,0,0,0,0,0,0,0,0,0,1,0,0,0
1,0,0,0,2,2,1,2,1,5,0,0,2,0,1,0,5,4,7,6,6,6,6,7,8,11,14,9,12,7,14,21,30,15,27,19,27,24,31,13,43,35,42,39,34,27,30,48,38,40,42,71,48,54,40,68,59,65,51,60,61,38,62,63,65,59,70,71,71,66,66,59,61,59,57,51,67,68,66,36,62,43,44,42,44,30,33,40,48,37,35,39,27,40,23,30,21,33,19,19,22,23,24,18,18,24,17,20,10,13,15,19,14,10,16,12,13,6,7,16,8,3,12,12,3,8,4,6,3,3,3,2,4,3,3,2,5,0,4,4,0,0,0,2,0,1,2,1,0,1,0,1,2,0,0,0,0,0,0,0,0,1,0,0,0,0,0,0,0,0,0,0,0,0,0,0,1,0,0,0,0,0,0,0,0,0,0,0,0,0,0,0,0,0,0,0,0,0,0,0
1,0,0,0,0,0,0,2,1,8,1,0,1,0,2,0,3,3,3,2,5,5,5,6,9,10,10,6,9,13,12,20,17,22,17,30,21,22,25,19,32,31,46,36,25,42,30,57,44,50,59,56,42,53,50,60,54,49,38,59,57,48,40,72,51,55,54,68,55,51,58,52,74,72,43,64,51,59,55,51,47,54,42,39,34,20,46,57,41,36,38,36,36,28,24,38,32,29,27,21,19,28,24,15,16,15,11,10,12,13,9,16,13,11,11,17,11,8,6,4,11,5,7,2,8,6,4,3,7,5,3,3,3,1,2,2,1,0,0,2,3,2,1,0,1,1,0,1,0,0,0,0,0,2,0,0,0,0,0,0,0,0,0,0,0,0,0,0,0,1,0,1,0,0,0,0,0,0,0,0,0,0,0,0,0,0,0,0,0,0,0,0,0,0,0,0,0,0,0,0
0,0,0,0,0,1,2,0,3,3,5,0,5,0,1,1,2,4,6,4,4,5,7,2,11,2,14,9,20,17,21,18,23,14,20,27,24,24,28,15,38,32,29,41,37,38,34,56,34,57,46,54,48,40,57,61,41,51,59,57,70,45,42,80,64,71,50,63,49,61,45,43,56,54,52,51,45,56,56,50,49,45,55,39,41,25,44,38,29,30,24,27,27,35,19,31,21,36,21,20,18,21,23,16,15,18,9,20,8,14,10,9,13,12,12,11,13,11,17,9,8,7,9,8,5,9,9,6,9,3,5,4,1,2,4,1,2,0,1,1,1,2,1,1,0,0,1,1,0,1,0,0,0,0,1,0,0,0,0,0,0,2,0,1,0,0,0,0,0,0,0,0,0,0,0,0,0,0,0,0,0,0,0,0,0,0,0,0,0,0,0,0,0,0,0,0,0,0,0,0
1,0,0,0,0,1,0,2,2,1,3,0,4,0,0,1,4,4,2,3,12,7,4,5,3,9,9,4,12,10,16,18,29,11,25,20,20,23,30,19,29,43,42,44,38,32,33,45,31,40,39,58,36,39,53,50,46,43,55,54,51,54,58,71,50,47,53,53,53,46,49,47,46,54,54,68,54,36,52,49,56,41,46,26,39,36,36,29,49,33,28,30,24,28,21,29,19,28,22,23,19,20,20,22,18,18,8,9,9,17,19,11,10,8,7,6,7,5,9,12,5,3,7,7,4,6,2,7,5,3,4,5,2,1,1,1,2,1,0,1,5,3,1,2,1,0,1,1,0,1,1,1,0,0,1,0,0,0,0,0,0,1,0,0,0,0,0,0,0,0,0,0,0,0,0,0,0,0,0,0,0,0,0,0,0,0,0,0,0,0,0,0,0,0,0,0,0,0,0,0
1,0,0,0,1,0,0,1,1,4,5,0,2,0,1,1,4,1,4,1,6,6,10,6,6,5,17,5,14,3,13,13,20,11,20,21,28,25,23,17,30,31,37,33,35,38,29,41,31,48,60,56,55,41,56,47,54,57,44,55,54,34,57,61,57,47,52,60,53,50,47,40,63,48,50,43,51,57,57,41,37,38,35,40,34,27,33,35,41,28,36,23,31,29,18,24,21,21,21,20,23,16,14,17,19,14,13,14,15,24,15,18,11,5,13,10,11,9,8,6,7,5,7,4,3,6,5,6,6,4,4,3,2,5,4,1,0,2,1,2,0,2,0,2,1,0,1,0,0,0,0,0,1,0,0,0,1,0,0,0,0,2,0,0,0,0,0,0,0,0,0,1,0,0,0,0,0,0,0,0,0,0,0,0,0,0,0,0,0,0,0,0,0,0,0,0,0,0,0,0
2,0,0,2,1,0,0,2,0,7,1,0,4,0,1,4,4,1,6,2,6,4,6,9,8,4,10,14,12,11,15,11,20,14,22,28,16,27,14,17,33,30,29,31,30,42,30,46,41,31,49,55,32,56,55,48,47,54,46,41,54,51,45,58,56,64,54,57,50,48,52,49,35,49,47,46,53,40,46,39,40,39,32,38,34,30,26,36,34,26,39,36,34,24,29,36,20,26,19,19,22,12,19,17,24,11,18,27,8,9,5,11,12,14,9,9,8,8,12,3,5,5,7,5,7,1,4,3,6,2,3,2,4,0,4,0,0,2,0,3,1,1,1,1,0,1,1,0,0,0,3,0,0,0,0,0,0,0,0,1,0,1,0,0,0,0,0,0,0,1,0,2,0,0,0,0,1,0,0,0,0,0,0,0,0,0,0,0,0,0,0,0,0,0,0,0,0,0,0,0
0,0,0,0,0,1,0,1,3,8,1,0,2,0,2,0,3,1,6,3,5,6,8,3,5,7,6,10,8,10,19,6,24,11,22,22,21,23,22,13,35,32,17,31,31,28,33,40,37,31,38,52,41,38,37,35,52,46,38,43,33,37,57,57,55,49,52,46,38,59,39,47,49,36,53,44,45,52,30,50,44,44,36,30,38,32,23,33,40,35,17,32,23,35,21,26,25,32,23,12,26,19,19,12,21,15,20,9,4,16,6,7,15,7,8,1,7,8,9,9,7,7,7,4,5,4,2,3,5,3,6,4,1,1,5,2,2,1,1,2,1,1,0,1,1,2,2,2,0,0,0,1,0,0,0,0,0,0,0,0,0,1,0,0,0,0,0,0,0,0,0,0,0,0,0,0,0,0,0,0,0,0,0,0,0,0,0,0,0,0,0,0,0,0,0,0,0,0,0,0
0,0,0,0,0,0,1,1,2,5,4,0,4,0,2,2,3,1,7,2,7,4,3,8,3,8,9,16,13,11,14,16,22,15,24,16,21,37,29,14,29,36,29,34,30,34,25,33,28,23,47,39,37,53,48,46,40,53,32,40,46,37,49,41,57,60,36,42,31,50,53,37,52,50,56,51,40,54,52,37,46,43,35,34,31,32,24,39,25,27,37,30,28,23,29,21,15,14,25,19,14,15,20,16,12,12,11,15,6,13,13,14,10,11,8,4,7,2,11,6,7,5,7,4,2,7,2,5,5,3,2,4,3,3,3,3,2,2,3,1,0,2,1,1,0,0,0,1,0,0,1,0,0,0,1,0,1,0,0,0,0,0,0,0,0,0,0,0,0,1,0,0,0,0,0,0,0,0,0,0,0,0,0,0,0,0,0,0,0,0,0,0,0,0,0,0,0,0,0,0
1,0,0,0,1,1,0,1,3,4,0,0,0,0,4,0,2,1,4,3,2,7,5,3,2,3,11,12,9,7,12,13,20,12,11,24,20,21,20,14,18,26,22,34,33,26,37,48,42,25,52,38,35,42,55,54,55,49,47,62,45,37,47,51,42,51,38,46,50,53,33,50,47,43,42,47,47,31,44,42,49,45,36,22,33,26,34,33,28,37,21,25,22,17,18,22,16,21,19,14,17,23,17,17,22,8,16,12,10,13,12,12,7,11,8,4,10,5,9,5,5,5,5,4,5,3,3,3,6,1,5,3,2,1,1,0,1,3,0,0,0,2,0,0,0,2,1,2,0,0,0,0,1,0,1,0,0,0,0,0,0,3,0,0,0,0,0,0,0,0,0,0,0,0,0,0,0,0,0,0,0,0,0,0,0,0,0,0,0,0,0,0,0,0,0,0,0,0,0,0
1,0,0,0,1,4,1,0,0,5,2,0,1,0,2,0,2,2,7,4,9,4,9,4,6,12,16,8,6,18,16,13,19,13,15,18,24,17,18,17,20,36,25,31,24,30,38,45,32,28,35,41,31,39,53,38,56,44,35,38,46,33,45,42,43,49,43,52,45,41,56,38,54,35,43,53,39,44,46,39,41,40,33,36,21,30,27,31,39,19,36,19,20,22,23,22,16,22,18,17,12,22,7,20,10,10,14,9,9,7,3,17,9,7,9,13,6,9,8,2,5,4,7,6,3,0,6,3,3,1,2,2,2,1,2,1,2,1,1,0,0,1,0,0,0,0,0,1,1,0,0,0,0,0,1,0,0,0,0,0,1,1,0,0,0,0,0,0,0,0,0,0,0,0,0,0,0,0,0,0,0,0,0,0,0,0,0,0,0,0,0,0,0,0,0,0,0,0,0,0
1,0,0,1,1,0,2,2,2,5,2,0,3,0,0,1,0,4,3,5,1,7,9,4,4,11,17,8,13,13,14,18,14,12,13,19,14,21,6,16,24,22,39,30,30,27,22,38,38,33,39,40,33,45,48,38,34,47,47,48,34,36,41,49,33,38,44,38,52,41,48,31,44,45,48,45,49,40,32,43,32,35,36,36,33,31,27,40,27,19,23,30,27,29,23,17,17,17,12,18,14,23,12,19,12,11,14,13,6,16,6,5,11,7,9,5,10,5,14,6,6,3,6,3,8,4,3,2,5,2,1,1,4,0,3,3,1,1,0,3,1,2,2,0,2,0,0,0,0,0,0,1,0,0,0,0,0,0,0,0,0,1,0,0,0,0,0,0,0,0,0,0,0,0,0,0,0,0,0,0,0,0,0,0,0,0,0,0,0,0,0,0,0,0,0,0,0,0,0,0
1,0,0,0,0,0,1,0,0,7,0,0,1,0,0,0,2,2,1,2,3,5,5,3,6,5,12,15,14,9,16,10,17,13,15,26,30,11,24,12,23,23,37,34,23,33,28,33,24,28,43,40,37,40,42,36,38,55,39,35,51,35,36,50,45,45,43,47,51,42,31,46,45,34,44,63,29,33,36,50,40,34,33,42,27,12,17,25,23,25,30,23,28,22,17,19,15,17,25,14,9,15,17,12,10,9,11,10,13,9,11,4,7,9,8,5,9,5,11,6,5,6,3,5,4,6,3,3,2,0,2,3,2,3,4,4,1,2,1,2,2,1,1,1,1,0,0,1,1,0,0,0,0,0,0,0,0,0,0,0,0,0,0,0,0,0,0,0,0,1,0,0,0,0,0,0,0,0,0,0,0,0,0,0,0,0,0,0,0,0,0,0,0,0,0,0,0,0,0,0
2,0,0,0,0,2,0,1,0,3,2,0,1,0,1,1,0,0,8,3,4,6,5,5,9,9,7,11,5,8,11,16,15,10,16,19,19,28,27,15,19,21,28,32,20,37,23,30,24,49,38,47,42,37,36,40,50,47,35,45,35,31,42,47,52,48,36,36,40,45,25,35,32,46,35,36,38,38,36,42,27,35,31,34,29,22,27,34,20,22,29,33,18,30,28,21,19,23,12,11,20,15,18,10,9,10,9,6,8,15,5,2,5,8,11,2,7,5,10,6,7,4,2,4,6,3,2,3,3,3,5,0,2,1,5,0,1,1,2,1,1,0,1,0,0,0,1,0,0,1,0,0,0,1,0,0,1,0,0,0,0,0,0,0,0,0,0,0,0,0,0,0,0,0,0,0,0,0,0,0,0,0,0,0,0,0,0,0,0,0,0,0,0,0,0,0,0,0,0,0
0,0,0,0,1,0,0,0,0,8,3,0,5,0,1,0,5,2,6,1,4,3,4,4,2,5,11,11,12,6,12,10,19,11,16,13,13,16,21,18,31,31,28,29,26,37,25,40,34,40,32,32,40,33,40,34,49,56,38,40,34,32,50,54,40,38,30,37,41,49,42,51,38,42,40,50,42,36,34,33,31,38,30,25,25,28,27,28,25,26,22,24,12,19,24,26,16,13,20,16,16,13,12,10,10,8,11,8,4,14,9,8,5,9,9,7,10,6,9,6,3,4,1,3,4,3,0,2,3,6,2,2,1,2,0,0,2,0,2,1,0,3,1,2,0,2,0,1,0,0,0,0,0,1,0,0,0,0,0,0,0,1,0,0,0,0,0,0,0,0,0,0,0,0,0,0,0,0,0,0,0,0,0,0,0,0,0,0,0,0,0,0,0,0,0,0,2,0,0,0
0,0,0,0,0,0,0,0,1,6,0,0,4,0,0,1,0,0,3,3,9,4,1,6,2,8,4,2,9,6,9,12,15,15,18,16,16,18,12,15,28,25,31,29,38,27,20,42,24,27,46,37,32,42,39,50,41,43,32,44,28,29,42,37,36,35,49,41,40,28,43,41,45,38,41,41,34,36,40,35,36,32,28,30,28,30,35,27,18,21,19,25,12,16,15,29,14,19,23,11,16,12,16,12,18,12,11,12,6,15,9,11,9,5,9,5,8,6,2,4,3,4,3,4,3,4,1,1,2,5,4,6,0,0,5,1,2,1,1,1,1,0,1,1,1,0,0,0,1,0,0,0,0,0,0,0,0,0,0,0,0,0,0,0,0,0,0,0,0,0,0,0,0,0,0,0,1,0,0,0,0,0,0,0,0,0,0,0,0,0,0,0,0,0,0,0,0,0,0,0
2,0,0,0,0,0,1,2,0,4,2,0,2,0,3,0,4,2,0,6,3,8,6,8,5,5,6,3,11,10,8,9,20,8,18,28,8,24,20,6,22,16,21,33,18,26,13,23,23,34,29,43,40,31,38,39,27,43,32,48,41,39,36,38,36,33,45,37,40,37,32,40,44,34,39,27,54,31,41,37,30,19,29,34,29,22,33,29,22,27,20,23,16,14,15,22,8,18,16,15,21,11,12,12,7,9,12,10,8,6,8,12,5,10,7,3,6,2,4,6,4,1,5,5,3,0,3,5,5,5,1,3,4,0,2,1,1,1,0,0,0,1,1,0,0,0,0,0,0,0,0,0,0,0,0,0,0,0,0,0,0,0,0,0,0,0,0,0,0,1,0,2,0,0,0,0,0,0,0,0,0,0,0,0,0,0,0,0,0,0,0,0,0,0,0,0,0,0,0,0
0,0,0,1,1,0,1,1,1,2,2,0,1,0,1,1,4,0,4,2,4,8,2,5,3,5,6,8,16,13,11,13,17,16,11,12,14,19,9,14,19,27,27,32,23,22,24,31,19,24,31,33,26,39,40,47,29,37,28,32,34,33,45,29,45,54,40,36,42,43,43,38,32,38,31,36,37,39,25,28,31,39,32,33,34,26,29,24,18,24,25,16,22,27,16,19,14,15,17,18,20,11,18,7,9,9,6,10,8,3,6,11,5,12,10,1,9,8,8,4,3,2,4,6,2,7,0,2,4,1,2,2,5,0,2,2,0,1,0,0,0,0,1,1,0,0,0,0,0,1,0,0,1,1,0,0,0,0,0,0,0,0,0,0,0,0,0,0,0,1,0,0,0,0,0,0,0,0,0,0,0,0,0,0,0,0,0,0,0,0,0,0,0,0,0,0,0,0,0,0
1,0,0,0,0,0,1,1,2,2,3,0,0,0,1,1,7,1,3,7,3,7,4,6,5,6,6,4,12,14,12,6,15,8,18,13,14,16,14,14,21,24,26,31,18,22,26,46,31,23,30,35,36,41,30,25,32,45,32,36,36,36,36,39,43,34,43,39,38,29,34,35,35,20,28,30,26,38,34,33,24,23,37,36,25,22,17,26,17,21,22,14,14,13,17,18,19,17,15,13,15,12,8,11,16,8,8,8,7,8,9,7,0,4,4,10,8,1,6,4,2,3,3,4,2,1,4,1,1,2,2,1,4,0,2,1,0,0,1,0,1,0,0,1,0,0,0,0,0,0,1,1,0,0,0,0,0,0,0,0,0,1,0,0,0,0,0,0,0,0,0,0,0,0,0,0,0,0,0,0,0,0,0,0,0,0,0,0,0,0,0,0,0,0,0,0,0,0,0,0
0,0,0,0,0,0,0,1,1,6,0,0,1,0,2,0,4,1,2,0,6,4,2,5,4,6,6,10,14,9,12,9,19,12,21,9,16,16,17,11,23,20,22,22,23,28,23,26,23,29,29,24,23,39,37,33,30,33,29,26,38,35,39,53,38,25,27,44,36,33,39,38,28,36,38,41,43,38,30,35,34,30,27,21,32,29,14,22,22,28,22,16,20,17,21,24,18,24,25,12,9,13,14,12,14,8,5,7,10,8,5,9,10,5,10,8,4,6,7,6,5,2,2,4,1,1,1,0,0,1,4,3,1,1,1,0,1,4,0,2,0,3,1,0,0,0,0,0,0,0,0,0,0,0,0,0,0,0,0,0,0,0,0,0,0,0,0,0,0,1,0,0,0,0,0,0,0,0,0,0,0,0,0,0,0,0,0,0,0,0,0,0,0,0,0,0,0,0,0,0
2,0,0,0,2,0,0,2,1,6,1,0,3,0,0,1,2,0,6,0,3,6,3,2,3,6,6,6,11,6,13,10,15,9,10,14,14,21,9,9,27,16,25,26,24,34,22,25,18,19,30,37,24,30,36,49,31,36,31,47,34,36,30,31,39,41,36,30,42,35,31,38,32,36,33,40,38,33,41,24,37,31,24,23,20,20,26,28,27,23,17,26,12,11,18,14,13,22,14,17,14,11,11,14,16,6,6,7,2,8,6,3,8,5,6,7,3,5,8,4,2,2,4,6,2,5,2,5,4,1,1,5,2,1,1,0,2,0,1,3,0,0,1,0,0,0,0,1,0,0,0,0,0,0,1,0,0,0,0,0,0,1,0,0,0,0,0,0,0,1,0,0,0,0,0,0,0,0,0,0,0,0,0,0,0,0,0,0,0,0,0,0,0,0,0,0,0,0,0,0
0,0,0,0,0,1,0,2,4,5,0,0,1,0,0,1,4,1,3,4,1,4,3,4,5,4,5,7,8,11,13,8,10,7,10,16,13,15,19,10,29,25,27,25,22,21,27,28,22,21,41,29,35,39,33,32,34,32,36,28,23,34,32,33,31,30,27,43,34,32,39,38,21,27,23,33,37,29,30,24,21,31,25,27,19,17,10,18,24,24,16,19,18,20,14,25,12,13,13,15,18,6,5,11,10,6,8,8,6,13,4,3,9,6,8,3,4,0,3,3,5,1,6,5,5,1,3,1,1,3,2,4,1,1,2,1,2,2,0,0,1,0,0,0,0,0,0,0,0,1,0,0,0,0,0,0,1,0,0,0,0,0,0,0,0,0,0,0,0,0,0,0,0,0,0,0,0,0,0,0,0,0,0,0,0,0,0,0,0,0,0,0,0,0,0,0,1,0,0,0
0,0,0,0,0,0,1,0,1,2,2,0,2,0,2,0,0,0,5,2,9,1,4,4,4,3,7,6,8,8,14,10,13,10,12,11,13,18,21,12,15,26,22,28,26,19,15,30,28,31,32,40,25,38,30,30,38,26,31,40,46,27,30,38,20,30,39,35,32,18,40,35,32,31,28,33,30,29,31,28,23,25,30,24,18,19,29,26,25,15,24,14,9,20,17,22,18,10,13,12,14,12,13,9,9,6,11,9,3,6,2,8,8,5,6,5,0,3,3,3,2,3,3,2,3,2,1,2,5,2,0,1,1,1,3,2,0,0,1,1,0,0,0,0,0,1,1,0,0,1,1,0,0,1,0,0,1,0,0,0,0,1,0,0,0,0,0,0,0,1,0,1,0,0,0,0,0,0,0,0,0,0,0,0,0,0,0,0,0,0,0,0,0,0,0,0,0,0,0,0
1,0,0,0,0,1,2,1,0,3,0,0,1,0,1,1,2,2,4,1,3,2,4,5,2,4,7,5,6,4,6,11,12,8,10,12,11,15,16,14,20,18,17,26,21,24,23,38,10,22,21,43,24,31,27,32,41,22,30,34,30,29,41,36,34,35,32,40,25,31,38,31,26,38,30,28,33,24,30,27,28,25,21,25,19,18,16,21,18,19,20,20,15,14,10,15,14,14,12,9,10,13,10,9,8,12,5,9,7,5,10,9,7,6,11,6,4,2,3,6,8,6,8,3,4,2,2,0,2,2,0,6,3,2,0,1,0,0,1,1,0,5,1,0,0,0,1,0,0,0,0,1,0,0,0,0,1,0,0,0,0,2,0,0,0,0,0,0,0,0,0,0,0,0,0,0,0,0,0,0,0,0,0,0,0,0,0,0,0,0,0,0,0,0,0,0,0,0,0,0
1,0,0,0,0,0,0,1,2,2,1,0,5,0,2,0,0,0,6,1,2,4,5,3,2,3,9,5,6,5,12,7,10,12,10,22,17,10,12,11,26,23,14,23,23,21,17,27,15,30,23,34,22,19,27,40,21,32,21,22,22,32,27,38,26,31,30,36,26,30,26,27,37,29,39,32,24,32,26,24,29,30,14,20,15,17,18,24,22,13,13,21,12,9,14,14,8,8,11,17,8,8,13,11,18,7,11,5,4,5,6,9,2,6,2,6,5,4,11,4,5,1,1,6,6,5,0,0,2,1,3,2,0,1,2,0,0,0,1,3,1,0,1,1,0,0,0,0,0,2,0,0,0,0,0,0,1,0,0,0,0,0,0,0,0,0,0,0,0,0,0,0,0,0,0,0,0,0,0,0,0,0,0,0,0,0,0,0,0,0,0,0,0,0,0,0,0,0,0,0
0,0,0,0,0,1,1,2,2,3,1,0,2,0,0,0,2,2,4,1,8,3,3,4,6,4,3,6,8,1,10,11,12,6,14,18,11,13,13,9,20,26,26,21,16,24,20,35,23,24,24,24,18,25,30,27,27,34,26,33,37,28,24,26,27,36,32,34,18,18,23,29,30,34,32,35,30,38,32,28,31,19,17,24,21,21,26,18,22,19,21,23,11,21,14,17,6,19,12,11,13,8,11,6,7,10,11,8,5,9,11,4,3,6,14,6,3,7,9,3,4,3,4,0,1,1,2,4,2,1,1,2,1,2,0,3,3,1,1,0,0,1,0,2,0,1,0,0,0,0,0,1,0,0,0,0,1,0,0,0,0,0,0,0,0,0,0,0,0,1,0,0,0,0,0,0,0,0,0,0,0,0,0,0,0,0,0,0,0,0,0,0,0,0,0,0,0,0,0,0
1,0,0,1,1,0,0,0,1,9,2,0,2,0,1,1,1,2,0,4,4,2,8,2,3,3,9,4,7,5,8,19,15,5,14,7,13,20,10,12,12,22,20,23,22,21,18,29,29,26,19,39,22,27,27,28,28,33,30,35,35,26,33,28,34,32,33,30,23,30,24,30,31,26,28,27,26,23,28,30,18,29,17,26,16,16,13,17,21,14,13,17,15,15,12,10,10,11,10,8,10,6,10,13,5,5,5,5,5,3,4,13,2,3,4,4,8,1,10,5,4,3,5,4,3,1,1,1,1,2,0,3,0,2,0,1,1,2,0,1,0,0,1,0,0,0,0,0,0,0,0,0,0,1,0,0,0,0,0,0,0,0,0,0,0,0,0,0,0,0,0,0,0,0,0,0,0,0,0,0,0,0,0,0,0,0,0,0,0,0,0,0,0,0,0,0,0,0,0,0
0,0,0,0,0,0,0,1,0,1,1,0,0,0,1,0,2,1,3,1,4,5,7,2,5,1,8,6,11,6,8,15,21,7,13,13,15,15,15,10,24,24,25,23,18,17,26,27,20,18,37,34,20,33,24,24,24,27,26,40,20,32,29,26,34,27,27,29,31,31,26,34,28,27,23,23,24,18,27,26,23,29,36,24,20,21,21,23,26,14,20,15,21,14,12,17,17,11,7,12,11,7,8,5,11,5,6,6,6,10,6,9,5,3,4,4,4,8,6,5,1,1,4,7,2,6,2,4,0,2,2,1,1,0,0,0,0,0,0,0,0,2,0,2,0,1,0,0,0,0,0,1,0,1,0,0,0,0,0,0,0,0,0,1,0,0,0,0,0,0,0,0,0,0,0,0,0,0,0,0,0,0,0,0,0,0,0,0,0,0,0,0,0,0,0,0,0,0,0,0
0,0,0,1,2,0,0,1,2,4,0,0,4,0,2,0,4,3,3,1,5,3,5,4,2,3,4,3,12,5,6,6,10,6,10,13,13,21,13,13,29,17,24,36,22,24,28,23,18,24,28,37,30,37,35,22,24,27,20,24,24,25,25,30,32,34,25,19,28,25,30,20,35,31,28,31,27,21,31,19,20,23,22,14,28,21,15,17,23,13,17,18,14,16,10,19,15,18,17,14,10,8,3,7,13,5,7,5,7,7,2,6,7,7,3,3,5,3,2,5,0,7,5,6,1,2,0,4,2,3,4,2,4,0,3,2,0,1,2,0,0,1,0,3,1,0,0,0,0,1,0,0,0,0,0,0,0,0,0,0,0,1,0,0,0,0,0,0,0,0,0,0,0,0,0,0,0,0,0,0,0,0,0,0,0,0,0,0,0,0,0,0,0,0,0,0,0,0,0,0
0,0,0,0,1,1,0,1,2,2,1,0,3,0,0,1,1,2,4,4,6,2,4,3,2,2,3,8,6,11,6,11,11,3,6,12,9,15,11,12,18,13,22,12,10,17,20,26,24,25,24,19,29,19,30,24,27,25,28,25,18,26,23,24,29,34,37,29,20,31,33,28,31,20,26,16,25,17,28,23,17,12,13,26,17,11,19,21,11,24,23,9,10,24,13,15,11,9,7,8,11,13,14,5,7,4,5,5,4,7,4,7,4,4,7,4,3,5,4,6,1,8,0,3,4,2,2,0,2,0,1,0,2,0,1,2,1,1,0,0,0,0,0,1,0,2,0,0,0,0,0,0,0,0,0,0,1,0,0,0,0,0,0,0,0,0,0,0,0,1,0,0,0,0,0,0,0,0,0,0,0,0,0,0,0,0,0,0,0,0,0,0,0,0,0,0,0,0,0,0
0,0,0,0,0,0,0,0,1,3,2,0,1,0,0,1,3,1,0,3,7,3,4,3,9,2,7,4,5,5,7,16,10,10,9,11,12,11,8,10,18,26,22,29,22,19,20,30,22,24,22,21,13,31,30,35,23,23,17,25,26,22,29,29,30,26,25,33,19,22,21,20,18,23,23,31,20,22,23,19,20,20,18,18,19,16,20,10,22,14,12,11,17,12,16,14,16,9,8,17,7,10,10,8,7,7,9,5,2,7,3,5,7,7,1,4,2,2,3,0,0,3,2,5,2,2,3,2,2,4,1,2,1,0,2,3,1,0,1,1,1,3,1,0,1,1,0,0,0,0,0,0,0,0,0,0,0,0,0,0,0,0,0,0,0,0,0,0,0,0,0,0,0,0,0,0,0,0,0,0,0,0,0,0,0,0,0,0,0,0,0,0,0,0,0,0,0,0,0,0
0,0,0,1,0,2,0,0,0,3,1,0,1,0,1,0,1,1,1,2,7,8,3,2,1,3,1,4,6,9,6,9,6,6,12,7,20,10,14,7,14,17,21,21,20,26,17,24,17,16,23,24,24,37,21,27,22,30,28,28,26,22,30,28,24,34,31,27,24,15,24,17,23,23,24,24,20,22,17,17,25,26,18,35,15,15,14,23,17,14,13,17,9,12,9,17,9,11,9,16,8,12,7,4,3,8,11,4,5,4,1,2,9,4,3,2,5,2,1,5,5,3,5,4,2,1,3,2,4,3,1,1,2,3,0,1,1,0,0,0,0,1,0,0,1,3,0,0,0,0,1,0,0,0,1,0,1,0,0,0,0,0,0,0,0,0,0,0,0,0,0,0,0,0,0,0,0,0,0,0,0,0,0,0,0,0,0,0,0,0,0,0,0,0,0,0,0,0,0,0
2,0,0,0,1,1,1,0,0,4,2,0,3,0,1,3,0,0,0,3,2,6,5,3,1,6,2,4,5,4,12,6,18,10,17,10,11,12,9,12,11,20,16,15,11,20,16,27,11,23,38,14,22,23,22,29,31,22,15,27,18,26,16,27,27,23,25,25,23,15,31,29,26,30,26,24,25,18,16,19,32,22,23,21,12,13,8,26,18,20,6,13,11,14,7,11,8,11,6,8,10,12,6,3,9,8,6,7,4,3,7,3,6,6,2,2,1,3,4,6,2,2,2,1,6,0,1,2,5,2,0,2,2,0,0,0,0,0,1,2,0,1,0,1,0,0,0,0,0,0,0,0,0,0,0,0,0,0,0,0,0,2,0,0,0,0,0,0,0,0,0,1,0,0,0,0,0,0,0,0,0,0,0,0,0,0,0,0,0,0,0,0,0,0,0,0,0,0,0,0
0,0,0,0,1,1,0,0,2,1,0,0,0,0,2,0,1,1,5,0,3,1,3,0,7,2,3,2,5,7,6,1,10,9,8,10,8,13,19,15,15,15,22,20,16,16,13,23,15,23,26,29,14,20,31,23,31,42,20,30,15,26,26,23,21,30,19,21,22,22,16,21,20,24,18,30,21,13,21,24,18,17,15,18,15,19,14,22,14,12,11,18,12,13,13,7,9,10,6,9,9,9,3,3,7,7,6,5,1,4,4,2,5,4,6,4,2,2,6,0,4,3,2,3,0,0,0,1,1,2,0,3,5,0,0,0,0,0,1,0,0,1,0,0,0,0,2,0,0,0,0,0,0,0,0,0,0,0,0,0,1,1,0,0,0,0,0,0,0,0,0,0,0,0,0,0,0,0,0,0,0,0,0,0,0,0,0,0,0,0,0,0,0,0,0,0,0,0,0,0
0,0,0,0,0,0,0,0,1,6,1,0,0,0,2,1,2,0,5,3,3,3,3,7,4,6,8,5,3,5,7,6,14,8,15,9,11,9,14,7,14,10,15,20,10,14,16,24,11,20,25,26,18,31,19,23,16,23,24,25,33,23,25,19,27,18,28,23,28,26,19,24,30,21,28,25,24,20,24,19,25,14,15,10,15,10,14,23,20,15,14,5,12,7,15,13,13,13,8,9,11,6,9,5,14,4,9,4,2,7,3,12,6,4,3,7,6,5,5,3,4,2,2,0,2,1,0,1,2,2,0,0,2,0,0,0,0,0,1,0,0,0,0,1,0,0,0,0,0,0,1,0,0,0,0,0,0,0,0,1,0,0,0,0,0,0,0,0,0,0,0,0,0,0,0,0,0,0,0,0,0,0,0,0,0,0,0,0,0,0,0,0,0,0,0,0,0,0,0,0
0,0,0,0,0,0,0,2,0,0,1,0,5,0,0,1,1,0,1,0,4,1,4,8,4,3,4,7,4,4,10,6,9,7,13,6,13,16,7,6,9,15,10,15,16,18,17,28,20,23,17,28,20,27,21,23,18,31,21,22,27,16,21,22,18,29,28,27,19,15,21,20,19,12,19,20,22,26,29,17,23,25,14,8,13,14,14,24,9,26,9,12,17,11,12,5,7,11,10,10,11,11,10,9,5,6,9,5,4,5,5,3,4,5,3,9,2,3,6,3,4,3,0,1,3,5,3,2,2,2,3,3,0,1,1,1,0,0,0,0,0,0,0,0,0,1,0,0,0,0,1,1,0,0,1,0,0,0,0,0,0,0,0,0,0,0,0,0,1,2,0,0,0,0,0,0,0,0,0,0,0,0,0,0,0,0,0,0,0,0,0,0,0,0,0,0,0,0,0,0
1,0,0,0,0,1,1,0,2,6,0,0,1,0,2,0,2,0,1,0,3,3,5,2,4,3,6,5,5,4,7,7,11,9,6,10,9,14,8,11,12,11,12,9,14,11,9,30,14,14,24,35,23,23,19,22,25,28,19,18,36,16,17,30,22,19,27,33,18,22,14,19,28,23,20,24,21,21,23,19,23,17,20,15,18,14,9,11,16,17,14,12,14,8,14,10,5,10,13,10,7,9,3,2,5,6,2,6,5,3,2,5,6,3,2,3,4,7,2,1,4,1,1,0,1,4,2,1,3,0,1,0,0,0,0,0,1,0,1,0,0,2,0,0,0,1,0,0,0,0,0,1,0,1,0,0,0,0,0,0,0,0,0,0,0,0,0,0,0,0,0,0,0,0,0,0,0,0,0,0,0,0,0,0,0,0,0,0,0,0,0,0,0,0,0,0,0,0,0,0
1,0,0,1,0,1,0,0,1,5,0,0,2,0,3,1,3,2,1,1,2,4,4,1,6,2,7,4,8,2,9,5,13,7,12,16,9,10,12,6,9,14,16,15,11,12,18,25,11,17,24,17,22,10,28,25,26,26,14,22,23,19,29,30,22,30,24,23,22,18,26,26,24,16,25,29,18,20,25,26,18,20,18,17,13,10,7,14,17,12,15,11,10,9,10,10,15,8,13,5,7,6,6,6,3,4,7,2,6,7,2,5,4,2,5,7,3,7,7,3,4,1,9,1,3,1,1,1,2,1,1,1,0,0,1,0,1,1,1,0,2,0,0,0,0,0,1,1,0,0,0,1,0,1,0,0,0,0,0,1,0,0,0,0,0,0,0,0,0,1,0,0,0,0,0,0,0,0,0,0,0,0,0,0,0,0,0,0,0,0,0,0,0,0,0,0,0,0,0,0
1,0,0,1,0,2,1,1,1,2,0,0,2,0,3,0,1,1,5,1,5,3,3,2,2,3,7,5,3,5,11,4,11,4,13,7,8,15,8,1,17,15,10,12,13,28,13,12,13,22,15,18,14,20,16,23,15,32,20,22,15,19,23,25,29,21,22,27,21,19,26,19,28,17,18,25,21,14,18,11,14,22,14,15,15,11,8,11,22,4,6,11,18,11,7,10,6,10,7,7,6,12,9,9,6,6,5,5,5,5,6,9,10,6,3,2,3,0,3,2,2,3,2,2,2,4,1,2,1,1,0,1,1,2,2,1,1,2,0,1,0,0,1,0,0,0,0,0,0,1,0,0,0,0,0,0,0,0,0,0,0,1,0,0,0,0,0,0,0,0,0,0,0,0,0,0,0,0,0,0,0,0,0,0,0,0,0,0,0,0,0,0,0,0,0,0,1,0,0,0
1,0,0,0,0,1,0,0,0,2,1,0,1,0,2,0,2,0,1,0,1,3,1,2,2,1,4,4,7,4,4,16,9,4,8,9,4,14,8,4,22,10,18,17,11,18,9,21,19,22,15,28,22,18,15,22,21,26,19,28,28,20,18,18,19,18,23,19,13,31,25,23,22,14,19,21,15,26,19,20,13,16,14,7,13,13,10,14,13,10,7,15,11,12,10,10,5,9,11,14,11,5,8,4,8,7,3,7,6,6,2,3,0,2,1,3,4,4,4,3,4,1,3,1,3,3,0,0,1,0,0,0,2,0,0,0,2,2,1,2,2,2,1,0,1,0,1,0,0,0,0,0,0,1,0,0,0,0,0,0,0,0,0,0,0,0,0,0,0,0,0,0,0,0,0,0,0,0,0,0,0,0,0,0,0,0,0,0,0,0,0,0,0,0,0,0,0,0,0,0
0,0,0,0,0,0,1,2,0,3,0,0,0,0,1,0,3,0,1,3,2,2,2,1,1,3,2,3,6,8,8,7,11,7,9,8,6,12,14,8,9,11,15,19,13,21,13,25,20,17,22,16,19,24,16,26,22,14,26,23,21,25,25,17,11,22,26,20,22,18,18,17,20,19,20,17,21,20,21,15,24,12,14,12,13,12,13,11,14,10,10,9,10,10,6,12,6,12,7,9,5,9,7,2,7,1,5,2,7,5,5,4,2,0,3,3,1,3,3,4,2,2,2,3,2,2,0,0,0,1,0,2,0,2,0,2,2,1,0,0,2,0,1,0,0,0,1,0,0,0,0,0,2,0,1,0,0,0,0,0,0,0,0,0,0,0,0,0,0,0,0,0,0,0,0,0,0,0,0,0,0,0,0,0,0,0,0,0,0,0,0,0,0,0,0,0,0,0,0,0
1,0,0,0,0,0,0,0,1,3,0,0,1,0,3,1,1,1,1,1,1,3,5,3,2,0,2,2,3,4,5,13,7,4,6,10,9,20,15,2,7,19,15,27,14,19,21,21,9,19,24,19,11,19,21,21,19,26,17,21,13,12,20,27,21,19,27,13,23,21,19,15,18,17,20,15,12,14,15,18,11,18,15,16,18,7,11,16,9,6,8,15,12,14,7,7,7,8,6,8,6,5,5,5,7,9,2,5,6,7,4,4,2,4,2,4,2,5,4,1,4,3,2,2,3,0,0,1,1,0,0,1,2,0,1,0,3,0,0,1,0,0,1,0,0,0,0,1,0,0,0,1,0,0,1,0,1,0,0,0,0,0,0,0,0,0,0,0,0,0,0,0,0,0,0,0,0,0,0,0,0,0,0,0,0,0,0,0,0,0,0,0,0,0,0,0,0,0,0,0
1,0,0,0,3,0,0,0,2,5,3,0,0,0,0,0,4,0,4,1,4,4,1,1,3,2,4,3,7,4,5,7,13,9,10,18,7,10,13,5,11,4,8,19,15,17,15,21,8,22,16,17,19,27,13,15,22,19,13,28,15,15,22,22,19,20,24,16,24,17,23,12,19,15,17,29,13,18,15,12,14,12,10,10,17,9,16,20,11,13,7,11,9,10,7,11,8,10,8,9,4,4,7,5,7,1,9,6,3,2,2,6,4,3,4,2,2,4,4,3,1,1,2,1,2,0,0,1,1,0,0,0,1,0,2,1,0,0,1,0,0,1,0,0,0,0,0,0,0,0,0,0,0,0,0,0,0,0,0,0,0,0,0,0,0,0,0,0,1,0,0,0,0,0,0,0,0,0,0,0,0,0,0,0,0,0,0,0,0,0,0,0,0,0,0,0,0,0,0,0
0,0,0,0,0,0,0,0,2,0,1,0,0,0,1,0,0,0,4,3,4,2,1,2,2,2,4,6,10,3,14,5,13,4,8,9,6,10,9,11,15,9,18,15,11,23,9,20,21,19,24,22,16,18,16,18,19,21,13,23,15,17,15,29,26,13,26,24,24,20,15,20,16,15,20,14,19,16,17,15,17,18,12,12,7,10,13,14,10,8,14,13,7,8,7,8,9,10,3,4,4,7,8,4,7,1,4,3,4,5,8,2,1,2,1,5,2,1,6,2,1,2,3,1,3,1,0,1,1,0,2,1,2,0,2,0,0,1,0,1,0,0,0,0,1,1,1,0,0,0,0,1,0,0,0,0,0,0,0,0,0,0,0,0,0,0,0,0,0,0,0,1,0,0,0,0,0,0,0,0,0,0,0,0,0,0,0,0,0,0,0,0,0,0,0,0,0,0,0,0
1,0,0,0,0,0,0,0,0,0,2,0,0,0,1,0,0,1,0,0,4,2,3,2,3,3,5,9,9,4,4,4,7,3,5,5,9,10,9,5,11,12,10,16,17,12,17,12,10,20,20,12,32,26,19,21,22,16,15,21,10,23,22,26,18,19,19,17,20,5,20,12,17,19,16,14,12,16,16,10,16,12,13,16,13,9,16,8,8,8,13,8,9,4,4,9,5,5,9,12,6,4,5,4,6,6,1,8,4,2,2,3,8,3,1,0,3,4,3,3,4,1,1,2,2,1,1,3,0,3,3,2,2,0,1,2,2,0,1,1,0,1,0,0,0,0,1,0,0,0,0,2,0,0,1,0,0,0,0,0,0,0,0,0,0,0,0,0,0,1,0,0,0,0,0,0,0,0,0,0,0,0,0,0,0,0,0,0,0,0,0,0,0,0,0,0,0,0,0,0
0,0,0,0,0,1,0,0,0,4,2,0,3,0,0,0,2,0,1,2,2,1,1,1,3,4,5,4,2,2,5,4,5,8,6,10,15,9,10,5,17,13,12,17,8,13,10,14,9,14,14,18,16,25,10,22,14,26,20,20,16,8,20,13,21,18,16,18,19,19,18,15,16,21,13,24,19,14,20,9,20,14,7,16,5,9,15,10,15,11,11,9,11,8,10,4,4,6,4,7,10,6,5,4,5,8,4,8,3,6,2,5,2,2,2,5,0,2,4,3,1,0,1,1,0,3,1,0,2,1,4,0,3,0,0,0,0,1,2,0,1,1,0,0,1,1,1,0,0,0,0,0,0,0,0,0,0,0,0,0,0,0,0,0,0,0,0,0,0,0,0,0,0,0,0,0,0,0,0,0,0,0,0,0,0,0,0,0,0,0,0,0,0,0,0,0,0,0,0,0
0,0,0,0,0,0,0,0,3,1,1,0,1,0,1,0,1,0,0,3,3,8,4,1,4,1,4,6,8,7,5,6,4,3,5,8,7,10,7,6,18,10,15,16,14,16,15,15,11,11,14,19,16,26,20,20,22,15,22,23,18,14,21,12,15,16,18,17,11,24,20,14,16,21,27,19,12,18,14,19,14,11,10,13,14,6,14,9,13,13,8,8,10,13,12,10,6,11,8,5,6,6,4,6,0,3,8,5,1,1,4,3,4,4,4,5,4,1,1,5,2,0,1,3,3,2,0,1,2,3,2,4,1,1,0,0,2,1,0,0,0,0,0,2,0,0,0,0,0,0,0,0,0,0,0,0,0,0,0,0,0,0,0,0,0,0,0,0,0,0,0,0,0,0,0,0,0,0,0,0,0,0,0,0,0,0,0,0,0,0,0,0,0,0,0,0,0,0,0,0
0,0,0,0,0,0,0,1,0,2,1,0,1,0,0,0,3,0,3,0,3,3,2,3,4,1,1,3,4,6,8,6,5,8,11,6,11,12,7,3,16,11,10,13,9,13,7,21,10,13,16,23,17,21,15,20,14,13,11,20,17,15,20,17,23,19,13,14,23,22,16,13,22,18,15,20,21,17,13,17,10,18,8,13,12,14,9,8,16,9,10,10,10,7,7,11,10,6,6,7,4,11,5,3,4,4,2,3,2,4,0,4,3,2,2,4,0,2,2,1,1,0,0,0,1,0,1,0,3,1,1,3,0,0,0,0,1,0,1,0,0,0,0,0,1,1,0,0,0,0,0,0,0,0,2,0,0,0,0,0,0,0,0,0,0,0,0,0,0,0,0,0,0,0,0,0,0,0,0,0,0,0,0,0,0,0,0,0,0,0,0,0,0,0,0,0,0,0,0,0
0,0,0,0,0,0,0,0,1,0,1,0,1,0,0,0,0,0,1,2,0,0,4,5,5,3,5,4,3,4,6,6,10,10,9,6,8,10,8,8,10,17,19,11,11,11,9,17,6,8,20,19,17,12,20,16,8,27,21,18,9,13,23,11,21,16,10,12,21,15,10,19,13,24,13,18,18,16,18,15,13,6,11,7,8,10,10,13,9,9,10,9,11,11,4,4,6,6,4,7,5,4,5,4,3,2,2,1,3,7,1,5,1,5,2,3,2,4,4,3,1,0,3,1,2,0,0,2,0,1,0,0,0,0,1,1,0,0,0,2,0,0,0,0,0,0,1,0,0,0,0,0,0,0,0,0,0,0,0,0,0,0,0,0,0,0,0,0,0,0,0,0,0,0,0,0,0,0,0,0,0,0,0,0,0,0,0,0,0,0,0,0,0,0,0,0,0,0,0,0
0,0,0,0,0,0,0,1,0,2,0,0,0,0,0,0,3,1,2,0,0,0,3,4,3,6,1,3,5,0,6,5,8,3,7,8,4,8,5,7,13,16,23,11,10,8,16,17,12,9,18,13,9,12,16,5,20,28,9,25,15,13,19,23,20,24,15,18,12,21,16,19,20,13,15,17,14,12,15,11,10,19,9,11,8,7,3,13,13,11,9,9,7,11,9,7,7,5,7,2,4,9,5,2,5,3,7,1,2,4,4,1,6,2,2,1,2,3,2,1,3,1,1,2,0,0,0,1,0,0,1,1,1,0,0,0,0,0,0,0,0,1,0,0,0,0,0,0,0,0,0,0,0,0,1,0,0,0,0,0,0,0,0,0,0,0,0,0,0,0,0,0,0,0,0,0,0,0,0,0,0,0,0,0,0,0,0,0,0,0,0,0,0,0,0,0,0,0,0,0
0,0,0,0,0,0,1,1,1,3,0,0,0,0,0,0,2,1,1,1,3,2,5,5,0,2,4,2,6,6,4,6,6,3,8,11,12,10,10,7,9,14,6,13,11,10,7,16,13,16,18,19,15,11,17,18,16,19,11,24,22,11,14,13,24,18,20,11,11,12,17,17,14,14,10,14,16,12,11,9,11,13,8,12,7,10,7,8,7,6,4,4,4,8,4,9,5,4,7,8,5,12,7,3,3,2,8,4,2,2,5,3,3,3,3,3,2,1,2,0,3,2,2,2,1,2,0,0,1,3,1,4,0,0,0,0,0,0,0,0,1,1,0,1,0,1,0,0,0,0,0,0,0,0,0,0,0,0,0,0,0,0,0,0,0,0,0,0,0,0,0,0,0,0,0,0,0,0,0,0,0,0,0,0,0,0,0,0,0,0,0,0,0,0,0,0,0,0,0,0
0,0,0,0,0,2,0,1,0,2,0,0,2,0,1,0,1,1,1,1,0,4,0,2,4,2,3,1,3,6,4,7,7,4,2,6,7,7,4,7,9,13,14,10,14,8,7,19,8,17,16,22,13,19,14,17,12,21,10,16,15,15,17,19,14,13,20,17,14,6,22,12,18,16,13,17,19,18,13,13,10,6,14,10,7,12,5,9,11,9,12,7,5,11,8,6,6,5,4,4,4,5,6,8,6,2,4,2,2,2,7,4,4,3,5,2,4,0,1,4,1,3,2,1,2,1,0,2,3,1,1,1,0,0,0,0,1,0,0,1,0,1,0,1,1,0,1,0,0,0,0,0,0,0,0,0,0,0,0,0,0,0,0,0,0,0,0,0,0,0,0,0,0,0,0,0,1,0,0,0,0,0,0,0,0,0,0,0,0,0,0,0,0,0,0,0,0,0,0,0
0,0,0,0,0,0,1,2,0,0,0,0,1,0,1,0,4,1,0,0,2,2,0,3,2,2,7,2,2,2,7,11,4,8,5,6,7,6,8,3,13,12,8,10,12,10,10,15,15,11,15,15,9,18,21,15,8,15,14,10,18,17,16,18,16,14,19,15,9,12,14,12,16,11,11,16,8,15,9,12,7,9,10,10,16,8,9,8,16,12,9,16,5,8,7,6,3,4,6,2,4,6,2,3,1,0,3,5,1,2,2,3,2,1,1,3,2,2,0,2,2,1,0,5,1,1,1,0,1,0,2,2,1,0,1,1,2,0,0,0,0,0,0,0,0,0,0,0,0,0,0,1,0,0,0,0,0,0,0,0,0,1,0,0,0,0,0,0,0,0,0,0,0,0,0,0,0,0,0,0,0,0,0,0,0,0,0,0,0,0,0,0,0,0,0,0,0,0,0,0
0,0,0,0,0,0,0,1,0,1,0,0,1,0,0,1,3,1,1,1,3,0,1,2,1,2,3,5,5,2,5,5,6,4,9,5,9,5,7,6,8,10,11,8,12,4,12,13,10,17,11,21,10,14,10,11,20,19,17,26,22,14,14,12,16,15,14,16,8,15,18,11,15,21,18,21,15,11,16,13,12,6,12,10,7,5,4,7,8,8,9,9,5,2,10,7,6,6,3,6,6,7,5,4,4,3,4,3,2,5,3,2,1,1,4,1,1,0,3,1,3,2,2,2,3,2,1,1,3,2,2,1,2,0,0,0,0,1,0,0,0,0,0,0,1,0,0,0,0,1,0,1,0,0,0,0,0,0,0,0,0,0,0,0,0,0,0,0,0,0,0,0,0,0,0,0,0,0,0,0,0,0,0,0,0,0,0,0,0,0,0,0,0,0,0,0,0,0,0,0
0,0,0,0,0,0,0,2,2,1,2,0,0,0,0,0,0,0,2,2,0,5,3,2,3,1,5,3,2,5,2,5,6,10,8,6,7,4,7,3,18,10,12,14,6,8,13,16,12,8,9,19,14,24,19,10,12,16,14,24,12,14,20,13,10,16,11,14,18,11,15,13,10,13,11,11,20,18,14,7,6,9,4,13,10,3,8,10,6,6,10,7,9,8,6,7,4,4,4,1,5,4,7,2,5,1,4,7,1,5,2,5,1,4,3,1,1,3,1,1,3,1,1,1,1,1,0,1,2,0,2,1,0,0,1,1,0,0,0,0,0,0,1,0,0,0,0,0,0,0,0,0,0,0,0,0,0,0,0,0,0,1,0,0,0,0,0,0,0,0,0,0,0,0,0,0,0,0,0,0,0,0,0,0,0,0,0,0,0,0,0,0,0,0,0,0,0,0,0,0
1,0,0,0,0,1,1,0,1,0,0,0,0,0,0,0,0,2,2,1,1,1,1,0,1,2,4,4,3,3,7,2,9,8,8,4,9,17,4,2,9,2,6,11,10,14,14,16,12,15,13,17,15,10,7,11,15,14,11,17,13,15,14,13,11,17,18,15,11,18,18,15,14,16,11,13,10,9,6,13,11,12,11,10,1,10,7,8,11,5,1,6,6,6,8,6,4,3,5,3,4,12,1,6,2,0,4,4,3,3,4,7,2,2,1,1,1,1,3,0,1,2,0,1,1,1,2,0,2,2,1,0,0,0,0,0,0,1,0,0,0,1,0,1,0,0,0,0,0,0,0,0,0,0,1,0,0,0,0,0,0,0,0,0,0,0,0,0,0,0,0,0,0,0,0,0,0,0,0,0,0,0,0,0,0,0,0,0,0,0,0,0,0,0,0,0,0,0,0,0
0,0,0,0,0,0,0,1,1,2,1,0,2,0,2,0,2,0,2,0,5,0,4,2,3,1,7,4,3,5,6,5,4,2,7,8,6,10,7,4,7,9,8,11,11,11,9,23,8,14,15,16,10,18,22,16,15,14,10,14,12,16,14,10,16,11,6,15,15,8,15,11,18,11,16,8,18,13,11,20,11,11,10,12,9,5,9,3,5,8,6,7,4,4,5,7,1,9,5,5,5,2,3,6,2,2,3,3,1,4,2,0,2,1,3,3,1,4,1,1,4,1,2,0,0,1,0,1,1,3,0,1,1,0,0,0,2,0,0,1,1,0,0,1,0,1,0,0,0,0,0,0,0,0,0,0,0,0,0,0,0,0,0,0,0,0,0,0,0,1,0,0,0,0,0,0,0,0,0,0,0,0,0,0,0,0,0,0,0,0,0,0,0,0,0,0,1,0,0,0
0,0,0,0,0,0,1,3,0,1,0,0,1,0,0,0,1,0,1,0,3,1,1,2,3,1,1,2,1,5,5,3,6,7,4,9,6,4,6,6,6,12,10,16,9,12,13,10,12,8,11,16,8,16,14,11,10,17,16,14,11,5,12,13,11,13,18,9,14,8,15,12,16,9,13,13,9,10,14,7,10,5,15,9,5,9,7,9,7,7,5,5,4,6,8,4,5,7,7,3,3,7,8,5,5,3,3,2,1,2,3,1,1,4,2,2,1,1,1,2,2,1,0,2,0,1,0,1,3,1,2,1,0,0,0,0,0,0,0,1,1,0,0,0,0,0,0,0,0,0,0,0,0,0,0,0,0,0,0,0,0,0,0,0,0,0,0,0,0,0,0,0,0,0,0,0,0,0,0,0,0,0,0,0,0,0,0,0,0,0,0,0,0,0,0,0,0,0,0,0
0,0,0,0,2,0,0,0,0,2,0,0,0,0,0,0,1,2,0,0,3,0,2,3,2,2,7,1,3,4,4,3,6,7,6,6,8,13,7,5,10,8,17,7,12,8,10,9,15,8,10,19,11,15,15,12,8,14,7,9,11,8,11,14,15,19,21,11,12,10,14,10,11,9,14,10,14,11,7,11,7,8,11,9,3,10,8,11,8,4,3,11,4,5,5,4,3,10,4,7,3,4,7,7,5,3,1,4,3,0,2,3,3,2,2,1,3,3,1,1,2,0,1,1,0,0,1,1,1,0,2,2,0,0,0,0,0,0,0,0,0,0,1,0,0,0,0,0,0,0,0,0,0,0,0,0,0,0,0,0,0,0,0,0,0,0,0,0,0,1,0,0,0,0,0,0,0,0,0,0,0,0,0,0,0,0,0,0,0,0,0,0,0,0,0,0,0,0,0,0
0,0,0,0,1,0,0,1,0,1,2,0,2,0,1,1,0,0,4,2,2,0,0,3,0,5,2,0,1,0,2,4,0,6,6,5,9,8,12,6,4,4,11,5,7,6,8,7,12,11,8,14,9,12,17,17,15,19,12,11,10,18,14,11,11,13,10,13,12,6,13,9,13,7,7,12,9,9,15,9,7,9,10,10,9,3,10,10,6,11,6,8,3,8,4,5,5,7,5,4,5,2,2,5,4,3,2,6,3,7,3,0,1,2,4,2,0,2,0,2,0,1,3,4,0,0,0,0,2,0,2,1,1,0,0,0,0,1,1,0,0,1,0,0,0,0,0,0,0,0,0,0,0,0,0,0,0,0,0,0,0,0,0,0,0,0,0,0,0,0,0,0,0,0,0,0,0,0,0,0,0,0,0,0,0,0,0,0,0,0,0,0,0,0,0,0,0,0,0,0
0,0,0,0,0,0,0,0,1,3,0,0,0,0,2,0,1,1,0,1,4,0,0,0,2,1,4,1,5,5,5,7,2,8,3,8,5,5,8,5,3,8,9,7,6,10,11,7,11,13,12,17,12,16,12,6,8,11,13,10,7,9,16,16,18,14,19,10,10,14,14,9,12,11,10,16,13,11,7,10,10,11,15,8,5,5,9,7,12,3,4,8,2,10,7,3,3,2,3,4,1,4,3,9,3,1,2,3,0,4,2,0,4,2,2,2,4,2,3,1,1,0,1,1,1,2,1,4,0,0,3,1,1,0,1,0,0,0,0,0,0,0,0,1,0,1,0,0,0,0,0,0,1,0,0,0,0,0,0,0,0,0,0,0,0,0,0,0,0,0,0,0,0,0,0,0,0,0,0,0,0,0,0,0,0,0,0,0,0,0,0,0,0,0,0,0,0,0,0,0
1,0,0,0,0,0,1,0,0,2,0,0,1,0,0,0,0,0,0,0,1,0,0,0,0,4,1,1,0,2,3,5,4,5,8,4,5,4,8,5,15,11,3,15,6,12,4,23,7,9,12,13,6,11,11,11,15,16,13,13,10,9,16,11,8,15,13,7,9,11,11,8,13,10,8,10,11,10,7,6,8,8,11,11,5,6,7,6,5,11,7,5,2,3,4,4,5,5,0,7,5,5,2,1,8,6,6,4,3,3,2,2,2,7,3,2,0,2,2,1,0,0,2,1,2,2,0,0,1,0,1,0,0,0,0,0,2,0,0,0,1,0,1,0,0,0,1,0,0,0,0,0,0,0,0,0,0,0,0,0,0,0,0,0,0,0,0,0,0,0,0,0,0,0,0,0,0,0,0,0,0,0,0,0,0,0,0,0,0,0,0,0,0,0,0,0,0,0,0,0
1,0,0,0,0,0,0,0,1,2,0,0,0,0,0,0,0,0,2,0,1,2,0,1,0,2,2,3,5,0,2,7,4,8,4,6,6,5,3,4,8,11,4,9,12,7,7,15,7,5,9,14,10,15,9,9,15,18,11,9,14,10,14,12,14,11,12,11,9,10,11,9,12,7,7,12,11,5,6,11,8,8,10,7,6,2,6,10,8,3,4,3,6,9,2,7,4,6,5,6,6,4,2,4,4,2,4,2,0,0,4,3,2,5,0,1,2,1,3,0,0,0,1,2,1,0,0,2,4,0,0,2,1,0,0,0,1,0,0,0,0,0,0,1,0,1,1,0,0,0,0,0,0,0,0,0,0,0,0,0,0,0,0,0,0,0,0,0,0,0,0,0,0,0,0,0,0,0,0,0,0,0,0,0,0,0,0,0,0,0,0,0,0,0,0,0,0,0,0,0
2,0,0,0,1,1,0,0,0,0,1,0,0,0,1,0,2,0,3,0,3,2,2,1,2,2,2,7,3,5,5,5,10,6,5,2,8,12,5,4,12,6,12,10,4,13,7,13,9,8,17,15,9,9,10,6,7,17,9,14,15,8,10,9,15,15,13,8,11,15,8,10,10,10,11,18,12,10,8,7,7,10,7,6,3,8,6,5,5,2,3,9,5,7,8,2,3,2,2,5,6,6,3,5,1,4,1,2,2,3,2,1,4,5,2,0,3,2,0,1,1,2,2,0,2,1,1,1,0,1,0,0,0,0,1,0,0,0,0,3,0,0,0,1,0,0,0,0,0,0,0,0,0,0,0,0,1,0,0,0,0,1,0,0,0,0,0,0,0,0,0,0,0,0,0,0,0,0,0,0,0,0,0,0,0,0,0,0,0,0,0,0,0,0,0,0,0,0,0,0
0,0,0,0,0,0,0,2,0,3,0,0,0,0,0,1,3,1,1,0,0,2,5,1,3,4,5,2,2,5,3,4,5,4,8,9,4,4,6,4,4,5,8,11,2,12,2,7,10,8,10,14,7,10,7,9,11,9,13,13,11,11,6,7,6,9,13,8,6,9,14,12,10,12,14,5,13,6,6,7,5,10,9,4,6,3,7,4,4,3,4,9,8,7,7,6,0,2,5,1,3,7,3,2,6,3,4,3,2,2,3,5,1,4,1,2,3,1,0,1,2,3,2,0,1,0,2,1,1,1,0,0,1,0,1,0,0,0,0,0,2,0,0,0,0,0,0,0,0,0,0,0,0,0,0,0,0,0,0,0,0,0,0,0,0,0,0,0,0,0,0,0,0,0,0,0,0,0,0,0,0,0,0,0,0,0,0,0,0,0,0,0,0,0,0,0,0,0,0,0
1,0,0,0,0,0,0,0,0,1,1,0,1,0,0,0,0,0,2,0,1,2,7,3,2,0,3,1,3,1,2,3,5,7,1,5,4,4,6,2,11,3,10,9,8,11,7,10,11,12,10,11,7,9,7,9,6,12,14,9,7,9,12,9,11,6,10,10,6,8,12,9,9,5,6,4,16,6,5,8,7,11,5,6,5,5,5,6,9,4,4,4,6,5,4,3,2,8,4,1,4,2,2,2,7,2,3,3,2,0,2,2,5,1,1,1,2,3,3,0,2,0,2,0,0,2,0,2,1,0,0,1,1,0,0,0,1,0,0,1,0,0,0,0,0,0,0,0,0,0,0,0,0,0,0,0,0,0,0,0,0,0,0,0,0,0,0,0,0,0,0,0,0,0,0,0,0,0,0,0,0,0,0,0,0,0,0,0,0,0,0,0,0,0,0,0,0,0,0,0
0,0,0,0,0,0,0,1,3,1,1,0,0,0,1,1,1,2,0,1,2,1,0,1,2,1,4,1,4,4,2,7,3,9,5,3,3,4,5,4,7,9,6,4,8,14,2,13,9,8,11,8,9,12,9,17,7,12,13,17,11,8,7,9,11,11,12,8,7,9,7,7,9,9,15,6,15,8,6,5,9,10,8,5,5,10,5,7,12,7,3,5,7,3,3,4,2,6,5,4,4,2,3,3,0,0,3,0,2,3,1,4,4,2,1,1,0,2,1,0,0,1,2,2,2,1,1,0,2,0,0,0,0,1,0,0,0,0,0,0,0,1,0,0,0,1,0,0,0,1,0,0,0,0,0,0,0,0,0,0,0,0,0,0,0,0,0,0,0,1,0,0,0,0,0,0,0,0,0,0,0,0,0,0,0,0,0,0,0,0,0,0,0,0,0,0,0,0,0,0
0,0,0,0,0,0,1,0,0,1,0,0,0,0,2,0,1,0,1,1,0,1,1,1,1,0,2,4,1,2,0,4,10,3,4,4,5,5,5,5,5,9,10,3,6,6,8,11,12,8,12,12,12,12,9,11,12,8,7,16,12,12,5,8,7,13,15,11,8,11,7,14,7,3,9,3,11,12,14,4,1,14,5,4,4,8,4,6,6,5,7,5,2,5,2,3,1,0,2,3,2,3,1,2,2,2,4,2,1,1,2,3,3,2,0,0,2,1,2,3,0,1,3,2,1,1,0,0,0,1,1,0,1,0,0,2,0,0,0,1,0,1,0,0,0,0,0,0,0,0,0,0,0,0,0,0,0,0,0,0,0,0,0,0,0,0,0,0,0,0,0,0,0,0,0,0,0,0,0,0,0,0,0,0,0,0,0,0,0,0,0,0,0,0,0,0,0,0,0,0
1,0,0,0,0,0,0,0,2,1,0,0,1,0,1,1,1,1,3,0,0,1,0,4,0,0,2,2,4,2,5,2,3,2,4,6,1,4,11,4,6,7,13,5,5,8,8,14,9,8,14,13,11,9,9,11,10,13,5,9,10,7,12,12,8,4,12,10,7,7,7,10,11,8,2,8,12,14,6,6,8,10,7,8,10,5,4,8,5,6,6,3,1,4,3,3,3,3,3,3,2,6,3,4,4,2,0,3,4,1,3,3,0,4,1,2,2,1,1,1,2,0,0,1,1,1,0,3,1,0,0,3,0,0,1,0,0,0,0,0,0,0,1,0,0,0,0,0,0,0,0,0,0,0,0,0,0,0,0,0,0,0,0,0,0,0,0,0,0,0,0,1,0,0,0,0,0,0,0,0,0,0,0,0,0,0,0,0,0,0,0,0,0,0,0,0,0,0,0,0
0,0,0,0,0,0,0,0,0,2,0,0,0,0,0,0,2,1,0,1,1,2,2,0,3,2,7,1,3,6,1,7,7,1,6,5,7,2,5,8,9,4,10,12,6,10,3,12,6,7,9,12,8,12,9,8,7,6,4,10,7,11,9,7,8,10,9,11,5,6,12,2,11,8,4,8,5,11,5,4,7,2,8,5,9,9,4,10,6,2,5,1,4,1,3,1,2,3,3,4,3,2,2,4,6,2,2,1,1,4,1,1,0,0,2,1,1,4,1,0,1,1,1,0,1,1,1,1,2,2,0,0,0,0,1,0,0,0,2,0,0,0,0,0,0,0,0,0,0,0,0,0,0,0,0,0,0,0,0,0,0,0,0,0,0,0,0,0,0,1,0,0,0,0,0,0,0,0,0,0,0,0,0,0,0,0,0,0,0,0,0,0,0,0,0,0,0,0,0,0
0,0,0,0,0,0,0,0,1,0,0,0,1,0,0,0,2,1,2,0,5,1,2,0,1,1,2,3,4,3,3,7,6,5,3,3,1,3,4,4,6,6,10,9,1,6,10,9,8,9,3,10,6,6,4,12,12,13,5,7,7,9,10,9,14,13,7,6,10,9,4,6,7,11,8,12,7,3,7,10,5,6,6,6,4,5,2,4,4,5,6,4,6,4,5,2,3,4,5,1,3,3,1,1,2,3,1,2,0,3,4,0,0,1,0,2,2,3,1,1,1,1,2,0,2,1,1,0,0,0,0,0,0,0,0,0,0,0,1,1,0,0,0,0,0,0,0,1,0,0,0,0,0,0,1,0,0,0,0,0,0,0,0,0,0,0,0,0,0,0,0,0,0,0,0,0,0,0,0,0,0,0,0,0,0,0,0,0,0,0,0,0,0,0,0,0,0,0,0,0
0,0,0,1,0,0,0,0,2,3,2,0,0,0,0,0,1,1,1,0,0,0,4,0,0,2,2,2,2,4,4,1,5,3,4,4,6,10,2,5,2,9,8,6,13,7,7,10,9,6,11,5,9,4,9,10,11,10,10,13,7,10,12,14,9,10,8,10,6,6,12,11,15,9,10,10,19,7,2,7,12,5,3,6,7,8,3,3,7,4,5,3,2,2,4,3,1,6,2,6,2,1,7,0,3,3,2,0,3,3,1,2,1,3,1,0,1,0,0,1,2,0,0,0,1,0,0,0,0,0,0,0,0,0,1,0,0,0,0,0,0,0,1,0,0,0,0,0,0,0,0,0,0,0,0,0,0,0,0,0,0,0,0,0,0,0,0,0,0,0,0,0,0,0,0,0,0,0,0,0,0,0,0,0,0,0,0,0,0,0,0,0,0,0,0,0,0,0,0,0
0,0,0,0,0,0,0,1,1,1,2,0,1,0,0,0,1,0,2,0,0,0,0,1,1,3,2,3,1,3,3,1,6,3,9,4,3,4,3,5,7,6,8,10,5,8,3,14,8,8,6,10,7,2,12,9,8,12,11,7,9,9,8,11,11,9,6,8,8,8,9,10,9,12,6,5,5,8,4,8,6,6,9,2,7,3,5,6,3,7,8,3,7,4,4,1,2,2,5,2,3,1,3,1,4,2,2,0,1,1,2,3,1,1,1,0,2,0,1,1,0,0,1,2,1,0,0,0,1,0,0,1,0,1,0,0,2,0,0,0,0,0,0,0,0,0,0,0,0,0,0,0,0,0,0,0,0,0,0,0,0,0,0,0,0,0,0,0,0,0,0,0,0,0,0,0,0,0,0,0,0,0,0,0,0,0,0,0,0,0,0,0,0,0,0,0,0,0,0,0
0,0,0,0,0,0,0,2,0,1,0,0,2,0,1,1,1,0,2,2,1,1,3,3,0,4,2,0,1,3,3,5,5,0,1,6,3,7,5,2,4,11,6,9,8,8,3,10,8,8,13,8,6,11,10,8,13,11,13,5,6,6,8,10,11,9,5,10,7,6,6,1,7,8,9,13,6,5,6,4,6,7,5,6,3,3,4,4,3,7,11,5,8,1,4,2,4,3,2,4,4,3,0,2,1,2,3,1,1,2,1,2,0,4,0,2,2,1,4,1,4,1,4,1,0,1,0,0,1,0,1,0,0,0,0,0,0,0,0,1,0,0,0,0,0,0,0,0,0,0,0,0,0,0,0,0,0,0,0,0,0,2,0,0,0,0,0,0,0,0,0,0,0,0,0,0,0,0,0,0,0,0,0,0,0,0,0,0,0,0,0,0,0,0,0,0,0,0,0,0
1,0,0,0,0,1,1,0,0,1,0,0,0,0,0,0,1,0,1,0,1,2,0,0,1,2,2,3,4,4,4,3,4,3,2,2,4,8,3,1,6,7,8,6,4,6,4,5,8,10,5,8,6,14,5,6,9,11,4,9,6,5,8,9,11,20,8,12,11,9,5,7,8,10,8,10,8,8,7,2,3,4,4,4,1,2,6,7,2,3,2,4,6,5,4,2,4,3,5,3,10,2,3,2,1,1,5,0,0,2,1,2,1,0,0,0,0,1,0,0,0,0,1,0,0,1,0,1,0,1,1,1,0,0,0,0,0,0,0,0,0,0,0,1,0,0,0,0,0,0,0,0,0,0,0,0,0,0,0,0,0,0,0,0,0,0,0,0,0,0,0,0,0,0,0,0,0,0,0,0,0,0,0,0,0,0,0,0,0,0,0,0,0,0,0,0,0,0,0,0
1,0,0,0,0,1,0,1,0,2,0,0,0,0,0,0,0,0,0,0,0,2,1,1,4,0,3,0,3,1,1,7,7,3,4,3,3,7,3,5,4,6,10,5,8,11,6,11,7,6,6,9,6,13,4,5,9,7,10,2,6,8,5,14,8,14,3,7,9,7,10,10,8,8,5,11,8,1,8,2,10,8,5,2,3,7,8,4,3,5,2,1,2,3,1,4,3,5,5,1,4,2,1,2,2,1,1,3,4,3,1,0,1,1,1,1,1,0,1,1,1,0,0,1,0,0,1,0,0,0,0,0,1,0,0,0,0,0,0,0,0,0,0,0,0,0,0,0,0,0,0,0,0,0,0,0,0,0,0,0,0,1,0,0,0,0,0,0,0,0,0,0,0,0,0,0,0,0,0,0,0,0,0,0,0,0,0,0,0,0,0,0,0,0,0,0,1,0,0,0
1,0,0,0,0,0,0,0,0,0,0,0,1,0,0,0,0,0,0,2,0,1,0,4,1,0,1,1,1,0,5,2,3,5,3,1,2,4,7,3,7,3,7,3,10,3,2,3,8,7,8,7,6,13,7,4,6,12,12,7,9,3,10,13,5,9,10,10,6,9,4,9,4,8,10,6,3,5,10,3,5,2,9,6,4,5,3,2,7,2,2,2,3,2,1,5,3,2,3,2,3,5,1,3,4,2,1,1,1,3,0,0,4,0,5,0,2,1,0,0,1,1,1,1,0,0,0,1,1,0,0,0,0,1,1,0,0,0,1,0,0,0,0,0,0,0,0,0,0,0,0,0,0,0,0,0,0,0,0,0,0,0,0,0,0,0,0,0,0,0,0,0,0,0,0,0,0,0,0,0,0,0,0,0,0,0,0,0,0,0,0,0,0,0,0,0,0,0,0,0
1,0,0,0,0,0,0,0,0,1,0,0,0,0,0,2,1,0,1,0,1,0,2,0,2,2,2,1,1,3,3,4,1,2,6,5,2,2,10,5,4,4,3,12,4,7,6,2,7,5,9,10,12,5,11,7,11,8,9,15,6,7,13,12,10,7,15,7,3,16,4,7,10,6,7,9,12,10,5,9,4,8,5,6,1,7,1,6,3,2,4,6,5,3,4,2,3,3,4,6,1,2,1,1,1,2,0,0,2,0,1,2,0,3,2,0,2,2,1,0,2,1,2,0,1,0,0,0,0,1,0,1,0,0,0,0,0,0,2,0,0,0,0,0,0,0,0,0,0,0,0,0,0,0,0,0,0,0,0,0,0,0,0,0,0,0,0,0,0,0,0,1,0,0,0,0,0,0,0,0,0,0,0,0,0,0,0,0,0,0,0,0,0,0,0,0,0,0,0,0
0,0,0,0,0,1,0,0,1,1,1,0,1,0,0,0,0,0,1,2,3,1,4,0,1,0,3,2,5,4,1,4,2,4,3,4,7,2,4,8,6,9,1,10,10,3,3,8,3,9,8,7,9,8,14,4,3,11,7,10,4,7,7,14,3,8,4,9,5,6,3,8,5,4,7,15,5,3,10,6,3,7,6,7,2,6,3,8,5,2,4,3,1,4,1,4,2,3,2,3,5,2,3,1,3,2,2,0,0,1,1,0,1,0,1,2,1,1,0,3,1,2,1,0,1,0,0,0,0,0,0,1,0,0,0,0,0,0,0,0,0,0,0,0,0,1,0,0,0,0,0,0,0,0,0,0,0,0,0,0,0,0,0,0,0,0,0,0,0,0,0,0,0,0,0,0,0,0,0,0,0,0,0,0,0,0,0,0,0,0,0,0,0,0,0,0,0,0,0,0
0,0,0,0,0,0,0,0,0,0,0,0,2,0,0,0,4,0,0,0,2,1,1,2,1,2,0,1,2,2,3,5,4,5,5,3,2,4,1,3,2,2,3,8,4,3,6,8,8,5,6,2,5,8,2,11,8,7,5,8,6,3,7,9,8,9,5,7,4,6,10,6,6,5,12,1,10,3,7,3,4,4,7,2,5,7,7,3,3,3,1,3,2,3,3,3,2,1,1,3,0,3,2,3,0,2,2,1,1,1,0,0,0,1,2,0,0,2,1,0,1,0,0,1,1,0,0,1,0,0,0,0,1,0,0,0,0,1,0,0,0,0,0,1,0,0,0,0,0,0,0,0,0,0,0,0,0,0,0,0,0,0,0,0,0,0,0,0,0,0,0,0,0,0,0,0,0,0,0,0,0,0,0,0,0,0,0,0,0,0,0,0,0,0,0,0,0,0,0,0
1,0,0,0,0,1,1,0,2,0,0,0,3,0,0,0,0,1,0,1,0,1,0,2,2,0,2,4,2,1,3,1,4,3,1,0,2,2,4,0,10,5,4,4,3,5,5,8,4,5,10,6,6,9,7,8,7,4,4,13,8,5,7,8,10,10,9,7,9,8,8,7,9,6,11,8,6,9,7,4,3,3,2,4,2,4,3,5,2,5,3,5,3,1,1,2,1,2,7,0,3,1,2,1,1,0,3,1,0,0,1,3,0,0,2,0,2,1,1,2,1,0,0,0,1,1,0,0,0,0,0,0,1,1,0,0,0,0,0,1,0,0,0,0,1,0,0,0,0,0,0,0,0,0,0,0,0,0,0,0,0,0,0,0,0,0,0,0,0,0,0,0,0,0,0,0,0,0,0,0,0,0,0,0,0,0,0,0,0,0,0,0,0,0,0,0,0,0,0,0
1,0,0,0,0,0,0,0,0,2,0,0,0,0,0,0,1,0,2,1,1,3,1,1,2,1,0,2,4,1,3,4,7,3,8,4,3,4,4,2,6,4,8,6,4,4,5,5,6,3,11,10,10,15,13,9,4,10,5,9,2,7,5,9,6,8,9,5,7,4,3,8,3,7,3,6,5,3,3,3,5,9,8,2,6,3,5,8,4,1,2,4,1,5,4,1,0,2,2,2,2,2,2,2,1,1,3,0,2,0,1,2,3,0,0,0,1,0,1,1,1,1,1,0,0,0,0,0,0,0,0,0,0,1,0,0,0,0,0,0,0,0,0,0,0,0,0,0,0,0,0,0,0,0,0,0,0,0,0,0,0,0,0,0,0,0,0,0,1,0,0,0,0,0,0,0,0,0,0,0,0,0,0,0,0,0,0,0,0,0,0,0,0,0,0,0,0,0,0,0
0,0,0,0,0,0,1,0,0,0,1,0,0,0,1,0,0,0,1,0,1,0,0,0,1,1,3,1,2,1,1,1,3,2,2,3,3,6,6,1,11,1,4,3,2,1,4,12,5,5,8,5,7,5,3,4,5,6,9,9,8,6,9,7,9,7,3,3,3,11,4,3,11,8,6,5,3,7,8,7,4,10,6,7,7,6,3,4,2,5,2,3,4,4,2,1,1,0,2,1,1,2,1,2,1,3,1,2,0,4,0,0,1,2,2,0,0,1,2,1,0,0,3,0,0,0,1,0,1,0,1,0,0,0,0,0,0,0,0,0,0,0,0,0,0,0,0,0,0,0,0,0,0,0,0,0,0,0,0,0,0,0,0,0,0,0,0,0,0,0,0,0,0,0,0,0,0,0,0,0,0,0,0,0,0,0,0,0,0,0,0,0,0,0,0,0,0,0,0,0
0,0,0,0,0,0,0,0,0,1,0,0,0,0,0,0,1,0,1,0,1,0,0,0,1,1,0,1,3,6,2,6,1,2,3,2,8,2,3,1,3,6,5,3,3,4,4,3,6,6,9,5,10,8,3,3,3,10,8,4,9,2,5,14,7,6,4,2,5,4,6,6,7,3,9,4,10,3,4,11,4,4,6,5,4,3,0,4,5,6,5,6,3,4,4,1,3,3,2,3,3,3,4,0,4,3,2,0,0,0,1,1,1,1,1,0,1,2,0,1,0,1,0,1,0,0,0,0,0,1,0,1,0,1,2,0,0,0,0,0,0,0,0,1,0,1,0,0,0,0,0,0,0,0,0,0,0,0,0,1,0,0,0,0,0,0,0,0,0,0,0,0,0,0,0,0,0,0,0,0,0,0,0,0,0,0,0,0,0,0,0,0,0,0,0,0,0,0,0,0
0,0,0,0,0,0,0,0,0,1,0,0,0,0,0,0,0,0,0,1,1,1,0,1,3,1,3,0,3,2,3,2,8,1,1,4,2,1,4,1,7,4,6,5,3,4,4,4,4,4,11,4,8,5,5,5,11,9,4,7,6,3,4,8,9,7,4,5,2,3,5,5,7,8,4,4,0,8,5,5,4,2,9,0,7,8,1,3,2,2,3,2,2,2,1,2,2,3,1,0,1,3,1,2,0,1,0,0,0,0,0,0,2,1,2,2,1,0,0,1,0,1,2,0,0,1,0,0,0,0,0,0,0,0,0,0,0,0,0,0,0,0,0,0,0,0,0,0,0,0,0,0,0,0,0,0,0,0,0,0,0,0,0,0,0,0,0,0,0,0,0,0,0,0,0,0,0,0,0,0,0,0,0,0,0,0,0,0,0,0,0,0,0,0,0,0,0,0,0,0
0,0,0,0,0,1,0,0,0,4,1,0,0,0,0,0,1,1,1,0,1,2,1,1,1,2,2,1,1,2,2,1,4,1,7,4,3,4,3,2,5,5,3,3,7,5,6,1,4,9,4,12,6,10,3,3,7,4,10,6,8,8,8,7,3,9,1,1,7,4,3,7,5,15,3,5,6,7,3,5,3,3,7,3,6,0,10,2,8,4,2,3,5,3,2,1,2,2,2,4,2,2,2,1,0,0,0,0,2,0,0,1,0,0,0,2,1,2,1,1,3,0,0,0,0,0,0,0,2,1,0,1,1,0,1,0,0,0,0,0,0,0,0,0,0,0,0,0,0,0,0,0,0,0,1,0,0,0,0,0,0,0,0,0,0,0,0,0,0,0,0,0,0,0,0,0,0,0,0,0,0,0,0,0,0,0,0,0,0,0,0,0,0,0,0,0,0,0,0,0
0,0,0,0,0,0,0,1,0,0,0,0,0,0,0,0,0,0,0,0,1,1,0,3,0,1,3,3,0,5,5,1,3,2,2,2,6,3,5,0,3,1,9,6,4,4,0,4,4,2,7,7,5,11,7,9,8,7,2,4,6,6,7,4,9,12,2,7,4,10,7,2,4,4,6,1,6,5,4,9,1,3,2,3,1,3,4,3,3,6,2,3,2,3,5,3,3,0,1,4,1,4,2,1,5,2,1,1,1,1,1,1,0,3,0,2,0,2,1,0,0,1,0,0,1,1,2,0,1,1,1,0,0,0,0,0,1,0,0,0,1,0,0,1,0,0,0,0,0,0,0,0,0,0,0,0,0,0,0,0,0,0,0,0,0,0,0,0,0,0,0,0,0,0,0,0,0,0,0,0,0,0,0,0,0,0,0,0,0,0,0,0,0,0,0,0,0,0,0,0
0,0,0,0,1,0,0,1,0,0,0,0,0,0,0,0,1,0,0,0,2,1,0,1,1,6,1,0,1,3,4,3,2,4,2,3,2,4,0,0,3,4,8,3,7,6,6,6,4,5,4,4,2,7,8,5,7,9,4,11,7,2,3,9,6,6,7,7,0,6,5,5,5,0,5,7,7,4,5,6,1,3,5,4,3,1,7,2,3,2,2,7,2,1,3,4,1,2,4,4,2,1,4,0,1,2,2,0,2,1,3,3,0,3,3,0,1,1,3,0,1,0,0,1,0,0,1,1,1,0,0,0,0,0,0,0,1,1,0,0,0,0,0,0,0,0,0,0,0,0,0,0,0,0,0,0,0,0,0,0,0,0,0,0,0,0,0,0,0,1,0,0,0,0,0,0,0,0,0,0,0,0,0,0,0,0,0,0,0,0,0,0,0,0,0,0,0,0,0,0
1,0,0,0,0,0,0,1,0,1,0,0,0,0,0,0,3,0,0,2,4,1,0,0,1,0,0,0,2,1,3,0,0,3,3,3,2,3,7,0,4,3,3,5,2,6,6,6,3,12,8,8,5,9,7,5,8,9,5,10,4,3,6,11,3,2,5,2,5,5,5,7,4,8,5,3,6,8,3,5,1,6,4,4,4,5,3,0,6,2,6,6,2,3,2,5,1,4,1,3,0,4,1,0,3,0,2,0,1,1,0,3,1,4,2,1,0,2,1,0,2,0,0,1,0,0,0,2,2,0,0,0,0,0,0,0,0,0,0,0,1,0,0,0,0,0,0,0,0,0,0,0,0,0,0,0,0,0,0,0,0,0,0,0,0,0,0,0,0,0,0,0,0,0,0,0,0,0,0,0,0,0,0,0,0,0,0,0,0,0,0,0,0,0,0,0,0,0,0,0
0,0,0,0,0,0,0,0,1,3,1,0,1,0,1,0,0,0,2,2,0,2,2,0,2,2,0,1,0,2,5,3,6,1,3,4,5,3,2,1,6,2,4,7,4,2,4,7,2,4,4,5,8,7,3,5,6,7,3,5,3,4,8,4,5,6,7,11,5,6,6,7,2,7,7,6,9,6,4,7,3,4,3,4,4,2,2,7,3,1,3,4,1,0,1,3,2,2,0,3,1,0,1,3,0,1,3,0,3,0,0,1,2,0,0,0,0,0,1,0,0,0,0,0,0,1,0,1,0,1,0,0,0,0,0,0,0,1,0,0,0,0,0,0,0,1,0,0,0,0,0,0,0,0,1,0,0,0,0,0,0,1,0,0,0,0,0,0,0,1,0,0,0,0,0,0,0,0,0,0,0,0,0,0,0,0,0,0,0,0,0,0,0,0,0,0,0,0,0,0
0,0,0,0,0,0,0,0,1,0,0,0,0,0,2,0,0,0,0,0,1,3,0,0,2,2,0,0,4,3,0,2,2,4,4,6,6,4,3,4,4,2,4,3,7,0,1,7,3,10,8,7,7,8,6,4,3,3,4,6,8,5,7,9,7,6,4,4,8,2,12,5,5,3,11,8,7,5,5,2,8,5,2,4,1,3,2,1,2,4,4,7,2,0,4,1,1,4,1,4,1,1,1,1,1,1,2,0,1,1,0,2,1,0,1,0,0,1,1,0,1,0,1,0,1,1,0,0,1,2,1,1,0,0,0,0,0,1,0,0,0,0,0,0,0,0,0,0,0,0,0,0,0,0,0,0,0,0,0,0,0,1,0,0,0,0,0,0,0,0,0,0,0,0,0,0,0,0,0,0,0,0,0,0,0,0,0,0,0,0,0,0,0,0,0,0,0,0,0,0
1,0,0,0,0,0,0,0,1,0,0,0,2,0,0,0,0,0,1,0,0,1,2,1,1,0,1,4,1,0,4,8,4,3,1,5,3,6,2,2,2,6,4,3,7,8,2,3,2,5,5,6,2,4,1,5,6,3,2,10,3,5,5,5,4,10,5,8,11,8,3,3,5,3,6,7,3,3,6,4,3,3,1,1,4,2,3,5,1,2,3,2,0,4,1,2,3,2,0,2,2,3,1,3,0,1,1,4,0,4,1,0,0,0,1,0,1,0,1,1,1,1,0,1,1,0,0,1,1,0,0,0,0,0,1,0,0,0,0,0,0,0,0,0,0,0,0,0,0,0,0,0,0,0,0,0,0,0,0,0,0,1,0,0,0,0,0,0,0,0,0,0,0,0,0,0,0,0,0,0,0,0,0,0,0,0,0,0,0,0,0,0,0,0,0,0,0,0,0,0
0,0,0,0,0,0,0,1,0,2,0,0,0,0,0,0,0,0,1,0,1,1,1,1,1,2,0,0,1,1,2,1,0,1,6,2,3,1,8,1,3,3,4,6,7,2,3,5,4,4,9,5,0,7,5,12,9,4,6,6,4,3,5,8,6,6,4,2,6,6,7,3,4,9,4,4,3,8,4,4,7,2,5,2,1,4,1,3,2,4,0,2,3,3,2,2,1,0,1,0,1,1,1,1,2,2,0,2,2,0,0,0,0,0,2,0,1,1,1,0,0,0,0,0,1,0,0,1,0,0,0,1,0,0,0,0,0,0,0,0,0,0,1,0,0,0,0,0,0,0,0,0,0,0,0,0,0,0,0,0,0,0,0,0,0,0,0,0,0,0,0,0,0,0,0,0,0,0,0,0,0,0,0,0,0,0,0,0,0,0,0,0,0,0,0,0,0,0,0,0
0,0,0,0,0,0,0,0,1,0,0,0,0,0,0,0,0,0,0,2,1,0,2,1,1,1,2,0,1,0,3,1,5,2,4,2,1,2,1,4,1,3,3,3,0,6,1,3,7,7,10,3,3,5,6,7,5,4,5,13,12,5,5,2,9,6,3,8,3,4,4,3,7,1,3,2,9,7,4,1,3,1,4,4,1,0,6,3,1,1,8,1,2,3,1,3,2,1,4,2,0,1,3,1,2,0,0,1,1,4,3,0,0,1,1,1,0,0,2,1,1,0,0,2,0,0,0,0,0,2,1,0,0,0,0,0,0,1,0,0,0,0,0,0,0,0,0,0,0,0,0,0,0,0,0,0,0,0,0,0,0,0,0,0,0,0,0,0,0,0,0,0,0,0,0,0,0,0,0,0,0,0,0,0,0,0,0,0,0,0,0,0,0,0,0,0,0,0,0,0
0,0,0,0,0,0,0,0,0,2,1,0,1,0,0,1,0,0,1,0,2,0,0,0,0,1,0,1,3,0,3,0,3,2,5,5,0,1,6,1,4,2,4,6,7,3,2,6,2,7,0,8,5,3,4,7,2,8,4,5,3,2,2,9,7,7,6,6,5,7,2,5,9,5,7,5,6,2,8,6,2,3,3,7,3,2,2,4,1,1,2,4,4,3,2,5,2,1,0,0,0,0,1,2,2,0,1,1,1,0,0,0,1,1,0,0,0,1,0,0,0,0,2,1,0,0,0,0,1,1,1,0,0,0,1,0,0,0,0,1,1,0,0,0,0,0,0,0,0,0,0,0,0,0,0,0,0,0,0,0,0,0,0,0,0,0,0,0,0,0,0,0,0,0,0,0,0,0,0,0,0,0,0,0,0,0,0,0,0,0,0,0,0,0,0,0,0,0,0,0
1,0,0,0,0,0,0,0,0,0,0,0,0,0,1,0,0,0,0,1,2,0,0,0,2,0,1,0,2,1,3,3,5,2,2,4,1,1,6,0,1,0,10,4,3,6,5,7,1,7,3,5,5,7,4,9,10,7,4,6,5,1,6,10,6,8,3,6,5,8,3,1,3,5,1,3,0,4,2,5,3,3,1,3,1,1,2,3,5,5,2,2,2,4,1,1,2,3,1,0,0,2,2,1,2,0,2,1,0,1,0,1,0,0,0,1,2,0,1,0,1,0,0,1,0,1,1,1,1,0,0,0,1,0,0,0,1,0,0,0,0,0,0,0,0,0,0,0,0,0,0,0,0,0,0,0,0,0,0,0,0,0,0,0,0,0,0,0,0,0,0,0,0,0,0,0,0,0,0,0,0,0,0,0,0,0,0,0,0,0,0,0,0,0,0,0,0,0,0,0
0,0,0,0,0,0,0,0,0,1,0,0,0,0,0,0,0,0,1,0,0,0,0,1,3,2,0,0,2,1,3,2,3,1,2,4,4,3,6,1,1,4,5,2,0,1,5,8,2,7,7,7,6,3,8,2,4,4,5,4,8,2,7,8,6,4,2,3,5,5,2,6,3,1,4,3,2,4,6,5,1,1,3,4,3,2,0,3,1,3,1,0,2,2,3,4,0,3,0,1,0,1,0,1,2,0,0,3,0,1,1,1,0,2,0,2,1,0,1,0,0,1,0,0,0,1,0,1,0,0,0,0,0,0,1,0,0,0,0,0,0,0,0,0,0,0,0,0,0,0,0,0,0,0,0,0,0,0,0,0,0,0,0,0,0,0,0,0,0,0,0,0,0,0,0,0,0,0,0,0,0,0,0,0,0,0,0,0,0,0,0,0,0,0,0,0,0,0,0,0
0,0,0,0,0,0,1,0,0,2,1,0,0,0,0,0,0,1,1,1,1,1,0,0,0,1,0,0,1,0,1,3,4,1,1,4,4,6,2,0,7,1,3,4,1,7,5,3,1,4,3,5,0,9,6,5,2,4,6,7,6,3,6,4,4,6,7,4,9,4,2,4,5,7,4,6,3,2,6,3,5,4,3,2,5,0,3,4,4,2,1,1,1,2,1,1,0,2,1,0,3,4,0,1,1,0,1,0,0,0,0,1,1,3,0,0,0,1,1,0,0,0,1,0,0,0,0,0,0,1,0,0,0,0,1,0,0,0,0,0,0,0,1,1,0,0,1,0,0,1,0,0,0,0,0,0,0,0,0,0,0,1,0,0,0,0,0,0,0,0,0,0,0,0,0,0,0,0,0,0,0,0,0,0,0,0,0,0,0,0,0,0,0,0,0,0,1,0,0,0
0,0,0,0,0,0,0,0,0,1,0,0,0,0,0,0,0,0,0,1,0,1,0,0,1,0,2,1,3,0,0,1,3,1,1,1,3,4,4,1,4,2,1,6,2,3,4,6,3,9,4,5,3,1,5,6,3,9,3,3,9,2,1,3,4,5,5,5,8,7,3,4,6,10,1,5,6,3,3,3,1,2,1,1,4,4,1,3,3,3,0,2,2,0,2,1,1,2,2,1,0,0,2,3,0,1,1,0,1,0,0,1,0,2,1,0,0,1,0,1,1,0,1,1,0,0,0,0,0,0,0,0,0,0,2,0,0,0,0,0,0,0,0,0,0,0,0,0,0,0,0,0,0,0,0,0,0,0,0,0,0,0,0,0,0,0,0,0,0,1,0,0,0,0,0,0,0,0,0,0,0,0,0,0,0,0,0,0,0,0,0,0,0,0,0,0,0,0,0,0
0,0,0,0,0,1,0,0,0,1,1,0,0,0,0,0,0,0,0,0,1,2,0,0,0,0,1,2,2,1,1,0,3,2,5,3,0,0,4,2,0,4,5,2,3,4,1,2,4,8,7,9,4,3,5,7,5,7,1,7,1,8,4,2,6,9,2,5,2,8,3,4,4,8,1,7,1,4,4,1,1,2,2,5,4,2,1,0,3,1,1,4,1,1,2,0,2,5,2,0,0,2,2,1,0,1,0,2,1,1,0,0,2,1,1,1,0,1,0,0,0,0,0,0,0,0,0,0,1,0,1,0,0,0,0,0,0,0,0,0,0,0,0,0,0,0,0,0,0,0,0,0,0,0,0,0,0,0,0,0,0,0,0,0,0,0,0,0,0,0,0,0,0,0,0,0,0,0,0,0,0,0,0,0,0,0,0,0,0,0,0,0,0,0,0,0,0,0,0,0
0,0,0,0,0,0,0,0,0,1,0,0,0,0,1,0,1,0,2,2,0,1,0,0,0,0,2,0,1,0,5,1,2,2,1,3,0,3,2,0,2,2,3,5,2,1,4,3,5,4,7,3,4,6,7,6,4,3,7,3,4,1,4,4,3,7,2,6,2,1,3,4,3,8,1,6,2,2,4,1,3,3,3,3,4,3,1,1,4,0,2,7,2,2,2,5,2,1,1,0,2,1,1,3,1,0,1,0,1,1,0,0,1,0,0,0,2,0,0,0,0,0,0,1,0,0,1,0,0,0,0,0,0,0,0,0,0,0,0,0,0,0,0,0,0,0,0,0,0,0,0,0,0,0,0,0,0,0,0,0,0,0,0,0,0,0,0,0,0,0,0,0,0,0,0,0,0,0,0,0,0,0,0,0,0,0,0,0,0,0,0,0,0,0,0,0,0,0,0,0
0,0,0,0,0,1,0,1,0,0,0,0,2,0,0,0,0,1,1,0,0,0,1,2,0,1,1,0,1,2,1,2,1,0,2,5,1,3,2,1,4,4,5,6,3,6,4,6,4,2,5,5,2,4,6,7,5,3,2,9,5,2,8,2,2,6,4,5,7,4,6,5,4,0,4,4,1,2,4,4,3,10,3,1,1,0,3,2,2,2,4,3,1,5,0,2,1,2,1,2,0,1,0,2,0,0,1,0,0,0,1,0,1,1,3,0,1,1,0,2,0,0,1,0,0,0,0,0,0,0,0,0,0,0,0,0,1,0,1,0,0,0,0,0,0,0,0,0,0,0,0,0,0,1,0,0,0,0,0,0,0,0,0,0,0,0,0,0,0,0,0,0,0,0,0,0,0,0,0,0,0,0,0,0,0,0,0,0,0,0,0,0,0,0,0,0,0,0,0,0
0,0,0,0,0,0,0,0,1,1,1,0,1,0,0,0,0,0,0,1,0,1,0,1,0,1,1,1,0,0,0,1,2,1,3,0,2,1,4,1,2,3,2,4,1,1,4,6,0,2,5,2,1,5,3,4,8,7,3,3,4,5,7,5,3,8,2,3,2,1,2,3,7,3,2,3,5,4,1,1,1,3,4,1,1,2,2,2,4,1,1,3,4,1,2,3,0,0,1,0,1,3,2,1,0,0,0,0,0,1,2,2,0,0,1,0,0,0,0,2,2,0,1,1,0,0,0,0,1,0,0,1,0,0,0,0,0,0,0,0,1,0,0,0,0,0,0,0,0,0,0,0,0,0,1,0,0,0,0,0,0,0,0,0,0,0,0,0,0,0,0,0,0,0,0,0,0,0,0,0,0,0,0,0,0,0,0,0,0,0,0,0,0,0,0,0,0,0,0,0
0,0,0,0,0,0,0,1,0,1,0,0,0,0,1,0,0,0,0,0,1,1,0,0,0,1,2,1,2,1,1,3,3,3,2,2,2,6,0,1,2,5,2,7,7,4,5,3,2,1,1,5,2,6,2,5,8,5,7,4,2,1,3,2,3,6,5,1,6,4,3,4,3,1,4,2,2,3,2,3,7,3,4,1,0,2,4,0,2,1,1,0,0,1,3,2,1,3,1,1,1,0,3,0,1,0,0,0,1,0,1,0,1,2,0,0,1,0,1,0,0,0,0,0,0,1,1,0,1,0,0,1,0,0,0,0,0,0,1,0,0,0,0,0,0,0,0,0,0,0,0,0,0,0,0,0,0,0,0,0,0,0,0,0,0,0,0,0,0,0,0,0,0,0,0,0,0,0,0,0,0,0,0,0,0,0,0,0,0,0,0,0,0,0,0,0,0,0,0,0
0,0,0,0,0,0,0,0,0,0,0,0,0,0,0,0,1,0,0,0,1,1,0,1,2,1,1,0,3,1,0,1,1,1,0,5,4,4,3,1,3,6,5,3,3,7,0,3,1,6,7,3,0,4,3,5,3,5,5,4,2,3,7,1,6,1,5,4,5,1,7,5,1,7,4,3,4,4,3,4,2,2,3,2,1,4,3,3,4,0,3,2,2,1,3,2,1,3,0,2,2,2,0,0,1,2,0,1,0,0,1,0,0,0,0,0,0,1,1,0,0,0,0,0,0,0,0,0,0,0,0,0,0,0,0,0,0,0,0,0,0,0,0,1,0,0,0,0,0,0,0,0,0,0,0,0,0,0,0,0,0,0,0,0,0,0,0,0,0,0,0,0,0,0,0,0,0,0,0,0,0,0,0,0,0,0,0,0,0,0,0,0,0,0,0,0,0,0,0,0
0,0,0,0,0,0,0,0,0,1,0,0,0,0,0,0,1,0,0,0,0,0,0,0,0,1,0,0,2,2,1,1,1,1,1,1,1,2,1,3,2,3,3,5,5,5,2,6,3,3,3,6,4,3,0,2,3,4,1,9,4,4,3,5,1,7,4,4,4,2,3,3,5,5,3,4,2,3,0,2,3,3,2,2,0,1,1,2,0,1,0,3,2,1,4,2,1,0,0,2,2,2,0,0,0,1,0,0,0,1,0,0,1,0,1,1,0,2,0,0,0,0,0,0,0,0,0,0,1,0,0,0,0,0,1,0,0,1,0,0,0,0,0,0,0,0,0,0,0,0,0,0,0,0,0,0,0,0,0,0,0,0,0,0,0,0,0,0,0,0,0,0,0,0,0,0,1,0,0,0,0,0,0,0,0,0,0,0,0,0,0,0,0,0,0,0,0,0,0,0
0,0,0,0,0,0,0,1,1,0,1,0,1,0,0,0,1,0,0,0,0,0,0,0,1,1,0,0,1,1,0,3,1,0,2,2,1,2,2,1,1,0,4,1,1,2,1,2,0,2,3,3,3,2,5,3,6,5,1,1,5,2,2,3,9,4,3,4,0,1,6,3,2,2,3,2,3,2,0,3,4,1,2,4,1,2,2,4,5,2,1,2,0,2,0,0,0,1,1,2,3,0,2,0,0,1,2,0,0,0,0,0,1,1,0,0,0,0,0,0,0,0,0,0,1,0,0,2,0,0,0,1,0,0,0,0,0,0,0,0,0,0,0,0,0,0,0,0,0,0,0,0,0,0,0,0,0,0,0,0,0,0,0,0,0,0,0,0,0,0,0,0,0,0,0,0,0,0,0,0,0,0,0,0,0,0,0,0,0,0,0,0,0,0,0,0,0,0,0,0
0,0,0,0,0,0,0,0,0,0,0,0,0,0,0,0,0,0,0,0,0,0,0,1,0,0,2,0,0,1,1,1,4,0,1,1,5,1,2,1,2,0,1,4,3,4,1,2,4,3,4,5,3,1,5,5,4,5,2,3,3,1,7,8,3,3,0,5,1,3,1,1,2,3,5,0,3,4,5,2,2,5,0,3,2,2,0,2,4,1,1,0,1,1,5,2,1,0,1,0,1,1,2,3,0,0,1,2,1,1,1,0,1,1,1,1,0,1,1,0,0,0,0,1,0,0,0,0,0,1,0,0,0,0,2,0,1,0,0,0,0,0,0,0,0,0,0,0,0,0,0,0,0,0,0,0,0,0,0,0,0,0,0,0,0,0,0,0,0,0,0,0,0,0,0,0,0,0,0,0,0,0,0,0,0,0,0,0,0,0,0,0,0,0,0,0,0,0,0,0
0,0,0,0,0,0,0,0,0,1,0,0,1,0,0,0,0,0,1,0,2,1,0,0,1,0,3,0,2,1,0,2,1,0,2,1,3,2,0,3,3,2,1,4,1,2,2,4,0,5,2,5,2,1,3,3,2,5,2,1,2,2,1,4,2,1,6,5,4,2,6,4,2,0,4,2,2,3,4,1,5,1,4,2,4,1,0,3,0,1,1,1,4,0,0,0,2,4,0,1,0,3,0,3,0,1,1,1,0,2,0,0,0,1,1,0,0,1,1,0,0,0,0,0,0,0,0,0,0,0,0,0,0,0,1,0,0,0,0,1,0,0,0,0,0,0,0,0,0,0,0,0,0,0,0,0,1,0,0,0,0,0,0,0,0,0,0,0,0,0,0,0,0,0,0,0,0,0,0,0,0,0,0,0,0,0,0,0,0,0,0,0,0,0,0,0,0,0,0,0
0,0,0,0,0,0,0,1,0,0,0,0,0,0,0,1,0,0,1,0,3,1,1,1,1,0,0,0,0,1,2,1,1,0,0,0,3,2,6,1,2,3,3,3,3,4,3,4,3,3,5,6,1,1,4,5,2,3,2,6,3,3,4,2,1,4,3,1,1,5,2,4,6,4,3,1,1,2,2,1,1,2,3,2,0,0,2,1,0,1,3,1,3,0,1,1,0,1,2,0,1,1,1,0,1,0,0,0,0,1,2,0,0,1,0,0,0,0,1,0,0,0,1,1,0,0,0,0,0,0,0,1,0,0,0,0,0,0,0,0,0,0,0,0,0,0,0,0,0,0,0,0,0,0,0,0,0,0,0,0,0,0,0,0,0,0,0,0,0,0,0,0,0,0,0,0,1,0,0,0,0,0,0,0,0,0,0,0,0,0,0,0,0,0,0,0,0,0,0,0
0,0,0,0,0,1,0,0,0,2,0,0,0,0,0,0,0,0,0,0,1,0,0,0,2,2,2,3,1,1,0,0,0,0,3,2,1,4,2,1,4,3,4,1,3,4,0,5,1,0,1,2,3,4,6,3,5,8,1,3,9,1,1,4,4,9,2,1,4,2,2,1,2,5,2,5,1,4,5,3,4,1,1,2,3,1,4,0,5,1,1,4,3,1,0,0,0,1,1,1,0,0,0,1,0,2,0,0,0,1,0,2,0,2,0,0,0,0,0,0,0,1,0,0,0,1,0,0,0,0,0,1,0,0,0,0,0,0,0,0,0,1,0,0,0,0,0,0,0,0,0,0,0,0,0,0,0,0,0,0,0,0,0,0,0,0,0,0,0,0,0,0,0,0,0,0,0,0,0,0,0,0,0,0,0,0,0,0,0,0,0,0,0,0,0,0,0,0,0,0
0,0,0,0,0,0,0,0,1,0,0,0,2,0,0,0,1,0,0,0,0,1,0,1,1,0,2,2,0,2,0,1,3,3,2,2,2,2,0,0,1,3,3,4,3,4,2,2,2,6,5,7,2,1,7,9,3,2,3,1,0,2,3,3,9,5,3,1,6,1,1,4,3,3,3,6,1,1,1,2,0,1,1,1,1,2,5,0,1,2,2,3,0,3,2,1,2,2,1,1,1,1,1,1,0,1,1,0,0,1,1,0,1,0,0,0,0,0,0,0,0,0,1,1,0,0,0,0,0,0,0,0,0,0,0,0,0,0,0,0,0,0,0,1,0,0,0,0,0,0,0,1,0,0,0,0,0,0,0,0,0,0,0,0,0,0,0,0,0,0,0,0,0,0,0,0,0,0,0,0,0,0,0,0,0,0,0,0,0,0,0,0,0,0,0,0,0,0,0,0
0,0,0,0,0,0,0,1,1,1,0,0,0,0,0,0,0,1,0,0,0,0,0,2,0,1,0,1,0,1,2,4,1,1,0,3,0,1,4,2,0,1,2,1,1,2,0,2,2,3,4,4,3,3,7,0,8,4,2,3,1,0,3,7,4,4,4,2,2,7,1,1,3,3,1,4,5,3,3,1,1,3,2,2,1,2,1,2,4,2,0,3,1,0,1,3,0,1,1,0,2,1,0,0,0,0,0,1,1,0,0,2,0,1,0,1,0,0,0,0,0,0,1,0,0,0,0,0,0,0,0,0,0,0,0,0,0,0,0,0,0,0,0,0,0,0,0,0,0,0,0,0,0,0,0,0,0,0,0,0,0,0,0,0,0,0,0,0,0,0,0,0,0,0,0,0,0,0,0,0,0,0,0,0,0,0,0,0,0,0,0,0,0,0,0,0,0,0,0,0
0,0,0,0,0,0,0,0,0,0,0,0,0,0,0,0,1,0,0,0,0,0,0,1,0,1,0,1,1,0,2,1,3,2,4,0,1,2,0,1,1,1,7,2,0,3,0,0,3,4,4,5,4,1,1,3,3,6,3,4,2,2,3,1,2,2,3,3,3,1,3,4,1,5,4,5,4,3,3,3,3,5,6,0,2,1,2,5,2,1,2,3,1,1,1,1,0,2,2,1,0,0,0,1,0,1,0,1,1,0,0,0,0,1,0,2,1,0,0,0,0,0,0,2,0,0,0,1,0,0,0,0,0,0,0,0,0,0,0,1,1,0,0,0,0,0,0,0,0,0,0,0,0,0,0,0,0,0,0,0,0,0,0,0,0,0,0,0,0,0,0,0,0,0,0,0,0,0,0,0,0,0,0,0,0,0,0,0,0,0,0,0,0,0,0,0,0,0,0,0
0,0,0,0,0,0,0,0,0,1,0,0,0,0,1,0,0,0,0,0,1,1,0,0,1,2,0,0,0,0,1,0,1,0,2,2,1,2,2,1,2,0,2,2,4,3,7,5,3,2,4,3,2,3,2,3,2,2,2,4,4,2,4,0,1,6,4,2,2,3,3,3,4,5,1,1,2,2,2,2,1,1,0,1,1,0,0,5,1,1,0,0,0,1,2,1,1,0,0,2,1,1,2,2,0,1,2,0,0,1,0,1,0,0,0,0,0,0,0,0,0,0,0,0,0,1,0,0,0,0,1,0,0,0,1,0,1,0,0,0,0,0,1,1,0,0,0,0,0,0,0,0,0,0,0,0,0,0,0,0,0,0,0,0,0,0,0,0,0,0,0,0,0,0,0,0,0,0,0,0,0,0,0,0,0,0,0,0,0,0,0,0,0,0,0,0,0,0,0,0
0,0,0,0,0,0,0,0,0,1,0,0,0,0,0,0,2,0,1,0,0,0,0,1,0,0,3,1,0,0,1,2,4,1,2,2,0,3,1,0,1,2,2,2,0,2,1,2,1,2,4,7,2,3,7,4,4,2,3,9,3,1,6,4,0,2,1,5,1,5,0,4,2,3,3,2,3,2,0,1,2,1,0,2,2,2,1,0,2,4,0,1,2,0,0,2,1,2,0,0,1,1,0,0,1,1,0,0,0,0,0,0,0,1,1,0,0,0,0,0,0,0,3,0,0,0,0,0,0,2,0,0,0,0,0,0,0,0,0,0,0,0,0,0,0,0,0,0,0,0,0,0,0,0,0,0,0,0,0,0,0,0,0,0,0,0,0,0,0,0,0,0,0,0,0,0,0,0,0,0,0,0,0,0,0,0,0,0,0,0,0,0,0,0,0,0,0,0,0,0
0,0,0,0,0,0,0,0,1,1,0,0,0,0,0,0,0,0,2,1,0,1,0,1,1,1,1,0,0,1,1,3,2,2,2,1,2,3,2,0,3,1,3,2,2,2,2,4,0,5,4,7,1,1,3,3,3,3,3,3,1,5,2,3,5,1,2,3,4,5,5,0,1,3,4,3,3,6,3,0,0,1,0,4,0,1,3,2,1,2,0,0,1,0,4,1,2,1,0,0,0,0,0,0,1,0,0,0,0,1,0,0,0,1,0,1,1,1,0,0,1,0,0,0,0,1,1,0,0,0,0,0,0,0,0,0,0,0,0,0,0,0,0,0,0,0,0,0,0,0,0,0,0,0,0,0,0,0,0,0,0,0,0,0,0,0,0,0,0,0,0,0,0,0,0,0,0,0,0,0,0,0,0,0,0,0,0,0,0,0,0,0,0,0,0,0,0,0,0,0
1,0,0,0,0,0,0,0,0,0,0,0,0,0,0,0,0,0,0,0,0,2,1,0,0,0,1,1,0,0,1,0,2,1,1,1,0,2,1,1,3,4,5,1,1,0,0,2,0,2,2,1,3,2,1,2,2,3,2,2,1,0,2,1,1,3,2,4,2,3,3,2,2,2,4,1,3,4,1,3,1,1,1,5,3,1,2,2,2,0,0,2,1,3,0,1,0,0,1,1,1,0,0,1,1,0,0,0,0,1,0,0,0,0,0,1,1,1,0,1,0,0,1,0,0,0,0,0,0,0,0,0,0,0,0,0,0,0,0,0,0,0,0,0,0,0,0,0,0,0,0,0,0,0,0,0,0,0,0,0,0,0,0,0,0,0,0,0,0,0,0,0,0,0,0,0,0,0,0,0,0,0,0,0,0,0,0,0,0,0,0,0,0,0,0,0,0,0,0,0
0,0,0,0,0,0,0,0,0,0,0,0,0,0,0,0,0,0,0,0,1,1,1,0,0,1,0,0,2,2,1,2,0,1,3,3,0,3,1,3,2,1,0,3,3,3,2,3,3,2,5,9,3,5,2,2,1,1,3,1,3,1,3,1,3,2,1,5,1,4,3,5,3,0,3,3,3,2,1,1,2,1,2,1,1,1,0,0,0,4,1,0,0,0,0,2,0,2,0,2,1,0,0,0,1,0,1,0,1,0,2,0,1,0,0,0,1,1,0,0,0,1,0,0,0,0,0,0,0,1,0,0,0,0,0,0,0,0,0,0,0,0,0,0,0,0,0,0,0,0,0,0,0,0,0,0,0,0,0,0,0,0,0,0,0,0,0,0,0,0,0,0,0,0,0,0,0,0,0,0,0,0,0,0,0,0,0,0,0,0,0,0,0,0,0,0,0,0,0,0
0,0,0,0,0,0,0,0,0,0,0,0,0,0,0,0,0,0,0,0,0,0,0,0,0,0,3,1,1,1,2,0,1,1,0,0,3,1,2,1,3,0,1,5,2,2,3,4,0,5,4,2,1,2,2,3,6,3,3,4,5,1,3,5,2,2,4,2,4,4,3,5,1,5,2,3,5,3,2,1,1,3,1,1,1,1,2,3,1,1,1,2,1,1,1,2,0,3,1,0,1,2,0,0,0,1,1,0,0,2,0,0,1,1,0,0,0,0,1,0,0,1,0,0,1,0,0,0,0,0,0,0,0,0,0,0,0,1,1,0,0,0,0,0,0,0,0,0,0,0,0,0,0,0,0,0,0,0,0,0,0,0,0,0,0,0,0,0,0,0,0,0,0,0,0,0,0,0,0,0,0,0,0,0,0,0,0,0,0,0,0,0,0,0,0,0,0,0,0,0
0,0,0,0,0,0,0,0,0,1,0,0,1,0,0,0,0,0,0,0,0,0,0,1,2,1,0,0,0,0,1,1,1,0,1,1,1,3,0,1,0,2,3,1,6,1,1,0,3,1,1,5,1,2,0,1,1,3,3,1,4,3,4,2,4,2,4,4,3,0,3,1,4,1,1,1,1,1,2,2,1,2,0,2,0,1,2,1,1,2,1,1,0,1,2,1,0,0,0,0,1,0,2,0,0,0,0,0,0,1,1,0,0,0,0,0,1,0,1,0,1,1,0,0,0,0,0,1,0,1,0,1,0,0,1,0,0,0,0,0,0,0,0,0,0,0,0,0,0,0,0,0,0,0,0,0,0,0,0,0,0,0,0,0,0,0,0,0,0,0,0,0,0,0,0,0,0,0,0,0,0,0,0,0,0,0,0,0,0,0,0,0,0,0,0,0,0,0,0,0
0,0,0,0,0,0,0,0,0,0,0,0,0,0,0,0,0,0,0,0,1,1,1,0,0,0,1,0,0,0,0,1,1,1,1,2,1,1,1,2,2,1,3,1,2,0,3,4,5,3,2,1,1,0,3,1,4,1,6,3,0,2,9,2,5,4,3,1,4,2,3,1,2,2,1,5,2,1,2,2,0,1,4,1,1,2,0,2,0,0,0,1,0,1,0,1,3,1,1,1,2,0,0,0,1,1,1,0,0,0,2,1,0,0,0,0,0,0,0,0,0,0,1,0,0,0,0,0,0,0,0,0,0,0,0,0,0,0,0,0,0,0,0,0,0,0,0,0,0,0,0,0,0,0,0,0,0,0,0,0,0,0,0,0,0,0,0,0,0,0,0,0,0,0,0,0,1,0,0,0,0,0,0,0,0,0,0,0,0,0,0,0,0,0,0,0,0,0,0,0
0,0,0,0,0,0,0,0,0,2,0,0,0,0,0,1,0,0,0,1,1,1,0,0,0,1,1,1,1,0,2,0,1,0,1,0,0,0,1,1,0,1,0,0,1,1,1,7,0,2,4,5,1,2,2,6,5,3,1,6,1,1,1,2,3,6,3,3,2,3,3,4,1,2,1,2,2,2,4,1,3,0,2,7,1,1,1,0,4,2,1,3,1,2,0,2,1,1,0,2,1,1,0,0,0,0,0,0,0,0,0,0,0,0,0,0,0,0,0,0,1,0,0,0,0,0,0,0,0,0,0,0,0,0,0,0,0,0,1,0,0,0,0,0,0,0,0,0,0,0,0,0,0,0,0,0,0,0,0,0,0,0,0,0,0,0,0,0,0,0,0,0,0,0,0,0,0,0,0,0,0,0,0,0,0,0,0,0,0,0,0,0,0,0,0,0,0,0,0,0
0,0,0,0,0,0,0,0,0,1,0,0,0,0,0,0,0,0,0,0,0,0,0,1,0,0,0,2,0,0,5,1,2,0,4,0,0,1,1,0,2,4,2,6,2,2,3,3,1,2,0,2,0,3,2,1,1,5,2,3,1,2,4,0,1,2,2,4,1,2,3,1,7,2,2,1,3,1,1,2,4,2,0,0,0,2,2,2,1,2,0,1,1,1,0,1,0,1,2,0,1,1,1,0,0,0,0,1,0,1,1,0,0,0,1,0,0,0,0,1,0,0,0,0,0,1,0,0,0,1,0,0,0,0,0,0,0,0,0,0,0,0,0,0,0,0,0,0,0,0,0,0,0,0,0,0,0,0,0,0,0,0,0,0,0,0,0,0,0,0,0,0,0,0,0,0,0,0,0,0,0,0,0,0,0,0,0,0,0,0,0,0,0,0,0,0,0,0,0,0
0,0,0,0,0,0,0,0,1,0,0,0,0,0,0,0,0,0,1,0,0,0,0,0,0,1,0,0,1,1,1,1,1,2,0,1,0,2,3,0,3,2,1,1,1,2,2,4,4,1,1,4,1,0,5,1,3,3,2,5,2,1,1,2,2,3,4,2,3,3,2,3,1,1,2,4,3,4,2,0,0,1,2,2,1,2,1,1,1,1,1,1,1,2,0,0,0,0,1,0,1,1,0,1,0,0,0,0,0,0,0,0,0,0,1,2,1,1,0,0,0,0,0,0,0,1,0,0,0,0,0,0,0,0,0,0,0,0,0,0,0,0,0,0,0,0,0,0,0,0,0,0,0,0,0,0,0,0,0,0,0,0,0,0,0,0,0,0,0,0,0,0,0,0,0,0,0,0,0,0,0,0,0,0,0,0,0,0,0,0,0,0,0,0,0,0,0,0,0,0
0,0,0,0,0,0,0,0,0,0,0,0,0,0,0,0,1,0,2,0,0,0,0,0,0,1,0,1,0,0,0,0,0,2,1,2,0,2,1,1,0,0,1,2,1,4,2,1,0,0,1,6,1,3,5,4,2,3,0,3,0,1,3,3,6,1,2,2,2,2,2,1,2,0,3,1,3,3,2,1,2,1,0,5,1,1,1,1,2,1,0,2,1,0,1,1,1,0,0,1,0,1,0,0,0,1,1,1,0,0,0,0,1,0,0,0,0,1,0,0,1,1,0,1,0,1,0,0,0,0,1,0,0,0,0,0,0,0,0,0,0,0,0,0,0,0,0,0,0,0,0,0,0,0,0,0,0,0,0,0,0,0,0,0,0,0,0,0,0,0,0,0,0,0,0,0,0,0,0,0,0,0,0,0,0,0,0,0,0,0,0,0,0,0,0,0,0,0,0,0
0,0,0,0,0,0,0,0,0,1,0,0,0,0,0,0,0,0,0,0,0,0,0,0,0,0,1,1,0,1,0,1,1,1,0,0,1,2,4,0,0,2,2,2,0,1,1,3,0,1,1,2,0,4,0,3,2,2,2,0,0,3,2,0,4,1,1,4,2,1,0,1,2,2,3,1,1,2,5,1,4,2,1,2,0,1,0,1,1,1,0,1,0,0,0,0,0,1,0,1,2,2,0,0,0,0,1,0,0,0,0,0,0,1,0,0,0,1,0,0,0,0,0,0,0,0,0,0,1,0,0,0,0,0,0,0,0,0,0,0,0,0,0,0,0,0,0,0,0,0,0,0,0,0,0,0,0,0,0,0,0,0,0,0,0,0,0,0,0,0,0,0,0,0,0,0,0,0,0,0,0,0,0,0,0,0,0,0,0,0,0,0,0,0,0,0,0,0,0,0
0,0,0,0,0,0,0,0,0,0,1,0,0,0,0,0,0,0,0,0,0,0,0,1,0,0,0,1,1,1,3,1,4,4,1,1,2,3,1,0,0,0,1,1,1,1,1,5,0,5,4,1,3,1,2,2,1,0,2,2,3,3,3,2,2,7,3,2,0,2,3,0,1,0,3,1,2,2,1,4,4,2,0,3,1,2,2,4,1,0,1,1,1,1,1,3,1,0,2,1,0,1,0,0,0,0,0,1,0,0,0,1,1,1,1,0,1,0,0,0,0,0,0,0,0,0,0,0,0,0,0,0,0,0,0,0,1,0,0,0,0,0,0,0,0,0,0,0,0,0,0,0,0,0,0,0,0,0,0,0,0,0,0,0,0,0,0,0,0,0,0,0,0,0,0,0,0,0,0,0,0,0,0,0,0,0,0,0,0,0,0,0,0,0,0,0,0,0,0,0
0,0,0,0,0,1,0,1,0,0,0,0,0,0,0,0,0,0,0,0,0,0,1,0,0,0,1,0,1,0,0,0,3,2,2,0,0,2,3,0,2,1,0,0,2,5,2,3,1,1,3,0,4,2,2,2,1,1,2,2,1,3,2,2,3,2,2,3,5,3,1,4,2,0,1,1,5,0,2,1,0,1,0,1,2,0,0,1,0,1,2,0,2,2,1,0,0,0,0,0,1,0,0,0,0,1,1,0,1,0,0,0,2,0,0,0,0,0,0,1,1,0,0,0,0,0,0,0,0,0,0,0,0,0,0,0,0,0,0,0,0,0,0,0,0,0,0,0,0,0,0,0,0,0,0,0,0,0,0,0,0,0,0,0,0,0,0,0,0,0,0,0,0,0,0,0,0,0,0,0,0,0,0,0,0,0,0,0,0,0,0,0,0,0,0,0,0,0,0,0
0,0,0,0,0,0,0,0,0,0,0,0,2,0,0,0,0,0,0,0,1,0,1,0,0,0,1,0,1,0,1,1,0,1,2,0,0,0,2,2,2,2,0,2,2,3,5,1,2,0,3,3,0,4,2,1,4,2,0,0,2,2,1,3,2,1,3,0,0,0,3,0,1,2,1,1,1,2,3,2,0,2,0,2,0,0,1,1,1,0,1,1,2,1,0,0,1,2,0,0,1,1,0,1,0,1,1,0,0,1,0,0,0,0,0,0,0,1,0,0,0,0,0,0,0,0,0,0,0,0,0,0,1,0,0,0,0,0,0,0,0,1,0,0,0,0,0,0,0,0,0,0,0,0,0,0,0,0,0,0,0,0,0,0,0,0,0,0,0,0,0,0,0,0,0,0,0,0,0,0,0,0,0,0,0,0,0,0,0,0,0,0,0,0,0,0,0,0,0,0
1,0,0,0,0,0,0,0,0,1,1,0,0,0,0,0,0,0,0,0,0,0,1,0,0,0,0,0,1,0,1,0,0,0,1,2,1,1,1,1,1,1,2,1,0,2,1,3,1,0,3,1,1,1,1,1,4,4,3,3,2,0,1,2,1,6,1,2,2,3,0,2,2,1,1,0,2,0,2,1,1,1,0,1,1,1,1,2,1,0,0,1,0,2,0,1,3,1,1,0,0,0,0,1,0,0,1,0,0,0,0,1,0,0,0,0,0,0,0,1,0,0,0,0,0,0,0,0,0,0,0,0,0,0,0,0,0,0,0,0,0,0,1,0,0,0,0,0,0,0,0,0,0,0,0,0,0,0,0,0,0,0,0,0,0,0,0,0,0,0,0,0,0,0,0,0,0,0,0,0,0,0,0,0,0,0,0,0,0,0,0,0,0,0,0,0,0,0,0,0
0,0,0,0,0,0,0,0,0,0,0,0,0,0,2,0,0,0,2,0,1,1,0,0,0,0,0,0,0,1,0,0,0,0,2,2,2,3,1,1,4,4,2,0,3,2,0,1,2,2,2,2,2,1,3,1,2,1,3,1,0,0,4,2,1,2,1,1,3,2,0,1,3,2,4,2,1,1,2,1,2,0,0,1,0,1,1,0,0,0,2,1,0,2,0,1,0,1,0,1,1,0,0,1,1,0,0,0,1,0,0,1,0,0,0,0,0,0,0,0,0,0,0,0,0,0,0,0,0,1,0,0,0,0,0,0,0,0,0,0,0,0,0,0,0,0,0,0,0,0,0,0,0,0,0,0,0,0,0,0,0,0,0,0,0,0,0,0,0,0,0,0,0,0,0,0,0,0,0,0,0,0,0,0,0,0,0,0,0,0,0,0,0,0,0,0,0,0,0,0
0,0,0,0,0,0,0,0,0,1,0,0,0,0,0,0,1,0,0,0,1,0,0,0,1,0,0,1,0,1,0,0,1,2,1,1,1,1,2,1,2,0,2,4,3,1,1,0,3,1,1,1,4,2,1,3,1,1,1,1,2,1,1,3,3,0,1,0,1,3,0,3,2,1,0,2,3,0,0,2,0,1,1,1,0,1,1,0,4,1,1,1,1,0,1,0,2,0,1,0,1,1,0,0,0,0,1,0,0,0,0,0,0,1,0,0,0,1,1,0,0,0,1,0,1,1,0,0,0,0,0,0,0,0,0,0,0,0,0,0,0,0,0,0,0,0,0,0,0,0,0,0,0,0,0,0,0,0,0,0,0,0,0,0,0,0,0,0,0,0,0,0,0,0,0,0,0,0,0,0,0,0,0,0,0,0,0,0,0,0,0,0,0,0,0,0,0,0,0,0
0,0,0,0,0,0,0,0,0,0,0,0,0,0,0,0,2,0,1,0,2,0,0,0,0,0,0,0,1,1,0,0,1,0,0,0,0,0,1,2,1,3,1,0,4,2,0,0,2,4,0,1,0,1,1,4,1,1,2,2,4,2,1,2,1,1,0,3,2,0,2,3,1,1,4,1,1,2,0,2,1,1,1,0,0,0,1,2,4,0,1,0,2,0,0,3,0,2,0,1,0,0,3,0,0,1,0,0,2,0,0,0,0,0,0,0,0,0,0,0,2,1,0,0,0,0,0,0,0,0,0,0,0,0,0,0,0,0,0,0,0,0,0,0,0,0,0,0,0,1,0,0,0,0,0,0,0,0,0,0,0,0,0,0,0,0,0,0,0,0,0,0,0,0,0,0,0,0,0,0,0,0,0,0,0,0,0,0,0,0,0,0,0,0,0,0,0,0,0,0
0,0,0,0,0,0,0,0,0,0,0,0,0,0,0,0,0,0,0,0,0,0,0,0,1,0,1,1,0,0,0,1,3,0,2,1,0,1,2,1,1,1,5,3,0,2,1,1,2,3,2,4,1,0,0,2,3,2,1,2,1,2,2,2,3,4,3,1,1,2,2,1,1,1,2,1,2,3,0,1,1,1,1,3,0,2,4,0,0,1,0,1,0,0,0,2,1,0,0,0,0,0,0,0,0,0,0,0,1,1,0,1,1,0,1,1,0,1,0,0,0,0,0,0,0,0,0,0,0,0,0,0,0,0,1,0,0,0,0,0,0,0,0,0,0,0,0,0,0,0,0,0,0,0,0,0,0,0,0,0,0,0,0,0,0,0,0,0,0,0,0,0,0,0,0,0,0,0,0,0,0,0,0,0,0,0,0,0,0,0,0,0,0,0,0,0,0,0,0,0
0,0,0,0,0,0,0,0,0,0,0,0,0,0,0,0,0,0,0,0,0,0,0,0,1,0,0,1,0,0,0,0,1,0,2,0,1,1,2,0,1,4,0,2,1,0,0,1,1,2,1,3,1,1,1,2,1,1,5,4,3,1,1,0,3,4,1,0,1,2,1,1,1,0,0,1,2,1,2,3,2,1,1,2,0,1,2,1,3,1,0,0,2,0,1,0,0,0,1,0,0,2,0,0,0,0,0,0,0,1,1,0,0,0,0,0,0,0,0,0,0,0,1,0,0,0,0,0,0,0,0,0,0,0,0,0,0,0,0,0,0,0,0,0,0,0,0,0,0,0,0,0,0,0,0,0,0,0,0,0,0,0,0,0,0,0,0,0,0,0,0,0,0,0,0,0,0,0,0,0,0,0,0,0,0,0,0,0,0,0,0,0,0,0,0,0,0,0,0,0
1,0,0,0,0,0,0,0,0,0,0,0,0,0,1,0,0,0,0,1,1,0,0,0,0,0,1,0,1,0,1,0,0,0,1,0,0,1,0,0,3,0,0,1,4,1,2,2,1,2,3,3,1,2,1,2,3,2,1,5,0,0,1,2,2,3,2,1,1,0,2,0,1,1,4,5,1,1,0,0,2,0,1,1,0,0,0,1,2,0,4,1,0,0,1,1,0,0,0,0,0,1,1,0,1,0,1,1,0,0,0,0,0,1,0,0,0,0,0,0,0,0,0,0,0,0,0,0,0,0,0,0,0,0,0,0,0,0,1,0,1,0,0,0,0,0,0,0,0,0,0,0,0,0,0,0,0,0,0,0,0,0,0,0,0,0,0,0,0,1,0,0,0,0,0,0,0,0,0,0,0,0,0,0,0,0,0,0,0,0,0,0,0,0,0,0,0,0,0,0
0,0,0,0,0,0,0,0,0,0,0,0,0,0,0,0,0,0,0,0,0,0,0,0,2,0,0,1,0,1,1,1,1,2,0,0,2,1,0,0,0,1,0,4,1,0,2,1,1,1,2,0,2,3,1,3,0,2,3,2,1,1,1,1,3,0,0,3,0,0,0,2,0,0,1,1,2,1,2,0,3,0,1,2,1,0,0,1,0,0,1,1,1,0,0,1,0,0,2,1,0,1,0,1,0,0,0,0,0,0,2,0,0,0,0,0,0,0,0,0,0,0,0,0,0,1,0,0,1,0,0,0,0,0,0,0,0,0,1,0,0,0,0,0,0,0,0,0,0,0,0,0,0,0,0,0,0,0,0,0,0,0,0,0,0,0,0,0,0,0,0,0,0,0,0,0,0,0,0,0,0,0,0,0,0,0,0,0,0,0,0,0,0,0,0,0,0,0,0,0
0,0,0,0,0,0,0,0,0,0,0,0,0,0,0,0,0,0,0,0,0,1,0,0,0,0,0,0,1,1,0,0,1,2,1,0,0,1,0,0,1,3,0,2,1,1,0,2,2,2,2,3,4,0,2,1,1,2,1,3,2,1,2,3,0,1,0,1,0,2,0,1,0,3,1,0,1,1,1,1,0,3,0,1,2,1,0,0,1,0,0,0,1,2,0,1,0,0,1,0,0,0,3,0,0,1,0,0,1,0,0,0,0,1,0,0,0,0,1,0,0,0,0,0,0,1,0,0,0,1,0,0,0,0,0,0,0,0,0,0,0,0,0,0,0,0,0,0,0,0,0,1,0,0,0,0,0,0,0,0,0,0,0,0,0,0,0,0,0,0,0,0,0,0,0,0,0,0,0,0,0,0,0,0,0,0,0,0,0,0,0,0,0,0,0,0,0,0,0,0
0,0,0,0,0,0,1,0,1,0,0,0,0,0,0,0,0,0,0,0,0,0,0,0,0,0,1,0,0,2,1,2,0,0,1,0,0,0,0,0,1,1,3,0,0,2,0,2,0,0,0,2,1,2,1,3,2,2,4,1,1,0,2,1,1,0,2,0,0,0,1,2,2,1,1,2,1,1,1,3,1,0,1,1,0,3,1,0,2,0,0,0,0,0,0,2,1,1,0,1,1,0,1,0,0,1,0,1,0,1,0,1,0,0,0,0,0,0,0,0,0,0,0,0,0,0,0,0,0,0,0,0,0,0,0,0,0,0,0,0,0,0,0,0,1,0,0,0,0,0,0,0,0,0,0,0,0,0,0,0,0,0,0,0,0,0,0,0,0,0,0,0,0,0,0,0,0,0,0,0,0,0,0,0,0,0,0,0,0,0,0,0,0,0,0,0,0,0,0,0
0,0,0,0,0,0,0,0,0,0,0,0,0,0,0,0,1,0,0,0,0,0,3,0,1,0,0,0,1,1,0,0,1,1,1,1,0,3,4,0,1,0,1,0,0,1,0,3,1,1,1,2,2,0,2,3,2,0,6,2,3,1,0,3,3,1,1,4,0,1,1,2,2,0,2,3,1,1,1,1,1,2,1,2,0,0,1,0,2,1,0,1,0,1,0,1,0,0,0,2,1,0,1,0,0,1,0,0,0,0,1,0,0,0,0,0,0,0,0,0,1,0,0,0,0,0,0,0,0,0,0,1,0,0,0,0,0,0,0,0,0,1,0,0,0,0,0,0,0,0,0,0,0,0,0,0,0,0,0,0,0,0,0,0,0,0,0,0,0,0,0,0,0,0,0,0,0,0,0,0,0,0,0,0,0,0,0,0,0,0,0,0,0,0,0,0,0,0,0,0
0,0,0,0,0,0,0,0,0,0,1,0,1,0,0,0,0,0,1,0,0,0,0,1,1,1,0,1,0,1,0,1,2,0,0,2,3,0,1,0,0,0,2,0,2,2,0,2,0,3,2,1,1,4,3,2,2,0,3,1,3,0,0,2,1,0,1,2,1,0,2,2,1,1,3,3,2,0,2,1,1,1,1,0,3,0,0,0,1,0,0,0,0,2,0,0,0,0,1,0,1,0,0,0,0,0,1,0,1,2,0,0,0,0,0,1,1,0,0,0,0,0,1,0,0,0,1,0,0,0,0,0,0,0,1,0,0,0,0,0,0,1,0,0,0,0,0,0,0,0,0,0,0,0,0,0,0,0,0,0,0,0,0,0,0,0,0,0,0,1,0,0,0,0,0,0,0,0,0,0,0,0,0,0,0,0,0,0,0,0,0,0,0,0,0,0,0,0,0,0
0,0,0,0,0,0,0,0,0,0,0,0,0,0,0,0,0,0,0,0,0,1,1,0,0,0,0,0,0,0,1,3,0,1,0,2,0,0,0,0,1,2,1,1,0,1,1,2,0,0,0,1,2,1,2,4,1,3,4,2,2,1,0,3,2,0,3,2,1,1,0,1,1,1,2,2,0,0,0,0,1,0,0,1,0,0,2,0,1,2,1,1,0,2,1,2,1,0,1,1,0,0,0,1,1,0,0,1,1,0,0,0,0,0,0,1,0,0,1,0,0,0,2,0,0,0,0,0,0,0,0,0,0,0,0,0,0,0,0,0,0,0,0,0,0,0,0,0,0,0,0,0,0,0,0,0,0,0,0,0,0,0,0,0,0,0,0,0,0,0,0,0,0,0,0,0,0,0,0,0,0,0,0,0,0,0,0,0,0,0,0,0,0,0,0,0,0,0,0,0
0,0,0,0,0,0,0,0,1,0,0,0,0,0,0,1,0,0,0,0,0,0,0,0,0,0,0,0,0,1,0,0,2,0,0,0,1,1,0,0,1,0,1,1,0,0,1,2,0,2,1,2,2,2,4,1,0,2,0,3,1,4,3,0,0,3,1,1,0,0,0,0,3,0,1,2,0,2,1,0,1,0,1,0,2,0,0,1,0,1,0,0,1,0,2,1,0,1,2,1,0,0,1,0,0,0,0,0,0,0,0,0,0,0,0,0,0,0,0,0,0,0,0,0,0,0,0,0,1,0,0,0,0,0,0,0,0,0,0,0,0,0,0,0,0,0,0,0,0,0,0,0,0,0,0,0,0,0,0,0,0,0,0,0,0,0,0,0,0,0,0,0,0,0,0,0,0,0,0,0,0,0,0,0,0,0,0,0,0,0,0,0,0,0,0,0,0,0,0,0
0,0,0,0,0,0,0,0,0,1,1,0,0,0,0,0,0,0,0,0,0,1,0,0,0,0,0,0,1,1,1,0,0,2,1,1,0,0,0,0,1,1,0,2,0,0,0,1,3,0,2,2,0,2,3,1,2,1,4,3,2,0,2,3,0,4,1,2,3,4,2,0,2,0,2,2,3,2,0,0,0,3,0,2,0,0,0,0,0,0,0,1,0,0,0,1,0,1,0,1,0,0,1,0,0,0,1,0,1,0,0,0,1,1,0,0,0,0,0,0,1,0,0,0,0,0,0,0,0,0,0,0,0,0,0,0,0,0,0,0,0,0,0,0,0,0,0,0,0,0,0,0,0,0,0,0,0,0,0,0,0,0,0,0,0,0,0,0,0,0,0,0,0,0,0,0,0,0,0,0,0,0,0,0,0,0,0,0,0,0,0,0,0,0,0,0,0,0,0,0
0,0,0,0,0,0,0,1,0,1,0,0,0,0,0,0,1,0,1,0,1,0,1,0,0,2,0,2,0,1,1,0,0,0,0,0,1,1,1,0,1,1,0,2,0,1,1,2,0,0,0,6,2,3,0,2,1,0,0,1,1,0,1,4,0,1,2,2,3,2,2,0,0,2,2,1,1,1,1,1,0,1,1,1,0,1,0,0,3,1,0,1,0,1,2,0,1,0,0,0,1,0,1,0,0,0,0,0,1,1,0,0,0,0,0,0,0,0,0,0,0,0,0,0,0,0,0,0,0,0,0,0,0,0,0,0,0,0,0,0,0,0,0,0,0,0,0,0,0,0,0,0,0,0,0,0,0,0,0,0,0,0,0,0,0,0,0,0,0,0,0,0,0,0,0,0,0,0,0,0,0,0,0,0,0,0,0,0,0,0,0,0,0,0,0,0,0,0,0,0
0,0,0,0,1,0,0,0,0,0,0,0,0,0,0,0,1,0,1,0,0,0,0,0,0,0,0,0,0,0,0,0,2,0,0,3,0,1,0,0,0,0,1,2,0,0,1,0,1,1,4,2,1,0,0,2,0,1,2,1,4,1,1,1,1,2,0,2,2,0,0,1,1,4,1,1,2,0,1,2,0,0,1,1,0,0,0,0,1,2,0,0,0,0,1,0,0,0,1,1,0,0,0,1,0,0,3,0,0,0,0,0,0,0,0,0,0,0,0,0,0,0,0,0,0,0,0,0,0,0,0,0,0,0,0,0,0,0,0,0,0,0,0,0,0,0,0,0,0,0,0,0,0,0,0,0,0,0,0,0,0,0,0,0,0,0,0,0,0,0,0,0,0,0,0,0,0,0,0,0,0,0,0,0,0,0,0,0,0,0,0,0,0,0,0,0,0,0,0,0
0,0,0,0,0,0,0,0,0,1,0,0,0,0,0,0,0,0,0,0,0,0,0,0,0,0,0,0,0,0,1,1,1,0,0,1,1,2,1,2,2,1,0,2,2,0,2,0,2,2,1,0,2,1,2,2,3,1,2,2,0,0,2,3,3,3,0,1,0,3,0,2,0,0,0,0,1,1,0,0,0,0,2,1,1,2,1,0,0,3,0,1,1,1,0,1,0,2,2,0,0,0,0,0,2,0,1,0,0,0,0,0,0,0,0,0,0,0,0,0,0,0,0,0,0,0,0,0,0,1,0,0,0,0,0,0,0,0,0,0,0,0,0,0,0,0,0,0,0,0,0,0,0,0,0,0,0,0,0,0,0,0,0,0,0,0,0,0,0,0,0,0,0,0,0,0,0,0,0,0,0,0,0,0,0,0,0,0,0,0,0,0,0,0,0,0,0,0,0,0
0,0,0,0,0,0,0,0,0,0,0,0,0,0,0,0,0,0,1,0,0,0,0,1,0,2,0,0,1,0,0,0,3,1,2,0,0,0,5,1,0,0,1,5,1,1,1,1,0,1,0,1,3,1,2,0,0,0,2,3,0,0,2,2,3,0,0,1,0,2,1,3,1,2,1,1,0,1,2,0,1,0,0,3,1,1,0,0,2,0,1,0,0,0,1,0,1,1,1,1,1,1,0,0,1,0,1,0,0,0,0,0,0,0,0,0,0,0,0,0,0,0,0,0,0,0,0,0,0,0,0,0,0,0,1,0,0,0,0,0,0,0,0,0,0,0,0,0,0,0,0,0,0,0,0,0,0,0,0,0,0,0,0,0,0,0,0,0,0,0,0,0,0,0,0,0,0,0,0,0,0,0,0,0,0,0,0,0,0,0,0,0,0,0,0,0,0,0,0,0
0,0,0,0,0,0,0,0,0,0,0,0,0,0,0,0,0,0,0,0,0,0,0,0,0,0,0,0,0,1,1,1,0,0,3,0,0,0,0,0,0,1,0,0,1,1,1,0,0,0,2,2,2,0,1,0,1,2,0,2,0,1,0,1,2,1,2,0,2,3,2,0,0,0,0,2,1,1,0,1,2,0,1,1,1,0,1,1,0,0,0,1,0,0,0,1,0,0,1,0,0,0,0,0,0,0,0,0,0,0,0,0,1,0,0,0,0,0,0,0,0,0,1,0,0,0,0,0,0,0,0,0,0,0,0,0,0,0,0,0,0,0,0,0,0,0,0,0,0,0,0,0,0,0,0,0,0,0,0,0,0,0,0,0,0,0,0,0,0,0,0,0,0,0,0,0,0,0,0,0,0,0,0,0,0,0,0,0,0,0,0,0,0,0,0,0,0,0,0,0
0,0,0,0,0,0,0,0,1,0,1,0,0,0,0,0,0,0,0,0,0,0,1,1,0,0,1,0,0,0,0,1,1,0,0,1,1,0,2,0,3,0,2,1,3,1,0,0,0,0,1,4,3,1,0,1,0,2,1,0,0,0,1,3,1,2,1,2,0,0,2,0,0,1,0,0,2,2,1,2,1,0,0,3,0,0,1,0,0,1,1,0,1,0,0,1,0,1,0,0,0,0,0,0,3,0,0,0,0,0,0,0,0,0,0,0,0,0,1,0,0,0,0,0,0,0,0,0,0,0,0,0,0,0,0,0,0,0,0,0,0,0,0,0,0,0,0,0,0,0,0,0,0,0,0,0,0,0,0,0,0,0,0,0,0,0,0,0,0,0,0,0,0,0,0,0,0,0,0,0,0,0,0,0,0,0,0,0,0,0,0,0,0,0,0,0,0,0,0,0
0,0,0,0,0,0,0,0,0,0,0,0,1,0,0,0,0,0,0,0,1,0,1,1,0,0,0,0,0,0,0,0,0,3,0,1,2,0,0,0,0,1,0,1,0,0,2,1,0,0,0,0,0,1,1,0,2,3,0,2,1,0,1,0,1,2,1,1,0,0,2,0,2,0,2,0,3,1,2,0,0,1,0,0,1,1,0,2,1,1,2,0,0,1,0,0,0,0,2,1,0,0,0,0,0,1,2,0,0,0,1,0,0,0,0,1,0,0,0,0,0,0,0,1,0,0,0,0,1,0,0,0,0,0,0,0,0,0,0,0,0,0,0,0,0,0,0,0,0,0,0,0,0,0,0,0,0,0,0,0,0,0,0,0,0,0,0,0,0,0,0,0,0,0,0,0,0,0,0,0,0,0,0,0,0,0,0,0,0,0,0,0,0,0,0,0,0,0,0,0
0,0,0,0,0,0,0,0,0,0,0,0,0,0,0,0,0,0,0,0,0,0,0,0,0,0,0,0,1,0,0,0,1,0,2,0,0,1,0,0,0,0,0,0,2,3,1,2,0,1,2,1,2,1,1,2,0,6,1,1,2,0,4,1,1,1,2,0,1,1,0,2,0,0,1,1,1,1,1,1,0,0,0,0,0,0,0,1,1,1,0,0,0,1,1,0,0,0,2,0,0,1,1,0,0,0,1,0,1,1,0,1,0,1,0,0,0,0,0,0,0,0,0,1,0,0,0,0,0,0,0,0,0,0,0,0,0,0,0,0,0,0,0,0,0,0,0,0,0,0,0,0,0,0,0,0,0,0,0,0,0,0,0,0,0,0,0,0,0,0,0,0,0,0,0,0,0,0,0,0,0,0,0,0,0,0,0,0,0,0,0,0,0,0,0,0,0,0,0,0
0,0,0,0,0,0,0,0,0,0,0,0,1,0,0,0,0,0,0,0,1,2,0,0,1,0,1,0,1,1,0,0,0,0,0,1,3,0,0,0,0,0,1,1,3,1,0,3,0,0,0,2,0,0,1,1,4,2,1,2,1,1,1,5,2,2,1,1,0,1,2,1,0,2,2,0,1,0,0,0,0,0,1,0,1,2,0,0,0,0,1,2,0,0,1,0,0,0,0,0,0,2,2,0,0,0,0,0,0,0,0,0,0,0,0,0,0,0,0,0,0,0,1,0,0,0,0,0,0,0,0,0,0,0,0,0,0,0,0,0,0,0,0,0,0,0,0,0,0,0,0,0,0,0,0,0,0,0,0,0,0,0,0,0,0,0,0,0,0,0,0,0,0,0,0,0,0,0,0,0,0,0,0,0,0,0,0,0,0,0,0,0,0,0,0,0,0,0,0,0
0,0,0,0,0,0,0,0,0,0,0,0,1,0,0,0,0,0,0,0,0,1,0,0,0,0,0,0,0,0,1,0,0,1,0,0,2,1,0,0,1,1,1,1,0,0,1,2,1,1,0,1,1,0,0,0,2,0,1,0,0,0,0,2,0,0,1,0,1,0,1,1,0,4,1,1,0,2,0,0,2,1,1,0,0,0,1,0,0,0,1,0,0,0,0,0,0,0,0,0,0,0,0,1,0,0,0,0,0,0,0,0,0,0,0,0,0,0,0,0,0,0,0,0,0,0,0,0,1,0,0,0,0,0,0,0,0,0,0,0,0,0,0,0,0,0,0,0,0,0,0,0,0,0,0,0,1,0,0,0,0,0,0,0,0,0,0,0,0,0,0,0,0,0,0,0,0,0,0,0,0,0,0,0,0,0,0,0,0,0,0,0,0,0,0,0,0,0,0,0
0,0,0,0,0,0,0,0,0,1,0,0,0,0,0,0,0,0,1,0,0,1,0,0,0,0,0,0,0,0,0,0,0,0,0,0,0,1,1,0,1,0,1,0,1,1,1,3,1,1,1,0,1,0,0,1,1,1,2,1,1,0,0,1,0,0,2,0,0,1,0,2,0,1,1,1,0,1,1,0,1,0,2,0,0,1,0,0,0,1,1,0,0,1,0,2,0,0,0,1,0,0,1,0,1,0,0,0,0,0,0,0,0,0,0,0,0,0,1,0,0,0,0,0,0,0,0,0,0,0,0,0,0,0,0,0,0,0,0,0,0,0,0,0,0,0,0,0,0,0,0,0,0,0,0,0,0,0,0,0,0,0,0,0,0,0,0,0,0,0,0,0,0,0,0,0,0,0,0,0,0,0,0,0,0,0,0,0,0,0,0,0,0,0,0,0,0,0,0,0
0,0,0,0,0,0,0,0,0,0,0,0,0,0,0,0,0,0,0,0,0,0,0,0,0,1,1,0,1,0,0,0,0,0,0,0,3,0,0,0,1,2,0,2,1,1,0,1,0,3,2,1,1,1,0,0,4,1,2,2,3,1,0,1,0,4,1,1,0,2,2,0,2,0,0,1,1,0,2,1,0,0,0,0,0,1,0,0,0,0,0,0,0,0,0,0,0,0,1,0,0,0,1,0,0,0,0,0,0,2,0,0,0,0,0,0,0,0,0,0,0,0,0,0,0,0,0,0,0,0,0,0,0,0,0,0,0,1,0,0,0,0,0,0,0,0,0,0,0,0,0,0,0,0,0,0,0,0,0,0,0,0,0,0,0,0,0,0,0,0,0,0,0,0,0,0,1,0,0,0,0,0,0,0,0,0,0,0,0,0,0,0,0,0,0,0,0,0,0,0
0,0,0,0,0,0,0,0,0,0,0,0,0,0,0,0,0,0,0,1,0,0,0,0,0,0,1,0,0,0,1,0,1,1,0,1,0,1,0,2,0,2,0,0,0,0,0,2,0,0,1,2,1,0,2,2,1,1,1,0,0,0,1,1,1,1,1,0,0,1,0,2,0,2,0,0,1,1,2,0,1,1,0,1,1,0,0,1,0,0,0,0,0,0,0,0,2,0,0,0,0,0,0,0,0,0,1,0,0,0,0,0,0,0,0,0,0,0,0,0,0,0,0,0,0,1,0,0,0,0,0,0,0,0,0,0,0,0,0,0,0,0,0,0,0,0,0,0,0,0,0,0,0,0,0,0,0,0,0,0,0,0,0,0,0,0,0,0,0,0,0,0,0,0,0,0,0,0,0,0,0,0,0,0,0,0,0,0,0,0,0,0,0,0,0,0,0,0,0,0
0,0,0,0,0,0,0,0,1,0,0,0,0,0,0,0,0,0,0,0,1,0,0,0,0,1,1,1,2,0,0,0,1,2,0,0,1,0,2,1,1,0,0,0,2,0,1,2,2,0,2,1,2,1,2,0,0,1,3,1,0,0,1,0,0,0,0,2,0,0,0,0,0,1,0,3,1,1,0,1,1,0,0,0,1,1,0,2,0,0,0,1,0,1,0,0,0,0,0,1,0,0,0,0,0,0,0,0,0,0,0,0,0,0,0,0,0,0,0,0,1,0,0,0,0,0,0,0,1,0,0,0,0,0,0,0,0,0,0,0,0,0,0,0,0,0,0,0,0,0,0,0,0,0,0,0,0,0,0,0,0,0,0,0,0,0,0,0,0,0,0,0,0,0,0,0,0,0,0,0,0,0,0,0,0,0,0,0,0,0,0,0,0,0,0,0,0,0,0,0
0,0,0,0,0,0,0,0,0,0,0,0,0,0,0,0,0,0,0,0,0,0,1,0,0,0,0,0,0,0,0,2,0,0,1,2,0,2,1,0,2,0,0,2,0,2,0,0,2,0,0,0,2,0,0,0,0,1,1,0,1,0,2,1,2,1,1,0,0,0,0,3,2,1,1,1,2,0,0,0,0,0,1,0,0,1,0,0,1,0,0,0,0,0,1,0,0,0,0,0,0,0,1,0,0,0,0,0,0,0,0,0,1,0,0,0,0,0,0,0,0,0,0,0,0,0,0,0,0,0,0,0,0,0,0,0,0,0,0,0,0,0,0,0,0,0,0,0,0,0,0,0,0,0,0,0,0,0,0,0,0,0,0,0,0,0,0,0,0,0,0,0,0,0,0,0,0,0,0,0,0,0,0,0,0,0,0,0,0,0,0,0,0,0,0,0,0,0,0,0
0,0,0,0,0,0,0,0,0,1,0,0,0,0,0,0,0,0,0,0,0,0,0,0,0,0,1,0,0,0,0,0,2,0,1,1,2,1,0,0,0,1,0,1,0,1,2,2,1,0,2,4,2,1,1,3,1,2,2,2,0,1,0,1,2,1,0,3,2,1,1,1,1,0,0,0,0,3,1,1,1,0,0,1,0,1,2,0,1,0,0,2,0,1,0,0,0,1,0,1,0,0,1,1,1,0,1,1,0,0,0,0,0,0,0,1,0,0,0,0,0,0,0,0,0,0,0,0,0,0,0,0,0,0,0,0,0,0,0,0,0,0,0,0,0,0,0,0,0,0,0,0,0,0,0,0,0,0,0,0,0,0,0,0,0,0,0,0,0,0,0,0,0,0,0,0,0,0,0,0,0,0,0,0,0,0,0,0,0,0,0,0,0,0,0,0,0,0,0,0
0,0,0,0,0,0,0,0,0,1,0,0,0,0,0,0,0,0,0,0,1,1,1,0,0,0,0,1,0,0,1,1,1,0,0,0,0,0,0,0,1,0,1,0,1,2,1,0,1,2,0,0,2,2,3,0,3,2,0,0,0,1,0,1,0,0,2,0,0,1,0,0,1,0,2,1,0,0,3,1,0,0,1,1,2,0,0,0,1,0,0,0,0,1,1,1,0,0,0,1,0,0,0,0,0,0,0,0,0,0,0,0,0,0,0,0,0,0,0,0,1,0,1,0,0,0,0,0,0,0,0,0,0,0,0,0,0,0,0,0,0,0,0,0,0,0,0,0,0,0,0,0,0,0,0,0,0,0,0,0,0,0,0,0,0,0,0,0,0,0,0,0,0,0,0,0,0,0,0,0,0,0,0,0,0,0,0,0,0,0,0,0,0,0,0,0,0,0,0,0
0,0,0,0,0,0,0,0,0,0,0,0,0,0,0,0,0,0,0,0,0,0,0,0,0,0,0,0,1,0,0,0,0,0,0,1,0,1,0,0,1,0,0,0,1,1,1,0,0,4,0,0,0,2,2,1,1,1,1,0,0,1,3,2,1,1,0,1,0,0,1,0,0,0,0,2,2,0,1,1,0,0,1,0,0,0,1,0,1,0,0,0,0,0,0,0,1,0,0,0,0,0,0,0,0,0,1,1,0,0,0,0,0,0,0,0,0,0,0,0,0,0,0,0,0,0,1,0,0,0,1,0,0,0,0,0,0,0,0,0,0,0,0,0,0,0,0,0,0,0,0,0,0,0,0,0,0,0,0,0,0,0,0,0,0,0,0,0,0,0,0,0,0,0,0,0,0,0,0,0,0,0,0,0,0,0,0,0,0,0,0,0,0,0,0,0,0,0,0,0
0,0,0,0,0,0,0,0,0,0,0,0,0,0,0,0,0,0,1,0,1,0,0,0,0,0,0,0,1,0,0,0,0,0,0,0,0,1,1,0,0,0,0,1,1,1,0,0,0,1,1,1,0,2,3,2,1,1,0,0,0,0,1,0,0,0,0,1,0,3,0,1,0,0,0,0,0,1,0,0,1,1,1,0,0,1,1,0,0,0,0,0,0,0,0,0,0,0,0,0,1,0,0,0,0,0,3,0,1,0,0,0,0,0,0,0,0,0,0,0,0,0,1,0,0,0,1,0,0,0,0,0,0,0,0,0,0,0,0,0,0,0,0,0,0,0,0,0,0,0,0,0,0,0,0,0,0,0,0,0,0,0,0,0,0,0,0,0,0,0,0,0,0,0,0,0,0,0,0,0,0,0,0,0,0,0,0,0,0,0,0,0,0,0,0,0,0,0,0,0
0,0,0,0,0,0,0,0,0,0,0,0,0,0,0,0,1,0,0,0,0,0,0,0,0,0,0,0,0,0,0,1,0,2,0,1,0,1,0,3,0,0,0,0,2,0,1,0,0,4,1,3,1,0,0,1,1,0,1,1,2,1,1,0,0,0,0,0,0,0,0,0,0,0,0,1,0,1,1,0,0,2,0,0,0,0,0,2,2,0,0,1,0,0,2,0,1,1,0,0,1,1,0,0,1,1,0,0,0,0,0,0,0,0,0,0,0,0,0,0,0,0,0,0,0,0,0,0,0,0,0,0,0,0,0,0,0,0,0,0,0,0,0,0,0,0,0,0,0,0,0,0,0,0,0,0,0,0,0,0,0,0,0,0,0,0,0,0,0,0,0,0,0,0,0,0,0,0,0,0,0,0,0,0,0,0,0,0,0,0,0,0,0,0,0,0,0,0,0,0
0,0,0,0,0,0,0,0,0,0,0,0,0,0,0,0,1,0,0,0,0,0,0,0,0,0,0,0,0,0,0,0,0,1,0,0,2,2,0,0,1,1,1,0,2,0,0,2,2,1,1,0,0,0,1,2,1,1,0,1,1,0,0,0,1,0,1,0,2,0,1,0,2,3,0,0,0,1,0,0,0,0,0,0,0,0,1,0,0,0,0,0,0,1,0,0,0,2,1,0,0,0,0,0,0,0,0,0,0,0,0,0,0,0,0,1,0,0,0,0,0,0,0,0,1,0,1,0,0,0,0,0,0,0,0,0,0,0,0,0,0,0,0,0,0,0,0,0,0,0,0,0,0,0,0,0,0,0,0,0,0,0,0,0,0,0,0,0,0,0,0,0,0,0,0,0,0,0,0,0,0,0,0,0,0,0,0,0,0,0,0,0,0,0,0,0,0,0,0,0
0,0,0,0,0,0,1,0,0,0,0,0,0,0,0,0,0,0,0,0,2,0,0,0,0,0,0,0,0,0,0,0,1,0,0,2,2,0,1,0,0,2,0,0,0,1,0,0,2,0,0,1,0,0,0,0,1,0,2,1,2,0,0,0,1,0,0,2,0,1,0,1,2,0,1,0,0,1,0,1,1,0,1,0,2,0,0,0,0,0,1,1,0,0,0,0,1,0,0,0,1,0,0,0,0,1,0,0,0,0,0,1,0,0,0,0,0,0,0,0,0,0,0,0,0,0,0,0,0,0,0,0,0,0,0,0,0,0,0,0,0,0,0,0,0,0,0,0,0,0,0,0,0,0,0,0,0,0,0,0,0,0,0,0,0,0,0,0,0,0,0,0,0,0,0,0,0,0,0,0,0,0,0,0,0,0,0,0,0,0,0,0,0,0,0,0,0,0,0,0
0,0,0,0,0,0,0,0,0,0,0,0,0,0,0,0,0,0,1,0,0,0,0,1,0,0,0,0,0,0,0,1,1,0,1,0,1,0,1,0,1,0,0,2,1,0,0,0,1,0,0,2,0,1,1,1,1,4,0,1,1,1,1,2,0,0,0,0,1,1,1,0,0,3,1,0,0,1,0,0,1,0,0,2,1,0,0,2,0,0,0,0,0,0,0,0,1,0,0,0,0,0,0,0,0,0,0,0,0,0,0,0,0,0,0,0,0,0,0,0,0,0,0,0,0,0,0,0,0,0,0,0,0,0,0,0,0,0,0,0,0,0,0,0,0,0,0,0,0,0,0,0,0,0,0,0,0,0,0,0,0,0,0,0,0,0,0,0,0,0,0,0,0,0,0,0,0,0,0,0,0,0,0,0,0,0,0,0,0,0,0,0,0,0,0,0,0,0,0,0
0,0,0,0,0,0,0,0,0,0,0,0,0,0,0,0,0,0,0,0,1,0,0,0,1,0,1,0,1,0,0,0,0,0,0,0,0,0,1,0,2,1,1,1,0,0,0,1,0,0,1,1,1,0,0,0,1,1,1,0,1,2,0,0,0,0,2,0,1,1,2,2,1,0,0,1,0,0,0,0,1,3,1,0,1,0,0,1,0,0,0,0,1,0,0,0,0,0,0,0,0,0,1,0,0,0,1,1,0,0,0,0,0,1,0,0,0,0,0,0,0,0,0,0,0,0,0,0,0,0,0,0,0,0,0,0,0,0,0,0,0,0,0,0,0,0,0,0,0,0,0,0,0,0,0,0,0,0,0,0,0,0,0,0,0,0,0,0,0,0,0,0,0,0,0,0,0,0,0,0,0,0,0,0,0,0,0,0,0,0,0,0,0,0,0,0,0,0,0,0
0,0,0,0,0,0,0,0,0,1,0,0,0,0,0,0,0,0,1,0,0,0,0,0,0,0,0,0,0,0,1,0,0,0,0,0,0,0,0,1,1,0,0,2,3,0,1,3,2,0,0,1,0,1,0,1,0,1,0,0,0,1,1,1,0,0,1,1,0,0,2,1,0,0,0,0,0,0,1,0,0,1,0,0,0,0,1,0,1,0,1,1,0,0,0,0,1,0,0,0,0,0,0,0,0,0,0,0,0,0,0,0,0,0,0,0,0,0,0,0,0,0,0,0,0,0,0,0,0,0,0,0,0,0,0,0,0,0,0,0,0,0,0,0,0,0,0,0,0,0,0,0,0,0,0,0,0,0,0,0,0,0,0,0,0,0,0,0,0,0,0,0,0,0,0,0,0,0,0,0,0,0,0,0,0,0,0,0,0,0,0,0,0,0,0,0,0,0,0,0
0,0,0,0,0,0,0,0,0,1,0,0,0,0,0,0,0,0,0,1,0,1,0,0,0,0,0,0,2,0,0,0,0,0,0,0,1,0,0,1,1,0,2,0,0,0,0,3,1,1,0,1,0,2,0,1,1,1,1,1,0,1,0,0,0,1,0,0,0,0,0,0,1,1,1,0,0,2,0,0,0,1,0,0,0,0,0,0,0,1,0,0,0,1,0,1,0,1,1,0,0,0,0,1,0,0,0,0,0,0,0,0,0,0,0,1,1,0,0,0,0,0,0,0,0,0,0,0,0,0,0,0,0,0,0,0,0,0,0,0,0,0,0,0,0,0,0,0,0,0,0,0,0,0,0,0,0,0,0,0,0,0,0,0,0,0,0,0,0,0,0,0,0,0,0,0,0,0,0,0,0,0,0,0,0,0,0,0,0,0,0,0,0,0,0,0,0,0,0,0
0,0,0,0,0,0,0,0,0,0,0,0,0,0,0,0,0,0,0,0,0,1,0,0,0,0,0,0,0,0,0,0,1,0,0,1,1,0,0,0,1,1,1,0,0,0,0,0,1,0,0,0,0,0,0,0,1,0,0,0,0,0,3,0,0,1,0,0,1,0,0,0,1,1,0,0,0,0,1,1,0,1,0,0,0,0,0,0,1,0,0,0,0,0,0,0,0,0,1,0,0,0,0,0,1,1,0,0,0,0,0,1,0,0,0,0,0,0,0,0,1,0,0,0,1,0,0,1,0,0,0,0,0,0,0,0,0,0,0,0,0,0,0,0,0,0,0,0,0,0,0,0,0,0,0,0,0,0,0,0,0,0,0,0,0,0,0,0,0,0,0,0,0,0,0,0,0,0,0,0,0,0,0,0,0,0,0,0,0,0,0,0,0,0,0,0,0,0,0,0
0,0,0,0,0,0,0,0,0,1,0,0,0,0,0,0,0,0,0,0,0,0,0,0,0,0,0,1,0,0,0,0,1,0,0,0,0,0,0,0,0,0,1,0,0,0,1,1,0,0,1,0,1,1,0,1,0,0,0,1,0,0,1,0,1,0,1,0,1,0,1,1,0,0,0,0,0,0,0,0,0,1,0,0,0,0,0,0,1,1,0,0,1,0,0,1,0,0,0,0,0,0,0,0,1,0,1,1,1,0,0,1,0,0,0,0,0,0,0,0,0,0,0,0,0,0,0,0,0,0,0,0,0,0,0,0,0,0,0,0,0,0,0,0,0,1,0,0,0,0,0,0,0,0,0,0,0,0,0,0,0,0,0,0,0,0,0,0,0,0,0,0,0,0,0,0,0,0,0,0,0,0,0,0,0,0,0,0,0,0,0,0,0,0,0,0,0,0,0,0
0,0,0,0,0,0,0,0,0,1,0,0,0,0,0,0,0,0,0,0,0,0,0,0,0,0,0,0,1,1,0,0,0,0,0,2,1,0,0,0,1,1,2,0,1,0,0,0,0,0,0,3,1,0,0,0,0,0,0,2,0,0,1,0,1,0,0,2,0,1,0,0,0,0,0,0,0,1,0,0,0,0,1,1,1,4,0,1,1,0,0,0,0,0,0,0,0,0,0,1,1,0,1,0,0,0,0,0,0,0,0,0,0,0,0,0,1,0,1,0,0,0,0,0,0,0,0,0,0,0,0,0,0,0,0,0,0,0,0,0,0,0,0,0,0,0,0,0,0,0,0,0,0,0,0,0,0,0,0,0,0,0,0,0,0,0,0,0,0,0,0,0,0,0,0,0,0,0,0,0,0,0,0,0,0,0,0,0,0,0,0,0,0,0,0,0,0,0,0,0
0,0,0,0,0,0,0,0,0,0,1,0,0,0,0,0,0,0,0,0,0,0,0,0,0,0,0,0,0,0,0,0,0,1,1,0,0,0,0,0,0,3,1,0,1,2,0,1,0,0,0,0,2,1,1,3,3,1,2,1,1,0,0,1,0,1,0,1,0,1,0,0,0,0,1,0,0,1,0,0,0,0,0,1,0,0,0,1,0,0,0,0,0,0,1,1,1,0,0,0,0,0,0,0,0,0,0,0,0,0,0,0,0,0,0,1,0,0,0,0,0,0,0,0,1,0,0,0,0,0,0,0,0,0,0,0,0,0,0,0,0,0,0,0,0,0,0,0,0,0,0,0,0,0,0,0,0,0,0,0,0,0,0,0,0,0,0,0,0,0,0,0,0,0,0,0,0,0,0,0,0,0,0,0,0,0,0,0,0,0,0,0,0,0,0,0,0,0,0,0
0,0,0,0,0,0,0,0,0,0,0,0,0,0,0,0,0,0,0,0,0,0,0,0,0,0,1,0,1,0,1,0,0,0,0,0,0,2,0,0,0,0,0,0,1,0,0,1,1,0,0,1,0,0,0,0,0,1,2,1,0,0,0,0,1,0,1,0,0,0,0,1,1,1,0,1,0,0,0,0,0,0,1,0,1,0,0,0,0,0,0,0,0,1,0,0,0,0,0,0,0,0,0,0,0,0,0,0,0,0,0,0,0,0,0,0,0,0,0,0,0,0,0,1,0,0,0,0,0,0,0,0,0,0,0,0,0,0,0,0,0,0,0,0,0,0,0,0,0,0,0,0,0,0,0,0,0,0,0,0,0,0,0,0,0,0,0,0,0,0,0,0,0,0,0,0,0,0,0,0,0,0,0,0,0,0,0,0,0,0,0,0,0,0,0,0,0,0,0,0
0,0,0,0,0,0,0,0,0,0,0,0,0,0,0,0,0,0,0,0,0,0,0,0,0,0,1,0,0,0,0,1,1,0,0,0,0,0,0,0,0,1,0,0,0,0,0,1,0,0,0,3,2,0,0,0,1,0,0,0,1,0,1,2,0,2,2,0,0,2,1,0,1,0,0,0,0,0,0,1,0,0,1,0,1,0,0,0,0,0,0,0,0,0,1,0,1,0,0,0,0,0,0,0,0,1,0,0,0,0,0,1,0,0,0,0,0,0,0,0,0,0,0,0,0,0,0,0,0,0,0,0,0,0,0,0,0,0,0,0,0,0,0,0,0,0,0,0,0,0,0,0,0,0,0,0,0,0,0,0,0,0,0,0,0,0,0,0,0,0,0,0,0,0,0,0,0,0,0,0,0,0,0,0,0,0,0,0,0,0,0,0,0,0,0,0,0,0,0,0
0,0,0,0,0,0,0,0,0,0,0,0,0,0,0,0,0,0,0,0,0,0,0,0,0,0,0,0,0,0,0,2,0,0,0,0,1,0,0,2,0,1,0,1,0,1,0,0,0,0,0,0,0,0,0,1,1,1,0,0,0,1,0,1,0,0,1,1,1,0,0,1,0,2,0,1,1,0,0,1,2,0,0,0,0,0,0,0,1,0,0,0,0,0,0,0,0,1,0,0,0,0,0,0,0,0,0,0,0,0,0,0,0,0,0,0,0,0,0,0,0,0,0,1,0,0,0,0,0,0,0,0,0,0,0,0,0,0,0,0,0,0,0,0,0,0,0,0,0,0,0,0,0,0,0,0,0,0,0,0,0,0,0,0,0,0,0,0,0,0,0,0,0,0,0,0,0,0,0,0,0,0,0,0,0,0,0,0,0,0,0,0,0,0,0,0,0,0,0,0
0,0,0,0,0,0,0,0,0,0,0,0,1,0,0,0,0,0,0,0,0,0,0,0,0,0,0,0,0,0,0,0,1,0,0,2,0,1,1,0,1,0,0,0,1,2,1,1,0,0,0,1,0,0,0,1,1,1,0,0,0,1,0,0,0,0,1,0,1,0,0,0,1,0,1,0,0,1,0,0,0,0,0,1,0,2,0,1,1,0,0,0,0,0,0,0,0,1,0,0,0,0,0,0,0,0,0,0,0,0,0,0,0,0,0,0,0,0,0,0,0,0,0,0,0,0,0,0,1,0,0,0,0,0,0,0,0,0,0,0,0,0,0,0,0,0,0,0,0,0,0,0,0,0,0,0,0,0,0,0,0,0,0,0,0,0,0,0,0,0,0,0,0,0,0,0,0,0,0,0,0,0,0,0,0,0,0,0,0,0,0,0,0,0,0,0,0,0,0,0
0,0,0,0,0,0,0,0,0,0,0,0,0,0,0,0,0,0,0,0,0,0,1,0,0,0,0,0,0,1,0,0,0,0,1,0,0,0,0,0,0,0,1,1,1,0,0,0,0,0,0,0,1,0,0,0,1,0,1,0,0,0,0,1,1,0,0,0,1,0,2,1,1,0,1,0,1,1,0,0,1,0,2,1,0,0,1,0,0,0,0,0,0,0,0,0,0,1,0,0,1,0,0,0,0,0,0,0,0,0,0,0,0,0,0,0,1,0,0,0,0,0,0,0,0,0,0,0,0,0,1,0,0,0,0,0,0,0,0,0,0,0,0,0,0,0,0,0,0,0,0,0,0,0,0,0,0,0,0,0,0,0,0,0,0,0,0,0,0,0,0,0,0,0,0,0,0,0,0,0,0,0,0,0,0,0,0,0,0,0,0,0,0,0,0,0,0,0,0,0
0,0,0,0,0,0,0,0,0,0,0,0,0,0,0,0,0,0,0,0,1,0,0,0,0,0,1,1,1,0,0,0,1,1,0,0,0,0,0,0,0,0,1,0,1,1,0,0,0,1,0,1,1,0,1,0,0,0,1,0,3,0,1,0,1,0,0,0,0,0,0,0,0,0,0,1,0,0,0,1,0,0,0,0,0,1,0,0,0,0,0,0,0,0,1,0,0,1,0,0,0,0,0,0,0,0,0,1,0,0,1,0,0,0,0,0,0,0,0,0,0,0,0,0,0,0,0,0,0,0,0,0,0,0,0,0,0,0,0,0,0,0,0,0,0,0,0,0,0,0,0,0,0,0,0,0,0,0,0,0,0,0,0,0,0,0,0,0,0,0,0,0,0,0,0,0,0,0,0,0,0,0,0,0,0,0,0,0,0,0,0,0,0,0,0,0,0,0,0,0
0,0,0,0,0,0,0,0,0,0,0,0,0,0,0,0,0,0,0,0,0,0,0,0,0,0,0,0,0,0,1,0,0,0,0,0,1,0,0,0,0,0,0,2,0,0,0,0,0,1,1,0,0,1,1,1,0,0,0,0,0,1,1,1,2,2,0,0,1,0,2,0,0,0,0,0,0,1,0,0,0,0,0,0,0,2,0,0,0,0,1,0,0,0,0,0,0,1,0,0,0,0,0,0,0,0,0,0,0,0,1,0,0,0,0,0,0,0,0,0,0,0,1,0,0,0,0,0,0,0,0,0,0,0,0,0,0,0,0,0,0,0,0,0,0,0,0,0,0,0,0,0,0,0,0,0,0,0,0,0,0,0,0,0,0,0,0,0,0,0,0,0,0,0,0,0,0,0,0,0,0,0,0,0,0,0,0,0,0,0,0,0,0,0,0,0,0,0,0,0
0,0,0,0,0,0,0,0,0,0,0,0,0,0,0,0,0,0,0,0,0,0,0,0,0,0,0,0,0,0,0,0,0,1,0,1,0,1,0,1,0,0,0,0,1,2,0,2,0,1,1,2,0,0,2,0,0,0,0,1,1,1,0,0,2,1,1,0,0,0,0,0,0,1,0,0,1,1,0,0,0,0,0,0,1,0,0,0,0,0,0,0,0,0,0,0,0,1,0,0,0,0,0,0,1,0,0,0,0,0,0,0,0,0,0,0,0,0,0,0,0,0,0,0,0,0,0,0,0,0,0,0,0,0,0,0,0,1,0,0,0,0,0,0,0,0,0,0,0,0,0,0,0,0,0,0,0,0,0,0,0,0,0,0,0,0,0,0,0,0,0,0,0,0,0,0,0,0,0,0,0,0,0,0,0,0,0,0,0,0,0,0,0,0,0,0,0,0,0,0
0,0,0,0,0,0,0,0,0,0,0,0,0,0,0,0,0,0,0,0,0,0,0,0,0,0,0,0,0,0,0,1,1,0,0,1,1,0,0,1,0,0,0,1,1,1,0,1,2,1,1,0,0,1,1,0,1,1,1,0,0,1,0,0,1,0,1,0,0,1,1,0,0,1,1,0,0,0,1,1,2,1,0,0,0,1,0,0,0,1,1,0,1,0,0,0,0,0,0,0,0,0,0,1,0,0,0,0,0,0,0,0,0,0,0,0,0,0,0,0,1,0,0,0,0,0,0,0,0,0,0,0,0,0,0,0,0,0,0,0,0,0,0,0,0,0,0,0,0,0,0,0,0,0,0,0,0,0,0,0,0,0,0,0,0,0,0,0,0,0,0,0,0,0,0,0,0,0,0,0,0,0,0,0,0,0,0,0,0,0,0,0,0,0,0,0,0,0,0,0
0,0,0,0,0,0,0,0,0,0,0,0,0,0,0,0,0,0,0,0,0,1,0,0,0,0,0,0,1,0,0,0,1,0,0,1,0,1,0,0,1,0,1,0,0,1,0,0,0,1,0,0,0,0,0,2,0,1,1,0,0,0,0,0,0,0,0,2,0,0,0,1,0,1,2,0,1,0,0,0,0,0,0,0,1,0,0,0,0,0,0,0,0,1,1,0,0,0,0,0,0,0,0,1,0,0,0,0,0,0,0,0,0,0,0,0,0,0,0,0,0,0,0,0,0,0,0,0,0,0,0,0,0,0,0,0,0,0,0,0,0,0,0,0,0,0,0,0,0,0,0,0,0,0,0,0,0,0,0,0,0,0,0,0,0,0,0,0,0,0,0,0,0,0,0,0,0,0,0,0,0,0,0,0,0,0,0,0,0,0,0,0,0,0,0,0,0,0,0,0
0,0,0,0,0,0,0,0,0,0,0,0,0,0,0,0,0,0,0,0,0,0,0,0,0,0,0,0,1,0,1,1,1,0,0,0,0,2,1,0,0,0,1,1,2,0,1,0,0,0,1,0,0,0,0,1,2,0,2,0,0,1,2,1,0,0,0,0,1,0,0,0,0,0,0,1,0,1,0,1,1,0,1,0,0,0,0,1,0,1,0,0,0,0,0,0,0,0,0,1,0,0,0,0,1,0,0,0,0,0,0,0,0,0,0,0,0,0,0,0,0,0,0,0,0,0,0,0,0,0,0,0,0,0,0,0,0,0,0,0,0,0,0,0,0,0,0,0,0,0,0,0,0,0,0,0,0,0,0,0,0,0,0,0,0,0,0,0,0,0,0,0,0,0,0,0,0,0,0,0,0,0,0,0,0,0,0,0,0,0,0,0,0,0,0,0,0,0,0,0
0,0,0,0,0,0,0,0,0,0,0,0,0,0,0,0,0,0,0,0,1,0,0,1,0,0,1,0,0,0,0,0,0,0,1,0,0,0,0,0,0,0,0,1,0,0,0,0,2,0,0,0,1,0,1,0,0,1,1,1,0,0,0,0,0,0,0,0,0,0,1,0,1,1,0,0,1,1,0,0,1,0,0,0,1,0,0,0,0,1,0,0,0,0,0,0,0,0,0,0,0,1,0,0,0,0,0,0,0,0,0,0,0,0,0,0,0,0,0,0,0,0,0,0,0,0,0,1,0,0,0,0,0,0,0,0,0,0,0,0,0,0,0,0,0,0,0,0,0,0,0,0,0,0,0,0,0,0,0,0,0,0,0,0,0,0,0,0,0,0,0,0,0,0,0,0,0,0,0,0,0,0,0,0,0,0,0,0,0,0,0,0,0,0,0,0,0,0,0,0
0,0,0,0,0,0,0,0,0,1,0,0,0,0,0,0,0,0,0,0,0,0,0,1,0,0,0,0,0,0,1,0,0,0,0,0,1,0,0,0,0,0,0,0,1,1,0,1,2,0,0,1,1,1,0,0,0,0,0,0,0,0,1,1,1,0,0,0,1,0,0,0,0,0,0,1,1,0,1,0,0,2,2,0,0,0,0,0,0,0,0,1,0,0,0,0,0,1,0,0,0,1,0,0,0,1,0,0,0,0,0,0,0,0,0,0,0,0,0,0,0,0,0,0,0,0,0,0,0,0,0,0,0,0,0,0,0,0,0,0,0,0,1,0,0,0,0,0,0,0,0,0,0,0,0,0,0,0,0,0,0,0,0,0,0,0,0,0,0,0,0,0,0,0,0,0,0,0,0,0,0,0,0,0,0,0,0,0,0,0,0,0,0,0,0,0,0,0,0,0
0,0,0,0,0,0,0,0,0,0,0,0,0,0,0,0,0,0,1,0,0,0,0,0,0,0,0,0,0,0,0,0,2,0,0,0,0,0,0,1,0,1,0,0,0,0,0,0,0,1,1,0,0,1,1,1,0,1,0,0,1,0,2,1,0,1,1,1,0,1,0,0,0,1,0,0,0,0,0,0,0,0,0,1,0,0,0,0,1,0,0,0,0,0,0,0,0,0,0,1,0,0,0,0,0,0,0,0,0,0,0,0,0,0,0,0,0,0,0,0,0,0,0,0,0,0,0,0,0,0,0,0,0,0,0,0,0,0,0,0,0,0,0,0,0,0,0,0,0,0,0,0,0,0,0,0,0,0,0,0,0,0,0,0,0,0,0,0,0,0,0,0,0,0,0,0,0,0,0,0,0,0,0,0,0,0,0,0,0,0,0,0,0,0,0,0,0,0,0,0
0,0,0,0,0,0,0,0,0,1,0,0,0,0,0,0,0,0,0,0,0,0,0,0,1,0,1,0,0,0,0,0,1,0,0,0,0,0,1,0,0,2,0,1,1,0,1,0,0,0,0,2,0,2,0,1,0,2,0,1,0,0,0,0,0,2,1,0,0,0,1,0,0,0,0,0,0,0,0,0,0,0,0,0,0,0,0,0,0,0,0,0,0,0,0,0,0,0,0,0,0,0,0,0,0,0,0,0,0,0,0,0,0,0,0,1,0,0,0,0,1,0,0,0,0,0,0,0,0,0,0,0,0,0,0,0,0,0,0,0,0,0,0,0,0,0,0,0,0,0,0,0,0,0,0,0,0,0,0,0,0,0,0,0,0,0,0,0,0,0,0,0,0,0,0,0,0,0,0,0,0,0,0,0,0,0,0,0,0,0,0,0,0,0,0,0,0,0,0,0
0,0,0,0,0,0,0,0,0,1,0,0,0,0,0,0,0,0,0,0,0,0,0,0,0,0,0,1,1,0,2,0,0,0,0,0,0,2,0,0,0,0,0,0,0,0,1,0,0,0,0,0,0,0,0,1,0,0,1,1,0,0,0,0,1,1,0,0,0,0,0,0,1,0,0,1,0,0,0,0,1,0,0,1,1,0,0,2,0,1,0,0,0,1,0,0,0,0,0,0,0,0,0,0,0,0,0,0,0,0,1,0,0,0,0,0,1,0,0,0,0,0,0,0,0,0,0,0,0,0,0,0,0,0,0,0,0,0,0,0,0,0,0,0,0,0,0,0,0,0,0,0,0,0,0,0,0,0,0,0,0,0,0,0,0,0,0,0,0,0,0,0,0,0,0,0,0,0,0,0,0,0,0,0,0,0,0,0,0,0,0,0,0,0,0,0,0,0,0,0
0,0,0,0,0,0,0,0,0,0,0,0,0,0,0,0,0,0,0,0,0,0,0,0,0,0,0,0,0,0,0,0,0,0,0,0,0,1,0,0,0,0,0,0,0,0,0,2,0,0,1,0,1,0,1,0,2,0,0,1,0,0,0,1,1,0,0,0,1,0,0,0,0,0,0,0,0,0,0,0,0,0,0,0,0,0,0,0,0,0,0,0,0,0,0,0,0,0,0,0,0,0,0,0,0,0,0,0,0,0,0,0,0,1,0,0,0,0,0,0,0,0,0,0,0,0,0,0,0,0,0,0,0,0,1,0,0,0,0,0,0,0,0,0,0,0,0,0,0,0,0,0,0,0,0,0,0,0,0,0,0,0,0,0,0,0,0,0,0,0,0,0,0,0,0,0,0,0,0,0,0,0,0,0,0,0,0,0,0,0,0,0,0,0,0,0,0,0,0,0
0,0,0,0,0,0,0,0,0,1,0,0,0,0,0,0,0,0,0,0,0,0,0,0,0,0,0,0,0,0,0,0,0,0,0,0,1,1,1,0,2,0,1,0,1,0,0,1,0,0,0,0,2,1,1,1,0,0,0,0,0,0,0,1,0,2,1,0,0,0,0,0,0,0,0,0,0,0,1,0,0,0,0,0,0,0,0,0,0,1,1,0,0,0,0,0,0,0,0,1,0,2,0,0,0,0,0,0,0,0,0,0,0,0,0,0,0,0,0,0,0,0,0,0,0,0,0,0,0,0,0,0,0,0,0,0,0,0,0,0,0,0,0,0,0,0,0,0,0,0,0,0,0,0,0,0,0,0,0,0,0,0,0,0,0,0,0,0,0,0,0,0,0,0,0,0,0,0,0,0,0,0,0,0,0,0,0,0,0,0,0,0,0,0,0,0,0,0,0,0
0,0,0,0,0,0,0,0,0,0,0,0,0,0,0,0,0,0,0,0,0,1,0,0,0,0,0,0,0,0,0,1,1,0,1,0,0,0,1,0,0,0,1,0,0,0,0,1,0,0,0,1,1,0,0,1,0,0,0,1,0,2,0,1,0,0,0,1,0,0,0,1,0,1,0,1,0,0,0,0,0,0,0,1,0,0,0,0,0,0,0,0,0,0,0,0,1,0,0,0,0,0,0,0,0,0,0,0,0,0,0,0,0,0,0,0,0,0,0,0,0,0,0,0,0,0,0,0,0,0,0,0,0,0,0,0,0,0,0,0,0,0,0,0,0,0,0,0,0,0,0,0,0,0,0,0,0,0,0,0,0,0,0,0,0,0,0,0,0,0,0,0,0,0,0,0,0,0,0,0,0,0,0,0,0,0,0,0,0,0,0,0,0,0,0,0,0,0,0,0
0,0,0,0,0,0,0,0,0,0,0,0,0,0,0,0,0,0,0,0,0,0,0,0,0,0,0,0,1,0,0,0,0,0,0,1,0,0,1,0,0,0,0,0,1,1,0,0,0,0,3,3,0,0,0,0,1,0,0,2,0,0,1,0,0,0,1,1,1,0,0,0,0,1,0,0,0,0,0,1,0,0,0,0,0,1,0,0,0,0,0,0,0,0,0,0,0,0,0,0,0,0,0,0,0,0,0,0,0,0,0,0,0,0,0,0,0,0,0,0,0,0,0,0,0,0,0,0,0,0,0,0,0,0,0,0,0,0,0,0,0,0,0,0,0,0,0,0,0,0,0,0,0,0,0,0,0,0,0,0,0,0,0,0,0,0,0,0,0,0,0,0,0,0,0,0,0,0,0,0,0,0,0,0,0,0,0,0,0,0,0,0,0,0,0,0,0,0,0,0
0,0,0,0,0,0,0,0,0,0,0,0,0,0,0,0,0,0,0,0,0,0,0,0,0,0,0,0,0,0,0,0,0,0,0,0,0,0,0,0,0,0,0,0,1,0,0,0,0,0,0,1,0,0,0,0,0,0,0,1,0,1,4,0,0,1,0,1,0,1,0,1,0,0,0,0,0,0,0,1,0,0,0,0,0,0,0,1,0,1,0,0,0,0,0,0,0,0,0,0,0,0,0,0,0,0,0,0,0,0,0,0,0,0,0,0,0,0,0,0,0,0,0,0,0,0,0,0,0,0,0,0,0,0,0,0,0,0,0,0,0,0,0,0,0,0,0,0,0,0,0,0,0,0,0,0,0,0,0,0,0,0,0,0,0,0,0,0,0,0,0,0,0,0,0,0,0,0,0,0,0,0,0,0,0,0,0,0,0,0,0,0,0,0,0,0,0,0,0,0
0,0,0,0,0,0,0,0,0,0,0,0,0,0,0,0,0,0,0,0,0,0,0,0,0,0,0,0,0,0,0,0,1,0,0,0,0,0,1,0,1,1,0,0,0,0,0,0,0,0,0,1,0,0,1,0,0,0,0,0,1,0,0,0,1,0,0,0,0,0,0,0,0,0,0,0,1,0,0,0,0,0,0,0,0,0,0,0,0,0,0,0,0,1,0,0,0,0,1,0,0,0,0,0,0,0,0,0,0,0,0,0,0,0,0,0,0,0,0,0,0,0,0,0,0,0,0,0,0,1,0,0,0,0,0,0,0,0,0,0,0,0,0,0,0,0,0,0,0,0,0,0,0,0,0,0,0,0,0,0,0,0,0,0,0,0,0,0,0,0,0,0,0,0,0,0,0,0,0,0,0,0,0,0,0,0,0,0,0,0,0,0,0,0,0,0,0,0,0,0
0,0,0,0,0,0,0,0,0,0,0,0,0,0,0,0,0,0,0,0,0,0,0,0,0,0,0,0,0,0,0,0,0,0,0,0,0,1,0,0,1,0,1,0,0,0,0,0,0,1,0,1,1,1,1,0,1,0,1,0,1,1,0,0,1,0,0,0,0,0,0,0,0,0,1,0,0,0,0,0,0,0,0,0,1,0,0,0,0,0,0,0,0,0,0,0,0,0,0,0,0,0,0,0,0,0,0,0,0,0,0,0,0,0,0,0,0,0,0,0,0,0,0,0,0,0,0,0,0,0,0,0,0,0,0,0,0,0,0,0,0,0,0,0,0,0,0,0,0,0,0,0,0,0,0,0,0,0,0,0,0,0,0,0,0,0,0,0,0,0,0,0,0,0,0,0,0,0,0,0,0,0,0,0,0,0,0,0,0,0,0,0,0,0,0,0,0,0,0,0
0,0,0,0,0,0,0,0,0,0,0,0,0,0,0,0,0,0,1,0,2,0,0,0,0,0,0,0,2,0,0,0,0,0,0,0,1,1,0,0,0,0,0,0,2,0,0,0,1,0,0,2,0,0,0,0,0,0,0,0,0,0,0,0,0,0,0,0,0,0,0,0,0,1,0,1,0,0,0,0,0,1,1,0,0,1,0,0,0,0,0,0,0,0,0,0,0,0,0,0,0,0,0,0,0,0,0,1,0,0,0,0,0,0,0,0,0,0,1,0,0,0,0,0,0,0,0,0,0,0,0,0,0,0,0,0,0,0,0,0,0,0,0,0,0,0,0,0,0,0,0,0,0,0,0,0,0,0,0,0,0,0,0,0,0,0,0,0,0,0,0,0,0,0,0,0,0,0,0,0,0,0,0,0,0,0,0,0,0,0,0,0,0,0,0,0,0,0,0,0
0,0,0,0,0,0,0,0,0,0,0,0,0,0,0,0,0,0,0,0,0,0,1,0,0,0,0,0,0,1,0,0,0,0,0,0,0,0,0,0,1,0,1,0,1,0,0,0,0,1,0,0,0,0,0,0,1,0,0,0,0,1,0,0,0,1,0,0,0,0,0,0,0,0,0,1,0,0,0,0,0,0,0,0,0,0,0,0,0,0,1,1,1,0,1,0,0,1,1,0,0,0,0,0,0,0,0,0,0,0,0,0,0,0,0,0,0,0,0,0,0,0,0,0,0,0,0,0,0,0,0,0,0,1,0,0,0,0,0,0,0,0,0,0,0,0,0,0,0,0,0,0,0,0,0,0,0,0,0,0,0,0,0,0,0,0,0,0,0,0,0,0,0,0,0,0,0,0,0,0,0,0,0,0,0,0,0,0,0,0,0,0,0,0,0,0,0,0,0,0
0,0,0,0,0,0,0,0,0,0,0,0,0,0,0,0,0,0,0,0,0,0,0,0,0,0,1,0,1,0,1,0,0,0,0,1,0,0,0,0,0,0,0,0,0,0,0,0,0,0,0,0,1,0,0,1,0,0,0,0,0,0,0,0,0,1,0,0,1,0,0,0,0,0,0,0,1,1,0,0,0,0,0,1,0,0,1,0,0,0,0,0,0,0,0,0,0,0,0,0,1,0,1,0,0,0,0,0,0,0,0,0,0,1,0,0,0,0,0,0,0,0,0,0,0,0,0,0,0,1,0,0,0,0,0,0,0,0,0,0,0,0,0,0,0,0,0,0,0,0,0,0,0,0,0,0,0,0,0,0,0,0,0,0,0,0,0,0,0,0,0,0,0,0,0,0,0,0,0,0,0,0,0,0,0,0,0,0,0,0,0,0,0,0,0,0,0,0,0,0
0,0,0,0,0,0,0,0,0,1,0,0,0,0,0,0,0,0,0,0,0,0,0,0,0,0,0,0,0,0,0,1,0,0,0,0,0,0,0,1,0,0,1,0,0,0,0,1,0,1,0,0,0,0,0,0,0,0,1,0,0,0,0,0,0,1,1,0,0,0,0,0,1,0,0,0,0,0,0,0,0,0,0,0,1,0,0,0,0,0,0,1,0,0,0,0,0,0,0,0,0,0,0,1,0,0,0,0,0,0,0,0,0,0,0,0,0,0,0,0,0,0,0,0,0,0,0,0,0,0,0,0,0,0,0,0,0,0,0,0,0,0,0,0,0,0,0,0,0,0,0,0,0,0,0,0,0,0,0,0,0,0,0,0,0,0,0,0,0,0,0,0,0,0,0,0,0,0,0,0,0,0,0,0,0,0,0,0,0,0,0,0,0,0,0,0,0,0,0,0
0,0,0,0,0,0,0,0,0,0,0,0,0,0,0,0,0,0,0,0,0,0,1,1,0,0,0,0,1,0,1,0,2,2,0,0,0,0,0,0,0,2,0,0,0,2,0,0,0,0,0,0,0,0,3,0,0,0,0,0,0,2,0,1,0,0,0,1,0,0,0,0,0,0,0,0,0,0,0,0,0,0,0,0,0,0,1,0,0,0,0,0,0,0,0,0,0,0,0,0,0,0,0,0,0,0,0,0,0,0,0,0,0,0,1,0,0,0,0,0,0,0,0,0,0,0,0,0,0,0,0,0,0,0,0,0,0,0,0,0,0,0,0,0,0,0,0,0,0,0,0,0,0,0,0,0,0,0,0,0,0,0,0,0,0,0,0,0,0,0,0,0,0,0,0,0,0,0,0,0,0,0,0,0,0,0,0,0,0,0,0,0,0,0,0,0,0,0,0,0
0,0,0,0,0,0,0,0,0,0,0,0,0,0,0,0,0,0,0,0,0,0,0,0,0,0,0,1,0,0,1,0,0,0,1,0,0,0,0,0,1,1,0,0,0,0,0,0,1,0,1,0,0,1,0,0,0,0,0,0,0,0,1,1,0,0,1,1,0,0,0,0,0,0,0,0,0,0,0,0,0,0,0,0,0,0,1,0,1,0,2,0,0,0,0,1,0,0,0,0,0,0,0,0,0,0,0,0,0,0,0,0,0,0,0,0,0,0,0,0,0,0,0,0,0,0,0,0,0,0,0,0,0,0,0,0,0,0,0,0,0,0,0,0,0,0,0,0,0,0,0,0,0,0,0,0,0,0,0,0,0,0,0,0,0,0,0,0,0,0,0,0,0,0,0,0,0,0,0,0,0,0,0,0,0,0,0,0,0,0,0,0,0,0,0,0,0,0,0,0
0,0,0,0,0,0,0,0,0,0,0,0,0,0,0,0,0,0,0,0,0,0,1,0,0,0,0,1,0,0,0,0,0,0,0,1,0,0,0,0,0,0,0,1,0,1,0,1,0,0,0,1,0,1,0,1,0,0,0,0,1,0,0,0,0,0,1,0,0,0,0,1,0,0,0,0,0,0,0,0,0,1,0,1,0,0,0,0,0,0,0,0,1,0,0,0,0,0,0,0,0,0,0,0,0,0,0,1,0,1,1,0,0,0,0,0,0,0,0,0,0,0,0,0,0,0,0,0,0,0,0,0,0,0,0,0,0,0,0,0,0,0,0,0,0,0,0,0,0,0,0,0,0,0,0,0,0,0,0,0,0,0,0,0,0,0,0,0,0,0,0,0,0,0,0,0,0,0,0,0,0,0,0,0,0,0,0,0,0,0,0,0,0,0,0,0,0,0,0,0
0,0,0,0,0,0,0,0,0,0,0,0,0,0,0,0,0,0,0,0,0,0,0,0,0,0,1,0,0,0,1,1,1,0,0,0,0,0,0,0,0,1,0,0,0,0,2,0,0,0,0,1,0,0,0,0,0,0,0,0,0,0,0,0,0,1,0,1,0,0,0,0,0,0,1,0,1,0,1,0,0,0,0,0,0,0,0,0,0,0,0,0,0,0,0,0,0,0,0,0,0,0,0,0,0,0,0,0,0,0,0,0,0,0,0,0,0,0,0,0,0,0,0,0,0,1,0,0,0,0,0,0,0,0,0,0,0,0,0,0,0,0,0,0,0,0,0,0,0,0,0,0,0,0,0,0,0,0,0,0,0,0,0,0,0,0,0,0,0,0,0,0,0,0,0,0,0,0,0,0,0,0,0,0,0,0,0,0,0,0,0,0,0,0,0,0,0,0,0,0
0,0,0,0,0,0,0,0,0,0,0,0,0,0,0,0,0,0,0,0,0,0,0,0,1,1,0,1,0,0,0,0,0,0,0,0,0,0,0,0,0,0,0,0,0,0,0,1,0,0,1,1,0,0,0,0,0,0,1,0,1,0,0,0,0,2,0,0,0,0,0,0,0,0,0,0,0,0,0,0,0,0,1,0,0,0,0,0,0,1,0,0,0,0,0,0,0,0,0,0,0,0,0,0,0,0,0,0,0,0,0,0,0,0,0,0,0,0,0,0,0,0,0,0,0,0,0,0,0,0,0,0,0,0,0,0,0,0,0,0,0,0,0,0,0,0,0,0,0,0,0,0,0,0,0,0,0,0,0,0,0,0,0,0,0,0,0,0,0,0,0,0,0,0,0,0,0,0,0,0,0,0,0,0,0,0,0,0,0,0,0,0,0,0,0,0,0,0,0,0
0,0,0,0,0,0,0,0,0,0,0,0,0,0,0,0,0,0,0,0,0,0,0,0,0,0,0,0,0,0,1,0,0,0,0,0,1,0,0,1,2,1,0,0,0,0,1,1,0,0,1,0,0,1,0,0,0,0,0,0,0,1,0,0,0,0,1,0,0,0,0,0,0,0,0,0,0,0,0,0,0,0,0,0,0,0,0,0,0,0,0,0,0,0,0,0,0,0,1,0,0,0,0,0,0,0,0,0,0,0,0,0,0,0,0,0,0,0,0,0,0,0,0,0,0,0,0,0,0,0,0,0,0,0,0,0,0,0,0,0,0,0,0,0,0,0,0,0,0,0,0,0,0,0,0,0,0,0,0,0,0,0,0,0,0,0,0,0,0,0,0,0,0,0,0,0,0,0,0,0,0,0,0,0,0,0,0,0,0,0,0,0,0,0,0,0,0,0,0,0
0,0,0,0,0,0,0,0,0,0,0,0,0,0,0,0,0,0,0,0,0,0,0,0,0,0,0,0,0,0,0,0,0,0,0,1,0,0,0,0,0,0,0,0,0,0,0,2,0,0,1,0,0,0,0,0,0,1,1,0,0,0,2,0,0,0,1,0,0,0,0,1,0,0,0,0,0,1,0,0,0,0,0,0,0,0,0,0,0,0,0,0,0,2,0,0,0,0,0,0,0,0,0,0,0,0,0,0,0,0,0,0,0,0,0,0,0,0,0,0,0,0,0,0,0,0,0,0,0,0,0,0,0,0,0,0,0,0,0,0,0,0,0,0,0,0,0,0,0,0,0,0,0,0,0,0,0,0,0,0,0,0,0,0,0,0,0,0,0,0,0,0,0,0,0,0,0,0,0,0,0,0,0,0,0,0,0,0,0,0,0,0,0,0,0,0,0,0,0,0
0,0,0,0,0,0,0,0,0,0,0,0,0,0,0,0,0,0,0,0,0,0,0,0,0,0,0,0,0,0,0,0,0,0,0,0,0,0,0,0,0,1,1,0,0,0,1,0,0,0,0,0,0,0,1,1,0,0,0,0,0,0,0,0,0,0,0,0,0,0,1,0,0,0,0,0,0,0,0,0,0,0,0,0,0,0,0,0,0,0,0,0,0,0,0,0,0,0,0,0,0,0,0,0,0,0,0,0,0,0,0,0,1,0,0,0,0,0,0,0,0,0,0,0,0,0,0,0,0,0,0,0,0,0,0,0,0,0,0,0,0,0,0,0,0,0,0,0,0,0,0,0,0,0,0,0,0,0,0,0,0,0,0,0,0,0,0,0,0,0,0,0,0,0,0,0,0,0,0,0,0,0,0,0,0,0,0,0,0,0,0,0,0,0,0,0,0,0,0,0
0,0,0,0,0,0,0,0,0,0,0,0,0,0,0,0,0,0,0,1,0,0,0,0,0,0,0,0,0,0,0,0,0,0,0,0,0,0,0,0,0,1,0,0,0,0,0,0,1,0,1,0,0,0,0,1,1,0,1,0,1,1,0,0,0,1,0,0,1,0,0,0,0,1,0,0,0,1,0,0,0,1,0,0,0,0,0,0,0,0,0,0,0,0,0,0,0,0,0,0,0,0,0,0,0,0,0,0,0,0,0,1,0,0,0,0,0,0,0,0,0,0,0,0,0,0,0,0,0,0,0,0,0,0,0,0,0,0,0,0,0,0,0,0,0,0,0,0,0,0,0,0,0,0,0,0,0,0,0,0,0,0,0,0,0,0,0,0,0,0,0,0,0,0,0,0,0,0,0,0,0,0,0,0,0,0,0,0,0,0,0,0,0,0,0,0,0,0,0,0
0,0,0,0,0,0,0,0,1,2,0,0,0,0,0,0,0,0,0,0,0,0,0,0,0,0,0,0,0,0,0,0,0,0,0,0,0,0,0,0,0,0,0,0,0,0,0,0,0,0,0,0,1,0,0,1,2,0,0,0,0,0,0,1,0,0,1,0,0,0,0,0,0,0,0,0,0,0,0,0,0,0,0,0,2,0,0,0,0,0,0,0,0,0,0,0,0,0,0,0,0,0,0,0,0,0,0,0,0,0,0,1,0,0,1,0,0,0,0,0,0,0,0,0,0,0,0,0,1,0,0,0,0,0,0,0,0,0,0,0,0,0,0,0,0,0,0,0,0,0,0,0,0,0,0,0,0,0,0,0,0,0,0,0,0,0,0,0,0,0,0,0,0,0,0,0,0,0,0,0,0,0,0,0,0,0,0,0,0,0,0,0,0,0,0,0,0,0,0,0
0,0,0,0,0,0,0,0,0,0,0,0,0,0,0,0,0,0,0,0,0,0,0,0,0,0,0,0,0,1,0,0,0,0,0,0,0,0,0,0,1,0,0,0,0,0,0,0,0,0,1,0,0,1,1,1,0,0,0,0,1,0,0,1,0,2,1,0,1,0,0,1,0,0,0,0,0,0,0,0,0,0,0,0,0,0,0,2,0,0,0,0,0,0,0,0,0,0,0,0,0,0,0,0,0,0,0,0,0,0,0,0,0,0,0,0,0,0,0,0,0,0,0,0,0,0,0,0,0,0,1,0,0,0,0,0,0,0,0,0,0,0,0,0,0,0,0,0,0,0,0,0,0,0,0,0,0,0,0,0,0,0,0,0,0,0,0,0,0,0,0,0,0,0,0,0,0,0,0,0,0,0,0,0,0,0,0,0,0,0,0,0,0,0,0,0,0,0,0,0
0,0,0,0,0,0,0,0,0,0,0,0,0,0,0,0,0,0,0,0,0,0,0,0,0,0,0,0,0,0,0,0,0,0,1,0,1,1,0,0,0,0,0,0,0,0,0,0,0,0,0,0,1,0,0,0,0,0,0,0,0,0,0,0,0,0,0,0,1,0,0,0,0,1,0,1,0,0,0,0,1,0,0,0,0,0,0,0,0,0,0,0,0,1,0,0,0,1,0,0,0,0,0,0,0,0,0,0,0,0,0,0,0,0,0,0,0,0,0,0,0,0,0,0,0,0,0,0,0,0,0,0,0,0,0,0,0,0,0,0,0,0,0,0,0,0,0,0,0,0,0,0,0,0,0,0,0,0,0,0,0,0,0,0,0,0,0,0,0,0,0,0,0,0,0,0,0,0,0,0,0,0,0,0,0,0,0,0,0,0,0,0,0,0,0,0,0,0,0,0
0,0,0,0,0,0,0,0,0,0,0,0,0,0,0,0,0,0,0,0,0,0,0,0,0,0,0,0,0,0,1,0,0,0,0,0,0,0,0,0,1,1,1,0,0,0,0,0,0,1,1,0,0,0,0,0,0,0,0,0,0,0,0,0,0,0,0,0,1,0,1,0,0,0,0,0,0,0,0,0,0,0,0,1,0,1,0,0,0,0,0,0,0,0,0,0,0,0,0,0,0,0,1,0,0,0,0,0,0,0,0,0,0,0,0,0,0,0,0,0,0,0,0,0,0,0,0,0,0,0,0,0,0,0,0,0,0,0,0,0,0,0,0,0,0,0,0,0,0,0,0,0,0,0,0,0,0,0,0,0,0,0,0,0,0,0,0,0,0,0,0,0,0,0,0,0,0,0,0,0,0,0,0,0,0,0,0,0,0,0,0,0,0,0,0,0,0,0,0,0
0,0,0,0,0,0,0,0,0,0,0,0,0,0,0,0,0,0,0,0,0,0,0,0,0,0,0,0,0,0,0,1,0,0,2,0,1,0,0,0,0,0,0,0,0,0,0,0,0,0,1,0,0,1,1,0,1,1,0,0,0,0,0,0,1,0,0,0,0,0,0,0,0,0,0,0,0,0,0,0,1,0,0,0,0,0,0,0,0,0,0,1,0,0,0,0,0,0,0,0,0,0,0,0,0,0,0,0,0,0,0,0,0,0,0,0,0,0,0,0,0,0,0,0,0,0,0,0,0,0,0,0,0,0,0,0,0,0,0,0,0,0,0,0,0,0,0,0,0,0,0,0,0,0,0,0,0,0,0,0,0,0,0,0,0,0,0,0,0,0,0,0,0,0,0,0,0,0,0,0,0,0,0,0,0,0,0,0,0,0,0,0,0,0,0,0,0,0,0,0
0,0,0,0,0,0,0,1,0,0,0,0,0,0,0,0,0,0,0,0,0,0,0,0,0,0,0,0,0,0,0,0,0,0,0,0,1,0,1,0,0,2,0,0,0,0,0,0,0,0,0,0,0,0,0,0,0,0,1,0,0,2,1,0,1,0,0,0,0,0,0,0,0,0,0,0,0,0,1,0,0,0,0,0,1,0,0,0,0,0,0,0,0,0,0,0,0,0,0,0,0,0,0,0,0,0,0,0,0,0,0,0,0,0,0,0,0,0,0,0,0,0,0,0,0,0,0,0,0,0,0,0,0,0,0,0,0,0,0,0,0,0,0,0,0,0,0,0,0,0,0,0,0,0,0,0,0,0,0,0,0,0,0,0,0,0,0,0,0,0,0,0,0,0,0,0,0,0,0,0,0,0,0,0,0,0,0,0,0,0,0,0,0,0,0,0,0,0,0,0
0,0,0,0,0,0,0,0,0,0,0,0,0,0,0,0,0,0,0,0,0,0,0,0,0,0,0,0,0,0,0,0,0,0,0,0,0,0,0,0,0,0,2,0,1,1,0,0,0,1,0,0,0,2,0,0,0,0,0,0,0,1,0,1,0,0,0,0,0,0,0,0,0,0,0,0,0,0,1,0,0,0,0,0,0,0,0,0,0,0,0,0,0,0,0,0,0,0,0,0,0,1,0,0,0,0,0,0,0,0,0,0,0,0,0,0,1,0,0,0,0,0,0,1,0,0,0,0,0,0,0,0,0,0,0,0,0,1,0,0,0,0,0,0,0,0,0,0,0,0,0,0,0,0,0,0,0,0,0,0,0,0,0,0,0,0,0,0,0,0,0,0,0,0,0,0,0,0,0,0,0,0,0,0,0,0,0,0,0,0,0,0,0,0,0,0,0,0,0,0
0,0,0,0,0,0,0,0,0,0,0,0,0,0,0,0,0,0,0,0,0,1,0,0,0,0,0,0,0,0,0,0,0,0,0,0,0,0,0,0,0,0,0,0,0,0,0,0,0,1,0,0,0,0,0,1,0,0,0,0,0,0,0,1,0,0,0,0,0,0,0,0,0,0,0,1,0,0,0,0,0,0,0,0,0,0,0,0,0,0,0,0,0,0,0,0,0,0,1,1,0,0,0,1,0,0,0,0,0,0,0,0,0,0,0,0,0,0,0,0,0,0,0,0,0,0,0,0,0,0,0,0,0,0,0,0,0,0,0,0,0,0,0,0,0,0,0,0,0,0,0,0,0,0,0,0,0,0,0,0,0,0,0,0,0,0,0,0,0,0,0,0,0,0,0,0,0,0,0,0,0,0,0,0,0,0,0,0,0,0,0,0,0,0,0,0,0,0,0,0
0,0,0,0,0,0,0,0,0,0,0,0,0,0,0,0,0,0,0,0,0,0,0,0,0,0,0,0,0,0,0,0,0,1,0,0,0,0,0,0,0,0,1,0,0,0,0,0,0,1,0,0,0,0,0,1,0,1,0,0,0,0,0,2,0,0,0,0,0,0,0,0,0,0,0,1,0,0,1,0,0,0,1,0,0,0,0,0,0,0,0,0,0,0,0,0,0,0,0,0,0,0,0,0,0,0,0,0,0,0,0,0,0,0,0,0,0,0,0,0,0,0,0,1,0,0,0,0,0,0,0,0,0,0,0,0,0,0,0,0,0,0,0,0,0,0,0,0,0,0,0,0,0,0,0,0,0,0,0,0,0,0,0,0,0,0,0,0,0,0,0,0,0,0,0,0,0,0,0,0,0,0,0,0,0,0,0,0,0,0,0,0,0,0,0,0,0,0,0,0
0,0,0,0,0,0,0,0,0,0,0,0,0,0,0,0,0,0,0,0,0,0,0,0,0,0,0,0,0,0,0,0,0,0,0,0,0,0,0,0,0,0,0,0,0,0,1,0,1,0,0,1,2,0,0,0,0,1,1,0,0,0,0,1,0,0,0,0,0,0,1,0,0,0,0,1,0,2,0,0,0,0,0,1,1,0,0,0,0,0,0,0,0,0,0,0,0,0,0,0,0,0,0,0,0,0,0,0,0,0,0,0,0,0,0,0,0,0,0,0,0,0,0,0,0,0,0,0,0,0,0,0,0,0,0,0,0,0,0,0,0,0,0,0,0,0,0,0,0,0,0,0,0,0,0,0,0,0,0,0,0,0,0,0,0,0,0,0,0,0,0,0,0,0,0,0,0,0,0,0,0,0,0,0,0,0,0,0,0,0,0,0,0,0,0,0,0,0,0,0
0,0,0,0,0,0,0,0,0,0,0,0,0,0,0,0,0,0,0,0,0,0,0,0,0,0,0,0,0,0,0,0,0,1,0,0,0,0,0,0,0,0,0,0,0,0,0,0,0,0,1,0,0,0,1,0,0,0,1,1,0,0,0,0,0,0,0,1,0,1,0,0,0,1,1,0,0,0,0,0,1,0,0,0,0,0,0,0,0,0,0,0,0,0,0,0,0,0,0,0,0,0,0,0,0,0,0,0,0,0,0,0,0,0,0,0,0,0,0,0,0,0,0,0,0,0,0,0,0,0,0,0,0,0,0,0,0,0,0,0,0,0,0,0,0,0,0,0,0,0,0,0,0,0,0,0,0,0,0,0,0,0,0,0,0,0,0,0,0,0,0,0,0,0,0,0,0,0,0,0,0,0,0,0,0,0,0,0,0,0,0,0,0,0,0,0,0,0,0,0
0,0,0,0,0,0,0,0,0,0,0,0,0,0,0,0,0,0,0,0,0,0,0,0,0,0,0,0,0,0,0,1,1,0,0,0,0,0,0,0,0,1,0,0,0,0,0,0,0,1,0,0,0,0,1,0,1,1,1,0,0,0,1,0,1,0,0,0,0,0,0,0,0,1,0,1,0,0,0,1,0,0,0,0,1,0,1,0,0,0,0,0,0,0,0,0,0,0,0,0,0,0,0,0,0,0,1,0,0,0,0,0,0,0,0,0,0,0,0,0,0,0,0,0,0,0,0,0,0,0,0,0,0,0,0,0,0,0,0,0,0,0,0,0,0,0,0,0,0,0,0,0,0,0,0,0,0,0,0,0,0,0,0,0,0,0,0,0,0,0,0,0,0,0,0,0,0,0,0,0,0,0,0,0,0,0,0,0,0,0,0,0,0,0,0,0,0,0,0,0
0,0,0,0,0,0,0,0,0,0,0,0,0,0,0,0,0,0,0,0,0,0,0,0,0,0,0,0,0,1,0,0,0,0,0,0,0,0,0,0,0,0,0,1,0,0,0,0,2,0,0,0,0,0,0,0,0,0,0,0,1,0,1,0,0,0,0,0,0,0,0,1,0,0,0,0,0,0,0,0,0,0,0,1,0,0,0,0,0,0,1,0,0,0,0,0,0,0,0,0,0,0,0,0,0,0,0,0,0,0,0,0,0,0,0,1,0,0,0,0,0,0,0,0,0,0,0,0,0,0,0,0,0,0,0,0,0,0,0,0,0,0,0,0,0,0,0,0,0,0,0,0,0,0,0,0,0,0,0,0,0,0,0,0,0,0,0,0,0,0,0,0,0,0,0,0,0,0,0,0,0,0,0,0,0,0,0,0,0,0,0,0,0,0,0,0,0,0,0,0
0,0,0,0,0,0,0,0,0,0,0,0,0,0,0,0,0,0,0,0,0,0,0,0,1,0,0,0,0,0,0,0,0,1,0,0,0,0,0,0,0,0,0,0,0,0,0,0,0,0,0,0,0,0,1,0,0,0,0,0,0,0,0,0,0,0,0,0,0,0,1,0,0,0,0,0,0,0,0,0,0,0,0,0,0,0,1,0,1,0,0,0,0,0,0,0,0,0,0,0,0,0,0,0,0,0,0,0,0,0,0,0,0,0,0,0,0,0,0,0,0,0,0,0,0,0,0,0,0,0,0,0,0,0,0,0,0,0,0,0,0,0,0,0,0,0,0,0,0,0,0,0,0,0,0,0,0,0,0,0,0,0,0,0,0,0,0,0,0,0,0,0,0,0,0,0,0,0,0,0,0,0,0,0,0,0,0,0,0,0,0,0,0,0,0,0,0,0,0,0
