0,0,0,0,0,0,0,0,0,4,2,4,3,2,5,0,2,7,5,8,6,5,19,8,19,13,18,16,22,46,27,31,38,48,40,59,52,71,62,83,84,77,102,118,80,114,136,193,196,188,208,194,243,307,257,283,301,326,393,431,465,464,483,519,518,494,568,661,623,680,698,775,766,817,890,840,853,929,1046,1049,993,1013,1051,1153,1057,1137,1118,1145,1164,1185,1164,1147,1316,1191,1218,1267,1282,1329,1184,1229,1246,1266,1210,1268,1292,1199,1107,1002,1226,1040,1156,1020,1046,1059,1013,932,993,937,797,862,806,791,699,630,679,622,642,600,557,547,499,487,453,393,401,392,371,343,325,290,310,285,251,208,211,199,168,197,163,169,126,106,135,98,85,88,114,111,74,61,50,72,49,53,45,26,37,20,24,13,17,20,17,21,9,14,12,8,10,7,1,4,2,7,6,6,5,0,0,3,0,4,2,2,0,0,0,1,0,0
0,0,0,2,0,0,0,0,0,2,5,4,2,6,1,2,2,6,7,4,9,5,34,11,15,14,28,18,25,51,38,45,44,51,64,69,52,102,66,106,89,92,116,151,95,154,153,188,258,216,259,242,270,353,310,371,388,409,488,506,565,562,575,578,623,652,705,746,778,769,789,903,845,927,1001,1008,1037,1154,1089,1120,1170,1141,1098,1304,1107,1227,1305,1189,1213,1201,1178,1221,1230,1171,1251,1168,1255,1213,1183,1202,1101,1101,1042,1088,1100,1050,1005,921,1052,882,981,839,857,816,766,760,775,778,593,606,634,569,607,528,487,451,457,468,413,467,396,335,312,308,250,272,280,275,225,218,246,190,166,153,147,144,131,113,125,117,111,93,101,66,46,69,73,83,46,34,32,58,26,42,23,18,24,18,15,19,10,18,3,11,14,8,13,12,2,4,1,2,1,8,3,6,5,2,0,3,0,1,1,1,0,0,0,1,0,0
0,0,0,0,0,0,0,0,0,7,0,3,2,3,1,1,3,10,11,8,11,2,24,16,29,22,37,19,37,44,54,43,47,67,70,76,63,123,96,139,105,88,141,186,114,167,192,240,308,284,327,268,360,419,401,430,411,487,526,533,599,667,641,649,683,657,773,860,834,918,881,1002,928,981,1029,995,1055,1139,1216,1234,1232,1231,1082,1343,1218,1305,1262,1236,1263,1199,1248,1108,1229,1107,1184,1126,1146,1140,1048,1190,1035,1086,995,1092,1014,907,866,793,925,766,842,749,747,710,629,620,646,559,527,546,570,453,435,341,393,385,326,335,291,304,300,266,245,238,196,193,186,222,162,137,154,151,104,109,119,107,97,101,87,78,76,70,62,58,61,41,43,62,47,40,29,40,26,36,26,15,20,10,17,11,10,11,5,8,9,9,8,4,5,6,3,5,0,6,3,2,0,2,0,0,0,3,1,0,0,0,0,1,0,0
0,0,0,1,0,0,0,0,0,7,0,5,0,1,1,2,1,2,10,10,14,10,27,10,28,23,44,25,43,63,52,44,54,57,74,101,79,103,96,125,132,134,148,177,147,197,212,248,299,317,328,318,401,451,383,440,490,506,529,622,600,764,705,707,771,722,784,899,908,969,1013,1038,993,991,1144,1091,1130,1206,1281,1253,1232,1189,1100,1323,1178,1228,1277,1228,1247,1174,1153,1119,1150,1065,1174,1064,1088,1071,1010,1060,948,926,884,929,867,860,756,692,769,678,708,577,593,559,514,554,533,497,407,407,403,374,296,328,301,291,267,319,265,226,227,200,183,173,140,137,133,129,171,122,108,97,85,86,99,77,69,76,88,64,51,53,32,45,28,35,42,38,39,25,18,25,20,25,24,13,19,5,21,8,14,10,4,10,6,4,7,3,6,2,1,4,1,2,4,3,0,1,0,2,0,2,0,1,0,0,0,4,0,0
0,0,0,0,0,0,0,0,0,6,0,3,2,2,2,1,3,4,9,11,19,5,36,18,32,22,35,30,48,65,65,54,59,61,69,77,99,112,136,120,144,127,169,181,133,202,226,266,350,334,356,330,399,479,458,479,485,566,634,640,730,730,749,795,785,749,862,930,906,1000,992,1047,1104,1035,1226,1091,1088,1237,1324,1304,1222,1274,1173,1298,1194,1229,1213,1193,1172,1120,1165,1100,1160,1020,1084,988,999,1040,936,920,818,822,805,786,796,742,663,594,707,584,614,541,500,525,505,450,420,404,343,328,321,326,252,233,274,246,189,211,160,185,161,159,148,129,106,118,98,111,122,78,87,71,64,64,63,60,60,52,52,62,34,42,33,30,21,27,25,30,23,24,23,19,9,20,15,6,9,8,7,16,7,7,6,8,1,7,7,8,2,4,3,3,0,3,3,8,1,0,0,2,0,0,0,2,0,0,0,1,0,0
0,0,0,2,0,0,0,0,0,7,0,3,6,2,2,3,6,12,9,15,16,13,34,17,25,22,59,29,46,79,61,60,74,77,87,85,107,133,110,156,157,110,193,201,164,238,201,298,366,344,360,353,423,529,450,481,501,540,663,712,745,812,823,816,835,818,934,991,1035,1000,1040,1114,1119,1150,1204,1182,1134,1187,1275,1284,1268,1262,1153,1361,1129,1250,1215,1122,1158,1147,1115,1002,1027,956,1010,885,925,934,904,878,806,780,708,761,727,661,629,547,592,520,546,460,439,467,360,391,350,345,299,299,285,257,216,211,208,180,185,145,157,164,124,113,118,94,82,100,76,84,80,56,62,67,47,37,54,52,41,35,36,38,31,35,33,22,18,28,19,24,21,15,17,25,11,21,10,10,16,5,5,3,7,11,1,5,5,7,2,3,4,2,1,3,0,8,1,2,1,1,0,1,0,3,0,0,0,0,0,2,0,0
0,0,0,3,0,0,0,0,0,6,1,2,5,4,1,4,4,10,6,9,17,12,46,11,35,28,38,37,44,81,60,65,72,80,90,109,105,160,139,157,154,123,171,205,167,251,243,296,374,380,383,387,441,541,524,532,533,618,697,699,768,838,793,802,826,848,942,980,1006,989,1077,1118,1063,1076,1195,1166,1123,1198,1229,1210,1157,1213,1084,1280,1108,1175,1095,1089,1105,1034,1021,979,1008,904,921,856,909,850,790,814,679,699,649,734,664,578,549,460,551,446,482,390,380,388,348,317,316,303,202,236,274,219,195,168,171,164,147,127,109,132,123,106,75,80,54,68,71,70,57,59,50,51,40,27,49,32,22,31,37,24,24,19,21,21,14,20,20,19,15,15,15,20,10,13,9,11,7,1,7,2,4,5,3,7,3,2,3,5,3,2,0,3,0,1,4,1,0,1,0,1,0,1,0,0,0,0,0,1,0,0
0,0,0,1,0,0,0,0,0,9,2,5,2,7,2,3,4,7,10,12,17,14,49,20,27,29,39,47,62,71,58,60,68,88,99,104,137,140,152,161,180,138,181,235,189,279,254,312,395,381,373,386,482,599,509,533,580,600,722,751,759,848,830,834,913,853,937,1022,986,1039,1070,1115,1128,1107,1261,1159,1199,1124,1211,1217,1138,1199,1031,1277,1073,1178,1116,969,1047,928,985,915,959,901,861,843,778,799,721,758,668,627,624,639,563,566,475,462,406,424,400,336,339,338,302,273,249,220,183,200,200,182,163,136,171,135,96,118,98,99,80,91,72,64,53,62,48,72,43,45,56,32,30,27,36,25,24,23,28,25,16,25,15,11,9,10,13,20,18,7,10,15,11,8,6,5,14,5,3,3,6,8,2,4,1,1,3,0,1,5,0,2,0,2,2,3,0,1,0,3,0,0,0,1,0,0,0,1,0,0
0,0,0,0,0,0,0,0,0,15,2,2,10,7,0,0,4,11,9,15,16,14,43,10,33,28,62,23,56,63,84,68,73,92,104,112,104,156,147,154,175,108,205,204,187,252,262,309,423,403,421,412,506,587,524,553,594,615,730,724,749,890,823,848,854,875,964,1069,1075,1046,1079,1116,1156,1132,1242,1150,1154,1137,1171,1233,1153,1085,1068,1146,1037,1086,1055,1053,1033,943,886,890,891,774,839,771,754,713,707,686,643,588,542,556,542,504,429,382,442,375,341,330,312,283,239,270,255,208,161,201,148,149,139,130,123,118,101,88,85,107,71,64,51,44,50,50,41,46,39,32,28,30,29,24,31,22,14,23,20,29,8,21,19,10,15,6,8,3,10,6,10,16,6,7,6,6,10,8,6,1,6,11,2,7,0,0,4,6,1,1,0,2,0,4,3,2,0,1,0,0,0,2,1,0,0,0,0,1,0,0
0,0,0,2,0,0,0,0,0,9,0,3,13,6,2,2,5,5,16,9,20,11,40,14,42,28,56,35,57,78,82,74,76,95,105,112,111,155,149,179,184,142,231,255,210,276,283,366,420,443,453,409,523,570,556,566,623,678,710,778,778,857,875,864,882,819,959,1066,1022,972,1018,1145,1094,1042,1266,1111,1055,1180,1124,1113,1093,1153,1043,1150,982,1061,1016,944,988,927,857,941,893,730,717,692,699,679,629,649,564,529,539,566,460,415,421,349,386,319,348,274,306,277,212,193,212,189,130,168,151,165,119,98,99,97,80,70,77,73,55,66,55,35,34,36,42,28,33,36,19,24,20,11,24,19,16,12,15,13,16,15,12,13,16,7,8,12,10,7,6,6,8,11,11,4,2,3,4,1,1,3,0,3,3,1,4,3,2,1,1,1,0,2,1,1,0,0,0,2,0,0,0,0,0,0,0,7,0,0
0,0,0,1,0,0,0,0,0,1,3,3,8,3,1,2,6,9,10,9,16,13,36,14,43,27,66,43,63,90,84,62,68,99,122,118,99,161,131,181,175,168,213,242,176,246,307,345,443,439,454,420,512,601,556,580,579,657,750,725,775,912,893,815,847,837,966,1083,1008,948,1014,1030,1046,1062,1136,1102,1028,1077,1116,1200,1086,1084,983,1102,964,979,953,866,863,830,841,856,800,720,709,644,690,664,583,564,525,465,481,499,500,398,364,310,336,322,312,274,268,292,202,221,207,160,138,144,131,120,119,86,85,85,59,75,67,70,57,47,31,40,28,34,30,33,28,23,21,20,18,20,16,17,8,11,19,9,6,18,11,8,9,5,5,6,7,8,1,11,2,5,0,5,2,1,5,5,2,3,2,1,2,0,2,3,1,1,0,2,0,4,2,1,0,0,0,3,0,2,0,0,0,0,0,0,0,0
0,0,0,2,0,0,0,0,0,10,1,3,9,1,0,2,11,11,14,14,24,18,47,18,40,29,69,36,63,80,78,82,85,90,109,106,109,184,132,163,196,168,222,238,187,281,275,362,450,417,435,403,508,550,518,546,627,656,774,716,784,846,843,822,903,809,939,1053,974,949,1062,1044,1049,1036,1127,1089,1062,1117,1049,1097,1015,1010,911,1076,888,936,982,829,832,799,804,783,792,646,681,622,653,607,546,535,473,462,437,443,386,377,338,283,326,280,283,234,215,198,172,211,180,157,120,136,124,112,77,89,88,73,53,60,39,54,48,46,33,31,24,39,35,25,24,14,14,21,15,17,12,12,11,12,11,9,12,7,9,5,5,4,3,5,2,3,7,5,6,6,2,6,4,2,3,2,3,0,1,1,2,1,2,1,2,0,0,1,0,0,0,2,1,0,0,0,0,1,0,0,0,0,0,2,0,0
0,0,0,2,0,0,0,0,0,12,2,11,4,1,5,0,8,18,8,17,18,17,41,22,40,31,64,37,63,86,93,74,77,96,122,127,137,166,157,202,180,161,226,263,234,295,294,340,400,426,425,405,508,605,521,563,578,594,767,760,787,887,791,854,880,790,911,962,998,942,1046,1091,1011,995,1068,1041,1029,1082,1028,1091,1026,996,899,1016,910,894,894,827,850,773,776,718,708,620,633,598,599,589,480,495,478,429,418,387,372,329,302,276,271,236,259,218,217,201,177,155,154,100,107,115,94,111,81,88,62,71,41,53,50,46,46,44,27,27,22,25,21,27,22,16,23,20,9,16,15,10,6,11,4,10,7,4,9,7,5,6,4,9,4,1,3,5,1,2,0,4,3,4,5,2,2,2,1,3,1,1,0,2,0,2,0,0,0,3,0,0,1,0,0,0,0,1,0,0,0,0,0,1,0,0
0,0,0,0,0,0,0,0,0,9,1,2,10,2,1,3,7,6,14,8,17,19,39,14,43,27,62,42,63,83,92,92,82,103,106,123,137,150,148,202,232,152,223,248,201,289,261,340,491,412,419,444,484,683,474,565,596,648,700,771,786,867,822,859,874,834,918,1017,982,942,990,1070,1028,979,1014,957,1005,995,1033,1007,977,900,876,995,867,892,880,828,783,746,696,692,626,633,564,564,552,488,427,449,454,396,401,388,324,298,286,222,266,227,223,208,160,166,136,126,125,119,111,93,105,79,77,54,65,52,31,48,35,30,39,26,28,28,19,23,21,21,21,17,17,14,15,11,5,7,4,10,9,2,8,6,1,4,1,2,5,4,4,5,2,9,5,5,1,3,2,2,0,2,3,1,2,1,0,1,1,2,4,2,0,1,0,3,3,2,0,0,0,0,0,0,0,0,0,0,0,3,0,0
0,0,0,2,0,0,0,0,0,7,0,5,6,0,1,1,5,7,7,22,24,15,51,15,37,28,54,22,62,89,91,88,76,113,126,131,121,183,158,159,220,136,230,267,202,261,282,384,410,429,474,398,507,609,568,557,606,654,707,749,783,815,859,804,803,799,921,969,910,900,1015,987,1000,992,1054,930,986,1050,995,1065,955,900,802,897,818,808,818,742,774,679,646,667,632,571,545,545,561,524,419,432,398,378,350,368,297,283,240,227,263,190,186,170,163,148,144,135,121,113,86,96,79,77,54,50,50,52,38,36,32,35,31,28,22,22,11,24,7,14,10,11,13,14,7,11,9,7,6,8,6,8,2,5,6,6,4,4,3,0,4,1,0,3,4,0,2,1,1,2,3,1,2,3,0,1,2,0,2,0,1,2,0,1,0,2,1,2,0,0,0,0,0,3,0,0,0,0,0,1,0,0
0,0,0,4,0,0,0,0,0,17,1,7,9,2,2,2,4,8,14,18,30,16,38,26,64,34,65,35,72,93,71,86,103,115,98,115,121,158,147,182,206,137,223,270,203,278,273,374,467,440,445,402,505,626,546,571,610,652,715,754,778,853,823,782,802,800,911,942,913,879,986,937,908,978,1030,1003,889,1035,928,996,867,854,766,842,754,786,809,711,700,636,665,612,574,503,551,485,463,481,431,378,370,366,288,341,291,296,221,192,198,195,185,133,152,162,121,121,115,96,75,69,68,65,61,47,48,44,37,41,30,26,21,26,20,17,15,15,18,17,6,8,8,14,15,8,9,3,4,10,9,4,8,2,4,4,2,3,3,5,6,1,6,3,0,3,0,3,0,2,3,3,0,0,0,3,1,0,2,0,1,3,0,0,0,1,0,1,0,0,0,0,0,0,0,0,0,0,0,0,0,0
0,0,0,2,0,0,0,0,0,11,1,7,3,2,2,0,5,12,13,9,20,24,50,16,39,42,70,35,64,72,84,97,78,120,124,142,119,178,134,162,196,162,232,264,233,272,255,381,445,399,443,420,479,618,515,591,612,631,715,760,698,848,803,780,804,795,926,938,893,930,954,974,895,881,1001,904,934,906,923,1000,927,863,798,899,698,772,751,692,700,608,622,581,600,521,503,495,500,435,404,371,345,310,302,319,268,239,233,176,206,180,183,145,111,114,121,106,101,83,57,87,65,55,49,33,52,38,32,23,33,30,22,30,24,18,14,13,8,18,8,12,13,6,7,6,3,7,6,4,5,4,0,4,3,7,0,2,3,1,2,0,1,3,1,2,0,1,0,2,0,2,2,3,1,3,2,0,1,0,1,1,0,0,0,1,2,1,0,0,0,2,0,0,0,0,0,0,0,1,0,0
0,0,0,3,0,0,0,0,0,15,4,5,9,5,2,2,6,11,16,15,16,21,38,16,52,27,63,33,69,73,95,80,114,96,115,127,110,170,132,187,190,156,249,255,226,296,244,387,472,460,427,403,464,597,511,518,586,620,696,744,790,869,788,786,766,778,839,911,919,882,922,920,887,931,991,923,863,920,874,909,822,839,732,835,722,736,740,625,668,657,565,538,542,451,456,410,415,421,376,355,326,325,265,277,238,253,199,180,175,175,174,138,129,127,105,82,104,91,63,50,70,50,54,38,40,31,27,27,21,27,25,15,17,21,9,16,6,13,5,4,7,10,10,4,3,2,4,2,3,4,1,2,1,2,2,2,3,4,1,1,2,3,2,1,1,3,0,2,0,1,0,1,0,2,1,0,0,0,0,0,0,0,0,0,0,0,0,0,0,0,0,0,0,0,0,0,0,0,0,0
0,0,0,0,0,0,0,0,0,15,1,3,6,3,3,2,6,13,10,14,19,26,47,13,61,31,70,41,75,75,70,86,107,116,112,118,128,194,179,180,189,180,209,277,216,285,283,358,421,428,446,419,479,582,494,514,586,610,694,722,732,742,784,796,736,761,868,872,851,866,848,942,855,869,961,949,839,877,845,877,828,733,727,804,697,696,691,595,584,563,559,525,508,439,457,402,420,364,333,318,311,314,302,280,254,234,205,167,169,164,173,137,115,107,89,98,88,77,73,66,67,31,45,28,40,21,25,28,24,19,19,17,13,19,10,12,7,14,6,4,3,8,3,3,3,1,6,3,3,0,5,0,2,5,3,4,1,2,2,2,0,1,1,1,1,0,1,4,0,3,0,0,0,1,0,0,0,1,1,2,0,1,0,0,2,0,0,1,0,2,0,0,0,0,0,0,0,0,0,0
0,0,0,2,0,0,0,0,0,10,2,7,4,0,2,2,4,16,12,9,23,26,38,23,42,35,75,42,92,81,110,108,84,100,115,123,133,162,148,191,218,167,221,274,211,254,280,358,471,435,463,415,507,610,502,550,546,605,705,766,686,777,831,715,706,699,848,853,858,817,836,849,850,837,907,831,830,834,819,837,752,735,646,801,657,660,666,613,627,540,560,514,499,457,422,357,356,335,335,311,293,264,256,260,224,199,185,154,146,113,137,113,104,98,88,64,80,60,72,53,46,39,43,38,38,20,20,23,14,19,16,18,8,14,7,6,9,8,7,4,7,8,3,3,3,3,1,2,4,1,3,2,1,0,4,0,1,6,3,0,1,1,2,2,1,0,2,2,1,0,1,1,0,0,1,0,0,1,0,0,0,0,0,0,0,0,0,0,0,2,0,0,0,0,0,0,0,0,0,0
0,0,0,2,0,0,0,0,0,12,2,5,6,6,3,2,5,11,10,15,31,8,58,15,50,42,80,39,80,96,87,87,91,107,99,138,126,186,162,160,194,142,205,276,199,260,303,343,445,437,450,400,489,562,491,557,556,608,721,710,698,813,745,728,770,760,809,825,818,770,809,842,857,811,836,806,787,858,789,810,780,754,670,701,624,671,645,537,579,549,517,470,447,403,411,360,368,367,271,293,284,252,246,216,217,185,149,128,141,142,139,122,97,86,79,70,84,71,44,44,40,44,29,33,30,25,12,27,15,22,22,16,10,11,9,6,9,13,6,4,2,3,2,5,5,3,3,1,2,1,2,2,2,0,1,1,1,3,1,0,2,1,0,0,0,0,2,0,0,0,0,2,0,1,0,0,1,0,1,0,0,0,0,0,0,0,0,0,0,0,0,2,0,0,0,0,0,1,0,0
0,0,0,1,0,0,0,0,0,6,0,5,7,3,0,1,7,13,12,18,20,20,48,20,45,28,78,44,64,95,86,93,85,107,97,125,127,195,137,176,207,131,207,270,196,274,295,374,429,418,460,414,431,606,499,546,565,622,683,651,709,698,675,676,709,698,782,826,819,773,820,837,759,759,859,787,702,784,719,768,741,715,639,720,588,573,577,537,515,454,479,428,410,407,387,389,326,309,265,266,254,235,228,224,215,158,147,123,143,130,117,87,101,84,58,85,64,52,46,33,44,39,34,32,32,23,18,18,19,21,15,11,16,14,12,10,4,7,7,6,11,6,4,6,5,2,2,1,3,2,1,1,1,1,1,2,1,1,0,1,2,0,1,2,1,0,0,0,1,1,2,0,0,2,2,0,2,2,1,0,0,0,0,1,0,0,0,0,0,0,0,1,0,0,0,0,0,0,0,0
0,0,0,1,0,0,0,0,0,11,1,3,6,5,3,4,9,15,17,19,26,23,34,20,38,36,78,43,76,93,87,86,89,103,121,124,128,194,169,161,207,128,230,270,234,264,256,343,435,393,426,366,489,579,483,527,514,557,624,680,658,771,679,725,702,633,746,785,765,720,801,803,783,769,879,788,768,772,796,764,660,660,613,648,595,546,566,539,514,460,436,427,410,349,337,343,339,305,279,282,207,245,213,210,201,152,137,120,134,95,128,82,89,90,68,84,56,46,47,49,32,33,24,22,28,18,14,24,8,16,11,8,9,10,9,7,6,4,2,4,8,2,3,2,1,2,2,3,3,2,1,0,1,2,1,0,2,2,0,1,1,0,2,0,1,0,1,0,1,1,2,2,0,0,1,0,0,0,0,0,0,1,0,0,0,0,0,0,0,0,0,0,0,0,0,0,0,0,0,0
0,0,0,2,0,0,0,0,0,13,1,3,6,4,2,3,5,11,18,14,22,13,47,16,50,23,79,46,51,92,92,86,90,105,124,141,135,193,131,185,194,159,215,235,200,283,258,341,408,388,431,375,472,592,442,529,543,565,637,690,619,702,712,709,674,672,711,777,762,780,715,785,746,743,780,716,755,737,693,690,629,653,586,637,589,546,548,506,485,444,412,391,372,320,334,304,302,310,285,240,200,203,173,189,171,164,136,133,104,102,75,94,83,60,71,59,51,54,39,33,45,35,21,26,25,19,10,11,14,14,17,12,9,7,7,6,8,4,4,4,0,3,4,2,1,2,0,0,0,0,1,1,0,0,0,3,3,1,3,0,1,1,0,3,0,0,2,0,1,1,0,1,1,1,1,0,0,0,0,1,0,0,0,0,0,0,0,0,0,0,0,0,0,0,0,0,0,0,0,0
0,0,0,1,0,0,0,0,0,10,1,6,7,4,1,0,4,9,15,10,29,19,43,16,36,32,73,42,72,75,88,69,77,89,110,125,165,175,156,179,200,144,218,248,225,274,272,328,408,374,461,366,419,532,466,514,511,552,680,640,578,686,684,667,687,667,702,811,731,722,767,742,716,734,779,695,695,723,703,636,651,644,533,615,563,588,525,438,427,390,422,351,375,323,326,316,292,282,255,239,215,180,194,178,144,152,105,126,117,89,87,65,84,66,53,64,57,43,59,39,47,39,41,15,34,19,15,14,18,9,17,8,7,7,6,4,1,5,5,5,1,1,1,0,1,2,3,2,2,1,0,1,0,3,1,0,1,3,1,2,2,1,0,0,0,1,0,0,0,1,0,0,0,0,0,0,1,1,0,0,0,0,0,1,0,0,1,0,0,0,0,0,0,0,0,0,0,0,0,0
0,0,0,1,0,0,0,0,0,12,0,6,5,6,4,1,6,13,12,17,15,19,40,21,43,31,74,51,78,69,68,80,102,102,114,120,133,166,143,174,206,159,200,250,199,277,258,328,436,418,400,370,482,546,448,489,509,580,631,677,644,641,684,617,634,632,682,747,707,722,721,741,714,646,688,681,677,747,659,649,599,592,571,563,515,533,496,440,402,405,374,389,324,310,283,273,278,268,216,229,208,199,175,180,170,127,132,112,134,100,109,72,69,86,58,57,43,44,33,28,34,25,16,17,24,15,12,19,11,5,9,16,4,4,5,10,5,1,6,5,3,2,2,2,3,0,0,2,2,1,0,1,1,1,3,1,1,0,0,0,1,0,0,0,1,0,0,1,0,1,1,0,0,0,0,0,0,0,0,0,0,1,0,1,0,0,0,0,0,0,0,0,0,0,0,0,0,0,0,0
0,0,0,0,0,0,0,0,0,7,0,2,3,3,1,3,2,10,10,13,22,15,39,18,52,26,60,35,47,75,85,81,78,99,92,129,122,182,131,153,176,126,211,269,186,290,232,338,389,350,437,354,483,544,467,494,457,543,592,599,591,678,659,620,598,605,677,792,694,664,687,734,670,671,713,689,678,671,622,625,553,556,503,554,453,503,460,405,401,411,381,345,364,308,312,302,228,233,214,210,168,157,156,169,138,126,114,100,109,90,80,89,70,63,60,47,47,40,31,34,29,29,25,14,16,22,15,13,12,11,4,9,5,6,6,5,5,5,6,3,4,1,0,1,2,1,0,1,1,1,0,1,1,0,0,1,1,0,1,0,0,0,0,1,0,0,2,0,0,1,0,1,0,0,0,0,0,0,0,0,0,0,0,0,3,0,0,0,0,1,0,0,0,0,0,0,0,3,0,0
0,0,0,1,0,0,0,0,0,12,1,5,6,6,0,3,5,9,12,9,15,16,44,17,41,28,70,39,73,85,86,71,76,97,115,134,117,201,146,156,195,133,228,215,195,249,246,322,397,360,411,363,410,490,442,453,482,526,582,644,594,642,631,603,590,591,631,729,691,675,658,679,669,684,687,674,624,643,609,602,604,528,530,506,474,473,470,418,383,359,346,338,310,274,295,286,244,238,176,175,166,193,153,160,119,139,105,82,111,101,100,63,69,63,56,38,50,37,27,37,27,36,19,19,21,14,9,14,8,7,4,8,10,3,6,10,4,1,2,1,1,1,3,3,2,1,2,1,0,1,0,0,0,1,1,0,0,0,0,0,0,1,0,0,0,0,0,0,0,0,1,1,0,1,1,0,1,0,0,0,0,0,0,1,0,0,0,0,0,0,0,0,0,0,0,0,0,0,0,0
0,0,0,1,0,0,0,0,0,19,1,2,5,5,1,1,6,9,18,16,24,12,30,20,60,38,67,45,52,85,87,77,91,108,109,114,112,153,140,199,192,126,225,225,179,250,250,305,358,345,389,352,406,513,429,451,516,512,555,623,546,666,634,639,603,551,655,697,677,655,596,679,603,614,680,626,573,652,644,590,562,513,471,509,440,450,438,407,369,346,352,336,296,284,260,261,252,234,226,193,167,146,146,174,124,118,117,88,84,72,67,53,68,53,52,41,45,41,30,34,34,23,18,25,17,24,18,10,4,6,10,8,5,3,7,4,0,5,2,4,7,1,2,2,0,1,0,2,1,1,0,0,2,3,0,1,0,1,1,0,1,0,0,0,0,0,0,0,0,0,0,0,1,0,1,0,0,0,0,0,1,0,0,1,0,0,0,0,0,0,0,0,0,0,0,0,0,0,0,0
0,0,0,3,0,0,0,0,0,14,1,3,12,3,1,0,7,10,11,8,19,14,44,18,28,30,74,48,53,71,80,72,73,103,110,121,124,180,119,149,163,156,196,199,177,257,213,306,374,330,364,359,449,506,428,472,489,478,542,528,560,583,650,604,572,574,643,629,617,619,678,671,625,635,634,608,594,615,546,560,550,530,435,491,430,428,384,350,345,340,325,319,299,232,252,233,227,229,177,184,162,164,157,143,125,119,97,84,69,71,81,55,70,45,50,38,32,37,17,19,24,27,21,20,14,10,12,6,7,5,7,5,6,3,5,1,2,6,3,2,0,1,2,1,4,0,1,0,2,1,0,1,0,2,0,0,0,0,0,0,1,0,2,0,0,1,0,0,2,0,0,0,0,0,0,1,1,1,0,0,0,0,0,0,0,1,0,1,0,0,0,1,0,0,0,0,0,0,0,0
0,0,0,1,0,0,0,0,0,10,0,5,9,2,2,2,4,9,10,14,19,18,36,17,41,41,61,32,58,71,71,75,76,119,97,128,117,150,132,161,187,102,196,229,189,255,217,333,358,331,401,321,379,467,424,401,446,517,497,540,551,617,541,591,548,516,595,672,627,597,596,613,581,582,633,580,562,567,572,559,516,469,443,492,375,447,415,385,318,311,332,297,262,242,260,196,221,209,177,177,160,124,132,141,141,116,90,84,80,80,60,59,53,49,34,42,52,29,23,26,24,24,12,14,19,13,8,10,13,5,8,7,3,2,3,4,3,2,1,1,7,2,2,1,2,2,0,2,0,1,0,0,1,1,0,1,0,0,1,0,0,1,0,1,0,0,0,0,1,1,0,0,0,0,0,0,1,1,0,0,0,0,0,1,0,0,0,0,0,0,0,0,0,0,0,0,0,1,0,0
0,0,0,1,0,0,0,0,0,10,0,5,7,5,1,1,7,5,15,9,19,14,37,18,43,28,76,45,63,79,76,87,84,106,99,127,111,147,123,149,168,119,196,220,159,240,242,267,350,318,356,316,384,527,370,446,462,466,505,535,505,594,619,592,550,511,586,678,660,588,604,593,593,572,605,570,519,521,492,546,483,481,387,476,373,393,386,345,368,327,308,247,247,263,243,216,185,183,179,169,163,125,118,116,117,106,80,73,75,63,60,51,43,46,46,35,32,30,23,26,16,16,15,15,11,16,11,17,4,11,3,6,6,1,2,1,3,2,5,3,1,3,1,5,1,1,1,1,0,1,0,0,0,0,1,0,1,0,1,0,0,0,0,0,0,0,0,0,1,0,0,2,0,0,0,0,0,0,0,0,0,0,0,0,0,0,0,0,0,0,0,0,0,0,0,0,0,0,0,0
0,0,0,3,0,0,0,0,0,11,0,5,6,5,2,3,2,12,12,9,22,15,30,17,47,29,71,37,57,70,87,74,81,71,96,111,111,153,114,147,178,135,216,241,205,220,240,294,356,349,374,342,393,479,364,420,449,473,532,516,511,537,538,531,592,491,584,604,600,544,594,538,570,580,576,515,508,543,513,503,512,459,436,458,399,389,411,349,334,276,287,267,242,252,205,180,189,181,145,168,128,122,131,147,85,80,95,69,60,67,72,51,45,49,39,39,36,26,28,22,14,21,11,16,9,13,3,7,9,8,3,5,12,12,4,1,5,3,4,1,2,0,2,1,1,1,0,1,1,0,0,1,0,0,1,0,0,0,1,0,0,0,0,0,0,1,0,0,0,0,0,0,0,0,0,0,0,0,0,0,0,0,0,1,0,0,0,1,0,0,0,0,0,0,0,0,0,0,0,0
0,0,0,1,0,0,0,0,0,11,1,6,11,3,5,1,4,8,20,13,22,11,38,11,40,24,55,28,64,94,69,78,69,88,103,108,86,172,110,161,160,137,203,222,192,221,201,299,311,336,352,323,391,451,404,444,412,440,506,494,532,547,531,537,561,474,557,565,554,589,585,604,548,527,555,530,474,486,488,475,473,447,385,429,356,389,359,322,328,293,276,231,270,219,179,174,177,177,152,152,152,137,103,107,112,74,62,59,59,60,62,67,42,51,44,29,24,30,20,19,17,14,14,11,8,8,6,13,3,5,12,3,7,4,2,6,0,1,0,1,2,1,1,0,0,0,0,1,1,1,0,0,0,0,0,1,0,0,0,0,0,1,0,1,0,0,0,0,0,0,0,0,0,0,0,0,0,2,0,1,0,0,0,0,1,0,0,0,0,0,0,1,0,0,0,0,0,1,0,0
0,0,0,2,0,0,0,0,0,10,0,2,7,2,3,3,7,9,17,14,26,17,43,7,33,20,66,35,49,94,77,58,80,97,90,111,100,152,116,160,166,133,192,202,182,226,218,270,349,306,359,304,402,450,380,414,454,463,520,498,459,516,519,538,498,504,541,582,570,525,536,548,542,548,537,509,487,509,445,478,456,439,353,390,336,338,335,304,300,292,264,250,235,244,213,166,178,159,157,143,116,121,111,83,86,71,82,60,77,72,48,50,46,49,41,30,38,31,25,15,13,15,14,16,12,5,11,11,5,7,3,8,6,8,6,2,1,3,4,3,2,0,1,1,2,1,1,0,1,0,0,0,0,0,1,1,1,0,0,0,1,1,0,1,0,0,0,0,0,0,0,0,0,0,0,0,0,0,0,0,0,0,0,0,0,0,0,0,0,0,0,0,0,0,0,0,0,1,0,0
0,0,0,0,0,0,0,0,0,12,2,2,7,7,0,1,4,12,14,6,26,15,45,10,40,32,65,48,54,73,81,70,84,95,118,101,124,148,137,159,166,133,208,224,161,218,213,294,315,303,337,329,375,431,336,415,404,465,460,522,510,530,485,501,470,454,532,620,564,532,545,557,514,498,561,467,504,506,477,412,408,399,362,391,340,339,319,267,284,270,284,229,207,183,199,214,178,147,147,144,122,109,92,118,83,87,75,60,60,41,53,51,43,26,40,24,27,18,20,23,12,15,13,22,11,11,6,4,6,2,1,3,3,5,4,2,0,2,3,1,1,2,2,1,0,1,0,1,1,1,0,0,0,0,0,0,2,0,0,1,0,0,0,1,0,0,0,0,0,1,0,0,0,0,0,0,0,0,0,0,0,0,0,0,0,0,0,0,0,0,0,0,0,0,0,0,0,2,0,0
0,0,0,1,0,0,0,0,0,8,1,2,6,2,2,3,6,8,15,13,14,13,34,18,41,30,67,39,50,66,80,78,68,76,90,99,122,142,117,150,134,108,198,208,139,210,215,259,356,309,353,302,356,441,371,402,375,455,466,448,453,506,482,493,463,458,497,569,533,492,542,477,490,446,500,477,457,445,460,415,427,375,362,379,291,305,342,274,269,268,252,199,228,196,185,170,187,159,134,134,118,102,96,104,96,75,72,58,60,53,54,47,36,25,29,31,22,32,26,20,15,20,20,11,11,13,6,6,4,3,4,6,5,1,3,2,3,1,0,1,2,0,0,0,2,0,1,0,0,0,0,1,1,0,1,0,0,0,0,0,0,0,0,0,0,0,0,0,0,1,0,0,0,0,0,0,0,0,0,0,0,0,0,0,0,0,0,0,0,0,0,0,0,0,0,0,0,0,0,0
0,0,0,0,0,0,0,0,0,15,1,2,7,5,4,4,3,19,7,10,12,17,40,19,38,29,61,37,65,70,79,82,63,86,97,91,105,153,117,150,147,124,184,191,145,208,211,270,324,296,306,273,314,424,326,370,400,432,434,472,438,519,527,471,455,492,527,548,512,483,466,495,453,489,504,443,428,429,392,457,406,410,341,385,315,292,291,274,262,223,239,213,232,182,167,167,156,160,115,128,116,98,89,83,67,69,70,51,49,61,49,30,43,32,25,27,20,26,20,16,15,13,9,12,13,9,6,6,3,6,6,3,3,9,2,3,2,2,1,2,0,0,1,0,1,0,1,0,0,0,0,0,1,1,1,0,2,1,0,0,2,0,0,0,0,0,0,0,0,0,1,1,0,0,0,0,0,0,0,0,0,0,0,0,0,0,0,0,0,0,0,0,0,0,0,0,0,0,0,0
0,0,0,0,0,0,0,0,0,13,1,4,10,2,2,2,4,11,14,11,18,16,40,19,40,33,65,31,55,63,70,58,81,88,86,87,97,124,124,147,161,125,177,166,163,212,199,302,330,282,332,275,336,411,340,351,401,429,473,441,462,476,477,484,460,415,499,511,479,469,506,483,423,435,501,409,444,447,409,418,359,369,349,365,308,313,271,263,263,249,214,175,218,184,170,173,145,160,119,117,108,92,86,90,74,72,60,54,53,54,53,43,34,38,27,25,30,23,19,13,9,12,12,8,13,14,3,6,8,5,5,5,1,3,3,1,1,0,0,0,3,0,0,0,0,2,1,0,0,0,1,0,1,0,1,1,0,0,0,0,0,1,0,1,0,0,0,0,0,0,1,0,0,0,0,0,0,0,0,0,0,0,0,0,0,0,0,0,0,0,0,0,0,0,0,0,0,0,0,0
0,0,0,0,0,0,0,0,0,18,0,2,6,6,0,1,5,8,7,9,18,17,36,12,47,26,57,21,47,67,61,66,74,82,91,85,97,139,111,121,148,105,141,182,177,200,194,233,299,292,302,260,346,388,306,350,408,391,403,445,421,500,500,430,429,381,468,544,464,418,519,498,445,438,474,451,408,425,368,383,380,293,288,346,289,270,277,224,243,220,186,194,218,191,152,142,160,142,121,108,111,103,72,71,69,63,59,45,62,57,44,42,27,38,19,30,26,20,12,17,12,14,7,10,3,3,11,10,3,1,6,3,6,1,3,0,0,1,2,1,5,0,1,1,1,1,0,0,1,0,0,0,2,0,0,0,2,0,0,0,0,0,0,0,0,0,0,0,0,0,0,0,0,0,0,0,0,0,0,0,0,0,0,2,0,0,0,1,0,0,0,0,0,0,0,0,0,0,0,0
0,0,0,0,0,0,0,0,0,11,0,2,9,3,2,1,7,8,14,7,9,15,35,11,37,21,52,34,60,73,78,51,70,90,93,101,111,130,106,135,128,126,184,210,162,233,152,250,296,275,278,288,299,353,348,345,406,341,433,405,414,431,444,403,424,422,460,475,472,447,440,488,416,430,440,415,445,391,390,375,342,324,314,350,276,276,271,231,226,195,200,169,188,192,164,149,131,144,101,102,112,96,74,98,67,58,65,52,51,49,49,45,37,40,23,26,23,19,10,11,20,13,9,9,4,9,4,10,9,7,6,2,1,1,5,1,3,4,2,2,1,1,3,0,1,0,0,0,0,0,0,0,0,0,0,0,0,0,0,0,1,0,1,0,0,0,0,1,0,0,0,0,0,0,0,0,1,0,0,0,0,0,0,0,0,0,0,0,0,0,0,0,0,0,0,0,0,0,0,0
0,0,0,1,0,0,0,0,0,7,0,7,7,3,2,2,5,8,10,14,13,14,40,16,38,20,50,27,56,67,81,65,70,83,77,95,108,120,94,114,134,107,148,157,147,209,177,244,271,271,280,267,319,380,309,344,333,381,449,439,417,462,413,393,409,381,439,486,463,428,409,408,464,413,445,397,408,389,338,360,334,316,283,299,247,243,232,231,213,172,178,196,174,152,137,147,132,120,101,91,69,97,65,64,69,50,49,51,46,44,38,22,31,31,33,26,21,14,14,17,14,12,8,18,9,7,6,5,5,1,4,2,4,3,3,0,3,1,1,1,2,1,0,1,0,1,0,1,0,0,0,0,0,0,0,0,0,0,0,0,1,0,0,0,0,0,0,0,1,0,1,0,0,0,0,0,0,0,0,0,0,0,0,0,0,0,0,0,0,0,0,0,0,0,0,0,0,1,0,0
0,0,0,0,0,0,0,0,0,10,0,4,6,6,2,1,6,15,15,11,15,10,30,13,40,19,61,21,52,68,65,75,69,92,86,87,96,140,117,141,159,122,166,182,149,206,178,250,247,298,301,262,325,377,333,306,353,352,433,436,440,488,445,412,377,368,424,491,468,397,422,439,387,395,382,402,369,390,367,366,322,283,288,267,250,233,253,215,241,238,207,170,162,145,142,119,131,118,110,89,99,84,62,70,75,59,58,44,49,38,40,33,30,28,22,17,27,22,12,19,17,8,15,4,5,2,5,6,8,7,2,5,3,1,6,2,1,1,1,0,0,2,0,2,0,0,0,0,0,0,0,0,0,0,0,0,0,0,0,0,0,0,0,0,0,0,0,1,0,0,0,0,0,0,0,0,0,0,0,0,0,0,0,0,0,0,0,0,0,0,0,0,0,0,0,0,0,0,0,0
0,0,0,0,0,0,0,0,0,8,1,4,7,7,2,2,6,11,13,18,14,12,38,12,36,20,56,32,36,50,67,52,54,50,94,102,93,140,116,141,142,127,161,163,140,181,181,246,250,251,306,257,329,328,315,368,358,339,391,414,374,438,406,431,376,381,428,503,435,381,430,412,378,368,437,357,357,332,344,324,311,277,250,290,252,256,221,203,198,220,191,153,175,150,134,124,126,109,98,101,82,78,76,91,69,64,55,40,36,35,34,26,26,32,25,25,19,18,14,10,10,11,10,3,8,9,1,3,6,5,5,5,3,3,1,2,1,0,0,0,3,1,4,0,0,0,1,0,0,0,0,0,0,0,0,0,0,0,0,0,0,0,0,0,0,0,0,0,0,0,0,0,0,0,0,0,0,0,0,0,0,0,0,0,0,0,0,0,0,0,0,0,0,0,0,0,0,1,0,0
0,0,0,1,0,0,0,0,0,9,1,4,6,3,2,2,2,12,9,9,26,17,37,13,32,22,44,33,48,54,59,60,56,60,81,97,119,151,88,121,129,108,158,176,129,164,172,229,250,262,273,242,284,364,278,271,335,365,380,410,362,370,392,380,416,348,427,422,399,410,396,415,404,367,374,355,313,350,323,335,295,259,269,262,219,228,239,207,194,168,172,156,145,157,120,118,123,111,84,88,81,84,62,72,69,40,47,45,54,30,38,31,34,28,17,25,18,19,16,8,10,10,8,8,8,6,8,8,4,5,3,2,3,3,0,2,3,3,1,1,1,1,1,0,0,2,1,0,0,0,0,0,0,0,0,0,0,0,0,0,0,0,0,0,0,0,0,0,0,0,0,0,0,0,0,0,0,1,0,0,0,0,0,0,0,0,0,0,0,0,0,0,0,0,0,0,0,0,0,0
0,0,0,1,0,0,0,0,0,7,0,5,8,3,2,1,2,5,12,12,17,8,29,15,26,28,49,27,45,57,54,70,59,60,68,85,97,114,94,156,119,105,165,167,120,178,172,208,253,250,240,257,287,345,273,280,335,368,362,396,391,426,383,411,383,371,361,412,370,374,378,369,381,351,388,343,344,355,303,318,316,299,246,250,236,237,232,190,211,152,160,159,170,137,118,114,118,99,73,72,83,76,68,54,55,61,49,50,38,30,27,26,21,25,19,25,17,11,10,12,10,7,15,5,7,7,3,3,2,4,5,3,1,1,2,4,0,1,1,2,4,2,0,1,0,0,0,1,2,0,0,0,0,0,1,0,0,0,2,0,0,0,1,0,0,0,0,0,0,0,0,0,0,0,0,0,0,0,0,0,0,0,0,0,0,0,0,1,0,0,0,0,0,0,0,0,0,0,0,0
0,0,0,0,0,0,0,0,0,12,0,4,7,2,1,0,4,8,8,11,22,9,32,11,30,21,62,35,45,64,71,57,63,81,76,97,81,130,95,134,112,92,137,172,140,181,168,194,287,235,269,223,273,355,271,295,287,318,361,354,338,397,385,363,324,339,405,400,395,356,358,401,352,320,372,337,304,336,322,327,296,276,210,254,232,211,195,159,187,148,172,129,156,128,149,117,109,78,96,68,86,64,65,54,60,56,47,24,48,32,36,24,24,30,21,13,9,10,14,11,15,10,9,7,8,10,2,6,1,3,4,0,2,1,1,1,2,2,2,0,2,2,0,1,1,0,2,1,0,0,0,0,0,0,0,0,0,0,0,0,0,1,0,0,0,0,0,0,0,0,0,0,0,0,0,0,0,1,0,1,0,0,0,0,0,0,0,0,0,0,0,0,0,0,0,0,0,0,0,0
0,0,0,0,0,0,0,0,0,6,1,0,7,3,0,2,4,9,9,9,15,15,37,19,29,40,40,30,36,55,52,66,68,71,81,79,92,137,119,119,135,93,128,157,116,184,163,221,258,225,278,250,296,342,294,317,343,313,356,369,368,390,362,347,381,343,392,404,387,353,384,392,369,297,362,282,305,304,275,298,284,264,241,249,204,182,212,179,166,173,140,118,123,129,104,115,103,102,92,66,76,59,55,59,59,36,31,32,44,24,28,25,17,22,14,16,22,12,14,6,4,6,6,11,4,7,4,3,6,5,0,2,3,4,2,4,2,1,0,1,1,1,0,1,0,0,1,0,0,1,0,0,0,0,0,0,0,0,0,0,0,0,0,0,0,0,0,0,0,1,0,0,0,0,0,0,0,0,0,0,0,0,0,1,0,0,0,0,0,0,0,0,0,0,0,0,0,1,0,0
0,0,0,0,0,0,0,0,0,11,0,0,7,2,0,1,3,10,10,10,14,9,26,10,26,18,39,31,37,56,65,52,63,74,72,84,83,105,95,120,127,99,163,173,122,174,150,236,255,226,257,235,277,340,273,270,283,288,348,321,367,358,326,345,355,318,366,377,353,337,342,356,311,300,328,329,296,302,282,301,258,270,211,243,229,210,191,206,162,157,135,147,140,112,111,87,90,96,77,80,63,58,61,42,42,32,36,36,39,26,33,33,21,13,14,22,11,15,20,11,7,13,8,7,5,8,4,5,4,1,2,3,3,3,2,1,3,1,1,0,1,1,0,0,0,0,1,1,1,0,0,0,0,0,0,0,1,0,0,0,1,0,0,0,0,0,0,0,0,0,0,0,0,0,0,0,0,0,0,1,0,0,0,0,0,0,0,0,0,0,0,0,0,0,0,0,0,0,0,0
0,0,0,1,0,0,0,0,0,12,1,3,5,3,1,3,0,1,12,9,18,13,29,7,21,24,58,32,46,60,58,45,56,49,71,97,75,127,81,107,127,80,141,168,105,176,150,219,262,225,237,206,249,312,268,260,282,310,369,350,330,377,327,299,363,308,317,390,347,320,362,319,311,297,309,307,304,299,293,266,246,261,205,245,186,177,189,179,154,145,144,94,132,108,100,92,103,88,73,76,56,57,54,43,36,36,24,31,36,31,27,27,20,23,23,19,11,17,10,10,13,13,8,5,6,7,4,2,5,5,1,0,3,0,0,2,1,0,1,1,1,2,0,0,0,1,0,0,1,1,0,0,0,0,0,0,1,0,0,0,0,0,0,0,0,0,0,0,0,1,0,0,0,0,0,0,0,0,0,0,0,0,0,0,0,0,0,0,0,0,0,0,0,0,0,0,0,1,0,0
0,0,0,1,0,0,0,0,0,11,1,1,5,4,2,3,4,11,10,10,14,11,24,14,40,23,48,24,47,71,45,56,59,54,55,85,78,107,112,116,96,93,122,137,140,174,141,187,221,228,235,216,241,273,249,265,290,302,338,365,317,360,346,320,316,287,366,379,344,325,332,315,317,294,303,313,287,305,259,273,243,230,214,215,188,200,178,165,156,135,142,138,127,96,90,94,84,78,67,74,54,72,57,79,59,47,31,25,28,32,26,14,19,21,12,19,10,16,5,13,15,6,6,7,4,6,1,6,5,1,3,2,3,0,1,1,0,1,0,3,1,1,0,1,0,0,0,0,0,1,0,0,1,0,0,0,0,0,0,1,0,0,0,0,0,0,0,2,0,0,0,0,0,0,0,0,0,0,0,0,0,0,0,1,0,0,0,1,0,0,0,0,0,0,0,0,0,0,0,0
0,0,0,0,0,0,0,0,0,11,1,2,4,1,2,1,3,7,11,7,22,11,26,14,33,23,58,20,38,58,48,74,59,61,59,89,110,108,87,108,110,103,140,156,116,184,127,188,240,213,236,208,241,294,285,255,267,260,289,325,307,301,361,322,298,278,370,325,331,301,331,308,306,285,290,253,266,285,228,236,252,206,191,229,182,170,162,129,170,161,114,99,106,119,106,83,81,84,68,91,62,64,39,49,45,32,33,35,28,29,17,17,20,20,14,20,15,10,9,8,15,4,9,7,9,6,5,2,3,1,2,2,1,2,2,0,3,1,3,0,0,1,1,0,0,0,0,1,1,0,0,0,0,0,0,0,0,0,0,0,0,1,0,0,0,0,0,0,0,0,0,0,0,0,0,0,0,0,0,1,0,0,0,0,0,0,0,0,0,0,0,0,0,0,0,0,0,0,0,0
0,0,0,0,0,0,0,0,0,10,0,1,4,1,2,1,3,10,10,13,18,9,24,17,37,20,49,23,38,57,58,46,45,52,86,75,100,119,85,113,116,84,117,158,108,156,128,190,230,188,243,197,225,286,260,243,272,258,318,329,298,312,328,300,307,309,326,388,325,289,296,327,292,299,318,286,252,256,263,244,228,205,203,218,176,166,163,157,121,116,115,91,104,101,94,63,98,83,66,77,69,66,50,38,50,41,31,28,35,29,30,19,18,17,15,12,10,12,6,8,3,12,5,2,4,2,2,2,4,1,1,3,2,2,1,0,1,0,0,3,0,1,0,0,0,0,0,1,0,0,0,0,1,0,0,0,0,0,0,0,0,0,0,0,0,0,0,0,0,0,0,0,0,0,0,0,0,0,0,0,0,0,0,0,0,0,0,0,0,0,0,0,0,0,0,0,0,1,0,0
0,0,0,0,0,0,0,0,0,7,0,1,8,1,2,2,3,5,4,8,21,9,24,14,18,17,47,27,41,49,52,52,36,48,59,86,72,108,69,112,120,83,136,131,95,148,157,168,237,208,225,184,249,279,243,268,246,260,311,298,301,300,338,281,291,319,338,327,305,272,267,303,304,261,280,268,246,264,243,245,189,185,189,186,141,176,168,133,173,113,124,109,121,98,82,84,85,70,54,57,49,46,47,44,43,39,18,27,18,34,30,25,25,12,11,16,17,5,10,18,5,7,7,4,4,3,2,0,1,2,2,1,2,1,2,1,1,1,2,0,1,0,0,0,1,0,0,0,0,0,0,0,0,0,0,0,1,0,0,0,0,0,0,0,0,0,0,0,0,0,0,0,0,0,0,0,0,0,0,0,0,0,0,0,0,0,0,0,0,0,0,0,0,0,0,0,0,0,0,0
0,0,0,0,0,0,0,0,0,11,1,4,4,2,1,1,6,10,13,5,10,10,26,15,29,19,38,22,51,40,56,38,46,61,59,76,77,94,83,107,119,84,128,141,96,153,128,185,230,210,233,213,223,269,216,210,244,281,283,286,281,302,329,273,250,280,282,326,322,289,240,248,285,266,279,239,237,253,216,213,204,197,176,190,163,161,152,133,138,117,113,109,119,100,79,84,56,63,56,68,52,45,45,30,37,28,29,32,29,20,21,29,17,19,18,10,11,17,10,9,12,7,9,3,4,1,0,3,4,2,0,4,1,0,1,1,3,1,0,0,1,0,0,0,0,0,0,0,0,0,0,0,0,0,0,0,0,0,1,0,0,0,0,0,0,0,0,0,0,0,0,0,0,0,0,0,0,0,0,0,0,0,0,0,0,0,0,0,0,0,0,0,0,0,0,0,0,0,0,0
0,0,0,2,0,0,0,0,0,4,0,1,4,2,1,3,3,9,7,5,15,4,27,12,25,30,39,33,44,59,47,59,54,63,69,82,75,100,71,76,113,79,101,128,94,128,134,173,235,202,229,192,224,271,233,246,273,283,267,305,286,290,316,246,295,254,323,249,309,277,294,298,260,290,265,237,232,239,225,218,216,206,154,171,161,161,170,125,124,97,111,106,89,101,90,68,74,74,54,70,34,52,40,33,44,38,25,20,20,21,16,17,22,23,14,13,16,9,12,8,6,4,4,5,5,4,6,4,1,4,3,1,0,0,0,0,1,0,2,1,1,0,0,0,0,0,0,0,0,0,0,1,0,0,0,0,0,0,0,0,0,0,0,0,0,0,0,0,0,0,0,0,0,0,0,0,0,0,0,0,0,0,0,0,0,0,0,0,0,0,0,0,0,0,0,0,0,0,0,0
0,0,0,0,0,0,0,0,0,7,0,3,6,0,0,1,3,3,6,10,14,9,29,10,18,20,42,21,37,57,40,60,42,51,66,77,89,112,79,102,100,73,137,123,98,142,148,171,194,209,202,183,195,261,195,220,232,243,279,312,238,287,284,241,248,242,292,297,276,253,296,261,247,252,261,239,239,232,230,210,181,175,170,174,152,134,165,152,111,108,123,90,96,87,91,68,74,60,48,51,53,52,42,31,35,39,30,17,29,24,18,20,13,18,13,21,6,8,10,7,6,3,5,0,3,3,2,1,6,2,0,3,1,1,2,0,0,0,0,0,0,0,0,0,1,0,0,0,0,0,0,0,0,0,0,0,0,0,0,0,0,1,0,0,0,0,0,0,0,1,0,0,0,0,0,0,0,0,0,0,0,0,0,1,0,0,0,0,0,0,0,0,0,0,0,0,0,0,0,0
0,0,0,0,0,0,0,0,0,10,1,4,3,2,1,1,2,14,8,6,22,12,23,12,29,16,39,34,39,41,64,50,39,67,64,73,64,97,88,113,88,72,95,146,103,115,130,174,186,178,190,190,221,254,235,217,227,225,257,289,279,286,288,281,256,239,259,286,294,261,285,272,222,228,239,222,221,228,215,209,172,181,171,145,146,146,136,139,112,120,105,84,101,67,73,73,79,57,58,62,49,54,47,38,47,29,28,20,28,23,24,12,14,16,16,11,13,5,12,8,5,5,2,4,3,2,3,2,0,1,1,2,3,5,2,0,1,1,1,0,0,1,0,0,2,0,1,0,0,1,0,0,0,0,0,0,0,0,0,0,0,0,0,0,0,0,0,0,0,0,0,0,0,0,0,0,0,0,0,0,0,0,0,0,0,0,0,0,0,0,0,0,0,0,0,0,0,1,0,0
0,0,0,0,0,0,0,0,0,8,0,3,7,4,2,1,1,6,4,12,13,12,26,12,25,12,41,27,28,52,51,37,45,59,70,84,71,83,71,106,84,67,131,123,103,126,121,165,207,175,201,181,196,232,208,205,240,260,236,242,261,264,250,241,234,256,282,292,267,292,250,275,259,236,228,222,183,236,215,220,150,168,140,199,152,153,135,105,99,103,92,79,87,66,66,60,65,67,50,60,38,53,31,31,30,24,26,26,25,16,19,17,16,8,10,13,8,9,8,9,4,5,3,1,4,4,5,2,1,1,2,3,0,2,0,0,0,1,1,1,1,0,1,2,0,1,0,0,0,0,0,0,0,0,0,0,0,0,0,0,0,0,0,0,0,0,0,0,0,0,0,0,0,0,0,0,0,0,0,0,0,0,0,0,0,0,0,0,0,0,0,0,0,0,0,0,0,0,0,0
0,0,0,1,0,0,0,0,0,10,0,3,6,3,0,1,5,5,9,5,9,5,25,14,25,12,25,28,33,37,45,47,45,38,67,57,79,98,71,84,89,84,96,91,104,115,119,170,201,166,182,158,207,235,197,214,207,191,236,247,266,279,268,249,236,214,260,298,245,252,231,247,240,231,207,202,226,213,200,195,163,170,130,165,136,160,114,103,122,95,97,91,79,74,89,78,60,61,53,48,37,44,46,54,28,37,29,24,24,26,17,14,19,12,14,4,10,9,4,8,8,9,3,5,0,9,2,4,0,0,2,1,2,0,2,0,1,1,0,1,0,1,0,0,0,0,1,0,1,0,0,0,0,0,0,0,0,0,1,0,0,0,0,0,0,0,0,0,0,0,0,0,0,0,0,0,0,0,0,0,0,0,0,0,0,0,0,0,0,0,0,0,0,0,0,0,0,0,0,0
0,0,0,2,0,0,0,0,0,6,1,6,3,1,4,1,6,7,9,12,14,4,33,9,18,17,47,25,41,42,46,41,40,65,55,76,63,85,88,89,86,69,104,123,100,120,112,179,166,191,195,177,206,261,217,193,221,236,258,220,207,272,255,250,269,235,268,258,262,243,257,234,239,220,242,196,208,212,194,193,162,163,158,173,126,137,127,103,114,103,113,86,85,73,72,57,65,59,51,49,46,34,46,39,31,28,26,24,16,21,16,19,17,6,12,8,12,8,9,7,6,5,3,8,1,4,0,4,3,3,2,0,0,0,0,1,0,0,1,1,2,0,0,1,0,0,0,0,0,1,0,0,0,0,0,0,0,0,0,0,0,0,0,0,0,0,0,0,0,0,0,0,0,0,0,0,0,0,0,0,0,0,0,0,0,0,0,0,0,0,0,0,0,0,0,0,0,0,0,0
0,0,0,1,0,0,0,0,0,8,0,3,9,3,0,1,4,8,11,7,17,8,32,5,27,18,37,19,40,47,38,34,59,57,35,65,67,82,70,107,97,75,99,108,99,118,123,172,177,139,172,160,187,210,218,209,188,193,214,269,221,258,234,235,203,227,253,282,211,243,213,233,209,188,229,218,206,189,189,177,181,144,168,156,151,126,136,114,92,97,110,83,93,61,65,76,55,63,57,54,36,30,29,23,27,37,23,16,19,21,19,11,7,8,15,10,9,9,8,3,3,3,4,1,5,4,3,2,4,4,1,1,0,0,1,2,1,1,0,1,1,1,0,0,0,0,2,0,0,0,0,0,0,0,0,0,0,0,0,0,0,0,0,0,0,0,0,0,0,0,0,0,0,0,0,0,0,0,0,0,0,0,0,0,0,0,0,0,0,0,0,0,0,0,0,0,0,0,0,0
0,0,0,0,0,0,0,0,0,10,0,3,5,5,0,0,0,8,10,9,16,8,25,10,28,8,39,27,26,43,42,48,48,64,52,55,61,91,72,81,94,63,106,107,70,128,130,136,166,180,191,142,168,215,201,176,218,204,235,226,238,260,241,211,227,220,244,247,241,220,257,203,223,184,207,182,177,196,176,150,165,134,144,147,109,119,125,106,93,78,84,82,85,69,70,73,64,53,45,41,38,38,35,38,26,28,28,20,23,13,21,15,14,12,10,13,9,6,5,3,5,5,1,2,2,1,2,6,3,1,1,1,0,0,1,1,0,1,0,0,0,1,0,1,0,0,0,1,0,0,0,0,0,0,0,0,0,0,0,0,0,0,0,0,0,0,0,0,0,0,0,0,0,0,0,0,0,0,0,0,0,0,0,0,0,0,0,0,0,0,0,0,0,0,0,0,0,0,0,0
0,0,0,1,0,0,0,0,0,6,0,1,2,3,1,2,0,6,5,5,10,11,16,10,26,17,31,26,35,38,40,31,47,46,45,55,77,101,71,82,81,61,95,86,85,99,115,141,170,167,193,155,210,230,198,176,190,217,232,221,222,245,232,205,199,205,220,217,206,211,236,223,182,200,173,187,152,182,177,169,179,142,126,120,109,120,115,97,80,90,82,69,66,63,57,62,42,47,43,38,36,30,24,37,34,28,22,16,19,20,19,7,14,9,7,12,4,7,6,7,5,4,6,3,2,3,3,6,2,0,1,1,4,0,1,2,1,2,2,0,1,1,2,1,0,0,0,0,0,0,0,0,0,0,0,0,0,0,0,0,0,0,0,0,0,0,0,0,0,0,0,0,0,0,0,0,0,0,0,0,0,0,0,0,0,0,0,0,0,0,0,0,0,0,0,0,0,1,0,0
0,0,0,0,0,0,0,0,0,9,0,0,5,2,0,0,1,2,14,3,15,14,22,8,23,20,28,25,40,36,46,32,37,45,41,69,66,79,55,90,99,61,94,98,82,101,96,128,184,143,193,151,163,228,190,194,195,192,201,213,223,222,225,205,187,185,238,221,218,208,218,202,184,173,168,185,173,169,169,141,172,148,140,140,108,120,125,85,80,68,78,75,63,51,53,65,58,59,41,39,38,34,41,32,24,23,28,14,17,17,18,10,13,14,6,9,8,5,1,5,2,5,3,2,4,0,1,1,0,1,2,0,2,0,0,0,2,1,0,0,0,0,0,0,0,0,0,0,0,0,0,0,0,0,0,0,0,0,0,0,0,0,0,0,0,0,0,0,0,0,0,0,0,0,0,0,0,0,0,0,0,0,0,0,0,0,0,0,0,0,0,0,0,0,0,0,0,0,0,0
0,0,0,3,0,0,0,0,0,8,0,2,3,5,0,1,1,8,5,8,16,11,24,8,29,12,38,15,28,52,31,41,43,53,56,40,82,78,72,85,83,72,106,110,99,91,98,150,154,139,155,131,184,191,159,180,202,194,218,216,223,233,225,206,196,191,203,217,218,197,191,200,207,188,177,185,165,165,158,153,144,122,113,144,105,124,105,85,99,88,81,61,67,54,74,56,47,60,45,30,28,33,24,30,40,26,28,15,14,14,15,11,7,14,10,4,2,10,5,3,5,3,5,2,2,4,1,3,1,0,0,2,0,3,0,1,1,0,0,0,0,2,0,1,0,0,1,0,0,1,0,0,0,0,0,0,0,0,0,0,0,0,0,0,0,0,0,0,0,0,0,0,0,0,0,0,0,0,0,0,0,0,0,0,0,0,0,0,0,0,0,0,0,0,0,0,0,0,0,0
0,0,0,0,0,0,0,0,0,7,0,1,2,4,0,0,1,7,6,5,18,5,24,14,20,14,32,20,38,46,48,42,41,49,53,71,63,76,64,82,75,58,91,120,75,112,79,139,141,157,177,156,164,213,167,175,168,198,191,213,219,204,229,174,185,196,232,221,212,175,195,193,191,161,174,180,163,151,175,154,115,143,119,126,95,100,97,80,71,89,71,70,77,62,60,42,47,47,39,45,29,28,37,29,23,21,19,16,13,17,11,6,13,10,7,6,8,6,6,5,4,4,2,5,5,2,1,5,3,4,0,3,1,1,1,1,0,0,0,1,2,0,0,0,0,0,0,0,1,0,0,0,0,0,0,0,0,0,0,0,0,0,0,0,0,0,0,0,0,0,0,0,0,0,0,0,0,0,0,0,0,0,0,0,0,0,0,0,0,0,0,0,0,0,0,0,0,0,0,0
0,0,0,0,0,0,0,0,0,5,0,1,3,0,0,0,0,6,7,7,12,10,26,10,28,12,36,14,27,35,38,39,28,45,44,52,60,94,63,95,69,44,85,97,82,94,110,132,161,159,139,144,180,223,143,186,182,197,182,230,222,220,202,195,186,184,194,218,209,186,188,186,183,174,161,165,164,159,140,137,143,120,129,126,93,96,111,79,85,73,78,60,58,47,46,49,49,48,35,40,21,41,26,30,23,22,19,14,25,21,13,19,18,9,7,6,8,8,9,8,5,4,3,1,1,0,2,3,2,1,0,1,3,0,0,0,1,1,1,1,0,0,0,1,0,1,0,0,0,0,0,1,0,0,0,0,0,0,0,0,0,0,0,0,0,0,0,0,0,0,0,0,0,0,0,0,0,0,0,0,0,0,0,0,0,0,0,0,0,0,0,0,0,0,0,0,0,0,0,0
0,0,0,0,0,0,0,0,0,9,0,3,1,1,1,2,0,2,11,12,12,9,25,12,22,12,23,24,33,33,33,37,48,36,61,56,73,79,60,77,69,52,97,79,72,93,101,147,146,139,155,127,169,199,161,163,167,180,189,209,184,193,215,183,186,170,209,178,154,173,169,190,179,137,192,165,146,165,160,129,125,120,92,118,81,107,105,89,74,87,69,63,55,45,50,48,48,54,29,34,28,32,21,23,25,15,19,14,14,18,15,8,8,5,9,6,6,9,3,6,5,4,6,0,4,1,1,1,0,1,2,1,2,0,0,1,3,0,0,0,0,1,0,1,0,0,0,0,0,0,0,0,0,0,0,0,0,0,0,0,0,0,0,0,0,0,0,0,0,0,0,0,0,0,0,0,0,0,0,0,0,0,0,0,0,0,0,0,0,0,0,0,0,0,0,0,0,0,0,0
0,0,0,0,0,0,0,0,0,7,0,4,7,1,3,1,3,5,5,6,12,8,22,5,25,18,39,14,30,49,40,34,45,38,50,44,55,74,53,84,78,55,83,83,64,100,91,135,136,140,149,147,158,183,173,175,155,173,206,190,172,178,179,195,172,168,167,178,205,161,186,174,187,183,153,163,163,147,127,130,109,135,105,127,89,92,86,99,74,57,58,55,73,64,64,42,45,43,43,35,27,28,17,18,28,23,20,12,11,24,8,13,9,10,8,12,13,5,6,1,4,2,4,1,2,0,5,0,0,0,1,0,0,2,2,2,0,0,0,1,0,0,0,0,0,0,0,0,0,0,0,0,0,0,0,0,0,0,0,0,0,0,0,0,0,0,0,0,0,0,0,0,0,0,0,0,0,0,0,0,0,0,0,0,0,0,0,0,0,0,0,0,0,0,0,0,0,0,0,0
0,0,0,0,0,0,0,0,0,4,1,3,1,1,3,2,1,2,7,9,6,5,22,9,17,18,28,26,27,30,37,36,36,42,36,53,44,73,66,83,81,52,80,105,65,103,105,119,133,130,130,126,139,180,155,149,148,166,173,196,190,179,196,177,148,140,181,196,168,171,192,166,152,153,161,147,121,132,113,120,122,111,102,118,102,83,91,82,73,66,61,66,60,54,54,39,46,28,39,34,29,25,28,15,13,18,15,10,13,16,10,10,10,11,4,11,11,2,2,7,7,4,2,1,2,2,2,1,4,2,0,2,0,0,0,1,0,0,0,0,0,0,0,0,0,0,0,0,0,0,0,0,0,0,0,1,0,0,0,0,0,0,0,0,0,0,0,0,0,0,0,0,0,0,0,0,0,0,0,0,0,0,0,0,0,0,0,0,0,0,0,0,0,0,0,0,0,0,0,0
0,0,0,0,0,0,0,0,0,8,0,3,6,3,3,0,1,3,5,3,6,9,28,6,29,25,35,17,27,36,40,35,34,38,38,66,50,73,40,56,77,48,82,93,62,101,101,115,125,136,144,131,141,178,137,161,154,176,170,177,190,165,174,159,160,155,162,191,169,172,144,160,150,140,150,141,132,117,135,125,122,125,111,120,87,85,87,72,60,80,58,59,59,51,47,37,42,30,35,32,30,17,24,21,24,18,23,11,9,14,14,11,7,8,6,9,6,9,2,5,2,2,2,1,2,0,2,0,0,3,1,0,2,0,0,0,0,1,0,0,1,0,1,0,0,0,0,1,1,0,0,0,0,0,0,0,0,0,0,0,0,0,0,0,0,0,0,0,0,0,0,0,0,0,0,0,0,0,0,0,0,0,0,0,0,0,0,0,0,0,0,0,0,0,0,0,0,0,0,0
0,0,0,2,0,0,0,0,0,7,1,2,3,3,1,0,1,8,11,9,11,6,19,7,20,16,33,16,25,39,29,29,35,45,48,63,52,62,45,60,60,55,71,80,70,80,87,110,127,124,148,110,127,170,133,122,147,171,160,164,167,197,165,179,142,157,173,202,158,155,148,153,146,151,163,148,140,159,117,105,100,113,112,98,73,74,75,60,58,55,62,60,54,56,53,39,29,39,28,32,34,35,22,21,15,23,26,11,12,14,5,10,5,6,8,3,2,4,5,4,2,1,6,0,3,1,5,2,0,1,2,2,1,0,1,0,1,0,0,0,1,0,0,0,0,0,0,0,0,0,0,0,0,0,0,0,0,0,0,0,0,0,0,0,0,0,0,0,0,0,0,0,0,0,0,0,0,0,0,0,0,0,0,1,0,0,0,0,0,0,0,0,0,0,0,0,0,0,0,0
0,0,0,0,0,0,0,0,0,5,0,0,5,1,0,1,1,4,0,8,7,10,19,10,23,9,36,19,25,32,28,22,28,36,53,57,51,72,53,65,75,66,84,85,78,91,80,111,136,127,140,111,140,184,141,122,162,161,179,164,165,185,197,178,160,174,138,175,170,140,144,148,143,117,151,135,134,133,119,99,119,99,85,95,101,80,77,56,92,58,73,65,45,44,41,31,44,35,37,36,32,30,29,20,21,13,16,11,8,19,11,14,7,10,7,7,7,4,6,1,4,2,2,4,2,4,2,0,0,0,1,2,1,0,0,0,1,1,1,0,0,0,0,0,0,0,0,0,0,0,0,0,0,0,0,0,0,0,0,0,0,1,0,0,0,0,0,0,0,0,0,0,0,0,0,0,0,0,0,0,0,0,0,0,0,0,0,0,0,0,0,0,0,0,0,0,0,0,0,0
0,0,0,0,0,0,0,0,0,5,0,0,6,3,0,0,1,5,8,6,7,7,18,5,21,15,25,19,29,35,43,28,31,38,44,40,51,78,49,59,63,41,74,97,69,74,75,104,114,92,119,111,124,164,155,130,133,143,156,156,169,155,169,134,154,153,155,169,161,147,123,151,110,138,131,139,120,129,115,118,105,89,88,85,89,74,72,76,63,62,58,59,55,35,39,36,31,35,33,28,28,26,18,24,17,21,16,8,9,19,12,10,7,9,8,13,9,2,1,3,2,4,0,3,1,3,1,3,0,2,2,0,0,1,1,1,0,1,0,0,0,0,0,1,0,0,0,0,0,0,0,0,0,0,0,0,0,0,0,0,0,0,0,0,0,0,0,0,0,0,0,0,0,0,0,0,0,0,0,0,0,0,0,0,0,0,0,0,0,0,0,0,0,0,0,0,0,0,0,0
0,0,0,1,0,0,0,0,0,4,1,1,3,1,2,0,3,4,4,3,4,11,19,11,7,20,29,24,18,33,30,28,36,33,36,31,47,55,48,50,69,44,86,89,75,100,77,111,133,125,146,110,136,158,165,123,154,128,161,176,170,139,139,135,132,140,129,170,161,138,164,150,132,116,130,127,115,112,100,102,110,89,95,67,68,75,60,80,61,61,68,44,61,33,40,28,29,27,26,37,26,21,22,15,15,20,18,14,10,14,8,11,7,9,8,5,8,3,5,4,3,3,2,2,0,2,4,2,0,1,2,2,0,0,0,0,1,0,2,0,0,1,1,0,0,0,0,0,0,0,0,0,0,0,0,0,0,0,0,0,0,0,0,0,0,0,0,0,0,0,0,0,0,0,0,0,0,0,0,0,0,0,0,0,0,0,0,0,0,0,0,0,0,0,0,0,0,0,0,0
0,0,0,0,0,0,0,0,0,5,0,1,5,2,0,0,1,1,4,3,5,5,18,6,14,8,25,16,27,33,32,24,28,32,40,50,53,61,47,44,76,63,82,71,74,78,84,104,108,120,101,95,143,160,134,130,141,127,154,145,165,167,143,126,144,148,137,160,141,126,146,133,134,139,137,122,118,134,111,103,87,95,84,69,72,75,83,63,67,54,43,50,50,35,30,44,45,23,31,25,21,25,22,18,19,14,13,14,10,9,14,8,4,6,5,8,8,7,0,2,3,0,2,1,3,4,2,1,0,3,1,1,0,0,1,0,1,0,0,0,1,0,0,0,0,0,0,0,0,0,0,0,0,0,0,0,0,0,0,0,0,0,0,0,0,0,0,0,0,0,0,0,0,0,0,0,0,0,0,0,0,0,0,0,0,0,0,0,0,0,0,0,0,0,0,0,0,0,0,0
0,0,0,0,0,0,0,0,0,1,0,1,4,1,2,1,1,3,4,6,9,6,21,5,12,13,22,24,30,34,37,23,34,43,38,39,39,71,48,59,56,57,71,82,59,94,73,117,123,114,127,96,114,140,118,141,128,146,146,166,185,151,143,136,147,143,165,159,130,145,134,136,128,143,130,112,115,112,96,101,96,96,90,69,79,63,55,56,59,49,50,47,44,28,36,30,36,24,27,23,24,19,18,31,22,17,9,9,11,5,6,9,7,10,5,6,3,5,3,9,0,5,3,2,4,1,3,2,0,0,0,1,0,0,0,1,1,1,0,1,0,1,0,0,0,0,0,0,0,0,0,0,0,0,0,0,0,0,0,0,0,0,0,0,0,0,0,0,0,0,0,0,0,0,0,0,0,0,0,0,0,0,0,0,0,0,0,0,0,0,0,0,0,0,0,0,0,0,0,0
0,0,0,0,0,0,0,0,0,10,0,2,2,0,0,1,2,0,7,3,10,4,15,7,14,20,35,15,18,21,32,30,37,25,33,52,40,73,49,71,58,40,60,69,49,84,61,103,117,98,131,123,128,135,140,116,119,118,126,147,150,136,157,141,132,131,159,160,144,164,126,125,138,117,111,126,105,98,105,103,101,95,69,88,68,55,67,55,53,43,51,52,39,33,33,30,26,39,16,20,18,25,19,22,13,10,10,11,17,7,8,13,8,7,5,4,2,4,2,7,1,1,3,2,3,0,0,2,1,0,0,0,0,1,0,0,0,0,0,0,0,0,0,0,0,0,0,0,0,0,0,0,0,0,0,0,0,0,0,0,0,0,0,0,0,0,0,0,0,0,0,0,0,0,0,0,0,0,0,1,0,0,0,0,0,0,0,0,0,0,0,0,0,0,0,0,0,1,0,0
0,0,0,0,0,0,0,0,0,2,0,1,3,0,0,0,1,5,3,4,11,9,11,9,18,13,37,15,30,20,22,23,25,44,34,44,52,51,34,67,62,49,53,70,50,68,67,86,102,99,141,95,107,148,106,118,128,123,134,139,145,139,126,125,129,131,128,139,144,108,136,124,127,103,117,108,99,111,100,84,78,80,77,81,79,63,62,59,53,65,43,48,41,40,38,28,34,27,22,27,20,14,16,18,19,11,12,14,9,15,9,7,8,11,5,5,2,1,1,0,4,6,1,4,3,3,1,4,3,0,0,1,2,0,0,0,0,0,0,0,0,1,0,0,0,0,0,0,0,0,0,0,0,0,0,1,0,0,0,0,0,0,0,0,0,0,0,0,0,0,0,0,0,0,0,0,0,0,0,0,0,0,0,0,0,0,0,0,0,0,0,0,0,0,0,0,0,0,0,0
0,0,0,2,0,0,0,0,0,2,0,1,5,1,1,0,2,4,3,8,3,10,16,8,16,13,21,15,30,20,31,27,29,38,36,49,43,47,49,51,54,45,55,53,58,70,68,97,98,110,105,94,108,139,115,124,133,113,122,142,116,127,127,112,119,107,124,147,144,112,119,139,128,134,139,98,98,79,95,84,98,93,98,79,63,78,62,50,51,46,42,33,35,35,33,28,32,32,27,23,26,14,21,22,20,16,13,12,14,5,11,9,10,7,7,2,8,4,4,5,4,4,1,1,0,2,0,0,1,0,0,3,2,1,0,0,1,1,3,0,1,0,0,0,0,0,0,0,0,0,0,0,0,0,0,0,0,0,0,0,0,0,0,0,0,0,0,0,0,0,0,0,0,0,0,0,0,0,0,0,0,0,0,0,0,0,0,0,0,0,0,0,0,0,0,0,0,0,0,0
0,0,0,0,0,0,0,0,0,5,0,2,4,1,1,0,0,5,6,3,4,6,23,4,18,8,20,8,22,32,27,25,20,37,36,35,42,60,33,51,58,43,72,62,44,59,82,93,94,89,105,97,127,127,112,106,113,126,135,111,116,143,132,131,132,103,153,130,127,133,121,121,108,107,117,104,92,112,94,64,80,86,83,79,58,48,54,66,52,45,47,39,34,31,42,30,21,32,17,26,27,15,19,15,14,8,9,7,10,11,16,4,5,6,2,3,3,10,4,1,2,3,0,3,0,0,2,0,0,1,2,0,0,0,1,0,0,1,0,0,0,0,1,0,0,0,0,0,0,0,0,0,1,0,0,0,0,0,0,0,0,0,0,0,0,0,0,0,0,0,0,0,0,0,0,0,0,0,0,0,0,0,0,0,0,0,0,0,0,0,0,0,0,0,0,0,0,0,0,0
0,0,0,0,0,0,0,0,0,2,0,1,3,3,1,1,1,5,3,2,4,2,13,4,16,11,22,13,20,29,31,27,23,31,36,39,33,57,48,55,58,40,66,51,65,73,66,85,92,105,116,98,111,124,97,104,137,117,122,117,143,137,117,124,104,116,137,114,111,109,125,97,112,95,113,90,104,74,76,96,82,70,69,56,69,48,70,47,48,34,49,39,46,37,32,25,23,28,26,21,23,9,12,16,21,10,8,5,6,13,11,5,4,6,5,5,5,1,1,5,3,3,2,1,1,1,0,0,0,1,0,0,1,0,0,1,1,1,0,0,0,0,0,0,0,0,0,0,0,0,0,0,0,0,0,0,0,0,0,0,0,0,0,0,0,0,0,0,0,0,0,0,0,0,0,0,0,0,0,0,0,0,0,0,0,0,0,0,0,0,0,0,0,0,0,0,0,0,0,0
0,0,0,0,0,0,0,0,0,4,1,3,3,4,1,1,2,3,4,4,15,10,15,7,12,7,24,15,19,24,32,29,29,28,43,38,33,61,40,54,55,42,60,75,53,71,72,90,93,99,102,87,93,99,110,116,102,119,121,136,124,135,112,111,116,119,112,132,109,104,109,128,104,86,104,101,69,89,82,84,69,73,63,68,49,61,56,33,52,32,48,47,39,28,34,29,24,18,23,21,23,16,21,23,13,11,11,9,10,4,6,4,7,6,4,2,3,4,6,1,2,2,2,0,3,1,1,1,1,0,4,1,2,0,0,0,1,0,0,2,0,1,0,0,0,0,0,0,0,0,0,0,0,0,0,0,0,0,0,0,0,0,0,0,0,0,0,0,0,0,0,0,0,0,0,0,0,0,0,0,0,0,0,0,0,0,0,0,0,0,0,0,0,0,0,0,0,0,0,0
0,0,0,0,0,0,0,0,0,3,1,2,2,1,0,0,0,6,5,4,3,4,13,6,13,9,16,8,14,26,22,24,35,38,29,35,43,33,59,42,54,38,58,51,54,66,63,68,92,89,92,106,110,110,97,101,90,121,144,118,104,133,121,96,104,124,117,118,115,110,109,106,101,85,106,88,89,82,85,80,66,76,69,53,57,58,59,39,44,53,44,32,34,20,31,28,30,24,19,25,25,11,15,17,14,11,9,9,9,5,9,7,6,12,5,2,2,2,1,1,1,4,0,1,2,0,0,2,0,1,0,0,1,0,0,0,0,0,0,0,0,0,0,0,0,0,0,1,0,0,0,0,0,0,0,0,0,0,0,0,0,0,0,0,0,0,0,0,0,0,0,0,0,0,0,0,0,0,0,0,0,0,0,0,0,0,0,0,0,0,0,0,0,0,0,0,0,0,0,0
0,0,0,0,0,0,0,0,0,8,1,2,2,2,1,0,1,2,7,6,7,6,16,6,15,1,19,13,8,24,30,30,21,26,43,31,44,42,35,58,45,45,60,57,43,65,58,114,93,82,91,78,94,130,109,104,117,110,107,124,100,113,118,119,112,137,117,113,113,101,103,110,101,91,102,90,98,64,87,100,71,78,50,60,53,41,58,51,37,39,31,32,32,25,35,21,17,21,16,19,23,20,11,12,12,9,12,12,7,6,13,6,3,9,4,7,2,1,2,2,0,1,1,2,3,0,0,2,1,0,1,0,1,1,0,0,1,0,0,0,1,0,0,0,0,0,0,0,0,0,0,0,0,0,0,0,0,0,0,0,0,0,0,0,0,0,0,0,0,0,0,0,0,0,0,0,0,0,0,0,0,0,0,0,0,0,0,0,0,0,0,0,0,0,0,0,0,0,0,0
0,0,0,0,0,0,0,0,0,3,1,1,2,1,1,1,0,4,1,3,6,3,19,7,22,13,30,8,21,27,33,21,28,26,27,40,28,46,29,50,55,38,58,62,60,54,55,74,82,79,84,96,98,117,116,89,96,97,115,129,114,131,132,98,112,108,104,90,97,119,95,105,98,94,79,81,80,78,81,73,82,66,49,59,47,55,48,45,38,37,25,37,37,29,31,32,32,32,22,23,21,12,18,11,18,10,6,5,12,7,10,6,6,1,1,3,4,5,4,3,2,4,0,0,1,2,1,1,0,0,1,0,1,1,0,1,0,0,0,0,0,0,0,0,0,0,0,0,0,0,0,0,0,0,0,0,0,0,0,0,0,0,0,0,0,0,0,0,0,0,0,0,0,0,0,0,0,0,0,0,0,0,0,0,0,0,0,0,0,0,0,0,0,0,0,0,0,0,0,0
0,0,0,0,0,0,0,0,0,1,0,0,4,1,0,0,6,2,5,1,4,1,10,6,12,12,21,12,20,36,22,19,33,24,25,35,34,39,34,47,58,52,59,43,43,52,56,79,84,87,91,77,106,109,90,98,97,81,105,105,101,114,103,102,90,97,118,115,109,112,87,87,90,86,82,87,75,86,86,78,59,61,64,71,44,49,47,39,40,45,33,41,29,30,27,22,31,26,21,25,16,16,16,16,14,12,13,14,6,11,2,8,4,7,6,3,6,3,5,1,3,0,2,0,2,0,0,1,1,1,1,0,1,1,0,0,0,0,0,0,1,0,0,0,0,1,0,0,0,0,0,0,0,0,0,0,0,0,0,0,0,0,0,0,0,0,0,0,0,0,0,0,0,0,0,0,0,0,0,0,0,0,0,0,0,0,0,0,0,0,0,0,0,0,0,0,0,0,0,0
0,0,0,1,0,0,0,0,0,6,0,1,3,2,0,0,0,4,4,5,10,3,5,2,16,11,17,11,12,31,19,29,24,21,22,35,24,56,33,30,54,30,45,72,48,67,55,57,92,103,92,68,80,123,85,110,107,88,104,102,103,97,110,97,102,94,113,123,132,86,93,107,80,81,100,74,92,83,75,75,57,56,39,52,37,46,45,41,51,48,31,19,35,29,21,17,16,17,22,21,13,9,16,8,5,10,11,6,7,2,10,8,8,6,2,4,3,2,3,1,3,1,0,0,1,1,0,1,1,1,0,0,0,0,0,0,0,0,1,0,0,0,0,0,1,0,0,0,0,0,0,0,0,0,0,0,0,0,0,0,0,0,0,0,0,0,0,0,0,0,0,0,0,0,0,0,0,0,0,0,0,0,0,0,0,0,0,0,0,0,0,0,0,0,0,0,0,0,0,0
0,0,0,0,0,0,0,0,0,1,0,0,5,1,0,0,1,4,4,7,11,6,19,2,13,3,30,12,13,26,22,18,18,22,25,38,30,58,26,44,43,24,47,56,38,62,66,85,86,71,97,65,94,105,87,82,81,90,108,92,93,125,114,102,98,90,112,99,95,71,103,78,84,80,76,68,69,76,65,68,70,69,52,63,46,43,38,47,36,32,34,35,27,24,31,18,25,17,23,14,11,15,11,16,18,9,8,8,7,9,3,4,4,10,7,4,3,0,2,3,1,0,5,2,0,0,0,4,1,1,0,0,0,0,0,1,1,0,0,1,0,0,0,0,0,0,0,0,0,0,0,0,0,0,0,0,0,0,0,0,0,0,0,0,0,0,0,0,0,0,0,0,0,0,0,0,0,0,0,0,0,0,0,0,0,0,0,0,0,0,0,0,0,0,0,0,0,0,0,0
0,0,0,1,0,0,0,0,0,3,1,1,2,0,0,0,3,4,3,0,9,4,8,4,8,7,18,11,18,17,26,25,21,14,22,40,39,39,34,36,49,26,55,54,36,67,62,65,81,79,85,81,76,106,99,92,104,96,97,113,106,107,128,87,81,72,96,92,89,85,88,79,76,83,87,74,64,64,65,65,58,52,48,49,42,48,44,34,37,30,35,27,21,28,41,16,22,19,19,18,9,18,14,6,11,10,9,9,6,3,6,2,4,6,0,4,1,2,2,1,2,0,2,2,3,1,2,0,1,1,2,1,0,0,0,1,0,0,0,0,1,0,0,0,0,0,0,0,0,0,0,0,0,0,0,0,0,0,0,0,0,0,0,0,0,0,0,0,0,0,0,0,0,0,0,0,0,0,0,0,0,0,0,0,0,0,0,0,0,0,0,0,0,0,0,0,0,0,0,0
0,0,0,0,0,0,0,0,0,4,0,1,1,1,0,0,0,6,2,3,5,1,18,4,9,7,12,10,25,24,33,21,26,17,23,29,37,48,43,57,45,31,57,47,49,64,51,67,76,79,71,66,94,97,86,70,89,95,107,88,95,110,92,73,78,88,97,92,88,88,78,85,83,97,70,62,67,80,60,69,69,64,48,55,49,38,35,39,40,40,28,35,29,29,26,28,13,22,18,20,10,15,10,7,11,2,9,2,6,6,6,6,6,1,5,3,7,3,2,2,1,2,1,2,0,2,3,1,1,1,2,0,0,0,0,0,0,0,0,1,0,0,0,0,0,0,0,0,0,0,0,0,0,0,0,0,0,0,0,0,0,0,0,0,0,0,0,0,0,0,0,0,0,0,0,0,0,0,0,0,0,0,0,0,0,0,0,0,0,0,0,0,0,0,0,0,0,0,0,0
0,0,0,1,0,0,0,0,0,4,0,1,2,2,0,1,1,2,4,6,6,1,15,7,5,8,11,12,18,25,24,25,19,16,32,38,31,42,29,46,37,26,43,60,42,49,54,72,84,83,87,67,68,82,84,85,73,85,97,79,97,102,104,76,101,92,82,97,94,74,87,78,85,65,70,64,66,80,63,59,58,50,49,51,47,54,49,41,43,24,25,31,28,16,25,20,17,14,17,18,12,19,14,12,13,9,9,8,5,6,8,4,7,5,5,1,3,2,2,0,2,0,2,0,0,1,1,0,1,1,0,0,0,0,1,1,0,0,0,0,0,0,0,0,0,0,0,0,1,0,0,0,0,0,0,0,0,0,0,0,0,0,0,0,0,0,0,0,0,0,0,0,0,0,0,0,0,0,0,0,0,0,0,0,0,0,0,0,0,0,0,0,0,0,0,0,0,0,0,0
0,0,0,0,0,0,0,0,0,0,0,0,0,1,1,0,0,3,4,4,8,3,14,4,12,10,19,10,18,15,17,21,19,19,25,34,34,44,34,45,42,28,54,46,45,44,45,82,79,73,87,54,85,82,70,84,87,87,93,76,90,89,90,94,96,96,98,88,74,74,84,82,75,80,64,82,67,56,55,64,60,55,57,38,35,50,41,36,31,30,32,25,30,22,21,20,22,14,24,17,17,7,16,17,7,8,7,7,12,4,3,5,3,5,1,4,1,4,2,1,1,0,1,0,5,0,1,2,3,0,0,1,0,0,0,2,0,0,0,0,0,0,0,0,0,1,0,0,0,0,0,0,0,0,0,0,0,0,0,0,0,0,0,0,0,0,0,0,0,0,0,0,0,0,0,0,0,0,0,0,0,0,0,0,0,0,0,0,0,0,0,0,0,0,0,0,0,0,0,0
0,0,0,0,0,0,0,0,0,3,0,0,1,0,0,1,1,2,5,3,5,3,12,3,18,6,19,12,13,19,19,24,34,20,24,36,31,35,26,45,46,37,51,52,36,41,51,71,76,80,83,61,75,93,86,71,59,85,77,90,84,97,90,76,78,74,89,73,87,71,76,69,79,73,53,60,64,54,70,69,55,58,38,43,42,43,37,34,25,15,23,33,18,22,22,22,15,14,12,15,22,11,11,16,9,13,8,6,9,5,6,8,3,3,7,1,4,3,2,0,2,1,2,1,1,1,1,1,1,0,0,1,0,1,0,0,0,0,1,0,0,0,0,0,0,0,0,1,0,0,0,0,0,0,0,0,0,0,0,0,0,0,0,0,0,0,0,0,0,0,0,0,0,0,0,0,0,0,0,0,0,0,0,0,0,0,0,0,0,0,0,0,0,0,0,0,0,0,0,0
0,0,0,0,0,0,0,0,0,2,0,2,2,0,0,0,1,1,8,5,1,2,7,5,6,8,19,12,17,22,16,21,17,27,26,32,30,53,33,27,30,32,50,51,34,51,38,59,68,75,56,60,65,64,84,69,76,70,81,79,67,94,76,84,79,70,92,89,82,65,83,82,59,59,72,67,62,57,67,51,47,48,46,59,40,35,42,19,37,29,25,25,24,21,17,15,16,15,13,7,8,16,14,10,7,10,8,3,4,4,4,2,6,4,2,6,8,4,2,2,0,0,2,0,0,0,0,2,2,1,0,1,0,0,0,0,0,0,0,0,0,0,0,0,0,0,0,0,0,0,0,0,0,0,0,0,0,0,0,0,0,0,0,0,0,0,0,0,0,0,0,0,0,0,0,0,0,0,0,0,0,0,0,0,0,0,0,0,0,0,0,0,0,0,0,0,0,0,0,0
0,0,0,0,0,0,0,0,0,3,1,0,1,0,2,3,1,6,3,6,3,4,13,4,13,7,13,8,14,26,23,17,12,25,15,24,42,29,27,33,32,30,46,36,29,50,47,73,60,61,72,73,69,73,73,73,72,92,92,80,89,83,90,60,74,73,64,77,71,74,70,80,63,70,76,68,64,60,59,49,46,39,39,42,32,34,39,31,23,26,31,26,21,16,24,26,17,22,15,19,15,4,7,8,8,8,13,5,5,7,7,2,1,3,3,4,2,0,5,5,0,2,1,1,1,0,2,1,1,0,1,0,0,0,0,1,1,1,0,1,0,0,0,0,0,0,0,0,0,0,0,0,0,0,0,0,0,0,0,0,0,0,0,0,0,0,0,0,0,0,0,0,0,0,0,0,0,0,0,0,0,0,0,0,0,0,0,0,0,0,0,0,0,0,0,0,0,0,0,0
0,0,0,0,0,0,0,0,0,6,0,1,1,1,1,0,1,1,4,2,10,3,17,3,16,10,16,3,7,10,30,12,15,18,24,25,27,41,29,40,36,27,33,53,38,43,38,59,67,69,63,50,51,84,65,70,80,83,84,77,74,92,84,76,67,71,79,94,76,76,61,75,67,54,70,59,63,52,44,49,40,45,41,46,28,42,39,29,24,25,24,31,28,21,19,11,24,16,9,11,8,6,12,7,7,13,5,5,5,4,3,4,1,2,1,2,1,2,1,1,1,0,1,0,0,0,0,1,0,0,0,0,1,0,0,1,0,0,0,0,0,0,0,0,0,0,0,0,0,0,1,0,0,0,0,0,0,0,0,0,0,0,0,0,0,0,0,0,0,0,0,0,0,0,0,0,0,0,0,0,0,0,0,0,0,0,0,0,0,0,0,0,0,0,0,0,0,0,0,0
0,0,0,0,0,0,0,0,0,4,0,0,0,1,0,1,1,6,3,2,3,3,11,2,8,3,18,7,17,19,13,27,17,16,31,21,23,27,30,32,42,40,23,48,40,43,35,64,65,56,58,55,62,83,78,62,66,76,97,81,71,92,81,77,75,62,101,68,73,70,56,76,60,65,49,59,58,46,54,56,58,30,39,34,45,33,26,21,32,23,28,14,17,17,15,14,16,12,10,11,14,14,9,9,4,6,5,1,7,0,3,6,3,5,3,3,0,2,1,4,4,1,1,2,2,0,1,0,1,0,0,1,0,0,0,0,0,0,1,0,0,0,0,0,0,0,0,0,0,0,0,0,0,0,0,0,0,0,0,0,0,0,0,0,0,0,0,0,0,0,0,0,0,0,0,0,0,0,0,0,0,0,0,0,0,0,0,0,0,0,0,0,0,0,0,0,0,0,0,0
0,0,0,0,0,0,0,0,0,7,0,0,4,2,0,1,0,2,3,0,2,2,11,4,10,9,15,8,21,17,23,16,25,15,25,18,31,41,35,27,32,27,37,46,31,52,43,55,54,47,63,71,82,82,49,66,71,76,74,65,62,93,77,70,78,75,61,73,87,59,68,57,54,61,70,75,57,60,44,50,42,44,32,43,23,31,41,25,20,23,24,27,26,17,14,10,15,13,12,17,7,6,14,7,11,8,9,6,3,6,5,3,5,3,2,3,3,4,3,3,1,3,0,0,0,0,1,0,0,1,0,0,1,0,0,0,1,0,0,0,0,0,0,0,0,0,0,0,0,0,0,0,0,0,0,0,0,0,0,0,0,0,0,0,0,0,0,0,0,0,0,0,0,0,0,0,0,0,0,0,0,0,0,0,0,0,0,0,0,0,0,0,0,0,0,0,0,0,0,0
0,0,0,0,0,0,0,0,0,4,0,1,0,4,0,0,0,1,5,2,6,7,15,4,13,4,13,6,14,16,17,19,21,20,25,26,25,30,23,38,35,23,39,44,33,41,36,57,67,52,59,46,60,81,61,64,75,64,93,85,77,79,70,69,86,46,81,75,59,78,53,76,54,45,63,56,43,54,48,47,42,35,37,51,30,43,32,32,19,26,18,22,14,16,17,19,15,15,14,12,9,8,11,6,6,6,5,2,5,5,9,3,5,2,4,1,6,3,4,2,1,3,0,0,0,0,0,0,1,0,0,0,0,0,0,0,1,0,0,1,0,1,0,0,0,0,0,0,0,0,0,0,0,0,0,0,0,0,0,0,0,0,0,0,0,0,0,0,0,0,0,0,0,0,0,0,0,0,0,0,0,0,0,0,0,0,0,0,0,0,0,0,0,0,0,0,0,0,0,0
0,0,0,0,0,0,0,0,0,1,0,0,0,1,2,1,2,1,4,2,3,5,16,3,8,7,16,7,13,17,18,22,11,17,17,21,26,36,17,38,36,33,35,37,26,59,39,49,61,50,67,50,64,63,73,76,77,72,78,67,68,56,64,67,66,58,79,74,65,57,56,65,54,51,58,50,55,44,54,53,54,33,35,41,26,29,41,25,22,33,23,19,14,21,15,10,13,13,14,10,19,9,8,11,8,4,7,3,1,2,5,4,3,4,2,2,4,3,3,6,1,1,0,1,1,0,0,0,1,0,0,0,1,0,1,0,0,0,0,1,0,1,0,0,0,0,0,0,0,0,0,0,0,0,0,0,0,0,0,0,0,0,0,0,0,0,0,0,0,0,0,0,0,0,0,0,0,0,0,0,0,0,0,0,0,0,0,0,0,0,0,0,0,0,0,0,0,0,0,0
0,0,0,0,0,0,0,0,0,0,0,0,1,1,0,1,1,3,5,1,3,2,11,2,4,10,19,10,11,19,19,9,21,14,22,21,27,30,32,38,30,26,27,33,41,46,41,65,55,57,66,53,70,77,57,69,46,59,74,62,57,72,82,68,67,50,61,71,66,51,58,67,52,45,46,55,40,53,39,39,34,42,42,40,24,28,32,34,24,21,25,18,9,22,6,15,14,10,13,9,8,12,8,7,8,8,5,6,7,3,4,7,3,1,4,2,2,1,2,0,1,0,0,2,0,1,0,0,0,0,0,0,0,0,0,0,1,0,0,0,0,0,0,0,1,0,0,0,0,0,0,0,0,0,0,0,0,0,0,0,0,0,0,0,0,0,0,0,0,0,0,0,0,0,0,0,0,0,0,0,0,0,0,0,0,0,0,0,0,0,0,0,0,0,0,0,0,0,0,0
0,0,0,1,0,0,0,0,0,1,0,0,1,0,1,0,1,1,2,3,4,3,5,5,11,10,13,10,14,22,21,16,15,28,25,29,23,34,31,28,37,28,31,39,29,44,44,44,49,53,58,44,56,71,69,72,56,59,53,78,64,58,60,70,53,58,58,53,76,62,67,60,51,50,62,51,45,49,46,36,48,35,46,37,19,35,30,27,20,23,24,12,17,16,16,12,11,10,18,7,9,9,5,8,7,7,4,5,2,4,2,2,2,5,4,4,3,1,0,1,1,1,1,1,0,1,0,0,0,1,0,0,1,0,0,0,0,0,0,0,0,0,0,0,0,0,0,0,0,0,0,0,0,0,1,0,0,0,0,0,0,0,0,0,0,0,0,0,0,0,0,0,0,0,0,0,0,0,0,0,0,0,0,0,0,0,0,0,0,0,0,0,0,0,0,0,0,0,0,0
0,0,0,0,0,0,0,0,0,2,0,2,1,1,0,1,1,3,3,1,3,6,6,5,9,5,15,9,8,15,22,18,11,23,17,21,28,29,22,23,35,24,32,38,14,33,36,53,51,42,64,52,61,65,41,58,53,65,57,75,60,74,66,73,51,46,60,73,57,55,44,54,50,49,50,69,48,57,37,28,40,31,31,36,27,33,29,29,21,27,30,25,18,14,11,14,8,15,4,9,7,13,8,11,8,3,4,3,6,6,2,1,8,3,3,3,3,2,4,3,2,2,2,1,1,2,1,0,1,0,1,0,0,0,0,0,0,1,0,0,0,0,0,0,0,0,0,0,0,0,0,0,0,0,0,0,0,0,0,0,0,0,0,0,0,0,0,0,0,0,0,0,0,0,0,0,0,0,0,0,0,0,0,0,0,0,0,0,0,0,0,0,0,0,0,0,0,0,0,0
0,0,0,0,0,0,0,0,0,1,0,2,0,1,0,0,1,1,5,0,2,0,10,2,11,3,14,11,8,12,9,12,14,18,12,22,21,22,36,28,31,30,40,34,29,37,46,55,44,49,73,45,41,87,45,46,44,56,74,67,58,64,61,53,49,61,53,65,54,69,72,44,47,40,49,49,51,35,44,35,40,43,30,34,34,24,24,23,23,33,15,16,14,14,14,18,14,8,13,8,9,8,14,7,10,7,3,2,5,7,0,5,3,4,3,4,4,0,0,2,1,2,1,0,2,1,0,0,1,0,0,0,0,1,0,0,0,0,0,0,0,0,0,0,0,0,0,0,1,0,0,0,0,0,0,0,0,0,0,0,0,0,0,0,0,0,0,0,0,0,0,0,0,0,0,0,0,0,0,0,0,0,0,0,0,0,0,0,0,0,0,0,0,0,0,0,0,0,0,0
0,0,0,0,0,0,0,0,0,3,0,0,0,0,1,0,0,3,7,3,7,1,10,7,4,8,19,11,10,16,19,16,12,13,18,18,22,29,19,30,34,18,27,40,26,43,27,42,55,51,47,59,57,57,48,49,53,55,60,67,66,75,47,51,57,68,56,52,57,65,61,52,49,49,62,60,47,36,50,38,36,31,25,24,27,27,28,17,17,15,15,19,22,19,7,16,17,14,8,8,5,8,12,8,8,5,6,5,5,2,1,1,5,1,2,2,1,1,1,0,1,3,1,0,0,0,0,0,1,0,0,0,0,0,0,0,0,0,0,0,0,0,0,0,0,0,0,0,0,0,0,0,0,0,0,0,0,0,0,0,0,0,0,0,0,0,0,0,0,0,0,0,0,0,0,0,0,0,0,0,0,0,0,0,0,0,0,0,0,0,0,0,0,0,0,0,0,0,0,0
0,0,0,0,0,0,0,0,0,1,0,0,1,0,1,0,0,5,3,5,3,1,9,4,14,10,11,7,10,19,17,9,16,19,23,19,21,19,18,28,31,32,36,35,40,33,27,49,32,50,54,41,44,57,48,57,54,55,45,59,58,62,60,51,58,50,54,63,60,45,42,50,47,52,47,59,39,50,49,32,40,35,25,32,24,31,24,16,14,15,19,18,18,15,14,6,9,10,8,10,7,9,12,8,6,5,3,2,3,2,6,2,1,0,0,0,3,1,2,1,1,0,1,0,1,1,1,1,1,0,1,1,0,0,0,0,0,0,0,0,0,0,0,0,0,0,0,0,0,0,0,0,0,0,0,0,0,0,0,0,0,0,0,0,0,0,0,0,0,0,0,0,0,0,0,0,0,0,0,0,0,0,0,0,0,0,0,0,0,0,0,0,0,0,0,0,0,0,0,0
0,0,0,0,0,0,0,0,0,5,0,0,1,1,0,0,1,2,1,4,3,1,7,1,5,7,10,4,9,15,16,12,12,9,18,22,19,25,24,25,31,18,27,39,27,39,38,44,42,33,55,40,44,54,52,52,49,58,65,67,55,68,72,63,48,49,50,66,51,39,47,45,62,43,38,47,39,46,34,39,34,33,16,25,24,31,16,25,25,22,17,11,10,16,10,5,4,8,6,5,9,13,10,5,9,3,6,1,4,2,3,3,2,2,1,2,2,3,1,1,2,2,1,1,0,0,1,0,0,1,1,0,0,0,0,0,0,1,0,0,0,0,0,0,0,0,0,0,0,0,0,0,0,0,0,0,0,0,0,0,0,0,0,0,0,0,0,0,0,0,0,0,0,0,0,0,0,0,0,0,0,0,0,0,0,0,0,0,0,0,0,0,0,0,0,0,0,0,0,0
0,0,0,0,0,0,0,0,0,4,0,0,1,0,0,1,0,1,3,0,3,0,9,1,6,7,13,8,9,14,16,10,18,18,17,27,22,25,16,19,26,30,19,37,27,41,35,53,49,40,44,47,52,59,46,47,49,46,58,73,57,58,47,50,41,59,49,54,58,44,55,40,51,42,29,40,31,42,24,35,28,33,33,35,30,29,29,18,14,16,18,18,18,9,14,17,14,13,7,7,4,7,4,7,3,4,7,6,3,5,6,3,4,3,1,2,0,3,1,3,0,0,1,0,0,0,1,2,1,0,0,0,0,0,0,0,0,0,0,1,0,0,0,0,0,0,0,0,0,0,0,0,0,0,0,0,0,0,0,0,0,0,0,0,0,0,0,0,0,0,0,0,0,0,0,0,0,0,0,0,0,0,0,0,0,0,0,0,0,0,0,0,0,0,0,0,0,0,0,0
0,0,0,1,0,0,0,0,0,2,0,0,0,1,1,1,0,3,1,2,5,6,10,2,6,7,9,6,13,8,13,13,15,14,14,19,20,26,24,29,31,24,28,31,24,33,20,34,38,50,51,38,41,55,58,37,49,48,48,51,51,57,63,39,40,48,61,45,46,51,52,53,45,48,45,44,25,49,44,39,33,30,22,38,17,20,25,12,15,19,19,15,16,6,12,16,11,11,8,6,5,3,10,6,2,4,3,5,3,3,3,0,4,4,3,0,2,1,2,0,0,1,1,0,0,0,0,0,1,0,1,0,0,0,0,0,0,0,0,0,0,0,0,0,0,0,0,0,0,1,0,0,0,0,0,0,0,0,0,0,0,0,0,0,0,0,0,0,0,0,0,0,0,0,0,0,0,0,0,0,0,0,0,0,0,0,0,0,0,0,0,0,0,0,0,0,0,0,0,0
0,0,0,0,0,0,0,0,0,4,0,1,0,1,0,0,0,3,2,3,2,0,6,3,6,7,10,5,9,17,15,14,11,12,20,19,19,24,12,28,21,18,28,30,21,42,25,45,42,40,55,37,49,67,56,51,42,59,64,42,50,52,44,48,57,40,58,53,60,40,47,46,45,38,50,25,30,38,39,41,33,19,26,23,21,21,14,15,16,15,13,18,13,11,9,13,10,6,3,13,6,3,1,9,3,1,3,5,4,2,1,2,3,2,2,0,1,0,1,1,0,0,1,0,0,0,0,2,0,0,0,1,0,0,0,0,0,0,1,0,0,1,0,0,0,0,0,0,0,0,0,0,0,0,0,0,0,0,0,0,0,0,0,0,0,0,0,0,0,0,0,0,0,0,0,0,0,0,0,0,0,0,0,0,0,0,0,0,0,0,0,0,0,0,0,0,0,0,0,0
0,0,0,0,0,0,0,0,0,0,0,2,3,1,0,0,2,2,5,4,2,5,8,1,6,6,10,5,7,21,17,17,10,14,8,16,23,14,21,16,17,21,30,34,21,21,34,44,57,43,46,39,39,57,42,28,39,45,47,53,47,43,47,52,40,50,64,60,62,36,40,53,43,49,34,32,37,35,40,29,40,32,17,29,21,26,19,16,22,8,16,13,18,13,12,7,13,13,5,11,6,8,8,3,1,4,2,3,4,3,4,4,2,3,1,1,0,2,0,4,0,0,1,1,0,2,0,0,1,1,0,0,0,0,1,0,0,0,0,0,0,0,0,0,0,0,0,0,0,0,0,0,0,0,0,0,0,0,0,0,0,0,0,0,0,0,0,0,0,0,0,0,0,0,0,0,0,0,0,0,0,0,0,0,0,0,0,0,0,0,0,0,0,0,0,0,0,0,0,0
0,0,0,0,0,0,0,0,0,4,0,1,2,0,1,0,0,3,4,2,3,1,7,5,10,2,16,9,12,9,9,10,9,20,7,20,18,33,16,24,22,22,34,29,16,30,31,48,33,51,48,44,54,49,50,44,44,54,46,53,62,56,29,43,35,43,37,38,43,35,35,46,44,38,45,39,40,37,31,34,32,29,28,26,15,22,20,21,17,16,12,11,14,14,9,12,11,12,6,6,8,5,4,8,1,5,1,3,5,2,6,2,4,3,1,0,0,2,2,0,0,1,0,2,0,0,0,0,0,0,1,0,1,1,0,0,0,0,0,0,0,0,0,0,0,0,0,0,0,0,0,0,0,0,0,0,0,0,0,0,0,0,0,0,0,0,0,0,0,0,0,0,0,0,0,0,0,0,0,0,0,0,0,0,0,0,0,0,0,0,0,0,0,0,0,0,0,0,0,0
0,0,0,0,0,0,0,0,0,2,0,0,1,1,1,0,1,3,1,3,1,3,7,1,6,5,16,3,6,13,9,13,12,17,13,13,10,14,19,25,29,17,28,28,24,29,26,33,28,34,43,33,32,68,42,37,46,42,54,56,47,44,47,43,43,44,42,35,36,46,36,43,45,45,32,30,38,34,40,21,34,24,25,36,22,19,14,22,11,13,19,10,20,14,10,9,8,4,4,11,4,10,4,4,6,4,3,4,4,6,2,0,1,1,2,1,2,0,1,0,1,1,0,0,1,0,0,0,0,0,0,0,0,0,0,0,0,0,0,0,0,0,0,0,0,0,0,0,0,0,0,0,0,0,0,0,0,0,0,0,0,0,0,0,0,0,0,0,0,0,0,0,0,0,0,0,0,0,0,0,0,0,0,0,0,0,0,0,0,0,0,0,0,0,0,0,0,0,0,0
0,0,0,0,0,0,0,0,0,1,1,0,1,1,0,0,1,2,3,1,1,1,14,1,9,3,12,4,8,16,13,12,11,17,10,25,14,24,23,27,16,13,43,35,14,35,16,31,34,45,27,39,40,54,53,31,50,46,53,41,45,48,43,59,39,30,51,47,46,41,36,59,41,36,31,33,24,34,36,35,21,31,19,18,25,20,18,21,27,9,19,14,7,12,6,8,11,10,7,5,5,4,5,7,6,1,3,4,5,1,3,3,1,3,2,0,1,1,1,2,1,0,1,0,2,0,0,0,1,0,1,2,0,0,0,0,0,0,0,0,0,0,0,0,0,0,0,0,0,0,0,0,0,0,0,0,0,0,0,0,0,0,0,0,0,0,0,0,0,0,0,0,0,0,0,0,0,0,0,0,0,0,0,0,0,0,0,0,0,0,0,0,0,0,0,0,0,0,0,0
0,0,0,0,0,0,0,0,0,3,0,1,0,1,1,0,1,1,2,4,5,1,8,3,10,6,13,7,9,14,13,15,10,18,9,13,24,19,14,18,26,24,36,26,23,36,20,40,33,33,44,37,54,57,49,44,51,24,53,41,55,41,41,39,38,50,35,44,63,36,35,44,35,26,32,34,32,41,32,31,32,21,20,26,19,16,20,21,18,14,13,14,12,12,6,10,7,8,7,8,1,5,2,4,5,7,5,3,5,0,1,2,2,4,0,0,5,1,1,0,0,1,1,0,2,0,2,0,0,0,1,2,0,0,0,0,0,0,0,1,0,0,0,0,0,0,0,0,0,0,0,0,0,0,0,0,0,0,0,0,0,0,0,0,0,0,0,0,0,0,0,0,0,0,0,0,0,0,0,0,0,0,0,0,0,0,0,0,0,0,0,0,0,0,0,0,0,0,0,0
0,0,0,0,0,0,0,0,0,2,0,2,0,1,0,0,0,1,1,1,4,3,8,6,13,5,9,6,11,17,10,13,16,8,10,15,22,15,20,22,23,8,18,19,27,34,24,41,40,45,38,29,35,48,35,43,50,44,37,40,44,50,54,48,32,38,44,40,35,44,31,33,30,32,31,29,35,33,31,25,29,17,20,22,18,19,15,19,17,14,13,14,15,21,10,7,4,14,6,5,6,6,3,4,5,4,5,3,3,6,1,1,3,1,4,1,1,0,1,0,1,0,3,3,0,0,1,0,0,0,0,0,0,0,0,0,0,0,0,0,0,0,0,0,0,0,0,0,0,0,0,0,0,0,0,0,0,0,0,0,0,0,0,0,0,0,0,0,0,0,0,0,0,0,0,0,0,0,0,0,0,0,0,0,0,0,0,0,0,0,0,0,0,0,0,0,0,0,0,0
0,0,0,0,0,0,0,0,0,3,0,0,1,2,0,0,0,0,6,0,4,2,4,2,6,6,10,8,7,12,8,13,8,15,15,9,16,20,19,24,25,17,30,20,14,24,24,32,33,29,42,36,30,47,41,38,34,33,37,38,50,47,39,31,38,41,34,40,38,38,31,31,37,35,39,25,27,32,30,17,22,16,14,20,18,16,15,13,12,9,11,16,15,9,7,8,11,8,4,7,0,4,7,5,5,3,6,5,5,4,2,0,5,0,1,1,2,1,1,0,1,1,1,0,0,2,0,1,0,0,0,1,0,0,0,0,0,0,0,1,0,0,0,0,0,0,0,0,0,0,0,0,0,0,0,0,0,0,0,0,0,0,0,0,0,0,0,0,0,0,0,0,0,0,0,0,0,0,0,0,0,0,0,0,0,0,0,0,0,0,0,0,0,0,0,0,0,0,0,0
0,0,0,0,0,0,0,0,0,4,1,0,1,1,0,0,0,3,4,1,1,1,6,5,6,8,12,11,6,11,13,6,15,14,9,11,24,22,20,33,20,13,23,25,16,22,27,48,40,35,35,31,41,39,30,33,31,40,49,30,38,32,43,40,45,40,56,41,29,44,33,44,28,24,23,33,34,31,34,18,21,21,18,21,17,14,16,15,9,15,15,10,5,8,16,4,8,9,5,13,3,3,7,3,2,2,5,7,6,1,2,2,2,5,4,2,2,1,1,0,0,2,0,1,1,0,1,0,1,0,0,0,1,0,0,0,0,0,0,0,0,1,0,0,0,0,0,0,0,0,0,0,0,0,0,0,0,0,0,0,0,0,0,0,0,0,0,0,0,0,0,0,0,0,0,0,0,0,0,0,0,0,0,0,0,0,0,0,0,0,0,0,0,0,0,0,0,0,0,0
0,0,0,1,0,0,0,0,0,1,0,0,2,1,0,1,1,3,3,4,2,2,9,1,4,7,7,3,7,9,12,9,11,11,11,19,24,19,10,18,19,18,16,27,19,26,21,28,49,35,35,34,36,48,32,22,40,41,41,43,38,43,44,33,40,33,44,28,36,34,39,31,33,33,23,25,23,38,20,31,24,21,18,16,17,26,13,15,13,9,23,5,9,8,5,15,12,6,6,7,3,3,4,3,0,3,2,3,1,1,4,3,2,1,4,0,2,1,3,0,1,0,0,2,1,0,0,0,0,0,0,0,0,1,0,0,0,0,0,0,1,0,0,0,0,0,0,0,0,0,0,0,0,0,0,0,0,0,0,0,0,0,0,0,0,0,0,0,0,0,0,0,0,0,0,0,0,0,0,0,0,0,0,0,0,0,0,0,0,0,0,0,0,0,0,0,0,0,0,0
0,0,0,0,0,0,0,0,0,3,0,0,3,1,0,0,2,1,1,5,3,2,3,3,10,6,10,6,9,10,7,8,16,8,10,8,15,18,14,14,23,15,26,21,14,26,27,28,25,41,40,33,25,46,41,40,38,38,40,36,42,36,32,30,28,29,33,26,35,27,27,36,21,27,24,33,29,28,31,26,19,25,17,16,14,20,10,16,11,8,15,13,4,16,9,17,7,8,5,9,2,2,2,2,1,3,0,1,2,0,5,0,1,1,1,1,1,0,1,1,1,0,0,0,0,2,0,1,0,0,0,0,0,0,1,1,0,0,0,0,0,0,0,0,0,0,0,0,0,0,0,0,0,0,0,0,0,0,0,0,0,0,0,0,0,0,0,0,0,0,0,0,0,0,0,0,0,0,0,0,0,0,0,0,0,0,0,0,0,0,0,0,0,0,0,0,0,0,0,0
0,0,0,0,0,0,0,0,0,0,0,2,0,0,0,0,0,0,1,0,4,3,7,0,6,3,5,5,5,10,7,9,10,10,11,15,18,24,17,15,24,11,16,22,21,19,26,22,42,26,33,20,32,33,38,37,45,42,29,41,36,48,48,45,39,27,32,46,37,25,28,26,29,34,32,31,25,31,25,20,25,17,22,21,16,13,10,11,12,11,12,16,7,5,13,7,5,5,5,6,9,1,0,2,3,4,1,4,4,0,2,2,1,1,1,3,1,2,0,0,0,1,1,0,1,1,0,0,0,0,0,0,0,0,1,0,0,0,0,0,0,0,0,0,0,0,0,0,0,0,0,0,0,0,0,0,0,0,0,0,0,0,0,0,0,0,0,0,0,0,0,0,0,0,0,0,0,0,0,0,0,0,0,0,0,0,0,0,0,0,0,0,0,0,0,0,0,0,0,0
0,0,0,0,0,0,0,0,0,1,0,0,4,0,0,0,0,1,3,4,2,0,6,1,8,5,8,3,8,9,9,12,9,16,15,12,11,18,15,13,17,16,16,18,12,22,25,26,35,19,30,33,33,24,40,27,36,35,27,33,32,36,37,30,28,22,35,42,42,35,24,29,36,37,26,23,28,33,32,15,25,17,14,19,23,10,12,13,13,9,12,11,6,12,1,9,7,4,5,7,2,2,4,6,2,3,4,2,2,2,0,1,1,4,1,1,0,0,0,1,0,2,0,1,1,0,0,0,0,1,1,0,0,1,1,0,0,0,0,0,0,0,0,0,0,0,0,0,0,0,0,0,0,0,0,0,0,0,0,0,0,0,0,0,0,0,0,0,0,0,0,0,0,0,0,0,0,0,0,0,0,0,0,0,0,0,0,0,0,0,0,0,0,0,0,0,0,0,0,0
0,0,0,0,0,0,0,0,0,1,0,0,0,1,0,0,0,1,3,4,1,1,5,3,2,5,9,6,2,10,7,8,9,9,12,11,17,16,16,17,13,12,32,28,16,15,20,24,40,37,37,23,50,51,27,29,27,35,48,38,38,36,31,35,22,38,43,26,29,23,24,34,28,23,28,27,21,22,19,21,23,19,20,17,10,14,8,16,10,9,8,8,7,13,8,1,6,4,4,7,2,7,2,5,2,3,1,3,1,2,1,0,0,1,2,1,2,0,2,0,0,1,0,0,0,0,0,0,0,0,1,0,0,0,1,0,0,0,0,0,0,0,0,0,0,0,0,0,0,0,0,0,0,0,1,0,0,0,0,0,0,0,0,0,0,0,0,0,0,0,0,0,0,0,0,0,0,0,0,0,0,0,0,0,0,0,0,0,0,0,0,0,0,0,0,0,0,0,0,0
0,0,0,0,0,0,0,0,0,1,0,0,2,0,0,0,0,2,0,1,3,1,2,0,5,3,4,3,10,15,10,12,9,6,13,12,16,29,10,18,21,15,16,25,23,17,13,36,30,29,38,34,28,24,24,32,24,41,27,40,36,34,24,29,43,35,28,28,23,33,34,31,18,24,26,24,31,21,28,15,23,16,7,22,18,12,15,9,9,5,7,9,9,5,6,10,10,8,5,4,4,3,5,2,8,3,1,3,2,1,1,2,2,1,0,3,2,0,2,1,2,0,2,0,0,1,0,1,0,0,0,0,0,0,0,0,0,0,0,0,0,0,0,0,0,0,0,0,0,0,0,0,0,0,0,0,0,0,0,0,0,0,0,0,0,0,0,0,0,0,0,0,0,0,0,0,0,0,0,0,0,0,0,0,0,0,0,0,0,0,0,0,0,0,0,0,0,0,0,0
0,0,0,0,0,0,0,0,0,2,0,0,0,1,0,0,2,1,0,0,2,1,4,1,9,4,9,4,7,12,8,10,4,7,11,11,12,16,13,19,10,17,15,21,12,27,23,23,24,29,24,26,28,36,30,27,31,30,31,36,49,33,37,17,29,27,42,33,37,24,36,28,24,17,23,25,30,20,25,24,14,16,11,17,18,9,9,9,5,12,11,8,3,1,6,5,4,6,3,4,3,4,3,4,1,3,4,1,1,1,2,2,2,1,1,0,2,0,1,0,1,1,0,0,0,1,1,0,0,0,0,0,0,0,0,1,0,0,0,0,0,0,0,0,0,0,0,0,0,0,0,0,0,0,0,0,0,0,0,0,0,0,0,0,0,0,0,0,0,0,0,0,0,0,0,0,0,0,0,0,0,0,0,0,0,0,0,0,0,0,0,0,0,0,0,0,0,0,0,0
0,0,0,0,0,0,0,0,0,0,0,0,2,2,0,0,1,2,3,0,2,1,5,2,6,1,9,4,7,6,10,8,8,14,10,9,9,17,9,11,17,22,20,15,17,19,15,28,27,24,25,20,30,29,36,30,33,34,36,37,27,35,36,33,25,26,31,28,30,25,25,26,22,21,20,21,18,27,18,18,17,13,15,17,21,11,8,12,13,14,10,13,12,4,2,8,8,1,4,6,4,6,3,2,0,1,1,2,3,1,4,2,0,1,2,1,0,1,2,1,0,0,0,1,0,0,0,0,0,0,0,0,0,0,0,0,0,0,0,0,0,0,0,0,0,0,0,0,0,0,0,0,0,0,0,0,0,0,0,0,0,0,0,0,0,0,0,0,0,0,0,0,0,0,0,0,0,0,0,0,0,0,0,0,0,0,0,0,0,0,0,0,0,0,0,0,0,0,0,0
0,0,0,0,0,0,0,0,0,1,1,0,1,0,0,1,0,2,0,2,1,2,4,1,6,1,11,4,9,9,8,9,7,13,10,14,9,18,10,14,17,11,19,10,15,19,22,27,30,26,26,27,27,42,30,26,28,36,34,28,20,23,27,39,40,30,34,35,28,20,29,30,36,24,22,21,29,24,28,14,24,13,14,9,22,13,8,13,5,10,10,10,5,6,6,6,6,4,1,4,3,2,2,1,2,5,1,4,3,1,1,1,2,0,4,1,0,0,0,2,0,0,0,0,0,1,0,0,0,0,0,0,0,0,0,0,0,0,0,0,0,0,1,0,0,0,0,0,0,0,0,0,0,0,0,0,0,0,0,0,0,0,0,0,0,0,0,0,0,0,0,0,0,0,0,0,0,0,0,0,0,0,0,0,0,0,0,0,0,0,0,0,0,0,0,0,0,0,0,0
0,0,0,0,0,0,0,0,0,1,0,0,0,0,0,1,0,4,3,0,0,0,6,4,15,7,8,5,8,6,7,11,8,6,14,12,6,18,10,17,18,16,20,17,17,20,17,26,26,28,33,19,30,38,30,30,31,26,30,23,24,24,44,29,25,22,31,41,20,26,24,23,21,20,26,10,18,16,26,20,14,12,20,10,17,17,7,7,9,3,13,13,8,9,7,3,9,4,4,1,3,5,7,0,1,3,2,2,0,0,2,2,1,0,0,0,0,0,0,1,0,0,0,0,0,0,0,0,0,0,1,0,0,0,0,0,0,0,0,0,0,0,0,0,0,0,0,0,0,0,0,0,0,0,0,0,0,0,0,0,0,0,0,0,0,0,0,0,0,0,0,0,0,0,0,0,0,0,0,0,0,0,0,0,0,0,0,0,0,0,0,0,0,0,0,0,0,0,0,0
0,0,0,1,0,0,0,0,0,3,0,0,2,2,0,0,1,2,2,1,2,3,7,3,6,0,4,4,11,8,12,6,8,12,9,13,15,9,25,11,20,11,21,9,22,15,17,12,32,31,30,26,25,35,28,27,29,34,30,22,35,25,37,31,31,31,33,38,31,21,25,28,17,14,28,20,26,21,18,20,20,12,14,14,13,11,16,5,12,11,10,8,4,7,6,5,5,8,8,10,3,3,2,3,1,2,4,0,1,1,3,2,0,1,0,0,1,1,0,0,1,0,0,0,0,1,0,0,0,0,0,0,0,0,0,0,0,0,1,0,0,0,0,0,0,0,0,0,0,0,0,0,0,0,0,0,0,0,0,0,0,0,0,0,0,0,0,0,0,0,0,0,0,0,0,0,0,0,0,0,0,0,0,0,0,0,0,0,0,0,0,0,0,0,0,0,0,0,0,0
0,0,0,0,0,0,0,0,0,1,0,0,1,0,0,0,0,0,0,1,2,2,6,4,2,2,10,7,2,15,6,9,9,9,9,9,11,14,14,21,27,12,13,20,12,16,14,21,31,20,18,22,22,32,32,20,33,22,17,22,37,28,31,24,26,19,22,21,27,25,30,26,23,18,27,19,22,12,18,13,19,21,15,17,9,13,11,14,14,11,8,6,6,6,7,9,6,1,4,4,2,4,3,2,2,2,4,5,2,1,0,0,4,3,1,3,1,0,1,1,1,1,0,0,1,0,0,1,0,0,0,0,0,0,0,0,0,0,0,0,0,0,0,0,0,0,0,0,0,0,0,0,0,0,0,0,0,0,0,0,0,0,0,0,0,0,0,0,0,0,0,0,0,0,0,0,0,0,0,0,0,0,0,0,0,0,0,0,0,0,0,0,0,0,0,0,0,0,0,0
0,0,0,0,0,0,0,0,0,0,0,0,0,0,1,0,0,0,4,2,3,1,5,2,4,2,7,5,6,10,9,10,6,8,10,7,14,8,12,14,12,13,14,20,15,17,11,19,32,23,21,25,27,25,23,22,22,32,34,26,19,25,22,28,30,19,19,21,23,11,23,20,14,23,21,14,12,12,20,19,11,15,15,16,6,8,14,9,5,9,11,4,7,9,7,4,3,6,3,6,2,4,4,4,4,6,2,1,0,3,1,0,0,1,1,0,2,0,0,0,0,0,1,1,0,0,0,0,0,0,0,1,0,0,0,0,0,0,0,0,0,0,0,0,0,0,0,0,0,0,0,0,0,0,0,0,0,0,0,0,0,0,0,0,0,0,0,0,0,0,0,0,0,0,0,0,0,0,0,0,0,0,0,0,0,0,0,0,0,0,0,0,0,0,0,0,0,0,0,0
0,0,0,0,0,0,0,0,0,0,0,0,0,2,2,0,0,2,1,3,0,0,7,3,5,2,8,3,8,3,10,6,8,13,11,4,17,13,15,12,18,17,15,15,14,9,21,20,18,27,31,19,24,33,22,26,34,30,29,29,34,35,29,18,31,20,19,20,17,17,29,21,21,20,13,15,14,17,19,13,12,20,14,13,13,11,15,13,4,13,9,8,12,7,4,6,6,3,5,3,1,3,1,5,2,0,3,5,0,1,0,1,0,0,0,1,1,2,0,0,1,1,0,0,0,0,0,0,0,0,0,0,0,0,0,0,0,0,1,0,0,0,0,0,0,1,0,0,0,0,0,0,0,0,0,0,0,0,0,0,0,0,0,0,0,0,0,0,0,0,0,0,0,0,0,0,0,0,0,0,0,0,0,0,0,0,0,0,0,0,0,0,0,0,0,0,0,0,0,0
0,0,0,0,0,0,0,0,0,0,0,1,0,1,0,0,1,1,1,2,0,1,4,0,7,4,4,6,5,9,6,3,7,3,4,10,17,20,7,13,18,8,19,15,10,18,17,14,21,19,27,20,26,30,23,28,20,32,29,17,23,29,24,20,18,27,15,20,20,22,21,25,30,16,29,19,13,24,17,18,11,15,13,10,6,14,10,9,13,9,8,7,7,4,9,4,7,1,5,5,6,2,1,1,3,0,2,4,3,4,1,0,1,0,0,0,3,0,0,0,1,0,1,0,0,1,1,0,0,0,0,0,0,0,0,0,0,0,0,0,0,0,0,0,0,0,0,0,0,0,0,0,0,0,0,0,0,0,0,0,0,0,0,0,0,0,0,0,0,0,0,0,0,0,0,0,0,0,0,0,0,0,0,0,0,0,0,0,0,0,0,0,0,0,0,0,0,0,0,0
0,0,0,0,0,0,0,0,0,1,0,0,1,0,0,0,0,1,0,1,7,1,3,1,3,1,4,8,7,7,8,4,7,2,9,10,13,7,8,11,10,12,12,14,14,12,11,19,17,22,23,17,20,31,16,23,23,20,25,29,27,33,18,23,17,18,21,17,24,27,9,19,19,15,14,17,10,16,23,17,7,7,11,10,7,11,15,6,10,10,10,2,5,5,1,5,7,5,2,2,1,3,0,4,3,2,2,2,0,0,2,2,1,1,0,0,0,0,0,1,0,0,0,0,0,0,0,0,0,0,0,0,0,0,0,0,0,0,0,0,0,0,0,0,0,0,0,0,0,0,0,0,0,0,0,0,0,0,0,0,0,0,0,0,0,0,0,0,0,0,0,0,0,0,0,0,0,0,0,0,0,0,0,0,0,0,0,0,0,0,0,0,0,0,0,0,0,0,0,0
0,0,0,0,0,0,0,0,0,0,0,1,0,0,0,0,1,1,0,1,1,1,4,0,0,2,6,1,4,3,5,5,3,7,13,9,8,12,11,13,13,8,13,11,10,15,16,15,11,26,27,20,29,22,21,19,25,19,31,22,17,22,20,21,18,22,19,29,25,22,23,8,16,14,21,12,18,11,17,19,16,14,19,14,3,9,5,5,9,11,5,9,9,5,10,6,4,5,3,7,1,3,5,2,1,3,3,2,1,0,2,1,1,0,1,1,1,2,0,0,0,0,1,1,0,0,0,1,0,0,0,0,0,0,0,0,0,0,1,0,0,0,0,0,0,0,0,0,0,0,0,0,0,0,0,0,0,0,0,0,0,0,0,0,0,0,0,0,0,0,0,0,0,0,0,0,0,0,0,0,0,0,0,0,0,0,0,0,0,0,0,0,0,0,0,0,0,0,0,0
0,0,0,0,0,0,0,0,0,1,0,0,0,0,0,0,0,1,2,1,2,2,5,0,5,1,12,2,3,4,9,2,7,9,8,10,14,12,6,12,10,8,17,15,17,18,14,19,20,25,21,20,33,24,26,21,23,31,28,22,19,29,25,23,21,17,19,23,16,22,17,20,26,18,15,16,16,13,10,10,11,10,17,11,10,9,10,7,7,5,9,7,4,5,9,2,4,3,2,2,3,2,2,0,2,5,2,1,4,3,0,0,1,3,2,2,1,0,0,2,0,0,1,0,1,0,0,0,0,0,0,0,0,0,0,0,0,0,0,0,0,0,0,0,0,0,0,0,0,0,0,0,0,0,0,0,0,0,0,0,0,0,0,0,0,0,0,0,0,0,0,0,0,0,0,0,0,0,0,0,0,0,0,0,0,0,0,0,0,0,0,0,0,0,0,0,0,0,0,0
0,0,0,0,0,0,0,0,0,1,0,0,1,0,0,0,1,4,3,3,3,0,2,1,2,3,7,4,8,3,9,7,5,8,4,9,10,7,10,7,9,9,8,12,17,18,7,23,23,19,20,21,26,27,29,27,16,26,25,28,26,26,28,17,26,16,16,22,29,16,13,21,19,14,16,21,19,11,11,10,13,10,14,9,11,10,9,7,9,5,4,7,4,4,5,6,4,4,3,5,5,2,2,1,1,2,1,2,3,4,0,2,0,2,2,0,0,0,0,0,2,0,0,0,1,0,1,0,0,0,0,0,0,0,0,1,0,0,0,0,0,0,0,0,0,0,0,0,0,0,0,0,0,0,0,0,0,0,0,0,0,0,0,0,0,0,0,0,0,0,0,0,0,0,0,0,0,0,0,0,0,0,0,0,0,0,0,0,0,0,0,0,0,0,0,0,0,0,0,0
0,0,0,0,0,0,0,0,0,1,0,1,1,1,0,0,0,2,1,0,0,1,2,2,4,2,4,4,7,4,7,4,4,4,12,11,9,13,12,9,10,8,10,18,7,18,12,18,18,22,22,22,18,19,19,24,21,20,29,19,18,29,23,24,20,17,14,20,19,27,14,19,15,9,17,19,9,14,20,13,10,14,9,14,5,7,9,8,6,6,10,6,6,4,1,1,2,1,10,3,2,4,3,0,1,1,2,1,2,0,1,2,1,0,1,0,1,0,1,2,0,0,0,0,0,0,0,0,0,0,0,0,0,0,0,0,0,0,0,0,0,0,0,0,0,0,0,0,1,0,0,0,0,0,0,0,0,0,0,0,0,0,0,0,0,0,0,0,0,0,0,0,0,0,0,0,0,0,0,0,0,0,0,0,0,0,0,0,0,0,0,0,0,0,0,0,0,0,0,0
0,0,0,0,0,0,0,0,0,2,0,0,1,0,0,0,1,0,2,1,3,1,3,0,8,2,9,4,8,7,3,5,8,9,2,8,9,9,10,13,14,7,10,18,12,13,10,22,13,15,18,22,21,20,25,23,13,19,27,29,23,16,27,24,19,21,22,21,25,14,19,17,22,11,17,18,11,17,11,14,12,8,8,12,7,5,13,8,7,8,6,2,4,6,3,3,4,7,4,3,4,3,2,2,2,3,2,2,0,2,1,1,1,0,1,0,0,1,1,0,0,1,0,0,0,0,0,0,0,0,0,0,0,0,0,0,0,0,0,0,0,1,0,0,0,0,0,0,0,0,0,0,0,0,0,0,0,0,0,0,0,0,0,0,0,0,0,0,0,0,0,0,0,0,0,0,0,0,0,0,0,0,0,0,0,0,0,0,0,0,0,0,0,0,0,0,0,0,0,0
0,0,0,0,0,0,0,0,0,1,0,0,1,1,0,0,1,0,3,2,0,1,5,3,2,3,7,2,5,5,4,6,3,2,8,11,9,8,8,13,8,9,12,15,8,20,15,19,16,20,22,17,21,34,13,20,17,15,26,24,14,14,28,24,18,15,23,18,21,19,12,13,15,12,19,14,13,15,18,14,16,4,6,7,4,4,8,7,4,8,11,5,4,3,3,3,5,8,4,1,3,3,3,4,0,3,4,2,3,2,0,1,3,2,0,2,1,1,2,0,0,1,0,0,0,0,0,0,1,0,0,1,1,0,0,0,0,0,0,0,0,0,0,0,0,0,0,0,0,0,0,0,0,0,0,0,0,0,0,0,0,0,0,0,0,0,0,0,0,0,0,0,0,0,0,0,0,0,0,0,0,0,0,0,0,0,0,0,0,0,0,0,0,0,0,0,0,0,0,0
0,0,0,0,0,0,0,0,0,0,0,0,0,0,0,0,0,0,1,1,4,1,2,0,2,4,6,2,4,4,6,9,9,13,6,10,5,15,8,7,7,8,11,10,9,15,10,16,18,23,18,18,17,14,13,19,19,21,22,28,23,29,19,18,14,18,21,15,19,13,18,16,16,12,19,13,11,12,9,11,18,14,11,13,10,7,7,9,8,8,9,7,4,6,3,1,2,4,3,2,1,3,4,5,1,2,0,1,0,0,0,1,0,1,2,0,1,0,0,0,0,0,0,0,0,1,0,0,0,0,0,0,0,0,0,0,0,0,0,0,0,0,0,0,0,0,0,0,0,0,0,0,0,0,0,0,0,0,0,0,0,0,0,0,0,0,0,0,0,0,0,0,0,0,0,0,0,0,0,0,0,0,0,0,0,0,0,0,0,0,0,0,0,0,0,0,0,0,0,0
0,0,0,0,0,0,0,0,0,0,0,1,1,0,0,0,0,0,2,1,0,0,4,0,0,3,5,6,7,7,4,3,7,2,6,5,12,7,9,8,11,9,15,13,4,13,8,17,15,15,17,21,20,19,29,16,9,20,20,22,17,20,19,18,16,16,20,19,16,17,18,18,9,5,13,12,12,16,12,14,12,12,9,11,9,3,6,6,13,6,7,4,5,3,4,3,7,6,3,2,0,6,4,1,1,3,1,1,2,1,1,1,1,0,0,0,0,0,2,0,0,0,0,0,0,0,0,0,0,0,0,0,0,0,1,0,0,0,0,0,0,0,0,0,0,0,0,0,0,0,0,0,0,0,0,0,0,0,0,0,0,0,0,0,0,0,0,0,0,0,0,0,0,0,0,0,0,0,0,0,0,0,0,0,0,0,0,0,0,0,0,0,0,0,0,0,0,0,0,0
0,0,0,0,0,0,0,0,0,0,0,0,0,0,0,0,0,1,0,2,0,1,6,0,1,1,3,0,3,4,9,4,8,3,4,7,7,8,15,11,10,7,11,11,15,13,14,16,17,17,10,11,22,18,24,25,14,21,16,20,18,21,16,17,13,18,18,16,22,16,14,20,15,12,15,12,16,14,6,16,11,8,10,11,5,10,6,7,5,6,3,4,9,5,2,0,3,4,2,0,5,0,4,4,7,4,1,2,2,1,1,1,1,0,1,1,0,0,1,0,0,0,0,0,0,0,0,0,0,0,1,0,0,0,0,0,0,0,0,0,0,0,0,0,0,0,0,0,0,0,0,0,0,0,0,0,0,0,0,0,0,0,0,0,0,0,0,0,0,0,0,0,0,0,0,0,0,0,0,0,0,0,0,0,0,0,0,0,0,0,0,0,0,0,0,0,0,0,0,0
0,0,0,0,0,0,0,0,0,1,0,0,0,0,0,0,1,2,0,2,1,1,2,1,1,1,1,1,0,4,5,6,8,8,3,7,4,8,6,9,12,10,12,9,8,6,13,9,12,16,23,18,9,14,16,15,18,15,18,23,10,22,23,16,17,15,16,28,17,17,16,14,13,17,17,13,9,6,20,12,13,3,6,11,4,9,9,6,5,3,5,2,3,4,4,4,1,3,1,2,2,2,2,3,2,1,0,1,2,0,2,1,1,0,0,1,2,0,0,1,0,1,0,0,0,0,0,0,0,0,1,0,0,0,0,0,0,0,0,0,0,0,0,0,0,0,0,0,0,0,0,0,0,0,0,0,0,0,0,0,0,0,0,0,0,0,0,0,0,0,0,0,0,0,0,0,0,0,0,0,0,0,0,0,0,0,0,0,0,0,0,0,0,0,0,0,0,0,0,0
0,0,0,0,0,0,0,0,0,0,0,0,1,1,0,0,1,0,5,5,3,3,3,1,1,1,2,6,5,4,7,3,7,6,5,7,6,10,12,9,10,11,10,11,8,14,9,5,16,18,15,9,15,28,19,21,18,15,22,22,11,24,16,11,12,10,14,10,27,18,12,13,9,11,12,15,7,14,13,9,10,10,7,9,9,10,5,4,9,6,6,3,1,1,1,2,9,3,4,4,5,0,2,0,4,3,0,0,0,1,1,0,2,1,2,0,0,0,1,1,0,0,0,1,0,0,1,1,0,0,0,0,0,0,0,0,0,0,0,0,0,0,0,0,0,0,0,0,0,0,0,0,0,0,0,0,0,0,0,0,0,0,0,0,0,0,0,0,0,0,0,0,0,0,0,0,0,0,0,0,0,0,0,0,0,0,0,0,0,0,0,0,0,0,0,0,0,0,0,0
0,0,0,0,0,0,0,0,0,4,0,0,0,0,0,1,1,1,0,2,0,1,2,1,6,1,2,3,6,8,2,4,3,9,10,7,5,8,9,13,12,5,7,11,10,9,15,12,21,14,16,14,7,14,13,15,23,20,17,20,18,16,16,15,16,16,14,9,17,15,15,19,23,9,19,8,14,11,7,14,7,4,4,9,4,8,6,10,6,5,6,5,5,6,6,2,4,2,1,2,2,2,5,0,2,1,2,1,2,1,0,3,0,1,1,1,0,0,0,1,1,0,0,1,0,1,0,0,0,0,0,0,0,0,0,0,0,0,0,0,0,0,0,0,0,0,0,0,0,0,0,0,0,0,0,0,0,0,0,0,0,0,0,0,0,0,0,0,0,0,0,0,0,0,0,0,0,0,0,0,0,0,0,0,0,0,0,0,0,0,0,0,0,0,0,0,0,0,0,0
0,0,0,0,0,0,0,0,0,1,0,0,0,0,1,0,0,1,3,1,2,1,2,4,4,1,2,1,4,3,2,5,4,7,7,5,4,3,6,7,5,3,11,14,6,14,10,15,20,15,14,12,15,11,18,17,11,15,22,16,17,18,18,8,12,16,16,21,18,16,13,11,10,10,13,11,7,11,12,10,14,13,8,13,4,4,7,6,6,5,3,2,5,3,3,6,6,1,0,2,3,1,4,3,1,2,2,1,0,0,0,0,0,0,0,0,0,1,1,0,0,0,0,1,0,0,2,0,0,1,0,0,0,0,0,0,0,0,0,0,0,0,0,0,0,0,0,0,0,0,0,0,0,0,0,0,0,0,0,0,0,0,0,0,0,0,0,0,0,0,0,0,0,0,0,0,0,0,0,0,0,0,0,0,0,0,0,0,0,0,0,0,0,0,0,0,0,0,0,0
0,0,0,0,0,0,0,0,0,1,0,1,1,0,0,0,1,1,1,0,1,2,5,0,9,3,4,1,4,3,4,4,7,3,8,5,4,8,8,11,11,7,13,11,8,8,6,18,17,8,15,13,13,25,13,14,10,11,12,19,10,13,15,15,19,21,19,14,12,11,17,9,18,10,10,8,7,16,10,10,4,10,8,6,5,7,9,5,1,4,9,2,5,2,5,2,4,3,2,0,4,4,2,1,1,1,1,1,2,1,0,2,3,1,2,1,0,1,1,0,0,2,0,1,0,0,0,0,0,0,0,0,0,0,0,0,0,0,0,0,0,0,0,0,0,0,0,0,0,0,0,0,0,0,0,0,0,0,0,0,0,0,0,0,0,0,0,0,0,0,0,0,0,0,0,0,0,0,0,0,0,0,0,0,0,0,0,0,0,0,0,0,0,0,0,0,0,0,0,0
0,0,0,0,0,0,0,0,0,0,0,0,2,0,0,0,1,0,0,0,1,1,1,0,3,1,5,0,4,6,10,8,2,3,7,10,5,9,4,9,11,6,8,10,6,9,8,10,15,10,18,18,20,14,17,14,15,18,13,16,10,17,25,12,11,16,12,21,12,14,19,15,9,11,9,12,12,13,11,8,12,9,7,6,10,6,8,3,10,3,4,7,8,5,5,1,3,1,3,5,0,2,0,1,3,0,3,0,2,2,1,1,1,0,0,1,1,0,1,1,1,0,0,0,0,0,0,0,0,0,0,0,0,0,0,0,0,0,0,0,0,0,0,0,0,0,0,0,0,0,0,0,0,0,0,0,0,0,0,0,0,0,0,0,0,0,0,0,0,0,0,0,0,0,0,0,0,0,0,0,0,0,0,0,0,0,0,0,0,0,0,0,0,0,0,0,0,0,0,0
0,0,0,0,0,0,0,0,0,0,0,0,0,0,0,0,0,2,1,4,0,1,5,0,4,0,5,5,4,3,4,8,3,4,8,2,7,6,5,7,9,9,16,10,10,12,12,11,16,16,15,12,20,19,13,17,10,22,13,14,13,23,14,12,19,23,15,16,12,14,17,11,6,12,10,13,15,11,9,19,7,3,3,9,7,6,10,6,7,4,5,1,4,3,2,1,2,2,2,3,1,3,1,3,1,3,0,0,2,0,0,0,1,4,1,0,0,0,0,0,0,0,0,0,0,0,0,0,0,0,0,0,0,0,0,0,1,0,0,0,0,0,0,0,0,0,0,0,0,0,0,0,0,0,0,0,0,0,0,0,0,0,0,0,0,0,0,0,0,0,0,0,0,0,0,0,0,0,0,0,0,0,0,0,0,0,0,0,0,0,0,0,0,0,0,0,0,0,0,0
0,0,0,0,0,0,0,0,0,1,0,1,0,1,0,0,0,0,0,1,2,0,4,3,1,0,1,0,3,7,6,7,6,7,6,3,3,8,7,11,10,7,13,11,0,9,8,21,17,20,13,10,13,11,14,14,16,15,18,19,17,16,15,17,12,12,16,12,13,7,20,9,11,14,8,2,15,9,11,7,5,7,4,4,4,5,5,6,5,9,8,3,4,2,7,4,3,1,1,3,0,1,3,0,1,3,1,1,0,0,0,0,0,0,1,0,1,0,0,1,0,0,0,0,0,0,0,0,0,0,0,0,0,0,0,0,0,0,0,0,0,0,0,0,0,1,0,0,0,0,0,0,0,0,0,0,0,0,0,0,0,0,0,0,0,0,0,0,0,0,0,0,0,0,0,0,0,0,0,0,0,0,0,0,0,0,0,0,0,0,0,0,0,0,0,0,0,0,0,0
0,0,0,0,0,0,0,0,0,0,0,2,0,0,0,0,1,0,0,0,2,1,3,1,3,1,4,2,4,3,10,1,9,3,5,8,6,12,4,12,4,11,8,6,10,14,12,8,11,12,23,10,12,9,16,15,14,12,15,15,9,9,16,18,18,13,14,10,13,15,9,12,14,7,17,11,12,11,8,7,8,7,8,6,7,5,4,4,5,2,4,3,3,4,1,0,1,4,2,3,2,0,4,1,0,0,1,1,1,1,0,0,2,0,0,0,0,0,0,2,0,1,0,0,0,0,0,0,0,0,0,0,0,1,0,0,0,0,0,0,0,0,0,0,0,0,0,0,0,0,0,0,0,0,0,0,0,0,0,0,0,0,0,0,0,0,0,0,0,0,0,0,0,0,0,0,0,0,0,0,0,0,0,0,0,0,0,0,0,0,0,0,0,0,0,0,0,0,0,0
0,0,0,0,0,0,0,0,0,0,0,0,1,1,0,0,0,3,4,3,0,0,6,2,2,5,3,3,3,6,6,3,2,8,5,8,8,8,4,11,7,4,13,9,3,15,6,13,19,9,15,10,13,14,19,16,22,11,17,15,18,25,14,8,12,12,12,16,10,14,7,12,11,12,12,10,9,4,12,5,6,8,3,6,2,7,9,3,3,3,5,6,1,2,3,2,4,3,1,1,2,2,1,4,1,1,1,1,0,1,2,1,1,0,0,1,0,0,0,0,1,0,0,0,0,0,0,0,0,0,0,0,0,0,0,0,0,0,0,0,0,0,0,0,0,0,0,0,0,0,0,0,0,0,0,0,0,0,0,0,0,0,0,0,0,0,0,0,0,0,0,0,0,0,0,0,0,0,0,0,0,0,0,0,0,0,0,0,0,0,0,0,0,0,0,0,0,0,0,0
0,0,0,0,0,0,0,0,0,1,0,0,0,0,0,0,0,2,0,0,1,0,3,0,2,1,3,1,1,3,4,6,1,6,6,5,5,6,4,8,7,11,7,5,7,13,7,10,10,13,17,13,12,19,15,13,18,12,10,22,12,9,16,10,10,8,17,14,8,8,10,11,8,9,9,9,9,11,10,8,6,10,3,4,9,4,3,7,4,1,3,4,3,1,2,1,3,3,1,1,2,1,2,3,0,3,0,0,3,1,1,1,2,1,0,0,0,0,0,0,0,0,0,0,0,0,1,0,0,0,0,0,0,0,0,0,0,0,0,0,0,0,0,0,0,0,0,0,0,0,0,0,0,0,0,0,0,0,0,0,0,0,0,0,0,0,0,0,0,0,0,0,0,0,0,0,0,0,0,0,0,0,0,0,0,0,0,0,0,0,0,0,0,0,0,0,0,0,0,0
0,0,0,0,0,0,0,0,0,0,0,0,0,0,0,1,0,2,1,3,0,0,1,1,0,0,4,0,1,2,4,2,2,8,6,7,10,7,9,2,7,5,14,10,7,7,11,11,11,10,8,8,15,17,16,11,13,16,10,17,11,8,14,7,13,11,14,10,15,12,6,19,3,9,14,8,8,7,9,9,10,8,4,5,8,6,7,5,2,10,5,1,3,6,3,1,4,3,2,1,3,2,0,6,2,1,1,1,1,0,1,0,0,2,1,2,1,0,1,0,1,1,0,0,0,0,1,1,0,0,0,0,0,0,0,0,0,0,0,0,0,0,0,0,0,0,0,0,0,0,0,0,0,0,0,0,0,0,0,0,0,0,0,0,0,0,0,0,0,0,0,0,0,0,0,0,0,0,0,0,0,0,0,0,0,0,0,0,0,0,0,0,0,0,0,0,0,0,0,0
0,0,0,0,0,0,0,0,0,0,0,0,1,0,0,0,0,1,2,0,0,0,2,1,2,1,5,2,4,5,5,1,3,8,3,3,7,5,5,2,9,7,6,6,8,10,12,8,15,11,13,7,13,21,5,18,16,14,15,11,10,13,16,9,7,15,18,11,13,7,13,18,10,7,4,9,7,9,7,5,6,3,7,5,1,6,6,4,6,1,6,4,4,2,0,2,1,1,2,1,0,1,0,1,2,2,0,0,1,0,0,0,1,0,0,0,0,0,0,1,0,0,0,0,0,0,0,0,0,0,0,0,0,0,0,0,0,0,0,0,0,0,0,0,0,0,0,0,0,0,0,0,0,0,0,0,0,0,0,0,0,0,0,0,0,0,0,0,0,0,0,0,0,0,0,0,0,0,0,0,0,0,0,0,0,0,0,0,0,0,0,0,0,0,0,0,0,0,0,0
0,0,0,0,0,0,0,0,0,1,0,0,0,1,0,0,1,0,1,1,3,1,2,0,2,2,2,4,4,6,2,1,6,2,4,1,5,8,5,5,6,7,10,10,6,12,9,13,8,14,8,12,18,12,10,8,9,11,14,13,8,11,12,11,14,14,5,13,6,10,7,10,8,6,10,11,3,7,11,11,5,7,5,5,6,2,5,5,7,4,3,2,7,7,3,0,2,2,1,0,2,3,1,2,1,2,0,0,1,0,1,3,0,1,1,0,0,0,0,0,0,0,0,0,0,0,1,0,1,0,0,0,0,0,0,0,0,0,0,0,0,0,0,0,0,0,0,0,0,0,0,0,0,0,0,0,0,0,0,0,0,0,0,0,0,0,0,0,0,0,0,0,0,0,0,0,0,0,0,0,0,0,0,0,0,0,0,0,0,0,0,0,0,0,0,0,0,0,0,0
0,0,0,0,0,0,0,0,0,1,0,0,1,0,0,0,0,1,0,2,2,2,1,0,0,4,6,2,3,0,7,2,3,2,7,3,5,8,5,11,6,6,8,9,6,10,3,8,12,14,13,16,11,15,8,17,10,10,10,16,7,12,11,14,7,16,13,12,9,11,7,5,8,4,9,6,5,12,8,10,8,4,9,7,4,5,5,7,2,0,2,5,6,1,2,1,3,1,1,0,2,1,4,2,1,3,1,2,0,1,1,2,0,3,0,0,0,1,0,0,0,1,1,0,1,0,0,0,0,0,0,0,0,0,0,0,0,0,0,0,0,0,0,0,0,0,0,0,0,0,0,0,0,0,0,0,0,0,0,0,0,0,0,0,0,0,0,0,0,0,0,0,0,0,0,0,0,0,0,0,0,0,0,0,0,0,0,0,0,0,0,0,0,0,0,0,0,0,0,0
0,0,0,0,0,0,0,0,0,1,0,0,0,0,0,0,0,1,1,0,0,1,2,1,1,0,4,3,2,2,7,6,3,5,2,7,6,8,3,2,5,5,8,4,2,7,4,13,18,13,12,10,10,17,8,13,5,9,8,13,16,11,6,6,10,5,9,11,5,11,10,15,7,7,6,6,5,6,5,8,6,6,4,8,3,5,8,6,4,5,4,5,2,4,4,1,1,5,1,2,2,0,1,0,2,0,1,0,1,0,0,0,0,0,0,0,0,0,1,0,2,0,0,0,0,0,0,0,0,0,0,0,0,0,0,0,0,0,0,0,0,0,0,0,0,0,0,0,0,1,0,0,0,0,0,0,0,0,0,0,0,0,0,0,0,0,0,0,0,0,0,0,0,0,0,0,0,0,0,0,0,0,0,0,0,0,0,0,0,0,0,0,0,0,0,0,0,0,0,0
0,0,0,0,0,0,0,0,0,1,1,0,1,1,0,0,0,2,0,0,0,0,0,0,2,0,2,0,2,4,3,8,4,4,5,6,2,7,6,4,6,4,11,7,6,9,6,12,7,10,15,4,15,19,8,11,8,10,14,9,18,12,11,7,10,9,10,12,11,8,11,10,10,8,7,6,8,7,5,7,3,5,3,5,4,5,4,5,6,2,2,3,4,2,4,3,2,6,1,1,1,1,2,1,1,2,0,1,2,0,1,0,2,1,0,0,0,0,0,1,0,0,1,0,1,0,0,0,0,0,0,0,0,0,0,0,0,0,0,0,0,0,0,0,0,0,0,0,0,0,0,0,0,0,0,0,0,0,0,0,0,0,0,0,0,0,0,0,0,0,0,0,0,0,0,0,0,0,0,0,0,0,0,0,0,0,0,0,0,0,0,0,0,0,0,0,0,0,0,0
0,0,0,0,0,0,0,0,0,1,0,0,1,0,0,0,0,1,1,0,1,1,4,1,3,1,3,2,2,4,4,4,0,2,5,5,7,7,6,9,6,4,2,3,5,6,8,9,10,8,6,8,13,15,7,12,12,9,11,10,12,12,12,14,4,9,10,8,9,4,4,8,15,11,9,5,8,4,10,8,6,3,8,6,6,3,2,3,3,9,2,5,2,3,3,5,3,7,0,1,1,3,1,0,0,1,1,0,2,1,0,0,4,0,1,0,0,0,0,0,2,0,0,0,0,1,0,0,0,0,0,0,0,0,0,0,0,0,0,0,0,0,0,0,0,0,0,0,0,0,0,0,0,0,0,0,0,0,0,0,0,0,0,0,0,0,0,0,0,0,0,0,0,0,0,0,0,0,0,0,0,0,0,0,0,0,0,0,0,0,0,0,0,0,0,0,0,0,0,0
0,0,0,0,0,0,0,0,0,1,0,0,0,0,0,0,0,0,0,2,0,1,2,3,3,1,1,0,5,2,3,2,3,6,2,5,4,6,2,4,5,3,4,6,2,11,5,10,6,16,10,10,8,11,9,7,5,7,19,13,9,10,9,8,3,9,10,10,10,9,10,15,8,9,3,10,7,7,8,8,0,4,3,3,6,2,1,4,6,1,1,1,3,2,1,4,2,1,1,1,2,1,1,1,1,0,1,1,0,0,1,0,1,1,0,0,0,0,0,0,0,0,0,0,0,1,0,1,0,0,0,0,0,0,0,0,0,0,0,0,0,0,0,0,0,0,0,0,0,0,0,0,0,0,0,0,0,0,0,0,0,0,0,0,0,0,0,0,0,0,0,0,0,0,0,0,0,0,0,0,0,0,0,0,0,0,0,0,0,0,0,0,0,0,0,0,0,0,0,0
0,0,0,0,0,0,0,0,0,0,0,0,0,0,0,0,1,0,0,0,0,1,2,2,2,1,5,3,4,0,2,5,2,5,5,3,7,7,4,4,8,2,11,6,7,7,7,8,6,13,10,7,15,5,12,11,14,10,11,9,9,6,6,10,7,6,5,11,11,12,13,9,10,9,9,7,7,6,1,5,5,3,12,5,1,4,5,6,2,2,2,2,3,2,5,3,5,3,1,3,2,0,1,1,1,2,0,0,0,1,0,0,1,0,1,0,0,0,0,0,0,0,0,0,0,0,0,0,0,0,0,0,0,0,0,0,0,0,0,0,0,0,0,0,0,0,0,0,0,0,0,0,0,0,0,0,0,0,0,0,0,0,0,0,0,0,0,0,0,0,0,0,0,0,0,0,0,0,0,0,0,0,0,0,0,0,0,0,0,0,0,0,0,0,0,0,0,0,0,0
0,0,0,0,0,0,0,0,0,1,0,0,0,0,0,0,0,1,1,0,1,1,2,1,3,0,2,1,2,0,2,5,4,2,2,2,3,4,2,3,4,3,4,7,7,6,3,15,13,15,9,8,12,12,13,7,8,10,16,13,9,5,17,10,13,12,13,15,11,9,8,7,7,14,7,5,3,3,2,8,7,9,2,3,3,3,1,4,4,1,3,2,1,1,2,1,4,1,1,0,0,2,2,0,0,0,1,1,0,0,1,1,0,2,0,2,0,0,1,0,1,0,0,0,0,0,0,0,0,0,0,0,0,0,0,0,0,0,0,0,0,0,0,0,0,0,0,0,0,0,0,0,0,0,0,0,0,0,0,0,0,0,0,0,0,0,0,0,0,0,0,0,0,0,0,0,0,0,0,0,0,0,0,0,0,0,0,0,0,0,0,0,0,0,0,0,0,0,0,0
0,0,0,0,0,0,0,0,0,2,0,0,0,0,0,0,0,1,0,0,0,0,4,0,5,3,3,1,2,2,5,3,4,2,3,6,6,7,3,3,8,3,2,4,1,6,6,9,11,12,9,7,10,15,12,6,15,1,12,7,10,8,9,11,9,6,5,8,7,4,7,5,10,8,4,7,7,11,14,5,4,7,7,1,5,5,4,1,3,0,2,2,0,3,1,3,2,2,3,3,4,1,0,1,0,0,1,1,0,0,0,0,1,1,0,2,0,0,0,1,0,0,0,0,0,0,0,0,0,1,0,0,0,0,0,0,0,0,0,0,0,0,0,0,0,0,0,0,0,0,0,0,0,0,0,0,0,0,0,0,0,0,0,0,0,0,0,0,0,0,0,0,0,0,0,0,0,0,0,0,0,0,0,0,0,0,0,0,0,0,0,0,0,0,0,0,0,0,0,0
0,0,0,0,0,0,0,0,0,1,0,0,2,0,0,0,0,0,1,1,1,0,1,1,1,1,1,1,2,5,9,3,2,6,6,2,2,4,1,8,7,5,6,4,6,2,3,6,4,8,8,7,6,8,7,7,4,9,7,12,9,15,8,4,11,5,4,13,13,6,6,6,6,8,11,5,4,9,6,12,5,4,3,7,1,4,3,4,0,2,4,2,1,1,2,1,4,1,1,1,0,0,0,1,1,2,0,1,1,0,0,0,0,0,1,1,0,0,1,0,0,0,0,0,0,0,0,0,0,0,0,0,0,0,0,0,0,0,0,0,0,0,0,0,0,0,0,0,0,0,0,0,0,0,0,0,0,0,0,0,0,0,0,0,0,0,0,0,0,0,0,0,0,0,0,0,0,0,0,0,0,0,0,0,0,0,0,0,0,0,0,0,0,0,0,0,0,0,0,0
0,0,0,0,0,0,0,0,0,0,0,0,0,1,0,0,0,0,2,0,0,0,1,1,2,0,2,5,3,3,3,2,1,6,4,7,6,4,6,3,2,4,6,5,4,7,8,9,9,9,9,8,9,6,7,11,14,9,2,8,5,11,8,7,11,8,10,10,13,6,9,5,9,9,3,9,4,9,1,4,3,5,4,8,4,4,3,2,3,4,4,4,5,0,2,2,1,2,0,5,2,2,0,2,3,0,0,1,1,0,1,1,0,1,0,0,1,0,1,1,0,0,0,0,0,0,0,0,0,0,0,0,0,0,0,0,0,0,0,0,0,0,0,0,0,0,0,0,0,0,0,0,0,0,0,0,0,0,0,0,0,0,0,0,0,0,0,0,0,0,0,0,0,0,0,0,0,0,0,0,0,0,0,0,0,0,0,0,0,0,0,0,0,0,0,0,0,0,0,0
0,0,0,0,0,0,0,0,0,1,0,1,0,0,0,0,0,0,0,0,2,0,0,1,4,0,6,0,4,5,2,4,4,1,5,4,9,1,5,6,5,4,2,7,6,9,7,9,12,8,9,5,6,14,9,6,9,15,15,12,9,2,10,5,3,4,7,9,10,10,9,7,4,8,10,4,5,2,7,1,3,4,6,5,2,1,2,2,1,2,3,2,3,0,1,3,4,3,0,3,0,0,2,0,0,0,0,0,0,0,0,0,1,1,0,0,0,1,0,0,0,0,0,0,0,1,0,0,0,0,0,1,0,0,0,0,0,0,0,0,0,0,0,0,0,0,0,0,0,0,0,0,0,0,0,0,0,0,0,0,0,0,0,0,0,0,0,0,0,0,0,0,0,0,0,0,0,0,0,0,0,0,0,0,0,0,0,0,0,0,0,0,0,0,0,0,0,0,0,0
0,0,0,0,0,0,0,0,0,0,0,0,0,0,0,0,0,2,0,0,0,0,0,0,3,0,2,2,0,4,8,1,2,5,3,5,2,4,3,2,3,0,4,9,8,6,6,5,7,2,7,5,5,11,10,13,8,8,10,17,12,7,10,8,4,12,3,6,6,7,6,7,7,10,5,11,7,2,6,6,6,5,8,5,5,5,3,5,3,1,7,3,5,3,3,2,4,0,4,3,0,1,0,0,0,0,1,0,0,0,1,0,0,0,1,0,0,1,0,0,0,0,0,1,0,0,0,0,0,0,0,0,1,0,0,0,0,0,0,0,0,0,0,0,0,0,0,0,0,0,0,0,0,0,0,0,0,0,0,0,0,0,0,0,0,0,0,0,0,0,0,0,0,0,0,0,0,0,0,0,0,0,0,0,0,0,0,0,0,0,0,0,0,0,0,0,0,0,0,0
0,0,0,0,0,0,0,0,0,0,0,0,1,1,0,0,0,0,0,0,2,0,0,0,4,0,1,3,3,2,2,2,3,4,6,3,1,4,7,5,6,5,4,10,7,6,1,5,8,6,9,6,8,7,8,12,9,6,5,13,13,6,5,3,5,6,5,10,6,6,5,7,6,7,3,3,3,1,7,4,1,7,1,4,2,4,1,2,2,2,2,3,3,4,0,3,1,1,2,1,0,0,1,0,1,2,0,1,1,1,0,0,0,1,0,0,0,0,1,0,0,0,0,0,1,0,0,0,0,0,0,0,0,0,0,0,0,0,0,0,0,0,0,0,0,0,0,0,0,0,0,0,0,0,0,0,0,0,0,0,0,0,0,0,0,0,0,0,0,0,0,0,0,0,0,0,0,0,0,0,0,0,0,0,0,0,0,0,0,0,0,0,0,0,0,0,0,0,0,0
0,0,0,0,0,0,0,0,0,1,0,0,1,0,0,0,0,0,0,1,3,0,1,2,2,1,2,1,3,4,2,2,1,3,3,1,5,7,1,8,9,4,4,8,5,8,7,3,5,4,4,6,13,10,8,9,7,6,7,10,14,14,9,7,11,5,7,10,8,9,10,13,5,7,11,10,2,6,5,7,2,5,2,4,3,3,4,0,1,2,1,1,3,2,1,2,0,0,2,2,1,0,0,2,2,1,2,0,1,0,0,0,0,0,2,1,0,0,0,0,0,0,0,0,0,1,0,0,0,0,0,0,0,0,0,0,0,0,0,0,0,0,0,0,0,0,0,0,0,0,0,0,0,0,0,0,0,0,0,0,0,0,0,0,0,0,0,0,0,0,0,0,0,0,0,0,0,0,0,0,0,0,0,0,0,0,0,0,0,0,0,0,0,0,0,0,0,0,0,0
0,0,0,0,0,0,0,0,0,0,0,0,0,0,0,0,0,1,0,0,1,0,1,0,2,1,2,0,3,0,2,3,0,4,5,7,2,3,2,5,1,6,2,7,2,3,3,13,14,12,9,9,6,8,8,9,5,7,6,16,8,15,7,6,6,7,5,7,5,6,1,9,8,5,1,9,4,4,6,5,6,3,4,2,2,1,5,2,0,1,2,0,4,2,3,3,3,4,2,1,1,0,1,3,1,2,0,0,0,0,1,0,0,0,0,1,0,0,0,0,0,0,0,0,0,0,0,0,0,0,0,0,0,0,0,0,0,0,0,0,0,0,0,0,0,0,0,0,0,0,0,0,0,0,0,0,0,0,0,0,0,0,0,0,0,0,0,0,0,0,0,0,0,0,0,0,0,0,0,0,0,0,0,0,0,0,0,0,0,0,0,0,0,0,0,0,0,0,0,0
0,0,0,0,0,0,0,0,0,2,0,0,0,0,0,0,1,0,0,0,2,1,3,0,1,1,6,2,2,1,3,3,2,4,3,4,3,4,4,4,6,4,7,5,3,6,5,6,9,2,6,6,8,8,8,3,7,9,13,10,4,7,6,8,5,7,8,5,6,5,1,7,5,5,1,10,9,4,4,10,5,8,0,4,3,2,3,0,1,0,3,2,1,2,2,0,1,2,1,0,2,1,1,1,0,0,0,0,1,0,1,1,1,0,0,0,0,0,0,0,0,0,0,0,0,0,0,0,0,0,0,0,0,0,0,0,0,0,0,0,0,0,0,0,0,0,0,0,0,0,0,0,0,0,0,0,0,0,0,0,0,0,0,0,0,0,0,0,0,0,0,0,0,0,0,0,0,0,0,0,0,0,0,0,0,0,0,0,0,0,0,0,0,0,0,0,0,0,0,0
0,0,0,0,0,0,0,0,0,2,0,0,1,0,0,0,1,1,0,0,0,1,0,1,4,1,1,0,4,4,3,2,4,1,4,0,1,1,1,2,1,0,4,5,6,7,4,7,5,7,9,5,3,11,7,8,2,12,7,4,7,4,11,6,7,5,7,9,2,3,5,4,2,3,3,6,3,4,3,2,3,5,1,1,4,3,1,2,3,5,1,2,1,0,3,1,1,1,0,1,1,2,1,0,1,1,0,0,0,1,0,1,0,0,0,0,0,0,0,0,0,1,1,1,0,0,0,1,0,0,0,0,0,0,0,0,0,0,0,0,0,0,0,0,0,0,0,0,0,0,0,0,0,0,0,0,0,0,0,0,0,0,0,0,0,0,0,0,0,0,0,0,0,0,0,0,0,0,0,0,0,0,0,0,0,0,0,0,0,0,0,0,0,0,0,0,0,0,0,0
0,0,0,0,0,0,0,0,0,0,0,0,0,0,0,0,0,0,0,1,0,0,0,1,2,1,1,0,1,5,2,2,2,1,5,3,3,3,4,4,3,3,6,6,1,5,5,4,6,8,5,4,7,7,3,9,8,10,8,8,10,6,7,6,9,5,3,9,11,4,7,13,5,4,3,5,7,4,9,6,4,4,1,4,1,4,2,2,1,2,2,1,4,2,2,2,0,0,1,0,1,0,1,0,0,0,1,0,0,2,0,0,0,0,0,2,0,1,1,0,0,0,0,0,0,1,0,0,0,0,0,0,0,0,0,0,0,0,0,0,0,0,0,0,0,0,0,0,0,0,0,0,0,0,0,0,0,0,0,0,0,0,0,0,0,0,0,0,0,0,0,0,0,0,0,0,0,0,0,0,0,0,0,0,0,0,0,0,0,0,0,0,0,0,0,0,0,0,0,0
0,0,0,0,0,0,0,0,0,1,0,0,0,0,0,0,0,0,1,1,1,1,1,0,2,0,1,1,1,2,3,0,3,4,4,5,4,4,4,4,9,2,3,4,0,6,1,5,8,9,5,9,7,9,5,5,8,2,4,5,9,8,9,10,7,8,7,7,8,7,6,8,2,3,2,3,7,5,8,8,4,3,2,7,0,4,1,3,0,4,0,1,2,2,4,2,2,0,1,2,3,4,1,0,0,1,0,0,0,0,0,0,0,0,0,1,1,0,0,0,0,0,0,0,0,0,0,0,0,0,0,0,0,0,0,0,0,0,0,0,0,0,0,0,0,0,0,0,0,0,0,0,0,0,0,0,0,0,0,0,0,0,0,0,0,0,0,0,0,0,0,0,0,0,0,0,0,0,0,0,0,0,0,0,0,0,0,0,0,0,0,0,0,0,0,0,0,0,0,0
0,0,0,0,0,0,0,0,0,1,0,0,0,1,0,0,0,1,0,1,0,1,3,0,3,1,1,0,0,0,2,8,5,2,4,4,5,3,3,2,2,5,4,4,2,5,6,6,7,5,7,8,6,6,5,5,7,11,11,7,10,5,2,6,3,5,9,7,6,6,5,3,6,1,2,8,2,5,8,3,3,2,5,3,2,5,2,2,1,1,0,2,0,1,1,1,0,0,1,0,1,0,3,0,0,0,2,2,2,1,0,0,0,0,0,0,0,0,0,0,0,0,0,0,0,0,0,0,0,0,0,0,1,0,0,1,0,0,0,0,0,0,0,0,0,0,0,0,0,0,0,0,0,0,0,0,0,0,0,0,0,0,0,0,0,0,0,0,0,0,0,0,0,0,0,0,0,0,0,0,0,0,0,0,0,0,0,0,0,0,0,0,0,0,0,0,0,0,0,0
0,0,0,0,0,0,0,0,0,0,0,0,0,0,0,0,0,0,0,1,1,0,1,0,0,0,2,2,0,1,0,5,3,0,3,2,5,3,3,2,3,4,4,3,3,5,2,3,10,6,5,2,16,10,10,9,3,6,9,8,4,6,7,5,7,3,5,12,6,13,4,4,3,3,10,2,5,3,1,4,3,6,2,6,2,4,2,1,0,2,4,1,1,2,0,0,1,2,4,0,0,0,0,2,0,0,0,0,0,0,1,0,0,0,0,0,0,0,0,0,1,0,0,0,0,0,0,0,0,0,0,0,0,0,0,0,0,0,0,0,0,0,0,0,0,0,0,0,0,0,0,0,0,0,0,0,0,0,0,0,0,0,0,0,0,0,0,0,0,0,0,0,0,0,0,0,0,0,0,0,0,0,0,0,0,0,0,0,0,0,0,0,0,0,0,0,0,0,0,0
0,0,0,0,0,0,0,0,0,1,0,0,0,0,0,0,0,1,0,2,0,0,2,0,1,1,1,1,0,4,1,2,2,3,2,5,2,6,5,1,2,1,0,2,3,4,6,7,9,9,5,8,4,4,6,7,4,4,6,11,9,4,4,6,7,5,3,3,5,2,8,6,4,0,0,1,1,4,5,2,2,1,2,8,1,4,2,1,2,2,1,0,1,1,0,0,1,3,1,3,0,2,0,2,1,0,1,2,0,0,1,0,1,0,0,0,0,0,0,0,0,0,0,0,0,0,0,0,0,0,0,0,0,0,0,0,0,0,0,0,0,0,0,0,0,0,0,0,0,0,0,0,0,0,0,0,0,0,0,0,0,0,0,0,0,0,0,0,0,0,0,0,0,0,0,0,0,0,0,0,0,0,0,0,0,0,0,0,0,0,0,0,0,0,0,0,0,0,0,0
0,0,0,0,0,0,0,0,0,1,0,0,1,0,0,0,0,0,0,0,0,1,1,1,1,1,3,1,3,1,0,2,2,2,3,4,3,6,1,4,1,6,6,4,3,1,3,10,4,5,5,4,4,7,8,3,4,8,12,3,8,1,8,9,6,5,5,6,2,2,1,4,8,4,3,5,2,4,4,2,3,5,4,6,4,3,2,1,4,2,1,0,3,0,0,1,0,2,1,0,1,0,1,0,0,2,0,0,0,0,1,0,0,0,0,0,1,0,0,0,0,0,0,0,0,0,0,1,0,0,0,0,0,0,0,0,0,0,0,0,0,0,0,0,0,0,0,0,0,0,0,0,0,0,0,0,0,0,0,0,0,0,0,0,0,0,0,0,0,0,0,0,0,0,0,0,0,0,0,0,0,0,0,0,0,0,0,0,0,0,0,0,0,0,0,0,0,0,0,0
0,0,0,0,0,0,0,0,0,0,0,0,1,0,0,0,0,0,0,0,1,2,4,1,1,1,1,0,3,3,0,1,0,0,2,3,2,2,3,6,5,4,0,3,2,2,6,7,7,9,8,4,6,7,5,7,3,8,6,8,6,9,6,6,5,7,5,3,4,5,2,6,4,5,6,4,3,2,2,4,2,2,3,2,1,3,2,1,1,0,1,1,0,2,2,2,1,4,1,0,0,1,0,0,1,0,0,0,0,0,2,1,0,0,0,1,0,0,0,0,0,0,0,0,0,0,0,0,0,0,0,0,0,0,0,0,0,0,0,0,0,0,0,0,0,0,0,0,0,0,0,0,0,0,0,0,0,0,0,0,0,0,0,0,0,0,0,0,0,0,0,0,0,0,0,0,0,0,0,0,0,0,0,0,0,0,0,0,0,0,0,0,0,0,0,0,0,0,0,0
0,0,0,0,0,0,0,0,0,1,0,0,0,0,0,0,0,0,0,0,1,1,0,1,1,1,1,2,3,3,2,0,0,1,2,4,3,2,3,2,7,4,5,4,3,5,3,3,7,7,10,10,9,12,4,9,5,5,4,4,3,9,3,5,6,4,5,10,5,5,5,7,3,6,9,2,2,9,4,2,2,1,1,4,0,2,2,0,0,4,1,0,0,2,0,1,0,0,0,0,0,0,1,1,0,0,0,0,0,2,1,1,0,0,1,0,0,0,0,0,0,0,0,0,0,0,0,0,0,0,0,0,0,0,0,0,0,0,0,0,0,0,0,0,0,0,0,0,0,0,0,0,0,0,0,0,0,0,0,0,0,0,0,0,0,0,0,0,0,0,0,0,0,0,0,0,0,0,0,0,0,0,0,0,0,0,0,0,0,0,0,0,0,0,0,0,0,0,0,0
0,0,0,0,0,0,0,0,0,0,0,0,0,0,0,0,0,1,2,1,3,0,1,0,1,0,5,3,1,1,2,2,2,2,4,2,3,5,1,7,2,1,1,3,1,3,3,2,7,6,7,7,6,9,2,5,7,7,4,10,3,3,11,2,9,5,2,6,4,4,1,3,2,4,3,3,4,2,2,1,2,3,2,0,2,0,1,0,1,1,5,0,3,2,2,2,2,0,0,1,0,0,0,0,1,0,1,0,0,0,0,0,0,0,0,0,0,0,0,0,0,1,0,0,0,0,0,0,0,0,0,0,0,0,0,0,0,1,0,0,0,0,0,0,0,0,0,0,0,0,0,0,0,0,0,0,0,0,0,0,0,0,0,0,0,0,0,0,0,0,0,0,0,0,0,0,0,0,0,0,0,0,0,0,0,0,0,0,0,0,0,0,0,0,0,0,0,0,0,0
0,0,0,0,0,0,0,0,0,1,0,0,0,1,0,0,0,1,0,1,1,0,1,0,0,2,1,0,1,0,4,1,1,5,2,3,0,0,1,3,4,1,3,4,2,4,7,13,7,2,2,7,3,5,3,3,4,5,6,7,5,2,5,5,5,2,4,7,2,5,4,1,9,6,3,4,7,3,5,3,3,1,4,4,1,5,1,2,3,0,4,0,0,4,1,2,0,0,0,1,0,2,0,0,1,0,2,0,1,1,0,0,0,1,0,0,0,0,0,0,0,0,0,0,0,0,0,0,0,0,0,0,0,0,0,0,0,0,0,0,0,0,0,0,0,0,0,0,0,0,0,0,0,0,0,0,0,0,0,0,0,0,0,0,0,0,0,0,0,0,0,0,0,0,0,0,0,0,0,0,0,0,0,0,0,0,0,0,0,0,0,0,0,0,0,0,0,0,0,0
0,0,0,0,0,0,0,0,0,1,0,0,0,0,0,0,0,1,0,1,2,0,0,0,0,0,1,0,2,2,2,4,3,4,1,1,0,5,2,2,3,8,4,4,5,3,5,3,4,3,6,5,3,10,4,2,7,3,8,4,5,6,1,4,4,6,9,4,7,2,7,3,7,6,3,3,1,3,3,0,2,2,1,4,3,1,2,3,0,1,1,3,0,1,0,0,1,0,0,0,0,1,0,0,0,0,0,1,1,1,0,0,0,0,0,0,0,0,0,0,0,0,0,0,0,0,0,0,0,0,0,0,0,0,0,0,0,0,0,0,0,0,0,0,0,0,0,0,0,0,0,0,0,0,0,0,0,0,0,0,0,0,0,0,0,0,0,0,0,0,0,0,0,0,0,0,0,0,0,0,0,0,0,0,0,0,0,0,0,0,0,0,0,0,0,0,0,0,0,0
0,0,0,0,0,0,0,0,0,3,0,1,0,0,0,0,0,0,0,0,0,1,3,1,1,0,1,1,1,3,0,1,0,4,4,2,6,3,6,2,0,1,9,3,3,3,1,9,3,3,4,3,8,2,6,7,5,5,5,3,4,7,6,6,1,1,4,7,5,6,7,7,1,0,2,2,1,6,2,2,3,2,1,6,3,1,1,0,1,1,1,2,1,1,0,1,0,0,1,0,2,2,0,2,0,0,0,0,0,1,1,0,0,0,0,0,0,0,0,0,0,0,0,0,0,0,0,0,0,0,0,0,0,0,0,0,0,0,0,0,0,0,0,0,0,0,0,0,0,0,0,0,0,0,0,0,0,0,0,0,0,0,0,0,0,0,0,0,0,0,0,0,0,0,0,0,0,0,0,0,0,0,0,0,0,0,0,0,0,0,0,0,0,0,0,0,0,0,0,0
0,0,0,0,0,0,0,0,0,0,0,0,0,0,0,0,0,0,0,0,0,0,2,1,1,2,1,1,5,2,0,3,1,2,2,1,3,7,2,2,2,3,2,3,4,3,4,6,12,3,3,2,5,6,6,5,5,3,3,2,4,8,6,5,1,1,3,3,7,8,2,2,1,4,2,6,2,4,1,6,2,6,3,2,0,2,2,3,1,2,0,1,0,4,2,1,1,2,1,0,1,0,0,1,0,0,1,0,0,0,0,0,0,0,0,1,0,0,1,0,0,0,0,0,0,0,0,0,0,0,0,0,0,0,0,0,0,0,0,0,0,0,0,0,0,0,0,0,0,0,0,0,0,0,0,0,0,0,0,0,0,0,0,0,0,0,0,0,0,0,0,0,0,0,0,0,0,0,0,0,0,0,0,0,0,0,0,0,0,0,0,0,0,0,0,0,0,0,0,0
0,0,0,0,0,0,0,0,0,0,0,0,0,0,0,0,0,0,0,1,1,0,1,1,1,0,2,1,1,2,2,0,1,2,3,5,1,1,3,3,1,3,5,2,4,4,0,4,8,7,8,4,5,3,4,4,4,4,4,6,6,3,9,6,5,5,7,5,8,6,5,5,3,3,6,6,5,3,4,6,3,3,2,3,4,3,1,2,0,0,3,1,0,0,0,0,1,2,1,0,0,0,2,1,0,0,1,0,0,0,0,0,0,0,0,0,0,0,0,0,1,0,0,0,0,0,0,0,0,0,0,0,0,0,0,0,0,0,0,0,0,0,0,0,0,0,0,0,0,0,0,0,0,0,0,0,0,0,0,0,0,0,0,0,0,0,0,0,0,0,0,0,0,0,0,0,0,0,0,0,0,0,0,0,0,0,0,0,0,0,0,0,0,0,0,0,0,0,0,0
0,0,0,0,0,0,0,0,0,0,0,0,0,0,0,0,0,1,2,0,0,1,2,0,0,1,2,0,0,1,3,3,1,1,1,4,1,3,2,3,2,2,2,0,2,2,5,4,1,4,7,4,4,9,6,7,7,2,2,3,6,5,3,3,9,5,8,4,1,5,0,1,3,4,2,2,1,4,5,2,1,0,2,3,1,1,2,2,1,2,0,0,0,0,1,1,2,2,0,1,2,2,0,0,0,0,0,0,0,0,0,0,0,0,1,0,0,0,0,0,0,0,0,0,0,0,0,0,0,0,0,0,0,0,0,0,0,0,0,0,0,0,0,0,0,0,0,0,0,0,0,0,0,0,0,0,0,0,0,0,0,0,0,0,0,0,0,0,0,0,0,0,0,0,0,0,0,0,0,0,0,0,0,0,0,0,0,0,0,0,0,0,0,0,0,0,0,0,0,0
0,0,0,0,0,0,0,0,0,0,0,0,0,0,1,0,0,0,0,0,3,0,1,0,0,0,1,0,0,0,2,0,2,1,2,1,5,3,5,2,1,3,1,5,1,4,2,5,0,6,3,4,10,3,5,10,3,3,7,5,3,8,4,2,6,2,2,4,4,5,5,1,3,4,4,1,4,1,2,3,3,0,2,1,2,1,3,1,4,4,1,1,2,0,1,0,0,0,0,0,0,1,1,1,0,1,0,0,0,0,0,0,0,0,0,0,0,0,0,0,0,0,0,0,0,0,0,0,0,0,0,0,0,0,0,0,0,0,0,0,0,0,0,0,0,0,0,0,0,0,0,0,0,0,0,0,0,0,0,0,0,0,0,0,0,0,0,0,0,0,0,0,0,0,0,0,0,0,0,0,0,0,0,0,0,0,0,0,0,0,0,0,0,0,0,0,0,0,0,0
0,0,0,0,0,0,0,0,0,1,0,0,1,0,0,0,0,0,0,1,1,1,0,1,0,0,3,1,0,0,4,3,2,2,4,4,2,5,5,3,4,2,5,3,1,3,3,3,3,5,1,1,4,4,1,5,10,6,1,4,3,7,3,2,2,5,6,3,3,3,4,7,3,5,4,2,4,1,4,2,0,3,1,1,1,4,1,0,1,2,0,3,0,0,1,0,1,0,0,1,1,0,0,0,2,0,0,0,1,0,0,0,0,0,0,0,0,0,0,0,0,0,0,0,1,0,1,0,0,0,0,0,0,0,0,0,0,0,0,0,0,0,0,0,0,0,0,0,0,0,0,0,0,0,0,0,0,0,0,0,0,0,0,0,0,0,0,0,0,0,0,0,0,0,0,0,0,0,0,0,0,0,0,0,0,0,0,0,0,0,0,0,0,0,0,0,0,0,0,0
0,0,0,0,0,0,0,0,0,1,0,0,1,0,0,0,0,0,0,0,1,0,2,0,1,1,0,0,2,0,1,1,0,2,3,0,0,2,7,2,3,0,1,3,1,3,5,6,6,1,4,3,5,3,7,3,7,2,10,6,7,5,2,3,6,4,5,1,5,3,2,5,8,4,0,5,0,4,3,1,2,3,0,0,2,2,0,1,1,1,0,2,1,0,0,0,0,0,2,1,0,0,0,0,1,0,0,0,0,1,0,0,0,0,0,0,0,0,0,0,0,0,0,0,0,0,0,0,0,0,0,0,0,0,0,0,0,0,0,0,0,0,0,0,0,0,0,0,0,0,0,0,0,0,0,0,0,0,0,0,0,0,0,0,0,0,0,0,0,0,0,0,0,0,0,0,0,0,0,0,0,0,0,0,0,0,0,0,0,0,0,0,0,0,0,0,0,0,0,0
0,0,0,0,0,0,0,0,0,0,0,0,0,0,0,1,0,0,1,0,0,0,1,0,1,0,1,0,0,1,0,2,1,1,4,3,1,6,3,3,0,2,1,3,1,3,2,4,5,4,2,2,5,4,3,7,4,4,2,4,5,4,4,1,5,7,2,3,6,3,3,1,1,7,0,5,4,1,1,3,3,4,2,0,1,3,1,1,2,2,2,0,2,3,1,1,1,0,2,0,0,0,0,1,0,0,0,0,0,0,0,0,0,0,0,0,0,0,0,0,0,0,0,0,0,0,0,0,0,0,0,0,0,0,0,0,0,0,0,0,0,0,0,0,0,0,0,0,0,0,0,0,0,0,0,0,0,0,0,0,0,0,0,0,0,0,0,0,0,0,0,0,0,0,0,0,0,0,0,0,0,0,0,0,0,0,0,0,0,0,0,0,0,0,0,0,0,0,0,0
0,0,0,0,0,0,0,0,0,0,0,0,1,0,0,0,0,0,1,0,1,0,0,0,0,0,2,1,1,3,4,1,1,1,1,1,3,2,1,1,2,1,1,4,2,2,3,1,3,2,6,3,7,1,5,5,4,4,3,10,3,4,1,1,5,6,3,5,4,4,8,4,4,2,5,1,5,1,3,1,0,1,1,1,1,1,2,2,0,0,0,3,0,0,0,0,0,1,1,1,0,1,0,1,0,0,0,1,0,1,0,0,0,0,0,1,0,0,0,0,0,0,0,0,0,0,1,0,0,0,0,0,0,0,0,0,0,0,0,0,0,0,0,0,0,0,0,0,0,0,0,0,0,0,0,0,0,0,0,0,0,0,0,0,0,0,0,0,0,0,0,0,0,0,0,0,0,0,0,0,0,0,0,0,0,0,0,0,0,0,0,0,0,0,0,0,0,0,0,0
0,0,0,0,0,0,0,0,0,0,0,0,0,0,1,0,0,0,1,0,0,0,1,0,1,2,1,1,2,2,1,2,1,2,3,1,1,2,2,0,6,4,4,3,4,3,2,6,2,9,1,1,4,4,5,5,4,1,6,4,6,5,4,4,2,5,1,3,7,3,3,1,3,7,7,5,5,3,2,2,1,1,0,1,2,2,3,2,3,3,0,1,1,1,2,1,2,1,2,1,0,0,0,0,0,0,0,0,1,0,1,1,0,1,0,1,0,0,1,0,0,0,0,0,0,0,0,0,0,0,1,0,0,0,0,0,0,0,0,0,0,0,0,0,0,0,0,0,0,0,0,0,0,0,0,0,0,0,0,0,0,0,0,0,0,0,0,0,0,0,0,0,0,0,0,0,0,0,0,0,0,0,0,0,0,0,0,0,0,0,0,0,0,0,0,0,0,0,0,0
0,0,0,0,0,0,0,0,0,0,0,0,0,1,0,0,0,0,0,0,1,1,0,0,0,1,0,2,0,2,2,2,2,1,0,4,2,2,5,1,1,0,4,2,1,3,2,1,2,4,4,5,1,6,1,2,4,3,4,1,6,1,4,2,2,2,0,4,3,1,2,4,4,7,2,2,2,4,3,2,2,0,1,2,1,0,2,1,3,0,1,0,2,0,0,1,0,0,0,0,0,1,0,1,0,0,0,0,0,1,0,0,1,0,0,0,0,0,0,0,0,0,0,0,0,0,0,0,0,0,0,0,0,0,0,0,0,0,0,0,0,0,0,0,0,0,0,0,0,0,0,0,0,0,0,0,0,0,0,0,0,0,0,0,0,0,0,0,0,0,0,0,0,0,0,0,0,0,0,0,0,0,0,0,0,0,0,0,0,0,0,0,0,0,0,0,0,0,0,0
0,0,0,0,0,0,0,0,0,2,0,0,0,0,0,0,0,3,1,0,1,0,3,0,0,0,4,0,0,0,0,1,2,1,1,1,2,1,1,2,3,1,1,2,1,3,1,4,6,0,5,4,2,5,6,6,2,7,4,4,4,3,2,6,2,4,2,2,2,0,3,4,5,1,4,2,1,0,4,3,3,2,2,0,0,0,0,1,1,1,1,0,1,0,0,1,0,0,1,0,2,0,0,0,0,0,1,0,0,1,1,0,0,0,0,1,0,0,0,0,0,0,0,0,0,0,0,0,0,0,0,0,0,0,0,0,0,0,0,0,0,0,0,0,0,0,0,0,0,0,0,0,0,0,0,0,0,0,0,0,0,0,0,0,0,0,0,0,0,0,0,0,0,0,0,0,0,0,0,0,0,0,0,0,0,0,0,0,0,0,0,0,0,0,0,0,0,0,0,0
0,0,0,0,0,0,0,0,0,1,0,0,0,0,0,0,0,0,0,0,0,0,2,0,0,0,0,2,1,0,0,1,2,2,4,1,2,3,2,0,2,0,1,1,1,3,4,4,5,0,5,3,3,9,8,2,6,2,2,3,4,4,3,3,5,2,4,6,5,1,2,2,0,0,1,2,1,1,0,3,1,2,1,0,0,1,1,0,0,0,0,1,1,0,1,0,1,0,1,0,0,1,2,1,0,0,1,0,0,0,0,0,0,1,0,0,0,0,0,0,0,0,0,0,0,0,0,0,0,0,0,0,0,0,0,0,0,0,0,0,0,0,0,0,0,0,0,0,0,0,0,0,0,0,0,0,0,0,0,0,0,0,0,0,0,0,0,0,0,0,0,0,0,0,0,0,0,0,0,0,0,0,0,0,0,0,0,0,0,0,0,0,0,0,0,0,0,0,0,0
0,0,0,0,0,0,0,0,0,0,0,0,0,0,0,0,0,0,0,0,0,0,0,0,1,0,0,1,1,2,0,0,0,1,2,1,3,4,4,3,3,1,1,2,1,0,2,4,3,1,4,3,1,7,1,6,3,2,4,6,3,4,3,3,1,1,5,1,5,5,1,5,5,1,3,2,1,1,2,2,2,1,0,0,0,1,1,0,2,1,1,1,0,1,0,1,1,0,0,1,0,1,0,1,0,0,1,1,0,0,0,0,0,0,0,0,0,0,0,0,0,0,0,0,0,0,0,0,0,0,0,0,0,0,0,0,0,0,0,0,0,0,0,0,0,0,0,0,0,0,0,0,0,0,0,0,0,0,0,0,0,0,0,0,0,0,0,0,0,0,0,0,0,0,0,0,0,0,0,0,0,0,0,0,0,0,0,0,0,0,0,0,0,0,0,0,0,0,0,0
0,0,0,0,0,0,0,0,0,0,0,0,0,0,0,0,0,0,0,0,0,0,3,0,2,1,4,0,0,2,0,1,0,1,2,1,3,3,0,0,1,2,2,7,5,3,3,4,4,4,3,3,5,5,2,5,3,2,6,2,5,2,2,4,1,5,3,2,4,4,4,4,1,3,5,3,2,3,7,3,3,0,0,2,2,2,0,2,1,1,1,2,0,1,0,0,0,1,0,0,0,0,0,0,0,0,0,0,0,0,0,0,0,0,0,0,0,0,0,0,0,0,0,0,0,0,0,0,0,0,0,0,0,0,0,0,0,0,0,0,0,0,0,0,0,0,0,0,0,0,0,0,0,0,0,0,0,0,0,0,0,0,0,0,0,0,0,0,0,0,0,0,0,0,0,0,0,0,0,0,0,0,0,0,0,0,0,0,0,0,0,0,0,0,0,0,0,0,0,0
0,0,0,0,0,0,0,0,0,0,0,0,0,1,0,0,1,0,0,0,0,0,1,0,1,1,1,0,2,1,3,0,0,3,1,3,1,1,3,0,0,2,2,1,2,1,0,3,2,3,4,2,2,5,4,5,3,5,1,1,2,4,2,5,5,3,2,3,3,2,5,2,1,0,3,4,1,7,0,1,0,2,1,4,3,0,2,3,0,2,1,1,0,2,2,1,1,0,0,0,1,1,0,1,0,0,0,0,0,0,0,0,0,0,0,0,0,0,0,0,0,0,0,0,0,0,0,0,0,0,0,0,0,0,0,0,0,0,0,0,0,0,0,0,0,0,0,0,0,0,0,0,0,0,0,0,0,0,0,0,0,0,0,0,0,0,0,0,0,0,0,0,0,0,0,0,0,0,0,0,0,0,0,0,0,0,0,0,0,0,0,0,0,0,0,0,0,0,0,0
0,0,0,0,0,0,0,0,0,0,0,1,0,0,0,0,0,0,0,0,0,0,0,0,1,0,0,1,2,0,2,0,2,2,2,1,1,2,4,2,0,1,3,4,1,1,2,3,1,3,3,6,3,2,3,2,4,2,1,5,2,6,4,2,5,1,4,4,3,4,3,0,0,0,2,2,2,1,0,2,1,1,0,0,0,0,1,0,1,1,2,0,2,0,0,0,1,0,1,1,2,0,0,1,0,1,1,0,0,0,0,0,0,0,1,1,0,1,0,0,0,0,0,0,0,0,0,0,0,0,0,0,0,0,0,0,0,0,0,0,0,0,0,0,0,0,0,0,0,0,0,0,0,0,0,0,0,0,0,0,0,0,0,0,0,0,0,0,0,0,0,0,0,0,0,0,0,0,0,0,0,0,0,0,0,0,0,0,0,0,0,0,0,0,0,0,0,0,0,0
0,0,0,0,0,0,0,0,0,1,0,0,0,0,0,0,0,0,0,0,0,0,1,1,1,0,2,1,1,2,0,1,0,1,3,3,2,3,3,2,3,2,2,8,2,1,1,0,3,4,2,4,3,5,3,6,4,5,3,3,3,3,1,7,7,2,3,5,5,0,3,7,3,2,5,0,3,2,1,1,2,0,0,3,1,0,2,1,0,1,2,0,1,0,0,0,0,1,0,0,0,0,1,0,1,1,0,1,0,1,0,0,0,0,0,0,1,0,0,1,0,0,0,0,0,0,0,0,0,0,0,0,0,0,0,0,0,0,0,0,0,0,0,0,0,0,0,0,0,0,0,0,0,0,0,0,0,0,0,0,0,0,0,0,0,0,0,0,0,0,0,0,0,0,0,0,0,0,0,0,0,0,0,0,0,0,0,0,0,0,0,0,0,0,0,0,0,0,0,0
0,0,0,0,0,0,0,0,0,0,0,0,0,0,0,0,0,0,0,2,0,0,0,0,0,1,2,1,0,0,1,0,1,4,2,5,1,2,1,3,3,1,3,7,1,1,0,2,0,2,3,5,1,3,2,2,0,3,4,3,2,2,3,5,4,5,5,5,5,2,2,5,3,2,1,1,0,3,1,2,1,1,2,5,4,1,0,0,0,0,0,0,1,0,1,0,0,1,0,0,0,0,0,0,0,0,0,1,0,0,0,0,0,0,0,0,1,0,1,0,0,0,0,0,0,0,0,0,0,0,0,0,0,0,0,0,0,0,0,0,0,0,0,0,0,0,0,0,0,0,0,0,0,0,0,0,0,0,0,0,0,0,0,0,0,0,0,0,0,0,0,0,0,0,0,0,0,0,0,0,0,0,0,0,0,0,0,0,0,0,0,0,0,0,0,0,0,0,0,0
0,0,0,0,0,0,0,0,0,0,0,0,0,1,0,0,0,0,1,0,0,0,2,0,0,0,0,0,0,1,3,1,1,3,3,0,0,0,3,2,2,4,0,1,1,3,0,5,2,0,4,2,2,3,3,3,3,8,4,3,8,2,1,2,1,2,4,1,2,2,2,0,3,0,0,1,4,0,0,2,1,1,1,2,0,0,1,0,0,1,1,0,1,2,0,0,0,0,1,1,0,0,1,0,0,0,0,0,0,0,0,0,0,0,1,0,0,0,0,0,0,0,0,0,0,0,0,0,0,0,0,0,0,0,0,0,0,0,0,0,0,0,0,0,0,0,0,0,0,0,0,0,0,0,0,0,0,0,0,0,0,0,0,0,0,0,0,0,0,0,0,0,0,0,0,0,0,0,0,0,0,0,0,0,0,0,0,0,0,0,0,0,0,0,0,0,0,0,0,0
0,0,0,0,0,0,0,0,0,0,0,0,0,0,0,0,0,0,0,0,2,1,0,1,1,0,1,0,1,3,2,0,3,0,3,2,1,1,5,0,1,1,2,0,0,2,2,3,3,4,2,2,4,0,1,2,2,4,1,3,1,0,4,2,2,1,1,2,2,2,2,1,2,3,5,0,1,2,1,1,1,2,2,0,1,2,0,0,1,0,0,1,1,1,0,0,0,0,0,3,0,0,0,0,0,0,0,0,0,0,1,0,0,0,1,0,0,0,0,0,0,0,0,0,0,0,0,0,0,0,0,0,0,0,0,0,0,0,0,0,0,0,0,0,0,0,0,0,0,0,0,0,0,0,0,0,0,0,0,0,0,0,0,0,0,0,0,0,0,0,0,0,0,0,0,0,0,0,0,0,0,0,0,0,0,0,0,0,0,0,0,0,0,0,0,0,0,0,0,0
0,0,0,1,0,0,0,0,0,1,0,0,1,0,0,0,0,0,0,0,0,0,0,1,0,0,0,0,0,0,0,1,1,0,0,1,1,0,2,5,4,3,0,2,1,3,3,5,4,5,3,0,3,1,2,3,3,3,2,4,3,2,4,1,1,3,1,3,4,2,3,3,1,2,1,2,3,0,2,1,1,0,1,0,1,1,1,1,3,0,1,1,0,0,0,0,0,1,2,0,0,0,0,1,0,1,1,0,0,0,0,0,0,0,0,0,0,0,0,0,0,0,0,0,0,0,0,0,0,0,0,0,0,0,0,0,0,0,0,0,0,0,0,0,0,0,0,0,0,0,0,0,0,0,0,0,0,0,0,0,0,0,0,0,0,0,0,0,0,0,0,0,0,0,0,0,0,0,0,0,0,0,0,0,0,0,0,0,0,0,0,0,0,0,0,0,0,0,0,0
0,0,0,0,0,0,0,0,0,0,0,0,0,0,0,0,0,0,1,0,0,0,1,0,0,0,0,0,2,3,2,2,1,1,3,0,3,0,0,2,2,0,2,2,2,1,0,3,1,1,1,2,3,3,1,3,3,3,2,2,5,5,1,0,2,5,4,5,1,2,0,2,2,3,0,1,2,2,2,4,2,2,1,0,0,0,0,0,0,0,1,0,0,0,1,0,1,2,0,0,0,0,0,0,0,0,0,0,0,1,0,0,0,0,0,0,0,0,0,0,0,0,1,0,1,0,0,0,0,0,0,0,0,0,0,0,0,0,0,0,0,0,0,0,0,0,0,0,0,0,0,0,0,0,0,0,0,0,0,0,0,0,0,0,0,0,0,0,0,0,0,0,0,0,0,0,0,0,0,0,0,0,0,0,0,0,0,0,0,0,0,0,0,0,0,0,0,0,0,0
0,0,0,0,0,0,0,0,0,1,0,0,0,0,0,0,0,0,1,0,1,0,1,0,0,1,0,0,0,1,0,0,0,0,1,1,1,0,2,2,2,0,1,2,1,3,1,2,3,5,4,0,2,6,1,2,2,0,6,0,7,4,2,5,2,0,3,3,2,1,1,2,3,3,2,0,0,1,3,1,0,0,1,0,0,0,1,0,1,0,2,1,1,0,0,0,0,0,0,1,1,0,0,0,0,0,0,0,0,0,0,0,0,1,0,0,0,0,0,0,0,0,0,0,0,0,0,0,0,0,0,0,0,0,0,0,0,0,0,0,0,0,0,0,0,0,0,0,0,0,0,0,0,0,0,0,0,0,0,0,0,0,0,0,0,0,0,0,0,0,0,0,0,0,0,0,0,0,0,0,0,0,0,0,0,0,0,0,0,0,0,0,0,0,0,0,0,0,0,0
0,0,0,0,0,0,0,0,0,1,0,0,1,0,0,0,0,0,0,0,0,0,4,0,0,0,0,0,2,0,1,0,1,1,2,1,1,3,1,1,0,0,3,2,3,1,2,2,1,3,0,0,5,1,1,4,3,2,1,1,2,2,2,0,3,4,5,5,2,0,1,2,4,2,2,4,1,1,3,0,3,1,3,2,1,1,4,0,0,1,0,1,2,0,0,0,0,0,0,1,1,0,0,0,0,0,0,1,0,1,0,0,1,1,0,0,0,0,0,0,0,0,0,0,0,0,0,0,0,0,0,0,0,0,0,0,0,0,0,0,0,0,0,0,0,0,0,0,0,0,0,0,0,0,0,0,0,0,0,0,0,0,0,0,0,0,0,0,0,0,0,0,0,0,0,0,0,0,0,0,0,0,0,0,0,0,0,0,0,0,0,0,0,0,0,0,0,0,0,0
0,0,0,0,0,0,0,0,0,0,0,0,0,0,0,0,0,0,0,0,0,0,0,0,1,0,1,0,0,0,0,1,3,1,1,1,1,0,3,1,3,1,4,2,0,1,1,4,2,3,3,6,2,4,1,3,1,2,3,2,3,5,2,1,3,3,3,2,0,2,1,2,1,0,2,1,2,1,1,1,1,2,0,2,1,1,0,3,0,1,0,0,1,0,1,1,1,1,1,1,0,0,1,0,0,1,0,0,0,0,0,1,0,0,1,0,0,0,0,0,0,0,0,0,0,0,0,0,0,0,0,0,0,0,0,0,0,0,0,0,0,0,0,0,0,0,0,0,0,0,0,0,0,0,0,0,0,0,0,0,0,0,0,0,0,0,0,0,0,0,0,0,0,0,0,0,0,0,0,0,0,0,0,0,0,0,0,0,0,0,0,0,0,0,0,0,0,0,0,0
0,0,0,0,0,0,0,0,0,0,0,0,0,0,0,0,0,0,1,0,0,0,0,1,0,0,2,0,1,0,2,2,0,2,1,0,3,1,5,0,1,2,0,5,2,3,1,2,1,2,2,1,5,1,0,1,3,2,2,1,0,2,4,2,1,1,1,2,2,5,2,2,3,2,0,4,1,1,2,2,1,2,1,3,0,1,0,0,2,1,1,0,1,1,0,1,0,0,0,0,0,0,0,0,1,0,0,0,0,0,0,0,0,0,0,0,0,0,1,0,0,0,0,0,0,0,0,0,0,0,0,0,0,0,0,0,0,0,0,0,0,0,0,0,0,0,0,0,0,0,0,0,0,0,0,0,0,0,0,0,0,0,0,0,0,0,0,0,0,0,0,0,0,0,0,0,0,0,0,0,0,0,0,0,0,0,0,0,0,0,0,0,0,0,0,0,0,0,0,0
0,0,0,0,0,0,0,0,0,0,0,0,0,0,0,0,0,0,0,0,1,0,0,0,0,1,0,0,0,0,1,0,0,0,0,1,0,0,3,2,1,2,1,0,1,4,3,3,2,4,3,3,4,4,1,3,2,5,2,1,4,0,3,3,2,0,3,5,3,2,3,1,1,3,2,2,2,0,1,1,1,1,1,1,2,2,1,0,2,1,1,0,0,0,1,2,0,1,0,0,0,2,0,0,0,0,0,0,0,0,0,0,0,0,0,0,0,0,0,0,0,0,0,1,0,0,0,0,0,0,0,0,0,0,0,0,0,0,0,0,0,0,0,0,0,0,0,0,0,0,0,0,0,0,0,0,0,0,0,0,0,0,0,0,0,0,0,0,0,0,0,0,0,0,0,0,0,0,0,0,0,0,0,0,0,0,0,0,0,0,0,0,0,0,0,0,0,0,0,0
0,0,0,0,0,0,0,0,0,0,0,0,0,0,0,0,0,1,0,1,0,0,0,0,1,1,0,1,0,0,0,0,1,1,0,1,0,2,1,2,3,0,3,1,1,0,1,3,3,2,2,1,3,2,4,2,4,3,1,4,5,2,1,2,3,2,2,1,1,3,1,3,1,2,1,1,0,1,3,3,1,2,0,1,0,0,0,2,1,0,1,1,1,1,1,1,2,1,0,0,1,0,3,0,0,0,0,0,0,0,0,0,0,0,0,0,0,0,0,0,0,0,0,0,1,0,0,0,0,0,0,0,0,0,0,0,0,0,0,0,0,0,0,0,0,0,0,0,0,0,0,0,0,0,0,0,0,0,0,0,0,0,0,0,0,0,0,0,0,0,0,0,0,0,0,0,0,0,0,0,0,0,0,0,0,0,0,0,0,0,0,0,0,0,0,0,0,0,0,0
0,0,0,0,0,0,0,0,0,1,0,0,0,0,0,0,0,0,0,0,0,0,0,0,0,0,0,1,1,1,0,0,1,1,1,5,0,3,2,0,3,0,1,1,1,1,2,2,1,3,7,3,2,2,2,3,0,0,2,1,5,7,2,3,1,2,1,2,0,0,4,2,3,0,1,2,1,1,2,1,1,1,3,1,0,1,1,0,1,1,0,1,0,0,0,0,1,0,0,0,0,0,1,0,0,0,2,0,1,0,0,0,0,0,0,0,0,0,0,0,0,0,0,0,0,0,0,0,0,0,0,0,0,0,0,0,0,0,0,0,0,0,0,0,0,0,0,0,0,0,0,0,0,0,0,0,0,0,0,0,0,0,0,0,0,0,0,0,0,0,0,0,0,0,0,0,0,0,0,0,0,0,0,0,0,0,0,0,0,0,0,0,0,0,0,0,0,0,0,0
0,0,0,0,0,0,0,0,0,0,0,0,1,0,0,0,0,0,0,0,0,0,1,0,1,0,0,1,0,1,0,1,0,2,0,0,2,0,1,3,3,2,1,2,2,1,2,3,1,2,3,1,1,2,0,3,2,3,1,2,4,3,2,3,2,1,4,4,2,1,3,1,3,0,1,1,0,1,0,1,0,1,1,4,1,0,1,0,1,0,1,1,0,0,1,1,0,0,2,0,0,0,0,0,0,0,0,0,0,0,0,0,0,0,1,0,0,0,0,0,0,0,0,0,0,0,0,0,0,0,0,0,0,0,0,0,0,0,0,0,0,0,0,0,0,0,0,0,0,0,0,0,0,0,0,0,0,0,0,0,0,0,0,0,0,0,0,0,0,0,0,0,0,0,0,0,0,0,0,0,0,0,0,0,0,0,0,0,0,0,0,0,0,0,0,0,0,0,0,0
0,0,0,0,0,0,0,0,0,2,0,0,0,0,0,0,0,0,1,0,1,0,1,1,0,1,0,1,0,0,1,0,2,0,2,3,2,1,1,0,1,0,0,4,1,1,0,1,1,2,1,3,2,4,2,1,0,1,4,3,0,2,4,1,1,1,1,1,4,0,1,0,2,2,1,0,0,4,0,0,1,1,0,0,0,2,0,0,0,2,0,0,0,0,1,0,1,0,0,0,2,0,0,1,0,2,0,0,0,0,0,1,0,0,0,0,0,0,0,0,0,0,0,0,0,0,0,0,0,0,0,0,0,0,0,0,0,0,0,0,0,0,0,0,0,0,0,0,0,0,0,0,0,0,0,0,0,0,0,0,0,0,0,0,0,0,0,0,0,0,0,0,0,0,0,0,0,0,0,0,0,0,0,0,0,0,0,0,0,0,0,0,0,0,0,0,0,0,0,0
0,0,0,0,0,0,0,0,0,1,0,0,1,0,0,0,0,0,0,0,0,0,0,0,2,0,0,1,2,0,1,0,1,0,1,2,1,1,1,0,1,2,1,1,1,0,3,3,1,1,3,2,0,6,2,2,1,3,1,5,2,0,0,1,4,1,1,1,2,2,0,2,2,0,2,0,0,4,1,1,1,0,0,3,2,0,1,0,1,1,0,0,0,0,1,0,0,0,0,0,0,0,0,1,1,0,0,1,0,0,0,0,0,0,0,0,0,0,0,0,0,0,0,0,0,0,0,0,0,0,0,0,0,0,0,0,0,0,0,0,0,0,0,0,0,0,0,0,0,0,0,0,0,0,0,0,0,0,0,0,0,0,0,0,0,0,0,0,0,0,0,0,0,0,0,0,0,0,0,0,0,0,0,0,0,0,0,0,0,0,0,0,0,0,0,0,0,0,0,0
0,0,0,0,0,0,0,0,0,0,0,0,0,0,0,0,0,0,0,0,0,0,1,0,1,0,0,0,0,0,1,1,2,0,1,1,2,1,1,0,1,0,0,2,2,1,0,0,4,0,2,1,1,5,2,3,2,1,1,4,2,0,1,2,2,3,2,1,0,0,1,0,1,2,1,0,2,2,1,2,3,2,0,0,1,0,2,0,0,0,0,0,1,1,1,0,0,0,1,0,0,0,0,0,0,0,0,0,0,0,0,0,0,0,0,0,0,0,0,0,0,0,0,0,0,0,0,0,0,0,0,0,0,0,0,0,0,0,0,0,0,0,0,0,0,0,0,0,0,0,0,0,0,0,0,0,0,0,0,0,0,0,0,0,0,0,0,0,0,0,0,0,0,0,0,0,0,0,0,0,0,0,0,0,0,0,0,0,0,0,0,0,0,0,0,0,0,0,0,0
0,0,0,0,0,0,0,0,0,0,0,0,0,0,0,0,0,0,0,0,0,0,0,0,1,0,0,0,0,2,1,0,1,2,0,1,0,1,1,2,1,0,1,2,3,2,2,1,2,0,4,1,1,1,1,4,0,0,0,1,2,1,3,1,2,2,0,0,1,1,1,0,0,1,3,0,2,1,2,1,3,1,1,0,0,1,0,1,0,1,0,0,0,2,0,1,1,0,0,0,0,0,0,0,0,0,0,1,0,0,0,0,0,0,0,1,0,0,0,0,0,0,0,0,0,0,0,0,0,0,0,0,0,0,0,0,0,0,0,0,0,0,0,0,0,0,0,0,0,0,0,0,0,0,0,0,0,0,0,0,0,0,0,0,0,0,0,0,0,0,0,0,0,0,0,0,0,0,0,0,0,0,0,0,0,0,0,0,0,0,0,0,0,0,0,0,0,0,0,0
0,0,0,0,0,0,0,0,0,0,0,0,0,0,0,0,0,0,1,0,0,1,0,0,0,1,1,0,0,0,0,1,2,1,0,3,1,3,1,2,0,1,1,2,1,1,2,1,2,2,0,0,4,4,1,2,0,3,2,0,1,2,3,2,1,1,1,0,1,1,5,3,0,0,1,3,1,0,0,2,1,2,2,2,0,0,2,2,0,0,0,0,0,2,0,0,0,0,0,1,0,0,0,0,0,0,0,0,0,0,0,0,0,0,0,0,0,0,0,0,0,0,0,0,0,0,0,0,0,0,0,0,0,0,0,0,0,0,0,0,0,0,0,0,0,0,0,0,0,0,0,0,0,0,0,0,0,0,0,0,0,0,0,0,0,0,0,0,0,0,0,0,0,0,0,0,0,0,0,0,0,0,0,0,0,0,0,0,0,0,0,0,0,0,0,0,0,0,0,0
0,0,0,0,0,0,0,0,0,0,0,0,0,0,0,0,0,1,0,0,0,0,1,0,0,0,2,0,0,0,0,0,0,1,3,0,0,2,2,3,1,2,2,1,1,1,3,3,2,1,4,2,1,1,1,1,1,4,2,1,1,2,2,0,2,1,2,0,0,1,3,0,4,1,2,1,1,1,1,2,0,0,2,2,0,1,0,1,2,1,0,0,0,0,0,0,0,0,0,0,0,0,1,0,0,0,0,0,0,0,0,0,0,0,0,0,0,0,0,0,0,0,0,0,0,0,0,0,0,0,0,0,0,0,0,0,0,0,0,0,0,0,0,0,0,0,0,0,0,0,0,0,0,0,0,0,0,0,0,0,0,0,0,0,0,0,0,0,0,0,0,0,0,0,0,0,0,0,0,0,0,0,0,0,0,0,0,0,0,0,0,0,0,0,0,0,0,0,0,0
0,0,0,0,0,0,0,0,0,0,0,0,0,0,0,0,0,0,0,0,0,0,0,0,0,0,1,0,0,0,0,1,0,1,1,1,1,0,1,2,3,0,0,0,1,0,0,7,0,1,0,0,2,1,2,1,1,2,0,4,3,1,2,1,2,2,2,1,0,0,1,2,1,0,0,3,0,2,2,1,0,0,1,0,1,1,3,1,0,0,1,0,0,0,0,0,2,0,0,0,0,0,0,0,0,0,0,0,0,0,0,0,0,0,0,0,0,0,0,0,0,0,0,0,0,0,0,0,0,0,0,0,0,0,0,0,0,0,0,0,0,0,0,0,0,0,0,0,0,0,0,0,0,0,0,0,0,0,0,0,0,0,0,0,0,0,0,0,0,0,0,0,0,0,0,0,0,0,0,0,0,0,0,0,0,0,0,0,0,0,0,0,0,0,0,0,0,0,0,0
0,0,0,0,0,0,0,0,0,0,0,0,0,0,0,0,0,0,0,0,0,0,0,0,1,1,1,1,1,0,2,0,0,0,1,2,0,0,3,0,2,0,1,0,2,1,1,2,0,0,3,3,2,1,1,1,1,1,3,1,4,3,1,1,0,1,3,1,2,0,1,1,1,1,1,0,0,0,1,1,1,0,1,0,1,0,1,0,0,0,2,0,1,0,0,0,0,0,1,0,0,0,0,1,0,1,1,0,0,0,0,0,0,0,0,0,0,0,0,0,0,0,0,0,0,0,1,0,0,0,0,0,0,0,0,0,0,0,0,0,0,0,0,0,0,0,0,0,0,0,0,0,0,0,0,0,0,0,0,0,0,0,0,0,0,0,0,0,0,0,0,0,0,0,0,0,0,0,0,0,0,0,0,0,0,0,0,0,0,0,0,0,0,0,0,0,0,0,0,0
0,0,0,0,0,0,0,0,0,0,0,0,0,0,0,0,0,0,0,0,0,0,1,0,1,0,0,0,0,1,0,0,0,1,0,1,0,1,0,4,1,0,0,0,1,0,1,1,0,1,0,0,3,1,1,1,1,1,2,1,3,4,2,5,1,2,1,2,0,0,0,1,0,1,0,2,0,0,0,1,2,0,0,1,0,0,2,0,0,2,0,0,0,0,0,0,0,0,0,0,0,0,0,0,0,0,0,0,0,0,0,0,1,0,0,0,0,0,0,0,0,0,0,0,0,0,0,0,0,0,0,0,0,0,0,0,0,0,0,0,0,0,0,0,0,0,0,0,0,0,0,0,0,0,0,0,0,0,0,0,0,0,0,0,0,0,0,0,0,0,0,0,0,0,0,0,0,0,0,0,0,0,0,0,0,0,0,0,0,0,0,0,0,0,0,0,0,0,0,0
0,0,0,0,0,0,0,0,0,0,0,0,0,0,0,0,0,0,0,0,0,0,0,0,0,0,1,0,0,0,0,0,0,2,1,1,1,0,1,1,0,1,1,0,0,2,3,1,4,1,2,2,0,0,1,0,2,2,1,1,5,2,2,3,1,1,2,1,1,0,0,0,1,1,1,2,1,2,0,0,0,0,0,0,0,0,0,0,1,2,0,1,0,0,1,0,0,1,0,1,1,0,0,0,0,0,0,1,0,0,0,0,0,0,0,0,0,0,0,0,0,0,0,0,1,0,0,0,0,0,0,0,0,0,0,0,0,0,0,0,0,0,0,0,0,0,0,0,0,0,0,0,0,0,0,0,0,0,0,0,0,0,0,0,0,0,0,0,0,0,0,0,0,0,0,0,0,0,0,0,0,0,0,0,0,0,0,0,0,0,0,0,0,0,0,0,0,0,0,0
0,0,0,0,0,0,0,0,0,0,0,0,0,0,0,0,0,0,0,0,0,0,0,0,0,0,0,0,0,1,0,0,0,1,0,2,1,0,0,1,1,0,0,0,1,1,0,0,0,0,2,2,1,2,2,0,2,2,0,1,2,1,0,0,2,1,2,1,0,3,1,2,0,1,2,2,1,0,1,0,1,0,2,1,1,0,2,1,1,0,0,0,1,1,1,0,0,1,0,1,0,0,0,0,0,0,1,1,0,0,1,0,0,1,0,0,0,0,0,0,0,0,0,0,0,0,0,0,0,0,0,0,0,0,0,0,0,0,0,0,0,0,0,0,0,0,0,0,0,0,0,0,0,0,0,0,0,0,0,0,0,0,0,0,0,0,0,0,0,0,0,0,0,0,0,0,0,0,0,0,0,0,0,0,0,0,0,0,0,0,0,0,0,0,0,0,0,0,0,0
0,0,0,0,0,0,0,0,0,0,0,0,0,0,0,0,0,0,0,0,0,0,0,0,0,0,0,1,0,0,0,3,1,1,1,1,0,1,0,3,0,1,3,1,1,2,1,4,1,0,0,0,1,1,0,0,2,1,1,2,1,2,0,0,1,1,1,1,2,0,0,2,0,1,1,3,2,0,1,0,0,1,0,0,0,1,0,1,1,0,0,0,0,0,1,0,0,0,0,1,0,0,0,0,0,1,0,0,0,0,0,0,0,0,0,0,0,0,0,0,0,0,0,0,0,0,0,0,0,0,0,0,0,0,0,0,0,0,0,0,0,0,0,0,0,0,0,0,0,0,0,0,0,0,0,0,0,0,0,0,0,0,0,0,0,0,0,0,0,0,0,0,0,0,0,0,0,0,0,0,0,0,0,0,0,0,0,0,0,0,0,0,0,0,0,0,0,0,0,0
0,0,0,0,0,0,0,0,0,0,0,0,1,0,0,0,0,0,1,0,1,0,0,0,0,0,3,0,1,0,1,1,0,0,0,0,0,1,1,2,2,2,2,1,1,0,2,4,1,1,1,1,4,3,1,1,3,0,4,0,3,2,4,1,2,0,2,0,2,1,1,1,2,0,2,1,0,1,0,1,1,1,0,0,2,0,1,0,0,1,2,0,0,0,0,0,0,1,1,1,2,0,0,0,0,0,0,0,0,0,0,0,0,0,0,0,0,0,0,0,0,0,0,0,0,0,0,0,0,0,0,0,0,0,0,0,0,0,0,0,0,0,0,0,0,0,0,0,0,0,0,0,0,0,0,0,0,0,0,0,0,0,0,0,0,0,0,0,0,0,0,0,0,0,0,0,0,0,0,0,0,0,0,0,0,0,0,0,0,0,0,0,0,0,0,0,0,0,0,0
0,0,0,0,0,0,0,0,0,0,0,0,0,0,0,0,0,0,0,0,0,0,1,0,0,0,0,1,0,1,1,1,1,0,1,0,0,2,0,4,0,0,1,1,1,2,0,0,1,0,2,1,0,2,3,2,1,0,1,1,2,0,5,2,1,0,0,2,1,1,0,1,1,0,2,1,0,1,0,2,0,1,2,2,1,0,0,0,1,0,0,0,3,0,0,0,0,1,0,0,0,1,1,0,0,0,0,0,0,0,0,0,0,0,0,0,0,0,0,0,0,0,0,0,0,0,0,0,0,0,0,0,0,0,0,0,0,0,0,0,0,0,0,0,0,0,0,0,0,0,0,0,0,0,0,0,0,0,0,0,0,0,0,0,0,0,0,0,0,0,0,0,0,0,0,0,0,0,0,0,0,0,0,0,0,0,0,0,0,0,0,0,0,0,0,0,0,0,0,0
0,0,0,0,0,0,0,0,0,0,0,0,0,0,1,0,0,0,0,0,0,0,0,0,0,0,1,0,1,2,0,0,1,1,0,0,0,0,0,0,0,1,0,1,1,0,0,2,1,0,1,2,3,3,5,3,1,0,1,0,0,2,0,0,2,0,2,0,1,1,1,0,1,0,0,0,2,2,0,1,3,1,0,3,0,1,0,0,0,1,2,1,0,2,1,0,1,0,0,0,1,0,1,0,0,0,0,0,0,0,1,0,0,0,0,0,0,0,0,0,0,0,0,0,0,0,0,0,0,0,0,0,0,0,0,0,0,0,0,0,0,0,0,0,0,0,0,0,0,0,0,0,0,0,0,0,0,0,0,0,0,0,0,0,0,0,0,0,0,0,0,0,0,0,0,0,0,0,0,0,0,0,0,0,0,0,0,0,0,0,0,0,0,0,0,0,0,0,0,0
0,0,0,0,0,0,0,0,0,0,0,0,0,0,0,0,0,0,0,0,0,0,0,0,0,0,0,0,0,0,0,0,0,1,0,2,3,0,1,0,1,0,0,0,0,0,0,0,1,3,3,1,3,2,1,0,3,2,2,5,1,2,0,1,2,1,2,1,2,1,2,0,1,1,1,0,1,0,0,2,1,1,1,0,0,0,0,0,0,1,0,0,1,0,0,1,0,0,0,0,0,0,0,0,0,0,0,0,0,0,0,0,1,0,0,0,0,0,0,0,0,0,0,0,0,0,0,0,0,0,0,0,0,0,0,0,0,0,0,0,0,0,0,0,0,0,0,0,0,0,0,0,0,0,0,0,0,0,0,0,0,0,0,0,0,0,0,0,0,0,0,0,0,0,0,0,0,0,0,0,0,0,0,0,0,0,0,0,0,0,0,0,0,0,0,0,0,0,0,0
0,0,0,0,0,0,0,0,0,0,0,0,0,0,0,0,0,0,0,0,0,0,1,0,0,0,2,0,0,2,1,0,0,0,1,1,0,0,1,0,1,0,2,2,2,3,2,1,2,0,2,1,0,1,0,0,1,1,2,0,1,0,2,0,0,1,1,0,3,1,1,2,1,0,0,1,0,0,0,1,1,1,1,0,0,0,0,0,1,1,1,0,0,0,0,0,0,0,1,0,0,0,0,1,0,0,0,0,0,0,0,0,0,0,0,0,0,0,0,0,0,0,0,0,0,0,0,0,0,0,0,0,0,0,0,0,0,0,0,0,0,0,0,0,0,0,0,0,0,0,0,0,0,0,0,0,0,0,0,0,0,0,0,0,0,0,0,0,0,0,0,0,0,0,0,0,0,0,0,0,0,0,0,0,0,0,0,0,0,0,0,0,0,0,0,0,0,0,0,0
0,0,0,0,0,0,0,0,0,0,0,0,0,0,0,0,0,0,0,0,0,0,0,0,0,0,0,0,0,0,0,0,0,0,1,1,0,4,0,1,0,1,1,1,0,1,0,2,2,1,0,2,0,1,5,1,1,0,1,3,2,1,0,1,1,0,0,1,0,2,2,0,2,0,1,0,4,0,0,1,3,0,1,1,1,1,0,1,0,0,0,0,0,0,0,0,0,0,0,0,0,0,0,0,0,0,0,0,0,0,0,0,0,0,0,0,0,0,0,0,0,0,0,0,0,0,0,0,0,0,0,0,0,0,0,0,0,0,0,0,0,0,0,0,0,0,0,0,0,0,0,0,0,0,0,0,0,0,0,0,0,0,0,0,0,0,0,0,0,0,0,0,0,0,0,0,0,0,0,0,0,0,0,0,0,0,0,0,0,0,0,0,0,0,0,0,0,0,0,0
0,0,0,1,0,0,0,0,0,0,0,0,0,0,0,0,0,1,0,1,0,0,0,0,0,0,0,1,1,1,1,0,0,2,1,0,1,1,0,1,2,0,0,0,0,1,0,0,0,2,1,1,1,0,0,1,0,1,0,0,3,1,0,2,0,1,0,0,1,0,0,0,1,1,1,0,0,1,0,0,1,0,1,0,0,0,0,0,0,0,0,0,0,0,0,1,0,0,0,0,0,0,0,0,0,0,1,1,1,0,0,0,0,0,1,0,0,0,0,0,0,0,0,0,0,0,0,0,0,0,0,0,0,0,0,0,0,0,0,0,0,0,0,0,0,0,0,0,0,0,0,0,0,0,0,0,0,0,0,0,0,0,0,0,0,0,0,0,0,0,0,0,0,0,0,0,0,0,0,0,0,0,0,0,0,0,0,0,0,0,0,0,0,0,0,0,0,0,0,0
0,0,0,0,0,0,0,0,0,0,0,0,0,0,0,0,0,0,0,0,0,0,0,0,0,0,0,0,1,1,0,0,0,2,3,0,0,1,2,1,0,1,2,1,0,1,0,1,0,1,3,0,1,2,0,1,1,0,0,2,3,0,2,0,1,0,1,0,0,1,2,3,1,0,1,0,0,0,2,0,0,0,1,0,1,0,0,0,1,1,0,0,0,1,0,0,1,0,0,1,0,0,0,0,0,0,0,0,1,0,0,0,0,0,0,0,0,0,0,0,0,0,0,0,0,0,0,0,0,0,0,0,0,0,0,0,0,0,0,0,0,0,0,0,0,0,0,0,0,0,0,0,0,0,0,0,0,0,0,0,0,0,0,0,0,0,0,0,0,0,0,0,0,0,0,0,0,0,0,0,0,0,0,0,0,0,0,0,0,0,0,0,0,0,0,0,0,0,0,0
0,0,0,0,0,0,0,0,0,0,0,0,0,0,0,0,0,0,0,0,0,0,0,0,0,0,0,0,0,0,0,0,1,1,2,0,0,1,1,0,0,0,0,0,0,1,0,2,2,3,0,1,1,2,1,0,2,0,1,0,1,1,1,0,1,3,1,2,0,1,0,1,1,1,0,0,0,0,0,2,0,0,1,1,2,0,0,2,1,0,0,0,0,0,1,0,0,0,0,0,0,0,0,0,0,0,0,0,0,0,0,0,0,0,0,0,0,0,0,1,0,0,0,0,0,0,0,0,0,0,0,0,0,0,0,0,0,0,0,0,0,0,0,0,0,0,0,0,0,0,0,0,0,0,0,0,0,0,0,0,0,0,0,0,0,0,0,0,0,0,0,0,0,0,0,0,0,0,0,0,0,0,0,0,0,0,0,0,0,0,0,0,0,0,0,0,0,0,0,0
0,0,0,0,0,0,0,0,0,0,0,0,0,0,0,0,0,1,0,0,0,0,0,0,0,1,0,0,0,0,1,0,0,1,0,0,1,1,1,1,0,0,0,1,3,2,1,0,0,1,1,1,1,0,2,0,0,0,4,2,0,1,1,0,0,0,2,0,2,0,1,1,0,1,1,0,0,0,1,1,0,0,0,0,1,0,0,0,1,0,2,0,0,0,0,0,0,0,1,0,0,0,0,0,0,0,0,0,0,0,0,0,0,0,0,0,0,0,0,0,0,0,0,0,0,0,0,0,0,0,0,0,0,0,0,0,0,0,0,0,0,0,0,0,0,0,0,0,0,0,0,0,0,0,0,0,0,0,0,0,0,0,0,0,0,0,0,0,0,0,0,0,0,0,0,0,0,0,0,0,0,0,0,0,0,0,0,0,0,0,0,0,0,0,0,0,0,0,0,0
0,0,0,0,0,0,0,0,0,0,0,0,0,0,0,0,0,0,0,0,0,0,1,0,0,0,0,0,0,1,1,0,0,0,0,0,3,0,1,1,0,0,0,3,0,0,1,1,0,0,0,3,1,2,0,0,2,0,2,1,0,2,0,1,1,0,1,1,0,4,2,0,0,1,0,1,0,0,0,1,0,0,0,1,0,1,0,0,0,0,0,0,0,2,1,0,0,0,0,0,0,0,0,1,0,0,0,0,0,0,0,0,0,0,0,0,0,0,0,0,0,0,0,0,0,0,0,0,0,0,0,0,0,0,0,0,0,0,0,0,0,0,0,0,0,0,0,0,0,0,0,0,0,0,0,0,0,0,0,0,0,0,0,0,0,0,0,0,0,0,0,0,0,0,0,0,0,0,0,0,0,0,0,0,0,0,0,0,0,0,0,0,0,0,0,0,0,0,0,0
0,0,0,0,0,0,0,0,0,0,0,0,0,0,0,0,0,0,0,0,0,0,0,0,0,0,1,0,0,0,0,0,0,0,1,0,0,0,1,1,1,1,1,0,1,2,2,0,0,3,4,1,1,2,1,0,1,4,0,1,3,1,0,0,0,1,1,0,0,0,0,2,1,2,1,1,0,0,0,0,0,1,0,0,1,0,1,1,1,1,0,0,1,0,0,0,0,0,0,0,0,0,0,0,0,0,0,0,0,0,0,0,0,0,0,0,0,0,0,0,0,0,0,0,0,0,0,0,0,0,0,0,0,0,0,0,0,0,0,0,0,0,0,0,0,0,0,0,0,0,0,0,0,0,0,0,0,0,0,0,0,0,0,0,0,0,0,0,0,0,0,0,0,0,0,0,0,0,0,0,0,0,0,0,0,0,0,0,0,0,0,0,0,0,0,0,0,0,0,0
0,0,0,0,0,0,0,0,0,0,0,0,1,0,0,0,0,0,0,0,0,0,1,0,0,0,0,0,1,0,0,0,0,1,0,1,1,0,0,0,0,0,3,0,3,0,0,2,2,1,2,0,1,0,2,1,3,0,2,0,1,0,0,1,0,0,1,0,2,1,0,0,0,1,1,2,0,0,0,1,2,0,0,1,0,0,0,0,0,0,0,0,0,0,0,0,2,0,0,0,0,0,0,0,0,0,0,0,0,0,0,0,0,0,0,0,0,0,0,0,0,0,0,0,0,0,0,0,0,0,0,0,0,0,0,0,0,0,0,0,0,0,0,0,0,0,0,0,0,0,0,0,0,0,0,0,0,0,0,0,0,0,0,0,0,0,0,0,0,0,0,0,0,0,0,0,0,0,0,0,0,0,0,0,0,0,0,0,0,0,0,0,0,0,0,0,0,0,0,0
0,0,0,0,0,0,0,0,0,0,0,0,0,0,0,0,0,0,0,0,0,0,0,0,0,1,0,0,1,0,0,0,0,0,0,0,2,3,0,1,1,1,0,0,1,0,0,0,0,1,1,2,2,0,3,1,3,1,1,1,5,0,1,2,1,2,3,2,0,0,1,3,1,0,0,0,0,0,2,1,1,0,0,1,1,0,1,0,0,0,0,1,0,0,0,0,0,0,0,0,0,0,0,0,0,0,0,0,0,0,0,0,0,0,0,1,0,0,0,0,0,0,0,0,0,0,0,0,0,0,0,0,0,0,0,0,0,0,0,0,0,0,0,0,0,0,0,0,0,0,0,0,0,0,0,0,0,0,0,0,0,0,0,0,0,0,0,0,0,0,0,0,0,0,0,0,0,0,0,0,0,0,0,0,0,0,0,0,0,0,0,0,0,0,0,0,0,0,0,0
0,0,0,0,0,0,0,0,0,0,0,0,0,0,0,0,0,0,0,0,0,0,0,0,1,0,0,0,2,1,0,0,0,1,1,0,0,2,0,1,0,1,0,1,1,1,1,0,1,1,1,1,0,1,1,0,0,1,1,0,0,1,0,1,2,1,1,1,1,0,0,1,1,1,0,0,0,0,0,0,1,0,0,0,1,0,0,0,1,1,0,0,0,1,0,0,0,0,0,0,0,0,0,0,0,1,1,0,0,0,0,0,0,0,0,0,0,0,0,0,0,0,0,0,0,0,0,0,0,0,0,0,0,0,0,0,0,0,0,0,0,0,0,0,0,0,0,0,0,0,0,0,0,0,0,0,0,0,0,0,0,0,0,0,0,0,0,0,0,0,0,0,0,0,0,0,0,0,0,0,0,0,0,0,0,0,0,0,0,0,0,0,0,0,0,0,0,0,0,0
0,0,0,0,0,0,0,0,0,0,0,0,0,0,0,0,0,0,0,0,0,0,0,0,0,0,0,0,0,2,1,0,0,0,2,1,0,1,0,1,1,0,2,1,0,1,1,1,1,1,0,0,2,2,1,1,1,2,2,1,1,1,0,0,0,1,2,1,0,0,2,0,0,0,0,1,0,2,2,2,1,1,0,0,0,0,1,0,0,1,0,0,0,0,1,0,0,0,0,0,1,0,0,0,0,0,0,0,0,0,0,0,0,0,0,0,0,0,0,0,0,0,0,0,0,0,0,0,0,0,0,0,0,0,0,0,0,0,0,0,0,0,0,0,0,0,0,0,0,0,0,0,0,0,0,0,0,0,0,0,0,0,0,0,0,0,0,0,0,0,0,0,0,0,0,0,0,0,0,0,0,0,0,0,0,0,0,0,0,0,0,0,0,0,0,0,0,0,0,0
0,0,0,0,0,0,0,0,0,0,0,0,0,0,0,0,0,0,0,1,0,0,1,0,0,0,0,0,0,0,0,1,0,0,0,0,0,1,1,0,0,1,0,1,1,1,2,1,1,2,2,1,1,2,0,1,0,1,1,1,1,1,1,1,0,0,0,1,1,1,0,0,4,1,1,0,1,1,1,0,2,0,1,0,0,0,2,0,0,0,0,0,0,0,0,0,0,0,0,0,0,1,0,0,0,0,0,0,0,0,0,0,0,0,0,0,0,0,0,0,0,0,0,0,0,0,1,0,0,0,0,0,0,0,0,0,0,0,0,0,0,0,0,0,0,0,0,0,0,0,0,0,0,0,0,0,0,0,0,0,0,0,0,0,0,0,0,0,0,0,0,0,0,0,0,0,0,0,0,0,0,0,0,0,0,0,0,0,0,0,0,0,0,0,0,0,0,0,0,0
0,0,0,0,0,0,0,0,0,0,0,0,0,0,0,0,0,0,0,0,0,0,0,0,0,0,0,0,1,0,0,0,0,2,1,0,1,2,0,0,0,0,1,1,0,1,0,0,1,1,0,0,0,0,2,0,1,2,0,1,2,0,0,1,1,1,0,1,0,0,0,1,0,1,0,1,0,0,1,0,0,1,2,0,0,0,0,0,0,0,0,0,0,0,0,0,1,1,0,0,0,1,0,0,0,0,0,0,0,0,0,0,0,0,0,0,0,0,0,0,0,0,0,0,0,0,0,0,0,0,0,0,0,0,0,0,0,0,0,0,0,0,0,0,0,0,0,0,0,0,0,0,0,0,0,0,0,0,0,0,0,0,0,0,0,0,0,0,0,0,0,0,0,0,0,0,0,0,0,0,0,0,0,0,0,0,0,0,0,0,0,0,0,0,0,0,0,0,0,0
0,0,0,0,0,0,0,0,0,0,0,0,0,1,0,0,0,0,0,0,0,0,1,0,0,1,3,0,0,0,1,1,0,1,0,0,1,1,0,1,0,0,2,1,0,1,1,1,1,0,0,1,1,2,0,1,1,1,0,1,0,0,3,1,0,1,1,0,1,0,2,0,1,0,1,1,0,0,0,0,0,1,1,1,0,0,0,0,0,0,0,0,0,0,1,0,0,0,0,0,0,0,0,0,0,0,1,0,0,0,0,0,0,0,0,0,0,0,0,0,0,0,0,0,0,0,0,0,0,0,0,0,0,0,0,0,0,0,0,0,0,0,0,0,0,0,0,0,0,0,0,0,0,0,0,0,0,0,0,0,0,0,0,0,0,0,0,0,0,0,0,0,0,0,0,0,0,0,0,0,0,0,0,0,0,0,0,0,0,0,0,0,0,0,0,0,0,0,0,0
0,0,0,0,0,0,0,0,0,0,0,0,0,0,0,0,0,0,0,0,0,0,0,0,0,0,0,0,0,2,1,0,0,0,1,0,0,0,0,1,1,3,1,1,0,1,2,1,0,0,0,0,0,0,1,1,0,4,0,2,0,0,1,0,0,0,0,0,0,0,0,1,0,1,1,0,0,0,1,1,0,1,0,0,1,1,1,0,0,0,0,0,0,0,0,0,0,0,0,0,0,0,0,0,0,0,1,0,0,0,0,0,0,0,0,0,0,0,0,0,0,0,0,0,0,0,0,0,0,0,0,0,0,0,0,0,0,0,0,0,0,0,0,0,0,0,0,0,0,0,0,0,0,0,0,0,0,0,0,0,0,0,0,0,0,0,0,0,0,0,0,0,0,0,0,0,0,0,0,0,0,0,0,0,0,0,0,0,0,0,0,0,0,0,0,0,0,0,0,0
0,0,0,0,0,0,0,0,0,0,0,0,0,0,0,0,0,0,0,0,0,0,0,0,0,0,1,0,0,0,0,0,2,0,1,1,2,0,0,0,0,0,1,1,0,0,0,0,0,0,3,1,1,0,2,0,2,0,2,2,1,0,0,1,0,0,2,0,0,0,0,0,0,0,0,0,0,0,0,1,1,0,0,0,0,0,1,0,0,0,0,0,0,0,0,0,0,0,0,0,0,1,0,0,0,0,0,0,0,0,0,0,0,0,0,0,0,0,0,0,0,0,0,0,0,0,0,0,0,0,0,0,0,0,0,0,0,0,0,0,0,0,0,0,0,0,0,0,0,0,0,0,0,0,0,0,0,0,0,0,0,0,0,0,0,0,0,0,0,0,0,0,0,0,0,0,0,0,0,0,0,0,0,0,0,0,0,0,0,0,0,0,0,0,0,0,0,0,0,0
0,0,0,0,0,0,0,0,0,0,0,0,0,0,0,0,0,1,0,0,0,0,0,0,1,0,1,0,0,0,0,2,1,1,0,1,2,1,0,2,3,0,0,0,0,2,0,1,0,0,1,1,1,1,0,0,0,1,1,3,1,1,2,0,1,0,0,0,0,1,0,0,0,0,2,0,0,0,1,0,0,0,0,0,0,0,0,0,0,1,0,0,0,0,1,0,0,0,0,0,0,0,0,0,0,0,0,0,0,0,0,0,0,0,0,0,0,0,0,0,0,0,0,0,0,0,0,0,0,0,0,0,0,0,0,0,0,0,0,0,0,0,0,0,0,0,0,0,0,0,0,0,0,0,0,0,0,0,0,0,0,0,0,0,0,0,0,0,0,0,0,0,0,0,0,0,0,0,0,0,0,0,0,0,0,0,0,0,0,0,0,0,0,0,0,0,0,0,0,0
0,0,0,0,0,0,0,0,0,1,0,0,0,0,0,0,0,0,0,0,0,0,0,0,0,1,1,0,0,0,0,0,0,2,0,0,0,0,1,0,1,1,0,0,1,1,0,0,0,0,0,0,0,0,2,2,0,3,2,1,1,0,0,3,0,0,2,0,1,0,1,0,1,1,0,0,0,0,1,0,0,0,0,0,2,0,0,0,1,2,1,0,0,0,0,0,0,1,0,0,0,0,0,0,0,0,0,0,0,0,1,0,0,0,0,0,0,0,0,0,0,0,0,0,0,0,0,0,0,0,0,0,0,0,0,0,0,0,0,0,0,0,0,0,0,0,0,0,0,0,0,0,0,0,0,0,0,0,0,0,0,0,0,0,0,0,0,0,0,0,0,0,0,0,0,0,0,0,0,0,0,0,0,0,0,0,0,0,0,0,0,0,0,0,0,0,0,0,0,0
0,0,0,0,0,0,0,0,0,0,0,0,0,0,0,0,0,0,0,1,0,0,0,0,0,0,0,0,0,0,0,1,0,0,0,0,1,0,0,0,1,0,0,0,1,1,1,1,3,2,0,1,0,1,1,1,2,2,1,1,0,0,1,1,2,1,0,0,0,0,1,0,0,0,0,0,0,1,0,0,0,0,0,0,0,0,0,1,0,0,0,0,0,2,0,0,0,0,0,0,0,0,0,0,0,0,0,0,0,0,0,0,0,0,0,0,0,0,0,0,0,0,0,0,0,0,0,0,0,0,0,0,0,0,0,0,0,0,0,0,0,0,0,0,0,0,0,0,0,0,0,0,0,0,0,0,0,0,0,0,0,0,0,0,0,0,0,0,0,0,0,0,0,0,0,0,0,0,0,0,0,0,0,0,0,0,0,0,0,0,0,0,0,0,0,0,0,0,0,0
0,0,0,0,0,0,0,0,0,1,0,0,0,0,0,0,0,0,0,0,0,0,0,0,0,1,1,0,1,0,0,1,1,0,0,0,1,0,1,1,0,1,3,1,0,0,0,1,0,1,2,0,0,1,0,1,0,0,1,0,1,1,0,0,0,0,0,2,0,1,0,3,0,2,0,0,0,0,0,0,0,0,0,0,0,0,0,0,0,0,0,0,0,0,0,0,0,0,0,0,0,0,0,0,0,0,0,0,0,0,0,0,0,0,0,0,0,0,0,0,0,0,0,0,0,0,0,0,0,0,0,0,0,0,0,0,0,0,0,0,0,0,0,0,0,0,0,0,0,0,0,0,0,0,0,0,0,0,0,0,0,0,0,0,0,0,0,0,0,0,0,0,0,0,0,0,0,0,0,0,0,0,0,0,0,0,0,0,0,0,0,0,0,0,0,0,0,0,0,0
0,0,0,0,0,0,0,0,0,0,0,0,0,0,0,0,0,0,1,0,0,0,0,0,0,0,0,0,1,1,0,1,0,0,0,0,0,1,0,1,1,0,1,1,1,0,0,1,0,0,1,0,3,1,0,2,1,1,0,3,1,0,1,2,0,0,1,1,0,0,1,0,0,0,0,0,0,0,1,1,2,0,1,1,0,0,0,1,0,1,1,0,0,1,0,0,0,0,0,0,0,0,0,0,0,0,0,0,0,0,0,0,0,0,0,0,0,0,0,0,0,0,0,0,0,0,0,0,0,0,0,0,0,0,0,0,0,0,0,0,0,0,0,0,0,0,0,0,0,0,0,0,0,0,0,0,0,0,0,0,0,0,0,0,0,0,0,0,0,0,0,0,0,0,0,0,0,0,0,0,0,0,0,0,0,0,0,0,0,0,0,0,0,0,0,0,0,0,0,0
0,0,0,0,0,0,0,0,0,0,0,0,0,0,0,0,0,0,0,0,1,0,0,0,0,0,0,0,0,0,0,0,0,1,1,0,0,0,0,0,1,0,2,1,1,0,0,0,0,0,0,0,0,0,1,0,0,0,0,1,0,0,1,0,0,0,0,1,0,1,1,0,0,1,0,0,1,0,1,1,2,2,0,0,1,0,0,0,1,0,1,0,0,0,0,0,0,0,0,0,1,0,0,0,0,0,0,0,0,0,0,0,0,1,0,0,0,0,0,0,0,0,0,0,0,0,0,0,0,0,0,0,0,0,0,0,0,0,0,0,0,0,0,0,0,0,0,0,0,0,0,0,0,0,0,0,0,0,0,0,0,0,0,0,0,0,0,0,0,0,0,0,0,0,0,0,0,0,0,0,0,0,0,0,0,0,0,0,0,0,0,0,0,0,0,0,0,0,0,0
0,0,0,0,0,0,0,0,0,0,0,0,0,0,0,0,0,0,0,0,0,0,0,0,1,0,0,0,1,1,0,1,0,0,0,1,2,0,1,0,0,0,0,1,0,0,0,0,0,0,1,3,3,0,2,2,0,1,0,0,1,0,1,0,1,1,2,0,0,0,0,0,1,0,0,0,2,1,0,0,0,1,0,0,1,0,0,0,0,1,0,0,0,0,0,0,0,0,1,0,0,0,0,0,0,0,0,0,0,0,0,0,0,0,0,0,0,0,0,0,0,0,0,0,0,0,0,0,0,0,0,0,0,0,0,0,0,0,0,0,0,0,0,0,0,0,0,0,0,0,0,0,0,0,0,0,0,0,0,0,0,0,0,0,0,0,0,0,0,0,0,0,0,0,0,0,0,0,0,0,0,0,0,0,0,0,0,0,0,0,0,0,0,0,0,0,0,0,0,0
0,0,0,0,0,0,0,0,0,0,0,0,0,1,0,0,0,0,0,0,0,0,0,0,0,0,0,0,0,1,0,0,0,0,0,0,1,0,0,0,0,0,0,0,2,0,0,0,1,1,0,0,0,0,0,1,0,0,0,0,0,0,0,0,1,1,1,0,0,0,1,0,0,0,0,1,1,0,0,1,0,0,0,0,0,0,0,0,0,1,0,0,0,1,0,0,0,0,0,0,0,0,0,0,0,0,0,0,0,0,0,0,0,0,0,0,0,0,0,0,0,0,0,0,0,0,0,0,0,0,0,0,0,0,0,0,0,0,0,0,0,0,0,0,0,0,0,0,0,0,0,0,0,0,0,0,0,0,0,0,0,0,0,0,0,0,0,0,0,0,0,0,0,0,0,0,0,0,0,0,0,0,0,0,0,0,0,0,0,0,0,0,0,0,0,0,0,0,0,0
0,0,0,0,0,0,0,0,0,0,0,0,0,0,0,0,0,0,0,0,0,0,0,1,0,0,0,0,0,0,0,1,0,0,1,0,0,0,0,0,0,0,0,1,0,0,2,0,0,1,1,0,0,1,1,0,0,1,0,0,0,0,0,0,1,0,0,1,0,0,1,0,0,0,1,0,0,2,0,0,0,0,1,0,0,1,0,0,0,0,0,1,0,0,0,0,0,0,0,0,0,0,1,0,0,0,0,0,0,0,0,0,0,0,0,0,0,0,0,0,0,0,0,0,0,0,0,0,0,0,0,0,0,0,0,0,0,1,0,0,0,0,0,0,0,0,0,0,0,0,0,0,0,0,0,0,0,0,0,0,0,0,0,0,0,0,0,0,0,0,0,0,0,0,0,0,0,0,0,0,0,0,0,0,0,0,0,0,0,0,0,0,0,0,0,0,0,0,0,0
0,0,0,0,0,0,0,0,0,0,0,0,0,0,0,0,0,0,0,0,0,0,0,0,0,0,0,0,0,1,0,0,0,1,0,0,1,0,0,1,0,0,0,1,0,1,0,1,3,1,0,1,0,0,0,0,1,0,0,0,1,1,0,0,0,1,0,1,0,0,0,0,1,0,0,0,0,1,1,0,0,0,0,0,0,0,0,0,0,1,0,0,1,0,0,0,1,0,0,0,0,0,0,0,0,0,0,0,0,0,0,0,0,0,0,0,0,0,0,0,0,0,0,0,0,0,0,0,0,0,0,0,0,0,0,0,0,0,0,0,0,0,0,0,0,0,0,0,0,0,0,0,0,0,0,0,0,0,0,0,0,0,0,0,0,0,0,0,0,0,0,0,0,0,0,0,0,0,0,0,0,0,0,0,0,0,0,0,0,0,0,0,0,0,0,0,0,0,0,0
0,0,0,0,0,0,0,0,0,0,0,0,0,0,0,0,0,0,0,0,0,0,0,0,0,0,0,0,0,1,0,0,0,0,0,1,0,0,0,1,2,0,0,0,0,2,0,1,1,0,1,1,1,2,1,1,1,0,0,0,0,0,0,0,0,0,0,0,1,1,0,2,1,0,0,0,0,1,0,0,1,0,0,0,0,0,0,0,1,0,0,0,0,0,0,0,0,0,0,0,0,0,0,0,0,0,0,0,0,0,0,0,0,0,0,0,0,0,0,0,0,0,0,0,0,0,0,0,0,0,0,0,0,0,0,0,0,0,0,0,0,0,0,0,0,0,0,0,0,0,0,0,0,0,0,0,0,0,0,0,0,0,0,0,0,0,0,0,0,0,0,0,0,0,0,0,0,0,0,0,0,0,0,0,0,0,0,0,0,0,0,0,0,0,0,0,0,0,0,0
0,0,0,0,0,0,0,0,0,0,0,0,0,0,0,0,0,1,0,0,0,0,0,0,0,0,0,0,0,0,1,0,0,0,2,1,0,0,0,0,0,0,1,0,0,0,1,0,0,1,0,0,0,0,0,0,0,0,0,0,1,1,0,3,0,1,0,2,1,0,0,0,0,1,0,0,1,0,1,0,0,0,0,0,0,2,0,0,0,0,0,0,0,1,0,1,0,0,0,0,0,1,0,0,0,0,0,0,0,0,0,0,0,0,0,0,0,0,0,0,0,0,0,0,0,0,0,0,0,0,0,0,0,0,0,0,0,0,0,0,0,0,0,0,0,0,0,0,0,0,0,0,0,0,0,0,0,0,0,0,0,0,0,0,0,0,0,0,0,0,0,0,0,0,0,0,0,0,0,0,0,0,0,0,0,0,0,0,0,0,0,0,0,0,0,0,0,0,0,0
0,0,0,0,0,0,0,0,0,0,0,0,0,0,0,0,0,0,0,0,0,1,0,0,0,0,0,0,0,0,0,0,2,0,0,1,1,0,0,1,0,0,1,0,1,0,0,0,1,1,0,0,0,0,0,0,0,0,0,0,1,0,1,0,1,0,0,1,2,1,0,1,0,0,0,0,0,0,0,0,1,0,0,0,0,0,0,0,0,0,1,0,1,0,0,0,0,0,0,0,0,0,0,0,0,0,0,0,0,0,0,0,0,0,0,0,0,0,0,0,0,0,0,0,0,0,0,0,0,0,0,0,0,0,0,0,0,0,0,0,0,0,0,0,0,0,0,0,0,0,0,0,0,0,0,0,0,0,0,0,0,0,0,0,0,0,0,0,0,0,0,0,0,0,0,0,0,0,0,0,0,0,0,0,0,0,0,0,0,0,0,0,0,0,0,0,0,0,0,0
0,0,0,0,0,0,0,0,0,0,0,0,0,0,0,0,0,0,0,0,0,0,0,0,0,0,0,0,0,0,0,0,0,0,1,1,0,2,0,1,2,0,0,0,0,0,0,1,0,2,0,2,1,0,0,1,1,1,1,1,2,0,0,0,1,1,0,0,0,1,0,0,0,0,0,0,1,1,1,0,1,0,1,0,0,0,0,0,0,0,0,0,0,0,0,1,0,0,0,0,0,0,0,0,0,0,0,0,0,0,0,0,0,0,0,0,0,0,0,0,0,0,0,0,0,0,0,0,0,0,0,0,0,0,0,0,0,0,0,0,0,0,0,0,0,0,0,0,0,0,0,0,0,0,0,0,0,0,0,0,0,0,0,0,0,0,0,0,0,0,0,0,0,0,0,0,0,0,0,0,0,0,0,0,0,0,0,0,0,0,0,0,0,0,0,0,0,0,0,0
0,0,0,0,0,0,0,0,0,0,0,0,0,0,0,0,0,0,0,0,0,1,0,1,0,0,0,0,1,0,0,1,0,0,2,1,0,0,0,0,0,0,0,0,1,0,0,0,0,0,0,0,0,1,1,0,0,0,0,1,2,0,0,0,1,0,0,0,1,0,1,0,1,1,0,1,0,0,0,0,0,0,0,0,0,1,0,1,0,0,0,0,1,0,0,0,0,0,0,0,0,1,0,0,0,0,0,0,0,0,0,0,0,0,0,0,0,0,0,0,0,0,0,0,0,0,0,0,0,0,0,0,0,0,0,0,0,0,0,0,0,0,0,0,0,0,0,0,0,0,0,0,0,0,0,0,0,0,0,0,0,0,0,0,0,0,0,0,0,0,0,0,0,0,0,0,0,0,0,0,0,0,0,0,0,0,0,0,0,0,0,0,0,0,0,0,0,0,0,0
0,0,0,0,0,0,0,0,0,0,0,0,0,0,0,0,0,0,0,0,0,0,0,0,0,0,0,0,0,0,0,0,0,0,0,0,1,0,1,0,0,0,1,1,0,0,2,0,1,0,1,0,0,2,1,0,1,1,0,0,1,0,2,0,0,0,1,1,0,0,0,0,0,1,0,0,0,2,0,0,0,0,0,0,0,0,2,0,0,0,0,0,0,0,0,0,0,0,0,0,0,0,0,0,0,0,0,0,0,0,0,0,0,0,0,0,0,0,0,0,0,0,0,0,0,0,0,0,0,0,0,0,0,0,0,0,0,0,0,0,0,0,0,0,0,0,0,0,0,0,0,0,0,0,0,0,0,0,0,0,0,0,0,0,0,0,0,0,0,0,0,0,0,0,0,0,0,0,0,0,0,0,0,0,0,0,0,0,0,0,0,0,0,0,0,0,0,0,0,0
0,0,0,0,0,0,0,0,0,0,0,0,0,0,0,0,0,0,0,0,0,0,1,0,1,0,0,0,0,0,1,0,0,0,0,0,0,0,0,0,0,0,0,0,0,0,1,0,1,1,0,1,2,1,0,0,1,0,3,0,1,1,2,0,0,0,0,1,1,0,1,0,0,0,0,0,0,0,0,2,0,0,1,0,0,2,0,0,0,1,0,0,0,0,0,0,0,0,0,0,0,0,0,0,0,0,0,0,0,0,0,0,0,0,0,0,0,0,0,0,0,0,0,0,0,0,0,0,0,0,0,0,0,0,0,0,0,0,0,0,0,0,0,0,0,0,0,0,0,0,0,0,0,0,0,0,0,0,0,0,0,0,0,0,0,0,0,0,0,0,0,0,0,0,0,0,0,0,0,0,0,0,0,0,0,0,0,0,0,0,0,0,0,0,0,0,0,0,0,0
0,0,0,0,0,0,0,0,0,0,0,0,0,0,0,0,0,0,0,0,0,0,0,0,0,0,0,0,1,1,0,0,0,0,0,0,0,0,0,0,0,0,0,0,0,0,0,1,0,0,1,1,0,1,1,1,1,1,0,0,0,0,0,0,0,2,0,0,0,0,1,0,0,0,0,0,1,1,0,0,0,0,0,0,0,0,1,0,0,0,0,0,0,0,0,0,1,0,0,0,0,0,0,0,0,0,0,0,0,0,0,0,0,0,0,0,0,0,0,0,0,0,0,0,0,0,0,0,0,0,0,0,0,0,0,0,0,0,0,0,0,0,0,0,0,0,0,0,0,0,0,0,0,0,0,0,0,0,0,0,0,0,0,0,0,0,0,0,0,0,0,0,0,0,0,0,0,0,0,0,0,0,0,0,0,0,0,0,0,0,0,0,0,0,0,0,0,0,0,0
0,0,0,0,0,0,0,0,0,0,0,0,0,0,0,0,0,0,0,0,0,0,0,0,0,0,0,0,0,0,0,0,0,0,0,0,0,0,0,0,0,1,0,0,0,0,0,0,0,0,0,1,1,0,1,0,1,1,0,0,0,2,1,1,0,1,0,0,0,0,1,0,0,0,0,0,1,0,0,0,0,2,0,1,1,0,0,0,0,0,0,0,0,0,0,0,0,0,0,0,0,0,0,0,0,0,0,0,0,0,0,0,0,0,0,0,0,0,0,0,0,0,0,0,0,0,0,0,0,0,0,0,0,0,0,0,0,0,0,0,0,0,0,0,0,0,0,0,0,0,0,0,0,0,0,0,0,0,0,0,0,0,0,0,0,0,0,0,0,0,0,0,0,0,0,0,0,0,0,0,0,0,0,0,0,0,0,0,0,0,0,0,0,0,0,0,0,0,0,0
0,0,0,0,0,0,0,0,0,0,0,0,0,0,0,0,0,0,0,0,0,0,0,0,0,0,1,0,0,0,0,1,0,0,0,0,0,2,0,0,0,0,0,0,0,0,0,1,1,1,0,0,1,2,1,1,0,0,1,0,0,2,0,0,0,1,0,0,0,0,0,0,0,0,0,1,0,0,0,0,0,1,0,0,0,0,0,0,0,0,0,0,0,0,0,0,0,0,0,1,0,0,0,0,0,0,1,0,0,0,0,0,0,0,0,0,0,0,0,0,0,0,0,0,0,0,0,0,0,0,0,0,0,0,0,0,0,0,0,0,0,0,0,0,0,0,0,0,0,0,0,0,0,0,0,0,0,0,0,0,0,0,0,0,0,0,0,0,0,0,0,0,0,0,0,0,0,0,0,0,0,0,0,0,0,0,0,0,0,0,0,0,0,0,0,0,0,0,0,0
0,0,0,0,0,0,0,0,0,1,0,0,0,0,0,0,0,0,0,0,0,0,0,0,0,0,1,0,0,0,1,0,0,0,0,0,0,0,0,2,0,0,1,1,0,1,0,1,0,0,0,0,0,0,0,0,0,0,0,0,0,0,0,1,0,1,0,2,1,0,0,0,0,0,0,1,1,0,0,1,0,0,0,0,0,0,0,0,0,0,0,0,0,0,0,0,0,0,0,0,0,1,0,0,0,0,0,0,0,0,0,0,0,0,0,0,0,0,0,0,0,0,0,0,0,0,0,0,0,0,0,0,0,0,0,0,0,0,0,0,0,0,0,0,0,0,0,0,0,0,0,0,0,0,0,0,0,0,0,0,0,0,0,0,0,0,0,0,0,0,0,0,0,0,0,0,0,0,0,0,0,0,0,0,0,0,0,0,0,0,0,0,0,0,0,0,0,0,0,0
0,0,0,0,0,0,0,0,0,0,0,0,0,0,0,0,0,0,0,0,0,0,0,0,0,1,0,0,0,0,0,0,2,0,0,0,1,0,0,0,1,1,0,0,0,0,0,0,1,0,0,0,1,0,0,1,1,0,2,0,1,0,0,1,1,0,1,1,0,0,0,1,1,0,0,0,0,0,0,0,0,0,0,0,0,0,0,0,1,0,0,0,0,1,0,0,0,0,0,0,1,0,0,0,0,0,0,0,0,0,0,0,0,0,0,0,0,0,0,0,0,0,0,0,0,0,0,0,0,0,0,0,0,0,0,0,0,0,0,0,0,0,0,0,0,0,0,0,0,0,0,0,0,0,0,0,0,0,0,0,0,0,0,0,0,0,0,0,0,0,0,0,0,0,0,0,0,0,0,0,0,0,0,0,0,0,0,0,0,0,0,0,0,0,0,0,0,0,0,0
0,0,0,0,0,0,0,0,0,0,0,0,0,0,0,0,0,0,0,0,0,0,0,0,0,0,0,0,0,0,0,0,0,0,0,1,0,1,0,0,0,0,0,0,1,0,1,0,0,0,2,1,0,0,0,0,1,0,0,0,0,0,0,1,0,0,0,0,2,0,1,1,0,1,0,0,0,0,2,0,1,0,0,0,0,0,0,0,0,1,0,0,0,0,1,0,1,0,0,0,0,0,0,0,0,0,0,0,0,0,0,0,0,0,0,0,0,0,0,0,0,0,0,0,0,0,0,0,0,0,0,0,0,0,0,0,0,0,0,0,0,0,0,0,0,0,0,0,0,0,0,0,0,0,0,0,0,0,0,0,0,0,0,0,0,0,0,0,0,0,0,0,0,0,0,0,0,0,0,0,0,0,0,0,0,0,0,0,0,0,0,0,0,0,0,0,0,0,0,0
0,0,0,0,0,0,0,0,0,0,0,1,0,0,0,0,0,0,0,0,0,0,0,0,0,0,1,0,0,0,0,1,1,0,0,0,0,0,0,0,0,1,1,1,0,1,0,0,0,0,1,0,1,1,2,0,0,3,0,0,0,0,0,0,0,2,1,1,1,0,0,0,1,0,0,1,2,0,0,1,0,0,0,0,0,1,0,0,0,0,0,0,0,1,0,0,0,0,0,0,0,0,0,0,0,0,0,0,0,0,0,0,0,0,0,0,0,0,0,1,0,0,0,0,0,0,0,0,0,0,0,0,0,0,0,0,0,0,0,0,0,0,0,0,0,0,0,0,0,0,0,0,0,0,0,0,0,0,0,0,0,0,0,0,0,0,0,0,0,0,0,0,0,0,0,0,0,0,0,0,0,0,0,0,0,0,0,0,0,0,0,0,0,0,0,0,0,0,0,0
0,0,0,0,0,0,0,0,0,0,0,0,0,0,0,0,0,0,0,0,0,0,0,0,0,0,0,0,0,0,0,0,0,0,0,0,0,0,0,0,1,0,0,0,0,0,0,0,1,0,1,2,0,0,0,0,1,0,0,1,0,0,0,0,1,0,1,0,0,0,0,0,0,0,0,0,0,0,0,0,0,0,0,0,0,0,1,0,0,0,0,0,0,0,0,0,0,0,0,0,0,0,0,0,0,0,0,0,0,0,0,0,0,0,0,0,0,0,0,0,0,0,0,0,0,0,0,0,0,0,0,0,0,0,0,0,0,0,0,0,0,0,0,0,0,0,0,0,0,0,0,0,0,0,0,0,0,0,0,0,0,0,0,0,0,0,0,0,0,0,0,0,0,0,0,0,0,0,0,0,0,0,0,0,0,0,0,0,0,0,0,0,0,0,0,0,0,0,0,0
0,0,0,0,0,0,0,0,0,0,0,0,0,0,0,0,0,0,0,0,0,0,0,0,0,0,0,0,0,0,0,0,0,0,0,0,0,0,0,1,1,0,0,0,1,0,0,1,0,0,0,0,0,0,1,0,0,1,0,2,0,0,1,0,0,2,2,0,0,0,0,0,0,0,0,0,0,0,1,0,1,0,0,0,0,0,0,0,1,0,0,0,0,0,0,1,0,0,0,0,0,0,1,0,0,0,0,0,0,0,0,0,0,0,0,0,0,0,0,0,0,0,0,0,0,0,0,0,0,0,0,0,0,0,0,0,0,0,0,0,0,0,0,0,0,0,0,0,0,0,0,0,0,0,0,0,0,0,0,0,0,0,0,0,0,0,0,0,0,0,0,0,0,0,0,0,0,0,0,0,0,0,0,0,0,0,0,0,0,0,0,0,0,0,0,0,0,0,0,0
0,0,0,0,0,0,0,0,0,0,0,0,1,0,0,0,0,0,0,0,1,0,0,0,1,0,1,0,1,0,0,0,0,0,1,0,0,0,0,0,0,0,1,0,1,0,0,0,0,1,0,1,0,2,1,0,0,0,0,1,2,0,0,0,0,0,0,0,0,0,1,0,0,0,0,0,0,0,0,1,0,0,1,0,0,0,0,0,0,1,0,0,0,0,0,0,0,0,0,0,0,0,0,0,0,0,0,0,0,0,0,0,0,0,0,0,0,0,0,0,0,0,0,0,0,0,0,0,0,0,0,0,0,0,0,0,0,0,0,0,0,0,0,0,0,0,0,0,0,0,0,0,0,0,0,0,0,0,0,0,0,0,0,0,0,0,0,0,0,0,0,0,0,0,0,0,0,0,0,0,0,0,0,0,0,0,0,0,0,0,0,0,0,0,0,0,0,0,0,0
0,0,0,0,0,0,0,0,0,0,0,0,0,0,0,0,0,0,0,0,0,0,0,0,0,0,0,0,0,0,0,0,0,0,0,0,0,0,0,0,3,1,2,0,0,0,0,1,1,0,0,0,0,0,1,0,0,0,0,0,1,0,0,2,0,0,2,0,0,0,0,1,1,1,0,0,0,0,0,0,0,0,0,0,0,1,0,0,0,0,1,0,0,0,0,0,0,0,0,0,0,0,0,0,0,0,0,0,0,0,0,0,0,0,0,0,0,0,0,0,0,0,0,0,0,0,0,0,0,0,0,0,0,0,0,0,0,0,0,0,0,0,0,0,0,0,0,0,0,0,0,0,0,0,0,0,0,0,0,0,0,0,0,0,0,0,0,0,0,0,0,0,0,0,0,0,0,0,0,0,0,0,0,0,0,0,0,0,0,0,0,0,0,0,0,0,0,0,0,0
0,0,0,0,0,0,0,0,0,0,0,0,0,0,0,0,0,0,0,0,0,0,1,0,0,0,1,0,0,0,0,0,0,0,0,0,0,1,1,1,0,0,0,0,0,0,1,1,0,0,0,1,2,0,2,1,0,0,0,1,0,0,0,0,0,0,0,0,0,0,0,0,0,0,0,0,0,0,0,0,0,0,0,0,0,0,0,0,0,0,0,0,0,0,0,0,0,0,0,0,0,0,0,0,0,0,0,0,0,0,0,0,0,0,0,0,0,0,0,0,0,0,0,0,0,0,0,0,0,0,0,0,0,0,0,0,0,0,0,0,0,0,0,0,0,0,0,0,0,0,0,0,0,0,0,0,0,0,0,0,0,0,0,0,0,0,0,0,0,0,0,0,0,0,0,0,0,0,0,0,0,0,0,0,0,0,0,0,0,0,0,0,0,0,0,0,0,0,0,0
0,0,0,0,0,0,0,0,0,0,0,0,0,0,0,0,0,0,0,0,0,0,0,0,0,0,0,0,0,0,1,0,1,0,0,0,1,0,1,0,0,0,0,1,0,0,0,0,0,1,0,0,1,0,1,0,0,0,0,0,0,0,0,0,0,0,0,0,0,0,0,0,1,0,0,0,0,0,0,0,0,0,0,0,0,0,0,0,0,0,0,0,0,0,0,0,0,0,0,0,0,0,0,0,0,0,0,0,0,0,0,0,0,0,0,0,0,0,0,0,0,0,0,0,0,0,0,0,0,0,0,0,0,0,0,0,0,0,0,0,0,0,0,0,0,0,0,0,0,0,0,0,0,0,0,0,0,0,0,0,0,0,0,0,0,0,0,0,0,0,0,0,0,0,0,0,0,0,0,0,0,0,0,0,0,0,0,0,0,0,0,0,0,0,0,0,0,0,0,0
0,0,0,0,0,0,0,0,0,1,0,0,0,0,0,0,1,0,0,0,0,0,0,0,0,0,0,0,0,0,0,1,0,1,1,1,0,0,0,0,0,0,0,1,0,0,1,0,0,0,1,0,0,0,0,0,0,0,0,0,0,0,1,0,0,1,0,0,0,1,0,0,0,0,1,0,0,0,0,0,0,0,0,0,0,0,0,0,0,0,0,0,0,0,0,0,0,0,0,0,0,0,0,0,0,0,0,0,0,0,0,0,0,0,0,0,0,0,0,0,0,0,0,0,0,0,0,0,0,0,0,0,0,0,0,0,0,0,0,0,0,0,0,0,0,0,0,0,0,0,0,0,0,0,0,0,0,0,0,0,0,0,0,0,0,0,0,0,0,0,0,0,0,0,0,0,0,0,0,0,0,0,0,0,0,0,0,0,0,0,0,0,0,0,0,0,0,0,0,0
0,0,0,0,0,0,0,0,0,0,0,0,0,0,0,0,0,0,0,0,0,0,0,0,0,0,0,0,0,0,0,0,1,0,0,0,1,0,0,0,1,0,0,0,0,0,0,0,1,0,0,0,0,0,1,1,0,1,0,0,0,0,0,0,0,0,0,0,0,0,0,0,0,0,1,1,1,0,0,0,0,0,0,0,0,0,0,0,0,0,0,0,0,0,0,0,0,0,0,0,0,0,0,0,0,0,0,0,0,0,0,0,0,0,0,0,0,0,0,0,0,0,0,0,0,0,0,0,0,0,0,0,0,0,0,0,0,0,0,0,0,0,0,0,0,0,0,0,0,0,0,0,0,0,0,0,0,0,0,0,0,0,0,0,0,0,0,0,0,0,0,0,0,0,0,0,0,0,0,0,0,0,0,0,0,0,0,0,0,0,0,0,0,0,0,0,0,0,0,0
0,0,0,0,0,0,0,0,0,0,0,0,0,0,0,0,0,0,0,0,0,0,0,0,0,0,0,0,0,0,0,1,0,0,0,0,0,0,0,0,0,0,0,1,1,0,1,0,0,0,0,0,0,0,0,0,0,0,0,0,0,0,0,0,0,0,0,0,0,1,0,1,0,0,0,0,1,0,0,0,0,0,0,1,0,0,1,0,0,0,0,0,0,0,0,0,0,1,0,0,0,0,0,0,0,0,0,0,0,0,0,0,0,0,0,0,0,0,0,0,0,0,0,0,0,0,0,0,0,0,0,0,0,0,0,0,0,0,0,0,0,0,0,0,0,0,0,0,0,0,0,0,0,0,0,0,0,0,0,0,0,0,0,0,0,0,0,0,0,0,0,0,0,0,0,0,0,0,0,0,0,0,0,0,0,0,0,0,0,0,0,0,0,0,0,0,0,0,0,0
0,0,0,0,0,0,0,0,0,0,0,0,0,0,0,0,0,0,0,0,1,0,0,0,0,0,0,0,0,0,0,0,0,0,0,0,0,0,0,0,1,0,0,0,0,1,0,0,1,1,0,0,1,0,1,0,2,0,0,1,0,0,0,0,1,0,0,0,0,0,1,1,0,1,0,0,0,0,0,0,0,0,0,0,0,0,0,0,0,0,0,0,0,0,0,0,0,0,0,0,0,0,0,0,0,0,0,0,0,0,0,0,1,0,0,0,1,0,0,0,0,0,0,0,0,0,0,0,0,0,0,0,0,0,0,0,0,0,0,0,0,0,0,0,0,0,0,0,0,0,0,0,0,0,0,0,0,0,0,0,0,0,0,0,0,0,0,0,0,0,0,0,0,0,0,0,0,0,0,0,0,0,0,0,0,0,0,0,0,0,0,0,0,0,0,0,0,0,0,0
0,0,0,0,0,0,0,0,0,0,0,0,0,0,0,0,0,0,0,0,0,0,0,0,0,0,0,0,0,1,1,0,0,0,0,0,0,1,0,0,0,0,0,0,1,0,0,0,2,0,1,0,0,0,0,0,0,0,0,0,0,0,1,0,0,0,0,0,0,1,0,0,1,0,0,0,0,0,0,1,1,0,1,0,1,0,1,0,0,0,0,0,0,0,0,0,0,0,0,0,0,0,0,0,0,0,0,0,0,0,0,0,0,0,0,0,0,0,0,0,0,0,0,0,0,0,0,0,0,0,0,0,0,0,0,0,0,0,0,0,0,0,0,0,0,0,0,0,0,0,0,0,0,0,0,0,0,0,0,0,0,0,0,0,0,0,0,0,0,0,0,0,0,0,0,0,0,0,0,0,0,0,0,0,0,0,0,0,0,0,0,0,0,0,0,0,0,0,0,0
0,0,0,0,0,0,0,0,0,0,0,0,0,0,0,0,0,0,0,0,0,0,0,0,0,1,0,0,0,0,0,0,0,0,0,0,1,0,0,0,0,0,1,1,0,0,0,1,0,0,0,0,2,0,0,0,1,0,0,0,0,1,1,0,0,0,0,0,1,1,0,0,0,0,0,0,0,0,0,1,1,0,0,0,0,0,0,0,0,0,0,0,0,0,1,0,0,0,0,0,0,0,0,0,0,0,0,0,0,0,0,0,0,0,0,0,0,0,0,0,0,0,0,0,0,0,0,0,0,0,0,0,0,0,0,0,0,0,0,0,0,0,0,0,0,0,0,0,0,0,0,0,0,0,0,0,0,0,0,0,0,0,0,0,0,0,0,0,0,0,0,0,0,0,0,0,0,0,0,0,0,0,0,0,0,0,0,0,0,0,0,0,0,0,0,0,0,0,0,0
0,0,0,0,0,0,0,0,0,0,0,0,0,0,0,0,0,0,0,0,0,0,0,0,0,0,0,0,0,0,0,0,0,0,0,0,1,0,1,0,2,0,0,1,0,2,0,0,0,0,0,0,0,0,0,0,0,1,0,1,2,0,0,0,0,1,0,0,1,0,0,0,0,0,0,0,0,1,0,0,0,0,1,0,0,0,0,0,0,0,0,0,0,0,0,0,0,0,0,0,0,0,0,0,0,0,0,0,0,0,0,0,0,0,0,0,0,0,0,0,0,0,0,0,0,0,0,0,0,0,0,0,0,0,0,0,0,0,0,0,0,0,0,0,0,0,0,0,0,0,0,0,0,0,0,0,0,0,0,0,0,0,0,0,0,0,0,0,0,0,0,0,0,0,0,0,0,0,0,0,0,0,0,0,0,0,0,0,0,0,0,0,0,0,0,0,0,0,0,0
0,0,0,0,0,0,0,0,0,0,0,0,0,0,0,0,0,0,0,0,0,0,0,1,0,0,0,0,0,0,0,0,0,0,0,0,0,1,0,0,0,0,0,0,0,0,0,1,0,0,0,0,0,0,0,0,0,0,0,0,0,0,1,0,0,0,0,0,0,0,1,0,0,0,0,0,0,0,0,0,1,2,0,0,0,0,0,0,0,0,0,0,0,1,0,0,0,0,0,0,0,0,0,0,0,0,0,0,0,0,0,0,0,0,0,0,0,0,0,0,0,0,0,0,0,0,0,0,0,0,0,0,0,0,0,0,0,0,0,0,0,0,0,0,0,0,0,0,0,0,0,0,0,0,0,0,0,0,0,0,0,0,0,0,0,0,0,0,0,0,0,0,0,0,0,0,0,0,0,0,0,0,0,0,0,0,0,0,0,0,0,0,0,0,0,0,0,0,0,0
0,0,0,0,0,0,0,0,0,0,0,0,0,0,0,0,0,0,0,0,0,0,0,0,0,0,0,0,0,0,0,0,1,0,0,0,0,0,0,0,0,0,0,0,1,0,0,0,0,0,0,0,0,1,0,0,0,2,0,0,0,0,0,0,0,0,0,0,0,0,0,0,1,0,0,0,0,0,0,0,0,0,0,0,1,0,0,0,0,0,0,0,0,0,0,0,0,0,0,0,0,0,0,0,0,0,0,0,0,0,0,0,0,0,0,0,0,0,0,0,0,0,1,0,0,0,0,0,0,0,0,0,0,0,0,0,0,0,0,0,0,0,0,0,0,0,0,0,0,0,0,0,0,0,0,0,0,0,0,0,0,0,0,0,0,0,0,0,0,0,0,0,0,0,0,0,0,0,0,0,0,0,0,0,0,0,0,0,0,0,0,0,0,0,0,0,0,0,0,0
0,0,0,0,0,0,0,0,0,0,0,0,0,0,0,0,0,0,0,0,0,0,0,0,0,0,0,0,0,0,1,0,0,0,0,0,0,1,1,0,0,0,0,0,1,0,0,0,0,0,1,0,0,0,0,0,0,0,1,0,0,0,1,0,0,1,0,0,0,0,0,1,1,0,0,0,0,0,0,0,1,0,1,1,0,0,1,0,0,0,0,0,0,0,0,0,0,0,0,0,0,0,0,0,0,0,0,0,0,0,0,0,0,0,0,0,0,0,0,0,0,0,0,0,0,0,0,0,0,0,0,0,0,0,0,0,0,0,0,0,0,0,0,0,0,0,0,0,0,0,0,0,0,0,0,0,0,0,0,0,0,0,0,0,0,0,0,0,0,0,0,0,0,0,0,0,0,0,0,0,0,0,0,0,0,0,0,0,0,0,0,0,0,0,0,0,0,0,0,0
0,0,0,0,0,0,0,0,0,0,0,0,0,1,0,0,0,0,0,0,0,0,0,0,0,0,0,0,1,0,0,0,0,0,0,1,0,0,1,1,0,1,1,0,0,0,0,0,0,1,0,0,1,0,0,0,0,0,0,0,0,0,0,0,0,0,1,0,0,0,0,0,0,0,0,0,0,0,0,0,0,1,0,0,0,0,0,0,0,0,0,0,0,0,0,0,0,0,0,1,0,0,0,0,0,0,0,0,0,0,0,0,0,0,0,0,0,0,0,0,0,0,0,0,0,0,0,0,0,0,0,0,0,0,0,0,0,0,0,0,0,0,0,0,0,0,0,0,0,0,0,0,0,0,0,0,0,0,0,0,0,0,0,0,0,0,0,0,0,0,0,0,0,0,0,0,0,0,0,0,0,0,0,0,0,0,0,0,0,0,0,0,0,0,0,0,0,0,0,0
0,0,0,0,0,0,0,0,0,0,0,0,0,0,0,0,0,0,0,0,0,0,0,0,0,0,0,0,0,0,0,0,0,0,0,0,0,0,0,0,1,0,0,0,0,0,0,0,0,0,1,0,1,0,0,0,0,0,0,0,2,0,0,0,0,0,0,1,0,0,0,0,1,0,0,0,0,0,0,0,0,0,0,0,0,0,1,0,0,0,0,0,0,0,0,0,0,0,0,0,0,0,0,0,0,0,0,0,0,0,0,0,0,0,0,0,0,0,0,0,0,0,0,0,0,0,0,0,0,0,0,0,0,0,0,0,0,0,0,0,0,0,0,0,0,0,0,0,0,0,0,0,0,0,0,0,0,0,0,0,0,0,0,0,0,0,0,0,0,0,0,0,0,0,0,0,0,0,0,0,0,0,0,0,0,0,0,0,0,0,0,0,0,0,0,0,0,0,0,0
0,0,0,0,0,0,0,0,0,0,0,0,0,0,0,0,0,0,0,0,0,0,0,0,0,0,0,0,0,0,0,1,0,0,0,0,0,0,0,0,0,0,0,0,0,0,0,0,0,0,0,0,1,2,1,0,0,0,0,0,0,1,0,0,0,0,0,0,0,1,0,0,0,0,0,0,0,0,0,1,0,0,0,0,0,0,0,0,0,0,0,0,0,0,0,0,0,0,0,0,0,0,0,0,0,0,0,0,0,0,0,0,0,0,0,0,0,0,0,0,0,0,0,0,0,0,0,0,0,0,0,0,0,0,0,0,0,0,0,0,0,0,0,0,0,0,0,0,0,0,0,0,0,0,0,0,0,0,0,0,0,0,0,0,0,0,0,0,0,0,0,0,0,0,0,0,0,0,0,0,0,0,0,0,0,0,0,0,0,0,0,0,0,0,0,0,0,0,0,0
0,0,0,0,0,0,0,0,0,0,0,0,0,0,0,0,0,1,0,0,0,0,0,0,0,0,0,0,0,1,0,0,0,0,0,1,0,0,0,0,0,0,0,0,0,0,0,0,0,1,0,0,1,0,1,0,1,0,0,2,0,0,0,0,0,0,0,0,0,0,0,0,0,0,0,0,0,0,0,1,1,0,0,0,0,0,0,0,0,0,0,0,0,0,0,0,0,0,0,0,1,0,0,0,0,0,0,0,0,0,0,0,0,0,0,0,0,0,0,0,0,0,0,0,0,0,0,0,0,0,0,0,0,0,0,0,0,0,0,0,0,0,0,0,0,0,0,0,0,0,0,0,0,0,0,0,0,0,0,0,0,0,0,0,0,0,0,0,0,0,0,0,0,0,0,0,0,0,0,0,0,0,0,0,0,0,0,0,0,0,0,0,0,0,0,0,0,0,0,0
0,0,0,0,0,0,0,0,0,0,0,0,0,0,0,0,0,0,0,0,0,0,0,0,0,0,0,0,0,0,0,0,0,0,0,0,0,0,0,0,0,0,0,0,0,0,0,0,0,0,0,0,0,0,0,0,0,0,0,0,1,1,0,0,0,0,0,0,0,0,0,0,0,0,0,0,0,0,0,0,0,0,0,0,0,0,0,0,0,0,0,0,0,0,0,0,0,0,0,1,0,0,0,0,0,0,0,0,0,0,0,0,0,0,0,0,0,0,0,0,0,0,0,0,0,0,0,0,0,0,0,0,0,0,0,0,0,0,0,0,0,0,0,0,0,0,0,0,0,0,0,0,0,0,0,0,0,0,0,0,0,0,0,0,0,0,0,0,0,0,0,0,0,0,0,0,0,0,0,0,0,0,0,0,0,0,0,0,0,0,0,0,0,0,0,0,0,0,0,0
0,0,0,0,0,0,0,0,0,0,0,0,0,0,0,0,0,0,0,0,0,0,0,0,0,0,0,0,0,0,0,0,0,0,0,0,0,0,0,0,0,0,0,0,0,1,0,0,1,2,1,1,0,0,0,0,1,0,1,0,0,0,0,0,0,0,0,0,0,0,0,0,0,0,0,0,0,0,0,0,0,0,0,0,0,0,0,0,0,0,0,0,0,0,0,0,0,0,0,0,0,0,0,0,0,0,0,0,0,0,0,0,0,0,0,0,0,0,0,0,0,0,0,0,0,0,0,0,0,0,0,0,0,0,0,0,0,0,0,0,0,0,0,0,0,0,0,0,0,0,0,0,0,0,0,0,0,0,0,0,0,0,0,0,0,0,0,0,0,0,0,0,0,0,0,0,0,0,0,0,0,0,0,0,0,0,0,0,0,0,0,0,0,0,0,0,0,0,0,0
0,0,0,0,0,0,0,0,0,0,0,0,0,0,0,0,0,0,0,0,0,0,0,0,0,0,0,0,0,0,0,1,0,1,0,0,0,0,0,0,0,0,0,0,0,0,0,0,0,0,0,0,0,0,1,0,0,0,0,1,0,0,0,1,0,0,0,1,0,1,1,0,0,0,0,0,0,0,0,1,0,0,0,0,0,0,0,0,0,0,0,0,0,0,0,0,0,0,0,0,0,0,0,0,0,0,0,0,0,0,0,0,0,0,0,0,0,0,0,0,0,0,0,0,0,0,0,0,0,0,0,0,0,0,0,0,0,0,0,0,0,0,0,0,0,0,0,0,0,0,0,0,0,0,0,0,0,0,0,0,0,0,0,0,0,0,0,0,0,0,0,0,0,0,0,0,0,0,0,0,0,0,0,0,0,0,0,0,0,0,0,0,0,0,0,0,0,0,0,0
0,0,0,0,0,0,0,0,0,0,0,0,0,0,0,0,0,0,0,0,0,0,0,0,1,0,0,0,0,0,0,0,0,0,0,0,0,0,0,0,0,0,0,1,0,0,0,0,0,0,0,0,0,0,1,2,0,0,0,0,0,0,0,0,0,0,0,0,0,0,1,0,0,0,1,0,0,1,0,0,0,0,0,0,0,0,0,0,0,0,0,0,0,1,0,0,0,0,0,0,0,0,0,0,0,0,0,0,0,0,0,0,0,0,0,0,0,0,0,0,0,0,0,0,0,0,0,0,0,0,0,0,0,0,0,0,0,0,0,0,0,0,0,0,0,0,0,0,0,0,0,0,0,0,0,0,0,0,0,0,0,0,0,0,0,0,0,0,0,0,0,0,0,0,0,0,0,0,0,0,0,0,0,0,0,0,0,0,0,0,0,0,0,0,0,0,0,0,0,0
0,0,0,0,0,0,0,0,0,0,0,0,0,0,0,0,0,0,0,0,0,0,0,0,0,0,0,0,0,0,0,0,0,0,0,0,1,0,0,0,0,0,0,0,0,1,0,0,0,1,0,0,0,1,0,0,0,0,1,0,0,0,0,0,0,0,0,0,0,0,0,0,1,0,0,0,0,0,0,0,0,0,0,0,0,0,0,0,0,0,0,0,0,0,0,0,0,0,0,0,0,0,0,0,0,0,0,0,0,0,0,0,1,0,0,0,0,0,0,0,0,0,0,0,0,0,0,0,0,0,0,0,0,0,0,0,0,0,0,0,0,0,0,0,0,0,0,0,0,0,0,0,0,0,0,0,0,0,0,0,0,0,0,0,0,0,0,0,0,0,0,0,0,0,0,0,0,0,0,0,0,0,0,0,0,0,0,0,0,0,0,0,0,0,0,0,0,0,0,0
