7,0,4,6,11,3,10,8,6,6,9,15,6,10,14,14,16,26,44,64,37,40,62,48,50,67,71,108,94,109,122,101,132,167,169,194,215,182,216,258,291,313,297,343,326,423,380,473,417,469,489,514,600,621,645,744,719,773,790,783,853,879,818,1039,973,1060,997,1071,1079,1134,1161,1150,1083,1184,1270,1238,1336,1167,1247,1264,1263,1283,1332,1273,1397,1406,1251,1319,1243,1235,1317,1276,1233,1174,1234,1201,1152,1158,1090,1030,1045,986,894,958,944,821,842,849,769,737,682,613,537,637,547,553,515,494,436,430,430,365,326,296,306,261,266,239,209,209,182,177,176,143,159,119,129,118,85,76,81,64,71,63,55,63,40,42,33,27,30,14,18,18,21,17,20,9,10,7,4,8,1,8,8,6,2,2,4,8,1,0,0,0,2,1,1,0,4,0,2,0,2,0,0,0,0,0,0,0,0,0,0,0,0,0,0,0,0,0
6,2,3,5,12,8,7,5,5,2,9,14,10,14,21,16,23,37,35,50,50,43,66,44,65,76,69,124,111,102,114,103,148,165,190,153,149,176,226,237,312,311,264,326,352,408,393,421,454,454,522,527,569,645,634,683,690,738,724,841,852,836,905,998,979,1013,1026,1023,1078,1110,1129,1092,1107,1175,1256,1189,1278,1212,1202,1279,1273,1167,1319,1231,1334,1343,1317,1270,1154,1194,1265,1158,1143,1092,1108,1082,1072,1066,1043,1019,965,921,828,822,820,832,792,793,729,660,699,545,524,554,567,560,498,467,407,343,422,330,263,322,312,269,234,245,196,197,168,151,179,130,152,127,113,107,86,89,76,67,63,55,48,63,41,33,24,31,30,9,18,17,17,9,15,9,20,2,1,3,3,4,7,2,2,4,1,5,2,0,0,0,2,0,1,0,2,0,2,0,1,0,0,0,0,0,0,0,0,0,0,0,0,0,0,0,0,0
2,2,2,8,12,4,7,6,3,3,9,16,7,11,19,19,28,37,22,36,38,41,54,62,59,72,74,107,99,113,116,122,148,202,177,195,192,213,246,269,268,338,286,359,349,359,404,473,458,460,498,522,609,660,604,727,723,815,797,826,845,968,861,1017,965,1014,1022,1034,1080,1152,1188,1128,1092,1123,1209,1149,1351,1198,1196,1225,1181,1174,1313,1139,1266,1287,1267,1330,1121,1147,1179,1152,1057,1099,1025,1044,1080,974,931,886,955,816,805,755,845,752,699,738,675,642,614,518,494,507,502,459,433,475,375,379,388,313,318,294,285,254,231,218,211,187,151,149,167,121,105,127,107,110,89,68,62,62,68,65,46,52,31,38,31,29,33,7,18,17,16,19,17,9,9,8,6,5,3,10,10,2,3,9,3,3,1,0,0,0,1,0,0,0,0,0,1,0,0,0,0,0,0,0,0,0,0,0,0,0,0,0,0,0,0,0
5,1,6,13,18,5,7,6,1,7,5,17,10,10,20,18,24,29,37,55,46,36,48,66,61,77,84,97,105,130,133,121,151,178,165,192,209,197,229,243,269,324,319,374,363,384,393,487,458,487,542,559,591,631,640,729,714,772,769,806,871,959,852,985,939,1071,1038,1053,1065,1116,1143,1099,1065,1141,1248,1212,1236,1142,1152,1174,1216,1108,1198,1168,1242,1247,1179,1217,1050,1110,1104,1101,1062,1059,1057,988,1018,913,908,858,857,860,806,777,752,720,705,708,621,612,545,497,524,506,447,467,447,411,348,331,341,332,266,273,261,223,218,205,195,166,150,138,122,104,129,99,107,117,57,61,70,55,50,54,44,41,30,25,23,22,31,17,11,16,12,9,21,13,9,4,4,10,1,7,12,5,1,6,2,3,1,0,0,0,0,1,2,0,0,0,4,0,1,0,0,0,0,0,0,0,0,0,0,0,0,0,0,0,0,0
3,1,3,4,8,4,10,7,3,6,7,20,7,13,18,28,26,40,29,36,56,50,58,52,68,74,92,115,107,111,107,132,143,191,167,183,202,202,248,266,297,323,302,357,336,418,403,474,476,494,543,525,570,643,666,746,694,803,839,745,854,919,832,1054,900,923,973,1023,1080,1091,1111,1111,1076,1112,1112,1181,1180,1044,1221,1201,1183,1132,1196,1140,1172,1134,1132,1129,1045,1020,1057,1121,960,991,924,1015,964,901,881,807,854,754,716,750,716,674,682,641,592,598,533,463,482,469,434,451,389,387,357,307,334,313,233,230,259,198,194,181,178,157,136,124,129,122,109,107,105,106,79,72,60,34,49,44,40,46,34,29,28,26,27,17,17,22,16,11,20,6,5,6,1,4,4,2,9,2,1,0,2,5,2,0,0,0,1,2,1,0,2,0,2,0,0,0,0,0,0,0,0,0,0,0,0,0,0,0,0,0,0,0
2,1,4,10,12,4,8,13,6,2,6,13,9,13,20,24,12,33,39,59,33,39,66,61,65,73,96,102,109,115,128,125,161,172,165,182,208,184,244,244,298,341,278,351,361,431,440,496,453,478,538,566,571,661,665,698,701,800,811,784,834,940,854,1053,928,895,910,1002,1078,1139,1083,1095,1074,1058,1190,1137,1213,1094,1189,1132,1187,1100,1165,1155,1181,1143,1110,1063,994,1006,1100,1017,968,946,959,930,936,927,844,811,794,739,688,709,717,661,606,656,509,547,518,439,441,427,389,384,403,356,316,321,313,256,260,223,243,194,191,192,164,153,122,133,121,112,119,98,82,82,76,78,47,51,52,60,45,54,25,39,13,12,23,14,16,11,19,12,11,9,11,9,0,3,3,5,5,1,2,3,4,5,5,0,0,0,3,3,0,0,2,0,0,0,1,0,0,0,0,0,0,0,0,0,0,0,0,0,0,0,0,0
3,3,4,11,11,8,9,4,6,8,9,13,18,16,23,14,23,33,26,43,45,45,67,47,62,73,74,110,94,118,114,118,167,169,177,154,214,198,245,268,334,341,304,347,383,404,433,494,454,489,477,557,626,674,633,723,679,799,783,769,832,880,850,1006,882,934,995,941,1026,1082,1065,1088,1107,1038,1112,1106,1178,1071,1100,1121,1051,1022,1091,1090,1171,1119,1094,1029,928,931,1031,1037,934,896,892,899,911,815,742,789,762,669,669,679,643,620,566,564,494,482,453,429,384,396,361,376,390,376,283,280,309,275,208,219,200,182,189,185,180,154,108,110,140,101,97,87,77,69,74,57,47,33,47,52,29,33,26,25,30,21,31,8,13,11,10,17,10,4,6,5,1,4,3,5,5,6,1,5,3,2,1,0,0,0,0,2,0,0,2,0,3,0,1,0,0,0,0,0,0,0,0,0,0,0,0,0,0,0,0,0
3,0,2,5,11,1,12,5,1,7,7,22,10,11,21,15,22,30,32,57,39,39,67,56,65,71,66,95,125,126,117,111,189,184,175,184,202,198,231,261,291,316,312,359,373,405,418,468,426,511,577,551,599,647,619,736,676,728,780,720,840,908,832,959,901,970,995,968,992,1037,1102,1015,1049,1023,1115,1063,1151,987,1068,1075,1037,986,1088,1027,1063,1010,1000,1059,863,920,893,934,890,889,852,860,852,823,780,762,726,670,584,611,618,575,593,593,474,490,433,359,388,392,360,388,378,340,290,295,292,266,210,209,195,181,160,143,153,152,113,107,107,94,103,80,69,80,64,58,46,59,42,34,37,39,29,28,17,25,22,9,14,14,14,19,11,6,12,4,7,3,3,6,9,1,1,1,0,3,4,0,0,0,0,1,1,0,1,0,2,0,2,0,0,0,0,0,0,0,0,0,0,0,0,0,0,0,0,0
7,1,1,7,7,6,13,2,2,5,5,15,6,11,22,17,27,42,31,45,58,43,59,49,74,76,69,101,130,116,120,139,169,167,185,210,239,214,229,256,265,288,276,384,355,397,411,476,459,474,509,534,651,616,660,708,744,813,756,765,862,867,808,956,878,934,945,978,967,1013,979,981,1000,1032,1063,1011,1099,1041,1003,1081,1107,950,1074,1019,1071,1037,996,929,832,937,953,924,839,833,802,832,791,773,736,698,712,671,636,583,592,545,511,601,441,458,446,382,377,335,341,372,341,323,305,273,289,243,227,190,215,186,149,141,152,114,95,91,127,85,100,67,82,73,57,58,48,47,45,42,33,42,31,27,22,19,17,4,9,11,11,11,15,5,3,4,3,5,10,6,3,1,1,3,2,4,1,0,0,0,1,0,1,0,2,0,4,0,1,0,0,0,0,0,0,0,0,0,0,0,0,0,0,0,0,0
3,0,5,6,12,4,9,5,3,5,11,18,11,16,15,15,20,31,34,51,43,43,53,65,52,86,71,85,93,112,119,102,164,184,185,184,219,203,225,244,318,340,320,350,329,408,434,441,430,487,533,544,607,664,647,702,689,769,762,775,764,880,767,947,888,911,938,943,938,1031,1004,1014,993,973,1123,1018,1069,1010,1009,1076,976,960,1027,942,1051,1007,956,937,869,873,958,891,817,778,788,786,821,735,661,656,687,656,548,578,563,550,521,487,442,433,399,338,353,344,330,288,302,308,257,249,244,235,179,167,204,172,134,155,138,127,90,89,104,101,81,75,82,60,56,62,54,45,32,46,35,29,32,20,27,15,21,11,11,13,15,6,13,9,11,8,1,1,3,4,4,0,1,1,0,6,1,0,0,0,1,4,1,0,0,0,2,0,0,0,0,0,0,0,0,0,0,0,0,0,0,0,0,0,0,0
7,3,1,7,6,6,9,5,5,8,7,14,6,10,23,14,22,30,31,40,47,46,55,60,55,80,75,104,105,114,123,117,176,172,188,187,232,210,235,272,320,354,298,348,334,426,397,447,449,445,568,510,606,644,648,702,696,760,764,751,786,865,775,953,821,865,923,943,963,961,1004,978,957,980,1121,987,1075,899,990,1003,980,953,976,976,1015,987,868,927,879,850,837,876,737,790,814,803,713,665,640,655,636,568,522,531,536,518,506,504,448,392,372,375,317,325,317,306,318,259,251,248,240,230,192,162,175,145,153,152,156,132,86,106,102,89,67,65,54,79,61,57,41,37,40,36,34,30,30,22,16,23,23,8,12,14,17,9,11,3,7,8,2,5,1,3,2,6,0,2,3,3,0,0,0,0,1,1,1,0,0,0,1,0,1,0,0,0,0,0,0,0,0,0,0,0,0,0,0,0,0,0
6,1,5,2,17,4,9,8,1,6,7,20,8,16,27,24,23,45,35,40,42,43,68,65,70,84,72,108,91,129,128,133,176,188,168,181,236,171,251,279,289,300,328,337,359,382,405,470,392,478,542,537,616,640,623,668,602,772,750,730,805,839,755,963,839,869,888,847,896,972,1046,934,926,943,1017,974,1060,917,1002,971,893,917,1007,867,944,967,827,933,776,817,860,884,833,732,769,723,710,653,685,671,661,598,521,519,498,484,463,495,427,406,399,326,324,315,321,299,290,264,224,215,255,195,154,162,164,159,145,139,133,114,91,87,97,62,84,67,62,54,56,46,37,33,36,21,30,28,18,19,17,20,17,11,14,17,14,10,10,6,9,5,3,2,4,0,8,2,1,1,2,2,1,0,0,0,0,0,1,0,1,0,2,0,1,0,0,0,0,0,0,0,0,0,0,0,0,0,0,0,0,0
7,0,1,6,13,3,12,4,2,3,7,13,11,15,20,23,28,32,26,44,44,51,52,72,64,73,79,104,96,111,113,106,167,197,186,175,233,175,258,253,277,310,281,352,353,397,407,437,424,458,530,492,549,593,603,710,629,720,735,760,796,792,749,953,851,809,879,928,909,915,946,984,936,940,1049,929,1053,916,973,932,936,900,950,884,923,930,884,855,794,782,796,810,798,719,727,764,716,631,591,599,543,516,479,502,508,472,414,488,409,385,348,325,318,371,265,268,267,277,222,235,210,190,187,167,171,150,120,144,126,112,70,86,91,80,69,53,62,46,39,42,38,37,48,33,31,28,16,14,24,15,15,3,15,12,10,8,8,4,6,3,2,2,3,5,5,2,1,5,0,5,0,0,0,0,0,1,2,0,1,0,0,0,0,0,0,0,0,0,0,0,0,0,0,0,0,0,0,0,0,0
3,1,3,8,9,8,9,5,2,4,5,20,14,11,21,21,20,20,41,60,43,50,59,56,53,84,78,99,92,110,119,104,164,197,168,175,221,196,209,260,315,289,296,351,326,416,420,444,424,467,547,539,528,605,604,722,658,744,758,723,748,810,732,895,871,875,885,867,879,951,960,899,861,884,1007,926,1033,903,952,927,888,894,979,839,903,843,827,774,741,726,743,774,727,667,701,692,678,664,555,556,603,521,482,481,455,440,386,468,380,321,330,301,262,282,262,250,279,252,223,182,210,167,151,145,126,129,106,121,122,124,84,67,83,74,84,67,61,65,43,51,40,40,35,33,31,38,16,25,19,16,27,4,7,12,16,8,9,2,8,5,2,0,4,4,8,3,1,3,0,7,1,0,0,0,1,1,0,0,1,0,4,0,1,0,0,0,0,0,0,0,0,0,0,0,0,0,0,0,0,0
2,0,6,5,12,4,6,7,7,2,6,14,13,13,31,15,22,36,32,57,45,42,47,50,50,92,69,125,103,114,113,131,174,190,167,165,221,208,235,226,278,341,298,369,356,382,439,385,410,452,518,512,540,633,602,686,660,690,716,668,800,818,773,920,768,792,786,817,855,923,1005,889,857,917,959,953,1070,872,897,851,938,810,916,824,922,828,794,823,660,720,744,726,719,658,666,707,647,579,529,529,556,494,438,485,458,400,409,395,375,326,318,296,273,301,271,277,212,239,175,200,220,183,139,153,143,137,121,118,131,96,80,72,78,62,64,69,58,59,35,33,30,34,42,25,23,34,20,16,15,15,12,5,7,10,12,7,7,1,10,3,3,0,5,5,4,1,1,1,0,3,1,0,0,0,1,1,0,0,2,0,0,0,1,0,0,0,0,0,0,0,0,0,0,0,0,0,0,0,0,0
2,2,6,6,9,4,11,1,3,1,11,16,6,17,16,14,22,29,32,50,45,44,43,59,68,83,69,98,115,97,125,96,140,178,172,205,226,202,214,227,286,349,314,380,377,372,385,455,388,439,501,535,555,586,589,677,690,717,666,655,753,796,744,869,774,785,825,869,897,894,852,862,867,870,885,851,920,782,860,859,823,781,866,782,804,850,784,771,700,716,777,744,667,634,633,618,644,588,532,544,548,477,456,437,408,444,420,435,359,370,305,258,291,294,276,235,232,219,201,180,210,186,138,130,126,129,89,109,104,107,80,65,82,54,55,65,60,58,37,44,31,28,30,29,21,34,24,14,14,10,17,8,11,6,2,8,5,11,7,5,1,3,3,4,4,0,0,3,2,2,1,0,0,0,0,0,0,0,1,0,0,0,1,0,0,0,0,0,0,0,0,0,0,0,0,0,0,0,0,0
5,0,5,8,7,4,9,5,3,2,5,15,12,17,28,15,16,22,33,40,43,52,52,46,64,69,78,118,111,122,120,109,167,177,176,165,208,193,223,241,281,292,291,354,408,377,359,433,447,461,497,500,519,548,559,632,632,703,677,677,721,732,661,818,782,851,826,797,871,889,852,856,866,837,918,826,965,769,800,855,846,720,825,807,806,819,775,746,664,665,668,632,668,575,598,613,568,564,539,500,491,452,412,450,416,404,437,360,327,353,327,252,268,253,221,249,219,239,176,168,166,151,137,121,118,128,104,126,103,76,78,67,77,68,65,41,52,57,44,45,35,26,26,30,19,17,22,11,15,8,12,8,5,19,9,11,10,5,3,3,4,3,1,7,3,2,0,6,2,3,0,0,0,0,1,0,0,0,0,0,0,0,0,0,0,0,0,0,0,0,0,0,0,0,0,0,0,0,0,0
1,0,4,9,8,5,10,7,6,6,7,14,12,8,26,13,29,38,30,56,51,43,50,56,54,72,61,82,113,118,134,89,148,192,174,167,226,189,221,210,255,325,278,305,310,374,378,438,398,445,532,526,549,553,572,634,610,755,628,670,763,771,716,835,749,814,780,840,751,843,922,838,753,826,891,870,896,794,838,862,762,772,799,773,794,767,727,762,668,720,642,680,647,567,548,577,589,578,498,507,521,419,431,363,394,401,366,395,292,313,298,249,241,262,215,236,203,231,173,200,171,158,141,141,117,126,99,117,102,90,59,67,72,49,67,57,37,51,36,43,27,28,33,24,21,22,14,12,21,15,12,5,12,10,9,12,10,3,5,2,1,1,2,2,1,7,0,3,0,5,4,0,0,0,1,0,1,0,0,0,0,0,0,0,0,0,0,0,0,0,0,0,0,0,0,0,0,0,0,0
1,3,5,7,8,7,8,2,3,7,9,13,11,15,25,13,21,29,41,51,41,57,45,53,58,79,67,102,114,110,99,103,143,181,155,159,211,173,232,257,277,296,280,314,356,383,378,419,396,445,499,463,534,575,561,653,609,649,672,661,686,798,704,793,730,769,767,776,793,787,858,810,787,773,840,814,854,709,767,828,809,753,748,699,801,787,739,699,633,630,578,663,592,575,543,593,549,478,494,522,481,408,422,353,413,364,355,348,293,298,301,258,245,257,210,228,210,203,181,178,192,158,117,120,137,105,104,117,104,82,72,66,80,58,63,48,46,32,37,30,34,23,27,41,18,22,23,9,10,11,19,5,8,9,10,8,11,7,4,2,1,2,6,2,3,1,1,0,3,1,0,0,0,0,0,1,3,0,1,0,1,0,1,0,0,0,0,0,0,0,0,0,0,0,0,0,0,0,0,0
2,3,2,10,8,5,3,5,2,5,2,14,11,16,21,11,24,36,35,54,43,46,57,50,58,68,73,87,101,115,100,104,140,195,175,200,204,188,239,268,282,321,303,314,307,350,402,398,371,414,457,434,529,586,543,661,586,682,598,605,688,750,648,791,700,743,752,816,767,828,809,786,833,810,783,822,818,673,741,766,750,710,777,654,778,707,699,702,583,599,624,620,561,534,584,536,531,527,477,459,481,401,351,389,389,386,334,332,286,277,283,250,223,249,213,213,206,190,178,177,170,144,108,95,95,97,113,86,72,76,59,53,65,71,64,40,50,35,36,32,24,25,22,21,26,29,18,15,10,11,12,8,9,4,7,12,9,1,8,1,4,1,2,3,2,3,0,2,1,2,1,0,0,0,1,1,1,0,0,0,0,0,0,0,0,0,0,0,0,0,0,0,0,0,0,0,0,0,0,0
5,1,7,5,6,2,8,5,1,6,14,11,6,13,23,15,18,28,20,60,42,47,46,45,66,69,68,94,103,102,116,122,165,184,161,161,180,175,202,232,271,287,273,334,309,378,367,404,425,433,444,504,516,537,511,624,593,693,672,623,647,732,690,823,733,746,696,747,763,758,827,787,785,767,862,769,793,719,767,778,748,708,759,715,667,682,636,674,588,601,584,609,540,553,524,523,521,493,422,405,469,424,380,359,346,360,333,332,315,267,282,211,217,259,219,224,179,171,164,156,148,136,125,123,113,112,86,93,93,92,68,45,55,44,61,57,43,48,34,31,36,25,28,26,16,26,15,16,12,6,8,4,6,6,8,2,4,3,4,5,1,4,1,1,7,4,1,0,3,4,3,0,0,0,1,0,0,0,0,0,2,0,1,0,0,0,0,0,0,0,0,0,0,0,0,0,0,0,0,0
3,0,5,4,9,1,9,3,4,2,5,14,12,10,29,15,14,35,27,48,31,48,53,61,60,72,68,112,110,105,100,104,159,169,159,158,195,188,193,244,290,303,268,335,346,351,348,413,393,397,467,491,502,527,493,569,585,650,665,589,653,656,681,766,647,680,751,758,728,792,791,704,733,670,765,750,858,665,626,750,721,661,736,701,729,743,646,624,522,562,561,590,545,526,522,523,514,435,456,439,434,365,362,329,338,324,307,313,292,256,259,196,232,206,203,205,173,168,159,145,129,149,112,106,111,105,98,93,85,81,75,61,63,56,50,41,31,43,40,27,35,35,28,30,18,33,17,13,14,9,11,5,7,8,13,8,5,5,8,5,1,4,6,4,6,3,0,4,0,0,0,0,0,0,0,2,0,0,0,0,0,0,0,0,0,0,0,0,0,0,0,0,0,0,0,0,0,0,0,0
5,1,3,9,5,3,12,3,1,1,7,16,8,10,22,12,27,24,37,51,50,39,51,44,44,82,59,103,104,92,99,143,133,172,159,167,190,185,193,239,242,295,273,339,332,338,350,419,384,355,486,494,526,547,491,601,580,644,617,608,699,713,602,732,652,672,715,720,646,786,758,716,722,700,794,751,819,676,691,752,672,558,675,635,730,671,654,602,553,554,575,574,530,498,473,480,457,432,443,379,392,381,345,365,313,274,264,314,283,248,236,217,188,202,183,189,184,177,165,157,130,131,104,109,104,98,75,89,76,80,50,61,51,48,53,49,46,41,32,27,30,28,22,24,27,24,14,16,12,8,9,4,9,8,13,12,4,3,6,4,1,1,1,3,3,3,0,0,0,2,1,0,0,0,1,1,2,0,0,0,1,0,0,0,0,0,0,0,0,0,0,0,0,0,0,0,0,0,0,0
4,0,7,4,12,5,11,2,3,0,3,17,11,9,24,12,17,28,29,58,30,42,50,55,59,78,84,92,93,108,106,104,131,160,153,168,213,168,208,251,273,284,265,331,331,361,355,386,418,403,439,476,536,530,534,616,554,628,558,629,684,702,640,728,684,713,703,649,716,746,763,747,728,717,769,673,757,666,689,651,670,612,739,679,719,631,607,574,541,519,555,563,479,470,470,515,501,417,399,368,410,370,327,324,335,266,296,277,248,237,210,218,185,213,184,184,162,162,137,134,136,135,97,106,98,81,89,75,68,71,56,48,60,49,41,33,47,41,24,32,29,21,20,20,16,35,20,14,12,15,10,7,7,9,7,5,5,6,4,3,1,2,3,7,4,1,0,3,0,1,1,0,0,0,0,1,1,0,2,0,3,0,0,0,0,0,0,0,0,0,0,0,0,0,0,0,0,0,0,0
7,0,1,6,7,1,13,2,5,10,2,24,7,10,16,10,23,33,24,55,30,51,58,53,57,65,62,105,98,109,116,115,155,170,149,162,229,172,222,234,229,279,226,316,346,352,329,382,366,422,426,430,496,468,527,624,537,621,600,594,585,709,632,746,702,682,695,668,639,702,770,680,703,691,752,716,745,628,657,725,655,578,690,603,610,584,591,584,521,501,507,472,532,416,408,447,440,422,410,401,348,384,329,306,311,283,307,276,254,235,237,182,193,179,175,177,194,177,145,131,120,128,116,91,88,86,76,95,77,55,58,51,61,38,59,37,33,26,29,39,22,22,24,16,21,11,12,10,9,12,11,5,8,10,6,3,4,3,8,4,1,1,1,2,3,2,0,4,0,3,1,0,0,0,1,0,1,0,0,0,1,0,0,0,0,0,0,0,0,0,0,0,0,0,0,0,0,0,0,0
3,1,4,8,8,6,6,11,4,6,4,12,10,11,28,11,24,34,33,39,38,40,49,51,45,58,85,100,99,92,120,105,150,180,151,152,188,174,187,257,263,263,245,310,299,337,343,348,368,415,467,416,450,445,527,561,497,621,586,616,621,645,607,688,578,631,618,653,665,676,695,676,647,624,670,692,712,615,665,616,647,569,619,562,582,579,545,575,482,499,464,521,487,453,453,449,443,388,384,369,417,323,276,313,306,246,286,250,231,239,258,172,184,195,173,169,137,154,144,145,127,121,100,99,99,80,79,75,66,61,50,66,66,41,35,31,31,34,23,24,25,14,16,16,19,19,13,13,12,12,9,0,6,7,9,7,7,4,3,4,3,0,2,3,2,2,3,1,0,2,2,0,0,0,0,2,1,0,1,0,1,0,0,0,0,0,0,0,0,0,0,0,0,0,0,0,0,0,0,0
6,0,1,6,5,3,10,4,5,4,2,9,8,9,16,11,17,29,29,42,31,48,40,51,42,75,82,94,94,109,107,93,144,175,145,150,205,166,198,213,255,276,246,301,303,338,365,323,364,359,403,431,494,465,477,539,504,631,534,582,553,637,558,702,662,634,657,612,669,657,684,609,660,642,702,691,712,616,632,620,609,570,652,518,598,586,510,520,504,423,490,512,419,425,457,446,412,372,412,344,346,309,320,301,285,273,290,268,201,222,195,187,167,159,158,161,151,159,123,104,114,115,91,78,88,96,67,78,70,67,47,50,41,45,34,34,31,38,31,25,27,22,20,11,24,21,13,7,11,11,6,5,5,7,7,4,11,0,3,2,2,0,3,3,2,1,1,0,0,3,0,0,0,0,0,0,0,0,1,0,1,0,1,0,0,0,0,0,0,0,0,0,0,0,0,0,0,0,0,0
0,2,1,8,13,3,11,2,3,6,3,12,8,5,19,17,12,20,28,30,36,51,45,61,44,87,63,104,96,103,86,101,129,166,141,148,176,140,197,223,235,277,256,316,303,294,305,335,367,355,401,425,480,518,453,525,545,579,586,524,568,632,570,660,581,636,648,613,616,691,670,637,555,639,663,677,647,571,625,605,599,536,566,561,597,546,530,578,482,469,472,467,468,408,406,404,379,353,355,344,330,330,283,271,308,255,265,224,229,221,192,186,179,181,144,159,144,144,120,112,123,113,73,86,97,78,55,77,64,48,36,50,47,45,44,40,49,24,21,30,17,18,22,15,13,23,14,10,11,7,9,7,9,8,10,9,6,2,6,2,1,3,1,0,1,0,1,1,0,2,1,0,0,0,1,0,0,0,0,0,0,0,1,0,0,0,0,0,0,0,0,0,0,0,0,0,0,0,0,0
3,2,6,3,10,7,2,3,1,7,7,19,9,10,23,20,20,26,32,59,29,40,51,51,55,77,49,89,80,96,103,113,142,171,144,155,228,150,201,231,243,250,273,320,318,291,338,338,383,328,390,393,482,458,475,532,526,547,555,537,587,585,522,663,588,596,663,618,634,652,684,605,632,644,619,629,712,552,601,614,526,560,546,548,563,553,515,493,412,448,436,494,378,447,403,406,390,328,352,370,324,282,275,271,297,218,240,252,196,185,208,167,160,145,146,147,159,135,139,105,125,117,85,82,78,59,76,62,72,54,54,50,50,42,36,42,29,42,21,20,16,12,14,15,12,16,7,5,10,10,6,2,4,9,4,7,5,2,4,6,1,1,0,3,2,1,1,4,0,3,0,0,0,0,1,0,0,0,3,0,3,0,0,0,0,0,0,0,0,0,0,0,0,0,0,0,0,0,0,0
3,0,3,7,8,6,9,3,4,4,6,18,17,9,20,15,17,30,30,47,28,29,43,43,35,68,52,78,89,98,93,106,156,169,144,144,179,187,192,203,232,292,261,283,318,325,291,351,340,337,385,404,476,510,460,506,507,584,559,515,542,580,570,659,603,561,590,632,613,641,638,638,571,605,662,610,648,533,524,587,569,514,563,543,536,513,492,496,411,445,435,438,407,408,360,370,360,334,340,299,341,313,276,246,268,246,222,229,203,200,155,164,169,147,157,163,128,132,130,93,91,120,58,78,93,75,56,89,63,64,34,42,44,29,36,32,29,34,22,24,12,14,17,12,10,14,10,11,11,5,5,4,5,8,4,6,10,2,7,2,1,3,4,3,4,0,0,0,0,5,2,0,0,0,0,1,1,0,1,0,0,0,0,0,0,0,0,0,0,0,0,0,0,0,0,0,0,0,0,0
4,1,4,7,7,0,5,3,2,2,3,16,8,13,22,15,10,24,25,41,27,42,51,51,40,69,50,89,70,78,113,92,125,154,122,159,208,160,181,210,237,252,249,302,280,291,308,332,345,360,422,393,442,461,475,496,487,561,510,466,587,565,545,664,507,584,593,591,577,589,654,551,608,563,623,605,692,510,546,560,558,456,526,528,523,513,497,477,448,398,414,418,376,363,389,361,353,307,317,329,285,267,274,269,230,241,206,227,210,190,190,191,175,139,130,146,145,119,122,91,112,85,88,82,71,69,51,65,60,67,42,41,38,31,29,32,24,31,30,24,13,18,21,12,17,12,11,12,10,5,7,3,9,1,4,2,5,0,5,3,2,1,3,0,3,1,0,2,0,3,4,0,0,0,1,0,1,0,2,0,1,0,0,0,0,0,0,0,0,0,0,0,0,0,0,0,0,0,0,0
7,0,1,8,8,1,6,2,2,6,5,11,8,10,19,13,22,34,32,45,41,43,50,45,42,63,62,93,96,101,86,96,126,131,135,147,206,141,191,190,204,256,223,276,293,305,327,349,331,356,365,386,439,453,417,498,457,538,506,486,507,560,527,670,563,575,508,539,600,573,621,570,637,558,614,531,628,536,530,547,524,486,507,480,511,532,485,476,425,433,423,383,442,381,367,352,374,321,284,323,293,244,256,254,272,236,206,166,197,205,195,127,133,137,112,136,113,123,113,110,107,74,68,57,76,100,57,68,50,40,35,46,41,39,36,24,29,35,23,16,19,20,19,15,12,16,13,9,9,9,11,2,1,5,4,7,5,1,5,0,2,2,4,3,3,2,0,0,0,1,1,0,0,0,0,1,1,0,1,0,3,0,0,0,0,0,0,0,0,0,0,0,0,0,0,0,0,0,0,0
3,0,7,3,12,1,7,2,2,4,6,7,6,10,19,10,13,17,28,52,39,33,45,57,45,62,48,100,88,90,109,104,148,176,132,146,215,172,164,209,234,235,221,313,242,285,281,308,319,366,400,390,423,428,381,505,452,553,459,498,526,592,520,557,548,568,601,531,567,593,600,570,532,545,626,559,634,509,564,558,523,432,485,503,513,490,453,445,391,414,406,434,339,330,359,379,347,302,280,291,263,233,222,230,228,187,195,215,184,180,168,154,124,152,117,134,118,111,109,95,90,92,79,76,78,61,54,67,59,65,28,32,45,31,33,31,28,29,26,18,15,20,15,17,13,10,17,7,6,9,7,4,5,8,4,2,3,2,7,0,1,1,2,2,1,0,0,0,0,2,2,0,0,0,1,0,0,0,2,0,2,0,0,0,0,0,0,0,0,0,0,0,0,0,0,0,0,0,0,0
3,1,1,11,13,3,8,4,3,2,5,24,7,13,17,20,23,24,28,53,27,45,47,45,43,58,68,80,84,91,93,87,120,174,142,124,163,134,158,199,227,229,226,272,292,314,279,302,330,374,360,351,430,441,421,493,451,551,480,484,539,522,496,609,525,514,524,524,597,488,609,569,549,555,556,537,551,475,484,515,554,460,491,481,447,487,445,421,401,415,406,395,317,328,336,345,310,303,299,295,259,225,234,242,226,199,195,194,199,174,181,142,134,134,131,117,122,127,92,102,99,87,71,69,69,61,54,52,52,50,32,35,40,30,32,29,16,28,21,22,19,12,16,11,12,20,7,8,13,8,11,3,5,4,11,2,2,2,1,3,1,0,4,2,0,2,1,2,1,5,1,0,0,0,1,1,1,0,0,0,0,0,0,0,0,0,0,0,0,0,0,0,0,0,0,0,0,0,0,0
2,2,5,4,11,2,8,1,3,3,7,9,7,7,13,13,15,35,24,38,36,31,33,39,53,71,62,96,84,84,94,95,116,156,129,144,178,133,163,193,204,240,222,261,271,293,321,320,295,331,375,377,400,409,450,467,462,493,515,417,481,563,457,563,532,467,563,547,549,507,594,551,516,521,519,513,554,477,484,489,474,464,449,433,459,475,435,427,351,379,385,366,364,311,360,347,317,272,260,280,267,228,238,241,210,189,193,188,158,200,134,149,126,126,134,107,106,117,99,82,73,98,59,55,54,47,50,56,54,66,23,35,29,40,34,29,29,22,7,20,11,19,14,7,16,14,6,9,8,5,11,8,6,2,4,6,5,0,4,1,3,0,1,3,4,5,0,0,1,2,1,0,0,0,0,0,0,0,1,0,0,0,0,0,0,0,0,0,0,0,0,0,0,0,0,0,0,0,0,0
8,2,1,6,9,2,8,4,3,1,3,14,10,11,22,12,13,28,32,36,26,34,48,50,30,80,56,103,88,83,85,108,129,138,121,124,177,136,173,179,191,238,232,266,257,298,281,294,308,333,365,341,386,396,383,482,415,467,415,482,501,504,433,577,516,524,543,515,527,512,547,517,503,492,514,511,553,464,511,511,450,459,495,478,500,473,401,392,364,359,357,348,335,310,322,294,288,283,280,287,255,222,190,200,203,192,182,189,157,160,142,113,124,129,108,81,136,99,81,80,89,67,72,49,72,62,49,59,42,49,33,32,31,44,31,26,15,13,17,22,20,13,18,10,17,10,10,5,9,15,6,1,5,4,6,4,5,2,2,1,1,1,1,6,2,0,1,2,0,0,1,0,0,0,1,0,0,0,1,0,0,0,0,0,0,0,0,0,0,0,0,0,0,0,0,0,0,0,0,0
2,1,4,4,10,3,3,4,3,6,3,13,8,15,17,9,15,21,14,40,32,34,45,50,55,63,43,87,77,83,75,95,114,140,121,141,141,161,178,193,216,210,211,247,283,252,262,306,303,309,349,343,394,455,415,472,414,527,429,463,482,501,493,591,503,527,506,473,557,513,590,532,504,498,530,481,546,470,454,441,423,425,434,400,460,425,429,366,342,364,375,344,346,307,299,294,312,270,258,252,252,206,213,206,205,181,182,165,136,143,162,128,128,127,117,100,121,111,87,100,76,85,57,61,59,71,68,46,43,52,46,45,30,25,34,23,18,31,15,19,13,12,14,11,7,14,11,6,6,5,3,5,8,3,3,5,4,1,2,0,2,1,1,2,5,0,0,1,0,1,0,0,0,0,0,3,0,0,0,0,2,0,0,0,0,0,0,0,0,0,0,0,0,0,0,0,0,0,0,0
0,0,2,4,7,3,3,6,1,4,2,13,13,13,25,12,13,20,30,52,31,42,40,45,46,68,63,68,60,80,92,105,130,115,127,125,180,142,161,191,215,244,232,260,259,284,244,306,298,333,342,348,394,437,380,421,425,483,441,406,487,544,420,553,512,489,467,518,467,534,529,503,455,459,535,443,491,448,432,479,428,454,449,412,430,415,379,376,348,348,350,344,302,303,292,295,291,269,263,252,250,229,205,206,195,193,168,198,153,158,152,126,99,131,131,120,87,95,73,61,82,75,50,59,61,52,44,55,37,46,28,40,36,28,28,21,17,30,15,24,10,15,19,9,13,16,4,11,3,4,6,1,2,5,5,2,2,4,2,3,2,0,1,0,1,2,1,1,0,1,0,0,0,0,0,1,0,0,0,0,1,0,0,0,0,0,0,0,0,0,0,0,0,0,0,0,0,0,0,0
1,0,3,6,7,4,8,3,3,3,4,11,10,4,23,16,24,23,34,51,42,26,48,49,45,47,41,79,87,90,93,93,112,133,117,113,145,148,167,194,215,221,229,240,223,268,253,344,271,304,315,338,343,391,349,464,425,451,418,402,443,479,430,523,446,460,466,440,474,461,481,466,470,466,517,454,472,410,425,448,417,416,413,405,476,396,380,365,346,311,331,342,325,294,285,270,326,249,212,247,228,187,216,195,195,166,153,189,157,140,123,110,98,131,106,92,103,113,76,85,73,62,61,48,57,43,51,61,48,36,30,36,30,35,22,26,26,18,16,12,8,16,14,10,4,13,6,7,6,6,9,1,2,2,7,4,1,0,5,1,0,2,0,3,2,1,0,1,0,2,1,0,0,0,0,0,0,0,0,0,3,0,1,0,0,0,0,0,0,0,0,0,0,0,0,0,0,0,0,0
3,0,3,7,9,3,3,6,1,4,4,12,12,6,17,10,17,25,23,34,25,34,32,36,43,65,60,76,71,65,94,82,111,131,124,155,153,142,162,200,205,206,174,238,229,274,248,293,305,320,325,344,380,387,391,437,414,443,388,390,450,487,446,495,420,437,440,460,463,469,500,433,485,426,515,445,470,403,418,424,412,402,429,368,409,431,409,394,328,315,353,344,291,234,265,246,279,251,223,207,225,187,164,173,183,162,179,171,121,147,129,94,110,123,95,92,72,92,82,90,75,60,60,54,58,49,46,54,51,42,23,21,31,23,24,29,23,22,16,15,14,13,13,6,10,13,7,4,7,6,8,2,5,7,2,2,4,1,4,5,1,0,1,1,0,1,0,2,1,0,0,0,0,0,0,0,0,0,0,0,3,0,0,0,0,0,0,0,0,0,0,0,0,0,0,0,0,0,0,0
3,1,0,8,11,2,4,5,1,2,0,13,5,9,17,18,29,29,24,45,27,40,34,35,39,47,57,77,69,80,66,95,122,115,126,140,158,132,138,187,201,218,191,252,256,249,276,263,316,308,339,306,381,394,364,409,355,466,389,405,444,450,428,556,472,457,465,457,425,447,475,460,444,454,489,427,507,381,388,437,408,377,431,384,373,385,340,361,301,297,295,323,263,261,255,242,248,224,227,219,210,199,172,183,162,174,144,131,117,115,125,101,104,103,101,105,91,103,91,77,69,57,69,60,58,45,41,60,33,29,21,36,42,25,25,29,19,19,20,14,13,25,14,13,6,14,5,7,8,4,6,6,3,2,4,5,5,3,4,3,1,1,1,1,2,2,2,1,1,3,0,0,0,0,1,0,0,0,0,0,2,0,0,0,0,0,0,0,0,0,0,0,0,0,0,0,0,0,0,0
3,0,2,5,5,2,6,6,2,2,5,7,7,10,15,9,16,20,31,38,33,36,42,44,38,55,44,74,73,75,73,77,110,111,104,130,150,118,139,178,182,199,190,231,230,269,250,296,269,293,337,309,327,390,355,404,359,393,397,410,452,464,399,486,443,444,432,425,455,456,450,430,414,398,464,425,497,406,396,440,373,358,381,352,396,362,320,327,283,268,282,313,283,265,263,245,249,244,218,219,226,209,181,175,162,170,146,159,121,140,113,86,89,87,79,100,92,79,67,81,80,76,53,43,38,57,43,43,29,37,26,25,25,22,26,22,19,34,23,13,15,15,7,11,9,16,4,3,6,7,5,0,2,2,4,4,2,2,2,2,1,1,1,2,6,1,0,0,0,2,0,0,0,0,0,0,0,0,0,0,0,0,0,0,0,0,0,0,0,0,0,0,0,0,0,0,0,0,0,0
1,0,4,2,2,2,4,4,1,2,3,9,11,13,13,12,15,27,23,34,35,25,24,44,41,68,46,67,71,72,71,97,112,132,113,126,156,132,148,198,157,231,193,207,246,255,253,291,270,267,298,307,338,379,300,410,360,435,361,357,456,504,381,479,430,421,431,455,436,455,435,414,439,430,476,414,431,336,391,379,365,351,361,324,360,361,337,333,301,299,292,306,291,251,261,260,278,234,231,192,191,179,181,172,166,152,139,161,137,121,135,91,100,90,98,83,77,77,77,76,72,63,43,60,36,49,42,42,41,45,29,25,24,22,28,29,15,16,10,13,12,7,16,9,7,12,4,6,1,9,4,3,4,8,3,1,2,1,2,0,0,0,1,1,1,2,0,1,0,2,1,0,0,0,0,0,0,0,1,0,0,0,0,0,0,0,0,0,0,0,0,0,0,0,0,0,0,0,0,0
5,0,2,5,8,2,5,2,2,2,4,17,4,10,15,15,17,34,27,42,28,34,29,43,39,51,53,66,63,69,89,77,103,106,118,130,157,127,156,156,188,212,185,226,232,265,256,288,268,276,303,275,285,383,367,377,382,452,385,353,396,455,370,439,407,414,417,471,412,472,460,412,438,417,426,428,474,353,390,370,381,352,346,357,369,343,364,290,280,265,261,268,270,230,241,273,247,216,187,190,196,154,181,189,141,157,141,134,121,105,123,94,107,100,81,91,80,96,59,78,74,69,47,59,54,52,41,45,42,34,25,36,29,23,25,19,18,19,11,15,9,10,14,13,11,13,8,10,4,4,6,3,2,4,7,7,1,1,2,1,0,1,1,1,0,1,0,0,1,0,1,0,0,0,0,1,0,0,0,0,1,0,0,0,0,0,0,0,0,0,0,0,0,0,0,0,0,0,0,0
3,0,4,6,5,2,6,6,1,2,1,23,8,8,16,12,16,13,26,34,29,17,35,61,44,60,47,67,76,75,72,75,109,114,102,147,178,125,138,158,186,180,162,217,223,254,226,269,258,296,282,298,340,335,335,368,330,443,393,362,414,394,422,407,377,433,430,390,409,450,452,409,397,421,409,411,390,319,374,377,369,334,347,302,345,331,307,305,269,259,284,263,236,232,239,229,225,201,176,201,189,175,136,165,150,149,132,139,128,108,128,91,71,101,82,90,73,71,61,64,58,53,47,51,38,39,40,34,34,31,12,30,21,34,22,22,21,21,9,13,14,12,16,7,6,7,6,7,5,6,6,2,6,3,1,4,2,2,5,1,1,2,1,1,1,2,0,0,1,1,2,0,0,0,1,0,0,0,1,0,1,0,0,0,0,0,0,0,0,0,0,0,0,0,0,0,0,0,0,0
1,0,4,10,7,4,4,2,0,4,2,8,7,4,17,13,16,26,21,41,31,30,37,42,40,50,48,75,74,83,70,64,96,149,109,124,184,126,126,159,177,203,180,216,207,248,237,248,273,245,300,277,325,344,319,357,341,386,371,338,407,419,371,431,398,385,411,407,410,430,438,425,398,405,404,378,435,354,359,348,370,310,362,308,332,355,300,315,254,267,277,252,254,243,254,232,201,183,195,186,174,162,147,177,129,142,134,122,108,99,120,100,96,81,73,73,91,90,68,64,66,57,43,53,45,49,42,40,34,30,19,20,22,21,23,12,17,17,13,9,14,11,9,9,9,12,4,3,4,10,4,2,5,2,5,0,1,2,0,1,1,3,1,0,0,0,0,0,1,1,1,0,0,0,0,0,0,0,1,0,2,0,0,0,0,0,0,0,0,0,0,0,0,0,0,0,0,0,0,0
2,0,5,4,5,1,5,1,1,7,3,13,8,7,11,5,12,26,21,27,17,34,35,40,36,49,54,66,63,57,70,82,110,139,109,131,137,126,125,156,167,208,199,194,204,244,227,242,252,259,283,293,322,331,325,361,325,413,376,343,391,411,337,422,373,383,365,355,398,385,405,434,360,367,407,361,396,305,328,336,348,320,356,309,312,291,283,282,250,248,284,265,241,193,238,215,197,192,186,183,171,163,149,163,153,140,121,113,122,108,109,90,96,80,68,87,95,86,65,52,72,56,39,43,51,45,31,48,35,30,16,29,16,24,22,17,24,19,12,13,9,5,12,11,10,10,9,6,3,8,6,3,2,2,4,2,2,1,1,1,0,1,0,1,1,2,0,0,0,0,0,0,0,0,0,2,0,0,2,0,0,0,0,0,0,0,0,0,0,0,0,0,0,0,0,0,0,0,0,0
7,0,3,7,9,2,6,3,1,2,4,11,8,3,17,9,14,17,19,40,22,29,39,41,37,50,65,85,60,76,69,69,93,124,100,106,153,112,134,157,196,172,186,206,200,233,257,237,214,236,286,301,310,323,332,351,336,379,362,340,372,387,345,438,378,411,362,405,381,382,379,417,343,339,404,365,385,302,328,308,330,306,337,315,322,297,284,268,204,245,268,218,226,214,190,231,200,154,193,180,170,142,165,135,135,111,132,111,124,114,80,76,72,83,72,76,72,67,45,62,60,51,46,47,30,42,25,35,38,20,33,19,22,19,19,21,15,19,11,18,11,9,14,10,15,12,2,6,6,4,9,1,4,7,4,1,4,4,2,1,0,0,3,1,3,0,1,0,1,0,0,0,0,0,0,0,0,0,0,0,0,0,0,0,0,0,0,0,0,0,0,0,0,0,0,0,0,0,0,0
2,1,1,7,4,1,2,3,0,2,1,8,6,6,12,14,8,24,22,27,29,35,32,38,26,50,46,78,74,76,81,85,99,112,105,104,133,111,121,151,161,205,199,204,206,227,221,245,250,268,288,261,294,320,303,376,327,394,369,358,385,379,344,352,372,375,361,321,365,375,381,367,352,332,385,329,372,315,321,341,305,258,325,279,293,270,262,272,207,257,261,244,221,209,214,197,211,219,173,164,176,135,146,143,124,125,118,109,109,102,109,70,80,73,84,83,69,76,48,63,49,58,45,47,33,35,31,53,31,25,33,25,23,23,24,13,19,14,8,17,11,12,13,6,10,10,7,4,2,3,6,4,3,1,1,5,6,3,0,1,1,0,1,1,0,2,0,1,0,1,1,0,0,0,0,0,0,0,0,0,0,0,1,0,0,0,0,0,0,0,0,0,0,0,0,0,0,0,0,0
0,2,2,5,12,2,7,5,0,3,3,12,6,7,15,10,12,23,23,49,29,19,41,41,34,48,48,65,63,81,78,66,89,125,105,110,112,117,122,168,153,160,200,200,201,227,230,227,222,244,251,267,290,333,325,353,313,379,315,319,325,385,307,399,376,357,381,364,363,381,375,369,332,374,357,323,372,289,315,296,291,271,317,266,308,270,250,257,223,248,239,235,213,199,199,178,199,194,157,155,161,135,130,131,135,131,129,115,100,103,69,86,70,70,76,60,68,68,51,50,51,48,34,55,33,40,29,38,37,19,19,30,12,13,16,19,13,10,10,9,16,12,8,7,9,12,2,2,9,7,3,2,3,3,2,2,4,3,1,1,1,0,3,2,3,1,0,0,0,0,1,0,0,0,1,0,0,0,1,0,1,0,0,0,0,0,0,0,0,0,0,0,0,0,0,0,0,0,0,0
1,0,5,6,3,3,6,4,2,2,2,8,9,10,16,6,13,17,22,23,19,25,33,33,32,57,41,65,64,64,71,74,105,109,107,109,128,111,138,170,169,216,149,212,178,217,235,220,235,237,268,289,285,283,333,328,300,343,311,314,325,408,332,385,351,341,379,333,369,347,347,361,343,323,373,315,329,330,319,336,314,304,310,254,277,272,265,245,210,242,224,254,206,208,206,225,182,179,171,156,156,149,136,141,108,134,98,113,107,91,101,79,84,76,57,60,67,60,50,51,49,48,33,35,35,38,29,41,26,35,23,22,27,17,26,22,13,12,11,16,8,15,6,5,8,8,6,2,2,4,3,1,5,1,4,2,0,2,2,0,0,0,0,1,1,2,1,1,0,2,0,0,0,0,0,0,0,0,1,0,1,0,0,0,0,0,0,0,0,0,0,0,0,0,0,0,0,0,0,0
7,0,3,6,6,2,7,4,2,0,3,11,3,5,14,6,12,17,19,35,22,27,27,33,31,57,47,45,57,59,58,91,113,117,100,87,110,121,121,180,168,187,169,182,204,192,204,208,234,276,236,242,284,304,300,320,296,345,327,309,345,343,325,379,327,339,333,352,360,324,359,336,294,331,361,326,286,266,314,313,291,265,300,292,282,303,274,269,198,211,205,228,207,193,204,187,194,174,165,161,149,110,130,135,123,101,96,117,112,95,73,77,60,67,55,55,67,65,61,55,44,51,46,36,36,36,20,32,35,22,21,17,21,26,20,15,10,19,14,15,11,13,10,9,5,3,9,4,7,6,4,3,3,3,3,0,5,1,1,3,0,0,2,1,1,1,0,0,0,4,0,0,0,0,0,0,1,0,0,0,1,0,0,0,0,0,0,0,0,0,0,0,0,0,0,0,0,0,0,0
4,0,2,4,7,0,3,0,0,5,2,6,4,10,14,15,11,16,18,25,24,30,27,33,51,36,42,65,60,76,55,80,89,111,94,123,131,100,115,153,157,168,146,195,163,192,175,201,237,236,259,244,233,301,309,373,289,329,331,295,329,347,301,352,324,363,321,332,331,355,371,308,315,283,334,334,335,260,301,335,265,278,292,233,241,233,238,256,225,204,231,218,197,192,183,216,157,166,161,146,128,124,121,122,123,99,108,102,109,97,82,65,75,69,60,59,64,65,52,60,49,45,42,36,28,32,36,34,29,30,13,18,17,14,21,10,12,15,14,4,6,8,5,7,5,5,4,3,5,2,2,1,1,1,3,3,2,0,0,2,2,1,2,0,1,0,1,0,0,1,0,0,0,0,0,0,0,0,0,0,0,0,0,0,0,0,0,0,0,0,0,0,0,0,0,0,0,0,0,0
3,0,3,1,5,3,6,4,3,4,1,16,10,8,8,6,11,26,19,31,14,30,33,37,32,46,33,53,55,71,69,55,96,102,99,107,126,98,96,132,151,185,153,163,162,217,190,222,212,220,262,243,263,265,282,301,290,334,319,275,329,331,320,326,342,345,313,293,317,358,365,339,312,308,340,280,311,271,305,305,260,254,274,293,265,257,242,205,222,195,192,224,210,177,167,199,159,178,153,147,143,145,118,144,107,105,110,101,103,91,76,67,86,70,70,74,57,62,55,45,51,37,31,47,35,27,34,35,35,22,34,20,10,18,19,10,16,17,13,13,11,7,7,8,5,14,1,5,1,12,6,0,4,3,3,2,5,1,2,0,1,1,0,2,0,0,0,2,1,1,0,0,0,0,1,1,0,0,0,0,3,0,0,0,0,0,0,0,0,0,0,0,0,0,0,0,0,0,0,0
3,0,1,2,8,2,8,5,3,3,2,17,11,5,10,10,8,15,27,20,26,32,29,32,18,40,37,62,69,51,54,60,75,105,89,114,134,103,115,135,122,184,154,168,146,195,177,198,208,243,235,248,262,289,271,303,303,333,272,263,294,318,261,372,296,329,321,312,332,321,338,314,288,288,324,289,298,265,276,248,276,226,241,218,247,250,236,243,204,215,192,196,190,180,168,170,175,154,147,133,143,119,119,122,115,118,97,107,77,90,86,88,52,58,47,43,55,56,56,51,44,47,33,39,40,26,29,33,18,24,21,16,16,14,18,11,13,12,13,9,10,12,8,4,2,5,4,2,2,1,3,2,4,6,2,2,3,2,2,3,1,3,0,0,0,1,0,0,0,0,0,0,0,0,2,0,0,0,0,0,0,0,0,0,0,0,0,0,0,0,0,0,0,0,0,0,0,0,0,0
4,0,1,5,10,3,4,4,1,1,5,4,9,6,8,17,7,10,19,32,16,34,29,34,34,46,45,57,60,51,67,59,89,102,86,122,121,120,128,129,129,160,125,168,178,159,199,229,211,195,213,230,278,284,244,306,292,333,293,282,332,314,250,348,342,317,295,303,296,345,334,306,286,294,319,302,311,313,267,258,254,227,235,228,267,232,234,197,197,162,204,204,166,149,135,173,159,139,137,133,136,121,101,111,95,88,102,88,74,68,82,67,67,60,56,55,53,54,39,30,47,32,35,30,27,30,23,28,13,20,23,23,13,22,18,14,6,14,11,12,9,5,7,8,8,9,5,3,4,3,3,1,4,2,2,1,3,2,1,0,1,2,3,0,0,0,0,0,0,1,0,0,0,0,1,0,0,0,0,0,0,0,0,0,0,0,0,0,0,0,0,0,0,0,0,0,0,0,0,0
4,1,0,4,6,2,6,4,2,2,3,12,2,5,14,6,12,17,24,22,18,33,22,28,21,40,43,63,74,66,74,48,85,87,76,97,103,94,156,97,130,145,172,175,165,178,201,208,187,200,210,245,279,239,278,315,279,304,270,280,259,337,285,313,298,327,312,304,291,307,290,312,283,297,289,305,325,254,277,252,280,231,255,240,262,226,225,202,212,185,182,192,178,156,172,154,167,170,141,116,123,134,106,117,111,109,82,82,99,73,59,65,54,69,64,55,52,51,56,41,51,45,41,38,28,22,26,24,21,27,17,13,20,21,13,9,15,12,6,11,7,7,10,8,3,5,6,3,4,0,5,1,3,4,4,0,0,2,1,2,2,0,0,2,1,1,0,1,0,1,2,0,0,0,0,0,0,0,0,0,1,0,0,0,0,0,0,0,0,0,0,0,0,0,0,0,0,0,0,0
0,0,2,5,5,1,5,2,1,2,1,9,6,7,7,12,18,21,10,23,15,28,22,35,29,43,46,49,63,51,70,61,78,107,85,98,123,92,109,129,143,163,135,174,180,204,174,191,191,205,229,196,260,247,265,290,262,283,276,258,290,314,264,297,306,295,297,273,302,318,316,296,281,248,319,289,309,226,246,252,254,223,258,214,230,235,210,196,180,167,163,177,154,166,135,160,153,124,129,115,113,114,102,102,102,87,84,92,74,72,72,53,60,53,65,52,46,49,38,44,34,26,29,33,27,20,29,36,26,16,16,12,17,18,15,14,13,14,10,7,9,6,10,8,2,3,5,5,0,3,3,3,1,2,0,2,2,0,2,1,0,0,0,1,1,1,0,0,0,1,1,0,0,0,0,1,0,0,0,0,1,0,0,0,0,0,0,0,0,0,0,0,0,0,0,0,0,0,0,0
3,0,2,2,7,0,2,3,2,4,1,7,5,4,12,13,13,17,21,35,14,15,25,28,37,50,39,64,59,49,68,77,84,82,75,87,99,81,106,121,150,156,134,137,183,192,167,179,182,202,239,214,252,246,244,269,257,292,279,259,277,294,258,319,306,253,289,280,291,318,282,273,263,279,275,268,299,243,245,240,243,190,237,212,210,231,206,199,153,160,189,166,154,139,151,183,133,124,106,125,114,111,95,97,93,88,86,78,67,74,81,74,52,60,47,56,46,45,49,35,34,26,37,27,21,27,21,24,19,20,22,19,20,19,14,10,16,17,8,11,10,8,10,3,4,5,3,2,8,4,4,3,1,2,1,0,1,0,1,1,2,0,0,0,2,1,0,3,0,0,1,0,0,0,0,0,0,0,1,0,0,0,0,0,0,0,0,0,0,0,0,0,0,0,0,0,0,0,0,0
3,0,2,2,10,1,6,4,1,1,3,11,4,3,15,3,9,17,21,27,20,24,31,29,26,43,29,54,70,74,62,70,82,80,94,100,103,107,110,139,134,125,140,184,154,190,168,184,205,184,203,225,251,254,210,260,267,267,250,227,301,300,256,292,294,278,272,266,314,287,275,291,294,267,311,274,256,229,228,231,200,223,239,203,200,220,214,206,180,164,151,171,161,122,123,121,132,129,113,128,112,87,95,91,94,94,79,113,71,73,69,66,58,54,63,52,51,39,34,41,32,32,34,27,26,41,12,25,19,23,16,14,14,9,13,17,12,14,5,15,2,8,10,3,6,9,3,0,5,3,1,0,2,1,2,2,1,2,2,0,1,0,1,1,1,1,1,0,0,2,0,0,0,0,0,1,0,0,0,0,0,0,0,0,0,0,0,0,0,0,0,0,0,0,0,0,0,0,0,0
3,0,3,6,5,1,9,1,0,0,1,13,3,8,8,5,14,10,20,41,18,29,28,24,26,38,38,42,59,45,55,69,81,97,93,87,95,93,99,125,103,146,136,147,151,169,191,174,179,177,217,193,235,249,214,260,238,264,242,264,242,270,251,341,289,259,253,301,278,279,277,265,242,250,294,230,290,214,227,236,244,230,213,197,226,223,192,201,135,202,169,171,157,152,146,178,155,137,119,122,124,109,85,99,99,77,86,69,67,65,56,50,50,48,57,39,50,48,33,39,35,34,24,24,20,32,27,21,17,22,19,16,9,19,9,10,12,8,5,10,4,7,7,3,4,6,4,4,3,3,4,2,2,3,3,0,1,1,1,1,1,0,0,1,1,1,2,0,0,0,0,0,0,0,0,0,0,0,0,0,0,0,0,0,0,0,0,0,0,0,0,0,0,0,0,0,0,0,0,0
2,0,0,8,9,1,11,0,2,2,2,11,6,9,14,11,11,11,19,28,16,23,31,27,25,41,29,48,56,52,50,59,82,74,85,80,104,76,96,128,137,135,123,151,167,163,202,163,167,205,184,237,209,234,246,249,239,250,247,237,294,287,262,289,237,265,279,249,272,252,261,241,249,231,245,273,247,230,227,217,237,208,179,200,208,183,180,182,169,156,170,169,164,133,135,155,124,128,102,103,104,82,88,96,70,86,88,85,64,64,66,53,54,49,61,49,43,44,36,37,30,27,22,19,34,28,13,28,15,17,15,16,16,14,13,15,6,5,6,3,3,5,6,7,7,7,4,3,0,3,4,3,2,2,2,2,0,1,1,1,0,1,4,2,1,2,0,0,1,0,0,0,0,0,0,0,0,0,0,0,0,0,0,0,0,0,0,0,0,0,0,0,0,0,0,0,0,0,0,0
1,0,0,8,9,5,4,1,3,1,3,8,8,6,14,10,11,15,16,23,14,18,29,41,19,37,35,41,49,42,51,58,68,108,73,77,93,83,87,123,125,136,127,152,142,156,181,158,186,176,219,190,211,204,257,238,251,277,251,234,255,285,253,274,266,258,267,268,280,255,277,232,237,211,253,204,262,210,200,231,223,181,234,175,202,192,170,166,131,160,157,175,149,129,138,136,128,103,112,113,120,98,92,92,80,77,79,82,69,70,56,65,51,61,61,44,47,36,44,35,38,41,28,35,23,22,13,26,19,15,12,15,15,12,19,5,9,5,9,7,8,5,6,9,4,2,4,1,3,3,2,5,1,2,3,0,1,1,1,0,1,1,0,2,0,1,0,1,0,3,1,0,0,0,0,0,0,0,0,0,0,0,0,0,0,0,0,0,0,0,0,0,0,0,0,0,0,0,0,0
0,0,2,4,8,3,4,4,1,2,3,3,9,8,8,10,13,14,13,25,20,31,18,22,24,47,42,41,52,59,62,56,84,94,90,72,93,78,98,112,123,152,119,159,164,161,168,163,169,183,215,184,211,258,208,243,238,255,235,253,246,284,247,285,253,271,227,247,256,238,262,255,255,235,267,274,237,211,224,185,187,165,209,212,201,186,193,174,149,162,146,157,128,132,145,146,141,115,111,109,124,77,87,91,83,82,69,74,66,63,69,68,52,59,39,50,38,38,49,39,33,33,24,29,22,19,15,22,18,16,16,9,11,19,9,8,8,16,10,7,4,4,8,4,6,5,2,2,3,4,3,2,3,2,2,3,3,0,2,2,0,0,3,0,0,0,0,1,0,0,0,0,0,0,0,1,0,0,0,0,0,0,0,0,0,0,0,0,0,0,0,0,0,0,0,0,0,0,0,0
2,0,4,6,7,1,3,0,0,2,3,16,5,9,9,6,11,13,19,29,19,26,19,24,32,39,38,54,50,49,55,49,61,93,71,88,106,84,100,104,135,123,131,132,134,168,154,168,151,176,182,201,223,205,192,248,240,264,229,213,250,279,211,290,245,232,267,223,262,243,245,216,212,207,252,203,224,179,194,209,210,186,213,167,163,189,167,170,143,131,167,160,147,125,116,132,129,105,106,110,103,92,73,76,63,76,84,79,59,58,56,42,54,43,48,42,45,30,35,32,32,40,34,28,24,24,18,19,13,13,7,6,10,17,15,11,5,8,9,3,6,11,4,8,7,9,3,5,3,4,7,0,1,3,4,3,5,1,0,0,3,0,2,1,3,1,0,0,1,0,0,0,0,0,0,1,0,0,1,0,1,0,0,0,0,0,0,0,0,0,0,0,0,0,0,0,0,0,0,0
0,0,3,6,4,1,3,3,1,3,1,9,6,4,10,7,10,20,17,23,17,25,18,26,20,40,30,43,45,51,62,59,76,87,66,88,94,89,88,100,100,147,125,150,135,163,160,149,150,168,179,190,186,195,233,240,199,231,209,221,229,256,240,306,233,225,240,218,264,232,258,233,211,204,241,211,256,187,190,190,190,179,190,164,177,166,188,180,147,138,154,141,138,116,122,117,121,91,108,98,101,89,70,88,76,64,72,62,57,63,59,49,44,40,45,45,38,31,33,27,38,26,21,19,24,32,12,24,24,14,11,13,9,16,11,9,8,5,5,3,7,4,10,3,1,2,1,5,1,1,0,0,2,5,4,2,5,1,1,0,0,1,1,0,0,2,0,0,0,0,0,0,0,0,0,0,0,0,1,0,0,0,0,0,0,0,0,0,0,0,0,0,0,0,0,0,0,0,0,0
0,0,0,1,3,3,3,0,1,3,3,8,7,5,9,7,7,29,13,28,19,19,15,32,28,28,33,49,61,41,43,47,73,110,84,80,88,73,93,107,115,122,114,151,146,130,166,155,162,185,185,179,215,233,206,184,198,233,222,220,242,260,204,281,249,240,249,233,243,247,247,218,219,205,221,201,206,160,184,154,165,149,182,172,177,169,174,139,175,131,149,128,114,113,127,127,126,108,109,107,87,84,87,75,83,72,71,61,41,57,61,39,44,49,50,31,35,38,30,35,24,25,25,20,25,21,12,18,14,13,9,16,13,7,16,14,10,14,4,6,6,4,8,2,5,2,4,3,4,3,1,2,0,3,1,0,3,2,0,0,1,0,0,0,0,0,0,1,0,0,0,0,0,0,0,0,0,0,1,0,1,0,0,0,0,0,0,0,0,0,0,0,0,0,0,0,0,0,0,0
0,0,0,7,7,1,5,2,3,3,0,11,4,2,9,3,5,12,14,14,16,24,28,29,26,38,31,39,56,43,47,51,76,83,69,57,95,82,94,101,99,122,114,143,121,143,145,147,164,169,182,183,195,202,192,255,211,232,224,219,215,268,220,267,200,254,225,221,212,222,239,212,206,221,223,194,216,204,215,171,176,156,182,173,159,168,163,149,126,127,127,115,133,107,105,126,95,83,92,83,92,65,67,77,86,74,51,76,67,68,65,34,51,53,39,35,41,42,30,26,27,14,21,29,19,20,14,14,22,19,10,7,11,7,11,10,8,10,9,3,6,6,3,4,7,1,4,7,2,1,2,0,0,3,0,1,2,1,2,0,0,2,0,0,0,3,0,0,0,2,0,0,0,0,1,0,0,0,0,0,0,0,0,0,0,0,0,0,0,0,0,0,0,0,0,0,0,0,0,0
2,0,1,4,4,1,2,1,2,1,2,11,4,2,10,6,13,16,22,19,19,28,15,29,26,31,38,51,44,42,50,57,62,80,70,64,85,72,89,111,128,115,108,127,115,135,157,166,139,160,162,169,204,211,206,202,221,213,210,203,225,240,210,249,238,221,202,241,216,240,215,181,160,190,195,177,225,184,189,218,178,185,158,159,183,153,148,144,124,127,147,133,114,120,115,117,101,114,82,81,93,60,62,76,70,74,59,66,48,52,56,36,50,44,36,44,42,30,44,32,30,22,25,20,19,32,11,26,14,20,7,12,11,7,7,12,14,2,3,4,6,5,5,5,5,2,5,0,5,3,2,0,2,1,1,1,1,1,0,2,0,1,1,0,0,0,0,0,1,3,0,0,0,0,0,0,0,0,0,0,0,0,0,0,0,0,0,0,0,0,0,0,0,0,0,0,0,0,0,0
4,1,2,0,4,1,4,4,4,1,1,4,11,2,8,9,7,10,25,22,17,17,21,25,27,42,31,41,52,44,53,44,70,88,75,61,87,75,83,104,100,126,117,133,125,137,163,148,168,176,177,155,173,183,203,228,201,233,205,238,196,234,177,265,202,220,233,228,207,233,262,225,213,176,227,181,198,169,177,205,160,161,171,129,153,174,183,145,132,132,122,112,124,103,118,108,101,104,80,84,75,90,78,71,64,69,61,63,49,52,49,32,46,40,42,43,36,40,27,30,26,23,15,22,16,19,16,22,23,18,10,10,14,18,14,7,8,11,8,8,6,4,3,8,5,5,3,1,3,4,1,0,1,2,1,1,2,0,0,0,2,0,0,0,2,0,0,0,2,0,2,0,0,0,1,0,0,0,0,0,0,0,0,0,0,0,0,0,0,0,0,0,0,0,0,0,0,0,0,0
2,0,1,4,9,3,5,1,2,3,3,6,6,3,11,3,9,16,13,28,16,10,26,21,31,36,41,30,35,44,35,41,64,68,55,70,96,88,71,76,106,96,108,123,127,140,150,163,134,182,174,181,158,194,175,194,188,216,208,203,198,219,198,197,220,184,223,213,217,206,220,194,162,212,219,203,193,193,173,182,167,173,179,138,153,138,162,135,115,103,114,147,96,105,104,109,118,87,87,72,64,77,81,73,57,64,49,60,46,50,48,47,33,30,48,35,31,28,35,36,24,24,15,25,21,14,19,13,9,11,12,16,10,7,12,12,6,8,5,8,6,4,5,6,3,9,2,5,4,5,2,1,2,3,0,0,1,2,1,1,0,0,0,1,0,0,0,2,0,1,0,0,0,0,0,0,0,0,0,0,0,0,1,0,0,0,0,0,0,0,0,0,0,0,0,0,0,0,0,0
0,2,1,1,6,1,6,4,0,3,0,14,8,5,11,7,6,16,15,16,15,31,24,23,18,26,28,44,41,39,45,48,72,89,67,78,89,48,78,75,109,93,99,131,120,130,127,137,141,149,153,166,165,195,177,213,180,243,198,198,231,221,202,214,200,239,210,202,211,224,237,197,186,168,198,189,193,167,191,171,148,152,177,169,154,147,140,127,122,113,107,124,86,120,115,113,93,68,85,98,70,87,81,79,79,54,69,40,40,43,40,39,43,32,34,43,42,32,31,24,15,23,24,23,26,19,12,11,16,15,11,9,11,4,7,7,9,7,8,7,4,5,3,3,0,4,3,3,2,3,1,1,3,2,7,1,1,1,0,0,1,0,0,0,0,1,0,1,0,0,0,0,0,0,0,0,0,0,0,0,0,0,0,0,0,0,0,0,0,0,0,0,0,0,0,0,0,0,0,0
2,0,3,4,3,1,0,1,1,1,0,8,4,6,4,4,7,8,13,17,20,25,12,17,28,31,42,37,33,45,54,40,66,69,66,85,79,69,89,94,100,105,104,118,144,133,155,142,145,159,129,186,183,170,188,180,193,211,172,161,206,237,176,209,212,191,195,195,184,176,193,170,179,199,177,193,192,155,160,180,170,146,163,139,147,159,129,134,125,119,105,110,94,96,101,80,84,71,76,77,78,67,72,62,59,62,52,68,47,42,43,40,47,37,35,32,32,35,32,27,30,26,21,20,15,17,14,23,17,13,8,7,10,8,3,12,12,7,6,4,4,2,8,6,4,8,2,0,1,4,1,0,1,2,1,3,0,1,0,0,0,0,0,0,1,0,2,1,0,0,2,0,0,0,0,0,0,0,0,0,2,0,0,0,0,0,0,0,0,0,0,0,0,0,0,0,0,0,0,0
4,0,0,2,2,1,0,4,0,3,3,3,7,5,4,6,8,8,12,16,20,15,16,18,18,39,25,45,37,43,45,44,62,68,58,60,75,52,72,98,100,106,108,102,122,118,124,147,141,142,160,158,142,176,194,183,190,196,178,195,199,216,171,218,206,200,191,213,184,194,199,201,178,167,202,171,180,134,165,178,144,146,139,157,141,129,127,124,124,107,108,131,99,106,99,99,95,75,80,99,74,81,50,60,59,72,44,44,48,38,38,33,29,28,29,27,39,26,32,23,20,12,19,16,14,17,15,23,12,10,8,10,13,13,10,9,5,7,2,5,0,4,4,3,5,5,2,1,3,3,0,0,1,3,5,2,2,0,1,0,1,0,1,0,0,1,0,1,0,0,1,0,0,0,0,0,1,0,0,0,0,0,0,0,0,0,0,0,0,0,0,0,0,0,0,0,0,0,0,0
3,0,3,5,8,1,3,1,0,0,3,12,5,5,5,8,7,13,5,28,12,14,10,24,32,28,29,43,33,40,41,39,73,70,74,77,88,76,92,94,93,117,111,113,98,133,121,119,118,149,157,174,159,174,204,192,177,178,175,204,204,194,177,220,193,191,181,176,199,188,179,187,138,164,194,177,181,168,140,152,153,139,150,136,124,141,126,134,103,123,96,101,110,75,86,92,90,82,88,65,84,69,58,54,50,54,57,50,37,42,31,36,29,28,38,39,39,31,25,30,22,16,16,17,12,15,9,17,8,12,12,6,14,5,8,7,6,7,6,1,2,6,4,8,1,2,1,3,2,3,2,1,1,3,1,0,1,0,1,0,1,1,0,0,1,0,0,0,0,0,0,0,0,0,1,0,0,0,0,0,0,0,0,0,0,0,0,0,0,0,0,0,0,0,0,0,0,0,0,0
3,0,1,2,5,1,2,1,0,1,0,10,2,9,10,9,6,8,14,22,13,21,17,19,22,27,26,32,38,47,40,34,66,74,58,56,60,71,75,74,82,100,93,109,98,123,118,146,143,135,142,153,153,194,159,152,195,191,182,199,204,178,173,226,178,214,229,179,198,189,177,155,172,174,185,151,189,154,146,154,124,130,130,124,130,146,112,127,92,96,106,114,92,94,92,79,86,81,78,67,68,69,64,49,56,59,55,49,40,50,30,32,43,28,39,32,45,33,21,40,23,21,27,18,18,18,16,19,12,16,7,10,9,5,6,8,9,8,2,8,1,3,9,2,4,3,3,0,3,3,2,1,1,1,0,0,0,2,1,0,1,1,1,0,0,0,0,0,0,1,0,0,0,0,0,0,0,0,0,0,0,0,0,0,0,0,0,0,0,0,0,0,0,0,0,0,0,0,0,0
1,0,2,3,7,0,2,2,2,2,3,4,2,4,10,9,6,12,11,19,9,18,14,21,16,28,26,45,39,36,37,40,55,67,54,56,75,58,86,77,98,87,119,108,112,131,114,138,113,135,164,149,142,162,154,171,158,170,162,162,176,205,177,192,184,200,165,173,179,185,181,151,155,174,174,168,180,145,135,139,138,122,157,139,127,143,138,129,91,109,110,111,98,88,91,99,88,77,82,63,60,62,47,62,42,50,59,49,37,30,36,33,29,31,36,32,22,26,24,19,19,31,15,15,20,11,13,18,16,10,10,6,5,8,4,8,5,7,2,1,7,8,2,2,0,3,2,1,1,4,0,0,0,0,2,0,1,0,0,1,0,1,1,1,0,0,0,2,0,1,0,0,0,0,0,0,0,0,0,0,1,0,0,0,0,0,0,0,0,0,0,0,0,0,0,0,0,0,0,0
0,0,1,2,6,0,3,1,1,1,2,8,5,9,4,4,6,15,11,22,15,18,27,31,17,34,24,38,44,39,42,47,63,63,71,83,71,59,73,103,80,106,87,116,100,101,119,134,120,134,147,118,149,172,150,167,172,182,204,159,176,187,159,198,169,185,178,184,157,189,171,169,157,161,167,140,149,151,140,149,165,117,131,141,124,149,127,110,96,91,102,88,79,66,93,90,77,64,61,80,72,53,45,52,51,59,49,34,48,49,32,30,26,32,35,22,26,28,19,22,21,25,14,17,18,19,14,11,9,10,8,13,12,4,10,5,5,6,3,7,4,3,3,3,4,8,1,3,1,2,1,0,0,0,0,0,1,3,0,0,4,0,1,0,0,0,0,0,0,0,0,0,0,0,0,0,0,0,0,0,0,0,0,0,0,0,0,0,0,0,0,0,0,0,0,0,0,0,0,0
3,0,2,2,5,2,2,4,1,2,2,6,5,2,2,6,13,9,15,14,8,15,16,23,19,37,21,45,36,30,37,43,56,58,54,53,72,70,85,75,99,103,101,114,115,109,108,116,112,152,127,127,141,152,153,187,194,192,155,163,181,178,162,197,183,180,185,167,171,174,153,151,173,160,166,172,167,140,172,142,137,116,137,101,121,133,112,98,76,83,107,98,87,93,72,80,80,79,60,51,58,57,59,68,35,46,65,44,39,47,35,35,26,39,32,28,28,22,19,19,18,24,13,18,10,15,8,17,12,6,13,5,10,10,10,3,6,4,6,6,3,4,5,2,1,4,1,1,0,2,0,0,1,1,2,4,0,0,1,1,0,0,0,0,0,0,0,0,1,1,0,0,0,0,0,0,0,0,1,0,0,0,0,0,0,0,0,0,0,0,0,0,0,0,0,0,0,0,0,0
0,1,1,5,4,2,1,2,1,1,2,7,6,5,9,7,5,14,11,20,9,26,19,22,28,38,30,25,30,42,44,37,44,64,52,60,72,68,72,90,86,88,88,87,86,113,104,127,113,119,120,154,160,159,160,168,135,190,163,159,167,148,141,170,165,156,177,135,151,149,165,139,138,159,146,147,156,128,140,128,136,123,125,104,119,108,120,108,95,94,94,100,111,79,64,78,68,69,65,73,65,51,61,56,61,32,37,40,34,38,35,25,26,26,25,25,25,28,27,25,13,21,15,21,17,13,11,14,14,13,7,7,11,16,6,4,8,4,2,2,3,4,3,4,1,4,1,1,4,3,4,1,1,3,2,4,1,1,0,0,0,0,1,0,1,1,1,0,0,1,0,0,0,0,0,0,0,0,0,0,0,0,0,0,0,0,0,0,0,0,0,0,0,0,0,0,0,0,0,0
1,0,0,1,2,0,3,0,2,2,0,2,4,4,5,7,7,7,15,14,13,17,25,17,19,24,24,19,44,26,18,32,46,53,55,67,53,67,72,64,99,92,84,86,121,130,94,101,140,116,134,121,145,156,168,173,162,161,163,175,170,194,140,185,156,157,179,174,131,157,151,172,133,119,154,156,157,133,136,130,125,105,124,110,122,91,111,76,86,78,90,98,82,60,84,70,67,66,59,55,56,51,64,43,46,37,48,45,36,36,32,20,24,24,25,26,19,26,16,15,18,13,19,10,19,14,10,15,13,7,5,4,2,14,3,8,10,9,2,7,5,2,0,2,0,5,2,0,0,2,2,1,0,3,0,0,2,0,1,0,0,1,0,0,0,1,0,0,0,0,0,0,0,0,0,0,0,0,0,0,0,0,0,0,0,0,0,0,0,0,0,0,0,0,0,0,0,0,0,0
0,0,2,3,3,2,1,1,1,0,0,1,9,7,6,5,8,20,13,15,9,11,23,26,12,29,25,37,33,38,37,36,57,64,60,57,68,57,60,67,89,75,91,96,102,115,113,117,106,111,153,133,152,152,133,149,159,144,150,129,139,155,149,166,168,154,150,137,149,139,143,138,145,133,159,124,160,130,105,119,132,117,99,114,115,104,91,90,82,95,96,89,85,60,78,70,72,58,43,50,43,47,39,46,36,37,28,43,39,24,38,26,31,40,24,27,25,23,19,19,22,19,21,13,9,16,13,13,12,7,3,5,8,5,8,4,7,1,5,6,0,5,4,1,3,1,0,0,2,1,0,0,1,1,3,2,1,0,1,0,0,0,1,0,0,0,0,0,1,0,0,0,0,0,1,0,0,0,0,0,0,0,0,0,0,0,0,0,0,0,0,0,0,0,0,0,0,0,0,0
2,1,4,0,8,1,2,2,0,0,1,8,6,1,3,6,5,13,8,13,14,18,18,17,16,30,19,40,31,40,36,31,39,65,50,41,63,47,51,77,76,94,85,113,87,108,97,103,95,125,145,130,132,135,147,145,160,165,137,141,147,158,127,159,136,155,161,158,153,158,150,142,133,140,151,123,153,123,116,144,108,88,116,101,128,97,105,83,83,90,74,85,64,72,63,79,79,66,59,61,61,58,35,26,36,49,45,31,27,31,27,25,20,21,22,27,26,18,19,28,18,21,17,14,16,6,5,15,10,10,5,10,9,6,4,2,3,7,7,5,1,4,6,5,5,10,3,2,1,1,3,1,1,0,1,3,2,3,1,0,2,0,0,0,1,0,0,0,0,0,0,0,0,0,0,0,0,0,0,0,0,0,0,0,0,0,0,0,0,0,0,0,0,0,0,0,0,0,0,0
1,0,2,2,3,3,5,1,0,0,0,4,3,2,8,3,5,7,17,13,15,14,14,16,20,17,20,32,39,30,37,44,51,49,55,59,60,48,65,68,78,86,71,84,102,108,97,93,108,127,126,131,149,138,123,174,154,144,163,127,144,160,137,142,152,132,151,165,143,130,141,143,133,131,127,125,143,107,127,120,119,109,121,111,112,97,109,90,88,83,78,88,70,63,74,68,64,66,63,73,54,50,53,50,44,43,57,44,37,36,23,34,38,21,30,25,26,9,24,19,25,15,16,17,9,13,7,16,9,11,14,7,5,6,2,6,2,3,5,3,3,1,6,6,2,4,2,1,2,0,0,1,0,0,0,0,0,0,1,0,1,0,0,2,0,0,0,2,0,1,0,0,0,0,2,1,0,0,0,0,0,0,0,0,0,0,0,0,0,0,0,0,0,0,0,0,0,0,0,0
2,0,1,1,4,2,1,1,2,2,1,8,2,6,5,4,6,9,14,17,14,19,12,15,15,23,24,21,28,25,41,51,32,53,60,52,57,57,58,74,86,54,85,105,81,99,99,111,91,121,126,129,150,130,126,136,139,133,151,138,150,143,147,154,122,140,146,143,150,130,122,135,118,128,148,134,129,115,108,126,111,101,105,97,116,96,86,88,83,98,81,69,82,70,70,74,83,72,69,55,48,49,45,42,51,32,42,35,33,35,25,27,22,30,23,20,21,27,19,23,16,19,16,11,15,15,11,12,15,10,6,4,12,5,4,1,4,6,4,4,10,2,4,4,1,1,0,2,2,1,1,0,0,0,0,0,3,1,0,2,0,0,1,0,0,0,0,0,0,0,0,0,0,0,0,0,0,0,0,0,1,0,0,0,0,0,0,0,0,0,0,0,0,0,0,0,0,0,0,0
1,0,1,5,6,1,2,2,0,0,1,2,7,5,4,3,9,11,7,17,11,13,12,16,15,27,18,31,30,37,33,39,43,46,41,55,59,47,67,77,70,62,75,96,75,76,115,101,109,114,112,104,123,110,136,137,144,160,160,128,144,150,152,135,157,145,144,110,131,169,145,141,95,135,128,126,126,107,88,94,108,100,99,90,105,91,86,72,84,79,94,68,57,72,87,62,56,60,53,53,61,63,45,48,38,31,33,43,38,41,32,25,29,28,30,20,26,23,14,18,20,14,9,14,4,9,17,11,8,8,3,10,8,8,2,3,4,7,1,5,2,4,3,1,3,3,3,0,1,2,2,1,1,0,0,0,1,0,1,1,0,0,0,2,0,0,0,0,0,0,0,0,0,0,0,0,0,0,0,0,0,0,0,0,0,0,0,0,0,0,0,0,0,0,0,0,0,0,0,0
3,0,0,2,4,2,1,2,0,0,1,3,3,2,5,2,4,12,12,20,14,22,16,14,16,23,31,30,24,33,35,31,44,43,43,45,67,53,79,65,75,82,82,87,105,84,98,127,104,122,129,105,114,142,112,129,144,135,155,128,127,185,134,158,128,130,131,167,147,138,138,130,97,114,143,134,130,91,107,125,92,98,113,105,106,68,94,76,76,71,84,73,71,75,79,72,81,58,57,45,39,58,39,43,37,35,56,35,22,20,30,24,29,33,36,32,21,18,17,19,14,13,14,15,12,8,10,15,8,8,6,7,7,3,8,4,6,7,2,2,3,4,3,3,2,3,2,2,0,1,0,1,2,1,0,0,2,2,0,0,0,0,0,2,0,0,0,0,0,0,0,0,0,0,0,0,0,0,0,0,1,0,0,0,0,0,0,0,0,0,0,0,0,0,0,0,0,0,0,0
0,0,0,3,5,0,2,3,0,1,3,6,3,3,5,5,6,11,9,16,17,16,17,13,16,18,30,27,27,28,37,19,50,58,48,48,60,44,66,70,72,82,64,94,85,106,88,90,91,94,118,105,134,125,114,135,113,139,125,128,144,137,107,147,141,137,107,123,119,136,147,129,128,131,109,126,124,92,90,100,118,91,100,88,100,87,96,95,83,65,72,86,64,55,74,78,34,58,50,37,47,32,34,45,59,34,39,27,31,33,36,22,17,21,15,23,20,18,9,17,14,16,10,10,14,11,5,9,9,3,6,7,6,5,4,7,4,2,3,1,1,2,1,3,0,1,3,4,0,2,2,0,2,1,0,1,0,1,2,0,0,0,0,1,0,0,0,1,0,0,0,0,0,0,0,0,0,0,0,0,0,0,0,0,0,0,0,0,0,0,0,0,0,0,0,0,0,0,0,0
0,0,1,6,2,1,2,2,0,0,4,4,7,3,7,7,8,6,16,15,11,15,15,12,18,23,22,32,29,30,24,38,57,53,42,38,49,52,78,58,78,80,78,78,74,87,88,87,124,89,111,101,112,139,119,119,111,148,115,117,137,148,131,152,121,123,130,121,106,143,140,122,125,121,113,107,130,129,118,96,88,115,88,95,88,87,78,70,68,73,79,74,63,53,69,69,73,58,36,43,57,37,43,41,38,38,37,30,25,31,26,23,20,22,20,12,18,16,10,17,19,14,16,14,10,8,5,8,9,11,7,6,8,6,4,4,9,3,1,3,5,3,2,1,2,7,1,1,1,1,0,0,1,0,0,0,1,1,0,0,1,0,0,0,2,1,0,0,0,0,0,0,0,0,0,0,0,0,0,0,0,0,0,0,0,0,0,0,0,0,0,0,0,0,0,0,0,0,0,0
0,0,3,6,0,0,0,2,2,1,0,4,4,2,7,6,7,9,5,22,11,12,9,13,11,23,17,18,29,25,39,25,35,51,49,41,54,39,46,69,65,58,61,93,77,102,94,90,83,90,115,124,119,133,119,130,121,129,140,114,121,157,129,167,128,135,137,126,121,105,107,114,109,113,118,111,116,99,118,98,96,88,105,100,89,78,72,93,59,82,65,82,63,59,56,60,51,47,46,46,40,47,41,27,30,27,38,29,28,36,31,23,20,21,22,22,10,17,10,17,11,11,11,8,9,8,11,10,12,3,8,3,5,7,1,6,6,2,6,3,4,2,0,4,3,3,3,1,0,2,0,0,0,2,1,3,0,1,0,0,1,1,1,0,1,0,0,0,0,1,1,0,0,0,0,0,0,0,1,0,0,0,0,0,0,0,0,0,0,0,0,0,0,0,0,0,0,0,0,0
0,0,0,1,2,0,2,2,3,0,0,8,3,4,8,2,8,11,9,11,11,15,11,12,17,23,27,34,31,25,26,42,37,57,42,45,48,53,55,54,49,86,73,90,67,82,69,86,90,91,97,109,96,119,119,132,119,126,117,116,111,156,122,145,129,112,116,131,108,129,119,133,100,105,117,98,115,95,101,117,101,74,78,76,97,100,86,92,67,59,68,94,59,57,58,57,59,50,47,45,54,38,29,30,35,38,35,38,29,20,24,18,24,23,24,24,18,15,14,10,14,5,10,13,11,18,12,10,15,6,3,5,7,5,6,3,6,0,4,5,2,0,5,5,2,2,0,1,1,1,1,0,1,4,1,2,1,2,0,1,0,0,1,0,0,1,0,1,0,0,0,0,0,0,0,0,0,0,0,0,0,0,0,0,0,0,0,0,0,0,0,0,0,0,0,0,0,0,0,0
0,0,0,5,3,1,3,4,0,1,1,12,4,7,4,3,6,9,6,11,4,12,12,18,14,18,19,24,37,29,32,25,39,40,35,42,46,43,66,66,57,81,63,79,69,88,88,94,77,85,117,95,123,108,85,125,99,145,120,122,113,122,118,136,131,111,135,115,114,117,116,110,112,117,109,103,108,89,99,96,93,68,95,87,85,101,63,67,70,57,61,61,60,51,57,60,63,57,53,34,51,35,36,32,33,30,23,25,31,25,21,19,19,16,19,15,16,14,10,14,17,12,15,17,13,7,2,7,13,8,9,6,3,6,5,4,5,2,2,1,0,2,0,2,5,5,3,1,2,1,1,2,3,1,0,1,1,0,0,0,0,0,0,0,0,0,0,0,0,0,0,0,0,0,0,0,0,0,0,0,1,0,0,0,0,0,0,0,0,0,0,0,0,0,0,0,0,0,0,0
2,0,0,3,5,2,1,2,0,1,2,4,6,1,3,4,7,4,7,9,11,24,9,17,14,27,17,33,38,33,29,27,51,68,42,49,52,50,42,58,51,69,67,78,64,78,80,86,81,87,109,100,116,115,83,127,121,124,100,101,138,117,118,148,133,112,124,117,95,120,102,116,110,105,112,128,105,94,89,88,85,102,96,86,95,77,72,73,66,72,65,56,55,43,42,53,68,59,46,43,41,33,39,43,33,29,27,32,25,28,17,22,24,18,18,23,17,14,19,12,13,5,9,15,6,17,9,5,9,5,9,5,6,6,3,3,3,3,0,3,2,2,2,4,2,4,3,2,0,4,1,1,1,1,1,0,1,1,0,0,0,0,0,0,1,0,0,0,0,0,0,0,0,0,0,0,0,0,1,0,0,0,0,0,0,0,0,0,0,0,0,0,0,0,0,0,0,0,0,0
0,0,1,2,6,1,3,1,0,0,0,2,4,2,6,5,11,8,11,11,11,10,17,14,9,21,16,27,25,37,30,30,39,50,38,39,52,49,63,55,78,68,57,84,64,77,73,82,96,79,91,94,93,106,102,108,127,99,116,120,115,93,103,111,99,115,115,114,125,127,114,89,95,97,121,109,111,91,90,93,90,89,71,77,75,77,66,56,60,66,60,57,56,36,64,54,43,49,43,44,41,41,28,25,26,31,28,29,22,17,23,30,19,21,20,19,13,16,11,8,12,8,13,11,9,12,7,8,7,7,0,3,6,3,7,7,3,4,2,3,4,4,4,0,2,4,1,2,3,2,1,0,1,0,0,0,1,0,0,0,0,0,0,1,0,0,0,0,0,0,0,0,0,0,0,0,0,0,0,0,0,0,0,0,0,0,0,0,0,0,0,0,0,0,0,0,0,0,0,0
2,0,4,4,5,0,1,1,0,2,0,4,2,3,6,1,3,10,7,15,8,13,6,13,11,19,12,25,19,29,25,29,38,41,36,41,56,43,40,51,58,72,61,83,66,84,75,86,78,82,101,96,97,123,117,122,95,112,116,126,113,128,102,138,81,112,122,98,102,100,125,96,112,88,98,97,106,101,82,77,82,72,96,81,72,90,72,70,58,58,66,57,53,70,55,47,52,44,34,33,31,38,30,28,31,32,19,27,17,24,19,15,20,15,18,16,17,17,18,6,7,9,7,11,5,7,7,5,9,10,7,4,5,5,3,5,4,2,3,2,4,1,2,0,2,3,1,3,2,0,0,0,1,0,0,3,0,0,0,1,0,0,0,0,0,0,0,0,0,1,0,0,0,0,0,0,0,0,0,0,0,0,0,0,0,0,0,0,0,0,0,0,0,0,0,0,0,0,0,0
0,0,0,1,2,0,1,3,2,4,0,4,5,2,5,6,8,7,11,15,7,9,8,13,17,21,14,36,25,26,20,36,45,41,32,48,55,46,48,49,50,69,73,78,81,70,68,75,72,80,98,86,92,102,111,115,103,111,106,106,107,116,95,126,128,97,103,119,108,114,97,103,103,89,119,90,106,87,84,89,71,75,78,75,71,86,76,61,57,59,53,56,56,50,56,46,35,46,43,41,35,36,33,31,29,27,31,39,20,23,14,20,16,24,16,16,13,16,17,16,10,9,9,4,12,6,6,5,7,6,5,0,6,2,5,5,4,2,4,2,1,1,2,2,0,1,0,0,2,0,0,1,2,1,1,2,1,0,0,2,1,0,0,0,0,0,0,0,0,0,0,0,0,0,0,0,0,0,0,0,0,0,0,0,0,0,0,0,0,0,0,0,0,0,0,0,0,0,0,0
1,0,0,3,4,2,1,2,2,2,2,2,4,2,3,4,5,7,11,15,8,10,14,15,13,16,11,24,33,29,35,33,35,45,40,46,63,26,56,50,57,68,58,57,61,88,71,75,71,79,99,94,73,111,96,114,93,94,104,113,143,91,103,103,106,105,106,107,94,98,103,89,90,87,93,98,83,94,84,72,85,70,84,73,68,64,74,72,50,45,58,54,47,49,46,41,54,38,46,40,45,36,29,32,31,33,30,24,26,30,24,18,15,12,25,17,16,17,19,10,16,10,6,13,10,8,4,13,8,6,1,7,2,10,3,3,3,2,3,0,3,0,4,2,2,1,0,1,2,1,0,0,0,1,1,0,1,0,1,0,1,0,0,0,0,0,0,0,0,1,0,0,0,0,0,0,0,0,0,0,0,0,0,0,0,0,0,0,0,0,0,0,0,0,0,0,0,0,0,0
1,0,2,2,2,1,0,0,0,2,0,2,1,4,3,4,3,7,9,17,5,11,19,11,12,16,14,18,18,24,25,21,39,39,30,35,48,35,47,55,49,72,54,66,51,68,75,90,77,65,96,90,91,96,93,121,105,117,103,112,91,125,101,113,119,99,96,98,102,106,102,94,101,102,106,84,86,75,81,74,63,77,78,59,54,59,79,59,54,51,37,46,61,47,42,42,52,50,45,29,29,31,35,35,28,23,26,32,28,15,21,22,21,8,14,19,11,20,12,14,15,13,7,6,10,8,4,6,10,4,8,2,5,3,3,2,3,4,4,2,4,3,2,4,0,1,3,1,2,0,1,1,0,1,1,1,0,0,0,0,0,0,0,0,0,0,0,0,0,0,0,0,0,0,0,0,0,0,0,0,1,0,0,0,0,0,0,0,0,0,0,0,0,0,0,0,0,0,0,0
1,0,2,0,1,0,0,3,0,2,1,2,1,1,5,5,3,12,6,17,9,12,10,15,14,19,15,21,25,27,21,34,39,27,33,29,48,32,40,62,52,68,48,67,67,63,64,81,63,87,92,93,94,88,92,98,82,108,90,94,109,125,94,115,98,93,94,87,81,95,109,89,96,81,90,93,85,81,79,79,73,69,91,45,68,74,61,69,58,53,50,64,52,44,43,37,43,30,23,40,37,33,29,26,25,27,32,27,19,15,18,17,15,21,20,17,11,10,15,6,6,4,7,9,5,8,4,7,7,5,8,5,3,6,6,6,2,4,4,1,1,5,1,3,1,1,0,1,3,0,2,0,1,0,0,1,2,0,2,0,0,1,0,0,1,0,0,0,0,1,0,0,0,0,0,0,0,0,0,0,0,0,0,0,0,0,0,0,0,0,0,0,0,0,0,0,0,0,0,0
0,0,0,0,1,1,2,2,1,0,1,6,3,5,1,2,5,4,7,9,6,10,10,19,10,22,12,16,19,28,26,32,46,38,31,44,58,37,48,57,45,61,65,70,59,71,64,82,74,83,95,77,85,106,86,111,95,91,111,115,120,86,96,106,98,107,108,99,103,101,104,90,77,78,94,80,92,72,76,81,87,60,77,71,61,66,73,70,71,36,44,53,47,41,52,43,41,45,33,29,30,36,27,23,39,22,19,24,30,16,12,16,17,11,22,16,13,16,13,7,11,9,13,5,6,14,3,8,7,6,3,7,1,4,2,7,4,3,1,2,2,1,1,3,4,2,0,1,1,0,0,1,0,0,0,1,1,1,0,0,0,0,1,0,0,2,0,0,0,1,0,0,0,0,1,0,0,0,0,0,0,0,0,0,0,0,0,0,0,0,0,0,0,0,0,0,0,0,0,0
0,0,0,4,3,0,3,2,0,2,0,1,9,2,4,3,7,6,6,7,12,15,10,12,16,11,24,17,26,18,19,26,30,46,40,54,35,30,50,55,63,55,51,75,60,57,70,48,66,70,77,86,88,121,107,104,106,91,108,91,86,114,80,132,106,85,119,87,91,86,97,69,88,88,98,81,73,64,78,74,66,46,81,59,70,54,55,57,42,37,56,47,52,30,30,47,53,42,38,27,35,36,36,26,26,26,24,21,28,17,15,13,18,13,14,13,13,11,16,7,13,7,10,13,5,4,6,4,3,7,9,1,5,5,4,1,0,2,1,0,2,2,2,1,1,1,2,0,1,1,0,0,0,0,0,0,0,1,0,1,0,0,0,0,0,0,0,0,0,1,0,0,0,0,0,0,0,0,0,0,0,0,0,0,0,0,0,0,0,0,0,0,0,0,0,0,0,0,0,0
1,0,1,4,2,0,4,0,0,2,1,6,5,4,6,4,5,8,7,11,11,7,13,16,12,8,14,23,21,18,26,28,33,33,31,30,48,36,41,47,48,49,53,60,57,50,70,79,76,78,74,81,94,87,70,100,93,109,92,88,103,103,93,101,108,94,91,92,77,89,103,98,93,93,80,71,90,62,79,69,64,53,69,67,74,56,71,46,56,53,43,50,55,50,49,39,47,39,36,32,34,23,20,27,18,27,18,19,18,22,28,16,15,18,17,17,12,14,11,7,12,11,3,8,6,6,4,5,6,8,2,2,2,6,3,1,2,1,5,2,6,2,4,1,1,3,1,3,1,1,1,0,0,1,0,2,2,0,1,0,1,0,1,0,0,1,0,0,0,0,0,0,0,0,0,0,0,0,0,0,0,0,0,0,0,0,0,0,0,0,0,0,0,0,0,0,0,0,0,0
2,0,0,1,1,0,0,1,1,1,1,4,0,1,3,2,2,5,6,14,7,10,12,7,11,19,12,11,30,24,34,26,34,43,40,31,48,31,51,63,38,50,36,57,54,77,66,72,68,78,75,69,89,85,92,95,71,106,97,99,94,103,103,106,81,87,103,83,87,81,105,70,89,92,80,63,70,67,63,60,79,54,60,72,53,72,49,52,55,37,43,53,41,39,33,39,42,35,35,27,38,19,25,27,21,23,12,20,16,16,21,11,9,13,13,17,19,17,7,13,14,13,13,9,7,5,5,6,7,6,5,2,6,10,3,3,5,2,2,4,3,0,4,1,1,0,2,0,1,0,0,2,1,0,0,0,0,0,0,0,0,0,0,0,0,0,0,0,0,0,1,0,0,0,0,0,0,0,0,0,0,0,0,0,0,0,0,0,0,0,0,0,0,0,0,0,0,0,0,0
0,0,2,1,4,1,2,0,2,1,1,3,3,1,5,2,4,6,9,14,9,8,8,5,15,6,21,18,17,21,21,16,31,39,42,30,47,40,45,58,50,48,54,60,53,74,75,49,65,66,70,77,82,83,78,89,85,99,98,81,85,106,78,104,87,99,84,80,100,86,81,83,70,69,88,84,73,75,64,67,66,54,65,62,60,60,56,54,44,44,47,55,45,31,35,32,41,33,43,36,35,23,15,19,18,25,26,22,16,17,12,17,13,14,6,11,11,15,11,7,7,9,5,5,10,7,9,6,10,3,5,1,2,5,2,8,1,2,0,0,2,1,1,2,1,2,4,0,1,1,0,2,1,2,0,0,0,0,0,0,1,0,0,0,0,0,2,0,0,0,0,0,0,0,2,0,0,0,0,0,0,0,0,0,0,0,0,0,0,0,0,0,0,0,0,0,0,0,0,0
0,0,0,3,2,0,0,3,0,0,2,2,1,2,5,4,1,6,4,9,8,10,16,17,7,20,17,16,21,15,15,22,30,33,31,33,34,34,38,42,49,50,42,57,62,62,68,71,60,67,94,82,96,87,90,82,83,71,80,89,91,94,72,88,96,82,103,94,65,82,86,67,90,76,86,84,72,56,68,56,61,59,62,54,47,67,59,49,47,50,41,52,53,44,47,42,37,23,29,35,32,26,27,23,25,17,27,25,9,17,18,12,18,12,17,12,9,9,9,5,14,14,5,6,4,11,6,10,5,6,1,4,9,3,7,2,4,3,0,1,3,3,1,1,0,3,0,0,1,0,1,0,0,1,2,0,1,2,0,0,0,0,1,0,1,0,0,0,0,0,0,0,0,0,0,0,0,0,0,0,0,0,0,0,0,0,0,0,0,0,0,0,0,0,0,0,0,0,0,0
0,0,1,1,5,1,2,1,0,1,1,5,4,0,3,3,5,6,7,16,7,11,5,12,15,25,12,21,16,19,17,22,27,22,33,23,34,27,41,41,57,62,59,64,59,65,58,62,58,60,54,69,71,77,76,98,76,101,77,73,93,72,76,91,92,103,77,83,89,72,101,74,70,59,79,59,52,66,47,59,59,53,68,50,44,54,60,41,48,48,47,45,49,40,33,50,36,24,34,24,30,24,20,22,22,24,26,19,14,8,15,8,15,16,9,9,10,11,8,14,13,11,4,12,4,6,2,5,2,7,2,2,3,5,5,5,1,5,2,5,1,3,2,2,1,1,1,1,2,2,1,0,0,1,1,1,0,0,0,0,0,0,0,0,0,0,0,0,0,0,0,0,0,0,0,0,0,0,0,0,0,0,0,0,0,0,0,0,0,0,0,0,0,0,0,0,0,0,0,0
2,0,1,3,3,0,1,1,0,1,1,2,2,3,2,2,7,7,4,9,13,11,8,12,8,13,14,23,22,9,18,21,35,41,25,31,37,37,35,61,47,44,41,61,50,57,54,71,62,60,70,65,63,75,79,76,88,92,62,79,81,76,82,74,67,94,88,70,71,80,79,72,68,62,95,76,75,68,73,64,66,54,60,45,51,44,48,53,32,38,46,43,32,26,22,42,38,26,26,21,27,31,31,21,24,18,23,15,14,23,12,12,15,12,13,9,15,10,14,12,4,6,9,2,6,7,9,6,3,6,7,3,3,5,2,2,4,2,1,2,1,3,1,1,2,3,1,1,2,0,0,0,0,2,0,0,0,0,0,0,0,0,0,1,0,1,0,0,0,0,0,0,0,0,0,0,0,0,0,0,1,0,0,0,0,0,0,0,0,0,0,0,0,0,0,0,0,0,0,0
0,0,2,2,6,0,1,2,0,2,1,3,4,3,9,3,2,6,4,9,10,11,14,12,9,19,15,26,18,24,21,23,26,32,37,27,44,29,33,45,34,49,57,55,67,44,52,58,70,65,60,71,75,81,87,102,72,97,65,64,87,84,75,79,77,81,71,65,67,74,81,57,81,75,76,60,81,54,65,54,63,35,59,50,62,53,46,47,39,31,53,34,33,35,38,33,23,25,29,18,20,29,16,20,26,22,18,21,18,15,17,19,12,12,15,7,11,8,8,10,10,2,10,12,9,11,3,7,4,4,5,4,0,3,2,2,3,2,1,1,2,0,1,3,0,2,1,2,0,2,3,0,1,0,0,1,0,0,0,0,0,0,0,0,0,0,0,0,0,0,0,0,0,0,0,0,0,0,0,0,0,0,0,0,0,0,0,0,0,0,0,0,0,0,0,0,0,0,0,0
0,0,1,2,2,0,1,0,0,1,1,7,3,1,5,1,2,6,5,7,2,9,13,10,1,8,12,19,17,20,26,19,17,32,29,29,38,38,32,46,54,41,39,49,49,53,44,63,51,56,67,56,89,80,73,69,76,95,73,83,82,81,67,87,61,66,79,62,74,87,81,66,81,72,70,68,71,72,52,56,56,52,57,40,58,56,55,45,42,46,47,43,34,25,36,33,35,41,18,20,24,23,21,26,14,12,27,18,16,14,14,12,20,13,14,19,11,10,11,5,6,11,4,6,3,7,4,7,4,8,5,4,0,1,7,5,3,2,2,4,1,3,3,1,4,1,0,0,0,0,0,0,1,0,0,0,0,0,0,0,0,0,0,0,0,0,0,0,0,0,0,0,0,0,0,0,0,0,0,0,0,0,0,0,0,0,0,0,0,0,0,0,0,0,0,0,0,0,0,0
1,0,2,0,5,0,1,0,1,1,1,5,5,6,1,3,2,11,4,7,5,6,8,13,9,18,8,11,22,16,15,20,26,28,24,39,32,27,28,25,35,40,44,61,57,59,59,57,53,66,64,69,82,92,62,68,84,74,72,77,85,77,80,100,58,76,55,64,69,85,75,66,74,58,68,57,67,62,50,48,58,52,46,60,40,52,43,37,42,54,37,41,28,33,35,34,35,29,26,29,26,32,21,21,19,20,14,14,17,18,18,8,20,10,9,9,10,7,5,7,13,10,9,7,6,4,2,4,2,8,3,2,2,1,5,1,2,2,1,1,1,3,4,1,0,2,0,1,0,0,1,1,0,0,0,0,1,0,0,0,0,0,0,0,0,0,0,1,1,0,0,0,0,0,0,0,0,0,0,0,0,0,0,0,0,0,0,0,0,0,0,0,0,0,0,0,0,0,0,0
1,1,1,3,2,0,2,1,1,0,1,6,1,1,3,1,2,1,9,8,6,9,5,14,12,11,18,15,17,19,19,13,28,29,18,26,42,31,28,32,32,42,39,49,59,52,49,61,61,61,74,72,63,71,57,65,60,81,80,71,63,85,77,76,71,76,83,80,86,80,76,80,62,67,62,59,63,63,67,47,54,38,50,54,51,46,46,39,29,42,38,41,31,34,25,30,26,18,25,28,21,20,14,23,23,19,19,15,20,17,12,6,16,10,6,10,10,15,16,4,6,7,2,8,2,5,4,4,2,3,5,3,7,3,2,4,0,0,4,1,1,0,3,0,3,1,1,0,0,1,2,0,0,1,1,0,1,0,1,0,0,0,0,1,0,0,0,0,0,0,0,0,0,0,0,0,0,0,0,0,0,0,0,0,0,0,0,0,0,0,0,0,0,0,0,0,0,0,0,0
0,0,1,3,1,1,1,2,0,2,0,4,4,3,2,3,1,5,8,11,3,10,5,7,6,12,11,18,12,13,15,15,22,26,26,21,30,26,31,32,45,41,42,45,53,45,49,59,60,66,77,59,75,68,72,90,63,81,67,70,59,87,87,75,76,70,77,76,70,62,64,83,66,71,75,68,63,57,51,47,50,39,50,55,38,39,36,39,32,33,31,31,35,19,26,33,26,18,19,23,27,22,13,27,16,20,13,15,14,16,19,8,11,6,9,3,13,12,13,13,4,9,6,5,1,5,6,3,8,7,1,3,2,2,4,4,3,0,1,1,2,0,1,3,3,3,0,0,0,0,0,0,0,0,1,1,0,0,0,0,0,0,0,0,1,1,0,0,0,0,0,0,0,0,1,0,0,0,0,0,0,0,0,0,0,0,0,0,0,0,0,0,0,0,0,0,0,0,0,0
1,0,0,0,3,0,1,1,0,0,1,4,1,4,5,3,4,4,6,9,1,11,10,19,10,19,11,18,16,14,22,16,37,26,26,26,35,35,42,42,39,34,42,51,49,61,45,52,54,56,62,62,68,72,69,71,77,77,63,74,77,67,63,85,69,78,68,60,64,66,62,77,53,61,69,55,61,39,47,49,48,47,39,39,51,42,25,32,34,26,36,34,33,34,28,29,19,34,22,19,27,15,10,21,23,16,20,16,12,14,15,10,7,15,7,9,12,5,8,10,9,9,3,7,5,7,3,4,1,3,3,6,1,2,3,2,1,3,3,4,0,3,0,1,0,1,0,0,2,0,1,0,1,1,2,1,1,0,0,0,0,0,1,0,0,0,0,0,0,0,0,0,0,0,0,0,0,0,0,0,0,0,0,0,0,0,0,0,0,0,0,0,0,0,0,0,0,0,0,0
0,0,0,1,2,1,1,4,1,0,2,3,4,2,0,6,2,5,4,7,5,11,10,12,7,20,14,18,18,16,15,25,27,32,29,32,29,24,31,37,41,49,39,45,46,44,63,41,50,52,45,57,58,65,60,71,72,66,65,71,66,79,68,92,87,75,65,71,63,63,73,65,55,63,57,54,58,50,61,45,45,59,55,39,54,51,42,43,38,32,27,31,24,22,25,16,31,29,16,25,16,15,20,18,19,16,11,14,17,13,11,7,12,6,13,11,7,6,14,4,10,3,4,3,8,3,2,6,5,3,2,2,4,1,1,3,2,2,1,3,0,3,4,2,0,4,1,0,0,0,1,0,1,2,0,1,0,1,1,0,0,0,1,0,0,1,0,0,0,0,0,0,0,0,0,0,0,0,0,0,0,0,0,0,0,0,0,0,0,0,0,0,0,0,0,0,0,0,0,0
1,0,1,1,2,0,0,1,1,0,1,2,2,0,5,1,5,3,3,10,6,5,12,7,6,14,16,9,21,14,22,22,16,27,33,33,31,24,21,37,43,50,36,46,45,52,45,51,44,61,73,54,54,59,53,62,60,69,68,71,67,69,70,70,64,73,68,67,55,59,67,66,55,58,68,52,65,44,48,55,44,40,51,39,50,46,38,38,36,30,31,26,29,31,24,31,26,17,21,22,18,20,17,17,18,13,14,17,16,11,17,9,14,14,8,5,12,13,11,5,12,7,6,9,3,4,6,1,7,4,1,6,1,3,6,1,2,5,0,0,0,2,1,2,3,0,2,1,0,0,1,0,1,0,3,1,0,0,0,0,0,0,0,0,0,0,0,0,0,0,0,0,0,0,0,0,0,0,0,0,0,0,0,0,0,0,0,0,0,0,0,0,0,0,0,0,0,0,0,0
0,0,1,2,2,0,1,1,0,1,1,4,0,2,2,3,3,7,8,17,1,7,12,2,9,8,8,9,20,10,25,19,25,20,26,33,34,20,38,25,33,47,29,54,40,42,42,59,52,54,55,53,69,61,61,61,55,60,54,59,59,80,45,82,69,81,64,71,63,61,72,68,60,58,60,63,58,47,46,36,51,39,49,51,42,42,41,37,39,29,23,39,28,26,23,37,31,28,21,19,24,13,16,25,15,17,15,11,12,13,12,9,10,11,9,14,8,9,4,8,5,9,5,2,7,4,1,1,5,1,1,3,1,6,2,2,4,3,1,1,2,1,2,0,1,0,1,2,1,2,0,1,0,0,0,1,0,0,1,1,0,0,0,0,0,0,0,0,0,1,0,0,0,0,0,0,1,0,0,0,0,0,0,0,0,0,0,0,0,0,0,0,0,0,0,0,0,0,0,0
3,0,0,1,2,1,1,0,0,2,0,2,3,2,2,6,6,2,10,13,8,9,7,11,8,9,13,14,13,28,20,15,24,34,25,26,23,17,25,36,43,36,41,39,48,61,46,45,38,66,65,56,53,51,58,67,64,65,65,67,62,71,58,65,58,64,69,70,65,52,70,61,58,54,36,59,62,52,54,33,40,37,38,49,47,42,36,39,28,28,37,44,18,25,27,33,14,28,21,24,24,23,15,15,21,14,18,14,12,19,17,4,10,7,4,8,12,6,7,4,5,4,7,5,8,6,2,5,3,1,3,0,1,1,2,2,1,2,1,3,0,1,3,3,0,2,1,0,0,1,1,1,1,1,0,0,0,0,1,1,0,0,0,1,0,0,0,0,0,1,0,0,0,0,0,0,0,0,1,0,0,0,0,0,0,0,0,0,0,0,0,0,0,0,0,0,0,0,0,0
0,0,1,1,3,0,1,0,0,0,0,6,6,2,5,0,4,5,9,11,4,8,7,9,9,16,15,12,14,22,11,14,26,22,21,36,34,24,25,30,30,36,32,55,40,38,60,40,39,53,60,52,50,64,52,52,60,74,67,61,63,80,60,70,64,55,66,70,57,57,60,41,57,52,67,38,51,43,51,36,46,37,46,40,51,37,46,25,35,24,21,25,21,28,32,27,23,23,16,16,26,22,18,11,14,11,9,13,12,16,19,7,12,8,12,10,12,7,4,7,12,8,3,6,7,3,4,3,2,1,3,2,3,1,1,2,1,1,0,0,2,0,1,0,1,2,0,2,0,1,2,0,0,1,0,0,1,0,0,0,0,0,0,0,0,0,0,0,0,0,0,0,0,0,0,0,0,0,0,0,0,0,0,0,0,0,0,0,0,0,0,0,0,0,0,0,0,0,0,0
0,0,1,1,1,0,0,1,2,0,1,3,2,6,2,2,2,3,7,6,9,3,3,9,9,10,12,13,13,15,18,19,13,17,18,23,32,22,23,46,36,37,29,25,38,32,35,43,43,47,62,49,52,56,58,63,53,61,58,64,62,56,55,53,61,69,52,50,58,63,52,43,71,48,46,45,49,49,45,44,41,39,51,34,33,39,42,35,29,26,31,27,37,20,31,35,25,18,19,15,22,9,17,25,16,20,13,11,15,13,10,8,11,7,10,11,9,6,7,9,6,5,6,2,4,3,7,4,2,4,2,0,0,1,2,4,2,0,2,1,0,2,1,2,4,1,2,1,0,2,1,0,0,0,0,0,0,1,0,0,0,0,0,0,0,0,0,0,0,0,0,0,0,0,0,0,0,0,0,0,0,0,0,0,0,0,0,0,0,0,0,0,0,0,0,0,0,0,0,0
0,1,1,0,3,0,3,1,1,0,1,2,0,3,2,4,2,5,8,7,4,6,7,7,9,14,14,11,16,11,22,20,18,33,16,17,26,31,34,32,19,33,35,42,30,39,33,51,44,39,42,47,61,60,69,59,62,61,66,52,45,62,54,59,58,47,59,64,46,58,55,56,53,50,60,43,45,43,39,40,39,37,35,33,38,45,36,32,24,32,40,30,24,23,33,28,24,23,13,14,12,28,13,12,6,12,12,12,11,11,10,6,12,7,9,13,10,7,3,7,8,8,4,5,6,1,4,4,5,4,1,4,0,1,1,4,3,0,2,2,0,2,2,1,0,3,0,0,1,1,1,0,1,0,0,0,2,0,0,0,0,0,1,0,0,1,0,0,0,0,0,0,0,0,0,0,0,0,0,0,0,0,0,0,0,0,0,0,0,0,0,0,0,0,0,0,0,0,0,0
0,0,0,1,1,0,0,0,0,1,2,2,1,3,8,3,2,7,5,12,8,5,9,8,8,9,15,12,9,11,21,11,20,21,19,28,28,23,23,31,30,45,24,37,41,46,41,34,41,48,50,55,38,57,56,61,55,43,66,63,73,65,52,65,51,46,57,65,56,59,54,50,63,40,58,31,54,44,36,47,43,36,36,40,35,37,32,32,23,28,31,28,24,30,20,26,25,17,23,20,16,23,12,10,9,11,13,12,12,9,13,9,2,9,8,7,12,8,6,9,8,7,8,4,4,1,8,6,5,4,2,1,1,2,1,1,4,0,3,2,1,1,2,0,2,1,0,0,0,1,1,0,1,1,2,0,0,1,0,0,0,0,0,0,0,0,0,0,0,0,0,0,0,0,0,0,0,0,0,0,0,0,0,0,0,0,0,0,0,0,0,0,0,0,0,0,0,0,0,0
0,0,1,3,3,0,2,2,0,0,0,4,3,2,1,1,5,4,1,8,5,4,11,10,7,10,11,9,19,21,8,11,17,29,21,22,30,23,28,25,28,31,35,53,44,40,27,46,59,41,38,50,44,49,55,71,63,60,57,43,72,75,61,58,59,39,56,54,61,56,58,57,56,44,49,48,58,38,40,49,32,46,43,51,39,23,31,21,22,25,24,21,27,20,22,15,17,18,18,13,20,10,21,13,14,17,16,12,11,7,9,8,8,9,12,5,9,8,8,4,4,7,6,4,8,3,5,1,6,4,1,2,5,1,4,1,1,3,2,2,0,1,0,1,0,2,0,0,0,0,0,0,0,0,0,1,0,0,0,1,1,0,0,0,0,0,0,0,1,0,0,0,0,0,0,1,0,0,0,0,0,0,0,0,0,0,0,0,0,0,0,0,0,0,0,0,0,0,0,0
1,0,0,1,0,0,1,1,0,0,3,2,3,2,2,2,2,4,2,8,5,6,8,10,8,6,13,9,11,11,19,13,7,27,29,20,28,20,35,27,25,31,20,32,43,43,39,43,37,42,40,44,44,49,51,57,46,49,46,51,47,57,59,66,46,44,46,56,54,55,69,48,41,55,41,38,41,32,38,45,38,23,27,30,41,23,32,33,36,25,14,27,18,19,15,23,20,13,16,17,14,15,13,18,10,9,14,15,12,10,13,6,7,9,5,8,9,8,5,3,2,5,6,8,10,6,3,4,2,3,5,2,1,3,3,1,0,0,0,1,0,0,1,1,2,0,1,1,1,0,0,0,0,0,0,0,1,0,0,0,0,0,0,0,0,0,0,0,0,0,0,0,0,0,0,0,0,0,0,0,0,0,0,0,0,0,0,0,0,0,0,0,0,0,0,0,0,0,0,0
0,0,0,0,3,0,0,2,1,1,0,2,1,1,1,2,2,5,5,8,12,3,4,6,8,12,12,12,17,13,12,14,20,23,15,24,24,19,19,31,37,27,25,36,34,39,38,39,29,46,39,35,38,54,68,57,40,68,54,53,52,49,48,65,58,61,41,56,55,43,47,42,47,41,52,44,61,47,35,33,30,34,41,37,40,34,37,32,27,22,34,34,19,16,18,21,24,19,16,13,10,18,18,9,10,14,13,10,13,6,9,8,4,9,8,4,6,12,6,6,6,3,2,6,1,5,5,4,3,5,3,2,3,2,2,0,2,2,1,0,0,1,1,0,2,1,1,0,0,1,0,0,0,0,0,0,0,0,0,1,0,0,1,0,0,0,0,2,0,0,0,0,0,0,0,0,0,0,0,0,0,0,0,0,0,0,0,0,0,0,0,0,0,0,0,0,0,0,0,0
0,0,1,0,4,0,0,0,0,0,1,3,0,1,2,1,2,4,3,7,4,8,7,4,3,9,14,15,10,10,13,8,24,26,20,20,21,25,19,29,30,37,29,43,34,40,43,46,43,37,51,55,50,49,57,70,53,55,40,57,57,66,47,49,50,58,45,63,54,51,52,47,45,43,44,51,46,38,48,34,42,33,37,35,31,28,33,26,25,30,26,21,23,22,12,23,20,28,20,13,13,20,18,15,18,10,14,20,21,6,10,9,6,15,8,7,4,3,5,3,3,4,2,3,2,0,0,3,4,1,1,1,0,0,1,1,3,0,0,1,0,2,1,0,1,1,0,0,2,0,2,0,0,0,0,1,0,0,0,1,0,0,0,0,0,0,0,0,0,0,0,0,0,0,0,0,0,0,0,0,0,0,0,0,0,0,0,0,0,0,0,0,0,0,0,0,0,0,0,0
0,0,1,0,3,0,1,1,0,1,0,2,0,1,2,0,2,3,1,3,4,7,3,8,4,8,8,16,12,13,7,18,21,19,19,28,25,20,25,35,25,43,32,47,32,30,40,35,42,39,45,40,34,46,59,49,55,50,39,62,56,59,39,57,49,53,58,48,43,59,48,44,40,50,43,35,40,37,39,37,21,38,33,24,25,31,32,23,23,21,19,23,25,25,15,20,8,18,14,25,16,20,9,16,16,21,5,12,11,10,7,7,6,9,13,7,6,7,8,7,9,5,6,0,3,3,3,3,5,4,0,2,1,2,4,2,1,2,1,2,1,1,2,0,1,1,0,0,0,1,0,0,0,2,0,0,0,0,0,1,0,0,0,0,0,0,0,0,0,1,0,0,0,0,0,0,0,0,0,0,0,0,0,0,0,0,0,0,0,0,0,0,0,0,0,0,0,0,0,0
2,0,1,1,0,0,0,1,0,1,0,3,1,3,0,3,4,4,5,5,3,8,3,6,2,9,11,9,15,13,15,16,18,16,18,16,25,19,17,29,27,24,25,33,40,34,45,37,34,48,35,39,45,47,58,50,39,54,50,52,46,58,40,49,45,51,53,43,56,34,45,41,42,45,37,45,54,40,31,36,31,33,34,35,32,34,40,34,24,29,20,24,12,23,17,17,12,18,18,16,19,15,8,17,13,8,14,7,6,8,12,8,8,10,7,9,6,7,4,3,6,4,3,6,4,3,3,8,2,3,0,4,2,0,2,1,2,2,0,1,0,2,0,1,1,0,0,0,0,0,0,0,0,0,0,0,0,0,0,0,0,0,0,0,0,0,0,0,0,0,0,0,0,0,0,0,0,0,0,0,0,0,0,0,0,0,0,0,0,0,0,0,0,0,0,0,0,0,0,0
0,0,0,2,1,1,0,1,0,0,0,3,2,2,2,4,0,4,3,11,10,4,8,6,6,11,9,17,15,14,12,16,18,17,21,17,17,26,23,30,30,25,32,50,29,26,35,38,33,38,32,45,53,33,49,56,49,59,43,35,52,37,46,41,34,47,34,53,44,41,47,42,33,44,33,27,49,39,33,30,30,32,30,27,26,33,25,23,24,18,41,16,19,22,20,18,12,8,15,15,12,10,7,23,18,7,10,12,9,13,8,9,6,4,2,4,8,4,3,3,1,8,3,9,2,5,0,3,3,1,1,1,1,2,0,1,1,5,2,0,0,0,0,0,0,0,0,0,0,2,0,0,2,0,0,0,1,0,0,0,0,0,0,0,0,0,0,0,0,1,0,0,0,0,0,0,0,0,0,0,0,0,0,0,0,0,0,0,0,0,0,0,0,0,0,0,0,0,0,0
0,0,0,1,2,0,0,2,0,1,1,3,1,0,0,1,2,2,2,4,6,7,5,5,6,11,6,12,10,16,16,13,11,14,19,17,23,18,34,35,29,23,31,38,29,53,41,29,35,56,33,31,45,46,50,48,43,47,59,38,59,62,53,59,36,62,34,45,40,44,39,39,37,30,48,37,34,34,30,40,35,33,32,29,25,28,31,16,22,26,26,17,22,12,14,18,15,14,16,17,8,21,13,14,13,4,11,11,11,10,6,6,6,3,2,4,13,8,7,5,3,6,4,2,4,4,1,1,1,0,3,1,1,0,2,1,1,3,1,0,0,1,0,0,0,1,0,0,0,0,1,0,1,1,2,0,0,1,0,0,0,1,0,0,0,1,0,0,0,1,0,0,0,0,0,0,0,0,0,0,0,0,0,0,0,0,0,0,0,0,0,0,0,0,0,0,0,0,0,0
1,0,1,0,1,1,3,0,0,0,3,2,1,0,7,1,0,2,3,8,4,5,8,7,4,5,5,13,16,9,10,18,16,22,11,22,21,11,25,28,27,21,17,29,31,37,42,31,33,35,43,49,44,44,48,39,47,55,41,44,51,41,43,38,45,45,38,59,45,40,37,35,53,34,56,38,44,18,27,41,26,37,30,22,30,28,28,25,19,25,25,26,14,13,21,11,12,15,8,8,9,10,12,13,17,10,13,8,10,4,9,6,6,8,8,7,4,6,4,3,2,2,5,3,0,4,1,7,0,0,3,2,2,1,1,1,1,0,2,1,1,0,0,0,1,1,0,0,0,0,0,1,0,0,0,0,0,0,0,0,0,0,0,0,0,0,0,0,0,0,0,0,0,0,0,0,0,0,0,0,0,0,0,0,0,0,0,0,0,0,0,0,0,0,0,0,0,0,0,0
2,0,0,3,2,0,0,1,0,1,1,1,2,2,6,5,2,5,6,8,2,5,9,6,7,9,11,10,8,9,16,15,15,16,15,20,20,18,22,19,28,27,28,35,41,24,30,34,37,32,43,29,49,45,43,48,46,42,42,42,45,41,43,51,45,46,37,51,43,43,39,42,42,37,31,30,46,36,30,29,35,28,31,32,38,28,24,30,22,21,18,19,23,18,14,19,23,15,12,15,16,13,10,12,8,9,16,14,15,9,10,6,7,5,6,4,2,3,6,3,4,8,1,3,4,6,3,2,2,1,1,3,1,1,2,2,3,1,1,1,1,1,0,0,0,1,1,0,1,0,0,0,0,1,0,0,1,0,0,0,0,0,0,0,0,0,0,0,0,0,0,0,0,0,1,0,0,0,0,0,0,0,0,0,0,0,0,0,0,0,0,0,0,0,0,0,0,0,0,0
0,0,0,0,3,1,1,0,1,1,0,5,2,0,3,2,1,3,3,4,4,0,6,5,7,7,9,15,14,11,16,18,15,20,16,14,15,14,27,26,23,26,23,29,30,29,28,31,35,23,37,35,44,45,36,44,47,39,37,45,43,47,37,40,45,41,29,30,43,39,43,41,37,49,39,32,33,30,29,23,24,28,29,16,30,28,25,29,25,18,25,24,14,19,23,16,14,17,14,8,12,15,7,16,8,11,9,7,15,8,13,9,5,5,5,5,6,3,5,2,6,0,1,1,3,1,1,3,3,2,1,2,3,1,2,2,1,1,0,0,1,1,0,1,2,0,0,0,1,0,0,0,0,0,0,0,1,0,0,0,0,0,0,0,0,0,0,0,0,0,0,0,0,0,0,0,0,0,0,0,0,0,0,0,0,0,0,0,0,0,0,0,0,0,0,0,0,0,0,0
1,0,0,2,4,0,3,1,1,0,0,2,1,0,4,2,0,2,3,6,1,6,8,7,10,3,11,6,13,18,14,11,25,22,17,22,28,26,21,25,26,22,26,21,26,34,27,29,34,37,35,31,37,37,49,40,48,53,38,32,52,50,43,35,47,55,47,32,38,42,35,43,27,40,31,38,36,37,39,23,22,33,33,28,15,25,23,17,29,20,11,24,20,22,16,17,12,12,17,8,16,11,9,15,14,6,4,8,10,10,7,7,8,4,3,4,3,4,6,3,7,4,1,2,2,5,1,2,1,0,1,1,3,3,2,1,2,2,1,0,2,1,0,0,1,1,0,0,0,0,0,0,0,0,0,0,0,0,0,1,0,0,0,0,0,0,0,0,0,1,0,0,0,0,0,0,0,0,0,0,0,0,0,0,0,0,0,0,0,0,0,0,0,0,0,0,0,0,0,0
0,0,0,1,2,1,1,0,0,0,0,1,1,2,1,1,4,3,2,3,3,4,6,6,4,11,10,12,6,6,11,13,19,21,13,13,26,20,22,27,20,24,28,28,30,26,26,26,39,33,28,29,39,38,26,49,44,39,29,45,43,54,33,57,44,45,31,42,44,42,33,37,34,29,29,42,39,25,39,31,26,23,25,28,26,33,28,25,22,12,19,29,16,11,13,13,13,20,12,18,15,13,13,12,7,3,8,8,4,7,12,10,4,6,5,4,4,9,5,3,6,4,2,0,2,1,1,1,4,1,0,4,0,1,1,0,0,0,2,1,0,1,1,0,0,0,0,0,0,0,0,0,0,0,0,0,0,0,0,0,0,0,0,0,0,0,0,0,0,0,0,0,0,0,0,0,0,0,0,0,0,0,0,0,0,0,0,0,0,0,0,0,0,0,0,0,0,0,0,0
1,0,0,2,2,2,2,0,0,1,1,3,1,1,2,4,3,3,3,6,2,5,2,3,4,4,10,10,8,10,8,12,18,20,14,18,23,13,15,21,34,38,20,35,23,34,31,35,25,35,40,31,28,37,43,43,34,36,34,37,41,49,44,42,43,42,32,30,39,33,39,29,33,33,38,34,34,24,19,35,18,26,28,18,20,11,20,12,21,25,17,18,18,9,14,17,9,25,15,16,7,8,13,10,8,9,10,13,7,4,12,8,6,1,3,4,6,3,6,5,4,3,1,2,2,3,1,3,2,3,2,0,2,3,2,0,1,0,3,0,3,0,1,0,0,0,0,0,0,0,1,0,0,0,0,0,0,0,0,1,1,0,0,0,0,0,0,0,0,0,0,0,0,0,0,0,0,0,0,0,0,0,0,0,0,0,0,0,0,0,0,0,0,0,0,0,0,0,0,0
1,0,0,0,1,0,0,1,1,0,1,2,1,2,3,1,0,3,1,3,5,7,8,5,6,12,10,12,11,8,10,8,17,12,14,16,17,18,24,22,22,26,18,27,31,34,32,33,31,21,30,44,38,46,34,39,44,41,43,32,47,31,43,42,32,49,41,54,39,41,33,37,37,24,32,21,27,31,27,21,30,30,24,18,31,22,16,21,17,16,20,18,13,22,14,18,12,13,11,12,16,6,5,9,7,7,11,7,9,12,3,4,11,10,3,1,2,5,2,2,1,1,3,2,1,3,5,2,1,2,2,1,0,1,3,0,1,0,1,1,1,0,2,0,1,1,0,0,0,0,1,0,0,0,2,0,0,0,0,1,0,0,0,0,0,1,0,0,0,0,0,0,0,0,0,0,0,0,0,0,0,0,0,0,0,0,0,0,0,0,0,0,0,0,0,0,0,0,0,0
0,0,0,0,2,0,0,2,1,0,0,3,1,1,1,0,2,4,6,6,5,4,2,4,5,13,6,9,16,15,7,9,7,18,20,19,17,12,17,27,22,21,13,27,20,31,29,24,50,28,41,33,39,39,37,39,31,41,29,29,34,38,43,41,53,32,43,30,23,36,42,38,36,24,29,30,29,31,23,22,30,21,28,19,25,20,24,17,14,23,16,16,18,10,14,17,11,14,12,17,15,10,10,5,11,8,11,5,7,12,6,5,3,6,3,6,5,6,2,4,2,3,1,3,2,3,3,1,2,0,0,2,2,1,1,2,1,0,0,1,1,0,1,0,0,1,1,0,1,1,0,0,0,0,0,0,1,0,0,0,0,0,0,0,0,0,0,0,0,0,0,0,0,0,0,0,0,0,0,0,1,0,0,0,0,0,0,0,0,0,0,0,0,0,0,0,0,0,0,0
1,0,0,0,1,0,1,0,0,0,0,2,2,0,0,1,0,0,3,5,1,5,2,4,2,9,3,7,11,10,17,6,12,14,13,10,21,18,17,19,14,34,18,26,27,22,25,27,20,38,31,31,37,32,44,47,36,30,34,24,43,27,29,44,34,37,22,38,28,31,38,33,29,37,30,29,31,18,32,25,28,28,17,15,25,29,23,18,18,19,18,16,13,10,14,17,14,9,13,18,11,18,11,8,5,10,9,7,8,7,11,6,6,2,6,4,7,2,3,3,2,3,5,4,1,4,2,5,0,0,2,0,3,3,1,0,0,1,2,0,1,0,1,1,1,0,0,1,0,0,0,0,0,0,0,0,0,0,0,0,0,0,1,0,0,0,0,0,0,0,0,0,0,0,0,0,0,0,0,0,0,0,0,0,0,0,0,0,0,0,0,0,0,0,0,0,0,0,0,0
1,0,0,0,0,0,1,0,0,0,2,0,1,2,0,1,3,4,1,6,5,6,1,5,0,6,10,8,9,9,9,10,12,18,14,10,20,14,14,18,14,18,21,21,37,27,22,24,29,38,28,26,44,33,40,41,28,34,34,36,25,45,20,30,36,38,28,27,35,31,44,37,25,29,46,29,28,24,23,32,28,19,24,16,19,17,28,18,9,17,12,17,17,12,19,12,8,5,20,13,17,10,13,15,12,7,11,4,6,9,7,3,2,3,2,3,7,6,4,5,2,2,2,4,2,6,0,2,5,1,4,0,2,1,3,1,2,1,0,0,0,1,1,0,0,0,0,0,0,0,1,1,1,0,1,0,0,0,1,2,0,0,0,0,0,0,0,0,0,0,0,0,0,0,0,0,0,0,0,0,0,0,0,0,0,0,0,0,0,0,0,0,0,0,0,0,0,0,0,0
0,0,0,1,1,1,1,0,0,1,0,2,2,1,0,0,2,6,4,13,4,5,4,6,6,5,6,11,10,8,9,4,13,9,12,12,22,15,17,18,12,15,24,15,18,21,21,31,20,31,28,28,32,36,37,44,46,35,30,20,39,45,38,43,40,40,33,31,40,32,34,36,27,28,38,29,24,16,19,21,23,24,19,19,25,21,21,16,13,14,15,20,12,14,9,24,13,14,7,12,8,12,10,7,6,8,6,7,9,3,4,6,9,4,2,5,2,6,4,3,5,0,2,3,3,2,1,2,0,1,0,1,0,2,0,3,0,0,1,0,2,0,0,0,1,0,0,0,0,0,0,0,0,1,1,0,0,0,0,0,0,0,0,0,0,0,0,0,0,0,0,0,0,0,0,0,0,0,0,0,0,0,0,0,0,0,0,0,0,0,0,0,0,0,0,0,0,0,0,0
2,0,1,1,2,0,2,0,0,0,0,1,1,0,2,0,0,4,2,2,5,2,3,8,4,6,5,8,7,7,8,10,14,14,14,26,23,17,16,16,24,25,17,22,22,31,29,22,31,27,40,24,38,39,40,43,24,45,38,37,39,33,27,44,35,28,40,29,31,44,34,32,29,19,24,30,29,25,21,33,22,28,17,20,18,16,14,18,19,19,15,14,15,8,22,9,10,9,8,12,7,11,11,5,9,8,6,5,1,6,7,4,5,10,4,4,2,3,3,3,6,3,3,2,4,2,1,3,0,1,0,1,1,2,0,1,0,1,0,0,0,0,0,2,0,1,0,2,0,0,1,0,1,0,0,0,0,0,0,0,0,1,0,0,0,0,0,0,0,0,0,0,0,0,0,0,0,0,0,0,0,0,0,0,0,0,0,0,0,0,0,0,0,0,0,0,0,0,0,0
0,0,0,0,2,0,0,0,0,1,0,2,1,0,1,0,1,2,2,2,3,5,3,9,6,6,6,11,5,9,9,10,7,13,8,15,16,25,28,19,22,21,26,18,24,17,30,26,19,28,25,25,39,31,28,26,26,39,34,44,36,36,33,34,29,34,33,31,25,25,33,29,27,20,25,28,28,17,32,16,27,15,24,23,26,28,13,25,13,15,19,10,12,12,26,16,12,10,14,10,7,12,5,12,13,7,6,6,10,9,5,5,6,5,4,7,4,4,2,3,3,3,3,3,4,0,1,2,0,0,1,2,2,2,0,1,2,1,1,0,2,1,0,1,0,0,2,0,0,0,1,0,1,0,0,0,0,0,0,0,0,0,0,0,0,0,0,0,0,0,0,0,0,0,0,0,0,0,0,0,0,0,0,0,0,0,0,0,0,0,0,0,0,0,0,0,0,0,0,0
0,0,0,0,3,1,1,0,0,0,0,1,0,1,2,2,1,5,2,6,3,8,3,4,4,8,4,12,6,9,16,8,10,14,12,11,14,12,11,8,25,20,27,23,22,27,22,27,17,31,37,29,27,35,32,35,27,45,47,24,22,33,27,31,21,21,32,24,34,26,35,33,26,26,29,29,28,23,34,22,18,17,17,16,14,22,15,18,11,18,18,11,16,9,18,19,15,7,15,5,18,2,10,7,7,6,6,6,7,6,10,9,7,6,3,2,5,2,3,3,5,1,6,1,6,4,3,2,0,2,2,0,0,1,1,1,1,0,0,0,0,0,1,1,0,0,0,0,0,0,0,0,0,0,1,0,0,0,0,0,0,0,0,0,0,0,0,0,0,0,0,0,0,0,0,0,0,0,0,0,0,0,1,0,0,0,0,0,0,0,0,0,0,0,0,0,0,0,0,0
0,0,0,1,1,0,0,1,0,0,0,4,1,3,2,0,1,6,1,5,4,2,6,6,5,10,3,7,8,11,10,10,11,21,25,13,9,9,16,17,11,31,19,20,17,24,22,29,18,22,22,21,21,22,21,43,32,28,28,28,31,20,24,37,29,26,32,28,37,28,29,29,37,27,27,23,29,20,11,23,25,19,21,22,28,24,18,17,13,18,18,18,11,8,12,14,18,12,8,13,11,10,6,9,4,2,5,7,7,5,6,6,6,3,5,2,4,3,6,1,5,5,2,1,3,2,0,0,1,1,0,2,0,2,0,0,2,1,1,1,0,0,0,0,0,0,0,1,0,0,1,0,0,0,0,0,0,0,0,0,0,0,0,0,0,0,0,0,0,0,0,0,0,0,0,0,0,0,0,0,0,0,0,0,0,0,0,0,0,0,0,0,0,0,0,0,0,0,0,0
1,0,0,0,0,0,0,1,0,1,0,3,1,0,4,3,4,3,0,5,4,5,4,4,3,4,10,9,9,11,7,6,9,8,12,12,17,13,9,22,19,33,13,18,28,27,18,28,25,18,19,28,25,30,22,35,31,28,36,33,36,28,37,31,27,40,33,32,24,23,22,25,30,24,31,22,40,26,22,27,20,16,16,16,15,17,18,9,10,18,17,10,16,14,8,3,14,10,4,7,7,12,7,8,6,3,7,11,5,3,4,2,10,7,6,1,9,3,1,2,1,4,2,1,2,2,0,0,3,2,4,1,0,1,1,2,0,1,1,0,0,0,0,0,2,0,0,1,0,1,0,0,0,0,0,0,0,0,0,0,0,0,0,0,0,0,0,0,1,0,0,0,0,0,0,0,0,0,0,0,0,0,0,0,0,0,0,0,0,0,0,0,0,0,0,0,0,0,0,0
0,0,0,0,2,0,2,0,2,1,1,0,1,0,1,1,0,4,3,3,4,3,6,3,5,6,4,6,9,6,11,8,6,8,11,16,18,8,11,10,20,9,15,19,17,30,22,25,30,29,27,19,34,27,28,29,33,26,27,37,24,30,20,24,31,25,21,39,23,23,25,24,29,22,22,28,34,32,26,14,20,22,17,26,14,16,20,13,8,14,17,12,17,9,12,9,14,7,12,8,6,13,7,8,4,8,6,9,7,4,7,6,5,3,3,5,1,6,2,1,2,2,1,3,3,2,1,2,0,1,1,1,2,2,1,0,0,0,0,0,0,0,1,1,0,0,0,0,0,1,0,0,0,1,1,0,0,0,0,1,0,0,0,0,0,0,0,0,0,0,0,0,0,0,0,0,0,0,0,0,0,0,0,0,0,0,0,0,0,0,0,0,0,0,0,0,0,0,0,0
0,0,0,0,1,0,0,1,0,2,0,3,0,0,6,1,1,0,4,6,0,5,3,3,2,6,5,11,5,3,7,5,10,15,9,9,8,7,10,13,20,18,10,22,24,30,27,19,17,19,18,25,27,34,32,37,28,34,32,34,26,28,31,31,38,23,22,32,22,41,16,13,23,19,24,26,19,18,21,20,24,18,24,17,16,15,24,11,17,18,13,17,9,6,11,10,9,13,5,9,7,12,11,7,5,12,2,4,6,4,5,2,2,4,5,2,2,3,5,3,4,6,1,1,3,1,0,2,2,2,1,1,1,1,1,0,0,2,2,1,0,1,0,0,2,1,1,0,1,1,1,0,1,0,0,0,0,0,0,1,0,0,0,0,0,0,0,0,0,0,0,0,0,0,0,0,0,0,0,0,0,0,0,0,0,0,0,0,0,0,0,0,0,0,0,0,0,0,0,0
0,0,1,0,1,0,0,1,0,0,1,1,1,1,3,3,2,2,4,4,3,5,5,4,3,10,5,8,3,10,8,14,10,9,12,12,17,14,13,17,18,13,22,23,19,17,14,13,22,26,24,25,26,27,32,29,27,37,24,45,31,25,30,31,31,31,36,25,25,30,22,26,27,23,27,25,32,22,10,20,14,18,26,22,23,14,11,21,18,17,12,11,7,14,10,8,7,7,9,11,8,9,3,3,13,5,8,3,7,9,7,5,2,7,4,6,3,2,2,2,1,3,3,2,1,3,6,1,1,3,0,3,0,1,0,0,0,1,2,1,2,2,0,0,2,1,0,0,0,1,1,0,1,0,0,0,0,0,0,0,0,0,0,0,0,0,0,0,0,0,0,0,0,0,0,0,0,0,0,0,0,0,0,0,0,0,0,0,0,0,0,0,0,0,0,0,0,0,0,0
0,0,0,1,4,0,0,0,0,0,0,1,2,2,2,1,2,1,4,2,0,5,2,3,2,2,5,7,10,7,8,9,15,10,10,11,10,14,15,24,15,19,18,15,18,18,19,18,28,19,15,28,30,29,26,27,30,29,27,30,36,34,27,24,35,20,28,23,30,23,27,25,27,22,27,19,27,25,19,15,21,26,17,14,20,12,13,8,12,9,8,13,7,14,10,10,12,4,4,8,7,8,3,6,8,10,7,4,7,2,2,4,3,2,3,2,2,3,6,4,4,2,0,3,1,0,0,1,0,2,3,0,0,2,2,0,3,1,0,1,0,0,2,0,0,0,0,1,0,0,0,0,0,0,0,1,1,0,0,0,0,0,0,0,0,0,0,0,0,0,0,0,0,0,0,0,0,0,0,0,0,0,0,0,0,0,0,0,0,0,0,0,0,0,0,0,0,0,0,0
1,1,0,1,0,0,1,0,1,1,0,2,1,0,2,0,1,2,2,5,4,1,3,2,6,2,6,7,7,9,6,6,10,13,11,13,15,14,12,11,17,21,17,20,18,23,17,18,27,26,21,25,21,25,27,26,32,28,21,30,41,19,21,26,31,26,22,28,25,23,27,22,21,15,13,17,23,18,24,29,11,11,15,17,20,22,13,5,16,18,14,10,10,8,14,15,17,8,12,5,10,7,3,6,7,8,3,8,7,1,5,8,7,1,2,3,5,0,4,4,2,4,1,2,1,2,3,2,2,0,1,1,0,0,0,1,0,0,1,0,1,0,0,1,0,0,0,0,0,0,1,0,0,0,0,0,0,0,0,0,0,1,0,0,0,1,0,0,0,0,0,0,0,0,0,0,0,0,0,0,0,0,0,0,0,0,0,0,0,0,0,0,0,0,0,0,0,0,0,0
0,0,0,0,0,1,2,0,0,0,0,1,0,0,1,0,1,0,3,5,1,1,5,3,5,3,2,9,5,7,5,5,14,10,9,12,15,7,14,15,24,19,21,14,18,9,15,11,29,19,27,24,31,25,20,28,23,29,14,24,32,34,23,25,26,27,19,26,33,16,17,24,23,28,24,15,13,16,24,13,18,22,16,17,15,16,12,15,14,7,21,11,12,9,4,12,8,5,9,10,9,3,5,8,3,2,11,7,4,3,4,4,1,5,6,6,5,2,3,2,2,2,2,2,1,2,1,1,0,1,1,1,0,0,0,1,0,0,0,1,0,1,1,0,0,0,0,0,0,0,0,0,0,1,0,0,0,0,0,0,0,0,0,1,0,0,0,0,0,0,0,0,0,0,0,0,0,0,0,0,0,0,0,0,0,0,0,0,0,0,0,0,0,0,0,0,0,0,0,0
1,0,0,0,0,0,1,1,0,1,0,1,1,0,3,3,2,1,2,2,3,4,5,7,4,11,11,5,13,14,9,8,11,15,13,9,17,13,9,15,15,20,15,19,7,28,13,27,20,23,16,16,23,26,23,26,24,18,34,26,23,35,20,22,27,28,20,21,25,25,23,20,20,21,24,28,26,22,12,13,15,16,17,19,13,16,15,16,6,10,9,14,15,11,5,11,8,12,5,12,6,5,8,1,3,4,6,5,6,1,6,5,1,3,4,2,1,2,1,1,0,3,2,1,1,3,2,0,1,0,1,1,2,1,0,2,0,1,0,0,0,0,1,0,0,1,0,0,0,0,1,0,0,0,1,0,0,0,0,0,0,0,0,0,0,0,0,0,0,0,0,0,0,0,0,0,0,0,0,0,0,0,0,0,0,0,0,0,0,0,0,0,0,0,0,0,0,0,0,0
0,0,0,0,0,0,0,0,0,0,2,1,0,0,3,0,0,2,2,3,4,2,0,4,4,0,6,9,10,6,8,4,9,12,9,8,10,13,13,14,13,15,13,29,12,18,19,23,21,19,22,21,20,24,23,27,25,28,19,25,20,26,24,23,30,25,19,19,27,20,24,24,19,15,23,17,22,16,21,21,16,20,15,16,17,13,13,9,12,13,13,15,7,17,9,6,5,11,6,8,13,3,1,5,7,10,4,5,5,6,3,2,5,1,2,4,2,3,2,3,2,1,5,0,3,1,3,1,0,1,2,1,1,2,0,3,1,0,0,0,0,0,0,1,0,1,1,1,0,0,0,0,0,0,0,0,1,0,0,0,0,0,0,0,0,0,0,0,0,0,1,0,0,0,0,0,0,0,0,0,0,0,0,0,0,0,0,0,0,0,0,0,0,0,0,0,0,0,0,0
0,0,0,1,1,0,0,0,1,1,0,2,1,0,1,1,1,5,5,5,3,3,1,4,6,10,6,6,8,7,6,8,15,11,8,14,14,5,12,13,11,14,18,20,19,16,14,19,14,31,22,19,23,20,23,18,19,32,27,26,27,24,24,42,28,24,15,20,27,18,35,20,9,19,16,21,11,13,10,12,16,8,22,13,19,11,16,13,13,11,11,7,6,14,7,11,15,5,8,9,15,3,5,7,5,8,7,7,6,5,2,2,3,3,4,3,2,4,2,3,0,3,2,2,2,3,0,2,0,0,1,1,0,0,0,0,1,0,1,0,1,0,0,1,0,0,0,0,0,0,0,0,0,0,0,0,0,0,0,0,0,0,0,0,0,0,0,0,0,0,0,0,0,0,0,0,0,0,0,0,0,0,0,0,0,0,0,0,0,0,0,0,0,0,0,0,0,0,0,0
0,0,1,1,2,0,0,0,1,0,0,1,0,3,3,1,3,1,5,0,5,1,2,2,5,7,5,7,7,3,4,9,10,9,8,3,17,9,11,17,13,15,10,16,21,17,22,20,21,21,24,12,31,34,18,26,25,32,29,19,24,23,21,29,26,25,17,28,24,28,16,17,18,17,14,15,21,14,19,16,17,13,17,12,14,16,9,10,13,11,11,9,12,6,7,8,8,8,7,7,7,10,7,0,6,4,2,4,2,5,1,1,3,4,0,2,2,2,1,4,4,6,1,0,2,2,2,0,0,0,0,1,0,1,0,2,2,0,0,1,0,1,0,1,0,0,0,0,0,0,0,0,0,0,0,0,0,0,0,0,0,0,0,0,0,1,0,1,0,0,0,0,0,0,0,0,0,0,0,0,0,0,0,0,0,0,0,0,0,0,0,0,0,0,0,0,0,0,0,0
0,0,0,2,3,0,1,1,0,0,1,0,1,0,2,1,1,1,2,3,0,3,9,3,3,9,4,5,9,8,3,8,8,7,9,11,15,9,16,13,20,18,16,16,21,16,21,20,19,19,18,18,18,22,27,28,24,24,22,27,28,21,11,23,26,26,17,16,21,22,22,18,11,18,17,16,16,16,14,22,18,15,9,8,16,4,12,9,8,8,14,10,14,4,9,9,8,10,6,13,4,5,7,3,3,3,5,6,2,6,3,3,6,2,2,5,1,5,2,2,6,4,1,1,2,0,3,1,4,0,2,1,0,1,0,1,1,0,0,0,0,0,2,1,0,1,0,0,0,1,0,0,0,0,0,0,1,0,0,0,0,0,0,0,0,0,0,0,0,0,0,0,0,0,0,0,0,0,0,0,0,0,0,0,0,0,0,0,0,0,0,0,0,0,0,0,0,0,0,0
0,0,0,0,0,0,0,1,0,0,0,2,1,2,2,0,2,2,2,4,6,0,1,5,8,2,7,10,4,3,3,8,12,11,8,6,14,8,15,22,11,9,16,16,17,17,18,19,12,18,18,16,16,19,26,30,26,29,23,18,23,22,27,23,25,15,18,21,17,21,21,20,24,8,22,13,15,22,16,14,12,14,18,17,14,18,14,11,10,12,8,8,9,5,6,4,4,7,7,4,6,9,6,6,4,8,6,3,5,2,5,2,2,3,4,2,0,6,1,0,0,2,5,1,1,0,2,1,1,0,0,0,2,1,2,1,0,0,0,0,0,0,0,0,0,0,0,0,0,1,0,1,0,0,0,0,0,0,0,1,0,0,0,0,0,0,0,0,0,0,0,0,0,0,0,0,0,0,0,0,0,0,0,0,0,0,0,0,0,0,0,0,0,0,0,0,0,0,0,0
0,0,1,1,1,0,1,1,0,0,0,0,0,0,2,4,2,1,1,3,4,4,3,4,3,3,1,6,3,4,4,7,10,7,5,13,14,3,9,11,15,10,11,14,14,20,18,19,15,20,31,24,20,27,21,21,22,21,26,20,24,30,24,21,10,13,20,19,22,24,18,17,18,20,23,19,18,15,17,20,11,18,12,12,10,5,8,17,6,4,8,5,9,8,10,4,8,7,4,8,4,3,4,6,3,6,3,0,4,3,1,2,3,4,2,0,5,5,3,3,0,2,1,2,0,0,1,5,0,1,1,1,0,0,0,2,4,0,0,1,1,2,0,0,0,0,0,0,0,0,0,1,0,0,0,0,0,1,0,0,0,0,0,0,0,0,0,0,0,0,0,0,0,0,0,0,0,0,0,0,0,0,0,0,0,0,0,0,0,0,0,0,0,0,0,0,0,0,0,0
0,0,2,1,1,1,1,1,0,0,0,1,2,1,2,1,2,2,2,3,0,3,4,4,3,6,4,7,6,7,5,6,9,13,15,10,6,7,10,13,13,13,15,13,15,17,14,21,15,17,17,12,26,27,15,28,26,25,14,17,24,17,32,23,18,18,16,17,22,21,19,22,17,20,12,17,13,20,9,18,18,12,8,19,10,13,11,9,10,8,12,6,6,6,12,6,8,6,11,12,4,4,4,2,5,3,4,0,2,5,1,6,2,4,3,4,4,1,1,0,3,3,1,3,1,2,2,0,0,0,0,0,1,2,1,0,1,0,0,1,1,1,0,1,0,0,0,1,0,0,0,0,0,0,0,0,0,0,0,0,0,0,0,0,0,0,0,0,0,0,0,0,0,0,0,0,0,0,0,0,1,0,0,0,0,0,0,0,0,0,0,0,0,0,0,0,0,0,0,0
1,0,0,0,2,0,1,1,0,0,0,1,0,0,2,0,0,1,1,3,2,2,0,3,3,4,3,6,6,6,5,7,9,10,8,8,9,6,13,12,9,11,12,11,12,21,12,15,9,17,15,24,17,14,17,29,16,23,15,19,21,18,16,30,18,17,18,18,15,16,24,21,17,18,21,24,20,14,20,13,13,12,17,11,14,7,11,11,10,13,10,6,5,4,8,8,6,9,2,5,8,9,3,9,3,3,6,5,2,4,3,2,7,1,5,1,2,2,1,0,2,0,1,1,2,1,1,0,1,0,1,0,2,2,0,1,0,0,0,0,1,0,0,1,0,0,1,0,0,0,0,0,0,0,0,0,0,0,0,0,0,0,0,0,0,0,0,0,0,0,0,0,0,0,0,1,0,0,0,0,0,0,0,0,0,0,0,0,0,0,0,0,0,0,0,0,0,0,0,0
1,0,0,1,1,0,0,0,0,1,0,1,1,1,2,2,1,2,1,4,2,2,1,4,3,6,4,7,6,8,4,5,7,4,12,7,10,8,17,12,10,13,8,17,10,11,9,11,14,23,20,22,23,19,20,17,16,27,18,19,21,13,13,18,20,19,12,22,11,23,12,15,15,15,18,14,7,6,14,8,14,5,15,15,9,10,8,8,8,12,16,3,7,5,5,7,10,9,3,7,7,2,4,8,2,2,5,0,6,4,0,1,7,2,1,1,2,2,2,0,4,0,1,2,2,1,3,2,1,1,0,1,0,0,2,0,0,0,1,1,0,1,0,0,0,1,0,0,0,1,0,0,0,0,0,0,0,0,0,0,0,0,0,0,0,0,0,0,0,0,0,0,0,0,0,0,0,0,0,0,0,0,0,0,0,0,0,0,0,0,0,0,0,0,0,0,0,0,0,0
0,0,0,0,1,0,1,0,0,0,0,3,1,2,3,3,1,8,2,1,0,1,2,2,3,8,4,6,7,8,5,9,5,10,12,8,10,11,7,13,7,15,12,20,17,18,17,20,21,11,20,13,21,22,21,16,22,21,20,12,25,14,23,19,20,15,13,22,18,14,21,16,10,12,10,16,15,14,10,11,11,6,12,13,8,14,9,10,9,6,6,20,9,2,8,5,2,4,5,8,8,2,7,3,6,5,2,5,5,3,2,4,0,3,4,4,2,1,4,1,0,5,3,1,2,1,3,1,2,0,0,2,2,1,0,0,0,0,0,0,0,1,0,1,0,0,1,0,0,0,0,1,0,0,1,0,1,0,0,0,0,0,0,0,0,0,0,0,0,0,0,0,0,0,0,0,0,0,0,0,0,0,0,0,0,0,0,0,0,0,0,0,0,0,0,0,0,0,0,0
1,0,0,1,0,0,0,0,0,0,1,0,0,0,0,4,1,4,1,1,1,5,4,3,4,5,3,7,4,12,4,7,9,9,9,9,8,5,10,10,13,9,11,11,9,14,10,14,25,18,16,18,19,21,10,24,26,22,25,14,20,18,16,12,19,20,14,20,20,16,21,13,13,18,14,14,10,13,14,11,13,8,12,12,11,18,13,9,12,7,10,9,5,11,7,5,6,5,4,7,8,4,2,5,5,6,8,0,1,4,1,2,2,3,1,3,2,2,3,0,0,1,0,3,1,1,0,0,0,0,0,1,0,1,0,1,2,1,0,0,1,0,0,0,0,0,0,0,0,0,0,0,0,0,1,0,0,0,0,0,0,0,0,0,0,0,0,0,0,0,0,0,0,0,0,0,0,0,0,0,0,0,0,0,0,0,0,0,0,0,0,0,0,0,0,0,0,0,0,0
0,0,0,1,1,0,0,0,0,0,0,1,1,0,2,1,1,2,0,3,0,2,1,5,4,3,6,7,6,2,7,5,12,5,9,7,6,8,10,10,12,9,12,14,13,19,15,13,16,17,16,25,22,14,20,19,18,17,20,17,11,28,12,19,15,12,18,19,14,13,16,13,11,10,12,16,17,10,11,14,11,9,9,12,7,10,13,12,10,6,9,7,7,3,7,7,7,9,9,8,4,5,6,2,4,4,1,6,2,5,3,1,2,2,1,1,4,3,4,2,2,1,0,0,0,3,3,1,1,0,0,0,0,1,0,0,2,3,0,0,0,0,0,0,0,0,0,0,0,0,0,0,0,0,0,0,0,0,0,1,0,0,0,0,0,0,0,0,0,0,0,0,0,0,0,0,0,0,0,0,0,0,0,0,0,0,0,0,0,0,0,0,0,0,0,0,0,0,0,0
3,0,0,0,1,0,1,0,0,0,1,0,1,0,0,1,0,2,2,2,1,4,4,4,1,2,3,7,5,5,4,9,9,9,13,13,10,12,9,10,5,9,11,21,14,21,10,16,7,20,22,20,15,15,14,15,15,20,19,19,15,21,20,23,15,21,14,14,21,19,16,15,17,16,17,11,11,9,13,12,16,12,11,11,13,7,2,6,11,9,13,5,7,4,7,9,9,10,3,4,10,3,1,1,8,7,2,3,0,3,2,4,3,1,3,4,1,0,1,0,0,2,0,6,3,0,2,2,0,2,1,1,0,0,1,0,1,1,0,0,1,0,0,1,1,0,0,0,0,0,0,0,0,0,1,0,0,0,0,0,0,0,0,0,0,0,0,0,0,1,0,0,0,0,0,0,0,0,1,0,0,0,0,0,0,0,0,0,0,0,0,0,0,0,0,0,0,0,0,0
0,0,1,0,0,0,1,1,0,0,0,1,0,0,2,0,3,2,1,2,1,3,6,6,2,1,3,4,5,7,4,7,7,12,6,8,12,6,6,12,10,11,9,10,7,14,11,14,19,16,17,12,15,19,11,18,15,12,15,21,22,10,14,20,14,14,17,17,12,15,15,15,18,9,12,16,17,9,15,9,13,15,9,13,12,10,14,12,7,7,8,7,8,8,5,3,2,4,4,6,4,5,5,4,3,3,5,3,2,2,2,0,2,3,1,1,2,3,1,0,0,2,2,0,1,0,3,1,1,1,0,0,2,0,0,1,0,0,0,1,0,0,0,2,2,0,0,1,0,0,0,0,0,0,0,0,0,1,0,1,0,0,0,0,0,0,0,0,0,0,0,0,0,0,0,0,0,0,0,0,0,0,0,0,0,0,0,0,0,0,0,0,0,0,0,0,0,0,0,0
0,0,0,0,2,0,1,0,0,0,0,2,0,0,1,1,1,2,2,2,2,2,1,7,2,5,4,10,4,5,5,5,5,8,8,7,6,6,6,16,9,12,9,19,18,13,18,15,10,11,11,17,11,18,19,25,15,19,14,18,22,23,24,22,13,13,14,12,15,12,20,16,11,14,16,15,7,13,8,12,6,8,1,7,5,3,13,10,5,6,7,4,12,14,5,6,7,6,9,6,5,7,2,5,2,4,3,5,6,0,2,3,0,3,4,1,0,1,3,2,1,1,2,0,2,0,3,1,0,1,0,2,0,1,0,2,0,0,0,3,0,0,1,0,0,1,0,0,0,1,1,0,0,0,0,0,0,0,0,0,0,0,1,0,0,0,0,0,0,1,0,0,0,0,0,0,0,0,0,0,0,0,0,0,0,0,0,0,0,0,0,0,0,0,0,0,0,0,0,0
1,0,0,1,0,0,0,0,0,0,0,0,0,2,0,0,0,1,3,4,1,0,2,6,2,10,4,4,3,3,4,3,16,8,7,9,11,5,9,5,7,10,11,16,11,10,9,12,16,9,7,21,17,17,18,20,10,27,16,14,16,25,13,15,16,18,16,11,21,12,14,10,11,13,12,21,13,10,13,9,9,7,17,4,12,19,5,6,10,7,8,8,6,6,3,5,14,5,3,5,4,7,5,1,3,1,2,3,5,5,1,4,1,0,4,3,2,2,4,0,1,1,3,1,0,1,0,1,1,0,1,0,2,1,0,0,0,0,1,1,0,0,0,0,0,0,0,0,0,0,0,0,0,0,1,0,0,0,0,0,0,1,0,0,0,0,0,0,0,0,0,0,0,0,0,0,0,0,0,0,0,0,0,0,0,0,0,0,0,0,0,0,0,0,0,0,0,0,0,0
0,0,1,0,2,0,0,0,0,0,0,1,0,0,2,1,1,1,4,1,3,1,5,4,5,3,2,3,5,4,4,3,4,10,10,8,9,7,8,9,14,7,9,16,11,6,13,10,16,16,11,17,18,13,20,11,13,12,28,19,24,18,13,13,25,13,10,14,12,17,13,21,17,13,19,7,11,9,13,8,10,13,13,5,11,12,9,4,5,8,8,5,6,7,4,6,1,6,4,5,4,5,6,5,2,3,6,1,2,3,3,1,3,0,1,1,0,3,0,2,1,2,0,1,0,1,1,0,2,1,0,1,0,0,1,0,0,0,0,1,1,1,0,0,0,2,0,0,0,0,0,0,0,1,0,0,0,0,0,0,0,0,0,0,0,0,0,0,0,0,0,0,0,0,0,0,0,0,0,0,0,0,0,0,0,0,0,0,0,0,0,0,0,0,0,0,0,0,0,0
1,0,0,1,1,1,0,0,0,1,0,0,0,0,0,0,3,3,0,3,5,3,2,3,3,3,2,1,7,1,6,4,8,8,4,4,7,9,11,9,11,12,10,13,15,14,11,10,7,12,9,10,22,15,7,17,20,14,20,16,9,12,10,20,16,14,11,16,8,11,9,5,5,10,22,6,15,7,13,14,15,11,8,11,10,9,8,8,12,3,4,6,7,6,7,12,5,5,4,4,5,4,7,1,4,4,3,1,0,5,3,2,2,3,1,2,3,1,0,0,1,2,2,1,1,4,1,0,0,1,1,0,0,0,1,2,0,0,1,0,0,0,0,0,0,0,0,0,1,0,0,0,0,0,0,0,0,0,0,0,0,0,0,0,0,0,0,0,0,0,1,0,0,0,0,0,0,0,0,0,0,0,0,0,0,0,0,0,0,0,0,0,0,0,0,0,0,0,0,0
0,0,1,1,1,0,0,0,0,0,0,3,0,0,2,1,2,3,1,1,1,0,3,1,1,4,3,4,6,4,6,4,11,14,2,6,10,6,10,10,7,11,8,8,5,11,11,9,9,18,16,14,14,17,14,28,15,19,14,11,13,14,10,21,16,18,12,14,10,13,16,17,13,24,11,8,9,10,11,7,11,11,9,7,7,8,6,7,3,3,10,5,10,5,4,10,5,5,4,3,6,3,2,6,7,3,2,1,5,3,3,3,1,2,1,2,4,2,2,1,1,0,0,1,0,0,1,1,1,1,2,0,0,0,0,0,1,0,0,0,0,0,0,0,0,0,0,0,0,0,0,0,0,0,0,0,0,0,0,0,0,0,0,0,0,0,0,0,0,0,0,0,0,0,0,0,0,0,0,0,0,0,0,0,0,0,0,0,0,0,0,0,0,0,0,0,0,0,0,0
0,0,1,0,0,0,0,0,0,1,1,2,0,0,1,0,0,0,0,0,4,0,2,1,1,4,8,10,4,3,5,7,7,11,6,10,6,4,6,8,15,8,14,11,11,20,9,14,8,21,15,13,18,19,12,11,12,15,15,18,20,10,17,26,11,15,19,16,16,18,18,7,18,13,12,10,11,15,13,11,5,3,5,5,7,15,8,5,7,6,3,5,2,6,8,5,2,2,3,5,1,2,1,3,6,2,4,3,2,1,1,6,0,0,2,2,2,2,3,4,1,2,1,0,0,2,1,1,0,3,0,0,3,1,0,0,0,0,0,1,1,0,0,0,0,0,0,0,0,0,0,0,0,0,0,0,0,0,0,0,0,0,0,0,0,0,0,0,0,0,0,0,0,0,0,0,0,0,0,0,0,0,0,0,0,0,0,0,0,0,0,0,0,0,0,0,0,0,0,0
0,0,0,2,0,0,0,0,0,0,0,2,0,1,0,1,1,0,2,2,1,3,4,1,2,4,6,7,2,7,3,4,2,12,5,9,14,3,10,3,9,6,6,14,8,13,9,15,11,12,12,12,14,12,18,12,16,20,11,10,20,15,18,13,12,9,15,10,15,20,14,8,10,8,13,10,14,18,11,12,11,5,13,11,5,8,5,5,6,6,6,4,6,5,3,1,3,8,7,5,3,7,5,4,1,8,6,1,4,2,5,2,1,2,0,0,1,4,1,1,3,0,1,1,5,1,1,2,0,2,0,1,1,0,0,0,0,0,0,0,0,2,1,0,0,1,0,0,0,0,0,0,0,0,0,0,0,0,0,0,1,0,0,2,0,0,0,0,0,0,0,0,0,0,0,0,0,0,0,0,0,0,0,0,0,0,0,0,0,0,0,0,0,0,0,0,0,0,0,0
0,0,0,0,1,0,0,1,0,0,0,1,0,1,2,1,2,0,0,1,0,3,2,2,0,7,5,4,3,4,3,5,4,2,5,9,12,8,6,10,9,10,15,12,11,11,11,13,11,15,13,10,13,12,15,17,14,17,15,10,10,20,15,9,16,11,10,11,9,5,8,15,12,18,13,5,11,10,9,7,9,6,10,12,10,7,9,9,3,2,9,9,2,2,6,8,2,4,3,3,0,8,3,4,5,0,5,2,3,2,1,2,4,0,1,0,4,4,2,3,1,1,1,1,1,0,0,1,2,1,0,1,0,0,0,1,0,1,0,0,0,0,0,0,0,1,0,0,0,0,0,0,0,0,0,0,0,0,0,0,0,0,0,0,0,0,0,0,0,0,0,0,0,0,0,0,0,0,0,0,0,0,0,0,0,0,0,0,0,0,0,0,0,0,0,0,0,0,0,0
0,0,0,0,0,0,0,0,1,0,0,1,1,0,4,2,0,0,1,0,2,4,0,6,1,0,2,3,3,3,3,6,5,3,6,6,5,6,7,6,10,6,4,8,8,10,11,9,14,8,12,15,17,14,16,15,15,10,14,11,17,17,10,21,13,11,12,19,15,12,12,7,21,5,19,15,11,3,10,6,10,8,10,9,3,7,7,8,4,5,3,8,6,7,4,6,2,3,8,6,3,3,1,1,4,2,1,2,1,1,2,2,1,2,2,0,4,0,1,2,0,1,2,0,0,2,1,1,0,0,1,2,1,1,0,0,1,0,2,0,0,0,0,0,1,0,0,0,0,1,0,0,0,0,0,0,0,0,0,0,0,0,0,0,0,0,0,0,0,0,0,0,0,0,0,0,0,0,0,0,0,0,0,0,0,0,0,0,0,0,0,0,0,0,0,0,0,0,0,0
0,0,0,0,2,0,0,0,0,0,0,0,1,0,0,0,0,2,2,0,2,3,3,1,1,4,4,8,5,4,3,4,3,5,5,4,12,9,3,5,10,5,11,11,12,5,11,9,8,22,14,18,12,11,18,9,12,11,15,12,15,16,15,17,14,13,18,14,13,7,12,5,8,6,8,9,10,7,5,10,7,8,7,7,8,6,5,6,7,5,4,6,4,4,5,2,6,7,3,2,5,6,3,4,1,2,2,2,3,2,3,2,1,4,4,2,3,1,2,0,2,0,1,0,0,0,0,0,0,0,1,0,1,1,0,0,1,0,0,0,0,0,0,0,0,0,0,0,0,0,0,0,0,0,0,0,0,0,0,0,0,0,0,0,1,0,0,0,0,0,0,0,0,0,1,0,0,0,0,0,0,0,0,0,0,0,0,0,0,0,0,0,0,0,0,0,0,0,0,0
0,0,0,0,0,0,0,1,0,0,0,0,0,0,3,0,0,0,3,0,4,0,1,3,1,2,5,2,5,4,4,3,4,4,4,11,5,1,6,10,10,7,10,10,17,9,9,9,7,10,11,13,14,17,14,28,9,16,13,10,10,14,18,12,21,16,9,10,14,11,13,8,10,8,13,7,15,8,12,8,7,7,7,6,4,9,4,6,5,9,6,5,5,3,6,3,8,3,2,0,5,5,0,2,4,3,1,4,3,1,3,3,0,2,2,1,1,0,2,0,0,0,3,0,0,1,1,1,0,1,1,0,0,0,1,0,0,2,0,1,0,0,0,0,0,0,0,0,0,0,0,0,0,0,0,0,0,0,0,0,0,0,0,0,0,0,0,0,0,0,0,0,0,0,0,0,0,0,0,0,0,0,0,0,0,0,0,0,0,0,0,0,0,0,0,0,0,0,0,0
1,0,0,0,2,0,0,0,0,1,0,1,2,0,3,1,0,1,3,0,3,2,2,2,2,5,5,2,6,2,6,2,3,6,2,3,8,2,4,7,11,3,7,9,7,10,14,6,14,12,15,6,13,15,13,11,14,18,13,16,17,8,22,16,14,17,13,14,13,11,13,14,15,11,8,14,10,6,8,5,9,10,7,8,7,3,9,3,4,4,8,4,3,4,5,5,2,3,2,2,0,8,1,1,2,2,3,2,0,1,1,2,0,2,3,0,1,2,1,1,1,0,2,0,0,1,0,1,2,0,0,2,1,1,1,1,0,0,0,0,0,1,0,0,0,0,0,0,0,0,0,0,0,0,0,0,0,0,0,0,0,0,0,0,0,0,0,0,0,1,0,0,0,0,0,0,0,0,0,0,0,0,0,0,0,0,0,0,0,0,0,0,0,0,0,0,0,0,0,0
0,0,0,0,0,0,0,0,0,1,0,0,0,0,0,0,2,2,0,0,3,0,2,2,7,3,0,4,3,4,4,1,4,7,6,6,5,6,8,6,8,2,11,7,7,11,15,10,16,11,14,12,11,13,13,13,9,9,18,14,14,8,11,8,17,13,14,10,12,13,5,15,11,5,10,8,4,4,8,5,6,12,8,2,10,5,5,4,6,4,5,9,5,4,3,6,5,2,3,1,1,3,2,3,3,1,1,2,0,4,2,1,3,3,3,1,2,2,1,1,2,0,2,1,1,0,2,1,1,0,1,0,0,0,1,3,0,0,2,0,0,0,1,0,0,0,0,0,0,0,0,0,0,0,0,0,0,0,0,0,0,0,0,0,0,1,0,0,0,0,0,0,0,0,0,0,0,0,0,0,0,0,0,0,0,0,0,0,0,0,0,0,0,0,0,0,0,0,0,0
0,0,0,0,0,0,1,0,0,0,1,0,1,0,0,0,1,0,1,0,0,0,5,5,2,2,0,4,2,3,3,4,6,7,7,12,6,9,9,5,7,8,7,6,10,13,8,9,10,7,14,13,12,14,10,13,17,12,14,14,12,17,14,18,9,15,14,7,7,8,9,6,12,8,5,13,12,6,11,2,8,3,17,3,5,3,8,4,3,5,5,5,4,4,4,9,2,2,4,4,2,3,6,2,1,2,2,3,0,2,2,2,0,2,2,2,1,1,0,1,1,1,0,0,1,0,0,1,1,1,0,1,0,1,0,1,0,0,0,0,0,0,1,0,0,0,0,0,0,0,0,0,0,1,0,0,0,0,0,0,0,0,0,0,0,0,0,0,0,0,0,0,0,0,0,0,0,0,0,0,0,0,0,0,0,0,0,0,0,0,0,0,0,0,0,0,0,0,0,0
0,0,0,0,0,0,0,0,0,0,0,0,0,2,1,1,0,0,3,2,1,2,3,2,1,2,6,6,3,3,2,2,5,3,5,11,5,4,2,9,4,8,12,9,11,8,6,12,15,13,9,13,10,8,8,14,11,9,10,10,12,13,9,12,15,11,12,17,7,15,6,13,8,7,6,10,9,10,9,4,9,5,6,6,1,7,3,4,5,5,6,7,7,3,2,7,5,1,6,1,6,3,7,2,2,0,6,2,1,2,1,1,1,2,3,2,1,2,1,1,1,1,2,2,1,1,0,0,0,1,1,2,1,1,0,0,0,0,0,0,0,0,0,1,0,1,1,0,0,0,0,0,0,0,0,0,1,0,0,0,0,0,0,0,0,0,0,0,0,0,0,0,0,0,0,0,0,0,0,0,0,0,0,0,0,0,0,0,0,0,0,0,0,0,0,0,0,0,0,0
1,0,0,1,1,0,0,0,0,0,0,0,0,0,0,0,0,1,2,2,1,5,0,3,3,4,2,3,7,2,2,5,5,9,9,3,6,5,3,12,6,6,10,6,8,7,14,10,7,9,15,12,12,15,13,5,13,5,11,14,10,15,9,9,10,11,12,16,14,15,12,10,10,8,9,9,13,2,9,6,5,2,5,7,3,9,4,3,6,1,5,6,3,2,2,1,4,2,3,0,4,5,2,1,2,2,4,0,1,0,1,2,1,2,1,1,1,2,1,1,0,1,1,3,0,1,0,2,0,0,0,1,0,1,0,1,0,0,0,1,1,0,0,0,0,1,0,1,0,0,0,0,0,0,0,0,0,0,0,0,0,0,0,0,0,0,0,0,0,0,0,0,0,0,0,0,0,0,0,0,0,0,0,0,0,0,0,0,0,0,0,0,0,0,0,0,0,0,0,0
0,0,0,0,1,0,0,0,0,0,0,0,0,0,2,0,0,1,2,0,0,0,2,4,0,5,2,3,2,2,2,2,4,8,5,5,5,1,8,7,6,9,11,9,13,10,8,15,10,12,8,8,13,9,9,14,8,12,10,10,6,13,8,8,17,9,12,12,9,13,10,8,6,10,6,8,10,5,6,11,13,5,6,8,10,2,3,7,3,6,3,6,3,1,7,5,2,1,2,0,0,2,5,1,1,2,1,5,1,4,0,1,0,1,2,1,1,1,1,1,1,1,1,0,3,1,0,1,2,0,2,0,1,1,0,3,0,1,0,0,0,0,1,0,0,0,0,0,1,0,0,0,0,0,0,0,1,0,0,0,0,0,0,0,0,0,0,0,0,0,0,0,0,0,0,0,0,0,0,0,0,0,0,0,0,0,0,0,0,0,0,0,0,0,0,0,0,0,0,0
0,0,0,0,0,1,0,1,0,0,0,0,2,2,0,1,0,2,3,1,1,2,2,4,0,4,1,6,3,4,5,4,7,8,5,2,6,9,3,6,13,5,7,8,13,14,8,6,4,3,15,14,12,14,16,18,10,12,10,15,12,13,12,12,8,12,9,18,11,8,14,13,14,7,9,10,10,9,7,7,5,3,7,8,11,8,4,3,3,11,5,5,1,2,5,3,8,2,0,4,3,7,1,3,1,3,2,1,0,3,3,1,1,0,3,1,3,1,1,1,4,4,0,0,2,2,0,2,1,0,0,1,1,0,0,2,0,1,0,1,0,1,1,0,0,0,0,0,0,0,0,0,0,0,0,1,0,0,0,0,0,0,0,0,0,0,0,0,0,0,0,0,0,0,0,0,0,0,0,0,0,0,0,0,0,0,0,0,0,0,0,0,0,0,0,0,0,0,0,0
0,0,0,2,1,0,0,0,0,0,0,1,0,0,1,1,1,0,0,1,0,2,1,3,1,1,1,7,4,3,1,3,7,4,3,4,7,6,6,6,2,5,5,13,7,8,6,10,15,8,12,14,8,12,9,18,14,15,10,10,7,11,5,11,9,10,12,13,12,7,13,6,12,12,10,7,13,6,4,7,5,5,6,9,8,4,5,4,2,5,1,6,5,6,4,6,2,3,1,1,2,2,3,3,1,1,2,2,2,5,0,0,1,3,0,1,3,2,1,0,0,2,0,1,2,1,0,3,0,0,0,0,1,2,1,0,0,1,0,0,0,1,0,1,0,1,0,0,0,0,0,0,0,1,0,0,0,0,0,0,0,0,0,0,0,0,0,0,0,0,0,0,0,0,0,0,0,0,0,0,0,0,0,0,0,0,0,0,0,0,0,0,0,0,0,0,0,0,0,0
0,0,0,0,0,0,0,0,0,0,0,1,0,0,4,1,2,1,1,3,4,3,1,1,2,2,4,2,3,5,5,2,3,7,8,6,6,8,5,4,5,4,10,10,14,13,5,8,7,13,10,11,5,12,11,12,12,9,17,6,13,14,12,9,3,11,16,10,8,10,11,10,8,9,6,5,6,8,3,6,9,5,9,5,7,6,4,8,1,2,5,3,3,2,5,3,2,5,5,3,1,2,2,4,3,2,1,2,1,1,3,2,1,1,2,0,1,0,2,1,0,0,2,0,1,1,1,0,0,1,1,0,0,1,0,0,0,0,0,0,0,0,0,0,0,0,0,0,0,1,0,0,0,0,0,0,0,0,0,0,0,0,0,0,0,0,0,0,0,0,0,0,0,0,0,0,0,0,0,0,0,0,0,0,0,0,0,0,0,0,0,0,0,0,0,0,0,0,0,0
0,0,0,0,1,0,0,1,0,0,2,3,0,0,0,0,0,1,1,2,1,0,1,2,0,2,1,3,5,4,4,0,6,9,6,6,8,5,4,8,11,9,4,8,7,10,6,10,9,11,14,13,13,5,12,11,7,17,7,11,8,8,15,13,12,10,5,11,8,10,10,7,9,8,9,10,4,8,12,8,7,4,6,4,10,9,5,4,4,2,7,3,3,5,2,4,1,0,3,0,7,3,2,1,4,1,1,2,0,3,0,2,1,2,1,0,2,1,2,1,0,2,1,0,0,1,1,0,0,1,0,0,0,1,1,3,0,0,0,1,0,0,0,1,0,1,0,0,0,0,0,0,0,0,0,0,0,0,0,0,0,0,0,0,0,0,0,0,0,0,0,0,0,0,0,0,0,0,0,0,0,0,0,0,0,0,0,0,0,0,0,0,0,0,0,0,0,0,0,0
0,0,0,1,0,0,0,0,0,0,0,2,0,0,1,0,0,1,1,2,2,1,1,4,2,1,1,3,6,5,4,5,2,5,5,4,8,4,8,1,7,8,4,5,8,5,8,10,12,3,9,8,11,9,8,10,9,14,11,11,7,8,11,12,18,10,12,7,10,8,7,13,8,9,13,6,7,10,1,6,5,3,7,8,9,6,1,8,2,7,12,6,4,0,7,1,1,0,5,1,3,2,2,8,0,1,1,2,0,2,1,1,0,0,1,0,0,0,0,0,0,3,1,1,1,0,1,0,0,1,0,1,1,1,1,0,1,1,0,0,0,0,0,0,0,0,0,0,0,0,0,0,0,0,0,0,0,0,0,0,0,0,0,0,0,0,0,0,0,0,0,0,0,0,0,0,0,0,0,0,0,0,0,0,0,0,0,0,0,0,0,0,0,0,0,0,0,0,0,0
0,0,0,0,0,0,2,0,0,0,0,0,0,0,0,0,1,1,0,5,1,1,2,1,1,0,1,2,2,5,1,2,3,7,7,6,7,1,4,3,5,7,9,9,9,9,7,10,8,11,9,11,7,8,7,11,12,10,13,6,10,8,8,15,9,10,6,10,8,10,8,8,6,6,5,6,9,10,6,7,3,4,6,7,5,9,3,4,6,4,1,3,5,6,4,4,4,2,3,6,1,1,0,1,1,0,2,4,5,0,2,0,1,1,1,1,2,0,1,1,3,1,0,1,0,0,0,0,0,0,1,1,0,0,1,0,1,1,0,0,0,0,0,0,1,0,0,0,0,1,0,0,0,0,0,0,0,0,0,0,0,0,0,0,0,0,0,0,0,0,0,0,0,0,0,0,0,0,0,0,0,0,0,0,0,0,0,0,0,0,0,0,0,0,0,0,0,0,0,0
0,0,0,0,0,0,0,1,0,0,0,0,1,0,0,0,0,2,2,1,2,1,1,1,2,3,2,1,3,2,5,6,6,7,5,5,2,3,6,6,3,9,9,7,5,12,8,8,8,5,8,6,3,11,11,10,14,9,5,7,9,12,11,5,6,10,11,9,12,7,8,10,8,7,10,9,7,5,8,5,6,3,7,3,9,6,4,5,4,6,11,4,4,3,1,5,2,5,3,3,2,0,2,1,1,1,1,0,1,0,2,3,0,1,1,1,2,0,0,0,0,1,0,0,1,0,1,1,0,0,0,0,0,0,1,0,1,0,0,1,0,0,1,0,0,0,0,0,0,0,0,0,0,0,0,0,0,0,0,0,0,0,0,0,0,0,0,0,0,0,0,0,0,0,0,0,0,0,0,0,0,0,0,0,0,0,0,0,0,0,0,0,0,0,0,0,0,0,0,0
0,0,0,0,1,0,1,0,0,1,1,0,0,0,0,0,1,0,0,1,2,1,1,3,5,1,2,1,3,6,3,4,2,4,5,2,7,3,6,4,6,10,5,3,6,11,7,7,5,7,10,7,11,8,5,4,8,18,7,10,9,12,8,12,10,8,9,7,2,4,8,5,7,12,5,5,8,7,9,5,8,5,3,8,7,4,4,2,1,2,3,5,3,2,2,2,1,3,3,2,0,2,3,1,3,2,0,0,2,0,3,1,2,1,0,1,1,2,2,1,3,2,0,2,0,2,0,2,0,0,0,0,1,0,0,1,0,0,0,0,0,0,0,0,0,0,0,0,0,0,0,0,0,0,0,0,0,0,0,0,0,0,0,0,0,0,0,0,0,0,0,0,0,0,0,0,0,0,0,0,0,0,0,0,0,0,0,0,0,0,0,0,0,0,0,0,0,0,0,0
0,0,0,0,0,1,0,0,0,0,0,0,1,0,0,0,1,1,1,6,1,0,1,0,0,1,1,0,5,3,2,2,6,4,4,2,7,5,2,2,5,5,6,4,7,5,9,3,4,5,8,3,14,9,9,8,10,7,13,12,7,13,6,9,10,11,10,11,11,15,9,11,6,8,11,5,7,5,5,4,2,9,5,3,7,8,2,5,3,4,3,5,2,6,1,1,2,4,0,4,3,1,3,3,3,2,2,1,0,1,1,0,2,2,1,0,0,2,0,1,0,0,3,1,0,0,1,0,1,0,0,1,0,0,0,0,0,0,0,0,0,0,0,1,1,1,0,0,0,0,0,0,0,0,0,0,0,0,0,0,0,0,0,0,0,0,0,0,0,0,0,0,0,0,0,0,0,0,0,0,0,0,0,0,0,0,0,0,0,0,0,0,0,0,0,0,0,0,0,0
0,0,0,0,0,0,1,0,1,0,0,1,0,0,1,0,0,2,1,3,2,5,0,0,0,3,5,1,3,3,2,2,4,2,1,6,7,4,4,5,4,7,5,4,4,7,9,7,7,10,4,8,8,8,8,12,5,8,12,6,6,10,8,9,15,8,12,10,8,12,8,12,11,9,8,6,4,6,4,3,5,2,9,2,5,3,3,8,6,2,4,5,4,2,2,1,0,0,2,2,3,2,3,5,1,1,2,3,3,1,0,0,2,1,0,1,0,0,2,1,0,0,1,0,1,1,0,0,1,2,0,1,1,0,0,0,0,0,1,1,0,0,0,0,0,0,0,0,0,0,0,0,0,0,0,0,0,0,0,0,0,0,0,0,0,0,0,0,0,0,0,0,0,0,0,0,0,0,0,0,0,0,0,0,0,0,0,0,0,0,0,0,0,0,0,0,0,0,0,0
0,0,0,0,0,0,0,0,0,0,0,1,0,0,0,1,0,0,0,0,0,5,0,0,0,3,1,7,3,1,2,1,6,2,5,4,4,4,2,5,5,7,4,4,7,10,7,6,7,3,5,4,10,3,12,19,6,11,2,7,8,13,13,10,6,5,9,7,5,6,9,6,14,6,6,6,9,5,4,5,4,1,3,5,3,3,4,1,2,5,2,1,5,2,3,2,3,2,2,2,0,1,1,1,4,0,1,1,0,2,2,1,1,1,0,2,1,2,2,1,0,1,1,1,0,0,1,1,1,1,0,0,0,0,0,0,0,0,0,0,0,0,1,0,0,0,1,0,0,0,1,0,0,0,0,0,0,0,0,0,0,0,0,0,0,0,0,0,0,0,0,0,0,0,0,0,0,0,0,0,0,0,0,0,0,0,0,0,0,0,0,0,0,0,0,0,0,0,0,0
0,0,0,0,0,0,0,0,0,0,0,0,0,0,0,0,0,0,2,2,4,0,3,0,0,2,1,3,2,2,3,5,3,3,3,4,6,3,7,6,5,4,3,5,4,6,2,7,4,6,8,6,8,9,10,9,8,2,9,8,11,8,11,8,8,6,9,6,9,5,7,10,12,10,2,6,6,8,5,11,6,3,5,3,4,4,5,4,9,5,4,6,4,4,0,2,2,2,4,2,0,4,2,0,1,2,0,0,0,0,0,1,3,1,0,1,0,1,2,0,4,0,1,1,1,1,0,0,1,0,0,0,0,0,0,0,0,0,0,0,0,0,1,0,0,0,0,0,0,0,0,0,0,0,0,0,0,0,0,0,0,0,0,0,0,0,0,0,0,0,0,0,0,0,0,0,0,0,0,0,0,0,0,0,0,0,0,0,0,0,0,0,0,0,0,0,0,0,0,0
0,0,0,1,0,0,0,0,0,0,0,0,0,0,0,0,1,0,2,1,0,0,1,1,1,0,5,3,4,5,3,1,2,3,3,3,2,1,5,1,2,5,6,9,6,5,13,7,8,6,4,5,6,8,10,8,5,11,7,7,4,6,4,8,9,7,7,6,14,8,9,6,5,9,4,4,6,8,8,6,6,3,1,6,5,3,4,3,3,8,4,4,3,1,2,1,2,2,0,3,0,2,1,0,2,3,1,2,1,4,0,0,1,2,0,0,0,0,1,0,1,1,1,1,0,0,2,1,0,0,0,1,0,0,0,1,1,0,0,0,0,0,0,0,0,0,0,0,0,0,0,0,0,0,0,0,0,0,0,0,0,0,0,0,0,0,0,0,0,0,0,0,0,0,0,0,0,0,0,0,0,0,0,0,0,0,0,0,0,0,0,0,0,0,0,0,0,0,0,0
0,0,0,0,0,0,0,0,1,0,0,0,0,0,1,1,0,0,1,0,2,1,0,0,0,2,5,2,4,2,1,1,3,2,0,1,4,2,8,2,7,7,6,8,5,7,5,10,3,9,7,6,8,7,3,6,6,7,17,8,6,8,7,11,9,6,3,13,9,7,7,9,3,2,2,5,8,2,4,2,2,8,6,5,4,5,5,1,2,1,2,2,3,1,1,3,2,3,4,4,1,2,4,4,0,0,2,0,0,2,1,0,1,0,2,0,3,1,1,0,0,0,0,2,0,0,0,1,0,0,1,0,1,0,0,0,0,0,0,0,0,0,0,0,0,0,0,0,0,0,0,0,0,1,0,0,0,0,0,0,0,0,0,0,0,0,0,0,0,0,0,0,0,0,0,0,0,0,0,0,0,0,0,0,0,0,0,0,0,0,0,0,0,0,0,0,0,0,0,0
0,0,0,0,0,0,0,0,0,0,0,0,0,0,1,2,0,3,1,1,2,1,0,2,0,1,1,0,2,1,4,1,3,6,6,4,3,6,3,3,6,7,2,5,3,4,3,5,9,7,8,8,10,7,5,5,7,11,7,7,8,8,5,4,7,2,5,6,7,9,6,8,3,11,7,8,5,8,2,5,4,3,4,3,4,4,2,2,2,1,7,7,2,2,2,2,3,4,2,3,2,3,1,3,0,2,2,1,1,0,1,0,2,1,0,1,0,0,0,1,0,1,0,1,0,0,0,1,1,0,0,0,0,0,0,1,0,0,1,2,0,0,1,0,1,0,0,1,0,0,0,0,0,0,0,0,0,0,0,0,0,0,0,0,0,0,0,0,0,1,0,0,0,0,0,0,0,0,0,0,0,0,0,0,0,0,0,0,0,0,0,0,0,0,0,0,0,0,0,0
0,0,0,1,0,0,1,0,0,0,0,0,2,0,2,0,0,0,1,2,1,1,1,2,0,2,2,2,3,2,3,4,3,2,3,1,3,4,4,7,3,4,7,6,5,5,5,7,4,4,8,3,8,6,8,8,4,6,7,6,8,4,5,6,8,3,7,9,6,10,7,1,4,4,5,4,2,7,5,9,4,4,5,2,3,4,4,4,2,3,0,4,0,1,1,5,2,3,2,3,4,1,1,0,1,0,2,1,0,2,1,0,1,2,0,0,1,1,1,0,1,0,1,1,0,1,0,0,0,1,0,0,0,0,0,0,0,0,0,0,0,0,0,0,0,0,0,0,0,0,0,0,0,0,0,0,0,0,0,0,0,0,0,0,0,0,0,0,0,0,0,0,0,0,0,0,0,0,0,0,0,0,0,0,0,0,0,0,0,0,0,0,0,0,0,0,0,0,0,0
0,0,0,0,0,0,0,0,0,0,0,0,0,1,3,0,0,0,0,3,2,1,1,0,1,2,1,2,2,2,1,2,3,1,1,2,5,4,4,6,10,9,5,4,2,9,6,5,3,8,5,4,5,12,9,5,5,14,3,7,12,3,9,6,7,6,4,6,2,5,6,8,10,8,5,7,7,4,6,4,5,3,5,6,6,2,2,7,1,2,4,4,4,5,1,3,4,0,2,2,2,1,2,0,1,1,3,1,2,0,2,1,2,1,0,1,0,0,0,0,1,0,1,2,0,0,0,0,1,0,0,0,0,0,0,0,0,0,0,0,0,0,0,0,0,0,0,0,0,0,0,0,0,0,0,0,0,0,0,0,0,0,0,0,0,0,0,0,0,0,0,0,0,0,0,0,0,0,0,0,0,0,0,0,0,0,0,0,0,0,0,0,0,0,0,0,0,0,0,0
1,0,0,0,0,0,0,0,0,0,0,0,0,0,0,0,0,0,1,1,4,1,1,3,1,2,3,2,3,1,3,0,3,3,9,3,2,4,4,3,4,7,6,3,6,8,2,5,3,1,5,6,7,9,8,9,6,6,8,2,7,8,7,10,6,2,7,4,5,12,9,5,4,6,5,6,7,2,5,9,4,4,2,4,6,2,1,4,5,4,3,4,2,5,2,2,0,1,2,1,1,3,1,3,3,1,0,1,3,2,0,1,1,2,0,0,2,0,0,0,1,0,0,1,0,0,1,0,0,0,1,0,0,0,0,0,0,0,0,0,0,2,0,0,0,0,1,0,0,0,1,0,0,0,0,0,0,0,0,1,0,0,0,0,0,0,0,0,0,0,0,0,0,0,0,0,0,0,0,0,0,0,0,0,0,0,0,0,0,0,0,0,0,0,0,0,0,0,0,0
0,0,0,0,1,0,0,0,0,0,0,0,0,1,0,0,1,0,0,1,0,1,2,0,3,1,0,2,3,2,2,0,4,5,3,4,3,4,2,5,2,3,4,1,3,11,6,5,8,4,6,7,10,7,10,5,5,3,6,6,6,5,7,7,8,3,4,9,2,7,9,7,5,10,6,4,7,2,6,0,4,6,5,3,2,4,3,2,3,2,2,6,4,0,4,1,3,5,0,2,1,0,1,2,1,3,3,2,0,1,0,0,3,0,0,0,0,2,0,1,0,0,0,1,1,0,1,0,2,0,1,0,0,0,0,0,0,0,0,0,0,0,1,0,0,0,0,0,0,0,0,0,0,0,0,0,1,0,0,0,0,0,0,0,0,0,0,0,0,0,0,0,0,0,0,0,1,0,0,0,0,0,0,0,0,0,0,0,0,0,0,0,0,0,0,0,0,0,0,0
1,0,0,0,1,0,0,0,0,0,1,0,2,0,0,1,1,0,2,1,0,0,1,1,0,2,0,2,0,1,1,3,3,3,5,3,0,3,5,4,4,3,6,6,4,9,5,3,9,5,8,10,4,5,7,5,6,7,7,5,6,7,9,5,2,7,7,9,5,4,3,7,6,4,3,6,3,4,2,5,3,4,0,5,2,4,3,1,3,3,4,3,2,2,1,0,0,2,0,2,3,3,1,2,1,1,0,1,2,1,1,4,4,1,2,0,1,0,0,2,0,0,1,1,0,0,1,1,0,0,0,0,0,0,0,0,0,0,0,0,0,0,0,0,0,0,0,0,0,0,0,0,0,0,0,0,0,0,0,0,0,0,0,0,0,0,0,0,0,0,0,0,0,0,0,0,0,0,0,0,0,0,0,0,0,0,0,0,0,0,0,0,0,0,0,0,0,0,0,0
0,0,0,0,1,0,0,1,0,0,0,0,0,0,0,1,1,0,0,0,0,3,0,2,0,1,2,2,3,1,2,3,1,3,0,3,9,3,1,2,4,4,3,6,8,6,5,4,3,5,9,4,12,8,4,8,5,6,6,7,4,6,8,7,6,4,8,3,5,4,5,5,3,5,3,0,8,2,2,4,3,5,6,0,6,2,5,5,5,5,3,2,1,0,1,5,2,0,0,2,2,2,0,1,0,0,2,1,0,2,1,2,4,0,0,2,0,0,0,0,0,0,1,0,0,1,0,0,0,0,0,0,0,1,0,0,0,0,0,0,0,0,0,0,0,0,1,0,0,0,0,0,0,0,0,0,0,0,0,0,0,0,0,1,0,0,0,0,0,0,0,0,0,0,0,0,0,0,0,0,1,0,0,0,0,0,0,0,0,0,0,0,0,0,0,0,0,0,0,0
0,0,0,0,0,0,1,0,0,0,0,0,0,0,0,0,0,0,0,2,0,1,1,1,1,3,1,4,2,2,1,2,3,3,3,3,5,2,1,4,4,7,4,5,3,7,4,12,4,3,3,2,9,10,2,5,6,7,3,7,6,12,5,4,8,4,5,8,4,4,5,11,3,9,6,4,7,5,5,5,0,1,4,3,6,2,6,2,1,1,2,1,9,2,4,6,3,1,2,1,2,0,1,4,0,1,1,0,3,2,2,0,4,0,0,2,0,1,0,1,0,0,0,0,0,1,0,0,1,0,0,0,0,0,0,0,0,0,0,0,0,0,1,0,0,0,0,0,0,0,0,0,0,0,0,0,0,0,0,0,0,0,0,0,0,0,0,0,0,0,0,0,0,0,0,0,0,0,0,0,0,0,0,0,0,0,0,0,0,0,0,0,0,0,0,0,0,0,0,0
0,0,0,0,0,0,0,0,0,0,1,1,2,1,0,0,0,2,0,1,0,0,0,0,0,2,2,2,1,3,5,2,2,6,3,2,2,3,2,8,4,5,1,2,3,4,4,7,7,5,3,9,1,6,2,10,3,11,5,9,4,9,7,6,6,11,3,8,8,7,3,9,7,4,6,7,4,0,5,5,3,4,3,6,4,3,8,3,4,3,0,1,1,0,3,1,1,1,0,1,0,1,1,2,1,2,2,0,1,3,0,1,0,1,0,0,1,0,0,1,2,1,0,0,0,0,0,0,0,1,0,0,0,0,0,0,0,0,0,0,0,0,1,0,0,0,0,0,0,0,1,0,0,0,0,0,0,0,0,0,0,0,0,0,0,0,0,0,0,0,0,0,0,0,0,0,0,0,0,0,0,0,0,0,0,0,0,0,0,0,0,0,0,0,0,0,0,0,0,0
0,0,0,0,1,0,0,0,0,0,0,0,0,0,0,1,0,0,1,1,0,0,2,0,1,2,0,3,1,0,3,5,1,2,5,3,1,2,7,4,3,2,2,8,3,5,5,2,8,5,3,10,5,10,14,6,5,9,8,4,5,6,4,9,6,5,4,4,8,6,4,8,5,3,3,4,6,3,4,3,4,4,5,5,3,3,2,2,0,2,1,4,0,1,5,1,3,1,2,2,2,1,1,0,0,3,2,2,0,0,0,0,1,1,1,1,0,1,2,0,0,0,0,0,0,0,0,1,0,0,0,0,0,0,0,0,0,0,0,0,0,1,0,0,0,0,0,0,0,0,0,0,0,0,0,0,0,0,0,1,0,0,0,0,0,0,0,0,0,0,0,0,0,0,0,0,0,0,0,0,0,0,0,0,0,0,0,0,0,0,0,0,0,0,0,0,0,0,0,0
0,0,0,0,0,0,0,0,1,0,0,0,0,0,0,0,0,0,0,1,1,0,0,0,1,1,2,2,4,2,1,3,3,6,2,5,1,2,7,3,3,6,4,3,5,4,3,7,6,0,10,4,5,8,5,7,7,7,3,7,4,7,12,7,8,5,5,2,8,5,4,3,2,4,6,11,5,5,3,0,3,1,1,3,2,4,4,3,1,0,0,4,2,2,2,0,2,2,0,0,1,2,1,2,1,2,0,1,1,3,1,0,0,0,0,1,0,0,0,0,1,0,0,1,0,0,0,0,0,0,0,0,0,0,0,0,0,0,0,0,0,0,0,1,0,0,0,0,0,0,0,0,0,0,0,0,0,0,0,0,0,0,0,0,0,0,0,0,0,0,0,0,0,0,0,0,0,0,0,0,0,0,0,0,0,0,0,0,0,0,0,0,0,0,0,0,0,0,0,0
0,0,0,0,0,0,0,0,0,0,0,1,0,1,0,0,0,1,0,1,1,0,0,0,1,1,2,1,2,1,1,1,2,4,1,8,3,1,2,2,5,5,5,5,6,4,5,6,7,8,5,3,7,6,7,5,6,7,8,5,8,7,8,9,3,11,6,5,4,6,2,0,4,7,4,5,5,3,4,3,2,2,1,3,1,2,0,1,3,3,4,0,1,0,3,1,3,3,4,0,1,1,4,2,0,0,0,0,0,2,2,1,1,1,1,0,0,2,1,0,0,0,1,0,0,0,0,0,1,0,1,0,0,0,0,0,0,0,0,0,0,0,0,0,0,0,0,0,0,1,0,0,0,0,0,0,0,0,0,0,0,0,0,0,0,0,0,0,0,0,0,0,0,0,0,0,0,0,0,0,0,0,0,0,0,0,0,0,0,0,0,0,0,0,0,0,0,0,0,0
0,0,0,0,0,0,0,1,0,0,0,0,0,0,0,0,1,0,1,2,2,1,0,0,1,3,0,6,4,1,1,1,2,0,4,3,4,5,4,1,5,5,5,3,5,9,7,4,2,9,4,7,8,6,6,4,2,8,5,5,2,5,11,8,4,7,6,7,8,7,5,6,4,1,3,1,4,2,5,5,2,3,2,2,4,2,3,1,3,0,1,3,2,2,0,1,1,2,0,1,1,4,0,3,0,1,0,0,0,1,1,1,2,2,0,0,1,1,2,0,0,0,0,0,1,0,0,0,0,0,0,0,0,0,0,0,0,0,0,0,0,0,0,0,0,0,0,0,0,0,0,0,0,0,0,0,0,0,0,0,0,0,0,0,0,0,0,0,0,0,0,0,0,0,0,0,0,0,0,0,0,0,0,0,0,0,0,0,0,0,0,0,0,0,0,0,0,0,0,0
0,0,0,0,1,0,0,0,0,0,0,2,0,0,0,0,0,1,0,0,1,1,0,2,3,2,1,1,1,0,1,0,5,2,2,4,3,1,1,2,5,3,3,4,5,3,6,7,3,7,9,3,5,9,5,8,6,5,9,10,6,5,4,6,4,3,5,8,4,4,4,5,4,4,2,2,1,3,3,6,5,2,4,7,1,3,4,4,1,3,2,2,0,0,1,1,1,1,2,0,1,1,1,0,1,0,1,0,0,2,1,1,1,1,0,1,3,0,0,0,0,1,0,0,1,0,0,0,0,0,0,0,0,0,0,0,0,0,0,1,0,0,0,0,0,0,0,0,0,0,0,0,0,0,0,0,0,0,0,0,0,0,0,0,0,0,0,0,0,0,0,0,0,0,0,0,0,0,0,0,0,0,0,0,0,0,0,0,0,0,0,0,0,0,0,0,0,0,0,0
0,0,0,0,0,0,0,0,0,0,0,1,0,0,1,0,0,0,2,1,0,0,1,2,3,2,0,2,2,1,0,0,3,6,2,2,3,0,2,5,5,3,0,3,6,3,3,7,4,9,6,8,8,5,6,4,4,4,5,5,7,2,7,2,4,5,10,8,7,3,3,7,7,4,5,7,2,6,7,4,3,4,4,3,5,2,3,3,3,5,0,4,3,0,2,1,1,1,1,1,3,0,1,1,5,1,2,2,2,1,0,0,0,0,2,0,0,0,0,1,2,0,0,0,0,1,0,1,0,0,0,0,1,0,0,0,0,0,0,0,0,0,0,0,0,0,0,0,0,0,0,0,0,0,0,0,0,0,0,0,0,0,0,0,0,0,0,0,0,0,0,0,0,0,0,0,0,0,0,0,0,0,0,0,0,0,0,0,0,0,0,0,0,0,0,0,0,0,0,0
0,0,0,0,0,0,0,0,0,0,1,1,0,0,0,0,0,0,1,1,1,0,0,1,1,3,0,1,3,1,2,2,0,5,1,3,7,4,2,3,4,3,4,4,5,5,2,5,6,6,5,2,7,3,5,7,10,10,8,4,6,6,5,5,5,5,9,8,7,5,5,1,3,3,6,6,5,3,4,3,0,6,6,4,1,5,1,1,1,2,2,2,2,1,1,1,1,2,1,0,0,1,0,0,0,2,1,0,3,0,1,0,1,0,4,0,2,0,0,1,0,0,0,1,0,1,0,0,0,0,0,0,0,0,0,0,0,0,0,0,1,1,1,0,0,0,0,0,0,0,0,0,0,0,0,0,0,0,0,0,0,0,0,0,0,0,0,0,0,0,0,0,0,0,0,0,0,0,0,0,0,0,0,0,0,0,0,0,0,0,0,0,0,0,0,0,0,0,0,0
0,0,0,0,1,0,0,0,0,0,0,2,0,0,1,1,0,1,1,2,1,0,1,0,0,1,3,2,1,1,4,1,1,0,1,0,1,4,5,5,3,6,6,4,4,3,5,4,7,0,3,7,4,3,6,6,3,1,4,6,3,4,3,4,3,5,2,3,4,7,2,4,3,0,3,4,3,4,4,5,1,2,4,3,5,7,2,3,0,2,1,1,0,5,2,1,2,3,1,1,1,1,2,4,1,0,3,2,0,1,0,1,0,0,0,1,0,0,0,0,1,0,0,0,0,1,0,0,0,0,0,0,0,1,0,1,0,0,0,0,0,0,0,0,0,0,0,0,0,0,0,0,0,0,0,0,0,0,0,0,0,0,0,0,0,0,0,0,0,0,0,0,0,0,0,0,0,0,0,0,0,0,0,0,0,0,0,0,0,0,0,0,0,0,0,0,0,0,0,0
0,0,0,0,0,0,0,0,0,0,0,0,0,0,0,0,0,0,0,0,1,0,0,3,0,2,2,1,0,4,1,2,1,4,3,3,3,1,1,1,7,4,3,6,1,4,3,3,6,3,4,4,5,7,7,9,3,4,2,3,0,1,6,5,4,4,4,2,4,6,2,8,5,2,7,2,3,2,0,3,6,0,2,1,0,5,2,5,1,3,2,2,4,2,0,0,4,2,1,2,2,1,0,2,1,0,0,0,1,2,1,0,0,0,1,0,0,1,0,1,1,3,0,1,1,0,0,1,1,0,0,0,1,0,0,0,0,0,0,0,0,0,0,0,0,0,0,0,0,0,0,0,0,0,0,0,0,0,0,0,0,0,0,0,0,0,0,0,0,0,0,0,0,0,0,0,0,0,0,0,0,0,0,0,0,0,0,0,0,0,0,0,0,0,0,0,0,0,0,0
0,0,0,0,0,0,0,0,0,2,0,0,0,0,0,0,0,0,3,0,1,0,0,1,1,2,2,1,1,0,6,3,3,1,2,2,1,1,3,4,2,4,2,2,3,3,3,6,4,4,5,4,4,3,4,5,4,8,6,1,6,6,2,3,3,7,7,6,3,6,5,3,6,3,0,1,3,1,3,1,1,1,4,2,3,2,2,1,2,1,3,2,0,1,2,3,0,0,1,0,0,1,1,2,0,0,2,1,0,0,1,1,2,1,0,0,1,0,1,0,1,0,0,0,0,1,0,0,0,0,0,0,0,0,0,1,0,0,0,0,0,0,0,0,0,0,0,0,0,0,0,0,0,0,0,0,0,0,0,0,0,0,0,0,0,0,0,0,0,0,0,0,0,0,0,0,0,0,0,0,0,0,0,0,0,0,0,0,0,0,0,0,0,0,0,0,0,0,0,0
0,0,0,0,0,0,1,0,0,0,0,0,1,1,0,2,0,1,0,0,2,0,0,1,0,4,4,0,1,1,2,2,3,3,1,0,3,4,3,2,3,5,2,3,5,0,1,5,8,4,3,6,6,6,2,5,5,6,8,2,4,1,2,5,4,1,5,6,10,4,1,2,2,2,6,4,2,3,6,1,2,5,2,2,3,0,0,0,0,1,2,6,4,4,1,2,1,3,2,3,2,3,3,0,2,0,0,1,1,1,1,0,0,1,2,0,0,0,1,1,0,0,0,0,0,0,0,0,1,0,0,0,0,1,1,0,0,0,0,0,0,0,0,0,0,0,0,0,0,0,0,0,0,1,0,0,0,0,0,0,0,0,0,0,0,0,0,0,0,0,0,0,0,0,0,0,0,0,0,0,0,0,0,0,0,0,0,0,0,0,0,0,0,0,0,0,0,0,0,0
0,0,0,0,0,0,0,0,0,0,2,0,0,0,0,0,0,0,0,2,1,2,0,0,0,1,2,1,2,3,0,1,2,2,3,4,3,1,1,4,3,4,3,1,6,2,3,1,1,2,2,6,10,3,3,6,4,5,3,4,4,8,2,4,2,5,3,5,2,6,5,3,2,3,2,5,2,0,2,0,0,6,4,3,4,1,1,2,1,1,1,1,0,2,3,3,2,0,0,0,2,0,2,1,0,0,1,2,1,1,0,0,0,0,0,0,0,0,0,1,1,0,1,0,0,0,0,0,0,0,0,0,0,0,0,0,0,0,0,0,0,0,0,0,0,0,0,0,0,0,0,0,0,0,1,0,0,0,0,0,0,0,0,0,0,0,0,0,0,0,0,0,0,0,0,0,0,0,0,0,0,0,0,0,0,0,0,0,0,0,0,0,0,0,0,0,0,0,0,0
0,0,0,0,0,0,0,0,0,0,0,0,0,0,0,0,0,0,0,2,1,1,1,0,0,3,0,3,4,1,1,1,0,2,4,1,2,1,3,2,3,3,4,1,4,3,4,3,2,2,5,2,4,9,5,8,5,4,7,1,4,2,6,3,3,7,4,2,2,5,4,2,3,2,5,3,3,1,1,4,3,1,1,5,3,2,2,2,0,3,0,5,2,2,2,1,2,1,0,3,2,1,1,1,0,2,1,0,0,0,1,2,0,0,0,0,3,1,0,1,0,0,0,0,0,0,0,0,0,0,0,0,0,0,1,0,0,0,0,0,0,0,0,0,0,0,0,0,0,0,0,0,0,0,0,0,0,0,0,0,0,0,0,0,0,0,0,0,0,0,0,0,0,0,0,0,0,0,0,0,0,0,0,0,0,0,0,0,0,0,0,0,0,0,0,0,0,0,0,0
0,0,0,0,0,0,0,0,0,0,0,0,0,0,0,0,0,0,0,0,0,1,1,1,0,0,1,3,3,0,0,1,3,1,3,0,1,0,1,5,3,2,2,4,3,3,4,4,1,2,2,3,7,3,4,5,2,3,7,9,5,1,4,6,7,5,8,7,8,2,7,5,1,2,5,2,3,2,2,4,7,1,3,3,4,1,2,2,1,0,0,3,1,3,1,1,2,1,0,1,1,0,2,2,0,1,0,1,0,1,1,0,0,0,0,0,0,1,1,1,0,0,0,0,0,0,0,0,0,0,0,0,1,0,0,0,0,1,0,0,0,0,0,0,0,0,0,0,0,1,0,0,0,0,0,0,0,0,0,0,0,0,0,0,0,0,0,0,0,0,0,0,0,0,0,0,0,0,0,0,0,0,0,0,0,0,0,0,0,0,0,0,0,0,0,0,0,0,0,0
0,0,0,0,0,0,0,0,0,0,0,0,1,0,0,0,0,0,1,1,0,1,0,0,1,0,2,3,4,2,1,3,1,2,5,2,2,1,2,3,4,4,3,3,2,4,5,5,6,2,3,6,7,6,3,3,1,6,6,2,7,0,4,3,5,7,7,2,2,3,8,2,5,5,2,2,2,1,2,0,3,2,2,0,1,2,1,3,2,3,1,2,0,0,1,1,2,1,1,1,1,0,1,0,1,3,0,0,0,0,1,0,1,0,2,1,0,0,1,0,0,0,0,0,0,0,0,0,0,0,1,0,0,1,1,0,0,0,0,0,0,0,0,0,0,0,0,0,0,0,0,0,0,0,0,0,0,0,0,0,0,0,0,0,0,0,0,0,0,0,0,0,0,0,0,0,0,0,0,0,0,0,0,0,0,0,0,0,0,0,0,0,0,0,0,0,0,0,0,0
0,0,0,0,0,0,0,0,0,0,0,1,0,0,0,0,0,0,1,0,0,1,1,3,0,1,3,1,1,0,0,1,3,0,4,1,4,2,5,2,4,4,5,0,2,4,4,11,2,4,3,2,5,4,4,9,2,4,2,8,2,2,5,9,9,2,2,4,3,4,4,4,1,1,3,1,0,4,2,6,2,1,3,0,1,0,2,1,2,1,2,0,4,2,0,1,1,1,1,0,1,0,1,1,1,0,2,0,0,0,0,0,1,1,0,1,0,1,1,0,1,0,0,1,0,0,0,0,1,0,0,0,0,0,1,0,0,0,0,0,0,0,0,0,0,0,0,0,0,0,0,0,0,0,0,0,0,0,0,0,0,0,0,0,0,0,0,0,0,0,0,0,0,0,0,0,0,0,0,0,0,0,0,0,0,0,0,0,0,0,0,0,0,0,0,0,0,0,0,0
0,0,0,0,0,0,0,0,0,0,0,0,0,1,0,0,0,0,0,0,2,0,1,2,1,1,2,2,1,1,2,1,3,3,1,4,3,0,1,2,2,2,1,2,2,7,3,4,2,3,6,5,0,4,4,6,5,6,2,4,3,4,4,2,5,4,2,5,2,2,4,3,1,0,3,2,1,1,4,3,1,5,2,3,4,1,4,2,1,1,1,1,2,0,0,1,0,3,0,0,2,1,0,0,2,0,1,0,0,1,1,0,0,0,0,0,0,0,0,0,0,0,1,0,0,1,0,1,0,1,0,0,0,1,0,0,0,0,1,0,0,0,0,0,0,0,0,0,0,0,0,0,0,0,0,0,0,0,0,0,0,0,0,0,0,0,0,0,0,0,0,0,0,0,0,0,0,0,0,0,0,0,0,0,0,0,0,0,0,0,0,0,0,0,0,0,0,0,0,0
0,0,0,0,0,0,0,0,0,0,0,0,0,0,0,0,0,0,0,0,0,0,2,1,0,0,0,1,0,1,0,2,1,2,2,3,1,1,2,1,0,7,3,3,1,2,2,3,5,4,4,3,0,6,7,7,4,3,2,5,3,6,3,7,3,6,2,6,3,2,5,4,3,4,4,4,3,1,2,2,1,4,1,3,1,1,2,0,1,2,2,2,2,0,1,0,1,2,0,0,0,1,0,1,0,2,0,3,0,2,0,0,0,0,0,0,0,0,1,1,0,0,0,0,0,0,0,0,0,0,2,0,0,0,0,0,0,0,0,0,0,0,0,0,0,0,0,0,0,0,0,0,0,0,0,0,0,0,0,0,0,0,0,0,0,0,0,0,0,0,0,0,0,0,0,0,0,0,0,0,0,0,0,0,0,0,0,0,0,0,0,0,0,0,0,0,0,0,0,0
0,0,0,1,0,0,0,0,0,0,0,0,0,1,0,0,0,1,0,1,0,0,1,3,2,1,0,2,1,1,0,0,0,1,2,0,2,3,0,2,4,1,2,1,1,2,7,2,1,4,1,2,0,4,4,4,4,3,1,4,5,6,3,2,4,3,3,5,3,7,3,4,3,3,3,1,6,0,2,2,1,1,4,2,1,1,2,1,0,3,1,0,2,2,1,1,0,1,0,1,0,1,0,1,0,1,0,2,0,0,0,1,0,0,0,1,1,0,1,0,1,1,0,0,0,0,0,1,0,0,1,0,0,1,0,0,0,0,0,0,0,0,0,0,0,0,0,0,0,0,0,0,0,0,0,0,0,0,0,0,0,0,0,0,0,0,0,0,0,0,0,0,0,0,0,0,0,0,0,0,0,0,0,0,0,0,0,0,0,0,0,0,0,0,0,0,0,0,0,0
0,0,0,0,0,0,0,0,0,0,0,0,0,0,0,0,0,0,0,1,0,2,1,1,1,0,0,1,1,2,1,1,0,1,1,1,0,2,2,0,1,0,2,0,3,3,3,1,3,3,3,3,3,1,7,5,3,6,3,4,2,1,6,5,2,1,4,5,4,5,0,4,2,2,3,3,4,4,3,4,1,1,1,0,2,1,2,2,0,2,0,3,0,1,0,1,2,1,1,1,0,1,0,0,0,1,1,1,1,0,1,0,0,0,0,2,0,0,0,1,1,0,2,0,0,0,0,0,0,0,0,1,0,0,0,0,0,0,1,0,0,0,0,0,0,0,0,0,0,0,0,0,0,0,0,0,0,0,0,0,0,0,0,0,0,0,0,0,0,0,0,0,0,0,0,0,0,0,0,0,0,0,0,0,0,0,0,0,0,0,0,0,0,0,0,0,0,0,0,0
0,0,0,0,0,0,0,1,0,0,1,0,0,1,0,0,0,0,0,0,0,2,2,0,1,0,1,2,3,2,3,0,1,2,0,1,2,2,2,4,1,3,3,3,3,1,4,1,3,3,7,5,7,2,1,4,2,3,3,3,9,4,1,1,2,2,5,1,1,1,1,4,1,1,1,2,2,2,1,3,4,3,3,0,0,2,3,3,1,2,0,2,2,1,1,3,4,0,0,0,0,3,0,1,1,1,1,2,0,1,0,1,0,0,1,0,0,0,0,1,0,0,0,0,0,0,0,0,0,0,0,0,0,0,0,0,0,0,0,0,0,0,0,0,0,0,0,0,0,0,0,0,0,0,0,0,0,0,0,0,0,0,0,0,0,0,0,0,0,0,0,0,0,0,0,0,0,0,0,0,0,0,0,0,0,0,0,0,0,0,0,0,0,0,0,0,0,0,0,0
0,0,0,0,2,0,0,0,0,0,0,0,1,0,1,0,0,1,1,1,0,0,0,1,0,0,1,2,4,1,1,2,2,2,0,2,3,0,0,3,2,1,2,3,4,5,2,3,2,2,3,0,2,2,1,1,2,8,2,4,4,4,5,2,0,8,3,2,0,5,4,0,3,0,4,3,3,2,1,4,2,4,3,1,0,1,0,2,0,1,1,3,1,6,0,1,1,1,0,0,0,1,0,1,1,1,0,1,1,1,2,0,0,1,0,0,0,2,0,0,1,1,0,0,0,0,1,1,0,0,0,0,0,0,0,0,0,1,0,0,0,0,0,0,0,0,0,0,0,0,0,0,0,0,0,0,0,0,0,0,0,0,0,0,0,0,0,0,0,0,0,0,0,0,0,0,0,0,0,0,0,0,0,0,0,0,0,0,0,0,0,0,0,0,0,0,0,0,0,0
0,0,0,0,0,0,0,0,0,0,0,0,0,0,1,0,0,0,0,0,0,1,2,0,2,0,1,1,1,1,2,6,2,2,4,4,0,1,2,3,3,0,5,0,3,5,5,4,3,2,5,2,2,3,3,2,3,1,1,5,3,3,2,2,5,2,5,0,2,3,3,2,4,2,4,3,5,3,0,0,0,4,1,2,0,2,5,3,3,2,1,2,0,1,0,0,2,0,2,0,1,0,1,1,1,2,2,1,0,0,0,1,1,0,0,0,0,0,1,0,1,0,1,0,0,1,0,0,0,0,0,0,0,0,1,1,0,0,0,0,0,0,0,0,0,0,0,0,0,0,0,0,0,0,0,0,0,0,0,0,0,0,0,0,0,0,0,0,0,0,0,0,0,0,0,0,0,0,0,0,0,0,0,0,0,0,0,0,0,0,0,0,0,0,0,0,0,0,0,0
0,0,0,0,0,0,1,0,0,0,0,0,0,0,2,0,0,0,0,0,0,0,0,2,0,2,1,2,1,1,1,1,2,0,1,2,7,1,3,4,1,4,3,3,3,4,5,5,2,3,3,3,6,3,5,3,2,5,8,1,2,5,4,4,2,5,3,5,1,5,2,3,1,2,0,3,0,2,3,1,3,5,1,2,2,3,2,1,0,4,2,1,2,1,0,1,1,2,0,2,2,2,0,0,0,0,0,1,0,2,0,0,0,1,1,1,0,1,0,0,0,0,0,0,0,0,0,0,0,0,0,0,0,0,0,0,0,0,0,1,0,0,0,0,1,0,0,0,0,0,0,0,0,0,0,0,0,0,0,0,0,0,0,0,0,0,0,0,0,0,0,0,0,0,1,0,0,0,0,0,0,0,0,0,0,0,0,0,0,0,0,0,0,0,0,0,0,0,0,0
0,0,0,0,0,0,0,0,0,0,0,0,0,0,1,0,0,0,1,0,1,0,1,1,0,2,2,1,1,2,1,1,2,2,1,2,4,4,2,3,1,1,1,3,1,6,1,3,1,1,2,4,5,3,5,5,2,4,4,5,2,9,2,3,4,4,6,1,2,2,3,3,3,3,4,3,2,0,1,4,2,0,2,0,1,0,1,4,1,0,0,0,3,1,2,0,0,2,1,2,0,0,2,0,1,1,0,0,0,0,0,1,0,1,0,0,1,1,0,0,0,0,0,0,0,0,0,0,0,0,0,0,1,0,0,0,0,0,0,0,0,0,0,0,0,0,0,0,0,0,0,0,0,0,0,0,0,0,0,0,0,0,0,0,0,0,0,0,0,0,0,0,0,0,0,0,0,0,0,0,0,0,0,0,0,0,0,0,0,0,0,0,0,0,0,0,0,0,0,0
0,0,0,0,0,0,0,0,0,0,0,0,0,0,1,0,0,0,1,0,0,0,1,0,0,0,1,1,0,0,2,0,2,0,1,1,0,2,3,1,5,1,2,1,1,2,3,2,0,1,1,4,4,7,3,3,1,2,3,3,4,2,1,1,3,6,3,4,0,3,3,2,3,3,1,7,3,5,2,2,3,1,2,0,2,0,3,2,0,1,2,1,1,0,4,2,1,0,2,1,1,1,0,0,1,1,0,0,0,0,0,1,0,1,0,2,0,0,0,0,0,0,0,0,0,0,0,0,0,0,0,1,0,0,0,0,0,0,0,0,0,0,0,0,0,0,0,0,0,0,0,0,0,0,0,0,0,0,0,0,0,0,0,0,0,0,0,0,0,0,0,0,0,0,0,0,0,0,0,0,0,0,0,0,0,0,0,0,0,0,0,0,0,0,0,0,0,0,0,0
0,0,0,0,0,0,0,0,0,0,0,0,0,0,0,1,0,0,0,0,0,0,1,0,1,0,0,0,4,0,1,2,3,0,0,2,1,2,2,1,5,2,6,1,1,2,4,2,0,1,1,4,5,2,4,0,0,9,2,4,2,3,6,5,3,2,3,2,1,2,1,2,0,4,2,2,0,3,2,3,1,1,0,4,4,2,0,2,1,1,1,2,2,0,2,0,1,1,0,2,1,0,1,1,0,0,0,2,1,0,0,0,0,0,0,0,1,1,1,0,0,0,1,0,0,1,0,1,0,0,0,0,0,0,1,0,0,0,0,0,0,1,0,0,0,0,0,0,0,0,0,0,0,0,0,0,0,0,0,0,0,0,0,0,0,0,0,0,0,0,0,0,0,0,0,0,0,0,0,0,0,0,0,0,0,0,0,0,0,0,0,0,0,0,0,0,0,0,0,0
0,0,0,0,0,0,0,0,0,0,0,0,0,0,0,0,0,0,0,2,0,0,0,1,0,0,1,1,0,0,1,1,1,2,0,0,1,2,0,2,4,3,2,4,0,0,3,1,2,6,3,3,3,3,2,3,5,2,4,2,3,1,3,4,2,3,1,3,1,2,1,5,2,4,5,5,2,1,1,1,3,3,4,2,1,3,0,2,2,1,3,1,0,1,0,2,0,2,1,1,1,0,0,1,0,2,1,1,1,0,0,0,0,1,0,2,0,2,0,0,0,0,0,0,0,1,0,0,1,1,0,0,0,0,0,0,0,0,0,0,0,0,0,0,0,1,0,0,0,0,0,0,0,0,0,0,0,0,0,0,0,0,0,0,0,0,0,0,0,0,0,0,0,0,0,0,0,0,0,0,0,0,0,0,0,0,0,0,0,0,0,0,0,0,0,0,0,0,0,0
0,0,0,0,0,0,0,0,0,0,0,0,0,0,0,0,1,0,1,1,0,0,0,0,0,1,0,1,1,1,1,3,2,1,0,0,0,2,0,6,3,1,0,2,3,1,2,2,1,1,4,1,6,1,7,0,1,5,0,3,5,6,4,6,1,5,1,2,1,3,1,3,3,2,1,2,2,3,3,1,1,2,1,1,1,2,1,2,0,1,2,0,3,2,1,2,1,1,0,0,2,0,0,0,1,0,1,0,0,1,0,0,0,0,0,0,0,0,0,0,0,0,0,0,0,0,0,0,0,0,0,0,0,1,0,0,0,0,0,1,0,0,0,0,0,0,0,0,0,0,0,0,0,0,0,0,0,0,0,0,0,0,0,0,0,0,0,0,0,0,0,0,0,0,0,0,0,0,0,0,0,0,0,0,0,0,0,0,0,0,0,0,0,0,0,0,0,0,0,0
0,0,0,0,0,0,0,0,0,0,0,0,0,0,0,0,0,0,0,0,0,0,0,1,2,2,0,1,0,3,0,1,1,0,0,1,0,1,0,1,0,2,2,0,2,2,2,2,1,1,4,2,2,3,2,5,4,3,1,0,4,3,2,3,2,5,3,3,5,1,3,3,3,1,2,2,1,0,2,4,1,1,2,0,1,0,0,3,1,0,0,0,2,1,3,2,1,0,0,3,0,0,0,1,0,0,0,2,0,0,0,0,0,0,1,0,0,0,0,0,0,0,0,0,0,0,0,0,1,0,0,0,0,0,0,0,0,0,0,0,0,0,0,0,0,0,0,0,0,0,0,0,0,0,0,0,0,0,0,0,0,0,0,0,0,0,0,0,0,0,0,0,0,0,0,0,0,0,0,0,0,0,0,0,0,0,0,0,0,0,0,0,0,0,0,0,0,0,0,0
0,0,0,0,0,0,0,0,0,0,0,1,0,0,0,0,0,1,0,0,0,0,1,2,1,0,2,2,1,1,0,0,0,1,2,1,2,1,0,0,2,1,2,4,4,2,2,4,3,1,4,2,1,3,4,5,1,2,2,3,5,3,1,1,1,1,3,2,3,4,2,3,3,5,4,2,0,1,1,3,0,1,3,3,0,0,1,0,0,1,1,0,0,2,1,0,1,1,2,0,4,0,0,1,0,0,1,0,0,0,0,0,1,0,2,0,0,1,0,0,0,0,0,0,0,0,0,0,1,0,0,0,0,0,0,0,0,0,0,0,0,0,0,0,1,0,0,0,0,0,0,0,0,0,0,0,0,0,0,0,0,0,0,0,0,0,0,0,0,0,0,0,0,0,0,0,0,0,0,0,0,0,0,0,0,0,0,0,0,0,0,0,0,0,0,0,0,0,0,0
0,0,0,0,0,0,0,0,0,0,0,0,0,0,0,0,0,0,0,0,0,0,0,1,0,1,0,0,0,0,0,1,0,2,2,1,0,2,1,1,1,0,2,4,1,4,1,2,1,1,0,2,3,2,4,3,2,3,1,3,2,1,3,0,4,3,4,2,2,2,4,3,4,1,1,0,2,2,3,2,2,0,1,2,0,0,3,0,0,1,3,0,2,1,3,0,0,0,1,1,0,1,1,0,0,0,0,0,0,2,0,1,0,0,0,1,1,0,0,1,0,0,1,0,1,0,0,0,0,0,0,0,0,0,0,0,0,0,0,0,0,0,0,0,0,1,0,0,0,0,0,0,0,0,0,0,0,0,0,0,0,0,0,0,0,0,0,0,0,0,0,0,0,0,0,0,0,0,0,0,0,0,0,0,0,0,0,0,0,0,0,0,0,0,0,0,0,0,0,0
0,0,0,0,0,0,1,0,0,0,0,0,0,0,0,2,0,0,0,0,0,0,1,1,0,0,1,2,1,1,1,0,0,1,2,0,0,2,1,1,3,1,1,2,3,2,4,1,2,2,1,6,2,1,5,0,2,3,2,4,4,4,2,3,2,3,1,1,1,3,0,1,1,1,1,2,1,2,2,3,2,1,1,1,1,0,3,0,0,2,0,2,0,1,1,1,0,0,1,0,0,0,1,2,2,0,0,0,0,1,2,1,0,0,0,0,0,0,0,0,0,0,0,0,0,0,0,0,0,0,0,0,0,0,0,0,0,1,0,0,1,0,0,0,0,0,0,0,0,0,0,0,0,0,0,0,0,0,0,0,0,0,0,0,0,0,0,0,0,0,0,0,0,0,0,0,0,0,0,0,0,0,0,0,0,0,0,0,0,0,0,0,0,0,0,0,0,0,0,0
0,0,0,0,0,0,0,0,0,0,0,0,0,0,0,1,1,0,0,0,0,2,2,0,0,2,2,0,2,1,1,2,1,0,0,3,1,0,3,1,1,1,0,3,1,5,0,0,1,2,1,4,5,0,2,3,2,1,3,2,2,8,2,7,5,1,2,0,2,3,1,1,1,0,2,2,3,2,2,2,4,2,2,1,1,2,3,0,0,1,0,1,3,0,2,0,2,1,0,0,1,1,1,1,0,2,1,1,0,0,0,1,0,0,0,0,1,0,0,1,1,0,0,0,0,0,0,0,0,0,0,0,0,0,0,0,1,0,0,0,0,0,0,0,0,0,0,0,0,0,0,0,0,0,0,0,0,0,0,0,0,0,0,0,0,0,0,0,0,0,0,0,0,0,0,0,0,0,0,0,0,0,0,0,0,0,0,0,0,0,0,0,0,0,0,0,0,0,0,0
1,0,0,0,0,0,1,0,0,0,0,0,0,0,0,0,1,1,0,0,0,0,0,0,1,0,0,4,0,0,1,1,0,0,0,0,2,4,3,3,1,3,2,3,3,5,5,0,3,2,2,1,4,2,3,3,1,2,3,3,1,3,1,2,2,1,3,1,1,0,5,1,2,1,1,2,1,2,3,1,1,2,3,2,0,2,1,1,1,0,1,3,0,0,0,1,2,3,1,0,0,0,1,1,0,0,0,0,0,1,0,0,0,0,0,0,0,0,0,0,0,0,0,0,0,0,0,0,0,0,0,0,0,0,0,0,0,0,0,0,0,0,0,0,0,0,0,0,0,0,0,0,0,0,0,0,0,0,0,0,0,0,0,0,0,0,0,0,0,0,0,0,0,0,0,0,0,0,0,0,0,0,0,0,0,0,0,0,0,0,0,0,0,0,0,0,0,0,0,0
0,0,0,0,0,0,0,0,0,0,0,0,0,0,0,0,0,0,0,0,1,1,2,0,0,0,0,0,0,0,0,1,2,1,0,1,1,1,0,3,3,2,1,4,1,2,4,2,2,4,1,2,4,3,0,1,2,2,3,3,2,3,2,2,1,0,1,3,2,5,3,4,1,0,1,1,3,1,0,0,2,0,2,1,2,0,1,2,0,0,0,0,1,1,1,2,1,0,0,0,2,0,1,0,0,0,1,1,0,0,0,0,0,0,1,0,0,0,0,0,0,0,0,0,1,0,0,0,0,0,0,0,0,0,0,0,0,0,0,0,0,0,0,0,0,0,0,0,0,0,0,0,0,0,0,0,0,0,0,0,0,0,0,0,0,0,0,0,0,0,0,0,0,0,0,0,0,0,0,0,0,0,0,0,0,0,0,0,0,0,0,0,0,0,0,0,0,0,0,0
0,0,0,1,0,0,0,0,0,0,0,0,0,0,0,0,0,0,0,0,1,1,1,0,0,1,1,1,0,1,1,0,3,2,2,1,0,4,1,1,0,1,1,0,3,0,3,0,3,5,3,7,1,2,3,3,3,5,1,1,1,2,1,3,4,3,3,0,1,2,2,3,1,2,5,3,3,1,2,1,2,2,1,2,0,0,0,1,0,1,1,0,0,0,3,0,0,0,0,0,0,0,0,0,0,0,0,0,1,1,1,2,0,0,0,0,1,0,1,0,0,0,0,0,0,0,0,0,0,0,0,1,1,0,0,0,0,0,0,0,0,0,0,0,0,0,0,0,0,0,0,0,0,0,0,0,0,0,0,0,0,0,0,0,0,0,0,0,0,0,0,0,0,0,0,0,0,0,0,0,0,0,0,0,0,0,0,0,0,0,0,0,0,0,0,0,0,0,0,0
0,0,0,0,0,0,0,0,0,0,0,1,0,0,0,0,1,1,0,0,1,0,1,0,0,0,2,0,1,1,1,1,1,4,1,0,0,0,2,4,3,2,0,2,2,2,2,1,1,3,1,1,4,2,0,2,3,0,0,1,2,1,3,0,3,3,2,2,3,3,1,0,1,2,2,2,0,1,3,0,0,1,1,3,0,0,0,1,1,0,1,0,1,1,1,1,0,0,1,2,1,0,0,0,1,0,1,1,0,0,0,1,0,2,0,0,0,0,0,0,0,1,0,0,0,0,0,0,0,0,0,0,0,0,0,0,0,0,0,0,0,0,0,1,0,0,0,0,0,0,0,0,0,0,0,0,0,0,0,0,0,0,0,0,0,0,0,0,0,0,0,0,0,0,0,0,0,0,0,0,0,0,0,0,0,0,0,0,0,0,0,0,0,0,0,0,0,0,0,0
0,0,0,0,0,0,0,0,0,0,0,0,0,1,0,0,0,0,0,1,1,2,0,2,0,0,0,1,0,1,1,0,1,0,1,2,3,1,2,1,1,4,1,1,1,2,0,1,0,2,3,4,2,3,4,2,5,0,1,1,3,0,0,0,2,0,4,1,1,3,1,1,2,2,2,6,0,2,1,0,1,1,3,0,3,1,0,2,0,0,0,0,1,1,0,0,2,0,0,1,0,1,0,0,0,0,0,1,1,0,0,0,2,0,1,0,0,0,0,0,0,0,0,0,0,0,0,1,0,0,0,0,0,0,0,0,0,0,0,0,0,0,0,0,0,0,0,0,0,0,0,0,0,0,0,0,0,0,0,0,0,0,0,0,0,0,0,0,0,0,0,0,0,0,0,0,0,0,0,0,0,0,0,0,0,0,0,0,0,0,0,0,0,0,0,0,0,0,0,0
0,0,0,0,0,0,0,0,0,0,0,0,0,0,0,0,1,0,0,2,0,0,0,0,0,1,0,1,0,3,0,1,0,0,0,2,1,0,2,0,1,2,3,3,2,1,1,2,0,3,1,1,1,1,2,2,2,1,3,4,2,5,0,3,1,4,4,2,2,1,5,0,0,1,1,4,1,4,2,3,0,1,0,0,0,3,2,0,0,1,0,0,0,1,0,0,1,0,2,1,2,0,0,0,2,2,0,0,0,0,0,1,0,0,1,1,0,0,1,0,0,0,0,0,0,0,0,0,0,0,0,0,0,1,0,0,0,0,0,0,0,0,0,0,0,0,0,0,0,0,0,0,0,0,1,0,0,0,0,0,0,0,0,0,0,0,0,0,0,0,0,0,0,0,0,0,0,0,0,0,0,0,0,0,0,0,0,0,0,0,0,0,0,0,0,0,0,0,0,0
0,0,0,1,0,0,0,0,0,0,0,0,0,0,0,0,0,0,0,0,1,1,2,1,0,0,0,1,0,1,1,1,2,1,1,1,3,0,2,0,0,3,1,1,2,0,3,5,1,0,1,1,1,2,2,3,3,5,4,2,2,0,3,1,2,5,1,1,3,2,2,1,1,3,2,4,3,1,3,0,2,1,0,1,0,4,1,2,0,1,0,0,1,0,0,0,0,0,0,0,0,0,1,0,0,1,1,0,1,0,0,0,0,0,0,0,0,0,0,1,0,0,0,0,0,0,0,0,0,0,0,0,0,1,0,1,0,0,0,0,0,0,0,0,0,0,0,0,0,0,0,0,0,0,0,0,0,0,0,0,0,0,0,0,0,0,0,0,0,0,0,0,0,0,0,0,0,0,0,0,0,0,0,0,0,0,0,0,0,0,0,0,0,0,0,0,0,0,0,0
0,0,0,0,1,0,0,0,0,0,0,0,0,0,0,0,1,1,0,1,1,0,1,1,0,0,1,1,1,0,1,0,1,0,1,0,4,1,1,0,5,3,1,1,1,3,2,0,3,2,2,2,3,2,2,1,1,1,1,1,2,1,3,2,2,4,2,1,4,3,2,3,2,2,0,0,3,0,0,1,3,0,0,1,1,1,2,2,1,1,1,0,1,0,2,0,0,0,1,0,0,0,0,1,2,1,0,0,0,0,0,0,0,0,0,0,0,0,0,0,0,0,0,0,1,0,0,0,0,1,0,0,0,0,0,0,0,0,0,0,0,0,0,0,0,0,0,0,0,0,0,0,0,0,0,0,0,0,0,0,0,0,0,0,0,0,0,0,0,0,0,0,0,0,0,0,0,0,0,0,0,0,0,0,0,0,0,0,0,0,0,0,0,0,0,0,0,0,0,0
0,0,0,0,0,0,0,0,0,0,0,0,0,0,0,1,0,0,0,0,0,0,0,0,0,0,0,2,0,0,1,1,1,0,2,2,1,1,0,0,1,1,0,5,2,4,0,0,1,3,2,4,2,2,1,3,0,7,3,3,2,4,1,2,3,1,3,2,1,2,2,0,3,1,1,3,1,1,3,0,0,3,1,0,1,0,0,1,0,2,0,2,0,2,0,1,0,1,0,0,1,0,0,0,0,0,1,0,1,0,0,0,0,0,0,0,0,0,0,1,0,0,0,1,0,0,0,0,0,0,0,0,0,1,0,0,1,0,0,0,0,0,0,0,0,0,0,0,0,0,0,0,0,0,0,0,0,0,0,0,0,0,0,0,0,0,0,0,0,0,0,0,0,0,0,0,0,0,0,0,0,0,0,0,0,0,0,0,0,0,0,0,0,0,0,0,0,0,0,0
0,0,0,0,0,0,0,0,0,1,0,0,0,1,0,0,0,0,0,0,0,1,0,0,0,0,0,0,0,1,0,1,0,2,1,0,1,1,1,2,1,3,3,1,2,0,0,3,1,3,0,0,1,2,2,2,1,3,1,2,3,2,4,3,1,4,3,1,1,1,1,3,2,2,0,4,3,0,3,1,1,0,1,0,1,1,1,2,0,2,0,0,2,1,0,0,1,1,0,0,0,0,0,0,0,0,2,0,0,0,0,0,0,0,0,0,0,0,0,0,0,0,0,0,0,0,1,0,0,0,0,0,0,0,0,0,0,0,0,0,0,0,0,0,0,1,0,0,0,0,0,0,0,0,0,0,0,0,0,0,0,0,0,0,0,0,0,0,0,0,0,0,0,0,0,0,0,0,0,0,0,0,0,0,0,0,0,0,0,0,0,0,0,0,0,0,0,0,0,0
0,0,0,0,0,0,0,0,0,0,0,0,0,0,0,0,0,1,0,0,1,0,1,0,1,0,2,0,0,0,0,3,1,1,0,1,1,1,0,1,1,1,3,2,2,1,1,1,2,0,0,1,2,1,3,2,2,2,2,1,3,2,1,0,5,2,0,2,0,1,1,1,0,0,2,1,2,0,0,0,0,1,1,2,0,0,0,1,2,2,2,1,0,0,0,2,1,1,0,0,1,2,0,1,0,0,1,0,0,1,0,1,1,0,0,0,0,0,2,1,0,0,0,0,0,0,1,0,0,0,0,0,0,0,0,0,0,1,0,0,0,0,0,0,0,0,0,0,0,0,0,0,0,0,0,0,0,0,0,0,0,0,0,0,0,0,0,0,0,0,0,0,0,0,0,0,0,0,0,0,0,0,0,0,0,0,0,0,0,0,0,0,0,0,0,0,0,0,0,0
0,0,0,0,0,0,0,0,0,0,0,0,0,0,0,0,0,0,0,1,0,0,1,0,0,0,1,1,0,0,2,0,0,1,1,0,1,0,1,0,0,1,1,2,1,2,1,0,5,3,2,2,2,0,0,3,3,2,1,2,5,2,4,2,1,2,1,3,3,2,1,1,3,3,0,0,0,0,0,1,0,1,1,0,1,1,1,0,0,0,0,1,1,0,1,2,0,2,0,1,0,0,0,0,1,0,0,0,0,0,0,0,1,0,0,0,0,0,0,0,0,0,0,0,0,0,0,1,0,0,0,0,0,0,0,0,0,0,0,0,0,0,0,0,0,0,0,0,0,0,0,0,0,0,0,0,0,0,0,0,0,0,0,0,0,0,0,0,0,0,0,0,0,0,0,0,0,0,0,0,0,0,0,0,0,0,0,0,0,0,0,0,0,0,0,0,0,0,0,0
0,0,0,0,0,0,0,0,0,0,0,0,0,0,0,0,1,1,0,0,0,0,0,0,2,1,0,0,1,1,0,2,1,2,1,0,0,2,1,1,0,1,3,0,1,1,1,0,1,3,2,3,0,2,1,2,1,2,2,0,0,3,0,2,4,0,3,2,2,1,2,0,1,2,0,2,5,2,1,3,0,1,0,0,0,2,2,3,1,2,0,0,0,0,1,1,0,0,0,1,1,0,0,0,0,0,1,1,0,0,0,0,0,0,0,0,0,0,0,0,0,0,0,0,0,0,0,0,0,0,0,0,0,0,0,0,0,0,0,0,0,0,0,0,0,1,0,0,0,0,0,0,0,0,0,0,0,0,0,0,0,0,0,0,0,0,0,0,0,0,0,0,0,0,0,0,0,0,0,0,0,0,0,0,0,0,0,0,0,0,0,0,0,0,0,0,0,0,0,0
0,0,0,0,0,0,0,0,0,0,0,1,0,0,0,0,0,0,0,0,0,2,0,1,0,1,1,0,0,0,0,0,0,2,1,1,2,1,0,0,0,4,1,1,3,1,2,0,4,1,4,1,0,2,0,0,0,5,2,1,0,5,1,1,1,2,0,1,1,0,2,2,1,0,2,3,3,1,0,1,0,1,2,1,0,1,2,0,0,1,0,0,1,1,0,0,0,1,0,1,0,1,0,1,2,0,0,0,0,1,1,1,0,0,0,0,0,0,0,0,0,1,1,0,0,0,0,0,0,1,0,1,0,1,0,0,0,0,0,0,0,0,0,0,1,0,0,0,1,0,0,0,0,0,0,0,0,0,0,0,0,0,0,0,0,0,0,0,0,0,0,0,0,0,0,0,0,0,0,0,0,0,0,0,0,0,0,0,0,0,0,0,0,0,0,0,0,0,0,0
0,0,0,0,1,0,0,0,0,0,0,0,0,0,0,1,0,1,0,1,0,1,0,0,0,1,0,0,0,1,1,0,0,1,0,1,1,1,2,1,1,1,1,2,1,0,0,1,0,2,2,3,1,1,0,1,0,4,2,0,2,2,1,0,0,5,2,0,0,2,2,2,2,1,1,0,2,2,0,1,0,0,0,0,0,2,0,1,0,0,0,1,1,0,0,0,1,1,0,0,0,0,0,0,0,0,0,0,0,2,0,0,0,0,0,0,0,0,0,0,0,0,0,0,0,0,0,0,0,0,0,0,0,0,0,0,0,0,0,0,1,0,0,0,0,0,0,0,0,0,0,0,0,0,0,0,0,0,0,0,0,0,0,0,0,0,0,0,0,0,0,0,0,0,0,0,0,0,0,0,0,0,0,0,0,0,0,0,0,0,0,0,0,0,0,0,0,0,0,0
0,0,0,0,0,0,0,0,0,0,0,0,0,0,1,0,0,0,0,0,0,1,0,0,1,0,0,0,1,0,1,1,1,1,1,0,1,0,2,1,1,0,1,3,0,1,2,0,0,2,3,3,1,3,4,2,0,2,1,1,1,4,2,6,1,0,2,1,0,0,0,1,5,3,2,4,0,1,2,1,3,0,0,1,0,0,0,0,2,0,0,0,1,0,1,0,0,1,0,0,1,0,0,1,0,0,0,0,1,0,0,0,0,0,1,0,0,1,2,0,0,0,0,0,0,0,0,0,0,0,0,0,0,0,0,0,0,0,0,0,0,0,0,0,0,0,0,0,0,0,0,0,0,0,0,0,0,0,0,0,0,0,0,0,0,0,0,0,0,0,0,0,0,0,0,0,0,0,0,0,0,0,0,0,0,0,0,0,0,0,0,0,0,0,0,0,0,0,0,0
0,0,0,0,0,0,0,0,0,0,0,0,0,1,0,0,0,1,0,1,0,0,0,0,0,0,0,1,1,0,0,0,0,1,1,0,1,1,0,1,1,0,0,2,1,0,0,1,2,0,2,0,1,1,2,4,2,2,2,1,3,1,0,2,0,0,2,1,1,2,2,3,0,0,1,3,1,2,1,0,1,1,1,2,1,1,0,2,0,0,0,1,0,0,0,0,1,1,0,1,0,0,0,0,0,1,0,0,0,0,0,0,1,0,0,0,0,0,0,0,0,0,0,0,0,0,0,0,0,0,1,0,0,0,0,0,0,0,0,0,0,0,0,0,0,0,0,0,0,0,0,0,0,0,0,0,0,0,0,0,0,0,0,0,0,0,0,0,0,0,0,0,0,0,0,0,0,0,0,0,0,0,0,0,0,0,0,0,0,0,0,0,0,0,0,0,0,0,0,0
0,0,0,0,0,0,0,0,0,0,0,0,0,0,0,0,0,0,0,0,0,1,0,0,0,2,3,0,0,0,0,2,1,3,1,0,0,1,2,1,0,1,0,0,0,1,0,3,3,0,0,0,3,5,0,2,4,2,2,2,1,1,0,0,2,4,1,0,0,2,1,1,3,0,3,0,1,2,0,3,2,0,0,1,0,0,0,0,1,2,0,0,0,1,0,1,2,0,1,0,0,1,0,0,0,0,1,0,0,0,0,0,1,0,0,0,0,0,0,0,0,0,0,0,0,0,1,0,0,0,0,0,0,0,0,0,0,0,0,0,0,0,0,0,0,0,0,0,0,0,0,0,0,0,0,0,0,0,0,0,0,0,0,0,0,0,0,0,0,0,0,0,0,0,0,0,0,0,0,0,0,0,0,0,0,0,0,0,0,0,0,0,0,0,0,0,0,0,0,0
0,0,0,0,0,0,0,0,0,0,0,0,0,0,0,1,0,1,0,1,0,0,0,0,0,0,0,0,1,0,1,0,0,0,0,2,1,1,3,0,0,3,1,2,0,1,2,1,4,0,3,1,1,0,0,3,3,3,0,0,2,1,0,0,1,0,3,0,2,0,0,1,3,0,2,0,3,0,1,2,1,0,2,0,1,0,2,0,0,0,0,0,0,0,0,1,0,0,0,0,0,1,0,0,0,0,0,0,0,0,0,0,0,0,0,0,0,0,0,0,0,0,0,0,1,0,0,0,0,0,0,0,0,0,0,0,0,0,0,0,0,0,0,0,0,0,0,1,0,0,0,0,0,0,0,0,0,0,0,0,0,0,0,0,0,0,0,0,0,0,0,0,0,0,0,0,0,0,0,0,0,0,0,0,0,0,0,0,0,0,0,0,0,0,0,0,0,0,0,0
0,0,0,0,0,0,0,0,0,0,0,0,0,0,1,0,0,0,0,0,0,0,0,0,0,1,1,0,1,1,0,0,2,1,0,0,0,1,2,1,0,1,2,1,1,2,1,0,0,1,2,1,2,1,0,2,0,2,1,2,1,1,1,1,0,1,1,0,1,1,1,3,2,0,1,1,0,0,1,0,3,0,0,0,2,0,0,0,0,1,0,1,0,0,0,0,1,0,0,1,0,0,0,0,0,0,0,0,0,1,0,0,0,0,1,0,0,0,0,1,0,0,0,0,0,1,0,0,0,0,0,0,0,1,0,0,0,0,0,0,0,0,0,0,0,0,0,0,0,0,0,0,0,0,0,0,0,0,0,0,0,0,0,0,0,0,0,0,0,0,0,0,0,0,0,0,0,0,0,0,0,0,0,0,0,0,0,0,0,0,0,0,0,0,0,0,0,0,0,0
0,0,0,0,1,0,0,0,0,0,0,0,0,0,0,0,1,0,1,0,1,0,1,0,0,0,0,3,2,0,1,0,1,1,1,0,0,2,1,0,1,2,1,1,1,2,0,3,1,0,2,1,0,2,2,1,2,1,0,0,1,0,1,1,0,1,1,1,1,2,1,0,0,0,1,2,3,0,1,0,1,1,0,0,0,1,3,1,1,0,0,0,1,0,1,1,0,0,0,1,0,1,0,1,0,1,0,0,0,2,0,0,0,0,1,0,1,0,0,0,0,0,0,0,0,1,0,0,0,0,0,0,0,0,0,0,0,0,0,0,1,0,0,0,0,0,0,0,0,0,0,0,0,0,0,0,0,0,0,0,0,0,0,0,0,0,0,0,0,0,0,0,0,0,0,0,0,0,0,0,0,0,0,0,0,0,0,0,0,0,0,0,0,0,0,0,0,0,0,0
0,0,0,0,1,0,0,0,0,0,0,0,0,0,0,0,0,0,1,1,0,2,0,0,0,2,0,0,1,1,2,0,0,1,1,0,1,1,1,0,0,0,1,0,1,2,0,1,3,0,2,4,1,1,0,1,0,0,1,2,2,1,3,1,2,0,0,2,2,2,1,3,1,0,2,0,0,1,0,0,0,1,0,1,1,1,1,0,0,0,0,0,0,0,1,0,0,0,0,0,0,0,0,0,0,0,0,0,0,1,0,0,0,0,0,1,0,0,0,0,0,0,0,0,0,0,0,0,0,0,0,0,0,0,0,0,0,0,0,0,0,0,0,0,0,0,0,0,0,0,0,0,0,0,0,0,0,0,0,0,0,0,0,0,0,0,0,0,0,0,0,0,0,0,0,0,0,0,0,0,0,0,0,0,0,0,0,0,0,0,0,0,0,0,0,0,0,0,0,0
0,0,0,0,0,0,0,0,0,0,0,0,0,0,0,0,0,0,0,0,1,1,0,0,0,0,0,0,0,1,0,1,0,1,0,5,0,0,1,2,3,0,0,0,2,1,1,3,2,4,2,1,1,1,2,0,2,4,1,0,3,2,0,0,2,3,3,1,0,0,0,0,1,1,2,0,1,1,1,0,0,1,1,0,1,1,2,0,1,0,0,1,0,2,0,0,1,0,1,1,1,0,1,0,0,0,0,0,0,1,0,0,0,0,0,0,0,0,0,0,0,0,0,0,0,0,0,1,0,0,0,0,0,0,0,0,0,0,0,0,0,0,0,0,0,0,0,0,0,0,0,0,0,0,0,0,0,0,0,0,0,0,0,0,0,0,0,0,0,0,0,0,0,0,0,0,0,0,0,0,0,0,0,0,0,0,0,0,0,0,0,0,0,0,0,0,0,0,0,0
0,0,0,0,0,0,0,0,0,0,0,0,0,1,0,0,0,0,0,0,0,0,1,0,0,0,1,0,2,1,0,0,1,3,1,1,0,0,2,1,0,0,3,1,0,0,2,2,0,0,0,1,1,5,3,0,0,0,0,3,1,3,2,2,1,0,1,1,0,1,1,0,2,0,2,1,0,1,1,0,0,1,0,0,0,1,2,2,0,0,0,2,0,0,0,2,0,0,0,0,0,1,1,0,1,0,0,1,0,0,0,0,0,0,0,0,0,0,0,0,0,0,0,0,0,0,0,1,0,0,0,0,0,0,0,0,0,0,0,0,0,0,0,0,0,0,0,0,0,0,0,0,0,0,0,0,0,0,0,0,0,0,0,0,0,0,0,0,0,0,0,0,0,0,0,0,0,0,0,0,0,0,0,0,0,0,0,0,0,0,0,0,0,0,0,0,0,0,0,0
0,0,0,0,0,0,0,0,0,0,0,1,0,0,0,1,0,0,0,0,1,0,0,0,0,1,1,0,0,1,0,0,0,1,0,3,2,0,1,3,1,2,0,0,1,1,2,2,0,5,1,2,1,1,2,0,1,2,4,2,1,2,0,0,0,1,1,1,2,1,0,0,4,1,0,0,0,1,1,0,1,1,0,1,0,2,0,0,0,0,1,0,3,0,0,1,1,2,1,0,0,1,0,1,0,0,0,0,0,0,0,1,0,0,0,0,1,0,0,0,0,0,0,0,0,0,0,0,0,0,0,0,0,0,0,0,0,0,0,0,0,0,0,0,0,0,0,0,0,0,0,0,0,0,0,0,0,0,0,0,0,0,0,0,0,0,0,0,0,0,0,0,0,0,0,0,0,0,0,0,0,0,0,0,0,0,0,0,0,0,0,0,0,0,0,0,0,0,0,0
0,0,0,0,0,0,0,0,0,0,0,0,0,0,0,0,0,0,0,0,0,0,1,0,0,1,1,0,0,0,3,0,0,1,1,2,0,1,1,0,1,3,2,1,1,3,1,0,1,1,1,5,1,2,2,1,2,1,0,3,4,1,1,2,1,1,3,1,2,3,1,1,3,2,0,0,3,0,1,1,0,1,1,0,1,2,0,0,0,0,0,0,0,0,0,0,0,0,1,0,1,0,0,0,1,0,1,1,0,0,0,0,0,0,0,0,0,0,0,0,0,0,0,0,0,1,0,0,0,0,0,0,0,0,0,0,0,0,0,0,1,0,0,0,0,0,0,0,0,1,0,0,0,0,0,0,0,0,0,0,0,0,0,0,0,0,0,0,0,0,0,0,0,0,0,0,0,0,0,0,0,0,0,0,0,0,0,0,0,0,0,0,0,0,0,0,0,0,0,0
0,0,0,0,0,0,0,0,0,0,0,1,0,0,1,1,0,0,0,2,1,0,0,0,1,0,0,2,0,0,0,0,0,0,1,0,0,3,0,2,0,1,1,0,0,2,0,0,1,1,0,1,3,2,1,1,1,1,2,1,1,3,1,2,0,0,0,2,1,2,2,0,2,1,1,2,1,0,2,0,1,1,0,0,0,1,1,0,0,0,0,0,0,1,1,0,0,0,0,0,0,0,0,0,0,1,0,0,0,0,0,1,1,0,0,0,0,0,0,0,0,0,1,0,0,0,0,0,0,0,0,0,0,0,0,0,0,0,0,0,0,0,0,0,0,0,0,0,0,0,0,0,0,0,0,0,0,0,0,0,0,0,0,0,0,0,0,0,0,0,0,0,0,0,0,0,0,0,0,0,0,0,0,0,0,0,0,0,0,0,0,0,0,0,0,0,0,0,0,0
0,0,0,0,0,0,0,0,1,0,0,0,0,0,0,0,0,0,1,0,0,0,0,0,0,0,0,0,1,0,1,1,0,0,0,2,1,1,1,2,0,0,2,0,0,2,2,0,3,0,0,1,0,0,2,3,1,2,0,0,1,1,0,1,0,0,2,1,1,0,1,1,0,3,1,1,2,0,0,1,0,1,0,0,0,1,0,0,1,1,0,1,1,0,0,0,0,0,0,0,0,0,1,1,0,0,1,0,1,0,0,1,1,0,0,1,2,0,0,0,0,0,0,0,0,0,0,0,0,0,0,0,0,0,0,0,0,0,0,0,0,0,0,0,0,0,0,0,0,0,0,0,0,0,0,0,0,0,0,0,0,0,0,0,0,0,0,0,0,0,0,0,0,0,0,0,0,0,0,0,0,0,0,0,0,0,0,0,0,0,0,0,0,0,0,0,0,0,0,0
0,0,0,0,0,0,0,0,0,0,0,0,0,0,0,0,0,0,0,0,0,0,0,0,0,2,0,0,0,1,0,0,0,0,0,2,2,0,1,1,2,2,2,0,2,0,0,1,0,1,1,3,0,1,1,0,1,1,2,0,4,1,1,0,2,1,1,0,2,2,2,0,1,0,2,2,1,0,1,0,1,0,0,0,0,1,1,0,0,0,0,0,0,0,0,0,1,0,1,0,0,1,0,0,0,0,0,0,0,0,1,1,0,0,0,1,0,1,0,0,0,0,0,0,0,0,0,0,0,0,0,0,0,0,0,0,0,0,0,0,0,0,0,0,0,0,0,0,0,0,0,0,0,0,0,0,0,0,0,0,0,0,0,0,0,0,0,0,0,0,0,0,0,0,0,0,0,0,0,0,0,0,0,0,0,0,0,0,0,0,0,0,0,0,0,0,0,0,0,0
0,0,0,1,0,0,0,0,0,0,0,0,0,0,0,0,0,0,0,0,0,0,0,0,0,0,1,1,1,1,0,0,0,1,0,2,0,1,1,0,0,1,1,2,0,0,2,0,2,1,0,1,0,0,1,2,0,0,0,0,3,0,3,2,0,3,0,1,2,0,0,1,1,2,1,0,0,1,0,1,1,0,0,0,0,0,1,3,0,0,2,2,0,1,1,0,1,1,0,0,0,1,2,1,0,0,0,0,1,0,0,0,0,0,0,0,0,0,0,0,0,0,0,0,0,0,0,0,0,0,0,0,0,0,0,0,0,0,0,0,0,0,0,0,0,0,0,0,0,0,0,0,0,0,0,0,0,0,0,0,0,0,0,0,0,0,0,0,0,0,0,0,0,0,0,0,0,0,0,0,0,0,0,0,0,0,0,0,0,0,0,0,0,0,0,0,0,0,0,0
0,0,0,0,0,0,0,0,0,0,0,0,1,0,0,0,0,1,0,0,0,0,0,1,0,1,0,2,0,0,0,0,0,1,2,2,0,0,0,2,1,2,0,1,0,0,1,0,2,1,1,0,3,1,0,3,1,2,0,1,0,1,1,1,0,0,1,1,0,1,0,2,0,0,1,0,0,2,1,0,2,1,0,1,0,2,1,0,0,0,2,0,0,0,0,0,0,0,0,0,1,0,0,0,0,0,0,2,0,0,1,0,0,0,0,1,0,0,0,0,0,0,0,0,0,0,0,0,0,0,0,0,0,0,0,0,0,0,1,0,0,0,0,0,0,0,0,0,0,0,0,0,0,0,0,0,0,0,0,0,0,0,0,0,0,0,0,0,0,0,0,0,0,0,0,0,0,0,0,0,0,0,0,0,0,0,0,0,0,0,0,0,0,0,0,0,0,0,0,0
0,0,0,0,0,0,0,0,0,0,0,0,0,0,0,0,0,0,1,0,0,0,0,1,1,1,0,1,0,1,0,0,0,0,0,1,1,0,0,1,0,1,0,2,0,0,2,1,0,0,0,2,1,0,1,1,2,1,3,1,0,1,1,1,4,0,2,1,2,0,0,2,0,0,0,1,2,0,0,3,2,1,1,0,2,0,1,1,0,0,0,1,0,0,1,0,0,0,0,1,0,0,0,0,0,0,0,0,0,0,0,0,0,0,0,0,0,0,0,0,0,0,0,0,0,0,0,0,0,0,0,0,0,0,0,0,0,0,0,0,0,0,0,0,0,0,0,0,0,0,0,0,0,0,0,0,0,0,0,0,0,0,0,0,0,0,0,0,0,0,0,0,0,0,0,0,0,0,0,0,0,0,0,0,0,0,0,0,0,0,0,0,0,0,0,0,0,0,0,0
0,0,0,0,1,0,0,0,0,0,0,0,0,0,0,0,0,0,0,0,0,0,0,0,0,0,0,1,1,0,1,0,0,0,0,0,1,0,0,0,2,2,1,0,0,0,2,2,0,3,0,1,1,4,1,1,2,2,1,2,0,1,0,3,0,1,1,1,0,0,1,1,0,2,0,0,0,0,1,0,0,0,2,0,0,0,1,1,0,1,0,0,0,0,0,0,1,1,0,1,0,1,1,0,1,0,0,1,0,0,0,0,0,0,0,0,0,0,0,0,0,0,0,0,0,0,0,0,0,0,0,1,0,0,0,0,0,0,0,0,0,0,0,0,0,0,0,0,0,0,0,0,0,0,0,0,0,0,0,0,0,0,0,0,0,0,0,0,0,0,0,0,0,0,0,0,0,0,0,0,0,0,0,0,0,0,0,0,0,0,0,0,0,0,0,0,0,0,0,0
0,0,0,0,0,0,0,0,0,0,0,0,0,0,0,0,0,0,0,1,1,0,0,0,0,0,0,0,0,0,0,1,0,0,0,0,0,1,0,1,3,0,0,2,1,0,2,1,0,0,0,1,0,1,3,1,1,0,0,0,1,3,0,0,1,0,0,0,0,1,0,2,0,2,0,1,1,0,1,1,1,0,1,2,0,0,0,0,2,0,1,0,1,0,0,0,1,0,0,0,1,0,0,0,0,0,0,0,0,0,0,0,1,0,0,1,0,0,0,0,0,0,0,0,0,0,0,0,0,0,0,0,0,0,0,0,0,0,0,0,0,0,0,0,0,0,0,0,0,0,0,0,0,0,0,0,0,0,0,0,0,0,0,0,0,0,0,0,0,0,0,0,0,0,0,0,0,0,0,0,0,0,0,0,0,0,0,0,0,0,0,0,0,0,0,0,0,0,0,0
0,0,0,0,0,0,0,0,0,0,0,0,0,0,0,0,0,0,0,0,0,1,0,0,0,0,0,1,1,0,0,1,1,0,0,1,0,0,0,1,0,1,0,1,1,1,1,0,1,1,1,1,0,2,0,1,2,0,1,0,1,2,1,3,4,0,1,0,2,1,0,2,1,1,1,1,1,1,0,0,0,1,1,1,0,1,1,0,0,0,1,0,1,1,1,0,0,0,0,1,0,1,0,0,0,0,0,0,0,0,0,0,0,1,0,0,0,0,0,0,1,0,0,0,0,1,0,0,0,0,0,0,0,0,0,0,0,0,0,0,0,0,0,0,0,0,0,0,0,0,0,0,0,0,0,0,0,0,0,0,0,0,0,0,0,0,0,0,0,0,0,0,0,0,0,0,0,0,0,0,0,0,0,0,0,0,0,0,0,0,0,0,0,0,0,0,0,0,0,0
0,0,0,0,0,0,0,0,0,0,0,0,0,0,0,0,0,0,0,0,0,1,1,0,0,0,0,1,0,3,2,0,1,0,1,1,0,0,2,1,0,0,0,0,0,2,2,0,0,1,1,1,1,1,1,0,1,2,1,0,1,0,0,1,1,1,2,1,1,0,2,1,0,1,0,1,0,0,1,0,1,2,0,0,0,0,0,0,0,0,1,0,0,0,0,1,0,0,0,1,0,0,0,0,0,0,0,1,0,0,0,0,0,0,0,0,0,0,0,0,0,0,0,0,0,0,0,0,0,0,0,0,0,0,0,0,0,0,0,0,1,0,0,0,0,0,0,0,0,0,0,0,0,0,0,0,0,0,0,0,0,0,0,0,0,0,0,0,0,0,0,0,0,0,0,0,0,0,0,0,0,0,0,0,0,0,0,0,0,0,0,0,0,0,0,0,0,0,0,0
0,0,0,0,0,0,0,0,0,0,0,0,0,0,0,0,0,0,0,0,1,1,0,0,1,0,0,1,0,0,1,0,1,0,0,0,0,2,0,0,1,0,2,1,1,0,0,0,0,2,1,3,0,1,3,1,0,2,0,3,3,1,0,0,1,2,4,2,0,1,0,1,0,0,0,0,1,0,2,0,1,1,0,1,1,0,0,2,0,0,0,1,1,1,0,0,1,0,0,0,0,1,0,1,0,0,0,0,0,0,0,0,0,1,0,0,0,1,0,0,0,0,0,0,0,0,0,0,0,0,0,0,0,0,0,0,0,0,0,0,0,1,0,0,0,0,0,0,0,0,0,0,0,0,0,0,0,0,0,0,0,0,0,0,0,0,0,0,0,0,0,0,0,0,0,0,0,0,0,0,0,0,0,0,0,0,0,0,0,0,0,0,0,0,0,0,0,0,0,0
0,0,0,0,0,0,0,0,0,0,0,0,0,0,1,0,0,0,0,0,0,0,0,0,0,0,0,0,1,0,2,0,1,1,0,0,0,0,1,0,0,1,0,0,2,2,1,1,0,0,2,1,0,0,5,1,1,2,2,0,1,1,2,1,0,0,1,1,3,0,1,1,0,0,1,0,0,1,0,0,2,1,0,1,0,0,0,0,0,1,0,0,0,0,0,0,0,0,0,0,0,0,0,0,0,1,0,0,0,0,0,1,0,0,0,0,0,0,0,0,0,0,0,0,0,0,1,0,0,0,0,0,0,0,0,0,0,0,0,0,0,0,0,0,0,0,0,0,0,0,0,0,0,0,0,0,0,0,0,0,0,0,0,0,0,0,0,0,0,0,0,0,0,0,0,0,0,0,0,0,0,0,0,0,0,0,0,0,0,0,0,0,0,0,0,0,0,0,0,0
0,0,0,0,0,0,0,0,0,0,0,0,0,0,0,0,0,0,0,0,0,0,0,1,0,2,0,1,0,0,1,0,0,0,1,0,0,0,0,1,0,1,2,2,1,1,1,0,1,0,0,1,1,1,2,0,1,0,1,0,4,0,1,1,0,1,0,3,1,1,1,1,3,1,0,0,0,2,2,0,0,0,1,0,0,0,0,0,1,0,1,0,0,0,0,0,0,0,0,2,0,0,0,1,0,0,1,0,0,0,0,0,0,0,0,0,0,0,0,1,1,0,0,0,0,0,0,0,0,0,0,0,0,0,0,0,0,0,0,0,0,0,0,0,0,0,0,0,0,0,0,0,0,0,0,0,0,0,0,0,0,0,0,0,0,0,0,0,0,0,0,0,0,0,0,0,0,0,0,0,0,0,0,0,0,0,0,0,0,0,0,0,0,0,0,0,0,0,0,0
0,0,0,0,0,0,0,0,0,0,0,0,0,0,0,0,0,0,0,0,0,0,0,0,1,0,1,0,0,0,0,2,1,0,1,0,1,0,1,1,1,3,0,1,2,0,0,1,0,0,1,0,0,0,0,1,2,3,0,0,1,1,0,0,0,1,1,1,0,0,0,1,0,1,0,0,1,0,0,0,1,0,1,0,0,2,0,1,0,1,0,1,0,1,1,0,0,0,1,0,0,0,0,0,0,1,0,0,0,0,0,0,0,0,0,0,0,0,0,0,0,0,0,0,0,0,0,0,0,0,0,0,0,0,0,0,0,0,0,0,0,0,0,0,0,0,0,0,0,0,0,0,0,0,0,0,0,0,0,0,0,0,0,0,0,0,0,0,0,0,0,0,0,0,0,0,0,0,0,0,0,0,0,0,0,0,0,0,0,0,0,0,0,0,0,0,0,0,0,0
0,0,0,0,0,0,0,0,0,0,0,0,0,0,0,0,0,0,0,0,0,0,0,0,0,0,0,0,0,1,1,1,0,0,0,1,1,0,1,0,0,0,1,1,0,2,1,0,1,0,0,1,3,1,1,0,0,2,1,2,0,2,1,0,0,0,1,0,1,0,2,0,0,0,0,0,0,0,0,0,0,0,0,1,1,3,1,1,0,0,0,0,0,0,0,0,0,0,1,1,0,0,2,0,0,0,0,0,0,1,0,0,1,0,0,0,0,1,0,0,0,0,0,0,0,0,0,0,0,0,0,0,0,0,0,0,0,0,0,0,0,0,0,0,0,0,0,0,0,0,0,0,0,0,0,0,0,0,0,0,0,0,0,0,0,0,0,0,0,0,0,0,0,0,0,0,0,0,0,0,0,0,0,0,0,0,0,0,0,0,0,0,0,0,0,0,0,0,0,0
0,0,0,0,0,0,0,0,0,0,0,0,0,0,0,0,0,0,1,0,0,0,0,1,0,0,0,0,0,0,0,0,1,1,0,2,0,1,0,0,0,1,1,1,1,1,0,1,0,0,0,0,0,0,0,0,1,0,0,1,0,2,2,0,0,2,0,0,0,2,2,1,1,0,0,0,0,0,0,0,1,1,0,0,0,0,0,0,1,0,1,0,0,0,1,0,0,0,0,0,0,2,0,0,0,0,0,0,0,0,0,0,0,0,0,0,0,1,0,0,0,0,0,0,0,0,0,0,0,0,0,0,0,0,0,0,0,0,0,0,0,0,0,0,0,0,0,0,0,0,0,0,0,0,0,0,0,0,0,0,0,0,0,0,0,0,0,0,0,0,0,0,0,0,0,0,0,0,0,0,0,0,0,0,0,0,0,0,0,0,0,0,0,0,0,0,0,0,0,0
0,0,0,0,0,0,0,0,0,0,0,0,0,0,0,0,0,0,0,0,0,0,0,0,0,1,0,0,0,1,0,0,2,0,1,0,0,0,1,0,1,3,0,1,0,0,0,3,0,1,0,0,0,2,1,1,1,0,0,2,1,1,0,0,0,2,1,0,1,2,0,1,0,0,0,1,0,0,0,0,0,0,0,0,0,0,0,1,0,0,0,0,1,0,0,0,1,0,1,0,2,0,0,0,0,0,1,0,0,0,0,0,0,0,0,0,0,0,0,0,0,0,0,0,0,0,0,0,1,0,0,0,0,0,0,0,0,0,0,0,0,0,0,0,0,0,0,0,0,0,0,0,0,0,0,0,0,0,0,0,0,0,0,0,0,0,0,0,0,0,0,0,0,0,0,0,0,0,0,0,0,0,0,0,0,0,0,0,0,0,0,0,0,0,0,0,0,0,0,0
0,0,0,0,0,0,0,0,0,0,0,0,0,0,0,1,0,0,0,0,0,0,0,0,0,0,0,1,0,0,0,1,0,0,2,0,0,0,0,1,0,1,0,2,0,2,2,0,1,0,0,0,0,1,2,2,0,0,0,0,0,1,3,0,1,1,0,0,2,2,0,1,0,0,0,2,0,0,1,0,0,0,0,0,0,0,1,0,0,2,0,0,0,0,1,0,0,0,1,0,0,0,0,0,1,0,0,0,0,1,0,0,0,0,0,0,1,0,0,0,0,0,0,0,0,0,0,0,0,0,0,0,0,0,0,0,0,0,0,0,0,0,0,0,0,0,0,0,0,0,0,0,0,0,0,0,0,0,0,0,0,0,0,0,0,0,0,0,0,0,0,0,0,0,0,0,0,0,0,0,0,0,0,0,0,0,0,0,0,0,0,0,0,0,0,0,0,0,0,0
0,0,0,0,0,0,0,1,0,0,0,0,0,0,0,0,0,0,0,0,0,0,0,0,0,0,0,0,1,0,0,1,1,0,2,1,1,1,0,0,1,1,0,0,0,1,0,0,1,1,2,1,0,1,0,2,1,1,0,0,1,0,3,0,0,0,1,2,0,2,1,0,1,0,0,1,2,1,0,0,2,0,1,0,0,0,0,0,0,1,0,0,1,0,1,0,0,0,0,0,0,1,0,0,0,0,0,0,0,0,0,1,0,0,0,0,1,0,1,0,0,0,0,0,0,0,0,0,0,0,0,0,0,0,0,0,0,0,0,0,0,0,0,0,0,0,0,0,0,0,0,0,0,0,0,0,0,0,0,0,0,0,0,0,0,0,0,0,0,0,0,0,0,0,0,0,0,0,0,0,0,0,0,0,0,0,0,0,0,0,0,0,0,0,0,0,0,0,0,0
0,0,0,0,1,0,0,0,0,1,0,0,0,0,0,0,0,0,0,0,1,0,1,0,0,1,0,0,1,0,2,0,0,0,1,0,0,0,2,2,0,0,0,0,0,0,0,1,0,0,1,2,2,2,0,1,1,0,1,0,0,0,1,0,1,1,2,0,1,0,0,0,1,0,1,0,0,1,0,1,0,0,0,0,0,1,0,0,0,0,2,0,0,0,0,0,0,0,0,0,0,0,0,1,0,0,0,0,0,0,1,0,0,0,0,0,0,0,0,0,0,0,0,0,0,0,0,0,0,0,0,0,0,0,0,0,0,0,0,0,0,0,0,0,0,0,0,0,0,0,0,0,0,0,0,0,0,0,0,0,0,0,0,0,0,0,0,0,0,0,0,0,0,0,0,0,0,0,0,0,0,0,0,0,0,0,0,0,0,0,0,0,0,0,0,0,0,0,0,0
0,0,0,0,0,0,0,0,0,0,0,0,0,0,0,0,0,0,0,0,0,0,0,0,0,0,0,0,0,0,2,0,0,1,0,1,0,0,0,1,1,0,0,0,1,1,1,0,0,0,1,0,0,1,0,2,0,0,2,1,0,1,0,0,0,1,1,2,2,2,0,2,0,0,0,0,0,1,0,0,0,0,1,1,1,0,0,0,0,1,0,0,0,0,0,0,0,0,0,0,0,0,0,0,0,0,0,0,0,0,0,0,0,0,0,1,0,1,0,0,0,0,0,0,0,0,0,0,0,0,0,0,0,0,0,0,0,0,0,0,0,0,0,0,0,0,0,0,0,0,0,0,0,0,0,0,0,0,0,0,0,0,0,0,0,0,0,0,0,0,0,0,0,0,0,0,0,0,0,0,0,0,0,0,0,0,0,0,0,0,0,0,0,0,0,0,0,0,0,0
0,0,0,0,0,0,0,0,0,0,0,0,0,0,0,0,0,0,0,1,0,0,0,0,0,0,0,0,0,0,1,0,0,0,0,0,1,0,0,1,0,0,0,2,1,0,0,0,1,0,0,0,0,0,0,0,0,0,3,1,0,0,1,1,1,0,2,1,0,0,0,1,2,1,1,0,0,0,2,1,0,0,0,1,0,0,1,1,1,0,0,0,0,0,0,1,1,0,0,0,0,0,0,0,0,0,0,0,0,0,0,0,0,0,0,0,0,0,0,0,0,1,0,0,0,0,0,0,0,1,0,0,0,1,0,0,0,0,0,0,0,0,0,0,0,0,0,0,0,0,0,0,0,0,0,0,0,0,0,0,0,0,0,0,0,0,0,0,0,0,0,0,0,0,0,0,0,0,0,0,0,0,0,0,0,0,0,0,0,0,0,0,0,0,0,0,0,0,0,0
0,0,0,0,0,0,0,0,0,0,0,0,0,0,1,0,0,0,0,0,0,0,1,0,0,0,0,0,0,0,0,0,0,0,1,0,0,1,0,0,0,0,0,0,0,2,0,0,0,0,0,0,0,1,0,1,0,0,0,0,0,2,0,2,1,1,0,0,0,2,0,2,0,0,0,1,0,0,1,0,0,0,0,0,0,0,0,1,0,0,0,0,1,0,0,0,0,0,0,0,0,1,0,0,0,0,0,0,0,0,0,0,0,0,1,0,0,0,0,0,0,0,0,0,0,0,0,0,0,0,0,0,0,0,0,0,0,0,0,0,0,0,0,0,0,0,0,0,0,0,0,0,0,0,0,0,0,0,0,0,0,0,0,0,0,0,0,0,0,0,0,0,0,0,0,0,0,0,0,0,0,0,0,0,0,0,0,0,0,0,0,0,0,0,0,0,0,0,0,0
0,0,0,0,0,0,0,0,0,0,0,0,0,0,0,0,0,0,0,0,0,0,1,2,0,0,0,0,0,0,0,0,0,0,1,1,0,0,1,3,1,0,3,0,1,0,0,0,0,0,0,0,0,1,0,1,0,0,2,0,1,0,1,1,0,0,0,1,0,1,1,0,0,0,0,0,0,0,0,0,0,0,0,0,0,0,0,0,0,0,0,0,1,0,0,0,0,0,0,0,1,0,0,0,0,0,0,0,0,0,0,0,0,0,0,0,0,0,0,0,0,0,0,0,0,0,0,0,0,0,0,0,0,0,0,0,0,0,0,0,0,0,0,0,0,0,0,0,0,0,0,0,0,0,0,0,0,0,0,0,0,0,0,0,0,0,0,0,0,0,0,0,0,0,0,0,0,0,0,0,0,0,0,0,0,0,0,0,0,0,0,0,0,0,0,0,0,0,0,0
0,0,0,0,0,0,0,0,0,0,0,0,0,0,0,0,0,0,0,0,0,0,0,0,0,0,0,1,0,0,0,0,0,0,0,0,0,0,1,1,0,2,0,0,1,0,0,0,2,1,1,2,0,0,0,1,1,0,2,1,1,1,0,0,0,1,0,1,0,1,1,0,1,0,0,0,0,0,0,0,3,0,1,0,0,0,0,1,0,1,0,0,0,0,1,0,0,0,0,0,0,0,0,0,0,0,0,0,0,1,0,0,0,0,0,0,0,0,1,0,0,0,1,0,0,0,0,0,0,0,0,0,0,0,0,0,0,0,0,0,0,0,0,0,0,0,0,0,0,0,0,0,0,0,0,0,0,0,0,0,0,0,0,0,0,0,0,0,0,0,0,0,0,0,0,0,0,0,0,0,0,0,0,0,0,0,0,0,0,0,0,0,0,0,0,0,0,0,0,0
0,0,0,0,0,0,0,0,0,0,0,0,0,0,0,0,0,0,0,0,0,1,0,0,0,0,0,0,0,0,0,0,0,0,0,1,0,0,0,0,0,1,2,0,0,0,0,1,0,0,1,0,0,1,0,0,0,0,1,0,3,1,1,1,0,0,0,1,0,0,0,0,0,0,0,2,0,1,0,0,0,1,0,2,1,2,2,0,0,0,0,0,0,0,0,0,0,0,0,0,0,0,0,0,0,0,0,0,0,0,0,0,0,0,0,0,0,0,0,0,0,0,0,0,0,0,0,0,0,0,0,0,0,0,0,0,0,0,0,0,0,0,0,0,0,0,0,0,0,0,0,0,0,0,0,0,0,0,0,0,0,0,0,0,0,0,0,0,0,0,0,0,0,0,0,0,0,0,0,0,0,0,0,0,0,0,0,0,0,0,0,0,0,0,0,0,0,0,0,0
0,0,0,0,0,0,0,0,0,0,0,0,0,0,0,0,0,1,0,0,0,0,0,0,0,0,0,0,0,0,0,2,0,0,0,0,0,1,0,0,0,1,0,0,0,0,0,0,1,0,1,0,1,0,1,2,2,2,1,0,5,1,0,0,0,1,0,0,1,0,0,0,0,3,3,0,1,0,0,1,0,0,0,0,0,1,0,0,0,0,0,0,0,1,0,1,1,0,0,0,1,1,0,0,0,2,0,0,0,0,0,0,1,0,0,0,0,0,0,1,0,0,0,0,0,0,0,0,0,0,1,0,0,0,0,0,0,0,0,0,0,0,0,0,0,0,0,0,0,0,0,0,0,0,0,0,0,0,0,0,0,0,0,0,0,0,0,0,0,0,0,0,0,0,0,0,0,0,0,0,0,0,0,0,0,0,0,0,0,0,0,0,0,0,0,0,0,0,0,0
0,0,0,0,0,0,0,0,0,0,0,0,0,0,0,0,0,1,0,0,0,0,0,0,0,0,0,0,0,1,1,0,0,0,0,0,0,0,0,0,0,1,1,0,0,0,0,0,0,0,0,1,0,1,0,1,1,0,1,2,0,1,3,0,0,0,0,0,0,0,1,0,0,2,0,2,1,2,1,2,1,0,1,1,0,0,0,0,0,0,0,0,0,0,0,1,0,1,0,0,0,0,0,0,0,0,0,1,0,0,0,0,0,0,0,0,0,0,0,0,0,0,0,0,0,0,0,0,0,0,0,0,0,0,0,0,0,0,0,0,0,0,0,0,0,0,0,0,0,0,0,0,0,0,0,0,0,0,0,0,0,0,0,0,0,0,0,0,0,0,0,0,0,0,0,0,0,0,0,0,0,0,0,0,0,0,0,0,0,0,0,0,0,0,0,0,0,0,0,0
0,0,0,0,0,0,0,0,0,0,0,0,0,0,0,0,0,0,0,0,0,0,0,0,0,0,0,0,0,0,0,0,2,1,0,0,0,0,1,0,0,0,0,0,1,2,1,0,0,1,1,1,0,1,2,0,0,2,0,0,0,1,0,1,1,1,0,0,0,0,0,0,0,0,0,1,0,0,0,0,1,1,0,0,1,0,0,0,0,0,0,0,0,0,1,0,0,0,0,0,0,0,0,0,0,0,1,0,0,0,1,0,0,0,0,0,0,0,0,0,0,0,0,0,0,0,0,0,0,0,0,0,0,0,0,0,0,0,0,0,0,0,0,0,0,0,0,0,0,1,0,0,0,0,0,0,0,0,0,0,0,0,0,0,0,0,0,0,0,0,0,0,0,0,0,0,0,0,0,0,0,0,0,0,0,0,0,0,0,0,0,0,0,0,0,0,0,0,0,0
0,0,0,0,0,0,0,0,0,0,0,0,0,0,0,0,1,0,0,0,0,0,0,0,0,0,1,1,0,0,0,1,0,2,0,0,0,0,1,0,1,0,0,1,0,0,0,0,1,1,0,0,0,0,0,0,0,0,0,2,1,1,1,0,0,0,1,0,0,0,1,0,0,0,2,2,1,0,0,0,0,0,0,0,1,0,0,0,0,0,0,0,1,1,0,0,0,1,0,0,0,0,0,0,0,1,0,1,0,0,0,0,0,0,0,0,0,0,0,0,0,0,0,0,0,0,0,0,0,0,0,0,0,0,0,0,0,0,0,0,0,0,0,0,0,0,0,0,0,0,0,0,0,0,0,0,0,0,0,0,0,0,0,0,0,0,0,0,0,0,0,0,0,0,0,0,0,0,0,0,0,0,0,0,0,0,0,0,0,0,0,0,0,0,0,0,0,0,0,0
0,0,0,0,0,0,0,0,0,0,0,0,0,0,0,0,0,0,0,0,0,0,0,1,0,1,1,0,1,0,0,0,0,0,1,0,0,0,0,1,0,0,1,1,0,0,0,0,0,0,1,0,1,0,0,3,1,0,0,0,0,0,0,0,0,1,0,0,0,1,2,0,1,0,0,0,1,1,1,0,2,0,0,0,1,1,0,0,0,0,0,1,0,1,0,0,0,0,0,1,1,0,0,0,0,0,0,0,2,0,0,0,0,0,0,0,0,0,0,0,0,0,0,0,0,0,0,0,0,0,0,0,0,0,0,0,0,0,0,0,0,0,0,0,0,0,0,0,0,0,0,0,0,0,0,0,0,0,0,0,0,0,0,0,0,0,0,0,0,0,0,0,0,0,0,0,0,0,0,0,0,0,0,0,0,0,0,0,0,0,0,0,0,0,0,0,0,0,0,0
0,0,0,0,0,0,0,0,0,0,0,0,0,0,0,0,0,0,0,0,0,0,0,0,0,0,0,0,0,0,1,1,0,0,0,0,0,0,0,0,0,0,0,0,0,0,0,1,0,0,0,0,0,1,0,0,1,2,0,0,0,0,0,2,0,0,0,0,0,0,0,1,0,0,0,0,2,0,0,1,1,2,0,1,0,0,0,0,0,0,0,1,0,0,0,1,0,0,0,0,1,0,0,0,0,0,0,0,0,0,0,1,0,0,0,0,0,0,0,0,0,0,0,0,0,0,0,0,0,0,0,0,0,0,0,0,0,0,0,0,0,0,0,0,0,0,0,0,0,0,0,0,0,0,0,0,0,1,0,0,0,0,0,0,0,0,0,0,0,0,0,0,0,0,0,0,0,0,0,0,0,0,0,0,0,0,0,0,0,0,0,0,0,0,0,0,0,0,0,0
0,0,0,0,0,0,0,0,0,0,0,0,0,0,0,0,0,0,0,0,0,0,1,0,0,0,1,0,0,0,0,1,0,2,1,0,0,0,1,0,0,0,0,0,0,1,0,1,0,0,0,0,1,0,0,2,1,3,1,0,0,0,0,0,0,1,0,1,0,0,0,1,0,0,1,0,1,0,0,4,0,0,0,0,1,2,0,1,0,0,1,0,0,0,1,0,0,0,0,0,0,0,0,0,0,0,0,0,0,0,0,0,0,0,0,0,0,0,0,0,0,0,0,0,0,0,0,0,0,0,0,0,0,0,0,0,0,0,0,0,0,0,0,0,0,0,0,0,0,0,0,0,0,0,0,0,0,0,0,0,0,0,0,0,0,0,0,0,0,0,0,0,0,0,0,0,0,0,0,0,0,0,0,0,0,0,0,0,0,0,0,0,0,0,0,0,0,0,0,0
0,0,0,0,0,0,0,0,0,0,0,0,0,0,0,0,0,0,0,0,0,0,0,0,0,0,0,0,0,0,0,1,0,0,1,1,0,0,0,0,0,0,0,1,0,0,0,0,0,0,1,2,1,1,0,0,0,0,1,1,0,1,0,1,0,0,1,0,0,0,0,0,0,1,2,2,0,0,0,0,0,0,0,0,1,0,0,0,0,1,0,0,0,0,0,0,1,1,0,0,0,0,0,0,0,0,2,0,1,0,0,0,0,0,0,0,0,0,0,0,0,0,0,0,0,0,0,0,0,0,0,0,0,0,0,0,0,0,0,0,0,0,0,0,0,0,0,0,0,0,0,0,0,0,0,0,0,0,0,0,0,0,0,0,0,0,0,0,0,0,0,0,0,0,0,0,0,0,0,0,0,0,0,0,0,0,0,0,0,0,0,0,0,0,0,0,0,0,0,0
