4,2,3,5,5,8,10,10,14,7,6,7,6,10,30,10,25,38,28,38,70,33,64,54,68,85,64,65,86,85,124,86,116,163,159,159,210,207,233,261,260,295,295,337,369,337,363,435,497,508,551,461,532,615,721,657,623,755,717,872,919,892,871,998,924,984,1014,1081,1033,1091,1127,1188,1181,1205,1295,1204,1177,1307,1228,1249,1271,1384,1225,1329,1357,1332,1343,1306,1242,1366,1245,1172,1219,1317,1224,1060,1101,1046,1113,996,1011,959,917,963,887,863,789,820,792,635,743,703,662,601,588,517,522,490,482,465,378,362,368,339,285,280,307,223,251,201,176,193,198,178,150,115,90,85,102,77,82,96,75,32,59,62,42,30,31,29,36,27,35,36,13,17,11,9,7,8,15,2,8,6,3,4,4,1,2,4,3,0,0,2,3,5,0,0,2,0,0,0,0,0,0,0,0,0,1,0,0,0,0,0,0,0,0,0,0,0
2,2,4,3,2,11,8,8,7,8,11,12,19,18,23,14,17,25,28,51,62,38,62,41,66,84,66,93,91,88,134,113,150,169,156,168,202,210,248,236,257,280,322,316,390,361,390,424,464,551,599,530,557,648,649,653,636,841,703,837,884,967,888,875,985,980,1032,1081,1099,1129,1157,1202,1175,1278,1208,1218,1210,1229,1154,1230,1238,1282,1262,1232,1328,1320,1318,1279,1194,1296,1244,1095,1138,1209,1157,998,1062,1033,1059,907,959,936,895,892,757,747,709,773,736,709,727,605,649,590,612,504,474,420,399,418,350,291,342,285,262,252,226,236,207,202,170,161,182,150,155,131,99,99,117,99,90,89,57,47,44,43,47,41,29,37,29,19,20,31,12,11,5,7,12,5,17,8,5,7,3,3,3,2,3,4,4,0,1,3,2,1,0,0,2,0,0,0,0,3,0,0,0,0,1,0,0,0,0,0,0,0,0,0,0,0
9,2,2,3,4,3,10,10,8,4,10,13,25,11,20,14,26,37,37,43,65,42,68,37,77,75,61,72,106,74,132,106,133,173,161,177,193,231,224,260,295,274,343,373,415,362,437,408,463,518,565,479,583,645,705,654,645,782,734,877,884,904,890,961,948,971,1032,1118,1052,1173,1139,1203,1178,1169,1181,1198,1153,1244,1138,1160,1229,1238,1226,1235,1256,1218,1244,1233,1102,1238,1142,1104,1150,1037,1129,990,1057,996,1039,868,886,883,866,898,740,743,698,735,690,640,651,631,589,530,495,458,485,433,352,367,356,313,315,306,249,249,233,220,210,196,142,130,160,116,142,122,117,90,75,76,80,68,50,38,60,41,42,30,21,30,31,21,28,31,13,18,7,8,11,5,8,5,8,6,6,3,8,1,1,1,1,0,2,1,0,3,0,0,1,0,0,0,0,0,1,0,0,0,2,0,0,0,0,0,0,0,0,0,0,0
2,4,7,5,5,9,10,11,8,8,12,22,26,14,16,12,32,32,33,49,60,43,64,48,49,81,63,70,85,81,130,101,135,176,177,155,195,203,225,256,299,278,343,392,376,370,417,421,479,571,570,512,559,635,682,714,680,765,704,844,879,974,882,959,931,1001,1037,1046,1068,1149,1100,1206,1141,1169,1214,1146,1129,1177,1101,1227,1145,1120,1160,1244,1214,1242,1168,1156,1107,1149,1174,1072,1095,1047,1010,974,939,903,995,833,895,864,803,822,755,674,665,711,660,617,650,558,546,535,453,432,429,385,387,330,316,297,305,235,216,258,227,234,189,155,165,173,162,116,132,94,88,100,80,71,78,67,53,35,53,42,35,37,34,42,25,19,25,19,8,11,4,15,5,5,12,8,5,2,4,2,6,0,5,2,2,0,1,0,0,6,0,0,0,0,0,0,0,1,0,0,0,0,3,0,0,0,0,0,0,0,0,0,0,0
3,2,4,7,8,6,8,8,9,4,12,12,11,15,19,11,35,22,36,34,58,33,56,46,89,80,59,81,109,65,135,106,136,184,176,173,188,205,224,254,296,310,331,356,383,368,452,449,522,522,586,503,577,630,709,706,651,772,719,893,892,892,850,941,939,1027,1053,1053,1046,1135,1119,1203,1170,1145,1187,1151,1106,1165,1163,1134,1090,1161,1082,1159,1187,1201,1182,1091,1078,1114,1075,958,1031,1063,991,909,946,866,918,823,802,800,782,757,684,718,618,639,596,558,593,531,512,463,443,383,396,380,362,349,314,275,243,241,207,226,212,202,179,141,146,160,174,119,108,109,87,108,80,74,70,40,58,31,44,39,34,26,22,27,23,19,21,41,9,7,9,14,10,5,10,1,9,5,2,2,3,3,2,4,1,0,3,1,0,0,0,0,1,0,0,0,0,1,0,0,0,0,2,0,0,0,0,0,0,0,0,0,0,0
2,6,5,2,9,4,13,11,8,6,14,16,23,15,16,11,23,27,30,39,53,37,66,40,58,93,70,81,92,64,129,93,127,160,190,182,226,227,241,285,283,312,371,353,349,376,436,425,482,576,590,533,592,650,717,678,640,751,713,836,900,878,901,917,903,979,948,1023,975,1082,1043,1146,1065,1138,1161,1092,1041,1154,1021,1118,1134,1113,1073,1181,1148,1163,1151,1138,1063,1121,1009,1017,998,987,928,852,857,854,840,774,800,764,755,763,679,603,554,641,585,504,567,524,472,436,416,395,420,379,322,299,289,253,279,237,184,230,208,212,157,146,140,128,139,128,100,76,75,94,71,77,54,52,56,34,43,30,37,32,21,26,23,19,22,24,5,14,10,9,3,9,15,6,5,5,6,4,2,1,4,1,2,0,2,0,1,1,0,0,2,0,0,0,0,2,2,0,0,0,1,0,0,0,0,0,0,0,0,0,0,0
0,1,1,2,6,5,11,8,8,13,7,18,26,7,25,19,29,24,35,50,63,30,53,49,80,83,72,86,105,73,124,108,128,192,181,161,213,195,229,298,335,301,375,351,378,416,434,423,487,580,581,525,573,645,692,632,670,788,762,870,879,861,865,880,892,1006,961,1032,1026,1052,1019,1112,1118,1153,1137,1075,1028,1181,1061,1111,1153,1149,990,1123,1114,1114,1129,1032,948,996,985,1012,873,1074,926,853,903,817,900,711,763,712,665,678,589,593,546,650,583,493,509,509,474,469,411,368,334,351,303,305,296,250,243,225,188,181,207,176,161,127,154,127,151,119,98,80,74,92,71,70,64,35,46,24,37,40,39,36,19,15,26,22,29,30,8,12,9,7,4,8,16,1,9,5,1,3,3,1,1,2,3,0,1,0,2,1,0,0,3,0,0,0,0,1,1,0,0,0,0,0,0,0,0,0,0,0,0,0,0,0
6,2,1,1,4,7,13,10,8,9,6,11,20,10,19,12,30,34,28,50,55,36,51,61,72,85,62,85,108,89,119,96,135,175,184,197,222,210,213,285,272,341,355,372,395,372,440,441,503,596,596,540,589,666,693,668,648,788,700,818,936,908,870,946,938,921,992,1021,985,1044,1026,1130,1096,1040,1073,1014,1043,1089,988,1027,1094,1060,970,1024,1156,1102,1019,979,936,1009,956,956,921,886,873,821,824,787,796,738,686,717,686,659,574,515,554,542,502,451,541,479,484,422,404,328,338,312,274,265,277,223,231,191,177,175,175,178,145,120,126,119,154,97,100,89,67,96,67,61,55,56,43,26,24,37,36,23,22,23,20,23,24,22,5,6,3,5,4,10,10,4,3,5,2,5,2,2,3,2,1,0,3,0,0,0,0,0,1,0,0,0,0,1,1,0,0,0,1,0,0,0,0,0,0,0,0,0,0,0
5,2,4,7,5,8,4,5,6,3,6,17,19,15,22,22,23,30,36,44,67,48,48,60,83,107,61,92,97,72,117,115,135,172,168,166,224,225,246,280,287,311,311,348,392,390,433,429,483,598,548,539,560,661,699,661,664,769,673,861,846,900,811,909,917,893,990,920,930,1043,1043,1094,1048,1089,1104,990,1050,1024,975,961,996,976,1008,1014,1030,1005,1004,1012,942,1000,936,927,937,900,822,729,743,724,721,707,668,681,673,619,586,504,481,591,467,438,470,410,424,385,341,306,323,294,310,267,237,205,222,203,157,157,162,146,140,125,126,122,137,109,100,59,69,63,65,58,47,44,49,23,40,24,27,26,17,28,26,26,16,26,11,8,5,5,4,11,13,4,5,6,3,7,0,2,1,5,1,0,2,2,1,5,0,0,1,0,0,0,0,3,0,0,0,0,0,0,0,0,0,0,0,0,0,0,0,0
1,4,2,2,2,6,6,5,10,4,13,9,19,22,14,13,18,39,33,46,56,53,52,47,88,95,64,93,107,93,126,111,122,151,188,172,204,207,232,296,315,320,332,378,392,361,399,411,527,545,571,516,490,665,636,672,615,773,692,834,875,882,794,823,846,933,1007,970,946,1010,1020,1061,1071,1014,1072,1091,1007,1018,986,987,973,1016,907,955,1012,915,986,896,872,871,903,863,826,869,786,749,778,704,802,637,676,656,619,545,532,551,490,488,499,428,453,418,420,362,339,319,297,276,288,265,226,214,230,216,150,183,158,138,134,108,118,119,105,94,91,73,65,75,68,63,42,51,25,23,34,25,35,23,19,20,12,19,33,17,12,8,4,9,4,4,8,5,5,5,4,3,2,2,2,1,0,0,2,1,2,1,0,0,1,0,0,0,0,1,1,0,0,0,1,0,0,0,0,0,0,0,0,0,0,0
1,2,5,10,4,4,6,7,11,5,12,18,15,9,14,21,25,28,31,55,81,48,60,60,75,75,59,68,113,67,124,117,151,174,181,136,226,225,220,295,308,307,350,378,369,397,417,409,532,568,537,490,566,631,720,614,666,725,682,840,892,857,828,807,899,907,914,904,930,1015,977,1036,990,991,1074,944,992,1028,922,948,996,911,950,974,1007,961,935,893,871,860,856,824,821,783,750,693,708,678,774,636,634,599,575,601,559,531,483,455,495,397,421,403,388,391,310,278,283,275,226,252,217,208,193,187,121,148,152,141,136,97,109,103,111,96,89,58,66,62,58,50,45,54,33,25,31,19,32,22,13,16,18,14,26,22,5,10,11,7,5,4,8,3,3,4,6,6,6,0,2,2,0,0,1,2,0,3,0,0,1,0,0,0,0,1,1,0,0,0,0,0,0,0,0,0,0,0,0,0,0,0
4,1,4,3,5,4,12,14,10,5,7,24,20,12,25,15,26,30,30,51,51,41,57,51,84,81,76,72,109,97,118,90,130,174,183,146,218,217,206,294,307,328,356,330,406,368,370,414,482,544,545,536,552,628,688,689,604,751,647,765,841,897,748,868,843,873,923,992,940,914,1009,976,966,961,984,940,934,918,926,929,940,944,876,837,961,927,917,854,809,919,809,847,809,754,772,691,683,655,672,565,633,567,498,530,477,464,398,449,483,397,403,404,356,350,328,270,281,281,264,238,215,193,164,179,127,150,136,147,116,102,104,80,110,83,77,52,70,64,54,58,51,41,36,24,34,34,28,22,12,13,16,16,19,23,6,9,6,3,5,4,6,2,1,2,5,0,5,0,1,1,0,0,1,1,1,0,0,0,0,0,0,0,0,0,0,0,0,0,0,0,0,0,0,0,0,0,0,0,0,0
6,2,1,6,0,2,13,7,10,4,14,21,21,7,13,14,31,28,22,51,61,49,57,53,83,84,68,69,113,96,116,104,137,195,175,150,192,212,251,260,314,323,331,368,381,346,422,424,480,532,549,483,542,627,655,667,579,702,659,808,854,864,808,835,861,848,864,934,944,914,971,952,922,963,989,939,909,919,849,951,892,909,818,921,939,841,895,819,819,816,825,788,720,752,734,668,670,618,648,587,561,586,517,550,439,459,386,431,424,384,429,395,344,319,306,300,273,263,224,232,214,175,174,177,133,142,136,133,115,84,104,100,99,87,86,50,55,62,73,56,50,50,39,24,33,25,25,21,6,20,19,10,18,25,8,12,4,14,4,3,7,3,5,3,0,1,3,0,2,5,2,0,0,0,0,1,0,0,0,0,0,0,0,1,1,0,0,0,1,0,0,0,0,0,0,0,0,0,0,0
1,3,6,6,1,7,9,6,7,4,10,18,16,10,18,16,26,22,33,47,62,46,61,56,68,82,57,62,94,89,127,102,150,168,199,142,227,204,236,296,276,304,342,350,373,348,413,445,507,527,507,475,534,631,668,634,611,769,657,768,770,884,755,759,844,891,844,891,901,933,881,931,907,930,917,971,884,907,899,880,942,862,835,909,885,850,857,830,737,805,773,764,734,751,696,594,652,605,643,520,599,526,533,500,456,460,396,428,399,359,368,343,340,297,263,250,250,235,217,190,235,170,143,144,142,131,111,120,121,93,102,81,97,81,80,49,38,55,56,42,38,41,34,26,26,34,17,28,8,26,20,11,16,18,8,7,5,10,3,6,12,3,5,3,5,2,5,0,2,3,0,0,1,1,0,0,0,0,0,0,0,0,0,0,1,0,0,0,1,0,0,0,0,0,0,0,0,0,0,0
1,1,4,2,4,10,7,7,3,7,11,18,19,12,14,16,20,33,23,44,52,41,66,39,70,88,82,69,128,77,140,92,136,139,190,153,196,197,240,356,287,298,348,348,381,372,413,426,468,534,547,479,537,607,654,571,581,707,628,718,774,844,701,798,801,860,861,897,867,896,888,935,910,937,934,832,840,903,819,863,873,878,825,850,893,819,841,752,751,788,687,706,700,683,736,575,623,598,597,500,569,526,489,490,423,428,369,455,392,385,397,325,329,274,258,239,242,208,210,229,201,167,150,147,121,139,128,123,119,91,82,75,97,71,78,60,44,49,48,44,37,26,32,27,23,18,26,29,16,11,15,15,25,18,5,6,5,4,4,6,5,2,4,5,2,0,2,1,2,1,1,0,1,2,4,2,0,0,2,0,0,0,0,1,0,0,0,0,1,0,0,0,0,0,0,0,0,0,0,0
3,4,2,4,0,8,9,11,10,1,17,16,21,20,19,19,26,21,27,42,68,50,50,51,74,77,59,73,104,89,125,104,130,165,167,165,217,198,201,286,311,298,311,378,382,364,389,414,470,520,545,482,515,568,648,612,578,706,611,757,731,797,730,792,778,822,823,930,826,869,849,921,917,890,880,847,852,821,839,885,861,783,768,846,850,835,785,815,735,761,701,712,660,638,620,612,595,580,585,441,506,472,484,535,425,417,354,405,370,320,366,299,305,271,255,218,247,202,207,212,183,152,144,153,100,142,102,110,124,101,75,76,94,67,69,61,41,40,51,37,44,36,32,21,27,22,16,28,17,18,17,12,21,16,5,4,8,7,4,3,6,1,4,1,2,1,5,0,0,0,1,0,2,0,1,3,0,0,1,0,0,0,0,1,1,0,0,0,0,0,0,0,0,0,0,0,0,0,0,0
4,1,2,10,8,7,8,5,11,2,13,14,26,14,26,10,20,30,22,47,63,46,47,54,67,75,63,84,111,81,120,98,117,168,170,142,218,199,226,296,277,275,340,350,368,335,397,411,432,531,532,480,534,565,636,608,598,678,641,762,741,803,768,746,789,842,818,853,811,876,850,900,901,824,886,857,877,841,790,820,823,853,737,834,787,788,767,767,691,738,708,642,708,662,594,519,577,526,527,477,489,524,476,448,413,412,352,398,343,298,329,338,286,279,243,219,253,208,218,193,180,190,141,143,125,107,110,123,96,87,62,71,70,67,75,53,51,49,37,47,33,34,34,23,25,21,13,21,21,16,19,16,16,15,10,7,3,7,3,3,9,4,6,0,2,5,4,0,2,1,0,0,1,0,0,1,0,0,2,0,0,0,0,2,1,0,0,0,0,0,0,0,0,0,0,0,0,0,0,0
9,5,3,9,6,9,15,11,5,13,13,22,20,20,8,9,17,29,32,55,53,46,53,50,70,73,68,77,118,70,118,105,113,164,154,153,204,234,212,274,302,283,333,342,334,333,399,420,455,504,513,469,522,558,636,616,584,683,591,695,744,803,753,782,754,800,756,859,758,815,759,877,799,850,869,832,844,835,723,750,847,740,739,783,752,788,789,781,676,788,651,632,642,603,626,562,542,551,552,486,482,462,439,429,420,336,331,375,337,294,317,292,305,266,253,200,207,189,194,192,210,148,159,131,119,136,107,102,104,83,73,74,90,70,58,45,51,49,48,59,29,38,23,21,24,24,24,18,6,13,14,12,22,15,7,15,6,3,5,2,10,2,3,3,4,3,3,3,2,2,0,0,1,1,1,2,0,0,0,0,0,0,0,1,2,0,0,0,0,0,0,0,0,0,0,0,0,0,0,0
7,2,3,3,4,9,5,14,3,8,9,16,15,11,15,8,23,44,26,40,59,34,57,33,63,69,57,57,101,65,124,103,114,168,161,152,197,218,190,286,291,292,303,323,334,334,383,401,466,507,508,467,502,531,583,566,578,626,633,670,710,758,702,709,751,821,799,860,788,785,833,857,799,870,840,810,803,820,794,763,782,768,701,710,777,770,739,706,663,634,613,632,624,555,625,585,519,495,466,449,441,416,420,440,389,358,329,338,334,286,300,253,257,239,215,213,184,189,160,154,151,146,127,134,100,110,117,103,83,81,76,62,67,76,68,48,48,61,32,40,32,23,27,25,23,28,23,30,13,18,13,16,11,12,9,4,5,4,6,5,6,3,6,6,1,4,2,1,3,1,0,0,0,1,2,1,0,0,0,0,0,0,0,1,0,0,0,0,0,0,0,0,0,0,0,0,0,0,0,0
2,5,3,5,7,5,6,9,6,7,6,22,28,15,19,6,20,28,29,44,61,44,56,47,62,82,53,82,89,77,133,98,108,168,176,141,189,215,230,272,268,264,315,345,344,344,388,386,488,511,553,420,479,570,602,565,558,675,621,718,694,753,690,706,714,725,749,817,774,803,808,829,818,765,801,699,734,821,693,747,746,778,733,698,774,703,729,671,601,708,633,590,596,589,598,476,500,468,506,431,477,378,426,421,345,340,334,344,294,279,289,277,266,234,209,195,205,182,166,129,177,134,126,113,87,110,96,99,84,80,73,72,91,62,54,53,38,44,57,38,36,23,25,17,21,16,19,17,12,11,13,12,18,19,8,12,3,2,8,1,9,1,2,4,2,2,1,3,2,3,1,0,1,1,3,0,0,0,0,0,0,0,0,1,0,0,0,0,0,0,0,0,0,0,0,0,0,0,0,0
1,1,5,2,6,10,9,11,5,7,11,18,21,21,9,9,15,25,41,50,71,44,49,31,89,100,61,86,123,72,99,103,111,172,186,155,179,198,218,264,283,267,264,321,344,284,360,403,472,489,440,428,487,571,573,526,559,618,565,668,760,707,699,700,770,739,728,754,771,825,761,824,753,771,739,759,710,734,653,772,691,720,630,663,746,654,716,675,547,619,617,606,584,605,542,464,498,429,479,396,408,415,378,370,330,341,317,354,314,276,268,263,243,215,174,221,183,206,163,135,151,137,122,95,89,86,95,87,86,60,58,64,67,40,52,54,35,47,48,39,37,24,27,21,19,18,16,15,10,17,14,9,16,20,5,13,2,11,3,2,3,2,2,0,4,4,5,1,3,1,1,0,1,2,0,0,0,0,1,0,0,0,0,1,1,0,0,0,0,0,0,0,0,0,0,0,0,0,0,0
4,1,5,4,3,3,8,10,10,2,8,18,18,8,18,5,29,36,30,37,54,31,45,50,59,77,68,60,118,90,118,106,99,156,145,146,198,194,205,271,264,273,299,322,348,324,414,351,431,484,506,425,462,577,605,509,502,612,536,659,677,693,688,727,694,687,760,765,759,738,797,732,754,755,769,713,762,678,643,774,633,678,616,734,702,685,658,658,546,613,558,576,560,553,561,475,468,475,430,424,437,385,353,359,324,319,267,323,273,271,277,262,239,206,207,183,164,168,149,155,159,116,106,116,95,109,89,85,62,72,64,64,69,55,64,30,39,48,28,37,34,22,18,16,18,20,16,18,10,14,12,11,15,9,4,9,1,2,2,5,6,2,4,2,0,1,4,1,2,0,1,0,0,0,0,2,0,0,1,0,0,0,0,0,0,0,0,0,0,0,0,0,0,0,0,0,0,0,0,0
4,0,2,5,3,3,6,6,8,5,13,14,19,19,16,20,21,33,34,55,63,49,51,39,46,77,51,71,105,65,130,90,134,171,145,149,180,198,214,258,298,280,303,337,361,343,378,362,445,509,445,406,478,514,585,548,539,616,530,678,683,709,648,652,673,682,726,759,722,735,713,829,770,736,734,713,695,697,662,687,672,695,585,691,654,610,634,622,564,615,547,523,571,505,529,417,434,409,451,392,392,371,327,372,294,287,246,330,274,242,251,218,249,190,200,179,173,185,177,148,134,125,115,110,86,111,90,82,69,54,62,51,73,50,65,34,33,43,44,32,32,25,23,20,15,17,24,12,5,12,9,15,20,6,9,6,3,5,4,2,10,3,5,3,4,0,2,2,0,0,1,0,0,0,0,3,0,0,0,0,0,0,0,0,0,0,0,0,0,0,0,0,0,0,0,0,0,0,0,0
2,4,4,4,3,6,3,11,8,7,5,14,25,12,9,13,33,24,26,37,55,48,52,41,53,90,48,83,101,66,130,76,136,140,145,154,190,187,211,270,298,283,268,317,298,326,345,385,421,443,455,433,454,511,543,548,505,605,561,682,705,691,661,654,653,705,684,711,661,723,729,755,652,774,708,644,710,726,655,669,654,652,602,677,662,597,689,589,516,591,564,506,527,470,496,432,450,380,445,363,378,366,365,335,280,269,260,303,256,241,261,233,214,200,186,161,193,170,128,134,131,116,99,105,100,108,74,82,71,63,63,68,72,53,50,38,34,48,28,41,23,20,24,7,19,20,13,12,12,14,19,8,15,9,4,6,1,6,5,2,5,2,2,3,3,1,1,1,2,0,2,0,1,0,3,0,0,0,0,0,0,0,0,1,0,0,0,0,0,0,0,0,0,0,0,0,0,0,0,0
3,0,1,6,2,8,7,6,12,4,7,22,22,14,8,15,23,30,30,44,63,47,54,30,63,90,53,61,105,80,112,94,111,141,152,132,197,184,202,267,296,285,303,322,329,309,356,374,402,501,446,417,459,521,528,533,540,586,554,628,670,665,624,659,664,671,687,671,665,753,735,769,687,657,712,686,656,673,660,644,615,674,590,621,669,578,601,618,518,544,477,520,475,492,458,418,393,377,435,369,361,358,328,296,302,269,263,280,268,227,255,216,213,216,173,179,164,154,133,131,130,103,97,102,93,118,92,61,71,69,68,49,67,53,41,30,27,35,42,42,18,25,14,9,21,13,17,18,12,9,8,8,12,10,7,8,3,4,2,2,3,4,5,4,1,1,1,4,3,0,0,0,0,0,2,1,0,0,0,0,0,0,0,0,1,0,0,0,0,0,0,0,0,0,0,0,0,0,0,0
2,1,0,1,5,3,11,12,9,5,13,22,17,9,10,21,27,28,26,56,57,41,50,40,51,82,57,60,119,75,111,86,116,157,155,156,172,217,172,230,257,267,305,310,273,298,350,363,412,446,471,412,438,479,500,515,516,581,499,640,626,709,613,634,632,637,642,715,645,693,677,727,708,679,655,618,653,662,646,630,620,608,585,633,638,617,657,531,503,543,520,483,528,490,445,381,437,395,400,368,317,331,316,306,263,259,273,271,268,198,229,229,205,151,161,163,148,162,120,140,113,127,108,110,79,89,69,69,57,57,65,41,64,44,57,43,29,41,26,30,24,22,17,12,14,16,14,13,11,8,10,8,7,14,3,2,3,4,2,2,7,2,3,2,0,1,4,1,3,2,0,0,1,0,0,2,0,0,0,0,0,0,0,1,1,0,0,0,0,0,0,0,0,0,0,0,0,0,0,0
3,1,5,7,8,7,5,9,5,3,10,16,21,11,13,18,18,27,38,45,57,47,48,57,57,70,62,71,111,72,129,85,114,157,138,144,215,193,209,268,260,250,267,299,318,306,327,359,414,445,448,439,466,477,561,478,493,570,528,600,632,646,575,612,630,589,618,617,624,673,706,664,677,652,698,688,623,605,629,617,572,569,547,599,615,553,560,512,504,516,472,476,466,444,426,359,409,373,378,303,325,321,332,312,295,237,229,252,236,236,224,209,224,173,164,144,149,137,146,141,104,116,81,66,80,74,62,73,79,64,56,58,53,36,38,37,29,28,35,24,20,16,23,13,15,15,21,12,12,11,6,9,13,12,3,5,4,5,2,3,7,3,6,3,4,0,2,3,0,1,1,0,0,1,0,1,0,0,0,0,0,0,0,0,1,0,0,0,1,0,0,0,0,0,0,0,0,0,0,0
3,4,6,8,6,4,11,10,10,1,7,19,17,14,17,8,19,33,20,51,46,47,40,34,55,67,50,53,99,85,113,89,108,138,170,167,164,174,185,204,262,241,296,292,307,313,345,353,386,425,430,352,432,460,514,495,440,588,505,610,649,637,589,589,627,608,620,621,595,669,680,664,610,706,592,635,566,625,596,568,612,576,544,595,582,549,528,536,495,520,458,432,459,438,460,384,381,382,401,357,354,286,284,309,239,266,217,255,231,199,191,196,166,189,149,147,131,149,148,106,118,81,90,97,98,87,73,78,58,55,61,40,55,39,37,34,25,32,24,36,22,30,14,8,11,14,15,12,4,7,8,4,8,8,2,2,2,7,2,1,5,0,2,1,2,1,3,0,2,2,3,0,0,0,0,2,0,0,0,0,0,0,0,0,0,0,0,0,0,0,0,0,0,0,0,0,0,0,0,0
1,1,3,8,2,8,9,5,4,6,8,9,25,18,13,8,18,29,30,41,50,48,40,55,58,72,58,80,98,64,117,95,111,147,160,119,195,157,218,222,253,249,269,289,298,296,340,344,393,420,411,388,476,493,503,498,446,569,511,590,663,662,532,597,581,628,632,638,590,655,628,708,608,640,630,632,641,564,584,538,566,581,540,557,531,497,513,535,469,497,453,420,413,422,423,399,364,356,339,317,301,260,288,300,268,250,227,243,225,219,194,198,215,171,143,126,121,120,118,117,118,98,88,77,57,78,77,61,62,49,45,47,49,48,41,25,22,33,30,31,21,23,14,12,22,14,13,19,8,7,3,6,9,17,3,5,0,3,4,1,3,1,0,2,0,3,1,0,1,1,2,0,0,0,1,0,0,0,0,0,0,0,0,0,1,0,0,0,0,0,0,0,0,0,0,0,0,0,0,0
1,2,0,4,3,3,6,5,5,7,6,19,27,17,8,8,20,24,27,39,55,34,50,33,76,72,54,77,97,88,103,92,111,151,142,145,174,169,185,247,256,257,307,288,288,309,367,340,372,457,420,376,381,484,483,468,447,530,500,563,612,601,556,542,568,577,613,586,620,641,576,612,595,631,610,551,608,573,562,569,530,561,502,546,566,508,505,523,473,470,450,457,414,415,374,322,353,320,307,339,307,296,253,270,262,236,230,216,216,170,208,203,209,149,138,145,134,126,116,128,111,91,75,88,73,93,61,58,66,50,48,53,45,49,42,35,37,34,22,31,25,22,16,7,10,12,11,13,9,9,10,7,16,16,5,2,3,2,1,3,4,3,1,4,4,3,2,0,0,3,0,0,0,1,0,0,0,0,3,0,0,0,0,1,0,0,0,0,2,0,0,0,0,0,0,0,0,0,0,0
4,0,2,1,5,7,7,3,11,7,9,16,17,10,17,5,21,24,26,36,57,45,40,55,69,63,42,65,97,75,124,63,100,138,146,143,156,191,153,232,230,229,281,287,314,248,345,341,396,372,385,351,431,443,454,465,470,518,464,570,573,606,537,617,633,568,623,617,572,635,598,637,617,605,605,561,556,581,501,545,509,543,490,537,489,553,492,475,444,446,430,401,434,386,378,337,373,348,338,283,296,293,254,255,248,208,155,223,206,176,196,162,172,151,154,132,144,148,109,108,112,79,76,84,54,75,58,64,58,62,46,60,61,43,36,32,34,36,27,32,20,26,20,7,16,10,14,10,4,7,11,6,8,11,7,4,3,4,2,0,3,3,6,0,2,0,1,1,2,1,0,0,0,0,1,0,0,0,0,0,0,0,0,1,0,0,0,0,2,0,0,0,0,0,0,0,0,0,0,0
4,2,8,3,7,4,5,5,4,2,5,11,17,11,13,18,7,24,28,44,51,39,44,41,57,61,45,69,93,80,102,87,106,142,141,114,195,180,175,219,242,224,256,309,283,286,339,305,380,385,401,333,384,478,501,448,439,539,442,572,561,560,526,531,563,561,583,589,617,614,560,616,550,582,574,553,511,566,567,539,513,515,511,520,583,471,498,470,405,471,407,388,397,405,334,330,347,314,336,292,291,234,272,287,240,210,196,234,219,173,193,195,147,144,136,125,117,153,132,86,101,108,73,70,54,70,49,61,40,42,43,36,54,39,42,26,31,27,27,23,16,16,22,13,17,8,18,16,3,7,9,8,11,9,3,6,2,3,1,0,1,2,2,2,0,0,1,1,1,1,0,0,1,2,0,1,0,0,0,0,0,0,0,0,0,0,0,0,0,0,0,0,0,0,0,0,0,0,0,0
2,1,1,4,3,4,11,2,5,5,7,9,25,12,18,10,16,26,23,41,52,53,53,44,56,76,49,61,89,72,97,73,113,131,144,148,180,174,201,234,233,232,263,266,288,257,310,310,329,436,406,350,391,456,499,424,439,484,428,552,554,572,544,534,535,580,606,575,564,628,574,624,555,612,577,536,548,540,496,529,483,535,503,486,491,512,444,420,438,449,390,389,402,333,383,320,327,308,320,282,293,259,263,249,200,202,189,206,166,162,182,149,178,141,131,128,130,116,127,107,98,79,77,87,60,76,49,59,42,56,39,39,42,22,39,26,17,32,30,30,20,17,12,15,14,12,10,12,4,10,9,10,18,13,4,3,3,2,3,2,4,2,3,1,3,1,0,0,1,2,0,0,1,0,1,2,0,0,1,0,0,0,0,1,0,0,0,0,1,0,0,0,0,0,0,0,0,0,0,0
2,3,4,3,5,4,4,5,12,7,8,19,13,9,14,9,14,28,20,39,50,35,29,46,48,69,58,51,92,62,115,72,85,145,137,116,190,187,198,220,257,227,264,272,277,279,302,295,353,407,368,357,361,410,463,444,427,481,438,487,524,527,508,521,540,542,532,551,558,578,576,593,527,587,536,550,490,546,493,495,454,444,460,461,533,463,451,434,407,399,376,415,353,391,334,343,299,267,313,258,272,255,242,265,199,211,200,177,189,171,178,170,154,127,122,119,105,110,95,113,69,60,71,60,55,74,53,47,47,49,38,30,48,30,40,29,29,23,32,26,31,12,10,14,9,12,8,18,7,13,3,7,9,13,4,1,1,4,2,0,5,2,3,3,1,1,1,2,3,0,0,0,0,2,0,0,0,0,2,0,0,0,0,0,0,0,0,0,0,0,0,0,0,0,0,0,0,0,0,0
1,1,3,5,5,4,3,6,10,2,6,11,16,14,7,11,20,26,23,53,51,30,37,40,48,69,62,52,77,88,108,86,113,128,148,132,160,154,164,188,212,207,281,250,252,240,337,331,400,399,391,364,389,411,457,449,404,508,426,548,522,513,483,555,505,490,520,542,501,554,558,529,545,523,524,503,505,551,457,469,473,502,407,473,491,418,432,447,405,440,363,373,367,357,346,279,299,265,323,247,253,222,226,203,198,187,169,221,184,182,189,144,145,128,120,120,98,114,90,98,94,84,71,65,48,66,52,51,46,47,45,41,30,36,34,31,18,27,31,23,22,15,13,10,17,9,10,7,5,7,6,3,10,5,6,2,1,3,1,3,4,3,3,1,2,0,0,0,0,3,1,0,0,1,1,1,0,0,1,0,0,0,0,3,0,0,0,0,1,0,0,0,0,0,0,0,0,0,0,0
2,2,0,2,4,2,8,8,5,2,7,15,15,14,14,9,18,28,22,33,58,42,23,42,46,72,54,73,85,75,108,80,97,131,157,118,155,146,178,205,197,216,244,278,264,256,275,313,355,374,366,348,354,425,427,396,413,477,443,507,508,524,480,508,524,541,529,532,488,552,569,548,543,552,525,515,479,525,452,481,457,462,427,463,445,411,405,381,387,424,350,336,336,350,327,303,289,280,261,256,256,248,212,251,223,181,153,192,159,153,178,141,130,120,98,104,112,112,94,96,73,78,68,77,54,66,61,54,40,48,47,32,59,29,38,23,20,23,20,14,22,19,3,3,14,13,9,8,5,4,4,9,7,8,3,5,2,2,2,0,4,3,4,1,3,1,2,1,0,1,0,0,1,0,0,0,0,0,0,0,0,0,0,0,0,0,0,0,1,0,0,0,0,0,0,0,0,0,0,0
1,3,2,4,5,2,8,6,6,6,9,19,13,10,10,13,20,23,25,39,43,40,44,41,58,72,62,53,87,67,106,60,116,144,150,118,138,148,171,236,237,210,261,278,271,252,309,289,332,380,376,356,368,401,445,431,388,526,421,441,527,501,516,499,468,488,453,488,519,567,513,530,520,532,508,491,451,485,459,464,424,479,415,426,432,455,449,364,372,397,351,371,320,359,306,312,296,272,252,215,233,226,235,248,226,162,195,200,181,152,157,141,156,120,135,103,94,98,82,86,93,59,48,63,61,60,57,42,43,36,36,36,58,24,29,20,18,31,25,17,9,16,12,12,6,9,9,3,5,9,4,10,5,5,3,9,2,1,3,6,5,1,3,1,1,1,1,1,0,1,1,0,0,1,1,0,0,0,1,0,0,0,0,0,1,0,0,0,0,0,0,0,0,0,0,0,0,0,0,0
1,1,3,2,3,1,9,3,7,9,9,11,14,3,12,13,22,25,22,35,43,33,37,38,56,60,41,48,101,56,90,70,97,132,122,116,152,151,155,213,241,217,249,255,259,265,326,267,314,388,393,287,352,398,427,403,340,459,381,480,516,478,481,498,525,485,505,506,497,531,498,500,511,542,475,489,497,442,442,371,453,392,420,389,436,411,436,397,361,377,318,335,325,318,312,259,274,252,295,272,248,214,230,220,192,148,145,184,158,147,138,135,141,130,125,106,110,98,71,85,86,61,55,63,51,56,48,41,44,48,31,32,34,30,35,19,19,21,21,28,16,11,16,12,12,9,8,12,7,4,7,5,10,11,4,3,3,5,3,0,6,3,3,1,1,0,1,1,1,2,1,0,0,1,0,0,0,0,0,0,0,0,0,0,0,0,0,0,0,0,0,0,0,0,0,0,0,0,0,0
4,2,4,5,5,3,9,3,10,5,8,12,21,11,13,9,16,27,18,33,48,30,28,42,55,66,54,57,84,63,78,69,115,133,115,115,157,149,141,205,220,238,254,253,213,235,279,287,336,362,332,313,344,373,435,381,383,423,394,470,459,467,460,466,481,490,502,422,473,544,456,502,487,474,529,427,435,471,454,398,434,437,386,377,447,384,406,396,365,377,343,323,307,300,312,262,311,242,247,236,221,220,193,202,182,178,163,173,153,142,158,131,138,94,109,116,97,108,66,90,76,60,63,68,51,68,42,47,41,35,45,30,31,22,27,25,27,15,19,27,13,6,14,8,10,8,12,8,5,6,5,8,8,10,2,4,2,6,1,4,6,2,0,1,1,0,0,0,3,0,0,0,1,1,1,0,0,0,0,0,0,0,0,1,0,0,0,0,0,0,0,0,0,0,0,0,0,0,0,0
0,3,1,5,3,3,5,6,6,5,12,13,16,9,10,15,19,27,28,42,32,28,41,35,47,74,46,46,76,56,91,88,101,124,119,124,144,162,154,203,201,213,250,226,230,249,300,287,332,348,334,338,320,392,396,429,369,428,396,484,486,465,410,441,440,452,420,457,471,526,472,448,496,502,463,429,466,406,373,414,405,409,370,403,400,390,373,378,336,298,322,297,312,288,290,253,277,215,243,220,203,215,189,208,181,159,183,191,132,137,118,124,144,115,104,93,84,97,80,81,77,57,78,64,45,60,55,42,44,33,32,26,38,26,27,17,18,23,14,19,13,10,13,12,11,7,8,10,3,6,2,7,8,5,2,5,2,2,2,1,3,2,3,1,2,0,5,1,1,1,1,0,0,0,0,1,0,0,0,0,0,0,0,0,0,0,0,0,0,0,0,0,0,0,0,0,0,0,0,0
1,0,1,9,2,5,7,5,7,5,10,14,18,12,8,10,17,28,15,26,49,64,28,42,37,52,42,58,78,70,99,62,110,125,141,110,139,133,155,178,228,204,216,264,280,253,269,257,292,330,339,314,327,348,428,360,381,475,405,458,443,468,399,422,466,495,486,517,455,456,465,534,455,466,436,407,409,449,410,443,427,380,396,371,418,355,385,337,337,317,293,325,298,306,237,235,280,234,269,218,240,174,174,213,189,141,161,156,138,147,136,106,129,107,86,94,93,88,81,89,55,49,50,52,43,40,51,57,43,37,27,33,32,36,32,15,15,22,21,17,18,15,9,9,10,14,8,10,2,3,3,8,8,10,3,5,0,6,4,0,4,0,4,2,0,0,0,0,0,3,0,0,0,0,0,0,0,0,1,0,0,0,0,0,0,0,0,0,0,0,0,0,0,0,0,0,0,0,0,0
1,4,6,4,2,3,4,4,9,6,6,11,18,8,9,9,19,20,20,35,41,37,27,27,55,55,36,53,79,57,81,68,93,122,117,119,149,143,161,196,205,193,229,215,264,244,256,258,319,317,278,312,349,370,342,356,337,415,377,490,447,464,450,455,486,475,483,429,473,497,487,471,462,430,450,391,408,415,391,420,392,394,343,370,372,349,345,350,319,325,291,286,284,306,221,242,227,210,190,192,229,190,196,166,160,168,140,168,149,137,125,134,109,87,94,80,80,86,69,80,62,65,58,58,36,53,43,37,28,42,37,37,41,19,26,15,20,20,18,17,13,18,4,13,8,7,10,12,0,5,9,6,10,7,5,3,2,1,3,1,4,2,1,0,3,0,0,1,1,1,1,0,0,1,1,0,0,0,1,0,0,0,0,2,0,0,0,0,0,0,0,0,0,0,0,0,0,0,0,0
0,2,1,1,7,6,1,7,3,6,10,12,14,10,10,11,14,15,27,30,50,37,33,35,44,70,59,62,74,62,80,58,78,136,118,125,147,143,154,188,176,179,220,228,243,204,280,255,293,340,327,263,324,375,417,358,330,399,347,462,419,439,420,424,458,450,431,454,452,480,435,440,439,450,456,406,405,415,377,363,390,383,361,386,349,359,326,301,303,337,270,283,269,269,260,232,228,195,220,200,191,171,190,175,164,127,137,150,157,119,103,131,117,84,107,85,80,82,75,64,70,60,56,48,41,55,49,32,43,34,25,22,42,35,30,18,20,15,14,17,13,12,13,3,7,9,8,8,6,5,8,7,5,2,2,3,1,3,3,0,5,0,1,0,3,0,1,3,0,3,0,0,1,0,0,1,0,0,2,0,0,0,0,1,2,0,0,0,1,0,0,0,0,0,0,0,0,0,0,0
0,4,1,8,2,2,10,5,3,3,11,12,10,7,6,10,16,15,17,39,48,36,56,41,49,53,40,49,77,70,82,72,106,123,123,130,141,134,129,194,185,178,198,230,256,208,273,262,320,334,313,280,359,345,367,359,338,402,362,407,452,455,339,402,423,392,440,398,410,447,396,467,396,412,433,384,382,363,367,396,355,341,348,350,368,315,350,295,300,290,257,289,267,265,248,217,240,218,246,210,169,146,187,172,123,141,134,146,124,124,128,120,118,99,81,91,68,72,87,80,75,45,45,38,49,38,37,25,28,35,35,18,18,27,31,8,18,21,15,13,17,14,7,10,13,10,8,5,6,8,1,6,4,6,3,2,2,4,0,3,3,0,0,2,0,0,0,0,0,0,1,0,0,0,1,0,0,0,0,0,0,0,0,0,0,0,0,0,0,0,0,0,0,0,0,0,0,0,0,0
3,1,0,3,4,4,6,3,10,8,6,11,16,8,4,12,18,17,22,43,46,40,33,34,39,58,47,48,80,68,86,76,73,117,109,100,134,150,128,160,193,188,203,225,209,227,284,257,277,316,303,321,278,367,344,320,352,380,323,408,418,446,403,385,360,381,451,424,392,433,429,430,418,400,382,379,347,388,351,343,382,364,342,341,362,331,327,286,266,284,260,244,250,241,260,227,240,218,198,188,175,160,179,153,169,147,121,163,134,126,143,103,108,74,85,86,85,83,64,65,50,54,54,54,31,49,44,35,37,28,26,33,16,32,26,17,16,26,16,19,10,10,11,10,6,9,6,4,4,5,3,3,6,6,1,7,2,3,2,0,5,1,4,1,2,0,2,0,2,0,2,0,0,0,0,2,0,0,0,0,0,0,0,1,0,0,0,0,0,0,0,0,0,0,0,0,0,0,0,0
2,2,6,5,2,0,3,3,5,4,6,16,11,15,6,8,10,19,22,31,41,32,33,25,47,57,56,38,83,54,91,66,79,125,104,97,129,140,157,153,203,206,189,212,230,223,255,240,260,312,320,278,290,343,375,299,325,360,323,386,396,416,358,406,394,366,412,437,424,418,426,433,401,390,399,368,368,366,304,332,319,339,312,309,332,318,320,285,282,287,255,241,222,241,237,206,214,200,221,184,187,181,144,152,142,151,141,136,128,120,111,127,99,85,79,90,62,76,79,72,65,44,53,39,36,34,36,42,27,31,30,28,32,32,27,17,7,13,15,17,11,13,7,7,12,6,7,10,5,7,5,0,2,5,3,4,1,2,2,0,2,2,0,2,1,1,2,0,1,1,0,0,1,0,1,1,0,0,1,0,0,0,0,0,0,0,0,0,0,0,0,0,0,0,0,0,0,0,0,0
1,1,1,4,2,6,3,7,7,5,2,8,9,12,5,10,18,19,21,23,34,33,14,32,50,57,33,60,73,57,83,61,82,123,119,103,139,134,140,175,187,179,184,205,226,195,261,251,270,324,284,257,296,353,332,347,352,393,341,418,374,400,352,379,415,396,359,414,416,440,387,402,415,387,389,343,363,379,333,332,299,335,304,297,323,310,290,273,262,297,231,255,243,230,230,211,191,176,204,145,180,143,154,150,133,142,117,137,133,104,126,100,109,89,64,79,80,78,67,67,60,49,55,38,44,42,36,33,35,29,25,25,31,18,26,12,8,20,19,14,15,14,10,7,8,4,4,9,5,9,5,5,9,9,0,3,1,4,3,0,4,0,2,2,0,2,0,0,0,2,0,0,0,0,0,0,0,0,1,0,0,0,0,0,0,0,0,0,0,0,0,0,0,0,0,0,0,0,0,0
3,0,1,1,2,3,5,3,7,5,5,14,12,2,4,8,14,20,16,37,43,31,36,33,50,50,42,54,52,54,73,64,85,104,117,87,119,129,141,188,193,189,203,197,178,206,265,227,273,268,287,261,288,346,371,305,329,371,315,377,369,397,304,373,376,411,406,353,374,417,383,404,380,341,352,349,343,360,326,326,300,360,269,340,313,314,256,291,260,245,238,225,250,235,194,182,181,174,176,187,168,141,157,138,152,105,110,126,111,107,90,89,115,84,83,78,67,64,59,58,59,51,40,31,34,38,33,31,27,39,23,20,34,25,22,11,17,25,14,14,10,11,9,8,9,10,1,6,4,3,8,4,5,8,5,3,2,4,2,2,1,0,3,1,3,0,2,0,0,0,0,0,0,0,1,0,0,0,0,0,0,0,0,0,0,0,0,0,1,0,0,0,0,0,0,0,0,0,0,0
2,2,4,5,2,6,4,5,6,5,8,7,8,9,7,8,16,21,25,36,43,26,32,36,32,45,45,56,66,76,82,54,78,102,107,89,122,120,139,184,184,167,191,210,191,187,228,237,262,270,264,267,283,292,333,322,307,347,335,396,379,390,373,363,377,378,374,370,368,381,355,400,391,381,349,355,331,325,328,311,316,329,296,342,282,257,267,248,251,279,224,223,235,233,220,202,203,176,190,169,173,153,155,144,130,128,114,137,119,94,114,77,119,88,79,61,66,59,54,71,63,35,38,43,43,44,27,30,21,30,26,23,28,28,20,15,10,12,15,10,11,7,7,5,9,10,6,6,4,5,2,5,4,4,1,1,0,2,2,1,5,2,3,1,0,1,2,1,1,0,0,0,0,0,0,0,0,0,0,0,0,0,0,0,0,0,0,0,1,0,0,0,0,0,0,0,0,0,0,0
1,1,3,4,4,5,8,12,4,2,5,12,16,14,9,5,23,25,18,21,47,36,31,24,45,52,38,55,67,63,86,53,73,104,104,87,139,129,132,162,199,150,184,195,212,212,219,221,266,286,265,246,240,293,311,356,266,326,312,373,356,385,344,380,345,345,353,367,362,372,339,370,356,373,360,295,313,338,320,307,262,303,262,328,300,283,306,264,262,246,229,235,230,214,187,197,183,169,173,131,170,152,150,124,122,107,105,121,93,101,98,105,99,83,68,59,62,71,59,51,53,45,42,47,33,38,37,24,22,24,28,21,25,21,10,19,12,14,16,19,13,10,8,2,5,10,6,3,1,4,3,6,6,5,0,3,0,1,3,0,6,0,0,1,1,2,2,0,1,1,0,0,0,1,0,0,0,0,0,0,0,0,0,1,0,0,0,0,0,0,0,0,0,0,0,0,0,0,0,0
2,2,2,5,2,2,3,2,6,4,6,9,20,11,12,8,9,12,14,29,50,28,23,35,39,55,31,44,63,53,81,42,88,99,115,118,107,137,126,156,195,162,183,214,186,204,221,217,239,260,265,244,261,302,315,299,284,344,266,342,347,359,342,347,352,348,337,385,380,360,393,406,356,346,322,363,293,335,290,321,280,300,273,285,298,249,255,257,235,230,182,229,200,227,237,178,181,174,169,157,164,144,154,140,126,127,109,124,106,95,95,91,91,79,70,60,58,64,59,56,46,41,37,40,27,31,28,28,25,31,21,21,36,14,24,9,14,20,15,20,9,7,4,4,8,3,2,7,3,2,3,4,3,4,1,1,2,2,0,0,1,1,1,2,1,1,0,0,1,0,0,0,0,0,0,0,0,0,0,0,0,0,0,0,0,0,0,0,0,0,0,0,0,0,0,0,0,0,0,0
1,3,1,3,3,5,3,3,4,4,14,15,14,9,4,7,11,17,14,23,39,32,23,33,52,56,37,42,60,49,65,57,95,102,106,93,123,127,143,163,159,170,224,207,185,190,238,234,265,259,270,242,249,275,327,292,273,344,261,331,346,380,337,343,316,339,355,319,307,376,339,351,305,365,313,314,299,308,294,325,276,284,258,278,283,238,273,215,213,241,207,193,190,213,208,171,162,174,176,138,172,129,131,117,121,108,95,100,107,64,78,71,93,68,74,57,59,70,44,56,60,38,40,41,29,39,21,19,31,30,30,21,21,22,15,16,14,19,15,14,11,11,10,9,4,9,3,7,1,7,4,6,6,1,0,2,3,0,0,0,3,0,0,0,1,2,4,0,0,1,0,0,0,0,0,0,0,0,0,0,0,0,0,0,0,0,0,0,0,0,0,0,0,0,0,0,0,0,0,0
1,0,2,3,1,1,4,1,2,2,4,8,15,4,15,6,10,28,11,24,38,27,29,27,36,47,36,43,57,38,70,73,68,101,97,97,109,120,118,156,184,160,181,162,190,185,206,209,229,230,273,214,264,262,332,293,282,322,273,364,365,340,334,356,343,352,342,346,337,329,316,339,311,346,311,313,267,301,308,284,262,296,252,254,273,274,273,229,203,244,209,212,195,189,182,147,176,158,177,151,131,123,145,125,106,92,97,93,101,77,93,70,76,68,54,63,53,43,57,55,48,42,43,32,38,39,21,29,31,22,18,18,9,17,19,17,11,16,13,8,11,9,11,7,7,6,5,6,3,1,2,1,5,3,1,4,1,2,3,1,1,2,1,1,0,1,0,0,0,3,1,0,0,0,0,1,0,0,0,0,0,0,0,2,0,0,0,0,0,0,0,0,0,0,0,0,0,0,0,0
3,3,2,3,1,2,9,6,4,3,9,9,11,3,8,7,11,16,15,21,32,30,32,31,47,57,31,52,55,51,69,49,88,111,101,77,108,113,132,146,165,148,179,162,182,171,206,232,235,252,257,216,255,288,286,272,293,311,254,315,356,333,343,358,301,337,306,325,357,329,309,353,349,311,329,296,290,300,277,269,303,264,260,258,287,258,224,234,222,229,220,206,213,197,170,145,173,138,154,143,149,121,131,110,94,102,75,96,104,82,95,75,74,72,65,59,43,54,36,60,42,41,32,42,36,40,33,26,15,19,15,19,26,17,16,10,16,18,13,13,8,8,3,2,5,6,6,8,3,3,1,4,6,2,2,2,2,2,2,0,4,0,3,1,1,0,0,0,2,0,0,0,0,0,1,3,0,0,0,0,0,0,0,0,2,0,0,0,0,0,0,0,0,0,0,0,0,0,0,0
3,1,3,3,4,2,4,4,7,1,11,10,13,4,8,5,13,22,17,30,45,26,34,30,34,40,40,40,73,44,65,51,67,85,97,69,109,114,113,137,160,163,161,205,188,160,195,202,217,251,243,224,234,246,326,263,283,305,240,326,337,339,294,310,306,318,324,319,323,359,355,372,330,276,326,285,280,296,263,270,254,248,230,268,234,256,223,218,209,220,184,169,175,169,170,162,171,128,161,113,126,120,115,117,95,96,97,98,94,92,84,75,90,62,50,58,50,48,46,50,46,34,47,33,31,29,26,25,24,33,20,15,12,20,18,8,14,11,16,16,10,5,5,6,7,4,10,3,4,6,3,0,6,5,1,1,2,5,2,0,5,0,0,0,0,0,1,1,1,1,0,0,0,0,1,0,0,0,1,0,0,0,0,0,0,0,0,0,0,0,0,0,0,0,0,0,0,0,0,0
2,2,3,2,3,6,2,7,4,6,6,15,8,10,8,9,7,15,19,28,32,30,35,22,38,40,32,35,75,46,65,68,73,104,80,87,117,96,121,128,156,151,168,175,187,191,192,180,232,255,247,202,199,257,278,270,258,327,268,324,316,348,290,317,296,308,320,342,265,330,294,354,310,327,284,322,263,297,233,262,260,249,214,249,267,234,213,225,197,248,190,188,179,181,177,131,155,157,138,122,140,130,106,114,114,90,102,111,78,58,78,72,76,66,63,43,49,53,53,47,38,41,32,41,26,25,23,22,32,23,21,11,19,18,21,9,7,17,13,10,12,6,5,3,5,4,6,6,4,8,4,3,1,1,3,0,3,1,0,0,5,0,1,0,0,0,2,0,0,1,0,0,2,1,0,0,0,0,0,0,0,0,0,0,1,0,0,0,0,0,0,0,0,0,0,0,0,0,0,0
1,3,2,4,3,3,4,6,4,5,10,7,10,9,6,8,7,17,15,29,30,28,24,24,41,59,36,37,71,46,58,57,65,87,84,95,94,111,119,161,141,136,155,190,179,173,163,184,245,256,246,214,200,267,283,271,277,308,252,303,325,343,283,310,289,312,286,282,295,289,278,340,318,290,307,274,255,273,244,250,262,275,209,242,212,222,259,208,201,251,179,170,158,187,159,135,160,137,156,129,156,121,125,94,93,105,95,93,104,57,95,82,73,67,61,50,51,62,38,44,37,36,33,18,27,37,24,29,29,26,30,13,19,10,16,8,7,15,14,12,7,9,4,5,4,8,1,6,5,5,4,1,4,2,2,4,1,1,1,1,1,0,1,0,0,1,0,1,2,0,0,0,0,0,0,0,0,0,0,0,0,0,0,0,0,0,0,0,0,0,0,0,0,0,0,0,0,0,0,0
2,2,1,2,1,6,5,3,4,5,7,12,9,12,8,4,8,20,8,19,31,16,25,27,29,37,37,37,60,36,73,52,68,97,106,62,106,121,114,143,141,147,158,176,166,167,187,201,201,233,224,211,230,249,261,259,246,276,265,287,317,272,260,278,308,302,289,311,276,300,303,306,287,333,267,260,254,276,243,228,237,241,225,248,253,226,214,213,177,194,197,195,181,139,162,156,128,120,139,133,125,111,108,89,85,93,63,96,88,92,78,84,56,55,49,41,59,57,35,48,34,31,32,32,26,24,20,24,25,19,21,14,31,18,14,5,7,10,16,14,8,6,9,1,13,5,3,3,7,5,1,1,4,6,1,4,1,0,1,0,1,2,2,2,0,0,1,1,0,2,0,0,0,0,0,0,0,0,1,0,0,0,0,0,0,0,0,0,0,0,0,0,0,0,0,0,0,0,0,0
2,1,2,2,2,3,6,7,7,1,10,15,8,6,10,14,18,16,15,35,35,25,27,26,25,41,32,43,60,32,66,56,69,88,82,69,99,110,87,153,128,136,154,177,159,164,163,166,219,252,221,191,246,227,251,252,259,262,274,281,299,297,286,273,262,273,310,277,293,334,293,330,268,278,274,247,254,232,223,238,244,233,191,221,231,208,215,172,187,181,173,150,157,153,146,134,152,143,146,91,121,121,106,122,101,95,83,70,84,70,70,66,60,56,63,40,46,58,37,44,38,28,39,26,20,28,21,31,18,21,15,14,20,16,14,15,10,8,17,10,9,8,4,6,3,8,4,6,1,2,1,1,3,7,1,4,1,1,0,0,5,0,2,1,1,1,1,0,0,0,0,0,0,0,0,0,0,0,3,0,0,0,0,1,0,0,0,0,0,0,0,0,0,0,0,0,0,0,0,0
0,2,1,6,1,3,2,4,5,2,7,7,8,8,4,10,11,17,18,38,36,27,33,16,43,39,25,39,61,46,58,43,72,97,87,83,92,102,116,121,153,144,146,175,160,152,184,164,216,206,245,217,214,247,237,304,266,264,235,307,276,336,280,256,273,265,255,291,269,313,280,278,290,274,286,230,266,252,228,224,254,227,195,214,221,197,184,186,174,205,179,155,158,168,135,132,127,115,123,93,114,87,112,89,89,95,94,103,78,74,79,69,60,53,56,44,36,34,39,41,47,30,25,27,27,22,22,27,21,20,14,12,21,15,13,10,6,14,9,11,5,3,3,2,6,4,3,3,2,4,3,4,7,4,0,3,1,1,0,0,0,0,1,0,1,0,0,1,1,1,0,0,0,0,0,1,0,0,0,0,0,0,0,1,0,0,0,0,1,0,0,0,0,0,0,0,0,0,0,0
1,2,1,3,2,4,6,4,4,0,5,5,14,3,1,8,13,16,18,35,35,30,22,27,33,30,43,33,56,46,68,51,75,77,72,68,100,103,104,118,144,134,151,155,172,146,193,181,207,242,222,188,197,239,225,241,238,280,222,276,266,283,250,275,267,272,266,289,264,288,263,290,265,236,235,259,265,215,208,226,205,215,206,211,236,182,180,200,178,178,142,170,147,139,158,140,125,151,131,91,112,91,102,117,81,77,60,70,79,70,82,68,69,50,48,50,36,42,32,41,40,34,22,21,23,26,19,25,17,21,24,17,19,12,17,13,6,11,14,15,6,1,1,2,6,2,5,4,1,4,3,3,3,4,1,1,2,2,1,1,4,0,1,0,1,0,1,0,1,0,0,0,0,0,0,0,0,0,0,0,0,0,0,0,0,0,0,0,0,0,0,0,0,0,0,0,0,0,0,0
0,0,2,3,2,6,1,6,3,4,5,9,5,5,5,1,14,14,11,23,25,28,35,24,32,47,43,28,65,37,49,57,71,91,69,78,105,82,114,138,140,145,174,152,152,171,173,174,201,218,208,176,198,225,234,236,226,227,270,243,245,280,242,254,300,234,277,262,267,279,258,286,249,270,249,233,237,246,205,249,208,223,209,209,192,170,205,171,158,176,145,166,126,132,143,122,123,112,126,79,108,116,104,86,81,85,67,62,81,74,76,60,63,49,43,55,48,47,38,33,45,32,22,16,24,25,14,16,23,26,11,10,17,13,11,17,9,7,12,2,8,10,4,7,3,7,2,2,1,5,3,2,4,1,1,0,0,3,2,0,2,1,1,0,3,0,0,0,0,0,1,0,0,0,0,0,0,0,0,0,0,0,0,0,0,0,0,0,0,0,0,0,0,0,0,0,0,0,0,0
1,1,1,4,2,4,4,6,4,2,9,7,7,4,6,8,11,21,9,20,36,24,21,27,34,44,28,49,50,37,57,56,59,70,73,74,100,98,90,122,165,131,160,145,152,142,186,194,173,215,205,191,190,211,246,247,218,240,211,280,268,305,235,264,259,265,225,240,257,281,250,273,253,247,233,239,252,220,218,211,208,212,189,187,178,187,202,195,163,184,139,160,154,140,150,111,117,106,114,120,94,109,85,81,75,82,80,83,75,65,61,88,53,41,33,36,31,46,37,44,32,30,26,32,22,24,15,27,14,15,10,15,21,16,18,7,6,13,13,12,3,7,3,3,7,3,5,2,2,2,2,4,3,1,3,1,1,3,1,1,2,1,0,1,1,0,1,0,1,0,0,0,0,0,0,0,0,0,0,0,0,0,0,0,0,0,0,0,0,0,0,0,0,0,0,0,0,0,0,0
0,2,1,4,1,3,2,1,1,6,4,6,3,3,8,11,9,11,17,23,27,25,23,22,35,36,32,41,54,45,46,49,61,68,65,65,99,88,106,132,121,133,131,152,158,152,188,151,167,198,205,169,209,209,252,199,228,252,181,274,281,254,258,250,236,252,264,273,264,260,228,265,268,225,221,199,253,232,221,217,215,185,167,174,190,170,180,173,149,169,162,158,129,141,140,114,141,116,113,101,96,95,71,84,91,78,81,75,71,66,74,45,63,38,42,33,40,42,34,31,39,30,27,21,18,21,23,20,20,14,16,11,6,8,15,13,4,15,7,13,6,3,8,5,3,5,6,6,4,4,6,0,2,5,2,1,0,2,0,0,2,0,0,0,0,0,0,0,0,0,0,0,0,0,1,0,0,0,0,0,0,0,0,0,0,0,0,0,0,0,0,0,0,0,0,0,0,0,0,0
0,4,3,3,2,2,2,2,4,3,7,5,6,8,6,3,12,20,10,33,34,20,25,18,31,40,32,29,51,30,54,47,55,75,80,77,85,93,90,108,130,131,127,148,152,162,166,176,202,201,202,172,173,197,217,213,225,243,200,232,276,245,233,250,252,245,246,278,251,256,234,269,226,266,226,218,217,208,210,209,195,188,191,195,179,219,158,169,161,155,131,153,106,125,131,124,106,98,117,111,94,75,82,81,80,76,67,78,48,60,51,62,54,68,50,37,37,53,28,33,32,26,23,12,19,22,20,16,16,18,16,11,13,10,13,7,8,8,5,10,6,8,5,6,3,2,2,5,1,6,4,2,3,2,3,2,2,0,0,0,1,1,2,0,0,0,1,0,2,1,0,0,1,0,1,0,0,0,0,0,0,0,0,0,0,0,0,0,1,0,0,0,0,0,0,0,0,0,0,0
1,1,1,3,1,3,3,4,4,2,10,8,7,4,8,6,7,15,20,23,38,27,21,26,33,39,26,36,46,37,40,43,56,67,89,68,92,105,86,120,107,117,119,142,157,168,173,150,175,207,201,205,173,238,202,219,221,257,220,255,249,270,248,258,239,259,234,233,239,252,229,206,219,219,233,217,231,226,183,200,219,189,138,187,170,187,188,173,132,139,128,124,122,130,139,116,103,109,125,101,84,88,100,72,69,68,72,74,66,53,67,50,50,51,47,33,37,33,31,43,27,24,25,20,15,21,18,15,13,19,8,16,16,16,9,7,5,8,4,11,5,7,3,4,4,1,3,5,2,1,2,2,2,5,3,0,1,1,0,0,1,0,0,0,2,0,2,0,0,2,0,0,0,0,0,1,0,0,0,0,0,0,0,0,0,0,0,0,0,0,0,0,0,0,0,0,0,0,0,0
1,1,2,3,1,3,8,1,5,2,5,8,6,11,7,5,8,6,16,21,15,22,19,22,36,37,22,37,41,35,70,48,62,72,64,71,77,79,88,119,132,112,123,146,132,117,150,172,183,200,195,172,182,211,206,197,197,210,187,271,236,245,204,236,254,247,282,238,216,210,216,237,227,241,239,208,194,207,191,180,189,194,196,178,201,175,162,186,145,139,124,146,135,150,128,93,118,83,115,86,95,88,89,84,69,60,73,77,62,53,51,54,63,53,41,46,33,41,26,27,21,21,23,26,16,16,3,21,13,13,16,14,12,9,8,8,7,9,10,13,5,3,4,5,2,4,4,4,4,1,1,3,2,6,3,2,2,0,1,0,4,0,1,2,0,0,0,1,1,0,1,0,0,1,0,0,0,0,0,0,0,0,0,0,0,0,0,0,0,0,0,0,0,0,0,0,0,0,0,0
0,0,2,4,3,3,2,5,5,5,3,16,8,13,5,5,11,18,15,26,24,23,29,24,27,35,24,29,55,40,36,34,53,68,71,56,88,100,81,118,106,107,120,119,133,123,139,161,186,173,176,171,170,176,211,194,205,242,208,216,248,258,215,224,253,239,238,213,226,235,232,220,228,189,186,210,165,175,182,187,171,162,172,171,184,185,147,154,133,173,109,118,138,105,114,111,111,101,107,87,86,68,85,78,57,64,60,67,68,65,57,44,50,41,41,35,33,32,30,35,36,30,22,22,17,20,21,20,11,19,21,14,22,14,8,7,7,10,4,2,2,6,8,4,3,5,3,2,4,2,4,2,4,5,3,1,2,0,0,1,1,1,0,0,0,0,0,0,2,0,0,0,0,0,1,0,0,0,0,0,0,0,0,1,0,0,0,0,0,0,0,0,0,0,0,0,0,0,0,0
0,0,5,2,2,7,1,7,1,3,3,7,7,9,5,7,9,8,12,19,27,18,20,25,32,38,24,38,58,33,57,44,59,66,72,74,77,85,79,101,110,132,124,138,138,129,121,139,184,185,172,151,190,198,202,213,222,240,177,199,226,258,226,234,234,196,200,222,224,215,207,231,180,215,208,203,183,193,162,177,175,175,184,185,157,151,135,142,135,146,114,122,115,130,115,100,120,105,105,82,101,73,72,79,56,59,62,61,47,47,48,47,58,49,46,35,32,24,28,35,35,20,27,25,18,20,13,16,8,12,16,8,14,17,11,6,10,9,10,8,6,4,6,2,5,2,5,1,1,3,0,5,7,1,0,1,0,1,2,0,0,0,0,1,1,0,2,0,1,0,0,0,0,0,0,0,0,0,0,0,0,0,0,0,0,0,0,0,0,0,0,0,0,0,0,0,0,0,0,0
0,2,2,5,4,6,1,4,3,2,6,7,8,6,10,9,14,13,13,19,15,22,20,29,39,40,32,38,43,43,69,39,54,77,55,66,75,71,87,115,123,106,119,127,144,130,154,151,171,178,161,158,170,167,205,188,207,210,188,209,240,249,193,223,243,218,205,230,231,214,214,227,198,194,194,190,158,152,176,157,207,190,162,156,164,131,146,161,134,150,129,125,134,106,107,97,83,89,88,85,83,75,69,62,52,59,62,73,59,50,48,41,65,40,38,33,26,48,23,30,35,23,24,19,11,20,17,19,25,9,14,10,15,19,19,9,5,9,8,13,6,8,5,9,5,4,2,4,2,5,3,5,3,1,0,2,0,1,1,0,0,1,0,0,0,0,1,0,0,0,0,0,0,0,0,0,0,0,0,0,0,0,0,0,0,0,0,0,1,0,0,0,0,0,0,0,0,0,0,0
3,0,0,4,1,1,3,5,4,2,2,7,8,6,5,7,6,11,17,24,20,22,13,18,33,38,29,27,50,38,47,37,57,78,56,71,79,85,104,113,120,113,102,138,116,158,139,130,151,199,171,166,171,167,234,193,179,235,187,223,210,206,213,235,230,210,239,198,192,235,218,214,186,200,203,193,184,173,165,178,157,172,165,162,177,136,120,132,118,141,113,108,121,101,114,99,89,104,105,61,86,68,66,66,57,52,50,60,53,53,53,58,64,37,34,36,31,29,30,29,25,19,29,18,16,19,21,11,15,8,12,8,16,8,11,4,6,10,11,7,1,6,5,4,5,2,5,4,2,0,1,1,5,1,2,2,1,0,0,1,1,0,0,1,1,2,0,0,0,0,0,0,1,0,0,0,0,0,0,0,0,0,0,0,0,0,0,0,0,0,0,0,0,0,0,0,0,0,0,0
0,1,1,1,1,3,5,1,11,1,7,2,10,4,6,6,8,19,12,18,40,18,20,19,27,27,20,25,59,33,35,42,51,65,68,60,84,71,80,117,100,101,110,127,114,142,148,144,160,183,155,142,173,171,191,191,189,193,199,215,229,230,203,187,200,219,192,217,194,216,205,222,186,206,210,161,182,185,177,164,160,162,133,143,158,156,145,137,114,129,95,126,118,94,115,84,108,84,103,73,91,74,75,72,63,55,58,59,57,41,51,55,42,24,29,40,29,35,21,29,30,17,15,24,12,15,12,14,17,13,14,7,13,8,7,6,6,8,4,5,5,7,4,9,5,1,3,1,2,2,1,1,2,4,1,1,0,0,0,3,0,0,0,0,0,0,1,1,0,0,0,0,0,0,0,1,0,0,0,0,0,0,0,0,0,0,0,0,0,0,0,0,0,0,0,0,0,0,0,0
1,1,2,1,0,5,7,1,9,4,8,6,7,7,4,10,8,8,9,25,18,19,17,16,18,39,25,32,45,23,52,31,41,81,52,57,75,69,76,93,122,110,116,137,136,128,149,147,146,202,153,132,170,183,202,157,200,204,178,199,212,199,193,193,220,202,235,209,202,193,178,199,182,207,192,179,187,159,175,153,152,175,153,124,142,132,146,109,121,131,109,117,104,98,81,74,89,68,84,71,59,70,54,57,54,58,59,60,51,38,47,41,50,37,33,24,31,41,21,31,20,22,21,14,16,11,12,19,5,9,14,9,18,6,8,8,11,10,5,8,3,10,6,2,3,6,4,4,3,1,1,3,5,2,1,1,2,1,0,0,0,0,0,0,1,0,0,1,1,0,0,0,1,1,0,0,0,0,1,0,0,0,0,0,1,0,0,0,0,0,0,0,0,0,0,0,0,0,0,0
2,0,3,3,3,1,3,6,5,3,2,5,10,5,10,7,4,16,10,13,23,21,11,19,31,20,30,22,34,37,46,41,47,63,77,62,71,72,77,102,101,97,119,137,112,118,128,137,138,175,189,136,148,170,200,165,161,182,164,212,182,199,184,199,204,183,196,196,213,192,190,204,192,179,176,171,187,175,141,148,146,140,152,134,122,138,134,128,115,111,141,99,92,92,89,75,87,93,89,76,101,58,74,64,66,50,56,52,45,41,45,46,47,43,34,34,27,26,19,32,30,19,15,10,16,17,13,13,8,12,9,12,14,7,8,10,5,6,10,11,6,7,6,4,5,2,2,3,3,4,0,0,2,1,0,1,0,0,0,1,0,0,0,0,0,2,0,1,0,0,0,0,0,0,0,0,0,0,0,0,0,0,0,0,0,0,0,0,0,0,0,0,0,0,0,0,0,0,0,0
0,0,0,4,1,2,3,2,4,0,6,6,10,2,7,5,9,18,8,14,27,13,18,12,36,33,27,32,55,35,36,33,50,58,48,57,75,82,84,92,114,93,115,122,109,103,128,101,140,152,185,129,143,165,197,165,152,185,154,196,198,211,183,214,198,188,190,188,171,169,209,186,173,178,173,161,160,160,143,129,143,148,116,131,127,125,138,106,109,137,115,91,100,115,94,72,76,90,76,77,67,41,67,69,48,55,58,45,55,61,52,57,45,35,27,28,28,27,23,23,24,20,23,16,21,16,19,14,19,8,15,13,11,8,6,10,6,11,10,10,1,0,4,4,3,2,2,2,1,3,1,1,1,4,2,2,0,2,0,0,0,0,0,0,0,1,1,0,0,0,0,0,0,0,1,0,0,0,0,0,0,0,0,0,0,0,0,0,0,0,0,0,0,0,0,0,0,0,0,0
2,1,2,6,2,2,0,1,3,3,4,6,7,6,2,6,5,15,11,22,26,24,15,19,22,33,26,30,44,34,41,40,46,65,67,72,64,64,74,78,83,110,94,113,105,126,125,131,129,158,163,132,157,168,170,169,166,171,161,167,189,226,174,225,183,179,190,187,192,184,161,153,174,187,189,171,161,163,160,126,131,157,122,147,148,136,114,130,104,114,96,107,105,106,100,74,89,60,75,73,69,59,63,65,60,46,39,45,49,36,36,50,33,32,31,27,27,34,26,36,17,20,15,19,10,15,17,9,8,11,12,14,7,9,8,4,3,6,6,4,3,0,3,0,2,1,2,3,1,6,1,1,1,4,0,1,0,0,0,1,1,1,0,1,0,0,0,0,0,0,0,0,0,1,0,0,0,0,0,0,0,0,0,0,0,0,0,0,1,0,0,0,0,0,0,0,0,0,0,0
2,1,3,2,1,0,1,3,5,0,5,8,5,5,6,4,6,13,11,18,25,18,12,17,28,28,24,19,55,23,43,40,61,66,51,60,55,82,69,105,86,91,100,113,105,112,146,122,132,169,154,131,139,168,172,141,168,188,158,188,208,157,185,169,182,165,193,190,142,171,164,189,158,167,155,157,158,144,152,132,115,136,119,132,130,136,153,122,110,122,112,95,102,64,87,88,75,91,79,72,74,62,61,54,45,47,39,43,37,39,45,52,45,28,28,25,31,34,17,23,25,22,23,13,16,9,21,14,10,11,10,17,10,9,8,6,7,9,14,3,4,3,4,2,5,1,1,4,2,2,0,0,4,1,0,0,2,3,1,0,0,2,0,0,1,0,1,0,0,0,0,0,0,0,0,0,0,0,0,0,0,0,0,1,0,0,0,0,0,0,0,0,0,0,0,0,0,0,0,0
0,1,2,1,4,3,1,3,5,3,3,7,2,8,4,5,6,12,12,10,17,19,20,19,32,33,20,30,41,33,44,38,36,53,76,55,61,69,71,89,95,101,96,116,106,90,134,127,115,153,150,128,144,154,181,131,159,175,153,187,188,186,153,166,181,164,181,166,184,174,162,141,160,183,168,145,147,161,135,156,139,117,127,105,116,132,120,117,114,105,89,88,86,100,99,101,87,66,67,53,79,67,69,60,56,39,44,53,35,39,38,42,27,31,35,20,24,27,18,22,17,14,13,14,13,16,9,10,18,10,10,6,13,5,9,2,2,6,1,3,3,0,5,4,3,2,3,6,0,5,1,1,2,3,2,1,1,0,0,0,0,1,1,0,0,0,0,0,0,0,0,0,0,0,0,0,0,0,0,0,0,0,0,0,0,0,0,0,0,0,0,0,0,0,0,0,0,0,0,0
0,0,0,4,2,3,4,1,3,0,7,4,9,2,0,4,12,21,10,16,19,20,7,17,30,26,17,31,36,26,41,42,56,59,66,39,62,69,75,99,98,82,106,107,125,102,121,130,125,136,141,149,136,162,173,144,158,186,157,184,197,154,170,182,188,178,176,158,163,190,169,171,145,157,173,143,130,163,128,122,133,127,127,126,118,111,115,115,115,131,91,102,87,95,101,79,88,64,69,51,72,59,60,51,49,57,46,38,36,35,40,29,39,24,22,30,27,27,23,20,17,23,14,17,13,15,12,14,8,10,9,8,11,5,12,6,10,7,6,6,7,6,3,1,3,3,2,0,2,0,3,0,2,1,1,0,0,1,2,1,1,1,0,0,0,0,1,1,0,1,0,0,0,0,0,0,0,0,0,0,0,0,0,1,0,0,0,0,1,0,0,0,0,0,0,0,0,0,0,0
1,1,1,0,3,5,3,0,2,4,4,3,6,1,2,5,9,13,10,22,18,19,23,15,31,30,27,39,35,16,31,36,42,32,57,41,61,51,76,77,99,83,85,114,99,86,110,112,119,140,139,138,126,176,137,148,165,181,122,173,165,194,163,130,200,165,159,148,163,163,160,167,150,135,138,173,151,138,126,118,104,104,121,122,118,134,107,101,88,109,78,78,84,69,67,75,81,57,62,63,61,55,52,63,45,47,43,52,44,43,29,34,37,35,36,22,22,26,25,19,23,11,18,20,16,11,16,10,7,13,12,4,11,9,8,5,6,4,11,2,2,5,2,2,5,0,3,2,4,2,3,3,3,2,1,1,0,1,0,0,4,0,0,0,2,0,0,0,1,1,0,0,0,0,0,0,0,0,0,0,0,0,0,0,0,0,0,0,0,0,0,0,0,0,0,0,0,0,0,0
1,0,1,1,2,1,5,5,4,4,2,8,7,3,5,3,4,6,11,15,28,12,13,20,21,33,24,23,38,28,33,25,34,59,66,68,68,62,55,91,92,84,102,105,103,107,102,116,137,151,128,125,142,139,169,141,165,158,145,166,165,167,179,150,151,153,161,164,143,146,139,161,144,137,156,131,121,156,127,125,115,136,104,128,103,120,118,99,86,97,96,100,82,84,100,59,60,59,62,52,60,64,43,61,34,39,44,41,37,29,36,33,30,32,27,28,19,21,13,29,21,22,18,15,14,18,9,9,6,10,10,6,12,9,9,6,4,2,3,6,4,4,3,1,4,2,3,1,1,3,0,3,2,4,1,1,0,1,0,0,1,0,1,0,0,0,0,0,0,0,0,0,0,0,0,1,0,0,0,0,0,0,0,0,0,0,0,0,0,0,0,0,0,0,0,0,0,0,0,0
2,1,2,3,0,4,2,2,2,3,2,8,3,3,7,1,7,17,9,31,22,22,12,16,19,33,17,26,36,33,57,45,38,60,58,50,47,58,76,85,97,79,86,96,91,97,127,132,130,143,116,137,122,124,157,146,140,160,129,179,152,169,158,158,147,157,157,170,155,165,145,151,131,156,144,138,134,146,93,134,119,96,122,131,123,112,90,107,79,98,105,84,76,86,70,61,75,69,78,47,61,42,54,42,39,44,42,38,29,26,47,24,39,18,36,28,25,22,18,24,19,14,12,15,16,14,7,12,8,11,4,8,7,8,9,2,3,9,8,2,2,2,2,2,3,1,4,2,2,1,0,1,2,3,0,1,2,0,1,0,1,0,0,1,0,0,2,0,0,0,0,0,0,0,0,0,0,0,0,0,0,0,0,0,0,0,0,0,0,0,0,0,0,0,0,0,0,0,0,0
0,0,0,4,1,0,0,1,4,5,5,7,6,7,6,1,4,9,3,17,21,22,12,18,27,29,23,21,53,29,38,25,33,55,54,49,52,57,56,81,90,81,109,94,94,92,106,108,116,135,116,123,113,129,132,125,154,155,112,161,166,176,133,156,139,158,170,158,157,167,144,147,135,144,130,124,122,128,128,117,115,97,119,114,116,90,92,114,94,80,79,81,97,83,74,71,71,57,55,51,50,46,53,53,50,34,37,37,45,32,52,31,33,36,32,22,22,26,18,29,10,15,14,13,12,15,12,10,8,7,10,8,7,5,8,3,4,4,5,2,8,4,3,1,8,3,4,0,0,0,1,2,4,1,1,4,0,2,0,0,1,0,0,0,0,0,0,0,0,0,0,0,0,0,1,0,0,0,0,0,0,0,0,0,0,0,0,0,0,0,0,0,0,0,0,0,0,0,0,0
1,1,1,2,0,1,4,2,3,0,2,8,6,4,5,4,7,8,13,16,15,19,6,11,23,21,14,22,25,23,41,31,37,44,67,38,64,59,64,70,73,94,87,106,88,98,98,101,127,145,124,117,133,138,127,144,126,162,122,160,175,175,145,163,169,159,150,160,123,153,129,163,135,135,134,121,134,123,115,119,117,104,89,101,126,111,106,90,71,96,77,89,71,82,75,57,66,49,58,35,54,56,49,52,50,31,37,48,45,27,39,27,26,25,33,24,15,22,23,12,20,19,15,21,13,11,6,10,10,6,5,5,12,15,6,9,3,7,7,5,5,1,4,3,2,2,4,3,3,4,0,1,2,1,0,1,1,1,0,1,1,1,0,0,1,0,0,0,0,0,0,0,0,0,0,1,0,0,0,0,0,0,0,0,0,0,0,0,0,0,0,0,0,0,0,0,0,0,0,0
0,0,0,1,1,4,2,1,0,3,4,3,6,6,4,4,6,13,12,12,25,9,10,12,18,22,18,33,42,23,46,35,47,43,60,44,51,66,53,64,105,84,102,105,98,82,129,99,119,124,139,119,108,139,145,131,124,151,125,143,138,155,117,159,166,161,144,156,133,117,149,134,136,126,130,128,121,136,122,93,108,114,94,102,102,104,94,102,66,85,62,81,73,65,50,53,59,66,82,49,45,46,40,46,35,35,35,40,52,40,40,21,45,29,20,19,22,22,16,12,22,18,11,14,9,9,8,13,6,6,3,5,7,7,5,5,9,2,7,4,2,1,2,3,5,3,3,2,1,1,3,0,1,2,1,0,0,0,1,1,1,0,0,1,0,0,0,0,1,1,0,0,0,0,0,0,0,0,0,0,0,0,0,0,0,0,0,0,0,0,0,0,0,0,0,0,0,0,0,0
0,0,4,2,4,3,2,0,2,2,7,5,5,2,2,1,8,11,8,8,15,8,23,17,22,29,22,21,36,23,31,25,45,46,48,46,54,49,55,80,89,84,95,99,97,113,106,100,113,121,124,129,124,130,137,145,134,141,132,165,148,164,135,145,139,160,150,155,133,127,150,128,133,117,146,107,117,117,108,110,108,120,93,100,107,93,98,93,91,64,66,65,69,76,66,60,70,52,62,47,59,52,46,49,35,38,41,44,22,28,37,21,21,26,28,18,16,20,15,14,22,13,14,12,12,15,10,10,7,17,5,4,3,8,11,6,10,5,5,2,2,1,4,1,1,1,4,2,3,2,3,0,1,3,2,0,2,2,0,0,1,1,0,1,1,0,0,0,1,0,0,0,0,0,0,0,0,0,1,0,0,0,0,0,0,0,0,0,0,0,0,0,0,0,0,0,0,0,0,0
0,0,1,4,0,5,4,1,3,0,4,5,4,3,4,5,3,8,5,12,13,15,15,19,18,30,22,24,34,17,27,23,41,50,45,50,78,69,59,76,84,66,86,93,81,87,101,85,110,122,134,111,96,140,126,103,119,128,112,154,140,161,148,132,144,130,149,139,145,158,110,119,129,117,133,101,122,129,116,101,87,95,99,102,109,92,83,91,69,88,91,70,66,68,81,70,58,44,57,44,41,48,56,41,37,39,28,38,29,20,36,21,29,23,18,20,14,33,13,24,14,14,14,5,15,8,15,10,10,14,6,11,10,5,9,1,5,11,2,6,1,5,3,3,0,0,0,1,3,1,2,1,3,2,0,1,0,1,1,1,0,1,1,1,0,0,1,0,0,0,0,0,0,0,0,0,0,0,0,0,0,0,0,0,0,0,0,0,0,0,0,0,0,0,0,0,0,0,0,0
0,1,0,4,1,2,5,3,1,1,4,6,10,6,5,4,5,16,9,19,24,12,13,13,16,24,14,25,29,20,36,24,48,48,49,50,58,42,51,81,86,80,91,85,92,96,91,82,116,109,118,104,115,112,136,113,125,129,113,152,153,131,106,151,148,129,134,132,128,130,121,129,135,120,143,120,110,113,100,107,108,97,90,96,114,98,67,80,75,93,72,75,63,65,57,51,56,32,55,32,46,52,50,30,37,24,35,37,29,27,21,20,28,20,23,25,22,26,12,21,20,13,11,13,9,13,11,11,4,2,15,5,8,4,5,3,7,3,2,4,2,3,4,4,1,1,1,0,1,0,0,1,1,1,0,0,1,0,1,0,0,1,2,0,0,2,0,0,0,0,0,0,0,0,0,1,0,0,0,0,0,0,0,0,0,0,0,0,0,0,0,0,0,0,0,0,0,0,0,0
2,0,0,2,2,2,2,2,4,3,2,6,4,1,2,3,6,8,7,21,16,16,21,10,13,22,27,18,27,29,43,31,37,46,43,44,64,52,50,81,67,82,82,90,84,106,85,91,94,105,140,104,127,95,157,111,132,133,127,131,134,127,123,163,136,152,135,132,137,119,122,129,143,116,134,105,102,115,100,98,102,102,89,93,105,90,92,84,64,93,64,67,62,65,69,54,48,50,68,53,44,44,36,41,32,23,32,38,32,31,20,32,19,18,17,21,13,14,16,17,11,15,10,16,8,16,16,5,9,8,4,9,10,6,5,3,5,5,5,7,2,2,3,0,0,4,1,0,3,0,0,1,0,0,1,0,0,0,0,0,2,1,0,2,0,0,0,0,0,1,0,0,0,0,0,1,0,0,0,0,0,0,0,0,0,0,0,0,0,0,0,0,0,0,0,0,0,0,0,0
0,0,2,3,1,3,3,1,3,2,5,7,7,2,6,1,6,10,7,13,14,10,11,14,14,20,24,11,30,23,30,30,32,56,49,35,40,51,52,70,95,65,78,86,89,77,102,85,109,102,103,106,94,114,133,120,131,134,121,131,140,147,121,122,123,127,138,109,161,116,97,108,140,137,102,112,124,139,80,97,113,105,70,99,93,82,82,91,68,69,69,59,68,51,42,46,48,51,52,51,28,45,41,41,43,32,49,28,23,28,24,21,25,20,21,21,16,19,10,14,16,9,13,5,10,11,4,9,12,9,8,9,8,7,3,5,5,4,5,3,2,4,3,2,2,1,4,1,0,1,0,0,5,2,0,3,1,0,0,0,1,1,1,0,0,1,0,0,0,0,0,0,0,0,0,0,0,0,0,0,0,0,0,2,0,0,0,0,0,0,0,0,0,0,0,0,0,0,0,0
0,2,2,3,1,4,3,0,1,1,2,6,6,7,1,10,5,8,6,11,15,17,12,14,14,26,18,20,37,29,36,25,39,50,44,43,56,51,53,75,63,57,77,84,78,64,94,78,89,94,136,104,87,99,146,134,105,145,114,135,143,120,120,123,113,128,138,124,115,112,126,116,94,127,144,119,117,114,98,88,97,91,80,80,84,92,79,76,79,64,70,75,70,61,59,46,58,45,50,38,55,39,46,41,34,35,41,36,29,36,26,23,22,26,19,9,28,11,19,20,12,10,9,9,12,9,8,13,7,7,6,9,6,2,4,3,5,5,2,8,6,7,2,2,1,3,0,0,0,1,1,2,1,1,0,2,1,0,1,0,0,0,1,0,1,0,2,0,1,0,0,0,0,1,0,0,0,0,0,0,0,0,0,0,0,0,0,0,0,0,0,0,0,0,0,0,0,0,0,0
0,0,0,3,2,5,4,1,1,2,2,3,5,4,1,3,5,11,6,17,17,11,5,13,13,38,12,18,29,25,26,29,36,44,37,49,50,60,52,63,69,66,73,99,80,81,82,106,98,96,127,96,100,106,131,104,111,115,104,139,109,133,116,160,136,125,116,122,101,133,105,111,105,94,98,105,121,67,89,92,97,109,82,78,92,83,82,78,76,80,64,61,59,50,64,51,38,44,51,52,57,32,44,37,38,25,24,32,31,29,30,28,32,23,24,19,22,22,11,15,8,16,11,10,7,8,15,8,8,5,4,5,2,6,9,3,5,5,4,8,3,2,2,1,1,5,0,3,2,2,0,4,3,1,1,2,0,0,0,0,0,0,0,0,0,1,0,0,0,0,0,0,0,0,0,0,0,0,0,0,0,0,0,1,0,0,0,0,0,0,0,0,0,0,0,0,0,0,0,0
0,2,0,1,1,2,1,1,0,0,2,10,7,2,0,0,6,8,5,11,17,15,12,13,18,33,17,15,23,16,27,24,26,34,30,33,49,60,50,69,66,70,75,67,70,75,89,90,103,115,108,86,101,101,115,133,89,114,97,125,113,135,113,91,119,127,132,119,100,127,101,106,109,89,98,103,86,91,96,89,82,97,75,81,86,87,73,66,75,61,60,75,59,47,64,34,57,52,50,43,41,34,34,39,33,36,29,33,32,19,18,33,20,18,21,13,16,23,14,12,15,11,13,12,13,6,4,5,4,8,6,8,6,9,7,7,6,3,6,8,2,5,1,2,1,3,0,1,3,0,1,2,0,2,0,0,0,0,0,1,1,0,0,0,0,1,1,0,0,0,0,0,0,0,0,0,0,0,0,0,0,0,0,1,0,0,0,0,0,0,0,0,0,0,0,0,0,0,0,0
0,0,1,1,1,3,1,0,3,1,1,7,6,0,3,5,5,9,10,16,21,9,11,16,24,20,9,20,30,24,35,20,31,38,34,41,53,50,70,57,62,59,86,83,79,64,87,90,93,93,83,106,98,115,111,90,92,144,86,122,106,148,96,105,129,123,131,95,99,100,98,115,107,104,96,103,82,89,79,88,95,93,70,89,87,75,66,62,52,65,58,55,60,45,61,48,49,40,30,38,54,36,37,47,24,28,23,30,22,37,20,20,21,16,22,11,15,15,21,14,16,8,5,10,10,11,11,9,7,3,5,8,8,8,5,5,8,6,1,5,2,3,2,0,3,1,4,1,0,2,0,0,2,1,1,0,0,0,1,0,1,0,1,0,0,0,1,0,0,0,0,0,0,0,0,0,0,0,0,0,0,0,0,0,0,0,0,0,0,0,0,0,0,0,0,0,0,0,0,0
1,1,2,2,1,2,1,1,2,0,4,8,5,2,0,1,6,6,6,9,9,15,7,8,16,12,19,22,27,19,39,21,32,28,40,50,62,52,62,58,62,64,55,67,69,57,89,71,78,96,93,82,95,104,126,93,105,115,84,124,115,143,126,94,123,116,107,103,111,99,106,100,94,101,112,100,80,103,100,86,70,75,65,71,74,71,84,63,55,60,68,57,46,57,43,50,53,42,55,40,33,47,27,38,29,25,27,16,32,13,20,23,25,24,17,16,14,18,15,17,15,11,10,4,4,6,8,5,5,11,7,4,11,3,6,3,0,2,3,3,3,2,2,0,2,1,1,0,0,1,0,1,1,3,0,0,0,0,0,0,0,0,0,0,0,0,0,0,1,0,0,0,0,0,1,0,0,0,0,0,0,0,0,0,0,0,0,0,0,0,0,0,0,0,0,0,0,0,0,0
0,1,4,2,0,2,1,1,4,1,5,6,7,4,2,4,3,13,12,14,17,10,13,13,22,25,16,17,20,18,28,27,23,37,41,37,44,49,46,75,57,70,57,81,74,83,82,90,80,115,90,89,91,98,100,96,116,128,99,106,118,111,109,115,107,100,102,102,97,120,97,115,122,109,96,91,93,95,75,96,84,91,64,63,73,69,72,68,63,50,42,53,60,57,68,50,38,41,47,37,47,39,48,34,19,29,33,29,27,22,15,23,13,13,18,20,24,21,13,12,13,11,10,8,6,4,3,5,3,4,6,6,5,5,3,2,3,6,5,4,4,1,1,3,1,1,2,3,1,0,1,1,0,0,0,0,0,0,0,0,1,0,1,1,0,0,0,0,0,0,0,0,0,0,0,0,0,0,0,0,0,0,0,0,0,0,0,0,0,0,0,0,0,0,0,0,0,0,0,0
0,1,1,1,2,0,2,3,1,1,4,6,9,2,2,0,5,6,9,10,16,10,18,12,13,28,15,17,32,23,36,12,36,50,43,33,51,63,42,44,59,55,59,82,84,63,92,88,73,85,97,72,99,95,108,103,98,110,109,120,107,105,80,108,93,102,86,92,121,89,101,107,107,103,78,77,84,74,101,89,81,69,74,71,48,52,75,61,61,59,57,57,58,38,45,39,43,39,45,23,28,24,40,30,27,25,25,22,30,31,24,25,25,24,9,16,5,17,9,13,9,10,8,10,9,13,7,1,6,6,3,9,7,5,6,4,2,2,3,5,0,3,2,0,3,2,1,1,0,0,1,4,3,0,1,0,1,1,0,0,1,0,0,0,1,0,0,0,0,0,0,0,0,0,0,0,0,0,0,0,0,0,0,0,0,0,0,0,2,0,0,0,0,0,0,0,0,0,0,0
0,1,1,2,2,2,1,0,3,0,3,7,7,2,2,3,2,5,8,11,17,11,6,11,12,17,15,17,20,18,30,22,40,32,28,44,52,45,38,53,68,54,74,58,56,65,76,69,96,103,104,85,85,95,105,92,96,104,119,98,109,98,88,100,102,99,113,114,84,109,104,77,97,95,94,88,73,99,92,82,83,82,70,74,70,54,45,58,66,68,47,62,55,59,40,39,47,34,45,33,40,38,25,33,28,21,25,27,23,17,35,21,26,10,19,18,19,14,10,10,10,10,9,8,9,8,2,6,5,5,4,2,4,6,6,1,4,5,2,2,2,2,3,1,2,1,1,3,1,1,1,0,0,0,0,0,0,1,0,0,1,1,1,1,0,0,0,0,0,1,0,0,0,0,0,0,0,0,0,0,0,0,0,0,0,0,0,0,0,0,0,0,0,0,0,0,0,0,0,0
0,0,0,2,2,2,0,1,0,1,1,7,6,5,1,3,4,11,5,9,8,12,3,11,18,17,13,19,27,20,33,23,31,30,39,35,40,43,40,51,60,55,78,53,71,66,76,78,83,89,72,85,64,93,83,99,69,109,97,108,111,130,100,99,95,106,106,117,98,123,101,101,97,89,88,87,92,70,103,62,73,79,64,68,62,59,57,60,53,74,54,55,45,48,47,30,39,39,44,32,40,24,30,36,30,21,17,18,26,26,26,17,21,19,15,13,10,20,10,18,7,12,6,9,8,8,5,3,4,4,9,1,4,7,2,4,1,0,7,5,2,3,2,2,1,3,3,1,2,0,0,0,1,1,0,0,0,1,0,0,0,0,0,0,2,0,1,0,0,0,0,0,0,0,0,1,0,0,0,0,0,0,0,0,0,0,0,0,0,0,0,0,0,0,0,0,0,0,0,0
1,0,1,1,1,2,0,3,2,1,5,10,7,5,4,3,5,10,6,16,11,8,9,12,17,18,11,12,21,15,29,19,34,28,32,32,42,31,44,49,58,58,71,56,64,56,71,70,85,71,92,79,87,80,104,98,86,102,90,101,112,123,89,102,102,88,93,109,102,81,82,97,92,77,99,91,69,85,72,71,82,75,69,64,72,62,59,58,53,65,64,41,46,38,35,37,43,51,44,29,37,38,31,28,30,30,24,31,24,19,26,17,15,19,12,14,14,15,14,8,14,13,5,6,5,9,8,5,8,8,5,4,3,3,1,3,5,0,2,5,1,3,2,1,0,2,0,3,1,3,1,0,1,1,2,0,0,0,0,0,1,0,0,0,0,0,0,1,0,0,0,0,0,0,0,0,0,0,0,0,0,0,0,0,0,0,0,0,0,0,0,0,0,0,0,0,0,0,0,0
1,0,0,1,0,0,3,1,2,0,3,2,3,3,2,2,6,5,8,10,20,9,9,10,17,20,6,16,21,19,30,24,35,39,50,39,33,43,35,48,55,47,49,51,76,65,68,60,65,90,80,78,78,83,83,85,89,117,94,101,116,115,110,89,88,94,103,97,96,96,84,89,94,76,87,79,78,86,75,66,79,70,71,60,65,51,63,54,52,49,46,55,46,38,43,32,41,29,40,29,25,32,28,22,26,32,25,20,18,19,20,18,12,20,12,13,12,18,22,12,8,13,5,7,6,14,3,6,8,5,1,7,4,4,4,0,2,6,0,4,4,0,1,0,0,1,1,2,0,0,0,0,0,1,0,1,0,0,0,1,0,0,1,0,1,1,0,0,1,0,0,0,0,0,0,1,0,0,0,0,0,0,0,0,0,0,0,0,0,0,0,0,0,0,0,0,0,0,0,0
0,2,3,2,2,3,0,1,4,1,2,7,2,4,3,5,5,2,6,14,15,4,13,10,12,23,17,17,18,25,29,27,36,36,34,31,40,45,41,42,55,50,67,63,61,61,63,68,64,67,81,71,77,88,95,77,83,90,81,92,89,98,89,102,97,90,93,95,93,98,81,77,89,100,84,101,65,88,58,73,82,59,47,69,57,70,48,54,47,41,43,35,47,46,42,25,45,35,37,35,32,20,32,31,24,23,22,16,30,25,19,21,20,11,12,9,11,12,10,16,8,8,9,7,8,10,6,3,4,4,2,7,4,6,11,4,2,5,1,3,1,2,0,0,2,2,0,2,1,0,3,0,0,0,1,0,1,0,0,0,2,0,0,1,1,0,0,0,0,0,0,0,0,0,0,0,0,0,0,0,0,0,0,0,0,0,0,0,0,0,0,0,0,0,0,0,0,0,0,0
0,1,1,0,1,1,1,3,2,1,2,5,9,3,1,4,3,12,7,16,12,8,10,9,15,9,14,18,19,15,27,20,19,43,35,40,36,40,46,48,51,51,60,63,69,51,77,60,76,88,87,73,72,95,79,76,85,91,84,95,88,107,88,89,105,96,87,89,90,87,69,79,74,79,77,82,64,91,90,62,78,69,55,62,56,51,62,50,51,59,41,45,35,41,50,36,37,31,37,27,23,21,29,22,26,25,25,12,14,16,27,22,27,18,17,8,16,9,11,12,9,9,5,9,4,14,9,5,6,3,4,2,7,1,4,0,4,3,1,2,3,3,4,0,0,3,1,5,0,0,0,0,0,1,0,0,0,0,1,0,0,0,2,1,0,0,1,0,0,0,0,0,1,0,0,0,0,0,0,0,0,0,0,0,0,0,0,0,0,0,0,0,0,0,0,0,0,0,0,0
0,1,0,2,1,1,5,1,1,1,1,1,5,3,1,2,3,7,6,8,12,8,11,8,11,18,9,12,31,17,24,18,30,36,25,35,35,39,36,40,62,55,42,65,60,52,70,74,77,77,70,65,87,90,100,71,76,90,81,100,96,89,76,92,92,111,103,92,98,90,90,65,66,74,100,77,83,71,68,57,62,67,59,60,65,62,57,57,55,53,49,37,48,35,37,37,32,43,32,32,21,37,23,18,37,22,14,28,14,17,29,14,13,9,8,7,7,15,6,10,12,5,8,6,6,6,4,6,1,4,5,3,4,5,5,4,3,4,1,3,4,1,2,1,1,3,2,0,2,2,1,0,0,0,1,1,1,0,0,1,1,0,1,0,0,0,0,0,0,0,0,0,0,0,0,0,0,0,0,0,0,0,0,1,0,0,0,0,0,0,0,0,0,0,0,0,0,0,0,0
1,0,1,1,2,3,1,4,0,0,0,4,3,2,2,3,3,6,2,10,16,8,11,9,19,15,10,16,15,8,14,23,30,37,31,38,35,43,52,47,57,44,49,77,63,58,75,70,71,78,92,68,76,88,88,73,75,86,82,96,82,72,73,84,89,117,66,77,100,71,78,72,75,78,75,78,68,53,59,83,70,56,48,61,59,60,60,50,36,50,33,38,36,47,31,34,35,29,31,33,28,30,20,23,19,13,17,16,23,25,12,16,22,16,15,13,16,10,6,17,9,6,10,11,8,8,8,3,3,6,6,4,5,2,3,1,0,1,1,6,0,1,2,2,1,1,3,2,2,0,0,0,2,1,0,0,1,1,1,0,2,0,0,0,0,0,1,0,0,0,0,0,0,0,0,0,0,0,0,0,0,0,0,0,0,0,0,0,0,0,0,0,0,0,0,0,0,0,0,0
1,1,1,0,0,0,2,0,3,1,3,6,4,4,3,2,5,5,6,11,13,11,11,6,13,23,14,11,20,13,21,18,24,34,33,33,27,36,40,50,55,63,46,58,47,57,58,59,76,81,78,59,70,81,79,77,71,88,55,97,79,80,85,99,78,87,74,63,86,96,74,84,83,65,69,85,76,68,65,58,65,73,57,48,65,50,59,50,51,42,48,35,30,48,28,32,36,34,29,27,27,27,23,21,27,14,20,23,18,17,15,19,19,8,15,14,14,12,11,11,15,7,7,3,8,3,5,6,6,5,3,1,4,1,4,1,2,7,2,3,3,3,0,1,2,1,2,1,1,1,0,0,0,0,0,0,2,0,0,0,0,0,0,1,0,1,0,0,0,0,0,0,0,0,0,0,0,0,0,0,0,0,0,0,0,0,0,0,0,0,0,0,0,0,0,0,0,0,0,0
0,1,0,1,1,1,1,3,2,0,2,4,2,1,2,3,1,10,4,13,13,15,8,8,14,18,13,15,19,9,22,15,26,34,29,30,26,40,47,43,45,36,47,45,48,55,70,63,71,66,74,56,66,77,88,59,69,84,73,76,81,88,79,76,72,84,86,85,63,96,74,72,69,90,75,64,63,51,61,65,63,55,54,61,59,49,43,49,53,49,33,37,37,45,38,26,33,23,34,29,28,22,26,27,17,15,26,19,14,11,27,15,18,16,11,15,8,11,8,17,12,7,6,3,5,10,6,5,4,6,1,3,1,1,2,4,3,0,5,3,2,1,0,1,0,2,1,1,1,2,1,1,1,1,0,0,0,0,0,1,1,1,0,1,0,0,1,0,0,0,0,0,0,1,0,0,0,0,0,0,0,0,0,0,0,0,0,0,0,0,0,0,0,0,0,0,0,0,0,0
0,1,1,2,2,1,1,2,1,0,2,2,6,1,8,3,4,12,10,11,11,5,9,13,12,15,14,8,16,13,17,13,31,28,32,37,32,34,38,37,44,51,57,62,63,67,64,54,76,68,66,61,76,64,79,87,71,70,75,91,96,74,93,86,70,65,82,69,92,95,85,79,75,71,62,68,52,67,50,64,53,58,53,44,51,48,46,51,39,44,46,33,37,31,34,30,35,36,38,26,18,28,28,14,15,35,13,19,15,11,23,16,15,8,16,8,14,4,10,13,7,11,5,7,6,8,2,4,1,3,1,5,7,2,5,4,2,3,2,0,2,1,1,1,0,0,2,2,0,0,1,0,2,0,0,0,1,0,0,0,0,0,1,0,1,0,0,1,0,0,0,0,0,0,0,0,0,0,0,0,0,0,0,0,0,0,0,0,0,0,0,0,0,0,0,0,0,0,0,0
1,2,1,2,0,0,1,3,2,1,5,5,6,1,1,5,3,6,8,13,14,8,16,10,12,18,13,15,17,15,20,23,23,26,30,26,26,43,41,38,49,50,41,40,66,55,63,57,86,77,71,54,81,64,75,76,83,95,70,91,92,74,86,74,74,55,86,72,61,73,72,77,54,67,64,79,70,60,58,55,59,51,45,51,47,45,54,39,49,37,41,44,43,41,35,35,33,37,32,22,19,15,22,31,20,17,20,23,12,20,11,20,13,10,8,8,7,15,10,10,14,3,5,8,3,5,3,3,6,2,5,3,4,1,4,1,0,3,1,2,0,1,2,1,0,0,1,1,0,0,1,0,0,2,2,1,0,0,0,0,0,0,1,0,0,0,0,0,0,0,0,0,0,0,0,0,0,0,0,0,0,0,0,0,0,0,0,0,0,0,0,0,0,0,0,0,0,0,0,0
0,0,0,1,0,2,2,2,2,0,2,2,3,3,3,3,3,7,1,8,15,12,16,10,14,17,8,20,23,21,20,16,25,32,19,31,23,39,33,45,53,42,62,53,59,73,59,55,61,66,74,56,58,74,80,76,59,100,60,75,68,83,70,62,77,77,70,63,82,79,59,61,73,80,71,56,61,58,64,63,50,56,52,53,55,41,43,48,56,31,44,32,28,38,35,32,23,30,39,23,19,22,34,17,20,20,15,21,19,21,13,14,13,6,10,6,9,5,7,9,11,8,6,5,6,4,5,6,4,6,6,1,2,2,3,3,1,0,3,1,1,1,2,0,1,0,1,0,1,1,0,1,0,0,1,0,0,0,0,0,1,0,1,0,0,0,0,0,0,0,0,0,0,0,0,0,0,0,0,0,0,0,0,0,0,0,0,0,0,0,0,0,0,0,0,0,0,0,0,0
0,0,0,0,2,0,0,2,3,0,3,2,4,1,1,1,5,6,7,4,6,10,9,10,11,15,12,14,20,14,22,10,16,25,28,28,35,31,31,50,48,50,45,41,44,47,56,50,67,67,61,45,59,75,72,68,63,84,65,84,61,98,69,62,79,70,72,78,62,75,58,79,70,72,65,62,53,59,48,60,45,51,55,45,40,33,59,40,39,45,23,28,47,30,40,18,33,24,25,26,20,27,18,20,29,10,17,19,11,10,17,13,15,8,8,5,11,7,11,11,8,8,6,5,3,3,8,6,6,5,4,3,5,3,3,1,4,3,5,2,2,1,0,0,1,1,1,0,1,0,0,2,0,1,0,0,0,0,0,0,1,0,0,0,0,0,0,1,0,0,0,0,0,0,0,0,0,0,0,0,0,0,0,0,0,0,0,0,0,0,0,0,0,0,0,0,0,0,0,0
1,0,0,1,0,1,0,0,3,1,4,6,4,2,2,5,5,8,4,12,11,7,6,10,20,16,11,16,12,15,23,16,18,27,21,22,30,41,27,40,46,42,38,53,43,46,63,63,69,84,62,57,69,78,77,56,70,69,70,75,84,75,78,76,83,74,63,80,62,68,79,83,66,70,75,64,53,56,57,58,56,42,47,45,40,47,43,37,39,57,36,34,51,35,30,20,31,21,32,26,22,25,23,19,18,10,16,21,19,11,8,12,11,10,8,6,13,8,5,10,6,2,4,6,4,4,7,2,5,5,7,2,1,3,4,3,1,1,4,0,1,1,1,0,2,0,1,0,0,1,0,0,2,0,0,0,0,0,0,0,1,0,0,0,0,0,0,0,0,0,0,0,0,0,0,0,0,0,0,0,0,0,0,0,0,0,0,0,0,0,0,0,0,0,0,0,0,0,0,0
1,0,0,1,2,2,3,4,2,2,0,2,2,2,0,1,1,3,7,13,10,7,7,12,12,18,9,13,26,18,24,24,24,30,33,19,28,31,31,41,47,39,49,45,57,47,56,62,74,69,56,51,73,60,72,75,56,61,60,68,64,64,71,75,63,75,64,58,63,68,67,68,66,47,59,65,53,63,60,45,54,59,36,46,50,45,55,40,47,40,30,29,25,38,39,33,37,26,25,22,26,30,23,13,11,18,15,11,27,11,14,9,7,7,8,6,13,12,11,14,5,5,8,7,3,4,4,3,2,2,4,2,3,2,3,1,1,4,2,2,0,3,2,1,0,0,1,0,0,0,0,0,0,2,1,0,0,0,1,0,0,0,0,0,0,0,0,0,0,0,0,0,0,0,0,0,0,0,0,0,0,0,0,0,0,0,0,0,0,0,0,0,0,0,0,0,0,0,0,0
0,2,1,0,1,1,0,0,2,0,3,3,1,5,3,0,3,4,4,10,5,6,9,8,6,16,12,16,20,14,16,25,13,29,18,27,30,31,37,35,37,55,39,54,49,55,55,50,65,63,67,62,55,68,61,65,60,63,63,75,80,83,62,59,84,70,74,69,75,79,63,69,63,64,58,56,59,50,48,53,50,54,52,42,52,34,50,42,45,41,40,30,28,33,29,28,21,19,18,18,26,29,22,11,15,20,17,21,15,12,16,13,9,16,11,12,4,9,10,9,8,12,3,3,6,7,3,5,4,2,5,2,5,3,4,2,1,2,3,3,0,3,0,0,1,0,0,0,0,1,0,0,0,1,1,0,1,0,0,0,0,1,0,0,0,1,0,0,0,0,0,0,0,0,0,0,0,0,0,0,0,0,0,0,0,0,0,0,0,0,0,0,0,0,0,0,0,0,0,0
0,1,0,2,0,1,0,1,2,0,1,7,4,2,7,1,2,9,2,5,5,3,13,10,11,10,10,23,16,18,19,16,20,22,24,19,29,34,26,39,36,29,45,55,45,48,48,45,56,53,52,47,58,72,69,62,60,69,57,67,71,72,54,81,60,73,56,48,55,55,78,65,48,53,59,61,34,57,51,60,48,56,46,39,41,42,41,46,47,31,28,25,27,30,22,30,28,21,26,20,17,25,21,27,11,12,11,13,17,14,17,11,14,13,15,7,7,8,10,4,4,5,4,1,5,4,3,3,1,2,5,1,3,2,6,5,1,3,2,0,1,3,1,0,1,1,0,0,1,1,0,0,0,0,0,0,0,0,1,0,3,0,1,0,0,0,0,0,0,0,0,0,0,0,0,0,0,0,0,0,0,0,0,0,0,0,0,0,0,0,0,0,0,0,0,0,0,0,0,0
0,0,3,3,2,1,4,0,3,1,2,3,2,2,2,3,2,8,4,9,9,11,7,11,12,8,15,11,11,10,17,11,9,19,29,20,21,25,26,41,44,37,43,43,43,38,46,49,59,55,60,46,48,69,62,63,58,76,68,73,70,67,64,64,54,70,67,56,69,82,56,47,57,70,62,54,68,52,46,42,60,48,36,45,42,34,44,45,40,34,32,26,31,30,23,18,22,18,24,16,31,15,25,22,9,16,17,19,16,15,19,13,14,7,7,5,12,6,10,12,7,7,10,7,6,4,5,3,3,2,6,2,5,4,2,3,1,3,0,0,3,5,1,0,1,0,0,0,0,0,0,1,1,0,0,1,0,1,0,0,0,1,0,0,0,0,0,0,0,0,0,0,0,0,0,0,0,0,0,0,0,0,0,0,0,0,0,0,0,0,0,0,0,0,0,0,0,0,0,0
0,3,1,2,0,2,1,1,1,1,1,5,3,1,0,2,3,1,7,9,10,5,8,3,6,12,5,12,9,12,19,15,26,29,24,23,32,29,35,45,33,27,31,56,39,37,44,32,41,71,57,37,50,65,54,59,54,58,60,70,66,78,76,55,59,57,63,52,65,51,47,67,58,51,60,52,51,51,50,40,43,46,46,40,37,32,32,42,27,39,24,37,38,34,27,18,19,25,26,28,22,26,21,22,10,13,7,22,8,15,10,11,11,8,13,8,6,3,10,7,9,8,6,4,1,5,4,2,1,3,3,1,2,4,2,0,1,1,1,1,1,0,0,2,1,0,2,1,0,0,2,0,1,0,0,0,3,1,0,0,0,0,1,0,0,0,0,0,0,0,0,0,0,0,0,0,0,0,0,0,0,0,0,0,0,0,0,0,0,0,0,0,0,0,0,0,0,0,0,0
0,0,1,0,0,2,1,2,1,0,1,2,3,2,1,3,3,4,4,5,4,11,6,5,10,18,5,9,11,9,17,5,25,32,30,16,38,28,27,26,38,36,48,60,53,39,49,46,54,59,80,38,48,56,64,66,61,58,55,74,58,69,65,60,58,65,56,60,65,66,52,47,59,61,50,49,51,43,45,45,44,37,34,37,50,38,37,25,38,35,21,37,24,23,27,22,21,21,21,22,22,16,19,18,10,12,12,13,13,9,14,10,15,4,7,9,7,7,5,7,5,3,4,4,4,4,7,2,3,5,3,2,3,4,4,0,2,1,1,1,3,2,0,1,2,1,1,0,0,1,0,0,1,0,0,0,0,1,0,0,1,0,0,0,0,0,0,0,0,0,1,0,0,0,0,0,0,0,0,0,0,0,0,0,0,0,0,0,0,0,0,0,0,0,0,0,0,0,0,0
0,1,1,2,0,0,1,3,0,3,0,2,6,2,1,1,4,7,2,7,8,8,4,4,2,14,8,9,16,10,15,16,15,28,22,20,21,23,34,31,38,26,36,37,34,40,41,37,49,56,44,56,37,60,61,50,52,61,48,61,64,75,60,66,57,57,57,58,69,59,55,44,62,48,52,61,39,41,41,42,48,39,45,36,29,31,29,35,30,32,27,24,33,23,19,29,21,21,22,21,18,18,17,10,19,20,15,14,12,12,14,8,13,8,6,13,5,7,6,3,5,7,4,1,3,5,2,6,3,5,4,5,5,2,3,0,0,3,3,3,0,1,1,0,2,1,1,0,2,1,0,0,0,0,0,0,0,0,0,1,0,0,0,0,0,0,0,0,0,0,0,0,0,0,0,0,0,0,0,0,0,0,0,0,0,0,0,0,1,0,0,0,0,0,0,0,0,0,0,0
1,0,0,1,0,1,6,0,2,1,4,1,8,4,4,3,4,5,2,5,15,10,7,4,10,13,11,7,19,15,15,16,20,30,23,14,24,31,14,32,36,40,42,41,38,45,47,46,51,46,54,40,56,54,70,67,53,61,57,66,57,70,68,62,59,59,53,57,55,49,39,50,48,45,48,42,44,33,35,32,39,32,32,47,39,31,37,38,34,24,31,29,30,24,30,30,18,12,30,25,17,14,9,13,16,12,10,15,13,16,16,17,13,16,7,9,10,7,6,6,5,4,1,5,3,2,4,2,5,1,3,0,1,4,2,0,0,2,1,2,1,1,1,0,0,1,1,0,1,1,1,0,0,0,0,0,0,0,0,1,0,1,0,0,0,0,0,0,0,0,0,0,1,0,0,0,0,0,0,0,0,0,0,0,0,0,0,0,0,0,0,0,0,0,0,0,0,0,0,0
1,0,0,2,0,2,2,0,0,0,1,2,1,2,1,3,2,7,4,9,11,3,3,5,6,14,11,4,22,14,17,5,18,18,20,17,28,20,19,43,28,33,33,50,39,40,41,35,46,54,47,50,44,63,54,47,49,61,48,64,62,59,61,56,71,54,54,38,48,41,43,50,45,51,62,52,36,42,39,41,45,43,44,57,47,39,38,25,28,25,34,25,29,18,22,17,24,19,24,17,23,14,23,16,13,12,17,14,12,14,11,7,15,7,5,11,5,5,6,9,3,4,3,7,3,4,6,3,4,7,2,2,2,2,0,1,2,2,2,1,3,0,1,3,2,1,1,2,0,1,3,1,1,0,0,0,0,0,0,1,1,0,0,0,0,0,0,0,0,1,0,0,0,0,0,0,0,0,0,0,0,0,0,0,0,0,0,0,0,0,0,0,0,0,0,0,0,0,0,0
2,1,0,1,1,2,1,0,4,1,1,3,3,2,0,1,2,4,4,1,4,11,5,6,10,8,6,10,18,5,18,15,24,27,31,23,21,28,17,37,35,39,36,50,35,39,48,40,43,42,51,54,40,56,62,52,49,58,52,62,65,57,50,55,62,47,43,67,59,59,53,44,48,49,50,47,48,47,41,46,27,36,29,22,42,31,38,28,22,37,25,22,25,27,19,15,23,19,16,15,18,6,23,11,16,12,12,12,16,13,8,7,12,4,7,6,8,3,5,5,5,7,2,3,1,3,2,1,2,2,4,5,3,2,3,1,0,1,0,2,0,0,0,1,2,3,1,1,1,0,0,0,0,1,0,0,1,0,0,0,0,0,0,0,0,0,0,1,0,0,0,0,0,0,0,0,0,0,0,0,0,0,0,0,0,0,0,0,0,0,0,0,0,0,0,0,0,0,0,0
0,2,0,1,1,0,0,0,0,1,2,1,2,0,3,1,2,2,5,4,11,7,3,8,9,12,8,9,14,12,13,11,12,18,27,22,32,28,33,30,38,38,33,36,41,32,39,31,55,39,52,42,54,46,45,49,45,60,47,59,46,66,56,62,57,54,46,49,51,49,56,43,43,53,44,39,46,39,35,42,47,27,43,38,46,19,34,36,23,36,23,29,24,23,17,19,26,16,24,9,12,16,13,15,7,7,4,17,15,11,15,5,5,7,6,7,13,4,11,4,4,3,1,1,2,2,4,1,4,3,1,1,8,4,3,1,2,4,1,1,2,0,2,2,1,0,0,0,0,0,0,0,0,0,0,0,0,1,0,0,0,0,0,0,1,0,0,0,0,0,0,0,0,0,0,0,0,0,0,0,0,0,0,0,0,0,0,0,0,0,0,0,0,0,0,0,0,0,0,0
0,0,0,0,1,1,1,0,0,1,1,2,2,4,4,2,6,6,3,4,9,7,5,10,8,4,6,10,9,10,13,14,14,33,27,20,21,16,28,34,25,30,37,46,36,32,38,52,34,53,48,43,36,48,44,54,52,49,55,48,51,61,44,66,54,69,51,38,51,43,48,35,38,29,41,36,38,41,39,38,30,51,37,34,31,30,37,28,30,20,26,23,29,30,23,18,20,14,25,12,13,20,15,20,6,13,13,14,11,9,8,9,5,6,10,5,6,10,0,3,5,3,5,3,3,3,2,4,4,3,2,6,2,2,2,0,0,2,4,0,1,1,0,0,5,1,3,0,0,1,0,0,1,1,0,0,0,0,0,0,0,0,1,0,0,0,0,0,0,0,0,0,0,0,0,0,0,0,0,0,0,0,0,0,0,0,0,0,0,0,0,0,0,0,0,0,0,0,0,0
0,0,1,3,1,0,2,2,1,1,2,1,4,1,2,4,6,3,4,8,10,6,9,11,11,9,8,5,16,9,13,18,15,13,18,17,18,22,22,22,34,32,38,32,34,30,38,42,52,45,51,44,32,48,52,42,45,61,43,60,57,54,49,42,50,49,56,54,36,31,41,54,48,56,49,44,61,42,32,42,44,28,43,33,41,39,23,20,30,31,33,18,16,16,19,17,18,21,21,12,18,12,24,16,17,13,4,10,10,7,18,7,8,7,8,10,3,10,5,8,5,2,2,2,4,4,2,4,1,3,2,1,1,1,2,2,0,2,1,2,1,1,2,0,1,1,0,0,1,1,0,1,0,0,0,0,1,0,0,1,1,0,1,0,0,0,0,0,0,0,0,0,1,0,0,0,0,0,0,0,0,0,0,0,0,0,0,0,0,0,0,0,0,0,0,0,0,0,0,0
2,0,1,1,0,3,2,0,0,0,1,2,3,2,3,2,1,2,3,3,8,4,5,4,8,9,5,7,19,4,13,15,16,20,17,17,21,22,22,36,29,25,29,34,33,34,36,34,35,32,29,35,46,38,48,51,33,48,37,43,54,51,59,49,38,56,44,49,42,43,47,39,56,44,44,51,41,40,47,34,21,28,28,26,39,26,28,25,23,24,20,15,26,26,26,15,14,13,20,16,16,11,15,18,11,11,12,11,10,10,9,5,10,6,9,4,6,8,9,3,7,5,5,3,2,3,5,4,3,1,4,0,2,2,0,0,0,1,0,2,0,1,0,0,0,0,2,0,1,0,0,0,0,1,0,1,0,0,0,0,1,0,1,0,0,0,0,0,0,0,0,0,0,0,0,0,0,0,0,0,0,0,0,0,0,0,0,0,0,0,0,0,0,0,0,0,0,0,0,0
1,0,1,1,0,1,2,0,0,1,1,1,2,1,1,1,2,2,2,10,6,7,4,3,12,9,8,10,11,7,12,19,17,21,19,16,23,13,19,34,27,36,30,38,30,46,39,43,39,47,48,35,48,33,45,48,35,65,49,75,48,43,49,40,39,47,41,48,51,56,35,44,43,33,37,39,38,44,23,38,36,32,31,30,45,34,31,28,31,18,18,25,27,15,20,14,24,19,19,15,14,10,13,16,9,11,10,12,10,9,9,12,9,3,11,3,9,5,4,3,2,3,4,5,3,2,6,1,1,0,3,1,0,5,0,1,2,3,0,2,0,1,1,1,1,1,1,1,0,0,0,0,1,0,0,0,0,0,0,0,1,1,0,1,1,0,0,0,0,0,0,0,0,0,0,0,0,0,1,0,0,0,0,0,0,0,0,0,0,0,0,0,0,0,0,0,0,0,0,0
0,0,1,0,1,1,1,0,1,1,2,4,4,2,0,4,2,2,7,5,7,4,8,8,10,8,5,9,13,14,15,21,16,24,10,16,24,34,22,25,34,28,33,35,32,26,48,34,44,44,22,48,43,44,56,42,46,42,52,52,53,65,39,60,47,50,46,53,43,35,39,44,45,40,46,37,30,37,35,34,31,30,26,25,34,39,35,31,21,25,23,24,21,18,21,15,18,14,15,11,14,19,14,11,15,8,10,12,11,17,5,15,5,2,6,6,7,8,8,4,5,6,1,5,4,6,4,3,1,1,1,0,3,1,1,2,0,0,1,1,0,1,0,3,2,0,1,0,1,0,2,0,0,0,0,0,0,0,0,0,0,0,0,0,1,0,0,0,0,0,0,0,0,0,0,0,0,0,0,0,0,0,0,0,0,0,0,0,0,0,0,0,0,0,0,0,0,0,0,0
0,0,1,0,1,3,0,0,3,1,1,7,0,4,4,3,2,3,1,5,7,8,7,6,6,10,9,4,13,9,14,10,13,19,18,14,16,16,24,39,25,38,29,34,35,37,38,42,41,53,48,30,35,40,44,42,44,52,42,49,59,30,52,57,46,53,42,31,52,49,45,57,32,40,46,23,33,37,55,27,29,22,29,34,37,21,26,29,26,14,28,21,15,14,20,13,18,21,12,13,9,11,3,12,14,16,10,12,8,12,8,11,9,4,5,6,4,6,3,5,7,6,8,3,3,1,1,1,1,4,2,2,1,2,0,2,1,1,1,0,1,2,1,0,0,1,0,0,0,1,0,1,0,0,0,1,1,0,1,0,0,0,0,0,0,0,0,0,0,0,0,0,0,0,0,2,0,0,0,0,0,0,0,0,0,0,0,0,0,0,0,0,0,0,0,0,0,0,0,0
0,0,1,2,1,0,2,0,2,0,2,0,0,2,2,3,2,3,1,8,9,9,7,5,12,7,6,9,10,9,15,12,13,14,23,10,21,18,19,26,27,24,25,30,32,34,28,45,31,35,37,35,37,47,46,39,50,54,53,53,49,59,55,52,47,39,52,43,47,50,43,41,42,53,35,19,43,35,31,32,37,32,24,32,27,34,18,24,17,26,15,12,27,26,29,14,18,27,16,13,19,17,14,16,5,13,11,10,7,9,8,10,7,3,18,4,4,3,2,5,4,1,4,2,0,1,4,1,2,0,4,1,2,4,2,2,3,1,2,2,0,2,1,1,1,0,0,0,1,1,1,0,2,0,0,0,1,0,0,0,0,0,0,0,0,0,0,0,0,0,0,0,0,0,0,1,0,0,0,0,0,0,0,0,0,0,0,0,0,0,0,0,0,0,0,0,0,0,0,0
0,1,0,2,2,1,1,1,3,0,0,2,1,0,1,3,1,3,4,1,10,6,6,3,5,10,5,6,10,8,10,8,13,18,25,25,22,17,26,21,29,41,24,28,32,34,37,43,33,35,28,35,44,43,39,40,43,34,35,48,43,45,32,42,50,42,33,55,39,40,38,43,38,40,40,34,38,28,32,34,26,29,27,24,24,34,20,21,23,22,16,13,18,20,16,10,16,28,21,18,14,12,13,16,9,7,8,11,6,7,12,7,11,5,6,6,3,5,2,6,7,1,4,4,2,2,2,0,0,3,2,1,1,1,1,1,0,0,1,1,1,1,1,0,1,0,0,0,0,0,0,0,1,0,0,0,0,0,0,0,1,0,0,0,0,0,0,0,0,0,0,0,0,0,0,0,0,0,0,0,0,0,0,0,0,0,0,0,0,0,0,0,0,0,0,0,0,0,0,0
0,0,1,0,0,1,1,0,0,1,1,1,1,0,1,0,0,2,2,4,8,4,8,6,8,8,6,8,9,12,6,4,14,19,18,11,22,20,15,27,29,31,37,27,34,32,37,32,34,28,36,50,37,29,44,50,57,61,34,51,41,33,40,41,44,52,40,37,41,37,38,35,36,36,45,29,18,32,23,37,32,27,31,29,33,26,35,28,13,31,23,15,28,16,18,23,17,19,15,13,9,17,10,17,11,10,8,8,15,12,7,6,8,3,9,5,8,4,3,5,5,3,3,4,2,5,2,0,2,3,4,1,0,3,2,1,0,0,1,3,0,1,0,0,0,2,0,0,0,0,1,1,1,2,0,0,0,0,0,1,0,0,1,0,0,0,0,0,0,0,0,0,0,1,0,1,0,0,0,0,0,0,0,0,0,0,0,0,0,0,0,0,0,0,0,0,0,0,0,0
1,0,0,1,0,0,0,2,3,2,1,1,3,1,1,2,1,4,2,7,7,6,8,7,3,7,3,6,14,7,14,15,13,20,21,17,18,17,17,19,27,24,21,25,19,23,37,32,33,33,31,31,28,39,34,39,34,45,32,53,44,37,32,41,35,41,28,42,51,47,35,45,37,29,32,24,37,39,25,37,27,33,24,20,24,23,24,22,21,20,22,17,18,15,17,20,13,21,20,18,17,13,9,12,11,11,5,11,18,7,8,7,9,7,6,5,4,6,2,4,2,2,4,2,4,5,3,2,3,5,1,2,0,0,2,1,2,3,1,3,0,1,1,0,0,0,1,0,1,1,1,0,0,0,0,0,0,0,0,0,0,0,0,0,0,0,0,0,0,0,0,0,0,1,0,0,0,0,0,0,0,0,0,0,0,0,0,0,0,0,0,0,0,0,0,0,0,0,0,0
1,0,0,2,0,4,2,1,0,0,2,2,1,1,0,2,0,2,2,5,5,11,4,4,7,8,3,3,6,9,17,6,12,16,14,24,18,12,18,23,11,28,29,29,31,20,31,19,43,36,31,28,43,45,41,36,35,38,33,29,48,34,42,33,37,45,50,41,38,43,42,29,20,28,33,42,29,28,42,22,25,34,17,24,37,22,34,18,23,32,16,22,17,21,17,14,10,12,8,12,19,15,7,11,10,9,8,12,12,7,11,7,7,7,4,2,5,5,2,3,2,3,3,2,2,4,2,3,1,3,0,1,0,0,1,2,3,1,3,0,1,0,0,1,0,0,1,0,0,0,0,0,0,0,0,1,0,0,0,0,1,0,0,0,0,0,0,0,1,0,0,0,0,1,0,0,0,0,0,0,0,0,0,0,0,0,0,0,0,0,0,0,0,0,0,0,0,0,0,0
0,2,0,1,0,1,0,2,1,0,3,2,3,1,1,2,1,3,1,2,3,5,4,5,7,8,5,6,14,5,9,6,12,13,14,16,11,17,13,23,27,22,22,29,30,36,26,36,41,46,41,36,33,34,46,50,38,49,34,51,38,45,35,37,39,42,29,37,33,30,44,38,34,30,28,25,22,32,28,32,28,18,27,25,20,25,20,27,17,28,20,14,11,15,20,10,11,9,10,9,12,9,9,10,10,11,5,6,5,9,7,4,6,3,6,6,10,6,7,4,6,2,3,4,1,5,3,0,4,0,2,5,0,1,2,1,0,0,0,1,0,2,1,0,0,1,0,1,0,0,0,0,0,0,0,1,0,0,0,0,0,1,0,0,0,0,0,0,0,0,0,0,0,0,0,1,0,0,0,0,0,0,0,0,0,0,0,0,0,0,0,0,0,0,0,0,0,0,0,0
0,0,0,0,0,2,0,7,0,0,0,2,3,0,0,2,3,2,4,5,4,8,4,6,7,8,8,14,15,5,8,12,7,20,14,10,13,20,11,23,28,24,24,30,25,25,24,36,29,28,36,21,42,31,37,34,39,38,34,41,42,38,34,45,42,45,44,36,34,38,28,28,37,52,33,33,29,35,36,23,28,32,29,25,17,26,24,18,15,20,21,18,10,15,17,17,14,11,12,9,9,16,12,9,10,10,6,7,6,8,11,5,6,4,5,2,6,6,6,4,6,2,5,4,0,1,5,6,4,1,2,3,1,3,1,1,2,1,1,1,3,0,1,0,0,0,2,1,0,1,1,0,1,3,0,0,0,0,0,0,1,0,0,0,0,0,0,0,0,0,0,0,0,0,0,0,0,0,0,0,0,0,0,1,0,0,0,0,0,0,0,0,0,0,0,0,0,0,0,0
0,1,0,0,0,2,1,1,0,0,3,0,3,2,0,0,1,2,0,3,8,6,9,11,7,9,7,10,13,12,8,4,13,17,15,19,10,11,19,23,18,19,28,24,26,28,25,37,40,34,32,33,41,35,48,40,45,37,30,62,34,37,38,43,50,40,50,35,39,42,29,33,42,42,38,19,20,38,25,29,19,19,26,19,22,14,16,17,22,22,11,12,22,14,20,13,17,11,20,4,10,9,13,4,9,6,11,5,10,7,7,3,8,3,3,7,6,7,3,3,2,2,1,5,4,4,5,1,1,1,1,2,0,1,1,0,1,0,5,1,0,0,1,1,2,1,0,1,0,0,1,0,0,1,0,0,0,0,0,0,0,1,0,1,0,1,0,0,0,0,0,0,0,0,0,0,0,0,0,0,0,0,0,0,0,0,0,0,0,0,0,0,0,0,0,0,0,0,0,0
0,0,0,0,0,0,1,1,0,0,1,0,4,1,1,1,1,1,2,6,6,5,3,7,4,7,10,8,12,6,9,7,10,10,13,12,17,20,20,25,19,19,20,19,28,27,26,38,31,27,32,21,30,39,34,28,22,35,32,25,49,26,34,41,38,36,40,43,33,38,24,26,41,28,33,25,31,33,27,25,26,20,20,23,22,30,16,15,16,19,18,14,14,17,16,12,19,11,16,9,8,9,9,9,7,9,14,5,14,8,8,5,8,8,5,3,3,11,6,3,2,3,0,0,2,2,1,2,2,1,1,0,2,2,1,0,1,1,4,0,0,1,1,1,1,0,0,0,0,0,0,0,1,0,0,2,0,0,0,0,0,0,0,0,0,0,0,0,0,0,0,0,0,0,0,0,0,0,0,0,0,0,0,0,0,0,0,0,0,0,0,0,0,0,0,0,0,0,0,0
0,0,0,1,0,1,0,0,1,1,0,3,3,1,1,1,1,3,3,6,7,5,7,2,4,8,5,5,6,8,11,8,12,17,16,9,10,14,18,27,19,20,18,14,26,27,32,31,34,34,32,26,34,30,36,47,47,41,32,44,27,42,31,39,40,36,26,32,34,26,41,35,25,24,32,29,30,24,20,20,23,27,26,30,21,17,17,22,18,20,11,15,16,17,15,8,17,11,16,14,10,10,16,11,10,10,11,11,8,4,7,3,6,9,6,5,5,8,2,7,5,2,6,1,3,3,3,2,4,2,2,0,5,0,0,1,1,2,3,2,0,0,1,0,0,1,0,0,0,0,0,1,0,1,0,0,0,0,0,0,0,0,0,0,0,0,0,0,0,0,0,0,0,0,0,0,0,0,0,0,0,0,0,0,0,0,0,0,0,0,0,0,0,0,0,0,0,0,0,0
0,0,2,0,0,1,1,0,1,2,0,0,2,0,0,1,2,3,0,6,5,3,1,3,4,10,4,9,12,4,11,8,6,13,16,9,16,17,21,16,14,25,26,27,29,30,26,16,32,34,27,28,41,38,31,41,35,31,26,30,27,35,45,28,31,33,33,27,19,36,32,28,34,22,43,31,21,15,27,31,19,20,19,15,25,21,14,24,15,15,17,17,14,12,15,10,18,12,12,10,9,11,5,11,3,8,6,8,5,2,6,7,2,4,3,2,4,3,7,7,5,2,3,2,3,2,3,1,0,4,0,3,2,4,3,1,0,0,0,2,1,0,0,0,2,0,0,1,0,0,0,0,0,1,0,0,0,0,0,0,1,0,0,0,0,0,0,0,0,0,1,0,0,0,0,0,0,0,0,0,0,0,0,0,0,0,0,0,0,0,0,0,0,0,0,0,0,0,0,0
1,0,0,2,0,0,0,0,2,0,0,1,4,3,1,2,3,4,1,4,4,3,8,5,3,10,3,5,7,4,7,14,11,14,15,10,11,24,15,20,31,18,24,27,20,21,18,28,24,28,41,24,34,22,21,33,32,32,33,35,34,36,31,43,46,29,36,20,32,31,28,27,26,30,23,39,19,15,30,37,23,25,18,12,17,16,24,16,17,15,17,13,15,17,12,9,10,10,10,7,6,7,8,6,3,9,6,4,7,2,5,5,6,5,3,1,4,3,7,2,8,3,2,2,0,4,4,0,0,0,0,0,6,1,1,2,0,0,1,0,0,0,0,0,0,0,0,0,0,0,1,0,0,0,0,1,0,0,0,0,0,0,0,0,0,0,0,0,0,0,0,0,0,0,0,0,0,0,0,0,0,0,0,0,0,0,0,0,0,0,0,0,0,0,0,0,0,0,0,0
0,1,0,0,1,1,0,0,1,0,1,0,4,3,2,0,1,2,2,3,1,4,2,4,6,6,7,12,9,8,12,15,12,9,14,10,16,10,17,32,17,23,17,17,32,28,26,24,34,32,20,23,26,27,34,34,36,33,31,37,30,25,19,28,28,33,31,35,20,29,32,28,31,28,21,24,22,23,22,32,18,21,16,26,20,21,18,21,16,15,12,12,20,15,8,13,13,8,13,3,7,8,13,7,10,2,6,5,8,7,2,3,4,5,3,4,6,4,4,5,3,3,2,3,2,2,0,1,1,1,1,0,3,2,1,1,1,1,0,0,1,0,0,0,1,0,0,0,0,1,0,0,0,0,0,0,0,0,0,0,0,0,0,0,0,0,0,0,0,0,0,0,0,0,0,0,0,0,0,0,0,0,0,0,0,0,0,0,0,0,0,0,0,0,0,0,0,0,0,0
0,0,2,1,0,1,1,0,1,0,0,3,4,0,0,0,3,3,1,7,2,5,3,5,6,10,4,6,12,9,8,5,14,6,16,14,10,18,21,20,24,22,24,36,34,26,19,22,23,41,26,37,27,36,37,39,28,32,22,30,33,31,40,22,30,33,31,39,29,33,21,27,33,28,29,24,22,27,21,19,19,18,17,25,26,23,10,24,15,20,28,13,19,12,17,7,13,10,8,10,14,9,7,1,4,5,8,9,5,7,2,6,5,5,2,5,4,4,2,4,2,5,4,0,3,3,3,0,0,0,2,0,0,3,1,1,3,1,2,3,0,0,0,0,1,0,0,0,0,1,0,0,1,0,0,1,0,0,0,0,1,0,0,0,0,0,0,0,0,0,0,0,0,0,0,0,0,0,0,0,0,0,0,0,0,0,0,0,0,0,0,0,0,0,0,0,0,0,0,0
0,0,0,0,0,0,0,0,0,1,3,2,2,0,0,4,2,3,1,4,4,5,7,4,7,7,3,5,10,6,8,9,15,11,9,9,10,15,21,20,20,19,19,15,27,18,32,26,29,33,26,22,24,33,31,29,28,30,33,20,37,37,28,40,30,34,26,33,32,29,28,42,27,27,21,30,16,21,21,16,26,17,21,18,18,12,23,20,13,14,12,22,7,7,16,21,7,10,10,6,5,6,9,8,6,13,4,3,5,11,9,5,4,3,7,3,2,2,4,1,3,4,2,0,0,3,4,3,2,0,2,0,1,1,2,0,1,1,0,1,1,0,0,1,0,0,1,1,0,0,0,0,0,1,0,0,1,0,2,0,0,0,0,0,0,0,0,0,0,0,0,0,0,0,0,0,0,0,0,0,0,0,0,0,0,0,0,0,0,0,0,0,0,0,0,0,0,0,0,0
0,0,0,0,1,1,1,0,2,0,1,1,0,0,1,3,1,4,0,5,2,5,3,6,10,6,6,8,11,8,2,8,12,7,11,8,18,12,21,20,19,25,21,25,25,22,26,19,31,30,34,20,27,35,38,19,26,31,21,34,34,29,30,39,44,24,22,37,29,25,23,21,28,21,27,21,30,23,22,20,22,31,11,25,26,19,18,17,9,12,15,12,13,8,13,13,16,7,11,14,7,7,9,5,5,5,5,6,4,6,3,3,4,5,9,1,6,5,3,4,2,5,2,4,3,3,0,2,1,3,3,0,1,1,1,0,1,1,1,0,0,0,2,0,0,0,0,0,0,0,0,0,0,1,0,0,0,0,0,0,0,0,0,0,0,0,0,0,0,0,0,0,0,0,0,0,0,0,0,0,0,0,0,0,0,0,0,0,0,0,0,0,0,0,0,0,0,0,0,0
0,0,0,1,0,1,0,0,1,2,1,1,2,2,2,3,2,0,1,3,2,4,5,6,7,5,7,4,4,5,9,7,12,12,14,16,14,11,20,21,22,13,16,15,19,18,20,25,23,31,29,26,27,26,35,24,25,29,21,30,26,31,35,36,34,26,23,26,29,31,27,26,27,32,21,31,17,26,16,24,17,33,25,27,20,17,27,14,27,10,15,11,9,10,7,11,10,10,10,8,10,4,8,6,9,10,9,12,9,5,5,2,5,2,5,3,3,8,4,1,5,0,1,2,2,1,5,2,0,2,0,2,0,0,2,0,2,3,1,3,2,2,1,1,0,0,0,0,1,0,0,0,0,0,0,0,0,0,0,0,0,0,0,0,1,0,0,0,0,0,0,0,0,0,0,0,0,0,0,0,0,0,0,0,0,0,0,0,0,0,0,0,0,0,0,0,0,0,0,0
0,0,0,1,0,0,0,1,1,0,0,2,2,3,1,2,3,3,3,3,3,1,4,2,3,3,6,9,6,6,6,6,12,14,9,6,14,17,8,20,20,23,20,17,21,21,17,20,29,32,26,16,28,31,22,26,31,37,30,42,41,29,37,30,22,29,29,20,19,35,27,26,20,31,21,23,21,21,19,16,15,28,13,15,20,16,18,14,19,10,11,16,14,12,12,7,6,7,12,11,9,8,7,6,8,3,8,6,4,3,6,5,1,3,10,4,2,4,3,3,3,1,2,0,0,0,2,2,0,2,1,2,1,1,1,1,1,0,0,0,0,0,0,0,0,0,1,0,0,0,0,0,0,0,0,1,0,0,0,0,0,0,0,0,1,0,0,0,0,0,0,0,0,0,0,0,0,0,0,0,0,0,0,0,0,0,0,0,0,0,0,0,0,0,0,0,0,0,0,0
1,0,0,1,0,0,0,0,0,1,0,2,0,0,1,1,1,2,1,3,7,5,4,6,7,7,3,5,10,3,8,2,10,8,13,4,11,11,17,17,17,23,20,23,25,19,31,17,17,30,36,28,18,37,32,26,24,29,21,33,27,33,26,28,24,33,21,26,21,21,23,33,22,17,31,17,24,21,13,19,13,21,18,12,19,13,15,16,12,18,12,13,7,8,12,8,10,7,13,5,13,8,6,5,5,5,4,6,5,4,3,5,7,5,4,5,2,6,2,4,3,1,1,2,0,2,2,1,1,2,1,2,3,1,0,1,0,0,0,0,1,1,0,0,0,0,0,0,1,0,1,0,1,1,1,0,0,1,0,0,0,0,0,0,0,0,1,0,0,0,0,0,0,0,0,0,0,0,0,0,0,0,0,0,0,0,0,0,0,0,0,0,0,0,0,0,0,0,0,0
0,0,0,1,0,0,0,1,2,1,1,0,6,0,0,0,3,2,1,2,4,4,4,1,1,7,5,5,5,4,12,6,15,9,8,12,10,13,16,17,20,22,18,20,20,20,16,24,25,33,29,26,18,22,24,22,25,28,26,34,16,33,30,32,15,30,26,25,18,23,28,19,25,24,31,18,22,21,23,17,13,15,23,17,16,12,16,11,15,12,10,16,15,4,8,18,14,5,9,6,6,6,9,9,4,3,4,6,7,5,12,7,5,1,0,4,4,4,5,3,2,1,2,2,2,1,1,1,4,0,3,1,1,0,2,1,0,0,0,1,1,0,0,2,2,0,0,1,0,0,0,1,1,0,0,0,0,0,0,0,0,0,0,0,0,0,0,0,0,0,0,0,0,0,0,0,0,0,0,0,0,0,0,0,0,0,0,0,0,0,0,0,0,0,0,0,0,0,0,0
0,1,0,1,0,0,0,0,0,0,2,2,1,0,0,0,0,3,1,4,5,2,3,2,8,7,6,5,14,2,5,7,16,14,13,8,4,12,13,15,13,17,17,24,22,24,19,21,27,35,29,28,25,23,21,24,34,29,15,26,25,33,24,38,36,25,32,33,26,20,22,19,20,19,25,24,18,24,12,15,16,13,14,17,17,17,19,6,14,9,9,13,10,13,10,12,6,4,7,12,6,8,6,10,6,2,5,6,1,5,7,2,7,1,1,4,2,4,1,2,4,4,2,2,2,0,2,0,0,1,2,0,2,0,1,0,0,0,0,0,0,1,0,0,1,0,0,0,0,0,0,0,0,0,0,0,1,0,1,1,0,0,0,0,0,0,0,0,0,0,0,0,0,0,0,0,0,0,0,0,0,0,0,0,0,0,0,0,0,0,0,0,0,0,0,0,0,0,0,0
0,0,0,0,0,0,0,0,1,1,0,0,4,1,0,0,1,2,4,6,3,3,4,0,3,4,8,1,5,8,8,3,7,10,12,15,14,10,12,12,13,24,16,20,18,17,17,26,25,22,28,17,22,27,26,18,27,24,17,23,28,21,34,35,26,28,16,23,19,16,23,27,23,33,19,22,23,21,19,16,19,26,19,14,14,11,16,20,10,10,11,8,10,11,10,9,16,7,11,6,7,6,8,7,4,4,5,3,7,4,6,4,3,6,2,3,2,1,5,4,2,0,5,0,0,2,3,4,0,3,4,0,2,0,0,2,1,2,2,1,0,0,2,0,0,0,0,2,0,0,0,0,1,0,0,0,0,1,0,0,0,0,0,0,0,0,0,0,0,0,0,0,0,0,0,0,0,0,0,0,0,0,0,0,0,0,0,0,0,0,0,0,0,0,0,0,0,0,0,0
1,0,0,1,1,0,0,1,0,0,1,0,0,3,1,3,2,4,2,7,3,1,0,5,3,5,4,4,12,8,6,6,12,15,5,11,14,11,8,17,22,18,18,23,16,26,19,23,24,17,21,24,21,20,28,18,29,22,21,28,28,32,23,29,20,39,15,26,29,18,24,24,21,23,18,20,11,17,22,12,17,24,12,18,10,17,12,10,18,13,8,9,12,6,13,13,5,6,4,9,9,6,4,8,4,3,9,5,6,2,6,3,4,1,4,2,0,7,1,2,1,0,3,0,0,2,2,3,1,2,3,2,1,1,1,0,1,0,0,1,0,2,0,0,1,0,0,0,0,1,0,1,0,1,1,0,0,0,0,1,0,0,0,0,0,0,0,0,0,0,0,0,0,0,0,0,0,0,0,0,0,0,0,0,0,0,0,0,0,0,0,0,0,0,0,0,0,0,0,0
1,0,0,1,0,1,0,2,0,0,0,3,1,0,0,4,0,2,0,1,4,3,4,3,3,4,6,5,8,7,7,9,7,11,11,6,13,10,13,18,22,17,18,19,12,21,20,25,26,16,18,23,14,23,17,25,19,23,16,26,20,19,16,26,19,20,24,32,19,20,12,18,19,22,22,24,20,13,20,11,24,11,9,19,10,15,16,16,18,14,10,13,12,9,12,4,13,8,10,11,7,7,3,8,4,2,4,4,11,8,1,3,7,3,3,2,2,1,1,1,2,4,2,2,2,0,2,1,3,2,0,0,2,1,0,0,0,0,0,0,0,0,0,0,0,0,1,0,0,1,0,0,0,0,0,0,0,0,0,0,0,0,0,0,0,0,0,0,0,0,0,0,0,0,0,0,0,0,0,0,0,0,0,0,0,0,0,0,0,0,0,0,0,0,0,0,0,0,0,0
1,1,0,0,0,0,1,0,1,1,0,0,3,0,0,2,1,2,0,4,5,4,3,3,3,5,3,3,9,8,7,5,7,8,10,7,8,8,11,14,16,17,20,14,17,14,22,13,21,29,26,23,25,25,26,21,26,28,29,37,25,17,20,26,20,24,18,17,24,21,21,19,21,22,20,14,24,16,22,20,19,18,11,16,16,14,18,12,7,11,8,12,9,5,11,7,11,7,10,7,4,10,3,1,7,3,6,5,5,3,5,4,5,4,2,4,2,4,2,3,0,3,2,2,1,1,2,3,3,2,0,1,2,0,2,0,0,0,1,1,0,0,1,0,0,0,0,2,0,0,0,0,0,0,0,0,0,1,0,0,0,0,0,0,0,0,0,0,0,0,0,0,0,0,0,0,0,0,1,0,0,0,0,0,0,0,0,0,0,0,0,0,0,0,0,0,0,0,0,0
2,0,0,0,0,2,3,0,1,0,1,2,1,0,1,0,1,1,3,4,3,0,0,1,5,6,2,5,8,4,4,3,11,12,13,4,11,16,7,13,15,18,15,12,23,21,13,26,26,19,15,16,23,25,21,14,21,25,20,21,19,22,18,20,25,24,23,18,24,19,23,13,17,17,12,20,13,12,10,16,11,13,14,14,13,13,14,10,13,15,10,8,6,8,12,7,10,6,6,10,13,8,5,8,4,4,4,4,2,3,0,4,2,2,3,3,3,3,4,4,3,0,3,2,2,2,0,3,1,1,1,1,1,0,1,1,0,0,2,0,1,0,0,1,0,0,0,1,0,0,0,1,0,0,0,0,0,0,0,0,0,0,1,0,0,0,1,0,0,0,0,0,0,0,0,0,0,0,0,0,0,0,0,1,0,0,0,0,0,0,0,0,0,0,0,0,0,0,0,0
0,0,0,1,0,0,1,1,1,0,0,1,1,1,1,0,2,3,2,6,8,0,3,2,1,5,5,4,1,3,11,6,5,8,9,6,14,19,14,23,18,19,13,16,14,15,12,10,25,21,14,25,20,24,21,24,25,23,14,25,23,22,24,17,17,19,25,16,18,19,21,24,21,16,28,19,18,16,19,14,12,11,15,11,19,16,11,11,14,10,10,8,10,13,9,13,7,6,9,3,3,4,8,11,5,5,4,2,8,2,4,3,3,5,3,3,2,3,0,2,0,2,1,0,2,1,0,0,1,2,0,0,1,1,1,0,2,1,0,0,0,1,1,0,0,1,0,0,0,0,1,0,0,0,0,0,0,0,0,0,0,0,0,0,0,0,0,0,0,0,0,0,0,0,0,0,0,0,0,0,0,0,0,0,0,0,0,0,0,0,0,0,0,0,0,0,0,0,0,0
1,0,0,0,0,2,0,0,1,1,1,1,3,0,1,1,2,4,1,6,3,3,4,4,1,1,2,2,5,6,11,6,6,6,8,5,10,9,9,13,11,10,17,18,22,18,21,16,28,27,16,18,15,30,24,26,17,19,15,28,24,28,24,30,13,25,23,17,11,25,16,20,18,20,24,24,11,18,10,16,14,16,15,10,8,15,10,9,10,14,8,9,10,7,7,6,9,6,11,3,8,2,3,6,10,2,3,2,1,2,6,5,1,5,1,2,1,1,2,4,0,2,1,1,0,2,2,0,0,1,4,2,1,0,3,0,2,0,2,1,0,1,1,0,0,0,1,0,0,0,1,1,1,0,0,1,0,0,0,1,0,0,0,0,0,0,0,0,0,0,0,0,0,0,0,0,0,0,0,0,0,0,0,0,0,0,0,0,0,0,0,0,0,0,0,0,0,0,0,0
0,0,0,1,0,0,2,0,0,0,1,1,2,1,1,3,0,1,3,6,4,1,1,3,5,7,2,3,5,4,8,7,6,9,15,3,12,11,10,17,14,16,20,23,11,10,23,15,21,20,13,17,14,21,14,20,23,31,18,27,20,26,20,23,27,28,21,13,8,21,15,16,20,17,16,19,11,16,6,11,19,21,15,15,14,10,13,12,7,8,5,12,9,11,11,9,4,3,2,7,8,6,4,5,9,6,1,8,3,9,6,5,6,2,1,2,1,2,2,3,2,1,1,2,1,3,2,2,0,1,1,1,1,1,1,2,0,0,0,2,0,0,0,0,0,0,1,0,0,1,0,0,0,0,0,0,0,0,0,0,0,0,0,0,0,0,0,0,0,0,0,0,0,0,0,0,0,0,0,0,0,0,0,0,0,0,0,0,0,0,0,0,0,0,0,0,0,0,0,0
0,0,1,2,0,1,1,1,0,1,0,1,1,1,0,0,1,0,0,4,4,2,7,3,3,12,3,3,4,6,7,2,8,11,10,8,9,11,12,11,17,11,17,15,12,10,13,10,13,18,16,19,21,18,21,31,20,19,12,17,18,27,14,18,14,28,18,21,20,23,12,18,14,17,16,13,12,13,17,9,10,15,6,14,12,12,22,14,15,8,9,16,10,11,12,12,6,8,8,4,7,5,5,8,7,9,7,1,4,4,2,7,1,1,2,1,1,7,2,1,3,1,3,4,0,0,2,2,2,0,1,0,1,0,1,1,0,1,1,0,2,0,1,1,0,1,0,0,0,1,0,0,0,0,0,0,0,0,0,0,0,0,0,0,0,0,0,0,0,1,0,0,0,0,0,0,0,0,0,0,0,0,0,0,0,0,0,0,0,0,0,0,0,0,0,0,0,0,0,0
1,0,0,0,0,1,1,1,0,2,2,1,0,0,0,1,0,2,0,2,9,0,4,5,1,3,4,4,6,4,6,2,3,8,5,9,7,12,13,8,15,9,16,24,20,13,12,17,18,25,26,18,19,20,25,18,25,17,10,20,16,29,20,26,16,19,23,24,16,19,19,23,23,14,15,15,11,15,10,13,8,10,7,11,16,10,13,7,5,6,8,2,9,10,5,4,7,12,7,9,6,6,5,5,6,6,4,3,4,5,5,5,6,3,2,2,1,7,2,4,2,2,1,2,1,2,2,2,0,0,0,1,0,1,2,1,0,0,2,1,0,1,0,1,1,1,2,0,0,2,0,0,0,0,0,0,0,0,0,0,0,0,0,0,0,0,0,0,0,0,0,0,0,0,0,0,0,0,0,0,0,0,0,0,0,0,0,0,0,0,0,0,0,0,0,0,0,0,0,0
0,0,0,0,0,1,0,1,2,0,0,1,0,1,1,1,1,6,1,1,2,4,2,3,4,0,3,2,8,2,6,10,2,7,3,8,11,9,9,10,17,19,11,8,15,14,16,15,15,21,24,15,23,14,33,16,9,24,11,21,29,29,16,18,17,21,17,19,13,19,19,18,21,14,13,17,12,26,17,17,12,10,8,16,10,11,16,10,8,12,8,6,7,4,5,6,9,2,9,2,8,7,6,5,7,3,2,4,2,5,3,6,5,2,3,2,1,3,0,0,0,2,0,1,1,1,2,0,3,1,1,0,1,0,0,2,0,0,1,0,3,0,0,0,0,0,0,0,0,0,0,0,0,0,0,0,0,0,0,0,1,0,0,0,0,0,0,0,0,0,0,0,0,0,0,0,0,0,0,0,0,0,0,0,0,0,0,0,0,0,0,0,0,0,0,0,0,0,0,0
0,1,0,0,1,1,1,0,0,0,1,0,2,0,1,1,4,0,3,1,5,1,2,1,3,4,1,5,9,6,3,5,5,11,10,8,5,16,14,13,16,11,13,8,18,22,9,13,14,23,24,22,19,17,12,15,17,14,17,19,19,20,20,20,13,19,14,21,26,22,21,19,13,22,19,13,12,12,16,6,11,10,7,11,11,17,11,9,8,8,10,7,7,7,6,7,5,5,6,8,4,7,3,6,4,1,4,4,3,3,4,2,3,2,1,1,0,3,4,2,0,2,0,1,4,0,0,2,1,0,0,0,1,0,0,1,0,1,0,0,0,0,2,0,0,0,0,0,0,0,0,0,1,0,0,0,0,0,0,0,0,0,0,0,0,0,0,0,0,0,0,0,0,0,0,0,0,0,0,0,0,0,0,0,0,0,0,0,0,0,0,0,0,0,0,0,0,0,0,0
0,0,0,1,2,2,0,0,2,0,2,3,2,1,1,0,1,1,3,3,5,3,2,4,1,4,1,6,5,2,6,7,6,7,8,5,13,16,13,16,12,9,13,15,10,12,13,18,25,15,22,14,19,21,15,18,21,17,23,17,21,15,21,21,18,29,20,21,15,21,15,17,17,8,16,15,14,15,14,13,13,15,9,14,11,8,13,10,7,11,11,11,5,10,5,5,8,7,7,6,6,5,10,4,5,9,2,2,1,4,2,0,1,0,1,4,0,1,1,0,3,3,2,5,0,0,0,0,1,1,1,1,0,0,2,1,0,0,1,0,0,0,1,0,0,0,1,0,0,0,0,1,0,0,0,0,0,0,0,0,0,0,1,1,0,0,0,0,0,0,0,0,0,0,0,0,0,0,0,0,0,0,0,0,0,0,0,0,0,0,0,0,0,0,0,0,0,0,0,0
0,0,0,0,0,0,1,1,0,0,1,3,0,0,1,0,2,1,0,0,2,1,4,9,3,6,2,2,12,3,6,4,4,5,9,4,7,6,8,10,13,7,13,20,12,12,20,17,18,14,17,10,20,16,16,19,20,25,20,14,24,17,18,19,23,22,13,20,17,11,9,8,11,15,8,15,18,13,11,15,7,18,9,8,9,5,13,14,10,10,14,12,4,8,4,9,6,10,7,5,7,8,9,3,8,2,6,3,0,3,3,5,1,4,3,2,3,2,0,3,2,2,1,1,0,1,1,0,1,0,1,0,0,1,0,1,0,2,0,2,0,1,0,0,0,0,1,0,1,0,0,0,0,0,0,0,1,0,0,0,0,0,0,0,0,0,0,0,0,0,0,0,0,0,0,0,0,0,0,0,0,0,0,0,0,0,0,0,0,0,0,0,0,0,0,0,0,0,0,0
0,0,0,0,0,1,0,0,0,0,1,2,1,0,0,1,0,2,3,6,1,1,1,1,3,3,8,6,3,7,6,2,5,6,5,8,10,5,11,12,14,15,17,8,11,12,12,16,20,17,17,8,8,16,25,21,21,13,14,20,13,19,24,13,15,20,16,21,11,22,16,13,21,12,10,13,7,11,12,15,10,5,9,6,11,7,3,9,8,13,12,6,4,15,7,2,6,5,8,1,6,6,3,9,3,1,2,4,3,4,6,0,4,5,1,2,2,2,2,2,2,2,0,2,2,1,1,1,2,0,0,0,1,1,1,0,0,0,1,0,0,0,0,0,0,0,0,1,0,1,1,0,0,0,0,0,0,0,0,0,0,0,0,0,0,0,0,0,0,0,0,0,0,0,0,0,0,0,0,0,0,0,0,0,0,0,0,0,0,0,0,0,0,0,0,0,0,0,0,0
1,1,0,0,0,0,0,1,0,0,0,0,2,3,0,1,0,2,3,4,3,4,1,1,3,1,3,2,6,7,4,8,5,12,6,10,6,8,15,19,17,11,9,14,7,14,22,14,10,15,10,12,14,18,17,17,19,18,16,16,13,18,13,21,17,17,20,21,13,21,16,17,23,21,17,13,12,13,12,16,10,11,7,5,14,11,11,8,9,8,7,7,6,6,6,8,3,2,2,2,3,8,3,5,0,4,4,3,5,3,3,1,3,1,2,0,3,3,2,2,1,2,0,1,3,1,1,1,1,1,0,0,0,3,1,0,1,0,1,2,0,0,0,0,1,0,2,0,0,0,0,1,0,0,0,0,1,0,0,0,0,0,0,0,0,0,0,0,1,0,0,0,0,0,0,0,0,0,0,0,0,0,0,0,0,0,0,0,0,0,0,0,0,0,0,0,0,0,0,0
0,0,1,0,0,1,0,2,1,0,1,1,0,0,2,0,0,1,0,2,3,3,1,1,2,4,2,4,5,4,6,6,5,14,15,7,8,5,12,7,13,16,18,15,11,18,17,12,17,10,17,12,15,12,14,14,20,19,22,21,8,23,23,19,14,20,25,15,21,16,17,14,15,15,5,11,16,9,8,12,9,10,8,11,5,10,14,5,8,8,9,6,3,10,6,4,5,5,5,4,5,6,4,8,6,1,2,2,5,0,0,0,0,0,3,0,0,6,1,2,0,3,1,1,1,3,0,2,2,0,0,1,0,2,0,0,0,0,0,2,0,0,0,0,0,0,0,0,0,0,0,0,0,1,1,0,1,0,0,0,0,0,0,0,0,0,0,0,0,0,0,0,0,0,0,0,0,0,0,0,0,0,0,0,0,0,0,0,0,0,0,0,0,0,0,0,0,0,0,0
0,0,0,0,1,0,1,0,0,0,0,1,4,2,0,1,0,0,2,3,2,4,2,1,5,5,0,1,3,5,4,7,10,9,11,2,10,11,13,12,16,15,10,9,16,13,13,15,14,18,12,16,12,17,14,11,13,20,15,14,23,21,18,11,12,12,13,11,16,15,11,18,13,16,13,17,16,7,15,11,13,13,9,9,5,9,5,9,10,10,6,6,10,6,8,9,3,5,1,8,8,4,4,2,3,3,3,4,1,1,3,1,1,3,1,3,3,3,1,1,1,3,1,1,2,0,2,1,1,0,2,0,1,0,1,1,0,0,0,1,0,0,0,0,0,0,0,1,0,0,0,1,0,0,0,0,1,0,0,0,0,0,0,0,0,0,0,0,0,0,0,0,0,0,1,0,0,0,0,0,0,0,0,0,0,0,0,0,0,0,0,0,0,0,0,0,0,0,0,0
0,0,0,0,0,0,0,0,0,0,0,0,0,1,1,1,1,2,4,5,2,2,4,1,3,0,4,4,2,2,5,9,4,6,6,10,4,14,8,11,9,15,10,14,11,13,23,12,11,18,15,11,19,15,20,12,12,10,17,12,16,14,19,24,25,16,8,11,14,16,10,21,13,13,10,15,9,14,9,10,10,14,11,6,7,9,11,5,10,15,5,5,10,6,5,2,6,8,6,2,13,1,5,2,4,3,4,2,3,4,5,3,2,2,1,3,0,0,0,0,3,0,0,1,2,0,3,0,0,0,0,0,0,0,1,1,1,1,0,1,0,1,1,0,2,0,0,0,0,0,0,0,0,1,0,0,0,0,0,0,0,0,0,0,0,0,0,0,0,0,0,0,0,0,0,0,0,0,0,0,0,0,0,0,0,0,0,0,0,0,0,0,0,0,0,0,0,0,0,0
0,1,0,0,0,0,0,1,0,0,2,2,0,0,0,2,0,2,2,0,3,3,0,1,2,1,3,3,5,5,5,3,8,3,3,4,11,7,12,9,8,5,8,12,9,14,13,11,10,24,12,11,15,12,20,12,14,15,19,14,14,14,13,16,17,12,12,12,16,17,12,15,13,19,11,13,12,10,6,12,10,6,10,8,9,8,7,9,7,7,6,8,10,6,8,2,4,2,6,3,9,5,6,5,2,6,7,3,2,2,3,4,0,1,0,3,0,1,0,1,0,1,4,2,3,0,1,1,1,0,0,0,3,0,2,0,0,0,1,0,0,2,0,0,0,0,0,0,0,0,0,0,0,0,1,0,1,0,0,0,0,1,0,0,0,0,0,0,0,0,0,0,0,0,0,0,0,0,0,0,0,0,0,0,0,0,0,0,0,0,0,0,0,0,0,0,0,0,0,0
0,0,0,1,0,0,0,0,0,0,1,2,0,1,1,2,1,1,2,4,3,2,2,4,1,4,5,3,1,1,3,6,4,6,6,8,10,7,9,10,9,8,14,9,14,7,15,20,17,11,15,11,12,12,22,15,14,14,16,12,25,19,11,15,18,12,17,14,12,15,5,18,13,11,15,12,7,8,8,12,9,7,6,9,8,10,6,4,7,12,4,6,9,10,8,6,6,7,5,2,2,5,4,2,6,3,3,2,5,2,1,4,3,0,1,2,3,0,5,1,1,1,3,0,0,1,0,0,2,0,0,2,1,0,0,0,0,0,0,0,0,1,0,0,0,0,1,0,0,0,0,0,1,0,0,0,0,0,0,0,0,0,0,0,0,0,0,0,0,0,0,0,0,0,0,0,0,0,0,0,0,0,0,0,0,0,0,0,0,0,0,0,0,0,0,0,0,0,0,0
1,1,0,0,0,1,0,1,1,0,0,2,0,1,1,1,2,1,1,1,3,1,4,1,2,2,1,3,5,0,4,7,4,8,8,3,4,10,9,7,11,11,12,17,13,5,13,6,15,16,9,5,8,15,12,16,18,10,16,15,20,23,15,12,15,21,17,13,8,10,13,13,14,13,6,3,10,13,8,10,12,6,11,12,12,8,8,3,5,6,5,6,13,3,2,3,7,5,5,1,5,2,2,2,1,1,5,1,0,3,0,0,3,0,1,0,0,4,0,2,2,0,1,0,0,0,2,1,0,0,2,0,0,0,1,0,0,1,0,0,0,0,0,0,0,1,0,0,0,0,0,0,0,0,0,0,0,0,0,0,0,0,0,0,0,0,0,0,0,0,0,0,0,0,0,0,0,0,0,0,0,0,0,0,0,0,0,0,0,0,0,0,0,0,0,0,0,0,0,0
0,0,0,0,1,0,0,0,0,0,1,2,1,1,0,0,1,1,2,2,0,1,0,5,4,6,1,2,7,3,5,4,9,10,2,12,7,7,8,7,12,7,12,15,15,12,13,16,10,15,9,14,14,14,11,16,15,31,15,19,17,16,14,10,14,19,21,15,18,9,12,14,11,11,12,11,11,5,16,10,16,9,15,11,15,7,12,3,11,10,11,4,8,9,5,5,4,1,5,3,5,2,2,3,2,4,3,2,2,3,2,2,1,2,1,0,1,1,1,1,0,1,2,2,1,1,0,0,0,1,0,0,0,0,1,2,0,1,0,1,0,1,0,0,0,2,0,1,0,0,0,0,0,0,0,0,0,0,0,0,0,0,0,0,0,0,0,0,0,0,0,0,0,0,0,0,0,0,0,0,0,0,0,0,0,0,0,0,0,0,0,0,0,0,0,0,0,0,0,0
1,0,0,0,0,0,1,0,0,1,1,0,0,1,1,0,2,1,2,0,4,0,2,4,4,2,2,2,6,3,8,4,4,5,9,6,6,6,10,6,7,7,9,14,13,5,7,12,21,17,18,9,7,11,12,14,19,15,14,13,17,23,17,15,12,15,10,13,17,20,12,19,14,8,13,8,8,4,13,6,6,10,11,12,8,5,5,6,8,10,6,4,8,1,3,5,4,7,1,4,2,5,5,4,4,1,2,2,1,2,1,0,7,2,1,4,1,2,4,3,0,1,1,3,3,1,0,0,0,2,1,0,0,1,0,0,0,0,2,0,0,0,0,0,0,0,0,1,1,0,0,1,0,0,0,0,1,0,0,0,0,0,0,0,0,0,0,0,0,0,0,0,0,0,0,0,0,0,0,0,0,0,0,0,0,0,0,0,0,0,0,0,0,0,0,0,0,0,0,0
0,0,0,0,0,0,0,0,0,0,1,0,1,0,0,1,1,1,2,3,5,0,5,0,1,2,6,4,7,1,1,10,1,5,3,7,8,5,12,12,15,11,10,5,19,8,13,12,9,14,12,18,15,10,19,21,13,11,12,12,16,14,11,17,19,14,12,12,18,7,12,18,10,7,16,13,6,10,8,5,7,10,11,9,13,2,3,9,11,5,2,1,5,6,3,4,5,9,6,1,5,1,3,1,6,1,2,7,2,2,2,0,3,2,4,1,3,2,2,3,0,2,0,1,0,0,0,3,0,0,0,0,0,0,0,0,0,0,0,1,0,0,0,0,0,0,0,0,0,0,0,0,0,0,0,0,0,0,0,0,0,0,0,0,0,0,1,0,0,0,0,0,0,0,0,0,0,0,0,0,0,0,0,0,0,0,0,0,0,0,0,0,0,0,0,0,0,0,0,0
0,0,0,0,0,0,0,0,1,0,1,0,0,0,1,1,0,3,1,2,2,0,3,1,3,1,0,0,6,1,7,6,4,10,4,7,9,7,5,8,6,9,5,9,13,7,10,10,10,10,14,11,11,14,12,12,12,15,14,13,12,18,19,17,7,16,16,14,9,14,17,13,10,9,12,13,8,4,4,5,5,7,9,7,12,3,8,5,3,8,5,9,7,9,10,5,6,8,9,4,3,0,4,3,5,4,1,4,1,3,1,1,4,0,3,1,2,1,0,1,2,1,0,1,0,0,0,1,1,0,1,1,1,0,2,0,0,1,0,1,0,1,0,0,0,1,0,0,0,0,0,0,0,1,0,0,0,0,0,0,0,0,0,0,0,0,0,0,0,0,0,0,0,0,0,0,0,0,0,0,0,0,0,0,0,0,0,0,0,0,0,0,0,0,0,0,0,0,0,0
0,1,0,0,0,0,0,0,1,0,1,0,1,0,0,1,1,0,2,2,5,1,2,4,1,3,2,4,4,2,3,1,3,5,4,8,6,6,4,5,11,12,8,5,14,7,12,11,14,17,13,7,8,14,9,11,12,11,14,12,21,17,20,15,18,10,13,10,11,11,8,8,11,4,11,13,16,6,10,10,10,6,12,3,9,5,7,7,0,6,5,4,4,5,8,6,7,1,6,4,5,3,1,4,1,4,3,0,1,3,2,1,3,0,1,3,0,0,0,1,1,3,1,2,1,4,0,1,0,0,0,0,3,0,0,0,0,2,0,0,0,0,0,1,0,0,0,0,0,0,0,0,0,0,0,0,0,0,0,0,0,0,0,0,0,0,1,0,0,0,0,0,0,0,0,0,0,0,0,0,0,0,0,0,0,0,0,0,0,0,0,0,0,0,0,0,0,0,0,0
0,0,0,0,0,0,0,0,0,0,1,2,2,0,0,0,1,0,1,2,4,2,2,4,5,7,0,3,2,0,6,4,7,8,6,3,4,4,7,10,12,7,8,10,12,9,8,11,11,14,16,11,10,13,15,13,10,12,12,10,11,11,11,8,9,13,19,17,22,11,8,12,13,12,13,11,10,14,9,9,6,13,3,9,13,5,8,2,4,5,6,2,5,4,4,5,2,5,6,7,3,2,2,8,7,0,6,2,1,3,1,4,2,3,0,0,2,1,5,2,0,0,2,1,1,1,1,2,0,1,0,0,1,0,1,0,1,0,0,1,0,0,0,0,0,0,0,0,0,0,0,0,0,0,0,0,0,0,0,0,0,0,0,0,0,0,0,0,0,0,0,0,0,0,0,0,0,0,0,0,0,0,0,0,0,0,0,0,0,0,0,0,0,0,0,0,0,0,0,0
0,0,0,0,0,1,0,0,3,0,0,1,1,1,0,1,0,2,4,3,3,3,1,4,4,2,0,0,4,3,3,1,2,9,2,4,4,11,7,9,10,11,15,7,6,9,13,8,11,14,23,7,8,9,13,19,12,21,6,11,12,6,11,14,5,11,13,12,9,10,14,10,17,7,11,18,6,5,9,1,12,6,6,4,9,8,2,6,5,8,8,7,1,3,7,7,5,2,7,4,6,2,2,2,4,2,1,3,3,2,3,3,2,1,1,0,2,1,3,1,5,2,1,1,1,1,0,0,1,1,1,1,0,2,1,0,0,1,2,0,0,1,1,0,0,0,1,0,0,0,0,0,0,0,0,0,0,0,0,0,0,0,0,0,0,0,0,0,0,0,0,0,0,0,0,0,0,0,0,0,0,0,0,0,0,0,0,0,0,0,0,0,0,0,0,0,0,0,0,0
0,0,0,0,0,0,0,1,0,0,2,1,3,1,0,1,1,0,0,1,5,3,1,2,2,4,1,1,4,4,2,2,4,5,5,2,5,4,5,12,8,6,8,15,8,13,10,16,16,7,15,10,10,10,12,16,15,10,11,13,12,9,12,12,13,9,14,11,13,12,12,9,8,8,8,7,10,9,12,8,9,4,7,14,8,4,4,1,5,2,4,5,7,1,4,1,6,5,3,3,3,3,4,7,2,3,2,0,6,2,4,3,0,0,1,2,1,0,1,2,0,1,0,0,0,2,1,2,0,0,1,1,1,2,1,0,0,1,0,0,0,0,0,0,0,0,0,0,0,0,0,0,0,1,0,0,0,0,0,0,0,0,0,0,0,0,0,0,0,0,0,0,0,0,0,0,0,0,0,0,0,0,0,0,0,0,0,0,0,0,0,0,0,0,0,0,0,0,0,0
0,0,0,0,0,1,0,1,0,0,0,0,0,0,1,1,0,0,1,1,0,0,3,0,4,1,4,2,2,2,6,4,4,6,4,4,10,6,3,13,11,10,9,12,5,6,8,7,8,13,14,15,14,11,8,9,11,11,7,13,13,15,5,12,15,13,12,5,11,8,11,11,6,7,8,5,2,3,7,12,6,8,8,8,3,8,1,9,5,5,6,2,4,10,4,6,7,0,5,5,1,1,3,1,1,2,1,6,2,4,2,0,2,0,2,2,3,1,0,2,0,0,2,1,0,1,0,0,0,1,0,1,0,1,0,0,0,0,1,0,0,0,0,1,0,0,0,0,0,0,0,1,0,0,0,0,1,0,0,0,0,0,0,0,0,0,0,0,0,0,0,0,0,0,0,0,0,0,0,0,0,0,0,0,0,0,0,0,0,0,0,0,0,0,0,0,0,0,0,0
0,0,0,0,0,0,0,0,0,1,2,0,0,0,0,0,1,2,1,3,3,1,1,2,3,4,3,3,2,3,2,4,3,6,6,4,1,5,4,6,14,10,9,5,8,3,11,6,9,8,11,11,7,13,18,15,8,8,9,15,12,12,14,9,9,10,13,13,10,15,8,13,10,12,8,3,17,4,5,5,4,7,1,13,5,11,3,3,9,2,2,4,8,4,4,1,4,2,2,3,4,1,1,1,3,2,1,4,2,2,1,2,1,1,2,0,1,1,0,2,0,0,1,2,3,1,0,2,0,2,0,0,0,0,0,0,0,0,0,0,0,0,0,0,0,0,0,0,0,0,1,0,0,1,0,0,0,0,0,0,0,0,0,0,0,0,0,0,0,0,0,0,0,0,0,0,0,0,0,0,0,0,0,0,0,0,0,0,0,0,0,0,0,0,0,0,0,0,0,0
0,0,0,0,0,0,0,0,1,0,0,0,0,1,1,2,1,2,3,1,5,0,1,2,0,5,3,6,1,3,3,1,4,4,3,3,8,2,5,3,11,9,11,7,15,12,11,3,15,8,11,17,8,8,16,8,15,13,10,8,13,13,11,11,7,12,9,9,8,12,8,7,10,12,7,7,4,7,7,8,12,9,4,4,8,7,6,6,5,5,5,1,5,1,5,4,7,6,2,0,1,1,8,2,5,1,3,1,2,0,0,0,2,2,1,3,3,1,0,2,0,1,0,1,0,0,0,0,0,0,2,0,2,0,0,0,0,1,0,0,0,0,1,0,1,0,0,0,0,0,0,0,0,0,0,0,0,0,0,0,0,0,0,0,0,0,0,0,0,0,0,0,0,0,0,0,0,0,0,0,0,0,0,0,0,0,0,0,0,0,0,0,0,0,0,0,0,0,0,0
0,1,1,1,0,0,0,0,0,0,1,0,0,0,0,0,0,4,0,0,3,0,2,4,1,2,1,4,2,1,1,4,7,3,2,3,10,5,6,6,7,9,13,9,7,11,6,7,13,9,10,6,5,14,10,9,11,5,9,11,12,11,7,9,7,11,15,5,15,7,9,6,6,8,14,8,12,9,5,5,7,7,6,4,10,8,2,5,8,3,6,2,2,5,7,4,3,4,6,4,3,2,4,2,5,0,0,2,3,0,0,4,1,2,0,1,2,0,0,2,0,3,1,1,1,1,2,1,1,0,0,0,0,1,1,0,0,1,0,0,0,0,0,0,1,0,0,0,0,1,0,0,1,0,0,0,0,0,0,0,0,0,0,0,0,0,0,0,0,0,0,0,0,0,0,0,0,0,0,0,0,0,0,0,0,0,0,0,0,0,0,0,0,0,0,0,0,0,0,0
0,0,0,0,1,1,0,0,0,0,1,1,1,0,0,0,2,0,1,2,2,3,3,2,3,0,1,3,2,4,1,6,4,5,5,5,6,7,4,4,5,3,7,5,4,8,7,13,10,7,6,7,14,8,11,8,10,10,7,8,5,10,11,14,9,14,8,9,7,6,6,6,13,8,9,5,9,10,2,4,8,1,4,11,2,4,3,6,1,6,6,5,2,4,5,2,2,2,2,2,3,1,6,6,3,1,1,5,2,3,2,2,1,3,1,2,1,2,0,0,0,1,0,0,0,0,0,0,1,0,0,0,0,0,3,0,0,0,0,0,0,0,0,0,0,1,0,0,0,0,0,0,0,0,0,0,0,0,0,0,0,0,0,0,0,0,0,0,0,0,0,0,0,0,0,0,0,0,0,0,0,0,0,0,0,0,0,0,0,0,0,0,0,0,0,0,0,0,0,0
0,0,0,0,0,0,0,1,0,0,0,2,2,0,1,0,2,1,2,2,3,4,0,1,2,0,3,1,3,4,4,4,5,1,3,4,7,6,2,11,5,6,8,10,7,8,7,5,5,12,14,13,7,8,10,11,7,13,10,14,12,13,9,8,11,12,10,14,10,7,6,11,9,11,7,7,3,5,4,8,3,5,5,6,5,8,5,4,0,3,2,1,4,3,5,5,5,6,5,3,1,4,2,4,1,4,3,3,0,1,1,0,3,2,0,2,1,1,0,1,1,2,1,0,0,1,0,0,0,0,0,0,1,0,1,0,0,0,0,0,0,0,0,0,0,0,0,0,0,0,0,0,0,0,0,0,0,0,0,0,0,0,0,0,0,0,0,0,0,0,0,0,0,0,0,0,0,0,0,0,0,0,0,0,0,0,0,0,0,0,0,0,0,0,0,0,0,0,0,0
0,0,0,0,1,1,0,0,0,0,0,0,0,1,0,0,2,0,1,0,0,2,0,2,2,2,3,3,3,4,8,4,4,2,3,4,5,9,6,7,8,7,8,5,5,6,7,11,9,9,13,3,7,12,15,11,7,9,11,13,11,9,13,10,8,7,7,14,4,11,16,14,14,7,9,9,10,2,10,7,7,4,3,7,6,2,10,7,2,4,7,3,5,4,1,5,7,7,8,4,3,4,5,1,1,1,2,1,1,2,3,3,1,2,0,2,0,0,1,0,0,0,0,0,1,0,0,0,0,0,1,1,1,0,0,0,0,0,0,1,0,1,0,1,0,0,1,0,0,0,0,0,0,0,0,0,0,0,0,0,0,0,0,0,0,0,0,0,0,0,0,0,0,0,0,0,0,0,0,0,0,0,0,0,0,0,0,0,0,0,0,0,0,0,0,0,0,0,0,0
0,1,0,0,0,0,1,0,0,1,0,1,1,0,1,0,0,0,0,0,1,4,1,0,0,3,3,2,3,4,1,3,0,5,6,7,5,5,3,5,4,7,3,13,5,11,7,7,12,9,10,6,7,10,13,9,7,10,8,14,15,10,9,10,10,6,7,8,9,5,11,6,9,8,9,6,10,6,6,10,8,4,2,7,4,6,4,2,4,6,4,2,2,4,6,5,6,4,0,3,5,2,4,2,1,0,3,3,3,0,0,0,0,1,0,0,1,0,0,3,0,0,0,0,1,1,0,0,0,0,0,0,2,0,0,0,3,0,1,1,0,0,0,1,0,0,0,0,0,0,0,0,0,0,0,0,0,0,0,0,0,0,0,0,0,0,0,0,1,0,0,0,0,0,0,0,0,0,0,0,0,0,0,0,0,0,0,0,0,0,0,0,0,0,0,0,0,0,0,0
1,0,0,1,0,1,0,0,0,0,1,0,1,1,0,0,0,0,1,4,1,4,1,0,3,3,4,2,1,5,1,4,4,4,9,3,3,6,9,7,3,9,7,3,9,9,13,7,11,9,14,14,13,7,9,13,14,11,4,10,15,11,8,8,12,13,9,8,5,12,10,12,6,5,11,3,6,14,8,10,9,7,4,7,3,6,5,1,7,8,6,3,1,5,0,2,8,3,2,1,0,3,1,5,3,3,3,4,1,2,0,2,0,2,2,1,2,0,0,1,0,0,0,0,0,1,0,0,0,1,0,0,0,1,0,0,0,0,0,1,0,0,0,0,0,0,0,0,0,0,0,0,0,0,0,0,0,0,0,1,0,0,0,0,0,0,0,0,0,0,0,0,0,0,0,0,0,0,0,0,0,0,0,0,0,0,0,0,0,0,0,0,0,0,0,0,0,0,0,0
0,1,0,0,0,0,0,0,0,0,0,0,0,0,1,1,0,0,1,2,2,1,0,1,2,1,3,3,4,3,2,3,0,4,3,5,2,5,1,7,3,5,6,6,3,8,7,10,10,10,9,9,7,7,6,13,11,13,13,7,10,9,11,17,11,6,8,9,13,10,9,5,10,8,6,8,10,8,7,6,8,5,2,3,4,3,5,3,4,10,2,4,2,5,5,2,2,1,2,0,0,2,3,5,2,1,1,4,0,2,2,3,2,2,0,2,2,0,0,2,1,0,0,2,1,0,0,0,0,1,0,0,1,0,1,1,0,0,0,0,0,0,0,0,0,0,0,0,1,0,0,0,0,0,0,0,0,0,0,0,0,0,0,0,0,0,1,0,0,0,0,0,0,0,0,0,0,0,0,0,0,0,0,0,0,0,0,0,0,0,0,0,0,0,0,0,0,0,0,0
0,0,0,1,0,0,0,0,0,1,1,0,0,1,1,1,0,0,2,1,1,2,0,1,4,3,1,2,3,2,5,4,7,5,5,3,0,5,5,9,5,10,8,5,7,6,6,12,7,13,6,8,11,8,8,10,6,7,8,6,15,11,6,11,10,7,5,15,10,6,4,6,7,12,6,9,6,4,5,4,7,4,3,6,3,6,6,10,1,8,4,3,4,3,4,1,0,2,0,0,1,2,1,8,3,1,1,1,2,0,3,1,0,0,0,1,2,1,2,0,0,2,0,2,0,0,1,0,2,0,1,0,1,0,0,1,1,0,0,0,0,0,0,1,0,0,0,0,0,1,1,0,0,0,0,0,0,0,0,0,0,0,0,0,0,0,0,0,0,0,0,0,0,0,0,0,0,0,0,0,0,0,0,0,0,0,0,0,0,0,0,0,0,0,0,0,0,0,0,0
0,0,0,0,0,0,0,0,1,0,0,0,1,0,1,0,0,1,0,0,0,2,1,0,5,0,0,1,0,1,5,2,2,6,5,2,1,5,2,7,8,3,5,4,5,8,6,7,7,6,11,7,9,8,9,5,10,15,11,6,6,7,6,6,5,12,5,9,8,3,8,10,10,8,8,5,9,6,7,8,6,1,4,5,3,3,4,4,3,1,4,3,7,1,5,1,6,2,3,0,4,1,5,2,2,1,1,1,0,1,3,1,2,1,0,1,1,1,0,0,1,0,1,0,0,2,2,1,0,0,0,0,0,0,1,0,0,0,0,0,0,0,0,1,0,0,0,0,0,0,0,0,1,0,0,0,0,0,0,0,0,0,0,0,0,0,0,0,0,0,0,0,0,0,0,0,0,0,0,0,0,0,0,0,0,0,0,0,0,0,0,0,0,0,0,0,0,0,0,0
0,0,0,0,0,0,0,0,1,0,1,0,0,0,1,0,0,1,0,2,2,1,1,1,3,4,1,0,2,0,3,3,3,8,3,6,4,7,4,1,7,4,7,4,4,4,7,10,6,7,6,11,7,15,10,12,7,7,7,9,10,8,7,4,5,5,3,4,7,9,7,10,15,8,10,8,6,8,4,4,3,4,5,7,5,2,3,5,6,2,3,7,2,5,2,2,5,1,3,1,2,3,0,2,0,1,0,2,1,3,3,5,0,1,2,3,3,0,1,2,0,0,0,0,0,0,0,0,1,0,0,0,0,0,0,1,1,1,0,0,0,1,0,0,0,0,1,0,0,0,0,0,0,0,0,0,0,0,0,0,0,0,0,0,0,0,0,0,0,0,0,0,0,0,0,0,0,0,0,0,0,0,0,0,0,0,0,0,0,0,0,0,0,0,0,0,0,0,0,0
1,0,0,0,0,0,0,0,0,0,0,1,2,0,0,1,0,0,1,3,0,2,0,1,3,2,1,1,2,2,4,1,1,6,3,3,1,2,6,5,6,4,11,5,5,8,7,4,7,5,5,12,8,8,9,10,5,9,4,8,9,11,10,8,8,9,6,5,13,8,9,7,4,8,4,10,6,4,4,5,1,6,2,6,2,3,8,4,1,1,3,1,4,5,4,6,3,2,2,2,1,0,1,1,6,1,3,2,0,0,1,3,1,0,0,1,0,1,0,0,0,0,0,1,0,1,1,0,1,0,1,0,2,0,1,0,0,0,0,0,0,0,0,0,0,0,0,0,0,0,0,0,0,0,0,1,0,0,0,0,0,0,0,0,0,0,1,0,0,0,0,0,0,0,0,0,0,0,0,0,0,0,0,0,0,0,0,0,0,0,0,0,0,0,0,0,0,0,0,0
0,0,0,0,0,0,0,0,1,0,0,0,0,1,0,1,0,1,0,0,4,3,1,2,1,3,3,1,3,1,4,3,6,2,3,2,3,3,3,5,1,7,6,5,5,4,5,4,10,4,7,6,7,6,8,4,11,13,7,9,10,8,4,7,5,11,14,15,8,5,8,3,7,12,6,11,2,8,4,9,3,6,4,6,3,3,2,5,2,2,2,3,4,2,2,2,8,2,4,0,1,5,6,1,1,0,1,0,1,0,0,1,0,0,0,2,0,1,0,1,0,0,2,1,0,1,0,1,0,0,0,0,0,0,0,0,1,0,0,0,0,1,0,0,0,0,0,0,0,0,0,0,0,0,0,0,0,0,0,0,0,0,0,0,0,0,0,0,0,0,0,0,0,0,0,0,0,0,0,0,0,0,0,0,0,0,0,0,0,0,0,0,0,0,0,0,0,0,0,0
0,0,0,1,0,0,0,0,0,0,0,0,2,1,1,0,0,0,1,0,1,1,3,1,3,1,2,1,1,1,1,1,4,3,2,4,2,6,4,4,8,6,3,5,5,6,4,8,6,11,3,11,9,8,6,7,10,9,6,9,7,4,4,9,9,8,6,7,4,6,12,5,7,13,10,6,7,8,8,6,5,5,4,4,7,4,3,5,7,2,2,1,2,0,2,2,3,4,4,2,1,1,3,4,4,1,3,0,1,1,0,3,2,0,0,1,1,1,0,2,1,1,0,1,0,1,0,1,0,0,0,1,0,0,1,0,0,0,0,0,0,0,0,0,0,0,1,0,0,0,0,0,0,0,0,0,0,0,0,0,0,0,0,0,0,0,0,0,0,0,0,0,0,0,0,0,0,0,0,0,0,0,0,0,0,0,0,0,0,0,0,0,0,0,0,0,0,0,0,0
0,0,0,0,0,0,0,0,0,0,0,0,0,2,0,0,1,0,2,0,2,0,0,0,5,1,0,1,1,0,5,1,4,2,4,1,4,5,6,4,7,6,11,1,7,7,9,4,4,11,7,9,3,5,4,4,5,6,6,6,9,8,8,5,8,7,4,7,6,7,9,5,8,10,5,5,4,4,6,1,3,3,5,5,7,3,2,5,1,4,2,2,6,6,6,2,3,2,4,0,1,1,1,2,3,2,0,0,3,2,1,0,1,0,0,0,2,1,3,0,1,0,0,0,0,0,0,0,1,0,0,0,0,0,1,0,0,2,0,0,0,0,0,0,0,0,0,0,0,0,0,0,0,0,0,0,0,0,0,0,0,0,0,0,0,0,0,0,0,0,0,0,0,0,0,0,0,0,0,0,0,0,0,0,0,0,0,0,0,0,0,0,0,0,0,0,0,0,0,0
0,0,0,0,0,0,0,0,0,0,0,0,0,0,1,1,0,2,2,0,2,0,1,1,1,2,1,2,0,0,3,8,5,3,4,7,3,4,2,7,4,4,5,3,6,6,2,7,4,9,6,5,7,3,17,5,9,4,2,13,6,7,5,9,11,8,5,5,8,9,4,6,8,4,5,3,7,5,4,2,3,16,1,2,5,4,7,6,6,4,2,1,5,1,5,0,3,3,0,2,1,4,1,2,3,1,0,1,1,0,1,1,2,0,1,0,1,0,1,1,3,0,0,0,0,0,1,0,0,0,0,2,0,1,0,0,0,0,1,0,0,0,0,0,0,0,0,0,0,0,0,0,0,0,0,0,0,0,0,0,0,0,0,0,0,0,0,0,0,0,0,0,0,0,0,0,0,0,0,0,0,0,0,0,0,0,0,0,0,0,0,0,0,0,0,0,0,0,0,0
0,0,0,0,0,0,0,0,0,0,1,1,0,0,0,0,2,3,0,1,0,1,0,0,2,2,0,2,1,3,3,3,1,5,3,5,4,3,5,2,6,3,6,8,6,7,4,6,6,8,11,6,4,4,12,8,10,8,7,8,3,10,9,10,7,6,4,5,3,6,7,5,8,6,4,10,9,6,5,4,8,6,7,7,5,4,2,4,1,8,2,1,2,1,4,1,2,2,1,1,2,4,1,2,2,4,2,0,3,1,1,1,0,3,0,0,3,1,1,1,0,0,2,1,0,0,1,0,1,1,2,2,0,1,0,0,0,1,1,0,0,1,0,0,0,0,0,0,0,0,0,0,0,1,0,1,0,0,0,0,0,0,0,0,0,0,0,0,0,0,0,0,0,0,0,0,0,0,0,0,0,0,0,0,0,0,0,0,0,0,0,0,0,0,0,0,0,0,0,0
0,0,0,1,0,0,0,0,0,0,0,1,0,0,1,1,0,0,0,2,2,0,0,1,1,1,2,1,2,1,1,0,1,6,1,6,3,7,1,7,3,2,6,2,8,6,3,6,6,7,8,8,9,7,8,3,7,6,8,10,11,4,4,7,6,7,11,3,3,6,5,6,5,8,9,11,4,2,3,0,8,6,4,4,2,6,4,5,7,3,0,3,4,5,4,7,2,2,2,1,1,0,1,1,1,0,2,2,1,0,1,0,1,0,0,0,1,0,1,2,1,0,1,0,0,0,1,1,0,0,0,0,1,0,0,1,0,0,0,1,0,0,0,0,1,0,0,0,0,0,0,0,0,0,0,0,0,0,0,0,0,0,0,0,0,0,0,0,0,0,0,0,0,0,0,0,0,0,0,0,0,0,0,0,0,0,0,0,0,0,0,0,0,0,0,0,0,0,0,0
0,0,0,0,1,0,0,0,0,0,0,0,0,0,0,1,1,1,1,2,1,1,0,1,1,1,1,0,3,3,5,0,4,2,1,3,3,6,4,3,6,3,8,4,9,5,4,7,10,9,14,8,6,9,10,4,4,5,8,12,3,8,11,5,3,4,7,7,6,4,7,6,0,4,2,1,2,4,2,1,5,4,1,4,4,2,1,3,4,2,4,2,3,0,3,2,1,3,2,1,1,3,3,0,1,2,0,0,1,3,0,4,2,3,1,0,0,1,0,3,1,0,1,0,0,0,0,0,1,1,0,0,0,0,0,0,0,0,0,0,0,0,0,0,0,0,0,0,0,0,0,0,0,0,0,0,0,0,0,0,0,0,0,0,0,0,0,0,0,0,0,0,0,0,0,0,0,0,0,0,0,0,0,0,0,0,0,0,0,0,0,0,0,0,0,0,0,0,0,0
0,0,0,0,0,0,0,0,0,0,0,0,1,0,0,0,0,0,0,0,2,1,1,0,0,2,1,1,3,3,4,1,1,4,1,0,3,2,7,1,9,5,8,7,4,5,9,3,10,7,13,6,8,7,6,4,4,12,3,2,10,3,5,7,3,8,3,3,11,10,7,8,8,6,2,7,7,4,6,2,2,3,4,2,1,4,4,2,3,7,4,2,2,2,1,1,0,1,2,0,3,0,1,0,1,2,0,3,0,1,0,0,2,3,1,0,1,0,0,1,1,0,0,0,0,0,0,0,0,1,1,0,1,1,0,0,0,0,0,1,0,0,0,0,0,0,0,0,0,0,0,0,0,0,0,0,0,0,0,0,0,0,0,0,0,0,0,0,0,0,0,0,0,0,0,0,0,0,0,0,0,0,0,0,0,0,0,0,0,0,0,0,0,0,0,0,0,0,0,0
0,0,0,0,0,0,0,0,0,0,0,0,0,0,0,0,1,0,0,2,0,1,0,0,0,0,3,1,3,1,2,2,3,3,6,3,2,4,0,8,2,2,8,8,8,5,10,4,5,3,5,7,5,7,8,5,9,10,6,8,5,6,8,5,14,8,3,3,3,7,6,7,1,5,6,6,2,6,0,3,4,5,3,5,3,3,4,4,4,3,7,4,1,2,1,3,0,2,4,1,1,1,2,0,0,1,1,2,0,1,3,1,1,0,1,1,1,0,0,0,0,0,1,0,0,1,0,1,1,0,2,0,0,0,0,0,0,0,0,0,0,0,0,0,0,0,0,0,0,0,0,0,0,0,0,0,0,0,0,0,0,0,0,0,0,0,0,0,0,0,0,0,0,0,0,0,0,0,0,0,0,0,0,0,0,0,0,0,0,0,0,0,0,0,0,0,0,0,0,0
0,0,0,0,0,0,0,0,1,0,0,0,0,0,0,1,0,0,1,0,5,0,1,0,0,2,3,2,0,1,1,1,0,1,3,1,5,3,3,8,3,4,2,3,2,5,4,3,7,3,8,3,2,10,8,5,5,8,6,9,2,5,3,8,6,1,4,5,7,9,6,5,2,5,9,5,8,5,9,4,3,0,3,5,5,3,4,4,2,4,2,2,2,1,3,2,0,2,1,2,1,2,1,2,1,1,2,1,0,0,0,1,0,0,0,2,0,1,1,1,0,1,1,0,0,0,0,0,0,0,0,1,1,1,0,0,1,0,0,0,0,0,0,0,0,0,0,0,0,0,0,0,0,0,0,0,0,0,0,0,0,0,0,0,0,0,0,0,0,0,0,0,0,0,0,0,0,0,0,0,0,0,0,0,0,0,0,0,0,0,0,0,0,0,0,0,0,0,0,0
0,0,0,0,0,0,1,0,0,0,1,0,2,1,0,0,0,0,1,0,2,1,1,1,0,4,1,2,3,0,3,2,2,5,4,2,3,1,6,1,9,3,3,10,4,5,6,7,7,5,6,5,5,8,3,9,7,8,4,5,6,9,3,3,4,0,7,6,9,2,4,8,5,4,2,5,2,8,5,3,3,4,5,7,5,3,3,2,2,4,1,0,3,1,5,1,3,1,2,1,1,1,2,1,1,0,1,1,2,2,1,2,2,1,0,0,1,0,1,0,0,1,0,0,0,0,0,0,0,0,0,0,2,0,0,0,0,0,0,0,0,0,0,0,0,0,0,0,0,0,0,0,0,0,0,0,0,0,0,0,0,0,0,0,0,0,0,0,0,0,0,0,0,0,0,0,0,0,0,0,0,0,0,0,0,0,0,0,0,0,0,0,0,0,0,0,0,0,0,0
0,0,0,0,1,0,0,0,0,0,0,1,0,1,1,0,0,1,0,1,2,1,6,1,1,1,0,3,1,1,3,0,1,6,3,4,5,2,4,5,5,3,5,5,3,6,5,3,6,4,4,8,11,3,5,7,6,3,8,8,3,7,3,5,4,4,9,3,6,4,7,6,6,4,8,5,3,6,6,6,4,3,5,4,5,3,3,4,1,3,4,4,6,4,2,0,3,2,1,0,0,1,2,1,1,3,1,2,2,1,2,1,1,2,2,0,0,2,2,0,0,0,0,0,0,1,0,0,0,0,1,0,0,1,0,0,0,0,0,0,0,0,0,0,0,0,0,0,0,0,0,0,0,0,0,1,0,0,0,0,0,0,0,0,0,0,0,0,0,0,0,0,0,0,0,0,0,0,0,0,0,0,0,0,0,0,0,0,0,0,0,0,0,0,0,0,0,0,0,0
0,0,0,0,0,0,0,0,1,0,0,0,0,0,0,1,1,0,1,1,1,3,1,3,0,1,1,2,0,2,1,2,3,2,1,1,2,4,3,1,2,3,4,5,4,2,5,4,8,7,5,6,6,3,8,2,6,6,3,12,6,7,5,5,7,9,6,7,5,2,9,6,5,4,5,3,5,2,3,3,2,1,3,3,1,2,2,1,2,1,3,1,2,2,2,0,4,4,2,2,0,0,2,0,0,2,2,0,1,0,2,0,1,1,0,1,0,0,0,0,1,0,0,2,0,0,0,0,0,1,0,2,0,0,1,0,0,0,0,0,0,1,0,0,0,0,0,0,0,0,0,0,0,0,0,0,0,0,0,0,0,0,1,0,0,0,0,0,0,0,0,0,0,0,0,0,0,0,0,0,0,0,0,0,0,0,0,0,0,0,0,0,0,0,0,0,0,0,0,0
0,0,0,0,0,0,0,0,0,0,1,0,1,0,0,1,0,0,1,5,1,0,1,1,0,3,1,1,0,1,1,1,1,2,3,4,1,2,3,5,8,7,5,6,8,5,2,3,6,10,8,3,4,11,7,6,8,5,5,7,5,6,12,5,7,7,6,7,1,6,7,3,5,5,6,3,1,3,2,4,4,0,4,4,2,4,2,2,0,3,3,6,2,1,2,3,2,0,1,1,0,1,2,1,1,0,3,1,0,1,2,1,0,1,0,1,0,0,0,0,0,0,0,0,0,0,0,0,0,0,0,0,0,0,0,0,0,0,0,1,1,0,0,0,0,0,0,0,0,0,0,0,0,0,0,0,0,0,0,0,1,0,0,0,0,0,0,0,0,0,0,0,0,0,0,0,0,0,0,0,0,0,0,0,0,0,0,0,0,0,0,0,0,0,0,0,0,0,0,0
0,0,0,1,0,1,0,0,0,0,1,0,0,0,1,0,0,1,1,0,1,1,1,2,1,1,1,2,2,2,3,1,1,5,2,4,1,2,7,0,4,1,8,5,3,6,10,3,4,6,3,2,6,8,6,6,1,5,1,5,5,5,6,7,6,8,3,3,8,2,6,4,1,5,7,1,3,2,2,2,2,6,1,3,2,6,2,2,5,2,1,0,2,5,2,3,0,0,2,1,0,1,3,1,1,2,2,1,2,1,0,0,1,1,2,0,0,0,0,0,1,0,0,0,1,0,0,1,0,0,0,1,0,0,0,0,0,0,0,1,0,0,0,0,0,0,0,0,0,0,0,0,0,1,0,0,0,0,0,0,0,0,0,0,0,0,0,0,0,0,0,0,0,0,0,0,0,0,0,0,0,0,0,0,0,0,0,0,0,0,0,0,0,0,0,0,0,0,0,0
0,0,0,1,0,0,0,0,0,0,0,0,0,0,0,0,0,1,0,2,1,2,0,0,1,2,1,0,2,2,3,2,1,5,0,6,3,3,4,3,5,4,6,7,7,4,6,3,6,8,8,9,3,6,5,9,6,5,7,3,1,7,2,5,7,8,7,4,4,4,7,6,5,4,5,5,3,5,4,1,5,5,4,6,2,3,2,1,2,3,3,3,2,1,0,4,1,2,2,1,1,2,2,1,0,0,1,0,1,0,2,0,0,0,1,1,0,1,0,0,2,0,0,0,0,1,0,1,0,0,0,1,0,0,0,1,0,0,0,1,0,0,0,1,0,0,0,1,0,0,0,0,0,0,0,0,0,0,0,0,0,0,0,0,0,0,0,0,0,0,0,0,0,0,0,0,0,0,0,0,0,0,0,0,0,0,0,0,0,0,0,0,0,0,0,0,0,0,0,0
0,0,0,0,0,0,0,0,0,0,1,0,1,0,0,0,0,0,0,1,4,0,1,2,0,3,2,1,2,0,0,4,1,6,3,0,7,2,5,3,4,3,5,2,6,4,3,2,4,4,5,4,5,8,11,7,8,7,5,8,3,2,10,8,2,10,2,5,5,3,5,3,6,5,3,3,4,5,4,3,2,4,2,3,1,0,2,2,2,3,4,3,2,2,2,2,0,3,3,2,1,0,0,0,1,1,0,0,0,1,1,2,0,0,2,1,0,0,0,0,1,0,0,0,0,0,0,0,1,0,2,0,0,0,1,0,0,0,0,0,0,0,0,0,0,0,0,0,0,0,0,0,0,0,0,0,0,0,0,0,0,0,0,0,0,0,0,0,0,0,0,0,0,0,0,0,0,0,0,0,0,0,0,0,0,0,0,0,0,0,0,0,0,0,0,0,0,0,0,0
0,0,0,0,0,0,1,0,1,0,0,1,0,0,0,1,0,2,0,0,1,1,1,1,0,1,1,2,1,2,3,2,3,3,3,1,1,1,1,5,8,2,4,6,3,3,3,2,4,4,10,0,4,2,7,5,4,6,6,6,6,9,7,7,5,6,3,7,6,5,6,7,1,4,4,4,4,8,1,1,4,4,1,3,7,3,2,6,4,1,1,2,3,1,0,2,2,1,2,1,2,2,3,1,1,0,1,0,2,2,0,1,1,0,0,1,0,1,0,0,0,0,0,0,0,0,0,0,0,0,0,0,0,0,0,0,0,0,0,0,1,0,0,0,0,0,0,0,0,0,0,0,0,0,0,0,0,0,0,0,0,0,0,0,0,0,0,0,0,0,0,0,0,0,0,0,0,0,0,0,0,0,0,0,0,0,0,0,0,0,0,0,0,0,0,0,0,0,0,0
0,0,0,0,0,0,0,0,0,0,0,0,1,0,0,0,0,0,0,0,1,0,0,0,1,0,1,0,1,2,0,1,1,4,1,0,2,3,2,4,6,2,4,2,4,6,4,5,8,9,5,4,3,3,6,5,3,9,5,5,6,5,2,6,8,11,6,1,3,4,2,4,8,5,2,1,1,2,7,3,6,3,4,2,3,3,2,1,0,0,4,1,5,1,0,1,3,0,0,0,1,0,0,0,0,3,2,0,2,2,0,0,1,0,0,0,2,0,0,0,0,0,1,1,0,0,0,0,0,0,0,0,0,0,0,0,0,1,0,0,0,0,0,0,0,0,0,0,0,0,0,0,0,0,0,0,0,0,0,0,0,0,0,0,0,0,0,0,0,0,0,0,0,0,0,0,0,0,0,0,0,0,0,0,0,0,0,0,0,0,0,0,0,0,0,0,0,0,0,0
0,0,0,0,1,0,0,0,0,1,0,0,1,0,0,0,0,1,0,2,0,0,0,1,2,3,2,1,3,2,1,2,0,3,1,2,3,1,1,3,2,3,2,2,4,4,6,6,6,2,5,9,2,4,7,3,4,6,4,10,3,4,5,5,2,3,4,5,1,5,3,1,2,4,3,2,3,2,3,1,4,6,1,3,5,3,2,0,3,1,2,0,1,0,3,3,4,3,1,1,2,0,1,0,0,1,0,0,0,0,1,1,1,0,0,1,0,0,1,0,3,0,0,0,0,0,0,0,1,0,0,0,0,0,0,0,0,1,0,1,0,0,0,0,0,0,0,0,0,0,0,0,0,0,0,0,0,0,0,1,0,0,0,0,0,0,0,0,0,0,0,0,0,0,0,0,0,0,0,0,0,0,0,0,0,0,0,0,0,0,0,0,0,0,0,0,0,0,0,0
0,0,0,0,0,0,0,0,0,0,0,0,0,0,1,0,0,0,0,1,0,0,3,1,0,1,2,0,2,0,2,1,0,1,3,1,1,0,6,1,6,4,6,3,4,4,6,3,4,4,2,1,9,6,3,4,3,7,3,6,4,6,6,3,6,3,2,7,0,4,9,7,7,6,4,7,1,1,5,1,5,0,2,3,3,9,5,1,5,5,2,1,1,2,0,1,1,0,4,0,2,0,1,0,0,2,0,1,1,1,0,2,1,1,1,0,0,0,0,0,0,0,1,0,1,0,1,0,0,1,1,0,0,0,0,0,0,1,0,0,0,1,0,0,0,0,0,0,0,0,0,0,0,0,0,0,0,0,0,0,0,0,0,0,0,0,0,0,0,0,0,0,0,0,0,0,0,0,0,0,0,0,0,0,0,0,0,0,0,0,0,0,0,0,0,0,0,0,0,0
0,0,0,0,0,0,0,0,0,0,0,1,0,0,0,0,0,0,1,0,1,2,1,0,0,1,2,0,1,2,1,1,2,3,2,5,4,4,2,3,6,5,1,3,2,5,4,2,3,6,5,3,3,4,5,4,3,8,4,4,5,6,3,2,8,7,4,1,4,8,3,5,5,4,0,6,3,5,1,6,2,3,1,2,4,3,5,8,0,2,0,0,2,0,2,0,1,3,0,0,3,1,1,3,1,1,0,1,1,0,1,2,0,0,1,0,1,2,0,3,1,0,1,0,1,0,0,0,0,0,0,0,0,0,1,0,0,0,0,0,0,1,0,0,0,0,0,0,0,0,0,0,0,0,0,0,0,0,0,0,0,0,0,0,0,0,0,0,0,0,0,0,0,0,0,0,0,0,0,0,0,0,0,0,0,0,0,0,0,0,0,0,0,0,0,0,0,0,0,0
0,0,0,0,0,0,0,0,0,0,0,0,0,0,0,0,1,0,2,0,1,0,0,0,2,2,3,0,6,0,1,1,1,2,3,1,4,3,4,1,3,5,5,3,7,2,4,2,2,3,6,5,3,7,4,6,6,2,6,4,9,7,4,4,4,4,6,3,2,4,8,4,2,5,1,0,0,2,5,3,6,3,0,0,1,1,4,1,4,0,1,4,7,0,1,1,0,0,2,5,0,0,3,2,0,0,0,0,1,0,0,1,0,1,0,0,0,0,0,1,1,0,0,1,0,0,1,0,0,1,1,0,0,0,1,1,0,0,0,0,0,0,0,0,0,0,0,0,0,0,0,0,0,0,0,0,0,0,0,0,0,0,0,0,0,0,0,0,0,0,0,0,0,0,0,0,0,0,0,0,0,0,0,0,0,0,0,0,0,0,0,0,0,0,0,0,0,0,0,0
0,0,0,0,0,0,0,0,0,0,0,2,0,0,1,1,0,2,0,1,0,0,1,0,2,2,0,0,3,1,1,0,2,3,2,0,3,1,0,2,0,3,5,4,4,4,4,7,5,2,4,4,4,7,6,6,5,5,3,7,8,4,3,4,4,7,6,1,5,4,4,4,4,2,2,4,2,2,3,3,2,0,2,3,3,2,2,7,3,2,0,2,4,1,4,1,1,1,3,2,2,2,1,1,0,1,2,1,0,0,0,0,0,0,0,1,0,1,1,0,1,0,1,0,0,0,0,0,0,0,0,0,0,0,0,0,0,0,0,0,0,0,1,0,0,0,0,0,0,0,0,0,0,0,0,0,0,0,0,0,0,0,0,0,0,0,0,0,0,0,0,0,0,0,0,0,0,0,0,0,0,0,0,0,0,0,0,0,0,0,0,0,0,0,0,0,0,0,0,0
0,0,0,0,0,0,0,0,0,0,0,0,0,0,0,0,0,0,1,0,0,1,0,0,2,2,2,1,1,2,0,1,3,3,1,3,3,1,4,2,1,2,5,4,3,5,3,8,4,1,4,3,2,3,5,2,8,6,5,3,7,8,5,2,3,4,6,6,5,3,3,7,2,5,4,3,1,1,6,4,2,2,2,2,4,6,3,2,0,0,1,1,2,4,0,1,2,0,2,2,0,0,3,1,1,0,1,0,0,1,2,3,1,0,0,0,1,1,1,1,0,1,1,1,0,1,0,0,0,0,0,0,0,0,1,0,0,0,0,0,0,1,0,0,0,0,0,0,0,0,0,0,1,0,0,0,0,0,0,0,0,0,0,0,0,0,0,0,0,0,0,0,0,0,0,0,0,0,0,0,0,0,0,0,0,0,0,0,0,0,0,0,0,0,0,0,0,0,0,0
0,0,0,0,0,0,0,0,0,0,0,0,1,0,1,0,0,1,1,1,1,2,2,1,1,0,1,3,1,1,0,0,2,3,3,1,0,3,2,5,6,6,3,4,2,1,10,4,5,6,3,3,0,4,4,1,6,7,1,5,6,5,4,0,3,6,3,4,5,5,4,2,0,3,1,4,4,2,3,3,3,2,2,2,1,3,2,1,3,2,1,3,1,2,2,0,5,2,0,2,0,2,1,0,0,1,0,1,1,0,0,0,0,0,0,1,0,1,0,0,2,0,0,0,0,0,0,0,1,0,0,0,1,0,0,1,0,0,0,0,0,0,0,0,0,0,0,0,0,0,0,0,0,0,0,0,0,0,0,0,1,0,0,0,0,0,0,0,0,0,0,0,0,0,0,0,0,0,0,0,0,0,0,0,0,0,0,0,0,0,0,0,0,0,0,0,0,0,0,0
0,0,0,0,0,1,0,0,1,0,0,0,0,1,0,0,0,0,0,2,0,5,0,0,1,4,0,0,1,2,0,0,0,5,3,1,2,3,1,6,0,1,2,3,4,3,5,4,3,2,6,5,3,2,4,4,2,5,3,3,11,4,4,5,3,3,3,4,3,4,3,6,5,5,2,0,4,5,1,2,2,3,6,2,6,1,4,5,1,3,1,3,2,0,0,0,0,1,1,1,1,1,1,1,1,0,0,0,1,1,1,1,0,0,2,0,0,0,0,0,0,1,0,0,0,0,0,0,0,0,0,0,0,1,0,0,0,0,0,0,0,0,0,0,0,0,0,0,1,0,0,0,0,0,0,0,0,0,0,0,0,0,0,0,0,0,0,0,0,0,0,0,0,0,0,0,0,0,0,0,0,0,0,0,0,0,0,0,0,0,0,0,0,0,0,0,0,0,0,0
0,0,0,0,0,1,0,0,0,0,0,0,0,0,0,0,0,0,0,1,1,0,0,0,1,0,1,0,1,0,0,0,0,4,1,1,1,1,6,4,0,0,1,4,2,1,3,2,4,7,4,5,1,3,2,6,3,4,4,3,4,4,5,4,2,6,3,2,3,1,5,3,3,0,2,1,0,3,4,3,4,2,1,3,1,0,5,3,1,0,2,0,1,3,0,1,0,0,0,2,1,0,3,0,0,1,1,0,0,1,0,0,0,1,0,0,0,0,0,1,0,0,0,0,0,0,0,0,0,0,0,0,0,0,0,0,1,0,0,0,0,0,0,0,0,0,0,0,0,0,0,0,0,1,0,0,0,0,0,1,0,0,0,0,0,0,0,0,0,0,0,0,0,0,0,0,0,0,0,0,0,0,0,0,0,0,0,0,0,0,0,0,0,0,0,0,0,0,0,0
0,0,0,0,0,0,0,0,0,0,1,0,0,0,0,0,0,0,0,0,0,0,0,2,1,1,1,1,0,1,3,1,1,0,3,1,4,1,2,4,1,0,1,2,1,1,4,2,3,3,7,5,6,3,1,5,1,2,2,7,3,5,5,6,4,5,5,1,2,4,8,1,3,0,2,3,3,1,2,3,2,2,2,1,4,4,5,0,0,1,1,1,0,2,2,1,1,2,3,0,0,3,0,0,0,0,0,0,0,2,0,0,0,0,0,0,0,0,2,0,0,0,1,0,0,1,1,0,0,0,0,0,0,0,0,0,0,0,0,0,0,0,0,0,0,0,0,0,0,0,0,0,0,0,0,1,1,0,0,0,0,0,0,0,0,0,0,0,0,0,0,0,0,0,0,0,0,0,0,0,0,0,0,0,0,0,0,0,0,0,0,0,0,0,0,0,0,0,0,0
0,0,0,0,0,0,0,0,0,0,0,0,0,0,0,0,0,0,0,2,0,0,1,0,0,1,0,1,2,1,0,1,1,5,1,2,1,0,3,4,2,5,5,4,4,2,5,1,2,4,3,4,4,2,2,9,8,4,5,5,6,2,2,6,1,0,4,6,5,8,4,5,5,1,4,4,0,1,2,4,3,1,0,2,3,1,2,1,5,0,1,2,2,2,0,1,1,0,0,0,3,3,1,0,0,3,2,1,2,0,0,0,1,0,0,1,0,0,0,2,0,0,0,1,0,1,1,0,1,0,1,0,0,0,0,0,0,1,0,0,0,1,0,0,0,0,0,0,0,0,0,0,0,0,0,0,0,0,0,0,0,0,0,0,0,0,0,0,0,0,0,0,0,0,0,0,0,0,0,0,0,0,0,0,0,0,0,0,0,0,0,0,0,0,0,0,0,0,0,0
0,0,0,0,0,0,0,0,0,0,0,0,0,0,1,0,0,0,1,0,0,1,0,0,1,1,0,2,1,0,1,2,3,3,4,0,1,0,3,4,5,0,2,4,3,3,6,2,3,4,3,2,6,3,2,7,9,2,4,2,3,6,4,7,6,2,2,5,5,3,2,2,6,4,4,0,2,2,1,4,2,4,0,3,1,0,1,1,4,2,3,1,2,0,0,2,3,0,3,1,0,0,1,0,2,0,0,0,0,1,0,1,2,2,1,0,1,0,0,1,0,1,0,0,1,0,0,0,0,1,0,0,0,0,0,0,0,1,0,0,0,0,0,0,0,0,0,0,0,0,0,0,0,0,0,0,0,0,0,0,0,0,0,0,0,0,0,0,0,0,0,0,0,0,0,0,0,0,0,0,0,0,0,0,0,0,0,0,0,0,0,0,0,0,0,0,0,0,0,0
0,0,0,0,0,0,0,0,0,0,0,0,0,0,0,0,0,0,0,0,0,0,1,0,0,1,1,0,0,1,1,5,1,0,2,1,1,1,2,1,1,3,4,1,3,3,4,0,4,2,1,6,3,6,5,2,1,2,4,6,3,8,1,6,4,3,4,2,0,6,4,3,3,4,3,2,2,5,6,3,3,1,1,3,2,1,2,1,2,0,0,2,1,2,1,2,3,2,1,4,1,0,0,0,2,1,0,1,0,1,0,0,2,0,0,3,0,0,1,0,0,0,0,1,0,0,0,0,0,0,0,1,1,0,0,0,0,0,0,1,0,0,0,0,0,0,0,0,0,0,0,0,0,0,0,0,0,0,0,0,0,1,0,0,0,0,0,0,0,0,0,0,0,0,0,0,0,0,0,0,0,0,0,0,0,0,0,0,0,0,0,0,0,0,0,0,0,0,0,0
0,0,0,1,0,0,0,0,0,0,0,0,0,0,0,0,0,0,0,1,1,0,0,2,0,0,0,0,0,1,2,2,2,1,2,5,1,0,2,1,2,0,5,4,2,0,4,1,4,1,2,5,8,5,4,1,3,4,4,3,6,6,5,5,1,6,2,1,4,2,2,0,1,2,6,1,6,2,4,2,1,1,4,1,3,2,1,3,4,1,2,0,2,1,1,1,0,2,1,0,0,0,1,1,1,0,0,0,1,2,0,0,0,1,1,1,0,0,0,0,0,0,1,0,0,1,0,0,0,0,1,0,1,0,0,0,0,0,0,0,0,0,0,0,0,0,0,0,0,0,0,0,0,0,0,0,0,0,0,0,0,0,0,0,0,0,0,0,0,0,0,0,0,0,0,0,0,0,0,0,0,0,0,0,0,0,0,0,0,0,0,0,0,0,0,0,0,0,0,0
0,0,0,0,0,0,0,0,0,0,0,1,0,0,0,0,0,0,0,1,1,0,1,0,0,1,1,0,1,0,1,0,1,0,0,0,0,2,5,1,3,2,1,4,5,2,5,4,1,2,2,1,6,4,1,2,1,1,2,1,3,5,4,4,2,1,4,0,2,5,4,2,4,3,3,1,5,2,2,0,5,3,1,3,0,3,2,1,3,1,1,2,1,1,3,1,2,1,1,0,1,1,2,1,1,2,0,0,2,2,0,1,0,2,2,0,1,0,0,0,1,0,0,0,0,0,1,0,1,0,0,0,0,0,0,0,0,0,0,0,1,0,0,0,0,0,0,0,0,0,0,0,0,0,0,0,0,0,0,0,0,0,0,0,0,0,0,0,0,0,0,0,0,0,0,0,0,0,0,0,0,0,0,0,0,0,0,0,0,0,0,0,0,0,0,0,0,0,0,0
0,1,0,0,0,0,0,0,0,0,0,0,0,0,0,0,0,0,0,2,1,0,0,1,0,1,0,0,1,1,0,0,1,0,1,0,1,3,1,5,5,3,2,5,2,3,1,2,5,6,8,9,2,1,4,1,7,3,1,4,4,7,6,1,5,2,5,4,3,4,0,3,3,4,2,1,4,3,4,4,1,4,0,2,1,1,0,0,3,2,1,4,2,5,0,0,0,1,0,0,0,1,2,0,0,1,0,0,0,2,1,0,0,1,0,0,1,0,1,0,0,0,2,0,0,0,0,0,0,0,0,0,0,0,0,0,0,0,0,0,0,0,0,0,0,0,0,0,0,0,0,0,0,0,0,0,0,0,0,0,0,0,0,0,0,0,0,0,0,0,0,0,0,0,0,0,0,0,0,0,0,0,0,0,0,0,0,0,0,0,0,0,0,0,0,0,0,0,0,0
0,0,0,0,0,0,0,0,0,0,0,0,1,0,0,0,0,0,0,0,0,0,0,0,0,1,1,1,1,1,1,4,2,2,1,2,1,3,1,3,2,2,2,3,2,2,3,3,4,3,3,4,2,3,1,6,2,2,4,3,5,3,1,3,3,2,0,6,2,4,1,1,3,1,1,4,0,3,1,3,3,1,2,0,1,3,3,1,1,1,1,1,3,1,1,1,0,2,4,0,0,0,1,0,2,0,2,0,0,1,1,1,0,2,0,0,0,0,1,2,1,1,0,0,0,2,0,0,0,1,0,0,1,0,0,0,0,0,0,0,1,0,0,0,0,0,0,0,0,0,0,0,0,0,0,0,0,0,0,0,0,0,0,0,0,0,0,0,0,0,0,0,0,0,0,0,0,0,0,0,0,0,0,0,0,0,0,0,0,0,0,0,0,0,0,0,0,0,0,0
0,0,0,0,0,0,0,0,0,0,0,0,0,0,0,0,0,1,0,0,0,0,1,2,0,1,0,1,1,0,0,0,2,2,1,1,3,3,4,2,3,3,1,4,5,3,3,3,0,6,4,2,3,7,7,5,4,3,2,5,1,4,3,5,4,4,6,2,0,2,2,5,1,4,1,2,1,2,2,2,2,0,1,0,0,2,0,3,1,0,1,1,1,3,0,1,1,2,4,1,1,0,1,0,0,1,0,0,1,0,1,0,1,0,2,0,1,0,1,1,0,1,0,0,0,0,0,0,0,0,0,0,0,0,0,0,0,0,0,0,0,0,0,0,0,0,0,0,0,0,0,0,0,0,0,0,0,0,0,0,0,0,0,0,0,0,0,0,0,0,0,0,0,0,0,0,0,0,0,0,0,0,0,0,0,0,0,0,0,0,0,0,0,0,0,0,0,0,0,0
0,0,0,0,0,0,0,0,0,0,0,1,0,0,0,0,0,0,0,1,0,0,3,0,0,1,0,0,2,0,1,1,0,1,0,2,0,1,2,2,4,1,1,1,4,0,4,1,3,0,2,4,3,0,2,4,2,3,4,3,6,4,1,0,1,0,5,1,4,1,4,3,3,2,2,3,3,3,2,1,3,0,2,1,2,3,0,1,1,1,1,1,0,0,0,2,2,0,1,0,2,1,1,1,0,1,0,0,0,0,0,0,1,0,0,0,0,0,0,1,0,0,0,1,0,0,0,0,0,0,0,0,0,0,0,0,0,0,0,1,0,1,0,0,0,0,1,0,0,0,1,0,0,0,0,0,0,0,0,0,0,0,0,0,0,0,0,0,0,0,0,0,0,0,0,0,0,0,0,0,0,0,0,0,0,0,0,0,0,0,0,0,0,0,0,0,0,0,0,0
0,0,0,0,0,0,0,0,0,0,0,0,0,0,0,0,1,0,0,0,0,1,1,0,1,0,1,0,0,1,1,1,1,1,1,1,1,1,1,4,2,0,4,3,2,0,0,1,4,4,1,1,3,2,4,1,6,3,2,3,2,4,6,2,2,5,2,5,2,4,3,2,4,1,2,0,2,3,3,0,1,1,0,0,2,2,1,2,0,0,0,1,1,0,1,1,2,0,1,0,2,3,0,1,0,0,1,2,0,0,0,0,1,0,1,0,0,0,0,0,0,0,0,0,0,0,0,0,1,1,0,0,0,0,0,0,0,0,0,0,0,0,0,0,0,0,0,0,0,0,0,0,0,0,0,0,0,0,0,0,0,0,0,0,0,0,0,0,0,0,0,0,0,0,0,0,0,0,0,0,0,0,0,0,0,0,0,0,0,0,0,0,0,0,0,0,0,0,0,0
0,0,0,0,0,0,0,1,0,0,0,1,1,0,0,0,0,1,0,0,1,0,0,0,1,0,2,1,0,0,0,0,0,1,3,0,4,1,3,2,2,1,4,0,2,2,4,6,6,3,3,2,2,6,3,3,4,4,0,5,2,4,1,2,1,3,3,3,2,2,2,1,3,2,2,1,1,3,2,2,4,4,3,2,2,0,1,2,1,1,1,1,0,0,2,1,1,1,0,1,2,0,1,0,1,1,1,2,0,2,0,0,0,0,0,0,2,0,0,0,0,0,0,0,0,0,0,0,0,1,0,0,0,0,0,0,1,1,0,0,0,0,0,0,0,0,0,0,0,0,0,0,0,0,0,0,0,0,0,0,0,0,0,0,0,0,0,0,0,0,0,0,0,0,0,0,0,0,0,0,0,0,0,0,0,0,0,0,0,0,0,0,0,0,0,0,0,0,0,0
0,0,0,0,0,0,0,0,0,0,0,0,0,0,0,0,0,0,1,0,0,1,1,0,1,0,0,2,1,1,0,0,1,2,4,0,3,2,0,0,3,2,2,3,4,3,4,1,3,0,5,1,6,3,7,2,2,1,2,1,0,0,3,1,1,2,3,3,6,2,2,2,1,4,5,3,0,1,0,0,1,1,2,1,0,0,2,0,1,1,2,1,2,2,1,0,1,0,4,0,0,2,1,0,0,2,0,1,0,2,1,1,1,0,0,0,0,1,1,0,0,0,0,0,0,2,0,0,0,0,0,0,0,0,0,0,0,0,0,0,0,0,0,0,0,0,0,0,0,0,0,0,0,0,0,0,0,0,0,0,0,0,0,0,0,0,0,0,0,0,0,0,0,0,0,0,0,0,0,0,0,0,0,0,0,0,0,0,0,0,0,0,0,0,0,0,0,0,0,0
0,1,0,0,0,1,0,1,0,0,0,0,0,0,0,0,0,0,0,0,0,1,2,0,0,1,0,0,1,1,3,2,2,2,1,1,0,2,3,0,5,1,1,2,1,2,1,2,2,3,2,1,3,1,4,2,6,1,5,3,4,2,2,4,2,2,3,2,0,4,2,2,2,2,2,3,1,1,3,3,2,2,0,0,1,2,0,3,2,0,1,0,1,1,0,0,0,1,3,0,1,0,1,0,0,2,0,1,1,1,0,1,0,0,0,0,0,0,0,0,0,0,1,0,0,0,0,0,0,0,0,0,0,0,0,0,0,2,0,0,0,0,0,0,0,0,0,0,0,0,0,0,0,0,0,0,0,0,0,0,0,0,0,0,0,0,0,0,0,0,0,0,0,0,0,0,0,0,0,0,0,0,0,1,0,0,0,0,0,0,0,0,0,0,0,0,0,0,0,0
0,0,0,0,0,0,0,0,0,0,2,0,0,0,1,0,1,0,1,0,2,3,2,1,1,0,1,1,2,0,0,2,2,1,2,0,2,1,2,1,1,2,2,2,3,2,2,3,3,3,4,5,3,4,0,3,3,1,4,2,5,4,2,2,2,2,3,1,2,5,2,4,5,2,2,0,2,2,3,1,2,4,1,0,1,2,0,1,1,0,1,1,1,1,1,0,0,0,1,0,0,1,3,0,1,1,0,2,0,1,0,1,0,0,0,1,1,0,0,0,0,0,0,0,0,0,0,0,0,0,0,0,0,0,0,0,0,0,0,0,0,0,0,0,1,0,0,0,0,0,0,0,0,0,0,0,0,0,0,0,0,0,0,0,0,0,0,0,0,0,0,0,0,0,0,0,0,0,0,0,0,0,0,0,0,0,0,0,0,0,0,0,0,0,0,0,0,0,0,0
0,0,0,0,0,0,0,0,0,0,0,1,0,0,0,0,0,0,0,0,2,0,0,1,0,2,1,0,1,0,0,0,0,0,2,0,1,0,0,3,1,0,2,3,1,1,1,2,2,3,1,2,2,2,1,2,2,3,1,2,4,2,3,5,2,2,2,7,3,1,1,1,0,4,0,0,1,1,1,1,2,1,3,3,3,2,2,0,1,1,1,1,3,1,1,1,0,2,3,1,0,0,0,0,0,0,0,1,0,0,0,1,0,0,0,0,0,0,0,0,0,0,0,0,1,1,0,0,0,1,0,0,0,0,0,0,0,0,0,1,0,0,0,0,0,0,0,0,0,0,0,0,0,0,0,0,0,0,0,0,0,0,0,0,0,0,0,0,0,0,0,0,0,0,0,0,0,0,0,0,0,0,0,0,0,0,0,0,0,0,0,0,0,0,0,0,0,0,0,0
0,0,0,0,0,0,0,0,0,0,0,0,1,1,0,0,0,0,0,0,0,0,0,1,0,0,0,2,1,0,3,3,2,3,2,3,0,1,1,0,0,2,1,1,6,3,2,1,9,2,2,1,1,2,4,6,6,1,1,2,3,4,5,3,0,3,1,1,1,4,1,2,1,4,4,1,1,0,1,1,2,1,1,2,1,1,0,1,3,1,2,0,0,2,1,0,0,0,0,0,1,4,0,2,0,1,0,2,1,0,0,0,1,0,0,0,1,0,1,0,0,0,0,0,0,0,0,0,0,0,0,0,0,0,0,0,0,0,0,0,0,0,0,1,0,0,0,0,0,0,0,0,0,0,0,0,0,0,0,0,0,0,0,0,0,0,0,0,0,0,0,0,0,0,0,0,0,0,0,0,0,0,0,0,0,0,0,0,0,0,0,0,0,0,0,0,0,0,0,0
0,0,0,0,0,0,0,0,0,0,0,0,1,0,0,0,0,0,1,1,0,1,2,0,0,0,0,1,3,0,1,0,0,3,0,0,2,1,0,0,3,5,1,2,2,5,2,2,1,2,3,3,3,3,1,2,1,3,3,4,4,3,1,3,1,1,0,3,1,0,1,4,1,1,0,2,4,1,2,2,0,4,0,1,1,1,1,0,2,1,0,3,2,0,2,0,1,0,0,0,0,0,2,1,0,0,0,2,0,0,0,0,0,1,0,0,1,0,0,1,0,0,0,0,0,1,0,0,0,0,0,0,0,1,0,0,1,0,0,0,0,0,0,0,0,0,0,0,0,0,0,0,0,0,0,0,0,0,0,0,0,0,0,0,0,0,0,0,0,0,0,0,0,0,0,0,0,0,0,0,0,0,0,0,0,0,0,0,0,0,0,0,0,0,0,0,0,0,0,0
0,0,0,0,0,0,0,0,0,0,0,0,0,0,0,0,0,0,0,1,0,0,0,1,1,0,1,0,0,0,0,0,3,2,0,1,0,0,0,2,2,3,2,1,1,0,2,4,4,1,4,4,2,2,1,2,0,4,5,1,2,0,2,0,2,5,1,4,4,0,1,1,3,1,1,2,1,0,0,0,1,1,2,0,1,1,2,1,1,0,0,1,0,3,0,0,2,1,3,0,0,0,0,0,0,0,0,0,1,0,2,0,0,0,0,0,0,1,0,0,0,0,0,0,0,0,0,0,0,0,0,1,0,0,0,0,0,1,0,0,0,1,0,0,0,0,0,0,0,0,0,0,0,0,0,0,0,0,0,0,0,0,0,0,0,0,0,0,0,0,0,0,0,0,0,0,0,0,0,0,0,0,0,0,0,0,0,0,0,0,0,0,0,0,0,0,0,0,0,0
0,0,1,0,0,0,1,0,0,0,0,1,0,0,0,0,0,0,1,0,1,1,0,0,0,1,0,0,0,2,0,1,1,1,1,0,1,1,3,3,2,3,4,2,2,4,2,1,1,2,0,1,1,2,2,1,4,3,0,4,1,0,1,5,3,1,0,4,0,1,3,6,3,2,1,3,2,2,1,0,1,1,1,1,2,0,0,1,0,1,1,3,1,0,1,0,0,2,0,1,2,1,1,1,0,2,0,0,0,0,1,0,0,0,0,0,0,0,0,0,0,0,0,0,0,1,0,0,0,0,0,0,0,0,0,0,0,0,0,0,0,0,0,0,0,0,0,0,0,0,0,0,0,0,0,0,0,0,0,0,0,0,0,0,0,0,0,0,0,0,0,0,0,0,0,0,0,0,0,0,0,0,0,0,0,0,0,0,0,0,0,0,0,0,0,0,0,0,0,0
0,0,0,0,0,0,0,0,0,0,0,0,1,1,0,0,0,0,0,0,1,0,0,0,0,1,0,0,2,1,1,0,1,2,2,1,3,2,1,3,2,3,0,1,0,1,1,1,3,5,2,2,2,3,3,4,3,3,0,1,3,2,1,5,3,2,0,3,3,0,2,2,4,1,2,1,1,4,1,1,0,3,1,1,2,3,2,2,1,1,1,2,0,4,0,0,1,0,0,0,0,0,0,1,0,0,0,2,0,1,0,0,0,0,1,1,1,0,0,0,0,0,0,0,1,1,0,0,0,0,0,0,0,0,0,0,0,0,0,0,0,0,0,0,0,0,0,0,0,0,0,0,0,0,0,0,0,0,0,0,0,0,0,0,0,0,0,0,0,0,0,0,0,0,0,0,0,0,0,0,0,0,0,0,0,0,0,0,0,0,0,0,0,0,0,0,0,0,0,0
0,0,0,0,0,0,0,0,0,0,1,0,0,0,0,0,0,0,0,0,1,0,3,1,1,0,1,0,1,0,1,2,2,5,1,2,1,1,2,2,3,3,3,1,2,2,1,0,5,4,3,4,4,3,3,4,1,2,2,3,5,0,5,4,1,1,0,2,2,3,2,2,2,1,2,2,4,1,4,4,2,0,1,3,2,0,3,0,1,0,0,0,3,2,0,0,1,1,0,1,2,0,2,0,0,0,1,0,0,0,0,0,1,0,0,0,2,0,0,0,0,0,0,0,0,0,1,0,0,0,0,0,1,0,0,0,0,0,0,0,0,0,0,0,0,0,0,0,0,0,0,0,0,0,0,0,0,0,0,0,0,0,0,0,0,0,0,0,0,0,0,0,0,0,0,0,0,0,0,0,0,0,0,0,0,0,0,0,0,0,0,0,0,0,0,0,0,0,0,0
0,0,0,0,0,0,0,0,0,0,0,0,1,0,0,0,0,1,2,0,1,0,0,2,0,0,0,1,1,1,0,1,0,1,0,1,1,2,1,1,2,0,2,3,3,1,1,1,1,2,3,1,2,2,3,2,2,3,0,1,2,2,1,0,3,3,0,0,4,4,2,2,3,2,0,0,4,3,3,0,1,2,2,0,0,2,1,1,3,1,1,0,0,2,1,0,2,2,0,0,1,1,0,1,0,1,0,0,1,2,2,0,0,0,0,0,0,0,0,0,1,0,0,0,0,0,0,0,0,0,0,0,0,0,0,0,0,0,0,0,0,0,0,0,0,0,0,0,0,0,0,0,0,0,0,0,0,0,0,0,0,0,0,0,0,0,0,0,0,0,0,0,0,0,0,0,0,0,0,0,0,0,0,0,0,0,0,0,0,0,0,0,0,0,0,0,0,0,0,0
0,0,0,0,0,0,0,0,0,0,0,0,0,0,0,0,0,0,0,0,0,0,1,0,0,2,0,0,0,0,2,3,0,1,0,2,1,2,2,3,4,0,1,3,5,0,5,3,2,3,2,2,1,2,2,1,0,9,1,5,7,0,4,1,5,3,2,4,1,0,1,0,4,3,0,1,0,0,1,0,3,1,2,3,0,1,0,2,0,0,1,1,0,0,1,0,0,0,0,0,0,0,0,0,0,0,0,1,0,0,0,1,0,0,0,0,0,1,0,0,0,0,1,0,0,0,0,0,0,0,0,0,0,0,0,0,0,0,0,0,0,0,0,0,0,0,0,0,0,0,0,0,0,0,0,0,0,0,0,0,0,0,0,0,0,0,0,0,0,0,0,0,0,0,0,0,0,0,0,0,0,0,0,0,0,0,0,0,0,0,0,0,0,0,0,0,0,0,0,0
0,0,0,0,0,0,0,0,0,0,0,0,0,0,0,0,0,1,0,1,0,0,0,0,2,0,0,2,0,0,1,0,2,0,0,0,1,1,0,1,1,1,0,0,2,1,0,2,1,2,3,1,3,1,2,3,3,5,2,2,2,0,0,2,0,0,2,0,0,0,2,0,2,3,1,1,2,1,0,1,1,1,3,2,5,1,2,0,2,0,0,1,0,1,0,2,1,2,0,1,2,0,1,1,0,1,0,0,0,1,0,0,1,0,0,0,0,1,0,0,1,0,0,1,0,0,0,0,0,0,0,0,0,0,0,0,0,0,0,0,0,0,0,0,0,0,1,0,0,0,0,0,0,0,0,0,0,0,0,0,0,0,0,0,0,0,0,0,0,0,0,0,0,0,0,0,0,0,0,0,0,0,0,0,0,0,0,0,0,0,0,0,0,0,0,0,0,0,0,0
0,0,0,0,0,0,0,0,0,0,1,0,0,0,0,0,0,1,0,0,0,0,0,0,1,1,0,0,1,0,0,1,1,2,1,1,3,1,0,2,3,1,0,0,1,4,4,3,1,2,1,1,3,3,0,0,1,1,2,6,4,0,0,0,2,1,4,3,2,1,0,1,0,3,0,2,1,2,1,0,1,1,0,0,2,1,2,0,0,2,0,0,1,1,0,1,0,1,1,0,1,0,0,2,0,0,0,2,1,0,2,0,0,0,0,0,0,0,0,0,0,1,0,0,0,0,0,0,0,0,0,0,0,0,0,0,0,0,0,0,0,0,0,0,0,0,0,0,0,0,0,0,0,0,0,0,0,0,0,0,0,0,0,0,0,0,0,0,0,0,0,0,0,0,0,0,0,0,0,0,0,0,0,0,0,0,0,0,0,0,0,0,0,0,0,0,0,0,0,0
0,0,0,0,0,0,0,0,0,0,0,1,0,0,0,0,0,0,0,1,0,0,0,1,2,1,0,1,4,0,0,2,0,3,2,1,0,2,1,4,2,0,1,0,2,2,0,1,3,2,2,3,2,4,0,1,1,1,2,0,3,1,2,3,2,0,3,1,1,0,1,2,4,2,3,0,0,0,3,1,1,1,1,0,2,0,0,0,0,0,1,0,0,0,1,0,1,0,0,1,0,1,1,0,0,0,0,0,0,0,0,0,0,0,0,0,2,0,0,0,0,0,0,0,0,0,0,0,0,0,0,0,0,0,0,0,0,0,0,0,0,0,0,0,0,0,0,0,0,0,0,0,0,0,0,0,0,0,0,0,0,0,0,0,0,0,0,0,0,0,0,0,0,0,0,0,0,0,0,0,0,0,0,0,0,0,0,0,0,0,0,0,0,0,0,0,0,0,0,0
0,0,0,0,0,0,0,1,0,0,0,0,0,0,1,0,0,0,0,0,0,0,0,0,0,2,0,0,0,2,3,1,1,0,1,0,0,0,1,0,3,2,4,1,1,1,2,2,0,0,1,1,2,1,4,0,1,3,1,3,3,1,0,0,3,1,0,2,4,1,4,1,2,2,0,1,0,2,1,1,1,1,1,2,1,2,0,0,1,1,0,1,0,0,0,1,0,1,2,3,0,0,0,1,0,2,0,0,0,0,0,1,0,0,1,0,0,0,1,0,0,0,0,0,0,1,0,0,0,0,0,0,0,0,0,0,0,0,1,0,0,0,0,0,0,0,0,0,0,0,0,0,0,0,0,0,0,0,0,0,0,0,0,0,0,0,0,0,0,0,0,0,0,0,0,0,0,0,0,0,0,0,0,0,0,0,0,0,0,0,0,0,0,0,0,0,0,0,0,0
0,0,0,1,0,0,0,0,0,0,0,0,0,0,0,1,0,0,2,0,0,1,1,1,0,0,1,0,2,0,0,2,0,2,0,1,2,3,1,0,3,2,3,0,1,0,3,4,0,2,2,0,1,1,1,1,0,1,0,2,2,1,3,1,2,1,0,1,2,1,0,2,1,1,2,3,0,0,1,2,0,0,0,1,0,1,1,1,0,1,1,1,0,0,0,0,0,2,0,0,2,1,0,0,1,3,0,0,1,1,0,0,0,0,0,0,0,0,0,0,1,0,0,0,0,0,0,0,0,0,0,0,1,0,0,0,0,0,0,0,0,0,0,0,0,0,0,0,0,0,0,0,0,0,0,0,0,0,0,0,0,0,0,0,0,0,0,0,0,0,0,0,0,0,0,0,0,0,0,0,0,0,0,0,0,0,0,0,0,0,0,0,0,0,0,0,0,0,0,0
0,0,0,0,0,0,0,0,0,0,0,0,1,0,0,1,0,0,1,1,1,2,0,0,1,0,1,0,0,0,0,0,1,1,1,0,0,2,1,2,4,0,4,2,2,1,3,0,0,2,2,2,3,3,5,4,1,0,1,3,0,4,0,1,0,2,4,1,2,3,2,1,0,1,1,2,3,0,0,1,1,0,0,3,1,1,1,1,1,1,1,1,1,0,0,0,0,0,0,0,0,0,0,0,0,0,2,1,1,0,0,1,1,0,1,0,1,0,0,0,0,1,0,0,0,1,0,0,0,0,0,0,0,0,0,0,0,0,0,0,0,0,0,0,0,0,0,0,0,0,0,0,0,0,0,0,0,0,0,0,0,0,0,0,0,0,0,0,0,0,0,0,0,0,0,0,0,0,0,0,0,0,0,0,0,0,0,0,0,0,0,0,0,0,0,0,0,0,0,0
0,0,0,0,0,0,0,0,0,0,0,0,0,0,0,0,0,0,0,0,0,0,0,0,1,0,1,0,1,2,0,1,1,0,1,0,1,0,2,2,1,0,0,0,2,1,1,1,1,2,3,1,2,1,2,3,3,2,3,3,1,0,2,0,3,1,2,3,0,1,1,1,1,1,2,0,0,1,2,0,0,3,1,2,1,0,2,2,0,0,0,0,0,1,0,1,0,0,0,1,0,0,0,0,1,1,0,0,0,0,1,0,0,0,0,0,0,0,0,0,1,0,0,1,0,0,0,0,0,0,0,0,0,0,0,0,0,0,0,0,0,0,0,0,0,0,0,0,0,0,0,0,0,0,0,0,0,0,0,0,0,0,0,0,0,0,0,0,0,0,0,0,0,0,0,0,0,0,0,0,0,0,0,0,0,0,0,0,0,0,0,0,0,0,0,0,0,0,0,0
0,0,0,0,0,0,0,0,0,0,0,0,0,0,0,0,0,0,0,0,0,0,0,0,0,0,0,0,0,1,0,0,0,2,3,2,2,1,1,0,1,1,1,1,1,0,0,2,2,0,4,2,0,1,1,2,0,0,0,1,2,2,3,1,2,2,2,0,1,2,2,0,2,1,2,2,1,2,1,3,1,0,1,0,0,1,1,2,1,1,3,0,2,0,0,0,0,0,0,1,1,0,0,0,1,0,0,0,1,0,0,0,0,0,2,0,0,0,1,0,0,0,1,0,0,0,0,0,0,0,0,0,0,0,0,0,0,0,0,0,0,0,0,0,0,0,0,1,0,0,0,0,0,0,0,0,0,0,0,0,0,0,0,0,0,0,0,0,0,0,0,0,0,0,0,0,0,0,0,0,0,0,0,0,0,0,0,0,0,0,0,0,0,0,0,0,0,0,0,0
0,1,0,0,0,0,0,0,0,0,1,0,0,0,0,0,0,0,0,0,0,0,0,0,1,0,1,1,1,2,0,0,1,0,2,0,0,0,1,2,2,1,2,1,0,3,3,1,4,1,2,0,3,3,4,2,1,0,0,0,2,1,0,1,2,0,1,2,1,2,0,1,7,1,1,1,2,1,1,3,2,0,0,1,1,0,0,1,2,0,0,0,0,0,0,1,1,0,0,1,0,0,0,0,0,0,0,0,0,0,0,0,0,0,1,0,0,0,0,0,0,0,0,0,0,0,0,0,0,0,0,0,0,0,0,0,0,0,0,0,0,0,0,1,0,0,0,0,0,0,0,0,0,0,0,0,0,0,0,0,0,0,0,0,0,0,0,0,0,0,0,0,0,0,0,0,0,0,0,0,0,0,0,0,0,0,0,0,0,0,0,0,0,0,0,0,0,0,0,0
0,0,0,0,0,0,0,0,0,0,0,1,0,0,0,0,0,0,0,1,1,1,0,0,0,0,0,0,1,0,1,0,3,0,2,0,0,1,0,0,3,1,0,0,1,1,1,2,1,1,2,2,3,1,0,0,1,1,2,3,1,2,0,0,2,3,1,2,0,1,3,1,1,0,1,1,1,2,1,1,0,1,2,1,1,2,0,0,0,0,0,0,2,2,0,0,0,0,1,0,1,0,1,0,1,1,1,0,0,0,0,0,0,0,0,0,0,0,0,1,0,0,0,0,0,0,0,1,0,0,0,0,0,0,0,0,0,0,0,0,0,0,0,0,0,0,0,0,0,0,0,0,0,0,0,0,0,0,0,0,0,0,0,0,0,0,0,0,0,0,0,0,0,0,0,0,0,0,0,0,0,0,0,0,0,0,0,0,0,0,0,0,0,0,0,0,0,0,0,0
0,0,0,0,0,0,0,0,0,0,1,0,0,0,0,0,0,1,0,0,1,0,0,0,0,2,0,0,0,0,1,1,0,0,0,0,1,0,0,1,1,2,0,0,2,1,3,4,2,1,1,2,2,1,0,1,2,2,0,3,1,2,3,2,1,1,3,2,1,0,0,2,1,2,2,0,1,1,0,2,1,3,0,1,1,0,2,2,2,0,0,3,0,0,0,1,0,2,0,1,1,1,0,0,0,0,0,0,0,0,0,0,0,0,0,0,1,1,0,0,0,0,0,0,0,0,0,0,0,0,0,0,0,0,0,0,0,0,0,0,0,0,0,0,0,0,1,0,0,1,0,0,0,0,0,0,0,0,0,0,0,0,0,0,0,0,0,0,0,0,0,0,0,0,0,0,0,0,0,0,0,0,0,0,0,0,0,0,0,0,0,0,0,0,0,0,0,0,0,0
0,0,0,0,0,0,0,0,0,0,0,0,0,0,0,0,0,0,0,1,0,1,0,0,4,0,1,0,2,0,0,1,1,0,0,1,0,1,1,1,1,1,2,3,0,0,1,4,4,0,2,0,1,4,0,2,0,0,0,5,1,2,2,0,3,3,2,1,1,2,0,1,2,2,3,2,0,2,3,0,3,1,0,4,1,1,0,1,0,0,1,0,0,0,0,0,1,0,0,1,0,1,0,0,0,0,0,1,0,0,0,0,0,1,2,0,0,0,0,1,0,0,0,0,0,1,0,0,0,0,0,0,0,0,0,0,0,0,0,0,0,0,0,0,0,0,0,0,0,0,0,0,0,0,0,0,0,0,0,0,0,0,0,0,0,0,0,0,0,0,0,0,0,0,0,0,0,0,0,0,0,0,0,0,0,0,0,0,0,0,0,0,0,0,0,0,0,0,0,0
0,0,0,0,0,0,0,0,0,0,0,0,0,0,0,0,0,0,0,0,0,0,0,0,0,0,0,0,0,0,0,0,0,0,2,1,0,0,2,1,2,0,1,1,1,2,4,4,1,3,3,1,1,1,6,1,0,3,2,1,1,0,1,2,2,1,1,1,0,0,2,1,0,0,1,1,1,2,3,0,0,2,0,2,3,0,0,0,1,0,0,0,1,0,0,0,0,0,0,0,1,0,0,0,0,0,1,0,0,0,0,0,0,0,0,0,0,0,0,0,0,0,0,0,0,0,0,0,0,0,1,0,0,0,0,0,0,0,0,0,0,0,0,0,0,0,0,0,0,0,0,0,0,0,0,0,0,0,0,0,0,0,0,0,0,0,0,0,0,0,0,0,0,0,0,0,0,0,0,0,0,0,0,0,0,0,0,0,0,0,0,0,0,0,0,0,0,0,0,0
0,0,0,0,0,0,0,0,0,0,0,0,0,0,0,1,0,0,1,0,1,0,0,0,0,1,0,0,0,1,0,0,1,0,1,0,2,0,2,1,1,1,1,5,1,1,2,1,0,2,0,2,1,0,3,0,2,2,2,4,1,1,4,2,4,1,1,0,2,3,0,0,2,3,1,0,1,0,1,0,0,1,0,0,1,0,2,1,0,1,0,0,1,0,1,1,1,0,1,0,0,0,0,0,0,1,1,0,0,0,0,0,1,0,0,1,1,0,0,0,0,0,0,0,0,0,0,0,0,0,0,0,0,0,0,0,0,0,0,0,0,0,0,0,0,0,0,0,0,0,0,0,0,0,0,0,0,0,0,0,0,0,0,0,0,0,0,0,0,0,0,0,0,0,0,0,0,0,0,0,0,0,0,0,0,0,0,0,0,0,0,0,0,0,0,0,0,0,0,0
0,0,0,0,0,0,0,0,0,0,0,0,1,0,0,0,0,0,0,0,0,0,0,0,0,0,0,1,0,1,0,1,1,1,0,2,0,0,1,0,1,3,2,0,1,2,1,2,2,4,0,0,2,0,2,2,0,0,1,3,5,4,3,0,2,2,1,2,1,1,3,0,0,0,0,1,1,0,2,0,0,1,2,1,0,1,1,2,0,0,0,0,0,0,1,0,1,1,0,0,0,0,0,1,1,1,0,0,0,0,0,0,0,1,0,0,0,1,1,0,1,0,0,0,0,0,0,0,0,0,0,0,0,0,0,0,0,0,0,0,0,0,0,0,0,0,0,0,0,0,0,0,0,0,0,0,0,0,0,0,0,0,0,0,0,0,0,0,0,0,0,0,0,0,0,0,0,0,0,0,0,0,0,0,0,0,0,0,0,0,0,0,0,0,0,0,0,0,0,0
0,0,0,0,0,0,0,0,0,0,2,0,0,0,0,0,0,0,0,0,1,0,0,0,0,0,0,0,0,0,1,2,0,1,0,0,1,2,0,2,1,4,0,0,0,1,1,1,1,1,2,0,2,2,2,1,1,5,0,2,4,0,1,4,2,1,4,3,1,2,1,1,0,2,1,2,0,0,1,0,1,0,1,2,0,1,0,0,0,2,0,0,0,0,1,0,1,1,1,0,0,0,0,0,0,0,0,0,0,1,0,0,0,0,2,0,0,0,0,0,1,0,0,0,0,0,1,0,1,0,0,0,0,0,0,0,0,0,0,0,0,0,0,0,0,0,0,0,0,0,0,0,0,0,0,0,0,0,0,0,0,0,0,0,0,0,0,0,0,0,0,0,0,0,0,0,0,0,0,0,0,0,0,0,0,0,0,0,0,0,0,0,0,0,0,0,0,0,0,0
0,0,0,0,0,0,1,0,0,0,0,0,1,0,0,0,0,0,0,0,1,0,0,0,0,1,0,0,0,1,0,1,1,0,1,3,1,1,1,0,2,1,2,1,0,2,1,0,0,2,3,0,0,0,0,0,4,3,2,2,1,2,1,1,2,1,0,2,0,0,1,2,0,1,2,1,0,1,0,2,0,1,1,0,1,0,0,0,1,1,0,2,1,0,0,0,0,0,1,0,0,0,1,2,0,0,1,0,1,0,0,0,1,0,0,0,0,0,0,0,0,0,0,0,0,0,0,0,0,0,0,0,0,0,0,0,0,0,0,0,0,0,0,0,0,0,0,0,0,0,0,0,0,0,0,0,0,0,0,0,0,0,0,0,0,0,0,0,0,0,0,0,0,0,0,0,0,0,0,0,0,0,0,0,0,0,0,0,0,0,0,0,0,0,0,0,0,0,0,0
0,0,0,0,0,0,0,0,0,0,0,0,0,0,0,0,0,0,0,0,0,0,0,0,1,0,0,0,0,0,1,1,0,1,0,0,0,0,1,0,0,1,2,0,0,0,2,1,1,0,3,1,1,1,2,1,0,1,4,3,0,1,2,3,0,1,1,0,3,1,1,0,0,0,0,1,0,0,0,1,3,0,1,0,0,0,0,0,0,0,0,0,0,2,0,2,0,0,0,0,1,0,0,0,0,0,1,0,1,0,0,0,0,0,0,1,0,0,0,0,0,0,0,0,0,0,0,0,0,0,0,0,0,0,0,0,0,0,0,0,0,0,0,0,0,0,0,0,0,0,0,0,0,0,0,0,0,0,0,0,0,0,0,1,0,0,0,0,0,0,0,0,0,0,0,0,0,0,0,0,0,0,0,0,0,0,0,0,0,0,0,0,0,0,0,0,0,0,0,0
0,0,0,0,0,0,0,0,0,0,1,0,0,0,0,0,0,0,0,0,1,1,1,0,1,0,0,0,0,0,0,0,0,0,1,1,0,1,0,1,0,2,0,1,2,0,0,0,3,0,0,0,0,1,1,1,2,1,1,2,1,1,1,3,0,1,1,2,1,1,2,0,1,0,0,0,0,2,1,2,1,1,0,0,1,0,0,1,1,0,1,1,0,2,1,1,0,1,0,0,1,0,0,0,2,0,0,1,0,0,0,0,0,0,0,0,0,0,0,0,0,0,0,0,0,0,0,0,0,0,0,1,0,0,0,0,0,0,0,0,0,0,0,0,0,0,0,0,0,0,0,0,0,0,0,0,0,0,0,0,0,0,0,0,0,0,0,0,0,0,0,0,0,0,0,0,0,0,0,0,0,0,0,0,0,0,0,0,0,0,0,0,0,0,0,0,0,0,0,0
0,0,0,0,0,0,0,0,0,0,0,0,0,1,0,0,0,0,0,0,0,0,0,0,0,1,0,0,1,0,1,0,0,1,0,3,2,1,0,0,2,0,2,2,1,1,2,3,1,1,0,0,0,0,0,0,0,2,0,2,0,0,1,0,1,0,1,1,0,1,1,2,1,0,6,0,0,1,0,1,0,0,1,0,1,1,0,0,1,0,0,1,0,1,0,0,0,0,0,0,1,1,0,0,0,0,0,0,0,0,0,0,0,0,0,0,0,0,0,0,0,0,0,0,1,0,0,0,0,0,0,0,0,0,0,0,0,0,0,0,0,0,0,0,0,0,0,0,0,0,0,0,0,0,0,0,0,0,0,0,0,0,0,0,0,0,0,0,0,0,0,0,0,0,0,0,0,0,0,0,0,0,0,0,0,0,0,0,0,0,0,0,0,0,0,0,0,0,0,0
0,0,0,0,0,0,0,0,0,0,0,0,0,0,0,0,0,0,0,0,0,0,0,0,0,2,1,1,0,1,0,1,0,1,1,0,1,1,0,1,2,1,0,0,2,0,1,1,3,2,2,1,0,2,1,0,0,4,2,2,1,5,0,0,1,0,0,5,1,0,0,0,2,0,0,2,1,0,0,1,0,1,0,1,0,0,0,1,1,0,1,0,0,0,0,3,0,0,1,0,0,0,0,0,0,0,0,0,0,1,0,0,0,0,0,0,0,0,0,0,1,0,0,0,0,0,0,0,0,0,0,0,0,0,0,1,0,0,0,0,0,0,0,0,0,0,0,0,0,0,0,0,0,0,0,0,0,0,0,0,0,0,0,0,0,0,0,0,0,0,0,0,0,0,0,0,0,0,0,0,0,0,0,0,0,0,0,0,0,0,0,0,0,0,0,0,0,0,0,0
0,0,0,0,0,0,0,0,0,0,0,0,0,0,1,0,0,0,0,0,1,0,0,1,0,0,0,0,0,0,0,1,0,4,0,0,2,0,0,2,2,4,1,0,1,0,1,0,1,1,1,0,1,4,1,3,0,1,1,2,1,2,1,1,1,0,0,0,1,0,1,1,1,1,0,0,1,1,0,2,0,0,0,0,1,0,1,0,1,1,1,0,0,1,0,0,0,1,0,1,0,0,1,0,0,0,0,0,0,1,1,0,0,0,0,0,0,0,0,0,1,0,0,0,0,0,0,0,0,0,0,0,0,0,0,0,0,0,0,0,0,0,0,0,0,0,0,0,0,0,0,0,0,0,0,0,0,0,0,0,0,0,0,0,0,0,0,0,0,0,0,0,0,0,0,0,0,0,0,0,0,0,0,0,0,0,0,0,0,0,0,0,0,0,0,0,0,0,0,0
0,0,0,0,0,0,0,0,0,0,0,0,0,0,1,0,0,0,0,0,1,1,0,0,0,0,0,1,0,0,0,0,1,0,0,0,0,1,0,2,0,1,0,1,0,0,3,3,1,1,0,1,1,0,0,2,2,1,2,0,3,0,3,0,1,3,0,1,1,1,0,0,1,0,1,0,0,0,1,1,0,1,0,0,2,1,0,0,1,2,1,1,0,0,1,0,0,0,0,1,2,0,0,0,0,0,0,0,1,0,0,1,1,0,0,0,0,0,0,0,0,0,1,0,0,0,0,0,0,0,0,0,0,0,0,0,0,0,0,0,0,0,0,0,0,0,0,0,0,0,0,0,0,0,0,0,0,0,0,0,0,0,0,0,0,0,0,0,0,0,0,0,0,0,0,0,0,0,0,0,0,0,0,0,0,0,0,0,0,0,0,0,0,0,0,0,0,0,0,0
0,0,0,0,0,0,0,0,0,0,0,0,1,0,0,1,0,0,0,0,0,1,1,0,0,0,1,1,0,0,0,1,2,0,1,0,2,0,0,1,1,1,2,0,1,0,0,0,0,0,1,1,0,1,1,0,1,1,0,1,0,1,0,1,2,0,2,1,2,2,3,0,2,0,0,1,0,2,1,0,1,0,1,0,1,1,1,0,0,1,0,0,1,0,0,1,0,0,0,0,0,0,1,0,0,0,0,0,0,0,0,0,0,0,0,0,1,0,0,0,0,0,1,0,0,0,0,0,0,0,0,0,0,0,0,0,0,0,0,0,0,0,0,0,0,0,0,0,0,0,0,0,0,0,0,0,0,0,0,0,0,0,0,0,0,0,0,0,0,0,0,0,0,0,0,0,0,0,0,0,0,0,0,0,0,0,0,0,0,0,0,0,0,0,0,0,0,0,0,0
0,0,0,0,0,0,0,0,0,0,0,0,0,0,0,0,0,0,0,0,0,0,0,2,0,0,1,0,0,0,1,0,0,1,0,0,0,0,2,0,0,1,0,1,0,1,0,0,0,1,0,1,3,0,0,0,1,1,1,1,0,2,1,3,0,1,1,2,2,2,1,2,0,1,0,0,0,0,1,0,0,1,0,0,0,1,1,0,0,0,0,0,0,0,0,0,0,0,0,0,1,0,0,0,0,0,0,0,1,0,0,0,0,0,0,0,0,0,0,0,0,0,0,0,0,0,0,0,0,0,0,0,1,0,0,0,0,0,0,0,0,0,0,0,0,0,0,0,0,0,0,0,0,0,0,0,0,0,0,0,0,0,0,0,0,0,0,0,0,0,0,0,0,0,0,0,0,0,0,0,0,0,0,0,0,0,0,0,0,0,0,0,0,0,0,0,0,0,0,0
0,0,0,0,0,0,0,1,0,0,0,0,0,0,0,0,0,0,0,0,0,0,0,0,0,0,1,1,0,0,1,0,1,1,1,0,1,1,0,1,1,0,1,2,3,1,0,1,1,0,1,2,0,1,1,1,0,1,1,0,2,2,1,0,1,2,0,2,0,0,0,1,1,1,0,1,0,1,0,0,0,1,1,1,4,1,0,0,0,2,1,0,1,0,0,0,0,0,1,1,0,0,0,0,0,0,1,0,0,0,0,0,0,1,0,1,0,0,0,1,0,0,0,0,0,0,0,0,0,0,0,0,0,0,0,0,0,0,0,0,0,0,0,0,0,0,0,0,0,0,0,0,0,0,0,0,0,0,0,0,0,0,0,0,0,0,0,0,0,0,0,0,0,0,0,0,0,0,0,0,0,0,0,0,0,0,0,0,0,0,0,0,0,0,0,0,0,0,0,0
0,0,0,0,0,0,0,0,0,0,0,0,0,0,0,0,0,1,1,0,0,0,0,0,0,0,0,2,0,0,1,0,0,1,1,0,4,0,1,0,0,0,1,0,0,1,1,0,2,3,3,1,0,2,1,0,1,1,4,1,1,0,1,1,0,1,0,0,1,1,1,0,0,0,0,0,1,0,0,0,1,0,0,1,1,0,1,0,0,0,0,0,1,0,0,0,2,0,0,1,1,1,0,0,0,1,0,0,0,0,0,0,0,0,0,0,0,0,0,0,0,0,0,0,0,0,0,0,0,0,0,0,0,0,0,0,0,0,0,1,0,0,0,0,0,0,0,0,0,0,0,0,0,0,0,0,0,0,0,0,0,0,0,0,0,0,0,0,0,0,0,0,0,0,0,0,0,0,0,0,0,0,0,0,0,0,0,0,0,0,0,0,0,0,0,0,0,0,0,0
0,0,0,0,0,0,0,0,0,0,0,0,0,0,0,0,0,0,1,0,0,0,0,0,1,0,0,0,0,0,0,0,1,1,1,0,2,0,0,0,0,2,1,1,0,1,0,0,0,1,2,1,0,1,1,0,2,2,1,1,1,1,1,0,0,0,1,3,1,0,0,1,0,1,0,0,1,1,0,2,3,0,0,0,0,1,2,0,0,0,1,0,0,2,0,0,0,0,1,0,0,0,0,0,0,1,0,0,0,0,0,0,0,1,0,0,0,0,0,0,0,0,0,0,0,0,0,0,0,0,0,0,0,0,0,0,0,0,0,0,0,0,0,0,0,0,0,0,0,0,0,0,0,0,0,0,0,0,0,0,0,0,0,0,0,0,0,0,0,0,0,0,0,0,0,0,0,0,0,0,0,0,0,0,0,0,0,0,0,0,0,0,0,0,0,0,0,0,0,0
0,0,0,0,0,0,0,0,1,0,0,0,0,0,0,0,1,0,0,0,1,0,0,1,0,0,0,0,1,1,0,0,0,0,0,0,1,0,1,0,0,1,1,1,0,1,0,1,0,4,1,1,1,0,3,3,1,2,1,2,0,1,1,2,1,0,2,2,0,0,1,0,0,1,1,0,0,1,2,0,0,0,0,0,1,1,0,0,2,0,0,0,0,3,0,1,0,0,0,0,0,0,0,0,1,0,0,0,1,0,0,0,0,0,0,0,0,0,0,0,0,0,0,0,0,0,0,0,1,0,0,0,0,0,0,0,0,0,0,0,0,0,0,0,0,0,0,0,0,0,0,0,0,0,0,0,0,0,0,0,0,0,0,0,0,0,0,0,0,0,0,0,0,0,0,0,0,0,0,0,0,0,0,0,0,0,0,0,0,0,0,0,0,0,0,0,0,0,0,0
0,0,0,0,0,0,0,0,0,0,0,0,0,0,0,0,1,0,0,0,0,0,0,0,0,0,1,0,0,0,0,0,0,0,1,1,1,1,0,0,1,2,1,0,1,0,1,0,0,2,0,1,0,2,4,0,1,1,2,1,0,3,1,2,0,1,0,1,1,2,0,1,1,1,1,2,0,1,1,1,1,0,0,0,1,2,0,1,0,0,0,1,1,0,0,0,0,0,0,0,0,2,0,0,0,0,0,0,0,0,0,0,0,0,0,0,0,0,0,0,0,0,0,0,0,0,0,0,0,0,0,0,0,0,0,0,1,0,0,0,0,0,1,0,0,0,0,0,0,0,0,0,0,0,0,0,0,0,0,0,0,1,0,0,0,0,0,0,0,0,0,0,0,0,0,0,0,0,0,0,0,0,0,0,0,0,0,0,0,0,0,0,0,0,0,0,0,0,0,0
0,0,0,0,0,0,0,0,0,0,0,0,0,0,0,0,0,0,0,0,0,0,1,0,0,0,0,0,1,0,1,0,0,0,0,0,1,1,0,1,0,0,1,0,2,0,0,1,1,2,1,1,0,1,3,1,0,0,3,1,0,4,2,1,1,3,0,1,3,0,2,0,0,0,0,0,1,1,2,0,0,0,1,0,0,1,1,0,0,1,0,0,1,0,0,0,0,0,0,1,1,1,0,0,0,0,0,0,0,0,0,0,2,0,0,0,0,0,0,0,0,0,0,0,0,0,0,0,0,0,0,0,0,0,0,0,0,0,0,0,0,0,0,0,0,0,0,0,0,0,0,0,0,0,0,0,0,0,0,0,0,0,0,0,0,0,0,0,0,0,0,0,0,0,0,0,0,0,0,0,0,0,0,0,0,0,0,0,0,0,0,0,0,0,0,0,0,0,0,0
0,0,0,0,0,0,0,0,0,0,0,0,0,0,0,0,0,0,0,0,0,0,0,0,0,1,0,0,0,0,0,0,0,0,0,2,0,1,1,0,1,0,0,1,2,0,1,1,2,1,0,0,2,3,2,0,0,0,0,1,1,0,1,0,1,0,0,2,1,1,0,0,1,2,2,0,0,0,0,1,0,1,0,0,0,0,0,0,0,1,0,2,0,0,0,0,0,1,0,0,0,0,0,0,1,1,0,0,0,0,1,1,0,0,0,0,0,0,0,0,0,0,0,0,0,1,0,0,0,0,0,0,0,0,0,0,0,0,0,0,0,0,0,0,0,0,0,0,0,0,0,0,0,0,0,0,0,0,0,0,0,0,0,0,0,0,0,0,0,0,0,0,0,0,0,0,0,0,0,0,0,0,0,0,0,0,0,0,0,0,0,0,0,0,0,0,0,0,0,0
0,0,0,0,0,0,0,0,0,0,0,0,0,0,0,0,1,0,0,0,1,0,0,0,1,0,0,1,0,0,1,1,0,2,2,0,0,0,0,0,2,0,0,0,2,1,0,0,0,2,0,0,1,2,1,3,4,2,0,0,0,0,0,1,2,0,1,1,1,0,0,1,1,2,0,1,1,0,0,0,1,1,0,1,0,0,0,0,1,0,0,1,0,1,1,0,0,0,0,0,0,0,0,1,0,0,0,0,0,0,0,0,0,0,0,0,0,0,0,0,0,0,0,0,0,0,0,0,0,0,0,0,0,0,0,0,0,0,0,0,0,0,0,0,0,0,0,0,0,0,0,0,0,0,0,0,0,0,0,0,0,0,0,0,0,0,0,0,0,0,0,0,0,0,0,0,0,0,0,0,0,0,0,0,0,0,0,0,0,0,0,0,0,0,0,0,0,0,0,0
0,0,0,0,0,0,0,0,0,0,0,0,0,0,0,0,0,0,0,0,0,0,0,0,0,0,0,0,0,0,0,0,0,0,0,0,0,0,0,0,0,0,1,0,3,0,1,2,0,1,1,0,1,1,2,1,1,1,1,0,1,1,0,1,0,1,0,0,1,0,1,0,0,1,0,0,0,1,0,1,1,0,0,1,1,1,1,0,0,1,0,0,1,1,1,0,0,0,0,0,0,1,0,0,1,0,1,0,0,0,0,0,0,0,1,0,0,0,0,0,0,0,0,0,0,0,0,0,0,0,0,0,0,0,0,0,0,0,0,0,0,0,0,0,0,0,0,0,0,0,0,0,0,0,0,0,0,0,0,0,0,0,0,0,0,0,0,0,0,0,0,0,0,0,0,0,0,0,0,0,0,0,0,0,0,0,0,0,0,0,0,0,0,0,0,0,0,0,0,0
0,0,0,0,0,0,0,0,0,0,0,0,0,0,0,0,0,0,0,0,0,1,0,1,0,0,0,0,0,0,0,2,1,0,0,0,0,1,1,0,0,0,1,1,0,1,0,1,1,0,1,1,1,1,0,0,1,1,1,0,0,1,0,0,1,1,1,1,2,1,1,1,1,2,0,3,0,0,0,0,1,1,2,1,0,0,0,0,1,0,0,0,1,0,0,0,0,1,0,0,1,0,0,0,0,0,0,0,0,0,0,0,0,0,0,0,0,0,0,0,0,0,0,0,0,0,0,0,0,0,0,0,0,0,0,0,0,0,0,0,0,0,0,0,0,0,0,0,0,0,0,0,0,0,0,0,0,0,0,0,0,0,0,0,0,0,0,0,0,0,0,0,0,0,0,0,0,0,0,0,0,0,0,0,0,0,0,0,0,0,0,0,0,0,0,0,0,0,0,0
0,0,0,0,0,0,0,0,0,0,0,0,0,0,0,0,0,0,0,0,0,0,0,0,0,0,0,1,0,1,0,0,0,0,0,1,1,1,0,0,1,1,0,1,0,2,1,2,2,0,0,1,0,1,1,2,0,0,1,0,0,2,0,0,2,0,0,0,0,2,0,0,1,1,0,1,0,0,1,0,1,0,0,1,0,1,0,0,0,0,0,2,0,0,2,0,1,0,0,0,0,0,0,0,0,0,0,0,0,0,0,1,0,0,0,0,1,0,0,0,0,0,0,0,0,0,0,0,0,0,0,0,0,0,0,0,0,0,0,0,0,0,1,0,0,0,0,0,0,0,0,0,0,0,0,0,0,0,0,0,0,0,0,0,0,0,0,0,0,0,0,0,0,0,0,0,0,0,0,0,0,0,0,0,0,0,0,0,0,0,0,0,0,0,0,0,0,0,0,0
0,0,0,0,0,0,0,0,0,0,0,0,0,0,0,0,0,0,0,1,0,0,0,0,0,0,1,0,0,0,0,0,1,0,0,1,1,0,2,0,1,1,1,1,2,0,0,3,0,0,0,0,0,1,0,0,1,0,3,0,1,2,0,2,0,0,1,2,2,1,0,1,0,0,1,0,0,1,0,0,0,1,0,1,0,1,0,1,0,0,0,1,0,0,0,0,1,0,1,0,0,0,0,0,0,0,0,0,0,0,1,1,1,0,1,0,0,0,0,0,0,0,0,0,0,1,0,0,0,0,0,0,0,0,0,0,0,0,0,0,0,0,0,0,0,0,0,0,0,0,0,0,0,0,0,0,0,0,0,0,0,0,0,0,0,0,0,0,0,0,0,0,0,0,0,0,0,0,0,0,0,0,0,0,0,0,0,0,0,0,0,0,0,0,0,0,0,0,0,0
0,0,0,0,0,0,0,0,0,0,0,0,1,0,0,0,0,0,1,0,0,0,0,1,0,0,0,1,0,0,0,0,2,0,0,1,0,1,0,1,0,2,0,1,0,1,0,0,0,2,1,1,1,1,1,2,2,1,0,0,0,0,0,1,0,0,0,0,0,1,1,2,1,0,1,1,1,0,0,2,0,1,0,1,0,0,0,2,1,0,1,0,0,0,1,0,0,0,0,1,0,0,0,0,0,0,0,0,0,0,0,0,0,1,0,0,0,1,0,0,0,0,0,0,0,0,0,0,0,0,0,0,0,1,0,0,0,0,0,0,0,0,0,0,0,0,0,0,0,0,0,0,0,0,0,0,0,0,0,0,0,0,0,0,0,0,0,0,0,0,0,0,0,0,0,0,0,0,0,0,0,0,0,0,0,0,0,0,0,0,0,0,0,0,0,0,0,0,0,0
0,0,0,0,0,0,0,0,0,0,0,0,0,0,0,0,0,0,0,0,0,0,0,0,0,0,0,0,0,0,0,0,0,0,0,1,0,1,0,1,1,1,2,0,1,2,0,0,0,0,1,0,1,1,1,0,0,1,0,0,2,2,1,0,0,1,0,2,0,1,0,0,0,2,1,1,0,0,0,2,0,0,3,0,1,2,0,0,0,0,0,0,0,0,0,0,0,0,1,0,1,0,0,0,0,0,0,0,1,0,0,0,0,0,0,0,0,0,0,0,0,0,0,0,0,0,0,1,0,0,0,0,0,0,0,0,0,0,0,0,0,0,0,0,0,0,0,0,0,0,0,0,0,0,0,0,0,0,0,0,0,0,0,0,0,0,0,0,0,0,0,0,0,0,0,0,0,0,0,0,0,0,0,0,0,0,0,0,0,0,0,0,0,0,0,0,0,0,0,0
0,0,0,0,0,1,0,0,0,0,0,0,0,0,0,0,0,0,0,0,2,0,0,0,0,0,0,0,0,0,0,0,0,0,0,0,1,1,0,3,0,0,1,0,0,1,2,1,0,1,1,1,1,1,0,1,0,0,1,0,0,1,0,3,0,0,1,0,2,0,0,1,0,1,0,1,0,2,0,0,0,0,0,0,1,0,0,0,1,0,0,0,0,0,0,0,0,0,0,0,0,0,0,0,0,0,0,0,0,0,0,0,0,0,0,1,0,0,0,1,0,0,0,0,0,0,0,0,0,0,0,0,0,0,0,0,0,0,0,0,0,1,0,0,0,0,0,0,0,0,0,0,0,0,0,0,0,0,0,0,0,0,0,0,0,0,0,0,0,0,0,0,0,0,0,0,0,0,0,0,0,0,0,0,0,0,0,0,0,0,0,0,0,0,0,0,0,0,0,0
0,0,0,0,0,0,0,0,0,0,0,0,0,0,0,0,0,0,0,0,0,0,0,0,0,1,0,0,0,0,0,0,1,0,1,1,0,0,0,0,0,0,0,1,0,0,0,0,1,0,0,0,0,2,0,2,0,0,0,0,2,0,0,0,1,1,0,0,0,1,1,1,0,0,0,0,0,0,0,0,0,0,1,0,1,2,0,1,0,0,1,1,1,0,0,0,0,0,0,0,0,1,1,0,0,0,0,0,1,0,0,0,0,0,0,0,0,0,0,0,0,0,0,0,0,0,0,0,0,0,0,0,0,0,1,0,0,0,0,0,0,0,0,0,0,0,0,0,0,0,0,0,0,0,0,0,0,0,0,0,0,0,0,0,0,0,0,0,0,0,0,0,0,0,0,0,0,0,0,0,0,0,0,0,0,0,0,0,0,0,0,0,0,0,0,0,0,0,0,0
0,0,0,1,0,0,0,0,0,0,0,0,0,0,0,0,0,0,0,0,0,0,0,0,0,0,0,0,1,1,0,0,1,0,1,1,1,1,0,0,0,0,1,2,0,0,0,1,0,0,0,0,1,0,1,3,0,2,0,1,0,1,1,0,1,2,0,1,1,0,1,1,0,0,0,0,0,0,0,0,1,0,1,0,0,0,0,0,0,0,0,0,0,0,0,0,0,0,0,0,0,0,0,0,1,0,0,0,0,0,0,0,0,0,0,0,0,0,0,0,0,0,0,0,0,0,0,0,0,0,0,0,0,0,0,0,1,0,0,0,0,0,0,0,0,0,0,0,0,0,0,0,0,0,0,0,0,0,0,0,0,0,0,0,0,0,0,0,0,0,0,0,0,0,0,0,0,0,0,0,0,0,0,0,0,0,0,0,0,0,0,0,0,0,0,0,0,0,0,0
0,0,0,0,0,0,0,0,0,0,0,0,0,0,0,0,1,1,0,0,0,0,0,0,0,0,0,0,0,1,1,0,0,1,0,0,1,0,2,1,1,0,1,0,1,0,0,1,0,0,0,1,1,0,0,0,1,0,0,0,0,1,0,0,1,0,0,0,1,0,0,1,0,0,2,0,0,1,0,1,0,0,0,0,1,0,1,0,0,1,0,1,0,1,0,0,0,0,0,0,0,0,0,0,0,0,0,1,0,0,0,0,0,0,0,0,0,1,0,0,0,0,0,0,0,0,0,0,0,0,0,0,0,0,0,0,0,0,0,0,0,0,0,0,0,0,0,0,0,0,0,0,0,0,0,0,0,0,0,0,0,0,0,0,0,0,0,0,0,0,0,0,0,0,0,0,0,0,0,0,0,0,0,0,0,0,0,0,0,0,0,0,0,0,0,0,0,0,0,0
0,0,0,0,0,0,0,0,0,0,0,0,0,0,0,0,0,0,0,0,0,0,0,0,1,0,0,1,0,0,0,0,0,1,1,0,0,1,1,0,0,1,1,0,1,0,0,0,0,2,1,0,0,0,1,0,0,1,0,1,0,3,0,1,0,0,1,0,2,0,2,0,1,0,1,1,1,0,1,0,0,0,0,1,0,0,0,1,0,1,0,0,0,0,0,0,1,0,0,0,0,0,0,0,0,0,0,0,0,0,1,0,0,0,0,0,0,0,0,0,0,0,0,0,0,0,0,0,0,0,0,0,0,0,0,0,0,0,0,0,0,0,0,0,0,0,0,0,0,0,0,0,0,0,0,0,0,0,0,0,0,0,0,0,0,0,0,0,0,0,0,0,0,0,0,0,0,0,0,0,0,0,0,0,0,0,0,0,0,0,0,0,0,0,0,0,0,0,0,0
0,0,0,0,0,0,0,0,0,0,0,0,0,0,0,0,0,0,0,0,0,0,0,1,0,0,0,0,0,0,1,0,0,0,0,0,0,1,0,1,0,0,0,1,0,0,2,1,0,1,1,0,1,2,0,2,1,3,0,1,0,1,2,0,0,0,0,0,0,0,2,0,2,0,0,0,0,0,0,1,0,0,0,1,0,0,0,0,1,0,0,0,0,0,0,0,0,0,0,0,0,1,0,0,0,0,0,0,0,1,0,0,0,0,0,0,0,0,0,0,0,0,0,0,0,0,0,0,0,0,0,0,0,0,0,1,0,0,0,0,0,0,0,0,0,0,0,0,0,0,0,0,0,0,0,0,0,0,0,0,0,0,0,0,0,0,0,0,0,0,0,0,0,0,0,0,0,0,0,0,0,0,0,0,0,0,0,0,0,0,0,0,0,0,0,0,0,0,0,0
0,0,0,0,0,0,0,0,0,0,0,0,0,0,0,0,0,0,0,0,0,0,0,0,0,0,1,1,0,0,0,0,0,0,2,0,0,0,0,2,2,0,0,0,2,0,1,0,0,1,2,0,1,2,0,0,1,0,0,1,3,3,0,0,0,0,0,1,0,0,1,2,0,0,0,0,0,0,1,1,0,0,0,0,1,0,0,0,0,0,0,0,0,0,0,0,0,0,0,0,0,0,0,1,0,0,0,0,0,0,0,0,0,0,0,0,1,0,0,0,0,0,0,0,0,0,0,0,0,0,0,0,0,0,0,0,0,0,0,0,0,0,0,0,0,0,0,0,0,0,0,0,0,0,0,0,0,0,0,0,0,0,0,0,0,0,0,0,0,0,0,0,0,0,0,0,0,0,0,0,0,0,0,0,0,0,0,0,0,0,0,0,0,0,0,0,0,0,0,0
0,0,0,0,0,0,0,0,0,0,0,0,0,0,0,0,0,0,0,1,0,0,0,0,0,0,0,0,0,1,1,1,0,0,0,0,2,2,1,1,0,1,1,1,0,1,0,0,0,1,2,0,0,0,2,1,0,0,0,0,0,1,0,0,0,0,0,0,0,0,0,0,0,2,0,0,0,0,0,0,0,0,0,1,0,0,0,0,0,0,0,0,0,0,0,0,0,0,1,0,0,0,0,0,0,0,0,0,0,0,0,0,0,0,0,0,0,1,0,0,0,0,1,0,0,0,0,0,0,0,0,0,0,0,0,0,0,0,0,0,0,0,0,0,0,0,0,0,0,0,0,0,0,0,0,0,0,0,0,0,0,0,1,0,0,1,0,0,0,0,0,0,0,0,0,0,0,0,0,0,0,0,0,0,0,0,0,0,0,0,0,0,0,0,0,0,0,0,0,0
0,0,0,0,0,0,0,0,0,0,0,0,0,0,1,0,0,0,0,0,0,0,0,0,0,0,0,0,0,0,0,0,0,0,0,0,1,0,0,0,1,1,0,1,0,0,0,0,0,0,0,0,1,3,1,0,0,0,0,0,3,2,0,1,0,0,0,1,0,0,1,0,0,0,3,1,0,0,1,0,1,0,0,1,0,0,0,0,0,0,2,0,0,0,0,0,0,0,0,1,1,0,0,0,0,0,0,0,0,0,0,0,0,0,0,0,0,0,0,1,0,0,0,0,0,0,0,0,0,0,0,0,0,0,0,0,0,0,0,0,0,0,0,0,0,0,0,0,0,0,0,0,0,0,0,0,0,0,0,0,0,0,0,0,0,0,0,0,0,0,0,0,0,0,0,0,0,0,0,0,0,0,0,0,0,0,0,0,0,0,0,0,0,0,0,0,0,0,0,0
0,0,0,0,0,0,0,0,0,0,0,0,0,0,0,0,0,0,0,0,0,0,0,0,0,0,0,0,0,0,1,0,0,0,0,0,0,0,0,1,1,0,1,1,1,0,2,1,0,0,1,1,0,0,0,0,0,0,0,1,0,1,0,1,1,0,0,2,0,0,0,0,1,2,0,1,3,0,0,2,1,0,0,0,0,0,0,1,0,0,0,0,0,0,0,0,1,1,0,1,0,1,0,0,0,1,0,0,0,0,0,0,0,0,0,1,0,0,0,0,0,0,0,0,0,0,0,0,0,0,0,0,0,1,0,0,0,0,0,0,0,0,0,0,0,0,0,0,0,0,0,0,0,0,0,0,0,0,0,0,0,0,0,0,0,0,0,0,0,0,0,0,0,0,0,0,0,0,0,0,0,0,0,0,0,0,0,0,0,0,0,0,0,0,0,0,0,0,0,0
0,0,0,0,0,0,0,0,0,0,0,0,0,0,0,0,0,0,0,0,0,0,0,0,0,2,0,1,0,0,1,1,0,2,0,0,0,0,0,0,0,0,0,0,0,0,1,2,0,0,1,0,2,0,2,0,0,2,0,0,0,0,0,0,0,0,0,1,0,0,1,1,0,0,0,0,0,2,2,0,1,0,0,0,3,1,0,0,1,0,0,0,0,0,0,0,1,0,0,0,0,0,0,0,0,0,0,0,0,0,1,0,0,0,0,0,0,0,0,0,0,0,0,0,0,0,0,0,0,0,0,0,0,0,0,0,0,0,0,0,0,0,0,0,0,0,0,0,0,0,0,0,0,0,0,0,0,0,0,0,0,0,0,0,0,0,0,0,0,0,0,0,0,0,0,0,0,0,0,0,0,0,0,0,0,0,0,0,0,0,0,0,0,0,0,0,0,0,0,0
0,0,0,0,0,0,0,0,0,0,0,0,0,0,0,0,0,1,0,0,0,1,1,0,0,0,0,1,1,1,1,0,0,1,1,0,0,1,0,0,1,1,0,1,2,0,1,0,0,1,0,1,0,1,1,0,0,0,0,1,2,1,2,0,0,0,0,0,2,3,0,1,0,0,0,0,0,1,0,0,0,2,1,0,0,0,0,0,2,0,0,0,1,1,0,0,0,0,0,0,0,0,0,0,0,0,0,0,0,0,0,0,1,1,0,0,0,0,0,1,0,0,0,0,0,0,0,0,0,0,0,0,0,0,0,0,0,0,0,0,0,0,0,0,0,0,0,0,0,0,0,0,0,0,0,0,0,0,0,0,0,0,0,0,0,0,0,0,0,0,0,0,0,0,0,0,0,0,0,0,0,0,0,0,0,0,0,0,0,0,0,0,0,0,0,0,0,0,0,0
0,0,0,0,0,0,0,0,0,0,0,0,0,0,0,0,0,0,0,0,0,0,0,0,0,0,1,0,0,1,0,2,0,0,1,0,0,0,0,0,0,0,0,0,0,0,0,0,1,0,1,0,0,0,0,0,0,2,2,0,0,0,0,1,0,1,1,1,2,0,0,0,1,1,1,0,0,1,1,0,0,1,1,0,1,0,0,0,0,1,0,0,0,0,1,0,0,0,1,0,0,0,1,0,0,0,0,0,0,0,0,0,0,0,0,0,0,0,0,0,0,0,0,0,0,0,0,0,0,0,0,0,0,0,0,0,0,0,0,0,0,0,0,0,0,0,0,0,0,0,0,0,0,0,0,0,0,0,0,0,0,0,0,0,0,0,0,0,0,0,0,0,0,0,0,0,0,0,0,0,0,0,0,0,0,0,0,0,0,0,0,0,0,0,0,0,0,0,0,0
0,0,0,0,0,0,0,0,0,0,0,0,0,0,0,0,0,0,0,0,0,0,0,0,0,0,1,0,0,0,0,0,0,0,0,0,1,0,0,1,0,0,1,2,1,0,1,0,0,1,0,0,0,1,1,1,2,1,1,0,0,0,1,0,0,1,1,0,0,1,0,0,0,0,0,0,1,0,0,1,0,1,0,0,0,0,0,0,0,0,0,1,0,0,0,1,0,0,0,1,0,0,0,0,0,0,0,0,0,0,0,0,0,0,0,1,0,0,0,1,0,0,0,0,0,0,0,0,0,0,0,0,0,0,0,0,0,0,0,0,0,0,0,0,0,0,0,0,0,0,0,0,0,0,0,0,0,0,0,0,0,0,0,0,0,0,0,0,0,0,0,0,0,0,0,0,0,0,0,0,0,0,0,0,0,0,0,0,0,0,0,0,0,0,0,0,0,0,0,0
0,0,0,0,0,0,0,0,0,0,0,0,0,0,0,0,0,0,0,0,0,0,0,1,0,0,0,1,0,0,0,0,1,0,0,0,0,1,1,1,1,0,0,0,1,0,0,0,0,0,0,0,0,0,2,0,0,1,2,0,1,0,0,0,0,1,0,0,1,0,0,0,0,0,0,1,0,1,1,0,1,0,0,0,0,0,1,0,0,0,0,0,0,0,0,0,0,0,0,0,0,0,0,0,0,0,0,0,0,0,0,0,0,0,0,0,0,0,0,0,0,0,0,0,0,0,0,0,0,0,0,0,0,0,0,0,0,0,0,0,0,0,0,0,0,0,0,0,0,0,0,0,0,0,0,0,0,0,0,0,0,0,0,0,0,0,0,0,0,0,0,0,0,0,0,0,0,0,0,0,0,0,0,0,0,0,0,0,0,0,0,0,0,0,0,0,0,0,0,0
