11,4,4,6,4,5,9,10,11,17,8,18,25,16,12,24,26,32,26,33,39,54,42,50,62,67,59,75,85,85,105,169,150,147,188,148,197,183,245,236,292,286,329,319,289,399,412,426,426,462,547,501,606,580,659,626,717,686,773,820,804,871,904,903,983,1008,1068,1041,1077,1122,1177,1112,1205,1168,1183,1269,1305,1218,1366,1313,1332,1308,1319,1374,1365,1227,1319,1344,1195,1386,1226,1126,1215,1278,1217,1128,1151,1017,1039,990,1072,1022,984,897,934,853,852,832,849,688,686,621,609,587,614,563,529,504,514,462,437,372,352,315,277,290,281,215,188,216,186,179,169,147,151,116,161,123,96,80,85,74,87,69,62,50,41,39,29,43,23,21,15,16,20,13,17,12,13,7,6,8,4,9,2,2,4,6,4,3,4,3,6,6,2,0,0,0,0,0,0,0,0,0,0,0,0,0,0,0,0,0,0,0,0,0,0,0,0,0
9,10,4,6,4,5,5,13,13,31,8,11,18,26,20,19,29,28,27,23,43,60,49,51,70,78,61,66,86,93,126,131,145,118,191,153,183,208,291,255,297,302,300,353,352,352,428,434,423,470,569,531,549,594,645,639,747,728,804,821,838,844,923,874,952,1028,1049,1058,1022,1090,1103,1121,1241,1189,1161,1282,1279,1164,1278,1282,1273,1225,1348,1293,1328,1188,1264,1198,1148,1291,1181,1136,1159,1176,1091,1044,1169,1004,1006,957,981,970,897,847,789,770,753,780,743,619,668,618,568,536,509,551,529,478,420,420,418,343,307,316,273,303,252,239,182,203,181,164,182,123,141,110,128,105,80,66,71,72,80,69,49,44,41,44,28,28,20,43,25,18,31,15,23,8,11,13,8,5,6,7,1,2,2,7,2,2,4,2,5,4,1,0,0,2,0,0,1,1,0,0,0,0,0,0,0,0,0,0,0,0,0,0,0,0,0,0
8,9,3,9,6,0,8,10,9,22,4,11,14,19,20,26,34,30,32,32,30,50,44,51,52,75,63,74,97,85,104,146,141,137,191,152,194,236,248,263,318,295,352,304,295,373,425,431,444,480,549,513,597,537,719,602,721,716,820,779,828,869,918,923,931,988,1094,1072,1120,1153,1118,1110,1172,1217,1159,1269,1288,1243,1282,1277,1253,1246,1243,1340,1234,1211,1201,1262,1168,1194,1081,1055,1204,1198,1039,1011,1069,931,984,918,921,886,825,799,847,734,717,660,732,614,627,600,529,513,503,465,476,419,391,397,378,331,270,289,252,237,260,230,179,174,162,133,155,119,110,106,126,106,93,96,62,62,62,65,39,37,45,35,29,34,24,28,23,18,14,21,22,14,11,13,4,15,5,3,0,5,3,10,5,6,4,7,4,4,1,0,0,0,0,0,1,1,0,0,0,0,0,0,0,0,0,0,0,0,0,0,0,0,0,0
10,11,2,4,4,5,13,11,13,19,7,8,20,14,19,24,26,24,26,27,60,61,53,57,60,68,79,66,93,87,100,157,140,139,201,158,215,206,287,289,308,298,356,298,326,398,388,435,456,479,566,546,577,592,639,625,730,763,840,832,865,856,867,888,957,967,1051,1040,1039,1118,1080,1077,1179,1129,1143,1237,1231,1179,1208,1263,1226,1222,1178,1273,1266,1143,1176,1173,1149,1191,1096,1084,1116,1031,1039,914,981,885,898,840,865,837,836,781,801,701,744,663,660,578,558,520,512,464,497,454,397,400,417,362,340,331,265,287,235,229,223,220,149,211,178,153,147,134,102,95,111,126,86,82,63,47,57,66,41,44,31,28,18,25,27,27,14,17,16,11,6,7,14,10,4,11,0,4,2,3,6,6,4,3,4,1,3,6,2,0,0,2,0,0,1,3,0,0,0,0,0,0,0,0,0,0,0,0,0,0,0,0,0,0
8,8,4,5,7,5,3,14,11,21,3,10,27,16,12,22,29,27,26,19,45,48,41,51,52,61,75,90,97,86,121,166,135,135,187,169,237,199,238,288,292,285,317,311,305,406,442,478,463,485,563,525,559,598,662,603,779,768,790,827,854,830,917,898,936,968,1054,1044,1016,1091,1073,1065,1165,1115,1057,1220,1190,1142,1182,1168,1201,1171,1211,1197,1151,1084,1059,1088,1093,1095,1036,1017,1065,979,1033,909,941,836,898,884,819,794,813,719,738,660,658,567,620,522,542,531,524,430,440,446,391,380,390,328,313,270,296,262,230,222,223,204,169,176,159,123,139,137,93,78,109,93,71,82,65,60,54,52,40,36,26,33,25,40,24,30,25,14,11,8,14,9,14,15,9,10,7,5,1,5,1,2,4,3,3,1,2,1,1,0,0,0,0,0,3,0,0,0,0,0,0,0,0,0,0,0,0,0,0,0,0,0,0,0
7,5,3,5,7,10,12,13,18,25,8,12,25,21,19,23,35,37,26,32,55,49,52,57,58,70,82,75,99,89,108,158,129,146,192,162,209,228,271,261,299,298,331,328,344,401,409,456,490,488,586,530,628,606,656,652,747,764,792,790,895,842,957,893,918,989,1018,992,993,1100,1045,1004,1205,1051,1081,1204,1167,1070,1137,1138,1190,1227,1155,1164,1072,1090,1023,1091,995,1014,1025,981,988,1031,993,846,925,770,870,783,787,721,730,695,710,637,636,589,593,537,493,480,461,427,407,410,360,352,346,338,294,269,241,254,200,226,202,203,145,158,138,113,127,110,95,85,108,98,76,72,64,51,61,45,38,36,34,22,14,23,17,34,12,18,16,8,16,11,13,6,3,7,3,4,1,5,4,3,5,1,1,2,2,3,0,0,0,1,0,0,1,1,0,0,0,0,0,0,0,0,0,0,0,0,0,0,0,0,0,0
11,12,6,6,7,4,4,12,13,14,8,9,21,25,20,25,32,34,29,31,30,44,51,62,60,73,69,75,94,80,128,174,141,140,209,169,210,215,280,275,336,298,329,345,341,398,422,434,506,471,590,540,566,626,679,642,799,740,791,840,833,877,910,892,947,916,986,1016,1014,1034,1032,1023,1105,1079,1020,1151,1104,1097,1184,1046,1229,1162,1070,1062,1165,1045,1073,986,1020,1006,972,911,980,954,926,801,869,728,758,736,763,679,730,621,662,571,626,516,605,456,492,457,410,435,370,381,353,331,324,311,306,272,210,234,189,210,213,214,138,156,115,133,108,108,86,102,76,92,68,60,53,39,59,47,36,32,20,29,21,27,19,21,17,18,9,16,13,8,12,12,2,5,6,6,1,4,5,3,2,1,0,4,2,0,3,0,0,1,0,0,2,3,0,0,0,0,0,0,0,0,0,0,0,0,0,0,0,0,0,0
8,6,5,3,3,8,11,4,15,20,5,16,20,24,15,24,28,45,12,30,45,65,43,73,68,65,72,76,89,100,120,146,156,149,187,191,184,215,298,285,329,327,319,313,364,412,424,486,463,483,538,517,628,639,662,641,696,736,803,846,813,874,906,901,917,914,985,1054,1042,1037,976,1027,1085,1028,998,1165,1166,1039,1116,1084,1065,1097,1064,1072,1063,996,1052,1024,934,1009,929,882,952,901,868,850,818,775,765,720,725,682,679,606,565,563,523,535,520,469,465,427,391,384,405,362,337,341,322,279,289,234,216,211,184,168,170,198,117,124,110,123,123,95,90,92,101,80,45,50,45,40,49,48,35,29,29,25,20,28,21,23,21,21,15,11,12,8,10,13,5,9,6,4,1,6,2,2,4,2,1,3,1,2,2,0,0,2,0,0,2,0,0,0,0,0,0,0,0,0,0,0,0,0,0,0,0,0,0,0
4,10,1,6,8,5,13,12,10,25,5,20,30,20,16,22,30,34,31,16,50,43,48,65,72,80,74,98,93,99,123,179,161,162,166,151,224,242,258,251,304,280,358,357,356,460,431,471,449,475,559,530,585,592,654,679,776,702,787,744,809,884,876,841,920,915,944,1007,1001,1088,1055,1002,1086,969,973,1129,1111,1019,1096,1054,1108,962,1061,1066,1030,967,955,940,942,974,907,860,861,890,786,797,791,726,698,643,715,670,679,578,554,536,530,505,522,431,437,407,404,331,340,347,326,306,291,276,283,208,202,237,162,175,164,145,118,129,121,106,95,73,84,79,82,73,52,49,38,54,40,51,40,34,28,28,16,16,13,25,12,15,15,7,10,7,10,8,2,7,7,3,3,2,7,3,3,2,3,1,2,3,1,0,0,2,0,0,1,0,0,0,0,0,0,0,0,0,0,0,0,0,0,0,0,0,0,0
13,5,5,9,4,3,10,16,12,22,8,14,26,27,14,23,30,28,23,23,31,48,60,70,55,79,75,61,87,79,108,164,150,167,180,178,214,215,269,245,288,330,314,287,356,373,424,458,455,476,545,525,581,605,681,621,711,743,845,771,827,811,898,832,920,925,993,961,928,996,963,960,1068,1077,993,1073,1085,1013,1057,1011,1057,1042,1028,1054,1003,937,958,977,877,900,846,836,835,808,819,723,784,637,694,656,660,658,634,551,602,560,526,504,476,388,432,424,363,346,315,309,324,280,285,245,247,230,208,160,159,175,146,160,101,122,114,103,119,81,72,75,77,73,48,50,48,38,27,49,29,44,20,37,18,15,18,21,13,10,8,13,14,10,8,7,2,4,5,2,3,6,1,4,6,2,1,3,1,2,1,0,0,1,0,0,1,0,0,0,0,0,0,0,0,0,0,0,0,0,0,0,0,0,0,0
14,3,2,6,7,7,11,15,16,24,5,16,25,21,17,26,29,23,35,19,35,50,58,70,57,64,77,91,87,77,121,175,140,155,173,172,221,215,255,283,337,300,372,322,329,393,443,466,484,446,577,507,556,608,605,615,737,714,837,777,757,846,886,809,825,917,965,962,961,953,970,987,1022,957,971,1138,1068,961,1040,988,1040,971,989,1075,886,885,948,886,847,875,869,802,828,844,778,674,730,610,675,652,636,597,657,529,558,522,515,459,493,377,390,377,364,312,301,304,314,269,288,247,247,217,166,170,139,133,151,132,98,110,99,95,98,83,82,76,80,75,53,39,51,44,41,43,37,32,24,17,24,20,19,22,14,10,10,9,7,6,5,7,5,9,4,8,0,3,3,7,1,3,1,3,0,1,0,0,0,0,0,0,4,1,0,0,0,0,0,0,0,0,0,0,0,0,0,0,0,0,0,0
8,9,4,5,2,5,7,8,10,23,4,12,25,19,22,24,27,31,24,27,31,58,46,64,63,86,76,90,80,88,115,162,158,137,218,177,224,224,268,256,343,313,336,329,357,399,432,456,466,500,594,507,564,597,625,595,754,697,805,734,778,845,828,782,849,904,960,965,919,996,920,950,1018,935,964,1036,1056,977,1043,943,1006,942,972,981,896,861,878,870,794,836,768,740,792,762,731,664,684,627,641,550,621,571,620,515,516,471,460,449,458,366,391,396,376,315,279,314,290,271,256,237,238,180,220,171,143,149,155,138,94,123,100,99,93,84,86,46,75,78,51,59,39,48,46,46,30,33,18,20,10,14,15,22,12,9,11,14,7,10,6,6,2,2,0,8,2,0,3,5,3,3,3,2,0,3,0,0,0,0,0,0,1,0,0,0,0,0,0,0,0,0,0,0,0,0,0,0,0,0,0,0
8,9,5,7,12,5,12,17,13,16,5,14,31,13,14,20,38,19,19,18,50,49,55,69,48,69,69,80,84,97,124,162,141,152,178,160,205,219,279,274,329,326,327,338,329,399,373,425,483,467,535,523,538,614,605,602,727,685,800,790,795,831,819,764,874,868,900,945,870,925,939,932,933,911,890,997,1000,954,1022,983,928,918,931,963,901,861,857,829,799,790,732,684,754,722,719,658,664,646,599,498,569,583,547,497,479,437,423,451,405,380,368,374,330,298,291,301,255,233,254,229,181,176,158,173,143,128,127,146,94,112,95,82,91,72,65,71,52,72,36,37,41,33,40,34,33,33,19,21,22,20,15,23,13,5,11,6,8,3,9,4,3,3,2,4,0,0,5,4,3,2,2,1,0,3,0,0,0,0,0,0,0,0,0,0,0,0,0,0,0,0,0,0,0,0,0,0,0,0,0,0
9,7,5,3,7,8,14,16,11,21,8,12,22,18,13,28,30,26,24,25,48,55,41,71,47,63,64,104,103,94,125,167,142,141,181,190,213,236,256,290,336,268,325,335,316,386,389,448,444,449,558,498,581,619,639,545,698,666,726,763,748,762,791,811,884,834,904,841,898,959,915,919,972,889,956,980,969,890,1006,918,943,912,956,905,859,785,896,794,781,804,772,757,745,703,722,584,622,574,563,560,551,552,537,468,459,431,436,431,402,341,351,345,292,297,263,282,230,253,241,208,212,181,170,159,156,132,131,111,91,106,79,76,103,65,54,71,78,58,45,44,43,34,38,32,41,14,25,26,19,15,15,13,12,10,13,9,10,1,8,5,5,2,3,2,1,0,4,2,2,3,1,2,3,0,0,0,0,0,0,0,0,0,0,0,0,0,0,0,0,0,0,0,0,0,0,0,0,0,0,0
12,9,6,5,9,4,10,11,4,25,3,15,20,29,20,30,32,20,22,16,41,51,45,54,56,74,66,88,79,94,120,160,141,172,207,190,204,217,239,246,293,323,327,325,332,404,410,432,476,456,573,553,551,579,608,601,702,643,738,768,732,746,746,773,783,832,856,909,898,926,868,851,918,937,882,978,992,874,966,855,874,929,895,899,862,776,871,795,739,751,700,668,689,683,682,600,612,576,534,552,529,501,488,453,465,417,454,367,391,329,334,358,292,299,249,291,273,237,229,212,183,167,164,139,158,122,125,124,82,99,87,73,92,59,68,59,63,54,45,40,49,44,30,41,28,25,18,20,24,16,11,10,15,9,12,6,8,9,4,8,5,6,1,4,0,0,1,6,4,0,2,1,2,0,0,0,0,1,0,0,1,0,0,0,0,0,0,0,0,0,0,0,0,0,0,0,0,0,0,0
7,5,3,8,1,4,14,9,11,21,1,15,25,26,11,25,32,23,33,29,37,43,41,68,68,73,84,72,86,85,129,177,131,132,197,194,239,216,272,247,281,305,322,321,324,369,390,430,455,428,515,514,529,574,631,562,723,689,761,766,756,737,812,744,790,835,869,841,825,880,901,924,914,856,853,854,908,854,885,871,896,847,809,848,839,734,720,754,681,783,710,627,695,679,659,557,636,495,533,502,509,498,501,435,450,402,386,379,327,287,289,331,297,263,248,263,227,234,180,187,183,166,149,123,137,109,111,128,90,86,87,77,85,55,61,59,69,62,52,34,41,28,36,30,15,24,12,19,17,14,10,20,8,14,8,6,10,2,3,7,1,4,3,3,0,1,4,4,7,1,2,3,3,1,0,0,0,0,0,0,0,2,0,0,0,0,0,0,0,0,0,0,0,0,0,0,0,0,0,0
9,5,7,5,2,3,7,9,10,20,7,13,32,27,23,28,28,23,27,25,43,54,48,60,57,80,74,91,99,91,125,142,142,170,185,180,219,198,217,249,285,279,312,299,344,411,392,433,452,424,535,491,517,582,587,598,698,691,694,675,703,766,738,778,731,819,856,838,835,928,870,898,891,905,765,931,806,817,813,852,897,795,843,850,819,709,722,780,688,724,672,621,650,646,622,522,596,475,509,467,452,484,451,449,422,402,382,389,349,283,338,293,270,247,241,214,222,182,236,204,199,166,143,142,116,109,113,118,97,84,73,76,75,56,72,49,75,48,29,46,32,30,25,44,17,11,12,13,17,11,14,12,14,10,9,9,9,3,6,3,5,5,4,4,0,1,2,1,2,4,0,0,3,2,2,0,0,1,0,0,0,4,0,0,0,0,0,0,0,0,0,0,0,0,0,0,0,0,0,0
8,6,9,4,6,5,9,9,9,19,8,13,31,16,19,20,28,25,28,24,34,46,50,76,43,85,66,102,96,82,101,138,122,160,183,189,213,215,236,259,290,301,330,321,307,389,368,475,421,459,537,485,451,600,595,534,648,619,759,702,682,743,743,718,781,817,812,814,803,838,858,836,819,834,775,855,842,771,822,849,803,792,797,853,763,678,702,665,658,687,640,626,628,656,627,507,542,484,480,498,483,474,439,378,402,374,400,328,365,290,297,271,237,224,270,235,228,227,180,180,170,154,138,132,102,96,119,113,94,77,66,69,68,61,60,55,61,45,33,38,34,28,23,28,27,24,17,13,12,12,14,19,4,8,8,6,7,5,7,8,3,5,3,3,0,6,4,0,3,1,0,3,1,1,0,0,0,0,0,0,0,0,0,0,0,0,0,0,0,0,0,0,0,0,0,0,0,0,0,0
13,6,4,4,10,5,10,9,17,23,5,15,35,28,13,25,33,20,22,23,40,56,55,62,58,84,66,75,94,84,130,153,145,135,191,169,202,223,251,245,307,287,325,324,303,364,359,440,440,461,494,469,537,572,571,539,619,641,742,701,739,730,740,706,764,747,777,800,767,828,793,815,847,826,713,833,813,849,786,793,771,777,798,731,752,728,730,688,652,732,609,596,637,598,571,495,497,494,500,495,452,448,466,372,389,367,364,309,331,279,259,262,267,250,214,211,202,196,206,167,157,146,141,138,131,117,107,101,86,94,65,63,70,39,50,45,40,47,28,34,28,22,26,30,17,24,13,19,16,15,10,16,11,10,4,6,13,3,8,3,1,6,0,6,1,3,4,6,4,4,0,0,0,2,1,0,0,0,0,0,0,1,0,0,0,0,0,0,0,0,0,0,0,0,0,0,0,0,0,0
3,6,3,4,5,6,18,12,15,30,9,8,18,20,18,27,39,32,22,18,51,49,54,58,55,86,73,85,105,87,122,167,138,160,180,151,227,207,260,246,312,279,320,327,311,344,389,405,427,438,494,487,549,515,622,565,655,665,703,684,653,730,713,739,764,739,819,794,743,792,750,778,790,779,801,826,848,757,805,838,814,760,740,743,728,663,672,663,592,680,608,557,565,603,570,514,457,460,483,413,421,455,420,341,376,327,352,315,318,298,257,286,233,216,222,236,188,194,204,171,169,113,142,116,111,98,102,103,76,72,75,61,63,61,48,53,55,50,34,30,35,39,20,27,20,22,15,17,8,11,12,16,7,5,8,7,5,7,3,5,6,3,8,1,0,2,4,2,6,0,0,0,0,1,1,0,0,0,0,0,1,0,0,0,0,0,0,0,0,0,0,0,0,0,0,0,0,0,0,0
12,4,3,3,6,2,10,10,13,30,7,11,21,21,16,22,29,27,19,20,48,55,45,61,55,76,75,84,92,90,114,144,143,144,180,159,186,210,228,232,274,323,302,314,272,372,403,424,432,422,491,436,506,529,562,520,644,615,656,649,648,687,749,758,757,745,763,785,768,778,791,761,774,813,756,830,784,716,765,736,751,730,705,701,703,652,683,637,584,655,585,518,571,578,525,477,538,400,452,437,454,428,393,341,380,324,334,321,317,271,235,274,220,187,216,202,160,174,168,148,152,125,120,115,118,100,89,97,67,79,78,73,67,51,40,50,50,57,38,38,31,25,28,32,23,19,13,15,13,11,7,10,7,8,10,6,6,1,5,5,2,4,7,2,0,2,4,0,2,3,1,1,1,0,0,0,0,0,0,0,1,1,0,0,0,0,0,0,0,0,0,0,0,0,0,0,0,0,0,0
8,9,7,5,8,2,7,12,15,27,7,12,33,25,13,28,31,21,28,32,45,57,40,61,47,76,81,80,82,74,105,157,157,149,181,164,225,202,250,225,290,288,307,319,329,361,392,398,374,439,506,431,505,543,570,555,600,589,727,624,665,702,768,691,717,765,722,774,723,723,780,717,790,733,770,808,757,702,740,707,719,696,712,726,668,669,629,655,570,614,570,545,522,539,535,448,466,400,467,417,396,403,383,364,359,325,329,296,288,240,251,237,238,190,183,163,211,153,160,155,144,115,128,128,105,102,82,92,82,76,63,42,61,48,37,39,50,50,31,33,32,25,21,27,15,10,14,18,7,7,14,17,5,11,10,6,4,4,7,6,3,0,3,2,0,2,0,2,1,1,2,4,0,2,2,0,0,0,0,0,1,0,0,0,0,0,0,0,0,0,0,0,0,0,0,0,0,0,0,0
10,6,5,6,7,4,9,15,12,25,9,7,18,23,9,22,17,22,28,18,48,45,40,57,57,69,59,80,109,81,98,171,150,143,199,159,206,227,231,248,273,277,318,295,312,371,376,393,391,405,499,474,527,503,623,517,608,576,639,625,644,701,668,678,708,675,754,770,755,745,755,720,788,746,679,734,761,687,707,728,736,717,655,697,630,556,612,575,534,569,551,481,550,496,486,430,458,376,388,436,387,371,393,342,295,296,328,294,274,248,220,220,190,195,200,194,169,158,157,163,140,124,99,113,114,82,103,78,62,89,71,65,53,47,37,52,52,42,33,19,29,25,21,38,22,15,15,14,9,11,9,8,5,4,4,3,11,4,3,6,3,1,4,3,1,2,1,2,3,1,2,1,3,0,0,0,0,1,0,0,1,0,0,0,0,0,0,0,0,0,0,0,0,0,0,0,0,0,0,0
12,8,2,4,5,4,9,13,8,17,5,7,25,15,11,23,27,27,23,27,33,48,39,59,58,68,87,70,94,88,91,149,155,167,176,178,191,213,241,222,244,318,271,282,255,350,351,394,404,418,511,443,487,536,546,525,601,567,655,617,651,666,708,665,708,650,712,689,717,741,704,673,751,699,695,721,694,699,742,616,661,654,679,676,625,625,615,603,502,564,537,495,524,437,459,396,453,392,390,398,359,368,372,305,306,289,299,254,269,259,193,228,214,173,196,178,142,142,158,150,153,119,104,103,74,81,87,71,61,71,67,63,73,43,49,35,57,40,25,29,23,19,32,18,19,11,12,23,15,9,6,7,4,5,7,7,6,5,4,1,2,3,0,1,0,2,1,0,4,0,1,1,0,2,0,0,0,0,0,0,0,0,0,0,0,0,0,0,0,0,0,0,0,0,0,0,0,0,0,0
5,5,4,3,8,5,7,18,10,15,2,10,23,23,21,18,35,29,24,27,27,48,44,53,49,65,66,78,88,71,101,164,133,144,187,153,212,223,234,208,257,277,275,286,292,362,357,391,391,402,484,401,474,451,517,475,594,596,623,579,583,693,670,647,659,631,714,683,683,732,689,688,730,682,657,731,681,664,699,756,662,621,674,718,625,582,595,548,563,565,501,503,507,510,488,424,423,383,415,354,349,332,337,291,303,279,277,254,280,224,242,230,198,170,166,188,147,165,122,136,121,118,108,115,69,66,85,95,68,64,46,51,61,43,48,40,37,43,29,28,30,21,29,15,13,19,20,13,16,5,8,9,7,4,12,5,8,4,8,6,2,1,0,0,0,3,3,3,0,0,2,2,1,2,1,0,0,0,0,0,1,0,0,0,0,0,0,0,0,0,0,0,0,0,0,0,0,0,0,0
5,5,3,4,9,5,9,6,15,17,3,11,17,16,15,26,35,28,26,26,30,49,39,47,55,76,58,70,66,80,110,125,138,128,179,154,208,189,234,237,258,279,300,263,260,320,363,365,407,358,447,439,460,507,513,511,618,509,589,614,605,662,655,620,658,636,675,682,704,681,661,693,751,657,654,720,683,645,671,631,631,594,658,628,531,556,536,558,474,536,501,463,459,502,447,416,432,332,390,327,348,329,343,289,265,272,263,239,235,225,186,211,186,185,168,162,148,152,161,117,123,107,104,102,82,81,82,69,58,62,53,52,53,44,43,46,32,45,28,22,23,17,20,26,20,19,8,17,11,7,11,6,3,4,11,6,7,4,4,2,0,2,3,1,0,3,4,0,3,1,0,1,1,0,0,0,0,0,0,0,1,0,0,0,0,0,0,0,0,0,0,0,0,0,0,0,0,0,0,0
5,8,4,7,2,2,8,13,10,20,2,10,24,16,16,17,29,25,30,16,34,65,39,61,56,62,69,81,78,75,88,144,133,132,157,139,184,198,231,241,253,304,275,312,285,324,369,337,333,399,467,425,451,522,514,501,547,539,626,556,602,597,655,608,653,604,708,706,699,704,638,641,685,676,679,664,666,700,628,607,628,638,599,623,560,485,528,533,490,481,466,450,436,446,440,385,359,297,374,367,313,366,326,247,267,289,269,256,243,195,201,202,215,174,167,150,147,163,142,119,106,108,76,86,78,71,74,68,70,63,52,55,52,40,39,40,38,41,25,21,18,35,16,19,20,20,12,16,11,7,6,6,4,11,8,6,5,4,6,6,0,4,2,4,0,2,2,2,2,0,0,0,0,1,0,0,0,0,0,0,0,0,0,0,0,0,0,0,0,0,0,0,0,0,0,0,0,0,0,0
13,2,5,6,5,5,8,13,8,29,2,12,30,14,12,27,32,15,29,19,32,47,43,52,56,78,71,76,91,77,91,147,126,122,164,126,194,181,255,190,255,255,285,275,289,329,340,352,384,364,428,417,498,454,494,479,515,523,568,609,573,586,598,579,650,627,640,609,673,635,644,670,639,627,633,663,669,599,641,622,587,583,550,592,552,525,540,502,452,492,469,444,417,456,432,353,401,338,327,303,342,333,286,266,277,247,287,224,222,222,194,203,177,163,176,150,166,138,138,109,125,131,89,82,80,86,86,81,64,53,58,57,45,37,38,32,39,37,19,29,17,30,20,19,17,12,3,13,9,10,11,7,8,2,3,8,4,2,4,2,1,1,2,2,0,0,1,2,4,1,2,3,1,2,0,0,0,0,0,0,1,1,0,0,0,0,0,0,0,0,0,0,0,0,0,0,0,0,0,0
9,6,4,2,7,1,14,4,9,18,3,12,28,25,17,14,20,17,24,27,32,49,42,56,51,63,67,82,67,81,97,124,122,130,172,161,164,207,224,217,244,271,300,268,296,304,331,359,403,384,457,399,432,459,484,457,481,506,576,526,550,611,603,594,636,613,625,586,622,686,618,656,649,628,614,640,609,585,636,556,618,581,569,589,474,498,516,494,469,478,481,393,442,401,388,359,399,335,353,333,293,295,271,276,256,245,261,224,194,208,174,208,136,149,153,147,110,134,122,128,125,87,83,85,78,59,66,68,67,59,47,41,39,27,37,30,41,31,28,25,20,20,19,24,17,12,13,15,9,11,7,9,7,4,8,6,5,5,5,10,2,1,0,2,0,4,1,2,0,3,1,1,0,1,0,0,0,1,0,0,0,0,0,0,0,0,0,0,0,0,0,0,0,0,0,0,0,0,0,0
3,13,4,4,3,3,11,12,9,21,1,14,21,17,20,25,23,23,20,17,31,46,48,62,59,73,65,85,73,52,101,139,131,143,176,139,191,174,204,193,266,240,256,266,263,322,335,381,392,387,424,393,430,461,468,446,498,516,577,553,522,598,617,598,660,632,679,614,599,613,642,611,629,569,551,592,586,544,617,566,583,511,529,572,508,504,498,463,468,473,439,443,405,407,395,338,375,309,334,277,333,282,269,217,243,238,242,198,231,189,169,191,155,143,149,145,130,115,135,120,93,92,83,88,70,88,62,67,47,48,48,41,39,23,43,37,35,31,20,18,23,21,19,14,12,14,12,8,12,12,10,10,8,5,5,3,9,3,4,5,1,0,4,1,0,1,2,1,2,1,1,0,0,1,0,0,0,2,0,0,1,0,0,0,0,0,0,0,0,0,0,0,0,0,0,0,0,0,0,0
6,3,2,3,6,6,10,8,13,20,5,7,10,16,22,26,25,19,20,14,40,43,39,56,54,91,58,80,80,84,98,129,124,129,146,146,209,186,225,207,269,228,283,243,260,299,314,345,355,387,446,383,428,466,470,444,524,487,559,522,547,574,553,520,556,552,617,628,603,616,595,560,640,598,576,624,546,582,618,577,605,540,522,518,487,454,478,462,427,471,369,349,418,382,384,303,355,291,299,284,296,289,287,254,237,225,227,212,217,183,180,160,149,147,139,119,128,133,117,96,113,94,99,81,56,79,69,55,64,59,38,48,34,35,43,34,42,27,25,15,13,18,16,17,9,10,6,10,6,8,1,7,3,2,5,6,2,4,4,5,1,0,5,2,0,1,3,1,0,1,0,2,0,0,2,0,0,0,0,0,0,1,0,0,0,0,0,0,0,0,0,0,0,0,0,0,0,0,0,0
6,4,9,1,11,4,11,12,10,20,2,16,22,23,16,29,27,26,21,22,31,40,34,62,42,68,55,82,60,85,85,126,153,130,168,146,182,163,211,211,242,259,251,240,266,309,321,320,338,321,404,411,432,441,444,425,535,506,564,558,571,558,549,552,526,528,556,582,600,597,606,560,578,587,586,599,571,500,568,560,580,486,529,508,496,424,490,450,408,472,370,380,372,400,386,332,344,295,286,287,282,266,276,244,237,192,214,197,198,165,177,198,155,139,145,136,139,123,127,110,103,91,91,63,61,80,67,61,57,46,36,41,36,32,40,22,43,36,17,18,21,16,21,20,17,7,11,15,7,13,6,13,8,0,4,4,8,3,3,1,3,5,0,2,0,1,0,4,3,1,1,0,1,0,1,0,0,0,0,0,0,0,0,0,0,0,0,0,0,0,0,0,0,0,0,0,0,0,0,0
10,8,3,5,8,3,11,18,15,13,3,9,26,16,6,11,22,32,19,16,25,41,39,63,49,66,55,68,71,67,83,122,128,124,158,128,194,173,197,217,215,250,264,237,249,320,315,338,365,347,428,347,415,391,445,443,465,500,516,527,544,580,541,495,567,569,538,615,572,568,542,510,583,522,567,573,573,526,536,543,544,536,508,472,473,443,451,405,413,402,371,350,381,405,354,308,286,303,304,265,269,249,240,251,252,197,208,181,177,162,161,149,138,128,139,127,126,106,94,90,98,87,76,71,64,47,49,52,45,53,40,37,54,31,32,23,35,35,17,20,19,28,16,17,15,12,7,12,9,7,8,9,1,3,5,3,3,5,4,3,1,1,0,0,0,2,1,2,0,2,0,3,0,3,0,0,0,0,0,0,0,0,0,0,0,0,0,0,0,0,0,0,0,0,0,0,0,0,0,0
4,2,2,6,4,4,12,10,13,13,4,13,17,16,16,20,13,22,13,22,27,47,29,48,39,83,60,68,59,73,91,122,116,120,161,148,171,180,226,225,243,244,225,268,272,269,350,335,339,314,395,327,397,402,436,419,472,471,524,484,505,517,511,526,530,530,562,588,582,581,560,552,562,526,508,550,513,522,531,469,471,481,457,512,440,403,462,426,391,411,347,341,360,349,338,282,353,275,281,247,267,310,244,210,219,191,218,175,207,162,163,161,134,119,125,132,121,104,105,84,89,74,68,65,50,54,52,64,40,56,36,42,39,30,33,28,32,28,21,18,22,15,22,14,16,13,12,10,9,12,3,8,6,5,7,5,7,3,1,3,1,3,3,1,0,1,2,3,2,0,1,1,1,0,0,0,0,0,0,0,0,1,0,0,0,0,0,0,0,0,0,0,0,0,0,0,0,0,0,0
6,5,2,3,2,5,7,9,14,27,7,12,30,20,11,20,22,23,27,17,35,55,22,50,52,74,64,68,75,84,94,109,115,110,163,127,193,196,238,190,238,204,257,245,221,302,312,308,320,307,403,359,380,412,388,416,444,449,521,477,489,526,538,485,556,530,585,574,530,529,504,524,537,566,499,563,528,523,529,512,521,450,474,456,461,417,442,396,362,370,347,300,335,378,375,293,319,243,277,238,243,225,221,251,223,199,226,162,183,161,149,151,109,129,116,131,130,84,105,105,100,68,66,63,60,54,53,62,29,46,34,40,24,31,22,22,22,25,29,17,17,19,22,18,6,11,7,9,7,4,8,6,4,5,5,0,3,1,0,4,1,3,3,2,0,2,1,0,1,1,1,0,0,1,1,0,0,0,0,0,0,1,0,0,0,0,0,0,0,0,0,0,0,0,0,0,0,0,0,0
3,6,3,3,3,5,8,10,4,18,0,9,16,20,13,14,20,14,15,20,38,40,43,59,33,65,67,76,66,76,92,118,105,113,153,137,185,171,196,207,241,234,234,212,232,276,309,306,333,330,389,391,393,426,416,415,470,400,533,506,469,533,516,474,506,493,520,542,511,508,547,521,553,509,484,559,510,457,526,500,504,442,444,439,434,409,416,394,359,384,348,351,319,342,318,290,296,262,276,238,210,223,231,208,203,168,199,181,175,151,138,159,114,128,105,102,95,84,87,100,96,72,82,63,77,49,69,55,53,48,38,26,47,25,34,31,27,29,17,19,17,15,12,19,9,12,8,10,9,4,1,6,5,2,7,3,1,2,3,3,1,4,1,2,0,3,2,2,1,4,0,0,0,2,0,0,0,3,0,0,1,0,0,0,0,0,0,0,0,0,0,0,0,0,0,0,0,0,0,0
7,7,3,1,4,5,6,10,7,24,2,11,20,17,7,18,15,15,19,21,25,41,37,47,46,67,59,58,60,82,96,109,127,146,141,122,159,162,211,186,241,231,243,237,235,293,290,307,323,341,392,347,367,388,462,403,471,381,492,441,514,513,518,519,549,491,559,553,498,527,479,490,539,535,511,501,506,476,513,490,490,408,413,420,444,450,373,396,349,393,345,340,310,334,290,282,294,246,279,233,215,215,218,186,194,188,211,183,187,155,151,130,128,98,140,131,96,84,118,73,81,69,69,77,57,53,51,56,39,40,43,38,41,28,21,31,24,29,15,21,15,17,15,12,9,10,6,7,6,8,6,2,2,6,7,1,3,2,2,5,1,2,1,0,0,0,1,2,1,0,0,1,0,2,1,0,0,0,0,0,0,0,0,0,0,0,0,0,0,0,0,0,0,0,0,0,0,0,0,0
4,6,5,0,7,1,8,5,10,12,3,13,23,18,13,15,17,18,15,27,30,39,39,44,50,60,62,57,67,76,83,117,98,126,151,122,161,156,206,191,205,212,262,240,264,266,288,280,289,317,348,358,395,386,424,394,447,430,481,493,474,480,517,445,487,467,493,475,487,518,506,535,520,511,477,491,508,453,490,439,470,456,402,464,410,388,382,373,339,354,326,278,317,321,313,258,241,243,238,229,226,235,207,189,202,204,214,168,170,128,146,150,116,106,108,103,98,86,97,68,72,57,66,60,55,56,40,46,35,43,28,35,26,24,26,27,29,26,16,13,15,10,11,11,10,10,8,6,8,5,3,5,3,4,4,1,6,3,2,4,0,2,0,1,0,3,2,1,1,0,1,0,2,0,0,0,0,0,0,0,0,0,0,0,0,0,0,0,0,0,0,0,0,0,0,0,0,0,0,0
4,4,2,4,6,2,11,5,9,14,4,11,26,19,9,22,26,19,14,22,31,51,26,48,30,54,44,53,69,75,69,113,100,109,131,141,183,180,211,181,235,238,232,259,224,285,294,327,342,310,347,343,374,405,421,372,440,447,468,459,467,496,455,444,500,474,512,518,505,512,501,456,492,486,421,475,435,416,488,429,397,402,417,413,405,346,377,377,322,341,352,297,323,286,293,223,285,231,248,224,243,211,208,185,191,188,166,150,166,129,124,135,121,92,92,106,87,80,88,73,93,74,69,63,51,37,48,38,39,40,35,31,24,19,18,28,20,16,21,17,11,12,8,18,7,7,6,5,9,5,7,10,4,9,5,5,5,3,2,5,1,2,0,1,0,1,0,1,1,1,0,2,0,1,0,0,0,0,0,0,0,0,0,0,0,0,0,0,0,0,0,0,0,0,0,0,0,0,0,0
8,6,1,4,5,2,10,8,15,19,4,15,23,17,6,17,19,21,21,23,30,40,29,49,35,57,50,66,65,66,86,119,85,129,158,113,166,160,174,152,253,236,235,240,210,254,241,325,316,321,380,316,327,385,424,377,397,405,441,455,464,502,474,465,443,481,507,479,450,493,497,481,507,491,455,483,470,425,481,412,408,456,441,398,391,361,375,353,324,345,292,284,298,317,270,264,242,251,248,198,232,207,218,191,195,163,184,154,150,132,121,132,118,111,85,109,76,82,88,78,75,58,69,54,53,47,45,54,43,32,30,28,34,23,24,24,23,19,10,11,17,12,17,17,4,8,4,10,9,6,5,8,3,3,5,4,6,3,3,3,1,3,0,1,0,0,1,1,3,1,0,0,0,1,1,0,0,1,0,0,0,0,0,0,0,0,0,0,0,0,0,0,0,0,0,0,0,0,0,0
6,7,2,5,6,1,5,6,14,17,1,13,12,20,11,18,23,26,15,24,29,39,37,52,45,57,76,62,76,60,87,107,110,106,131,118,143,135,195,174,234,201,215,207,242,251,264,287,306,305,386,293,340,359,401,352,413,429,455,426,461,465,462,460,471,452,452,448,472,436,456,470,481,462,412,426,427,408,420,422,406,434,384,385,356,367,331,348,332,295,321,286,288,296,289,224,237,222,223,226,200,182,205,167,190,165,178,123,149,131,111,145,114,103,95,94,93,106,89,85,74,47,39,40,74,53,36,52,39,49,32,27,38,19,17,24,29,25,17,19,18,6,21,13,10,7,10,5,6,10,4,9,3,5,7,8,3,5,2,3,0,5,0,0,0,1,1,1,1,1,0,1,0,0,0,0,0,0,0,0,0,0,0,0,0,0,0,0,0,0,0,0,0,0,0,0,0,0,0,0
4,3,4,2,3,4,8,16,3,14,2,11,17,19,11,22,16,22,18,22,35,47,41,47,35,60,56,61,62,74,82,112,95,118,125,135,163,146,169,161,212,209,199,215,196,250,275,283,277,291,342,306,354,367,379,388,392,416,411,429,414,407,437,431,453,434,490,448,448,471,435,451,484,445,409,475,408,384,443,431,443,397,385,345,356,329,340,321,285,322,273,272,285,282,264,222,245,198,235,180,199,184,187,151,169,154,154,141,137,116,115,124,97,92,98,86,80,82,70,91,75,50,59,45,43,32,51,49,32,48,28,24,34,25,22,24,23,25,12,6,14,10,14,13,9,7,5,9,7,4,2,6,6,3,2,4,3,1,6,2,0,0,2,0,0,2,0,0,4,1,0,1,0,1,0,0,0,0,0,0,1,0,0,0,0,0,0,0,0,0,0,0,0,0,0,0,0,0,0,0
6,4,5,4,4,6,9,14,5,17,5,7,15,14,14,17,18,16,18,14,26,41,26,42,37,50,55,56,51,65,69,96,102,108,128,115,158,181,183,173,199,212,206,222,220,238,257,278,297,301,362,331,319,312,366,319,412,423,397,426,410,396,436,428,432,450,443,457,402,425,416,399,445,453,422,430,428,372,389,380,386,381,370,353,346,328,312,335,255,290,272,282,276,260,231,226,219,178,211,215,179,168,171,158,155,159,157,133,139,113,121,130,115,98,82,87,83,73,88,78,76,57,55,41,44,46,43,46,33,58,32,17,23,20,20,23,20,25,10,10,10,16,13,10,4,7,9,4,3,9,3,5,4,0,5,5,2,5,1,5,3,2,2,2,0,0,0,2,0,1,1,0,0,1,0,0,0,0,0,0,2,0,0,0,0,0,0,0,0,0,0,0,0,0,0,0,0,0,0,0
10,6,3,4,4,1,9,12,1,13,3,14,27,21,9,12,20,8,23,15,25,37,36,53,45,58,52,53,55,60,83,116,87,97,131,111,148,158,179,164,203,177,224,236,200,263,259,266,252,316,336,295,324,330,390,353,397,382,439,353,375,414,471,423,409,427,450,429,428,437,404,421,421,406,393,424,422,362,403,392,410,375,359,358,320,317,335,315,311,287,252,265,251,277,265,218,222,187,236,178,178,179,165,157,147,142,148,107,126,105,105,112,97,88,77,99,67,78,73,53,86,56,55,44,40,29,43,36,42,39,33,31,27,17,28,20,25,17,16,16,10,11,9,6,9,11,4,12,7,6,2,5,4,1,0,2,2,2,4,1,2,1,0,0,0,1,2,2,1,0,0,0,0,0,2,0,0,0,0,0,0,1,0,0,0,0,0,0,0,0,0,0,0,0,0,0,0,0,0,0
10,8,5,5,7,3,8,6,6,13,4,6,21,14,12,16,17,23,13,12,30,39,24,37,35,57,53,73,65,76,81,105,118,105,152,127,160,146,169,154,176,179,178,197,196,203,225,278,274,307,345,304,309,339,318,314,392,380,390,373,374,429,450,395,431,408,416,403,379,436,443,389,383,436,396,415,398,361,410,340,357,371,352,359,344,301,289,292,264,292,284,270,247,242,255,200,232,190,218,172,169,147,191,153,147,132,161,149,141,88,115,121,104,94,101,73,83,80,93,58,52,51,50,53,52,36,40,34,32,36,24,25,19,26,25,21,24,19,17,11,8,10,16,12,6,11,10,10,8,12,3,6,4,3,2,5,2,1,5,2,2,2,3,0,0,1,2,2,1,1,0,2,0,0,0,0,0,0,0,0,1,1,0,0,0,0,0,0,0,0,0,0,0,0,0,0,0,0,0,0
5,7,1,1,2,2,4,8,8,14,1,11,18,13,14,14,11,23,20,21,32,41,37,47,41,46,55,69,63,67,68,105,97,121,152,87,136,142,158,148,210,198,210,218,192,239,239,252,282,253,333,319,311,304,322,306,376,334,395,384,380,426,421,372,405,380,436,431,427,387,368,369,399,412,410,395,389,381,384,357,356,362,320,331,312,256,300,300,286,278,233,230,242,237,205,185,197,193,206,194,195,155,162,155,150,125,132,144,118,117,101,112,101,75,81,75,73,68,60,64,55,44,56,42,28,32,42,27,40,34,30,22,22,20,24,14,19,25,7,13,15,11,11,9,7,10,7,7,3,6,7,7,3,3,2,6,6,4,2,3,0,0,1,2,0,0,1,1,1,0,0,1,0,1,0,0,0,0,0,0,0,1,0,0,0,0,0,0,0,0,0,0,0,0,0,0,0,0,0,0
5,0,2,0,7,2,6,11,14,18,5,13,13,22,9,19,12,19,19,10,34,39,34,46,33,55,44,44,55,63,81,102,93,105,128,116,154,159,166,154,184,212,206,183,198,216,264,269,260,258,301,313,299,335,351,322,346,352,359,372,366,378,378,391,378,390,377,373,396,423,374,384,398,382,361,389,377,325,352,354,351,327,325,319,295,255,273,298,261,260,237,219,205,235,228,208,206,166,185,142,198,170,160,148,163,119,133,131,132,83,113,114,99,93,106,86,73,62,65,54,61,48,37,48,41,34,23,36,31,26,24,25,29,16,19,14,24,14,11,10,10,5,11,15,7,10,7,8,6,6,1,4,3,3,2,2,4,3,2,0,0,5,3,0,0,0,0,1,0,0,1,0,0,0,0,0,0,1,0,0,0,0,0,0,0,0,0,0,0,0,0,0,0,0,0,0,0,0,0,0
4,3,2,4,1,2,7,14,12,9,5,12,17,18,9,24,16,21,20,10,36,32,33,42,38,57,33,48,70,64,64,99,82,85,96,113,146,137,151,167,173,171,185,209,190,219,242,248,239,274,310,273,293,325,310,317,346,323,389,328,359,388,366,349,386,368,379,392,409,383,360,343,374,365,338,390,360,310,354,335,347,337,343,325,309,264,281,254,271,257,234,195,220,236,228,176,172,166,178,167,162,163,152,140,156,105,128,136,110,90,86,103,82,89,80,65,71,76,65,53,76,38,51,38,38,36,35,39,36,32,25,22,26,17,15,16,12,20,18,10,8,10,8,11,8,9,6,3,4,6,4,3,4,5,5,1,3,0,3,1,1,1,0,0,1,1,1,1,0,0,0,0,1,1,0,0,0,0,0,0,1,0,0,0,0,0,0,0,0,0,0,0,0,0,0,0,0,0,0,0
11,6,3,2,3,1,9,10,5,14,1,10,15,8,4,15,17,16,13,13,19,34,26,45,32,53,41,48,56,58,69,89,76,94,108,98,148,137,161,163,177,185,193,177,201,192,214,225,262,276,288,269,305,322,349,316,358,321,341,354,353,402,406,339,394,360,409,359,358,388,357,396,383,352,342,391,338,347,362,311,340,328,287,346,300,243,261,272,220,223,244,234,226,218,196,182,199,159,159,160,146,161,158,120,141,135,107,91,129,92,85,88,99,88,83,77,56,59,59,44,59,55,44,31,39,29,36,32,25,27,24,23,30,17,17,15,13,20,13,10,7,7,8,8,9,9,5,4,8,5,4,4,10,5,3,1,3,3,1,2,1,2,1,1,0,0,0,1,1,2,0,1,0,0,0,0,0,0,0,0,1,0,0,0,0,0,0,0,0,0,0,0,0,0,0,0,0,0,0,0
4,5,4,4,4,4,2,9,11,13,3,4,21,15,13,19,17,14,14,17,19,38,32,38,41,66,37,59,60,55,64,99,97,107,130,107,145,118,142,161,176,151,200,198,187,213,225,257,252,220,309,268,282,301,326,312,347,361,331,351,345,350,385,298,379,380,379,377,348,339,353,329,384,342,339,379,358,308,341,324,316,292,276,340,297,236,274,254,236,244,223,203,208,187,204,189,175,154,168,156,161,154,134,149,125,110,119,96,108,89,82,99,74,70,72,67,65,57,56,54,62,56,37,34,35,35,24,30,24,19,27,21,25,15,9,13,12,13,7,14,8,9,8,14,7,7,11,9,2,6,5,6,2,1,3,4,3,1,2,3,0,0,4,1,0,0,0,3,1,0,0,2,1,1,0,0,0,0,0,0,0,0,0,0,0,0,0,0,0,0,0,0,0,0,0,0,0,0,0,0
5,4,1,6,2,4,4,5,9,13,3,11,21,17,11,20,19,16,19,16,26,35,35,43,36,44,51,45,54,58,72,111,86,81,122,120,127,136,133,162,163,174,163,172,164,207,214,235,264,262,275,235,292,302,296,299,300,328,387,339,351,359,369,353,369,322,384,342,346,333,377,355,365,332,341,365,340,283,333,315,337,280,331,266,283,266,252,300,238,235,218,214,212,197,186,167,186,148,146,141,139,148,150,138,124,126,108,102,108,91,87,73,81,72,71,68,76,58,70,51,52,50,39,40,27,34,26,30,31,21,27,15,22,11,17,15,18,20,10,15,12,7,6,7,6,4,3,1,0,6,1,5,3,1,4,2,4,2,1,3,0,1,0,1,0,0,1,0,1,0,0,2,0,2,1,0,0,0,0,0,0,0,0,0,0,0,0,0,0,0,0,0,0,0,0,0,0,0,0,0
3,7,2,2,3,3,6,10,12,19,2,9,19,16,5,16,13,13,19,12,34,36,27,36,27,42,38,50,50,61,72,94,87,91,123,94,131,117,146,151,179,181,167,172,189,200,223,223,248,214,292,243,251,316,304,289,331,292,352,345,331,338,375,322,342,328,371,365,326,348,301,345,341,324,319,334,325,295,321,294,300,296,289,307,249,267,229,254,195,230,210,214,205,189,220,146,182,174,145,139,134,149,128,103,117,123,106,87,117,82,92,93,78,73,50,66,59,49,53,69,55,44,39,41,33,41,30,34,25,22,31,24,23,22,16,15,19,15,7,10,7,6,6,12,7,9,2,9,2,8,3,6,0,4,2,3,2,3,3,3,1,1,0,0,0,1,0,1,0,1,0,1,0,0,0,0,0,0,0,0,1,1,0,0,0,0,0,0,0,0,0,0,0,0,0,0,0,0,0,0
3,1,0,2,3,4,5,11,4,16,4,3,19,18,7,21,19,16,16,15,23,26,27,37,28,45,55,44,61,54,55,87,94,98,119,94,139,131,161,162,171,151,158,195,187,194,209,204,228,241,253,232,276,294,281,282,369,352,327,327,367,349,332,296,328,348,325,356,347,336,376,339,337,348,299,323,277,315,331,312,288,288,245,269,266,215,250,205,216,221,219,184,178,212,183,139,177,132,147,140,131,134,151,109,104,99,116,111,96,76,67,84,75,66,58,68,52,58,51,40,52,43,43,49,34,30,20,37,16,22,22,20,13,16,14,12,17,16,11,11,15,13,3,6,12,9,9,3,6,2,3,4,3,4,5,1,6,1,1,0,2,1,0,1,0,2,1,0,3,0,0,1,0,1,0,0,0,1,0,0,0,1,0,0,0,0,0,0,0,0,0,0,0,0,0,0,0,0,0,0
2,5,4,0,6,2,9,9,4,8,3,6,9,9,8,17,19,15,13,18,29,39,27,32,34,55,45,49,58,50,79,98,94,94,105,108,137,132,151,129,180,174,182,170,189,199,191,241,221,218,257,286,269,263,285,254,318,282,326,290,309,332,338,297,327,338,347,375,317,333,311,342,300,310,276,338,340,310,272,318,295,271,269,273,269,244,221,230,241,218,175,185,214,183,182,170,149,147,156,140,128,131,118,115,95,95,106,80,111,85,74,71,63,64,57,54,53,49,48,47,38,31,44,41,31,38,24,38,27,20,20,23,25,20,13,7,12,14,8,12,9,10,4,8,6,5,6,1,4,6,4,7,4,5,5,3,2,2,2,3,0,0,0,0,0,2,1,1,1,1,0,2,0,0,1,0,0,0,0,0,0,0,0,0,0,0,0,0,0,0,0,0,0,0,0,0,0,0,0,0
4,2,1,1,5,3,1,8,8,9,1,10,16,14,7,6,17,13,15,16,28,31,16,34,30,46,42,48,43,60,60,85,71,88,107,94,123,108,157,130,149,163,170,178,176,188,207,215,247,204,260,213,253,291,316,257,287,294,324,317,321,353,303,337,322,290,350,330,315,358,327,319,330,298,293,274,293,292,286,249,274,263,272,254,240,227,227,208,206,225,187,181,151,195,176,174,146,131,139,155,121,105,97,128,110,98,109,89,82,68,78,66,50,55,71,52,54,63,69,40,48,43,33,44,34,40,32,26,17,27,18,19,14,16,17,18,17,12,13,13,13,10,6,8,4,2,11,3,5,3,2,1,3,1,5,2,3,2,0,1,0,1,1,0,0,1,0,0,2,0,0,0,0,1,0,0,0,0,0,0,1,0,0,0,0,0,0,0,0,0,0,0,0,0,0,0,0,0,0,0
3,5,5,5,5,5,5,6,5,18,1,3,9,10,2,23,11,24,13,10,19,34,21,33,29,46,51,47,57,61,54,95,67,85,98,108,102,107,142,129,144,155,178,143,151,201,213,206,203,231,252,213,246,264,262,263,286,287,297,292,314,303,335,304,299,326,357,319,343,330,288,306,346,349,272,340,296,268,273,280,261,252,232,260,247,192,233,252,199,185,185,172,183,179,149,143,157,131,111,128,117,113,118,92,116,92,116,92,84,73,70,87,73,49,44,60,58,41,51,51,33,43,37,35,30,24,15,29,16,17,19,23,17,8,10,12,7,12,11,13,12,6,6,6,5,9,6,6,4,6,7,1,2,3,7,2,5,1,3,3,1,0,0,0,0,2,0,2,0,1,0,0,0,0,0,0,0,0,0,0,0,0,0,0,0,0,0,0,0,0,0,0,0,0,0,0,0,0,0,0
3,4,5,2,6,4,4,13,9,8,3,8,9,10,18,17,16,16,11,13,21,30,24,32,30,50,33,49,45,23,64,94,80,100,107,108,99,110,143,137,167,163,163,158,162,184,181,243,226,186,248,235,215,257,229,256,332,269,315,327,270,298,320,300,315,304,311,301,310,305,322,301,307,300,301,294,272,257,293,267,249,262,233,257,218,190,225,203,174,184,171,192,166,162,159,124,138,118,128,120,122,112,101,91,86,88,104,103,74,98,77,66,62,53,48,59,50,54,58,43,46,22,38,31,27,30,24,29,20,23,24,14,15,13,12,16,6,17,8,10,10,4,4,9,3,3,7,7,5,4,2,2,1,2,0,0,2,2,1,2,1,0,1,1,0,0,1,0,1,1,0,0,0,1,1,0,0,0,0,0,0,0,0,0,0,0,0,0,0,0,0,0,0,0,0,0,0,0,0,0
6,2,2,5,1,2,7,10,8,7,4,10,13,16,9,12,19,16,10,10,23,21,21,37,34,46,34,37,57,62,66,69,88,66,102,101,107,96,125,158,137,145,150,177,186,186,195,203,206,213,231,211,225,253,254,257,290,268,293,307,258,275,305,266,290,295,306,329,280,305,276,297,326,273,273,277,274,249,298,264,255,258,227,235,217,204,206,192,166,156,156,146,159,162,157,141,159,132,112,125,139,119,85,95,102,93,98,85,93,69,76,67,68,56,55,57,49,46,44,43,59,36,29,32,29,37,21,35,17,24,20,22,16,7,21,12,17,13,8,9,4,5,11,8,2,4,5,1,7,4,4,3,2,0,1,2,3,0,2,2,1,1,0,0,0,0,1,0,1,1,1,1,0,1,0,0,0,0,0,0,0,0,0,0,0,0,0,0,0,0,0,0,0,0,0,0,0,0,0,0
3,4,2,3,4,4,8,1,6,12,3,6,18,11,5,9,18,11,9,9,26,32,25,34,35,39,36,58,42,52,54,107,62,81,102,94,108,85,128,109,145,150,144,143,171,181,167,218,209,201,215,199,246,235,246,240,297,258,275,250,279,288,303,288,295,305,266,302,257,279,248,254,281,254,276,266,250,229,233,208,242,221,221,211,222,184,183,177,185,180,168,169,158,158,159,108,143,115,141,104,120,102,103,111,97,94,95,76,69,58,63,62,57,55,49,48,49,33,37,47,35,35,28,23,31,23,22,22,22,25,13,17,16,10,9,7,15,11,11,8,7,7,7,5,5,2,4,6,3,8,1,4,4,1,0,0,0,2,4,1,2,1,0,0,0,1,0,0,2,1,0,0,0,0,0,0,0,0,0,0,0,0,0,0,0,0,0,0,0,0,0,0,0,0,0,0,0,0,0,0
6,4,0,2,4,3,5,8,10,19,3,3,14,8,12,9,10,13,7,15,22,22,25,41,24,56,38,62,38,37,58,92,87,79,103,85,100,103,129,124,123,142,132,146,156,190,170,202,198,217,225,200,230,220,257,248,283,259,295,282,293,269,290,285,298,262,301,266,289,290,262,251,246,266,250,278,231,277,238,256,252,243,227,219,228,191,217,176,185,166,154,161,163,164,127,112,136,119,123,97,104,102,105,84,80,86,97,82,69,57,66,70,62,66,48,44,45,47,38,42,40,34,43,25,34,32,24,34,21,16,21,14,17,10,9,7,19,14,4,4,9,6,6,12,6,4,4,3,7,3,0,6,2,4,0,0,3,1,0,0,0,0,0,1,0,1,0,3,1,0,1,1,0,0,1,0,0,0,0,0,1,0,0,0,0,0,0,0,0,0,0,0,0,0,0,0,0,0,0,0
6,6,3,5,4,2,10,3,13,13,2,4,15,12,10,23,14,16,15,16,14,30,30,35,27,47,41,47,45,44,60,64,70,62,86,84,111,117,131,125,141,170,152,152,161,186,157,210,212,199,210,200,212,264,270,214,289,251,258,261,277,279,279,240,286,308,290,296,263,265,247,280,259,268,253,257,259,221,233,213,246,218,222,201,205,183,186,181,184,186,136,136,145,146,130,124,130,88,118,114,102,101,104,88,89,88,90,62,75,59,73,60,63,63,55,55,49,48,32,30,37,35,30,22,34,23,26,25,21,29,16,11,14,10,10,8,17,10,8,9,5,5,6,7,7,4,4,7,4,2,2,6,1,1,2,0,3,0,1,5,0,0,1,0,0,0,0,1,0,2,0,2,0,0,0,0,0,0,0,0,1,1,0,0,0,0,0,0,0,0,0,0,0,0,0,0,0,0,0,0
3,1,2,3,1,2,4,6,6,12,1,4,12,9,10,17,14,6,13,12,17,21,16,40,27,37,34,35,56,49,53,86,74,74,84,101,116,107,108,91,153,117,163,139,142,152,151,166,179,178,242,189,220,208,223,245,254,233,275,258,262,267,294,260,276,282,271,264,259,277,250,257,306,250,241,245,238,224,243,229,249,201,227,209,202,198,195,181,146,190,152,150,155,149,145,125,111,126,124,94,123,102,103,89,91,71,78,65,70,63,72,52,58,38,59,41,37,41,46,34,33,27,30,27,29,21,19,22,20,25,20,20,24,11,11,10,10,13,4,7,9,5,6,5,7,7,3,2,3,6,2,2,2,2,2,1,2,1,0,3,1,0,0,0,0,1,1,1,0,0,0,0,0,1,0,0,0,0,0,0,0,0,0,0,0,0,0,0,0,0,0,0,0,0,0,0,0,0,0,0
1,5,1,1,3,3,6,3,7,16,2,4,13,11,4,21,19,8,15,17,16,40,19,38,24,41,40,42,42,57,40,70,69,78,93,63,99,104,127,122,162,138,142,127,155,182,185,166,193,169,206,210,214,232,222,232,244,270,288,270,261,276,277,239,251,270,263,267,260,275,219,240,270,229,256,232,228,221,218,214,209,223,227,186,186,176,194,172,147,162,142,141,135,154,151,118,119,108,126,91,98,79,82,92,86,67,92,72,62,61,54,64,44,59,46,42,42,38,41,32,31,26,24,33,24,20,19,28,16,16,12,10,21,11,24,8,13,8,10,2,8,4,4,3,4,3,2,1,1,3,4,2,4,1,3,1,2,2,1,0,0,1,0,0,0,0,0,0,1,0,0,0,0,0,0,0,0,0,0,0,0,0,0,0,0,0,0,0,0,0,0,0,0,0,0,0,0,0,0,0
4,4,4,4,4,0,11,2,5,9,4,3,8,3,3,12,16,14,13,10,27,29,16,28,29,46,44,41,42,45,60,77,64,68,96,99,102,87,113,110,150,126,139,121,118,160,179,184,182,163,254,173,204,204,224,204,244,242,243,237,206,238,263,249,259,259,249,309,279,279,241,250,250,214,210,254,243,204,224,209,214,194,212,209,183,164,175,182,162,165,132,135,128,137,118,121,110,94,103,100,102,98,87,87,66,72,67,64,73,47,57,63,49,46,60,45,45,34,49,32,26,27,31,22,24,17,17,18,16,23,14,19,17,11,10,12,12,19,8,4,14,6,4,8,6,6,3,3,1,2,3,4,2,2,5,1,2,2,0,0,0,0,0,1,0,0,1,3,2,1,0,1,0,0,0,0,0,0,0,0,0,0,0,0,0,0,0,0,0,0,0,0,0,0,0,0,0,0,0,0
1,1,4,0,1,1,6,7,6,14,0,5,11,7,4,18,11,11,14,11,15,25,19,31,27,35,36,40,34,37,57,77,53,58,85,75,90,94,128,99,130,124,128,135,139,160,180,181,169,176,224,201,199,220,201,192,242,232,272,230,259,260,251,209,268,246,275,251,249,252,246,204,237,241,198,225,246,211,193,216,207,175,208,185,174,156,183,159,133,154,145,137,136,135,129,105,125,112,103,95,105,96,94,67,85,66,83,52,69,60,49,39,40,42,40,49,43,41,35,29,29,28,36,25,24,22,18,20,16,16,14,9,14,10,9,6,11,14,5,6,6,3,5,12,7,2,10,4,5,3,0,4,0,1,1,1,4,1,0,4,0,2,0,1,0,1,1,1,2,0,1,1,0,0,0,0,0,0,0,0,0,0,0,0,0,0,0,0,0,0,0,0,0,0,0,0,0,0,0,0
5,4,0,0,0,1,5,4,5,13,1,7,13,12,6,15,8,16,10,17,18,18,17,32,35,32,31,35,40,41,42,71,63,81,88,83,103,119,120,101,137,110,131,133,156,169,159,164,172,169,184,189,198,191,223,239,229,240,252,237,227,258,211,227,242,228,267,251,237,248,220,238,244,227,212,215,216,177,212,207,236,185,187,181,205,163,166,153,138,128,123,118,117,139,130,106,135,109,100,92,104,84,104,71,80,70,77,66,43,52,56,65,51,40,42,44,38,35,39,38,34,19,34,28,22,17,17,11,20,23,7,11,7,8,10,7,14,9,5,6,5,5,7,8,0,3,4,3,1,1,0,3,4,2,2,1,2,1,4,1,1,2,0,1,0,1,1,0,1,1,0,0,0,0,1,0,0,1,0,0,0,0,0,0,0,0,0,0,0,0,0,0,0,0,0,0,0,0,0,0
1,5,3,3,3,2,6,5,3,8,0,5,11,14,10,17,11,12,18,10,14,25,21,28,21,46,31,47,36,55,45,76,56,62,104,84,99,90,114,125,126,130,120,104,115,158,158,163,168,185,213,174,196,212,230,204,238,211,215,244,237,272,222,209,231,238,235,230,227,245,212,213,245,226,209,201,222,205,196,203,197,201,193,176,160,174,163,174,117,126,138,114,136,123,131,110,97,104,98,82,111,82,77,85,74,81,77,61,63,49,53,61,48,43,29,35,54,41,24,37,40,28,23,28,26,20,18,18,16,15,13,11,10,10,10,13,16,12,7,9,7,6,8,6,3,1,3,3,2,2,0,3,0,0,5,2,1,3,1,1,0,3,0,1,0,0,0,1,0,0,0,0,0,0,0,0,0,0,0,0,0,0,0,0,0,0,0,0,0,0,0,0,0,0,0,0,0,0,0,0
3,3,4,3,5,4,2,2,5,9,2,5,15,11,8,16,9,17,11,11,19,32,12,30,25,37,36,26,40,43,38,57,63,76,75,63,99,99,86,113,114,127,149,137,121,151,149,137,172,141,182,181,180,186,181,172,216,206,246,216,232,220,218,217,228,250,218,239,224,251,219,227,228,209,187,240,214,184,186,181,170,169,227,175,170,140,164,147,139,149,124,150,110,127,118,118,98,79,92,84,95,95,72,75,92,54,73,70,76,63,58,60,45,31,36,32,42,37,41,26,25,33,22,23,17,18,12,16,21,10,11,7,13,12,13,9,13,20,4,2,4,8,6,9,5,5,4,4,2,0,0,2,2,2,3,0,0,2,1,0,0,2,1,0,0,0,0,2,1,0,0,0,0,0,0,0,0,0,0,0,0,0,0,0,0,0,0,0,0,0,0,0,0,0,0,0,0,0,0,0
6,4,4,2,2,1,6,9,4,5,3,1,9,10,8,13,13,11,15,12,22,25,29,38,17,29,28,39,37,34,61,76,80,54,68,56,76,67,110,97,117,115,154,126,118,128,135,166,208,160,182,171,181,192,186,191,241,205,212,231,222,233,253,221,218,229,205,205,225,216,206,193,235,179,209,221,197,208,208,165,186,185,177,173,191,162,164,128,108,126,115,99,113,119,99,95,91,76,95,76,79,76,74,68,55,66,60,70,63,59,67,53,43,31,40,42,31,42,43,28,33,25,29,19,19,14,15,7,13,17,8,13,9,9,3,11,9,8,4,5,5,10,7,4,5,2,4,4,3,0,0,1,0,3,3,0,3,1,1,1,0,1,1,1,0,0,0,1,0,0,0,1,0,1,0,0,0,1,0,0,0,0,0,0,0,0,0,0,0,0,0,0,0,0,0,0,0,0,0,0
3,1,2,1,4,1,2,6,3,10,0,4,9,10,5,7,13,11,18,7,16,16,25,25,26,37,30,33,36,33,42,67,66,54,65,81,106,94,99,110,123,124,115,112,138,150,162,160,171,195,198,165,197,175,191,193,191,188,216,215,229,258,244,217,220,242,208,218,223,203,205,187,191,201,178,199,187,177,201,183,170,171,159,193,145,133,138,133,102,111,116,111,109,99,101,84,95,97,116,86,64,64,71,61,79,60,59,78,62,53,46,45,30,42,33,39,37,44,37,19,17,17,21,21,19,19,10,13,6,10,18,14,15,7,6,8,7,11,4,9,7,4,3,3,1,7,3,1,4,5,1,4,2,1,3,1,2,0,1,1,0,0,0,1,0,0,0,0,1,1,0,0,0,0,0,0,0,0,0,0,0,0,0,0,0,0,0,0,0,0,0,0,0,0,0,0,0,0,0,0
3,3,2,3,4,0,7,4,7,8,1,8,12,13,7,6,16,15,11,5,21,28,22,25,33,30,33,36,31,39,40,60,49,71,62,86,74,97,109,111,123,103,140,127,126,134,136,163,165,148,186,174,192,186,208,172,189,178,225,224,206,251,203,219,227,184,211,206,198,217,184,215,204,187,198,190,191,177,176,176,170,173,175,147,139,158,140,155,103,106,123,120,111,121,95,86,93,80,91,83,94,70,93,49,64,57,55,69,57,47,58,54,35,37,47,29,46,28,45,21,13,17,17,15,25,17,18,16,15,20,10,10,16,9,9,9,9,4,3,6,4,6,7,8,3,4,2,2,4,3,2,5,0,3,3,2,2,2,2,1,0,2,0,0,0,0,2,1,2,0,0,0,0,0,1,0,0,0,0,0,0,1,0,0,0,0,0,0,0,0,0,0,0,0,0,0,0,0,0,0
4,3,3,1,2,1,6,4,5,8,1,4,11,9,8,12,10,8,5,12,15,20,16,27,31,43,30,38,36,33,53,55,46,78,79,85,85,92,105,100,115,130,135,136,112,141,138,154,144,162,163,151,174,179,178,183,193,180,208,199,195,227,226,186,198,203,219,231,210,178,176,196,201,195,183,169,192,156,202,158,151,184,154,146,154,138,139,126,130,156,116,111,127,95,84,87,80,76,77,74,68,75,59,53,63,38,46,52,50,41,44,47,36,28,37,40,25,26,21,32,33,30,17,22,15,15,10,17,14,11,14,12,12,9,8,6,9,5,3,9,5,7,4,7,2,9,2,1,2,2,3,1,0,1,1,3,0,0,1,2,0,1,0,0,0,2,0,1,0,0,0,0,0,0,0,0,0,0,0,0,0,0,0,0,0,0,0,0,0,0,0,0,0,0,0,0,0,0,0,0
3,5,0,3,1,2,5,7,9,8,0,6,13,10,10,11,12,12,12,10,22,29,25,21,25,28,16,43,27,22,48,72,61,55,65,62,89,73,125,83,92,126,103,99,113,128,141,125,157,154,182,174,171,164,191,159,206,184,220,187,198,206,193,197,212,177,218,196,184,188,186,193,178,198,173,184,192,167,159,177,152,136,158,163,157,117,114,114,145,107,116,115,95,112,102,69,92,63,80,68,59,76,70,75,64,62,52,52,48,34,56,43,32,32,29,34,28,30,25,23,15,25,20,22,23,16,9,18,13,19,8,6,21,10,5,6,7,12,4,2,6,6,6,4,1,3,2,6,3,4,3,5,0,0,4,4,2,1,0,1,1,1,0,0,0,2,0,1,0,0,0,2,0,0,0,0,0,0,0,0,0,0,0,0,0,0,0,0,0,0,0,0,0,0,0,0,0,0,0,0
1,4,3,3,4,1,7,4,8,4,1,3,10,8,6,10,16,9,10,11,13,17,12,18,28,34,23,34,43,32,34,57,48,52,71,61,75,89,89,104,120,99,109,96,96,136,142,155,144,159,174,162,184,187,186,164,177,197,196,179,168,183,224,211,202,186,194,175,182,203,190,186,170,187,158,180,173,174,188,169,159,157,126,125,149,110,124,122,109,102,121,97,95,123,94,90,83,86,69,69,78,69,78,60,77,45,67,56,59,43,36,51,33,32,40,26,22,45,29,20,21,28,19,7,22,13,11,17,10,17,11,10,10,12,7,9,12,7,6,8,6,2,4,4,3,6,4,5,2,6,2,3,1,1,2,0,0,0,0,0,1,0,0,0,0,1,1,0,0,0,0,0,0,0,0,0,0,0,0,0,1,0,0,0,0,0,0,0,0,0,0,0,0,0,0,0,0,0,0,0
5,3,2,0,3,0,2,2,8,5,3,4,9,7,10,11,6,12,16,7,15,26,16,32,17,25,32,43,36,28,35,54,58,63,71,68,64,70,94,106,94,114,108,117,108,131,136,144,136,124,160,152,158,145,178,176,211,170,201,190,190,204,165,178,196,202,180,200,180,182,183,162,157,171,187,201,154,138,169,155,167,130,146,129,133,118,144,124,115,118,115,87,92,95,91,72,76,81,90,89,78,55,67,55,46,45,57,50,44,45,40,34,37,29,23,30,27,20,29,19,17,25,20,21,20,10,15,20,11,8,8,15,8,5,8,8,6,6,3,3,2,5,2,4,5,7,0,0,2,0,1,2,2,0,1,0,0,1,2,0,0,1,0,1,0,0,1,0,1,1,0,0,0,0,0,0,0,0,0,0,1,0,0,0,0,0,0,0,0,0,0,0,0,0,0,0,0,0,0,0
0,2,0,3,2,2,8,6,5,10,1,6,11,9,3,15,10,14,9,6,12,25,20,25,24,38,25,29,38,24,37,48,51,59,64,68,72,87,101,80,112,88,104,109,111,108,120,145,143,130,138,149,151,158,152,175,182,163,201,182,202,192,197,165,196,204,218,176,172,182,199,153,174,158,160,172,168,135,167,145,173,151,169,137,131,125,122,118,104,104,95,78,94,74,62,74,91,77,80,88,63,71,69,40,55,40,62,53,39,45,41,36,43,34,25,23,29,19,27,17,27,19,19,12,20,15,8,20,5,13,11,10,10,9,13,10,8,8,5,6,5,5,5,3,1,5,5,2,3,2,1,4,0,1,2,0,0,1,3,0,0,0,0,2,0,1,0,1,0,0,2,0,0,0,0,0,0,2,0,0,0,0,0,0,0,0,0,0,0,0,0,0,0,0,0,0,0,0,0,0
6,1,1,4,3,1,7,7,5,6,3,6,12,7,3,16,12,13,17,9,13,34,9,28,19,21,28,27,26,36,38,71,39,52,65,65,63,68,95,106,89,104,96,100,106,116,120,152,150,132,163,128,165,146,171,136,186,143,166,193,194,187,172,192,191,172,178,183,189,159,162,162,178,177,154,162,140,140,155,137,160,135,140,148,116,138,113,118,97,84,109,104,95,88,102,63,83,69,70,50,61,65,82,53,54,47,39,43,44,30,28,38,24,33,29,38,31,29,27,28,17,21,16,16,19,15,11,16,14,6,14,9,18,11,4,7,10,11,5,2,1,3,1,5,5,3,2,1,3,1,2,1,0,0,0,0,1,0,0,0,0,0,0,0,0,0,0,0,1,0,0,0,0,0,0,0,0,0,0,0,0,0,0,0,0,0,0,0,0,0,0,0,0,0,0,0,0,0,0,0
6,5,2,1,5,4,2,2,6,5,0,2,12,11,4,6,13,7,5,6,16,16,22,27,19,28,16,35,39,30,42,51,45,58,86,52,79,65,97,93,98,83,105,118,95,137,123,124,139,124,149,154,161,137,142,155,170,160,161,189,162,197,167,181,202,165,146,167,183,177,126,136,154,161,144,187,155,154,159,144,118,133,112,129,110,104,124,106,91,109,102,103,98,91,94,80,79,56,67,56,49,52,47,55,55,40,51,34,50,40,44,39,36,32,30,33,32,26,29,18,24,20,11,8,12,8,16,9,10,15,12,9,8,1,8,7,13,6,4,3,0,2,3,2,2,1,0,2,1,0,1,1,3,1,1,0,1,2,0,0,0,0,1,0,0,0,1,0,0,1,0,1,0,0,0,0,0,0,0,0,0,0,0,0,0,0,0,0,0,0,0,0,0,0,0,0,0,0,0,0
5,0,2,0,5,1,4,9,3,11,4,4,12,4,5,6,8,9,9,7,22,19,12,20,24,28,17,28,38,32,32,61,47,56,54,48,64,67,80,86,93,89,124,104,125,120,117,124,144,130,153,144,135,142,153,137,152,184,186,196,164,187,166,165,178,169,162,173,191,153,164,150,167,159,171,158,144,144,156,169,156,112,138,130,116,114,112,88,96,100,88,91,95,85,74,74,76,57,76,66,70,54,68,56,50,53,46,44,40,29,32,45,39,33,30,15,23,24,25,19,21,11,21,14,18,14,7,15,12,15,3,6,6,4,8,7,8,6,5,3,5,6,3,5,0,4,5,2,1,2,0,1,2,0,0,0,0,1,0,1,0,0,1,0,0,1,0,0,1,1,0,0,0,0,0,0,0,0,0,0,0,0,0,0,0,0,0,0,0,0,0,0,0,0,0,0,0,0,0,0
4,3,1,2,3,4,2,2,7,6,1,3,10,9,4,9,9,14,12,10,16,16,13,16,23,26,24,24,39,31,31,45,53,40,52,64,79,73,86,86,92,90,112,105,95,101,128,114,140,140,130,143,138,145,151,139,167,141,183,167,160,168,171,142,154,176,182,181,164,175,136,149,150,164,154,134,151,133,131,141,131,145,122,120,132,100,97,114,95,105,83,82,95,80,81,73,73,58,71,60,46,57,58,64,39,35,49,29,41,43,33,28,33,35,35,34,27,24,31,11,26,19,19,19,11,6,8,20,9,9,8,6,10,5,1,11,2,6,2,3,4,3,1,4,2,5,2,5,1,3,0,2,0,0,3,0,1,1,1,1,0,0,0,1,0,2,0,0,1,0,0,1,0,0,0,0,0,0,0,0,0,0,0,0,0,0,0,0,0,0,0,0,0,0,0,0,0,0,0,0
5,4,0,1,2,0,7,5,7,7,0,6,6,10,4,7,9,16,5,11,14,18,22,24,22,22,22,26,22,30,23,56,43,35,53,70,70,72,74,96,98,112,97,94,110,124,102,140,117,115,123,133,155,127,136,137,153,144,187,138,147,195,165,140,190,162,167,169,165,159,147,161,173,144,151,149,143,124,134,124,111,129,136,123,112,102,110,77,78,106,97,84,78,91,86,55,76,61,55,55,54,59,49,53,58,44,41,44,35,29,40,35,33,31,27,21,24,21,29,21,18,27,9,11,16,7,15,16,11,7,7,4,5,7,10,5,7,5,7,5,4,2,1,2,2,1,0,2,0,1,1,5,4,1,2,1,0,1,2,0,2,0,1,0,0,1,0,0,0,0,0,0,0,0,0,0,0,0,0,0,0,0,0,0,0,0,0,0,0,0,0,0,0,0,0,0,0,0,0,0
0,1,1,0,1,3,4,4,3,7,3,6,6,6,4,8,10,6,4,8,12,26,12,33,18,26,18,26,21,26,40,55,44,47,61,52,48,64,77,76,81,95,84,94,94,90,121,118,118,122,159,120,126,136,139,141,160,170,174,158,161,156,152,128,187,145,159,164,151,165,126,127,137,149,145,158,112,126,130,127,138,124,118,107,81,82,97,79,91,87,97,92,80,93,77,85,70,53,65,67,71,63,50,39,35,50,49,37,34,32,30,31,28,31,21,18,28,36,21,16,18,22,18,13,9,12,10,13,8,8,3,3,2,6,8,7,5,3,6,5,4,3,5,5,2,1,3,2,1,1,1,3,2,3,1,2,0,0,0,1,0,0,0,0,0,1,0,1,0,0,0,0,0,0,0,0,0,0,0,0,0,0,0,0,0,0,0,0,0,0,0,0,0,0,0,0,0,0,0,0
1,2,1,2,1,2,2,6,1,12,0,6,13,13,7,7,12,13,6,8,17,15,13,22,19,36,29,32,31,22,27,56,46,45,68,67,72,86,91,79,92,86,97,95,89,115,113,106,100,111,137,114,143,144,149,183,168,158,172,156,160,154,168,156,171,142,153,140,157,176,144,125,129,149,125,120,139,115,131,112,128,108,120,108,109,84,118,88,84,83,71,76,81,77,75,54,58,62,73,53,63,31,49,46,38,43,46,38,39,33,33,42,31,24,30,26,25,23,21,20,15,7,10,10,11,10,15,11,9,11,11,8,4,6,9,11,3,6,5,5,4,2,3,1,3,2,5,0,2,3,3,2,1,0,1,0,1,0,0,1,1,0,0,0,0,0,0,1,0,0,0,0,0,0,0,0,0,0,0,0,0,0,0,0,0,0,0,0,0,0,0,0,0,0,0,0,0,0,0,0
3,5,1,3,3,0,4,3,1,10,0,3,5,4,2,7,6,14,9,6,17,23,18,20,15,22,22,33,37,18,36,47,35,47,62,56,67,71,75,78,92,116,89,91,86,102,113,128,111,113,115,119,135,114,167,120,166,128,158,128,134,147,152,156,159,152,149,171,139,149,130,159,141,140,127,136,134,128,145,119,118,114,98,100,121,85,76,92,74,91,65,75,83,75,72,65,65,48,57,60,42,52,50,44,48,40,50,34,33,29,33,35,20,22,27,19,21,18,22,19,20,12,6,15,12,18,12,17,14,7,6,6,10,4,6,3,11,8,5,4,3,1,5,5,4,5,0,1,0,1,1,4,3,1,0,2,0,0,1,2,0,0,0,0,0,1,0,2,1,0,0,0,0,0,0,0,0,0,0,0,0,0,0,0,0,0,0,0,0,0,0,0,0,0,0,0,0,0,0,0
3,2,0,2,4,0,6,2,7,7,1,10,11,11,7,9,5,9,6,4,9,19,10,29,20,23,23,30,25,29,28,55,43,45,50,51,62,73,79,65,93,67,77,70,90,94,88,121,109,103,132,116,122,127,143,123,165,120,143,157,138,166,151,152,138,150,151,160,146,139,148,119,125,132,134,123,134,121,120,96,116,102,104,114,97,78,98,91,84,106,69,77,70,79,73,73,53,51,65,53,51,43,48,47,49,21,47,31,40,36,37,31,34,38,33,30,29,22,20,16,20,9,12,14,12,10,17,8,14,8,6,10,10,7,3,3,5,7,7,3,6,4,4,1,0,3,2,3,4,0,1,2,0,1,1,0,1,4,0,0,2,1,0,0,0,1,2,0,1,0,0,0,0,0,0,0,0,0,0,0,0,0,0,0,0,0,0,0,0,0,0,0,0,0,0,0,0,0,0,0
1,4,1,4,2,0,3,5,5,5,2,3,5,4,5,7,14,6,6,9,20,17,17,16,21,24,16,23,21,32,28,39,58,56,54,38,61,71,81,79,105,87,109,84,66,80,123,113,126,96,120,120,121,143,146,117,144,130,159,123,148,156,128,157,162,163,148,144,133,137,150,140,151,121,87,140,131,112,121,104,108,108,107,85,93,88,81,92,91,69,78,75,59,65,73,54,61,39,59,40,55,51,50,36,44,36,39,39,34,26,28,23,23,23,20,22,22,13,14,23,18,13,18,14,8,11,8,16,5,4,3,11,7,8,4,5,11,4,0,2,3,4,4,6,4,3,1,1,0,2,0,1,1,0,0,1,0,1,1,1,0,1,0,1,0,1,0,0,0,1,0,1,0,0,0,0,0,1,0,0,0,0,0,0,0,0,0,0,0,0,0,0,0,0,0,0,0,0,0,0
0,4,0,0,1,0,6,3,5,6,1,6,7,6,6,12,8,9,7,5,9,15,7,27,16,26,24,36,26,23,26,51,39,42,55,49,64,62,75,83,74,86,81,69,80,88,97,114,108,97,116,116,121,119,130,114,136,125,152,129,117,164,153,133,134,144,147,152,133,146,132,122,139,112,113,117,97,100,127,110,105,116,98,108,79,56,86,92,80,71,69,84,76,73,65,49,58,63,56,41,50,55,40,43,46,32,30,32,36,32,29,14,23,29,29,23,22,18,13,18,16,16,18,11,9,7,11,3,7,12,4,9,3,1,7,5,5,9,2,5,5,4,3,2,3,2,2,3,2,3,0,1,0,1,1,0,4,2,0,0,0,0,0,0,0,0,1,0,3,0,0,0,0,0,0,0,0,0,0,0,1,0,0,0,0,0,0,0,0,0,0,0,0,0,0,0,0,0,0,0
6,3,0,0,2,1,2,2,4,5,2,5,4,8,6,9,6,8,11,9,12,17,8,16,12,34,16,30,35,35,30,37,40,43,51,40,49,56,68,69,76,82,75,81,93,102,81,95,97,92,114,120,116,135,126,116,135,127,157,146,138,131,138,137,141,135,121,160,125,123,141,143,141,127,118,119,134,97,110,129,110,81,92,111,90,81,100,97,81,79,74,63,56,54,55,50,65,53,48,50,43,42,41,38,37,30,45,34,35,19,22,32,27,24,18,19,15,28,18,18,18,12,11,14,7,14,2,6,6,6,5,4,5,2,5,5,4,4,1,6,2,3,0,3,3,2,1,2,0,1,0,2,0,1,0,0,1,0,0,0,0,0,0,0,0,0,0,0,1,0,0,0,0,0,0,0,0,0,0,0,0,0,0,0,0,0,0,0,0,0,0,0,0,0,0,0,0,0,0,0
1,2,2,0,2,1,8,1,6,14,1,4,12,6,2,11,8,8,10,6,15,15,14,18,16,21,10,30,31,25,31,41,41,40,49,52,58,62,76,54,71,80,69,83,84,83,84,101,109,95,119,98,111,106,109,107,144,149,127,131,138,144,144,118,135,143,164,135,128,132,118,127,116,140,119,134,120,97,107,106,101,101,100,94,114,100,93,75,63,79,72,59,57,66,57,65,60,37,51,43,44,33,35,43,36,35,29,31,34,26,31,28,34,22,24,18,21,18,22,15,12,11,10,13,10,11,9,12,4,9,6,4,3,6,6,7,3,8,1,1,4,1,3,3,2,0,2,2,1,2,2,1,0,0,0,1,3,1,0,1,0,0,0,1,0,0,0,0,0,0,0,0,0,0,0,0,0,0,0,0,0,0,0,0,0,0,0,0,0,0,0,0,0,0,0,0,0,0,0,0
1,2,1,0,2,2,2,3,5,7,0,4,7,4,8,8,7,8,7,6,19,8,16,24,17,30,27,20,28,27,25,52,37,35,51,50,61,52,63,59,75,71,78,75,58,88,83,104,92,101,123,101,113,110,108,133,141,112,120,122,122,127,118,113,129,126,119,138,120,103,115,136,124,110,104,104,110,110,115,86,104,87,92,106,102,72,87,78,79,63,72,53,69,60,49,60,62,49,42,39,50,38,51,42,31,38,35,36,35,29,27,30,17,24,29,22,22,21,14,23,13,12,17,8,12,10,6,9,10,6,8,3,5,3,3,5,7,4,5,3,2,0,1,1,6,3,6,2,1,4,0,1,1,1,0,1,1,0,0,0,0,0,0,1,0,1,0,1,0,0,0,0,0,0,0,0,0,0,0,0,0,0,0,0,0,0,0,0,0,0,0,0,0,0,0,0,0,0,0,0
2,2,2,2,0,1,3,1,4,7,0,2,4,9,6,9,3,11,7,6,15,15,17,17,18,30,18,29,31,24,31,42,43,47,45,55,50,69,41,58,80,67,71,104,68,86,90,97,96,77,106,109,99,104,130,118,122,121,142,125,146,127,134,110,130,117,140,145,129,131,125,98,121,110,93,120,106,79,96,88,104,71,93,86,79,73,79,74,74,66,76,67,77,66,51,64,49,46,45,47,48,52,37,37,35,31,42,38,36,19,31,29,24,21,16,22,18,15,10,21,15,12,15,8,6,9,6,11,8,4,7,5,12,7,4,5,10,7,3,3,2,5,3,3,3,0,2,3,0,2,0,1,1,0,1,0,1,0,0,1,0,0,0,0,0,0,0,0,0,0,0,0,0,0,0,0,0,0,0,0,0,0,0,0,0,0,0,0,0,0,0,0,0,0,0,0,0,0,0,0
0,1,1,1,0,2,4,2,3,9,2,1,4,6,3,9,7,3,5,5,8,20,7,28,19,22,12,19,27,23,31,50,31,36,53,48,50,55,74,57,69,66,70,74,66,84,76,85,94,98,104,90,106,110,109,111,115,110,133,109,125,118,115,112,128,123,125,97,113,105,128,104,121,94,95,110,96,89,99,111,95,90,87,79,91,60,87,64,87,55,76,51,58,62,54,47,50,45,42,27,55,37,34,34,38,21,32,25,36,28,33,24,18,29,20,24,13,16,16,17,10,11,12,7,14,12,6,9,6,4,7,5,4,6,3,3,5,8,3,1,3,1,7,4,3,1,0,2,2,1,0,1,1,0,2,0,0,1,1,0,0,1,0,1,0,0,0,0,0,0,0,0,0,1,0,0,0,0,0,0,0,0,0,0,0,0,0,0,0,0,0,0,0,0,0,0,0,0,0,0
4,1,3,2,1,4,3,4,1,6,0,4,8,3,5,10,7,8,4,5,11,13,9,20,19,23,25,20,21,30,35,31,40,35,57,43,59,53,69,53,60,70,68,81,60,88,99,105,89,102,87,87,125,113,117,104,115,113,141,122,126,111,123,96,123,122,141,115,118,109,117,113,120,102,106,118,78,105,99,81,92,92,107,66,77,75,71,75,56,68,51,51,51,62,45,43,52,45,45,35,52,50,43,40,35,34,27,19,37,28,24,16,18,22,15,25,15,14,12,16,13,10,11,12,12,10,9,14,9,6,8,4,6,4,6,2,6,6,5,2,2,0,3,2,1,1,1,1,1,1,0,1,1,0,1,0,0,0,0,0,0,0,0,0,0,0,0,1,0,0,0,0,0,0,0,0,0,0,0,0,0,0,0,0,0,0,0,0,0,0,0,0,0,0,0,0,0,0,0,0
1,3,0,2,0,1,2,5,3,3,3,4,9,5,4,7,9,6,5,9,8,20,10,10,15,30,28,22,25,23,30,31,37,42,53,39,57,49,52,59,70,63,82,70,74,89,82,79,100,95,81,102,102,113,91,117,110,115,126,106,108,120,118,94,115,121,119,113,99,105,101,116,128,96,114,127,86,99,85,87,87,80,88,83,69,60,81,66,66,60,75,57,63,50,65,47,45,36,43,47,37,33,34,38,37,24,37,24,33,24,23,30,25,26,18,21,17,17,10,14,8,14,14,9,7,7,4,5,6,3,4,15,9,3,3,4,3,5,1,1,1,2,2,1,1,4,2,0,1,1,0,1,0,0,0,1,2,0,1,0,0,0,1,0,0,0,0,3,0,0,0,0,0,0,0,0,0,0,0,0,0,0,0,0,0,0,0,0,0,0,0,0,0,0,0,0,0,0,0,0
1,1,0,4,0,1,3,1,10,6,1,3,7,8,4,8,6,9,6,10,9,13,7,13,13,18,17,25,19,22,29,35,28,35,54,54,47,46,70,60,63,74,61,65,63,103,76,88,106,90,86,86,100,104,110,91,130,106,112,106,114,126,107,112,75,129,103,111,112,139,95,95,106,88,100,99,106,84,83,79,80,87,67,85,90,76,60,65,65,57,59,50,55,55,47,52,52,34,34,32,42,30,36,30,37,33,30,37,29,25,23,19,18,12,15,15,11,15,15,11,14,16,13,6,7,9,13,5,5,10,6,3,3,2,5,3,4,0,3,2,1,0,1,3,1,3,2,1,0,2,2,4,0,0,2,0,0,0,0,0,0,0,1,0,0,1,0,0,1,0,0,0,0,0,0,0,0,0,0,0,0,0,0,0,0,0,0,0,0,0,0,0,0,0,0,0,0,0,0,0
5,0,0,0,3,1,0,0,0,3,0,1,6,4,7,11,5,5,3,9,15,15,11,20,15,17,20,26,26,25,26,39,42,34,35,29,55,58,46,55,78,79,64,68,69,88,63,83,92,74,97,94,86,104,115,92,119,113,117,104,126,111,110,109,139,93,108,144,101,97,96,107,98,105,90,100,85,92,84,63,67,85,70,69,74,75,63,64,57,70,60,49,59,58,44,45,29,34,40,42,34,31,39,31,33,28,34,19,17,21,30,21,22,20,16,11,25,25,23,5,10,7,10,12,13,10,5,4,7,11,3,4,5,2,3,7,6,4,2,2,2,1,1,3,1,4,2,2,0,0,0,2,1,0,0,0,0,0,1,0,0,0,2,1,0,1,0,0,0,0,0,0,0,0,0,0,0,0,0,0,0,0,0,0,0,0,0,0,0,0,0,0,0,0,0,0,0,0,0,0
2,3,4,0,0,1,3,3,5,6,2,3,9,8,2,9,4,11,9,11,5,17,10,16,14,17,22,15,26,14,29,39,32,25,43,35,50,46,65,55,66,74,76,78,61,86,82,85,73,85,97,98,81,110,94,104,103,97,115,112,89,104,106,116,117,100,118,124,85,104,100,79,105,89,84,88,79,92,85,84,79,85,84,76,80,59,56,56,51,63,45,59,38,44,57,45,47,32,53,34,35,53,27,20,29,23,27,27,26,18,25,18,16,7,12,13,13,16,12,14,14,11,8,10,9,10,11,5,4,6,6,7,6,5,4,5,5,1,1,5,1,4,0,6,6,3,1,3,0,1,0,0,1,0,0,0,0,1,1,2,1,1,0,0,0,1,1,0,1,0,0,0,0,0,0,0,0,0,0,0,1,0,0,0,0,0,0,0,0,0,0,0,0,0,0,0,0,0,0,0
1,3,1,0,1,3,2,3,2,4,2,4,6,6,2,5,8,5,7,7,16,17,15,16,14,29,11,13,22,25,34,26,34,41,37,36,37,51,50,56,62,55,67,73,74,74,80,83,74,76,98,92,85,93,93,96,107,108,111,111,101,107,109,99,109,99,96,74,90,101,104,81,93,92,83,109,96,88,87,82,78,70,62,60,63,76,85,61,65,50,57,40,40,49,60,39,35,44,48,30,43,22,32,19,40,34,32,26,22,20,21,16,18,16,12,11,18,10,10,14,16,7,10,9,5,6,6,11,3,9,6,1,1,3,2,3,4,4,2,2,2,1,0,2,1,1,2,1,0,0,2,1,0,0,0,0,1,0,1,2,0,0,1,0,0,0,0,0,0,0,0,1,0,0,0,0,0,0,0,0,0,0,0,0,0,0,0,0,0,0,0,0,0,0,0,0,0,0,0,0
3,2,1,0,1,1,3,3,2,7,0,1,6,10,9,6,4,8,8,3,7,12,9,30,19,26,10,17,18,24,29,38,44,29,41,32,41,40,50,45,67,50,85,62,77,66,90,76,75,82,79,85,110,86,89,81,111,83,105,94,96,108,102,98,112,112,117,92,98,107,97,100,88,90,66,101,97,74,63,73,57,78,75,56,74,65,58,55,53,52,56,48,59,59,46,55,36,39,41,36,38,50,25,29,29,32,22,14,16,9,24,22,17,11,21,21,19,9,13,13,11,8,8,10,5,6,5,7,8,6,6,5,6,4,4,3,6,6,0,3,1,2,2,5,1,2,0,1,1,0,0,1,0,1,2,0,1,0,0,0,0,1,1,0,0,0,0,0,0,0,0,0,0,0,0,0,0,0,0,0,0,0,0,0,0,0,0,0,0,0,0,0,0,0,0,0,0,0,0,0
1,1,1,2,1,0,3,6,3,7,1,2,6,2,5,4,9,6,3,4,13,11,12,13,10,14,21,16,25,26,23,35,36,29,36,41,39,33,54,58,55,67,42,49,63,75,69,90,77,68,81,73,80,87,86,79,101,95,111,91,98,104,111,101,106,80,92,107,95,80,81,96,69,79,80,86,86,74,79,83,79,74,72,69,55,51,62,48,56,49,51,48,43,43,50,41,47,53,39,32,25,28,32,27,23,27,39,19,22,14,21,21,18,14,13,13,13,8,17,8,10,12,10,14,8,8,7,6,4,4,7,3,3,3,4,3,2,5,2,3,3,2,1,1,2,1,2,1,0,0,2,1,0,0,0,0,1,0,1,0,0,0,1,1,0,0,0,1,0,0,0,0,0,0,0,0,0,0,0,0,0,0,0,0,0,0,0,0,0,0,0,0,0,0,0,0,0,0,0,0
0,4,0,1,0,0,3,0,2,6,1,4,10,4,4,9,2,9,5,7,7,7,16,18,7,15,11,18,22,18,26,35,28,24,29,39,53,34,53,55,57,47,60,58,79,82,65,61,62,76,80,84,81,83,92,91,99,79,97,106,100,111,89,94,86,101,117,103,98,88,102,89,99,75,78,72,73,82,72,80,74,76,75,74,76,56,68,53,54,54,55,46,45,47,41,38,35,34,43,33,29,27,35,31,14,25,25,17,26,30,22,20,20,17,10,12,12,16,16,12,11,12,9,12,8,10,4,3,7,11,6,3,9,3,3,2,3,7,5,3,0,3,2,1,2,0,0,1,0,0,1,1,0,0,0,1,0,1,0,0,0,0,0,0,0,0,0,0,0,0,0,1,0,0,0,0,0,0,0,0,0,0,0,0,0,0,0,0,0,0,0,0,0,0,0,0,0,0,0,0
5,1,1,0,1,1,3,5,1,8,0,2,7,4,4,1,3,6,9,5,6,10,5,11,15,21,13,16,19,24,25,29,34,38,45,33,41,50,66,44,63,64,59,50,59,78,55,78,82,65,84,83,91,77,74,79,96,105,102,92,82,80,92,93,88,83,100,85,101,78,90,63,79,71,101,77,68,90,65,75,66,60,62,68,59,51,54,53,57,47,47,49,37,62,38,33,44,29,38,39,28,32,30,25,14,28,21,13,23,19,18,19,17,14,21,16,16,10,9,13,13,5,4,7,5,9,7,6,6,8,7,4,5,7,4,3,6,2,3,4,2,2,1,3,2,1,0,1,2,2,0,2,0,2,0,0,2,0,0,0,0,0,1,0,0,0,0,0,1,1,0,0,0,1,0,0,0,0,0,0,0,0,0,0,0,0,0,0,0,0,0,0,0,0,0,0,0,0,0,0
4,1,2,1,3,0,0,3,2,2,1,2,2,6,3,3,6,7,4,3,7,6,17,12,13,13,17,14,16,21,17,32,33,36,47,40,41,40,63,40,53,66,53,52,68,53,70,73,66,59,82,86,84,98,76,64,96,91,85,104,73,90,89,91,75,86,104,105,89,92,81,60,90,88,66,82,81,73,78,83,77,72,46,67,67,44,58,51,48,46,57,44,45,33,35,27,37,24,33,28,27,33,27,23,23,21,26,15,28,21,23,17,13,11,19,10,8,15,14,9,8,9,4,6,9,2,5,14,3,5,5,5,4,4,8,1,6,4,2,1,4,4,3,4,3,2,0,2,1,0,0,2,1,0,2,0,0,0,1,0,0,0,1,0,0,0,0,1,1,0,0,0,0,0,0,0,0,0,0,0,1,0,0,0,0,0,0,0,0,0,0,0,0,0,0,0,0,0,0,0
1,2,2,0,0,2,2,1,2,11,1,5,6,3,3,8,4,6,5,7,15,14,15,15,11,13,15,11,17,9,16,35,24,30,44,42,30,33,51,51,57,48,55,60,69,70,60,88,77,64,76,70,89,82,93,86,103,88,105,93,83,97,82,92,81,88,93,71,79,79,95,70,87,88,66,65,73,74,67,71,73,62,48,56,43,60,50,49,51,49,39,55,30,45,32,27,29,36,32,42,33,27,24,21,24,31,18,18,17,17,17,19,24,20,14,13,8,14,11,11,8,6,6,6,6,3,4,7,5,5,2,5,1,3,1,3,2,2,0,1,1,1,1,1,0,1,0,1,0,0,0,1,0,0,2,0,1,0,0,0,0,0,0,0,0,0,0,1,0,0,0,0,0,1,1,0,0,0,0,0,0,0,0,0,0,0,0,0,0,0,0,0,0,0,0,0,0,0,0,0
2,0,0,0,2,1,5,3,6,3,2,1,4,5,1,9,3,4,4,1,11,10,10,13,12,22,11,22,9,19,30,26,29,28,40,43,51,41,35,47,52,58,61,41,50,55,60,60,77,55,81,67,83,77,82,72,79,74,97,80,75,78,84,91,90,86,97,92,91,85,76,76,82,77,59,67,72,64,62,57,59,58,54,50,67,49,50,41,47,43,40,34,36,30,52,42,22,30,39,23,32,25,32,18,23,19,21,13,20,16,27,14,14,12,9,8,6,11,10,7,5,7,12,6,4,10,8,8,4,6,4,6,4,6,3,2,2,3,2,3,0,0,1,2,2,2,0,1,0,0,0,1,0,0,1,1,0,1,0,0,0,0,0,0,0,1,0,0,1,0,0,0,0,1,0,0,0,0,0,0,1,0,0,0,0,0,0,0,0,0,0,0,0,0,0,0,0,0,0,0
3,2,1,0,1,0,0,4,3,3,0,1,5,6,6,4,3,3,4,4,7,9,12,16,11,23,8,12,15,20,25,24,22,24,42,44,36,45,49,37,52,46,53,56,43,69,68,70,64,66,80,60,68,100,70,86,94,89,91,91,98,87,97,89,82,81,99,78,63,93,59,87,79,85,85,75,58,70,63,58,60,51,56,61,66,41,53,40,47,44,35,35,40,45,42,27,34,24,25,25,24,23,28,21,19,20,19,25,17,11,12,12,12,12,20,13,10,4,13,8,9,6,6,3,8,4,3,6,6,10,2,5,4,3,4,3,3,3,1,4,0,1,0,3,4,1,2,1,1,1,2,0,0,0,0,0,2,0,1,2,0,0,0,2,0,0,0,0,0,0,0,0,0,0,0,0,0,0,0,0,0,0,0,0,0,0,0,0,0,0,0,0,0,0,0,0,0,0,0,0
1,0,1,1,1,0,2,2,2,6,0,0,9,4,5,3,3,7,6,7,10,11,13,11,9,17,15,12,13,13,18,34,18,30,33,37,39,43,52,41,46,47,54,55,53,56,60,77,69,53,69,67,54,81,59,77,96,79,109,74,70,86,98,74,80,79,71,78,64,72,80,74,77,70,70,75,75,72,76,66,63,64,53,48,53,40,46,57,33,43,43,43,30,43,37,33,30,22,27,26,27,31,20,24,30,18,13,23,17,17,17,22,16,5,14,14,6,10,7,7,5,11,6,7,6,0,5,9,4,5,2,8,3,2,3,4,2,1,3,0,1,2,3,2,1,1,3,0,0,0,1,3,1,0,0,0,2,1,0,1,0,0,0,0,0,0,0,0,1,0,0,0,0,1,0,0,0,0,0,0,0,0,0,0,0,0,0,0,0,0,0,0,0,0,0,0,0,0,0,0
1,1,0,1,1,2,0,3,2,7,1,1,6,4,6,3,5,5,5,6,8,10,12,10,6,11,15,14,18,23,16,24,28,23,27,37,47,31,45,44,50,40,53,44,44,59,71,63,61,79,68,76,61,79,85,69,76,75,104,73,74,91,86,81,88,77,81,69,95,71,80,63,69,58,62,57,72,66,61,56,73,49,54,61,54,48,48,49,29,35,38,27,24,48,29,33,31,26,29,25,24,24,28,19,28,20,25,17,15,13,10,19,9,19,14,9,2,6,12,8,12,8,11,10,8,7,6,4,6,3,7,4,2,2,2,7,2,1,2,1,4,1,1,5,4,0,2,0,0,1,0,0,1,3,0,0,0,0,0,0,0,0,0,0,0,0,0,0,0,0,0,0,0,0,0,0,0,0,0,0,0,0,0,0,0,0,0,0,0,0,0,0,0,0,0,0,0,0,0,0
2,2,0,2,0,0,2,1,2,6,0,0,5,6,2,4,6,5,2,5,11,13,7,13,6,18,10,16,20,20,25,25,23,32,34,30,36,34,47,38,49,45,54,51,47,58,52,66,64,54,78,61,55,60,70,75,85,87,76,97,78,90,93,80,67,75,69,74,78,83,70,87,69,64,58,56,67,46,64,74,62,54,60,45,59,54,40,34,39,50,57,26,32,33,30,28,44,22,26,20,30,25,27,21,19,12,24,20,18,14,13,10,6,8,10,14,10,13,11,12,6,5,8,6,4,12,4,4,3,5,2,3,5,1,2,4,4,2,1,4,2,1,1,0,1,0,0,2,1,1,0,1,1,0,2,0,2,1,1,0,0,1,0,0,0,0,0,0,0,0,0,0,1,0,0,0,0,0,0,0,0,0,0,0,0,0,0,0,0,0,0,0,0,0,0,0,0,0,0,0
2,2,2,1,2,1,3,0,4,5,0,1,5,2,6,3,6,1,4,3,9,13,7,10,8,16,12,13,16,18,16,24,29,33,39,31,33,44,48,39,46,55,45,34,46,46,57,47,59,63,71,70,70,80,64,62,78,88,73,66,91,81,79,62,70,88,79,65,87,62,78,55,59,67,76,66,68,57,62,59,67,63,53,50,54,40,52,42,30,38,39,30,43,34,39,22,32,25,31,23,22,25,23,25,21,18,14,17,16,10,16,17,12,9,8,18,6,8,8,12,11,3,5,3,9,3,6,9,7,3,0,3,1,3,3,3,3,3,1,1,1,0,1,2,1,1,1,0,3,0,1,1,0,1,1,0,1,1,1,0,0,0,0,0,0,0,0,0,0,0,0,0,0,0,0,0,0,1,0,0,0,0,0,0,0,0,0,0,0,0,0,0,0,0,0,0,0,0,0,0
2,3,2,0,4,0,2,4,3,5,0,2,3,3,5,2,9,5,3,2,7,11,12,9,4,8,10,15,16,9,14,26,26,28,26,32,31,37,45,35,46,37,58,51,39,42,54,68,63,69,55,62,70,70,65,69,79,74,70,79,74,77,88,82,104,79,78,74,64,69,66,62,73,56,65,60,67,59,56,61,42,43,60,52,41,37,40,38,31,29,36,31,46,37,32,21,27,24,31,21,28,31,21,22,18,20,18,12,15,13,11,11,6,11,10,10,13,6,6,4,9,7,4,6,3,4,5,6,7,6,3,2,2,1,4,2,5,1,2,0,0,3,1,0,1,1,0,3,1,0,0,0,0,1,0,0,1,0,0,1,0,0,0,0,0,0,0,1,1,0,0,0,0,0,0,0,0,0,0,0,0,0,0,0,0,0,0,0,0,0,0,0,0,0,0,0,0,0,0,0
2,2,1,0,0,1,2,3,4,6,2,3,7,2,0,8,4,3,7,6,6,9,9,20,12,18,12,12,13,15,19,30,24,16,25,24,21,33,47,27,32,29,45,55,46,62,53,60,69,44,74,56,58,64,66,66,68,70,81,86,68,69,78,86,66,56,79,83,52,54,53,74,81,74,54,67,61,65,58,46,47,48,47,47,46,33,54,38,41,38,29,34,38,24,25,21,30,23,23,22,25,24,22,17,25,19,24,15,11,11,17,14,12,11,6,8,12,8,8,8,10,3,7,10,4,3,3,7,2,5,2,3,1,2,1,3,1,1,1,2,2,1,3,0,0,1,1,0,0,2,0,0,0,0,0,1,0,1,0,1,0,0,0,1,0,0,0,0,1,1,0,0,0,0,0,0,0,0,0,0,0,0,0,0,0,0,0,0,0,0,0,0,0,0,0,0,0,0,0,0
4,1,0,1,1,0,0,3,1,0,1,0,9,5,1,3,4,2,8,1,7,8,4,12,10,8,13,10,12,15,20,36,17,26,29,26,31,28,29,31,56,36,46,39,49,56,50,61,56,53,59,59,53,66,59,59,83,58,63,72,76,72,63,63,72,72,89,69,74,56,70,69,62,50,55,64,49,63,54,45,55,43,43,61,56,53,50,34,31,25,34,39,38,32,24,20,34,23,24,22,12,18,14,20,12,9,24,17,5,10,10,6,12,8,12,9,9,6,9,6,4,10,8,3,1,6,1,4,6,1,5,2,3,2,1,1,8,0,2,1,2,0,1,3,1,0,1,1,0,0,0,0,0,1,0,0,0,0,0,1,0,0,2,0,0,0,0,0,0,0,0,0,0,0,0,0,0,0,0,0,0,0,0,0,0,0,0,0,0,0,0,0,0,0,0,0,0,0,0,0
3,1,0,0,2,0,5,1,5,2,4,2,4,5,3,4,2,1,4,3,7,8,8,10,7,9,15,14,20,15,19,22,20,27,36,22,39,27,38,30,42,52,52,22,42,49,54,50,56,48,63,72,64,77,66,54,67,74,76,75,59,74,83,86,74,81,76,64,65,70,65,80,72,75,51,58,51,51,65,48,55,37,61,34,53,47,47,38,25,32,27,37,32,32,27,18,23,20,12,24,23,16,13,18,13,13,17,12,11,15,18,11,12,6,13,10,8,7,8,8,5,8,9,3,3,4,6,3,5,4,7,2,8,2,1,2,5,2,3,1,0,0,0,1,3,0,0,0,1,0,0,1,0,0,1,0,0,0,1,1,0,0,0,0,0,1,0,1,0,0,1,0,0,0,0,0,0,0,0,0,0,0,0,0,0,0,0,0,0,0,0,0,0,0,0,0,0,0,0,0
2,0,2,1,0,0,2,5,2,1,1,0,1,5,2,4,4,5,2,4,4,7,2,13,8,13,15,11,14,20,26,23,14,17,28,25,28,37,38,35,42,42,41,41,43,45,36,57,50,47,60,61,58,66,67,62,61,76,74,62,75,77,72,70,70,68,71,78,75,61,58,66,68,58,43,61,46,50,56,44,55,44,41,45,38,37,48,36,36,40,26,28,35,27,31,35,17,25,24,20,19,27,19,15,12,13,14,13,12,10,8,7,10,8,5,12,9,9,5,3,12,7,8,6,9,2,3,5,10,4,3,3,2,0,1,1,3,3,0,0,0,0,1,1,1,1,0,0,0,0,0,1,0,0,1,0,1,0,0,1,0,0,0,0,0,0,0,0,0,0,0,0,0,0,0,0,0,0,0,0,0,0,0,0,0,0,0,0,0,0,0,0,0,0,0,0,0,0,0,0
4,0,1,1,2,0,3,1,4,4,1,0,8,7,3,10,8,2,1,4,6,12,3,13,8,9,6,14,15,14,11,30,20,23,23,18,31,34,32,27,43,48,31,48,49,48,55,48,47,56,53,63,54,56,67,51,58,57,67,74,64,65,65,60,53,52,69,74,62,58,60,64,60,57,52,60,44,47,51,48,52,40,52,37,43,29,30,47,33,30,34,28,28,29,24,20,20,14,31,27,18,20,28,21,13,14,12,16,13,15,10,11,14,7,6,16,9,8,12,9,18,7,5,8,2,4,5,4,3,3,2,3,2,1,0,0,5,0,0,0,3,1,1,0,0,2,0,1,2,0,0,0,0,1,0,0,0,0,0,0,0,0,0,0,0,0,0,0,1,0,0,0,0,0,0,0,0,0,0,0,0,0,0,0,0,0,0,0,0,0,0,0,0,0,0,0,0,0,0,0
0,2,0,0,2,1,2,4,4,4,0,3,6,3,0,5,6,5,6,5,5,6,5,7,8,14,10,18,17,15,12,22,20,27,38,29,37,34,31,32,30,42,46,40,33,59,38,52,62,53,41,54,46,59,60,46,81,63,76,60,60,71,58,70,64,42,62,55,52,72,39,53,48,61,52,63,50,53,53,49,42,39,36,39,40,36,42,35,34,29,32,25,34,34,23,24,27,17,18,18,19,26,11,15,18,14,13,17,14,11,13,9,9,6,8,14,5,6,7,6,6,2,4,6,7,6,2,1,1,6,4,2,5,2,1,4,3,6,1,2,0,0,3,1,0,1,0,0,0,0,1,1,0,0,1,0,0,0,1,0,0,0,1,0,0,0,0,1,0,0,0,0,0,0,0,0,0,0,0,0,0,0,0,0,0,0,0,0,0,0,0,0,0,0,0,0,0,0,0,0
3,1,0,0,1,1,2,0,4,5,0,0,2,4,0,4,4,2,4,2,6,7,2,9,14,13,12,13,10,11,17,27,15,25,37,21,30,28,39,35,31,45,45,39,36,59,42,38,52,44,64,53,55,62,63,54,67,70,72,47,64,58,61,59,65,61,51,65,71,61,55,42,62,59,48,60,43,45,59,50,56,43,40,50,37,29,35,40,27,28,21,24,29,24,26,28,26,13,19,24,15,13,14,13,17,6,23,11,11,7,9,18,5,5,12,10,5,5,14,9,7,6,2,3,1,4,3,3,3,3,2,4,2,3,2,4,4,0,2,2,1,0,0,2,3,1,0,1,0,1,1,1,0,1,2,1,1,0,0,0,0,0,0,0,0,0,0,0,0,0,0,0,0,0,0,0,0,0,0,0,0,0,0,0,0,0,0,0,0,0,0,0,0,0,0,0,0,0,0,0
1,0,1,0,0,0,1,2,3,7,0,1,1,4,2,5,3,3,3,2,5,8,5,15,9,10,8,16,13,13,16,20,16,18,31,22,34,34,31,28,43,46,39,41,24,47,51,54,52,50,41,39,67,46,60,43,71,71,71,53,58,67,54,57,74,46,58,60,73,55,41,44,52,54,45,47,62,48,32,60,36,43,34,38,43,35,29,39,35,23,20,20,30,23,23,23,20,11,19,15,22,14,25,17,16,11,10,11,11,8,4,20,10,9,13,9,6,12,7,6,3,8,7,2,3,4,5,2,4,3,3,0,6,3,1,0,5,0,0,1,2,1,1,2,1,1,1,2,2,1,0,1,0,1,1,0,0,0,1,0,0,0,0,0,0,0,0,0,0,0,0,0,0,0,0,0,0,0,0,0,1,0,0,0,0,0,0,0,0,0,0,0,0,0,0,0,0,0,0,0
3,1,0,0,0,1,2,5,2,5,0,1,7,4,7,3,6,4,3,3,7,7,5,11,8,10,8,9,13,6,23,20,14,31,27,28,31,27,39,37,33,39,32,35,37,47,55,47,55,36,62,43,62,62,66,51,47,55,53,42,59,52,53,48,60,61,66,57,63,59,46,52,46,41,40,53,54,65,32,41,39,41,33,39,34,34,28,27,27,34,32,30,26,28,17,28,15,20,5,19,13,16,23,21,21,11,16,15,12,9,10,12,5,6,15,13,5,7,11,1,5,5,5,6,3,2,8,6,0,4,2,1,6,0,1,3,1,2,0,1,4,1,2,2,0,0,0,1,1,0,0,0,0,0,0,0,0,0,0,0,0,0,0,0,0,0,0,0,0,0,0,0,0,0,0,0,0,0,0,0,0,0,0,0,0,0,0,0,0,0,0,0,0,0,0,0,0,0,0,0
4,0,1,0,1,0,1,2,5,3,1,3,3,3,4,1,3,4,6,6,5,13,4,6,10,12,10,6,16,12,17,24,19,25,28,22,29,14,44,20,41,32,25,28,30,42,41,37,52,40,58,34,44,63,49,46,49,56,71,63,55,46,65,42,54,68,40,45,44,55,44,39,56,49,41,52,47,34,28,35,41,26,45,44,33,24,44,27,22,25,34,26,23,32,18,17,28,14,25,15,20,18,18,8,12,15,11,11,6,14,9,7,5,10,10,10,8,11,4,8,7,4,3,4,6,2,5,2,3,4,3,4,4,3,1,3,1,3,0,1,0,1,2,1,1,0,1,1,0,0,0,0,0,0,1,0,0,0,1,0,0,0,0,1,0,0,0,0,0,0,0,1,0,0,0,0,0,0,0,0,0,0,0,0,0,0,0,0,0,0,0,0,0,0,0,0,0,0,0,0
1,0,3,0,0,0,1,2,1,5,1,0,4,2,0,4,3,4,5,5,8,7,6,8,15,16,12,9,14,9,12,17,18,14,21,21,21,33,29,28,34,26,28,31,28,37,44,53,55,42,51,43,64,51,52,63,57,55,64,57,66,77,63,55,52,51,52,48,63,51,59,52,42,49,45,44,50,39,46,38,40,39,37,29,47,41,34,28,32,28,24,27,25,33,19,19,23,22,26,24,16,13,18,15,14,11,8,10,9,13,14,11,6,9,9,5,4,7,6,4,8,5,6,6,6,5,9,4,2,4,6,1,1,2,4,2,1,1,1,0,2,1,1,1,1,0,1,2,0,0,1,1,0,1,0,0,0,0,0,0,0,0,0,2,0,0,0,0,0,0,0,0,0,0,0,0,0,0,0,0,0,0,0,0,0,0,0,0,0,0,0,0,0,0,0,0,0,0,0,0
1,1,1,0,0,2,0,2,4,7,0,2,0,3,0,4,3,2,2,2,6,6,8,10,4,11,8,12,17,15,21,23,20,26,23,22,23,28,37,38,38,33,29,46,26,39,35,47,41,42,54,46,49,46,55,52,55,49,61,50,54,48,62,43,44,69,52,52,57,51,56,37,48,36,47,36,41,45,48,47,38,34,49,41,35,31,31,31,26,21,20,25,22,24,23,15,11,12,19,13,17,26,19,11,12,15,17,9,9,14,13,6,10,10,5,6,4,5,7,3,7,2,4,3,7,1,0,2,2,3,3,1,2,2,1,1,1,4,2,2,1,1,1,3,0,1,2,0,1,0,0,0,1,0,0,0,0,0,0,0,0,0,0,0,0,0,0,0,0,0,0,0,0,0,1,0,0,0,0,0,0,0,0,0,0,0,0,0,0,0,0,0,0,0,0,0,0,0,0,0
1,0,0,1,1,0,2,3,2,3,0,0,4,4,1,3,6,3,1,2,2,4,9,11,10,12,9,14,16,12,16,21,15,11,21,35,25,29,29,21,35,37,30,39,28,43,51,30,46,39,46,47,53,49,46,52,63,51,56,52,59,47,50,61,61,50,50,54,53,50,47,54,40,40,42,40,40,44,40,39,30,42,38,37,37,37,26,33,27,29,21,33,13,21,22,13,17,15,19,11,15,19,13,10,13,15,10,18,16,5,12,11,4,7,6,3,9,2,2,5,4,7,5,4,4,3,3,3,0,1,4,0,2,0,0,1,4,1,3,0,1,1,0,0,0,0,1,1,0,0,1,0,0,0,0,1,0,0,0,0,0,0,0,0,0,0,0,0,0,0,0,0,0,0,0,0,0,0,0,0,0,0,0,0,0,0,0,0,0,0,0,0,0,0,0,0,0,0,0,0
2,0,1,0,3,1,4,1,1,6,0,0,4,5,1,9,5,1,2,3,8,12,7,17,7,8,8,10,8,7,22,20,21,8,15,17,26,26,28,24,27,38,28,39,24,37,32,43,44,40,54,36,44,48,46,48,50,44,57,54,65,43,66,45,40,49,56,49,34,44,42,57,43,57,49,45,39,49,46,40,41,32,25,30,27,19,30,39,21,30,17,17,17,27,10,12,15,14,21,17,11,15,14,10,16,12,10,11,7,8,6,13,11,6,6,11,6,7,9,3,7,7,3,5,3,1,3,3,3,3,4,4,3,0,1,3,3,2,1,2,1,0,0,0,1,1,0,0,0,0,2,1,0,0,1,0,0,0,0,0,0,0,0,0,0,0,0,0,0,0,0,0,0,0,0,0,0,0,0,0,0,0,0,0,0,0,0,0,0,0,0,0,0,0,0,0,0,0,0,0
3,3,0,0,2,0,3,3,3,3,2,2,2,2,3,7,2,3,8,2,7,6,7,11,12,10,11,10,9,13,12,25,14,19,18,23,24,28,31,43,31,35,35,30,27,37,47,37,33,45,55,30,44,48,48,41,53,43,52,50,52,46,32,53,53,43,56,43,59,47,47,33,59,40,34,48,46,33,42,37,38,33,30,31,30,31,34,27,21,28,19,18,19,19,16,16,21,19,18,17,8,9,11,21,20,15,19,7,11,12,3,11,7,4,10,8,5,9,6,9,5,2,5,3,4,0,3,4,2,0,5,0,2,1,1,2,1,1,0,0,0,1,0,0,0,0,0,0,1,0,0,0,0,0,0,0,0,0,0,0,0,0,0,0,0,0,0,0,0,0,0,0,0,0,0,0,0,0,0,0,0,0,0,0,0,0,0,0,0,0,0,0,0,0,0,0,0,0,0,0
1,2,1,0,2,1,0,5,0,4,0,1,3,2,0,3,4,2,3,4,3,11,3,7,10,8,8,6,6,5,11,22,10,14,27,16,30,18,25,25,28,40,26,35,34,42,39,26,45,29,64,41,49,42,56,32,38,33,46,41,49,59,42,43,40,46,49,46,44,48,38,52,44,48,34,36,39,41,31,30,39,31,25,27,34,23,39,20,24,23,18,27,19,22,25,19,23,12,15,13,13,6,12,11,7,10,8,15,9,10,9,3,8,5,5,7,8,5,3,12,6,4,3,2,0,3,2,4,4,3,3,2,1,1,2,1,1,2,3,0,1,1,2,1,2,0,0,0,1,1,0,0,0,3,0,0,1,0,0,1,0,0,0,0,0,0,0,0,0,0,0,0,0,0,0,0,0,0,0,0,0,0,0,0,0,0,0,0,0,0,0,0,0,0,0,0,0,0,0,0
3,2,1,2,1,0,3,2,2,5,2,2,3,1,1,4,1,2,2,1,9,9,4,3,2,16,15,7,7,12,11,34,12,16,20,20,19,29,26,21,29,24,28,29,27,40,44,36,50,33,49,43,42,41,56,40,66,52,53,39,41,54,38,32,45,54,45,34,60,35,39,38,40,48,41,41,41,39,39,38,30,29,27,27,29,19,32,27,18,28,16,28,19,19,16,16,11,17,19,9,16,13,8,15,9,13,14,13,5,9,5,13,7,4,2,10,9,11,8,1,3,5,8,5,4,4,2,1,1,4,3,2,2,1,0,0,0,1,0,0,1,0,0,0,0,1,0,2,0,0,0,0,0,1,0,0,0,0,0,0,0,0,0,0,0,0,0,0,0,0,0,0,0,0,0,0,0,0,0,0,0,0,0,0,0,0,0,0,0,0,0,0,0,0,0,0,0,0,0,0
0,0,2,0,2,0,1,0,2,2,0,0,2,4,3,3,4,3,1,4,5,5,10,11,7,10,5,6,12,9,13,23,16,17,24,16,14,18,27,27,30,18,30,30,38,47,40,32,43,34,35,34,43,42,40,49,55,36,41,41,42,46,60,52,42,42,47,41,53,47,47,46,29,45,35,42,39,40,36,34,32,35,25,28,23,27,26,27,29,18,23,23,18,19,19,17,15,11,14,23,15,12,9,10,13,9,10,10,9,10,8,11,3,7,6,9,6,5,1,3,7,5,3,2,1,3,4,4,1,3,1,0,0,3,1,1,2,0,0,0,0,0,1,0,1,0,1,0,1,0,1,0,0,0,0,0,3,1,0,0,0,0,0,0,0,0,0,0,0,0,0,0,0,0,0,0,0,0,0,0,0,0,0,0,0,0,0,0,0,0,0,0,0,0,0,0,0,0,0,0
1,0,0,1,0,0,2,0,3,1,0,0,3,3,2,3,3,6,6,0,5,5,9,7,6,10,10,4,8,10,14,16,13,14,20,18,26,21,21,24,21,25,30,32,36,31,36,34,32,39,30,30,49,38,47,34,44,35,42,33,36,45,52,39,30,34,49,37,41,58,40,46,43,38,35,34,32,31,41,36,40,28,27,31,30,13,27,29,30,27,21,7,15,16,18,19,12,12,16,14,8,11,11,12,10,5,9,7,13,10,7,12,8,6,6,1,6,10,7,5,2,2,3,7,2,5,1,4,4,2,1,2,3,0,0,3,4,2,2,0,0,0,1,0,0,1,0,0,1,0,0,2,0,0,0,0,1,0,0,1,0,0,0,0,0,0,0,0,0,1,0,0,0,0,0,0,0,0,0,0,0,0,0,0,0,0,0,0,0,0,0,0,0,0,0,0,0,0,0,0
0,0,1,2,0,1,0,1,2,1,0,1,4,1,1,4,1,3,3,3,3,4,12,11,4,4,11,9,12,11,5,15,12,6,27,20,22,17,20,27,19,33,25,25,36,35,29,30,32,27,42,34,39,36,45,40,47,47,49,43,38,57,51,51,57,44,40,38,35,28,43,42,37,39,32,34,34,34,35,38,35,23,31,23,28,26,23,33,16,19,19,29,21,13,24,15,14,11,19,10,6,10,15,11,10,9,8,6,6,8,8,7,2,5,7,3,5,4,0,4,7,12,2,3,8,0,3,3,4,2,0,1,2,1,2,5,0,3,2,0,3,2,1,0,0,0,0,0,0,0,1,0,1,0,0,0,0,0,0,0,0,0,0,0,0,0,0,0,0,0,0,0,0,0,0,0,0,0,0,0,0,0,0,0,0,0,0,0,0,0,0,0,0,0,0,0,0,0,0,0
0,0,2,0,2,0,2,2,2,3,0,4,3,1,0,4,3,3,3,2,3,10,6,9,4,6,5,9,10,13,11,30,20,16,7,13,21,19,29,25,30,28,30,20,31,31,32,27,39,37,40,31,34,42,45,44,42,45,44,50,43,42,40,39,47,44,34,49,36,37,30,36,47,32,30,35,34,39,31,23,23,39,28,27,22,28,15,20,12,20,26,19,11,9,19,15,17,7,13,21,8,12,11,12,12,18,9,8,6,7,10,9,9,8,8,4,3,6,7,2,3,2,2,5,3,4,3,1,2,4,3,1,3,2,1,3,0,1,2,2,0,0,2,0,0,0,1,1,0,0,0,0,0,0,0,0,1,0,0,0,0,0,0,0,0,0,0,0,1,0,0,0,0,0,0,0,0,0,0,0,0,0,0,0,0,0,0,0,0,0,0,0,0,0,0,0,0,0,0,0
0,0,1,0,0,0,0,0,0,5,0,0,4,3,2,3,3,4,6,3,2,8,4,7,6,6,6,11,15,8,7,13,8,18,22,18,21,22,20,30,44,33,27,30,22,30,27,28,42,36,31,32,38,43,35,34,56,47,44,36,44,62,38,46,37,36,43,45,45,26,40,39,32,49,30,33,34,34,29,31,28,30,24,29,22,21,29,21,22,22,11,23,18,13,15,12,13,15,19,11,6,12,9,12,7,5,17,4,3,8,6,4,5,10,8,6,4,3,7,5,2,2,3,3,3,1,3,1,2,2,1,0,0,1,2,3,2,0,1,0,0,0,4,1,0,1,0,2,1,0,1,1,0,0,0,0,0,0,1,0,0,1,0,0,0,0,0,0,0,0,0,0,0,0,0,0,0,0,0,0,0,0,0,0,0,0,0,0,0,0,0,0,0,0,0,0,0,0,0,0
1,1,0,0,0,0,0,0,3,5,0,2,2,3,5,3,3,3,5,5,5,5,3,8,6,7,9,11,8,10,15,19,13,11,16,15,21,26,22,20,31,24,20,28,21,32,33,39,53,21,47,30,44,48,43,32,51,31,29,31,37,41,50,34,45,33,35,28,33,41,41,25,35,36,29,35,32,35,40,34,22,16,13,19,26,21,38,26,18,25,15,22,19,16,17,12,20,11,18,13,18,14,6,3,6,5,4,11,14,10,8,5,6,4,5,9,4,6,2,5,2,5,5,7,1,2,1,2,1,0,4,0,1,1,1,1,1,2,0,0,1,0,2,0,0,1,2,1,0,2,2,0,0,0,0,1,0,0,0,0,0,0,0,0,0,0,0,0,0,0,0,0,0,0,0,0,0,0,0,0,0,0,0,0,0,0,0,0,0,0,0,0,0,0,0,0,0,0,0,0
1,1,3,1,1,0,2,1,2,3,0,3,4,1,0,4,1,2,3,5,3,7,5,5,6,11,6,8,7,10,8,29,11,13,9,16,19,21,25,32,29,16,28,28,20,36,28,26,36,32,29,38,36,47,33,32,44,41,53,29,38,37,39,35,43,41,42,28,30,32,37,34,23,25,36,27,28,34,29,38,26,29,16,32,23,16,23,17,19,20,17,17,21,21,13,12,11,8,12,13,14,10,13,12,5,13,10,5,7,8,7,7,5,10,1,5,6,3,4,6,2,4,3,2,4,2,1,2,5,2,1,0,2,0,0,2,1,1,3,2,0,1,0,0,0,0,0,0,0,0,2,0,0,1,1,0,0,1,0,0,0,0,0,0,0,0,0,0,0,0,0,0,0,0,0,0,0,0,0,0,0,0,0,0,0,0,0,0,0,0,0,0,0,0,0,0,0,0,0,0
1,1,0,0,2,3,1,1,2,3,0,0,1,3,3,2,2,3,3,1,4,8,5,11,5,6,1,8,9,8,13,15,12,20,21,24,21,23,21,12,26,33,25,27,24,20,37,36,29,24,38,44,29,27,32,41,44,41,48,35,28,46,34,37,39,29,42,34,38,39,29,42,29,31,18,34,32,30,28,23,32,23,24,21,16,19,22,17,12,13,25,18,13,17,17,14,14,9,14,18,9,9,13,14,8,10,11,7,7,7,4,4,7,6,7,8,3,6,6,4,4,5,4,4,4,1,2,0,2,0,1,0,1,2,3,3,4,1,0,0,1,0,0,1,2,0,1,0,0,0,0,0,0,1,0,0,0,0,1,1,0,0,0,0,0,0,0,0,0,0,0,1,0,0,0,0,0,0,0,0,0,0,0,0,0,0,0,0,0,0,0,0,0,0,0,0,0,0,0,0
0,2,0,0,0,0,2,0,2,3,1,2,1,0,1,4,5,4,3,3,3,7,2,7,9,7,9,6,4,8,6,13,14,17,19,18,19,24,12,22,19,24,32,21,18,28,34,30,41,27,31,29,30,44,33,35,37,33,45,31,39,38,38,44,41,34,45,42,37,41,36,24,30,32,41,30,25,27,24,21,31,31,30,33,30,15,23,22,15,22,20,13,19,20,11,6,9,5,15,6,8,8,5,8,13,3,9,9,7,8,6,7,6,4,2,1,5,4,5,3,7,2,3,4,2,3,0,2,2,2,1,3,4,3,2,5,2,0,0,1,0,1,0,0,1,0,0,0,0,1,0,0,0,0,1,0,0,0,0,1,0,0,0,0,0,0,0,1,0,0,0,0,0,0,0,0,0,0,0,0,0,0,0,0,0,0,0,0,0,0,0,0,0,0,0,0,0,0,0,0
0,3,1,1,1,1,2,0,1,4,0,2,1,3,3,5,2,1,2,2,5,5,6,8,5,7,6,4,10,4,8,18,16,10,17,13,13,13,27,15,27,26,24,24,29,26,26,31,24,29,31,33,41,38,32,26,39,41,38,31,35,37,50,48,27,40,47,28,31,28,29,36,33,28,22,37,31,36,24,28,25,21,17,17,16,24,17,21,24,27,14,27,10,14,18,12,7,7,18,8,7,10,7,11,10,10,9,1,8,5,10,10,2,5,6,5,1,4,6,2,4,5,2,1,0,3,4,2,3,2,1,1,1,1,0,1,0,3,0,2,1,1,2,0,0,0,1,0,0,0,0,0,1,1,0,0,0,0,0,0,0,0,0,0,0,0,0,0,1,0,0,0,0,0,0,0,0,0,0,0,0,0,0,0,0,0,0,0,0,0,0,0,0,0,0,0,0,0,0,0
0,2,1,0,2,3,0,0,4,2,0,2,5,6,1,1,4,1,3,1,5,3,4,6,4,11,6,5,10,8,10,18,16,17,17,16,13,18,17,20,30,16,26,33,18,34,26,34,29,29,39,38,31,20,29,38,38,35,35,32,44,42,36,33,33,30,27,32,39,39,26,22,33,17,21,29,24,23,19,21,30,13,21,20,18,22,26,12,13,18,19,13,18,11,19,10,8,1,11,11,7,13,14,10,9,6,8,6,10,11,1,3,10,4,4,2,1,5,3,4,1,2,0,3,2,3,3,0,2,2,2,1,3,1,1,0,0,1,2,0,1,0,1,0,0,0,0,0,0,0,0,0,0,0,0,0,1,0,0,0,0,0,0,0,0,0,0,1,0,0,0,0,0,0,0,0,0,0,0,0,0,0,0,0,0,0,0,0,0,0,0,0,0,0,0,0,0,0,0,0
1,1,1,0,1,0,0,2,2,1,0,0,0,0,0,2,2,1,0,3,4,5,5,8,2,3,8,11,3,4,9,15,7,10,17,12,27,10,27,14,15,20,25,26,30,22,25,32,30,42,28,27,35,37,32,28,33,32,34,27,40,45,28,23,29,29,26,39,45,39,32,33,27,27,21,24,26,19,24,26,27,18,24,15,16,17,16,12,14,21,14,12,17,12,17,15,15,6,12,4,9,9,9,8,3,7,14,5,6,7,5,10,8,1,1,4,6,1,5,3,7,2,0,3,3,0,1,1,1,1,1,2,4,3,1,3,0,0,0,1,0,0,0,1,2,0,1,0,0,1,0,2,0,0,1,0,0,0,0,0,0,0,0,0,0,1,0,0,0,0,0,0,0,0,0,0,0,0,0,0,0,0,0,0,0,0,0,0,0,0,0,0,0,0,0,0,0,0,0,0
0,0,1,1,0,1,1,1,0,2,1,2,0,3,3,4,3,2,0,1,5,6,4,3,10,5,5,7,5,12,7,20,11,13,11,16,8,15,22,19,19,21,31,27,14,32,24,24,23,29,37,26,29,29,40,21,38,40,31,31,32,30,35,34,29,26,27,37,37,24,41,25,24,25,19,32,30,28,27,26,16,23,11,22,24,19,20,12,16,19,16,21,13,11,21,8,9,13,5,4,13,8,8,4,9,7,8,5,12,10,3,3,3,2,8,2,4,4,1,3,3,5,2,3,4,2,4,3,0,2,2,0,1,0,0,1,3,1,0,1,1,0,1,0,0,0,1,0,0,0,0,0,1,0,0,0,0,0,0,0,0,0,0,0,0,0,0,0,0,0,0,0,0,0,0,0,0,0,0,0,0,0,0,0,0,0,0,0,0,0,0,0,0,0,0,0,0,0,0,0
1,1,1,1,0,0,1,0,0,1,0,3,1,1,3,3,2,1,6,2,6,7,5,4,3,5,3,5,14,10,6,7,8,18,14,12,13,19,18,17,21,26,31,16,23,27,24,19,32,17,27,27,37,27,26,26,38,34,43,39,36,31,34,28,28,32,42,33,28,34,30,26,29,27,26,33,28,21,25,22,36,19,19,18,19,15,27,18,12,13,13,12,9,12,13,9,12,6,6,17,6,6,2,4,10,6,7,8,7,7,4,5,5,5,3,2,6,6,3,3,3,4,2,1,4,3,0,7,1,0,1,0,1,2,0,6,1,0,0,0,1,2,3,2,3,0,0,0,1,0,0,0,0,0,1,0,1,0,0,0,0,0,0,0,0,0,0,0,0,0,0,0,0,0,0,0,0,0,0,0,0,0,0,0,0,0,0,0,0,0,0,0,0,0,0,0,0,0,0,0
0,1,0,0,0,0,2,0,3,0,0,0,2,1,0,2,1,3,4,2,2,6,2,4,5,10,6,4,7,8,15,13,14,18,12,19,15,21,13,19,27,28,24,15,18,16,34,26,22,26,26,30,28,32,28,35,22,31,36,40,27,33,42,20,41,32,40,35,26,27,24,37,31,43,25,29,26,20,26,30,32,22,19,16,18,16,18,22,16,10,14,23,11,13,10,9,18,10,15,13,4,13,6,3,10,8,8,10,12,8,6,5,10,4,3,4,3,5,9,4,4,3,0,0,5,1,3,2,0,0,1,1,0,1,0,0,3,1,0,0,2,0,0,2,1,1,0,0,0,0,0,0,0,0,0,0,0,0,0,0,0,0,0,0,0,0,0,0,0,0,0,0,0,0,0,0,0,0,0,0,0,0,0,0,0,0,0,0,0,0,0,0,0,0,0,0,0,0,0,0
2,1,1,1,0,0,1,0,4,0,0,0,5,2,1,1,1,2,4,4,1,4,7,7,2,11,4,3,9,4,5,8,10,16,9,19,17,11,21,17,16,23,34,21,26,23,21,27,24,23,21,25,26,26,41,33,37,42,37,47,34,31,32,27,44,36,38,30,28,37,29,33,23,18,29,20,28,26,22,26,15,17,24,18,23,14,19,21,14,15,13,12,12,13,9,6,12,8,6,6,8,12,10,6,3,9,10,9,1,4,5,2,2,5,2,6,0,1,1,6,2,4,2,0,4,6,2,1,0,1,0,1,3,0,1,0,1,1,0,0,1,1,1,1,0,0,0,1,0,0,0,0,0,0,0,0,0,0,0,0,0,0,0,0,0,0,0,0,0,0,0,0,0,0,0,0,0,0,0,0,0,0,0,0,0,0,0,0,0,0,0,0,0,0,0,0,0,0,0,0
0,1,0,0,0,0,0,1,3,1,0,0,2,4,1,5,0,1,3,3,6,2,3,3,5,9,5,3,11,7,9,12,11,15,9,10,15,13,14,21,25,16,21,15,18,12,26,29,21,28,35,27,27,32,35,29,31,25,44,33,28,36,32,23,38,29,28,30,19,33,28,25,30,25,17,19,20,27,22,19,16,16,23,20,18,13,19,11,12,12,14,10,12,9,10,15,7,7,8,5,5,6,9,9,8,5,7,5,5,7,3,6,4,4,4,7,6,3,2,2,3,3,1,5,3,0,0,4,2,2,1,1,0,0,0,0,1,2,1,0,0,0,0,1,1,1,1,0,0,0,0,0,0,0,1,0,0,0,0,0,0,0,0,0,0,0,0,0,0,0,0,0,0,0,0,0,0,0,0,0,0,0,0,0,0,0,0,0,0,0,0,0,0,0,0,0,0,0,0,0
0,0,0,0,0,0,0,1,3,1,0,1,1,3,1,3,1,3,3,4,8,3,3,7,2,6,6,11,10,5,7,9,7,12,12,11,15,19,10,18,29,23,20,25,21,28,17,25,21,7,28,34,14,23,24,25,30,30,28,22,30,40,34,32,28,40,22,28,31,22,27,18,23,22,22,23,26,32,22,23,10,30,22,20,13,16,11,17,20,19,17,8,11,13,12,7,13,8,13,7,6,9,13,2,5,8,4,8,10,12,5,4,7,4,7,4,2,3,4,1,3,0,3,5,2,1,1,4,1,1,1,1,3,0,0,2,0,0,0,0,1,0,0,2,1,0,0,0,0,0,0,0,0,0,1,0,0,0,0,0,0,0,0,0,0,0,0,0,0,0,0,0,0,0,0,0,0,0,0,0,0,0,0,0,0,0,0,0,0,0,0,0,0,0,0,0,0,0,0,0
1,2,0,1,1,0,1,1,0,1,0,0,2,1,1,1,2,4,1,2,6,6,2,2,3,10,3,4,10,10,14,17,11,15,20,10,15,13,23,19,24,22,18,23,29,22,24,18,23,21,33,21,29,18,35,27,23,36,35,31,24,32,28,27,32,39,36,25,23,29,19,29,27,21,13,29,25,11,22,25,19,16,13,20,14,14,16,10,12,11,17,11,14,12,14,18,7,13,12,9,4,7,4,8,6,8,8,4,3,2,1,6,5,6,1,6,6,3,3,1,2,2,3,1,3,1,3,2,1,0,0,4,1,0,2,1,0,2,0,0,0,0,2,0,0,0,0,0,0,0,0,0,0,0,0,0,0,0,0,0,0,0,0,0,0,1,0,0,0,0,0,0,0,0,0,0,0,0,0,0,0,0,0,0,0,0,0,0,0,0,0,0,0,0,0,0,0,0,0,0
0,0,0,1,0,0,2,1,0,1,0,1,3,1,1,4,0,1,0,2,2,5,2,4,4,6,4,2,11,6,14,11,11,12,16,11,16,14,15,12,21,21,22,25,17,20,20,20,22,29,28,22,28,27,25,27,24,20,29,31,34,29,29,26,26,24,25,23,17,26,23,22,20,21,22,15,17,28,19,24,26,22,18,19,15,12,16,12,15,10,9,12,8,10,14,10,10,5,15,7,9,7,5,11,7,3,6,7,6,3,7,2,3,4,2,7,2,2,1,2,1,3,1,1,3,2,0,4,3,1,4,3,1,1,1,0,1,2,1,0,0,1,2,0,0,0,0,0,0,1,0,0,0,1,1,0,0,0,0,0,0,0,0,0,0,0,0,0,0,0,0,0,0,0,0,0,0,0,0,0,0,0,0,0,0,0,0,0,0,0,0,0,0,0,0,0,0,0,0,0
1,1,1,0,1,0,0,0,0,0,0,0,2,1,1,5,2,0,3,1,2,2,3,7,3,8,3,7,8,9,5,13,7,9,9,13,12,16,18,11,15,9,17,14,18,13,17,22,27,29,28,28,25,26,29,25,28,28,36,25,40,33,25,39,25,28,21,20,19,23,24,25,24,24,22,19,15,25,13,20,25,26,16,11,20,15,19,12,18,15,16,6,11,10,6,6,5,11,13,6,6,4,6,7,8,3,1,5,6,6,4,4,4,4,1,4,6,4,3,2,5,3,3,0,1,4,2,2,1,2,0,1,0,1,2,1,1,0,1,1,0,0,1,1,0,2,0,0,0,0,0,0,1,0,0,0,0,0,0,0,0,0,0,1,0,0,0,0,0,0,0,0,0,0,0,0,0,0,0,0,0,0,0,0,0,0,0,0,0,0,0,0,0,0,0,0,0,0,0,0
1,0,2,1,1,0,0,1,0,1,0,1,2,2,2,4,1,1,1,4,3,7,5,6,5,2,7,8,9,9,8,11,4,11,13,14,20,12,19,18,25,16,20,15,12,20,17,21,22,12,27,22,31,30,18,30,25,19,33,20,21,31,24,27,33,20,30,25,21,29,21,17,22,18,25,21,17,19,16,11,17,12,21,14,10,15,11,15,7,14,12,8,17,4,8,8,9,7,16,9,7,9,10,5,7,8,4,10,7,7,5,4,2,2,3,0,3,2,3,6,3,0,1,3,2,0,2,1,1,2,4,2,0,1,0,2,0,0,0,0,0,1,0,1,0,0,1,0,1,0,0,0,0,0,1,0,0,1,0,0,0,0,0,0,0,0,0,0,0,0,0,0,0,0,0,0,0,0,0,0,0,0,0,0,0,0,0,0,0,0,0,0,0,0,0,0,0,0,0,0
0,1,1,0,1,0,3,0,1,1,0,1,2,2,1,2,0,2,1,1,4,3,4,5,4,6,7,5,3,14,7,9,6,11,21,6,13,14,15,19,15,22,15,20,16,25,21,16,27,24,23,24,27,27,33,24,34,21,27,23,25,35,31,34,15,33,16,16,24,22,23,21,24,18,25,21,19,13,29,17,26,15,26,21,12,12,9,11,8,15,17,9,15,9,10,11,7,3,11,7,6,8,9,3,3,6,8,6,5,7,4,3,8,1,3,2,5,1,5,2,1,0,2,0,3,1,2,3,2,1,5,0,0,1,0,1,1,0,0,0,0,0,0,1,0,1,1,0,0,1,0,1,0,2,0,0,0,0,0,0,0,0,0,0,0,0,0,0,0,0,0,0,0,0,0,0,0,0,0,0,0,0,0,0,0,0,0,0,0,0,0,0,0,0,0,0,0,0,0,0
0,0,1,0,1,0,0,0,3,3,0,0,3,2,0,1,1,0,3,1,5,2,3,8,4,5,1,5,6,10,7,5,8,11,19,12,13,4,17,14,15,17,22,26,19,16,14,28,23,19,26,23,25,21,21,19,34,25,26,36,21,29,36,24,21,23,28,20,25,26,20,20,12,19,28,18,18,20,25,12,18,18,21,26,19,8,17,22,15,7,8,11,8,10,12,11,13,14,5,8,4,3,3,3,7,7,3,3,3,2,8,6,5,2,7,3,3,3,3,5,4,2,1,2,1,0,0,0,4,1,1,1,0,2,0,1,0,0,0,0,1,0,0,1,0,0,1,1,0,0,0,0,0,0,0,0,0,0,0,0,0,0,0,0,0,0,0,0,0,0,0,1,0,0,0,0,0,0,0,0,0,0,0,0,0,0,0,0,0,0,0,0,0,0,0,0,0,0,0,0
1,1,2,1,0,0,2,0,3,2,1,0,3,0,1,1,3,1,1,0,2,1,4,3,4,5,11,7,8,6,6,14,10,7,11,7,11,16,22,19,20,26,20,21,18,20,22,19,21,18,34,19,27,23,40,22,26,26,26,16,33,33,14,24,26,22,19,28,21,28,22,27,34,31,9,19,20,16,9,18,15,15,18,14,13,11,13,7,8,11,13,11,8,10,12,5,9,6,7,9,7,7,11,5,8,3,4,2,4,7,4,8,7,5,2,2,3,2,2,3,1,1,1,1,2,1,3,2,2,1,0,1,1,1,2,1,0,0,0,1,1,0,0,0,0,0,0,0,0,0,0,1,0,1,1,0,0,0,0,0,0,0,0,0,0,0,0,0,0,0,0,0,0,0,0,0,0,0,0,0,0,0,0,0,0,0,0,0,0,0,0,0,0,0,0,0,0,0,0,0
0,0,0,0,0,0,1,0,1,1,0,2,2,0,2,2,2,1,2,2,4,1,3,4,2,11,8,4,9,2,15,14,6,8,13,14,12,11,18,16,13,12,19,20,13,33,17,25,24,18,21,16,22,24,19,22,26,25,18,22,31,18,26,20,21,22,21,20,31,20,28,21,22,26,24,16,17,16,20,19,17,9,14,17,13,14,15,6,11,10,7,11,13,7,10,11,14,7,10,3,10,5,3,4,3,7,7,8,6,5,3,4,6,6,3,5,2,2,1,3,1,3,1,2,3,1,1,0,3,0,1,1,0,1,1,0,0,0,1,0,1,2,1,0,0,0,2,0,0,0,1,0,0,0,0,0,0,0,0,0,0,0,0,0,0,0,1,0,0,0,0,0,0,0,0,0,0,0,0,0,0,0,0,0,0,0,0,0,0,0,0,0,0,0,0,0,0,0,0,0
1,1,0,0,0,0,1,1,1,1,1,1,1,3,1,2,0,3,1,0,2,3,2,5,5,7,4,9,4,2,6,8,10,5,11,12,16,11,12,17,17,23,16,16,19,17,19,25,18,24,28,18,24,16,20,17,26,22,24,28,24,24,21,17,21,17,21,15,17,15,18,22,21,19,22,24,16,16,22,19,12,17,14,12,10,13,19,13,12,13,10,14,9,5,6,5,7,11,8,7,13,4,6,4,7,2,8,4,2,1,2,5,3,2,4,5,3,1,5,2,2,1,0,0,3,2,0,1,0,0,1,0,4,1,0,2,1,0,0,0,0,2,0,0,0,0,0,0,1,0,0,0,1,0,0,0,0,0,0,0,0,0,0,0,0,0,0,2,1,0,0,0,0,0,0,0,0,0,0,0,0,0,0,0,0,0,0,0,0,0,0,0,0,0,0,0,0,0,0,0
0,1,0,0,0,0,0,2,0,2,0,0,2,0,0,2,1,2,4,3,4,3,4,5,6,6,7,2,4,2,10,12,13,7,11,6,11,14,11,15,12,13,15,18,13,20,20,23,23,14,17,23,23,15,19,28,24,29,29,31,18,28,31,27,15,29,20,25,28,18,19,14,16,21,16,23,21,15,12,13,16,12,9,12,19,12,11,13,12,7,6,11,13,12,11,10,9,5,7,7,7,8,14,2,10,5,7,4,4,2,1,4,3,1,4,3,2,3,2,1,0,1,3,0,0,0,0,1,0,1,0,3,0,0,1,1,1,0,0,0,0,0,0,0,0,1,0,0,0,0,0,0,0,0,0,0,0,0,0,0,0,0,0,0,0,0,2,1,0,1,0,0,0,0,0,0,0,0,0,0,0,0,0,0,0,0,0,0,0,0,0,0,0,0,0,0,0,0,0,0
0,1,1,0,0,0,1,1,1,1,0,0,1,2,3,2,2,2,0,1,3,2,3,4,3,6,4,7,8,8,6,9,5,8,10,12,9,14,13,19,15,13,17,22,10,15,23,19,11,14,22,17,24,22,26,20,22,20,14,28,24,27,28,16,19,24,20,23,23,18,20,12,19,14,26,22,19,10,11,18,17,13,16,14,15,14,13,10,16,6,8,8,7,7,4,4,6,7,4,4,9,6,2,5,3,3,2,2,5,1,6,3,2,2,2,4,3,5,2,1,1,1,0,1,1,2,0,1,2,3,1,0,1,1,2,0,0,3,0,0,0,1,0,0,0,0,0,1,1,0,0,0,0,2,0,0,0,0,0,0,0,0,0,0,0,0,0,0,0,0,0,1,0,0,0,0,0,0,0,0,0,0,0,0,0,0,0,0,0,0,0,0,0,0,0,0,0,0,0,0
0,0,0,0,1,1,0,4,1,0,0,3,0,4,0,3,1,1,2,1,0,2,6,6,6,4,10,4,5,2,10,6,10,10,11,11,8,12,13,10,12,11,15,17,11,18,10,19,24,17,16,23,13,15,23,20,26,26,21,24,19,18,16,18,18,22,18,22,16,20,19,15,19,15,17,21,15,14,24,17,15,19,12,12,5,11,10,2,11,12,8,11,11,8,7,9,8,8,10,5,7,1,8,6,3,4,5,2,1,6,1,6,5,3,3,1,2,3,2,0,2,0,2,1,1,2,0,1,1,1,0,2,2,1,0,0,0,1,1,0,0,0,0,0,1,0,0,0,0,0,0,2,0,0,1,0,0,0,0,0,0,0,0,0,0,0,0,0,0,0,0,0,0,0,0,0,0,0,0,0,0,0,0,0,0,0,0,0,0,0,0,0,0,0,0,0,0,0,0,0
0,0,0,0,0,0,0,0,2,0,0,0,2,0,0,1,2,1,2,2,1,3,2,6,0,6,2,5,4,6,7,7,9,6,11,7,8,9,12,13,8,13,11,16,16,17,13,16,19,24,19,19,28,16,23,21,25,18,12,27,19,33,16,25,19,19,23,15,14,25,21,15,18,18,15,17,12,19,12,11,14,16,15,11,9,9,10,15,5,8,12,6,9,7,9,7,4,6,6,9,12,7,4,2,7,7,4,4,4,5,5,1,1,4,6,0,2,4,2,1,1,2,1,1,1,0,1,2,0,1,0,0,0,0,0,1,0,0,0,0,0,1,0,0,0,0,1,0,0,0,0,0,0,0,0,0,0,0,0,0,0,0,0,0,0,0,0,0,0,0,0,0,0,0,0,0,0,0,0,0,0,0,0,0,0,0,0,0,0,0,0,0,0,0,0,0,0,0,0,0
1,0,0,0,0,0,1,1,2,1,0,0,1,2,0,4,0,0,4,1,3,3,2,5,2,9,6,2,7,4,9,11,9,6,11,13,12,14,12,12,15,10,17,19,13,18,24,13,13,19,15,14,16,10,19,22,22,18,17,22,14,22,19,21,25,19,23,22,22,20,20,19,21,21,7,16,14,18,13,13,10,15,14,9,13,8,12,10,8,11,9,8,7,7,7,2,4,10,5,8,5,3,2,9,5,2,2,3,3,4,2,3,4,3,2,1,1,2,1,1,1,2,0,1,3,0,0,1,1,0,2,0,0,0,0,0,0,0,0,0,1,0,0,0,2,0,1,0,0,0,0,0,0,0,0,0,0,1,0,0,0,1,0,0,0,0,0,0,0,0,0,0,0,0,0,0,0,0,0,0,0,0,0,0,0,0,0,0,0,0,0,0,0,0,0,0,0,0,0,0
2,0,0,0,0,0,0,0,0,0,1,0,3,2,0,1,2,3,0,2,6,6,3,2,3,4,3,4,3,6,3,11,11,13,4,13,8,8,14,8,13,14,13,17,9,14,22,20,15,14,16,22,19,16,18,20,22,30,20,24,19,19,12,13,23,20,22,16,18,16,20,21,26,20,19,8,9,15,18,15,20,12,12,12,7,14,12,9,12,9,8,8,6,10,7,1,9,3,5,6,6,2,8,6,9,6,3,3,2,1,4,7,3,4,1,2,2,1,6,1,3,1,3,3,1,3,0,2,2,1,2,0,0,0,1,1,1,0,0,0,0,0,0,0,0,0,1,0,0,0,0,0,0,0,0,0,0,0,0,0,0,0,0,0,0,0,1,0,1,0,0,0,0,0,0,0,0,0,0,0,1,0,0,0,0,0,0,0,0,0,0,0,0,0,0,0,0,0,0,0
1,0,0,0,0,0,1,0,0,1,0,0,2,0,0,1,2,1,0,0,4,1,2,4,6,3,4,5,2,5,7,9,5,2,13,11,5,6,9,8,14,10,8,13,13,15,17,9,17,23,18,14,20,23,17,22,18,14,28,14,20,22,17,14,22,20,17,25,14,17,15,15,17,12,6,19,15,15,13,12,7,11,15,16,10,6,13,8,9,14,7,6,10,14,9,11,6,4,11,7,7,4,6,5,4,5,4,5,1,4,5,9,2,1,4,1,0,4,0,2,3,0,1,5,2,1,0,0,1,1,1,0,0,2,0,0,1,1,0,1,0,1,0,0,1,0,0,0,0,0,1,0,0,0,0,0,0,0,0,0,0,0,0,0,0,0,0,0,0,0,0,0,0,0,0,0,0,0,0,0,0,0,0,0,0,0,0,0,0,0,0,0,0,0,0,0,0,0,0,0
0,0,0,0,1,1,1,1,1,2,0,1,0,2,0,3,1,0,3,0,3,5,1,7,5,5,4,3,9,7,5,8,2,6,7,7,13,15,7,4,9,12,10,10,20,18,20,15,21,22,14,12,8,16,24,22,22,14,14,14,18,21,15,24,22,17,22,14,19,17,13,10,19,15,11,19,20,16,4,12,7,16,8,16,11,7,7,3,6,11,5,6,11,11,7,1,7,6,8,2,5,5,4,4,5,7,3,2,4,4,3,4,1,0,4,3,3,1,0,2,0,0,0,1,0,0,2,1,1,1,0,0,0,0,0,0,0,2,0,0,0,0,0,0,0,0,0,0,0,0,0,0,0,0,0,0,1,0,0,0,0,0,0,0,0,0,0,0,0,0,0,0,0,0,0,0,0,0,0,0,0,0,0,0,0,0,0,0,0,0,0,0,0,0,0,0,0,0,0,0
0,0,0,1,0,0,1,2,2,3,0,0,2,0,1,1,1,1,3,5,1,7,2,5,0,3,0,7,5,5,4,7,8,4,6,9,11,11,13,12,11,8,17,18,12,11,20,7,17,14,12,19,17,16,25,23,20,18,13,18,22,25,14,22,26,13,17,20,12,17,17,14,13,16,19,15,11,23,9,13,9,12,12,9,10,5,8,7,8,10,8,7,9,14,6,3,6,5,6,3,4,4,6,7,7,3,4,5,5,2,4,4,5,2,3,1,2,3,0,2,1,0,1,0,2,1,2,1,0,1,2,1,2,0,0,2,0,0,1,0,0,0,0,0,0,0,1,0,0,0,0,0,0,0,0,0,0,0,0,0,0,0,0,0,0,0,0,0,0,0,0,0,0,0,0,0,0,0,0,0,0,0,0,0,0,0,0,0,0,0,0,0,0,0,0,0,0,0,0,0
0,0,0,0,0,0,1,0,1,0,0,1,0,2,0,1,1,0,2,1,3,2,2,3,5,7,1,9,5,2,6,8,5,11,8,9,9,11,7,6,16,11,17,14,11,10,14,11,14,12,16,13,20,17,17,14,17,14,16,18,16,19,16,20,4,16,17,14,13,12,12,8,27,12,18,14,12,5,11,14,8,8,13,11,7,6,10,7,6,7,6,7,6,7,9,6,5,2,8,3,4,5,6,5,2,4,2,3,1,5,1,3,4,2,5,4,0,3,2,3,2,0,2,5,1,0,2,0,0,0,0,1,1,2,0,0,0,0,1,0,0,0,0,0,0,0,1,0,0,0,0,0,0,0,0,0,0,0,0,0,0,0,0,0,0,0,0,0,0,0,0,0,0,0,0,0,0,0,0,0,0,0,0,0,0,0,0,0,0,0,0,0,0,0,0,0,0,0,0,0
0,0,0,0,0,0,1,0,1,2,1,0,4,4,0,3,0,0,0,2,4,2,3,9,0,2,5,4,5,8,1,8,1,8,13,6,5,6,10,12,12,10,11,9,15,17,10,19,19,19,26,14,9,21,14,11,10,13,12,14,17,17,25,22,20,25,23,16,19,12,17,17,13,12,13,11,13,10,9,12,8,10,15,13,14,7,6,12,6,9,4,6,10,8,3,5,8,1,5,3,8,6,4,5,2,1,3,1,1,4,0,2,3,2,2,4,2,0,2,2,2,1,1,4,2,0,0,1,0,1,1,0,0,1,0,0,0,0,0,0,1,1,1,0,0,0,0,1,1,0,0,0,0,0,0,0,0,0,0,0,0,0,0,0,0,0,0,0,0,0,0,0,0,0,0,0,0,0,0,0,0,0,0,0,0,0,0,0,0,0,0,0,0,0,0,0,0,0,0,0
0,0,0,0,0,0,2,1,1,0,0,1,1,2,1,0,0,1,2,4,2,0,1,1,6,5,1,2,8,4,6,6,5,8,12,13,14,6,18,11,8,8,10,16,5,9,17,15,9,18,16,18,19,24,23,13,21,22,26,16,18,16,21,15,18,18,11,20,10,15,17,14,10,9,9,11,14,11,20,7,8,7,9,9,14,8,15,9,2,4,4,4,6,8,8,4,2,3,3,10,7,3,3,2,5,1,4,4,3,4,1,3,2,1,1,3,2,0,2,2,0,3,2,0,1,0,0,3,1,0,1,0,1,1,1,3,0,0,0,1,2,0,0,0,0,0,0,0,1,0,0,0,0,0,0,0,0,0,0,0,0,0,0,0,0,0,0,0,0,0,0,0,0,0,0,0,0,0,0,0,0,0,0,0,0,0,0,0,0,0,0,0,0,0,0,0,0,0,0,0
1,0,0,0,0,0,1,0,0,1,0,0,5,1,3,1,0,2,0,2,2,3,0,1,2,6,3,2,0,2,6,5,9,9,9,9,6,10,8,11,12,11,13,10,8,9,12,15,13,17,15,18,14,8,13,16,25,16,11,19,11,17,19,22,13,14,19,9,13,11,16,12,19,13,10,14,10,10,8,12,8,18,7,8,12,13,10,6,9,7,11,4,3,5,3,7,10,4,12,2,11,2,1,3,3,9,8,4,1,2,3,3,5,0,3,2,4,4,1,1,1,1,2,1,1,0,3,2,2,1,1,0,2,1,1,1,1,1,1,0,1,0,2,0,1,0,0,0,1,0,0,0,0,0,0,0,0,0,0,0,0,0,0,0,0,0,0,0,0,0,0,0,0,0,0,0,0,0,0,0,0,0,0,0,0,0,0,0,0,0,0,0,0,0,0,0,0,0,0,0
1,0,0,0,1,0,0,0,1,1,0,0,3,1,1,1,2,1,0,1,1,3,2,1,3,2,4,4,4,3,6,7,3,5,8,5,8,8,10,5,15,16,11,9,14,8,8,11,19,20,18,13,13,16,18,5,17,15,16,13,18,23,18,14,10,9,14,16,23,12,12,11,14,14,14,7,5,10,9,8,10,8,6,9,11,4,12,4,6,2,10,4,7,5,3,6,8,4,3,4,2,3,4,2,3,1,5,2,4,0,5,1,2,0,1,2,1,0,0,0,2,0,0,1,0,2,0,0,0,1,0,1,2,1,1,0,0,1,0,1,0,0,0,1,0,0,0,0,0,0,0,0,0,0,0,0,0,0,0,0,0,0,0,0,0,0,0,0,0,0,0,0,0,0,0,0,0,0,0,0,0,0,0,0,0,0,0,0,0,0,0,0,0,0,0,0,0,0,0,0
1,0,0,0,0,0,0,0,1,1,0,0,1,3,1,1,0,0,1,3,3,1,4,2,0,3,4,4,4,1,4,9,3,4,10,7,6,3,7,8,7,8,6,9,11,20,11,11,12,15,19,13,18,16,12,14,15,18,15,13,15,17,18,17,15,15,9,17,23,14,10,13,15,9,14,11,10,9,8,16,9,11,13,9,13,9,7,9,5,10,4,8,9,5,2,3,5,4,6,5,2,2,2,2,5,3,3,3,1,4,3,4,3,3,3,2,2,0,2,0,3,2,0,0,1,1,1,1,0,1,1,1,0,0,0,0,1,0,0,0,0,0,0,1,0,0,0,0,0,0,1,0,0,0,0,0,0,0,0,0,0,0,0,0,0,0,0,0,0,1,0,0,0,0,0,0,0,0,0,0,0,0,0,0,0,0,0,0,0,0,0,0,0,0,0,0,0,0,0,0
0,1,0,0,2,0,0,1,0,0,0,0,3,1,0,0,0,2,0,1,2,2,3,1,1,5,1,4,5,1,4,8,7,4,8,6,10,5,6,12,14,8,9,9,9,8,6,14,10,9,15,12,20,13,17,15,18,14,16,9,15,23,15,13,14,10,21,14,7,8,11,11,12,9,6,13,11,11,8,11,9,10,10,14,12,15,10,8,8,6,9,13,13,4,5,4,2,4,6,2,5,0,7,3,3,2,2,0,2,3,5,0,2,1,3,1,2,1,0,2,1,1,1,3,0,2,0,3,0,4,0,0,0,0,2,0,1,0,1,0,1,0,0,0,0,1,0,0,0,0,0,0,0,0,0,0,0,0,0,0,0,0,0,0,0,0,0,0,0,0,0,0,0,0,0,0,0,0,0,0,0,0,0,0,0,0,0,0,0,0,0,0,0,0,0,0,0,0,0,0
0,0,0,0,1,0,1,0,0,4,0,0,1,1,0,1,2,2,1,0,2,4,0,2,1,3,5,4,7,3,6,3,6,5,2,6,12,5,5,17,8,9,9,12,14,6,11,10,13,12,13,12,14,11,15,20,20,10,17,13,19,17,9,15,16,10,9,15,16,13,12,7,10,13,15,11,11,12,15,14,13,8,8,9,9,6,6,9,6,6,6,8,4,11,2,7,5,3,1,4,5,3,6,4,3,2,2,3,1,5,3,1,2,4,2,1,2,2,3,1,2,2,2,1,0,0,1,2,0,0,1,1,0,1,0,1,2,0,1,0,0,0,0,0,0,0,0,0,0,0,0,0,0,0,0,0,0,0,0,0,0,0,0,0,0,0,0,0,0,0,0,0,0,0,0,0,0,0,0,0,0,0,0,0,0,0,0,0,0,0,0,0,0,0,0,0,0,0,0,0
1,0,0,0,1,1,1,2,1,1,2,0,1,0,0,1,1,3,0,2,3,1,2,0,3,3,1,5,3,4,6,6,7,4,11,7,4,13,14,5,8,10,6,12,6,9,19,9,7,13,15,10,9,11,15,18,18,11,12,11,14,11,15,16,20,10,16,12,16,20,11,7,8,9,5,8,14,11,6,5,10,6,16,10,3,14,11,10,0,11,7,6,4,4,4,3,3,9,5,3,5,1,4,3,7,5,2,3,5,4,6,3,1,4,2,2,4,0,1,0,2,1,1,0,2,1,0,1,1,2,1,1,1,3,0,1,0,0,0,0,0,1,0,1,0,1,0,0,0,0,0,0,0,0,0,1,0,0,0,0,0,0,0,0,0,0,0,0,0,0,0,0,0,0,0,0,0,0,0,0,0,0,0,0,0,0,0,0,0,0,0,0,0,0,0,0,0,0,0,0
0,0,0,0,1,0,0,0,2,1,0,1,0,0,0,1,2,1,2,0,5,3,1,2,2,6,2,3,2,6,6,10,7,3,9,5,11,5,10,9,5,7,11,11,9,14,9,13,11,16,8,11,15,17,12,15,16,17,12,14,17,17,18,12,18,9,17,15,10,13,19,16,15,11,9,13,7,5,14,6,13,13,15,14,13,8,10,8,5,6,8,8,6,7,7,6,5,3,6,6,3,3,2,3,3,1,5,2,3,1,3,2,2,3,1,1,1,2,0,2,1,1,1,4,0,1,0,1,0,0,0,1,0,0,0,0,0,0,1,0,0,0,0,0,1,0,0,0,0,0,0,1,0,0,0,0,0,0,0,0,0,0,0,0,0,0,0,0,0,0,0,0,0,0,0,0,0,0,0,0,0,0,0,0,0,0,0,0,0,0,0,0,0,0,0,0,0,0,0,0
0,1,0,1,0,0,0,0,1,1,0,0,2,1,0,2,0,4,3,0,2,3,3,6,2,4,2,5,2,2,4,7,9,5,5,4,9,7,11,10,16,11,9,9,9,10,9,10,11,15,14,16,10,11,8,12,15,12,19,15,11,16,18,8,12,12,9,13,8,9,8,12,18,9,8,9,5,8,10,12,7,14,12,7,4,10,9,9,3,3,6,8,5,5,4,1,5,2,3,1,2,4,2,3,3,3,4,3,3,3,1,0,0,0,1,3,1,1,4,1,0,0,0,0,1,0,1,1,0,2,0,0,0,2,0,0,0,0,0,0,0,0,0,1,0,0,0,0,0,0,0,0,0,0,0,0,0,0,0,0,0,0,0,0,0,0,0,0,0,0,0,0,0,0,0,0,0,0,0,0,0,0,0,0,0,0,0,0,0,0,0,0,0,0,0,0,0,0,0,0
0,0,0,0,0,0,1,0,1,2,0,0,1,1,0,0,2,0,0,1,1,2,2,1,1,5,3,0,3,5,4,6,4,4,4,6,1,9,5,4,11,15,5,10,9,11,10,9,15,12,12,6,5,14,10,10,8,19,12,10,14,12,13,10,14,11,11,14,9,13,13,8,9,10,12,13,6,9,14,8,9,8,4,11,4,5,9,5,6,3,6,3,2,3,7,3,2,4,6,1,2,2,2,5,3,4,3,2,5,3,0,2,1,1,4,1,1,1,1,1,2,0,0,2,2,1,1,0,0,0,0,1,0,0,1,1,1,0,1,1,0,1,0,0,0,1,0,0,0,0,0,0,1,0,0,0,0,0,0,0,0,0,0,0,0,0,0,0,0,0,0,0,0,0,0,0,0,0,0,0,0,0,0,0,0,0,0,0,0,0,0,0,0,0,0,0,0,0,0,0
0,0,0,0,0,0,0,1,0,0,0,0,4,0,0,2,2,2,1,2,4,4,3,2,1,2,5,3,3,5,5,8,10,3,4,5,12,6,5,12,9,4,7,8,13,8,12,11,16,12,17,16,7,13,15,13,11,10,14,13,9,14,15,12,17,8,10,8,11,12,11,11,7,8,10,14,11,10,12,8,5,16,9,7,8,12,4,9,4,4,4,5,3,6,4,5,3,7,6,3,3,0,3,1,2,3,0,2,2,2,3,3,1,2,1,1,4,1,2,3,0,0,3,0,1,1,0,0,1,1,0,0,0,0,0,1,0,1,0,0,0,1,0,1,0,0,0,0,0,0,0,0,0,0,0,0,0,0,0,0,0,0,0,0,0,0,0,0,0,0,0,0,0,0,0,0,0,0,0,0,0,0,0,0,0,0,0,0,0,0,0,0,0,0,0,0,0,0,0,0
1,0,0,0,0,0,1,0,0,1,0,0,0,0,0,2,0,1,1,1,0,1,1,3,3,2,2,4,1,3,4,2,6,2,6,8,10,9,7,7,8,6,7,9,10,9,5,10,13,8,9,8,12,14,6,9,20,15,10,13,16,13,13,10,11,12,12,15,20,13,11,18,8,11,3,12,12,15,7,6,6,6,10,5,5,7,8,7,3,4,3,2,2,3,4,1,2,1,4,2,4,5,4,1,5,1,3,1,2,0,2,2,1,2,4,0,2,4,0,1,1,1,3,2,0,0,2,1,0,1,1,2,0,0,0,0,1,0,0,0,0,1,1,0,1,0,0,0,0,0,0,0,0,0,0,0,1,0,0,0,0,0,0,0,0,0,0,0,0,0,0,0,0,0,0,0,0,0,0,0,0,0,0,0,0,0,0,0,0,0,0,0,0,0,0,0,0,0,0,0
0,0,0,0,0,0,1,0,2,0,0,0,1,1,0,0,1,0,0,1,0,1,1,2,6,0,2,1,6,2,5,11,8,8,2,6,6,5,8,7,5,5,13,7,10,13,12,11,8,11,13,13,16,14,16,7,12,9,5,15,12,13,7,6,19,7,11,12,5,8,10,11,8,7,9,7,8,6,9,4,1,8,9,8,4,10,7,8,3,6,2,9,8,2,2,6,8,2,5,7,1,2,2,4,2,5,0,1,1,2,2,2,2,1,2,1,4,0,1,0,0,0,1,2,0,0,1,1,2,1,0,1,1,0,0,0,0,0,0,0,0,0,1,0,0,0,0,0,0,0,0,0,0,0,0,0,0,0,0,0,0,0,0,0,0,0,0,0,0,0,0,0,0,0,0,0,0,0,0,0,1,0,0,0,0,0,0,0,0,0,0,0,0,0,0,0,0,0,0,0
1,1,1,0,0,0,0,1,1,3,0,0,0,1,3,0,1,2,0,0,2,0,5,3,0,2,3,3,2,5,4,4,6,6,5,7,6,7,5,5,8,8,7,6,9,9,12,17,16,11,6,12,14,16,15,14,15,11,15,12,13,8,10,9,12,7,13,11,13,14,10,8,9,7,7,18,4,9,4,15,6,14,7,6,5,5,5,5,5,2,6,8,5,3,5,3,9,4,2,5,2,2,6,6,3,0,1,2,1,3,2,2,5,1,1,1,2,0,0,3,1,0,1,1,1,0,0,0,0,1,1,0,0,0,0,1,0,0,0,1,0,0,0,1,0,0,0,0,0,0,0,0,0,0,0,0,0,0,0,0,0,0,0,0,0,0,0,0,0,0,0,0,0,0,0,0,0,0,0,0,0,0,0,0,0,0,0,0,0,0,0,0,0,0,0,0,0,0,0,0
0,0,0,0,0,0,0,2,0,0,0,0,0,0,0,1,0,2,2,0,2,2,3,1,0,1,3,3,2,5,2,4,3,6,7,11,8,5,10,11,10,3,9,7,7,11,9,14,13,14,14,10,14,15,9,9,15,13,13,12,14,6,11,10,9,9,14,14,11,10,10,9,12,5,11,11,6,7,6,10,4,6,10,2,5,2,5,5,3,5,3,1,4,2,5,1,2,2,5,1,2,2,6,4,4,2,6,0,2,1,2,1,0,0,1,0,0,1,1,0,2,0,0,1,3,2,0,0,1,1,1,1,1,0,1,0,0,1,0,0,0,0,0,0,2,0,1,0,0,0,0,0,0,0,0,0,0,0,0,0,0,0,0,0,0,0,0,0,0,0,0,0,0,0,0,0,0,0,0,0,0,0,0,0,0,0,0,0,0,0,0,0,0,0,0,0,0,0,0,0
0,0,1,0,0,0,0,0,1,1,0,0,0,0,1,0,3,1,2,0,0,1,0,3,1,6,2,3,3,2,1,3,3,5,6,3,5,3,11,5,14,7,10,4,5,9,6,8,13,13,17,6,13,10,13,16,17,15,13,12,16,12,9,15,12,13,7,8,8,12,13,6,12,6,9,2,1,5,10,8,4,13,2,8,3,8,10,3,9,3,5,6,7,3,0,3,4,2,4,2,3,3,1,6,3,1,3,2,2,0,1,3,1,0,2,2,0,2,1,1,0,0,1,1,0,2,0,0,1,0,0,1,2,0,0,1,0,0,0,0,0,1,0,0,0,0,0,0,0,0,0,1,0,0,0,0,0,0,0,0,0,0,0,0,0,0,0,0,0,0,0,0,0,0,0,0,0,0,0,0,0,0,0,0,0,0,0,0,0,0,0,0,0,0,0,0,0,0,0,0
0,0,1,0,1,0,0,1,0,1,0,1,0,2,0,0,0,1,1,4,3,3,0,4,2,2,2,5,0,2,3,6,6,7,7,6,0,6,8,5,9,12,7,9,4,12,14,7,6,10,15,14,13,10,13,11,21,10,18,7,9,11,11,7,7,7,15,12,15,4,11,6,9,10,6,9,5,7,4,8,5,8,6,5,9,7,3,7,7,2,6,7,6,3,5,6,4,0,5,7,2,0,4,5,0,2,0,3,2,2,0,1,1,2,1,1,2,3,1,1,0,0,1,2,0,2,0,0,0,0,0,1,1,0,2,2,0,0,1,0,0,0,0,1,0,0,1,1,0,0,0,0,0,0,1,0,0,0,0,0,0,0,0,0,0,0,0,0,1,0,0,0,0,0,0,0,0,0,0,0,0,0,0,0,0,0,0,0,0,0,0,0,0,0,0,0,0,0,0,0
0,1,0,0,0,0,0,1,1,1,0,1,0,0,0,0,1,1,1,1,1,1,0,2,0,1,2,2,2,4,4,9,2,4,8,4,3,5,5,5,6,4,7,6,5,7,7,3,11,7,7,11,7,9,6,11,8,9,11,19,10,9,11,10,9,10,9,9,8,10,6,8,2,7,9,6,5,7,11,8,10,6,7,1,1,8,3,8,5,7,8,4,1,3,2,7,6,4,6,3,6,2,3,2,0,1,3,2,2,0,2,4,0,4,0,1,3,0,1,1,1,0,1,2,0,1,0,2,0,0,1,1,1,0,0,0,0,0,0,0,0,0,0,0,0,0,0,0,0,0,0,0,0,0,1,0,0,0,1,0,0,0,0,0,0,0,0,0,0,0,0,0,0,0,0,0,0,0,0,0,0,0,0,0,0,0,0,0,0,0,0,0,0,0,0,0,0,0,0,0
1,0,0,1,1,0,0,0,1,0,0,0,1,0,0,0,0,3,3,1,1,1,3,1,1,3,3,2,4,1,3,7,4,4,8,1,4,10,6,6,13,10,8,5,1,9,4,11,11,9,18,14,14,5,10,8,11,6,13,7,11,14,12,10,14,7,7,11,8,7,5,14,8,3,10,10,14,10,3,4,3,4,7,4,6,10,6,2,3,5,6,1,2,2,5,3,5,4,4,2,3,2,4,2,2,1,1,3,1,2,1,0,2,0,0,3,2,0,0,2,0,0,1,2,0,1,0,0,0,0,1,0,0,0,1,1,0,0,1,0,0,0,1,0,0,0,0,0,0,0,0,0,0,0,0,0,0,0,0,0,0,0,0,0,0,0,0,0,0,0,0,1,0,0,0,0,0,0,0,0,0,0,0,0,0,0,0,0,0,0,0,0,0,0,0,0,0,0,0,0
0,0,0,1,0,0,1,1,0,0,0,0,1,1,0,4,1,0,2,0,1,1,1,1,4,3,0,0,1,1,4,3,1,6,8,6,7,4,6,7,10,4,3,3,7,9,10,12,8,14,10,5,4,9,8,11,16,6,6,15,3,8,13,2,10,9,7,6,7,8,14,10,12,6,5,9,4,4,4,7,5,2,2,2,5,3,5,6,2,6,5,2,4,2,5,3,3,2,4,3,4,1,3,1,3,0,3,3,0,3,1,2,1,0,1,3,1,1,1,0,1,0,0,0,0,0,0,1,0,1,0,0,1,0,0,1,0,1,0,0,0,0,1,0,0,0,0,0,0,0,0,0,0,0,1,0,0,0,0,0,0,1,0,0,0,0,0,0,0,0,0,0,0,0,0,0,0,0,0,0,0,0,0,0,0,0,0,0,0,0,0,0,0,0,0,0,0,0,0,0
0,0,0,0,0,0,0,0,0,1,0,0,0,1,0,3,0,2,1,2,0,2,3,2,3,0,1,4,2,3,4,7,3,3,5,4,5,8,5,6,10,5,11,8,2,6,9,6,8,8,10,5,11,11,12,10,10,7,11,7,6,14,4,11,14,6,10,10,6,10,5,10,5,5,8,6,6,3,8,10,2,12,5,4,3,4,4,4,2,4,4,3,3,2,3,6,1,3,4,1,1,4,3,1,1,1,1,3,3,1,0,2,1,1,0,0,2,0,1,1,1,0,2,0,0,0,0,1,0,1,0,0,1,0,0,0,0,0,0,0,0,0,0,0,0,0,0,0,0,2,0,0,0,0,0,0,0,0,0,0,0,1,0,0,0,0,0,0,0,0,0,0,0,0,0,0,0,0,0,0,0,0,0,0,0,0,0,0,0,0,0,0,0,0,0,0,0,0,0,0
0,0,0,0,1,0,2,0,1,1,0,0,0,0,0,0,0,0,0,2,0,1,2,3,0,1,1,1,6,7,4,6,1,2,5,2,1,9,7,3,6,5,5,5,4,10,7,10,5,7,14,9,4,5,7,4,12,10,8,12,11,12,6,10,10,4,8,10,11,9,10,12,6,9,9,10,4,9,3,7,10,2,8,3,9,1,2,5,8,2,3,2,3,2,4,3,0,2,3,3,6,1,2,2,4,1,2,1,5,2,3,1,0,1,1,0,2,0,2,0,0,0,0,1,1,0,2,0,1,1,0,1,0,1,0,0,1,0,0,1,0,0,0,0,0,0,0,0,0,0,0,0,1,0,0,0,0,0,0,0,0,1,0,0,0,0,0,0,0,0,0,0,0,0,0,0,0,0,0,0,0,0,0,0,0,0,0,0,0,0,0,0,0,0,0,0,0,0,0,0
0,0,0,0,0,0,0,0,0,0,0,1,2,0,0,1,2,0,3,1,1,2,1,1,1,3,0,3,1,3,1,4,9,4,4,3,3,5,7,2,9,4,8,10,7,9,10,4,5,19,19,7,8,8,8,15,11,16,11,8,10,14,10,9,8,7,11,8,9,2,8,11,12,9,5,7,8,9,6,7,3,4,9,5,6,6,1,3,5,1,5,3,5,4,6,3,2,5,3,1,3,6,3,2,2,1,3,1,1,0,4,0,1,1,0,1,2,3,0,0,3,0,1,0,1,1,3,1,1,0,0,1,1,1,1,0,0,0,0,0,1,0,0,0,0,1,0,0,0,0,0,0,0,0,0,0,0,0,0,0,0,0,0,0,0,0,0,0,0,0,0,0,0,0,0,0,0,0,0,0,0,0,0,0,0,0,0,0,0,0,0,0,0,0,0,0,0,0,0,0
0,0,0,0,0,0,0,1,0,1,0,1,1,1,0,2,0,0,2,4,0,2,2,1,2,5,0,2,2,4,3,3,4,5,7,3,4,5,2,8,6,9,8,5,10,10,7,9,8,10,6,8,13,8,7,5,8,12,11,12,9,6,12,6,12,9,7,9,10,13,13,10,8,8,5,9,8,9,6,1,4,7,3,3,3,5,1,3,7,6,1,2,3,3,2,0,2,4,1,3,2,8,1,2,1,1,0,1,2,0,2,2,2,0,0,3,1,0,1,0,0,0,0,0,0,0,0,0,0,2,0,0,0,0,0,0,0,0,0,0,0,0,0,0,0,0,0,0,0,0,0,0,0,0,0,0,0,0,1,0,0,0,0,0,0,0,0,0,0,0,0,0,0,0,0,0,0,0,0,0,0,0,0,0,0,0,0,0,0,0,0,0,0,0,0,0,0,0,0,0
0,1,0,0,1,0,2,2,0,0,0,1,0,0,0,0,1,1,1,0,2,1,1,2,3,1,3,2,4,1,2,6,2,4,2,5,12,2,3,5,7,4,5,5,5,4,8,10,6,4,11,10,13,12,15,9,5,9,9,10,6,17,5,8,9,3,15,3,8,6,7,10,7,8,8,6,4,4,4,7,7,9,5,5,3,1,7,6,4,4,6,1,10,1,2,5,4,3,6,3,1,2,3,3,1,2,0,3,1,3,1,0,4,0,2,3,0,1,0,0,0,2,0,0,0,0,0,1,0,0,0,1,0,0,0,0,0,0,0,1,0,0,0,0,0,0,0,0,0,0,0,0,0,0,0,0,0,0,0,0,0,0,0,0,0,0,0,0,0,0,0,0,0,0,0,0,0,0,0,0,0,0,0,0,0,0,0,0,0,0,0,0,0,0,0,0,0,0,0,0
0,0,0,0,0,0,0,1,0,1,0,0,1,1,2,1,2,0,3,0,3,3,2,2,3,1,2,4,1,3,2,5,2,5,3,2,4,4,9,4,3,6,7,3,6,11,6,7,7,5,14,6,9,9,12,5,12,9,6,8,10,11,7,11,12,7,6,8,8,10,7,3,5,10,9,9,5,2,5,9,2,5,7,5,6,5,0,2,3,6,0,3,7,2,3,0,6,1,2,1,3,3,1,2,1,1,4,1,1,3,0,2,1,3,3,1,2,1,1,3,1,0,0,1,0,1,0,0,0,0,0,1,0,0,0,0,0,0,0,0,1,0,0,0,1,0,0,0,1,0,0,0,0,0,0,0,0,0,0,0,0,0,0,0,0,0,0,0,0,0,0,0,0,0,0,0,0,0,0,0,0,0,0,0,0,0,0,0,0,0,0,0,0,0,0,0,0,0,0,0
0,0,0,0,0,0,0,0,0,2,0,0,1,0,0,0,3,1,1,0,1,6,0,3,1,4,1,0,0,3,2,3,1,1,5,2,6,4,5,3,2,5,9,15,7,7,3,9,6,8,11,4,6,14,6,11,7,7,9,7,5,10,5,7,7,12,11,3,11,7,5,4,5,5,4,2,1,3,5,10,4,7,3,10,3,2,4,5,5,5,4,2,1,1,0,3,3,4,4,4,0,1,2,0,1,1,4,2,2,1,1,1,0,2,0,1,0,0,1,2,0,1,0,0,2,0,0,0,0,0,0,0,1,1,1,0,1,0,0,0,1,0,1,0,0,0,1,0,0,0,0,0,0,0,0,0,0,0,1,0,0,0,0,0,0,0,0,0,0,0,0,0,0,0,0,0,0,0,0,0,0,0,0,0,0,0,0,0,0,0,0,0,0,0,0,0,0,0,0,0
0,0,1,0,0,0,0,0,1,0,0,0,0,0,0,0,1,1,0,1,0,0,1,1,1,5,1,3,2,2,2,2,2,1,2,5,0,4,1,5,8,6,3,9,4,10,7,3,9,6,6,6,9,9,10,7,12,12,10,7,7,4,11,11,18,7,6,7,5,9,8,6,6,8,5,6,3,4,7,4,1,5,7,1,7,5,4,2,2,3,2,1,3,3,4,3,3,0,5,1,2,4,1,1,0,0,2,4,0,1,2,0,1,3,1,0,0,1,0,0,0,1,0,1,2,0,0,2,0,0,0,1,0,0,0,0,2,0,0,0,0,0,0,0,1,0,0,0,0,0,0,0,0,0,0,0,0,0,0,0,0,0,0,0,0,0,0,0,0,0,0,0,0,0,0,0,0,0,0,0,0,0,0,0,0,0,0,0,0,0,0,0,0,0,0,0,0,0,0,0
0,0,0,0,0,0,0,0,1,0,0,1,0,1,0,0,0,0,0,0,1,1,2,4,1,1,2,1,1,1,3,3,1,1,4,6,5,8,7,3,4,3,7,6,5,7,13,7,7,8,6,9,9,5,11,11,5,6,8,6,6,11,9,9,12,10,8,3,6,5,4,2,7,7,5,11,7,4,3,2,6,4,3,3,5,2,1,2,1,3,2,0,3,1,4,4,2,4,3,0,3,2,4,3,1,1,2,1,3,1,4,0,0,0,0,2,0,1,1,1,1,0,2,0,1,0,1,0,0,0,0,0,0,0,0,0,0,0,0,0,0,0,0,0,0,0,0,0,0,0,0,0,0,0,0,0,0,0,0,0,0,0,0,0,0,0,0,0,0,0,0,0,0,0,0,0,0,0,0,0,0,0,0,0,0,0,0,0,0,0,0,0,0,0,0,0,0,0,0,0
0,0,0,0,0,0,1,1,0,2,0,0,0,1,1,0,0,0,0,1,0,1,2,3,2,2,0,4,1,4,1,3,2,4,6,2,4,4,1,5,5,5,13,5,6,6,8,4,5,9,8,7,9,8,6,9,5,8,9,11,5,3,9,9,9,10,7,8,5,9,7,7,5,12,4,10,4,9,3,4,10,7,3,5,4,3,2,1,5,1,5,4,3,1,3,3,2,4,4,2,2,1,5,2,1,2,1,1,2,1,1,0,2,0,0,0,2,3,2,1,0,1,2,1,1,1,0,1,0,2,0,0,1,0,0,1,0,1,0,0,0,0,0,0,0,0,0,0,0,0,0,0,0,0,0,0,0,0,0,0,0,0,0,0,0,0,0,0,0,0,0,0,0,0,0,0,0,0,0,0,0,0,0,0,0,0,0,0,0,0,0,0,0,0,0,0,0,0,0,0
0,0,0,0,0,0,1,0,0,1,0,0,0,0,1,0,1,1,0,0,1,2,0,1,0,2,0,1,2,4,5,2,3,3,3,4,6,5,4,5,9,4,4,3,4,7,9,7,8,7,12,10,10,6,7,6,7,2,10,11,7,9,8,4,7,10,8,3,4,3,6,3,3,6,6,10,5,2,2,3,4,3,5,1,11,0,4,5,4,3,2,4,1,6,1,2,5,1,1,2,4,3,0,1,0,2,2,1,3,2,1,1,4,3,0,1,0,3,1,0,1,0,1,1,0,0,0,0,1,0,0,0,0,0,0,0,0,0,0,0,0,1,1,0,0,0,0,0,0,0,0,0,0,0,0,0,0,0,0,0,0,0,0,0,0,0,0,0,0,0,0,0,0,0,0,0,0,0,0,0,0,0,0,0,0,0,0,0,0,0,0,0,0,0,0,0,0,0,0,0
1,2,0,1,0,0,0,0,0,1,0,0,0,0,1,1,2,2,0,5,1,2,0,3,0,4,2,3,3,1,0,2,2,5,3,3,2,9,5,8,8,4,9,5,6,3,10,10,3,11,10,5,11,8,10,5,8,12,6,6,9,6,5,5,9,4,8,3,12,8,7,4,9,9,8,1,7,9,7,7,13,5,3,1,3,3,1,5,3,4,5,4,3,4,0,1,1,1,3,3,3,1,2,0,1,2,1,3,2,2,1,0,0,0,0,0,0,1,0,0,0,2,0,2,1,0,0,1,1,0,0,0,1,0,0,0,0,0,0,0,0,0,0,0,0,0,0,0,0,0,0,0,0,0,0,0,0,0,0,0,0,0,0,0,0,0,0,0,0,0,0,0,0,0,0,0,0,0,0,0,0,0,0,0,0,0,0,0,0,0,0,0,0,0,0,0,0,0,0,0
0,0,0,0,0,0,0,0,1,0,0,0,0,0,0,2,1,1,4,0,1,1,0,4,1,2,1,3,3,0,3,2,0,4,2,2,6,2,5,6,3,6,5,8,4,9,6,11,11,8,9,8,7,6,6,5,8,4,8,2,8,4,2,4,2,4,10,6,9,6,11,7,8,6,2,9,4,5,5,5,3,3,0,1,3,3,0,3,6,2,1,2,1,2,2,5,2,1,1,1,2,4,4,1,4,3,1,0,3,1,0,3,1,0,0,0,2,0,2,1,2,1,0,0,0,0,0,0,0,0,0,0,2,1,0,0,0,0,0,0,0,1,0,0,0,0,0,0,0,0,0,0,0,0,0,0,0,1,0,0,0,0,0,0,0,0,0,0,0,0,0,0,0,0,0,0,0,0,0,0,0,0,0,0,0,0,0,0,0,0,0,0,0,0,0,0,0,0,0,0
0,0,0,0,0,0,0,0,1,0,1,0,0,2,0,1,0,0,1,0,0,0,3,1,0,1,4,0,2,3,2,1,3,3,3,5,5,5,8,6,6,2,2,9,4,3,7,6,6,6,6,6,3,7,11,5,11,3,7,3,6,1,8,6,11,9,7,7,5,5,7,8,6,3,7,7,7,6,4,5,1,5,1,4,5,5,1,7,1,5,2,5,4,2,2,1,3,4,0,0,1,1,1,1,4,2,0,0,0,0,1,0,0,1,1,2,0,0,1,1,0,0,0,0,0,1,0,0,0,0,0,0,0,0,0,1,0,0,0,0,0,0,1,0,1,0,0,0,0,0,1,0,0,0,0,0,0,0,0,0,0,0,0,0,0,0,0,0,0,0,0,0,0,0,0,0,0,0,0,0,0,0,0,0,0,0,0,0,0,0,0,0,0,0,0,0,0,0,0,0
0,0,0,1,1,0,0,0,0,0,0,0,0,0,0,0,2,0,0,0,1,0,0,1,1,4,2,3,1,1,2,2,4,1,2,4,8,3,1,3,4,4,3,11,3,5,6,3,5,8,6,1,5,6,3,4,10,10,7,9,4,9,6,12,7,4,7,5,6,3,5,7,9,4,4,11,8,6,5,6,6,3,4,6,3,4,4,5,2,6,1,1,2,5,1,2,0,4,1,0,1,2,3,2,4,1,0,1,1,2,0,0,1,1,1,3,0,0,0,0,2,0,0,1,1,0,0,0,0,0,0,0,2,1,0,0,0,1,0,0,0,0,0,0,0,0,0,0,0,0,0,0,0,0,0,0,0,0,0,0,0,0,0,0,0,0,0,0,0,0,0,0,0,0,0,0,0,0,0,0,0,0,0,0,0,0,0,0,0,0,0,0,0,0,0,0,0,0,0,0
1,0,0,0,0,0,0,0,0,0,1,1,2,0,0,1,2,1,0,0,0,0,1,0,1,0,0,2,2,1,1,6,4,2,5,3,2,7,6,8,7,4,7,6,7,13,6,4,5,4,7,10,8,4,10,1,8,5,8,6,9,8,11,6,5,6,12,8,7,7,2,6,5,5,5,5,4,5,2,2,6,7,2,7,1,3,2,2,1,1,1,3,4,3,5,4,1,1,3,2,1,5,3,1,2,0,1,1,0,0,0,2,1,1,0,3,0,0,0,0,0,0,0,1,0,1,0,0,0,0,0,0,0,0,0,0,0,1,0,0,0,0,0,0,0,0,0,0,0,0,0,0,0,0,0,0,0,0,1,0,0,0,0,0,0,0,0,0,0,0,0,0,0,0,0,0,0,0,0,0,0,0,0,0,0,0,0,0,0,0,0,0,0,0,0,0,0,0,0,0
0,1,1,0,0,0,0,1,0,0,0,0,1,0,1,0,0,0,0,0,1,0,0,2,1,1,1,1,4,1,1,1,3,2,4,3,2,6,5,0,5,6,7,6,3,6,4,8,9,7,7,3,3,3,2,4,7,7,13,5,5,5,6,10,6,3,11,4,9,5,9,5,5,5,4,5,5,1,10,7,0,1,2,4,3,6,3,3,3,1,3,2,3,1,2,1,0,1,1,3,2,0,0,1,3,2,3,2,2,0,1,0,2,0,0,1,2,1,0,0,0,0,3,0,1,0,0,1,0,0,0,0,0,1,0,0,0,0,0,0,1,0,0,1,0,0,0,0,1,0,0,0,1,0,0,0,0,0,0,0,0,0,0,0,0,0,0,0,0,0,0,0,0,0,0,0,0,0,0,0,0,0,0,0,0,0,0,0,0,0,0,0,0,0,0,0,0,0,0,0
0,0,0,0,1,0,0,1,0,0,0,0,1,0,0,1,3,1,0,0,1,2,2,4,2,0,2,1,3,3,3,6,1,1,4,5,5,3,3,3,8,2,9,1,5,6,5,5,2,5,7,5,6,10,7,6,6,7,1,4,10,5,4,8,11,5,3,6,6,5,6,2,8,3,2,3,3,3,5,4,4,4,3,5,3,5,1,4,2,5,1,4,1,0,1,2,4,1,0,1,1,0,2,1,3,1,3,0,1,1,1,0,0,6,0,1,0,0,0,0,0,0,0,1,0,0,0,0,1,0,0,2,0,0,0,0,0,0,0,1,0,0,0,1,0,0,0,0,1,0,0,0,0,0,0,0,0,1,0,0,0,0,0,0,0,0,0,0,0,0,0,0,0,0,0,0,0,0,0,0,0,0,0,0,0,0,0,0,0,0,0,0,0,0,0,0,0,0,0,0
0,0,0,0,0,0,0,0,0,0,0,0,0,2,1,2,0,0,0,1,4,0,2,0,0,0,1,2,3,1,0,5,2,1,4,3,3,1,1,4,3,4,3,7,4,6,6,9,6,1,5,2,5,6,2,4,9,8,7,2,5,6,6,5,3,7,3,7,4,6,4,6,4,8,4,3,2,5,5,4,4,1,5,4,4,1,3,2,4,0,4,2,0,1,3,1,1,0,1,0,0,1,0,1,1,1,0,1,0,0,1,3,0,1,0,1,1,0,0,0,0,0,0,0,0,0,3,0,0,0,0,1,1,0,0,0,0,0,1,0,0,0,1,0,0,0,0,0,0,0,0,0,0,0,0,0,1,0,0,0,0,0,0,0,0,0,0,0,0,0,0,0,0,0,0,0,0,0,0,0,0,0,0,0,0,0,0,0,0,0,0,0,0,0,0,0,0,0,0,0
0,0,0,0,0,0,0,0,0,2,0,1,0,0,0,0,1,1,0,1,1,1,0,2,0,0,0,3,1,0,5,1,4,1,3,3,2,2,1,6,1,7,6,5,3,4,2,5,8,4,7,4,9,7,6,1,7,7,7,5,6,9,6,2,11,2,6,5,4,7,2,6,6,4,2,4,5,3,4,4,1,4,0,3,4,3,2,2,5,3,2,1,2,1,2,5,3,2,0,2,2,1,1,3,0,1,1,1,2,0,1,1,0,0,0,0,0,0,1,0,0,2,0,0,0,0,1,0,0,0,0,0,0,1,0,0,1,0,0,0,0,0,0,0,0,0,0,0,0,0,0,0,0,0,0,0,0,0,0,0,0,0,0,0,0,0,0,0,0,0,0,0,0,0,0,0,0,0,0,0,0,0,0,0,0,0,0,0,0,0,0,0,0,0,0,0,0,0,0,0
0,0,0,0,0,0,1,0,1,0,0,1,1,0,0,0,0,0,0,3,1,1,0,0,2,3,1,1,4,2,4,5,2,3,4,2,1,4,1,3,8,3,2,7,4,4,3,6,4,8,6,1,8,4,8,4,6,9,10,6,2,6,8,3,6,2,7,8,2,6,5,5,2,4,3,6,4,3,6,3,0,7,4,3,3,5,2,3,3,4,1,1,0,3,1,1,4,4,2,1,1,1,0,2,0,0,0,1,3,1,0,0,1,1,0,1,0,0,0,0,1,0,0,0,0,1,1,0,1,0,0,0,0,1,0,0,0,0,0,0,0,0,0,0,0,0,0,0,0,0,0,0,0,0,0,0,0,0,0,0,0,0,0,0,0,0,0,0,0,0,0,0,0,0,0,0,0,0,0,0,0,0,0,0,0,0,0,0,0,0,0,0,0,0,0,0,0,0,0,0
0,0,0,0,0,0,0,0,0,1,0,0,0,0,0,0,1,0,2,1,2,2,2,2,0,0,0,0,0,1,1,3,3,8,1,1,1,3,6,6,5,6,5,2,4,5,5,2,5,4,6,10,2,8,2,4,6,1,10,1,7,12,3,4,3,6,3,5,3,4,5,5,2,6,4,5,5,4,5,3,7,2,5,1,4,0,4,2,3,2,2,6,2,0,0,4,1,2,3,1,0,3,0,1,1,2,1,0,2,0,0,0,0,0,0,0,1,0,0,1,0,1,0,0,1,0,0,0,0,1,0,0,0,1,0,0,0,0,0,0,0,0,0,0,0,0,0,0,0,0,0,0,0,0,0,0,0,0,0,0,0,0,0,0,0,0,0,0,0,0,0,0,0,0,0,0,0,0,0,0,0,0,0,0,0,0,0,0,0,0,0,0,0,0,0,0,0,0,0,0
0,0,0,1,0,0,0,0,1,0,0,0,1,0,0,0,0,0,1,1,1,0,1,2,0,0,0,1,1,1,0,4,5,1,1,7,5,6,5,5,4,3,4,5,6,5,6,10,3,3,9,5,4,9,7,5,7,9,11,3,4,8,6,4,8,2,7,2,4,5,6,5,4,2,2,6,6,1,3,1,5,3,2,5,3,3,5,2,2,4,3,0,4,2,4,3,1,1,2,1,1,2,4,3,2,1,0,0,1,0,2,1,1,0,0,0,0,0,0,0,0,0,0,0,0,0,0,0,0,0,1,0,1,1,0,0,0,0,0,0,0,0,0,0,0,0,0,0,0,0,0,0,0,1,0,0,0,0,0,0,0,0,0,0,0,0,0,1,0,0,0,0,0,0,0,0,0,0,0,0,0,0,0,0,0,0,0,0,0,0,0,0,0,0,0,0,0,0,0,0
0,0,0,0,1,0,0,1,0,0,0,0,0,0,0,0,1,0,0,1,0,0,1,3,1,1,1,1,1,0,2,1,4,0,4,4,7,5,2,3,7,3,4,8,2,4,3,4,6,7,0,3,4,3,8,5,4,3,11,4,7,8,8,8,5,1,1,8,7,3,10,2,6,2,6,4,6,5,1,4,6,5,5,2,2,4,3,5,4,2,1,2,4,3,3,1,1,0,2,4,1,2,1,0,1,1,1,0,1,1,0,0,0,0,0,1,0,0,0,0,0,0,1,0,0,0,0,0,0,0,0,0,0,0,0,1,0,0,0,0,0,0,0,1,0,0,0,1,1,0,0,0,0,0,0,0,0,0,0,0,0,0,0,0,0,0,0,0,0,0,0,0,0,0,0,0,0,0,0,0,0,0,0,0,0,0,0,0,0,0,0,0,0,0,0,0,0,0,0,0
1,1,0,0,0,0,0,0,1,0,0,0,0,0,1,0,0,1,0,1,1,1,2,0,4,1,1,4,1,2,0,2,1,4,4,5,4,3,4,0,3,6,3,2,5,4,4,3,9,5,5,4,4,4,7,6,6,3,3,5,2,6,4,6,10,5,6,4,3,6,3,4,7,4,6,10,2,5,1,3,2,1,2,4,2,4,6,2,2,0,5,0,2,1,1,3,0,1,1,0,1,1,2,1,0,0,0,0,0,0,2,2,1,0,1,0,0,0,0,1,1,1,0,0,1,0,0,0,1,0,0,0,0,0,0,0,0,0,0,0,0,0,0,0,0,1,0,0,0,0,0,0,0,0,0,0,0,0,0,0,0,0,0,0,0,0,0,0,0,0,0,0,0,0,0,0,0,0,0,0,0,0,0,0,0,0,0,0,0,0,0,0,0,0,0,0,0,0,0,0
0,0,0,0,1,0,0,0,0,2,0,1,0,0,3,1,0,2,0,1,0,0,0,2,2,1,0,2,1,1,0,3,1,2,1,4,6,2,5,1,3,5,6,5,5,6,2,4,5,6,8,5,7,7,5,10,5,8,7,3,11,5,3,0,7,5,5,6,8,3,3,1,4,2,5,5,3,2,6,3,4,2,1,1,3,3,5,0,1,3,3,0,1,2,3,1,1,0,3,0,1,1,2,0,0,0,1,1,1,0,0,1,0,0,0,0,0,0,0,0,2,0,0,0,0,0,0,0,0,0,0,0,0,0,0,0,0,0,0,0,0,0,0,0,0,0,0,0,0,0,0,0,0,0,0,0,0,0,0,0,0,0,0,0,0,0,0,0,0,0,0,0,0,0,0,0,0,0,0,0,0,0,0,0,0,0,0,0,0,0,0,0,0,0,0,0,0,0,0,0
0,0,0,0,0,0,0,0,0,1,0,0,0,0,0,1,0,0,0,1,0,0,0,1,0,2,0,2,1,2,2,1,3,0,5,0,2,4,3,4,6,5,2,6,5,5,6,2,4,3,5,0,3,5,5,4,5,4,8,3,4,10,2,4,2,6,5,6,6,4,5,2,4,1,2,3,3,8,6,1,3,2,2,1,3,5,1,2,1,2,2,1,1,0,2,4,1,1,1,0,3,5,2,0,0,1,1,3,1,1,0,2,0,1,0,0,1,0,0,1,0,1,0,0,1,0,1,1,0,0,0,0,0,0,0,0,0,0,0,0,0,0,0,1,0,0,0,0,0,0,0,0,0,0,0,0,0,0,0,0,0,0,0,0,0,1,0,0,0,0,0,0,0,0,0,0,0,0,0,0,0,0,0,0,0,0,0,0,0,0,0,0,0,0,0,0,0,0,0,0
0,0,0,0,0,0,0,0,0,1,0,0,0,0,0,3,1,0,0,1,0,2,0,0,0,0,1,1,1,2,2,2,2,1,3,6,1,3,5,6,5,3,4,2,4,4,5,4,3,3,4,6,3,7,3,1,8,4,8,8,1,5,7,5,2,7,5,10,3,0,4,3,4,7,3,2,5,5,2,2,3,5,2,4,4,3,1,0,2,1,1,2,3,1,0,3,2,0,1,1,0,0,0,1,3,1,0,0,0,0,0,2,0,1,0,0,1,0,1,0,0,1,0,1,0,0,1,1,1,0,0,0,0,0,1,0,1,0,0,0,0,0,0,0,0,0,0,0,0,0,0,0,0,0,0,0,0,0,0,0,0,0,0,0,0,0,0,0,0,0,0,0,0,0,0,0,0,0,0,0,0,0,0,0,0,0,0,0,0,0,0,0,0,0,0,0,0,0,0,0
0,0,0,0,0,0,0,0,0,0,0,0,0,1,0,0,0,1,0,0,0,0,0,1,1,3,0,2,0,2,4,2,1,2,3,1,4,2,0,2,2,8,2,4,4,6,0,2,4,4,5,4,4,1,6,1,2,4,3,4,2,3,1,4,3,6,8,6,4,2,12,3,3,4,3,1,2,5,3,1,6,2,4,5,4,0,2,2,3,2,0,1,1,2,0,0,0,2,1,0,0,0,1,0,1,0,0,1,0,2,0,1,2,3,0,1,2,0,1,0,0,0,0,1,0,0,0,0,1,1,0,1,0,0,0,0,0,1,1,0,0,0,0,0,0,0,0,0,0,0,0,0,0,0,0,0,0,0,0,0,0,0,0,0,0,0,0,0,0,0,0,0,0,0,0,0,0,0,0,0,0,0,0,0,0,0,0,0,0,0,0,0,0,0,0,0,0,0,0,0
0,0,0,0,0,0,1,0,0,1,0,0,0,0,0,0,0,1,1,0,0,0,2,1,1,2,2,1,1,1,1,2,1,0,2,2,1,4,4,3,2,2,4,5,2,6,6,5,1,5,10,2,8,4,3,3,7,5,4,6,3,7,3,6,2,1,5,1,2,5,1,5,5,6,5,2,5,3,8,1,3,1,3,2,1,4,1,1,2,6,0,0,2,1,0,0,2,3,1,3,2,0,3,3,0,2,0,1,0,1,0,0,1,1,1,1,1,0,1,1,0,0,0,0,1,0,1,1,0,1,0,0,0,0,0,0,0,1,0,0,0,0,0,0,0,0,0,0,0,0,0,0,0,0,0,0,0,0,0,0,0,0,0,0,0,0,0,0,0,0,0,0,0,0,0,0,0,0,0,0,0,0,0,0,0,0,0,0,0,0,0,0,0,0,0,0,0,0,0,0
0,0,0,0,0,0,0,0,0,0,0,0,1,0,0,0,1,0,1,1,0,1,2,4,1,0,1,2,2,4,2,2,2,2,3,2,8,2,5,3,3,2,3,5,2,5,2,5,5,4,3,5,6,7,5,3,6,4,4,2,6,2,5,2,2,0,5,4,2,3,2,3,5,3,3,4,1,4,4,4,1,2,4,1,7,2,3,1,4,2,1,1,1,2,2,0,1,1,1,3,1,1,1,0,1,0,1,1,1,0,0,0,0,1,0,0,2,0,1,0,0,0,0,0,1,1,1,0,0,1,0,0,0,0,0,0,0,0,0,0,0,0,0,0,0,0,0,1,0,0,0,0,0,0,0,0,0,0,0,0,0,0,0,0,0,0,0,0,0,0,0,0,0,0,0,0,0,0,0,0,0,0,0,0,0,0,0,0,0,0,0,0,0,0,0,0,0,0,0,0
0,0,0,0,0,0,0,0,0,0,0,0,0,0,1,0,0,0,0,0,0,1,0,1,0,0,2,1,0,1,1,0,1,4,4,2,2,2,1,3,3,7,2,1,2,2,7,4,3,5,5,2,7,5,2,7,3,1,6,8,3,5,3,1,3,3,1,5,4,4,4,2,4,3,1,1,3,1,3,3,2,1,1,2,3,2,1,2,3,1,3,5,2,1,5,4,1,1,0,1,0,1,2,1,0,0,0,2,2,1,0,1,1,2,1,0,2,0,1,0,0,1,0,0,0,0,0,0,0,0,0,0,0,0,0,0,0,0,0,0,0,0,0,0,0,0,0,0,0,0,0,0,0,0,0,0,0,0,0,0,0,0,0,0,0,0,0,0,0,0,0,0,0,0,0,0,0,0,0,0,0,0,0,0,0,0,0,0,0,0,0,0,0,0,0,0,0,0,0,0
0,0,0,0,0,0,0,0,0,0,0,0,0,0,0,1,0,0,0,0,0,1,0,1,0,1,2,1,2,1,1,1,0,5,2,1,5,6,3,5,3,4,3,2,3,7,6,5,7,5,2,5,8,6,4,1,2,10,3,5,5,4,7,3,5,3,5,4,2,2,2,5,6,8,1,2,4,3,3,1,4,3,2,3,1,1,0,1,3,2,2,1,1,0,2,1,0,1,5,1,2,2,0,1,1,2,0,0,0,2,0,1,0,0,0,0,1,0,1,0,1,0,0,1,0,0,0,0,1,0,0,0,0,0,0,0,0,0,0,0,0,0,0,0,0,0,0,0,0,0,0,0,0,0,0,0,0,0,0,0,0,0,0,0,0,0,0,0,0,0,0,0,0,0,0,0,0,0,0,0,0,0,0,0,0,0,0,0,0,0,0,0,0,0,0,0,0,0,0,0
0,0,0,0,0,0,0,0,0,0,0,0,1,0,0,0,0,0,0,0,1,1,1,0,0,0,1,2,4,3,1,1,5,0,2,3,4,0,4,3,3,3,1,6,5,0,3,2,3,2,8,3,3,3,1,7,3,2,3,2,4,6,5,4,6,2,2,3,2,6,2,3,4,3,2,2,1,2,3,3,3,3,1,3,3,1,2,2,1,1,0,1,2,0,3,0,0,2,4,0,2,1,1,1,2,1,0,2,0,2,0,0,1,0,1,2,1,0,0,1,1,0,1,0,0,0,0,0,0,0,0,0,0,0,0,0,0,1,0,0,0,0,0,0,0,0,0,0,0,0,0,0,0,0,0,0,0,0,0,0,0,0,0,0,0,0,0,0,0,0,0,0,0,0,0,0,0,0,0,0,0,0,0,0,0,0,0,0,0,0,0,0,0,0,0,0,0,0,0,0
1,0,0,0,0,0,0,0,0,0,0,0,0,0,0,0,0,0,0,2,0,0,0,1,1,1,0,0,2,1,0,3,1,5,4,6,1,3,4,1,2,2,5,3,4,3,4,4,2,4,1,3,3,3,5,4,4,2,4,5,6,1,2,3,4,2,6,2,6,5,5,3,2,7,1,2,2,3,1,6,6,3,3,2,2,6,2,3,4,1,0,2,1,3,3,2,1,1,1,2,1,1,1,1,0,1,1,1,0,0,1,0,1,0,1,1,0,0,1,0,0,1,2,0,0,1,0,1,0,0,0,0,0,0,0,0,1,0,0,0,0,0,0,0,0,0,0,0,0,0,0,0,0,0,0,0,0,0,0,0,0,0,0,0,0,0,0,0,0,0,0,0,0,0,0,0,0,0,0,0,0,0,0,0,0,0,0,0,0,0,0,0,0,0,0,0,0,0,0,0
0,0,0,0,0,0,0,0,0,0,0,0,0,0,1,1,0,2,1,1,0,1,1,1,0,3,0,1,3,0,1,1,3,1,1,2,3,0,1,6,1,1,5,2,4,3,5,2,3,0,2,6,7,3,4,6,6,2,5,7,4,3,4,1,5,3,8,6,2,9,2,5,3,2,3,3,7,3,2,0,2,1,3,2,1,0,3,2,1,2,1,1,1,1,1,1,3,1,1,1,0,2,0,2,0,0,1,1,0,1,0,0,0,0,0,1,0,0,0,0,0,0,1,0,0,0,0,1,0,1,0,0,0,0,0,0,0,0,0,0,0,0,0,0,0,0,0,0,0,0,0,0,0,0,0,0,0,0,0,0,0,0,0,0,0,0,0,1,0,0,0,0,0,0,0,0,0,0,0,0,0,0,0,0,0,0,0,0,0,0,0,0,0,0,0,0,0,0,0,0
0,0,0,0,0,0,0,0,0,0,0,0,0,0,0,0,0,1,0,0,1,1,1,2,4,1,0,2,1,1,1,1,1,1,2,3,2,9,0,3,2,3,11,3,3,2,1,7,3,4,4,1,6,3,6,4,1,5,4,5,8,6,5,2,3,1,3,3,4,2,3,5,3,5,0,1,2,1,1,3,3,1,5,2,0,3,1,0,0,2,1,2,0,3,0,2,1,1,0,0,2,0,0,0,0,0,2,0,0,0,0,0,1,0,0,0,1,0,1,0,0,0,0,0,0,0,0,0,0,1,0,0,0,0,0,0,0,0,0,0,0,1,0,0,0,0,0,0,0,0,0,0,1,0,0,0,0,0,0,0,0,0,0,0,0,0,0,0,0,0,0,0,0,0,0,0,0,0,0,0,0,0,0,0,0,0,0,0,0,0,0,0,0,0,0,0,0,0,0,0
0,0,1,0,0,0,0,1,0,0,0,0,2,1,1,1,0,0,2,1,1,0,0,0,0,0,2,3,1,1,0,1,2,1,6,2,2,5,2,2,7,1,3,4,3,2,4,5,2,3,4,5,6,4,3,4,2,3,3,8,2,5,5,6,4,5,3,3,3,1,0,3,2,4,8,3,1,1,3,2,5,1,3,4,4,1,5,0,2,1,0,0,1,3,0,1,1,1,0,1,0,0,0,2,1,0,0,1,0,0,0,1,0,0,0,0,0,0,2,0,1,2,0,0,0,1,0,1,0,0,0,0,1,0,0,0,0,0,0,0,1,0,0,1,0,0,0,0,0,0,0,0,0,0,0,0,0,0,0,0,0,0,0,0,0,0,0,0,0,0,0,0,0,0,0,0,0,0,0,0,0,0,0,0,0,0,0,0,0,0,0,0,0,0,0,0,0,0,0,0
0,0,0,0,0,0,1,0,0,0,0,0,0,1,0,0,0,1,0,0,1,0,2,1,1,1,1,1,2,1,1,3,0,2,3,4,3,2,2,4,1,7,5,1,4,4,5,4,5,2,9,5,1,0,0,4,3,6,7,6,3,4,1,3,4,2,2,5,5,5,3,3,1,6,0,1,3,4,3,0,3,3,2,2,1,1,0,2,1,1,0,0,1,2,1,2,1,1,0,0,3,0,0,2,1,0,1,0,1,1,1,0,2,0,0,0,0,0,2,0,1,0,0,0,0,0,1,0,1,0,0,1,1,0,0,0,0,0,0,0,0,0,0,0,0,0,0,0,0,0,0,0,0,0,0,0,0,0,0,0,0,0,0,0,0,0,0,0,0,0,0,0,0,0,0,0,0,0,0,0,0,0,0,0,0,0,0,0,0,0,0,0,0,0,0,0,0,0,0,0
2,0,0,0,0,0,0,0,0,2,0,0,0,0,0,0,1,0,0,0,0,0,0,1,0,3,0,1,0,1,0,1,0,1,2,2,5,0,4,0,2,4,2,0,5,6,2,4,3,3,3,3,5,3,5,2,10,1,5,3,4,3,1,1,3,2,6,1,4,2,5,1,2,0,7,4,2,7,3,7,8,3,2,4,2,4,1,2,5,3,2,2,2,0,1,0,0,2,2,0,1,0,0,1,1,0,2,1,1,2,0,0,1,0,0,0,0,0,0,2,0,0,0,0,0,0,0,0,0,0,0,0,0,1,1,1,0,0,0,0,0,0,0,0,0,0,0,0,0,0,0,0,0,0,0,0,0,0,0,0,0,0,0,0,0,0,0,0,0,0,0,0,0,0,0,0,0,0,0,0,0,0,0,0,0,0,0,0,0,0,0,0,0,0,0,0,0,0,0,0
1,0,0,0,0,0,0,0,0,0,0,0,1,0,0,0,0,0,0,1,1,0,1,0,0,0,0,1,1,0,2,2,2,1,0,2,2,2,5,2,2,5,2,3,3,5,2,4,6,4,2,7,3,2,3,1,5,2,3,4,3,3,7,1,4,1,8,1,3,3,1,0,2,1,1,2,2,1,2,7,2,4,3,2,4,3,1,3,0,2,1,3,5,1,0,0,0,1,3,1,1,0,2,2,2,0,3,0,1,1,0,2,0,2,1,0,0,1,0,1,0,0,1,0,1,0,0,0,0,0,0,0,0,0,0,0,0,0,0,0,0,0,0,0,0,1,0,0,0,0,0,0,0,0,0,0,0,0,0,0,0,0,0,0,0,0,0,0,0,0,0,0,0,0,0,0,0,0,0,0,0,0,0,0,0,0,0,0,0,0,0,0,0,0,0,0,0,0,0,0
0,0,0,0,0,0,1,0,0,0,0,0,0,0,0,0,1,1,2,0,0,0,0,1,0,1,1,2,1,1,1,3,2,2,1,3,1,3,2,0,0,1,2,2,0,3,3,4,3,6,2,1,1,3,4,4,1,4,5,3,0,4,4,1,5,4,0,0,0,2,5,3,3,3,5,0,1,3,2,5,2,3,0,5,0,1,4,1,3,2,0,0,1,2,0,1,0,0,0,1,0,0,1,0,0,1,0,0,1,1,0,0,0,1,1,0,0,0,0,0,0,0,0,1,0,0,0,0,1,0,0,0,0,0,0,0,0,0,0,0,0,0,0,0,0,0,0,0,0,0,0,1,0,0,0,0,0,0,0,0,0,0,0,0,0,0,0,0,0,0,0,0,0,0,0,0,0,0,0,0,0,0,0,0,0,0,0,0,0,0,0,0,0,0,0,0,0,0,0,0
0,0,0,0,0,0,0,0,0,0,0,0,0,0,0,1,1,0,0,2,2,2,1,1,0,1,2,0,1,0,4,1,1,1,3,1,5,1,1,0,4,1,2,1,2,3,0,3,0,2,5,4,1,1,2,5,3,5,3,5,3,4,3,4,5,1,4,5,3,4,0,1,1,0,2,2,1,4,0,3,0,2,2,6,0,1,1,4,0,1,1,2,0,1,1,2,0,2,0,1,0,0,1,0,0,0,0,0,0,1,0,0,2,0,1,0,0,0,0,0,1,0,0,0,1,0,0,0,0,0,0,0,0,0,0,0,0,0,0,0,0,0,0,0,0,0,1,0,0,0,0,0,0,0,0,1,0,0,0,0,0,0,0,0,0,0,0,0,0,0,0,0,0,0,0,0,0,0,0,0,0,0,0,0,0,0,0,0,0,0,0,0,0,0,0,0,0,0,0,0
0,0,1,0,0,0,0,0,1,0,0,0,0,0,0,0,0,0,0,1,0,0,0,0,0,0,1,0,3,1,2,1,1,4,2,2,3,0,0,0,3,3,1,3,2,9,2,2,5,1,4,2,2,3,6,1,2,4,3,3,3,4,2,2,3,3,5,1,1,2,1,1,3,0,0,2,3,4,4,2,1,0,0,3,2,1,1,1,3,0,0,0,2,2,1,1,2,0,1,0,0,1,1,0,0,1,0,1,0,0,1,0,0,0,0,0,1,1,1,0,0,0,0,0,0,1,0,0,0,0,0,0,0,0,0,0,0,0,0,0,0,0,0,1,0,0,0,0,0,0,0,0,0,0,0,0,0,0,0,0,0,0,0,0,0,0,0,0,0,0,0,0,0,0,0,0,0,0,0,0,0,0,0,0,0,0,0,0,0,0,0,0,0,0,0,0,0,0,0,0
0,0,1,0,0,0,0,0,0,0,0,0,2,0,0,0,0,1,0,0,1,0,1,2,0,0,1,0,1,1,2,2,3,0,2,2,1,1,0,0,1,2,1,0,3,1,3,0,5,2,3,4,1,5,1,4,1,4,2,2,3,7,2,4,3,4,3,5,3,3,3,3,5,2,2,4,2,6,5,1,0,5,1,1,2,0,3,2,2,0,0,0,0,0,2,0,2,0,2,1,0,1,2,1,0,1,0,0,1,1,0,2,0,0,2,0,0,1,0,2,0,2,2,0,0,0,0,0,0,0,0,0,0,0,0,0,0,0,0,0,0,0,0,0,0,0,0,0,0,0,0,0,0,0,0,0,0,0,0,0,0,0,0,0,0,0,0,0,0,0,0,0,0,0,0,0,0,0,0,0,0,0,0,0,0,0,0,0,0,0,0,0,0,0,0,0,0,0,0,0
0,0,0,0,0,0,0,1,0,0,0,0,0,0,0,0,0,0,1,0,0,1,0,1,0,1,1,0,1,0,0,1,1,1,1,5,0,1,1,3,5,2,2,1,2,4,2,2,1,1,1,4,4,1,1,2,5,2,3,1,2,2,5,2,3,3,2,3,2,3,1,1,0,0,1,1,0,1,1,1,1,1,4,4,1,4,2,3,1,1,0,2,3,1,0,0,1,2,0,0,0,1,0,2,1,1,0,1,0,0,0,1,0,0,0,1,0,1,0,0,0,1,0,0,0,0,0,0,0,0,0,0,0,0,0,0,0,0,1,0,0,1,0,0,0,0,0,0,0,1,0,0,0,0,0,0,0,0,0,0,0,0,0,0,0,0,0,0,0,0,0,0,0,0,0,0,0,0,0,0,0,0,0,0,0,0,0,0,0,0,0,0,0,0,0,0,0,0,0,0
0,0,0,0,1,0,0,0,1,1,0,0,1,1,0,1,1,0,0,0,0,1,1,0,0,0,0,0,1,2,1,1,0,0,2,0,0,0,1,2,4,6,3,5,3,2,2,4,2,0,1,2,6,2,4,2,4,1,3,5,2,3,1,3,1,2,4,4,3,2,3,1,4,1,3,3,2,0,1,3,2,0,3,2,2,2,2,0,1,5,1,3,1,1,0,1,1,2,0,2,0,0,1,0,0,0,0,1,0,0,1,0,0,0,0,1,1,0,0,1,2,0,0,0,0,0,0,0,0,0,0,0,1,0,0,0,0,0,0,0,0,0,0,0,0,0,0,0,0,0,0,0,0,0,0,0,0,0,0,0,0,0,0,0,0,0,0,0,0,0,0,0,0,0,0,0,0,0,0,0,0,0,0,0,0,0,0,0,0,0,0,0,0,0,0,0,0,0,0,0
1,0,0,0,0,0,0,0,1,0,0,0,1,0,0,1,0,1,0,0,1,1,1,1,2,1,0,2,1,0,1,2,1,4,2,1,2,2,4,0,5,0,3,4,2,3,4,2,4,1,3,4,2,0,0,0,3,2,5,4,2,4,6,6,3,2,3,2,4,1,5,2,2,0,2,3,3,1,1,2,0,0,1,1,2,0,0,0,1,2,1,3,2,1,0,0,2,0,1,0,0,0,0,1,1,0,0,0,0,0,0,0,2,1,0,0,1,1,0,0,0,0,0,1,1,0,0,0,0,0,0,0,0,0,0,0,0,0,0,0,0,0,0,0,0,0,0,0,0,0,0,0,0,0,0,0,0,0,0,0,0,0,0,0,0,0,0,0,0,0,0,0,0,0,0,0,0,0,0,0,0,0,0,0,0,0,0,0,0,0,0,0,0,0,0,0,0,0,0,0
0,0,0,0,0,0,0,0,0,0,0,0,0,0,0,1,0,0,0,0,0,0,0,0,0,0,1,0,0,1,1,2,2,2,3,1,2,0,4,0,1,3,0,2,4,3,2,1,2,4,3,2,3,0,2,2,1,4,4,4,2,1,2,3,2,2,6,2,2,2,4,1,2,3,2,3,1,1,2,0,0,3,0,1,2,2,4,0,2,0,0,3,1,1,1,0,0,1,1,0,0,0,0,1,1,0,0,1,0,0,1,0,0,0,0,0,0,2,1,0,0,0,0,0,0,1,0,0,0,0,0,0,1,0,0,0,0,0,0,0,0,0,0,0,0,0,0,0,0,0,0,0,0,0,0,1,0,0,0,0,0,0,0,0,0,0,0,0,0,0,0,0,0,0,0,0,0,0,0,0,0,0,0,0,0,0,0,0,0,0,0,0,0,0,0,0,0,0,0,0
0,1,0,1,0,0,0,1,0,0,0,0,0,2,1,1,0,0,0,1,0,1,0,1,0,1,1,0,4,1,4,0,4,1,1,2,3,0,1,2,2,0,0,2,1,3,3,5,7,5,6,3,4,2,2,1,6,0,5,1,2,2,3,6,2,2,3,5,1,5,4,4,2,1,4,1,2,2,1,4,2,2,1,1,0,2,1,1,0,0,0,1,0,2,2,1,1,1,1,0,2,1,0,0,0,0,2,0,0,0,1,0,0,0,0,0,1,1,0,0,0,0,0,0,0,0,0,0,0,0,0,0,0,0,0,0,0,0,0,0,0,0,0,0,0,0,0,0,0,0,0,0,0,0,0,0,0,0,0,0,0,0,0,0,0,0,0,0,0,0,0,0,0,0,0,0,0,0,0,0,0,0,0,0,0,0,0,0,0,0,0,0,0,0,0,0,0,0,0,0
0,0,0,0,0,0,0,0,0,1,0,0,2,0,0,0,0,0,0,0,0,1,1,0,2,1,1,1,5,0,2,0,0,2,0,3,1,2,0,4,0,2,1,0,1,1,3,1,3,1,1,4,1,2,3,3,1,2,3,5,2,3,2,3,2,0,1,4,3,3,1,1,4,4,3,1,3,3,3,1,1,1,0,2,2,1,1,0,0,1,2,1,0,1,2,3,0,0,0,1,0,0,0,0,0,1,0,0,0,0,0,0,0,0,0,0,0,0,1,0,0,0,1,1,0,0,0,0,1,1,1,0,0,0,0,0,0,0,0,0,0,0,0,0,0,0,0,0,0,0,0,0,0,0,0,0,0,0,0,0,0,0,0,0,0,0,0,0,0,0,0,0,0,0,0,0,0,0,0,0,0,0,0,0,0,0,0,0,0,0,0,0,0,0,0,0,0,0,0,0
0,0,0,0,0,0,0,0,0,1,0,0,0,0,2,0,0,1,1,0,0,0,1,2,1,0,0,1,0,1,1,1,2,1,2,1,0,1,2,0,1,0,0,5,6,0,4,2,3,2,0,3,6,0,2,3,4,3,5,1,1,8,4,1,2,2,2,4,1,0,4,0,0,1,2,2,0,1,1,1,1,3,3,1,1,1,2,2,0,2,0,0,2,3,0,2,1,0,2,0,0,0,0,0,0,0,0,0,0,0,1,0,0,0,1,2,1,0,0,0,1,0,0,0,0,1,0,0,0,0,0,0,0,0,0,0,0,1,0,0,0,0,0,0,0,0,0,0,0,0,0,0,0,0,0,0,0,0,0,0,0,0,0,0,0,0,0,0,0,0,0,0,0,0,0,0,0,0,0,0,0,0,0,0,0,0,0,0,0,0,0,0,0,0,0,0,0,0,0,0
0,0,0,0,0,0,0,0,0,0,0,0,0,0,0,0,0,0,0,1,0,1,1,1,0,1,0,0,0,1,1,1,0,0,0,1,0,1,1,3,1,2,1,1,1,1,2,2,2,2,1,1,1,0,5,5,0,6,3,3,4,1,1,3,1,2,2,2,2,1,2,3,2,0,0,0,4,2,0,1,3,1,2,0,3,0,0,1,0,0,2,2,1,1,1,0,3,0,0,1,0,1,0,0,1,1,1,0,1,1,1,0,0,0,0,1,0,0,1,0,0,0,0,0,0,0,0,0,0,0,0,0,1,0,0,0,0,0,0,0,0,0,0,0,1,0,0,0,0,0,0,0,0,0,0,0,0,0,0,0,0,0,0,0,0,0,0,0,0,0,0,0,0,0,0,0,0,0,0,0,0,0,0,0,0,0,0,0,0,0,0,0,0,0,0,0,0,0,0,0
0,0,0,0,0,0,0,0,0,0,0,1,1,0,0,0,0,1,0,0,3,1,1,0,2,1,1,1,1,0,0,1,1,0,0,1,1,2,1,4,1,2,2,1,2,4,2,2,1,1,2,1,6,0,1,4,3,5,0,0,7,3,4,1,2,4,2,2,2,1,0,1,4,1,1,2,1,3,1,1,0,1,0,3,1,3,1,1,2,0,2,1,1,1,0,0,0,0,0,0,0,0,2,0,2,1,0,0,0,0,0,0,0,0,1,0,0,0,0,0,0,0,0,0,0,1,0,0,0,0,0,0,0,0,0,0,0,0,0,0,0,0,0,0,0,0,0,0,0,0,0,0,0,0,0,0,0,0,0,0,0,0,0,0,0,0,0,0,0,0,0,0,0,0,0,0,0,0,0,0,0,0,0,0,0,0,0,0,0,0,0,0,0,0,0,0,0,0,0,0
0,0,0,0,0,0,0,0,0,0,0,0,0,0,0,1,0,0,0,0,2,3,1,1,1,0,0,0,1,1,1,2,2,0,2,2,0,1,3,3,1,3,2,2,0,1,6,2,1,2,2,2,4,4,4,1,3,0,5,3,4,2,4,2,1,3,3,1,2,2,2,3,3,1,3,0,1,3,2,2,2,2,0,2,3,0,0,1,1,1,1,0,1,0,1,0,0,0,0,0,0,1,0,0,0,0,1,1,0,1,0,1,1,0,0,0,0,0,0,0,0,0,0,0,0,0,0,0,0,0,0,0,0,1,0,0,0,0,0,0,0,0,0,0,0,0,0,0,0,0,0,0,0,0,0,0,0,0,0,0,0,0,0,0,0,0,0,0,0,0,0,0,0,0,0,0,0,0,0,0,0,0,0,0,0,0,0,0,0,0,0,0,0,0,0,0,0,0,0,0
0,0,0,0,0,0,0,0,0,0,0,0,0,0,0,0,0,1,0,0,0,2,0,1,0,0,1,0,0,1,2,1,1,4,1,1,4,3,0,4,3,4,4,1,0,2,2,3,5,2,4,1,3,1,3,2,2,4,2,3,1,1,4,2,4,3,0,0,3,2,0,3,1,5,1,2,0,1,1,2,4,3,1,0,1,1,1,0,0,0,1,1,0,0,0,0,0,0,0,1,0,1,1,1,0,0,0,0,0,0,1,0,0,0,0,0,0,0,1,0,0,1,0,1,0,0,0,0,0,0,0,0,0,0,0,0,0,0,0,0,0,0,0,0,0,0,0,0,0,0,0,0,0,0,1,0,0,0,0,0,0,0,0,0,0,0,0,0,0,0,0,0,0,0,0,0,0,0,0,0,0,0,0,0,0,0,0,0,0,0,0,0,0,0,0,0,0,0,0,0
0,0,0,0,0,0,0,0,0,0,0,0,0,0,0,0,0,0,0,0,1,0,0,1,0,0,0,1,1,0,0,2,0,3,0,1,2,3,3,1,0,4,1,3,3,1,3,1,5,2,0,6,3,5,3,2,2,0,0,0,2,3,0,2,1,0,1,0,1,2,3,1,5,2,2,1,1,1,2,1,2,0,1,1,2,4,1,0,0,1,0,1,1,1,0,1,2,0,1,0,1,1,0,1,0,0,0,1,0,0,0,0,0,1,0,1,0,1,0,0,0,0,0,0,0,0,0,2,0,0,0,0,0,0,0,0,0,0,0,0,0,0,0,0,0,0,0,0,0,0,0,0,0,0,0,0,0,0,0,0,0,0,0,0,0,0,0,0,0,0,0,0,0,0,0,0,0,0,0,0,0,0,0,0,0,0,0,0,0,0,0,0,0,0,0,0,0,0,0,0
0,0,0,0,0,0,0,0,0,0,0,0,0,0,0,0,0,0,0,0,0,1,0,0,0,1,1,1,1,1,1,1,1,1,2,0,2,0,5,1,2,0,4,0,0,2,1,3,2,3,4,2,2,1,4,3,5,3,2,2,1,1,4,3,1,4,4,5,0,2,1,2,0,1,1,4,0,3,2,0,0,0,0,2,0,2,0,2,1,1,0,2,1,0,1,1,0,1,1,1,0,0,3,0,0,1,0,0,0,1,0,0,0,0,0,1,0,0,0,0,0,0,1,0,0,0,0,0,0,0,0,0,0,0,0,0,1,0,0,0,0,0,0,0,0,0,0,0,0,0,0,0,0,0,0,0,0,0,0,0,0,0,0,0,0,0,0,0,0,0,0,0,0,0,0,0,0,0,0,0,0,0,0,0,0,0,0,0,0,0,0,0,0,0,0,0,0,0,0,0
0,0,0,0,0,0,0,0,0,0,0,0,0,0,0,1,0,0,0,0,0,0,0,0,0,0,1,0,3,0,0,0,0,0,3,5,0,2,2,2,1,2,0,2,4,3,3,2,0,1,3,1,1,1,2,1,2,1,6,1,1,6,3,0,2,3,2,3,2,0,2,2,1,0,1,1,1,0,1,0,1,1,2,3,0,0,0,4,3,1,2,1,1,1,2,4,0,0,0,1,2,0,0,0,0,0,0,0,0,0,0,1,0,1,0,1,1,0,0,0,0,0,0,0,0,0,0,0,0,0,0,0,1,0,0,1,0,0,0,0,0,0,0,0,0,0,0,0,0,0,0,0,0,0,0,0,0,0,0,0,0,0,0,0,0,0,0,0,0,0,0,0,0,0,0,0,0,0,0,0,0,0,0,0,0,0,0,0,0,0,0,0,0,0,0,0,0,0,0,0
0,0,0,0,0,0,0,0,0,0,0,0,0,0,0,0,1,0,0,0,0,0,0,0,0,1,2,0,2,3,0,1,1,0,0,3,2,2,2,1,3,1,2,0,1,2,1,1,1,2,1,1,1,4,2,3,2,2,2,0,1,4,1,2,4,3,3,2,0,1,2,2,1,1,3,2,0,1,0,0,1,0,2,2,0,1,1,1,0,0,1,0,2,0,0,1,1,1,2,0,0,1,0,1,0,1,1,0,0,0,0,0,0,0,2,0,0,0,0,1,0,0,0,0,0,0,0,0,0,0,0,0,0,1,0,0,0,0,0,0,0,0,0,0,0,0,0,0,0,0,0,0,0,0,0,0,0,0,0,0,0,0,0,0,0,0,0,0,0,0,0,0,0,0,0,0,0,0,0,0,0,0,0,0,0,0,0,0,0,0,0,0,0,0,0,0,0,0,0,0
0,0,0,0,0,0,0,0,0,0,0,0,0,0,0,0,1,0,0,0,0,0,1,0,0,0,0,0,0,1,0,0,1,0,1,1,1,1,3,1,2,1,0,1,2,2,1,1,3,1,2,0,3,0,3,2,1,0,3,0,1,4,0,3,3,0,1,2,0,3,0,1,2,2,4,1,0,0,2,0,3,1,2,1,1,0,1,2,2,0,2,3,3,0,0,0,2,0,2,1,2,0,0,1,0,0,0,0,1,1,0,0,4,0,0,2,0,0,0,1,0,0,0,0,0,0,0,0,0,0,0,0,0,0,0,0,1,0,0,0,0,0,0,0,0,0,0,0,0,0,0,0,0,0,0,0,0,0,0,0,0,0,0,0,0,0,0,0,0,0,0,0,0,0,0,0,0,0,0,0,0,0,0,0,0,0,0,0,0,0,0,0,0,0,0,0,0,0,0,0
0,0,0,2,0,0,0,0,0,0,0,0,0,1,0,1,0,0,0,0,0,0,2,0,0,0,0,2,1,0,0,3,2,2,1,4,2,0,1,0,0,3,4,1,1,1,2,1,1,2,2,1,0,0,1,2,1,0,2,5,2,2,2,1,4,1,4,2,4,1,2,2,2,2,4,0,1,1,1,1,2,0,2,2,0,0,0,1,0,0,0,2,0,0,0,0,0,1,0,0,0,0,0,1,0,0,0,0,0,0,0,1,0,1,0,1,0,0,0,0,0,0,0,0,0,0,0,0,0,0,1,0,0,0,0,0,0,0,0,0,0,0,0,0,0,0,0,0,0,0,0,0,0,0,0,0,0,0,0,0,0,0,0,0,0,0,0,0,0,0,0,0,0,0,0,0,0,0,0,0,0,0,0,0,0,0,0,0,0,0,0,0,0,0,0,0,0,0,0,0
0,0,0,0,0,0,0,0,0,0,0,0,1,0,0,0,0,0,0,0,0,2,0,0,1,0,0,1,1,0,1,1,0,0,0,0,1,0,0,0,1,2,0,2,2,3,1,1,2,2,1,1,1,1,5,1,2,0,0,1,2,1,1,2,2,2,2,1,3,1,2,0,0,1,0,4,1,2,1,4,0,1,1,0,1,0,1,0,0,0,0,0,0,1,0,0,1,0,1,2,1,0,0,1,1,0,0,0,0,1,0,0,0,2,1,0,0,0,0,0,0,0,0,0,0,0,0,0,0,0,0,0,0,0,0,0,0,0,0,0,0,0,0,0,0,0,0,0,0,0,0,0,0,0,0,0,0,0,0,0,0,0,0,0,0,0,0,0,0,0,0,0,0,0,0,0,0,0,0,0,0,0,0,0,0,0,0,0,0,0,0,0,0,0,0,0,0,0,0,0
0,0,0,0,0,0,0,0,0,0,0,1,0,0,0,1,0,0,0,0,1,0,2,0,0,1,1,0,0,0,1,0,0,0,0,1,0,0,0,4,1,3,3,2,1,1,1,0,3,3,3,4,4,0,2,1,1,0,1,1,0,4,0,1,2,1,3,2,0,1,3,0,3,2,0,0,1,1,1,1,1,1,1,1,0,2,0,0,3,0,3,0,0,1,0,2,0,0,0,0,0,1,2,1,0,0,1,0,0,0,0,0,0,0,0,2,0,0,1,2,0,0,0,0,0,0,1,0,0,0,0,0,0,0,0,0,0,0,0,0,0,0,0,0,0,0,0,0,0,0,0,0,0,0,0,0,0,0,0,0,0,0,0,0,0,0,0,0,0,0,0,0,0,0,0,0,0,0,0,0,0,0,0,0,0,0,0,0,0,0,0,0,0,0,0,0,0,0,0,0
0,0,0,0,0,0,0,0,0,0,0,0,0,0,0,0,0,0,0,0,1,0,0,0,1,1,1,0,0,0,0,0,0,0,0,0,0,2,1,2,0,3,0,1,1,1,4,1,0,1,1,0,4,3,2,2,2,3,4,3,0,2,3,4,3,6,2,1,2,2,2,1,1,1,4,1,2,2,0,1,2,1,0,2,0,1,1,1,0,1,0,0,0,0,0,1,1,2,0,0,0,1,0,1,0,0,0,1,0,1,1,0,0,0,1,0,0,0,0,0,0,0,0,0,0,0,0,0,0,0,0,1,0,0,0,0,0,0,0,0,0,0,0,0,0,1,0,1,0,0,0,0,0,0,0,0,0,0,0,0,0,0,0,0,0,0,0,0,0,0,0,0,0,0,0,0,0,0,0,0,0,0,0,0,0,0,0,0,0,0,0,0,0,0,0,0,0,0,0,0
0,0,0,0,1,0,0,0,0,0,0,0,0,0,1,0,0,0,0,0,0,0,0,0,0,0,0,0,0,0,2,2,0,2,2,0,1,0,1,1,2,4,2,1,1,1,0,2,3,0,1,0,1,0,2,0,5,4,1,1,1,1,1,2,2,2,2,1,2,0,2,1,1,3,2,0,0,2,1,0,0,2,1,1,0,0,1,0,0,0,0,3,0,0,0,1,1,1,0,0,0,1,1,0,0,1,0,0,0,0,0,0,0,0,0,0,0,0,0,0,0,0,0,0,0,0,0,0,1,0,0,0,0,0,0,0,0,0,0,0,0,0,0,0,0,0,0,0,0,0,0,0,0,0,0,0,0,0,0,0,0,0,0,0,0,0,0,0,0,0,0,0,0,0,0,0,0,0,0,0,0,0,0,0,0,0,0,0,0,0,0,0,0,0,0,0,0,0,0,0
0,0,0,0,0,0,0,0,0,0,0,0,0,0,0,0,0,2,0,0,2,0,0,1,0,2,1,0,0,2,0,1,0,2,2,0,1,1,0,0,0,1,0,0,1,3,0,0,0,3,4,1,2,1,4,0,0,0,1,4,1,1,2,4,0,0,2,3,0,0,1,0,1,3,0,0,2,3,1,2,2,0,1,2,1,0,1,0,1,1,2,0,0,1,0,0,0,1,1,0,0,0,0,0,0,0,0,0,0,0,1,0,0,0,1,1,0,0,0,0,0,0,0,1,0,0,0,0,1,0,0,0,0,2,0,0,0,0,0,0,0,1,0,0,0,1,0,0,0,0,0,0,0,0,0,0,0,0,0,0,0,0,0,0,0,0,0,0,0,0,0,0,0,0,0,0,0,0,0,0,0,0,0,0,0,0,0,0,0,0,0,0,0,0,0,0,0,0,0,0
0,0,0,0,0,0,0,0,0,0,0,0,0,0,0,0,0,2,0,0,1,0,0,0,0,1,1,0,0,0,1,1,0,0,1,3,1,1,1,2,2,3,1,3,0,0,0,4,1,1,2,2,0,4,2,0,2,0,2,1,2,0,2,2,1,1,2,3,0,0,1,1,4,0,0,0,0,1,2,0,2,2,3,1,2,0,2,1,0,0,0,0,0,1,1,1,1,1,0,0,0,0,0,0,0,0,0,0,1,0,0,0,0,0,0,0,0,0,1,0,0,0,0,0,0,0,0,1,0,1,0,0,0,0,0,0,0,0,0,0,0,0,0,0,0,0,0,0,0,0,0,0,0,0,0,0,0,0,0,0,0,0,0,0,0,0,0,0,0,0,0,0,0,0,0,0,0,0,0,0,0,0,0,0,0,0,0,0,0,0,0,0,0,0,0,0,0,0,0,0
0,0,0,0,0,0,1,0,0,0,0,0,1,0,0,0,0,0,0,1,1,0,0,0,0,1,0,1,2,0,2,2,1,1,1,1,1,2,3,2,0,4,1,0,0,1,0,0,0,2,2,2,1,2,0,1,1,5,1,4,1,6,1,2,2,1,3,1,4,0,2,2,0,0,1,1,1,1,0,0,1,2,0,0,0,0,0,0,0,1,1,1,0,0,0,0,0,0,0,0,0,0,1,1,1,1,0,0,0,0,0,0,0,0,0,0,0,0,0,0,0,0,0,0,0,0,0,0,0,1,0,0,0,0,0,0,0,0,0,0,0,0,0,0,0,0,0,0,0,0,0,0,0,0,0,0,0,0,0,0,0,0,0,0,0,0,0,0,0,0,0,0,0,0,0,0,0,0,0,0,0,0,0,0,0,0,0,0,0,0,0,0,0,0,0,0,0,0,0,0
0,0,0,0,0,0,0,0,0,0,0,0,0,0,0,0,0,0,0,0,0,2,0,1,0,0,1,1,0,0,1,0,1,0,1,0,2,0,0,0,0,1,0,2,2,0,0,1,1,2,2,3,0,2,2,1,2,1,4,2,3,1,0,1,0,3,3,0,2,1,1,0,0,5,0,1,2,1,0,1,0,0,0,0,1,2,1,1,2,2,0,0,0,0,1,1,0,0,2,0,0,0,0,0,2,1,0,0,0,0,0,0,1,1,0,0,0,0,0,0,0,0,0,0,0,0,0,0,0,0,0,0,0,0,0,0,0,0,0,0,0,0,0,0,0,0,0,0,0,0,0,0,0,0,0,0,0,0,0,0,0,0,0,0,0,0,0,0,0,0,0,0,0,0,0,0,0,0,0,0,0,0,0,0,0,0,0,0,0,0,0,0,0,0,0,0,0,0,0,0
0,0,0,0,0,0,0,1,0,0,0,0,0,0,0,0,0,0,0,0,0,0,0,0,0,1,0,1,0,1,0,1,1,0,1,2,2,2,0,0,0,0,1,2,3,1,1,2,0,2,0,2,2,1,1,3,3,3,1,0,0,3,2,2,0,2,1,1,0,1,0,3,3,3,3,0,2,1,2,1,1,0,1,1,0,1,1,0,0,2,1,0,0,0,0,0,0,1,0,0,1,1,0,1,0,0,0,0,0,0,0,0,0,0,0,1,0,0,0,0,0,0,1,0,0,0,0,0,0,0,0,0,0,0,0,0,0,0,0,0,0,0,0,0,0,0,0,0,0,0,0,0,0,0,0,0,0,0,0,0,0,0,0,0,0,0,0,0,0,0,0,0,0,0,0,0,0,0,0,0,0,0,0,0,0,0,0,0,0,0,0,0,0,0,0,0,0,0,0,0
0,0,0,0,0,0,0,0,0,0,0,0,0,0,0,0,0,0,1,0,0,0,0,0,2,0,0,0,0,0,0,0,0,0,0,3,1,0,0,1,0,0,0,2,0,1,0,1,1,1,5,1,1,3,2,5,1,1,3,0,3,2,1,1,5,3,3,0,0,1,0,0,1,3,2,0,2,1,0,0,0,0,1,1,2,0,0,0,2,0,0,1,1,1,0,0,0,1,1,0,0,0,1,1,0,0,0,0,0,0,0,1,0,0,0,1,0,0,0,0,1,0,0,0,0,0,0,0,0,0,0,0,0,0,0,0,0,0,0,0,0,0,0,0,0,0,0,0,0,0,0,0,0,0,0,0,0,0,0,0,0,0,0,0,0,0,0,0,0,0,0,0,0,0,0,0,0,0,0,0,0,0,0,0,0,0,0,0,0,0,0,0,0,0,0,0,0,0,0,0
0,0,0,0,0,0,0,1,0,1,0,0,1,0,0,0,0,0,1,0,0,0,0,1,1,0,0,0,0,0,1,0,1,2,1,1,0,4,2,0,0,1,1,1,1,2,1,3,0,0,0,2,1,1,1,1,1,0,0,3,0,5,2,1,3,3,2,0,1,1,1,1,1,0,3,1,3,1,1,3,3,0,3,1,0,2,0,1,1,0,0,0,1,2,0,0,0,1,2,0,0,0,2,0,1,0,0,0,0,0,0,0,0,1,0,0,0,1,0,0,0,0,0,0,0,0,0,1,0,0,0,0,0,0,0,1,0,0,0,0,0,0,0,0,0,0,0,0,0,0,0,0,0,0,0,0,0,0,0,0,0,0,0,0,0,0,0,0,0,0,0,0,0,0,0,0,0,0,0,0,0,0,0,0,0,0,0,0,0,0,0,0,0,0,0,0,0,0,0,0
0,0,0,0,0,0,0,0,0,0,0,0,0,0,0,0,0,0,0,0,0,0,0,1,1,0,1,0,2,1,0,1,1,1,1,0,0,0,2,1,0,3,0,1,2,2,0,0,2,2,1,2,0,1,3,1,1,1,0,2,1,2,1,2,1,1,4,1,1,2,1,1,2,0,2,1,1,1,2,1,0,0,1,0,0,1,0,2,0,0,0,1,0,0,0,0,0,0,0,1,0,0,0,0,0,0,0,0,1,0,0,0,1,0,1,2,0,0,0,0,0,0,0,0,0,0,0,0,0,0,0,0,0,0,0,0,0,0,0,0,0,0,0,0,0,0,0,0,0,0,0,0,0,0,0,0,0,0,0,0,0,0,0,0,0,0,0,0,0,0,0,0,0,0,0,0,0,0,0,0,0,0,0,0,0,0,0,0,0,0,0,0,0,0,0,0,0,0,0,0
0,0,0,0,0,0,0,0,0,0,0,0,0,0,0,1,0,0,0,0,1,0,0,1,0,0,1,1,0,0,0,1,2,1,0,0,1,1,2,0,1,1,1,2,1,1,0,2,1,1,0,2,0,2,2,0,3,2,0,0,4,1,1,1,4,3,0,0,1,0,0,1,0,2,2,0,0,1,0,5,0,1,1,0,2,1,0,0,0,1,0,0,0,0,0,0,0,1,0,2,0,0,0,0,0,0,1,0,1,0,0,2,1,0,0,0,1,0,0,0,0,0,0,0,0,0,1,0,0,0,0,0,0,1,0,0,0,0,0,0,0,0,0,0,0,0,0,0,0,0,0,0,0,0,1,0,0,0,0,0,0,0,0,0,0,0,0,0,0,0,0,0,0,0,0,0,0,0,0,0,0,0,0,0,0,0,0,0,0,0,0,0,0,0,0,0,0,0,0,0
0,0,0,0,0,0,0,0,0,0,0,0,0,1,0,0,0,1,0,0,0,0,0,1,0,1,0,0,0,0,1,0,0,0,0,0,0,1,1,0,1,1,4,1,1,3,2,0,2,2,0,2,3,0,4,3,3,2,0,1,2,1,1,2,1,0,1,3,2,4,3,0,0,0,1,2,0,0,0,2,0,1,0,0,1,1,1,1,0,0,1,0,0,0,0,0,1,0,0,1,0,0,1,0,1,1,0,0,0,1,0,1,0,0,1,1,0,0,0,0,0,0,0,1,0,0,0,0,0,0,0,0,0,0,0,0,0,0,0,0,0,0,0,0,0,0,0,0,0,0,0,0,0,0,0,0,0,0,0,0,0,0,0,0,0,0,0,0,0,0,0,0,0,0,0,0,0,0,0,0,0,0,0,0,0,0,0,0,0,0,0,0,0,0,0,0,0,0,0,0
0,0,0,0,0,0,0,0,0,1,0,0,0,0,0,0,0,0,0,0,0,0,0,1,0,2,0,0,0,1,0,0,1,0,2,0,0,4,1,0,1,0,0,1,1,1,2,1,1,0,1,0,1,0,1,0,2,3,1,2,1,3,3,1,1,1,1,1,1,1,3,1,1,0,2,2,0,0,1,2,1,3,1,1,0,0,0,2,0,0,0,0,0,1,0,0,0,1,0,1,1,0,0,1,0,0,1,0,0,0,0,0,0,0,0,0,0,0,0,0,0,0,0,0,0,0,0,0,0,0,0,0,0,0,0,0,0,0,0,0,0,0,0,0,0,0,0,0,0,0,0,0,0,0,0,0,0,0,0,0,0,0,0,0,0,0,0,0,0,0,0,0,0,0,0,0,0,0,0,0,0,0,0,0,0,0,0,0,0,0,0,0,0,0,0,0,0,0,0,0
0,0,0,0,0,0,0,0,0,0,0,0,0,0,0,0,1,0,0,0,1,0,1,0,0,0,0,1,0,0,1,1,1,1,0,0,0,1,2,1,3,1,0,1,0,0,0,0,3,4,0,0,3,1,1,1,0,1,1,1,3,1,0,0,1,1,3,0,1,2,1,0,0,1,1,1,5,0,0,2,4,0,1,1,0,0,1,1,3,0,0,0,1,0,0,0,0,0,0,0,1,0,0,0,0,0,0,0,0,0,0,1,0,0,0,0,0,0,0,0,0,0,0,0,0,0,0,0,0,0,0,0,0,0,0,0,0,0,0,0,0,0,0,0,0,0,0,0,0,0,0,0,0,0,0,0,0,0,0,0,0,0,0,0,0,0,0,0,0,0,0,0,0,0,0,0,0,0,0,0,0,0,0,0,0,0,0,0,0,0,0,0,0,0,0,0,0,0,0,0
0,0,0,0,0,0,0,0,0,1,0,0,0,0,0,0,0,0,0,0,0,0,0,0,0,0,0,0,0,1,0,0,0,1,2,2,2,2,0,2,1,3,2,2,0,0,2,3,0,0,1,1,1,2,2,1,2,1,2,3,0,1,0,2,1,0,0,1,1,0,0,1,2,1,1,1,1,2,1,2,0,0,2,0,0,2,0,1,0,0,0,0,0,0,0,0,0,0,1,0,1,0,0,0,1,1,0,0,0,0,0,0,1,0,0,0,0,0,0,0,0,1,0,0,0,0,0,0,0,0,0,0,0,0,0,0,0,0,0,0,0,0,0,0,0,0,0,0,0,0,0,0,0,0,0,0,0,0,0,0,0,0,0,0,0,0,0,0,0,0,0,0,0,0,0,0,0,0,0,0,0,0,0,0,0,0,0,0,0,0,0,0,0,0,0,0,0,0,0,0
0,0,0,0,1,0,0,0,0,0,0,0,0,0,0,0,0,0,0,0,0,0,0,1,1,0,1,0,1,0,2,0,1,0,0,0,0,1,0,0,0,0,0,0,2,3,0,3,1,1,1,2,0,1,2,0,1,0,3,2,1,0,0,0,2,0,2,1,1,0,1,3,4,0,1,1,1,1,1,1,1,0,2,2,0,1,1,1,0,0,0,0,0,0,0,0,0,1,0,0,1,0,0,0,0,0,0,0,0,0,1,0,0,0,0,0,0,0,1,0,0,0,0,0,0,0,0,0,0,0,0,1,0,0,0,0,1,0,0,0,0,0,0,0,0,0,0,0,0,0,0,0,0,0,0,0,0,0,0,0,0,0,0,0,0,0,0,0,0,0,0,0,0,0,0,0,0,0,0,0,0,0,0,0,0,0,0,0,0,0,0,0,0,0,0,0,0,0,0,0
0,0,0,0,0,0,0,0,0,0,0,0,0,0,0,0,0,0,0,0,0,0,0,0,1,0,0,0,0,0,1,0,1,1,0,0,1,1,2,1,0,2,2,1,0,0,0,5,2,0,0,2,1,1,0,2,1,1,2,1,0,1,1,1,2,1,5,0,0,3,2,1,3,1,2,1,0,4,0,0,1,2,0,0,0,2,0,0,0,0,1,2,0,0,0,0,0,1,1,0,0,0,0,0,0,0,0,0,0,0,0,0,0,0,0,0,1,1,1,0,0,0,0,1,0,0,0,0,0,0,0,0,0,0,0,0,0,0,0,0,0,0,0,0,0,0,0,0,0,0,0,0,0,0,0,0,0,0,0,0,0,0,0,0,0,0,0,0,0,0,0,0,0,0,0,0,0,0,0,0,0,0,0,0,0,0,0,0,0,0,0,0,0,0,0,0,0,0,0,0
0,0,0,0,0,0,0,0,0,1,0,0,0,0,0,0,0,0,0,0,1,0,2,0,0,0,0,0,0,0,0,0,0,0,0,0,1,0,2,1,0,0,0,0,0,0,0,4,0,1,1,0,0,0,2,1,1,3,0,1,2,1,3,1,3,0,3,0,1,0,0,0,0,1,2,0,0,0,0,1,0,1,1,1,1,0,1,1,0,0,0,0,1,0,1,0,0,0,0,0,0,0,0,0,0,0,0,0,0,0,0,0,0,0,0,0,0,0,0,0,0,0,0,0,0,0,0,0,0,0,0,0,0,0,0,0,0,0,0,0,0,0,0,0,0,0,0,0,0,0,0,0,0,0,0,0,0,0,0,0,0,0,0,0,0,0,0,0,0,0,0,0,0,0,0,0,0,0,0,0,0,0,0,0,0,0,0,0,0,0,0,0,0,0,0,0,0,0,0,0
0,0,0,0,0,0,0,1,0,0,0,0,0,0,0,0,0,0,0,0,0,1,0,0,0,0,1,0,0,0,0,0,0,0,1,0,1,0,0,2,2,2,2,0,1,3,1,0,0,0,2,3,1,1,2,1,0,0,2,2,1,1,2,1,1,6,0,4,1,0,0,0,1,0,2,1,1,1,1,1,1,0,0,0,1,0,2,2,1,0,1,0,0,1,1,0,0,0,0,0,0,0,0,0,0,1,0,0,0,0,1,0,0,0,0,0,0,0,0,0,0,0,0,0,0,1,0,0,0,0,0,0,0,0,0,0,0,0,0,0,0,0,0,0,0,0,0,0,0,0,0,0,0,0,0,0,0,0,0,0,0,0,0,0,0,0,0,0,0,0,0,0,0,0,0,0,0,0,0,0,0,0,0,0,0,0,0,0,0,0,0,0,0,0,0,0,0,0,0,0
0,1,0,0,0,0,0,0,0,0,0,0,0,0,0,0,0,0,0,0,1,1,0,0,0,0,0,0,1,0,1,4,1,1,0,1,1,0,0,0,2,1,1,0,2,0,1,1,0,1,1,1,1,3,1,1,1,0,2,0,1,3,3,0,2,0,1,0,0,0,2,0,2,1,1,2,0,0,0,2,1,0,0,0,0,1,1,0,0,0,2,0,1,0,0,0,1,0,1,0,1,0,0,1,0,1,0,1,0,2,0,1,0,0,0,0,0,0,1,0,1,0,0,0,0,0,0,0,0,0,0,0,0,1,0,0,0,0,0,0,0,0,0,0,0,0,0,0,0,0,0,0,0,0,0,0,1,0,0,0,0,0,0,0,0,0,0,0,0,0,0,0,0,0,0,0,0,0,0,0,0,0,0,0,0,0,0,0,0,0,0,0,0,0,0,0,0,0,0,0
0,0,0,0,0,0,0,0,0,0,0,0,0,0,0,0,0,0,0,1,0,0,1,0,0,0,0,0,0,1,0,0,1,0,1,0,0,0,0,0,1,1,1,2,1,3,1,0,0,1,0,1,1,5,0,3,3,0,1,1,3,2,2,2,1,2,0,1,1,1,2,1,1,1,0,0,2,0,0,1,0,0,1,0,2,0,0,1,2,2,1,0,1,0,0,0,0,0,0,0,0,0,2,0,0,0,1,0,0,0,0,0,0,0,0,0,0,1,0,0,0,0,0,0,0,1,0,0,0,0,0,0,0,0,0,0,0,0,0,0,0,0,0,0,0,0,0,0,0,0,0,0,0,0,0,0,0,0,0,0,0,0,0,0,0,0,0,0,0,0,0,0,0,0,0,0,0,0,0,0,0,0,0,0,0,0,0,0,0,0,0,0,0,0,0,0,0,0,0,0
0,0,0,0,0,0,0,0,0,0,0,0,0,0,0,1,0,1,0,0,0,1,0,0,0,1,1,0,0,0,0,0,1,0,0,1,3,0,0,0,2,2,0,0,0,0,1,2,0,2,2,1,0,0,0,1,1,0,1,0,1,0,1,1,1,1,0,1,1,0,5,1,0,0,1,0,0,1,0,0,0,0,0,0,0,1,1,0,2,2,0,0,0,0,1,0,0,0,0,0,0,0,0,0,0,0,0,0,0,0,0,1,0,0,0,0,0,0,0,0,0,0,0,0,0,0,0,1,0,0,0,0,0,0,0,0,0,0,0,0,0,0,0,1,0,0,0,0,0,0,0,0,0,0,0,0,0,0,0,0,0,0,0,0,0,0,0,0,0,0,0,0,0,0,0,0,0,0,0,0,0,0,0,0,0,0,0,0,0,0,0,0,0,0,0,0,0,0,0,0
1,0,0,0,0,0,0,0,0,0,0,0,0,0,0,1,0,0,0,0,0,0,0,0,0,0,0,0,1,1,0,0,1,0,1,1,0,0,1,1,0,2,0,1,0,0,1,1,0,1,1,1,1,1,1,3,0,3,0,1,0,0,1,3,0,0,0,0,0,1,3,2,1,0,1,1,1,0,0,1,0,1,1,2,0,1,2,0,0,0,0,1,1,0,0,0,0,0,0,1,0,0,1,1,0,0,0,0,0,0,0,0,1,0,0,0,0,0,1,0,0,0,0,1,0,0,0,0,1,0,1,0,0,0,0,0,0,0,0,0,0,0,0,0,0,0,0,0,0,0,0,0,0,0,0,0,0,0,0,0,0,0,0,0,0,0,0,1,0,0,0,0,0,0,0,0,0,0,0,0,0,0,0,0,0,0,0,0,0,0,0,0,0,0,0,0,0,0,0,0
0,0,0,0,0,0,0,0,0,0,0,0,0,0,0,1,0,0,0,1,0,0,0,0,0,1,0,0,0,0,0,1,0,2,0,0,0,0,1,1,0,0,0,2,1,1,1,0,0,0,1,1,0,2,1,1,2,0,1,0,1,0,0,1,0,0,1,1,0,1,1,1,1,0,0,1,0,1,2,0,0,0,0,1,1,0,1,1,2,0,0,1,0,0,0,0,0,0,0,0,0,0,0,0,0,0,0,0,0,0,0,0,0,0,0,0,0,0,0,0,0,0,0,0,0,0,0,0,0,0,0,0,0,0,0,1,0,0,0,0,0,0,0,0,0,0,0,0,0,0,0,0,0,0,0,0,0,0,0,0,0,0,0,0,0,0,0,0,0,0,0,0,0,0,0,0,0,0,0,0,0,0,0,0,0,0,0,0,0,0,0,0,0,0,0,0,0,0,0,0
0,0,0,0,0,0,0,0,0,0,0,0,0,0,0,1,0,0,0,0,0,0,2,0,0,0,1,0,0,0,1,2,1,0,0,1,1,0,0,0,1,0,0,1,0,0,2,2,2,1,2,1,0,2,1,1,1,0,2,3,1,0,1,0,1,2,1,0,0,0,1,2,0,0,2,0,0,1,0,0,2,0,0,0,0,0,0,0,0,0,1,1,1,1,0,0,1,0,1,0,0,0,0,0,0,0,0,0,0,0,0,0,0,0,0,0,0,0,0,0,0,0,0,0,0,0,0,0,0,0,0,0,0,0,0,0,0,0,0,0,0,0,0,0,0,0,0,0,0,0,0,0,0,0,0,0,0,0,0,0,0,0,0,0,0,0,0,0,0,0,0,0,0,0,0,0,0,0,0,0,0,0,0,0,0,0,0,0,0,0,0,0,0,0,0,0,0,0,0,0
0,0,0,0,0,0,0,0,0,0,0,0,1,0,0,0,0,0,0,0,0,0,3,0,0,0,0,0,0,0,1,0,0,1,0,0,1,1,0,1,0,1,2,1,0,1,0,0,1,0,1,3,0,2,0,1,0,0,1,1,2,1,1,1,0,0,1,1,1,1,2,0,1,1,2,0,2,1,1,0,1,0,0,0,0,2,1,0,1,0,0,0,1,0,1,0,0,0,3,0,0,0,0,1,0,0,0,0,0,0,1,0,0,0,0,0,0,0,0,0,0,1,0,0,0,0,0,0,0,0,0,0,0,0,0,0,0,0,0,0,0,0,0,0,0,0,0,0,0,0,0,0,0,0,0,0,0,0,0,0,0,0,0,0,0,0,0,0,0,0,0,0,0,0,0,0,0,0,0,0,0,0,0,0,0,0,0,0,0,0,0,0,0,0,0,0,0,0,0,0
0,0,0,0,0,0,0,0,0,0,0,0,0,0,0,0,0,0,0,0,0,0,0,1,1,1,0,0,0,0,1,0,1,1,0,0,1,0,0,0,1,1,0,3,1,2,2,2,2,1,1,0,1,1,1,1,2,3,1,2,1,2,2,0,1,1,1,2,3,2,1,0,1,3,1,1,1,1,2,0,2,0,1,1,0,0,0,0,1,0,0,0,1,0,0,1,1,1,1,0,1,0,0,0,0,0,0,0,0,0,0,0,0,0,0,0,0,0,0,0,1,0,0,0,0,0,0,0,0,0,1,0,0,0,0,0,0,0,0,0,0,0,0,0,0,0,0,0,0,0,0,0,0,0,0,0,0,0,0,0,0,0,0,0,0,0,0,0,0,0,0,0,0,0,0,0,0,0,0,0,0,0,0,0,0,0,0,0,0,0,0,0,0,0,0,0,0,0,0,0
0,0,0,0,0,0,0,0,0,0,0,0,0,1,0,0,0,0,0,0,1,0,0,1,0,0,0,0,0,0,0,1,0,0,0,1,2,1,3,1,3,0,0,1,2,0,1,1,1,0,2,1,1,1,1,1,2,1,1,1,3,2,2,0,0,0,0,1,0,1,1,1,0,1,0,1,1,1,0,0,2,0,0,0,0,0,0,1,1,0,0,0,0,1,1,0,1,0,0,1,0,0,0,1,1,0,0,0,0,0,0,0,0,0,0,0,0,0,0,0,0,0,0,0,0,0,0,0,0,0,0,0,0,0,0,0,0,0,0,0,0,0,0,0,0,0,0,0,0,0,0,0,0,0,0,0,0,0,0,0,0,0,0,0,0,0,0,0,0,0,0,0,0,0,0,0,0,0,0,0,0,0,0,0,0,0,0,0,0,0,0,0,0,0,0,0,0,0,0,0
0,0,0,0,0,0,0,0,0,0,0,0,0,0,0,0,0,0,0,0,0,1,0,0,0,0,0,0,0,0,0,3,0,0,0,0,0,0,0,0,1,1,1,3,0,1,0,1,1,2,2,1,1,1,0,0,0,0,1,1,1,1,1,0,2,0,1,2,1,1,1,0,0,1,0,0,0,0,0,0,2,0,2,0,0,0,1,0,0,0,0,0,0,0,0,0,1,1,0,0,0,0,0,0,0,0,1,0,0,0,0,0,0,0,1,0,0,0,0,0,0,0,0,0,0,0,0,0,0,0,0,0,0,0,0,0,0,0,0,0,0,0,0,0,0,0,0,0,0,0,0,0,0,0,0,0,0,0,0,0,0,0,0,0,0,0,0,0,0,0,0,0,0,0,0,0,0,0,0,0,0,0,0,0,0,0,0,0,0,0,0,0,0,0,0,0,0,0,0,0
0,0,0,0,0,0,0,0,0,0,0,0,0,0,0,1,0,0,1,0,0,0,0,0,1,0,0,1,0,1,0,0,0,1,0,0,0,0,0,1,2,1,0,1,0,0,0,2,3,0,1,0,0,2,2,1,1,0,0,2,0,2,1,1,0,1,0,1,0,0,0,0,1,1,0,0,0,0,2,0,0,1,1,0,1,0,1,0,1,0,0,0,0,0,0,1,0,0,0,0,0,0,1,0,0,0,0,0,0,0,0,0,0,1,0,0,0,0,0,0,0,0,0,0,0,0,0,0,0,0,0,0,0,0,0,0,0,0,0,1,0,0,0,0,0,0,0,0,0,0,0,0,0,0,0,0,0,0,0,0,0,0,0,0,0,0,0,0,0,0,0,0,0,0,0,0,0,0,0,0,0,0,0,0,0,0,0,0,0,0,0,0,0,0,0,0,0,0,0,0
0,0,0,0,0,0,0,0,0,0,0,0,0,0,0,0,0,0,0,1,0,0,0,0,0,0,1,0,0,0,1,1,0,1,2,0,0,1,0,0,1,1,0,1,2,0,0,0,2,0,2,1,1,2,0,0,3,1,1,1,0,0,1,1,3,1,1,1,0,1,0,0,0,2,1,1,0,2,0,0,1,1,1,0,0,0,0,0,1,0,1,0,0,0,0,1,0,0,1,0,0,1,0,0,0,0,0,0,0,0,0,0,0,0,0,0,0,0,0,0,1,0,0,0,0,0,0,0,0,0,0,0,0,0,0,0,0,0,0,0,0,0,0,0,0,0,0,0,0,0,0,0,0,0,0,0,0,0,0,0,0,0,0,0,0,0,0,0,0,0,0,0,0,0,0,0,0,0,0,0,0,0,0,0,0,0,0,0,0,0,0,0,0,0,0,0,0,0,0,0
0,0,0,0,0,0,0,0,0,0,0,0,0,0,0,1,0,0,0,0,0,0,0,0,1,0,0,0,0,0,0,0,0,0,1,0,0,3,0,0,0,0,0,1,0,2,1,1,1,0,1,0,1,2,0,1,0,1,1,1,3,1,3,1,0,1,0,0,0,0,1,0,0,1,0,0,1,0,2,0,0,0,0,1,1,0,0,0,1,1,0,1,0,0,0,1,0,0,2,0,0,0,0,0,0,0,0,1,0,0,1,0,0,0,0,1,0,0,0,0,0,0,0,0,0,0,0,0,1,0,0,0,0,0,0,0,0,0,0,0,0,0,0,0,0,0,0,0,0,0,0,0,0,0,0,0,0,0,0,0,0,0,0,0,0,0,0,0,0,0,0,0,0,0,0,0,0,0,0,0,0,0,0,0,0,0,0,0,0,0,0,0,0,0,0,0,0,0,0,0
0,0,0,0,0,0,0,0,0,0,0,0,0,0,0,1,0,0,0,1,1,0,1,1,0,0,0,0,0,0,0,0,1,1,0,0,1,0,0,0,0,1,0,4,1,1,0,1,0,0,0,1,0,0,2,2,0,0,0,2,0,0,0,0,1,0,2,0,2,0,1,1,2,0,0,1,0,1,0,0,0,0,1,0,1,3,0,0,0,0,0,0,0,1,0,0,0,0,0,0,0,0,0,0,0,0,0,1,1,0,0,0,0,0,0,0,0,0,0,0,0,0,0,0,0,0,0,0,0,1,0,0,0,0,0,0,0,0,0,0,0,0,0,0,0,0,0,0,0,0,0,0,0,0,0,0,0,0,0,0,0,0,0,0,0,0,0,0,0,0,0,0,0,0,0,0,0,0,0,0,0,0,0,0,0,0,0,0,0,0,0,0,0,0,0,0,0,0,0,0
0,0,0,0,0,0,0,0,0,0,0,0,0,0,0,0,0,0,0,0,0,0,0,0,0,0,0,0,0,0,0,1,0,0,0,0,0,2,1,0,0,0,0,0,0,1,0,1,2,0,0,3,5,0,1,0,1,1,0,0,1,1,0,1,0,1,0,2,0,1,2,1,0,0,0,0,0,0,0,1,0,0,0,0,1,1,0,2,0,0,1,0,0,0,0,0,0,1,1,1,1,0,0,0,0,1,0,0,0,0,0,0,0,0,0,0,0,0,0,0,0,0,0,0,0,1,0,0,0,0,0,0,0,0,0,0,0,0,0,0,0,0,0,0,0,0,0,0,0,0,0,0,0,0,0,0,0,0,0,0,0,0,0,0,0,0,0,0,0,0,0,0,0,0,0,0,0,0,0,0,0,0,0,0,0,0,0,0,0,0,0,0,0,0,0,0,0,0,0,0
0,0,0,0,0,0,1,0,0,0,0,0,0,0,0,0,0,0,0,0,0,1,0,0,1,0,0,1,0,0,0,0,0,1,0,0,2,0,0,0,1,2,1,0,0,0,0,1,0,2,1,0,2,0,2,0,2,2,1,0,0,0,0,0,1,1,0,0,2,1,1,0,0,1,2,0,0,0,0,0,2,0,0,0,0,0,0,1,0,1,0,0,0,0,2,0,0,0,0,0,1,0,0,0,0,0,1,0,0,0,0,0,0,0,0,0,0,0,0,0,0,0,1,0,1,0,0,0,0,0,0,0,0,1,0,0,0,0,0,0,1,0,0,0,0,0,0,0,0,0,0,0,0,0,0,0,0,0,0,0,0,0,0,0,0,0,0,0,0,0,0,0,0,0,0,0,0,0,0,0,0,0,0,0,0,0,0,0,0,0,0,0,0,0,0,0,0,0,0,0
0,0,0,0,0,0,0,0,0,0,0,0,0,1,0,1,0,0,0,1,0,0,0,0,0,0,0,0,0,0,0,1,1,0,2,0,0,0,1,0,0,1,1,0,1,1,1,0,0,0,0,1,0,2,2,2,1,1,2,1,1,1,0,0,1,0,0,1,0,2,1,0,0,0,1,1,0,0,0,0,0,0,0,1,0,0,1,0,0,0,1,0,0,0,0,0,0,0,0,0,0,0,0,0,0,0,1,0,0,0,0,0,0,0,0,1,0,0,0,0,0,0,0,1,0,0,0,0,0,0,0,0,0,0,0,0,0,0,0,0,0,0,0,0,0,0,0,0,0,0,0,0,0,0,0,0,0,0,0,0,0,0,0,0,0,0,0,0,0,0,0,0,0,0,0,0,0,0,0,0,0,0,0,0,0,0,0,0,0,0,0,0,0,0,0,0,0,0,0,0
0,0,0,0,0,0,0,0,0,0,0,0,1,0,0,0,0,0,0,0,0,0,0,0,0,0,0,0,0,0,0,0,0,1,0,0,1,1,1,1,1,0,0,1,1,0,1,0,1,1,2,2,4,1,1,0,1,1,0,0,0,2,0,2,0,1,0,1,0,0,1,1,0,0,0,1,1,1,1,0,0,1,0,0,0,0,0,0,0,0,0,0,0,0,0,0,0,1,1,0,0,0,0,0,0,0,0,0,0,0,0,0,0,0,0,0,0,0,0,1,0,0,0,1,0,0,0,0,0,0,0,0,0,0,0,0,0,0,0,0,0,0,0,0,0,0,0,0,0,0,0,0,0,0,0,0,0,0,0,0,0,0,0,0,0,0,0,0,0,0,0,0,0,0,0,0,0,0,0,0,0,0,0,0,0,0,0,0,0,0,0,0,0,0,0,0,0,0,0,0
0,0,0,0,0,0,0,0,0,0,0,0,0,0,1,0,0,0,0,0,0,0,1,0,0,0,0,0,2,1,1,0,0,0,0,0,0,0,0,0,2,0,0,0,1,1,0,1,1,2,2,0,1,1,0,0,0,1,0,1,0,0,1,0,0,0,0,1,0,0,0,1,0,1,0,1,1,0,1,0,0,0,0,1,0,2,0,0,0,0,0,0,0,0,0,0,0,0,0,0,0,0,0,2,0,0,1,0,0,0,0,0,0,0,0,0,0,0,0,0,0,1,0,0,0,0,0,0,0,0,0,0,0,0,0,0,0,0,0,0,0,0,0,0,1,0,0,0,0,0,0,0,0,0,0,0,0,0,0,0,0,0,0,0,0,0,0,0,0,0,0,0,0,0,0,0,0,0,0,0,0,0,0,0,0,0,0,0,0,0,0,0,0,0,0,0,0,0,0,0
0,0,0,0,0,0,0,0,0,1,0,0,0,0,0,0,0,0,0,0,0,0,0,0,0,0,0,1,0,0,0,0,0,0,0,1,1,0,0,1,0,2,0,0,1,2,1,0,0,0,0,0,0,0,1,1,2,0,0,1,1,0,0,0,1,0,0,1,0,0,1,1,0,1,0,0,0,0,1,1,0,0,1,1,0,0,0,1,0,0,0,0,0,0,1,0,0,0,1,0,0,0,0,0,0,0,0,0,0,0,0,0,0,0,0,0,0,0,0,0,0,0,0,0,0,0,0,0,0,0,0,0,0,0,0,0,0,0,0,0,0,0,0,0,0,0,0,0,0,0,0,0,0,0,0,0,0,0,0,0,0,0,0,0,0,0,0,0,0,0,0,0,0,0,0,0,0,0,0,0,0,0,0,0,0,0,0,0,0,0,0,0,0,0,0,0,0,0,0,0
0,0,0,0,0,0,0,0,0,0,0,0,0,0,0,0,0,0,0,0,0,0,0,0,1,0,0,1,0,1,0,1,0,1,0,0,1,1,0,1,2,1,1,0,1,1,0,1,0,0,0,2,1,1,0,0,0,1,0,0,0,0,1,0,0,0,0,2,0,0,1,1,0,0,0,0,0,0,0,0,0,1,0,0,1,0,0,0,1,0,0,0,0,0,1,0,1,0,0,0,0,0,0,2,1,0,0,1,0,0,0,0,0,0,0,0,0,0,0,1,0,0,0,0,0,0,0,0,0,0,0,0,0,0,0,0,0,0,0,0,0,0,0,0,0,0,0,0,0,0,0,0,0,0,0,0,0,0,0,0,0,0,0,0,0,0,0,0,0,0,0,0,0,0,0,0,0,0,0,0,0,0,0,0,0,0,0,0,0,0,0,0,0,0,0,0,0,0,0,0
0,0,0,0,0,0,0,0,0,0,0,0,0,0,0,0,0,0,0,0,0,0,0,0,0,0,0,0,0,0,0,0,0,0,0,0,1,0,0,0,0,0,2,0,1,0,1,1,0,1,2,0,0,3,0,1,2,0,0,0,1,0,1,0,1,0,0,0,1,0,0,1,1,0,0,1,0,0,0,0,1,0,0,1,0,0,0,0,0,0,0,0,0,0,0,2,0,0,0,0,0,0,0,1,0,0,0,0,0,0,1,0,0,0,0,0,0,0,0,0,0,0,0,0,0,0,0,0,0,0,0,0,0,0,0,0,0,0,0,0,0,0,0,0,0,0,0,0,0,0,0,0,0,0,0,0,0,0,0,0,0,0,0,0,0,0,0,0,0,0,0,0,0,0,0,0,0,0,0,0,0,0,0,0,0,0,0,0,0,0,0,0,0,0,0,0,0,0,0,0
0,0,0,0,0,0,0,0,0,0,0,0,0,0,0,0,0,0,0,0,0,0,0,0,0,0,0,1,0,1,0,1,0,0,2,1,0,0,0,0,0,0,0,0,0,1,0,0,1,0,0,0,1,1,1,2,0,2,1,0,1,0,0,0,0,1,0,0,0,0,0,0,0,0,0,1,1,0,0,0,0,0,0,0,0,0,0,0,0,0,1,0,0,0,0,0,1,1,0,0,0,0,0,0,0,0,0,0,0,0,0,0,0,0,0,0,0,0,1,0,0,0,0,0,0,0,0,0,0,0,0,0,0,0,0,0,0,1,0,0,0,0,0,0,0,0,0,0,0,0,0,0,0,0,0,0,0,0,0,0,0,0,0,0,0,0,0,0,0,0,0,0,0,0,0,0,0,0,0,0,0,0,0,0,0,0,0,0,0,0,0,0,0,0,0,0,0,0,0,0
0,0,0,0,0,0,0,0,0,0,0,0,0,0,1,0,0,0,0,0,0,0,1,1,0,0,0,0,0,0,0,0,0,1,0,0,1,0,0,0,0,1,0,1,2,1,0,0,0,0,0,0,0,0,0,0,0,0,2,0,1,0,1,0,1,1,1,1,1,0,1,0,0,1,0,1,0,0,0,0,1,0,0,0,0,0,0,0,0,1,0,0,0,0,0,0,0,0,0,0,0,0,0,0,0,0,0,0,0,0,0,0,0,0,0,0,0,0,0,0,0,0,0,0,0,0,0,0,0,0,0,0,0,0,0,0,0,0,0,0,0,0,0,0,0,0,0,0,0,0,0,0,0,0,0,0,0,0,0,0,0,0,0,0,0,0,0,0,0,0,0,0,0,0,0,0,0,0,0,0,0,0,0,0,0,0,0,0,0,0,0,0,0,0,0,0,0,0,0,0
0,0,0,0,0,0,0,0,0,0,0,0,0,1,0,0,0,0,0,0,0,0,0,0,0,0,0,0,0,0,0,0,0,0,0,0,1,0,3,0,0,1,0,0,1,0,1,1,1,1,1,0,1,0,0,1,1,2,0,2,0,0,0,0,4,0,0,1,1,0,0,0,0,0,0,1,0,1,0,0,0,0,0,0,0,0,0,0,0,0,0,0,0,0,0,0,0,0,0,0,0,0,1,1,0,0,0,0,0,0,0,0,0,0,0,1,0,0,0,0,0,0,1,0,0,1,0,0,0,0,0,0,0,0,0,0,0,0,0,0,0,0,0,0,0,0,0,0,0,0,0,0,0,0,0,0,0,0,0,0,0,0,0,0,0,0,0,0,0,0,0,0,0,0,0,0,0,0,0,0,0,0,0,0,0,0,0,0,0,0,0,0,0,0,0,0,0,0,0,0
0,0,0,0,0,0,0,0,0,0,0,0,0,0,0,1,0,0,0,1,0,0,0,0,0,0,0,0,0,0,0,0,0,0,0,0,1,1,1,0,0,0,0,1,0,0,1,0,1,0,0,2,0,0,0,2,0,0,1,3,3,0,0,3,0,1,1,1,0,0,0,0,0,1,0,0,0,0,1,0,0,0,0,1,0,0,0,0,0,0,0,0,0,0,0,0,0,0,0,0,0,0,1,0,0,0,0,0,1,0,0,0,0,0,0,0,0,0,0,0,0,0,0,0,0,0,0,0,0,0,0,0,0,0,0,0,0,0,0,0,0,0,0,0,0,0,0,0,0,0,0,0,0,0,0,0,0,0,0,0,0,0,0,0,0,0,0,0,0,0,0,0,0,0,0,0,0,0,0,0,0,0,0,0,0,0,0,0,0,0,0,0,0,0,0,0,0,0,0,0
0,0,0,0,0,0,0,0,0,0,0,0,0,0,0,0,0,0,0,0,0,0,0,0,0,0,0,1,0,0,0,0,0,0,1,0,0,0,1,0,2,0,0,0,0,1,1,0,0,0,0,0,0,1,0,0,0,0,3,1,1,2,1,3,0,0,0,0,0,1,0,0,1,0,1,0,0,1,0,1,0,1,2,1,0,0,0,0,0,0,0,0,1,0,0,0,0,0,0,0,0,0,0,0,0,0,0,0,0,1,0,0,0,1,0,0,0,0,0,0,0,0,0,0,0,0,0,0,0,0,0,0,0,0,0,0,0,0,0,0,0,0,0,0,0,0,0,0,0,0,0,0,0,0,0,0,0,0,0,0,0,0,0,0,0,0,0,0,0,0,0,0,0,0,0,0,0,0,0,0,0,0,0,0,0,0,0,0,0,0,0,0,0,0,0,0,0,0,0,0
0,0,0,0,0,0,0,0,0,0,0,0,0,0,0,0,0,0,0,0,0,0,0,0,0,0,0,0,0,0,0,0,0,1,0,0,1,0,0,0,0,2,0,1,0,1,0,1,0,1,0,1,3,0,1,0,0,0,0,1,0,1,0,0,2,0,1,0,1,0,1,0,0,0,0,1,2,1,0,1,1,0,0,0,0,0,0,0,0,0,0,0,0,0,0,0,0,0,0,0,0,0,0,0,0,0,0,0,0,0,0,0,0,0,0,0,0,0,0,0,0,0,0,0,0,0,0,0,0,0,0,0,0,0,0,0,0,0,0,0,0,0,0,0,0,0,0,0,0,0,0,0,0,0,0,0,0,0,0,0,0,0,0,0,0,0,0,0,0,0,0,0,0,0,0,0,0,0,0,0,0,0,0,0,0,0,0,0,0,0,0,0,0,0,0,0,0,0,0,0
0,0,0,0,0,0,0,0,0,0,0,0,0,0,0,0,0,1,0,0,0,0,0,0,0,0,0,0,0,0,1,0,0,0,1,0,0,0,0,1,0,1,0,0,1,1,0,0,0,2,0,3,0,0,3,1,1,0,1,0,0,0,1,0,1,0,0,0,0,2,0,0,1,1,0,0,0,1,0,2,1,0,0,0,0,0,0,0,0,0,0,0,1,0,0,1,0,0,0,0,0,1,0,0,0,0,0,1,0,0,0,0,0,1,0,0,0,0,0,0,0,0,0,0,0,0,0,0,0,0,0,0,0,0,0,0,0,0,0,0,0,0,0,0,0,0,0,0,0,0,0,0,0,0,0,0,0,0,0,0,0,0,0,0,0,0,0,0,0,0,0,0,0,0,0,0,0,0,0,0,0,0,0,0,0,0,0,0,0,0,0,0,0,0,0,0,0,0,0,0
0,0,0,0,0,0,0,0,0,0,0,0,0,0,0,0,0,0,0,0,0,0,1,0,0,0,1,0,0,0,0,0,0,0,1,0,1,0,0,0,1,1,0,0,0,0,0,1,1,0,0,1,0,2,0,0,0,2,1,0,0,0,1,0,1,1,1,0,1,1,0,0,0,0,1,0,0,0,0,1,0,1,0,0,0,0,0,0,0,0,0,1,0,1,0,0,0,0,0,0,0,1,0,0,0,1,0,0,0,0,0,0,0,0,0,0,0,0,0,0,0,0,0,0,0,0,0,0,0,0,0,0,0,0,0,1,0,0,0,0,0,0,0,0,0,0,0,0,0,0,0,0,0,0,0,0,0,0,0,0,0,0,0,0,0,0,0,0,0,0,0,0,0,0,0,0,0,0,0,0,0,0,0,0,0,0,0,0,0,0,0,0,0,0,0,0,0,0,0,0
0,0,0,0,0,0,0,0,0,0,0,0,0,0,0,0,0,0,0,0,0,0,0,0,0,0,0,0,1,0,0,0,1,0,2,0,1,0,0,1,0,0,1,0,1,0,0,0,0,0,0,0,1,1,0,0,1,0,0,0,1,0,1,0,3,1,0,1,1,0,0,0,0,0,2,0,1,0,0,0,0,0,0,1,0,0,0,0,0,0,0,0,0,0,0,0,0,0,0,0,0,0,0,0,0,0,0,0,0,0,0,0,0,0,0,0,0,0,0,0,0,0,0,0,0,0,1,0,0,0,0,0,0,0,0,0,0,0,0,0,0,0,0,0,0,0,0,0,0,0,0,0,0,0,0,0,0,0,0,0,0,0,0,0,0,0,0,0,0,0,0,0,0,0,0,0,0,0,0,0,0,0,0,0,0,0,0,0,0,0,0,0,0,0,0,0,0,0,0,0
