-27.2149,-26.2354,-29,884,23,1350,1771,46,909,908,1795,1328,465,24,2241
-26.3285,-29,-29,1772,2219,884,444,909,1328,885,442,443,1773,0,2661
-22.1607,-27.545,-29,468,1329,1330,886,25,445,443,1352,1774,887,911,1773
-18.7474,-29,-29,1331,888,446,887,1775,4,2222,445,912,1799,1330,447
-16.7668,-29,-29,888,446,447,1332,889,3,1799,1775,913,1776,2246,448
-13.3363,-29,-29,1777,890,448,449,889,6,1333,1778,2246,2667,471,891
-12.5022,-27.4897,-29,1778,1333,471,891,448,5,449,472,2247,890,1777,1334
-9.95773,-29,-29,1334,1335,450,891,449,2226,1779,1778,1357,890,1358,892
-6.70477,-29,-29,451,450,1336,1780,452,892,893,2227,2226,1335,9,1781
-4.19151,-27.5409,-29,452,1360,1337,1804,451,893,1359,894,1781,10,475,1336
-1.96631,-27.7668,-29,453,1360,1337,1338,1782,476,894,454,2251,9,895,1804
0.838441,-29,-29,895,1339,896,455,453,454,1361,1338,2672,921,897,1784
2.44702,-26.0158,-29,478,896,1806,921,35,897,477,36,1362,1807,2253,1361
5.17323,-27.5983,-29,1340,456,898,36,2254,922,1341,897,1785,1784,2232,479
7.79331,-29,-29,1342,1341,899,2232,898,1786,458,2233,1787,457,2254,1785
11.0526,-27.809,-29,38,1343,900,1787,39,459,458,2256,16,899,2234,481
13.2766,-27.721,-29,1811,459,1343,925,39,1344,460,1810,15,2235,901,1367
17.4818,-27.7462,-29,903,1368,461,1789,901,1345,902,484,18,1812,2258,2703
19.6384,-27.768,-29,461,484,485,1346,904,903,1790,927,17,462,2238,42
23.0539,-29,-29,905,463,2239,462,20,1792,904,2681,43,1348,1346,1793
23.9243,-27.4836,-29,1348,1792,43,463,930,19,906,1815,462,2239,1793,905
26.8651,-29,-29,464,906,1793,1349,2240,22,463,487,2683,907,1348,2263
29,-29,-29,464,1349,907,21,931,2240,2263,487,2683,906,1793,1373
-26.0151,-25.1093,-29,466,1795,24,0,1376,46,1350,467,1351,909,2685,910
-24.6943,-26.0816,-29,23,910,443,1795,25,909,467,885,1376,1796,0,1329
-23.0236,-26.0541,-29,911,24,1352,443,2,910,1796,467,1329,468,48,885
-19.8616,-25.1531,-29,1798,1353,468,912,49,469,1797,27,911,1821,2245,887
-18.0636,-25.0678,-29,913,912,1379,469,50,1798,2245,26,470,1354,1355,1797
-15.1667,-26.127,-29,914,447,471,1355,2246,470,913,448,1800,1380,1799,1333
-12.5283,-22.8412,-29,915,494,1381,52,53,938,1356,1824,2714,1382,495,51
-9.70175,-23.2238,-29,54,915,53,31,1802,940,1382,916,496,2272,1801,939
-8.48107,-24.3516,-29,917,473,30,2249,2272,916,1802,54,474,1803,940,1357
-5.60478,-24.5886,-29,1827,917,1359,1803,475,55,474,1826,2250,498,2227,1804
-2.29637,-24.8976,-29,918,919,499,1360,476,475,34,498,2251,1828,1804,1805
-0.55061,-24.6906,-29,920,476,919,58,499,477,33,1805,1386,35,2251,1806
1.53263,-24.4902,-29,1362,920,58,477,12,1387,59,1806,478,34,500,2696
4.28563,-26.1865,-29,897,478,13,1807,479,922,1340,12,921,1808,2254,2697
6.95554,-24.7385,-29,1831,922,61,457,1808,1809,479,1364,946,923,502,2255
10.0185,-26.5182,-29,2256,1365,15,923,481,899,1787,39,457,924,458,480
12.0364,-26.4637,-29,2256,1810,15,925,482,481,1343,16,38,1366,459,1787
14.4261,-24.45,-29,2257,926,1392,63,949,64,925,482,483,1367,505,2258
18.0612,-24.8562,-29,65,484,1368,1813,42,483,1394,1369,1812,927,2258,1836
19.7546,-25.0995,-29,1370,41,1394,927,484,485,1813,928,66,1812,2284,1347
22.7194,-26.289,-29,1815,1347,462,20,928,929,1792,485,1814,930,486,1346
26.3028,-24.9575,-29,486,1396,1373,487,930,2706,955,1372,2262,2263,953,68
29,-24.0113,-29,1373,955,69,1397,1816,2706,931,2287,44,2263,1840,510
-27.58,-24.5067,-29,1350,932,23,1351,933,0,908,466,1794,1817,1771,1376
-26.0811,-21.8244,-29,466,1818,72,489,1399,512,1375,933,490,1351,2289,1819
-22.7483,-23.4429,-29,1820,1377,467,1796,934,935,911,490,49,2266,1819,25
-20.7178,-23.7043,-29,911,935,1821,26,469,1820,1353,492,48,1798,1796,468
-17.3747,-23.5374,-29,1379,1822,937,469,936,27,470,1354,493,1798,1380,2712
-14.8194,-21.5912,-29,494,962,1403,493,52,1823,937,938,2294,516,1822,2713
-13.1816,-21.268,-29,938,51,495,2294,29,517,1381,962,494,963,53,2271
-10.9346,-22.1242,-29,1381,30,495,1382,496,915,939,29,940,518,52,1825
-8.19264,-22.5921,-29,30,917,1383,941,496,497,2272,31,940,1826,1849,1802
-5.13,-22.9732,-29,32,941,942,56,1827,1384,498,1826,917,475,520,57
-4.34264,-21.4242,-29,520,1384,57,966,942,80,55,1851,941,498,965,81
-2.80931,-22.0998,-29,1385,498,56,966,81,499,942,1828,943,80,55,2718
0.321155,-23.2172,-29,500,34,943,1386,920,944,35,1387,499,82,59,1829
2.80251,-23.2011,-29,478,500,1387,945,1363,60,35,1362,501,2277,58,479
4.22652,-22.1232,-29,1363,84,945,501,970,946,59,1388,2301,2720,500,478
8.25174,-23.6315,-29,1809,502,947,480,62,37,923,1831,2722,924,503,1390
9.29075,-22.2902,-29,503,480,948,1390,61,947,1832,86,502,504,2722,1833
13.206,-23.2595,-29,949,504,482,1391,2281,40,505,2257,1834,64,1366,1833
15.5694,-23.0959,-29,949,506,483,40,950,1392,505,65,1393,88,63,1835
17.4517,-23.2739,-29,1393,506,1394,41,483,1836,951,1369,64,1813,1392,1860
20.7933,-23.6141,-29,2284,928,952,1394,508,1370,42,507,67,1813,929,1814
23.0503,-22.8778,-29,952,1371,508,953,509,929,1838,1395,486,66,2285,1814
26.3475,-22.2728,-29,510,1396,92,1839,955,2287,953,954,978,1838,69,2729
29,-22.3327,-29,45,510,1840,1397,534,2287,955,68,2311,954,1816,1373
-29,-20.1806,-29,1398,489,1374,511,488,956,2289,1841,2730,512,1375,933
-24.7804,-17.3989,-29,95,1423,513,957,1843,537,1400,2313,119,982,1422,1842
-24.6346,-20.9501,-29,47,958,2290,1399,934,1819,512,490,1400,1818,1842,2266
-21.8514,-18.9658,-29,514,513,538,491,1844,1401,958,2315,959,982,2291,1378
-18.8849,-17.3441,-29,539,1401,960,984,98,1402,1869,983,75,2291,1007,985
-17.2985,-18.3738,-29,1846,1402,539,960,99,985,961,516,74,2292,1869,540
-14.0238,-18.3155,-29,1404,99,517,100,1847,962,986,1871,516,77,2294,1427
-11.5947,-18.5741,-29,1405,517,100,78,542,1404,1848,518,495,963,1428,76
-9.92141,-18.3024,-29,543,518,77,2296,1405,1428,964,542,519,1873,1848,1849
-6.96086,-19.4717,-29,544,520,497,964,1406,1407,519,1850,965,1849,1851,941
-3.51554,-19.9227,-29,965,966,81,521,56,967,1408,1851,2298,57,520,2740
-1.95871,-20.6191,-29,1409,80,57,967,943,522,1408,1385,966,82,56,1852
0.452711,-20.8012,-29,83,522,943,944,500,1409,1410,1830,968,81,58,2276
1.77723,-19.8075,-29,1830,523,82,968,969,501,1410,1854,500,522,1432,2742
5.75136,-21.4376,-29,85,970,60,1388,502,1389,946,2301,1855,525,503,1831
6.87589,-20.2551,-29,503,84,525,108,1855,1856,1389,1413,502,970,1412,971
9.85996,-20.5789,-29,1832,972,948,503,1413,527,1857,62,2303,1856,1833,1390
12.4419,-18.7734,-29,1414,1858,551,527,973,996,998,2304,1881,972,528,2747
15.3905,-20.7427,-29,528,950,506,505,89,1415,974,973,1860,64,529,2282
16.6447,-19.6593,-29,88,1860,1416,975,529,530,974,528,506,1417,1859,951
19.4027,-18.6553,-29,1861,975,1884,531,530,113,1000,1417,976,2331,2307,1862
21.8215,-20.4593,-29,508,1418,509,977,531,976,1837,1395,2309,1861,507,532
25.0554,-21.2621,-29,68,1419,953,978,509,532,1838,1839,954,2309,67,510
27.6526,-17.8273,-29,979,1443,1420,1002,1444,1864,1887,2753,116,2311,978,2334
-29,-14.8089,-29,1445,536,980,1446,535,559,1421,1888,1866,2312,118,981
-26.1896,-16.5365,-29,536,71,1422,2313,981,119,957,118,1866,1423,1421,1841
-21.9023,-15.6485,-29,1890,538,537,97,1006,1424,983,1867,1448,982,1007,2338
-20.6223,-14.604,-29,96,1007,563,2339,1448,1890,120,983,98,1424,1006,2757
-18.79,-15.6679,-29,563,1007,1869,74,1425,983,1449,539,97,984,1870,564
-15.6273,-17.9535,-29,985,76,540,516,1847,75,1871,986,539,1846,962,2317
-12.6692,-17.2871,-29,986,77,1848,76,542,1427,987,1404,517,1871,1872,2318
-11.1377,-14.3454,-29,1010,988,124,1452,1453,987,1872,567,566,2343,542,1451
-7.0536,-16.5575,-29,1429,544,2320,103,519,989,568,1873,543,1874,1430,2319
-5.47599,-15.9774,-29,102,1430,2321,1874,990,545,568,126,544,989,2320,1897
-2.2339,-17.2033,-29,105,570,521,2322,967,545,1431,1853,991,1875,2323,1874
-0.717684,-17.8288,-29,2323,104,968,522,1853,967,992,991,2322,1410,1432,2299
2.28585,-16.6986,-29,548,992,129,523,1432,1878,1877,1433,968,993,547,2767
5.78978,-17.5958,-29,1434,994,1412,525,1436,108,1435,524,548,1411,549,971
7.14164,-18.634,-29,971,1436,85,1413,525,1412,107,526,1856,1855,1435,2327
11.5408,-15.8571,-29,997,133,2352,550,551,1437,996,110,575,576,552,2771
13.0064,-14.5914,-29,552,576,1462,577,133,997,1021,134,109,1020,551,2353
15.4415,-16.4493,-29,552,1439,529,112,1438,553,1882,134,998,1859,1883,1462
17.1394,-16.7318,-29,1439,2331,999,553,111,113,1883,529,975,1416,1440,1438
18.8408,-17.0182,-29,2331,1884,1000,999,1440,112,975,90,554,1883,1441,1417
22.1547,-17.4819,-29,115,1862,1000,977,555,1885,2310,531,1441,1001,533,554
23.6921,-16.9216,-29,556,114,2310,1885,1442,533,1001,2333,555,977,2776,1002
27.5649,-15.8482,-29,1443,557,558,1444,1909,1002,582,1886,93,2335,556,2777
-27.4963,-12.058,-29,560,1888,1910,140,1026,559,1446,584,1470,1004,142,1469
-26.1672,-14.7204,-29,119,1422,1446,1889,560,536,95,561,1421,1447,1888,1866
-24.7515,-15.5686,-29,1447,118,537,1423,95,1422,1006,71,561,1889,1867,2313
-20.2758,-12.8861,-29,2339,563,2363,1029,121,1448,144,97,1891,1473,1890,1913
-18.7151,-12.2454,-29,1891,564,144,122,1473,120,145,563,1008,2363,1031,2339
-17.1201,-11.7265,-29,1008,2341,588,1031,121,564,145,1009,146,1473,609,1450
-14.1464,-13.0825,-29,1893,1010,146,1894,1009,147,541,1916,565,1451,566,2341
-10.2329,-12.9769,-29,567,590,566,101,2343,1011,1895,1453,1452,1918,125,988
-7.70635,-13.323,-29,1012,567,1011,1896,1454,1477,568,1895,591,1429,126,124
-5.46516,-13.9264,-29,568,990,1013,1012,1454,1430,1455,1897,103,125,569,1014
-1.81665,-12.6699,-29,1014,128,1456,593,571,2346,546,1479,1013,1876,1480,151
-1.06463,-11.234,-29,127,152,1480,151,1479,594,571,1921,593,1456,1922,1060
2.25202,-15.0605,-29,106,1458,1016,1877,1878,547,1015,993,992,2349,548,1457
4.78313,-13.6249,-29,1016,1901,1459,1017,993,574,573,2349,1900,1460,994,2350
7.51317,-12.4815,-29,132,596,574,2374,1460,1018,1017,2351,155,1924,1902,1925
9.14925,-12.6489,-29,1019,131,2351,1925,1018,1461,155,156,575,2374,133,1880
11.3192,-14.2086,-29,576,575,1019,109,577,2352,110,1461,1903,997,550,2794
14.8748,-14.7901,-29,552,1463,1438,1021,1462,553,111,2353,110,1905,1882,997
18.6944,-12.4279,-29,1464,136,1488,578,579,1044,2355,1045,1022,1906,2379,601
20.3162,-12.807,-29,580,1022,1045,1907,135,2355,1023,2379,1465,137,1488,160
22.5864,-13.5009,-29,2357,1466,1907,1023,2356,581,580,1001,1024,161,136,2798
26.0008,-13.1898,-29,1908,557,1047,1024,1467,1025,2358,582,581,1933,1909,2357
29,-13.1712,-29,582,1468,1003,2359,1025,558,1467,1909,1048,2382,1933,138
-29,-11.2594,-29,1026,1004,1469,117,559,583,1910,1888,2801,584,141,1446
-27.4881,-8.71283,-29,1050,1026,164,1911,583,1492,1049,1027,606,584,1469,1934
-24.844,-11.8962,-29,584,1005,562,1912,560,1470,1028,561,2361,143,117,1889
-22.875,-10.7978,-29,1029,1912,1028,585,2362,562,586,1913,1471,142,1051,2803
-19.9791,-11.1647,-29,121,586,145,2363,1029,1472,587,120,1473,1030,1891,2362
-18.3915,-10.5622,-29,1031,1030,1473,144,587,121,609,122,588,1472,1053,1008
-14.8604,-11.5537,-29,2341,147,1032,1916,588,123,1009,1475,2365,122,1894,1893
-13.2199,-11.6001,-29,146,1475,566,1033,1894,123,1917,1916,1032,589,1010,2366
-8.90452,-10.3666,-29,1057,1918,149,1011,591,1476,1034,590,1919,613,1477,2809
-7.46201,-9.46425,-29,1035,613,1034,148,592,591,1919,172,1943,1057,150,2368
-5.10337,-8.83943,-29,173,592,1501,172,1036,1035,2369,615,1058,149,2392,614
-2.30402,-10.1312,-29,1921,2370,128,615,593,1060,1036,1479,152,1945,1920,127
-0.278861,-9.80397,-29,128,175,1037,1921,1060,594,1061,1922,151,1480,1038,2394
2.84907,-8.70285,-29,1481,1504,1062,175,595,176,1946,618,1038,1482,1947,177
5.21026,-10.7316,-29,595,1017,1924,1040,596,1482,573,1039,618,1459,2373,2814
8.52733,-10.9578,-29,156,2374,596,1483,2375,1041,132,131,1925,597,2351,1040
10.1391,-11.0992,-29,155,1484,598,1019,1925,1042,1041,132,2375,1926,1903,2374
12.9545,-10.1916,-29,1951,1042,158,1485,599,2376,1927,598,1484,2377,622,1043
14.6008,-10.3861,-29,1928,157,599,600,1485,623,1486,1043,1927,1929,2377,622
17.5412,-8.90418,-29,1068,1509,1487,601,1486,182,2401,1510,1044,623,2842,206
21.3001,-10.2514,-29,602,1045,1930,1046,1931,183,580,2379,161,625,601,136
23.1921,-11.3084,-29,580,603,581,602,1466,1046,1489,160,137,1512,1908,2380
26.1742,-9.82518,-29,1048,185,1490,1932,604,1047,603,2823,1933,1071,1512,2405
29,-9.73058,-29,1048,1491,1072,2382,1468,604,2823,2405,162,1933,186,1025
-27.531,-7.03354,-29,2848,165,1050,1049,141,605,629,1934,606,1492,2383,2825
-26.1805,-6.04733,-29,606,189,629,164,1074,188,2848,2825,1050,166,1493,1960
-24.0332,-6.75534,-29,1493,1935,631,606,607,1051,189,1936,165,2825,1494,1516
-21.0681,-8.41659,-29,1052,1495,586,607,587,585,608,2386,1494,632,1472,2362
-16.4116,-5.89136,-29,610,634,1939,1496,1518,1054,2411,1964,1497,1078,1963,2829
-15.6006,-8.70361,-29,1497,1915,1032,1054,1474,1055,609,588,610,1938,2388,2365
-11.5406,-6.13391,-29,1056,1498,1079,194,1521,611,2390,635,1941,171,636,1965
-9.22667,-6.57771,-29,1056,1942,637,1499,2390,1500,194,613,1966,1057,170,1943
-6.51188,-7.88551,-29,1058,1035,1943,150,1500,613,614,149,2415,173,592,1034
-4.34375,-7.36331,-29,1059,150,614,639,615,1058,1501,174,1082,172,1945,1944
-2.52424,-7.25072,-29,1059,616,615,1502,1060,639,1945,173,2394,2835,1501,2418
1.2517,-9.212,-29,1946,1038,152,1061,153,1922,1037,176,1481,594,1503,595
1.65416,-7.40362,-29,1504,1503,1061,1946,1085,153,617,175,1947,1971,1062,1037
4.84791,-6.98008,-29,1504,1063,1948,619,618,1505,642,1062,2419,200,2396,153
7.66846,-6.80565,-29,1063,202,619,620,1506,1949,1064,597,201,1974,1950,1505
10.476,-6.39393,-29,180,2398,202,620,621,1975,1088,1065,1507,1506,2399,1530
12.0084,-7.06229,-29,1951,1066,179,621,1065,1507,2399,1508,622,2398,2423,620
15.0421,-6.65043,-29,1976,205,622,1953,182,1067,1066,204,623,1508,2424,206
16.4477,-7.59029,-29,1067,181,2401,623,1509,159,206,1953,205,1068,2400,1486
20.3175,-8.86602,-29,601,1955,625,160,1930,1068,1510,1931,2821,1045,1069,624
22.8035,-6.63041,-29,1956,626,1069,1093,1511,1070,650,625,2868,2403,2404,1534
24.9597,-8.71897,-29,626,162,1490,1512,2404,1071,603,1070,1932,602,2822,604
27.6329,-7.12335,-29,1071,628,1513,1072,604,2405,651,1958,627,1490,2870,1491
-29,-4.33197,-29,1073,1959,629,1514,605,652,1960,188,1983,2848,2406,1934
-26.2665,-4.31654,-29,1074,630,1073,629,1515,189,165,1097,1960,1983,2848,1516
-24.7751,-5.17411,-29,1493,1516,165,630,188,1074,166,631,2408,606,1515,2825
-22.2268,-3.91517,-29,1516,1962,212,633,1075,631,1961,1076,213,632,2850,630
-19.1488,-5.1436,-29,633,1496,1963,1517,2410,1518,608,1077,2387,632,2852,213
-15.2392,-2.76918,-29,658,1988,634,1520,657,215,1519,193,1987,1078,1543,1101
-13.3604,-3.40053,-29,1079,1520,658,216,1078,1543,2413,192,636,1965,1988,2412
-10.1894,-5.16272,-29,1521,1966,170,1080,637,2390,171,636,1079,1056,1103,1942
-6.73909,-5.04071,-29,2857,1523,1500,614,1081,1967,2415,637,638,1522,1082,1942
-4.96383,-2.26404,-29,1523,219,1992,197,1968,1546,1547,661,662,638,1522,1105
-3.5796,-3.20314,-29,1969,1968,196,640,662,1524,638,1547,220,219,1523,639
-0.161057,-3.60111,-29,222,1084,220,1970,1525,641,1083,221,1526,640,617,2859
2.4413,-3.13143,-29,1527,1549,222,2441,1086,641,1526,665,1994,2860,198,1995
5.38756,-4.59681,-29,1528,1086,642,1063,643,1972,2420,1948,201,177,1949,1527
7.36393,-4.88852,-29,1063,644,1528,1974,643,202,1087,1949,178,200,1506,224
8.92431,-5.71501,-29,1974,178,1088,179,1506,201,620,1975,644,1949,2398,1529
12.7471,-3.98441,-29,2423,621,1089,646,1554,1530,204,645,1531,1066,1088,2422
14.3482,-4.85749,-29,1066,1090,1531,2423,1976,203,205,181,646,2424,621,2865
16.1173,-5.37642,-29,1067,181,647,2424,1091,1090,206,204,1976,182,1092,1532
17.6625,-6.35029,-29,2401,1092,1091,182,1954,205,624,1067,1068,647,2843,159
20.574,-3.30676,-29,1533,649,1115,2426,671,648,208,1978,1114,1093,230,1092
22.3298,-3.44529,-29,1093,230,1115,2449,1534,1094,2426,207,1116,650,671,649
25.8146,-3.80329,-29,1980,673,1536,1981,627,1094,1535,2450,651,650,2428,232
-29,-0.710162,-29,653,675,1982,1096,1561,652,1537,2007,1983,2871,211,2006
-26.1781,-0.774192,-29,653,1984,654,675,2430,234,1538,1097,1537,2431,1983,2007
-21.7723,-2.31297,-29,1099,1075,190,1985,213,655,1076,1961,1098,633,656,214
-20.1834,-2.92065,-29,1076,1077,214,633,1099,212,2410,2874,190,1541,191,656
-19.202,-1.59116,-29,213,1122,1541,1099,1100,656,1077,1986,2874,2433,212,657
-15.7873,-1.12136,-29,1987,1101,1542,192,1100,237,1988,238,658,657,2433,2876
-12.167,-2.20571,-29,1989,193,658,217,636,1543,1102,659,2413,2435,1103,1079
-10.4239,-2.1967,-29,1990,659,636,1080,1103,216,660,1989,218,1544,2414,2413
-8.56356,-2.20868,-29,1081,1104,660,1990,1080,2414,661,217,2879,1545,1522,1103
-4.12252,-0.85082,-29,662,1105,196,242,685,1547,1546,1993,1992,197,663,2016
-1.66228,-2.90251,-29,662,198,1083,640,1969,221,1106,197,1970,1084,663,222
-0.518045,-1.6374,-29,1106,222,663,1107,1970,220,664,198,662,1129,1994,2440
0.965748,-2.41562,-29,198,199,1994,221,664,1549,1970,1526,641,1107,1525,2441
4.5792,-0.553206,-29,1131,665,246,1109,1108,245,1550,1551,1995,1549,666,1574
7.82454,-2.30521,-29,643,1552,1997,1110,667,1087,666,644,1109,2443,1553,201
10.2519,-0.110552,-29,1577,226,1133,1110,1553,690,1111,2444,667,689,691,248
11.0178,-1.57604,-29,1089,1553,225,1111,645,667,2422,1999,2444,1110,1529,1112
15.2253,-0.421843,-29,692,1112,669,2446,1113,2000,668,693,2001,1555,1578,2025
17.3073,-2.42011,-29,1113,647,1556,648,669,1977,1532,1114,2001,1090,2447,670
20.0652,-0.0523411,-29,251,2002,671,1580,670,1557,1114,2471,252,2003,1579,1581
22.4543,-1.75811,-29,1557,208,1116,2449,671,672,2003,1115,1558,207,1094,2472
25.1691,-0.650741,-29,696,1116,1582,673,2004,672,1117,1558,1559,1535,253,232
27.554,-2.0611,-29,674,673,1117,2450,1536,1560,2451,2005,2004,209,231,1140
-29,2.76257,-29,2006,1142,698,1561,676,1584,1118,2007,256,1982,675,2475
-26.1239,0.928734,-29,1562,675,1984,676,1119,1538,211,2007,257,1537,1118,1120
-23.0878,2.49286,-29,677,1120,701,678,1143,1563,1119,700,1121,2009,2008,1540
-19.8804,1.45451,-29,259,656,679,1564,1121,2010,2455,678,1122,1986,260,1563
-16.9294,0.233499,-29,1122,238,1542,1100,2011,1123,215,2433,679,2012,1987,1101
-15.36,0.805794,-29,1101,1123,237,1124,2012,681,1542,215,2434,1566,2011,680
-11.981,0.925392,-29,682,2013,1102,1125,1124,659,240,262,1567,1544,2435,2436
-10.2008,0.728817,-29,682,660,1125,659,2014,683,1126,1544,239,1568,1545,1567
-7.48579,2.13985,-29,264,684,265,1569,683,2460,1126,2015,1127,1593,2014,2016
-4.91808,0.610459,-29,1127,219,1546,1128,1105,685,1570,2016,684,1571,1991,1993
-2.50992,2.77135,-29,1128,710,686,266,2017,1572,1571,1595,2040,685,244,709
-0.172165,2.25487,-29,1130,710,1572,1129,2018,686,2042,1596,687,1548,243,2463
4.22047,1.18543,-29,1108,688,269,1131,1574,246,223,1573,2020,2465,1575,687
5.83453,0.5543,-29,1575,1551,223,1574,1132,245,666,689,688,1131,1109,2442
7.58337,3.36904,-29,1576,271,1155,1575,1599,714,2021,1156,713,688,690,689
10.7788,2.4,-29,1157,690,714,1577,1600,691,272,2467,1134,2468,225,1576
13.6435,2.19218,-29,691,716,692,1134,2024,1601,1157,1578,668,2023,1135,2491
16.7521,2.57829,-29,1579,1135,716,274,1159,693,1136,1602,2470,692,717,2026
19.749,1.58469,-29,1579,252,229,1137,2471,1581,2026,670,1580,1136,694,1557
21.36,1.35567,-29,251,1557,694,1138,1581,1580,2027,229,2472,1137,695,672
24.5511,1.84079,-29,1138,254,695,696,1582,2028,1139,1162,2473,672,2027,231
26.0642,2.47898,-29,255,253,1162,696,2028,2496,721,1583,2474,1139,1559,1582
27.6124,2.85096,-29,254,278,697,721,2474,1583,2053,2496,696,2029,2028,1162
-27.4772,5.26666,-29,2031,1142,724,699,2475,698,1141,2030,1165,1584,1608,257
-26.0131,2.92198,-29,1142,1562,1119,699,2008,676,700,234,1118,2030,1585,256
-23.9157,5.36767,-29,1585,2032,1610,1166,700,701,1165,726,699,1143,725,1586
-19.7127,3.08477,-29,1145,236,260,678,2033,2455,2010,2034,2479,679,2009,1121
-17.9877,3.16103,-29,679,1565,2479,703,259,1145,2010,1123,680,2035,2011,236
-14.1458,5.8294,-29,704,729,2036,1589,284,1146,2060,730,2503,1147,1614,2481
-13.094,2.56116,-29,1124,1148,1147,1566,1567,681,239,1146,682,2013,704,2480
-10.0772,3.66745,-29,705,1592,682,1126,1568,264,706,1148,1591,2460,2037,1567
-8.34828,3.59364,-29,707,1126,241,706,2460,263,1593,1592,265,1149,1568,2015
-6.47918,3.50369,-29,707,1127,2039,241,708,1593,2015,2040,264,1150,2460,684
-3.10334,4.31938,-29,1151,243,1595,2484,709,2040,2017,2041,710,289,1128,708
-0.922927,6.85314,-29,268,290,2065,1619,1620,289,709,735,291,2509,1174,2041
0.0782468,5.52289,-29,1152,267,711,1596,735,709,2509,2065,2043,710,1620,2486
3.18515,2.50826,-29,2020,1573,245,1130,1154,1153,2464,688,687,1597,1108,1574
5.10592,5.3727,-29,1155,737,2067,712,1177,1154,2044,1598,713,1597,1599,2510
8.55188,4.69993,-29,247,2046,294,714,713,2045,1599,1156,272,293,2489,1155
10.7247,4.16417,-29,2046,1600,715,714,248,1157,739,2047,271,2491,1156,2490
13.8199,5.62165,-29,1180,2048,1601,741,715,296,1158,717,2491,1625,2049,2047
16.8889,4.24145,-29,718,250,1136,717,2493,1602,1159,275,2049,716,741,2050
18.5797,5.22867,-29,718,2050,1160,2493,742,1136,1603,2073,274,297,1137,743
22.5133,6.16458,-29,744,299,719,743,2052,2051,2075,720,1628,1160,1161,300
25.515,5.37999,-29,744,721,1606,1185,1162,1605,1629,1163,720,2496,1630,300
29,3.65141,-29,255,722,2053,697,721,2474,1163,1607,2029,1583,2496,254
-29,9.61253,-29,1187,2054,1164,2078,302,723,1632,2521,2055,746,1608,724
-26.1465,7.98664,-29,1164,725,2499,724,746,1609,1165,2055,1632,747,2031,1610
-22.6968,8.54925,-29,1611,2057,1166,2500,1167,747,305,282,725,304,1586,2080
-20.7278,8.8007,-29,305,727,2082,2057,1167,306,1190,281,1587,1612,2524,1611
-18.1254,7.74032,-29,1168,306,702,727,1613,2502,728,1612,1191,2059,2058,1588
-15.4574,6.91762,-29,728,1169,729,261,1589,2503,1614,1168,2059,2036,2060,1613
-13.9328,9.54308,-29,1169,1637,1170,751,2527,308,307,2504,729,2084,309,2526
-10.9658,8.41341,-29,1170,731,1171,309,1616,2529,1615,1638,730,1172,2505,1637
-7.74753,8.0802,-29,732,1196,731,288,1617,2062,2086,1172,310,1173,2087,2506
-6.06402,8.37137,-29,2063,1617,2087,312,287,1196,1173,311,733,732,2086,2506
-2.64824,6.65267,-29,2041,1174,1619,1151,709,267,733,1618,2065,290,266,1594
-1.2368,8.49831,-29,1175,1619,291,267,1174,756,734,1620,289,735,1641,1199
0.415543,8.72463,-29,314,290,1199,1620,735,756,757,1176,1175,267,736,1200
3.66253,8.47126,-29,1622,314,1621,736,315,1177,1644,2510,1200,1176,759,2066
7.71641,6.99656,-29,1178,2045,294,1623,2068,737,713,738,1179,2069,271,1598
9.20003,6.23626,-29,1179,293,271,2045,739,2046,1623,2513,713,738,272,2070
11.6122,8.01382,-29,740,1179,1648,2070,1180,318,1625,1624,739,762,296,294
14.0264,7.33582,-29,2071,1158,741,1625,740,273,1180,1626,295,2515,2095,2514
17.564,7.44728,-29,718,764,1603,1182,1627,742,298,1626,2072,275,741,2517
18.8742,8.57757,-29,1183,764,742,1650,297,1182,1207,321,2517,2074,2540,1603
22.1219,7.77132,-29,1184,276,1183,1628,2075,766,743,2518,2074,300,744,2051
24.6133,7.87105,-29,744,1184,2076,2519,1185,2075,1629,767,299,277,2099,276
29,6.96737,-29,1607,745,722,1186,2077,1163,1630,768,1185,2520,2053,2497
-29,11.3613,-29,1631,1211,2078,1187,279,2521,769,325,2101,2054,1632,1164
-24.8497,11.1082,-29,325,304,2080,1633,746,2079,1213,747,1188,748,2522,1609
-23.2343,10.777,-29,303,1189,1611,305,1633,747,748,2080,749,281,1213,2523
-21.6675,10.1373,-29,282,304,749,1189,1611,1190,281,2524,2057,2082,1634,748
-19.0163,9.12415,-29,283,1190,2082,1635,282,1191,727,2502,1612,773,1168,305
-15.7261,9.78895,-29,1169,1192,751,1636,1191,1168,2527,285,2526,2059,2502,2083
-12.9078,10.9421,-29,309,1193,1637,2084,1194,285,751,2085,2108,1170,2527,2528
-11.6244,9.93834,-29,308,2529,2085,286,1170,1637,1638,1195,1194,285,731,1615
-8.76039,10.2574,-29,2529,1196,753,2086,1639,731,1195,754,2530,287,2553,2505
-5.70796,10.1173,-29,1196,1197,755,312,2087,754,288,1198,1640,2530,2063,1641
-4.48204,8.98966,-29,311,1641,733,288,1174,1198,2063,1197,2087,2507,734,1618
0.0137334,11.6492,-29,780,756,1643,757,1223,2533,2089,336,2556,758,1222,1642
2.06698,8.92325,-29,292,291,757,315,736,1176,1200,1621,1199,735,758,1644
3.3344,10.1219,-29,1644,1200,758,292,1201,314,2091,1621,757,2534,781,759
6.48065,11.4099,-29,2092,760,759,339,338,1201,1645,2535,340,1202,2115,1669
9.13413,10.3208,-29,1203,1202,760,738,1646,340,318,2093,2069,2537,1624,1179
10.5368,9.33574,-29,1646,295,317,1624,762,1179,1203,1648,738,1647,740,2094
13.4125,11.4634,-29,2095,1204,785,1205,1671,2538,763,762,2539,1647,740,1229
16.8362,10.7738,-29,1206,763,1181,321,2540,764,2096,1649,342,2541,2072,2095
18.4644,10.2773,-29,765,764,320,1207,2541,2540,298,1650,1206,2097,1182,2096
21.4201,11.1452,-29,788,1651,766,2097,1208,765,1232,1207,1674,2121,2074,2542
24.4855,11.5785,-29,346,1208,2542,1652,1232,767,2123,789,1209,2099,1233,2543
29,12.178,-29,1653,347,2544,1234,1210,2124,2566,346,791,2100,768,1209
-26.409,11.5805,-29,1211,303,2079,1187,1188,2521,1212,746,1213,2545,302,2101
-26.0578,15.0716,-29,1655,770,2126,1236,1212,349,2102,2125,771,1678,2101,1213
-23.1877,14.1137,-29,2103,1655,794,748,772,1656,1213,771,2104,1214,2546,1633
-20.288,15.1923,-29,1658,2104,1657,795,2128,794,1239,772,329,2570,1238,796
-18.6091,13.7754,-29,1657,1216,1658,2106,750,1215,796,328,2105,773,774,1239
-15.3939,12.5864,-29,1659,751,1192,1217,774,2107,2526,1193,750,2084,2083,1660
-12.3945,15.393,-29,752,2131,1218,798,775,1242,1661,2551,2132,1683,1217,354
-9.29304,14.7713,-29,777,1662,1218,2575,356,2110,333,2132,776,1243,2552,1219
-8.06952,13.4125,-29,753,777,2110,2553,334,332,1663,776,1219,1220,754,1662
-6.42484,12.8248,-29,754,1663,1221,1220,333,755,2553,1640,2554,753,777,2531
-3.41883,12.1849,-29,1198,2088,1222,2531,1221,2112,755,336,2532,1642,734,1197
-1.7507,11.5283,-29,1642,1222,734,2089,313,335,756,2088,780,2533,1198,1175
2.50174,14.0567,-29,2114,1224,1223,1666,782,804,1248,803,781,2557,2137,758
5.33063,12.7043,-29,2115,1201,781,316,1225,782,2535,2557,339,2092,2091,1667
7.12427,13.0079,-29,783,316,340,2115,1225,2092,1669,338,1226,2558,2116,1668
8.42954,11.8802,-29,317,339,1669,2093,1202,1226,2092,316,760,761,1203,2536
11.8428,15.6903,-29,1228,2141,784,364,365,1670,1251,1694,1227,1693,2584,2118
16.0851,12.8003,-29,2096,343,1229,1205,763,786,1672,1206,2119,320,2120,1649
17.5972,13.6336,-29,1672,1206,786,1673,787,342,2120,1230,2096,2562,1231,1229
19.4356,15.9812,-29,1673,1696,2587,1254,2144,367,1230,1231,368,2586,2588,2563
22.1722,13.7222,-29,1232,788,2564,368,2122,369,1674,1231,789,2145,322,2542
26.1031,12.0479,-29,2123,1209,323,1234,1653,1233,2566,1652,789,2100,1676,767
29,13.8688,-29,2124,324,1257,791,1234,2566,2591,1653,1256,2544,1700,1233
-29,17.0025,-29,792,1677,1235,2567,1701,349,1678,2125,1654,814,770,2148
-27.4494,16.1391,-29,1678,2125,792,326,1235,770,348,1236,1677,2126,2567,793
-23.9632,17.4653,-29,1237,1703,1679,1704,1236,771,2127,351,793,816,2569,794
-22.2155,18.204,-29,1237,1680,816,817,1704,2594,795,350,1238,1703,2569,1260
-18.1489,17.9903,-29,1262,1681,2571,1238,2152,1239,1261,353,2572,2595,818,796
-16.4136,17.4265,-29,1681,2572,797,1240,354,2130,1262,352,1707,796,1682,2153
-14.6912,17.1394,-29,775,797,798,353,2130,1707,1683,1240,1241,2598,1660,2572
-11.9234,18.521,-29,799,1684,1241,2155,2598,378,379,798,1242,1708,2154,2131
-9.57954,16.5525,-29,2132,2575,1243,1685,799,1242,332,800,1684,777,1218,1686
-6.72932,17.9606,-29,2157,1686,1244,1243,358,380,801,800,381,1245,2156,2134
-4.97676,18.1501,-29,2134,1244,1245,381,359,357,1687,382,2157,801,802,2158
-3.2213,18.2123,-29,1687,2158,825,382,802,358,1688,383,2134,1245,1246,2135
0.0446922,17.7576,-29,1247,1269,2136,825,1689,826,1246,2603,1712,1688,2579,1690
4.29676,17.3087,-29,1690,1691,2138,805,1715,1270,362,1248,2580,386,2137,1249
5.67659,18.3759,-29,1691,1715,806,386,2162,828,361,2581,1270,2582,1249,805
8.92745,15.6067,-29,1692,784,1693,783,364,2116,1250,1226,1249,2117,2140,806
10.3611,16.5908,-29,1250,2141,1693,1251,341,363,2140,807,784,2164,1670,1692
13.3548,16.541,-29,389,808,1228,1694,341,1251,2585,2584,1252,2141,2142,2561
16.5196,18.1224,-29,809,390,2143,810,2166,1253,1252,1275,367,1720,2142,2586
17.9793,17.0779,-29,1230,1254,1253,810,2586,809,366,1696,344,1697,2143,1673
21.6891,15.3178,-29,1231,2144,345,1255,2145,369,2587,2564,344,2122,788,1698
23.3548,14.9131,-29,1675,345,368,1699,2145,1255,789,2122,2564,2589,790,1232
25.8795,17.1832,-29,835,790,1699,2147,2146,2590,1256,813,812,2591,2589,1278
29,17.3089,-29,1700,813,394,1257,1256,2170,2147,2591,836,791,370,835
-29,20.4659,-29,1258,2148,1701,1725,814,837,1702,1280,792,2567,2592,2171
-25.9131,21.6797,-29,1259,838,1258,2593,1282,1281,815,1702,1280,2172,814,2149
-22.9579,21.7587,-29,1260,1282,2173,815,398,2174,839,816,2150,2617,2593,1727
-20.045,20.9002,-29,1284,1260,2151,1261,1705,1728,817,398,818,840,2595,2174
-17.0349,22.0431,-29,819,841,400,818,1729,842,1284,2176,1706,2619,1263,1705
-13.727,21.6453,-29,842,1264,820,843,1286,1730,1263,378,1731,1285,2154,819
-12.7473,20.1121,-29,2155,820,843,379,2154,1241,1264,355,377,821,2598,1263
-10.9979,20.1347,-29,1708,378,821,1265,844,2155,355,843,1709,799,2599,1264
-7.5065,19.5703,-29,381,800,1266,823,1265,357,2156,2157,822,1710,1686,2600
-5.79142,19.6538,-29,2157,1710,358,380,1267,382,823,357,2134,1711,1266,1244
-4.06539,19.7117,-29,1711,2134,359,383,381,358,1267,824,2158,1710,1268,1687
-2.35098,19.9,-29,2158,1268,406,825,382,824,1712,359,1711,1269,1291,2602
0.609209,21.7004,-29,849,1714,385,1713,2626,2183,406,1292,2604,1269,1291,2161
2.333,21.7615,-29,1292,2161,2604,1737,1293,384,1714,827,2183,2627,2160,1713
4.93406,19.925,-29,2162,827,362,2605,2161,1715,1271,409,1270,828,361,408
9.62787,22.0523,-29,2188,1272,2630,1740,2163,853,388,1295,2629,411,2631,854
10.3016,20.2531,-29,1273,2163,829,1717,411,807,830,387,1272,2188,2164,2608
13.412,18.234,-29,1274,365,2584,1252,2142,1251,830,1718,1275,2585,2164,1719
16.6671,19.8494,-29,2166,366,855,1720,831,2609,1276,1275,810,1253,2610,1719
20.0138,21.3333,-29,2167,1721,1277,832,1300,2191,833,1276,415,2635,2610,414
23.4917,20.9877,-29,2612,393,1278,858,2169,415,834,2636,1277,1722,1279,2193
24.957,21.8815,-29,1279,858,1302,392,2193,2169,2613,1745,2636,1278,417,859
29,19.0175,-29,2170,836,371,1724,813,2614,417,1700,1256,835,1723,2147
-29,23.9059,-29,1304,1280,837,2171,2615,418,2616,1725,1258,419,1281,838
-26.0516,25.0082,-29,1304,1305,838,1726,2196,2616,2639,419,1280,2172,1748,397
-23.3123,25.3045,-29,421,1726,1305,2640,2197,839,1727,863,2639,1283,2198,1749
-21.3539,22.3797,-29,840,2617,1260,374,1728,2174,839,1283,375,2151,1284,2173
-19.1613,24.6848,-29,840,1751,2199,841,2175,2642,865,2618,1283,2619,1284,1307
-16.3059,23.5943,-29,842,423,376,865,1285,2619,841,2176,2620,1729,1730,1752
-12.3291,24.7579,-29,1286,868,2177,424,2645,402,1753,2178,2621,1285,1731,2644
-11.2781,23.2607,-29,2178,1732,1286,843,1731,844,401,1288,2621,821,1287,868
-8.02468,24.5935,-29,1287,1289,845,1733,404,2622,1755,1288,2204,2179,846,426
-7.05746,26.0191,-29,1312,1755,2204,403,1313,1289,1756,2646,1733,1287,426,847
-2.76256,23.9391,-29,1735,2182,2206,1290,848,1291,2181,427,847,428,2625,824
-0.92911,20.8522,-29,1269,2626,1268,383,384,1713,1291,1712,2159,824,849,1714
1.05767,24.7946,-29,872,1292,2184,874,1736,850,2207,849,848,2183,2208,873
5.93644,22.441,-29,827,2186,1295,2185,1738,409,1271,1294,1293,2628,386,2629
6.70208,20.8998,-29,828,1271,408,1272,1295,1716,2162,386,2629,827,2186,829
9.04825,25.3166,-29,2187,1762,852,1740,877,433,1739,2653,853,1318,1294,2630
12.0434,20.8811,-29,2188,1273,1741,2165,830,1274,854,388,1718,2608,387,2163
14.0138,23.0748,-29,1297,1741,1298,2189,854,2632,1742,413,1296,831,2165,2633
15.5862,24.3583,-29,2632,2213,2190,1298,2655,1297,1299,856,412,436,2633,2656
18.8641,23.9595,-29,832,2634,1743,438,1744,1300,1299,856,2191,857,437,2190
21.9144,21.7906,-29,2192,1277,392,1721,2635,858,2612,391,2636,1300,834,2191
24.1893,25.9821,-29,1301,440,2216,1768,2659,439,1325,1745,2658,859,1767,882
27.4584,21.5176,-29,1302,2637,836,1724,2614,2613,860,1279,1746,393,1723,394
-29,25.6946,-29,1304,2195,2615,419,395,2638,2616,2196,1280,2171,396,861
-27.5106,26.4908,-29,1748,418,2196,1304,2638,2195,396,1747,2615,1305,2616,861
-23.6847,29,-29,1749,1306,863,862,2197,1750,1748,2198,1305,864,421,397
-21.8354,25.9806,-29,397,2199,1750,2640,2198,863,1283,2197,2618,839,1307,2641
-18.6557,29,-29,1308,864,1307,866,2641,2200,1751,1750,1752,1306,1309,2199
-15.6415,25.1654,-29,1752,1753,400,1285,2620,865,2643,2619,2177,1310,2644,842
-12.5881,26.5291,-29,1310,868,2645,1753,1754,2201,401,2644,425,2202,2177,867
-12.0498,29,-29,1754,2201,867,1311,424,1310,2203,2202,426,868,1309,2644
-9.57017,26.9462,-29,2202,2203,1312,1755,1754,1287,868,1311,869,404,403,2178
-3.4014,25.724,-29,847,428,2205,2648,2206,1757,405,1313,1735,1758,848,1290
-1.75533,26.1732,-29,1758,848,2206,427,872,2649,1759,2648,405,1757,1736,1315
0.272766,29,-29,1759,873,430,1315,2650,872,2649,1758,1316,2207,874,428
2.03065,29,-29,1316,429,2650,431,873,874,1317,1759,2207,1760,432,1315
3.81504,29,-29,1316,1317,432,430,2650,1760,2209,1761,875,873,874,876
5.57423,29,-29,1317,876,431,1761,875,2209,1318,1316,2652,1319,1760,851
9.63051,26.9913,-29,2653,1318,2210,1763,1762,410,877,1319,1320,852,2187,878
12.3644,29,-29,1764,1320,435,1763,2211,2210,878,1321,436,433,2653,879
14.117,29,-29,1764,1321,879,434,1765,436,2211,1322,1763,880,878,1320
14.2299,26.1976,-29,1297,1321,1764,2212,2213,2655,878,413,2211,1765,435,1296
18.2692,26.516,-29,438,1322,2214,856,2656,2657,1766,1743,2213,880,414,1323
19.6232,25.5179,-29,437,857,414,2215,1743,2657,1744,1766,856,1300,1767,439
22.4522,25.9735,-29,857,1301,416,1767,2658,1768,2215,2192,2659,438,1766,2216
25.8908,26.0878,-29,1325,859,441,416,2217,2216,2660,2659,1745,1768,883,1301
27.5547,25.771,-29,1303,440,2660,1770,2217,859,1746,2194,2216,1326,1325,1302
-29,-29,-29,1327,465,1772,884,1,1771,2218,2661,1328,0,908,909
-23.8865,-27.5407,-29,885,1329,444,24,886,25,2,909,1773,910,2219,1795
-24.6832,-29,-29,1,443,1773,2219,886,909,885,1329,1328,2,24,1774
-21.235,-29,-29,1331,1774,2,886,887,1330,3,2664,468,1329,1775,1773
-17.7133,-27.6679,-29,4,912,1775,913,1799,3,447,888,2245,887,27,2665
-15.9274,-27.5952,-29,4,1799,889,28,913,2246,448,446,1332,1355,888,1777
-14.2184,-27.5805,-29,471,889,2246,1333,5,447,6,28,1777,1800,1332,2247
-11.6504,-29,-29,890,891,1334,5,7,6,1778,1333,1335,2225,1777,448
-8.3087,-29,-29,8,2226,7,1335,1780,892,1358,451,1336,1334,891,1779
-5.91903,-27.6265,-29,1359,8,893,892,452,2227,9,1336,1780,474,1804,1781
-4.98854,-29,-29,1781,451,9,1336,8,894,893,1337,1359,2670,1780,892
-0.879324,-29,-29,1782,895,10,454,11,1338,894,2229,1361,476,1337,896
-0.127531,-27.5312,-29,1361,453,476,1338,477,896,11,10,895,1805,1339,1782
2.5475,-29,-29,1339,897,1784,11,456,896,921,1340,1361,2230,895,13
4.28609,-29,-29,1784,13,1785,897,455,898,1340,2254,36,2674,921,1339
7.82645,-26.2201,-29,1364,923,1341,1365,899,37,922,1786,1809,38,2254,1808
9.84192,-29,-29,1342,900,15,899,1787,14,459,38,2677,1786,1343,1365
12.25,-29,-29,16,900,15,1344,1343,460,1788,458,39,1811,1787,2235
14.5517,-29,-29,1344,2236,902,1811,16,901,459,1789,2235,1343,925,1345
18.5643,-29,-29,1345,1790,18,17,903,904,902,2237,484,1789,1346,2238
21.9305,-27.7479,-29,43,1346,19,904,485,905,1792,1347,20,18,1791,928
24.7276,-29,-29,1793,906,2239,19,20,1348,21,1792,2682,2240,930,905
27.9326,-27.747,-29,487,22,21,931,907,2240,1349,2263,906,1373,1372,1793
-29,-27.2982,-29,884,1771,442,908,0,1327,2218,1772,1328,1794,1350,46
-26.0196,-23.4925,-29,23,47,1818,933,490,1376,1351,46,467,1375,1350,1377
-24.1165,-24.4843,-29,1376,1796,24,48,1377,490,25,23,910,466,911,2686
-20.9734,-26.3977,-29,2,1797,26,911,1352,887,1330,25,1353,912,445,2687
-19.0217,-23.6902,-29,492,50,27,26,1354,49,1798,1821,936,1379,1353,2268
-16.1495,-24.72,-29,1380,913,1379,50,937,28,914,1355,27,1800,494,1822
-13.4786,-26.1074,-29,2247,448,1356,28,6,1800,914,472,1333,2246,1824,1778
-11.535,-26.0243,-29,2247,1801,891,1357,1356,6,916,471,1778,915,2668,1333
-8.69914,-25.9991,-29,1335,2249,31,1357,474,1358,916,892,1802,2692,2227,891
-7.05268,-25.5764,-29,1803,2227,473,32,2249,892,917,1359,31,451,1358,2250
-4.02077,-25.155,-29,498,1359,918,1804,1360,32,33,1827,9,2250,55,2251
-1.20421,-26.2396,-29,34,454,1805,2251,10,33,1360,477,1338,919,1361,1337
0.608927,-25.9951,-29,1806,1805,454,34,35,896,476,12,1361,920,921,1338
3.49038,-24.7235,-29,1362,1363,1807,12,479,36,59,35,2253,946,1806,2277
5.15245,-24.7071,-29,1808,946,478,922,36,1807,1363,37,1831,2278,60,1388
9.93768,-23.7812,-29,62,923,504,1390,481,924,61,948,1809,2722,947,1366
10.9319,-25.1279,-29,38,480,1366,482,924,39,2256,504,923,1810,1365,15
12.5974,-24.8367,-29,2257,925,63,481,1366,39,504,40,1810,2281,2256,1367
16.3677,-24.5802,-29,1392,1369,926,64,65,1368,41,40,2258,1393,1812,1367
18.6682,-26.4432,-29,18,1812,927,41,1368,42,903,17,485,1813,461,1346
20.7207,-26.5324,-29,928,18,1347,927,1346,462,42,43,484,1370,904,2704
24.7076,-24.5768,-29,929,44,953,2262,1371,930,1396,1815,67,1372,43,2286
26.8687,-26.5128,-29,464,906,1372,44,1373,2263,2240,930,931,2706,21,1348
-29,-21.9342,-29,1817,1374,489,933,70,932,1375,2289,2707,47,46,1351
-27.58,-21.039,-29,70,2289,1375,488,47,512,933,511,1374,1399,1817,1398
-24.5197,-22.7004,-29,1377,1818,934,466,72,47,467,1819,48,1376,1399,2709
-21.7656,-20.6447,-29,958,514,935,2266,73,1378,959,934,1844,492,515,2733
-19.7795,-22.2441,-29,469,1378,515,1821,935,49,936,2268,1354,491,514,1820
-16.4676,-21.3668,-29,51,1822,1403,961,936,1845,516,937,1823,50,962,1846
-14.143,-23.0634,-29,914,51,29,937,1824,938,1823,52,1380,1356,2270,470
-11.6377,-20.6202,-29,518,517,53,963,1381,52,939,77,1405,496,29,2294
-9.4042,-21.4096,-29,940,1849,53,54,939,518,497,30,964,1383,495,1382
-7.75713,-20.927,-29,79,941,964,1383,496,1849,54,1407,520,940,1406,518
-3.49403,-23.609,-29,475,57,942,1828,55,33,1827,499,918,32,56,2717
-1.64824,-23.3606,-29,1386,1828,33,943,57,34,498,919,1385,58,918,920
1.5722,-22.0521,-29,1387,501,82,1830,59,944,58,945,83,943,35,2719
2.91654,-21.0639,-29,945,500,969,60,970,83,1830,59,2301,2742,82,1854
7.15555,-22.3886,-29,1389,61,1831,947,503,84,946,62,85,1388,37,2721
8.23504,-21.0926,-29,62,85,502,1413,86,1856,1832,1389,947,84,2303,61
11.5412,-23.4476,-29,480,2281,63,948,482,481,1390,1391,1366,1833,924,62
14.1969,-21.8679,-29,88,1391,949,63,950,1834,64,973,1415,506,40,528
16.6246,-21.8072,-29,88,1860,951,64,65,950,1393,89,1836,505,974,530
19.8841,-22.0131,-29,951,1837,1394,508,976,2284,66,2307,1836,91,530,2726
21.5576,-22.1046,-29,1395,91,952,507,67,1837,66,509,2284,976,2727,1418
23.3565,-21.1796,-29,1395,1838,532,91,92,67,2309,508,953,977,1419,1418
27.659,-21.3216,-29,534,954,68,2287,69,1864,1840,955,978,2311,1839,92
-27.5931,-19.2574,-29,2289,956,512,1841,70,957,981,489,1398,1842,1865,1374
-26.1483,-20.1148,-29,1842,511,1399,1400,489,47,72,957,2289,2290,1375,1841
-23.3294,-18.2004,-29,71,73,1844,982,1400,538,1843,537,958,1423,2290,2315
-20.4001,-19.7493,-29,515,491,73,1401,960,2291,1378,959,2292,2315,492,935
-19.1187,-20.7356,-29,514,961,492,936,2292,2268,1378,960,1845,2291,491,493
-16.0521,-19.6149,-29,962,961,1846,1847,1403,99,75,493,1845,51,76,985
-12.8947,-19.5844,-29,962,495,1404,77,76,52,963,2294,100,1847,1405,1381
-10.1964,-19.906,-29,495,964,78,939,496,1405,77,1849,2296,53,963,2295
-7.94647,-18.0119,-29,964,543,1873,544,102,1406,79,78,2296,989,1429,1428
-5.80065,-20.6128,-29,79,1384,1407,1851,56,941,965,497,1850,80,55,1383
-3.56061,-18.2103,-29,1874,967,2298,104,1431,965,80,545,1408,1853,1851,1850
-0.587263,-19.5017,-29,967,1410,82,1409,105,968,81,2299,1853,1408,83,943
2.48745,-18.3309,-29,1433,83,106,969,968,524,1432,1854,548,992,1410,1411
4.17581,-18.4109,-29,548,525,1411,969,523,1433,107,1434,970,106,1412,994
5.5935,-19.2357,-29,970,85,524,107,108,1855,1411,1412,84,2301,969,1434
8.90535,-17.7503,-29,2328,971,1436,1413,2327,550,972,108,995,996,2303,2745
11.5608,-20.2302,-29,1857,87,2304,86,1391,948,973,972,1414,1833,1858,996
14.7942,-19.2562,-29,88,998,1858,1859,529,973,1415,89,974,87,1416,2305
16.0155,-18.0494,-29,1859,1416,111,528,1439,89,112,975,998,2331,974,1882
18.3421,-19.9999,-29,1417,1860,951,2307,90,89,976,975,1861,1416,506,507
21.0908,-18.925,-29,977,1862,91,1000,1861,90,976,114,1418,1884,1837,2310
24.2563,-19.7544,-29,2309,978,533,977,509,92,1419,1863,2310,91,1420,1838
24.82,-18.2021,-29,1442,532,1420,1863,115,1002,2310,978,977,556,2309,1419
29,-20.4532,-29,510,2311,979,1840,1864,69,954,2287,93,1887,2753,978
-29,-16.5886,-29,980,1865,981,536,94,956,1866,1421,1841,95,2754,1445
-27.5929,-15.6751,-29,1421,95,94,1866,535,118,1446,981,980,1422,1445,1865
-23.3464,-16.4463,-29,96,119,982,1423,538,71,513,1006,1867,1447,1424,1843
-21.8511,-17.2931,-29,96,1401,73,982,537,2315,513,983,1424,984,1844,1867
-17.3786,-16.685,-29,540,74,985,1869,1425,75,98,1870,99,1402,1449,2316
-15.7956,-16.2699,-29,539,986,1426,1870,565,99,985,1425,1871,541,2759,75
-13.9643,-14.9113,-29,1010,1426,1451,565,986,987,123,1893,1427,540,1894,100
-11.0108,-16.9025,-29,988,1848,1428,100,1872,77,78,543,987,1405,101,1427
-9.14479,-16.8962,-29,78,1429,988,519,1428,1873,2319,542,102,2296,2320,964
-6.30247,-18.0127,-29,1874,79,102,519,989,1850,965,1406,103,1873,520,2739
-3.77391,-16.4842,-29,990,1874,1431,570,104,521,2321,103,1875,2322,1014,2298
-0.936543,-14.2553,-29,1876,547,571,1457,1014,127,991,570,1456,2324,1015,2789
0.551149,-15.0598,-29,1877,546,1015,129,1457,992,991,2324,1458,106,571,2348
3.90783,-16.7932,-29,106,994,524,1434,993,1433,1878,107,523,2768,129,1411
6.86299,-15.3877,-29,995,994,574,1902,1435,1436,1901,1018,2327,107,1880,1879
9.95276,-16.3669,-29,995,996,109,526,575,2328,2352,2327,1437,2770,1880,133
12.6361,-17.1293,-29,552,996,87,998,1881,109,997,1437,1882,1858,1414,110
13.827,-16.0298,-29,551,134,1882,997,110,111,998,1462,1438,109,1881,2329
16.5446,-15.117,-29,1883,134,579,1438,1905,112,111,1463,999,1439,1906,2353
19.9735,-15.7044,-29,1440,555,1000,1022,1465,113,999,1023,1441,1884,1906,2356
21.6696,-15.8745,-29,1441,1885,114,1023,2356,554,1001,1000,115,1465,137,2775
24.9267,-15.879,-29,115,557,1024,1002,2333,1442,1886,1001,533,2358,1885,116
26.2146,-14.8646,-29,582,556,1886,116,138,1024,2358,1909,1002,1467,2333,1443
29,-14.9495,-29,116,2335,582,1003,139,1444,1909,1443,557,2359,1025,1467
-29,-12.9884,-29,1004,1445,1446,140,117,94,1888,1910,1421,2778,560,1026
-26.1365,-13.0161,-29,1470,117,561,1889,118,1446,142,1888,1005,584,1421,1910
-24.6104,-13.703,-29,1447,1005,560,1006,142,562,118,119,1889,2338,1470,1422
-23.2726,-12.4472,-29,2338,142,143,1448,1913,1912,1029,561,1005,1006,1028,1447
-19.058,-14.0305,-29,98,1891,97,120,1449,564,121,1007,2339,1425,2340,983
-17.5153,-13.3788,-29,1450,121,1425,563,122,1009,1008,1449,1891,565,1892,2341
-15.5946,-14.59,-29,541,1425,1893,1450,540,1009,1426,1870,123,564,986,2784
-11.773,-12.4191,-29,124,147,1894,1010,590,1917,2343,1033,101,1452,123,2785
-9.14628,-14.1321,-29,124,1429,1896,125,1453,988,1895,101,1011,2319,568,2786
-6.84442,-14.8181,-29,1429,126,1430,125,102,1454,103,1896,2320,567,1012,2787
-4.88913,-11.5949,-29,1036,1012,1013,1455,1920,592,1478,593,2369,126,591,2346
-2.36754,-15.5624,-29,1014,991,1875,104,545,2322,1876,990,546,1431,2324,105
-0.13889,-12.7515,-29,594,127,1457,546,1015,1899,128,1456,1480,547,572,2347
2.29811,-12.1753,-29,1038,1899,1016,1900,1015,573,2372,594,1458,1039,595,571
4.02154,-12.0461,-29,1039,1900,572,1459,130,154,1017,1016,595,1038,2372,1924
6.46869,-13.791,-29,1901,549,1017,1460,131,1018,130,1902,1459,2351,994,2350
9.72377,-14.6149,-29,1880,1461,133,2352,1018,995,550,132,109,1019,2351,2770
12.1967,-14.1768,-27.6133,133,110,2794,1904,1020,997,1903,2771,2352,577,1462,1461
12.4713,-12.9908,-29,1020,133,1042,110,599,1903,1019,1021,576,1927,1461,1462
16.9755,-12.3111,-29,1044,1463,1464,1929,600,579,135,1905,2354,1486,1488,2353
17.6676,-13.824,-29,578,1905,1022,999,553,1906,135,1464,1463,1883,2355,2796
21.6828,-11.9342,-29,136,161,160,1046,1907,2379,137,1466,1045,1023,602,581
24.1761,-12.6403,-29,161,1908,1024,1466,137,2357,138,1489,1047,603,2358,2799
27.5889,-13.9896,-29,557,139,1909,1025,558,1467,138,116,1003,2359,2358,2335
-29,-9.48331,-29,1469,1026,1049,141,1492,140,1911,1910,1934,2360,164,117
-26.0874,-10.8219,-29,1026,142,1470,2361,1027,1028,117,1911,1910,560,141,1912
-22.6469,-9.13447,-29,1051,143,586,1494,2362,607,167,1471,1028,2386,1052,1935
-21.2782,-10.112,-29,2362,144,1472,585,167,1029,587,143,2363,2386,1913,1495
-19.6875,-9.45282,-29,1495,1030,1472,145,586,167,144,1053,609,1473,608,2386
-16.0953,-10.4081,-29,609,122,1915,1032,146,2341,1031,169,2365,145,1009,1474
-12.9629,-9.2853,-29,1032,612,1055,1033,1475,1940,611,2366,1474,147,1941,2807
-10.3821,-11.3615,-29,1476,124,1033,1011,1918,566,148,2343,1917,2808,1895,612
-7.37395,-11.1762,-29,1919,1477,1012,1011,592,149,148,1478,125,1918,569,1035
-5.95272,-10.2661,-29,1478,150,2369,591,1035,569,149,1036,1919,1012,172,2810
-3.12343,-11.6318,-29,1920,127,1479,1013,1036,151,569,2346,128,2370,1014,1455
0.649969,-11.2908,-29,1922,571,1899,1038,128,1480,152,572,175,2372,1015,1037
3.72034,-10.1507,-29,154,1038,1481,1482,153,1039,618,573,1062,2372,572,1040
6.87437,-10.9544,-29,155,131,1924,1483,1040,154,1017,2374,1460,2373,2815,597
7.83553,-8.56043,-29,1483,1064,1950,620,619,178,1040,1041,2373,1506,155,2839
11.2226,-9.82615,-29,1926,156,1951,1042,1065,1484,2376,157,1041,2399,2375,1927
13.6209,-11.7459,-29,1021,1927,158,157,577,1043,600,1042,1020,1903,2353,2377
15.3753,-11.886,-29,1043,578,158,1463,599,1929,1021,1486,2353,1928,2354,1044
18.9805,-9.80624,-29,1044,183,1510,1045,159,1930,1487,1068,1488,160,2820,135
22.8537,-9.68379,-29,626,160,1512,161,1931,1046,625,603,185,2403,1489,2380
24.6224,-10.4957,-29,161,1512,162,1047,1932,1489,185,602,581,1908,626,1490
27.4918,-8.81454,-29,162,186,1072,2823,2405,163,1048,1490,1071,1491,185,1958
-29,-6.15414,-29,629,1959,1934,1049,164,187,2848,1960,165,2824,1492,141
-25.5304,-7.52665,-29,165,1027,1050,1051,166,1935,2825,164,141,2384,189,1493
-22.4798,-7.43298,-29,1936,1494,166,585,167,632,1052,631,1051,1935,608,1493
-19.8487,-6.99818,-29,1517,2387,1495,1053,632,1052,167,1496,191,1937,587,633
-17.2885,-9.24748,-29,588,1053,145,1030,1938,1054,1915,169,1031,587,122,2364
-14.9229,-6.57471,-29,168,1964,1497,1055,635,2389,1078,1054,169,634,1965,1939
-12.3055,-7.64975,-29,1940,635,612,170,1056,1055,1941,589,1498,2389,2366,2390
-11.3187,-9.00032,-29,1476,1057,589,1033,611,1056,1941,2366,1940,2367,590,1499
-8.25483,-7.99432,-29,1057,1500,149,1943,1499,171,1034,172,1942,1056,148,1035
-5.67005,-6.33404,-29,1082,2415,195,173,1058,172,1500,638,639,2857,150,1943
-3.27394,-8.73339,-29,1501,1036,174,1945,151,173,1060,150,2370,1059,2369,1921
-0.949423,-6.75319,-29,1061,174,2394,1084,2418,617,1502,1060,1503,2835,1945,176
0.586608,-5.9542,-29,1503,1084,1085,641,616,176,1971,1525,2418,1061,198,2394
4.681,-8.63446,-29,1482,177,1062,1040,595,153,619,1505,1504,154,2373,1481
6.30265,-7.775,-29,1040,1505,177,1064,178,597,1063,618,2373,1949,1948,1483
9.193,-7.50586,-29,1950,1065,178,179,1506,597,2398,202,1041,1064,1926,1975
11.8395,-5.37849,-29,1530,203,1507,180,179,1066,1088,2423,645,1975,204,1508
13.8307,-7.80631,-29,1508,1485,1951,181,1953,1066,623,180,1976,2399,157,1952
15.2265,-8.77952,-29,1509,1485,1486,622,182,1953,158,1928,181,159,2818,157
19.489,-6.37241,-29,1954,1068,1069,649,1092,1955,1979,206,2401,2402,1978,183
21.7783,-8.10767,-29,183,1511,1931,626,1069,184,1955,602,160,2403,2821,1930
23.4377,-8.14416,-29,185,184,602,625,1070,2404,1512,2403,1511,1931,1956,603
25.7885,-5.54767,-29,1957,651,209,1980,1070,1981,1513,1071,650,186,1536,1094
29,-6.22957,-29,186,1958,1095,651,1072,2870,1513,2405,2847,1536,604,1491
-27.6326,-5.25157,-29,605,187,188,165,1960,2848,164,1073,1959,1074,1934,1514
-24.8617,-3.46253,-29,1516,188,1539,1097,1075,189,654,1515,2408,1074,2430,1961
-22.9155,-5.50784,-29,1516,1936,166,632,1962,190,189,1493,607,2850,633,1052
-21.3445,-6.13329,-29,1052,1517,631,1962,607,633,608,1936,167,190,191,2827
-20.6756,-4.54064,-29,191,1962,190,213,632,2410,1076,1517,631,212,1077,608
-15.8227,-4.33567,-29,168,192,1078,1519,1518,657,1964,2411,1520,610,2852,2853
-13.28,-6.30256,-29,611,610,1079,1078,1498,2389,170,1965,1055,1964,1940,1521
-11.2282,-3.71318,-29,1103,2413,1079,217,1521,1080,216,194,193,170,1989,1966
-8.48841,-5.08835,-29,171,1081,1967,194,1500,1966,195,1080,1942,2414,2415,2390
-4.75545,-4.66413,-29,1523,639,1082,1524,1968,2857,197,614,195,640,196,2416
-3.58896,-5.84514,-29,1502,638,173,1082,1524,1059,174,640,614,2834,197,616
-2.42069,-4.41541,-29,1524,1502,197,1084,220,1083,639,1969,638,198,2417,616
1.32525,-4.4023,-29,1525,198,199,1527,1085,1526,617,1971,222,1084,1970,1086
3.99266,-5.47808,-29,2419,200,1086,1085,177,1948,1504,1527,2420,1063,1971,1528
6.52056,-3.35167,-29,1087,1972,224,200,1109,201,1528,1997,644,2862,1086,666
8.70912,-3.8877,-29,201,1529,1087,667,1088,1974,224,202,643,1552,645,2421
11.0773,-3.2501,-29,1530,1088,226,1089,2422,1529,667,203,621,1554,644,1553
14.0621,-2.92622,-29,1531,1555,203,1089,1112,1090,669,1554,204,1532,1999,2423
17.1712,-4.05579,-29,1091,228,1977,1090,1092,205,648,1532,2424,206,669,1978
18.82,-3.22729,-29,1533,1977,1978,1092,228,1114,207,647,1556,649,671,2425
20.3824,-4.95171,-29,1979,207,1978,624,2426,1069,1093,1092,648,1954,208,2868
23.9182,-5.26107,-29,1070,1094,1980,1534,1956,184,1093,627,1957,209,208,2868
27.5047,-5.41698,-29,1513,1536,1981,628,186,1095,627,2870,209,1071,1958,1957
-29,-2.50538,-29,1073,653,1096,1514,210,187,1983,1097,1960,2429,1537,675
-27.623,-1.60553,-29,210,652,1097,1983,1537,211,675,1073,1096,2430,1982,1514
-24.7854,-1.7328,-29,1097,2431,1098,1075,211,2430,630,1984,1539,1515,1538,1985
-21.7435,-0.594743,-29,1098,656,1121,1099,1540,212,1985,677,1564,2432,1075,214
-20.1918,-0.164805,-29,655,1122,236,1099,1986,1564,214,1121,2432,1540,679,212
-16.9139,-2.97008,-29,1077,192,1519,1100,634,1518,1987,2852,1541,215,2411,214
-13.8648,-1.82895,-29,1101,1543,193,192,1102,1988,216,215,2435,1520,1989,2413
-11.1645,-0.66345,-29,1102,240,217,1544,1989,660,239,216,1125,1990,2436,2435
-9.43022,-0.764545,-29,240,218,1544,1990,1104,1545,659,217,683,2014,1989,2879
-6.81278,-2.13765,-29,1104,1523,1546,1522,1081,218,1991,196,1992,2879,2414,1968
-2.71287,-1.6526,-29,219,220,1106,663,1547,1993,197,1969,221,685,196,1105
-1.60635,-0.352496,-29,221,1129,662,686,1993,685,1548,1106,1107,220,2439,219
0.956022,-0.720056,-29,1549,1107,687,1129,222,221,2019,1994,1108,2018,1995,1970
3.97395,-2.10623,-29,1086,223,1549,1550,2441,1109,1972,199,1995,1108,1996,1131
6.99599,-0.764724,-29,2443,1551,1109,689,1110,224,246,1997,1132,223,1552,643
9.53062,-2.40331,-29,1529,1553,644,226,224,1110,645,1552,2422,1088,225,1087
13.5877,0.432394,-29,692,1112,1111,691,2023,2000,249,1578,227,1999,1134,2446
15.6071,-2.06528,-29,1555,227,1090,2001,228,1532,646,1113,1112,1531,647,2000
18.347,0.0354989,-29,1114,1579,1113,2471,2025,229,693,251,2002,1556,2470,228
20.7436,-1.60339,-29,229,207,230,1557,1114,1115,1533,2003,2002,208,2448,1580
23.4778,-0.349039,-29,1557,1138,1582,231,1558,1116,230,2472,2003,253,2449,696
25.9041,-2.13354,-29,232,231,1535,209,2004,2450,1116,1117,1536,1094,1558,1980
29,-1.30467,-29,1140,232,1560,2005,2451,1117,1583,2029,1536,2450,673,1559
-27.5943,0.157867,-29,210,234,1537,2007,1561,211,676,653,1982,1538,1562,1096
-27.4924,1.91019,-29,234,1142,2007,1118,233,1561,675,257,1562,2006,1982,1584
-23.2439,0.82194,-29,1984,235,1540,1121,1098,1119,1120,655,1563,2454,2431,678
-21.411,2.74924,-29,2033,1121,235,2455,259,1563,2009,701,236,2034,1143,1564
-18.178,1.51229,-29,1122,2010,260,1123,2011,236,237,259,1565,2433,656,1986
-16.0935,3.56585,-29,1123,1589,1565,681,2035,703,2480,1146,260,2012,2036,2479
-14.8292,2.41761,-29,1566,238,680,2480,262,1146,2012,1123,1124,1147,1565,2434
-10.9655,2.22343,-29,1148,239,240,1568,263,1126,1567,1125,262,2014,1591,2013
-8.47735,0.705278,-29,1104,1126,1569,2014,240,241,660,684,1545,2460,1544,1991
-6.71699,0.632614,-29,2016,1546,241,1569,1104,683,1127,242,1991,2015,1545,1570
-3.15648,0.509801,-29,1993,219,1571,1128,686,242,663,1105,662,1570,243,1548
-1.65576,1.35647,-29,1548,243,1571,1129,1572,663,685,244,710,1128,1993,2018
1.54697,0.848983,-29,2018,1130,1108,664,1573,2019,1129,244,269,1549,1107,2464
5.14748,2.58572,-29,1574,1155,245,1154,1575,2020,2021,269,246,2044,247,270
7.93703,0.644098,-29,1132,690,666,1110,1576,1575,1133,2443,246,225,2022,1551
9.44421,1.41145,-29,1133,248,689,1576,2467,225,714,1577,1110,2022,247,691
12.1691,1.44011,-29,1577,249,1111,248,1134,2023,668,1157,1578,225,1600,2468
15.0746,1.25182,-29,1135,693,227,1578,668,716,249,2446,250,2000,2024,1113
16.698,0.827948,-29,1113,692,1579,250,2446,670,2470,2025,227,1135,716,2001
21.6959,2.96491,-29,252,719,695,2027,1137,1604,1581,1161,1138,251,1160,720
23.3743,3.0037,-29,1161,253,694,1139,720,1138,1162,2027,719,2473,252,1605
25.8787,0.826043,-29,231,254,1583,253,1117,1559,1582,2028,2004,2474,255,672
29,1.97647,-29,255,1140,278,1583,2029,2474,2053,2005,254,1559,721,1117
-29,4.452,-29,1141,1584,233,1142,256,2475,2030,1118,1608,2006,724,676
-25.9035,4.61541,-29,1585,2030,257,256,1165,700,1142,2031,258,2008,2476,724
-24.3725,3.69361,-29,2008,1143,258,235,701,699,1585,257,1119,1120,2032,1562
-22.6389,4.11431,-29,726,1143,235,2009,2033,2032,700,258,678,2478,1563,1585
-18.6435,6.16661,-29,1145,728,283,2058,1144,727,1588,703,1613,1612,1587,2479
-17.3733,4.72544,-29,1588,260,1589,1145,680,728,2035,702,2479,1565,1614,2058
-12.7122,5.00498,-29,1148,261,730,1147,1590,705,1146,2060,1591,2481,2036,262
-10.9129,5.09579,-29,1590,263,1171,1148,2037,1591,706,704,730,1592,1172,2482
-9.14072,5.12551,-29,1149,2037,1592,1172,264,263,705,707,732,1171,1593,1591
-7.34115,4.90194,-29,732,265,264,1593,1150,1149,708,706,2039,1173,1592,1172
-5.57728,5.00028,-29,2039,1173,1151,1150,2040,265,707,1594,2484,732,1593,266
-1.65177,5.26767,-29,710,289,266,267,268,2041,2065,1152,1595,1151,1619,1596
-1.12378,3.66152,-29,1152,243,709,1572,244,1596,1595,266,268,2042,686,2485
1.74954,5.65047,-29,712,268,2043,735,1153,2509,736,2066,1596,1597,1176,2487
3.38701,5.44941,-29,711,1177,1154,1597,270,1153,2066,2067,736,2044,2043,2487
6.98785,5.41049,-29,1599,2045,1598,1155,737,271,293,270,247,2068,294,2044
9.29431,3.15081,-29,1156,248,271,247,690,272,1576,2467,2046,1600,1599,1577
12.2648,4.90723,-29,2047,1180,1157,272,273,2491,1601,739,1600,2048,2046,2070
15.1317,2.95509,-29,1602,250,249,2024,717,692,1601,1135,274,1578,2048,693
15.2559,4.65027,-29,741,274,2049,1601,716,1602,2048,273,718,2024,1158,250
17.0058,5.88732,-29,274,297,741,275,1627,2049,1603,2493,717,1626,742,1602
21.9469,4.59989,-29,694,276,2051,720,1160,1604,1161,695,743,2052,1137,2495
23.6366,4.71297,-29,744,1162,719,1161,695,2052,1605,276,277,1139,694,2051
26.7104,4.23538,-29,255,277,2053,2496,1606,1163,1162,254,278,1605,722,2474
29,5.28808,-29,278,301,1163,1607,2053,721,2497,1630,255,745,1606,2077
-29,7.80862,-29,1164,2054,1608,1141,724,279,2055,1632,2498,280,2475,256
-27.484,6.93977,-29,256,2055,280,1141,2031,723,1164,1165,1608,2475,2499,2054
-24.541,7.72318,-29,280,1166,747,2500,1165,1610,2499,1609,281,258,746,1586
-22.0256,5.66461,-29,1166,701,2478,1167,2032,1144,2033,258,1586,2009,1587,1610
-19.7712,7.45687,-29,282,1612,1144,283,1587,702,1167,306,2058,2082,2057,1613
-17.0215,6.42228,-29,284,702,1614,283,703,1613,1589,1588,1168,2035,2059,1145
-13.8541,7.45958,-29,1169,730,1170,261,284,2504,2060,2503,285,1615,704,1637
-12.4382,6.64334,-29,729,1615,1171,704,2060,1590,261,1170,705,286,2504,2037
-9.31526,8.54534,-29,287,2529,286,2086,1616,1172,310,2062,1171,1196,2505,1638
-7.45842,6.49858,-29,707,287,1149,1173,1172,1617,1150,2062,706,288,708,2483
-4.2635,7.31929,-29,1151,1173,2063,1174,1618,312,289,1594,288,1641,2041,708
-2.26672,9.87323,-29,756,1642,1641,1198,1174,290,336,1175,312,335,1619,2064
0.815892,7.0902,-29,2509,1620,291,1176,736,711,268,267,314,2066,290,2065
2.52262,7.23928,-29,2066,292,735,1176,314,1177,711,712,1621,2509,2510,291
6.00497,6.789,-29,1622,270,713,2068,293,1177,1598,1178,2510,2067,2511,2045
8.68093,8.72165,-29,1623,317,1179,2069,760,1178,318,293,1624,1202,2537,1646
10.8612,5.99591,-29,294,1180,2047,2070,2046,715,272,1179,295,2513,271,1623
13.0691,8.75122,-29,2095,295,296,1648,1625,2071,762,2538,2514,1180,318,1181
15.3778,6.32421,-29,1626,717,718,296,273,2049,1158,1627,2048,297,274,2071
19.1977,6.8841,-29,1603,2073,743,2517,298,297,275,1183,1160,1182,718,1628
20.8537,6.50345,-29,2051,1183,276,742,1160,1628,2073,299,719,2517,275,298
24.1614,6.29498,-29,277,300,276,720,2075,1629,2052,1185,1605,299,1162,1184
27.5211,7.74795,-29,1185,301,768,1630,1186,2076,2520,2077,1163,1607,722,300
-25.9968,9.74215,-29,1609,1188,1187,280,303,747,325,1632,1164,2080,725,2521
-24.2418,9.37822,-29,2080,725,304,281,1609,746,303,1611,2500,280,1188,305
-22.7317,12.4547,-29,749,2103,327,1633,1189,1213,304,772,1214,303,305,1655
-21.192,11.7671,-29,1215,1189,1214,748,305,1634,1190,772,304,1657,2524,2081
-17.1968,12.7856,-29,1192,1216,774,329,773,330,2106,1659,2083,796,1215,2549
-14.6512,11.0699,-29,307,285,330,2526,2084,1193,308,1192,2527,2107,1637,1636
-12.537,13.7223,-29,331,1193,1194,1218,2108,1661,2551,1217,2109,775,2107,776
-8.70365,11.8939,-29,310,333,1195,2553,1219,776,754,1639,2530,334,2529,1196
-7.05352,11.2812,-29,334,1196,2530,2553,753,311,1640,755,310,333,2087,1639
-5.12678,11.6478,-29,311,1221,1640,1198,2531,334,335,1197,754,2554,312,2112
-0.615143,10.0939,-29,734,313,2533,290,291,757,1175,336,1642,1199,1643,2089
1.0881,10.3151,-29,314,758,313,756,1643,291,1200,1199,2533,315,1223,1175
2.3521,11.4698,-29,1643,315,781,1223,757,2091,1200,1224,313,1201,2090,314
5.84642,9.81656,-29,1644,1622,760,1645,1201,316,1178,2511,2535,2069,315,292
7.49792,10.0412,-29,317,759,1202,316,1178,2069,738,1645,340,2092,2511,1622
10.3541,12.8871,-29,1226,2093,1204,2117,1203,2560,1227,784,340,1647,1669,1670
12.0029,10.2696,-29,2538,1203,1648,318,1647,319,740,1204,2095,295,1646,1671
15.2386,11.2464,-29,1205,320,2095,1181,1649,342,319,2539,2096,1229,785,2538
17.2538,9.08246,-29,1181,297,298,321,2540,320,2072,1182,1626,1650,1649,1627
19.675,11.4674,-29,787,2097,321,1207,788,2541,2121,322,1206,1650,2120,1674
21.7427,9.45602,-29,1207,1184,322,299,2074,1208,1651,2518,1183,2097,2099,1628
24.6831,9.82231,-29,1209,1184,2099,2076,1208,323,2519,1652,300,346,2542,2518
27.5675,9.44744,-29,1186,1209,1210,2076,745,2100,1653,2520,2077,2544,301,767
-29,13.551,-29,1211,770,1654,1631,1235,2101,302,2125,1212,2521,349,1677
-27.5594,14.3754,-29,326,769,2101,1235,1212,2125,349,1211,1654,2102,2126,1677
-23.8839,15.7281,-29,1655,2127,350,1237,327,1656,1236,794,326,2126,1679,1213
-21.4989,13.7592,-29,1214,1657,794,327,2104,748,328,749,2103,1215,1656,2547
-18.2427,11.414,-29,1635,1215,750,2083,2106,1191,1192,1190,329,306,2525,1634
-16.141,14.1407,-29,1240,750,1660,330,1659,796,1216,1217,1682,775,329,2107
-14.1128,15.5661,-29,1683,1217,354,1661,1660,331,1240,798,2130,752,774,2131
-10.0221,13.0329,-29,1218,1219,1662,2109,753,1195,332,1194,333,2110,752,2551
-7.61324,15.0075,-29,333,2133,1243,332,1220,801,2110,2575,1663,334,356,2111
-4.29562,14.8576,-29,1245,1221,779,2111,2112,1664,1220,2554,802,801,1687,1222
-2.61525,14.8557,-29,1665,778,802,2112,1222,1664,2578,2555,1246,1245,1221,780
-0.423142,13.2497,-29,803,313,1222,2089,1665,1223,2556,2113,2555,336,1643,779
3.60677,12.5757,-29,758,2091,782,2557,1224,338,337,1201,1223,2535,2114,315
4.26056,14.1293,-29,781,1225,1248,2114,1667,337,2557,338,805,2115,1224,2138
7.55215,14.6411,-29,1226,1249,1225,363,2116,339,1668,1692,1669,2115,2558,805
10.3806,14.8012,-29,2117,363,1227,341,1693,1670,1226,364,761,2116,2141,2560
13.2482,13.1288,-29,1205,1227,319,1229,1204,1228,2118,1671,2560,2561,763,342
16.2137,14.6243,-29,1229,1230,1672,1695,343,808,809,342,2561,2119,2586,1673
19.2193,13.0832,-29,1673,788,1206,765,1231,343,2120,2121,2563,2541,1230,2564
20.8555,12.7233,-29,345,1674,787,322,2121,1231,765,1232,2564,2097,2563,368
24.1793,13.3444,-29,2123,2122,1675,1232,369,1233,323,345,2542,346,2565,1676
26.023,15.4845,-29,791,1675,370,1699,1233,1256,2590,2591,1676,2147,369,789
27.4949,14.6901,-29,790,1234,347,1257,1256,2591,2124,1233,1676,1700,1675,324
-27.5803,17.8611,-29,793,348,1678,1701,814,349,2567,2592,1236,2148,1677,1259
-26.011,18.3127,-29,792,1679,1703,1259,2592,1236,1678,814,2149,350,349,1702
-22.0668,15.357,-29,1237,327,2104,795,772,1656,328,771,2570,2128,2103,1657
-21.0821,16.7264,-29,1238,794,1680,1237,2128,328,351,1239,2570,2104,817,2571
-17.4977,15.2185,-29,1681,1658,1216,774,1240,1682,329,1239,750,353,2129,1660
-15.3254,18.6953,-29,2153,1707,1262,353,820,354,1241,819,2572,2154,2130,1263
-12.9791,16.9884,-29,2598,331,1242,354,1241,1683,775,2131,355,1684,1707,1661
-10.2563,18.1323,-29,1708,800,1684,355,356,1685,1242,1265,379,2156,2155,2132
-8.56613,18.2102,-29,1243,2156,799,380,1686,1685,1265,357,356,1708,2575,2157
-6.32281,16.1764,-29,1243,1245,1244,1220,2111,2133,777,357,358,1686,778,2576
-3.0096,16.4909,-29,1246,1245,779,1687,359,1664,1688,2578,778,825,358,1665
0.729934,14.4126,-29,780,804,1666,1223,2113,1689,1665,337,2556,2579,1224,2137
1.77152,15.6853,-29,1689,1248,803,1690,2137,337,1666,1247,2579,2114,360,2113
5.03798,15.7483,-29,1248,1249,1225,1691,1667,361,2138,782,1668,2114,362,783
7.18385,17.603,-29,1249,828,1250,362,2139,1692,1691,2582,829,2162,363,2606
10.3348,18.375,-29,2164,829,1717,830,1250,2140,1251,364,388,1273,2141,2139
14.8165,15.6326,-29,809,2585,365,786,1228,1229,2561,1252,1695,1694,2143,1230
16.3442,16.4076,-29,1230,808,2143,366,1252,1695,367,786,2586,2585,1253,1672
18.1262,18.8149,-29,1697,1253,1276,367,1720,366,833,1254,390,2167,2166,1696
21.1052,18.5127,-29,2168,2144,1698,1277,833,1254,2588,834,1697,1255,2612,2611
23.921,17.9196,-29,1278,2146,2589,1255,1699,834,1698,1722,370,835,2590,811
27.5071,18.1104,-29,835,1256,2147,371,836,2170,394,370,1723,1700,2146,1279
-27.5169,19.5846,-29,1259,1701,2592,792,372,1258,2148,1702,793,2567,373,1725
-24.3766,20.7956,-29,374,2150,1259,1703,1282,2593,816,373,2149,2173,1704,1260
-22.9885,19.7345,-29,1260,1703,2150,1704,2594,351,815,374,817,2174,350,2149
-20.8646,19.2601,-29,1260,1238,351,2594,1261,2595,375,1680,2151,816,795,1705
-17.845,20.5284,-29,1262,1261,1284,1705,1706,376,819,2152,375,1729,352,2153
-16.0664,20.6556,-29,2153,820,1706,376,1262,842,1263,818,797,2176,377,2152
-14.4671,20.1304,-29,797,819,2154,377,1263,378,1241,2153,842,1264,1707,2597
-11.2486,21.1953,-27.6272,843,1709,2599,379,1731,844,1264,2155,1732,1708,378,402
-8.59583,21.4835,-29,1266,2179,844,845,1709,1265,823,1288,380,2180,1732,2156
-6.84594,21.1983,-29,2180,1710,1266,380,822,1267,846,381,845,2624,2179,2157
-3.35146,21.3747,-29,1268,1711,1267,2181,1290,1291,383,382,2624,406,405,2158
-1.51677,18.4,-29,1712,360,1688,359,383,1246,1269,2158,2136,802,406,2603
1.58452,18.5521,-29,1247,1714,1270,360,2603,2160,1690,1269,2580,2161,1713,1689
4.48021,21.5732,-29,408,1737,1293,386,2161,1271,2185,2605,385,409,1738,2627
7.15075,19.2763,-29,806,409,829,2162,1716,362,2139,1272,386,2606,1250,2582
8.83977,19.2537,-29,1717,2139,1272,828,807,388,1250,1716,806,2163,2140,409
11.8763,19.1739,-29,1273,411,1251,2164,807,1274,1718,389,388,2584,1717,2165
15.2286,20.8702,-29,2609,1741,1719,1275,1298,390,1742,855,1274,2166,412,2633
18.5521,22.2706,-29,414,2610,391,2191,1276,1299,855,2634,1300,2167,2633,1744
19.7337,19.5479,-29,1697,811,2167,1277,1276,810,391,1254,2168,1721,1720,2611
22.744,19.2751,-29,1277,1722,1698,1278,812,2612,811,392,2168,415,1255,2169
26.001,18.8501,-29,370,813,1278,1279,2146,1723,836,2147,812,2170,2169,1722
27.4882,19.808,-29,813,394,417,1279,2614,835,1724,1723,2170,2613,2147,371
-29,22.198,-29,1280,1725,1258,395,372,2171,1281,1304,2148,814,2615,1702
-25.958,23.3425,-29,1280,373,396,1726,2172,1282,2616,1281,1304,2639,1258,2593
-22.8768,23.5181,-29,1727,2617,1283,374,1726,397,1282,398,2173,2640,2174,421
-19.9171,23.2292,-29,399,1728,398,1284,2175,1283,841,2618,375,2617,1729,2199
-18.0398,23.423,-29,1284,865,399,376,2175,400,2619,1729,840,2642,2176,1728
-15.2961,22.2282,-29,377,1263,2176,400,1285,376,819,1730,820,1286,2620,1706
-12.0324,21.6847,-29,821,377,1731,378,844,402,1286,1264,379,1732,2155,1730
-10.2902,21.7716,-29,822,1709,1732,843,821,379,402,1288,1265,2179,1731,1708
-7.6618,22.9309,-29,403,2180,822,2179,846,1733,1288,823,1289,2622,1266,1734
-5.93988,22.7324,-29,1290,2180,845,1289,1734,1267,823,2624,847,1733,1710,2623
-4.62142,24.5405,-29,1735,1734,1313,427,1290,1289,405,2205,846,2204,2206,2181
-1.09549,24.6388,-29,2182,428,849,1736,872,2206,405,407,2649,1291,427,2626
-0.144213,23.2277,-29,848,384,2626,1736,2182,1292,2183,1291,407,406,2184,405
2.92438,24.5825,-29,1293,874,1760,1292,2184,2651,407,2627,2208,1738,2207,851
5.60734,25.5228,-29,1738,2628,875,2209,852,1760,2651,1294,2652,1317,850,1739
7.37668,25.6579,-29,2652,410,1294,1739,851,875,1762,1318,2628,1740,433,2209
10.5883,23.5227,-29,2631,1296,1740,387,2187,2188,2630,854,877,410,2654,2189
12.3405,22.6754,-29,2188,1296,412,1741,411,2189,2631,853,2165,1297,1742,387
16.914,21.5689,-29,1298,2610,1276,390,2609,1299,832,831,2633,1720,2634,1742
17.3641,25.04,-29,1743,2190,1299,2213,437,2656,414,413,438,2634,1322,2655
21.168,24.8433,-29,2192,2215,438,439,1744,1300,1301,414,2635,1767,1766,2657
23.5151,22.7321,-29,2192,2636,393,1745,392,1301,415,2193,2635,2169,2612,1302
26.3482,24.497,-29,440,1745,1746,1302,2660,441,2216,416,2193,2637,1303,393
29,22.4586,-29,1746,1724,2194,417,2637,2614,1303,1302,836,2613,859,394
-29,29,-29,2195,1747,2638,419,1748,418,862,2196,2615,1304,1749,396
-25.4806,29,-29,1748,1749,1747,420,1305,863,2196,419,2197,1306,861,2195
-22.8538,27.4221,-29,1749,1750,2197,421,2198,420,1306,397,1305,2640,864,2641
-20.3349,29,-29,422,1306,1750,1307,2641,1308,2198,863,2199,420,1751,421
-17.3538,24.9562,-29,1751,841,1752,2619,400,423,2642,399,2175,2620,1308,2643
-16.8836,29,-29,1308,1309,2200,422,1752,1307,2643,867,1751,1310,864,2641
-13.7608,29,-29,1310,1309,425,2201,424,1754,2643,2644,866,2200,1311,1753
-11.035,25.8861,-29,1287,1754,424,2178,2645,401,2202,426,402,1755,2621,2201
-8.62796,29,-29,1312,2203,1311,870,426,2646,1756,1754,1755,2202,404,871
-6.92863,29,-29,1756,869,871,1312,2646,2647,2203,404,1757,426,1313,1311
-5.17062,29,-29,1314,1756,870,2647,1757,1313,2646,1758,1312,2648,869,2205
-0.0407228,26.0161,-29,407,1759,2207,428,848,2649,873,1736,874,2206,849,2184
1.05289,27.4547,-29,874,2650,429,1759,872,430,2207,1316,2649,407,2208,1315
2.10724,26.1089,-29,1316,2208,407,2207,873,850,1760,872,2650,2184,2651,1292
6.32558,27.1033,-29,1317,1761,1318,2652,851,852,2209,432,876,1762,1760,2628
7.27295,29,-29,1319,432,1761,1318,875,1317,2210,433,2652,1762,852,1320
10.7618,25.5498,-29,2654,2653,410,2187,878,1296,433,1763,853,2631,2211,1762
12.4485,26.0364,-29,1764,1296,2212,877,1763,2654,436,2211,1297,2653,2189,434
15.855,29,-29,1321,880,435,1322,1765,2214,2213,1764,436,2656,1323,437
17.5156,29,-29,1323,879,1322,2214,1765,437,1321,1766,2656,881,2213,2657
20.8253,29,-29,1323,1324,1767,1766,2215,2214,2658,1768,2657,880,439,437
24.191,29,-29,1324,883,1768,1325,2659,2658,1767,416,2217,1769,440,439
25.8743,29,-29,1769,1325,882,2217,440,2659,1768,1326,1324,416,441,1770
-27.4891,-27.837,-29,1772,465,0,1,1328,909,1771,442,1327,2219,908,1795
-24.8146,-27.5183,-27.6406,443,909,2219,1795,910,2663,1773,2242,1329,1328,24,444
-22.9826,-29,-29,1774,2,1773,444,443,445,1329,1330,885,25,2219,2663
-19.9899,-27.7677,-29,1331,1330,1775,912,468,3,445,1797,2,446,2221,26
-17.7259,-29,-27.6926,4,3,2222,1776,1775,1799,1332,446,2665,1331,447,2245
-15.0584,-29,-29,448,1777,447,1332,4,5,2246,1333,1799,28,2223,890
-12.4671,-29,-27.5795,449,5,2667,1334,1777,1778,1333,2225,6,2224,891,448
-10.8074,-27.5581,-29,1778,1335,1357,449,7,6,472,1334,1779,890,473,916
-7.54344,-27.3202,-29,1335,451,2227,1780,1358,473,474,450,8,1359,2249,2226
-5.15502,-27.5104,-27.541,451,1804,1336,2228,2227,9,1781,2250,1359,2670,452,1337
-3.20008,-29,-29,1781,1782,10,9,452,1337,453,1360,2671,893,1338,451
-0.0338709,-29,-27.6114,453,11,2672,2229,1338,1339,1361,1782,454,1783,896,10
1.61462,-27.5032,-29,1361,921,11,12,454,897,455,477,1339,1806,895,1784
3.35625,-27.5638,-29,921,1340,455,36,456,896,12,13,1784,1339,1785,2231
6.06424,-29,-29,1785,1341,13,2232,14,456,2254,1786,1340,922,1784,1342
8.7907,-27.6421,-29,1786,38,1787,14,458,457,1342,1365,1341,15,923,2676
11.0432,-29,-27.8453,15,458,459,1787,2677,1343,1788,2234,1342,1344,2256,16
15.8001,-27.4359,-29,1811,902,926,1789,17,1368,460,2258,2236,925,1367,2678
16.2791,-29,-29,901,1345,2236,460,17,1789,461,1811,2679,1368,903,1344
18.5364,-27.6255,-27.741,17,18,2238,484,2703,1790,1345,1812,927,2237,461,1789
20.7669,-29,-29,905,1790,18,462,1346,461,19,485,2680,903,1792,1347
21.9292,-29,-27.8222,19,904,2681,2680,462,1346,1792,2239,1791,1790,1347,20
25.7802,-27.7432,-29,463,487,1348,21,930,2240,1793,20,464,1372,2239,44
29,-27.6628,-27.7202,464,1349,2263,931,22,2240,1816,487,21,2683,1373,1372
-29,-25.5938,-29,1794,465,46,1771,932,0,1350,884,23,2218,1351,1817
-25.7752,-27.3794,-29,1328,885,24,1,884,1795,0,443,444,2219,23,1772
-23.9346,-26.0303,-27.5311,24,1796,1329,25,885,2686,2242,1795,1352,443,1376,467
-21.7893,-24.9361,-29,1796,49,1353,25,468,48,1352,26,1820,467,2243,2
-18.885,-26.5098,-29,1797,446,27,2245,26,887,1775,913,468,1798,3,1799
-16.8807,-26.2307,-29,27,446,447,2245,470,1355,28,1799,912,1379,2246,1775
-14.4159,-24.6556,-29,494,1800,28,1824,1380,471,470,1356,937,1355,29,2247
-11.2359,-23.8205,-29,29,1801,1382,1356,30,916,53,1802,472,1381,1824,2714
-10.0706,-24.9879,-29,1357,1802,915,473,1801,31,472,30,2249,1382,2692,1356
-6.96747,-23.7351,-29,32,31,1826,941,54,2272,1803,474,55,2249,1383,1827
-3.19469,-24.8642,-27.5976,1828,475,33,1804,2694,1827,2251,919,2717,498,1360,2250
-1.45852,-24.7043,-27.573,33,1386,34,2251,2252,1828,1805,918,920,499,2695,476
0.455441,-24.4044,-27.7418,34,35,1806,2252,1387,1386,58,1805,2696,1829,919,477
2.51468,-27.1106,-27.6684,897,896,2231,1806,12,2253,1340,2673,1361,1339,1784,455
6.03952,-26.1517,-29,1341,37,13,479,1808,36,457,2254,1364,1807,1340,1786
9.06653,-25.1543,-29,480,457,1809,38,924,1365,61,481,37,899,1364,2256
9.97296,-24.7664,-27.6396,480,923,481,2700,2722,1366,1365,1809,2280,2256,1390,2699
13.7007,-26.1053,-29,926,16,482,1367,1810,39,40,1811,2257,901,1343,2235
15.3224,-25.8674,-29,925,901,483,40,1367,1368,2258,1392,1811,1789,2257,16
19.7108,-26.2439,-27.7129,485,484,42,2259,2704,2238,1370,1812,903,1346,1813,18
21.5123,-25.0947,-29,929,485,66,1370,43,1814,42,1347,952,927,462,1815
23.0707,-24.6172,-29,928,1371,486,1814,43,67,1815,952,953,66,1347,930
25.1088,-26.2097,-29,906,486,1815,44,20,487,1372,1348,2262,43,929,2705
29,-26.4788,-29,1373,464,907,2263,1816,487,45,22,2240,2706,1349,44
-29,-23.7213,-29,46,1817,1794,933,488,908,1351,1350,2264,1375,466,1374
-27.5473,-22.7818,-29,1375,488,466,1351,46,1817,932,489,47,1818,1374,1794
-23.1223,-21.7487,-29,2266,490,1819,72,935,48,491,958,1377,1820,2290,2710
-21.4815,-22.2543,-29,491,49,492,1820,934,48,2266,1378,1821,2267,911,514
-18.0431,-22.0138,-29,50,515,2268,493,1822,492,1354,469,961,1845,937,2292
-15.7963,-23.0518,-29,50,494,1823,1822,470,51,1380,493,914,1379,936,1403
-13.6031,-22.1937,-27.6774,1823,1381,52,494,2714,1824,2713,2294,2270,29,2271,51
-10.4962,-20.9819,-27.7776,518,1381,496,1825,495,2295,53,1849,940,963,1405,1382
-9.28629,-22.2941,-27.6019,496,1382,1383,2715,30,939,54,2272,1849,1802,1825,53
-6.58192,-22.1049,-29,1384,497,917,54,520,55,1826,1383,1407,56,2272,2273
-4.02065,-22.5699,-27.776,498,966,1827,55,1828,1384,56,2274,57,2718,2717,1385
-0.799849,-21.912,-29,1385,82,499,944,58,81,1409,1386,57,500,522,2275
0.394054,-21.9538,-27.7844,82,1386,500,1830,943,1387,1409,1829,58,2275,2276,2719
3.1144,-22.1244,-27.7376,501,60,59,2719,2720,2277,1387,2742,1363,1830,2301,500
5.63404,-23.1474,-29,479,1831,1388,502,1363,84,60,37,2278,1808,1389,478
8.21538,-22.5511,-27.7027,502,61,2722,1832,62,1389,1831,2279,2721,503,1390,1809
10.89,-21.8716,-29,1391,86,62,1833,1390,504,527,480,1857,1832,2281,2304
14.366,-23.1006,-27.8608,63,64,1392,950,1834,2257,505,2724,1835,40,2281,1393
15.4365,-21.8106,-27.7758,88,1393,949,2282,506,1415,505,1835,64,974,1834,1860
18.2684,-21.6854,-29,1836,506,507,530,1860,2307,65,1394,976,1393,2725,89
21.9211,-23.2523,-27.8426,66,67,508,1814,2285,2260,2284,1395,2727,1370,1371,929
24.7359,-22.9019,-29,1396,1838,92,486,67,68,1371,1839,509,929,2286,2262
26.7266,-20.6855,-27.8481,510,978,2752,1839,1864,1419,2287,68,92,2311,1420,1840
27.4146,-23.5692,-29,45,68,1396,2287,1373,44,2706,69,1397,510,2729,1816
-29,-18.3848,-29,1865,1398,511,981,70,535,1841,1866,2289,957,2288,980
-26.1931,-18.3209,-29,981,1842,1400,511,71,2313,95,512,1841,1843,1866,2289
-23.2501,-19.9649,-29,491,2290,1400,72,73,1844,513,934,2266,1819,959,1843
-21.3923,-19.8571,-27.4915,1378,1844,2291,491,2315,514,2266,73,2733,958,2267,1401
-18.8974,-19.0137,-29,74,514,961,1402,2292,75,515,2291,1401,984,1846,539
-17.6081,-20.1021,-29,516,515,1845,960,493,2292,75,1846,936,2268,1402,1403
-14.4694,-19.9848,-29,517,516,2294,51,1847,76,1403,52,99,493,1404,938
-12.0445,-20.0093,-27.5085,495,1405,2294,1381,517,2737,1404,2271,939,77,52,2295
-8.62492,-19.485,-29,519,518,1849,79,497,2296,78,1406,496,1407,1405,543
-4.99742,-19.1305,-29,1850,80,520,1851,521,1874,544,2298,79,56,1407,2739
-3.27958,-21.043,-27.7534,1408,1385,56,80,1851,942,57,2740,2718,81,2274,1852
-2.0865,-18.8919,-29,1408,522,521,1853,104,81,105,80,2298,1431,1409,2299
0.808408,-18.4431,-29,105,1410,83,1432,523,992,522,2323,1854,106,82,2300
3.28246,-19.6133,-28.256,970,1854,501,524,523,83,1411,2742,2301,2743,1433,1830
4.46856,-20.4049,-29,2301,969,525,84,501,60,524,1411,1855,85,945,1388
8.04355,-18.3565,-27.6822,108,526,2327,2303,2745,1856,1412,2326,2302,1413,1436,2328
10.253,-18.9863,-29,996,86,1413,1414,2303,2328,527,526,1857,87,550,971
13.3356,-20.2301,-29,1415,2304,1391,87,1858,528,527,505,88,1834,998,1833
15.8392,-20.009,-27.5066,1415,1416,1860,88,89,2306,1859,950,2305,2282,528,2748
17.7456,-18.3547,-29,1416,90,2331,89,113,112,1417,530,529,1884,1439,1860
20.0498,-20.2909,-29,1837,1861,2307,531,507,530,90,91,951,1418,508,1417
22.7622,-19.0455,-29,2310,532,531,114,2309,91,1418,1862,509,533,115,1863
25.884,-19.8027,-29,532,1420,1864,954,92,1419,533,1863,2752,510,68,93
29,-18.7559,-29,93,1864,1887,534,2311,1444,2753,1443,1420,510,1840,954
-29,-15.7243,-27.6156,535,94,2312,2754,1865,1421,1445,1866,536,2755,981,1446
-27.606,-17.4758,-29,957,1866,535,956,1841,95,511,536,1865,2313,980,1398
-22.8535,-17.3013,-27.6322,537,2315,538,1867,513,1844,2314,1423,1424,1843,96,71
-20.3621,-16.3543,-29,984,1007,96,98,1401,1424,538,97,74,2315,1869,1890
-19.8563,-17.1941,-27.6399,983,74,1401,1868,2734,1424,1869,2315,2291,1007,1402,98
-16.5425,-17.4122,-27.765,99,539,2316,1870,2317,75,1846,2759,540,1402,1871,1869
-14.1736,-16.587,-29,1871,540,100,1427,541,1426,76,99,987,565,1404,1451
-12.3573,-15.5716,-29,1872,1427,1010,101,541,100,542,1451,986,988,1452,1848
-10.0504,-15.5414,-29,101,543,542,567,2319,1872,1429,1453,1428,987,124,1896
-6.47601,-17.2784,-27.5357,544,2320,2763,102,1850,1873,2739,1874,1406,2321,103,519
-4.12077,-14.8909,-29,545,1897,126,1014,103,1875,1013,570,2321,1430,2346,1455
-0.828143,-16.0822,-29,570,992,2324,2322,547,105,104,546,2323,1876,1853,1877
0.6533,-16.7613,-29,991,106,1432,968,2323,547,1877,105,2324,129,523,2766
3.97358,-15.1063,-29,994,1878,2349,548,130,1016,129,1901,2768,106,1458,1434
5.34695,-16.022,-29,1901,548,107,549,993,1435,1434,2768,1436,130,574,1878
8.45583,-15.7276,-29,550,549,2327,1018,1436,1880,575,526,1902,1435,2352,2769
11.0777,-17.5834,-29,551,972,550,1437,2328,1414,109,87,526,1881,997,527
12.6659,-15.8525,-27.8327,109,1462,552,1437,2329,2771,551,1881,110,576,1882,2352
14.1964,-17.7229,-29,528,551,1882,552,1859,1858,111,529,87,1881,1439,973
18.2506,-15.423,-29,1883,1022,113,1440,579,112,553,554,1906,2331,1905,1465
20.5123,-17.3235,-29,114,1884,1441,113,531,554,90,555,1862,1440,1861,1885
23.26,-15.2227,-29,1024,2356,555,115,2333,1885,556,2357,137,1023,114,581
26.2056,-16.9493,-29,1420,556,1886,93,116,1442,1443,533,557,2334,115,2753
29,-14.0533,-27.542,139,558,2359,1909,2335,582,1467,2777,1025,116,1468,1444
-29,-12.1323,-27.5995,559,140,2778,1910,2801,1888,1445,1469,117,2336,1026,1446
-24.5949,-12.7775,-27.6147,142,561,2338,1912,1470,1889,2337,2780,1447,562,560,1913
-23.2216,-14.6517,-29,96,561,2338,1447,1448,119,537,1890,1867,562,1423,97
-19.8334,-15.35,-27.7486,97,98,983,1868,2340,2339,2757,1449,1424,984,1869,563
-17.4397,-12.3807,-27.5203,122,1891,2341,1892,1031,564,1450,1473,2783,2806,121,1009
-15.8651,-12.9193,-29,565,146,564,123,122,2341,1450,1893,1008,1916,2783,1425
-12.6799,-13.8738,-29,101,1894,541,123,1451,566,987,1452,147,1893,1872,124
-8.80106,-12.0745,-29,1918,125,1895,591,124,148,590,1477,567,2343,1919,1012
-6.29968,-12.4588,-29,125,569,1478,1454,591,126,1455,1477,592,1013,568,2345
-4.05471,-13.0585,-29,1014,126,1455,2346,569,593,990,1897,1920,127,1012,2788
-2.7128,-14.0028,-29,570,127,1013,990,2346,1876,546,1875,1897,1456,593,1898
1.38305,-13.5866,-29,1457,1899,572,547,1458,129,1016,571,1900,594,546,1877
3.1171,-13.6402,-29,1900,129,130,572,993,1015,1458,2349,573,1459,1878,1899
5.79067,-12.2751,-29,154,574,1459,130,1924,596,1460,131,573,1039,2374,1901
8.12487,-14.0895,-29,2351,995,574,575,131,1902,132,549,1880,1461,1460,1901
10.7775,-12.6492,-29,132,1042,1461,133,1903,156,577,1925,575,1484,576,155
13.3696,-12.8874,-27.5891,577,1021,1927,576,2795,1043,1904,2353,1903,599,1462,110
14.1828,-13.2902,-29,599,134,2353,1020,1463,577,110,600,1462,1043,576,552
19.3307,-14.1202,-29,136,1906,579,999,554,1023,1465,135,2355,1440,1464,1907
21.0514,-14.3131,-29,1465,2356,136,1907,555,1022,137,554,1001,580,2355,1441
24.6418,-14.2416,-29,2357,2358,556,581,557,1001,138,2333,137,1908,1886,2799
27.4982,-12.3154,-29,582,1048,1933,1468,1047,139,138,1467,2359,1908,2382,1003
-27.6295,-10.3565,-29,584,583,140,141,1910,1911,117,1469,1027,1492,1470,1004
-25.79,-9.15762,-29,606,584,1911,1028,141,1051,1050,2361,2384,1026,1471,1935
-24.4231,-10.184,-29,2361,143,1471,1027,1912,1051,142,584,585,562,2362,2384
-21.5627,-11.806,-29,1913,143,2363,120,1448,144,586,562,2362,1472,2338,2339
-18.5466,-9.42402,-27.8058,587,145,1938,1031,1495,1914,2805,609,1053,2364,1472,1473
-17.3347,-10.6294,-27.7516,145,1915,122,1030,2341,2806,2364,1473,1008,588,609,1914
-14.4817,-9.94633,-29,1475,146,589,169,588,1474,1055,2365,147,1915,2341,1916
-11.8667,-10.5806,-29,1917,612,590,147,589,2366,1476,566,1475,2343,2808,1032
-8.58228,-9.15933,-27.7691,1057,1919,1499,149,613,2809,148,2368,2367,1943,2391,1476
-6.3595,-9.08795,-27.8479,149,172,2369,2392,592,2368,150,1943,1058,1919,2810,1034
-4.04267,-10.1939,-29,569,2369,615,2370,593,150,151,1920,592,1501,1479,1478
0.129256,-8.95811,-27.6174,2394,1922,1946,152,1061,1921,2836,2371,175,1503,2813,1060
2.15662,-10.5646,-29,572,595,175,594,1481,1922,2372,153,573,1899,1039,1946
4.03717,-11.1681,-27.6065,573,1482,1459,2372,1900,595,1923,2814,154,1481,1924,2791
6.24832,-9.41357,-29,619,596,154,2373,618,1483,597,1482,1924,1064,1505,595
9.43163,-9.42544,-29,1950,2375,1926,155,1065,597,156,598,620,1483,1484,2398
11.8615,-11.4188,-29,1019,157,1927,1484,577,598,156,599,1903,2376,1020,1925
14.5895,-11.6174,-27.5869,600,1928,2795,599,1020,1927,2377,158,2354,2353,1929,1021
17.813,-10.9346,-29,578,601,1487,1488,1486,135,1929,159,1045,1464,2378,600
19.9305,-11.1959,-29,1488,136,160,601,2379,1930,135,580,1044,183,2355,1046
22.1609,-10.8717,-27.7152,160,2380,161,1466,1931,580,2379,602,1489,1930,1512,1907
25.9923,-11.49,-29,1908,162,603,138,1025,1933,1048,1932,581,1467,1489,2381
27.5908,-10.6255,-29,162,1468,163,1025,1933,2823,604,1047,2382,2359,1932,1491
-29,-7.84296,-29,583,1934,164,605,1492,141,1050,2848,1469,2383,1026,629
-26.6839,-7.91628,-27.8564,141,2825,606,164,2383,2384,1911,1027,2848,1492,165,1935
-24.1596,-8.48899,-29,585,1935,606,1471,1028,166,1027,607,1494,2384,2361,143
-21.1951,-7.26558,-27.8021,632,167,1495,1936,1937,1494,607,2827,2386,1517,608,1962
-18.5285,-8.11026,-29,609,2387,608,1495,587,1030,1054,1496,1938,145,2805,167
-16.8359,-7.55544,-29,1938,1497,169,1496,1939,168,609,1053,610,2387,1915,1030
-14.0259,-7.96677,-29,610,1474,589,1940,169,611,2389,635,1497,1032,1498,1475
-10.6,-7.478,-29,1941,170,171,1057,1499,612,611,2390,194,1498,613,2831
-9.65936,-8.86162,-29,1476,613,1034,612,1499,1056,148,2367,149,1941,171,590
-5.52976,-7.46137,-27.7187,172,1501,614,2415,173,1944,2392,1082,1035,1943,150,2833
-3.4353,-6.94863,-27.6843,174,173,1944,2834,1082,2835,639,1501,1945,1502,1058,615
-1.48481,-8.60375,-29,1945,1061,152,174,151,2394,1921,615,616,1037,2370,128
0.10293,-8.01803,-29,616,175,176,1037,1060,1503,2394,152,617,1946,2418,1921
3.72055,-8.12496,-27.6922,153,618,1504,2396,1947,1505,2838,1481,1482,1946,177,2419
6.19313,-6.05199,-29,177,1948,1949,201,178,200,619,1528,642,1505,1064,643
7.24997,-7.81539,-27.6268,597,619,2397,2373,1949,178,2839,1950,1505,1506,1483,1040
10.7269,-8.1825,-29,620,1926,180,598,2398,1951,2399,1041,179,1950,2376,1507
13.386,-6.16521,-29,204,180,1508,2423,622,181,621,1976,203,1507,1953,1951
16.2246,-6.47966,-27.7658,205,182,2400,181,1091,2843,1953,1976,2424,2401,206,1509
18.853,-7.87016,-29,624,1510,159,2401,1955,183,206,601,2402,1954,182,1069
21.1529,-6.49497,-29,184,624,1955,1979,1511,1093,649,625,2868,183,2426,1068
24.5032,-6.81455,-29,1071,650,2404,626,184,1957,1956,627,185,1980,1490,1513
26.0362,-7.40516,-29,186,1070,185,1490,1513,627,2404,1957,604,2405,2846,162
29,-8.02564,-29,186,604,163,1491,1958,628,2405,2823,1048,1513,2382,651
-27.6396,-3.4112,-29,652,187,188,1097,1960,1983,653,629,1514,1515,1096,1959
-25.8524,-5.12679,-27.6383,188,2825,165,2408,2849,1515,189,1493,1960,2848,2826,629
-23.3851,-2.65737,-29,212,654,630,190,1539,1098,1961,1516,1985,2431,655,1076
-21.0962,-3.35448,-27.7467,213,1961,2851,2410,2874,1962,212,633,190,1099,2409,1985
-18.5572,-3.21234,-29,213,657,2852,2410,1518,214,1541,191,1100,2874,633,1963
-14.2245,-4.88165,-29,1964,1965,1520,634,635,193,1079,610,192,168,2389,2413
-12.5045,-4.79971,-29,193,170,636,635,1521,1965,1078,2413,1498,194,1520,216
-9.48513,-3.64972,-29,2414,194,218,1103,217,636,637,1081,1966,1990,1521,1967
-7.68323,-3.62826,-29,637,218,195,2414,1523,1522,661,1967,1080,2857,1966,2879
-4.73171,-5.84385,-27.7434,614,639,1059,2833,638,2857,1524,2834,1058,2416,2415,173
-1.30651,-3.98767,-27.7919,220,2417,1969,1525,1084,640,198,2859,1970,1502,2418,1524
-0.874463,-5.09321,-29,198,616,640,1083,617,1502,2418,1525,641,220,2417,174
2.2952,-5.79772,-29,1971,1504,1527,641,617,642,176,2419,1947,1503,1086,1525
3.97652,-3.75676,-29,1527,200,665,199,1972,2420,642,2441,643,1109,2419,1085
7.60231,-3.51765,-27.7766,643,1974,1552,1528,644,2421,1997,224,2862,201,1973,1529
10.2493,-4.68399,-29,645,202,1975,1529,179,644,621,1530,1974,667,1507,203
12.4783,-2.32175,-29,226,1999,1554,1112,645,203,646,2422,1111,1555,1530,1531
15.5439,-3.75177,-29,1532,204,647,669,646,205,1531,2424,228,1555,1091,1977
17.3408,-5.15144,-27.8084,647,1954,2424,206,205,1067,2866,2843,1092,1977,1978,1532
18.6153,-4.92093,-29,647,1978,624,648,206,1954,1091,649,1977,1979,2866,207
22.1351,-5.11066,-29,184,208,2426,1069,1534,649,650,2868,1956,1979,207,1511
24.0725,-3.59271,-29,1116,650,1980,1534,208,209,1535,2449,673,2427,230,1093
29,-4.57922,-29,1560,628,2870,651,1536,1981,2451,1958,186,232,1513,2450
-29,-1.60857,-27.6094,652,210,2429,2871,1982,1983,1514,1537,653,675,1073,2872
-26.2483,-2.52237,-29,1073,653,654,1515,630,2430,211,188,1983,1539,1537,1960
-23.3171,-0.925767,-29,655,2431,654,1984,1985,1075,677,1540,212,2454,1539,1121
-20.6298,-1.53801,-28.1285,212,214,656,2432,213,655,2874,1986,1985,1076,1564,1541
-17.5133,-1.38734,-29,1987,1541,657,1122,214,237,2433,215,1077,1542,1986,192
-14.3946,-0.389727,-28.5063,658,238,215,1124,1102,2434,2435,1988,1542,2013,1543,192
-12.8041,-0.528246,-29,659,2435,239,1101,658,1124,216,2013,1989,1543,2436,2434
-10.4504,-3.26244,-27.6232,636,1080,2855,1990,217,2878,2414,2413,1966,1989,1521,194
-7.71434,-0.75467,-29,1991,683,661,1545,218,684,660,1546,1569,2879,1990,2016
-4.43638,-0.167713,-27.5515,219,242,2438,2016,2462,1993,1570,1547,685,1546,1992,1571
-1.59046,-1.71497,-27.7225,221,1969,662,1970,1993,2439,220,1107,663,2440,1547,1083
-0.129206,-0.596211,-27.7323,664,221,1548,1129,2440,2439,1106,2019,1994,663,1970,2018
2.9979,0.0390677,-29,1549,687,245,223,1573,1995,1131,2019,664,665,269,1550
5.68426,-1.81385,-29,1972,1997,223,666,665,643,1551,1550,224,246,1086,2862
8.73266,-0.864186,-29,225,224,689,1553,667,666,2443,1133,1552,690,226,1997
11.9946,-0.231345,-29,226,1999,691,668,2023,225,1577,2444,1112,1089,2000,1553
13.7653,-1.25696,-29,1089,227,646,668,2000,1999,1555,669,1111,1554,2023,2445
16.8915,-0.834751,-29,228,693,2001,670,2025,227,669,1556,2446,1114,1532,692
19.0079,-1.51119,-29,1556,1533,670,648,2002,671,229,228,1113,207,2025,1977
21.4953,-2.59515,-27.7835,2003,2426,207,208,2449,2448,671,1533,230,1534,1978,2002
24.14,-1.94069,-29,231,1094,230,1535,2449,672,1558,673,208,2004,209,1582
26.9202,-0.530844,-29,232,696,2005,1559,1583,231,2004,673,674,1140,2450,1582
-27.5012,2.76195,-27.4994,2030,1562,2006,1142,676,1584,2007,257,233,2452,2008,2476
-24.7109,1.84546,-29,1120,234,257,235,677,1984,1562,700,2008,1538,2454,1143
-23.8379,1.90936,-27.6149,2454,1119,1143,235,1563,2453,2008,677,1540,1562,700,1984
-21.5662,1.07884,-29,678,655,677,1564,236,1563,1540,656,235,2455,1098,259
-18.564,-0.0588336,-29,679,656,214,237,1100,1986,2433,236,2011,1541,2010,1564
-16.5685,1.94266,-29,1565,238,679,680,2012,237,2011,681,260,1542,2480,2010
-13.6858,1.01725,-29,1101,262,238,239,2013,1102,1566,681,2434,2435,2012,1567
-11.0613,1.16447,-27.6213,239,1567,240,1544,2013,2459,2014,682,2436,1568,659,1126
-9.25912,2.18022,-29,683,264,263,682,2014,240,2460,1568,241,1569,1592,1125
-5.68224,2.06085,-29,242,265,2015,1128,684,2040,241,1570,2016,2039,1569,2017
-3.96488,2.00584,-29,1570,243,242,685,2017,2040,1127,1571,686,266,1105,2461
-0.156195,0.547094,-29,664,686,663,1107,244,2018,687,1548,221,2019,1130,1572
1.4966,2.49888,-29,687,1596,244,269,2464,1153,2042,2018,1573,2043,1129,710
4.16578,0.232376,-27.6027,223,1995,245,2465,1574,2442,1573,1108,1550,1551,246,2019
6.91081,0.85991,-27.697,689,1575,2443,246,2466,1551,1574,2022,1576,2442,666,2021
9.21841,0.348292,-27.7579,690,225,2022,2443,1998,1553,1110,689,1577,2467,1576,2444
12.6313,2.29629,-27.5976,691,1157,249,2024,2468,2023,1600,2491,1578,1577,248,1601
15.8381,2.01837,-27.7332,250,692,2446,2469,1602,2470,716,1578,693,2024,1159,249
18.3511,3.4314,-29,274,1137,2050,1159,2026,1579,275,250,2493,251,1160,2470
20.0269,3.2319,-29,251,1136,694,1160,1604,2050,1581,2026,252,719,1579,275
23.0098,1.28595,-29,253,252,2472,672,2027,695,1557,1582,694,2473,1139,1580
24.4029,3.04876,-27.6258,1162,2473,695,1605,2028,1161,253,2496,2027,254,720,1582
29,0.316673,-29,674,697,1583,2029,2005,1117,1559,2474,232,255,2451,696
-29,6.1067,-29,1608,698,723,724,256,2475,2031,2055,1584,1142,1164,2054
-27.5385,3.60178,-29,256,257,2030,233,698,676,1118,699,1584,2475,1562,2006
-23.3634,3.50415,-27.6165,1120,701,2009,2477,700,2008,2032,235,1563,1585,258,678
-20.3306,5.89557,-29,2033,727,702,726,2478,2058,1145,1167,1587,2034,1586,1612
-19.0891,4.59812,-29,702,259,2034,703,1144,2479,260,2033,2058,1588,2478,2010
-14.3779,4.12324,-29,1147,2480,261,1589,681,2036,680,704,262,1566,2035,1148
-13.1861,3.82082,-27.9102,1146,262,704,2481,2458,1567,1148,2480,1566,2036,1591,681
-11.8171,3.63221,-29,704,1591,682,262,705,1567,263,1147,1568,1590,1146,239
-8.24243,5.70519,-27.7467,706,732,2038,2037,2483,707,1150,2062,1592,1593,1172,1617
-6.49594,5.65493,-27.7312,708,707,1594,1149,2483,2039,1173,1617,732,1593,2038,265
-4.03685,5.67778,-29,266,733,708,2484,289,1594,2041,1173,2040,1618,709,2039
-0.457804,4.53007,-27.7945,710,268,2065,2486,1596,2485,2042,1595,709,2043,2509,1572
2.36074,4.01308,-29,2043,269,1597,1130,711,712,1154,2464,1596,2020,2042,268
4.13194,3.93051,-29,2044,688,712,269,1597,270,2020,1153,1155,2067,2464,2021
6.04218,4.00669,-29,270,2021,247,688,2044,713,1599,1154,1575,1598,271,2488
8.81077,3.65353,-27.5016,714,1599,2467,2489,2046,1576,271,2490,247,1600,2045,272
12.2242,3.20032,-29,248,1601,715,1134,1600,249,2491,691,272,2024,2047,1577
14.3359,6.47584,-27.5891,296,2048,2515,273,741,1625,2049,1627,2071,1180,717,1626
17.4739,3.23767,-27.5525,2493,1602,2470,1136,2026,250,274,2050,1135,1579,2049,275
20.2725,4.90524,-29,1137,2073,743,719,275,2050,1604,2051,742,694,1136,2494
22.8367,3.89285,-27.7149,695,2495,719,720,2027,1139,2052,1604,694,1605,2051,1162
25.0159,3.75253,-29,254,1139,720,277,1605,721,695,2496,253,1606,1161,2028
27.3959,5.83868,-29,722,1630,721,1185,1606,745,277,301,2053,1607,2497,278
-27.6002,8.70752,-29,280,723,279,1632,1187,724,2055,2054,746,1609,1608,2078
-25.515,6.2819,-29,699,725,2499,2031,280,258,1610,1585,724,256,1166,2056
-23.139,6.8942,-29,725,726,1586,1610,1167,258,281,2500,2032,1165,2057,747
-21.4998,7.28311,-29,1587,1166,726,282,727,281,2057,1586,1144,2478,2500,1612
-16.5844,8.27669,-29,283,1169,307,2059,284,1191,2502,728,1613,1636,306,1614
-15.0233,8.43508,-28.4832,729,307,285,1168,284,2059,2503,2527,2504,1636,1170,1637
-12.6008,8.53505,-29,286,729,285,309,1615,2504,1637,730,1638,308,1169,1171
-10.7947,6.76242,-29,730,286,705,2037,1172,1616,1615,1590,731,706,2061,1170
-9.11276,6.84567,-29,1171,2062,732,731,706,2037,1616,287,1149,286,705,707
-5.78893,6.66745,-29,733,732,708,1617,1594,288,1150,2063,1151,707,287,312
-2.91029,8.31331,-29,733,289,290,734,1641,312,1619,1618,1198,2064,267,1175
-1.03186,9.20702,-27.5154,290,1642,1620,2533,2064,756,1199,1619,2508,734,291,1641
1.59322,7.86019,-27.6966,1621,735,736,1620,314,1199,2509,2066,291,1200,292,711
4.24434,6.87278,-29,712,2510,292,1622,270,2067,736,737,2066,1621,1598,711
6.91182,8.43439,-29,293,1622,2069,760,759,738,2068,2511,737,1623,1645,1644
10.02,7.6448,-29,294,295,1624,738,1623,318,739,2070,2513,293,1648,1180
12.4615,6.58808,-29,295,273,715,739,1625,296,2070,2047,740,1158,1179,1648
15.6715,9.57198,-29,2095,764,1626,2071,320,1649,763,2072,2540,740,2539,296
17.938,8.27438,-27.5765,297,2072,298,1650,2517,2516,764,1603,2540,1627,742,321
20.4955,8.14731,-29,299,298,743,1207,2074,2517,766,742,1628,1650,2518,2073
23.3302,8.89291,-29,300,767,299,766,1208,2518,2099,2075,2519,1651,2076,744
26.0501,6.96221,-29,745,277,1629,300,2076,1163,1630,744,1606,2520,2519,721
29,8.65178,-29,768,2077,301,1210,745,2520,2100,1607,1630,1653,2076,2544
-27.5616,10.4068,-29,279,325,2521,1164,746,302,1632,2078,1188,1211,2054,303
-26.0289,10.7042,-27.5988,2080,1632,325,746,2521,2079,2522,303,1609,2545,1187,1633
-22.2102,11.2954,-27.8114,749,304,1214,2523,2081,2524,1633,748,305,1611,1634,2103
-19.8837,10.5692,-29,1634,306,2082,749,1215,1635,305,773,282,1191,2524,1189
-17.4369,9.8594,-29,2502,1635,307,1192,306,773,1636,1168,2083,283,1190,2059
-16.4568,11.2688,-29,307,2083,750,330,1191,2526,773,751,1636,1659,1635,2527
-13.6083,12.4254,-29,308,1217,752,2107,751,2108,2084,330,1194,1661,2526,2085
-11.7533,12.2095,-29,2109,752,308,1195,2085,2108,1193,776,309,1218,2084,2551
-10.296,11.3014,-29,2529,753,2085,1194,776,310,309,1639,2109,1219,308,731
-7.25149,9.62275,-29,287,311,310,754,2086,288,2530,2087,731,1617,2506,753
-4.85938,10.4836,-27.6537,311,2532,1198,1640,2507,2087,755,2531,1641,312,2530,2063
-3.80405,10.567,-29,335,734,1641,755,1197,312,311,2532,2531,336,1642,1174
0.745918,9.37956,-27.4944,291,1200,2533,1176,1175,757,1620,314,756,1643,1621,290
2.26074,10.1379,-27.7354,315,1199,757,1643,314,2534,1621,2090,2091,758,1644,1176
4.73665,11.0877,-29,2091,2535,759,315,338,316,1644,781,1645,758,2557,2534
8.25849,10.6715,-27.6549,317,760,2536,2092,1645,2069,340,2537,1646,2093,316,1669
10.5367,11.1594,-29,317,1204,1647,2093,762,1646,761,318,340,2560,1202,1648
11.8857,12.139,-29,1203,319,785,761,1647,2560,1227,1671,762,2538,2118,2093
14.536,12.4737,-28.2122,763,1229,785,2119,2539,319,1671,342,2118,2561,2096,1649
17.9553,11.9788,-29,320,787,343,2541,2096,321,765,2120,342,2540,2121,1672
20.1018,9.80774,-29,2097,766,321,1183,765,1650,298,2074,322,2541,1651,2517
23.087,10.5696,-29,1232,1184,1651,2099,323,766,767,322,2542,2518,1674,1652
26.2129,10.384,-29,767,1652,768,1653,346,2076,2100,323,2566,2520,2519,1210
29,10.3465,-29,1653,768,1186,2544,324,2100,1209,2077,745,2566,1234,2520
-27.7413,12.512,-29,325,769,2101,2521,302,1212,1631,770,1187,2079,2545,1654
-26.1828,13.3403,-29,2079,2102,770,326,1211,325,1213,1655,2101,303,2545,2546
-24.4254,12.8906,-29,2079,1633,1655,327,748,1212,303,2103,2546,325,304,2102
-21.3977,12.7942,-27.701,772,749,2548,2103,1189,2081,1657,2547,1634,748,2104,1215
-19.6624,12.3338,-29,749,2106,1657,773,1190,329,1634,1214,772,2548,750,1635
-17.4872,14.0049,-27.8316,329,1682,1659,796,750,2549,2105,2106,774,1658,2129,2083
-14.357,13.9251,-29,775,1193,1660,330,2107,1661,774,752,1659,1240,331,2108
-10.9861,14.4443,-29,2132,2551,1662,331,776,752,332,2109,1242,1194,356,2131
-9.2321,12.6252,-27.5301,2553,1662,1639,2109,776,753,2110,333,1195,332,2085,2530
-5.98341,14.4861,-29,1663,2111,777,334,1221,801,778,2554,2133,333,1245,2110
-4.77394,13.2582,-29,755,778,2112,2554,334,1220,335,2531,1640,1663,2111,779
-2.08231,13.2129,-29,780,2555,335,2112,336,779,2088,2089,1665,313,1221,2113
1.30859,12.8014,-29,2556,758,803,1224,337,313,1643,780,1666,781,757,2089
2.48062,12.8755,-27.7503,781,1223,337,2090,1643,2557,1666,2091,758,2114,2556,782
5.93699,14.3316,-29,783,805,2115,782,338,1667,339,1668,1249,2557,1691,1248
8.94348,13.7761,-29,1669,783,2117,761,784,2116,363,340,339,2093,1693,1227
11.7835,13.9086,-29,785,784,2560,1670,761,1228,1204,341,2118,2117,1694,1671
13.2957,14.8177,-29,785,341,1229,1694,365,808,2118,1227,2561,1670,2585,1205
14.7436,13.8977,-29,786,1205,785,2561,1228,342,808,2119,2118,1695,1672,763
17.6897,15.4045,-29,1673,786,2586,809,367,343,344,1672,1695,2562,1696,787
20.3649,14.3556,-29,368,1673,788,787,2564,2587,344,345,2563,2121,2144,1674
22.8638,12.226,-29,345,1674,2542,1208,789,323,322,2122,788,1651,2123,369
25.9149,13.7516,-29,1676,346,1675,2123,790,1234,789,791,2566,323,2124,2591
27.4996,13.0059,-29,791,346,324,2566,347,1653,1233,2124,1676,2123,2544,790
-29,15.2971,-29,348,770,1654,1677,769,349,2125,2101,792,326,2567,1211
-25.4821,16.6597,-29,326,350,793,1678,2126,1679,771,2127,349,792,1655,1703
-22.6402,16.7473,-28.332,794,350,351,795,2570,771,2127,2569,1656,1680,1704,2104
-19.8882,17.9058,-29,817,1239,795,1261,352,2571,1680,2595,2128,351,2152,328
-19.0265,16.4715,-29,1658,1238,1681,2128,352,328,2571,796,795,2129,329,353
-15.8697,15.8169,-29,774,353,2130,1660,796,354,775,1682,1681,1217,1683,1216
-13.6428,18.5772,-29,797,2598,2154,355,798,820,378,354,1707,2155,1683,2153
-11.2973,16.735,-29,2132,798,1684,356,331,799,2131,355,1218,2598,1685,2574
-7.89498,16.6781,-29,801,2575,800,1686,356,777,357,2133,1685,332,1244,799
-5.7254,17.2254,-27.8085,358,801,2576,357,1245,2157,1687,2111,2577,1686,2134,2133
-4.68987,16.4769,-29,1687,801,778,802,2111,358,1244,1664,359,1220,2577,357
-1.34631,16.6809,-29,1689,802,2578,1688,825,360,2136,1665,779,359,2579,1664
1.27617,17.2035,-28.0522,360,1690,2579,826,2137,2603,1689,804,2580,2136,2160,1270
3.40459,15.6036,-29,804,805,782,1690,2138,2114,337,2137,361,1667,1666,2580
6.68287,16.0369,-29,806,783,1668,805,1691,1692,1225,363,2582,1667,362,1250
8.86498,17.4153,-29,2140,806,2139,1692,364,807,363,829,1693,1717,828,1249
11.8622,17.4556,-29,2141,830,364,389,2164,365,2584,341,807,1694,1718,2140
14.9176,17.3842,-29,389,809,2585,1275,2142,808,2143,366,365,2166,2584,1695
17.558,17.9806,-27.5915,367,810,2586,2143,366,1697,1720,2166,1696,809,1254,390
19.5589,17.7452,-29,1697,367,811,2144,1696,344,810,833,2588,1253,2587,2168
22.7904,16.5752,-29,1698,368,1699,369,812,2145,2589,2144,811,834,2587,2588
27.4894,16.432,-29,813,2591,1257,791,790,371,370,2147,1700,2590,835,2170
29,15.5648,-29,347,1700,791,1256,371,2591,2124,813,1234,790,2147,324
-27.5456,21.3248,-29,373,372,837,1702,1280,814,1281,1725,1259,2148,2171,838
-25.913,20.0181,-29,814,373,1703,2149,793,815,1702,1258,2592,2593,1679,792
-21.6724,20.7092,-29,816,375,817,374,398,2174,2151,2594,2150,1728,351,815
-19.1498,19.4563,-29,2152,818,2595,375,1238,817,352,1705,1262,2151,2571,1284
-16.9237,19.1351,-29,797,818,352,2152,819,2153,353,2572,1261,1706,2596,820
-14.9263,21.1742,-27.7343,842,820,2597,1730,819,2153,377,2176,1264,2154,1706,376
-13.027,21.1343,-27.5604,377,2154,1731,821,378,843,1263,2155,1730,820,2597,1286
-9.24683,19.8504,-29,1708,1709,2156,822,380,379,800,799,1266,844,1685,823
-7.83617,20.7139,-27.7207,822,823,2600,2156,1709,380,2180,1710,2179,1265,2157,845
-5.06541,21.2182,-29,2624,824,381,1710,846,1711,823,382,1290,2180,2181,2134
-2.16221,21.1105,-27.8452,824,383,406,2602,1291,2159,2181,2626,1712,1711,2158,2182
-0.0235358,19.419,-29,360,1713,406,1712,2603,1714,825,826,384,383,2136,2160
3.2791,18.711,-29,1715,2161,826,1690,2160,361,2580,386,2605,1714,362,1247
5.62105,21.2337,-27.7431,409,827,2162,2185,408,2605,386,2186,1737,1716,2629,1295
8.45502,20.8953,-29,387,1716,829,1295,409,2629,2163,388,828,1717,1740,2630
11.346,20.1326,-27.6864,411,388,830,2607,2608,1718,2164,1717,2165,2163,2188,807
13.4844,19.8821,-29,1741,389,1718,1719,1275,411,830,831,2165,2142,1273,1742
15.0421,19.1256,-29,2142,2166,1274,1252,831,390,1719,366,389,2609,2143,1718
18.298,20.5476,-29,2167,855,1720,810,832,833,390,2610,391,1697,2609,2191
21.3296,20.2113,-29,415,834,811,1721,833,391,2168,2612,392,2167,1698,2611
24.469,19.5587,-29,835,2169,812,392,1722,834,1279,2146,393,1723,2612,370
25.94,20.5372,-29,393,835,2613,836,1723,1278,417,2169,1302,392,2614,2146
-27.5584,23.0554,-29,838,395,837,1281,2171,1258,1304,2616,373,396,1725,2615
-26.8109,22.3153,-27.669,1280,373,1702,1258,2616,2172,2171,838,2593,1725,837,1282
-24.4387,22.5339,-29,374,1726,373,2173,838,815,2172,839,2593,1727,1281,2150
-21.3135,24.2864,-29,2618,839,840,2640,421,2617,398,2199,399,397,1727,1728
-18.786,21.9438,-29,375,841,818,1729,840,376,1705,1728,2175,1261,1706,398
-14.5872,23.8195,-29,1286,423,2177,2620,1730,400,842,1753,377,401,2176,1263
-13.0164,23.2027,-29,1731,1285,401,377,402,1730,843,2177,2621,842,1264,1753
-9.55622,25.1746,-29,403,868,2178,1755,2622,426,1288,2202,402,404,401,1312
-9.44273,23.3503,-29,2622,1732,2179,844,1287,845,402,403,2178,822,1733,1709
-6.34512,24.4288,-29,1734,403,847,1733,2204,404,846,1313,845,1290,2180,2205
-4.22416,22.8875,-29,2181,847,846,2624,824,405,1267,1735,1734,1291,1711,1289
-1.87336,22.3588,-29,2182,1268,2626,2181,824,406,405,849,848,1290,383,384
1.67948,23.2681,-29,385,407,2183,2184,850,849,1293,384,2627,1736,1737,2604
3.53017,22.9937,-29,2627,850,827,385,1738,1737,1292,2185,2651,408,2184,2161
6.82173,23.9839,-29,2628,1739,1295,852,2186,408,1738,851,1740,410,2185,2652
7.64798,22.4312,-29,2629,1740,408,1272,2186,1294,409,387,1739,2630,1716,1271
12.0773,24.3599,-29,854,853,1297,878,2654,877,2189,2631,412,2212,2187,2188
13.7587,24.6661,-29,436,412,1296,2189,2212,413,878,2632,2655,854,2654,2213
15.5817,22.5941,-29,412,855,2633,1299,1742,831,413,2632,1741,2609,2190,1297
17.1377,23.3366,-29,2634,856,1298,832,2633,855,2190,414,413,2610,1743,2632
20.3795,23.0381,-29,2191,2192,1744,391,2635,414,857,415,832,1721,438,2634
23.3579,24.5091,-29,2192,416,1745,439,858,2216,857,2193,2636,2635,440,1768
26.366,22.8061,-29,393,417,859,1746,1745,2613,2637,2193,1279,860,2660,2216
29,24.9426,-29,441,1746,2194,1770,860,2660,859,2637,2217,440,1302,1326
-27.6348,24.786,-29,396,395,418,2616,419,1280,2615,838,2196,2171,2638,2195
-24.8263,26.0427,-29,396,1749,397,2197,2639,1726,2196,1748,863,419,1727,838
-22.0162,29,-29,420,864,1750,863,2641,2198,1749,1307,421,2197,422,862
-19.4721,27.5223,-29,1751,1750,422,1308,2199,864,2641,2642,421,399,2198,1306
-17.7786,27.6433,-29,422,1752,1751,866,1307,2200,1309,865,2642,2643,864,2641
-15.353,28.3747,-29,866,1310,867,2200,2643,1752,1308,2201,2644,1753,423,424
-14.0453,27.3249,-29,424,2643,1309,867,2201,2644,1753,425,423,1752,2200,1754
-10.3207,29,-29,869,1754,425,2203,426,2202,1312,2201,868,424,870,867
-7.93169,27.4781,-29,869,404,2646,426,1755,1756,870,2203,1287,1311,403,1313
-5.33296,26.0529,-29,1756,847,2205,404,1757,2204,1289,427,2647,2646,1734,1735
-3.44993,29,-29,1758,871,1757,1315,2647,2648,1756,1759,427,428,870,1313
-1.51785,29,-29,1758,1759,429,1314,428,2649,2648,873,1757,872,430,871
2.98031,27.5346,-29,874,431,2650,1317,430,1760,873,2208,2209,2207,850,432
4.69863,27.5517,-29,2209,875,432,431,1760,1316,851,1761,2652,2208,2651,876
7.99505,27.4452,-29,433,875,876,1762,1319,852,1761,2652,2210,410,432,2653
8.96361,29,-29,876,1320,2210,1318,433,1763,1761,1762,2653,875,432,410
10.6729,29,-29,434,1319,2210,1763,433,2211,2653,1764,1318,876,435,877
15.0647,27.5726,-29,436,879,1765,435,2213,1322,1764,2655,2656,880,2212,878
16.8514,27.4727,-29,880,2213,437,1765,2656,1321,2214,879,856,1323,436,2655
19.1741,29,-29,881,880,2214,1766,437,1322,2657,1767,879,1324,2215,438
22.508,29,-29,881,882,1768,1767,2658,1325,439,2659,1766,2215,1323,883
25.102,27.5371,-29,440,883,2659,882,1768,416,2217,2216,1769,1324,2658,441
29,28.3816,-29,1769,1770,2217,441,883,1303,440,1325,2660,859,882,2659
-29,-29,-27.3006,1772,442,2218,2661,465,1771,884,1328,1,2241,2662,2219
-26.6191,-27.5973,-27.5868,909,884,1772,1795,2241,2219,2661,885,1771,1,0,2662
-23.0256,-27.488,-27.5943,443,2,2220,1352,910,1773,2663,1774,885,1330,25,886
-21.0708,-27.6477,-27.7613,887,2,2220,1774,2221,1331,1352,468,1797,445,2664,1329
-19.9907,-29,-27.908,887,3,445,2664,2222,1775,1330,2221,1774,888,1797,2
-15.9036,-29,-27.5613,889,4,1777,1776,1799,888,447,2246,2223,2666,448,446
-13.38,-27.502,-27.559,448,6,2247,1777,2246,890,2224,2690,1778,2223,471,5
-10.7445,-29,-27.5906,7,2225,449,1779,2226,890,1778,891,1335,2224,6,1357
-9.1755,-27.5638,-29,891,7,473,892,450,1358,1357,2226,1779,1780,1334,916
-5.90081,-29,-27.5623,8,893,1780,2670,452,1781,451,2227,9,2228,892,450
-3.04595,-27.6946,-27.755,10,1782,1804,9,1781,2228,2251,1360,894,2671,1338,893
-1.08177,-27.5709,-27.6138,10,454,1783,2251,1782,1805,895,1361,2229,476,1337,453
1.7255,-28.7463,-27.6052,455,11,1361,2230,2672,1784,895,921,896,2673,897,2231
4.25485,-27.4202,-27.6365,897,13,2697,2254,921,1784,2231,2674,36,1785,456,1807
6.9042,-27.5846,-29,898,457,1786,14,922,2254,13,899,2232,1364,1785,1342
8.81728,-29,-27.73,14,458,1786,2233,2677,1787,899,2232,2676,900,1341,1365
12.1727,-27.7175,-27.7839,16,15,1810,900,2234,2235,1788,39,459,2256,1344,1787
13.456,-29,-27.7837,460,1788,459,16,1343,2235,1811,2236,900,2678,1810,15
17.4349,-29,-27.8342,461,902,1789,2679,2237,17,903,2236,1790,2703,901,18
20.7661,-27.7215,-27.7865,18,462,1347,485,1790,2238,1791,905,904,2680,927,903
21.7098,-26.3143,-27.6979,43,485,1814,1346,2704,1791,1792,928,1370,462,927,1815
24.8728,-27.4244,-27.66,20,906,2705,2682,1372,1793,930,2239,1815,1792,2240,463
27.9753,-29,-27.7083,22,907,21,2683,2240,464,1793,2263,906,931,487,2682
-27.2377,-25.3015,-27.6416,46,0,1771,2684,1351,1795,2241,2685,23,1794,908,1376
-27.0376,-23.6459,-27.6359,1350,933,46,2265,466,1375,1817,1818,2685,1376,2684,1794
-21.9744,-26.145,-27.6797,468,25,1796,1329,2687,1330,1353,911,2220,2,910,2243
-20.8063,-24.7968,-27.6754,911,26,49,2244,2687,2243,1820,1797,1352,1798,1821,468
-18.3102,-23.2303,-27.5319,1822,1798,469,1821,2268,1379,50,2711,936,2712,492,2244
-16.0465,-25.7491,-27.6047,1379,28,913,2246,470,2666,1800,1380,2689,1799,2245,447
-12.6257,-24.6912,-29,1824,915,471,472,914,1801,29,2247,494,1800,2691,916
-10.1059,-26.3505,-28.124,916,891,1779,473,472,2692,1335,2668,1358,1801,1778,1802
-8.42356,-26.926,-27.5989,2249,892,473,1335,1780,2669,1779,2692,2227,1357,2693,2226
-5.30242,-26.1719,-29,451,32,475,9,1804,2227,474,893,2250,1803,1360,1827
-2.94,-26.4407,-29,2251,1804,10,9,33,475,476,1337,918,1359,894,1338
0.724697,-27.36,-27.618,454,896,1783,2673,1339,1805,1806,895,921,1338,477,11
2.57941,-24.5206,-27.727,478,35,2277,1387,2253,1806,2696,1807,59,1363,12,920
4.22224,-23.5276,-28.1233,478,60,59,946,2278,479,1807,1388,2277,945,1362,2720
7.25236,-26.0787,-27.4825,457,1808,1786,1809,2698,2254,1365,2699,2675,922,2255,37
8.98948,-26.2622,-27.7368,38,923,2699,457,1787,2676,1786,1364,924,1809,899,2256
11.7209,-24.8091,-27.5516,481,2281,482,2256,2280,1810,924,2257,504,2700,39,2701
14.4972,-25.8645,-27.5353,926,925,2257,1811,2258,1810,2702,1392,2678,2701,40,2235
16.9815,-26.1702,-29,17,2258,926,1812,41,483,484,901,1789,1369,903,1392
17.195,-24.402,-27.5763,483,1393,1812,2283,41,1813,1392,2258,65,1836,1368,2702
20.6346,-24.7075,-27.6481,928,42,2260,1813,2704,66,2284,1814,927,1347,952,485
23.8231,-23.7801,-27.8126,929,67,486,2286,2285,953,1838,2261,2262,1814,952,1815
26.1617,-26.1666,-27.5506,2262,487,2240,2263,930,2705,1348,2706,44,906,1815,1373
27.9312,-25.2405,-29,45,931,44,487,2706,1816,955,2263,1372,464,1397,1396
-29,-21.0675,-27.5803,488,70,2707,1398,2730,1817,2289,489,1375,933,511,2708
-27.1303,-21.8895,-27.6406,489,933,47,2707,1351,2289,1399,2708,2265,1817,1818,1374
-25.201,-24.352,-27.7764,467,23,2685,466,1818,2686,1377,1795,1351,910,490,24
-23.7823,-23.3392,-27.6886,490,1796,48,1819,2710,2709,1376,2686,467,1818,1820,934
-20.4681,-21.1429,-28.0101,492,959,491,514,2267,515,2268,935,2266,1821,2292,2291
-17.198,-24.5215,-27.691,50,27,1355,470,2689,2712,1354,2245,1798,1380,1822,913
-15.342,-24.1055,-27.6659,470,1823,914,937,1800,2270,1355,2712,1379,1824,494,1822
-12.0114,-21.7332,-27.822,53,495,938,939,2271,29,2714,52,963,1382,1825,2294
-10.8146,-23.0643,-27.6081,915,53,940,2714,1825,1802,2248,30,1381,1801,939,29
-7.61636,-21.8715,-27.6007,54,497,1407,2272,2273,940,941,2738,1849,1826,1384,496
-5.49451,-21.7206,-27.8276,1826,520,1851,941,56,2274,942,2273,55,1407,1383,966
-1.82963,-21.8714,-27.7192,57,1409,943,1828,966,2275,1386,2718,1852,81,499,944
-0.741403,-23.1874,-27.6426,499,919,944,1385,920,58,1829,2275,1828,943,2252,34
1.62646,-23.1665,-27.7953,500,1362,59,920,1829,944,2719,58,35,945,2696,2277
5.38074,-22.3093,-27.6049,946,84,2301,2720,2278,1389,1363,2744,60,2721,1831,502
6.87876,-21.4417,-27.7181,502,1855,1856,84,2721,1388,947,85,2279,2744,503,1831
10.2915,-22.7982,-27.7354,480,948,62,2280,1833,2723,2722,1832,504,924,2281,947
12.5222,-21.7116,-29,948,505,973,63,1834,1833,527,504,2304,2281,1415,949
15.4423,-24.3523,-27.6664,483,949,40,2702,2258,1835,1369,1367,64,2257,926,1393
16.7788,-22.7586,-27.5783,950,65,1369,506,1836,1835,2725,64,2283,1392,1860,951
19.123,-23.5015,-29,1836,1813,507,66,65,42,41,2284,951,1370,1369,508
22.4184,-21.5347,-27.6955,509,508,1838,2308,1837,2727,91,952,2309,2285,1418,67
25.9558,-23.6062,-28.1304,68,44,2262,953,955,1839,2729,2706,486,2286,2287,1371
29,-23.277,-27.489,45,2287,69,1816,1840,955,2706,2729,1373,510,1396,534
-29,-19.2943,-27.6225,70,956,2288,2730,1374,1841,1865,2289,511,489,981,488
-25.6394,-20.9426,-27.6176,512,47,2708,2290,72,1818,1842,1375,1819,2732,2289,489
-24.7431,-19.1636,-29,2290,957,958,512,1843,513,1842,71,72,1844,1399,2313
-20.3799,-18.0797,-29,74,538,514,984,2291,73,983,960,2315,1424,1402,959
-18.2747,-18.1844,-27.6622,75,960,74,2734,1869,2316,1846,2292,2291,2735,984,985
-15.5006,-20.6853,-27.8013,51,2293,493,516,1847,962,1823,1845,2713,2294,2269,1846
-12.9554,-18.5056,-27.7685,517,76,1848,2736,2318,2737,100,963,77,1871,2294,1847
-10.7617,-18.9457,-27.6532,77,2296,963,78,2737,2295,518,1428,1848,939,1404,495
-7.48274,-18.8218,-27.5533,2296,79,1850,519,1873,2297,1407,989,964,544,1849,2738
-6.72242,-20.4285,-27.6338,520,79,1383,2297,2738,1406,497,1384,1850,2273,1851,1849
-2.46208,-19.5967,-27.6148,967,966,1852,1853,2298,80,2740,2741,81,2299,1409,521
-0.756095,-20.6413,-27.7986,1385,522,1410,2299,81,82,944,943,1852,2276,2275,1408
0.529931,-19.5503,-27.8117,522,1854,968,1409,2276,82,83,2300,2299,1830,1432,944
4.70893,-18.9999,-27.5326,524,1855,2743,969,525,1412,1434,2301,1433,970,107,2325
6.29027,-18.2687,-27.5776,107,108,1855,2326,1434,2302,1411,971,1435,525,1436,1856
8.59839,-19.4281,-29,108,1856,2303,503,526,86,972,971,85,1832,2328,1436
11.412,-18.702,-27.7611,87,2746,996,972,1857,2747,2328,2304,1881,1437,527,2303
14.2838,-20.5107,-27.7319,973,974,1834,88,1858,2282,950,2305,2304,528,505,1859
16.8263,-18.6631,-27.6512,975,974,89,529,1417,2331,2748,2306,1439,1859,1860,2749
18.4569,-19.132,-27.6122,530,1861,1416,2749,975,90,2306,2307,2331,1884,1860,89
21.681,-19.8381,-27.4589,1861,2309,91,1837,2751,1862,2750,1395,531,2308,977,976
24.9622,-20.4854,-27.5547,92,1863,2309,1839,2728,532,2752,954,1838,978,509,2308
26.2985,-18.4198,-28.2387,978,1002,93,533,2753,2334,1863,2752,1864,1442,1443,954
-27.4669,-14.8178,-27.6055,536,1446,2779,1445,1866,980,1422,1888,2755,1889,118,94
-25.8659,-15.6278,-27.6489,118,95,2755,1423,1889,2756,119,2313,1421,1447,1866,536
-24.4003,-16.5087,-27.6553,71,119,1867,537,1422,2313,2756,982,2314,1843,1447,95
-21.3633,-16.3413,-27.5735,96,984,983,2315,2757,982,538,1867,1890,1007,1868,97
-17.2115,-15.0156,-29,1870,1449,564,565,539,98,1450,540,563,1869,1009,1426
-14.8652,-15.5893,-27.787,541,540,2760,986,565,2759,2784,1893,1870,1871,1427,1451
-13.1448,-16.2496,-27.7251,987,986,2318,1451,100,2760,1848,1426,1871,1872,541,1404
-10.07,-17.2677,-27.6396,543,542,1848,78,2296,2762,2319,2761,1405,1873,1872,988
-8.31484,-15.5154,-29,543,567,568,102,2319,1896,988,2320,1873,125,519,1453
-5.80203,-14.976,-27.6866,2321,1454,103,568,126,1897,2320,2763,2787,990,1455,1896
-3.24664,-17.2625,-27.6301,545,521,104,2764,2298,2741,2322,1853,2321,1875,1874,2739
1.51184,-17.5439,-27.776,968,106,1854,992,2300,2767,1877,2323,1433,523,2766,1410
3.24272,-17.6969,-27.6954,523,1434,548,1432,524,2767,2325,2743,1878,1854,106,1411
4.87772,-17.2668,-27.708,107,2768,548,1433,2325,1412,1435,1411,994,524,1878,525
6.41742,-16.4613,-27.7773,1436,994,1879,549,2326,1434,107,1412,1901,2327,2768,1902
7.3843,-17.0108,-29,108,1435,995,526,107,2327,549,971,1412,994,2326,550
11.3064,-16.8046,-27.5422,996,2328,997,1881,109,2770,2352,2771,1414,551,550,2746
15.555,-15.4106,-27.6301,134,2330,553,1462,111,1439,2772,1905,1882,1883,2353,552
16.2069,-17.0331,-27.6259,111,112,1859,529,1883,2772,1416,1438,2331,2773,1882,2748
19.0353,-16.0341,-27.6198,554,999,2774,113,1884,1906,2331,1883,1465,1441,2773,1022
20.8801,-16.4201,-27.6417,555,1000,2774,2775,1884,554,1862,1885,1465,1440,2332,2356
24.8825,-17.091,-27.8016,533,1886,2334,115,556,2776,2333,1863,1002,2310,1420,1885
27.5115,-16.8456,-27.6923,93,116,2777,1886,2753,1887,2334,2335,1002,1444,1909,1420
29,-16.7711,-29,1887,2335,116,93,558,1443,979,1002,1909,2753,1003,582
-29,-13.9177,-27.6306,94,559,2778,2312,1421,1004,1888,980,1446,2779,536,117
-27.6036,-13.891,-29,1888,118,559,94,1421,560,536,117,1445,1889,1004,980
-24.3413,-14.6773,-27.6788,119,561,2780,1867,2756,2338,1006,1889,1422,1423,1005,118
-21.9042,-13.4645,-29,1890,1029,562,97,2338,120,1006,2339,96,1913,2781,2363
-18.1865,-14.673,-27.727,1425,563,98,1891,2758,2340,1892,1450,1869,1007,1870,564
-16.5679,-13.9482,-27.7898,564,565,2784,1009,1425,1892,2783,1893,1870,1449,1008,1426
-13.2591,-14.5558,-27.5403,541,1452,1427,1010,1893,2760,2342,1894,1426,987,123,1872
-11.7103,-13.9015,-27.4933,1453,101,1451,1894,2785,2343,1010,1872,566,124,987,2342
-10.1194,-14.3464,-27.6616,1452,567,1895,101,2319,2786,1872,988,124,2343,1896,1429
-6.60281,-13.5478,-27.7755,1430,125,1012,1455,1477,1896,2787,126,2345,568,1478,2320
-5.13563,-12.7263,-27.7735,1897,1013,1478,1454,569,2788,1012,1920,126,2345,2346,1430
-1.19577,-12.9607,-27.5148,127,1876,1457,1480,2347,2789,2346,1479,571,546,1898,128
0.252503,-13.8832,-27.8078,1015,571,2324,547,1899,546,2348,1456,2789,2347,1458,1876
2.19582,-14.1585,-27.6139,129,1015,2348,1016,2790,2349,1900,1877,1878,1457,1899,547
4.89963,-12.6562,-27.6276,1017,130,2350,1039,1900,573,1460,1924,2791,2349,1901,574
6.62822,-12.8798,-27.6116,574,131,1924,2792,1017,2350,1459,1902,2351,2374,1901,1018
10.1027,-13.5589,-27.8066,575,1019,1925,2794,2352,2793,2351,132,1880,133,1903,576
13.939,-14.8237,-27.6206,997,2353,134,110,1438,1904,2329,552,576,1882,1020,1021
15.8967,-13.5112,-29,578,134,1905,2353,600,1021,553,579,2354,1438,1464,1929
17.7931,-12.6988,-27.6299,578,135,2796,2378,2355,1905,2354,579,1488,1906,1929,1044
20.2317,-14.7202,-27.6209,1023,554,2797,1022,2774,1440,1906,1441,2355,2356,1907,2775
22.9073,-12.4039,-27.7415,2357,1489,161,137,1046,1907,2798,581,580,2799,1908,2379
26.9879,-13.1628,-27.5748,138,1025,1933,2358,1909,582,2359,1908,1003,2381,557,1047
29,-11.4866,-29,1048,139,2382,1025,2359,163,1933,2823,582,1003,1467,1491
-29,-10.2999,-27.6024,583,1910,2801,140,1492,2360,1004,1026,1911,141,117,2336
-26.0735,-11.9196,-27.7632,584,560,1910,2337,1005,142,2361,1888,2802,117,1889,2336
-23.8558,-9.4144,-27.6169,1028,1494,1051,2361,2362,2803,2384,1912,1935,585,143,1027
-20.3024,-10.1893,-27.635,587,586,144,1914,2386,2804,1473,2363,2362,1030,1495,167
-18.9327,-11.331,-27.6025,121,145,1914,1031,144,2782,1891,1472,2363,1008,1030,122
-14.5237,-8.9057,-27.683,1940,1032,1055,169,2365,1915,1497,2807,2388,1475,589,2389
-13.4274,-10.4525,-27.835,147,1032,1917,2365,589,2807,2366,1916,1474,1033,146,1940
-10.3723,-10.0237,-28.1069,590,1057,612,2367,2808,2366,1918,148,1033,1034,1917,2809
-7.6103,-12.1997,-27.7216,591,1454,1895,125,2344,1478,1919,1011,2345,1012,1918,1896
-6.09323,-11.3502,-27.7801,592,1012,1455,2810,2345,2369,569,1919,1477,591,1920,1454
-2.10211,-11.4032,-27.6903,593,128,2346,2812,1921,1480,1456,2370,151,127,1920,2371
-0.316902,-11.4554,-27.5656,128,2371,594,1899,2347,1456,1922,1479,571,1921,152,127
2.81718,-9.70301,-27.6934,153,595,1923,1946,2372,1038,2813,1062,1482,1039,1922,175
4.7216,-9.66385,-27.7474,618,1039,2373,595,2838,154,2814,1062,1481,1923,1040,1924
7.66785,-9.8597,-28.0394,597,596,2375,155,2373,2374,1040,2839,2815,1950,1041,1064
11.0441,-10.8624,-27.6361,156,1042,2816,2376,598,2817,1925,1903,1926,1927,2375,1019
13.8684,-9.15952,-28.0579,622,157,623,158,1952,2377,1928,2376,1951,1953,2818,1508
16.314,-10.0859,-29,1929,623,159,1044,1928,158,1509,1487,600,578,182,2819
17.737,-9.94232,-27.6977,1044,159,1510,2819,2842,1929,1509,2820,1488,601,2378,1486
18.8919,-11.3018,-27.7261,1045,1044,135,2378,2820,1464,1487,2379,1930,2355,601,1929
24.0242,-11.1574,-27.5064,1466,161,1512,1908,1932,603,2380,1046,581,2799,2381,602
26.1133,-8.66961,-27.8267,185,162,2405,2846,1071,2823,2822,2404,604,1932,1512,1513
29,-8.88225,-27.5212,163,1072,2405,2382,2823,1958,604,186,1048,2847,1490,1468
-28.4606,-8.65519,-27.6099,141,1049,583,1934,1469,2360,2383,1911,1050,164,1026,1910
-24.2811,-5.8675,-27.6259,189,166,2826,1936,2850,1074,1935,2825,1516,2408,631,2385
-22.6334,-8.25382,-27.5619,607,585,1471,2386,2385,1052,1936,1935,2362,1051,167,166
-19.831,-8.28629,-27.8585,587,2387,167,2386,1052,1030,608,1053,2805,1937,1472,1938
-18.0336,-6.35864,-29,2387,191,168,1054,1939,1518,1963,1053,608,1938,2411,1517
-15.6102,-7.5319,-27.8517,169,610,1054,2388,2829,1939,2389,1474,1938,1915,1055,1964
-12.2926,-6.545,-27.5983,170,635,2830,1941,1965,2389,2854,611,1940,1521,2390,1079
-9.45241,-7.72102,-27.8023,1057,2391,171,2390,1056,1034,613,2367,1942,2831,1941,1943
-7.52018,-6.51425,-29,2415,613,195,172,171,637,1942,1943,614,1967,1058,1499
-4.18476,-8.50807,-27.6433,615,150,1058,2369,1059,2392,2370,2393,1944,1945,173,1036
-2.17287,-5.83313,-28.1775,639,640,2418,174,1084,616,2417,1059,2835,1524,1083,2834
0.686261,-7.02198,-27.7236,176,617,2836,2418,1061,2394,1971,1946,1947,2395,1037,616
3.26378,-7.10347,-29,177,1085,176,153,1062,642,2419,1947,618,1946,1948,2396
5.46206,-7.69015,-27.586,619,177,2838,2396,2373,1948,1064,1062,618,1482,1949,1063
8.64316,-6.6856,-27.6028,2398,178,620,202,2397,1949,1974,1064,1975,1950,179,2840
11.6274,-6.19824,-27.5548,621,1975,180,2841,2399,2398,1508,2423,179,1530,1066,2864
13.1929,-7.11667,-27.658,622,1066,2399,2841,1952,1976,180,1507,1953,2423,1951,1485
16.3998,-8.7855,-27.7817,159,1928,623,182,2400,1487,2401,1486,2819,1953,2842,2818
19.0362,-8.8031,-27.6786,1068,601,2402,1930,1487,2821,2842,2820,1955,183,2401,159
21.9399,-7.16152,-27.6584,625,2403,184,2868,1069,2844,1955,2845,1956,1979,1931,626
24.0319,-9.46367,-27.854,603,185,602,2403,2822,2380,1489,2404,626,1932,1490,1931
26.8954,-6.33593,-27.7704,186,1957,651,2847,1981,2846,2405,627,1071,2870,1958,628
-29,-3.42473,-27.6212,187,652,2429,2406,1960,1096,1959,1983,1073,2407,653,629
-25.9309,-3.41125,-27.6263,1097,188,1539,2407,1074,630,2408,2430,1983,1960,1073,654
-23.6581,-4.26734,-28.231,189,631,630,1961,190,2408,2850,1539,1075,1493,1962,1074
-20.1506,-5.80422,-27.8506,191,608,632,2409,1937,633,1052,1962,1963,2827,2387,2410
-17.5446,-4.61941,-29,191,168,2852,2411,1077,634,657,1496,1963,2410,1519,1939
-16.0875,-3.36882,-27.5784,1987,1520,657,2411,634,2853,192,2852,2875,1988,1964,1518
-14.4735,-3.71005,-27.8302,193,1519,1078,192,2412,2853,1965,1543,634,1964,1988,2413
-11.2992,-4.96403,-27.8026,2413,194,2390,170,1079,2854,636,2855,1498,1966,1103,1965
-6.84403,-3.10018,-27.6014,661,1523,1992,1081,2857,2879,2856,2414,1967,1968,1991,218
-5.97299,-3.56194,-29,638,196,661,195,2857,1522,1081,1968,1992,197,1967,1546
-3.504,-4.6103,-27.8017,640,1968,639,2834,638,1082,2858,1969,2416,1502,197,2417
0.252946,-4.62808,-27.752,1971,2418,641,198,1083,1526,2859,1084,617,2395,1970,2417
1.42934,-3.39024,-27.6346,641,1994,1525,199,2860,222,1970,1527,2441,198,1971,2859
2.78081,-4.46919,-28.1392,199,1086,1085,2419,641,1971,2860,2420,642,1526,2441,2837
6.28177,-4.55968,-27.6796,200,1087,1949,2862,1973,201,2861,1948,643,1972,2420,1063
9.84731,-3.52498,-27.8063,667,644,1088,2421,2863,645,2422,1530,1552,1974,1975,1553
11.4685,-4.30574,-27.7931,645,621,2863,2864,1088,2423,203,1529,1554,1975,1507,2422
14.39,-3.80143,-27.6557,646,2424,2865,1554,204,1555,1090,2423,1532,203,1976,2864
16.1879,-3.04895,-27.6795,1090,2447,1977,2001,669,2424,228,1555,647,1531,1556,1091
19.758,-2.46252,-27.8422,207,648,1114,2425,2002,2448,1978,1115,671,1556,1977,2426
23.1201,-4.39001,-27.7981,650,2868,1093,208,1094,2427,2449,1980,2426,1956,2869,1115
24.9842,-2.74275,-27.7615,673,1116,2427,2428,1094,2449,1980,209,2004,2450,1558,231
27.5024,-3.73903,-29,651,232,209,1560,1981,1095,2450,673,2870,2451,627,674
-27.3032,-0.73176,-27.624,653,675,2007,2872,2871,1983,211,1538,2430,1096,1982,210
-25.7314,0.111768,-27.5606,234,211,2454,1984,2430,1537,1562,2007,2431,2453,675,2872
-24.3646,-2.76734,-27.5807,2431,630,1515,1961,2408,1075,2873,1516,2430,654,1985,1097
-22.4055,0.239835,-27.6603,677,655,1985,1563,2454,1121,2432,1564,1098,1120,2431,1099
-18.3002,-2.08159,-27.6861,214,1100,2874,2852,2433,1987,1077,2875,1986,657,2410,1122
-15.9533,-0.0577553,-27.6576,237,238,2876,215,2434,2433,2012,1101,1987,2011,1988,1100
-13.2386,-2.38278,-27.5902,2413,658,2435,2877,1988,193,216,2412,1520,1989,1102,192
-10.2612,-0.321315,-27.5915,1990,1125,660,2436,659,1545,240,2014,1989,2878,217,2459
-8.52106,-0.367511,-27.5827,1104,660,2014,1544,1990,1569,2879,683,2437,1991,218,240
-5.81476,-0.797424,-29,1991,242,661,684,219,196,1104,1992,2016,1105,1547,2438
-3.8446,-1.83615,-27.667,1969,219,1992,662,1105,1968,196,1993,197,1106,2438,2858
-1.20193,0.715329,-27.569,686,1107,2439,2463,1129,1571,1572,663,1993,2018,244,685
2.41786,-1.4943,-29,199,1108,664,1995,665,222,1994,2441,2019,223,687,1526
4.61328,-1.57638,-27.5196,1551,665,1995,1972,1996,223,2441,1109,1131,1997,2442,2862
5.88776,-0.538654,-27.7627,246,1550,666,2442,1997,1132,1109,223,1131,2443,1574,1972
8.5563,-2.17014,-27.4916,1553,1087,224,2443,2421,667,1997,1998,1529,1110,644,666
9.90682,-1.28262,-27.8148,1552,226,2444,667,225,1998,1110,1133,2422,1529,2443,1577
12.8688,-3.05115,-27.5668,1089,1531,203,2864,2422,2445,1999,646,1530,1555,2423,645
14.59,-2.06916,-27.6587,646,669,2445,2000,2001,1531,1112,1532,1554,1999,227,1090
18.0579,-1.68775,-27.6735,1114,2025,228,2447,1977,2002,1533,2001,1113,2425,648,670
21.7887,-0.218046,-29,252,230,2003,672,229,671,1580,2472,1138,2002,1115,251
23.9339,-1.08796,-27.5132,672,1116,2449,1582,2472,1535,231,2004,2003,230,2427,673
26.7007,0.413303,-27.5562,696,2005,1117,2028,2004,1583,2474,1582,231,2029,254,1140
29,-2.95512,-29,1095,674,2451,1536,232,2450,2870,2005,651,1981,1117,673
-29,1.0562,-29,675,1982,2006,233,676,210,2007,1118,1537,234,2452,1142
-26.0561,1.87469,-27.69,234,2008,2007,2453,257,1118,1538,1119,676,1120,2454,2030
-22.1421,1.97122,-27.6367,1120,2455,1121,678,235,1540,2009,1564,1143,677,2454,701
-20.6266,0.771414,-27.6102,1121,236,656,2432,2455,1986,1540,1563,655,2010,1099,678
-16.9699,2.87642,-27.7084,1123,260,2035,680,2479,2457,2456,2011,2012,2010,2480,679
-13.9277,2.10383,-27.611,2013,262,681,2480,2458,2012,2434,1124,1147,1567,238,1146
-12.0306,2.53238,-27.6915,1125,262,682,1148,1147,2458,2013,1591,1568,1566,239,2459
-10.1838,2.72027,-27.5865,682,263,1592,1591,2459,1126,2014,1125,2460,1567,1148,240
-7.58934,1.12484,-27.6235,683,684,2016,241,2460,2437,2014,2015,1545,1991,1104,1126
-4.57965,1.58327,-27.5436,1128,2016,2461,1105,242,2017,1571,1127,2462,2015,685,2040
-2.78541,1.55769,-27.7514,685,686,2462,2017,1572,243,1128,1548,1570,1993,1105,663
-1.32573,2.50283,-27.7766,710,244,686,243,1571,2463,2485,1595,1548,2042,1152,2018
2.73928,1.32317,-27.908,269,687,1108,2465,2464,2019,1131,245,1130,2020,2018,1995
5.3068,1.5444,-27.7055,688,246,245,1131,1132,2442,2021,2020,2466,2465,1575,1551
6.73054,1.93378,-29,246,2021,247,1576,1132,688,689,1574,1155,2466,245,666
8.16296,2.09783,-28.1349,247,1575,690,2022,689,2467,714,1156,1132,2021,1133,2466
10.8949,1.03164,-28.0423,225,691,248,2468,2444,2467,690,2023,1133,1111,1134,1600
14.1582,1.32837,-27.5758,692,2000,249,2024,2023,668,1134,1135,2469,2446,716,691
18.1385,1.7097,-29,251,250,2470,670,693,1136,2026,2471,1159,1137,2025,229
20.902,0.472153,-27.5978,229,252,1581,2003,1557,2002,2472,2471,251,2027,671,2448
20.676,2.20633,-27.6737,2026,252,1604,2027,251,1580,1137,694,2471,2050,229,2472
24.5455,0.475662,-27.962,231,2473,672,253,696,1558,2028,2472,1138,1559,2004,1139
27.5178,1.11387,-29,696,1140,697,255,2474,1117,1559,254,2029,2005,2028,674
-29,3.66847,-27.5096,698,2475,233,2006,1118,1142,2030,256,676,1141,2452,1561
-24.8801,4.87673,-27.7557,699,258,2056,2008,2477,1610,700,2476,2032,1165,1143,2030
-22.3925,6.83702,-27.4984,1166,2032,1587,2057,1167,1610,2478,2500,726,281,258,2501
-20.6571,7.07263,-27.5861,1167,2058,2478,727,2057,1612,2501,1586,1144,282,726,2082
-17.7898,5.47647,-27.5861,703,1613,2058,2479,2035,1614,702,728,1145,1589,2034,283
-15.7304,5.22253,-29,680,261,703,284,1146,1614,2035,728,2036,2480,1588,2503
-11.727,5.77653,-27.7363,705,730,2060,1591,2061,2481,2037,704,1615,1171,2482,1147
-11.2168,4.12949,-27.5513,1148,2482,1590,1568,705,1567,263,1592,1147,2481,2037,704
-9.24983,4.18605,-27.6216,706,263,1568,2038,264,2482,2460,1149,1593,2037,1591,705
-7.40803,4.01735,-27.5907,707,2460,2039,2038,264,265,2015,1592,1150,1149,241,706
-4.86288,6.21297,-27.6175,1151,2484,1173,1150,2063,1618,733,708,2041,1617,2039,289
-2.14942,4.0691,-27.6566,266,710,2041,2017,1152,2485,1572,709,243,2484,2065,1571
0.575474,3.9028,-29,2043,1130,2042,268,1152,710,1153,244,711,2464,709,1572
3.26759,4.4563,-27.6041,712,1153,1154,2487,2464,2067,2044,2020,2043,2066,711,269
6.11474,5.71006,-27.5839,713,2068,2067,270,1599,737,2044,2488,2045,1155,2510,293
7.29355,4.39188,-27.7088,247,713,1156,2045,2488,2021,1598,271,1155,2489,2044,1576
11.1688,3.29546,-27.6326,272,248,2490,1157,2491,2467,1134,2468,2047,2046,1577,714
13.7171,3.93083,-29,1157,273,717,2024,716,2048,249,715,2491,1134,1602,741
15.8672,3.71321,-27.7201,716,1159,1135,717,2492,2049,274,2024,2048,250,2493,2469
18.161,6.4896,-27.7518,742,2493,297,2073,2516,1627,718,1182,275,2517,2049,2050
21.0177,3.8927,-27.7497,694,719,1581,1137,2494,2051,1160,2050,1161,2495,2027,2073
24.7327,4.77287,-27.6149,277,2052,1162,1139,1606,720,1629,2496,1161,744,721,695
26.4311,5.25626,-27.6147,277,2497,1630,721,1605,1163,2496,2053,1629,1185,1162,1607
29,6.16508,-27.538,301,722,2497,1630,2077,2053,1163,745,1606,1186,278,2520
-29,6.91697,-27.5611,1141,723,2498,2475,2054,2055,724,2031,256,1164,698,279
-25.3606,8.91006,-27.7126,2499,746,2080,280,747,2500,1188,1632,725,2055,1164,303
-24.1631,6.47184,-27.7352,1166,2499,258,1585,2500,2032,725,2056,1586,1165,2477,2031
-22.8567,9.67282,-27.8012,281,2080,304,2057,2524,2500,1189,305,2523,747,1633,282
-19.1524,7.93802,-27.5426,727,2502,1587,1613,2501,2082,283,306,2058,282,702,1635
-17.5981,7.13657,-27.5142,1588,283,2502,728,1614,1612,2059,702,1168,2058,284,727
-16.1585,6.14612,-27.5752,2503,728,2035,1613,1589,1588,284,2036,2059,703,261,1168
-11.9025,7.55911,-27.7497,730,1638,1170,2061,286,2504,1590,1616,2060,1171,729,1637
-10.1173,7.71328,-27.746,286,2062,731,1171,2061,2505,2037,1615,1172,1638,2529,2086
-6.72429,7.41384,-27.7811,288,732,2063,1173,287,2506,2483,2062,1150,2087,1594,1149
-3.51136,7.36035,-27.4941,1619,733,2063,1594,2041,289,1174,2064,1641,2507,1151,312
-1.88459,7.55237,-27.8014,290,1618,289,267,2064,2508,2065,1174,1620,1175,2041,1641
-0.131783,7.72233,-27.7658,735,291,2508,267,1176,1175,1619,2509,290,2065,1199,268
3.10444,8.5868,-27.4399,292,1176,2510,1200,2534,1644,314,736,315,2066,1199,1177
5.26606,8.26029,-29,292,737,1178,759,2511,1177,2510,1644,2068,315,1621,293
8.75382,7.57805,-27.8298,738,293,2513,2512,1179,1624,2069,2045,294,2068,2537,1178
10.2684,8.44946,-27.5431,1179,318,2537,1648,2070,1623,1646,295,2513,2094,738,317
12.9578,7.59862,-27.7015,296,1180,2070,740,2514,1158,1648,295,2071,2515,273,2047
15.864,7.91342,-29,1627,741,1181,2071,2072,297,764,296,718,2515,1158,1182
16.4672,7.00175,-27.772,1626,2049,297,2516,718,2515,1603,741,2072,1182,1158,2493
21.3738,7.32863,-27.5532,299,2051,743,2517,2074,2518,1183,2075,2073,276,2052,766
25.1095,6.66524,-27.616,1185,744,2075,300,1605,277,1606,2519,1630,2052,2520,2076
27.2261,6.80634,-27.6094,1163,745,1606,2520,2077,1185,2497,1607,1629,301,277,2053
-29,12.4279,-27.6951,302,2101,769,2521,1211,2078,1654,2545,770,1187,325,279
-27.1936,9.47336,-27.5638,1164,1188,1187,2055,2054,746,1609,2521,2078,279,280,325
-23.8365,11.865,-27.8139,1213,2103,2080,304,1189,748,2079,303,2522,2523,2546,1611
-20.3156,11.3159,-27.599,1190,749,2548,2525,2524,1214,2081,1215,2082,1189,1635,2106
-18.5648,10.3113,-27.8157,773,2082,2525,1191,2502,306,1190,2083,1634,1636,2106,1612
-16.4935,10.0008,-27.5183,307,2502,2083,1191,2527,2526,2059,1192,1635,1168,1169,751
-12.8631,9.81714,-27.7596,285,308,1638,2504,2528,309,2084,1170,2085,2527,1615,751
-11.3863,9.11642,-27.3761,2529,1637,1615,2505,286,309,1616,2085,1170,2528,2504,2061
-9.15878,10.9265,-27.4969,310,1219,2529,2530,753,1195,2086,2505,2553,2085,2109,754
-6.04059,11.7599,-27.5945,2553,755,2531,1197,754,2530,334,1663,311,2554,1221,2087
-3.37268,9.44122,-27.8196,734,2064,312,1198,1174,2507,2532,1197,1642,1618,2063,1175
-1.96305,10.662,-27.5617,734,336,2532,2533,1175,2088,1641,2089,756,2064,1198,335
1.21518,11.5355,-27.7895,758,2533,2556,313,2090,757,1200,1223,1224,1199,2089,2091
4.54423,9.58094,-28.0097,759,315,2534,2511,292,1622,1201,1621,2510,2091,1645,2535
6.51331,10.3516,-27.5476,759,2511,2092,2535,1202,760,316,2069,1644,1201,1178,2536
10.0705,10.2208,-27.6262,317,318,2537,1647,1203,2094,2093,1624,1202,1648,762,738
11.4296,11.2794,-27.5825,1203,1204,2560,1646,2538,2094,1671,762,2093,1648,761,319
11.8904,9.07387,-27.7747,295,2094,762,2538,740,1624,1625,318,2514,2070,1646,1647
15.8307,10.4521,-27.5767,2539,1181,2540,763,2072,320,2096,2071,2095,764,1205,342
19.1529,9.51716,-27.5759,298,1207,1182,2074,2540,2097,321,2541,2517,1183,764,765
22.1232,10.511,-27.5849,322,1208,2097,2099,2518,766,2098,2542,1674,2074,1232,1184
25.3643,10.867,-27.677,1209,2543,323,2099,767,2123,346,2100,2542,2566,2519,2076
27.6131,11.2647,-29,1209,324,1210,346,1234,2566,2100,768,2544,1652,347,1186
-29,14.4194,-27.5312,2101,769,1235,1677,2125,1631,770,1211,349,2102,348,2545
-24.6837,14.4145,-28.3545,326,327,771,1213,2102,2546,2126,1656,1212,2103,2127,2079
-23.0307,15.0924,-27.5842,327,794,2127,2103,771,2104,1237,2570,1655,2547,2546,772
-20.0237,13.7357,-28.1794,329,1215,2104,772,328,1214,2548,1658,2105,2106,749,1634
-18.8914,15.1194,-28.0838,1239,329,796,328,2105,2129,2128,1657,1216,1681,1682,2104
-16.0639,13.1694,-27.5674,1216,330,2107,774,2549,2526,750,1660,2083,2550,1682,1217
-15.1219,14.8505,-27.8083,1217,1682,1240,775,2550,774,1661,1659,2130,1683,2107,1216
-13.3802,14.6233,-27.7846,2551,775,1217,752,331,2550,1660,1683,2107,2131,2108,1193
-10.0532,14.0809,-27.6373,1219,2132,1218,2109,2552,332,2110,2551,776,2575,333,2574
-6.70793,13.7726,-27.637,334,2110,1220,2554,2553,2133,333,777,1640,2111,1221,1219
-3.48766,15.5216,-27.637,778,802,779,2578,2111,1687,2577,2112,1245,2555,2554,1688
-0.97971,14.8587,-29,779,2113,1689,780,2578,803,1246,2555,1222,802,2579,2556
1.60562,14.5147,-27.5735,803,2114,337,2556,2137,2579,2113,804,1224,1223,1248,1689
5.01997,14.8032,-27.5718,2114,805,1668,782,1225,2115,2138,2557,1248,1691,1249,338
6.68945,15.1924,-27.5601,1249,1667,783,2116,2558,1692,1225,2115,1691,2582,805,339
8.34574,13.0181,-27.6956,1226,2092,2093,2558,340,2116,339,2536,2117,2559,783,2115
11.378,14.8148,-27.5681,2117,2118,1694,341,1227,784,1693,2141,2560,1228,2583,364
12.9318,12.1956,-27.5296,319,2118,1647,2538,1205,785,2560,1204,2539,1227,762,2119
16.863,14.0192,-27.5624,343,2119,786,2562,2120,1695,342,2096,1230,1673,2586,1229
18.872,14.5485,-28.3363,1230,1231,787,2563,344,2562,343,2120,2587,1672,2586,1696
21.8576,12.4315,-27.6971,1232,788,2098,2564,2122,2542,2121,345,322,1651,2097,1208
24.7768,14.7341,-28.1712,369,790,2565,1233,789,1699,2590,1676,2122,2123,2145,2589
26.3481,14.0807,-27.4335,1233,2591,2124,2123,1675,2565,791,2566,790,1234,2590,346
-29,16.1847,-27.5191,348,1235,2567,1654,2125,349,1678,792,770,1701,769,2101
-26.7141,17.0675,-27.8057,792,349,2126,2592,2568,1236,793,1679,2125,2567,326,1677
-25.0329,17.8857,-27.7514,793,350,2568,2127,2149,1704,1703,1236,1678,2592,2126,2569
-21.1456,17.8327,-27.7217,795,351,2595,2594,2570,1238,2128,817,1237,2569,2571,1704
-17.5757,16.6461,-28.1545,353,796,352,1239,1682,2129,2571,2572,1658,2130,1240,2128
-16.6818,15.3962,-27.4281,1216,1660,1681,2130,796,1240,2129,774,1659,1658,353,2105
-13.8941,16.3991,-27.6027,775,2573,2131,2130,354,798,1661,2598,1707,1660,331,1240
-11.2033,17.7636,-27.641,2598,799,1242,2574,355,1708,1685,2131,2155,2132,798,356
-9.42218,17.5281,-27.6108,356,799,1686,800,1684,2575,2574,2156,1708,2132,1243,1242
-7.65962,17.6065,-27.6131,1243,357,2576,2156,800,1685,2157,1244,2575,2133,2600,801
-3.95348,17.3144,-27.801,1245,359,2135,2577,1688,802,2134,1244,358,1664,2158,2111
-2.23116,17.4477,-27.7666,1246,825,2136,1687,802,359,2135,2158,2578,1712,1664,360
0.189062,16.0729,-29,804,1246,1665,360,803,1247,2579,2136,2113,2578,1666,1690
2.6292,17.13,-29,1247,361,804,2580,1270,1248,826,2137,2138,1715,1689,2160
5.66943,16.9876,-28.0601,2582,362,1249,805,361,2138,2581,806,1715,1668,1667,1692
7.99636,16.4101,-27.9451,363,2582,1250,1249,2116,806,1668,2139,1693,2140,783,1691
9.85156,15.7016,-27.6061,363,2116,364,2583,784,2141,1670,2140,2117,1692,1250,341
12.8787,15.6835,-27.5694,1228,2585,1670,365,2141,341,2561,2118,2584,808,1251,1227
15.8755,15.4954,-27.5788,786,2561,2586,809,1672,808,2143,2585,2119,1230,1229,2562
19.0581,16.8297,-27.587,344,2586,1254,2588,367,1697,2587,1253,2562,1673,2144,1230
19.1717,18.6724,-27.6329,1254,833,810,2611,1253,2588,1720,1696,2167,811,2168,367
22.3644,17.8573,-28.0678,1255,811,2168,834,2589,2588,1722,812,2144,2145,2612,1277
24.4571,16.2323,-29,1255,370,369,2589,790,1675,2590,812,2146,2145,1698,1233
28.702,16.4725,-27.5589,371,1257,2591,1256,2147,2170,813,791,2124,394,347,790
-29,18.7518,-29,792,814,372,2567,348,2148,2592,1258,1677,1725,793,349
-26.8476,20.5536,-27.654,1258,1259,2592,1281,814,2593,2148,2149,373,1725,372,793
-24.5144,19.0663,-29,816,793,1704,1259,350,2149,815,1679,2150,351,1236,2592
-23.4328,18.5854,-27.8124,1703,2569,816,350,2594,351,1679,2150,2149,1237,2127,1680
-18.9079,20.7606,-27.6879,818,375,2152,1284,2151,1729,1728,1261,1706,2595,2596,376
-16.9649,20.9297,-27.5926,819,818,1729,2596,2153,376,2176,1705,1263,2152,1262,1284
-14.6862,18.1531,-27.5713,797,2130,2154,2573,354,2598,1241,2153,1683,2572,2597,353
-10.2402,19.2162,-27.7739,799,2599,1265,379,2156,2155,1684,1709,1685,355,821,800
-9.56113,20.9035,-27.6913,1265,821,822,844,1266,1708,2599,2179,2156,1732,379,2155
-6.01328,20.6594,-27.6513,823,381,2601,1267,2180,1266,2157,2624,1711,2600,2134,380
-4.09233,20.6772,-27.6316,382,824,2624,2602,1267,2601,2134,1710,2158,1268,2181,383
-1.16282,19.4497,-27.7383,825,1269,2159,2158,383,1713,406,2603,1268,2136,1688,2602
0.292294,20.5233,-27.7757,1269,2604,384,2159,1714,406,2626,2603,1712,2183,2160,1268
1.50536,20.2375,-29,826,384,1269,385,2160,2161,1713,2604,2603,1270,406,1737
4.45603,18.612,-27.8721,1270,2581,362,2605,361,2580,386,2162,1691,2160,2138,2161
7.78544,20.1645,-27.6829,1272,828,2606,2629,2139,409,2162,829,2163,1717,1271,1295
9.7342,19.2443,-27.6231,829,2607,807,2163,2140,388,2139,2164,1273,1716,1250,1272
12.8803,19.2439,-27.5587,1274,830,1273,2584,2164,2142,1719,389,2165,411,1251,2607
14.4815,20.1282,-27.635,1274,831,1275,1742,2142,1718,2609,2166,2165,1741,389,390
17.6885,19.7477,-27.5935,1276,390,810,1253,2166,2610,2167,1697,2609,855,366,833
20.9756,21.1295,-27.5912,391,1277,2612,2635,2167,415,2191,2168,2611,2636,1300,833
23.6297,19.0499,-27.5583,834,1278,2146,2612,1698,812,2169,2589,2168,392,835,1723
26.4367,19.6671,-27.5694,835,1279,836,2614,2170,2613,2146,2169,2147,813,1278,417
29,20.7308,-29,394,2614,860,417,836,2170,2637,813,1279,1723,2613,1746
-29,21.3625,-27.5284,837,372,2148,2171,1258,1702,1281,1280,814,395,1701,2592
-24.5326,24.2101,-29,397,838,1282,396,1727,2639,839,1305,2172,2173,2616,2197
-23.6093,24.0095,-27.5526,839,1726,2640,2639,2173,2172,2617,397,1282,2197,1283,374
-20.107,22.1624,-27.7305,840,2151,375,398,1284,1705,2175,2617,2174,1729,1260,2618
-17.9622,22.3365,-27.559,1284,2175,1706,376,841,1705,2176,2619,1728,818,400,840
-14.1435,22.7539,-27.7184,1285,377,1263,1286,2177,842,1731,1264,2620,2176,400,2621
-12.217,22.67,-27.6175,1286,2621,843,1264,821,402,1732,1730,2177,377,2178,401
-10.3885,22.8093,-27.6015,402,844,2179,1288,2178,821,1731,2622,1709,2621,843,822
-7.27794,23.9453,-27.6146,403,1289,845,2180,2622,2623,1734,2204,2179,846,1755,404
-5.43488,23.8243,-27.7324,847,1289,2623,2624,1735,846,2204,1733,1290,2180,2205,1313
-3.75443,24.2473,-27.629,847,2625,405,1734,2206,2181,2205,1290,427,2182,2624,2648
0.021209,24.45,-27.7115,407,848,2182,849,2184,2207,2183,872,2649,2206,1292,2626
3.42403,21.8312,-27.6885,827,385,2604,2605,2627,1293,2185,2161,1271,2160,2183,1292
5.01866,23.8963,-29,2651,2185,408,851,1293,1294,2628,850,2627,827,1760,2186
7.983,24.4761,-27.8241,1740,1294,852,410,2628,1762,2187,2186,2652,2630,1295,2629
8.86475,23.6102,-29,1295,1739,410,853,387,2630,2187,1294,2629,852,2186,877
13.6329,21.5019,-29,412,1274,2165,1742,411,831,854,1719,1298,2189,2188,1275
14.6403,21.9194,-27.6955,1741,1298,2632,831,1719,412,2609,2633,2165,2189,855,1274
18.4727,25.0546,-27.7241,856,414,2657,438,2634,1744,2656,437,2190,1299,2215,2214
20.1104,24.2488,-27.7915,857,1300,414,438,1743,2635,2191,2215,2634,2192,2657,832
24.8705,23.7277,-29,859,858,2193,1301,2216,1302,393,416,440,2636,2613,2192
27.8258,23.7223,-29,859,1303,2194,2637,1302,860,441,2660,417,2613,1745,440
-27.2561,29,-29,861,862,1748,2195,419,2638,1749,2196,418,1305,396,1304
-26.2313,27.5184,-29,419,862,1749,2196,1747,1305,396,2195,2638,420,2197,1304
-24.5389,27.6209,-29,1305,420,862,1748,863,2197,2196,397,1306,2639,396,1747
-21.1504,27.5094,-29,421,1307,864,863,2198,1306,2641,2199,422,420,1751,2197
-18.479,26.1854,-29,1308,399,1307,865,2642,2199,1752,841,2200,422,2618,2619
-16.6452,26.4913,-29,1308,2643,423,865,2200,1751,1309,2642,866,1310,1753,2619
-13.9987,25.5437,-29,2177,423,424,2644,1310,1285,401,2643,2620,2645,1286,1752
-11.2058,27.5549,-29,425,868,1311,424,426,2202,2201,2203,2645,1310,1287,867
-8.45907,26.0537,-28.0144,404,1287,426,1312,403,2646,2622,2202,2203,2204,1733,868
-6.11294,27.5307,-29,1313,870,2646,2647,871,404,1312,1757,2204,2205,869,1755
-4.17309,27.3512,-29,2647,1758,1313,1314,427,871,2648,1756,2205,428,847,2204
-2.47517,27.6531,-29,428,1315,2648,1314,1757,1759,427,2649,2206,872,2647,2205
-0.683946,27.5628,-29,1315,872,429,873,2649,428,1758,2207,2648,848,2650,430
3.89194,26.0433,-29,2651,1317,1316,850,2208,874,2209,851,1738,875,2628,2650
6.52274,28.177,-27.7005,875,876,432,2652,1318,2209,1317,1762,1319,852,851,431
8.53972,26.365,-27.7603,410,1318,433,2652,852,2653,1739,2210,2187,875,877,1761
11.3164,27.392,-29,2211,1320,433,878,2653,434,877,1764,2210,2654,1319,2212
13.2353,27.5553,-29,436,434,435,878,2211,1321,1763,2212,1297,1320,879,2654
15.9758,27.8591,-27.5777,1321,1322,879,2656,2213,2214,880,2655,435,436,437,1764
19.8537,27.3931,-29,2657,1323,1767,437,2215,881,438,2214,880,857,439,1743
21.6119,27.5105,-29,2215,881,1324,2658,1768,439,1766,857,438,1323,2657,882
23.3609,27.4945,-29,882,2658,416,1324,1325,1767,439,2659,2215,440,883,881
27.5117,29,-29,1326,883,2217,1770,1325,441,882,440,2659,2660,1303,416
29,26.6863,-29,1326,441,1303,2217,1769,2660,440,2194,1746,859,883,1325
-28.217,-26.6388,-27.7445,465,2218,0,1350,2241,908,1328,884,1794,2661,2684,1772
-27.5063,-29,-27.903,884,1,1327,2661,1328,442,2219,1771,465,2662,2218,909
-23.8547,-29,-27.55,444,886,1774,1329,2663,2219,885,443,2662,2,2220,1
-22.1313,-29,-27.5688,886,445,2664,1773,1330,1329,2220,2,1331,2663,443,887
-18.8425,-27.7026,-27.7909,446,887,912,2665,888,2221,1331,1797,3,2245,2222,1799
-16.9222,-29,-26.1922,888,1332,2665,2222,1799,2666,2223,4,1775,2246,1777,446
-14.2104,-29,-27.5829,889,5,1332,1333,2223,2667,890,448,2246,447,6,2224
-11.5951,-27.4888,-27.5975,891,6,2224,2668,1334,890,2247,1779,1333,1357,472,449
-9.93031,-27.6057,-27.036,1357,1334,2226,1358,1778,2669,2668,2692,1335,891,2225,7
-7.42749,-28.3285,-27.6492,1336,8,892,2669,1358,2226,450,2227,451,1335,893,1779
-4.12649,-29,-27.6204,452,894,2671,1337,2670,1336,893,2228,9,1782,451,1804
-2.01327,-29,-27.8353,453,894,1337,10,2671,2229,1338,895,1781,454,2251,9
-0.177252,-27.4608,-26.1754,1338,1361,2695,2673,2672,2229,1805,895,1339,2251,1806,454
3.45535,-29,-27.5811,456,455,2230,1785,1339,1340,2674,897,921,2231,13,896
5.2032,-29,-27.6132,898,2674,456,2232,1784,1340,2254,13,1341,897,2675,2231
7.87565,-27.6141,-27.6597,899,1341,1364,1342,2675,2232,2676,1365,2254,14,457,2233
9.92695,-27.711,-27.7784,15,899,1342,900,38,2676,1365,2256,2234,458,2677,1786
12.2222,-29,-26.6002,1344,900,1343,2234,2235,2677,459,1787,16,15,1810,1811
16.6044,-27.5684,-27.5727,901,1345,17,2258,2678,2703,2679,2236,903,1368,902,1812
19.6384,-29,-27.7688,461,904,2680,1346,2237,18,903,2238,1345,905,927,17
21.773,-27.4626,-26.4073,1346,1347,1792,2681,2680,2704,2238,905,462,927,2239,1814
22.9874,-27.5103,-27.644,20,1791,462,1347,2239,905,43,1348,1815,2681,19,1346
25.7541,-29,-27.7408,463,21,2240,2683,2682,906,1348,2239,1349,20,464,1372
-29,-24.6876,-27.6019,908,932,2684,2264,1350,1817,46,1771,1351,0,933,2241
-25.7908,-26.1272,-27.7432,23,24,1350,2242,1328,885,909,2685,910,1376,2241,0
-22.9146,-24.7339,-27.8549,911,1377,467,910,2243,1352,48,25,2686,1820,1353,1376
-19.9132,-26.3144,-27.7367,912,468,26,2687,2688,2221,1775,1353,1330,1798,887,2245
-18.9943,-24.774,-27.632,26,27,1354,2688,2244,469,2245,1797,1353,1379,1821,912
-16.7982,-27.5005,-27.6154,447,446,2665,2666,2245,1332,888,2246,913,1355,4,1775
-14.2979,-25.5329,-27.614,914,2690,471,28,1355,1380,1824,2246,2247,1333,2691,1356
-11.2643,-24.8887,-27.7801,915,472,2248,916,2668,2247,2691,1356,1802,1382,1357,2692
-9.54252,-24.2368,-27.6347,916,30,1382,31,2249,2715,2272,2248,2692,1801,940,915
-6.56587,-24.7529,-27.6415,2249,1826,2250,474,32,917,2716,2693,2272,2227,1827,1359
-4.01934,-26.3193,-27.79,1360,2250,893,475,918,1337,9,1359,2694,2228,2251,1827
-0.30909,-25.9775,-27.5904,477,476,919,1361,920,2695,1338,1806,2251,2252,34,1783
1.45688,-25.769,-27.6251,477,1362,920,921,12,2673,1361,2696,2253,1805,35,896
4.24899,-25.2025,-27.6064,478,2697,36,1808,2253,479,1363,1362,2278,2277,1340,12
5.95069,-25.0805,-27.6407,479,1364,1807,2278,2698,37,922,1831,2255,2254,2697,1809
8.13564,-24.6496,-27.7338,61,923,1364,2255,2699,37,2722,1831,1365,924,457,947
12.7975,-26.152,-27.5637,39,925,1343,1366,2701,1367,2257,2235,2256,482,16,1811
14.5332,-27.5024,-28.0244,901,16,2235,2678,1367,2236,460,1344,925,926,1789,1810
17.9364,-25.9378,-27.6169,484,1368,1369,2258,2259,2703,41,903,927,1813,1789,17
18.9482,-24.4095,-27.6124,1394,41,1370,2259,42,1369,2283,1836,1812,2284,927,65
22.392,-24.8219,-27.504,1347,929,952,2261,928,1370,1371,2260,1815,43,2285,2704
23.8621,-25.8604,-27.9235,43,930,2262,2261,2705,929,1814,486,1348,1792,20,1371
29,-25.0843,-27.6911,2263,45,1373,2706,1397,931,955,907,487,44,1372,69
-28.6457,-22.8313,-27.6699,932,488,2264,933,2707,1375,1374,1351,1794,46,489,2265
-25.5169,-22.6528,-27.6466,466,490,47,2709,1399,2265,1376,1375,1819,1351,1377,72
-24.0131,-21.6705,-27.5591,1377,2290,934,72,1399,1818,2266,490,2709,2710,2733,958
-21.7524,-23.3129,-27.69,48,935,49,2710,1821,2243,1353,2267,1796,2266,1377,911
-20.0059,-23.1529,-27.6245,49,492,1354,2267,2244,2711,1820,469,1353,2268,1798,1378
-16.878,-22.4823,-27.8339,1354,50,1823,493,1845,937,936,2712,2269,1379,2268,1380
-15.2399,-22.4033,-27.5845,938,937,1822,51,1380,2713,2270,2269,1403,494,2712,493
-13.4451,-23.9741,-27.7865,1356,494,914,2270,2714,2691,1800,938,29,1380,2247,1801
-10.91,-21.8568,-26.384,939,1382,1381,2714,2271,940,2295,2248,2715,963,53,1849
-6.25366,-23.128,-27.6204,1384,1803,917,2716,2272,941,55,1827,1383,2273,32,942
-4.70749,-24.1229,-27.7549,32,918,942,2717,2716,55,475,498,1826,2250,1803,1804
-2.52676,-23.3637,-27.6034,918,499,1385,942,919,498,2718,2717,1386,57,33,1827
0.528175,-23.1008,-26.4709,1387,1386,2275,944,2696,2719,2252,920,2276,58,919,2277
1.72373,-20.8965,-27.7913,83,2742,500,944,501,2719,2276,82,1410,945,1854,969
6.76735,-23.5437,-27.8767,946,37,502,2721,2255,1808,947,1809,61,1388,2278,1389
9.27003,-21.2178,-27.6193,86,947,2723,2279,503,62,1857,1856,2303,1390,948,1413
11.6283,-21.7251,-27.5161,2281,948,1857,1834,2304,1390,1391,2723,527,504,2280,1832
13.327,-21.8384,-27.4761,1415,949,1833,2281,1391,505,2304,2724,63,950,2282,973
15.451,-23.0484,-26.5038,1393,949,1392,950,2724,2282,2702,1369,64,2283,2725,1834
18.4947,-22.6655,-27.7183,951,1394,2283,2284,1393,2726,2725,65,1813,2307,507,1369
20.7353,-21.2359,-27.8096,507,976,508,2727,1395,1418,2307,2750,91,2284,2726,1861
24.048,-22.0424,-27.7575,953,509,1395,2728,1839,1371,2285,92,67,1419,2286,2309
25.7635,-22.0307,-27.4701,68,954,1396,2286,1838,1419,2728,2287,92,2729,953,510
29,-21.4242,-27.5727,69,534,2311,2287,1397,510,954,1864,45,955,979,68
-27.4686,-18.3706,-27.5774,511,981,2731,1865,2289,1866,1398,1842,2313,957,2288,956
-25.8432,-19.1984,-27.6355,957,512,2732,2731,1843,2289,1400,1399,2313,2290,1841,511
-24.3763,-18.2702,-27.5978,71,1400,1844,2313,2290,1842,2314,513,1423,982,2732,957
-22.8353,-19.0156,-27.5984,959,513,2290,1843,73,982,2733,2315,958,1400,2314,491
-17.2293,-20.8637,-27.5532,2292,961,1822,493,2269,1846,1403,2268,2293,936,2735,516
-16.8154,-19.1676,-27.618,516,75,2735,1845,2293,1402,985,1847,2317,961,2292,1403
-15.0284,-19.0224,-27.7889,962,516,1871,2317,2736,99,76,1403,1846,2294,2293,1404
-11.7687,-17.3348,-27.5734,542,1404,100,1428,2761,1427,2737,1872,2318,77,1405,987
-8.83339,-20.5016,-27.7314,964,496,2738,497,939,2295,2296,1383,940,518,1407,1406
-5.80396,-18.8786,-27.6126,965,1406,2297,544,1851,989,2739,2298,1407,1874,79,520
-4.77621,-20.2463,-27.7354,1384,2298,520,966,965,1850,2740,56,80,2274,1407,1408
-1.96411,-20.6689,-26.4337,1408,2275,1385,2718,2299,1409,2740,966,2741,2276,81,2274
-1.66281,-18.0651,-27.6243,967,2299,2322,105,2323,2741,104,1408,1431,522,521,2298
2.03065,-19.0899,-27.3435,969,1410,1432,2743,2300,83,2742,523,1433,1830,968,2276
6.07782,-19.9735,-27.5741,85,525,1389,1411,2744,1412,2301,2302,1856,84,970,108
7.86473,-20.0809,-27.6537,1413,85,1389,2303,2302,503,971,2279,1855,1832,108,1412
10.7613,-20.302,-27.5283,2303,1833,527,2304,1414,86,1832,2723,2746,972,948,2747
13.5852,-18.9463,-27.8698,87,1859,1881,528,1415,973,2304,2305,998,2747,1414,551
15.1079,-18.3294,-27.6294,1858,529,528,1439,1882,2748,2305,1416,998,974,2772,1415
17.3079,-20.7676,-27.9289,506,530,89,2725,974,951,2306,2307,1417,1393,950,1416
20.1319,-19.2721,-27.6324,1418,90,1417,2750,1884,531,976,1862,2307,1837,2332,2749
21.5464,-18.0905,-27.6073,114,531,2332,1418,2751,1441,2310,1861,1000,1884,1885,977
24.7557,-18.8199,-27.4386,2310,533,1419,2752,1442,1420,2309,532,2334,978,2751,2776
27.5198,-19.5635,-29,978,979,534,93,510,954,1420,2311,2753,2752,1887,1840
-29,-17.4841,-27.6216,535,956,2288,2754,980,1841,1398,1866,981,511,536,2312
-27.3955,-16.5944,-27.6245,981,536,2313,2754,2755,1421,1841,1422,980,95,1865,535
-22.9962,-15.6508,-27.2321,1890,1423,982,1447,1424,537,1006,2756,96,2314,2338,2757
-19.4239,-16.1853,-26.3047,1007,984,1869,2340,2734,2758,2757,2316,1424,1449,1402,98
-18.2762,-16.4441,-27.6153,539,98,1402,984,2758,2316,74,1868,1449,1870,1007,985
-16.6348,-15.7054,-27.6445,1425,540,985,2759,2758,1450,1426,2784,1869,539,1449,565
-14.6257,-17.3849,-27.637,986,1847,2759,76,2318,99,1426,2317,1427,985,1404,540
-11.248,-15.6426,-27.7897,987,2761,988,1453,542,101,1848,1452,1427,1428,2319,1451
-8.2352,-17.2254,-27.5887,519,2320,543,2762,2319,2296,989,1406,1428,102,1429,78
-4.91463,-17.5098,-28.4445,544,521,545,2321,965,103,2739,2298,989,1850,1431,102
-3.21552,-15.4479,-27.6058,570,2321,1876,1897,2322,990,2764,1898,1431,545,2765,1014
-1.793,-14.5885,-27.6812,546,1875,1898,1014,2789,570,1456,2324,2765,2322,2346,1457
1.40196,-15.8211,-27.7643,129,547,1878,992,1432,2324,106,2348,2766,2767,1458,2323
3.11809,-15.8543,-27.7714,993,2768,129,106,2767,1877,548,2349,1433,1458,1434,2325
6.2303,-15.449,-26.4428,1435,2768,2350,2769,1902,1901,2326,1434,549,994,2325,2349
8.93106,-14.9283,-27.6051,575,995,2769,2793,1902,2352,2770,2351,1461,1018,2327,550
12.8588,-17.516,-27.3855,551,1858,1437,997,1882,2747,1414,2329,87,998,552,1859
14.4026,-16.7595,-27.6423,552,998,2772,1859,2329,111,1881,1438,1439,997,1462,551
17.3154,-15.7003,-27.6222,553,999,1906,112,2773,1439,1440,1905,2331,1438,2330,579
19.6179,-17.6579,-27.6376,1000,113,1861,90,2332,2331,1440,2749,1441,1417,1862,2774
22.6885,-16.3931,-27.7717,115,555,2776,114,2356,2775,2310,1001,1441,2333,1862,1442
26.0743,-15.8911,-27.7031,557,1002,2800,1442,1909,1443,556,2334,2358,2333,116,2777
29,-17.7516,-27.641,1444,2753,979,1443,2335,93,2311,2777,1864,116,1420,2334
-27.4535,-13.008,-27.6337,1446,117,2336,2779,1470,1004,1889,1445,1421,1910,560,559
-25.9049,-13.8901,-27.5708,118,560,1005,1422,1447,2337,1888,2779,1421,561,1470,1446
-21.8499,-14.5912,-27.7742,96,1867,2339,2338,1448,2757,97,2781,1424,1006,1007,1447
-18.9245,-13.1099,-27.621,121,2339,1008,563,2782,1449,2340,1473,1892,120,564,2363
-17.5984,-13.67,-26.4176,1008,1450,1449,2758,2340,1891,2783,2784,2782,1870,564,2806
-14.8343,-13.8143,-27.7255,123,565,2342,1450,2784,2783,1451,1426,1009,1916,541,1894
-12.9441,-12.7937,-27.8139,1010,1916,1917,1452,147,566,123,2785,2342,1451,1893,2343
-9.10123,-13.0172,-27.6607,1011,1453,1896,1477,2343,567,1918,124,2344,2786,125,590
-8.08445,-14.3595,-27.7587,2320,567,125,1895,1454,2786,1429,2787,2319,568,1453,1477
-4.30263,-14.1433,-27.5372,990,1455,1875,1430,1898,2788,1013,2346,126,2321,1014,1454
-2.89845,-14.0693,-26.4864,1876,2346,1897,2765,1875,2788,2789,1456,2764,1014,2322,1455
1.1174,-12.4,-27.8473,572,594,1015,2372,2347,1457,2790,1480,571,1922,1458,1900
3.17665,-12.6948,-27.6667,1016,2372,572,2791,573,2349,1459,2790,1039,1458,1899,130
5.56109,-14.7366,-28.0214,994,574,130,2768,2350,1902,2349,549,1879,993,1435,1460
7.23289,-14.54,-27.5916,549,1018,1901,1880,2351,1460,574,1879,2769,2350,1435,995
11.6108,-12.5206,-27.5799,1019,577,1484,576,2817,2794,1927,1020,1042,1461,1925,133
13.2373,-14.0441,-26.2562,576,1462,1020,2795,2329,2771,2794,2353,997,1903,110,2817
16.7008,-14.0588,-27.6522,1463,579,553,2330,1464,2353,1883,2354,1438,2796,1906,578
18.458,-14.4065,-27.5862,1022,579,2355,1883,1440,2796,999,1905,1465,1464,135,554
21.3946,-13.1914,-27.802,136,1023,2379,1466,2797,137,2356,2798,580,2355,1465,2357
25.2627,-12.3354,-27.7795,1047,581,138,2381,2799,1489,2358,1467,1932,1933,2357,603
27.4303,-14.8539,-27.6052,582,1886,2777,116,1467,1003,557,2335,1443,2358,558,2800
-27.5732,-11.1798,-27.5706,1026,1469,117,1470,2336,1004,1911,2802,1888,2360,2801,140
-26.8188,-9.63032,-27.7432,1026,1027,141,2361,2360,1050,1910,2384,2802,584,1492,1469
-23.8983,-11.2581,-27.775,1913,143,2361,142,1005,2803,1028,562,1471,2362,1470,2338
-22.3716,-11.8732,-27.5724,1029,1912,2781,2363,2338,562,2804,2362,143,2803,1448,1005
-19.1528,-10.1508,-26.3501,1472,1473,1030,2364,2805,2782,2804,1031,2386,1495,2363,145
-16.1727,-9.42858,-27.6401,169,1031,588,2365,1938,2388,1474,2364,609,1497,2806,1032
-14.3525,-12.0261,-27.4847,1894,146,2341,2365,2342,123,1475,1893,2783,147,1009,1917
-12.0469,-11.3849,-27.5867,1033,1475,1894,2343,2808,2785,2366,566,147,590,1476,1916
-9.30149,-11.2831,-27.6403,1011,148,2809,1476,590,2344,1895,2808,2343,1919,1477,1034
-7.5649,-10.4699,-27.5332,591,1034,1478,1477,2809,2368,149,2810,1035,1918,148,592
-3.9694,-11.4581,-27.5897,593,569,2811,1455,2370,2369,2788,2346,1479,1036,1013,1478
-1.34722,-9.78305,-27.7016,151,152,1037,2812,1060,2371,1945,1479,2370,128,1480,2394
1.01632,-10.3397,-27.736,594,1037,2372,2813,175,1038,1480,2371,152,1481,1946,1899
3.51717,-10.1347,-26.2539,1481,2814,1039,2838,2813,1482,2372,1062,595,1946,1922,1900
5.99353,-11.2746,-27.6326,596,154,2814,1017,2815,1460,1459,2374,1039,1482,2373,1483
9.68299,-11.9485,-27.5409,1461,2375,132,1484,156,2351,2374,1019,1903,155,2816,2793
10.5013,-9.15845,-27.6505,598,1065,2399,2375,1950,1041,2840,2816,1484,2376,2398,156
12.8301,-11.2415,-27.6435,599,1042,2377,2817,157,2376,1020,1903,1043,1484,577,1485
15.3137,-10.0687,-27.596,158,2818,2819,1509,1929,1043,1486,2377,1485,623,600,1953
16.543,-11.2212,-27.8364,1486,578,2354,1928,1044,2378,1487,600,2819,1464,1043,1488
20.2094,-10.0592,-27.757,160,1045,2379,1510,183,2820,2821,601,1931,1488,1046,1487
21.7531,-9.19371,-27.7543,625,160,2403,2821,1046,602,1930,2380,183,1511,1955,1512
25.5943,-10.4117,-27.5686,162,603,1489,2381,1933,2822,1047,1490,1512,1908,2823,185
27.0419,-11.4284,-27.6109,1048,1025,2823,1467,1047,2381,1932,2359,1908,2382,162,1468
-29,-7.02754,-27.5758,1049,605,2824,1492,2383,1959,2848,164,1050,629,141,583
-24.328,-7.62133,-27.6113,1051,166,2384,2385,2825,1493,1494,606,1471,1936,607,2826
-22.7201,-6.48798,-27.6754,607,631,1493,1052,2385,2827,1494,2850,1962,166,632,1935
-20.0001,-7.02444,-26.5716,2387,1052,2827,1517,2805,1495,2828,2386,2409,608,1963,632
-17.3731,-8.22094,-27.585,1054,1939,1030,1915,609,2364,2805,2387,1053,1497,2388,2828
-17.0224,-6.5805,-27.6065,2411,168,1938,1054,1497,2828,1496,2387,2829,1963,1964,1518
-12.9966,-8.24406,-27.6363,611,1474,589,2830,1941,2389,1055,2807,2366,1498,1475,612
-11.2882,-7.99877,-27.6116,1056,612,2367,1940,2831,2366,611,2830,1498,1499,2390,1476
-8.48449,-6.25488,-27.5666,171,2832,1966,1500,1967,1499,1943,637,2415,2390,2391,613
-7.40188,-7.67628,-27.5923,613,172,2415,2391,2368,1035,1942,1500,2832,1058,1034,1499
-4.38961,-7.32272,-26.3494,1059,1501,2833,2392,1058,2834,2393,1082,2835,1945,173,2416
-2.41841,-8.35434,-27.6246,2394,615,1060,2393,2370,1059,174,1501,1921,2835,151,2812
1.71987,-8.4563,-27.6592,1947,175,1481,1037,176,2813,1503,153,2836,1922,1062,1061
2.37998,-7.07635,-27.1942,1946,2419,1971,2837,1062,1503,176,1504,2396,1085,2836,2395
5.14635,-5.958,-27.7422,1063,177,2861,2420,2419,1505,642,2396,1528,1949,200,619
7.00085,-6.093,-27.5665,1063,1528,178,1064,1506,2397,1973,1974,1948,201,2861,1505
8.89441,-8.49984,-27.7052,620,597,1041,2839,2840,1926,1064,2398,1506,2375,1483,1065
12.4102,-8.64805,-29,180,157,622,598,2399,1065,2376,1485,1508,1926,1952,1066
13.1973,-8.47669,-26.6233,1508,1485,2376,2399,2818,2377,1953,2841,1951,622,1928,1507
14.9226,-7.70636,-27.7053,181,622,2818,623,2400,1976,1067,1508,1485,1509,182,1952
18.7763,-5.95107,-27.6154,624,1091,1979,2402,2843,1092,2866,206,1978,2401,1955,649
20.2682,-7.53526,-28.0389,183,1069,624,1068,2402,2821,1511,1979,1510,2844,625,1954
23.5925,-6.21699,-27.6453,184,1957,650,2845,2868,2869,1070,2404,1534,1511,1980,2403
25.2639,-6.20987,-27.5778,1513,627,1956,2404,1980,1070,2846,2869,1071,1981,650,1490
29,-7.05215,-27.5741,628,2405,1072,2847,1491,2870,186,1513,651,604,1095,163
-29,-5.24137,-27.6276,187,605,2406,2824,1934,1960,1514,2848,629,2849,1073,164
-27.4436,-4.33471,-27.6299,629,1073,2406,2407,1515,1074,2849,1959,1514,188,2848,1983
-22.7027,-3.1527,-27.4824,1076,1516,1985,1539,1075,2873,190,2851,212,2850,1962,2408
-21.7543,-4.98882,-27.8216,633,190,632,2850,2827,631,1076,2851,1936,1517,1516,1961
-18.3868,-5.35177,-27.5411,191,2387,2411,2852,2828,2410,1496,1518,1939,1517,2409,168
-15.1448,-5.48322,-27.7969,1078,610,2411,2829,2853,1965,2389,168,634,1520,1497,1939
-13.4027,-5.16872,-27.5919,1078,1079,2854,1498,1964,2412,635,2389,1520,2413,1521,193
-9.42714,-4.79297,-27.5694,194,2414,2855,637,1942,1967,2390,1080,1103,1521,171,2856
-7.64895,-4.71869,-27.5949,637,195,2856,2415,2857,2414,1942,1081,1966,1522,2832,1500
-4.69786,-3.39428,-27.7713,197,196,1992,1524,2857,2416,638,1523,1547,1969,1522,2858
-2.66614,-3.02565,-27.6414,197,1083,1547,2858,220,1106,1524,662,640,1968,2417,1970
-0.137162,-2.60826,-27.6732,198,221,1106,2440,222,2859,1526,1083,1994,1107,220,1525
1.61184,-5.54621,-27.5501,1085,1525,1527,2395,2837,1947,1503,617,2419,641,2860,1526
5.18474,-3.0902,-28.0762,643,1109,1086,2420,1550,1996,200,2862,665,1528,1997,2441
7.32921,-4.80911,-26.3468,1974,1528,1949,2421,2861,1087,2862,2397,1506,201,1948,1975
8.44999,-4.94758,-27.63,202,1087,1975,1973,1506,201,644,2421,1949,1529,1528,1088
10.0362,-5.54351,-27.5711,1088,1974,179,1507,2863,2398,1506,202,1530,1529,621,644
14.5118,-5.97134,-27.6067,181,2865,2423,2424,1508,1953,204,1067,1066,2841,1531,205
17.8727,-3.43931,-27.635,647,648,2425,1532,2866,1556,228,1091,2447,1978,1533,1092
19.5185,-4.18221,-27.7854,649,1092,648,2867,1533,2866,2426,1977,207,1979,1954,2425
20.462,-5.83518,-27.6074,649,1069,1954,2844,2868,2867,1955,624,2426,1978,1511,2402
24.9018,-4.54956,-27.8385,209,650,1094,1957,2869,2428,627,1534,1535,1981,2427,1956
26.7186,-4.61658,-27.7493,651,1536,2428,1513,209,2450,627,1980,2870,1957,1535,2847
-29,0.159663,-27.5919,210,1561,2871,2007,2006,1096,2452,1537,675,653,676,233
-27.429,-2.49569,-27.6125,653,1073,2407,1515,1537,2429,1096,1097,1514,2872,1960,2430
-24.7018,0.0338754,-29,677,234,211,1098,654,1538,1119,2431,2454,2430,1120,1562
-22.3877,-1.49083,-27.6741,212,1961,1098,655,1540,2873,2432,2431,1099,1075,1076,1539
-19.3762,-0.507383,-27.5228,2433,656,1099,1122,1564,214,2432,1541,2874,236,1100,2011
-16.5775,-1.7868,-27.7159,1100,215,1519,1988,2875,2433,2876,1541,657,1542,192,2852
-14.8826,-1.84539,-27.6569,192,658,1987,2877,1543,2876,1101,215,1520,1519,1542,2435
-11.472,-1.65415,-27.6227,216,2878,659,2436,1544,217,1103,2435,1543,1990,2413,1102
-9.50157,-1.81591,-27.6495,1544,217,218,2414,660,2878,1103,2879,1545,1989,1080,659
-6.80222,-0.858812,-27.6662,1104,1546,1992,2879,2437,2016,2438,1545,661,684,1569,1522
-5.56808,-1.96268,-27.4974,196,1991,1968,1522,2438,1547,1546,661,1105,1523,219,2879
-2.72282,-0.437653,-27.7061,685,1106,663,1105,2462,662,1547,2439,1548,219,1571,686
1.43061,-1.68008,-27.5741,222,2019,1526,1995,1549,2440,664,1970,1107,2441,199,221
3.01478,-0.985613,-27.5272,1549,1131,1550,2019,1994,2441,1108,665,223,1573,664,199
4.46525,-3.01874,-26.4837,2441,1972,2420,1550,2862,2860,2861,1528,1086,1995,665,1527
6.75416,-2.00587,-27.7306,1109,224,2862,1551,1087,2443,666,1552,643,1972,1550,1528
9.10754,-0.757838,-26.4003,1553,2443,1133,1552,2022,2444,1110,2421,2422,225,1997,1577
12.5646,-1.22377,-27.7744,1089,1111,2445,2444,1112,2023,2000,2422,1554,226,1555,668
14.1448,-0.403213,-27.5714,1112,1555,1578,668,2446,227,1999,2023,2445,2001,692,1111
16.1567,-1.31968,-27.5572,1113,669,2446,1532,1555,2025,2447,227,1556,228,2000,693
19.6315,-0.80089,-27.5545,229,1533,2471,1114,2448,1580,1556,671,670,2003,2025,2425
21.8781,-1.01148,-27.5173,1115,2472,1557,230,1580,2448,671,1558,2449,2002,672,229
25.9548,-1.1875,-27.5724,673,231,1559,1535,1117,2450,1558,1582,2005,232,1116,696
28.1307,-0.542017,-27.7644,674,1117,1559,1140,2451,2029,232,1583,2004,2450,2474,1560
-29,1.92303,-27.5683,233,1561,2452,1118,1584,1982,2007,676,1142,675,698,1562
-27.4593,0.979393,-27.5572,675,1562,676,1537,2452,1982,1118,2006,1538,234,1561,2871
-25.0556,3.17702,-27.5854,1562,700,2476,1585,1143,257,1120,2453,1119,2030,2477,699
-21.6938,3.77152,-27.5858,1143,2033,2455,701,2478,678,2034,1563,2032,235,726,259
-18.8911,2.19845,-27.7104,679,2455,2456,259,2479,236,260,2011,1565,1564,2034,1122
-17.3197,1.18003,-27.591,679,2433,1565,237,1123,2012,2456,1542,2010,1122,238,2457
-15.6255,1.70764,-27.5925,238,1123,1566,681,2457,2011,1565,2434,1542,2480,680,237
-12.7623,0.902837,-27.5377,239,1566,2435,1125,1124,2436,2434,1567,1102,262,1101,2458
-9.32066,1.16718,-27.6008,683,240,1126,1545,1569,2460,2459,1125,1544,1568,660,682
-6.46934,2.46256,-27.5642,1127,1569,265,241,2039,1593,2461,2016,2460,1570,684,2040
-5.95738,0.640585,-27.5374,684,1570,1569,1105,1991,2438,242,2015,2437,1546,1127,241
-3.5878,3.07069,-27.7263,2484,243,1128,1571,2040,2461,1595,1570,266,1572,2039,1127
0.631828,1.39196,-27.7396,687,2042,2463,2019,1129,244,1130,1548,1573,1107,1572,2464
1.61698,0.0131124,-27.5324,687,1994,2018,1995,1573,664,1107,1108,1549,1129,2440,1131
4.10336,2.83647,-27.6446,269,2465,2044,688,1154,1574,1597,2464,1573,245,2021,1153
6.3464,2.95479,-27.7429,1575,1155,2466,1599,1574,688,2488,247,2044,1576,1132,2020
8.29138,1.27254,-26.6507,1576,1133,1132,2466,2467,2443,1998,689,1156,690,2021,1575
12.591,0.54466,-27.5709,1111,691,2444,668,1578,1134,1999,2000,1577,2468,249,1112
14.1868,3.07345,-27.6038,716,1601,2048,2469,249,1134,1578,2491,1602,1135,2492,717
17.4515,-0.115702,-27.5529,2470,1556,670,1113,2001,2446,2471,693,2002,1579,2447,1114
19.0063,2.50299,-27.7109,1581,1159,2471,1136,2050,1579,251,1137,2470,1604,250,1580
22.3991,2.18128,-27.6855,694,1138,1581,2473,1161,2472,695,252,1139,1604,1580,253
25.613,1.77589,-27.5206,254,1582,1559,1139,696,2496,253,2474,2473,1583,1162,255
29,1.12317,-27.5063,1140,697,2474,2005,1583,1559,255,674,278,1117,2053,2451
-26.8596,4.32632,-27.6512,1142,699,1118,2476,2031,256,2475,1585,257,2008,1584,2056
-26.7192,6.03067,-27.7424,256,2499,2030,724,1165,2056,2055,2475,699,1585,280,1608
-22.9345,5.18064,-27.6415,258,726,1143,1586,701,2477,2478,1610,2009,1585,1166,700
-20.9038,4.34254,-29,1144,678,2034,2009,259,726,701,1145,2478,2455,2032,2058
-19.9853,4.22664,-27.5794,2479,2033,1145,2478,2009,2455,2058,259,1144,2010,678,1588
-16.3832,4.46092,-27.5568,1565,1614,680,2480,1588,1589,703,2036,2479,2457,1146,728
-14.6377,5.13264,-27.5542,261,2480,1146,1589,1614,2060,2035,2481,1147,2503,704,284
-9.95824,5.94311,-27.7931,706,1171,2482,1172,1149,705,2061,1590,1616,1592,2062,1591
-8.28473,4.77609,-26.296,1149,1593,1592,2483,2482,1150,2460,2037,706,707,2062,264
-5.70577,4.08289,-27.6098,708,2461,2484,265,1593,1150,2015,2040,1594,707,2017,1127
-4.68787,3.55014,-29,708,1128,2017,266,1127,265,2039,2484,1151,243,1570,2461
-2.74143,5.70623,-27.6407,289,2484,1595,709,2065,1618,1151,266,1619,1594,267,1152
0.450618,3.06174,-27.5511,1596,2018,1152,244,2043,2464,2485,2463,1130,1572,710,2486
1.40063,4.55926,-27.7257,1596,1153,2487,711,2509,2042,2486,2464,1152,1597,268,2066
5.06674,4.26519,-27.6432,1154,1155,2488,2020,270,2067,1598,1597,2021,688,1599,712
8.07203,5.90555,-27.804,293,294,2489,713,1599,2512,271,1623,2068,2046,2513,1598
9.80215,5.04328,-27.9777,272,271,2513,294,2490,739,1156,2047,2489,2045,714,1600
11.5139,5.33478,-27.5451,715,739,2070,2491,2046,2490,272,1600,2513,1180,1157,1625
14.2744,4.78623,-27.5995,1158,273,2491,2024,717,1601,2492,2049,1602,741,715,716
15.9451,5.41904,-27.6596,1627,717,1602,741,2493,718,2492,2048,1158,274,1603,273
19.231,4.21846,-27.7818,1136,275,2026,2494,1160,1137,2493,2073,1604,1159,1581,1603
21.4773,5.59893,-27.7271,743,719,2495,2073,276,1628,1604,2052,1160,2494,1161,299
23.2478,5.64744,-27.5585,276,1605,2075,720,2051,1161,744,2495,1629,719,1628,277
27.9681,4.30308,-27.8946,278,721,2497,722,1606,255,2496,1163,1607,2474,1630,697
-28.8643,8.73822,-27.6063,279,723,2498,2078,2055,1632,1608,1164,1187,724,302,1141
-27.3587,7.72644,-27.5273,724,1632,1164,2499,2054,2031,1608,280,2498,723,1609,2475
-25.4181,5.93769,-26.5307,1585,2499,2031,1610,2476,2477,2030,1165,2055,2032,699,258
-21.6921,8.44282,-27.6611,281,282,1611,1587,2501,1586,2524,1167,2082,2500,305,1166
-19.4059,5.95351,-27.5056,1587,1588,702,1144,2034,2478,1612,1145,727,1613,2479,283
-16.1957,8.18344,-27.2848,1169,2502,2503,1168,1613,1636,1614,2527,284,307,728,283
-13.3171,6.41768,-27.6072,730,2503,1590,261,2481,729,1615,2036,2504,704,284,1147
-10.9205,6.74917,-26.5473,1590,1616,1615,2037,2482,1171,1638,2060,2505,2481,2062,1591
-8.45333,7.43278,-27.5642,1172,1616,287,1617,1149,2086,2483,2506,732,731,2037,2505
-5.11286,7.93061,-27.6988,733,288,2507,1617,1618,1594,2087,312,1173,1641,1197,2506
-2.47293,8.66893,-26.6277,1641,1619,1175,2508,1618,2507,1642,1174,2532,734,290,1620
-0.973583,6.09899,-27.4988,1152,267,1619,2041,709,1620,2508,2509,268,2486,289,1595
2.74835,6.3868,-27.6357,736,2487,2067,712,711,2509,1176,1597,1177,2510,1621,2043
4.37804,5.88297,-27.552,270,2066,1598,1177,2044,2510,712,1597,737,1154,2487,736
6.82834,7.3008,-27.603,293,2511,737,1598,2512,1178,2069,2045,1623,2510,1622,713
7.66094,8.96324,-27.6217,1178,2537,738,2511,760,1623,1645,1202,2068,2512,293,317
11.3292,7.045,-27.6937,295,2513,1625,2047,739,1624,1180,1179,1648,2046,294,1623
14.5942,8.62338,-28.1443,296,1181,2514,1626,2095,740,2515,2072,1625,1158,1649,2538
16.2814,8.76942,-27.5819,1626,1182,2515,1181,1649,764,2540,2071,1627,297,2516,320
19.7754,5.93782,-27.7437,742,1160,1603,2494,2051,743,2517,2050,275,1628,1604,2493
20.8296,9.05146,-27.5809,2518,1183,766,1650,2097,1207,2517,1628,1651,299,298,322
23.3916,7.35698,-27.9191,744,2518,300,299,2052,276,1629,1184,1628,2519,2051,2099
26.042,8.70215,-29,300,2520,1209,768,1185,2519,745,767,2100,1652,1630,1629
28.5576,8.02644,-27.5189,1186,1630,2520,745,301,1607,768,2100,1210,1163,2497,2076
-29,10.4852,-27.5274,279,302,2521,2054,1631,1187,1632,1164,1211,2498,1188,723
-25.5013,12.346,-27.8648,325,1212,1213,2545,2546,2522,1633,1188,303,2102,2521,1655
-24.3972,10.2721,-27.5888,1611,1609,747,1188,303,1633,2523,2522,304,746,2500,2079
-21.5363,11.7894,-26.3122,1189,1214,1634,2524,2548,2523,2547,2103,749,2525,1633,1611
-20.0221,9.48835,-27.6664,282,1635,2524,306,1190,2501,1612,1634,2057,305,2502,727
-17.2659,11.5493,-27.5787,1192,2106,773,1636,2549,2526,1635,2525,750,1659,1191,1216
-13.7377,11.3452,-27.582,308,751,2107,2528,2108,2526,1637,2527,1193,285,2085,330
-11.4427,11.0109,-27.7567,309,2109,2528,1195,1194,1637,2529,308,1638,2108,1639,2084
-8.35371,9.17621,-27.7814,731,310,1196,2506,2505,2530,287,2062,1639,2529,2087,1616
-6.19928,9.30874,-27.5908,311,288,2506,2530,2063,1197,1196,2507,1617,2086,312,287
-2.61336,12.2933,-27.5265,2089,335,2112,2531,1642,2532,1222,2555,336,1198,1221,2533
-0.945363,12.3511,-27.6929,780,2088,2533,2556,336,313,2555,1222,1642,1643,2113,756
2.42481,11.5383,-26.5769,1643,2091,1224,1200,2534,758,2556,2557,1199,781,2533,315
3.6065,11.3815,-27.812,1201,781,2090,758,2534,315,2535,1200,2557,1224,1644,1643
7.06225,11.9746,-27.5506,1669,316,1645,2115,2535,1202,2536,339,340,2558,338,760
9.67693,11.9298,-27.7672,1203,761,1669,340,1646,2559,2536,1647,1202,2560,2117,317
11.3166,9.95476,-26.444,1648,1646,1647,2538,1624,2537,2514,762,318,2093,1203,1671
14.0915,10.0026,-29,319,740,1181,763,2071,2538,762,2539,1649,2514,1205,296
16.7697,11.9547,-27.7098,342,320,1206,1649,2120,2541,2540,2119,1672,763,343,1205
20.3925,10.752,-27.6475,1207,765,2098,322,1651,2121,1650,2074,2541,1674,766,321
21.2043,11.5669,-26.3872,1674,2097,1651,2121,2542,322,2074,2541,788,2564,2563,765
23.8045,9.98653,-27.5485,767,1208,2519,1651,2518,2542,1652,1184,323,2543,766,2075
27.2299,10.3093,-27.5681,768,1209,1653,2520,2566,2544,1652,1210,2076,346,2077,2519
-27.6299,13.4162,-27.6093,1211,2102,770,1631,1654,2545,2125,769,2521,1212,2079,325
-26.0981,14.0528,-27.4684,2101,1212,2126,1655,2546,2125,326,2079,2545,770,1213,1211
-23.0153,13.3253,-27.5641,327,1633,2546,748,1214,2547,1656,1213,772,1655,1189,2104
-21.2081,14.8168,-27.6546,328,794,1657,2570,2547,772,1656,2128,1214,795,2103,1658
-18.8727,14.0876,-26.7659,1658,2548,1216,2106,1657,2549,2129,329,2104,1682,2525,2128
-18.5717,12.6226,-27.8018,1215,329,2083,2525,773,2549,1216,2548,2105,750,1657,1634
-14.381,12.9596,-27.6018,1193,1659,1217,2550,2084,2108,330,2526,1661,1660,751,752
-12.6522,12.7367,-27.5863,2109,752,1193,2107,1194,2084,2551,1661,2085,2528,308,1217
-10.9437,12.633,-27.5833,1194,1662,2085,2108,1219,776,2551,1195,1218,752,1639,2528
-8.34784,14.2093,-27.5509,333,1663,1662,2575,777,1219,332,2552,2133,2553,776,2132
-5.30232,15.4755,-27.7832,1245,778,2554,2577,2133,1220,801,1244,1664,1663,1687,2576
-3.43725,13.7064,-28.0793,1221,779,778,1222,2554,2555,2088,335,2531,1664,2111,2578
-0.228284,14.549,-27.5574,1665,2579,2556,2555,803,1666,2578,780,1689,2089,1222,804
3.32701,14.5543,-27.5894,337,1667,1666,782,1248,2137,2557,1224,2138,804,781,805
6.05579,13.3705,-27.6297,1225,338,2558,2092,2557,1667,339,2535,1668,1669,782,783
8.41698,14.7599,-27.559,783,1693,2117,1692,2558,363,1669,1668,1226,2559,784,1249
9.92277,13.9139,-27.6733,1226,784,2559,2560,1670,2116,761,1693,1669,2093,1227,363
12.8581,13.9131,-27.5527,785,2561,1671,1670,1228,2560,1694,1227,1205,1229,1204,341
15.3882,13.3528,-27.1037,1205,1672,2561,2096,1229,342,1695,786,2539,2118,1671,763
18.2827,12.9918,-27.5492,343,787,2541,1672,1206,2121,1673,2096,2563,2562,765,342
20.0096,12.4573,-27.5688,788,2563,2097,787,765,2541,2120,1674,2098,2564,322,1231
23.1854,13.6634,-27.667,345,789,2565,1674,2564,369,2542,1675,1232,2145,2123,368
25.1832,12.7216,-27.8093,346,789,2543,2565,1233,323,1676,1652,2542,2566,1675,2122
28.1137,13.8313,-27.5638,347,1234,791,1676,2566,2591,324,1257,1233,2544,1700,1653
-27.4207,15.2919,-27.5415,349,770,2126,1654,2102,1677,2101,1678,326,1235,1212,2568
-25.6732,15.7052,-27.52,326,2127,2102,1678,2568,1236,2125,1655,1679,771,349,2546
-24.1573,16.4392,-27.5162,771,2126,1679,2569,1237,1656,350,2568,1236,1655,1704,2570
-20.0973,16.2992,-27.6674,795,1239,2570,2571,1658,328,2104,1680,2129,1238,794,1681
-18.2915,15.9795,-26.7401,1658,1681,1682,2571,2105,2128,1216,1239,796,2572,2130,352
-15.6328,16.7272,-27.5845,1240,1682,1707,354,353,1683,2572,1660,1681,2573,775,797
-12.1549,16.2204,-27.5442,331,1683,1242,2132,1684,798,2598,2574,2551,1661,2573,775
-10.5172,15.674,-27.9528,356,1218,1242,1662,2574,2131,332,2551,2575,2552,331,1685
-6.99113,15.5031,-27.5407,777,2111,2576,2575,801,1663,2110,1220,1243,1244,1686,2554
-4.60878,18.9161,-27.5845,358,2601,382,2158,1687,2157,1711,381,1244,2135,359,1710
-3.21856,17.9434,-26.3969,1687,2158,1688,2134,2577,2602,359,1664,2601,1712,1244,2578
-0.534832,17.2906,-27.5079,360,1688,2579,1246,2603,1247,2578,1689,825,1712,1269,2113
2.43893,16.0711,-27.4939,804,2138,1247,2114,1666,2580,1248,1690,2579,337,361,1689
4.12778,16.3478,-27.5902,2137,361,1691,1248,805,1667,2580,2114,1690,1715,2581,782
8.16641,18.3532,-27.7775,829,1250,2582,2606,806,1717,2140,828,1716,1692,2162,807
9.75181,17.4757,-27.5964,1250,2583,807,364,1717,1693,2164,2139,2141,1692,829,363
11.3782,16.5838,-27.626,1251,341,364,2583,2584,1694,2164,1693,1670,2140,365,784
14.4339,18.3172,-27.6022,1275,389,1252,2166,2584,2585,1718,1719,2143,1274,365,366
15.9464,17.289,-27.5791,809,2585,366,1253,1252,2166,1695,2586,2142,808,367,1275
21.0285,16.8305,-29,368,811,2588,1254,2587,1255,344,1698,1696,2145,1231,2168
22.5992,15.5704,-27.5695,368,369,1255,2589,2564,2122,2587,1698,345,1675,1699,2144
25.111,18.135,-27.7559,835,812,370,1722,2589,2147,2590,1278,1723,1699,2169,813
26.8322,17.4797,-27.5861,813,370,2590,2146,2170,2591,1256,1700,835,1723,790,371
-28.5277,19.6521,-27.5689,372,814,1701,2567,1725,2592,1702,1258,792,837,1259,348
-25.199,19.5879,-27.5102,1259,1703,1679,2593,2150,2592,1702,1704,815,793,373,816
-23.5435,20.4019,-27.5466,816,815,2174,1704,2149,2173,2593,2594,374,1703,1260,1282
-20.6533,20.5287,-27.4784,375,2594,2595,2174,1728,1705,1260,817,1261,398,1680,1284
-18.0954,19.1981,-27.746,1261,2596,1262,352,2572,1705,2595,2571,818,1706,2153,1238
-15.7777,19.609,-27.723,797,819,2597,2596,1262,1706,1263,2572,1707,820,2154,2152
-13.6887,19.5579,-27.6184,820,1241,1264,1707,2597,2155,378,2598,1263,2153,797,355
-11.9405,19.5338,-27.6044,378,355,1708,2154,379,821,2598,2599,1684,1264,1241,843
-8.5338,19.1355,-27.5915,800,1708,1266,1265,2600,1686,380,1685,1709,2157,799,357
-6.36835,18.8609,-27.6436,357,381,2600,2134,1244,1686,1710,380,2601,358,2156,1266
-2.88805,19.1217,-27.6419,383,359,2602,2134,2135,1712,1688,382,1711,825,1687,1268
-0.983116,20.7829,-26.6207,1268,1713,1712,2626,2602,406,2158,2603,383,2183,1269,1291
2.39738,19.4554,-27.7303,1270,1714,2604,826,2580,2161,2603,2605,1715,1713,1247,1737
3.24505,20.3769,-29,385,1270,2605,827,1714,386,2160,1737,2604,1715,826,1293
6.01146,19.5434,-27.773,386,828,2606,362,1271,1715,1716,2581,409,2605,2139,2582
9.63841,20.9861,-27.6287,388,2629,387,1717,1272,2188,2608,1273,2630,1716,829,2607
11.3216,18.3395,-27.5933,807,830,1251,2141,2140,2584,1273,1718,2607,1717,2583,364
12.8526,21.1951,-27.522,1741,411,1273,1742,1719,1718,2608,2188,1274,854,2189,412
16.0442,19.0511,-27.5941,1275,390,366,2143,2142,2609,1720,1253,1719,831,1252,810
19.3076,20.5488,-27.6577,1276,391,2611,833,2610,1721,1720,2191,1697,832,1277,810
21.4981,19.2517,-27.5623,811,2612,2611,1698,1277,2588,834,1721,1722,833,1697,2167
24.6561,20.6986,-27.73,1278,392,393,1279,2613,1722,2612,1723,2636,2193,2146,835
28.132,18.8152,-27.5549,394,813,2147,836,2614,1723,371,1700,1724,835,1256,2146
-28.5122,23.0959,-27.5568,395,1280,837,1725,2615,1281,2616,1304,1258,838,418,372
-25.1875,23.1819,-27.523,838,1282,1727,2173,2593,1281,2616,2639,1726,373,396,839
-23.6374,22.2488,-27.5146,374,1282,2174,1727,2593,2172,2150,2617,839,815,1726,398
-22.071,21.4932,-27.5422,1260,2151,374,2173,2617,2150,398,2594,1728,816,375,839
-19.0073,23.6929,-27.5852,1729,2618,399,841,840,2642,2619,1728,1284,865,1283,2617
-16.1305,22.5626,-27.5643,842,376,400,2619,1706,1729,1263,2620,1730,819,1285,841
-13.5653,24.4593,-27.7873,1753,1285,2621,401,1730,1286,2620,2644,2645,1731,423,424
-10.7597,24.5225,-28.0375,402,1287,868,2621,2622,1732,401,2645,1288,2202,1731,1755
-8.6543,22.5206,-27.6442,822,845,1732,1288,2180,2622,1709,1733,1266,844,403,823
-6.89409,22.1996,-27.6605,823,2623,845,846,1266,1710,1733,2179,2624,1734,822,1267
-3.09895,22.5868,-27.7804,1290,824,1291,1268,1735,2625,405,2182,2624,1711,2626,2602
-1.48325,23.5082,-27.8417,848,1291,2626,2625,405,1736,2206,849,2181,1735,1268,2183
0.969255,22.6763,-27.5862,1292,2626,384,2604,2184,849,1736,385,1713,2627,407,1737
1.80808,24.3272,-27.5837,407,2627,1292,1736,850,2183,2208,2207,874,1293,2651,849
4.89372,22.8314,-27.6934,1738,408,1271,2627,1737,827,2186,1293,2628,2651,1294,2605
6.74999,22.9317,-27.5818,408,1295,2629,1294,2628,2185,1739,1271,1738,409,1740,2630
9.96405,24.6309,-27.7638,410,877,2630,853,2631,2654,2653,1740,1739,1762,1296,433
11.0652,21.9501,-28.2116,387,411,854,2608,2631,2163,853,2630,1273,388,2165,1741
13.1115,23.7128,-27.7039,412,2631,1297,1296,2632,854,2212,2654,1742,2165,1741,2655
16.6311,24.3882,-27.6154,856,413,2633,1299,2655,2634,2632,2656,1743,2213,1298,414
19.6193,22.3621,-27.6288,1300,832,391,2634,1721,2167,2635,2610,1744,414,1276,415
22.0417,23.4699,-29,857,858,2635,1301,415,1300,2636,1744,439,1745,392,1721
24.9042,22.8389,-27.5662,1745,393,2613,2636,858,1302,2169,2216,859,1301,392,2637
29,23.757,-27.7693,1746,1303,2637,860,2660,441,417,859,1302,1770,2614,1724
-29,27.3683,-29,861,418,2638,419,1747,1748,2615,1304,2196,396,862,2616
-26.2919,26.2604,-27.8255,419,1748,396,2639,1305,2638,2616,1304,1749,2197,1726,418
-23.7148,26.5447,-27.7948,1305,863,397,1749,2198,2639,2640,421,1727,2196,420,1726
-21.9147,26.94,-27.5656,1750,421,863,2197,2640,2641,2199,1306,397,2618,1307,864
-20.1974,25.9815,-29,421,399,1307,1751,1750,2618,1283,2642,2198,2641,2640,840
-16.52,27.7982,-27.8071,866,1308,1309,1752,2643,422,1310,1751,423,2642,865,1307
-12.7424,27.8933,-27.9451,425,424,1310,2644,867,1754,2645,2202,2643,868,1309,1311
-10.4794,26.716,-27.578,426,868,2645,2203,1754,1755,2178,1287,424,2201,1311,2622
-9.37178,28.1179,-27.7655,869,426,1311,2202,1312,1755,1754,2646,870,868,425,1287
-6.20611,25.4676,-27.6093,404,1289,1313,1734,2205,2646,1733,847,1755,403,1756,2647
-4.42788,25.9216,-27.5982,1313,427,2648,1735,2204,847,1757,2647,1734,2206,1756,1289
-2.23472,25.1212,-27.7684,428,848,1735,2182,405,427,2648,2625,2649,2205,1736,872
1.02576,26.1727,-27.6817,872,874,873,2208,407,2649,2650,1736,2184,1759,1316,850
2.8932,25.8386,-27.5426,874,2651,1760,2184,2207,850,2650,2209,1316,2627,407,873
5.00845,26.5426,-27.6924,1317,851,2652,1760,2651,875,2628,1761,2208,1316,432,852
9.82626,28.1703,-27.758,1320,433,1319,2653,1763,1762,1318,2211,434,876,877,410
12.2863,27.1887,-27.6129,1763,1764,878,2212,2653,2654,434,436,877,2210,1320,435
13.3971,25.6627,-27.5942,436,2654,878,2655,1297,2211,2189,1296,1764,2632,1321,413
15.9563,26.0469,-29,2655,1322,2656,413,856,436,1321,2190,1765,437,1297,2212
18.297,27.9001,-27.9902,880,437,1323,2657,1322,1766,2656,1765,879,1743,438,881
20.9406,26.2493,-28.1105,857,1767,2657,438,439,1766,2658,1744,1743,437,1768,881
25.0454,25.0056,-27.8764,1745,416,440,859,2660,1301,2659,2193,1325,1302,441,858
27.0109,27.4032,-29,1769,441,440,1325,883,1770,1326,2660,859,2659,416,1303
-29,-27.4283,-26.5359,1771,2661,1327,2241,465,1772,1328,2684,884,442,1794,1350
-25.5863,-29,-27.5666,1,2662,885,444,1773,1328,1772,909,2663,2661,884,443
-21.9297,-27.4792,-26.2959,1329,1330,2687,2664,1352,1774,2221,2663,2,1797,1773,910
-19.9202,-27.4962,-26.4714,1775,1797,1330,2664,2222,2687,2688,2665,2220,1331,887,2245
-18.9632,-29,-26.5387,888,1331,2221,1775,2665,2664,1776,3,1330,1799,887,446
-14.7099,-28.0097,-26.2486,2246,1777,2667,2666,1333,2690,1332,2224,1776,1799,890,448
-12.3649,-27.4228,-26.1122,1778,2690,1333,2225,2667,2668,2247,890,2223,1779,2691,1334
-11.4663,-29,-26.0918,1334,890,2224,2667,1778,1779,2226,1333,449,2668,1777,7
-9.02837,-29,-27.5178,450,1334,1779,1780,7,2669,1335,1358,892,891,8,2225
-6.61276,-26.6503,-27.7945,892,474,451,2693,893,2250,1358,1359,1780,1803,2249,1336
-3.96048,-27.485,-26.3354,893,1337,2694,2671,2670,1804,1781,2250,2251,9,1336,1782
-1.16319,-29,-26.3513,895,1782,2671,1783,1338,2672,453,1337,1361,2695,10,1339
2.57609,-29,-26.1333,1784,2231,1339,2672,2674,921,2673,1340,455,1361,895,1785
3.21358,-27.4053,-26.1774,921,2230,2674,2253,2697,1340,2673,1784,1339,1806,1807,897
6.90385,-29,-27.5556,898,1786,14,1785,2233,1342,2254,1341,2675,13,899,2674
8.0233,-29,-26.2417,1342,2232,2675,2676,2677,1786,1787,14,2254,1785,899,1365
11.072,-27.5577,-26.4724,1343,2256,1787,2677,1788,2700,900,2676,2235,1810,15,1365
13.4887,-27.5437,-26.689,1811,1343,1810,1344,2678,1788,1367,2701,16,2234,2236,925
15.3482,-29,-27.5488,460,2679,902,1811,1789,1344,1345,2678,901,2235,16,17
18.4942,-29,-26.5035,1345,1790,903,2679,2238,2703,2680,461,1789,1346,17,18
19.6798,-27.496,-26.4708,903,1346,927,2680,2237,2704,1790,2703,1791,2259,18,1812
23.9291,-29,-27.5652,463,19,2681,2682,1792,1793,1348,905,20,906,462,1791
26.8521,-27.7113,-27.6773,1793,1372,906,464,1349,2263,487,2683,21,1348,907,2682
-27.0561,-26.4769,-26.3891,1328,1350,1771,2684,1795,2685,2661,2242,2218,0,885,2662
-25.0657,-26.4492,-26.2463,1795,910,885,2663,2685,2241,2686,1328,1376,1329,2662,24
-22.0153,-24.5117,-26.4338,1796,1820,1353,2687,2686,1352,2710,2244,1377,911,2267,910
-19.9618,-24.2535,-26.2798,1353,1821,1798,2711,2688,2687,2243,1354,2267,1820,1797,26
-17.9117,-26.1834,-27.6861,912,913,1799,27,2689,2688,1798,1775,1379,2665,1355,446
-15.0619,-27.1533,-27.6439,448,447,2223,28,1355,1333,2666,1799,1800,1332,1777,2690
-12.5478,-26.0239,-27.6668,471,472,2691,1333,1801,1778,2668,1800,2690,1356,6,2224
-10.693,-24.2399,-26.3078,1801,1802,1382,2715,2691,2692,2668,2714,1825,940,915,1357
-8.13778,-25.2551,-27.6374,1803,473,31,2692,1358,2272,2693,1802,474,2227,1357,917
-5.3438,-25.7089,-27.0501,1804,1803,2227,2716,1827,893,2693,1359,2694,32,2228,918
-2.15423,-26.2469,-27.6016,1360,2695,476,919,1338,1337,918,2694,1805,1804,33,10
-0.355995,-24.6257,-26.2636,920,919,1829,2695,1805,2696,1386,1806,34,2275,2251,1783
2.93341,-25.7418,-26.639,1362,1807,2231,921,1806,2697,2673,2696,2277,1340,12,478
5.9949,-27.2877,-27.5756,13,1341,1340,1364,2675,922,1785,1786,2232,2698,2697,1808
7.06834,-24.3869,-26.4231,1831,1809,2698,2721,1808,2699,2278,1364,2722,947,37,1388
11.0165,-26.3546,-27.71,38,39,2700,1366,2234,1787,481,1343,1810,924,15,1365
13.4691,-24.5097,-27.6378,482,40,949,1367,2701,2281,1366,1810,2724,63,1392,925
16.2201,-25.8981,-27.5438,1368,926,1789,1812,1367,1392,2702,1369,2678,483,901,2703
18.9628,-25.5278,-26.2984,1812,1813,927,2704,2703,2238,2283,1370,1369,903,42,484
21.3515,-23.9191,-26.3321,1370,952,2727,1814,2284,2285,2704,2261,2726,66,1813,1347
23.7022,-24.8571,-26.4322,1814,1371,2262,2705,1815,2286,2285,2260,929,486,1347,952
25.1636,-24.8681,-27.4098,1372,1396,486,1815,2286,2261,1371,2705,44,930,2706,2729
27.8997,-26.359,-27.6403,1816,907,2240,487,1372,931,1373,2706,464,44,1349,906
-29,-23.5248,-26.2077,1817,2684,2707,1794,1351,2265,932,1374,1375,1350,488,2685
-26.5167,-22.8099,-26.2411,1351,1818,1375,2708,2707,2709,2685,2684,1399,1376,1817,2264
-22.2258,-21.4558,-27.6413,491,934,2733,2710,2267,935,1819,959,1378,1820,958,1377
-20.9657,-22.0823,-26.6622,2266,1378,1821,1820,2711,2710,2268,935,959,2244,2733,492
-18.8666,-21.6241,-27.5847,936,515,1354,2292,2711,1378,492,1845,1821,1822,2267,961
-16.3077,-21.7175,-26.3854,1845,1822,1823,2293,2712,2713,1403,2270,493,1354,2268,1380
-14.2914,-23.3294,-26.4543,1824,1823,1380,938,2714,2713,2691,2712,1800,494,2269,2271
-12.7422,-21.209,-26.3836,1381,2294,963,2713,938,1825,2714,2736,2270,939,52,2737
-7.92973,-23.5498,-27.5921,1383,31,917,2249,54,1826,2715,1802,1803,940,30,941
-6.41132,-21.7507,-26.3881,1384,1383,1407,1826,2274,2738,2297,2716,1851,941,2272,942
-4.56382,-21.5262,-26.4493,1384,2718,2740,942,1851,2273,966,2717,56,1826,1407,1852
-0.732103,-21.9017,-26.4251,1385,1829,1852,944,1386,2276,1409,2718,943,1828,2299,2719
0.556687,-20.6722,-26.5324,1410,1830,2275,944,1409,2719,2299,1854,2300,1829,82,2742
3.28392,-23.5037,-26.6294,1362,2720,1363,945,2278,2719,2696,1387,1807,2253,59,1388
5.21752,-23.8139,-26.7596,1808,1363,1388,1807,1831,2277,2255,2721,2720,946,2698,479
8.04167,-21.2982,-26.4156,1832,1856,1389,947,2721,2744,2302,2723,2722,503,2303,1855
10.9605,-23.7136,-26.4733,1390,1366,2281,924,2722,2723,2700,1833,504,2724,480,2257
12.3212,-23.2336,-27.5551,504,1833,1366,63,2257,1834,2724,2280,949,1390,1391,482
14.9809,-21.1613,-26.283,950,1415,2305,974,1835,1834,2724,949,2306,1393,2725,88
18.0209,-23.548,-26.3347,1836,1369,1813,1393,2725,2726,2259,2284,1835,1812,65,1394
20.18,-23.0031,-27.6055,66,2726,1836,507,1370,952,2727,1394,1837,1813,2260,508
23.035,-22.8816,-26.5783,1371,952,1838,2727,1395,2286,2260,2261,2728,2308,1814,67
24.9363,-23.3074,-26.6427,1371,1839,2262,2729,1396,2728,1838,2285,2261,953,486,2706
27.5386,-22.4057,-27.7528,510,2729,955,1397,68,1840,1839,954,69,1396,2706,45
-29,-18.3864,-26.1767,1865,1398,2730,2754,1841,2731,1866,956,2289,980,1374,511
-27.309,-20.1382,-27.6289,511,489,2730,2708,1842,1375,1841,512,1399,1398,1374,70
-24.2197,-19.9937,-27.6514,958,1400,1819,2732,1844,72,1399,1843,2733,1842,512,513
-19.9248,-18.9507,-27.5951,2292,2315,514,1401,959,2734,960,984,1402,1378,74,73
-18.6135,-19.9397,-27.6005,2291,1845,515,960,2268,2735,961,1402,1846,1378,514,2734
-15.9116,-19.9567,-26.3466,1403,2317,1846,2269,2713,1847,1845,2735,2736,2294,516,1823
-13.6896,-20.3989,-27.6352,962,963,52,2713,2736,2271,517,938,1403,1847,1404,51
-9.95541,-19.9601,-26.5029,939,1405,1849,2296,1825,2738,963,2737,518,940,964,1406
-9.12466,-18.735,-27.5506,1406,1405,964,78,1428,1873,1849,2295,519,518,2762,543
-6.52904,-19.4392,-26.1864,1850,1407,1406,2738,2273,2739,1851,989,79,2274,2740,2298
-4.02633,-18.7854,-27.5543,521,1851,1431,2740,2739,1408,2741,965,1850,1874,80,966
-0.860569,-19.2806,-26.7908,1853,1409,1410,2300,1852,1408,2276,2741,522,2323,967,105
0.619744,-18.3533,-26.5466,1432,1410,2323,2299,1854,2766,2276,2767,968,1853,105,2743
4.55306,-20.8107,-27.4571,970,2742,2720,1388,1855,2744,1411,969,945,84,60,501
7.1552,-19.1874,-26.3778,1856,1412,971,1855,2326,2745,2279,2744,2303,1389,108,1411
9.39825,-19.3753,-27.5389,1857,1413,1856,971,2328,2746,972,1832,86,2745,1414,526
12.4973,-20.2583,-27.5644,973,1833,527,2747,1858,1857,1834,1415,1414,1391,87,2305
14.4479,-19.3766,-26.4235,1859,1858,1415,2282,974,2747,2748,2304,528,1881,1416,1882
17.3305,-19.8451,-26.4751,1860,1416,1417,974,2725,2748,2749,2307,89,2282,530,2331
19.0529,-20.8594,-27.7227,530,951,976,1837,2726,1860,1417,2750,1836,507,1861,2725
22.9295,-20.7796,-26.2499,2309,1395,2728,2751,1418,2727,2285,1838,1419,2750,1837,509
23.32,-19.9825,-27.6992,532,1418,977,2308,1419,509,2751,1395,1863,2310,91,1838
23.3318,-18.0288,-27.8323,115,977,1863,2751,114,1885,2776,1862,1442,533,2309,532
28.6629,-19.7075,-27.5596,534,2753,1840,979,1864,1887,954,510,93,2752,1420,2287
-28.9697,-14.8556,-26.1746,980,1445,2778,2754,1421,2779,2755,1866,1888,94,1865,1004
-25.8789,-17.4125,-27.5954,95,957,1866,1843,2731,1423,71,1422,1842,1841,981,2755
-23.8583,-17.3406,-26.2254,982,1843,1423,2756,1867,1844,2313,2731,2732,2315,71,513
-21.3612,-18.0905,-27.547,2291,982,538,1844,1424,1401,984,73,959,514,513,2734
-17.4727,-17.349,-26.3441,985,1402,1869,2758,2735,2317,2734,2759,1870,1868,1846,984
-15.7522,-18.2255,-26.4702,1847,985,2759,2293,1846,1871,2316,2736,2735,99,2318,1402
-13.2706,-17.3944,-26.4813,1427,1404,1871,2736,1848,2737,2760,2759,2761,100,2317,1847
-9.17892,-15.7595,-27.5641,1429,988,1453,1873,1428,2762,1896,543,2320,2786,1872,567
-7.3267,-15.801,-27.5432,1896,102,1873,989,1430,2787,2763,1429,568,2319,103,1454
-4.68564,-16.1649,-27.5182,1875,1430,1874,103,2739,2764,2763,545,1431,990,1897,989
-1.73692,-16.3854,-27.6285,2765,104,991,1853,570,2324,1431,1875,2323,1876,105,2764
-0.180537,-17.208,-27.5934,105,2766,992,1853,1432,2324,2300,2322,991,1877,968,2299
-0.27921,-15.4715,-27.5474,991,1457,2322,547,1877,2323,1876,2789,2766,2348,546,2765
4.07994,-17.2157,-26.2172,1434,1433,2768,2743,2767,1878,1411,1879,1412,548,1435,1854
7.24136,-17.2888,-26.5248,1435,1412,971,2327,2769,2745,2302,1879,1436,1434,2770,108
8.4545,-16.7178,-27.706,995,971,1436,2770,526,2769,2326,2328,2745,1880,550,1435
9.94538,-17.755,-27.7516,526,1437,996,2745,2303,1414,972,2770,2327,550,2746,971
13.5209,-16.0115,-26.3599,997,1882,1462,2771,2772,1881,1904,1438,576,1437,552,551
16.4479,-14.9935,-26.2282,1438,1905,1883,2796,2772,2773,2353,1439,1906,2354,553,1462
17.9246,-17.3681,-27.646,113,975,112,1416,2773,1884,2749,1440,1439,1883,1417,90
20.6079,-17.6967,-26.2514,1862,1884,1441,2774,2749,1861,2751,2775,1440,1418,2750,1000
24.2402,-15.4781,-27.5289,556,2357,1442,1001,2776,1885,2358,1886,1024,2800,115,2356
26.1696,-17.4577,-26.758,1442,1443,1420,2753,1886,2752,1863,2777,1002,2800,2776,93
29,-15.8645,-27.5691,1444,558,1443,1003,2777,1909,1887,116,582,93,1886,2753
-27.4463,-12.1494,-26.1661,1888,1910,2802,2778,2801,2779,2337,1004,1470,2360,1889,1445
-25.698,-12.69,-26.288,1470,1005,1889,2336,2779,2780,2802,1888,2361,1910,1912,560
-23.0899,-13.491,-27.744,562,1890,1005,1006,1447,1448,2781,2780,1913,561,1867,1912
-20.4647,-13.712,-27.5756,1890,1891,120,97,2781,2363,2340,1007,2757,563,1448,2782
-19.2982,-14.3289,-26.4265,1449,1891,2339,1007,1892,2757,1868,2758,2782,563,1869,2781
-15.9614,-11.6465,-27.8242,146,122,1008,1916,2783,2806,1031,588,2365,1009,1915,1450
-13.8246,-13.3238,-26.4042,1893,1894,1451,1916,2785,2783,2760,2784,1452,123,1426,1917
-10.7082,-12.4201,-27.5223,124,1917,1895,2785,1452,1918,2808,566,590,1453,1894,1011
-8.54322,-12.0726,-26.2882,1477,1918,1895,2809,1919,2345,2786,2343,2808,1011,1896,1454
-6.31404,-12.4555,-26.4708,1454,1478,1455,1477,2810,2787,2788,2344,1012,1919,1920,1897
-2.95869,-12.8961,-27.7433,1013,1014,127,1898,1479,1920,2788,1456,593,1897,1876,1455
0.177382,-12.6937,-26.4451,1899,1480,1456,2789,1457,2790,2348,2371,571,2372,1458,1922
1.02433,-14.6806,-26.4852,1458,1457,1877,2766,2789,2324,2790,2347,2767,547,1899,1878
3.9509,-14.2286,-27.5749,993,1900,2768,1901,1016,1458,130,2791,1878,1459,2350,129
5.59853,-13.8233,-26.581,1901,1459,1460,1879,2791,2349,1902,2768,2792,130,574,1924
8.37395,-13.2053,-27.6254,1018,132,2374,2793,2792,1902,1461,1460,131,1880,1925,575
10.6855,-15.1719,-27.7476,109,575,2770,133,1461,2771,1437,1880,576,550,2794,997
15.0261,-13.5693,-27.5846,1462,1463,1021,2354,2795,1905,1020,134,1438,1043,600,1904
16.1833,-12.5524,-26.9086,1929,2353,1905,1464,2795,2378,1043,2796,578,1463,600,2330
19.4879,-13.0234,-27.5693,136,1906,1464,135,2797,2379,1022,1488,1465,1907,2796,1045
22.1348,-14.7469,-27.8238,1023,555,1001,2775,2357,1907,1885,2798,137,1465,1441,2333
23.6406,-13.9222,-27.7715,1024,137,2333,1466,2799,2356,2798,1001,581,2358,1908,1907
25.5149,-14.0992,-27.5962,1024,2800,138,557,1467,1908,2333,1886,2357,2799,1909,556
28.5857,-12.3443,-27.5617,139,1468,2382,1003,1467,1933,1025,582,1048,1909,2823,558
-27.8623,-9.73412,-26.3948,1911,1492,1469,2802,2801,1910,2383,2336,1050,2384,1026,141
-25.2892,-10.3647,-27.6064,1028,1912,584,2802,2384,1911,1471,1470,1027,142,2803,1910
-22.2164,-10.0489,-27.6311,586,143,585,2804,2803,2386,1471,1913,1494,1472,1912,1029
-20.6036,-11.9708,-27.6333,120,1029,144,2782,2804,2339,1913,1473,1472,2781,1891,121
-17.407,-9.52578,-26.4174,1031,1915,1938,1030,2805,2806,1914,2388,609,1473,2365,2341
-14.9554,-10.468,-27.0794,1915,1475,1916,2341,1474,2806,2807,1032,146,588,2388,1031
-11.9335,-9.62636,-27.521,1476,612,1475,1940,1941,1033,1917,2807,589,2808,2367,2830
-10.1312,-8.9849,-26.8093,1476,1941,1499,2809,1034,2831,2808,2391,2366,1057,612,1918
-7.37866,-9.0531,-26.4838,1035,2391,1034,1943,1919,2810,2809,2392,149,2832,1058,2367
-4.97086,-10.0385,-27.653,1036,592,1035,2811,1501,1478,1920,2810,150,2370,2392,569
-3.15895,-9.92137,-27.6018,151,1036,1945,1920,1501,2812,2811,2393,2369,1921,1479,615
-0.190339,-10.1731,-26.4252,1480,1037,1921,1922,2812,2813,2836,2347,1479,152,1946,2394
2.33269,-11.2955,-27.3831,1900,1922,1481,1899,1039,1038,572,2790,1923,2813,594,595
6.27393,-9.21444,-27.3188,1482,1040,1483,1064,1505,2815,2839,2838,2814,1924,619,597
7.87236,-11.5658,-27.6249,155,131,2815,2351,2792,1483,596,1460,2375,1925,1924,132
9.22467,-10.3175,-27.5744,1483,1041,1925,155,1926,2816,2374,1950,156,1484,2839,2815
12.2289,-9.62312,-27.5614,157,2399,1484,1927,1951,598,1952,1485,1926,2377,2817,1042
13.8148,-10.2471,-26.6997,1927,1485,1928,1043,2818,1952,2376,2817,158,157,2795,2819
17.6763,-11.3887,-26.5139,1488,1464,1929,2819,1487,2820,2354,2796,1044,2355,2842,578
20.6461,-11.699,-27.5376,1907,1045,1930,1046,2355,580,1488,136,160,2797,1466,2820
23.0023,-9.96146,-26.5595,1046,1512,2403,1489,1931,2822,602,1466,161,1932,2821,2404
25.8368,-11.6428,-26.3443,1908,1932,1933,2799,1489,1467,1047,2822,2823,2358,138,2359
29,-10.6425,-27.535,1468,163,2359,1491,2823,1048,1933,1025,604,139,1072,2405
-27.6585,-7.5212,-26.5243,1050,2848,1492,1934,2824,2825,2360,2849,164,1911,2384,141
-25.4473,-8.76272,-27.0556,1935,1050,2361,1911,1471,1027,2825,2802,606,1051,2383,1028
-23.3187,-7.30226,-26.2678,1935,1936,1494,2826,1493,2827,2850,1471,1052,2825,2384,2386
-21.1491,-8.84486,-26.9588,1495,1494,1472,2362,1052,167,2804,1937,586,1914,2805,585
-18.7248,-7.03824,-27.6994,1496,1495,1053,1937,608,2828,1963,2805,1939,1938,1517,191
-15.6249,-8.39186,-26.3783,1497,1915,1474,2829,2364,1938,2365,2807,2389,1939,169,2806
-14.036,-6.8668,-27.5457,1940,610,635,1497,1498,1964,1965,1055,2829,1474,2830,611
-10.3625,-6.31735,-27.753,1521,1499,2831,171,194,1056,170,1966,1942,1941,1498,2855
-8.63459,-7.823,-26.349,1499,1943,2368,2832,2831,2367,1034,1942,2809,613,2390,2415
-5.44937,-8.73839,-26.4611,1035,1501,1944,1058,2810,2369,2368,2811,2393,1943,150,2833
-3.2354,-8.80667,-26.2063,1945,1501,2370,2811,1944,2812,2392,2835,1059,2369,1921,615
-0.902382,-7.68849,-27.63,1037,1945,616,2835,2418,1503,1061,1060,2836,1921,174,1502
0.510664,-5.88952,-26.2956,2418,1971,1503,1525,2837,2836,2859,1947,2417,2394,617,2835
4.28603,-6.94361,-26.5353,2419,1505,1062,1948,2838,1947,2861,2837,177,2420,1504,642
7.65374,-6.95287,-26.1925,1064,1506,1949,2839,1973,1950,2840,1974,1505,2861,178,2373
10.2162,-7.30046,-27.6115,2399,179,1506,1065,2840,620,1975,1950,1507,1926,180,202
11.7494,-7.98112,-27.559,2398,1508,2376,1926,1951,180,1065,1507,1952,2840,598,1485
16.2447,-7.6351,-26.5165,1067,1509,2843,1953,2818,2842,2401,2819,182,1976,1928,2402
17.6859,-7.55992,-27.8423,1068,206,182,2842,2843,1509,159,2402,1067,1510,1954,2400
19.0981,-7.36862,-26.7501,1954,1510,1955,2401,2844,2842,2821,2843,1979,1068,624,2820
23.0636,-8.28323,-27.1652,1511,1512,2404,1931,2845,2380,626,1956,2822,625,602,184
24.6018,-7.7771,-27.6449,1070,185,2403,1957,1490,2822,1512,2846,626,1956,1071,2845
27.5729,-7.93988,-27.5074,1490,1958,186,1491,604,1513,2846,2823,2847,1072,1071,628
-28.5105,-4.36058,-26.2386,1959,1514,1960,2429,2824,2407,2849,2848,1983,187,1934,629
-26.8971,-3.41639,-26.2223,1515,1983,1960,2406,2429,2849,2872,1074,2408,2430,1514,1073
-24.6504,-4.26583,-26.7932,1074,1539,2850,1516,1515,1493,2826,1961,630,189,2849,2407
-20.0446,-4.81498,-26.4722,2410,1517,2851,2827,1963,1962,1076,1937,2874,2828,633,191
-19.5018,-3.9909,-27.8526,191,1077,2409,213,1076,2852,633,2874,1963,1517,1541,1518
-16.697,-4.94712,-27.5395,1964,1939,2852,1519,1518,1963,168,634,2853,2829,2828,1496
-13.4637,-3.76041,-26.4557,1520,2413,1543,1965,2853,2854,2877,193,1988,1964,1521,1519
-12.2336,-3.63953,-27.6817,1543,1521,636,2412,193,1079,1103,1965,216,2854,1989,1520
-8.63403,-3.27847,-27.6316,1080,1990,1081,2879,1966,2856,218,1967,1522,1103,637,217
-6.64034,-6.1242,-27.6723,1500,614,2833,2832,2857,195,1943,1967,1058,1942,1082,172
-4.73076,-4.50553,-26.4477,2857,1968,2858,2834,2833,1524,1082,638,2415,1522,1969,1944
-1.8313,-5.07407,-26.6371,1083,2418,1502,2834,2835,2858,2859,1524,1525,1969,2395,640
-0.649984,-5.99753,-27.5358,1525,1502,616,1503,2395,2394,1084,2417,2835,617,1083,1971
3.42888,-5.90214,-27.5608,642,1947,1527,2396,1948,2420,2837,1085,1971,1504,1062,177
4.38068,-4.45874,-27.4955,1972,1948,1086,1527,2419,1996,200,2861,642,1528,2860,2441
8.75048,-3.61597,-26.4826,1529,1087,1552,1974,2863,1973,644,2862,1975,1997,1998,667
11.2267,-2.4235,-27.5052,645,226,1554,1553,1529,1999,1530,1089,2444,667,2863,2864
13.0701,-5.05816,-27.7848,203,1066,1976,2864,2841,621,1530,204,1531,1507,2865,1554
15.7515,-4.75017,-27.4705,1531,1091,205,1976,1532,1067,1090,2865,204,647,1977,2843
18.9768,-2.90568,-26.4219,1533,1977,2866,1978,2447,1556,2448,2867,2002,648,1115,1114
21.3245,-4.23984,-27.8,1115,2868,649,1093,207,2867,208,1534,1978,1979,1533,2449
24.0158,-3.56839,-26.5678,2449,1534,1535,2869,2428,1980,1094,1558,2868,1956,1116,208
25.8282,-3.72931,-26.5783,1981,2450,1535,1980,2427,2869,209,2004,1957,673,1536,1094
-28.545,-2.52762,-26.2263,1514,1096,1983,2871,2406,2407,2872,1960,1537,652,1982,1073
-25.7691,-1.66796,-27.6159,1097,2872,211,654,2431,1515,1538,1539,1537,1983,653,1984
-24.134,-1.13017,-27.59,2454,1098,1539,654,2430,2873,1985,1984,1538,1540,1075,1961
-21.1144,-0.666518,-26.7609,1099,1564,1985,1540,1986,2874,655,656,2873,212,1076,1121
-17.6678,-0.468077,-27.545,2011,1986,1987,1100,1541,1122,1542,237,2876,214,215,2875
-14.4156,0.506837,-27.0507,1101,1542,1566,2013,2012,2435,1124,238,2876,2877,1988,1102
-13.1288,-0.740865,-27.3891,1102,1543,2013,1101,2436,2877,2434,1989,658,1988,216,1124
-11.675,-0.170936,-26.6495,1544,2435,1125,2013,1989,2878,2459,659,239,1102,2877,2434
-7.33008,0.0434374,-26.316,1991,1569,1545,2438,2016,2879,2014,684,1104,2015,1992,683
-5.58978,-0.658653,-26.377,1105,1992,2016,1991,2437,1547,2462,1546,2879,1570,1569,242
-1.43871,-0.573222,-26.4612,1106,1548,1993,1107,2440,2462,663,2463,1970,1571,221,1547
0.178744,-1.56119,-26.3436,1107,1970,1994,2439,1106,2859,2019,1526,221,664,222,1548
3.19305,-2.7221,-27.6008,199,665,1996,1995,2860,1550,1527,1526,1086,1549,1994,1972
5.44972,0.38888,-26.4066,1551,1574,1131,2466,1132,2465,1550,246,2443,223,245,2022
7.78641,-0.598327,-27.5432,666,1132,1133,1552,1998,1997,1110,1551,689,2022,224,1553
11.1791,-0.410472,-27.2031,1553,1577,1999,2023,1111,2422,225,226,1133,1998,2468,2445
13.4265,-1.80122,-26.4246,1999,1555,1554,2000,2422,1531,2864,1112,2023,2444,1089,646
15.7403,0.346561,-27.5865,1135,227,2001,2000,2025,693,692,1578,2470,1113,2469,668
17.1036,-2.34778,-26.4119,1532,1556,2001,1977,2425,2025,228,2866,1555,2424,669,1113
20.6386,-1.79371,-26.5074,1533,1115,2002,2003,2425,671,1580,2867,1556,2426,207,1978
23.2028,-2.63952,-27.7576,230,1116,1115,2427,208,1558,1534,1535,1094,2003,2426,1980
26.8293,-2.8194,-27.6893,232,1536,673,2428,1981,1535,2004,2451,209,1560,1980,2005
28.5937,-2.25995,-27.5248,1560,2005,674,232,2450,1536,1095,1117,2004,2870,1140,1981
-28.4971,1.10296,-26.1625,2006,2007,1982,2871,1118,1537,1561,1584,1562,1096,676,675
-25.0479,1.676,-26.3682,1562,1120,2454,2008,1538,2476,1119,2007,1143,1118,234,2477
-24.0634,0.395208,-27.0745,2431,1120,1538,2453,1540,1984,677,1098,1119,1563,1562,1985
-20.5184,2.51011,-27.5718,2010,678,1563,2009,259,1564,2034,236,1121,2033,2479,1145
-17.8741,2.32641,-26.3445,2010,1565,2011,2457,2479,2012,260,679,2035,2455,1123,2433
-15.9815,2.88391,-26.3128,1565,2480,2012,2456,2035,2011,1566,680,2479,2458,2036,1123
-13.0917,3.02498,-26.3933,1147,1566,1567,2481,2480,2013,1591,262,2036,2457,2434,1148
-10.2226,1.65812,-26.1989,1125,2014,1568,2436,1544,2460,1567,240,682,2013,1545,1591
-8.39708,2.63476,-27.5626,1593,1569,264,2014,1126,1592,241,1568,2015,683,263,2459
-4.93327,2.96524,-26.6094,2039,1570,2017,2015,2484,2040,1127,2016,1128,1571,2462,1593
-3.36683,0.633942,-26.4475,1571,1105,1993,1570,2439,1548,685,2438,2017,1547,2016,2461
-0.406498,1.8283,-26.4621,2018,1572,1548,2485,2042,244,2439,1571,1107,1129,686,2019
2.26437,2.98011,-27.5531,1130,1573,269,1153,1597,2043,2042,2020,2018,2465,1596,1154
3.80027,1.54994,-26.5536,2020,1131,1573,1574,2442,2464,245,269,2466,1995,2019,688
6.53297,1.92944,-26.404,2021,1132,1574,2442,2022,2488,1576,1575,2465,2020,1599,1551
9.77397,2.22332,-27.5218,1577,690,1156,1576,1600,248,2468,714,2022,1133,2490,272
11.2795,1.83133,-26.601,1577,1134,1600,2467,2023,2444,248,691,2490,1133,2491,1157
15.0088,2.32528,-26.2897,1135,2024,1578,1602,2492,2446,1134,716,2470,2048,692,1159
17.4528,1.55031,-27.47,2025,1579,1159,1135,2471,2026,693,250,2446,670,1136,1602
19.0643,0.791818,-27.6551,2002,670,251,2026,2470,2025,1580,1579,229,1581,1114,1556
22.7425,0.420062,-27.602,1138,2003,2473,672,2027,1557,1582,1580,1558,252,230,253
23.8407,1.60818,-26.9299,1582,1139,2027,2472,2028,253,1138,695,1161,1558,672,696
27.4389,2.05765,-27.534,255,1583,1559,2029,2028,2496,254,697,2053,696,278,2005
-28.3983,5.29308,-27.5643,256,1608,1584,1141,698,2030,2031,724,1142,2055,1118,699
-25.773,4.13503,-26.3592,2030,2008,1585,2056,2477,1118,2031,2453,1562,699,1143,257
-23.9363,4.52807,-26.3575,1143,1585,2032,2476,2056,2008,1610,2009,258,700,1120,701
-21.1985,5.44972,-27.5393,726,1587,2034,2009,1144,2032,1586,2033,2058,1167,701,1145
-18.3403,3.87757,-27.5248,260,2034,1588,1565,2010,1145,703,2456,2035,259,2058,2455
-15.0044,3.42342,-27.6232,1146,1566,681,2457,2035,2036,680,2012,1147,1565,2458,1589
-12.9088,4.98236,-26.7273,1147,2060,1590,2036,2458,1591,704,2061,2482,261,2480,1567
-10.2492,4.98023,-26.4134,2037,1591,1592,2061,2038,1590,1149,1568,705,2481,706,263
-7.37612,6.49803,-26.466,1617,1149,1150,2062,2038,2506,732,1593,1594,2063,2037,1173
-4.11797,4.66058,-27.6464,2017,2039,1151,1594,266,2041,2040,708,1595,2461,1150,1618
-0.950472,3.57916,-26.4612,1152,1572,1595,2463,2042,2486,710,2065,2043,244,2017,1596
0.324562,5.08755,-26.4028,1152,2509,2043,2487,2485,2065,2042,268,2508,1596,1595,1620
2.23519,5.29483,-26.4331,2066,2043,1597,2486,2509,2067,2464,711,712,1153,1176,2042
6.23247,4.13946,-26.3957,1599,2044,2021,1598,2466,1155,2489,2020,2067,1156,2045,713
8.71798,5.06476,-26.4999,2045,1156,2490,2046,2513,2512,1599,271,2488,294,1623,1598
10.3711,4.32258,-26.5433,1600,2046,2489,2047,1156,2513,2467,272,2491,2468,714,739
12.7156,4.0795,-27.5628,2048,715,1600,2047,1157,1601,2024,1134,273,272,249,2490
15.3573,4.46923,-26.2797,1602,2048,2049,2469,2024,1158,2493,717,1159,1135,2491,716
17.6066,4.91503,-27.5946,1603,1159,274,2049,275,2050,718,1602,1136,1627,2073,2516
20.2508,4.83485,-26.5153,2073,1604,2050,2495,2051,1160,2493,2026,1581,1628,1603,1137
22.0798,4.66378,-26.4164,1161,2051,2494,1604,2052,719,2027,1605,2073,1628,720,276
26.2059,3.46377,-27.5831,721,254,2028,1606,1139,2474,1162,1605,2053,255,277,2497
27.8109,5.3787,-26.5707,2053,1607,1606,1630,1163,2496,722,721,2077,301,1629,278
-29,7.87482,-26.149,2054,1608,2055,1632,723,2078,2475,1164,2031,279,1141,724
-25.6257,7.29338,-27.5658,1609,280,2031,1610,2056,1165,2055,725,2500,724,1585,1632
-23.6702,8.16086,-27.6158,725,1611,281,1610,1586,1609,747,1166,2057,2499,2080,1167
-20.4589,8.36057,-26.4265,2082,1587,2057,1612,2524,282,1586,727,2058,1167,306,1635
-17.7329,8.82885,-27.7284,1191,1612,1635,1613,1636,283,2059,1168,306,2082,307,2083
-14.8123,7.11726,-27.4032,2060,1614,1169,284,2504,2059,729,2036,261,1589,1168,2527
-13.5281,8.27499,-27.5312,1637,729,2503,1170,1169,1615,2060,285,2527,1638,730,2059
-9.71866,9.09581,-26.7536,2086,2529,1616,1638,1639,2062,731,2506,2061,286,310,2085
-7.35507,8.48238,-26.5793,2086,1617,2087,2062,2483,2530,2505,287,2063,1196,288,2507
-4.5604,9.1127,-26.6216,2063,1641,1197,2087,2532,2064,1618,312,311,2506,1198,288
-1.00224,7.55289,-26.3181,1620,1619,2064,2065,1175,2509,267,1618,1199,2486,290,2041
0.899123,6.22789,-27.5775,735,2486,2043,711,1176,268,1620,2066,2065,2487,1152,736
4.59362,7.63225,-27.5352,1177,1622,2511,2067,1621,292,1644,737,2066,2068,1598,736
5.93937,8.74317,-27.5067,2068,1644,1622,1645,2069,2510,1178,759,737,760,292,2534
8.05423,6.93191,-26.406,1623,2045,2068,2513,2489,2069,2537,1598,293,1624,294,1599
9.83141,6.49393,-27.1264,2046,1623,2070,2489,2512,2045,294,1624,2047,739,1179,2490
13.5301,9.05104,-26.917,2071,2538,1625,1648,2515,740,2539,2095,2094,296,1649,1158
15.1929,7.69923,-26.7686,1158,2072,2071,1627,2514,2516,1626,1625,296,2049,741,1182
17.389,7.12956,-26.3376,1627,1603,1182,2515,2072,2493,2049,2517,297,718,2073,2540
19.6134,7.72152,-27.5746,742,1183,1182,2073,2074,1628,298,1650,1603,743,297,1207
22.5164,8.76959,-27.5183,1184,2075,2074,2099,1651,766,299,1628,1208,2519,1183,300
25,8.71795,-27.5969,300,2099,2076,767,2520,1629,2075,1652,1184,1185,2518,1209
26.8211,8.53117,-27.5334,2076,1630,745,2077,2100,2519,768,1185,1209,1629,1186,300
-27.5819,11.446,-27.6863,1187,1211,2078,1188,1631,2545,325,302,2101,1632,2079,279
-24.9292,11.5275,-26.4678,2079,2080,1633,1188,2523,2545,2546,303,2103,1213,2521,1609
-23.1803,10.8282,-26.4819,1189,2080,1611,1633,2522,2081,2524,304,2103,1214,2500,2546
-21.4291,10.0446,-26.9294,2082,1611,1189,2057,1634,2081,2523,2501,305,282,1190,749
-18.8259,11.4284,-26.5803,1635,2106,2548,1634,2083,2549,773,2082,2105,1215,2081,1190
-15.4964,11.4998,-27.58,751,1192,1659,2084,2083,330,1636,2527,2107,307,1193,750
-14.7172,9.86401,-27.5254,285,1169,2084,1636,307,2526,1637,751,2504,2059,308,2528
-12.5153,10.8649,-26.4275,2085,1637,2084,2108,1638,308,2109,2527,309,2504,1194,2107
-10.1549,9.78007,-28.2947,310,309,731,1638,1195,1639,286,2505,2085,2086,1616,753
-7.39717,10.5781,-27.5055,754,2086,2087,2553,1196,1639,1640,310,2506,311,753,1197
-4.36722,12.2306,-27.5831,335,755,1640,2554,2088,2532,1221,2112,1197,1198,334,1663
-3.46308,10.9123,-26.8086,1197,1642,2088,2531,1641,2507,1198,2064,335,734,1640,755
-0.256746,10.7865,-27.4838,1643,756,1642,2089,1199,1175,313,757,336,2556,1200,291
3.66851,10.0938,-26.6443,1644,2091,1200,1621,2090,315,2535,1201,2510,2511,292,1645
5.34602,11.6619,-27.5475,1201,2092,1645,2557,2091,338,2115,316,1644,759,781,2534
8.4035,11.7766,-26.409,1202,2559,2092,1669,2093,2558,2537,1646,340,1645,2117,317
9.00617,9.29216,-26.6672,2069,1646,1624,1202,1623,2094,738,317,2512,2536,318,1645
12.947,10.4411,-27.6813,762,2539,2514,1648,319,1647,1671,2095,2094,740,1204,2071
14.3699,11.1494,-27.1883,2538,1649,1205,1671,763,319,2095,2514,2119,2096,2071,1181
17.4893,10.0371,-27.5697,1649,2541,764,320,1650,321,2072,1182,2096,1181,1206,298
18.6711,11.2838,-27.5918,2540,1206,765,321,2120,2121,2097,1650,2096,787,320,1207
23.5408,11.7466,-27.5621,1232,323,2543,2099,1674,1651,1208,2123,2122,1652,789,2565
24.8158,11.8632,-26.3713,2123,1652,2542,2565,2099,2566,323,2122,1676,346,789,2100
28.8441,11.2591,-27.5673,1210,324,2100,1653,2566,1234,768,2124,1186,347,1209,346
-26.6387,12.4116,-26.6069,2079,2521,2101,2522,2102,1188,2546,325,1631,1212,1211,1633
-24.5743,13.4189,-26.8998,2103,2079,2102,1655,1633,2522,1213,2545,1656,327,2126,1212
-21.8885,13.9003,-26.4057,2104,2103,1214,1656,2081,2548,2570,1657,772,2546,327,1189
-20.0021,12.7802,-26.7265,1214,2105,1634,1657,2106,2525,2081,2547,1215,2104,2549,749
-17.4351,12.8995,-26.4934,1216,2083,2106,1659,2105,2525,750,2548,2526,1682,329,773
-14.3732,14.2032,-26.4036,1660,2107,1661,1659,1683,2108,1217,1682,2551,775,2130,774
-11.7468,14.3398,-27.4979,1661,1218,1662,752,2108,2132,2109,2131,331,1194,2552,776
-9.49049,15.1787,-26.4596,2575,1662,2574,2110,2132,332,1685,2551,2133,1219,356,1218
-7.61409,12.3145,-27.7478,1219,1640,753,754,1663,333,2530,334,2110,1639,310,776
-5.01765,13.8383,-27.4172,2111,1221,1663,2112,2531,1220,778,1664,1640,334,2133,755
-1.82395,13.9762,-27.5352,1222,2113,2112,2578,2089,2088,779,1665,780,1664,2556,335
0.60458,13.0852,-27.5007,1223,2113,1643,2089,1666,780,1224,803,313,2533,2090,2555
4.31345,13.0951,-27.5573,781,2114,2115,2535,782,338,1667,1224,2091,1225,337,1201
7.31517,13.8264,-26.5754,2115,1669,2116,1668,2092,2536,2559,339,783,1667,2117,1225
9.58133,13.0488,-26.2978,2117,2536,2093,1669,2560,2558,2116,761,1670,1647,1226,1693
11.3525,12.9977,-27.5817,2117,1647,761,1227,1204,2118,1671,1670,2093,2559,785,1203
14.3596,14.7154,-27.5789,1229,2118,1695,808,1694,2119,1228,2585,1205,786,785,365
18.1872,14.8533,-26.815,1673,1672,2586,2563,2120,1696,1230,1695,343,2587,344,786
19.8289,14.0997,-27.0381,1673,2564,2121,2562,2587,2120,1231,787,788,1674,344,1696
21.4436,14.1856,-27.5855,345,2563,2587,1231,2145,1674,2122,368,788,2121,369,1673
24.6021,13.9037,-26.6874,1675,2123,2122,1676,2543,789,2542,1233,2590,2145,369,790
27.0829,12.1453,-27.5695,1234,346,1653,2100,2544,2124,2123,1676,1652,324,1209,1233
-28.548,17.8837,-27.563,792,1701,348,1677,2148,2592,1678,814,349,2125,793,372
-25.6574,17.0482,-26.4074,1679,2126,1678,2127,2592,1236,2569,2125,2149,793,1704,350
-22.9639,17.4154,-26.6975,1704,2570,2127,1237,1680,1679,2594,1656,350,351,2568,771
-21.6815,16.2932,-26.9815,2104,1237,2128,2569,1680,1656,795,794,2547,2127,328,351
-18.9224,17.5649,-27.5431,352,2128,2595,1681,1238,1239,2152,2129,2572,1680,1261,1658
-16.7467,18.1171,-27.5251,353,2152,2130,2153,2596,1262,1681,352,1707,797,2571,354
-13.8167,17.4408,-26.2406,1683,1707,2598,2130,2131,2154,2597,354,798,1684,1241,2155
-10.5819,16.6256,-26.5294,1684,2132,2552,1685,2131,2575,1242,356,2551,1662,2598,1708
-8.66378,15.8968,-27.7596,1243,356,2552,2110,2133,332,1685,777,2132,1686,1662,2574
-6.66762,16.7942,-26.4487,1244,2133,1686,2577,2111,2157,2575,801,357,1243,2600,1687
-4.6711,16.4384,-26.5249,2111,1687,1244,1664,2576,2135,1245,2134,2133,2554,1688,778
-1.70269,15.7219,-27.6706,1246,1665,2555,1664,1688,779,2113,2136,802,1689,2579,2112
0.599632,15.9531,-27.2019,1247,2113,2136,1666,1689,2137,804,2578,803,360,1665,1246
2.94879,17.7971,-27.4902,1690,1715,2160,1270,2137,1247,2138,361,826,2603,2581,1248
5.48746,18.1038,-26.6687,1715,2582,1691,2606,2162,362,2138,2580,2605,361,2139,806
6.96965,17.3457,-27.0681,1692,1691,2581,2139,2606,806,1668,1249,2162,362,1250,828
10.3822,16.6009,-26.219,2141,1693,2140,2164,1670,364,2607,1692,2584,1694,2116,1717
12.8833,17.4594,-27.5705,389,2141,1251,365,2142,1694,2585,1718,2164,830,1252,341
14.3946,16.5199,-27.5871,808,1694,2143,1252,365,2584,2142,1695,2561,809,389,1228
17.4199,16.2374,-27.5699,1230,1695,1696,1253,367,2562,809,2143,1672,1673,786,344
20.5442,15.7105,-27.7404,344,368,2144,2564,1231,1696,2563,2588,2145,1673,1254,2562
20.6486,17.6302,-27.5478,2144,811,1696,1698,1697,1254,2168,2587,2611,344,833,1255
23.7669,16.9208,-27.5692,1699,812,1698,1255,2145,2590,2146,1722,1675,369,370,834
25.4382,16.2902,-27.5619,1699,790,370,2589,1675,2591,2147,2146,1676,1256,812,2565
27.1202,15.6312,-27.5647,1256,1676,791,1700,2590,790,2147,2124,1257,370,1675,1233
-26.8845,18.7945,-27.6076,793,814,1678,1702,792,2148,2149,2567,1679,1259,2568,1701
-25.1621,21.342,-27.5406,373,815,2149,2173,2172,1702,2150,1281,1282,1259,838,374
-21.9428,19.4283,-27.6766,2151,816,817,1704,1680,351,1260,2150,2174,2595,2569,375
-19.8867,19.0047,-27.549,1261,2151,1680,2571,817,2152,1238,1705,2594,375,352,2128
-16.9866,19.5601,-26.4856,2152,2153,1706,2572,2597,1262,1705,818,819,1263,1707,2571
-14.797,20.0557,-26.3915,2153,2154,1263,1707,2596,1264,1706,820,2573,819,2572,797
-12.8871,17.9655,-27.6179,1241,798,1684,2573,355,2154,1707,2155,1683,2131,354,1242
-10.6255,20.1392,-26.4135,1708,821,1709,2155,2156,379,1684,1264,1732,1265,844,1685
-7.29069,19.6661,-26.4702,2157,1266,2156,1710,2601,1686,380,2180,1709,2576,381,823
-5.17324,19.949,-26.3554,1710,2134,1711,2157,2600,2602,2624,381,2158,2135,382,1267
-2.83854,20.3653,-26.4529,1268,2158,1711,2159,1712,2601,2135,2134,2181,383,824,382
0.638891,18.774,-27.56,1269,826,1247,1713,360,2136,2160,1712,1714,2580,825,2604
1.86782,21.1108,-27.5041,385,1713,1737,2160,1714,2183,384,2161,2605,1292,2603,2626
4.10672,20.2551,-27.5187,1715,2161,1737,386,1271,2160,827,2162,1270,2604,2581,2185
7.12461,19.0335,-26.5663,2162,1716,2139,2582,2581,828,1717,806,362,1271,1691,829
10.7328,19.4249,-26.2486,1717,1273,2164,2608,2163,1718,2140,2583,388,807,830,2165
11.0939,21.4513,-26.5779,2188,1273,2163,2165,2607,2630,2631,411,1717,388,387,854
16.1909,20.82,-27.5959,831,855,390,2166,2633,2610,1720,1719,1742,1298,1275,1276
17.875,21.5348,-27.5809,855,832,2167,1276,2633,2634,1720,2609,2191,1299,390,391
20.178,19.583,-26.5495,2168,2167,1697,1721,2588,833,1720,1277,811,2612,391,2191
22.6019,20.5127,-27.7064,392,2168,2636,1721,1722,834,1277,415,2169,1278,2635,1698
26.2367,21.5995,-27.7159,1279,2637,1302,417,2169,2193,393,1723,2614,836,1745,1746
28.0309,20.6944,-27.5799,1724,417,836,2170,1723,2637,2613,394,860,1279,813,1302
-29,24.8379,-27.5448,418,395,2171,2638,1304,2616,419,1280,2195,837,2196,396
-26.8092,24.1299,-27.6692,1304,838,396,1281,1280,2172,2171,2639,2196,2615,395,1726
-21.8375,23.2653,-27.6332,398,839,1283,2174,2640,1727,2618,1728,2173,374,840,2175
-20.4334,24.6617,-27.6302,1283,2175,2640,399,2199,2617,840,2642,421,1728,2198,398
-17.194,24.0193,-27.5696,865,400,841,2642,2176,2620,2175,1729,423,376,399,1751
-15.3998,24.2764,-27.5574,423,1285,2619,400,2177,2176,1730,1753,2643,842,865,2644
-12.0652,24.2231,-26.9654,1731,2178,2645,2177,401,1732,402,1286,1730,2644,868,2202
-9.0464,24.3018,-27.5935,1287,1288,403,2178,1733,2179,1755,1732,845,2202,402,868
-6.19072,23.092,-26.3926,2180,1734,1733,2624,846,2204,1710,2179,1289,1735,845,1266
-4.96599,22.1779,-27.5939,1267,1734,1711,1290,846,1710,2181,2180,2623,824,1735,823
-2.53869,23.7441,-26.5282,2182,1735,2181,2206,405,2626,1736,1291,1268,848,2205,2624
-0.632433,22.037,-27.8196,406,2182,2183,1291,384,849,2159,1713,1268,1736,2181,1712
3.31514,23.5626,-27.4261,1293,2184,2651,1737,2185,850,1292,2208,1738,2183,385,827
6.04479,24.5769,-27.6126,1294,851,2651,2186,2652,1738,1739,2185,852,2209,408,875
8.17893,21.8964,-27.5168,1295,2163,2186,1716,2630,1272,387,409,1740,1739,1271,408
9.64882,22.9229,-27.5536,387,2187,1740,2629,853,2188,2631,2163,2608,1739,1295,1272
11.4114,23.5185,-27.5226,853,2189,2188,2654,1296,2187,2630,854,2608,877,2165,387
14.8992,23.6592,-27.6284,413,412,1742,2189,2655,1298,2633,2190,1297,2212,1299,1741
16.4388,22.5928,-27.5523,1298,1299,2610,2609,2190,2634,855,2632,1742,413,831,832
18.1223,23.3068,-27.5924,1299,414,2191,1743,2610,832,2633,2190,1744,856,855,1300
21.4136,22.8418,-27.5778,2192,1721,1300,415,2191,2636,1744,857,391,858,2612,1301
23.1524,22.139,-27.4976,858,2612,2635,2193,392,415,2169,2192,393,1721,1745,1301
27.6917,22.5965,-27.7057,417,1746,2194,2613,860,1302,2614,2660,1724,859,2193,1303
-28.4395,26.6226,-27.5573,2195,419,418,2615,2196,1304,1748,861,2616,1747,395,396
-25.0007,25.0816,-27.5791,1305,1726,1727,2196,396,2172,2197,2616,397,838,2640,1749
-22.216,25.0261,-27.6704,421,1727,397,1283,2617,2618,2198,839,2197,2199,2639,1726
-20.3032,28.0325,-27.5636,864,1307,1750,2198,422,1306,2199,1308,421,1751,863,2642
-18.3451,25.3995,-27.5332,1751,2619,399,865,2175,2618,2199,841,1752,1308,1307,2200
-15.2555,26.5893,-28.1054,1752,1310,2644,423,2200,1753,1309,2620,2177,865,424,2201
-13.6442,26.3916,-27.5416,2643,1753,2645,1310,2201,424,2177,401,2621,2620,423,867
-11.9995,25.8317,-27.5808,424,868,2621,2644,2202,401,2178,2177,2201,1754,1753,1287
-7.00485,27.143,-27.5886,1756,1312,404,2204,1755,2647,870,1313,2203,869,2205,426
-5.09167,27.8613,-27.6504,1757,1756,871,2646,2205,1313,1314,2648,870,2204,1758,404
-2.90283,26.7896,-27.6492,1758,2205,427,2206,428,1757,2649,2647,1314,1735,1759,1313
-0.868629,26.5623,-27.5727,428,872,1759,2207,2206,2648,1736,848,1758,873,1315,407
2.01272,27.8696,-27.6286,1316,873,430,2207,2208,874,429,431,1760,1317,1759,872
4.33176,24.8907,-27.85,1738,1760,2627,2208,2628,2209,851,850,2185,1293,2184,874
6.75534,26.2608,-27.5466,852,875,2209,1762,2628,1761,851,1739,1318,1294,2651,1317
10.4451,26.5008,-27.5944,433,877,2654,2210,1763,1762,2187,2211,410,878,1320,1318
11.7057,25.2778,-27.5845,877,1296,2212,2653,878,2631,2187,2211,2189,853,1297,1763
15.1261,25.4404,-27.6728,2213,2212,436,413,2632,2190,1297,2656,1321,1765,856,2189
17.0985,26.275,-27.7281,2213,437,1322,856,1743,2190,1765,2214,2655,2657,1321,413
19.3249,26.5597,-27.5727,2215,1766,1743,2214,437,438,2656,1744,1323,1767,856,857
22.497,27.0291,-27.583,1768,1767,439,2215,2659,1324,416,857,881,882,1325,1301
24.3458,26.9623,-27.5847,1325,416,1768,2658,2216,440,882,439,883,1301,2217,1324
26.9922,25.0957,-27.5395,441,859,2216,440,1746,2194,1303,2637,2217,1302,1745,1770
-27.5556,-28.3857,-26.3368,1772,2218,1328,2662,1327,2241,1771,2219,884,1,442,2242
-25.9146,-29,-25.9441,2219,2661,2663,1328,885,1772,1773,2242,2241,1,444,1327
-23.9523,-27.9376,-26.1904,1773,885,1329,2242,2220,2662,910,2219,1774,443,1795,1328
-20.8541,-29,-26.4491,1331,1774,2221,2220,2222,1330,445,1775,1329,887,2687,1797
-17.9491,-27.4174,-26.3585,1799,1775,2245,2688,2222,1776,2221,2666,888,2689,1797,446
-16.0403,-26.8145,-26.2312,1799,1355,2246,2223,2689,2665,1776,2690,2245,1332,1800,447
-13.2883,-29,-26.107,890,2223,1777,2225,2224,1333,1778,2690,5,1334,2246,1332
-11.1178,-26.1551,-26.6408,1778,1801,2692,2247,1357,2224,1779,2691,2248,472,2690,1802
-8.33613,-27.9994,-26.23,1780,1358,2226,1779,2693,2692,2227,1335,1334,450,1336,892
-4.9753,-29,-26.1346,1336,1781,2228,2671,893,1337,452,1780,1804,9,2227,451
-2.94588,-29,-26.4067,1781,1782,2229,2228,1337,2670,894,1338,893,10,2251,2694
0.803436,-29,-26.1561,895,1339,2230,1783,2229,1361,2673,1338,11,2231,921,1784
1.50799,-26.7801,-26.2162,1361,1806,921,2253,2231,1783,2696,2672,1805,1339,2230,2252
4.58932,-28.4603,-26.1715,1785,2231,1340,1784,2230,2697,2254,2675,2232,921,456,13
7.06461,-27.4479,-26.1958,1786,2254,2698,2233,1364,2676,2232,2699,2674,2697,1365,1342
9.02526,-27.3512,-26.3702,1787,1786,1365,2677,2233,2699,2675,2234,2700,1342,1364,2256
9.99131,-29,-26.4998,1342,900,2234,1787,2676,2233,1788,458,1786,1343,15,2256
15.2986,-27.1357,-26.5473,1811,1789,1367,2258,2235,2702,2236,2679,2703,901,2701,926
16.5913,-29,-26.3678,1345,2236,1789,2237,2703,2678,902,903,1811,17,901,461
20.8038,-29,-26.5312,1790,905,1346,1791,2238,2681,2237,904,1792,903,462,18
22.7464,-29,-26.3395,905,2239,1791,2680,1792,2682,19,1346,1348,462,1347,20
24.9939,-28.4613,-26.2832,1348,1793,2239,2683,2705,2681,2240,1792,463,1372,906,20
26.8484,-29,-26.4263,1349,1793,2240,2682,21,1348,907,906,464,2263,1372,2239
-27.8829,-24.8162,-26.1888,1350,2264,1794,2685,2241,1351,1771,2265,1817,46,2218,1795
-26.0762,-24.8389,-26.4397,1376,1350,2684,1795,2241,2242,1351,2686,2265,2709,1818,23
-24.0447,-24.6283,-26.5139,1376,910,1796,1377,2709,2243,2685,2242,2710,467,1795,1818
-20.8818,-25.9563,-26.3603,1797,1352,1353,2221,2243,2220,2688,2244,1330,1798,468,1796
-18.9912,-25.9105,-26.3349,1798,1797,2245,2665,2221,2689,2687,2244,1775,1353,1379,912
-17.2061,-25.4399,-26.2692,1379,2245,1355,2666,2688,2712,2665,1798,1799,1380,1354,913
-13.705,-26.3116,-26.2718,1800,2224,1333,2247,2691,2223,2246,2666,2668,2667,471,1355
-12.5356,-24.7729,-26.5397,2247,2714,1824,1801,2248,2690,2668,1800,2270,1356,1382,2224
-9.43139,-25.7346,-26.6622,2249,1357,2668,1802,1358,1779,2248,2693,1801,473,2715,916
-7.15252,-25.8915,-26.3723,2227,2249,1803,2250,1358,2692,2716,2669,474,2272,1780,893
-3.24505,-25.8762,-26.2499,918,2228,2251,1804,2695,2717,2250,1337,919,1827,1360,893
-1.33743,-26.1013,-26.154,2251,1805,2252,1783,2694,919,1338,918,1361,1337,476,2229
1.55426,-24.5186,-26.3751,1362,1829,920,1806,2253,2252,1387,2277,2673,2719,35,1805
4.60804,-26.342,-26.4062,1340,2698,1807,2231,2253,2254,2674,1808,921,36,2278,2675
6.21517,-25.8962,-26.1451,2697,1364,1808,2255,2675,2254,2699,2278,1807,1809,1786,922
8.53794,-25.4726,-26.2887,1365,1809,2700,2255,1364,2676,2722,924,2698,2675,1786,923
10.3347,-25.7606,-26.2864,2256,924,2699,2234,1365,2676,1366,2280,1787,2722,1810,38
13.4238,-25.3705,-26.1625,2257,1810,1367,2702,2724,2235,1366,2678,1392,2281,925,2280
15.3709,-25.1864,-26.176,1392,1367,2258,2701,2678,1835,1369,2257,2724,949,926,2703
17.6916,-27.0727,-26.3309,1789,1812,903,2259,2238,2237,2679,2258,2678,1345,927,17
20.7594,-25.8625,-26.3548,1347,1370,927,2259,1791,2238,2260,1814,1346,1813,485,928
24.7699,-26.2893,-26.4215,1348,2262,2261,1372,1815,2682,1792,930,2240,20,2286,1814
27.267,-24.658,-27.5771,1373,2729,44,1396,1816,955,2263,1372,2262,1397,2287,45
-28.2007,-21.9004,-26.2825,1817,1375,1374,2264,2730,2708,2265,2289,1351,488,489,933
-26.6386,-20.9213,-26.2332,1399,2289,1375,2707,2732,2730,2265,1842,1818,2731,1374,2709
-24.589,-22.8308,-26.2409,1818,1377,2710,1819,2686,2265,1376,2685,1399,490,2708,1351
-22.7901,-22.598,-26.4983,2266,1377,1820,2709,1819,2267,2243,2733,2686,1796,48,934
-19.2377,-22.5298,-26.1865,2268,1821,1354,2267,2244,1378,1798,2712,1822,492,1845,2292
-16.5879,-23.5037,-26.4816,1379,1822,2269,1380,1354,2689,1823,2270,1355,50,937,470
-14.5487,-21.2909,-26.4464,2294,1823,1403,938,2271,2269,2293,2270,2736,51,1847,2714
-12.3414,-23.0732,-26.8317,1381,1382,1824,2691,938,1825,2271,2270,2248,29,1801,915
-9.0152,-23.3286,-26.2498,940,1802,2272,2248,1382,1825,1383,2692,2249,30,2738,54
-5.65068,-24.0638,-26.3012,1826,1827,1803,2250,2717,2693,2273,942,2272,32,2274,1384
-3.77792,-23.7315,-26.3864,1827,918,1828,2718,942,2716,2694,2274,2250,498,919,1826
-2.9156,-22.1672,-26.4144,1385,1828,2274,1852,966,2717,942,2275,2740,57,1386,1408
1.91938,-22.0223,-26.5027,945,1830,1387,1829,2742,2276,944,2277,2720,500,2696,2275
4.20298,-22.0726,-26.358,2301,2277,1388,945,2744,2742,2278,1363,2719,60,2721,1855
6.7962,-22.6285,-26.4587,1831,1389,2255,2744,2279,1388,947,2278,2722,502,2720,1809
9.10351,-23.5979,-26.7146,947,924,1809,1390,2280,2699,2255,2723,61,480,2721,2700
10.3231,-21.7208,-26.3666,1832,1833,1390,1857,2280,2722,2279,947,948,2281,2303,2304
13.5802,-23.2845,-26.3523,949,2281,2257,1834,1835,2701,1392,2282,2702,2280,63,1366
17.6825,-21.658,-26.5419,1860,1836,1393,2726,2306,2283,2307,951,950,1835,974,506
19.4735,-21.9728,-26.4533,2284,2307,1836,2750,2725,2727,1837,2283,507,2260,1813,951
21.334,-22.1463,-26.5016,1837,1395,2260,2284,952,2285,2726,2750,2308,508,1418,2307
24.6078,-21.5495,-26.2108,1838,1419,1839,2286,2308,2285,2309,1395,2752,2729,954,92
26.7285,-23.352,-26.5826,2287,2706,1396,2286,1839,2262,1397,955,68,2728,44,954
-28.3337,-20.0895,-26.253,2289,1398,1374,2707,2288,2708,1841,1375,2731,70,511,1842
-26.3822,-18.3451,-26.2249,2313,1842,1841,2732,1843,2289,1866,2708,2755,2730,2288,2754
-25.1107,-19.8644,-26.2173,2290,1842,1399,2708,2731,1843,2733,1819,2289,1844,2314,1400
-22.9573,-20.3836,-26.5307,2266,2290,1844,959,1819,2710,2732,958,2267,491,1843,934
-19.2766,-18.0566,-26.2537,984,1402,2291,1868,2735,2316,1869,2292,2315,74,960,1401
-17.82,-19.2465,-26.2463,1846,2292,1402,2734,2316,2293,1845,2317,2291,985,961,2269
-13.9266,-19.1232,-26.48,1847,1404,2294,2318,2317,2737,2293,1871,2713,963,2271,1403
-11.8876,-18.6411,-26.3887,1405,1404,1848,963,2318,2736,2295,2761,1428,77,2271,2294
-7.91414,-20.5956,-26.342,1849,1407,2297,1383,2273,2295,1406,940,2296,497,2715,964
-4.97217,-17.6475,-26.6674,2298,2321,1850,989,1874,2763,2764,1431,2741,2297,2740,544
-3.67658,-19.9954,-26.3826,2298,1851,966,2274,1408,1852,2741,2718,80,2739,1850,1384
-2.78889,-18.37,-26.3611,1853,1431,2298,1408,2740,2764,2299,2739,1852,2322,521,967
3.02025,-20.5726,-26.784,1830,2301,2743,969,945,2719,1854,2720,501,1411,2276,970
3.44666,-18.8964,-26.4087,1411,1854,2742,1433,2325,969,2767,2301,1434,1432,524,523
5.84523,-21.1222,-26.321,1855,2301,1389,2721,1388,2720,2279,2302,1856,1411,84,2278
8.97547,-17.8602,-26.3417,971,2328,2326,2746,2327,2770,2303,2302,2769,526,1856,1437
10.5318,-18.8457,-26.3351,1414,2303,2745,2328,1857,2747,1437,972,2304,2770,971,1881
12.5254,-18.9478,-26.4421,2304,1414,1881,1858,2305,2746,1857,87,1415,1437,1859,973
16.0632,-18.2044,-26.2026,1416,1859,1439,2772,2773,2305,2306,974,2331,2749,1882,529
18.6448,-18.1014,-26.2495,1417,2331,1884,2773,2332,2306,1861,1416,1440,2748,2774,2750
20.2686,-20.3879,-26.3746,1861,1837,2726,1418,2307,2727,1417,976,2308,2332,1395,2749
22.716,-18.8337,-26.4641,2310,1418,2309,1862,2308,2776,1863,2332,977,1885,1861,2750
26.2114,-19.4776,-26.8007,954,2753,1863,1419,1420,2334,978,1864,2311,1839,2728,533
27.5782,-18.4928,-27.1388,1887,2311,1420,2752,1443,2334,93,1864,979,954,2777,1002
-28.4145,-16.6383,-26.235,1866,1865,980,2288,2755,2312,1841,1421,2731,535,2313,981
-26.7782,-15.7745,-26.2272,1422,1866,1421,2754,2779,2756,2313,2312,1889,2731,980,1423
-24.7965,-15.552,-26.2643,1447,1423,1422,2780,2755,2314,1867,1889,2313,119,2779,982
-20.9626,-15.079,-26.4173,1890,1424,1007,2340,2339,1868,2781,1867,97,984,96,983
-17.665,-15.4832,-26.2824,1870,1449,1869,1892,2316,1868,2340,2784,2759,1450,1007,985
-15.6196,-16.4958,-26.5106,1870,2317,1426,1871,2784,985,2760,2316,2758,540,2318,1427
-13.962,-15.6109,-26.328,1426,1427,1451,2759,2318,2784,2342,1871,1893,541,986,1870
-10.943,-16.4317,-26.3228,1872,1848,1428,2762,2319,2737,2318,1453,1427,542,2786,1405
-9.16656,-16.8619,-26.1965,1873,1428,2319,2761,2296,2320,2786,543,1872,1406,1848,1405
-6.01902,-16.0936,-26.3695,989,1430,2321,2320,2787,2739,2764,103,1874,1873,1897,102
-3.5798,-16.4244,-26.1813,1431,2321,1875,2765,2739,2741,2322,2763,1898,1897,2298,545
-1.93761,-15.5635,-26.1888,2322,1876,1898,2789,2764,1875,2324,1431,2766,2323,570,1853
0.617599,-16.4411,-26.3214,2323,1877,2767,2324,2348,2300,1432,2789,2322,992,2765,1878
2.36221,-16.7311,-26.5129,1878,1432,1433,2766,2325,1877,2300,2743,2348,106,1854,2768
4.62936,-15.7358,-27.0546,1901,1878,1434,2349,1879,2325,1435,994,993,2350,548,1433
7.97591,-15.663,-26.4218,1880,2327,1879,1902,2326,2770,1435,2793,2745,995,2351,549
9.81556,-16.2644,-26.7831,2352,2327,1437,2328,1880,2745,2769,2771,550,2793,995,2746
11.7445,-15.465,-26.4252,2352,997,1437,576,2329,2794,1904,2770,1881,1462,109,1461
15.329,-16.4726,-26.2342,1882,1439,1438,2330,2329,2748,2773,1859,1883,1462,111,1881
17.242,-16.7133,-26.2188,2331,1883,1439,2330,2748,2772,2749,1440,1416,1438,112,1884
20.0299,-15.8251,-26.2499,1440,1441,1465,2775,2332,2797,1884,1906,2749,554,2356,2773
21.8811,-15.6631,-26.412,2356,1885,1441,2774,2798,2776,1465,2332,2797,555,2333,1862
23.7597,-16.8936,-26.517,1442,1885,2310,2333,2751,2775,1863,115,2334,2800,1862,1886
27.704,-15.9104,-26.2862,1443,1909,2335,2800,1886,2334,1003,1887,116,2753,1467,1444
-29,-13.058,-26.1636,1445,1004,2312,2336,2801,2779,1888,1421,1910,559,980,1469
-27.0751,-13.9394,-26.2096,1421,1888,1889,2336,2755,2337,2312,2778,1445,1422,1470,2756
-24.0368,-13.7255,-26.28,1447,1005,2338,2337,2756,1889,2781,1867,561,1890,1913,1912
-21.7841,-13.1868,-26.6346,2339,1913,2338,1890,2363,2757,2804,2780,1448,2782,2340,1029
-19.6041,-12.2856,-26.2721,2363,1891,1473,2340,2339,1914,2804,2781,1892,1008,1472,121
-15.8258,-12.8613,-26.6524,2341,1450,1893,2784,1916,2806,1008,1892,2342,1009,2365,146
-15.7016,-14.7032,-26.5028,1450,1893,1426,1870,2759,2783,2760,2758,1892,2342,565,1451
-12.0346,-12.6085,-26.3473,1894,1917,1452,2343,2342,2808,1451,1916,566,1453,1475,1010
-9.0203,-14.3419,-26.3408,1896,1453,1895,2319,2787,2344,2762,2320,567,2343,2761,1477
-6.99213,-14.488,-26.3991,1454,1896,2320,1430,2763,2786,2345,568,1477,2319,1895,2344
-4.10967,-12.7317,-26.4035,1455,1920,2346,1898,1897,2345,2811,1013,1479,1478,569,1454
-0.736466,-14.228,-26.3762,1876,1456,2324,1457,2347,2765,2348,1898,2766,546,2322,2346
1.98096,-12.8903,-26.4371,1899,1900,1458,2347,2372,2791,2348,1457,2349,572,1015,1016
3.94496,-13.1218,-26.2076,1900,2349,1459,2350,2790,1039,1458,2372,2768,2814,1901,1016
7.59279,-12.5501,-26.2165,1460,2351,2374,2815,2793,2350,1902,1924,1925,131,1459,1880
9.25785,-13.8335,-26.2958,2351,1880,1461,2794,2792,2769,1925,2352,1902,2770,575,1018
11.0696,-13.7231,-26.4052,1461,576,1903,2793,2771,2352,1904,2817,1925,133,1020,1880
14.4506,-12.6468,-26.2202,1043,2353,1020,1904,2354,2377,1927,1462,2817,1021,1929,1905
17.6887,-13.6501,-26.2225,1464,1906,1905,2330,2354,2378,2355,1883,579,2797,2353,1488
20.5885,-13.6063,-26.3429,1907,1465,2355,2798,2379,2774,2356,2775,1906,136,1023,2796
22.4795,-13.6292,-26.5145,2357,1907,2356,1466,2797,2799,2775,137,1465,2333,2379,1023
24.3615,-13.0402,-26.5186,2357,1908,2358,2798,1466,2381,1489,2800,581,2333,1024,1467
25.7396,-15.1219,-26.2371,1886,2358,2333,2777,1909,2334,2799,1442,2776,1467,557,2357
-29,-11.1881,-26.162,1469,1004,2336,2360,2778,1910,2802,1888,140,1492,1445,1911
-26.3496,-10.7679,-26.3791,2361,1910,2336,1470,2360,1911,2337,2384,584,2801,1888,1912
-23.2856,-10.5358,-26.3607,1912,2362,1471,2804,1913,2361,1494,143,2386,2384,1005,1028
-21.3354,-10.9488,-26.4457,2363,2362,1472,1913,2803,2386,2782,2781,1914,586,1473,1029
-18.7554,-8.31165,-26.4853,1030,1495,2387,1938,1937,2364,1914,2828,2386,1053,1472,1939
-16.5376,-11.1407,-26.3072,2341,1031,2364,2365,2783,1008,1915,1916,1473,1892,1914,122
-13.3797,-9.45272,-26.4424,1475,1940,1474,2366,2365,2830,2388,589,1917,1941,1032,2389
-10.7036,-10.8317,-26.6469,1476,1917,1918,2343,2366,2367,2809,2785,590,2344,1033,1895
-8.88723,-10.1837,-26.4026,1918,1034,1919,2367,2368,2344,2808,1476,2391,148,2810,1477
-6.17407,-10.3824,-26.4088,1478,2369,1919,2368,2392,1035,2811,2345,592,1477,2809,1920
-4.13083,-10.4243,-26.2088,2369,1920,2370,2393,2812,2810,2392,2788,1501,1478,1479,1036
-2.10816,-10.4038,-26.2826,1921,1479,2370,2371,2393,2811,1480,1945,1920,151,1037,1456
1.64633,-9.55932,-26.3518,1922,1946,1481,2371,1923,2836,1037,2372,175,1947,1062,1038
5.21928,-10.5649,-26.3281,1924,1482,1923,1039,2815,2838,2373,1459,154,2791,1481,1460
7.07488,-10.5837,-26.4919,2374,1924,2839,2373,1483,2814,2792,2375,596,1460,1482,1040
10.3272,-10.182,-26.2357,1484,2375,1926,2840,2817,1925,2376,1950,2839,156,598,2399
11.8923,-11.4337,-26.2254,1927,1484,1903,2816,2376,2377,2794,1020,1925,1042,2795,1904
14.9612,-8.87008,-26.4624,1928,1953,2400,2377,1952,2819,1509,1485,623,1508,2842,622
16.5421,-10.01,-26.4399,1928,1487,2378,2842,1509,1929,2818,2400,2820,1486,2354,2377
19.0362,-10.0831,-26.4843,1930,1488,1510,1487,2378,2842,2821,2819,2379,601,2402,1045
20.4909,-8.67557,-26.7293,1931,1510,1930,1955,2844,2402,2820,183,1511,2403,625,2842
25.0406,-9.07808,-26.5175,1512,1490,2404,1932,2846,2380,2403,185,1489,2381,2823,162
27.441,-9.74415,-27.5477,1048,604,1490,1933,1491,2382,2405,162,1932,163,1047,2822
-29,-6.12568,-26.1478,1934,1959,2406,2383,2848,2849,1960,605,1492,1514,629,1049
-25.7459,-6.73808,-27.2075,1050,1074,1935,1493,2826,2848,165,606,2849,2384,2383,166
-24.6542,-5.96669,-25.9982,1493,2825,2408,2385,2850,1074,2849,1935,1936,1516,2384,189
-21.4752,-6.06597,-26.5371,1962,1936,1937,1052,1517,2409,2850,2851,2385,632,1494,2386
-18.0378,-6.47552,-26.22,1939,2387,1963,2805,1937,1938,2411,2829,2409,1517,1496,1495
-15.6156,-6.4764,-26.4992,1964,1497,1939,2388,2389,2853,2411,2828,610,168,1938,1965
-12.2825,-7.59188,-26.2166,1940,1498,1941,2831,2807,2389,2854,2366,2367,2390,611,1474
-10.3839,-7.22561,-26.3273,2390,1941,1499,2367,2391,2830,1498,1942,2854,1056,2855,1521
-7.44853,-6.44178,-26.2082,2415,1942,2391,2833,1943,1967,2368,1058,2856,1500,2857,1499
-5.64585,-6.07747,-26.308,2415,1082,1944,2416,2832,1058,2857,2834,2392,1943,614,1967
-3.45823,-5.73898,-26.4962,1059,1524,2417,2416,1082,2835,1944,2858,1502,2833,639,1968
-2.03398,-6.84904,-26.7053,2394,1059,2417,1502,1945,2834,2418,2393,174,1944,616,2395
0.530094,-7.9293,-26.302,1503,1037,1946,2394,2813,2395,1947,2371,2418,1061,2835,1922
2.51552,-5.73448,-26.0796,1971,2419,1947,2860,2395,2396,1527,2420,1503,1085,2836,1526
4.77288,-8.69942,-26.3473,1482,1505,1062,2396,2373,1923,2814,1481,618,1039,1064,2815
7.86138,-9.01336,-26.4771,1950,2815,1064,1483,2373,2397,2840,2375,597,1506,2816,2374
9.82387,-8.3232,-26.2675,1950,2398,1926,2816,2839,2399,1506,2375,2397,1065,620,1064
12.9157,-6.06732,-26.3616,1508,2423,1507,2865,2864,1976,1952,2399,1066,1530,1953,621
17.7441,-8.65451,-26.519,2401,1510,1487,2400,2819,1509,2402,2820,2843,159,2378,2821
17.4852,-6.36117,-26.5555,1954,1091,1067,2401,2400,2402,2866,2842,206,2424,1509,182
20.8417,-6.96067,-26.3735,1511,1979,2821,2402,1955,2868,2845,2867,1954,1069,2403,1931
22.9723,-6.82653,-26.1894,1956,2403,2868,1511,2869,2844,2404,1957,184,1534,1979,2822
26.0833,-7.42497,-26.6541,1490,1957,1513,2405,2404,2822,2847,1071,2869,186,2823,1070
27.8834,-6.46783,-26.3912,1513,1958,2870,2405,2846,1981,186,651,628,1957,1491,1490
-27.4132,-6.15311,-27.6067,164,629,2849,2383,2825,1934,1960,1959,165,1074,1050,605
-26.8279,-5.28811,-26.2412,1074,2848,1960,2407,2406,2825,2826,2824,2383,2408,1515,1959
-23.0755,-5.01309,-26.7582,1962,1493,2408,1516,2851,1936,2827,2826,1961,631,2385,190
-21.6789,-4.03997,-26.3115,1076,2850,1962,1961,2409,2827,2874,2873,2410,190,1516,1517
-17.824,-3.70232,-27.575,1077,2411,1541,1518,2410,2875,1963,1519,657,1987,2874,191
-15.2743,-4.43978,-26.4527,1964,1520,1519,2411,2412,2829,1965,634,2875,1078,2852,1988
-12.1956,-5.25322,-26.379,1521,1965,1498,2855,2412,2413,2830,2390,1079,2831,2389,170
-10.5754,-4.39824,-26.3301,1103,1966,1521,2854,2878,2413,2390,2414,194,636,2831,2856
-7.74608,-3.69384,-26.2092,1967,2414,1522,2879,1966,2857,2832,1081,2855,1990,1942,2415
-5.91921,-4.57689,-27.6366,195,2416,1523,1968,2415,1967,1082,1522,638,2833,614,1524
-3.10252,-3.86004,-26.2525,1969,2416,1524,2417,2834,1968,1083,1547,2859,197,640,1502
-0.305363,-3.75689,-26.3804,1525,1970,1083,2417,1526,2440,2395,2418,198,1106,1969,2858
2.60542,-4.0035,-26.5162,1527,1526,2441,2837,2420,1996,1971,2419,199,1525,1994,641
5.50929,-5.22902,-26.2649,1948,1528,2420,1973,2396,1949,2862,1996,2419,2397,1505,200
6.23954,-3.2034,-26.6366,1997,1528,1972,1996,1087,1973,2861,643,2420,1550,2421,1552
10.4718,-4.31218,-26.3968,1530,1529,1975,2421,2864,2422,1974,1507,1088,645,1554,2841
12.4397,-4.25701,-26.3791,1530,2423,1554,2841,2865,2863,1531,1507,2422,2445,203,621
14.2669,-4.8504,-26.3335,1531,1976,2841,2424,2423,2864,1554,204,1508,1067,1532,1555
18.3989,-4.66729,-26.5111,1954,1091,1977,1978,2425,2843,2867,1092,1979,2447,2402,2424
20.4097,-4.58198,-26.3718,1978,2426,1979,2866,2868,2425,2844,1954,649,1533,1115,2448
22.0897,-5.56587,-27.1172,2426,1511,1534,1956,1979,2845,1093,2844,2867,184,1069,2869
24.3618,-5.31965,-26.3842,1956,1980,1957,2427,2845,1534,2428,2868,650,2846,2404,1981
28.4969,-5.25256,-27.5566,1095,651,2847,628,1958,1981,1513,1536,186,1560,2405,2450
-28.37,-0.717342,-26.2525,1982,1537,1096,2429,2452,2872,2007,1983,210,653,675,2006
-26.7202,-1.55003,-26.2167,2430,1537,1983,2871,2407,2429,1538,1515,1096,653,211,2007
-23.3679,-2.04498,-26.3149,1961,2431,1985,1539,2408,2851,2454,2432,1075,2430,1540,1098
-19.7897,-2.49041,-26.9972,1541,1099,1076,2410,213,1986,2432,214,2852,2409,1077,2851
-17.2116,-2.62352,-26.3677,1987,2852,1541,1519,2876,2433,2411,2853,2874,657,1988,1100
-15.7602,-1.13247,-26.3314,1542,1987,1988,2877,2875,2434,2433,1519,215,1101,2435,1541
-13.9812,-1.70122,-26.1912,1543,1988,2435,2876,2412,2434,1520,1101,2436,658,1989,1542
-10.5062,-2.1439,-26.2809,1989,1990,1103,2855,1544,2436,2414,2879,2413,217,1545,1543
-7.92308,-1.89173,-26.9273,1991,2414,1990,1522,1545,2856,2437,218,661,1104,1992,2878
