0,5,1,1,3,1,7,2,1,4,2,5,13,10,8,4,13,4,6,14,7,17,18,15,19,32,21,25,28,41,50,29,49,47,58,79,64,76,82,88,68,95,135,136,140,122,165,167,170,184,183,190,198,196,241,229,265,257,276,279,333,331,342,341,304,406,366,382,406,382,403,400,375,412,463,423,377,422,422,439,448,439,385,421,425,456,429,455,407,424,378,448,386,400,367,373,377,358,334,325,326,287,336,257,290,256,232,219,236,198,226,198,159,182,174,179,175,131,116,119,89,113,109,106,112,105,59,78,47,58,45,54,50,36,47,39,33,38,29,29,32,31,37,22,13,13,9,19,12,9,6,7,6,4,7,10,4,1,4,5,0,1,2,0,2,0,1,0,0,0,0,0,0,0,0,0,0,0,0,0,0,0,0,0,0,0,0,0,0,0,0,0,0,0,0,0,0,0,0,0
0,1,0,0,2,0,6,1,2,1,4,3,10,16,4,6,15,10,12,14,26,24,26,36,28,30,27,37,46,50,63,36,54,62,72,70,109,98,110,122,100,142,150,160,160,200,193,181,210,231,190,228,252,305,295,286,296,319,324,315,389,374,346,381,397,406,370,363,418,383,409,450,422,427,421,436,399,440,473,461,419,451,364,373,389,421,409,379,386,361,311,337,339,333,318,303,314,285,301,294,289,253,231,218,235,207,224,171,187,174,166,160,118,148,140,139,123,103,112,89,72,67,93,72,60,66,65,80,38,56,52,37,39,42,37,28,27,21,19,19,24,21,23,18,6,9,7,18,7,9,7,4,3,5,6,7,1,2,1,1,5,1,5,2,0,0,0,0,0,0,0,0,0,0,0,0,0,0,0,0,0,2,0,0,0,0,0,0,0,0,0,0,0,0,0,0,0,0,0,0
3,1,2,0,1,1,5,3,3,3,6,4,6,15,7,14,11,12,12,12,23,26,43,34,24,28,41,35,58,67,77,69,66,77,89,97,109,109,108,121,120,152,186,188,182,225,221,223,260,267,235,265,267,291,328,343,321,343,377,355,406,383,376,422,390,440,424,395,432,415,413,418,397,447,402,399,400,403,420,456,422,402,326,399,418,377,364,348,380,339,304,339,328,315,289,308,291,262,242,236,243,213,197,161,191,168,157,155,165,136,145,124,115,128,122,110,83,85,88,66,58,65,73,75,66,48,47,46,37,41,45,31,37,19,28,18,18,30,25,11,14,13,9,15,8,8,9,14,5,6,7,3,7,6,3,4,7,1,2,1,1,0,4,1,1,0,1,1,0,0,0,0,0,0,0,0,0,0,0,0,0,0,0,0,0,0,0,0,0,0,0,0,0,0,0,0,0,0,0,0
2,3,4,1,0,4,4,3,5,1,5,7,11,9,5,13,12,16,11,19,21,29,28,44,39,48,41,45,56,60,80,45,77,80,96,86,135,133,139,169,121,165,224,193,211,238,234,219,257,237,231,263,274,310,329,333,330,351,358,374,420,390,380,391,383,442,419,403,447,423,441,407,396,428,421,359,371,404,402,405,381,392,347,375,400,369,350,308,327,301,263,248,282,266,236,254,228,251,234,218,204,196,151,168,149,146,140,142,120,132,118,118,101,87,103,98,69,79,80,69,56,52,63,55,54,50,37,34,32,28,47,24,28,21,20,18,26,10,20,18,13,7,12,12,6,12,11,9,2,11,4,7,3,2,1,8,4,3,3,1,0,1,2,4,3,0,0,0,0,0,0,0,0,0,0,0,0,1,0,0,0,1,0,0,0,0,0,0,0,0,0,0,0,0,0,0,0,0,0,0
2,1,1,1,0,3,5,6,6,2,8,3,9,11,8,11,16,22,27,19,26,30,49,46,33,43,50,46,63,67,81,65,91,81,108,100,132,143,148,164,139,192,197,195,226,229,254,214,293,277,254,289,294,330,342,364,328,363,362,395,438,412,386,431,366,395,443,405,468,405,411,439,407,408,432,376,351,397,378,382,375,359,290,304,328,315,298,263,289,273,241,245,259,228,207,225,242,201,193,210,170,164,151,173,164,123,132,127,103,123,93,104,98,93,71,73,66,76,69,51,45,51,47,43,42,46,34,40,21,37,25,21,20,15,19,19,21,23,18,19,11,10,10,10,4,4,3,13,8,6,4,4,2,2,3,1,3,0,1,2,0,1,2,1,4,1,0,0,1,0,0,0,0,0,0,0,0,0,0,0,0,1,0,0,0,0,0,0,0,0,0,0,0,0,0,0,0,0,0,0
0,5,2,2,2,3,6,3,7,4,7,9,17,15,4,13,24,18,15,21,22,23,44,50,39,36,52,50,56,76,91,60,97,82,101,99,157,146,133,168,147,179,219,215,224,222,243,259,277,290,250,251,284,310,352,396,356,372,370,358,411,405,404,398,411,442,369,377,408,398,392,372,392,374,430,376,347,346,337,365,332,334,287,307,300,305,288,271,274,254,217,225,232,229,204,220,196,155,185,175,164,131,142,152,112,140,123,94,97,114,105,92,67,77,68,73,74,64,57,40,35,38,49,38,42,40,31,26,25,28,28,26,14,19,21,17,18,15,12,14,15,7,10,13,5,3,8,6,6,6,7,4,4,7,5,4,1,1,3,1,2,0,0,2,3,0,0,1,0,0,0,0,0,0,0,0,0,0,1,0,0,0,0,0,0,0,0,0,0,0,0,0,0,0,0,0,0,0,0,0
3,6,3,0,1,7,7,7,6,2,7,9,14,9,6,15,25,24,15,22,27,47,39,45,42,38,51,54,76,64,90,66,95,87,109,122,137,128,158,201,153,196,220,228,224,263,270,278,259,295,273,273,333,321,379,379,379,364,367,370,442,389,379,402,384,420,419,349,375,379,415,385,356,401,421,323,338,355,353,373,368,321,280,280,316,286,273,262,244,228,246,199,246,207,194,179,190,141,185,143,156,112,105,120,113,133,98,106,90,95,88,82,79,80,65,58,59,34,55,53,33,25,51,48,34,29,28,36,17,20,32,25,13,16,16,13,15,11,15,7,8,12,15,9,6,9,6,9,5,1,4,1,2,3,1,4,3,1,2,2,1,0,2,0,1,0,0,0,0,0,0,0,0,0,0,0,0,0,0,0,0,1,0,0,0,0,0,0,0,0,0,0,0,0,0,0,0,0,0,0
2,1,1,0,2,10,4,5,12,4,10,7,21,10,6,11,32,20,18,23,36,38,42,57,43,49,54,47,65,95,103,59,86,85,102,107,158,139,164,189,134,200,232,236,222,251,263,245,286,276,274,284,323,330,410,380,324,376,347,388,447,407,375,377,398,398,436,380,432,361,335,357,363,371,375,323,312,337,317,291,341,333,252,242,260,243,249,225,226,247,187,220,175,176,181,177,167,131,169,133,149,116,110,120,101,106,92,75,84,85,65,75,62,69,67,45,49,36,34,45,34,31,46,31,34,30,26,19,17,23,19,10,20,7,22,13,9,16,9,6,10,12,12,6,7,2,5,7,9,2,4,2,4,4,3,3,0,1,2,1,1,0,3,1,1,0,0,0,0,1,0,0,0,0,0,0,0,0,0,0,0,1,0,0,0,0,0,0,0,0,0,0,0,0,0,0,0,0,0,0
4,3,2,0,0,2,5,8,3,5,7,9,11,15,6,20,17,21,24,25,35,31,55,64,51,74,60,47,76,88,82,78,90,90,116,109,175,155,170,190,157,179,225,230,248,238,273,260,301,311,293,268,312,329,371,344,343,382,358,373,397,373,398,392,392,398,403,368,394,345,373,336,333,351,343,302,301,344,329,332,305,285,243,250,269,243,255,241,233,204,169,197,193,172,156,169,155,107,146,122,125,110,88,96,84,98,106,89,78,96,58,79,64,55,57,46,51,44,45,29,31,36,34,30,31,33,26,27,17,24,17,17,7,10,16,6,17,5,14,9,10,9,7,8,3,3,2,11,8,0,5,3,2,1,2,3,0,1,0,1,0,0,0,2,1,1,0,2,0,0,0,0,0,0,0,0,0,0,0,0,0,0,0,0,0,0,0,0,0,0,0,0,0,0,0,0,0,0,0,0
3,3,3,1,0,1,6,3,4,5,1,9,15,22,6,15,21,22,18,20,30,45,45,70,43,47,57,50,86,77,109,79,110,99,120,126,177,182,154,183,150,191,259,218,245,249,273,252,298,314,269,282,320,362,374,321,306,318,408,344,415,382,383,378,382,387,405,358,391,341,348,348,347,320,356,284,296,324,311,303,338,310,257,242,248,266,227,226,218,196,176,175,203,175,156,149,165,139,124,139,119,94,108,122,93,90,83,82,68,71,51,81,49,47,58,34,65,31,35,29,24,25,30,35,24,27,23,24,9,25,8,15,8,9,13,12,17,6,9,8,10,6,12,4,9,3,4,3,4,3,4,0,1,2,3,4,0,1,1,0,0,1,1,0,4,0,0,0,0,0,0,0,0,0,0,0,0,0,0,0,0,1,0,0,0,0,0,0,0,0,0,0,0,0,0,0,0,0,0,0
0,2,3,0,0,2,7,3,10,6,10,7,25,14,6,21,26,21,15,19,30,43,41,66,44,46,46,53,74,86,96,59,99,133,113,114,170,164,188,199,181,200,234,227,251,285,267,272,291,328,285,273,298,308,369,356,355,356,365,348,401,319,360,357,384,359,371,337,353,384,324,341,333,334,345,286,301,291,298,306,286,303,214,203,224,220,208,212,177,191,176,178,161,163,140,160,145,137,117,131,107,87,114,80,90,76,89,73,73,58,52,55,51,60,44,46,39,27,45,20,28,23,32,19,24,37,14,20,16,23,19,15,8,9,17,7,14,7,11,7,6,7,5,6,3,4,5,4,6,5,2,4,1,0,2,0,2,0,1,0,1,0,1,2,0,1,0,1,0,0,0,0,0,0,0,0,0,0,0,0,0,0,0,0,0,0,0,0,0,0,0,0,0,0,0,0,0,0,0,0
2,3,3,2,0,5,12,7,3,7,10,6,17,22,6,18,20,27,16,21,37,38,35,58,33,50,49,50,64,88,97,73,92,97,131,143,176,158,164,197,138,238,242,226,246,254,224,247,280,312,239,308,352,335,336,370,325,352,345,328,366,357,342,349,356,344,357,323,354,347,303,323,315,347,303,321,267,281,259,275,281,257,215,215,232,233,197,191,188,185,167,163,158,150,157,154,127,99,129,105,111,98,80,87,82,59,80,70,63,62,50,60,44,60,44,38,49,38,45,24,25,29,30,29,26,17,20,18,18,19,21,12,13,14,14,13,10,6,8,3,9,8,4,4,2,3,5,6,4,6,2,2,1,5,2,4,2,1,4,0,0,0,0,0,0,1,0,0,1,0,0,0,0,0,0,0,0,0,0,0,0,0,0,0,0,0,0,0,0,0,0,0,0,0,0,0,0,0,0,0
5,2,2,0,0,7,11,5,7,9,7,10,20,15,10,16,30,35,19,32,51,37,43,53,45,50,57,67,65,90,116,89,115,109,136,104,177,192,170,203,145,222,226,248,276,257,270,249,298,289,287,309,313,318,346,348,325,320,348,320,365,364,317,369,310,367,371,298,370,342,305,295,280,310,332,270,233,272,275,243,254,262,195,218,212,187,197,182,168,180,148,133,140,123,126,122,142,102,98,83,95,85,74,90,72,59,76,66,50,50,53,62,30,45,51,31,34,29,38,19,25,19,21,23,22,21,14,19,8,13,11,15,9,8,14,10,11,6,4,6,8,5,5,4,4,4,5,7,2,6,6,1,0,3,1,4,2,0,1,0,0,0,1,1,1,0,0,0,2,1,0,0,0,0,0,0,0,0,1,0,0,0,0,0,0,0,0,0,0,0,0,0,0,0,0,0,0,0,0,0
2,3,1,1,0,6,4,6,11,3,11,9,11,15,10,18,28,21,20,24,41,35,45,62,44,57,59,64,67,90,120,70,100,92,136,139,162,180,162,179,152,239,235,265,256,259,253,268,297,308,249,291,258,293,366,359,294,316,342,350,397,367,329,337,335,327,378,307,306,308,294,292,302,280,319,289,231,255,249,276,252,239,200,204,203,183,188,189,169,153,168,140,152,111,117,148,118,97,105,97,90,75,61,86,73,63,63,45,50,56,48,45,46,46,45,34,25,35,34,26,26,20,22,16,17,17,9,16,13,11,9,9,10,7,7,5,13,5,7,8,7,1,6,6,3,3,2,5,3,6,6,4,2,2,2,3,0,0,0,1,1,0,0,0,2,0,0,0,1,0,0,0,0,0,0,0,0,0,0,0,0,0,0,0,0,0,0,0,0,0,0,0,0,0,0,0,0,0,0,0
1,2,3,1,1,2,5,5,5,15,9,9,18,28,15,13,32,27,17,18,38,39,39,66,46,52,53,54,74,79,88,81,119,104,123,130,179,190,171,168,158,207,248,220,241,278,245,238,318,304,275,297,303,318,330,351,305,317,349,350,366,333,365,344,329,352,311,319,302,304,295,279,291,326,288,241,242,263,220,233,250,254,189,206,175,191,169,184,160,170,106,159,141,126,116,131,114,97,123,103,93,61,71,74,57,55,53,67,52,53,50,43,33,44,42,37,32,35,23,21,17,14,21,22,17,21,14,8,5,14,9,8,10,6,10,12,5,6,13,3,3,3,9,3,4,4,6,6,4,5,4,1,2,3,2,1,2,0,2,2,0,0,0,1,1,1,0,0,0,0,0,0,0,0,0,0,0,0,0,0,0,0,0,0,0,0,0,0,0,0,0,0,0,0,0,0,0,0,0,0
1,5,2,0,0,6,8,5,7,7,10,8,14,16,17,19,35,30,29,25,38,47,57,65,39,55,44,55,64,84,106,77,114,110,124,111,173,160,175,178,147,224,257,213,275,293,265,252,261,315,280,266,284,334,314,334,341,323,332,317,364,368,307,297,355,331,349,302,305,318,273,257,265,231,277,247,242,206,232,245,251,224,196,180,165,168,170,162,147,160,119,129,116,103,123,116,110,96,93,102,71,73,65,74,69,49,48,50,42,45,53,56,38,28,27,32,33,26,15,25,13,9,23,14,16,15,13,18,11,9,21,14,12,9,11,11,10,6,8,4,2,6,6,7,4,2,4,2,2,0,1,4,1,2,1,0,1,0,0,0,0,0,2,0,5,0,0,0,0,1,0,0,0,0,0,0,1,0,0,0,0,0,0,0,0,0,0,0,0,0,0,0,0,0,0,0,0,0,0,0
4,3,7,1,1,7,9,3,5,7,6,10,19,17,9,20,30,38,28,21,37,43,51,60,41,57,65,56,79,86,113,80,122,103,141,106,161,143,189,178,139,207,242,249,239,285,264,230,283,286,262,280,271,311,332,300,316,285,325,331,347,332,324,318,358,342,290,296,290,261,269,277,266,251,294,240,214,235,193,214,228,190,183,164,165,146,142,147,149,151,129,134,129,114,104,110,90,84,92,80,71,64,63,65,69,46,67,49,30,40,41,34,33,39,31,27,30,27,24,24,16,11,29,18,20,22,12,20,9,13,8,12,8,5,9,4,9,8,6,1,6,3,5,3,2,1,2,6,5,1,2,2,2,0,2,2,0,1,1,1,1,0,0,1,1,0,0,0,0,0,0,0,0,0,0,0,1,1,0,0,0,0,0,0,0,0,0,0,0,0,0,0,0,0,0,0,0,0,0,0
4,6,3,1,0,5,9,4,7,4,5,7,17,22,11,16,34,27,23,23,34,36,42,60,44,65,64,59,71,108,94,86,99,124,132,134,168,154,156,195,167,192,232,247,262,260,246,214,291,265,241,265,295,288,315,330,320,310,332,300,337,321,306,307,285,353,302,281,259,284,295,285,242,246,248,217,228,222,214,215,220,206,146,164,166,146,136,138,173,139,125,114,112,99,95,99,98,67,86,77,72,63,50,48,64,57,49,42,51,33,40,28,26,44,28,35,26,27,27,18,18,18,17,16,23,15,4,12,11,14,10,6,11,7,6,9,7,6,9,6,2,2,10,4,2,2,6,0,0,5,0,1,0,0,1,1,0,0,1,4,1,0,0,1,1,0,0,0,0,2,0,0,0,0,0,0,0,0,0,0,0,0,0,0,0,0,0,0,0,0,0,0,0,0,0,0,0,0,0,0
5,6,5,0,1,10,13,3,7,3,8,12,19,16,9,30,22,27,17,30,34,36,63,71,43,54,77,44,76,94,110,84,109,106,129,115,170,173,161,175,149,226,225,234,228,248,265,246,297,295,261,241,278,314,307,289,310,275,348,304,382,290,310,307,296,314,283,274,297,254,259,264,220,237,230,195,207,232,192,181,192,168,150,158,157,137,136,143,127,106,117,108,112,117,121,92,71,69,84,60,61,63,52,57,50,52,53,47,33,36,32,40,34,33,22,27,32,25,17,20,20,11,22,16,16,11,12,16,5,13,7,12,5,11,9,4,8,1,7,3,2,2,2,3,3,4,4,3,5,3,1,2,1,2,0,1,1,0,0,1,0,0,0,0,1,0,0,0,0,1,0,0,0,0,0,0,0,0,0,0,0,0,0,0,0,0,0,0,0,0,0,0,0,0,0,0,0,0,0,0
3,6,4,0,2,5,6,5,8,4,11,10,17,10,9,21,32,24,26,27,36,39,52,94,46,72,65,55,60,82,116,74,113,101,123,125,140,179,151,186,139,206,226,208,242,228,260,233,264,309,254,255,276,307,263,328,289,280,314,271,331,340,292,287,287,320,277,241,262,285,262,235,233,233,256,213,202,203,192,184,186,181,146,182,158,154,131,137,116,118,93,97,115,93,93,94,84,73,90,75,76,47,56,63,50,47,45,37,43,37,40,35,32,33,30,19,18,16,15,14,19,16,18,10,11,19,10,15,9,9,16,7,6,10,5,6,7,4,5,1,3,2,5,3,1,0,2,1,5,2,2,3,1,0,0,1,0,0,1,2,0,0,0,0,0,0,0,0,1,0,0,0,0,0,0,0,0,1,0,0,0,0,0,0,0,0,0,0,0,0,0,0,0,0,0,0,0,0,0,0
3,2,1,1,1,6,7,14,5,1,7,12,20,18,12,18,32,24,22,14,29,42,49,72,53,59,51,57,64,90,98,77,94,99,104,99,140,170,157,165,147,214,239,225,240,252,242,244,250,270,230,236,254,308,290,299,275,285,304,289,358,314,325,301,299,294,290,204,293,284,270,260,241,232,238,198,184,223,165,210,182,192,135,173,160,133,108,131,114,127,107,103,96,93,80,73,88,71,75,55,58,61,62,58,53,43,48,51,43,41,25,36,28,31,20,25,20,17,24,15,14,12,22,18,22,11,3,10,8,6,8,9,5,2,11,4,7,3,3,3,3,5,6,2,3,3,3,6,2,3,0,0,2,0,1,1,1,0,2,1,1,0,1,0,0,1,0,1,0,0,0,0,0,0,0,0,0,0,0,0,0,0,0,0,0,0,0,0,0,0,0,0,0,0,0,0,0,0,0,0
7,5,3,0,1,3,7,5,10,4,5,6,25,11,14,15,30,23,25,32,37,51,50,74,54,55,69,54,73,93,123,79,108,91,126,121,171,151,179,182,156,184,234,209,251,233,255,223,246,265,256,274,289,287,293,310,297,282,300,250,319,299,265,284,255,247,289,253,240,240,208,201,197,235,223,200,167,167,163,200,155,160,153,151,150,166,125,111,114,109,111,106,84,88,72,85,77,64,74,66,57,44,40,34,36,52,48,44,36,27,26,44,28,41,27,23,30,20,19,12,19,16,16,15,14,11,7,6,3,7,8,10,6,6,7,5,5,3,5,6,10,1,3,3,1,2,3,4,1,1,2,0,0,0,2,0,4,0,2,1,1,0,1,0,1,0,0,0,0,0,0,0,0,0,0,0,0,1,0,0,0,1,0,0,0,0,0,0,0,0,0,0,0,0,0,0,0,0,0,0
4,3,5,1,0,8,6,7,6,8,8,15,23,15,17,15,34,26,22,27,47,43,44,71,55,54,75,47,64,91,101,86,109,93,125,127,171,162,178,183,147,199,210,185,230,220,249,216,267,241,212,243,267,265,281,316,263,293,281,261,296,312,256,322,278,262,255,241,240,258,237,247,181,226,212,207,205,206,175,166,174,144,127,141,140,131,132,116,119,120,91,116,96,99,70,70,78,58,76,50,49,52,52,47,41,44,42,37,29,33,13,40,25,27,28,21,16,15,18,16,11,11,12,8,13,10,9,5,5,4,4,5,7,3,8,1,6,3,2,5,3,2,5,4,1,3,3,4,2,1,4,2,3,1,3,2,0,0,0,0,0,1,0,0,1,0,0,0,1,1,0,0,0,0,0,0,0,0,0,0,0,0,0,0,0,0,0,0,0,0,0,0,0,0,0,0,0,0,0,0
8,2,5,1,1,6,6,3,5,7,12,7,19,16,11,19,30,29,24,18,46,38,54,68,46,46,69,38,73,105,107,64,114,97,142,102,165,149,175,201,160,196,217,206,189,253,215,215,243,258,224,261,260,266,258,272,265,251,314,293,305,289,235,289,262,238,265,238,237,221,213,207,198,200,217,174,173,186,173,165,167,128,128,115,135,121,108,128,101,108,74,86,78,81,63,76,61,58,66,56,59,51,51,54,40,41,37,44,36,29,26,25,16,22,18,18,18,14,19,12,10,9,19,11,18,14,12,9,6,10,8,6,5,3,5,4,6,2,6,1,3,4,3,1,1,1,1,2,0,1,0,1,0,2,3,2,0,1,0,1,0,0,1,0,1,1,0,0,0,0,0,0,0,0,0,0,0,0,0,0,0,0,0,0,0,0,0,0,0,0,0,0,0,0,0,0,0,0,0,0
4,4,6,1,1,3,12,7,13,6,10,9,18,15,14,22,32,24,26,34,29,55,59,67,44,50,53,51,74,84,114,66,85,104,117,142,158,159,147,170,123,199,213,200,216,224,209,186,263,265,222,203,250,279,276,254,247,253,313,283,295,310,293,253,229,275,264,199,208,249,218,210,194,197,212,162,153,168,169,170,159,162,116,128,113,94,115,105,106,81,83,96,77,90,63,59,72,35,66,42,56,51,39,46,51,36,45,23,31,35,27,30,16,22,23,19,18,12,22,10,14,6,14,13,13,3,8,8,7,3,4,6,5,1,6,3,3,3,5,2,3,3,2,5,1,2,2,3,3,2,1,0,2,0,2,1,1,0,2,0,1,2,0,0,1,1,0,0,1,0,0,0,0,0,0,0,0,0,0,0,0,1,0,0,0,0,0,0,0,0,0,0,0,0,0,0,0,0,0,0
2,9,3,2,0,5,6,4,7,5,16,10,11,25,10,27,25,27,22,21,38,49,57,78,36,49,47,55,86,70,99,68,95,91,116,115,163,149,142,168,156,194,217,206,193,250,256,193,211,248,236,237,220,265,264,280,257,248,275,259,296,289,255,247,252,256,265,214,204,216,195,195,176,181,192,174,161,163,163,152,129,143,107,102,130,109,115,115,99,91,73,85,77,74,77,65,71,59,60,54,41,43,33,33,42,34,28,33,34,33,27,28,22,23,21,11,15,19,18,12,12,13,13,13,19,10,5,10,5,9,6,8,5,2,5,3,3,2,3,6,2,1,2,2,1,3,4,2,2,1,1,1,2,0,0,0,0,0,2,0,0,0,0,0,2,1,0,0,0,0,0,0,0,0,0,0,0,0,0,0,0,0,0,0,0,0,0,0,0,0,0,0,0,0,0,0,0,0,0,0
1,4,4,1,0,3,12,4,4,5,6,7,22,16,12,19,34,24,24,28,38,40,45,72,48,57,56,58,61,76,112,72,95,91,110,115,163,153,138,185,153,177,195,198,203,250,217,206,227,254,209,231,232,258,262,304,260,241,244,277,259,288,231,278,244,235,225,195,250,232,189,210,175,185,210,162,157,149,163,171,162,136,100,107,128,90,96,102,103,83,91,72,63,79,74,66,51,56,57,47,46,33,41,32,37,31,25,25,27,42,22,28,15,23,26,12,14,19,17,11,7,10,16,11,12,10,5,7,5,12,6,10,4,2,8,7,4,1,3,6,3,2,0,4,1,2,1,5,2,1,1,2,1,3,0,1,0,0,0,0,0,0,1,0,0,0,0,0,0,0,0,0,0,0,0,0,0,0,0,0,0,0,0,0,0,0,0,0,0,0,0,0,0,0,0,0,0,0,0,0
4,14,1,1,1,1,5,3,5,5,8,10,13,21,6,17,26,33,17,26,48,39,57,81,44,49,48,47,77,65,106,67,99,121,112,108,155,135,169,151,139,171,191,184,199,205,224,243,224,236,220,209,239,270,228,272,252,246,238,233,266,240,225,249,259,239,213,228,217,205,212,177,183,171,172,160,181,168,139,149,147,139,111,105,117,102,102,96,80,84,69,74,68,59,64,80,67,56,57,40,49,36,34,40,31,28,31,16,27,25,26,21,17,19,10,15,14,13,17,12,5,10,12,5,10,12,8,8,6,4,6,7,5,4,9,5,4,1,3,3,4,0,5,3,1,5,1,1,4,1,1,1,0,0,2,2,0,2,0,2,0,0,1,0,1,0,0,0,0,0,0,0,0,0,0,0,0,0,0,0,0,0,0,0,0,0,0,0,0,0,0,0,0,0,0,0,0,0,0,0
4,4,3,0,0,7,11,5,9,4,6,14,16,18,13,16,30,29,19,29,27,38,51,76,46,37,67,43,94,88,120,64,104,92,103,100,146,144,143,167,123,182,208,215,208,202,212,205,229,222,202,206,234,268,251,262,257,219,242,223,283,257,227,222,244,223,224,208,213,189,214,186,165,154,198,157,142,132,134,145,133,127,97,100,101,111,93,98,79,87,71,86,73,52,66,51,64,46,51,37,40,40,45,30,38,23,43,25,32,28,21,35,17,23,23,20,12,14,15,9,13,9,18,13,10,10,4,7,3,2,4,4,3,4,11,4,5,4,1,3,2,1,2,4,1,2,3,3,0,0,3,0,0,1,0,2,0,1,0,0,0,0,0,1,0,0,0,0,0,0,0,0,0,0,0,0,0,0,0,0,0,0,0,0,0,0,0,0,0,0,0,0,0,0,0,0,0,0,0,0
1,3,3,2,2,6,9,5,4,3,17,9,15,18,6,23,20,35,23,26,20,33,36,76,43,48,61,62,82,104,119,60,88,88,137,114,125,158,110,154,137,184,189,192,208,202,209,221,256,225,206,192,257,219,240,252,243,241,242,217,270,222,260,233,199,215,213,175,202,198,173,177,170,165,160,147,142,141,133,135,133,96,81,103,87,83,77,78,88,88,59,73,63,63,69,59,59,49,29,31,35,36,26,34,41,26,35,23,21,32,24,21,24,23,16,14,19,11,14,10,4,8,12,7,7,15,3,6,5,4,4,7,1,3,5,1,2,4,1,2,5,4,0,1,2,0,1,1,1,1,1,1,1,0,0,2,0,0,1,1,0,0,0,0,0,0,0,0,0,0,0,0,0,0,0,0,0,0,0,0,0,0,0,0,0,0,0,0,0,0,0,0,0,0,0,0,0,0,0,0
5,4,0,0,0,7,8,8,7,7,7,5,18,19,10,19,24,18,17,18,37,43,50,86,47,48,41,53,80,66,85,69,89,93,112,117,160,137,156,151,123,179,219,169,197,233,217,197,185,246,177,223,226,231,247,259,219,217,253,221,249,235,247,213,203,209,205,168,211,204,191,198,160,150,166,145,124,109,114,143,118,114,79,96,82,84,97,73,71,80,72,53,72,60,71,54,52,42,43,40,49,29,27,34,31,33,30,31,23,29,21,17,22,21,15,6,12,9,14,9,4,6,8,6,13,11,8,3,1,3,10,6,4,3,4,4,3,2,2,4,1,4,5,3,0,3,0,0,2,2,1,2,1,1,0,1,1,0,0,1,0,0,0,0,0,0,0,0,0,0,0,0,0,0,0,0,0,0,0,0,0,0,0,0,0,0,0,0,0,0,0,0,0,0,0,0,0,0,0,0
3,4,4,0,0,4,13,9,6,6,11,9,18,17,4,15,21,27,18,30,31,43,49,73,31,51,59,46,71,81,100,68,97,100,106,86,146,130,149,136,129,181,192,166,186,199,217,184,182,216,176,206,226,239,216,248,241,216,223,227,274,239,220,240,177,226,184,182,182,177,161,156,161,161,170,133,134,126,116,133,119,110,78,98,84,110,73,88,86,80,59,65,69,53,40,55,51,44,46,45,29,31,31,38,35,34,30,26,23,14,23,25,18,19,14,20,9,15,12,9,11,8,7,8,13,11,3,5,4,5,4,4,2,3,6,2,7,3,5,1,1,4,0,2,0,1,2,1,2,2,1,1,0,0,0,1,0,0,0,2,0,0,0,0,1,0,0,0,0,0,0,0,0,0,0,0,0,0,0,0,0,0,0,0,0,0,0,0,0,0,0,0,0,0,0,0,0,0,0,0
2,5,5,0,2,2,12,4,5,7,11,9,13,7,14,16,22,20,18,27,33,35,51,50,45,36,48,54,64,91,93,66,80,85,123,107,144,151,134,156,119,172,189,185,191,234,185,171,236,224,190,178,201,205,228,220,220,199,209,199,246,229,215,219,201,202,196,158,193,177,175,177,176,156,156,136,108,134,129,122,117,121,82,89,88,86,76,71,71,66,51,60,47,56,46,51,40,32,36,44,43,30,27,23,32,33,29,28,16,22,17,22,17,14,11,14,8,11,13,11,5,12,8,11,11,6,8,8,7,5,5,4,3,2,5,3,3,2,2,4,4,1,2,1,0,4,2,1,4,5,2,0,0,0,0,0,2,0,0,0,0,0,1,0,2,0,0,0,0,0,0,0,0,0,0,0,0,0,0,0,0,0,0,0,0,0,0,0,0,0,0,0,0,0,0,0,0,0,0,0
4,5,1,0,2,1,6,2,4,3,4,14,19,17,10,12,24,22,23,22,27,35,41,70,45,49,52,56,74,78,81,68,98,86,116,104,131,130,150,139,119,157,173,186,192,177,199,201,229,221,169,179,182,210,234,221,214,201,234,218,274,197,204,202,199,210,185,166,189,172,156,153,137,160,153,126,140,147,146,123,110,106,81,97,86,85,68,71,57,68,57,59,64,53,52,44,51,44,43,44,45,35,23,34,29,30,25,25,22,23,25,26,12,21,17,16,11,14,12,13,7,8,9,8,9,3,2,11,2,4,4,7,4,6,3,4,2,3,1,3,6,0,1,2,1,2,1,1,1,3,0,2,0,1,1,0,2,0,1,2,0,1,0,0,0,0,0,0,0,0,0,0,0,0,0,0,0,0,0,0,0,0,0,0,0,0,0,0,0,0,0,0,0,0,0,0,0,0,0,0
3,6,2,1,1,3,5,4,4,3,14,14,21,14,13,15,28,21,25,30,41,36,41,66,30,47,57,55,51,77,83,70,92,97,118,108,167,135,136,153,153,158,176,188,172,176,207,188,212,206,175,172,197,211,208,241,210,202,215,202,230,189,184,217,179,183,186,158,174,175,145,147,139,151,144,127,102,120,109,121,111,93,83,95,96,84,68,88,60,55,50,46,52,44,64,43,42,31,32,47,29,26,25,21,24,25,25,23,19,24,8,18,21,20,15,10,6,8,13,14,7,3,11,10,10,2,4,6,3,1,7,6,5,3,3,2,1,4,7,4,1,1,1,3,1,2,0,2,0,3,0,2,0,1,0,0,1,0,0,2,0,0,1,0,0,0,0,0,0,0,0,0,0,0,0,0,0,0,0,0,0,0,0,0,0,0,0,0,0,0,0,0,0,0,0,0,0,0,0,0
4,5,4,0,0,1,9,4,5,2,9,4,23,14,11,20,20,17,22,25,27,34,39,56,49,58,37,51,73,79,95,58,92,81,106,95,138,138,110,147,150,173,177,168,166,167,221,164,200,201,184,197,207,206,196,207,206,205,208,196,221,189,217,196,195,173,164,168,159,145,166,143,147,140,141,115,111,129,90,90,125,108,60,78,83,88,62,75,63,76,54,65,51,42,43,50,45,36,26,40,29,41,25,20,32,23,28,19,20,25,16,18,17,16,18,11,15,2,5,8,3,3,9,9,8,9,4,5,3,7,3,2,2,4,2,1,2,6,3,2,2,2,1,1,1,1,0,2,2,1,1,1,0,1,1,2,1,0,0,0,0,0,0,0,0,0,0,0,0,0,0,0,0,0,0,0,0,0,0,0,0,0,0,0,0,0,0,0,0,0,0,0,0,0,0,0,0,0,0,0
5,5,2,2,1,4,8,7,9,5,8,9,12,13,9,13,21,20,19,28,31,44,40,56,29,42,52,45,59,70,87,47,75,81,100,101,127,113,135,135,128,168,193,179,170,185,171,178,195,180,170,162,175,203,217,189,188,220,208,189,217,183,203,184,163,182,171,149,166,167,146,149,151,141,138,95,97,129,113,108,93,110,74,98,75,69,50,44,56,67,49,56,41,50,46,33,31,33,41,33,25,26,27,22,25,14,29,17,8,12,17,18,12,6,13,14,16,7,8,12,8,9,12,4,9,8,2,3,2,2,5,2,3,0,6,4,4,3,7,3,2,2,3,2,0,0,1,1,1,1,3,2,0,0,2,0,1,0,0,0,1,0,0,0,0,0,0,0,0,0,0,0,0,0,0,0,0,0,0,0,0,0,0,0,0,0,0,0,0,0,0,0,0,0,0,0,0,0,0,0
3,3,0,0,3,4,8,4,4,5,10,9,22,17,10,16,21,24,21,22,40,31,33,67,37,35,51,52,68,61,83,65,97,86,117,111,116,137,126,145,120,168,175,149,172,204,182,160,189,179,173,164,179,221,197,210,225,153,189,180,219,192,196,171,195,167,154,145,161,138,181,135,150,127,110,117,110,117,95,102,71,108,60,90,74,80,67,73,64,53,43,74,49,51,41,35,39,31,34,23,26,16,23,18,18,19,20,12,16,18,21,9,15,17,9,7,6,9,2,7,10,6,10,8,9,1,2,1,2,3,4,6,4,1,2,3,1,4,3,1,1,1,0,2,2,1,0,1,1,1,0,1,1,0,3,1,1,0,0,1,0,0,0,1,1,0,0,0,0,0,0,0,0,0,0,0,0,0,0,0,0,0,0,0,0,0,0,0,0,0,0,0,0,0,0,0,0,0,0,0
3,4,2,0,1,4,4,3,8,5,11,8,15,15,9,24,17,14,21,16,24,41,39,65,34,43,54,45,55,81,99,63,84,90,95,92,132,123,125,137,109,123,173,159,155,168,148,135,212,194,152,163,181,186,192,226,193,159,190,189,184,174,163,148,186,171,153,148,148,149,137,137,135,119,132,103,102,141,100,112,85,81,80,74,62,69,54,64,62,57,56,52,58,39,38,31,31,28,27,26,30,31,17,23,27,22,25,21,13,19,10,16,8,20,8,13,9,5,9,10,4,4,7,6,8,1,3,1,1,1,8,7,4,1,2,1,1,3,2,0,1,3,3,2,0,2,1,4,0,0,0,1,0,0,1,0,0,0,0,1,0,0,0,0,0,0,0,0,0,0,0,0,0,0,0,0,0,0,0,0,0,0,0,0,0,0,0,0,0,0,0,0,0,0,0,0,0,0,0,0
7,2,3,0,0,1,6,8,6,4,2,7,15,14,11,11,31,18,17,21,37,32,34,64,40,46,36,48,62,76,76,67,70,70,92,89,129,122,131,133,113,139,138,161,147,181,175,172,170,224,148,169,182,170,215,199,167,178,160,159,195,183,152,202,181,168,164,144,142,152,135,124,124,126,119,84,93,90,101,110,74,80,68,70,72,63,48,49,51,44,42,44,41,44,39,32,28,39,24,30,33,19,21,25,9,18,12,22,8,25,20,15,17,12,11,8,16,12,5,3,5,4,10,5,9,6,6,4,3,4,4,6,2,6,3,2,5,2,2,3,1,0,1,1,0,2,0,3,3,1,0,1,0,0,0,2,0,0,0,0,0,0,0,0,0,0,0,0,0,0,0,0,0,0,0,0,0,0,0,0,0,0,0,0,0,0,0,0,0,0,0,0,0,0,0,0,0,0,0,0
4,7,2,0,1,5,6,6,4,4,7,9,19,11,9,22,28,20,14,19,29,47,34,76,39,49,54,43,58,69,84,47,74,69,95,89,113,119,113,124,143,115,150,153,166,163,179,149,172,185,176,148,184,197,187,193,184,164,169,154,222,201,167,148,178,137,152,126,136,157,139,117,112,102,126,104,97,105,92,87,84,83,72,67,59,49,60,55,49,59,43,47,57,55,35,36,23,34,35,26,33,26,14,11,15,28,14,14,14,16,11,13,12,19,9,8,11,8,8,7,6,6,11,3,5,1,3,4,3,5,2,3,4,4,5,1,8,2,6,3,1,1,3,2,0,0,0,0,0,1,3,0,0,1,0,0,0,0,1,1,0,0,0,0,0,0,0,0,0,0,0,0,0,0,0,0,0,0,0,0,0,0,0,0,0,0,0,0,0,0,0,0,0,0,0,0,0,0,0,0
3,4,3,1,2,4,6,4,3,7,13,8,19,19,11,18,29,23,18,21,40,31,32,60,46,60,53,51,59,72,89,62,82,63,95,95,120,102,126,111,125,140,151,149,150,168,168,142,180,159,163,155,161,185,183,181,169,172,177,157,197,160,157,155,149,135,140,126,147,148,127,140,121,121,127,98,111,93,76,79,92,95,74,69,70,59,60,48,39,47,44,48,41,29,50,39,43,28,28,28,30,32,20,25,14,22,22,12,8,13,8,10,9,5,8,8,5,7,9,5,3,5,11,5,5,7,3,2,3,4,4,4,2,3,8,4,1,1,3,3,0,2,4,1,0,0,0,0,2,0,3,1,0,1,0,0,0,0,0,0,0,0,0,0,0,0,0,0,1,0,0,0,0,0,0,0,0,0,0,0,0,0,0,0,0,0,0,0,0,0,0,0,0,0,0,0,0,0,0,0
7,2,4,1,0,4,10,6,6,7,4,7,18,15,13,18,18,21,23,17,28,33,48,55,49,43,45,49,48,68,87,56,80,75,100,97,127,113,121,108,123,131,154,152,141,168,153,162,158,187,150,161,160,175,188,167,163,166,169,143,182,149,178,153,148,131,147,121,140,138,135,118,126,99,108,93,95,98,83,87,95,59,63,73,62,50,44,51,46,54,42,53,42,30,33,31,36,27,24,24,22,24,18,19,14,15,20,17,15,16,15,14,10,15,15,9,9,2,8,2,3,5,8,3,3,8,3,2,3,2,4,1,2,3,4,2,2,0,3,1,2,1,2,0,0,2,2,0,1,0,1,0,0,0,0,1,0,0,1,0,0,1,0,1,0,0,0,0,0,0,0,0,0,0,0,0,0,0,0,0,0,0,0,0,0,0,0,0,0,0,0,0,0,0,0,0,0,0,0,0
3,3,0,0,0,2,11,10,5,7,10,8,20,16,12,23,16,18,14,22,32,31,34,51,37,33,35,54,51,80,75,56,71,74,86,81,114,96,81,129,104,133,140,157,147,151,161,149,189,168,163,143,145,157,171,174,165,151,152,161,153,168,146,153,129,140,140,136,119,125,128,114,107,97,111,84,99,89,79,78,65,67,63,57,71,56,54,48,47,44,40,30,48,32,33,34,24,26,28,22,26,22,16,21,9,19,13,15,14,21,7,18,15,13,9,13,12,8,7,6,7,2,8,7,9,3,2,3,3,3,4,0,3,1,3,3,5,4,1,1,1,2,0,2,1,0,0,1,0,1,0,0,1,0,0,0,1,0,0,0,0,0,0,0,0,0,0,0,0,0,0,0,0,0,0,0,0,0,0,0,0,0,0,0,0,0,0,0,0,0,0,0,0,0,0,0,0,0,0,0
6,7,1,0,1,3,4,2,6,7,7,9,11,15,8,14,17,17,19,21,38,27,32,69,30,43,39,48,52,71,75,48,74,74,82,78,104,114,116,122,103,137,154,165,157,145,155,138,134,171,141,133,145,145,177,191,153,154,163,136,180,147,146,140,138,147,138,103,143,119,117,104,87,105,103,75,78,82,77,68,68,83,63,47,52,48,60,66,51,43,38,38,40,32,32,27,28,22,21,22,24,21,14,17,24,16,13,14,15,5,10,16,7,8,5,10,3,10,5,5,3,2,8,5,6,7,3,4,1,4,3,3,4,3,2,1,3,1,3,2,2,0,6,0,0,1,0,1,1,1,1,2,0,0,1,1,0,0,0,1,0,0,0,0,0,0,0,0,0,0,0,0,0,0,0,0,0,0,0,0,0,0,0,0,0,0,0,0,0,0,0,0,0,0,0,0,0,0,0,0
3,3,3,0,0,1,13,11,7,3,6,10,11,11,9,19,23,14,18,22,26,23,48,60,33,31,44,50,46,55,76,47,85,76,97,70,117,113,107,118,92,122,140,142,123,168,171,129,174,153,137,166,141,156,161,171,148,162,172,159,173,145,141,143,124,145,121,110,131,99,121,91,101,94,109,87,78,85,71,61,74,81,53,47,56,50,45,35,63,37,40,38,35,37,34,34,35,23,34,19,19,18,15,24,13,8,20,17,12,12,16,10,13,8,11,6,10,2,8,9,6,3,8,3,5,7,3,2,3,3,3,3,2,1,1,2,3,5,3,1,3,3,3,0,0,0,0,0,0,1,1,0,0,0,0,1,1,0,0,0,0,0,0,0,0,0,0,0,0,0,0,0,0,0,0,0,0,0,0,0,0,0,0,0,0,0,0,0,0,0,0,0,0,0,0,0,0,0,0,0
1,2,1,1,1,2,5,4,5,4,4,8,17,12,15,15,23,8,14,25,23,42,34,55,32,34,37,51,71,64,72,54,76,81,79,82,137,104,120,121,105,138,132,125,130,150,122,138,135,131,132,133,176,137,162,164,149,127,181,145,152,159,139,154,111,122,141,137,110,105,117,100,93,90,80,83,70,74,60,76,49,65,57,52,50,49,55,35,47,39,40,38,37,51,32,26,27,15,25,26,24,17,13,12,20,20,18,14,12,10,11,9,9,15,5,3,8,10,4,4,6,3,4,5,4,3,4,6,5,6,1,4,5,2,3,4,3,1,1,0,1,0,3,0,0,0,1,0,0,1,1,2,0,1,0,0,1,0,0,0,0,0,1,0,0,0,0,0,0,0,0,0,0,0,0,0,0,0,0,0,0,0,0,0,0,0,0,0,0,0,0,0,0,0,0,0,0,0,0,0
7,4,2,0,0,1,5,1,7,5,7,11,17,12,16,13,17,18,15,22,29,38,30,69,33,47,39,33,56,51,72,41,63,63,91,85,120,86,95,107,103,126,141,126,116,155,147,138,155,173,134,125,128,166,143,187,144,139,148,156,160,143,136,136,131,125,123,125,128,102,104,112,104,90,88,96,71,68,68,69,63,65,46,57,56,46,59,48,45,48,41,30,33,34,23,28,28,14,21,13,17,13,21,8,19,10,9,14,14,16,10,11,8,11,7,8,8,10,9,5,2,8,6,2,4,3,2,1,2,2,2,5,7,1,1,3,2,1,3,0,1,2,1,1,0,0,1,0,1,0,1,0,0,1,0,0,0,0,1,0,0,0,0,0,0,0,0,0,0,0,0,0,0,0,0,0,0,0,0,0,0,0,0,0,0,0,0,0,0,0,0,0,0,0,0,0,0,0,0,0
1,3,2,1,0,2,8,5,4,7,13,9,17,16,6,15,16,18,21,17,27,38,31,45,44,37,34,39,55,61,78,50,52,68,85,76,102,106,109,118,101,112,139,118,141,136,121,128,134,160,140,135,146,158,144,146,161,160,154,129,158,146,141,134,130,127,120,109,94,93,78,98,89,93,95,68,66,68,72,71,73,59,48,50,49,38,37,51,34,55,30,39,21,30,20,33,38,23,13,20,15,15,16,10,16,15,16,11,14,5,11,10,10,5,10,6,10,7,7,4,11,2,9,8,9,2,0,2,1,2,7,2,4,1,3,2,3,1,1,4,0,1,0,1,0,0,0,1,2,2,0,1,0,0,0,0,0,0,1,0,0,0,0,0,0,0,0,0,0,0,0,0,0,0,0,0,0,0,0,0,0,0,0,0,0,0,0,0,0,0,0,0,0,0,0,0,0,0,0,0
1,0,2,0,1,1,7,7,5,5,9,2,9,9,7,12,18,15,19,19,17,32,34,64,26,32,34,41,40,57,72,46,71,68,83,95,102,77,94,117,101,119,124,124,129,142,138,137,125,144,135,110,151,154,156,163,129,129,133,130,153,119,114,130,112,128,117,121,107,101,101,82,81,81,104,75,66,78,70,77,69,70,35,50,60,37,49,36,41,33,30,37,29,29,25,18,26,24,22,18,21,17,16,13,13,13,14,14,9,12,9,8,11,8,10,7,3,4,4,5,4,4,6,6,1,1,3,3,1,2,1,3,0,0,2,2,3,0,3,2,0,2,0,0,2,1,2,1,0,0,1,1,0,0,0,1,0,0,0,1,0,0,0,0,0,0,0,0,0,0,0,0,0,0,0,0,0,0,0,0,0,0,0,0,0,0,0,0,0,0,0,0,0,0,0,0,0,0,0,0
3,5,4,0,0,3,3,1,4,1,5,8,9,12,10,15,19,13,11,21,30,45,35,56,32,34,45,39,51,54,63,53,66,73,82,87,92,99,91,98,104,116,121,114,112,146,128,126,140,132,129,119,131,124,144,132,114,131,150,133,136,147,124,129,135,113,109,93,105,117,112,109,96,66,87,82,63,85,69,67,69,40,32,47,49,42,33,42,38,37,41,33,33,28,34,27,24,20,19,20,28,11,11,14,15,11,17,8,12,6,4,9,12,12,6,10,6,9,10,3,4,3,4,3,4,3,3,3,2,2,2,5,1,3,3,3,4,2,2,1,1,1,1,1,0,0,1,0,0,1,0,0,0,1,0,0,0,1,0,0,0,0,0,0,0,0,0,0,0,0,0,0,0,0,0,0,0,0,0,0,0,0,0,0,0,0,0,0,0,0,0,0,0,0,0,0,0,0,0,0
3,2,3,0,0,2,7,5,5,4,6,11,9,16,11,20,22,18,15,23,30,34,25,39,41,29,42,34,42,51,61,63,70,64,65,79,98,98,91,111,79,139,100,106,126,115,121,124,115,137,129,106,122,123,128,151,129,148,140,118,131,141,134,111,113,125,107,99,87,84,106,92,74,76,69,59,65,69,65,61,59,58,49,43,40,52,40,27,38,37,25,27,33,25,21,22,22,20,19,25,13,10,7,10,13,18,19,19,9,18,10,9,7,7,9,5,10,7,2,2,3,3,5,6,2,6,1,6,2,2,0,4,1,2,4,1,0,0,1,0,0,0,3,0,1,0,0,1,0,1,0,0,3,0,0,0,0,0,0,0,0,0,0,0,0,0,0,0,0,0,0,0,0,0,0,0,0,0,0,0,0,0,0,0,0,0,0,0,0,0,0,0,0,0,0,0,0,0,0,0
4,3,1,2,0,3,7,7,4,0,5,5,21,8,7,10,16,12,18,13,23,27,37,40,34,40,35,37,43,68,68,54,65,67,89,74,83,81,116,104,100,114,126,129,117,128,129,126,156,144,107,107,120,132,134,141,138,117,142,133,153,128,119,118,102,131,128,81,91,100,82,82,74,93,77,59,68,70,63,59,64,51,55,54,42,28,38,29,37,39,26,20,21,20,26,37,24,15,20,15,22,11,7,13,11,7,14,12,11,14,6,7,6,11,6,5,6,2,4,6,4,3,6,2,6,8,4,3,0,2,2,3,0,2,3,0,0,2,1,2,1,1,0,1,0,2,1,0,1,2,0,0,0,0,0,1,1,0,0,1,0,0,0,0,0,0,0,0,0,0,0,0,0,0,0,0,0,0,0,0,0,0,0,0,0,0,0,0,0,0,0,0,0,0,0,0,0,0,0,0
1,2,2,1,0,2,3,5,4,5,7,13,19,9,5,17,15,23,11,18,25,29,16,48,28,23,36,39,50,62,81,44,53,51,69,69,124,84,98,104,72,104,128,122,114,123,126,110,125,122,120,131,143,124,137,131,118,105,133,114,121,129,108,119,111,106,110,106,102,85,84,80,82,85,80,64,52,59,65,52,51,54,36,37,51,45,35,36,41,36,30,24,37,23,22,25,22,24,13,22,20,12,16,10,14,15,10,11,6,9,7,12,6,11,5,3,4,4,5,1,3,4,3,3,1,4,2,2,0,3,1,1,4,2,2,2,2,1,0,1,1,0,0,1,1,1,0,0,1,1,1,0,1,0,0,1,1,0,0,0,0,0,0,0,0,0,0,0,0,0,0,0,0,0,0,0,0,0,0,0,0,0,0,0,0,0,0,0,0,0,0,0,0,0,0,0,0,0,0,0
5,1,3,0,1,3,3,8,6,1,7,8,10,13,10,12,11,17,12,19,21,24,35,48,32,33,35,43,41,51,64,37,57,49,69,65,93,91,69,116,78,92,126,112,114,116,117,123,137,129,124,107,93,116,106,131,124,104,116,117,138,112,111,108,119,111,101,76,99,95,96,83,81,70,96,58,64,74,54,63,44,47,44,44,46,50,49,39,44,26,25,22,20,30,20,25,24,14,25,17,11,18,18,14,9,14,18,19,8,15,5,11,9,6,4,8,4,1,8,5,2,0,1,3,4,2,3,1,2,5,0,5,2,2,3,0,3,0,1,2,2,1,2,1,1,0,0,0,0,0,0,0,0,0,0,0,0,0,0,0,0,1,0,0,0,0,0,0,0,0,0,0,0,0,0,0,0,0,0,0,0,0,0,0,0,0,0,0,0,0,0,0,0,0,0,0,0,0,0,0
3,3,1,0,1,2,5,4,5,1,10,6,11,8,6,12,20,12,14,21,24,21,32,53,24,28,34,28,50,57,67,58,62,71,64,68,91,80,84,97,67,85,90,99,116,107,126,117,113,114,104,121,151,122,136,107,112,100,142,94,110,115,122,106,95,110,103,101,94,96,80,65,69,86,65,61,56,62,53,46,41,51,42,39,44,36,36,32,34,28,24,37,17,26,22,21,19,15,18,20,16,14,17,11,12,10,6,5,4,6,9,8,13,10,5,7,8,4,7,6,5,4,5,5,1,3,0,1,1,3,0,1,2,1,0,0,0,0,0,1,1,0,2,1,0,0,2,1,0,0,0,0,1,0,0,0,1,0,0,0,0,0,0,0,0,0,0,0,0,0,0,0,0,0,0,0,0,0,0,0,0,0,0,0,0,0,0,0,0,0,0,0,0,0,0,0,0,0,0,0
5,0,2,0,0,3,7,6,3,2,7,4,10,4,11,13,17,14,18,19,21,33,24,43,21,36,34,25,47,44,83,41,62,63,71,63,90,102,79,106,65,98,107,115,106,127,114,119,110,128,102,98,120,135,130,121,119,109,108,93,108,118,118,103,97,91,89,93,84,71,78,64,56,67,82,52,53,55,57,43,39,50,42,41,32,42,37,27,32,24,27,28,22,28,14,18,17,16,12,12,14,15,9,7,12,10,3,12,6,6,10,6,6,7,6,6,10,2,3,1,3,3,2,2,0,3,2,3,3,1,2,2,4,1,2,4,3,1,3,0,0,2,4,1,0,0,2,1,0,1,1,0,0,1,0,1,0,0,0,0,0,0,0,1,0,0,0,0,0,0,0,0,0,0,0,0,0,0,0,0,0,0,0,0,0,0,0,0,0,0,0,0,0,0,0,0,0,0,0,0
2,2,1,0,0,3,5,5,4,2,5,7,9,12,13,17,25,8,15,11,31,30,45,42,22,34,33,29,48,62,55,47,63,49,65,81,76,93,85,89,59,130,93,111,96,108,108,103,102,135,102,116,115,115,105,133,124,97,121,104,131,106,107,115,105,84,79,86,82,70,54,92,68,87,64,64,54,49,57,35,52,49,39,41,46,32,26,37,33,22,33,23,14,20,21,22,16,17,10,15,8,13,9,10,11,11,8,14,5,14,2,5,5,9,3,3,6,3,5,5,2,2,8,5,4,6,3,2,1,4,2,2,0,2,1,1,1,0,0,2,1,1,1,1,0,1,0,0,2,1,0,0,0,0,0,0,0,0,0,0,0,0,0,0,0,0,0,0,0,0,0,0,0,0,0,0,0,0,0,0,0,0,0,0,0,0,0,0,0,0,0,0,0,0,0,0,0,0,0,0
2,6,3,0,0,3,4,4,7,3,2,2,16,5,10,14,25,8,12,16,33,28,23,54,34,29,34,32,47,43,53,36,64,54,65,47,92,84,103,88,79,109,111,91,124,124,95,101,119,132,112,113,132,108,123,102,97,95,104,92,122,105,88,94,95,98,93,81,94,88,81,67,65,62,63,68,53,54,42,47,46,55,35,38,36,23,34,28,25,25,27,31,18,21,28,19,23,10,18,14,19,10,11,5,11,9,8,9,13,12,9,4,3,7,4,4,5,7,5,1,4,1,6,5,0,5,0,1,1,3,3,1,2,1,3,1,0,1,2,0,0,0,0,0,1,2,0,1,0,1,1,0,0,0,0,0,1,0,0,0,0,0,0,0,0,0,0,0,0,0,0,0,0,0,0,0,0,0,0,0,0,0,0,0,0,0,0,0,0,0,0,0,0,0,0,0,0,0,0,0
2,4,2,0,0,2,2,7,6,1,9,6,8,11,9,14,18,11,18,12,14,26,24,33,25,22,34,25,47,59,48,41,49,51,83,56,75,70,82,75,70,83,123,122,110,119,98,115,89,99,101,101,97,121,141,112,92,105,115,90,110,94,109,101,84,85,82,72,72,90,73,67,66,53,54,49,50,41,42,45,41,37,41,42,43,27,28,31,21,23,29,22,19,21,13,20,22,17,13,24,15,13,11,9,6,11,7,8,7,8,3,7,5,3,5,5,10,2,4,3,5,3,3,4,1,2,0,0,3,2,3,2,2,0,4,0,1,3,0,1,0,0,1,1,0,0,1,0,0,0,0,0,0,1,0,0,0,1,0,0,0,0,1,0,0,0,0,0,0,0,0,0,0,0,0,0,0,0,0,0,0,0,0,0,0,0,0,0,0,0,0,0,0,0,0,0,0,0,0,0
2,4,3,0,0,2,5,2,6,3,5,6,14,15,4,7,20,16,16,15,20,27,32,35,27,23,27,29,35,57,50,39,50,54,68,57,62,90,82,76,60,92,104,94,103,110,114,95,110,123,88,105,111,91,127,114,108,107,98,104,89,103,103,93,85,84,90,80,66,78,67,70,46,67,63,66,40,62,55,40,39,44,36,38,28,35,28,28,25,25,22,23,23,17,22,21,21,10,12,11,11,9,3,7,10,13,5,9,7,12,8,5,7,10,1,7,6,3,3,3,4,0,3,3,2,2,1,5,1,1,3,4,1,3,3,2,0,1,1,0,0,0,0,0,0,0,1,0,1,0,0,1,0,0,0,0,1,0,1,0,0,0,0,0,0,0,0,0,0,0,0,0,0,0,0,0,0,0,0,0,0,0,0,0,0,0,0,0,0,0,0,0,0,0,0,0,0,0,0,0
2,1,0,0,0,1,6,3,7,7,4,6,13,8,4,11,19,16,13,9,23,19,22,36,27,30,32,31,45,46,57,35,57,41,73,69,74,71,71,85,61,76,112,106,100,104,111,100,94,114,91,104,107,105,107,132,99,82,120,121,110,111,89,87,77,87,88,74,83,65,72,72,58,54,62,51,51,55,37,45,39,37,25,40,37,26,30,31,27,23,16,32,17,23,13,21,14,12,18,14,10,7,8,12,14,12,11,8,5,3,7,6,6,5,7,5,6,2,7,5,2,2,5,1,3,5,4,0,1,2,0,1,2,1,0,3,2,1,2,0,1,1,0,2,0,0,0,0,1,0,0,0,1,0,0,0,0,0,0,0,0,0,0,0,0,0,0,0,0,0,0,0,0,0,0,0,0,0,0,0,0,0,0,0,0,0,0,0,0,0,0,0,0,0,0,0,0,0,0,0
2,4,2,0,0,3,3,4,2,4,8,2,13,9,5,10,9,15,14,15,24,30,36,37,28,16,21,30,48,41,53,26,48,44,55,54,85,72,81,84,56,95,103,71,88,90,97,95,114,103,75,91,118,108,115,114,108,81,102,113,83,83,104,92,89,72,83,82,80,59,60,64,71,50,60,57,54,42,48,44,41,41,27,42,37,28,28,29,22,17,23,16,15,25,10,26,21,10,13,12,15,10,4,10,12,10,8,9,10,5,6,8,4,6,5,3,3,2,7,1,2,3,9,4,2,1,2,2,1,2,4,4,1,0,2,2,0,1,1,2,1,1,1,0,0,1,0,1,1,0,1,0,2,1,0,1,0,0,1,0,0,0,0,0,0,0,0,0,0,0,0,0,0,0,0,0,0,0,0,0,0,0,0,0,0,0,0,0,0,0,0,0,0,0,0,0,0,0,0,0
2,1,1,0,1,4,6,6,12,2,4,3,7,7,2,7,17,7,11,15,27,27,27,31,24,19,36,24,44,46,43,34,56,48,58,54,66,68,85,61,58,92,107,90,90,89,97,79,105,121,63,110,99,85,130,88,88,82,102,98,116,83,83,76,91,92,86,46,73,63,68,56,68,56,61,38,41,43,45,52,54,36,28,31,21,41,31,26,23,19,18,22,23,24,11,20,19,13,11,14,9,6,13,8,11,7,8,8,4,10,4,4,3,2,5,6,4,3,3,3,2,5,5,4,1,2,1,3,1,2,2,0,1,0,2,2,3,2,3,1,0,1,1,0,0,1,1,1,0,0,2,1,0,0,0,0,0,0,0,0,0,0,0,0,1,0,0,0,0,0,0,0,0,0,0,0,0,0,0,0,0,0,0,0,0,0,0,0,0,0,0,0,0,0,0,0,0,0,0,0
1,1,0,0,1,2,5,7,3,2,8,4,11,7,5,15,12,11,15,14,14,24,27,31,20,24,39,29,33,48,53,27,40,51,73,59,69,81,59,93,68,79,88,73,89,100,103,79,111,97,73,90,103,111,83,94,96,75,77,93,84,75,88,75,73,85,59,67,63,73,58,67,54,64,55,45,40,53,39,31,42,39,35,25,25,30,25,13,25,16,21,17,16,23,18,22,15,14,11,14,11,6,8,5,13,8,9,12,4,6,7,9,6,5,2,3,4,4,2,2,4,2,4,4,4,2,4,1,1,4,1,1,1,0,2,1,0,1,3,0,1,1,1,0,1,0,0,0,0,0,0,0,0,0,0,0,0,0,0,1,0,0,0,1,0,0,0,0,0,0,0,0,0,0,0,0,0,0,0,0,0,0,0,0,0,0,0,0,0,0,0,0,0,0,0,0,0,0,0,0
2,0,1,0,0,0,6,2,2,1,9,7,11,7,9,11,12,13,10,13,28,26,30,27,28,21,42,20,37,50,51,41,39,39,65,46,80,61,65,83,63,80,88,91,86,87,104,100,84,113,84,85,104,96,95,94,82,99,102,95,103,86,88,78,73,78,80,64,82,51,62,53,56,54,51,45,40,37,46,40,37,34,29,33,32,33,16,30,21,18,18,26,21,15,17,19,13,10,17,16,10,5,8,7,9,10,7,5,6,5,6,5,3,3,7,3,4,5,3,1,2,1,0,2,1,2,0,1,0,2,2,0,0,2,1,2,0,0,2,0,0,1,2,0,1,0,1,1,1,0,0,0,0,1,0,0,0,0,1,0,0,0,0,0,0,0,0,0,0,0,0,0,0,0,0,0,0,0,0,0,0,0,0,0,0,0,0,0,0,0,0,0,0,0,0,0,0,0,0,0
0,1,3,0,0,1,5,3,2,4,3,7,14,12,9,13,13,14,13,13,24,20,22,31,18,26,20,26,42,43,58,42,55,43,59,46,74,62,71,72,64,87,91,87,88,73,100,98,91,96,97,81,82,86,99,98,95,72,94,96,95,101,75,78,85,74,70,55,59,62,52,55,42,47,45,39,39,40,40,31,36,35,21,32,33,29,22,25,19,14,14,24,19,27,20,16,12,5,11,14,7,5,7,8,9,8,9,9,4,7,3,9,4,7,2,4,3,1,3,1,3,0,1,2,4,2,1,2,3,1,0,1,0,0,2,0,0,3,2,0,0,1,1,1,0,0,0,0,1,1,0,0,1,0,0,0,0,0,0,0,0,0,0,0,0,0,0,0,0,0,0,0,0,0,0,0,0,0,0,0,0,0,0,0,0,0,0,0,0,0,0,0,0,0,0,0,0,0,0,0
5,2,1,0,1,2,8,9,5,4,1,10,5,9,5,8,15,10,18,12,21,20,14,35,18,24,25,26,38,45,55,34,50,43,42,64,70,81,63,62,66,82,80,77,70,85,95,76,81,103,67,104,70,88,90,87,79,80,97,80,85,77,75,58,64,59,59,74,67,59,57,57,41,43,49,54,44,56,43,25,33,38,33,24,35,26,22,16,19,17,25,14,17,11,13,21,11,11,9,10,13,7,2,11,2,5,7,2,3,7,6,8,3,4,5,3,2,2,2,3,3,1,4,1,2,4,1,2,2,0,2,1,2,2,0,2,1,0,0,3,0,0,1,1,0,0,1,1,0,0,0,0,2,0,0,0,0,0,0,0,0,0,0,0,0,0,0,0,0,0,0,0,0,0,0,0,0,0,0,0,0,0,0,0,0,0,0,0,0,0,0,0,0,0,0,0,0,0,0,0
4,1,1,0,1,6,8,7,4,3,6,4,8,9,3,14,12,11,7,16,18,21,20,33,22,26,29,28,31,46,49,31,38,29,61,54,77,53,62,75,60,67,72,82,90,68,97,82,85,81,96,66,83,78,92,87,96,58,99,64,94,73,86,70,68,74,63,62,54,54,64,38,50,48,45,39,45,43,31,31,34,25,39,23,29,27,23,20,22,22,19,16,11,11,15,11,14,12,11,8,9,6,8,6,8,7,7,4,3,5,3,3,6,7,5,2,5,5,0,2,2,0,5,1,0,1,1,0,0,3,1,0,0,2,2,1,0,0,0,1,1,0,0,0,0,0,1,0,0,0,0,0,1,0,0,0,0,0,0,0,0,0,0,0,1,0,0,0,0,0,0,0,0,0,0,0,0,0,0,0,0,0,0,0,0,0,0,0,0,0,0,0,0,0,0,0,0,0,0,0
3,1,5,0,0,1,6,3,4,2,2,5,6,13,4,7,11,10,6,10,23,16,19,26,25,18,27,14,32,49,53,29,43,54,72,47,56,60,65,72,51,73,100,67,91,76,82,79,95,99,84,89,88,68,83,105,72,66,79,71,76,82,91,70,63,64,73,48,60,66,44,58,62,55,35,31,37,43,33,41,31,42,20,25,30,27,27,22,17,10,17,19,12,15,14,12,8,8,12,15,8,6,7,6,7,8,9,7,6,6,7,2,6,2,1,3,4,3,1,1,0,1,1,3,2,1,1,1,2,1,2,1,0,1,2,0,0,0,3,3,0,0,0,0,0,0,0,1,0,0,0,0,1,0,0,0,0,0,0,0,0,0,0,0,0,0,0,0,0,0,0,0,0,0,0,0,0,0,0,0,0,0,0,0,0,0,0,0,0,0,0,0,0,0,0,0,0,0,0,0
0,0,0,1,2,3,5,5,3,3,2,5,7,6,7,16,12,17,11,12,25,13,24,23,19,19,28,26,36,33,45,31,43,44,69,57,60,49,70,75,59,71,87,85,81,86,98,83,82,78,85,85,75,85,84,96,84,77,67,87,85,77,71,74,68,60,59,58,52,51,70,47,50,37,47,41,31,38,21,27,38,33,14,23,40,25,22,17,21,15,19,19,13,15,7,8,12,6,9,13,10,10,5,5,6,5,5,7,2,3,6,3,5,1,8,4,4,2,4,1,2,4,5,0,2,2,1,0,0,1,0,1,0,0,0,0,2,3,1,1,0,1,2,3,0,0,0,0,0,0,0,1,0,0,0,0,0,0,1,0,0,0,0,0,0,0,0,0,0,0,0,0,0,0,0,0,0,0,0,0,0,0,0,0,0,0,0,0,0,0,0,0,0,0,0,0,0,0,0,0
2,1,2,0,0,1,4,2,3,5,8,5,6,8,6,11,12,8,12,14,16,17,17,31,24,23,23,23,29,37,56,39,40,42,49,49,67,66,53,74,47,67,69,70,70,89,76,57,81,81,80,71,98,81,68,86,78,71,73,72,79,84,61,51,72,64,53,60,45,44,45,38,46,44,50,42,32,36,32,32,22,33,31,22,25,23,20,9,21,17,13,21,16,20,5,16,13,7,8,15,3,11,7,8,7,6,12,6,6,6,3,1,2,4,1,2,0,5,5,2,4,0,3,2,1,3,1,1,0,0,2,3,2,0,2,0,1,0,1,0,0,0,1,0,0,0,0,0,1,0,1,0,0,0,0,0,0,0,0,0,0,0,0,0,1,0,0,0,0,0,0,0,0,0,0,0,0,0,0,0,0,0,0,0,0,0,0,0,0,0,0,0,0,0,0,0,0,0,0,0
2,4,0,0,0,2,2,4,7,3,4,5,13,8,4,11,14,13,8,19,20,24,18,31,15,24,17,16,22,40,53,32,37,41,55,56,66,61,55,77,59,86,80,70,76,85,66,89,82,93,71,57,83,84,79,80,66,75,88,53,66,61,63,73,64,56,50,46,47,55,51,43,44,41,36,50,37,48,38,33,41,24,28,33,19,20,13,21,25,15,13,20,11,12,13,14,11,4,10,12,7,8,5,4,9,12,11,8,6,4,7,9,6,6,2,4,4,2,1,2,3,0,2,0,4,1,1,1,0,4,2,0,3,1,1,0,1,0,0,0,0,0,1,0,1,0,1,0,0,1,1,0,0,0,0,0,0,1,0,0,0,0,0,0,0,0,0,0,0,0,0,0,0,0,0,0,0,0,0,0,0,0,0,0,0,0,0,0,0,0,0,0,0,0,0,0,0,0,0,0
3,3,0,0,1,1,4,1,1,1,6,7,6,13,2,14,20,9,12,7,24,22,24,29,24,24,34,24,27,43,43,27,47,31,42,47,67,47,59,71,58,58,65,73,66,70,74,76,84,73,69,71,59,86,78,69,82,72,73,55,80,76,74,66,63,51,56,30,62,45,57,39,52,49,34,35,42,32,20,33,23,19,17,24,21,15,20,26,18,16,15,17,12,7,8,11,16,12,10,8,8,10,4,7,9,3,8,5,4,6,6,2,6,4,4,3,2,1,3,3,1,1,4,0,4,1,1,0,0,1,0,1,1,1,2,1,0,3,0,1,0,1,0,0,0,2,1,0,1,1,0,0,0,1,0,0,0,0,0,0,0,0,0,0,0,0,0,0,0,0,0,0,0,0,0,0,0,0,0,0,0,0,0,0,0,0,0,0,0,0,0,0,0,0,0,0,0,0,0,0
3,1,2,1,0,0,2,3,3,1,3,2,5,9,4,15,13,15,11,8,10,21,16,26,21,25,21,28,28,34,41,30,44,44,46,46,70,54,50,75,55,59,80,64,69,83,83,65,74,88,61,78,77,65,72,89,74,61,60,56,69,95,60,81,56,64,62,45,52,51,50,48,25,38,35,38,34,35,32,28,15,22,24,31,19,24,21,21,12,15,16,9,20,19,12,13,10,9,6,8,6,7,7,9,7,6,2,0,4,5,5,2,9,4,2,3,2,1,1,1,1,0,3,1,1,1,0,1,2,1,2,2,2,1,2,1,0,0,0,0,0,0,1,0,0,0,1,1,0,0,0,1,0,0,0,1,0,0,0,0,0,0,0,0,0,0,0,0,0,0,0,0,0,0,0,0,0,0,0,0,0,0,0,0,0,0,0,0,0,0,0,0,0,0,0,0,0,0,0,0
1,2,0,1,0,0,2,5,7,3,4,4,6,5,5,6,9,6,7,16,11,12,29,34,28,21,23,20,23,27,49,31,48,45,58,47,67,50,46,67,52,64,67,68,61,80,56,69,80,66,70,64,75,76,68,78,70,75,54,61,78,75,52,51,62,55,52,38,51,48,41,42,41,32,50,37,26,31,21,35,30,16,16,27,20,25,15,17,21,19,11,12,9,12,4,15,10,10,6,9,8,7,4,8,5,6,5,6,1,5,1,5,3,4,4,4,3,4,2,1,0,0,2,1,3,4,1,0,0,2,1,2,1,1,0,1,1,2,1,0,0,0,0,0,0,1,0,0,0,1,0,0,0,1,0,0,0,0,0,0,0,0,0,0,0,0,0,0,0,0,0,0,0,0,0,0,0,0,0,0,0,0,0,0,0,0,0,0,0,0,0,0,0,0,0,0,0,0,0,0
3,4,1,2,0,1,7,6,3,4,4,3,12,8,3,6,12,8,10,12,18,15,15,19,20,22,17,20,40,22,47,19,37,51,35,37,73,60,60,54,53,70,65,63,57,77,64,75,68,74,56,59,65,77,65,82,58,73,79,58,60,83,54,72,64,59,49,45,47,45,50,43,30,33,39,30,30,31,26,26,29,28,22,16,18,20,28,23,15,17,9,13,15,10,7,14,16,10,6,11,5,4,5,10,8,5,5,9,2,4,3,2,1,1,6,4,3,5,1,1,1,0,5,2,2,4,2,0,1,1,1,2,0,2,0,1,1,0,1,0,0,0,0,0,1,1,0,0,1,0,0,0,0,0,0,0,1,0,1,0,0,0,0,0,0,0,0,0,0,0,0,0,0,0,0,0,0,0,0,0,0,0,0,0,0,0,0,0,0,0,0,0,0,0,0,0,0,0,0,0
2,2,0,0,0,2,1,2,6,2,5,4,13,3,1,12,16,7,17,17,18,13,18,19,16,16,16,32,20,42,33,19,28,28,33,47,60,43,39,79,44,64,51,85,70,71,56,64,57,80,51,79,66,91,59,64,74,72,56,55,55,53,48,57,60,45,39,52,58,52,53,44,41,46,40,27,32,28,32,29,20,37,17,17,21,25,17,15,11,10,17,12,10,13,10,13,11,9,8,8,8,5,7,7,7,7,7,4,1,2,1,1,3,4,4,3,1,1,5,2,2,1,2,1,0,2,2,1,2,2,1,3,1,0,1,0,1,1,0,0,0,0,0,0,0,0,0,0,1,0,1,0,0,0,0,0,0,0,0,0,0,0,0,0,0,0,0,0,0,0,0,0,0,0,0,0,0,0,0,0,0,0,0,0,0,0,0,0,0,0,0,0,0,0,0,0,0,0,0,0
0,4,0,0,0,4,8,5,4,3,7,2,6,9,2,11,18,18,9,13,11,12,19,40,18,20,35,22,27,29,30,24,44,48,39,43,49,50,55,57,42,58,53,58,47,60,60,67,78,70,60,70,75,63,54,67,84,55,72,60,55,59,65,50,50,49,52,47,41,38,44,40,35,26,46,40,26,19,25,26,29,21,14,16,21,12,22,16,19,12,13,17,16,10,11,9,5,7,6,6,9,10,7,2,5,5,5,6,3,7,3,6,7,4,3,2,0,2,6,1,3,4,0,4,3,1,0,1,1,0,0,1,2,0,2,0,1,0,0,1,1,0,0,0,0,0,0,0,1,0,0,0,0,0,0,0,0,0,0,0,0,0,0,0,0,0,0,0,0,0,0,0,0,0,0,0,0,0,0,0,0,0,0,0,0,0,0,0,0,0,0,0,0,0,0,0,0,0,0,0
2,3,2,0,0,3,0,4,3,0,5,0,9,14,4,11,13,13,9,10,14,28,18,31,23,13,25,19,30,31,42,23,37,26,37,36,48,53,58,64,43,57,59,58,60,69,67,48,69,50,53,57,65,62,72,61,72,66,70,56,73,73,61,59,58,40,49,31,47,38,42,40,33,44,32,28,29,28,29,29,17,24,16,19,17,18,18,12,15,13,15,25,8,14,10,7,8,8,6,6,5,11,6,6,12,5,5,6,4,5,2,5,1,3,2,3,2,1,5,3,2,1,1,1,2,1,0,0,0,1,0,3,0,2,1,0,1,0,0,0,0,0,0,0,0,0,0,0,0,0,0,0,0,0,0,0,0,0,0,0,0,0,0,0,0,0,0,0,0,0,0,0,0,0,0,0,0,0,0,0,0,0,0,0,0,0,0,0,0,0,0,0,0,0,0,0,0,0,0,0
2,1,0,0,0,2,6,3,5,2,3,1,7,8,5,7,9,11,7,11,15,19,16,24,11,19,26,12,25,36,38,27,31,34,47,41,60,47,48,56,46,59,77,57,57,64,77,60,70,60,57,53,68,64,63,62,69,60,59,58,66,42,69,38,52,57,32,39,40,48,34,41,26,28,37,29,24,25,34,29,23,28,19,16,22,16,15,14,10,17,14,8,14,13,7,9,8,6,6,1,4,5,6,6,4,5,4,7,5,4,4,2,3,3,3,3,3,1,3,2,0,1,1,1,1,3,0,0,0,3,1,3,2,2,1,0,1,0,0,1,0,0,1,0,0,0,0,0,1,0,0,1,0,0,0,0,0,0,0,0,0,0,0,0,0,0,0,0,0,0,0,0,0,0,0,0,0,0,0,0,0,0,0,0,0,0,0,0,0,0,0,0,0,0,0,0,0,0,0,0
2,2,2,0,0,3,3,3,3,3,2,3,5,11,4,5,6,9,8,6,10,15,12,29,13,16,16,19,36,42,49,20,33,32,44,27,52,51,48,41,34,49,70,52,47,57,57,61,54,68,41,55,50,66,49,63,44,61,57,47,49,46,50,58,45,33,38,42,49,51,31,40,45,32,27,16,29,37,29,29,15,23,16,12,11,18,14,21,9,7,10,7,13,8,12,3,5,4,6,6,2,6,4,6,7,3,4,3,2,5,2,3,3,2,4,0,2,2,2,2,1,1,0,2,2,3,2,1,0,1,0,0,0,0,0,0,3,1,1,0,0,0,2,1,0,1,0,0,1,0,0,0,0,0,0,0,2,0,0,0,0,0,0,0,0,0,0,0,0,0,0,0,0,0,0,0,0,0,0,0,0,0,0,0,0,0,0,0,0,0,0,0,0,0,0,0,0,0,0,0
2,2,0,1,0,0,5,2,6,3,4,7,11,8,2,3,11,14,4,7,12,18,26,26,13,20,8,21,22,29,44,29,35,30,55,38,48,47,53,63,44,50,55,50,60,63,57,64,58,68,56,58,78,51,49,76,52,47,61,54,59,53,49,59,39,54,47,44,51,36,46,30,23,30,35,30,26,29,21,22,20,22,21,24,8,18,12,12,16,10,9,9,11,8,8,7,8,5,5,6,4,5,7,7,4,2,1,3,1,2,1,3,4,2,1,4,3,3,1,3,4,1,1,0,1,2,0,1,0,1,1,1,1,2,2,0,1,0,0,0,1,1,0,0,0,0,0,0,1,0,0,0,0,0,0,0,1,0,0,0,0,0,0,0,0,0,0,0,0,0,0,0,0,0,0,0,0,0,0,0,0,0,0,0,0,0,0,0,0,0,0,0,0,0,0,0,0,0,0,0
1,2,2,0,0,1,2,3,0,2,0,4,7,3,10,5,11,11,9,10,10,9,18,29,16,19,15,16,31,26,27,38,30,29,45,36,56,37,43,58,49,46,52,66,49,64,57,57,62,50,52,64,62,66,55,65,58,42,60,50,49,42,43,44,46,48,48,43,38,42,29,32,34,34,32,33,23,25,23,22,19,18,20,15,16,17,10,12,14,14,11,7,10,12,11,10,4,9,6,4,9,5,3,6,7,2,2,2,3,5,1,3,2,5,2,3,1,1,0,0,1,2,4,0,0,0,1,1,0,0,1,0,1,0,0,0,0,2,0,2,0,0,1,0,0,0,0,2,1,0,0,0,0,0,0,0,0,0,0,0,0,0,0,0,0,0,0,0,0,0,0,0,0,0,0,0,0,0,0,0,0,0,0,0,0,0,0,0,0,0,0,0,0,0,0,0,0,0,0,0
1,2,0,0,0,3,3,3,4,3,5,1,7,4,7,5,7,15,14,7,7,15,17,16,20,18,14,15,19,26,31,27,30,32,46,37,56,50,46,67,47,57,48,64,58,58,47,47,62,62,45,57,59,59,42,60,53,48,48,52,53,57,37,47,45,43,54,30,39,40,48,38,40,39,25,23,28,21,29,24,11,19,16,15,15,11,7,12,14,10,12,11,10,7,7,12,9,7,8,4,7,9,5,2,3,5,10,5,4,3,5,5,4,2,4,2,3,4,3,0,1,3,1,0,2,1,1,1,0,1,2,0,1,0,1,1,2,1,0,0,0,1,0,0,1,0,0,1,0,0,0,0,0,0,0,0,0,0,0,0,0,0,0,0,0,0,0,0,0,0,0,0,0,0,0,0,0,0,0,0,0,0,0,0,0,0,0,0,0,0,0,0,0,0,0,0,0,0,0,0
1,2,2,0,0,1,2,5,1,1,4,5,5,7,4,9,11,14,10,11,14,9,22,29,17,16,15,16,24,29,35,26,23,24,40,36,54,43,44,51,47,49,52,68,42,51,61,63,74,48,46,54,62,56,54,54,51,40,44,43,49,44,47,39,48,50,39,25,42,50,38,28,40,24,31,29,31,21,22,21,22,18,18,20,19,12,11,13,14,15,8,8,9,5,6,8,10,7,6,6,6,7,3,5,3,5,5,2,2,6,4,4,3,3,1,4,0,1,1,1,1,1,1,1,1,0,0,1,1,2,0,2,1,1,0,0,0,0,0,2,1,1,0,0,0,1,0,0,0,0,0,0,1,1,1,0,0,0,0,0,0,0,0,0,0,0,0,0,0,0,0,0,0,0,0,0,0,0,0,0,0,0,0,0,0,0,0,0,0,0,0,0,0,0,0,0,0,0,0,0
1,3,1,0,0,1,1,3,2,1,0,4,2,2,3,9,7,8,8,9,9,12,9,20,14,20,18,14,29,21,31,20,32,31,45,46,39,38,45,57,41,49,50,65,52,42,53,44,64,48,48,65,57,57,54,54,49,52,59,62,53,35,44,56,37,45,43,32,39,37,47,36,26,34,36,21,23,22,24,17,20,16,16,22,14,15,11,11,16,6,9,11,7,17,12,7,1,9,4,7,5,5,6,3,4,9,3,2,0,3,2,2,3,4,4,1,3,1,1,1,1,1,2,3,0,3,0,1,0,0,2,2,0,1,1,0,0,0,0,1,1,0,0,0,0,0,0,0,1,0,0,1,0,0,0,0,0,0,0,1,0,0,0,0,0,0,0,0,0,0,0,0,0,0,0,0,0,0,0,0,0,0,0,0,0,0,0,0,0,0,0,0,0,0,0,0,0,0,0,0
2,0,0,1,0,2,3,3,2,1,1,8,7,6,5,11,12,9,9,11,15,15,12,28,14,13,18,20,10,32,27,21,30,31,33,34,49,38,34,42,52,44,51,39,61,54,56,43,65,48,57,46,44,44,60,51,38,52,57,52,49,52,50,50,45,35,40,33,27,25,32,34,41,28,23,19,18,22,20,19,21,22,12,11,13,13,7,14,16,9,9,11,13,5,10,5,10,4,10,1,6,4,7,6,3,4,2,3,0,5,3,3,3,3,1,1,3,0,2,0,2,0,4,1,0,1,1,1,1,1,0,1,0,0,0,1,0,0,1,1,0,0,0,0,0,0,1,0,0,0,0,0,0,0,0,0,0,0,0,0,0,0,0,0,0,0,0,0,0,0,0,0,0,0,0,0,0,0,0,0,0,0,0,0,0,0,0,0,0,0,0,0,0,0,0,0,0,0,0,0
0,0,1,0,0,1,1,0,1,0,3,5,5,10,5,4,6,12,6,9,9,19,18,23,12,19,19,14,24,28,33,30,22,21,37,32,30,17,42,55,28,40,41,41,35,43,53,52,61,55,47,44,45,37,55,58,51,56,59,43,51,36,44,36,35,58,34,39,40,36,23,25,32,25,19,24,10,20,27,21,8,12,14,17,14,14,18,13,11,8,11,8,13,12,6,8,4,10,10,9,5,4,1,0,3,2,1,2,3,2,3,2,4,2,3,4,1,1,3,1,0,3,2,2,1,0,0,0,1,2,2,1,0,0,1,0,0,0,0,1,0,0,1,0,0,0,0,0,1,0,0,1,1,0,1,0,0,0,0,0,0,0,0,0,0,0,0,0,0,0,0,0,0,0,0,0,0,0,0,0,0,0,0,0,0,0,0,0,0,0,0,0,0,0,0,0,0,0,0,0
2,0,2,0,0,0,1,2,1,2,1,4,7,4,3,7,11,5,3,9,11,15,13,29,21,13,12,12,19,20,21,26,32,23,31,39,34,35,45,30,33,44,54,56,64,57,55,50,64,43,43,50,59,54,57,48,36,41,39,42,53,40,35,39,36,29,35,39,34,29,34,31,33,28,16,22,23,17,14,12,16,17,11,16,17,15,12,16,13,11,9,5,8,4,6,9,8,5,3,10,12,4,2,4,1,4,1,1,2,2,4,3,0,0,1,2,2,2,2,0,0,1,2,2,0,0,0,1,0,0,1,0,0,0,0,0,0,0,0,1,0,0,1,0,0,0,0,1,0,0,0,0,0,0,0,0,0,0,0,0,0,0,0,0,0,0,0,0,0,0,0,0,0,0,0,0,0,0,0,0,0,0,0,0,0,0,0,0,0,0,0,0,0,0,0,0,0,0,0,0
3,1,1,0,0,1,3,0,4,0,1,6,5,6,3,4,10,7,9,6,17,15,9,24,18,19,15,18,17,23,35,18,28,29,34,31,39,39,29,45,36,39,53,50,56,60,50,47,48,41,41,39,53,57,46,55,58,37,57,42,52,34,27,39,40,31,28,22,44,36,25,22,31,29,26,29,24,19,16,19,17,11,14,15,13,10,12,7,11,9,6,7,7,6,4,8,11,7,6,7,3,2,5,5,6,5,5,5,2,1,3,3,3,3,2,2,2,2,1,0,1,0,1,1,0,1,0,3,1,0,0,0,0,0,0,2,0,0,0,1,0,0,1,2,0,0,1,1,0,0,1,0,0,0,0,0,0,0,0,0,0,0,0,0,0,0,0,0,0,0,0,0,0,0,0,0,0,0,0,0,0,0,0,0,0,0,0,0,0,0,0,0,0,0,0,0,0,0,0,0
0,1,1,0,0,2,3,2,3,2,1,5,4,4,3,4,10,8,6,7,8,15,16,23,12,23,18,17,22,27,27,20,32,22,27,22,51,43,35,37,30,40,45,33,43,64,53,43,49,61,42,45,46,46,43,54,44,30,38,44,38,31,37,45,39,37,25,35,26,24,19,25,16,29,21,28,17,17,26,24,20,16,16,19,11,9,11,6,10,16,6,13,5,4,8,4,8,3,2,3,7,7,5,4,1,4,6,2,3,2,1,6,4,3,1,1,3,0,0,1,1,1,3,2,3,0,0,1,0,0,0,0,0,0,0,0,1,1,0,2,1,0,0,1,0,0,0,0,0,0,1,0,1,0,0,0,0,0,0,0,0,0,0,0,0,0,0,0,0,0,0,0,0,0,0,0,0,0,0,0,0,0,0,0,0,0,0,0,0,0,0,0,0,0,0,0,0,0,0,0
1,3,4,1,0,0,4,1,0,3,3,4,6,4,2,4,15,5,7,12,15,14,18,24,13,16,14,11,16,22,30,20,24,34,32,35,40,36,34,45,30,45,49,50,49,53,45,41,49,46,46,40,50,49,52,56,42,34,40,35,44,40,43,34,25,27,36,29,32,28,33,25,22,13,22,22,23,19,15,12,16,14,11,16,12,16,10,7,6,10,8,11,3,7,3,6,6,4,8,4,9,5,2,1,2,0,2,2,1,3,2,0,3,0,1,3,1,0,0,2,1,1,2,0,0,0,0,2,0,3,1,2,0,2,0,0,1,0,0,0,0,0,0,1,0,0,0,0,1,0,0,0,0,0,0,0,0,0,0,0,0,0,0,0,0,0,0,0,0,0,0,0,0,0,0,0,0,0,0,0,0,0,0,0,0,0,0,0,0,0,0,0,0,0,0,0,0,0,0,0
1,3,0,0,0,1,3,1,4,3,0,1,7,6,4,2,4,13,11,6,12,11,11,22,13,13,16,9,25,27,24,18,33,15,34,29,35,26,27,34,29,43,55,46,44,44,47,43,41,54,43,44,36,47,48,41,51,43,47,49,39,37,41,33,30,29,22,25,17,31,33,27,22,22,24,25,21,27,29,14,14,17,12,13,11,18,10,9,9,13,4,7,3,12,6,0,7,8,7,5,6,2,3,1,2,3,4,6,1,1,2,4,2,1,2,1,2,1,3,1,2,1,2,1,0,0,0,1,0,0,0,3,0,1,2,0,0,1,1,0,0,0,0,0,0,0,0,0,0,0,0,0,0,0,0,0,0,0,0,0,0,0,0,0,0,0,0,0,0,0,0,0,0,0,0,0,0,0,0,0,0,0,0,0,0,0,0,0,0,0,0,0,0,0,0,0,0,0,0,0
1,0,1,0,0,1,1,0,0,4,1,2,6,3,5,3,8,11,6,10,8,14,10,15,15,10,20,10,20,21,25,19,26,23,33,32,32,34,40,35,34,31,43,39,57,55,40,32,61,42,45,32,48,55,44,45,36,37,55,40,46,46,30,36,28,33,27,32,34,40,24,24,20,27,27,20,16,13,18,11,21,21,8,13,7,12,7,6,8,9,3,12,10,4,6,8,6,3,7,5,7,3,3,1,3,4,4,3,1,5,0,3,1,1,1,1,0,1,2,2,2,3,2,3,2,1,0,1,1,0,0,0,0,0,2,0,2,1,0,0,0,2,0,0,0,0,1,0,0,0,0,1,0,0,0,0,0,0,0,0,0,0,0,0,0,0,0,0,0,0,0,0,0,0,0,0,0,0,0,0,0,0,0,0,0,0,0,0,0,0,0,0,0,0,0,0,0,0,0,0
0,3,2,0,0,1,1,4,2,2,2,2,3,4,6,3,9,4,8,5,6,11,11,21,14,18,21,11,10,26,25,17,30,40,27,23,29,26,38,27,23,44,33,42,38,48,37,44,44,37,34,38,47,41,41,42,37,38,40,39,52,31,28,36,30,30,28,28,22,26,21,32,26,22,29,21,20,18,16,22,13,11,13,9,15,12,11,12,9,9,4,12,7,4,2,3,8,4,2,3,3,6,7,4,6,5,4,2,3,3,1,2,2,2,0,2,1,1,1,1,0,1,1,0,0,0,0,1,0,0,0,0,1,0,1,0,0,0,0,0,0,0,0,0,0,0,0,0,0,0,0,0,1,0,0,0,0,0,0,0,0,0,0,0,0,0,0,0,0,0,0,0,0,0,0,0,0,0,0,0,0,0,0,0,0,0,0,0,0,0,0,0,0,0,0,0,0,0,0,0
1,0,0,0,0,2,2,1,3,5,2,2,5,6,0,9,5,4,3,5,11,12,18,17,12,16,14,21,22,15,20,15,22,22,32,35,36,28,42,31,32,39,40,39,43,44,44,23,53,37,39,51,41,49,40,52,41,43,43,39,43,49,23,28,24,26,29,34,24,21,23,28,16,25,21,24,13,15,21,15,16,15,22,6,8,11,8,8,10,9,7,8,9,6,4,10,7,1,3,5,1,3,2,2,3,0,1,3,3,1,0,4,0,0,2,1,0,2,3,0,2,1,0,0,2,1,0,0,1,0,0,0,0,0,1,1,0,0,0,0,1,0,1,0,0,0,0,1,0,0,0,0,0,0,0,0,0,0,0,0,0,0,0,0,0,0,0,0,0,0,0,0,0,0,0,0,0,0,0,0,0,0,0,0,0,0,0,0,0,0,0,0,0,0,0,0,0,0,0,0
0,2,1,0,0,0,0,3,4,3,4,5,5,6,4,4,11,10,2,5,11,13,12,13,14,11,15,12,15,18,23,11,18,16,37,29,35,37,31,26,22,35,50,42,46,41,40,38,48,43,36,33,39,44,35,56,27,32,27,32,37,28,50,32,19,35,33,13,21,22,18,18,22,22,21,23,18,17,14,14,13,26,12,17,17,9,3,14,9,7,9,7,10,10,4,4,10,2,4,4,6,2,2,1,4,1,2,2,1,5,2,1,7,1,0,1,1,0,1,2,2,0,1,1,0,0,1,0,0,0,0,1,0,1,1,2,1,0,1,0,0,1,1,0,0,0,0,0,0,0,0,0,0,0,0,0,0,0,0,0,0,0,0,0,0,0,0,0,0,0,0,0,0,0,0,0,0,0,0,0,0,0,0,0,0,0,0,0,0,0,0,0,0,0,0,0,0,0,0,0
3,1,2,0,0,1,1,2,2,3,5,6,3,4,3,2,9,5,11,6,11,9,11,17,10,11,18,15,21,16,15,16,20,23,29,26,33,32,32,35,25,35,45,29,36,34,42,36,43,47,45,46,42,42,40,38,36,37,29,32,47,36,25,31,32,25,26,18,20,29,25,20,19,15,23,15,14,19,19,18,19,16,13,10,10,9,8,6,9,5,6,6,5,4,6,3,2,5,7,6,3,4,0,0,1,2,2,3,4,2,2,3,1,1,1,3,1,0,0,1,1,1,0,0,0,0,1,0,0,0,0,0,0,0,0,0,0,2,0,0,0,1,0,0,0,1,0,0,0,0,0,0,0,0,0,1,0,0,0,0,0,0,0,0,0,0,0,0,0,0,0,0,0,0,0,0,0,0,0,0,0,0,0,0,0,0,0,0,0,0,0,0,0,0,0,0,0,0,0,0
1,1,0,0,0,2,5,3,3,0,5,0,3,5,1,6,11,6,4,6,12,16,20,18,12,14,12,10,19,17,17,17,20,20,32,21,39,31,21,37,26,43,36,28,37,31,34,34,31,60,34,40,46,33,38,42,42,42,36,23,47,44,36,41,26,32,32,25,24,30,18,20,8,18,9,26,15,7,13,11,18,10,15,12,9,16,9,10,8,5,8,8,8,6,5,3,5,6,3,9,7,1,1,2,1,3,0,3,0,3,0,2,2,2,0,1,1,2,0,0,0,0,2,0,1,0,1,2,0,1,0,1,0,1,0,1,1,0,1,0,0,0,0,0,0,1,0,0,0,0,0,0,0,0,0,0,0,0,0,0,0,0,0,0,0,0,0,0,0,0,0,0,0,0,0,0,0,0,0,0,0,0,0,0,0,0,0,0,0,0,0,0,0,0,0,0,0,0,0,0
1,0,0,0,0,1,4,3,5,1,1,1,8,7,4,9,10,9,6,1,6,10,9,20,8,12,12,8,23,17,24,18,23,22,37,27,24,30,29,29,40,35,26,30,34,29,38,26,41,32,43,30,30,44,45,30,30,31,31,50,40,25,26,44,33,27,31,27,25,22,17,26,23,22,19,22,17,15,10,10,13,9,8,8,8,5,13,5,10,2,8,6,12,6,5,5,5,6,6,3,6,3,3,2,3,2,1,0,2,2,3,1,0,4,1,0,1,1,1,2,2,1,1,2,3,0,0,1,1,0,0,0,1,0,0,1,0,1,0,0,0,0,0,1,0,0,0,0,0,0,0,0,0,0,0,0,0,0,0,0,0,0,0,0,0,0,0,0,0,0,0,0,0,0,0,0,0,0,0,0,0,0,0,0,0,0,0,0,0,0,0,0,0,0,0,0,0,0,0,0
0,0,1,0,0,0,3,1,2,2,4,2,3,3,4,3,7,5,4,10,11,11,11,11,8,16,6,15,17,17,17,14,21,26,21,28,32,29,27,30,19,40,42,38,34,46,35,26,40,42,32,40,46,32,38,30,33,34,38,27,27,30,26,26,13,30,28,25,22,20,16,20,18,25,20,8,13,12,18,13,7,12,4,8,10,9,12,7,7,7,9,4,5,4,4,6,5,6,7,6,5,3,3,1,1,3,3,1,1,3,2,2,2,1,3,0,2,2,1,0,0,1,0,0,0,3,0,1,0,0,0,1,0,0,1,1,3,0,1,0,0,0,0,0,0,0,0,0,1,0,1,1,0,0,0,0,0,0,0,0,0,0,0,0,0,0,0,0,0,0,0,0,0,0,0,0,0,0,0,0,0,0,0,0,0,0,0,0,0,0,0,0,0,0,0,0,0,0,0,0
1,0,1,0,0,1,0,1,2,1,4,5,6,5,3,6,8,7,1,1,12,11,8,21,10,10,14,12,22,14,24,15,23,17,32,16,27,39,31,23,22,37,41,34,25,38,37,34,37,46,37,35,29,36,33,32,37,36,31,42,35,28,28,29,27,33,19,19,18,19,29,28,22,17,12,20,19,17,10,14,11,12,16,15,14,13,7,11,9,6,9,4,6,7,1,7,1,2,5,2,5,6,3,2,1,2,2,3,4,0,1,2,2,0,1,0,2,0,1,1,0,1,0,1,0,1,0,1,1,0,2,0,1,1,1,0,0,0,0,0,1,1,0,0,0,0,0,0,1,0,0,0,0,0,0,0,0,0,0,0,0,0,0,0,1,0,0,0,0,0,0,0,0,0,0,0,0,0,0,0,0,0,0,0,0,0,0,0,0,0,0,0,0,0,0,0,0,0,0,0
0,1,0,0,0,3,3,1,1,3,4,0,4,5,4,6,3,5,7,9,2,9,10,17,3,10,17,9,15,24,25,13,12,15,29,21,33,27,28,39,31,30,31,28,32,31,41,39,44,32,31,25,33,30,33,36,28,28,24,26,42,28,26,23,21,23,25,14,19,29,19,20,17,17,14,25,11,13,10,8,8,13,9,9,10,7,6,10,8,8,7,3,1,5,6,7,4,3,4,2,3,2,4,3,1,3,3,1,0,2,0,1,1,0,1,0,0,2,0,0,1,1,1,1,0,1,0,0,0,0,0,0,1,0,1,0,0,0,1,0,0,1,1,0,0,0,0,1,0,0,0,0,0,0,0,0,0,0,0,0,0,0,0,0,0,0,0,0,0,0,0,0,0,0,0,0,0,0,0,0,0,0,0,0,0,0,0,0,0,0,0,0,0,0,0,0,0,0,0,0
2,2,1,0,0,3,2,0,3,1,2,2,5,4,3,4,8,8,2,6,8,12,5,18,8,16,12,12,14,21,31,24,16,21,23,28,31,37,16,32,24,29,36,29,40,38,33,33,39,28,29,24,32,30,28,42,28,28,29,37,29,39,28,33,30,25,29,19,20,23,21,28,18,17,21,11,11,15,12,12,7,12,13,11,8,5,10,2,10,4,7,4,4,7,5,9,5,3,8,2,8,3,0,4,2,1,0,4,2,1,2,2,0,2,0,0,1,1,1,2,2,0,0,1,1,1,1,1,0,0,0,0,0,0,0,3,0,0,0,0,1,0,0,0,1,0,0,0,0,0,0,0,0,0,0,0,0,0,0,0,0,0,0,0,0,0,0,0,0,0,0,0,0,0,0,0,0,0,0,0,0,0,0,0,0,0,0,0,0,0,0,0,0,0,0,0,0,0,0,0
0,0,0,0,0,3,2,2,1,0,1,2,4,7,2,2,8,7,1,8,15,4,6,16,8,7,11,16,13,18,24,20,22,16,25,24,23,24,27,22,14,22,33,31,32,30,29,39,35,50,25,25,36,32,40,30,27,31,42,24,27,32,31,28,21,20,25,30,20,17,13,18,13,17,16,14,8,14,13,13,7,11,5,8,9,7,4,11,0,8,2,7,12,7,2,6,2,5,7,3,3,1,1,1,2,1,0,5,0,0,3,0,1,1,0,2,1,0,0,0,0,1,3,1,1,1,0,0,1,2,1,0,1,0,1,0,0,0,0,0,0,1,1,1,0,0,0,0,0,0,0,0,0,0,0,0,0,0,0,0,0,0,0,0,0,0,0,0,0,0,0,0,0,0,0,0,0,0,0,0,0,0,0,0,0,0,0,0,0,0,0,0,0,0,0,0,0,0,0,0
0,1,1,0,0,1,4,0,1,0,4,2,5,2,2,3,5,4,2,3,9,11,10,18,4,7,8,11,11,11,20,11,18,15,16,23,32,32,30,43,20,25,35,29,23,40,42,34,38,43,31,23,35,39,26,32,27,34,28,30,30,31,25,16,25,12,24,13,17,24,16,21,25,15,12,13,14,18,10,15,9,13,6,6,11,13,6,8,5,11,3,5,8,1,3,7,5,1,1,5,2,4,3,2,1,2,1,3,2,1,0,3,0,2,1,0,1,0,0,1,0,2,0,2,1,0,1,0,0,1,0,2,0,0,0,0,0,0,0,1,0,0,0,0,0,0,1,0,0,1,0,0,1,0,0,0,0,0,0,0,0,0,0,0,0,0,0,0,0,0,0,0,0,0,0,0,0,0,0,0,0,0,0,0,0,0,0,0,0,0,0,0,0,0,0,0,0,0,0,0
1,1,1,0,0,0,3,0,2,1,2,3,6,1,2,0,6,5,4,6,8,8,7,16,7,10,9,13,9,19,16,11,23,23,26,36,31,34,20,36,31,25,47,32,31,28,27,49,25,29,34,32,29,25,36,38,23,18,25,30,29,35,28,25,21,22,21,20,17,20,10,14,14,20,16,11,14,14,9,14,10,13,5,10,10,11,5,7,4,6,8,9,2,4,1,5,1,5,3,4,1,2,1,1,3,1,0,5,0,3,2,0,1,3,0,1,1,0,1,0,2,2,2,0,0,0,1,0,1,1,1,0,0,0,1,0,1,1,0,0,0,1,0,0,0,0,1,0,1,0,0,0,0,0,0,0,0,0,0,0,0,0,0,0,0,0,0,0,0,0,0,0,0,0,0,0,0,0,0,0,0,0,0,0,0,0,0,0,0,0,0,0,0,0,0,0,0,0,0,0
1,0,0,0,0,1,3,2,1,1,1,2,1,5,1,8,7,8,8,8,12,10,8,14,8,6,14,7,7,21,17,13,21,23,18,19,25,31,30,26,28,22,42,36,27,32,31,31,28,30,21,38,28,31,30,34,36,18,32,26,31,27,18,29,22,19,16,11,20,13,10,16,22,18,15,9,12,6,8,14,16,11,7,3,3,8,7,6,9,9,4,5,4,6,3,6,6,3,2,5,0,2,4,1,3,1,3,3,0,1,1,2,1,0,0,1,1,0,0,2,1,1,2,1,2,1,1,0,1,0,1,1,0,0,1,0,0,0,0,0,0,0,0,0,0,0,0,0,0,0,0,0,0,1,0,0,0,0,0,0,0,0,0,0,0,0,0,0,0,0,0,0,0,0,0,0,0,0,0,0,0,0,0,0,0,0,0,0,0,0,0,0,0,0,0,0,0,0,0,0
0,0,0,0,0,2,2,3,2,0,5,1,2,5,1,7,7,3,3,4,5,6,6,10,8,7,8,7,13,17,11,15,15,10,24,22,31,22,26,20,26,21,36,32,23,36,30,32,33,29,24,34,32,20,30,30,24,28,30,30,36,33,20,30,15,21,18,16,20,12,18,20,18,14,17,16,11,16,17,11,11,5,7,8,4,14,5,10,9,8,3,8,3,6,5,2,4,2,3,1,1,5,2,2,3,3,0,1,1,1,0,2,1,1,2,0,0,2,0,1,0,0,5,0,0,3,0,0,1,0,0,1,0,0,0,0,0,0,1,0,0,0,0,0,0,0,0,0,0,0,0,0,0,0,0,0,0,0,0,0,0,0,0,0,0,0,0,0,0,0,0,0,0,0,0,0,0,0,0,0,0,0,0,0,0,0,0,0,0,0,0,0,0,0,0,0,0,0,0,0
0,0,1,0,1,0,1,2,4,0,2,0,6,3,3,4,12,7,6,7,7,8,4,13,10,6,12,12,14,14,17,12,16,13,25,17,30,35,25,26,21,21,25,24,27,25,28,31,24,24,29,27,28,29,23,25,19,28,32,29,29,25,28,28,28,21,19,14,15,17,17,21,14,22,7,11,11,11,10,4,11,7,6,8,9,8,8,2,5,3,7,6,4,5,2,9,5,6,1,4,3,6,0,2,2,1,1,0,1,2,1,1,1,2,0,1,3,1,1,0,0,0,1,0,0,0,1,1,0,1,0,1,0,1,0,0,1,0,0,0,0,0,0,0,0,0,0,1,0,0,0,1,0,0,0,0,0,0,0,0,0,0,0,0,0,0,0,0,0,0,0,0,0,0,0,0,0,0,0,0,0,0,0,0,0,0,0,0,0,0,0,0,0,0,0,0,0,0,0,0
0,0,1,0,0,1,2,3,0,0,3,1,4,4,3,8,11,7,3,4,4,15,8,20,10,8,14,6,12,13,16,15,18,18,27,18,24,22,14,25,15,33,35,21,25,28,28,26,37,32,23,23,29,36,38,24,32,33,28,29,26,22,26,17,26,26,14,18,17,23,14,15,13,14,13,11,8,10,7,16,8,14,9,6,12,9,13,7,2,7,3,8,4,4,4,7,3,5,4,3,1,1,3,3,4,0,1,0,1,3,0,0,0,1,4,0,1,2,0,1,0,0,1,1,0,1,0,0,1,0,0,1,0,0,0,1,0,0,0,0,0,0,0,0,0,0,0,0,0,0,0,0,0,0,0,0,0,0,0,0,0,0,0,0,0,0,0,0,0,0,0,0,0,0,0,0,0,0,0,0,0,0,0,0,0,0,0,0,0,0,0,0,0,0,0,0,0,0,0,0
3,2,0,0,0,0,3,0,0,0,2,4,5,6,2,5,5,4,5,8,12,4,14,12,5,4,8,10,10,17,20,15,19,19,24,23,26,19,20,24,24,26,35,23,26,25,35,19,23,31,16,29,24,31,33,20,30,31,29,21,21,20,20,26,24,14,18,15,16,13,16,15,12,15,21,11,12,9,7,12,12,12,5,6,9,5,10,9,8,3,2,3,4,2,5,5,5,3,5,3,3,3,0,3,5,1,2,2,4,2,3,4,1,2,0,1,0,1,0,2,2,0,0,1,0,1,1,1,0,0,1,2,0,0,0,0,0,2,0,0,1,0,0,0,0,0,0,0,0,0,0,0,0,0,0,0,0,0,0,0,0,0,0,0,0,0,0,0,0,0,0,0,0,0,0,0,0,0,0,0,0,0,0,0,0,0,0,0,0,0,0,0,0,0,0,0,0,0,0,0
1,1,2,0,0,3,0,1,2,2,0,2,6,3,1,4,10,5,4,9,8,8,10,14,8,6,12,6,17,16,17,10,20,16,21,13,19,20,24,35,21,17,34,30,18,18,26,25,25,31,17,17,28,34,26,27,25,27,20,15,22,21,23,22,26,13,18,14,14,11,21,16,16,15,15,6,11,6,9,10,13,10,2,5,9,4,4,4,3,6,6,7,6,5,4,4,7,3,0,2,6,2,1,4,4,2,1,1,1,1,2,0,1,0,0,1,0,0,0,2,1,0,0,0,0,0,1,0,0,1,0,0,0,0,0,1,0,0,0,0,0,0,0,0,0,0,0,0,0,0,0,0,0,0,0,0,0,0,0,0,0,0,0,0,0,0,0,0,0,0,0,0,0,0,0,0,0,0,0,0,0,0,0,0,0,0,0,0,0,0,0,0,0,0,0,0,0,0,0,0
2,1,1,0,0,1,4,0,2,0,1,2,4,3,4,5,2,8,5,7,14,5,5,16,11,13,7,6,8,21,13,11,12,15,14,16,27,27,20,19,18,29,29,33,27,26,24,22,30,31,18,28,28,23,24,28,22,28,23,22,16,23,20,20,19,20,17,20,19,10,14,18,9,15,6,13,9,15,3,8,5,13,2,5,5,6,5,4,8,4,3,6,2,2,2,4,4,4,2,2,2,1,5,1,4,3,4,2,1,1,1,2,1,1,2,1,0,2,2,0,0,0,0,0,0,0,0,1,1,0,0,0,0,0,1,0,1,0,1,1,0,2,1,0,0,0,0,0,0,0,0,0,0,0,0,0,0,1,0,0,0,0,0,0,0,0,0,0,0,0,0,0,0,0,0,0,0,0,0,0,0,0,0,0,0,0,0,0,0,0,0,0,0,0,0,0,0,0,0,0
0,1,0,0,1,1,3,0,0,0,2,1,3,5,0,3,4,1,7,5,10,7,10,17,9,5,12,9,8,19,20,4,15,15,16,19,19,18,20,24,27,22,31,22,32,18,21,27,34,29,20,20,15,23,18,23,20,15,29,17,25,29,17,23,22,13,19,14,24,18,15,17,18,19,11,11,9,10,13,5,6,10,10,3,2,5,3,7,8,2,2,5,1,4,3,5,0,4,5,3,5,3,2,1,2,0,0,2,1,3,0,2,1,1,4,0,1,0,2,0,1,0,0,0,0,1,0,1,0,1,1,0,1,0,0,0,0,0,0,0,0,0,0,0,0,0,0,0,0,0,1,0,0,0,0,0,0,0,0,0,0,0,0,0,0,0,0,0,0,0,0,0,0,0,0,0,0,0,0,0,0,0,0,0,0,0,0,0,0,0,0,0,0,0,0,0,0,0,0,0
0,1,0,0,0,1,1,1,5,1,1,1,3,0,2,4,3,6,4,11,8,6,10,11,8,10,10,4,7,17,22,10,15,11,15,14,28,16,18,32,16,27,19,23,20,23,21,34,21,21,27,22,23,21,19,23,10,29,19,27,24,18,13,25,22,18,26,12,12,16,20,14,11,12,12,7,8,5,7,7,7,8,8,12,8,7,6,7,3,8,3,5,3,3,3,4,3,3,3,3,0,2,0,1,2,1,0,3,0,1,1,0,0,0,0,0,0,0,1,0,1,1,0,0,1,0,1,0,0,1,1,0,0,0,1,0,0,0,0,0,0,0,1,0,0,0,0,0,0,0,0,0,1,0,0,0,0,0,0,0,0,0,0,0,0,0,0,0,0,0,0,0,0,0,0,0,0,0,0,0,0,0,0,0,0,0,0,0,0,0,0,0,0,0,0,0,0,0,0,0
1,1,1,0,1,2,0,1,1,2,2,5,6,3,2,5,7,3,5,6,5,11,9,6,12,6,8,4,10,10,14,12,9,13,16,18,14,15,29,19,22,21,33,26,35,23,33,28,29,36,28,25,24,28,20,21,28,26,19,18,23,25,12,29,24,18,15,16,12,14,17,17,5,6,14,14,5,11,5,7,4,4,5,5,5,3,4,6,6,2,3,4,5,3,5,8,3,2,1,1,2,0,1,2,0,0,1,2,0,0,1,0,0,2,0,0,0,0,1,1,0,0,0,1,0,0,1,0,0,0,0,0,0,0,0,0,0,0,0,0,1,0,1,0,0,0,0,0,0,0,0,1,0,0,0,0,0,0,0,0,0,0,0,0,0,0,0,0,0,0,0,0,0,0,0,0,0,0,0,0,0,0,0,0,0,0,0,0,0,0,0,0,0,0,0,0,0,0,0,0
0,2,3,0,0,0,3,0,0,0,0,0,1,4,4,3,5,3,4,4,7,3,5,11,12,11,4,8,16,12,16,8,19,16,14,19,21,20,27,19,15,27,27,22,25,28,21,27,23,23,29,17,23,24,26,13,21,12,32,12,22,23,21,18,11,9,14,15,12,15,13,8,18,13,5,5,8,7,12,4,4,6,4,2,7,4,9,3,5,2,2,3,2,4,2,3,2,2,4,1,3,2,2,1,2,3,0,1,0,1,0,2,2,0,0,0,1,0,1,0,0,0,0,2,0,0,2,0,0,0,0,0,0,0,0,0,0,0,0,0,0,0,0,0,0,0,0,0,0,0,0,0,0,0,0,0,0,0,0,0,0,0,0,0,0,0,0,0,0,0,0,0,0,0,0,0,0,0,0,0,0,0,0,0,0,0,0,0,0,0,0,0,0,0,0,0,0,0,0,0
0,0,1,0,0,0,1,0,3,1,3,0,3,1,1,4,3,6,1,6,3,9,4,9,7,7,13,7,14,9,12,12,14,15,15,21,17,18,25,17,15,21,22,20,29,15,20,17,26,22,20,17,17,21,25,21,17,24,28,8,25,15,16,19,20,19,24,11,20,15,11,15,11,9,8,9,12,7,4,11,2,13,6,5,3,5,5,6,4,2,3,1,5,0,3,2,1,3,5,2,0,1,0,2,2,2,1,0,1,1,0,1,0,2,0,0,1,1,0,1,0,1,0,0,0,0,0,0,0,0,0,0,0,0,0,0,1,0,0,1,0,0,0,0,0,0,0,0,0,0,0,0,0,0,0,0,0,0,0,0,0,0,0,0,0,0,0,0,0,0,0,0,0,0,0,0,0,0,0,0,0,0,0,0,0,0,0,0,0,0,0,0,0,0,0,0,0,0,0,0
1,0,0,0,0,0,2,1,1,0,0,0,4,1,1,4,6,5,5,4,3,6,10,9,10,5,10,8,10,8,17,7,16,13,18,20,17,17,23,18,17,22,20,22,20,21,21,17,26,31,24,16,31,27,26,24,17,16,21,12,14,18,17,19,17,22,9,18,12,14,8,19,10,9,8,6,7,10,9,6,11,11,8,2,5,7,2,5,8,3,6,2,2,3,3,1,4,1,1,0,2,3,1,3,1,3,0,0,0,2,1,0,0,0,2,1,0,0,1,1,1,0,0,0,1,1,0,0,0,0,0,0,2,0,0,0,0,0,1,0,0,0,0,1,0,0,0,0,0,0,0,1,0,0,0,0,0,0,0,0,0,0,0,0,0,0,0,0,0,0,0,0,0,0,0,0,0,0,0,0,0,0,0,0,0,0,0,0,0,0,0,0,0,0,0,0,0,0,0,0
2,0,0,0,0,0,0,1,2,1,3,4,4,0,1,7,4,5,3,6,8,6,7,7,6,6,9,6,10,9,16,11,10,13,14,16,15,14,29,16,16,15,21,20,25,25,21,21,27,18,11,17,17,20,9,22,23,25,24,12,26,11,17,16,19,13,18,13,16,15,12,16,6,18,11,5,11,4,7,14,4,7,2,9,5,5,5,1,4,5,5,1,5,4,5,1,2,0,2,1,1,0,1,2,1,1,1,1,1,0,0,1,0,0,0,1,1,0,1,0,2,0,0,0,0,2,0,1,0,0,0,0,0,0,0,0,0,0,0,0,0,0,0,0,0,0,0,0,0,0,0,0,0,0,0,0,0,0,0,0,0,0,0,0,0,0,0,0,0,0,0,0,0,0,0,0,0,0,0,0,0,0,0,0,0,0,0,0,0,0,0,0,0,0,0,0,0,0,0,0
0,1,0,1,0,2,1,1,2,1,1,3,4,6,1,3,2,4,5,3,3,7,9,12,6,15,8,2,11,10,17,16,8,14,13,10,23,14,25,10,16,15,21,28,28,25,22,12,18,24,26,16,23,25,21,19,16,15,20,24,25,10,16,18,11,15,12,10,4,10,9,14,11,10,13,12,13,8,9,2,5,3,7,8,2,5,2,5,5,5,6,1,0,2,1,2,2,2,5,2,4,3,1,2,0,0,0,0,0,0,0,0,1,0,1,0,1,0,0,0,0,0,0,0,0,1,1,0,1,0,0,1,0,0,0,0,0,0,0,0,0,0,0,0,2,0,0,0,0,0,0,0,0,0,0,0,0,0,0,0,0,0,0,0,0,0,0,0,0,0,0,0,0,0,0,0,0,0,0,0,0,0,0,0,0,0,0,0,0,0,0,0,0,0,0,0,0,0,0,0
0,1,0,0,1,1,3,1,0,0,0,0,2,1,2,3,2,7,5,2,5,6,9,7,10,9,7,9,13,8,17,9,18,12,13,12,17,11,15,17,25,19,14,21,20,18,24,15,36,13,23,22,31,16,22,23,16,10,21,21,20,21,16,13,16,15,12,14,10,13,15,9,9,8,9,6,5,3,5,10,8,7,7,5,4,4,7,3,1,5,3,5,3,2,2,3,2,0,3,1,4,4,1,0,1,0,2,1,0,1,0,2,2,0,0,0,0,0,1,0,0,3,1,0,3,0,0,1,0,0,0,0,0,0,1,0,0,0,0,0,0,0,0,0,0,1,0,0,0,0,0,0,0,0,0,0,0,0,0,0,0,0,0,0,0,0,0,0,0,0,0,0,0,0,0,0,0,0,0,0,0,0,0,0,0,0,0,0,0,0,0,0,0,0,0,0,0,0,0,0
1,1,0,1,0,0,1,3,2,2,2,1,1,2,1,4,5,4,3,0,5,7,14,8,5,6,8,8,10,9,13,14,12,14,11,19,16,19,10,21,16,11,20,17,23,24,17,21,21,13,28,9,26,21,18,16,21,16,19,21,17,12,17,22,11,10,16,14,11,9,10,10,16,14,19,9,7,6,4,3,3,6,3,4,6,6,5,4,1,5,4,3,5,6,2,4,3,3,2,3,2,2,4,0,1,0,0,0,1,0,0,0,0,0,1,0,0,1,1,0,2,0,0,1,0,0,0,0,0,2,0,0,0,0,1,0,1,0,0,0,0,0,0,0,0,0,0,0,0,0,0,0,0,0,0,0,0,0,0,0,0,0,0,0,0,0,0,0,0,0,0,0,0,0,0,0,0,0,0,0,0,0,0,0,0,0,0,0,0,0,0,0,0,0,0,0,0,0,0,0
0,1,0,0,0,1,0,0,1,0,0,0,2,2,3,4,4,4,5,7,5,12,7,7,1,17,8,5,8,12,15,15,15,5,24,11,11,16,24,21,10,20,26,22,22,25,12,19,23,27,21,20,16,28,15,21,11,17,20,19,10,19,20,17,12,10,17,14,12,13,11,14,8,9,10,2,6,5,6,4,6,4,4,4,6,2,4,6,5,2,3,2,5,3,3,3,3,0,0,3,1,1,2,0,2,0,0,1,0,1,0,0,0,0,0,1,1,0,2,0,0,0,0,0,1,1,0,0,3,2,0,0,0,0,0,0,0,1,0,0,0,0,0,0,0,0,0,0,0,0,0,0,0,0,0,0,0,0,0,0,0,0,0,0,0,0,0,0,0,0,0,0,0,0,0,0,0,0,0,0,0,0,0,0,0,0,0,0,0,0,0,0,0,0,0,0,0,0,0,0
3,1,0,0,0,1,0,1,0,0,0,1,3,5,0,4,1,3,1,3,10,4,6,8,5,11,6,8,6,11,8,4,12,14,13,10,19,15,21,17,16,21,19,21,19,18,15,12,20,22,12,20,14,22,22,21,16,19,20,11,15,19,12,9,13,10,9,13,14,18,7,7,11,12,11,10,3,4,10,11,4,6,2,3,3,6,6,11,3,4,0,3,2,5,2,1,4,0,2,0,1,0,0,3,4,0,1,1,0,1,0,1,0,0,0,0,0,0,0,0,0,0,0,0,0,0,0,0,1,0,0,0,0,0,0,0,0,0,1,0,0,0,0,1,0,0,0,0,0,0,0,0,0,0,0,0,0,0,0,0,0,0,0,0,0,0,0,0,0,0,0,0,0,0,0,0,0,0,0,0,0,0,0,0,0,0,0,0,0,0,0,0,0,0,0,0,0,0,0,0
0,0,0,0,0,0,0,2,2,0,3,1,2,6,4,2,5,5,0,4,6,9,5,8,9,8,6,7,13,12,18,7,12,9,8,18,21,10,16,14,10,13,24,17,15,28,18,17,16,18,16,15,15,17,19,15,10,18,16,14,19,16,15,15,15,12,11,9,9,14,13,5,10,10,10,5,8,5,8,3,8,11,3,5,2,2,2,3,5,5,4,5,2,1,2,2,2,1,4,4,2,1,1,1,0,2,0,0,0,3,0,1,0,0,0,2,0,1,0,0,0,0,0,0,0,0,0,0,0,0,0,0,0,1,0,0,0,0,0,0,0,0,0,0,0,0,0,0,0,0,0,0,0,0,0,0,0,0,0,0,0,0,0,0,0,0,0,0,0,0,0,0,0,0,0,0,0,0,0,0,0,0,0,0,0,0,0,0,0,0,0,0,0,0,0,0,0,0,0,0
1,1,0,0,0,0,1,1,3,1,2,0,2,3,3,3,6,1,6,2,4,8,8,10,6,8,11,5,9,11,12,13,9,11,13,12,14,14,16,17,14,11,18,21,21,24,24,22,20,15,24,21,9,18,21,12,13,15,14,22,11,20,10,9,18,6,17,8,13,12,12,7,7,10,9,4,8,7,6,7,8,7,7,2,3,3,2,0,1,4,1,3,2,2,0,1,1,2,4,2,0,2,2,2,2,1,1,0,2,0,1,0,0,2,0,0,0,0,0,0,0,0,0,1,1,0,1,0,0,2,0,1,0,0,0,1,2,0,0,0,0,0,0,0,0,0,0,1,0,0,1,0,0,0,0,0,0,0,0,0,0,0,0,0,0,0,0,0,0,0,0,0,0,0,0,0,0,0,0,0,0,0,0,0,0,0,0,0,0,0,0,0,0,0,0,0,0,0,0,0
0,2,0,0,0,0,0,0,0,0,1,0,2,1,2,6,2,6,2,5,7,3,6,5,5,8,9,5,7,9,12,8,12,5,10,9,16,12,16,18,13,17,12,17,17,18,21,13,21,21,8,13,18,17,17,18,19,20,22,17,19,22,9,15,14,15,16,5,11,13,10,6,8,9,5,10,4,8,7,4,5,4,0,5,0,5,4,5,2,0,1,3,1,1,3,1,3,1,2,2,3,0,3,0,2,1,2,0,0,1,0,2,0,0,0,0,0,0,2,0,1,0,0,0,1,1,0,0,0,0,0,0,0,0,0,0,0,0,0,0,0,0,0,0,0,0,0,0,0,0,0,0,0,0,0,0,0,0,0,0,0,0,0,0,0,0,0,0,0,0,0,0,0,0,0,0,0,0,0,0,0,0,0,0,0,0,0,0,0,0,0,0,0,0,0,0,0,0,0,0
0,1,0,0,0,0,1,1,1,4,3,0,1,2,2,5,2,6,3,2,2,2,8,7,5,5,11,8,7,10,8,10,14,6,15,14,13,15,14,16,15,11,22,19,13,18,22,20,18,18,11,15,13,33,18,14,17,14,13,17,14,14,21,19,16,7,11,9,9,8,9,8,8,6,5,4,5,7,9,4,7,7,4,5,3,5,3,4,1,4,4,1,0,1,4,4,3,0,3,2,3,1,2,3,1,1,1,0,1,1,1,1,0,0,1,1,1,0,0,0,0,0,0,0,1,1,0,0,0,0,0,0,0,0,0,0,0,0,0,0,0,1,0,1,0,0,0,0,0,0,0,0,0,0,0,0,0,0,0,0,0,0,0,0,0,0,0,0,0,0,0,0,0,0,0,0,0,0,0,0,0,0,0,0,0,0,0,0,0,0,0,0,0,0,0,0,0,0,0,0
1,1,0,0,0,0,0,2,0,1,2,1,2,1,1,7,4,2,2,1,9,5,3,8,10,4,6,5,11,10,10,12,10,9,14,10,19,9,15,17,12,17,20,17,18,15,11,22,24,20,10,19,22,20,19,16,13,12,11,7,21,15,7,12,7,9,13,9,9,7,9,9,10,10,9,2,5,3,5,4,3,3,2,6,3,2,2,0,1,0,1,0,0,2,5,2,2,2,1,2,0,0,3,2,0,2,0,0,2,0,2,0,0,1,0,1,1,0,0,0,1,0,1,0,1,2,0,0,0,0,0,0,0,0,0,0,0,0,0,0,0,0,0,0,0,0,0,0,0,0,0,0,0,0,0,1,0,0,0,0,0,0,0,0,0,0,0,0,0,0,0,0,0,0,0,0,0,0,0,0,0,0,0,0,0,0,0,0,0,0,0,0,0,0,0,0,0,0,0,0
0,0,0,0,0,1,1,1,0,1,0,0,2,2,4,2,2,4,2,2,1,10,10,6,7,3,6,6,11,11,17,9,10,13,10,8,13,13,9,13,12,13,17,17,10,22,16,21,8,11,19,14,25,16,19,14,16,22,17,15,16,9,11,14,16,15,10,7,7,10,9,8,7,10,8,8,5,9,4,4,1,5,3,6,3,4,2,1,6,1,1,2,2,2,2,3,1,0,0,5,2,2,0,2,1,1,2,0,0,1,0,0,1,1,0,0,0,0,0,0,1,1,0,0,1,0,0,0,0,0,0,0,0,0,0,1,0,0,0,0,0,0,0,0,0,0,0,0,0,0,0,0,1,0,0,0,0,0,0,0,0,0,0,0,0,0,0,0,0,0,0,0,0,0,0,0,0,0,0,0,0,0,0,0,0,0,0,0,0,0,0,0,0,0,0,0,0,0,0,0
1,0,0,0,0,0,1,0,2,0,1,0,2,0,2,5,5,9,1,3,3,4,4,7,8,2,6,5,9,9,20,3,11,10,13,9,11,16,10,15,11,14,18,14,8,26,14,5,18,18,16,12,17,17,9,17,10,20,15,8,16,8,9,16,9,11,9,12,15,11,10,5,8,4,4,6,5,10,12,3,1,6,1,4,5,5,4,4,2,2,5,2,4,0,0,3,4,1,2,1,2,3,0,1,2,1,0,0,1,1,2,0,0,1,3,0,1,2,0,0,0,0,0,1,0,0,1,0,0,0,0,0,0,0,0,0,0,0,0,0,1,0,0,0,0,0,0,0,0,0,0,0,0,0,0,0,0,0,0,0,0,0,0,0,0,0,0,0,0,0,0,0,0,0,0,0,0,0,0,0,0,0,0,0,0,0,0,0,0,0,0,0,0,0,0,0,0,0,0,0
0,0,0,0,0,0,1,0,2,2,2,1,4,2,4,4,3,6,2,5,5,9,6,10,6,6,9,4,7,7,15,13,14,11,8,11,9,19,16,13,8,7,18,16,17,13,10,16,17,20,9,16,12,23,8,17,20,11,17,17,11,9,16,17,17,15,13,8,13,9,7,10,3,4,9,3,6,6,4,7,6,4,3,6,1,4,1,5,0,0,6,1,5,0,2,0,0,0,2,2,0,2,1,1,0,1,0,1,0,0,0,0,1,0,0,1,1,0,1,0,0,0,0,1,0,1,1,0,0,0,1,0,0,1,0,0,0,0,1,0,0,0,1,0,0,0,0,2,0,0,1,0,0,0,0,0,0,0,0,0,0,0,0,0,0,0,0,0,0,0,0,0,0,0,0,0,0,0,0,0,0,0,0,0,0,0,0,0,0,0,0,0,0,0,0,0,0,0,0,0
0,0,0,0,0,0,0,2,1,0,2,1,1,1,1,6,1,5,6,3,6,7,2,8,3,6,2,5,7,8,10,6,7,6,9,10,5,6,7,21,12,11,13,10,10,12,16,17,19,15,15,10,20,10,22,16,11,12,20,12,12,15,10,13,12,8,14,12,8,16,11,9,3,9,7,3,5,8,4,4,5,1,3,3,1,1,4,1,5,0,2,3,1,3,1,1,2,0,2,0,0,0,2,0,0,2,1,1,2,0,1,1,1,2,1,1,1,1,0,0,0,0,1,0,0,0,0,1,0,0,0,0,0,1,0,1,0,0,0,0,0,0,0,0,0,0,0,0,0,0,0,0,0,0,0,0,0,0,0,0,0,0,0,0,0,0,0,0,0,0,0,0,0,0,0,0,0,0,0,0,0,0,0,0,0,0,0,0,0,0,0,0,0,0,0,0,0,0,0,0
1,1,0,0,0,0,0,1,0,2,3,3,3,1,2,2,1,1,5,3,2,4,4,11,4,6,4,3,9,6,7,11,6,10,13,11,13,14,13,14,18,12,12,16,16,16,16,15,19,17,9,18,12,13,6,13,11,16,10,17,14,9,13,12,4,8,9,7,12,8,9,9,4,6,12,9,5,6,4,5,10,4,2,4,4,4,3,3,3,1,2,3,1,0,3,1,0,3,1,0,0,2,0,1,1,1,0,0,0,1,0,1,0,0,0,0,0,0,0,0,0,0,1,0,0,1,0,0,0,1,0,0,0,1,0,1,0,0,0,0,0,0,0,0,0,0,0,0,0,0,0,0,0,0,0,0,0,0,0,0,0,0,0,0,0,0,0,0,0,0,0,0,0,0,0,0,0,0,0,0,0,0,0,0,0,0,0,0,0,0,0,0,0,0,0,0,0,0,0,0
0,1,1,0,0,0,0,0,0,1,2,1,4,3,3,2,3,5,3,3,2,2,6,13,5,5,3,7,7,11,18,5,8,6,2,12,12,8,15,14,11,17,16,16,12,20,10,16,17,17,11,10,10,10,22,14,10,12,12,16,10,10,11,14,10,6,5,6,8,8,9,5,3,9,6,8,5,1,7,6,2,3,4,3,1,3,2,5,3,2,4,2,2,3,1,4,4,1,1,1,3,1,0,0,2,0,0,0,1,0,0,1,0,3,1,1,1,1,0,0,0,0,1,0,0,1,1,0,0,0,0,0,0,0,0,0,0,0,0,0,0,0,0,0,0,0,0,0,0,0,0,0,0,0,0,0,0,0,0,0,0,0,0,0,0,0,0,0,0,0,0,0,0,0,0,0,0,0,0,0,0,0,0,0,0,0,0,0,0,0,0,0,0,0,0,0,0,0,0,0
0,0,0,0,0,0,1,1,0,1,0,2,4,2,0,0,2,2,6,4,2,4,5,5,5,7,7,5,5,6,8,5,12,8,14,14,9,11,16,13,15,17,12,9,10,21,14,12,14,11,14,14,19,13,19,15,10,6,17,10,11,13,8,11,11,7,10,14,7,9,6,7,8,9,8,8,4,9,8,5,7,1,3,2,5,1,5,3,4,3,4,1,1,4,2,1,4,1,1,1,4,0,1,0,0,1,0,4,0,1,0,0,0,1,0,0,1,0,1,0,0,0,0,0,0,0,0,0,0,0,0,0,0,2,1,0,0,0,0,0,0,0,0,0,0,0,0,0,0,0,0,0,0,0,0,0,0,0,0,0,0,0,0,0,0,0,0,0,0,0,0,0,0,0,0,0,0,0,0,0,0,0,0,0,0,0,0,0,0,0,0,0,0,0,0,0,0,0,0,0
2,0,0,1,0,1,0,0,2,0,1,1,1,2,3,6,5,3,4,2,9,2,6,5,5,3,5,5,10,7,7,7,9,10,13,9,12,19,13,10,13,17,10,5,14,14,9,7,10,19,12,8,13,12,17,14,14,14,14,17,13,13,6,8,7,7,6,10,8,6,3,3,6,4,5,4,3,5,3,4,1,6,4,4,0,2,3,1,1,4,2,3,2,2,3,3,0,1,0,2,3,0,2,0,0,2,1,1,0,0,1,0,1,2,0,0,0,0,0,0,1,0,0,0,0,0,0,0,0,1,1,0,0,0,1,0,0,0,0,0,0,0,0,0,0,0,0,0,1,0,0,0,0,0,0,0,0,0,0,0,0,0,0,0,0,0,0,0,0,0,0,0,0,0,0,0,0,0,0,0,0,0,0,0,0,0,0,0,0,0,0,0,0,0,0,0,0,0,0,0
0,0,0,0,1,0,1,0,0,1,0,0,4,3,2,4,3,3,1,4,3,5,4,4,4,6,2,6,7,10,8,9,9,7,8,12,17,11,20,10,13,10,14,12,13,13,19,16,6,15,13,4,13,15,9,12,7,13,9,13,12,16,7,7,10,9,11,12,7,8,8,7,6,7,7,4,5,1,11,6,2,4,4,3,4,3,0,4,0,2,1,1,0,1,1,1,3,0,1,0,2,1,0,1,3,0,2,0,1,0,1,1,1,0,1,0,0,0,1,0,0,0,1,0,0,0,0,0,0,0,0,0,0,1,0,0,0,0,0,0,0,0,0,0,0,0,0,0,0,0,0,0,0,0,0,0,0,0,0,0,0,0,0,0,0,0,0,0,0,0,0,0,0,0,0,0,0,0,0,0,0,0,0,0,0,0,0,0,0,0,0,0,0,0,0,0,0,0,0,0
0,0,0,0,0,0,1,3,3,1,3,0,2,0,1,2,2,2,0,1,3,1,4,7,6,3,12,11,12,7,7,7,5,7,9,8,11,12,6,8,4,13,14,18,18,10,14,15,16,9,17,14,16,13,11,11,9,9,13,10,12,11,16,14,8,7,4,4,9,7,6,10,10,6,4,6,1,9,4,5,3,6,1,2,2,4,3,3,0,4,1,0,4,1,1,2,2,1,1,1,0,1,0,1,3,0,0,0,0,0,0,0,0,0,1,0,0,0,0,0,0,0,0,0,0,0,0,0,1,0,0,0,0,0,0,2,0,0,0,0,0,0,0,0,0,0,0,0,0,0,0,0,0,0,0,0,0,0,0,0,0,0,0,0,0,0,0,0,0,0,0,0,0,0,0,0,0,0,0,0,0,0,0,0,0,0,0,0,0,0,0,0,0,0,0,0,0,0,0,0
0,0,0,0,1,0,1,2,0,0,0,1,2,2,1,1,5,3,2,2,0,2,4,13,1,5,4,7,5,4,9,2,11,8,10,9,17,8,13,11,9,9,14,18,13,9,14,10,8,21,10,11,14,9,12,13,8,13,13,17,8,5,8,12,3,13,4,12,6,4,7,8,8,6,3,3,6,7,4,5,2,2,4,5,6,3,2,3,0,1,2,2,2,1,2,2,1,1,2,4,3,0,1,1,1,0,1,0,1,1,0,2,0,1,1,1,0,0,0,0,1,1,1,0,0,2,0,0,0,2,0,0,0,0,0,0,0,0,0,0,0,0,0,0,0,0,0,0,0,0,0,0,0,0,0,0,0,0,0,0,0,0,0,0,0,0,0,0,0,0,0,0,0,0,0,0,0,0,0,0,0,0,0,0,0,0,0,0,0,0,0,0,0,0,0,0,0,0,0,0
0,1,0,0,0,1,0,2,0,1,4,0,2,1,2,1,3,1,4,2,7,4,2,2,0,4,2,6,6,6,5,4,11,4,5,9,16,11,1,10,12,17,9,14,12,13,11,12,13,15,13,7,12,15,5,14,7,11,7,11,4,7,7,8,8,10,9,11,10,11,10,6,6,3,5,4,4,3,3,5,4,4,1,4,2,6,3,4,4,2,1,1,1,0,2,2,0,4,0,3,1,1,1,1,0,2,2,0,1,0,1,0,0,0,0,0,0,0,0,0,0,0,1,0,0,0,0,0,0,0,0,0,0,1,0,0,0,0,1,0,0,0,0,0,0,0,0,0,0,0,0,0,0,0,0,0,0,0,0,0,0,0,0,0,0,0,0,0,0,0,0,0,0,0,0,0,0,0,0,0,0,0,0,0,0,0,0,0,0,0,0,0,0,0,0,0,0,0,0,0
0,0,1,0,0,0,0,1,2,0,3,0,3,2,1,5,6,2,3,4,8,3,2,6,3,3,3,2,7,13,9,6,3,6,14,9,17,14,13,5,12,8,14,11,11,12,12,10,15,8,6,11,5,7,18,11,8,13,7,10,10,8,6,6,7,8,7,4,11,8,1,5,5,3,5,3,5,3,6,1,2,6,2,2,2,4,3,3,2,1,2,2,4,2,1,0,2,0,2,1,2,0,0,0,5,0,1,0,0,1,1,0,0,0,4,0,0,0,0,1,0,0,0,0,0,0,0,0,0,0,0,0,0,0,0,0,0,0,1,0,0,0,0,0,0,0,1,0,0,0,0,1,1,0,0,0,0,0,0,0,0,0,0,0,0,0,0,0,0,0,0,0,0,0,0,0,0,0,0,0,0,0,0,0,0,0,0,0,0,0,0,0,0,0,0,0,0,0,0,0
1,0,0,0,0,0,1,1,0,0,1,1,1,0,1,1,4,5,1,2,4,4,3,12,3,3,4,4,6,7,6,5,11,7,12,14,19,5,6,10,7,15,12,10,13,10,14,11,17,6,10,6,10,12,7,13,10,9,11,13,6,9,5,4,5,11,8,2,7,9,5,1,7,3,8,6,3,4,2,7,1,1,3,2,1,4,2,4,1,1,3,1,0,0,3,2,0,1,1,1,0,0,2,1,0,0,1,2,1,1,1,0,1,1,0,1,1,0,1,1,0,0,1,0,1,1,0,0,0,0,0,0,0,0,0,0,0,0,0,0,1,1,0,0,0,0,0,0,0,0,0,0,0,0,0,0,0,0,0,0,0,0,0,0,0,0,0,0,0,0,0,0,0,0,0,0,0,0,0,0,0,0,0,0,0,0,0,0,0,0,0,0,0,0,0,0,0,0,0,0
0,0,0,0,0,0,1,0,2,1,2,0,0,2,1,2,2,0,3,2,4,0,5,6,6,5,6,7,3,10,4,5,5,3,14,10,7,9,8,13,8,13,9,13,9,8,12,13,11,13,18,8,14,10,14,8,12,16,8,15,7,15,6,6,5,11,7,8,5,6,6,5,3,6,6,1,2,4,2,1,4,3,1,2,2,0,3,6,5,0,4,2,0,1,0,1,1,2,1,0,1,0,1,0,0,0,0,1,0,0,1,0,0,2,0,0,0,0,0,0,0,0,0,0,0,1,0,0,0,1,0,0,0,0,0,0,0,1,1,0,0,0,0,0,0,0,0,0,0,0,0,0,0,0,0,0,0,0,0,0,0,0,0,0,0,0,0,0,0,0,0,0,0,0,0,0,0,0,0,0,0,0,0,0,0,0,0,0,0,0,0,0,0,0,0,0,0,0,0,0
3,0,0,0,0,0,1,0,0,0,0,2,2,4,2,1,2,3,2,2,4,3,3,7,2,6,5,4,7,5,9,9,7,7,13,10,11,12,9,7,7,4,16,12,8,18,14,8,13,8,8,10,13,7,12,11,11,9,10,10,9,11,5,8,7,5,14,9,7,10,4,1,3,7,3,4,3,4,5,5,4,5,4,3,2,2,1,5,3,1,1,1,3,2,1,0,0,0,2,1,1,0,1,0,0,0,0,0,1,0,1,0,1,0,1,0,0,0,0,0,0,0,1,0,0,0,1,0,0,0,0,0,0,0,0,0,0,0,0,0,0,0,0,0,0,0,0,0,0,0,0,0,0,0,0,0,0,0,0,0,0,0,0,0,0,0,0,0,0,0,0,0,0,0,0,0,0,0,0,0,0,0,0,0,0,0,0,0,0,0,0,0,0,0,0,0,0,0,0,0
0,0,0,0,0,1,0,0,0,1,0,2,1,0,1,4,3,2,1,4,4,5,3,7,3,7,2,2,2,6,9,4,5,10,9,11,11,10,12,6,11,8,7,15,13,17,7,9,16,11,8,11,7,8,12,12,9,9,15,15,12,8,4,6,5,7,6,5,5,3,5,5,4,4,5,3,1,3,6,8,6,3,2,1,5,2,5,3,0,1,5,2,2,1,2,1,0,0,1,2,0,2,0,1,0,2,0,1,0,0,0,0,0,1,0,1,0,0,0,0,0,0,0,0,0,0,0,0,0,0,0,0,0,0,0,0,0,0,0,0,0,0,0,0,0,0,0,0,0,0,0,0,0,0,0,0,0,0,0,0,0,0,0,0,0,0,0,0,0,0,0,0,0,0,0,0,0,0,0,0,0,0,0,0,0,0,0,0,0,0,0,0,0,0,0,0,0,0,0,0
1,0,0,0,0,1,0,0,0,0,2,0,1,0,1,2,6,3,0,1,3,1,4,9,3,4,2,5,5,5,7,6,8,5,2,7,10,13,8,12,6,14,9,12,15,13,10,9,10,11,10,10,9,7,11,11,15,11,10,6,8,7,8,8,10,7,4,3,7,6,6,5,5,3,5,4,6,2,3,2,2,1,2,0,1,0,1,3,3,1,2,3,3,6,0,2,3,2,1,0,0,1,0,2,2,1,0,0,1,0,2,0,0,0,0,0,0,0,0,1,1,0,0,0,0,0,0,0,0,1,0,0,0,0,0,0,0,1,0,0,0,0,0,1,0,0,0,0,0,0,0,0,0,0,0,0,0,0,0,0,0,0,0,0,0,0,0,0,0,0,0,0,0,0,0,0,0,0,0,0,0,0,0,0,0,0,0,0,0,0,0,0,0,0,0,0,0,0,0,0
0,0,1,0,0,2,2,0,2,1,2,1,3,1,2,2,4,1,2,1,6,4,1,2,5,5,3,4,4,9,10,5,12,5,4,7,12,10,12,8,6,10,6,11,8,13,7,12,14,13,9,6,13,8,6,8,11,8,7,6,14,7,4,11,5,2,10,9,9,6,9,5,5,5,1,2,6,1,8,3,3,0,3,3,3,1,2,4,3,0,2,2,1,3,2,3,0,1,1,1,0,2,1,0,0,0,2,0,1,0,1,2,0,0,0,0,0,0,1,0,0,0,0,0,0,0,0,0,0,0,0,0,0,0,0,0,0,0,0,0,0,0,0,0,0,0,0,0,0,0,0,0,1,0,0,0,0,0,0,0,0,0,0,0,0,0,0,0,0,0,0,0,0,0,0,0,0,0,0,0,0,0,0,0,0,0,0,0,0,0,0,0,0,0,0,0,0,0,0,0
0,0,0,0,0,0,1,0,1,0,3,0,1,1,1,2,2,3,5,1,0,0,3,5,6,6,2,2,10,5,6,5,9,9,3,6,10,5,7,10,9,7,8,9,8,9,5,11,12,10,5,7,7,11,5,10,12,3,6,8,9,7,12,2,5,9,6,8,3,5,7,2,6,7,5,5,2,5,5,5,3,1,2,3,2,2,1,1,0,3,2,0,3,2,5,2,3,1,0,0,1,1,0,1,0,0,0,0,0,0,0,0,0,0,0,0,1,0,1,0,0,0,0,0,0,0,0,0,0,0,0,0,0,0,0,0,0,1,0,0,0,0,0,0,0,0,0,0,0,0,0,0,0,0,0,0,0,0,0,0,0,0,0,0,0,0,0,0,0,0,0,0,0,0,0,0,0,0,0,0,0,0,0,0,0,0,0,0,0,0,0,0,0,0,0,0,0,0,0,0
0,0,0,0,0,0,4,0,1,0,0,0,2,0,1,0,2,3,4,5,2,2,5,3,2,4,4,8,3,5,9,8,4,9,7,5,10,4,11,5,13,7,12,10,9,8,10,7,11,11,4,12,6,8,7,6,3,7,7,7,8,7,7,10,5,7,8,3,7,6,5,9,5,5,3,9,4,8,1,2,1,1,3,3,1,4,1,3,4,2,1,0,1,1,3,0,1,1,1,1,0,0,0,0,1,0,1,0,0,0,0,0,0,0,0,1,1,0,0,0,0,0,0,0,0,0,0,0,0,0,0,0,0,0,1,0,0,0,0,0,0,0,0,0,0,0,0,0,0,0,0,1,0,0,0,0,0,0,0,0,0,0,0,0,0,0,0,0,0,0,0,0,0,0,0,0,0,0,0,0,0,0,0,0,0,0,0,0,0,0,0,0,0,0,0,0,0,0,0,0
0,0,0,0,1,0,0,0,2,1,0,0,0,1,2,0,1,1,3,2,4,6,1,9,6,5,3,4,2,10,5,8,6,8,8,10,9,12,11,8,2,13,9,11,16,15,7,13,14,9,5,11,9,12,9,10,7,5,8,3,7,6,6,5,1,6,4,1,6,2,4,1,3,5,3,2,5,2,5,1,3,4,1,1,3,2,2,2,2,2,0,3,0,1,2,0,0,2,1,1,0,0,1,0,0,0,0,0,0,0,1,0,0,0,0,0,1,1,0,0,1,0,0,0,0,1,0,0,0,0,0,0,0,0,0,0,0,0,0,0,0,0,0,0,0,0,0,0,0,1,0,0,0,0,0,0,0,0,0,0,0,0,0,0,0,0,0,0,0,0,0,0,0,0,0,0,0,0,0,0,0,0,0,0,0,0,0,0,0,0,0,0,0,0,0,0,0,0,0,0
0,0,0,0,0,0,1,1,0,1,2,1,1,3,2,0,1,3,2,1,2,4,3,1,5,2,5,3,9,10,7,3,3,2,10,11,12,7,7,9,7,6,10,14,12,13,8,7,10,10,7,11,5,5,9,7,6,9,8,9,8,8,8,11,5,3,3,5,9,5,6,3,7,2,7,1,0,3,4,4,3,2,1,7,0,1,2,0,2,1,0,0,3,0,0,0,2,1,0,1,2,0,1,0,1,0,0,0,0,1,1,0,1,1,1,0,0,0,0,0,0,0,0,0,0,0,0,1,0,0,0,1,0,0,0,0,1,0,0,0,0,0,0,0,0,0,0,0,0,0,0,0,0,0,0,0,0,0,0,0,0,0,0,0,0,0,0,0,0,0,0,0,0,0,0,0,0,0,0,0,0,0,0,0,0,0,0,0,0,0,0,0,0,0,0,0,0,0,0,0
0,0,0,0,1,1,1,0,0,1,2,1,2,1,0,3,2,3,2,3,4,5,2,4,1,3,3,4,3,7,7,4,3,4,3,5,7,7,9,10,8,9,9,10,11,11,13,6,12,4,5,2,10,10,8,5,10,7,10,7,3,3,8,9,5,5,7,1,8,8,5,4,3,3,4,3,3,1,3,0,1,0,3,1,2,0,3,1,4,3,0,1,1,2,1,2,0,2,3,0,0,0,0,0,1,0,1,0,0,0,0,1,0,0,0,0,0,0,0,0,0,0,0,0,0,0,0,0,0,0,0,0,0,0,0,0,0,0,0,0,0,0,0,0,1,0,0,0,0,0,0,0,0,0,0,0,0,0,0,0,0,0,0,0,0,0,0,0,0,0,0,0,0,0,0,0,0,0,0,0,0,0,0,0,0,0,0,0,0,0,0,0,0,0,0,0,0,0,0,0
0,0,1,0,0,0,0,0,4,1,1,2,2,1,1,2,2,1,2,3,4,1,4,1,2,5,5,6,3,3,4,3,2,4,4,0,10,5,12,3,4,5,10,5,12,12,7,8,9,13,5,3,4,9,5,9,6,7,5,4,9,9,7,6,8,3,7,6,6,4,6,5,4,4,2,5,4,2,2,4,2,2,1,0,2,0,2,1,1,2,0,0,0,1,1,0,4,1,0,1,0,0,0,2,1,1,1,0,0,1,0,0,0,0,0,0,0,0,0,0,0,0,1,0,1,0,0,0,0,0,0,0,0,0,0,0,0,0,0,0,0,0,0,0,0,0,0,0,0,0,0,0,0,0,0,0,0,0,0,1,0,0,0,0,0,0,0,0,0,0,0,0,0,0,0,0,0,0,0,0,0,0,0,0,0,0,0,0,0,0,0,0,0,0,0,0,0,0,0,0
0,0,0,0,1,1,1,0,1,0,0,0,1,3,2,1,3,1,5,1,1,6,4,3,3,5,4,2,4,3,6,1,10,6,6,11,6,10,9,13,2,7,10,9,9,8,9,9,9,7,8,6,7,9,9,7,9,3,8,3,10,2,8,3,5,10,2,4,4,3,9,2,6,4,2,2,2,2,1,4,3,3,3,6,2,2,2,1,1,0,2,2,1,1,1,0,0,1,1,0,0,0,0,0,0,1,0,0,0,1,0,0,0,0,0,0,0,0,0,0,0,0,0,0,0,0,0,0,0,0,0,0,0,0,0,0,0,0,0,0,0,0,0,0,0,0,0,0,0,0,0,0,0,0,0,0,0,0,0,0,0,0,0,0,0,0,0,0,0,0,0,0,0,0,0,0,0,0,0,0,0,0,0,0,0,0,0,0,0,0,0,0,0,0,0,0,0,0,0,0
1,0,1,0,0,0,1,0,2,0,0,2,0,3,1,3,0,1,0,2,3,2,1,7,8,3,5,3,5,7,6,3,5,7,9,4,9,3,3,7,3,3,11,13,12,9,12,14,8,14,8,7,8,8,6,7,8,9,13,10,10,5,5,4,5,4,6,10,3,5,5,8,1,4,2,3,3,3,0,1,1,2,2,0,2,0,1,2,3,1,3,6,1,0,0,0,2,0,0,1,0,0,0,1,1,1,0,0,0,1,1,1,1,0,0,0,0,0,0,1,0,0,0,0,0,1,0,0,0,0,0,1,0,0,0,0,0,0,0,0,0,0,0,0,0,0,0,0,0,0,0,0,0,0,1,0,0,0,0,0,0,0,0,0,0,0,0,0,0,0,0,0,0,0,0,0,0,0,0,0,0,0,0,0,0,0,0,0,0,0,0,0,0,0,0,0,0,0,0,0
0,0,1,0,0,2,3,0,1,1,0,1,1,0,1,1,1,2,2,3,0,3,0,7,0,4,7,6,5,7,5,4,2,6,7,5,11,11,3,6,4,3,6,7,5,8,8,8,11,7,8,6,6,8,4,8,8,5,4,3,8,4,4,2,2,7,5,5,7,3,7,6,7,2,2,2,2,0,4,1,2,0,1,1,2,0,0,1,3,1,0,1,0,2,4,0,0,0,2,0,0,0,1,1,0,0,1,0,0,0,0,1,1,1,0,0,0,0,0,0,0,0,0,0,0,0,0,0,0,0,0,0,0,0,0,0,0,0,0,0,0,1,0,0,0,0,0,0,0,0,0,0,0,0,0,0,0,0,0,0,0,0,0,0,0,0,0,0,0,0,0,0,0,0,0,0,0,0,0,0,0,0,0,0,0,0,0,0,0,0,0,0,0,0,0,0,0,0,0,0
0,0,0,0,0,1,0,0,0,0,0,2,0,1,0,0,0,1,1,1,3,3,4,4,2,3,3,4,6,7,9,5,6,3,8,4,6,7,9,6,5,6,5,13,3,10,4,12,7,8,10,2,6,13,5,5,5,7,6,7,9,7,6,6,5,9,5,7,3,5,10,3,4,3,3,4,3,2,3,1,3,4,1,2,1,2,1,1,2,3,3,0,2,2,1,0,1,1,1,0,1,0,1,1,0,1,0,2,1,0,1,0,0,0,0,0,0,0,0,0,0,0,1,0,0,1,0,0,0,0,1,0,0,0,0,0,0,0,0,0,0,0,0,0,0,0,0,0,0,0,0,0,0,0,0,0,0,0,0,0,0,0,0,0,0,0,0,0,0,0,0,0,0,0,0,0,0,0,0,0,0,0,0,0,0,0,0,0,0,0,0,0,0,0,0,0,0,0,0,0
0,0,1,0,0,1,0,0,0,0,1,1,1,1,1,3,3,2,2,2,3,2,1,7,4,1,4,3,2,2,7,3,3,5,5,3,11,5,6,3,5,6,9,11,7,4,4,4,6,6,12,4,3,15,9,5,7,3,7,1,7,8,1,4,7,6,1,2,0,6,5,1,3,3,3,3,2,1,6,2,1,4,3,3,0,0,2,3,3,2,1,0,0,0,1,0,0,1,2,0,1,0,0,1,1,0,0,0,0,0,1,0,1,0,0,0,0,2,0,0,0,0,1,0,0,0,0,1,0,0,0,0,0,0,0,0,0,0,0,0,1,0,0,0,0,0,0,0,0,0,0,0,0,0,0,0,0,0,0,1,0,0,0,0,0,0,0,0,0,0,0,0,0,0,0,0,0,0,0,0,0,0,0,0,0,0,0,0,0,0,0,0,0,0,0,0,0,0,0,0
0,0,0,0,0,0,0,0,0,1,2,2,0,0,0,3,3,3,0,0,0,1,4,1,0,5,1,5,2,0,10,4,7,2,7,2,10,10,9,1,8,7,9,10,6,8,9,8,14,7,4,5,3,5,7,8,8,7,9,4,10,2,4,9,11,4,3,6,3,4,6,4,1,4,3,3,5,3,2,0,1,1,5,3,1,2,2,1,1,1,0,1,0,0,1,0,1,0,0,0,4,1,0,0,0,0,1,1,0,0,1,1,0,1,0,0,0,1,1,0,0,0,0,0,1,0,0,0,0,0,0,0,0,0,0,0,0,0,0,0,0,0,0,0,0,0,0,0,0,0,0,0,0,0,0,0,0,0,0,0,0,0,0,0,0,0,0,0,0,0,0,0,0,0,0,0,0,0,0,0,0,0,0,0,0,0,0,0,0,0,0,0,0,0,0,0,0,0,0,0
0,0,0,0,0,0,1,0,0,0,1,0,1,0,0,1,1,1,0,1,1,3,3,5,3,3,2,2,3,1,1,3,2,6,7,0,5,10,7,10,8,6,9,11,8,8,6,3,4,4,5,5,5,8,5,9,6,9,7,3,7,3,11,8,3,5,5,6,7,6,1,6,2,3,7,5,3,0,2,2,1,3,3,1,0,3,6,1,1,1,2,3,0,1,1,0,0,1,2,0,0,1,0,0,0,1,0,0,1,1,0,0,0,0,0,1,0,0,1,0,0,0,0,0,0,0,0,0,0,0,1,0,0,0,0,0,0,0,0,0,0,0,0,0,0,0,0,0,0,0,0,0,0,0,0,0,0,0,0,0,0,0,0,0,0,0,0,0,0,0,0,0,0,0,0,0,0,0,0,0,0,0,0,0,0,0,0,0,0,0,0,0,0,0,0,0,0,0,0,0
1,1,0,0,0,0,1,0,0,0,1,0,2,0,3,2,1,3,2,1,3,7,1,5,2,0,6,3,4,4,6,2,3,6,6,7,3,6,11,7,7,2,4,6,4,4,7,3,8,4,6,0,6,8,9,7,10,6,2,5,8,4,11,8,4,5,1,7,4,4,2,3,4,1,3,2,2,4,4,2,2,3,1,2,3,1,1,1,1,0,0,0,0,0,0,2,1,1,1,0,0,2,0,1,0,1,1,0,1,0,1,0,0,0,0,0,0,0,0,0,0,0,0,0,0,0,0,0,0,0,0,0,0,0,0,0,0,0,0,0,0,0,0,0,0,0,0,0,1,0,0,0,0,0,0,1,0,0,0,0,0,0,0,0,0,0,0,0,0,0,0,0,0,0,0,0,0,0,0,0,0,0,0,0,0,0,0,0,0,0,0,0,0,0,0,0,0,0,0,0
0,1,0,0,0,0,0,0,0,0,0,1,0,0,1,0,0,0,1,0,3,2,0,2,2,4,2,6,1,2,6,2,4,2,7,7,9,3,9,4,4,11,4,8,12,10,8,7,8,4,9,5,9,12,7,7,4,2,5,5,4,5,4,3,3,4,5,3,3,5,2,3,3,8,2,3,2,2,4,1,1,0,1,2,2,1,2,0,1,1,0,0,1,1,1,0,0,0,3,1,0,0,0,0,1,0,0,0,1,0,1,0,0,0,1,0,0,0,0,0,1,0,0,0,0,0,0,0,0,0,0,0,0,0,1,0,0,0,0,0,0,0,0,0,0,0,0,0,0,0,0,0,0,0,0,0,0,0,0,0,0,0,0,0,0,0,0,0,0,0,0,0,0,0,0,0,0,0,0,0,0,0,0,0,0,0,0,0,0,0,0,0,0,0,0,0,0,0,0,0
0,0,0,0,0,1,0,0,0,0,0,0,2,0,1,0,0,2,0,1,2,0,1,4,2,4,1,3,2,6,4,4,3,5,9,5,4,5,7,9,5,5,5,10,4,3,6,5,3,8,7,9,6,10,4,3,7,8,7,2,9,8,6,4,4,1,5,5,4,4,5,5,2,4,3,5,1,1,3,2,3,2,1,0,4,3,1,2,0,0,0,0,1,1,2,0,0,1,2,1,0,0,1,0,1,0,0,0,0,0,0,0,0,0,0,0,0,0,0,0,0,0,0,0,0,0,0,0,0,0,0,0,0,0,0,0,0,0,0,0,0,0,0,0,0,0,0,0,0,0,0,0,0,0,0,0,0,0,0,0,0,0,0,0,0,0,0,0,0,0,0,0,0,0,0,0,0,0,0,0,0,0,0,0,0,0,0,0,0,0,0,0,0,0,0,0,0,0,0,0
0,0,0,0,0,0,0,3,0,0,0,0,2,2,0,0,1,1,0,1,6,2,2,1,2,1,3,3,1,7,4,2,4,3,7,8,5,5,4,8,6,4,4,9,8,5,4,8,5,10,2,6,6,4,5,10,2,5,7,2,8,5,6,2,4,4,3,3,4,3,2,1,2,1,2,1,3,1,1,2,2,3,1,0,0,1,2,0,0,1,1,0,1,1,1,2,3,3,0,0,2,1,0,0,1,1,0,0,1,1,0,0,0,0,0,0,0,0,0,0,0,1,0,0,0,0,0,0,0,0,0,0,0,0,0,0,0,0,0,0,0,0,0,0,0,0,0,0,0,0,0,0,0,0,0,0,0,0,0,0,0,0,0,0,0,0,0,0,0,0,0,0,0,0,0,0,0,0,0,0,0,0,0,0,0,0,0,0,0,0,0,0,0,0,0,0,0,0,0,0
0,0,0,0,0,0,0,0,0,0,1,2,2,0,1,0,1,0,1,1,1,3,3,5,5,3,2,2,4,5,4,2,7,3,6,8,11,6,6,5,6,7,9,3,4,6,6,3,6,8,5,6,6,4,7,8,4,5,8,1,8,3,6,4,2,7,3,0,5,3,3,2,4,3,2,1,2,2,1,2,3,5,3,0,2,0,1,2,2,3,1,1,2,0,0,1,1,0,1,0,0,0,0,1,2,1,1,0,0,0,0,0,0,0,1,0,0,0,1,0,0,0,0,0,0,0,0,1,0,0,0,0,0,0,0,0,0,0,0,0,0,0,0,0,0,0,0,0,0,0,0,0,0,0,0,0,0,0,0,0,0,0,0,0,0,0,0,0,0,0,0,0,0,0,0,0,0,0,0,0,0,0,0,0,0,0,0,0,0,0,0,0,0,0,0,0,0,0,0,0
0,0,0,0,0,1,1,0,1,0,1,1,0,0,1,2,1,0,1,2,4,3,5,2,4,2,1,5,4,5,7,2,3,4,9,4,11,2,4,1,3,11,7,5,5,4,5,4,5,5,1,5,5,7,5,5,5,5,8,4,5,3,5,1,8,3,2,4,2,4,3,5,3,6,2,0,1,1,1,5,2,2,1,1,2,1,1,2,0,2,0,1,0,0,0,0,2,0,0,0,1,0,0,0,0,1,2,0,1,0,0,0,0,0,0,0,0,0,0,1,0,0,0,0,0,0,0,0,0,0,0,0,0,0,0,0,0,0,0,0,0,0,0,1,0,0,0,0,0,0,0,0,0,0,0,0,0,0,0,0,0,0,0,0,0,0,0,0,0,0,0,0,0,0,0,0,0,0,0,0,0,0,0,0,0,0,0,0,0,0,0,0,0,0,0,0,0,0,0,0
0,0,0,0,0,0,2,0,1,0,1,0,0,2,1,1,3,1,1,3,2,1,4,3,1,0,1,2,3,2,4,2,4,3,6,4,5,3,10,4,2,4,10,5,7,3,12,4,6,13,6,6,1,5,4,7,5,5,1,8,3,5,6,6,5,1,3,5,3,4,2,2,4,4,2,3,1,4,1,1,1,1,0,2,0,1,0,1,1,3,1,0,1,1,2,0,0,1,0,1,0,1,0,0,1,0,0,1,1,0,1,1,0,1,0,0,0,0,0,0,0,0,0,0,0,0,0,0,0,0,0,0,0,0,0,0,0,0,0,0,0,0,0,0,0,0,0,0,0,0,0,0,0,0,0,0,0,0,0,0,0,0,0,0,0,0,0,0,0,0,0,0,0,0,0,0,0,0,0,0,0,0,0,0,0,0,0,0,0,0,0,0,0,0,0,0,0,0,0,0
0,0,1,0,0,0,0,0,0,0,1,1,1,0,0,1,1,1,0,0,2,1,2,0,3,4,4,2,5,3,5,3,5,5,3,1,8,7,4,9,5,4,3,3,7,2,3,4,8,4,9,6,5,4,6,3,6,7,7,3,4,7,3,3,4,2,3,6,4,4,4,2,1,0,2,3,1,0,1,2,3,1,3,1,2,0,1,1,2,0,0,3,2,1,0,0,0,0,0,1,0,0,0,0,0,0,2,0,0,2,0,0,0,0,0,0,0,0,0,0,0,0,0,0,0,0,0,0,0,0,0,0,0,0,0,0,0,0,0,0,0,0,0,0,0,0,0,0,0,0,0,0,0,0,0,0,0,0,0,0,0,0,0,0,0,0,0,0,0,0,0,0,0,0,0,0,0,0,0,0,0,0,0,0,0,0,0,0,0,0,0,0,0,0,0,0,0,0,0,0
0,0,0,0,0,0,0,0,0,0,0,0,0,2,0,1,1,3,1,1,1,2,1,1,2,4,2,3,2,5,5,1,5,2,4,5,9,2,9,3,4,5,5,5,10,5,8,5,5,4,2,7,8,4,8,3,5,2,3,4,7,2,2,7,4,5,2,2,2,3,3,1,3,1,3,3,1,2,2,3,4,0,1,2,1,0,0,2,0,0,0,0,0,1,1,0,0,1,1,0,1,0,0,1,0,1,0,0,0,0,0,0,0,0,0,0,0,0,1,0,0,1,0,0,0,0,0,0,0,1,0,0,0,0,0,0,0,0,0,0,0,0,0,0,0,0,0,0,0,0,0,0,0,0,0,0,0,0,0,0,0,0,0,0,0,0,0,0,0,0,0,0,0,0,0,0,0,0,0,0,0,0,0,0,0,0,0,0,0,0,0,0,0,0,0,0,0,0,0,0
0,0,0,0,0,0,0,0,0,0,0,0,1,2,0,0,4,2,0,0,2,2,4,3,2,2,4,7,3,1,5,2,2,8,2,5,4,6,5,3,5,3,10,6,7,2,7,4,4,3,5,10,2,7,5,3,5,5,9,6,2,3,3,3,4,5,2,4,1,2,1,1,2,3,1,0,1,1,3,2,2,0,1,3,0,1,1,0,0,0,0,1,1,1,0,0,1,1,0,0,0,0,0,0,2,0,0,1,0,0,0,1,0,0,0,0,0,0,1,0,0,0,0,0,0,0,0,0,0,0,0,0,0,0,0,0,0,0,0,0,0,0,0,0,0,0,0,0,0,0,0,0,0,0,0,0,0,0,0,0,0,0,0,0,0,0,0,0,0,0,0,0,0,0,0,0,0,0,0,0,0,0,0,0,0,0,0,0,0,0,0,0,0,0,0,0,0,0,0,0
0,1,0,0,0,0,0,0,0,0,0,0,2,0,0,1,3,1,1,2,2,3,4,3,8,0,2,3,3,2,6,2,5,4,8,4,7,10,1,8,4,6,3,8,6,6,6,2,5,6,9,4,7,5,4,6,3,7,6,4,6,4,7,4,4,2,8,3,2,3,6,4,2,1,1,2,2,4,4,1,1,1,0,1,0,2,0,0,4,1,2,3,2,1,0,1,1,0,0,2,0,1,0,0,0,0,0,0,1,0,0,0,0,0,0,0,0,0,0,0,0,0,0,0,0,0,0,0,0,0,0,0,0,0,0,0,0,0,0,0,0,0,0,0,0,0,0,0,0,0,0,0,0,0,0,0,0,0,0,0,0,0,0,0,0,0,0,0,0,0,0,0,0,0,0,0,0,0,0,0,0,0,0,0,0,0,0,0,0,0,0,0,0,0,0,0,0,0,0,0
0,0,0,0,0,0,0,1,1,0,0,0,0,0,0,2,0,1,0,1,3,3,2,8,1,2,2,0,1,2,3,2,4,5,5,8,6,4,4,5,4,5,3,1,5,5,4,2,4,10,2,5,3,8,4,6,7,5,6,4,3,5,2,1,3,2,3,1,4,4,2,0,1,5,2,1,5,1,1,1,3,2,0,2,1,2,2,2,1,0,0,1,2,0,2,0,2,1,1,1,0,0,0,1,1,1,0,0,0,0,0,0,0,0,0,0,0,0,0,0,0,0,0,0,0,0,0,0,0,0,0,0,0,0,1,0,0,0,0,0,0,0,0,0,0,0,0,0,0,0,0,0,0,0,0,0,0,0,0,0,0,0,0,0,0,0,0,0,0,0,0,0,0,0,0,0,0,0,0,0,0,0,0,0,0,0,0,0,0,0,0,0,0,0,0,0,0,0,0,0
0,0,0,0,0,0,0,1,0,0,0,1,0,0,0,0,2,1,2,1,1,0,1,4,3,3,1,2,0,1,5,2,4,5,3,3,5,1,8,4,1,4,7,5,5,9,4,3,5,7,6,3,3,5,5,5,2,5,5,3,4,3,0,0,4,5,2,3,3,2,5,1,2,5,1,4,0,2,0,1,0,2,0,1,1,0,1,1,2,0,0,2,0,0,0,0,0,3,0,4,1,0,0,0,1,0,1,0,1,0,0,0,0,0,0,0,1,0,0,0,1,0,0,0,1,0,0,0,0,0,0,0,0,0,0,1,0,0,0,0,0,0,0,0,0,0,0,0,0,0,0,0,0,0,0,0,0,0,0,0,0,0,0,0,0,0,0,0,0,0,0,0,0,0,0,0,0,0,0,0,0,0,0,0,0,0,0,0,0,0,0,0,0,0,0,0,0,0,0,0
0,0,0,0,0,0,1,0,1,0,1,1,0,0,1,0,0,1,3,0,0,2,1,3,0,5,4,0,3,2,1,2,4,2,6,7,3,5,2,6,2,5,7,8,5,6,4,4,5,2,2,5,5,4,9,6,4,0,4,2,7,5,2,2,1,3,1,3,3,3,2,1,5,3,2,2,0,1,1,2,0,0,1,2,2,0,0,2,0,0,2,1,0,0,2,1,0,0,1,0,0,0,1,0,0,1,1,0,0,0,0,0,0,0,1,0,0,0,0,0,0,0,0,0,0,1,0,0,0,0,0,0,0,0,0,0,0,0,0,0,0,0,0,0,0,0,0,0,0,0,0,0,0,0,0,0,0,0,0,0,0,0,0,0,0,0,0,0,0,0,0,0,0,0,0,0,0,0,0,0,0,0,0,0,0,0,0,0,0,0,0,0,0,0,0,0,0,0,0,0
0,0,0,0,0,0,0,0,0,0,0,0,0,1,0,0,1,0,1,1,0,3,0,2,0,1,2,5,7,1,3,1,5,2,1,5,4,2,6,7,7,8,7,7,6,4,6,6,3,5,7,2,2,5,2,7,2,6,4,4,2,2,3,7,1,5,3,5,2,1,3,0,1,2,1,2,1,2,6,1,3,4,2,2,1,1,1,0,1,0,1,1,1,0,0,1,2,0,0,0,0,0,0,0,0,0,0,3,0,0,0,0,0,0,0,0,0,0,1,0,0,0,0,0,0,0,0,0,0,0,0,0,0,0,0,0,0,1,0,0,0,0,0,0,0,0,1,0,0,0,0,0,0,0,0,0,0,0,0,0,0,0,0,0,0,0,0,0,0,0,0,0,0,0,0,0,0,0,0,0,0,0,0,0,0,0,0,0,0,0,0,0,0,0,0,0,0,0,0,0
0,0,0,0,0,0,0,0,0,0,1,0,0,1,1,1,5,1,0,0,2,4,0,2,1,1,2,2,3,2,3,1,2,2,2,1,7,2,2,0,3,4,2,5,4,3,5,2,7,6,1,4,7,3,8,1,0,5,5,3,7,3,4,0,2,4,5,2,5,4,1,5,3,1,2,0,3,1,1,2,0,0,0,2,0,1,0,1,0,0,0,0,3,0,1,0,0,1,0,1,0,0,0,0,1,0,0,0,0,0,0,0,0,0,0,0,0,0,0,0,0,0,0,0,0,0,0,0,0,0,0,0,0,0,0,0,0,0,0,0,0,0,0,0,0,0,0,0,0,0,0,0,0,0,0,0,0,0,0,0,0,0,0,0,0,0,0,0,0,0,0,0,0,0,0,0,0,0,0,0,0,0,0,0,0,0,0,0,0,0,0,0,0,0,0,0,0,0,0,0
0,0,0,0,0,0,0,0,1,0,1,1,0,0,0,1,2,0,0,2,1,1,1,1,0,1,1,2,2,1,0,2,6,2,4,5,2,3,5,5,3,1,2,4,8,0,4,4,6,11,5,1,3,5,4,8,3,4,2,2,5,3,3,4,3,1,3,3,5,3,4,2,2,1,0,4,0,1,0,1,1,4,0,2,2,0,2,1,2,2,1,1,1,0,0,1,0,0,1,0,0,0,0,0,0,0,0,0,0,0,0,0,1,0,0,0,0,0,0,0,0,0,0,0,0,0,0,0,0,0,0,0,0,0,0,0,0,0,0,0,0,0,0,0,0,0,0,0,0,0,0,0,0,0,0,0,0,0,0,0,0,0,0,0,0,0,0,0,0,0,0,0,0,0,0,0,0,0,0,0,0,0,0,0,0,0,0,0,0,0,0,0,0,0,0,0,0,0,0,0
0,0,0,0,0,0,0,0,1,0,0,0,1,1,0,1,1,1,1,0,1,3,3,2,1,4,5,3,0,4,2,2,2,5,6,3,6,3,5,1,5,3,7,4,4,5,7,1,6,3,3,3,4,6,7,0,4,6,4,0,4,6,8,3,3,2,3,6,1,1,3,2,2,1,1,1,3,0,1,1,1,0,1,1,1,1,0,1,1,1,1,0,2,0,3,0,1,0,0,0,0,0,0,0,0,0,0,0,0,0,0,0,0,0,0,0,1,0,0,0,0,0,0,0,0,0,0,0,0,0,0,0,0,0,0,0,0,0,0,0,0,0,0,0,0,0,0,0,0,0,0,0,0,0,0,0,0,0,0,0,0,0,0,0,0,0,0,0,0,0,0,0,0,0,0,0,0,0,0,0,0,0,0,0,0,0,0,0,0,0,0,0,0,0,0,0,0,0,0,0
0,0,0,0,0,0,1,0,1,0,0,1,0,2,0,1,0,1,1,0,2,0,4,2,2,1,2,2,2,3,7,6,3,3,1,3,5,2,3,7,5,5,5,7,5,4,3,3,3,4,6,2,5,2,2,6,9,1,9,2,2,4,2,2,3,3,3,3,2,0,3,4,0,3,6,3,4,4,3,1,1,1,0,1,0,0,1,0,0,0,0,0,0,0,0,0,0,1,0,0,0,2,0,1,0,0,0,0,0,0,0,0,0,1,0,0,0,0,0,0,0,0,0,0,0,0,0,1,0,1,0,0,0,0,1,0,0,0,0,0,0,0,0,0,0,0,0,0,0,0,0,0,0,0,0,0,0,0,0,0,0,0,0,0,0,0,0,0,0,0,0,0,0,0,0,0,0,0,0,0,0,0,0,0,0,0,0,0,0,0,0,0,0,0,0,0,0,0,0,0
0,0,0,0,0,0,0,1,0,2,0,0,1,0,0,0,0,0,0,0,1,0,1,0,0,0,1,0,3,3,5,2,4,4,1,2,2,4,8,8,3,2,1,2,6,4,6,3,4,5,3,8,5,4,2,5,4,4,2,4,2,4,3,3,3,4,3,3,2,2,5,1,2,0,2,1,4,2,3,2,0,1,0,1,1,3,0,0,2,2,0,1,0,0,2,0,0,1,0,0,0,1,0,0,0,0,0,1,0,0,0,0,0,0,0,0,0,0,0,0,0,0,0,0,0,0,0,0,0,0,0,0,0,0,0,0,0,0,0,0,0,0,0,0,0,0,0,0,0,0,0,0,0,0,0,0,0,0,0,0,0,0,0,0,0,0,0,0,0,0,0,0,0,0,0,0,0,0,0,0,0,0,0,0,0,0,0,0,0,0,0,0,0,0,0,0,0,0,0,0
0,1,0,0,0,0,1,1,0,0,0,0,2,1,0,1,2,0,0,1,0,1,2,2,2,1,1,2,3,1,2,0,2,0,3,3,6,0,3,4,3,5,6,4,1,3,2,3,3,9,0,7,3,4,4,2,4,1,7,4,3,2,3,6,7,4,3,5,4,3,5,4,2,1,1,0,1,0,2,0,0,1,0,1,1,0,0,0,3,0,0,1,1,1,1,0,0,1,0,1,1,0,0,0,0,1,0,0,0,0,0,0,0,0,0,0,0,0,1,0,0,0,0,0,0,0,1,0,0,0,0,0,0,0,0,0,0,0,0,0,0,0,0,0,0,0,0,0,0,0,0,0,0,0,0,0,0,0,0,0,0,0,0,0,0,0,0,0,0,0,0,0,0,0,0,0,0,0,0,0,0,0,0,0,0,0,0,0,0,0,0,0,0,0,0,0,0,0,0,0
0,1,0,0,0,0,0,0,0,0,0,1,1,2,0,3,2,2,0,2,2,4,2,2,1,0,4,2,0,2,3,4,2,2,1,3,5,6,2,5,3,6,4,4,6,1,3,2,2,4,5,4,10,4,5,7,4,4,3,3,0,2,5,1,4,2,3,5,1,0,2,2,0,2,1,2,0,3,2,0,2,1,2,3,0,1,0,2,0,0,1,0,0,1,0,1,0,0,0,0,0,0,0,1,0,0,0,0,1,0,0,0,0,0,0,0,0,0,0,0,0,0,0,0,0,0,0,0,0,0,0,0,0,0,0,0,0,0,0,0,0,0,0,0,0,0,0,0,0,0,0,0,0,0,0,0,0,0,0,0,0,0,0,0,0,0,0,0,0,0,0,0,0,0,0,0,0,0,0,0,0,0,0,0,0,0,0,0,0,0,0,0,0,0,0,0,0,0,0,0
0,0,0,0,0,0,2,0,0,0,2,1,0,0,0,0,1,3,1,0,1,0,0,2,3,1,4,4,0,0,1,2,4,1,2,2,2,1,4,4,4,5,2,5,9,4,5,1,6,5,5,5,4,5,5,2,5,3,1,4,7,4,0,2,6,2,3,3,1,0,0,1,0,2,2,0,1,1,2,1,1,1,1,1,2,1,2,0,2,0,0,0,0,0,1,0,0,1,0,0,0,0,0,0,0,1,0,0,0,0,0,0,0,0,0,0,0,0,0,0,0,0,0,0,0,0,0,1,0,1,0,0,0,0,0,0,0,0,0,0,0,0,0,0,0,0,0,0,0,0,0,0,0,0,0,0,0,0,0,0,0,0,0,0,0,0,0,0,0,0,0,0,0,0,0,0,0,0,0,0,0,0,0,0,0,0,0,0,0,0,0,0,0,0,0,0,0,0,0,0
0,0,0,0,0,0,0,1,0,0,0,0,0,1,1,0,1,0,1,1,1,1,1,4,1,2,2,1,1,2,5,4,3,2,5,4,3,1,2,4,1,3,3,5,2,3,8,5,8,2,2,2,7,5,5,2,5,3,6,3,6,2,3,2,1,0,2,1,3,2,2,4,1,5,2,1,0,0,0,4,2,1,3,3,1,2,1,1,0,1,1,0,0,1,0,1,1,0,0,0,0,1,0,0,0,0,1,0,0,0,1,0,0,0,0,0,0,0,0,0,0,0,0,0,0,0,0,0,0,0,0,0,0,0,0,0,0,0,0,0,0,0,0,0,0,0,0,0,0,0,0,0,0,0,0,0,0,0,0,0,0,0,0,0,0,0,0,0,0,0,0,0,0,0,0,0,0,0,0,0,0,0,0,0,0,0,0,0,0,0,0,0,0,0,0,0,0,0,0,0
0,0,0,0,0,0,1,1,0,1,1,1,0,0,1,1,2,1,4,0,1,0,2,1,2,1,2,1,2,2,3,6,2,3,2,2,3,3,2,4,1,4,0,4,0,1,4,2,6,7,3,0,4,2,2,6,5,2,3,2,4,1,5,2,1,3,3,2,3,1,1,2,1,2,0,2,0,0,1,1,0,1,2,1,1,0,1,1,0,1,0,0,0,0,0,1,0,1,0,0,1,1,0,0,0,0,0,0,0,0,0,0,0,0,0,0,0,0,0,0,0,0,0,0,0,0,0,0,0,0,0,0,0,0,0,0,0,0,0,0,0,0,0,0,0,0,0,0,0,0,0,0,0,0,0,0,0,0,0,0,0,0,0,0,0,0,0,0,0,0,0,0,0,0,0,0,0,0,0,0,0,0,0,0,0,0,0,0,0,0,0,0,0,0,0,0,0,0,0,0
0,0,0,0,0,0,0,0,0,1,0,0,2,0,0,0,0,0,1,1,1,1,4,2,2,1,6,1,2,2,4,2,3,4,3,1,3,0,2,3,4,1,4,3,3,3,4,4,6,3,3,4,2,5,1,3,5,6,2,6,4,0,1,3,2,2,2,2,2,4,0,1,1,2,2,1,1,1,1,1,2,1,1,0,0,1,2,0,0,1,0,0,1,0,1,1,1,0,1,0,0,1,0,0,0,0,1,0,1,0,0,0,0,1,0,0,1,0,0,0,0,0,0,0,0,0,0,0,0,0,0,0,0,0,0,0,0,0,0,0,0,1,0,0,0,0,0,0,0,0,0,0,0,0,0,0,0,0,0,0,0,0,0,0,0,0,0,0,0,0,0,0,0,0,0,0,0,0,0,0,0,0,0,0,0,0,0,0,0,0,0,0,0,0,0,0,0,0,0,0
0,0,0,0,0,0,0,0,0,0,0,0,0,0,0,0,1,1,3,0,1,3,3,3,0,2,0,1,6,2,2,2,1,5,7,2,4,5,2,3,4,5,4,8,4,1,3,6,5,8,1,6,4,6,0,4,2,2,3,5,6,3,3,1,0,2,3,2,2,3,3,3,2,0,5,1,0,1,2,1,2,0,0,1,3,2,0,0,0,0,1,1,0,0,0,0,0,0,0,0,1,0,0,0,0,0,0,0,0,1,0,0,0,0,0,1,0,0,0,0,0,0,0,0,1,0,0,1,0,0,0,0,0,0,0,0,0,0,0,0,0,0,0,0,0,0,0,0,0,0,0,0,0,0,0,0,0,0,0,0,0,0,0,0,0,0,0,0,0,0,0,0,0,0,0,0,0,0,0,0,0,0,0,0,0,0,0,0,0,0,0,0,0,0,0,0,0,0,0,0
0,0,0,0,0,0,0,0,0,0,0,0,2,0,1,1,0,0,0,0,0,1,0,0,2,1,2,2,2,0,2,2,0,3,3,4,4,1,1,1,6,1,2,4,3,8,3,2,1,3,0,3,2,3,1,0,0,1,2,0,4,2,4,4,3,3,1,4,2,1,3,0,2,0,2,2,2,1,1,1,2,2,2,2,1,0,0,1,0,0,0,0,1,0,0,0,0,0,0,0,0,0,0,0,0,0,0,0,0,0,0,0,0,0,0,0,1,0,0,0,0,0,0,0,0,0,0,0,0,0,0,0,0,0,0,0,0,0,0,0,0,0,0,0,0,0,0,0,0,0,0,0,0,0,0,0,0,0,0,0,0,0,0,0,0,0,0,0,0,0,0,0,0,0,0,0,0,0,0,0,0,0,0,0,0,0,0,0,0,0,0,0,0,0,0,0,0,0,0,0
1,0,0,0,0,0,0,0,0,1,0,0,1,0,0,2,0,2,0,1,0,2,3,3,3,2,0,2,0,4,0,1,4,2,4,2,2,2,3,0,2,2,3,4,4,1,7,1,6,5,4,4,2,3,4,2,5,0,3,3,6,5,3,4,1,3,3,1,3,2,0,0,1,3,1,0,0,1,0,1,1,1,0,1,1,1,2,0,0,0,0,0,0,0,0,0,0,0,0,0,1,0,0,0,1,0,0,0,0,0,0,2,0,0,0,0,0,1,0,0,0,0,0,0,0,0,0,0,0,0,0,0,0,0,0,0,0,0,0,1,0,0,0,0,0,0,0,0,0,0,0,0,0,0,0,0,0,0,0,0,0,0,0,0,0,0,0,0,0,0,0,0,0,0,0,0,0,0,0,0,0,0,0,0,0,0,0,0,0,0,0,0,0,0,0,0,0,0,0,0
0,0,0,0,0,0,0,0,1,0,0,0,0,0,0,0,2,0,1,0,1,3,2,1,1,1,1,0,1,0,2,1,1,5,2,4,3,5,5,4,5,0,1,3,6,4,1,1,1,5,3,2,2,1,2,2,3,3,3,2,2,2,3,5,3,0,0,2,1,0,1,0,2,1,5,0,2,0,1,0,2,2,1,0,1,0,0,0,1,0,1,0,0,1,0,0,0,0,0,1,0,0,1,0,1,0,0,0,1,0,0,0,0,0,0,1,1,0,0,0,0,0,1,0,0,0,0,0,0,0,0,0,0,0,0,0,0,0,0,0,0,0,0,0,0,0,0,0,0,0,0,0,0,0,0,0,0,0,0,0,0,0,0,0,0,0,0,0,0,0,0,0,0,0,0,0,0,0,0,0,0,0,0,0,0,0,0,0,0,0,0,0,0,0,0,0,0,0,0,0
0,0,0,0,0,0,0,0,0,0,0,0,0,1,0,0,1,4,0,1,2,1,0,0,0,2,1,1,1,1,1,3,1,1,4,4,6,1,5,3,0,4,2,3,5,3,3,3,5,0,1,3,4,2,2,2,1,3,0,4,5,3,1,1,5,1,4,2,2,1,2,1,0,1,1,0,1,0,1,0,0,0,2,0,1,0,0,0,2,1,1,1,1,1,0,1,0,0,1,0,0,0,0,0,0,0,0,0,0,1,1,0,0,0,0,0,0,0,0,0,0,0,1,0,0,0,0,0,0,0,0,0,0,0,0,0,0,0,0,0,0,0,1,0,0,0,0,0,0,0,0,0,0,0,0,0,0,0,0,0,0,0,0,0,0,0,0,0,0,0,0,0,0,0,0,0,0,0,0,0,0,0,0,0,0,0,0,0,0,0,0,0,0,0,0,0,0,0,0,0
0,0,1,0,0,0,0,0,0,0,1,0,2,1,1,0,0,2,0,2,1,0,3,1,0,2,1,0,0,4,1,1,0,1,0,2,2,2,1,2,1,4,1,2,0,5,5,2,1,3,0,1,8,0,2,3,5,1,2,4,4,6,3,3,4,4,3,1,1,0,2,2,3,0,3,1,2,0,3,2,3,0,0,1,0,1,1,0,1,0,2,1,1,0,0,0,0,0,0,0,0,0,0,0,0,0,0,0,0,0,0,0,0,1,0,1,0,0,0,0,0,0,0,0,0,0,0,0,0,0,0,0,0,0,0,0,0,0,0,0,0,0,0,0,0,0,0,0,0,0,0,0,0,0,0,0,0,0,0,0,0,0,0,0,0,0,0,0,0,0,0,0,0,0,0,0,0,0,0,0,0,0,0,0,0,0,0,0,0,0,0,0,0,0,0,0,0,0,0,0
0,0,0,0,0,2,0,0,0,0,0,1,1,0,0,0,2,0,1,1,1,0,3,0,0,3,2,1,0,1,0,3,3,3,6,2,0,6,7,2,2,2,4,2,3,2,3,4,4,4,2,3,3,3,3,3,1,1,2,3,2,4,3,0,2,1,0,1,2,4,1,2,3,3,1,2,2,1,1,3,3,1,0,0,0,0,1,1,0,0,0,0,1,0,0,0,0,0,1,0,0,0,0,0,0,0,0,1,0,1,0,0,0,0,0,1,0,0,0,0,0,0,0,0,0,1,0,0,0,0,0,0,0,0,0,0,0,0,0,0,0,0,0,0,0,0,0,0,0,0,0,0,0,0,0,0,0,0,0,0,0,0,0,0,0,0,0,0,0,0,0,0,0,0,0,0,0,0,0,0,0,0,0,0,0,0,0,0,0,0,0,0,0,0,0,0,0,0,0,0
0,0,0,0,0,0,1,0,1,0,0,0,1,0,0,1,1,1,1,0,4,1,5,0,1,1,2,1,2,0,5,1,5,4,2,6,2,2,5,1,3,2,4,5,4,3,2,1,5,3,2,1,0,0,1,2,2,1,1,2,2,4,0,0,1,1,2,2,2,2,1,0,2,1,0,1,2,1,0,1,2,0,1,0,1,0,0,0,0,0,2,0,0,0,0,0,0,1,1,0,0,0,0,0,0,1,0,0,0,0,0,0,0,1,0,0,0,0,0,0,0,0,0,0,0,0,0,0,0,0,0,0,0,0,0,0,0,0,0,0,0,0,0,0,0,0,0,0,0,0,0,0,0,0,0,0,0,0,0,0,0,0,0,0,0,0,0,0,0,0,0,0,0,0,0,0,0,0,0,0,0,0,0,0,0,0,0,0,0,0,0,0,0,0,0,0,0,0,0,0
0,0,0,0,0,0,2,0,1,0,0,0,0,0,0,1,0,1,0,2,0,2,1,3,1,1,2,2,2,0,2,3,4,1,1,1,4,4,1,4,1,4,6,7,2,3,3,0,3,5,5,4,1,4,4,1,3,2,3,2,2,2,0,0,4,2,2,2,1,2,1,4,2,1,1,1,1,0,0,0,1,0,0,1,0,0,0,0,1,0,0,0,0,0,0,0,0,0,0,1,0,0,0,0,1,0,0,0,0,0,0,0,0,0,0,0,0,0,0,0,0,0,0,0,0,0,0,0,0,0,0,0,0,0,1,0,0,0,0,0,0,0,0,0,0,0,0,0,0,0,0,0,0,0,0,0,0,0,0,0,0,0,0,0,0,0,0,0,0,0,0,0,0,0,0,0,0,0,0,0,0,0,0,0,0,0,0,0,0,0,0,0,0,0,0,0,0,0,0,0
0,0,0,0,0,0,0,0,0,0,0,1,1,0,0,1,1,1,0,2,0,3,0,3,0,2,1,0,1,0,3,2,1,0,3,4,2,3,4,1,3,4,3,2,0,4,4,0,3,4,5,4,1,2,1,2,1,1,2,4,1,0,2,2,3,2,2,2,0,1,2,2,1,0,4,1,1,3,0,1,0,0,1,1,0,1,1,0,0,0,0,1,0,1,0,0,1,0,0,0,0,0,0,0,0,0,0,0,1,0,0,0,0,0,1,0,0,0,0,0,0,0,0,1,0,0,0,0,0,0,0,0,0,0,0,0,0,0,0,0,0,0,0,0,0,0,0,0,0,0,0,0,0,0,0,0,0,0,0,0,0,0,0,0,0,0,0,0,0,0,0,0,0,0,0,0,0,0,0,0,0,0,0,0,0,0,0,0,0,0,0,0,0,0,0,0,0,0,0,0
0,1,0,0,0,0,0,0,0,0,1,0,0,0,0,0,0,0,0,0,0,0,2,0,0,0,2,1,1,3,2,0,2,1,3,1,3,4,2,6,1,7,2,0,2,6,4,2,5,1,5,2,4,2,4,2,2,2,1,6,1,3,1,4,0,2,2,2,0,0,1,2,1,0,1,1,3,2,0,1,2,1,0,0,0,1,0,2,1,0,0,0,1,0,0,0,0,0,0,0,0,0,0,0,0,0,0,0,1,0,0,0,0,0,1,0,0,0,0,0,0,0,0,0,0,0,0,0,0,0,0,0,0,0,0,0,0,0,0,0,0,0,0,0,0,0,0,0,0,0,0,0,0,0,0,0,0,0,0,0,0,0,0,0,0,0,0,0,0,0,0,0,0,0,0,0,0,0,0,0,0,0,0,0,0,0,0,0,0,0,0,0,0,0,0,0,0,0,0,0
0,0,0,0,0,0,0,1,0,0,1,0,0,0,1,1,2,0,2,0,2,0,2,1,2,2,3,2,3,1,2,1,1,3,1,3,0,1,6,1,2,5,2,1,1,2,0,2,0,2,2,2,2,2,0,2,4,3,1,2,6,5,2,1,0,1,3,1,0,0,1,1,1,0,0,0,2,1,1,0,0,1,1,0,0,0,0,1,0,0,1,1,0,0,0,0,0,0,0,0,0,0,0,0,0,0,0,0,0,0,0,1,1,0,0,0,0,0,0,0,1,0,0,0,0,0,0,0,0,0,0,0,0,0,0,0,0,0,0,0,0,0,0,0,0,0,0,0,0,0,0,0,0,0,0,0,0,0,0,0,0,0,0,0,0,0,0,0,0,0,0,0,0,0,0,0,0,0,0,0,0,0,0,0,0,0,0,0,0,0,0,0,0,0,0,0,0,0,0,0
0,0,0,0,0,0,0,0,0,0,0,0,1,0,0,0,0,0,1,0,1,2,3,2,0,3,1,1,0,0,1,0,2,2,2,3,1,1,3,2,2,2,2,5,4,4,1,3,3,3,3,0,4,4,2,0,1,1,2,0,5,2,4,1,3,1,0,2,4,2,0,0,3,1,1,0,0,0,0,2,0,1,0,0,1,1,0,1,0,0,1,2,0,0,0,0,1,0,1,0,0,0,0,0,0,0,0,0,0,0,0,1,0,0,0,0,0,0,0,0,0,0,0,0,0,0,0,0,0,0,0,0,0,0,0,0,0,0,0,0,0,0,0,0,0,0,0,0,0,0,0,0,0,0,0,0,0,0,0,0,0,0,0,0,0,0,0,0,0,0,0,0,0,0,0,0,0,0,0,0,0,0,0,0,0,0,0,0,0,0,0,0,0,0,0,0,0,0,0,0
0,0,0,0,0,0,0,0,1,0,0,2,1,0,0,0,1,0,0,0,0,2,2,0,0,0,0,0,4,1,3,0,3,1,5,2,1,0,2,3,1,0,0,1,1,2,2,2,2,2,2,0,3,6,3,7,2,0,1,2,3,3,1,0,3,2,3,2,0,0,0,0,1,0,0,2,0,0,0,1,1,2,0,0,0,0,0,0,1,1,1,0,0,2,0,0,0,1,0,0,2,0,0,0,0,0,0,0,0,0,0,0,1,0,0,0,0,0,1,0,0,0,0,0,0,0,0,0,0,0,0,0,0,0,0,0,0,0,0,0,0,0,0,0,0,0,0,0,0,0,0,0,0,0,0,0,0,0,0,0,0,0,0,0,0,0,0,0,0,0,0,0,0,0,0,0,0,0,0,0,0,0,0,0,0,0,0,0,0,0,0,0,0,0,0,0,0,0,0,0
0,0,0,0,0,0,0,0,0,0,1,0,0,0,1,1,0,0,0,1,1,1,1,3,1,3,0,3,1,2,1,3,2,1,2,1,1,1,3,2,1,1,4,1,3,3,2,4,3,2,4,0,2,3,5,1,2,3,2,1,2,2,1,0,2,2,2,3,5,0,0,0,1,0,1,1,0,1,0,0,0,0,0,0,1,1,0,1,0,1,0,0,0,0,0,0,1,0,0,0,0,0,0,0,0,0,0,0,1,1,0,0,0,0,0,0,0,0,1,0,0,0,0,1,0,0,0,0,0,0,0,0,0,0,0,0,0,0,0,0,0,0,0,0,0,0,0,0,0,0,0,0,0,0,0,0,0,0,0,0,0,0,0,0,0,0,0,0,0,0,0,0,0,0,0,0,0,0,0,0,0,0,0,0,0,0,0,0,0,0,0,0,0,0,0,0,0,0,0,0
0,0,0,0,0,0,0,0,0,0,1,0,0,0,0,1,0,0,0,1,1,0,0,3,1,0,1,1,0,0,2,2,3,1,3,0,3,2,3,3,4,3,1,4,3,2,5,0,3,0,3,4,8,3,3,1,1,3,2,1,0,2,1,0,1,0,0,0,2,1,1,1,0,1,0,0,1,2,1,0,0,1,1,1,0,0,0,0,1,0,0,0,1,0,0,0,1,0,0,0,0,2,0,0,0,0,0,0,0,0,0,0,0,0,0,0,0,0,0,0,0,0,0,0,0,0,0,0,0,0,0,0,0,0,0,0,0,0,0,0,0,0,0,0,0,0,0,0,0,0,0,0,0,0,0,0,0,0,0,0,0,0,0,0,0,0,0,0,0,0,0,0,0,0,0,0,0,0,0,0,0,0,0,0,0,0,0,0,0,0,0,0,0,0,0,0,0,0,0,0
0,0,0,0,0,0,0,0,1,0,0,1,0,0,0,1,3,2,0,0,1,1,1,0,0,1,2,2,0,3,3,2,3,4,1,4,1,0,0,2,0,1,0,4,3,2,0,1,4,2,3,3,2,5,2,0,3,1,0,0,1,2,1,5,2,1,1,2,1,1,0,1,0,0,0,1,0,4,0,0,1,1,1,0,2,0,0,0,0,0,1,0,0,0,0,1,0,0,0,0,0,0,0,0,0,0,1,0,0,1,0,0,0,0,0,0,0,0,0,0,0,0,0,0,0,0,0,0,0,1,0,0,0,0,0,0,0,0,0,0,0,0,0,0,0,0,0,0,0,0,0,0,0,0,0,0,0,0,0,0,0,0,0,0,0,0,0,0,0,0,0,0,0,0,0,0,0,0,0,0,0,0,0,0,0,0,0,0,0,0,0,0,0,0,0,0,0,0,0,0
0,0,0,0,0,0,0,0,1,0,1,0,0,0,0,0,0,0,1,0,1,1,1,3,3,1,1,2,2,2,2,0,0,2,5,5,6,1,0,1,2,3,0,2,2,3,2,1,5,2,2,2,1,4,5,1,3,2,1,3,1,0,0,2,2,0,1,2,1,2,0,0,1,0,1,1,2,1,0,1,0,0,1,1,0,0,1,0,0,0,1,0,0,0,0,0,0,0,0,0,0,0,0,0,0,0,0,0,0,0,0,0,0,0,0,0,0,0,1,0,0,0,0,0,0,0,0,0,0,0,0,0,0,0,0,0,0,0,0,0,0,0,0,0,0,0,0,0,0,0,0,0,0,0,0,0,0,0,0,0,0,0,0,0,0,0,0,0,0,0,0,0,0,0,0,0,0,0,0,0,0,0,0,0,0,0,0,0,0,0,0,0,0,0,0,0,0,0,0,0
0,0,0,0,0,0,0,2,0,0,0,0,0,0,0,0,0,1,0,1,1,0,3,0,1,0,2,0,3,4,2,2,0,4,2,1,1,1,4,1,2,2,1,1,2,6,3,0,0,3,1,3,1,3,3,1,3,5,2,0,1,5,0,1,0,1,2,1,0,0,0,1,1,0,0,0,0,1,2,0,1,2,0,0,0,0,0,0,0,0,0,0,1,1,0,0,0,0,2,0,0,1,1,0,0,0,0,0,0,0,0,0,0,0,0,0,0,0,0,0,0,0,0,0,0,0,0,0,0,0,0,0,0,0,0,0,0,0,0,0,0,0,0,0,0,0,0,0,0,0,0,0,0,0,0,0,0,0,0,0,0,0,0,0,0,0,0,0,0,0,0,0,0,0,0,0,0,0,0,0,0,0,0,0,0,0,0,0,0,0,0,0,0,0,0,0,0,0,0,0
1,0,0,0,0,0,0,0,0,0,0,1,1,1,0,0,1,0,2,0,1,2,0,2,0,2,1,0,0,0,2,0,1,3,2,4,1,1,4,2,1,2,2,3,0,3,3,1,2,4,0,1,4,0,4,2,1,1,2,4,2,3,1,2,2,2,0,1,0,1,0,0,0,0,1,1,2,1,0,1,0,0,2,1,0,0,0,1,1,1,0,0,0,0,0,0,1,0,0,0,0,0,1,0,0,0,0,0,0,0,0,0,0,0,0,0,0,0,0,0,0,0,0,0,0,0,0,0,0,0,0,0,0,0,0,0,0,0,0,0,0,0,0,0,0,0,0,0,0,0,0,0,0,0,0,0,0,0,0,0,0,0,0,0,0,0,0,0,0,0,0,0,0,0,0,0,0,0,0,0,0,0,0,0,0,0,0,0,0,0,0,0,0,0,0,0,0,0,0,0
0,1,0,0,0,0,0,0,0,0,0,0,0,1,0,2,0,1,1,0,1,1,0,0,2,0,0,0,1,1,4,2,1,1,5,3,1,1,1,1,2,4,5,1,3,2,3,3,4,2,1,2,2,0,2,0,2,1,0,3,0,3,2,1,0,1,0,1,1,2,1,1,2,1,1,0,0,0,0,0,2,3,1,0,0,0,1,0,0,0,0,0,0,0,0,0,0,1,0,1,0,0,0,0,0,1,1,0,0,0,0,0,0,0,0,0,0,0,0,0,0,0,0,0,0,0,0,0,0,0,0,0,0,0,0,0,0,0,0,0,0,0,0,0,0,0,0,0,0,0,0,0,0,0,0,0,0,0,0,0,0,0,0,0,0,0,0,0,0,0,0,0,0,0,0,0,0,0,0,0,0,0,0,0,0,0,0,0,0,0,0,0,0,0,0,0,0,0,0,0
0,0,0,0,0,0,0,0,0,1,0,0,0,0,0,0,0,0,0,0,1,1,0,1,0,0,0,0,0,0,0,2,2,2,1,4,3,2,1,1,3,0,0,3,0,1,2,4,1,4,3,3,4,2,2,3,1,2,2,0,0,1,3,2,1,0,1,2,0,3,2,1,1,0,0,0,1,1,0,0,0,0,0,1,0,0,1,0,0,0,0,0,0,0,0,0,1,0,0,0,0,0,0,0,0,0,0,0,0,0,0,0,0,0,0,0,0,0,0,0,0,0,0,0,0,0,0,0,0,0,0,0,0,0,0,0,0,0,0,0,0,0,0,0,0,0,0,0,0,0,0,0,0,0,0,0,0,0,0,0,0,0,0,0,0,0,0,0,0,0,0,0,0,0,0,0,0,0,0,0,0,0,0,0,0,0,0,0,0,0,0,0,0,0,0,0,0,0,0,0
0,0,0,0,0,0,1,0,0,0,0,0,1,0,0,1,1,0,0,1,0,1,1,2,1,0,0,2,0,1,3,1,2,1,1,3,2,0,1,4,2,2,2,1,2,5,2,1,1,0,0,3,2,0,3,2,3,4,0,2,1,2,0,0,1,2,2,0,1,2,3,2,0,0,0,1,1,3,1,0,0,0,0,0,0,0,1,0,0,0,1,0,1,1,0,0,0,0,0,0,0,0,0,0,0,1,0,0,0,0,0,0,0,0,0,0,0,0,0,0,0,0,0,0,0,0,0,0,0,0,0,0,0,0,0,0,0,0,0,0,0,0,0,0,0,0,0,0,0,0,0,0,0,0,0,0,0,0,0,0,0,0,0,0,0,0,0,0,0,0,0,0,0,0,0,0,0,0,0,0,0,0,0,0,0,0,0,0,0,0,0,0,0,0,0,0,0,0,0,0
0,0,1,0,0,0,0,0,0,0,0,0,0,0,1,1,0,1,0,1,2,1,0,2,0,1,1,1,4,0,1,3,4,2,2,1,1,4,3,0,1,0,0,0,3,3,1,1,4,2,3,2,1,3,3,3,2,1,2,1,2,1,5,1,2,2,4,0,0,0,0,2,0,1,0,2,0,1,1,0,1,0,1,0,1,1,1,0,1,0,1,0,1,0,1,0,0,0,0,0,0,0,0,0,0,0,0,0,0,0,0,0,0,0,0,0,0,0,0,0,0,0,0,0,0,0,0,0,0,0,0,0,0,0,0,0,0,0,0,0,0,0,0,0,0,0,0,0,0,0,0,0,0,0,0,0,0,0,0,0,0,0,0,0,0,0,0,0,0,0,0,0,0,0,0,0,0,0,0,0,0,0,0,0,0,0,0,0,0,0,0,0,0,0,0,0,0,0,0,0
0,0,0,0,0,0,1,0,1,0,0,0,1,1,0,0,0,1,0,1,0,0,1,1,0,2,1,1,0,3,2,3,1,2,2,2,1,4,0,1,0,2,0,2,1,2,1,4,3,5,1,1,4,0,2,1,1,4,0,0,2,0,2,0,1,2,0,3,2,2,1,3,0,0,1,1,0,1,0,1,0,1,0,0,0,0,2,1,0,1,0,1,1,1,0,0,0,0,0,0,0,0,0,0,0,0,0,0,0,0,0,0,0,0,0,0,0,0,0,0,0,0,0,0,0,0,0,0,0,0,0,0,0,0,0,0,0,0,0,0,0,0,0,0,0,0,0,0,0,0,0,0,0,0,0,0,0,0,0,0,0,0,0,0,0,0,0,0,0,0,0,0,0,0,0,0,0,0,0,0,0,0,0,0,0,0,0,0,0,0,0,0,0,0,0,0,0,0,0,0
0,1,0,0,0,0,1,0,0,0,0,0,1,0,0,0,1,1,0,0,4,1,2,1,0,1,1,0,0,0,1,0,0,3,0,2,0,3,0,2,0,4,2,3,1,0,1,3,1,1,1,1,1,2,3,0,3,2,3,1,2,1,1,0,0,1,0,2,0,0,0,1,1,0,3,1,2,0,1,0,1,0,1,0,0,0,1,0,0,0,0,3,0,0,0,0,0,0,0,0,0,0,0,0,0,1,0,0,0,0,0,0,0,0,0,0,0,0,0,0,0,0,0,0,0,0,0,0,0,0,0,0,0,0,0,0,0,0,0,0,0,0,0,0,0,0,0,0,0,0,0,0,0,0,0,0,0,0,0,0,0,0,0,0,0,0,0,0,0,0,0,0,0,0,0,0,0,0,0,0,0,0,0,0,0,0,0,0,0,0,0,0,0,0,0,0,0,0,0,0
0,0,0,0,0,0,0,0,0,0,0,0,0,2,0,0,1,0,0,0,1,1,0,1,1,0,0,0,0,1,2,0,1,1,2,2,0,3,1,1,1,2,3,4,1,2,0,1,0,1,1,1,2,0,5,1,1,1,4,0,0,1,0,0,1,0,2,1,0,0,0,2,1,1,2,0,1,1,0,0,1,0,1,0,0,1,0,0,1,0,0,2,0,1,0,0,0,1,0,0,0,0,0,1,0,0,0,0,0,0,0,0,0,0,0,0,0,0,0,0,0,0,0,0,0,0,0,0,0,0,0,0,0,0,0,0,0,0,0,0,0,0,0,0,0,0,0,0,0,0,0,0,0,0,0,0,0,0,0,0,0,0,0,0,0,0,0,0,0,0,0,0,0,0,0,0,0,0,0,0,0,0,0,0,0,0,0,0,0,0,0,0,0,0,0,0,0,0,0,0
0,0,0,0,0,0,0,0,0,0,0,0,2,0,0,0,0,0,0,0,0,0,0,1,1,0,1,0,0,0,1,0,2,1,0,1,4,1,4,0,0,2,0,0,1,3,4,1,1,2,1,1,1,5,2,1,4,3,1,1,6,1,0,2,0,2,2,2,1,0,1,0,1,0,0,2,0,0,0,0,1,0,0,0,0,1,1,0,0,0,0,0,0,0,0,1,0,0,0,0,1,0,0,0,0,0,0,0,0,0,0,0,0,0,0,0,0,0,1,0,0,0,0,0,0,0,0,0,0,0,0,0,0,0,0,0,0,0,0,0,0,0,0,0,0,0,0,0,0,0,0,0,0,0,0,0,0,0,0,0,0,0,0,0,0,0,0,0,0,0,0,0,0,0,0,0,0,0,0,0,0,0,0,0,0,0,0,0,0,0,0,0,0,0,0,0,0,0,0,0
0,1,1,0,0,0,0,0,0,0,0,0,0,1,0,0,1,1,0,0,0,0,0,1,1,2,1,1,1,0,1,3,0,1,3,4,4,4,0,1,2,3,4,0,0,0,5,2,5,3,2,3,2,0,2,0,1,0,1,3,5,2,1,1,3,0,1,0,0,1,0,0,0,0,0,0,1,0,1,0,0,0,0,0,0,0,1,0,0,0,0,1,0,0,2,0,0,0,0,0,0,0,0,0,0,0,0,0,0,0,0,0,0,0,0,0,0,0,0,0,0,0,0,0,0,0,0,0,0,0,0,0,0,0,0,0,0,0,0,0,0,0,0,0,0,0,0,0,0,0,0,0,0,0,0,0,0,0,0,0,0,0,0,0,0,0,0,0,0,0,0,0,0,0,0,0,0,0,0,0,0,0,0,0,0,0,0,0,0,0,0,0,0,0,0,0,0,0,0,0
0,0,0,1,0,0,1,0,0,0,1,0,1,0,0,1,1,0,0,1,0,0,0,1,0,1,2,1,2,1,2,0,0,0,2,1,1,3,2,0,1,3,2,0,2,2,3,2,3,0,2,3,3,0,3,0,1,3,1,1,0,0,2,2,1,1,3,1,1,2,1,1,1,0,0,3,0,0,0,0,0,2,0,0,0,1,1,0,0,1,0,0,0,0,1,0,0,0,1,0,0,0,0,0,0,0,0,0,0,0,0,0,0,0,0,0,0,0,0,0,0,0,0,0,0,0,0,0,0,0,0,0,0,0,0,0,0,0,0,0,0,0,0,0,0,0,0,0,0,0,0,0,0,0,0,0,0,0,0,0,0,0,0,0,0,0,0,0,0,0,0,0,0,0,0,0,0,0,0,0,0,0,0,0,0,0,0,0,0,0,0,0,0,0,0,0,0,0,0,0
0,0,0,0,0,0,0,0,0,0,1,0,0,0,0,0,0,0,1,0,1,0,0,2,0,0,0,0,0,2,2,0,1,5,0,2,5,0,1,1,3,4,1,4,2,0,1,0,2,1,0,3,4,1,4,0,1,0,1,0,0,2,0,1,0,0,0,1,3,0,0,2,1,1,0,0,0,1,0,1,0,0,0,1,0,0,0,0,0,0,0,0,0,0,0,0,1,0,0,0,0,0,0,0,0,0,0,0,0,0,0,0,0,0,0,0,0,1,0,0,0,0,0,0,0,1,0,0,0,0,0,0,0,0,0,0,0,0,0,0,0,0,0,0,0,0,0,0,0,0,0,0,0,0,0,0,0,0,0,0,0,0,0,0,0,0,0,0,0,0,0,0,0,0,0,0,0,0,0,0,0,0,0,0,0,0,0,0,0,0,0,0,0,0,0,0,0,0,0,0
0,0,0,0,0,0,0,0,0,0,0,0,0,0,0,1,0,0,0,1,0,3,0,1,0,1,1,0,0,0,1,0,3,1,2,0,0,0,1,1,0,0,4,0,2,0,0,0,4,1,2,0,2,1,1,0,1,2,0,0,2,2,0,0,1,1,3,0,0,1,0,0,1,1,0,1,0,1,0,0,0,0,0,1,0,0,0,2,0,0,1,0,0,0,0,0,0,0,0,1,0,1,0,0,0,0,0,0,1,0,0,0,0,0,0,0,0,0,0,0,0,0,0,0,0,0,0,0,0,0,0,0,0,0,0,0,0,0,0,0,0,0,0,0,0,0,0,0,0,0,0,0,0,0,0,0,0,0,0,0,0,0,0,0,0,0,0,0,0,0,0,0,0,0,0,0,0,0,0,0,0,0,0,0,0,0,0,0,0,0,0,0,0,0,0,0,0,0,0,0
0,0,0,0,0,1,2,0,0,0,0,0,0,0,0,0,0,0,0,0,2,0,0,0,1,3,1,1,0,2,1,2,3,2,1,2,1,3,2,2,1,3,2,1,0,3,2,3,1,2,1,1,3,2,2,4,1,0,1,3,2,0,2,1,1,1,0,0,0,1,3,1,1,0,0,1,0,1,3,0,0,0,1,1,1,0,0,0,0,1,0,0,1,0,0,0,0,0,0,0,0,0,0,1,0,0,0,0,0,0,0,0,0,0,0,0,0,0,0,0,0,0,0,0,0,0,0,0,0,0,0,0,0,0,0,0,0,0,0,0,0,0,0,0,0,0,0,0,0,0,0,0,0,0,0,0,0,0,0,0,0,0,0,0,0,0,0,0,0,0,0,0,0,0,0,0,0,0,0,0,0,0,0,0,0,0,0,0,0,0,0,0,0,0,0,0,0,0,0,0
0,0,0,0,0,0,0,0,0,0,0,0,1,0,0,1,0,4,0,1,1,1,0,1,1,1,3,3,1,2,1,2,0,0,0,1,1,0,1,1,2,1,1,0,1,3,0,1,2,1,3,2,1,0,1,0,1,1,2,0,1,1,1,2,3,2,2,0,0,0,1,0,0,0,0,1,0,1,0,0,0,0,0,0,0,0,0,0,0,1,0,0,0,0,0,0,0,0,0,0,0,0,0,0,0,0,0,0,0,0,0,0,0,0,0,0,0,0,0,0,0,0,0,0,0,0,0,0,0,0,0,0,0,0,0,0,0,0,0,0,0,0,0,0,0,0,0,0,0,0,0,0,0,0,0,0,0,0,0,0,0,0,0,0,0,0,0,0,0,0,0,0,0,0,0,0,0,0,0,0,0,0,0,0,0,0,0,0,0,0,0,0,0,0,0,0,0,0,0,0
0,0,0,0,0,0,0,1,0,0,0,0,0,0,0,0,0,0,0,0,1,0,1,0,1,0,0,1,0,1,3,0,0,0,0,2,1,2,1,1,1,0,2,2,3,1,3,0,0,1,3,3,1,2,0,2,2,1,1,0,1,0,3,2,0,1,0,1,0,0,0,0,1,2,0,0,2,2,0,1,0,0,2,0,0,0,2,0,0,0,0,0,0,0,0,0,0,0,0,0,1,0,1,0,0,0,0,1,0,0,0,0,0,0,0,0,0,0,0,0,0,0,0,0,0,0,0,0,0,0,0,0,0,0,0,0,0,0,0,0,0,0,0,0,0,0,0,0,0,0,0,0,0,0,0,0,0,0,0,0,0,0,0,0,0,0,0,0,0,0,0,0,0,0,0,0,0,0,0,0,0,0,0,0,0,0,0,0,0,0,0,0,0,0,0,0,0,0,0,0
0,0,0,0,0,0,0,1,0,0,0,0,0,0,0,0,0,1,0,1,0,0,0,2,0,1,1,0,1,3,2,0,2,0,2,3,0,1,1,1,1,2,2,1,1,2,1,0,1,1,2,3,0,0,2,1,1,0,1,0,0,4,0,2,1,1,0,1,1,0,0,0,0,0,2,1,1,0,2,0,1,0,0,1,0,0,0,0,1,0,0,0,0,1,0,0,0,0,0,1,0,0,0,0,0,0,0,0,0,0,0,0,0,0,0,0,0,0,0,0,0,0,0,0,0,0,0,0,0,0,0,0,0,0,0,0,0,0,0,0,0,0,0,0,0,0,0,0,0,0,0,0,0,0,0,1,0,0,0,0,0,0,0,0,0,0,0,0,0,0,0,0,0,0,0,0,0,0,0,0,0,0,0,0,0,0,0,0,0,0,0,0,0,0,0,0,0,0,0,0
0,0,0,0,0,0,0,0,0,0,0,0,0,1,1,0,0,0,1,1,0,0,0,1,0,0,1,0,0,2,1,2,1,0,1,1,2,2,0,1,2,0,0,1,0,1,0,0,1,1,1,2,1,0,0,2,1,0,1,1,3,1,1,1,1,1,2,3,0,1,0,0,2,0,0,0,0,1,0,2,0,0,0,0,0,0,0,0,0,2,1,0,0,0,0,1,2,0,0,0,1,0,0,0,0,0,0,0,0,0,0,0,0,0,0,0,0,0,0,0,0,0,0,0,0,1,0,0,0,0,0,0,0,0,0,0,0,0,0,0,0,0,0,0,0,0,0,0,0,0,0,0,0,0,0,0,0,0,0,0,0,0,0,0,0,0,0,0,0,0,0,0,0,0,0,0,0,0,0,0,0,0,0,0,0,0,0,0,0,0,0,0,0,0,0,0,0,0,0,0
0,0,0,0,0,0,0,0,0,1,0,0,1,1,1,0,0,0,0,0,2,0,1,1,0,0,0,1,1,1,1,0,0,0,2,1,0,2,2,0,0,1,2,1,2,0,3,0,0,1,1,1,0,2,2,1,3,0,0,2,1,0,0,1,1,0,0,1,1,2,1,0,0,0,0,3,0,0,0,0,0,0,0,0,0,1,0,1,1,1,0,0,0,0,0,0,0,0,0,0,0,0,0,0,0,0,0,0,0,0,0,0,0,0,0,0,0,0,1,0,0,0,0,0,0,0,0,0,0,0,0,0,0,0,0,0,0,0,0,0,0,0,0,0,0,0,0,0,0,0,0,0,0,0,0,0,0,0,0,0,0,0,0,0,0,0,0,0,0,0,0,0,0,0,0,0,0,0,0,0,0,0,0,0,0,0,0,0,0,0,0,0,0,0,0,0,0,0,0,0
0,0,0,0,0,0,0,0,0,0,0,0,0,0,0,1,1,1,0,1,0,0,1,1,1,1,1,0,0,0,2,0,0,0,0,1,1,0,0,0,2,0,1,1,6,1,1,2,1,1,1,1,1,0,1,1,2,1,4,2,0,1,0,0,0,0,1,1,0,1,0,0,1,1,0,0,0,0,1,0,0,1,1,1,0,0,0,2,0,0,0,0,1,0,0,0,0,0,0,0,0,0,0,0,0,0,0,0,0,0,0,0,0,0,0,0,0,0,0,0,0,0,0,0,0,0,0,0,0,0,0,0,0,0,0,0,0,0,0,0,0,0,0,0,0,0,0,0,0,0,0,0,0,0,0,0,0,0,0,0,0,0,0,0,0,0,0,0,0,0,0,0,0,0,0,0,0,0,0,0,0,0,0,0,0,0,0,0,0,0,0,0,0,0,0,0,0,0,0,0
0,0,0,0,0,0,0,0,0,0,0,0,1,0,0,0,0,0,0,0,0,0,0,1,0,0,0,3,0,0,1,1,1,0,1,1,1,2,0,0,3,0,1,2,2,0,3,2,1,1,0,1,0,0,1,1,0,2,0,1,1,0,0,1,1,1,1,0,1,1,1,2,0,1,0,0,0,0,0,0,1,0,1,0,1,0,0,0,0,1,0,0,0,0,0,0,0,0,0,0,0,0,0,0,0,0,0,0,0,0,0,0,0,0,0,0,0,0,0,0,0,0,0,0,0,0,0,0,0,0,0,0,0,0,0,0,0,0,0,0,0,0,0,0,0,0,0,0,0,0,0,0,0,0,0,0,0,0,0,0,0,0,0,0,0,0,0,0,0,0,0,0,0,0,0,0,0,0,0,0,0,0,0,0,0,0,0,0,0,0,0,0,0,0,0,0,0,0,0,0
0,0,0,0,0,0,1,0,0,0,0,0,0,1,0,0,0,1,1,1,0,0,1,2,0,1,0,0,0,2,2,0,0,0,2,3,0,1,0,1,0,0,1,1,0,0,0,2,2,2,0,1,2,3,0,1,4,0,3,0,1,0,2,1,2,1,0,1,0,1,0,0,1,0,0,0,0,0,1,0,0,0,1,0,0,0,0,0,0,0,0,0,0,0,0,0,0,0,1,0,0,0,0,0,0,0,0,0,0,0,0,0,0,0,0,0,0,0,0,0,0,0,0,0,0,0,0,0,0,0,0,0,0,0,0,0,0,0,0,0,0,0,0,0,0,0,0,0,0,0,0,0,0,0,0,0,0,0,0,0,0,0,0,0,0,0,0,0,0,0,0,0,0,0,0,0,0,0,0,0,0,0,0,0,0,0,0,0,0,0,0,0,0,0,0,0,0,0,0,0
0,1,0,0,0,0,0,0,0,0,0,0,0,0,0,0,0,0,0,0,1,0,0,1,1,0,1,1,1,0,0,3,0,3,2,1,1,0,4,2,1,0,1,1,0,2,4,1,3,0,1,0,1,3,2,1,1,1,0,0,0,2,0,1,0,0,2,1,0,0,0,0,0,1,0,0,1,1,0,0,1,0,1,0,1,0,0,0,0,0,0,0,0,0,0,0,0,0,0,1,0,0,0,0,0,0,0,0,0,1,0,0,0,0,0,0,1,0,0,0,0,0,0,0,0,0,0,0,0,0,0,0,0,0,0,0,0,0,0,0,0,0,0,0,0,0,0,0,0,0,0,0,0,0,0,0,0,0,0,0,0,0,0,0,0,0,0,0,0,0,0,0,0,0,0,0,0,0,0,0,0,0,0,0,0,0,0,0,0,0,0,0,0,0,0,0,0,0,0,0
0,0,0,0,0,0,0,0,0,0,0,0,1,1,0,0,0,0,0,0,0,0,0,0,1,0,0,1,1,1,0,2,1,0,2,1,3,2,3,2,0,0,2,1,2,4,1,0,0,0,0,0,2,1,1,1,0,0,2,1,3,1,1,0,1,0,0,1,0,2,0,0,1,1,1,0,0,0,0,1,0,0,1,0,0,0,1,0,0,0,0,0,1,0,0,0,0,0,0,0,0,1,0,0,0,0,0,0,0,0,0,0,0,0,0,0,0,0,0,0,1,0,0,0,0,0,0,0,0,0,0,0,0,0,0,0,0,0,0,0,0,0,0,0,0,0,0,0,0,0,0,0,0,0,0,0,0,0,0,0,0,0,0,0,0,0,0,0,0,0,0,0,0,0,0,0,0,0,0,0,0,0,0,0,0,0,0,0,0,0,0,0,0,0,0,0,0,0,0,0
0,0,0,0,0,0,0,0,0,0,0,0,0,0,0,0,0,0,0,0,0,0,0,0,0,0,1,1,0,0,1,0,4,0,0,1,1,0,1,2,1,0,2,1,0,2,0,2,0,0,0,0,1,0,0,0,2,0,0,1,2,0,0,1,2,1,0,0,2,1,1,0,0,0,2,0,1,0,0,0,0,1,0,0,1,0,0,0,0,0,0,0,0,0,0,0,0,0,0,0,0,1,0,0,0,0,0,0,0,0,0,0,0,0,0,0,0,0,0,0,0,0,1,0,0,0,0,0,0,0,0,0,0,0,0,0,0,0,0,0,0,0,0,0,0,0,0,0,0,0,0,0,0,0,0,0,0,0,0,0,0,0,0,0,0,0,0,0,0,0,0,0,0,0,0,0,0,0,0,0,0,0,0,0,0,0,0,0,0,0,0,0,0,0,0,0,0,0,0,0
0,0,0,0,0,0,1,0,0,0,0,0,0,0,0,0,0,0,1,0,0,0,2,0,0,0,1,1,1,1,1,1,2,1,1,1,2,0,2,1,0,2,0,4,3,1,0,1,2,3,0,0,3,0,1,1,1,1,2,1,0,2,1,0,1,0,1,0,0,0,0,1,1,0,0,0,0,0,0,1,0,0,1,0,0,0,0,0,1,0,0,0,2,0,0,0,0,0,0,1,0,0,0,0,0,0,0,0,0,0,0,0,0,0,0,0,0,0,0,0,0,0,0,0,0,0,0,0,0,0,0,0,0,0,0,0,0,0,0,0,0,0,0,0,0,0,0,0,0,0,0,0,0,0,0,0,0,0,0,0,0,0,0,0,0,0,0,0,0,0,0,0,0,0,0,0,0,0,0,0,0,0,0,0,0,0,0,0,0,0,0,0,0,0,0,0,0,0,0,0
1,0,0,0,0,0,0,0,0,0,0,0,0,0,0,0,0,0,0,0,0,0,1,0,0,3,1,0,0,1,0,2,0,0,0,0,0,0,2,2,1,2,0,2,0,1,2,0,0,1,0,2,1,0,0,2,1,0,4,0,2,0,0,0,0,1,1,0,0,0,0,2,0,1,0,0,0,1,0,0,0,0,0,0,2,1,0,0,0,0,0,0,0,0,0,0,0,0,0,0,0,0,0,0,0,0,0,0,0,0,0,0,0,0,0,0,0,0,0,0,0,0,0,0,0,0,0,0,0,0,0,0,0,0,0,0,0,0,0,0,0,0,0,0,0,0,0,0,0,0,0,0,0,0,0,0,0,0,0,0,0,0,0,0,0,0,0,0,0,0,0,0,0,0,0,0,0,0,0,0,0,0,0,0,0,0,0,0,0,0,0,0,0,0,0,0,0,0,0,0
0,0,0,0,0,1,0,0,0,1,0,0,1,0,1,0,0,0,0,2,0,0,0,0,1,0,0,0,0,2,3,1,0,0,2,2,1,0,0,0,1,0,1,1,1,1,0,2,0,0,3,0,2,0,1,1,1,0,0,0,1,0,1,0,1,1,0,1,0,1,0,1,0,0,0,1,1,1,0,0,0,0,0,0,1,0,0,0,0,0,0,0,0,0,0,0,0,0,0,0,0,0,0,1,0,0,0,0,0,0,0,0,0,0,0,0,0,0,0,0,0,1,0,0,0,0,0,0,0,0,0,0,0,0,0,0,0,0,0,0,0,0,0,0,0,0,0,0,0,0,0,0,0,0,0,0,0,0,0,0,0,0,0,0,0,0,0,0,0,0,0,0,0,0,0,0,0,0,0,0,0,0,0,0,0,0,0,0,0,0,0,0,0,0,0,0,0,0,0,0
0,0,0,0,0,0,0,0,0,1,0,0,0,0,0,0,0,0,0,1,0,0,1,0,0,1,0,0,1,0,2,0,1,1,1,0,1,1,1,1,0,1,1,4,3,2,0,0,0,0,1,1,2,0,0,1,2,1,1,1,1,1,2,1,0,0,0,2,0,0,0,2,0,0,0,0,1,0,0,0,0,0,1,1,1,0,0,0,0,0,0,0,0,1,2,0,0,0,0,0,0,0,0,0,0,0,0,0,0,0,0,0,0,0,0,0,0,0,0,0,0,0,0,0,0,0,0,0,0,0,0,0,0,0,0,0,0,0,0,0,0,0,0,0,0,0,0,0,0,0,0,0,0,0,0,0,0,0,0,0,0,0,0,0,0,0,0,0,0,0,0,0,0,0,0,0,0,0,0,0,0,0,0,0,0,0,0,0,0,0,0,0,0,0,0,0,0,0,0,0
0,0,0,0,0,0,0,0,0,0,0,0,0,1,0,0,0,0,0,0,0,0,0,1,0,0,1,2,4,0,1,1,1,1,1,2,0,2,1,2,1,2,2,3,1,1,4,0,1,2,1,0,2,1,1,0,0,1,0,2,1,0,0,0,1,2,2,0,0,0,1,0,0,0,0,0,0,1,0,0,1,0,0,0,0,0,0,0,0,0,0,0,0,0,0,0,0,0,0,0,1,0,0,0,1,0,0,0,0,0,0,0,0,0,0,0,0,1,0,0,0,1,0,0,0,0,0,0,0,0,0,0,0,0,0,0,0,0,0,0,0,0,0,0,0,0,0,0,0,0,0,0,0,0,0,0,0,0,0,0,0,0,0,0,0,0,0,0,0,0,0,0,0,0,0,0,0,0,0,0,0,0,0,0,0,0,0,0,0,0,0,0,0,0,0,0,0,0,0,0
0,1,0,0,0,0,0,0,0,0,0,0,0,1,0,0,0,0,1,0,0,1,0,0,2,1,1,0,0,0,0,0,1,1,0,1,2,0,0,2,0,0,1,1,0,0,0,0,2,1,1,4,2,0,0,1,0,0,0,1,0,1,1,0,1,1,0,0,0,1,0,0,1,0,0,0,0,0,0,0,1,0,0,1,0,0,1,0,0,0,0,0,0,0,1,0,0,0,0,0,0,0,0,1,0,0,0,0,0,0,0,0,0,0,0,0,0,0,0,0,0,0,0,0,0,0,0,0,0,0,0,0,0,0,0,0,1,0,0,0,0,0,0,0,0,0,0,0,0,0,0,0,0,0,0,0,0,0,0,0,0,0,0,0,0,0,0,0,0,0,0,0,0,0,0,0,0,0,0,0,0,0,0,0,0,0,0,0,0,0,0,0,0,0,0,0,0,0,0,0
0,0,0,0,0,0,0,0,0,0,1,0,0,0,0,0,0,0,1,0,1,0,1,0,1,0,1,1,1,0,1,0,3,0,1,0,2,1,0,4,0,0,1,2,1,1,1,0,1,1,0,1,2,0,1,1,0,1,0,0,2,2,2,1,0,1,0,0,1,0,0,1,0,0,0,0,0,0,0,1,0,0,0,1,0,0,0,0,0,1,0,0,0,0,0,0,0,0,0,0,0,0,0,0,0,0,0,0,0,0,0,0,0,0,0,0,0,0,0,0,0,0,0,0,0,1,0,0,0,0,0,0,0,0,0,0,0,0,0,0,0,0,0,0,0,0,0,0,0,0,0,0,0,0,0,0,0,0,0,0,0,0,0,0,0,0,0,0,0,0,0,0,0,0,0,0,0,0,0,0,0,0,0,0,0,0,0,0,0,0,0,0,0,0,0,0,0,0,0,0
0,0,0,0,0,0,0,0,0,0,0,0,1,1,0,1,3,1,0,0,0,0,0,1,0,0,0,2,1,0,1,0,0,0,1,1,1,1,1,2,1,1,2,1,1,0,2,0,2,2,1,0,0,1,3,1,2,0,0,2,0,2,0,1,0,1,1,0,0,1,0,0,0,0,0,0,1,0,0,1,0,0,0,0,1,0,1,0,0,0,0,0,0,0,0,0,0,0,0,0,0,0,0,0,0,0,0,0,0,1,0,0,0,0,0,0,0,0,0,0,0,0,0,0,0,0,0,0,0,0,0,0,0,0,0,0,0,0,0,0,0,0,0,0,0,0,0,0,0,0,0,0,0,0,0,0,0,0,0,0,0,0,0,0,0,0,0,0,0,0,0,0,0,0,0,0,0,0,0,0,0,0,0,0,0,0,0,0,0,0,0,0,0,0,0,0,0,0,0,0
0,0,0,0,0,0,0,1,0,0,0,0,0,0,0,0,0,0,0,0,0,1,0,0,0,0,0,1,1,1,1,0,0,1,0,1,1,1,2,1,1,0,1,5,2,0,1,0,0,4,0,2,0,0,2,0,1,0,1,0,0,1,0,1,2,0,0,1,0,0,1,1,1,0,0,0,0,0,0,0,0,0,0,0,1,0,0,0,0,0,0,0,0,0,0,0,0,0,0,0,0,0,0,0,0,0,0,0,0,0,0,0,0,0,0,0,0,0,0,0,0,0,0,0,0,0,0,0,0,0,0,0,0,0,0,0,0,0,0,0,0,0,0,0,0,0,0,0,0,0,0,0,0,0,0,0,0,0,0,0,0,0,0,0,0,0,0,0,0,0,0,0,0,0,0,0,0,0,0,0,0,0,0,0,0,0,0,0,0,0,0,0,0,0,0,0,0,0,0,0
0,0,0,0,0,0,0,0,0,0,0,0,0,0,0,0,1,0,1,0,1,0,0,1,1,2,1,0,0,1,0,0,0,0,0,0,0,1,0,0,1,1,0,0,3,0,0,2,0,2,0,0,0,0,1,0,0,0,0,0,0,0,0,0,0,2,0,0,0,2,1,0,0,0,0,0,1,0,0,0,0,0,0,0,1,0,0,0,1,0,0,0,0,0,0,0,0,0,0,0,0,0,0,0,1,0,0,0,0,0,0,0,0,0,0,0,0,0,0,0,0,0,0,0,0,0,0,0,0,0,0,0,0,0,0,0,0,0,0,0,0,0,0,0,0,0,0,0,0,0,0,0,0,0,0,0,0,0,0,0,0,0,0,0,0,0,0,0,0,0,0,0,0,0,0,0,0,0,0,0,0,0,0,0,0,0,0,0,0,0,0,0,0,0,0,0,0,0,0,0
0,0,0,0,0,0,0,0,0,0,0,0,0,0,0,1,0,0,1,0,0,0,0,0,0,0,0,0,0,2,0,0,0,1,1,2,2,0,0,2,0,0,0,0,0,1,1,3,1,0,1,1,0,2,0,2,3,0,0,1,0,0,0,0,0,2,1,0,0,0,0,0,2,1,0,0,0,1,0,0,0,1,0,0,0,0,0,1,1,0,0,0,0,0,0,0,2,0,0,0,0,0,0,0,0,0,0,0,0,0,0,0,0,0,0,0,0,0,0,0,0,0,0,0,0,0,0,0,0,0,0,0,0,0,0,0,0,0,0,0,0,0,0,0,0,0,0,0,0,0,0,0,0,0,0,0,0,0,0,0,0,0,0,0,0,0,0,0,0,0,0,0,0,0,0,0,0,0,0,0,0,0,0,0,0,0,0,0,0,0,0,0,0,0,0,0,0,0,0,0
0,0,0,0,0,0,0,0,0,0,0,0,0,1,0,1,0,0,0,0,0,0,2,0,0,0,0,0,0,0,0,1,1,2,2,0,0,0,0,3,1,3,3,2,1,0,1,1,0,1,0,2,1,0,0,2,1,0,0,1,1,4,0,1,1,2,2,0,0,1,1,1,0,0,1,1,0,0,0,0,0,0,0,0,1,0,1,0,0,0,0,0,0,1,0,0,0,0,0,0,0,0,0,0,0,0,1,0,0,0,0,0,0,0,0,0,1,0,0,0,0,0,0,0,0,0,0,0,0,0,0,0,0,0,0,0,0,0,0,0,0,0,0,0,0,0,0,0,0,0,0,0,0,0,0,0,0,0,0,0,0,0,0,0,0,0,0,0,0,0,0,0,0,0,0,0,0,0,0,0,0,0,0,0,0,0,0,0,0,0,0,0,0,0,0,0,0,0,0,0
0,0,0,0,0,0,1,0,0,0,0,0,0,0,0,0,0,1,0,0,1,1,1,0,0,0,0,0,1,0,0,0,0,2,0,1,0,0,1,1,0,1,0,1,1,0,0,0,0,1,0,1,2,2,0,1,1,0,0,0,0,0,0,1,2,0,1,0,1,0,0,0,0,1,0,0,0,0,0,0,0,0,0,0,0,0,0,0,0,0,0,0,0,0,0,0,0,0,0,0,0,0,0,0,0,0,0,0,0,0,0,0,0,0,0,0,0,0,0,0,0,0,0,0,0,0,0,0,0,0,0,0,0,0,0,0,0,0,0,0,0,0,0,0,0,0,0,0,0,0,0,0,0,0,0,0,0,0,0,0,0,0,0,0,0,0,0,0,0,0,0,0,0,0,0,0,0,0,0,0,0,0,0,0,0,0,0,0,0,0,0,0,0,0,0,0,0,0,0,0
0,0,0,0,0,0,0,0,1,0,0,0,0,0,0,1,0,0,0,0,0,0,1,0,0,0,0,0,2,0,0,1,1,1,0,1,0,0,0,0,0,1,1,0,2,1,2,1,1,0,0,0,0,2,1,0,1,0,0,3,2,0,0,0,2,0,0,0,1,0,0,0,0,0,0,1,0,0,0,1,0,0,1,0,0,0,0,0,0,0,0,0,0,0,0,0,0,0,0,0,0,0,0,0,0,0,0,0,0,0,0,0,0,0,0,0,0,0,0,0,0,0,0,0,0,0,0,0,0,0,0,0,0,0,0,0,0,0,0,0,0,0,0,0,0,0,0,0,0,0,0,0,0,0,0,0,0,0,0,0,0,0,0,0,0,0,0,0,0,0,0,0,0,0,0,0,0,0,0,0,0,0,0,0,0,0,0,0,0,0,0,0,0,0,0,0,0,0,0,0
0,0,0,0,0,0,0,0,0,0,1,0,0,0,0,0,1,1,0,0,0,0,0,1,0,0,0,0,1,0,0,0,0,0,1,0,1,1,0,0,0,0,0,1,2,0,0,0,1,1,1,0,0,0,2,0,1,0,2,1,0,1,0,1,1,0,1,0,0,0,3,0,0,0,1,1,0,1,1,0,0,0,0,0,0,0,0,0,0,1,0,0,0,1,0,0,0,0,0,0,0,0,0,0,0,1,0,0,0,0,0,0,0,0,0,0,0,0,0,0,0,0,0,0,0,0,0,0,0,0,0,0,0,0,0,0,0,0,0,0,0,0,0,0,0,0,0,0,0,0,0,0,0,0,0,0,0,0,0,0,0,0,0,0,0,0,0,0,0,0,0,0,0,0,0,0,0,0,0,0,0,0,0,0,0,0,0,0,0,0,0,0,0,0,0,0,0,0,0,0
0,0,0,0,0,1,1,0,0,1,0,0,0,0,0,0,1,0,1,2,1,0,0,0,1,0,0,0,2,0,1,0,0,0,0,1,1,0,0,1,1,0,1,3,0,0,1,0,0,0,1,0,0,0,0,0,0,0,0,1,2,1,0,2,0,1,0,0,0,1,0,0,0,2,1,0,0,0,0,1,0,1,0,0,1,0,0,0,0,0,0,0,0,1,0,0,0,0,0,0,0,0,0,0,0,0,0,0,0,0,0,0,0,0,0,0,0,0,0,0,0,0,0,0,0,0,0,0,0,0,0,0,0,0,0,0,0,0,0,0,0,0,0,0,0,0,0,0,0,0,0,0,0,0,0,0,0,0,0,0,0,0,0,0,0,0,0,0,0,0,0,0,0,0,0,0,0,0,0,0,0,0,0,0,0,0,0,0,0,0,0,0,0,0,0,0,0,0,0,0
0,0,0,0,0,0,0,0,0,0,0,0,0,0,0,0,0,1,0,2,0,1,0,0,1,0,0,0,0,0,2,0,0,1,1,1,1,0,0,1,2,0,0,1,0,1,1,0,1,0,1,1,0,0,2,1,0,1,0,1,0,0,0,0,0,0,0,0,0,0,1,0,0,1,0,0,0,1,0,0,2,1,0,0,0,1,0,1,0,0,0,0,0,0,0,0,0,0,0,0,0,0,0,0,0,0,0,0,0,0,0,0,0,0,0,0,0,0,0,0,0,0,0,0,0,0,0,0,0,0,0,0,0,0,0,0,0,0,0,0,0,0,0,0,0,0,0,0,0,0,0,0,0,0,0,0,0,0,0,0,0,0,0,0,0,0,0,0,0,0,0,0,0,0,0,0,0,0,0,0,0,0,0,0,0,0,0,0,0,0,0,0,0,0,0,0,0,0,0,0
0,0,0,0,0,0,0,0,0,0,0,0,0,0,0,0,0,0,0,0,1,0,0,1,0,1,0,0,0,1,0,0,0,2,0,0,2,0,0,2,1,0,0,0,2,0,1,2,1,0,0,0,1,0,0,1,1,1,2,1,1,0,1,0,0,1,1,0,0,0,1,2,1,1,0,0,0,0,0,0,0,0,0,0,0,1,0,0,0,0,0,0,0,0,0,0,0,0,0,1,0,0,0,0,0,0,0,0,0,0,0,0,0,0,0,0,0,0,0,0,0,0,0,0,0,0,0,0,0,0,0,0,0,0,0,0,0,0,0,0,0,0,0,0,0,0,0,0,0,0,0,0,0,0,0,0,0,0,0,0,0,0,0,0,0,0,0,0,0,0,0,0,0,0,0,0,0,0,0,0,0,0,0,0,0,0,0,0,0,0,0,0,0,0,0,0,0,0,0,0
0,0,0,0,0,0,0,0,0,0,0,0,0,0,0,0,0,0,1,0,0,0,0,0,0,1,0,0,2,1,0,0,0,2,2,0,0,0,1,1,0,0,3,1,2,0,0,1,1,0,0,1,2,0,0,0,2,1,1,1,0,1,0,2,0,0,1,0,2,2,0,1,0,0,0,2,2,0,1,1,1,0,0,0,0,0,0,0,0,0,0,0,0,0,0,1,0,1,0,1,0,0,0,0,0,0,0,0,0,0,0,0,0,0,0,0,0,0,0,0,0,0,0,0,0,0,0,0,0,0,0,0,0,0,0,0,0,0,0,0,0,0,0,0,0,0,0,0,0,0,0,0,0,0,0,0,0,0,0,0,0,0,0,0,0,0,0,0,0,0,0,0,0,0,0,0,0,0,0,0,0,0,0,0,0,0,0,0,0,0,0,0,0,0,0,0,0,0,0,0
0,0,0,0,0,0,0,0,0,0,0,0,0,1,0,0,0,0,0,0,0,1,0,0,0,0,3,1,0,0,0,1,0,0,0,2,0,2,0,1,0,0,0,0,0,2,0,0,0,0,0,0,0,1,2,1,1,1,0,0,1,1,0,0,1,0,0,0,1,0,1,0,0,1,0,0,1,0,1,0,0,0,0,0,0,0,0,0,0,0,0,0,0,0,0,0,0,0,0,0,0,0,0,0,0,0,0,0,0,0,0,0,0,0,0,0,0,0,0,0,0,0,0,0,0,0,1,0,0,0,0,0,0,0,0,0,0,0,0,0,0,0,0,0,0,0,0,0,0,0,0,0,0,0,0,0,0,0,0,0,0,0,0,0,0,0,0,0,0,0,0,0,0,0,0,0,0,0,0,0,0,0,0,0,0,0,0,0,0,0,0,0,0,0,0,0,0,0,0,0
0,0,0,0,0,1,0,0,0,0,0,1,0,0,0,0,1,0,0,0,1,0,1,1,1,0,0,0,2,1,1,0,1,0,0,0,2,1,0,1,0,1,0,0,2,2,1,0,2,1,1,0,0,1,0,0,1,0,0,0,1,2,0,1,1,0,0,0,0,0,0,0,1,0,1,0,0,0,1,0,0,0,0,0,0,0,0,0,0,0,1,0,0,0,0,0,0,0,0,0,0,0,0,0,0,0,0,1,0,0,0,0,0,0,0,0,0,0,0,0,0,0,0,0,0,0,0,0,0,0,0,0,0,0,0,0,0,0,0,0,0,0,0,0,0,0,0,0,0,0,0,0,0,0,0,0,0,0,0,0,0,0,0,0,0,0,0,0,0,0,0,0,0,0,0,0,0,0,0,0,0,0,0,0,0,0,0,0,0,0,0,0,0,0,0,0,0,0,0,0
0,0,0,0,0,0,0,0,0,0,0,0,0,0,0,0,0,0,0,0,0,0,0,1,0,0,0,0,0,0,0,0,1,1,0,1,0,0,0,0,2,0,3,0,1,0,1,0,1,1,2,0,0,1,0,0,0,0,0,0,0,2,0,1,0,0,0,0,0,0,1,0,0,0,0,1,0,0,0,0,0,0,0,0,0,0,0,0,1,0,0,0,0,0,0,0,0,0,0,0,0,0,0,0,0,0,0,0,0,0,0,0,0,0,0,0,0,0,0,0,0,0,0,0,0,0,0,0,0,0,0,0,0,0,0,0,0,0,0,0,0,0,0,0,0,0,0,0,0,0,0,0,0,0,0,0,0,0,0,0,0,0,0,0,0,0,0,0,0,0,0,0,0,0,0,0,0,0,0,0,0,0,0,0,0,0,0,0,0,0,0,0,0,0,0,0,0,0,0,0
0,0,0,0,0,0,0,1,0,0,0,0,0,1,0,0,1,1,0,1,0,0,1,1,0,0,0,0,0,0,0,2,0,0,0,2,1,0,1,1,1,0,0,0,3,1,2,2,1,1,0,0,2,0,0,1,0,1,0,0,0,0,0,0,0,0,0,0,0,1,0,1,0,1,0,0,0,0,1,0,0,1,0,0,0,0,1,0,1,0,0,0,0,0,0,0,0,0,0,0,0,0,0,0,0,0,0,0,0,0,0,0,0,0,0,0,0,0,0,0,0,0,0,0,0,0,0,0,0,0,0,1,0,0,0,0,0,0,0,0,0,0,0,0,0,0,0,0,0,0,0,0,0,0,0,0,0,0,0,0,0,0,0,0,0,0,0,0,0,0,0,0,0,0,0,0,0,0,0,0,0,0,0,0,0,0,0,0,0,0,0,0,0,0,0,0,0,0,0,0
0,0,0,0,0,0,0,0,0,0,0,0,0,0,0,0,0,0,0,0,0,0,1,0,0,0,0,0,0,1,2,1,0,0,0,1,1,0,0,0,1,0,0,2,0,0,0,1,0,0,1,0,0,0,0,0,0,0,0,0,1,0,0,1,0,1,0,0,0,0,0,0,1,0,0,1,0,0,0,0,0,0,0,0,0,0,0,0,0,0,0,0,0,0,0,0,0,0,0,0,0,0,0,0,0,0,0,0,0,0,0,0,0,0,0,0,0,0,0,0,0,0,0,0,0,0,0,0,0,0,0,0,0,0,0,0,0,0,0,0,0,0,0,0,0,0,0,0,0,0,0,0,0,0,0,0,0,0,0,0,0,0,0,0,0,0,0,0,0,0,0,0,0,0,0,0,0,0,0,0,0,0,0,0,0,0,0,0,0,0,0,0,0,0,0,0,0,0,0,0
0,0,0,0,0,0,1,0,0,0,0,0,0,0,0,0,0,0,0,0,0,0,0,0,0,2,0,0,1,0,0,0,1,2,1,1,0,0,0,0,0,0,0,0,1,0,1,2,0,0,0,0,1,1,0,1,1,1,0,0,0,1,0,1,1,0,0,0,0,0,0,0,0,0,1,0,0,0,0,0,0,0,0,0,0,0,0,0,0,0,0,0,0,0,0,0,0,0,1,0,0,0,0,0,0,0,0,0,0,0,0,0,0,0,0,0,0,0,0,0,0,0,0,0,0,0,0,0,0,0,0,0,0,0,0,0,0,0,0,0,0,0,0,0,0,0,0,0,0,0,0,0,0,0,0,0,0,0,0,0,0,0,0,0,0,0,0,0,0,0,0,0,0,0,0,0,0,0,0,0,0,0,0,0,0,0,0,0,0,0,0,0,0,0,0,0,0,0,0,0
0,0,0,0,0,0,0,0,1,0,0,0,0,1,0,0,1,0,0,0,1,0,0,0,1,0,0,1,0,0,0,0,0,0,3,0,1,0,0,1,0,0,0,0,0,0,0,0,2,1,0,0,0,1,0,0,1,0,2,1,0,0,0,1,0,1,0,0,1,0,1,0,0,0,1,0,0,0,0,1,0,0,0,0,0,0,0,0,0,0,0,0,0,0,0,0,0,0,0,0,0,0,0,0,0,0,0,0,0,0,0,0,0,0,0,0,0,0,0,0,0,0,0,0,0,0,0,0,0,0,0,0,0,0,0,0,0,0,0,0,0,0,0,0,0,0,0,0,0,0,0,0,0,0,0,0,0,0,0,0,0,0,0,0,0,0,0,0,0,0,0,0,0,0,0,0,0,0,0,0,0,0,0,0,0,0,0,0,0,0,0,0,0,0,0,0,0,0,0,0
0,0,0,0,0,0,0,0,0,0,0,0,0,1,0,0,0,0,0,0,1,0,0,1,1,0,0,0,0,1,0,1,0,1,0,1,1,0,0,0,1,1,1,1,1,0,1,0,1,1,0,0,0,0,0,0,1,1,0,0,1,0,0,0,0,2,0,0,1,0,0,0,0,0,0,0,0,0,0,0,0,0,0,0,0,0,0,0,0,0,0,0,0,0,0,0,0,0,0,0,0,0,0,0,0,0,0,0,0,0,0,0,0,0,0,0,0,0,0,0,0,0,0,0,0,0,0,0,0,0,0,0,0,0,0,0,0,0,0,0,0,0,0,0,0,0,0,0,0,0,0,0,0,0,0,0,0,0,0,0,0,0,0,0,0,0,0,0,0,0,0,0,0,0,0,0,0,0,0,0,0,0,0,0,0,0,0,0,0,0,0,0,0,0,0,0,0,0,0,0
0,0,0,0,0,0,0,0,1,0,0,0,0,1,0,0,0,0,0,0,0,0,0,0,0,1,1,0,0,0,1,0,0,3,0,0,0,0,1,0,0,0,0,1,0,0,1,1,0,0,2,0,0,0,0,0,1,0,0,0,0,0,1,0,0,0,0,0,0,1,0,1,1,0,0,0,0,0,0,0,0,0,0,0,1,0,0,0,0,0,0,0,0,1,1,0,0,0,0,0,0,0,0,0,0,0,0,0,0,0,0,0,0,0,0,0,0,0,0,0,0,0,0,0,0,0,0,0,0,0,0,0,0,0,0,0,0,0,0,0,0,0,0,0,0,0,0,0,0,0,0,0,0,0,0,0,0,0,0,0,0,0,0,0,0,0,0,0,0,0,0,0,0,0,0,0,0,0,0,0,0,0,0,0,0,0,0,0,0,0,0,0,0,0,0,0,0,0,0,0
0,0,0,0,0,0,0,0,0,0,0,0,0,0,0,0,0,0,0,0,0,0,0,0,0,0,0,1,0,0,0,0,0,0,0,0,1,0,0,0,0,0,1,1,1,1,1,0,0,0,1,0,0,0,1,0,0,0,0,1,0,0,0,1,1,0,0,0,0,0,0,0,0,0,0,2,0,1,1,0,1,0,0,0,1,0,0,0,0,0,0,0,0,0,0,0,0,0,0,0,0,1,0,0,0,1,0,0,0,0,0,0,0,0,0,0,0,0,0,0,0,0,0,0,0,0,0,0,0,0,0,0,0,0,0,0,0,0,0,0,0,0,0,0,0,0,0,0,0,0,0,0,0,0,0,0,0,0,0,0,0,0,0,0,0,0,0,0,0,0,0,0,0,0,0,0,0,0,0,0,0,0,0,0,0,0,0,0,0,0,0,0,0,0,0,0,0,0,0,0
0,0,0,0,0,0,0,0,0,0,0,0,0,0,0,0,0,0,0,0,0,1,0,1,1,0,0,1,0,0,0,0,1,3,0,0,0,0,0,3,1,1,1,0,0,1,1,0,1,0,1,2,0,1,0,2,0,0,1,1,0,2,0,0,0,0,0,0,0,1,0,0,0,0,1,0,0,0,0,0,0,0,1,0,0,0,1,0,1,0,0,0,0,0,0,0,0,0,0,0,0,0,0,0,0,0,0,0,0,0,0,0,0,0,0,0,0,0,0,0,0,0,0,0,0,0,0,0,0,0,0,0,0,0,0,0,0,0,0,0,0,0,0,0,0,0,0,0,0,0,0,0,0,0,0,0,0,0,0,0,0,0,0,0,0,0,0,0,0,0,0,0,0,0,0,0,0,0,0,0,0,0,0,0,0,0,0,0,0,0,0,0,0,0,0,0,0,0,0,0
0,0,0,0,0,0,0,0,0,0,0,0,0,0,0,0,0,0,0,0,0,0,1,0,0,0,1,0,1,1,0,0,0,0,0,1,1,1,0,1,1,1,1,1,1,0,3,1,1,0,0,0,0,1,0,0,0,0,0,1,1,0,1,0,1,0,0,1,0,0,0,0,0,0,0,1,0,0,0,0,0,0,0,0,0,0,0,0,0,0,0,0,0,0,0,0,0,0,0,0,0,0,0,0,0,0,1,0,0,0,0,0,0,0,1,0,0,0,0,0,0,0,1,0,0,0,0,0,0,0,0,0,0,0,0,0,0,0,0,0,0,0,0,0,0,0,0,0,0,0,0,0,0,0,0,0,0,0,0,0,0,0,0,0,0,0,0,0,0,0,0,0,0,0,0,0,0,0,0,0,0,0,0,0,0,0,0,0,0,0,0,0,0,0,0,0,0,0,0,0
0,0,0,0,0,0,0,0,0,0,1,0,0,0,0,0,0,0,0,0,0,0,0,0,0,0,0,0,0,0,0,1,1,2,0,0,1,0,0,0,2,0,4,0,0,2,0,1,0,0,1,0,1,0,1,2,0,0,0,0,0,0,0,0,0,0,1,0,0,0,1,1,1,1,2,0,1,0,0,0,0,1,0,0,0,0,0,0,0,0,0,0,0,0,0,0,0,0,0,0,0,0,0,0,0,0,0,0,0,0,0,0,0,1,0,0,0,0,0,0,0,0,0,0,0,0,0,0,0,0,0,0,0,0,0,0,0,0,0,0,0,0,0,0,0,0,0,0,0,0,0,0,0,0,0,0,0,0,0,0,0,0,0,0,0,0,0,0,0,0,0,0,0,0,0,0,0,0,0,0,0,0,0,0,0,0,0,0,0,0,0,0,0,0,0,0,0,0,0,0
0,0,0,0,0,0,0,0,0,0,0,0,0,1,0,0,1,0,0,0,0,0,0,0,0,0,1,1,0,0,0,0,2,0,2,1,3,0,0,1,0,0,0,0,0,0,0,1,0,1,0,1,1,0,0,0,0,0,1,1,1,0,0,1,0,1,0,0,0,1,0,1,0,0,0,0,0,0,1,0,0,0,0,1,0,0,0,0,0,0,0,0,0,0,0,0,0,0,0,0,0,0,0,0,0,0,0,0,0,0,0,0,0,1,0,0,0,0,0,0,0,0,0,0,0,0,0,0,0,0,0,0,0,0,0,0,0,0,0,0,0,0,0,0,0,0,0,0,0,0,0,0,0,0,0,0,0,0,0,0,0,0,0,0,0,0,0,0,0,0,0,0,0,0,0,0,0,0,0,0,0,0,0,0,0,0,0,0,0,0,0,0,0,0,0,0,0,0,0,0
0,0,0,0,0,0,0,0,1,0,0,0,0,0,0,0,0,0,0,0,1,1,0,0,0,0,0,0,1,0,1,0,1,0,0,0,0,0,0,1,0,0,0,0,0,0,0,0,1,1,0,0,0,0,0,0,0,0,0,0,0,2,0,0,1,0,0,1,0,0,0,0,0,0,0,0,0,0,0,1,0,0,0,0,0,0,0,0,0,0,0,0,0,0,0,0,0,0,0,0,0,0,0,0,0,0,0,0,0,0,0,0,0,0,0,0,0,0,0,0,0,0,0,0,0,0,0,0,0,0,0,0,0,0,0,0,0,0,0,0,0,0,0,0,0,0,0,0,0,0,0,0,0,0,0,0,0,0,0,0,0,0,0,0,0,0,0,0,0,0,0,0,0,0,0,0,0,0,0,0,0,0,0,0,0,0,0,0,0,0,0,0,0,0,0,0,0,0,0,0
0,0,0,0,0,0,1,0,0,0,0,0,0,0,0,0,0,0,0,0,1,0,1,0,0,0,0,1,0,0,0,0,0,0,0,0,1,0,0,1,0,0,0,1,1,1,0,0,0,0,0,0,0,1,0,0,0,1,2,0,1,1,0,0,0,0,0,1,0,0,1,1,0,0,0,0,0,0,0,0,1,0,0,0,0,0,0,0,0,0,0,0,0,1,0,0,0,0,0,0,0,0,0,0,0,0,0,0,0,0,0,0,1,0,0,0,0,0,0,0,0,0,0,0,0,0,0,0,0,0,0,0,0,0,0,0,0,0,0,0,0,0,0,0,0,0,0,0,0,0,0,0,0,0,0,0,0,0,0,0,0,0,0,0,0,0,0,0,0,0,0,0,0,0,0,0,0,0,0,0,0,0,0,0,0,0,0,0,0,0,0,0,0,0,0,0,0,0,0,0
0,0,0,0,0,0,0,0,0,0,0,0,0,0,0,0,0,0,0,0,0,0,0,0,0,1,0,0,0,0,0,0,0,0,0,0,0,0,0,0,0,0,0,0,0,0,0,0,0,0,1,0,0,0,0,0,0,0,0,1,0,0,0,0,1,0,0,0,1,0,0,0,0,0,0,0,0,0,0,0,0,0,0,0,0,0,0,0,0,0,0,0,0,0,0,0,0,0,0,0,0,0,0,0,0,0,0,0,1,0,0,0,0,0,0,0,0,0,0,0,0,0,0,0,0,0,0,0,0,0,0,0,0,0,0,0,0,0,0,0,0,0,0,0,0,0,0,0,0,0,0,0,0,0,0,0,0,0,0,0,0,0,0,0,0,0,0,0,0,0,0,0,0,0,0,0,0,0,0,0,0,0,0,0,0,0,0,0,0,0,0,0,0,0,0,0,0,0,0,0
0,0,0,0,0,0,0,0,0,0,0,0,0,0,0,1,1,1,0,0,0,0,1,0,0,0,0,0,0,0,1,0,1,0,0,0,0,0,2,2,1,0,1,0,1,0,2,0,1,0,1,0,0,0,0,0,0,0,0,0,0,1,1,0,1,0,0,0,0,0,0,0,0,0,0,0,0,0,1,0,0,0,1,0,0,0,0,0,0,0,0,0,0,0,0,0,0,0,0,0,0,0,0,0,0,0,0,0,0,0,0,0,0,0,0,0,1,0,0,0,0,0,0,0,0,0,0,0,0,0,0,0,0,0,0,0,0,0,0,0,0,0,0,0,0,0,0,0,0,0,0,0,0,0,0,0,0,0,0,0,0,0,0,0,0,0,0,0,0,0,0,0,0,0,0,0,0,0,0,0,0,0,0,0,0,0,0,0,0,0,0,0,0,0,0,0,0,0,0,0
0,0,0,0,0,0,0,0,0,0,0,0,0,0,0,0,0,0,0,1,0,1,0,0,0,0,0,0,0,0,1,0,1,1,0,0,1,0,0,0,0,0,0,1,1,0,0,0,0,0,0,0,0,0,1,0,1,0,0,0,0,1,0,0,0,0,0,0,0,1,0,0,0,0,0,0,0,0,0,0,0,0,0,1,0,0,0,0,0,0,0,0,0,0,0,0,0,0,0,1,0,0,0,0,0,0,0,0,0,0,0,0,0,0,0,0,0,0,0,0,0,0,0,0,0,0,0,0,0,0,0,0,0,0,0,0,0,0,0,0,0,0,0,0,0,0,0,0,0,0,0,0,0,0,0,0,0,0,0,0,0,0,0,0,0,0,0,0,0,0,0,0,0,0,0,0,0,0,0,0,0,0,0,0,0,0,0,0,0,0,0,0,0,0,0,0,0,0,0,0
0,0,0,0,0,0,0,0,0,0,0,0,0,0,0,0,0,0,0,0,0,0,0,0,0,0,0,1,0,4,0,0,0,0,0,0,0,0,0,0,1,0,1,0,0,0,2,0,0,2,1,2,1,0,0,1,1,0,1,2,0,1,0,0,1,0,1,0,0,0,1,0,0,0,0,0,0,0,0,0,0,0,0,0,1,1,0,0,0,1,0,0,0,0,0,0,0,0,0,0,0,0,0,0,0,0,0,0,0,0,0,0,0,0,0,0,0,0,0,0,0,0,0,0,0,0,0,0,0,0,0,0,0,0,0,0,0,0,0,0,0,0,0,0,0,0,0,0,0,0,0,0,0,0,0,0,0,0,0,0,0,0,0,0,0,0,0,0,0,0,0,0,0,0,0,0,0,0,0,0,0,0,0,0,0,0,0,0,0,0,0,0,0,0,0,0,0,0,0,0
0,0,0,0,0,0,0,0,1,0,0,0,0,0,0,0,0,0,0,0,0,0,0,0,0,0,0,0,0,0,0,0,0,0,0,0,1,1,1,1,0,0,2,0,0,1,1,0,1,0,0,0,2,1,0,0,1,0,0,0,0,1,0,0,0,0,0,0,0,0,1,0,0,0,1,0,0,0,0,1,0,1,1,0,0,0,0,0,0,0,0,0,0,0,0,0,0,0,0,1,0,0,0,0,0,0,0,0,0,0,0,0,0,0,0,0,0,0,0,0,0,0,0,0,0,0,0,0,0,0,0,0,0,0,0,0,0,0,0,0,0,0,0,0,0,0,0,0,0,0,0,0,0,0,0,0,0,0,0,0,0,0,0,0,0,0,0,0,0,0,0,0,0,0,0,0,0,0,0,0,0,0,0,0,0,0,0,0,0,0,0,0,0,0,0,0,0,0,0,0
0,0,0,0,0,0,0,0,0,0,0,0,0,0,0,0,0,0,0,0,0,0,0,0,0,0,0,0,1,0,1,0,0,1,0,0,0,1,0,1,1,1,2,1,0,0,0,0,0,0,0,0,0,0,0,0,1,1,1,0,0,0,0,0,0,0,1,0,1,0,0,0,0,0,0,0,1,0,0,0,0,0,0,0,0,0,0,0,0,0,0,0,0,0,0,0,0,1,0,0,0,0,0,0,0,0,0,0,0,0,0,0,0,0,0,0,0,0,0,0,0,0,0,0,0,0,0,0,0,0,0,0,0,0,0,0,0,0,0,0,0,0,0,0,0,0,0,0,0,0,0,0,0,0,0,0,0,0,0,0,0,0,0,0,0,0,0,0,0,0,0,0,0,0,0,0,0,0,0,0,0,0,0,0,0,0,0,0,0,0,0,0,0,0,0,0,0,0,0,0
0,0,0,0,0,0,0,0,0,0,0,0,0,0,0,0,0,0,0,0,0,0,0,1,0,0,0,0,1,1,1,0,0,0,0,0,0,1,0,0,0,0,1,0,0,0,1,0,1,0,0,0,0,0,1,1,0,1,0,0,1,0,0,1,0,0,0,0,0,0,0,0,1,0,0,0,0,0,0,0,1,0,0,0,0,0,0,0,0,0,0,1,0,0,0,0,0,0,0,0,0,0,0,0,0,0,0,0,0,0,0,0,0,0,0,0,0,0,0,0,0,0,0,0,0,0,0,0,0,0,0,0,0,0,0,0,0,0,0,0,0,0,0,0,0,0,0,0,0,0,0,0,0,0,0,0,0,0,0,0,0,0,0,0,0,0,0,0,0,0,0,0,0,0,0,0,0,0,0,0,0,0,0,0,0,0,0,0,0,0,0,0,0,0,0,0,0,0,0,0
0,0,0,0,0,0,0,0,0,0,0,0,0,0,0,0,0,0,0,0,0,1,0,0,0,0,0,0,0,0,0,0,0,0,0,0,0,0,0,0,0,1,0,0,0,1,0,0,0,1,1,0,0,0,0,1,1,0,0,0,0,1,0,0,0,2,0,0,0,0,0,0,0,0,0,0,0,0,0,0,0,0,0,0,0,0,0,0,0,0,0,0,0,0,0,0,0,0,0,0,0,0,0,0,0,0,0,0,0,0,0,0,0,0,0,0,0,0,0,0,0,0,0,0,0,0,0,0,0,0,0,0,0,0,0,0,0,0,0,0,0,0,0,0,0,0,0,0,0,0,0,0,0,0,0,0,0,0,0,0,0,0,0,0,0,0,0,0,0,0,0,0,0,0,0,0,0,0,0,0,0,0,0,0,0,0,0,0,0,0,0,0,0,0,0,0,0,0,0,0
0,0,0,0,0,0,0,0,0,0,0,0,0,0,0,0,0,0,1,0,0,0,0,0,0,0,1,0,0,0,1,0,0,0,2,0,0,0,0,0,0,0,0,0,0,0,0,0,0,0,0,0,0,1,0,0,0,1,0,0,1,0,0,0,0,0,0,0,0,1,0,0,0,1,0,0,0,0,0,0,0,0,0,1,0,0,0,0,0,0,0,0,0,0,0,0,0,0,0,0,0,0,0,0,0,0,0,0,0,0,0,0,0,0,0,0,0,0,0,0,0,0,0,0,0,0,0,0,0,0,0,0,0,0,0,0,0,0,0,0,0,0,0,0,0,0,0,0,0,0,0,0,0,0,0,0,0,0,0,0,0,0,0,0,0,0,0,0,0,0,0,0,0,0,0,0,0,0,0,0,0,0,0,0,0,0,0,0,0,0,0,0,0,0,0,0,0,0,0,0
1,0,0,0,0,0,0,0,0,0,0,0,0,0,0,0,0,1,0,0,0,0,0,0,0,0,1,0,0,0,1,1,1,0,0,2,0,0,0,0,0,0,0,0,1,0,0,0,0,0,0,0,2,2,0,0,0,0,0,0,0,0,0,0,0,0,1,0,1,1,0,0,0,0,0,0,0,0,0,0,0,0,0,0,0,0,0,0,0,1,0,0,0,0,0,0,0,0,0,0,0,0,0,0,0,0,0,0,0,0,0,0,0,0,0,0,0,0,0,0,0,0,0,0,0,0,0,0,0,0,0,0,0,0,0,0,0,0,0,0,0,0,0,0,0,0,0,0,0,0,0,0,0,0,0,0,0,0,0,0,0,0,0,0,0,0,0,0,0,0,0,0,0,0,0,0,0,0,0,0,0,0,0,0,0,0,0,0,0,0,0,0,0,0,0,0,0,0,0,0
0,0,0,0,0,0,0,0,0,0,0,0,0,0,0,0,0,1,0,0,1,0,0,0,0,0,0,0,0,0,0,0,0,0,1,0,0,0,0,1,0,0,0,0,0,1,0,1,1,1,1,0,1,0,2,0,0,0,0,0,0,0,1,0,1,0,0,0,0,0,0,0,0,0,1,0,0,0,0,0,0,0,0,0,0,0,0,0,0,0,0,0,0,0,0,0,0,0,0,0,0,0,0,0,0,0,0,0,0,0,0,0,0,0,0,0,0,0,0,0,0,0,0,0,0,0,0,0,0,0,0,0,0,0,0,0,0,0,0,0,0,0,0,0,0,0,0,0,0,0,0,0,0,0,0,0,0,0,0,0,0,0,0,0,0,0,0,0,0,0,0,0,0,0,0,0,0,0,0,0,0,0,0,0,0,0,0,0,0,0,0,0,0,0,0,0,0,0,0,0
0,0,0,0,0,0,0,0,0,0,0,0,0,0,1,0,0,1,0,1,1,0,0,2,0,0,0,0,0,1,0,0,0,0,0,0,0,0,1,0,0,0,0,1,0,2,1,0,0,0,0,0,1,1,0,0,0,0,1,0,0,0,2,0,0,0,0,0,0,0,0,0,1,2,0,0,0,0,0,0,1,0,0,0,0,0,0,0,0,0,1,0,0,0,0,0,0,0,0,0,0,0,0,0,0,0,0,0,0,1,0,0,0,0,0,0,0,0,0,0,0,0,0,0,0,0,0,0,0,0,0,0,0,0,0,0,0,0,0,0,0,0,0,0,0,0,0,0,0,0,0,0,0,0,0,0,0,0,0,0,0,0,0,0,0,0,0,0,0,0,0,0,0,0,0,0,0,0,0,0,0,0,0,0,0,0,0,0,0,0,0,0,0,0,0,0,0,0,0,0
1,0,0,0,0,0,0,0,0,0,0,0,0,0,0,0,0,0,0,0,1,0,0,0,0,0,0,0,1,0,1,1,0,0,1,0,0,0,1,1,0,0,0,1,1,0,0,0,0,1,0,1,1,1,1,0,0,0,0,0,0,0,0,0,0,0,0,0,0,0,0,0,0,0,0,1,0,0,0,0,0,0,0,0,0,0,0,0,0,0,0,0,0,0,0,0,0,0,0,0,0,0,0,0,0,0,0,0,0,0,0,0,0,0,0,0,0,0,0,0,0,0,0,0,0,0,0,0,0,0,0,0,0,0,0,0,0,0,0,0,0,0,0,0,0,0,0,0,0,0,0,0,0,0,0,0,0,0,0,0,0,0,0,0,0,0,0,0,0,0,0,0,0,0,0,0,0,0,0,0,0,0,0,0,0,0,0,0,0,0,0,0,0,0,0,0,0,0,0,0
0,0,0,0,0,0,0,0,0,0,0,0,0,1,0,0,0,0,0,0,1,0,0,0,0,0,0,0,0,0,0,0,1,0,0,0,1,0,0,0,0,0,1,0,0,0,0,1,0,0,0,1,0,0,0,0,1,0,0,0,1,0,0,0,0,0,1,0,0,0,0,0,0,0,0,0,0,0,0,0,0,0,0,0,0,0,0,0,0,0,0,0,0,0,0,0,0,0,0,0,0,0,0,0,0,0,0,0,0,0,0,0,0,0,0,0,0,0,0,0,0,0,0,0,0,0,0,0,0,0,0,0,0,0,0,0,0,0,0,0,0,0,0,0,0,0,0,0,0,0,0,0,0,0,0,0,0,0,0,0,0,0,0,0,0,0,0,0,0,0,0,0,0,0,0,0,0,0,0,0,0,0,0,0,0,0,0,0,0,0,0,0,0,0,0,0,0,0,0,0
0,0,0,0,0,0,0,0,0,0,0,0,0,1,0,0,0,0,0,0,0,0,0,0,0,0,0,0,0,0,2,0,1,0,1,1,0,0,0,1,1,1,0,0,0,1,1,0,1,0,0,0,0,0,0,0,1,0,0,0,0,0,0,0,0,0,0,0,1,0,1,0,0,0,0,0,0,0,0,0,0,0,0,0,0,0,0,0,0,0,0,0,0,0,0,0,0,0,0,0,0,0,0,0,0,0,0,0,0,0,0,0,0,0,0,0,0,0,0,0,0,0,0,0,0,0,0,0,0,0,0,0,0,0,0,0,0,0,0,0,0,0,0,0,0,0,0,0,0,0,0,0,0,0,0,0,0,0,0,0,0,0,0,0,0,0,0,0,0,0,0,0,0,0,0,0,0,0,0,0,0,0,0,0,0,0,0,0,0,0,0,0,0,0,0,0,0,0,0,0
0,0,0,0,0,0,0,0,0,0,0,1,0,0,0,0,1,0,0,0,0,0,0,0,1,0,0,1,0,0,0,0,0,1,0,1,0,0,0,0,0,0,0,0,0,0,0,0,0,1,0,0,0,0,0,1,0,0,1,1,0,0,0,0,0,0,0,0,0,0,1,0,0,0,0,0,1,0,0,0,0,0,0,0,0,0,0,0,0,0,0,0,0,0,0,0,0,0,0,0,0,0,0,0,0,0,0,0,0,0,0,0,0,0,0,0,0,0,0,0,0,0,0,0,0,0,0,0,0,0,0,0,0,0,0,0,0,0,0,0,0,0,0,0,0,0,0,0,0,0,0,0,0,0,0,0,0,0,0,0,0,0,0,0,0,0,0,0,0,0,0,0,0,0,0,0,0,0,0,0,0,0,0,0,0,0,0,0,0,0,0,0,0,0,0,0,0,0,0,0
1,0,0,0,0,0,0,0,0,0,0,0,0,0,0,0,0,0,0,0,0,0,0,0,0,0,0,0,0,0,1,0,0,0,1,0,0,0,1,1,0,0,0,0,2,0,0,0,1,0,0,0,0,1,1,0,1,0,0,0,0,1,0,0,2,0,0,0,0,0,0,0,0,0,0,0,0,0,0,0,0,0,0,0,0,0,0,0,0,0,0,0,0,0,0,0,0,0,0,0,0,0,0,0,0,0,0,0,0,0,0,0,0,0,0,0,0,0,0,0,0,0,0,0,0,0,0,0,0,0,0,0,0,0,0,0,0,0,0,0,0,0,0,0,0,0,0,0,0,0,0,0,0,0,0,0,0,0,0,0,0,0,0,0,0,0,0,0,0,0,0,0,0,0,0,0,0,0,0,0,0,0,0,0,0,0,0,0,0,0,0,0,0,0,0,0,0,0,0,0
0,0,0,0,0,0,0,0,0,0,0,0,0,0,0,0,0,0,0,0,0,0,1,0,0,0,0,0,1,1,0,0,0,0,0,0,0,0,0,0,0,2,0,1,0,0,0,0,0,0,0,0,0,0,0,0,0,0,1,1,1,0,0,1,0,0,0,0,0,0,1,0,0,0,0,0,0,1,0,0,0,0,0,0,0,0,0,0,0,0,0,0,0,0,0,0,0,0,0,0,0,0,0,0,0,0,0,0,0,0,0,0,0,0,0,0,0,0,0,0,0,0,0,0,0,0,0,0,0,0,0,0,0,0,0,0,0,0,0,0,0,0,0,0,0,0,0,0,0,0,0,0,0,0,0,0,0,0,0,0,0,0,0,0,0,0,0,0,0,0,0,0,0,0,0,0,0,0,0,0,0,0,0,0,0,0,0,0,0,0,0,0,0,0,0,0,0,0,0,0
0,0,0,0,0,0,0,0,0,0,0,0,0,0,0,1,0,0,1,0,0,0,0,0,0,0,1,1,0,1,0,0,1,0,1,0,0,0,2,0,0,0,0,1,0,0,0,0,0,0,0,0,0,0,2,1,1,0,0,0,0,0,0,0,0,0,0,0,0,0,0,0,0,0,0,0,0,0,0,0,0,0,0,0,0,0,0,0,0,0,0,0,0,0,0,0,0,0,0,0,0,0,0,0,0,0,0,0,0,0,0,0,0,0,0,0,0,0,0,0,0,0,0,0,0,0,0,0,0,0,0,0,0,0,0,0,0,1,0,0,0,0,0,0,0,0,0,0,0,0,0,0,0,0,0,0,0,0,0,0,0,0,0,0,0,0,0,0,0,0,0,0,0,0,0,0,0,0,0,0,0,0,0,0,0,0,0,0,0,0,0,0,0,0,0,0,0,0,0,0
0,0,0,0,0,0,0,0,0,0,0,0,0,0,0,0,0,0,0,0,0,0,0,0,0,0,0,0,0,0,1,0,0,0,0,0,0,0,0,0,1,0,0,2,0,1,1,1,0,0,2,0,0,0,0,0,0,0,0,0,0,0,2,0,0,0,0,1,0,0,0,0,0,0,0,0,0,0,0,1,0,0,0,0,0,0,0,0,0,0,0,0,0,0,0,0,0,0,0,0,1,0,0,0,0,0,0,0,0,0,0,0,0,0,0,0,0,0,0,0,0,0,0,0,0,0,0,0,0,0,0,0,0,0,0,0,0,0,0,0,0,0,0,0,0,0,0,0,0,0,0,0,0,0,0,0,0,0,0,0,0,0,0,0,0,0,0,0,0,0,0,0,0,0,0,0,0,0,0,0,0,0,0,0,0,0,0,0,0,0,0,0,0,0,0,0,0,0,0,0
0,0,0,0,0,0,0,0,0,0,0,0,1,0,0,0,0,0,0,0,0,0,0,0,0,0,0,0,0,0,0,0,0,0,1,0,0,0,0,0,0,0,0,0,0,0,1,0,0,0,0,0,0,1,0,0,0,0,0,0,0,0,0,0,0,0,0,0,0,0,0,0,1,0,0,0,0,1,0,0,0,0,0,0,0,0,0,0,0,0,0,0,0,0,0,0,0,0,0,0,0,0,0,0,0,0,0,0,0,0,0,0,0,0,0,0,0,0,0,0,0,0,0,0,0,0,0,0,0,0,0,0,0,0,0,0,0,0,0,0,0,0,0,0,0,0,0,0,0,0,0,0,0,0,0,0,0,0,0,0,0,0,0,0,0,0,0,0,0,0,0,0,0,0,0,0,0,0,0,0,0,0,0,0,0,0,0,0,0,0,0,0,0,0,0,0,0,0,0,0
0,0,0,0,0,0,0,0,0,0,0,0,0,0,0,0,0,0,0,0,0,0,0,0,0,0,0,0,1,0,0,0,0,0,0,0,0,1,0,0,0,0,0,0,0,1,0,2,0,0,0,1,0,0,0,0,0,0,0,0,1,1,0,0,1,0,0,0,0,1,0,0,0,0,0,0,0,0,0,0,0,0,0,0,0,0,1,0,0,0,0,0,0,0,0,0,0,0,0,0,0,0,0,0,0,0,0,0,0,0,0,0,0,0,0,0,0,0,0,0,0,0,0,0,0,0,0,0,0,0,0,0,0,0,0,0,0,0,0,0,0,0,0,0,0,0,0,0,0,0,0,0,0,0,0,0,0,0,0,0,0,0,0,0,0,0,0,0,0,0,0,0,0,0,0,0,0,0,0,0,0,0,0,0,0,0,0,0,0,0,0,0,0,0,0,0,0,0,0,0
0,0,0,0,0,0,0,0,0,0,0,0,0,0,0,0,0,0,0,0,0,0,0,0,0,0,0,0,0,0,0,0,1,0,0,0,0,0,1,1,0,0,0,0,0,0,0,0,0,1,0,0,0,0,0,0,0,0,0,0,1,0,1,0,0,0,0,0,0,0,0,0,0,0,0,0,0,0,0,0,0,0,0,0,0,0,0,0,0,0,0,0,0,0,0,0,0,0,0,0,0,0,0,0,0,0,0,0,0,0,0,0,0,0,0,0,0,0,0,0,0,0,0,0,0,0,0,0,0,0,0,0,0,0,0,0,0,0,0,0,0,0,0,0,0,0,0,0,0,0,0,0,0,0,0,0,0,0,0,0,0,0,0,0,0,0,0,0,0,0,0,0,0,0,0,0,0,0,0,0,0,0,0,0,0,0,0,0,0,0,0,0,0,0,0,0,0,0,0,0
0,0,0,0,0,0,0,0,0,0,0,0,0,0,0,0,0,1,0,0,0,0,0,0,0,0,0,0,0,0,0,0,0,0,0,0,1,0,0,0,0,0,1,0,0,0,0,0,0,1,1,0,0,0,1,1,0,0,0,0,0,0,0,0,0,0,0,0,0,0,0,0,0,0,0,0,0,0,0,0,0,0,0,0,0,0,1,0,0,1,0,0,0,0,0,0,0,0,0,0,0,0,0,0,0,0,0,0,0,0,0,0,0,0,0,0,0,0,0,0,0,0,0,0,0,0,0,0,0,0,0,0,0,0,0,0,0,0,0,0,0,0,0,0,0,0,0,0,0,0,0,0,0,0,0,0,0,0,0,0,0,0,0,0,0,0,0,0,0,0,0,0,0,0,0,0,0,0,0,0,0,0,0,0,0,0,0,0,0,0,0,0,0,0,0,0,0,0,0,0
0,0,0,0,0,0,0,0,0,0,0,0,0,0,0,0,0,0,0,1,0,0,0,0,0,0,0,0,0,0,0,0,0,0,0,0,0,1,0,0,0,0,0,0,1,0,0,1,0,2,0,0,0,0,0,1,0,0,0,0,1,0,0,0,0,0,0,0,0,0,1,1,0,0,0,0,0,1,0,0,0,0,0,0,0,0,0,0,0,0,0,0,0,0,0,0,0,0,0,0,0,0,0,0,0,0,0,0,0,0,0,0,0,0,0,0,1,0,0,0,0,0,0,0,0,0,0,0,0,0,0,0,0,0,0,0,0,0,0,0,0,0,0,0,0,0,0,0,0,0,0,0,0,0,0,0,0,0,0,0,0,0,0,0,0,0,0,0,0,0,0,0,0,0,0,0,0,0,0,0,0,0,0,0,0,0,0,0,0,0,0,0,0,0,0,0,0,0,0,0
0,0,0,0,0,0,0,0,0,0,0,0,0,1,0,0,0,0,0,0,0,0,0,0,0,0,0,0,0,1,0,0,0,0,0,0,0,0,0,0,0,0,0,0,0,0,0,1,0,1,0,1,0,0,0,0,0,0,0,0,0,0,0,0,0,0,0,0,0,0,0,0,0,0,0,0,0,0,0,0,0,0,0,0,0,0,0,1,0,0,0,0,0,0,0,0,0,0,0,0,0,0,0,0,0,0,0,0,0,0,0,0,0,0,0,0,0,0,0,0,0,0,0,0,0,0,0,0,0,0,0,0,0,0,0,0,0,0,0,0,0,0,0,0,0,0,0,0,0,0,0,0,0,0,0,0,0,0,0,0,0,0,0,0,0,0,0,0,0,0,0,0,0,0,0,0,0,0,0,0,0,0,0,0,0,0,0,0,0,0,0,0,0,0,0,0,0,0,0,0
0,0,0,0,0,0,0,0,0,0,0,0,0,0,0,0,0,0,0,0,0,1,0,1,0,1,1,0,0,0,0,0,0,1,1,1,0,0,0,0,0,0,1,1,0,0,1,0,0,1,0,0,0,0,0,0,0,0,0,0,0,0,0,1,0,0,0,0,0,0,0,0,0,0,0,0,0,0,0,0,0,0,0,0,1,0,0,0,0,0,0,0,0,0,0,0,0,0,0,0,0,0,0,1,1,0,0,0,0,0,0,0,0,0,0,0,0,0,0,0,0,0,0,0,0,0,0,0,0,0,0,0,0,0,0,0,0,0,0,0,0,0,0,0,0,0,0,0,0,0,0,0,0,0,0,0,0,0,0,0,0,0,0,0,0,0,0,0,0,0,0,0,0,0,0,0,0,0,0,0,0,0,0,0,0,0,0,0,0,0,0,0,0,0,0,0,0,0,0,0
0,0,0,0,0,0,0,0,0,0,1,0,0,0,0,1,0,0,0,0,0,0,0,0,0,0,0,0,0,0,0,1,0,0,1,0,0,0,0,0,0,0,0,0,0,0,0,1,0,0,0,0,0,0,0,0,0,0,0,1,0,0,0,0,0,0,0,0,0,0,0,0,0,0,0,0,0,0,0,0,1,0,0,0,0,0,0,0,0,0,0,0,0,0,0,0,0,0,0,0,0,0,0,0,0,0,0,0,0,0,0,0,0,0,0,0,0,0,0,0,0,0,0,0,0,0,0,0,0,0,0,0,0,0,0,0,0,0,0,0,0,0,0,0,0,0,0,0,0,0,0,0,0,0,0,0,0,0,0,0,0,0,0,0,0,0,0,0,0,0,0,0,0,0,0,0,0,0,0,0,0,0,0,0,0,0,0,0,0,0,0,0,0,0,0,0,0,0,0,0
0,0,0,0,0,0,0,0,0,0,0,0,0,0,0,0,0,1,0,0,0,0,0,0,0,0,0,0,0,0,0,0,0,0,0,0,0,1,0,1,0,0,0,0,0,0,0,0,0,1,0,0,0,0,0,1,0,2,0,0,0,0,0,0,0,0,0,0,0,0,0,0,0,0,0,0,0,0,0,0,0,0,0,0,0,0,0,0,0,0,0,0,0,0,0,0,0,0,0,0,0,0,0,0,0,0,0,0,0,0,0,0,0,0,0,0,0,0,0,0,0,0,0,0,0,0,0,0,0,0,0,0,0,0,0,0,0,0,0,0,0,0,0,0,0,0,0,0,0,0,0,0,0,0,0,0,0,0,0,0,0,0,0,0,0,0,0,0,0,0,0,0,0,0,0,0,0,0,0,0,0,0,0,0,0,0,0,0,0,0,0,0,0,0,0,0,0,0,0,0
0,0,0,0,0,0,0,0,0,0,1,0,0,0,0,0,0,0,0,0,0,0,0,0,0,0,0,0,0,0,0,0,0,0,0,0,0,0,0,0,0,0,0,0,0,0,1,0,0,1,0,0,0,1,0,1,0,1,0,0,0,0,0,0,1,0,1,0,2,0,0,0,1,0,1,0,0,0,0,0,0,0,0,0,0,0,0,0,0,0,0,0,0,0,0,0,0,0,0,0,0,0,0,0,0,0,0,0,0,0,0,0,0,0,0,0,0,0,0,0,0,0,0,0,0,0,0,0,0,0,0,0,0,0,0,0,0,0,0,0,0,0,0,0,0,0,0,0,0,0,0,0,0,0,0,0,0,0,0,0,0,0,0,0,0,0,0,0,0,0,0,0,0,0,0,0,0,0,0,0,0,0,0,0,0,0,0,0,0,0,0,0,0,0,0,0,0,0,0,0
0,0,0,0,0,0,0,0,0,0,0,0,0,0,0,0,0,0,0,0,0,0,0,0,0,0,0,0,0,0,0,0,0,1,0,0,0,1,0,0,0,0,1,0,0,1,0,0,1,1,1,0,0,0,0,0,1,0,0,0,0,0,0,1,0,0,0,1,0,0,0,0,0,0,0,0,0,0,0,0,0,0,0,0,0,0,0,0,0,0,0,0,0,0,0,0,0,0,0,0,0,0,0,0,0,0,0,0,0,0,0,0,0,1,0,0,0,0,0,0,0,0,0,0,0,0,0,0,0,0,0,0,0,0,0,0,0,0,0,0,0,0,0,0,0,0,0,0,0,0,0,0,0,0,0,0,0,0,0,0,0,0,0,0,0,0,0,0,0,0,0,0,0,0,0,0,0,0,0,0,0,0,0,0,0,0,0,0,0,0,0,0,0,0,0,0,0,0,0,0
