0,1,2,2,1,1,2,1,2,1,4,5,2,7,13,6,8,15,13,15,20,20,19,19,24,27,32,23,35,37,50,68,43,72,48,71,79,87,83,90,105,139,133,129,125,171,165,144,160,187,195,202,192,235,225,268,232,259,258,296,335,328,319,336,363,344,344,376,342,372,394,432,429,398,407,418,455,435,434,440,436,424,486,390,433,410,430,402,393,412,371,407,382,333,372,403,318,318,307,356,309,285,282,288,268,266,286,277,219,223,214,209,176,183,206,176,148,159,129,149,121,102,101,93,87,81,87,76,70,59,58,52,49,49,39,38,40,28,27,32,33,16,21,27,20,7,13,13,12,14,6,9,9,7,7,8,3,3,2,1,2,2,1,4,0,0,1,2,0,0,1,0,1,1,1,0,0,0,0,1,0,0,0,0,0,0,0,0,0,0,0,0,0,0,0,0,0,0,0,0
2,1,4,7,1,0,5,6,3,2,5,3,4,5,9,7,11,15,10,17,26,23,30,31,35,40,32,26,44,44,50,59,60,72,61,90,94,103,90,121,122,157,138,149,129,177,192,194,229,224,222,245,251,288,273,303,332,315,338,310,379,314,367,391,395,422,387,438,422,381,437,453,485,394,436,420,472,391,402,412,455,375,410,407,416,399,381,382,372,359,342,392,323,331,348,302,354,259,295,264,294,242,244,247,198,229,196,172,150,202,174,141,162,125,143,114,121,121,102,108,88,97,81,63,63,67,73,54,36,47,46,34,30,39,36,39,30,29,15,19,19,13,8,17,17,8,10,8,7,7,7,12,4,3,3,7,1,3,1,0,3,5,4,2,0,0,1,0,0,0,2,0,0,0,0,1,2,0,0,0,1,0,0,0,0,0,0,0,0,0,0,0,0,0,0,0,0,0,0,0
1,0,2,6,4,2,5,4,2,1,2,5,5,8,8,16,7,12,22,15,17,31,26,30,29,39,27,30,49,59,63,75,81,92,79,103,81,123,120,134,152,163,146,172,149,212,217,197,231,246,232,265,253,315,278,325,346,346,375,356,392,387,430,421,385,406,396,417,401,421,392,429,445,421,462,420,421,410,401,416,391,410,390,355,391,361,359,341,318,305,335,334,261,268,285,276,271,240,234,217,211,193,221,189,182,161,164,150,133,146,157,140,109,114,115,99,103,86,63,84,77,76,61,60,50,38,62,36,57,57,33,28,22,36,33,32,19,19,13,18,12,14,10,8,12,5,10,7,6,11,9,5,7,4,4,6,2,8,3,3,1,3,3,1,1,0,0,0,0,0,1,0,1,1,0,1,2,0,0,0,2,0,0,0,0,0,0,0,0,0,0,0,0,0,0,0,0,0,0,0
0,1,0,6,4,0,3,3,1,4,7,5,6,9,16,14,14,18,14,21,29,22,51,37,37,41,43,38,48,62,75,67,101,92,87,117,97,113,123,136,155,187,173,205,185,228,245,240,262,274,258,268,274,343,288,378,370,361,361,370,382,397,415,426,444,365,423,408,453,403,412,423,488,397,439,378,388,433,363,367,364,359,370,386,353,359,321,284,307,309,268,303,268,273,237,225,235,205,212,194,174,166,167,189,147,169,154,125,111,107,130,100,119,93,81,82,87,93,84,70,56,57,51,37,50,41,44,32,40,34,24,20,19,24,30,30,15,15,8,15,16,11,10,1,13,2,12,7,4,4,6,6,2,2,1,2,2,2,1,1,0,3,2,1,2,0,1,1,0,0,1,0,1,1,1,0,0,0,2,0,0,0,0,0,0,0,0,0,0,0,0,0,0,0,0,0,0,0,0,0
0,0,2,4,3,3,5,4,3,3,13,5,6,13,23,6,11,12,15,20,26,35,43,34,40,40,52,46,53,67,95,76,102,113,94,108,99,151,126,146,158,197,199,212,193,253,234,214,244,268,249,271,268,340,327,369,378,362,406,360,431,400,411,409,413,392,358,388,424,451,388,425,423,368,429,396,411,391,372,366,380,361,377,324,346,304,272,276,259,309,251,244,265,226,235,203,186,176,186,203,183,146,148,162,144,125,154,119,97,104,108,88,82,91,86,69,71,80,64,59,55,47,45,36,36,29,31,22,34,34,21,18,26,18,22,22,18,12,13,10,10,10,9,8,15,7,7,4,6,2,5,3,4,2,2,0,2,2,1,1,3,1,2,0,0,1,1,0,0,0,2,0,1,0,0,0,1,0,0,0,0,0,0,0,0,0,0,0,0,0,0,0,0,0,0,0,0,0,0,0
1,0,1,4,1,2,6,5,1,7,13,12,10,8,22,10,17,24,23,29,26,27,55,48,38,45,54,41,61,88,83,98,89,99,83,151,128,144,135,168,173,226,235,188,212,253,265,244,289,273,264,286,315,325,323,404,362,380,356,388,410,417,449,425,438,400,379,458,410,370,379,387,402,418,419,374,384,364,338,354,347,269,330,314,301,283,311,269,253,260,225,235,192,256,219,208,172,174,152,186,152,148,141,118,129,116,131,100,93,96,85,76,77,69,67,68,65,63,59,49,51,35,35,36,45,34,34,20,37,23,20,13,18,20,28,23,12,19,12,10,7,16,8,13,10,9,7,8,2,3,2,2,4,3,2,6,3,0,1,2,2,2,3,0,0,0,1,0,0,0,0,0,0,1,1,0,0,0,0,0,1,0,0,0,0,0,0,0,0,0,0,0,0,0,0,0,0,0,0,0
2,2,3,4,3,3,8,3,4,5,11,13,12,12,17,12,16,23,17,31,31,42,44,35,54,35,52,37,54,54,81,90,114,90,93,125,125,161,145,143,173,235,214,187,221,266,277,250,270,294,271,291,313,307,362,379,349,332,359,384,379,372,404,378,428,352,411,410,397,422,367,379,462,390,390,364,348,381,346,287,369,294,318,283,295,314,264,237,262,233,216,202,194,211,185,184,163,173,185,153,125,122,129,123,114,101,81,105,71,76,78,94,71,59,68,54,65,71,48,51,62,35,41,31,35,22,29,22,17,19,36,15,18,12,23,12,15,14,5,9,13,11,7,8,6,6,8,7,7,2,5,7,3,2,2,2,2,1,7,0,0,3,0,1,0,0,0,2,0,0,1,0,0,0,1,0,0,0,0,0,0,0,0,0,0,0,0,0,0,0,0,0,0,0,0,0,0,0,0,0
0,0,1,5,5,0,11,4,3,4,8,4,16,12,29,17,23,13,20,24,28,27,55,37,59,53,50,48,72,81,86,81,135,146,91,124,122,179,150,159,195,221,227,232,211,260,295,248,276,280,283,303,292,328,333,398,359,370,370,370,400,381,431,411,399,370,391,435,420,383,347,385,393,386,416,315,321,316,330,304,312,294,272,306,233,264,247,244,240,245,181,218,152,186,177,182,174,157,138,141,127,131,106,128,87,89,87,86,72,79,73,60,75,77,56,56,51,52,50,39,41,28,41,21,28,28,30,24,23,20,23,9,7,9,21,20,10,14,7,13,15,13,6,4,5,4,3,6,5,4,2,3,1,1,1,2,1,3,1,0,3,1,2,0,1,0,1,1,0,0,2,0,1,0,0,0,1,0,0,0,0,0,0,0,0,0,0,0,0,0,0,0,0,0,0,0,0,0,0,0
2,0,2,8,6,3,6,3,2,10,11,3,9,15,30,16,15,21,26,30,48,39,42,45,52,52,72,57,76,71,106,91,126,137,112,142,132,158,187,157,200,225,204,227,234,267,294,238,262,313,245,330,266,350,320,423,368,393,340,346,411,369,397,383,423,370,410,395,405,386,373,390,362,330,324,335,371,314,275,307,311,279,273,265,264,251,212,186,209,192,233,189,173,162,170,156,144,136,117,113,111,121,107,98,89,79,81,61,75,63,82,70,69,57,60,62,43,51,45,38,36,29,38,32,29,31,17,21,28,13,28,10,12,6,15,12,22,11,4,7,8,3,5,9,11,5,6,2,6,3,5,3,3,3,0,2,4,3,0,1,1,3,2,0,0,0,1,0,0,0,0,0,0,0,0,0,0,0,1,0,0,0,0,0,0,0,0,0,0,0,0,0,0,0,0,0,0,0,0,0
0,2,4,3,4,2,9,7,2,7,14,11,12,9,28,18,22,27,32,28,36,30,64,57,52,56,70,60,76,80,101,102,124,110,99,154,142,149,169,177,209,233,241,220,213,278,276,244,248,301,277,273,312,320,310,368,364,377,361,369,404,373,406,393,365,339,326,411,390,365,324,367,390,334,330,323,334,292,304,305,282,246,243,255,266,227,224,191,192,210,186,194,163,159,150,154,149,118,135,128,105,103,104,97,83,79,65,94,67,73,69,55,46,51,73,50,51,51,44,46,41,33,30,43,33,13,20,15,15,11,22,12,6,12,21,15,8,13,5,9,11,9,4,4,7,5,7,1,2,4,3,3,2,2,3,1,3,1,0,2,0,2,1,0,1,1,1,0,0,0,0,0,0,2,0,0,0,0,0,0,0,0,0,0,0,0,0,0,0,0,0,0,0,0,0,0,0,0,0,0
0,2,6,6,3,1,5,2,4,5,14,4,9,14,22,4,13,15,32,29,41,38,46,62,62,45,67,60,81,83,95,107,133,140,107,154,138,198,170,193,220,221,237,223,238,308,275,248,276,281,276,288,308,315,343,374,358,328,359,367,351,384,353,393,390,386,344,392,358,338,307,382,345,332,340,335,308,307,277,247,262,268,243,251,230,211,187,205,201,168,161,158,158,148,130,136,147,120,118,104,124,95,96,94,75,83,83,75,53,73,51,58,49,38,37,33,36,35,31,36,25,32,25,34,25,13,23,16,14,18,16,11,12,6,20,7,8,9,4,13,10,5,4,5,4,6,2,2,3,4,2,1,1,2,1,1,2,2,1,0,1,1,1,0,0,0,2,1,0,0,1,0,0,0,0,0,0,0,0,0,0,0,0,0,0,0,0,0,0,0,0,0,0,0,0,0,0,0,0,0
0,1,1,4,2,3,13,7,1,4,10,5,10,16,34,12,11,26,21,34,27,39,58,55,60,50,68,55,64,101,109,117,121,120,100,158,142,152,174,175,187,228,242,272,197,277,308,278,261,275,251,327,334,332,293,400,342,353,353,379,377,351,397,374,385,326,344,330,369,327,297,342,324,299,352,317,303,256,277,247,277,232,269,209,255,205,186,187,167,170,161,150,138,155,128,128,122,116,105,107,99,103,100,67,64,73,66,76,41,53,80,51,45,36,41,45,30,41,27,23,30,20,25,25,29,17,18,13,13,12,14,10,11,6,16,15,7,6,4,6,9,10,8,3,8,2,4,7,5,7,0,0,2,3,1,1,2,3,1,1,1,3,4,0,1,1,1,1,0,0,1,0,0,0,1,0,1,0,0,0,1,0,0,0,0,0,0,0,0,0,0,0,0,0,0,0,0,0,0,0
0,0,2,5,5,1,8,2,3,3,21,7,11,11,33,12,25,23,30,30,27,33,52,40,61,61,76,53,75,76,109,110,106,124,106,145,145,183,163,180,179,211,249,235,232,277,295,259,261,303,282,293,287,353,343,366,339,358,336,322,335,368,356,361,337,326,346,364,303,352,295,297,330,285,322,278,324,255,244,274,252,238,229,193,208,193,174,163,173,146,155,145,145,160,108,120,101,91,103,101,93,105,98,82,73,75,69,68,36,62,51,42,46,35,32,32,32,48,37,29,20,19,22,23,29,7,13,10,16,16,17,8,5,10,13,7,8,6,6,6,15,7,5,3,4,2,5,2,1,2,2,2,1,1,2,0,1,2,0,1,1,0,0,4,0,0,1,1,0,0,0,0,0,2,1,0,0,0,0,0,0,0,0,0,0,0,0,0,0,0,0,0,0,0,0,0,0,0,0,0
2,3,3,4,1,2,10,6,6,9,18,9,8,11,27,14,23,31,16,30,38,36,53,57,54,57,74,63,77,77,95,95,123,143,102,151,141,206,162,165,163,230,238,266,238,288,296,259,237,318,237,316,281,316,305,350,302,321,334,355,344,363,346,343,362,302,316,316,322,332,327,297,316,286,286,276,284,256,211,247,254,216,233,209,209,183,185,155,166,168,137,134,128,117,116,118,101,108,96,107,85,69,80,79,56,61,65,72,52,54,41,39,44,35,45,34,29,29,31,38,23,25,14,17,20,6,20,8,18,15,10,17,7,2,15,12,15,8,5,8,7,4,3,4,4,1,3,2,1,2,2,3,2,4,0,2,2,1,0,1,0,2,3,0,0,0,2,1,0,0,0,0,1,1,0,0,0,0,0,0,0,0,0,0,0,0,0,0,0,0,0,0,0,0,0,0,0,0,0,0
1,2,3,8,2,1,9,3,1,3,20,8,6,14,30,15,22,32,41,31,24,43,65,59,58,45,101,55,71,85,121,109,119,113,116,150,124,170,177,190,177,256,269,217,207,248,266,267,263,282,278,317,280,324,307,349,301,345,334,309,358,341,359,343,354,326,317,336,311,314,283,314,303,302,260,260,249,256,228,226,211,207,202,194,181,189,165,129,159,144,110,128,128,113,108,95,90,81,89,77,80,74,81,69,65,53,68,49,50,47,57,33,33,45,42,26,27,41,22,28,19,21,22,20,19,13,15,14,14,8,8,8,3,8,13,7,7,4,2,5,10,8,5,4,5,3,6,0,5,10,2,1,1,2,0,4,2,0,0,0,0,1,3,1,1,0,1,0,0,0,0,0,0,1,0,0,0,0,0,0,0,0,0,0,0,0,0,0,0,0,0,0,0,0,0,0,0,0,0,0
0,1,5,11,3,0,6,9,4,9,15,6,10,8,17,18,22,20,34,31,28,49,57,67,69,58,68,55,70,66,109,95,125,135,105,137,137,200,154,201,210,218,227,232,210,290,274,265,254,263,282,270,306,340,301,356,359,321,339,360,342,334,325,366,348,326,310,272,308,305,261,301,290,295,317,255,243,236,199,224,181,182,198,184,179,189,155,138,142,144,110,149,96,120,118,100,86,96,73,77,75,80,64,71,43,51,53,47,44,35,59,37,38,36,27,34,25,24,25,26,23,26,16,18,18,15,11,8,14,10,8,7,9,9,14,7,5,10,3,4,5,9,2,2,5,1,3,5,1,3,4,2,0,1,0,2,1,1,1,0,0,0,0,0,0,0,0,0,0,0,1,0,0,0,0,0,0,0,0,0,0,0,0,0,0,0,0,0,0,0,0,0,0,0,0,0,0,0,0,0
1,2,3,6,3,1,11,4,0,6,21,9,5,22,34,7,15,27,34,22,45,50,53,54,57,57,66,57,74,85,103,118,130,142,95,156,129,197,193,182,178,238,220,210,205,292,268,261,241,287,289,330,273,326,272,336,300,346,337,303,342,295,328,333,301,283,321,298,306,261,269,255,277,282,279,244,245,257,216,202,189,172,192,168,186,161,135,141,156,113,101,120,128,120,98,88,69,97,91,77,83,83,55,45,60,54,62,56,35,46,36,29,30,26,32,16,30,24,19,19,22,17,19,25,20,9,9,9,12,9,15,14,5,6,11,14,3,4,2,5,11,9,2,2,3,2,6,6,1,4,2,3,0,2,3,1,0,0,1,0,0,1,1,0,0,0,0,1,0,0,1,0,1,0,1,0,1,0,0,0,0,0,0,0,0,0,0,0,0,0,0,0,0,0,0,0,0,0,0,0
2,1,4,7,7,3,7,5,3,5,14,5,13,19,31,9,8,28,32,37,29,49,52,65,58,50,68,60,67,91,95,132,122,154,120,156,133,168,167,190,211,242,227,241,224,287,289,235,251,259,253,284,305,335,309,353,353,356,361,326,351,296,323,305,311,288,291,319,269,291,265,263,268,244,248,237,226,217,209,228,192,178,172,174,167,161,131,140,142,116,118,114,90,111,118,85,93,77,71,72,70,51,64,59,50,46,44,46,39,43,43,36,36,25,27,25,23,28,25,26,14,18,9,18,11,10,16,11,18,15,7,14,8,4,12,7,5,5,4,7,5,3,4,3,2,4,0,2,4,0,1,5,0,3,1,2,0,0,1,0,1,2,1,0,1,0,0,0,0,0,0,0,0,1,0,0,0,0,0,0,0,0,0,0,0,0,0,0,0,0,0,0,0,0,0,0,0,0,0,0
2,3,4,8,3,0,7,5,5,9,18,6,11,7,24,14,23,20,29,35,40,40,63,57,59,60,70,69,72,82,91,108,136,141,134,162,167,172,157,164,179,218,223,242,220,244,275,220,278,276,253,278,254,320,314,307,313,313,288,311,350,309,275,327,303,302,282,304,271,270,294,277,258,227,248,215,236,202,181,197,196,168,174,179,168,144,137,136,128,100,117,101,104,98,87,76,75,82,81,69,75,68,51,64,41,43,51,49,28,46,37,32,37,37,25,29,26,11,17,23,9,19,13,12,18,13,7,16,9,15,4,5,7,5,13,11,8,4,3,2,3,3,4,3,3,2,6,0,1,0,0,2,0,0,0,2,1,0,0,0,0,0,2,0,0,0,1,0,0,0,0,0,0,0,0,0,0,0,0,0,0,0,0,0,0,0,0,0,0,0,0,0,0,0,0,0,0,0,0,0
1,0,2,7,7,3,13,3,4,6,17,7,15,12,36,12,15,21,37,29,35,33,69,50,68,52,71,67,88,89,117,97,133,127,119,146,139,168,183,172,190,218,219,202,196,260,268,251,265,307,251,276,265,317,305,312,330,282,281,271,323,274,328,289,277,272,301,296,277,261,239,244,262,216,233,206,194,214,192,187,161,193,158,152,154,144,131,104,136,117,107,82,95,77,73,92,78,62,59,74,43,73,54,49,45,34,45,49,39,42,26,27,25,21,22,19,16,28,27,19,16,16,11,11,12,4,9,10,8,10,9,5,6,6,10,4,6,8,2,2,4,4,4,2,3,1,2,4,2,2,1,2,2,1,3,1,2,1,0,0,2,3,1,0,1,0,0,0,0,0,0,0,0,0,0,0,0,0,0,0,0,0,0,0,0,0,0,0,0,0,0,0,0,0,0,0,0,0,0,0
1,2,6,4,2,5,6,4,3,5,15,6,11,18,38,19,16,17,31,30,31,41,52,65,52,50,66,62,71,103,103,115,125,121,98,149,155,178,160,166,176,216,229,229,200,251,261,232,273,254,266,278,269,302,274,325,303,300,283,290,304,288,292,293,288,296,276,264,272,282,214,275,232,198,231,213,210,178,167,197,179,148,169,144,163,139,138,119,110,89,95,94,101,95,64,76,71,67,71,66,60,73,59,42,47,46,42,53,30,34,26,29,45,28,20,19,21,31,17,23,17,12,9,13,18,4,12,12,16,10,10,8,8,2,11,11,9,4,1,5,7,1,4,1,3,1,4,1,0,5,3,0,0,0,2,1,0,0,0,0,0,1,0,0,0,0,1,0,0,0,0,0,0,0,0,0,0,0,0,0,0,0,0,0,0,0,0,0,0,0,0,0,0,0,0,0,0,0,0,0
0,1,4,6,3,3,10,7,3,6,14,15,9,11,33,16,14,20,41,28,37,47,66,56,51,56,74,74,87,82,90,99,126,139,104,139,116,156,178,177,188,217,226,204,228,279,239,226,252,251,260,243,263,268,258,298,287,285,283,289,273,249,290,275,288,263,268,278,282,215,223,242,224,222,233,217,179,172,170,167,162,135,145,142,146,119,122,108,99,96,93,94,75,89,76,80,62,41,52,54,42,50,51,51,33,44,41,30,30,31,26,17,28,25,24,19,12,31,18,23,18,14,13,8,16,10,16,3,8,13,6,1,5,4,7,7,9,8,2,1,5,7,5,3,3,5,0,3,1,3,0,0,0,3,2,2,1,1,0,0,0,0,0,1,0,1,1,0,0,0,1,0,0,0,1,0,0,0,0,0,0,0,0,0,0,0,0,0,0,0,0,0,0,0,0,0,0,0,0,0
0,0,2,7,6,1,12,3,4,12,15,9,3,13,29,12,18,32,26,53,47,37,46,72,66,54,75,55,80,97,113,100,134,143,102,169,154,172,162,168,187,202,226,196,205,276,247,241,226,215,236,249,271,302,274,316,267,299,284,292,293,300,307,286,282,249,238,274,235,231,190,210,222,194,202,180,192,173,196,186,153,150,143,136,138,134,124,94,118,90,94,89,88,71,79,72,67,72,51,65,55,51,42,56,42,37,36,37,29,30,35,27,32,32,28,21,17,13,18,12,14,17,8,6,11,11,8,10,9,7,5,7,7,4,10,8,6,4,2,2,3,5,4,2,0,1,2,7,0,1,4,0,0,1,0,3,0,0,0,1,0,0,0,0,0,0,0,0,0,0,1,0,0,0,0,0,0,0,0,0,0,0,0,0,0,0,0,0,0,0,0,0,0,0,0,0,0,0,0,0
1,0,1,7,5,0,5,6,4,5,12,7,7,12,32,10,17,20,23,31,48,45,52,58,65,51,65,54,67,87,101,94,130,132,110,138,150,165,154,168,190,240,233,225,218,252,251,222,225,256,242,216,269,248,286,315,282,298,293,270,266,248,269,291,279,228,248,276,249,217,239,197,222,185,208,195,195,177,189,154,169,137,119,132,114,106,117,112,100,89,102,82,77,75,65,72,67,63,58,62,37,43,46,39,38,31,30,29,27,29,26,24,29,21,13,25,17,25,16,22,17,12,16,11,15,5,8,6,15,6,5,5,8,4,6,8,5,9,5,1,0,3,2,2,2,1,3,1,2,0,3,2,0,3,3,1,2,1,0,0,0,1,0,0,0,0,0,1,0,0,0,0,0,0,0,0,0,0,0,0,0,0,0,0,0,0,0,0,0,0,0,0,0,0,0,0,0,0,0,0
0,1,2,5,2,0,5,3,4,8,11,9,10,16,29,23,17,18,22,24,39,34,56,53,51,50,44,66,59,82,102,102,121,127,106,145,135,176,180,170,202,207,220,225,190,247,261,200,229,252,209,259,242,287,236,278,270,268,268,256,292,274,258,217,254,242,259,285,238,214,206,217,203,189,205,220,171,173,151,137,168,131,120,145,115,97,122,102,108,97,84,99,72,77,66,70,67,54,50,55,46,53,40,35,40,34,38,33,24,35,31,17,17,24,24,16,19,18,17,16,13,11,13,13,6,6,7,6,4,4,8,7,7,3,3,7,4,5,1,0,3,5,8,1,3,1,2,4,2,1,4,1,1,3,0,0,0,0,1,0,1,1,0,0,0,0,0,0,0,0,1,0,0,0,0,0,0,0,2,0,0,0,0,0,0,0,0,0,0,0,0,0,0,0,0,0,0,0,0,0
1,1,3,6,5,3,6,12,3,3,17,8,15,12,20,11,17,26,37,26,31,38,53,44,60,53,68,64,80,93,104,83,99,127,118,172,145,159,151,165,193,210,198,196,158,219,240,210,237,258,205,287,265,251,256,304,289,222,299,260,277,256,259,266,256,227,261,218,252,212,206,189,231,178,183,192,163,169,171,126,143,128,142,120,139,125,115,100,91,83,88,81,64,76,58,56,57,47,47,50,47,50,45,30,34,30,43,35,17,26,30,28,19,15,17,18,14,18,16,13,13,16,13,12,16,8,6,7,7,2,7,2,3,3,9,10,4,4,2,2,7,3,3,2,1,1,2,1,0,4,2,0,0,2,3,0,1,0,0,1,0,0,0,1,1,1,1,0,0,0,0,0,0,2,0,0,1,0,0,0,0,0,0,0,0,0,0,0,0,0,0,0,0,0,0,0,0,0,0,0
0,3,1,8,1,2,3,10,5,11,17,6,11,8,15,10,17,16,34,32,41,31,50,55,52,47,71,54,79,90,88,103,125,122,81,148,129,141,160,152,162,189,186,228,179,223,232,222,207,240,214,235,254,232,259,272,268,207,238,255,259,266,227,242,254,190,230,243,218,198,187,186,208,176,187,180,179,150,131,148,136,152,131,115,109,123,83,85,89,77,78,86,75,65,75,71,51,54,55,49,41,40,38,33,32,26,31,29,22,32,22,18,24,22,25,16,16,13,11,15,7,7,8,10,6,3,5,7,8,2,4,6,8,2,6,8,7,7,4,6,3,3,3,2,0,1,2,0,1,1,1,1,0,1,1,1,1,0,0,0,1,0,0,0,0,0,0,0,0,0,0,0,0,1,0,0,0,0,0,0,0,0,0,0,0,0,0,0,0,0,0,0,0,0,0,0,0,0,0,0
2,1,0,4,1,1,6,6,3,8,12,11,12,13,34,16,18,24,43,27,43,37,50,49,56,45,70,83,55,89,113,113,118,117,96,133,146,164,136,176,172,193,203,194,172,227,241,214,219,269,198,236,219,276,257,281,274,242,237,243,268,247,232,265,215,184,221,230,233,201,202,194,221,157,174,180,157,167,141,134,137,124,115,109,105,98,111,87,79,76,76,91,66,71,63,63,44,53,47,46,43,49,38,25,30,27,32,30,27,29,25,30,25,20,24,17,22,21,15,13,11,16,10,7,12,6,3,6,11,10,6,4,1,0,2,7,5,5,2,1,2,2,2,0,2,1,1,2,0,1,1,0,0,1,1,0,0,2,0,1,0,1,2,0,0,0,1,0,0,0,0,0,0,1,0,0,0,0,1,0,0,0,0,0,0,0,0,0,0,0,0,0,0,0,0,0,0,0,0,0
2,1,5,7,3,0,6,9,2,9,15,5,10,13,22,15,14,24,32,25,33,37,60,49,58,55,49,61,71,72,105,108,132,140,110,155,111,173,148,186,177,218,209,203,201,233,222,222,212,238,182,233,244,244,219,268,257,270,196,220,245,258,251,244,219,222,212,185,224,194,178,197,178,160,165,132,172,140,118,112,131,108,131,104,106,110,94,89,76,85,71,74,61,58,63,51,46,34,49,38,42,45,36,39,43,29,42,29,27,24,19,16,27,20,18,13,19,16,17,5,9,8,10,7,9,7,8,9,10,2,2,3,1,3,3,7,2,4,3,1,1,2,1,2,1,3,3,0,0,1,2,2,0,0,0,2,0,0,0,0,0,0,1,0,0,0,0,0,0,0,0,0,0,0,0,0,0,0,0,0,0,0,0,0,0,0,0,0,0,0,0,0,0,0,0,0,0,0,0,0
0,5,1,5,2,5,4,10,2,4,14,5,10,15,23,12,13,26,29,24,37,44,53,46,55,41,56,48,67,72,109,118,127,131,104,137,130,130,134,133,160,206,194,204,173,221,218,192,187,187,198,225,207,230,234,243,251,217,225,224,224,232,220,265,201,189,234,202,204,177,170,177,184,163,152,165,150,138,128,119,130,122,115,112,114,99,75,79,73,79,77,68,63,64,42,54,41,52,34,38,35,33,36,29,24,28,23,31,27,23,21,18,15,11,18,17,9,10,8,10,16,11,8,12,8,4,3,7,4,8,9,1,3,2,7,7,5,1,7,2,3,2,1,2,2,1,3,3,0,0,1,2,0,2,0,2,0,1,0,0,0,1,0,0,0,0,1,0,0,0,1,0,0,0,0,0,0,0,0,0,0,0,0,0,0,0,0,0,0,0,0,0,0,0,0,0,0,0,0,0
0,2,2,2,5,2,4,6,6,14,17,5,12,12,31,15,8,21,22,32,28,34,50,42,60,48,57,46,59,83,102,104,104,110,100,119,135,130,149,143,158,168,180,189,174,216,213,205,223,189,219,208,229,227,233,237,242,213,247,261,242,200,236,220,197,213,184,186,201,163,169,195,175,164,149,139,130,130,123,114,115,91,104,111,96,81,69,77,72,68,78,75,44,66,57,46,44,42,46,45,43,31,30,25,38,35,39,30,28,30,17,17,20,15,15,14,13,8,16,14,8,9,4,5,9,7,6,8,3,5,3,7,2,2,6,7,6,4,0,2,1,4,2,1,1,2,1,0,1,1,0,1,0,2,1,0,1,0,0,0,0,0,0,0,0,0,0,0,0,0,0,0,0,0,0,0,0,0,0,0,0,0,0,0,0,0,0,0,0,0,0,0,0,0,0,0,0,0,0,0
0,1,2,5,3,1,9,3,3,7,17,8,14,19,29,15,17,24,33,28,36,36,42,64,51,35,53,48,70,89,111,99,116,115,113,140,115,166,158,158,155,176,197,185,166,198,207,208,200,212,199,202,202,242,230,223,213,202,212,232,242,211,223,215,198,192,157,204,200,163,155,173,170,159,142,147,135,141,136,115,129,111,102,97,102,90,91,61,65,69,73,75,58,55,60,49,36,36,45,46,36,17,26,36,23,21,29,24,14,30,16,11,28,15,11,13,11,13,12,8,13,6,10,10,12,1,8,2,5,3,2,1,4,2,5,4,4,3,1,1,7,4,3,0,1,3,3,2,1,1,3,1,1,0,0,2,3,2,0,1,0,0,0,0,0,0,1,0,0,0,0,0,0,0,0,0,0,0,0,0,1,0,0,0,0,0,0,0,0,0,0,0,0,0,0,0,0,0,0,0
0,2,0,2,6,2,7,9,4,4,14,6,7,10,25,6,12,20,32,30,36,33,51,54,44,48,62,45,75,77,101,72,110,89,87,132,137,154,121,160,168,199,197,172,183,205,197,187,186,202,192,209,230,200,213,247,210,208,224,231,192,230,218,187,176,195,204,187,202,166,168,166,167,143,143,137,147,132,107,96,128,120,103,98,84,88,85,77,71,67,52,56,63,46,47,50,46,37,34,45,31,37,20,35,20,22,29,21,21,17,19,17,21,14,13,15,12,15,14,13,6,9,13,6,3,2,7,8,8,9,4,1,5,4,6,4,4,9,1,2,1,3,1,3,2,2,1,0,1,2,1,2,1,1,1,1,1,1,0,0,0,0,0,0,0,0,0,0,0,0,1,0,1,0,0,0,0,0,0,0,0,0,0,0,0,0,0,0,0,0,0,0,0,0,0,0,0,0,0,0
1,0,4,4,2,2,2,4,4,6,10,9,21,14,38,7,22,13,31,33,34,35,55,37,51,46,55,56,73,75,84,94,115,87,116,152,116,141,129,153,160,189,174,195,180,209,206,168,206,235,187,186,184,206,238,223,244,214,224,239,205,212,208,188,182,182,194,188,174,169,139,160,156,125,149,139,124,121,124,129,100,92,87,85,104,92,55,47,66,64,53,54,54,48,48,34,44,34,31,30,37,33,25,23,23,19,22,20,20,18,16,16,20,15,20,13,13,12,11,11,9,6,7,4,8,4,6,2,9,5,3,6,2,0,5,7,6,6,2,3,4,2,0,2,1,1,3,0,2,0,0,0,0,0,1,1,2,0,0,0,1,0,0,0,0,0,0,1,0,0,0,0,0,0,0,0,0,0,1,0,0,0,0,0,0,0,0,0,0,0,0,0,0,0,0,0,0,0,0,0
0,4,3,6,4,2,4,4,3,5,17,5,8,11,19,10,15,17,32,28,33,26,65,51,54,41,71,39,66,68,75,78,114,86,86,123,96,144,140,158,150,171,163,172,176,230,202,219,191,186,179,202,181,192,194,253,185,214,203,177,189,219,210,208,182,156,174,176,169,156,154,131,139,125,131,134,134,111,100,78,97,88,99,78,82,83,68,67,71,57,66,51,58,53,47,35,41,30,39,34,29,17,23,21,22,34,24,21,19,22,17,13,14,10,18,10,14,13,11,10,16,5,9,2,6,3,7,4,5,4,2,2,3,1,3,4,8,3,2,5,4,2,2,4,2,3,1,1,1,0,1,2,0,0,1,0,1,0,0,0,0,0,1,0,0,0,2,0,0,0,1,0,0,0,0,0,0,0,0,0,0,0,0,0,0,0,0,0,0,0,0,0,0,0,0,0,0,0,0,0
0,2,3,5,2,0,5,7,7,5,10,15,15,12,29,12,19,18,24,32,35,41,45,43,54,46,57,41,72,83,93,69,102,115,114,123,113,166,130,145,137,161,157,177,162,206,228,158,178,225,174,200,198,211,196,228,184,194,194,193,209,208,199,174,194,176,202,159,134,154,157,134,135,136,128,120,134,102,121,115,102,105,78,109,67,78,63,62,76,58,72,49,55,50,47,50,34,34,40,23,43,38,28,30,16,23,21,22,14,19,27,13,22,8,11,10,10,9,5,12,13,11,8,6,8,2,3,4,2,6,4,6,3,2,4,1,5,2,1,2,2,0,2,1,1,0,1,2,0,2,1,0,0,1,0,0,0,1,0,0,0,0,0,0,0,0,0,0,0,0,1,0,0,0,0,0,1,0,0,0,0,0,0,0,0,0,0,0,0,0,0,0,0,0,0,0,0,0,0,0
0,3,2,2,4,5,6,7,1,4,16,3,8,10,21,10,21,22,38,26,29,38,48,37,56,49,60,54,76,59,86,84,93,113,113,135,99,140,125,153,149,175,179,193,167,176,177,181,176,187,185,194,181,191,199,207,197,188,204,187,192,206,190,191,167,173,171,169,167,172,118,138,146,122,141,126,113,99,92,107,78,85,86,89,69,66,64,52,53,58,54,54,56,36,35,30,39,32,42,34,26,22,26,19,13,23,26,23,12,16,23,17,17,11,18,17,9,7,14,4,8,5,6,5,6,2,3,5,7,3,5,3,4,1,2,2,4,3,3,1,2,1,1,1,0,2,3,0,0,0,0,1,0,1,1,0,0,0,0,0,1,0,0,0,0,0,0,1,0,0,0,0,0,0,0,0,0,0,0,0,0,0,0,0,0,0,0,0,0,0,0,0,0,0,0,0,0,0,0,0
0,1,4,2,1,2,5,5,3,4,24,5,8,5,24,18,21,15,24,32,34,33,52,46,45,49,62,56,58,65,82,84,95,108,103,112,103,117,109,132,150,187,165,179,156,164,177,158,143,194,178,186,204,207,186,164,189,203,207,177,181,193,185,201,195,157,172,165,155,142,121,117,121,137,146,113,133,97,86,99,91,82,91,75,78,60,51,66,51,45,52,50,46,43,41,28,26,29,28,27,28,35,26,31,24,18,21,22,20,22,16,8,13,15,13,5,6,8,11,13,7,6,5,5,12,4,9,3,7,2,5,5,4,2,4,5,3,4,0,1,1,3,0,3,1,1,0,1,0,0,0,1,1,1,0,0,0,0,0,0,1,0,1,0,0,0,0,0,0,0,0,0,0,0,0,0,0,0,0,0,0,0,0,0,0,0,0,0,0,0,0,0,0,0,0,0,0,0,0,0
0,1,3,4,1,3,7,8,2,4,8,7,9,18,15,8,19,25,32,29,39,43,42,44,39,54,72,44,45,83,76,86,109,116,78,103,93,121,118,131,150,161,160,163,133,197,184,158,174,189,164,187,171,181,209,205,182,184,175,183,209,184,157,155,173,186,147,160,157,137,151,133,139,116,126,123,98,91,93,94,87,73,75,60,86,63,65,64,58,52,48,57,40,40,35,39,34,25,34,31,21,34,29,25,26,17,15,13,17,19,12,15,13,7,7,7,15,5,11,14,10,4,4,7,9,4,5,5,7,1,1,2,3,3,3,3,7,1,2,1,1,2,1,1,1,1,0,1,0,1,0,0,0,0,0,1,1,0,0,0,0,0,1,0,0,0,0,0,0,0,0,0,0,1,0,0,0,0,0,0,0,0,0,0,0,0,0,0,0,0,0,0,0,0,0,0,0,0,0,0
0,1,3,8,6,1,3,4,2,4,11,6,11,17,21,5,17,15,17,25,28,29,45,53,44,56,62,58,47,66,92,87,103,94,105,97,103,147,115,122,139,163,183,138,148,162,190,162,162,163,162,174,160,184,197,198,177,173,182,178,183,160,188,179,162,159,185,161,157,128,127,150,123,93,126,96,103,97,95,93,108,84,85,77,64,75,61,48,47,38,51,57,39,37,35,44,41,23,31,35,21,31,27,28,12,18,15,23,16,20,14,8,5,9,10,6,11,7,6,7,6,6,6,7,6,1,5,5,5,0,2,2,3,4,5,6,3,4,0,0,1,3,1,2,0,0,0,0,0,0,1,1,1,2,0,0,0,0,0,0,0,0,1,0,0,0,0,0,0,0,0,0,0,0,0,0,0,0,0,0,0,0,0,0,0,0,0,0,0,0,0,0,0,0,0,0,0,0,0,0
0,0,4,2,2,1,5,3,4,3,8,8,13,13,27,16,20,17,26,28,35,24,49,38,42,49,54,54,64,63,86,79,108,106,91,111,105,138,127,125,126,139,155,164,149,172,188,137,164,163,149,156,185,193,167,190,189,179,179,194,169,166,165,158,165,149,144,154,152,127,115,131,125,112,117,82,110,93,87,91,94,67,58,70,56,71,54,53,60,56,44,43,38,52,34,29,25,32,26,28,21,23,31,20,22,13,18,23,7,17,20,7,14,15,9,8,13,10,10,7,7,5,9,7,8,4,7,7,3,3,3,0,3,1,6,4,2,2,1,2,2,1,0,0,0,1,0,0,0,1,0,1,0,0,1,1,1,1,0,0,1,1,0,0,0,0,0,0,0,0,0,0,0,0,0,0,0,0,0,0,0,0,0,0,0,0,0,0,0,0,0,0,0,0,0,0,0,0,0,0
0,2,2,4,1,1,6,4,5,6,14,9,7,11,22,15,11,12,26,32,25,38,52,36,40,47,45,61,60,69,92,69,108,82,71,121,96,117,126,104,130,149,154,167,143,195,193,155,152,151,171,156,171,173,159,188,197,171,158,158,185,185,164,150,143,170,150,153,140,125,95,135,110,117,107,100,99,100,69,81,81,64,62,60,64,57,41,43,53,43,47,54,47,35,32,37,27,28,39,28,15,19,24,23,21,17,17,19,18,11,13,11,14,7,12,11,10,11,3,10,6,5,4,9,7,5,4,3,1,2,2,5,1,4,2,2,2,2,0,1,2,5,0,1,0,1,0,0,0,0,0,0,0,1,0,0,0,0,0,0,0,1,1,0,0,0,1,0,0,0,0,0,0,0,0,0,0,0,0,0,0,0,0,0,0,0,0,0,0,0,0,0,0,0,0,0,0,0,0,0
2,0,1,9,0,0,8,4,4,4,9,8,6,7,19,12,16,22,23,13,31,51,38,32,39,42,38,39,52,60,77,72,95,98,76,132,105,134,119,111,139,153,150,145,121,147,185,149,163,166,152,143,163,183,173,181,157,187,175,169,181,151,156,154,159,121,148,131,112,117,110,116,115,87,106,105,104,98,80,87,73,72,63,65,60,74,50,53,45,46,53,41,24,41,35,36,36,23,25,28,19,18,23,12,15,14,16,12,12,18,15,8,9,11,11,6,10,10,10,5,7,11,3,4,5,3,2,2,4,2,1,3,3,1,3,2,2,1,1,5,1,3,1,4,0,0,0,0,0,2,0,2,0,0,0,3,3,0,0,0,0,0,1,1,0,0,0,0,0,0,0,0,0,0,0,0,0,0,0,0,0,0,0,0,0,0,0,0,0,0,0,0,0,0,0,0,0,0,0,0
0,1,2,1,3,1,3,3,5,4,15,1,12,9,17,6,20,15,20,27,25,22,39,34,38,48,63,36,60,76,84,94,91,97,77,98,96,121,123,116,119,151,131,128,140,170,142,151,158,163,140,140,148,183,161,152,148,171,152,145,159,144,170,158,134,123,137,146,124,91,123,116,104,101,109,86,91,93,88,76,68,71,78,55,54,60,46,47,42,35,35,44,32,26,34,38,20,29,30,20,24,39,22,18,20,15,14,19,10,18,19,6,13,7,6,6,10,6,7,11,4,5,5,6,5,3,8,2,2,2,4,2,1,1,4,2,1,2,0,4,1,4,0,0,1,3,0,0,0,1,2,1,0,1,1,0,0,0,0,0,0,1,0,0,0,0,0,0,0,0,0,0,0,0,0,0,1,0,0,0,0,0,0,0,0,0,0,0,0,0,0,0,0,0,0,0,0,0,0,0
0,7,1,5,1,1,4,1,2,7,14,5,8,16,23,5,14,22,23,30,38,28,39,49,50,44,55,43,64,61,61,77,87,112,56,113,101,113,103,135,110,123,146,113,132,135,183,142,153,164,150,151,149,170,174,156,197,151,184,150,153,160,166,139,152,133,125,130,129,99,92,103,99,96,109,98,89,88,73,77,61,86,68,71,62,63,51,55,46,45,46,44,38,29,32,35,28,22,25,26,28,23,24,12,21,14,16,18,11,11,12,4,11,9,12,8,11,14,12,10,5,9,2,5,6,1,4,2,4,2,1,3,3,5,5,1,2,3,3,0,2,1,1,2,1,1,1,1,0,0,0,3,0,0,0,0,0,2,0,0,0,0,0,0,0,0,1,0,0,0,0,0,0,0,0,0,0,0,0,0,0,0,0,0,0,0,0,0,0,0,0,0,0,0,0,0,0,0,0,0
0,3,2,11,0,3,5,6,2,4,8,4,13,20,20,12,14,26,26,21,34,32,44,41,43,28,45,35,55,70,74,82,97,90,88,106,96,113,123,130,126,119,145,130,117,152,152,151,169,159,158,138,153,172,153,184,149,159,142,131,158,155,147,145,134,124,109,111,123,116,112,81,111,96,111,83,85,71,90,65,61,58,61,69,65,56,39,36,51,46,29,34,29,31,32,27,33,17,26,14,12,23,18,16,15,16,8,23,10,8,15,10,12,10,9,8,9,5,4,11,3,7,2,1,6,1,5,2,5,3,3,2,1,0,2,6,4,2,0,0,2,1,2,0,0,2,1,0,0,0,2,1,0,1,0,0,1,0,0,0,0,0,0,0,0,0,0,0,0,0,0,0,0,0,0,0,0,0,0,0,0,0,0,0,0,0,0,0,0,0,0,0,0,0,0,0,0,0,0,0
0,1,0,9,2,1,4,2,0,8,12,5,9,8,22,15,16,14,27,19,25,33,39,39,45,36,41,40,57,66,72,72,73,89,88,97,104,112,101,108,95,162,138,129,115,156,148,130,126,146,172,153,148,167,138,181,149,154,122,128,160,127,135,138,112,148,141,126,116,93,112,101,99,92,98,87,100,70,83,73,65,55,58,74,56,60,46,40,41,41,39,45,29,27,29,30,29,21,28,26,24,19,25,15,12,12,16,13,17,13,11,7,16,9,7,5,10,11,7,5,4,5,4,2,4,3,2,1,6,5,2,2,3,3,5,4,1,5,2,0,2,1,0,1,2,0,1,0,1,1,2,0,0,3,0,0,0,0,0,0,0,1,1,0,0,0,0,1,0,0,1,0,0,0,1,0,0,0,0,0,0,0,0,0,0,0,0,0,0,0,0,0,0,0,0,0,0,0,0,0
2,2,1,4,2,0,6,6,4,3,12,4,8,16,19,8,18,14,23,28,35,24,45,38,38,34,47,41,50,52,73,86,99,89,66,99,95,116,97,91,106,118,128,148,104,125,140,128,158,141,146,155,159,174,146,160,168,170,138,138,152,128,127,145,131,137,120,118,113,111,80,113,100,72,85,74,69,82,71,62,76,59,68,53,54,48,49,39,36,27,30,29,31,40,25,25,28,26,17,12,19,21,12,11,13,16,17,19,7,8,7,9,11,9,7,7,3,3,2,6,6,2,4,2,8,3,5,3,1,1,5,1,1,2,3,5,2,1,3,0,0,3,0,4,0,2,0,1,0,0,0,2,0,0,0,0,0,0,0,0,0,0,0,0,0,0,0,0,0,0,1,0,0,0,0,0,0,0,0,0,0,0,0,0,0,0,0,0,0,0,0,0,0,0,0,0,0,0,0,0
1,1,1,1,3,1,4,3,2,6,13,6,10,4,16,13,18,18,24,23,24,29,53,35,45,37,55,46,44,65,72,73,72,100,66,103,106,125,96,99,112,116,127,125,107,146,160,124,139,142,128,134,141,166,150,162,158,132,142,147,142,115,136,121,127,113,111,115,117,102,75,125,110,86,89,65,67,80,52,68,47,61,59,61,46,55,38,32,37,31,28,41,30,23,32,27,26,21,20,24,17,26,7,19,14,18,15,18,9,6,13,8,6,5,11,7,7,3,2,5,13,3,5,5,2,1,7,3,4,0,3,1,5,0,1,0,1,3,0,1,1,0,0,0,0,0,1,0,1,1,0,0,0,0,1,0,0,0,0,0,0,0,0,0,0,0,0,0,0,0,0,0,0,0,0,0,0,0,1,0,0,0,0,0,0,0,0,0,0,0,0,0,0,0,0,0,0,0,0,0
1,3,0,4,3,2,4,7,0,8,12,9,9,5,13,10,18,14,17,24,33,28,36,42,39,34,44,44,60,46,74,54,61,86,72,94,81,98,94,107,106,143,123,123,116,157,154,142,124,177,113,127,122,125,147,156,144,140,129,131,148,127,146,113,115,126,103,115,109,100,119,95,103,67,93,86,79,71,74,75,69,55,43,50,47,46,34,39,47,35,22,24,26,32,24,29,14,29,27,16,21,14,16,22,12,14,8,3,11,7,10,6,7,4,7,4,5,7,12,5,5,6,10,6,5,3,4,0,1,4,1,3,2,0,6,3,0,2,0,1,1,2,0,0,0,1,0,0,0,0,0,1,0,0,0,1,0,0,0,0,0,0,0,0,0,0,0,0,0,0,0,0,0,0,0,0,0,0,0,0,0,0,0,0,0,0,0,0,0,0,0,0,0,0,0,0,0,0,0,0
0,1,2,3,1,2,5,3,3,6,19,6,4,14,15,11,15,16,21,20,23,24,30,24,44,36,47,35,59,52,59,70,101,75,62,92,107,110,90,103,115,128,126,139,110,141,126,103,135,118,159,141,134,143,107,154,152,120,126,144,172,113,136,135,111,99,118,111,97,68,83,89,83,81,78,85,83,55,86,56,55,49,60,46,54,47,40,36,42,43,30,37,23,21,19,22,23,21,22,13,13,8,13,16,11,17,10,10,8,9,11,6,9,7,12,4,5,5,8,3,0,8,3,2,4,3,7,2,2,1,1,0,5,2,2,1,2,1,2,2,0,1,1,0,0,1,1,0,1,0,0,0,0,0,0,1,2,0,0,0,1,0,0,0,1,0,0,1,0,0,0,0,0,0,0,0,0,0,0,0,0,0,0,0,0,0,0,0,0,0,0,0,0,0,0,0,0,0,0,0
3,1,1,4,1,2,1,2,4,6,17,7,4,10,11,7,12,13,26,15,27,27,39,39,38,36,42,34,50,49,62,74,82,72,77,83,87,96,92,108,104,134,132,110,101,158,140,130,112,140,139,140,131,156,124,145,144,152,126,101,146,110,112,140,128,122,108,101,101,69,93,88,87,77,80,95,71,79,61,56,65,65,43,42,44,47,39,36,25,40,27,38,32,29,30,19,20,15,14,20,17,15,19,15,11,17,13,14,10,7,12,5,7,4,7,8,4,7,4,9,7,3,3,2,4,0,2,4,2,1,3,0,2,2,5,2,1,2,1,1,2,2,2,0,1,1,0,1,0,1,0,2,0,0,0,0,0,0,0,0,0,1,1,0,0,0,0,1,0,0,0,0,0,0,0,0,0,0,0,0,0,0,0,0,0,0,0,0,0,0,0,0,0,0,0,0,0,0,0,0
1,4,4,4,1,3,3,3,1,2,7,5,6,9,16,9,14,15,22,24,25,20,41,44,46,44,43,30,51,48,64,75,76,64,65,84,96,106,89,106,109,107,144,112,122,138,135,134,139,107,133,135,133,139,127,142,146,110,126,94,113,101,114,116,139,112,107,87,92,102,91,84,92,79,80,61,73,78,47,51,56,42,50,58,47,55,30,37,35,28,33,27,35,21,25,21,18,18,21,14,21,15,22,13,7,16,7,9,8,11,12,3,10,5,6,8,2,2,5,1,3,7,3,3,4,2,5,0,0,4,0,3,0,1,3,2,0,3,0,0,1,0,0,0,1,0,0,0,0,0,1,0,0,0,0,0,1,2,0,0,0,0,0,0,0,0,0,0,0,0,1,0,0,0,0,0,0,0,0,0,0,0,0,0,0,0,0,0,0,0,0,0,0,0,0,0,0,0,0,0
1,1,0,3,0,1,2,1,3,2,15,8,7,9,22,9,13,18,22,28,29,15,29,37,36,24,41,38,48,43,70,64,80,73,66,96,79,82,99,102,115,129,111,107,95,112,114,96,108,111,123,129,120,132,111,135,114,129,126,116,98,117,120,107,125,100,93,115,96,91,70,83,89,72,88,74,65,63,39,52,43,44,52,60,53,46,41,34,28,29,30,28,25,23,23,25,27,14,20,12,10,15,8,14,12,10,12,9,11,5,9,7,5,7,6,2,3,3,5,5,2,2,3,2,6,2,2,4,1,2,0,0,2,0,2,2,1,0,2,1,1,1,0,1,2,0,0,0,0,1,1,1,0,0,0,1,0,0,0,0,0,0,0,0,0,0,0,0,0,0,0,0,0,0,0,0,0,0,0,0,0,0,0,0,0,0,0,0,0,0,0,0,0,0,0,0,0,0,0,0
1,1,0,3,4,2,3,4,2,3,8,4,5,11,24,7,12,15,20,11,25,21,36,36,40,35,55,28,41,52,43,66,84,57,63,77,86,76,83,95,119,103,129,114,110,123,119,101,128,118,109,100,131,137,127,141,135,121,128,115,156,106,110,130,93,107,88,113,88,69,69,77,68,58,73,72,62,69,48,51,75,52,54,40,42,35,33,29,31,29,28,25,19,24,21,18,18,29,19,21,21,11,11,18,9,12,11,20,8,8,8,7,7,3,3,5,8,6,2,3,5,8,4,5,4,2,3,1,0,0,2,1,1,0,5,2,1,1,1,0,1,0,2,0,2,0,0,0,0,0,0,0,0,1,0,1,0,0,0,0,0,1,0,0,0,0,0,0,0,0,0,0,0,0,0,0,0,0,0,0,0,0,0,0,0,0,0,0,0,0,0,0,0,0,0,0,0,0,0,0
0,2,2,5,2,1,1,3,3,5,8,6,11,8,9,9,19,15,24,17,22,17,21,32,28,29,45,35,37,58,61,59,56,90,59,80,78,95,79,93,104,109,111,103,95,119,104,106,124,127,105,114,130,127,97,128,124,119,101,98,134,114,108,108,97,100,106,95,82,76,84,88,66,72,79,56,50,60,51,52,59,54,48,54,44,36,44,39,29,29,27,23,25,26,21,20,28,14,20,17,17,15,10,12,9,9,12,10,7,5,5,7,6,6,2,3,5,5,5,2,2,4,3,2,6,1,2,2,4,5,2,0,1,0,2,7,4,1,1,0,0,1,1,1,1,0,0,0,1,0,0,0,0,0,0,0,0,0,0,0,0,0,0,0,0,0,0,0,0,0,0,0,0,0,0,0,0,0,0,0,0,0,0,0,0,0,0,0,0,0,0,0,0,0,0,0,0,0,0,0
1,2,0,7,4,2,4,3,2,2,12,5,8,9,19,9,13,16,21,18,35,26,34,31,33,24,50,28,47,48,46,48,74,67,67,96,77,88,82,90,85,105,111,98,108,119,123,119,122,131,108,116,119,105,110,126,107,128,123,98,105,110,95,98,117,87,99,90,89,99,72,91,85,71,63,61,49,51,51,61,43,40,37,41,37,35,29,31,26,26,29,23,24,20,17,21,19,16,13,15,17,9,10,20,9,7,5,11,4,9,3,4,6,2,8,4,4,5,13,9,4,3,5,2,3,2,3,1,2,1,1,0,0,0,1,3,2,1,0,0,0,1,2,1,0,1,1,0,0,1,0,0,0,0,0,0,1,0,0,0,0,0,0,0,0,0,0,0,0,0,0,0,0,0,0,0,0,0,0,0,0,0,0,0,0,0,0,0,0,0,0,0,0,0,0,0,0,0,0,0
0,0,1,3,2,3,1,5,2,6,13,4,6,7,15,16,15,12,12,24,21,24,41,38,30,39,41,28,50,50,54,65,66,72,65,79,67,92,88,93,99,88,108,106,94,90,104,103,106,116,108,100,92,121,118,128,125,131,119,119,99,97,93,83,97,71,81,106,64,80,76,90,68,54,62,63,56,59,44,53,55,42,37,47,38,28,32,31,26,32,22,21,21,23,14,19,12,14,12,18,11,21,10,10,9,12,5,7,10,6,8,9,6,11,3,2,6,5,6,5,3,9,1,2,3,1,1,1,1,3,3,0,2,0,2,2,1,1,1,2,2,0,0,2,0,0,0,1,1,0,0,0,0,0,1,1,0,0,0,0,0,0,0,0,0,0,0,1,0,0,0,0,0,0,0,0,0,0,0,0,0,0,0,0,0,0,0,0,0,0,0,0,0,0,0,0,0,0,0,0
0,1,4,5,3,1,4,4,4,5,8,5,7,6,11,11,13,16,23,19,25,16,39,36,31,29,30,23,49,55,64,54,60,68,61,84,70,77,95,97,85,101,115,110,96,107,110,104,102,118,132,97,107,100,99,106,94,103,123,104,95,124,79,96,91,78,88,85,78,80,75,77,81,61,64,65,52,38,46,53,31,36,41,43,53,37,37,33,26,26,21,28,17,21,21,15,11,11,17,19,11,11,9,13,8,6,8,8,7,5,4,6,4,7,3,4,5,4,5,3,2,1,5,7,0,1,4,5,3,3,1,0,2,1,2,2,2,4,1,0,2,1,1,1,0,0,0,0,0,0,0,0,0,0,0,1,0,0,0,0,0,1,0,0,0,0,0,0,0,0,0,0,0,0,0,0,0,0,0,0,0,0,0,0,0,0,0,0,0,0,0,0,0,0,0,0,0,0,0,0
0,1,4,0,1,2,2,8,2,2,10,3,6,7,22,12,11,12,26,16,24,26,27,23,32,29,36,34,37,48,55,58,72,70,56,81,74,78,78,70,87,104,110,101,92,120,114,95,100,100,114,107,98,114,110,117,101,111,111,101,96,96,109,93,79,79,102,93,87,84,67,63,79,58,63,54,57,54,48,51,49,40,34,42,34,37,30,27,27,22,26,18,21,18,13,17,18,15,11,14,8,10,17,13,8,5,5,10,8,4,5,7,10,2,9,9,1,6,5,2,3,2,5,5,4,1,4,0,1,2,1,2,2,0,0,2,0,1,0,1,1,0,0,0,1,0,1,0,0,1,0,1,0,0,0,0,0,0,0,0,0,0,0,1,0,0,0,1,0,0,0,0,0,0,0,0,0,0,0,0,0,0,0,0,0,0,0,0,0,0,0,0,0,0,0,0,0,0,0,0
1,2,2,3,2,1,4,4,0,5,15,4,11,12,13,6,11,5,21,15,22,19,28,22,31,36,48,27,34,57,49,53,59,51,47,88,79,72,68,74,93,82,111,114,84,107,130,97,107,120,95,116,99,109,95,113,101,95,93,99,112,84,92,89,83,82,79,74,69,73,54,54,69,50,55,58,37,48,46,38,51,47,37,34,33,32,27,28,31,22,24,26,20,15,21,22,16,14,19,15,19,8,7,9,8,9,7,9,7,7,7,8,9,3,6,2,2,6,3,6,5,3,2,5,3,0,4,0,2,2,1,2,2,0,3,0,0,1,0,0,0,0,2,0,0,0,1,0,0,0,0,0,0,0,0,0,0,0,0,0,0,0,0,0,0,0,1,0,0,0,0,0,0,0,0,0,0,0,0,0,0,0,0,0,0,0,0,0,0,0,0,0,0,0,0,0,0,0,0,0
0,0,1,2,1,1,2,1,4,5,7,1,7,10,13,7,13,15,16,14,22,25,28,23,27,18,34,36,42,45,47,53,69,67,66,86,80,79,74,92,107,109,91,108,95,89,108,82,97,103,101,82,110,108,111,120,102,103,87,87,106,89,89,80,100,74,86,74,86,75,78,60,70,74,61,59,36,59,45,44,31,29,37,37,40,35,30,32,29,25,24,23,16,24,17,18,19,9,11,13,11,10,8,9,5,9,7,10,4,4,10,7,4,3,4,2,2,4,2,4,1,1,4,1,4,4,2,1,0,0,2,1,1,1,4,0,0,1,2,1,1,0,1,0,1,1,0,0,0,1,0,1,0,0,0,0,0,0,0,0,0,1,1,0,0,0,0,0,0,0,0,0,0,0,0,0,0,0,0,0,0,0,0,0,0,0,0,0,0,0,0,0,0,0,0,0,0,0,0,0
0,0,1,3,1,0,5,4,2,3,6,2,5,9,19,2,9,13,22,16,17,22,29,30,33,22,37,38,46,35,30,60,60,70,50,71,52,93,69,67,83,96,86,88,85,111,111,74,93,108,115,95,104,115,90,123,96,92,95,92,104,102,85,78,83,74,65,74,70,64,60,67,69,49,53,39,66,44,35,39,38,37,33,32,33,20,25,23,21,22,23,23,17,23,12,10,15,11,14,11,16,9,15,10,12,9,12,5,2,6,8,1,6,1,3,2,6,5,3,4,5,6,5,2,4,1,2,3,2,3,1,1,1,2,2,1,3,0,1,0,2,0,0,0,0,1,1,0,0,0,0,0,0,0,0,0,0,0,0,0,0,0,0,0,0,1,0,0,0,0,1,0,0,0,0,0,0,0,0,0,0,0,0,0,0,0,0,0,0,0,0,0,0,0,0,0,0,0,0,0
0,1,0,2,1,2,2,2,1,2,10,6,8,6,11,11,18,10,22,21,21,21,37,25,23,23,32,30,44,49,46,55,55,63,46,54,60,81,69,89,69,104,95,85,77,107,98,103,84,93,113,102,84,108,89,97,109,101,99,90,80,83,108,83,67,78,89,88,61,55,54,56,66,39,55,66,55,42,41,38,36,30,35,31,20,33,24,25,32,29,8,28,15,13,17,17,7,16,16,12,11,7,11,9,3,11,5,3,9,6,13,5,3,6,1,9,3,4,6,4,1,0,1,1,4,0,3,0,2,2,3,1,0,1,3,1,1,3,0,3,0,0,0,1,0,1,0,0,0,1,0,1,1,0,0,0,0,0,0,0,0,0,0,0,0,0,0,0,0,0,0,0,0,0,0,0,0,0,0,0,0,0,0,0,0,0,0,0,0,0,0,0,0,0,0,0,0,0,0,0
0,2,0,2,0,1,3,4,3,4,9,4,8,7,19,12,14,15,23,17,20,16,27,25,29,28,41,21,34,38,41,41,50,72,48,63,77,88,71,78,85,89,82,99,87,104,113,89,85,92,75,112,85,105,97,100,82,71,93,84,90,97,61,91,82,81,69,61,63,72,53,49,58,61,56,39,44,38,51,30,45,28,33,37,27,39,25,29,21,22,13,18,17,15,14,18,20,14,12,14,11,12,8,7,8,8,8,12,2,9,7,5,1,5,2,2,4,5,3,3,2,3,1,2,2,0,2,3,1,4,0,1,1,1,4,1,1,2,0,2,3,0,0,1,0,0,0,0,2,0,0,1,0,0,0,0,1,0,0,0,0,0,0,0,0,0,0,1,0,0,0,0,0,0,0,0,0,0,0,0,0,0,0,0,0,0,0,0,0,0,0,0,0,0,0,0,0,0,0,0
0,1,1,2,2,1,6,7,2,7,5,6,8,6,17,4,4,16,13,19,12,23,29,33,36,25,32,33,40,53,51,48,40,52,49,72,77,68,59,73,90,102,103,70,78,89,100,78,105,96,80,95,101,97,86,96,93,90,76,79,90,65,87,91,78,72,78,74,52,68,61,62,54,53,47,47,45,42,33,43,34,36,35,32,25,21,30,21,19,19,16,21,19,23,15,14,16,13,11,19,7,15,9,13,10,6,9,4,7,4,6,1,2,5,7,2,7,2,2,1,4,4,4,2,3,2,1,2,3,0,0,3,0,1,1,0,1,1,0,0,0,1,0,0,0,0,1,0,0,2,0,0,0,1,0,2,0,0,0,0,0,0,1,0,0,0,0,0,0,0,0,0,0,0,0,0,0,0,0,0,0,0,0,0,0,0,0,0,0,0,0,0,0,0,0,0,0,0,0,0
0,0,5,2,2,2,4,5,2,3,14,4,5,5,12,3,13,12,24,13,20,23,21,40,27,33,34,28,27,34,37,41,55,59,48,53,60,63,85,61,82,84,75,81,71,103,97,90,86,100,78,81,89,93,84,108,86,97,72,92,87,76,89,89,72,79,69,63,56,50,57,60,59,44,52,55,58,49,43,34,34,28,25,24,33,26,20,27,20,15,15,19,18,15,17,16,10,10,14,10,6,12,11,6,11,9,4,5,5,2,7,2,2,4,4,1,4,4,3,2,5,4,1,0,1,0,4,0,0,5,0,0,0,0,3,1,0,1,0,0,1,1,0,0,0,0,1,0,0,0,1,0,0,0,0,0,0,0,0,0,0,0,0,0,0,0,0,0,0,0,0,0,0,0,0,0,0,0,0,0,0,0,0,0,0,0,0,0,0,0,0,0,0,0,0,0,0,0,0,0
0,3,3,2,2,1,3,3,1,8,6,6,2,8,13,8,9,9,15,13,18,11,25,27,25,27,34,31,31,43,39,50,57,54,46,67,56,90,51,69,78,79,82,76,96,98,103,81,77,93,75,64,84,95,81,83,82,109,84,62,79,63,82,83,68,73,71,63,68,54,49,55,61,44,56,43,42,42,36,39,42,29,35,27,29,32,23,15,24,10,14,23,19,25,22,10,19,14,16,14,19,8,5,4,9,4,8,10,11,5,5,3,11,4,4,1,4,3,2,4,1,1,1,1,2,1,2,0,2,2,0,0,2,0,1,0,1,1,0,0,0,0,0,1,0,0,0,0,1,0,0,0,0,1,0,1,0,0,0,0,0,0,0,0,0,0,0,0,0,0,1,0,0,0,0,0,0,0,0,0,0,0,0,0,0,0,0,0,0,0,0,0,0,0,0,0,0,0,0,0
0,1,2,6,2,0,1,3,0,1,5,3,5,7,18,4,13,16,19,13,21,14,33,30,33,21,28,26,34,39,43,47,54,54,36,64,70,68,52,69,85,72,90,70,66,90,86,78,71,92,84,71,81,91,77,80,86,83,66,93,79,80,75,85,84,73,69,66,54,53,50,57,52,40,49,30,41,46,34,35,31,35,27,25,21,26,20,21,14,15,18,19,17,17,14,15,12,10,15,9,12,8,7,9,10,6,5,11,6,4,6,2,4,4,2,2,2,1,2,4,2,4,2,3,7,1,3,1,1,1,1,1,2,0,2,3,0,1,0,1,0,2,0,1,0,0,1,0,0,0,0,0,0,0,0,0,0,0,0,0,0,0,1,0,0,0,0,0,0,0,1,0,0,0,0,0,0,0,0,0,0,0,0,0,0,0,0,0,0,0,0,0,0,0,0,0,0,0,0,0
0,2,2,3,2,3,6,1,2,3,9,4,5,2,12,10,7,11,17,12,14,21,28,26,24,24,33,27,27,48,40,39,45,50,50,55,52,71,56,63,72,71,78,65,66,91,99,66,69,79,78,83,79,71,89,88,82,81,92,76,78,60,72,63,54,52,54,63,56,58,52,49,49,45,39,40,37,37,29,26,37,35,40,25,22,18,19,18,16,9,14,15,19,9,16,10,12,10,10,11,13,6,5,11,11,10,2,10,5,2,5,2,7,2,2,2,2,6,2,3,2,2,2,1,5,0,2,5,2,2,0,2,1,1,1,0,2,2,0,0,0,1,0,0,0,0,0,0,0,0,0,0,0,0,0,0,0,0,0,0,0,0,2,0,0,0,0,0,0,0,0,0,0,0,0,0,0,0,0,0,0,0,0,0,0,0,0,0,0,0,0,0,0,0,0,0,0,0,0,0
0,1,0,1,1,2,3,8,1,3,8,4,3,3,9,7,11,16,16,19,14,15,23,20,31,16,30,24,30,35,54,36,60,62,27,70,59,60,71,66,82,75,83,70,66,109,89,77,75,92,71,96,83,88,91,78,90,97,70,73,70,65,84,67,71,58,46,58,57,54,35,49,45,33,34,46,37,34,29,29,34,20,26,31,28,20,22,14,18,16,16,21,13,20,9,12,7,5,10,3,7,7,8,4,5,6,8,7,3,8,3,4,4,4,4,2,1,3,6,2,2,2,3,0,2,1,0,3,1,1,1,0,0,0,1,2,1,1,0,0,1,1,2,0,1,0,1,1,0,1,0,0,0,1,1,0,1,0,0,0,0,0,0,0,0,0,0,0,0,0,0,0,0,0,0,0,0,0,0,0,0,0,0,0,0,0,0,0,0,0,0,0,0,0,0,0,0,0,0,0
0,1,1,1,1,1,6,1,0,8,11,3,3,3,8,4,12,8,9,11,25,15,29,22,31,22,29,29,29,36,44,43,45,54,38,54,52,46,67,72,75,81,88,59,61,77,79,89,72,89,86,75,80,63,71,72,74,80,66,69,62,72,69,67,64,65,61,62,52,44,59,47,46,39,33,42,44,40,36,29,31,22,29,35,24,28,11,17,23,18,20,15,17,23,13,11,8,10,15,11,11,10,10,6,4,8,4,9,4,7,4,5,8,4,4,3,1,1,6,1,5,2,3,3,1,0,1,0,0,0,2,0,0,1,0,3,1,0,0,1,0,0,0,0,1,0,0,0,0,1,0,0,1,0,0,0,0,0,0,0,0,1,0,0,0,0,0,0,0,0,0,0,0,0,0,0,0,0,0,0,0,0,0,0,0,0,0,0,0,0,0,0,0,0,0,0,0,0,0,0
1,1,2,2,1,1,1,1,1,2,7,2,4,6,11,6,9,12,12,13,16,16,20,20,25,25,23,25,37,34,39,34,47,51,40,66,60,73,54,79,68,64,73,85,63,84,76,64,74,81,68,68,72,91,78,86,71,69,78,88,73,63,84,55,66,63,55,46,46,37,51,50,47,53,53,32,40,36,25,36,29,19,25,16,24,23,22,13,26,18,21,8,11,12,16,9,11,9,11,13,8,9,9,10,9,6,6,3,6,8,5,2,2,2,5,3,4,1,2,1,3,2,1,2,2,2,1,2,2,0,3,0,1,0,1,2,2,0,0,2,0,1,0,1,0,0,0,0,0,0,0,0,0,1,1,0,0,1,0,0,0,0,0,0,0,0,0,0,0,0,0,0,0,0,0,0,0,0,0,0,0,0,0,0,0,0,0,0,0,0,0,0,0,0,0,0,0,0,0,0
0,0,1,2,1,1,3,2,0,3,10,2,5,10,9,2,5,11,13,23,19,9,26,19,16,17,32,18,23,32,43,42,44,42,43,54,53,90,51,64,53,74,87,78,70,87,79,72,71,80,76,83,71,96,65,72,72,84,67,73,63,67,71,58,52,54,51,50,53,56,52,50,43,37,46,44,27,45,31,35,28,22,26,28,17,24,12,19,18,22,14,12,15,8,11,7,11,11,10,7,8,6,6,7,3,3,6,9,7,3,5,8,7,3,5,2,3,1,5,2,7,1,1,0,1,1,0,0,0,0,0,3,1,1,2,2,1,0,0,0,0,0,0,0,2,0,0,0,0,0,0,0,0,0,0,0,0,0,0,0,0,0,1,0,0,0,0,0,0,0,0,0,0,0,0,0,0,0,0,0,0,0,0,0,0,0,0,0,0,0,0,0,0,0,0,0,0,0,0,0
0,4,0,1,1,2,3,7,1,4,7,5,2,6,8,9,9,6,13,12,16,19,28,23,19,18,24,31,28,34,40,39,50,50,48,49,57,58,55,62,82,66,67,66,75,74,72,71,82,70,65,80,85,79,69,75,77,88,75,61,56,70,54,58,67,56,51,51,53,57,48,48,42,38,31,33,37,33,22,37,30,29,18,26,24,23,16,16,16,13,14,12,14,10,8,9,13,14,10,8,6,4,5,4,9,6,2,9,5,2,4,2,3,7,0,0,1,4,4,2,3,3,1,1,2,0,0,1,0,5,4,0,1,0,1,0,1,0,0,0,0,0,1,0,1,0,0,0,0,0,0,1,0,0,0,0,0,0,0,0,0,0,0,0,0,0,0,0,0,0,0,0,0,0,0,0,0,0,0,0,0,0,0,0,0,0,0,0,0,0,0,0,0,0,0,0,0,0,0,0
0,1,2,3,2,2,2,4,0,1,12,3,2,2,14,6,12,5,16,8,20,11,21,26,26,23,26,28,34,33,46,44,52,54,33,40,50,76,56,60,69,80,75,55,57,69,55,57,67,77,68,70,72,87,77,60,76,66,69,60,59,69,51,56,61,51,52,55,46,42,39,38,41,30,41,39,24,34,28,16,24,24,26,25,18,17,18,23,13,20,14,14,14,15,15,10,9,9,7,7,10,6,9,2,6,7,3,10,1,6,4,0,3,5,4,2,7,4,2,2,1,5,2,2,3,2,1,0,1,1,1,0,0,1,1,0,1,1,1,0,1,0,0,0,0,0,0,0,0,0,0,0,0,0,0,0,0,0,0,0,0,0,0,0,0,0,0,0,0,0,0,0,0,0,0,0,0,0,0,0,0,0,0,0,0,0,0,0,0,0,0,0,0,0,0,0,0,0,0,0
0,1,0,3,1,0,2,3,1,1,5,1,4,2,17,7,9,9,16,14,16,19,20,25,30,21,21,24,32,36,31,49,38,40,41,48,49,45,45,57,56,63,64,45,58,71,68,66,74,78,55,76,67,60,61,77,76,72,67,66,72,61,50,57,50,58,43,45,44,36,44,41,48,38,36,39,27,31,29,31,34,22,18,16,23,21,17,16,16,10,14,10,11,12,7,10,19,3,6,9,4,9,3,10,2,6,6,2,3,1,4,3,6,5,5,3,1,1,3,1,3,3,0,4,1,0,1,1,1,1,2,3,0,1,0,2,0,0,1,0,0,1,2,0,0,0,0,0,1,0,0,0,1,0,1,0,1,0,0,0,0,0,0,0,0,0,0,1,0,0,0,0,0,0,0,0,0,0,0,0,0,0,0,0,0,0,0,0,0,0,0,0,0,0,0,0,0,0,0,0
2,1,0,3,1,3,5,1,4,2,9,4,1,7,11,1,8,3,12,12,16,22,20,19,22,25,36,17,20,31,36,37,37,43,36,57,52,55,50,61,62,58,72,68,53,71,79,64,60,63,63,70,70,76,63,68,53,65,48,61,57,67,41,46,58,66,51,62,52,55,53,42,54,41,37,35,34,28,22,18,24,28,22,16,25,27,19,22,22,16,10,10,8,14,11,8,10,2,10,6,5,11,7,5,6,9,6,7,2,6,2,4,3,0,1,1,1,2,3,1,2,1,1,1,2,0,1,1,2,0,1,2,0,0,1,4,0,0,0,0,0,0,0,0,0,0,0,0,0,0,0,0,0,1,0,0,0,0,0,0,0,0,0,0,0,0,0,0,0,0,0,0,0,0,0,0,0,0,0,0,0,0,0,0,0,0,0,0,0,0,0,0,0,0,0,0,0,0,0,0
0,1,1,3,2,1,6,3,1,4,7,4,6,6,19,4,1,14,9,13,14,17,24,12,19,23,19,18,25,27,34,41,41,30,31,46,52,49,47,48,49,65,74,51,48,67,70,75,60,75,71,73,72,71,59,57,69,62,45,64,68,47,55,54,56,53,53,43,38,47,31,30,33,35,34,15,34,31,30,21,28,19,18,26,28,15,20,8,13,14,11,9,7,7,12,12,12,8,6,5,8,11,8,6,4,9,5,4,1,6,3,2,2,3,2,0,2,3,2,4,1,3,2,1,6,3,1,1,1,0,1,1,2,0,2,1,0,0,0,0,0,0,1,1,0,0,0,0,0,0,0,1,0,0,0,0,1,0,0,0,0,0,2,0,0,0,0,0,0,0,0,0,0,0,0,0,0,0,0,0,0,0,0,0,0,0,0,0,0,0,0,0,0,0,0,0,0,0,0,0
1,1,1,3,2,1,2,0,2,2,4,8,1,7,16,6,8,4,15,20,13,17,19,7,22,17,23,25,20,37,45,30,45,52,31,47,54,48,60,62,58,67,61,62,61,64,61,72,56,63,61,59,59,68,54,73,75,56,53,65,43,44,47,54,60,67,49,45,58,40,43,41,34,34,32,29,34,28,32,24,28,20,22,23,27,18,17,10,12,13,14,10,10,14,6,9,10,9,10,8,6,10,5,4,1,1,7,4,2,3,2,1,10,1,4,3,1,1,3,1,1,0,2,4,2,0,1,1,2,1,1,1,0,1,1,2,0,0,0,0,1,1,1,1,0,0,0,0,0,0,0,0,0,0,0,0,0,0,1,0,0,0,0,0,0,0,0,0,0,0,0,0,0,0,0,0,0,0,0,0,0,0,0,0,0,0,0,0,0,0,0,0,0,0,0,0,0,0,0,0
0,1,0,3,1,0,3,4,2,1,3,2,3,6,15,1,8,10,9,7,14,19,26,27,25,18,19,20,19,24,38,33,37,43,39,53,40,55,46,60,48,64,62,65,60,73,70,59,52,78,44,70,73,69,62,60,53,62,62,60,67,47,58,45,54,32,45,35,49,41,41,40,42,30,41,33,34,28,22,15,24,19,29,16,21,20,14,17,13,12,11,10,9,13,11,13,8,7,3,5,8,4,4,6,3,4,2,5,2,3,0,2,2,1,2,2,2,2,2,6,2,1,0,0,1,2,1,1,0,0,1,1,1,0,2,0,1,2,0,0,3,1,0,0,0,0,0,1,1,0,0,0,0,0,0,0,0,0,0,0,0,0,0,0,0,0,0,0,0,0,0,0,0,0,0,0,0,0,0,0,0,0,0,0,0,0,0,0,0,0,0,0,0,0,0,0,0,0,0,0
1,0,1,5,4,1,2,1,0,5,7,1,6,3,11,6,8,7,8,20,7,14,29,20,29,15,26,16,27,28,38,28,41,42,49,38,38,38,56,45,65,57,66,67,49,62,62,63,61,60,51,61,67,51,65,61,66,53,55,61,59,53,56,55,45,48,37,54,35,53,43,35,33,28,23,22,38,22,18,21,31,21,24,22,15,19,17,11,15,15,4,10,8,8,5,9,10,5,7,3,3,8,5,8,3,1,1,1,1,4,3,1,0,3,2,3,3,2,2,5,3,4,0,2,1,0,3,0,1,1,2,1,0,1,3,0,1,1,0,2,0,1,0,0,0,0,1,0,0,0,0,0,0,0,0,0,0,0,0,0,0,0,0,0,0,0,0,0,0,0,0,0,0,0,0,0,0,0,0,0,0,0,0,0,0,0,0,0,0,0,0,0,0,0,0,0,0,0,0,0
0,0,0,2,0,1,5,5,0,4,5,4,3,6,5,7,10,8,10,14,18,13,15,18,27,32,18,17,27,17,37,27,40,39,29,51,48,51,60,52,53,54,50,60,52,52,61,52,50,56,50,60,55,67,44,65,63,53,54,58,60,54,53,49,45,51,39,44,40,35,42,31,45,28,28,30,20,24,20,32,17,19,21,26,22,17,10,16,17,12,7,10,13,12,8,13,6,10,4,11,7,4,5,2,0,2,3,8,8,1,3,4,3,3,0,4,3,1,1,0,1,0,3,0,0,1,0,0,2,1,1,2,0,0,4,2,0,1,0,0,0,0,0,0,0,0,1,1,0,0,0,2,0,0,0,0,0,0,0,0,0,0,0,0,0,0,0,0,0,0,0,0,0,0,0,0,1,0,0,0,0,0,0,0,0,0,0,0,0,0,0,0,0,0,0,0,0,0,0,0
0,0,0,3,0,1,7,6,0,6,9,7,3,6,16,4,11,8,10,18,11,18,12,17,22,17,21,24,20,30,26,24,35,47,51,38,33,48,36,53,48,62,44,59,50,72,66,61,49,63,63,41,61,60,37,63,61,39,47,56,48,34,46,47,49,38,48,45,35,38,43,26,29,24,28,21,26,26,23,21,32,15,28,18,15,19,6,9,14,8,8,11,6,12,7,7,11,5,5,7,7,11,8,2,2,5,2,6,3,2,2,1,1,5,0,5,2,2,4,2,2,2,2,1,2,1,1,1,2,1,1,0,1,0,1,2,0,1,0,1,0,1,0,0,0,0,0,0,0,0,0,0,0,0,0,0,0,0,0,0,0,0,0,0,0,0,0,0,0,0,0,0,0,0,0,0,0,0,0,0,0,0,0,0,0,0,0,0,0,0,0,0,0,0,0,0,0,0,0,0
0,0,0,3,1,1,5,3,3,6,5,5,5,6,16,7,4,7,9,9,13,15,17,22,22,23,21,21,29,28,33,37,31,37,21,48,48,41,42,45,57,64,50,45,56,51,66,48,59,61,46,60,47,58,50,68,72,71,43,56,58,53,47,54,45,35,48,33,32,31,32,32,28,22,30,28,28,26,20,26,21,16,18,15,20,8,16,18,15,10,10,6,10,9,10,4,4,5,12,5,4,9,10,4,7,7,6,6,3,1,3,2,1,3,1,4,2,0,1,2,0,2,1,1,3,0,1,1,1,0,2,1,0,1,2,0,0,1,0,1,0,0,0,0,0,0,0,0,0,1,0,0,0,0,1,0,0,0,0,0,0,0,0,0,0,0,0,0,0,0,0,0,0,0,0,0,0,0,0,0,0,0,0,0,0,0,0,0,0,0,0,0,0,0,0,0,0,0,0,0
0,1,0,4,3,2,4,2,1,4,7,1,5,6,11,3,9,7,9,11,15,13,26,20,17,11,23,15,20,25,31,26,36,36,32,43,51,45,48,48,52,52,47,51,45,57,42,48,37,45,44,43,68,60,47,58,51,55,45,56,51,47,54,51,37,44,32,52,26,40,29,30,33,39,26,26,38,21,22,18,24,17,26,27,17,12,11,12,10,6,7,15,14,5,6,13,7,9,7,3,6,6,4,6,4,4,6,2,3,2,3,3,3,3,1,2,0,2,0,1,2,3,1,2,2,1,2,2,0,0,0,3,3,0,3,2,0,0,0,1,2,0,0,2,0,0,0,0,0,0,0,0,0,1,0,0,0,0,0,0,0,0,0,0,0,0,0,0,0,0,0,0,0,1,0,0,0,0,0,0,0,0,0,0,0,0,0,0,0,0,0,0,0,0,0,0,0,0,0,0
1,1,1,1,2,0,3,6,1,1,6,4,2,3,3,5,3,14,10,9,13,12,21,13,14,20,21,15,33,27,35,31,34,33,28,41,40,40,43,56,41,50,37,33,45,72,46,57,53,55,54,50,50,47,43,61,57,62,56,46,52,45,36,38,57,40,38,42,38,32,32,35,37,31,21,22,26,26,16,6,21,15,15,12,20,11,14,11,11,8,11,7,6,1,7,5,7,6,7,9,4,6,7,4,8,4,2,4,3,3,4,6,3,2,2,4,3,0,0,1,1,3,0,1,0,0,1,0,4,2,2,0,1,1,0,0,0,0,0,2,0,1,0,0,1,0,0,0,0,0,0,0,0,0,0,0,0,0,0,0,0,0,0,0,0,0,0,0,0,0,1,0,0,0,0,0,0,0,0,0,0,0,0,0,0,0,0,0,0,0,0,0,0,0,0,0,0,0,0,0
0,0,2,2,1,1,2,0,1,1,4,3,2,5,9,8,2,3,16,7,12,10,19,17,16,14,17,16,19,25,36,31,34,47,35,27,43,39,40,46,48,42,50,37,32,41,65,46,47,58,46,61,41,53,47,38,53,55,42,39,55,42,38,45,47,47,45,30,45,38,34,35,31,29,35,22,27,28,26,20,19,19,10,12,22,14,5,8,16,9,13,10,8,6,2,7,3,7,11,1,6,3,8,6,3,3,3,4,3,1,1,2,3,1,3,2,2,3,2,0,0,1,2,3,0,0,1,2,1,3,0,0,2,1,1,1,0,0,0,0,0,0,0,0,0,0,0,0,0,1,0,0,0,0,0,0,0,1,0,0,0,0,0,0,0,0,0,0,0,0,0,0,0,0,0,0,0,0,0,0,0,0,0,0,0,0,0,0,0,0,0,0,0,0,0,0,0,0,0,0
1,1,0,1,0,1,2,1,2,0,4,4,5,5,8,6,4,11,8,8,16,16,22,19,17,13,17,12,33,25,33,28,39,34,34,40,39,40,39,30,50,51,47,46,57,52,58,48,54,58,50,68,52,46,37,52,52,50,45,37,63,49,40,54,39,38,41,31,24,29,34,37,27,27,18,22,19,16,23,17,16,22,22,14,19,12,15,9,13,10,9,12,9,11,15,4,7,4,2,4,5,5,6,1,4,6,1,8,3,2,2,3,0,2,3,3,1,1,2,0,1,1,0,1,0,1,2,0,1,1,1,1,0,0,0,2,2,0,0,0,0,0,0,1,0,0,0,0,0,0,0,0,0,0,0,0,0,0,0,0,0,0,0,0,0,1,0,0,0,0,0,0,0,0,0,0,0,0,0,0,0,0,0,0,0,0,0,0,0,0,0,0,0,0,0,0,0,0,0,0
2,1,0,2,1,2,0,1,2,3,4,1,1,8,9,3,6,6,11,18,10,13,21,11,18,17,26,24,25,32,30,21,28,40,23,28,42,45,33,36,49,54,59,55,43,54,49,55,38,40,25,51,47,53,52,58,49,42,45,45,37,41,31,51,32,31,40,42,27,25,28,30,23,33,20,22,18,21,19,14,14,12,23,12,17,14,19,16,8,6,14,8,7,6,7,6,4,2,6,6,6,2,5,6,3,7,3,2,4,5,3,2,1,0,3,3,0,0,1,0,1,1,0,2,0,1,0,1,0,1,2,1,0,0,1,1,0,0,1,0,0,0,0,0,0,0,0,2,0,2,0,2,0,0,0,0,0,0,0,0,0,0,1,0,0,0,0,0,0,0,0,0,0,0,0,0,0,0,1,0,0,0,0,0,0,0,0,0,0,0,0,0,0,0,0,0,0,0,0,0
1,1,0,2,3,0,1,4,0,3,8,2,2,10,5,8,10,3,4,10,8,10,15,17,23,20,14,11,24,30,25,29,41,39,27,28,24,40,50,39,36,45,54,36,59,60,44,44,36,45,52,54,43,54,46,50,41,48,38,54,44,43,45,44,24,26,33,39,37,29,26,27,20,15,23,23,20,20,22,17,18,8,13,17,10,16,8,7,12,7,12,13,8,7,6,7,12,9,8,4,2,6,3,7,3,2,5,2,2,4,4,4,4,1,2,2,1,0,1,2,1,0,1,0,1,0,1,0,0,1,2,0,0,0,0,0,0,2,0,0,0,0,0,0,1,0,0,0,0,0,0,0,0,0,0,0,2,0,0,0,0,0,0,0,0,0,0,0,0,0,0,0,0,0,0,0,0,0,0,0,0,0,0,0,0,0,0,0,0,0,0,0,0,0,0,0,0,0,0,0
0,2,1,0,0,0,4,2,2,0,1,2,4,2,7,2,5,11,2,11,15,10,17,16,14,20,20,13,17,31,32,33,33,25,33,39,44,43,28,33,41,54,48,55,36,47,49,45,45,55,37,39,39,40,43,51,42,48,49,31,37,50,30,38,39,28,38,24,26,28,28,25,30,24,32,22,22,27,18,9,13,18,22,25,21,9,6,12,11,4,9,5,2,7,6,10,5,6,8,3,3,3,5,3,3,5,3,7,2,2,2,4,6,4,1,1,1,2,3,1,4,4,1,0,0,2,2,0,0,0,0,0,1,1,1,1,0,0,0,0,0,0,1,0,0,0,0,0,0,0,0,0,0,0,0,0,0,0,0,0,0,1,0,0,0,0,0,0,0,0,0,0,0,0,0,0,0,0,0,0,0,0,0,0,0,0,0,0,0,0,0,0,0,0,0,0,0,0,0,0
0,0,1,1,1,0,1,0,0,1,2,3,3,2,5,6,5,10,5,14,10,14,6,11,11,14,24,13,12,27,21,30,30,30,20,42,27,47,30,42,37,41,47,50,31,46,50,42,45,48,49,54,44,48,36,39,54,47,34,32,46,49,30,42,33,38,38,32,27,21,20,28,28,17,26,27,27,17,17,12,24,17,18,27,16,12,14,13,10,9,8,9,5,3,8,8,5,3,4,6,7,10,7,6,4,3,3,1,3,3,5,1,2,2,0,1,2,1,0,1,0,0,0,1,2,1,1,0,0,0,0,0,0,0,2,0,0,0,0,0,0,0,0,0,0,0,1,0,0,0,0,0,0,0,0,0,0,0,0,0,0,2,0,0,0,0,0,0,0,0,0,0,0,0,0,0,0,0,0,0,0,0,0,0,0,0,0,0,0,0,0,0,0,0,0,0,0,0,0,0
1,1,1,0,3,0,1,1,1,4,4,6,5,5,6,2,10,4,12,10,6,19,16,15,13,15,24,18,12,29,29,29,38,26,26,27,33,37,32,38,39,47,48,33,35,49,41,37,45,35,48,40,38,38,39,42,39,34,38,42,54,32,42,28,39,34,32,32,34,30,15,26,30,27,21,22,17,9,24,18,9,12,13,15,17,12,8,9,8,7,9,8,5,7,9,2,4,3,4,2,7,6,3,5,3,0,4,1,0,4,5,2,1,0,1,0,3,2,1,1,1,2,0,3,1,0,0,0,0,0,0,0,0,0,2,2,0,0,0,0,0,1,0,0,1,1,0,0,0,0,0,0,0,0,0,0,0,0,0,0,0,0,0,0,0,0,0,0,0,0,0,0,0,0,0,0,0,0,0,0,0,0,0,0,0,0,0,0,0,0,0,0,0,0,0,0,0,0,0,0
1,0,0,2,1,0,4,1,0,2,1,4,2,3,13,7,8,9,6,11,12,11,12,11,15,16,16,11,21,22,23,27,39,26,20,40,32,39,50,31,33,36,41,28,39,54,41,32,43,35,46,43,45,54,39,38,43,39,38,31,43,35,45,27,36,24,37,28,33,21,27,24,15,25,27,27,17,16,16,12,10,13,15,14,6,11,3,10,12,11,9,8,4,8,7,6,7,4,3,2,8,1,0,4,5,4,3,2,0,4,1,1,1,2,0,4,2,1,1,1,0,1,0,4,0,1,0,2,0,0,1,0,1,0,1,0,0,0,0,0,0,0,0,0,1,0,0,0,0,1,0,0,0,0,0,0,0,0,1,0,0,0,0,0,0,0,1,0,0,0,0,0,0,0,0,0,0,0,0,0,0,0,0,0,0,0,0,0,0,0,0,0,0,0,0,0,0,0,0,0
1,1,0,2,2,1,1,5,2,1,6,2,4,3,6,7,6,7,9,10,16,4,18,18,12,26,15,10,20,23,23,30,30,34,31,46,27,31,36,37,38,48,41,37,37,45,48,49,36,40,41,38,49,32,41,47,37,38,44,28,45,24,32,32,28,37,36,35,28,21,22,24,21,25,22,15,21,23,25,11,14,18,17,12,14,8,2,6,7,14,14,2,7,6,9,3,6,4,8,0,7,6,2,5,2,1,3,3,3,1,2,1,3,1,1,2,1,2,2,1,1,2,3,0,3,0,1,0,0,3,1,0,0,0,0,1,0,0,0,1,1,1,0,0,0,0,0,1,0,0,0,0,0,0,0,0,0,0,0,0,0,1,0,0,0,0,0,0,0,0,0,0,0,0,0,0,0,0,0,0,0,0,0,0,0,0,0,0,0,0,0,0,0,0,0,0,0,0,0,0
0,1,0,2,1,0,2,1,2,2,4,0,3,3,9,6,5,8,10,4,6,9,12,19,22,18,12,15,16,24,22,23,29,25,21,39,27,36,26,41,32,41,40,41,35,42,40,28,28,43,37,46,35,43,37,35,50,34,47,31,42,36,34,42,28,33,37,34,22,16,30,22,17,26,16,8,16,22,15,14,11,11,19,9,10,12,11,15,6,5,9,6,4,3,4,5,4,7,5,6,3,4,4,4,4,6,2,2,0,6,1,1,3,3,2,1,0,1,1,0,1,0,0,0,0,0,0,0,2,0,0,0,0,0,0,0,1,0,0,1,0,0,0,0,0,0,1,0,1,0,0,0,0,0,0,0,0,0,0,0,0,0,0,0,0,0,0,0,0,0,0,0,0,0,0,0,0,0,0,0,0,0,0,0,0,0,0,0,0,0,0,0,0,0,0,0,0,0,0,0
0,2,0,3,3,3,4,3,0,2,6,2,3,4,6,2,1,7,10,13,12,17,13,17,16,15,20,18,17,18,28,21,18,33,30,27,34,31,34,34,37,44,41,36,32,46,36,30,42,34,41,37,33,50,34,40,38,43,34,44,38,22,36,49,26,24,36,29,23,24,22,21,23,16,20,17,14,27,8,17,11,14,9,14,7,11,12,10,8,8,7,6,3,5,10,4,3,5,5,4,4,1,4,1,1,1,1,3,3,5,4,1,0,0,2,3,1,0,1,0,1,1,0,0,0,2,0,0,0,0,0,0,0,0,0,0,1,0,0,0,0,0,0,1,0,0,0,0,0,0,0,0,0,0,0,0,0,0,0,0,0,0,0,0,0,0,0,0,0,0,0,0,0,0,0,0,0,0,0,0,0,0,0,0,0,0,0,0,0,0,0,0,0,0,0,0,0,0,0,0
0,1,0,0,4,0,2,1,0,1,4,4,2,2,4,5,5,6,8,11,8,9,12,10,14,21,13,13,16,22,26,13,23,25,32,26,31,41,39,30,27,34,29,40,41,44,34,43,33,37,46,40,49,46,51,42,36,33,44,32,35,33,37,30,35,32,32,20,19,15,27,21,20,26,21,13,17,10,19,15,11,12,14,12,6,7,7,5,5,4,11,5,5,8,9,5,4,7,9,6,3,1,1,1,7,3,3,1,3,3,1,0,2,0,3,1,1,1,1,2,1,1,0,0,0,0,0,0,2,1,1,1,1,1,0,0,0,1,0,0,0,0,0,0,0,1,0,0,0,0,0,0,0,0,0,0,1,0,0,0,0,0,0,0,0,0,0,1,0,0,0,0,0,0,0,0,0,0,0,0,0,0,0,0,0,0,0,0,0,0,0,0,0,0,0,0,0,0,0,0
0,0,0,2,1,0,1,3,1,3,4,4,3,0,7,4,5,8,4,12,12,11,13,11,14,19,23,9,14,16,31,28,25,22,14,30,28,34,24,41,38,30,40,38,27,33,42,37,34,44,29,39,36,38,42,37,35,35,35,32,28,33,19,15,25,29,25,21,23,30,23,23,32,20,15,18,13,15,9,16,19,10,18,7,7,7,8,12,9,11,8,5,7,6,8,6,9,3,7,4,5,3,0,2,0,4,5,2,3,2,2,1,2,1,0,1,2,4,1,0,3,0,1,1,1,0,1,0,0,0,0,0,0,0,0,0,0,0,2,0,0,1,1,0,0,0,0,1,0,0,0,0,1,0,0,0,1,0,0,0,0,0,0,0,0,0,0,0,0,0,0,0,0,0,0,0,0,0,0,0,0,0,0,0,0,0,0,0,0,0,0,0,0,0,0,0,0,0,0,0
1,3,1,0,5,0,0,2,1,0,4,3,1,4,10,4,6,7,7,5,7,6,23,15,11,15,8,12,16,22,25,20,29,24,19,38,25,30,36,33,17,44,36,34,29,33,38,38,37,54,25,37,30,42,36,42,34,36,30,35,44,32,37,32,25,25,23,29,28,21,22,25,18,21,14,11,16,12,12,6,13,13,6,7,12,12,6,6,8,7,5,2,4,8,10,4,3,6,2,4,3,3,2,5,1,3,3,3,1,3,3,2,2,0,2,0,1,0,0,0,1,1,1,2,0,1,0,0,1,1,0,0,0,1,0,0,1,0,0,0,0,0,0,1,0,0,0,0,0,0,0,0,0,0,0,0,0,0,0,0,0,1,0,0,0,1,0,0,0,0,0,0,0,0,0,0,0,0,0,0,0,0,0,0,0,0,0,0,0,0,0,0,0,0,0,0,0,0,0,0
0,2,0,2,1,1,1,3,1,4,4,3,2,2,10,2,2,7,8,6,11,8,9,17,13,13,13,18,19,22,25,26,16,22,27,30,17,36,22,22,19,43,29,32,36,35,42,39,30,34,24,34,33,38,28,27,41,42,41,27,24,33,28,25,27,33,23,26,16,16,17,17,27,14,11,13,13,12,13,7,9,13,10,8,7,8,7,9,5,10,4,6,7,1,10,5,5,4,2,3,7,3,3,2,2,1,2,1,2,3,3,3,1,1,2,2,0,1,2,2,0,0,0,3,1,0,0,1,1,0,0,1,0,0,0,0,1,0,0,0,0,1,1,0,1,0,0,0,0,0,0,0,0,0,0,0,0,0,0,0,0,0,0,0,0,0,0,0,0,0,0,0,0,0,0,0,0,0,0,0,0,0,0,0,0,0,0,0,0,0,0,0,0,0,0,0,0,0,0,0
0,2,1,1,2,0,2,0,1,2,2,0,1,5,7,2,0,10,10,7,7,6,14,13,11,9,19,12,12,16,15,24,32,22,22,33,33,30,31,29,26,34,46,40,33,41,45,33,32,50,37,32,28,28,31,37,27,49,20,22,31,32,35,30,26,28,33,24,26,22,15,20,9,10,14,15,19,10,10,13,14,15,13,10,3,8,7,7,8,4,6,7,2,3,8,4,4,3,3,9,3,6,1,2,3,5,0,0,2,1,1,2,1,1,1,0,2,0,1,5,0,0,0,2,2,0,0,0,1,1,0,0,1,0,0,0,0,2,0,0,0,1,0,0,0,0,0,0,0,0,0,0,1,0,0,0,1,0,0,0,0,0,0,0,0,0,0,0,0,0,0,0,0,0,0,0,0,0,0,0,0,0,0,0,0,0,0,0,0,0,0,0,0,0,0,0,0,0,0,0
0,0,1,1,3,1,0,3,0,1,3,0,0,3,6,3,11,6,6,5,13,14,10,8,9,13,16,7,12,24,19,32,24,27,20,22,28,30,24,25,24,35,36,31,35,31,47,24,33,30,35,36,28,25,28,36,24,24,35,39,49,28,32,29,25,29,29,25,28,19,17,17,24,16,7,17,10,20,11,9,13,13,9,9,9,5,6,10,3,6,6,3,8,5,4,5,1,2,3,3,1,1,2,3,1,0,0,3,1,1,1,3,2,1,1,0,2,1,1,2,0,2,0,0,1,0,2,1,0,0,1,0,0,1,1,0,0,0,1,0,1,0,0,0,0,0,0,0,0,0,0,0,0,1,0,0,0,0,0,0,0,0,0,0,0,0,0,0,0,0,0,0,0,0,0,0,0,0,0,0,0,0,0,0,0,0,0,0,0,0,0,0,0,0,0,0,0,0,0,0
0,1,0,1,1,2,1,0,2,1,1,1,3,3,10,4,6,3,9,6,8,6,9,12,19,12,8,13,15,16,19,29,24,18,19,28,20,31,14,22,21,34,36,31,18,37,47,46,25,37,36,30,34,44,31,40,32,35,38,33,30,24,23,29,30,23,18,23,28,21,17,22,21,11,18,16,13,12,8,10,15,8,10,8,12,8,1,4,6,9,3,2,4,8,0,6,5,2,6,2,4,3,2,1,1,1,1,1,1,0,2,1,4,1,0,1,1,1,0,4,0,0,1,1,0,0,0,1,0,2,1,1,1,0,0,1,0,0,0,0,0,0,0,0,0,0,0,0,0,0,0,0,1,0,0,0,0,0,0,0,0,0,0,0,0,0,0,0,0,0,0,0,0,0,0,0,0,0,0,0,0,0,0,0,0,0,0,0,0,0,0,0,0,0,0,0,0,0,0,0
0,1,0,0,1,0,2,0,0,3,6,3,3,2,11,6,6,5,5,5,6,7,8,15,4,8,15,14,17,8,19,16,26,32,16,27,21,32,28,35,30,32,33,35,32,33,28,31,26,33,35,24,33,35,32,31,28,37,23,33,22,29,32,20,22,14,22,21,22,16,14,23,19,11,17,23,12,18,17,12,11,10,13,5,7,10,5,5,7,4,6,5,6,4,5,6,2,4,6,4,3,1,2,7,5,1,2,1,2,2,2,1,1,1,0,0,3,2,1,1,2,1,0,1,1,0,0,0,1,0,1,0,0,0,0,0,0,0,0,0,0,0,0,0,1,0,1,0,0,0,0,0,0,0,0,0,0,0,0,0,0,0,0,0,0,0,0,0,0,0,0,0,0,0,0,0,0,0,0,0,0,0,0,0,0,0,0,0,0,0,0,0,0,0,0,0,0,0,0,0
1,1,1,1,1,0,1,2,1,1,5,5,5,4,8,6,4,8,9,5,7,7,8,8,11,11,11,11,11,13,12,13,17,35,18,44,27,28,30,23,28,31,30,33,24,45,40,31,30,42,32,30,30,29,33,45,32,26,26,25,20,23,15,22,20,25,25,25,30,20,19,16,19,15,21,10,18,12,8,8,12,7,17,4,7,10,6,5,13,6,8,5,5,5,3,3,3,2,4,4,4,9,6,2,0,3,2,0,2,0,0,1,2,0,1,1,0,0,0,0,0,1,0,1,0,0,0,1,0,0,0,0,0,1,0,0,0,0,0,0,0,1,0,0,0,0,0,1,0,0,0,0,0,0,0,0,0,0,0,0,0,0,0,0,0,0,0,0,0,0,0,0,0,0,0,0,0,0,0,0,0,0,0,0,0,0,0,0,0,0,0,0,0,0,0,0,0,0,0,0
0,1,0,0,1,0,1,0,2,2,6,2,3,3,1,5,3,9,1,6,6,3,11,12,5,14,10,9,19,16,22,23,20,15,16,20,27,24,22,26,23,41,28,41,23,32,31,36,36,29,22,35,28,26,38,29,29,26,22,20,28,24,25,27,16,17,20,23,13,15,18,14,17,19,11,13,13,11,9,12,15,10,12,8,6,11,8,5,3,3,3,4,5,2,1,1,1,5,0,1,4,1,5,0,5,2,2,2,0,0,2,0,1,0,1,0,0,3,2,0,1,0,0,0,0,0,1,0,0,0,0,0,0,1,0,0,1,0,0,0,0,0,0,0,0,0,0,0,0,0,0,0,0,0,0,0,0,0,0,0,0,0,0,0,0,0,0,0,0,0,0,0,0,0,0,0,0,0,0,0,0,0,0,0,0,0,0,0,0,0,0,0,0,0,0,0,0,0,0,0
0,0,0,0,1,0,0,2,0,0,3,2,3,1,8,7,4,1,11,5,14,7,13,18,13,13,13,9,14,17,19,21,27,23,22,33,22,30,23,25,30,37,24,30,30,37,34,20,33,34,30,35,23,33,29,24,30,31,25,22,34,33,28,22,22,28,20,13,21,13,17,13,13,13,11,8,15,13,12,5,7,6,6,4,8,5,2,11,6,4,5,4,4,5,0,9,3,3,1,3,2,6,4,4,0,1,4,3,0,3,2,1,1,1,0,2,1,1,1,2,1,0,1,1,1,0,0,0,0,0,0,0,0,0,0,0,1,0,0,0,0,1,0,0,0,0,0,0,0,0,0,0,0,0,0,0,0,0,0,0,0,0,0,0,0,0,0,0,0,0,0,0,0,0,0,0,0,0,0,0,0,0,0,0,0,0,0,0,0,0,0,0,0,0,0,0,0,0,0,0
0,0,1,0,1,1,1,3,1,1,5,3,3,4,4,2,5,9,5,2,9,8,13,10,17,9,11,15,9,19,21,22,17,20,19,16,24,27,16,22,23,27,25,23,25,20,30,22,27,28,40,24,26,24,32,32,29,30,18,30,31,22,24,29,22,33,19,15,16,16,10,20,9,12,15,12,8,16,14,9,16,11,7,9,11,7,3,10,5,8,5,7,3,6,4,6,5,1,2,1,1,2,3,3,3,2,2,3,1,1,3,0,0,0,2,1,1,0,2,0,0,0,0,0,1,1,1,1,0,1,0,0,0,0,5,0,0,0,0,0,0,0,0,0,0,0,0,0,0,0,0,0,0,0,0,0,0,0,0,0,0,0,0,0,0,0,0,0,0,0,0,0,0,0,0,0,0,0,0,0,0,0,0,0,0,0,0,0,0,0,0,0,0,0,0,0,0,0,0,0
0,1,0,1,1,0,1,2,0,3,2,1,0,5,7,8,3,5,9,7,4,7,6,8,13,17,13,6,8,10,16,26,23,15,15,21,24,19,27,16,23,30,33,22,25,31,25,25,23,30,29,35,25,32,32,37,28,22,13,25,20,21,28,20,25,15,20,17,23,15,10,10,16,14,11,18,8,6,5,15,8,6,7,12,6,8,4,6,2,2,3,2,4,2,7,2,3,7,1,6,1,3,0,4,3,1,3,3,1,0,2,0,0,1,0,1,2,1,0,0,0,5,0,2,0,1,0,0,1,0,0,0,0,0,0,0,0,0,0,1,1,1,0,0,0,0,0,0,0,0,0,0,0,0,0,0,0,0,0,0,0,0,0,0,0,0,0,0,0,0,0,0,0,0,0,0,0,0,0,0,0,0,0,0,0,0,0,0,0,0,0,0,0,0,0,0,0,0,0,0
0,1,1,1,3,0,1,0,1,1,0,0,3,1,6,2,3,2,6,8,6,9,9,12,12,8,14,4,18,17,17,16,16,25,17,15,18,28,23,18,30,28,30,40,24,27,31,28,27,32,28,30,23,25,15,29,32,20,17,26,18,23,20,12,24,24,18,30,24,7,15,16,19,8,10,14,13,8,11,7,7,5,9,5,5,1,5,3,3,2,4,3,6,7,3,3,5,3,0,3,1,0,4,1,3,3,2,1,1,3,0,3,0,0,1,0,1,1,1,0,0,0,1,1,0,1,0,1,1,0,1,1,0,0,0,0,0,0,0,0,0,0,0,0,0,0,2,1,0,0,0,0,0,0,0,0,0,0,0,0,0,0,0,0,0,0,0,0,0,0,0,0,0,0,0,0,0,0,0,0,0,0,0,0,0,0,0,0,0,0,0,0,0,0,0,0,0,0,0,0
0,0,0,0,2,1,0,2,1,3,1,1,4,4,4,0,4,4,5,4,10,7,10,6,13,13,14,8,12,13,13,17,22,17,12,21,24,23,22,31,39,29,29,25,20,33,33,25,33,26,17,15,27,21,20,20,24,22,27,24,23,20,22,14,20,19,10,15,16,19,11,11,17,16,12,2,15,8,9,10,9,7,8,7,14,4,6,4,5,8,3,7,5,5,1,3,4,4,2,3,1,5,0,2,2,3,1,2,2,1,1,1,4,0,0,0,0,0,2,0,0,2,0,1,1,0,0,0,0,0,0,1,0,0,0,0,2,0,0,0,0,0,0,0,0,0,0,0,0,0,0,0,0,0,0,0,0,0,0,0,0,0,0,0,0,0,0,0,0,0,0,0,0,0,0,0,0,0,0,0,0,0,0,0,0,0,0,0,0,0,0,0,0,0,0,0,0,0,0,0
0,1,0,0,0,1,1,2,2,1,4,1,4,2,3,2,5,4,8,8,8,4,10,13,11,12,6,10,11,13,13,16,17,16,12,13,23,17,19,23,19,25,24,32,22,30,20,20,28,27,20,28,22,26,28,31,24,25,25,17,22,17,24,13,20,26,11,13,13,10,14,12,4,12,18,5,14,6,6,10,8,6,9,7,5,4,10,5,7,3,3,3,7,2,1,4,3,2,8,2,0,3,5,2,3,1,2,2,1,1,1,1,0,2,0,2,3,0,0,1,0,2,0,0,0,0,0,2,0,0,0,0,0,0,0,0,1,0,0,0,0,0,0,0,0,0,0,0,0,0,0,0,0,0,0,0,0,0,0,0,0,0,0,0,0,0,0,0,0,0,0,0,0,0,0,0,0,0,0,0,0,0,0,0,0,0,0,0,0,0,0,0,0,0,0,0,0,0,0,0
0,0,1,1,0,0,2,0,1,0,2,1,3,2,5,1,2,7,5,9,7,7,12,14,12,7,9,7,17,18,15,13,13,17,8,26,17,25,27,27,25,20,30,26,26,28,26,26,25,27,24,28,32,17,28,22,31,32,23,19,20,16,21,21,13,18,16,15,19,10,12,10,29,17,15,15,6,3,11,7,9,9,9,8,9,6,3,5,5,5,1,1,7,7,3,1,0,4,5,1,0,3,1,4,2,0,0,1,0,2,0,0,0,0,1,0,1,0,1,1,0,0,0,0,0,1,1,0,0,0,0,0,0,0,0,1,1,0,0,2,0,0,0,0,0,0,0,0,0,0,0,0,0,1,0,0,0,0,0,0,0,0,0,0,0,0,0,0,0,0,0,0,0,0,0,0,0,0,0,0,0,0,0,0,0,0,0,0,0,0,0,0,0,0,0,0,0,0,0,0
0,1,0,1,0,1,1,0,0,1,4,3,1,4,4,3,4,6,9,6,8,7,14,13,10,8,8,8,18,10,12,16,18,18,11,17,31,16,9,13,21,25,15,28,20,24,19,22,25,36,23,39,22,22,32,19,23,29,28,20,23,27,13,22,18,17,24,24,18,20,5,10,12,7,9,7,17,13,10,7,4,5,7,5,5,8,7,6,5,1,8,4,5,6,3,2,3,2,6,6,2,1,2,4,3,0,5,1,1,0,2,1,0,1,3,0,0,0,0,0,0,2,0,0,1,1,0,0,0,0,0,0,1,0,0,0,0,0,0,0,0,0,1,0,0,0,0,0,0,0,0,0,0,0,0,0,0,0,0,0,0,0,0,0,0,0,0,0,0,0,0,0,0,0,0,0,0,0,0,0,0,0,0,0,0,0,0,0,0,0,0,0,0,0,0,0,0,0,0,0
0,1,1,0,0,0,1,3,1,2,5,1,1,2,4,5,3,5,8,3,4,7,12,11,9,10,13,9,13,11,17,19,16,14,15,20,29,17,26,21,23,30,28,33,21,37,18,28,20,31,22,27,32,26,22,20,26,18,23,17,25,18,13,22,15,16,13,17,18,14,15,6,10,8,8,9,8,10,12,10,3,9,6,12,1,7,5,1,4,4,4,2,3,2,2,4,4,3,4,0,0,1,3,3,2,0,2,3,2,1,0,2,2,2,0,1,0,0,1,1,1,0,3,0,0,1,0,1,0,1,2,0,0,0,0,1,0,0,0,0,0,0,1,0,0,0,0,0,0,1,0,0,0,0,0,0,0,0,0,0,0,0,0,0,0,0,0,0,0,0,0,0,0,0,0,0,0,0,0,0,0,0,0,0,0,0,0,0,0,0,0,0,0,0,0,0,0,0,0,0
0,0,0,2,1,2,2,1,1,1,3,1,1,1,3,5,1,2,5,5,9,8,10,10,12,12,11,10,15,15,15,26,24,16,20,15,6,24,21,15,22,29,17,19,21,16,22,13,20,26,18,29,22,26,22,29,21,17,20,23,14,21,29,15,18,25,7,14,13,14,10,10,14,12,11,6,12,13,7,8,14,6,4,8,7,4,8,6,9,6,2,5,0,3,2,4,4,3,3,1,4,4,0,3,1,1,1,1,0,1,0,0,3,1,1,0,0,0,2,0,0,1,0,0,0,0,1,0,0,0,0,0,0,0,1,0,0,0,0,0,0,0,0,0,0,0,0,0,0,0,0,0,0,0,0,0,0,0,0,0,0,0,0,0,0,0,0,0,0,0,0,0,0,0,0,0,0,0,0,0,0,0,0,0,0,0,0,0,0,0,0,0,0,0,0,0,0,0,0,0
0,1,0,1,0,1,2,2,0,1,1,0,1,2,6,4,1,7,14,8,10,7,6,10,4,8,19,9,16,17,19,17,17,19,20,20,15,14,25,16,18,24,29,18,15,16,22,25,24,30,25,21,21,22,22,22,23,27,20,23,19,16,17,22,16,15,11,20,12,14,16,17,10,13,10,8,10,14,5,7,9,7,9,11,5,5,5,0,3,6,0,5,3,4,1,2,4,2,2,1,1,6,0,1,0,2,0,2,2,1,0,0,0,1,1,1,2,0,0,0,0,0,0,1,0,0,0,0,0,0,1,0,0,0,0,0,0,0,0,0,1,0,0,0,0,0,0,0,0,0,0,0,0,0,0,0,0,0,0,0,0,0,0,0,0,0,0,0,0,0,1,0,0,0,0,0,0,0,0,0,0,0,0,0,0,0,0,0,0,0,0,0,0,0,0,0,0,0,0,0
0,1,1,0,0,0,0,1,0,1,7,1,2,0,3,3,6,3,4,8,8,6,6,9,6,9,14,6,5,8,17,11,12,11,7,22,20,17,18,30,25,19,22,19,14,23,20,30,21,26,16,20,20,23,25,27,24,20,17,11,17,27,19,14,17,13,13,22,8,15,11,9,20,16,12,12,11,6,7,9,9,4,8,7,6,4,5,7,7,1,2,3,2,5,3,6,1,0,1,3,0,2,2,0,2,0,1,0,1,2,1,1,1,0,1,0,0,0,0,1,0,1,1,3,0,1,0,2,0,0,0,0,0,0,1,0,0,1,0,1,0,0,0,0,0,0,0,0,0,1,0,0,0,0,0,0,0,0,0,0,0,0,0,0,0,0,0,0,0,0,0,0,0,0,0,0,0,0,0,0,0,0,0,0,0,0,0,0,0,0,0,0,0,0,0,0,0,0,0,0
0,1,0,2,1,1,0,2,0,0,3,1,1,1,6,1,1,5,1,9,6,8,7,4,5,10,7,8,12,11,13,12,13,20,14,18,11,13,11,18,21,18,23,22,27,27,24,22,24,20,25,23,19,22,21,19,23,24,16,17,16,15,15,23,19,24,11,23,22,14,14,14,7,13,13,10,10,8,4,8,6,9,6,14,9,8,6,3,5,5,2,3,1,4,4,2,3,1,0,1,1,1,2,1,0,1,2,2,1,0,1,1,1,1,0,0,1,2,0,1,0,1,0,0,1,0,0,0,0,0,1,0,1,0,0,1,0,1,0,1,0,0,0,0,0,0,0,0,0,0,0,0,0,0,0,0,0,0,0,0,0,0,0,0,0,0,0,0,0,0,0,0,0,0,0,0,0,0,0,0,0,0,0,0,0,0,0,0,0,0,0,0,0,0,0,0,0,0,0,0
0,1,1,1,1,0,0,0,1,3,2,0,1,2,3,0,3,2,1,6,4,4,10,5,7,5,7,10,6,8,14,11,16,18,12,21,15,18,16,23,17,22,20,29,25,17,23,16,18,28,15,24,22,22,18,23,31,16,18,17,23,16,18,17,8,13,13,24,15,14,11,14,11,5,11,10,8,6,5,5,8,4,7,1,5,1,6,5,3,3,2,4,2,1,2,3,4,0,1,2,2,0,1,2,3,0,1,2,4,1,0,3,0,1,0,1,0,2,0,0,1,0,0,0,0,0,0,1,1,0,0,1,0,0,0,0,0,0,0,0,0,0,1,0,0,0,0,0,0,0,0,0,0,0,0,0,0,0,0,0,0,0,0,0,0,0,0,0,0,0,0,0,0,0,0,0,0,0,0,0,0,0,0,0,0,0,0,0,0,0,0,0,0,0,0,0,0,0,0,0
0,1,0,1,0,0,1,0,0,0,2,1,2,5,4,1,2,5,4,4,2,4,7,7,8,7,3,9,9,10,10,15,17,21,13,12,24,18,16,14,17,20,19,21,20,21,23,29,18,22,11,20,22,27,26,17,12,13,21,13,17,16,19,11,14,14,13,22,16,10,12,10,15,7,17,7,10,12,9,8,5,6,6,6,6,4,5,3,3,3,1,3,4,4,3,2,3,0,3,3,2,3,0,1,2,0,1,1,0,2,0,0,1,1,0,0,0,3,1,2,0,0,0,0,1,0,0,0,0,0,1,0,0,1,1,0,0,0,0,0,0,0,0,1,0,0,0,0,0,0,0,0,0,1,0,0,0,0,0,0,0,0,0,0,0,0,0,0,0,0,0,0,0,0,0,0,0,0,0,0,0,0,0,0,0,0,0,0,0,0,0,0,0,0,0,0,0,0,0,0
0,0,0,0,0,0,3,0,0,1,2,1,1,1,4,2,9,4,2,4,5,7,13,10,8,6,10,7,9,8,18,13,14,8,18,16,15,14,18,23,16,20,17,23,17,26,28,16,23,26,26,14,11,14,16,13,20,22,22,17,15,20,16,20,15,16,12,14,9,12,15,8,9,8,12,5,5,6,10,2,6,8,2,4,9,8,3,4,0,1,0,5,1,3,0,1,3,1,2,2,1,0,0,5,1,0,2,2,2,0,2,0,0,0,0,0,0,1,0,0,0,1,0,1,0,0,0,0,0,0,1,0,0,0,0,0,0,0,0,0,0,0,0,0,0,0,0,0,0,0,0,0,0,0,0,0,0,0,0,0,0,0,0,0,0,0,0,0,0,0,0,0,0,0,0,0,0,0,0,0,0,0,0,0,0,0,0,0,0,0,0,0,0,0,0,0,0,0,0,0
1,0,1,1,1,2,1,0,0,2,1,1,2,2,2,2,5,5,5,5,4,3,8,5,7,7,6,6,17,7,12,10,11,12,17,16,11,21,12,23,21,24,21,28,24,21,26,18,14,28,11,25,19,21,21,24,20,13,14,19,15,15,20,17,13,13,11,21,10,12,8,13,6,5,4,11,12,3,5,9,4,6,6,3,4,7,2,1,6,3,4,2,5,3,0,0,2,1,1,0,2,1,1,0,1,0,1,0,1,1,1,1,0,1,0,2,1,0,1,0,1,0,0,1,0,0,1,0,0,0,1,0,0,0,0,1,0,1,0,0,0,0,0,0,0,0,0,0,0,0,0,0,1,0,0,0,0,0,0,0,0,1,0,0,0,0,0,0,0,0,0,0,0,0,0,0,0,0,0,0,0,0,0,0,0,0,0,0,0,0,0,0,0,0,0,0,0,0,0,0
0,1,0,1,1,0,1,0,1,1,2,0,1,3,2,1,1,1,3,3,5,6,8,4,6,4,8,7,7,12,8,8,17,13,6,18,17,13,19,27,16,16,25,16,13,23,28,16,16,26,22,17,24,18,18,13,14,19,17,15,17,9,13,11,15,15,11,9,14,18,9,13,11,15,10,7,11,5,4,5,8,12,7,3,9,1,5,9,5,2,4,2,4,2,3,1,3,2,1,2,3,3,0,0,1,2,0,0,3,0,2,0,1,0,0,0,0,1,0,2,0,1,0,0,2,0,1,0,0,1,0,1,0,0,0,0,0,0,0,0,0,0,0,0,0,0,0,0,0,0,0,0,0,0,0,1,0,0,0,0,0,0,0,0,0,0,0,0,0,0,0,0,0,0,0,0,0,0,0,0,0,0,0,0,0,0,0,0,0,0,0,0,0,0,0,0,0,0,0,0
0,1,0,1,0,0,1,1,2,1,3,1,1,4,2,1,4,1,4,3,5,8,6,6,8,3,9,9,8,9,10,18,15,21,10,15,17,20,13,19,18,17,30,23,18,26,26,19,14,21,17,15,18,15,18,11,20,12,18,14,15,13,15,14,7,13,11,12,10,9,4,11,12,14,9,10,7,11,7,6,8,7,5,4,6,2,2,7,4,3,2,4,1,1,7,2,4,1,2,2,2,1,1,2,2,2,0,1,1,0,2,0,1,0,0,1,0,1,0,1,0,0,0,0,0,0,0,0,0,0,0,0,0,0,0,1,1,0,0,0,0,1,0,0,0,0,0,0,0,0,0,0,0,0,0,0,1,0,0,0,0,0,0,0,0,0,0,0,0,0,0,0,0,0,0,0,0,0,0,0,0,0,0,0,0,0,0,0,0,0,0,0,0,0,0,0,0,0,0,0
1,0,0,2,2,0,0,1,1,0,3,0,3,1,4,4,3,5,4,5,13,5,9,7,1,11,11,9,8,8,6,8,16,14,18,9,12,12,15,18,11,15,23,23,16,26,22,20,12,16,26,13,20,19,12,15,11,13,16,11,21,15,17,14,6,9,9,19,6,12,15,11,10,5,8,8,11,12,6,6,6,6,3,2,6,4,1,6,2,0,4,5,3,0,1,4,1,4,4,2,0,1,2,0,1,0,0,1,1,1,1,0,1,0,1,0,0,1,2,0,1,0,1,0,0,0,0,0,0,1,0,0,0,0,0,0,0,0,0,0,0,0,0,0,0,0,0,0,0,0,0,0,0,0,0,0,0,0,0,0,0,0,0,0,0,0,0,0,0,0,0,0,0,0,0,0,0,0,0,0,0,0,0,0,0,0,0,0,0,0,0,0,0,0,0,0,0,0,0,0
0,0,0,0,0,0,2,2,1,0,1,1,1,1,2,3,0,2,6,0,5,3,10,5,6,7,8,3,4,11,12,6,14,13,9,15,8,15,12,23,17,18,19,16,18,20,18,21,19,12,17,12,16,23,12,15,19,20,15,12,9,10,14,16,15,8,10,13,11,10,14,9,9,12,6,10,8,5,11,5,8,7,9,5,4,3,4,5,4,1,4,1,2,4,0,5,2,2,5,4,3,2,0,2,0,0,0,0,1,0,0,1,0,0,0,0,0,0,0,0,1,0,0,0,0,0,0,1,0,1,2,0,0,0,0,1,1,0,0,0,0,0,0,1,0,0,0,0,0,0,0,0,0,0,0,0,0,0,0,0,0,0,0,0,0,0,0,0,0,0,0,0,0,0,0,0,0,0,0,0,0,0,0,0,0,0,0,0,0,0,0,0,0,0,0,0,0,0,0,0
0,1,0,1,0,0,0,1,0,0,1,0,0,4,4,1,2,1,5,1,11,3,4,6,5,4,15,2,15,5,9,7,8,15,13,13,15,15,14,14,7,24,15,21,11,14,21,12,11,24,11,19,18,18,17,9,12,14,15,14,14,15,18,8,14,10,5,11,12,11,7,15,9,10,9,4,14,11,1,6,5,5,6,6,3,3,5,7,1,4,1,5,0,2,2,2,1,1,0,0,2,0,1,0,0,1,2,0,3,2,0,2,1,0,1,0,0,0,0,0,0,0,0,0,1,0,0,0,0,0,0,0,0,0,0,1,0,0,0,0,0,1,0,0,0,0,0,0,0,0,0,0,0,0,0,0,0,0,0,0,0,0,0,0,0,0,0,0,0,0,0,0,0,0,0,0,0,0,0,0,0,0,0,0,0,0,0,0,0,0,0,0,0,0,0,0,0,0,0,0
1,0,1,0,1,0,1,0,0,0,3,1,3,0,2,1,2,2,6,3,5,7,6,4,9,5,6,5,8,9,14,14,9,12,11,12,6,14,10,15,12,17,20,24,13,15,16,19,23,19,16,17,18,20,10,9,17,17,11,9,8,15,18,14,11,14,13,16,8,6,12,10,10,4,15,12,6,6,10,4,6,4,5,3,8,5,2,5,1,4,0,3,1,1,2,4,2,1,1,1,0,3,3,3,1,1,2,0,0,1,0,1,0,0,0,0,1,0,0,0,0,0,1,0,0,0,0,0,1,1,0,1,0,0,1,0,0,0,0,0,0,0,0,0,0,0,0,0,0,0,1,0,0,0,0,0,0,0,0,0,0,0,0,0,0,0,0,0,0,0,0,0,0,0,0,0,0,0,0,0,0,0,0,0,0,0,0,0,0,0,0,0,0,0,0,0,0,0,0,0
0,0,1,1,2,0,2,1,2,0,2,1,2,2,4,1,5,2,7,4,4,4,3,5,8,2,5,8,12,12,8,16,12,11,14,8,10,18,14,12,14,19,16,9,12,15,27,11,13,18,13,13,16,22,17,16,13,10,17,11,14,11,11,13,12,9,13,9,9,6,6,7,6,8,4,4,8,4,3,6,5,2,7,4,1,3,2,6,5,3,3,2,1,2,0,2,4,2,2,0,1,3,0,1,0,1,2,2,1,0,1,0,0,0,1,1,1,0,0,0,1,1,0,0,1,0,0,1,0,0,0,0,0,0,0,0,1,1,0,0,1,0,0,0,0,0,0,0,0,0,0,0,0,0,0,0,0,0,0,0,0,0,0,0,0,0,0,0,0,0,0,0,0,0,0,0,0,0,0,0,0,0,0,0,0,0,0,0,0,0,0,0,0,0,0,0,0,0,0,0
0,0,0,0,1,1,1,2,0,1,3,2,2,0,3,1,4,2,2,3,6,3,7,9,7,9,7,7,4,7,10,10,10,14,13,14,15,16,13,15,24,22,16,17,16,23,18,10,25,14,19,10,18,17,8,13,13,13,7,15,18,13,12,11,8,10,11,13,13,5,11,7,5,12,9,8,8,2,8,5,1,4,7,2,4,5,1,3,3,4,3,2,2,0,4,2,0,2,1,0,3,0,0,1,0,1,1,0,2,0,0,0,2,0,0,1,0,1,0,0,2,0,0,0,1,0,0,0,0,0,0,0,0,0,0,0,0,0,1,0,0,0,0,0,0,0,0,0,0,0,0,0,0,0,0,0,0,0,0,0,0,0,0,0,0,0,0,0,0,0,0,0,0,0,0,0,0,0,0,0,0,0,0,0,0,0,0,0,0,0,0,0,0,0,0,0,0,0,0,0
0,0,0,0,0,0,0,1,0,2,1,2,0,3,2,3,1,2,4,3,6,3,4,12,5,3,9,10,7,6,11,5,15,12,7,14,12,15,13,16,15,19,14,16,16,12,16,23,12,13,19,18,19,14,17,12,17,12,11,7,15,9,12,8,13,13,14,6,10,8,7,2,9,5,13,8,4,5,6,10,1,4,5,0,2,0,4,6,3,2,1,2,2,1,0,1,1,1,1,0,1,2,4,2,0,2,1,1,1,0,0,0,2,0,0,1,2,0,0,1,0,0,0,0,0,0,0,0,0,0,0,1,0,0,0,0,0,0,0,0,0,0,0,0,0,0,0,0,0,0,0,0,0,0,0,0,0,0,0,1,0,0,0,0,1,0,0,0,0,0,0,0,0,0,0,0,0,0,0,0,0,0,0,0,0,0,0,0,0,0,0,0,0,0,0,0,0,0,0,0
0,1,0,2,0,0,0,1,0,0,2,1,4,1,3,1,0,0,4,9,5,4,7,4,8,10,7,4,8,7,14,8,9,11,9,11,12,9,11,8,16,17,12,11,13,14,16,16,18,18,25,14,17,17,12,18,15,15,12,8,15,11,10,8,12,11,13,16,10,7,10,6,6,6,3,4,11,4,9,4,4,4,2,4,6,5,1,6,4,4,1,2,1,4,0,1,2,1,1,1,2,0,1,2,3,2,1,0,2,1,0,0,1,0,0,0,1,1,1,0,1,0,1,0,0,0,0,0,0,1,0,0,0,1,0,0,0,0,0,0,0,0,0,0,0,0,0,0,0,0,0,0,0,0,0,0,0,0,0,0,0,0,0,0,0,0,0,0,0,0,0,0,0,0,0,0,0,0,0,0,0,0,0,0,0,0,0,0,0,0,0,0,0,0,0,0,0,0,0,0
0,0,0,0,0,0,0,1,0,1,2,2,1,2,3,2,2,2,4,3,4,0,6,0,5,7,9,1,9,8,10,5,12,13,8,6,11,11,15,12,14,16,15,12,14,15,14,12,17,11,14,17,16,19,21,10,10,14,12,15,9,13,10,13,15,11,12,6,7,6,12,8,9,4,6,5,6,7,10,4,2,2,0,4,3,2,3,2,1,1,3,1,4,4,2,1,1,0,1,0,2,2,3,1,1,1,1,1,1,1,1,0,2,2,1,0,0,0,0,0,1,0,0,0,0,1,0,0,0,0,0,0,0,0,0,0,0,0,1,0,0,0,0,0,0,0,0,0,0,0,0,0,0,0,0,0,0,0,0,0,0,0,0,0,0,0,0,0,0,0,0,0,0,0,0,0,0,0,0,0,0,0,0,0,0,0,0,0,0,0,0,0,0,0,0,0,0,0,0,0
0,2,1,0,1,1,0,2,0,2,1,0,0,1,6,1,2,0,4,2,4,6,6,8,4,3,6,9,4,6,10,9,14,9,15,13,9,14,14,16,17,14,9,13,13,17,14,11,14,23,7,18,16,11,7,7,13,13,11,13,11,9,10,10,7,12,7,8,10,8,7,7,4,7,5,5,3,0,4,6,6,5,3,2,5,4,5,2,4,2,2,1,1,2,0,1,0,0,4,1,0,2,0,1,0,1,0,0,0,2,1,0,0,0,0,0,0,0,0,0,1,0,0,1,0,0,0,0,0,0,0,0,0,0,0,0,0,1,0,0,0,0,0,0,0,0,0,0,0,0,0,0,0,0,0,0,0,0,0,0,0,0,0,0,0,0,0,0,0,0,0,0,0,0,0,0,0,0,0,0,0,0,0,0,0,0,0,0,0,0,0,0,0,0,0,0,0,0,0,0
0,2,0,0,0,0,1,0,0,1,2,1,1,1,4,1,2,2,5,4,4,3,1,8,5,4,6,6,12,9,11,6,13,17,6,12,9,9,12,17,13,13,13,11,12,15,21,19,22,16,12,8,11,11,13,15,11,6,13,10,10,14,9,4,9,3,13,10,5,7,4,4,5,7,2,0,11,5,6,2,1,3,3,0,4,4,3,4,2,1,3,3,3,3,2,2,1,3,1,0,0,2,1,2,2,0,0,4,0,1,1,0,0,1,0,1,2,0,1,0,0,1,0,0,0,0,0,0,0,0,0,0,0,0,0,0,0,0,0,0,0,0,1,0,0,0,0,0,0,0,0,0,0,0,0,0,0,0,0,0,0,0,0,0,0,0,0,0,0,0,0,0,0,0,0,0,0,0,0,0,0,0,0,0,0,0,0,0,0,0,0,0,0,0,0,0,0,0,0,0
0,0,0,0,0,0,1,1,1,0,4,0,1,2,5,2,2,1,5,4,3,4,4,9,4,5,8,7,4,9,9,8,17,11,9,17,5,6,7,10,19,14,10,15,16,11,20,10,12,9,16,13,14,10,19,14,10,8,13,9,10,13,9,8,14,4,8,5,7,5,3,6,6,5,7,6,5,4,3,6,10,4,5,3,4,5,4,4,0,1,0,2,1,0,1,5,2,2,0,0,3,0,0,0,0,0,0,0,0,1,0,0,2,0,0,0,0,0,2,0,1,0,0,0,0,0,0,0,0,0,0,0,1,0,0,0,0,0,0,0,0,0,0,0,0,0,0,0,0,0,0,0,0,0,0,0,0,0,0,0,0,0,0,0,0,0,0,0,0,0,0,0,0,0,0,0,0,0,0,0,0,0,0,0,0,0,0,0,0,0,0,0,0,0,0,0,0,0,0,0
0,1,0,1,0,0,0,3,0,1,1,1,1,1,0,2,5,3,3,4,2,7,4,7,5,2,11,4,5,13,11,5,10,8,4,9,7,13,16,10,15,12,11,12,16,19,9,13,13,13,12,10,11,11,4,14,18,18,9,12,8,17,9,14,10,8,9,5,8,7,8,6,8,5,4,7,2,4,6,3,6,3,2,1,7,0,1,0,2,1,1,1,5,1,2,1,1,1,1,0,1,1,2,1,0,0,2,1,0,0,1,0,0,0,1,0,1,0,0,0,0,0,0,0,1,0,1,1,0,1,0,0,0,0,0,0,0,0,0,0,0,0,0,0,0,0,0,0,0,0,0,0,0,0,0,0,0,0,0,0,0,0,0,0,0,0,0,0,0,0,0,0,0,0,0,0,0,0,0,0,0,0,0,0,0,0,0,0,0,0,0,0,0,0,0,0,0,0,0,0
0,1,0,1,1,0,0,0,1,0,2,2,1,1,1,0,2,5,3,0,4,1,0,4,8,2,8,4,3,7,5,11,8,7,9,9,10,8,14,9,15,8,11,13,12,12,20,12,8,13,7,12,18,7,17,17,9,15,13,13,11,2,17,13,12,7,9,15,7,9,4,8,6,7,4,2,5,9,9,5,3,1,4,9,2,3,0,1,3,1,1,1,4,1,3,1,0,0,0,2,1,1,1,3,0,2,0,0,0,1,2,0,0,0,1,1,0,0,0,0,1,0,0,0,1,0,0,0,0,0,0,0,0,0,1,0,0,0,0,0,0,0,0,0,0,0,0,0,0,0,0,1,0,0,0,0,0,0,0,0,0,0,0,0,0,0,0,0,0,0,0,0,0,0,0,0,0,0,0,0,0,0,0,0,0,0,0,0,0,0,0,0,0,0,0,0,0,0,0,0
0,0,0,0,1,1,0,1,0,1,2,1,0,2,2,0,1,0,3,4,8,3,3,3,3,2,5,2,6,10,11,10,8,11,10,12,10,15,7,12,17,12,16,8,5,13,17,14,19,16,9,8,14,17,13,13,11,12,8,7,13,6,13,14,13,5,14,5,2,9,7,6,4,2,7,2,5,6,4,1,3,4,6,6,5,6,3,1,1,3,5,1,2,1,1,2,1,0,2,1,1,1,0,0,0,3,0,0,1,1,1,0,1,1,0,1,1,0,0,0,0,0,0,0,0,0,0,0,0,0,1,0,0,0,0,0,1,0,0,0,0,0,0,0,0,0,0,0,0,0,0,0,0,0,0,0,0,0,0,0,0,0,0,0,0,0,0,0,0,0,0,0,0,0,0,0,0,0,0,0,0,0,0,0,0,0,0,0,0,0,0,0,0,0,0,0,0,0,0,0
0,0,0,1,1,0,0,1,0,0,3,0,0,1,0,1,3,4,4,2,3,4,5,5,4,2,4,7,3,7,7,6,6,8,8,9,10,7,12,12,15,6,12,11,13,11,14,15,9,14,11,18,8,12,12,15,10,7,7,10,15,7,7,8,13,5,8,6,7,5,10,6,7,5,5,3,6,1,7,7,4,4,3,2,1,2,0,2,2,0,1,1,1,0,1,0,1,2,0,0,4,0,0,0,2,1,0,1,0,1,2,0,1,0,0,0,0,0,1,0,0,0,0,0,1,0,0,0,0,0,0,0,0,0,0,0,0,0,0,0,0,0,0,0,0,0,0,0,0,0,0,0,0,0,0,0,0,0,0,0,0,0,0,0,0,0,0,0,0,0,0,0,0,0,0,0,0,0,0,0,0,0,0,0,0,0,0,0,0,0,0,0,0,0,0,0,0,0,0,0
1,0,1,0,0,0,0,0,1,1,2,0,3,1,2,0,5,1,3,2,0,8,4,4,4,4,2,4,3,7,7,7,11,9,8,12,10,6,10,13,5,13,11,9,9,16,17,10,10,16,8,9,9,15,15,14,4,10,7,8,11,8,8,11,10,3,3,9,5,2,5,5,4,1,5,5,3,3,1,4,1,2,3,1,3,1,2,2,3,1,1,3,1,1,1,0,1,1,1,2,0,0,3,0,3,1,0,0,0,1,2,1,0,0,0,1,0,0,0,0,0,0,0,0,0,0,0,0,0,0,0,0,0,1,2,0,0,1,0,0,0,0,0,0,0,0,0,0,0,0,0,0,0,0,0,0,0,0,0,0,0,0,0,0,0,0,0,0,0,0,0,0,0,0,0,0,0,0,0,0,0,0,0,0,0,0,0,0,0,0,0,0,0,0,0,0,0,0,0,0
0,1,1,1,0,0,0,0,1,0,2,0,0,2,1,3,4,1,4,2,3,3,3,6,5,6,1,6,8,8,10,5,10,7,6,8,7,6,6,10,11,6,11,10,5,8,5,10,10,10,9,12,11,15,7,14,16,6,12,10,11,7,10,12,11,5,14,7,7,6,4,8,8,1,3,5,4,8,4,8,4,2,3,3,3,1,1,2,1,1,1,1,3,2,2,0,2,0,1,0,0,2,1,0,0,1,1,0,0,0,1,1,0,0,0,0,0,0,0,1,0,0,1,0,0,0,0,0,0,0,0,0,0,0,0,0,1,0,0,0,1,0,0,0,0,0,0,0,0,0,0,0,0,0,0,0,0,0,0,0,0,0,0,0,0,0,0,0,0,0,0,0,0,0,0,0,0,0,0,0,0,0,0,0,0,0,0,0,0,0,0,0,0,0,0,0,0,0,0,0
0,1,0,0,0,0,1,0,0,0,2,2,0,1,2,2,3,0,0,5,2,1,7,6,2,7,4,8,9,6,9,15,7,9,8,17,7,11,6,10,12,9,13,7,14,21,16,12,10,10,7,4,15,18,19,10,12,7,12,15,12,11,12,10,8,11,10,7,8,6,8,8,0,7,8,7,0,6,4,3,4,7,2,2,4,3,2,2,2,2,2,5,1,4,2,1,2,2,0,0,1,1,1,2,2,0,1,0,1,1,1,0,0,0,0,2,0,0,1,0,0,0,0,0,0,0,0,0,0,0,0,0,0,0,0,0,0,0,0,0,0,0,0,0,0,0,0,0,0,0,0,0,0,0,0,0,0,0,0,0,0,0,0,0,0,0,0,0,0,0,0,0,0,0,0,0,0,0,0,0,0,0,0,0,0,0,0,0,0,0,0,0,0,0,0,0,0,0,0,0
0,0,0,1,0,0,0,1,0,0,0,0,1,1,2,0,0,5,4,2,3,3,2,7,5,6,3,3,4,7,8,8,6,9,9,12,11,7,11,14,11,10,9,16,11,12,12,10,7,16,16,15,7,8,10,11,10,7,11,4,9,13,7,8,8,14,9,5,8,5,8,2,5,7,6,5,2,1,3,3,1,3,3,2,2,1,0,2,2,2,1,3,1,2,2,3,0,0,1,1,0,1,0,2,3,0,0,0,0,0,2,1,0,0,0,0,0,0,0,0,0,0,0,0,0,0,0,0,0,0,0,0,0,0,1,0,0,0,0,0,0,0,0,0,0,0,0,0,0,0,0,0,0,0,0,0,0,0,0,0,0,0,0,0,0,0,0,0,0,0,0,0,0,0,0,0,0,0,0,0,0,0,0,0,0,0,0,0,0,0,0,0,0,0,0,0,0,0,0,0
1,0,0,0,0,0,0,1,0,1,2,1,3,1,1,2,3,1,5,6,2,4,9,4,4,5,8,4,4,11,9,6,7,8,8,11,7,7,5,8,10,17,13,11,3,12,9,20,8,9,5,9,10,12,12,7,10,7,5,15,8,4,11,5,5,6,8,8,6,3,4,9,3,3,1,4,2,4,5,6,7,1,2,4,2,1,3,3,4,1,2,2,1,2,1,0,1,1,0,2,0,0,0,0,0,0,0,1,0,0,0,0,0,0,0,0,0,0,1,0,0,0,0,0,0,0,0,0,0,0,0,0,0,0,0,0,0,0,0,0,0,0,0,0,0,0,0,0,0,0,1,0,0,0,0,0,0,1,0,0,0,0,0,0,0,0,0,0,0,0,0,0,0,0,0,0,0,0,0,0,0,0,0,0,0,0,0,0,0,0,0,0,0,0,0,0,0,0,0,0
0,0,0,0,1,0,0,1,0,0,1,0,0,0,0,0,1,3,3,4,9,7,4,5,4,4,6,0,5,11,7,3,4,7,7,9,8,14,11,10,10,13,9,15,8,15,12,11,13,21,10,6,7,7,5,9,10,6,7,7,13,6,9,2,5,4,8,8,6,5,5,6,2,8,4,7,11,3,7,2,4,0,1,3,5,4,2,2,1,1,2,1,0,1,1,4,1,3,1,0,2,1,0,0,1,0,1,1,0,0,2,0,0,0,1,0,0,0,0,0,0,0,1,0,0,0,0,0,0,0,0,0,0,0,0,0,0,0,0,0,0,0,0,0,0,0,0,0,0,0,0,0,0,0,0,0,0,0,0,0,0,0,0,0,0,0,0,0,0,0,0,0,0,0,0,0,0,0,0,0,0,0,0,0,0,0,0,0,0,0,0,0,0,0,0,0,0,0,0,0
0,0,0,0,0,0,0,0,0,0,1,1,1,0,1,0,2,5,2,2,3,1,7,1,4,5,9,3,4,4,13,3,13,8,10,13,9,10,4,4,15,10,10,1,7,11,12,7,9,10,15,8,9,11,7,13,19,10,8,5,5,12,10,12,3,6,8,3,5,5,6,4,3,5,7,2,4,5,10,6,1,5,3,1,2,4,1,3,1,2,3,1,1,1,0,0,3,2,1,0,0,0,0,1,0,0,2,0,0,0,0,0,0,0,0,0,0,0,0,0,0,1,0,0,0,1,0,0,1,0,0,0,0,0,0,0,0,0,0,0,0,0,0,0,0,1,0,0,0,0,0,0,0,0,0,0,0,0,0,0,0,0,0,0,0,0,0,0,0,0,0,0,0,0,0,0,0,0,0,0,0,0,0,0,0,0,0,0,0,0,0,0,0,0,0,0,0,0,0,0
0,0,0,0,1,0,0,2,0,1,1,0,0,3,1,2,2,3,1,4,4,10,3,3,1,2,4,2,4,8,7,7,9,7,6,8,14,11,8,9,12,9,5,2,9,10,12,11,4,15,10,13,8,10,8,11,11,13,15,5,10,13,12,3,4,3,5,7,6,8,9,6,7,7,5,9,4,3,2,3,1,5,2,2,3,2,0,1,4,0,2,0,1,0,1,2,0,0,0,0,1,0,0,0,0,0,1,0,0,0,0,0,0,0,0,0,0,0,0,0,0,0,1,0,0,0,0,0,0,0,0,0,1,0,0,0,0,0,1,0,0,1,0,0,0,0,0,0,0,0,0,0,0,0,0,0,0,0,0,0,0,0,0,0,0,0,0,0,0,0,0,0,0,0,0,0,0,0,0,0,0,0,0,0,0,0,0,0,0,0,0,0,0,0,0,0,0,0,0,0
0,0,2,0,0,0,2,0,1,2,1,1,0,1,3,2,0,2,0,1,4,3,8,7,10,0,5,2,5,4,4,7,13,11,8,8,5,6,12,7,9,2,8,11,13,14,11,11,2,10,14,12,14,8,10,11,10,9,6,9,8,7,12,6,6,8,6,7,5,5,3,4,6,4,3,4,5,4,2,4,3,1,0,1,1,2,2,4,1,0,2,1,4,1,0,3,2,1,0,0,0,1,2,0,1,0,0,1,0,0,0,0,1,0,1,0,0,0,0,0,1,0,0,0,1,0,0,0,1,0,0,0,0,0,0,0,0,0,0,0,0,0,0,0,2,0,0,0,0,0,0,0,0,0,0,0,0,0,0,0,0,0,0,0,0,0,0,0,0,0,0,0,0,0,0,0,0,0,0,0,0,0,0,0,0,0,0,0,0,0,0,0,0,0,0,0,0,0,0,0
0,0,0,0,0,1,0,1,0,0,1,1,2,2,0,0,2,3,1,1,4,4,6,4,0,3,3,5,7,8,8,6,8,8,7,9,10,9,9,4,3,11,7,6,8,12,14,5,8,11,14,14,11,6,6,12,8,7,11,3,3,6,10,7,10,8,5,6,7,6,0,5,3,4,6,6,5,3,5,2,0,1,5,3,2,2,3,2,0,0,1,2,1,4,2,2,0,0,1,1,1,0,1,2,0,0,1,0,1,1,1,1,1,2,1,1,0,0,0,0,0,0,0,0,0,1,0,0,0,0,0,0,0,0,0,0,1,0,0,0,0,0,0,0,0,0,0,1,0,0,0,0,0,0,0,0,0,0,0,0,0,0,0,0,0,0,0,0,0,0,0,0,0,0,0,0,0,0,0,0,0,0,0,0,0,0,0,0,0,0,0,0,0,0,0,0,0,0,0,0
0,0,0,0,0,0,1,0,0,0,2,0,1,1,0,0,1,2,1,5,4,1,3,3,2,4,5,1,4,5,4,7,11,6,6,7,6,10,11,7,5,12,8,9,4,10,9,13,7,16,5,7,11,10,7,7,11,9,7,8,8,17,6,6,5,6,7,4,4,1,6,8,4,6,5,2,6,3,4,4,1,2,1,1,3,0,0,0,2,4,2,1,2,0,1,1,1,0,0,1,1,3,0,1,0,2,0,0,0,4,0,0,1,0,1,0,0,0,0,0,1,0,0,0,0,0,0,0,0,0,0,0,0,0,0,0,0,0,0,0,0,0,0,0,0,0,0,0,0,0,0,0,0,0,0,0,0,0,0,0,0,0,0,0,0,0,0,0,0,0,0,0,0,0,0,0,0,0,0,0,0,0,0,0,0,0,0,0,0,0,0,0,0,0,0,0,0,0,0,0
0,0,0,0,0,0,0,0,0,0,1,0,0,0,2,0,3,4,0,1,6,0,3,4,5,4,4,7,6,8,9,9,10,11,4,4,7,9,5,7,5,11,5,10,8,10,11,9,8,8,11,7,9,5,9,7,10,10,6,7,5,8,9,4,9,1,1,2,6,8,7,5,5,4,1,4,6,2,1,3,2,0,2,3,4,4,2,2,1,1,1,0,1,3,2,1,2,0,1,0,0,0,2,0,2,2,1,0,1,0,0,0,0,0,0,0,0,0,0,0,0,0,1,0,0,0,0,0,0,0,0,0,0,0,1,0,0,0,0,0,0,0,1,0,0,0,0,0,0,0,0,0,0,0,0,0,0,0,0,0,0,0,0,0,0,0,0,0,0,0,0,0,0,0,0,0,0,0,0,0,0,0,0,0,0,0,0,0,0,0,0,0,0,0,0,0,0,0,0,0
0,0,1,0,0,0,1,0,1,0,3,0,1,2,1,2,0,1,3,3,4,3,3,8,4,1,2,7,6,0,5,6,4,8,8,3,2,4,8,5,12,9,10,6,4,11,17,6,5,9,8,11,11,10,11,6,12,5,7,10,13,3,7,7,7,1,3,7,5,3,1,6,5,2,3,6,4,2,1,1,3,5,4,3,2,2,2,0,0,1,2,0,2,2,2,2,2,0,0,1,1,0,0,1,0,0,1,0,0,1,0,0,0,1,1,1,0,0,0,0,1,0,0,0,0,0,0,0,0,0,0,0,0,0,0,0,0,0,0,0,0,0,0,0,0,0,0,0,0,0,0,0,0,0,0,0,0,0,0,0,0,1,0,0,0,0,0,0,0,0,0,0,0,0,0,0,0,0,0,0,0,0,0,0,0,0,0,0,0,0,0,0,0,0,0,0,0,0,0,0
0,0,0,0,1,0,1,0,0,0,2,1,1,0,3,0,2,0,1,2,3,1,2,6,3,2,5,4,10,4,5,10,5,3,2,9,10,9,11,6,8,11,5,7,3,9,19,11,9,6,9,9,11,8,7,10,8,11,6,5,9,6,4,4,6,11,2,4,2,3,6,2,2,8,6,4,4,4,1,3,1,3,3,3,3,2,3,2,1,1,1,2,1,3,1,1,3,0,1,0,1,0,0,0,0,0,0,0,2,0,0,0,1,0,0,0,0,0,0,0,0,0,0,0,0,0,1,1,0,1,0,0,0,0,0,0,0,0,0,0,0,0,0,0,0,0,0,0,0,0,0,0,0,0,0,0,0,0,0,0,0,0,0,0,0,0,0,0,0,0,0,0,0,0,0,0,0,0,0,0,0,0,0,0,0,0,0,0,0,0,0,0,0,0,0,0,0,0,0,0
0,0,0,0,0,0,4,2,0,0,3,0,1,0,1,3,0,2,1,4,5,5,4,1,5,2,7,2,8,7,6,3,2,4,9,8,6,12,10,3,6,6,10,8,6,12,12,4,7,10,8,4,7,5,6,8,2,5,14,10,7,4,5,5,6,5,1,3,6,3,2,4,2,2,6,5,1,3,4,5,2,3,3,0,2,0,4,1,1,1,2,3,1,0,0,3,1,1,0,0,0,0,0,1,0,0,1,0,0,0,0,0,0,0,0,0,0,1,0,0,0,0,0,0,0,0,0,0,0,0,1,1,0,0,0,1,0,0,0,0,0,0,0,0,0,0,0,0,0,0,0,0,0,0,0,0,0,0,0,0,0,0,0,0,0,0,0,0,0,0,0,0,0,0,0,0,0,0,0,0,0,0,0,0,0,0,0,0,0,0,0,0,0,0,0,0,0,0,0,0
0,1,1,0,1,1,2,1,0,0,2,1,1,0,3,0,3,2,3,2,4,2,1,4,8,4,2,1,1,6,4,2,1,8,7,7,10,8,7,11,6,9,10,12,11,12,8,11,6,6,4,4,3,6,6,7,10,8,7,6,9,6,9,8,5,3,7,3,3,3,5,6,6,4,4,3,1,3,1,2,2,3,2,1,0,1,1,2,0,1,3,0,0,2,1,1,0,2,0,0,0,0,0,2,2,0,0,0,0,0,0,0,0,0,1,0,3,0,2,0,0,0,0,0,0,0,0,0,0,0,0,0,0,0,0,0,0,0,0,0,0,0,0,0,0,0,0,0,1,0,0,0,0,0,0,0,0,0,0,0,0,0,0,0,0,0,0,0,0,0,0,0,0,0,0,0,0,0,0,0,0,0,0,0,0,0,0,0,0,0,0,0,0,0,0,0,0,0,0,0
0,0,0,0,0,0,0,0,1,1,3,0,2,1,1,1,1,2,2,2,6,1,4,1,2,0,5,1,2,1,2,5,5,6,5,10,8,6,5,9,9,11,7,5,7,9,6,11,11,6,9,11,2,11,8,7,10,15,4,10,3,4,3,2,7,4,10,2,6,7,4,1,5,0,1,3,4,7,6,0,2,1,3,4,1,0,2,1,0,1,1,1,0,2,0,1,0,0,0,3,0,0,0,1,1,1,0,0,0,1,0,0,0,0,0,0,1,0,0,1,1,1,0,0,0,0,0,0,0,0,0,0,0,1,0,0,0,0,0,0,0,0,0,0,0,0,0,0,0,0,0,0,0,0,0,0,0,0,0,0,0,0,0,0,0,0,0,0,0,0,0,0,0,0,0,0,0,0,0,0,0,0,0,0,0,0,0,0,0,0,0,0,0,0,0,0,0,0,0,0
0,0,0,0,0,0,1,1,0,0,1,1,0,2,0,0,2,2,3,2,1,0,2,3,5,1,2,0,5,5,1,9,10,7,7,6,7,5,5,7,11,15,5,14,9,13,7,8,6,9,8,6,9,8,12,7,8,9,9,5,10,6,12,4,4,7,5,2,6,7,7,7,6,2,5,0,5,4,2,0,2,1,1,2,2,3,1,2,0,0,3,0,2,0,2,1,1,1,0,2,1,1,1,1,1,0,1,0,0,0,0,0,1,0,0,0,1,1,0,1,0,1,0,0,0,0,0,0,0,0,0,0,0,0,0,0,0,0,0,0,0,0,0,0,0,0,0,0,0,0,0,0,0,0,0,0,0,0,0,0,0,0,0,0,0,0,0,0,0,0,0,0,0,0,0,0,0,0,0,0,0,0,0,0,0,0,0,0,0,0,0,0,0,0,0,0,0,0,0,0
0,1,0,1,0,1,0,1,0,0,0,0,0,0,2,1,1,0,1,0,6,3,1,2,6,2,4,2,5,5,4,5,6,7,7,7,2,5,5,6,6,11,3,7,6,7,7,5,5,14,6,7,10,10,9,14,10,6,2,4,5,3,9,9,3,4,5,3,7,8,1,6,3,1,5,4,3,1,1,4,3,2,0,2,0,3,1,2,2,1,1,1,1,2,1,0,1,2,0,0,1,1,1,2,0,0,0,0,0,0,0,0,1,0,0,0,0,0,0,2,0,0,1,0,0,0,0,0,0,0,0,0,0,0,0,0,0,0,0,0,0,0,0,0,0,0,0,0,0,0,0,0,0,0,0,0,0,0,0,0,0,0,0,0,0,0,0,0,0,0,0,0,0,0,0,0,0,0,0,0,0,0,0,0,0,0,0,0,0,0,0,0,0,0,0,0,0,0,0,0
0,0,0,0,0,0,2,0,0,1,4,0,1,1,1,0,2,1,4,2,2,0,3,1,2,3,6,2,2,5,4,5,6,7,4,6,3,4,3,9,3,7,3,9,7,2,5,12,7,16,6,6,4,10,8,3,7,8,7,8,5,4,6,2,7,2,1,4,3,2,2,3,2,6,4,4,4,0,3,2,1,5,6,4,1,2,2,2,1,1,3,0,0,0,0,0,1,1,1,0,0,0,1,2,0,0,0,1,0,0,0,0,0,0,1,0,0,0,0,0,0,0,1,0,0,0,0,0,0,0,0,0,1,0,1,0,0,0,0,0,0,0,0,0,0,0,0,0,0,0,0,0,0,0,0,0,0,0,0,0,0,0,0,0,0,0,0,0,0,0,0,0,0,0,0,0,0,0,0,0,0,0,0,0,0,0,0,0,0,0,0,0,0,0,0,0,0,0,0,0
0,0,0,0,1,2,0,0,1,1,2,0,0,1,0,0,0,1,1,2,5,1,4,4,6,3,4,2,7,3,6,7,2,3,1,3,5,7,9,3,7,7,6,5,9,4,12,6,7,12,4,7,4,16,3,8,12,4,5,2,12,7,4,7,3,4,2,6,0,1,5,1,7,2,2,3,1,2,3,4,2,3,3,2,0,1,2,2,1,1,0,0,0,0,0,0,1,1,0,0,2,0,2,1,0,0,0,0,0,1,0,0,0,0,0,0,0,0,0,0,0,0,0,0,0,0,0,0,0,0,0,0,0,0,0,0,0,0,0,0,0,0,0,0,0,0,0,0,0,0,0,0,0,0,0,0,0,0,0,0,0,0,0,0,0,0,1,0,0,0,0,0,0,0,0,0,0,0,0,0,0,0,0,0,0,0,0,0,0,0,0,0,0,0,0,0,0,0,0,0
1,0,0,0,0,0,0,1,0,0,2,0,0,1,0,0,0,1,0,3,1,1,2,3,3,1,2,3,5,2,7,4,6,6,8,10,5,4,4,5,4,5,4,11,6,5,4,9,6,6,8,7,5,6,10,8,9,5,8,4,7,3,4,3,5,6,4,3,4,5,3,1,1,8,2,1,0,2,3,4,2,3,2,1,0,1,0,2,3,0,3,2,0,1,1,2,1,0,0,0,0,1,0,1,1,0,0,1,0,0,1,1,0,0,0,0,1,0,0,0,0,1,0,0,0,0,0,0,1,0,0,0,0,0,0,0,0,0,0,0,0,0,0,0,0,0,0,0,0,0,0,0,0,0,0,0,0,0,0,0,0,0,0,0,0,0,0,0,0,0,0,0,0,0,0,0,0,0,0,0,0,0,0,0,0,0,0,0,0,0,0,0,0,0,0,0,0,0,0,0
0,0,0,0,0,0,0,1,3,0,0,1,2,1,2,0,0,0,3,0,3,3,3,1,0,1,3,5,6,4,3,3,11,3,7,1,3,9,11,6,11,9,6,6,3,6,8,4,7,9,4,8,8,3,4,6,10,5,3,7,3,5,4,1,5,8,4,2,7,3,2,1,4,4,3,3,1,2,4,4,2,3,0,0,3,1,0,0,0,1,1,4,0,0,1,0,0,0,0,0,1,0,0,0,0,0,0,0,0,1,1,0,0,0,1,0,0,0,0,0,0,0,0,0,0,0,0,0,0,0,0,0,0,0,0,0,0,0,0,0,0,0,0,0,0,0,0,0,0,0,0,0,0,0,0,0,0,0,0,0,0,0,0,0,0,0,0,0,0,0,0,0,0,0,0,0,0,0,0,0,0,0,0,0,0,0,0,0,0,0,0,0,0,0,0,0,0,0,0,0
0,0,0,0,0,0,1,1,0,0,0,0,1,1,1,2,2,1,0,2,2,2,2,6,2,4,3,4,2,3,6,5,4,5,8,5,5,9,9,5,4,8,7,8,8,7,6,3,7,7,6,8,6,3,12,4,4,4,6,9,7,3,3,3,2,5,3,5,4,5,3,1,3,1,3,0,1,3,2,1,0,2,2,2,4,1,2,0,0,1,1,1,2,1,0,1,1,0,0,2,0,2,1,0,0,0,0,0,0,0,0,1,0,0,0,0,0,1,0,0,0,0,1,0,1,0,0,0,0,0,0,0,0,0,0,0,0,0,0,0,0,0,0,0,0,0,0,0,0,0,0,0,0,0,0,0,0,0,0,0,0,0,0,0,0,0,0,0,0,0,0,0,0,0,0,0,0,0,0,0,0,0,0,0,0,0,0,0,0,0,0,0,0,0,0,0,0,0,0,0
0,0,0,0,0,1,0,0,0,0,1,0,1,2,2,1,1,1,4,0,1,2,3,1,4,1,5,1,3,3,4,5,4,7,2,11,6,5,3,4,4,9,9,8,1,12,3,4,9,5,4,5,6,7,8,8,4,9,3,3,3,4,3,4,6,5,5,3,3,7,5,7,2,2,2,4,4,3,1,4,0,1,2,2,0,5,2,3,1,0,3,0,1,0,0,1,0,0,1,0,1,1,0,1,0,0,0,0,0,0,0,0,0,0,0,0,0,0,0,0,0,0,0,0,3,0,0,0,0,0,0,0,0,0,0,0,0,0,0,0,0,0,0,1,0,0,0,0,0,0,0,0,0,0,0,0,2,0,0,0,0,0,0,0,0,0,0,0,0,0,0,0,0,0,0,0,0,0,0,0,0,0,0,0,0,0,0,0,0,0,0,0,0,0,0,0,0,0,0,0
0,0,0,1,0,0,0,1,0,0,1,0,1,2,4,1,1,1,0,1,4,2,4,0,2,1,1,1,4,3,3,1,4,1,5,3,4,5,5,12,6,10,10,4,5,5,6,7,6,7,4,8,6,9,4,5,8,3,5,4,9,3,2,2,4,3,1,4,4,2,4,2,5,4,2,3,2,2,2,2,1,2,2,1,8,4,1,3,0,2,2,1,0,0,0,0,1,1,0,0,1,1,0,0,1,0,0,0,0,0,0,0,0,0,0,0,0,0,0,0,0,0,0,0,0,0,0,0,0,0,0,0,0,0,0,0,0,0,0,0,0,0,0,0,0,0,0,1,0,0,0,0,0,0,0,0,0,0,0,0,0,0,0,0,0,0,0,0,0,0,0,0,0,0,0,0,0,0,0,0,0,0,0,0,0,0,0,0,0,0,0,0,0,0,0,0,0,0,0,0
0,0,0,1,2,0,0,0,0,4,1,0,0,0,0,1,4,3,0,2,1,2,3,3,0,2,3,0,0,6,3,2,4,4,6,6,8,8,5,7,9,8,5,8,1,8,7,3,5,6,5,12,5,5,5,8,6,3,3,5,10,3,3,2,4,4,2,3,2,3,1,2,3,3,3,2,3,1,3,3,2,4,0,3,2,1,2,0,2,1,1,2,0,0,1,0,1,0,0,1,1,0,1,0,0,2,0,0,1,0,1,0,1,1,1,0,0,0,0,0,0,0,0,0,1,1,0,0,0,0,0,0,0,0,0,0,0,0,0,0,0,0,0,0,0,0,0,0,0,0,0,0,0,0,0,0,0,0,0,0,0,0,0,0,0,0,0,0,0,0,0,0,0,0,0,0,0,0,0,0,0,0,0,0,0,0,0,0,0,0,0,0,0,0,0,0,0,0,0,0
0,0,0,0,0,0,0,0,0,0,2,0,0,2,0,0,2,0,1,0,1,1,1,1,4,1,5,1,3,2,2,6,4,6,6,5,7,2,7,5,6,2,3,10,4,5,4,9,8,6,2,3,5,9,10,10,6,4,1,1,1,5,3,8,4,7,5,7,1,1,2,3,1,2,1,5,1,2,2,2,2,1,0,1,2,1,1,0,0,1,1,1,1,0,0,2,0,1,1,0,0,0,0,0,0,0,0,0,0,1,0,1,0,0,0,0,0,0,0,0,0,0,0,0,0,0,0,0,0,0,0,0,1,0,0,0,0,0,0,0,0,0,0,0,0,0,0,0,0,0,0,0,0,0,0,0,0,0,0,0,0,0,0,0,0,0,0,0,0,0,0,0,0,0,0,0,0,0,0,0,0,0,0,0,0,0,0,0,0,0,0,0,0,0,0,0,0,0,0,0
0,0,0,1,0,1,0,2,1,0,0,0,1,0,1,1,1,2,1,0,1,1,4,5,2,1,4,2,1,5,4,0,5,5,3,6,4,3,3,7,7,6,7,6,4,7,2,5,5,5,11,5,2,5,7,4,6,2,4,4,4,9,8,7,3,4,4,2,2,1,2,2,1,1,4,2,0,2,4,2,3,3,1,1,0,1,2,0,4,2,2,0,1,3,0,0,1,0,1,0,1,0,1,0,0,0,0,0,0,0,0,0,0,0,0,0,0,0,0,0,0,0,0,0,0,0,0,0,0,1,0,0,0,0,0,0,0,0,0,0,0,0,0,0,0,0,0,0,0,0,0,0,0,0,0,0,0,0,0,0,0,0,0,0,0,0,0,0,0,0,0,0,0,0,0,0,0,0,0,0,0,0,0,0,0,0,0,0,0,0,0,0,0,0,0,0,0,0,0,0
0,0,0,0,0,0,0,0,0,0,0,0,0,0,0,0,2,0,0,1,5,0,5,0,0,1,3,3,3,5,5,3,3,6,2,2,6,2,3,5,0,7,6,12,8,7,7,4,3,4,2,3,3,10,4,6,5,7,4,10,6,3,8,4,9,2,2,5,2,3,2,4,5,3,5,2,1,0,1,1,4,0,2,1,2,1,1,1,0,1,1,0,2,0,0,0,1,1,1,1,1,0,1,1,0,0,0,0,0,0,0,0,0,0,0,0,1,0,0,0,1,0,0,0,0,0,0,0,0,0,0,0,0,0,0,0,0,0,0,0,0,1,0,0,0,0,0,0,0,0,0,0,0,0,0,0,0,0,0,0,0,0,0,0,0,0,0,0,0,0,0,0,0,0,0,0,0,0,0,0,0,0,0,0,0,0,0,0,0,0,0,0,0,0,0,0,0,0,0,0
0,1,0,0,1,0,0,0,0,0,3,0,0,1,0,2,1,3,2,2,1,0,3,3,2,3,5,2,1,1,6,3,2,5,4,7,3,3,5,3,6,7,6,5,7,4,4,3,4,9,4,4,9,7,5,5,4,4,6,6,5,5,4,5,7,5,3,4,2,1,4,3,2,2,1,0,3,0,1,3,0,2,0,2,1,1,0,2,0,2,0,0,1,1,1,0,2,0,0,0,0,0,0,0,1,0,0,0,0,0,0,1,0,0,0,0,0,0,0,0,0,0,0,0,0,0,0,0,0,0,0,0,0,0,0,0,0,1,0,0,0,0,0,0,0,0,0,0,0,0,0,0,0,0,0,0,0,0,0,0,0,0,0,0,0,0,0,0,0,0,0,0,0,0,0,0,0,0,0,0,0,0,0,0,0,0,0,0,0,0,0,0,0,0,0,0,0,0,0,0
0,0,0,0,0,0,0,0,0,0,0,1,1,0,3,1,1,1,1,1,1,0,4,2,0,3,2,4,4,3,3,8,5,2,1,4,3,4,2,6,7,3,3,3,8,6,4,7,3,3,1,6,5,5,5,6,4,4,2,7,5,1,5,4,1,3,7,3,1,2,3,1,2,0,3,2,1,2,0,2,0,1,1,3,1,1,2,1,1,0,0,2,0,1,0,1,0,0,0,0,2,0,0,0,0,0,0,0,0,0,0,0,0,0,0,0,0,0,0,0,1,1,0,0,0,0,0,0,0,0,0,0,0,0,0,0,0,0,0,0,0,0,0,0,0,0,0,0,0,0,0,0,0,0,0,0,0,0,0,0,0,0,0,0,0,0,0,0,0,0,0,0,0,0,0,0,0,0,0,0,0,0,0,0,0,0,0,0,0,0,0,0,0,0,0,0,0,0,0,0
0,0,0,0,0,0,0,1,0,0,0,0,1,2,4,0,2,1,2,0,0,2,3,0,1,4,5,2,7,2,4,1,4,7,2,6,3,4,7,2,8,3,10,3,3,3,5,4,6,5,4,5,4,3,7,4,6,3,4,4,2,2,9,4,2,2,4,2,4,0,3,2,4,3,4,5,3,1,0,2,0,0,1,0,0,3,0,1,1,0,1,1,2,1,0,0,0,0,0,0,0,0,0,1,0,0,0,0,0,0,0,0,0,0,0,0,0,0,0,0,0,0,0,0,0,0,0,0,0,0,0,0,0,1,0,0,0,0,0,1,0,0,0,0,0,0,0,0,0,0,0,0,0,0,0,0,0,0,0,0,0,0,0,0,0,0,0,0,0,0,0,0,0,0,0,0,0,0,0,0,0,0,0,0,0,0,0,0,0,0,0,0,0,0,0,0,0,0,0,0
0,0,0,0,1,0,0,0,0,0,2,1,0,0,0,1,0,0,0,1,1,2,3,1,3,1,1,2,2,5,3,2,4,4,5,3,5,7,5,4,4,6,5,5,5,4,2,4,3,5,4,3,4,5,6,4,2,6,3,6,4,3,4,8,5,0,0,1,4,0,1,3,2,4,6,3,3,2,2,3,3,0,0,0,4,0,0,1,1,1,1,0,2,0,3,3,0,0,0,0,1,0,0,0,0,0,0,1,1,0,0,0,0,0,0,0,0,0,0,0,0,0,0,0,0,0,0,0,0,0,0,0,0,0,0,0,0,0,0,0,0,0,0,0,0,0,0,0,0,0,0,0,0,0,0,0,0,0,0,0,0,0,0,0,0,0,0,0,0,0,0,0,0,0,0,0,0,0,0,0,0,0,0,0,0,0,0,0,0,0,0,0,0,0,0,0,0,0,0,0
1,0,0,1,0,2,0,0,0,1,0,0,1,0,0,3,0,0,1,1,0,3,3,1,3,3,0,3,3,2,2,3,1,5,1,5,4,2,4,5,8,2,7,5,9,5,3,5,3,2,5,5,4,1,4,3,3,2,5,2,2,4,3,3,4,2,2,1,5,2,6,2,2,2,0,1,3,1,2,0,1,1,2,1,1,0,0,0,1,0,1,1,0,0,0,0,0,0,2,0,1,0,0,1,0,0,0,0,0,1,1,0,0,0,0,0,0,0,0,0,1,0,0,0,0,0,0,0,0,0,0,0,0,0,0,0,0,0,0,0,0,0,0,0,0,0,0,0,0,0,0,0,0,0,0,0,0,0,0,0,0,0,0,0,0,0,0,0,0,0,0,0,0,0,0,0,0,0,0,0,0,0,0,0,0,0,0,0,0,0,0,0,0,0,0,0,0,0,0,0
0,0,0,0,0,0,0,0,0,0,1,0,0,1,2,1,2,2,1,0,0,1,2,1,3,2,0,2,1,5,3,6,3,5,3,3,4,4,3,5,9,3,8,2,4,3,5,3,11,3,6,2,5,8,1,4,3,4,5,2,7,3,7,8,4,3,6,2,3,1,2,3,2,2,1,6,3,3,1,3,2,0,1,0,0,0,0,2,0,1,1,0,0,1,0,0,2,0,1,0,0,1,1,0,1,0,0,0,1,0,0,0,0,0,1,0,0,0,0,0,0,0,0,0,0,0,0,0,1,0,0,0,0,0,0,0,0,0,0,0,1,0,0,0,0,0,0,0,0,0,0,0,0,0,0,0,0,0,0,0,0,0,0,0,0,0,0,0,0,0,0,0,0,0,0,0,0,0,0,0,0,0,0,0,0,0,0,0,0,0,0,0,0,0,0,0,0,0,0,0
0,0,0,0,0,0,0,1,1,0,1,0,0,0,2,2,0,1,1,1,3,0,0,2,1,0,2,2,2,3,9,3,5,2,5,6,5,6,4,4,5,6,4,1,3,7,4,5,7,6,4,5,2,1,5,7,8,2,1,2,6,3,0,4,1,0,2,2,4,1,2,1,0,1,2,0,2,0,1,2,0,0,0,2,1,2,2,1,1,1,0,0,0,1,2,2,1,1,0,0,0,1,2,0,0,0,0,1,0,0,0,0,0,0,0,0,0,0,0,0,0,0,0,0,0,0,0,0,0,0,0,0,0,0,0,0,0,0,0,0,0,0,0,0,0,0,0,0,0,0,0,0,0,0,0,0,0,0,0,0,0,0,0,0,0,0,0,0,0,0,0,0,0,0,0,0,0,0,0,0,0,0,0,0,0,0,0,0,0,0,0,0,0,0,0,0,0,0,0,0
0,0,0,0,0,1,0,1,1,0,0,0,0,0,0,0,2,2,2,2,2,1,3,1,2,1,4,3,3,3,3,2,3,3,2,6,2,5,2,2,4,0,6,2,3,4,5,3,2,7,9,4,3,4,6,3,6,6,2,4,5,6,0,4,6,5,0,5,7,3,0,2,1,1,0,2,2,2,0,0,1,0,0,1,0,0,1,0,0,0,1,1,0,1,0,0,0,0,0,0,0,0,1,0,0,0,0,2,0,0,1,0,2,0,0,1,0,0,0,0,0,0,0,0,1,0,0,0,0,0,0,1,0,0,0,0,0,0,0,0,1,0,0,0,0,0,0,0,0,0,0,0,0,0,0,0,0,0,0,0,0,0,0,0,0,0,0,0,0,0,0,0,0,0,0,0,0,0,0,0,0,0,0,0,0,0,0,0,0,0,0,0,0,0,0,0,0,0,0,0
0,0,0,1,0,0,0,0,1,0,1,0,1,0,0,1,0,1,1,1,1,0,2,3,3,2,1,4,2,4,6,0,3,4,2,4,4,0,4,3,3,6,5,8,2,7,6,4,3,6,3,0,3,2,7,2,2,2,2,2,4,3,1,8,3,1,5,3,2,0,0,1,2,5,2,2,1,2,2,1,1,1,1,0,1,0,0,0,2,1,0,0,1,0,1,0,0,0,0,0,0,0,0,0,0,0,1,0,0,0,0,0,0,0,0,1,1,0,0,1,0,0,0,0,0,0,0,0,0,0,0,0,0,0,0,0,0,0,0,0,0,0,0,0,0,0,0,0,0,0,0,0,0,0,0,0,0,0,0,0,0,0,0,0,0,0,0,0,0,0,0,0,0,0,0,0,0,0,0,0,0,0,0,0,0,0,0,0,0,0,0,0,0,0,0,0,0,0,0,0
0,1,0,0,0,0,1,0,1,0,0,0,1,2,0,0,0,1,0,2,2,0,0,1,1,0,3,2,1,2,2,1,3,1,0,5,4,1,5,3,5,4,4,1,4,4,6,4,4,3,2,7,3,2,0,7,5,3,1,0,5,2,3,2,4,1,1,5,2,5,0,2,1,1,1,3,3,2,0,0,0,4,2,1,2,0,1,1,1,0,1,0,0,0,0,1,0,0,2,1,0,0,0,0,0,0,0,0,1,1,0,0,0,0,0,1,0,0,0,0,0,0,0,0,0,0,0,0,0,0,0,0,0,0,0,0,0,0,0,0,0,0,0,0,0,0,0,0,0,0,0,0,0,0,0,0,0,0,0,0,0,0,0,0,0,0,0,0,0,0,0,0,0,0,0,0,0,0,0,0,0,0,0,0,0,0,0,0,0,0,0,0,0,0,0,0,0,0,0,0
0,0,0,0,0,0,0,0,0,0,1,1,0,0,0,1,2,1,2,1,0,1,2,2,0,1,2,1,4,3,0,5,7,6,2,3,4,7,2,2,3,5,2,2,3,8,4,2,1,4,2,7,9,6,4,7,4,3,2,4,4,3,4,1,4,3,0,1,1,4,4,1,3,1,0,0,3,1,2,2,0,2,0,1,2,0,1,0,2,0,1,1,0,1,0,0,0,0,1,1,1,0,0,1,1,0,0,0,0,0,0,0,0,0,0,1,0,0,0,0,0,0,0,0,0,0,0,0,0,0,0,0,0,0,0,0,0,0,0,0,0,0,0,0,0,0,0,0,0,0,0,0,0,0,0,0,0,0,0,0,0,0,0,0,0,0,0,0,0,0,0,0,0,0,0,0,0,0,0,0,0,0,0,0,0,0,0,0,0,0,0,0,0,0,0,0,0,0,0,0
0,1,0,0,0,0,1,0,0,0,4,0,0,0,1,2,0,1,0,0,3,2,1,2,1,1,2,0,2,1,2,1,5,2,4,2,2,4,6,4,1,6,4,6,7,8,7,2,4,7,2,5,5,6,3,3,7,5,0,7,2,8,1,3,3,1,7,3,1,4,1,2,3,2,1,1,2,1,0,0,1,1,2,1,0,1,0,2,1,0,0,0,0,0,0,1,0,0,0,0,0,0,0,0,0,0,0,1,1,1,0,0,0,0,0,0,0,0,0,1,0,0,0,1,0,0,0,0,0,0,0,0,0,0,0,0,0,0,0,0,0,0,0,0,0,0,0,0,0,0,0,0,0,0,0,0,0,0,0,0,0,0,0,0,0,0,0,0,0,0,0,0,0,0,0,0,0,0,0,0,0,0,0,0,0,0,0,0,0,0,0,0,0,0,0,0,0,0,0,0
0,0,1,1,0,0,0,0,1,0,0,0,1,1,3,0,0,2,0,1,2,0,0,0,2,2,0,2,3,1,9,6,8,3,2,0,1,4,4,3,3,5,2,2,3,3,3,3,4,6,2,5,2,8,3,8,3,5,1,6,3,2,1,1,5,3,2,1,7,3,2,2,0,3,1,2,1,0,0,1,0,0,0,0,1,1,0,1,1,0,1,1,1,0,1,0,0,0,1,1,0,1,0,0,0,0,0,0,0,0,0,0,0,0,0,0,1,0,0,0,0,0,0,0,0,0,0,0,0,0,0,0,0,0,0,0,0,0,0,0,0,0,0,0,0,0,0,0,0,0,0,0,0,0,0,0,0,0,0,0,0,0,0,0,0,0,0,0,0,0,0,0,0,0,0,0,0,0,0,0,0,0,0,0,0,0,0,0,0,0,0,0,0,0,0,0,0,0,0,0
0,0,0,0,0,0,0,0,0,0,0,0,0,0,0,0,0,0,0,1,2,0,2,3,0,2,0,1,1,0,1,4,2,2,3,4,3,5,4,3,4,1,3,3,3,5,4,4,3,3,4,6,2,3,2,4,4,5,3,4,3,1,1,3,5,3,4,2,4,2,7,0,0,1,1,1,1,1,0,2,0,0,0,0,1,0,0,1,0,0,1,1,0,1,0,0,1,0,1,0,0,0,0,0,0,0,0,0,0,0,0,0,0,0,0,0,0,0,0,0,0,0,0,0,0,0,0,0,0,0,0,0,0,0,0,0,0,0,0,0,0,0,0,0,0,0,0,0,0,0,0,0,0,0,0,0,0,0,0,0,0,0,0,0,0,0,0,0,0,0,0,0,0,0,0,0,0,0,0,0,0,0,0,0,0,0,0,0,0,0,0,0,0,0,0,0,0,0,0,0
0,0,0,0,1,0,0,0,0,0,0,0,2,0,1,3,0,1,2,2,3,2,1,1,1,1,1,1,2,3,1,4,2,3,1,3,2,6,2,2,4,8,9,3,6,4,3,4,5,5,2,6,2,8,2,1,4,0,3,3,4,5,4,4,1,1,1,2,2,2,3,2,3,1,0,3,1,0,1,1,1,3,3,1,1,2,0,0,0,1,1,0,2,0,0,1,0,1,0,1,0,0,0,0,0,0,0,0,0,0,0,0,0,0,0,1,0,0,0,0,0,0,0,0,0,0,0,0,0,0,0,0,0,0,0,0,0,0,0,0,0,0,0,0,0,0,0,0,0,0,0,0,0,0,0,0,0,0,0,0,0,0,0,0,0,0,0,0,0,0,0,0,0,0,0,0,0,0,0,0,0,0,0,0,0,0,0,0,0,0,0,0,0,0,0,0,0,0,0,0
0,0,0,1,0,0,0,1,0,0,1,0,0,0,1,0,0,1,1,0,1,1,0,2,0,0,1,2,0,4,4,4,2,5,2,2,5,5,4,2,4,1,5,2,2,4,5,5,2,1,2,6,3,7,1,3,3,5,4,2,1,3,3,4,4,1,1,3,1,1,3,3,0,0,0,1,4,1,3,1,1,0,0,1,1,0,0,0,0,0,0,0,0,0,0,0,0,1,0,0,1,0,0,0,1,0,0,2,0,1,0,0,0,0,0,0,0,0,0,0,0,0,0,0,0,0,1,0,0,0,0,0,0,0,0,0,0,0,0,0,0,0,0,0,0,0,0,0,0,0,0,0,0,0,0,0,0,0,0,0,0,0,0,0,0,0,0,0,0,0,0,0,0,0,0,0,0,0,0,0,0,0,0,0,0,0,0,0,0,0,0,0,0,0,0,0,0,0,0,0
0,0,0,0,0,0,0,1,0,0,2,2,0,0,2,1,0,0,1,1,1,2,1,1,4,0,0,3,1,4,1,4,8,2,5,2,5,3,3,4,2,7,5,5,5,6,3,3,6,6,2,4,3,2,1,4,4,5,3,2,6,3,3,2,0,3,3,3,1,1,1,1,1,0,2,1,1,3,2,1,0,0,2,1,2,1,2,2,0,0,0,0,4,0,0,0,0,0,0,0,0,0,0,0,1,0,0,2,0,0,0,0,0,0,0,0,0,0,0,0,0,0,0,0,0,0,0,0,0,0,0,0,0,0,0,0,0,0,0,0,0,0,0,0,0,0,0,0,0,0,0,0,0,0,0,0,0,0,0,0,0,0,0,0,0,0,0,0,0,0,0,0,0,0,0,0,0,0,0,0,0,0,0,0,0,0,0,0,0,0,0,0,0,0,0,0,0,0,0,0
0,1,0,0,0,0,0,2,0,0,1,2,1,2,2,0,0,0,2,1,1,0,1,1,1,2,4,2,1,3,2,2,4,2,3,5,4,1,1,4,4,7,0,7,5,1,11,2,2,4,3,4,6,3,2,6,3,4,3,2,2,1,5,4,1,0,3,4,1,1,1,2,1,1,0,1,0,1,0,0,0,0,0,0,0,1,1,0,2,2,0,0,0,0,0,1,0,0,1,0,0,0,0,0,0,1,0,0,1,0,0,0,0,0,0,0,0,0,0,0,0,0,0,0,0,0,0,0,0,0,0,0,0,0,0,0,0,0,0,0,0,0,0,0,0,0,0,0,0,0,0,0,0,0,0,0,0,0,0,0,0,0,0,0,0,0,0,0,0,0,0,0,0,0,0,0,0,0,0,0,0,0,0,0,0,0,0,0,0,0,0,0,0,0,0,0,0,0,0,0
0,0,1,0,0,0,0,0,0,0,0,0,1,0,0,0,3,1,4,1,0,0,1,1,3,1,3,2,2,0,4,2,4,2,0,2,5,2,1,3,3,5,3,4,4,7,3,2,3,4,4,4,2,4,8,5,1,0,2,5,2,3,2,3,8,4,2,0,0,1,2,2,1,1,1,1,0,4,1,0,1,1,0,1,0,1,0,1,0,0,0,0,0,1,0,0,0,0,0,0,0,0,0,0,0,0,1,0,0,0,1,0,0,0,0,0,0,0,1,0,0,0,0,0,0,0,0,0,0,0,0,0,0,0,0,0,0,0,0,0,0,0,0,0,0,0,0,0,0,0,0,0,0,0,0,0,0,1,0,0,0,0,0,0,0,0,0,0,0,0,0,0,0,0,0,0,0,0,0,0,0,0,0,0,0,0,0,0,0,0,0,0,0,0,0,0,0,0,0,0
0,0,0,0,0,0,0,0,0,0,0,0,0,0,2,0,2,1,1,1,3,0,1,1,1,1,2,0,1,2,3,2,4,2,3,0,5,3,3,3,5,0,3,1,1,4,3,4,5,2,4,0,4,6,2,2,4,4,2,1,1,2,1,1,3,2,3,3,1,1,5,0,3,1,2,2,1,1,0,3,2,1,0,2,1,2,1,2,1,1,1,1,0,0,0,1,0,0,0,0,0,0,1,0,0,0,0,0,0,0,0,0,0,0,0,0,0,0,0,0,0,0,0,0,0,0,0,0,0,0,0,0,0,0,0,1,0,0,0,0,0,0,0,0,1,0,0,0,0,0,0,0,0,0,0,0,0,0,0,0,0,0,0,0,0,0,0,0,0,0,0,0,0,0,0,0,0,0,0,0,0,0,0,0,0,0,0,0,0,0,0,0,0,0,0,0,0,0,0,0
0,0,0,0,0,0,0,1,1,1,0,0,0,0,1,1,0,1,0,0,0,0,1,3,2,1,0,1,3,3,2,1,4,3,2,6,2,2,2,6,5,4,1,2,5,3,3,1,3,6,2,5,2,4,1,2,4,5,4,6,1,3,1,2,3,2,1,0,2,2,1,1,3,1,0,1,2,3,0,0,0,0,1,0,1,1,1,1,3,0,0,0,3,0,0,0,0,0,0,0,0,0,0,0,0,0,2,1,0,1,0,0,0,0,0,0,1,0,0,0,0,0,0,1,0,0,0,0,0,0,1,0,0,0,0,0,0,0,0,0,0,0,0,0,0,0,0,0,0,0,0,0,0,0,0,0,0,0,0,0,0,0,0,0,0,0,0,0,0,0,0,0,0,0,0,0,0,0,0,0,0,0,0,0,0,0,0,0,0,0,0,0,0,0,0,0,0,0,0,0
0,0,0,0,0,0,0,0,0,0,0,1,1,0,2,0,0,0,0,0,1,0,0,1,0,1,2,2,6,2,0,3,4,4,2,3,4,8,1,2,2,1,3,3,3,1,4,2,3,1,3,0,2,3,0,1,4,8,1,5,4,3,5,2,0,2,0,1,2,3,1,1,0,0,1,2,0,3,2,2,1,1,0,0,0,2,0,1,0,0,0,1,0,1,0,1,0,1,1,0,2,0,0,0,0,0,0,0,0,0,0,0,1,0,0,0,0,0,1,0,0,0,1,0,0,0,0,0,0,0,0,0,0,0,0,0,0,0,0,0,0,0,0,0,0,0,0,0,0,0,0,0,0,0,0,0,0,0,0,0,0,0,0,0,0,0,0,0,0,0,0,0,0,0,0,0,0,0,0,0,0,0,0,0,0,0,0,0,0,0,0,0,0,0,0,0,0,0,0,0
0,0,0,0,0,1,0,0,0,0,0,1,0,1,2,0,0,1,0,0,0,1,0,2,1,3,2,0,2,1,1,4,1,2,5,3,3,4,1,1,4,3,2,3,1,3,3,2,3,1,2,3,3,2,2,1,2,2,3,5,1,1,1,2,4,3,2,2,1,2,0,2,1,2,1,1,0,0,1,0,0,2,0,1,0,1,0,1,0,1,0,1,0,1,1,1,0,0,0,0,0,0,0,1,0,0,0,1,0,0,0,1,0,0,0,0,0,1,0,0,0,0,0,0,0,0,0,0,0,0,0,0,0,0,0,0,0,0,0,1,0,0,0,0,0,0,0,0,0,0,0,0,0,0,0,0,0,0,0,0,0,0,0,0,0,0,0,0,0,0,0,0,0,0,0,0,0,0,0,0,0,0,0,0,0,0,0,0,0,0,0,0,0,0,0,0,0,0,0,0
0,0,0,0,0,0,1,0,0,0,1,0,0,0,1,2,3,1,0,1,2,1,0,1,0,1,3,0,3,0,0,3,2,1,2,3,3,4,4,3,1,2,5,3,2,2,3,3,2,1,1,1,5,1,2,2,2,2,3,5,6,3,2,4,0,3,3,3,1,2,0,0,1,1,1,1,0,0,2,1,1,2,0,1,1,0,1,0,0,0,0,0,0,0,0,0,0,0,0,0,0,0,0,0,0,0,0,0,0,1,1,0,0,1,0,0,0,0,0,0,0,0,0,0,0,0,0,0,0,0,0,0,0,0,0,0,0,0,0,0,0,0,0,0,0,0,0,0,0,0,0,0,0,0,0,0,0,0,0,0,0,0,0,0,0,0,0,0,0,0,0,0,0,0,0,0,0,0,0,0,0,0,0,0,0,0,0,0,0,0,0,0,0,0,0,0,0,0,0,0
0,0,0,0,0,0,0,1,0,0,2,0,0,0,2,1,0,0,1,1,0,2,1,3,1,3,3,1,2,0,1,3,0,1,2,2,0,1,2,3,0,1,2,5,1,2,4,3,3,4,0,1,2,4,3,1,6,2,3,6,3,2,2,0,0,3,2,2,2,2,2,1,1,1,4,0,3,2,0,3,2,0,2,2,0,0,0,0,0,0,1,0,0,0,0,2,0,1,0,0,0,1,0,0,0,0,1,1,0,2,0,0,0,0,0,0,0,0,0,0,0,0,0,0,0,0,1,0,0,0,0,0,0,0,0,0,0,0,0,0,0,0,0,0,0,0,0,0,0,0,0,0,0,0,0,0,0,0,0,0,0,0,0,0,0,0,0,0,0,0,0,0,0,0,0,0,0,0,0,0,0,0,0,0,0,0,0,0,0,0,0,0,0,0,0,0,0,0,0,0
0,0,0,0,0,0,0,0,0,0,2,1,0,1,0,1,0,0,1,1,1,1,1,1,1,1,1,0,2,2,3,0,2,0,0,3,3,4,0,1,7,3,4,7,1,1,3,3,1,3,5,2,3,3,5,2,6,3,3,3,2,4,3,3,4,0,0,1,1,0,1,0,1,1,1,0,1,1,1,0,0,0,0,1,1,0,0,1,0,0,0,0,0,0,1,0,0,0,0,2,0,0,0,0,0,1,0,0,0,0,1,0,1,0,0,0,0,0,1,0,1,0,0,0,0,0,0,0,0,0,0,0,0,0,0,0,0,0,0,0,0,0,0,0,0,0,0,0,0,0,0,0,0,0,0,0,0,0,0,0,0,0,0,0,0,0,0,0,0,0,0,0,0,0,0,0,0,0,0,0,0,0,0,0,0,0,0,0,0,0,0,0,0,0,0,0,0,0,0,0
0,0,0,0,0,0,0,1,0,0,1,1,0,0,1,1,0,0,1,1,0,0,2,0,3,1,1,0,1,5,3,4,6,1,1,3,3,3,0,1,1,0,1,3,2,1,6,2,3,2,2,2,1,4,1,4,1,1,5,2,0,0,0,1,1,0,0,2,1,2,1,2,1,0,1,2,1,0,2,2,0,1,1,0,0,0,0,0,2,0,0,1,0,0,0,0,0,0,0,0,0,0,0,0,0,0,0,0,0,0,0,0,0,0,1,0,0,0,0,0,0,0,0,0,0,0,0,0,0,0,0,0,0,0,0,0,0,0,0,0,0,0,0,0,1,0,0,0,0,0,0,0,0,0,0,0,0,0,0,0,0,0,0,0,0,0,0,0,0,0,0,0,0,0,0,0,0,0,0,0,0,0,0,0,0,0,0,0,0,0,0,0,0,0,0,0,0,0,0,0
0,0,0,0,0,0,0,1,0,0,0,0,0,0,0,0,1,0,1,0,1,0,0,0,3,1,0,1,2,1,2,1,2,2,2,5,3,4,1,4,4,3,1,1,1,0,2,2,4,4,4,6,2,2,2,2,1,2,1,1,6,3,4,2,1,4,0,1,0,2,1,2,1,1,2,1,0,2,1,0,0,0,3,0,0,1,1,0,2,1,1,1,2,1,0,0,0,0,0,0,0,0,1,0,0,0,0,0,0,0,0,2,0,1,0,0,0,0,0,0,0,0,0,0,0,0,0,0,0,0,0,0,0,0,0,0,0,0,0,0,0,0,0,0,0,0,0,0,0,0,0,0,0,0,0,0,0,0,0,0,0,0,0,0,0,0,0,0,0,0,0,0,0,0,0,0,0,0,0,0,0,0,0,0,0,0,0,0,0,0,0,0,0,0,0,0,0,0,0,0
0,0,0,0,0,0,1,0,0,1,3,1,0,0,3,0,3,0,0,0,0,0,0,1,2,0,0,2,0,0,2,1,0,4,1,2,0,1,2,4,2,0,2,1,2,2,6,2,2,3,1,8,5,1,3,4,3,4,1,3,3,3,2,0,2,4,1,3,0,2,0,0,1,1,0,0,5,1,2,0,1,0,0,0,0,1,0,2,0,0,0,2,1,0,1,1,1,0,0,0,1,0,0,0,0,0,0,0,0,0,0,0,0,0,0,0,0,0,0,0,0,0,0,0,0,0,0,0,1,0,0,0,0,0,0,2,0,0,0,0,0,0,0,0,0,0,0,0,0,0,0,0,0,0,0,0,0,0,0,0,0,0,0,0,0,0,0,0,0,0,0,0,0,0,0,0,0,0,0,0,0,0,0,0,0,0,0,0,0,0,0,0,0,0,0,0,0,0,0,0
0,0,0,0,0,0,0,0,0,0,1,0,0,0,0,0,0,0,0,2,1,1,2,2,0,4,2,1,2,2,2,3,3,2,0,4,1,2,1,1,1,3,4,1,2,5,3,3,2,2,6,2,2,5,1,3,0,2,1,1,0,1,1,1,2,4,2,0,3,0,0,1,2,0,2,0,1,1,0,1,1,0,0,0,0,1,0,2,0,1,0,0,0,0,0,0,0,0,0,0,0,0,0,1,0,0,0,0,0,0,0,0,1,0,0,0,0,0,0,0,0,0,0,0,0,0,0,0,0,0,0,0,0,0,0,0,0,0,0,0,0,0,0,0,0,0,0,0,0,0,0,0,0,0,0,0,0,0,0,0,0,0,0,0,0,0,0,0,0,0,0,0,0,0,0,0,0,0,0,0,0,0,0,0,0,0,0,0,0,0,0,0,0,0,0,0,0,0,0,0
0,0,0,0,1,0,1,0,0,0,0,0,0,1,2,1,0,1,2,0,1,0,2,1,0,1,2,2,1,0,3,1,3,6,2,2,3,0,3,1,1,4,2,0,4,2,0,6,4,2,3,1,2,1,0,1,1,0,1,1,2,2,3,0,3,0,2,0,2,0,2,0,1,1,2,1,0,0,0,1,0,1,1,0,0,1,0,0,0,0,0,0,0,1,0,0,0,1,1,0,0,1,1,0,0,1,0,0,0,0,0,0,0,0,0,0,0,0,0,0,0,0,0,0,0,0,0,0,0,0,0,0,0,0,0,0,0,0,0,0,0,0,0,0,0,0,0,0,0,0,0,0,0,0,0,0,0,0,0,0,0,0,0,0,0,0,0,0,0,0,0,0,0,0,0,0,0,0,0,0,0,0,0,0,0,0,0,0,0,0,0,0,0,0,0,0,0,0,0,0
0,1,0,0,0,0,0,0,0,0,1,2,1,1,2,1,0,0,0,2,2,1,2,3,1,2,0,0,3,1,1,2,3,6,0,1,3,3,0,1,3,2,2,2,0,1,2,1,4,3,1,1,1,0,2,2,1,2,3,3,1,2,1,2,1,1,1,1,1,1,2,2,0,2,1,1,0,2,0,3,0,0,0,0,1,0,0,0,1,0,0,1,0,2,0,0,0,1,1,0,0,0,0,0,1,0,0,1,0,1,0,0,0,0,1,0,0,0,0,1,0,0,0,0,0,0,0,0,0,0,0,0,0,0,0,0,0,0,0,0,0,0,0,0,0,0,0,0,0,0,0,0,0,0,0,0,0,0,0,0,0,0,0,0,0,0,0,0,0,0,0,0,0,0,0,0,0,0,0,0,0,0,0,0,0,0,0,0,0,0,0,0,0,0,0,0,0,0,0,0
0,0,0,0,0,0,0,1,0,0,0,0,0,1,0,1,0,1,1,1,0,3,0,2,0,1,1,0,1,2,4,2,3,3,2,0,1,3,0,0,2,0,5,2,4,3,1,3,3,2,3,1,0,1,3,1,1,0,3,4,2,1,3,0,2,4,0,0,1,2,0,0,4,0,1,1,0,0,0,1,0,1,0,0,0,0,0,1,0,1,0,0,0,0,0,0,0,0,1,0,0,0,0,0,0,0,0,1,0,0,0,0,0,0,0,0,0,0,0,0,0,0,0,1,0,0,0,0,0,0,0,0,0,0,0,0,0,0,0,0,0,0,0,0,0,0,0,0,0,0,0,0,0,0,0,0,0,0,0,0,0,0,0,0,0,0,0,0,0,0,0,0,0,0,0,0,0,0,0,0,0,0,0,0,0,0,0,0,0,0,0,0,0,0,0,0,0,0,0,0
0,0,1,0,0,0,0,0,0,0,0,0,0,0,2,0,0,0,0,1,0,1,1,1,0,0,2,1,3,1,0,1,2,1,1,3,4,0,2,3,0,2,1,1,2,2,2,4,1,1,1,2,0,0,2,2,2,2,1,0,2,1,4,1,0,4,3,3,2,0,0,1,1,1,1,1,2,0,0,0,0,1,0,2,1,0,0,0,0,0,0,1,0,0,0,0,0,1,0,1,1,0,0,0,0,0,0,1,0,0,0,0,0,0,0,0,0,0,0,0,0,0,0,0,0,0,0,0,0,0,0,0,0,0,0,0,0,0,0,0,0,0,0,0,0,0,0,0,0,0,0,0,0,0,0,0,0,0,0,0,0,0,0,0,0,0,0,0,0,0,0,0,0,0,0,0,0,0,0,0,0,0,0,0,0,0,0,0,0,0,0,0,0,0,0,0,0,0,0,0
0,0,0,0,0,0,0,0,0,0,0,1,1,0,0,0,0,0,0,0,1,1,1,3,1,1,4,0,0,0,0,1,1,2,2,3,0,1,3,5,0,0,2,2,3,6,1,2,3,3,1,2,0,4,3,3,2,1,1,3,3,2,2,1,1,1,1,0,2,2,3,0,1,1,0,4,1,1,0,0,0,0,0,1,0,0,3,1,0,1,0,0,0,0,0,0,0,0,0,0,0,0,1,0,0,0,0,0,0,0,0,0,0,0,0,0,0,0,0,0,0,0,0,0,0,0,0,0,0,0,0,0,0,0,0,0,0,0,0,0,0,0,0,0,0,0,0,0,0,0,0,0,0,0,0,0,0,0,0,0,0,0,0,0,0,0,0,0,0,0,0,0,0,0,0,0,0,0,0,0,0,0,0,0,0,0,0,0,0,0,0,0,0,0,0,0,0,0,0,0
0,0,0,0,0,0,0,1,0,0,0,0,0,0,2,0,0,0,1,2,0,0,1,1,0,2,1,0,1,1,5,1,0,3,1,2,3,0,6,4,1,0,3,2,1,2,5,4,1,3,2,5,6,4,0,1,3,1,1,0,5,3,2,1,3,1,2,0,0,1,0,1,1,0,1,0,2,0,1,2,0,1,1,0,1,0,0,0,0,0,0,0,0,0,0,0,0,0,2,0,1,0,0,0,0,0,0,0,0,0,0,0,0,0,0,0,0,0,0,0,0,0,0,0,0,0,0,0,0,0,0,0,0,0,0,0,0,0,0,0,0,0,0,0,0,0,0,0,0,0,0,0,0,0,0,0,0,0,0,0,0,0,0,0,0,0,0,0,0,0,0,0,0,0,0,0,0,0,0,0,0,0,0,0,0,0,0,0,0,0,0,0,0,0,0,0,0,0,0,0
0,0,0,0,0,0,0,1,0,0,0,0,0,0,0,0,0,1,0,1,1,1,0,1,0,2,1,2,1,2,4,0,1,2,0,2,0,2,1,2,2,0,1,4,1,2,1,1,1,1,1,0,3,2,4,4,0,2,2,2,2,2,1,0,1,1,0,0,1,3,2,0,1,0,0,2,3,0,0,0,1,0,0,0,1,1,0,1,1,0,0,1,0,0,0,0,0,0,0,0,0,0,0,0,0,0,0,0,0,0,0,0,0,0,0,0,0,0,0,0,0,0,0,0,0,0,0,0,0,0,0,0,0,0,0,0,0,0,0,0,0,0,0,0,0,0,0,0,0,0,0,0,0,0,0,0,0,0,0,0,0,0,0,0,0,0,0,0,0,0,0,0,0,0,0,0,0,0,0,0,0,0,0,0,0,0,0,0,0,0,0,0,0,0,0,0,0,0,0,0
0,0,0,0,0,0,0,0,0,0,1,1,0,0,1,0,0,0,2,0,3,0,1,2,2,1,1,0,2,1,1,0,5,0,2,5,2,1,1,3,1,3,2,2,2,0,3,4,3,5,1,0,1,1,3,0,0,3,1,0,3,3,0,0,2,0,1,2,2,4,3,1,1,1,3,2,0,0,1,1,1,0,1,0,2,0,0,1,0,0,0,0,0,0,0,1,0,0,0,0,0,0,0,0,0,0,0,1,0,0,0,0,0,0,0,1,0,0,0,0,0,0,0,0,0,0,0,0,0,0,0,0,0,0,0,0,0,0,0,0,0,0,0,0,0,0,0,0,0,0,0,0,0,0,0,0,0,0,0,0,0,0,0,0,0,0,0,0,0,0,0,0,0,0,0,0,0,0,0,0,0,0,0,0,0,0,0,0,0,0,0,0,0,0,0,0,0,0,0,0
0,1,0,0,0,0,0,0,0,0,0,1,0,0,0,0,0,1,1,1,1,1,2,1,1,2,2,2,0,0,1,3,0,3,1,1,0,3,0,2,2,1,1,0,2,2,1,1,1,1,1,3,1,3,3,1,1,0,1,0,1,3,0,5,0,1,2,1,1,3,0,2,0,0,1,4,0,2,1,1,3,0,0,0,4,1,0,0,0,0,0,0,1,2,1,0,0,0,0,1,0,0,1,0,0,0,0,0,0,0,0,1,0,0,0,0,0,1,0,0,0,0,0,0,0,0,0,0,0,0,0,0,0,0,0,0,0,0,0,0,0,0,0,0,0,0,0,0,0,0,0,0,0,0,0,0,0,0,0,0,0,0,0,0,0,0,0,0,0,0,0,0,0,0,0,0,0,0,0,0,0,0,0,0,0,0,0,0,0,0,0,0,0,0,0,0,0,0,0,0
0,0,0,0,0,0,0,1,0,1,1,0,0,0,0,0,0,0,0,1,2,0,1,1,0,0,2,0,0,2,1,3,2,2,3,4,3,2,0,2,3,0,4,2,2,3,1,1,2,2,1,2,1,1,2,2,1,1,2,0,0,1,2,3,2,1,0,1,0,1,5,0,1,1,2,1,1,2,0,0,0,0,0,0,0,0,0,2,0,0,0,1,1,0,0,0,1,0,0,0,1,0,0,0,0,1,0,1,0,0,1,0,0,0,0,0,0,0,0,0,0,0,0,0,0,0,0,0,0,0,0,0,0,0,0,0,0,0,0,0,0,0,0,0,0,0,0,0,0,0,0,0,0,0,0,0,0,0,0,0,0,0,0,0,0,0,0,0,0,0,0,0,0,0,0,0,0,0,0,0,0,0,0,0,0,0,0,0,0,0,0,0,0,0,0,0,0,0,0,0
0,0,0,0,0,1,0,0,0,1,0,0,0,0,0,2,0,1,0,0,0,0,0,1,1,1,1,0,0,1,2,0,3,1,2,2,2,1,3,3,2,1,3,1,4,3,6,1,1,1,0,2,1,0,1,1,0,1,1,2,0,0,1,1,1,4,0,1,0,0,1,1,1,1,0,0,0,0,0,0,0,0,0,0,0,1,0,0,0,0,0,1,0,0,1,0,0,0,0,0,0,0,0,0,0,0,1,0,0,0,0,0,0,0,0,0,0,1,0,0,0,0,0,0,0,0,0,0,0,0,0,0,0,0,0,0,0,0,0,0,0,0,0,0,0,0,0,0,0,0,0,0,0,0,0,0,0,0,0,0,0,0,0,0,0,0,0,0,0,0,0,0,0,0,0,0,0,0,0,0,0,0,0,0,0,0,0,0,0,0,0,0,0,0,0,0,0,0,0,0
0,0,0,0,0,0,0,0,0,0,0,0,0,0,0,0,0,0,0,1,1,1,1,1,3,0,0,0,5,1,0,0,2,2,0,2,1,1,1,1,1,1,1,1,1,1,2,1,2,0,1,1,3,2,1,0,1,1,0,1,2,0,0,1,1,0,1,3,2,0,0,0,0,1,1,1,2,0,1,0,0,1,0,0,0,1,0,0,0,0,0,0,0,0,0,0,0,0,0,0,0,0,0,0,0,0,0,0,0,0,0,0,0,0,0,1,0,0,0,0,0,0,0,0,0,0,0,0,0,0,0,0,0,0,0,1,0,0,0,0,0,0,0,0,0,0,0,0,0,0,0,0,0,0,0,0,0,0,0,0,0,0,0,0,0,0,0,0,0,0,0,0,0,0,0,0,0,0,0,0,0,0,0,0,0,0,0,0,0,0,0,0,0,0,0,0,0,0,0,0
0,0,0,0,0,0,0,0,0,0,0,1,0,0,2,0,0,0,0,0,1,0,1,1,2,0,1,0,1,2,1,2,1,4,1,0,4,1,1,1,5,2,1,1,2,0,3,0,1,3,4,4,1,6,4,1,0,2,0,1,0,1,1,2,3,0,3,0,1,1,0,1,0,1,0,0,0,1,2,0,2,0,1,0,0,1,1,0,0,0,0,0,0,0,0,0,0,1,0,0,1,0,0,0,0,0,0,0,0,0,0,0,0,0,0,0,0,0,1,0,0,0,0,0,0,0,0,0,0,0,0,0,0,0,0,0,0,0,0,0,0,0,0,0,0,0,0,0,0,0,0,0,0,0,0,0,0,0,0,0,0,0,0,0,0,0,0,0,0,0,0,0,0,0,0,0,0,0,0,0,0,0,0,0,0,0,0,0,0,0,0,0,0,0,0,0,0,0,0,0
0,0,0,0,0,0,0,0,0,0,0,0,0,0,1,0,1,0,0,1,0,1,1,0,0,1,0,5,0,3,0,2,1,0,0,2,3,0,2,4,1,2,1,2,2,2,1,1,1,1,0,1,1,5,0,1,2,2,3,0,2,1,2,2,0,0,2,0,3,2,0,0,0,1,0,2,2,0,1,1,2,1,1,0,1,0,0,0,0,3,0,0,0,0,0,0,0,0,0,0,0,0,0,0,0,0,0,0,0,0,0,0,0,0,0,0,0,0,0,0,0,0,0,0,0,0,0,0,0,0,0,0,0,0,0,0,0,0,0,0,0,0,0,1,0,0,0,0,0,0,0,0,0,0,0,0,0,0,0,0,0,0,0,0,0,0,0,0,0,0,0,0,0,0,0,0,0,0,0,0,0,0,0,0,0,0,0,0,0,0,0,0,0,0,0,0,0,0,0,0
0,0,0,0,0,0,0,0,0,0,0,0,0,1,1,0,0,1,1,0,2,2,0,0,1,2,0,1,0,1,3,1,2,0,0,1,2,3,1,0,3,2,3,1,2,2,0,6,0,3,1,0,2,1,1,2,3,4,0,0,1,2,1,2,3,1,0,2,0,2,0,0,0,0,0,1,1,0,1,0,1,0,0,1,0,0,0,0,0,0,0,1,0,0,0,0,0,2,0,1,0,0,0,0,1,0,0,0,0,0,0,0,0,0,0,0,0,0,0,0,0,0,0,0,0,0,0,0,0,0,0,0,0,0,0,0,0,0,0,0,0,0,0,0,0,0,0,0,0,0,0,0,0,0,0,0,0,0,0,0,0,0,0,0,0,0,0,0,0,0,0,0,0,0,0,0,0,0,0,0,0,0,0,0,0,0,0,0,0,0,0,0,0,0,0,0,0,0,0,0
0,0,0,0,0,0,0,0,0,0,0,0,1,0,2,0,0,0,0,0,1,0,0,0,1,0,1,0,0,1,2,2,3,1,2,1,2,3,2,1,2,3,3,3,1,2,1,1,2,0,1,0,1,0,0,1,1,1,2,1,2,2,2,0,1,1,1,0,1,1,0,1,0,2,0,0,3,2,0,1,0,1,0,0,1,0,0,0,0,0,0,0,0,0,0,0,0,0,0,0,0,0,0,0,1,0,0,0,0,0,0,0,0,0,0,0,0,0,0,0,0,0,0,0,0,0,0,0,0,0,0,0,0,0,0,0,0,0,0,0,0,0,0,0,0,0,0,0,0,0,0,0,0,0,0,0,0,0,0,0,0,0,0,0,0,0,0,0,0,0,0,0,0,0,0,0,0,0,0,0,0,0,0,0,0,0,0,0,0,0,0,0,0,0,0,0,0,0,0,0
0,0,0,0,1,0,0,0,1,0,0,0,0,0,1,0,1,0,1,0,2,0,0,0,3,1,2,0,1,1,1,1,2,2,0,2,0,1,5,1,3,1,1,1,0,2,3,0,0,4,1,2,3,0,1,2,1,4,1,1,0,2,1,1,3,1,2,0,1,1,1,0,2,4,1,2,1,2,0,0,0,1,1,0,0,1,0,1,1,0,0,0,0,0,0,0,0,0,0,0,0,0,0,0,0,1,2,0,0,0,0,0,0,0,0,0,0,0,0,0,0,0,0,0,0,0,0,0,0,0,0,0,0,0,0,0,0,0,0,0,0,0,0,0,0,0,0,0,0,0,0,0,0,0,0,0,0,0,0,0,0,0,0,0,0,0,0,0,0,0,0,0,0,0,0,0,0,0,0,0,0,0,0,0,0,0,0,0,0,0,0,0,0,0,0,0,0,0,0,0
0,0,0,0,0,0,0,0,0,0,0,0,0,3,0,0,0,1,0,0,1,0,0,0,0,0,0,1,0,1,0,3,3,2,0,0,0,3,3,1,0,3,2,0,1,0,3,2,0,0,2,1,0,0,1,0,0,1,0,1,1,2,4,1,2,0,1,0,2,0,0,0,0,0,1,0,1,1,0,0,0,0,0,0,0,1,0,0,0,1,0,0,1,0,0,0,0,0,0,0,1,0,0,0,0,0,0,0,0,0,0,0,0,0,0,0,0,0,0,0,0,0,0,0,0,0,0,0,0,0,0,0,0,0,0,0,0,0,0,0,0,0,0,0,0,0,0,0,0,0,0,0,0,0,0,0,0,0,0,0,0,0,0,0,0,0,0,0,0,0,0,0,0,0,0,0,0,0,0,0,0,0,0,0,0,0,0,0,0,0,0,0,0,0,0,0,0,0,0,0
0,0,0,0,0,0,0,0,0,0,0,0,0,0,0,0,0,0,0,0,0,0,0,1,0,1,0,2,0,0,0,1,1,0,0,2,2,1,1,0,3,0,3,3,0,1,0,1,3,1,1,2,2,1,3,0,3,0,2,1,1,2,0,1,0,0,0,0,1,0,1,2,1,0,1,0,2,0,0,0,1,0,0,0,0,1,0,2,1,0,0,0,0,1,0,0,0,0,0,0,0,0,0,0,0,0,0,0,0,0,0,0,0,0,0,0,0,0,0,0,0,0,0,0,0,0,0,0,0,0,0,2,0,0,0,0,0,0,0,0,0,0,0,0,0,0,0,0,0,0,0,0,0,0,0,0,0,0,0,0,0,0,0,0,0,0,0,0,0,0,0,0,0,0,0,0,0,0,0,0,0,0,0,0,0,0,0,0,0,0,0,0,0,0,0,0,0,0,0,0
0,0,0,0,0,0,0,1,1,0,0,0,0,0,0,0,0,2,1,0,0,0,2,0,1,0,0,1,1,0,0,0,1,1,2,0,1,1,1,1,3,5,2,0,3,1,1,2,0,1,1,0,1,1,0,0,1,0,0,2,1,2,0,2,0,1,0,1,2,1,0,0,0,1,0,2,1,0,0,0,0,0,0,2,0,0,0,0,1,1,0,1,0,0,0,0,1,0,0,0,0,0,0,0,0,0,1,1,0,0,0,0,0,0,0,0,0,0,0,0,0,0,0,0,0,0,0,0,0,0,0,0,0,0,0,0,0,0,0,0,0,0,0,0,0,0,0,0,0,0,0,0,0,0,0,0,0,0,0,0,0,0,0,0,0,0,0,0,0,0,0,0,0,0,0,0,0,0,0,0,0,0,0,0,0,0,0,0,0,0,0,0,0,0,0,0,0,0,0,0
0,0,0,0,0,0,0,0,0,1,1,0,0,0,1,0,1,0,0,0,0,0,0,0,0,1,2,0,0,0,2,1,2,0,1,0,1,1,0,1,1,1,2,2,2,2,2,1,1,1,3,0,1,1,0,1,1,0,0,2,2,2,1,1,3,2,2,1,1,0,1,2,0,0,2,0,0,1,1,1,1,0,0,0,0,0,0,3,0,0,0,0,0,0,1,2,0,0,0,0,0,0,0,0,0,0,0,1,0,0,0,0,0,0,0,0,0,0,0,0,0,0,0,0,0,0,0,0,0,0,0,0,0,0,0,0,0,0,0,0,0,0,0,0,0,0,0,0,0,0,0,0,0,0,0,0,0,0,0,0,0,0,0,0,0,0,0,0,0,0,0,0,0,0,0,0,0,0,0,0,0,0,0,0,0,0,0,0,0,0,0,0,0,0,0,0,0,0,0,0
0,0,0,0,0,0,0,0,0,1,1,0,0,0,1,0,0,3,1,0,1,0,0,1,0,1,1,0,2,1,1,1,2,4,0,0,1,2,0,2,0,2,1,2,2,1,1,1,0,1,2,1,1,3,2,0,0,2,0,1,0,2,2,1,1,0,2,0,0,1,3,0,1,2,0,0,1,0,0,1,0,0,1,1,0,0,1,0,0,0,0,0,0,0,0,0,0,0,0,0,0,0,0,0,0,0,0,0,0,0,0,1,0,0,0,1,0,0,0,0,0,0,0,0,0,0,1,0,0,0,0,0,0,0,0,0,0,0,0,0,0,0,0,0,0,0,0,0,0,0,0,0,0,0,0,0,0,0,0,0,0,0,0,0,0,0,0,0,0,0,0,0,0,0,0,0,0,0,0,0,0,0,0,0,0,0,0,0,0,0,0,0,0,0,0,0,0,0,0,0
0,0,0,0,0,0,0,0,0,0,0,1,0,1,0,0,0,1,0,0,0,0,0,1,0,0,0,1,1,0,1,1,1,1,3,2,2,0,3,1,1,2,2,2,1,0,4,0,2,2,1,4,1,0,0,2,2,0,0,1,1,2,2,0,3,1,0,1,0,1,2,2,0,1,0,1,1,1,0,1,0,0,1,0,0,1,0,0,1,0,0,1,0,0,0,0,0,0,0,0,1,0,0,0,0,0,0,0,0,0,0,0,0,0,0,0,0,0,0,0,0,0,0,0,0,0,0,0,0,0,0,0,0,0,0,0,0,0,0,0,0,0,0,0,0,0,0,0,0,0,0,0,0,0,0,0,0,0,0,0,0,0,0,0,0,0,0,0,0,0,0,0,0,0,0,0,0,0,0,0,0,0,0,0,0,0,0,0,0,0,0,0,0,0,0,0,0,0,0,0
0,0,0,0,0,0,0,0,0,0,0,0,0,0,0,1,0,0,1,4,0,0,0,1,2,0,0,1,2,1,1,1,2,1,0,0,4,1,1,1,2,2,2,1,3,0,3,0,2,2,0,2,1,1,1,1,1,0,3,1,0,0,1,0,3,0,0,1,2,1,1,2,1,0,0,1,1,0,0,1,0,0,0,1,0,1,1,1,0,0,0,1,0,0,0,0,0,0,0,0,0,2,0,0,0,0,0,0,0,0,0,0,0,0,0,0,0,0,0,0,0,0,0,0,0,0,0,0,0,0,0,0,0,0,0,0,0,0,0,0,0,0,0,0,0,0,0,0,0,0,0,0,0,0,0,0,0,0,0,0,0,0,0,0,0,0,0,0,0,0,0,0,0,0,0,0,0,0,0,0,0,0,0,0,0,0,0,0,0,0,0,0,0,0,0,0,0,0,0,0
0,0,0,0,1,0,0,0,0,0,0,0,0,0,0,0,1,0,0,1,1,1,2,1,1,1,0,0,1,0,1,1,3,0,2,0,1,0,1,0,2,3,2,0,0,3,3,2,1,1,0,1,3,2,1,1,0,2,0,1,0,0,0,1,1,0,0,1,0,1,0,0,0,0,0,1,0,1,0,0,1,1,0,0,0,0,0,0,1,0,0,0,0,0,0,0,0,0,1,0,0,0,0,0,0,0,0,0,0,0,0,0,0,0,0,0,0,0,0,0,0,0,0,0,0,0,0,0,0,0,0,0,0,0,0,0,0,0,0,0,0,0,0,0,0,0,0,0,0,0,0,0,0,0,0,0,0,0,0,0,0,0,0,0,0,0,0,0,0,0,0,0,0,0,0,0,0,0,0,0,0,0,0,0,0,0,0,0,0,0,0,0,0,0,0,0,0,0,0,0
0,0,0,0,1,0,0,0,0,0,0,0,0,1,0,0,2,0,0,0,1,0,3,0,1,0,4,1,0,1,1,0,0,3,1,3,1,2,0,0,4,1,3,3,0,5,2,2,2,2,0,1,0,1,0,1,4,0,0,0,0,2,1,0,0,1,0,0,0,0,0,2,2,0,1,0,0,1,0,1,0,1,0,0,0,0,0,1,1,0,1,0,0,0,0,0,0,0,0,0,0,0,0,0,0,0,0,0,0,0,0,0,0,0,0,0,0,0,0,0,0,0,0,0,0,0,0,0,0,0,0,0,0,0,0,0,1,0,0,0,0,0,0,0,0,0,0,0,0,0,0,0,0,0,0,0,0,0,0,0,0,0,0,0,0,0,0,0,0,0,0,0,0,0,0,0,0,0,0,0,0,0,0,0,0,0,0,0,0,0,0,0,0,0,0,0,0,0,0,0
0,0,0,0,0,0,0,0,0,0,0,0,0,0,0,0,0,1,1,0,0,0,0,1,0,0,0,0,3,1,0,0,0,3,1,3,0,0,0,1,3,0,2,1,2,3,0,4,2,2,1,0,0,1,1,0,1,1,2,0,1,1,2,0,2,0,1,0,1,0,1,2,1,0,0,0,0,0,0,0,0,0,1,0,0,0,1,0,0,0,0,0,0,0,0,0,0,0,0,0,0,0,0,0,0,0,0,0,0,0,0,0,0,0,0,0,0,0,0,0,0,0,0,0,0,0,0,0,0,0,0,0,0,0,0,0,0,0,0,0,0,0,0,0,0,0,0,0,0,0,0,0,0,0,0,0,0,0,0,0,0,0,0,0,0,0,0,0,0,0,0,0,0,0,0,0,0,0,0,0,0,0,0,0,0,0,0,0,0,0,0,0,0,0,0,0,0,0,0,0
0,0,0,0,0,0,0,0,0,0,0,0,0,0,0,0,0,0,1,1,1,0,1,2,0,1,0,0,0,0,2,1,3,0,2,0,2,2,5,0,0,0,0,0,1,2,0,0,0,0,2,2,0,1,0,1,1,1,0,0,1,0,0,0,0,0,0,1,0,0,1,0,0,0,0,0,0,0,1,1,0,0,0,0,0,0,0,1,0,0,0,0,1,0,1,0,0,0,0,0,0,0,0,0,0,0,0,0,0,0,0,0,0,0,0,0,0,0,0,0,0,0,0,0,0,0,0,0,0,0,0,0,0,0,0,0,0,0,0,0,0,0,0,0,0,0,0,0,0,0,0,0,0,0,0,0,0,0,0,0,0,0,0,0,0,0,0,0,0,0,0,0,0,0,0,0,0,0,0,0,0,0,0,0,0,0,0,0,0,0,0,0,0,0,0,0,0,0,0,0
0,0,0,0,0,0,0,1,0,0,0,0,0,0,0,1,0,0,1,0,0,0,1,1,1,1,1,1,0,1,0,2,1,1,0,2,0,1,3,0,1,2,1,0,1,1,0,1,4,0,0,1,1,3,1,0,0,0,0,1,0,1,0,2,1,1,0,0,0,0,0,0,1,1,1,0,0,1,0,0,1,0,0,1,1,0,0,0,0,0,0,0,0,0,1,0,0,0,0,0,0,1,0,0,0,0,0,0,0,0,0,0,0,0,0,0,0,0,0,0,0,0,0,0,0,0,0,0,0,0,0,0,0,0,0,0,0,0,0,0,0,0,0,0,0,0,0,0,0,0,0,0,0,0,0,0,0,0,0,0,0,0,0,0,0,0,0,0,0,0,0,0,0,0,0,0,0,0,0,0,0,0,0,0,0,0,0,0,0,0,0,0,0,0,0,0,0,0,0,0
0,0,1,0,0,1,0,0,0,0,0,0,0,0,0,0,1,0,1,1,1,0,0,0,1,0,1,0,0,1,0,2,1,2,1,0,2,1,5,2,0,3,3,0,1,0,0,0,1,3,1,1,2,1,0,0,1,2,1,1,0,1,0,0,1,0,0,0,1,0,2,3,0,2,0,0,0,0,0,1,0,0,0,0,1,0,0,0,0,0,0,0,0,0,0,1,0,0,0,0,0,0,0,0,0,0,0,0,0,0,0,0,0,0,0,0,0,0,0,0,0,0,0,0,0,0,0,0,0,0,0,0,0,0,0,0,0,0,0,0,0,0,0,0,0,0,0,0,0,0,0,0,0,0,0,0,0,0,0,0,0,0,0,0,0,0,0,0,0,0,0,0,0,0,0,0,0,0,0,0,0,0,0,0,0,0,0,0,0,0,0,0,0,0,0,0,0,0,0,0
0,0,0,0,0,0,0,0,0,0,0,0,0,0,1,1,0,0,2,0,0,1,0,2,1,0,0,0,1,1,1,1,0,0,1,1,2,1,1,0,0,2,2,3,3,1,1,3,2,0,0,2,0,0,2,3,2,3,1,1,0,1,0,1,0,0,0,0,1,0,0,2,0,0,1,1,0,0,1,1,0,0,0,0,0,0,0,0,1,0,0,0,0,0,0,0,0,0,0,0,0,0,0,0,0,0,0,0,0,0,0,0,1,0,0,0,0,0,0,0,0,0,0,0,0,0,0,0,0,0,0,0,0,0,0,0,0,0,0,0,0,0,0,0,0,0,0,0,0,0,0,0,0,0,0,0,0,0,0,0,0,0,0,0,0,0,0,0,0,0,0,0,0,0,0,0,0,0,0,0,0,0,0,0,0,0,0,0,0,0,0,0,0,0,0,0,0,0,0,0
0,0,0,0,0,0,0,2,0,0,0,0,0,0,1,0,0,0,0,0,0,0,1,0,0,0,1,0,0,0,0,1,1,1,1,1,1,0,3,0,1,2,1,0,1,2,2,0,0,1,1,4,1,4,2,2,1,1,1,1,1,0,1,3,0,2,1,0,0,0,1,0,1,0,1,0,0,1,2,1,1,0,1,0,0,1,0,0,0,0,0,0,1,0,0,0,0,0,0,0,0,0,0,0,0,0,0,0,0,0,0,0,0,0,0,0,0,0,0,0,0,0,0,0,0,0,0,0,0,0,0,0,0,0,0,0,0,0,0,0,0,0,0,0,0,0,0,0,0,0,0,0,0,0,0,0,0,0,0,0,0,0,0,0,0,0,0,0,0,0,0,0,0,0,0,0,0,0,0,0,0,0,0,0,0,0,0,0,0,0,0,0,0,0,0,0,0,0,0,0
0,0,0,0,0,0,0,0,0,1,0,0,0,0,1,0,0,0,1,0,1,0,3,0,0,0,3,0,0,1,3,2,2,1,1,0,1,1,1,0,1,0,3,2,2,3,1,2,0,1,0,0,1,2,2,1,1,1,0,2,1,2,0,2,1,0,1,0,0,1,0,0,1,1,1,0,0,0,0,0,0,0,0,0,1,0,0,0,0,1,0,0,0,0,0,0,0,0,0,0,0,0,0,0,0,0,0,0,0,0,0,0,0,0,0,0,0,0,0,0,0,0,0,0,0,0,0,0,0,0,0,0,0,0,0,0,0,0,0,0,0,0,0,0,0,0,0,0,0,0,0,0,0,0,0,0,0,0,0,0,0,0,0,0,0,0,0,0,0,0,0,0,0,0,0,0,0,0,0,0,0,0,0,0,0,0,0,0,0,0,0,0,0,0,0,0,0,0,0,0
0,0,0,0,0,0,0,0,0,0,0,0,0,0,0,0,0,0,1,0,2,0,1,0,0,0,0,0,0,1,1,0,1,1,0,1,1,1,0,1,0,0,0,1,1,1,0,0,1,2,2,1,0,0,1,1,1,0,0,1,1,1,0,1,2,0,0,0,0,0,2,0,0,0,1,0,2,1,0,0,3,1,0,0,0,1,0,0,0,1,0,0,0,0,0,0,0,0,0,0,0,0,0,0,0,0,0,0,0,0,0,0,0,0,0,0,0,0,0,0,0,0,0,0,0,0,0,0,0,0,0,0,0,0,0,0,0,0,0,0,0,0,0,0,0,0,0,0,0,0,0,0,0,0,0,0,0,0,0,0,0,0,0,0,0,0,0,0,0,0,0,0,0,0,0,0,0,0,0,0,0,0,0,0,0,0,0,0,0,0,0,0,0,0,0,0,0,0,0,0
0,0,0,0,0,0,0,0,0,0,1,0,0,0,0,0,0,0,0,0,1,2,0,2,0,0,0,0,0,0,0,1,0,0,1,2,4,1,0,0,1,1,3,2,1,0,3,1,1,1,3,2,0,1,2,1,2,0,1,0,1,1,0,1,0,1,0,0,0,0,0,0,0,0,0,0,0,1,0,0,1,1,0,1,0,0,0,0,0,0,0,0,0,0,0,1,0,1,0,0,0,0,0,0,0,0,0,0,0,0,0,0,0,0,0,0,0,0,0,0,0,0,0,0,0,0,0,0,0,0,0,0,0,0,0,0,0,0,0,0,0,0,0,0,0,0,0,0,0,0,0,0,0,0,0,0,0,0,0,0,0,0,0,0,0,0,0,0,0,0,0,0,0,0,0,0,0,0,0,0,0,0,0,0,0,0,0,0,0,0,0,0,0,0,0,0,0,0,0,0
0,0,0,0,0,0,0,0,0,0,1,0,0,0,0,0,0,0,0,0,0,1,0,0,0,1,1,0,0,0,0,1,0,1,1,1,1,3,1,0,0,0,0,0,2,0,1,1,1,1,1,1,0,1,0,2,0,3,1,0,0,0,0,0,0,0,1,1,2,1,0,1,0,0,0,1,0,2,0,0,0,0,1,0,0,0,0,0,0,2,1,0,0,0,1,0,0,0,1,0,1,0,0,0,0,0,0,0,0,0,0,0,0,0,0,0,0,0,0,0,0,0,0,0,0,0,0,0,0,0,0,0,0,0,0,0,0,0,0,0,0,0,0,0,0,0,0,0,0,0,0,0,0,0,0,0,0,0,0,0,0,0,0,0,0,0,0,0,0,0,0,0,0,0,0,0,0,0,0,0,0,0,0,0,0,0,0,0,0,0,0,0,0,0,0,0,0,0,0,0
0,0,0,0,0,0,0,0,0,0,0,0,0,0,1,0,0,0,0,1,0,2,0,2,0,2,0,0,1,0,0,2,0,1,1,0,0,1,2,1,4,0,0,0,1,2,0,1,2,0,0,1,0,0,2,0,0,0,3,0,0,1,0,0,0,2,1,0,0,0,0,0,1,0,1,1,1,1,0,0,0,0,0,0,0,0,0,0,0,0,0,0,0,0,0,0,0,0,0,0,0,0,0,0,0,0,0,0,0,0,0,0,0,0,0,0,0,0,0,0,0,0,0,0,0,0,0,0,0,0,0,0,0,0,0,0,0,0,0,0,0,0,0,0,1,0,0,0,0,0,0,0,0,0,0,0,0,0,0,0,0,0,0,0,0,0,0,0,0,0,0,0,0,0,0,0,0,0,0,0,0,0,0,0,0,0,0,0,0,0,0,0,0,0,0,0,0,0,0,0
0,0,0,0,0,0,0,0,0,0,0,0,0,0,0,0,1,0,2,0,0,0,0,0,0,2,0,2,1,0,1,0,2,1,1,0,0,1,1,0,1,0,0,1,0,1,1,0,1,1,0,1,1,1,0,1,2,3,0,1,0,0,0,1,0,0,0,0,0,0,0,0,1,1,1,0,0,0,0,0,0,0,0,0,0,1,0,0,0,0,0,0,0,0,0,0,0,0,0,0,1,0,0,0,1,0,0,0,0,0,0,0,0,0,0,0,0,1,0,0,0,0,0,0,0,0,0,0,0,0,0,0,0,0,0,0,0,0,0,0,0,0,0,0,0,0,0,0,0,0,0,0,0,0,0,0,0,0,0,0,0,0,0,0,0,0,0,0,0,0,0,0,0,0,0,0,0,0,0,0,0,0,0,0,0,0,0,0,0,0,0,0,0,0,0,0,0,0,0,0
0,0,0,0,0,0,0,0,0,0,0,1,1,0,0,0,0,0,0,0,1,1,1,0,0,0,1,1,1,0,0,1,0,0,1,1,3,0,1,1,0,1,1,1,1,0,2,1,1,0,1,1,0,0,3,0,1,2,2,0,1,1,1,1,0,1,0,0,1,0,0,0,0,0,0,1,1,1,0,0,0,0,2,0,0,0,0,1,0,0,1,0,0,0,0,0,0,0,0,0,0,0,0,0,0,1,0,0,0,0,0,0,0,0,0,0,0,0,0,0,0,0,0,0,0,0,0,0,0,0,0,0,0,0,0,0,0,0,0,0,0,0,0,0,0,0,0,0,0,0,0,0,0,0,0,0,0,0,0,0,0,0,0,0,0,0,0,0,0,0,0,0,0,0,0,0,0,0,0,0,0,0,0,0,0,0,0,0,0,0,0,0,0,0,0,0,0,0,0,0
0,0,0,0,0,0,0,0,0,0,0,0,0,0,0,0,0,0,0,1,0,0,0,0,1,1,0,0,2,0,0,0,0,1,0,1,0,0,0,0,3,0,0,0,1,1,1,1,0,2,0,3,0,1,1,2,1,0,0,0,2,1,0,0,0,0,0,0,0,0,1,1,0,0,1,1,0,0,1,0,0,0,0,0,0,0,0,0,0,0,0,0,0,0,0,0,1,0,0,0,0,0,0,0,0,0,0,0,0,0,0,0,0,0,0,0,0,0,0,0,0,0,0,0,0,0,0,0,0,0,0,0,0,0,0,0,0,0,0,0,0,0,0,0,0,0,0,0,0,0,0,0,0,0,0,0,0,0,0,0,0,0,0,0,0,0,0,0,0,0,0,0,0,0,0,0,0,0,0,0,0,0,0,0,0,0,0,0,0,0,0,0,0,0,0,0,0,0,0,0
0,0,0,0,0,0,1,1,0,0,1,0,0,0,0,0,0,0,0,0,0,0,0,0,0,0,0,0,1,2,0,0,0,1,0,2,0,3,1,1,0,1,1,0,0,0,0,0,0,1,0,0,2,0,0,1,0,1,2,1,2,0,1,0,0,0,0,0,1,1,0,0,0,0,0,0,0,0,0,0,0,0,0,0,0,1,1,0,0,0,0,0,0,0,0,0,0,0,0,0,0,1,1,0,0,0,0,0,0,0,1,0,0,0,0,0,0,0,0,0,0,0,0,0,0,0,0,0,0,0,0,0,0,0,0,0,0,0,0,0,0,0,0,0,0,0,0,0,0,0,0,0,0,0,0,0,0,0,0,0,0,0,0,0,0,0,0,0,0,0,0,0,0,0,0,0,0,0,0,0,0,0,0,0,0,0,0,0,0,0,0,0,0,0,0,0,0,0,0,0
0,0,0,1,0,0,0,0,0,0,1,0,1,0,0,0,0,0,1,0,1,0,0,0,0,0,1,0,0,2,1,0,1,0,0,1,2,0,1,0,1,1,2,0,0,0,0,2,1,1,1,1,0,0,0,1,0,1,0,0,0,1,2,2,0,1,0,0,0,1,0,0,0,1,0,0,0,0,1,0,1,0,1,0,0,0,0,0,0,0,0,0,1,0,0,0,0,0,0,0,0,0,0,0,0,0,0,0,0,0,0,0,0,0,0,0,0,0,0,0,0,0,0,0,0,0,0,0,0,0,0,0,0,0,1,0,0,0,0,0,0,0,0,0,0,0,0,0,0,0,0,0,0,0,0,0,0,0,0,0,0,0,0,0,0,0,0,0,0,0,0,0,0,0,0,0,0,0,0,0,0,0,0,0,0,0,0,0,0,0,0,0,0,0,0,0,0,0,0,0
0,0,0,0,0,0,0,0,0,0,0,0,0,0,0,0,0,0,0,0,0,0,1,1,0,0,1,1,1,2,0,1,0,0,0,1,0,0,1,0,1,0,1,0,1,0,0,0,1,3,0,0,1,1,0,0,1,0,2,0,0,1,0,3,1,2,2,1,0,0,1,0,0,0,0,1,0,1,0,0,0,0,1,0,1,0,0,0,0,0,0,0,0,0,0,0,0,0,1,0,0,0,0,0,0,0,0,0,0,0,0,0,0,0,0,0,0,0,0,0,0,0,0,0,0,0,0,0,0,0,0,0,0,0,0,0,0,0,0,0,0,0,0,0,0,0,0,0,0,0,0,0,0,0,0,0,0,0,0,0,0,0,0,0,0,0,0,0,0,0,0,0,0,0,0,0,0,0,0,0,0,0,0,0,0,0,0,0,0,0,0,0,0,0,0,0,0,0,0,0
0,0,0,0,0,0,0,0,0,0,0,0,0,0,0,0,0,0,1,0,0,0,1,1,0,0,2,1,1,1,0,0,0,0,0,0,0,1,0,1,1,1,0,0,2,2,0,0,0,0,0,1,0,1,1,1,1,1,0,0,1,0,1,0,0,0,0,0,1,0,0,1,0,1,0,0,0,2,0,0,0,0,0,0,1,0,0,0,0,0,0,0,0,0,0,0,0,0,0,0,0,0,0,0,0,0,0,0,0,0,0,0,0,0,0,0,0,0,0,0,0,0,0,1,0,0,0,0,0,0,0,0,0,0,0,0,0,0,0,0,0,0,0,0,0,0,0,0,0,0,0,0,0,0,0,0,0,0,0,0,0,0,0,0,0,0,0,0,0,0,0,0,0,0,0,0,0,0,0,0,0,0,0,0,0,0,0,0,0,0,0,0,0,0,0,0,0,0,0,0
0,0,0,0,0,0,0,0,0,0,0,0,1,0,1,0,0,0,0,0,0,2,0,0,2,1,0,0,1,0,0,1,1,0,0,1,0,1,2,1,0,0,1,0,0,0,2,1,1,0,0,1,1,0,0,0,1,2,0,0,2,0,0,0,1,0,0,0,0,0,0,0,0,0,0,0,1,0,0,1,1,0,0,0,0,0,0,0,0,0,0,0,0,0,0,0,0,0,0,0,0,0,0,0,0,0,0,0,0,0,0,0,0,0,0,0,1,0,0,0,0,0,0,0,0,0,0,0,0,0,0,0,0,0,0,0,0,0,0,0,0,0,0,0,0,0,0,0,0,0,0,0,0,0,0,0,0,0,0,0,0,0,0,0,0,0,0,0,0,0,0,0,0,0,0,0,0,0,0,0,0,0,0,0,0,0,0,0,0,0,0,0,0,0,0,0,0,0,0,0
0,0,0,0,0,0,0,0,0,0,0,0,0,0,0,0,1,0,0,0,0,0,1,1,1,1,2,0,0,1,0,0,0,0,0,2,0,1,0,1,1,0,1,1,1,1,1,0,0,1,0,0,0,3,0,0,0,2,0,0,1,0,0,0,0,1,1,0,0,0,0,0,1,0,0,0,0,0,0,0,0,0,0,0,0,0,0,0,0,0,0,0,1,0,0,1,0,0,0,0,0,0,0,0,0,0,0,0,0,0,0,0,0,0,0,0,0,0,0,0,0,0,0,0,0,0,0,0,1,0,0,0,0,0,0,0,0,0,0,0,0,0,0,0,0,0,0,0,0,0,0,0,0,0,0,0,0,0,0,0,0,0,0,0,0,0,0,0,0,0,0,0,0,0,0,0,0,0,0,0,0,0,0,0,0,0,0,0,0,0,0,0,0,0,0,0,0,0,0,0
0,0,0,0,0,0,0,0,0,0,1,0,0,0,1,0,0,0,0,0,0,0,0,0,0,2,1,1,1,1,0,1,0,1,0,1,2,1,0,0,0,1,0,0,0,1,1,1,0,0,0,1,0,0,0,0,1,0,2,1,0,0,0,0,0,1,0,1,1,1,1,2,0,1,0,0,0,0,0,0,0,0,0,0,0,0,0,0,0,0,1,0,1,0,0,0,0,0,0,0,0,0,0,0,0,0,0,0,0,0,0,0,0,0,0,0,0,0,0,0,0,0,0,0,0,0,0,0,0,0,0,0,0,0,0,0,0,0,0,0,0,0,0,0,0,0,0,0,0,0,0,0,0,0,0,0,0,0,0,0,0,0,0,0,0,0,0,0,0,0,0,0,0,0,0,0,0,0,0,0,0,0,0,0,0,0,0,0,0,0,0,0,0,0,0,0,0,0,0,0
0,0,0,0,0,0,1,0,0,0,0,0,0,0,0,0,0,0,0,0,0,0,0,0,1,0,1,0,1,3,1,0,0,1,0,0,2,2,0,0,3,0,0,0,1,0,1,1,0,0,0,3,1,0,0,1,0,1,0,0,1,0,0,0,0,0,0,1,0,0,0,0,0,0,0,1,0,1,1,0,0,0,0,2,0,0,0,1,0,0,0,0,1,1,0,0,0,0,0,0,0,0,0,0,0,0,1,0,0,0,0,0,0,0,0,0,0,0,0,0,0,0,0,0,0,0,0,0,0,0,0,0,0,0,0,0,0,0,0,0,0,0,0,0,0,0,0,0,0,0,0,0,0,0,0,0,0,0,0,0,0,0,0,0,0,0,0,0,0,0,0,0,0,0,0,0,0,0,0,0,0,0,0,0,0,0,0,0,0,0,0,0,0,0,0,0,0,0,0,0
0,0,0,0,0,0,0,0,0,0,0,0,0,0,0,0,0,0,1,0,0,1,1,1,0,0,2,0,0,1,0,0,1,0,0,1,2,2,0,2,0,1,0,3,0,1,0,0,1,2,0,0,0,0,2,1,0,1,1,1,1,0,0,0,0,0,0,0,0,1,0,0,1,1,0,0,2,0,1,0,1,1,0,0,0,0,0,0,0,0,0,0,0,0,1,0,0,0,0,0,0,0,0,0,0,0,0,0,0,0,0,0,0,0,0,0,0,0,0,0,0,0,0,0,0,0,0,0,0,0,0,0,0,0,0,0,0,0,0,0,0,0,0,0,0,0,0,0,0,0,0,0,0,0,0,0,0,0,0,0,0,0,0,0,0,0,0,0,0,0,0,0,0,0,0,0,0,0,0,0,0,0,0,0,0,0,0,0,0,0,0,0,0,0,0,0,0,0,0,0
0,0,0,0,0,0,1,0,0,0,1,0,0,0,1,0,0,0,0,1,1,1,0,1,0,1,0,0,1,0,0,2,1,1,1,0,1,1,1,0,0,3,0,2,0,1,0,1,2,0,0,0,1,1,3,0,0,1,0,0,0,1,1,0,1,1,0,0,0,1,0,0,0,0,0,0,0,0,0,0,0,0,0,0,1,0,0,0,0,0,1,0,1,0,0,0,0,0,0,0,0,0,0,0,0,0,0,0,0,0,0,0,0,0,0,0,0,0,0,0,0,0,0,0,0,0,0,0,0,0,0,0,0,0,0,0,0,0,0,0,0,0,0,0,0,0,0,0,0,0,0,0,0,0,0,0,0,0,0,0,0,0,0,0,0,0,0,0,0,0,0,0,0,0,0,0,0,0,0,0,0,0,0,0,0,0,0,0,0,0,0,0,0,0,0,0,0,0,0,0
0,0,0,0,1,0,0,0,0,0,0,0,0,0,0,0,0,0,0,1,0,0,0,1,0,1,2,0,0,1,1,0,3,0,1,0,0,0,1,0,0,0,0,0,0,0,0,1,0,1,0,0,0,2,0,1,0,0,1,0,1,1,0,0,1,0,1,1,0,0,0,0,0,0,0,0,0,0,0,0,0,0,0,0,0,0,0,0,0,0,0,0,0,0,0,0,0,0,0,0,0,0,0,0,0,0,0,0,0,0,0,0,0,0,0,0,0,0,0,0,0,0,0,0,0,0,0,0,0,0,0,0,0,0,0,0,0,0,0,0,0,0,0,0,0,0,0,0,0,0,0,0,0,0,0,0,0,0,0,0,0,0,0,0,0,0,0,0,0,0,0,0,0,0,0,0,0,0,0,0,0,0,0,0,0,0,0,0,0,0,0,0,0,0,0,0,0,0,0,0
0,0,0,0,0,0,0,0,0,0,0,0,0,0,0,0,0,0,0,1,0,0,1,0,0,0,2,0,0,2,1,0,1,0,0,2,0,1,0,0,0,0,1,0,1,1,1,1,1,0,0,0,0,0,1,2,0,1,0,0,0,1,0,1,3,0,0,0,0,0,0,0,0,1,1,1,0,1,0,0,0,0,0,0,0,0,0,0,1,0,0,0,0,1,0,0,0,0,0,0,0,0,0,0,0,0,0,0,0,0,0,0,0,0,0,0,0,0,0,0,0,0,0,0,0,0,0,0,0,0,0,0,0,0,0,0,0,0,0,0,0,0,0,0,0,0,0,0,0,0,0,0,0,0,0,0,0,0,0,0,0,0,0,0,0,0,0,0,0,0,0,0,0,0,0,0,0,0,0,0,0,0,0,0,0,0,0,0,0,0,0,0,0,0,0,0,0,0,0,0
1,1,0,0,0,0,1,0,0,0,0,0,0,0,0,0,0,0,0,0,1,1,0,0,1,1,2,0,0,0,0,0,0,0,0,0,0,1,1,0,2,2,0,1,1,1,1,0,1,0,0,0,0,1,2,0,1,1,0,0,0,0,1,1,0,1,1,0,1,2,0,0,0,1,0,0,0,0,0,0,1,1,0,0,0,0,1,0,0,0,0,0,1,0,0,0,0,0,0,0,0,0,0,0,0,0,0,0,0,0,0,0,0,0,0,0,0,0,0,0,0,0,0,0,0,0,0,0,0,0,0,0,0,0,0,0,0,0,0,0,0,0,0,0,0,0,0,0,0,0,0,0,0,0,0,0,0,0,0,0,0,0,0,0,0,0,0,0,0,0,0,0,0,0,0,0,0,0,0,0,0,0,0,0,0,0,0,0,0,0,0,0,0,0,0,0,0,0,0,0
0,0,0,0,0,0,0,0,0,0,0,0,0,0,0,0,0,0,0,0,0,0,0,0,0,0,0,0,1,0,0,2,0,0,0,1,0,0,0,0,1,0,1,0,0,0,0,1,1,0,0,1,2,0,0,1,0,1,0,0,2,0,0,1,1,0,2,0,0,2,0,0,0,0,0,0,0,0,0,0,0,0,0,0,0,0,0,0,0,0,0,0,0,0,0,0,0,0,0,0,0,0,0,0,0,0,0,0,0,0,0,0,0,0,0,0,0,0,0,0,0,0,0,0,0,0,0,0,0,0,0,0,0,0,0,0,0,0,0,0,0,0,0,0,0,0,0,0,0,0,0,0,0,0,0,0,0,0,0,0,0,0,0,0,0,0,0,0,0,0,0,0,0,0,0,0,0,0,0,0,0,0,0,0,0,0,0,0,0,0,0,0,0,0,0,0,0,0,0,0
0,0,0,0,0,0,0,0,0,0,0,0,0,0,0,0,0,0,0,0,0,0,0,0,0,0,1,0,1,0,0,0,0,1,0,0,2,3,2,3,0,1,2,1,0,1,2,0,0,0,0,0,0,1,0,0,1,0,1,0,0,0,1,0,0,1,1,0,0,0,0,1,0,0,2,1,1,0,0,1,0,0,0,0,1,0,0,0,1,0,0,0,0,0,0,0,0,0,0,0,0,0,0,0,0,0,0,0,0,0,0,0,0,0,0,0,0,0,0,0,0,0,0,0,0,0,0,0,0,0,0,0,0,0,0,0,0,0,0,0,0,0,0,0,0,0,0,0,0,0,0,0,0,0,0,0,0,0,0,0,0,0,0,0,0,0,0,0,0,0,0,0,0,0,0,0,0,0,0,0,0,0,0,0,0,0,0,0,0,0,0,0,0,0,0,0,0,0,0,0
0,0,0,0,0,0,0,0,0,0,0,0,0,0,0,0,1,0,0,1,0,0,0,1,0,0,0,2,0,0,1,0,1,0,0,1,0,2,0,1,0,0,0,2,0,1,1,1,0,0,0,0,0,1,0,0,1,0,1,0,0,0,1,0,0,0,0,1,0,0,1,1,0,1,0,0,0,0,0,0,0,0,0,0,0,1,0,0,0,0,0,0,0,0,0,1,0,0,0,0,0,0,0,0,0,0,0,0,0,0,0,0,0,0,0,0,0,0,0,0,0,0,0,0,0,0,0,0,0,0,0,0,0,0,0,0,0,0,0,0,0,0,0,0,0,0,0,0,0,0,0,0,0,0,0,0,0,0,0,0,0,0,0,0,0,0,0,0,0,0,0,0,0,0,0,0,0,0,0,0,0,0,0,0,0,0,0,0,0,0,0,0,0,0,0,0,0,0,0,0
0,0,0,0,0,0,1,0,0,0,0,0,1,0,1,0,0,0,0,0,0,0,0,0,0,0,1,1,0,0,0,0,0,0,2,1,0,0,4,0,0,1,0,1,0,0,0,0,0,0,0,0,0,1,0,0,0,0,0,0,0,0,1,0,0,0,0,0,0,0,0,1,0,0,0,1,0,0,0,0,1,1,0,0,1,0,0,0,0,0,0,0,0,0,0,0,0,0,0,0,0,0,0,0,0,0,0,0,0,0,0,0,0,0,0,0,0,0,0,0,0,0,0,0,0,0,0,0,0,0,0,0,0,0,0,0,0,0,0,0,0,0,0,0,0,0,0,0,0,0,0,0,0,0,0,0,0,0,0,0,0,0,0,0,0,0,0,0,0,0,0,0,0,0,0,0,0,0,0,0,0,0,0,0,0,0,0,0,0,0,0,0,0,0,0,0,0,0,0,0
1,0,0,0,0,0,0,0,0,0,0,0,0,0,0,0,0,0,0,0,0,0,0,1,1,0,0,0,0,0,0,1,1,0,0,2,0,1,0,0,0,1,0,0,1,0,2,0,0,1,1,0,0,2,0,0,1,0,3,0,0,0,1,0,0,0,0,0,0,1,0,1,0,0,0,0,0,2,1,0,0,0,0,0,1,0,0,0,0,0,0,0,0,0,0,0,0,0,0,0,0,0,0,0,0,0,0,1,0,0,0,0,0,0,0,0,0,0,0,0,0,0,0,0,0,0,0,0,0,0,0,0,0,0,0,0,0,0,0,0,0,0,0,0,0,0,0,0,0,0,0,0,0,0,0,0,0,0,0,0,0,0,0,0,0,0,0,0,0,0,0,0,0,0,0,0,0,0,0,0,0,0,0,0,0,0,0,0,0,0,0,0,0,0,0,0,0,0,0,0
0,0,0,0,0,0,0,0,0,0,1,0,0,0,0,0,0,0,0,0,1,0,1,0,1,0,0,0,0,0,0,0,1,1,1,1,1,1,0,1,1,0,2,0,0,1,0,0,0,1,0,1,0,0,0,0,2,0,0,0,0,0,1,0,1,1,1,0,0,0,2,0,0,0,1,1,0,0,0,0,0,0,0,0,0,0,0,0,0,0,0,0,0,0,0,0,0,0,0,0,0,0,0,0,0,0,0,0,0,0,0,0,0,0,0,0,0,0,0,0,0,0,0,0,0,0,0,0,0,0,0,0,0,0,0,0,0,0,0,0,0,0,0,0,0,0,0,0,0,0,0,0,0,0,0,0,0,0,0,0,0,0,0,0,0,0,0,0,0,0,0,0,0,0,0,0,0,0,0,0,0,0,0,0,0,0,0,0,0,0,0,0,0,0,0,0,0,0,0,0
0,0,0,0,0,0,0,0,0,0,0,0,0,0,0,0,1,0,0,1,0,0,2,0,0,0,0,0,0,0,2,0,0,1,1,0,0,0,0,0,1,1,0,2,1,1,0,1,1,0,0,0,0,1,0,0,0,0,0,0,1,0,0,1,0,1,0,0,0,0,1,0,0,0,0,0,0,0,0,0,0,0,1,0,0,0,0,1,0,0,0,0,0,0,0,0,0,0,1,0,0,0,0,0,0,0,0,0,0,0,0,0,0,0,0,0,0,0,0,0,0,0,0,0,0,0,0,0,0,0,0,0,0,0,0,0,0,0,0,0,0,0,0,0,0,0,0,0,0,0,0,0,0,0,0,0,0,0,0,0,0,0,0,0,0,0,0,0,0,0,0,0,0,0,0,0,0,0,0,0,0,0,0,0,0,0,0,0,0,0,0,0,0,0,0,0,0,0,0,0
0,0,0,0,0,0,0,0,0,0,0,0,0,0,0,0,0,0,0,0,1,1,1,1,0,0,0,0,0,0,0,1,1,0,0,0,0,1,1,0,0,0,0,1,0,0,2,0,0,0,0,0,1,0,0,2,1,0,0,1,0,0,1,0,1,1,1,0,0,1,0,0,0,0,1,0,0,0,1,0,0,0,0,0,0,0,0,1,0,0,0,0,0,0,1,0,0,0,0,0,0,0,0,0,0,0,0,0,0,0,0,0,0,0,0,0,0,0,0,0,0,0,0,0,0,0,0,0,0,0,0,0,0,0,0,0,0,0,0,0,0,0,0,0,0,0,0,0,0,0,0,0,0,0,0,0,0,0,0,0,0,0,0,0,0,0,0,0,0,0,0,0,0,0,0,0,0,0,0,0,0,0,0,0,0,0,0,0,0,0,0,0,0,0,0,0,0,0,0,0
0,0,0,0,0,0,0,0,0,0,0,0,1,0,0,1,0,0,0,0,0,0,0,2,0,0,0,0,1,0,0,0,0,0,0,2,0,0,2,0,0,1,0,0,1,0,0,1,0,0,1,2,0,1,0,2,1,0,0,1,0,0,0,0,0,0,1,0,0,1,1,0,0,1,0,0,0,0,0,0,0,0,0,0,0,0,0,0,0,0,1,0,0,1,0,0,0,0,0,0,0,0,0,0,0,0,0,0,0,0,0,0,0,0,0,0,0,0,0,0,0,0,0,0,0,0,0,0,0,0,0,0,0,0,0,0,0,0,0,0,0,0,0,0,0,0,0,0,0,0,0,0,0,0,0,0,0,0,0,0,0,0,0,0,0,0,0,1,0,0,0,0,0,0,0,0,0,0,0,0,0,0,0,0,0,0,0,0,0,0,0,0,0,0,0,0,0,0,0,0
0,0,0,0,0,0,0,0,0,0,0,0,1,0,0,0,0,0,0,0,2,0,0,0,1,0,0,0,0,0,0,0,0,0,1,2,1,1,1,1,0,0,0,2,0,0,1,1,2,0,2,2,0,0,0,0,1,0,0,0,1,0,0,0,0,0,1,0,0,1,0,0,0,0,0,1,0,0,0,0,0,0,0,0,0,0,0,0,0,0,0,0,0,0,1,0,0,1,0,0,0,0,0,0,0,0,0,0,0,0,0,0,0,0,0,0,0,0,0,0,0,0,0,0,0,0,0,0,0,0,0,0,0,0,0,0,0,0,0,0,0,0,0,0,0,0,0,0,0,0,0,0,0,0,0,0,0,0,0,0,0,0,0,0,0,0,0,0,0,0,0,0,0,0,0,0,0,0,0,0,0,0,0,0,0,0,0,0,0,0,0,0,0,0,0,0,0,0,0,0
0,0,0,0,0,0,0,0,0,0,0,0,0,0,0,1,0,0,0,0,0,0,0,1,1,0,0,1,0,0,0,0,0,0,0,0,0,1,1,1,1,0,2,1,0,0,1,1,1,0,0,1,1,0,0,0,1,0,0,1,1,0,1,0,0,1,0,0,0,0,0,0,0,1,0,2,0,0,0,0,0,0,0,0,0,0,0,0,0,0,0,0,0,0,0,0,0,0,0,1,0,0,0,0,0,0,0,0,0,0,0,0,0,0,0,0,0,0,0,0,0,0,0,0,0,0,0,0,0,0,0,0,0,0,0,0,0,0,0,0,0,0,0,0,0,0,0,0,0,0,0,0,0,0,0,0,0,0,0,0,0,0,0,0,0,0,0,0,0,0,0,0,0,0,0,0,0,0,0,0,0,0,0,0,0,0,0,0,0,0,0,0,0,0,0,0,0,0,0,0
0,0,0,0,0,0,0,0,0,0,0,0,0,0,0,0,1,1,0,0,1,0,0,0,0,0,0,0,0,0,0,1,0,2,0,1,0,1,0,0,0,0,1,1,0,1,3,0,1,0,0,1,1,2,0,0,0,0,0,0,0,0,1,0,0,0,0,0,0,0,0,1,0,0,0,0,0,0,0,0,0,0,0,0,1,0,0,0,0,0,0,0,0,0,0,0,0,0,0,0,0,0,0,0,0,0,0,0,0,0,0,0,0,0,0,0,0,0,0,0,0,0,0,0,0,0,0,0,0,0,0,0,0,0,0,0,0,0,0,0,0,0,0,0,0,0,0,0,0,0,0,0,0,0,0,0,0,0,0,0,0,0,0,0,0,0,0,0,0,0,0,0,0,0,0,0,0,0,0,0,0,0,0,0,0,0,0,0,0,0,0,0,0,0,0,0,0,0,0,0
0,0,0,0,0,0,0,0,0,0,0,0,0,0,0,0,0,1,0,0,1,0,0,0,0,0,0,0,1,0,0,1,0,1,0,0,1,0,2,0,0,0,0,1,0,0,0,0,2,1,1,0,0,1,0,1,0,1,0,0,0,0,0,0,0,0,0,0,0,1,1,0,0,0,0,0,0,0,0,0,0,0,0,0,0,0,0,0,0,0,0,0,0,1,0,0,0,0,0,0,0,0,0,0,0,0,0,0,0,0,0,0,0,0,0,0,0,0,0,0,0,0,0,0,0,0,0,0,0,0,0,0,0,0,0,0,0,0,0,0,0,0,0,0,0,0,0,0,0,0,0,0,0,0,0,0,0,0,0,0,0,0,0,0,0,0,0,0,0,0,0,0,0,0,0,0,0,0,0,0,0,0,0,0,0,0,0,0,0,0,0,0,0,0,0,0,0,0,0,0
0,0,0,0,0,0,0,0,0,0,0,0,0,0,0,0,0,0,0,0,0,0,0,2,0,0,1,0,1,0,0,2,1,0,0,1,0,0,0,0,0,0,1,0,1,1,0,1,0,0,1,0,0,1,1,0,0,0,1,0,0,0,0,2,1,0,0,0,1,0,0,1,0,2,0,0,0,0,0,0,0,0,0,0,0,0,0,0,0,0,0,0,0,0,0,0,1,0,0,0,0,1,0,0,0,0,0,0,0,0,0,0,0,0,0,0,0,0,0,0,0,0,0,0,0,0,0,0,0,0,0,0,0,0,0,0,0,0,0,0,0,0,0,0,0,0,0,0,0,0,0,0,0,0,0,0,0,0,0,0,0,0,0,0,0,0,0,0,0,0,0,0,0,0,0,0,0,0,0,0,0,0,0,0,0,0,0,0,0,0,0,0,0,0,0,0,0,0,0,0
0,0,0,0,0,0,0,0,0,0,0,0,0,0,0,0,0,0,1,0,0,0,0,0,0,0,0,0,0,0,2,0,0,1,2,2,0,0,1,0,1,0,0,0,0,1,0,0,0,0,1,0,1,0,1,0,0,2,0,1,0,0,0,1,0,0,1,0,0,0,0,1,1,0,0,0,0,0,0,0,0,0,0,0,0,0,0,0,0,0,0,0,0,0,0,0,0,0,0,0,0,0,0,0,0,0,0,0,0,0,0,0,0,0,0,0,0,0,0,0,0,0,0,0,0,0,0,0,0,0,0,0,0,0,0,0,0,0,0,0,0,0,0,0,0,0,0,0,0,0,0,0,0,0,0,0,0,0,0,0,0,0,0,0,0,0,0,0,0,0,0,0,0,0,0,0,0,0,0,0,0,0,0,0,0,0,0,0,0,0,0,0,0,0,0,0,0,0,0,0
0,0,0,0,0,0,0,0,0,0,0,0,0,0,0,0,0,0,0,0,1,2,0,0,0,0,0,0,0,0,0,0,1,0,0,0,1,1,0,0,0,2,0,0,2,0,0,1,0,1,0,1,0,1,0,0,1,1,0,0,2,0,0,0,0,0,0,0,0,0,0,0,1,0,0,0,1,0,0,0,0,0,0,0,0,0,0,0,0,1,0,0,0,0,0,0,0,0,0,0,0,0,0,0,0,0,0,0,0,0,0,0,0,0,0,0,0,0,0,0,0,0,0,0,0,0,0,0,0,0,0,0,0,0,0,0,0,0,0,0,0,0,0,0,0,0,0,0,0,0,0,0,0,0,0,0,0,0,0,0,0,0,0,0,0,0,0,0,0,0,0,0,0,0,0,0,0,0,0,0,0,0,0,0,0,0,0,0,0,0,0,0,0,0,0,0,0,0,0,0
0,0,0,0,0,0,0,0,0,0,0,0,0,0,0,1,0,0,0,0,0,0,1,0,1,0,0,0,0,0,0,0,0,0,0,0,1,0,0,2,0,0,0,0,0,1,0,0,0,1,0,0,1,0,1,1,0,0,1,0,0,0,1,0,0,1,0,0,0,1,0,0,0,0,0,0,0,0,1,0,0,0,0,0,0,0,0,1,1,0,0,0,0,0,0,1,0,0,0,0,0,0,0,0,0,0,0,0,0,0,0,0,0,0,0,0,0,0,0,0,0,0,0,0,0,0,0,0,0,0,0,0,0,0,0,0,0,0,0,0,0,0,0,0,0,0,0,0,0,0,0,0,0,0,0,0,0,0,0,0,0,0,0,0,0,0,0,0,0,0,0,0,0,0,0,0,0,0,0,0,0,0,0,0,0,0,0,0,0,0,0,0,0,0,0,0,0,0,0,0
0,0,0,1,0,0,0,0,0,0,1,0,1,0,0,0,0,0,0,0,0,1,0,0,2,0,1,0,0,0,0,1,0,1,1,0,0,1,0,0,0,1,0,0,0,2,0,2,1,0,0,0,0,1,0,0,1,0,0,0,0,0,0,0,1,0,0,0,0,1,0,0,0,0,1,0,0,0,0,0,0,0,0,0,0,0,0,0,0,0,0,0,0,0,0,0,0,0,0,0,0,0,0,0,0,0,0,0,0,0,0,0,0,0,0,0,0,0,0,0,1,0,0,0,0,0,0,0,0,0,0,0,0,0,0,0,0,0,0,0,0,0,0,0,0,0,0,0,0,0,0,0,0,0,0,0,0,0,0,0,0,0,0,0,0,0,0,0,0,0,0,0,0,0,0,0,0,0,0,0,0,0,0,0,0,0,0,0,0,0,0,0,0,0,0,0,0,0,0,0
0,0,0,0,0,0,1,0,0,0,0,0,0,0,0,0,0,0,0,0,0,1,0,0,0,1,1,0,0,0,0,1,0,0,0,1,1,1,0,0,0,0,0,1,0,1,0,0,0,0,0,0,0,0,1,0,1,0,0,0,0,2,0,0,1,0,0,0,0,0,0,1,0,0,0,0,0,1,0,0,0,1,0,1,0,1,0,0,0,0,0,0,0,0,0,0,0,0,0,0,0,0,0,0,0,0,0,0,0,0,0,0,0,0,0,0,0,0,0,0,0,0,0,0,0,0,0,0,0,0,0,0,0,0,0,0,0,0,0,0,0,0,0,0,0,0,0,0,0,0,0,0,0,0,0,0,0,0,0,0,0,0,0,0,0,0,0,0,0,0,0,0,0,0,0,0,0,0,0,0,0,0,0,0,0,0,0,0,0,0,0,0,0,0,0,0,0,0,0,0
0,0,0,0,0,0,0,0,0,0,0,0,0,0,0,0,0,0,0,0,1,0,0,0,1,0,0,0,1,0,0,1,0,0,0,1,0,0,0,0,0,0,0,0,0,0,2,0,0,0,0,1,0,0,0,0,1,0,0,0,0,0,1,0,0,0,0,0,0,0,0,0,0,1,1,0,0,0,0,0,0,0,1,0,1,0,0,0,0,0,0,0,0,0,0,0,0,0,0,0,0,0,0,0,0,0,0,0,0,0,0,0,0,0,0,0,0,0,0,0,0,0,0,0,0,0,0,0,0,0,0,0,0,0,0,0,0,0,0,0,0,0,0,0,0,0,0,0,0,0,0,0,0,0,0,0,0,0,0,0,0,0,0,0,0,0,0,0,0,0,0,0,0,0,0,0,0,0,0,0,0,0,0,0,0,0,0,0,0,0,0,0,0,0,0,0,0,0,0,0
0,0,0,0,0,0,0,0,0,0,0,0,0,0,1,0,0,0,1,0,0,0,0,2,0,0,1,0,0,0,0,2,1,1,0,0,0,0,0,1,0,0,1,0,0,0,2,0,0,0,0,2,0,1,0,0,0,0,0,0,0,1,0,0,0,0,0,0,0,1,0,0,2,0,0,0,0,0,0,0,1,0,0,0,0,0,0,0,1,0,0,0,0,0,0,0,0,0,0,0,0,0,0,0,0,0,0,0,0,0,0,0,0,0,0,0,0,0,1,0,0,0,0,0,0,0,0,0,0,0,0,0,0,0,0,0,0,0,0,0,0,0,0,0,0,0,0,0,0,0,0,0,0,0,0,0,0,0,0,0,0,0,0,0,0,0,0,0,0,0,0,0,0,0,0,0,0,0,0,0,0,0,0,0,0,0,0,0,0,0,0,0,0,0,0,0,0,0,0,0
0,0,0,0,0,0,0,0,0,0,0,0,0,0,0,0,0,0,0,0,0,1,0,0,0,0,0,0,0,0,0,0,0,0,0,0,0,1,1,0,0,0,0,0,2,0,0,0,1,1,0,0,3,1,0,0,0,0,1,0,0,2,1,1,1,0,1,0,0,1,0,0,0,0,1,0,1,0,0,0,0,0,0,1,0,0,0,0,0,0,0,0,0,0,0,0,0,0,0,0,0,0,0,0,0,0,0,0,0,0,0,0,0,0,0,0,0,0,0,0,0,0,0,0,0,0,0,0,0,0,0,0,0,0,0,0,0,0,0,0,0,0,0,0,0,0,0,0,0,0,0,0,0,0,0,0,0,0,0,0,0,0,0,0,0,0,0,0,0,0,0,0,0,0,0,0,0,0,0,0,0,0,0,0,0,0,0,0,0,0,0,0,0,0,0,0,0,0,0,0
0,0,0,0,0,0,0,0,0,0,1,0,0,0,0,0,0,0,0,0,0,0,1,0,1,0,0,1,0,0,1,1,1,0,0,0,0,0,0,0,0,0,1,0,1,0,0,0,0,1,0,0,0,0,0,1,1,0,0,0,0,0,0,0,0,0,0,0,1,0,0,1,0,0,0,1,0,0,0,0,0,0,0,0,0,0,0,0,0,1,0,0,0,0,0,0,0,0,0,0,0,0,0,0,0,0,0,0,0,0,0,0,0,0,0,0,0,0,0,0,0,0,0,0,0,0,0,0,0,0,0,0,0,0,0,0,0,0,0,0,0,0,0,0,0,0,0,0,0,0,0,0,0,0,0,0,0,0,0,0,0,0,0,0,0,0,0,0,0,0,0,0,0,0,0,0,0,0,0,0,0,0,0,0,0,0,0,0,0,0,0,0,0,0,0,0,0,0,0,0
0,0,0,0,0,0,0,0,0,0,0,0,0,0,0,0,0,0,0,0,0,0,0,0,0,0,0,0,1,0,0,0,1,0,1,0,1,0,0,0,0,0,1,0,0,1,0,0,1,1,0,0,0,0,1,0,0,0,0,0,0,0,0,1,0,1,0,0,0,0,0,0,1,0,0,0,0,0,0,0,1,0,0,0,0,0,0,0,0,0,0,0,0,0,0,0,0,0,0,0,1,0,0,0,0,0,0,0,0,0,0,0,0,0,0,0,0,0,0,0,0,0,0,0,0,0,0,0,0,0,0,0,0,0,0,0,0,0,0,0,0,0,0,0,0,0,0,0,0,0,0,0,0,0,0,0,0,0,0,0,0,0,0,0,0,0,0,0,0,0,0,0,0,0,0,0,0,0,0,0,0,0,0,0,0,0,0,0,0,0,0,0,0,0,0,0,0,0,0,0
0,0,0,0,0,0,0,0,0,0,0,0,0,2,0,0,0,0,0,1,0,2,0,0,0,0,0,0,0,0,0,0,0,0,0,2,1,0,1,0,0,0,0,0,1,1,0,0,0,0,0,1,0,0,0,0,0,1,0,0,0,0,0,0,0,0,0,1,0,1,0,0,0,0,0,0,0,0,0,0,0,0,0,0,1,0,0,0,0,0,0,0,0,0,0,0,0,0,0,0,0,0,0,0,0,0,0,0,0,0,0,0,0,0,0,0,0,0,0,0,0,0,0,0,0,0,0,0,0,0,0,0,0,0,0,0,0,0,0,0,0,0,0,0,0,0,0,0,0,0,0,0,0,0,0,0,0,0,0,0,0,0,0,0,0,0,0,0,0,0,0,0,0,0,0,0,0,0,0,0,0,0,0,0,0,0,0,0,0,0,0,0,0,0,0,0,0,0,0,0
0,0,0,1,0,0,0,0,0,0,0,0,0,0,0,0,0,0,0,0,0,0,0,0,0,0,0,0,0,1,0,0,0,0,0,0,0,0,1,0,0,0,0,1,0,1,0,0,1,0,0,0,0,0,0,0,0,0,2,0,1,0,1,0,1,0,0,0,0,0,0,0,0,0,0,0,0,0,0,0,0,0,0,0,0,0,0,0,0,0,0,0,0,0,0,0,0,0,0,0,0,0,0,0,0,0,0,0,0,0,0,0,0,0,0,0,0,0,0,0,0,0,0,0,0,0,0,0,0,0,0,0,0,0,0,0,0,0,0,0,0,0,0,0,0,0,0,0,0,0,0,0,0,0,0,0,0,0,0,0,0,0,0,0,0,0,0,0,0,0,0,0,0,0,0,0,0,0,0,0,0,0,0,0,0,0,0,0,0,0,0,0,0,0,0,0,0,0,0,0
0,1,0,0,0,0,0,0,0,0,0,0,0,0,0,0,1,0,0,0,0,0,0,1,0,0,0,0,0,0,0,0,1,0,0,0,0,0,0,0,0,1,1,0,0,0,0,0,0,0,0,0,0,0,0,0,1,0,0,0,0,0,1,0,1,0,0,0,0,0,1,0,0,0,0,0,0,0,0,0,0,0,1,0,0,0,0,0,0,1,0,0,0,0,0,0,0,0,0,0,0,0,0,0,0,0,0,0,0,0,0,0,0,0,0,0,0,0,0,0,0,0,0,0,0,0,0,0,0,0,0,0,0,0,0,0,0,0,0,0,0,0,0,0,0,0,0,0,0,0,0,0,0,0,0,0,0,0,0,0,0,0,0,0,0,0,0,0,0,0,0,0,0,0,0,0,0,0,0,0,0,0,0,0,0,0,0,0,0,0,0,0,0,0,0,0,0,0,0,0
0,0,0,0,0,0,0,0,0,0,0,1,0,0,0,0,0,0,0,1,0,1,0,0,2,0,0,0,0,0,1,0,0,0,0,0,0,1,0,0,1,0,0,0,1,1,0,0,0,0,0,0,0,0,0,1,1,2,0,1,0,0,0,0,0,0,0,0,0,0,0,0,0,0,0,0,0,0,0,0,1,0,0,0,0,0,0,0,0,0,0,0,0,0,0,0,0,1,0,0,0,0,0,0,0,0,0,0,0,0,0,0,1,0,0,0,0,0,0,0,0,0,0,0,0,0,0,0,0,0,0,0,0,0,0,0,0,0,0,0,0,0,0,0,0,0,0,0,0,0,0,0,0,0,0,0,0,0,0,0,0,0,0,0,0,0,0,0,0,0,0,0,0,0,0,0,0,0,0,0,0,0,0,0,0,0,0,0,0,0,0,0,0,0,0,0,0,0,0,0
0,0,0,0,0,0,0,0,0,0,0,0,0,0,0,0,0,0,0,0,0,0,0,0,0,0,0,0,2,0,0,0,0,0,1,0,0,0,0,0,0,0,0,0,0,0,1,0,0,1,0,1,0,1,0,1,0,0,0,1,1,1,1,0,0,1,0,0,1,0,0,0,0,0,0,0,0,0,0,0,0,0,0,0,0,0,0,0,0,0,0,0,0,0,0,0,0,0,0,0,0,0,0,0,0,0,0,0,0,0,0,0,0,0,0,0,0,0,0,0,0,0,0,0,0,0,0,0,0,0,0,0,0,0,0,0,0,0,0,0,0,0,0,0,0,0,0,0,0,0,0,0,0,0,0,0,0,0,0,0,0,0,0,0,0,0,0,0,0,0,0,0,0,0,0,0,0,0,0,0,0,0,0,0,0,0,0,0,0,0,0,0,0,0,0,0,0,0,0,0
0,0,0,0,0,0,0,0,0,0,0,0,1,0,0,0,0,0,0,0,0,0,1,0,0,0,0,0,0,1,0,0,0,0,0,0,0,1,0,0,0,0,0,0,1,1,0,0,1,1,0,1,0,0,0,0,0,0,1,0,0,0,0,0,0,0,0,0,0,0,0,0,0,0,0,0,0,0,0,0,0,0,0,0,0,0,0,0,0,0,0,0,0,0,0,0,0,0,0,0,0,0,0,0,0,0,0,0,0,0,0,0,0,0,1,0,0,0,1,0,0,0,0,0,0,0,0,0,0,0,0,0,0,0,0,0,0,0,0,0,0,0,0,0,0,0,0,0,0,0,0,0,0,0,0,0,0,0,0,0,0,0,0,0,0,0,0,0,0,0,0,0,0,0,0,0,0,0,0,0,0,0,0,0,0,0,0,0,0,0,0,0,0,0,0,0,0,0,0,0
0,0,0,0,0,0,0,0,0,0,0,0,0,0,0,0,0,0,0,0,0,1,0,1,0,0,0,0,0,0,0,0,0,0,0,0,0,0,0,0,0,0,0,0,0,0,1,0,0,0,1,0,0,0,0,0,0,0,2,0,0,0,0,0,0,0,0,1,0,0,0,0,0,0,0,0,0,0,0,0,0,0,0,0,0,0,0,0,0,0,0,1,0,0,0,0,0,0,0,0,0,0,0,0,0,0,0,0,0,0,0,0,0,0,0,0,0,0,0,0,0,0,0,0,0,0,0,0,0,0,0,0,0,0,0,0,0,0,0,0,0,0,0,0,0,0,0,0,0,0,0,0,0,0,0,0,0,0,0,0,0,0,0,0,0,0,0,0,0,0,0,0,0,0,0,0,0,0,0,0,0,0,0,0,0,0,0,0,0,0,0,0,0,0,0,0,0,0,0,0
0,0,0,0,0,0,0,0,0,0,0,0,0,0,0,0,0,0,0,0,0,0,0,0,0,0,0,0,0,0,1,1,0,1,0,0,0,2,0,0,0,0,0,0,0,0,0,1,0,1,0,0,0,0,2,1,0,1,0,0,0,0,0,0,1,1,0,0,2,0,0,0,0,0,0,0,0,0,0,0,0,0,0,0,0,1,0,0,0,0,0,0,0,0,0,0,0,0,0,0,0,0,0,0,0,0,0,0,0,0,0,0,0,0,0,0,0,0,0,0,0,0,0,0,0,0,0,0,0,0,0,0,0,0,0,0,0,0,0,0,0,0,0,0,0,0,0,0,0,0,0,0,0,0,0,0,0,0,0,0,0,0,0,0,0,0,0,0,0,0,0,0,0,0,0,0,0,0,0,0,0,0,0,0,0,0,0,0,0,0,0,0,0,0,0,0,0,0,0,0
0,1,0,0,0,0,0,0,0,0,0,0,0,0,0,0,0,0,0,0,0,1,0,0,1,0,0,0,0,0,0,0,0,0,0,1,0,1,0,1,0,0,0,1,0,0,0,0,1,0,0,2,0,0,0,0,0,0,2,0,0,0,0,0,0,0,0,0,0,0,0,0,0,0,0,0,0,0,0,0,0,0,0,0,0,0,0,0,0,0,0,0,0,0,0,0,0,0,0,0,0,0,0,0,1,0,0,0,0,1,0,0,0,0,0,0,0,0,0,0,0,0,0,0,0,0,0,0,0,0,0,0,0,0,0,0,0,0,0,0,0,0,0,0,0,0,0,0,0,0,0,0,0,0,0,0,0,0,0,0,0,0,0,0,0,0,0,0,0,0,0,0,0,0,0,0,0,0,0,0,0,0,0,0,0,0,0,0,0,0,0,0,0,0,0,0,0,0,0,0
0,0,0,1,0,0,0,0,0,0,0,0,0,0,0,0,0,0,0,0,0,0,1,0,0,0,0,0,0,0,0,0,0,0,0,0,0,0,0,0,0,1,0,0,0,0,0,0,0,0,0,0,0,1,0,0,0,0,1,0,1,0,1,0,0,0,0,0,0,0,1,0,1,0,0,0,0,0,0,0,0,0,0,0,0,0,0,0,0,0,0,0,0,0,0,0,0,0,0,0,0,0,0,0,0,0,0,0,0,0,0,0,0,0,0,0,0,0,0,0,0,0,0,0,0,0,0,0,0,0,0,0,0,0,0,0,0,0,0,0,0,0,0,0,0,0,0,0,0,0,0,0,0,0,0,0,0,0,0,0,0,0,0,0,0,0,0,0,0,0,0,0,0,0,0,0,0,0,0,0,0,0,0,0,0,0,0,0,0,0,0,0,0,0,0,0,0,0,0,0
0,0,0,0,0,0,0,0,0,0,0,0,0,0,0,0,0,0,0,0,0,0,0,0,0,0,0,0,0,1,0,0,1,0,0,0,0,0,1,1,1,0,0,0,1,0,1,1,1,0,1,0,0,0,0,1,1,0,0,0,0,1,0,0,0,0,0,0,0,1,0,0,0,0,0,0,0,0,0,0,0,0,0,1,0,0,0,0,0,0,0,0,0,0,0,0,0,0,0,0,0,0,0,0,0,0,0,0,0,0,0,0,0,0,0,0,0,0,0,0,0,0,0,0,0,0,0,0,0,0,0,0,0,0,0,0,0,0,0,0,0,0,0,0,0,0,0,0,0,0,0,0,0,0,0,0,0,0,0,0,0,0,0,0,0,0,0,0,0,0,0,0,0,0,0,0,0,0,0,0,0,0,0,0,0,0,0,0,0,0,0,0,0,0,0,0,0,0,0,0
0,0,0,0,0,0,0,0,0,0,0,0,0,0,0,0,0,0,0,0,0,0,0,0,0,0,0,0,0,0,0,0,0,0,2,0,1,0,0,0,0,0,1,0,0,1,1,0,0,1,0,0,0,0,0,0,0,0,0,0,0,0,0,0,0,0,0,0,0,0,0,0,0,0,0,0,0,0,0,0,1,1,0,0,0,0,0,0,0,0,1,0,0,0,0,0,0,0,0,0,0,0,0,0,0,0,0,0,0,0,0,0,0,0,0,0,0,0,0,0,0,0,0,0,0,0,0,0,0,0,0,0,0,0,0,0,0,0,0,0,0,0,0,0,0,0,0,0,0,0,0,0,0,0,0,0,0,0,0,0,0,0,0,0,0,0,0,0,0,0,0,0,0,0,0,0,0,0,0,0,0,0,0,0,0,0,0,0,0,0,0,0,0,0,0,0,0,0,0,0
0,0,0,0,0,0,0,0,0,0,0,0,0,0,1,0,0,1,0,0,0,1,0,0,0,0,0,0,0,0,0,1,0,1,0,0,0,0,0,1,0,0,0,0,0,0,0,0,0,0,0,0,0,2,1,0,1,0,0,0,0,0,0,1,0,0,0,0,0,0,0,0,0,0,0,0,0,0,0,0,0,0,0,0,0,0,0,0,0,0,0,0,0,0,0,0,0,0,0,0,0,0,0,0,0,0,0,0,0,0,0,0,0,0,0,0,0,0,0,0,0,0,0,0,0,0,0,0,0,0,0,0,0,0,0,0,0,0,0,0,0,0,0,0,0,0,0,0,0,0,0,0,0,0,0,0,0,0,0,0,0,0,0,0,0,0,0,0,0,0,0,0,0,0,0,0,0,0,0,0,0,0,0,0,0,0,0,0,0,0,0,0,0,0,0,0,0,0,0,0
0,0,0,0,0,0,0,0,0,0,0,0,0,0,0,0,0,0,0,0,1,0,0,0,0,0,0,0,0,0,1,0,0,0,0,0,1,1,1,0,1,0,0,0,0,0,0,0,0,0,0,1,0,0,0,0,0,1,0,0,0,0,0,0,1,0,0,0,0,1,1,0,1,0,0,0,0,0,0,0,0,0,0,0,0,0,0,0,0,0,0,0,0,0,0,0,0,0,0,0,0,0,0,0,0,0,0,0,0,0,0,0,0,0,0,0,0,0,0,0,0,0,0,0,0,0,0,0,0,0,0,0,0,0,0,0,0,0,0,0,0,0,0,0,0,0,0,0,0,0,0,0,0,0,0,0,0,0,0,0,0,0,0,0,0,0,0,0,0,0,0,0,0,0,0,0,0,0,0,0,0,0,0,0,0,0,0,0,0,0,0,0,0,0,0,0,0,0,0,0
0,0,0,0,0,0,0,0,0,0,0,0,0,0,0,0,0,0,0,0,0,0,0,0,0,0,0,0,0,0,0,0,1,0,0,0,0,0,0,0,0,0,0,1,0,0,1,0,1,0,0,0,0,0,0,0,0,0,0,2,1,0,1,0,0,0,0,0,0,0,0,0,0,1,0,0,0,1,0,0,0,0,0,0,0,0,0,0,0,0,0,0,0,0,0,0,0,0,0,0,0,0,0,0,0,0,0,0,0,0,0,0,0,0,0,0,0,0,0,0,0,0,0,0,0,0,0,0,0,0,0,0,0,0,0,0,0,0,0,0,0,0,0,0,0,0,0,0,0,0,0,0,0,0,0,0,0,0,0,0,0,0,0,0,0,0,0,0,0,0,0,0,0,0,0,0,0,0,0,0,0,0,0,0,0,0,0,0,0,0,0,0,0,0,0,0,0,0,0,0
0,0,0,0,0,0,0,0,0,0,0,0,0,0,0,0,0,0,0,0,0,0,0,0,0,0,0,0,0,1,0,0,0,0,0,0,0,0,1,0,0,0,0,0,0,0,0,0,0,0,0,0,0,0,0,0,0,1,0,1,0,0,0,1,0,0,0,0,1,0,0,0,0,0,0,0,0,0,0,0,0,0,0,1,0,0,0,0,0,0,0,0,0,0,0,0,0,0,0,0,0,0,0,0,0,0,0,0,0,0,0,0,0,0,0,0,0,0,0,0,0,0,0,0,0,0,0,0,0,0,0,0,0,0,0,0,0,0,0,0,0,0,0,0,0,0,0,0,0,0,0,0,0,0,0,0,0,0,0,0,0,0,0,0,0,0,0,0,0,0,0,0,0,0,0,0,0,0,0,0,0,0,0,0,0,0,0,0,0,0,0,0,0,0,0,0,0,0,0,0
0,0,0,0,0,0,0,0,0,0,0,0,0,0,0,0,0,0,0,0,0,0,0,2,0,0,0,1,0,0,0,0,1,0,0,0,0,0,1,0,0,0,0,0,1,0,0,0,0,1,0,0,0,1,2,0,0,0,2,1,0,0,0,0,0,0,0,0,0,1,1,0,0,0,0,0,0,0,1,0,0,0,0,0,0,0,0,0,0,0,0,0,0,0,0,0,0,0,0,0,0,0,0,0,0,0,0,0,0,0,0,0,0,0,0,0,0,0,0,0,0,0,0,0,0,0,0,0,0,0,0,0,0,0,0,0,0,0,0,0,0,0,0,0,0,0,0,0,0,0,0,0,0,0,0,0,0,0,0,0,0,0,0,0,0,0,0,0,0,0,0,0,0,0,0,0,0,0,0,0,0,0,0,0,0,0,0,0,0,0,0,0,0,0,0,0,0,0,0,0
0,0,0,0,0,0,0,0,0,0,1,0,0,0,0,0,0,1,0,0,0,0,0,0,0,0,0,0,0,1,0,0,0,0,0,0,0,1,0,0,0,0,0,0,0,0,0,0,0,0,0,0,0,0,0,0,0,0,0,0,0,0,0,0,0,0,0,0,0,0,0,0,0,0,0,0,0,0,0,0,0,0,0,0,0,0,0,0,0,0,0,0,0,0,0,0,0,0,0,0,0,0,0,0,0,0,0,0,0,0,0,0,0,0,0,0,0,0,0,0,0,0,0,0,0,0,0,0,0,0,0,0,0,0,0,0,0,0,0,0,0,0,0,0,0,0,0,0,0,0,0,0,0,0,0,0,0,0,0,0,0,0,0,0,0,0,0,0,0,0,0,0,0,0,0,0,0,0,0,0,0,0,0,0,0,0,0,0,0,0,0,0,0,0,0,0,0,0,0,0
0,0,0,0,0,0,0,0,0,0,0,0,0,0,0,0,0,0,0,0,0,0,0,0,0,1,1,0,1,0,0,0,0,0,0,0,0,0,0,1,0,0,0,0,0,0,0,1,0,0,0,0,0,0,0,0,1,1,0,0,0,1,0,0,1,0,0,0,0,0,0,0,0,0,0,0,0,0,0,0,0,0,0,0,0,0,0,0,0,0,0,0,0,0,0,0,0,0,0,0,0,0,0,0,0,0,0,0,0,0,0,0,0,0,0,0,0,0,0,0,0,0,0,0,1,0,0,0,0,0,0,0,0,0,0,0,0,0,0,0,0,0,0,0,0,0,0,0,0,0,0,0,0,0,0,0,0,0,0,0,0,0,0,0,0,0,0,0,0,0,0,0,0,0,0,0,0,0,0,0,0,0,0,0,0,0,0,0,0,0,0,0,0,0,0,0,0,0,0,0
0,0,0,0,0,0,0,0,0,0,0,0,0,0,0,0,0,0,0,0,0,0,0,0,0,0,0,0,0,0,0,0,0,0,0,0,0,0,0,0,0,0,0,0,0,0,0,0,0,0,1,1,0,0,0,1,0,1,0,0,0,0,0,0,0,0,0,0,0,0,0,0,0,0,0,0,0,0,0,0,0,0,0,0,0,0,0,0,0,0,0,0,0,0,0,0,0,0,0,0,0,0,0,0,0,0,0,0,0,0,0,0,0,0,0,0,0,0,0,0,0,0,0,0,0,0,0,0,0,0,0,0,0,0,0,0,0,0,0,0,0,0,0,0,0,0,0,0,0,0,0,0,0,0,0,0,0,0,0,0,0,0,0,0,0,0,0,0,0,0,0,0,0,0,0,0,0,0,0,0,0,0,0,0,0,0,0,0,0,0,0,0,0,0,0,0,0,0,0,0
