6,2,5,3,5,5,9,10,7,11,12,9,17,23,18,17,27,11,35,49,38,44,52,74,64,81,97,81,83,107,106,129,150,122,167,169,222,201,217,215,269,292,289,327,333,353,431,423,458,481,547,504,628,612,616,640,690,761,789,784,816,846,877,960,932,991,981,1008,1144,1097,1111,1121,1218,1160,1240,1329,1220,1276,1323,1310,1274,1354,1302,1231,1289,1313,1396,1398,1264,1223,1260,1244,1231,1238,1150,1169,1134,1114,1102,1023,946,954,957,938,908,850,788,844,728,723,701,683,680,591,593,546,536,497,452,425,400,415,334,353,288,281,265,244,203,199,189,198,164,154,135,114,119,108,107,77,81,74,73,56,38,52,31,30,26,34,24,22,14,22,16,14,4,14,6,9,10,4,10,3,4,2,3,3,4,3,1,0,2,0,1,2,0,0,1,0,0,0,0,0,0,0,1,0,0,0,2,0,0,0,0,0,0,0,0,0
3,4,5,7,8,4,8,9,7,5,16,14,7,19,15,15,31,24,25,51,36,54,45,45,60,69,79,123,87,110,109,159,168,150,169,180,184,279,260,259,294,332,333,361,372,403,465,444,463,470,561,565,642,667,625,675,745,779,793,869,899,925,905,899,934,1036,1010,983,1134,1155,1139,1183,1239,1211,1208,1318,1207,1288,1328,1320,1321,1333,1247,1212,1224,1208,1203,1230,1114,1146,1173,1156,1154,1254,1076,1068,1008,1018,1024,948,899,894,881,793,821,775,739,716,708,647,574,599,547,564,496,485,402,420,383,382,341,354,318,302,288,240,210,197,230,188,154,152,146,131,102,114,120,112,77,81,76,81,73,66,37,49,32,32,30,34,31,30,14,16,19,19,15,8,6,6,7,7,5,3,5,4,4,0,6,3,2,1,2,0,1,2,1,0,0,1,0,0,1,2,0,0,0,0,0,0,2,0,0,1,0,0,0,0,0,0
5,6,6,2,2,4,19,7,6,13,8,15,15,14,21,17,27,29,28,49,45,55,47,70,84,78,98,95,114,137,120,127,138,158,187,208,211,240,243,274,301,334,346,349,396,396,426,469,492,502,552,560,671,670,695,751,753,825,890,863,931,914,907,969,1037,999,1035,1132,1173,1179,1109,1214,1299,1209,1208,1294,1187,1217,1313,1193,1254,1294,1273,1232,1199,1166,1220,1202,1105,1126,1114,1057,1064,1097,1023,1038,902,960,935,880,809,767,785,765,803,741,667,619,587,587,531,546,511,463,484,408,434,385,322,358,320,288,279,265,214,228,201,204,189,173,161,134,135,127,124,98,98,73,86,76,72,71,65,70,41,34,29,27,18,29,24,17,24,19,19,20,17,13,5,11,5,1,11,4,2,2,2,4,6,3,1,0,1,3,2,1,0,1,3,0,1,0,0,0,0,0,2,0,0,0,1,0,0,0,0,0,0,0,0,0
11,3,6,6,12,3,9,12,8,13,7,14,12,17,26,20,24,30,35,45,42,52,68,75,82,98,96,111,88,130,123,155,150,173,171,195,202,232,278,248,279,328,320,406,387,408,455,468,544,528,596,566,695,718,711,714,828,858,896,899,980,944,996,1021,1012,1082,1078,1057,1180,1218,1082,1186,1225,1203,1212,1197,1264,1251,1241,1179,1151,1218,1220,1139,1203,1172,1071,1164,1115,1058,1096,1030,987,1007,975,889,849,912,830,792,810,726,716,683,696,620,626,646,520,490,494,466,441,433,379,412,377,357,305,313,304,280,276,228,225,218,192,163,126,157,141,125,138,119,98,81,74,78,76,53,54,68,49,46,48,43,36,26,30,23,23,27,19,17,15,16,14,9,10,10,9,1,6,2,4,3,4,3,3,2,6,0,3,0,2,1,0,0,0,0,0,0,1,1,0,0,1,0,0,0,1,0,0,0,0,0,0,0,0,0
4,1,7,9,6,3,11,18,4,14,12,11,16,23,24,28,34,28,31,43,64,57,55,71,70,76,88,124,96,133,120,162,159,167,178,208,229,247,258,293,303,344,367,408,449,448,504,486,554,592,632,656,725,711,754,815,817,868,908,927,957,935,983,1066,1078,1115,1126,1144,1193,1159,1115,1167,1249,1272,1240,1207,1189,1207,1255,1189,1185,1202,1161,1136,1082,1075,1110,1091,992,1009,1039,1026,974,906,944,884,829,782,798,754,718,706,662,647,642,569,572,526,487,538,449,414,394,391,345,335,306,307,297,290,256,266,229,208,166,190,179,117,153,129,139,113,101,96,92,71,98,70,66,47,55,58,49,51,33,31,30,17,19,24,17,17,14,16,15,14,4,7,6,4,13,5,2,1,1,1,4,4,5,2,1,0,1,1,1,0,0,1,1,0,0,0,0,0,0,0,0,0,0,0,1,0,0,0,0,0,0,0,0,0
9,0,4,5,7,7,13,11,9,13,13,10,14,19,17,20,27,30,36,43,50,59,75,85,88,88,86,140,105,117,125,157,155,191,191,244,229,272,275,306,335,359,406,427,410,485,513,537,521,560,632,608,763,770,733,773,822,914,977,961,959,979,966,972,1038,1078,1044,1088,1098,1171,1183,1174,1164,1166,1161,1243,1169,1173,1208,1085,1133,1132,1165,1069,1149,1085,1077,1113,926,1006,963,954,869,842,845,831,730,806,711,725,654,619,578,623,561,531,531,528,466,456,396,417,366,347,311,365,272,278,259,262,241,207,203,189,179,161,149,149,124,119,115,111,91,87,68,84,63,56,51,54,50,45,43,49,30,26,21,17,22,25,20,25,15,11,7,10,8,9,5,6,11,6,3,3,5,2,3,5,1,0,2,1,2,1,1,2,0,0,2,1,0,0,1,0,0,0,2,0,0,0,0,0,0,0,0,0,0,0,0,0
4,3,10,6,12,6,13,15,8,15,12,17,12,16,28,19,45,24,39,48,42,57,68,84,63,104,107,105,121,123,142,188,189,190,205,209,238,260,273,314,323,369,392,473,462,466,507,543,555,600,638,676,702,792,754,872,822,925,872,978,960,945,969,1038,1041,1138,1162,1064,1042,1151,1107,1190,1146,1098,1118,1261,1090,1196,1172,1156,1095,1168,1123,999,1026,995,1003,1037,918,958,846,949,818,839,811,751,711,694,641,638,628,569,550,563,529,502,468,469,407,415,349,377,312,315,311,287,274,257,206,240,210,210,191,165,161,151,130,140,119,104,99,98,89,83,56,67,76,66,57,41,45,43,50,46,24,25,27,17,20,18,16,15,15,18,13,16,5,9,8,2,2,3,5,3,0,3,5,3,5,0,1,1,1,0,1,1,1,0,1,0,0,0,1,1,0,0,0,0,0,0,0,0,0,0,0,0,0,0,0,0
3,1,10,5,5,10,9,11,9,17,7,16,16,18,29,25,36,28,41,61,56,63,67,77,85,97,89,125,113,138,145,158,199,205,207,250,256,318,322,304,333,363,399,444,476,467,528,550,531,577,635,672,787,767,692,785,835,861,938,960,955,970,988,1024,1046,1108,1075,1082,1139,1118,1049,1112,1123,1168,1139,1158,1121,1179,1160,991,1104,1149,1107,1027,966,890,1004,975,943,925,860,799,805,808,769,723,690,661,667,609,549,524,518,511,524,436,462,397,349,391,338,316,308,313,248,262,257,226,201,223,195,161,169,155,161,139,118,104,129,102,99,72,93,96,58,57,57,46,58,45,53,51,42,30,29,28,18,19,17,17,12,23,13,12,7,9,8,11,7,6,2,2,1,8,8,3,4,2,4,0,2,4,0,0,1,0,0,1,0,0,0,0,1,0,0,0,2,0,0,0,0,0,0,0,0,0,0,0,0,0
3,3,6,7,6,5,20,9,11,15,9,23,13,14,18,24,32,31,32,56,57,72,69,79,80,100,110,131,106,123,139,181,179,190,224,254,229,304,282,366,354,416,363,482,487,508,557,577,511,629,656,668,704,770,850,788,805,850,919,971,1022,952,988,1099,1083,1132,1081,1085,1179,1063,1019,1132,1133,1118,1098,1137,1157,1076,1074,1109,1050,1032,1025,978,927,913,931,912,891,836,788,784,757,727,683,654,619,662,611,568,565,470,543,478,486,397,403,365,358,357,339,292,268,297,247,245,187,200,167,182,188,171,148,123,129,92,111,106,90,92,89,81,63,71,53,53,66,52,40,36,33,34,45,37,27,20,14,18,17,12,14,9,9,16,6,11,7,8,3,5,6,4,2,4,6,3,1,4,1,1,2,0,2,0,0,0,0,0,0,0,0,0,0,0,0,0,1,0,0,0,2,0,0,0,0,0,0,0,0,0
7,1,4,5,4,6,19,11,12,16,15,12,15,19,20,32,39,27,53,47,58,56,63,95,77,93,98,118,119,136,133,185,190,194,217,265,298,281,297,331,372,387,398,480,459,466,556,595,588,602,710,684,785,754,778,851,834,864,906,956,925,1038,989,1058,1036,1068,1074,1032,1097,1061,1102,1100,1190,1070,1078,1136,1077,1036,1090,1054,1054,1027,1007,913,935,837,852,870,822,777,750,785,651,740,682,667,613,582,591,529,527,462,446,442,419,375,358,337,321,303,265,296,293,246,217,229,191,195,185,170,142,125,142,144,133,104,102,78,84,92,67,79,69,62,55,54,59,47,28,22,32,27,34,41,33,21,19,12,17,15,15,12,7,4,12,9,4,4,6,4,0,3,6,2,6,2,1,3,3,1,0,1,0,1,2,2,0,1,1,2,0,0,1,0,0,0,0,0,0,0,1,0,0,0,0,0,0,0,0,0
7,2,9,4,8,9,12,16,10,17,12,13,18,25,24,28,42,26,39,61,58,57,79,87,85,94,119,119,146,140,154,193,175,199,227,260,279,278,306,353,341,390,400,468,494,544,522,596,567,662,684,706,720,781,773,851,867,895,979,957,974,969,1024,1060,1086,1114,1072,1035,1104,1109,993,1068,1093,1090,1074,1084,1031,983,1065,979,970,1008,995,880,901,833,824,841,733,752,750,685,703,684,647,601,568,567,552,500,452,426,445,427,379,341,327,348,304,282,278,265,254,197,208,184,173,167,151,153,137,179,139,94,111,88,100,81,79,71,64,85,67,51,39,43,42,34,34,30,35,25,30,33,17,25,13,16,24,12,16,18,11,8,9,7,3,6,6,5,4,1,2,0,2,6,2,4,3,1,2,1,1,2,1,0,0,0,0,1,0,0,0,0,0,0,0,0,0,0,1,0,0,1,0,0,0,0,0,0
6,2,6,7,5,10,18,11,10,13,14,15,11,26,26,33,34,26,59,52,58,66,58,97,100,97,117,128,127,169,159,219,195,216,233,274,271,311,328,344,352,423,443,501,521,524,529,545,564,631,672,664,801,796,770,832,839,871,942,963,981,933,983,1049,1045,1129,1050,1018,1079,1026,1060,1106,1136,1033,1026,1074,1020,1027,1108,905,961,910,937,836,858,792,817,818,714,740,669,645,622,653,625,566,518,535,480,442,442,422,384,378,385,322,317,267,271,253,234,222,230,221,174,215,160,137,129,125,116,113,107,112,98,93,81,69,77,72,50,73,63,55,45,41,58,39,26,35,28,32,31,28,17,11,17,18,14,10,10,11,9,7,8,5,5,6,5,2,1,1,3,4,3,0,3,3,5,1,2,1,0,0,2,0,1,0,1,1,0,0,0,2,0,0,0,0,0,0,2,0,0,0,0,0,0,0,0,0
4,3,8,5,10,5,17,11,7,11,6,15,23,27,38,16,34,34,43,60,63,63,73,90,95,93,104,127,133,167,153,174,182,235,228,273,256,359,327,318,373,430,431,465,501,469,556,549,620,636,723,680,770,809,760,867,814,863,929,916,976,1047,966,939,955,1083,1064,1010,1021,1061,985,1011,1062,1036,1040,1074,992,965,1010,917,936,896,866,827,790,805,796,684,756,658,624,682,638,554,566,538,497,522,453,425,375,361,391,336,317,268,277,266,231,247,215,237,185,187,185,162,147,155,141,112,119,116,97,80,89,83,79,63,57,75,56,62,47,47,52,46,37,41,28,30,26,26,22,30,22,20,20,15,12,9,9,17,4,7,6,3,9,3,1,2,2,4,7,2,1,3,0,1,7,1,1,0,0,0,1,0,0,0,0,0,0,0,0,0,0,0,0,0,0,0,0,0,0,0,0,0,0,0,0,0
4,2,8,10,2,4,13,19,7,13,14,15,18,22,28,31,36,39,40,53,50,59,59,94,82,108,105,132,120,137,156,209,218,204,224,247,286,297,315,333,348,427,408,503,455,544,529,567,646,624,654,707,725,747,746,796,863,904,896,958,931,909,945,987,987,1070,1034,949,1018,1048,962,1003,1089,1025,966,969,1029,960,936,951,868,883,874,822,771,779,754,732,638,611,624,585,558,565,534,542,452,433,435,416,376,345,362,345,328,270,287,252,212,243,224,214,190,162,150,163,140,124,124,123,111,114,88,88,67,65,74,71,63,55,54,51,44,50,45,44,23,35,21,22,23,24,19,17,12,13,9,10,6,19,16,11,7,14,5,3,6,7,6,2,1,1,5,3,3,1,1,4,2,1,1,0,0,0,0,0,0,0,0,0,0,0,0,0,0,0,0,0,0,0,0,0,0,0,0,0,0,0,0,0
5,6,7,4,5,10,14,11,8,16,12,14,14,28,24,22,37,31,69,52,58,64,82,96,70,110,117,123,124,133,159,211,210,215,271,250,223,326,331,348,389,451,451,528,499,508,553,572,594,611,694,652,733,806,767,836,856,897,919,926,965,988,983,995,970,991,994,941,1052,991,949,996,972,947,940,951,972,957,937,871,848,830,853,807,750,688,691,692,657,601,554,583,577,527,515,448,445,403,426,398,362,344,330,298,277,281,255,233,201,218,184,178,167,140,158,120,116,118,98,98,99,97,67,71,75,59,78,69,44,48,49,54,33,39,40,28,28,21,20,25,13,20,23,19,14,23,10,13,9,15,9,6,7,9,5,2,3,3,6,3,2,4,2,0,4,0,1,2,0,1,2,0,1,1,1,0,0,0,0,0,0,0,0,0,0,0,0,0,0,0,1,0,0,0,0,0,0,0,0,0
2,4,3,6,7,9,16,13,7,15,13,19,18,18,30,21,32,40,43,59,63,74,87,91,89,103,131,149,124,152,163,205,183,185,235,253,257,332,295,354,369,412,429,470,490,575,537,622,613,637,663,663,753,797,813,849,798,888,874,929,950,950,969,950,1043,1026,989,971,1014,984,945,941,1008,997,919,926,924,928,888,865,860,853,772,724,672,677,668,692,618,558,547,570,552,505,455,463,396,391,398,342,310,310,277,264,265,247,219,214,206,222,172,169,173,157,142,122,103,117,95,75,94,86,85,67,60,57,75,56,51,53,35,40,41,33,24,30,32,22,19,24,23,18,22,16,8,6,13,7,7,14,7,8,5,7,7,5,4,3,5,3,2,0,2,1,0,2,1,2,0,0,1,0,0,0,1,0,0,0,1,0,0,0,0,0,0,0,0,0,0,0,1,0,0,0,0,0,0,0,0,0
8,2,8,12,5,3,16,7,6,16,13,15,14,24,27,29,30,36,48,53,46,63,61,78,92,93,116,128,115,155,180,213,228,228,229,261,273,350,285,339,370,416,458,529,523,502,556,570,617,632,657,679,769,811,813,785,825,824,858,906,910,913,974,978,939,1023,979,952,964,946,925,960,954,946,956,859,892,860,882,788,759,772,779,705,727,644,619,617,597,516,566,569,479,446,467,441,391,367,393,327,300,273,284,262,221,210,217,203,198,180,163,163,143,137,123,113,100,112,77,77,92,86,63,57,61,50,46,40,43,53,33,48,25,25,18,27,32,15,15,21,20,28,16,17,10,16,8,8,7,9,7,4,6,5,6,5,3,4,7,2,3,4,3,2,2,1,2,0,2,1,1,0,1,0,0,1,0,0,0,1,0,0,0,0,0,0,0,0,0,0,0,0,0,0,0,0,0,0,0,0
8,3,8,5,4,11,12,15,10,17,19,8,14,19,23,26,43,32,40,53,61,53,66,78,110,123,125,124,146,143,144,184,198,223,255,276,286,336,334,334,409,433,449,533,506,502,520,586,592,588,723,666,803,773,810,776,811,817,916,884,899,905,868,903,958,1025,874,914,940,971,871,922,949,989,849,1030,847,816,843,827,795,738,768,674,665,595,593,629,552,448,525,461,425,423,387,378,379,368,313,295,315,235,269,236,242,200,201,186,163,166,149,149,134,133,115,101,103,83,83,86,87,64,55,46,58,57,54,40,50,37,45,31,35,20,29,27,24,27,20,10,21,18,11,17,10,7,7,3,7,3,5,8,4,7,4,3,2,3,5,7,4,3,1,3,2,0,3,1,2,1,1,0,0,0,1,0,0,0,0,0,0,0,0,0,0,0,0,0,0,0,0,0,0,0,0,0,0,0,0,0
4,4,5,10,6,11,21,13,9,14,7,21,18,22,20,26,38,35,44,67,66,48,88,95,68,99,109,153,144,146,156,210,228,233,243,287,286,310,346,372,420,449,394,475,512,498,582,569,569,597,662,685,702,759,751,792,835,872,861,882,926,892,899,923,929,974,939,927,995,917,933,886,938,911,863,864,824,812,839,698,749,734,712,653,609,610,596,573,525,497,441,447,442,430,387,383,378,321,339,306,282,245,212,242,203,218,190,167,148,143,153,116,118,120,105,88,99,84,57,60,65,77,54,68,60,44,41,41,33,29,32,31,32,20,24,25,20,21,11,9,17,9,9,10,8,13,8,8,9,8,1,9,3,9,6,6,4,7,2,2,1,1,3,2,0,0,1,0,0,0,0,2,0,1,0,1,0,1,1,2,0,0,0,0,0,0,0,0,0,0,2,0,0,0,0,0,0,0,0,0
6,1,6,12,12,7,14,18,6,8,15,24,21,20,29,36,34,32,59,51,64,64,80,80,99,102,108,130,152,162,166,205,200,190,245,263,277,313,304,340,362,397,443,464,512,540,525,570,605,612,639,629,737,778,783,833,874,873,860,894,895,924,841,920,920,931,917,925,920,945,844,884,911,862,824,844,754,787,768,707,723,693,690,602,608,549,607,554,494,518,476,478,442,394,345,347,334,287,319,250,251,234,252,214,235,194,182,177,153,153,131,116,111,92,98,88,79,104,68,72,60,60,58,65,40,50,41,47,32,41,37,27,31,24,23,15,19,29,12,15,13,17,8,14,7,11,13,12,3,7,1,6,4,5,6,1,4,3,1,0,2,2,1,5,3,2,0,2,1,0,0,0,0,0,0,2,0,0,0,0,0,0,1,0,0,0,0,0,0,0,0,0,0,0,0,0,0,0,0,0
5,3,5,6,7,11,17,11,10,15,14,22,12,23,15,27,42,30,55,72,70,72,75,90,107,106,120,134,125,162,190,211,218,198,233,267,278,310,340,357,379,423,426,468,495,517,538,570,604,648,637,670,737,709,736,830,797,842,867,871,906,859,928,858,908,934,935,907,904,853,879,878,946,843,830,795,765,710,780,709,711,704,671,606,630,557,576,538,500,499,414,429,445,390,356,366,330,272,286,267,241,206,199,183,183,160,154,152,121,123,132,106,96,101,92,80,82,77,69,61,62,54,45,49,30,57,36,38,32,26,32,29,17,20,18,16,20,14,17,6,12,18,8,19,3,7,5,7,6,6,7,7,4,2,4,6,2,0,2,4,3,1,2,0,1,4,1,4,2,0,0,1,1,1,1,0,0,0,1,0,0,0,0,0,0,0,0,0,0,0,0,0,0,0,0,0,0,0,0,0
10,1,4,10,4,6,22,9,13,13,20,15,17,25,27,29,46,39,52,64,52,66,70,103,101,97,118,168,132,163,172,182,228,201,233,288,272,327,327,326,371,424,410,494,471,488,552,554,602,623,661,634,748,750,768,782,779,756,851,884,872,833,863,869,903,935,834,828,889,844,801,864,821,850,745,828,683,762,689,701,661,646,628,544,521,492,531,493,478,433,443,407,429,374,354,306,297,295,262,226,219,220,188,198,155,162,126,162,110,127,120,89,101,92,71,58,76,73,58,61,45,52,40,39,36,36,33,35,20,21,25,22,18,17,18,18,13,12,15,13,15,15,11,13,4,8,5,9,14,5,3,4,5,5,2,3,2,5,1,1,0,4,1,1,1,3,0,0,1,1,1,2,2,0,3,0,0,0,0,0,0,0,1,0,0,0,0,0,0,0,1,0,0,1,0,0,0,0,0,0
9,3,2,7,5,7,18,12,11,19,11,20,12,24,25,25,45,38,57,51,56,54,67,124,96,107,113,116,128,151,191,218,206,206,223,266,276,334,333,337,343,407,458,447,489,529,538,535,577,620,641,642,756,723,718,798,783,831,805,807,870,826,853,828,800,897,901,872,812,863,807,848,879,838,723,765,715,725,712,652,645,602,650,498,581,484,456,519,442,404,399,404,358,366,302,287,299,256,249,219,226,195,174,163,133,132,121,130,115,112,116,88,91,94,92,68,69,61,58,48,56,40,53,42,37,31,45,28,33,19,25,24,26,9,19,10,15,14,7,12,10,7,7,9,9,6,8,5,5,5,2,7,5,7,0,4,2,2,3,1,3,0,2,6,0,2,1,2,3,0,2,0,0,0,0,0,0,0,1,0,0,0,0,1,0,0,0,0,0,0,0,0,0,1,0,0,0,0,0,0
9,2,9,4,9,9,14,23,11,19,9,19,15,17,24,29,41,31,47,48,66,62,78,100,108,117,110,157,141,132,180,212,217,217,254,262,238,276,289,335,374,420,391,453,460,504,573,539,574,578,643,643,692,707,685,747,786,799,790,841,809,825,793,836,818,849,843,777,844,831,804,749,790,824,751,777,720,690,694,625,630,611,595,541,532,430,445,436,417,434,384,374,330,359,269,278,270,265,253,212,185,174,160,165,143,133,132,141,106,96,106,75,96,63,77,69,55,53,50,30,52,49,34,35,40,33,21,24,19,20,32,24,21,16,12,17,13,16,11,8,9,10,5,13,7,5,3,5,7,6,7,7,2,1,4,3,2,2,0,1,2,1,1,1,2,0,1,0,0,0,1,0,0,2,0,0,1,0,0,0,0,0,1,1,0,0,0,0,0,0,0,0,0,1,0,0,0,0,0,0
9,1,5,8,8,5,12,17,8,14,10,19,18,23,27,28,51,31,40,66,67,62,71,90,86,100,127,135,142,147,153,215,218,192,251,287,281,296,336,350,395,396,391,434,467,553,556,561,570,631,641,624,709,730,726,718,709,785,821,813,827,830,757,782,818,805,805,732,832,810,763,755,755,756,706,761,660,619,710,593,622,603,592,537,467,472,476,439,369,399,361,374,328,351,278,267,244,236,213,186,186,186,164,141,154,134,112,97,83,112,98,83,84,58,51,64,65,62,51,41,40,40,40,35,23,26,28,18,28,12,22,20,14,18,13,15,9,9,7,9,9,9,11,6,5,6,3,4,4,4,7,7,5,3,2,3,1,3,1,3,1,0,2,1,3,2,0,0,0,0,2,0,0,0,0,0,0,1,0,0,0,0,0,0,0,0,0,0,0,0,1,0,0,0,0,0,0,0,0,0
3,6,6,11,4,9,16,13,12,14,13,12,9,21,18,33,41,40,57,61,57,64,62,105,105,97,121,145,144,158,179,189,212,237,238,283,273,301,314,358,407,439,402,434,479,517,526,548,577,623,650,586,711,732,694,779,747,737,746,757,828,772,779,834,788,817,833,775,753,768,673,720,788,675,739,717,594,654,656,570,605,597,579,501,458,423,402,419,345,383,332,332,274,284,216,250,242,242,206,199,189,167,143,159,131,115,109,114,103,79,76,72,79,62,77,69,55,40,42,38,28,38,34,25,16,22,22,17,27,14,19,8,9,16,19,9,7,13,8,9,6,7,8,12,2,6,5,2,5,3,10,8,3,3,5,1,2,7,3,0,0,2,2,2,0,3,3,2,1,1,2,0,1,0,0,1,0,0,1,0,0,0,0,1,0,0,0,0,0,0,1,0,0,1,0,0,0,0,0,0
7,1,7,7,8,9,18,14,10,25,10,18,18,24,28,24,37,39,50,65,53,65,77,99,92,105,123,129,133,145,168,196,202,221,212,263,244,320,336,326,376,406,416,464,464,492,524,499,527,547,602,628,671,681,655,727,723,741,800,769,803,751,759,786,809,822,771,823,833,786,714,754,681,731,654,619,652,624,591,555,589,564,523,450,453,436,430,406,322,323,319,319,286,292,267,226,217,204,189,171,174,150,167,148,147,122,110,109,98,76,79,63,67,56,77,66,51,40,43,38,54,38,30,32,26,18,19,20,20,19,14,13,16,10,10,8,10,19,6,5,9,7,6,14,5,3,3,2,8,2,5,0,1,6,4,0,0,0,1,3,2,1,1,0,2,1,1,1,1,3,0,0,1,0,0,0,0,0,0,0,0,0,0,0,0,0,0,0,0,0,0,0,0,0,0,0,0,0,0,0
5,0,8,3,6,8,10,16,8,25,17,22,20,22,20,31,43,33,42,60,50,60,65,98,100,118,109,117,139,138,147,196,204,201,242,276,280,330,315,355,373,396,377,431,489,471,510,511,529,569,613,577,644,720,684,737,726,761,766,759,740,820,769,790,759,779,795,745,717,764,707,727,697,687,724,656,593,640,619,536,530,526,497,461,433,413,398,368,347,322,333,316,271,287,289,257,222,199,183,172,146,140,150,127,115,117,102,109,71,64,68,67,68,57,43,52,46,36,40,35,40,31,28,33,20,19,23,17,14,16,15,8,15,16,7,9,10,5,7,7,9,4,8,7,3,2,3,6,5,3,2,5,3,4,6,1,3,3,0,1,1,3,0,1,0,1,0,1,0,1,0,0,1,0,1,0,0,0,1,0,0,0,0,0,0,0,0,0,0,0,0,0,0,0,0,0,0,0,0,0
4,2,5,6,10,7,20,9,6,11,18,15,19,28,23,23,41,37,43,64,48,54,71,90,87,107,136,148,140,148,139,205,210,208,223,209,296,301,292,375,376,409,382,450,440,478,515,516,556,522,618,596,640,696,711,685,738,722,749,827,732,748,743,775,721,770,734,695,752,680,674,727,635,616,684,648,598,568,522,540,504,530,450,428,406,362,374,383,337,323,299,284,250,273,224,189,185,179,194,160,151,163,111,109,119,89,92,88,70,56,77,72,53,52,51,33,45,34,30,23,26,20,26,28,17,25,16,20,16,20,22,12,10,8,9,11,4,6,4,3,6,5,2,4,4,9,3,4,2,3,3,2,2,6,3,1,1,0,1,1,0,0,2,1,0,0,0,1,0,1,1,1,1,0,0,1,0,2,0,0,0,0,1,0,0,0,0,0,0,0,0,0,0,0,0,0,0,0,0,0
9,2,9,10,7,6,9,20,12,15,11,11,16,22,28,31,46,32,50,54,59,56,69,86,107,94,127,147,142,160,180,202,188,191,238,244,267,315,325,344,335,400,382,441,434,501,463,515,501,552,596,611,621,639,678,661,721,744,762,733,733,691,760,726,754,737,752,723,697,715,673,630,637,663,604,595,550,568,569,501,529,508,444,414,426,391,332,377,306,293,280,278,256,227,211,213,182,173,180,165,137,136,138,121,100,97,90,80,74,65,58,83,53,58,45,44,36,45,33,27,34,33,22,24,21,14,11,17,9,9,15,12,11,10,10,5,14,12,5,6,2,9,8,5,4,4,3,1,4,6,1,3,5,2,1,2,1,1,2,1,0,2,0,1,3,1,0,0,3,0,0,1,1,0,0,0,0,1,2,0,0,0,0,0,0,0,0,0,0,0,0,0,0,0,0,0,0,0,0,0
5,2,8,5,7,5,11,17,7,20,19,16,16,18,22,39,45,30,47,62,57,59,59,85,108,92,113,138,124,133,173,200,198,216,235,241,237,280,279,333,352,368,404,417,448,437,468,488,489,557,577,544,618,643,627,649,698,675,684,744,726,742,741,734,711,713,726,668,639,690,624,640,667,627,623,608,538,527,525,537,446,458,469,400,421,377,338,355,283,264,278,251,247,265,216,189,188,168,172,117,137,99,116,95,94,105,81,87,72,70,55,48,48,51,45,44,38,40,35,31,24,28,19,26,26,19,9,18,11,13,15,11,8,11,10,8,12,9,7,5,1,9,7,5,2,5,4,1,2,4,4,4,2,5,3,5,4,0,0,2,2,1,4,0,0,2,0,1,1,1,0,0,0,1,0,0,0,1,0,0,0,0,1,0,0,0,0,0,0,0,0,0,0,0,0,0,0,0,0,0
4,1,6,8,7,1,13,17,13,12,16,17,23,16,29,24,39,31,58,46,55,63,72,96,89,94,109,140,116,156,149,181,196,182,218,252,274,304,290,298,334,384,380,445,448,474,525,496,520,520,585,586,622,646,649,652,756,684,721,709,725,667,682,719,690,672,712,670,665,677,612,648,636,637,600,588,534,532,515,465,458,446,452,421,336,361,335,323,293,257,274,280,211,220,197,163,163,141,154,135,124,112,86,112,97,68,80,87,68,54,54,53,43,40,31,48,31,28,31,19,24,22,15,13,17,19,15,15,11,24,9,14,13,10,6,12,10,4,6,9,4,7,4,7,5,4,6,1,3,1,3,3,1,2,3,1,1,2,1,1,2,1,1,1,0,1,0,0,1,1,1,0,0,0,0,0,0,0,0,0,0,0,0,0,0,0,0,0,0,0,1,0,0,2,0,0,0,0,0,0
2,1,5,4,1,7,8,15,10,14,15,12,16,20,30,38,43,32,43,49,51,68,74,77,78,84,108,131,121,145,155,185,188,213,218,240,262,305,311,297,344,384,353,413,401,452,467,526,497,529,556,538,616,682,610,638,687,679,693,664,741,676,659,718,700,672,679,654,616,679,601,599,606,583,556,573,496,522,471,453,445,475,421,369,345,346,342,307,259,275,257,244,237,197,189,192,175,149,147,143,112,124,95,113,94,80,79,55,56,53,52,53,36,38,32,30,35,35,35,29,20,20,11,16,19,7,14,14,9,11,10,12,8,4,8,5,7,7,3,3,4,4,11,5,4,4,2,3,3,1,2,2,2,5,1,2,2,2,3,0,0,0,1,0,1,0,2,0,0,0,1,0,0,1,0,0,0,0,1,0,0,0,0,0,0,0,0,0,0,0,0,0,0,0,0,0,0,0,0,0
3,1,5,7,9,6,20,16,8,20,18,22,18,24,28,34,42,29,47,61,56,44,65,77,104,98,97,138,132,127,137,152,215,178,212,225,238,290,314,296,309,354,315,426,413,444,441,484,479,502,572,543,598,675,611,588,653,676,687,690,681,733,643,631,679,720,670,612,623,595,542,626,600,559,532,561,537,522,512,409,426,413,394,345,346,315,313,292,273,269,226,213,214,191,183,167,156,131,128,135,113,116,113,102,77,65,63,70,52,51,52,55,43,38,40,31,26,23,16,20,25,22,18,19,14,16,12,13,14,10,7,11,15,13,5,6,14,11,4,7,4,4,4,10,7,1,3,3,0,1,1,2,0,2,2,0,0,0,0,1,1,1,2,0,1,0,1,1,0,0,0,0,0,0,1,0,0,1,0,0,0,0,0,0,0,0,0,0,0,0,0,0,0,0,0,0,0,0,0,0
3,1,1,6,7,5,11,15,6,12,13,19,20,18,25,23,36,36,53,42,57,39,67,78,97,97,102,141,143,114,155,204,171,195,237,254,253,298,297,291,314,350,381,411,422,437,477,438,478,514,541,490,607,635,590,627,639,632,658,604,684,653,614,622,622,676,658,601,635,571,555,561,584,530,556,527,466,463,462,425,428,421,395,379,315,312,310,259,283,245,233,221,218,169,183,141,155,136,144,104,115,124,89,94,76,77,52,63,51,42,52,52,50,33,39,30,23,17,16,25,16,18,11,16,10,16,9,6,10,17,5,10,6,5,7,4,10,2,4,5,7,6,6,3,5,3,3,3,3,2,1,2,1,2,0,0,4,1,0,1,1,0,0,0,1,1,0,0,0,0,1,0,1,0,1,0,0,0,2,0,1,0,0,0,0,0,0,0,0,0,0,0,0,1,0,0,0,0,0,0
5,1,5,6,7,6,14,18,7,13,14,13,22,17,21,31,46,24,57,54,63,58,76,86,89,93,108,146,136,140,142,186,198,193,232,265,244,314,294,292,371,365,351,361,390,434,478,450,460,517,529,519,574,564,613,602,609,650,675,727,669,624,596,610,587,659,642,615,578,591,544,524,552,546,493,524,457,437,441,404,408,401,342,343,296,285,304,251,220,242,246,232,165,194,132,147,147,130,104,105,112,80,85,75,80,57,60,59,56,46,38,34,36,42,29,27,19,16,30,18,9,19,12,6,8,10,11,7,9,7,4,8,11,6,11,5,5,2,7,2,8,5,9,3,2,3,1,1,2,3,1,2,1,2,0,0,1,0,1,0,0,0,0,2,0,0,0,0,0,0,0,0,0,0,0,0,0,0,0,0,0,0,0,1,0,0,0,0,0,0,0,0,0,0,0,0,0,0,0,0
5,1,4,7,7,3,13,7,6,18,8,12,13,14,23,34,42,26,45,56,47,54,81,82,81,101,103,144,129,147,139,163,169,200,213,233,243,299,275,291,304,360,356,400,411,423,433,427,503,518,533,488,589,610,594,602,601,576,596,629,617,620,595,599,625,644,623,563,593,581,523,549,519,511,485,507,439,447,457,389,362,362,358,321,303,279,285,275,242,244,196,205,207,160,181,145,147,114,125,99,89,82,77,84,63,51,69,67,56,47,37,39,35,35,29,17,21,23,11,11,11,16,14,14,17,10,17,10,10,11,8,8,4,14,2,2,4,8,6,4,6,4,4,4,9,1,0,3,3,1,3,2,1,2,1,3,2,2,1,1,0,1,0,0,1,1,0,2,1,0,0,0,0,2,0,0,0,0,0,0,0,0,0,0,0,0,0,0,0,0,0,0,0,0,0,0,0,0,0,0
4,3,5,7,4,8,16,15,11,16,13,14,18,31,21,29,44,34,52,65,58,56,57,80,81,86,119,140,119,111,138,162,192,175,207,222,250,299,293,316,325,350,363,383,394,425,472,472,458,494,509,501,557,571,578,555,592,623,627,633,600,607,591,616,590,625,553,552,576,563,561,487,495,461,473,468,403,440,414,405,372,376,326,327,261,284,238,236,227,188,201,216,160,188,149,128,112,99,117,99,86,79,74,68,63,50,59,53,49,28,36,36,32,24,37,24,22,19,17,15,8,18,17,10,11,10,7,9,6,8,7,3,3,7,7,4,3,4,6,6,4,5,4,3,1,1,1,1,3,2,2,0,0,1,0,1,3,2,0,1,2,1,0,2,0,0,0,0,0,0,2,0,0,0,0,0,0,0,0,1,0,0,0,1,0,0,0,0,0,0,0,0,0,0,0,0,0,0,0,0
4,0,5,8,3,5,20,13,7,18,6,16,11,16,26,21,40,35,48,55,63,57,51,79,83,82,118,133,123,130,145,169,178,224,200,258,229,259,247,293,324,348,388,397,384,445,431,451,442,487,513,489,557,592,533,544,562,600,611,689,606,589,571,566,583,557,562,537,556,517,552,500,497,453,443,460,431,386,369,332,372,345,299,296,271,258,235,226,208,182,184,183,165,173,149,137,110,109,122,99,94,69,62,69,53,63,55,44,44,40,34,19,27,38,27,20,25,24,17,15,10,14,10,14,11,10,7,9,9,8,6,5,6,10,7,5,3,6,10,2,5,6,8,2,2,4,2,0,3,1,1,1,1,0,7,0,4,3,1,2,0,1,0,1,0,0,1,0,2,0,0,0,0,1,0,0,0,0,1,0,0,0,1,0,0,0,0,0,0,0,2,0,0,0,0,0,0,0,0,0
5,2,7,9,7,8,13,23,8,14,14,16,14,22,12,27,42,26,40,62,43,56,69,80,69,104,105,126,129,107,142,165,169,215,161,197,232,256,279,326,321,370,352,368,352,394,408,415,438,487,496,462,563,577,501,569,611,606,532,595,569,578,570,603,580,546,541,506,521,523,470,455,457,475,414,427,424,407,400,370,319,307,307,292,265,264,254,213,199,180,194,169,172,139,134,127,118,126,90,96,74,78,70,72,56,56,50,48,33,46,32,34,30,30,33,21,14,20,10,21,16,11,10,7,11,11,5,7,10,4,6,8,3,5,2,6,5,3,2,2,1,4,3,4,2,0,5,2,3,3,2,0,1,3,0,0,1,1,1,0,0,0,2,1,0,0,0,1,0,0,0,0,0,0,0,0,0,2,0,0,0,0,0,0,0,0,0,0,0,0,0,0,0,1,0,0,0,0,0,0
10,3,3,6,5,4,12,9,15,13,11,17,12,20,20,31,39,28,48,53,51,48,66,73,60,80,95,107,120,124,138,189,181,183,189,240,241,257,273,294,288,358,352,314,374,411,420,432,407,448,507,494,512,502,529,526,579,539,575,615,588,559,615,541,513,581,530,503,503,503,472,480,482,480,409,438,412,385,404,350,325,344,311,253,243,242,243,229,187,185,176,154,150,144,149,132,118,102,92,104,73,77,53,53,55,48,56,42,41,39,32,36,31,25,21,21,16,18,19,14,11,9,15,12,7,9,8,7,2,11,11,4,2,3,7,4,3,4,2,1,0,1,2,1,0,1,2,0,1,1,4,1,1,1,3,2,2,0,1,3,2,0,0,1,0,0,0,0,0,0,0,0,0,0,0,0,0,0,0,0,0,0,0,0,0,0,0,0,0,0,1,0,0,0,0,0,0,0,0,0
3,2,6,4,3,6,13,11,7,14,14,11,12,20,22,20,37,30,51,48,55,45,60,91,85,93,96,116,116,138,131,150,178,178,203,210,264,249,271,238,288,342,326,347,372,434,406,454,456,434,455,450,562,506,506,534,549,571,522,573,581,580,579,544,559,589,534,459,491,489,468,427,440,419,425,411,425,373,353,342,321,307,305,265,227,243,204,207,182,169,163,150,140,136,121,120,91,115,93,75,67,76,76,59,52,51,38,40,27,27,31,24,27,38,23,19,22,19,14,13,16,15,17,12,8,7,8,8,8,9,6,5,6,2,3,5,10,2,3,4,3,3,1,0,4,1,1,1,1,0,2,0,2,0,1,2,1,0,1,1,0,0,1,1,1,0,2,1,1,1,0,1,1,1,1,0,0,0,0,0,0,0,1,0,0,0,0,0,0,0,0,0,0,0,0,0,0,0,0,0
3,1,6,5,7,2,9,7,6,20,9,15,15,20,22,20,38,22,47,56,59,48,67,78,69,93,92,124,117,129,151,138,167,197,192,239,257,273,293,272,300,309,316,362,391,327,419,433,411,412,483,475,490,532,472,519,514,510,507,590,549,537,494,514,508,538,484,483,547,453,467,464,436,397,411,404,339,361,360,314,326,332,282,224,234,222,211,207,210,165,135,146,121,135,141,132,98,93,64,86,79,57,48,61,44,49,49,39,30,37,30,28,20,21,18,20,14,13,9,10,12,14,13,9,8,8,10,7,3,5,6,5,6,2,4,3,4,7,3,6,3,6,1,1,5,1,0,2,1,1,3,1,1,3,3,1,1,0,0,0,1,0,0,0,1,2,0,0,0,1,1,0,0,0,1,0,0,1,0,0,0,0,0,0,0,0,0,0,0,0,0,0,0,0,0,0,0,0,0,0
4,6,5,3,5,6,16,17,2,8,12,13,8,11,25,27,39,29,48,45,62,47,65,89,77,84,107,116,125,131,119,171,169,184,176,231,216,222,274,274,288,303,330,355,350,397,397,409,422,449,512,459,473,532,516,494,515,543,563,568,519,524,535,482,518,548,541,469,465,487,439,423,427,436,408,387,354,329,340,302,299,269,259,230,264,205,200,200,186,197,152,136,124,134,112,106,87,91,74,64,55,66,52,50,44,48,37,33,29,18,31,22,23,21,16,21,17,14,16,16,9,13,9,9,8,3,3,7,8,1,8,6,3,7,1,1,0,3,1,2,1,0,2,1,2,0,2,3,1,2,3,1,2,1,3,1,2,1,0,1,1,2,0,1,0,0,0,0,0,1,0,0,0,0,1,0,0,0,0,0,0,0,0,0,0,0,0,0,0,0,0,0,0,1,0,0,0,0,0,0
5,1,5,8,11,8,14,19,5,18,10,23,17,24,19,27,44,27,36,53,46,58,68,78,84,89,102,120,127,114,127,138,157,177,179,204,247,271,232,237,266,316,331,354,331,360,402,404,409,427,434,479,450,518,480,515,515,537,518,484,501,497,531,511,455,514,470,459,454,471,444,412,458,396,392,370,367,329,344,291,277,288,266,226,220,215,186,179,188,163,139,153,128,125,131,94,94,68,88,73,44,61,57,60,46,53,46,28,27,31,34,23,28,21,25,17,11,11,18,13,9,7,9,3,6,2,9,6,4,2,3,7,2,4,2,1,2,3,1,1,1,0,2,0,1,1,1,1,1,2,2,2,2,2,0,2,1,3,1,0,0,2,0,1,0,1,0,0,1,0,0,0,0,0,0,0,0,0,0,1,1,0,0,0,0,0,0,0,0,0,1,0,0,1,0,0,0,0,0,0
1,2,4,11,11,6,15,14,4,17,14,9,21,18,21,25,21,31,35,56,42,45,50,72,83,65,85,101,110,115,119,145,171,170,187,206,217,227,243,256,307,364,310,321,358,389,365,386,405,367,422,438,491,491,473,458,490,496,524,520,516,503,516,447,474,476,472,448,425,446,421,374,431,372,361,353,312,315,313,278,246,295,241,216,206,207,164,184,152,155,118,155,129,118,103,114,78,88,72,57,59,46,49,42,55,41,35,36,30,25,26,21,28,18,24,18,7,9,13,12,3,7,2,9,8,8,6,5,8,1,3,3,1,2,3,5,5,2,3,1,2,4,1,1,0,1,1,3,0,2,2,2,1,2,0,1,1,0,1,1,0,0,0,0,0,1,0,0,0,0,0,0,0,0,0,1,0,0,0,0,0,0,0,1,0,0,0,0,0,0,1,0,0,0,0,0,0,0,0,0
6,3,1,4,5,9,11,14,11,15,6,15,12,24,23,22,31,35,29,48,45,48,56,71,63,82,111,104,122,115,146,155,167,166,183,203,207,218,228,274,274,311,326,347,317,336,382,420,375,388,439,409,461,534,467,453,478,489,516,496,513,482,476,446,482,499,473,417,446,435,426,410,366,377,348,369,323,292,293,271,300,254,237,206,203,184,204,171,144,128,130,122,118,111,97,99,80,81,87,61,53,40,49,53,29,51,35,40,39,28,31,17,18,20,18,12,16,13,6,6,8,6,12,1,5,6,6,3,5,4,2,5,3,1,0,2,7,3,1,3,1,2,1,0,2,1,1,2,0,2,0,1,1,3,0,2,1,0,1,0,1,0,0,1,0,0,0,0,0,1,0,0,0,1,0,0,0,0,0,0,0,0,0,0,0,0,0,0,0,0,0,0,0,0,0,0,0,0,0,0
10,1,6,8,6,4,14,10,2,17,19,16,18,22,17,30,41,39,46,43,36,63,49,72,87,72,98,107,112,119,132,143,153,164,170,210,198,215,239,246,263,310,306,343,339,335,383,351,387,446,442,407,460,467,461,453,468,455,488,482,495,493,467,457,473,468,448,436,399,439,372,392,356,373,347,329,272,293,285,283,250,252,212,182,198,173,208,174,139,130,157,109,108,116,111,84,82,71,65,60,56,54,42,56,27,42,17,29,26,22,15,23,16,17,12,16,10,12,7,10,5,4,9,7,7,6,5,1,2,5,5,5,6,3,2,0,2,5,0,4,0,3,2,2,5,1,0,1,1,2,2,1,2,1,3,0,0,1,0,2,0,1,0,0,1,1,0,1,0,0,0,0,2,0,0,0,0,0,0,0,0,0,0,0,0,0,0,0,0,0,0,0,0,0,0,0,0,0,0,0
7,3,2,3,1,6,6,12,7,17,6,17,18,16,24,23,44,28,36,38,51,51,60,84,86,74,86,100,114,110,140,143,169,153,193,194,213,218,220,233,258,281,313,353,305,375,358,390,387,381,416,394,436,432,438,457,451,475,462,491,477,434,441,472,428,452,425,401,398,409,354,398,378,357,326,321,303,278,251,256,246,227,245,181,184,172,197,182,146,129,117,126,96,95,91,91,72,91,60,62,49,57,58,32,35,32,36,27,19,20,31,12,24,14,10,8,10,10,14,8,13,7,6,8,1,4,1,4,2,3,4,1,2,2,1,5,5,2,2,0,3,2,2,2,1,2,1,2,1,0,3,2,0,4,0,0,0,3,0,0,0,0,1,0,0,0,0,0,1,0,0,0,0,0,0,0,0,0,0,0,0,0,0,0,0,0,0,0,0,0,0,0,0,0,0,0,0,0,0,0
7,2,4,9,4,7,19,13,4,12,15,12,20,15,19,31,28,21,43,48,71,49,54,63,74,74,82,115,101,111,135,162,163,179,152,199,209,250,251,241,256,270,321,318,345,322,369,368,361,403,415,398,446,460,429,469,440,431,480,442,479,463,441,432,407,432,408,424,384,411,355,357,349,339,311,331,282,291,273,250,243,262,247,185,173,153,166,144,131,138,113,99,102,100,89,67,74,73,60,46,42,47,39,32,21,41,31,15,21,25,26,19,11,13,15,12,11,18,11,11,8,5,7,4,3,7,5,4,5,2,1,3,2,2,0,3,3,2,0,1,6,2,0,3,3,2,1,1,1,1,1,0,1,1,1,2,0,1,0,0,0,1,1,0,0,0,0,0,0,1,0,0,0,1,0,0,0,0,0,0,0,0,0,0,0,0,0,0,0,0,0,0,0,0,0,0,0,0,0,0
7,2,3,5,3,6,14,10,11,22,15,8,14,24,23,26,28,25,37,57,44,49,50,70,78,87,90,91,111,120,101,138,165,145,154,190,217,259,209,246,288,314,283,298,325,330,364,363,371,384,435,402,446,438,417,389,446,447,438,444,428,467,421,412,432,421,409,383,364,358,344,341,368,338,300,315,280,249,247,275,246,238,240,183,166,152,161,144,127,115,104,101,93,99,65,81,63,49,55,62,47,43,41,38,38,25,18,32,24,16,16,18,10,12,17,12,13,15,11,4,7,2,4,9,6,5,4,7,4,4,3,3,0,3,3,3,2,2,4,0,4,1,0,0,1,0,3,0,0,1,2,0,1,1,1,1,1,1,0,0,1,0,0,0,0,0,0,2,0,0,0,0,0,1,0,0,0,0,0,1,0,0,0,0,0,0,0,0,0,0,0,0,0,0,0,0,0,0,0,0
5,1,5,6,3,6,16,17,7,9,8,15,14,24,18,21,32,33,40,43,26,43,62,87,72,76,86,90,100,127,115,127,149,163,156,180,192,203,204,213,248,328,267,309,287,328,334,332,346,383,402,398,420,444,416,422,420,418,479,439,450,452,410,449,434,404,419,375,405,372,350,357,320,296,309,320,296,267,244,215,187,215,188,180,175,162,173,152,129,116,111,113,100,88,89,73,63,75,51,41,51,44,43,31,38,20,30,32,17,17,19,18,14,14,8,14,9,8,10,6,11,5,10,10,2,3,3,6,2,2,6,2,5,1,1,1,3,2,2,3,0,0,1,3,2,0,1,2,0,1,0,1,0,0,0,0,0,0,2,0,0,1,2,0,0,0,0,0,0,0,1,0,0,0,0,0,0,1,1,0,0,0,0,0,0,0,0,0,0,0,0,0,0,0,0,0,0,0,0,0
7,1,5,5,9,3,12,13,9,9,12,12,16,18,17,24,28,27,41,50,37,40,49,63,80,63,86,119,85,106,124,139,146,163,163,200,179,220,223,239,269,270,247,274,309,342,350,344,361,345,360,357,414,388,377,399,448,393,442,428,418,446,460,434,369,380,382,360,364,363,292,317,319,336,282,307,293,227,233,214,203,210,194,191,158,137,154,150,116,104,95,115,74,80,83,81,64,61,64,49,45,41,35,44,28,35,26,25,15,19,25,15,9,14,13,10,3,4,9,7,8,2,4,5,7,5,4,0,2,4,9,3,0,2,1,5,4,0,3,0,1,1,1,2,0,0,1,2,1,0,0,0,0,2,1,0,1,1,1,0,0,0,0,0,0,0,0,0,0,0,0,0,0,0,0,0,0,0,0,0,0,0,0,1,0,0,0,0,0,0,0,0,0,0,0,0,0,0,0,0
6,4,4,4,5,5,11,10,7,11,4,12,15,17,14,29,33,25,29,38,46,45,52,74,72,93,88,103,95,112,102,135,132,131,170,186,166,218,205,221,228,288,292,290,311,336,313,316,340,355,397,360,411,414,402,419,410,415,404,457,378,418,423,384,385,418,386,384,373,323,313,326,319,293,291,303,283,230,231,236,231,206,192,182,138,120,132,140,120,128,87,107,84,76,85,68,60,51,51,53,46,34,29,29,24,33,23,22,24,20,14,11,16,15,7,13,13,8,9,6,3,2,5,3,8,2,5,0,2,2,2,0,6,0,5,2,3,3,1,0,0,1,1,1,2,0,0,0,1,1,0,1,1,0,0,0,0,1,2,2,0,0,0,1,1,0,1,0,0,0,0,0,0,0,0,0,0,0,0,0,0,0,0,0,0,0,0,0,0,0,0,0,0,0,0,0,0,0,0,0
2,4,3,8,6,3,9,8,12,15,11,13,11,22,19,17,41,20,31,48,49,38,48,73,68,81,82,88,112,107,113,129,135,134,162,158,180,180,205,225,224,270,238,269,303,296,307,330,324,327,369,346,410,364,408,391,390,394,436,412,424,435,447,395,368,370,377,348,361,339,313,312,315,315,298,272,251,241,240,205,209,178,178,142,152,129,135,141,119,98,88,76,71,85,61,65,55,58,58,41,53,45,29,24,28,25,21,19,18,25,15,17,11,16,7,9,11,6,9,7,6,3,9,4,3,4,5,1,5,4,0,1,2,5,3,2,1,1,1,2,1,1,0,1,0,3,1,0,1,0,1,0,0,0,2,0,0,1,0,0,0,0,0,1,1,0,0,0,0,0,0,0,1,0,0,0,0,0,0,0,0,0,0,1,0,0,0,0,0,0,0,0,0,0,0,0,0,0,0,0
4,2,3,4,4,7,9,9,8,13,15,20,11,14,21,22,26,26,29,39,42,49,57,53,72,71,74,110,92,105,109,142,124,152,144,154,199,197,210,218,214,253,260,298,246,302,330,342,336,327,368,359,415,390,337,391,382,362,427,394,372,421,388,381,366,346,365,333,328,338,277,284,286,311,277,295,276,228,216,184,205,174,164,151,149,140,118,132,117,111,87,95,84,79,69,59,58,46,47,38,36,33,23,24,25,24,24,19,18,18,11,14,10,12,11,15,9,8,7,7,3,7,4,5,5,3,2,1,3,0,2,0,6,2,0,1,2,1,2,2,0,0,2,1,1,0,1,0,2,0,1,1,1,0,1,0,0,0,2,0,0,0,0,0,1,0,0,0,0,0,0,0,0,0,0,0,0,0,0,0,0,0,0,0,0,0,0,0,0,0,0,0,0,0,0,0,0,0,0,0
6,4,5,4,4,4,15,10,10,8,9,16,13,21,14,23,32,31,42,47,36,33,51,67,59,76,92,96,76,88,114,146,120,117,157,167,188,205,192,214,215,248,281,293,277,296,322,334,341,340,381,318,366,353,344,387,387,389,384,363,340,318,381,372,308,380,377,308,331,318,274,290,296,269,262,263,234,212,213,211,215,180,164,127,136,106,143,139,102,104,105,74,81,62,75,58,48,50,46,35,32,37,26,35,29,14,17,17,12,16,9,6,7,11,12,5,6,6,10,3,8,7,4,5,3,3,2,1,4,3,2,2,4,1,0,1,0,1,1,1,1,0,0,1,1,1,1,1,1,1,1,1,0,1,1,1,0,0,0,0,0,0,1,0,1,0,0,0,0,0,0,1,1,0,0,0,0,0,0,0,0,0,0,0,0,0,0,0,0,0,0,0,0,0,0,0,0,0,0,0
3,4,3,7,3,4,6,6,13,15,13,12,12,14,14,14,41,16,33,41,49,36,62,64,60,69,70,88,90,113,105,158,97,145,154,164,193,175,178,214,220,249,237,257,257,282,304,298,326,336,360,316,372,390,374,334,373,367,375,337,375,373,363,361,373,356,310,309,333,304,290,297,275,245,248,228,232,205,222,181,166,172,165,130,138,145,119,131,112,102,88,88,65,62,70,56,61,41,41,46,41,36,22,30,19,26,18,12,9,18,8,11,11,5,5,9,7,4,10,3,6,4,3,6,3,8,3,2,5,2,5,1,2,4,1,1,1,3,1,1,0,1,2,1,1,0,0,1,2,0,0,0,2,1,2,0,0,0,0,0,2,0,0,0,1,0,0,0,0,1,0,0,0,0,0,0,0,0,0,0,0,0,0,0,0,0,0,0,0,0,0,0,0,0,0,0,0,0,0,0
1,2,1,5,2,6,9,10,7,14,7,9,13,14,17,23,32,25,21,41,36,51,58,68,47,70,76,111,95,108,96,139,148,173,129,153,150,225,211,217,206,271,253,258,274,301,260,281,283,349,300,319,370,361,333,334,381,345,390,362,375,329,332,369,343,336,345,337,302,309,281,288,274,254,230,273,252,183,205,165,139,153,176,162,124,119,130,127,90,87,78,64,54,67,56,50,41,51,36,49,33,28,26,40,22,17,17,12,15,20,10,8,9,16,14,6,12,9,4,3,5,3,4,4,1,3,4,3,1,1,0,3,1,2,2,0,1,0,0,1,3,0,3,2,0,3,2,0,0,1,0,1,0,0,1,2,0,0,0,0,0,1,0,1,1,0,0,0,0,0,0,0,0,0,0,0,0,0,0,0,1,0,0,0,0,0,0,0,0,0,1,0,0,0,0,0,0,0,0,0
4,1,6,7,0,1,13,12,7,12,6,11,13,10,19,17,39,24,31,32,38,40,41,73,66,74,88,84,82,98,96,125,134,125,147,157,168,188,203,205,207,266,227,268,277,262,306,282,314,300,327,279,351,325,320,368,376,373,368,383,390,347,361,336,276,310,319,314,300,302,243,284,252,259,236,218,204,202,176,163,172,163,146,127,128,103,117,114,76,69,74,60,61,62,61,51,49,52,34,32,35,32,34,17,32,14,21,16,6,6,5,12,8,7,7,9,6,10,6,7,3,0,3,3,1,2,1,2,0,2,2,0,2,0,1,0,2,0,0,1,0,0,2,1,0,0,0,0,0,0,1,0,2,1,0,1,1,0,0,0,0,0,0,0,1,0,0,0,0,1,0,0,0,1,0,0,0,0,0,0,0,0,0,0,0,0,0,0,0,0,0,0,0,0,0,0,0,0,0,0
3,0,3,7,2,6,6,9,5,15,7,8,10,27,23,17,31,18,43,48,36,42,51,56,58,71,68,74,87,95,105,130,116,137,121,170,154,188,191,186,190,256,205,246,263,269,265,276,274,328,322,311,368,312,345,355,344,310,335,347,364,402,313,344,334,336,300,281,291,273,290,259,250,266,215,216,207,189,188,161,189,171,150,154,115,112,103,92,110,77,73,75,68,72,43,47,40,41,36,29,31,29,21,25,16,13,12,24,11,10,10,9,11,8,12,4,4,5,3,2,5,1,3,4,3,1,1,5,2,0,2,0,0,1,2,0,1,0,0,0,0,0,0,2,0,1,2,0,0,0,0,2,0,0,0,0,0,0,0,0,0,0,1,1,0,1,1,1,1,0,0,1,0,0,0,0,0,0,0,0,0,0,0,0,0,0,0,0,0,0,0,0,0,0,0,0,0,0,0,0
4,3,3,4,5,2,10,11,8,16,8,9,11,15,16,13,26,19,34,37,35,42,37,60,53,59,70,89,86,73,116,103,135,138,158,143,136,181,164,199,230,251,231,263,246,283,286,283,276,316,312,264,319,331,355,305,296,335,368,358,326,296,339,310,306,310,309,269,276,280,240,255,254,228,188,206,195,193,179,175,158,153,153,129,115,116,112,107,78,77,62,83,65,68,61,47,51,42,43,45,24,29,18,24,11,18,20,18,13,9,9,9,11,5,8,4,9,3,3,6,0,1,3,5,2,0,3,2,3,4,4,0,2,0,1,0,2,0,1,1,0,2,1,3,1,1,2,1,1,1,1,1,1,0,0,0,0,0,0,0,0,0,0,0,0,0,0,0,0,0,0,0,1,0,0,0,0,0,0,0,0,0,0,1,0,0,0,0,0,0,0,0,0,0,0,0,0,0,0,0
6,0,3,5,7,6,10,8,9,12,10,12,14,16,19,24,29,25,41,32,30,41,54,61,73,62,64,87,96,92,94,123,108,135,148,144,155,162,175,193,185,201,209,262,238,249,259,259,277,263,340,275,317,361,328,298,320,339,349,350,380,346,302,322,294,314,308,258,275,296,219,229,248,209,211,203,180,193,197,159,140,130,117,130,128,103,101,121,74,82,63,71,64,60,50,51,40,28,35,36,24,24,19,22,25,22,17,14,20,10,12,6,10,11,9,6,2,6,2,6,2,3,4,3,1,1,4,4,3,3,0,0,2,1,3,0,1,1,1,0,1,0,1,1,0,1,0,0,1,0,0,0,1,0,0,0,0,0,1,0,0,1,1,0,0,0,0,0,0,0,0,0,0,0,0,0,0,0,0,0,0,0,0,0,0,0,0,0,0,0,0,0,0,0,0,0,0,0,0,0
3,2,1,7,8,6,9,11,9,9,7,7,10,14,14,22,32,12,38,37,32,40,46,63,57,80,45,82,97,91,96,99,130,122,156,141,156,178,192,209,202,223,215,240,244,251,260,281,266,284,300,302,326,349,317,342,290,322,325,326,325,312,307,301,293,279,291,284,256,251,227,260,246,244,189,179,173,179,179,175,124,141,130,133,117,120,86,105,75,75,68,72,54,60,48,31,39,42,29,35,36,17,24,29,14,19,10,12,11,9,6,7,7,5,1,4,4,5,5,2,4,3,3,3,3,1,0,1,1,1,0,2,1,1,1,0,1,0,0,1,0,2,1,2,0,0,0,0,0,0,0,0,0,1,0,0,1,0,0,0,0,0,1,0,0,0,0,0,0,0,0,0,1,0,0,0,0,1,0,0,0,0,0,0,0,0,0,0,0,0,1,0,0,0,0,0,0,0,0,0
3,4,2,4,3,5,7,5,5,6,7,16,8,15,22,17,24,25,39,38,39,39,42,72,55,69,64,103,72,75,94,117,120,125,131,144,150,219,187,177,185,224,226,236,246,242,264,239,246,249,273,296,339,319,301,322,309,317,320,327,283,298,291,280,277,272,275,263,281,240,202,231,254,219,197,170,182,168,157,162,118,122,121,104,102,105,99,95,77,87,77,69,54,57,49,37,37,31,32,39,33,29,21,15,26,11,15,13,13,13,12,9,8,5,6,6,4,7,3,2,4,2,4,4,0,5,0,0,1,1,0,2,1,1,0,1,1,2,1,0,0,0,1,1,1,1,0,2,0,0,0,0,0,1,0,1,0,0,0,1,0,0,0,0,0,0,0,0,0,0,0,0,0,0,0,0,0,0,0,0,0,0,0,0,0,0,0,0,0,0,0,0,0,0,0,0,0,0,0,0
2,1,5,4,4,4,9,6,1,11,8,12,11,10,10,10,29,13,23,35,42,36,36,58,63,61,57,80,68,81,93,136,98,121,144,155,159,155,175,204,226,217,211,227,232,239,227,251,230,252,280,271,336,331,295,311,298,304,341,291,327,316,286,299,252,292,268,221,257,253,225,222,211,189,195,188,192,176,186,146,149,128,119,100,92,98,76,78,72,74,58,56,55,52,43,40,43,34,30,34,30,15,14,19,19,11,22,11,8,5,10,9,10,7,2,9,2,5,1,3,3,2,2,3,1,3,2,2,3,1,2,2,1,1,1,1,2,0,0,0,0,0,0,1,0,0,0,1,0,1,2,0,1,0,0,1,0,0,1,0,0,0,0,0,0,0,0,0,0,0,0,0,0,0,1,0,0,0,0,0,0,0,0,0,0,0,0,0,0,0,0,0,0,1,0,0,0,0,0,0
1,0,4,3,4,4,14,6,3,9,8,14,9,19,12,17,29,23,32,34,41,35,30,70,49,65,53,78,80,90,77,108,106,105,128,129,150,154,162,202,195,196,231,263,255,208,247,280,253,250,275,284,292,310,292,266,307,280,313,308,304,288,277,301,248,238,244,239,220,248,205,209,239,190,194,175,180,146,164,129,114,171,92,103,98,91,89,79,79,71,55,54,46,57,52,51,38,28,27,26,33,25,33,12,12,11,10,11,18,8,7,10,7,8,6,3,6,2,5,3,2,3,1,3,3,0,2,1,1,0,2,0,1,0,0,1,2,0,0,0,0,0,1,2,0,0,2,0,1,1,1,1,0,0,1,0,0,0,0,0,1,0,0,0,0,0,0,0,0,0,0,0,0,1,0,0,0,0,0,0,0,0,0,0,0,0,0,0,0,0,0,0,0,0,0,0,0,0,0,0
4,1,2,2,4,4,9,8,9,15,6,11,7,19,22,13,29,21,21,40,33,39,40,53,60,62,74,85,91,84,85,99,115,100,137,150,137,182,163,163,179,208,192,204,243,238,253,247,227,261,302,274,304,285,276,308,334,305,283,297,270,299,274,284,238,275,268,251,237,235,216,214,236,209,166,184,158,150,136,133,155,106,110,102,77,83,89,75,70,47,72,55,50,43,52,29,31,32,27,19,21,13,20,25,18,20,14,12,11,11,5,6,10,4,3,4,3,2,5,4,6,2,2,0,0,2,2,0,1,0,2,0,1,1,2,0,0,0,0,1,0,2,0,1,0,0,1,0,0,0,0,0,0,1,0,0,0,1,0,1,0,0,0,0,0,1,0,0,0,0,0,0,0,1,0,0,0,0,1,0,0,0,0,1,0,0,0,0,0,0,0,0,0,0,0,0,0,0,0,0
0,1,2,4,6,4,7,10,7,7,10,7,9,10,16,22,22,16,42,34,35,25,32,61,49,52,69,69,78,81,88,82,107,119,110,117,172,176,155,169,174,194,198,217,235,239,235,243,257,261,240,260,267,291,260,254,271,261,295,278,298,270,277,249,268,272,259,223,231,209,226,176,199,186,175,159,148,131,132,128,113,112,109,97,94,86,85,83,69,70,57,47,42,49,38,39,31,31,34,25,26,22,16,21,14,16,11,14,5,11,6,6,8,1,7,7,3,3,3,3,2,3,1,3,4,1,1,0,1,0,1,1,0,0,1,0,2,3,2,0,0,0,0,1,1,0,0,0,0,0,2,0,1,0,0,0,0,0,0,0,0,0,0,0,0,0,0,0,0,1,0,0,0,1,0,0,0,0,1,0,0,0,0,0,0,0,0,0,0,0,0,0,0,0,0,0,0,0,0,0
3,2,2,2,1,3,12,7,5,5,6,9,11,16,11,21,25,13,32,44,33,38,39,49,53,68,69,73,73,67,89,96,108,113,123,123,165,169,141,170,162,173,170,196,207,219,202,224,225,229,262,255,286,284,271,270,267,281,264,267,257,239,234,243,228,250,242,211,205,210,207,197,182,190,181,165,141,143,152,111,114,125,111,96,103,72,75,66,66,55,60,45,39,45,33,45,34,30,30,19,24,18,26,19,14,7,10,8,10,10,4,11,4,4,2,7,2,4,5,2,5,1,1,3,0,0,1,1,5,0,1,0,0,0,2,0,0,0,0,1,0,0,1,0,0,0,1,0,1,0,0,0,0,0,0,0,1,0,0,0,0,0,0,0,1,0,0,0,0,0,0,0,0,1,0,0,0,0,0,0,0,0,0,0,0,0,0,0,0,0,0,0,0,0,0,0,0,0,0,0
2,1,3,4,4,3,6,5,4,14,9,9,9,8,21,20,33,22,21,30,27,39,43,56,52,57,57,65,78,78,94,99,101,108,102,114,141,161,160,157,161,205,181,212,228,239,207,242,261,252,224,268,268,283,261,264,284,265,276,299,255,283,241,228,267,272,237,197,196,203,188,191,177,186,180,169,163,149,120,136,113,99,115,84,92,88,80,70,69,59,56,52,52,39,41,29,43,18,27,31,23,13,21,14,12,17,8,11,18,6,6,2,3,4,6,5,1,2,4,6,1,3,0,1,1,2,2,1,1,0,1,2,1,1,0,0,0,0,0,1,1,0,0,0,0,0,0,0,0,0,0,0,0,0,1,0,0,1,0,0,0,0,0,0,0,0,0,0,0,0,1,0,0,0,0,0,0,0,0,1,0,0,0,0,0,0,0,0,0,0,0,0,0,0,0,0,0,0,0,0
2,1,5,4,3,4,11,13,9,9,11,7,13,17,23,17,29,17,32,44,32,33,36,65,42,59,61,71,73,70,97,131,105,116,106,123,130,169,137,156,145,221,183,196,201,204,211,243,230,237,242,253,235,253,226,266,267,285,249,284,273,248,236,242,225,247,223,199,206,176,181,167,178,176,176,162,138,126,145,121,109,116,98,107,79,68,62,74,50,61,67,56,44,48,37,39,27,23,23,20,23,17,13,16,14,7,10,8,14,7,7,8,5,6,4,7,5,1,2,1,1,1,2,1,2,0,1,0,0,0,1,0,0,1,0,0,0,2,1,0,0,0,0,0,1,1,0,0,1,3,0,0,1,0,0,1,1,0,0,0,0,2,0,0,0,0,0,1,1,0,0,0,0,0,0,0,0,0,0,0,0,0,0,0,0,0,0,0,0,0,0,0,0,0,0,0,0,0,0,0
5,0,0,2,6,2,3,9,3,9,9,12,10,14,12,17,29,21,28,34,34,45,43,46,46,49,61,82,63,79,100,98,109,96,105,123,124,124,127,157,168,186,178,220,199,190,214,215,234,230,256,221,258,260,269,267,233,267,257,236,243,248,237,243,222,239,219,207,199,160,175,175,182,148,159,151,138,145,114,116,113,102,115,71,72,81,63,63,49,59,37,46,42,30,23,23,24,35,27,17,18,15,24,11,10,15,12,5,12,13,6,10,3,3,1,6,5,3,2,1,6,0,1,2,3,1,0,0,1,0,1,1,1,1,0,1,0,0,0,0,0,0,1,2,1,0,0,1,0,0,0,0,1,1,0,0,0,0,0,0,0,0,0,0,0,0,0,0,0,0,0,0,0,1,0,0,0,0,0,0,0,0,0,0,0,0,0,0,0,0,0,0,0,0,0,0,0,0,0,0
1,2,6,2,3,5,8,6,4,3,9,9,10,17,22,11,25,19,21,25,28,24,27,51,51,41,60,66,67,83,64,98,112,88,109,121,125,151,134,141,155,176,182,204,183,189,205,223,196,216,228,224,252,252,265,243,275,254,253,261,236,225,235,210,227,216,237,184,208,213,164,172,167,165,143,154,140,122,110,104,105,90,111,71,82,73,71,59,64,53,54,49,45,33,20,27,20,29,25,19,21,12,11,12,13,9,3,9,8,2,3,6,5,3,2,8,3,5,2,2,3,1,0,2,1,0,1,1,0,2,1,0,0,1,0,0,0,1,0,2,0,0,1,0,0,0,0,1,0,0,0,0,0,0,1,0,1,0,0,0,0,0,0,0,0,0,0,0,0,0,0,0,1,0,0,0,0,0,0,0,0,0,0,0,0,0,0,0,0,0,0,0,0,0,0,0,0,0,0,0
2,2,8,2,0,7,8,9,9,14,5,11,7,8,16,17,24,12,24,28,26,35,38,55,43,61,46,76,84,82,89,110,113,107,101,130,122,163,132,135,154,150,181,178,189,195,217,207,209,229,222,208,227,265,230,235,238,223,228,220,211,218,241,217,221,227,195,198,180,205,157,169,144,154,143,156,138,115,122,102,98,102,95,88,77,83,66,70,48,49,41,47,47,37,27,31,16,27,21,22,15,18,15,9,11,11,10,11,7,7,3,10,2,2,4,5,2,3,0,3,2,1,1,1,0,1,1,1,1,1,1,0,1,0,1,0,1,2,2,0,0,1,0,0,1,1,0,0,0,0,0,1,0,1,0,0,0,0,0,0,0,0,0,0,0,0,0,1,0,0,0,0,0,0,0,0,0,0,0,1,0,0,0,0,0,0,0,0,0,0,0,0,0,0,0,0,0,0,0,0
2,3,0,3,1,5,4,15,6,7,5,8,15,12,14,22,19,8,24,23,37,25,32,44,35,52,41,58,75,74,97,85,110,97,96,113,128,147,135,161,152,178,167,169,197,197,221,201,215,210,219,211,261,240,234,224,263,241,233,247,230,222,237,225,206,211,192,183,187,164,148,146,158,155,142,156,144,114,111,90,106,107,82,79,74,65,61,63,58,48,47,38,48,35,37,25,27,30,23,14,11,21,13,14,10,11,6,10,5,7,8,7,4,5,2,2,2,2,0,1,1,2,2,1,2,2,0,1,0,1,1,1,0,0,0,0,0,0,1,1,1,0,0,2,0,0,0,0,0,0,0,0,1,0,0,0,0,1,0,0,0,0,0,0,0,0,0,0,0,1,0,0,0,0,0,0,0,0,0,0,0,0,0,1,0,0,0,0,0,0,0,0,0,0,0,0,0,0,0,0
4,0,3,2,2,6,6,6,6,9,11,7,14,13,11,14,17,17,29,31,30,29,35,54,46,47,55,64,59,80,68,93,99,90,106,126,135,145,149,127,163,198,159,166,159,205,209,180,206,230,231,210,239,251,242,235,235,201,224,215,209,209,224,200,176,204,200,184,183,165,153,170,149,155,145,110,126,96,107,102,106,103,74,87,54,66,58,60,50,44,39,40,32,43,25,26,22,25,10,17,13,10,15,9,13,12,11,8,3,7,2,2,2,4,2,3,4,3,1,1,1,1,1,1,3,1,0,0,0,1,2,2,0,1,3,0,1,0,0,0,0,0,0,0,0,0,0,0,0,0,0,0,2,1,0,0,0,0,0,0,0,0,0,0,0,0,0,1,0,0,0,0,0,0,0,0,0,1,0,0,0,0,0,0,0,0,0,0,0,0,0,0,0,0,0,0,0,0,0,0
2,1,3,5,2,3,10,8,7,11,6,9,18,7,21,11,26,16,22,24,28,18,33,41,52,51,61,63,68,61,73,103,91,115,108,81,143,135,143,135,155,179,166,207,147,188,193,191,202,217,234,200,235,202,249,202,223,222,226,199,226,228,207,176,208,204,177,163,188,162,168,174,167,138,157,134,106,110,90,115,93,97,72,71,78,66,67,53,49,47,42,27,32,32,29,24,19,18,18,19,10,8,11,10,8,6,12,6,4,7,7,5,2,4,2,3,3,1,1,3,3,0,2,1,0,1,1,1,0,1,1,1,1,0,0,0,0,2,0,0,0,0,0,0,1,0,0,0,0,0,0,0,0,0,0,0,0,0,0,0,0,1,0,0,0,0,1,0,0,0,0,0,0,0,0,0,0,0,0,0,0,0,0,0,0,0,0,0,0,0,0,0,0,0,0,0,0,0,0,0
3,1,3,0,2,5,7,12,4,15,6,4,11,14,7,20,13,10,22,30,25,26,27,48,45,58,58,60,59,76,87,60,78,94,86,127,113,150,164,142,141,149,160,171,154,188,188,230,198,188,234,199,222,241,222,200,244,213,225,219,198,206,222,191,180,223,185,185,142,157,132,134,150,152,113,115,113,105,110,94,77,101,98,74,66,57,62,37,40,46,27,39,32,23,26,24,18,20,15,15,8,15,13,10,10,9,8,7,2,5,4,9,7,4,2,2,1,2,2,1,2,2,0,2,0,3,1,1,0,0,0,0,1,0,0,0,0,0,2,0,0,0,0,0,0,0,0,0,0,0,0,0,1,0,0,0,0,1,0,1,0,0,0,0,0,0,0,0,1,0,0,0,0,0,0,0,0,0,0,0,0,0,0,1,0,0,0,0,0,0,0,0,0,0,0,0,0,0,0,0
4,1,4,0,3,0,9,6,1,8,11,12,10,6,12,14,28,16,26,37,34,43,32,49,43,45,59,53,50,63,67,75,84,79,97,112,99,141,136,130,122,154,138,180,164,167,205,190,198,197,198,190,217,221,175,213,205,211,212,243,213,220,216,197,174,172,185,167,132,151,162,152,129,118,132,132,129,113,104,92,84,80,102,77,61,48,67,45,51,54,45,35,24,35,29,20,20,19,11,15,18,10,9,12,11,10,5,5,6,2,2,3,2,3,0,2,1,1,0,2,0,1,1,1,1,1,1,1,1,0,1,2,0,0,1,0,0,0,0,0,0,0,0,0,0,0,0,0,0,1,0,0,0,1,0,0,0,0,0,0,0,0,0,0,0,0,0,0,0,0,0,0,0,0,0,0,0,0,0,0,0,0,0,0,0,0,0,0,0,0,0,0,0,0,0,0,0,0,0,0
5,3,7,6,4,4,4,8,2,5,7,8,8,12,9,14,17,11,24,25,26,32,42,40,41,43,50,52,55,63,71,76,97,90,106,110,132,122,104,124,128,141,139,176,153,185,189,182,182,189,192,187,201,193,210,212,220,220,211,223,212,201,212,189,159,182,183,144,156,160,134,153,135,135,108,125,96,111,106,90,89,79,66,60,61,64,56,53,47,38,37,31,26,35,12,23,20,15,15,23,12,11,10,9,6,10,5,6,3,7,10,5,2,3,5,4,1,1,1,2,1,1,1,1,0,0,0,1,0,0,2,0,1,0,0,0,1,0,0,0,0,1,0,0,1,0,0,0,0,0,0,0,0,0,1,1,0,0,0,0,0,0,0,0,1,0,0,0,0,0,0,0,0,0,0,0,0,0,0,0,0,0,0,0,0,0,0,0,0,0,1,0,0,0,0,0,0,0,0,0
4,0,2,3,3,5,4,7,7,10,7,14,13,11,8,15,20,27,15,19,24,28,30,35,42,49,42,67,54,73,87,93,81,80,75,101,98,113,129,119,127,157,148,145,169,171,182,174,197,195,196,201,211,211,191,193,221,193,212,224,211,213,152,167,183,156,162,150,138,157,124,133,113,133,101,105,100,108,105,78,92,72,64,67,59,48,52,68,42,45,38,34,30,33,30,22,17,25,14,17,15,7,18,9,7,7,16,6,3,4,6,4,4,4,3,3,1,1,2,2,1,2,1,1,3,1,0,1,0,0,1,0,0,1,0,1,0,0,0,0,1,0,0,1,0,0,0,0,1,0,0,0,0,0,0,0,1,0,1,0,0,0,0,0,0,0,0,0,0,0,0,0,0,2,0,0,0,0,0,0,0,0,0,0,0,0,0,0,0,0,0,0,0,0,0,0,0,0,0,0
3,2,2,1,3,3,6,6,5,13,7,11,8,11,7,18,13,10,26,25,28,22,29,46,33,34,52,64,47,52,48,77,91,77,86,85,110,117,134,121,129,141,142,137,164,177,191,169,168,175,187,181,215,186,190,199,176,191,219,182,194,191,187,174,154,191,175,128,153,158,130,129,134,123,116,108,89,108,92,85,80,82,75,40,72,67,49,47,46,31,43,31,28,26,22,27,12,14,14,19,13,11,17,7,6,8,7,4,6,6,3,3,2,4,5,1,2,3,4,1,0,0,2,1,2,0,2,0,1,0,0,0,0,0,0,1,1,0,0,0,0,0,0,0,0,0,0,0,0,0,0,0,0,0,0,0,0,0,0,0,0,0,0,0,0,0,0,1,0,0,0,0,0,0,0,0,0,0,0,0,0,0,0,0,0,0,0,0,0,0,0,0,0,0,0,0,0,0,0,0
3,3,1,2,1,6,9,6,5,5,7,9,13,9,6,13,20,9,26,29,23,33,27,47,53,42,47,58,49,56,65,68,74,84,91,84,94,120,109,137,147,138,145,149,173,136,160,161,180,150,164,188,192,187,202,222,176,199,211,195,156,186,163,180,177,164,158,161,146,146,120,137,120,106,124,103,98,96,96,68,75,70,57,58,57,56,50,48,35,32,28,33,18,29,21,24,19,17,14,19,7,14,12,14,8,5,6,2,2,6,3,3,2,6,2,0,0,3,0,3,1,3,0,1,1,0,0,0,0,0,0,0,0,2,0,0,0,0,0,0,0,0,0,0,0,0,0,0,0,0,1,0,0,0,1,0,1,0,0,0,0,0,0,1,0,0,0,1,0,0,0,0,0,1,0,0,0,0,0,0,0,0,0,0,0,0,0,0,0,0,0,0,0,0,0,0,0,0,0,0
1,1,3,1,3,7,6,5,7,8,6,7,10,12,14,9,18,10,28,18,25,27,28,36,42,51,48,55,58,53,60,81,80,74,89,87,100,108,122,95,116,130,146,145,156,155,154,159,149,165,173,165,191,166,203,184,198,191,195,148,186,172,176,179,143,180,133,131,134,152,120,142,127,97,130,92,105,74,85,80,78,70,68,62,56,44,48,31,34,30,33,19,25,32,20,20,23,15,22,14,10,13,13,5,4,8,5,9,5,6,5,1,4,2,2,5,0,1,3,1,0,0,1,2,0,1,0,0,0,1,0,1,0,0,0,1,0,0,0,0,1,2,0,0,0,0,0,0,0,0,0,0,0,0,0,0,0,0,0,0,0,0,0,0,0,0,0,0,1,0,0,0,0,0,0,0,0,0,0,0,0,0,0,0,0,0,0,0,0,0,0,0,0,0,0,0,0,0,0,0
4,2,1,7,0,7,7,9,6,11,2,6,9,11,15,19,10,23,23,26,30,31,29,45,53,37,48,47,60,52,67,71,69,96,92,90,118,103,134,108,121,146,128,145,147,171,144,150,176,184,172,168,176,166,166,166,189,168,181,185,193,171,160,175,144,158,171,156,144,140,115,123,137,120,127,109,84,86,74,87,75,76,70,47,58,49,43,44,34,28,28,29,27,22,21,18,21,9,17,17,9,11,12,6,11,7,7,5,5,10,5,4,1,3,1,2,2,2,1,3,1,0,0,1,2,0,1,0,0,0,0,0,0,0,0,1,0,1,0,0,0,0,0,0,0,0,0,0,0,0,0,0,0,0,0,0,0,0,0,0,0,0,0,1,0,0,0,0,1,0,0,0,0,0,0,0,0,0,0,0,0,0,0,0,0,0,0,0,0,0,0,0,0,0,0,0,0,0,0,0
2,0,4,4,2,4,11,6,3,10,6,7,13,8,10,10,17,17,16,16,27,27,31,37,59,47,36,63,60,55,60,84,63,93,80,82,94,111,118,104,131,132,113,147,147,168,145,174,168,154,162,174,174,198,170,170,172,195,191,176,172,165,133,140,144,148,120,139,136,138,114,128,110,97,88,100,85,83,89,68,69,57,56,57,52,41,49,39,35,28,34,29,22,18,24,20,18,25,10,11,13,4,15,6,13,3,10,8,3,4,5,4,4,6,1,1,2,1,2,3,1,5,2,0,0,0,0,0,0,1,0,0,1,0,0,0,1,0,0,0,0,0,0,0,0,0,0,1,0,0,0,0,0,0,0,0,0,0,0,0,0,0,0,0,0,1,0,0,0,0,0,0,0,1,0,0,0,0,0,0,0,0,0,0,0,0,0,0,0,0,0,0,0,0,0,0,0,0,0,0
3,0,2,2,2,3,8,7,10,14,3,12,8,9,10,17,11,13,21,19,26,21,21,33,38,43,42,44,47,40,55,68,72,92,76,79,85,91,92,108,107,117,123,141,133,164,141,155,169,156,177,162,175,149,159,183,164,199,178,190,166,135,170,162,137,147,123,154,153,126,113,119,130,107,107,105,90,84,74,60,61,54,47,52,48,41,42,32,25,47,26,25,28,21,29,18,17,16,11,9,3,6,10,11,7,5,5,4,3,1,2,1,1,2,4,4,1,3,3,2,1,0,0,2,2,2,1,0,0,0,0,0,0,1,0,0,0,0,0,0,0,0,0,0,1,0,0,1,0,0,0,0,0,0,0,0,0,0,0,0,0,0,0,0,0,0,0,0,0,0,0,0,0,0,0,0,0,1,0,0,0,0,0,0,0,0,0,0,0,0,0,0,0,0,0,0,0,0,0,0
1,1,3,0,1,3,8,6,4,7,9,5,8,6,10,6,17,11,24,25,23,23,28,46,36,49,50,47,49,55,71,74,71,71,71,85,93,110,100,107,112,128,124,134,134,146,142,157,148,153,183,150,167,173,180,163,149,159,165,169,161,156,161,147,139,147,144,121,127,127,112,118,106,103,87,88,81,62,57,55,65,75,68,54,52,48,36,42,37,29,23,25,30,26,27,23,10,17,13,5,5,8,6,3,8,9,7,5,0,5,7,7,5,1,0,2,3,1,0,0,0,0,1,1,1,0,4,0,1,0,1,0,1,0,0,0,0,0,1,0,0,0,0,0,0,0,0,0,0,0,0,0,0,0,0,0,0,0,0,0,0,0,0,0,0,0,0,0,0,0,0,0,0,0,0,0,0,0,0,0,0,0,0,0,0,0,0,0,0,0,0,0,0,0,0,0,0,0,0,0
1,2,2,4,2,3,3,6,3,8,8,12,9,12,14,11,17,13,24,15,26,18,31,32,40,32,40,44,43,41,57,64,91,79,79,86,91,115,99,124,106,125,122,131,142,136,155,170,159,158,146,170,165,169,149,158,166,165,179,154,149,152,151,133,138,159,129,135,102,129,106,86,103,91,97,84,80,70,74,56,55,44,63,41,51,47,41,39,31,25,25,24,14,19,19,9,21,19,13,15,8,13,7,14,1,8,8,6,3,5,7,5,0,2,4,2,1,1,0,1,0,0,1,0,0,0,1,0,0,0,0,0,1,1,1,0,0,0,1,0,0,0,0,0,0,0,0,1,0,0,0,0,0,0,0,0,0,0,0,0,0,0,0,0,0,0,0,0,0,0,0,0,0,0,0,0,0,0,0,0,0,0,0,0,0,0,0,0,0,0,0,0,0,0,0,0,0,0,0,0
2,0,3,2,2,4,7,8,7,7,5,9,6,7,12,13,21,9,22,19,17,22,27,28,31,46,41,46,38,51,65,91,65,82,72,76,74,104,103,97,114,160,116,116,118,140,154,156,136,152,169,161,155,153,148,148,184,142,165,176,144,133,170,125,131,159,132,106,104,105,103,94,88,94,81,80,73,70,64,50,67,65,52,38,51,37,33,42,31,33,27,27,24,24,21,19,20,7,12,13,12,6,11,6,4,5,3,7,6,5,2,6,2,0,0,2,3,2,2,1,1,0,0,1,0,0,1,2,0,1,1,0,0,0,0,0,0,0,0,0,0,1,0,1,0,1,0,0,1,0,0,0,0,1,0,0,0,0,0,1,0,0,0,0,0,0,0,0,0,0,0,0,0,0,0,0,0,0,0,0,0,0,0,0,0,0,0,0,0,0,0,0,0,0,0,0,0,0,0,0
4,0,1,2,3,2,7,4,10,11,11,12,8,7,11,16,9,13,28,22,26,19,29,40,33,28,47,56,46,37,51,67,59,66,86,68,86,100,113,129,98,103,101,126,120,141,137,155,153,158,151,173,155,155,175,163,141,152,151,151,146,148,125,146,144,136,125,138,124,125,95,111,87,95,93,76,82,87,68,50,55,55,61,44,31,28,28,25,33,28,28,25,25,25,15,13,11,12,7,9,9,9,8,6,8,3,4,5,2,2,5,3,1,1,2,0,1,1,3,0,0,1,0,1,1,0,0,1,1,1,0,0,0,0,0,0,0,0,0,0,0,0,1,0,0,0,0,0,0,0,0,0,0,0,0,0,0,0,0,0,0,0,0,0,0,0,0,0,0,0,0,0,0,0,0,0,0,0,0,0,0,0,0,0,0,0,0,0,0,0,0,0,0,0,0,0,0,0,0,0
6,2,2,4,4,5,7,4,3,6,6,5,8,10,10,8,19,8,19,20,17,18,31,28,37,32,37,46,52,37,63,78,73,79,68,82,75,77,96,114,102,110,108,121,122,135,131,149,147,137,158,148,155,173,162,142,144,162,145,157,142,154,129,117,133,137,103,108,98,109,81,104,109,81,81,85,72,68,65,62,55,55,39,49,39,45,35,27,24,22,23,22,24,22,10,16,17,15,12,7,5,10,4,8,5,5,6,4,1,3,4,0,4,1,1,0,1,1,0,1,0,1,0,1,0,0,1,0,0,0,0,0,1,0,0,0,0,0,1,0,0,0,1,0,0,0,0,0,0,0,0,0,0,0,1,0,0,1,0,0,0,0,0,1,0,0,0,0,0,0,0,0,0,0,0,0,0,0,0,0,0,0,0,0,0,0,0,0,0,0,0,0,0,0,0,0,0,0,0,0
0,0,1,2,1,0,6,2,7,6,6,8,9,17,7,11,20,10,14,18,19,17,30,31,34,33,43,53,47,44,65,60,72,61,73,79,79,104,86,98,98,99,118,121,126,114,130,149,133,131,123,136,128,136,146,172,118,158,159,153,138,128,127,140,101,130,136,108,105,83,94,106,94,99,73,82,80,61,80,50,61,44,47,39,36,45,28,24,29,29,21,16,21,16,12,19,15,12,12,12,10,14,7,4,6,4,4,4,5,5,8,4,2,3,1,3,2,1,1,0,1,0,1,0,0,0,0,0,0,0,0,0,0,0,0,0,1,0,1,0,1,0,0,0,0,0,0,0,0,0,0,0,0,0,0,0,1,1,0,0,0,0,0,0,0,0,0,0,0,0,0,0,0,0,0,0,0,0,0,0,0,0,0,0,0,0,0,0,0,0,0,0,0,0,0,0,0,0,0,0
5,0,3,6,3,5,6,6,2,6,3,2,10,11,15,9,14,11,25,19,21,23,37,37,33,38,37,42,44,49,45,64,58,62,76,85,87,102,103,99,89,122,119,120,114,122,124,157,140,137,139,161,156,162,137,133,138,146,138,127,156,140,145,127,108,126,101,96,125,100,84,99,98,78,94,83,90,55,65,58,42,39,44,49,39,31,48,31,25,33,25,27,18,30,11,12,14,12,13,9,10,5,3,11,6,4,5,2,3,5,3,1,3,4,2,2,2,2,0,0,0,0,0,0,0,1,0,0,0,0,1,0,0,0,0,0,0,0,0,0,0,0,0,0,0,0,0,0,0,0,1,0,0,0,0,0,0,0,1,0,0,0,0,0,0,0,0,0,0,0,0,0,0,0,0,0,0,0,1,0,0,0,0,0,0,0,0,0,0,0,0,0,0,0,0,0,0,0,0,0
2,1,3,2,0,2,6,3,4,6,3,8,6,9,13,10,10,12,17,19,34,26,30,29,31,35,31,47,49,47,50,66,63,81,61,71,101,84,84,100,100,115,104,121,110,113,112,136,139,135,140,127,171,130,133,145,127,146,138,151,128,133,132,130,120,95,104,114,118,87,87,91,82,96,68,71,64,77,64,62,56,63,32,34,34,28,32,29,27,27,19,13,18,20,14,9,9,5,7,4,5,12,8,9,6,5,4,4,2,3,3,0,4,2,2,2,1,0,1,0,1,1,0,1,1,0,0,0,1,0,0,0,1,0,0,0,0,0,0,1,0,0,0,0,0,0,0,0,0,0,0,0,0,1,0,0,0,0,0,0,0,0,0,0,0,0,0,0,0,0,0,0,1,0,0,0,0,0,0,0,0,0,0,0,0,0,0,0,0,0,0,0,0,0,0,0,0,0,0,0
2,1,0,4,3,1,8,6,2,8,5,5,5,14,8,11,13,24,26,21,18,22,25,33,47,27,35,54,45,53,35,60,65,67,65,63,82,92,97,69,97,97,115,102,101,122,127,109,131,130,132,129,133,134,135,138,145,116,131,148,142,123,120,127,138,128,91,103,91,90,78,79,97,93,62,62,67,54,56,38,38,63,46,37,34,39,41,22,28,12,28,23,25,14,17,13,9,9,12,7,8,5,7,3,4,3,5,3,3,3,2,2,0,0,2,1,1,1,1,5,1,0,0,0,1,0,0,0,0,0,0,0,0,0,0,0,0,1,0,0,1,0,0,0,0,0,0,1,0,1,0,0,0,0,0,0,0,0,0,0,0,0,0,0,0,0,0,0,0,0,0,0,0,2,0,0,0,0,0,0,0,0,0,0,0,0,0,0,0,0,0,0,0,0,0,0,0,0,0,0
3,1,0,2,2,3,6,4,3,4,5,2,5,9,14,10,18,4,17,15,14,36,24,28,28,23,35,46,41,51,54,66,51,46,74,87,72,80,85,71,86,94,103,107,110,118,109,124,130,130,136,126,141,123,126,143,128,137,128,125,113,124,105,114,112,100,101,101,103,91,94,90,79,67,78,77,66,60,62,54,53,46,41,31,35,34,30,20,22,13,19,17,21,13,23,11,13,7,11,10,7,6,2,9,9,3,3,6,3,5,0,3,0,1,1,4,0,1,1,3,0,0,0,1,0,0,1,0,1,0,1,0,0,0,0,0,0,0,0,0,0,0,0,0,0,0,0,0,0,0,0,0,0,0,0,0,0,0,0,0,0,0,0,0,0,0,0,0,0,0,1,0,0,0,0,0,0,0,0,0,0,0,1,0,0,0,0,0,0,0,0,0,0,0,0,0,0,0,0,0
1,0,0,0,1,5,3,3,2,14,1,9,8,11,12,10,16,10,21,21,15,17,17,32,30,36,28,45,40,47,39,54,64,77,61,77,72,93,100,76,71,105,96,110,100,109,122,123,136,128,139,124,140,142,129,106,138,121,123,112,136,117,111,129,106,120,109,98,92,101,77,80,79,90,64,73,48,62,56,56,43,40,41,34,39,26,29,22,17,23,13,22,21,16,8,13,11,13,6,6,10,5,8,6,3,5,4,1,2,0,6,0,1,2,3,0,0,1,1,2,0,1,0,0,0,0,0,0,1,0,0,0,0,1,0,0,0,0,0,0,0,0,0,0,0,0,0,0,0,0,0,0,0,0,0,0,0,0,0,0,0,0,0,0,0,0,0,0,0,0,0,0,0,1,0,0,0,0,0,0,0,0,0,0,0,0,0,0,0,0,0,0,0,0,0,0,0,0,0,0
2,1,1,2,0,2,6,2,0,2,7,7,7,6,14,16,19,6,15,17,12,16,21,33,32,29,36,32,40,53,62,70,31,51,71,67,102,85,74,81,80,91,100,108,109,112,109,105,116,119,118,106,136,111,105,117,144,129,130,123,102,112,106,102,80,107,94,86,76,82,78,64,86,81,68,62,56,52,53,49,38,56,39,34,29,32,33,24,25,30,13,11,15,14,13,13,10,15,6,5,12,7,6,2,7,5,2,3,4,1,3,3,3,2,1,0,1,0,2,0,0,0,0,1,0,0,0,1,0,0,0,0,0,0,0,0,1,0,0,0,0,0,0,0,0,0,0,0,0,0,0,0,0,0,1,0,1,0,0,0,0,0,0,0,0,0,0,0,0,0,0,0,0,0,0,0,0,0,0,0,0,0,0,0,0,0,0,0,0,0,0,0,0,0,0,0,0,0,0,0
0,0,1,5,5,6,1,6,4,4,4,6,4,6,3,9,10,8,9,21,18,32,25,39,31,30,29,26,42,50,57,51,60,48,62,62,78,79,80,80,82,90,89,104,94,112,118,115,124,104,124,129,113,129,123,120,130,112,122,122,115,123,101,101,108,94,82,87,82,90,77,77,70,66,60,65,59,47,56,37,48,39,44,38,30,33,17,16,23,16,14,15,14,20,15,13,11,7,11,6,2,10,8,10,5,2,2,2,1,2,0,3,1,1,1,2,2,0,2,2,0,0,0,1,0,0,0,0,0,1,0,0,0,0,0,0,0,0,0,0,0,0,0,0,0,0,0,0,0,0,0,0,0,0,0,0,0,0,0,0,0,0,0,0,0,0,0,0,0,0,0,0,0,0,0,0,0,0,0,0,0,0,0,0,0,0,0,0,0,0,0,0,0,0,0,0,0,0,0,0
0,1,2,3,4,3,6,8,2,4,5,4,6,12,7,4,14,6,13,22,20,20,22,28,17,32,25,40,38,37,40,49,56,63,53,66,65,80,66,78,90,89,78,97,101,92,91,131,102,113,123,99,125,121,113,131,122,121,127,142,102,123,110,66,92,98,64,95,89,73,78,63,72,71,71,64,48,67,39,41,37,46,48,29,29,24,27,30,16,19,28,14,14,14,15,10,11,19,11,2,6,8,3,5,2,4,4,1,1,1,3,0,0,1,0,2,0,3,0,2,1,0,0,2,0,0,0,0,0,0,0,0,0,0,0,0,0,0,0,0,0,0,0,0,0,0,0,0,0,0,0,0,0,1,0,0,0,0,0,0,0,0,0,0,0,0,0,0,0,0,0,0,0,0,0,0,0,0,0,0,0,0,0,0,0,0,0,0,0,0,0,0,0,0,0,0,0,0,0,0
3,0,0,1,1,2,5,5,1,3,3,5,4,12,5,8,14,10,18,20,19,15,20,33,29,22,31,41,42,47,45,49,43,55,47,70,72,79,75,87,82,90,89,91,102,97,131,110,115,117,120,120,112,127,117,95,105,116,118,103,151,104,129,102,93,96,97,93,90,72,76,80,83,76,56,54,51,54,48,48,60,39,31,36,28,19,20,30,20,24,15,22,20,16,14,11,9,7,6,5,7,4,4,3,4,4,5,4,0,1,2,1,3,1,0,1,0,1,1,1,0,0,1,1,2,1,0,1,0,0,0,0,0,0,0,0,0,0,0,0,1,0,0,0,0,0,0,0,0,0,0,0,0,0,0,0,0,0,0,0,0,0,0,0,0,0,0,0,0,0,0,0,0,0,0,0,0,0,0,0,0,0,0,0,0,0,0,0,0,0,0,0,0,0,0,0,0,0,0,0
3,1,2,0,3,6,7,7,1,5,4,5,4,10,4,8,10,8,10,19,16,17,17,37,34,35,41,55,34,51,37,57,55,46,73,63,74,76,58,84,69,103,75,105,113,80,84,110,82,100,116,124,121,118,102,101,109,118,102,111,100,88,108,115,94,83,91,65,80,70,60,71,70,67,54,54,59,52,57,45,39,27,36,29,21,30,25,17,18,22,18,18,23,14,9,9,12,8,6,6,9,6,2,4,3,3,2,0,3,4,2,0,2,0,3,3,0,2,0,0,0,0,0,0,0,0,0,0,0,0,0,0,1,1,0,1,2,0,0,0,0,0,0,0,0,0,0,0,0,0,0,0,0,0,1,0,0,0,0,0,0,0,0,0,0,1,0,0,0,0,0,0,0,0,0,0,0,0,0,0,0,0,0,0,0,0,0,0,0,0,0,0,0,0,0,0,0,0,0,0
1,1,4,2,1,3,4,9,4,5,6,4,2,6,11,8,16,9,16,24,17,17,15,19,30,24,29,37,33,37,46,42,44,44,54,71,80,70,53,88,56,93,85,85,86,103,95,100,102,117,120,105,108,122,111,114,103,99,133,102,101,91,102,90,96,95,89,64,71,90,69,72,62,63,77,54,45,41,42,43,35,36,35,36,23,21,23,21,23,16,21,19,10,10,9,15,10,10,4,5,4,5,4,4,2,1,2,2,1,2,2,1,0,1,0,1,2,1,1,0,2,1,0,1,0,0,0,0,0,1,0,0,0,1,0,1,0,0,0,0,0,0,0,0,0,0,0,0,0,0,0,0,0,0,0,0,0,0,0,0,0,0,0,0,0,0,0,0,0,0,0,0,0,0,0,0,0,0,0,0,0,0,0,0,0,0,0,0,0,0,0,0,0,0,0,0,0,0,0,0
1,0,2,3,0,3,6,5,4,3,2,1,5,5,8,7,15,11,17,12,25,19,14,41,22,29,40,34,32,43,29,46,52,39,55,57,56,72,69,69,75,103,89,111,95,96,99,94,99,97,120,114,130,123,102,106,105,115,120,102,97,90,93,73,101,77,82,78,87,58,69,73,54,54,48,45,47,40,47,38,21,40,20,22,22,24,25,23,20,19,14,9,17,12,11,11,12,6,6,6,4,6,9,4,4,1,2,11,0,2,1,2,0,1,0,2,2,0,2,0,1,1,0,0,0,0,0,0,0,0,0,0,0,0,0,0,0,0,0,0,0,0,0,0,0,0,0,0,0,0,0,0,0,0,0,0,0,0,0,0,0,0,0,0,0,0,0,0,0,0,0,0,0,0,0,0,0,0,0,0,0,0,0,0,0,0,0,0,0,0,0,0,0,0,0,0,0,0,0,0
2,1,2,5,1,1,7,4,0,10,6,4,7,7,7,5,6,9,12,22,9,13,26,28,22,24,33,35,32,39,43,59,55,57,56,55,71,64,64,55,90,84,64,98,84,82,93,78,111,95,105,94,107,102,112,99,89,121,117,105,100,93,78,97,78,92,84,74,79,67,63,61,62,52,66,42,49,39,37,32,42,34,21,29,19,20,20,27,19,15,16,17,16,15,11,9,8,7,6,5,5,4,5,4,4,5,4,0,2,4,1,1,1,2,0,3,1,0,1,2,0,1,0,0,1,0,0,0,0,0,0,1,0,0,0,0,0,0,0,1,0,0,0,0,0,0,0,0,0,0,0,0,0,1,0,0,0,0,0,0,0,0,0,0,0,0,0,0,0,0,0,0,0,0,0,0,0,0,0,0,0,0,0,0,0,0,0,0,0,0,0,0,0,0,0,0,0,0,0,0
3,0,1,3,0,3,2,2,5,2,5,5,5,6,6,4,11,10,18,11,14,10,14,21,24,27,24,32,25,46,45,42,40,46,49,66,71,55,79,69,87,74,69,78,69,97,91,80,87,96,85,89,87,108,97,102,107,100,99,96,95,109,109,98,84,84,78,54,78,63,64,53,76,63,50,45,57,40,56,25,41,38,35,26,25,16,22,14,7,18,22,10,10,15,6,6,2,12,7,10,3,3,11,3,2,3,2,7,0,0,1,1,1,0,2,1,2,3,0,2,0,0,0,1,0,0,0,0,0,0,0,1,0,0,0,0,0,0,0,0,0,0,0,0,0,0,0,0,0,0,0,0,0,0,0,0,0,0,0,0,0,0,0,0,0,0,0,0,0,0,0,0,0,0,0,0,0,0,0,0,0,0,0,0,0,0,0,0,0,0,0,0,0,0,0,0,0,0,0,0
1,0,2,5,2,0,6,3,5,4,2,4,4,9,6,2,8,9,11,18,10,19,19,16,24,24,27,29,23,37,42,47,60,52,50,70,63,55,61,54,66,81,75,87,96,86,109,91,106,98,115,104,102,102,83,116,91,104,96,85,79,96,101,85,94,77,66,82,67,79,76,58,57,47,44,37,38,40,47,36,32,31,33,26,29,33,21,20,21,16,15,13,10,15,9,11,5,8,6,8,6,7,4,3,4,2,6,1,0,1,2,0,2,1,1,0,2,1,0,1,0,0,1,0,1,0,0,0,0,0,1,0,0,0,0,0,0,0,0,0,0,0,0,0,0,0,0,0,0,0,0,0,0,0,0,0,0,0,0,0,0,0,0,0,0,0,0,0,0,0,0,0,0,0,0,0,0,0,0,0,0,0,0,0,0,0,0,0,0,0,0,0,0,0,0,0,0,0,0,0
0,1,0,2,0,2,4,1,2,5,4,5,3,6,11,6,9,17,15,17,12,10,17,20,32,22,27,37,33,44,36,44,56,43,53,74,54,76,64,61,69,79,84,74,89,95,92,91,89,81,87,101,114,99,100,77,87,97,107,105,83,87,84,84,79,75,70,80,71,80,42,53,54,51,45,36,48,40,36,34,28,38,23,29,23,17,26,22,14,11,8,9,15,14,11,8,6,11,5,8,5,2,3,3,5,2,3,2,2,0,1,2,0,3,2,0,1,0,0,0,0,0,0,0,0,0,0,1,0,0,0,0,0,0,0,0,1,0,0,0,0,0,0,0,0,0,0,0,0,0,0,0,0,0,0,0,0,0,0,0,0,0,0,0,0,0,0,0,0,0,0,0,0,0,0,0,0,0,0,0,0,0,0,0,0,0,0,0,0,0,0,0,0,0,0,0,0,0,0,0
1,1,4,1,0,3,5,5,0,5,3,6,3,11,3,7,15,10,15,15,14,15,20,24,19,27,33,32,31,19,37,36,38,47,57,71,56,44,57,65,84,92,64,75,72,75,82,80,90,87,102,90,105,100,95,89,105,90,114,99,94,84,77,87,72,93,65,63,71,52,59,62,60,48,58,58,45,39,42,28,26,29,20,20,21,17,22,14,15,14,12,18,7,6,6,5,3,6,6,10,6,5,4,4,2,3,4,3,1,1,2,2,1,0,0,3,0,0,2,0,1,0,2,0,0,0,1,0,0,0,0,0,1,0,0,0,0,0,0,0,0,0,0,0,0,0,0,0,0,0,0,0,0,0,0,0,0,0,0,0,0,1,0,0,0,0,0,0,0,0,0,0,0,0,0,0,0,0,0,0,0,0,0,0,0,0,0,0,0,0,0,0,0,0,0,0,0,0,0,0
1,2,3,3,2,2,7,5,1,5,3,4,4,4,6,11,7,7,11,9,13,14,15,22,18,22,33,32,23,29,42,43,53,46,44,49,67,68,65,61,67,80,69,89,72,78,88,94,104,102,94,86,105,98,90,88,100,95,82,85,80,86,95,66,86,74,61,59,81,66,60,57,56,53,50,35,37,29,41,33,39,29,25,17,26,15,16,22,10,11,14,11,9,9,6,7,7,4,2,7,5,3,2,4,1,3,0,5,0,3,2,4,3,1,0,1,2,0,2,0,1,0,0,1,1,1,0,0,0,0,0,0,0,0,0,0,0,0,0,0,0,0,0,0,0,0,0,0,0,0,0,0,0,0,0,0,0,0,0,0,0,0,0,1,0,0,0,0,0,0,0,0,0,0,0,0,0,0,0,0,0,0,0,0,0,0,0,0,0,0,0,0,0,0,0,0,0,0,0,0
1,2,2,1,0,2,7,2,3,3,5,2,5,6,5,12,8,8,10,9,15,16,16,22,11,32,31,32,34,27,31,40,35,42,39,56,59,52,59,59,66,57,80,70,76,74,87,70,73,84,87,74,90,105,91,84,84,95,89,83,89,83,80,68,78,80,74,53,60,62,43,51,62,42,40,47,37,43,31,33,28,27,23,24,23,14,15,22,13,10,11,9,10,9,9,10,6,3,5,2,0,7,4,1,3,1,3,1,0,2,0,1,1,0,0,0,0,0,0,0,0,0,0,1,0,0,0,0,0,0,1,0,0,0,0,0,0,0,1,0,0,0,0,0,0,0,0,0,0,0,1,0,0,0,0,0,0,0,0,0,0,0,0,0,0,0,0,0,0,0,0,0,0,0,0,0,0,0,0,0,0,0,0,0,0,0,0,0,0,0,0,0,0,0,0,0,0,0,0,0
1,1,0,3,1,0,2,5,2,3,5,3,2,5,9,7,15,5,11,14,15,10,17,19,22,31,16,33,23,27,45,41,26,60,31,53,58,70,58,45,68,64,66,72,73,102,93,84,75,77,76,90,69,92,80,99,86,82,76,59,89,103,76,88,81,74,63,72,56,54,55,49,47,49,46,47,48,34,35,24,26,23,24,20,25,12,23,16,10,21,11,8,8,3,10,5,13,9,2,4,4,1,4,2,3,1,2,3,3,0,4,0,0,1,0,1,1,0,0,0,0,0,1,0,0,1,0,0,0,1,0,0,0,0,0,0,0,0,0,0,0,0,0,0,0,0,0,0,0,0,0,0,0,0,0,0,0,0,0,0,0,0,0,0,0,0,0,0,0,0,0,0,0,0,0,0,0,0,0,0,0,0,0,0,0,0,0,0,0,0,0,0,0,0,0,0,0,0,0,0
1,0,4,0,0,0,6,3,2,8,3,4,4,2,5,6,8,5,14,12,10,9,16,22,13,27,30,24,28,29,30,48,44,51,50,34,40,58,39,64,57,62,72,72,73,76,66,92,76,80,84,99,73,93,86,78,80,98,109,91,91,88,77,61,70,69,50,63,53,60,42,44,55,49,45,34,31,34,28,33,39,26,18,20,28,15,21,14,21,19,8,9,12,8,8,9,7,6,7,2,1,3,10,3,6,3,2,0,2,1,2,1,0,2,0,0,0,0,0,0,1,0,0,0,0,0,0,0,0,0,1,0,0,0,0,0,0,0,0,0,0,0,0,0,0,0,0,0,0,0,0,0,0,0,0,0,0,0,0,0,0,0,0,0,0,0,0,0,0,0,0,0,0,0,0,0,0,0,0,0,0,0,0,0,0,0,0,0,0,0,0,0,0,0,0,0,0,0,0,0
2,0,0,1,2,1,6,5,2,2,2,3,4,1,2,6,13,4,10,10,13,17,12,24,17,18,30,37,35,23,36,43,44,50,49,52,45,54,55,64,71,56,72,74,70,57,91,82,70,82,93,80,91,82,85,76,85,80,61,78,69,79,76,70,60,69,69,58,54,58,47,56,48,46,43,39,49,40,37,30,33,25,31,21,15,13,11,16,15,1,3,4,5,5,6,5,9,5,5,6,2,2,3,4,5,3,0,1,3,1,2,0,0,1,0,1,2,1,0,1,1,0,1,0,0,0,0,0,0,0,0,0,0,0,0,0,0,0,0,0,0,0,0,0,0,0,0,0,0,0,0,0,0,0,0,0,0,0,0,0,0,0,0,0,0,0,0,0,0,0,0,0,0,0,0,0,0,0,0,0,0,0,0,0,0,0,0,0,0,0,0,0,0,0,0,0,0,0,0,0
1,2,2,0,0,3,6,7,4,2,2,1,4,9,4,8,6,5,11,9,19,17,27,22,18,32,29,31,24,32,31,33,45,44,46,51,48,62,56,57,61,64,61,71,74,89,70,83,77,63,96,70,80,94,78,75,88,83,86,81,87,83,72,59,70,65,57,50,54,43,52,41,41,51,37,46,35,39,34,29,28,21,28,16,17,21,13,15,8,16,14,7,9,5,5,7,4,2,4,6,3,1,4,3,2,2,1,0,3,2,1,1,3,2,2,0,0,0,0,0,0,0,1,0,0,0,0,0,1,0,0,0,0,0,0,0,0,0,0,0,0,0,0,0,0,0,0,0,0,0,0,0,0,0,0,0,0,0,0,0,0,0,0,0,0,0,0,0,0,0,0,0,0,0,0,0,0,0,0,0,0,0,0,0,0,0,0,0,0,0,0,0,0,0,0,0,0,0,0,0
0,1,1,2,1,0,3,7,3,7,2,3,2,5,5,5,10,8,13,8,5,15,11,23,22,16,25,29,28,28,43,39,40,41,40,43,47,40,53,56,46,63,60,65,73,57,54,90,67,77,87,64,87,87,66,74,80,70,90,80,80,58,65,63,64,59,72,61,50,55,36,51,61,42,44,31,34,30,34,21,27,27,19,26,23,20,10,20,13,16,10,7,9,5,12,2,2,2,7,3,5,2,4,2,2,1,2,1,0,1,0,2,1,0,2,0,0,0,0,0,0,1,1,1,1,0,0,0,0,0,0,0,0,0,0,0,0,0,0,1,0,0,0,0,0,0,0,0,0,0,0,0,0,0,0,0,1,0,0,0,0,0,0,0,0,0,0,0,0,0,0,0,0,0,0,0,0,0,0,0,0,0,0,0,0,0,0,0,0,0,0,0,0,0,0,0,0,0,0,0
2,3,2,2,2,2,7,4,1,8,2,5,8,9,7,5,15,6,13,13,11,10,23,20,17,17,28,36,39,27,33,40,46,33,34,51,40,54,47,63,53,46,67,79,68,85,68,91,85,70,70,73,76,72,53,87,71,83,71,64,64,68,57,81,71,76,54,63,46,46,53,50,34,45,47,41,32,31,26,27,32,30,16,16,13,13,8,12,7,12,11,13,12,11,10,9,6,3,2,3,4,1,5,3,2,0,2,0,1,1,0,1,1,2,1,0,1,1,0,1,0,0,0,0,0,0,0,0,0,1,0,0,0,0,0,0,0,0,0,0,0,0,0,0,0,0,0,0,0,0,0,0,0,0,0,0,0,0,0,0,0,0,0,0,0,0,0,0,0,0,0,0,0,0,0,0,0,0,0,0,0,0,0,0,0,0,0,0,0,0,0,0,0,0,0,0,0,0,0,0
1,0,4,1,0,0,2,5,3,6,2,3,6,3,7,4,14,4,9,9,15,13,13,24,14,18,24,37,14,23,26,33,36,41,51,42,53,48,44,44,79,48,58,75,66,53,70,70,69,77,85,84,78,74,73,67,78,63,77,65,66,63,68,76,64,54,49,38,48,59,31,40,48,49,41,46,23,19,18,31,28,22,24,20,18,10,19,4,13,9,8,10,2,4,5,9,4,7,5,6,3,1,2,4,1,3,2,1,3,2,1,2,1,1,0,0,0,2,0,0,0,0,0,0,0,0,0,0,0,0,0,0,0,1,0,0,0,0,0,0,0,0,0,0,0,0,0,0,0,0,0,0,0,0,0,0,0,1,0,0,0,0,0,0,0,0,0,0,0,0,0,0,0,0,0,0,0,0,0,0,0,0,0,0,0,0,0,0,0,0,0,0,0,0,0,0,0,0,0,0
0,0,1,1,0,2,4,3,1,1,1,3,9,3,7,6,8,2,10,12,19,12,11,17,16,25,25,23,24,32,25,29,30,32,37,44,46,51,41,56,51,60,53,82,50,70,77,65,62,61,68,65,77,77,84,78,77,87,80,71,70,58,61,53,72,69,53,60,44,56,41,43,46,33,28,18,25,26,28,28,17,26,19,15,13,16,14,10,12,11,9,7,4,9,4,7,5,10,2,6,6,0,4,0,2,1,2,2,2,2,0,0,0,1,1,1,1,0,0,1,0,0,0,0,0,0,0,0,0,0,0,0,0,0,0,0,0,0,0,0,0,0,0,0,0,0,0,0,0,0,0,0,0,0,0,0,0,0,0,0,0,0,0,0,0,0,0,0,0,0,0,0,0,0,0,0,0,0,0,0,0,0,0,0,0,0,0,0,0,0,0,0,0,0,0,0,0,0,0,0
1,0,2,2,2,1,5,3,3,1,3,1,5,5,6,6,7,5,12,24,9,13,11,17,21,26,20,28,29,26,17,34,38,34,45,39,45,46,57,57,54,58,60,58,64,68,76,67,83,73,86,74,69,61,59,54,68,75,79,77,74,70,60,51,44,52,43,44,43,34,40,35,40,46,36,26,28,28,35,26,24,24,24,15,20,15,17,17,9,15,8,7,6,10,6,3,6,5,5,1,4,2,5,5,1,3,1,1,0,1,3,0,1,0,0,0,0,0,0,0,1,1,1,0,0,0,1,0,0,0,0,0,0,0,0,0,1,0,0,0,0,0,0,0,0,0,0,0,0,0,0,0,1,0,0,0,0,0,0,0,0,0,0,0,0,0,0,0,0,0,0,0,0,0,0,0,0,0,0,0,0,0,0,0,0,0,0,0,0,0,0,0,0,0,0,0,0,0,0,0
2,0,2,1,0,0,2,3,3,1,3,4,2,0,4,3,11,7,11,17,7,15,8,21,12,19,17,21,21,27,20,35,37,29,35,33,30,55,38,27,40,68,44,42,56,66,60,75,71,59,58,77,69,67,73,53,65,70,74,53,68,55,60,53,51,56,51,53,41,67,34,44,38,34,29,28,25,34,23,18,23,18,15,14,13,11,5,7,7,7,6,16,6,4,8,7,4,4,2,5,0,3,2,2,3,1,3,1,1,1,0,0,0,2,0,1,0,0,0,1,0,0,0,2,0,1,1,0,0,0,0,0,0,0,0,0,0,0,0,0,0,0,0,0,0,0,0,0,0,0,0,0,0,0,0,0,0,1,0,0,0,0,0,0,0,0,0,0,0,0,0,0,0,0,0,0,0,0,0,0,0,0,0,0,0,0,0,0,0,0,0,0,0,0,0,0,0,0,0,0
1,1,1,3,1,1,3,4,6,4,5,6,2,3,10,1,9,1,10,10,22,6,16,14,24,23,18,26,30,24,25,33,22,41,32,41,41,48,37,54,46,39,60,54,50,50,62,54,63,65,67,54,64,69,66,80,72,69,63,66,64,49,49,57,50,52,47,45,36,45,44,37,38,45,26,30,24,30,29,22,21,15,12,23,14,7,9,14,14,11,11,9,6,9,3,5,4,3,1,3,1,7,3,2,3,2,1,0,2,0,1,0,0,0,0,0,0,1,2,0,0,2,0,0,0,0,1,0,0,0,0,0,0,0,0,0,0,0,0,0,0,0,0,0,0,0,0,0,0,0,0,0,0,1,0,0,0,0,0,0,0,0,0,0,0,0,0,0,0,0,0,0,0,0,0,0,0,0,0,0,0,0,0,0,0,0,0,0,0,0,0,0,0,0,0,0,0,0,0,0
1,0,0,1,0,0,3,4,2,5,2,3,4,3,7,4,9,6,6,17,11,7,10,14,11,28,17,22,14,16,26,34,32,26,35,44,46,38,48,53,56,57,51,79,68,58,61,54,75,63,75,69,61,77,68,71,67,47,64,61,61,61,56,39,46,48,54,40,42,41,40,30,33,31,29,27,29,26,21,19,21,13,19,18,16,9,9,17,7,8,9,4,9,2,4,9,8,3,3,1,2,8,3,2,0,1,0,1,0,1,0,1,0,0,0,1,0,1,1,0,0,0,0,0,0,0,0,0,0,0,0,0,0,0,0,0,0,0,0,0,0,0,0,0,0,0,0,0,0,0,0,0,0,1,0,0,0,0,0,0,0,0,0,0,0,0,0,0,0,0,0,0,0,0,0,0,0,0,0,0,0,0,0,0,0,0,0,0,0,0,0,0,0,0,0,0,0,0,0,0
1,0,1,4,1,1,4,2,3,4,3,6,4,5,3,4,5,7,12,7,8,11,13,18,20,19,21,25,17,25,25,32,34,31,34,44,42,53,51,42,42,40,58,54,57,56,67,55,59,52,52,62,62,62,85,57,50,53,64,60,47,61,70,56,61,54,47,48,39,48,35,30,43,44,26,28,33,27,30,18,11,17,19,14,10,10,18,16,6,7,7,15,12,5,3,2,4,4,4,6,5,1,2,2,2,2,0,3,0,1,3,0,2,0,1,0,1,1,0,1,0,0,1,0,0,0,1,0,0,0,0,0,0,0,0,0,0,0,0,0,0,0,0,0,0,0,0,0,0,0,0,0,0,0,0,0,0,0,0,0,0,0,0,0,0,0,0,0,0,0,0,0,0,0,0,0,0,0,0,0,0,0,0,0,0,0,0,0,0,0,0,0,0,0,0,0,0,0,0,0
1,1,0,1,0,0,1,3,2,5,0,3,1,2,9,3,8,6,6,16,11,9,14,14,13,17,16,24,26,23,21,36,31,32,44,38,53,46,31,46,43,58,51,55,43,58,54,55,52,72,53,65,58,62,63,64,53,53,54,56,52,61,64,52,49,45,53,35,40,37,30,41,43,40,32,25,28,21,23,14,12,18,14,9,12,14,11,13,10,8,12,8,6,7,1,7,6,9,2,3,8,3,3,3,0,2,1,1,1,1,1,2,0,0,1,1,1,0,2,0,0,0,0,0,0,0,0,0,0,0,0,0,0,0,0,0,0,0,0,0,0,0,0,0,0,0,0,0,0,0,0,0,0,0,0,0,0,0,1,0,0,0,0,0,0,0,0,0,0,0,0,0,0,0,0,0,0,0,0,0,0,0,0,0,0,0,0,0,0,0,0,0,0,0,0,0,0,0,0,0
1,0,1,2,1,2,4,4,1,2,3,0,3,5,5,6,5,5,7,9,8,8,11,15,13,20,16,27,12,33,23,27,29,21,32,41,45,40,53,39,45,58,44,50,51,63,52,47,39,48,54,64,54,58,62,58,60,49,49,52,61,45,51,43,53,56,51,33,30,50,46,38,35,27,27,29,28,22,29,17,19,22,16,18,9,15,6,13,6,11,6,8,6,3,2,4,5,2,2,2,1,4,5,3,2,3,2,0,0,1,0,2,1,0,0,0,3,0,0,0,0,0,0,0,0,0,0,1,0,0,0,0,0,0,0,0,0,0,0,0,0,0,0,0,0,0,0,0,0,0,0,0,0,0,0,0,0,0,0,0,0,0,0,0,0,0,0,0,0,0,0,0,0,0,0,0,0,0,0,0,0,0,0,0,0,0,0,0,0,0,0,0,0,0,0,0,0,0,0,0
1,0,1,1,1,2,2,3,2,3,4,3,2,4,8,4,11,3,11,16,17,15,7,20,17,13,18,21,23,25,21,29,35,33,48,42,44,33,40,45,51,47,48,51,70,46,76,71,60,56,53,50,68,52,51,39,49,68,68,50,43,54,46,55,39,49,54,37,37,41,39,26,29,28,19,20,20,27,26,18,21,14,13,15,15,12,15,14,9,8,8,7,8,2,7,6,0,2,4,4,2,4,5,2,1,2,1,0,1,0,0,0,1,1,0,0,1,0,0,0,1,0,1,0,0,0,0,0,0,0,0,0,0,0,0,0,0,0,0,0,0,0,0,0,0,0,0,0,0,0,0,0,0,0,1,0,0,0,0,0,0,0,0,0,0,0,0,0,0,0,0,0,0,0,0,0,0,0,0,0,0,0,0,0,0,0,0,0,0,0,0,0,0,0,0,0,0,0,0,0
1,1,1,1,1,1,2,5,6,2,2,3,1,9,6,7,9,3,9,11,6,11,13,17,14,14,20,20,15,26,25,29,23,31,34,37,40,41,37,47,34,33,41,48,49,60,57,46,64,51,59,49,68,59,54,57,53,46,48,44,53,49,46,49,37,41,38,46,42,33,31,27,30,37,33,36,19,22,19,25,17,17,14,18,11,13,8,11,17,14,4,8,8,6,5,2,1,2,5,0,2,3,1,2,1,0,0,2,1,1,1,0,1,0,0,1,1,0,1,0,0,1,0,0,0,0,0,0,0,0,0,0,0,0,0,0,0,0,0,0,0,0,0,0,0,0,0,0,0,0,0,0,0,0,0,0,0,0,0,0,0,0,0,0,0,0,0,0,0,0,0,0,0,0,0,0,0,0,0,0,0,0,0,0,0,0,0,0,0,0,0,0,0,0,0,0,0,0,0,0
1,1,0,1,0,1,5,0,1,3,4,1,2,2,5,1,10,3,6,7,15,12,15,19,17,13,17,17,17,17,26,32,24,36,34,29,34,28,44,39,39,35,46,49,39,64,48,56,53,59,63,44,52,51,57,43,55,49,57,61,46,56,53,55,60,56,44,45,37,32,32,29,26,32,21,19,25,13,23,18,15,19,17,16,13,11,12,14,7,3,5,6,5,4,4,4,8,4,3,4,5,2,1,3,0,1,0,2,1,1,1,0,0,0,1,0,0,0,1,0,0,0,0,0,0,0,0,0,1,0,0,0,0,0,0,0,0,0,0,0,0,0,0,0,0,0,0,0,0,0,0,0,0,1,0,0,0,0,0,0,0,0,0,0,0,0,0,0,0,0,0,0,0,0,0,0,0,0,0,0,0,0,0,0,0,0,0,0,0,0,0,0,0,0,0,0,0,0,0,0
2,1,1,2,2,1,4,2,3,5,2,6,6,4,5,8,9,2,10,11,7,12,13,25,11,15,13,17,17,21,26,22,27,28,40,24,35,38,31,42,35,50,41,66,53,52,47,47,44,52,47,43,63,45,56,54,46,44,48,38,54,54,38,37,43,44,48,41,46,35,20,24,30,24,28,16,21,17,18,18,13,17,19,10,15,6,7,4,12,8,6,8,6,4,2,4,1,3,6,2,2,2,3,1,0,1,0,0,0,0,0,0,1,0,0,1,2,1,0,0,0,0,0,0,0,0,0,0,0,0,0,0,0,0,1,0,0,0,0,0,0,0,0,0,0,0,0,0,0,0,0,0,0,0,0,0,0,0,0,0,0,0,0,0,0,0,0,0,0,0,0,0,0,0,0,0,0,0,0,0,0,0,0,0,0,0,0,0,0,0,0,0,0,0,0,0,0,0,0,0
1,1,1,1,0,0,5,1,2,0,5,3,4,1,4,6,8,7,5,11,5,12,9,12,19,10,24,21,14,22,18,37,26,28,31,40,28,41,39,35,42,34,41,52,53,49,44,46,46,40,43,60,56,48,57,55,53,51,51,50,41,43,43,39,45,45,37,34,30,34,28,34,20,31,28,22,30,17,17,23,21,12,20,10,12,10,15,6,9,2,16,8,3,7,7,2,2,2,1,4,2,2,0,1,1,2,1,1,0,1,1,1,0,0,0,0,1,0,0,0,0,0,0,0,1,0,0,0,0,0,0,0,1,0,0,0,0,0,0,0,0,0,0,0,0,0,0,0,0,0,0,0,0,0,0,0,0,0,0,0,0,0,0,0,0,0,0,0,0,0,0,0,0,0,0,0,0,0,0,0,0,0,0,0,0,0,0,0,0,0,0,0,0,0,0,0,0,0,0,0
0,0,1,0,0,0,3,2,4,4,3,4,2,5,3,2,9,5,11,9,6,9,5,11,14,23,13,22,19,23,19,32,24,35,31,29,29,41,37,30,43,37,35,43,44,48,53,54,60,57,44,62,48,59,52,53,42,39,52,63,39,51,28,41,33,31,30,31,36,25,38,23,26,27,29,24,21,16,17,22,18,21,18,11,10,9,11,7,10,11,10,6,2,10,5,5,1,3,2,2,1,2,1,3,1,0,2,1,3,2,0,0,1,0,0,0,0,2,0,0,1,1,0,0,0,1,0,0,0,0,0,0,0,0,0,0,0,0,0,0,0,0,0,0,0,0,0,0,0,0,0,0,0,0,0,0,0,0,0,0,0,0,0,0,0,0,0,0,0,0,0,0,0,0,0,0,0,0,0,0,0,0,0,0,0,0,0,0,0,0,0,0,0,0,0,0,0,0,0,0
0,0,3,0,1,0,2,3,2,2,3,3,2,5,5,3,6,3,8,9,9,3,8,11,19,13,12,17,24,22,16,26,30,25,22,32,25,36,39,45,31,39,38,37,45,42,59,55,50,45,49,62,67,66,54,57,44,61,54,58,45,42,30,45,26,35,40,30,45,40,24,28,34,26,25,22,25,21,15,13,24,17,9,8,6,10,11,11,5,6,4,2,5,8,2,3,2,4,6,3,2,2,1,1,1,2,0,0,2,2,0,2,0,0,0,0,0,0,0,0,0,0,0,0,0,0,0,0,0,0,0,0,0,0,0,0,0,0,0,0,0,0,0,0,0,0,0,0,0,0,0,0,0,0,0,0,0,0,0,0,0,0,0,0,0,0,0,0,0,0,0,0,0,0,0,0,0,0,0,0,0,0,0,0,0,0,0,0,0,0,0,0,0,0,0,0,0,0,0,0
2,0,1,0,2,2,2,2,1,2,2,1,3,3,5,4,11,4,4,10,8,11,8,16,9,16,16,13,15,9,23,25,22,30,28,30,32,38,29,36,42,32,30,29,47,32,37,53,43,54,42,52,59,47,54,52,46,52,40,51,45,35,52,39,37,32,36,33,32,24,23,31,33,22,24,26,16,17,15,16,18,12,15,4,9,8,10,5,7,4,3,6,1,4,3,4,1,2,2,0,1,1,1,1,1,0,0,2,0,0,1,0,1,0,0,2,1,1,0,0,0,0,0,0,0,0,0,0,0,0,1,0,0,0,0,0,0,0,0,0,0,0,0,0,0,0,0,0,0,0,0,0,0,0,0,0,0,0,0,0,0,0,0,0,0,0,0,0,0,0,0,0,0,0,0,0,0,0,0,0,0,0,0,0,0,0,0,0,0,0,0,0,0,0,0,0,0,0,0,0
0,0,0,1,2,2,2,2,1,1,2,1,4,6,6,3,7,12,2,7,7,7,18,7,13,19,17,15,20,19,16,23,15,26,30,17,31,38,31,32,35,38,45,35,51,46,49,49,47,39,46,40,46,38,43,47,55,49,39,39,63,39,39,48,34,34,36,21,33,30,28,33,17,22,36,22,15,19,23,7,14,13,14,13,9,5,12,11,5,4,9,3,4,1,4,1,2,2,2,2,3,3,0,2,1,1,2,1,0,0,1,0,0,1,1,1,0,0,0,0,0,0,0,0,0,0,0,0,0,1,0,0,0,0,0,0,0,0,0,0,0,0,0,0,0,0,0,0,0,0,0,0,0,0,0,0,0,0,0,0,0,0,0,0,0,0,0,0,0,0,0,0,0,0,0,0,0,0,0,0,0,0,0,0,0,0,0,0,0,0,0,0,0,0,0,0,0,0,0,0
0,0,1,0,1,0,3,3,0,2,2,3,4,6,4,3,11,4,9,11,9,7,5,10,13,17,10,17,13,11,23,20,20,27,31,26,34,35,33,29,35,38,39,39,41,42,54,41,54,47,49,56,37,35,44,49,44,46,41,38,32,44,32,33,28,38,28,30,28,29,22,21,26,25,21,25,11,15,21,18,11,10,8,15,16,9,9,10,2,9,8,2,5,5,7,6,5,6,3,2,2,1,3,0,1,1,0,1,0,0,0,1,1,1,0,1,0,0,0,0,0,0,0,0,0,0,0,0,0,0,0,0,0,0,0,0,0,0,0,0,0,0,0,0,0,0,0,0,0,0,0,0,0,0,0,0,0,0,0,0,0,0,0,0,0,0,0,0,0,0,0,0,0,0,0,0,0,0,0,0,0,0,0,0,0,0,0,0,0,0,0,0,0,0,0,0,0,0,0,0
0,0,0,0,1,2,4,3,1,2,0,2,1,2,4,1,6,3,6,10,7,11,13,17,11,14,18,15,19,23,22,24,25,22,17,20,35,29,36,32,42,37,40,37,48,45,59,35,46,45,35,51,44,44,41,50,42,38,37,39,41,32,44,32,25,33,34,29,28,24,30,21,27,25,27,30,22,22,21,11,14,13,11,15,11,8,10,9,9,3,4,2,6,0,1,1,1,3,3,1,3,0,1,2,0,0,0,2,2,1,1,1,0,0,0,0,0,0,0,1,0,0,0,0,0,0,0,1,0,0,0,0,0,0,0,0,0,0,0,0,0,0,0,0,0,0,0,0,1,0,0,0,0,0,0,0,0,0,0,0,0,1,0,0,0,0,0,0,0,0,0,0,0,0,0,0,0,0,0,0,0,0,0,0,0,0,0,0,0,0,0,0,0,0,0,0,0,0,0,0
0,0,2,1,0,0,1,7,3,3,2,2,3,3,3,7,4,5,4,7,12,7,11,16,21,20,11,20,18,15,16,29,26,32,16,27,36,34,28,38,29,36,44,44,34,42,40,37,32,45,34,34,44,48,52,41,45,45,42,42,28,42,48,34,27,29,40,25,30,35,20,25,26,21,19,13,17,16,14,21,11,7,15,9,9,6,8,4,4,4,4,4,5,3,3,1,1,1,3,1,3,1,0,3,0,2,2,0,0,0,1,0,0,0,0,0,0,0,0,0,0,0,0,0,0,0,0,0,0,0,0,0,0,0,0,0,0,0,0,0,0,0,0,0,0,0,0,0,0,0,0,0,0,0,0,0,0,0,0,0,0,0,0,0,0,0,0,0,0,0,0,0,0,0,0,0,0,0,0,0,0,0,0,0,0,0,0,0,0,0,0,0,0,0,0,0,0,0,0,0
1,0,1,3,0,0,2,0,2,1,2,2,2,4,6,7,9,6,7,10,9,11,10,18,10,8,15,13,13,17,15,21,31,21,17,22,34,38,28,27,39,29,34,31,25,43,43,43,26,32,51,59,51,45,40,39,39,40,39,35,35,42,33,38,37,29,42,44,32,30,18,19,25,15,14,11,18,14,13,18,11,15,11,10,5,10,10,2,6,0,5,7,5,2,3,6,8,2,2,3,0,1,0,4,0,0,2,3,0,2,2,0,0,1,1,0,0,0,0,0,0,0,0,0,0,0,0,0,0,0,0,0,0,0,0,0,0,0,0,0,0,0,0,0,0,0,0,0,0,0,0,0,0,0,0,0,0,0,0,0,0,0,0,0,0,0,0,0,0,0,0,0,0,0,0,0,0,0,0,0,0,0,0,0,0,0,0,0,0,0,0,0,0,0,0,0,0,0,0,0
1,1,1,0,0,1,1,0,3,2,2,1,2,4,3,1,7,2,6,6,10,7,4,11,14,10,14,18,13,18,17,14,17,15,31,26,25,31,38,41,35,22,35,48,40,38,41,34,43,32,46,52,39,35,32,43,42,46,46,34,37,37,47,32,25,29,30,18,14,27,30,18,23,15,15,15,16,12,13,17,13,15,9,13,4,4,6,8,8,8,4,4,3,3,2,1,4,5,1,0,1,1,2,0,2,2,0,1,0,2,0,0,0,0,1,1,0,1,0,0,0,0,1,0,0,0,0,0,0,0,0,0,0,0,0,0,0,0,0,0,0,0,0,0,0,0,0,0,0,0,0,0,0,0,0,0,0,0,0,0,0,0,0,0,0,0,0,0,0,0,0,0,0,0,0,0,0,0,0,0,0,0,0,0,0,0,0,0,0,0,0,0,0,0,0,0,0,0,0,0
0,0,3,2,2,0,3,0,2,2,2,1,1,2,4,6,4,3,2,6,4,3,11,10,10,10,11,13,16,18,22,20,20,18,29,31,32,27,39,26,26,27,36,40,27,47,41,33,49,38,32,47,36,38,52,43,43,39,32,39,31,32,31,30,34,34,18,25,25,24,21,26,23,19,21,19,16,15,16,8,15,10,11,10,7,11,9,9,3,5,5,9,6,3,3,2,5,1,1,3,1,3,3,1,2,0,2,1,1,0,0,1,0,1,0,0,0,0,0,1,0,0,0,1,0,0,1,0,0,0,0,0,0,0,0,0,0,0,0,0,0,0,0,0,0,0,0,0,0,0,0,0,0,0,0,0,0,0,0,0,0,0,0,0,0,0,0,0,0,0,0,0,0,0,0,0,0,0,0,0,0,0,0,0,0,0,0,0,0,0,0,0,0,0,0,0,0,0,0,0
2,0,0,0,0,1,3,3,0,1,1,2,4,4,6,4,2,1,6,4,4,5,10,10,11,8,11,12,11,18,17,20,21,29,16,26,22,34,17,26,32,29,39,32,31,33,40,45,39,37,49,46,36,45,31,42,40,41,36,27,30,43,34,33,32,35,25,25,23,30,18,24,18,13,16,15,19,11,13,12,9,9,7,9,6,7,3,11,7,4,6,11,3,0,4,5,2,0,1,0,2,0,3,0,3,1,1,0,1,0,0,0,0,2,1,0,0,0,0,1,0,0,0,0,0,0,0,0,0,0,0,0,0,0,0,0,0,0,0,0,0,0,0,0,0,0,0,0,0,0,0,0,0,0,0,0,0,0,0,0,0,0,0,0,0,0,0,0,0,0,0,0,0,0,0,0,0,0,0,0,0,0,0,0,0,0,0,0,0,0,0,0,0,0,0,0,0,0,0,0
2,0,1,0,4,1,0,0,1,3,2,1,1,1,4,2,6,1,6,5,6,12,9,9,7,4,23,18,16,9,19,11,19,17,16,25,26,25,33,29,25,29,29,34,37,37,46,38,32,44,41,47,40,40,33,31,29,41,26,29,40,31,25,24,44,35,24,22,28,11,15,20,11,29,20,15,13,14,9,7,8,17,12,8,8,4,6,10,10,6,2,4,3,2,5,4,3,0,1,1,1,3,2,1,1,2,2,1,0,1,0,0,3,0,0,0,0,0,1,0,0,0,0,0,1,0,0,0,0,0,0,0,0,0,0,0,0,0,0,0,0,0,0,0,0,0,0,0,0,0,0,0,0,0,0,0,0,0,0,0,0,0,0,0,0,0,0,0,0,0,0,0,0,0,0,0,0,0,0,0,0,0,0,0,0,0,0,0,0,0,0,0,0,0,0,0,0,0,0,0
0,1,2,0,2,2,0,4,2,4,3,3,1,0,2,6,8,5,8,17,9,12,5,12,7,13,16,12,12,10,15,10,24,21,33,23,25,31,32,22,19,25,32,35,42,35,43,41,35,35,35,47,37,38,42,37,30,28,45,33,33,39,33,38,22,28,34,21,20,33,22,17,24,20,18,15,18,10,13,12,14,14,17,9,11,7,4,4,1,5,4,2,3,3,2,6,2,3,2,2,2,2,0,3,0,1,0,2,0,1,0,0,1,0,0,0,0,0,0,0,0,0,1,0,0,0,0,0,0,0,0,0,0,0,0,0,0,0,0,0,0,0,0,0,0,0,0,0,0,0,0,0,0,0,0,0,0,0,0,0,0,0,0,0,0,0,0,0,0,0,0,0,0,0,0,0,0,0,0,0,0,0,0,0,0,0,0,0,0,0,0,0,0,0,0,0,0,0,0,0
4,0,0,1,1,0,0,2,1,1,1,2,2,2,1,5,6,1,3,7,8,7,8,10,10,9,12,21,18,11,17,26,20,15,25,18,24,26,23,25,25,28,27,26,29,37,30,27,25,29,36,35,36,37,36,29,33,40,38,46,37,32,23,34,23,30,26,26,23,15,18,20,16,15,16,7,17,14,9,9,9,8,12,9,9,4,3,7,4,6,3,3,1,4,3,4,4,3,2,1,1,0,3,2,1,0,0,0,0,0,0,0,0,0,0,1,0,0,0,0,1,1,0,0,0,0,0,0,0,0,0,0,0,0,0,0,0,0,0,0,0,0,0,0,0,0,0,0,0,0,0,0,0,0,0,0,0,0,0,0,0,0,0,0,0,0,0,0,0,0,0,0,0,0,0,0,0,0,0,0,0,0,0,0,0,0,0,0,0,0,0,0,0,0,0,0,0,0,0,0
1,0,0,0,1,0,4,3,0,2,2,3,1,4,1,2,3,3,6,4,4,6,11,16,7,22,12,14,17,16,15,16,20,20,22,19,22,25,32,25,12,24,31,20,33,32,47,39,31,42,33,36,33,43,29,38,34,40,34,40,28,34,30,29,25,23,21,29,15,21,19,14,22,16,18,15,14,11,12,8,13,7,7,11,5,7,4,9,3,2,4,4,4,2,3,4,6,2,1,1,5,3,0,1,2,3,1,1,0,0,0,0,0,0,0,0,0,0,0,1,0,0,0,0,0,0,0,0,0,1,0,0,0,0,0,0,0,0,0,0,0,0,0,0,0,0,0,0,0,0,0,0,0,0,0,0,0,0,0,0,0,0,0,0,0,0,0,0,0,0,0,0,0,0,0,0,0,0,0,0,0,0,0,0,0,0,0,0,0,0,0,0,0,0,0,0,0,0,0,0
0,0,1,1,0,0,4,1,0,1,2,1,2,3,4,4,5,3,3,4,6,7,4,11,9,9,6,16,13,18,16,20,13,25,15,24,31,21,25,34,27,38,41,24,50,28,36,30,26,29,38,28,35,37,40,32,28,40,30,31,29,38,25,29,23,27,20,21,27,19,12,21,18,12,26,20,11,15,13,11,8,11,9,8,8,5,7,7,4,4,6,5,2,3,0,2,4,1,1,1,0,1,1,0,0,0,0,0,1,0,0,0,0,0,0,1,1,0,1,0,0,0,0,0,0,0,0,0,0,0,0,0,0,1,0,0,0,0,0,0,0,0,0,0,0,0,0,0,0,0,0,0,0,0,0,0,0,0,0,0,0,0,1,0,0,0,0,0,0,0,0,0,0,0,0,0,0,0,0,0,0,0,0,0,0,0,0,0,0,0,0,0,0,0,0,0,0,0,0,0
1,0,0,1,2,1,3,3,0,0,4,0,3,3,2,3,2,1,4,4,7,5,6,8,10,13,14,7,17,16,11,21,24,18,36,12,20,30,23,28,20,31,23,32,30,27,33,38,31,36,30,30,25,33,29,39,37,27,34,41,19,22,20,26,21,28,32,27,16,19,18,17,22,19,10,12,15,4,8,13,11,10,4,6,6,9,5,6,6,6,5,5,5,5,2,3,1,2,2,1,1,1,0,1,0,1,0,3,0,0,1,0,1,0,0,1,0,1,0,0,0,0,0,0,0,0,0,0,0,0,0,0,0,0,0,0,0,0,0,0,0,0,0,0,0,0,0,0,0,0,0,0,0,0,0,0,0,0,0,0,0,0,0,0,0,0,0,0,0,0,0,0,0,0,0,0,0,0,0,0,0,0,0,0,0,0,0,0,0,0,0,0,0,0,0,0,0,0,0,0
0,0,0,0,0,0,6,2,2,3,1,4,2,1,4,1,2,5,7,5,8,7,14,5,7,18,11,10,9,16,19,14,14,14,14,12,18,17,22,29,27,32,27,28,31,29,38,35,28,30,28,25,35,29,29,24,30,23,23,37,33,23,30,37,26,22,21,21,22,23,18,14,11,20,13,23,9,8,8,7,8,12,11,7,5,7,7,4,3,3,7,5,6,3,3,3,3,3,3,3,3,2,1,0,1,2,0,0,1,0,0,0,0,0,0,0,0,1,0,0,0,0,0,0,0,0,0,0,0,0,0,0,0,0,0,0,0,0,0,0,0,0,0,0,0,0,0,0,0,0,0,0,0,0,0,0,0,0,0,0,0,0,0,0,0,0,0,0,0,0,0,0,0,0,0,0,0,0,0,0,0,0,0,0,0,0,0,0,0,0,0,0,0,0,0,0,0,0,0,0
0,0,0,1,1,0,2,1,0,2,3,1,0,1,1,2,7,2,5,10,2,9,9,9,12,2,8,13,10,20,12,16,27,17,23,21,18,22,26,35,37,30,24,26,31,38,32,38,36,33,40,34,25,28,37,30,17,39,27,35,32,23,27,24,17,19,14,18,31,24,14,10,13,12,15,18,17,10,14,11,8,9,6,6,5,6,4,5,3,2,1,3,0,4,5,2,2,0,1,0,1,1,1,0,0,1,0,0,0,1,1,0,0,0,1,1,0,0,1,0,0,0,0,0,1,0,0,0,0,0,0,0,0,0,0,0,0,0,0,0,0,0,0,0,0,0,0,0,0,0,0,0,0,0,0,0,0,0,0,0,0,0,0,0,0,0,0,0,0,0,0,0,0,0,0,0,0,0,0,0,0,0,0,0,0,0,0,0,0,0,0,0,0,0,0,0,0,0,0,0
0,0,2,2,1,1,1,0,0,1,1,1,3,1,5,3,2,6,6,8,2,3,3,9,5,8,9,20,7,15,6,10,18,17,15,22,20,30,19,23,32,22,25,25,28,27,30,32,32,43,26,28,35,37,25,32,25,31,34,28,26,30,38,31,20,23,19,18,19,20,15,23,23,17,15,18,9,9,16,5,5,7,6,6,6,6,5,4,1,0,3,3,1,1,1,1,1,2,1,1,2,3,0,0,1,2,0,1,1,0,0,0,0,0,0,0,0,0,0,0,0,0,0,0,0,0,0,0,0,0,0,0,0,0,0,0,0,0,0,0,0,0,0,0,0,0,0,0,0,0,0,0,0,0,0,0,0,0,0,0,0,0,0,0,0,0,0,0,0,0,0,0,0,0,0,0,0,0,0,0,0,0,0,0,0,0,0,0,0,0,0,0,0,0,0,0,0,0,0,0
0,0,2,0,1,0,1,1,2,0,0,1,0,3,2,3,5,6,5,4,11,3,6,7,13,13,13,10,12,10,17,10,21,17,16,20,20,14,26,24,31,27,26,33,27,20,24,38,27,36,24,33,37,19,32,31,32,23,29,25,27,21,27,21,30,20,28,23,24,17,21,16,15,11,12,8,9,15,10,7,8,5,5,5,6,2,8,6,6,0,8,3,6,5,1,2,1,0,1,0,2,1,0,3,0,1,0,0,1,0,0,0,1,0,0,0,0,0,0,0,0,0,1,0,0,0,0,0,0,0,0,0,0,0,0,0,0,0,0,0,0,0,0,0,0,0,0,0,0,0,0,0,0,0,0,0,0,0,0,0,0,0,0,0,0,0,0,0,0,0,0,0,0,0,0,0,0,0,0,0,0,0,0,0,0,0,0,0,0,0,0,0,0,0,0,0,0,0,0,0
0,1,0,1,1,0,2,4,1,0,0,4,1,2,2,1,7,1,3,8,9,5,7,12,3,18,11,17,12,12,10,13,6,25,16,15,21,28,19,25,26,24,28,31,26,28,20,23,27,32,20,21,35,23,19,31,34,30,33,30,31,21,21,28,19,18,16,10,15,17,20,18,9,17,13,8,8,12,9,8,8,12,8,4,7,1,5,7,3,6,4,4,1,1,1,1,0,3,2,0,0,3,1,0,0,0,1,0,0,0,0,0,0,0,0,0,0,0,0,0,0,0,0,0,0,0,0,0,0,0,1,0,0,0,0,0,0,0,0,0,0,0,0,0,0,0,0,0,0,0,0,0,0,0,0,0,0,0,0,0,0,0,0,0,0,0,0,0,0,0,0,0,0,0,0,0,0,0,0,0,0,0,0,0,0,0,0,0,0,0,0,0,0,0,0,0,0,0,0,0
0,1,1,0,1,0,1,4,1,1,0,1,4,3,2,5,1,2,4,3,4,7,6,10,7,11,12,20,14,11,12,10,24,14,10,13,19,26,20,19,25,28,24,31,25,31,26,17,22,24,22,25,35,25,31,22,31,27,23,29,24,26,17,26,14,24,17,24,14,18,19,17,12,12,17,14,10,6,7,5,4,12,7,5,5,4,3,5,2,1,5,2,0,5,0,1,1,0,1,1,1,2,1,1,1,1,1,0,1,0,0,0,0,2,0,0,0,0,0,0,0,0,0,0,0,0,0,0,0,0,0,0,0,0,0,0,0,0,0,0,0,0,0,0,0,0,0,0,0,0,0,0,0,0,0,0,0,0,0,0,0,0,0,0,0,0,0,0,0,0,0,0,0,0,0,0,0,0,0,0,0,0,0,0,0,0,0,0,0,0,0,0,0,0,0,0,0,0,0,0
2,1,0,2,0,1,2,1,0,1,1,2,6,1,1,4,4,5,6,5,5,6,7,5,10,8,6,8,12,9,15,14,12,13,15,14,18,19,25,14,22,23,24,28,22,33,22,23,33,23,22,23,29,30,19,27,23,22,27,24,20,21,21,21,28,20,19,16,19,18,20,11,15,14,9,11,14,7,7,9,5,9,5,7,4,3,3,3,6,1,2,5,2,4,3,1,1,1,0,1,0,0,0,1,0,1,0,1,1,0,1,1,0,0,0,0,0,0,0,0,0,0,0,0,0,0,0,0,0,0,0,0,0,0,0,0,0,0,0,0,0,0,0,0,0,0,0,0,0,0,0,0,0,0,0,0,0,0,0,0,0,0,0,0,0,0,0,0,0,0,0,0,0,0,0,0,0,0,0,0,0,0,0,0,0,0,0,0,0,0,0,0,0,0,0,0,0,0,0,0
0,1,0,0,4,2,1,1,2,3,1,2,0,3,4,0,4,5,7,4,5,3,4,9,6,8,9,13,8,12,17,8,13,9,26,16,22,22,20,22,14,20,20,21,30,28,27,22,27,30,14,33,25,33,28,30,26,22,22,27,19,29,18,29,11,26,21,21,21,12,14,19,11,10,15,14,9,11,10,12,7,7,7,8,8,3,1,4,4,3,5,7,0,6,3,2,0,2,1,1,1,0,0,0,0,0,0,0,0,0,0,1,0,0,0,0,2,0,0,0,0,0,0,0,0,0,0,0,0,1,0,0,0,0,0,0,0,0,0,0,0,0,0,0,0,0,0,0,0,0,0,0,0,0,0,0,0,0,0,0,0,0,0,0,0,0,0,0,0,0,0,0,0,0,0,0,0,0,0,0,0,0,0,0,0,0,0,0,0,0,0,0,0,0,0,0,0,0,0,0
1,2,0,0,0,0,2,0,3,1,2,1,2,5,0,1,4,3,4,6,7,6,7,10,2,6,4,16,9,7,11,8,16,13,17,16,21,17,13,17,16,34,18,19,28,31,25,26,22,21,23,24,29,41,26,14,32,24,22,24,17,19,28,24,18,16,18,15,16,19,15,18,16,8,9,10,8,14,2,14,7,12,8,5,5,5,4,3,5,2,2,3,3,1,2,1,0,1,1,3,2,2,0,0,0,2,1,0,1,0,1,0,0,0,0,0,0,0,0,0,1,0,0,0,0,0,0,0,0,0,0,0,0,0,0,0,0,0,0,0,0,0,0,0,0,0,0,0,0,0,0,0,0,0,0,0,0,0,0,0,0,0,0,0,0,0,0,0,0,0,0,0,0,0,0,0,0,0,0,0,0,0,0,0,0,0,0,0,0,0,0,0,0,0,0,0,0,0,0,0
0,1,2,1,0,0,2,0,1,2,1,4,1,4,5,5,4,4,5,9,3,9,3,8,10,7,11,6,16,5,15,10,16,10,15,18,11,19,14,19,18,20,24,17,20,19,25,20,23,29,33,24,25,27,21,32,28,22,16,22,22,21,31,20,18,19,20,14,13,16,16,9,9,13,7,13,9,9,9,7,7,7,6,5,2,8,3,8,2,2,4,3,0,5,2,0,0,0,1,1,2,1,1,1,0,1,0,1,1,0,0,0,0,0,0,1,0,0,0,0,0,0,0,1,0,0,0,0,0,0,0,0,0,0,0,0,0,0,0,0,0,0,0,0,0,0,0,0,0,0,0,0,0,0,0,0,0,0,0,0,0,0,0,0,0,0,0,0,0,0,0,0,0,0,0,0,0,0,0,0,0,0,0,0,0,0,0,0,0,0,0,0,0,0,0,0,0,0,0,0
0,0,1,1,0,1,1,1,0,4,0,0,0,3,1,4,6,1,9,3,4,4,4,6,8,7,6,11,9,11,10,18,14,11,9,7,19,13,8,20,21,23,21,24,24,15,28,19,27,19,23,21,22,25,22,19,18,23,24,21,17,18,20,25,15,20,19,16,21,17,11,11,13,17,16,9,10,9,13,9,10,5,6,7,7,3,9,3,4,5,5,2,1,2,2,2,3,7,0,1,2,0,0,2,0,0,0,0,0,0,1,0,0,1,0,0,0,0,0,0,0,1,0,0,0,0,0,0,0,0,0,0,0,0,0,0,0,0,0,0,0,0,0,0,0,0,0,0,0,0,0,0,0,0,0,0,0,0,0,0,0,0,0,0,0,0,0,0,0,0,0,0,0,0,0,0,0,0,0,0,0,0,0,0,0,0,0,0,0,0,0,0,0,0,0,0,0,0,0,0
1,0,1,0,1,0,2,3,0,2,0,1,1,0,4,6,0,2,5,4,5,8,3,7,8,8,10,11,9,11,10,10,9,17,11,19,19,28,15,23,22,29,25,20,19,27,38,11,20,27,28,18,28,36,31,17,22,21,25,27,21,25,21,22,17,24,15,18,13,15,10,12,12,15,9,9,15,9,11,6,7,2,6,6,4,2,7,2,0,4,3,1,2,0,1,1,2,1,0,1,2,2,0,2,1,1,0,1,0,0,0,1,0,0,1,1,0,0,0,0,0,0,0,0,0,0,0,0,0,0,0,0,0,0,0,0,0,0,0,0,0,0,0,0,0,0,0,0,0,0,0,0,0,0,0,0,0,0,0,0,0,0,0,0,0,0,0,0,0,0,0,0,0,0,0,0,0,0,0,0,0,0,0,0,0,0,0,0,0,0,0,0,0,0,0,0,0,0,0,0
0,1,0,0,0,1,4,0,0,1,2,1,2,1,2,3,1,3,8,5,4,4,6,7,11,5,1,6,9,9,13,15,11,15,11,16,20,18,18,17,20,15,19,25,21,22,17,30,23,27,29,25,25,30,22,23,24,15,25,22,24,22,17,25,30,15,18,14,10,13,10,14,11,17,9,13,9,13,10,6,3,6,5,6,2,3,3,4,3,2,3,1,4,2,1,3,0,1,0,2,0,0,2,0,0,0,0,1,1,0,1,1,0,0,0,0,0,0,0,0,0,0,0,0,0,0,0,0,0,0,1,0,0,0,0,0,0,0,0,0,0,0,0,0,0,0,0,0,0,0,0,0,0,0,0,0,0,0,0,0,0,0,0,0,0,0,0,0,0,0,0,0,0,0,0,0,0,0,0,0,0,0,0,0,0,0,0,0,0,0,0,0,0,0,0,0,0,0,0,0
1,0,0,2,0,0,0,1,0,0,2,1,0,1,3,2,2,3,1,0,5,4,7,6,4,5,11,9,12,10,9,10,10,10,13,24,9,11,19,11,15,14,23,15,14,13,17,32,16,21,29,28,20,27,36,26,30,16,24,24,24,15,18,25,14,17,15,13,14,11,17,9,11,10,14,9,5,12,9,10,2,3,4,7,3,4,7,3,2,5,2,2,3,3,0,0,3,1,1,2,1,0,2,1,1,1,0,0,1,0,0,0,1,0,0,0,0,0,0,0,0,0,0,0,0,1,0,0,0,0,0,0,0,0,0,0,0,0,0,0,0,0,0,0,0,0,0,0,0,0,0,0,0,0,0,0,0,0,0,0,0,0,0,0,0,0,0,0,0,0,0,0,0,0,0,0,0,0,0,0,0,0,0,0,0,0,0,0,0,0,0,0,0,0,0,0,0,0,0,0
0,0,0,2,0,0,2,1,1,1,1,0,3,3,3,2,2,3,2,8,2,4,3,7,3,5,7,7,8,10,16,16,14,12,20,20,27,18,19,14,19,18,20,23,21,21,25,12,25,37,24,19,24,28,11,20,38,19,14,29,16,16,28,14,9,17,18,18,19,19,6,11,6,7,7,7,3,2,6,8,5,8,2,3,1,8,2,4,4,0,7,2,2,1,4,1,0,1,2,1,0,0,0,1,0,0,1,0,1,0,0,0,0,0,0,0,1,0,0,0,0,1,0,0,0,0,0,0,0,0,0,0,0,0,0,0,0,0,0,0,0,0,0,0,0,0,0,0,0,0,0,0,0,0,0,0,0,0,0,0,0,0,0,0,0,0,0,0,0,0,0,0,0,0,0,0,0,0,0,0,0,0,0,0,0,0,0,0,0,0,0,0,0,0,0,0,0,0,0,0
0,0,1,0,0,2,1,0,2,2,1,2,1,1,0,0,3,3,2,4,4,0,4,9,6,4,7,5,6,11,10,8,12,13,16,12,18,23,17,22,15,24,17,28,20,18,17,16,25,27,23,18,29,24,18,17,17,26,26,20,18,24,15,18,18,13,18,10,16,6,14,10,12,10,7,10,7,9,4,6,6,6,11,1,2,5,4,2,2,3,1,6,3,1,1,4,2,0,0,2,1,1,1,2,0,1,0,0,1,0,1,2,1,0,0,0,0,0,0,2,1,0,0,0,0,0,0,0,0,0,0,0,0,0,0,0,0,0,0,0,0,0,0,0,0,0,0,0,0,0,0,0,0,0,0,0,0,0,0,0,0,0,0,0,0,0,0,0,0,0,0,0,0,0,0,0,0,0,0,0,0,0,0,0,0,0,0,0,0,0,0,0,0,0,0,0,0,0,0,0
0,0,2,1,1,0,4,4,1,4,3,1,1,0,1,3,4,4,2,3,7,0,6,7,2,5,9,5,10,10,9,12,11,8,10,22,19,18,20,13,19,22,18,16,20,19,22,24,20,23,19,18,26,25,24,22,22,17,23,19,16,19,13,13,17,9,11,12,19,15,12,15,16,10,12,9,7,8,4,5,4,6,1,5,6,3,2,7,3,3,1,0,3,4,4,3,1,0,2,0,0,1,0,0,0,0,1,0,0,1,0,0,0,0,0,0,0,0,0,0,0,0,0,0,0,0,0,0,0,0,0,0,0,0,0,0,0,1,0,0,0,0,0,0,0,0,0,0,0,0,0,0,0,0,0,0,0,0,0,0,0,0,0,0,0,0,0,0,0,0,0,0,0,0,0,0,0,0,0,0,0,0,0,0,0,0,0,0,0,0,0,0,0,0,0,0,0,0,0,0
1,0,0,2,1,1,1,2,0,1,2,2,1,0,4,2,5,1,4,4,6,1,9,8,5,10,8,4,7,16,10,18,15,12,17,17,9,15,19,23,11,13,18,20,11,18,19,17,12,23,20,14,21,22,18,21,27,20,13,16,17,14,13,10,17,14,14,9,13,11,11,17,6,6,14,2,2,6,8,9,3,3,6,0,2,5,4,2,1,5,1,1,2,3,2,0,1,0,0,0,1,0,0,1,1,1,1,0,1,0,0,0,0,0,0,0,0,0,0,0,0,0,0,0,0,0,0,0,0,0,0,0,0,0,0,0,0,0,0,0,0,0,0,0,0,0,0,0,0,0,0,0,0,0,0,0,0,0,0,0,0,0,0,0,0,0,0,0,0,0,0,0,0,0,0,0,0,0,0,0,0,0,0,0,0,0,0,0,0,0,0,0,0,0,0,0,0,0,0,0
2,0,1,0,0,0,0,4,1,1,3,0,1,3,1,0,2,1,3,2,3,3,5,5,6,7,8,5,8,14,10,12,8,14,13,13,10,13,18,15,10,13,21,13,22,15,17,26,20,21,12,15,20,20,17,19,15,15,23,20,17,34,16,14,22,14,14,11,13,16,7,11,11,12,15,12,7,2,4,5,5,2,5,4,1,1,0,3,6,4,4,1,3,2,1,1,2,1,1,3,0,0,1,1,0,0,1,0,0,1,1,0,0,0,0,0,0,0,0,0,0,1,0,0,0,0,0,0,0,0,0,0,0,0,0,0,0,0,0,0,0,0,0,0,0,0,0,0,0,0,0,0,0,0,0,0,0,0,0,0,0,0,0,0,0,0,0,0,0,0,0,0,0,0,0,0,0,0,0,0,0,0,0,0,0,0,0,0,0,0,0,0,0,0,0,0,0,0,0,0
0,0,0,0,0,0,1,1,0,1,1,1,1,1,1,2,2,2,0,1,2,3,4,2,5,6,2,8,5,6,9,3,10,11,3,11,18,18,13,17,15,16,14,17,18,12,17,20,19,19,31,20,15,16,27,13,22,23,17,11,26,20,15,12,18,12,13,10,9,8,18,9,7,11,5,4,4,5,9,4,9,6,3,7,1,3,3,4,5,1,2,2,0,2,1,1,1,0,3,0,2,0,1,1,1,0,0,0,0,1,0,0,0,0,0,1,1,1,0,0,0,0,0,0,0,0,0,0,0,0,0,0,0,1,0,0,0,0,0,0,0,0,0,0,0,0,0,0,0,0,0,0,0,0,0,0,0,0,0,0,0,0,0,0,0,0,0,0,0,0,0,0,0,0,0,0,0,0,0,0,0,0,0,0,0,0,0,0,0,0,0,0,0,0,0,0,0,0,0,0
0,0,0,1,0,1,1,0,1,1,1,3,4,1,1,0,4,3,3,3,4,4,13,7,8,4,4,11,12,17,16,5,8,10,10,6,14,14,15,14,16,15,17,17,25,18,21,17,27,20,19,15,18,19,18,29,17,18,27,15,19,12,15,11,9,19,16,8,7,13,6,8,9,10,12,7,10,8,12,5,3,5,7,6,4,3,2,2,2,1,2,1,3,1,3,1,0,3,1,0,0,1,0,0,0,2,0,0,0,0,1,0,0,0,0,0,0,0,0,0,0,0,0,0,0,0,0,0,0,0,0,0,0,0,0,0,0,0,0,0,0,0,0,0,0,0,0,0,0,0,0,0,0,0,0,0,1,0,0,0,0,0,0,0,0,0,0,0,0,0,0,0,0,0,0,0,0,0,0,0,0,0,0,0,0,0,0,0,0,0,0,0,0,0,0,0,0,0,0,0
0,1,1,0,0,0,2,0,0,0,4,4,2,3,4,2,3,2,2,3,2,2,6,6,9,5,6,9,9,8,15,10,7,8,14,12,11,16,14,21,15,18,19,18,17,13,14,16,18,12,22,26,30,15,12,16,22,25,19,23,18,19,12,23,21,11,10,5,16,8,9,16,8,8,8,12,6,7,9,6,5,4,5,5,4,4,1,0,2,2,5,6,3,1,2,2,1,1,1,0,1,2,0,1,0,0,0,0,0,0,0,0,1,0,0,0,1,1,0,0,0,0,0,0,0,0,0,0,0,0,0,0,0,0,0,0,0,0,0,0,0,0,0,0,0,0,0,0,0,0,0,0,0,0,0,0,0,0,0,0,0,0,0,0,0,0,0,0,0,0,0,0,0,0,0,0,0,0,0,0,0,0,0,0,0,0,0,0,0,0,0,0,0,0,0,0,0,0,0,0
1,0,0,1,1,1,0,1,0,3,2,1,3,2,3,1,1,2,6,8,1,3,6,5,3,3,7,12,7,11,9,6,15,9,11,18,17,18,16,13,16,14,15,14,15,20,18,20,21,23,16,25,12,16,19,22,16,22,14,27,13,16,17,8,14,12,9,9,11,16,6,7,9,10,3,8,7,7,5,4,4,4,5,9,5,5,5,3,2,4,0,2,0,2,1,3,0,0,0,1,1,0,0,0,0,0,1,1,0,1,0,0,1,0,0,0,1,0,0,0,0,0,0,0,0,0,1,0,0,0,0,0,1,0,0,0,0,0,0,0,0,0,0,0,0,0,0,0,0,0,0,0,0,0,0,0,0,0,0,0,0,0,0,0,0,0,0,0,0,0,0,0,0,0,0,0,0,0,0,0,0,0,0,0,0,0,0,0,0,0,0,0,0,0,0,0,0,0,0,0
0,0,0,1,1,0,1,2,0,0,1,0,1,1,3,2,3,1,4,3,5,3,2,10,5,8,2,4,6,11,3,9,9,13,7,7,16,15,16,12,26,18,11,15,13,21,16,17,16,22,19,16,18,14,17,14,17,12,15,13,18,26,14,4,15,9,13,12,20,14,8,7,13,9,6,11,8,6,3,3,2,2,7,2,4,3,3,1,4,3,4,3,2,4,2,2,0,3,1,0,0,0,1,1,1,1,0,0,0,0,1,0,0,0,0,1,0,0,0,0,0,0,1,0,0,0,0,0,0,0,0,0,0,0,0,0,0,0,0,0,0,0,0,0,0,0,0,0,0,0,0,0,0,0,0,0,0,0,0,0,0,0,0,0,0,0,0,0,0,0,0,0,0,0,0,0,0,0,0,0,0,0,0,0,0,0,0,0,0,0,0,0,0,0,0,0,0,0,0,0
0,0,1,0,0,0,2,1,1,1,0,0,0,0,4,1,3,2,4,4,4,4,5,4,5,5,2,5,4,10,11,6,12,9,8,16,7,10,21,13,16,20,12,22,22,17,23,19,19,17,11,16,18,19,10,13,13,13,20,15,14,4,14,9,12,11,13,11,7,11,10,13,13,6,7,5,4,8,8,5,4,5,0,2,4,1,5,7,0,1,1,2,1,3,1,0,1,0,0,2,1,0,1,1,0,0,0,0,0,1,0,0,0,1,0,0,0,0,0,0,0,0,0,0,0,0,0,0,0,0,0,0,0,0,0,0,0,0,0,0,0,0,0,0,0,0,0,0,0,0,0,0,0,0,0,0,0,0,0,0,0,0,0,0,0,0,0,0,0,0,0,0,0,0,0,0,0,0,0,0,0,0,0,0,0,0,0,0,0,0,0,0,0,0,0,0,0,0,0,0
0,0,0,0,0,0,0,0,1,0,2,1,0,2,2,1,1,1,3,4,6,0,2,5,3,3,12,7,8,9,7,5,10,6,6,10,7,12,17,8,14,15,17,18,21,14,12,7,17,8,19,14,19,16,14,16,15,12,18,16,9,13,19,11,11,11,22,7,16,10,8,7,11,8,7,6,11,4,4,2,3,5,4,5,4,1,4,2,4,3,3,2,1,1,2,1,0,1,0,0,0,0,0,0,1,1,0,0,0,0,0,0,0,0,0,0,0,0,0,0,0,0,0,1,0,0,0,0,0,0,0,0,0,0,0,0,0,0,0,0,0,0,0,0,0,0,0,0,0,0,0,0,0,0,0,0,0,0,0,0,0,0,0,0,0,0,0,0,0,0,0,0,0,0,0,0,0,0,0,0,0,0,0,0,0,0,0,0,0,0,0,0,0,0,0,0,0,0,0,0
0,0,0,0,1,0,0,0,0,0,1,2,0,3,1,2,2,0,6,6,5,3,6,8,4,6,5,14,8,11,8,5,8,13,7,5,11,10,6,15,10,13,12,17,16,13,22,13,20,11,10,10,11,11,12,17,17,16,9,12,11,19,16,16,12,8,13,10,7,3,5,6,11,3,10,8,9,9,5,6,3,4,4,1,4,2,3,4,3,2,2,0,0,3,0,0,1,0,0,1,1,0,0,0,0,0,1,0,0,0,0,1,0,0,1,0,0,0,0,0,0,0,0,0,0,0,0,0,0,0,0,0,0,0,0,0,0,0,0,1,0,0,0,0,0,0,0,0,0,0,0,0,0,0,0,0,0,0,0,0,0,0,0,0,0,0,0,0,0,0,0,0,0,0,0,0,0,0,0,0,0,0,0,0,0,0,0,0,0,0,0,0,0,0,0,0,0,0,0,0
0,0,0,1,1,0,1,1,1,2,0,2,1,0,1,3,1,1,2,2,3,3,3,4,2,5,6,6,8,4,7,10,11,7,11,12,11,9,14,15,15,16,12,14,13,14,19,16,14,18,17,22,16,9,15,21,14,15,12,17,17,12,12,14,14,11,15,8,7,8,4,8,5,6,6,10,8,5,6,6,3,4,6,3,4,2,2,3,3,1,0,1,1,3,2,0,0,3,1,1,0,0,1,2,0,3,0,0,0,0,0,1,1,0,1,0,0,0,0,1,0,0,0,1,0,0,0,0,1,0,0,0,0,0,0,0,0,0,0,0,0,0,0,0,0,0,0,0,0,0,0,0,0,0,0,0,0,0,0,0,0,0,0,0,0,0,0,0,0,0,0,0,0,0,0,0,0,0,0,0,0,0,0,0,0,0,0,0,0,0,0,0,0,0,0,0,0,0,0,0
0,0,2,0,0,0,2,0,0,2,2,1,1,0,3,0,2,1,1,4,2,4,2,3,6,6,7,5,7,9,8,8,6,5,7,6,13,8,16,12,9,17,10,17,11,11,21,13,19,17,28,16,16,11,16,18,14,15,10,12,13,8,12,12,9,7,13,10,9,11,7,9,12,11,7,8,4,5,4,6,7,4,3,1,1,1,2,3,1,1,0,0,3,1,1,0,0,0,0,1,0,0,2,1,0,0,0,0,1,1,0,0,0,0,0,0,1,0,0,0,0,0,0,0,0,0,0,0,0,0,0,0,0,0,0,0,0,0,0,0,0,0,0,0,0,0,1,0,0,0,0,0,0,0,0,0,0,0,0,0,0,0,0,0,0,0,0,0,0,0,0,0,0,0,0,0,0,0,0,0,0,0,0,0,0,0,0,0,0,0,0,0,0,0,0,0,0,0,0,0
0,0,0,0,0,0,1,3,1,2,1,3,2,1,1,1,3,2,3,2,1,3,4,3,6,10,3,7,5,8,8,12,5,6,7,10,13,10,7,22,9,9,12,6,15,13,12,10,17,12,15,13,15,19,13,16,12,15,7,15,14,11,6,15,7,10,12,13,10,6,12,10,8,10,3,10,4,5,3,5,3,3,4,2,0,3,2,1,3,1,0,2,1,1,0,2,0,0,1,0,0,0,1,0,2,0,0,0,1,0,0,0,0,0,0,0,0,0,0,0,0,0,0,0,0,0,1,0,0,0,0,0,0,0,0,0,0,0,0,0,0,0,0,0,0,0,0,0,0,0,0,0,0,0,0,0,0,0,0,0,0,0,0,0,0,0,0,0,0,0,0,0,0,0,0,0,0,0,0,0,0,0,0,0,0,0,0,0,0,0,0,0,0,0,0,0,0,0,0,0
0,0,0,1,0,1,0,1,1,2,0,0,0,1,3,0,1,2,4,3,3,3,1,7,1,6,8,4,6,12,9,5,11,12,4,13,8,13,11,16,12,14,12,15,12,15,20,16,11,14,15,17,9,15,17,17,10,18,9,17,12,16,13,7,7,9,6,12,10,11,8,7,4,6,2,6,3,6,4,6,2,5,4,3,3,0,2,3,3,1,2,1,3,1,4,0,1,0,0,3,0,0,0,0,0,1,0,0,0,0,0,0,1,0,0,0,0,0,0,0,0,0,0,0,0,0,0,0,0,0,0,0,0,0,0,0,0,0,0,0,0,0,0,0,0,0,0,0,0,0,0,0,0,0,0,0,0,0,0,0,0,0,0,0,0,0,0,0,0,0,0,0,0,0,0,0,0,0,0,0,0,0,0,0,0,0,0,0,0,0,0,0,0,0,0,0,0,0,0,0
1,0,0,0,1,0,3,1,0,0,0,2,0,0,2,2,3,5,0,4,1,7,5,6,3,5,5,12,5,7,5,10,8,7,10,12,8,13,12,11,8,12,9,14,7,11,14,14,14,21,14,11,14,18,15,16,15,12,11,10,8,10,11,10,10,8,8,5,6,11,8,7,6,9,7,9,7,1,4,4,2,2,5,2,1,1,1,2,2,2,2,0,0,1,1,0,0,0,1,1,0,2,0,1,0,0,0,0,1,0,0,0,1,0,0,0,0,0,0,0,0,0,0,0,0,0,0,0,0,0,0,0,0,0,0,0,0,0,0,0,0,0,0,0,0,0,0,0,0,0,0,0,0,0,0,0,0,0,0,0,0,0,0,0,0,0,0,0,0,0,0,0,0,0,0,0,0,0,0,0,0,0,0,0,0,0,0,0,0,0,0,0,0,0,0,0,0,0,0,0
0,0,1,0,0,0,1,2,1,1,0,0,1,1,0,0,4,2,2,7,2,3,0,3,7,3,3,8,4,5,8,6,10,11,11,8,11,10,11,12,20,12,13,15,12,14,14,11,9,9,13,16,11,14,15,12,16,14,11,22,16,16,11,8,10,6,4,10,6,5,9,3,7,9,4,4,4,8,3,5,1,9,5,4,3,5,2,2,1,1,2,1,4,1,1,2,2,1,1,0,0,0,2,0,0,1,0,0,0,0,0,0,0,0,0,0,0,0,0,0,0,0,0,0,0,0,0,0,0,0,0,0,0,0,0,0,0,0,0,0,0,0,0,0,0,0,0,0,0,0,0,0,0,0,0,0,0,0,0,0,0,0,0,0,0,0,0,0,0,0,0,0,0,0,0,0,0,0,0,0,0,0,0,0,0,0,0,0,0,0,0,0,0,0,0,0,0,0,0,0
0,0,0,1,1,0,1,0,1,0,0,0,3,0,4,2,3,1,2,3,1,5,5,7,5,4,5,7,4,6,5,10,12,8,7,9,7,12,7,15,12,9,7,12,15,13,20,8,16,13,15,15,8,10,21,13,12,8,15,10,10,18,15,10,7,8,15,4,7,11,9,11,3,6,8,3,9,6,1,0,3,4,3,2,4,3,4,0,1,3,1,2,0,1,0,1,0,0,0,0,0,0,0,0,0,2,0,1,0,0,1,0,0,0,0,0,1,0,0,0,0,0,0,0,0,0,0,0,0,0,0,0,0,0,0,0,0,0,0,0,0,0,0,0,0,0,0,0,0,0,0,0,0,0,0,0,0,0,0,0,0,0,0,0,0,0,0,0,0,0,0,0,0,0,0,0,0,0,0,0,0,0,0,0,0,0,0,0,0,0,0,0,0,0,0,0,0,0,0,0
1,0,0,0,0,0,0,1,0,1,4,2,2,1,0,1,1,2,0,2,3,4,4,8,7,6,3,8,4,9,8,9,4,6,6,9,15,12,8,10,17,13,9,14,8,17,19,14,18,10,9,15,8,13,15,13,13,13,10,9,13,16,8,8,7,9,15,5,8,5,4,9,8,4,8,4,3,5,6,0,1,4,0,1,0,1,2,1,1,2,2,1,1,3,0,0,1,0,0,1,1,0,0,1,1,1,0,1,0,1,0,0,0,0,0,0,1,0,0,0,0,0,0,0,0,0,0,0,0,0,0,0,0,0,0,0,0,0,0,0,0,0,0,0,0,0,0,0,0,0,0,0,0,0,0,0,0,0,0,0,0,0,0,0,0,0,0,0,0,0,0,0,0,0,0,0,0,0,0,0,0,0,0,0,0,0,0,0,0,0,0,0,0,0,0,0,0,0,0,0
1,0,0,0,0,0,2,2,0,1,0,1,0,3,1,0,2,0,1,3,2,4,6,5,5,6,4,5,10,5,6,9,13,6,8,11,12,8,11,6,8,17,12,10,17,13,10,11,11,11,9,20,15,21,13,16,15,18,11,8,13,9,10,5,11,13,8,8,6,5,7,4,5,3,5,5,3,5,3,3,7,3,0,1,1,2,5,3,2,4,0,1,2,2,0,2,1,1,1,1,1,0,0,0,1,0,0,1,0,0,0,0,1,0,0,0,0,0,0,0,0,0,0,0,0,0,0,0,0,0,0,0,0,0,0,0,0,0,0,0,0,0,0,0,0,0,0,0,0,0,0,0,0,0,0,0,0,0,0,0,0,0,0,0,0,0,0,0,0,0,0,0,0,0,0,0,0,0,0,0,0,0,0,0,0,0,0,0,0,0,0,0,0,0,0,0,0,0,0,0
0,0,0,0,0,0,0,3,0,1,0,1,1,0,0,0,2,3,2,2,4,2,4,6,10,8,3,2,6,1,8,7,6,2,10,8,5,9,6,6,11,10,8,15,12,17,12,8,15,9,12,12,20,15,11,10,13,11,17,10,3,13,11,8,8,13,11,10,8,9,8,4,1,7,4,4,4,3,2,4,8,3,3,2,3,2,6,3,1,2,2,0,1,2,0,0,0,4,1,0,2,1,0,1,1,0,0,1,0,0,0,0,0,0,0,0,0,0,0,0,0,0,0,0,0,0,0,0,0,0,0,0,0,0,0,0,0,0,0,0,0,0,0,0,0,0,0,0,0,0,0,0,0,0,0,0,0,0,0,0,0,0,0,0,0,0,0,0,0,0,0,0,0,0,0,0,0,0,0,0,0,0,0,0,0,0,0,0,0,0,0,0,0,0,0,0,0,0,0,0
1,0,0,1,0,0,0,1,0,1,0,3,1,0,2,3,2,1,2,2,3,0,2,8,5,1,4,3,2,11,7,4,5,7,7,10,7,11,14,4,12,10,7,4,11,9,12,12,5,10,15,15,11,12,12,11,18,11,7,7,6,9,11,8,9,7,8,7,9,4,6,8,6,12,3,8,2,5,5,1,3,2,7,1,2,5,4,3,2,1,0,2,2,0,0,1,2,2,2,0,0,2,0,0,2,0,0,0,1,0,0,1,0,0,0,0,0,0,0,0,0,0,0,0,0,0,0,0,0,0,0,0,0,0,0,0,0,0,0,0,0,0,0,0,0,0,0,0,0,0,0,0,0,0,0,0,0,0,0,0,0,0,0,0,0,0,0,0,0,0,0,0,0,0,0,0,0,0,0,0,0,0,0,0,0,0,0,0,0,0,0,0,0,0,0,0,0,0,0,0
0,0,0,0,0,0,0,1,0,2,0,0,2,1,0,1,2,2,0,3,2,2,2,3,3,9,7,7,6,6,6,6,5,7,13,12,11,15,9,10,12,11,12,13,11,11,6,7,17,10,11,8,14,11,15,12,10,9,10,13,9,9,12,8,6,12,7,2,6,14,6,3,2,5,7,4,3,2,5,5,3,3,2,2,3,1,2,0,2,0,1,1,2,1,1,0,2,0,0,0,0,1,0,0,0,0,0,1,0,0,1,1,0,0,0,0,0,0,0,0,0,0,0,0,0,0,0,0,0,0,0,0,0,0,0,0,0,0,0,0,0,0,0,0,0,0,0,0,0,0,0,0,0,0,0,0,0,0,0,0,0,0,0,0,0,0,0,0,0,0,0,0,0,0,0,0,0,0,0,0,0,0,0,0,0,0,0,0,0,0,0,0,0,0,0,0,0,0,0,0
0,0,0,0,0,1,0,2,1,2,0,1,2,1,1,2,1,0,2,1,1,4,3,3,1,7,4,9,5,4,5,11,6,11,5,9,8,5,8,7,9,18,9,12,11,15,14,7,12,9,13,8,11,12,10,9,10,13,7,8,7,4,10,9,7,13,7,6,6,6,3,2,5,7,4,4,5,3,4,4,5,2,1,5,4,4,2,1,2,1,2,1,1,1,0,0,0,0,0,0,0,1,0,1,0,0,1,1,0,0,0,0,0,1,0,0,0,0,0,0,0,0,0,0,0,0,0,0,0,0,0,0,0,0,0,0,0,0,0,0,0,0,0,0,0,0,0,0,0,0,0,0,0,0,0,0,0,0,0,0,0,0,0,0,0,0,0,0,0,0,0,0,0,0,0,0,0,0,0,0,0,0,0,0,0,0,0,0,0,0,0,0,0,0,0,0,0,0,0,0
0,0,0,0,1,0,1,1,1,0,1,0,0,1,1,4,1,1,3,2,2,1,5,3,5,5,7,4,4,4,1,11,11,8,5,8,10,11,8,8,9,7,14,7,11,14,13,6,10,8,8,10,9,16,11,6,10,6,13,10,8,10,9,11,5,17,8,6,3,3,9,6,5,1,7,7,6,8,6,0,2,3,6,1,1,1,2,1,0,0,2,0,1,1,0,1,2,1,0,1,1,1,1,1,1,0,0,0,0,0,0,0,0,0,0,0,0,0,0,0,1,0,0,0,0,0,0,0,0,0,0,0,0,0,0,0,0,0,0,0,0,0,0,0,0,0,0,0,0,0,0,0,0,0,0,0,0,0,0,0,0,0,0,0,0,0,0,0,0,0,0,0,0,0,0,0,0,0,0,0,0,0,0,0,0,0,0,0,0,0,0,0,0,0,0,0,0,0,0,0
0,0,0,0,0,0,1,0,0,1,1,0,0,2,1,1,0,0,0,2,2,5,5,2,3,5,6,3,4,7,8,6,11,7,3,4,7,10,4,7,7,11,14,12,10,9,3,11,12,12,11,10,9,13,15,16,14,10,11,9,9,4,13,5,10,9,7,3,6,13,8,5,5,4,9,2,7,5,4,6,3,1,1,1,2,2,2,0,0,0,3,1,1,2,1,3,0,0,1,1,0,0,2,0,0,0,0,0,0,0,0,0,0,0,0,0,0,0,0,0,0,0,0,0,0,0,0,0,0,0,0,0,0,0,0,0,0,0,0,0,0,0,0,0,0,0,0,0,0,0,0,0,0,0,0,0,0,0,0,0,0,0,0,0,0,0,0,0,0,0,0,0,0,0,0,0,0,0,0,0,0,0,0,0,0,0,0,0,0,0,0,0,0,0,0,0,0,0,0,0
0,1,0,0,0,0,0,2,0,1,0,1,1,0,0,0,2,3,0,0,3,2,4,4,3,5,6,7,4,6,7,5,7,5,9,7,8,7,10,13,13,12,11,12,3,12,11,11,10,7,9,6,6,8,9,6,13,16,6,13,7,4,8,6,9,6,8,3,11,6,4,2,4,6,2,0,6,9,4,1,9,3,2,1,2,2,0,1,2,2,2,3,0,0,1,1,0,0,0,1,1,0,0,1,0,0,0,0,0,1,0,0,0,0,0,0,0,0,0,0,0,0,0,0,0,0,0,0,0,0,0,0,0,0,0,0,0,0,0,0,0,0,0,0,0,0,0,0,0,0,0,0,0,0,0,0,0,0,0,0,0,0,0,0,0,0,0,0,0,0,0,0,0,0,0,0,0,0,0,0,0,0,0,0,0,0,0,0,0,0,0,0,0,0,0,0,0,0,0,0
0,0,1,0,1,0,0,2,1,1,0,1,0,0,1,0,2,1,1,2,1,1,1,5,3,2,4,4,7,1,7,6,8,9,3,8,5,8,8,7,11,10,6,15,7,7,5,8,15,9,5,3,11,12,8,7,11,12,14,18,7,8,8,2,6,6,8,5,4,2,10,3,5,6,2,3,12,2,4,6,2,1,3,3,1,0,0,2,1,2,3,1,0,3,0,0,0,0,0,0,0,0,0,0,0,0,0,0,0,0,1,1,0,1,0,0,0,0,0,0,0,0,0,0,0,0,0,0,0,0,0,0,0,0,0,0,0,0,0,0,0,0,0,0,0,0,0,0,0,0,0,0,0,0,0,0,0,0,0,0,0,0,0,0,0,0,0,0,0,0,0,0,0,0,0,0,0,0,0,0,0,0,0,0,0,0,0,0,0,0,0,0,0,0,0,0,0,0,0,0
0,0,0,0,0,0,0,1,0,0,1,0,0,0,0,2,1,0,5,3,1,4,2,4,2,3,3,2,1,5,5,3,6,9,6,5,4,7,4,13,7,15,12,6,9,14,9,13,13,19,12,5,4,9,14,6,7,9,5,10,6,7,8,10,2,8,7,15,5,7,4,8,4,4,2,4,8,5,5,5,1,4,0,3,3,1,1,3,0,0,2,3,0,0,0,3,0,0,1,1,0,0,2,0,1,0,0,0,0,0,0,0,0,0,0,0,1,0,0,0,0,0,0,0,0,0,0,0,0,0,0,0,0,0,0,0,0,0,0,0,0,0,0,0,0,0,0,0,0,0,0,0,0,0,0,0,0,0,0,0,0,0,0,0,0,0,0,0,0,0,0,0,0,0,0,0,0,0,0,0,0,0,0,0,0,0,0,0,0,0,0,0,0,0,0,0,0,0,0,0
2,0,0,0,1,0,1,1,2,0,0,1,1,0,1,6,0,2,2,2,2,1,4,2,2,6,3,2,5,4,1,6,6,6,6,11,4,8,7,5,11,12,8,9,19,7,10,14,10,12,14,9,12,7,10,6,10,10,9,10,8,10,10,8,4,4,12,5,6,4,8,3,6,3,5,2,5,1,3,2,1,4,1,2,2,2,1,1,0,0,1,2,1,2,1,2,0,1,1,0,1,1,1,0,0,0,0,1,0,0,0,0,0,0,0,0,0,0,0,0,1,0,0,0,0,0,0,0,0,0,0,0,0,0,0,0,0,0,0,0,0,0,0,0,0,0,0,0,0,0,0,0,0,0,0,0,0,0,0,0,0,0,0,0,0,0,0,0,0,0,0,0,0,0,0,0,0,0,0,0,0,0,0,0,0,0,0,0,0,0,0,0,0,0,0,0,0,0,0,0
0,0,0,0,0,0,2,2,0,0,0,1,0,2,0,1,0,0,1,3,2,0,1,2,6,4,5,4,4,3,1,11,4,6,6,8,8,6,12,9,10,11,6,10,9,5,11,14,9,10,6,10,12,9,11,9,13,8,4,11,6,2,5,7,10,7,6,10,3,2,6,2,3,3,5,2,3,4,4,0,5,2,1,2,2,2,2,1,0,1,0,0,0,0,0,0,1,0,0,0,0,1,0,0,0,0,1,0,1,0,0,0,0,0,0,1,0,0,0,0,0,0,0,0,0,0,0,0,0,0,0,0,0,0,0,0,0,0,0,0,0,0,0,0,0,0,0,0,0,0,0,0,0,0,0,0,0,0,0,0,0,0,0,0,0,0,0,0,0,0,0,0,0,0,0,0,0,0,0,0,0,0,0,0,0,0,0,0,0,0,0,0,0,0,0,0,0,0,0,0
0,0,0,0,0,0,0,1,0,1,0,0,0,2,2,0,3,2,0,1,2,1,2,0,6,4,1,6,3,6,4,1,4,5,2,7,4,4,5,5,3,11,15,7,11,9,8,5,10,12,10,6,16,9,10,14,15,7,4,7,5,9,5,8,5,8,3,3,5,6,6,1,4,3,6,2,1,0,2,2,4,3,3,0,0,1,2,1,1,2,2,2,1,2,1,0,0,0,1,0,0,0,0,0,0,0,0,0,0,0,0,0,0,0,0,0,0,0,0,0,0,0,0,0,0,1,0,0,0,0,0,0,0,0,0,0,0,0,0,0,0,0,0,0,0,0,0,0,0,0,0,0,0,0,0,0,0,0,0,0,0,0,0,0,0,0,0,0,0,0,0,0,0,0,0,0,0,0,0,0,0,0,0,0,0,0,0,0,0,0,0,0,0,0,0,0,0,0,0,0
0,0,0,0,0,0,2,1,0,1,0,2,0,0,0,0,2,2,0,4,3,1,3,4,2,5,2,9,1,3,5,7,7,4,8,5,7,7,9,6,14,10,4,6,5,10,7,6,10,7,5,10,9,11,12,6,11,9,5,12,8,8,4,10,4,9,3,4,6,7,2,6,4,6,6,2,3,2,3,1,1,0,2,1,4,0,7,1,1,1,1,0,1,0,1,2,0,0,1,0,1,0,1,1,0,0,0,0,0,0,0,0,0,0,0,0,0,0,0,0,0,0,0,0,0,0,0,0,0,0,0,0,0,0,0,0,0,0,0,0,0,0,0,0,0,0,0,0,0,0,0,0,0,0,0,0,0,0,0,0,0,0,0,0,0,0,0,0,0,0,0,0,0,0,0,0,0,0,0,0,0,0,0,0,0,0,0,0,0,0,0,0,0,0,0,0,0,0,0,0
0,0,0,0,1,1,0,1,0,0,0,0,0,1,4,1,0,0,2,2,4,1,5,4,0,3,3,6,4,4,4,1,8,8,2,9,9,6,8,9,14,9,6,7,13,11,6,9,4,8,3,7,9,9,7,14,13,14,9,10,8,10,6,8,7,3,4,4,2,4,6,1,5,5,3,7,4,3,4,1,3,2,2,2,0,4,1,1,0,1,0,1,0,1,2,0,1,0,0,1,0,0,0,0,0,0,0,0,0,0,0,0,0,0,0,1,0,0,0,0,0,0,0,0,0,0,0,0,0,0,0,0,0,0,0,0,0,0,0,0,0,0,0,0,0,0,0,0,0,0,0,0,0,0,0,0,0,0,0,0,0,0,0,0,0,0,0,0,0,0,0,0,0,0,0,0,0,0,0,0,0,0,0,0,0,0,0,0,0,0,0,0,0,0,0,0,0,0,0,0
0,0,0,1,0,0,0,0,0,1,0,0,0,2,0,1,0,1,3,2,1,3,0,4,2,0,2,2,7,2,2,4,8,6,6,5,5,9,6,3,7,5,9,13,0,13,8,7,6,11,12,8,13,5,12,4,9,10,6,13,7,8,7,4,4,5,7,7,4,5,3,2,4,3,1,5,7,4,2,3,4,1,1,0,0,0,1,0,1,0,2,1,0,0,0,0,0,0,0,1,0,0,2,0,0,0,0,0,0,0,0,0,1,0,0,0,0,0,0,0,0,0,0,1,0,0,0,0,0,0,0,0,0,0,0,0,0,0,0,0,0,0,0,0,0,0,0,0,0,0,0,0,0,0,0,0,0,0,0,0,0,0,0,0,0,0,0,0,0,0,0,0,0,0,0,0,0,0,0,0,0,0,0,0,0,0,0,0,0,0,0,0,0,0,0,0,0,0,0,0
0,0,0,0,0,2,0,1,0,1,1,0,0,1,0,1,1,0,2,1,2,1,4,4,3,2,3,2,3,4,3,4,3,5,6,3,6,9,8,4,5,6,7,9,9,5,6,11,4,7,3,10,7,3,6,9,8,9,5,9,8,11,5,8,9,6,2,6,3,9,2,7,7,3,2,6,1,8,1,0,2,2,5,1,0,1,0,1,0,2,0,3,0,0,0,4,1,1,0,0,1,0,0,0,0,0,0,0,0,0,0,0,0,0,0,0,0,0,0,0,0,1,0,0,0,0,0,0,0,0,0,0,0,0,0,0,0,0,0,0,0,0,0,0,0,0,0,0,0,0,0,0,0,0,0,0,0,0,0,0,0,0,0,0,0,0,0,0,0,0,0,0,0,0,0,0,0,0,0,0,0,0,0,0,0,0,0,0,0,0,0,0,0,0,0,0,0,0,0,0
0,0,0,1,0,0,1,0,0,1,0,0,0,1,1,1,1,1,1,3,0,0,0,2,3,1,6,3,1,3,4,7,5,9,3,7,11,3,9,7,6,4,13,10,10,3,7,8,8,6,10,11,3,6,7,9,10,3,7,8,8,5,7,4,5,4,4,0,7,6,5,2,2,4,7,3,0,0,2,2,2,1,0,1,1,2,0,1,1,0,1,0,0,0,0,1,0,0,0,2,0,1,0,0,2,0,0,1,0,0,0,0,0,0,0,0,0,0,0,0,0,0,0,0,0,0,0,0,0,0,0,0,0,0,0,0,0,0,0,0,0,0,0,0,0,0,0,0,0,0,0,0,0,0,0,0,0,0,0,0,0,0,0,0,0,0,0,0,0,0,0,0,0,0,0,0,0,0,0,0,0,0,0,0,0,0,0,0,0,0,0,0,0,0,0,0,0,0,0,0
0,0,0,1,0,0,0,0,1,0,1,0,0,0,1,0,1,4,0,1,1,1,8,4,2,5,2,6,4,2,5,7,4,9,4,5,6,9,3,5,10,10,4,8,11,7,8,8,10,4,5,7,7,10,9,11,6,4,6,7,5,10,6,3,5,7,4,4,7,3,4,4,2,2,4,2,1,3,2,2,0,1,4,0,1,0,1,2,1,1,3,1,1,1,1,2,0,0,0,0,0,0,0,0,0,0,0,0,0,0,0,0,0,0,0,0,0,0,0,0,0,0,0,0,0,0,0,0,0,0,0,0,0,0,0,0,0,0,0,0,0,0,0,0,0,0,0,0,0,0,0,0,0,0,0,0,0,0,0,0,0,0,0,0,0,0,0,0,0,0,0,0,0,0,0,0,0,0,0,0,0,0,0,0,0,0,0,0,0,0,0,0,0,0,0,0,0,0,0,0
0,0,1,1,0,0,0,1,0,1,1,1,0,0,2,1,4,0,0,1,0,4,2,1,2,1,2,7,4,4,1,2,2,5,4,5,8,8,6,2,4,8,7,8,13,14,7,7,6,5,5,7,7,10,2,10,7,8,4,6,4,8,1,7,7,4,3,4,6,5,6,8,5,2,3,3,2,2,2,2,0,4,2,2,1,0,0,0,0,1,2,1,0,0,0,0,1,0,0,0,1,0,0,0,0,1,0,0,0,0,1,0,0,0,1,0,0,0,0,0,0,0,0,0,0,0,0,0,0,0,0,0,0,0,0,0,0,0,0,0,0,0,0,0,0,0,0,0,0,0,0,0,0,0,0,0,0,0,0,0,0,0,0,0,0,0,0,0,0,0,0,0,0,0,0,0,0,0,0,0,0,0,0,0,0,0,0,0,0,0,0,0,0,0,0,0,0,0,0,0
0,0,1,0,0,0,1,1,0,1,0,1,0,1,0,3,1,0,2,1,1,4,0,2,0,0,4,4,3,2,2,1,6,4,7,8,4,5,11,5,11,6,8,8,6,7,7,6,8,6,6,6,4,7,8,5,5,11,7,8,9,4,5,4,6,4,3,4,6,1,6,5,3,3,6,3,1,1,1,0,1,3,1,0,2,2,2,1,1,0,1,0,0,1,0,0,2,1,0,1,2,1,0,0,0,0,0,0,0,0,0,1,0,0,0,0,0,0,0,0,0,0,0,0,0,0,0,0,0,0,0,0,0,0,0,0,0,0,0,0,0,0,0,0,0,0,0,0,0,0,0,0,0,0,0,0,0,0,0,0,0,0,0,0,0,0,0,0,0,0,0,0,0,0,0,0,0,0,0,0,0,0,0,0,0,0,0,0,0,0,0,0,0,0,0,0,0,0,0,0
0,0,0,0,2,0,0,0,0,0,1,0,0,3,1,0,3,0,2,1,0,2,1,5,1,3,1,5,4,2,7,3,4,2,8,6,7,3,3,9,11,7,7,14,6,8,10,7,5,10,9,5,10,7,5,9,10,3,10,3,5,8,3,3,3,9,6,4,2,6,3,6,5,1,4,1,2,5,3,0,2,0,2,1,2,1,0,0,0,0,1,0,0,1,0,0,0,0,0,0,0,0,0,0,0,0,0,0,1,0,0,0,0,1,0,0,0,0,0,0,0,0,0,0,0,0,0,0,0,0,0,0,0,0,0,0,0,0,0,0,0,0,0,0,0,0,0,0,0,0,0,0,0,0,0,0,0,0,0,0,0,0,0,0,0,0,0,0,0,0,0,0,0,0,0,0,0,0,0,0,0,0,0,0,0,0,0,0,0,0,0,0,0,0,0,0,0,0,0,0
0,1,0,0,0,0,0,2,1,0,0,0,0,1,0,0,1,1,2,2,1,2,2,1,2,3,1,4,3,3,2,4,4,6,3,2,7,2,5,7,8,2,8,7,10,10,12,8,5,11,8,6,13,7,10,9,10,10,4,12,10,5,7,11,1,3,4,3,5,10,5,2,3,1,0,0,2,3,2,3,4,0,3,2,3,1,0,0,1,1,1,1,1,1,1,0,0,1,0,0,0,0,0,0,0,0,0,0,0,0,0,0,0,0,0,0,0,0,0,0,0,0,0,0,0,0,0,0,0,0,0,0,0,0,0,0,0,0,0,0,0,0,0,0,0,0,0,0,0,0,0,0,0,0,0,0,0,0,0,0,0,0,0,0,0,0,0,0,0,0,0,0,0,0,0,0,0,0,0,0,0,0,0,0,0,0,0,0,0,0,0,0,0,0,0,0,0,0,0,0
0,0,0,0,0,0,0,0,1,1,0,0,1,2,0,1,2,0,3,0,2,1,3,3,2,2,1,2,2,3,5,3,1,4,6,5,3,5,5,1,6,12,5,5,4,9,13,6,10,6,7,12,4,12,11,11,7,5,11,12,8,5,4,3,3,5,10,5,2,2,1,2,3,1,4,0,3,1,0,0,2,1,0,4,1,2,0,0,0,2,0,0,0,1,0,1,1,1,1,0,0,0,2,0,0,0,0,0,0,0,0,0,0,0,0,0,0,0,0,0,0,0,0,0,0,0,0,0,0,0,0,0,0,0,0,0,0,0,0,0,0,0,0,0,0,0,0,0,0,0,0,0,0,0,0,0,0,0,0,0,0,0,0,0,0,0,0,0,0,0,0,0,0,0,0,0,0,0,0,0,0,0,0,0,0,0,0,0,0,0,0,0,0,0,0,0,0,0,0,0
0,0,0,1,2,0,0,1,0,0,0,0,0,0,1,1,1,2,0,2,1,2,1,3,3,3,2,3,3,3,3,3,4,5,5,4,4,9,2,4,4,6,4,8,8,8,9,5,4,10,10,9,6,6,5,8,4,8,2,3,6,6,1,4,4,3,2,4,3,2,2,0,1,3,1,2,2,1,1,2,2,0,2,0,1,0,0,2,0,0,0,0,1,3,1,0,0,1,0,0,1,0,0,0,1,0,0,2,0,0,0,0,0,0,0,0,0,0,0,0,0,0,0,0,0,0,0,0,0,0,0,0,0,0,0,0,0,0,0,0,0,0,0,0,0,0,0,0,0,0,0,0,0,0,0,0,0,0,0,0,0,0,0,0,0,0,0,0,0,0,0,0,0,0,0,0,0,0,0,0,0,0,0,0,0,0,0,0,0,0,0,0,0,0,0,0,0,0,0,0
0,0,0,0,0,0,0,1,0,0,1,0,0,0,1,0,2,1,1,2,1,1,2,2,1,2,0,1,1,1,6,1,4,3,4,4,1,7,6,4,0,9,7,9,7,14,8,3,8,7,10,8,5,11,4,10,9,6,3,5,5,4,3,3,2,6,8,7,3,2,4,3,3,2,4,4,3,3,4,0,0,2,2,2,2,0,2,2,1,0,1,3,0,0,0,0,0,0,1,0,1,0,0,0,0,0,0,0,0,0,0,0,0,0,0,1,0,0,0,0,0,0,0,0,0,0,0,0,0,0,0,0,0,0,0,0,0,0,0,0,0,0,0,0,0,0,0,0,0,0,0,0,0,0,0,0,0,0,0,0,0,0,0,0,0,0,0,0,0,0,0,0,0,0,0,0,0,0,0,0,0,0,0,0,0,0,0,0,0,0,0,0,0,0,0,0,0,0,0,0
0,0,0,1,0,1,0,0,0,1,1,0,1,2,0,0,1,1,2,1,2,2,2,2,4,1,5,2,0,3,3,2,2,6,9,5,2,5,1,5,6,2,2,10,5,12,2,11,7,8,8,7,14,3,7,9,6,2,4,7,2,1,5,6,1,5,2,7,3,9,4,3,3,2,3,2,1,3,3,2,1,2,0,0,0,0,1,0,1,1,2,2,0,0,0,0,0,0,0,1,0,0,0,1,0,0,0,0,0,0,0,0,0,0,0,0,0,0,0,0,0,0,0,0,1,0,0,0,0,0,0,0,0,0,0,0,0,0,0,0,0,0,0,0,0,0,0,0,0,0,0,0,0,0,0,0,0,0,0,0,0,0,0,0,0,0,0,0,0,0,0,0,0,0,0,0,0,0,0,0,0,0,0,0,0,0,0,0,0,0,0,0,0,0,0,0,0,0,0,0
0,0,0,0,1,0,1,1,0,0,0,3,0,0,0,0,0,0,1,1,2,1,2,0,1,1,4,2,4,3,3,2,4,7,3,3,3,8,4,9,10,8,8,5,9,9,3,7,3,4,9,6,7,2,5,7,7,9,2,4,2,7,7,6,5,1,1,5,4,3,6,2,3,3,3,0,1,2,0,2,1,1,1,1,2,2,1,1,1,1,0,1,1,0,1,0,0,0,0,0,0,0,0,0,0,0,0,0,0,0,0,0,0,0,0,0,0,0,1,0,0,0,0,0,0,0,0,0,0,0,0,0,0,0,0,0,0,0,0,0,0,0,0,0,0,0,0,0,0,0,0,0,0,0,0,0,0,0,0,0,0,0,0,0,0,0,0,0,0,0,0,0,0,0,0,0,0,0,0,0,0,0,0,0,0,0,0,0,0,0,0,0,0,0,0,0,0,0,0,0
0,0,0,0,0,0,0,0,1,0,0,1,0,0,1,1,1,0,0,1,0,2,2,1,3,5,4,3,3,4,4,5,1,1,4,4,4,7,5,7,4,3,11,2,8,5,1,5,12,6,7,4,5,2,8,7,8,7,3,5,8,4,3,3,5,2,3,7,2,3,7,2,1,5,3,1,2,1,2,0,2,2,1,1,1,0,1,0,1,0,0,0,1,0,0,1,1,1,0,1,0,0,0,0,0,0,0,1,0,0,0,0,0,0,0,0,0,0,0,0,0,0,0,0,0,0,0,0,0,0,0,0,0,0,0,0,0,0,0,0,0,0,0,0,0,0,0,0,0,0,0,0,0,0,0,0,0,0,0,0,0,0,0,0,0,0,0,0,0,0,0,0,0,0,0,0,0,0,0,0,0,0,0,0,0,0,0,0,0,0,0,0,0,0,0,0,0,0,0,0
0,0,0,0,0,0,0,0,1,0,0,2,0,0,1,1,2,1,3,3,1,2,0,1,1,0,4,3,3,4,4,0,0,3,3,4,7,4,6,7,6,4,1,6,2,8,4,7,7,6,5,5,11,3,5,3,7,5,3,1,1,7,4,1,6,6,3,4,0,2,0,5,3,3,2,1,3,1,1,0,1,3,2,2,1,1,1,2,1,0,0,0,0,1,0,0,0,1,0,0,0,0,0,0,0,0,0,0,0,0,0,0,0,0,0,1,0,0,0,0,0,0,0,0,0,0,0,0,0,0,0,0,0,0,0,0,0,0,0,0,0,0,0,0,0,0,0,0,0,0,0,0,0,0,0,0,0,0,0,0,0,0,0,0,0,0,0,0,0,0,0,0,0,0,0,0,0,0,0,0,0,0,0,0,0,0,0,0,0,0,0,0,0,0,0,0,0,0,0,0
0,0,0,0,0,0,1,0,0,0,1,0,0,1,1,0,0,0,1,0,1,2,0,1,1,1,2,6,2,1,7,2,7,4,1,3,7,13,2,4,5,6,4,6,9,4,6,9,7,5,6,6,7,5,7,4,3,12,5,7,3,4,3,3,8,5,2,1,5,5,3,0,4,0,2,2,3,3,2,0,2,1,1,0,0,1,0,3,0,0,0,1,0,0,0,0,0,0,1,1,0,0,0,0,0,0,0,0,0,0,0,0,0,0,0,0,0,0,0,0,0,0,0,0,0,0,0,0,0,0,0,0,0,0,0,0,0,0,0,0,0,0,0,0,0,0,0,0,0,0,0,0,0,0,0,0,0,0,0,0,0,0,0,0,0,0,0,0,0,0,0,0,0,0,0,0,0,0,0,0,0,0,0,0,0,0,0,0,0,0,0,0,0,0,0,0,0,0,0,0
1,0,1,1,0,1,0,0,1,0,0,0,1,1,0,0,3,1,1,1,2,0,2,2,1,1,4,2,2,4,3,3,3,4,3,6,0,9,3,5,10,4,2,8,4,8,7,4,6,3,4,7,7,5,6,9,7,5,8,5,7,4,4,5,3,0,5,2,5,2,1,4,2,1,1,4,2,1,2,0,0,1,1,0,1,1,1,1,1,0,0,2,0,0,0,0,0,0,0,0,0,0,0,0,0,0,0,1,0,0,0,0,0,0,0,0,0,0,0,0,0,0,0,0,0,0,0,0,0,0,0,0,0,0,0,0,0,0,0,0,0,0,0,0,0,0,0,0,0,0,0,0,0,0,0,0,0,0,0,0,0,0,0,0,0,0,0,0,0,0,0,0,0,0,0,0,0,0,0,0,0,0,0,0,0,0,0,0,0,0,0,0,0,0,0,0,0,0,0,0
0,0,0,0,0,0,1,0,0,0,0,3,1,0,0,0,0,0,1,0,0,1,1,0,1,3,1,2,5,3,2,2,3,1,5,1,4,3,3,7,2,5,7,4,7,4,5,4,3,4,5,3,9,2,6,9,7,4,2,5,8,12,1,3,4,5,2,0,3,5,3,3,2,3,2,3,0,1,1,2,3,0,1,0,3,1,1,0,2,1,0,1,1,3,2,1,0,0,1,0,0,0,0,0,0,0,0,0,0,0,0,0,0,0,0,0,0,0,0,0,0,0,0,0,0,0,0,0,0,0,0,0,0,0,0,0,0,0,0,0,0,0,0,0,0,0,0,0,0,0,0,0,0,0,0,0,0,0,0,0,0,0,0,0,0,0,0,0,0,0,0,0,0,0,0,0,0,0,0,0,0,0,0,0,0,0,0,0,0,0,0,0,0,0,0,0,0,0,0,0
0,0,0,0,0,0,0,0,3,1,1,1,2,0,1,1,1,0,1,1,1,0,1,0,3,3,4,1,3,2,5,1,4,3,3,3,4,6,7,5,4,6,8,10,5,5,9,6,7,10,7,3,4,3,6,4,11,5,5,3,6,10,5,7,2,4,2,6,2,4,3,2,2,0,2,0,0,1,1,0,0,1,2,0,2,0,0,2,2,1,1,0,1,1,1,0,1,0,0,0,0,0,1,0,0,0,0,0,0,0,0,0,0,0,0,0,0,0,0,0,0,0,0,0,0,0,0,0,0,0,0,0,0,0,0,0,0,0,0,0,0,0,0,0,0,0,0,0,0,0,0,0,0,0,0,0,0,0,0,0,0,0,0,0,0,0,0,0,0,0,0,0,0,0,0,0,0,0,0,0,0,0,0,0,0,0,0,0,0,0,0,0,0,0,0,0,0,0,0,0
0,0,1,0,0,0,0,1,0,2,0,1,0,0,0,0,1,1,0,1,1,2,1,2,2,3,3,2,1,2,4,3,5,8,2,2,3,3,7,5,5,3,7,2,4,6,4,2,3,3,3,4,4,10,10,2,7,5,3,2,4,4,0,4,4,3,5,6,1,1,1,0,0,1,2,0,2,0,0,3,0,1,1,0,0,1,0,0,0,1,0,1,0,0,0,0,0,0,0,0,0,0,1,0,0,0,0,0,0,0,0,0,0,0,0,0,0,0,0,0,0,0,0,0,0,0,0,0,0,0,0,0,0,0,0,0,0,0,0,0,0,0,0,0,0,0,0,0,0,0,0,0,0,0,0,0,0,0,0,0,0,0,0,0,0,0,0,0,0,0,0,0,0,0,0,0,0,0,0,0,0,0,0,0,0,0,0,0,0,0,0,0,0,0,0,0,0,0,0,0
1,0,0,0,0,1,0,0,0,0,0,1,0,0,0,0,1,0,4,1,2,2,1,0,3,3,1,1,0,2,3,2,4,4,2,3,4,3,7,5,4,7,5,8,3,6,6,4,4,5,4,9,3,5,7,3,4,5,5,5,3,5,8,4,2,3,1,2,7,3,2,1,1,1,1,4,1,3,2,0,0,4,1,1,2,0,1,1,0,1,0,0,1,1,1,0,1,0,0,1,1,0,0,1,0,0,0,0,0,0,0,0,0,0,0,0,0,0,0,0,0,0,0,0,0,0,0,0,0,0,0,0,0,0,0,0,0,0,0,0,0,0,0,0,0,0,0,0,0,0,0,0,0,0,0,0,0,0,0,0,0,0,0,0,0,0,0,0,0,0,0,0,0,0,0,0,0,0,0,0,0,0,0,0,0,0,0,0,0,0,0,0,0,0,0,0,0,0,0,0
0,0,0,0,0,0,0,0,0,0,1,0,0,0,0,1,2,1,0,1,1,2,1,2,1,1,1,1,2,3,1,1,5,5,3,6,3,5,4,5,4,5,6,7,4,8,4,5,4,4,3,3,7,4,5,6,7,3,4,8,6,3,5,5,4,4,3,3,2,2,5,5,5,3,1,1,4,1,1,0,3,1,0,1,2,1,1,1,0,0,2,1,0,0,0,0,1,0,0,0,0,0,0,1,0,0,0,0,0,0,0,0,0,0,0,0,0,0,0,0,0,0,0,0,0,0,0,0,0,0,0,0,0,0,0,0,0,0,0,0,0,0,0,0,0,0,0,0,0,0,0,0,0,0,0,0,0,0,0,0,0,0,0,0,0,0,0,0,0,0,0,0,0,0,0,0,0,0,0,0,0,0,0,0,0,0,0,0,0,0,0,0,0,0,0,0,0,0,0,0
0,0,0,0,0,0,0,1,0,1,0,0,0,0,0,0,0,1,0,0,2,2,0,2,0,1,1,1,0,1,2,6,2,1,0,3,6,5,3,4,4,5,13,5,5,4,6,6,5,4,9,1,4,4,0,3,2,3,3,3,4,5,7,3,3,3,5,1,2,2,6,4,2,1,0,1,4,3,0,0,0,0,1,1,2,2,1,0,2,3,0,1,1,0,0,0,0,0,0,0,0,1,1,0,0,1,1,1,0,0,0,0,0,0,0,0,0,0,0,0,0,0,0,0,0,0,0,0,0,0,0,0,0,0,0,0,0,0,0,0,0,0,0,0,0,0,0,0,0,0,0,0,0,0,0,0,0,0,0,0,0,0,0,0,0,0,0,0,0,0,0,0,0,0,0,0,0,0,0,0,0,0,0,0,0,0,0,0,0,0,0,0,0,0,0,0,0,0,0,0
0,0,0,0,0,0,1,2,0,1,2,0,1,0,0,0,0,0,0,0,1,1,2,0,2,0,3,1,6,3,3,4,6,2,2,2,6,3,6,5,3,6,5,6,3,0,5,8,5,5,7,3,5,6,4,4,3,4,2,3,4,2,3,2,2,5,2,5,1,3,5,1,7,2,3,4,3,1,0,0,3,0,1,0,1,3,1,1,0,0,1,1,1,0,0,0,2,0,0,0,0,0,0,0,1,0,0,0,0,1,0,0,0,0,0,0,0,0,0,0,0,0,0,0,0,0,0,0,0,0,0,0,0,0,0,0,0,0,0,0,0,0,0,0,0,0,0,0,0,0,0,0,0,0,0,0,0,0,0,0,0,0,0,0,0,0,0,0,0,0,0,0,0,0,0,0,0,0,0,0,0,0,0,0,0,0,0,0,0,0,0,0,0,0,0,0,0,0,0,0
0,0,0,0,0,0,0,0,0,0,1,1,0,0,1,0,0,0,2,1,1,1,2,2,1,4,1,1,1,3,1,6,4,1,2,4,2,4,6,8,10,5,4,5,10,3,5,2,0,5,4,1,6,1,2,5,4,4,2,3,4,2,2,2,2,4,3,0,2,1,6,2,0,2,5,2,0,2,2,1,0,2,1,1,2,2,1,0,0,0,0,0,0,0,0,0,0,0,0,1,0,0,1,1,0,0,0,0,0,0,0,0,0,0,0,0,0,0,0,0,0,0,0,0,0,0,0,0,0,0,0,0,0,0,0,0,0,0,0,0,0,0,0,0,0,0,0,0,0,0,0,0,0,0,0,0,0,0,0,0,0,0,0,0,0,0,0,0,0,0,0,0,0,0,0,0,0,0,0,0,0,0,0,0,0,0,0,0,0,0,0,0,0,0,0,0,0,0,0,0
0,0,0,0,0,1,0,0,0,0,1,0,0,0,0,0,0,0,1,1,0,0,0,2,2,0,1,4,3,2,0,0,3,2,5,5,3,2,4,3,3,7,2,3,6,5,3,5,4,5,4,1,6,5,6,6,5,6,1,3,5,2,3,1,5,1,0,3,1,2,2,0,1,2,1,1,2,1,1,1,0,1,0,1,1,1,0,1,0,0,0,0,1,0,0,0,1,0,0,1,0,0,0,0,0,0,0,0,0,0,0,0,0,0,0,0,0,0,0,0,0,0,0,0,0,0,0,0,0,0,0,0,0,0,0,0,0,0,0,0,0,0,0,0,0,0,0,0,0,0,0,0,0,0,0,0,0,0,0,0,0,0,0,0,0,0,0,0,0,0,0,0,0,0,0,0,0,0,0,0,0,0,0,0,0,0,0,0,0,0,0,0,0,0,0,0,0,0,0,0
0,0,0,0,0,0,2,0,0,0,1,1,0,0,1,0,2,1,0,0,1,2,1,0,2,3,1,4,1,4,1,2,4,3,4,1,1,4,3,6,4,5,0,3,4,2,4,3,4,4,5,7,4,5,4,7,3,4,0,3,2,2,4,7,0,1,0,5,1,3,1,1,1,0,5,4,1,1,0,0,1,0,1,2,1,0,0,0,0,1,0,1,0,2,1,0,0,0,0,0,0,0,0,2,0,0,0,0,0,0,0,0,0,0,0,0,0,0,0,0,0,0,0,0,0,0,0,0,0,0,0,0,0,0,0,0,0,0,0,0,0,0,0,0,0,0,0,0,0,0,0,0,0,0,0,0,0,0,0,0,0,0,0,0,0,0,0,0,0,0,0,0,0,0,0,0,0,0,0,0,0,0,0,0,0,0,0,0,0,0,0,0,0,0,0,0,0,0,0,0
0,0,0,0,0,0,0,0,0,0,0,0,0,0,0,2,1,1,0,0,1,1,0,0,0,2,3,3,1,2,3,3,1,1,2,2,2,3,4,1,4,2,2,4,2,4,1,2,3,4,8,2,4,8,4,3,5,5,1,6,3,3,2,4,5,2,1,4,1,5,2,2,1,2,2,3,1,2,0,0,0,0,1,1,0,0,0,0,0,0,0,1,0,0,0,0,0,0,0,0,0,0,0,0,0,0,0,0,0,0,0,0,0,1,0,0,0,0,0,1,0,0,0,0,0,0,0,0,0,0,0,0,0,0,0,0,0,0,0,0,0,0,0,0,0,0,0,0,0,0,0,0,0,0,0,0,0,0,0,0,0,0,0,0,0,0,0,0,0,0,0,0,0,0,0,0,0,0,0,0,0,0,0,0,0,0,0,0,0,0,0,0,0,0,0,0,0,0,0,0
0,0,2,0,1,0,0,0,0,0,0,0,0,0,0,0,0,1,1,3,0,1,0,2,3,3,2,3,0,3,2,1,4,1,2,3,5,2,2,2,7,3,2,3,6,4,4,1,5,4,3,5,7,4,10,6,1,2,3,3,2,2,4,4,3,3,2,0,1,2,1,0,1,1,2,2,5,1,5,0,2,1,0,1,1,1,0,0,1,1,0,1,0,0,0,1,0,0,0,0,0,0,0,0,0,0,0,0,0,0,0,0,0,0,0,0,0,0,0,0,1,0,0,0,0,0,0,0,0,0,0,0,0,0,0,0,0,0,0,0,0,0,0,0,0,0,0,0,0,0,0,0,0,0,0,0,0,0,0,0,0,0,0,0,0,0,0,0,0,0,0,0,0,0,0,0,0,0,0,0,0,0,0,0,0,0,0,0,0,0,0,0,0,0,0,0,0,0,0,0
0,0,0,0,0,0,0,1,0,0,0,0,0,0,1,0,1,0,1,0,0,1,0,3,1,1,0,3,2,3,3,0,1,3,0,1,2,4,1,9,3,3,4,2,6,7,2,0,6,2,5,2,6,4,3,5,3,2,0,6,3,6,1,4,2,7,2,1,1,1,2,1,1,2,2,0,0,0,1,1,0,0,2,0,0,1,1,0,0,0,0,0,1,0,0,1,0,0,1,0,0,0,0,0,0,0,0,0,0,0,1,0,0,0,0,0,0,0,0,0,0,0,0,0,0,0,0,0,0,0,0,0,0,0,0,0,0,0,0,0,0,0,0,0,0,0,0,0,0,0,0,0,0,0,0,0,0,0,0,0,0,0,0,0,0,0,0,0,0,0,0,0,0,0,0,0,0,0,0,0,0,0,0,0,0,0,0,0,0,0,0,0,0,0,0,0,0,0,0,0
0,0,0,0,0,0,0,1,0,0,0,0,0,0,0,2,2,0,1,0,1,2,1,1,0,2,2,1,0,1,5,3,2,2,0,2,2,2,3,6,3,2,3,8,7,3,5,6,6,2,6,2,0,2,1,4,1,4,3,6,5,3,2,5,4,1,1,3,1,1,0,1,5,2,1,0,1,1,1,1,0,2,0,0,0,1,0,0,0,1,1,0,0,0,0,1,1,1,0,3,0,0,0,0,0,0,0,0,0,0,0,0,0,0,0,0,0,0,0,0,0,0,0,0,0,0,0,0,0,0,0,0,0,0,0,0,0,0,0,0,0,0,0,0,0,0,0,0,0,0,0,0,0,0,0,0,0,0,0,0,0,0,0,0,0,0,0,0,0,0,0,0,0,0,0,0,0,0,0,0,0,0,0,0,0,0,0,0,0,0,0,0,0,0,0,0,0,0,0,0
0,0,0,0,0,0,0,0,1,0,0,0,1,0,2,0,2,1,0,0,1,0,2,1,1,2,2,1,3,1,4,2,2,3,2,4,1,2,3,4,2,3,2,7,0,3,3,1,4,3,3,5,6,3,3,2,6,3,6,4,4,3,3,2,4,1,1,1,2,3,4,3,4,2,1,0,1,0,0,1,2,0,0,1,0,0,0,3,1,1,0,0,1,1,0,0,0,0,0,0,1,0,0,0,0,0,0,0,0,0,0,0,0,0,0,0,0,1,0,0,0,0,0,0,0,0,0,0,0,0,0,0,0,0,0,0,0,0,0,0,0,0,0,0,0,0,0,0,0,0,0,0,0,0,0,0,0,0,0,0,0,0,0,0,0,0,0,0,0,0,0,0,0,0,0,0,0,0,0,0,0,0,0,0,0,0,0,0,0,0,0,0,0,0,0,0,0,0,0,0
0,0,0,0,0,1,0,0,0,1,1,0,0,0,0,0,1,1,4,3,1,1,1,1,0,0,1,3,1,2,2,3,1,5,4,6,4,2,2,0,3,7,1,3,3,3,8,5,7,5,3,1,5,1,0,5,2,4,4,3,2,1,1,7,2,2,2,2,3,2,2,2,0,0,4,3,1,1,2,0,0,0,1,1,0,1,1,0,0,0,0,2,0,1,0,0,1,0,0,0,0,0,0,0,0,0,0,0,0,1,0,0,0,0,0,0,0,0,0,0,0,0,0,0,0,0,0,0,0,0,0,0,0,0,0,0,0,0,0,0,0,0,0,0,0,0,0,0,0,0,0,0,0,0,0,0,0,0,0,0,0,0,0,0,0,0,0,0,0,0,0,0,0,0,0,0,0,0,0,0,0,0,0,0,0,0,0,0,0,0,0,0,0,0,0,0,0,0,0,0
0,1,0,0,1,0,0,1,0,0,0,0,0,0,0,0,0,0,0,2,0,0,1,2,2,3,0,2,2,2,0,0,3,5,2,1,5,1,3,0,2,1,2,4,3,5,1,2,6,2,5,2,1,4,1,5,7,6,4,6,2,4,2,5,1,5,2,1,3,3,1,2,5,2,0,0,1,2,1,5,0,1,2,1,1,1,0,0,0,1,0,1,0,0,0,0,0,0,0,0,0,1,0,0,0,0,0,1,0,0,0,0,0,0,0,0,0,0,0,0,0,0,0,0,0,0,0,0,0,0,0,0,0,0,0,0,0,0,0,0,0,0,0,0,0,0,0,0,0,0,0,0,0,0,0,0,0,0,0,0,0,0,0,0,0,0,0,0,0,0,0,0,0,0,0,0,0,0,0,0,0,0,0,0,0,0,0,0,0,0,0,0,0,0,0,0,0,0,0,0
0,0,0,0,0,0,0,0,0,0,0,1,0,0,1,1,0,1,1,1,1,2,2,2,4,0,2,2,0,2,0,3,3,4,5,2,4,2,3,2,0,3,6,3,2,2,4,1,5,2,2,3,3,5,2,5,7,4,3,3,5,3,1,3,2,7,2,3,3,1,2,2,3,1,2,2,0,1,0,0,0,2,2,1,0,0,1,0,0,0,0,0,0,0,0,0,0,0,0,0,0,1,1,0,0,0,0,0,0,0,0,0,0,0,0,0,0,1,0,0,0,0,0,0,0,0,0,0,0,0,0,0,0,0,0,0,0,0,0,0,0,0,0,0,0,0,0,0,0,0,0,0,0,0,0,0,0,0,0,0,0,0,0,0,0,0,0,0,0,0,0,0,0,0,0,0,0,0,0,0,0,0,0,0,0,0,0,0,0,0,0,0,0,0,0,0,0,0,0,0
0,0,0,0,0,0,0,1,0,0,0,0,0,0,0,0,1,2,0,2,1,0,0,2,1,4,3,1,0,2,2,3,1,1,2,1,4,5,6,2,3,2,2,6,1,4,3,1,2,1,2,2,3,0,2,4,4,3,1,4,2,3,4,1,2,5,3,4,1,2,2,1,2,2,3,0,0,0,0,1,0,1,1,0,1,1,0,0,0,1,1,0,0,1,0,3,0,0,0,0,0,0,0,0,0,0,0,0,0,0,0,0,0,0,0,0,0,0,0,0,0,0,0,0,0,0,0,0,0,0,0,0,0,0,0,0,0,0,0,0,0,0,0,0,0,0,0,0,0,0,0,0,0,0,0,0,0,0,0,0,0,0,0,0,0,0,0,0,0,0,0,0,0,0,0,0,0,0,0,0,0,0,0,0,0,0,0,0,0,0,0,0,0,0,0,0,0,0,0,0
0,0,0,0,0,0,0,0,0,0,1,1,1,0,0,0,0,0,1,1,2,0,0,0,1,0,2,1,0,1,3,3,2,0,1,1,7,1,0,4,2,4,2,2,1,1,6,3,2,1,3,5,4,6,1,4,2,2,2,0,3,1,2,1,3,2,2,1,3,0,3,0,1,0,0,1,2,0,0,1,1,0,0,0,0,0,0,0,0,1,0,0,1,1,0,1,0,0,0,0,0,0,0,0,0,0,0,0,0,0,0,0,1,0,0,0,0,0,0,0,0,0,0,0,0,0,0,0,0,0,0,0,0,0,0,0,0,0,0,0,0,0,0,0,0,0,0,0,0,0,0,0,0,0,0,0,0,0,0,0,0,0,0,0,0,0,0,0,0,0,0,0,0,0,0,0,0,0,0,0,0,0,0,0,0,0,0,0,0,0,0,0,0,0,0,0,0,0,0,0
0,0,0,0,0,0,0,0,0,1,0,1,0,0,0,0,0,2,0,1,1,0,1,2,2,2,0,3,4,1,2,4,4,2,3,6,2,5,0,1,1,3,5,2,4,5,3,1,3,5,6,4,2,3,5,3,3,4,4,4,7,1,6,3,5,2,6,2,3,1,3,0,0,2,0,0,0,0,1,4,2,0,0,0,1,0,0,0,0,0,0,0,0,0,0,0,0,0,1,0,0,0,1,0,0,0,0,0,0,0,0,0,0,0,0,0,0,0,0,0,0,0,0,0,0,0,0,0,0,0,0,0,0,0,0,0,0,0,0,0,0,0,0,0,0,0,0,0,0,0,0,0,0,0,0,0,0,0,0,0,0,0,0,0,0,0,0,0,0,0,0,0,0,0,0,0,0,0,0,0,0,0,0,0,0,0,0,0,0,0,0,0,0,0,0,0,0,0,0,0
0,0,0,0,0,0,1,0,0,1,1,1,0,0,1,0,1,0,1,0,1,0,0,1,1,1,1,0,3,3,2,1,1,6,1,2,1,4,3,3,2,3,9,2,2,3,0,5,1,3,1,5,3,3,4,3,3,1,2,3,4,4,3,6,1,3,1,2,0,2,1,0,1,0,0,1,0,0,1,1,1,0,1,0,1,0,0,3,1,0,0,0,1,0,0,0,0,0,0,0,0,0,1,1,0,0,0,0,0,0,0,0,0,0,0,0,0,0,0,0,0,0,0,0,0,0,0,0,0,0,0,0,0,0,0,0,0,0,0,0,0,0,0,0,0,0,0,0,0,0,0,0,0,0,0,0,0,0,0,0,0,0,0,0,0,0,0,0,0,0,0,0,0,0,0,0,0,0,0,0,0,0,0,0,0,0,0,0,0,0,0,0,0,0,0,0,0,0,0,0
0,0,0,0,0,0,0,0,0,0,0,0,1,0,0,2,0,0,2,0,0,1,0,0,0,2,1,2,0,0,0,1,0,3,1,4,1,4,1,0,2,0,3,4,0,1,1,3,1,5,1,4,6,0,4,1,5,3,3,8,1,1,5,0,3,2,3,1,0,1,3,2,0,2,1,2,2,1,0,0,2,1,0,0,0,0,1,0,1,0,1,0,0,0,0,0,0,0,0,0,0,0,0,0,0,0,0,0,0,0,0,0,0,0,0,0,0,0,0,0,0,0,0,0,0,0,0,0,0,0,0,0,0,0,0,0,0,0,0,0,0,0,0,0,0,0,0,0,0,0,0,0,0,0,0,0,0,0,0,0,0,0,0,0,0,0,0,0,0,0,0,0,0,0,0,0,0,0,0,0,0,0,0,0,0,0,0,0,0,0,0,0,0,0,0,0,0,0,0,0
0,0,0,0,0,0,1,0,0,1,0,0,1,1,0,0,1,0,0,1,0,0,0,1,1,1,0,0,0,1,1,1,0,2,2,2,0,1,2,1,2,1,1,2,3,2,4,3,4,4,5,1,2,2,3,5,3,3,5,1,1,1,5,4,2,1,1,3,1,1,1,3,0,1,0,0,0,1,0,0,1,0,0,1,0,0,1,1,1,0,0,0,1,1,0,0,0,0,0,1,0,0,0,0,0,0,0,0,0,0,0,0,0,0,0,0,0,0,0,0,0,0,0,0,0,0,0,0,0,0,0,0,0,0,0,0,0,0,0,0,0,0,0,0,0,0,0,0,0,0,0,0,0,0,0,0,0,0,0,0,0,0,0,0,0,0,0,0,0,0,0,0,0,0,0,0,0,0,0,0,0,0,0,0,0,0,0,0,0,0,0,0,0,0,0,0,0,0,0,0
0,0,0,0,0,0,1,0,1,0,0,0,1,1,0,1,1,0,0,1,2,2,0,1,1,1,2,2,2,2,3,2,2,3,6,0,3,1,1,3,6,3,1,1,4,0,1,5,3,2,8,1,6,2,5,4,2,5,2,2,5,6,0,2,2,0,1,3,0,0,0,1,1,0,1,0,1,0,0,0,0,1,0,1,0,1,0,0,0,0,0,1,0,0,0,0,0,0,0,0,0,0,0,1,0,0,0,0,0,0,0,0,0,0,0,0,0,0,0,0,0,0,0,0,0,0,0,0,0,0,0,0,0,0,0,0,0,0,0,0,0,0,0,0,0,0,0,0,0,0,0,0,0,0,0,0,0,0,0,0,0,0,0,0,0,0,0,0,0,0,0,0,0,0,0,0,0,0,0,0,0,0,0,0,0,0,0,0,0,0,0,0,0,0,0,0,0,0,0,0
0,0,1,0,0,0,0,0,0,0,0,1,0,0,1,0,0,0,0,0,1,0,2,0,0,1,0,3,0,1,2,2,1,3,2,2,2,4,1,4,2,5,3,4,2,4,2,4,6,2,2,5,7,8,4,2,2,0,2,1,3,4,0,7,2,3,2,1,2,0,1,1,4,0,2,0,0,3,0,1,0,1,0,0,1,0,0,0,0,0,1,0,0,0,0,0,0,0,0,0,0,0,0,0,0,0,0,0,0,0,0,0,0,0,0,0,0,0,0,0,0,0,0,0,0,0,0,0,0,0,0,0,0,0,0,0,0,0,0,0,0,0,0,0,0,0,0,0,0,0,0,0,0,0,0,0,0,0,0,0,0,0,0,0,0,0,0,0,0,0,0,0,0,0,0,0,0,0,0,0,0,0,0,0,0,0,0,0,0,0,0,0,0,0,0,0,0,0,0,0
0,0,0,0,0,0,0,0,0,1,0,0,0,0,0,0,0,0,0,0,0,0,1,1,0,1,1,1,0,2,0,3,5,0,2,4,3,2,2,1,0,0,6,4,4,1,1,1,1,2,2,0,1,2,3,3,1,2,1,0,0,4,3,5,3,7,0,2,1,2,0,0,1,0,2,1,2,1,0,2,1,0,1,0,2,1,0,0,0,0,1,0,0,0,0,0,0,0,0,0,0,0,0,0,0,0,0,0,0,0,0,0,0,0,0,0,0,0,0,0,0,0,0,0,0,0,0,0,0,0,0,0,0,0,0,0,0,0,0,0,0,0,0,0,0,0,0,0,0,0,0,0,0,0,0,0,0,0,0,0,0,0,0,0,0,0,0,0,0,0,0,0,0,0,0,0,0,0,0,0,0,0,0,0,0,0,0,0,0,0,0,0,0,0,0,0,0,0,0,0
0,0,0,0,0,0,0,0,0,0,0,0,2,1,0,1,1,0,2,3,3,0,0,2,0,2,1,1,1,1,5,1,0,1,2,1,1,1,5,2,2,2,2,4,4,2,2,4,3,3,0,5,5,1,4,5,2,4,6,5,2,2,3,2,0,2,5,4,4,2,1,1,0,1,1,0,2,1,0,1,1,0,0,2,0,0,0,0,0,2,0,0,0,0,0,1,0,0,1,0,0,0,0,0,0,0,0,0,0,0,0,0,0,0,0,0,0,0,0,0,0,0,0,0,0,0,0,0,0,0,0,0,0,0,0,0,0,0,0,0,0,0,0,0,0,0,0,0,0,0,0,0,0,0,0,0,0,0,0,0,0,0,0,0,0,0,0,0,0,0,0,0,0,0,0,0,0,0,0,0,0,0,0,0,0,0,0,0,0,0,0,0,0,0,0,0,0,0,0,0
0,0,0,0,0,0,0,0,0,1,0,0,0,0,1,0,1,2,0,0,0,1,0,1,2,3,2,1,1,1,2,3,3,2,0,1,0,3,2,1,2,2,4,1,1,3,3,3,3,3,2,2,3,1,3,1,5,3,0,1,1,3,1,2,0,5,2,1,2,0,0,0,0,1,1,1,1,1,1,2,0,0,2,0,0,0,1,0,1,0,1,0,0,1,0,0,0,0,0,0,0,0,0,0,0,0,0,0,0,0,0,0,1,0,0,0,0,0,0,0,0,0,0,0,0,0,0,0,0,0,0,0,0,0,0,0,0,0,0,0,0,0,0,0,0,0,0,0,0,0,0,0,0,0,0,0,0,0,0,0,0,0,0,0,0,0,0,0,0,0,0,0,0,0,0,0,0,0,0,0,0,0,0,0,0,0,0,0,0,0,0,0,0,0,0,0,0,0,0,0
0,0,0,0,0,0,0,0,0,1,1,0,1,0,1,0,0,1,1,0,2,1,0,0,1,1,2,1,0,1,1,1,1,1,0,2,2,1,1,6,1,2,1,3,0,3,2,2,4,2,1,4,2,2,3,2,0,1,1,3,5,3,5,0,4,1,0,1,2,1,0,1,2,3,1,0,1,1,0,0,1,0,1,2,0,1,0,0,1,0,0,0,1,0,0,0,0,0,0,0,0,0,0,1,0,0,0,0,0,0,0,0,0,0,0,0,0,0,0,0,0,0,0,0,0,0,0,0,0,0,0,0,0,0,0,0,0,0,0,0,0,0,0,0,0,0,0,0,0,0,0,0,0,0,0,0,0,0,0,0,0,0,0,0,0,0,0,0,0,0,0,0,0,0,0,0,0,0,0,0,0,0,0,0,0,0,0,0,0,0,0,0,0,0,0,0,0,0,0,0
0,0,0,0,0,0,0,0,0,0,0,0,0,0,0,2,1,1,1,0,0,0,0,0,0,3,0,0,1,1,1,1,0,1,2,0,1,1,6,1,3,2,2,1,1,1,1,2,6,3,3,4,0,1,1,3,3,0,5,2,2,2,0,1,0,5,2,0,1,1,1,1,0,0,0,1,1,1,1,0,0,0,1,0,1,0,0,0,1,0,0,0,0,0,0,0,0,0,0,1,0,0,0,0,0,0,0,0,0,0,0,0,0,0,0,0,0,0,0,0,0,0,0,0,0,0,0,0,0,0,0,0,0,0,0,0,0,0,0,0,0,0,0,0,0,0,0,0,0,0,0,0,0,0,0,0,0,0,0,0,0,0,0,0,0,0,0,0,0,0,0,0,0,0,0,0,0,0,0,0,0,0,0,0,0,0,0,0,0,0,0,0,0,0,0,0,0,0,0,0
0,0,0,0,0,0,0,0,0,2,0,1,0,0,0,0,0,0,2,0,0,0,0,0,2,1,2,0,3,0,1,2,1,2,2,1,2,3,1,1,6,2,2,1,4,1,3,6,2,3,0,5,1,3,3,1,1,1,2,4,4,2,3,1,1,1,3,1,4,1,0,3,1,1,1,0,0,0,3,0,1,0,1,0,1,1,0,0,0,0,0,0,0,0,2,0,0,0,0,0,0,0,0,0,0,0,0,0,1,0,0,0,0,0,0,0,0,0,0,0,0,0,0,0,0,0,0,0,0,0,0,0,0,0,0,0,0,0,0,0,0,0,0,0,0,0,0,0,0,0,0,0,0,0,0,0,0,0,0,0,0,0,0,0,0,0,0,0,0,0,0,0,0,0,0,0,0,0,0,0,0,0,0,0,0,0,0,0,0,0,0,0,0,0,0,0,0,0,0,0
0,0,1,0,0,0,0,0,0,0,0,0,0,0,0,0,0,0,0,2,2,0,0,0,0,1,1,0,1,1,2,1,1,1,3,3,1,1,2,3,1,4,3,1,1,1,2,2,5,2,1,3,1,4,1,0,1,2,3,1,0,4,1,3,0,0,2,1,0,0,0,2,1,2,1,1,1,0,0,1,1,0,0,0,0,2,0,1,0,2,0,1,0,0,1,0,0,0,0,0,0,0,0,0,0,0,0,0,0,0,0,0,0,0,0,0,0,0,0,0,0,0,0,0,0,0,0,0,0,0,0,0,0,0,0,0,0,0,0,0,0,0,0,0,0,0,0,0,0,0,0,0,0,0,0,0,0,0,0,0,0,0,0,0,0,0,0,0,0,0,0,0,0,0,0,0,0,0,0,0,0,0,0,0,0,0,0,0,0,0,0,0,0,0,0,0,0,0,0,0
0,0,0,0,0,0,0,0,0,0,0,1,0,1,0,0,1,0,3,0,1,1,0,2,1,1,0,0,2,1,1,1,1,2,3,1,0,3,1,3,2,4,0,2,2,4,4,2,4,1,3,6,1,2,4,3,2,2,4,3,1,1,3,1,2,0,2,1,0,3,0,0,0,0,0,0,1,0,0,0,1,1,1,1,1,0,0,0,0,1,2,0,0,0,0,0,0,0,0,0,0,0,0,0,0,0,0,0,0,0,0,0,0,0,0,0,0,0,0,0,0,0,0,0,0,0,0,0,0,0,0,0,0,0,0,0,0,0,0,0,0,0,0,0,0,0,0,0,0,0,0,0,0,0,0,0,0,0,0,0,0,0,0,0,0,0,0,0,0,0,0,0,0,0,0,0,0,0,0,0,0,0,0,0,0,0,0,0,0,0,0,0,0,0,0,0,0,0,0,0
0,0,0,0,0,0,0,0,0,1,0,0,0,1,1,0,2,0,0,0,0,0,0,0,1,0,0,1,3,2,0,1,4,3,1,1,3,2,2,1,2,2,4,0,3,0,2,0,3,1,2,2,0,5,4,1,0,1,0,2,1,2,0,1,0,3,3,0,0,2,0,2,0,0,0,0,1,0,0,0,0,0,0,0,0,0,0,0,0,0,0,0,0,1,0,0,0,1,0,0,0,1,0,0,0,0,0,0,0,0,0,0,0,0,0,0,0,0,0,0,0,0,0,0,0,0,0,0,0,0,0,0,0,0,0,0,0,0,0,0,0,0,0,0,0,0,0,0,0,0,0,0,0,0,0,0,0,0,0,0,0,0,0,0,0,0,0,0,0,0,0,0,0,0,0,0,0,0,0,0,0,0,0,0,0,0,0,0,0,0,0,0,0,0,0,0,0,0,0,0
0,0,1,0,0,0,0,0,0,0,0,1,2,1,0,0,0,1,0,0,0,1,0,1,0,1,2,1,2,1,1,2,2,2,2,2,3,4,0,2,4,5,2,3,3,1,2,3,3,1,3,3,3,4,1,2,4,3,3,3,1,2,3,1,1,5,3,2,3,0,3,0,1,0,1,1,0,1,0,0,1,0,1,0,0,0,0,1,0,0,0,0,0,1,0,0,1,0,0,0,0,0,0,0,0,0,0,0,0,0,0,0,0,0,0,0,0,0,0,0,0,0,0,0,0,0,0,0,0,0,0,0,0,0,0,0,0,0,0,0,0,0,0,0,0,0,0,0,0,0,0,0,0,0,0,0,0,0,0,0,0,0,0,0,0,0,0,0,0,0,0,0,0,0,0,0,0,0,0,0,0,0,0,0,0,0,0,0,0,0,0,0,0,0,0,0,0,0,0,0
0,0,0,0,0,0,0,0,0,0,0,1,0,0,0,0,1,1,0,0,2,0,1,0,0,1,2,1,5,0,1,3,1,0,1,2,3,1,1,1,2,6,1,0,1,0,2,3,4,2,1,1,3,2,1,0,1,2,1,3,0,1,1,0,2,3,0,0,2,2,1,1,0,0,1,0,0,1,0,0,0,1,0,0,0,1,0,0,0,1,0,1,0,0,1,0,0,0,0,0,0,1,0,0,1,0,0,0,0,0,0,0,0,0,0,0,0,0,0,0,0,0,0,0,0,0,0,0,0,0,0,0,0,0,0,0,0,0,0,0,0,0,0,0,0,0,0,0,0,0,0,0,0,0,0,0,0,0,0,0,0,0,0,0,0,0,0,0,0,0,0,0,0,0,0,0,0,0,0,0,0,0,0,0,0,0,0,0,0,0,0,0,0,0,0,0,0,0,0,0
0,0,0,0,0,0,0,0,0,0,0,0,0,0,0,0,0,0,0,0,0,1,0,2,0,0,0,1,0,1,0,3,1,2,1,3,1,2,2,1,1,3,1,4,4,2,0,3,2,4,1,1,1,3,1,4,1,5,1,1,1,2,2,2,1,1,2,1,1,2,1,0,0,2,1,3,0,1,0,1,1,1,0,0,0,0,0,1,1,0,0,0,0,1,0,0,0,0,0,0,0,0,0,0,0,0,0,0,0,0,0,0,0,0,0,0,0,0,0,0,0,0,0,0,0,0,0,0,0,0,0,0,0,0,0,0,0,0,0,0,0,0,0,0,0,0,0,0,0,0,0,0,0,0,0,0,0,0,0,0,0,0,0,0,0,0,0,0,0,0,0,0,0,0,0,0,0,0,0,0,0,0,0,0,0,0,0,0,0,0,0,0,0,0,0,0,0,0,0,0
0,0,0,0,0,0,0,0,0,0,0,0,0,0,0,0,1,1,0,1,0,1,1,2,2,0,1,1,0,4,1,0,2,0,3,2,2,1,3,0,2,1,1,2,0,3,3,3,0,0,2,0,4,2,1,6,3,2,1,2,1,2,1,1,0,2,1,3,0,1,0,2,1,0,1,2,1,1,1,0,0,0,0,1,0,1,0,0,0,0,0,0,0,0,0,0,0,0,0,0,0,0,0,0,0,0,0,0,0,0,0,0,0,0,0,0,0,0,0,0,0,0,0,0,0,0,0,0,0,0,0,0,0,0,0,0,0,0,0,0,0,0,0,0,0,0,0,0,0,0,0,0,0,0,0,0,0,0,0,0,0,0,0,0,0,0,0,0,0,0,0,0,0,0,0,0,0,0,0,0,0,0,0,0,0,0,0,0,0,0,0,0,0,0,0,0,0,0,0,0
0,0,0,0,0,0,0,0,0,0,1,1,0,0,2,0,0,1,1,0,0,0,0,0,0,1,0,1,1,0,1,4,1,0,1,0,1,2,1,2,1,1,2,3,1,1,3,4,2,4,2,2,4,4,5,2,0,3,3,2,0,1,1,1,1,2,1,2,1,2,0,1,1,0,0,1,1,1,0,1,1,0,0,0,0,1,0,1,0,1,0,0,1,0,0,0,0,0,0,0,0,0,0,0,0,0,0,0,0,0,0,0,0,0,0,0,0,0,0,0,0,0,0,0,0,0,0,0,0,0,0,0,0,0,0,0,0,0,0,0,0,0,0,0,0,0,0,0,0,0,0,0,0,0,0,0,0,0,0,0,0,0,0,0,0,0,0,0,0,0,0,0,0,0,0,0,0,0,0,0,0,0,0,0,0,0,0,0,0,0,0,0,0,0,0,0,0,0,0,0
0,0,0,0,0,0,0,0,0,0,0,0,0,1,0,0,0,1,1,0,1,0,0,0,1,1,0,0,1,1,1,1,2,4,0,1,1,1,3,1,1,2,0,3,3,3,2,1,1,1,5,4,2,2,0,1,6,4,0,5,4,3,0,2,1,2,0,2,0,1,1,0,0,2,1,0,2,0,1,0,0,0,0,0,0,0,1,1,0,0,1,0,0,1,0,0,0,0,0,0,0,0,0,1,0,0,0,0,0,0,0,0,0,0,0,0,0,0,0,0,0,0,0,0,0,0,0,0,0,0,0,0,0,0,0,0,0,0,0,0,0,0,0,0,0,0,0,0,0,0,0,0,0,0,0,0,0,0,0,0,0,0,0,0,0,0,0,0,0,0,0,0,0,0,0,0,0,0,0,0,0,0,0,0,0,0,0,0,0,0,0,0,0,0,0,0,0,0,0,0
0,0,1,1,0,1,1,0,1,0,0,1,0,0,1,0,1,2,0,0,0,0,0,0,1,0,0,3,0,1,0,0,0,1,3,2,2,2,2,2,4,1,1,3,3,4,3,2,1,5,3,2,3,1,3,1,2,2,1,4,0,0,0,0,0,3,1,1,0,0,0,1,1,0,0,0,1,0,0,0,1,1,1,1,0,0,0,0,0,0,0,0,0,0,0,0,0,0,0,0,0,0,0,0,0,0,0,0,0,0,0,0,0,0,0,0,0,0,0,0,0,0,0,0,0,0,0,0,0,0,0,0,0,0,0,0,0,0,0,0,0,0,0,0,0,0,0,0,0,0,0,0,0,0,0,0,0,0,0,0,0,0,0,0,0,0,0,0,0,0,0,0,0,0,0,0,0,0,0,0,0,0,0,0,0,0,0,0,0,0,0,0,0,0,0,0,0,0,0,0
0,0,0,0,0,0,0,1,0,0,0,0,0,0,1,0,0,0,0,0,0,0,0,2,0,2,1,0,1,0,1,3,0,1,1,0,0,0,3,1,2,2,2,2,4,5,2,2,1,0,1,2,0,3,2,5,1,0,1,1,0,0,3,0,1,4,1,0,0,0,0,1,0,1,0,0,0,0,0,1,0,1,2,0,2,0,0,0,0,1,0,0,0,0,0,0,0,0,0,0,0,0,0,0,0,0,0,0,0,1,0,0,0,0,0,0,0,0,0,0,0,0,0,0,0,0,0,0,0,0,0,0,0,0,0,0,0,0,0,0,0,0,0,0,0,0,0,0,0,0,0,0,0,0,0,0,0,0,0,0,0,0,0,0,0,0,0,0,0,0,0,0,0,0,0,0,0,0,0,0,0,0,0,0,0,0,0,0,0,0,0,0,0,0,0,0,0,0,0,0
0,0,0,0,0,0,0,0,0,0,0,0,0,0,0,0,0,0,0,0,0,2,1,1,0,0,1,2,1,3,1,2,0,0,2,2,2,3,1,2,0,3,0,1,5,2,0,6,2,4,3,2,1,2,1,3,4,4,2,0,0,0,2,1,2,2,0,0,0,0,0,1,1,1,0,0,1,1,1,0,1,1,1,0,1,1,0,0,0,0,0,0,1,0,0,0,0,0,0,0,0,0,0,0,0,0,0,0,0,0,1,0,0,0,0,0,0,0,0,0,0,0,0,0,0,0,0,0,0,0,0,0,0,0,0,0,0,0,0,0,0,0,0,0,0,0,0,0,0,0,0,0,0,0,0,0,0,0,0,0,0,0,0,0,0,0,0,0,0,0,0,0,0,0,0,0,0,0,0,0,0,0,0,0,0,0,0,0,0,0,0,0,0,0,0,0,0,0,0,0
0,0,0,0,0,0,1,0,0,0,0,0,0,0,0,0,1,0,0,0,0,0,0,1,2,0,0,1,0,0,1,1,1,1,1,4,1,1,2,3,1,0,2,1,1,1,0,0,2,1,0,1,1,2,0,1,2,2,0,1,0,1,0,2,0,0,1,0,1,3,3,1,1,0,1,1,0,1,0,0,1,0,0,0,1,1,1,0,0,0,1,0,0,0,0,0,0,0,0,0,0,0,0,0,0,0,0,0,0,0,0,0,0,0,0,0,0,0,0,0,0,0,0,0,0,0,0,0,0,0,0,0,0,0,0,0,0,0,0,0,0,0,0,0,0,0,0,0,0,0,0,0,0,0,0,0,0,0,0,0,0,0,0,0,0,0,0,0,0,0,0,0,0,0,0,0,0,0,0,0,0,0,0,0,0,0,0,0,0,0,0,0,0,0,0,0,0,0,0,0
0,0,1,1,0,0,0,0,0,0,0,0,1,0,0,0,0,0,0,1,1,0,2,1,0,0,1,0,1,1,0,0,1,1,1,2,0,2,1,3,0,3,0,1,1,2,2,1,2,3,3,3,2,2,1,1,1,2,3,1,0,0,1,3,0,4,1,4,4,0,2,0,2,0,1,1,1,0,0,0,0,0,1,1,1,1,0,1,0,0,0,1,0,0,0,0,0,0,0,0,0,0,0,0,0,0,0,0,0,0,0,0,0,0,0,0,0,0,0,0,0,0,0,0,0,0,0,0,0,0,0,0,0,0,0,0,0,0,0,0,0,0,0,0,0,0,0,0,0,0,0,0,0,0,0,0,0,0,0,0,0,0,0,0,0,0,0,0,0,0,0,0,0,0,0,0,0,0,0,0,0,0,0,0,0,0,0,0,0,0,0,0,0,0,0,0,0,0,0,0
0,0,0,0,0,0,0,0,0,0,0,0,0,1,0,0,1,1,0,0,0,0,0,0,1,0,0,0,1,0,1,1,0,0,0,0,0,3,2,0,2,1,3,0,2,1,0,2,3,0,0,1,2,0,0,0,1,3,1,2,2,2,0,0,0,1,1,0,0,0,0,0,4,1,2,1,0,0,0,0,0,0,0,0,0,0,0,1,1,1,0,0,0,0,1,0,0,0,0,0,0,0,0,0,0,0,0,0,0,0,0,0,1,0,0,0,0,0,0,0,0,0,0,0,0,0,0,0,0,0,0,0,0,0,0,0,0,0,0,0,0,0,0,0,0,0,0,0,0,0,0,0,0,0,0,0,0,0,0,0,0,0,0,0,0,0,0,0,0,0,0,0,0,0,0,0,0,0,0,0,0,0,0,0,0,0,0,0,0,0,0,0,0,0,0,0,0,0,0,0
0,0,0,0,0,0,1,0,0,0,1,1,0,1,1,0,2,1,0,0,0,1,1,0,0,1,0,0,3,0,1,0,1,1,0,0,0,1,0,3,0,3,2,2,2,0,2,1,2,2,1,3,2,2,3,3,0,0,3,1,0,1,3,2,1,1,0,0,0,0,1,2,0,1,0,0,1,0,0,0,0,0,0,1,1,0,0,0,1,0,1,0,0,0,0,0,1,0,0,0,0,0,0,0,0,0,0,0,0,0,0,0,0,0,0,0,0,0,0,0,0,0,0,0,0,0,0,0,0,0,0,0,0,0,0,0,0,0,0,0,0,0,0,0,0,0,0,0,0,0,0,0,0,0,0,0,0,0,0,0,0,0,0,0,0,0,0,0,0,0,0,0,0,0,0,0,0,0,0,0,0,0,0,0,0,0,0,0,0,0,0,0,0,0,0,0,0,0,0,0
0,0,0,0,0,0,0,0,0,0,0,1,0,0,0,0,1,0,3,0,2,0,1,0,0,1,0,0,1,1,2,0,0,0,0,1,4,2,0,3,0,4,2,0,1,0,4,0,1,0,5,1,1,1,1,0,0,1,1,0,2,0,1,0,0,0,0,2,3,2,2,0,0,1,1,1,0,0,0,1,0,1,1,0,0,1,0,1,0,0,0,0,0,0,0,0,0,0,0,0,0,0,0,0,0,0,0,1,0,0,0,0,0,0,0,0,0,0,0,0,0,0,0,0,0,0,0,0,0,0,0,0,0,0,0,0,0,0,0,0,0,0,0,0,0,0,0,0,0,0,0,0,0,0,0,0,0,0,0,0,0,0,0,0,0,0,0,0,0,0,0,0,0,0,0,0,0,0,0,0,0,0,0,0,0,0,0,0,0,0,0,0,0,0,0,0,0,0,0,0
0,0,0,0,0,0,1,0,0,0,1,0,0,0,1,0,0,0,0,1,1,0,0,0,0,1,0,2,0,2,0,0,0,1,1,1,2,0,2,1,3,5,3,1,1,0,2,1,2,1,1,1,0,1,1,3,1,1,2,1,1,0,2,2,0,3,0,1,2,0,1,1,0,0,0,0,0,0,0,0,1,0,0,1,1,0,0,0,0,0,0,0,0,0,0,0,0,0,0,0,0,0,1,0,0,0,0,0,0,0,0,0,0,0,0,0,0,0,0,0,0,0,0,0,0,0,0,0,0,0,0,0,0,0,0,0,0,0,0,0,0,0,0,0,0,0,0,0,0,0,0,0,0,0,0,0,0,0,0,0,0,0,0,0,0,0,0,0,0,0,0,0,0,0,0,0,0,0,0,0,0,0,0,0,0,0,0,0,0,0,0,0,0,0,0,0,0,0,0,0
0,0,0,0,0,0,0,0,0,0,0,0,0,0,1,0,0,0,1,1,0,1,1,2,0,0,0,1,0,0,2,2,1,0,1,0,2,0,1,3,1,2,5,0,0,2,2,2,3,3,3,1,0,2,1,2,2,1,2,3,1,0,2,1,0,0,2,0,3,1,0,0,3,0,0,1,0,0,0,1,0,0,0,0,0,0,0,0,0,0,0,0,0,0,1,0,0,0,0,0,0,0,0,0,0,0,0,0,0,0,0,0,0,0,0,1,0,0,0,0,0,0,0,0,0,0,0,0,0,0,0,0,0,0,0,0,0,0,0,0,0,0,0,0,0,0,0,0,0,0,0,0,0,0,0,0,0,0,0,0,0,0,0,0,0,0,0,0,0,0,0,0,0,0,0,0,0,0,0,0,0,0,0,0,0,0,0,0,0,0,0,0,0,0,0,0,0,0,0,0
0,0,0,0,0,1,0,1,0,0,0,0,0,0,0,0,0,0,0,0,0,0,0,1,2,0,0,2,1,0,2,0,2,0,0,3,0,1,1,1,0,2,1,1,1,2,0,2,1,1,1,0,1,2,0,4,5,0,1,0,0,1,0,1,0,0,0,1,0,0,0,0,0,2,0,1,0,0,0,0,0,0,0,0,0,0,1,0,0,0,0,0,0,0,0,0,1,0,0,0,0,0,0,0,0,0,0,0,0,0,0,0,0,0,0,0,0,0,0,0,0,0,0,0,0,0,0,0,0,0,0,0,0,0,0,0,0,0,0,0,0,0,0,0,0,0,0,0,0,0,0,0,0,0,0,0,0,0,0,0,0,0,0,0,0,0,0,0,0,0,0,0,0,0,0,0,0,0,0,0,0,0,0,0,0,0,0,0,0,0,0,0,0,0,0,0,0,0,0,0
1,0,0,0,0,0,1,0,0,0,0,0,0,1,0,0,1,0,1,0,1,0,1,0,0,1,1,1,1,1,0,2,1,0,0,0,1,3,1,0,1,0,1,1,1,1,1,2,1,0,1,0,0,2,1,1,0,1,1,0,0,0,3,2,0,0,1,0,1,0,0,1,0,0,0,0,0,0,0,0,0,1,1,0,0,0,0,0,0,0,0,0,0,0,0,1,0,0,0,0,0,0,0,1,0,0,0,0,0,0,0,0,0,0,0,0,0,0,0,0,0,0,0,0,0,0,0,0,0,0,0,0,0,0,0,0,0,0,0,0,0,0,0,0,0,0,0,0,0,0,0,0,0,0,0,0,0,0,0,0,0,0,0,0,0,0,0,0,0,0,0,0,0,0,0,0,0,0,0,0,0,0,0,0,0,0,0,0,0,0,0,0,0,0,0,0,0,0,0,0
0,0,0,0,0,0,1,0,0,0,0,0,0,0,1,0,1,0,2,0,0,0,1,1,1,0,0,1,1,0,0,1,1,2,1,0,3,0,1,0,0,0,0,0,0,1,0,3,1,1,3,1,1,1,2,1,0,1,1,3,1,0,0,1,1,1,3,0,1,1,1,0,0,1,0,0,1,0,1,0,1,0,1,0,0,1,0,0,0,0,0,0,1,0,0,0,0,0,0,0,0,0,0,0,0,0,0,0,0,0,0,0,0,0,0,0,0,0,0,0,0,0,0,0,0,0,0,0,0,0,0,0,0,0,0,0,0,0,0,0,0,0,0,0,0,0,0,0,0,0,0,0,0,0,0,0,0,0,0,0,0,0,0,0,0,0,0,0,0,0,0,0,0,0,0,0,0,0,0,0,0,0,0,0,0,0,0,0,0,0,0,0,0,0,0,0,0,0,0,0
0,0,0,0,0,0,0,0,0,0,0,0,0,0,0,0,0,0,0,1,0,0,0,2,1,1,0,1,0,0,0,0,0,0,1,0,0,1,1,0,2,2,2,2,1,2,0,0,4,1,1,1,2,2,1,0,0,0,0,3,2,0,0,0,1,2,1,0,0,2,1,2,0,0,0,0,1,0,0,1,0,1,0,0,0,0,0,0,0,0,0,0,0,0,0,0,0,0,0,0,0,0,0,0,1,0,1,0,0,0,0,0,0,0,0,0,0,0,0,0,0,0,0,0,0,0,0,0,0,0,0,0,0,0,0,0,0,0,0,0,0,0,0,0,0,0,0,0,0,0,0,0,0,0,0,0,0,0,0,0,0,0,0,0,0,0,0,0,0,0,0,0,0,0,0,0,0,0,0,0,0,0,0,0,0,0,0,0,0,0,0,0,0,0,0,0,0,0,0,0
0,0,0,0,0,0,0,0,0,0,0,0,0,1,0,0,0,1,1,0,0,1,0,0,1,1,0,1,1,1,2,0,1,1,3,4,1,1,0,0,0,0,1,3,2,2,0,1,3,2,1,1,2,1,0,1,0,1,0,1,0,2,2,2,2,1,0,1,0,0,0,1,0,0,0,0,1,0,0,0,0,0,0,0,0,0,0,0,0,0,0,0,0,0,0,0,0,0,0,0,0,0,0,0,0,0,0,0,0,0,0,0,0,0,0,0,0,0,0,0,0,0,0,0,0,0,0,0,0,0,0,0,0,0,0,0,0,0,0,0,0,0,0,0,0,0,0,0,0,0,0,0,0,0,0,0,0,0,0,0,0,0,0,0,0,0,0,0,0,0,0,0,0,0,0,0,0,0,0,0,0,0,0,0,0,0,0,0,0,0,0,0,0,0,0,0,0,0,0,0
0,0,1,0,0,0,0,1,0,0,0,0,0,1,0,0,0,0,0,0,0,0,0,0,0,0,0,0,1,0,2,0,2,0,1,1,1,2,0,1,0,3,1,3,0,2,1,0,1,0,0,0,0,2,2,4,0,1,0,0,1,0,0,0,0,1,1,2,1,0,1,0,0,1,1,0,0,0,0,1,0,1,0,0,0,1,0,0,0,0,0,0,0,0,0,0,0,0,0,0,0,0,0,0,1,0,0,0,0,0,0,0,0,0,0,0,0,0,1,0,0,0,0,0,0,0,0,0,0,0,0,0,0,0,0,0,0,0,0,0,0,0,0,0,0,0,0,0,0,0,0,0,0,0,0,0,0,0,0,0,0,0,0,0,0,0,0,0,0,0,0,0,0,0,0,0,0,0,0,0,0,0,0,0,0,0,0,0,0,0,0,0,0,0,0,0,0,0,0,0
0,0,0,0,0,0,0,0,0,0,0,0,0,0,0,1,0,0,0,0,0,0,0,0,1,0,1,0,1,1,1,1,3,0,1,1,0,2,1,0,0,0,2,1,0,0,0,2,2,2,2,3,0,1,2,1,0,0,1,0,0,2,1,0,2,0,0,1,0,0,0,1,0,0,1,0,1,0,0,2,0,1,0,1,0,0,0,1,0,0,0,0,0,0,0,0,0,1,0,0,0,0,0,0,0,0,0,0,0,0,0,0,0,0,0,0,0,0,0,0,0,0,0,0,0,0,0,0,0,0,0,0,0,0,0,0,0,0,0,0,0,0,0,0,0,0,0,0,0,0,0,0,0,0,0,0,0,0,0,0,0,0,0,0,0,0,0,0,0,0,0,0,0,0,0,0,0,0,0,0,0,0,0,0,0,0,0,0,0,0,0,0,0,0,0,0,0,0,0,0
0,0,0,0,0,0,0,1,0,0,0,0,1,0,0,0,0,0,0,0,1,0,0,0,0,2,0,1,0,0,1,0,0,2,1,0,1,0,1,3,1,1,1,0,2,1,2,0,1,2,0,1,0,0,2,1,0,0,0,1,0,0,0,2,0,1,1,2,1,0,1,0,1,0,0,1,0,0,0,0,0,0,0,0,0,1,0,0,0,1,0,0,0,0,0,1,0,0,0,0,0,0,0,0,0,0,1,0,0,0,0,0,0,0,0,0,0,0,0,0,0,0,0,0,0,0,0,0,0,0,0,0,0,0,0,0,0,0,0,0,0,0,0,0,0,0,0,0,0,0,0,0,0,0,0,0,0,0,0,0,0,0,0,0,0,0,0,0,0,0,0,0,0,0,0,0,0,0,0,0,0,0,0,0,0,0,0,0,0,0,0,0,0,0,0,0,0,0,0,0
0,0,0,0,0,0,0,0,1,0,0,0,0,0,0,0,0,0,0,0,1,0,1,1,0,1,0,1,1,0,1,1,0,1,0,3,0,0,2,1,0,1,0,2,4,4,3,1,3,1,0,2,1,1,1,0,0,0,2,2,2,1,1,1,1,0,1,2,1,0,0,1,0,0,1,0,0,0,0,0,1,0,0,1,0,0,0,0,0,1,0,0,0,0,0,0,0,0,1,0,0,0,0,0,0,0,0,0,0,0,0,0,0,0,0,0,0,0,0,0,0,0,0,0,0,0,0,0,0,0,0,0,0,0,0,0,0,0,0,0,0,0,0,0,0,0,0,0,0,0,0,0,0,0,0,0,0,0,0,0,0,0,0,0,0,0,0,0,0,0,0,0,0,0,0,0,0,0,0,0,0,0,0,0,0,0,0,0,0,0,0,0,0,0,0,0,0,0,0,0
0,0,0,0,0,0,0,0,0,0,0,0,0,0,0,0,0,0,0,0,0,0,1,0,1,1,0,5,2,0,1,2,0,1,1,0,0,1,3,2,0,0,0,0,2,0,1,1,2,2,1,0,2,1,1,3,4,0,0,2,0,1,2,1,1,0,0,1,1,0,0,1,0,0,0,1,0,0,0,0,1,0,0,0,0,0,0,0,0,0,0,0,0,1,0,0,0,0,0,0,0,0,0,0,0,0,0,0,0,0,0,0,0,0,0,0,0,0,0,0,0,0,0,0,0,0,0,0,0,0,0,0,0,0,0,0,0,0,0,0,0,0,0,0,0,0,0,0,0,0,0,0,0,0,0,0,0,0,0,0,0,0,0,0,0,0,0,0,0,0,0,0,0,0,0,0,0,0,0,0,0,0,0,0,0,0,0,0,0,0,0,0,0,0,0,0,0,0,0,0
0,0,0,0,0,0,0,0,0,0,0,0,1,0,0,0,0,0,0,0,1,0,0,2,1,0,0,0,2,0,2,0,1,0,1,1,1,1,1,1,0,0,1,2,0,2,2,0,1,1,1,0,0,2,1,0,2,0,0,0,1,0,1,2,0,2,0,0,0,3,1,0,0,0,0,0,1,0,0,0,0,0,0,0,0,0,0,0,0,0,1,0,0,0,0,0,0,0,0,0,0,0,0,0,0,0,0,0,0,0,0,0,0,0,0,0,0,0,0,0,0,0,0,0,0,0,0,0,0,0,0,0,0,0,0,0,0,0,0,0,0,0,0,0,0,0,0,0,0,0,0,0,0,0,0,0,0,0,0,0,0,0,0,0,0,0,0,0,0,0,0,0,0,0,0,0,0,0,0,0,0,0,0,0,0,0,0,0,0,0,0,0,0,0,0,0,0,0,0,0
0,0,0,0,0,0,0,0,0,0,0,0,0,1,0,0,0,0,0,0,0,0,1,0,0,0,0,0,2,0,2,1,0,3,1,2,0,0,1,1,0,1,1,1,0,0,1,0,1,0,0,2,3,1,0,0,1,2,1,1,0,0,2,0,0,1,1,1,0,0,0,1,0,0,0,1,1,0,0,0,0,0,1,0,0,0,0,0,0,0,0,0,0,0,0,0,0,0,0,0,0,0,0,0,0,0,0,0,0,0,0,0,0,0,0,0,0,0,0,0,0,0,0,0,0,0,0,0,0,0,0,0,0,0,0,0,0,0,0,0,0,0,0,0,0,0,0,0,0,0,0,0,0,0,0,0,0,0,0,0,0,0,0,0,0,0,0,0,0,0,0,0,0,0,0,0,0,0,0,0,0,0,0,0,0,0,0,0,0,0,0,0,0,0,0,0,0,0,0,0
0,0,0,0,0,0,0,0,0,0,0,0,0,0,0,0,0,0,0,0,1,0,0,0,0,0,0,0,0,4,0,0,0,0,1,1,3,0,1,0,0,0,2,1,1,0,1,1,1,2,1,3,2,0,2,0,1,0,1,0,2,0,0,0,1,0,1,1,1,0,0,0,1,1,0,0,0,0,0,0,0,0,0,1,0,0,0,0,0,0,0,0,0,0,0,0,0,1,0,0,0,0,0,0,0,0,0,0,0,0,0,0,0,0,0,0,0,0,0,0,0,0,0,0,0,0,0,0,0,0,0,0,0,0,0,0,0,0,0,0,0,0,0,0,0,0,0,0,0,0,0,0,0,0,0,0,0,0,0,0,0,0,0,0,0,0,0,0,0,0,0,0,0,0,0,0,0,0,0,0,0,0,0,0,0,0,0,0,0,0,0,0,0,0,0,0,0,0,0,0
0,0,0,0,0,0,0,0,0,0,0,0,0,0,1,0,0,1,1,0,0,0,0,1,1,0,3,0,1,0,1,1,0,0,0,0,1,1,0,2,1,2,0,1,1,1,0,0,1,1,0,1,0,2,1,0,0,2,0,1,1,0,0,1,0,0,0,1,1,0,0,1,0,0,0,0,0,2,0,0,0,0,1,0,1,0,1,0,0,0,0,0,0,0,0,0,0,0,0,0,0,0,1,0,0,0,0,0,1,0,0,0,0,0,0,0,0,0,0,0,0,0,0,0,0,0,0,0,0,0,0,0,0,0,0,0,0,0,0,0,0,0,0,0,0,0,0,0,0,0,0,0,0,0,0,0,0,0,0,0,0,0,0,0,0,0,0,0,0,0,0,0,0,0,0,0,0,0,0,0,0,0,0,0,0,0,0,0,0,0,0,0,0,0,0,0,0,0,0,0
0,0,0,0,0,0,0,0,0,0,0,0,0,0,1,1,0,0,0,1,0,2,0,0,0,1,0,2,1,0,0,0,0,0,0,0,0,2,0,1,0,0,0,1,0,0,2,1,1,1,1,1,0,1,3,0,0,0,0,0,2,0,1,1,0,0,1,1,0,0,0,0,0,1,0,0,0,1,0,1,0,1,0,0,0,0,1,0,0,0,0,0,0,0,0,0,0,0,0,0,0,0,0,0,0,0,0,0,0,0,0,0,0,0,0,0,0,0,0,0,0,0,0,0,0,0,0,0,0,0,0,0,0,0,0,0,0,0,0,0,0,0,0,0,0,0,0,0,0,0,0,0,0,0,0,0,0,0,0,0,0,0,0,0,0,0,0,0,0,0,0,0,0,0,0,0,0,0,0,0,0,0,0,0,0,0,0,0,0,0,0,0,0,0,0,0,0,0,0,0
0,0,0,0,0,0,0,0,0,0,0,0,0,0,0,1,1,0,0,0,0,0,1,0,0,0,2,0,1,0,0,1,1,0,1,0,0,2,1,1,0,1,2,3,3,2,0,2,1,2,1,3,0,0,1,0,1,0,0,0,0,1,1,0,0,1,1,2,0,1,0,0,0,1,1,0,1,0,0,0,0,0,0,0,0,1,0,0,0,0,0,0,0,0,0,0,0,0,1,0,0,0,1,0,0,0,0,0,0,0,0,0,0,0,0,0,0,0,0,0,0,0,0,0,0,0,0,0,0,0,0,0,0,0,0,0,0,0,0,0,0,0,0,0,0,0,0,0,0,0,0,0,0,0,0,0,0,0,0,0,0,0,0,0,0,0,0,0,0,0,0,0,0,0,0,0,0,0,0,0,0,0,0,0,0,0,0,0,0,0,0,0,0,0,0,0,0,0,0,0
0,0,0,0,0,0,0,0,0,0,0,0,1,0,0,0,0,0,0,0,0,0,1,0,0,0,1,1,0,0,0,0,0,0,2,3,0,1,0,1,1,0,1,2,1,1,2,1,2,1,2,0,1,1,3,0,2,3,0,0,0,0,0,1,1,1,0,0,0,0,0,0,0,2,1,0,0,0,0,0,1,0,0,0,0,0,0,0,0,0,0,0,0,0,0,0,0,0,0,0,0,0,0,0,0,0,0,0,0,0,0,0,0,0,0,0,0,0,0,0,0,0,0,0,0,0,0,0,0,0,0,0,0,0,0,0,0,0,0,0,0,0,0,0,0,0,0,0,0,0,0,0,0,0,0,0,0,0,0,0,0,0,0,0,0,0,0,0,0,0,0,0,0,0,0,0,0,0,0,0,0,0,0,0,0,0,0,0,0,0,0,0,0,0,0,0,0,0,0,0
0,0,0,0,0,0,0,0,0,1,1,0,0,0,0,0,0,0,1,0,1,1,0,1,0,1,0,0,1,0,0,0,0,0,1,1,0,0,0,1,0,1,2,0,0,0,1,2,0,1,2,1,1,0,1,1,0,2,0,0,1,1,1,0,0,0,2,1,0,1,1,0,0,0,0,1,1,1,1,0,0,0,0,0,0,0,0,0,0,0,0,0,0,0,0,0,0,0,0,0,0,0,0,0,0,0,0,0,0,0,0,0,0,0,0,0,0,1,0,0,0,0,0,0,0,0,0,0,0,0,0,0,0,0,0,0,0,0,0,0,0,0,0,0,0,0,0,0,0,0,0,0,0,0,0,0,0,0,0,0,0,0,0,0,0,0,0,0,0,0,0,0,0,0,0,0,0,0,0,0,0,0,0,0,0,0,0,0,0,0,0,0,0,0,0,0,0,0,0,0
0,0,0,0,0,0,0,0,0,0,0,0,0,0,0,0,0,0,0,0,1,0,0,0,0,1,0,0,0,1,0,0,1,1,0,0,0,0,0,1,0,1,2,1,0,1,1,3,2,2,2,1,1,0,2,0,0,0,1,0,0,0,0,1,1,0,1,0,1,0,0,0,0,0,0,0,0,0,0,0,0,0,0,0,0,0,0,0,0,0,0,0,0,0,0,0,0,0,0,0,0,0,0,0,0,0,0,0,0,0,0,0,0,0,0,0,0,0,0,0,0,0,0,0,0,0,0,0,0,0,0,0,0,0,0,0,0,0,0,0,0,0,0,0,0,0,0,0,0,0,0,0,0,0,0,0,0,0,0,0,0,0,0,0,0,0,0,0,0,0,0,0,0,0,0,0,0,0,0,0,0,0,0,0,0,0,0,0,0,0,0,0,0,0,0,0,0,0,0,0
0,0,0,0,0,0,0,0,0,0,0,0,0,0,0,0,0,1,0,0,0,1,0,1,0,1,1,1,0,0,0,0,0,0,0,0,2,3,2,1,0,1,0,0,1,4,0,1,1,0,0,1,1,1,4,1,2,0,0,0,0,1,0,0,1,1,1,0,1,2,0,0,1,0,0,2,0,1,0,0,0,0,0,0,0,0,0,0,0,0,0,0,0,0,0,0,0,0,0,0,0,0,0,0,0,0,0,0,0,0,0,0,0,0,0,0,0,0,0,0,0,0,0,0,0,0,0,0,0,0,0,0,0,0,0,0,0,0,0,0,0,0,0,0,0,0,0,0,0,0,0,0,0,0,0,0,0,0,0,0,0,0,0,0,0,0,0,0,0,0,0,0,0,0,0,0,0,0,0,0,0,0,0,0,0,0,0,0,0,0,0,0,0,0,0,0,0,0,0,0
0,0,0,0,0,0,0,0,0,0,0,0,0,0,0,0,0,0,0,0,0,0,0,0,1,0,0,0,0,1,0,0,0,1,0,1,1,2,0,0,0,0,0,0,0,0,0,0,2,1,0,1,0,0,1,1,0,1,1,0,0,0,4,1,2,0,1,0,0,0,0,1,1,0,0,0,0,0,0,0,0,0,0,0,0,0,0,0,0,0,0,0,1,0,0,0,0,0,0,0,0,0,0,0,0,0,0,0,0,0,0,0,0,0,0,0,0,0,0,0,0,0,0,0,0,0,0,0,0,0,0,0,0,0,0,0,0,0,0,0,0,0,0,0,0,0,0,0,0,0,0,0,0,0,0,0,0,0,0,0,0,0,0,0,0,0,0,0,0,0,0,0,0,0,0,0,0,0,0,0,0,0,0,0,0,0,0,0,0,0,0,0,0,0,0,0,0,0,0,0
0,0,0,0,0,0,0,0,0,0,0,0,0,0,0,0,1,0,0,0,1,0,0,0,0,0,1,0,1,0,0,0,0,1,0,1,2,1,1,1,0,0,0,2,2,0,0,1,0,0,0,1,0,1,1,1,0,2,0,0,1,0,1,2,1,0,0,0,0,1,0,0,0,0,0,0,0,0,0,0,0,0,0,0,0,0,0,0,0,0,0,0,0,0,0,0,0,0,1,0,0,0,0,0,0,0,0,0,0,0,0,0,0,0,0,0,0,0,0,0,0,0,0,0,0,0,0,0,0,0,0,0,0,0,0,0,0,0,0,0,0,0,0,0,0,0,0,0,0,0,0,0,0,0,0,0,0,0,0,0,0,0,0,0,0,0,0,0,0,0,0,0,0,0,0,0,0,0,0,0,0,0,0,0,0,0,0,0,0,0,0,0,0,0,0,0,0,0,0,0
0,0,0,0,0,0,0,0,0,0,0,0,0,0,1,0,1,0,0,1,0,0,1,1,0,1,0,1,1,1,1,1,2,0,1,0,0,1,1,0,1,3,1,3,1,0,2,0,0,1,1,0,0,0,2,0,1,0,2,1,1,0,3,0,0,1,0,0,1,0,0,1,0,0,0,0,1,0,0,0,1,0,0,1,0,0,0,0,0,0,0,0,0,0,0,0,0,0,0,0,0,0,0,0,0,0,0,0,0,0,0,0,0,0,0,0,0,0,0,0,0,0,0,0,0,0,0,0,0,0,0,0,0,0,0,0,0,0,0,0,0,0,0,0,0,0,0,0,0,0,0,0,0,0,0,0,0,0,0,0,0,0,0,0,0,0,0,0,0,0,0,0,0,0,0,0,0,0,0,0,0,0,0,0,0,0,0,0,0,0,0,0,0,0,0,0,0,0,0,0
0,0,0,0,0,0,0,1,0,0,0,0,0,0,0,0,1,0,0,0,0,1,1,0,1,1,0,0,1,2,1,1,0,1,2,0,0,0,1,1,0,0,1,1,1,1,1,1,0,0,1,1,0,0,1,2,0,0,3,0,2,1,0,0,0,0,0,1,1,0,0,0,0,0,0,0,0,0,0,0,0,0,0,1,0,1,0,0,0,0,0,0,0,0,0,0,0,0,0,0,0,0,0,0,0,0,0,0,0,0,0,0,0,0,0,0,0,0,0,0,0,0,0,0,0,0,0,0,0,0,0,0,0,0,0,0,0,0,0,0,0,0,0,0,0,0,0,0,0,0,0,0,0,0,0,0,0,0,0,0,0,0,0,0,0,0,0,0,0,0,0,0,0,0,0,0,0,0,0,0,0,0,0,0,0,0,0,0,0,0,0,0,0,0,0,0,0,0,0,0
0,0,0,0,0,0,0,0,0,0,0,0,0,0,0,0,0,0,0,0,0,0,1,1,0,0,1,0,2,0,0,0,0,1,0,1,1,0,0,0,0,2,1,1,0,1,0,0,1,0,2,0,0,1,0,0,0,0,1,0,0,0,0,1,1,0,0,1,1,0,0,0,1,0,0,1,1,0,0,0,0,0,0,0,0,1,0,0,0,0,0,0,0,0,0,0,0,0,0,0,0,0,0,0,1,0,0,0,0,0,0,0,0,0,0,0,0,0,0,0,0,0,0,0,0,0,0,0,0,0,0,0,0,0,0,0,0,0,0,0,0,0,0,0,0,0,0,0,0,0,0,0,0,0,0,0,0,0,0,0,0,0,0,0,0,0,0,0,0,0,0,0,0,0,0,0,0,0,0,0,0,0,0,0,0,0,0,0,0,0,0,0,0,0,0,0,0,0,0,0
0,0,0,0,0,0,0,0,0,0,0,0,0,0,0,0,0,0,0,0,0,1,0,0,0,1,0,0,0,0,1,0,1,1,0,0,2,2,0,1,3,0,0,0,0,0,0,0,2,0,0,0,0,0,2,0,2,1,0,1,1,2,0,0,0,0,0,0,0,0,0,0,0,0,1,1,0,0,0,0,1,0,0,0,0,0,0,0,0,0,0,0,0,0,0,0,0,0,0,0,0,0,0,0,0,0,0,0,0,0,0,0,0,0,0,0,0,0,0,0,0,0,0,0,0,0,0,0,0,0,0,0,0,0,0,0,0,0,0,0,0,0,0,0,0,0,0,0,0,0,0,0,0,0,0,0,0,0,0,0,0,0,0,0,0,0,0,0,0,0,0,0,0,0,0,0,0,0,0,0,0,0,0,0,0,0,0,0,0,0,0,0,0,0,0,0,0,0,0,0
0,0,0,0,0,0,0,0,0,0,0,0,0,0,0,0,0,0,0,0,0,0,0,0,1,0,1,1,0,0,0,0,1,0,1,0,0,1,0,0,1,0,0,2,0,0,0,0,0,1,0,2,0,0,2,3,0,2,0,1,0,0,0,1,2,0,0,0,3,0,1,0,0,0,0,0,1,0,0,0,0,0,0,0,0,0,0,1,0,0,1,0,0,0,0,0,0,0,0,0,0,0,0,0,0,0,0,0,0,0,0,0,0,0,0,0,0,0,0,0,0,0,0,0,0,0,0,0,0,0,0,0,0,0,0,0,0,0,0,0,0,0,0,0,0,0,0,0,0,0,0,0,0,0,0,0,0,0,0,0,0,0,0,0,0,0,0,0,0,0,0,0,0,0,0,0,0,0,0,0,0,0,0,0,0,0,0,0,0,0,0,0,0,0,0,0,0,0,0,0
0,0,0,0,0,0,0,0,0,0,0,0,0,0,0,0,0,0,0,0,0,0,1,0,0,1,0,1,0,0,1,0,2,0,0,0,0,0,2,0,1,1,1,1,0,1,1,1,0,1,2,1,0,0,1,0,0,1,0,1,0,1,1,0,1,1,0,0,1,1,1,1,1,0,0,1,0,0,0,0,0,0,0,0,0,0,0,0,0,0,0,0,0,0,0,0,0,0,0,0,0,0,0,0,0,0,0,0,0,0,0,0,0,0,0,0,0,0,0,0,0,0,0,0,0,0,0,0,0,0,0,0,0,0,0,0,0,0,0,0,0,0,0,0,0,0,0,0,0,0,0,0,0,0,0,0,0,0,0,0,0,0,0,0,0,0,0,0,0,0,0,0,0,0,0,0,0,0,0,0,0,0,0,0,0,0,0,0,0,0,0,0,0,0,0,0,0,0,0,0
0,0,0,0,0,0,1,0,0,0,0,0,0,1,0,0,1,0,0,1,0,0,0,0,0,0,0,0,0,1,1,0,0,0,2,1,1,0,0,1,1,0,0,0,2,1,1,1,0,0,0,0,0,0,0,1,1,0,1,1,0,0,0,2,0,2,0,1,1,2,0,0,1,0,0,0,0,1,1,1,0,0,0,0,1,0,0,0,0,0,0,0,0,0,0,0,0,0,0,0,0,0,0,0,0,0,0,0,0,0,0,0,0,0,0,0,0,0,0,0,0,0,0,0,0,0,0,0,0,0,0,0,0,0,0,0,0,0,0,0,0,0,0,0,0,0,0,0,0,0,0,0,0,0,0,0,0,0,0,0,0,0,0,0,0,0,0,0,0,0,0,0,0,0,0,0,0,0,0,0,0,0,0,0,0,0,0,0,0,0,0,0,0,0,0,0,0,0,0,0
0,0,0,0,0,0,0,0,0,0,0,0,0,1,0,0,0,0,0,0,0,0,1,1,0,1,0,0,1,0,2,0,0,1,0,1,0,1,0,1,0,1,1,0,1,1,4,0,1,0,1,0,2,1,0,1,0,0,0,0,0,0,1,1,0,2,0,0,0,0,0,0,0,0,0,0,1,0,0,0,0,0,0,0,0,0,0,0,0,0,0,0,0,0,0,0,0,0,0,0,0,0,0,0,0,0,0,0,0,0,0,0,0,0,0,0,0,0,0,0,0,0,0,0,0,0,0,0,0,0,0,0,0,0,0,0,0,0,0,0,0,0,0,0,0,0,0,0,0,0,0,0,0,0,0,0,0,0,0,0,0,0,0,0,0,0,0,0,0,0,0,0,0,0,0,0,0,0,0,0,0,0,0,0,0,0,0,0,0,0,0,0,0,0,0,0,0,0,0,0
1,0,0,0,0,0,0,0,0,0,0,0,0,0,0,0,0,0,0,0,1,0,0,2,1,0,0,0,0,0,0,0,0,0,0,0,0,0,1,0,1,0,1,2,2,1,0,0,0,1,1,1,1,1,1,0,0,1,0,1,0,0,1,0,0,2,0,0,0,0,1,1,1,0,1,0,0,0,0,0,0,0,0,0,0,0,0,0,0,0,0,0,0,0,1,0,0,0,0,0,0,0,0,0,0,0,0,0,0,0,0,0,0,0,0,0,0,0,0,0,0,0,0,0,0,0,0,0,0,0,0,0,0,0,0,0,0,0,0,0,0,0,0,0,0,0,0,0,0,0,0,0,0,0,0,0,0,0,0,0,0,0,0,0,0,0,0,0,0,0,0,0,0,0,0,0,0,0,0,0,0,0,0,0,0,0,0,0,0,0,0,0,0,0,0,0,0,0,0,0
0,0,0,0,0,0,0,0,0,0,0,0,0,0,0,0,0,0,0,0,1,0,0,0,1,0,0,1,1,0,1,1,0,1,1,0,2,1,1,1,3,0,0,0,1,1,1,0,1,0,0,0,0,0,1,2,1,0,1,1,0,1,0,0,1,0,1,0,0,1,0,0,0,0,0,0,0,0,0,0,0,0,0,0,0,0,0,0,0,0,0,0,0,0,0,0,0,0,0,0,0,0,0,0,0,0,0,0,0,0,0,0,0,0,0,0,0,0,0,0,0,0,0,0,0,0,0,0,0,0,0,0,0,0,0,0,0,0,0,0,0,0,0,0,0,0,0,0,0,0,0,0,0,0,0,0,0,0,0,0,0,0,0,0,0,0,0,0,0,0,0,0,0,0,0,0,0,0,0,0,0,0,0,0,0,0,0,0,0,0,0,0,0,0,0,0,0,0,0,0
