3,2,4,1,2,0,2,4,1,3,4,4,8,0,8,6,5,7,9,10,17,11,13,11,21,21,26,31,28,33,44,32,54,55,67,50,64,74,56,77,90,100,94,109,118,131,149,133,146,157,164,165,174,208,197,209,239,212,239,248,305,257,291,293,321,325,330,377,360,343,368,359,377,436,443,414,417,447,409,412,424,426,437,451,424,453,444,403,410,439,443,398,388,406,402,390,443,385,328,370,310,369,324,306,344,269,277,237,269,247,242,227,250,218,183,162,186,149,162,151,121,120,106,91,100,93,82,92,72,77,50,63,49,55,57,46,26,33,29,26,15,24,22,26,13,13,13,10,11,11,6,2,8,6,4,3,7,2,6,5,0,1,0,0,3,1,1,0,0,1,0,1,0,0,0,2,0,0,0,0,0,0,1,0,0,0,0,0,0,0,0,0,0,0,0,0,0,0,0,0
1,2,1,4,0,2,1,1,3,2,2,1,11,1,3,6,7,10,12,10,14,26,17,21,15,25,16,28,31,33,43,33,42,48,48,60,79,83,73,101,81,103,96,107,122,107,133,135,147,169,177,189,200,225,207,208,243,241,271,269,292,319,288,307,331,301,341,390,356,351,372,415,394,426,414,434,416,461,405,437,424,445,404,445,393,430,399,396,380,414,397,425,344,405,362,371,377,365,343,348,299,313,263,265,272,286,245,257,251,224,213,207,215,180,184,162,146,151,161,132,107,133,124,113,92,86,80,68,87,69,65,65,55,47,47,49,43,29,30,14,22,25,33,25,13,17,8,18,11,16,9,13,6,7,1,5,4,4,3,6,2,5,2,3,1,0,2,0,0,0,0,1,0,0,0,0,0,0,0,0,0,1,0,0,0,0,0,0,0,0,0,0,0,0,0,0,0,0,0,0
0,1,2,0,1,2,1,5,1,2,5,4,11,4,6,6,6,8,5,14,13,16,21,26,18,27,14,24,33,28,36,52,55,57,51,48,80,86,82,65,89,103,99,117,115,121,145,133,153,177,174,189,183,194,209,237,253,224,280,254,264,265,324,312,324,343,343,348,339,329,385,371,444,370,388,420,424,426,410,397,398,424,423,430,387,389,386,366,363,425,439,391,348,352,320,340,364,348,349,328,309,279,280,282,280,256,238,234,217,220,242,191,213,192,148,152,170,141,132,104,108,120,99,99,106,99,84,72,69,57,53,54,54,35,39,37,39,39,35,19,29,20,17,26,15,14,15,9,11,5,9,7,7,3,6,5,4,2,6,4,0,3,1,0,3,2,5,0,0,0,0,3,0,0,0,0,1,0,0,0,0,0,0,0,0,0,0,0,0,0,0,0,0,0,0,0,0,0,0,0
1,2,4,1,0,2,0,1,1,9,3,2,6,2,7,7,6,5,9,10,13,19,15,20,31,24,33,29,31,38,30,42,33,51,54,62,65,79,87,75,82,106,99,110,121,121,151,122,148,146,186,184,199,199,204,198,230,224,264,236,276,299,268,317,307,332,320,348,380,343,340,378,384,389,409,430,384,399,376,377,373,416,418,412,392,380,381,392,386,380,379,375,336,362,360,308,322,337,319,327,296,291,268,235,231,211,220,235,224,209,214,184,209,165,167,147,135,131,126,131,124,99,100,98,87,64,67,72,75,72,55,64,67,46,39,31,41,33,30,34,21,28,26,19,19,9,18,11,11,6,4,9,1,6,5,1,0,1,4,3,0,2,3,1,0,1,6,0,0,0,0,0,0,0,0,0,0,0,0,0,0,1,1,0,0,0,0,0,0,0,0,0,0,0,0,0,0,0,0,0
1,0,0,0,0,3,1,0,2,6,3,5,2,1,6,14,5,6,14,12,13,12,13,10,29,29,28,32,32,26,42,57,39,46,59,50,71,76,74,76,101,85,95,110,100,129,130,140,144,159,141,195,185,206,236,199,219,249,266,249,258,299,251,300,347,310,339,377,345,328,331,363,343,374,368,398,435,364,389,402,389,385,396,370,426,393,408,367,371,350,390,355,349,353,307,337,355,318,315,300,264,288,240,255,244,248,221,243,202,184,185,184,206,154,138,132,143,128,123,115,119,89,84,90,69,84,66,70,78,56,57,50,50,42,40,42,22,32,23,18,21,18,16,25,14,14,14,11,17,11,8,8,5,7,3,7,3,0,3,6,3,1,4,0,2,2,3,0,1,1,0,1,0,0,0,1,0,0,0,0,0,0,2,0,0,1,0,0,1,0,0,0,0,0,0,0,0,0,0,0
1,1,1,4,1,2,1,1,6,0,2,2,9,3,4,4,10,5,15,10,21,15,8,16,21,17,20,22,40,34,38,46,51,50,41,71,82,82,85,82,96,80,117,108,125,114,130,136,163,167,180,205,198,208,229,200,219,243,255,260,279,288,275,316,318,299,355,356,325,311,332,376,353,364,391,366,397,355,372,382,356,369,384,414,363,395,350,381,344,364,355,344,289,313,305,323,320,305,298,315,290,252,282,234,212,217,188,198,200,176,176,158,177,167,131,129,134,132,123,93,100,90,100,89,86,78,64,57,67,53,48,45,47,47,39,31,28,31,27,21,22,12,15,21,8,12,7,11,7,9,5,4,7,7,6,8,4,2,2,2,4,1,2,1,1,0,2,0,0,2,0,0,0,0,0,0,0,0,0,0,0,0,0,0,0,0,0,0,0,0,0,0,0,0,0,0,0,0,0,0
2,0,2,4,1,0,2,0,1,8,2,3,7,6,9,7,9,5,6,7,11,15,22,12,27,27,22,34,39,45,35,35,40,53,63,72,68,65,80,96,83,98,88,101,112,120,148,122,152,172,175,186,186,205,196,206,243,236,231,286,280,271,279,314,265,328,322,358,337,306,324,340,390,335,384,366,392,351,363,380,387,403,343,346,339,379,389,359,311,337,347,339,288,300,295,318,326,284,312,314,277,264,239,229,215,240,204,190,215,189,172,142,172,165,122,121,148,98,120,86,84,89,72,71,80,96,61,55,57,50,51,36,37,31,33,28,37,29,36,18,23,14,25,21,15,13,15,11,13,10,7,9,7,6,4,5,2,0,5,2,2,0,0,0,0,2,3,1,0,0,0,0,0,0,0,0,0,0,0,0,0,0,0,0,0,0,0,0,0,0,0,0,0,0,0,0,0,0,0,0
2,1,2,1,1,3,2,3,1,7,3,0,6,3,9,7,4,4,11,8,11,17,15,18,26,29,23,31,36,29,39,35,41,55,53,57,104,69,75,75,97,93,104,110,116,134,153,137,146,161,167,183,171,218,216,193,268,224,229,260,243,267,282,282,318,317,304,319,331,346,313,341,393,341,380,355,346,355,388,344,408,351,346,366,329,364,363,322,299,316,319,344,301,275,274,302,277,298,278,257,246,232,238,173,221,203,169,180,174,173,150,150,138,126,134,115,130,121,98,108,80,74,84,69,76,55,67,57,51,50,52,42,42,31,28,34,17,26,18,17,19,15,20,15,8,5,18,14,9,5,9,2,6,9,5,1,1,0,1,3,2,3,1,0,0,0,1,1,0,0,0,2,0,0,0,0,0,0,0,0,0,0,0,0,0,0,0,0,0,0,0,0,0,0,0,0,0,0,0,0
1,1,1,0,2,3,1,1,3,4,4,4,7,7,5,4,7,6,14,15,17,19,11,18,32,22,22,27,31,33,40,39,36,38,57,44,73,72,72,83,92,80,111,113,119,137,115,136,129,160,190,180,208,216,204,202,219,239,254,265,279,304,301,284,308,329,307,348,286,322,290,351,349,367,323,353,338,359,358,340,318,382,352,331,327,350,358,320,325,310,318,300,308,301,301,282,321,257,285,249,214,215,238,219,211,211,170,159,165,132,163,150,144,133,125,104,107,91,75,99,88,60,83,82,69,64,55,48,54,42,42,46,36,35,35,31,22,39,14,21,21,15,12,9,20,7,9,10,9,7,4,8,5,6,2,1,0,0,3,1,0,1,1,3,1,1,2,0,2,1,0,1,0,0,0,0,0,0,0,1,0,0,1,0,0,1,0,0,0,0,0,0,0,0,0,0,0,0,0,0
4,3,4,2,2,1,0,1,4,3,5,2,5,3,7,7,7,7,8,11,16,14,13,13,28,28,21,29,24,27,28,37,43,45,59,64,66,82,70,72,86,83,101,108,112,123,117,126,142,167,170,177,187,211,194,206,248,248,224,275,264,250,283,315,298,296,317,333,307,323,296,307,350,326,337,349,385,355,329,317,320,319,325,314,333,333,332,275,305,308,300,319,267,254,271,271,242,268,243,267,205,229,198,186,195,171,153,184,175,160,139,136,160,133,111,123,121,112,96,91,80,88,85,62,64,51,40,62,42,44,34,43,37,42,37,28,25,19,21,17,17,12,20,17,7,7,11,13,11,8,4,4,5,6,2,5,2,0,3,2,0,3,1,0,0,1,1,1,0,1,0,2,0,0,0,0,0,0,0,0,0,0,0,0,0,0,0,0,0,0,0,0,0,0,0,0,0,0,0,0
4,4,3,4,2,1,1,4,2,1,2,3,5,1,5,4,8,10,9,11,20,17,14,12,22,18,33,28,24,36,32,39,42,47,66,65,67,74,83,63,92,80,111,120,136,119,120,134,169,188,167,213,186,212,207,198,232,217,254,245,260,292,262,282,298,260,311,288,327,318,308,310,324,343,325,319,338,340,322,340,333,363,334,317,315,343,318,331,247,308,293,287,282,275,276,246,241,249,243,260,194,208,202,184,180,185,145,161,158,151,149,125,140,124,134,107,104,99,90,86,83,59,75,60,67,60,39,70,53,28,43,27,40,35,26,39,24,17,23,16,15,15,13,14,8,8,6,13,8,4,8,5,2,7,4,2,7,1,1,1,2,1,2,1,1,0,2,0,0,0,0,1,0,0,0,0,0,0,0,0,0,0,0,0,0,0,0,0,0,0,0,0,0,0,0,0,0,0,0,0
1,4,5,0,1,0,1,4,1,5,3,2,5,2,8,4,4,4,8,14,18,13,16,21,26,26,24,31,37,31,24,42,48,53,53,54,60,79,79,64,87,100,117,126,113,92,121,122,171,169,156,168,177,191,187,203,216,221,249,240,256,237,289,298,309,282,316,312,311,283,310,287,321,331,294,322,321,346,291,336,326,328,316,293,304,314,311,274,290,301,277,256,254,265,227,232,286,247,231,236,164,211,197,160,216,198,172,145,147,128,142,103,143,107,120,104,98,88,91,87,80,57,62,66,51,43,47,43,46,47,36,47,36,21,19,27,31,30,22,14,14,15,12,10,13,12,9,6,5,13,4,4,4,7,8,2,4,0,6,2,2,1,0,0,2,3,0,2,1,0,1,0,0,1,0,0,0,0,0,0,0,0,0,0,0,0,0,0,0,0,0,0,0,0,1,0,0,0,0,0
0,1,3,1,1,1,2,3,2,2,1,4,10,3,5,10,9,7,6,8,14,17,11,17,31,21,26,22,29,28,37,51,39,57,54,48,45,72,82,68,74,78,103,102,127,116,123,125,142,163,174,183,197,226,193,169,228,204,240,191,248,253,271,275,307,279,291,319,301,299,289,284,330,323,333,333,320,315,301,327,312,294,311,301,293,300,273,270,268,261,273,274,257,261,242,209,237,261,244,231,203,181,197,187,201,152,135,153,170,142,128,137,109,109,101,100,83,105,87,85,80,54,85,50,55,45,51,40,52,30,28,35,32,37,17,30,22,19,14,13,17,10,20,11,6,8,10,9,9,7,6,5,2,5,4,3,3,2,2,1,0,4,1,0,1,0,0,0,0,2,0,0,0,0,0,2,1,0,0,1,0,1,0,0,0,1,0,0,0,0,0,0,0,0,0,0,0,0,0,0
1,1,2,3,1,1,2,3,3,8,4,4,6,4,10,4,9,9,10,4,16,10,14,13,28,30,22,26,30,49,33,32,60,41,64,54,71,63,79,75,80,96,99,101,116,117,107,118,160,158,177,152,165,216,192,207,183,223,249,235,243,279,253,270,286,270,254,290,291,310,302,273,338,294,290,337,322,304,284,308,292,301,288,297,292,294,308,283,252,287,269,234,249,214,233,260,218,211,213,222,171,184,156,168,165,163,148,137,135,123,133,106,128,99,81,82,97,75,75,83,73,61,59,58,51,44,36,39,31,42,43,34,32,26,28,21,23,23,17,24,14,11,10,11,8,6,8,10,8,3,7,2,9,3,5,1,3,0,1,2,2,1,1,1,1,0,1,1,1,0,0,1,0,0,0,0,0,0,0,0,0,0,0,0,0,0,0,0,1,0,0,0,0,0,0,0,0,0,0,0
3,1,1,4,2,1,0,2,3,7,3,2,1,1,8,8,5,4,12,6,13,14,14,24,30,33,21,27,27,37,38,40,35,57,62,56,61,55,84,64,94,94,104,98,101,110,113,143,130,177,157,179,178,172,187,195,213,225,221,212,249,226,262,266,268,269,262,280,256,313,260,302,290,294,313,338,342,306,287,302,289,301,326,290,274,307,280,250,268,262,275,229,223,230,209,190,209,190,204,190,163,166,161,153,148,179,119,129,133,116,135,103,107,112,93,92,88,85,70,78,69,64,58,54,55,38,34,44,45,36,23,27,34,25,26,32,27,15,18,12,7,17,16,11,7,10,9,8,6,10,6,4,6,5,3,5,3,1,4,1,3,1,2,0,1,0,0,2,0,0,0,2,0,0,0,0,0,0,0,1,0,0,1,0,0,0,0,0,0,0,0,0,0,0,0,0,0,0,0,0
1,1,0,2,0,4,1,0,3,4,7,0,3,2,9,6,6,7,11,17,11,17,8,11,21,34,27,33,30,29,25,33,34,57,48,60,73,87,74,80,88,84,90,101,130,118,140,120,146,128,178,187,161,212,205,190,183,208,226,222,235,250,253,269,286,256,282,285,299,274,307,278,308,300,291,299,298,313,295,272,280,291,245,281,249,263,280,225,245,252,250,246,199,253,212,215,208,209,188,195,202,191,173,164,175,142,122,126,109,112,104,97,114,105,93,81,88,79,62,80,59,64,61,65,35,51,40,34,35,39,29,30,28,19,18,29,29,21,14,14,12,11,13,10,7,9,7,7,3,6,6,9,6,5,3,3,2,0,2,0,1,2,1,0,1,0,1,1,0,1,0,1,0,0,0,0,0,0,0,0,0,0,0,0,0,0,0,0,0,0,0,0,0,0,0,0,0,0,0,0
1,1,2,0,0,0,0,3,3,5,2,2,10,1,10,9,5,9,7,8,12,15,9,11,30,27,27,24,19,33,38,38,41,46,52,69,60,69,75,89,92,105,99,94,106,105,118,122,140,151,151,164,170,192,212,193,209,220,206,230,223,227,258,250,257,249,272,288,290,285,250,255,275,274,284,278,280,290,317,269,276,261,276,269,251,232,251,264,249,233,219,220,226,211,215,188,229,194,212,173,167,177,169,172,152,142,125,137,124,101,106,95,107,115,92,84,90,78,75,67,57,69,57,49,36,34,40,38,32,44,28,31,21,24,24,24,20,21,18,11,11,8,10,14,10,4,6,9,5,2,4,2,5,9,0,2,2,1,2,1,1,1,0,1,0,0,1,1,0,0,0,2,0,0,0,1,0,0,0,0,0,0,0,0,0,1,0,0,0,0,0,0,0,0,0,0,0,0,0,0
1,1,2,3,3,1,1,0,4,2,1,4,9,3,10,8,4,7,10,5,15,13,15,10,26,25,16,25,24,33,40,32,39,47,56,60,72,64,84,72,90,90,80,103,116,117,111,122,135,131,184,153,181,195,169,202,208,183,223,212,240,249,248,240,268,233,252,275,264,277,237,263,289,286,278,281,266,277,248,254,282,256,260,265,257,275,260,229,235,283,202,239,227,209,179,198,188,204,191,177,173,147,163,134,144,149,121,122,101,125,103,94,115,97,85,88,73,69,73,70,69,56,43,49,44,31,29,46,35,28,24,32,34,21,28,20,16,25,12,14,11,11,7,10,9,10,4,8,10,1,6,1,3,9,2,1,4,1,2,2,0,1,2,0,0,0,1,2,0,0,0,0,0,0,0,0,0,0,0,0,0,1,0,0,0,0,0,0,0,0,0,0,0,0,0,0,0,0,0,0
2,0,3,0,1,3,0,4,2,4,6,2,7,5,2,4,5,11,11,13,13,14,12,12,20,24,21,33,27,27,34,40,39,44,51,49,62,73,75,87,95,89,108,112,100,113,114,158,131,140,164,160,176,186,160,189,181,214,221,213,231,236,205,254,256,231,238,284,267,270,257,300,279,276,259,309,287,239,253,253,267,249,255,262,249,252,256,232,214,207,228,205,199,180,211,201,206,202,164,183,130,146,147,122,127,142,123,124,125,85,109,83,104,78,78,69,74,64,53,63,67,54,53,46,44,38,48,30,37,32,25,19,28,18,16,26,16,14,15,12,11,13,9,14,8,7,10,9,3,0,5,3,0,4,4,2,0,1,1,2,1,2,1,1,2,3,1,0,0,3,0,2,0,0,0,1,0,1,0,0,0,0,0,0,0,0,0,0,0,0,0,0,0,0,0,0,0,0,0,0
2,2,1,2,2,1,1,0,2,4,2,0,3,1,8,4,10,9,5,6,9,18,19,19,15,33,21,21,32,28,38,34,37,50,60,56,58,60,52,74,73,101,107,103,119,114,118,119,144,130,146,150,135,199,181,180,183,198,197,173,233,234,219,237,262,263,261,238,225,258,236,242,267,267,262,273,279,239,266,282,233,272,241,225,234,268,239,205,197,220,238,217,208,223,227,200,176,189,191,147,147,143,162,126,136,133,102,116,113,87,104,96,121,72,93,75,73,66,48,45,47,44,45,55,43,34,38,39,33,30,19,27,22,27,17,21,19,14,17,14,13,9,10,9,7,4,5,8,6,9,1,1,3,4,4,5,4,1,2,2,1,1,1,0,1,0,1,0,0,0,0,0,0,0,0,0,0,0,0,0,0,0,0,0,0,0,0,0,0,0,0,0,0,0,0,0,0,0,0,0
3,2,2,4,3,0,1,0,3,4,1,2,5,3,6,11,5,6,17,6,11,17,13,16,18,16,25,22,33,30,38,41,37,54,55,68,63,59,65,72,71,88,92,96,107,92,100,107,126,150,141,155,144,167,206,172,187,177,209,195,220,227,194,232,253,253,236,208,247,234,245,218,229,248,286,258,274,216,249,248,252,247,253,224,255,203,195,234,209,253,223,189,208,187,206,190,196,189,143,166,129,119,130,147,130,126,107,110,104,100,100,69,105,77,82,68,60,68,69,54,58,43,46,40,38,31,30,30,41,22,26,19,19,14,22,21,9,14,20,11,9,9,10,9,11,7,6,2,1,3,3,2,2,2,2,3,1,0,1,2,2,1,0,0,0,0,1,0,1,0,0,1,0,1,0,0,0,0,0,0,0,1,0,0,0,0,0,0,0,0,0,0,0,0,0,0,0,0,0,0
2,4,3,0,3,0,0,2,4,5,2,4,4,1,8,5,3,7,11,6,18,19,10,12,11,30,24,25,28,29,31,39,32,42,47,44,49,70,70,68,88,89,87,92,112,104,125,113,107,153,138,169,175,161,174,162,199,195,195,181,231,213,229,207,252,237,243,230,238,234,239,211,224,269,256,267,219,246,245,261,227,234,225,237,210,250,222,202,216,223,238,211,226,193,174,189,178,182,147,144,166,140,122,115,136,130,101,101,101,90,104,83,74,77,69,62,54,62,49,50,58,43,39,36,44,27,47,47,29,29,21,17,20,17,20,14,22,15,14,14,12,4,8,12,10,5,5,12,8,4,3,1,3,2,1,2,3,2,3,0,0,2,1,0,0,0,1,0,0,0,0,1,0,0,0,0,0,0,0,0,0,0,0,0,0,0,0,0,0,0,0,0,0,0,0,0,0,0,0,0
2,1,5,0,2,2,2,1,4,1,1,0,7,4,5,11,6,6,10,7,7,11,10,8,20,24,18,39,26,19,29,44,37,49,46,54,64,56,65,65,85,76,77,96,103,113,105,109,134,135,143,148,169,165,167,148,179,181,200,197,234,216,237,232,252,215,246,233,234,253,237,230,252,238,242,253,276,270,246,244,235,264,255,215,212,231,225,205,187,206,205,212,195,162,180,195,162,146,137,157,135,135,123,131,112,122,94,111,102,83,102,60,73,72,59,67,75,69,59,50,52,35,44,38,43,30,28,45,27,37,20,22,37,15,14,18,12,15,12,10,9,12,12,8,11,7,5,3,9,4,1,1,3,5,1,0,4,0,2,2,2,0,0,1,0,0,1,1,0,3,0,0,0,0,0,0,0,0,0,0,0,0,0,0,0,1,0,0,0,0,0,0,0,0,0,0,0,0,0,0
2,3,1,3,1,0,2,1,1,1,1,5,4,2,5,7,5,12,10,9,10,7,14,9,14,22,30,30,28,27,35,39,35,38,48,37,64,56,77,63,79,83,82,97,101,111,117,87,130,132,127,152,168,164,172,174,204,181,185,188,216,191,236,217,223,220,208,238,233,229,202,268,241,221,248,239,246,241,251,239,222,214,232,242,205,202,204,170,188,202,181,158,168,183,189,139,182,148,147,142,116,137,103,130,105,100,113,107,97,72,91,88,80,74,59,58,59,56,56,40,43,42,40,36,35,29,39,28,23,23,29,21,17,12,18,16,17,10,12,6,12,6,6,11,13,8,7,7,9,3,4,1,5,4,5,3,0,1,4,0,1,0,2,0,0,0,0,1,0,0,0,1,0,0,0,0,0,1,0,0,0,0,0,0,0,0,0,0,0,0,0,0,0,0,0,0,0,0,0,0
0,0,0,0,0,4,3,1,4,4,2,1,5,4,6,7,3,5,15,2,14,17,16,14,16,26,10,31,26,36,25,29,40,49,46,44,57,65,69,60,63,68,88,99,106,102,112,105,120,116,122,144,169,184,160,184,163,166,208,190,227,187,194,208,196,242,245,239,231,205,223,228,227,273,249,215,226,224,229,237,209,220,218,216,215,242,188,187,186,188,189,185,187,173,183,151,157,156,129,143,127,127,122,107,125,125,96,90,61,92,82,62,88,68,57,62,56,56,55,54,35,53,35,31,32,31,30,33,28,25,17,20,17,15,14,20,16,7,12,7,9,6,7,3,5,3,2,3,4,4,7,5,1,3,1,3,0,0,3,4,2,1,3,2,0,0,0,0,0,0,0,0,0,0,0,0,1,0,0,0,0,0,0,0,0,0,0,0,0,0,0,0,0,0,0,0,0,0,0,0
1,1,1,0,2,1,0,1,3,2,2,2,4,0,8,7,6,8,12,12,8,15,13,18,21,30,11,29,25,25,32,35,30,53,45,48,61,73,73,74,68,70,92,76,123,88,122,111,115,165,144,136,140,155,148,136,174,177,173,201,181,206,213,218,198,220,190,229,213,213,233,231,251,238,232,226,236,225,240,195,211,197,206,207,204,207,194,188,208,170,178,143,157,171,137,130,136,181,119,140,117,115,120,98,108,110,103,76,90,81,92,75,93,73,56,63,66,48,71,45,40,38,28,42,42,32,27,27,27,22,25,19,16,16,15,11,16,8,9,10,15,8,15,6,6,1,2,6,2,5,3,8,2,1,2,2,4,0,0,1,3,0,1,0,0,2,0,0,0,0,0,1,0,0,0,1,0,0,0,0,0,0,0,0,0,0,0,0,0,0,0,0,0,0,1,0,0,0,0,0
2,0,1,1,0,1,1,2,1,2,2,2,7,1,6,2,9,8,11,15,13,14,12,18,22,24,22,26,25,24,25,26,41,44,42,50,57,70,57,63,62,80,66,94,91,118,96,116,120,134,119,169,170,141,159,134,160,179,162,201,210,175,201,201,231,211,211,241,199,210,243,203,245,225,239,217,234,229,199,214,195,198,205,189,180,228,181,188,165,168,187,186,141,174,135,128,160,130,137,148,124,130,95,87,84,101,94,89,81,70,87,57,69,79,56,57,57,39,38,47,47,42,32,30,26,24,23,27,18,23,17,23,16,10,11,17,12,8,11,9,12,5,9,6,6,5,4,5,5,9,1,0,2,5,2,0,2,1,3,0,1,2,0,0,0,0,0,0,1,0,0,1,0,0,0,0,0,0,0,0,0,0,1,0,0,0,0,0,0,0,0,0,0,0,0,0,0,0,0,0
3,1,2,2,1,2,0,0,4,4,1,5,4,0,5,4,4,7,8,13,12,4,8,9,15,30,17,31,22,35,38,27,35,40,60,54,69,69,71,68,80,89,69,79,92,92,96,96,123,134,145,144,145,156,153,174,170,160,186,160,200,184,193,199,210,220,192,207,219,191,205,197,212,215,241,229,230,214,215,188,184,178,200,171,175,206,174,174,168,164,173,140,127,146,151,134,147,143,150,128,101,107,92,101,100,101,90,83,81,66,74,57,69,63,64,49,55,36,41,38,46,38,33,33,34,18,27,32,18,17,18,29,12,16,10,14,12,14,16,9,8,11,9,5,5,7,5,3,5,0,3,2,1,3,4,3,2,0,0,0,2,0,1,0,0,3,1,0,1,0,0,2,0,0,0,0,0,1,0,1,0,0,0,0,0,0,0,0,0,0,0,0,0,0,0,0,0,0,0,0
0,2,2,3,0,1,1,1,1,4,5,6,8,6,6,5,5,9,16,13,10,6,10,15,29,20,21,30,15,30,33,32,36,48,42,49,48,52,66,51,60,92,83,90,86,116,84,89,112,130,138,149,131,122,137,157,145,165,191,176,210,189,176,201,205,208,197,215,202,203,199,209,231,203,198,212,194,206,200,206,201,221,190,195,179,190,189,147,154,147,175,146,139,150,136,143,122,137,93,143,96,113,94,103,83,90,66,70,79,75,57,62,74,56,48,47,42,54,34,48,40,27,31,47,34,35,33,29,29,23,12,13,17,14,14,16,15,10,7,3,7,6,11,6,3,7,3,5,5,1,2,2,2,6,1,0,0,0,1,3,0,0,0,1,0,0,1,1,0,0,0,1,0,0,0,0,0,1,0,0,0,0,0,0,0,0,0,0,0,0,0,0,0,0,0,0,0,0,0,0
3,1,1,1,0,1,2,4,2,5,2,3,5,5,5,7,7,6,9,13,12,7,14,10,16,22,21,33,21,20,29,34,26,41,42,58,56,63,71,55,86,88,74,77,81,94,97,102,120,121,134,109,129,143,134,157,173,140,173,169,191,188,182,179,214,201,210,219,204,195,200,201,215,227,180,220,213,219,235,196,205,195,194,165,165,172,159,174,165,163,153,160,129,130,136,124,143,103,108,121,93,110,104,84,83,89,85,78,69,65,59,55,80,53,45,61,56,56,40,31,40,32,37,41,33,25,18,31,21,20,20,18,10,18,10,17,16,8,11,8,10,10,3,10,4,5,3,0,4,1,2,3,0,4,1,0,0,1,0,3,1,2,3,1,1,0,1,0,1,0,0,0,0,0,0,0,0,0,0,0,0,0,0,0,0,0,0,0,0,0,0,0,0,0,0,0,0,0,0,0
1,2,1,1,1,1,0,1,1,2,0,4,2,3,4,6,7,7,7,10,22,13,5,10,21,12,23,34,19,24,31,32,44,43,42,43,62,48,66,43,66,70,89,86,104,77,95,109,123,139,157,135,131,165,170,153,140,174,147,162,180,178,180,190,186,195,185,201,193,187,210,187,189,198,186,229,231,207,181,179,170,191,194,168,170,178,176,158,145,148,153,142,133,131,135,131,128,108,130,118,108,100,102,86,96,83,76,75,73,79,55,57,72,50,47,46,55,46,43,43,34,33,35,35,28,26,19,13,21,21,12,15,18,11,12,13,17,16,5,10,8,11,4,9,4,3,5,5,4,0,0,1,1,2,2,4,2,0,0,1,1,2,1,1,0,0,1,0,0,0,0,0,0,0,0,1,0,0,0,0,0,0,0,0,0,0,0,0,1,0,0,0,0,0,0,0,0,0,0,0
0,0,2,1,3,2,1,1,4,3,4,2,3,1,7,8,6,2,14,11,15,13,12,9,7,20,20,17,24,32,31,30,42,35,37,50,60,59,61,45,64,102,67,93,93,101,94,89,134,133,106,125,131,148,137,168,171,169,161,167,173,184,176,174,190,186,196,201,184,194,175,168,208,201,171,190,181,156,177,188,177,162,178,166,174,154,160,164,139,162,165,143,125,137,129,125,135,113,92,116,85,83,101,75,84,60,61,74,87,62,61,55,56,49,45,36,54,31,21,33,36,31,42,19,24,24,19,20,19,21,15,16,25,19,10,9,11,9,7,7,5,5,8,4,2,4,4,4,3,1,2,4,1,3,3,1,0,1,1,0,0,0,0,0,0,0,0,1,0,0,0,0,0,1,0,0,0,0,0,0,0,0,0,0,0,0,0,0,1,0,0,0,0,0,0,0,0,0,0,0
1,2,1,3,2,0,1,0,2,5,0,0,3,5,4,4,6,2,10,7,21,16,7,18,23,18,19,31,20,30,32,35,28,34,53,47,52,53,66,70,75,76,72,80,87,85,100,92,119,131,131,114,119,132,132,138,153,156,158,185,171,165,173,213,191,178,172,179,185,195,211,187,222,203,193,182,214,182,170,190,166,163,179,164,147,189,134,132,130,157,155,144,128,133,124,129,110,99,95,90,99,104,86,57,91,60,73,80,71,52,71,63,62,56,46,43,43,50,33,34,33,22,35,31,23,15,18,15,17,17,13,17,12,9,11,9,15,10,7,6,9,7,4,3,3,1,6,2,3,2,0,1,1,2,0,0,1,0,0,1,1,0,0,0,0,1,2,0,0,0,0,0,0,0,0,0,0,0,0,0,0,1,0,0,0,0,0,0,0,0,0,0,0,0,0,0,0,0,0,0
1,0,3,1,2,0,1,0,4,6,1,4,3,0,4,5,7,10,9,12,14,17,12,18,22,25,16,21,24,24,17,29,34,32,43,42,58,52,63,60,72,67,78,84,94,86,93,96,100,144,126,121,123,161,146,136,130,166,170,166,184,163,172,172,175,190,199,193,185,170,174,191,173,179,156,222,204,169,173,169,172,180,159,177,131,149,160,141,134,140,127,137,144,123,97,109,123,114,111,116,103,89,91,87,75,97,62,72,59,47,77,51,55,45,45,49,37,26,41,34,35,28,21,31,16,26,23,18,20,21,14,18,17,13,9,4,15,13,11,11,2,10,6,6,6,1,5,3,3,1,2,6,0,3,0,0,1,2,0,0,3,0,0,0,0,2,1,1,0,0,0,0,0,0,0,0,0,0,0,0,0,0,0,0,0,0,0,0,0,0,0,0,0,0,0,0,0,0,0,0
0,2,1,1,2,1,0,0,1,1,4,2,4,2,3,3,8,9,14,10,7,12,16,13,19,28,15,18,30,19,20,30,33,48,43,41,44,58,50,67,61,67,86,77,104,91,94,87,107,119,139,116,130,166,111,117,152,161,153,140,140,162,164,181,177,170,169,196,175,166,160,169,175,213,173,184,188,173,177,152,154,168,128,130,159,152,162,139,148,137,133,133,102,113,124,135,102,94,90,103,92,77,73,77,70,68,71,60,83,68,50,56,58,54,49,34,34,34,27,36,30,22,29,43,23,28,18,21,18,16,12,14,17,18,10,11,9,12,4,12,3,5,3,6,5,3,0,4,3,3,1,3,0,1,2,3,2,0,0,0,0,0,0,0,0,0,0,0,1,0,0,1,0,0,0,0,0,0,0,0,0,0,0,0,0,0,0,0,0,0,0,0,0,0,0,0,0,0,0,0
2,0,2,1,2,1,0,0,2,1,1,2,2,2,8,5,3,5,12,5,13,12,11,9,17,19,14,21,20,16,26,28,37,35,43,51,58,57,55,53,71,80,62,67,75,80,71,96,108,123,97,122,129,145,120,123,143,132,165,169,166,160,165,178,173,180,175,205,169,165,172,146,182,183,171,185,181,152,147,153,157,178,157,140,149,168,157,149,149,126,138,119,88,111,120,100,109,108,95,109,89,68,89,56,76,74,73,59,68,57,60,51,48,69,39,36,27,24,43,39,26,27,22,31,23,20,20,13,17,16,11,9,10,11,17,12,13,10,6,5,5,4,6,6,4,6,3,3,3,1,3,1,2,3,0,3,4,0,1,2,1,0,0,0,0,1,1,0,0,0,0,0,0,0,0,0,0,0,0,1,0,0,0,0,0,0,0,0,0,0,0,0,0,0,1,0,0,0,0,0
1,2,4,3,1,2,3,0,0,4,1,2,3,1,5,2,7,6,5,9,12,11,9,9,20,22,12,20,26,24,28,37,47,46,47,55,56,52,44,43,48,82,74,92,79,89,84,71,98,106,118,120,119,152,124,136,134,148,145,124,176,162,132,133,150,159,168,195,183,172,124,155,163,175,182,189,180,177,163,140,151,163,174,173,134,150,137,129,140,134,145,132,99,112,109,103,123,98,78,84,81,68,72,77,76,84,65,60,57,39,58,44,43,61,31,38,42,35,37,26,35,27,19,25,28,23,15,22,13,16,12,13,7,8,4,10,11,11,7,8,4,4,5,3,3,3,4,2,0,1,5,3,0,4,1,2,1,0,1,1,1,0,0,1,1,1,1,2,0,0,0,0,0,0,0,0,0,0,0,0,0,0,0,0,0,0,0,0,0,0,0,0,0,0,1,0,0,0,0,0
1,1,2,0,1,2,1,1,2,0,0,3,6,3,4,7,4,2,8,6,7,11,9,6,14,21,18,20,26,20,26,39,32,38,39,47,46,43,53,48,50,55,85,71,90,101,81,75,107,95,102,123,112,122,139,123,159,141,133,136,158,153,141,168,162,157,171,151,171,163,151,174,165,158,144,150,163,159,156,153,159,175,149,132,146,137,135,133,110,105,111,115,115,116,114,91,99,106,81,90,76,71,83,68,65,58,62,58,62,55,55,54,63,33,41,40,51,32,37,27,36,20,21,17,16,15,14,17,21,25,9,10,13,14,5,8,6,7,9,5,8,4,7,7,3,4,4,4,0,1,1,0,3,4,1,2,1,0,1,1,0,0,1,0,0,0,0,0,1,1,0,1,0,1,0,0,0,0,0,0,0,0,0,0,0,0,0,0,0,0,0,0,0,0,0,0,0,0,0,0
0,1,0,2,0,2,2,3,0,2,2,1,7,4,3,6,6,3,5,8,11,15,6,7,29,26,23,19,19,29,27,23,24,33,32,31,46,40,51,60,66,68,67,70,95,87,92,85,91,110,111,107,104,137,130,107,132,126,128,148,161,146,152,148,168,176,160,182,168,151,166,133,172,168,154,158,154,156,143,144,153,134,140,138,145,131,154,133,122,111,116,102,109,94,106,88,104,90,90,89,76,67,60,63,68,55,54,68,45,58,57,44,54,38,40,37,40,31,42,35,29,26,26,24,16,15,14,20,17,14,14,15,9,6,9,10,10,10,14,6,6,10,7,5,1,2,4,5,4,3,2,2,1,1,2,0,1,1,1,2,1,0,1,0,1,2,0,0,0,0,0,0,0,0,0,0,0,0,0,0,0,0,0,0,0,0,0,0,0,0,0,0,0,0,0,0,0,0,0,0
2,3,3,1,1,0,0,2,5,1,3,0,4,1,7,10,2,6,5,6,16,12,7,17,16,17,17,22,15,17,28,28,27,30,32,42,48,63,46,53,57,73,64,67,74,79,94,73,93,112,102,103,116,127,116,133,122,131,130,145,140,154,150,147,155,152,155,169,137,163,137,156,192,143,160,146,169,158,152,147,117,141,130,160,131,125,109,114,107,104,117,114,105,86,112,99,117,107,87,90,70,72,87,78,63,55,69,51,48,37,57,29,45,38,57,39,24,34,23,27,23,20,18,30,28,18,18,15,17,14,8,8,15,9,4,7,11,3,9,5,8,6,6,7,5,2,4,0,1,3,2,2,1,3,1,2,1,0,2,1,0,0,1,0,0,0,1,0,1,1,0,0,0,0,0,1,0,0,0,0,0,1,0,0,0,0,0,0,0,0,0,0,0,0,0,0,0,0,0,0
1,0,0,0,2,2,1,0,3,3,1,2,2,2,5,7,3,9,3,6,6,17,7,12,20,16,20,26,20,21,18,30,31,20,40,37,45,53,50,38,52,59,61,71,69,79,90,73,90,108,94,112,108,125,112,120,138,116,138,126,134,124,131,163,135,157,145,152,159,155,147,135,138,142,143,156,159,151,134,132,137,135,125,131,137,139,140,129,113,94,117,106,82,91,90,89,96,86,72,82,70,78,74,51,75,55,57,54,48,46,44,54,43,35,31,33,40,25,24,23,25,18,17,26,20,13,17,19,18,10,5,10,12,9,12,3,8,6,6,2,4,5,4,6,2,2,1,4,3,5,0,4,1,2,0,2,0,0,2,1,0,0,1,0,0,0,0,0,0,0,0,1,0,0,0,0,0,0,0,0,0,0,0,0,0,0,0,0,0,0,0,0,0,0,0,0,0,0,0,0
1,3,1,1,0,2,1,0,0,1,1,2,5,3,4,5,4,5,10,8,8,14,8,12,21,20,17,19,12,24,33,35,36,35,42,43,44,57,50,45,60,60,66,66,72,67,71,66,86,89,102,120,114,124,127,113,142,109,114,119,145,157,146,157,145,142,138,159,166,157,164,148,140,159,148,140,143,152,153,128,137,144,146,125,123,143,123,109,89,105,115,96,84,78,99,93,86,81,69,65,73,63,64,66,71,61,57,52,38,57,40,51,40,43,37,29,30,32,26,30,28,30,29,26,22,17,17,23,12,11,10,9,11,8,5,10,8,6,3,2,5,4,6,4,4,4,3,2,2,1,0,3,1,5,1,1,2,2,1,0,0,2,0,0,1,1,0,1,1,0,0,0,0,0,0,0,0,0,0,0,0,0,0,0,0,0,0,0,0,0,0,0,0,0,0,0,0,0,0,0
3,0,3,1,1,2,0,0,3,0,1,3,3,3,3,5,4,10,11,7,12,9,9,11,9,13,18,16,19,10,23,21,18,34,37,38,50,46,60,46,49,66,54,63,57,78,85,83,87,89,99,114,98,133,118,101,126,134,145,140,142,134,121,144,140,127,127,161,148,147,119,145,155,156,150,129,141,150,134,118,143,132,139,124,111,123,110,102,101,106,88,109,90,97,95,79,92,91,70,73,61,67,62,61,58,55,49,42,48,42,45,40,35,34,34,24,41,28,22,22,20,17,18,21,20,16,11,17,5,10,12,12,10,4,5,6,11,5,11,6,3,2,3,3,2,1,4,2,2,0,1,0,1,3,1,1,1,0,1,0,0,0,0,1,0,0,1,0,0,0,0,0,0,0,0,0,0,0,0,0,0,0,0,0,0,0,0,0,0,0,0,0,0,0,0,0,0,0,0,0
0,2,3,1,1,5,3,1,3,3,1,0,5,1,2,3,3,10,5,11,8,14,11,8,13,16,22,20,24,22,26,20,32,45,33,50,44,36,48,36,60,47,61,72,78,81,75,81,102,84,100,96,108,118,100,108,143,113,128,105,148,155,120,154,142,140,175,148,147,155,136,114,143,148,154,132,134,133,131,146,119,122,122,126,109,99,99,104,119,89,114,94,91,77,81,87,80,64,68,74,68,69,62,51,55,58,49,35,51,44,39,37,39,29,32,24,31,27,21,21,17,18,17,16,17,9,16,15,13,13,10,16,9,7,7,8,8,4,5,3,5,5,4,7,2,3,3,1,2,3,3,2,1,0,2,1,1,0,0,1,0,0,2,0,0,0,1,0,0,1,0,0,0,0,0,0,0,0,0,0,0,0,0,0,0,0,0,0,0,0,0,0,0,0,0,0,0,0,0,0
0,0,3,2,1,2,1,1,2,1,1,2,3,1,8,3,8,5,4,9,10,15,10,5,23,19,22,17,16,15,20,22,25,45,44,47,42,58,45,45,45,51,59,54,68,60,62,70,98,99,104,97,115,103,104,115,122,115,113,117,124,137,129,125,137,133,155,158,140,140,119,132,126,143,126,139,134,121,128,134,103,114,112,112,108,118,120,110,95,103,102,75,93,105,95,82,74,83,78,73,53,56,50,45,45,57,45,68,58,41,47,43,25,26,28,28,29,26,22,26,22,19,13,18,20,14,11,18,7,11,9,14,11,6,5,6,4,6,8,5,5,4,2,6,2,1,1,3,2,1,0,2,2,0,0,1,1,0,1,1,1,0,1,0,0,1,0,0,0,0,0,0,0,0,0,0,0,0,0,0,0,0,0,0,0,0,0,0,0,0,0,0,0,0,0,0,0,0,0,0
0,0,2,1,0,1,2,0,0,2,2,1,1,5,12,1,10,8,10,6,6,10,5,10,11,9,15,14,20,10,24,29,21,30,35,35,41,48,50,48,42,49,61,69,66,82,66,83,87,95,95,82,105,108,113,116,110,124,116,134,126,133,139,119,141,153,115,165,152,146,126,127,166,135,137,141,144,123,118,117,135,102,126,112,99,105,96,93,96,95,107,81,103,83,92,86,71,69,65,75,57,56,55,52,56,49,42,52,39,28,37,38,38,26,28,28,32,31,19,14,24,14,20,23,10,16,13,13,16,8,9,12,8,8,6,10,7,7,8,4,6,5,6,4,4,2,1,2,7,0,2,1,1,2,1,1,1,0,1,4,1,1,0,0,0,0,0,0,0,0,0,1,0,0,0,0,0,1,0,0,0,0,0,0,0,0,0,0,0,0,0,0,0,0,0,0,0,0,0,0
0,0,3,1,0,1,0,2,2,1,3,2,3,2,2,7,6,4,5,6,12,13,5,6,18,12,13,22,19,15,34,26,24,43,35,29,44,49,45,42,41,58,61,65,64,77,72,67,82,83,83,95,118,111,101,113,109,117,106,98,113,122,117,119,123,120,132,141,119,134,124,118,144,141,136,132,144,136,141,145,108,107,124,98,112,93,89,109,91,106,88,78,75,82,78,97,93,74,64,65,57,48,77,50,58,54,51,41,49,38,41,33,42,38,19,32,20,22,24,24,18,12,16,11,15,16,7,9,10,9,9,6,9,11,13,8,12,4,6,3,4,2,2,3,1,3,2,3,2,3,2,1,0,2,0,0,0,0,1,0,0,1,1,0,0,0,0,0,1,1,0,0,0,0,0,0,0,0,0,0,0,0,0,0,0,0,0,0,0,0,0,0,0,0,0,0,0,0,0,0
1,0,2,0,1,1,3,0,2,3,2,4,3,2,6,4,5,4,7,8,9,2,7,10,12,19,18,20,15,16,14,22,29,22,30,31,50,52,47,42,59,54,51,77,66,66,86,69,73,92,86,109,101,92,98,82,101,135,112,129,112,110,123,128,128,131,127,138,138,134,109,130,151,127,136,131,121,118,122,109,99,120,109,120,107,121,97,95,91,96,100,101,78,82,79,71,80,72,65,81,63,45,61,49,47,44,31,47,40,47,31,32,31,23,28,25,24,30,26,21,28,18,19,22,26,14,11,16,14,8,9,12,7,7,9,6,7,5,10,3,4,2,4,3,3,6,1,4,2,2,3,3,1,0,0,0,0,1,0,1,0,1,0,0,0,0,0,0,0,0,0,1,0,0,0,0,0,0,0,0,0,0,0,0,0,1,0,0,0,0,0,0,0,0,1,0,0,0,0,0
3,3,2,1,0,3,1,1,3,0,3,1,5,1,2,2,3,2,8,6,8,11,6,4,14,7,14,15,14,25,24,24,30,17,35,43,44,38,43,34,40,56,56,56,59,59,57,72,85,93,77,83,92,94,100,77,100,102,113,116,130,112,117,122,130,131,125,124,122,120,126,123,120,121,129,143,131,122,138,120,87,115,126,104,110,115,93,108,104,85,100,95,68,82,64,77,67,61,71,58,67,46,50,47,59,36,33,33,38,39,26,27,30,23,22,35,28,21,31,26,17,22,13,16,12,9,12,9,9,11,6,9,10,9,5,8,10,6,2,9,5,1,2,3,5,2,3,1,3,0,1,0,1,1,2,1,0,2,1,0,1,0,0,0,0,0,0,1,0,1,0,0,0,0,0,0,0,0,0,0,0,0,0,0,0,0,0,0,0,0,0,0,0,0,0,0,0,0,0,0
0,1,2,0,1,0,0,0,4,1,0,1,5,1,6,3,6,2,6,6,13,9,14,10,17,13,15,17,23,16,22,21,30,30,35,27,34,38,40,33,51,59,54,51,57,58,57,64,86,82,72,86,89,92,94,96,101,99,109,98,122,126,102,125,148,124,131,116,121,136,123,110,123,113,125,118,123,123,95,108,119,84,109,102,101,111,87,76,82,84,88,73,86,99,69,76,76,67,58,66,48,57,46,38,47,48,45,31,39,34,35,19,35,35,24,16,23,24,22,21,14,22,17,13,17,13,14,17,14,7,7,10,4,10,8,5,6,4,3,4,1,1,5,2,5,0,1,4,1,1,2,2,1,4,0,0,0,0,0,3,1,0,0,1,0,0,0,0,0,0,0,0,0,0,0,0,0,0,0,0,0,0,0,0,0,0,0,0,0,0,0,0,0,0,0,0,0,0,0,0
1,2,2,0,1,1,0,0,2,0,0,0,2,1,4,3,4,4,7,3,6,15,9,6,16,19,14,13,13,15,9,15,14,28,30,36,33,33,40,50,56,41,49,63,64,73,71,73,74,84,93,77,87,86,102,80,106,88,90,111,92,143,92,110,136,107,129,115,101,109,123,115,122,116,130,92,125,103,102,124,103,104,101,121,77,84,89,83,86,70,77,78,77,68,68,68,63,63,48,50,35,55,54,40,37,51,42,39,36,40,48,47,28,21,34,17,18,18,18,18,19,19,21,15,16,17,17,10,9,6,12,10,7,8,4,7,6,4,6,8,4,4,8,4,2,2,2,4,0,2,5,1,2,0,1,2,0,0,1,0,0,2,0,0,0,0,1,0,0,0,0,0,0,0,0,0,0,0,0,0,0,0,0,0,0,0,0,0,0,0,0,0,0,0,0,0,0,0,0,0
0,1,1,1,2,1,1,1,2,4,1,3,1,1,4,1,4,1,5,16,9,7,6,10,18,12,11,20,18,21,14,19,31,33,36,28,38,28,56,34,52,38,55,66,60,81,69,65,87,76,93,73,91,92,78,84,108,100,99,95,118,130,115,108,129,80,138,130,120,111,96,92,122,111,98,116,115,90,98,103,113,92,97,103,81,108,93,68,88,70,82,70,81,70,65,77,59,55,49,47,49,34,50,37,48,41,36,37,36,28,35,23,35,30,29,26,25,31,17,15,21,13,17,16,14,16,10,13,8,11,9,14,7,4,5,6,5,2,5,5,4,5,4,3,2,2,1,0,6,2,1,1,0,1,0,0,3,0,0,0,1,0,2,0,0,0,1,2,0,1,0,0,0,0,0,0,0,1,0,0,0,0,0,0,0,0,0,0,0,0,0,0,0,0,0,0,0,0,0,0
1,2,0,0,1,0,0,0,1,1,2,4,1,2,5,7,5,4,6,5,10,5,4,6,6,18,17,18,17,23,14,18,23,28,35,34,40,42,37,30,42,43,51,53,67,68,56,65,73,87,95,85,81,92,93,76,78,113,100,100,89,114,100,91,118,112,114,107,116,106,109,111,115,107,106,123,117,102,112,100,102,101,80,114,91,90,98,85,71,86,77,90,55,77,73,65,53,47,46,62,55,50,44,41,44,29,38,38,40,23,26,19,30,24,17,22,15,23,11,19,14,19,17,13,15,7,15,12,12,8,7,10,4,6,8,7,4,8,2,4,2,4,1,3,4,1,3,0,2,2,1,0,1,3,0,0,0,0,0,0,0,1,1,0,1,0,3,0,0,0,0,0,0,0,0,0,0,0,0,0,0,0,0,0,0,0,0,0,0,0,0,0,0,0,0,0,0,0,0,0
0,0,5,1,1,1,1,1,3,1,2,0,2,2,3,4,5,3,6,6,9,9,8,8,8,20,5,14,17,17,15,19,22,24,38,23,34,43,48,48,44,48,51,55,66,51,62,50,71,84,75,95,97,101,67,82,98,99,97,90,103,106,91,115,104,108,90,123,120,102,88,105,106,123,97,91,102,94,100,86,100,96,103,86,88,86,78,85,66,76,75,60,63,73,70,49,58,52,57,69,42,48,50,43,43,37,39,27,31,24,19,24,36,23,18,22,20,20,23,18,10,16,16,13,12,8,13,14,11,3,9,12,6,5,4,7,2,4,1,8,3,2,2,1,2,1,2,2,3,0,2,2,0,2,1,2,1,0,0,1,1,0,1,0,0,0,0,0,0,0,0,0,0,0,0,0,0,0,0,0,0,0,0,0,0,0,0,0,0,0,0,0,0,0,0,0,0,0,0,0
1,1,1,1,1,0,3,0,4,1,1,2,2,3,0,3,2,4,8,7,7,9,7,4,8,14,11,17,7,19,16,26,18,15,42,33,36,40,35,32,45,50,58,59,62,58,66,62,59,80,87,78,98,108,87,101,105,97,106,103,113,112,116,90,98,101,119,99,100,121,103,100,123,124,108,120,97,101,91,106,93,77,84,96,79,84,82,72,77,74,51,67,56,56,53,59,57,57,54,48,45,42,42,34,40,46,37,41,31,22,24,33,23,29,25,24,30,25,22,15,15,18,7,17,9,10,9,12,9,6,8,13,2,6,4,5,5,3,4,4,5,2,3,1,2,0,1,4,1,1,3,2,2,2,0,0,1,0,0,0,0,0,1,0,0,0,0,0,0,0,0,0,0,0,0,0,0,0,0,0,0,0,0,0,0,0,0,0,0,0,0,0,0,0,0,0,0,0,0,0
0,0,1,0,1,2,0,0,4,0,0,2,2,0,4,4,2,3,5,5,5,12,6,4,13,13,16,20,19,16,13,25,29,34,27,41,39,35,33,44,42,35,46,56,61,68,47,71,70,70,100,86,87,79,100,64,92,87,94,85,94,118,116,115,100,99,112,112,101,84,99,75,117,98,98,112,108,105,111,74,81,82,87,70,84,82,82,72,72,73,80,62,58,57,69,60,59,44,62,56,51,52,44,36,49,37,31,24,32,28,38,25,18,19,17,15,20,18,18,20,19,19,6,12,8,17,12,6,8,11,10,4,11,4,8,7,7,2,2,1,2,1,3,6,0,1,1,0,2,1,1,0,1,1,0,0,0,1,1,1,0,0,0,0,0,0,0,0,0,1,0,1,0,0,0,0,0,0,0,0,0,0,0,0,0,0,0,0,0,0,0,0,0,0,0,0,0,0,0,0
0,2,2,0,1,1,0,2,2,0,2,1,4,2,0,2,3,6,6,6,6,7,8,9,15,20,16,22,22,18,21,24,24,27,26,25,34,28,31,39,38,45,48,51,58,58,44,55,63,84,72,73,91,94,99,71,82,81,91,95,106,87,91,89,74,82,90,115,94,93,106,108,104,88,89,85,104,109,83,95,73,60,77,87,74,77,71,58,80,71,70,60,56,54,65,47,60,56,53,53,48,41,38,33,40,38,21,23,32,36,37,28,20,19,19,30,17,21,17,15,18,13,18,9,10,7,7,17,9,6,11,8,5,3,3,6,5,7,4,2,1,3,2,0,4,2,1,5,1,0,2,0,0,1,1,1,1,0,0,0,0,1,0,0,1,0,0,0,0,0,0,0,0,0,0,0,0,0,0,0,0,0,0,0,0,0,0,0,0,0,0,0,0,0,0,0,0,0,0,0
0,1,2,2,2,0,1,0,1,2,2,2,1,0,3,2,2,1,4,1,6,12,10,8,8,18,15,14,15,18,14,24,23,18,28,23,39,36,31,40,48,51,43,53,55,65,58,60,72,62,74,70,85,84,80,81,108,94,79,91,93,106,96,110,100,101,107,106,109,101,92,89,113,85,119,96,88,99,94,98,64,92,77,88,74,89,91,62,60,66,62,54,60,63,59,48,68,59,36,43,50,53,38,38,33,35,20,38,29,28,29,21,20,26,25,17,21,21,19,11,17,11,7,11,13,7,11,6,6,12,4,11,6,2,4,6,2,3,0,2,4,2,1,1,1,0,1,1,1,1,0,2,0,1,1,0,1,0,0,1,1,0,0,0,0,0,0,0,0,0,0,1,0,0,0,0,0,0,0,0,0,0,0,0,0,1,0,0,0,0,0,0,0,0,0,0,0,0,0,0
0,0,0,0,2,0,0,0,0,4,1,1,5,0,4,10,1,3,11,8,9,11,10,4,12,9,8,10,13,14,14,23,17,23,27,36,39,30,38,26,36,48,53,56,48,59,43,62,76,78,67,71,75,95,72,88,82,64,78,100,94,88,98,80,85,96,87,91,108,103,81,101,92,105,92,118,108,101,86,81,80,87,77,71,76,54,78,56,66,65,59,56,68,49,54,70,52,70,46,36,39,33,41,28,44,35,23,29,27,22,18,17,21,22,17,22,12,17,20,8,15,7,7,12,8,7,9,10,8,7,8,9,5,5,7,10,5,7,6,3,2,2,1,4,2,3,1,2,0,1,0,0,0,4,1,2,0,0,0,0,0,0,0,0,0,0,0,0,0,0,0,1,0,0,0,0,0,0,0,0,0,0,0,0,0,0,0,0,0,0,0,0,0,0,0,0,0,0,0,0
0,1,1,0,2,2,0,0,4,1,0,1,3,0,2,3,3,5,6,1,11,5,7,7,2,11,5,13,16,17,21,19,24,30,25,35,28,29,35,36,32,47,57,53,51,58,56,43,66,60,76,72,78,71,83,67,80,70,86,53,93,70,97,91,96,82,83,97,92,103,108,90,75,93,92,92,103,77,87,86,84,86,88,70,52,58,70,71,45,59,69,55,67,46,49,45,47,48,44,36,36,35,47,31,28,30,30,22,31,20,28,19,25,20,21,15,16,16,18,16,9,17,14,19,12,5,10,8,9,8,10,7,5,8,7,2,5,3,5,4,3,2,2,2,1,2,1,1,0,1,1,0,1,0,1,0,1,0,0,0,0,0,0,0,0,0,0,0,0,0,0,0,0,0,0,0,0,0,0,0,0,0,1,0,0,0,0,0,0,0,0,0,0,0,0,0,0,0,0,0
1,1,2,0,1,1,1,0,1,5,1,2,3,1,4,5,6,2,4,4,5,9,5,5,11,12,11,14,16,16,20,22,22,19,30,20,30,28,30,36,32,33,48,48,51,50,56,50,59,60,79,78,71,73,69,82,73,77,83,76,88,83,100,83,104,115,102,101,100,74,73,88,95,100,95,72,104,89,72,87,64,58,59,75,75,79,61,55,60,52,55,48,43,60,49,66,58,41,42,46,46,38,44,38,31,26,29,28,22,19,27,21,27,19,19,19,18,19,18,15,19,10,11,17,5,7,10,3,9,4,6,6,5,8,6,2,2,3,4,3,2,1,2,3,1,1,1,2,2,1,0,1,2,2,0,1,1,0,0,0,0,0,0,0,0,0,0,0,0,1,0,0,0,0,0,0,0,0,0,0,0,0,0,0,0,0,0,0,0,0,0,0,0,0,0,0,0,0,0,0
0,0,0,0,1,0,1,1,4,2,1,2,7,2,2,1,8,2,2,3,5,7,5,3,10,12,17,11,18,10,25,23,11,31,32,21,24,41,32,34,41,39,41,34,66,47,36,41,62,84,54,80,74,81,72,62,76,74,77,84,95,70,83,84,83,82,105,102,83,88,79,100,88,82,92,76,87,83,76,77,89,95,92,60,68,71,76,67,51,52,50,58,49,49,52,45,55,60,48,43,41,28,42,28,35,27,33,26,36,31,25,24,21,25,14,15,14,18,13,15,12,8,12,8,11,7,8,9,4,1,4,4,7,5,5,3,3,1,2,2,1,2,0,3,3,0,0,1,0,1,1,0,3,0,0,1,0,0,0,0,0,1,1,0,2,0,0,0,0,0,0,1,0,0,0,1,0,0,0,0,0,0,0,0,0,0,0,0,0,0,0,0,0,0,0,0,0,0,0,0
1,0,2,0,2,1,0,0,4,1,0,1,6,2,2,4,4,4,4,7,5,5,9,11,11,13,9,17,10,18,19,17,18,27,23,13,40,38,32,28,22,48,36,54,52,47,53,47,53,73,72,49,78,80,71,66,68,83,74,81,94,97,70,106,90,77,81,83,92,90,75,78,104,93,92,87,100,72,73,67,81,63,77,74,75,64,53,60,66,54,58,64,47,33,51,64,47,49,38,44,34,25,30,36,38,25,27,20,25,26,25,21,25,17,17,13,25,13,7,10,11,9,12,12,11,9,4,11,9,4,5,2,8,7,1,4,7,4,1,0,0,2,3,2,1,3,1,0,3,0,0,0,0,1,1,0,0,0,1,0,0,0,0,0,0,1,0,0,0,0,0,0,0,0,0,0,0,0,0,0,0,0,0,0,0,0,0,0,0,0,0,0,0,0,0,0,0,0,0,0
1,0,2,0,2,1,0,1,1,0,0,3,4,0,1,3,0,1,6,6,5,5,4,8,7,11,12,18,14,19,19,15,19,25,24,31,21,32,33,28,40,39,36,40,49,42,48,49,58,55,59,69,62,67,65,71,63,77,69,61,71,79,84,91,64,71,72,77,90,82,70,81,96,62,95,77,83,61,95,86,81,79,72,78,56,67,65,66,64,58,51,51,45,42,58,43,39,30,38,45,31,38,24,35,37,23,27,32,21,17,24,22,22,17,11,22,18,12,16,12,8,9,8,9,10,9,8,3,3,8,8,11,5,6,2,3,4,3,2,8,1,2,4,3,3,1,1,1,4,1,1,0,1,3,0,0,2,1,0,0,0,0,1,0,0,0,0,1,0,0,0,0,0,0,0,0,0,1,0,0,0,0,0,0,0,0,0,0,0,0,0,0,0,0,0,0,0,0,0,0
0,0,0,0,0,0,1,1,0,2,1,0,3,1,1,4,2,0,2,5,6,6,5,9,10,15,17,19,21,15,12,20,19,21,19,31,29,32,33,31,38,34,31,45,49,48,58,51,65,65,65,47,66,57,56,67,54,66,66,62,97,85,83,86,84,80,91,89,82,66,70,73,69,79,66,98,73,73,60,79,65,74,64,51,67,60,52,53,46,49,62,53,47,57,46,47,50,35,36,40,30,35,37,25,22,27,23,20,17,19,27,20,17,22,14,9,15,13,12,9,8,13,11,8,10,4,11,11,5,2,2,4,3,3,2,4,5,2,1,4,4,3,1,2,1,0,1,2,4,2,0,0,0,0,2,0,0,1,1,0,0,0,0,1,0,0,0,1,0,0,0,0,0,0,0,0,0,0,0,0,0,0,0,0,0,0,0,0,0,0,0,0,0,0,0,0,0,0,0,0
2,1,0,1,0,0,0,1,2,1,1,1,3,0,1,4,1,4,4,6,4,9,6,12,15,10,11,12,20,12,17,14,13,27,26,22,27,23,40,27,34,38,36,42,37,44,49,60,63,47,60,52,73,82,61,58,57,69,76,72,91,73,77,88,77,88,81,77,74,86,80,69,74,87,79,92,77,69,68,74,61,81,63,49,68,72,58,56,46,59,46,38,39,43,44,31,35,38,35,29,38,28,41,28,36,25,26,24,23,15,18,16,14,13,17,14,15,13,13,22,15,13,11,7,5,8,10,4,9,5,10,3,11,5,2,2,5,5,2,2,3,1,2,1,0,1,0,1,1,1,1,0,1,1,0,0,1,0,0,0,0,0,1,0,0,0,1,0,0,0,0,0,0,0,0,0,0,0,0,0,0,0,0,0,0,0,0,0,0,0,0,0,0,0,0,0,0,0,0,0
0,1,0,0,2,2,1,1,3,0,0,2,3,2,2,2,1,1,5,8,5,7,4,4,8,8,9,11,11,13,17,15,23,19,25,21,31,28,31,24,26,35,34,45,49,35,45,52,55,67,57,55,59,72,57,66,60,76,68,65,69,69,77,99,67,68,71,98,55,64,60,86,75,75,76,76,60,62,59,65,69,57,66,45,62,54,48,59,48,54,60,39,48,34,39,43,37,34,37,34,38,25,23,29,19,22,25,21,28,20,21,14,16,23,15,11,13,6,16,11,9,18,11,4,3,5,9,6,1,4,5,6,2,4,5,3,6,3,1,3,3,1,2,3,1,0,1,0,1,0,2,2,2,3,0,0,1,0,0,0,0,0,0,0,0,0,0,0,0,0,0,0,0,0,0,0,0,0,0,0,0,0,0,0,0,0,0,0,0,0,0,0,0,0,0,0,0,0,0,0
2,0,0,0,1,0,0,0,1,1,0,2,4,3,3,0,8,5,3,7,8,7,6,6,14,10,9,8,7,19,17,13,19,20,24,28,35,24,34,33,28,30,47,50,56,53,52,53,48,40,62,66,67,72,59,54,66,61,67,90,76,69,69,84,81,76,66,75,64,75,77,66,65,76,69,86,85,67,68,72,48,47,57,66,62,54,65,50,53,47,47,42,40,44,39,35,33,35,33,32,41,30,25,16,28,32,25,18,17,18,16,18,17,17,20,9,14,15,10,10,11,11,5,5,8,5,6,6,7,1,3,6,3,1,8,5,6,2,4,2,0,0,1,4,2,1,0,1,1,0,0,0,2,0,2,0,0,0,1,1,1,0,0,0,0,0,0,0,0,0,0,0,0,0,0,0,0,0,0,0,0,0,0,0,0,0,0,0,0,0,0,0,0,0,0,0,0,0,0,0
0,1,0,0,0,0,1,1,4,4,1,0,2,0,2,5,3,4,3,5,7,8,9,8,7,10,6,14,16,16,14,25,12,19,22,20,19,17,31,30,42,34,34,40,39,41,43,36,47,71,55,57,60,62,74,61,58,80,72,75,71,65,77,82,79,62,73,78,57,47,64,61,67,64,67,67,60,59,71,57,58,62,42,60,48,57,50,48,52,43,44,43,38,36,46,29,43,43,31,36,35,33,22,21,22,29,29,21,14,20,18,14,17,18,21,15,14,15,10,7,9,5,7,14,10,11,5,10,9,3,2,6,3,2,3,3,4,4,5,1,1,1,2,2,0,0,0,2,1,1,1,1,0,0,0,1,0,0,0,0,0,0,0,0,0,0,1,0,0,0,0,0,0,0,0,0,0,0,0,0,0,0,0,0,0,0,0,0,0,0,0,0,0,0,0,0,0,0,0,0
1,1,0,1,0,0,1,0,0,2,3,1,2,1,3,3,5,5,5,7,3,9,7,11,6,8,9,10,10,13,17,20,20,15,14,16,24,15,29,32,30,43,30,31,43,30,44,40,64,69,65,55,59,60,61,46,69,57,72,76,75,68,78,76,70,71,81,63,72,58,70,61,68,69,80,73,71,67,71,62,50,57,53,42,70,44,50,42,36,52,48,56,29,37,42,31,36,44,37,32,21,29,27,25,22,22,17,15,20,16,29,21,10,10,11,15,6,10,11,14,13,12,12,14,5,11,8,10,5,9,7,2,5,2,2,3,4,4,5,0,0,2,0,1,1,4,0,1,0,0,1,0,1,0,0,0,0,0,1,0,0,0,0,0,0,1,0,0,0,0,0,0,0,0,0,0,0,0,0,0,0,0,1,0,0,0,0,0,0,0,0,0,0,0,0,0,0,0,0,0
0,1,0,0,0,2,1,1,3,1,1,3,2,1,2,4,3,5,5,5,4,11,7,7,8,12,7,11,8,11,14,19,21,20,20,22,26,24,28,27,24,19,40,36,37,39,51,40,40,53,55,66,56,47,48,41,54,51,52,71,74,68,58,62,77,82,57,78,68,69,51,52,70,81,65,72,67,62,56,48,58,52,47,61,74,55,46,53,38,42,47,45,44,36,34,33,27,33,35,33,22,13,22,24,21,22,19,18,11,14,19,16,18,12,13,19,20,16,6,8,8,10,7,12,9,7,5,6,5,7,3,2,9,3,5,2,3,2,1,3,2,0,4,3,4,1,2,1,0,1,0,0,0,1,0,0,0,1,1,0,1,0,0,1,0,0,1,0,0,0,0,0,0,0,0,0,0,0,0,0,0,0,0,0,0,0,0,0,0,0,0,0,0,0,0,0,0,0,0,0
3,0,0,0,0,0,0,3,1,1,0,0,2,0,5,0,2,3,2,3,4,7,5,7,19,6,4,11,11,3,10,23,16,22,19,20,27,24,34,28,32,28,32,45,46,44,45,40,52,64,38,73,61,67,56,51,53,73,68,62,67,62,53,65,73,57,70,77,72,81,65,61,78,61,76,63,67,55,55,53,65,71,54,50,53,64,44,39,41,47,42,29,39,26,31,32,41,29,25,26,26,35,19,21,29,24,21,18,14,22,15,13,21,15,10,10,16,10,13,11,9,7,6,6,7,7,5,3,6,4,1,2,4,1,4,4,6,1,1,0,1,1,3,3,2,0,1,0,1,1,0,0,0,0,1,0,0,0,0,0,0,0,0,0,0,0,0,0,0,0,0,0,0,0,0,0,0,0,0,0,0,0,0,0,0,0,0,0,0,0,0,0,0,0,0,0,0,0,0,0
0,0,2,2,1,1,0,1,0,4,0,5,1,0,3,2,5,2,5,1,6,3,3,4,6,5,12,9,16,18,8,13,16,28,17,19,16,23,36,30,27,36,30,28,40,33,40,41,43,47,44,53,64,62,61,56,61,46,74,67,62,63,76,71,65,65,60,72,64,71,66,67,79,53,63,73,69,53,59,60,60,60,64,59,46,47,37,44,40,49,44,38,36,33,40,40,41,36,29,28,26,24,23,22,20,21,21,18,18,11,20,15,19,10,10,13,13,10,10,8,12,5,9,4,13,2,7,8,3,3,3,4,4,0,4,3,1,4,0,2,2,1,3,1,0,0,1,1,1,1,0,1,1,0,0,0,0,0,0,0,0,0,0,0,0,0,0,0,0,0,0,0,0,0,0,0,0,0,0,0,0,0,0,0,0,0,0,0,0,0,0,0,0,0,0,0,0,0,0,0
0,1,2,1,0,0,1,1,2,1,0,3,1,3,1,4,2,5,1,3,5,7,5,3,4,8,6,12,19,16,14,14,13,27,21,19,31,30,25,25,35,37,28,40,39,51,42,36,41,39,40,55,52,52,60,59,53,62,61,56,57,63,63,67,68,78,50,68,71,63,61,56,60,67,74,59,61,68,55,41,42,61,37,51,42,52,53,49,40,43,34,39,39,30,37,28,41,31,18,39,15,25,27,20,19,22,16,17,23,12,20,14,22,13,14,7,7,11,7,12,12,9,5,9,6,9,10,2,4,9,6,2,5,4,3,3,1,3,3,3,5,1,1,0,3,1,1,0,1,2,1,0,0,0,0,0,1,0,1,0,0,1,0,0,0,0,1,1,0,0,0,0,0,0,0,0,0,0,0,0,0,0,0,0,0,0,0,0,0,0,0,0,0,0,0,0,0,0,0,0
1,1,2,1,0,0,0,1,2,1,2,3,3,0,2,2,3,6,7,1,4,5,6,9,13,4,9,7,12,8,13,23,20,25,14,20,22,18,19,24,27,32,30,33,34,38,48,39,50,54,37,47,38,59,53,60,60,68,56,60,55,58,53,65,61,55,49,76,50,58,73,52,57,58,62,78,60,34,55,58,65,30,55,51,43,48,33,36,29,29,30,32,37,37,37,20,23,24,33,30,23,28,26,20,25,22,22,15,23,15,13,13,7,7,14,17,10,13,12,11,8,6,2,7,6,14,8,4,5,9,3,5,6,3,2,3,3,3,4,0,3,0,0,2,1,1,1,0,2,4,0,0,2,0,1,0,0,1,0,0,0,0,1,0,0,0,0,0,0,0,0,0,0,0,0,0,0,0,0,0,0,0,0,0,0,0,0,0,0,0,0,0,0,0,0,0,0,0,0,0
0,0,0,0,1,0,0,1,1,0,2,0,1,0,3,2,3,1,5,3,4,2,6,5,11,6,10,10,11,15,15,15,13,18,19,23,16,29,28,28,32,25,26,34,47,37,43,41,48,53,45,39,51,70,56,56,51,60,49,54,64,67,61,57,64,69,52,66,56,68,43,59,55,72,64,65,61,52,47,49,52,56,60,48,56,40,50,40,40,35,39,38,33,31,26,35,30,28,38,15,20,22,24,25,21,20,17,18,10,15,11,14,14,13,15,13,10,7,9,4,9,4,5,14,6,4,5,5,4,5,3,2,2,1,6,7,6,2,1,0,3,1,0,2,0,1,1,0,1,0,0,0,0,0,0,0,1,0,0,0,0,0,0,0,0,0,0,0,0,0,0,0,0,0,0,0,0,0,0,0,0,0,0,0,0,0,0,0,0,0,0,0,0,0,0,0,0,0,0,0
0,0,2,0,0,0,1,0,1,4,3,0,1,1,3,3,3,3,6,1,1,4,6,2,7,4,5,12,12,11,11,11,19,16,16,12,23,30,27,21,22,30,37,39,33,44,36,45,49,49,45,49,48,49,56,62,40,79,43,61,58,62,58,61,73,46,44,60,64,65,65,57,65,57,51,62,60,43,48,46,55,45,50,55,46,51,45,37,40,42,41,37,28,29,26,34,33,21,27,30,22,22,18,21,12,23,16,15,16,16,13,9,20,12,21,6,4,5,14,11,8,6,6,7,4,9,7,5,7,5,6,1,2,2,2,2,1,0,2,1,2,0,3,1,1,1,1,0,0,0,0,2,1,2,1,0,0,0,0,1,0,0,0,1,1,1,0,0,0,0,0,0,0,0,0,0,0,0,0,0,0,0,0,0,0,0,0,0,0,0,0,0,0,0,0,0,0,0,0,0
0,1,0,1,2,1,0,0,0,0,0,4,1,0,1,4,2,1,3,2,7,8,4,4,12,11,7,7,9,22,14,14,12,21,23,21,26,18,26,17,24,37,32,22,34,40,34,40,34,38,57,55,51,67,45,49,56,55,73,46,54,57,49,58,54,62,66,68,50,65,57,53,54,54,50,46,56,51,55,47,43,36,37,46,33,31,56,36,34,39,35,24,29,27,29,42,31,23,20,24,22,19,18,25,20,18,13,14,14,15,16,13,5,12,9,5,16,6,9,6,6,7,11,5,7,1,1,6,5,2,0,3,1,2,2,0,4,3,4,0,2,2,1,3,1,0,0,1,0,1,0,1,0,0,0,0,2,0,0,0,1,0,1,0,0,1,0,0,0,0,0,0,0,0,0,0,0,0,0,0,0,0,0,0,0,0,0,0,0,0,0,0,0,0,0,0,0,0,0,0
0,0,1,0,0,0,0,0,2,1,0,0,2,1,2,2,3,5,2,3,4,0,6,2,4,7,6,12,9,6,6,9,7,19,19,22,24,24,21,27,27,33,25,28,24,33,45,34,43,46,40,38,55,36,53,54,47,58,46,53,55,60,53,49,44,43,65,56,63,54,60,54,61,59,42,58,47,36,44,59,45,53,38,41,43,39,37,44,34,24,40,41,24,33,29,32,36,25,21,24,17,24,22,11,21,17,14,17,16,14,12,16,13,10,17,11,13,11,3,6,8,7,3,4,8,6,6,1,4,1,5,4,2,2,2,3,3,2,2,0,0,1,1,0,2,0,1,0,0,0,0,0,0,1,1,2,1,1,0,1,0,1,0,0,0,0,0,0,0,0,0,0,0,0,0,0,0,0,0,0,0,0,0,0,0,0,0,0,0,0,0,0,0,0,0,0,0,0,0,0
0,1,0,0,2,1,0,0,1,1,1,2,0,1,1,3,4,1,1,3,7,8,4,3,7,6,12,9,13,14,5,19,8,15,28,19,23,10,27,26,24,30,22,24,48,29,34,32,41,45,47,49,40,50,55,42,47,53,55,56,56,59,51,65,55,63,59,49,65,56,47,45,57,60,36,56,52,50,43,56,49,41,57,40,34,41,52,31,32,42,45,31,29,27,29,28,31,25,22,20,26,21,20,20,18,15,11,15,16,13,16,15,14,13,10,11,10,10,8,8,8,4,2,6,5,3,5,5,4,6,6,4,4,6,5,2,3,2,0,4,2,2,1,0,2,0,0,0,1,1,1,0,0,1,0,0,0,0,0,0,1,0,0,0,0,0,0,0,0,0,0,1,0,0,0,0,0,0,0,0,0,0,0,0,0,0,0,0,1,0,0,0,0,0,0,0,0,0,0,0
2,0,1,0,2,0,1,0,3,1,0,1,3,1,3,1,3,1,4,2,3,3,3,3,11,10,6,11,3,14,13,11,15,13,25,16,21,19,28,28,20,21,34,31,44,38,35,21,43,48,47,43,50,48,40,53,40,64,48,59,63,55,42,71,47,57,54,67,51,54,49,55,53,55,45,74,51,38,49,43,53,38,44,42,43,41,41,41,30,33,27,24,21,26,22,31,35,24,22,21,23,15,16,22,14,20,9,13,12,19,8,14,10,9,9,13,4,5,10,6,6,6,4,9,3,2,5,10,2,2,3,6,7,0,1,3,2,4,0,2,1,0,4,3,1,0,0,1,1,0,2,0,1,0,0,0,1,0,2,0,0,0,2,0,0,0,0,0,0,0,0,0,0,0,0,0,0,0,0,0,0,0,0,0,0,0,0,0,0,0,0,0,0,0,0,0,0,0,0,0
0,1,1,0,1,2,2,0,0,0,0,2,1,0,1,0,4,0,3,6,5,3,8,4,9,9,5,10,4,6,12,9,11,14,16,23,26,19,28,17,23,38,29,38,39,33,31,28,44,44,49,48,49,59,37,40,47,48,62,53,39,47,56,55,45,50,47,65,55,48,57,54,68,51,58,55,43,39,52,51,44,37,51,37,29,36,24,41,23,31,36,25,33,24,24,30,27,28,31,22,12,23,22,12,16,16,14,19,23,18,11,20,9,11,3,8,12,14,2,5,4,6,6,2,5,3,0,4,10,1,6,3,0,3,1,3,4,1,1,2,2,1,1,0,0,1,0,3,0,0,0,0,0,2,0,0,0,0,0,0,0,1,0,0,0,0,0,0,0,0,0,0,0,0,0,0,0,0,0,0,0,0,0,0,0,0,0,0,0,0,0,0,0,0,0,0,0,0,0,0
0,0,0,2,0,0,1,1,2,0,0,1,0,0,3,2,0,1,2,4,3,3,2,3,7,9,9,10,11,9,11,12,17,15,19,11,19,30,14,20,16,29,25,22,28,40,41,33,40,38,43,38,36,44,40,49,61,36,50,46,53,38,60,56,56,45,36,54,54,54,41,51,55,58,43,48,50,42,42,42,40,30,35,42,40,42,33,30,24,31,44,28,27,25,25,35,34,22,18,17,19,17,13,19,14,17,11,12,14,8,9,5,21,15,12,13,13,13,8,5,7,5,6,5,6,2,3,3,1,4,1,2,2,2,1,3,1,1,1,1,2,2,3,0,0,0,1,2,0,1,0,1,0,0,0,0,0,0,1,0,0,0,0,0,0,0,0,0,0,0,0,0,0,0,0,0,0,0,0,0,0,0,0,0,0,0,0,0,0,0,0,0,0,0,0,0,0,0,0,0
0,1,2,0,0,0,2,0,2,1,1,1,0,0,3,2,1,0,4,2,3,6,2,3,8,8,6,7,3,9,10,14,11,15,16,17,20,14,17,20,23,24,24,37,34,32,36,32,44,43,37,35,44,44,46,60,44,44,47,54,50,47,41,64,51,46,53,45,37,50,48,46,44,54,39,52,48,43,43,38,49,43,37,36,29,46,30,37,25,21,29,16,26,17,26,22,35,29,31,24,28,14,10,13,19,12,12,23,9,9,14,15,6,10,12,14,6,8,7,14,14,3,5,5,3,4,2,5,5,4,3,3,1,4,1,1,0,3,5,1,3,1,0,2,0,1,0,0,1,1,1,0,0,2,0,0,1,1,1,0,0,0,1,0,0,0,0,0,0,0,0,0,0,0,0,0,0,0,0,0,0,0,0,0,0,0,0,0,0,0,0,0,0,0,0,0,0,0,0,0
0,0,0,0,0,0,0,1,0,1,0,2,1,0,0,1,0,2,4,4,11,2,10,3,6,11,6,11,8,9,15,6,10,20,15,13,25,13,14,23,24,21,32,22,30,39,29,33,33,41,33,33,38,42,45,41,41,50,29,50,44,49,42,49,57,43,41,52,39,49,49,47,47,56,59,38,46,43,47,28,28,36,35,35,37,39,27,30,33,27,25,26,27,26,24,25,30,25,23,16,23,22,13,17,11,16,10,10,6,18,11,7,10,11,7,6,5,11,10,5,6,2,6,2,6,3,4,5,3,3,2,8,5,6,0,3,2,2,4,0,2,0,3,1,1,1,1,1,1,0,1,1,0,1,0,0,0,0,0,0,0,0,0,0,0,0,0,0,0,0,0,0,0,0,0,0,0,0,0,0,0,0,0,0,0,0,0,0,0,0,0,0,0,0,0,0,0,0,0,0
1,1,0,0,1,0,0,0,2,2,0,2,3,0,0,0,2,3,1,3,5,3,4,7,4,6,3,5,5,12,6,14,13,11,11,12,17,12,18,27,19,38,31,30,31,35,40,26,25,41,30,43,46,43,39,38,39,52,43,57,59,51,44,37,40,50,54,51,49,37,42,44,59,40,51,38,50,48,41,36,37,36,27,36,27,39,31,28,26,31,42,21,24,27,25,17,23,15,13,21,15,21,17,18,24,8,12,14,16,8,6,9,14,9,4,8,10,10,9,7,5,6,8,2,2,6,5,2,0,2,2,3,2,4,1,5,0,1,0,3,0,1,0,0,0,0,0,1,0,0,1,0,0,1,1,1,0,0,1,0,0,0,1,0,0,0,0,0,0,0,0,0,0,0,0,0,0,0,0,0,0,0,0,0,0,0,0,0,0,0,0,0,0,0,1,0,0,0,0,0
0,1,0,0,0,0,0,0,1,1,0,2,0,3,2,3,2,2,1,3,1,4,7,0,8,9,5,8,9,8,12,11,11,16,20,19,19,20,23,20,14,21,27,26,30,34,31,27,33,38,40,49,42,41,46,43,38,44,51,55,43,43,24,51,52,58,50,38,50,56,51,35,49,49,55,43,45,43,43,34,36,26,30,30,24,29,38,46,37,28,36,21,24,26,23,25,26,20,19,21,15,13,20,17,13,24,14,15,9,5,12,8,18,7,13,7,9,9,9,7,4,4,2,5,3,4,4,5,1,5,1,1,3,4,1,0,2,4,0,1,2,0,0,2,0,1,1,2,1,1,0,0,0,0,1,0,0,0,1,0,0,0,0,0,1,0,0,0,0,0,0,0,0,0,0,0,0,0,0,0,0,0,0,0,0,0,0,0,0,0,0,0,0,0,0,0,0,0,0,0
0,0,2,2,0,0,1,0,0,0,1,2,3,0,2,1,2,4,1,2,3,8,3,3,4,13,5,6,11,6,9,12,11,12,15,11,17,15,27,18,21,20,25,29,24,23,29,29,34,34,35,43,46,33,36,28,49,39,40,38,52,46,55,57,31,39,42,45,45,48,42,45,37,43,25,43,36,30,35,37,22,38,34,32,27,46,33,29,28,29,24,14,35,22,23,14,14,19,16,15,20,9,13,18,11,11,15,7,13,8,15,10,12,8,6,17,6,4,6,5,4,5,7,2,5,3,4,0,3,4,3,3,0,1,2,1,0,1,0,1,2,2,2,0,1,1,0,2,0,0,0,0,0,0,0,0,1,1,1,0,0,0,0,0,0,0,0,0,0,0,0,0,0,0,0,0,0,0,0,0,0,0,0,0,0,0,0,0,0,0,0,0,0,0,0,0,0,0,0,0
0,1,0,0,0,1,1,1,1,1,0,1,1,0,3,1,1,0,6,6,6,4,1,5,4,9,7,9,8,6,11,11,13,11,15,25,18,14,20,24,18,29,22,18,26,25,31,27,37,36,31,52,33,47,40,41,45,42,42,49,51,44,40,30,40,52,63,38,45,44,48,39,51,42,38,46,44,38,37,35,42,26,48,33,34,32,28,29,29,31,30,18,25,21,17,22,25,16,15,15,17,17,17,13,9,10,16,10,10,6,8,7,13,11,7,9,6,4,11,3,7,5,3,2,3,3,4,3,1,3,3,3,0,0,1,2,2,1,2,1,0,2,1,1,1,0,2,0,1,0,0,0,2,0,0,1,0,0,0,0,0,0,0,0,0,0,0,1,0,0,0,0,0,0,0,0,0,0,0,0,0,0,0,0,0,0,0,0,0,0,0,0,0,0,0,0,0,0,0,0
1,0,2,1,1,1,0,0,0,1,0,1,0,0,0,4,2,3,5,1,3,6,3,3,6,5,7,5,7,8,12,15,9,9,14,9,17,17,19,10,17,17,21,34,19,28,25,18,22,22,42,43,35,43,43,42,32,30,38,42,52,46,36,55,46,48,38,39,26,42,35,34,39,44,42,43,54,39,39,49,30,30,31,35,31,30,20,28,19,32,24,27,19,23,22,28,18,26,21,18,26,19,11,10,12,13,12,19,15,10,12,9,8,7,7,8,5,6,2,7,7,2,4,3,5,6,1,3,5,2,3,0,2,1,2,3,2,2,1,0,1,0,0,0,1,1,0,0,0,1,0,0,0,0,0,0,0,0,0,0,0,0,0,0,0,0,0,0,0,0,0,0,0,0,0,0,0,0,0,0,0,0,0,0,0,0,0,0,0,0,0,0,0,0,0,0,0,0,0,0
0,1,2,1,1,0,0,0,0,2,0,0,1,0,1,2,1,3,3,3,1,4,1,1,9,7,9,5,9,3,8,12,6,16,17,21,19,9,13,19,22,33,22,38,27,23,21,34,33,39,33,30,41,31,33,38,39,35,33,40,37,52,31,39,39,46,47,55,40,45,36,49,45,46,34,33,38,25,36,38,26,36,27,42,31,27,32,16,33,37,24,15,29,28,22,24,17,22,16,14,13,11,14,9,10,7,12,4,21,12,7,8,8,3,6,9,4,3,7,5,6,3,3,5,5,6,5,3,5,3,1,1,1,1,0,0,0,2,1,0,2,1,0,0,0,1,0,1,0,0,1,0,0,0,0,0,0,0,1,0,0,0,1,0,0,0,0,0,0,0,0,0,0,0,0,0,0,0,0,0,0,0,0,0,0,0,0,0,0,0,0,0,0,0,0,0,0,0,0,0
0,0,0,0,0,2,1,0,0,1,2,1,3,1,1,1,2,3,6,3,3,3,5,6,7,6,4,14,6,5,13,15,9,13,16,11,22,13,16,13,11,18,32,20,26,30,26,17,35,28,29,41,46,30,42,37,35,41,38,44,39,40,44,38,38,41,50,44,37,49,32,33,48,36,41,31,34,31,27,31,33,37,34,22,24,24,22,31,24,18,22,29,18,29,11,23,23,17,13,20,16,22,14,20,16,13,14,10,9,13,6,6,13,7,3,4,4,6,7,4,4,3,3,5,2,3,2,1,6,3,2,4,0,1,1,0,0,2,1,0,0,3,1,1,1,0,0,1,1,0,0,0,2,1,0,2,1,0,1,0,0,0,0,0,0,0,0,0,0,0,0,0,0,0,0,0,0,0,0,0,0,0,0,0,0,0,0,0,0,0,0,0,0,0,0,0,0,0,0,0
0,0,0,1,2,1,0,0,2,1,1,3,1,0,0,1,1,1,3,0,7,4,3,6,8,10,10,4,4,6,10,12,11,17,16,13,13,19,17,16,19,19,21,37,29,28,22,22,30,33,35,38,49,36,37,30,36,48,50,33,45,31,45,27,35,26,41,48,43,54,27,35,46,37,35,43,40,31,32,29,26,31,33,28,22,22,24,24,25,26,29,19,21,18,21,18,17,22,21,18,14,12,18,12,18,10,8,7,7,10,11,5,7,11,3,7,3,4,6,6,5,5,5,1,7,3,5,0,2,0,1,1,4,1,1,1,2,1,2,3,0,0,1,1,0,0,0,1,0,0,1,0,0,0,0,0,1,1,0,0,0,1,0,0,1,0,0,0,0,0,0,0,0,0,0,0,0,0,0,0,0,0,0,0,0,0,0,0,0,0,0,0,0,0,0,0,0,0,0,0
0,0,1,1,0,0,0,0,0,1,0,1,1,2,1,3,1,3,2,3,4,4,2,5,6,11,6,8,12,7,4,9,5,5,8,12,10,15,18,22,22,15,18,21,22,22,23,25,24,40,26,35,33,25,37,35,28,41,49,34,40,41,51,35,41,44,42,44,39,47,32,43,57,44,38,33,38,29,35,31,31,31,31,25,25,28,28,32,21,23,21,21,25,17,17,15,16,20,22,25,15,14,12,11,11,12,13,8,9,4,4,5,8,5,4,6,6,6,6,7,4,2,2,2,5,4,2,5,2,2,2,3,1,3,1,2,0,2,0,0,1,0,0,2,0,0,0,0,1,0,0,0,1,0,0,0,0,0,1,0,0,0,0,0,0,0,0,0,0,0,0,0,0,0,0,0,0,0,0,0,0,0,0,0,0,0,0,0,0,0,0,0,0,0,0,0,0,0,0,0
0,0,1,0,1,1,0,0,0,3,0,2,4,4,1,1,5,2,4,2,1,4,6,1,6,6,3,6,7,8,12,9,8,10,17,10,18,8,11,13,14,21,26,21,23,23,17,30,27,28,30,36,31,38,28,40,34,43,45,31,53,46,41,40,49,39,40,38,36,34,34,31,39,35,44,39,30,32,33,26,31,25,32,25,24,26,23,29,17,14,22,22,15,23,20,15,15,15,14,18,15,15,13,12,13,9,9,7,12,6,8,6,5,9,6,9,4,9,5,1,4,2,5,4,3,3,3,3,2,5,1,1,4,1,2,0,2,0,2,0,0,0,1,1,0,0,0,0,0,0,0,0,1,1,1,0,0,0,0,0,0,0,0,0,0,0,1,0,0,0,0,0,0,0,0,0,0,0,0,0,0,0,0,0,0,0,0,0,0,0,0,0,0,0,0,0,0,0,0,0
0,0,0,0,2,0,2,1,0,0,0,1,0,3,3,2,2,0,3,3,1,4,5,3,12,6,4,3,6,7,6,10,7,13,16,11,21,16,21,12,22,22,16,28,28,23,14,21,40,19,27,21,32,21,24,44,34,33,43,22,46,34,32,47,44,37,27,45,40,29,32,33,30,39,28,35,34,31,24,28,20,25,18,28,34,23,18,26,20,16,28,20,17,12,19,18,20,18,11,18,5,18,11,14,19,6,10,11,5,5,6,12,8,6,5,2,4,8,4,5,2,3,2,4,4,3,1,5,2,1,1,1,3,1,1,0,2,1,0,1,0,0,1,0,1,1,0,0,0,1,0,0,1,0,1,0,0,0,0,0,0,0,1,0,0,0,0,0,0,0,0,0,0,0,0,0,0,0,0,0,0,0,0,0,0,0,0,0,0,0,0,0,0,0,0,0,0,0,0,0
1,0,0,0,0,1,0,0,0,1,2,0,2,0,2,1,1,2,3,0,4,3,3,4,6,4,6,5,8,5,8,8,7,11,13,16,14,9,17,15,11,20,15,21,17,27,21,30,39,32,30,26,26,19,27,28,44,41,50,42,45,34,40,36,45,35,39,47,27,33,33,38,40,31,36,28,36,27,27,30,22,33,24,25,19,25,21,25,21,22,20,25,16,26,19,14,25,15,14,15,8,16,12,14,11,12,3,9,7,6,3,7,12,9,7,3,6,2,5,5,7,3,4,3,5,1,2,4,6,2,3,5,3,1,3,0,3,1,2,1,1,0,0,1,1,1,0,0,1,0,2,3,1,1,0,2,0,0,0,0,0,0,1,0,0,0,0,0,0,1,0,0,0,0,0,0,0,0,0,0,0,0,0,0,0,0,0,0,0,0,0,0,0,0,0,0,0,0,0,0
0,1,0,0,1,0,1,1,2,0,0,1,1,1,2,2,1,1,3,0,7,6,9,5,5,7,4,7,5,4,7,12,10,3,8,10,8,9,11,10,26,15,24,25,17,33,22,24,28,29,29,23,25,27,31,25,30,29,30,39,34,27,29,34,35,26,33,34,36,28,35,29,34,33,40,36,34,32,20,32,31,18,37,27,22,20,21,20,17,23,12,17,22,29,15,16,13,12,14,16,15,17,11,10,11,8,14,10,13,6,8,7,5,8,5,10,6,8,8,1,1,6,7,1,3,2,4,4,3,2,3,2,2,1,1,2,2,3,6,2,3,0,1,2,0,0,0,0,0,1,0,0,0,0,0,0,0,0,1,0,0,0,0,0,0,0,0,0,0,0,0,0,0,0,0,0,0,0,0,0,0,0,0,0,0,0,0,0,0,0,0,0,0,0,0,0,0,0,0,0
0,1,0,1,2,0,2,1,3,2,1,0,0,1,3,1,4,2,1,3,3,2,1,1,8,9,3,3,5,5,5,8,8,11,15,14,19,14,8,9,16,18,21,19,22,20,18,19,19,28,20,25,31,36,37,35,34,25,26,44,37,34,27,31,37,31,31,41,25,34,36,27,35,33,32,30,25,28,39,17,26,25,32,25,32,17,19,21,14,24,21,13,15,19,12,10,18,19,12,15,9,6,12,9,10,12,15,13,7,10,10,1,8,4,8,9,3,6,1,5,1,4,3,5,4,6,3,2,2,1,1,6,4,1,1,1,0,2,0,0,0,0,0,0,2,0,0,1,1,1,0,0,0,0,0,0,0,0,0,0,0,0,0,0,0,0,0,0,0,0,0,0,0,0,0,0,0,0,0,0,0,0,0,0,0,0,0,0,1,0,0,0,0,0,0,0,0,0,0,0
1,0,3,0,0,0,1,0,1,0,0,1,4,0,0,1,2,1,1,2,3,0,2,4,3,11,3,8,9,3,3,4,12,8,16,15,16,14,16,20,22,23,16,26,27,16,24,14,27,24,21,34,33,25,33,38,34,32,30,40,31,27,31,29,28,28,32,34,39,32,37,32,32,35,34,42,33,20,22,19,33,22,28,29,28,29,22,23,14,17,13,24,14,21,22,15,16,10,11,17,7,13,7,15,11,4,10,7,12,9,10,9,4,6,6,3,7,4,1,0,3,2,3,4,4,2,3,3,0,0,1,0,2,1,0,2,1,1,1,0,1,0,0,1,0,0,0,1,0,1,0,0,0,0,0,1,0,0,0,0,1,1,0,1,0,1,0,0,0,0,0,0,0,0,0,0,0,0,0,0,0,0,0,0,0,0,0,0,0,0,0,0,0,0,0,0,0,0,0,0
0,0,0,0,0,2,1,0,1,0,1,2,0,1,2,1,1,1,2,5,3,1,1,4,5,7,1,9,6,5,9,10,14,10,10,14,15,10,14,9,10,13,14,24,13,25,17,20,19,25,28,22,17,27,22,23,29,37,35,29,34,37,30,30,35,36,38,30,39,30,27,32,42,31,37,28,34,32,30,28,22,22,18,31,18,25,23,19,21,20,18,13,15,18,13,9,15,11,9,13,12,10,12,7,12,13,8,6,7,12,8,10,7,7,0,8,12,3,9,0,5,1,8,4,2,5,1,1,3,1,1,0,2,1,1,3,2,3,0,2,1,1,4,0,0,0,0,0,0,0,1,0,0,0,0,0,1,0,0,0,1,0,0,0,0,0,0,0,0,0,0,0,0,0,0,0,0,0,0,0,0,0,0,0,0,0,0,0,0,0,0,0,0,0,0,0,0,0,0,0
1,0,0,0,0,0,1,1,0,3,1,0,1,0,2,0,0,0,4,1,3,4,7,3,3,6,4,8,8,7,4,12,8,8,11,11,16,19,20,11,17,26,13,13,15,17,15,13,33,29,30,25,22,31,27,24,30,30,32,32,31,42,29,28,21,24,29,36,20,38,24,32,24,26,29,32,27,16,23,17,29,20,30,24,16,15,29,28,12,25,16,18,14,11,18,16,21,17,12,7,14,17,8,7,12,12,12,14,4,5,4,4,9,4,5,7,2,4,6,1,5,7,2,3,2,1,1,4,0,1,0,1,1,2,1,0,2,3,0,1,1,1,0,1,1,0,0,1,0,0,0,0,0,1,1,0,0,0,1,0,0,0,0,0,0,0,0,0,0,0,0,0,0,0,0,0,0,0,0,0,0,0,0,0,0,0,0,0,0,0,0,0,0,0,0,0,0,0,0,0
0,1,0,0,1,2,0,1,1,0,1,1,3,0,1,0,2,3,2,2,3,5,1,1,4,3,6,4,6,5,8,4,12,4,16,5,7,12,11,13,15,21,23,20,23,21,19,22,27,30,22,32,16,24,28,25,32,30,27,29,32,41,37,28,41,34,32,30,26,26,31,29,41,28,37,22,22,32,23,26,18,20,15,17,23,21,18,14,16,11,20,16,15,7,16,8,14,6,18,11,13,8,12,6,8,4,16,12,9,5,8,5,6,5,4,4,2,4,3,1,3,2,3,2,2,4,3,5,0,1,5,0,0,2,1,4,0,1,3,0,0,0,2,0,0,0,1,0,0,0,0,0,0,0,0,0,0,1,0,0,0,0,0,0,0,0,0,0,0,0,0,0,0,0,0,0,0,0,0,0,0,0,0,0,0,1,0,0,0,0,0,0,0,0,0,0,0,0,0,0
0,0,0,0,2,1,0,1,0,0,0,0,0,1,3,1,1,2,2,1,1,0,1,2,6,4,1,5,5,6,6,11,8,10,7,6,15,14,21,9,13,17,21,16,20,19,22,19,25,18,24,23,30,19,31,24,18,19,33,26,27,27,37,41,29,33,27,21,30,34,24,30,31,25,33,28,28,16,21,26,15,17,24,20,17,24,20,17,13,17,13,11,12,17,18,23,13,6,12,15,11,15,8,11,9,11,3,7,10,7,8,3,9,9,5,4,6,3,3,4,3,3,3,3,3,1,3,0,0,4,1,2,1,0,3,2,1,0,2,0,0,0,0,0,0,0,0,0,0,0,0,0,0,0,0,0,0,0,0,0,0,1,0,1,0,0,0,0,0,0,0,0,0,0,0,0,0,0,0,0,0,0,0,0,0,0,0,0,0,0,0,0,0,0,0,0,0,0,0,0
0,0,1,0,1,0,2,0,1,1,1,1,1,2,3,0,2,1,1,3,3,3,2,2,3,2,3,6,7,3,4,3,9,10,8,10,9,14,10,15,13,20,16,15,15,16,22,21,23,29,28,26,29,20,25,21,25,31,33,25,22,31,27,27,33,30,25,38,36,27,26,32,20,26,37,30,29,28,26,24,26,16,31,22,16,17,23,8,14,15,18,17,16,15,10,11,12,9,9,11,5,11,6,9,5,9,7,10,7,5,3,5,2,3,1,3,4,1,5,7,2,2,1,4,3,4,0,1,4,2,1,1,0,1,1,1,1,0,0,0,0,0,1,1,0,1,1,0,1,1,1,1,0,0,0,0,0,0,0,0,0,0,0,0,0,0,0,0,0,0,0,0,0,0,0,0,0,0,0,0,0,0,0,0,0,0,0,0,0,0,0,0,0,0,0,0,0,0,0,0
1,0,0,0,0,1,1,0,0,0,1,0,0,0,0,0,2,2,4,2,4,2,4,3,6,0,9,6,7,5,6,2,5,9,13,10,9,9,13,9,8,14,16,25,18,19,15,18,21,23,31,27,33,28,16,22,21,22,22,32,38,24,27,26,30,25,36,24,20,27,22,32,33,18,31,24,28,30,27,20,20,23,18,16,20,8,17,20,17,10,17,24,12,15,14,11,9,10,12,11,9,14,8,5,7,11,5,0,3,5,4,11,6,5,3,6,6,3,5,5,1,3,5,0,1,0,4,1,2,1,1,1,2,0,0,0,2,1,0,1,1,0,1,2,0,1,0,0,0,0,0,0,0,1,0,0,0,0,0,0,0,0,0,0,0,0,0,0,0,0,0,0,0,0,0,0,0,0,0,0,0,0,0,0,0,0,0,0,0,0,0,0,0,0,0,0,0,0,0,0
0,0,1,0,0,0,0,0,0,0,2,1,2,1,1,2,2,2,0,0,4,4,4,2,2,4,4,4,7,4,4,7,12,7,13,6,13,5,12,11,14,12,21,21,10,19,16,19,21,26,30,26,33,24,25,24,33,23,37,27,37,28,24,32,29,25,27,40,31,19,29,18,26,27,21,22,27,26,21,22,16,19,28,19,21,11,16,11,16,8,11,8,11,14,12,20,16,9,13,14,11,6,7,11,7,11,4,9,6,7,6,3,5,4,4,2,1,3,8,5,2,1,1,3,2,2,1,3,4,1,4,2,1,1,2,2,3,1,1,1,2,1,0,0,0,1,1,0,0,0,0,0,0,0,0,0,0,0,0,0,0,0,0,0,0,0,0,0,0,0,0,0,0,0,0,0,0,0,0,0,0,0,0,0,0,0,0,0,0,0,0,0,0,0,0,0,0,0,0,0
0,1,0,0,0,0,2,0,0,2,0,1,0,0,5,2,3,0,4,4,8,3,3,1,5,3,4,2,4,2,7,12,4,7,10,14,13,10,19,11,18,14,11,16,19,18,19,20,22,14,19,20,22,25,23,23,29,28,32,27,39,25,24,18,26,26,30,25,30,42,15,28,25,24,26,20,24,19,24,23,23,28,17,12,19,17,25,17,10,12,19,14,12,13,9,13,11,15,17,5,6,10,15,6,5,9,4,6,6,7,4,7,4,5,2,4,1,3,1,4,5,1,1,1,0,1,4,3,2,0,2,2,3,2,1,2,2,0,3,1,0,0,0,0,1,0,0,0,1,1,2,0,0,0,0,0,0,1,0,1,0,0,0,0,0,0,0,0,0,0,0,0,0,0,0,0,0,0,0,0,0,0,0,0,0,0,0,0,0,0,0,0,0,0,0,0,0,0,0,0
0,0,1,0,0,1,1,0,3,1,0,1,3,0,1,1,3,0,1,0,5,2,1,1,5,8,7,6,5,6,5,7,2,12,12,9,12,15,9,7,17,13,12,13,26,25,17,13,16,23,22,22,11,21,22,15,26,34,25,26,26,28,18,30,17,24,33,27,35,22,26,33,29,22,25,16,22,18,27,21,18,13,21,22,20,14,15,15,20,11,19,18,9,8,12,10,10,7,8,8,10,10,11,8,12,7,6,10,6,8,4,7,2,2,3,4,2,4,2,4,2,4,0,4,5,2,1,1,0,2,2,1,0,1,0,3,2,1,1,1,0,0,0,1,0,0,0,0,1,1,0,0,0,0,0,0,0,0,1,0,0,0,1,0,0,0,0,0,0,0,0,0,0,0,0,0,0,0,0,0,0,0,0,0,0,0,0,0,0,0,0,0,0,0,0,0,0,0,0,0
0,0,0,0,1,0,0,0,1,0,3,1,0,0,1,0,1,1,3,0,5,0,2,3,4,4,4,2,4,8,5,7,4,7,7,10,6,10,20,17,15,15,12,5,18,11,17,19,21,21,19,21,13,18,18,12,26,19,28,26,21,21,23,33,25,21,27,19,24,26,15,23,24,26,23,16,23,18,25,15,18,23,14,21,17,19,15,20,17,10,20,22,12,20,12,9,12,6,3,12,3,6,6,7,7,5,7,4,11,6,5,3,5,6,5,5,4,4,4,2,0,3,0,2,2,1,1,1,2,3,1,1,1,1,0,1,0,1,1,0,1,1,1,1,0,1,0,0,1,0,0,0,0,1,0,0,0,0,0,0,0,0,0,0,0,0,0,0,0,0,0,0,0,0,0,0,0,0,0,0,0,0,0,0,0,0,0,0,0,0,0,0,0,0,0,0,0,0,0,0
0,0,1,0,0,0,0,0,1,2,0,0,1,0,1,1,0,2,2,2,5,1,1,1,5,2,11,4,6,4,8,4,10,10,10,6,10,11,9,8,22,9,15,14,14,24,18,22,21,28,11,29,17,24,24,15,20,18,23,20,27,26,25,24,30,21,17,27,27,17,19,21,21,29,25,23,34,22,21,19,21,16,18,20,12,11,14,14,8,20,16,14,22,10,9,9,8,16,9,9,10,5,10,9,11,11,4,7,6,5,8,6,8,6,4,1,10,6,6,3,7,1,2,0,3,1,2,1,1,0,2,1,2,1,1,0,0,0,1,0,1,1,0,0,2,0,2,0,0,0,0,0,0,1,0,0,0,0,0,0,1,0,0,0,0,0,0,0,0,0,0,0,0,0,0,0,0,0,0,0,0,0,0,0,0,0,0,0,0,0,0,0,0,0,0,0,0,0,0,0
1,0,1,1,0,0,1,1,3,0,1,2,0,0,2,0,1,1,2,4,3,2,5,3,4,3,3,5,2,3,2,6,7,1,12,11,11,9,10,16,10,15,14,11,12,11,20,16,25,16,27,20,27,39,13,24,22,30,23,22,30,16,29,20,21,17,26,30,21,32,21,24,26,23,27,28,19,14,20,15,15,19,13,19,17,15,17,22,20,14,20,22,8,9,13,6,6,14,10,11,15,12,4,2,6,5,2,4,8,2,4,6,5,4,6,4,5,3,4,2,0,2,4,5,5,0,2,2,2,1,1,1,0,3,4,1,2,0,0,0,0,0,0,1,1,0,0,0,0,0,1,0,1,0,0,0,0,0,0,0,0,0,0,0,0,0,0,0,0,0,0,0,0,0,0,0,0,0,0,0,0,0,0,0,0,0,0,0,0,0,0,0,0,0,0,0,0,0,0,0
0,0,0,1,1,0,0,0,1,1,2,0,0,0,0,1,2,1,5,0,2,2,2,3,2,4,4,4,11,4,1,8,9,9,9,9,11,18,8,11,10,15,11,14,19,19,14,17,14,14,18,22,26,21,22,26,22,15,17,31,29,29,30,22,24,27,14,20,23,28,22,30,20,20,22,24,22,15,27,17,17,18,22,18,14,11,14,19,8,9,7,12,10,9,10,14,10,11,8,10,11,7,5,7,9,4,8,1,2,5,4,5,4,2,3,5,2,6,3,3,0,4,4,3,3,1,0,3,2,0,1,1,3,0,0,1,2,3,0,0,0,0,0,0,0,2,0,0,0,0,0,0,0,0,0,0,0,0,0,0,0,0,0,0,0,0,0,0,0,0,0,0,0,0,0,0,0,0,0,0,0,0,0,0,0,0,0,0,0,0,0,0,0,0,0,0,0,0,0,0
0,0,0,0,0,0,1,0,0,0,0,0,0,1,0,1,2,1,0,0,3,3,0,2,3,8,4,5,3,5,5,7,7,7,2,7,8,12,13,7,11,10,16,17,22,15,15,12,22,20,16,25,17,19,24,28,27,16,19,14,29,24,16,15,25,27,25,18,17,36,25,17,29,12,28,22,15,20,20,22,11,22,16,19,18,6,9,13,10,11,14,14,13,10,18,8,5,7,7,11,9,6,5,9,2,6,3,3,3,4,2,3,1,7,3,5,3,3,9,2,4,2,3,1,3,1,3,3,3,2,0,1,0,0,1,0,0,1,0,1,1,0,1,4,0,0,0,0,0,0,0,0,0,0,0,0,0,0,0,0,0,0,0,0,0,0,0,0,0,0,0,0,0,0,0,0,0,0,0,0,0,0,0,0,0,0,0,0,0,0,0,0,0,0,0,0,0,0,0,0
0,0,0,0,0,0,0,0,1,1,0,0,2,0,1,2,0,3,3,3,2,3,0,1,4,4,4,3,1,8,6,7,11,4,7,10,7,9,11,11,11,14,16,12,22,19,10,15,12,13,20,22,20,20,16,12,17,31,23,18,23,23,17,29,16,23,15,26,21,19,16,19,21,32,30,20,18,9,22,16,13,15,14,20,14,16,22,13,9,16,14,6,10,10,10,5,8,9,9,8,6,2,7,6,10,4,1,6,8,8,2,3,4,7,2,3,3,8,3,4,0,3,1,5,3,3,1,1,0,2,0,2,1,1,0,0,1,1,1,0,0,0,0,0,0,0,1,0,0,0,0,0,1,0,1,0,0,0,0,0,0,0,0,0,0,0,0,0,0,0,0,0,0,0,0,0,0,0,0,0,0,0,0,0,0,0,0,0,0,0,0,0,0,0,0,0,0,0,0,0
0,1,1,0,0,0,1,0,2,1,0,0,0,0,2,0,1,4,2,2,1,2,2,1,1,4,5,3,2,6,3,9,9,8,8,11,10,13,13,7,9,12,6,17,15,15,9,13,20,26,18,17,19,13,18,17,22,30,12,16,16,19,24,22,19,15,15,11,16,23,19,17,21,31,18,27,14,18,17,16,15,17,23,15,19,12,15,17,6,15,10,12,9,8,6,11,7,9,2,9,6,9,5,4,11,10,6,6,4,7,3,6,5,11,3,5,5,2,5,5,3,3,0,3,2,4,2,1,1,4,3,2,0,0,0,2,2,1,0,1,0,0,0,2,0,0,0,0,1,0,0,0,0,0,0,0,0,0,0,0,0,0,0,0,0,0,0,0,0,0,0,0,0,0,0,0,0,0,0,0,0,0,0,0,0,0,0,0,0,0,0,0,0,0,0,0,0,0,0,0
0,0,0,0,0,0,1,0,0,0,1,0,1,0,1,1,1,1,2,4,2,1,2,2,5,3,4,5,2,4,7,3,4,6,4,15,9,8,4,12,14,13,4,16,10,15,13,16,14,15,16,19,16,21,20,11,14,13,26,14,14,17,21,17,21,21,24,21,12,13,12,19,19,16,13,22,19,26,17,11,16,15,8,13,12,10,11,12,18,7,13,10,8,7,3,11,10,8,6,11,6,5,9,2,2,6,8,3,2,3,2,6,5,4,2,2,2,3,1,0,4,2,3,3,2,0,1,2,1,2,0,3,0,1,1,1,0,1,0,0,0,0,0,0,0,0,0,1,0,1,0,0,0,0,0,0,0,0,0,0,1,0,0,0,0,0,0,0,0,0,0,0,0,0,0,0,0,0,0,0,0,0,0,0,0,0,0,0,0,0,0,0,0,0,0,0,0,0,0,0
0,0,0,2,2,1,0,0,0,1,0,0,1,0,1,1,0,1,1,0,1,5,2,2,4,3,2,5,7,7,2,2,5,9,5,14,8,12,10,14,6,9,11,16,7,12,13,11,13,11,12,17,14,22,17,17,7,22,18,15,16,19,16,21,19,20,19,20,17,26,22,20,16,18,13,23,14,16,17,20,13,18,10,18,15,11,13,12,8,11,10,7,6,6,13,4,10,6,8,9,10,6,4,10,2,2,8,2,4,1,2,3,3,7,3,4,5,1,0,3,1,4,1,4,1,0,0,0,1,0,1,2,2,0,0,0,0,0,0,0,1,0,2,0,0,0,0,0,0,0,0,0,0,1,0,0,0,0,0,1,0,0,0,0,0,0,0,0,0,0,0,0,0,0,0,0,0,0,0,0,0,0,0,0,0,0,0,0,0,0,0,0,0,0,0,0,0,0,0,0
1,0,2,0,0,0,0,0,0,0,0,0,1,0,0,1,1,0,2,1,2,1,2,2,1,2,7,5,4,8,5,4,3,5,8,8,12,6,6,10,9,11,13,12,11,15,16,18,17,13,13,18,22,17,21,18,21,19,17,17,23,11,21,24,16,18,22,12,18,16,14,16,15,19,13,17,14,12,11,11,15,20,15,14,12,11,5,8,17,9,16,10,6,8,7,7,6,8,8,3,8,10,4,5,4,4,2,6,4,7,5,4,2,4,1,1,3,3,2,3,1,0,2,0,0,2,2,1,1,1,1,2,0,0,1,1,0,3,0,0,0,0,0,1,0,1,0,0,1,0,0,0,0,0,0,0,0,0,0,0,0,0,0,0,0,0,0,0,0,0,0,0,0,0,0,0,0,0,0,0,0,0,0,0,0,0,0,0,0,0,0,0,0,0,0,0,0,0,0,0
0,0,0,0,0,0,0,1,0,1,0,1,2,0,0,1,1,1,1,0,2,1,1,3,1,3,3,1,4,3,3,6,6,7,8,5,10,12,9,8,15,15,9,6,11,15,12,17,17,20,19,22,15,29,18,15,25,11,21,14,15,8,13,27,16,18,17,20,19,23,20,17,13,16,18,13,14,15,14,11,14,8,11,10,12,6,11,9,11,12,7,6,12,8,14,7,8,7,6,5,2,7,6,6,3,7,5,6,5,4,5,4,4,1,5,2,5,3,1,1,3,4,2,1,0,1,0,2,0,0,3,1,0,1,2,0,0,0,1,2,2,0,0,0,0,1,0,0,0,0,0,0,0,0,0,0,0,0,0,0,0,0,0,0,0,0,0,0,0,0,0,1,0,0,0,0,0,0,0,0,0,0,0,0,0,0,0,0,0,0,0,0,0,0,1,0,0,0,0,0
0,0,0,0,0,0,0,0,1,0,1,1,1,0,3,3,0,0,0,0,4,0,4,2,0,5,1,8,3,7,4,4,11,5,9,10,20,8,6,12,7,12,6,13,7,12,15,13,10,14,9,19,17,16,19,17,31,25,11,22,19,14,21,26,20,14,15,13,20,19,9,16,18,23,16,14,9,12,19,15,14,11,13,9,12,10,11,15,7,13,13,10,12,13,2,3,8,5,9,5,5,2,6,6,6,4,5,2,7,3,2,2,4,1,3,1,2,2,4,2,4,1,4,1,1,2,1,0,1,0,1,1,1,1,0,0,1,0,1,1,0,0,0,1,0,0,0,0,0,1,0,0,0,0,0,0,0,0,0,0,0,0,0,0,0,0,0,0,0,0,0,0,0,0,0,0,0,0,0,0,0,0,0,0,0,0,0,0,0,0,0,0,0,0,0,0,0,0,0,0
0,0,0,0,1,0,1,0,0,1,0,0,0,0,3,0,0,0,1,2,3,2,0,2,0,4,5,5,1,5,2,3,4,5,5,8,9,10,10,8,11,14,7,13,16,10,11,12,21,12,17,13,13,12,21,18,16,24,24,13,21,27,20,20,20,18,8,36,24,10,16,26,18,12,16,18,15,10,14,18,9,17,10,8,14,7,4,4,9,13,4,9,8,10,6,8,5,4,6,4,8,7,10,5,4,5,7,6,7,3,2,5,6,3,2,2,0,1,3,1,4,1,1,0,1,2,1,0,3,3,0,0,0,2,1,0,0,0,0,0,0,0,0,0,0,1,0,0,0,0,1,0,1,2,1,0,0,0,0,1,0,0,0,0,0,0,0,0,0,0,0,0,0,0,0,0,0,0,0,0,0,0,0,0,0,0,0,0,0,0,0,0,0,0,0,0,0,0,0,0
0,0,0,0,0,1,0,0,0,1,1,1,2,1,2,0,0,0,0,3,2,4,0,0,3,1,2,2,1,3,3,4,7,4,4,6,6,4,5,10,6,9,15,7,15,14,12,13,18,18,13,13,13,16,18,13,22,20,20,17,21,14,12,17,16,16,17,21,19,19,21,19,19,15,18,16,8,13,15,11,17,6,7,8,10,14,11,11,9,6,9,6,6,7,8,5,6,8,7,13,4,10,9,7,4,9,1,1,5,3,4,6,1,4,4,0,5,4,3,0,2,1,2,4,2,1,0,0,1,1,1,1,0,1,0,0,1,1,0,0,0,1,0,1,0,0,0,0,1,0,0,0,0,0,1,0,0,0,0,0,0,0,0,0,0,0,0,0,0,0,0,0,0,0,0,0,1,0,0,0,0,0,0,0,0,0,0,0,0,0,0,0,0,0,0,0,0,0,0,0
0,0,0,0,1,0,1,0,1,1,0,0,1,1,0,2,0,1,1,1,2,4,1,0,3,4,5,3,4,3,3,7,4,4,4,7,8,6,6,3,13,12,17,12,10,7,12,12,15,16,9,10,13,17,12,16,18,16,18,19,14,15,20,15,20,21,15,17,18,21,11,16,14,18,16,11,16,11,21,10,11,8,9,8,13,14,12,11,7,8,13,4,9,11,7,7,9,6,6,3,2,6,6,6,7,4,1,3,4,2,2,3,2,3,4,2,0,6,2,1,1,3,3,1,1,1,1,2,0,1,0,1,0,1,1,0,0,0,0,0,0,1,0,0,0,0,0,0,0,1,1,0,0,0,0,0,0,0,0,0,0,0,0,0,0,0,0,0,0,0,0,0,0,0,0,0,0,0,0,0,0,0,0,0,0,0,0,0,0,0,0,0,0,0,0,0,0,0,0,0
0,0,0,0,0,0,0,1,1,0,0,0,0,0,3,0,1,0,3,1,0,0,0,1,4,3,2,3,3,4,4,6,4,6,4,6,6,7,8,7,7,4,7,13,11,10,11,13,10,17,15,14,19,11,19,13,10,17,20,21,19,15,16,20,21,18,20,13,17,15,11,14,14,13,15,14,13,14,11,12,9,10,10,12,16,10,16,10,10,14,13,9,10,9,8,5,9,4,5,7,8,6,5,4,3,1,3,4,2,2,4,1,3,4,3,2,3,5,2,2,2,1,1,1,1,0,0,2,0,1,2,0,1,1,1,0,1,0,1,1,0,0,1,0,0,0,0,1,0,0,0,0,0,1,1,0,0,0,0,0,0,0,0,0,0,0,0,0,0,0,0,0,0,0,0,0,0,0,0,0,0,0,0,0,0,0,0,0,0,0,0,0,0,0,0,0,0,0,0,0
0,0,1,1,0,0,0,0,0,2,0,1,3,1,1,1,1,0,1,2,3,0,1,5,4,4,3,4,2,10,4,3,3,6,7,6,6,8,6,6,7,12,5,16,8,12,10,14,13,13,12,22,14,18,13,12,11,14,13,18,10,22,22,23,13,14,12,17,10,18,20,17,16,6,13,14,14,17,17,15,11,15,9,15,7,15,17,7,4,11,8,3,11,5,6,4,9,7,8,11,7,5,2,2,5,0,4,3,2,4,3,2,8,2,1,3,2,0,1,2,1,1,2,3,1,0,1,2,0,0,0,2,2,3,2,0,0,1,1,3,0,0,0,0,0,0,0,0,0,0,0,0,0,0,0,0,0,0,0,0,0,0,0,0,0,0,0,0,0,0,0,0,0,0,0,0,0,0,0,0,0,0,0,0,0,0,0,0,0,0,0,0,0,0,0,0,0,0,0,0
0,0,1,0,0,0,0,1,0,0,0,0,1,0,1,2,1,1,2,1,0,3,3,0,3,1,5,4,4,2,0,5,3,8,2,9,7,2,6,9,6,10,9,10,13,13,8,14,8,20,21,10,12,21,15,13,13,26,9,15,11,18,15,12,18,24,20,12,9,15,16,18,21,14,19,14,17,10,15,11,12,15,12,10,7,12,16,4,8,9,7,8,3,9,6,3,6,7,4,3,2,4,9,10,3,5,3,5,2,6,6,1,3,3,5,1,1,1,1,1,2,1,2,4,3,1,1,1,1,2,0,2,1,0,1,1,0,1,0,0,0,1,1,1,0,0,0,1,0,0,0,0,1,0,0,0,0,0,0,0,0,0,0,0,0,0,0,0,0,0,0,0,0,0,0,0,0,0,0,0,0,0,0,0,0,0,0,0,0,0,0,0,0,0,0,0,0,0,0,0
0,0,0,1,0,0,0,0,0,0,0,2,0,1,1,0,0,2,4,0,0,1,0,3,1,2,2,4,3,5,4,1,4,4,8,12,9,9,9,7,6,13,11,12,9,10,10,10,14,19,12,13,18,17,20,14,11,8,15,15,14,22,12,18,11,15,14,11,19,20,17,21,20,14,17,14,18,4,19,14,15,13,8,8,10,10,11,10,12,7,8,9,8,5,4,6,9,6,3,7,9,7,4,7,8,4,0,1,2,2,3,5,0,3,0,2,0,2,3,1,3,2,1,1,0,2,1,0,1,1,0,1,2,1,0,1,3,1,2,1,0,1,1,1,0,0,0,0,0,0,0,0,0,0,0,0,0,0,0,0,0,0,0,0,0,0,0,0,0,0,0,0,0,0,0,0,0,0,0,0,0,0,0,0,0,0,0,0,0,0,0,0,0,0,0,0,0,0,0,0
0,0,0,0,0,0,0,0,0,0,1,0,1,0,0,0,1,1,0,1,0,0,1,0,2,1,4,5,2,4,7,4,0,3,9,4,9,7,5,6,4,7,7,19,17,11,7,15,16,11,17,16,10,20,13,10,21,21,14,13,26,14,13,20,12,24,16,18,13,14,16,13,17,16,18,13,21,11,9,10,16,9,19,10,14,7,3,4,3,11,7,10,6,8,8,5,9,9,4,0,4,4,12,1,1,1,2,1,2,2,1,5,2,1,2,4,1,2,0,0,1,0,0,2,2,0,2,0,2,2,0,0,0,1,0,0,0,0,0,0,0,0,2,0,1,0,0,0,0,0,0,0,0,0,0,0,0,1,0,0,0,0,0,0,0,0,0,0,0,0,0,0,0,0,0,0,0,0,0,0,0,0,0,0,0,0,0,0,0,0,0,0,0,0,0,0,0,0,0,0
0,1,1,0,0,0,1,0,1,0,0,1,0,0,1,0,1,0,1,3,2,0,1,2,3,1,5,2,2,3,2,4,1,5,3,7,2,5,5,3,10,11,9,10,8,9,11,7,14,15,10,10,13,13,20,8,20,10,14,14,8,12,12,21,14,27,20,14,12,8,12,6,18,10,13,16,12,13,12,17,8,10,16,9,10,8,7,10,9,8,7,9,7,10,4,8,5,7,3,6,2,6,5,1,3,0,2,2,3,2,2,1,7,3,4,2,1,3,3,2,0,0,1,2,4,2,1,3,1,0,1,1,1,1,0,1,0,1,0,1,0,0,0,0,0,0,0,0,1,1,0,0,0,0,0,0,0,0,0,0,0,0,0,0,0,0,0,0,0,0,0,0,0,0,0,0,0,0,0,0,0,0,0,0,0,0,0,0,0,0,0,0,0,0,0,0,0,0,0,0
0,0,0,0,1,1,0,0,1,0,0,0,1,0,0,0,2,2,1,0,2,1,2,1,4,3,1,3,2,1,1,4,9,3,6,5,2,3,9,4,6,10,7,9,9,16,9,14,9,10,16,13,17,14,9,11,14,14,16,13,13,14,11,21,11,12,10,17,16,17,17,11,14,16,9,14,8,6,8,12,14,12,10,11,8,8,4,7,8,5,5,8,9,6,8,5,6,5,6,3,7,3,8,4,4,5,3,3,5,1,3,3,2,4,1,4,2,2,1,1,2,1,1,2,0,1,1,2,1,0,0,0,0,2,3,1,2,0,0,1,0,0,1,0,0,0,0,0,0,0,0,1,0,1,0,0,0,0,0,0,0,0,0,0,0,0,0,0,0,0,0,0,0,0,0,0,0,0,0,0,0,0,0,0,0,0,0,0,0,0,0,0,0,0,0,0,0,0,0,0
0,0,0,0,0,0,0,0,0,1,1,0,0,0,0,0,0,1,0,2,3,1,0,4,1,2,4,4,4,4,4,5,3,9,7,4,6,3,3,9,8,3,11,5,7,15,14,8,10,17,6,12,18,14,11,13,14,14,12,18,13,14,18,9,23,19,10,15,11,13,18,11,10,21,16,14,7,7,13,11,12,18,17,10,15,4,11,9,4,7,7,6,4,7,1,8,5,4,7,2,4,10,2,6,6,2,3,7,2,1,6,6,0,3,0,3,1,2,2,1,1,2,2,2,2,0,1,1,0,1,1,1,2,0,1,0,0,1,0,0,0,1,0,0,1,0,0,1,0,0,0,0,0,0,1,0,0,0,0,0,0,0,0,0,0,0,0,0,0,0,0,0,0,0,0,0,0,0,0,0,0,0,0,0,0,0,0,0,0,0,0,0,0,0,0,0,0,0,0,0
0,0,0,0,1,0,0,0,0,0,0,0,1,0,0,0,0,1,0,3,1,1,1,2,3,3,2,3,2,1,4,4,6,4,8,8,2,5,12,8,8,8,7,9,9,6,13,7,12,10,13,10,5,15,13,13,19,11,17,18,11,10,20,17,10,12,13,14,11,14,8,10,14,14,13,16,15,10,10,8,3,8,8,8,12,15,5,8,6,6,6,4,4,8,5,3,7,3,3,4,4,3,3,3,3,2,7,3,3,2,3,4,4,1,4,1,0,1,3,1,0,2,1,0,3,2,0,1,1,0,2,1,1,0,1,0,1,0,0,0,0,0,0,0,0,0,0,1,0,0,0,1,0,1,0,0,0,0,0,0,0,0,1,0,0,0,0,0,0,0,0,0,0,0,0,0,0,0,0,0,0,0,0,0,0,0,0,0,0,0,0,0,0,0,0,0,0,0,0,0
0,0,0,0,0,0,1,0,0,1,1,0,0,1,0,0,1,0,1,0,2,1,1,0,3,4,4,2,3,6,2,5,4,2,1,8,8,9,7,4,6,8,7,8,11,6,9,13,9,6,13,14,8,10,13,16,20,19,16,13,12,14,18,18,14,17,16,18,12,12,7,9,12,11,15,11,18,6,10,6,10,7,14,9,2,5,6,8,6,11,6,7,3,3,7,6,8,3,5,5,1,4,4,4,2,4,1,2,7,2,6,1,2,2,1,1,1,1,2,2,1,4,4,2,0,1,0,1,0,0,0,0,1,0,2,0,0,1,1,0,0,2,1,1,1,0,0,0,0,0,1,0,0,0,0,0,0,0,0,0,0,0,0,0,0,0,0,0,0,0,0,0,0,0,0,0,0,0,0,0,0,0,0,0,0,0,0,0,0,0,0,0,0,0,0,0,0,0,0,0
0,1,0,0,0,0,0,0,1,0,1,0,0,0,1,0,0,0,2,2,1,2,0,0,3,2,2,6,4,1,1,4,3,3,4,2,5,8,9,4,4,6,7,5,10,10,10,7,11,9,10,18,12,13,10,9,6,13,12,12,17,11,15,12,12,17,14,11,20,14,13,15,13,17,13,12,11,9,10,18,11,8,14,10,9,11,3,10,12,5,6,6,8,3,6,6,4,3,1,6,4,3,5,5,5,2,1,1,5,5,3,5,4,1,2,1,1,1,1,1,2,0,1,1,0,1,0,1,0,2,1,0,0,1,0,0,0,1,1,0,2,0,0,3,0,0,0,1,0,0,0,0,0,0,0,0,0,0,0,0,0,0,0,0,0,0,0,0,0,0,0,0,0,0,0,0,0,0,0,0,0,0,0,0,0,0,0,0,0,0,0,0,0,0,0,0,0,0,0,0
1,0,0,0,0,0,0,0,0,0,0,0,1,1,0,0,0,0,1,0,2,1,0,2,1,4,2,3,3,5,2,2,2,6,7,4,9,7,7,5,6,10,5,13,2,11,8,8,11,13,8,7,14,16,7,9,14,15,17,20,13,25,16,9,13,13,12,14,8,16,10,7,13,12,14,11,8,16,11,8,8,11,9,3,11,3,6,8,5,7,10,7,6,0,4,5,3,2,3,6,3,3,6,5,3,2,0,3,4,4,1,3,4,0,5,1,4,1,0,0,0,0,0,0,0,1,1,2,0,1,0,1,0,2,0,0,1,0,0,0,0,1,1,0,0,0,1,0,0,0,0,0,0,0,0,0,0,0,0,0,0,0,0,0,0,0,0,0,0,0,0,0,0,0,0,0,0,0,0,0,0,0,0,0,0,0,0,0,0,0,0,0,0,0,0,0,0,0,0,0
0,0,0,1,1,0,0,0,0,1,0,0,0,0,1,1,2,0,1,0,1,0,3,1,1,1,1,2,4,2,3,6,3,7,6,3,3,3,6,5,10,9,4,5,10,8,14,8,8,7,12,17,11,16,14,9,14,8,14,12,14,13,8,9,15,15,6,13,11,7,11,15,15,11,5,9,9,6,12,6,15,4,8,7,9,7,5,4,8,13,4,9,4,6,5,3,1,2,3,4,2,3,7,5,5,5,2,2,5,1,3,2,0,1,1,2,1,2,0,0,1,0,1,1,1,1,3,0,1,0,2,1,0,1,2,1,1,0,0,0,0,0,0,0,1,1,0,0,0,0,0,0,0,0,0,0,0,0,0,0,0,0,0,0,0,0,0,0,0,0,0,0,0,0,0,0,0,0,0,0,0,1,0,0,0,0,0,0,0,0,0,0,0,0,0,0,0,0,0,0
0,0,1,0,0,0,0,0,0,0,0,0,1,0,0,1,0,0,0,1,0,2,0,2,1,2,1,3,2,1,5,4,1,4,1,3,7,7,5,3,7,14,3,7,11,12,3,11,10,10,12,10,6,11,5,14,5,10,16,12,6,9,12,15,13,14,10,12,11,13,13,10,11,9,10,8,20,8,12,7,10,6,15,10,10,7,17,5,5,6,8,5,3,7,8,4,6,4,3,3,5,2,8,3,0,4,5,1,4,1,1,1,5,6,1,2,1,0,4,1,1,1,0,1,0,0,1,2,1,0,2,0,1,0,1,0,1,0,0,0,0,0,0,1,0,0,0,0,0,0,0,0,0,0,0,0,0,0,0,0,0,0,0,0,0,0,0,0,0,0,0,0,0,0,0,0,0,0,0,0,0,0,0,0,0,0,0,0,0,0,0,0,0,0,0,0,0,0,0,0
1,0,0,0,0,0,0,0,0,0,0,0,0,0,0,1,0,1,0,1,0,0,1,1,3,2,3,1,0,2,1,5,5,4,8,4,9,0,7,5,5,5,8,5,17,9,9,7,8,14,12,13,5,16,9,14,15,7,11,12,8,10,13,12,16,14,12,14,17,7,12,9,6,13,13,9,9,10,13,10,11,8,11,9,6,3,11,7,6,4,6,6,5,4,5,5,6,2,6,4,6,6,1,2,6,0,3,1,0,4,1,1,7,5,1,2,3,3,1,1,0,1,1,1,1,1,3,1,0,0,0,0,1,0,1,1,1,0,0,0,1,0,0,0,1,0,0,0,0,0,0,0,0,0,0,0,1,0,0,0,0,0,0,0,0,0,0,0,0,0,0,0,0,0,0,0,0,0,0,0,0,0,0,0,0,0,0,0,0,0,0,0,0,0,0,0,0,0,0,0
0,0,1,0,0,0,0,0,0,2,0,0,0,0,1,0,1,0,2,1,2,1,2,0,1,0,5,2,4,0,2,4,5,2,4,6,9,4,5,5,4,3,5,4,7,6,7,11,7,9,9,8,14,11,6,12,10,14,9,16,12,11,11,13,10,15,7,9,10,15,16,10,10,4,4,13,7,11,10,12,7,7,12,8,9,10,9,5,4,6,8,5,5,7,4,8,7,4,3,4,4,3,3,2,2,2,2,1,7,3,2,3,4,3,2,6,2,0,0,2,2,0,2,0,1,1,1,0,0,1,1,1,1,0,2,2,0,0,0,0,0,0,1,0,1,0,0,0,0,0,0,0,0,0,0,0,0,0,0,0,0,0,0,0,0,0,0,0,0,0,0,0,0,0,0,0,0,0,0,0,0,0,0,0,0,0,0,0,0,0,0,0,0,0,0,0,0,0,0,0
0,0,0,0,0,1,0,0,0,2,0,0,1,1,1,0,0,1,1,0,0,1,1,1,2,1,1,5,1,3,3,3,2,5,5,6,5,4,7,4,11,8,7,10,4,7,13,6,9,3,4,14,11,10,11,13,12,13,6,8,17,19,14,15,14,18,5,7,11,13,8,10,7,7,17,8,9,6,10,16,9,13,6,9,2,9,5,5,3,3,6,2,3,4,6,1,7,4,1,7,5,2,4,1,3,4,1,3,3,2,1,4,3,0,3,1,1,0,1,0,1,0,0,0,0,0,2,1,2,0,1,0,3,0,0,0,0,2,0,0,0,0,0,0,0,0,0,0,1,0,0,1,0,0,0,0,0,0,0,0,0,0,0,0,0,0,0,0,0,0,0,0,0,0,0,0,0,0,0,0,0,0,0,0,0,0,0,0,0,0,0,0,0,0,0,0,0,0,0,0
0,0,1,0,0,0,1,0,2,0,1,0,0,0,0,1,0,0,0,0,0,1,0,1,0,8,3,1,1,2,0,3,3,0,6,4,2,4,3,3,3,9,3,3,6,6,3,10,8,6,15,12,7,7,12,9,11,9,12,11,9,8,8,11,7,11,8,8,7,9,10,5,10,9,5,10,12,9,16,12,8,10,4,7,6,7,6,11,6,7,10,5,4,8,2,3,2,2,4,5,4,1,4,4,2,2,0,3,6,0,1,2,1,1,3,0,2,3,2,2,1,2,0,1,2,1,0,1,0,0,1,1,0,1,0,1,0,0,0,0,0,0,0,1,0,0,0,0,0,0,0,0,0,0,0,0,0,0,1,0,0,0,0,0,0,0,0,0,0,0,0,0,0,0,0,0,0,0,0,0,0,0,0,0,0,0,0,0,0,0,0,0,0,0,0,0,0,0,0,0
0,0,0,0,0,0,1,0,1,0,0,0,0,0,0,2,1,1,0,0,1,1,0,0,3,2,2,3,5,5,4,4,3,1,2,4,3,3,5,1,5,4,5,7,8,6,6,6,5,10,9,5,11,14,7,10,8,12,8,7,16,12,7,6,8,9,8,12,9,8,9,11,8,15,13,6,13,10,7,11,5,5,3,9,6,5,10,5,3,2,9,2,6,14,5,2,1,5,1,2,3,3,0,3,7,5,3,3,0,1,1,1,4,1,2,2,1,0,1,0,1,2,1,0,3,0,1,1,0,1,1,0,0,0,0,0,0,0,1,0,0,0,0,0,0,0,0,0,0,0,0,0,0,0,0,0,0,0,0,0,0,0,0,0,0,0,0,0,0,0,0,0,0,0,0,0,0,0,0,0,0,0,0,0,0,0,0,0,0,0,0,0,0,0,0,0,0,0,0,0
0,2,0,0,0,1,0,0,0,0,0,0,0,0,0,0,0,1,0,2,2,1,3,0,2,0,4,0,6,1,1,3,4,0,4,2,1,6,9,4,5,2,8,12,7,8,4,12,5,5,15,4,20,12,9,14,10,9,5,10,9,11,11,13,13,12,10,12,10,9,9,12,6,7,5,6,12,6,3,6,7,13,6,11,5,6,5,4,10,1,6,6,11,8,2,6,6,3,5,5,1,11,4,4,1,2,2,3,3,3,0,5,2,0,0,1,1,3,1,1,1,2,1,0,1,0,0,0,1,2,1,1,1,1,0,0,1,2,0,1,0,0,0,0,0,0,0,0,0,0,0,0,0,0,0,0,0,0,1,0,0,0,0,0,0,0,0,0,0,0,0,0,0,0,0,0,0,0,0,0,0,0,0,0,0,0,0,0,0,0,0,0,0,0,0,0,0,0,0,0
0,0,0,1,0,0,1,0,0,0,0,0,0,0,1,0,0,1,0,0,1,2,0,2,3,1,0,4,2,0,4,3,2,4,4,3,5,8,9,4,9,4,3,9,9,9,5,7,8,12,15,7,9,9,6,9,7,15,7,12,8,9,12,10,8,10,6,13,5,10,8,5,15,9,7,6,8,9,7,4,9,4,5,7,2,7,6,4,3,9,3,6,6,3,6,5,4,3,2,5,4,3,5,1,4,1,3,4,1,3,1,1,2,3,2,2,3,3,1,1,0,0,1,1,0,1,1,2,1,1,0,0,0,0,0,0,2,0,0,0,0,0,0,0,0,1,0,0,0,0,0,0,0,0,0,0,0,0,0,0,0,0,0,0,0,0,0,0,0,0,0,0,0,0,0,0,0,0,0,0,0,0,0,0,0,0,0,0,0,0,0,0,0,0,0,0,0,0,0,0
0,0,0,0,0,1,0,0,0,0,0,1,0,0,2,1,0,0,1,1,2,0,0,0,2,2,4,3,4,5,4,2,3,3,5,2,5,5,4,3,3,6,6,6,7,10,11,8,10,8,5,11,6,11,10,8,13,14,8,8,8,5,8,7,11,7,9,2,10,7,10,4,4,7,10,8,9,16,10,6,5,9,7,14,7,7,5,5,8,5,8,8,4,3,2,4,3,5,7,5,2,5,3,2,4,1,2,2,1,2,0,1,1,0,2,2,3,1,0,0,0,0,2,1,3,2,0,1,1,0,1,1,0,0,0,0,0,1,0,1,0,0,0,0,0,0,0,0,0,0,0,0,0,0,0,0,0,0,0,0,0,0,0,0,0,0,0,0,0,0,0,0,0,0,0,0,0,0,0,0,0,0,0,0,0,0,0,0,0,0,0,0,0,0,0,0,0,0,0,0
0,0,0,0,0,0,0,0,0,0,0,0,0,0,0,0,0,0,1,0,2,0,2,2,0,0,3,3,2,5,3,1,2,1,2,6,1,3,2,4,3,9,2,8,10,4,1,6,10,10,8,10,12,4,8,13,6,12,9,8,11,6,7,10,14,11,14,11,10,8,4,11,5,12,7,9,11,9,15,10,6,6,5,9,5,6,9,3,5,4,5,5,5,6,2,7,4,1,1,4,6,6,4,4,0,3,1,2,2,1,0,2,2,2,0,0,1,1,0,0,0,0,1,0,0,2,1,0,1,0,0,0,1,0,1,2,1,0,0,0,0,0,1,1,0,0,0,0,0,0,0,0,0,0,0,1,0,0,0,0,0,0,0,0,0,0,0,0,0,0,0,0,0,0,0,0,0,0,0,0,0,0,0,0,0,0,0,0,0,0,0,0,0,0,0,0,0,0,0,0
0,1,0,0,0,1,0,0,0,0,0,2,0,0,0,0,0,0,0,0,0,0,1,0,1,1,0,1,2,2,5,3,3,6,4,1,3,6,4,1,5,8,4,6,8,7,4,9,4,5,8,7,10,10,13,10,10,11,9,13,9,11,11,7,5,10,5,11,14,10,7,6,12,8,5,8,12,5,8,6,6,2,9,4,6,5,4,5,5,0,4,1,4,7,2,3,2,2,5,2,1,5,3,4,2,4,0,0,4,0,0,1,0,0,1,0,1,0,1,0,0,0,1,1,1,1,2,0,1,0,0,0,1,2,1,0,0,0,1,0,0,0,0,0,0,0,0,1,0,0,0,0,0,0,0,0,0,0,0,1,0,0,0,0,0,0,0,0,0,0,0,0,0,0,0,0,0,0,0,0,0,0,0,0,0,0,0,0,0,0,0,0,0,0,0,0,0,0,0,0
0,0,0,0,0,0,0,0,0,1,0,0,0,0,2,1,0,0,0,2,1,3,1,3,0,2,1,1,2,3,0,1,0,4,3,3,1,2,4,2,5,11,4,3,5,4,5,5,13,3,9,4,13,6,8,9,8,3,12,5,10,13,9,6,12,11,13,8,6,9,6,17,8,5,8,6,4,12,7,2,4,10,3,7,6,6,5,2,7,3,6,5,7,3,5,8,1,1,5,2,1,6,5,3,2,0,4,2,2,2,1,3,1,4,1,0,0,0,3,0,0,0,1,1,1,0,1,1,1,0,0,1,1,0,0,0,1,0,0,0,0,0,0,0,0,0,0,0,0,0,0,0,0,0,0,0,0,0,0,0,0,0,0,0,0,0,0,0,0,0,0,0,0,0,0,0,0,0,0,0,0,0,0,0,0,0,0,0,0,0,0,0,0,0,0,0,0,0,0,0
0,0,0,0,0,0,0,0,0,0,0,0,0,0,0,0,0,1,0,0,2,1,0,3,1,2,4,6,0,0,5,3,2,6,6,1,6,2,7,5,2,2,5,9,10,2,9,10,7,12,14,13,8,11,3,5,8,11,11,14,7,5,16,10,11,9,7,10,10,6,11,5,6,6,6,11,10,4,12,6,9,11,1,7,6,8,3,5,4,9,4,2,4,3,2,5,4,4,5,6,5,1,6,1,2,0,6,2,2,1,2,3,1,3,0,1,0,0,1,1,2,0,0,0,1,1,0,0,0,1,0,0,1,0,0,0,2,0,0,0,0,1,0,0,0,0,0,0,0,0,0,0,0,1,0,0,0,0,0,0,0,0,0,0,0,0,0,0,0,0,0,0,0,0,0,0,0,0,0,0,0,0,0,0,0,0,0,0,0,0,0,0,0,0,0,0,0,0,0,0
0,0,0,1,0,0,1,0,0,1,0,0,0,0,1,0,0,1,1,0,0,0,1,0,1,0,1,1,0,1,2,5,3,7,3,4,5,6,6,0,3,2,7,4,8,11,8,9,5,11,8,5,9,8,9,4,10,10,6,7,11,6,14,17,16,4,6,8,7,10,7,11,7,8,6,5,11,6,4,5,7,7,7,7,0,5,8,1,5,8,2,4,4,2,4,7,5,3,1,3,1,1,2,1,2,4,0,2,1,2,1,1,0,0,4,3,1,1,0,3,2,1,0,0,1,0,0,1,1,0,0,1,0,0,0,0,0,0,0,0,1,0,0,0,0,0,0,0,0,0,0,0,0,0,0,0,0,0,0,0,0,0,0,0,0,0,0,0,0,0,0,0,0,0,0,0,0,0,0,0,0,0,0,0,0,0,0,0,0,0,0,0,0,0,0,0,0,0,0,0
0,0,0,0,0,0,0,0,0,1,0,0,0,0,0,1,0,0,0,1,2,0,1,0,0,1,2,2,3,2,3,1,0,4,3,4,5,4,2,6,4,1,5,4,6,5,3,13,5,7,11,8,6,7,11,6,12,5,9,6,7,6,8,11,13,8,5,7,6,3,9,7,6,10,7,6,3,8,8,8,4,3,7,2,5,5,6,4,3,8,4,4,3,1,4,3,2,5,3,2,3,3,6,3,4,0,2,3,1,1,4,1,0,0,2,1,2,2,0,2,0,2,0,1,3,0,0,2,0,1,1,0,0,0,0,0,0,0,0,0,0,0,1,0,0,0,0,0,0,0,0,0,0,1,0,0,0,0,0,0,0,0,0,0,0,0,0,0,0,0,0,0,0,0,0,0,0,0,0,0,0,0,0,0,0,0,0,0,0,0,0,0,0,0,0,0,0,0,0,0
0,0,0,0,0,1,1,0,0,0,0,0,0,0,0,2,0,0,1,0,1,1,1,2,1,0,2,4,3,1,3,1,4,0,2,2,1,2,3,5,1,7,4,6,3,1,2,6,2,7,11,8,5,5,10,5,9,7,7,6,7,6,6,7,8,11,7,9,10,6,3,9,7,6,6,6,6,4,4,6,5,8,7,3,7,10,4,4,6,8,6,5,2,5,2,0,7,6,3,4,2,3,3,1,4,2,1,1,3,0,2,0,1,0,0,1,1,2,2,2,0,0,1,0,1,0,0,1,0,0,1,1,0,1,0,0,0,0,3,0,0,0,0,0,0,0,0,0,0,0,0,0,0,0,0,0,0,1,0,0,0,0,0,0,0,0,0,0,0,0,0,0,0,0,0,0,0,0,0,0,0,0,0,0,0,0,0,0,0,0,0,0,0,0,0,0,0,0,0,0
0,0,0,0,0,0,0,0,0,0,1,0,0,0,2,0,1,0,1,2,1,1,4,0,2,2,2,0,4,1,1,1,3,3,2,2,5,4,4,5,8,4,3,2,3,8,9,7,8,7,12,8,12,6,9,13,4,9,10,13,10,9,5,7,8,10,6,5,8,13,4,7,10,8,6,9,12,3,7,11,4,5,5,3,7,5,3,3,9,2,4,3,3,2,5,5,5,3,3,3,1,0,3,2,1,0,2,0,2,3,2,5,3,0,2,1,0,2,1,0,0,0,1,1,1,0,0,0,0,0,0,0,1,1,0,0,0,0,1,0,0,0,0,1,0,0,0,1,0,0,0,0,1,0,0,0,0,0,0,0,0,0,0,0,0,0,0,0,0,0,0,0,0,0,0,0,0,0,0,0,0,0,0,0,0,0,0,0,0,0,0,0,0,0,0,0,0,0,0,0
0,0,0,0,0,1,0,0,0,0,0,0,0,0,1,0,0,1,0,0,1,2,1,1,1,0,5,1,2,2,3,1,1,0,6,7,6,2,2,3,5,4,8,3,5,4,7,6,5,13,7,6,5,6,7,8,9,7,5,7,4,8,4,3,9,7,8,6,7,3,6,5,7,7,6,4,4,7,5,8,3,9,6,12,6,6,2,3,5,4,3,5,6,4,2,3,2,1,3,4,3,3,4,3,2,3,1,7,3,3,3,2,2,4,1,0,1,1,0,0,1,1,0,0,0,3,1,1,1,0,0,0,0,1,0,0,0,0,0,0,0,0,1,0,1,0,0,0,0,0,0,0,0,0,0,0,0,0,0,0,0,0,0,0,0,0,0,0,0,0,0,0,0,0,0,0,0,0,0,0,0,0,0,0,0,0,0,0,0,0,0,0,0,0,0,0,0,0,0,0
0,0,0,0,0,0,0,0,0,0,0,0,0,0,0,0,1,0,0,0,2,1,1,1,0,2,2,3,1,4,2,4,1,4,1,1,2,5,2,5,3,7,1,7,8,1,4,3,7,8,10,8,7,6,4,10,1,12,10,9,7,7,6,8,5,5,3,6,6,5,11,5,6,2,8,7,3,4,9,2,5,11,5,3,0,3,0,3,4,3,7,3,5,3,2,2,2,3,4,2,7,2,2,1,1,1,0,2,2,1,0,1,0,2,2,0,3,0,0,0,0,1,0,1,0,0,0,1,0,2,0,1,0,0,0,0,0,1,1,0,0,0,0,0,0,0,0,0,0,0,1,0,0,0,0,0,0,0,0,0,0,0,0,0,0,0,0,0,0,0,0,0,0,0,0,0,0,0,0,0,0,0,0,0,0,0,0,0,0,0,0,0,0,0,0,0,0,0,0,0
0,0,1,0,0,0,0,1,0,0,0,1,0,0,1,0,1,1,0,1,0,1,2,1,1,1,1,1,6,2,1,2,2,5,0,6,2,2,5,4,9,2,5,5,7,4,7,9,11,13,6,8,3,6,7,6,10,10,7,8,11,6,12,9,6,6,6,5,1,8,5,3,9,6,4,2,8,2,5,9,5,5,4,9,6,4,1,0,6,2,2,3,1,2,4,4,1,2,2,1,8,4,2,4,2,1,1,1,2,1,2,4,2,2,0,0,0,1,2,0,2,0,0,0,1,1,0,0,0,0,0,0,0,0,1,1,0,0,0,0,0,0,0,0,0,1,1,0,0,0,0,0,0,0,0,0,0,0,0,0,0,0,0,0,0,0,0,0,0,0,0,0,0,0,0,0,0,0,0,0,0,0,0,0,0,0,0,0,0,0,0,0,0,0,0,0,0,0,0,0
0,0,0,1,2,0,0,0,0,0,0,0,0,0,1,0,0,1,1,0,2,1,2,2,0,1,2,2,2,1,5,2,0,2,3,3,4,5,2,3,4,9,5,5,2,9,5,4,7,9,6,12,6,4,11,12,11,9,7,5,11,5,6,11,5,7,12,10,12,6,4,5,9,8,9,6,8,4,5,10,3,3,5,5,4,3,2,3,5,3,4,3,1,0,3,2,1,5,1,3,3,1,2,1,2,0,2,2,0,2,0,0,2,0,2,2,0,0,0,2,1,1,0,0,0,0,1,0,0,1,0,0,2,0,1,0,0,0,0,0,0,0,0,0,0,0,0,0,0,0,0,0,0,0,0,0,0,0,0,0,0,0,0,0,0,0,0,0,0,0,0,0,0,0,0,0,0,0,0,0,0,0,0,0,0,0,0,0,0,0,0,0,0,0,0,0,0,0,0,0
0,0,0,0,0,0,0,0,0,0,1,0,0,0,0,0,1,1,0,0,1,1,0,1,1,1,3,1,1,5,3,1,2,6,4,4,3,3,6,1,4,3,2,5,8,2,6,4,7,5,7,8,5,10,2,3,8,4,7,3,10,8,6,4,7,10,7,5,6,8,6,8,4,5,4,5,5,7,10,6,8,3,6,3,2,6,2,5,5,1,0,4,2,4,3,3,3,1,4,1,2,3,2,1,4,2,1,2,2,2,1,2,0,0,1,2,0,1,1,0,1,0,4,1,0,0,1,1,0,0,0,0,0,1,1,0,0,0,0,0,0,0,0,0,1,0,0,0,0,0,0,0,0,0,0,0,0,0,0,0,0,0,0,0,0,0,0,0,1,0,0,0,0,0,0,0,0,0,0,0,0,0,0,0,0,0,0,0,0,0,0,0,0,0,0,0,0,0,0,0
0,0,0,0,1,0,0,0,0,0,0,0,1,0,0,0,0,1,0,0,0,2,2,0,2,1,2,1,1,1,6,1,2,0,4,6,4,3,1,4,4,8,4,3,8,9,5,3,4,3,8,8,9,6,6,6,8,6,7,12,3,3,7,8,8,10,7,6,6,2,4,7,5,8,6,7,5,10,5,7,4,2,5,2,6,5,9,3,1,1,5,0,3,4,2,4,2,3,0,2,1,3,1,1,2,3,0,2,0,0,1,0,1,0,2,2,3,0,3,0,2,0,1,2,0,1,0,0,0,1,0,1,0,2,1,0,0,0,0,0,0,0,0,1,0,0,0,0,0,0,0,0,0,1,0,0,0,0,0,0,0,0,0,0,0,0,0,0,0,0,0,0,0,0,0,0,0,0,0,0,0,0,0,0,0,0,0,0,0,0,0,0,0,0,0,0,0,0,0,0
0,0,0,1,0,0,0,0,0,0,0,0,0,0,0,0,0,1,0,0,0,0,2,0,0,1,2,2,3,1,3,1,4,3,4,4,1,0,2,3,1,4,4,2,4,3,5,3,3,8,7,5,7,4,7,11,6,6,7,6,6,6,9,10,6,6,7,10,7,5,6,6,3,4,10,6,4,2,4,2,7,3,6,3,5,6,4,2,7,6,5,3,4,3,4,6,2,1,3,3,2,4,3,0,4,3,1,3,1,5,2,2,1,1,0,1,0,0,2,2,1,0,0,1,0,0,1,0,0,0,0,0,0,0,0,0,0,0,0,0,0,0,0,0,0,0,0,0,0,0,0,0,0,0,0,0,0,0,0,0,0,0,0,0,0,0,0,0,0,0,0,0,0,0,0,0,0,0,0,0,0,0,0,0,0,0,0,0,0,0,0,0,0,0,0,0,0,0,0,0
0,0,0,0,0,0,0,0,0,0,0,0,0,0,0,1,1,2,0,1,0,0,2,0,1,1,3,0,3,0,3,2,0,2,2,0,2,3,3,1,4,5,3,4,7,5,3,5,6,8,7,4,9,7,3,6,5,11,8,7,4,6,12,8,4,6,7,6,5,9,3,10,12,5,7,8,7,6,1,8,1,3,3,3,6,1,4,2,3,2,6,4,3,5,2,0,4,5,0,3,3,3,1,1,0,2,0,1,2,2,0,0,0,0,0,2,1,1,1,1,1,0,0,0,0,1,0,0,1,2,1,0,0,0,0,1,0,1,0,1,0,0,0,0,0,0,1,0,0,0,0,0,0,0,0,0,1,0,0,0,0,0,0,0,0,0,0,0,0,0,0,0,0,0,0,0,0,0,0,0,0,0,0,0,0,0,0,0,0,0,0,0,0,0,0,0,0,0,0,0
0,0,0,0,0,0,0,0,0,1,0,0,0,0,0,1,0,0,0,1,0,1,0,0,0,0,0,0,3,2,1,1,1,0,4,4,3,3,8,2,5,2,3,3,3,2,2,4,6,9,4,5,6,4,8,0,3,7,6,6,11,3,6,11,7,7,5,4,2,6,5,5,7,5,7,8,10,7,3,6,8,7,2,3,2,3,3,4,3,6,4,3,0,4,2,3,1,4,1,0,0,1,1,3,1,0,2,0,1,2,0,0,1,4,0,2,0,4,1,0,0,0,1,0,1,0,0,1,0,0,0,0,0,0,0,0,1,0,0,0,0,0,0,0,0,0,0,0,0,0,0,0,0,1,0,0,0,0,0,0,0,0,0,0,0,0,0,0,0,0,0,0,0,0,0,0,0,0,0,0,0,0,0,0,0,0,0,0,0,0,0,0,0,0,0,0,0,0,0,0
0,0,1,0,0,0,0,0,0,0,0,0,0,0,0,0,0,0,0,0,0,3,0,1,1,1,1,1,2,4,1,4,3,2,4,3,2,5,1,6,1,3,4,2,3,6,7,3,5,6,5,8,12,4,9,4,9,6,15,9,4,5,2,8,7,5,8,5,12,6,5,4,2,2,6,4,5,5,4,3,5,4,4,4,6,6,3,3,1,2,3,5,4,3,3,1,1,2,2,2,0,2,0,0,1,2,1,2,1,2,1,0,0,1,1,0,1,1,2,0,0,2,0,0,0,2,1,0,0,0,0,1,1,1,1,0,0,0,0,0,0,0,1,0,0,0,0,0,0,0,1,0,0,0,0,0,0,0,0,0,0,0,0,0,0,0,0,0,0,0,0,0,0,0,0,0,0,0,0,0,0,0,0,0,0,0,0,0,0,0,0,0,0,0,0,0,0,0,0,0
0,0,0,0,0,0,0,0,0,0,0,0,0,0,0,0,0,1,0,0,1,0,0,0,1,0,0,3,1,0,1,0,2,1,2,3,3,3,3,1,1,4,1,2,3,7,3,1,3,5,6,5,8,7,2,12,6,7,7,7,4,7,8,7,4,6,9,8,11,5,5,9,5,4,4,6,4,6,4,2,2,5,4,3,5,2,3,5,3,4,2,3,3,1,3,1,1,3,5,2,3,2,2,1,2,1,1,2,0,0,2,1,2,1,0,1,0,1,2,0,1,0,0,0,1,0,0,0,0,0,0,1,2,0,0,0,1,1,0,0,0,0,0,1,0,0,0,0,0,0,0,0,0,0,0,0,0,0,0,0,0,0,0,0,0,0,0,0,0,0,0,0,0,0,0,0,0,0,0,0,0,0,0,0,0,0,0,0,0,0,0,0,0,0,0,0,0,0,0,0
1,0,0,0,0,1,0,0,0,0,0,0,0,0,0,0,0,0,0,1,1,2,1,0,2,1,1,0,2,1,2,3,1,5,5,5,4,2,2,6,3,5,5,6,1,4,10,3,4,8,4,6,4,6,5,6,9,7,6,8,11,6,4,12,3,9,7,5,5,10,7,5,5,9,6,7,8,4,6,4,1,6,1,6,1,3,1,2,2,2,3,4,3,0,2,1,2,0,0,1,2,0,2,0,0,2,2,1,1,0,2,1,1,2,2,0,0,0,0,1,2,0,0,1,0,0,1,0,0,0,0,0,0,0,0,0,0,0,0,0,0,0,0,0,0,0,0,1,0,0,0,0,0,0,0,0,0,0,0,1,0,0,0,0,0,0,0,0,0,0,0,0,0,0,0,0,0,0,0,0,0,0,0,0,0,0,0,0,0,0,0,0,0,0,0,0,0,0,0,0
0,0,0,0,0,0,0,0,0,0,0,0,0,0,0,0,0,0,0,0,2,0,0,0,1,1,2,1,1,3,0,2,2,0,4,0,1,3,2,4,3,5,4,3,2,3,5,3,3,7,4,4,5,4,7,5,7,7,7,1,5,2,7,2,8,3,6,5,4,6,4,5,8,3,6,3,4,3,0,4,3,6,4,3,5,1,2,6,2,6,2,2,1,2,3,5,1,0,4,3,3,3,0,4,0,1,1,2,6,1,2,0,4,0,0,1,1,2,0,1,2,1,0,0,0,0,0,0,1,1,0,1,0,0,0,0,0,0,0,0,0,0,0,0,0,0,0,0,0,0,0,0,0,0,0,1,0,0,0,0,0,0,0,0,0,0,0,0,0,0,0,0,0,0,0,0,0,0,0,0,0,0,0,0,0,0,0,0,0,0,0,0,0,0,0,0,0,0,0,0
0,0,0,0,0,0,0,0,0,0,0,0,0,0,0,0,0,0,2,0,0,0,0,0,0,0,0,1,0,2,2,0,3,3,2,1,3,2,2,0,5,1,4,6,4,1,4,2,3,12,4,4,7,4,5,7,8,3,2,7,4,5,7,4,3,5,2,5,7,5,5,3,7,3,4,2,8,2,4,3,4,5,2,1,2,6,4,3,4,2,4,5,1,0,7,1,0,4,2,2,1,0,1,4,1,0,0,3,1,0,2,1,5,0,0,0,0,1,0,3,0,1,0,0,0,0,1,0,0,1,0,0,0,0,0,0,1,0,0,0,0,0,0,0,0,0,0,0,0,0,0,0,1,0,0,0,0,0,0,0,0,0,0,0,0,0,0,0,0,0,0,0,0,0,0,0,0,0,0,0,0,0,0,0,0,0,0,0,0,0,0,0,0,0,0,0,0,0,0,0
0,0,0,0,1,0,0,0,0,1,0,0,0,0,1,0,1,0,0,0,1,3,2,2,0,0,1,1,0,0,1,1,1,1,3,3,2,1,4,1,2,5,2,4,7,2,5,5,9,4,2,5,6,6,6,1,3,3,2,7,2,5,4,5,8,7,8,6,1,3,4,1,5,3,4,7,4,1,6,5,6,3,2,6,2,0,2,4,2,5,1,1,3,0,0,0,4,2,1,0,0,2,1,0,1,2,3,1,1,1,1,0,0,0,2,1,1,0,1,0,1,0,0,0,0,0,0,2,1,0,2,1,1,0,0,2,0,0,0,0,0,0,0,0,0,0,0,0,0,0,0,0,0,0,0,0,0,0,1,0,0,0,0,0,0,0,0,0,0,0,0,0,0,0,0,0,0,0,0,0,0,0,0,0,0,0,0,0,0,0,0,0,0,0,0,0,0,0,0,0
0,0,0,1,0,0,0,0,1,0,0,0,1,0,0,0,0,0,2,0,0,0,0,1,3,1,1,0,0,2,0,0,1,4,1,3,2,3,2,4,5,5,6,5,8,6,8,3,5,4,4,7,5,3,2,3,5,8,3,5,5,6,6,7,1,4,4,6,6,3,2,4,5,4,5,4,3,4,5,8,0,2,1,1,2,2,2,4,2,3,4,1,2,2,2,2,0,4,1,0,3,3,1,2,1,1,1,1,0,0,0,0,1,1,0,1,0,0,0,2,0,0,1,1,0,1,2,0,0,0,0,0,0,0,0,1,0,0,0,0,0,0,0,0,0,0,0,0,0,0,0,0,0,0,0,0,0,0,0,0,0,0,0,0,0,0,1,0,0,0,0,0,0,0,0,0,0,0,0,0,0,0,0,0,0,0,0,0,0,0,0,0,0,0,0,0,0,0,0,0
0,0,0,0,0,0,0,0,0,0,0,0,0,0,0,1,0,0,0,1,1,1,0,1,1,1,0,0,1,1,0,0,0,1,2,3,2,1,2,2,2,7,4,1,5,6,3,4,8,4,4,0,5,5,3,6,5,4,5,3,2,2,6,5,6,5,5,8,1,3,3,3,2,6,6,1,2,1,5,3,1,5,4,5,0,5,2,2,3,1,3,4,3,0,0,2,3,0,0,0,0,2,2,1,3,0,1,0,2,1,0,0,1,2,0,0,2,0,0,1,0,0,0,0,0,0,0,0,2,0,1,0,0,0,0,0,0,0,1,0,0,0,0,0,0,0,0,0,0,0,0,0,0,0,0,0,0,0,0,0,0,0,0,0,0,0,0,0,0,0,0,0,0,0,0,0,0,0,0,0,0,0,0,0,0,0,0,0,0,0,0,0,0,0,0,0,0,0,0,0
0,0,0,0,1,0,0,0,0,0,0,0,0,1,1,1,0,0,0,0,1,0,2,0,1,2,1,0,2,2,1,1,2,2,4,0,0,2,3,0,0,1,8,3,6,1,3,6,5,6,4,2,4,6,2,3,6,6,6,6,5,5,3,5,7,4,7,5,5,4,0,3,5,5,3,3,4,4,3,10,2,5,3,1,1,5,3,3,7,2,0,3,2,1,2,1,3,3,0,3,1,1,0,2,0,1,0,1,1,0,0,2,0,0,0,1,0,1,2,0,0,2,0,0,1,0,0,1,1,0,0,0,0,0,0,0,0,0,0,0,0,0,0,0,0,0,0,0,0,0,0,0,0,0,0,0,0,0,0,0,0,0,0,0,0,0,0,0,0,0,0,0,0,0,0,0,0,0,0,0,0,0,0,0,0,0,0,0,0,0,0,0,0,0,0,0,0,0,0,0
0,0,1,0,1,0,0,0,0,0,0,1,0,0,0,0,0,2,0,2,0,0,0,3,1,3,0,1,1,0,2,1,1,4,1,2,0,1,5,1,1,1,5,4,2,3,4,4,6,2,3,3,6,6,2,1,7,7,5,3,5,8,5,4,8,7,4,8,3,2,3,5,4,5,6,3,8,3,3,4,5,4,2,4,4,3,2,2,5,1,2,4,2,1,3,3,3,2,3,5,3,3,0,0,0,2,0,1,3,2,2,0,1,0,0,2,1,0,0,0,2,2,0,0,2,0,0,0,1,1,0,0,0,0,0,0,1,0,0,0,0,0,0,0,0,0,0,0,0,0,1,0,0,0,0,0,0,0,0,0,0,0,0,0,0,0,0,0,0,0,0,0,0,0,0,0,0,0,0,0,0,0,0,0,0,0,0,0,0,0,0,0,0,0,0,0,0,0,0,0
0,0,1,0,0,0,0,0,0,0,0,0,0,0,0,0,0,0,2,0,0,0,1,0,3,1,3,1,0,0,1,1,2,2,4,5,1,3,6,1,0,4,1,4,4,1,0,2,2,4,4,5,3,6,5,4,7,3,3,7,4,7,10,2,4,8,9,6,4,1,4,6,6,1,4,2,4,3,2,6,2,3,4,1,3,2,0,3,3,1,2,1,1,2,2,1,2,1,2,0,1,1,3,4,0,2,1,0,0,2,0,0,0,0,0,1,1,0,2,1,0,0,1,1,0,2,0,0,0,0,0,2,0,0,0,0,0,1,0,0,0,0,0,0,0,0,0,0,0,0,0,0,0,0,0,0,0,0,0,0,0,0,0,0,0,0,0,0,0,0,0,0,0,0,0,0,0,0,0,0,0,0,0,0,0,0,0,0,0,0,0,0,0,0,0,0,0,0,0,0
0,0,0,0,0,0,0,0,0,0,0,0,0,0,0,0,1,0,0,0,1,2,1,1,0,4,3,1,0,3,1,2,0,1,3,3,0,2,3,3,3,5,4,2,2,3,4,2,3,8,3,5,3,1,2,0,10,5,9,4,5,3,4,4,5,6,5,3,1,2,4,1,3,3,2,2,4,4,1,4,3,4,4,2,1,2,3,1,3,2,1,3,3,3,2,3,2,0,2,1,0,1,0,3,3,0,1,0,0,0,0,3,0,1,0,0,1,0,2,1,1,0,0,0,1,1,0,1,0,2,0,0,1,0,0,0,0,0,0,0,0,0,0,0,0,1,0,0,0,0,0,0,0,0,0,0,0,0,0,0,0,0,0,0,0,0,0,0,0,0,0,0,0,0,0,0,0,0,0,0,0,0,0,0,0,0,0,0,0,0,0,0,0,0,0,0,0,0,0,0
2,0,1,0,0,0,0,1,2,0,1,0,0,0,2,1,0,0,0,0,0,2,2,0,1,0,0,1,0,2,0,1,2,2,1,4,3,1,1,1,2,3,1,1,2,2,3,3,4,3,8,5,7,6,6,1,5,3,3,1,6,4,12,4,4,6,1,4,10,9,3,5,7,7,3,5,7,2,3,7,6,2,1,0,6,3,0,4,1,2,0,3,1,2,1,0,2,0,1,4,1,0,0,0,2,2,1,1,5,1,1,0,0,2,0,1,0,0,1,0,1,1,0,0,0,0,1,0,0,0,0,0,0,0,0,0,0,0,0,0,1,0,0,0,0,0,0,0,0,1,0,0,0,0,1,0,0,0,0,0,0,0,0,0,0,0,0,0,0,0,0,0,0,0,0,0,0,0,0,0,0,0,0,0,0,0,0,0,0,0,0,0,0,0,0,0,0,0,0,0
0,0,0,0,0,0,1,0,0,0,0,1,1,0,0,0,0,0,1,0,1,0,1,0,0,0,0,0,1,1,0,2,0,2,2,2,4,3,4,2,0,3,0,3,4,4,4,4,5,6,4,4,3,4,2,3,7,4,6,2,5,9,4,4,3,4,4,5,7,5,2,4,5,2,5,7,3,4,1,3,4,5,4,3,4,4,1,0,0,1,4,0,3,3,0,2,1,1,2,1,1,1,1,0,1,0,0,0,0,0,0,0,1,1,1,2,0,0,0,0,0,0,1,0,0,0,0,0,0,0,0,0,0,0,0,0,2,0,0,0,0,0,0,0,0,0,0,0,0,0,0,0,0,0,0,0,0,0,0,0,0,0,0,0,0,0,0,0,0,0,0,0,0,0,0,0,0,0,0,0,0,0,0,0,0,0,0,0,0,0,0,0,0,0,0,0,0,0,0,0
0,0,0,0,0,0,0,0,0,0,0,0,0,0,0,0,0,0,0,0,0,1,0,0,2,1,3,1,1,1,1,1,4,1,1,1,2,1,1,2,1,1,2,1,2,5,2,2,4,2,4,3,5,4,5,3,2,5,6,3,3,4,4,6,3,2,4,8,6,7,4,3,6,5,2,3,3,4,3,1,2,1,7,3,2,3,3,4,1,2,1,4,1,4,2,0,0,0,1,1,1,1,0,1,2,1,0,0,1,1,0,0,0,2,0,1,0,1,0,0,1,0,0,0,0,0,0,0,0,0,0,0,0,0,0,0,0,0,0,0,0,0,1,0,0,0,0,0,0,0,0,0,0,0,0,1,0,0,0,0,0,0,0,0,0,0,0,0,0,0,0,0,0,0,0,0,0,0,0,0,0,0,0,0,0,0,0,0,0,0,0,0,0,0,0,0,0,0,0,0
0,0,0,0,1,0,0,0,2,0,0,0,0,0,0,0,0,0,0,0,1,1,0,1,0,0,0,1,1,1,0,0,1,1,3,1,1,1,3,1,3,1,4,3,2,1,2,4,5,8,5,2,3,5,7,2,1,3,4,3,3,3,6,5,2,2,4,5,5,6,1,7,5,0,1,5,2,5,6,4,3,2,3,0,0,2,1,3,2,3,3,0,1,2,3,2,0,0,0,0,1,3,4,0,0,1,0,0,0,0,2,0,0,2,0,1,0,1,0,0,0,0,1,0,0,1,0,0,0,1,0,0,0,0,0,0,1,0,0,0,0,0,0,0,0,0,0,0,0,0,0,0,0,0,0,0,0,0,0,0,0,0,0,0,0,0,0,0,0,0,0,0,0,0,0,0,0,0,0,0,0,0,0,0,0,0,0,0,0,0,0,0,0,0,0,0,0,0,0,0
0,0,0,0,0,0,0,0,1,0,0,1,0,0,0,0,0,0,0,0,0,2,0,0,2,0,0,0,0,3,2,0,0,1,3,0,1,2,1,5,2,2,4,4,6,1,2,1,5,3,2,3,7,2,5,5,4,3,3,6,6,6,5,3,3,4,5,5,5,4,6,5,3,3,4,7,5,4,3,3,2,1,4,1,3,3,6,3,2,2,5,3,1,2,0,0,1,0,1,2,1,1,1,0,0,0,1,2,0,0,0,1,1,0,0,0,1,0,0,0,0,0,1,1,1,0,1,0,1,0,0,0,0,0,0,0,0,0,0,0,0,0,0,0,0,0,0,0,1,0,0,0,0,0,0,0,0,0,0,0,0,0,0,0,0,0,0,0,0,0,0,0,0,0,0,0,0,0,0,0,0,0,0,0,0,0,0,0,0,0,0,0,0,0,0,0,0,0,0,0
0,0,0,0,1,0,0,1,0,1,0,0,0,0,0,0,0,2,1,1,0,0,1,1,0,0,1,1,0,1,1,2,2,0,0,1,0,1,5,1,5,2,2,4,2,2,4,3,3,2,2,5,2,5,9,3,4,8,1,3,3,4,2,3,3,5,6,5,1,5,3,4,4,3,3,4,3,3,3,2,2,4,4,2,3,2,1,2,1,4,1,2,1,1,2,1,0,1,1,1,2,1,1,2,0,1,1,0,0,0,0,1,0,0,0,0,1,0,0,2,0,1,0,0,0,0,0,0,0,0,0,1,0,0,0,0,1,0,0,0,0,0,0,0,0,0,0,0,0,0,0,0,0,0,0,0,0,0,0,0,0,0,0,0,0,0,0,0,0,0,0,0,0,0,0,0,0,0,0,0,0,0,0,0,0,0,0,0,0,0,0,0,0,0,0,0,0,0,0,0
0,0,0,0,0,0,0,0,0,0,0,0,1,0,0,0,0,0,0,0,0,1,1,1,0,1,2,0,2,1,0,1,1,2,0,1,3,1,6,2,4,1,3,5,4,3,3,4,3,6,5,5,4,3,3,5,5,3,3,4,6,6,4,1,1,2,3,3,1,3,1,0,3,5,0,5,1,2,1,3,1,5,0,1,3,1,0,0,0,3,2,2,0,1,2,1,0,0,1,4,1,2,4,0,0,0,1,0,1,2,0,0,1,1,0,0,0,0,2,0,0,1,0,0,0,1,0,0,0,0,0,0,0,0,1,0,0,0,1,0,0,0,0,0,0,0,0,0,0,0,0,0,0,0,0,0,0,0,0,0,0,0,0,0,0,0,0,0,0,0,0,0,0,0,0,0,0,0,0,0,0,0,0,0,0,0,0,0,0,0,0,0,0,0,0,0,0,0,0,0
0,0,0,0,0,0,0,0,0,0,0,0,0,0,0,1,0,0,1,0,0,0,2,2,1,1,3,4,0,2,0,1,0,1,1,3,0,2,3,4,2,3,3,1,1,4,2,3,2,8,5,1,3,4,3,5,4,5,1,2,7,3,3,7,3,3,1,5,2,8,4,2,3,0,3,6,3,1,9,0,2,2,2,2,1,0,1,1,3,4,0,2,0,3,4,2,2,0,0,1,0,0,1,3,0,0,0,0,2,1,1,2,0,0,0,2,1,0,0,1,0,1,2,0,0,0,0,0,0,1,0,0,0,0,0,0,0,0,0,0,0,0,0,0,0,0,0,0,0,0,0,0,0,0,0,0,0,0,1,0,0,0,0,0,0,0,0,0,0,0,0,0,0,0,0,0,0,0,0,0,0,0,0,0,0,0,0,0,0,0,0,0,0,0,0,0,0,0,0,0
0,0,1,0,0,0,0,0,0,0,0,0,0,0,0,1,2,0,0,1,0,1,0,0,1,1,0,2,1,1,1,2,1,0,1,0,1,1,2,1,4,1,2,3,6,2,5,0,2,4,1,4,2,4,2,0,5,5,0,3,3,3,1,2,1,6,1,5,4,2,3,1,2,2,1,1,4,2,2,2,0,0,2,3,1,1,0,1,1,4,3,1,2,0,2,0,2,2,0,0,0,0,1,2,0,1,1,1,0,1,0,0,0,0,0,1,0,1,0,0,0,0,0,1,0,0,0,0,0,0,0,0,0,0,0,0,0,0,0,0,0,0,0,0,0,1,0,0,0,0,0,0,0,0,0,0,0,0,0,0,0,0,0,0,0,0,0,0,0,0,0,0,0,0,0,0,0,0,0,0,0,0,0,0,0,0,0,0,0,0,0,0,0,0,0,0,0,0,0,0
0,0,0,0,0,0,0,0,1,0,0,0,0,0,0,0,1,1,2,0,0,0,0,0,0,0,0,2,0,1,1,2,0,2,0,2,2,3,2,1,2,2,1,1,1,1,5,2,3,5,3,4,3,1,5,7,0,3,6,4,6,6,5,4,0,4,0,6,3,2,1,4,2,2,2,1,0,2,5,0,2,2,1,2,2,1,2,2,2,2,0,1,1,1,1,1,1,0,0,0,0,0,2,1,1,0,2,0,2,1,1,2,0,0,2,0,0,1,0,0,0,1,0,0,0,0,0,1,0,0,0,0,0,0,0,0,0,1,0,0,0,0,0,0,0,0,0,0,0,0,0,0,0,0,0,0,0,0,0,0,0,0,0,0,0,0,0,0,0,0,0,0,0,0,0,0,0,0,0,0,0,0,0,0,0,0,0,0,0,0,0,0,0,0,0,0,0,0,0,0
0,0,0,0,0,0,0,0,0,0,0,0,0,0,0,0,0,0,0,0,1,0,0,1,1,0,4,0,2,1,0,1,2,1,1,0,0,5,4,2,1,4,1,3,3,3,3,3,1,3,2,5,3,2,6,5,4,4,3,5,2,3,2,1,3,3,2,2,3,1,3,4,4,4,0,6,2,2,0,0,3,2,2,0,0,1,4,3,2,3,3,1,1,0,3,2,3,3,2,1,1,0,2,0,0,1,0,0,2,0,0,1,0,1,0,0,1,0,0,0,0,1,0,0,0,1,0,0,1,0,0,0,0,0,0,0,0,0,0,0,0,0,0,0,0,0,0,0,0,0,0,0,0,0,0,0,0,0,0,0,0,0,0,0,0,0,0,0,0,0,0,0,0,0,0,0,0,0,0,0,0,0,0,0,0,0,0,0,0,0,0,0,0,0,0,0,0,0,0,0
0,0,0,0,0,0,0,0,0,0,0,0,0,0,0,0,0,0,1,0,0,3,0,0,0,0,0,3,0,0,2,0,0,0,1,1,1,1,1,5,4,3,2,4,2,1,2,3,1,2,2,2,2,2,2,4,6,3,4,5,3,3,5,2,5,9,2,2,2,3,3,1,2,0,4,3,3,4,4,1,0,3,3,3,4,1,2,3,3,0,3,2,2,0,0,2,1,1,0,1,1,2,0,3,0,2,0,0,0,1,1,0,0,0,0,1,1,1,0,0,0,1,0,1,0,0,0,0,0,0,1,0,0,0,0,1,0,0,0,0,1,0,0,0,0,0,0,0,0,0,0,0,0,0,0,0,0,0,0,0,0,0,0,0,0,0,0,0,0,0,0,0,0,0,0,0,0,0,0,0,0,0,0,0,0,0,0,0,0,0,0,0,0,0,0,0,0,0,0,0
0,0,0,0,0,0,0,0,1,0,0,0,0,0,1,1,0,0,1,0,0,0,0,0,1,0,1,3,0,0,0,0,1,1,2,1,2,1,4,4,1,0,3,6,2,2,2,2,0,2,3,5,4,3,2,4,4,3,3,3,2,3,3,3,2,5,2,3,5,2,4,6,5,4,1,3,3,5,2,3,1,1,0,2,1,0,2,1,2,2,1,1,0,1,2,0,2,1,0,2,0,3,1,0,1,0,0,0,0,1,1,0,1,1,1,2,0,0,0,0,0,0,0,1,0,0,0,0,0,0,0,0,0,0,0,0,1,0,0,0,0,0,0,0,0,0,0,0,0,0,0,0,0,0,0,0,1,0,0,0,0,0,0,0,0,0,0,0,0,0,0,0,0,0,0,0,0,0,0,0,0,0,0,0,0,0,0,0,0,0,0,0,0,0,0,0,0,0,0,0
0,0,0,0,0,0,0,0,0,1,0,0,0,0,1,0,0,0,0,0,1,1,0,0,0,2,1,0,0,2,1,1,3,2,1,1,0,3,3,3,0,0,1,1,5,2,1,4,1,2,4,3,2,5,3,2,5,3,2,1,2,1,4,5,3,5,3,3,3,4,4,4,3,1,2,5,0,1,2,2,0,1,4,2,2,2,1,2,0,2,0,0,2,0,2,1,0,1,0,1,0,0,1,1,0,0,0,0,0,0,0,0,1,0,0,0,0,0,2,1,0,0,0,0,0,0,0,0,0,0,0,0,0,0,1,0,0,1,0,0,0,0,0,0,0,0,0,0,0,0,0,0,0,0,0,0,0,0,0,0,0,0,0,0,0,0,0,0,0,0,0,0,0,0,0,0,0,0,0,0,0,0,0,0,0,0,0,0,0,0,0,0,0,0,0,0,0,0,0,0
0,0,0,0,0,0,0,0,0,0,0,0,0,0,0,0,1,2,1,0,0,1,0,0,2,4,1,0,0,0,4,1,2,0,2,3,0,0,1,3,1,0,3,1,3,2,1,2,3,5,3,1,1,2,4,3,1,5,2,4,4,3,3,3,3,4,3,2,6,2,4,2,1,1,1,2,1,3,2,2,3,1,2,1,4,2,0,1,5,1,3,2,2,1,0,2,0,2,0,0,2,0,0,3,0,0,0,0,0,0,1,0,1,1,0,0,0,0,1,1,0,1,0,0,0,0,0,0,1,0,0,0,0,0,0,0,0,0,0,0,0,0,0,0,0,0,0,0,0,0,0,0,0,0,0,0,0,0,0,0,0,0,0,0,0,0,0,0,0,0,0,0,0,0,0,0,0,0,0,0,0,0,0,0,0,0,0,0,0,0,0,0,0,0,0,0,0,0,0,0
0,0,0,0,0,0,0,1,0,1,0,0,0,0,0,0,0,0,0,1,0,0,0,0,0,1,0,2,0,1,0,0,1,1,0,1,2,3,1,4,3,2,3,3,1,4,4,1,2,1,0,2,1,1,5,3,4,1,2,0,1,4,3,4,3,3,2,4,2,3,3,3,1,2,2,1,2,2,1,1,1,2,1,1,2,3,2,2,1,2,0,1,1,2,2,2,2,0,0,1,2,1,0,0,0,1,0,1,2,0,0,0,0,1,0,0,1,1,0,1,0,0,0,0,1,0,0,0,1,0,0,0,0,0,0,0,0,0,0,0,0,0,0,0,0,0,0,0,0,0,0,0,0,0,0,0,0,0,0,0,0,0,0,0,0,0,0,0,0,0,0,0,0,0,0,0,0,0,0,0,0,0,0,0,0,0,0,0,0,0,0,0,0,0,0,0,0,0,0,0
0,0,0,0,0,0,0,0,0,0,0,0,0,0,0,0,1,3,0,0,0,1,0,0,0,0,0,1,1,2,0,1,3,0,2,1,1,1,1,1,0,1,0,2,7,2,1,3,5,3,3,5,3,2,1,3,2,2,2,5,2,1,3,8,1,6,5,3,0,1,0,4,1,4,4,2,5,3,4,4,1,1,2,0,2,0,0,3,2,2,1,1,2,1,1,3,0,0,0,1,2,0,0,0,1,0,0,0,0,1,1,1,0,0,0,0,0,0,0,0,0,0,0,0,0,0,1,0,0,0,0,0,0,0,0,1,0,0,0,0,0,0,0,0,0,0,0,0,0,0,0,0,0,0,0,0,0,0,0,0,0,0,0,0,0,0,0,0,0,0,0,0,0,0,0,0,0,0,0,0,0,0,0,0,0,0,0,0,0,0,0,0,0,0,0,0,0,0,0,0
0,0,0,0,0,0,0,0,1,0,0,0,0,0,0,0,0,0,1,0,0,1,0,1,0,1,0,1,0,0,0,1,0,3,4,1,0,1,2,0,1,4,3,2,2,4,1,0,2,3,3,5,1,5,0,0,0,4,6,2,1,5,3,3,5,0,4,6,5,4,1,1,0,1,2,0,2,0,3,5,1,2,2,6,1,1,0,1,2,0,1,3,1,0,0,3,2,1,1,1,0,1,1,0,1,0,0,0,0,0,0,0,0,0,0,0,0,0,0,0,0,1,2,0,0,0,1,0,0,0,0,0,1,0,0,0,0,0,0,0,0,0,0,0,0,0,0,0,0,0,0,0,0,0,0,0,0,0,0,0,0,0,0,0,0,0,0,0,0,0,0,0,0,0,0,0,0,0,0,0,0,0,0,0,0,0,0,0,0,0,0,0,0,0,0,0,0,0,0,0
0,0,0,0,0,0,0,0,0,0,0,0,0,0,0,0,0,0,0,1,0,0,0,0,2,0,0,0,1,0,1,1,1,0,1,2,2,1,1,1,3,1,0,1,2,1,5,3,5,3,2,3,2,1,1,5,4,4,3,5,6,3,0,1,6,5,1,4,3,4,1,6,3,3,1,0,2,0,5,1,3,1,1,2,0,3,0,1,0,3,0,0,0,0,1,2,0,2,3,1,2,2,0,0,0,0,0,0,0,0,0,1,0,0,0,0,0,0,0,1,0,0,0,0,0,1,0,0,0,0,0,0,0,0,0,0,0,0,0,0,0,0,0,0,0,0,0,0,0,0,0,0,0,0,0,0,0,0,0,0,0,0,0,0,0,0,0,0,0,0,0,0,0,0,0,0,0,0,0,0,0,0,0,0,0,0,0,0,0,0,0,0,0,0,0,0,0,0,0,0
0,0,0,0,0,0,0,0,0,0,0,0,0,0,0,0,0,1,0,0,0,0,0,0,0,0,0,0,1,0,1,0,1,2,2,1,1,2,0,1,3,2,1,2,0,1,4,2,0,0,5,0,1,2,2,4,2,4,2,3,3,4,2,4,2,3,3,7,4,2,3,4,3,3,1,2,4,2,2,6,2,1,1,2,4,1,3,2,1,1,4,1,1,1,2,1,2,1,1,0,1,0,3,0,1,1,0,0,2,1,0,0,0,1,0,0,0,1,1,0,1,0,0,0,0,0,0,0,0,1,0,0,0,0,0,0,0,0,0,1,0,0,0,0,0,0,0,0,0,0,0,0,0,0,0,0,0,0,0,0,0,0,0,0,0,0,0,0,0,0,0,0,0,0,0,0,0,0,0,0,0,0,0,0,0,0,0,0,0,0,0,0,0,0,0,0,0,0,0,0
0,0,0,0,0,0,0,0,0,0,0,1,0,0,0,0,0,0,0,0,1,1,0,0,0,0,1,1,1,0,1,2,0,3,2,2,1,2,0,1,5,6,3,0,4,1,1,2,4,2,2,0,0,1,2,1,1,2,3,0,4,0,3,4,2,2,1,5,4,5,2,3,5,1,1,5,2,1,0,5,2,1,3,1,1,0,1,0,0,2,1,1,1,1,1,1,0,1,0,2,1,0,1,1,1,0,0,0,0,0,1,1,2,0,1,0,0,0,0,0,0,0,0,0,0,0,0,0,0,0,0,0,0,0,0,0,0,0,0,0,0,0,0,0,0,0,0,0,0,0,0,0,0,0,0,0,0,0,0,0,0,0,0,0,0,0,0,0,0,0,0,0,0,0,0,0,0,0,0,0,0,0,0,0,0,0,0,0,0,0,0,0,0,0,0,0,0,0,0,0
1,0,0,0,0,0,0,0,0,0,0,0,1,0,0,0,0,0,0,0,0,0,1,0,0,0,1,2,1,2,1,1,0,1,3,3,2,1,1,0,1,0,1,1,0,1,4,5,2,5,1,2,3,2,1,4,2,4,2,1,1,2,1,2,4,0,1,2,0,2,1,2,1,1,2,0,4,1,0,1,1,3,4,1,0,2,1,3,0,0,1,0,0,1,0,0,3,1,1,1,1,3,0,1,0,1,0,0,2,1,1,0,0,0,0,0,1,1,1,0,0,1,0,0,0,0,1,0,0,0,0,0,0,0,0,0,0,0,1,0,0,0,0,0,0,0,0,0,1,0,0,0,0,0,0,0,0,0,0,0,0,0,0,0,0,0,0,0,0,0,0,0,0,0,0,0,0,0,0,0,0,0,0,0,0,0,0,0,0,0,0,0,0,0,0,0,0,0,0,0
0,0,1,0,1,0,0,0,0,0,0,0,0,0,0,0,0,0,0,0,1,0,1,0,1,1,2,2,1,1,4,1,0,2,0,3,4,0,0,3,2,2,3,1,2,1,1,1,3,2,3,0,0,2,1,2,4,2,4,3,3,2,1,3,2,5,3,3,2,1,2,1,1,2,3,2,2,1,1,2,1,0,2,3,0,2,2,1,0,0,1,1,3,0,0,0,0,0,1,0,2,0,0,0,2,0,0,1,0,0,1,2,1,0,2,0,1,0,0,0,1,0,0,0,0,0,0,0,1,0,0,2,0,0,1,0,0,0,0,0,0,0,0,0,1,1,0,0,0,0,0,0,0,0,0,0,0,0,0,0,0,0,0,0,0,0,0,0,0,0,0,0,0,0,0,0,0,0,0,0,0,0,0,0,0,0,0,0,0,0,0,0,0,0,0,0,0,0,0,0
0,0,0,0,0,0,0,0,0,0,0,0,0,0,0,0,0,0,0,0,0,0,0,0,0,1,1,0,2,0,0,0,1,1,1,1,1,0,1,3,1,2,0,1,1,3,3,1,3,4,2,6,3,1,4,0,2,1,2,1,3,1,1,2,3,3,4,1,1,3,3,1,4,2,0,1,3,2,1,3,5,2,1,0,1,2,4,1,3,0,0,1,2,1,0,2,0,2,4,0,0,0,1,0,0,0,1,0,0,1,0,2,0,1,0,0,0,1,1,0,0,0,0,0,0,0,0,0,0,1,0,1,0,0,0,0,0,0,0,0,0,0,0,0,0,0,0,0,0,0,0,0,0,0,0,0,0,0,0,0,0,0,0,0,0,0,0,0,0,0,0,0,0,0,0,0,0,0,0,0,0,0,0,0,0,0,0,0,0,0,0,0,0,0,0,0,0,0,0,0
0,0,0,0,0,0,0,0,0,1,0,0,0,0,0,0,0,0,0,0,0,0,0,0,1,0,2,0,1,1,0,0,1,2,0,0,1,3,3,2,1,5,0,0,1,0,0,2,0,6,4,2,2,2,3,2,2,3,1,4,1,2,2,2,1,1,4,3,1,1,1,0,1,0,0,2,4,0,2,2,2,2,0,0,2,3,1,1,2,0,1,3,1,1,0,1,1,0,0,1,1,0,2,0,0,0,2,0,0,0,1,0,0,0,0,0,0,0,0,0,0,0,1,0,0,0,0,1,0,0,0,0,1,0,0,0,0,0,0,0,0,0,0,1,0,0,0,0,0,0,0,0,0,1,0,0,0,0,0,0,0,0,0,0,0,0,0,0,0,0,0,0,0,0,0,0,0,0,0,0,0,0,0,0,0,0,0,0,0,0,0,0,0,0,0,0,0,0,0,0
0,0,0,0,0,0,0,0,0,0,0,0,0,0,0,0,1,0,0,0,0,0,0,1,1,1,0,2,1,0,1,1,1,0,1,4,1,4,2,3,0,1,4,1,1,3,2,2,1,1,6,3,4,3,2,2,2,4,2,1,1,2,2,2,3,0,3,3,2,0,5,2,2,2,4,2,1,1,4,3,2,2,2,3,3,3,1,1,0,2,1,2,0,0,3,0,0,0,0,2,1,0,0,0,0,1,0,1,0,0,0,1,0,0,1,0,0,0,0,0,0,2,1,2,0,0,0,0,0,0,0,0,0,0,0,0,0,0,0,0,0,0,0,0,0,0,0,0,0,0,0,0,0,0,0,0,0,0,0,0,0,0,0,0,0,0,0,0,0,0,0,0,0,0,0,0,0,0,0,0,0,0,0,0,0,0,0,0,0,0,0,0,0,0,0,0,0,0,0,0
0,0,0,0,1,0,0,0,0,0,0,0,0,0,0,0,0,0,0,1,0,0,0,0,0,0,2,0,1,1,0,0,1,2,3,0,2,0,1,0,0,0,2,0,3,5,1,2,2,4,6,5,2,2,0,2,1,6,2,2,3,3,0,3,2,1,2,2,1,2,0,0,2,0,0,2,2,3,4,2,0,2,0,2,0,3,1,2,1,1,1,1,1,1,1,0,0,0,0,1,0,1,0,0,1,0,1,0,0,0,0,0,0,0,0,1,0,1,1,0,0,0,0,0,0,1,0,0,0,0,0,0,0,0,0,0,0,0,0,0,0,0,0,0,0,0,0,0,0,0,0,0,0,0,0,0,0,0,0,0,0,0,0,0,0,0,0,0,0,0,0,0,0,0,0,0,0,0,0,0,0,0,0,0,0,0,0,0,0,0,0,0,0,0,0,0,0,0,0,0
0,0,1,0,0,0,0,0,0,0,0,0,1,1,0,0,0,1,0,0,1,0,0,1,0,1,1,0,1,1,1,1,1,1,0,3,1,1,3,2,2,2,1,0,2,1,0,0,2,5,0,1,5,1,3,0,4,2,5,4,0,2,1,1,3,5,1,3,0,2,2,5,3,2,2,2,2,3,3,2,1,1,2,0,0,1,3,0,1,1,4,1,2,2,1,1,2,0,2,1,2,3,0,0,0,0,1,0,1,0,0,0,0,1,0,1,0,0,0,0,0,0,0,0,0,0,0,1,0,0,0,0,0,0,0,0,0,0,0,0,0,0,0,0,0,0,0,0,0,0,0,0,0,0,0,0,0,0,0,0,0,0,0,0,0,0,0,0,0,0,0,0,0,0,0,0,0,0,0,0,0,0,0,0,0,0,0,0,0,0,0,0,0,0,0,0,0,0,0,0
0,0,0,0,0,0,0,0,0,0,0,0,0,0,0,0,0,0,0,0,0,0,0,1,1,0,0,1,1,1,0,1,2,3,1,2,0,0,2,2,1,1,2,2,1,2,0,1,1,3,4,0,2,2,3,1,1,1,2,0,1,3,5,2,3,2,2,0,3,1,2,4,1,2,0,3,0,1,0,1,0,1,4,2,2,1,1,0,0,1,2,1,0,0,0,1,0,2,0,0,0,0,0,1,0,0,1,0,0,1,1,0,0,0,0,0,0,0,0,1,0,0,0,1,0,0,0,0,0,0,0,0,0,0,0,0,0,0,0,0,0,0,0,0,0,0,0,0,0,0,1,0,0,0,0,0,0,0,0,0,0,0,0,0,0,0,0,0,0,0,0,0,0,0,0,0,0,0,0,0,0,0,0,0,0,0,0,0,0,0,0,0,0,0,0,0,0,0,0,0
0,0,0,0,0,0,1,0,0,0,0,0,0,0,0,0,0,0,1,0,0,0,0,0,2,0,0,0,0,0,0,0,1,0,2,1,2,1,1,2,1,1,1,2,1,2,0,1,4,3,3,5,4,1,4,3,0,0,0,4,1,3,1,2,1,3,1,2,3,4,1,1,3,3,2,1,0,2,5,0,1,2,3,1,2,2,2,0,0,2,0,0,2,0,3,0,0,1,3,1,2,1,1,0,2,0,1,1,1,0,1,1,0,0,0,0,0,0,0,0,0,0,0,0,1,0,0,0,0,0,0,0,0,0,0,0,0,0,0,0,0,0,0,0,0,0,0,0,0,0,0,0,0,0,0,0,0,0,0,0,1,0,0,0,0,0,0,0,0,0,0,0,0,0,0,0,0,0,0,0,0,0,0,0,0,0,0,0,0,0,0,0,0,0,0,0,0,0,0,0
0,0,0,0,0,0,0,0,0,0,0,0,0,0,0,1,0,0,0,1,0,0,0,1,0,0,0,1,0,1,1,1,0,0,0,2,1,0,1,2,0,1,0,1,1,2,0,1,2,3,0,3,3,2,0,0,1,1,4,2,2,2,0,1,4,0,1,2,2,2,0,2,3,2,1,0,1,1,4,2,3,1,2,1,2,1,0,2,0,3,1,0,1,0,4,0,0,1,1,0,1,1,1,0,0,0,1,0,0,0,0,0,1,0,0,1,0,0,0,0,0,0,1,0,0,1,0,0,0,0,0,0,0,0,0,0,1,0,0,0,0,0,0,0,0,0,0,0,0,0,0,0,0,0,0,0,0,0,0,0,0,0,0,0,0,0,0,0,0,0,0,0,0,0,0,0,0,0,0,0,0,0,0,0,0,0,0,0,0,0,0,0,0,0,0,0,0,0,0,0
0,0,0,0,0,0,0,0,0,0,0,0,0,0,0,0,0,1,0,0,0,0,2,0,0,0,0,2,0,1,2,0,1,1,0,0,0,1,1,0,1,0,0,0,3,2,1,1,1,2,1,2,5,2,2,4,2,1,0,4,3,2,5,0,0,3,4,1,1,1,1,2,1,3,0,0,1,0,0,4,2,1,1,1,3,0,1,2,0,1,3,1,1,0,0,2,0,1,1,1,2,1,0,0,0,1,0,0,1,0,1,1,0,0,0,0,0,0,0,0,0,0,0,0,0,0,0,0,0,0,0,1,0,0,0,0,0,0,0,0,0,0,0,0,0,0,0,0,0,0,0,0,0,1,0,0,0,0,0,0,0,0,0,0,0,0,0,0,0,0,0,0,0,0,0,0,0,0,0,0,0,0,0,0,0,0,0,0,0,0,0,0,0,0,0,0,0,0,0,0
0,0,0,0,0,0,0,0,0,0,0,0,0,0,0,0,0,0,0,0,0,0,0,0,1,1,1,2,0,0,0,2,1,1,0,1,1,2,1,1,1,3,0,0,1,0,0,3,1,2,5,1,2,0,0,0,6,1,2,1,4,2,1,1,2,3,2,1,1,5,3,3,1,1,2,3,2,2,0,3,1,0,0,2,3,3,0,0,0,1,0,2,0,0,1,0,0,1,2,0,0,0,0,0,0,0,0,0,0,0,0,0,0,0,0,0,0,2,0,0,0,0,0,0,0,0,0,0,0,0,0,0,0,0,0,0,0,0,0,0,0,0,0,0,0,0,0,0,0,0,0,0,0,0,0,0,0,0,0,0,0,0,0,0,0,0,0,0,0,0,0,0,0,0,0,0,0,0,0,0,0,0,0,0,0,0,0,0,0,0,0,0,0,0,0,0,0,0,0,0
0,0,1,0,0,0,0,0,0,0,0,0,0,0,0,0,1,0,0,0,0,0,0,1,0,0,0,1,0,0,0,0,1,0,2,0,1,1,2,2,2,2,1,3,1,1,0,3,0,1,4,3,0,0,2,3,1,2,1,1,2,3,1,0,2,5,2,2,0,3,0,0,1,0,3,3,1,0,5,3,0,0,1,2,1,0,1,1,0,1,0,0,0,0,0,0,0,0,0,2,1,0,0,0,0,1,0,1,0,0,0,0,0,0,0,0,1,0,1,0,0,0,0,0,0,1,0,0,0,0,0,0,0,0,0,0,0,0,0,0,0,0,0,0,0,0,0,0,0,0,0,0,0,0,0,0,0,0,0,0,0,0,0,0,0,0,0,0,0,0,0,0,0,0,0,0,0,0,0,0,0,0,0,0,0,0,0,0,0,0,0,0,0,0,0,0,0,0,0,0
0,0,0,0,0,0,0,0,0,0,0,0,0,0,1,0,0,0,0,0,1,0,2,0,1,1,0,2,2,0,0,0,0,0,0,1,1,0,2,1,0,2,1,1,1,2,2,2,1,1,1,2,1,2,3,0,2,1,4,2,3,2,3,1,3,3,1,0,1,1,3,4,1,0,3,1,0,1,0,1,1,1,2,0,1,0,0,0,0,0,2,0,2,0,0,0,1,0,0,2,1,0,1,0,0,0,0,0,0,0,1,0,0,0,0,1,0,0,0,0,0,0,0,0,0,0,0,1,0,0,0,0,0,0,0,1,0,0,0,0,0,0,0,0,0,0,0,0,0,0,0,0,0,0,0,0,0,0,0,0,0,0,0,0,0,0,0,0,0,0,0,0,0,0,0,0,0,0,0,0,0,0,0,0,0,0,0,0,0,0,0,0,0,0,0,0,0,0,0,0
0,0,0,0,0,0,0,0,0,0,0,0,0,0,0,1,0,0,0,0,0,0,1,0,0,1,1,0,1,1,1,0,1,1,2,3,1,1,0,0,2,0,0,0,1,0,1,0,0,4,2,1,3,4,4,1,1,1,2,1,4,0,1,0,1,2,1,3,3,2,1,1,4,2,0,0,0,1,1,0,0,1,0,1,2,1,0,3,1,0,0,2,0,0,0,0,1,0,0,0,0,0,0,2,0,1,0,0,0,1,0,1,0,0,0,0,0,0,0,0,0,0,0,0,0,0,0,1,0,0,0,0,0,0,0,0,0,0,0,0,0,0,0,0,0,0,0,0,0,0,0,0,0,0,0,0,0,0,0,0,0,0,0,0,0,0,0,0,0,0,0,0,0,0,0,0,0,0,0,0,0,0,0,0,0,0,0,0,0,0,0,0,0,0,0,0,0,0,0,0
0,0,1,0,0,0,0,0,0,0,1,0,1,0,0,0,0,0,0,0,0,0,0,1,0,0,0,1,0,0,1,0,0,0,1,1,1,2,0,0,0,0,2,1,1,0,1,0,7,1,1,2,0,0,1,2,2,2,1,2,1,0,3,0,1,2,2,0,1,1,3,0,4,0,2,4,0,2,0,3,0,1,0,2,1,2,1,0,0,0,0,1,0,0,2,0,0,1,0,0,0,0,1,0,1,0,0,1,0,0,0,0,0,1,0,0,0,0,0,0,1,0,2,0,0,0,0,0,0,0,0,0,0,0,0,0,0,0,0,0,0,0,0,0,0,0,1,0,0,0,0,0,0,0,0,0,0,0,0,0,0,0,0,0,0,0,0,0,0,0,0,0,0,0,0,0,0,0,0,0,0,0,0,0,0,0,0,0,0,0,0,0,0,0,0,0,0,0,0,0
0,0,0,0,0,0,0,0,0,0,0,0,0,0,1,2,0,0,0,0,0,0,1,0,0,0,0,0,0,0,0,0,1,1,1,1,0,1,0,0,0,0,1,1,0,1,2,1,2,2,0,2,1,1,1,2,0,2,2,2,1,3,1,3,0,1,2,2,0,3,2,1,0,1,1,3,0,0,1,1,2,2,2,1,2,1,1,1,0,0,0,3,1,1,1,0,1,2,0,1,0,0,0,0,0,0,0,0,1,0,0,0,1,1,0,0,0,0,1,0,0,0,0,1,1,0,1,0,0,1,0,0,0,0,0,0,0,0,0,0,1,1,0,0,0,0,0,0,0,0,0,0,0,0,0,0,0,0,0,0,0,0,0,0,0,0,0,0,0,0,0,0,0,0,0,0,0,0,0,0,0,0,0,0,0,0,0,0,0,0,0,0,0,0,0,0,0,0,0,0
0,0,0,0,0,0,0,0,1,0,0,0,0,0,0,0,0,0,0,0,0,0,0,0,0,0,0,0,1,0,2,0,1,1,1,2,0,1,0,0,1,1,1,3,0,0,1,1,2,4,0,1,3,2,0,1,1,3,0,3,1,4,3,3,1,0,0,1,0,5,0,2,0,2,2,0,2,1,1,2,1,0,1,2,2,2,1,1,2,1,1,1,0,1,2,3,0,0,1,0,0,1,0,0,2,0,1,0,0,0,2,0,1,1,0,0,0,0,0,0,0,0,0,2,0,0,0,0,0,0,0,0,0,1,1,0,0,0,0,0,0,0,0,0,0,0,0,0,0,0,0,0,0,0,0,0,0,0,0,0,0,0,0,0,0,0,0,0,0,0,0,0,0,0,0,0,0,0,0,0,0,0,0,0,0,0,0,0,0,0,0,0,0,0,0,0,0,0,0,0
0,0,0,0,0,0,0,0,0,0,0,0,0,0,0,0,0,0,1,0,0,1,0,0,0,0,0,0,1,0,1,0,1,1,1,1,0,0,1,0,2,1,2,2,0,1,3,0,2,1,1,2,0,2,1,3,2,0,1,0,2,4,1,2,3,0,2,4,1,0,0,2,0,1,1,1,1,1,0,1,0,0,1,1,0,0,0,0,1,0,2,2,1,0,0,0,1,0,1,0,0,1,0,0,0,3,0,0,1,0,0,0,0,0,0,0,0,2,0,0,0,0,0,0,0,0,0,0,0,0,0,1,0,0,0,0,0,0,0,0,0,0,0,0,0,0,0,0,0,0,0,0,0,0,0,0,0,0,0,0,0,0,0,0,0,0,0,0,0,0,0,0,0,0,0,0,0,0,0,0,0,0,0,0,0,0,0,0,0,0,0,0,0,0,0,0,0,0,0,0
0,0,0,0,0,0,0,0,0,0,0,0,0,0,0,0,0,0,0,1,0,0,0,0,0,0,0,0,0,0,0,1,1,0,0,3,1,0,0,1,2,2,1,2,2,1,1,0,0,2,1,1,3,1,0,0,0,2,0,1,3,2,1,3,0,4,0,2,1,1,3,1,0,0,1,3,1,4,0,1,1,3,0,3,1,1,1,0,1,1,0,0,1,0,0,1,1,0,0,0,0,0,1,0,1,0,0,1,1,0,0,0,0,0,0,0,0,0,0,0,0,0,0,0,0,0,0,0,0,0,0,0,0,0,0,0,0,0,0,0,0,0,0,0,0,0,0,0,0,0,0,0,0,0,0,0,0,0,0,0,0,0,0,0,0,0,0,0,0,0,0,0,0,0,0,0,0,0,0,0,0,0,0,0,0,0,0,0,0,0,0,0,0,0,0,0,0,0,0,0
0,0,0,0,0,0,0,0,0,0,0,0,1,0,0,0,0,0,0,0,0,0,0,0,1,1,0,0,2,0,1,1,0,0,2,1,1,0,1,2,0,2,3,0,1,1,3,1,2,1,1,0,0,1,1,2,1,4,1,3,4,2,1,2,4,0,1,3,0,3,2,1,4,0,1,1,0,1,1,1,1,0,0,0,0,2,2,1,1,1,0,1,0,1,1,0,0,0,0,1,0,1,0,0,0,0,0,0,0,1,0,1,0,0,0,0,0,0,1,0,0,0,0,0,0,0,0,0,0,0,0,0,0,0,0,0,0,0,0,0,0,0,0,1,0,0,0,0,0,0,0,0,0,0,0,0,0,0,0,0,0,0,0,0,0,0,0,0,0,0,0,0,0,0,0,0,0,0,0,0,0,0,0,0,0,0,0,0,0,0,0,0,0,0,0,0,0,0,0,0
0,0,0,0,0,0,0,0,0,0,0,0,0,0,0,0,0,0,0,0,0,0,0,1,1,1,0,0,0,0,0,1,1,1,0,1,0,0,0,1,2,3,1,1,2,3,2,2,3,1,0,1,1,1,2,1,1,1,1,3,1,1,4,2,3,2,0,2,1,2,2,0,3,0,1,2,0,0,0,0,1,0,2,1,1,2,0,0,1,1,0,0,1,0,0,0,0,1,0,0,0,0,0,0,0,0,0,0,0,0,0,1,1,1,1,0,0,0,0,0,0,0,0,1,0,0,0,0,0,0,0,1,0,0,0,0,0,0,0,0,0,0,0,0,0,0,0,0,0,0,0,0,0,0,0,0,0,0,0,0,0,0,0,0,0,0,0,0,0,0,0,0,0,0,0,0,0,0,0,0,0,0,0,0,0,0,0,0,0,0,0,0,0,0,0,0,0,0,0,0
0,0,0,0,0,0,0,0,1,0,0,0,0,0,0,0,0,0,0,0,0,0,0,0,1,2,0,0,0,0,0,1,0,0,0,1,1,0,1,2,0,0,0,1,0,0,0,0,0,2,2,0,0,0,1,2,2,2,3,0,2,1,1,0,1,1,2,1,0,1,1,0,0,0,1,0,1,3,0,0,0,3,1,1,1,1,1,0,1,0,0,0,1,1,1,0,0,0,0,0,0,0,0,0,0,0,0,1,0,0,0,0,0,0,0,0,1,0,0,0,0,0,0,0,0,0,0,0,0,0,0,0,0,0,0,0,0,0,0,0,0,0,0,0,0,0,0,0,0,0,0,0,0,0,0,0,0,0,0,0,0,0,0,0,0,0,0,0,0,0,0,0,0,0,0,0,0,0,0,0,0,0,0,0,0,0,0,0,0,0,0,0,0,0,0,0,0,0,0,0
0,0,0,0,0,0,0,0,0,0,0,0,0,0,0,0,0,0,1,1,0,0,0,0,0,1,0,0,1,1,0,0,0,0,1,2,0,0,1,0,1,1,0,2,1,2,1,1,1,1,1,0,0,1,1,1,2,2,0,1,2,1,3,0,4,0,1,2,1,2,2,1,3,1,1,1,0,1,2,0,1,0,1,1,1,0,1,0,1,0,1,1,1,1,0,0,0,0,2,0,0,0,1,0,0,0,0,0,0,1,0,0,1,1,0,0,0,0,1,0,0,0,0,0,0,0,0,0,0,0,1,0,0,0,0,0,0,0,0,0,0,0,0,0,0,0,0,0,0,0,0,0,0,0,0,0,0,0,0,0,0,0,0,0,0,0,0,0,0,0,0,0,0,0,0,0,0,0,0,0,0,0,0,0,0,0,0,0,0,0,0,0,0,0,0,0,0,0,0,0
0,0,0,0,0,0,0,0,0,0,0,0,0,0,0,0,0,0,0,0,0,1,0,1,0,1,1,1,1,0,1,0,0,1,1,1,0,3,1,1,1,1,0,0,0,0,1,0,1,0,1,0,2,0,1,0,2,3,1,0,0,1,1,3,1,1,4,1,0,1,2,0,1,1,1,2,0,0,0,1,0,2,1,1,2,0,3,2,0,1,1,0,1,0,0,1,0,1,0,0,0,0,1,0,0,0,0,0,0,0,0,0,0,0,0,0,0,0,0,0,0,0,0,0,0,1,0,0,0,0,1,0,0,0,0,0,0,0,0,0,0,0,0,0,0,0,0,0,0,0,0,0,0,0,0,0,0,0,0,0,0,0,0,0,0,0,0,0,0,0,0,0,0,0,0,0,0,0,0,0,0,0,0,0,0,0,0,0,0,0,0,0,0,0,0,0,0,0,0,0
0,0,0,1,0,0,0,0,0,0,0,0,0,0,0,0,0,0,0,0,0,0,1,0,0,0,0,0,0,0,1,0,0,1,1,1,1,0,1,0,2,0,1,0,2,0,1,2,0,2,1,1,0,3,1,1,3,4,1,1,1,2,1,0,0,1,1,1,2,1,1,2,3,1,1,1,0,0,0,1,1,1,0,1,0,0,1,1,2,1,2,1,0,0,1,0,1,0,0,0,0,0,0,0,0,1,1,0,0,0,2,0,0,0,0,1,0,1,0,0,0,0,0,0,0,1,0,0,0,0,0,0,0,0,0,0,0,0,0,0,0,0,0,0,0,0,0,0,0,0,0,0,0,0,0,0,0,0,0,0,0,0,0,0,0,0,0,0,0,0,0,0,0,0,0,0,0,0,0,0,0,0,0,0,0,0,0,0,0,0,0,0,0,0,0,0,0,0,0,0
0,0,0,0,0,0,0,0,0,0,0,0,0,0,0,0,0,0,0,0,0,2,0,0,2,0,1,0,0,0,2,0,2,0,0,1,1,0,1,2,0,0,0,1,1,1,3,1,0,1,3,1,1,0,0,1,1,4,0,0,1,1,2,1,0,0,2,1,0,2,1,4,0,1,5,1,0,1,1,2,1,0,3,0,0,0,0,0,0,0,1,0,1,1,1,0,1,1,0,0,1,0,1,0,0,0,0,0,0,0,1,0,0,0,1,0,0,0,0,0,0,0,0,0,0,0,0,0,0,0,0,0,0,0,0,0,0,0,0,0,0,0,0,0,0,0,0,0,0,0,0,0,0,0,0,0,0,0,0,0,0,0,0,0,0,0,0,0,0,0,0,0,0,0,0,0,0,0,0,0,0,0,0,0,0,0,0,0,0,0,0,0,0,0,0,0,0,0,0,0
0,0,0,0,0,0,0,0,0,0,0,0,0,0,0,0,0,0,0,0,0,0,0,0,0,0,0,1,1,1,1,0,0,0,1,0,0,0,0,1,0,1,1,2,1,1,1,1,1,1,2,0,0,4,0,5,2,2,0,0,1,1,1,1,1,1,0,5,0,1,0,0,4,0,0,1,0,2,0,0,0,0,0,1,0,1,1,0,1,1,0,0,1,1,1,1,1,0,0,0,1,0,1,0,0,0,1,1,0,0,1,0,0,0,0,0,0,0,0,1,0,0,0,0,0,0,0,0,1,1,0,0,0,0,0,0,0,0,0,0,0,0,0,0,0,0,0,0,0,0,0,0,0,0,0,0,0,0,0,0,0,0,0,0,0,0,0,0,0,0,0,0,0,0,0,0,0,0,0,0,0,0,0,0,0,0,0,0,0,0,0,0,0,0,0,0,0,0,0,0
0,0,0,0,0,0,1,0,0,0,0,0,0,0,0,0,1,0,0,1,0,0,0,0,0,1,0,1,0,0,0,0,1,0,2,0,0,2,0,3,1,1,1,0,1,0,0,1,3,1,1,3,2,0,3,2,1,2,1,1,3,0,1,1,1,1,1,1,2,3,1,0,1,0,1,1,1,0,1,3,1,1,1,1,0,0,1,0,1,0,0,2,2,0,0,0,0,0,0,0,1,1,0,0,0,0,1,0,0,0,1,0,0,0,0,0,0,0,2,0,0,0,0,0,0,0,0,0,0,0,0,0,0,0,0,0,0,0,0,0,0,0,0,0,0,0,0,0,0,0,0,0,0,0,0,0,0,0,0,0,0,0,0,0,0,0,0,0,0,0,0,0,0,0,0,0,0,0,0,0,0,0,0,0,0,0,0,0,0,0,0,0,0,0,0,0,0,0,0,0
0,0,0,0,0,0,1,0,0,0,0,0,0,0,0,0,0,1,0,0,0,1,0,0,0,1,0,2,0,1,0,0,1,0,0,0,1,0,1,0,2,1,0,3,1,2,0,0,1,1,3,2,1,2,3,0,0,1,1,5,2,0,0,2,2,1,2,2,2,2,1,1,1,0,0,1,1,1,1,1,0,0,1,0,4,1,0,0,1,1,0,0,1,1,0,0,0,0,0,0,0,0,0,1,0,0,0,0,0,0,0,0,0,0,0,0,0,0,0,0,0,0,2,0,0,0,0,0,0,0,0,0,0,0,0,0,0,0,0,0,0,0,0,0,0,0,0,0,0,0,0,0,0,0,0,0,0,0,0,0,0,0,0,0,0,0,0,0,0,0,0,0,0,0,0,0,0,0,0,0,0,0,0,0,0,0,0,0,0,0,0,0,0,0,0,0,0,0,0,0
0,0,1,0,0,0,0,0,0,0,0,0,0,0,0,0,0,0,0,0,0,0,0,1,0,0,0,0,0,0,2,0,1,0,0,0,1,0,3,1,0,0,1,0,1,4,1,3,0,3,0,0,5,1,2,1,1,2,1,2,0,0,0,1,3,2,4,0,0,0,2,0,0,0,0,0,1,1,0,2,0,1,1,1,0,1,1,0,0,1,0,0,0,0,2,1,0,1,0,0,0,1,0,0,0,0,0,0,0,0,0,0,0,0,0,0,0,0,0,0,0,1,0,0,0,0,0,0,0,0,0,0,0,0,0,0,0,0,0,0,0,0,0,0,0,0,0,0,0,0,0,0,0,0,0,0,0,0,0,0,0,0,0,0,0,0,0,0,0,0,0,0,0,0,0,0,0,0,0,0,0,0,0,0,0,0,0,0,0,0,0,0,0,0,0,0,0,0,0,0
0,0,1,0,0,0,0,0,0,0,0,0,0,0,0,0,0,0,0,0,0,0,0,0,0,0,0,1,0,0,1,0,0,0,1,1,0,0,0,1,1,2,0,1,0,0,1,2,2,3,1,0,1,2,0,0,2,0,2,0,0,5,3,1,1,2,1,1,1,1,1,1,1,0,2,1,0,0,0,0,1,0,0,0,0,1,2,0,0,1,0,0,0,0,2,1,0,0,0,0,1,1,0,0,0,0,1,0,0,1,0,0,0,0,0,0,0,0,0,0,0,0,0,0,0,0,0,0,0,0,0,0,0,0,0,0,0,0,0,0,0,0,0,0,0,0,0,0,0,0,0,0,0,0,0,0,0,0,0,1,0,0,0,0,0,0,0,0,0,0,0,0,0,0,0,0,0,0,0,0,0,0,0,0,0,0,0,0,0,0,0,0,0,0,0,0,0,0,0,0
0,0,0,0,0,0,0,0,0,0,0,0,0,1,0,0,0,0,0,0,0,1,0,0,0,0,0,0,0,0,0,2,0,0,0,0,1,1,0,0,0,0,3,0,0,1,2,1,1,3,0,2,3,0,0,1,2,2,2,0,2,0,2,1,1,0,0,1,1,0,2,0,0,1,1,1,0,0,0,0,1,2,1,2,0,0,0,1,0,1,1,3,0,1,0,0,0,1,0,0,0,0,2,0,0,0,0,1,1,0,1,0,1,0,0,0,0,0,0,0,0,0,0,0,0,0,0,0,0,0,0,0,0,0,0,1,0,0,0,0,0,0,0,0,0,0,0,0,0,0,0,0,0,0,0,0,0,0,0,0,0,0,0,0,0,0,0,0,0,0,0,0,0,0,0,0,0,0,0,0,0,0,0,0,0,0,0,0,0,0,0,0,0,0,0,0,0,0,0,0
0,0,0,0,0,0,0,0,0,0,0,0,0,0,0,0,1,0,0,0,0,0,1,0,1,0,1,1,0,0,0,0,1,1,1,0,0,0,1,0,1,1,1,3,0,0,0,2,0,1,2,3,0,3,0,1,1,0,0,1,2,2,0,0,1,0,1,1,1,0,0,0,0,0,0,1,2,1,1,2,2,1,2,2,1,0,1,1,0,0,0,0,0,1,1,0,0,1,0,0,0,0,1,0,0,0,0,0,0,0,0,0,0,0,0,3,0,0,0,0,0,0,0,0,0,0,0,0,0,0,0,0,0,0,0,0,0,0,0,0,0,0,0,0,0,0,0,0,0,0,0,0,0,0,0,0,0,0,0,0,0,0,0,0,0,0,0,0,0,0,0,0,0,0,0,0,0,0,0,0,0,0,0,0,0,0,0,0,0,0,0,0,0,0,0,0,0,0,0,0
0,0,0,0,0,0,0,0,0,0,0,0,0,0,0,0,1,0,1,0,0,1,1,0,1,0,0,0,0,1,0,2,1,0,1,1,0,0,0,0,1,0,2,1,1,0,0,0,2,1,1,1,0,1,0,2,2,0,1,0,0,0,3,1,1,1,0,0,3,1,0,2,0,0,2,1,0,1,1,1,2,1,0,1,0,1,1,1,1,1,2,0,0,0,1,0,0,0,0,1,0,0,1,0,0,0,0,0,0,0,0,0,0,0,0,0,0,0,0,0,0,0,0,0,0,0,0,0,1,0,0,0,0,0,0,0,0,0,0,0,0,0,0,0,0,0,0,0,0,0,0,0,0,0,0,0,0,0,0,0,0,0,0,0,0,0,0,0,0,0,0,0,0,0,0,0,0,0,0,0,0,0,0,0,0,0,0,0,0,0,0,0,0,0,0,0,0,0,0,0
0,0,0,0,0,0,0,0,0,0,0,1,0,0,0,1,0,1,0,0,0,0,0,0,0,1,0,0,0,0,0,0,1,0,1,1,1,0,0,1,0,0,1,0,1,0,0,2,2,2,1,1,1,0,1,1,2,3,1,1,2,2,3,0,0,2,1,0,1,0,0,0,0,1,1,0,0,0,1,1,0,3,1,0,0,0,0,0,0,0,0,1,1,0,0,0,1,0,0,0,0,0,0,0,1,0,0,0,0,0,0,1,0,0,0,0,0,0,0,0,0,0,0,0,0,0,0,0,0,0,0,0,0,0,0,0,0,0,0,0,0,0,0,0,0,0,0,0,0,0,0,0,0,0,0,0,0,0,0,0,0,0,0,0,0,0,0,0,0,0,0,0,0,0,0,0,0,0,0,0,0,0,0,0,0,0,0,0,0,0,0,0,0,0,0,0,0,0,0,0
0,0,0,0,0,0,0,0,0,0,0,0,1,0,0,0,0,0,0,0,0,0,0,0,0,1,1,0,0,0,0,0,0,0,0,1,0,1,2,0,0,0,0,1,1,0,0,0,0,3,1,2,1,0,4,0,2,0,1,1,1,0,1,0,2,1,1,0,4,1,2,0,0,0,0,0,0,0,0,0,0,0,2,0,4,0,3,0,0,0,0,0,0,0,0,0,0,0,0,0,0,0,0,0,0,0,0,1,0,0,0,2,0,1,0,0,0,1,0,0,0,1,0,0,0,0,0,1,0,0,0,0,0,0,0,0,0,0,0,0,0,0,0,0,0,0,0,0,0,0,0,0,0,0,0,0,0,0,0,0,0,0,0,0,0,0,0,0,0,0,0,0,0,0,0,0,0,0,0,0,0,0,0,0,0,0,0,0,0,0,0,0,0,0,0,0,0,0,0,0
0,0,0,0,0,0,0,0,0,0,0,0,0,0,0,0,0,0,0,0,0,0,1,0,0,0,0,0,0,0,2,0,0,0,0,0,1,0,0,1,0,1,0,2,1,1,0,2,3,1,0,1,0,2,0,1,2,2,1,1,1,3,0,0,0,2,0,2,0,0,2,0,0,1,0,0,2,0,0,0,1,1,1,0,0,1,0,0,1,0,0,0,0,0,2,0,0,0,0,0,0,0,0,0,0,0,0,1,0,0,0,0,1,0,1,0,0,0,0,0,1,0,1,0,0,0,0,0,0,1,0,0,0,0,0,0,0,0,0,0,0,0,0,0,0,0,0,0,0,0,0,0,0,0,0,0,0,0,0,0,0,0,0,0,0,0,0,0,0,0,0,0,0,0,0,0,0,0,0,0,0,0,0,0,0,0,0,0,0,0,0,0,0,0,0,0,0,0,0,0
0,0,0,0,0,0,0,0,0,0,0,0,0,0,0,1,0,0,0,0,0,0,0,1,0,1,0,0,0,0,0,0,1,0,0,0,0,0,0,4,0,0,1,3,0,1,0,0,0,2,1,1,3,0,1,1,2,0,2,1,1,0,2,1,1,3,1,1,3,2,0,1,2,1,1,0,3,2,2,0,3,0,0,0,0,0,0,0,0,1,1,0,0,0,0,1,0,0,0,0,0,2,0,0,0,0,0,1,0,0,0,0,0,0,0,0,2,0,0,0,0,0,1,0,0,0,0,0,0,0,0,0,0,0,0,0,0,0,0,0,0,0,0,0,0,0,0,0,0,0,0,0,0,0,0,0,0,0,0,0,0,0,0,0,0,0,0,0,0,0,0,0,0,0,0,0,0,0,0,0,0,0,0,0,0,0,0,0,0,0,0,0,0,0,0,0,0,0,0,0
0,0,0,0,0,0,0,0,0,0,0,0,0,0,0,0,0,0,1,0,0,0,0,0,0,1,0,0,0,0,0,1,1,0,0,0,0,0,2,0,2,1,0,1,0,0,0,1,1,2,0,0,2,0,1,1,1,1,0,1,0,3,2,2,3,1,1,0,1,1,1,0,0,1,0,0,1,1,1,1,0,2,0,0,0,1,0,0,1,0,0,1,0,0,1,2,1,0,0,0,0,0,0,0,0,0,0,0,0,0,1,0,0,0,0,0,1,0,0,0,0,0,0,0,0,0,0,0,0,0,0,0,0,0,0,0,0,0,0,0,0,0,0,0,0,0,0,0,0,0,0,0,0,0,0,0,0,0,0,0,0,0,0,0,0,0,0,0,0,0,0,0,0,0,0,0,0,0,0,0,0,0,0,0,0,0,0,0,0,0,0,0,0,0,0,0,0,0,0,0
0,0,0,0,0,0,0,0,0,0,0,0,0,0,0,0,0,0,0,0,0,0,0,0,1,0,0,0,0,0,0,0,2,1,0,0,3,0,0,0,0,2,0,1,0,0,0,0,0,0,0,2,0,1,0,2,2,2,0,1,2,2,0,0,0,3,1,2,0,1,1,0,1,3,0,0,2,0,0,0,1,0,1,1,0,0,1,0,0,2,0,2,0,0,0,0,0,0,0,0,2,0,0,0,1,0,0,0,0,0,0,0,0,1,0,0,0,0,1,0,0,0,0,0,0,0,0,0,0,0,0,0,0,0,0,0,0,0,0,0,0,0,0,0,0,0,0,0,0,0,0,0,0,0,0,0,0,0,0,0,0,0,0,0,0,0,0,0,0,0,0,0,0,0,0,0,0,0,0,0,0,0,0,0,0,0,0,0,0,0,0,0,0,0,0,0,0,0,0,0
0,0,0,0,0,2,0,0,0,0,0,0,0,0,0,0,0,0,0,1,0,0,0,0,0,0,0,0,0,0,0,0,0,0,0,0,0,0,0,0,1,0,1,0,1,0,1,2,1,0,1,0,2,0,1,1,0,0,0,0,1,0,0,1,3,2,2,1,1,0,1,0,1,0,1,0,2,1,0,0,2,0,0,1,3,1,0,2,1,0,0,0,0,0,1,2,1,0,0,1,0,1,0,0,0,0,0,0,0,1,0,0,0,0,0,0,0,0,0,0,0,0,0,0,0,0,0,0,0,1,0,0,0,0,0,0,0,0,0,0,0,0,0,0,0,0,0,0,0,0,0,0,0,0,0,0,0,0,0,0,0,0,0,0,0,0,0,0,0,0,0,0,0,0,0,0,0,0,0,0,0,0,0,0,0,0,0,0,0,0,0,0,0,0,0,0,0,0,0,0
0,0,0,0,0,0,0,0,0,0,0,0,0,0,0,0,0,0,0,0,0,0,0,0,0,0,0,0,0,0,0,0,0,0,0,0,0,1,0,0,0,2,0,0,2,0,1,2,0,4,1,3,0,0,1,0,0,0,2,0,1,0,1,3,1,1,1,1,0,0,0,1,0,0,1,1,1,1,1,2,0,0,0,0,0,0,0,1,0,1,1,0,0,0,1,0,1,0,0,0,1,1,0,0,0,1,0,0,0,0,1,0,0,0,0,0,0,0,0,0,0,0,0,0,0,0,0,0,0,0,0,0,0,0,0,0,0,0,0,0,0,0,0,0,0,0,0,0,0,0,0,0,0,0,0,0,0,0,0,0,0,0,0,0,0,0,0,0,0,0,0,0,0,0,0,0,0,0,0,0,0,0,0,0,0,0,0,0,0,0,0,0,0,0,0,0,0,0,0,0
0,0,0,0,0,0,0,0,0,0,0,0,0,1,0,0,0,0,0,0,0,0,0,1,0,0,0,0,0,0,1,0,1,0,0,0,0,1,2,1,0,1,0,1,1,1,0,0,1,1,1,1,0,0,1,0,1,1,2,0,1,0,0,1,1,2,2,2,1,2,1,2,0,1,0,0,0,1,2,0,0,2,0,0,0,0,1,1,0,0,0,0,0,1,0,0,0,0,0,0,0,0,0,1,0,0,0,0,0,0,0,0,0,0,0,1,1,0,0,0,0,0,0,0,0,0,0,0,0,0,0,0,0,0,0,0,0,0,0,0,0,0,0,0,0,0,0,0,0,0,0,0,0,0,0,0,0,0,0,0,0,0,0,0,0,0,0,0,0,0,0,0,0,0,0,0,0,0,0,0,0,0,0,0,0,0,0,0,0,0,0,0,0,0,0,0,0,0,0,0
0,0,0,0,0,1,0,0,0,0,0,0,0,0,0,0,0,1,0,0,0,0,0,0,1,0,0,0,0,0,0,0,0,1,0,0,0,0,0,1,0,1,1,0,0,1,0,1,0,1,0,0,1,1,1,1,0,4,2,1,1,1,1,1,1,1,2,0,1,0,0,1,0,0,0,0,2,3,1,0,0,0,0,2,1,0,0,0,0,0,3,0,0,0,0,0,2,0,0,0,0,0,0,0,0,0,0,0,0,0,0,0,0,0,0,0,0,0,0,0,0,0,0,0,0,1,0,0,0,0,0,0,0,0,0,0,0,0,0,0,0,0,0,0,0,0,0,0,0,0,0,0,0,0,0,0,0,0,0,0,0,0,0,0,0,0,0,0,0,0,0,0,0,0,0,0,0,0,0,0,0,0,0,0,0,0,0,0,0,0,0,0,0,0,0,0,0,0,0,0
0,0,0,0,0,0,0,0,0,0,0,0,0,0,0,0,0,0,0,0,0,1,0,0,0,2,0,0,0,0,1,0,1,0,1,0,0,1,0,0,0,0,0,1,0,2,2,1,1,0,0,1,2,1,0,1,0,1,2,0,0,0,1,1,0,0,0,1,0,1,1,0,0,0,1,1,1,1,0,0,0,0,0,1,0,0,0,1,0,3,0,1,0,0,1,0,0,0,0,0,0,0,0,0,0,0,0,0,0,0,0,1,0,0,0,0,0,0,0,0,0,0,0,0,0,0,1,0,1,0,0,0,0,0,0,0,0,0,0,0,0,0,0,0,0,0,0,0,0,0,0,0,0,0,0,0,0,0,0,0,0,0,0,0,0,0,0,0,0,0,0,0,0,0,0,0,0,0,0,0,0,0,0,0,0,0,0,0,0,0,0,0,0,0,0,0,0,0,0,0
0,0,0,0,0,0,0,0,0,0,0,0,0,0,0,0,0,0,0,0,0,0,0,0,0,0,1,0,0,0,0,0,0,0,0,0,0,2,0,1,0,0,0,0,0,1,0,1,1,0,0,0,0,0,1,1,0,0,1,1,2,1,1,0,0,0,1,2,1,0,1,1,0,0,0,0,1,0,0,0,0,0,0,0,0,0,0,0,0,0,1,0,1,1,1,0,0,1,0,1,0,0,1,1,0,0,0,0,0,1,0,0,1,1,0,0,0,0,0,1,0,0,0,0,0,0,0,0,0,0,0,0,0,0,0,0,0,0,0,0,0,0,0,0,0,0,0,0,0,0,0,0,0,0,0,0,0,0,0,0,0,0,0,0,0,0,0,0,0,0,0,0,0,0,0,0,0,0,0,0,0,0,0,0,0,0,0,0,0,0,0,0,0,0,0,0,0,0,0,0
0,0,0,0,0,0,0,0,0,0,0,0,0,0,0,0,0,0,0,0,1,0,0,0,0,0,0,0,2,0,0,0,0,1,1,0,0,2,1,0,0,0,0,3,1,0,1,0,3,1,0,0,0,0,1,2,0,0,2,1,2,1,0,1,0,0,1,0,0,0,0,0,0,0,0,0,0,1,0,0,0,1,0,0,0,1,2,0,0,1,0,0,0,0,0,0,0,0,0,0,0,1,0,0,0,0,0,0,0,0,0,0,0,0,0,0,0,0,0,0,0,0,0,0,0,0,0,0,0,0,0,0,0,0,0,0,0,0,0,0,0,0,0,0,0,0,0,0,1,0,0,0,0,0,0,0,0,0,0,0,0,0,0,0,0,0,0,0,0,0,0,0,0,0,0,0,0,0,0,0,0,0,0,0,0,0,0,0,0,0,0,0,0,0,0,0,0,0,0,0
0,0,0,0,0,0,0,0,0,0,0,0,0,0,0,1,1,0,0,0,0,0,0,0,0,0,0,1,0,0,0,0,0,0,0,0,0,0,1,1,1,0,1,0,0,0,0,1,0,1,0,0,0,1,2,0,0,1,0,1,0,3,1,0,2,0,1,0,0,1,2,1,1,0,0,0,0,0,0,0,0,1,2,0,0,1,0,0,0,1,0,0,0,0,0,0,0,0,0,0,0,0,1,0,0,0,1,0,0,0,0,0,0,0,0,0,0,0,0,0,1,0,0,0,0,0,0,0,0,0,0,0,0,0,0,0,0,0,0,0,0,0,0,0,0,0,0,0,0,0,0,0,0,0,0,0,0,0,0,0,0,0,0,0,0,0,0,0,0,0,0,0,0,0,0,0,0,0,0,0,0,0,0,0,0,0,0,0,0,0,0,0,0,0,0,0,0,0,0,0
0,0,0,0,0,0,0,0,0,0,0,0,0,0,0,0,0,0,0,0,0,0,0,0,0,0,1,0,0,0,0,0,1,0,0,1,0,1,0,0,0,1,0,0,1,1,0,0,0,0,1,0,1,0,2,0,0,0,1,3,1,2,1,1,0,0,0,0,1,0,1,0,0,0,1,0,0,2,0,0,0,0,0,1,0,0,0,0,1,0,0,0,0,0,1,0,0,0,1,0,0,0,0,0,0,0,0,0,0,0,0,0,0,0,0,0,0,1,0,0,0,0,0,0,0,0,0,0,0,0,0,0,0,0,0,0,0,0,0,0,0,0,0,0,0,0,0,0,0,0,0,0,0,0,0,0,0,0,0,0,0,0,0,0,0,0,0,0,0,0,0,0,0,0,0,0,0,0,0,0,0,0,0,0,0,0,0,0,0,0,0,0,0,0,0,0,0,0,0,0
0,0,0,0,0,0,0,0,0,0,0,0,0,0,0,0,0,0,0,0,0,0,0,0,0,0,0,0,0,0,0,0,0,0,1,0,0,0,0,1,2,0,1,0,0,2,1,2,1,1,0,1,1,1,0,0,0,1,1,0,0,3,0,0,0,0,1,0,1,0,1,0,0,1,0,1,0,0,0,0,2,0,1,1,0,1,0,0,0,0,0,0,0,0,0,0,0,2,1,0,0,0,0,0,0,0,0,0,0,0,0,0,1,0,0,0,0,0,0,0,0,0,0,0,0,0,0,0,0,0,0,0,0,0,0,0,0,0,0,0,0,0,0,0,0,0,0,0,0,0,0,0,0,0,0,0,0,0,0,0,0,0,0,0,0,0,0,0,0,0,0,0,0,0,0,0,0,0,0,0,0,0,0,0,0,0,0,0,0,0,0,0,0,0,0,0,0,0,0,0
0,0,0,0,0,0,0,0,0,0,0,0,0,0,0,0,0,0,0,0,0,0,0,1,1,0,0,0,1,0,0,0,0,0,1,0,3,0,0,0,0,1,0,1,0,0,1,0,1,1,2,0,0,0,0,1,0,0,1,0,1,2,1,0,0,0,0,1,2,0,0,0,1,0,0,2,0,0,1,0,0,0,0,1,0,0,0,0,0,0,0,0,0,0,0,0,0,1,0,0,0,0,2,0,0,0,0,0,0,0,1,0,0,0,0,1,0,0,0,0,0,0,0,0,0,0,0,0,0,0,0,0,0,0,0,0,0,0,0,0,0,0,0,0,0,0,0,0,0,0,0,0,0,0,0,0,0,0,0,0,0,0,0,0,0,0,0,0,0,0,0,0,0,0,0,0,0,0,0,0,0,0,0,0,0,0,0,0,0,0,0,0,0,0,0,0,0,0,0,0
0,0,0,0,0,0,0,0,0,0,0,0,0,0,0,0,0,0,1,0,0,1,0,0,0,1,0,1,0,1,0,0,0,0,0,0,0,0,0,0,0,1,0,1,0,1,1,0,2,0,1,0,0,0,1,1,0,0,1,0,0,1,0,1,0,0,2,0,0,3,1,0,0,0,1,1,0,0,1,0,0,0,0,0,0,1,0,0,0,0,0,1,0,0,0,0,0,0,0,0,0,0,0,0,0,0,0,0,0,1,0,1,0,0,0,0,0,0,0,0,0,1,0,0,0,0,0,0,0,0,0,0,0,0,0,0,0,0,0,0,0,0,0,0,0,0,0,0,0,0,0,0,0,0,0,0,0,0,0,0,0,0,0,0,0,0,0,0,0,0,0,0,0,0,0,0,0,0,0,0,0,0,0,0,0,0,0,0,0,0,0,0,0,0,0,0,0,0,0,0
0,0,0,0,0,0,0,0,0,0,0,0,0,0,0,0,0,0,0,0,0,0,0,0,0,0,0,0,0,0,0,0,1,0,0,0,0,0,1,0,1,0,0,1,1,0,1,0,1,0,0,2,0,3,0,0,1,0,1,0,0,0,2,1,2,0,1,1,1,0,1,1,0,0,0,1,0,1,0,0,2,1,0,1,0,0,0,0,0,0,0,0,0,0,0,1,0,0,0,0,0,0,0,0,0,0,0,0,0,0,0,0,1,0,0,0,0,0,0,0,0,0,0,0,0,0,0,0,0,0,0,1,0,0,0,0,0,0,0,0,0,0,0,0,0,0,0,0,0,0,0,0,0,0,0,0,0,0,0,0,0,0,0,0,0,0,0,0,0,0,0,0,0,0,0,0,0,0,0,0,0,0,0,0,0,0,0,0,0,0,0,0,0,0,0,0,0,0,0,0
0,0,0,0,0,0,0,0,0,0,0,0,0,0,0,0,1,0,0,0,0,0,0,0,0,0,0,0,1,0,1,0,1,1,0,0,0,1,1,0,0,0,0,0,1,0,0,1,2,0,0,0,1,1,0,1,1,0,0,0,0,0,0,0,1,1,0,1,0,1,1,0,0,2,2,1,1,1,1,0,0,0,0,0,0,1,0,0,1,0,0,0,0,0,0,0,0,0,0,0,0,0,0,0,1,0,0,0,0,0,0,0,0,0,0,0,0,0,0,0,0,0,0,0,0,0,0,0,0,0,0,0,0,0,0,1,0,0,0,0,0,0,0,0,0,0,0,0,0,0,0,0,0,0,0,0,0,0,0,0,0,0,0,0,0,0,0,0,0,0,0,0,0,0,0,0,0,0,0,0,0,0,0,0,0,0,0,0,0,0,0,0,0,0,0,0,0,0,0,0
0,0,0,0,0,0,0,0,0,0,0,0,0,0,0,0,0,0,0,0,0,0,0,1,0,0,0,0,1,0,0,0,1,1,1,0,0,1,0,1,0,0,0,0,0,1,0,2,0,0,1,0,0,0,0,3,1,0,0,2,0,0,0,0,0,0,0,0,1,0,1,0,1,2,0,1,1,0,1,1,0,0,2,0,0,0,0,0,0,0,0,0,1,0,0,0,0,0,0,0,0,0,0,0,0,0,0,0,1,0,0,1,0,0,0,0,0,0,0,0,0,0,0,0,0,0,0,0,0,0,0,0,0,0,0,0,0,0,0,0,0,0,0,0,0,0,0,0,0,0,0,0,0,0,0,0,0,0,0,0,0,0,0,0,0,0,0,0,0,0,0,0,0,0,0,0,0,0,0,0,0,0,0,0,0,0,0,0,0,0,0,0,0,0,0,0,0,0,0,0
0,0,0,0,0,0,0,0,0,0,0,0,0,0,1,0,0,0,0,1,0,0,1,0,0,0,0,0,0,0,0,0,0,1,0,0,0,0,1,1,1,0,1,0,1,0,0,1,0,0,0,0,1,0,1,0,1,0,0,2,0,0,0,2,2,1,1,0,0,0,1,0,0,0,1,1,0,0,0,0,0,0,1,1,0,0,0,0,1,0,0,0,0,0,0,0,1,0,0,0,0,0,1,0,0,0,0,0,0,0,0,0,1,0,0,0,0,2,0,0,1,0,0,0,0,0,0,0,0,0,0,0,0,0,0,0,0,0,0,0,0,0,0,0,0,0,0,0,0,0,0,0,0,0,0,0,0,0,0,0,0,0,0,0,0,0,0,0,0,0,0,0,0,0,0,0,0,0,0,0,0,0,0,0,0,0,0,0,0,0,0,0,0,0,0,0,0,0,0,0
0,0,0,0,0,0,0,0,0,0,0,0,0,0,0,0,0,0,0,0,0,0,1,0,0,0,0,1,0,0,0,0,0,0,0,0,0,0,1,0,1,1,0,0,0,0,0,0,0,1,2,2,0,1,3,0,0,1,1,0,1,0,0,0,0,1,2,1,0,0,1,0,0,0,0,0,0,0,0,0,0,2,1,0,0,0,1,0,0,0,0,0,0,0,1,1,0,0,0,0,0,0,0,0,0,0,0,0,0,0,0,0,0,0,0,0,0,0,1,0,0,1,0,0,0,0,0,0,0,0,0,0,0,0,0,0,0,0,0,0,0,0,0,0,0,0,0,0,0,0,0,0,0,0,0,0,0,0,0,0,0,0,0,0,0,0,0,0,0,0,0,0,0,0,0,0,0,0,0,0,0,0,0,0,0,0,0,0,0,0,0,0,0,0,0,0,0,0,0,0
0,0,0,0,0,0,0,0,0,0,0,0,0,0,0,0,1,0,0,0,0,0,0,0,0,0,0,0,0,0,0,1,1,0,0,0,0,0,1,1,0,0,1,0,0,0,0,0,1,0,1,1,0,0,0,0,0,0,1,0,2,0,2,2,0,0,0,0,0,0,0,0,2,1,1,0,0,0,0,0,0,0,0,0,0,0,1,0,1,0,0,0,0,0,0,0,0,0,0,0,0,0,0,0,0,0,0,0,0,0,0,0,1,0,0,0,1,0,0,0,0,0,0,0,0,0,1,0,0,0,0,0,1,0,0,0,0,0,0,0,0,0,0,0,0,0,0,0,0,0,0,0,0,0,0,0,0,0,0,0,0,0,0,0,0,0,0,0,0,0,0,0,0,0,0,0,0,0,0,0,0,0,0,0,0,0,0,0,0,0,0,0,0,0,0,0,0,0,0,0
0,0,0,0,0,0,0,0,0,0,0,0,0,0,0,0,1,0,0,1,0,0,1,0,1,0,0,0,0,0,0,0,0,0,1,0,0,0,0,0,0,0,0,0,0,0,1,0,0,0,1,0,0,0,0,1,1,1,0,2,0,1,0,0,0,1,2,0,0,0,0,3,0,0,0,1,3,0,0,1,2,0,0,0,2,0,0,0,0,0,1,0,0,1,0,0,0,0,0,0,0,0,0,0,0,0,0,0,0,0,0,0,0,0,0,0,0,0,0,0,0,0,0,0,0,0,0,0,0,0,0,0,0,0,0,0,0,0,0,0,0,0,0,0,0,0,0,0,0,0,0,0,0,0,0,0,0,0,0,0,0,0,0,0,0,0,0,0,0,0,0,0,0,0,0,0,0,0,0,0,0,0,0,0,0,0,0,0,0,0,0,0,0,0,0,0,0,0,0,0
0,0,0,0,0,0,0,0,0,0,0,0,0,0,0,0,0,0,0,0,0,0,0,0,0,0,0,0,1,0,0,0,0,0,0,1,0,0,1,0,0,1,1,0,1,0,0,1,1,0,1,0,1,0,0,0,0,1,0,2,2,0,1,1,0,0,1,1,0,0,0,0,0,0,0,2,0,0,0,0,0,1,1,0,0,0,0,0,0,0,0,0,0,1,0,0,0,0,0,1,0,0,0,0,1,0,0,0,0,0,0,0,0,0,0,0,0,0,0,0,0,0,0,0,0,0,0,0,0,0,0,0,0,1,0,0,0,0,0,0,0,0,0,0,0,0,0,0,0,0,0,0,0,0,0,0,0,0,0,0,0,0,0,0,0,0,0,0,0,0,0,0,0,0,0,0,0,0,0,0,0,0,0,0,0,0,0,0,0,0,0,0,0,0,0,0,0,0,0,0
0,0,0,0,0,0,0,0,0,0,0,0,0,0,0,0,0,0,0,0,0,1,0,0,0,0,0,0,0,0,1,0,0,0,0,0,0,0,0,0,1,1,0,0,0,1,0,0,0,0,0,1,0,1,1,0,0,0,0,0,0,0,0,1,0,1,0,1,0,0,0,1,0,0,0,0,1,0,0,0,0,0,0,0,0,0,0,0,0,0,0,0,0,0,1,0,0,0,0,0,0,0,0,0,0,0,0,1,0,0,0,0,0,0,0,0,0,0,0,0,0,0,0,0,0,0,0,0,0,0,0,0,0,0,0,0,0,0,0,0,0,0,0,0,0,0,0,0,0,0,0,0,0,0,0,0,0,0,0,0,0,0,0,0,0,0,0,0,0,0,0,0,0,0,0,0,0,0,0,0,0,0,0,0,0,0,0,0,0,0,0,0,0,0,0,0,0,0,0,0
0,0,0,0,0,0,0,0,0,0,0,0,0,0,0,0,0,0,0,0,0,0,0,0,1,1,0,0,0,0,0,0,0,0,0,0,1,1,0,0,1,0,0,0,0,0,0,0,2,0,0,1,0,1,0,0,0,0,1,2,0,1,0,1,1,0,1,0,1,0,0,0,1,1,0,0,0,0,0,0,0,1,0,2,1,0,0,0,0,0,0,0,0,0,2,0,1,0,0,0,0,0,0,0,0,0,0,0,0,0,0,0,0,0,0,0,0,0,0,0,0,0,0,0,0,1,1,0,0,0,0,0,0,0,0,0,0,0,0,0,0,0,0,0,0,0,0,0,0,0,0,0,0,0,0,0,0,0,0,0,0,0,0,0,0,0,0,0,0,0,0,0,0,0,0,0,0,0,0,0,0,0,0,0,0,0,0,0,0,0,0,0,0,0,0,0,0,0,0,0
0,0,0,0,0,0,0,0,0,0,0,0,0,0,0,0,0,0,0,0,0,0,0,0,0,0,0,0,0,0,0,1,0,1,0,0,1,0,1,0,0,0,0,0,0,0,0,0,2,0,0,0,0,0,1,0,1,0,0,0,0,0,0,0,0,0,0,0,0,2,0,0,1,1,0,0,1,0,0,0,0,0,0,0,0,0,0,0,1,1,0,0,0,0,0,0,0,0,0,0,0,0,0,0,0,1,0,0,0,0,0,0,0,0,0,1,0,0,0,0,0,0,0,0,0,0,0,0,0,0,0,0,0,0,0,0,0,0,0,0,0,0,0,0,0,0,0,0,0,0,0,0,0,0,0,0,0,0,0,0,0,0,0,0,0,0,0,0,0,0,0,0,0,0,0,0,0,0,0,0,0,0,0,0,0,0,0,0,0,0,0,0,0,0,0,0,0,0,0,0
0,0,0,0,0,0,0,0,0,0,0,0,0,0,0,0,0,0,0,0,0,0,0,0,0,0,0,0,0,0,0,0,0,0,0,0,0,1,1,0,0,0,0,0,1,1,1,0,1,1,0,0,0,0,0,0,0,0,0,0,2,0,0,0,0,0,1,1,0,1,0,0,3,0,0,0,0,0,0,0,1,0,0,0,0,0,0,0,0,0,0,0,0,1,0,0,0,0,0,0,1,0,0,0,0,0,0,0,0,0,0,0,0,0,0,0,0,0,0,0,0,0,0,0,0,0,0,0,0,0,0,0,0,0,0,0,0,0,0,0,0,0,0,0,0,0,0,0,0,0,0,0,0,0,0,0,0,0,0,0,0,0,0,0,0,0,0,0,0,0,0,0,0,0,0,0,0,0,0,0,0,0,0,0,0,0,0,0,0,0,0,0,0,0,0,0,0,0,0,0
0,0,0,0,0,0,0,0,0,0,0,0,0,1,0,0,0,0,0,0,0,0,0,0,0,0,0,0,0,0,0,0,0,0,0,1,0,0,0,1,2,0,0,1,0,1,1,0,0,0,0,0,1,1,0,1,0,0,0,0,1,0,1,0,0,0,1,0,1,0,0,1,0,0,0,1,0,1,0,0,0,0,0,0,1,0,0,0,0,0,0,0,0,0,0,0,0,0,0,0,0,0,0,0,1,0,0,0,0,0,0,0,0,0,0,0,0,0,0,0,0,0,0,0,0,0,0,0,0,0,0,0,0,0,0,0,0,0,0,0,0,0,0,0,0,0,0,0,0,0,0,0,0,0,0,0,0,0,0,0,0,0,0,0,0,0,0,0,0,0,0,0,0,0,0,0,0,0,0,0,0,0,0,0,0,0,0,0,0,0,0,0,0,0,0,0,0,0,0,0
0,0,1,0,0,0,0,0,0,0,0,0,0,0,0,0,0,0,1,0,0,0,0,0,0,0,0,0,0,0,0,0,1,1,0,0,0,0,0,0,0,2,0,0,1,1,0,0,0,0,0,0,0,0,1,0,0,0,0,1,1,1,1,1,1,1,0,0,1,1,1,0,0,0,1,0,0,0,0,0,0,0,0,0,1,0,1,0,0,0,1,0,0,0,0,1,0,0,0,0,0,0,0,0,0,0,0,0,0,0,0,0,0,0,0,0,0,0,0,0,0,0,0,0,0,0,0,0,0,0,0,0,0,0,0,0,0,0,0,0,0,0,0,0,0,0,0,0,0,0,0,0,0,0,0,0,0,0,0,0,0,0,0,0,0,0,0,0,0,0,0,0,0,0,0,0,0,0,0,0,0,0,0,0,0,0,0,0,0,0,0,0,0,0,0,0,0,0,0,0
0,0,0,0,0,0,0,0,0,0,0,0,0,0,0,0,0,0,0,0,0,0,0,0,0,1,2,0,0,0,0,0,0,0,0,0,0,0,1,0,1,0,1,0,0,2,0,1,1,0,0,1,0,1,1,0,0,1,0,1,1,0,0,0,1,1,0,0,0,0,0,2,0,0,0,2,1,0,0,0,0,0,0,0,0,0,0,0,0,0,0,0,0,0,1,1,0,0,0,0,0,0,0,0,0,0,0,0,0,0,1,0,0,0,0,0,0,0,0,0,0,0,0,0,0,0,0,0,0,0,0,0,0,0,0,0,0,0,0,0,0,0,0,0,0,0,0,0,0,0,0,0,0,0,0,0,0,0,0,0,0,0,0,0,0,0,0,0,0,0,0,0,0,0,0,0,0,0,0,0,0,0,0,0,0,0,0,0,0,0,0,0,0,0,0,0,0,0,0,0
0,0,0,0,0,0,0,0,0,0,0,0,0,0,0,0,0,0,0,0,1,0,0,0,0,0,0,0,0,0,0,0,0,0,0,0,0,0,0,0,0,0,0,1,0,0,0,2,0,0,0,0,0,0,1,1,0,0,0,0,0,0,0,1,1,0,1,0,1,0,0,0,0,0,0,0,0,1,0,0,0,0,0,0,0,0,0,0,0,0,0,0,0,0,0,0,1,0,0,1,0,0,1,0,0,0,0,0,0,0,0,0,0,0,0,0,0,0,0,0,0,0,0,0,0,0,0,0,0,0,0,0,0,0,0,0,0,0,0,0,0,0,0,0,0,0,0,0,0,0,0,0,0,0,0,0,0,0,0,0,0,0,0,0,0,0,0,0,0,0,0,0,0,0,0,0,0,0,0,0,0,0,0,0,0,0,0,0,0,0,0,0,0,0,0,0,0,0,0,0
0,0,0,0,0,0,0,0,1,0,0,0,0,0,0,0,0,0,0,0,0,0,1,0,1,0,0,1,0,0,0,0,0,0,0,0,0,0,0,0,0,0,0,0,0,1,1,1,0,0,0,0,0,0,1,1,1,0,0,1,0,0,0,1,1,0,0,0,0,1,0,0,0,0,0,0,1,2,1,1,0,0,0,0,0,0,0,1,0,0,0,0,2,0,0,0,0,0,0,0,0,0,0,0,0,0,0,0,0,0,1,0,0,0,0,0,1,0,0,0,0,0,0,0,0,0,0,0,0,0,0,0,0,0,0,0,0,0,0,0,0,0,0,0,0,0,0,0,0,0,0,0,0,0,0,0,0,0,0,0,0,0,0,0,0,0,0,0,0,0,0,0,0,0,0,0,0,0,0,0,0,0,0,0,0,0,0,0,0,0,0,0,0,0,0,0,0,0,0,0
0,0,0,0,0,0,0,0,0,0,0,0,0,0,0,0,0,0,0,0,0,0,0,0,0,0,0,0,0,0,0,0,0,0,0,0,0,1,1,0,0,0,0,0,0,0,0,1,0,1,2,1,0,1,1,0,1,0,1,0,1,1,2,0,0,1,0,0,0,2,1,0,0,0,0,0,0,1,0,0,0,0,0,0,1,0,0,0,0,0,0,0,0,0,1,0,0,1,0,0,0,0,0,0,0,0,0,0,0,0,0,0,0,0,0,0,0,0,0,0,0,0,0,0,0,0,0,0,0,0,1,0,0,0,0,0,0,0,0,0,0,0,0,0,0,0,0,0,0,0,0,0,0,0,0,0,0,0,0,0,0,0,0,0,0,0,0,0,0,0,0,0,0,0,0,0,0,0,0,0,0,0,0,0,0,0,0,0,0,0,0,0,0,0,0,0,0,0,0,0
0,0,0,0,0,0,0,0,0,0,0,0,0,0,0,0,0,0,0,1,0,0,0,0,0,0,0,0,0,0,0,0,1,0,0,0,0,0,1,0,0,0,0,0,0,1,1,0,1,0,0,0,0,0,0,0,0,0,0,2,0,1,0,0,1,0,1,0,1,1,1,0,0,0,0,0,0,0,0,0,0,0,0,0,0,0,0,0,0,0,0,0,0,1,1,0,0,0,0,0,0,0,0,0,0,0,0,0,0,1,0,0,0,0,0,0,0,0,0,0,0,0,0,0,0,0,0,0,0,0,0,0,0,0,0,0,0,0,0,0,0,0,0,0,0,0,0,0,0,0,0,0,0,0,0,0,0,0,0,0,0,0,0,0,0,0,0,0,0,0,0,0,0,0,0,0,0,0,0,0,0,0,0,0,0,0,0,0,0,0,0,0,0,0,0,0,0,0,0,0
0,0,0,0,0,0,0,0,0,0,0,0,0,0,0,0,1,0,0,0,0,0,0,0,0,0,0,0,0,0,0,1,0,0,0,1,0,1,0,0,0,0,0,0,0,0,0,0,0,0,1,0,2,0,0,0,0,1,0,1,0,0,1,0,0,1,0,0,0,0,0,1,1,0,0,0,0,1,0,0,0,0,0,0,0,0,1,0,0,0,0,0,0,0,0,0,0,0,0,0,0,0,0,0,0,0,0,0,0,0,0,0,0,0,0,0,0,0,0,0,0,0,0,0,0,0,0,1,0,0,0,0,0,0,0,0,0,0,0,0,0,0,1,0,0,0,0,0,0,0,0,0,0,0,0,0,0,0,0,0,0,0,0,0,0,0,0,0,0,0,0,0,0,0,0,0,0,0,0,0,0,0,0,0,0,0,0,0,0,0,0,0,0,0,0,0,0,0,0,0
0,0,0,0,0,0,0,0,0,0,0,0,0,0,0,0,0,0,0,0,0,0,0,0,0,0,2,1,0,1,0,0,1,0,0,0,0,0,2,0,0,0,1,0,0,0,0,0,0,0,0,1,0,0,1,1,0,0,0,0,0,0,0,0,0,0,0,0,0,0,1,1,0,0,0,0,1,0,0,0,0,0,0,0,0,0,0,0,0,0,0,0,0,0,0,0,0,0,0,0,0,0,0,0,0,0,0,0,0,0,0,0,0,0,0,0,0,0,0,0,0,0,1,0,0,0,0,0,0,0,0,0,0,0,0,0,0,0,0,0,0,0,0,0,0,0,0,0,0,0,0,0,0,0,0,0,0,0,0,0,0,0,0,0,0,0,0,0,0,0,0,0,0,0,0,0,0,0,0,0,0,0,0,0,0,0,0,0,0,0,0,0,0,0,0,0,0,0,0,0
0,0,0,0,0,0,0,0,0,0,0,0,0,0,0,0,0,0,0,0,0,0,0,1,0,0,0,0,0,1,0,0,0,0,0,0,1,0,0,0,0,0,1,0,1,0,1,0,1,2,0,0,1,0,1,0,0,0,0,1,0,0,0,0,2,0,0,0,0,0,0,0,1,0,0,0,0,0,0,0,0,1,0,0,0,0,0,0,0,0,1,0,0,1,0,0,0,0,0,0,0,0,0,0,0,0,0,0,0,0,0,0,0,0,0,0,0,0,0,0,0,0,0,0,0,0,0,0,0,0,0,0,0,0,0,0,0,0,0,0,0,0,0,0,0,0,0,0,0,0,0,0,0,0,0,0,0,0,0,0,0,0,0,0,0,0,0,0,0,0,0,0,0,0,0,0,0,0,0,0,0,0,0,0,0,0,0,0,0,0,0,0,0,0,0,0,0,0,0,0
0,0,0,0,0,0,0,0,0,0,0,0,0,0,0,0,0,0,0,0,0,0,0,0,0,0,0,0,0,0,0,0,0,0,0,1,1,0,0,0,0,1,0,0,1,0,0,0,0,0,0,0,0,0,0,0,0,0,0,0,0,0,1,0,1,0,0,0,0,0,0,0,0,0,0,0,0,0,0,0,2,0,0,0,0,0,0,2,0,0,0,0,0,0,0,0,1,0,0,0,0,0,0,0,0,0,0,0,0,0,0,0,0,0,0,0,0,0,0,0,0,0,0,0,0,0,0,0,0,0,0,0,0,0,0,0,0,0,0,0,0,0,0,0,0,0,0,0,0,0,0,0,0,0,0,0,0,0,0,0,0,0,0,0,0,0,0,0,0,0,0,0,0,0,0,0,0,0,0,0,0,0,0,0,0,0,0,0,0,0,0,0,0,0,0,0,0,0,0,0
0,0,0,0,0,0,0,0,0,0,0,0,0,0,0,0,0,0,0,0,0,0,0,0,0,0,0,0,0,0,0,0,0,0,0,0,0,0,0,0,0,0,0,0,0,0,1,0,0,0,1,0,0,0,0,1,0,0,1,0,0,1,1,0,0,1,0,0,0,0,0,1,0,0,0,0,1,0,0,0,0,0,2,0,0,0,0,0,0,0,0,0,0,0,0,0,0,0,0,0,0,0,0,0,0,0,0,0,0,0,0,0,0,0,0,0,0,1,0,0,0,0,0,0,0,0,0,0,0,0,0,0,0,0,1,0,0,0,0,0,0,0,0,0,0,0,0,0,0,0,0,0,0,0,0,0,0,0,0,0,0,0,0,0,0,0,0,0,0,0,0,0,0,0,0,0,0,0,0,0,0,0,0,0,0,0,0,0,0,0,0,0,0,0,0,0,0,0,0,0
0,0,0,0,0,0,0,0,0,0,0,0,0,0,0,0,0,0,0,0,0,0,0,0,0,0,0,0,0,0,0,0,0,0,0,0,0,0,0,0,0,0,0,0,0,0,1,0,1,1,0,0,0,1,0,1,0,0,0,1,0,0,0,0,0,1,0,2,0,0,0,1,0,0,1,0,0,0,0,0,0,0,0,0,0,0,0,0,0,0,0,0,0,0,0,0,0,0,0,0,0,0,0,0,1,0,0,0,0,0,0,0,0,0,0,0,0,0,0,0,0,0,0,0,0,0,0,0,0,0,0,0,0,0,0,0,0,0,0,0,0,0,0,0,0,0,0,0,0,0,0,0,0,0,0,0,0,0,0,0,0,0,0,0,0,0,0,0,0,0,0,0,0,0,0,0,0,0,0,0,0,0,0,0,0,0,0,0,0,0,0,0,0,0,0,0,0,0,0,0
0,0,0,0,0,0,0,1,0,0,0,0,0,0,0,0,0,0,0,0,0,0,0,0,0,0,0,0,0,0,0,0,0,0,0,0,2,0,0,1,0,0,0,0,0,0,0,0,2,0,0,0,0,1,1,0,0,1,0,0,0,2,1,0,0,0,0,0,0,0,0,1,1,0,0,0,0,0,1,0,0,0,0,0,0,0,1,0,1,0,0,0,0,0,0,0,0,0,0,0,0,0,0,0,0,0,0,0,0,0,0,0,0,0,1,0,0,0,0,0,0,0,0,0,0,0,0,0,0,0,0,0,0,0,0,0,0,0,0,0,0,0,0,0,0,0,0,0,0,0,0,0,0,0,0,0,0,0,0,0,0,0,0,0,0,0,0,0,0,0,0,0,0,0,0,0,0,0,0,0,0,0,0,0,0,0,0,0,0,0,0,0,0,0,0,0,0,0,0,0
0,0,0,0,0,0,0,0,0,0,0,0,0,0,0,0,0,0,0,0,0,0,0,0,0,0,0,0,0,0,0,0,0,0,0,1,0,0,0,0,1,0,0,0,0,0,0,0,0,0,0,0,1,0,0,0,0,0,0,0,1,0,0,1,0,2,0,0,0,0,1,0,0,1,0,1,0,0,0,0,1,0,0,0,0,0,0,0,0,0,1,0,0,0,0,0,0,0,0,0,0,0,0,0,0,0,0,0,0,0,0,0,0,1,0,0,0,0,0,0,0,0,0,0,0,0,0,0,0,0,0,0,0,0,0,0,0,0,0,0,0,0,0,0,0,0,0,0,0,0,0,0,0,0,0,0,0,0,0,0,0,0,0,0,0,0,0,0,0,0,0,0,0,0,0,0,0,0,0,0,0,0,0,0,0,0,0,0,0,0,0,0,0,0,0,0,0,0,0,0
0,0,0,0,0,0,0,0,0,0,0,0,0,0,0,0,0,0,0,0,0,0,0,0,0,0,0,0,0,1,0,0,0,0,0,0,0,0,0,0,0,0,0,1,1,0,0,1,1,0,0,1,1,0,1,0,0,0,0,0,0,0,0,1,0,1,0,0,0,0,0,1,0,1,0,0,0,0,0,0,0,0,0,0,0,0,0,0,1,0,0,0,0,0,0,0,0,0,0,0,0,0,1,0,0,0,0,0,0,0,0,0,0,0,0,0,0,0,0,0,0,0,0,0,0,0,0,0,0,0,0,0,0,0,0,0,0,0,0,0,0,0,0,0,0,0,0,0,0,0,0,0,0,0,0,0,0,0,0,0,0,0,0,0,0,0,0,0,0,0,0,0,0,0,0,0,0,0,0,0,0,0,0,0,0,0,0,0,0,0,0,0,0,0,0,0,0,0,0,0
0,0,0,0,0,0,0,0,0,0,0,0,0,0,0,0,0,0,1,0,0,0,0,0,0,0,0,0,0,0,0,0,0,0,0,0,0,1,0,0,0,1,0,1,0,0,0,0,0,0,0,0,0,1,0,0,0,1,0,0,1,1,0,0,0,0,2,0,0,1,1,0,1,0,0,2,0,0,0,1,0,0,0,0,0,0,0,0,0,0,0,0,0,0,0,0,0,1,0,0,0,0,0,0,0,0,1,0,1,0,0,0,0,0,0,0,0,0,0,0,0,0,1,0,0,0,0,0,0,0,0,0,0,0,0,0,0,0,0,0,0,0,0,0,0,0,0,0,0,0,0,0,0,0,0,0,0,0,0,0,0,0,0,0,0,0,0,0,0,0,0,0,0,0,0,0,0,0,0,0,0,0,0,0,0,0,0,0,0,0,0,0,0,0,0,0,0,0,0,0
0,0,0,0,0,0,0,0,0,0,0,0,0,0,0,0,0,0,0,0,0,0,0,0,0,0,0,0,0,0,0,0,0,0,0,0,0,0,0,0,1,0,0,1,0,0,0,1,0,0,0,1,0,1,1,0,0,0,0,1,1,0,0,0,1,0,0,0,1,0,0,0,0,0,0,0,0,0,0,0,0,0,0,0,0,0,1,0,0,0,0,1,0,0,0,0,0,0,0,0,0,0,0,0,0,0,0,0,0,0,0,0,0,0,0,0,0,0,0,0,0,0,0,0,0,0,0,0,0,0,0,0,0,0,0,0,0,0,0,0,0,0,0,0,0,0,0,0,0,0,0,0,0,0,0,0,0,0,0,0,0,0,0,0,0,0,0,0,0,0,0,0,0,0,0,0,0,0,0,0,0,0,0,0,0,0,0,0,0,0,0,0,0,0,0,0,0,0,0,0
0,0,0,0,0,0,0,0,0,0,0,0,0,0,1,0,0,0,0,0,0,0,0,0,0,0,0,0,0,0,0,0,0,0,0,0,0,1,0,0,1,0,0,1,0,1,0,0,0,1,1,0,0,0,1,0,0,0,0,0,1,0,0,0,1,1,0,1,0,0,0,1,0,0,0,1,0,0,0,0,0,0,1,0,0,0,0,0,0,0,0,0,0,0,0,0,0,1,1,0,0,0,0,0,0,0,0,0,0,0,0,0,0,0,0,0,0,0,0,0,0,0,0,1,0,0,0,0,0,0,0,0,0,0,0,0,0,0,0,0,0,0,0,0,0,0,0,0,0,0,0,0,0,0,0,0,0,0,0,0,0,0,0,0,0,0,0,0,0,0,0,0,0,0,0,0,0,0,0,0,0,0,0,0,0,0,0,0,0,0,0,0,0,0,0,0,0,0,0,0
0,0,0,0,0,0,0,0,0,0,0,0,0,0,0,0,0,0,0,0,0,0,0,0,0,0,0,0,0,0,0,1,0,0,0,0,0,1,1,0,0,1,0,0,0,0,0,1,0,0,0,1,0,0,0,0,0,0,0,0,0,0,0,0,0,0,0,0,0,0,0,0,0,1,0,0,1,0,0,0,0,0,0,1,2,0,0,0,0,0,0,0,0,0,0,0,0,0,0,0,0,0,0,0,0,0,0,0,0,0,0,0,0,0,0,1,0,0,0,0,0,0,0,0,0,0,0,0,0,0,0,0,0,0,0,0,0,0,0,0,0,0,0,0,0,0,0,0,0,0,0,0,0,0,0,0,0,0,0,0,0,0,0,0,0,0,0,0,0,0,0,0,0,0,0,0,0,0,0,0,0,0,0,0,0,0,0,0,0,0,0,0,0,0,0,0,0,0,0,0
0,0,0,0,0,0,0,0,0,0,0,0,0,0,0,0,0,0,0,0,0,0,0,0,0,0,0,0,0,0,0,1,0,0,0,0,0,0,0,0,0,0,0,1,0,0,0,0,1,1,0,0,0,1,0,1,0,2,1,1,1,2,1,0,0,0,0,0,0,0,0,0,0,0,0,0,0,0,0,0,0,1,0,0,1,1,1,0,1,0,0,0,2,0,0,0,0,0,0,0,0,0,0,0,0,0,0,0,0,0,0,0,0,0,0,0,0,0,0,0,0,0,0,0,0,0,0,1,1,0,0,0,0,0,0,0,0,0,0,0,0,0,0,0,0,0,0,0,0,0,0,0,0,0,0,0,0,0,0,0,0,0,0,0,0,0,0,0,0,0,0,0,0,0,0,0,0,0,0,0,0,0,0,0,0,0,0,0,0,0,0,0,0,0,0,0,0,0,0,0
0,0,0,0,0,0,0,0,0,0,0,0,0,0,0,0,0,0,0,0,0,1,0,0,1,0,0,0,0,0,0,0,1,0,0,0,0,0,0,0,1,0,0,0,0,0,1,0,0,0,0,1,0,0,0,1,1,0,1,0,0,0,0,1,0,0,0,0,1,0,0,0,0,0,0,1,0,0,0,0,0,1,0,0,0,0,0,0,0,0,0,0,0,1,0,0,0,0,0,0,0,0,0,0,1,0,0,0,0,0,0,0,0,0,0,0,0,0,0,0,0,0,0,0,1,0,0,0,0,0,0,0,0,0,0,0,0,0,0,0,0,0,0,0,0,0,0,0,0,0,0,0,0,0,0,0,0,0,0,0,0,0,0,0,0,0,0,0,0,0,0,0,0,0,0,0,0,0,0,0,0,0,0,0,0,0,0,0,0,0,0,0,0,0,0,0,0,0,0,0
0,0,0,0,0,0,0,0,0,0,0,0,0,0,0,0,0,0,1,0,0,0,0,0,0,0,0,0,0,0,0,1,0,0,0,0,0,0,0,0,0,0,0,0,1,0,0,1,0,0,0,0,0,0,0,0,0,1,1,0,0,0,0,0,0,0,0,0,1,1,0,0,0,0,1,0,0,0,0,0,0,0,0,0,0,0,0,0,0,0,0,0,0,0,0,0,0,0,0,0,0,0,0,0,0,0,0,0,0,0,0,0,0,0,0,0,0,0,0,1,0,0,0,0,0,0,0,0,0,0,0,0,0,0,0,0,0,0,0,0,0,0,0,0,0,0,0,0,0,0,0,0,0,0,0,0,0,0,0,0,0,0,0,0,0,0,0,0,0,0,0,0,0,0,0,0,0,0,0,0,0,0,0,0,0,0,0,0,0,0,0,0,0,0,0,0,0,0,0,0
0,0,0,0,0,0,0,0,0,0,0,0,0,0,0,0,0,0,0,0,0,0,0,0,0,0,0,0,0,0,0,0,0,0,0,0,0,0,0,0,0,0,0,0,0,0,0,1,0,0,0,0,0,0,0,0,0,0,0,0,0,2,0,0,0,1,1,1,0,0,0,0,0,0,0,0,0,0,0,0,0,0,0,0,0,0,0,0,0,0,0,0,0,0,1,0,0,0,0,0,0,0,0,0,0,0,0,0,0,0,0,0,0,0,0,0,0,0,0,0,0,0,0,0,0,0,0,0,0,0,0,0,0,0,0,0,0,0,0,0,0,0,0,0,0,0,0,0,0,0,0,0,0,0,0,0,0,0,0,0,0,0,0,0,0,0,0,0,0,0,0,0,0,0,0,0,0,0,0,0,0,0,0,0,0,0,0,0,0,0,0,0,0,0,0,0,0,0,0,0
0,0,0,0,0,0,0,0,0,0,0,0,0,0,0,0,0,0,0,0,0,1,0,0,0,0,0,0,0,0,0,0,2,0,0,0,0,0,0,0,0,0,0,1,0,0,0,0,0,0,1,1,0,0,0,0,0,0,0,0,0,0,0,0,0,0,0,0,0,0,0,0,0,1,0,0,0,0,0,0,0,0,0,0,0,0,0,0,1,0,0,0,0,0,1,0,0,0,0,1,0,0,0,0,0,1,0,0,0,0,0,0,0,0,0,0,0,0,0,0,0,0,0,0,0,0,0,0,0,0,0,0,0,0,0,0,0,0,0,0,0,0,0,0,0,0,0,0,0,0,0,0,0,0,0,0,0,0,0,0,0,0,0,0,0,0,0,0,0,0,0,0,0,0,0,0,0,0,0,0,0,0,0,0,0,0,0,0,0,0,0,0,0,0,0,0,0,0,0,0
0,0,0,0,0,0,0,0,0,0,0,0,0,0,0,0,0,0,0,0,0,0,0,0,0,0,0,0,0,0,0,1,0,0,1,0,0,0,0,0,0,0,0,0,0,0,0,0,0,0,0,0,0,0,0,0,0,0,0,0,0,1,0,0,0,0,0,0,0,0,0,0,0,0,0,0,0,0,0,1,0,0,0,0,0,0,0,1,0,0,0,1,0,0,0,0,0,1,0,0,0,0,0,0,0,0,0,0,0,1,0,0,0,0,0,0,0,0,0,0,0,0,0,0,0,0,0,0,0,0,0,0,0,0,0,0,0,0,0,0,0,0,0,0,0,0,0,0,0,0,0,0,0,0,0,0,0,0,0,0,0,0,0,0,0,0,0,0,0,0,0,0,0,0,0,0,0,0,0,0,0,0,0,0,0,0,0,0,0,0,0,0,0,0,0,0,0,0,0,0
0,0,0,0,0,0,0,0,0,0,0,0,0,0,0,0,0,0,0,0,0,1,0,0,0,0,1,0,0,0,0,0,0,0,0,1,0,0,0,0,0,0,0,0,0,0,0,0,0,0,0,0,1,0,0,0,0,1,1,1,1,1,0,0,0,0,0,0,0,0,0,0,1,0,1,0,0,0,0,0,0,0,0,0,0,0,1,0,0,0,0,1,0,0,0,0,0,0,0,0,0,0,0,0,0,0,0,0,0,0,0,0,0,0,0,0,0,0,0,0,0,1,0,0,0,0,0,0,1,0,0,0,0,0,0,0,0,0,0,0,0,0,0,0,0,0,0,0,0,0,0,0,0,0,0,0,0,0,0,0,0,0,0,0,0,0,0,0,0,0,0,0,0,0,0,0,0,0,0,0,0,0,0,0,0,0,0,0,0,0,0,0,0,0,0,0,0,0,0,0
0,0,0,0,0,0,0,0,0,0,0,0,0,0,0,0,0,0,0,0,1,0,0,0,1,0,0,0,0,0,0,0,0,0,0,0,0,0,1,0,0,0,0,0,0,0,0,0,0,0,0,1,1,1,1,0,0,0,0,0,1,0,0,0,0,0,0,0,0,0,0,0,0,1,1,1,0,0,0,0,0,0,1,0,0,0,0,0,0,0,0,1,0,0,0,0,0,0,0,0,0,1,0,0,0,0,0,0,0,0,0,0,0,0,0,0,0,0,0,0,0,0,0,0,0,0,0,0,0,0,0,0,0,0,0,0,0,0,0,0,0,0,0,0,0,0,0,0,0,0,0,0,0,0,0,0,0,0,0,0,0,0,0,0,0,0,0,0,0,0,0,0,0,0,0,0,0,0,0,0,0,0,0,0,0,0,0,0,0,0,0,0,0,0,0,0,0,0,0,0
0,0,0,0,0,0,0,0,0,0,0,0,0,0,0,0,0,0,0,0,0,0,0,0,0,0,0,0,0,0,0,0,0,0,0,0,0,0,0,0,0,1,0,0,0,1,0,0,0,0,0,0,1,1,0,1,0,0,2,1,0,1,0,0,0,0,0,0,0,1,0,0,0,0,0,0,0,0,0,0,0,0,0,0,0,0,0,0,0,0,0,0,0,0,0,0,1,0,0,0,0,0,0,0,0,0,0,0,0,0,0,0,0,0,0,0,0,0,0,0,0,0,0,0,0,0,0,0,0,0,0,0,0,0,0,0,0,0,0,0,0,0,0,0,0,0,0,0,0,0,0,0,0,0,0,0,0,0,0,0,0,0,0,0,0,0,0,0,0,0,0,0,0,0,0,0,0,0,0,0,0,0,0,0,0,0,0,0,0,0,0,0,0,0,0,0,0,0,0,0
0,0,0,0,0,0,0,0,0,0,0,0,0,0,0,0,0,0,0,0,0,0,0,0,0,0,0,0,0,0,0,0,0,0,0,0,1,0,1,0,0,1,0,0,1,0,1,0,0,1,0,0,0,0,0,0,0,0,0,1,1,1,0,0,0,0,0,1,0,0,0,0,0,0,0,0,0,0,0,0,0,1,0,0,0,0,0,0,0,0,0,0,0,0,0,0,0,0,0,0,0,0,0,0,0,0,0,0,0,0,0,0,0,0,0,0,1,0,0,0,0,0,0,0,0,0,0,0,0,0,0,0,0,0,0,0,0,0,0,0,0,0,0,0,0,0,0,0,0,0,0,0,0,0,0,0,0,0,0,0,0,0,0,0,0,0,0,0,0,0,0,0,0,0,0,0,0,0,0,0,0,0,0,0,0,0,0,0,0,0,0,0,0,0,0,0,0,0,0,0
0,0,0,0,0,0,0,0,0,0,0,0,0,0,0,0,0,0,0,0,0,0,0,0,0,0,1,0,0,0,0,0,0,0,0,0,0,0,0,0,1,0,1,1,0,0,0,0,0,0,1,0,0,0,0,1,0,0,0,0,2,0,1,0,1,0,0,0,1,0,0,0,0,0,0,0,0,0,0,0,1,0,0,2,0,0,0,0,0,0,0,0,0,0,0,0,0,0,1,0,0,0,0,0,0,0,0,0,0,0,0,0,0,1,0,0,0,0,0,0,0,0,0,0,0,0,0,0,0,0,0,0,0,0,0,0,0,0,0,0,0,0,0,0,0,0,0,0,0,0,0,0,0,0,0,0,0,0,0,0,0,0,0,0,0,0,0,0,0,0,0,0,0,0,0,0,0,0,0,0,0,0,0,0,0,0,0,0,0,0,0,0,0,0,0,0,0,0,0,0
0,0,0,0,0,0,0,0,0,0,0,0,0,0,0,0,0,0,0,0,0,0,0,0,0,0,0,0,0,0,1,1,1,0,0,0,0,0,0,0,0,0,0,0,1,0,1,0,0,0,0,0,1,1,0,0,0,0,0,1,0,1,0,0,0,0,0,0,0,0,0,0,0,0,1,1,0,0,0,0,1,0,0,0,0,0,0,0,0,0,0,0,0,0,0,0,0,0,0,0,0,0,0,1,0,0,0,0,0,1,0,0,0,0,0,0,0,0,0,0,0,0,0,0,0,0,0,0,0,0,0,0,0,0,0,0,0,0,0,0,0,0,0,0,0,0,0,0,0,0,0,0,0,0,0,0,0,0,0,0,0,0,0,0,0,0,0,0,0,0,0,0,0,0,0,0,0,0,0,0,0,0,0,0,0,0,0,0,0,0,0,0,0,0,0,0,0,0,0,0
0,0,0,0,0,0,0,0,0,0,0,0,0,0,0,0,0,0,0,0,0,0,0,0,0,0,0,0,0,0,0,0,1,1,0,0,0,0,2,0,0,0,0,0,1,1,0,0,0,0,0,0,0,0,0,0,0,0,0,1,0,0,0,0,1,0,1,0,0,0,0,0,0,0,0,0,0,0,1,0,0,0,0,0,0,0,0,1,0,0,0,0,0,0,0,0,0,0,0,0,0,0,0,0,0,0,0,0,0,0,0,0,0,0,0,0,0,0,0,0,0,0,0,0,0,0,0,0,0,0,0,0,0,0,0,0,0,0,0,0,0,0,0,0,0,0,0,0,0,0,0,0,0,0,0,0,0,0,0,0,0,0,0,0,0,0,0,0,0,0,0,0,0,0,0,0,0,0,0,0,0,0,0,0,0,0,0,0,0,0,0,0,0,0,0,0,0,0,0,0
0,0,0,0,0,0,0,0,0,0,0,0,0,0,0,0,0,0,0,0,0,0,0,0,0,0,0,0,0,1,0,0,0,0,0,0,0,0,0,0,0,0,1,0,0,0,0,0,0,0,0,0,1,0,0,0,1,0,1,1,2,0,0,0,0,0,0,0,0,0,0,0,0,0,0,0,0,1,0,0,0,0,0,0,0,0,0,0,0,0,0,0,0,1,0,0,0,0,0,0,0,0,0,0,0,0,0,0,1,0,0,0,0,0,0,0,0,0,0,0,0,0,0,0,0,0,0,0,0,0,0,0,0,0,0,0,0,0,0,0,0,0,0,0,0,0,0,0,0,0,0,0,0,0,0,0,0,0,0,0,0,0,0,0,0,0,0,0,0,0,0,0,0,0,0,0,0,0,0,0,0,0,0,0,0,0,0,0,0,0,0,0,0,0,0,0,0,0,0,0
0,0,0,0,0,0,0,0,0,0,0,0,0,0,0,0,0,0,0,0,0,0,1,0,0,0,0,0,0,0,0,0,0,0,0,0,0,0,0,0,0,0,0,0,1,0,1,0,0,0,0,0,1,0,0,0,0,0,0,0,0,1,0,0,0,0,0,0,0,1,1,0,0,1,0,0,0,0,0,0,0,0,0,0,0,1,0,0,0,0,0,0,0,0,0,0,0,0,0,0,0,0,0,0,0,0,0,0,0,0,0,0,0,0,0,0,0,0,0,0,0,0,0,0,0,0,0,0,0,0,0,0,0,0,0,0,0,0,0,0,0,0,0,0,0,0,0,0,0,0,0,0,0,0,0,0,0,0,0,0,0,0,0,0,0,0,0,0,0,0,0,0,0,0,0,0,0,0,0,0,0,0,0,0,0,0,0,0,0,0,0,0,0,0,0,0,0,0,0,0
0,0,0,0,0,0,0,0,0,0,0,0,0,0,0,0,0,0,0,0,0,0,0,0,0,0,0,0,0,0,0,0,0,0,0,0,0,0,0,0,0,0,2,0,1,0,0,0,0,0,0,0,0,1,0,0,0,1,0,0,0,0,0,1,0,1,0,0,0,0,0,0,0,0,0,0,0,0,0,0,0,0,0,0,0,0,0,0,0,1,0,0,0,0,1,0,1,0,0,0,0,0,0,0,0,0,0,0,0,0,0,0,0,0,0,0,0,0,0,0,0,0,0,0,0,0,0,0,0,0,0,0,0,0,0,0,0,0,0,0,0,0,0,0,0,0,0,0,0,0,0,0,0,0,0,0,0,0,0,0,0,0,0,0,0,0,0,0,0,0,0,0,0,0,0,0,0,0,0,0,0,0,0,0,0,0,0,0,0,0,0,0,0,0,0,0,0,0,0,0
0,0,0,0,0,0,0,0,0,0,0,0,0,0,0,0,0,0,0,0,0,0,0,0,0,0,0,0,0,0,0,0,0,0,0,1,0,0,0,1,0,0,1,0,1,0,0,0,0,0,0,1,0,0,0,0,1,0,0,0,0,2,1,1,2,0,0,1,0,0,0,0,0,0,1,0,0,0,0,0,1,0,0,0,0,0,0,1,0,0,0,0,1,0,0,0,0,0,0,0,0,0,0,0,0,0,0,0,0,0,0,0,0,0,0,0,0,0,0,0,0,0,0,0,0,0,0,0,0,0,0,0,0,0,0,0,0,0,0,0,0,0,0,0,0,0,0,0,0,0,0,0,0,0,0,0,0,0,0,0,0,0,0,0,0,0,0,0,0,0,0,0,0,0,0,0,0,0,0,0,0,0,0,0,0,0,0,0,0,0,0,0,0,0,0,0,0,0,0,0
0,0,1,0,0,0,0,0,0,0,0,0,0,0,0,0,0,0,0,0,0,0,0,0,0,0,0,0,0,0,0,0,0,0,0,0,0,0,0,0,0,0,0,0,1,0,0,0,0,0,0,0,0,0,0,0,0,0,0,0,0,0,0,0,0,0,1,0,0,2,0,0,0,0,0,0,0,0,0,1,0,1,0,0,0,0,0,0,0,0,0,0,0,0,0,0,0,0,0,0,0,0,0,0,0,0,0,0,0,0,0,0,0,0,0,0,0,0,0,1,0,0,0,0,0,0,0,0,0,0,0,0,0,0,0,0,0,0,0,0,0,0,0,0,0,0,0,0,0,0,0,0,0,0,0,0,0,0,0,0,0,0,0,0,0,0,0,0,0,0,0,0,0,0,0,0,0,0,0,0,0,0,0,0,0,0,0,0,0,0,0,0,0,0,0,0,0,0,0,0
0,0,0,1,0,0,0,0,0,0,0,0,0,0,0,0,0,0,0,0,0,0,0,0,0,0,0,0,0,0,0,0,0,1,0,0,0,0,0,0,0,0,0,0,0,0,2,0,0,0,1,0,0,0,0,0,0,0,0,0,0,0,0,2,0,0,0,0,1,1,0,0,0,0,0,0,1,0,0,0,1,0,1,0,0,1,1,0,0,0,0,0,0,0,0,0,0,0,0,0,0,0,0,0,0,0,0,0,0,0,1,0,0,0,0,0,0,0,0,0,0,0,0,0,0,0,0,0,0,0,0,0,0,0,0,0,0,0,0,0,0,0,0,0,0,0,0,0,0,0,0,0,0,0,0,0,0,0,0,0,0,0,0,0,0,0,0,0,0,0,0,0,0,0,0,0,0,0,0,0,0,0,0,0,0,0,0,0,0,0,0,0,0,0,0,0,0,0,0,0
