4,6,3,12,13,2,1,12,8,10,17,22,7,13,24,38,36,39,36,45,50,75,52,85,74,99,127,135,149,136,144,183,193,228,224,258,268,293,286,375,330,363,417,448,429,513,500,633,606,650,676,701,773,724,845,916,903,1004,994,1009,1138,1021,1072,1092,1181,1166,1185,1215,1243,1276,1231,1185,1317,1361,1302,1320,1316,1340,1384,1406,1353,1341,1294,1256,1256,1311,1212,1269,1133,1152,1128,1074,1041,1059,961,962,916,899,895,851,820,806,762,802,698,634,618,538,654,522,479,442,463,435,412,438,370,349,293,293,312,262,257,263,241,235,190,163,166,156,126,127,110,98,89,96,78,97,81,58,66,59,47,41,49,45,29,34,33,21,19,18,9,18,7,12,10,14,13,13,8,6,6,1,7,1,1,1,0,2,2,3,0,3,0,0,1,0,0,3,0,0,0,0,1,0,0,0,0,0,0,0,0,0,0,0,0,0,0,0
4,7,8,15,12,14,1,14,10,11,13,23,21,22,25,37,27,41,57,67,70,102,89,109,121,139,192,189,172,199,256,232,333,298,309,367,374,384,433,533,504,575,594,683,620,739,764,886,785,857,884,867,982,953,1050,1124,1150,1274,1260,1272,1315,1200,1235,1288,1316,1242,1319,1293,1291,1363,1346,1204,1319,1343,1341,1257,1215,1294,1205,1224,1205,1233,1007,1138,985,1062,1034,1036,964,962,887,874,763,745,778,754,687,650,618,612,560,556,524,506,516,456,396,397,447,375,327,322,273,320,285,265,245,217,255,192,204,153,197,198,139,129,151,81,93,113,65,97,64,68,61,60,59,63,49,41,42,44,22,30,25,26,27,24,22,17,12,15,10,7,10,11,5,11,7,1,5,2,4,0,2,4,1,1,0,0,3,4,0,2,0,0,1,0,0,0,0,0,0,0,1,1,0,0,0,0,0,0,0,0,0,0,0,0,0,0
10,10,1,9,15,13,1,21,12,8,24,28,22,21,21,41,50,48,79,80,92,161,108,129,162,168,228,256,221,258,297,302,412,353,403,462,463,447,480,595,535,642,670,769,729,851,888,970,909,927,949,1041,1150,1024,1115,1231,1215,1291,1236,1267,1348,1302,1270,1251,1367,1299,1309,1394,1334,1351,1379,1265,1225,1347,1243,1189,1169,1139,1142,1057,1090,1057,933,992,1005,909,922,859,835,817,793,747,667,635,642,599,569,573,503,466,388,410,425,416,409,334,348,319,317,251,242,206,237,261,224,222,183,174,160,163,153,130,139,130,118,99,98,108,102,104,58,55,57,47,38,36,45,42,25,32,36,26,17,25,28,17,17,12,13,23,9,6,1,6,5,14,3,5,11,3,7,1,9,0,5,2,0,0,0,3,0,1,0,0,0,0,2,0,0,0,0,0,0,0,2,0,0,0,0,0,0,0,0,0,0,0,0,0,0,0
9,7,0,10,9,16,0,28,22,17,31,39,24,30,38,70,84,64,88,99,115,164,143,127,161,196,249,278,265,258,289,350,412,443,438,482,588,496,611,659,686,753,786,857,767,930,1025,1059,961,1026,1044,1093,1269,1116,1253,1279,1271,1327,1312,1335,1408,1326,1356,1276,1302,1281,1297,1304,1313,1246,1269,1236,1229,1278,1163,1136,1089,1034,1011,1047,1004,962,869,909,867,832,769,800,736,759,698,650,561,591,516,531,487,453,423,417,374,363,374,361,355,294,247,297,249,228,199,193,188,179,167,198,156,147,145,136,137,83,123,108,87,91,79,59,50,87,42,45,41,50,32,34,35,34,22,23,29,29,10,26,22,19,26,11,11,13,4,7,6,11,3,0,11,6,8,1,2,2,5,0,7,4,1,3,2,2,1,1,0,1,2,0,1,0,0,1,0,0,0,0,2,1,0,0,0,0,0,0,0,0,0,0,0,0,0,0
14,14,4,16,19,17,1,25,5,17,27,42,30,38,30,70,72,78,86,124,108,146,141,161,185,214,282,315,243,266,376,362,487,416,469,493,572,564,608,692,638,819,763,910,869,885,971,1144,980,1005,1130,1122,1295,1175,1262,1359,1346,1313,1265,1326,1385,1236,1337,1263,1303,1184,1285,1329,1240,1169,1230,1083,1085,1178,1186,1035,990,970,995,944,913,925,864,795,690,715,667,711,615,636,618,586,543,506,465,451,390,390,424,408,330,313,306,287,285,255,204,235,203,203,185,149,165,168,151,141,114,129,124,88,114,85,87,103,77,68,76,42,63,72,59,45,36,31,34,44,47,24,18,18,23,24,11,17,15,15,21,8,18,8,6,8,0,6,5,7,0,3,4,2,3,0,4,0,5,2,0,1,1,2,1,1,0,2,1,0,3,0,0,0,0,0,0,0,0,0,0,0,0,0,0,0,0,0,0,0,0,0,0,0
8,9,4,21,17,17,1,25,22,15,28,46,40,41,39,63,91,87,90,147,130,196,165,154,188,250,304,329,260,304,367,404,537,493,490,553,554,590,647,742,716,867,873,939,872,969,1014,1181,1015,1125,1134,1114,1288,1128,1246,1314,1264,1372,1271,1343,1427,1256,1246,1327,1292,1140,1291,1179,1132,1170,1174,1036,1160,1112,1017,980,938,958,934,869,843,781,796,765,723,662,653,638,539,590,537,507,469,429,396,418,397,363,336,353,291,273,261,277,282,239,209,193,221,196,163,156,145,134,142,158,102,100,90,91,89,67,81,80,57,73,66,46,53,51,35,57,30,25,33,32,36,26,18,18,16,14,10,16,13,15,15,8,8,15,9,3,4,3,2,6,1,9,8,3,3,3,7,0,4,1,1,3,0,1,1,0,0,0,0,0,2,0,0,1,0,0,0,0,3,1,0,0,0,0,0,0,0,0,0,0,0,0,0,0
15,12,5,23,21,19,1,26,15,12,33,46,35,35,48,55,85,97,114,132,119,183,142,185,221,252,358,364,305,304,389,437,563,496,515,625,620,607,606,745,770,844,897,957,884,1042,1024,1190,954,1097,1147,1147,1297,1220,1285,1289,1373,1328,1333,1293,1396,1215,1221,1198,1236,1171,1131,1177,1133,1129,1122,1008,1020,1059,1008,959,857,870,854,785,812,782,754,613,671,622,600,580,497,535,515,480,465,411,363,343,356,289,300,295,277,240,238,286,221,184,184,201,221,150,134,146,153,141,117,118,88,88,79,98,95,68,89,69,83,48,61,54,43,56,28,43,18,34,17,26,37,36,27,22,14,18,8,13,10,14,12,3,3,12,6,3,4,7,4,7,1,3,6,3,2,5,2,0,0,3,1,1,0,1,1,0,0,1,2,0,1,0,0,0,0,0,0,0,0,1,0,0,0,0,0,0,0,0,0,0,0,0,0,0
15,13,2,20,23,19,2,34,21,14,35,49,34,38,55,64,61,87,118,152,132,194,166,182,200,271,325,407,306,351,432,464,580,517,572,595,641,642,694,800,741,873,879,979,915,1061,1046,1194,1035,1099,1118,1190,1307,1137,1298,1259,1327,1362,1259,1331,1315,1213,1172,1199,1211,1142,1133,1144,1086,1039,1071,946,1020,1012,924,900,935,836,797,771,772,697,676,571,638,549,528,585,442,466,470,412,440,368,333,334,304,290,280,263,272,201,199,224,190,173,165,181,143,158,126,105,117,116,101,99,81,81,89,72,97,65,69,81,66,53,52,41,40,44,32,26,19,29,14,30,37,17,15,23,13,13,14,11,13,16,14,3,2,10,9,6,3,6,2,4,4,6,4,1,2,0,1,0,4,1,0,2,0,0,0,2,0,1,1,0,0,0,0,1,0,0,0,0,1,0,0,0,0,0,0,0,0,0,0,0,0,0,0,0
19,22,8,33,18,15,2,36,21,12,40,47,38,41,44,80,97,99,119,135,146,218,150,180,253,240,342,388,294,341,430,406,585,554,558,610,582,592,704,838,735,910,839,958,941,1050,1045,1232,996,1090,1059,1088,1281,1113,1220,1262,1310,1295,1256,1313,1273,1186,1186,1167,1173,1105,1068,1097,1018,1050,1020,904,968,928,903,855,796,773,727,715,647,700,631,562,483,483,446,527,439,425,415,395,366,367,332,310,304,299,224,271,237,186,206,223,159,152,141,150,153,129,127,119,94,117,115,96,72,68,63,72,53,47,65,56,53,39,38,34,31,45,31,36,27,22,22,10,21,14,10,13,15,16,14,8,8,16,15,7,11,8,3,8,2,4,0,6,1,4,7,0,2,1,1,0,0,0,1,0,0,0,1,0,0,1,5,0,2,0,0,1,0,0,0,0,3,0,0,0,0,0,0,0,0,0,0,0,0,0,0,0
14,19,4,30,16,25,0,33,17,18,34,73,38,43,47,91,94,87,121,144,156,197,199,205,228,251,303,372,311,340,454,467,582,553,584,638,652,723,673,859,717,905,869,1000,842,1012,1038,1198,1017,1074,1117,1112,1216,1218,1248,1245,1296,1317,1203,1206,1285,1160,1121,1091,1169,998,1024,1091,1031,1008,945,841,914,909,857,795,806,705,673,701,603,654,573,534,554,510,463,454,410,434,393,358,335,319,272,310,256,246,239,229,206,191,176,197,160,144,124,171,131,128,124,94,106,88,90,101,56,67,71,73,67,48,42,63,42,34,42,30,33,43,28,26,20,23,16,15,22,18,9,17,17,12,5,10,3,8,9,6,6,5,5,3,2,2,1,3,1,1,4,1,5,1,1,0,1,1,0,0,0,0,0,0,0,1,0,0,1,0,0,0,0,0,0,0,1,3,0,0,0,0,0,0,0,0,0,0,0,0,0,0
9,24,8,26,24,34,0,29,22,15,27,60,45,48,56,86,83,67,126,139,147,222,184,206,247,265,349,424,285,343,450,454,561,514,596,624,644,650,764,830,774,928,875,1005,903,1064,1012,1184,1063,1038,1072,1033,1221,1091,1206,1247,1235,1183,1225,1162,1273,1098,1107,1040,1092,1093,1015,1001,971,946,922,905,846,875,783,701,735,729,649,608,570,645,514,535,472,484,422,464,430,357,351,372,309,319,279,271,234,230,214,230,181,181,168,153,162,133,129,129,123,109,107,97,95,82,91,104,75,75,66,59,57,46,49,50,48,27,35,29,25,38,30,39,15,24,17,12,30,17,17,4,15,9,10,11,9,12,10,5,4,8,10,2,1,4,1,2,2,3,3,1,1,0,3,0,4,1,1,0,0,0,0,0,0,0,0,0,0,0,0,0,0,0,0,0,0,0,0,0,0,0,0,0,0,0,0,0,0,0,0,0
11,22,6,25,22,20,3,37,19,12,28,57,33,51,37,71,109,95,122,162,136,225,173,203,216,287,367,454,332,332,434,443,602,527,624,601,644,638,707,870,768,882,870,965,919,1077,1031,1174,1013,1040,1112,1049,1272,1131,1134,1212,1199,1211,1106,1231,1202,1093,1033,1082,1054,988,1013,1022,995,930,890,844,852,860,746,687,691,684,643,588,608,570,539,440,437,441,373,426,356,382,326,301,286,274,261,274,259,223,188,204,162,136,158,159,164,142,133,113,131,116,97,89,90,94,85,82,64,64,66,45,48,51,50,45,53,45,43,14,21,32,28,26,17,27,18,13,19,9,7,15,12,15,14,11,4,7,10,3,2,10,6,6,1,2,1,6,1,7,5,1,1,1,1,0,3,1,0,1,0,0,1,0,0,1,2,0,2,0,0,0,0,0,0,0,1,3,0,0,0,0,0,0,0,0,0,0,0,0,0,0
6,20,6,33,23,29,0,32,24,25,32,53,42,46,48,102,106,96,128,133,152,202,193,198,211,285,352,432,297,401,425,457,650,541,585,635,631,673,666,824,724,905,890,939,925,1075,999,1178,957,1087,1092,1087,1206,1086,1131,1232,1177,1151,1159,1163,1193,1022,998,1013,1057,919,945,998,873,846,861,781,780,791,748,691,652,608,646,576,533,522,505,434,448,453,391,396,332,346,325,302,241,273,227,234,247,205,200,202,179,147,160,128,140,126,107,110,116,103,84,70,88,76,69,66,57,59,51,65,56,33,37,43,38,29,43,29,31,37,16,23,20,22,19,12,21,8,12,13,16,10,6,12,8,10,9,4,6,14,4,2,0,3,0,4,0,2,0,1,1,1,2,0,2,0,1,0,0,0,0,1,0,1,1,0,0,0,0,0,0,0,0,0,2,2,0,0,0,0,0,0,0,0,0,0,0,0,0,0
6,14,2,33,32,27,2,25,25,15,34,61,51,51,51,94,97,111,134,174,162,201,178,215,219,288,432,419,332,375,404,458,601,514,568,682,635,653,678,789,796,874,888,994,879,1032,990,1149,1023,1020,1104,1048,1160,1105,1117,1160,1166,1237,1096,1055,1177,969,950,1001,1023,935,915,929,840,918,783,748,750,733,708,602,619,598,557,542,520,484,458,414,431,427,343,324,331,288,317,288,280,287,225,213,213,187,178,151,165,130,128,140,129,126,89,100,84,91,77,80,78,76,65,60,50,59,49,44,46,32,47,45,33,36,36,26,23,37,20,23,19,8,12,18,17,16,15,9,10,9,5,7,4,9,11,4,1,9,7,6,1,2,0,3,0,3,2,0,0,1,3,0,0,0,1,1,0,0,0,1,0,0,0,0,0,0,0,0,0,0,0,0,0,1,0,0,0,0,0,0,0,0,0,0,0,0,0,0
8,23,2,39,32,19,3,36,23,10,30,67,37,32,48,98,100,101,118,160,132,233,177,235,231,293,381,436,330,386,437,454,635,493,661,617,636,654,706,795,705,869,840,990,930,1023,966,1147,993,1012,1027,994,1176,1032,1087,1092,1093,1081,1073,1102,1188,1005,934,888,992,907,848,906,816,801,781,739,711,723,683,646,629,569,564,544,503,482,429,413,365,362,350,310,312,279,309,256,260,237,197,212,224,164,142,175,161,117,140,150,128,113,98,100,89,85,87,71,91,65,77,58,54,55,63,57,39,27,54,41,34,34,25,17,22,32,21,17,11,12,16,18,18,10,10,12,6,10,1,4,2,4,8,7,5,5,2,4,2,0,0,1,1,2,4,1,0,1,2,0,0,0,0,0,0,0,1,3,0,0,1,0,0,0,0,0,0,0,0,0,0,1,0,0,0,0,0,0,0,0,0,0,0,0,0,0
8,20,15,22,28,21,3,37,24,20,33,54,38,61,53,106,106,112,116,150,149,218,191,182,242,273,359,426,320,369,434,465,660,504,573,628,585,628,674,768,716,902,840,959,848,1003,942,1072,975,994,1071,970,1145,1018,1053,1092,1105,1096,1073,1050,1053,961,988,954,1003,891,870,860,794,803,712,663,692,697,630,570,565,571,542,543,462,432,428,387,398,359,332,310,268,314,322,266,253,250,199,203,166,165,146,148,141,118,149,118,119,85,94,97,87,74,63,64,74,71,68,65,40,51,36,42,36,30,32,32,30,31,33,17,29,34,14,15,23,15,15,16,20,10,13,10,7,9,5,6,3,5,5,0,2,7,3,5,3,3,0,3,0,2,6,3,0,1,0,0,1,2,0,1,0,2,0,0,0,0,3,0,0,0,0,0,0,0,0,0,0,0,0,0,0,0,0,0,0,0,0,0,0,0,0,0
18,12,8,27,25,23,6,46,16,15,34,66,33,45,53,107,125,93,128,140,159,236,184,240,256,301,344,406,310,330,425,497,582,516,552,600,626,659,671,823,694,868,827,952,859,946,948,1193,922,957,1068,990,1103,1026,1041,1117,1078,1069,960,1002,1078,930,842,855,947,805,865,780,803,776,713,688,728,698,653,570,526,505,560,507,448,441,380,395,370,375,337,301,262,278,254,254,234,204,167,195,183,158,150,137,143,110,112,124,94,93,81,110,90,71,64,70,72,78,56,54,53,51,40,45,44,29,26,34,30,26,28,15,17,26,20,15,14,12,14,11,19,10,9,9,8,10,3,7,5,3,6,1,9,2,3,3,2,1,0,1,0,1,1,1,1,1,0,0,1,0,1,0,0,0,0,0,0,1,0,0,0,0,0,0,0,0,0,0,1,1,0,0,0,0,0,0,0,0,0,0,0,0,0,0
16,32,7,32,33,30,3,31,20,19,41,52,36,54,45,88,88,112,133,139,132,207,182,211,254,254,417,436,284,371,444,453,637,533,603,597,619,647,704,795,705,864,843,984,796,970,904,1023,952,925,993,933,1058,944,1027,1074,975,1033,985,961,1003,845,916,850,867,742,788,835,755,677,668,646,588,650,597,582,519,514,504,449,406,427,376,357,366,354,310,274,250,257,265,204,201,207,145,171,165,172,141,102,129,107,125,101,93,104,90,83,80,65,59,74,62,50,53,56,46,41,43,37,38,21,31,37,34,24,31,22,17,34,17,17,11,11,8,10,10,6,10,6,7,5,2,2,5,8,6,3,7,4,2,1,1,2,0,5,0,1,4,1,0,1,1,0,0,0,0,0,0,0,0,0,0,0,1,0,0,0,0,0,0,0,0,0,0,1,0,0,0,0,0,0,0,0,0,0,0,0,0,0
1,22,12,31,32,30,3,43,18,14,39,66,52,48,47,93,119,101,116,165,156,226,197,229,275,284,365,450,299,386,452,490,614,543,561,588,588,659,657,776,721,844,823,949,829,913,882,1039,909,935,907,933,948,971,1014,1021,991,1023,962,950,933,852,845,820,893,799,817,733,774,669,630,639,655,639,566,517,530,468,457,438,409,387,378,316,323,300,328,294,292,259,242,225,186,187,166,163,165,156,133,113,119,99,120,111,86,82,80,89,71,78,72,60,66,60,51,59,35,35,41,34,37,21,27,26,24,20,23,10,21,19,13,17,6,11,5,16,11,10,6,13,11,2,6,10,4,4,4,2,3,4,2,0,0,3,1,2,1,5,1,0,2,0,0,0,2,2,1,0,0,0,1,0,0,0,0,0,0,0,0,0,0,0,0,0,0,0,0,0,0,0,0,0,0,0,0,0,0,0,0,0
5,26,7,25,23,24,5,25,28,14,47,77,57,58,52,75,107,102,118,162,160,252,164,234,247,274,349,397,299,370,432,446,603,528,581,611,592,630,680,818,701,837,780,873,800,976,927,942,890,964,899,913,1001,936,967,984,1001,941,930,904,921,876,811,758,837,750,722,732,700,717,606,590,589,571,544,468,496,428,434,421,417,395,336,307,306,279,275,294,237,224,209,224,184,170,152,148,139,139,113,129,110,96,80,115,74,74,68,91,52,68,56,51,60,66,48,39,36,32,38,40,33,17,23,27,18,14,25,10,18,27,17,7,9,15,5,5,17,10,8,7,7,4,4,4,7,2,6,2,1,3,1,3,1,1,0,1,0,1,5,0,1,0,2,0,1,2,1,0,0,1,0,0,0,0,2,0,0,0,0,0,0,0,0,0,1,0,0,0,0,0,0,0,0,0,0,0,0,0,0,0
7,21,8,28,22,28,3,35,19,13,39,56,62,45,53,104,101,110,136,165,153,200,183,232,255,291,358,422,304,321,423,453,634,520,532,601,603,619,683,766,684,825,799,846,829,847,924,1009,830,895,885,918,1024,887,953,1012,996,969,873,900,897,870,807,755,807,738,730,691,669,668,631,542,585,595,515,505,444,423,418,418,350,346,314,281,326,264,221,291,218,230,190,214,197,186,150,144,152,132,115,112,111,91,100,115,87,79,68,86,74,60,52,52,60,47,40,50,47,33,47,32,36,21,27,25,25,20,19,15,26,26,23,7,12,5,7,8,16,5,8,8,7,8,5,4,4,6,6,1,3,2,3,6,4,0,0,2,0,1,5,1,2,0,0,0,2,0,0,0,0,0,0,2,0,0,0,0,0,0,0,0,0,0,0,0,0,0,0,0,0,0,0,0,0,0,0,0,0,0,0,0
9,23,8,28,23,27,2,35,20,19,27,49,31,51,44,117,109,112,130,158,119,221,187,231,257,295,347,369,329,349,437,473,603,502,596,633,609,588,609,804,692,790,733,886,768,832,849,1013,895,882,949,876,968,866,934,967,970,867,842,845,930,729,724,764,809,707,738,683,682,626,610,567,535,542,520,460,467,430,371,371,364,331,285,315,275,272,233,241,223,219,211,206,176,152,142,143,105,113,121,99,95,84,98,86,77,85,72,72,93,65,52,46,41,46,44,36,26,38,42,43,32,20,35,25,24,17,28,12,20,20,14,11,9,12,4,5,17,8,4,11,11,6,1,6,5,7,3,1,1,8,1,4,0,2,1,2,1,4,3,0,1,0,0,0,2,0,0,1,0,0,0,1,0,0,1,0,0,0,0,0,0,0,0,0,0,1,0,0,0,0,0,0,0,0,0,0,0,0,0,0
13,17,8,33,18,25,1,38,25,15,36,67,36,66,42,102,100,95,133,148,158,223,160,219,257,278,335,425,299,359,443,410,582,524,522,571,589,591,616,742,686,802,785,816,738,878,886,952,790,806,891,818,902,821,875,895,916,894,809,789,898,748,761,734,739,679,684,616,609,604,598,529,550,546,485,454,410,405,418,384,336,319,303,262,269,255,219,227,189,196,210,184,149,152,138,124,114,127,101,120,91,72,93,81,98,63,66,67,72,64,44,41,70,38,32,28,41,32,29,27,33,20,28,23,28,30,17,7,15,28,19,10,10,11,2,13,13,9,1,11,3,6,6,3,5,4,5,1,1,3,3,1,0,0,0,3,0,3,3,0,1,0,4,0,1,0,0,0,0,1,0,0,0,0,3,0,0,0,0,0,0,0,0,0,0,0,0,0,0,0,0,0,0,0,0,0,0,0,0,0
11,23,10,28,24,19,2,46,28,13,31,70,53,48,47,77,102,92,108,156,149,224,187,227,253,283,357,385,320,321,394,446,584,494,528,522,532,574,638,724,606,801,812,859,797,782,842,948,834,816,833,810,966,829,878,945,934,866,804,848,823,770,761,689,739,664,640,613,633,564,589,514,521,482,444,408,401,349,375,380,325,311,295,271,262,254,226,200,170,207,181,166,173,149,133,143,141,117,107,96,107,81,70,78,81,57,67,60,73,49,47,44,57,55,38,49,27,35,34,25,23,16,31,29,14,14,23,11,12,23,12,5,4,8,5,9,13,11,11,6,6,6,5,3,2,2,4,3,2,2,2,1,1,1,0,2,0,3,2,0,2,0,0,0,0,0,1,0,0,0,0,0,0,0,1,0,0,0,0,0,0,0,0,0,0,0,0,0,0,0,0,0,0,0,0,0,0,0,0,0
12,18,4,29,26,24,2,44,22,17,33,73,44,39,58,93,116,102,137,165,172,208,195,234,232,311,367,394,302,332,391,424,548,475,570,564,532,588,568,716,648,790,715,836,774,859,807,930,795,780,859,796,891,822,836,889,868,814,766,742,859,692,678,702,707,656,618,638,534,569,582,495,473,504,425,457,411,387,331,342,312,303,308,246,238,244,248,226,198,202,192,164,159,143,163,143,103,96,97,79,71,65,72,84,67,52,47,62,51,55,38,56,47,38,31,36,27,31,36,27,34,18,22,22,19,16,18,7,14,18,8,16,13,7,6,7,10,8,4,7,6,7,2,1,1,2,3,2,1,4,2,4,0,1,0,2,0,0,2,0,1,0,1,0,3,0,0,2,0,1,0,0,0,1,2,0,0,0,0,0,0,0,0,0,1,1,0,0,0,0,0,0,0,0,0,0,0,0,0,0
15,26,8,30,25,21,5,40,14,19,34,81,33,46,46,89,99,102,114,141,145,224,170,193,244,264,327,385,292,315,381,446,557,475,511,524,567,542,552,705,582,758,716,791,709,787,811,953,757,768,814,815,878,758,844,876,849,821,722,743,733,718,671,667,721,651,608,597,536,536,530,516,480,483,411,384,378,354,375,348,334,315,288,257,236,265,216,209,176,190,160,159,127,152,126,126,120,105,87,77,90,75,69,82,76,54,50,61,58,47,41,32,43,37,32,38,24,32,21,21,26,12,26,24,16,15,18,19,16,15,18,11,11,12,9,8,14,5,6,9,6,2,4,4,2,4,2,1,1,2,2,3,2,2,0,1,0,1,0,0,0,0,0,0,0,1,0,0,0,0,0,0,0,1,1,0,0,0,0,0,0,0,0,0,0,0,0,0,0,0,0,0,0,0,0,0,0,0,0,0
16,26,5,40,29,24,1,29,27,21,38,69,60,39,49,89,99,118,136,166,147,207,197,201,219,268,349,424,301,320,384,377,560,501,536,582,510,540,553,668,645,732,709,794,720,775,775,865,752,784,773,754,863,757,819,863,799,801,771,726,781,678,648,679,648,566,593,580,556,551,511,481,453,452,413,387,368,341,339,321,272,308,254,224,239,229,175,199,177,150,160,162,133,132,109,126,114,90,99,95,82,67,81,70,57,66,46,61,47,52,41,39,47,31,25,27,31,35,28,27,23,16,22,17,16,19,33,9,9,12,17,8,5,5,7,8,12,11,10,6,3,4,3,2,4,3,3,0,0,5,3,1,1,0,1,1,0,3,1,0,2,1,0,0,0,1,0,1,0,0,0,0,0,0,0,0,1,0,0,0,0,0,0,0,0,1,0,0,0,0,0,0,0,0,0,0,0,0,0,0
12,19,7,25,21,33,4,40,33,18,33,45,36,48,61,107,88,86,116,142,148,200,189,195,236,286,311,390,305,313,381,378,529,449,448,506,542,499,557,613,623,762,728,778,690,735,750,872,786,812,763,747,848,747,748,786,813,819,718,723,791,629,582,615,621,552,571,561,504,471,454,479,439,475,425,383,379,322,330,318,271,277,253,220,247,226,185,180,178,169,161,125,166,134,100,106,110,91,67,102,95,68,59,81,62,64,61,59,47,45,39,34,47,39,29,24,19,37,22,21,19,10,17,21,12,15,16,13,17,8,15,7,7,9,10,5,12,4,6,4,4,2,2,4,0,3,1,1,3,4,1,2,0,2,0,3,0,1,4,0,0,0,3,0,1,1,0,1,0,0,0,0,0,0,2,0,1,0,0,0,0,0,0,0,0,1,0,0,0,0,0,0,0,0,0,0,0,0,0,0
18,26,6,26,22,25,2,30,21,12,34,61,42,55,42,89,90,71,120,141,131,204,197,208,237,274,309,379,270,358,396,440,544,406,467,489,552,592,607,682,593,726,698,697,697,715,774,827,720,720,733,718,814,739,789,836,815,713,700,711,758,668,663,593,582,556,572,537,486,523,451,444,423,404,357,327,349,348,341,295,251,274,268,247,187,223,189,196,157,151,135,143,142,126,86,102,86,85,73,88,65,52,59,61,50,63,43,45,48,24,43,41,40,37,33,34,28,25,24,21,13,9,15,19,23,8,11,10,20,16,12,6,9,5,6,6,7,6,4,7,4,3,3,3,2,3,3,1,1,2,1,2,0,1,0,0,0,1,2,0,0,0,0,0,0,1,0,2,0,1,0,0,0,0,0,0,0,0,0,0,0,0,0,0,0,0,0,0,0,0,0,0,0,0,0,0,0,0,0,0
17,21,3,27,25,23,3,27,17,11,29,55,50,49,49,81,88,93,126,170,140,204,162,195,239,261,345,391,273,346,387,387,537,438,498,528,502,553,527,656,543,706,650,747,632,750,705,839,721,751,699,742,795,713,736,768,762,724,710,677,677,578,606,577,615,496,536,514,471,475,457,451,391,416,376,356,348,324,347,288,287,265,186,225,227,230,155,175,159,175,151,128,118,139,99,101,96,91,57,75,66,56,78,68,51,51,52,48,38,33,34,38,41,35,22,28,27,23,23,30,22,14,16,15,12,11,17,6,9,19,10,11,13,3,8,4,8,6,1,6,3,4,0,3,3,5,2,0,3,3,3,2,2,1,0,0,0,2,1,0,1,0,1,0,0,0,1,1,0,0,0,0,0,1,1,0,0,0,0,0,0,0,0,0,0,0,0,0,0,0,0,0,0,0,0,0,0,0,0,0
13,31,10,19,20,25,3,39,19,10,36,56,45,44,51,83,98,96,125,134,142,175,150,194,213,254,310,389,273,327,400,371,557,425,479,545,488,484,541,615,604,706,633,701,678,720,701,800,644,727,683,681,704,724,725,771,701,711,709,674,684,606,569,574,606,501,530,495,458,423,446,402,417,368,364,357,346,299,321,271,254,274,214,214,216,186,158,168,148,168,136,117,99,110,102,93,80,98,80,77,52,52,65,67,41,54,44,44,41,31,35,30,34,28,35,21,23,20,26,23,17,12,19,16,22,9,13,12,15,19,14,8,7,7,2,2,6,4,8,4,4,3,0,3,5,6,0,2,0,3,2,0,0,0,0,0,0,2,1,0,0,0,1,0,0,0,1,0,0,0,0,1,0,1,1,0,0,0,0,0,0,0,0,0,0,1,0,0,0,0,0,0,0,0,0,0,0,0,0,0
8,13,6,32,19,30,4,37,22,16,36,57,42,43,50,71,110,121,102,147,155,191,165,174,238,264,359,368,285,290,395,378,502,409,486,494,507,509,523,607,541,660,666,678,613,697,688,767,674,724,767,684,715,676,669,729,653,700,637,636,665,621,600,523,539,506,510,480,494,454,425,381,384,370,352,296,335,286,316,247,227,226,216,179,214,165,165,166,143,140,134,132,111,99,117,80,93,74,71,68,70,51,64,67,46,55,41,59,50,42,29,33,32,36,21,21,25,19,20,19,14,9,15,20,13,14,22,8,9,20,8,7,6,4,1,8,8,5,1,3,5,2,0,1,5,4,1,0,3,4,1,3,0,0,0,1,0,3,1,0,1,0,2,0,1,0,0,0,0,0,0,0,0,0,0,0,0,0,0,0,0,0,0,0,0,1,0,0,0,0,0,0,0,0,0,0,0,0,0,0
8,17,3,29,22,26,4,30,22,13,42,46,45,39,50,83,91,102,111,142,144,157,152,196,207,238,276,357,256,300,340,358,527,412,492,454,503,510,527,600,556,624,658,672,643,695,756,779,629,658,635,600,801,655,662,701,724,655,624,650,661,559,509,538,537,524,493,499,450,446,412,359,334,398,327,291,284,273,270,231,248,207,193,185,206,170,133,163,134,127,137,128,110,108,87,83,81,80,68,76,64,60,67,50,36,48,44,40,49,44,40,27,45,36,24,21,33,24,26,18,29,11,16,13,17,2,17,8,10,16,12,7,8,5,5,5,9,6,2,2,7,5,3,4,3,4,0,1,0,1,1,2,1,0,0,2,0,2,3,0,0,0,2,0,3,2,0,0,0,0,0,0,0,0,0,0,0,0,0,0,0,0,0,0,0,0,0,0,0,0,0,0,0,0,0,0,0,0,0,0
8,26,5,25,21,25,5,30,20,13,28,53,31,38,61,110,84,111,101,129,138,192,175,187,221,255,297,345,274,319,335,367,478,428,477,471,492,472,524,583,559,643,596,660,598,669,649,765,619,639,635,625,689,665,645,638,681,629,610,585,631,568,519,520,571,443,515,447,409,399,395,352,356,373,328,295,294,284,227,228,224,194,197,158,169,184,144,159,113,134,138,133,105,92,89,91,87,74,66,63,70,60,55,60,45,41,54,53,43,25,41,30,36,23,30,17,15,15,23,28,19,8,9,19,16,8,13,2,11,10,5,11,4,6,3,6,13,5,5,1,4,6,3,0,2,4,1,0,5,2,1,1,0,1,0,1,0,1,1,0,0,0,0,0,2,0,0,0,0,0,0,0,0,1,0,0,0,0,0,0,0,0,0,0,1,1,0,0,0,0,0,0,0,0,0,0,0,0,0,0
9,14,2,28,21,26,1,25,18,15,34,42,47,43,53,86,91,111,100,154,113,197,159,180,201,208,310,340,279,271,334,352,486,433,473,465,463,475,489,611,498,605,569,646,624,691,608,697,633,650,634,611,640,603,594,697,675,601,548,584,629,549,557,518,499,453,494,441,451,405,393,376,346,360,297,309,249,245,230,234,193,194,196,181,160,167,156,145,139,125,117,94,108,106,89,98,80,65,63,65,57,42,43,44,58,40,32,51,26,48,32,42,34,35,29,26,13,21,19,22,17,11,21,17,17,2,17,5,11,8,2,7,10,3,3,8,5,5,4,2,5,2,4,2,4,3,1,1,0,3,0,1,0,1,1,1,0,3,3,1,0,0,1,0,0,1,0,1,0,0,0,1,0,0,1,0,0,0,0,0,0,0,0,0,0,1,0,0,0,0,0,0,0,0,0,0,0,0,0,0
6,14,6,32,19,30,3,38,24,10,34,59,42,42,49,72,98,84,118,139,117,165,159,203,206,242,296,352,284,289,372,355,456,417,466,436,480,502,460,562,525,623,576,643,582,638,596,716,609,610,632,598,658,604,607,675,582,625,547,554,577,521,473,490,460,461,417,417,388,370,331,365,338,317,328,291,267,213,256,202,179,209,162,192,177,164,141,137,137,141,112,109,104,93,69,86,65,75,50,79,47,50,54,53,32,34,41,47,40,27,28,23,35,25,22,16,15,18,19,21,21,11,10,15,9,4,13,1,10,9,3,9,10,7,5,2,8,7,4,6,1,1,2,0,2,4,1,1,0,2,0,1,0,0,0,3,0,1,3,0,1,0,0,0,0,1,0,0,0,0,0,0,0,0,1,0,0,0,0,0,0,0,0,0,0,0,0,0,0,0,0,0,0,0,0,0,0,0,0,0
8,26,5,21,19,22,3,32,15,16,32,62,34,45,44,80,93,95,95,139,129,188,155,204,188,219,302,305,243,283,340,353,477,418,421,430,462,486,501,565,541,605,530,652,547,632,640,676,562,634,606,598,660,580,661,631,589,596,560,546,569,534,485,486,498,460,428,397,400,352,334,332,332,333,284,275,301,239,257,222,217,224,197,170,177,134,140,142,122,104,107,109,96,98,86,79,62,71,63,61,48,59,42,49,49,40,39,44,38,28,32,22,30,33,22,19,23,12,15,17,14,11,18,11,9,7,7,4,7,14,7,3,4,7,3,0,7,5,8,2,7,3,4,5,0,3,1,1,0,0,0,0,0,0,0,0,0,0,1,0,0,0,0,0,1,1,0,0,0,0,0,0,0,0,0,0,0,0,0,0,0,0,0,0,0,0,0,0,0,0,0,0,0,0,0,0,0,0,0,0
11,28,6,20,22,19,3,26,15,15,30,47,42,44,44,64,105,79,102,132,127,181,135,181,193,253,314,328,256,249,318,346,431,349,467,433,436,464,481,575,503,551,556,618,562,631,594,711,593,606,593,566,656,563,564,626,616,559,528,567,547,546,437,435,493,403,423,377,370,354,384,302,294,292,288,260,258,255,239,233,190,192,162,185,157,134,132,120,103,114,105,121,102,91,71,80,71,78,60,67,45,39,41,46,46,34,36,39,34,26,28,24,25,24,24,18,19,17,18,19,11,10,10,19,11,6,12,6,8,13,9,5,3,5,4,4,8,2,7,1,2,2,2,2,1,4,6,0,3,0,0,0,0,2,0,1,0,0,2,0,0,0,2,0,0,0,0,0,0,0,0,0,0,0,0,0,0,0,0,0,0,0,0,0,0,1,0,0,0,0,0,0,0,0,0,0,0,0,0,0
18,19,7,26,21,29,3,26,17,16,39,46,40,44,48,84,91,100,96,128,125,173,139,182,194,234,266,312,255,285,351,375,426,386,411,447,424,446,427,550,490,591,560,612,534,584,600,657,535,573,534,529,616,555,548,584,567,541,489,530,567,462,469,424,451,395,415,369,372,351,312,303,291,325,278,257,230,211,217,213,213,207,163,161,147,159,128,130,113,96,122,107,85,97,66,83,65,60,47,56,48,47,36,53,38,35,34,36,35,37,26,32,23,29,17,14,17,23,15,20,13,13,12,18,13,4,10,4,8,8,6,8,4,1,2,3,8,2,2,1,3,3,0,3,1,3,2,0,3,3,1,0,0,1,0,2,1,1,0,2,2,0,0,0,3,0,0,1,0,0,0,0,0,0,0,0,0,0,0,0,0,0,0,0,0,0,0,0,0,0,0,0,0,0,0,0,0,0,0,0
16,26,6,28,27,13,3,34,18,19,24,45,40,45,41,77,97,81,91,141,97,171,146,191,150,247,263,318,235,305,318,349,411,355,468,444,420,466,446,555,520,569,517,601,527,601,534,645,541,591,605,585,608,524,571,603,525,550,508,495,556,460,465,452,448,387,384,363,359,306,324,320,282,302,274,252,249,233,225,187,194,192,147,146,125,141,134,122,122,103,101,90,101,90,71,63,65,51,57,66,50,32,36,52,51,43,31,28,28,38,26,23,22,22,19,17,14,19,19,23,18,5,12,12,12,13,16,4,3,16,8,7,6,2,2,5,7,8,3,2,3,5,1,0,4,3,2,0,1,3,2,1,0,2,0,0,0,1,1,0,0,0,0,0,1,1,0,0,0,1,0,0,0,0,0,0,0,0,0,0,0,0,0,0,0,1,0,0,0,0,0,0,0,0,0,0,0,0,0,0
10,27,3,35,21,29,1,26,21,24,28,65,34,43,42,74,86,87,101,135,102,169,152,154,176,205,275,313,253,269,310,320,414,358,387,421,422,373,400,506,457,533,521,591,495,585,532,637,495,537,544,542,574,502,554,565,561,561,527,512,530,501,442,400,445,378,358,348,335,339,309,283,277,285,263,262,236,182,201,227,166,201,141,146,145,114,131,115,93,112,105,89,77,95,73,70,50,55,40,60,50,39,52,29,32,33,23,27,27,27,28,26,23,24,22,22,22,20,20,15,13,4,12,10,10,6,7,8,6,15,4,1,4,5,3,9,7,4,1,1,1,1,3,2,1,2,0,1,1,1,0,0,0,2,0,0,0,1,1,0,0,1,0,0,0,1,1,0,0,0,0,0,0,0,0,0,1,0,0,0,0,0,0,0,2,0,0,0,0,0,0,0,0,0,0,0,0,0,0,0
11,28,6,24,21,19,3,32,17,17,28,52,29,44,43,85,72,83,97,136,135,181,133,199,186,194,264,304,197,247,306,320,385,380,408,384,406,400,456,500,415,519,483,531,467,579,556,576,482,488,590,532,570,484,552,548,524,541,507,473,482,450,407,353,452,372,359,333,291,318,327,281,280,280,265,229,252,203,215,191,178,169,154,150,139,127,108,120,125,108,112,92,76,74,71,63,57,40,36,43,45,32,42,46,37,33,25,34,23,42,22,15,20,24,26,17,9,10,15,10,12,9,8,13,9,10,10,6,8,10,3,2,5,4,4,3,5,3,3,4,4,3,5,5,0,1,4,1,1,2,0,0,0,2,0,0,0,2,1,0,0,0,1,0,2,1,0,0,0,0,0,0,0,0,0,0,0,0,0,0,0,0,0,0,0,0,0,0,0,0,0,0,0,0,0,0,0,0,0,0
12,12,4,25,29,20,1,22,15,17,29,54,28,39,39,82,101,78,98,136,108,181,137,175,188,202,244,307,232,241,294,316,405,354,380,397,382,418,415,484,440,486,456,563,499,531,518,572,503,512,480,480,544,507,542,542,534,492,468,446,498,459,394,387,395,404,348,303,329,338,277,248,259,259,232,224,230,198,160,212,152,179,144,127,144,115,113,94,100,108,93,104,90,77,70,66,45,61,48,51,48,45,34,41,30,28,23,28,24,24,32,26,25,9,20,13,15,8,19,15,12,8,11,10,8,10,19,3,5,10,7,4,4,6,2,2,3,5,2,4,3,3,3,2,2,3,5,0,0,1,1,1,0,0,0,1,0,1,0,0,0,0,0,0,0,2,0,1,0,0,0,0,0,0,2,0,0,0,0,0,0,0,0,0,0,1,0,0,0,0,0,0,0,0,0,0,0,0,0,0
14,20,7,19,9,17,0,26,28,12,27,50,48,37,39,67,73,84,113,125,102,169,146,147,191,220,218,282,233,234,302,317,440,358,407,362,355,376,385,496,432,525,484,546,494,512,506,551,474,534,471,499,555,507,488,532,511,479,472,429,486,402,383,370,387,341,353,344,323,316,279,261,237,252,240,232,207,173,215,182,168,168,143,115,109,108,118,109,95,86,80,83,62,71,49,58,53,52,30,51,41,41,39,36,30,24,16,28,35,29,18,22,17,17,19,14,15,16,10,10,7,7,14,6,9,6,8,7,8,9,5,1,4,5,2,3,4,0,3,3,2,2,3,3,2,2,2,1,1,1,0,0,1,2,0,2,0,0,2,0,0,0,0,0,0,0,1,0,0,0,0,0,0,0,0,0,0,0,0,0,0,0,0,0,0,0,0,0,0,0,0,0,0,0,0,0,0,0,0,0
13,24,4,16,22,20,3,19,20,24,31,53,37,38,44,69,94,90,95,119,108,159,132,195,185,191,248,316,197,251,259,293,376,330,381,397,338,395,385,497,439,511,498,484,448,524,506,551,483,469,486,494,513,468,513,493,542,502,423,433,463,392,373,372,359,378,322,323,300,306,269,270,220,259,222,197,191,194,188,193,139,140,121,98,122,116,105,93,95,95,97,90,78,68,54,58,55,51,46,51,40,47,26,29,30,27,24,29,20,28,19,17,34,16,14,6,12,9,16,14,14,6,10,8,13,5,7,3,9,7,3,7,2,1,1,3,7,3,4,2,2,4,2,3,2,5,0,0,3,2,2,0,0,1,0,0,0,4,1,0,0,0,1,0,2,1,0,0,0,0,0,1,0,0,0,0,0,0,0,0,0,0,0,0,0,0,0,0,0,0,0,0,0,0,0,0,0,0,0,0
8,17,6,29,25,14,2,41,20,12,23,59,25,36,51,71,79,74,90,126,114,160,129,151,176,176,223,267,209,253,292,299,344,332,368,362,349,390,353,457,415,507,474,517,486,500,510,523,472,485,467,497,519,467,457,509,482,496,443,457,466,353,381,378,373,325,312,316,282,278,272,259,235,224,233,196,198,176,177,151,166,171,138,99,124,121,93,94,87,84,82,68,69,67,64,61,56,41,42,38,40,32,34,45,24,26,20,20,25,23,18,20,25,18,23,16,10,7,10,14,10,0,7,12,8,9,10,2,5,8,6,2,3,7,2,5,4,2,3,3,2,0,1,0,5,2,0,0,2,1,0,0,0,0,0,0,0,1,0,0,0,1,0,0,0,1,0,1,0,0,0,0,0,0,0,0,0,0,0,0,0,0,0,0,0,0,0,0,0,0,0,0,0,0,0,0,0,0,0,0
14,20,4,20,16,24,3,33,19,13,23,50,40,36,31,81,75,89,102,131,129,146,146,153,149,184,255,282,211,227,294,296,402,315,373,362,381,393,401,436,381,509,447,537,465,479,469,539,423,466,439,464,535,459,447,470,466,440,410,428,451,363,344,345,390,329,333,293,269,284,262,211,213,255,227,187,198,178,161,160,140,136,150,99,121,110,96,93,93,82,67,83,60,60,57,56,41,48,43,35,41,27,30,31,32,25,25,27,25,27,31,17,28,12,11,12,6,15,20,11,6,7,9,6,9,5,6,2,7,3,5,2,4,4,4,2,5,2,1,6,5,0,2,1,3,3,0,1,3,2,0,1,1,0,0,2,0,0,0,0,1,0,0,0,1,0,0,0,0,0,0,0,0,0,1,0,0,0,0,0,0,0,0,0,0,0,0,0,0,0,0,0,0,0,0,0,0,0,0,0
10,22,1,12,18,15,5,35,23,18,22,53,27,31,45,71,59,72,99,108,105,157,141,136,185,192,234,278,202,229,300,289,369,338,353,380,359,351,352,455,415,472,419,473,435,479,454,498,461,500,494,463,478,426,441,424,413,451,413,415,371,355,353,329,360,313,287,304,290,270,256,244,226,239,176,199,166,191,180,172,144,142,128,104,111,111,100,92,80,68,85,67,61,65,59,58,49,51,40,35,31,36,30,28,32,18,33,20,19,17,16,24,14,10,13,15,14,19,15,10,11,3,9,6,9,4,7,6,6,11,6,4,5,1,2,3,4,2,4,2,4,2,2,3,0,0,1,0,1,3,0,2,0,1,0,0,0,0,2,0,0,0,0,0,1,0,0,0,0,0,0,0,0,1,0,0,0,0,0,0,0,0,0,0,0,1,0,0,0,0,0,0,0,0,0,0,0,0,0,0
9,20,1,23,18,18,1,30,11,10,21,45,29,36,43,54,73,68,93,121,83,126,118,138,173,194,251,283,192,227,253,291,376,324,326,361,353,353,350,423,396,427,432,468,413,499,462,491,459,464,440,402,452,390,436,465,463,428,393,398,391,365,334,335,339,322,357,265,266,265,230,221,194,251,198,187,183,164,157,150,129,109,123,109,94,107,109,74,79,81,77,83,86,61,42,46,48,54,38,36,38,27,49,33,29,21,20,28,26,28,15,13,21,16,11,12,13,11,7,19,3,7,2,8,6,7,10,3,4,8,6,3,3,2,2,0,4,7,2,2,5,1,2,4,2,4,2,1,2,3,0,1,0,0,0,0,0,2,3,0,0,0,0,0,1,0,1,0,0,0,0,0,0,0,0,0,0,0,0,0,0,0,0,0,0,0,0,0,0,0,0,0,0,0,0,0,0,0,0,0
10,16,5,27,24,17,8,33,10,17,26,52,33,24,33,69,74,72,96,106,99,153,100,156,163,202,227,254,179,220,277,286,336,294,333,350,337,325,326,424,390,465,399,478,435,414,448,501,395,428,435,419,458,423,440,437,426,391,388,371,404,374,343,362,320,294,269,263,244,231,229,221,217,219,190,178,160,168,155,139,129,140,117,102,101,87,103,85,92,64,82,59,64,51,49,41,40,49,29,33,31,31,28,29,18,18,19,19,21,18,12,24,15,12,12,10,8,13,10,13,13,3,9,9,11,10,9,4,5,3,6,2,3,4,5,2,7,2,4,2,4,0,0,1,1,0,1,0,2,2,0,1,1,1,0,0,0,1,0,0,0,0,0,0,0,0,0,0,0,0,0,0,0,0,0,0,0,0,0,0,0,0,0,0,0,0,0,0,0,0,0,0,0,0,0,0,0,0,0,0
12,18,4,19,17,16,1,28,18,12,32,58,28,25,19,82,71,78,67,113,93,147,137,142,157,180,217,268,184,227,259,245,333,296,302,329,291,335,345,408,348,446,375,465,418,470,408,484,406,439,402,390,450,377,444,406,421,414,388,368,355,337,304,295,320,278,296,283,273,237,230,198,207,224,185,174,152,150,150,144,138,135,116,104,102,87,91,60,83,78,85,71,67,63,39,50,37,43,29,36,24,20,30,27,19,26,22,27,15,19,19,18,14,13,14,16,12,8,11,12,5,4,7,7,12,1,8,1,4,12,5,3,3,2,0,3,6,1,4,1,2,3,2,1,1,4,3,2,0,1,1,0,0,0,0,1,0,1,0,0,0,0,1,0,2,0,1,0,0,0,0,0,0,0,0,0,0,0,0,0,0,0,0,0,0,0,0,0,0,0,0,0,0,0,0,0,0,0,0,0
11,12,4,24,17,25,1,23,8,5,38,34,27,36,42,80,57,71,77,108,105,125,117,146,142,164,204,260,181,181,242,239,355,289,310,335,317,325,331,417,352,424,396,459,395,485,408,469,385,402,425,373,405,387,424,402,431,383,325,338,387,341,324,307,306,270,265,243,265,234,190,221,196,210,188,179,147,153,147,119,114,134,95,105,108,83,78,71,62,56,81,46,59,63,48,49,50,36,27,32,28,19,34,33,22,19,16,24,17,19,15,16,16,17,13,12,9,11,16,8,12,4,2,4,8,3,8,2,5,6,6,4,7,1,1,2,2,2,3,3,5,2,2,1,1,1,2,0,0,0,1,0,0,0,0,1,0,1,0,0,1,0,0,0,0,0,0,1,0,0,0,0,0,0,0,0,0,0,0,0,0,0,0,0,0,1,0,0,0,0,0,0,0,0,0,0,0,0,0,0
14,12,1,21,14,19,3,22,18,12,29,39,22,35,37,57,64,67,86,110,102,155,106,138,154,188,234,255,176,211,274,274,325,266,312,318,314,332,322,395,342,360,381,420,397,399,395,449,392,408,362,392,447,364,398,364,403,424,338,356,324,319,291,285,305,240,270,255,240,240,200,208,166,200,175,142,161,155,142,112,106,123,104,98,104,93,75,87,75,78,50,67,54,57,36,54,42,39,30,38,21,21,21,27,33,20,24,20,20,12,18,14,10,19,6,10,17,9,5,5,11,7,9,9,5,2,9,3,9,5,5,3,0,3,3,3,4,2,2,1,0,2,0,0,0,0,1,0,1,1,0,0,1,1,0,0,0,0,1,0,0,0,2,0,2,0,0,1,0,0,0,0,0,0,0,0,0,0,0,0,0,0,0,0,0,0,0,0,0,0,0,0,0,0,0,0,0,0,0,0
11,18,4,25,24,15,1,26,19,14,34,47,22,26,30,61,79,68,81,103,85,159,98,149,155,163,222,224,177,226,221,243,313,289,309,351,287,377,319,375,346,378,344,429,375,436,359,418,395,403,412,359,449,398,411,383,400,373,313,386,335,299,299,315,277,277,253,230,212,212,202,178,198,203,181,158,143,140,146,139,108,114,102,109,91,72,81,70,65,81,69,75,47,68,36,42,36,42,33,23,36,15,36,20,23,20,18,15,16,17,22,13,13,16,10,13,8,10,9,10,6,9,4,5,6,9,9,1,5,6,6,4,2,1,1,2,2,4,2,3,3,2,1,0,3,0,2,0,0,2,1,1,0,0,0,1,0,1,2,0,0,0,1,0,0,0,1,0,0,0,0,0,0,0,0,0,0,0,0,0,0,0,0,0,0,1,0,0,0,0,0,0,0,0,0,0,0,0,0,0
5,15,5,14,23,16,3,12,10,15,31,35,21,39,31,68,69,86,88,113,89,129,111,135,156,171,196,206,180,181,274,253,338,301,255,302,270,322,321,357,340,367,360,392,360,384,396,407,350,340,386,381,424,347,387,439,379,373,382,348,329,293,290,273,289,244,257,226,217,210,215,202,166,173,169,163,158,150,116,136,119,107,96,78,94,99,65,87,64,65,64,60,53,43,43,40,34,40,24,30,18,29,30,22,24,16,18,23,12,12,19,19,14,8,10,7,5,10,21,8,4,4,9,7,3,4,6,1,6,5,2,1,3,2,1,3,5,2,0,1,1,2,2,1,1,1,1,0,1,0,0,1,0,0,0,0,0,0,2,0,0,0,0,0,1,0,0,2,0,0,0,0,0,0,0,0,0,0,0,0,0,0,0,0,0,0,0,0,0,0,0,0,0,0,0,0,0,0,0,0
12,25,7,21,22,19,4,33,19,18,25,49,34,27,34,67,66,78,74,86,86,137,112,128,127,148,201,246,171,191,235,234,341,254,297,312,292,321,297,380,284,364,352,341,341,435,375,430,350,374,360,343,387,325,350,324,366,357,340,316,316,317,263,265,255,270,275,206,206,227,207,181,175,198,146,145,131,142,137,142,106,105,102,88,85,76,89,68,63,59,54,65,57,47,46,39,38,32,26,24,31,19,18,31,14,22,21,17,17,29,10,12,16,13,10,9,11,13,13,6,7,1,8,10,5,2,8,7,5,6,3,2,6,3,2,0,1,0,2,0,0,4,0,1,0,2,2,0,2,1,1,2,0,0,0,1,0,0,0,0,0,0,0,0,0,0,0,1,0,0,0,0,0,0,1,0,0,0,0,0,0,0,0,0,0,1,0,0,0,0,0,0,0,0,0,0,0,0,0,0
11,13,4,12,16,17,1,34,11,10,22,36,30,29,29,53,70,65,95,102,86,128,117,133,151,154,207,219,171,179,214,241,312,255,270,281,256,292,291,373,326,407,317,396,327,353,343,408,339,329,367,350,373,285,343,326,350,352,318,326,287,296,241,248,230,206,215,237,208,220,176,163,165,182,154,132,136,118,130,110,113,102,82,70,79,76,78,80,58,66,60,80,50,52,43,37,47,28,25,29,30,25,30,28,19,26,15,18,26,18,7,17,20,13,12,12,10,7,11,11,9,2,5,7,5,4,7,2,5,8,3,1,5,1,1,1,3,0,1,1,2,3,1,2,2,1,0,0,1,1,0,0,0,0,0,0,0,1,0,0,0,0,0,0,1,0,1,1,0,0,0,1,0,0,1,0,0,0,0,0,0,0,0,0,0,1,0,0,0,0,0,0,0,0,0,0,0,0,0,0
6,25,6,25,20,18,3,24,10,11,13,33,20,29,36,63,73,64,73,108,91,118,132,128,142,152,192,229,175,194,215,225,304,245,245,286,253,305,291,328,295,357,343,384,374,380,337,416,312,352,306,332,392,338,347,325,333,352,340,278,317,279,242,234,240,233,210,239,216,188,171,176,157,175,148,127,149,127,127,122,104,106,93,68,88,69,57,66,74,61,51,58,33,41,47,37,38,32,30,26,37,24,25,22,28,17,12,18,11,9,14,9,15,21,7,12,5,7,9,2,7,4,2,1,5,3,4,1,2,8,7,3,1,2,0,3,3,1,1,1,1,1,2,0,0,2,0,0,4,1,0,2,0,0,0,1,0,1,1,0,0,0,0,0,0,2,0,0,0,0,0,0,0,0,2,0,0,0,0,0,0,0,0,0,0,0,0,0,0,0,0,0,0,0,0,0,0,0,0,0
11,20,7,23,21,19,3,17,19,14,9,40,30,34,36,49,57,68,91,95,95,134,89,119,123,173,187,203,160,223,210,244,317,272,283,301,266,284,289,365,279,336,338,378,336,311,342,412,331,358,324,315,358,324,343,350,329,327,286,294,294,230,262,233,268,193,217,200,188,167,171,161,151,158,139,131,113,135,118,104,91,112,86,83,76,59,61,61,64,63,53,62,41,55,54,45,27,41,39,28,18,16,25,18,17,14,14,8,15,15,11,10,11,17,7,1,9,5,4,10,5,6,6,5,4,0,5,2,5,4,5,2,2,2,2,3,3,5,1,1,3,1,0,0,0,0,1,0,1,0,0,1,0,0,0,0,0,0,1,0,0,0,2,0,0,0,0,0,0,0,0,0,0,0,0,0,0,0,0,0,0,0,0,0,0,0,0,0,0,0,0,0,0,0,0,0,0,0,0,0
5,12,5,18,18,14,5,22,17,14,27,40,23,22,34,47,69,56,81,82,69,125,83,125,146,159,172,208,165,182,219,221,302,236,260,259,266,269,263,354,319,316,306,399,331,389,342,356,334,323,326,308,348,327,305,285,332,297,297,312,261,208,232,232,221,230,210,207,191,174,174,150,136,155,173,141,109,107,128,124,107,94,95,86,79,79,58,66,60,57,54,42,51,44,39,26,33,20,27,33,32,14,20,19,21,10,16,26,22,20,14,14,15,4,8,7,8,6,5,10,8,5,6,7,6,1,5,3,5,3,2,1,1,1,0,1,3,0,2,2,3,4,0,0,2,2,1,0,2,1,0,0,0,0,0,1,0,2,0,0,0,0,1,0,0,0,0,0,0,0,0,0,0,0,0,0,0,0,0,0,0,0,0,0,0,0,0,0,0,0,0,0,0,0,0,0,0,0,0,0
10,18,1,16,16,11,0,25,19,9,14,47,16,34,26,53,66,53,77,101,74,114,116,113,140,158,175,198,149,175,198,206,266,244,272,263,271,269,262,295,281,336,322,362,312,327,324,404,309,334,319,322,341,284,322,311,290,285,256,288,279,220,240,224,235,214,204,176,191,187,160,173,153,154,135,131,107,116,99,96,85,96,87,72,78,45,61,46,40,45,53,44,36,42,36,42,35,25,19,25,22,17,26,18,13,23,12,15,16,14,9,11,10,5,7,8,11,8,2,11,6,8,4,5,5,3,3,0,2,6,2,3,2,1,1,2,4,2,4,1,3,1,0,0,2,3,0,0,0,0,0,1,0,0,0,1,0,0,0,0,0,0,0,0,0,1,0,0,0,0,0,0,0,0,0,0,0,0,0,0,0,0,0,0,0,0,0,0,0,0,0,0,0,0,0,0,0,0,0,0
8,20,4,13,14,17,3,19,10,9,24,29,30,36,29,52,74,60,85,92,90,129,100,114,130,137,180,191,154,178,224,193,260,221,253,268,271,269,276,321,281,336,323,327,317,359,332,334,315,296,325,337,347,318,325,313,339,303,258,286,308,227,216,240,216,203,202,193,206,199,159,169,137,145,135,109,144,109,109,95,78,94,68,80,63,61,52,55,43,58,35,52,43,40,34,36,20,33,26,21,27,13,20,10,19,20,20,13,11,12,8,7,5,11,10,8,4,4,9,8,15,3,3,9,5,5,7,4,3,2,5,6,2,1,1,4,3,2,2,1,3,1,1,5,2,4,2,0,1,2,1,1,2,2,0,0,0,2,0,0,0,0,2,0,1,0,0,0,0,0,0,0,0,0,0,0,0,0,0,0,0,0,0,0,0,0,0,0,0,0,0,0,0,0,0,0,0,0,0,0
11,17,1,12,10,9,1,26,20,13,19,36,29,22,26,45,62,66,63,112,105,102,91,115,127,141,158,210,170,185,198,217,282,216,238,243,255,243,277,310,271,295,299,326,292,317,306,317,271,294,293,299,331,298,309,301,289,262,251,258,302,271,230,224,247,201,179,201,162,169,151,142,149,155,123,116,119,109,111,109,78,86,79,74,70,60,56,54,52,42,46,51,43,36,27,39,33,37,25,22,18,18,30,21,20,22,14,19,18,15,10,9,10,7,5,5,6,6,6,7,5,5,3,4,2,3,2,4,1,8,1,2,0,3,2,1,2,0,1,2,1,0,0,0,1,3,1,0,1,1,1,0,0,0,0,1,0,0,0,0,0,0,0,0,0,1,0,0,0,0,0,0,0,0,0,0,0,0,0,0,0,0,0,0,0,0,0,0,0,0,0,0,0,0,0,0,0,0,0,0
7,17,2,7,14,21,4,19,17,4,19,28,23,20,27,57,54,49,58,83,66,125,77,105,135,122,181,203,135,167,196,207,282,220,255,260,240,285,265,309,269,313,249,334,265,320,301,373,265,303,287,283,315,255,282,273,314,248,237,247,245,220,208,216,225,183,189,149,172,182,169,155,120,117,120,118,102,110,86,84,77,90,76,72,59,54,50,56,51,43,39,41,31,36,25,31,34,27,13,25,17,18,17,20,11,11,17,17,10,11,9,15,9,13,7,12,3,6,10,4,3,3,4,1,5,3,2,0,2,1,3,2,1,2,0,3,1,1,2,0,1,2,0,0,0,1,1,0,0,1,0,1,0,0,0,0,0,0,0,0,0,0,1,0,0,1,0,0,0,0,0,0,0,0,0,0,0,0,0,0,0,0,0,0,0,1,0,0,0,0,0,0,0,0,0,0,0,0,0,0
8,18,1,14,10,11,2,12,12,8,18,41,25,28,24,64,58,49,49,90,73,108,89,114,127,137,153,181,164,149,184,208,272,234,242,247,237,238,236,302,293,310,278,304,284,335,331,295,274,294,274,266,328,259,261,291,274,236,243,252,279,223,208,180,215,169,209,179,171,160,137,152,135,146,128,95,104,95,106,80,85,82,78,67,58,50,51,54,53,43,46,45,38,33,30,33,35,23,16,29,21,16,21,16,15,12,12,10,14,10,8,9,9,5,6,7,8,9,6,7,8,5,4,5,5,2,4,2,4,5,5,0,1,4,1,2,3,0,0,1,2,1,0,1,1,1,3,0,1,0,0,0,1,0,0,0,0,1,0,0,0,0,0,0,0,0,0,0,0,0,0,0,0,0,1,0,0,0,0,0,0,0,0,0,0,0,0,0,0,0,0,0,0,0,0,0,0,0,0,0
9,13,2,15,10,7,1,15,14,12,16,50,16,30,21,56,50,76,49,87,67,110,93,118,121,119,161,183,137,169,184,176,257,238,239,233,252,253,242,307,257,315,272,293,278,305,262,302,252,266,294,231,322,264,261,262,264,267,232,238,229,210,217,175,205,202,169,170,166,169,152,133,142,127,141,102,109,104,106,84,66,79,72,55,78,63,46,49,48,42,47,51,33,31,29,22,28,25,22,28,26,24,15,12,10,9,17,8,16,11,10,9,16,9,5,6,4,4,4,8,3,3,7,2,3,3,2,3,4,2,3,1,1,2,1,0,6,1,0,0,1,0,0,0,0,0,2,0,2,1,2,2,2,1,0,0,0,0,0,0,0,0,0,0,0,0,0,0,0,0,0,0,0,0,0,0,0,0,0,0,0,0,0,0,0,1,0,0,0,0,0,0,0,0,0,0,0,0,0,0
3,12,4,12,7,12,2,16,13,7,14,32,26,23,30,42,46,58,63,67,67,112,80,102,111,136,140,163,135,131,177,195,248,201,233,231,242,219,246,267,247,328,273,299,256,284,269,297,284,259,242,231,276,236,270,260,270,264,228,233,246,213,214,176,214,178,174,176,160,157,156,120,113,121,111,105,87,98,97,100,65,75,64,60,53,53,48,45,44,47,39,36,35,33,24,30,17,20,25,14,18,6,22,11,11,14,11,15,14,8,7,6,15,9,6,6,6,6,3,2,9,2,1,5,1,3,0,2,2,1,4,2,0,2,0,0,2,1,0,0,1,1,2,0,0,0,1,0,1,2,0,1,0,0,0,0,0,0,0,0,0,0,1,0,0,1,0,1,0,0,0,0,0,0,0,0,0,0,0,0,0,0,0,0,0,0,0,0,0,0,0,0,0,0,0,0,0,0,0,0
9,13,4,13,7,14,3,18,10,9,14,34,22,20,27,42,50,61,68,64,59,106,85,109,114,108,158,203,110,167,157,173,238,177,185,236,206,226,241,281,263,274,268,303,265,300,262,294,255,250,232,263,279,221,261,293,230,235,220,220,226,193,177,207,194,182,171,153,139,150,130,139,114,128,123,122,108,102,86,85,64,67,74,67,50,61,54,46,36,51,39,53,31,41,32,31,23,34,13,27,22,17,16,14,17,7,15,13,9,16,15,14,3,9,7,7,5,7,6,9,5,4,4,2,3,0,6,2,2,1,2,2,1,4,1,0,0,0,1,1,0,1,0,1,0,1,1,0,0,2,1,0,0,0,0,0,0,0,0,0,0,0,0,0,0,0,0,0,0,0,0,0,0,0,0,0,0,0,0,0,0,0,0,0,0,0,0,0,0,0,0,0,0,0,0,0,0,0,0,0
3,10,3,14,19,15,4,16,12,7,16,31,18,26,11,43,49,67,73,75,44,86,87,98,111,122,150,174,154,146,167,171,255,191,211,230,215,235,201,256,225,273,270,281,238,309,262,289,241,269,268,262,284,221,253,258,263,244,228,222,207,183,207,201,195,175,205,152,147,142,147,98,122,148,96,110,80,83,75,87,92,71,64,43,39,58,59,47,51,40,39,29,21,37,27,28,28,29,23,9,19,17,15,15,16,7,14,14,7,11,4,10,12,15,3,7,6,8,6,6,3,1,1,6,3,4,5,2,3,4,0,3,2,2,0,4,3,3,1,1,2,0,1,1,0,1,0,0,0,1,0,0,0,0,0,1,0,0,0,0,0,0,1,0,0,0,0,0,0,0,0,0,0,0,1,0,0,0,0,0,0,0,0,0,0,1,0,0,0,0,0,0,0,0,0,0,0,0,0,0
7,8,3,9,18,12,5,19,11,8,15,25,23,12,28,46,61,61,62,85,75,115,79,100,110,98,149,166,127,136,180,174,263,192,216,234,220,236,227,302,220,269,282,295,221,264,253,299,261,245,258,233,266,221,298,230,222,260,246,204,228,211,194,198,179,158,156,142,115,131,123,115,115,130,102,106,106,90,75,77,58,87,68,63,51,50,58,43,38,34,34,47,38,29,22,20,22,25,23,21,18,15,18,13,12,15,13,13,11,14,4,7,11,4,10,8,3,4,6,3,5,1,4,6,2,1,2,0,3,0,2,2,0,1,2,2,4,0,1,3,1,0,0,0,2,2,1,0,0,0,0,0,1,1,0,0,0,0,0,0,0,0,0,0,0,0,0,0,0,0,0,0,0,0,0,0,0,0,0,0,0,0,0,0,0,0,0,0,0,0,0,0,0,0,0,0,0,0,0,0
10,21,5,8,13,14,2,23,7,13,28,34,17,24,22,48,46,43,57,76,65,110,83,106,95,123,122,141,116,156,150,172,250,217,200,192,222,218,219,264,200,288,253,246,259,283,253,252,200,238,246,206,242,246,256,271,231,227,198,223,208,184,191,168,157,156,157,139,136,148,124,110,100,106,86,89,95,77,70,81,61,59,56,56,56,48,34,46,27,29,42,26,25,28,26,30,23,20,13,18,13,24,16,10,14,14,9,17,11,5,8,11,8,9,5,3,4,10,5,8,1,0,5,4,1,2,2,1,1,2,2,1,2,2,0,1,3,1,2,1,3,1,0,0,0,0,0,1,1,0,0,0,0,0,0,0,0,0,2,0,0,0,0,0,0,0,0,0,0,0,0,0,0,0,1,0,0,0,0,0,0,0,0,0,0,0,0,0,0,0,0,0,0,0,0,0,0,0,0,0
12,12,1,15,15,15,0,11,11,11,10,35,17,35,20,47,37,48,49,67,80,96,70,99,85,99,136,146,114,147,177,164,224,181,214,210,213,213,201,244,194,257,227,247,212,240,247,279,235,226,233,201,205,210,236,224,226,191,200,204,206,179,152,165,160,144,168,145,127,125,122,107,114,93,103,83,91,79,86,69,70,73,53,47,50,53,41,48,36,35,40,30,41,33,24,20,22,17,18,20,12,18,12,10,22,12,5,11,12,4,8,12,9,9,8,0,4,7,3,6,2,2,5,3,2,4,6,2,4,7,2,2,1,7,0,0,2,0,0,0,0,3,0,0,1,0,0,0,0,0,0,1,0,0,0,0,0,0,0,0,0,0,0,0,0,0,0,1,0,0,0,0,0,0,0,0,0,0,0,0,0,0,0,0,0,0,0,0,0,0,0,0,0,0,0,0,0,0,0,0
5,10,4,9,15,12,2,22,8,7,23,20,14,14,21,34,44,55,49,85,62,97,73,82,84,98,160,149,124,128,140,166,200,178,215,198,170,205,223,218,188,224,202,260,234,261,195,258,235,235,190,212,261,216,217,228,225,203,216,197,185,171,169,149,154,156,169,144,127,133,108,100,93,106,93,86,83,77,65,92,55,62,58,52,66,33,47,39,38,42,39,27,31,26,14,22,19,16,16,16,19,5,15,15,11,5,17,10,5,7,5,12,5,6,2,6,6,4,5,4,5,1,4,3,2,0,8,2,1,2,0,1,1,1,0,3,3,1,0,0,0,0,1,1,1,2,0,0,3,0,0,0,0,0,0,1,0,0,0,0,0,0,1,0,1,0,0,0,0,0,0,0,0,0,0,0,0,0,0,0,0,0,0,0,0,0,0,0,0,0,0,0,0,0,0,0,0,0,0,0
8,11,2,12,14,6,0,17,13,6,14,24,20,17,20,36,46,48,47,75,59,90,71,92,117,119,126,134,121,127,152,153,189,164,186,185,190,192,209,206,191,256,235,269,234,257,232,281,222,222,206,189,236,227,201,222,217,204,192,204,208,172,184,143,172,137,131,132,119,121,118,106,122,107,86,90,79,81,69,87,57,58,56,54,55,42,47,53,42,38,32,37,29,33,22,23,27,18,21,14,18,13,10,12,14,6,9,6,2,9,4,11,4,9,6,1,7,5,4,8,4,2,1,2,3,0,4,1,2,3,1,0,1,1,1,1,2,0,0,1,2,1,0,0,0,0,1,0,0,0,0,0,0,0,0,0,0,2,1,0,0,0,0,0,0,1,0,1,0,0,0,0,0,0,0,0,0,0,0,0,0,0,0,0,0,0,0,0,0,0,0,0,0,0,0,0,0,0,0,0
7,8,1,6,10,11,2,19,13,5,20,23,14,17,20,34,38,48,56,83,49,101,71,86,102,108,125,161,122,115,130,143,221,159,214,208,184,195,209,231,229,249,233,250,214,248,204,270,217,220,213,219,221,183,202,208,195,220,165,199,237,151,141,140,158,132,150,138,136,116,124,84,78,106,82,79,88,76,67,56,67,67,70,51,61,48,41,32,31,28,46,34,34,29,23,21,21,22,18,22,14,11,12,10,13,12,4,8,13,6,2,6,5,5,4,5,4,4,7,5,5,2,3,4,3,2,3,1,6,2,2,0,2,1,1,1,1,1,1,1,0,2,0,0,1,1,0,0,0,0,0,0,0,1,0,0,0,0,0,0,0,0,0,0,0,0,0,1,0,0,0,0,0,0,0,0,0,0,0,0,0,0,0,0,0,0,0,0,0,0,0,0,0,0,0,0,0,0,0,0
7,15,5,16,17,11,5,16,10,4,13,29,12,27,26,39,50,42,41,64,54,80,76,73,88,113,126,147,113,94,151,168,181,157,185,156,201,183,193,232,194,229,208,241,201,254,233,247,217,214,195,191,246,199,183,225,205,209,167,172,172,179,144,145,142,123,116,117,106,114,87,98,100,97,83,83,73,71,64,61,66,40,45,43,47,38,49,39,38,33,33,26,37,16,19,18,13,15,17,19,20,16,14,9,6,7,11,11,7,9,7,5,9,11,6,5,2,5,11,8,3,3,4,3,2,0,5,1,5,1,4,5,3,0,0,0,5,0,0,0,1,1,0,0,0,3,0,0,0,0,1,0,1,0,0,0,0,0,0,0,0,0,0,0,0,0,0,0,0,0,0,0,0,1,0,0,0,0,0,0,0,0,0,0,0,0,0,0,0,0,0,0,0,0,0,0,0,0,0,0
5,10,1,9,9,5,0,15,6,6,16,32,20,11,29,37,42,50,54,78,55,77,63,81,92,111,136,126,94,127,123,136,180,145,163,181,173,179,164,228,218,249,203,237,194,230,210,251,220,209,201,195,225,186,204,199,197,202,183,166,185,160,137,134,174,144,122,116,100,118,108,100,86,105,98,86,63,60,68,70,57,60,41,39,52,37,34,36,38,26,41,23,26,34,21,22,20,29,15,13,21,9,10,11,11,13,4,11,3,7,8,5,9,5,5,8,4,5,4,5,4,1,4,2,0,0,4,1,5,5,3,2,4,5,1,2,1,2,2,1,0,0,1,0,0,1,0,0,2,1,0,0,0,0,0,0,0,0,1,0,0,0,0,0,0,0,0,0,0,0,0,0,0,0,0,0,0,0,0,0,0,0,0,0,0,0,0,0,0,0,0,0,0,0,0,0,0,0,0,0
7,6,3,15,10,12,1,15,12,13,11,24,23,23,15,34,50,52,61,65,67,81,72,81,88,105,137,143,122,126,133,150,150,137,162,172,151,183,181,197,195,248,201,221,188,216,222,248,182,205,203,192,183,197,193,208,188,183,167,175,168,142,145,165,139,129,118,121,105,97,107,75,84,95,89,82,83,67,68,61,53,50,43,48,47,47,36,30,32,35,24,27,32,25,17,19,23,18,15,18,10,10,12,16,5,15,11,9,10,8,8,3,11,4,8,5,3,4,4,1,6,1,5,2,3,2,4,0,1,3,0,0,3,2,0,1,4,0,2,0,1,0,0,1,0,4,0,0,0,0,0,0,0,0,0,0,0,0,1,0,0,0,0,0,0,0,0,1,0,0,0,0,0,0,0,0,0,0,0,0,0,0,0,0,0,0,0,0,0,0,0,0,0,0,0,0,0,0,0,0
2,10,2,12,14,15,1,12,11,13,15,22,15,19,24,40,44,32,43,73,51,74,68,102,80,106,116,144,135,129,141,146,180,155,178,177,153,174,181,205,184,236,205,229,199,215,184,218,194,203,191,170,212,164,201,183,199,173,170,161,175,138,144,142,146,121,110,123,121,122,104,110,79,72,94,70,70,73,56,59,51,53,43,46,39,40,46,35,32,30,31,25,21,25,15,29,16,15,9,17,14,13,6,12,15,4,13,7,9,5,7,5,4,9,3,4,3,3,4,1,6,3,4,3,1,3,3,0,4,1,2,1,2,1,1,2,0,1,0,0,1,1,0,0,1,1,0,1,1,0,0,1,0,0,0,0,0,0,1,0,0,0,0,0,0,0,0,0,0,0,0,0,0,0,0,0,0,0,0,0,0,0,0,0,0,0,0,0,0,0,0,0,0,0,0,0,0,0,0,0
4,7,3,13,11,10,3,14,11,5,8,33,22,13,10,27,46,54,31,57,54,95,56,77,82,95,134,126,101,121,128,129,173,134,154,165,171,165,168,200,172,230,195,226,191,187,166,208,184,180,195,202,206,170,174,161,178,163,135,163,166,138,135,133,147,107,126,122,104,97,70,85,83,88,75,66,65,57,65,64,52,42,47,46,35,23,27,34,37,27,30,24,27,30,13,22,12,19,15,12,18,11,11,14,4,9,5,12,6,6,5,7,3,9,3,5,5,4,6,3,5,1,3,0,9,4,3,1,2,1,0,3,1,0,3,0,2,0,1,1,0,0,1,0,1,1,1,0,0,0,0,0,0,0,0,0,0,1,0,0,0,0,0,0,0,0,0,0,0,0,0,0,0,0,0,0,0,0,0,0,0,0,0,0,0,0,0,0,0,0,0,0,0,0,0,0,0,0,0,0
5,9,2,12,9,11,1,22,8,6,14,25,18,18,18,18,41,40,49,59,51,69,70,75,82,94,116,134,97,103,127,139,172,141,163,186,155,159,142,191,157,205,197,194,201,205,203,212,186,164,167,183,208,169,186,177,164,207,151,158,161,132,121,147,138,114,104,100,94,95,110,98,94,80,66,78,62,70,53,56,50,37,47,45,35,40,41,38,19,23,27,28,21,21,17,14,15,24,13,18,13,10,18,7,14,8,9,10,5,7,6,4,3,4,1,2,6,1,5,2,3,0,1,2,0,1,1,3,1,2,0,1,1,4,0,0,4,0,0,2,1,0,0,1,0,0,0,0,0,1,0,0,0,0,0,0,0,2,0,0,0,0,0,0,0,0,1,0,0,0,0,0,0,0,0,0,0,0,0,0,0,0,0,0,0,0,0,0,0,0,0,0,0,0,0,0,0,0,0,0
2,5,2,14,11,10,1,10,7,12,17,16,10,18,13,39,43,29,46,62,56,85,57,70,74,90,109,147,95,104,127,147,162,138,151,173,156,157,161,191,166,194,178,211,168,205,184,211,206,172,173,173,185,147,188,184,180,152,151,169,160,134,131,123,133,101,119,117,124,96,105,88,85,86,75,76,68,42,48,54,33,57,41,43,36,27,29,25,18,26,27,27,29,18,15,16,14,14,13,12,10,11,6,13,8,6,15,11,7,4,7,3,3,6,0,4,4,6,2,5,1,2,7,2,1,1,3,2,2,2,2,3,0,1,0,2,2,1,1,0,1,0,0,0,1,3,1,0,0,2,0,0,0,0,0,0,0,0,0,0,0,0,0,0,0,0,0,0,0,0,0,0,0,0,0,0,0,0,0,0,0,0,0,0,0,0,0,0,0,0,0,0,0,0,0,0,0,0,0,0
3,7,2,15,15,3,4,18,10,9,18,31,20,17,14,40,30,32,40,58,51,75,67,85,90,84,112,135,91,119,141,131,176,141,167,163,161,167,138,194,172,179,181,190,175,207,177,206,170,178,154,172,207,151,178,141,183,154,159,137,168,131,114,135,137,107,98,104,92,98,77,88,94,74,68,56,50,64,65,52,38,45,45,32,29,24,28,28,23,23,28,25,21,23,23,15,14,20,10,14,8,5,11,13,8,7,5,11,5,4,4,3,1,5,5,1,2,2,2,8,4,0,1,2,1,3,2,2,2,3,2,0,1,0,0,0,1,0,0,0,0,2,0,0,1,0,0,0,0,0,0,0,0,0,0,1,0,0,2,0,0,0,1,0,0,0,1,0,0,0,0,0,0,0,0,0,0,0,0,0,0,0,0,0,0,0,0,0,0,0,0,0,0,0,0,0,0,0,0,0
1,8,1,12,7,14,0,10,8,8,7,32,15,19,24,30,31,33,37,48,45,89,50,67,78,93,113,119,89,112,121,133,147,149,166,175,157,163,164,187,132,189,193,219,162,184,163,198,160,172,182,166,193,150,169,163,153,164,147,131,163,125,119,113,107,93,95,96,90,103,79,89,77,65,62,63,64,53,65,56,36,51,32,23,22,34,23,30,37,24,27,22,23,24,15,21,13,13,16,10,18,12,8,7,8,11,8,5,12,5,7,7,3,3,4,4,7,3,2,2,2,3,1,2,3,1,1,1,2,2,2,1,1,1,0,0,0,0,1,2,0,0,0,0,1,0,1,0,0,0,0,0,0,0,0,0,0,0,1,0,0,0,0,0,1,0,0,0,0,0,0,0,0,0,0,0,0,0,0,0,0,0,0,0,0,0,0,0,0,0,0,0,0,0,0,0,0,0,0,0
5,8,1,12,8,10,6,17,10,3,17,23,12,17,22,26,34,47,41,59,49,80,55,69,71,78,112,98,90,116,103,153,173,140,116,139,132,154,134,187,166,166,168,198,154,171,167,189,138,154,154,160,148,163,154,177,160,139,148,138,147,113,129,121,120,104,98,101,96,83,84,81,76,84,78,57,72,56,49,52,44,47,41,36,34,37,33,25,24,27,17,25,30,24,17,16,10,24,9,8,8,13,7,9,12,8,9,2,5,5,10,6,5,6,6,5,7,3,3,7,2,3,2,3,2,4,4,1,4,3,1,0,1,1,1,1,1,1,3,0,0,0,0,0,1,3,0,0,0,1,0,0,0,0,0,0,0,1,1,0,0,0,0,0,0,0,0,0,0,0,0,0,0,0,0,0,0,0,0,0,0,0,0,0,0,0,0,0,0,0,0,0,0,0,0,0,0,0,0,0
8,8,0,10,9,2,0,7,14,7,16,23,14,15,12,29,38,37,49,66,45,65,57,70,86,87,103,122,90,118,113,118,151,135,164,145,145,149,157,194,157,181,171,166,195,182,179,197,172,177,176,128,185,124,162,163,166,147,165,129,134,138,117,109,106,102,104,95,79,86,83,69,84,71,55,59,65,57,46,44,44,37,48,37,31,29,27,33,31,24,21,14,19,23,14,16,12,14,10,10,13,12,5,9,11,5,5,6,7,8,6,5,3,8,6,5,2,1,6,2,2,1,3,1,2,1,3,0,4,3,3,3,4,0,1,0,4,1,0,3,2,1,0,0,1,0,2,0,0,0,0,0,0,0,0,2,0,1,0,0,0,0,0,0,1,1,0,1,0,0,0,0,0,0,0,0,0,0,0,0,0,0,0,0,0,1,0,0,0,0,0,0,0,0,0,0,0,0,0,0
5,7,4,7,11,6,3,15,4,7,9,16,15,12,13,28,39,39,38,54,57,72,51,58,79,75,95,109,95,104,124,133,153,127,120,144,102,146,138,186,140,167,179,179,137,177,159,202,154,152,156,161,185,146,148,160,165,123,138,121,117,109,119,113,115,97,112,91,75,103,66,70,61,72,68,50,57,57,57,34,31,29,34,37,34,27,27,19,22,23,19,15,23,20,13,15,14,8,4,8,5,5,4,8,10,6,7,8,7,7,3,5,5,4,0,4,3,2,2,5,0,0,3,3,2,1,4,0,2,1,1,0,0,1,0,0,2,0,0,0,0,0,0,0,0,0,1,0,0,0,0,1,0,1,0,1,0,0,0,0,0,0,0,0,0,0,0,0,0,0,0,0,0,0,0,0,0,0,0,0,0,0,0,0,0,0,0,0,0,0,0,0,0,0,0,0,0,0,0,0
2,6,1,3,6,12,2,20,9,5,16,25,14,9,15,28,34,37,51,47,40,64,54,69,71,78,87,126,81,98,117,118,145,132,132,172,129,141,141,173,152,166,149,185,152,175,160,185,166,158,146,154,191,120,160,151,161,133,126,156,113,122,93,112,93,94,101,75,91,74,81,75,71,63,62,65,45,50,38,46,53,43,41,34,32,21,23,22,29,20,22,19,17,13,16,21,11,11,14,13,11,11,4,6,12,6,4,8,8,7,3,4,2,5,3,4,3,2,3,0,4,2,1,5,2,2,3,1,0,4,5,2,0,1,0,0,1,1,0,1,0,0,0,0,0,0,0,0,0,1,0,1,0,0,0,0,0,0,3,0,0,0,0,0,0,0,0,0,0,0,0,0,0,0,0,0,0,0,0,0,0,0,0,0,0,0,0,0,0,0,0,0,0,0,0,0,0,0,0,0
2,6,1,7,11,9,0,11,7,5,11,18,8,17,17,33,34,40,45,55,41,63,56,69,59,83,94,111,79,100,99,104,147,114,133,137,120,138,131,168,129,188,153,176,156,179,147,160,151,177,133,148,165,153,123,154,135,127,112,115,127,126,103,102,132,97,79,74,86,81,86,65,63,72,64,43,46,50,45,36,45,38,50,37,36,26,29,23,26,19,21,15,21,24,17,13,13,11,7,16,5,4,11,10,7,8,6,7,4,5,4,4,4,1,4,2,2,4,1,1,2,1,3,2,2,1,4,0,0,1,0,1,0,0,0,0,1,0,0,0,0,2,1,0,1,0,0,0,0,0,0,0,1,0,0,0,0,0,0,0,0,0,0,0,1,0,0,0,0,0,0,0,0,0,0,0,0,0,0,0,0,0,0,0,0,0,0,0,0,0,0,0,0,0,0,0,0,0,0,0
7,7,0,11,12,9,1,9,9,5,13,18,12,15,21,38,29,29,29,53,46,57,44,68,64,70,103,102,88,99,118,96,152,113,129,131,129,118,137,166,126,162,139,187,140,156,162,156,145,135,145,138,165,136,141,148,115,144,125,129,151,107,118,115,106,101,91,84,78,79,67,60,74,64,51,61,52,59,44,39,31,32,28,33,37,28,26,32,15,27,23,22,16,12,7,12,9,13,8,15,15,9,7,11,6,11,5,5,3,4,1,5,6,2,4,2,3,3,6,4,2,0,3,0,2,0,1,3,3,5,0,2,0,0,0,0,1,1,1,1,0,1,0,0,0,1,1,1,0,0,0,0,0,0,0,0,0,0,0,0,0,0,0,0,0,0,0,0,0,0,0,0,0,0,0,0,0,0,0,0,0,0,0,0,0,0,0,0,0,0,0,0,0,0,0,0,0,0,0,0
3,14,0,12,12,12,2,9,3,4,8,17,14,18,12,30,49,38,42,40,60,74,55,67,58,69,83,107,87,87,109,118,131,106,115,126,118,123,119,162,130,155,147,147,151,147,165,142,138,139,142,126,187,132,162,150,153,128,119,127,140,123,98,108,86,86,96,90,70,68,66,66,56,63,57,48,37,47,48,34,33,43,31,31,28,17,18,21,19,19,26,22,17,13,12,20,2,16,9,7,6,5,6,6,4,7,8,5,4,8,3,3,8,3,2,3,1,4,6,2,1,0,4,3,1,2,3,1,0,6,0,1,0,0,0,0,0,0,1,1,1,0,0,0,0,0,0,0,2,0,0,1,0,0,0,0,0,0,0,0,0,0,0,0,0,1,0,1,0,0,0,0,0,0,0,0,0,0,0,0,0,0,0,0,0,0,0,0,0,0,0,0,0,0,0,0,0,0,0,0
5,12,1,10,11,3,0,11,8,5,17,21,12,12,16,27,26,40,30,56,43,66,36,73,65,73,109,89,66,86,97,102,134,116,125,137,133,126,120,157,124,162,137,173,120,120,157,146,142,136,112,134,145,148,142,126,136,120,120,101,120,97,96,99,94,67,87,70,77,62,69,51,56,57,59,51,62,52,36,37,33,33,37,27,25,23,31,22,19,12,18,20,17,9,10,9,13,9,8,10,14,4,6,5,8,5,4,6,3,1,2,5,3,7,3,2,3,3,4,1,2,0,0,0,2,0,2,3,5,3,0,0,0,0,0,2,1,0,1,0,0,0,2,0,0,1,1,0,0,0,0,0,0,0,0,0,0,0,0,0,0,0,0,0,0,0,0,0,0,0,0,0,0,0,0,0,0,0,0,0,0,0,0,0,0,0,0,0,0,0,0,0,0,0,0,0,0,0,0,0
6,4,2,10,9,9,3,6,6,6,22,22,11,9,20,30,34,30,33,41,45,57,47,66,56,78,87,106,55,87,87,105,147,115,106,133,103,122,113,146,144,152,144,161,163,187,140,169,125,132,123,127,150,112,136,140,111,110,116,105,114,96,109,83,86,86,83,82,73,72,69,67,59,67,51,55,39,38,37,37,38,34,42,26,19,39,28,21,24,23,14,17,17,18,9,11,8,8,16,11,6,9,5,4,6,6,5,4,8,3,4,4,4,5,2,2,3,4,3,7,3,1,4,1,1,1,3,0,1,1,1,2,1,3,0,1,3,0,0,1,0,0,0,0,1,0,0,0,0,1,1,0,0,0,0,0,0,0,1,0,0,0,0,0,0,0,0,0,0,0,0,0,0,0,0,0,0,0,0,0,0,0,0,0,0,0,0,0,0,0,0,0,0,0,0,0,0,0,0,0
5,10,2,13,7,8,0,6,7,6,9,19,9,12,14,25,27,30,36,44,46,53,47,68,56,70,90,83,71,97,87,99,111,116,121,108,108,111,115,136,137,156,120,141,143,162,142,151,123,123,134,118,135,118,111,137,148,113,113,105,125,100,78,95,111,83,52,75,86,76,65,58,55,62,52,46,46,35,34,42,31,32,28,30,23,29,24,29,18,16,21,17,20,13,10,10,12,8,16,13,2,10,9,11,7,8,5,5,5,5,5,2,3,3,3,3,1,5,5,3,1,1,2,2,0,0,1,1,2,1,0,0,1,0,0,0,1,2,1,1,1,1,0,1,0,1,0,0,0,0,0,1,0,0,0,0,0,2,0,0,0,0,0,0,2,0,0,1,0,0,0,0,0,0,0,0,0,0,0,0,0,0,0,0,0,0,0,0,0,0,0,0,0,0,0,0,0,0,0,0
5,4,1,9,3,6,1,13,8,2,12,15,9,13,10,28,37,35,35,32,37,61,46,61,57,62,95,78,68,87,77,116,125,115,128,113,101,114,133,162,134,136,118,147,116,144,124,143,107,126,147,101,121,105,129,121,117,121,100,97,119,101,89,97,82,99,79,63,63,66,48,51,56,50,55,52,48,30,41,51,40,26,25,28,36,19,27,20,16,10,15,17,9,15,11,18,12,7,10,9,10,5,6,4,3,6,4,10,3,4,3,7,4,4,1,3,2,2,4,3,4,2,0,3,1,0,2,2,1,2,1,1,0,0,0,0,0,1,0,0,0,0,0,0,0,0,0,0,1,1,0,1,0,0,0,1,0,0,0,0,0,0,0,0,1,0,0,0,0,0,0,0,0,0,0,0,0,0,0,0,0,0,0,0,0,0,0,0,0,0,0,0,0,0,0,0,0,0,0,0
4,7,1,8,2,7,1,8,9,8,8,10,9,8,15,19,24,27,41,43,40,67,35,72,60,56,79,106,75,84,100,97,111,94,108,108,108,115,116,137,108,150,117,129,110,121,130,147,143,138,118,122,125,118,131,110,122,110,86,106,104,80,72,86,102,76,79,80,72,73,60,60,56,63,52,40,45,36,37,30,35,30,34,34,20,19,19,31,16,33,11,17,12,15,10,12,7,15,13,10,3,7,7,10,3,2,5,7,5,5,5,2,2,2,5,1,2,0,0,3,3,1,1,4,1,0,1,1,5,0,3,0,0,3,1,2,0,0,0,0,1,1,1,0,0,0,1,0,0,2,0,0,0,0,0,0,0,0,0,0,0,0,0,0,0,0,0,0,0,0,0,0,0,0,0,0,0,0,0,0,0,0,0,0,0,0,0,0,0,0,0,0,0,0,0,0,0,0,0,0
4,10,1,10,11,5,1,13,8,6,12,17,15,18,18,32,34,32,29,43,47,55,36,66,61,78,78,86,72,78,71,100,108,99,104,120,107,115,126,137,130,146,140,125,108,127,133,151,111,118,116,120,127,123,116,113,110,120,97,104,109,82,78,74,95,77,69,62,68,58,53,66,51,56,43,41,40,48,42,27,25,33,29,25,27,27,22,14,19,10,17,19,21,20,6,12,8,5,5,4,9,6,9,7,7,8,5,4,7,1,2,5,4,1,3,3,1,4,4,2,0,1,2,0,2,0,2,1,2,1,1,0,0,1,0,0,1,0,2,0,2,0,0,0,0,0,0,0,0,0,0,0,0,0,0,0,0,0,0,0,0,0,0,0,0,1,0,0,0,0,0,0,0,0,0,0,0,0,0,0,0,0,0,0,0,0,0,0,0,0,0,0,0,0,0,0,0,0,0,0
6,5,0,11,13,9,1,8,6,5,8,15,8,8,14,21,41,26,30,42,43,52,44,58,49,73,78,67,74,90,74,70,123,103,104,108,104,103,112,116,97,127,113,143,108,115,129,120,122,105,99,105,146,105,107,109,109,105,94,98,96,82,82,94,85,78,77,52,61,66,62,68,41,61,47,45,35,26,40,32,21,21,34,27,22,27,26,25,16,23,26,10,15,13,10,11,6,8,5,9,7,4,3,9,5,8,3,3,3,0,3,5,2,2,0,2,1,5,0,4,0,1,1,0,4,2,3,1,4,2,0,0,0,0,0,2,1,0,0,0,1,0,0,0,0,0,0,0,1,0,0,0,0,0,0,1,0,0,1,0,0,0,0,0,0,0,0,0,0,0,0,0,0,0,0,0,0,0,0,0,0,0,0,0,0,0,0,0,0,0,0,0,0,0,0,0,0,0,0,0
3,8,0,7,7,7,3,7,8,5,10,14,12,10,4,23,29,27,32,41,35,51,36,52,54,67,86,96,74,81,68,103,104,82,87,107,92,103,128,120,101,140,119,139,121,129,103,134,119,103,117,96,105,100,90,104,101,81,90,97,79,86,70,77,74,71,56,62,83,76,52,63,59,40,39,40,56,28,23,40,26,29,28,20,19,26,22,20,19,17,12,12,12,14,16,8,5,9,6,5,3,2,9,4,3,1,7,3,5,4,3,2,6,2,1,3,1,3,3,1,1,1,3,1,0,1,2,1,1,0,1,0,0,2,0,0,2,0,1,0,1,0,0,0,0,0,0,0,1,0,0,0,0,0,0,0,0,0,0,0,0,0,0,0,0,0,0,0,0,0,0,0,0,0,0,0,0,0,0,0,0,0,0,0,0,0,0,0,0,0,0,0,0,0,0,0,0,0,0,0
1,8,3,7,7,10,1,12,4,2,6,23,16,14,11,22,23,27,32,42,25,47,24,65,53,60,77,83,59,71,80,90,101,75,97,100,92,99,111,122,110,131,101,127,119,146,108,110,92,103,108,94,126,82,101,114,115,101,101,92,95,82,66,77,76,78,65,58,56,56,55,44,39,39,33,35,36,28,37,28,25,26,24,28,18,20,25,18,16,16,18,7,18,22,13,10,9,7,0,4,8,2,5,6,10,4,9,2,2,6,1,4,4,4,2,1,1,0,2,1,4,1,4,0,1,0,2,0,1,1,0,0,0,0,0,1,1,0,0,0,3,1,0,0,0,0,1,0,0,0,0,0,0,0,0,0,0,0,0,0,0,0,0,0,0,0,0,1,0,0,0,0,0,0,0,0,0,0,0,0,0,0,0,0,0,0,0,0,0,0,0,0,0,0,0,0,0,0,0,0
2,8,2,7,12,5,1,6,4,7,8,16,11,10,12,18,34,34,32,47,33,40,42,56,53,64,74,85,56,63,82,80,119,80,118,102,110,136,101,139,119,116,104,132,111,121,102,135,119,106,88,82,99,109,95,84,99,120,99,82,74,86,83,70,80,63,75,53,60,68,52,51,44,48,41,36,36,43,38,26,25,25,25,23,19,25,27,14,13,17,17,14,16,11,17,8,6,15,2,9,6,4,9,5,6,0,8,2,4,5,4,1,5,5,1,4,2,2,2,5,1,1,1,3,1,1,1,0,1,0,1,0,1,0,0,0,0,1,0,0,1,0,1,1,0,1,0,0,0,0,0,0,0,0,0,0,0,0,0,0,0,0,0,0,1,1,0,0,0,0,0,0,0,0,0,0,0,0,0,0,0,0,0,0,0,1,0,0,0,0,0,0,0,0,0,0,0,0,0,0
1,5,1,6,3,6,2,5,6,2,9,15,11,16,16,27,35,25,27,38,33,42,41,36,51,48,65,75,51,70,67,85,125,95,88,99,105,80,93,114,106,113,113,124,100,125,116,126,108,97,85,93,118,95,83,112,91,96,83,81,89,75,64,63,85,58,60,44,73,49,48,35,44,40,53,44,41,39,37,22,30,21,24,28,17,19,15,19,16,19,16,10,9,6,4,7,9,5,9,9,3,5,7,3,4,8,1,5,3,5,5,5,9,0,1,0,1,0,5,0,5,0,0,1,2,0,5,0,1,0,3,0,3,1,1,1,1,1,0,0,0,0,1,0,1,0,0,0,0,1,0,0,0,0,0,0,0,0,2,0,0,0,0,0,0,1,0,0,0,0,0,0,0,0,0,0,0,0,0,0,0,0,0,0,0,0,0,0,0,0,0,0,0,0,0,0,0,0,0,0
4,6,1,4,5,4,2,12,10,5,12,14,12,15,8,13,31,29,22,36,26,39,47,54,65,54,61,69,66,78,89,80,103,90,88,102,93,99,93,119,94,107,115,126,103,124,115,106,106,87,101,91,116,95,109,114,83,92,86,91,100,72,71,81,57,66,62,63,44,61,40,49,47,41,36,34,32,35,28,33,34,22,28,21,24,24,14,14,10,12,15,10,14,10,6,14,9,6,4,7,3,6,7,9,6,11,5,7,6,3,0,2,1,2,4,1,1,3,1,3,1,2,1,1,0,1,3,1,3,1,2,2,0,0,1,0,1,1,0,0,0,1,0,0,0,0,0,1,0,0,0,1,0,0,0,1,0,0,0,0,0,0,0,0,0,0,0,0,0,0,0,0,0,0,0,0,0,0,0,0,0,0,0,0,0,0,0,0,0,0,0,0,0,0,0,0,0,0,0,0
2,7,4,6,7,12,0,7,9,4,8,21,8,8,7,18,33,23,26,42,32,36,48,54,50,54,71,75,62,62,63,70,105,89,104,91,83,82,84,86,124,110,94,102,105,91,110,92,95,97,94,96,135,76,113,95,110,72,90,53,96,71,59,66,67,63,59,66,53,55,55,35,49,45,28,25,42,32,27,18,16,38,21,17,14,21,18,15,14,14,14,9,16,11,9,13,5,12,5,5,7,3,4,6,12,6,3,3,4,1,5,3,0,0,1,0,2,1,1,0,1,0,2,3,2,1,0,1,1,0,0,0,0,0,0,0,1,0,0,0,1,0,0,0,0,0,0,0,0,0,0,0,0,0,0,0,0,0,0,0,0,0,0,0,1,0,0,1,0,0,0,0,0,0,0,0,0,0,0,0,0,0,0,0,0,1,0,0,0,0,0,0,0,0,0,0,0,0,0,0
3,7,0,6,7,8,2,9,11,7,10,18,10,12,13,24,28,19,34,40,32,61,31,67,54,51,69,73,57,67,63,75,102,76,103,87,92,80,87,92,96,110,107,120,95,103,80,97,88,110,89,88,118,87,112,79,97,92,90,80,81,63,72,62,66,45,53,60,49,41,56,35,41,38,31,38,36,21,30,33,23,19,17,29,21,20,25,21,10,15,11,12,14,10,4,10,5,4,5,7,5,2,4,8,5,4,3,4,6,5,4,2,2,4,3,3,0,3,4,1,1,0,4,3,0,1,4,0,1,2,0,0,0,0,0,0,3,0,0,1,0,0,0,0,0,1,1,0,0,1,0,0,0,0,0,0,0,0,0,0,0,0,0,0,0,0,0,0,0,0,0,0,0,0,0,0,0,0,0,0,0,0,0,0,0,1,0,0,0,0,0,0,0,0,0,0,0,0,0,0
3,6,1,3,3,5,1,12,7,3,10,9,9,13,11,16,24,34,26,38,27,40,34,54,59,63,80,82,61,56,63,78,100,80,74,111,82,83,79,100,100,95,100,111,109,118,112,117,86,115,94,74,98,88,83,96,83,85,92,76,84,73,61,78,61,57,58,58,39,44,41,46,38,47,31,33,37,33,19,35,26,21,33,17,11,7,20,10,20,14,15,13,5,12,12,11,8,8,5,8,7,7,4,3,4,2,4,4,2,4,3,2,4,2,5,1,1,2,2,2,2,0,1,1,0,1,5,0,2,1,0,0,0,0,0,0,1,0,2,0,1,0,0,0,0,1,0,0,0,1,0,0,0,0,0,0,0,0,0,0,0,0,0,0,0,0,0,0,0,0,0,0,0,0,0,0,0,0,0,0,0,0,0,0,0,0,0,0,0,0,0,0,0,0,0,0,0,0,0,0
4,7,1,7,10,6,1,6,7,4,10,17,13,6,9,30,22,25,33,39,31,50,31,42,51,52,71,70,66,74,62,80,76,77,79,99,85,97,96,93,80,110,87,109,85,108,106,94,97,118,93,85,100,72,95,93,97,74,91,59,82,62,57,60,74,61,53,41,62,43,44,43,38,37,33,33,32,28,30,28,28,27,19,26,16,19,22,14,13,13,12,12,7,10,12,7,6,7,5,8,4,5,3,5,6,6,2,2,3,2,0,2,3,0,5,2,1,0,1,3,2,0,1,1,1,0,2,0,1,0,1,1,1,0,0,0,0,0,0,0,0,0,0,0,0,2,1,0,0,0,0,1,1,0,0,0,0,0,0,0,0,0,0,0,0,0,0,0,0,0,0,0,0,0,0,0,0,0,0,0,0,0,0,0,0,0,0,0,0,0,0,0,0,0,0,0,0,0,0,0
2,2,1,9,4,6,0,10,11,2,8,16,7,10,8,16,28,29,29,26,27,46,29,45,37,47,60,82,61,77,71,73,93,76,86,97,79,67,87,87,79,93,94,97,95,91,85,96,80,84,74,97,81,83,68,73,78,73,68,68,69,64,61,66,56,63,64,47,31,47,52,35,43,36,44,26,36,22,32,24,24,29,31,12,9,15,14,19,14,14,16,8,6,15,11,12,9,7,3,9,5,6,7,5,3,8,5,4,6,3,2,6,3,1,0,1,0,1,2,3,0,1,1,0,2,0,2,1,0,0,2,1,0,0,0,0,0,1,0,2,0,0,0,0,0,0,0,0,0,0,0,1,0,0,0,0,0,0,0,0,0,0,0,0,0,0,0,0,0,0,0,0,0,0,0,0,0,0,0,0,0,0,0,0,0,0,0,0,0,0,0,0,0,0,0,0,0,0,0,0
4,10,0,5,5,4,2,5,6,2,11,15,9,11,13,16,30,24,33,33,26,40,41,51,34,55,56,77,59,66,64,62,88,80,90,70,77,93,81,90,97,92,88,82,93,95,99,120,90,95,98,65,92,72,73,87,79,79,74,89,68,55,61,47,54,41,71,43,41,39,36,38,47,42,42,35,31,17,23,20,20,18,23,12,17,12,18,16,12,15,15,9,7,6,9,9,10,5,3,2,7,5,0,4,9,0,1,4,2,3,1,3,2,1,1,3,1,3,2,0,1,1,5,1,2,1,1,2,2,3,0,0,0,0,0,0,2,0,0,2,0,0,1,0,0,0,0,0,0,0,0,0,0,0,0,0,0,0,0,0,0,0,1,0,0,0,0,0,0,0,0,0,0,0,0,0,0,0,0,0,0,0,0,0,0,0,0,0,0,0,0,0,0,0,0,0,0,0,0,0
4,5,2,3,3,6,2,8,8,4,8,14,9,8,5,19,21,19,21,34,32,35,35,38,32,50,67,71,56,44,69,61,92,69,62,83,91,77,85,97,83,93,87,117,98,87,96,104,81,72,76,94,110,78,81,90,83,71,73,74,68,69,53,65,56,61,49,34,52,42,39,39,42,42,23,27,26,25,29,28,18,22,19,15,20,24,8,23,15,14,10,9,10,8,8,7,5,5,2,7,6,2,2,1,6,0,7,5,2,6,2,3,1,6,3,0,0,0,1,2,1,0,2,0,1,2,0,1,0,2,0,0,1,0,0,0,0,0,0,0,0,1,0,0,0,0,0,0,0,0,0,0,0,0,0,0,0,0,0,0,0,0,0,0,0,0,0,0,0,0,0,0,0,0,0,0,0,0,0,0,0,0,0,0,0,0,0,0,0,0,0,0,0,0,0,0,0,0,0,0
3,2,2,8,10,6,1,11,5,7,13,20,10,7,11,26,21,22,24,34,30,37,30,39,52,45,46,72,55,44,63,68,85,85,76,75,75,80,76,59,82,92,85,84,73,74,72,93,83,85,82,81,94,79,80,62,71,70,66,61,66,52,57,53,63,40,43,42,38,42,38,49,33,32,32,29,28,24,22,27,22,18,24,16,21,17,11,14,11,10,12,7,6,8,5,12,6,6,8,7,6,4,6,2,4,2,2,6,2,3,3,3,2,1,1,2,3,2,0,0,2,0,1,2,2,1,1,1,0,0,0,0,0,2,0,0,1,0,0,2,0,1,0,0,0,0,0,0,0,0,0,0,0,0,0,0,0,0,0,0,0,0,0,0,0,0,0,0,0,0,0,0,0,0,0,0,0,0,0,0,0,0,0,0,0,0,0,0,0,0,0,0,0,0,0,0,0,0,0,0
2,8,0,8,3,8,2,10,4,5,4,11,7,11,10,13,19,16,18,24,32,33,32,34,37,32,56,59,45,58,60,76,80,69,70,75,71,70,75,76,89,95,91,97,82,78,63,87,78,83,80,78,84,58,82,99,76,66,65,72,68,57,62,41,50,44,47,56,51,32,31,41,33,42,27,38,30,20,19,20,25,17,22,19,18,14,12,16,13,22,8,10,6,4,6,7,4,8,1,5,4,3,4,1,3,2,3,5,2,2,3,3,0,4,1,1,3,1,2,4,2,0,1,0,0,0,1,0,2,0,2,0,0,0,0,0,0,0,0,0,1,0,0,0,0,1,0,0,0,1,0,0,0,0,0,0,0,0,0,0,0,0,0,0,0,0,0,0,0,0,0,0,0,0,0,0,0,0,0,0,0,0,0,0,0,0,0,0,0,0,0,0,0,0,0,0,0,0,0,0
6,4,2,5,6,5,1,3,0,2,8,10,10,12,11,17,12,23,23,38,26,44,32,43,35,52,51,60,51,58,62,58,83,60,91,68,77,95,83,77,98,95,66,87,69,91,77,104,87,83,64,75,73,64,62,78,78,65,53,54,64,51,43,51,49,55,34,39,49,43,47,40,45,32,34,22,29,18,27,25,15,16,18,11,19,6,18,10,13,8,12,4,10,8,3,9,4,7,3,6,8,7,3,1,3,5,5,5,5,1,3,1,2,1,0,1,2,0,0,1,2,0,1,2,2,1,1,0,2,2,1,0,0,0,0,0,1,0,0,1,0,0,0,0,0,0,0,0,0,0,0,0,0,0,0,0,0,0,0,0,0,0,0,0,0,0,0,0,0,0,0,0,0,0,0,0,0,0,0,0,0,0,0,0,0,0,0,0,0,0,0,0,0,0,0,0,0,0,0,0
4,3,1,7,6,4,2,12,0,2,7,12,10,9,4,9,18,20,20,28,35,49,26,42,43,39,61,59,49,46,62,64,85,62,55,66,55,63,61,63,76,80,84,104,77,89,76,101,75,71,85,72,95,58,69,86,57,66,80,70,58,58,53,58,56,50,39,42,42,29,31,47,36,39,30,22,25,16,18,16,16,16,14,11,18,21,10,12,14,8,15,13,9,11,8,7,11,3,4,3,5,6,5,3,2,1,2,2,2,3,4,1,3,3,1,2,1,0,0,1,3,0,3,2,0,1,1,1,0,0,2,0,1,1,0,0,0,0,0,0,0,0,0,0,0,1,0,0,0,2,0,0,0,0,0,0,0,0,1,0,0,0,0,0,0,0,0,0,0,0,0,0,0,0,0,0,0,0,0,0,0,0,0,0,0,0,0,0,0,0,0,0,0,0,0,0,0,0,0,0
1,1,2,2,7,8,0,6,3,2,4,7,6,9,11,18,21,24,16,22,23,35,22,39,29,44,64,62,51,42,41,73,97,67,71,97,62,65,71,82,89,95,76,80,82,63,68,69,61,74,93,83,75,69,55,70,71,50,63,73,70,48,59,48,32,47,45,29,45,36,38,33,31,32,36,24,20,20,21,22,22,20,13,13,12,12,13,8,12,13,9,6,12,8,4,9,7,4,4,7,2,5,6,4,1,3,3,2,3,4,2,2,1,1,1,3,0,2,2,3,0,0,2,0,0,1,1,0,2,2,1,1,0,2,0,0,2,0,0,0,0,1,0,0,0,0,0,0,0,0,0,1,0,0,0,0,0,0,0,0,0,0,1,0,0,0,0,0,0,0,0,0,0,0,0,0,0,0,0,0,0,0,0,0,0,0,0,0,0,0,0,0,0,0,0,0,0,0,0,0
4,5,2,6,6,6,3,9,3,6,4,10,7,8,6,9,14,16,15,23,25,40,28,49,45,43,46,59,38,52,65,52,66,53,69,82,54,65,78,82,85,80,52,94,86,64,69,105,66,69,69,65,83,60,67,76,78,53,54,58,52,58,49,51,45,40,42,43,33,41,40,24,31,28,27,26,23,22,19,16,13,18,15,14,15,9,12,14,8,9,6,8,8,6,8,6,8,2,5,3,6,0,6,7,1,5,1,1,0,1,4,1,2,1,0,0,0,1,1,0,2,0,0,4,0,2,3,0,2,0,2,1,0,0,0,0,0,1,1,0,0,0,1,0,0,0,0,0,0,0,0,0,0,0,0,1,0,0,0,0,0,0,1,0,0,0,0,1,0,0,0,0,0,0,0,0,0,0,0,0,0,0,0,0,0,0,0,0,0,0,0,0,0,0,0,0,0,0,0,0
1,2,0,2,7,3,0,8,12,1,8,9,7,6,12,22,20,17,13,32,17,34,33,37,34,23,47,43,45,47,67,55,69,68,43,55,59,65,66,85,60,73,71,54,69,92,71,88,70,60,52,61,61,62,66,60,88,64,40,74,57,44,39,40,47,40,41,38,30,29,31,40,34,20,26,28,27,19,30,27,9,16,14,8,14,18,14,12,13,10,4,8,5,7,7,4,6,8,3,5,3,1,2,2,2,1,2,2,1,3,1,4,2,2,1,0,2,1,2,2,2,0,1,0,1,0,0,1,2,0,2,0,0,0,0,0,0,0,0,0,0,0,0,0,1,0,1,0,0,0,0,1,0,0,0,1,0,0,0,0,0,0,0,0,0,0,0,0,0,0,0,0,0,0,0,0,0,0,0,0,0,0,0,0,0,0,0,0,0,0,0,0,0,0,0,0,0,0,0,0
2,5,0,5,1,7,1,6,2,3,9,16,5,11,9,20,23,20,19,34,13,32,28,37,39,39,48,47,37,44,47,54,59,70,50,62,56,61,76,66,62,86,74,85,68,85,72,78,63,68,66,62,62,55,66,57,66,67,66,58,52,51,44,47,46,52,46,33,30,31,25,33,29,26,32,24,23,27,12,9,15,27,13,13,10,9,7,10,13,13,7,6,8,6,5,5,4,4,4,2,2,1,1,0,3,0,2,2,1,5,0,0,2,4,0,1,1,4,1,2,0,1,0,2,0,1,1,0,1,1,1,0,1,1,0,0,0,0,0,0,0,0,0,0,0,0,0,0,0,0,0,0,0,0,0,0,0,0,0,0,0,0,0,0,0,0,0,0,0,0,0,0,0,0,0,0,0,0,0,0,0,0,0,0,0,0,0,0,0,0,0,0,0,0,0,0,0,0,0,0
3,7,0,8,1,1,2,2,4,1,10,12,2,5,9,21,18,22,17,20,30,34,22,31,44,44,43,49,49,56,57,50,60,61,58,64,60,64,43,74,77,84,65,81,59,84,71,69,73,75,69,56,75,61,63,72,61,57,54,57,59,58,47,48,41,53,41,34,24,35,30,36,24,32,20,25,21,23,18,17,15,17,20,11,10,12,8,9,3,11,5,10,4,4,6,8,9,8,7,2,3,1,2,4,2,2,1,3,1,4,2,1,1,1,2,1,0,4,0,1,1,0,3,0,0,1,0,0,1,1,2,0,0,1,0,0,1,0,0,0,0,0,0,0,0,1,0,0,0,0,0,0,0,0,0,0,0,0,0,0,0,0,1,0,0,0,0,0,0,0,0,0,0,0,0,0,0,0,0,0,0,0,0,0,0,0,0,0,0,0,0,0,0,0,0,0,0,0,0,0
1,6,1,7,2,9,0,10,11,4,8,14,9,6,6,16,13,19,16,29,15,29,20,40,39,38,45,52,35,44,49,49,70,62,58,59,54,65,70,72,65,74,69,81,71,79,63,77,60,76,59,64,65,70,59,66,62,51,53,58,46,48,32,41,48,32,38,47,24,41,33,22,21,26,29,22,21,15,16,15,10,18,9,11,11,5,12,17,4,6,13,9,9,9,3,6,7,5,3,3,2,2,0,4,4,0,2,1,3,2,0,6,1,2,0,1,0,1,1,0,2,0,3,2,1,0,0,0,2,1,1,0,1,0,0,1,0,0,0,0,1,0,0,0,0,0,0,0,1,1,0,0,0,0,0,0,0,0,0,0,0,0,0,0,0,0,0,0,0,0,0,0,0,0,0,0,0,0,0,0,0,0,0,0,0,0,0,0,0,0,0,0,0,0,0,0,0,0,0,0
0,5,0,3,3,6,1,1,4,3,6,8,6,5,4,13,15,16,21,30,20,38,30,40,33,30,44,55,50,50,45,58,53,55,59,69,60,57,68,64,68,66,66,69,51,70,78,64,60,67,66,62,54,50,56,70,48,52,58,48,40,50,42,41,34,38,35,32,29,33,36,34,14,16,25,18,20,19,17,8,14,17,23,13,8,13,13,9,8,12,6,6,6,3,6,7,6,6,3,1,3,5,5,1,0,2,5,1,3,1,2,2,0,2,3,0,0,0,1,1,1,1,1,0,0,0,1,0,0,0,0,0,0,0,1,0,0,0,0,0,0,0,0,0,0,0,0,0,0,0,0,0,0,0,0,0,0,1,0,0,0,0,0,0,0,0,0,0,0,0,0,0,0,0,0,0,0,0,0,0,0,0,0,0,0,0,0,0,0,0,0,0,0,0,0,0,0,0,0,0
2,7,0,2,2,3,0,10,6,3,5,10,11,7,9,11,20,22,23,24,19,22,20,28,29,32,62,41,23,40,42,51,79,50,55,68,65,61,53,60,61,84,58,74,65,62,62,66,53,60,48,58,65,60,61,59,51,45,36,43,53,44,41,41,38,28,40,36,23,28,27,26,33,27,20,26,13,22,23,14,9,15,16,9,12,18,13,11,9,6,5,5,10,7,6,7,3,5,3,2,4,4,1,3,1,4,1,3,3,2,2,2,1,2,4,0,2,1,0,1,0,1,1,0,0,1,1,0,2,0,0,2,0,1,1,0,1,0,0,0,1,1,0,0,0,0,0,0,0,1,0,0,0,0,0,1,0,0,0,0,0,0,0,0,0,0,0,0,0,0,0,0,0,0,0,0,0,0,0,0,0,0,0,0,0,0,0,0,0,0,0,0,0,0,0,0,0,0,0,0
1,3,1,4,4,3,0,10,4,2,3,15,4,5,9,18,16,14,16,17,20,32,19,30,34,34,37,55,34,30,37,44,61,46,48,54,40,55,54,68,55,74,62,68,67,67,65,83,59,50,53,75,52,61,48,57,62,49,41,47,44,51,43,39,45,36,42,23,26,19,18,19,23,25,36,22,21,19,17,10,10,10,18,7,9,6,13,7,5,5,10,4,3,6,4,1,7,3,4,6,2,2,4,5,1,5,1,2,2,0,3,1,1,0,0,0,0,2,1,1,0,0,0,1,0,1,0,0,1,0,1,0,0,1,0,0,0,0,0,0,0,1,1,0,0,0,0,0,1,0,0,0,0,0,0,0,0,0,0,0,0,0,0,0,0,0,0,0,0,0,0,0,0,0,0,0,0,0,0,0,0,0,0,0,0,0,0,0,0,0,0,0,0,0,0,0,0,0,0,0
2,6,4,0,6,5,1,7,9,1,5,13,5,4,4,9,20,18,14,26,18,34,29,36,32,24,40,43,37,33,42,51,60,49,67,47,44,68,60,75,60,75,68,66,80,62,72,64,42,53,63,53,61,50,56,46,47,64,41,69,41,45,33,39,46,37,35,36,36,24,27,17,28,25,23,19,19,12,15,17,12,16,8,6,10,11,9,6,8,6,9,6,10,4,5,2,6,8,1,6,4,1,5,2,3,2,3,2,1,5,0,0,4,2,1,1,0,2,2,0,1,0,1,1,4,0,1,1,0,0,1,0,0,0,0,0,0,0,0,0,1,0,0,0,0,1,0,0,0,0,0,0,0,0,0,0,0,0,0,0,0,0,0,0,0,0,0,0,0,0,0,0,0,0,0,0,0,0,0,0,0,0,0,0,0,0,0,0,0,0,0,0,0,0,0,0,0,0,0,0
3,3,2,7,4,4,0,3,2,2,7,13,9,7,6,9,12,17,18,22,14,25,19,34,26,30,38,46,28,44,40,52,56,47,51,63,56,53,65,67,64,55,65,63,61,67,68,60,50,36,50,57,66,55,54,48,52,36,39,49,40,44,39,44,44,40,35,37,30,36,23,21,26,18,18,20,21,13,18,15,20,16,10,6,10,18,6,15,4,9,10,7,6,3,4,8,1,3,3,3,6,3,4,4,2,2,2,1,0,2,4,3,1,2,0,1,2,3,0,1,0,0,1,0,2,0,0,0,0,1,0,0,0,0,0,0,1,1,0,0,0,0,0,0,0,0,0,0,0,0,0,1,0,0,0,0,0,0,0,0,0,0,0,0,0,0,0,1,0,0,0,0,0,0,0,0,0,0,0,0,0,0,0,0,0,0,0,0,0,0,0,0,0,0,0,0,0,0,0,0
4,4,0,4,7,1,1,5,6,1,4,6,5,7,6,19,15,15,23,18,13,19,24,26,22,31,37,46,37,38,40,53,43,51,52,57,57,59,52,79,59,58,52,66,58,69,59,71,51,46,46,44,53,36,41,45,33,36,49,41,42,32,37,34,36,32,27,26,18,30,29,25,22,23,30,15,16,13,27,13,9,9,14,10,9,7,9,15,7,12,8,8,6,6,3,4,3,9,3,4,2,6,1,3,1,1,0,2,3,5,2,1,0,3,1,0,1,1,3,2,0,0,0,1,2,0,1,0,0,0,1,0,1,0,0,0,1,0,0,0,0,0,0,0,0,1,0,0,1,1,0,0,0,0,0,0,0,0,0,0,0,0,0,0,0,0,0,0,0,0,0,0,0,0,0,0,0,0,0,0,0,0,0,0,0,0,0,0,0,0,0,0,0,0,0,0,0,0,0,0
3,3,1,6,3,6,2,8,8,0,6,7,5,4,5,12,10,14,13,16,19,26,23,28,25,35,29,38,31,36,58,59,51,48,52,52,43,55,64,58,49,70,65,55,50,60,64,64,35,53,53,39,60,43,40,56,51,49,48,28,32,40,35,37,26,31,43,22,32,29,23,11,20,27,27,14,12,12,15,18,10,12,13,10,6,7,11,7,9,5,12,8,6,13,6,5,6,2,4,2,5,1,1,3,1,5,3,0,2,2,6,0,0,1,2,1,1,1,0,1,1,0,1,0,1,1,0,0,1,1,0,0,0,1,0,0,1,0,0,0,0,0,0,0,0,0,0,0,0,0,0,1,0,0,0,1,0,1,0,0,0,0,0,0,0,1,0,0,0,0,0,0,0,0,0,0,0,0,0,0,0,0,0,0,0,0,0,0,0,0,0,0,0,0,0,0,0,0,0,0
3,4,0,1,5,4,0,1,3,6,4,5,4,8,5,17,18,21,11,22,12,27,19,24,19,31,36,28,41,29,35,56,68,38,54,45,38,46,41,53,44,61,62,59,51,62,68,47,45,59,44,62,50,59,38,51,35,41,40,44,37,39,31,33,34,32,21,24,31,28,23,19,22,23,25,13,11,15,16,11,13,11,11,12,9,21,6,6,11,5,2,7,7,4,4,3,5,11,4,3,2,3,6,2,4,2,2,2,3,1,2,4,2,0,0,1,0,4,2,1,1,0,2,0,1,0,2,1,0,1,0,0,0,2,0,1,0,0,0,0,0,0,0,0,0,0,0,0,0,0,0,0,0,0,0,0,0,0,0,0,0,0,0,0,1,0,0,0,0,0,0,0,0,0,0,0,0,0,0,0,0,0,0,0,0,0,0,0,0,0,0,0,0,0,0,0,0,0,0,0
0,5,0,4,2,9,3,5,2,3,7,11,4,8,3,12,8,11,18,23,14,22,18,26,23,24,33,47,23,32,44,49,50,40,47,49,49,42,45,51,43,53,54,68,43,44,45,58,46,58,48,57,40,40,41,41,46,43,37,54,29,37,34,39,23,28,27,28,36,20,23,15,17,21,22,14,15,22,13,10,15,12,6,11,6,11,4,10,6,8,11,5,4,6,4,4,5,5,6,2,6,3,1,3,3,2,1,2,2,4,0,1,2,0,1,1,0,0,2,0,1,0,2,0,1,1,0,0,0,0,0,0,0,1,0,0,2,0,0,0,0,0,0,0,0,0,0,0,0,0,0,0,0,0,0,0,0,1,0,0,0,0,0,0,0,0,0,0,0,0,0,0,0,0,0,0,0,0,0,0,0,0,0,0,0,0,0,0,0,0,0,0,0,0,0,0,0,0,0,0
1,3,0,2,3,8,0,9,5,4,7,11,7,5,7,12,15,17,15,22,11,34,26,31,22,31,38,35,39,31,34,40,55,48,52,51,51,49,55,37,56,51,47,64,51,66,37,62,42,66,46,41,52,32,47,46,33,43,47,55,34,36,41,37,34,35,23,31,21,13,19,24,25,23,12,22,16,16,26,12,10,13,13,10,8,10,11,8,3,9,6,5,6,5,2,3,1,5,2,1,2,4,0,1,1,0,2,0,0,1,2,1,1,1,0,2,3,1,1,0,0,0,0,0,0,0,0,0,0,0,2,0,0,0,0,1,1,0,1,0,0,1,0,0,1,0,0,0,0,0,0,0,0,0,0,1,0,0,0,0,0,0,0,0,0,0,0,0,0,0,0,0,0,0,0,0,0,0,0,0,0,0,0,0,0,0,0,0,0,0,0,0,0,0,0,0,0,0,0,0
1,1,1,6,4,1,1,2,1,4,4,12,5,7,6,11,15,14,16,19,19,26,24,24,17,22,37,33,21,42,38,35,51,52,49,59,52,49,38,57,47,41,42,50,51,50,42,45,36,49,39,53,48,22,39,43,45,39,41,51,44,34,34,20,41,24,21,22,18,27,25,24,23,14,18,25,16,10,18,6,17,11,11,8,6,7,7,7,6,6,11,10,11,4,2,2,2,3,1,3,2,0,1,0,2,1,2,0,1,2,0,1,0,0,2,0,2,0,0,0,0,0,1,0,0,0,0,0,0,1,1,1,0,0,0,0,0,0,0,0,0,0,0,0,0,0,0,0,1,0,0,0,0,0,0,0,0,0,0,0,0,0,0,0,0,0,0,0,0,0,0,0,0,0,0,0,0,0,0,0,0,0,0,0,0,0,0,0,0,0,0,0,0,0,0,0,0,0,0,0
4,4,0,2,0,8,1,3,2,6,3,7,2,7,12,14,10,13,18,26,11,29,20,19,24,20,36,45,26,41,31,39,52,46,48,44,46,44,46,42,38,48,53,57,40,59,51,47,41,40,56,43,48,43,45,43,41,35,34,37,37,28,28,22,37,28,21,28,12,23,24,22,13,17,22,23,17,8,10,15,9,15,10,6,8,9,7,3,6,8,6,8,3,2,2,0,2,6,4,3,3,1,0,3,1,3,3,2,1,0,0,3,1,1,1,0,0,0,0,0,0,1,0,1,0,0,0,0,0,1,2,0,0,0,0,0,0,0,0,0,1,0,0,0,0,1,0,0,0,1,0,0,1,0,0,0,0,0,0,0,0,0,0,0,0,0,0,0,0,0,0,0,0,0,0,0,0,0,0,0,0,0,0,0,0,0,0,0,0,0,0,0,0,0,0,0,0,0,0,0
1,2,0,6,4,4,1,3,6,6,5,10,1,3,9,11,18,13,7,20,15,18,15,24,27,26,48,51,35,15,45,31,44,36,35,31,50,43,35,54,45,48,44,49,55,51,44,47,47,42,40,47,47,44,34,44,35,45,33,39,41,36,34,23,29,26,18,22,30,23,21,24,20,27,10,14,10,20,15,13,14,14,12,10,9,5,5,2,4,7,3,5,4,6,4,6,4,2,2,3,5,3,3,4,3,4,1,4,3,0,1,1,1,1,0,1,0,1,0,1,0,0,2,0,1,0,1,0,0,1,0,0,0,0,0,0,0,0,0,0,1,0,0,0,0,1,1,0,0,0,0,0,0,0,0,0,0,0,0,0,0,0,0,0,0,0,0,0,0,0,0,0,0,0,0,0,0,0,0,0,0,0,0,0,0,0,0,0,0,0,0,0,0,0,0,0,0,0,0,0
2,2,2,2,2,4,0,9,3,4,1,3,2,3,3,15,13,13,8,17,23,23,16,23,26,28,31,27,20,46,29,37,46,30,36,44,36,44,43,48,32,56,43,59,44,58,51,48,45,36,49,42,57,34,54,47,43,43,33,35,36,29,23,29,36,16,23,25,24,21,17,16,12,19,19,24,15,12,12,9,16,9,14,7,6,12,6,4,6,7,1,5,4,4,5,4,3,3,2,3,3,1,1,1,3,1,4,3,2,0,2,0,1,1,1,1,1,2,0,1,0,1,0,0,0,1,0,1,1,1,1,0,0,1,0,0,0,0,1,0,1,0,0,1,0,0,0,0,0,0,0,0,0,0,0,0,0,0,0,0,0,0,0,0,0,0,0,0,0,0,0,0,0,0,0,0,0,0,0,0,0,0,0,0,0,0,0,0,0,0,0,0,0,0,0,0,0,0,0,0
7,6,1,3,4,4,2,7,2,1,3,12,7,5,6,13,8,10,15,12,20,19,21,24,27,31,38,34,29,34,34,26,40,44,37,48,48,47,43,54,42,64,38,60,53,50,47,45,35,42,38,34,47,46,49,27,40,34,28,42,37,27,27,24,32,33,26,18,19,23,26,21,22,20,14,13,20,15,8,11,5,9,8,7,7,3,5,6,3,5,3,3,3,3,5,4,5,4,3,1,0,3,1,4,3,0,0,3,1,1,1,1,1,1,0,1,0,0,1,0,1,0,1,0,0,0,0,1,0,0,0,0,0,0,0,0,0,1,0,0,0,0,0,0,0,0,0,0,0,0,0,0,0,0,0,0,0,0,0,0,0,0,0,0,0,0,0,0,0,0,0,0,0,0,0,0,0,0,0,0,0,0,0,0,0,0,0,0,0,0,0,0,0,0,0,0,0,0,0,0
2,4,1,3,2,6,1,1,4,3,3,8,3,1,5,9,11,9,13,17,19,16,12,19,22,30,31,42,41,26,26,45,39,46,39,41,35,35,49,50,43,47,37,42,35,51,36,52,44,48,40,45,44,35,38,40,35,37,39,32,37,28,36,24,30,31,19,15,24,22,17,19,24,22,12,15,10,12,12,13,11,8,11,9,12,13,12,7,5,12,5,4,4,5,8,8,3,2,1,1,3,1,0,5,1,2,0,1,2,1,2,2,2,0,0,2,0,0,1,1,0,0,1,1,0,0,0,0,0,0,0,0,0,0,0,0,0,0,0,0,0,0,0,0,0,0,0,0,0,0,0,0,0,0,0,0,0,0,0,0,0,0,0,0,0,0,0,0,0,0,0,0,0,0,0,0,0,0,0,0,0,0,0,0,0,0,0,0,0,0,0,0,0,0,0,0,0,0,0,0
1,0,1,4,4,2,0,8,2,1,0,5,3,5,7,16,13,17,13,15,16,19,18,22,22,22,29,38,22,33,21,40,46,42,31,51,42,45,38,49,43,45,48,44,51,49,54,44,33,43,32,44,42,37,34,39,47,30,31,31,30,28,28,27,21,22,25,30,23,21,19,14,18,16,16,15,13,18,9,17,9,9,4,7,7,5,4,8,12,7,5,3,6,6,3,1,4,1,2,4,1,1,2,4,2,3,2,6,1,0,3,2,1,1,1,1,0,0,1,2,0,0,2,1,0,0,1,1,0,2,0,0,1,1,0,0,0,0,0,0,0,0,0,0,0,0,0,0,1,0,0,0,0,0,0,0,0,0,0,0,0,0,0,0,0,0,0,0,0,0,0,0,0,0,0,0,0,0,0,0,0,0,0,0,0,0,0,0,0,0,0,0,0,0,0,0,0,0,0,0
3,4,0,4,4,5,1,3,2,2,2,10,4,6,5,10,15,25,9,20,9,22,17,34,26,15,29,28,39,32,29,36,60,45,26,37,28,36,40,49,37,40,40,43,34,39,36,47,57,37,35,48,38,33,42,38,39,36,28,39,30,17,33,26,24,28,26,20,21,19,16,12,8,17,17,9,13,10,11,13,13,9,13,2,6,5,7,8,7,6,6,3,2,7,2,3,2,3,2,2,1,2,1,1,0,0,2,1,0,0,2,0,2,1,0,0,1,0,2,0,1,0,2,0,0,0,0,0,1,0,0,1,0,0,0,0,0,0,0,0,0,0,0,0,0,0,0,0,1,0,0,0,0,0,0,0,0,1,0,0,0,0,0,0,0,0,0,0,0,0,0,0,0,0,0,0,0,0,0,0,0,0,0,0,0,0,0,0,0,0,0,0,0,0,0,0,0,0,0,0
1,1,0,5,3,3,0,2,2,0,3,10,2,5,4,7,7,17,12,20,16,21,18,24,24,24,27,33,20,29,27,29,37,37,28,46,33,45,43,38,30,44,35,46,35,42,21,41,37,31,36,35,49,37,42,32,36,43,37,29,25,21,33,33,38,16,33,16,16,20,12,21,19,11,21,19,10,7,13,15,6,7,6,14,4,9,8,7,5,2,5,6,2,5,2,3,4,3,2,1,2,2,3,2,1,4,1,0,0,1,1,3,0,1,0,1,0,2,0,0,0,0,1,0,1,0,0,0,0,0,0,1,1,0,0,0,1,0,0,0,0,0,0,0,0,0,0,0,0,0,0,0,0,0,0,0,0,0,0,0,0,0,0,0,0,0,0,0,0,0,0,0,0,0,0,0,0,0,0,0,0,0,0,0,0,0,0,0,0,0,0,0,0,0,0,0,0,0,0,0
1,3,0,3,4,3,0,3,3,0,6,13,6,3,3,12,12,10,9,14,19,19,13,20,23,19,30,36,21,24,30,30,46,26,28,32,37,37,40,46,41,36,43,31,46,37,32,39,44,34,42,33,39,36,28,26,41,45,41,40,26,28,24,17,26,21,24,25,17,23,21,19,10,17,13,11,8,12,9,6,12,10,7,7,10,4,9,3,2,9,6,4,4,3,4,3,7,3,2,3,2,2,1,3,0,3,1,2,1,0,0,0,2,0,0,0,0,1,1,1,1,0,0,0,0,0,0,0,1,0,0,0,0,0,0,0,1,0,0,0,0,0,0,0,0,0,1,0,0,0,0,0,0,0,0,0,0,0,0,0,0,0,0,0,0,0,0,0,0,0,0,0,0,0,0,0,0,0,0,0,0,0,0,0,0,0,0,0,0,0,0,0,0,0,0,0,0,0,0,0
1,1,0,6,4,2,4,2,1,1,3,11,6,6,4,12,7,16,14,27,14,28,9,25,14,19,32,27,16,23,30,37,45,36,39,34,39,35,39,41,36,36,30,42,33,34,28,43,37,24,28,30,41,30,39,41,30,27,24,31,31,23,24,21,23,21,23,22,20,17,11,14,11,11,8,16,10,12,16,10,6,7,10,10,8,5,8,4,1,3,6,4,2,3,3,2,2,2,4,2,2,3,6,1,0,1,1,4,2,2,0,0,1,1,0,0,0,1,3,0,0,0,0,0,0,0,0,0,1,0,0,0,0,0,0,0,1,0,0,0,0,0,0,0,0,0,0,0,0,0,0,0,0,0,0,0,0,0,0,0,0,0,0,0,1,0,0,0,0,0,0,0,0,0,0,0,0,0,0,0,0,0,0,0,0,0,0,0,0,0,0,0,0,0,0,0,0,0,0,0
2,2,2,4,2,3,0,1,1,1,4,5,3,1,1,6,14,15,13,14,13,17,19,20,18,15,27,21,18,22,22,27,38,33,49,34,35,35,32,41,44,49,46,42,35,51,29,49,32,42,27,42,37,33,29,37,40,31,26,34,37,26,26,26,27,23,22,22,22,20,17,12,14,20,15,9,11,10,13,9,10,4,10,9,9,4,3,4,4,5,6,5,9,4,5,0,2,4,0,3,2,1,2,1,1,0,0,1,1,1,0,0,2,1,0,0,1,0,0,2,1,0,0,0,0,0,0,0,0,0,0,0,0,0,0,0,0,0,1,0,0,0,0,0,0,0,0,0,0,0,0,0,0,0,0,0,0,0,0,0,0,0,0,0,0,0,0,0,0,0,0,0,0,0,0,0,0,0,0,0,0,0,0,0,0,0,0,0,0,0,0,0,0,0,0,0,0,0,0,0
0,3,0,2,5,4,1,0,5,1,3,8,5,3,7,4,23,8,11,12,14,18,10,16,19,29,33,34,25,27,37,24,53,22,23,41,29,42,44,37,36,54,32,51,38,44,34,46,39,27,34,27,37,27,30,33,32,30,23,26,28,18,23,16,22,18,20,25,18,19,13,12,16,14,13,9,14,8,14,9,10,6,7,7,4,7,6,8,3,4,6,8,2,4,2,2,3,2,2,3,3,3,2,1,2,2,1,1,1,2,0,1,0,1,0,0,0,2,1,1,0,0,1,0,0,0,1,0,0,0,0,1,0,0,0,0,0,0,0,0,0,0,1,0,0,0,0,0,0,0,0,0,0,0,0,0,0,0,0,0,0,0,0,0,0,0,0,0,0,0,0,0,0,0,0,0,0,0,0,0,0,0,0,0,0,0,0,0,0,0,0,0,0,0,0,0,0,0,0,0
0,0,0,4,2,3,1,5,4,3,2,3,4,4,5,8,7,12,11,11,13,14,14,11,20,24,30,29,20,24,27,25,49,39,36,31,37,40,40,42,36,39,31,36,34,51,41,38,40,33,37,24,35,30,38,27,35,24,19,27,25,22,24,23,31,17,16,15,21,11,16,8,13,16,14,16,17,11,11,8,6,2,10,7,4,6,3,7,4,8,6,4,4,3,1,1,5,3,2,1,0,3,2,3,0,1,0,1,0,0,2,2,0,2,4,0,0,1,0,0,0,0,1,0,0,0,0,0,0,1,0,0,0,0,0,0,0,0,0,0,1,1,0,0,0,0,1,0,0,0,0,0,0,0,0,0,0,0,0,0,0,0,0,0,0,0,0,0,0,0,0,0,0,0,0,0,0,0,0,0,0,0,0,0,0,0,0,0,0,0,0,0,0,0,0,0,0,0,0,0
2,1,1,0,3,2,0,3,2,1,2,8,1,1,5,9,5,10,9,17,19,14,15,18,17,24,33,24,13,30,29,22,43,30,30,41,29,39,30,41,30,36,39,37,30,33,32,42,25,38,38,33,42,31,36,33,37,26,25,27,27,26,26,24,27,22,19,17,17,17,22,13,11,21,12,12,10,11,9,11,6,6,9,5,8,10,4,5,3,4,5,2,6,2,2,2,0,0,0,2,2,2,2,1,3,2,3,1,0,1,2,0,0,0,0,0,0,1,0,0,0,0,1,0,1,0,0,2,1,0,0,0,0,0,0,0,1,0,0,0,0,0,0,0,0,0,0,0,0,0,0,0,0,0,0,0,0,0,0,0,0,0,0,0,0,0,0,0,0,0,0,0,0,0,0,0,0,0,0,0,0,0,0,0,0,0,0,0,0,0,0,0,0,0,0,0,0,0,0,0
1,1,0,0,3,0,0,2,5,2,1,3,6,1,5,6,10,15,12,28,12,13,15,14,20,20,21,30,23,26,23,38,28,26,33,31,36,40,26,41,26,41,29,32,35,44,33,34,37,35,30,36,33,35,33,25,22,29,19,33,30,26,13,18,20,22,14,15,12,13,13,15,3,14,10,13,9,12,8,6,7,6,2,8,4,8,5,6,3,2,4,4,4,5,0,2,3,1,1,0,2,0,3,2,2,0,1,2,0,2,1,1,1,2,0,0,1,0,0,0,0,0,1,0,0,0,2,0,0,0,1,0,0,0,0,0,0,0,1,1,0,0,0,0,0,0,0,0,0,1,0,0,0,0,0,0,0,0,0,0,0,0,0,0,0,0,0,0,0,0,0,0,0,0,0,0,0,0,0,0,0,0,0,0,0,0,0,0,0,0,0,0,0,0,0,0,0,0,0,0
0,2,0,2,3,2,1,4,4,3,5,7,4,5,1,9,5,7,11,12,11,14,15,23,13,16,21,39,19,23,23,18,28,35,19,34,28,27,33,31,33,49,31,39,33,39,34,38,25,34,35,38,26,24,29,34,21,25,25,28,17,24,18,24,25,17,18,26,10,15,18,7,15,10,15,13,10,10,4,15,17,8,5,6,6,4,3,4,4,4,3,5,4,7,2,2,1,0,1,2,0,2,2,1,2,1,2,1,1,0,0,1,0,0,0,1,1,0,1,2,0,0,0,0,1,0,0,0,1,1,0,0,0,0,0,0,0,0,1,0,0,0,0,0,0,0,0,0,0,0,0,0,0,0,0,0,0,0,0,0,0,0,0,0,0,0,0,0,0,0,0,0,0,0,0,0,0,0,0,0,0,0,0,0,0,0,0,0,0,0,0,0,0,0,0,0,0,0,0,0
3,4,0,1,2,2,2,3,3,2,4,6,2,3,5,6,10,12,6,16,8,24,14,19,22,19,28,28,28,23,16,22,26,29,28,35,35,39,27,35,30,35,32,36,44,33,32,31,20,30,25,17,25,19,34,30,25,30,31,22,26,23,19,25,32,14,15,17,11,11,12,13,9,6,13,7,14,13,7,7,8,8,7,6,5,3,3,8,7,5,2,3,2,3,6,2,1,4,1,1,0,3,0,1,0,1,1,2,1,0,0,0,1,0,0,1,0,2,0,0,0,0,0,0,0,0,0,0,0,0,0,0,0,0,0,0,0,0,0,0,0,0,0,0,0,0,0,0,0,0,0,0,0,0,0,0,0,0,0,0,0,0,0,0,0,0,0,0,0,0,0,0,0,0,0,0,0,0,0,0,0,0,0,0,0,0,0,0,0,0,0,0,0,0,0,0,0,0,0,0
2,1,1,0,4,0,0,2,1,4,2,4,4,0,0,8,3,7,13,15,10,25,7,20,18,29,23,19,14,32,30,14,27,30,24,29,24,44,22,36,32,42,36,31,30,29,24,31,40,34,41,25,36,26,27,19,33,23,29,37,31,24,13,18,7,24,19,8,9,12,12,6,15,14,8,8,10,10,8,7,8,4,7,1,2,7,3,10,6,2,1,3,3,3,2,4,1,3,1,1,0,0,0,1,2,0,3,0,1,1,1,0,0,0,0,1,0,0,1,1,0,0,0,1,0,0,0,0,0,0,0,0,0,0,0,0,0,0,0,0,0,0,0,0,0,0,0,0,0,0,0,0,0,0,0,0,0,0,0,0,0,0,0,0,0,0,0,0,0,0,0,0,0,0,0,0,0,0,0,0,0,0,0,0,0,0,0,0,0,0,0,0,0,0,0,0,0,0,0,0
1,0,0,0,2,3,0,3,5,5,3,4,3,6,5,10,1,9,7,11,3,10,10,23,15,20,19,18,19,21,21,25,42,40,34,35,13,28,28,40,31,37,35,38,31,31,37,23,26,20,28,28,25,33,21,26,27,27,19,24,28,23,14,18,22,16,12,21,10,15,13,10,5,20,8,8,11,7,8,10,7,10,3,4,5,8,1,5,3,4,4,3,5,1,1,3,1,4,1,2,1,2,3,3,0,3,0,0,0,0,0,1,2,0,0,1,0,0,0,2,0,0,0,3,0,0,1,1,0,1,0,0,0,0,0,0,0,0,0,0,0,0,0,0,0,0,0,0,0,0,0,0,0,0,0,0,0,0,0,0,0,0,0,0,0,0,0,0,0,0,0,0,0,0,0,0,0,0,0,0,0,0,0,0,0,1,0,0,0,0,0,0,0,0,0,0,0,0,0,0
0,2,0,2,1,2,1,2,2,1,4,3,2,4,5,8,14,7,8,9,13,17,2,16,12,14,23,19,19,28,24,27,25,26,26,21,31,24,18,34,24,29,30,32,37,28,18,31,21,32,22,27,20,19,33,21,21,30,31,21,23,14,17,20,21,8,19,13,16,10,10,9,12,14,6,5,12,7,9,4,14,3,3,4,5,4,3,2,2,3,4,5,2,4,2,3,0,3,2,1,1,0,0,1,0,1,0,0,1,0,0,1,0,1,0,0,0,0,1,0,0,0,0,0,0,0,1,1,0,0,0,0,0,1,0,0,0,0,0,0,0,0,0,0,0,0,0,0,0,0,0,0,0,0,0,0,0,0,0,0,0,0,0,0,0,0,0,0,0,0,0,0,0,0,0,0,0,0,0,0,0,0,0,0,0,0,0,0,0,0,0,0,0,0,0,0,0,0,0,0
0,6,1,5,2,1,0,3,2,1,2,4,4,4,2,10,10,11,11,7,10,8,11,9,13,26,22,22,16,21,19,18,25,25,22,31,28,30,32,33,29,32,23,30,30,25,23,26,21,25,41,23,34,23,31,30,22,22,23,17,22,20,15,18,21,22,14,14,19,9,4,12,9,10,14,15,8,8,12,5,4,6,3,8,5,6,2,1,6,6,4,5,3,4,1,1,0,3,4,5,2,2,1,0,3,0,0,1,2,1,2,0,0,0,2,1,0,0,0,1,0,0,1,0,0,0,0,0,0,1,0,0,0,0,0,1,0,0,0,0,0,0,0,0,0,0,0,0,0,0,0,0,0,0,0,0,0,0,1,0,0,0,0,0,0,0,0,0,0,0,0,0,0,0,0,0,0,0,0,0,0,0,0,0,0,0,0,0,0,0,0,0,0,0,0,0,0,0,0,0
0,2,0,0,1,3,0,2,3,3,4,3,4,3,3,7,10,9,10,8,9,13,9,17,11,29,19,27,12,21,14,18,32,24,25,22,28,26,28,36,30,38,32,34,33,25,22,30,24,22,32,22,34,29,20,32,23,18,23,20,14,17,12,18,18,17,23,16,13,14,17,11,10,7,10,9,8,7,6,13,7,5,4,2,6,11,8,3,4,1,2,2,5,3,3,1,2,3,2,3,0,0,1,1,2,0,1,0,3,0,1,1,1,0,0,1,0,0,0,0,0,0,0,0,1,0,0,0,0,0,0,0,0,0,1,0,2,0,0,0,0,0,0,0,0,0,0,0,0,0,0,0,0,0,0,0,0,0,0,0,0,0,0,0,0,0,0,0,0,0,0,0,0,0,0,0,0,0,0,0,0,0,0,0,0,0,0,0,0,0,0,0,0,0,0,0,0,0,0,0
2,3,2,1,1,1,2,3,1,0,1,6,6,5,4,10,15,5,8,11,9,18,6,10,12,13,16,21,22,30,21,17,34,24,28,20,24,29,19,30,18,21,27,37,28,31,25,31,22,24,26,22,23,18,33,22,21,16,24,24,31,16,17,22,13,17,14,12,14,14,14,8,9,6,11,9,12,6,6,9,8,5,7,4,4,3,2,6,5,5,1,1,1,3,1,3,1,1,2,3,1,1,5,3,0,0,0,2,2,1,0,1,0,0,0,1,0,0,0,1,0,0,1,0,0,0,0,0,1,0,0,1,0,0,0,0,0,0,0,0,0,0,0,0,0,0,0,0,0,0,0,0,0,0,0,0,0,0,0,0,0,0,0,0,0,0,0,0,0,0,0,0,0,0,0,0,0,0,0,0,0,0,0,0,0,0,0,0,0,0,0,0,0,0,0,0,0,0,0,0
0,4,1,1,1,1,1,3,0,1,0,3,4,4,4,4,5,8,5,9,10,13,18,24,18,24,19,15,19,27,31,15,26,24,23,17,22,18,27,24,18,26,34,30,24,36,27,16,25,17,30,15,30,16,18,20,17,27,12,16,11,14,13,15,14,20,14,11,16,18,10,10,8,8,2,4,10,9,8,8,7,6,5,6,5,4,7,3,4,3,2,2,4,5,2,3,2,0,3,1,2,2,1,1,0,1,0,0,0,1,1,2,0,1,1,1,0,0,0,1,0,1,0,0,0,0,0,0,0,0,0,0,0,0,0,0,0,0,0,0,0,0,0,0,0,0,0,0,0,0,0,0,0,0,0,0,0,0,0,0,0,0,0,0,0,0,0,0,0,0,0,0,0,0,0,0,0,0,0,0,0,0,0,0,0,0,0,0,0,0,0,0,0,0,0,0,0,0,0,0
1,3,0,1,2,1,0,4,3,3,4,5,3,3,3,9,12,6,9,11,6,24,9,17,18,14,15,20,13,19,21,21,24,29,23,13,15,30,29,32,27,25,32,39,18,24,39,25,23,16,20,22,20,24,24,22,28,33,27,19,13,18,11,19,18,17,14,17,9,11,11,16,11,10,11,8,4,6,13,8,4,4,5,2,3,2,1,3,2,2,4,1,1,4,5,0,3,0,2,2,2,3,1,1,1,1,0,2,1,1,0,1,2,0,0,0,0,0,0,0,0,0,0,0,0,0,0,0,0,1,2,0,0,0,0,0,1,0,0,0,0,0,0,0,1,0,0,0,0,0,0,0,0,0,0,1,0,1,0,0,0,0,0,0,0,0,0,0,0,0,0,0,0,0,0,0,0,0,0,0,0,0,0,0,0,0,0,0,0,0,0,0,0,0,0,0,0,0,0,0
1,1,0,2,5,0,0,3,1,1,0,5,3,5,5,7,6,5,6,7,8,16,12,16,19,16,16,14,21,22,19,16,28,19,22,17,24,30,22,30,32,25,25,26,16,37,30,18,16,25,23,23,30,17,20,13,20,17,15,21,17,8,17,11,20,12,6,16,13,11,9,9,14,10,11,6,8,9,6,6,4,3,9,1,5,3,3,3,2,5,5,3,6,5,1,0,0,1,2,0,0,0,2,2,0,2,3,1,0,1,1,0,1,1,0,1,1,1,1,1,0,0,1,0,0,1,0,1,0,0,0,0,0,0,0,0,0,0,0,0,0,0,0,0,1,0,0,0,0,1,0,0,0,0,0,0,0,0,0,0,0,0,0,0,0,0,0,0,0,0,0,0,0,0,0,0,0,0,0,0,0,0,0,0,0,0,0,0,0,0,0,0,0,0,0,0,0,0,0,0
0,1,1,1,3,0,0,4,1,4,2,9,2,2,2,4,6,11,7,12,14,17,10,9,8,10,27,21,9,18,18,15,21,17,18,29,23,14,24,24,30,38,22,24,24,32,26,28,32,28,19,14,25,24,18,19,21,18,19,18,25,12,18,16,8,10,14,14,11,15,13,12,8,10,8,6,12,6,4,6,1,6,1,3,5,5,4,7,1,0,2,3,1,1,3,3,0,1,0,2,0,0,2,4,3,2,1,2,2,0,1,0,1,2,1,1,0,0,1,0,0,0,0,0,0,0,1,1,1,0,0,0,0,0,0,0,0,0,0,0,0,0,0,0,0,0,0,0,0,0,0,0,0,0,0,0,0,0,0,0,0,0,0,0,0,0,0,0,0,0,0,0,0,0,0,0,0,0,0,0,0,0,0,0,0,0,0,0,0,0,0,0,0,0,0,0,0,0,0,0
2,1,0,1,1,2,0,6,3,0,2,4,2,5,5,4,6,9,7,5,11,10,13,16,14,16,17,22,20,21,12,17,22,33,28,23,26,28,17,29,15,23,29,15,25,21,26,20,20,21,28,14,25,12,21,28,22,16,14,15,18,15,21,18,12,14,12,17,11,13,7,8,8,8,8,10,7,7,4,4,5,4,4,4,9,5,4,2,3,3,3,0,5,3,1,4,2,2,2,0,1,1,0,2,0,4,1,0,1,1,1,0,0,0,0,0,0,2,1,0,1,0,0,0,0,0,0,0,1,0,0,0,0,1,0,0,1,0,1,0,0,0,0,0,0,0,0,0,0,0,0,0,0,0,0,1,0,0,0,0,0,0,0,0,0,0,0,0,0,0,0,0,0,0,0,0,0,0,0,0,0,0,0,0,0,0,0,0,0,0,0,0,0,0,0,0,0,0,0,0
0,1,0,1,0,1,1,2,1,1,3,2,3,3,4,10,1,11,8,6,9,13,13,20,14,12,21,14,11,15,17,19,20,12,26,24,20,29,21,22,24,19,21,25,13,26,16,16,18,20,18,16,16,29,18,24,22,13,15,13,23,10,16,10,18,14,9,11,11,14,7,9,10,11,7,14,8,7,4,2,4,3,5,3,3,2,6,0,7,3,1,2,1,4,2,1,2,1,2,2,2,0,1,1,1,2,3,0,1,3,0,0,1,0,0,1,0,0,0,0,0,0,1,0,0,0,3,0,0,0,0,0,0,0,0,0,0,1,0,1,0,0,0,0,0,0,0,0,0,0,0,1,0,0,0,0,0,0,0,0,0,0,0,0,0,0,0,0,0,0,0,0,0,0,0,0,0,0,0,0,0,0,0,0,0,0,0,0,0,0,0,0,0,0,0,0,0,0,0,0
1,6,0,2,2,2,0,0,2,2,2,5,0,1,2,7,7,10,7,10,7,11,5,21,15,9,9,18,9,20,21,15,24,20,18,27,17,23,19,33,27,24,27,28,29,18,25,17,10,21,27,21,22,27,17,25,24,24,19,16,23,15,14,14,13,6,9,16,9,8,4,13,8,2,8,6,9,4,6,4,3,4,2,3,3,2,5,4,2,2,2,2,1,1,0,4,0,0,0,0,1,1,1,0,0,0,1,1,1,0,0,0,1,0,1,0,0,0,0,0,1,0,0,0,0,0,0,1,0,0,1,1,0,0,0,0,1,0,0,0,0,0,0,0,0,0,0,0,0,0,0,0,0,0,0,0,0,0,0,0,0,0,0,0,0,0,0,0,0,0,0,0,0,0,0,0,0,0,0,0,0,0,0,0,0,0,0,0,0,0,0,0,0,0,0,0,0,0,0,0
1,3,1,4,1,0,1,2,1,0,1,3,2,3,2,0,7,6,12,8,17,17,16,11,13,12,16,22,16,11,17,16,20,23,25,21,11,25,27,16,18,22,20,19,13,18,11,26,20,14,24,15,26,16,22,16,16,28,16,14,23,16,11,9,22,11,7,10,10,17,16,5,4,16,9,11,12,6,9,4,4,3,5,3,5,5,5,2,2,2,1,4,4,1,1,1,1,2,1,1,1,0,2,1,0,0,0,1,2,1,0,1,0,0,1,1,0,0,0,1,0,0,0,1,0,0,0,0,0,0,0,0,0,0,0,0,0,1,1,0,0,0,0,0,0,0,0,0,0,0,0,0,0,0,0,0,0,0,0,0,0,0,0,0,0,0,0,0,0,0,0,0,0,0,0,0,0,0,0,0,0,0,0,0,0,0,0,0,0,0,0,0,0,0,0,0,0,0,0,0
1,1,0,0,3,4,1,3,0,1,2,5,1,3,1,3,2,3,4,13,5,12,7,12,12,9,20,14,9,16,11,22,19,20,21,17,20,29,14,18,24,12,20,21,22,31,16,33,13,23,24,27,29,19,18,16,21,15,17,8,17,16,19,17,16,13,12,10,10,13,9,10,11,5,5,9,4,7,7,2,3,7,1,4,2,6,1,1,1,4,1,0,1,1,1,3,1,0,2,2,1,2,0,0,1,1,1,1,0,2,0,0,1,0,0,0,0,1,1,0,1,0,0,0,0,0,0,0,0,2,1,0,0,0,0,0,0,0,0,0,0,0,0,0,0,0,0,0,0,0,0,0,0,0,0,0,0,0,0,0,0,0,0,0,0,0,0,0,0,0,0,0,0,0,0,0,0,0,0,0,0,0,0,0,0,0,0,0,0,0,0,0,0,0,0,0,0,0,0,0
1,2,0,3,0,2,1,1,0,3,3,7,1,1,1,6,6,8,6,3,5,6,6,10,9,14,13,17,5,9,20,22,21,18,22,21,22,30,17,18,16,19,19,21,19,19,17,23,23,20,17,16,18,18,22,14,14,12,16,12,13,15,14,17,14,14,12,14,11,9,14,8,13,10,4,3,4,8,6,1,5,4,4,2,8,6,2,2,3,4,1,3,4,2,2,1,1,0,3,1,2,2,3,2,0,0,1,0,0,0,0,0,0,1,1,0,0,0,0,1,0,1,0,0,0,0,0,0,0,0,0,0,0,0,0,0,0,0,0,0,0,0,0,0,0,0,0,0,0,0,0,0,1,0,0,0,0,0,0,0,0,0,0,0,0,0,0,0,0,0,0,0,0,0,0,0,0,0,0,0,0,0,0,0,0,0,0,0,0,0,0,0,0,0,0,0,0,0,0,0
1,1,0,0,1,3,0,1,2,2,3,2,2,1,4,10,9,4,5,6,8,12,9,11,10,15,14,9,12,19,10,17,23,18,19,17,19,20,16,28,25,31,18,18,16,15,28,18,14,22,22,23,18,13,18,21,15,17,17,16,20,16,17,18,12,17,12,6,8,13,5,5,9,6,9,6,3,11,4,6,6,3,4,2,1,3,2,4,0,0,3,3,3,1,1,2,2,1,0,0,1,1,1,2,1,1,2,0,0,0,0,1,2,0,0,0,0,0,0,0,0,1,0,0,0,0,0,0,0,0,0,0,0,1,0,0,0,0,0,1,0,0,0,0,0,1,0,0,0,0,0,0,0,0,0,0,0,0,0,0,0,0,0,0,0,0,0,0,0,0,0,0,0,0,0,0,0,0,0,0,0,0,0,0,0,0,0,0,0,0,0,0,0,0,0,0,0,0,0,0
0,4,0,1,0,3,0,2,3,0,3,4,1,3,2,5,7,8,3,12,10,12,7,10,9,11,16,16,10,16,17,17,21,12,15,22,17,16,9,23,19,24,27,18,12,22,20,27,23,25,20,19,28,15,12,15,10,27,18,13,15,19,10,11,10,8,13,10,13,10,7,11,9,4,6,5,5,6,8,5,3,3,2,5,1,1,6,1,4,2,3,4,1,1,3,0,1,2,0,0,1,1,0,1,1,1,0,1,0,1,0,0,0,0,0,0,0,0,2,0,0,0,0,0,0,0,0,0,0,0,0,1,0,0,0,0,1,0,0,0,0,0,0,0,0,0,0,0,1,1,0,1,0,0,0,0,0,0,0,0,0,0,0,0,1,0,0,0,0,0,0,0,0,0,0,0,0,0,0,0,0,0,0,0,0,0,0,0,0,0,0,0,0,0,0,0,0,0,0,0
1,2,0,0,1,1,0,5,2,0,1,2,3,1,4,8,5,3,6,10,7,13,8,6,10,11,17,19,10,9,17,11,31,17,19,16,14,20,21,21,22,26,22,20,21,20,22,29,10,14,18,20,26,12,12,20,14,17,13,10,20,11,16,10,11,6,9,4,9,9,5,8,4,6,5,3,3,3,2,6,3,5,7,4,3,3,1,1,1,3,3,2,3,1,1,1,0,1,1,1,1,1,0,3,1,0,0,0,1,0,0,0,0,0,0,0,0,0,0,0,1,0,1,0,0,0,0,0,0,0,0,1,0,0,0,0,0,0,0,0,0,0,0,1,0,0,1,0,0,0,0,0,0,0,0,0,0,0,0,0,0,0,0,0,0,0,0,0,0,0,0,0,0,0,0,0,0,0,0,0,0,0,0,0,0,0,0,0,0,0,0,0,0,0,0,0,0,0,0,0
3,0,2,1,0,0,2,1,0,0,0,3,2,1,3,5,5,3,2,13,3,9,3,17,5,13,16,17,10,12,18,11,22,22,17,14,8,18,16,23,19,20,19,24,17,16,20,19,20,18,17,20,14,11,15,20,28,14,23,14,17,18,9,8,12,9,5,5,7,7,9,5,7,5,6,5,9,0,3,3,6,7,3,2,1,3,3,2,3,2,0,1,4,1,2,2,2,1,2,1,3,0,1,0,0,1,2,1,1,0,0,0,0,0,0,0,0,0,0,2,1,0,0,1,0,0,0,0,0,0,0,0,0,0,0,0,0,1,1,0,0,0,0,0,0,0,0,0,0,0,0,0,0,0,0,0,0,0,0,0,0,0,0,0,0,0,0,1,0,0,0,0,0,0,0,0,0,0,0,0,0,0,0,0,0,0,0,0,0,0,0,0,0,0,0,0,0,0,0,0
0,1,0,2,2,2,0,2,1,0,2,3,3,1,2,7,5,6,0,9,5,11,5,10,8,11,11,17,16,8,11,18,25,15,17,19,19,23,19,12,17,15,16,19,13,20,18,16,15,21,12,18,15,10,14,11,20,17,19,21,18,6,15,6,10,19,6,9,12,8,8,7,10,13,3,5,8,1,4,3,3,6,2,1,2,4,2,5,0,1,1,2,6,1,2,1,0,2,1,3,0,0,1,0,0,2,0,0,0,0,0,0,0,1,0,0,0,1,0,0,0,0,0,0,1,0,0,0,0,1,0,0,0,0,0,0,0,0,0,0,0,0,0,0,0,0,0,0,0,0,0,0,0,0,0,0,0,0,0,0,0,0,0,0,0,0,0,0,0,0,0,0,0,0,0,0,0,0,0,0,0,0,0,0,0,0,0,0,0,0,0,0,0,0,0,0,0,0,0,0
3,0,1,0,5,3,0,1,0,0,3,2,3,1,1,5,3,4,3,7,1,8,9,5,6,7,11,19,12,10,12,13,17,10,20,22,14,22,12,23,23,20,23,19,22,21,11,22,10,19,20,15,24,14,17,15,13,15,13,8,17,8,16,10,5,10,10,4,7,3,11,6,7,8,8,3,9,12,4,8,4,1,0,7,2,5,1,1,3,1,2,1,3,2,2,1,3,1,1,0,0,0,1,2,0,2,2,0,0,0,0,0,0,1,0,0,0,0,0,1,0,0,1,0,0,0,0,0,0,0,0,0,0,0,0,0,0,0,0,0,0,0,0,0,0,0,0,0,0,0,0,0,0,0,0,0,0,0,0,0,0,0,0,0,0,0,0,0,0,0,0,0,0,0,0,0,0,0,0,0,0,0,0,0,0,0,0,0,0,0,0,0,0,0,0,0,0,0,0,0
0,1,0,0,2,0,1,2,1,2,0,5,3,2,1,4,8,5,10,6,5,10,4,15,11,4,11,11,6,10,19,17,21,13,17,20,15,12,14,23,28,24,12,24,22,23,24,19,19,11,16,11,14,20,16,9,15,5,21,15,13,9,12,5,10,6,14,10,8,3,7,11,6,7,6,6,6,4,4,0,4,2,4,4,3,0,1,5,5,1,4,3,1,5,0,0,1,0,2,2,1,3,1,1,0,0,0,0,0,1,0,1,1,1,2,0,0,0,0,0,0,0,0,0,0,0,1,1,2,0,0,0,0,0,0,0,0,0,0,0,0,0,0,0,0,0,0,0,0,0,0,0,0,0,0,0,0,0,0,0,0,0,0,0,0,0,0,0,0,0,0,0,0,0,0,0,0,0,0,0,0,0,0,0,0,0,0,0,0,0,0,0,0,0,0,0,0,0,0,0
1,0,1,1,1,1,1,0,3,2,0,2,1,0,2,5,5,3,3,9,7,11,8,6,6,10,22,11,13,11,13,11,23,12,14,14,13,15,12,15,11,23,17,18,21,20,17,17,18,26,11,11,16,21,17,18,11,8,14,15,12,15,8,10,11,6,6,14,5,3,9,7,5,2,6,6,2,4,3,6,3,3,2,2,2,2,3,3,0,0,1,3,1,2,3,3,1,0,1,0,1,1,1,0,1,0,0,0,0,0,0,1,0,0,1,0,0,2,0,0,0,0,0,0,1,0,0,0,0,0,0,0,0,0,0,0,0,0,0,0,0,0,0,0,0,0,0,0,0,0,0,0,0,0,0,0,0,0,0,0,0,0,0,0,0,0,0,0,0,0,0,0,0,0,0,0,0,0,0,0,0,0,0,0,0,0,0,0,0,0,0,0,0,0,0,0,0,0,0,0
1,0,0,0,0,0,1,1,2,0,3,4,1,2,2,7,1,3,5,9,4,3,10,11,13,10,14,9,9,7,9,14,19,10,21,19,6,11,14,26,15,23,14,14,14,12,11,14,15,16,14,19,14,16,10,8,15,16,21,14,14,9,13,12,4,8,5,5,11,11,4,4,3,4,5,7,5,6,5,5,3,2,1,3,4,5,5,1,0,5,3,0,3,0,0,0,3,0,1,0,2,0,1,0,2,0,0,1,1,0,0,2,2,0,0,0,0,0,0,1,0,0,0,1,0,1,0,0,0,0,0,0,0,0,0,0,0,0,0,0,0,0,0,0,0,0,0,0,0,0,0,0,0,0,0,0,0,0,0,0,0,0,0,0,0,0,0,0,0,0,0,0,0,0,0,0,0,0,0,0,0,0,0,0,0,0,0,0,0,0,0,0,0,0,0,0,0,0,0,0
1,1,0,2,1,1,0,1,0,1,0,2,1,2,1,3,3,4,2,3,7,5,7,11,9,9,13,13,19,10,10,8,25,16,15,22,20,17,19,16,13,21,16,17,17,21,16,13,13,10,17,15,24,11,12,18,14,18,10,16,5,11,6,4,9,10,11,8,7,7,8,6,5,2,5,6,5,7,5,4,3,1,1,3,1,2,4,2,2,4,2,1,2,2,0,3,0,1,1,0,0,0,0,0,0,0,0,1,0,0,0,0,1,1,0,0,0,1,0,0,0,0,1,0,0,0,0,1,0,0,0,0,0,0,0,0,0,0,0,1,0,0,0,0,0,0,0,0,0,0,0,0,0,0,0,0,0,0,0,0,0,0,0,0,0,0,0,0,0,0,0,0,0,0,0,0,0,0,0,0,0,0,0,0,0,0,0,0,0,0,0,0,0,0,0,0,0,0,0,0
1,2,0,2,0,5,1,0,0,1,2,1,0,3,4,5,4,6,3,11,5,11,7,6,7,11,9,12,6,13,5,8,21,9,13,20,11,14,18,18,18,24,7,18,15,16,17,14,8,17,10,15,17,14,10,18,10,16,8,15,16,9,7,6,10,2,10,2,10,3,3,9,3,4,4,6,5,5,5,3,5,3,1,4,3,0,1,2,1,1,1,3,1,3,0,0,0,0,0,0,1,0,0,0,0,2,0,1,1,0,0,1,0,0,0,0,1,0,0,0,0,0,0,0,0,0,0,0,0,0,1,0,0,0,0,0,0,1,0,0,0,0,0,0,1,0,0,0,0,0,0,0,0,0,0,0,0,0,0,0,0,0,0,0,0,0,0,0,0,0,0,0,0,0,0,0,0,0,0,0,0,0,0,0,0,0,0,0,0,0,0,0,0,0,0,0,0,0,0,0
0,2,0,1,2,1,0,0,1,2,2,5,0,2,4,5,4,6,9,7,5,9,10,9,11,7,16,19,8,11,9,13,19,13,10,12,17,12,14,12,16,25,16,16,12,16,7,12,11,10,15,8,10,11,16,18,11,7,12,7,13,8,5,8,9,5,8,12,7,5,5,8,3,7,3,0,5,3,5,4,4,4,6,5,2,1,3,3,2,2,2,1,2,3,2,2,2,0,1,1,3,0,0,0,1,0,1,0,0,1,0,1,1,0,0,0,1,0,1,0,0,0,0,0,0,0,0,0,0,0,0,0,1,0,0,0,1,0,0,0,0,1,0,0,0,0,0,0,0,0,0,0,0,0,0,0,0,0,0,0,0,0,0,0,0,0,0,0,0,0,0,0,0,0,0,0,0,0,0,0,0,0,0,0,0,0,0,0,0,0,0,0,0,0,0,0,0,0,0,0
1,0,1,0,4,1,0,1,3,1,1,1,1,0,1,1,4,3,4,8,5,9,5,12,8,7,11,11,17,16,10,15,26,15,11,17,11,15,18,23,16,14,16,12,20,17,10,14,16,9,20,9,16,15,15,10,16,10,8,12,12,9,10,19,7,6,8,2,11,6,5,4,5,5,6,2,5,0,0,2,4,3,2,3,0,3,5,3,3,3,3,3,2,4,0,2,2,0,0,0,2,3,1,1,1,0,0,0,1,0,0,0,1,2,0,3,0,0,0,0,1,0,0,0,0,0,0,0,0,0,0,0,0,0,0,0,0,0,0,0,0,0,0,0,0,0,0,0,0,0,0,0,0,0,0,0,0,0,0,0,0,0,0,0,0,0,0,0,0,0,0,0,0,0,0,0,0,0,0,0,0,0,0,0,0,0,0,0,0,0,0,0,0,0,0,0,0,0,0,0
1,0,0,1,0,3,0,2,1,0,1,2,0,2,5,4,2,5,4,7,6,8,8,5,5,8,10,5,6,7,13,16,13,11,14,14,9,14,12,18,17,15,22,20,15,18,19,13,12,7,15,10,14,8,16,11,12,8,7,19,13,10,9,11,6,8,8,8,2,3,9,3,6,8,3,7,5,4,3,2,2,3,0,6,0,1,3,3,1,1,1,4,1,0,1,1,1,0,0,4,0,0,1,1,1,1,0,1,2,0,0,0,1,0,1,0,0,0,0,1,1,0,0,0,1,2,0,0,0,0,0,0,0,0,0,0,0,1,0,0,0,0,0,0,0,0,0,0,0,0,0,0,0,0,0,0,0,0,0,0,0,0,0,0,0,0,0,0,0,0,0,0,0,0,0,0,0,0,0,0,0,0,0,0,0,0,0,0,0,0,0,0,0,0,0,0,0,0,0,0
0,1,1,1,2,2,0,2,1,0,2,1,1,2,1,5,7,6,1,6,3,8,5,6,12,10,9,11,6,13,11,10,10,10,16,17,11,15,13,14,6,16,16,15,15,17,18,15,14,18,11,6,10,10,9,9,11,10,11,6,14,6,12,10,8,5,3,8,4,9,6,5,5,7,1,2,4,2,0,2,3,4,1,2,5,3,0,2,1,2,1,1,1,3,3,0,1,1,0,1,1,1,0,0,0,1,1,0,1,0,1,0,1,0,1,0,0,0,0,0,0,0,0,0,0,0,1,0,0,0,0,1,0,0,0,0,0,0,0,0,0,0,0,0,0,0,0,0,0,0,0,0,1,0,0,0,0,0,0,0,0,0,0,0,0,0,0,0,0,0,0,0,0,0,0,0,0,0,0,0,0,0,0,0,0,0,0,0,0,0,0,0,0,0,0,0,0,0,0,0
0,0,1,1,2,1,0,2,4,1,0,1,1,3,5,1,7,2,6,7,7,10,7,13,8,8,7,13,4,20,9,11,10,16,14,22,9,11,11,14,15,18,17,17,9,7,16,17,14,14,9,10,18,13,11,10,12,10,10,13,12,4,14,13,10,7,10,6,4,8,5,7,2,6,6,5,7,6,5,5,5,1,5,2,5,2,1,1,0,0,2,4,4,2,2,0,1,0,0,1,1,0,1,2,0,0,2,0,0,0,2,0,1,1,0,0,0,0,0,0,1,0,0,0,0,1,0,0,0,0,0,0,0,0,0,0,0,0,0,0,0,0,0,0,0,0,0,0,0,0,0,0,0,0,0,0,0,0,0,0,0,0,0,0,0,0,0,0,0,0,0,0,0,0,1,0,0,0,0,0,0,0,0,0,0,0,0,0,0,0,0,0,0,0,0,0,0,0,0,0
1,0,0,1,3,2,0,3,3,1,2,1,4,4,0,4,7,4,5,6,3,6,4,10,11,8,11,13,10,10,14,8,8,16,13,19,15,13,12,17,11,22,15,13,8,13,11,19,8,11,20,11,13,7,9,10,13,12,7,8,13,7,6,8,11,11,11,6,7,6,5,7,5,9,9,4,2,5,4,4,2,4,2,2,2,1,2,2,3,1,2,1,0,1,1,1,0,0,0,0,0,0,0,0,1,0,0,0,0,1,0,1,0,0,0,0,0,0,0,0,0,0,0,1,0,0,0,0,0,0,0,0,0,0,1,0,1,0,0,0,0,0,0,0,0,0,0,0,0,0,0,0,0,0,0,0,0,0,0,0,0,0,0,0,0,0,0,0,0,0,0,0,0,0,0,0,0,0,0,0,0,0,0,0,0,0,0,0,0,0,0,0,0,0,0,0,0,0,0,0
1,2,0,1,1,0,0,1,1,1,1,0,2,0,5,6,2,4,6,7,2,12,3,8,8,7,13,11,7,8,9,10,12,17,10,16,11,18,11,12,14,13,9,14,10,19,12,12,14,12,16,12,14,8,11,15,13,9,13,15,8,10,6,9,8,6,4,8,5,5,8,5,4,0,5,2,2,4,7,3,8,3,0,1,3,2,5,2,1,2,1,1,0,2,0,1,0,2,1,0,0,0,1,0,0,0,0,0,0,1,0,0,0,0,0,1,0,0,0,0,1,1,0,0,0,0,0,0,0,0,0,0,0,0,0,1,0,0,0,0,0,0,0,0,0,0,0,0,0,0,0,0,0,0,0,0,0,0,0,0,0,0,0,0,0,0,0,0,0,0,0,0,0,0,0,0,0,0,0,0,0,0,0,0,0,0,0,0,0,0,0,0,0,0,0,0,0,0,0,0
0,2,0,1,0,2,1,1,1,2,0,4,4,0,1,5,4,4,4,2,5,8,6,10,5,8,9,8,8,7,11,6,10,10,8,11,11,8,12,21,12,9,16,16,14,12,15,9,9,10,10,7,22,15,14,7,14,11,10,11,11,9,8,9,8,6,10,4,5,6,5,6,3,7,4,2,6,4,4,3,1,1,6,1,4,3,1,5,0,0,5,3,0,0,0,0,0,1,1,0,0,0,0,0,0,0,0,0,0,0,0,1,0,0,0,0,0,2,0,1,0,0,0,0,1,0,0,0,0,0,0,0,0,0,0,0,0,0,0,0,0,0,0,0,0,0,0,0,0,0,0,0,0,0,0,0,0,0,0,0,0,0,0,0,0,0,0,0,0,0,0,0,0,0,0,0,0,0,0,0,0,0,0,0,0,0,0,0,0,0,0,0,0,0,0,0,0,0,0,0
0,3,1,0,1,0,0,2,1,0,0,5,1,1,1,1,5,2,6,7,1,9,2,8,11,18,12,10,13,17,8,6,9,12,9,17,17,13,11,20,9,15,11,12,12,8,11,17,16,7,14,8,11,8,13,15,9,4,6,9,8,10,10,10,7,9,8,6,9,5,7,1,2,7,3,3,2,3,6,2,0,2,5,2,1,4,1,2,2,2,2,0,0,1,2,0,1,0,0,2,0,2,0,2,1,0,1,0,0,0,0,2,0,0,0,0,0,0,1,0,0,0,0,0,0,0,0,0,0,0,0,0,0,0,0,0,0,0,0,0,0,0,0,0,0,0,0,0,0,0,0,0,0,0,0,0,0,0,0,0,0,0,0,0,0,0,0,0,0,0,0,0,0,0,0,0,0,0,0,0,0,0,0,0,0,0,0,0,0,0,0,0,0,0,0,0,0,0,0,0
0,0,0,1,1,0,0,2,2,2,1,3,1,5,2,3,2,5,1,8,2,4,6,6,4,4,9,7,5,10,14,9,14,7,13,12,14,6,18,12,9,24,18,14,13,16,12,15,12,11,16,16,9,10,15,10,8,7,8,5,8,8,1,4,8,8,4,7,9,11,8,5,5,2,5,4,4,3,4,2,3,1,2,6,2,6,1,1,0,0,2,0,0,0,2,0,0,2,0,0,0,1,0,0,0,0,1,0,0,0,0,0,0,0,0,0,0,0,0,0,0,1,0,0,1,0,0,0,0,0,1,0,0,0,0,0,0,0,0,0,0,0,0,0,0,0,0,0,0,1,0,0,0,0,0,0,0,0,0,0,0,0,0,0,0,0,0,0,0,0,0,0,0,0,0,0,0,0,0,0,0,0,0,0,0,0,0,0,0,0,0,0,0,0,0,0,0,0,0,0
0,0,0,2,1,1,0,1,0,4,1,2,1,4,3,2,2,1,2,6,3,12,6,2,7,5,17,12,9,9,6,10,9,10,9,7,12,14,8,8,13,14,4,22,8,15,8,7,9,6,14,10,12,19,5,7,13,8,8,8,13,5,2,6,6,8,6,5,6,3,4,3,3,4,4,5,3,2,3,3,2,5,4,1,0,0,4,4,2,2,2,0,1,2,3,0,1,1,0,0,0,0,0,2,0,0,0,1,0,0,1,0,1,0,0,0,0,0,0,0,0,0,0,0,0,0,0,0,0,0,0,0,0,0,0,0,0,0,0,0,0,0,0,0,0,0,0,0,0,0,0,0,0,0,0,0,0,0,0,0,0,0,0,0,1,0,0,0,0,0,0,0,0,0,0,0,0,0,0,0,0,0,0,0,0,0,0,0,0,0,0,0,0,0,0,0,0,0,0,0
1,1,0,1,0,1,0,1,0,2,2,1,0,1,1,1,3,3,7,4,4,9,3,5,6,10,11,7,4,10,12,6,10,4,13,14,9,9,9,14,8,11,10,15,10,15,10,7,7,7,6,6,10,7,9,15,8,15,13,6,12,7,8,9,5,12,3,7,2,2,3,3,5,3,2,1,6,4,4,3,2,1,0,1,4,0,2,2,3,0,1,1,0,1,2,0,2,1,0,0,0,0,0,0,0,0,0,0,0,0,0,0,0,0,0,0,0,0,0,0,0,0,0,1,0,0,0,0,0,0,0,0,0,1,0,0,0,0,0,0,0,0,0,0,0,0,0,0,0,0,0,0,0,0,0,0,0,0,0,0,0,0,0,0,0,0,0,0,0,0,0,0,0,0,0,0,0,0,0,0,0,0,0,0,0,0,0,0,0,0,0,0,0,0,0,0,0,0,0,0
0,1,0,1,1,0,0,3,3,0,0,1,2,2,0,4,1,2,7,6,6,2,8,3,5,2,8,6,7,11,9,13,8,9,6,10,9,8,6,11,10,12,11,12,11,8,17,8,14,13,6,4,11,7,8,6,11,8,9,10,11,5,9,11,6,5,7,10,4,5,6,4,4,2,4,3,4,2,2,2,1,4,0,0,1,1,3,2,1,0,0,1,0,2,1,0,0,0,0,0,0,0,2,1,0,0,0,0,0,1,0,0,0,1,0,1,0,0,0,0,0,0,0,1,0,0,0,0,0,0,0,0,1,0,0,0,0,0,0,0,1,0,0,0,0,0,0,0,0,0,0,0,0,0,0,0,0,0,0,0,0,0,0,0,0,0,0,0,0,0,0,0,0,0,0,0,0,0,0,0,0,0,0,0,0,0,0,0,0,0,0,0,0,0,0,0,0,0,0,0
2,1,0,0,2,1,0,0,0,1,0,0,1,1,2,2,0,2,4,3,4,8,6,6,5,9,7,11,6,12,7,11,9,10,9,10,12,7,16,15,9,10,13,13,9,9,11,9,8,5,11,13,9,4,4,10,7,9,12,11,10,4,8,6,5,8,10,5,5,4,4,5,3,4,4,1,3,3,1,2,5,0,2,1,0,0,4,2,1,0,2,0,0,1,3,0,1,0,0,0,0,0,0,1,0,0,0,1,2,0,0,0,0,1,0,0,0,0,0,0,0,0,0,0,1,0,0,0,0,0,0,0,0,0,0,0,0,0,0,0,0,0,0,0,0,0,0,0,0,0,0,0,0,0,0,0,0,0,0,0,0,0,0,0,0,0,0,0,0,0,0,0,0,0,0,0,0,0,0,0,0,0,0,0,0,0,0,0,0,0,0,0,0,0,0,0,0,0,0,0
1,0,0,0,1,2,0,1,0,0,0,2,5,3,4,4,2,3,2,6,8,8,6,7,5,10,9,12,6,9,8,4,14,12,16,10,8,9,11,11,8,15,15,5,11,7,8,11,4,5,9,8,14,8,11,8,9,5,6,2,8,12,10,7,6,10,7,6,2,3,3,2,4,3,3,2,2,2,6,3,1,3,2,1,4,3,0,0,1,3,0,1,2,1,0,1,1,1,0,1,0,0,1,0,0,0,0,0,0,0,0,0,0,0,0,0,0,0,1,0,0,1,0,0,0,0,0,0,0,0,0,0,0,0,0,0,0,0,1,0,0,0,0,0,0,0,0,0,0,1,0,0,0,0,0,0,0,0,0,0,0,0,0,0,0,0,0,0,0,0,0,0,0,0,0,0,0,0,0,0,0,0,0,0,0,0,0,0,0,0,0,0,0,0,0,0,0,0,0,0
0,1,0,1,1,2,1,1,0,1,0,0,1,0,1,0,2,2,6,4,4,3,4,3,6,4,4,7,8,11,13,11,13,11,13,8,6,9,5,13,11,7,10,10,11,10,7,13,13,6,11,12,9,10,14,6,5,7,9,8,6,8,3,10,1,4,3,6,2,5,3,1,5,2,5,4,3,4,1,5,4,1,0,4,0,0,2,1,2,0,2,2,1,0,2,0,1,2,1,0,1,0,0,0,0,0,1,0,0,1,0,0,0,0,0,0,0,1,0,0,0,0,0,0,0,0,0,0,0,0,1,0,0,0,0,0,0,0,0,0,0,0,0,0,0,0,0,0,0,0,0,0,0,0,0,0,0,0,0,0,0,0,0,0,0,0,0,0,0,0,0,0,0,0,0,0,0,0,0,0,0,0,0,0,0,0,0,0,0,0,0,0,0,0,0,0,0,0,0,0
1,1,0,2,0,2,0,3,1,0,0,2,0,1,0,1,4,3,3,4,2,5,6,7,3,5,8,5,8,10,5,11,9,10,7,10,12,7,10,9,15,10,11,17,13,6,5,9,7,7,6,8,10,10,6,14,4,6,8,10,9,4,3,7,3,8,4,4,5,7,3,1,3,1,3,4,2,4,8,4,1,1,2,0,3,2,1,1,2,4,1,0,1,1,0,1,0,0,0,0,0,0,0,0,0,0,1,0,1,0,0,0,2,1,0,0,1,0,1,0,0,0,0,0,0,0,0,0,0,0,0,0,0,0,0,0,0,0,0,0,0,0,0,0,0,0,0,0,0,0,0,0,0,0,0,0,0,0,0,0,0,0,0,0,0,0,0,0,0,0,0,0,0,0,0,0,0,0,0,0,0,0,0,0,0,0,0,0,0,0,0,0,0,0,0,0,0,0,0,0
0,1,1,0,1,2,1,1,0,1,1,2,0,1,1,4,4,3,4,3,3,5,3,3,5,4,7,10,3,9,10,7,18,13,9,6,10,7,6,8,10,8,7,9,7,13,9,11,10,12,3,7,5,7,1,7,8,4,7,4,7,8,6,2,8,7,5,5,5,4,0,4,5,2,6,2,1,8,2,3,1,2,1,3,3,1,5,1,0,1,0,0,0,3,2,0,0,0,0,3,1,0,0,1,0,0,0,0,0,0,0,0,0,0,0,0,0,0,0,0,0,0,0,0,0,0,0,0,0,0,0,0,0,0,0,0,0,0,0,0,0,0,0,0,0,0,0,0,0,0,0,0,0,0,0,0,0,0,0,0,0,0,0,0,0,0,0,0,0,0,0,0,0,0,0,0,0,0,0,0,0,0,0,0,0,0,0,0,0,0,0,0,0,0,0,0,0,0,0,0
0,2,1,1,1,1,0,0,0,2,1,2,3,1,2,3,6,2,4,6,4,2,4,2,6,4,5,5,7,9,9,4,7,11,8,9,11,11,4,9,10,13,16,10,11,11,2,13,3,8,6,6,11,5,14,5,6,13,13,4,3,8,7,5,10,8,3,3,7,2,4,4,2,4,3,1,0,1,3,3,0,3,2,1,2,1,2,1,2,1,2,2,2,3,0,0,1,2,0,1,1,0,0,0,0,1,1,0,0,0,0,0,1,0,0,0,0,2,0,0,0,0,0,0,0,0,0,0,0,0,0,0,0,0,0,0,0,0,0,0,0,0,0,0,0,0,0,0,0,0,0,0,0,0,0,0,0,0,0,0,0,0,0,0,0,0,0,0,0,0,0,0,0,0,0,0,0,0,0,0,0,0,0,0,0,0,0,0,0,0,0,0,0,0,0,0,0,0,0,0
0,0,0,2,0,1,0,1,0,0,0,1,1,2,0,2,4,1,1,3,5,11,4,6,6,5,5,12,5,5,8,5,8,9,7,16,10,8,13,10,12,5,12,9,9,10,9,15,6,6,16,7,7,7,11,6,5,6,9,10,12,8,4,4,4,7,2,5,3,3,1,4,2,4,0,2,4,2,3,3,1,3,2,2,1,0,3,0,2,0,0,0,0,1,1,1,0,1,0,1,3,1,0,0,0,1,0,0,0,0,0,0,0,1,0,0,0,0,0,0,0,0,0,0,0,1,0,0,0,0,0,0,0,0,0,0,1,0,0,0,0,0,0,0,0,0,0,0,0,0,0,0,0,0,0,0,0,0,0,0,0,0,0,0,0,0,0,0,0,0,0,0,0,0,0,0,0,0,0,0,0,0,0,0,0,0,0,0,0,0,0,0,0,0,0,0,0,0,0,0
0,2,0,4,1,0,2,0,1,1,0,1,2,4,1,4,2,2,6,6,3,9,4,9,1,5,9,9,9,3,6,6,13,10,8,9,11,7,10,6,13,11,11,11,13,9,3,12,14,8,6,9,3,1,6,8,13,8,6,6,3,8,5,4,7,3,4,3,2,3,5,4,1,1,2,2,4,5,3,2,2,0,4,2,0,1,0,0,2,2,2,1,1,1,3,3,0,1,0,2,0,1,1,0,0,0,1,2,0,1,0,0,0,0,0,0,0,0,1,0,0,0,0,0,0,0,0,0,0,0,0,0,0,0,0,0,0,0,0,0,0,0,0,0,0,0,0,0,0,0,0,0,0,0,0,0,0,0,0,0,0,0,0,0,0,0,0,0,0,0,0,0,0,0,0,0,0,0,0,0,0,0,0,0,0,0,0,0,0,0,0,0,0,0,0,0,0,0,0,0
0,0,0,1,1,3,0,1,1,0,2,1,0,0,0,2,0,3,3,5,3,4,7,5,5,8,6,4,8,4,4,13,12,12,12,8,10,10,9,11,8,19,6,7,3,13,11,9,8,4,8,4,14,5,8,7,9,6,6,4,5,5,5,3,5,6,2,10,3,6,6,3,0,0,2,2,1,3,5,0,3,0,1,0,0,0,1,0,0,0,1,3,0,0,0,1,0,1,0,0,0,1,0,1,0,0,0,1,0,1,0,0,0,0,0,0,0,0,1,0,0,0,0,0,0,0,0,0,0,0,0,0,0,0,0,0,0,0,0,0,0,1,0,0,0,0,0,0,0,0,0,0,0,0,0,0,0,0,0,0,0,0,0,0,0,0,0,0,0,0,0,0,0,0,0,0,0,0,0,0,0,0,0,0,0,0,0,0,0,0,0,0,0,0,0,0,0,0,0,0
0,2,0,2,0,0,0,1,3,0,0,1,1,1,1,2,4,0,2,5,3,6,2,4,11,0,7,10,6,11,8,12,11,6,9,11,8,11,7,10,10,12,7,8,3,11,3,17,6,9,9,4,8,12,11,9,5,1,4,1,2,5,6,2,4,10,5,1,3,4,4,2,2,3,4,1,2,0,0,2,0,1,2,2,1,0,1,1,0,1,1,2,4,2,0,0,0,0,0,0,1,0,0,1,0,1,1,1,0,1,0,1,0,0,0,0,0,0,1,0,1,0,0,0,0,1,0,0,0,0,2,0,2,1,0,0,0,0,0,0,0,0,0,0,0,0,0,0,0,0,0,0,0,0,0,0,0,0,0,0,0,0,0,0,0,0,0,0,0,0,0,0,0,0,0,0,0,0,0,0,0,0,0,0,0,0,0,0,0,0,0,0,0,0,0,0,0,0,0,0
0,1,0,0,0,0,0,1,2,0,0,2,0,2,0,1,4,2,3,3,1,4,1,4,5,7,8,6,6,11,6,2,4,7,9,5,5,8,6,11,14,10,8,14,4,9,8,15,6,8,12,8,10,8,5,8,3,17,6,5,5,3,4,4,6,5,2,3,2,2,2,3,2,3,5,2,3,5,2,3,3,1,2,0,1,3,0,0,0,0,1,0,0,0,2,1,0,0,0,2,1,0,1,0,1,0,0,0,0,0,0,0,0,1,0,0,0,0,1,0,1,0,0,0,0,0,0,0,0,0,0,0,0,0,0,0,0,0,0,0,0,0,0,0,0,0,0,0,0,0,0,0,0,0,0,0,0,0,0,0,0,0,0,0,0,0,0,0,0,0,0,0,0,0,0,0,0,0,0,0,0,0,0,0,0,0,0,0,0,0,0,0,0,0,0,0,0,0,0,0
0,2,0,1,1,1,0,2,1,0,1,3,0,1,2,1,4,1,1,5,4,8,5,3,1,8,4,7,7,10,5,5,11,8,6,8,2,10,12,12,4,13,11,6,4,6,3,6,9,8,6,5,8,7,7,7,9,4,0,5,5,5,4,7,10,3,4,3,1,4,3,2,4,8,1,0,4,1,0,2,0,0,1,3,1,0,0,0,0,2,1,0,1,2,0,1,0,1,0,0,0,0,1,1,0,0,0,1,0,1,0,0,0,0,1,0,0,0,0,0,0,0,0,0,0,0,0,0,0,0,0,0,0,0,0,0,0,0,0,0,0,0,0,0,0,0,0,0,0,0,0,0,0,0,0,0,0,0,0,0,0,0,0,0,0,0,0,0,0,0,0,0,0,0,0,0,0,0,0,0,0,0,0,0,0,0,0,0,0,0,0,0,0,0,0,0,0,0,0,0
1,1,0,0,0,0,0,1,0,0,1,3,0,0,2,6,5,1,3,6,5,1,3,7,5,3,13,7,1,6,7,8,5,9,4,12,6,4,6,11,3,8,5,10,5,12,7,11,4,5,12,5,10,7,8,10,7,3,3,4,5,6,6,5,6,1,7,2,6,6,3,1,3,4,2,3,1,0,1,1,5,2,1,3,2,0,1,1,2,1,0,1,2,1,0,0,0,0,0,0,0,1,0,0,0,1,0,1,0,0,0,0,0,0,0,0,0,0,0,0,0,0,0,0,1,0,0,0,0,0,0,0,0,0,0,0,0,0,0,0,0,0,0,0,0,0,0,0,0,0,0,0,0,0,0,0,0,0,0,0,0,0,0,0,0,0,0,0,0,0,0,0,0,0,0,0,0,0,0,0,0,0,0,0,0,0,0,0,0,0,0,0,0,0,0,0,0,0,0,0
0,2,0,0,0,0,0,0,0,1,0,3,0,1,1,2,2,2,4,3,2,1,4,5,3,2,11,7,3,9,8,5,5,5,11,3,6,7,2,4,3,8,8,4,6,11,9,15,6,6,10,9,5,4,8,5,3,9,5,8,6,0,4,3,6,5,6,2,0,5,3,4,2,4,2,2,2,2,0,2,2,1,1,1,2,1,1,1,0,0,0,1,1,0,0,0,1,1,0,1,0,1,0,0,0,0,0,0,1,1,0,0,0,0,0,0,0,0,0,0,0,0,0,0,0,0,0,0,0,0,0,0,0,0,0,0,0,0,0,0,0,0,0,0,0,0,0,0,0,0,0,0,0,0,0,0,0,0,0,0,0,0,0,0,0,0,0,0,0,0,0,0,0,0,0,0,0,0,0,0,0,0,0,0,0,0,0,0,0,0,0,0,0,0,0,0,0,0,0,0
0,0,0,0,1,0,0,1,1,1,1,0,0,1,4,0,5,1,4,3,3,3,5,1,5,9,4,7,9,7,6,6,13,3,12,8,1,8,6,10,10,14,14,10,7,7,5,11,4,2,8,4,2,6,7,5,10,6,7,6,10,6,1,1,7,3,3,4,5,3,4,1,5,3,4,2,1,2,0,1,2,1,2,1,0,1,2,0,3,0,1,0,0,1,0,0,1,0,0,0,0,1,1,0,0,0,0,0,0,0,0,0,0,0,1,0,0,0,0,0,0,0,0,0,0,0,0,0,0,0,0,0,0,0,0,0,0,0,0,0,0,0,0,0,0,0,0,0,0,0,0,0,0,0,0,0,0,0,0,0,0,0,0,0,0,0,0,0,0,0,0,0,0,0,0,0,0,0,0,0,0,0,0,0,0,0,0,0,0,0,0,0,0,0,0,0,0,0,0,0
0,1,0,2,1,1,0,1,0,0,3,2,2,0,1,5,4,0,7,4,0,4,3,1,10,2,4,5,5,5,8,10,8,10,3,6,4,7,8,7,12,5,5,8,9,8,11,7,6,4,7,8,2,7,5,6,10,1,6,6,7,5,5,3,4,2,3,2,3,4,1,3,5,5,1,3,2,0,3,0,2,1,1,1,1,1,1,0,1,0,1,0,0,0,1,1,0,0,0,1,0,0,0,0,0,0,0,0,1,0,0,0,0,0,0,0,0,0,0,0,0,0,0,0,0,0,0,0,0,0,0,0,0,0,0,0,0,0,0,0,0,0,0,0,0,0,0,0,0,0,0,0,0,0,0,0,0,0,0,0,0,0,0,0,0,0,0,0,0,0,0,0,0,0,0,0,0,0,0,0,0,0,0,0,0,0,0,0,0,0,0,0,0,0,0,0,0,0,0,0
0,5,0,0,0,0,0,1,0,0,1,5,3,1,1,1,2,4,2,2,2,2,1,4,5,2,6,7,3,10,7,9,3,5,4,6,3,4,15,12,7,5,7,10,11,7,7,10,7,4,1,5,8,6,4,4,4,2,5,4,5,4,6,4,6,6,7,3,3,4,2,3,1,8,3,2,2,4,5,1,1,1,0,0,2,0,3,0,0,0,1,1,0,0,1,0,0,0,0,0,2,1,0,1,0,0,0,0,0,0,0,0,0,0,0,0,0,0,1,0,0,0,0,0,0,0,0,0,0,0,0,0,0,0,0,0,0,0,0,0,0,0,0,0,0,0,0,0,0,0,0,0,0,0,0,0,0,0,0,0,0,0,0,0,0,0,0,0,0,0,0,0,0,0,0,0,0,0,0,0,0,0,0,0,0,0,0,0,0,0,0,0,0,0,0,0,0,0,0,0
2,0,0,1,1,0,0,1,0,0,0,2,2,0,0,3,1,1,4,3,2,4,3,4,6,3,3,3,5,3,5,1,8,4,9,5,11,5,9,7,10,5,3,5,7,6,10,7,7,7,5,6,2,2,4,5,4,5,8,9,7,5,10,3,1,5,4,6,1,3,0,3,4,3,1,1,1,1,3,0,1,2,2,1,0,1,2,0,0,1,1,0,2,1,1,1,0,1,0,0,0,0,0,0,0,1,0,0,0,0,0,0,0,0,0,0,0,0,0,0,0,0,0,0,0,0,0,0,0,0,0,1,0,0,0,0,0,0,0,0,0,0,0,0,0,0,0,0,0,0,0,0,0,0,0,0,0,0,0,0,0,0,0,0,0,0,0,0,0,0,0,0,0,0,0,0,0,0,0,0,0,0,0,0,0,0,0,0,0,0,0,0,0,0,0,0,0,0,0,0
0,1,1,0,0,0,0,1,0,0,2,0,1,1,0,0,1,3,2,4,0,3,3,8,6,2,6,10,4,6,10,3,9,4,5,8,7,4,6,2,8,9,7,6,10,7,6,12,6,3,2,2,3,10,4,10,2,9,7,2,5,6,3,5,1,4,2,0,2,5,3,3,1,2,2,3,2,3,1,2,2,3,0,0,2,1,0,1,1,0,1,1,0,1,1,0,0,0,0,0,0,0,0,0,0,0,0,0,1,0,0,1,0,0,0,0,0,1,0,0,0,0,0,0,0,0,0,0,0,0,0,0,0,0,0,0,0,0,0,0,0,0,0,0,0,0,0,0,0,0,0,0,0,0,0,0,0,0,0,0,0,0,0,0,0,0,0,0,0,0,0,0,0,0,0,0,0,0,0,0,0,0,0,0,0,0,0,0,0,0,0,0,0,0,0,0,0,0,0,0
0,1,0,0,0,0,0,1,1,0,0,2,0,1,0,2,2,1,4,2,0,0,1,3,1,1,8,8,3,4,3,7,8,7,6,8,8,8,8,13,5,7,5,10,8,7,11,13,6,8,11,5,6,4,4,5,6,8,6,5,6,5,3,6,2,1,4,3,3,1,3,2,2,3,1,1,1,1,2,5,0,2,1,0,3,1,1,1,0,0,1,2,0,1,1,0,0,0,0,0,0,0,1,1,0,0,1,0,0,0,0,0,0,0,0,0,0,1,0,0,0,0,0,0,0,0,0,1,0,0,0,0,0,0,0,0,0,0,0,0,0,0,0,0,0,0,0,0,0,0,0,0,0,0,0,0,0,0,0,0,0,0,0,0,0,0,0,0,0,0,0,0,0,0,0,0,0,0,0,0,0,0,0,0,0,0,0,0,0,0,0,0,0,0,0,0,0,0,0,0
0,0,0,2,0,0,0,0,0,1,0,2,2,1,1,2,1,2,0,3,4,3,3,4,2,4,3,4,7,3,5,4,6,5,8,7,3,4,7,5,5,2,5,8,8,5,7,8,4,9,2,6,6,1,7,6,6,4,7,4,2,7,5,3,5,1,3,3,2,4,4,5,2,2,5,1,2,2,2,0,1,4,3,1,0,0,0,0,0,0,1,1,0,0,0,0,0,0,0,0,0,0,0,0,0,0,0,1,0,1,0,1,0,0,0,0,0,0,0,0,0,0,1,0,0,0,0,0,0,0,0,0,0,0,0,0,0,0,0,0,1,0,0,0,0,0,0,0,0,0,0,0,0,0,0,0,0,0,0,0,0,0,0,0,0,0,0,0,0,0,0,0,0,0,0,0,0,0,0,0,0,0,0,0,0,0,0,0,0,0,0,0,0,0,0,0,0,0,0,0
0,0,0,1,0,1,0,0,1,0,0,0,1,0,0,2,4,2,1,1,3,3,5,3,4,6,4,3,5,4,4,4,5,7,7,9,3,11,6,6,9,7,6,7,4,6,3,3,9,8,6,3,1,6,4,4,7,5,5,5,3,5,4,5,2,4,2,2,5,4,2,2,2,2,3,1,5,2,2,0,1,0,0,3,1,1,1,1,1,1,1,1,1,1,0,2,0,0,0,1,0,0,1,0,0,0,0,1,0,0,0,0,0,0,0,0,0,0,0,0,0,1,0,0,0,0,0,0,0,0,0,0,0,0,0,0,0,0,0,0,0,0,0,0,0,0,0,0,0,0,0,0,0,0,0,0,0,0,0,0,0,0,0,0,0,0,0,0,0,0,0,0,0,0,0,0,0,0,0,0,0,0,0,0,0,0,0,0,0,0,0,0,0,0,0,0,0,0,0,0
0,0,0,1,0,1,0,2,1,0,0,2,0,0,0,2,5,5,3,3,0,4,1,1,8,6,5,3,2,5,4,6,5,4,7,3,7,6,7,3,9,7,8,5,7,6,4,8,2,8,2,4,5,7,7,6,1,2,4,3,5,4,5,4,2,1,3,5,2,0,4,2,2,2,2,1,2,1,0,3,1,0,1,1,1,0,1,3,0,1,2,1,1,0,0,0,1,0,1,0,0,0,0,0,0,0,0,0,0,1,1,1,0,0,0,0,0,0,0,0,0,0,0,0,0,0,0,0,0,0,0,0,0,0,0,0,0,0,0,0,0,0,0,0,0,0,0,0,0,0,0,0,0,0,0,0,0,0,0,0,0,0,0,0,0,0,0,0,0,0,0,0,0,0,0,0,0,0,0,0,0,0,0,0,0,0,0,0,0,0,0,0,0,0,0,0,0,0,0,0
0,0,0,2,1,1,0,2,2,0,2,1,0,0,1,0,4,1,0,3,5,6,2,3,6,1,2,10,4,6,3,5,13,9,6,4,5,7,1,5,7,4,6,6,6,6,5,7,3,4,5,8,6,4,4,4,4,5,5,3,3,3,2,1,2,3,1,4,5,9,4,2,3,0,2,2,1,0,1,0,4,1,1,0,0,1,1,0,1,0,1,3,1,0,0,0,0,0,0,0,0,1,0,1,0,0,0,0,0,0,0,0,0,0,0,0,0,0,0,0,0,0,0,0,1,0,0,0,0,0,0,0,0,0,0,0,0,0,0,0,0,0,0,0,0,0,0,0,0,0,0,0,0,0,0,0,0,0,0,0,0,0,0,0,0,0,0,0,0,0,0,0,0,0,0,0,0,0,0,0,0,0,0,0,0,0,0,0,0,0,0,0,0,0,0,0,0,0,0,0
3,0,0,0,0,0,1,1,0,0,1,4,1,1,0,3,5,2,2,0,2,2,0,1,1,5,4,4,5,4,5,2,7,5,8,5,9,3,9,9,4,9,10,6,5,3,4,1,6,2,1,5,3,7,4,3,6,5,8,6,2,7,0,8,2,3,2,5,1,4,1,0,2,1,0,3,2,1,0,1,0,1,0,1,0,1,0,0,2,0,1,0,0,0,0,0,1,0,1,0,0,0,0,0,1,0,0,0,0,0,1,0,0,0,0,0,0,0,0,0,0,0,0,0,0,0,0,0,0,0,0,0,0,0,0,0,0,0,0,0,0,0,0,0,0,0,0,0,0,0,0,0,0,0,0,0,0,0,0,0,0,0,0,0,0,0,0,0,0,0,0,0,0,0,0,0,0,0,0,0,0,0,0,0,0,0,0,0,0,0,0,0,0,0,0,0,0,0,0,0
0,0,0,0,0,0,0,1,1,1,2,2,1,2,1,4,3,0,1,2,3,2,5,4,7,2,1,5,3,4,5,7,11,8,3,1,4,9,3,10,4,9,4,7,5,3,4,8,7,3,2,2,4,2,7,7,7,3,2,2,6,5,4,1,4,5,4,3,4,2,1,3,1,2,1,0,1,1,1,0,1,0,1,1,0,1,0,0,0,0,0,0,1,0,0,1,0,0,0,0,0,0,0,0,0,0,0,0,0,0,0,0,0,0,0,0,0,0,0,0,0,0,0,0,0,0,0,0,0,0,0,0,0,0,0,0,0,0,0,0,0,0,0,0,0,0,0,0,1,0,0,0,0,0,0,0,0,0,0,0,0,0,0,0,0,0,0,0,0,0,0,0,0,0,0,0,0,0,0,0,0,0,0,0,0,0,0,0,0,0,0,0,0,0,0,0,0,0,0,0
0,0,0,0,0,1,0,1,0,0,1,3,1,1,0,1,2,0,3,5,1,3,9,5,5,7,2,5,2,2,3,3,7,4,7,6,4,6,9,10,8,9,8,9,2,3,4,3,9,2,4,2,4,2,4,6,8,1,6,4,7,3,4,4,2,4,2,4,5,0,5,1,2,2,1,4,5,1,0,2,0,4,2,1,0,2,2,0,0,3,0,0,0,2,1,0,0,0,0,0,1,0,1,0,0,0,1,0,0,0,0,0,1,0,0,0,0,0,1,0,0,0,0,0,0,0,0,0,0,0,1,0,0,0,0,0,0,0,0,0,0,0,0,0,0,0,0,0,0,0,0,0,0,0,0,0,0,0,0,0,0,0,0,0,0,0,0,0,0,0,0,0,0,0,0,0,0,0,0,0,0,0,0,0,0,0,0,0,0,0,0,0,0,0,0,0,0,0,0,0
1,0,0,0,1,0,0,0,0,2,0,2,0,0,1,2,4,3,0,4,2,2,2,1,3,2,3,8,4,8,2,7,6,3,5,10,4,5,4,6,5,5,7,6,5,6,6,3,3,6,3,5,5,3,10,8,3,4,3,3,1,3,6,3,1,4,3,1,2,1,2,2,3,1,0,3,1,0,1,0,0,1,2,0,1,0,4,0,1,2,0,1,1,0,0,0,0,0,0,1,0,0,0,2,0,0,0,0,0,0,0,0,0,0,0,0,0,0,0,0,0,0,0,0,0,0,0,0,0,0,0,0,0,0,0,0,0,0,0,0,0,0,0,0,0,0,0,0,0,0,0,0,0,0,0,0,0,0,0,0,0,0,0,0,0,0,0,0,0,0,0,0,0,0,0,0,0,0,0,0,0,0,0,0,0,0,0,0,0,0,0,0,0,0,0,0,0,0,0,0
2,0,0,0,0,2,0,1,0,0,0,1,0,0,0,4,1,3,1,2,3,3,1,2,0,5,1,5,5,1,1,3,3,3,3,2,3,5,6,3,8,7,4,4,4,10,1,1,2,4,5,3,5,4,3,5,2,5,1,7,4,4,3,3,1,2,1,0,2,1,1,3,1,1,1,1,3,6,0,0,1,1,0,0,0,0,0,1,0,0,0,0,0,0,0,1,0,0,0,0,0,0,1,0,1,0,0,0,0,0,0,0,0,0,0,0,0,0,0,0,0,0,0,0,0,1,0,0,0,0,0,0,0,0,0,0,0,0,0,0,0,0,0,0,0,0,0,0,0,0,0,0,0,0,0,0,0,1,0,0,0,0,0,0,0,0,0,0,0,0,0,0,0,0,0,0,0,0,0,0,0,0,0,0,0,0,0,0,0,0,0,0,0,0,0,0,0,0,0,0
0,2,0,0,0,0,0,0,0,1,0,2,0,0,0,2,1,3,4,2,0,4,1,5,1,2,3,1,4,5,6,2,2,13,3,3,5,3,4,6,7,4,6,6,4,4,8,5,1,3,5,5,6,3,2,4,5,4,5,7,4,4,3,3,0,3,2,2,1,3,3,0,0,1,2,1,0,2,1,0,2,0,0,2,0,1,0,0,1,1,0,0,0,0,0,0,0,1,0,0,1,0,0,1,0,1,0,0,0,1,1,0,0,0,0,0,1,0,1,0,0,0,0,0,0,0,0,0,0,0,0,0,0,0,0,0,0,0,0,0,0,0,0,0,0,0,0,0,0,0,0,0,0,0,0,0,0,0,0,0,0,0,0,0,0,0,0,0,0,0,0,0,0,0,0,0,0,0,0,0,0,0,0,0,0,0,0,0,0,0,0,0,0,0,0,0,0,0,0,0
0,1,0,0,0,0,0,1,1,0,1,0,2,2,0,1,1,2,0,1,1,1,1,2,1,4,5,4,4,2,8,4,0,6,4,6,7,5,4,6,4,5,4,5,2,3,3,2,2,1,3,2,3,3,1,5,3,7,2,6,2,1,1,2,0,3,3,0,2,3,4,2,1,2,0,0,0,1,1,3,1,0,1,3,2,0,0,0,0,0,1,2,0,0,0,0,0,0,0,0,0,0,0,0,0,0,0,0,0,0,0,0,0,0,0,0,1,0,0,0,0,0,0,0,0,0,0,0,0,0,0,0,0,0,0,0,0,0,0,0,1,0,0,0,0,0,0,0,0,0,0,0,0,0,0,0,0,0,0,0,0,0,0,0,0,0,0,0,0,0,0,0,0,0,0,0,0,0,0,0,0,0,0,0,0,0,0,0,0,0,0,0,0,0,0,0,0,0,0,0
0,1,1,0,0,0,0,0,0,0,1,1,0,0,1,2,1,3,1,2,2,3,7,4,3,3,2,3,5,3,1,0,3,3,9,6,1,7,4,4,5,5,9,7,5,8,6,3,6,3,2,4,5,6,2,2,1,2,1,4,2,2,1,3,3,6,4,2,5,3,1,2,1,1,1,3,0,1,0,1,1,0,1,0,2,0,0,2,0,1,3,1,0,1,0,0,0,0,1,0,0,0,0,1,0,0,1,0,0,1,0,1,0,0,0,0,0,0,0,0,0,0,0,1,0,0,0,0,0,0,0,0,0,0,0,0,0,0,0,0,0,0,0,0,0,0,0,0,0,0,0,0,0,0,0,0,0,0,0,0,0,0,0,0,0,0,0,0,0,0,0,0,0,0,0,0,0,0,0,0,0,0,0,0,0,0,0,0,0,0,0,0,0,0,0,0,0,0,0,0
0,0,0,0,1,1,0,0,0,0,0,0,0,1,0,1,1,0,0,5,3,2,2,4,4,2,6,8,2,3,3,2,6,5,1,4,2,6,3,4,5,4,14,1,5,6,5,1,2,3,4,3,4,4,6,4,3,6,3,4,1,3,5,0,2,0,6,2,1,2,0,4,1,1,5,1,1,1,0,2,1,0,0,2,1,2,0,0,0,0,0,0,0,0,0,0,0,0,0,0,0,0,0,0,0,0,0,0,0,0,0,1,0,1,0,0,0,0,0,0,0,0,0,0,0,0,0,0,0,0,0,0,0,0,0,0,0,0,0,0,0,0,0,0,0,0,0,0,0,0,0,0,0,0,0,0,0,0,0,0,0,0,0,0,0,0,0,0,0,0,0,0,0,0,0,0,0,0,0,0,0,0,0,0,0,0,0,0,0,0,0,0,0,0,0,0,0,0,0,0
0,0,1,0,0,0,0,0,2,0,1,2,1,0,2,3,1,1,3,0,0,2,4,3,3,1,3,3,6,2,2,2,6,7,1,4,6,4,1,6,4,6,0,4,7,3,5,8,2,2,3,0,2,5,7,5,4,4,3,3,4,2,1,4,2,2,0,6,0,0,6,3,0,2,1,0,0,2,0,1,2,0,0,0,0,0,1,0,1,3,0,1,0,0,0,0,0,0,0,0,0,0,0,0,0,0,0,0,0,0,0,0,1,0,1,0,0,1,0,0,0,0,0,0,0,0,0,0,0,0,0,1,0,0,0,0,0,0,0,0,0,0,0,0,0,0,0,0,0,0,0,0,0,0,0,0,0,0,0,0,0,0,0,0,0,0,0,0,0,0,0,0,0,0,0,0,0,0,0,0,0,0,0,0,0,0,0,0,0,0,0,0,0,0,0,0,0,0,0,0
0,0,0,0,0,1,0,0,0,1,1,0,1,0,1,0,2,0,2,1,1,2,2,2,2,0,4,2,6,4,3,2,4,7,2,2,4,3,5,1,5,7,5,4,8,4,2,6,2,4,2,4,4,4,3,1,5,2,2,2,3,1,5,3,3,1,3,5,2,1,3,1,3,2,2,0,1,1,1,0,0,0,2,0,0,0,2,1,0,0,1,1,0,0,0,0,0,0,1,0,0,1,0,0,0,0,0,0,0,0,0,1,0,0,0,0,0,0,0,0,0,0,0,0,0,0,0,0,0,0,0,0,0,0,0,0,0,0,0,0,0,0,0,0,0,0,0,0,0,0,0,0,0,0,0,0,0,0,0,0,0,0,0,0,0,0,0,0,0,0,0,0,0,0,0,0,0,0,0,0,0,0,0,0,0,0,0,0,0,0,0,0,0,0,0,0,0,0,0,0
0,1,0,1,0,0,0,0,1,1,0,1,0,0,1,1,2,2,0,2,0,5,4,1,8,2,4,7,2,3,4,3,8,5,3,2,5,6,2,3,8,0,5,5,4,5,4,8,4,5,6,3,4,2,1,4,4,3,0,3,1,3,2,1,2,2,1,1,2,0,2,1,1,1,3,1,3,2,0,2,0,1,0,0,1,0,0,1,0,0,0,1,1,0,0,0,0,0,1,0,0,1,0,0,0,0,0,1,0,0,0,0,0,0,0,0,0,0,0,0,0,0,0,0,0,0,0,0,0,0,0,0,0,0,0,0,0,0,0,0,0,0,0,0,0,0,0,0,0,0,0,0,0,0,0,0,0,0,0,0,0,0,0,0,0,0,0,0,0,0,0,0,0,0,0,0,0,0,0,0,0,0,0,0,0,0,0,0,0,0,0,0,0,0,0,0,0,0,0,0
0,0,0,1,0,0,0,0,0,0,1,0,0,0,0,2,1,0,1,2,1,3,4,1,0,1,1,2,1,2,5,4,5,2,3,4,4,8,5,7,5,6,6,9,1,4,3,3,3,4,2,5,1,9,2,2,3,2,3,3,3,3,2,0,4,2,3,6,1,1,1,3,1,1,3,0,1,1,0,1,0,2,1,0,1,1,0,1,0,0,0,0,0,0,1,0,0,0,1,0,0,0,0,0,1,0,0,0,0,1,0,0,0,0,0,0,0,0,0,0,0,0,0,0,0,0,0,0,0,0,0,0,0,0,0,0,0,0,0,0,0,0,0,0,0,0,0,0,0,0,0,0,0,0,0,0,0,0,0,0,0,0,0,0,0,0,0,0,0,0,0,0,0,0,0,0,0,0,0,0,0,0,0,0,0,0,0,0,0,0,0,0,0,0,0,0,0,0,0,0
1,0,0,0,0,0,0,0,0,0,0,1,2,0,0,2,1,1,0,1,1,2,5,1,3,2,2,4,3,5,2,4,4,4,4,5,2,1,1,4,4,5,7,5,4,3,2,2,3,1,6,5,4,4,5,2,3,2,5,2,1,2,1,1,4,2,1,0,2,2,1,1,2,5,4,1,0,2,0,0,2,0,1,2,0,0,1,1,0,0,1,1,2,0,0,0,0,0,0,1,0,0,0,0,0,0,0,0,0,0,0,0,0,0,0,0,0,1,0,0,0,0,0,0,0,0,0,0,0,0,0,0,0,0,0,0,0,0,0,0,0,0,0,0,0,0,0,0,0,0,0,0,0,0,0,0,0,0,0,0,0,0,0,0,0,0,0,0,0,0,0,0,0,0,0,0,0,0,0,0,0,0,0,0,0,0,0,0,0,0,0,0,0,0,0,0,0,0,0,0
0,0,0,0,0,0,0,0,2,1,0,1,0,1,1,3,4,1,0,4,2,5,3,5,3,1,3,0,3,5,3,8,2,1,5,5,2,4,4,3,2,3,8,3,4,4,7,6,1,2,3,3,4,0,4,4,1,3,3,4,1,3,3,3,3,1,1,1,1,1,1,0,3,0,4,0,0,2,1,0,1,1,0,0,1,0,0,0,1,0,1,0,0,2,0,0,0,0,0,0,0,1,0,0,1,0,0,1,0,0,0,0,0,1,0,0,0,0,1,0,0,0,0,0,0,0,0,0,0,0,0,0,0,0,0,0,0,0,0,0,0,0,0,0,0,0,0,0,0,0,0,0,0,0,0,0,0,0,0,0,0,0,0,0,0,0,0,0,0,0,0,0,0,0,0,0,0,0,0,0,0,0,0,0,0,0,0,0,0,0,0,0,0,0,0,0,0,0,0,0
0,0,0,0,0,0,0,1,0,1,0,2,0,1,0,0,1,1,1,2,5,3,5,0,2,1,2,3,5,2,8,6,9,8,5,1,4,2,2,6,0,6,1,3,6,3,7,3,3,4,6,3,3,5,6,5,2,2,3,1,1,3,2,2,1,0,1,0,2,2,2,1,2,0,1,1,1,3,0,1,1,1,1,0,3,0,1,1,0,0,0,0,1,0,0,2,1,0,0,0,0,0,0,0,0,0,0,0,0,1,1,0,0,0,0,0,0,0,0,0,0,0,0,0,0,0,0,0,0,0,0,0,0,0,0,0,0,0,0,0,0,0,0,0,0,0,0,0,0,0,0,0,0,0,0,0,0,0,0,0,0,0,0,0,0,0,0,0,0,0,0,0,0,0,0,0,0,0,0,0,0,0,0,0,0,0,0,0,0,0,0,0,0,0,0,0,0,0,0,0
0,1,0,0,0,1,0,0,0,0,0,0,0,2,0,1,1,2,3,1,3,3,2,4,1,3,3,2,5,3,3,2,0,2,3,6,2,5,2,4,3,4,8,0,1,4,5,4,3,1,4,0,3,4,2,0,1,3,2,1,1,1,1,1,2,0,3,3,2,0,0,2,3,2,1,2,2,0,0,2,0,0,0,1,0,0,0,0,1,0,0,0,0,0,0,0,0,0,0,0,0,0,0,0,0,0,0,0,0,0,0,0,0,0,0,0,0,0,0,0,0,0,0,0,0,0,0,0,0,0,0,0,0,0,0,0,0,0,0,0,0,0,0,0,0,0,0,0,0,0,0,0,0,0,0,0,0,0,0,0,0,0,0,0,0,0,0,0,0,0,0,0,0,0,0,0,0,0,0,0,0,0,0,0,0,0,0,0,0,0,0,0,0,0,0,0,0,0,0,0
0,0,0,0,0,0,0,2,1,0,1,1,0,0,1,2,1,1,1,0,0,4,2,3,5,3,2,2,4,2,0,4,2,3,3,1,6,3,2,2,2,4,8,2,8,4,5,4,3,4,4,2,6,4,3,4,1,0,1,3,2,1,3,2,3,3,0,2,2,1,3,2,1,2,1,1,2,1,0,0,0,1,1,0,0,1,3,1,0,0,1,0,2,0,0,0,0,0,0,0,0,0,0,0,0,0,0,0,0,0,2,0,0,0,0,0,0,0,0,0,0,0,0,0,0,0,0,0,0,0,0,0,0,0,0,0,0,0,0,1,0,0,0,0,0,0,0,0,0,0,0,0,0,0,0,0,0,0,0,0,0,0,0,0,0,0,0,0,0,0,0,0,0,0,0,0,0,0,0,0,0,0,0,0,0,0,0,0,0,0,0,0,0,0,0,0,0,0,0,0
3,1,0,1,0,0,0,0,0,0,1,1,0,1,1,2,0,2,2,2,1,1,3,5,3,3,2,2,3,3,3,6,2,2,4,4,4,4,0,3,4,1,2,3,3,2,3,7,2,1,7,3,2,2,8,2,3,3,2,1,0,1,2,2,2,2,0,5,1,1,0,1,4,3,2,1,1,1,1,0,1,0,0,0,0,1,0,0,0,0,1,0,0,1,1,0,1,0,0,0,0,0,1,0,0,0,0,0,0,0,0,0,0,0,0,0,0,0,0,1,0,0,0,0,0,0,0,0,0,0,0,0,0,0,0,0,0,0,0,0,0,0,0,0,0,0,0,0,0,0,0,0,0,0,0,0,0,0,0,0,0,0,0,0,0,0,0,0,0,0,0,0,0,0,0,0,0,0,0,0,0,0,0,0,0,0,0,0,0,0,0,0,0,0,0,0,0,0,0,0
0,1,0,0,0,0,0,1,0,0,0,0,0,0,1,0,0,0,1,3,2,2,0,1,1,4,5,4,0,3,2,4,3,4,3,3,1,4,1,4,1,6,3,1,4,5,2,5,1,2,7,4,3,5,3,3,0,0,1,2,4,1,2,2,0,1,4,2,1,2,0,3,1,3,1,1,1,3,2,1,0,3,0,1,1,0,0,0,0,1,0,0,0,1,1,0,0,0,0,0,0,0,0,1,0,1,0,0,0,0,0,0,0,0,0,0,0,0,1,0,0,0,0,0,0,0,0,0,0,0,0,0,0,0,0,0,0,0,0,0,0,0,0,0,0,0,0,0,0,0,0,0,0,0,0,0,0,0,0,0,0,0,0,0,0,0,0,0,0,0,0,0,0,0,0,0,0,0,0,0,0,0,0,0,0,0,0,0,0,0,0,0,0,0,0,0,0,0,0,0
0,0,0,0,0,1,0,0,0,0,1,0,0,2,0,1,0,0,2,0,0,1,0,3,1,3,3,2,0,3,1,3,3,6,7,2,1,1,8,2,5,1,3,3,4,4,6,3,5,3,1,2,3,2,1,4,0,2,2,2,3,5,3,2,1,1,2,1,2,4,0,2,1,1,1,0,1,0,2,2,2,2,0,2,1,0,1,2,0,0,1,0,0,0,0,0,0,0,0,0,0,1,0,0,0,0,0,0,0,0,0,0,0,0,0,0,0,1,0,0,0,0,0,0,0,1,0,0,0,0,0,0,0,0,0,0,0,0,0,0,0,0,0,0,0,0,0,0,0,0,0,0,0,0,0,0,0,0,0,0,0,0,0,0,0,0,0,0,0,0,0,0,0,0,0,0,0,0,0,0,0,0,0,0,0,0,0,0,0,0,0,0,0,0,0,0,0,0,0,0
0,0,0,0,1,0,0,0,0,0,2,0,0,0,0,0,0,1,0,0,0,2,0,4,0,3,0,1,3,0,3,2,2,4,1,1,5,2,1,2,4,2,4,4,3,3,2,2,3,2,3,4,6,5,3,3,4,2,5,3,3,3,2,2,0,4,0,1,2,3,2,0,2,2,0,0,1,2,0,0,1,0,0,1,0,0,0,0,0,1,3,0,0,1,1,0,0,0,0,0,0,0,0,0,0,0,0,0,1,0,0,0,0,0,0,0,0,0,0,0,0,0,0,0,0,0,0,0,0,0,0,0,0,0,0,0,0,0,0,0,0,0,0,0,0,0,0,0,0,0,0,0,0,0,0,0,0,0,0,0,0,0,0,0,0,0,0,0,0,0,0,0,0,0,0,0,0,0,0,0,0,0,0,0,0,0,0,0,0,0,0,0,0,0,0,0,0,0,0,0
1,0,0,0,1,0,0,0,0,0,0,0,0,0,0,1,1,1,0,2,1,2,0,4,0,6,1,3,1,1,0,3,5,2,2,3,1,4,4,2,2,1,3,4,0,2,5,2,6,2,7,5,2,0,4,0,3,4,2,3,2,2,0,1,2,3,2,1,2,0,0,2,0,0,0,1,1,1,0,1,1,2,0,1,0,1,0,0,0,0,1,0,0,0,1,0,0,0,0,0,0,0,1,0,0,0,0,0,0,0,0,0,0,0,0,0,0,0,1,0,0,0,0,0,0,0,1,0,0,0,0,0,0,0,0,0,0,0,0,0,0,0,0,0,0,0,0,0,0,0,0,0,0,0,0,0,0,0,0,0,0,0,0,0,0,0,0,0,0,0,0,0,0,0,0,0,0,0,0,0,0,0,0,0,0,0,0,0,0,0,0,0,0,0,0,0,0,0,0,0
0,0,0,0,0,0,0,1,0,0,0,3,0,0,0,1,2,0,1,0,1,2,0,3,1,4,2,3,2,2,3,2,3,3,0,5,2,0,5,2,3,3,3,1,1,4,7,1,5,1,3,3,2,2,4,4,4,4,0,4,4,2,1,2,2,0,2,3,0,2,2,3,1,0,0,0,2,0,0,1,1,0,0,0,1,0,0,0,0,1,1,1,0,0,0,1,0,0,0,0,0,0,0,0,0,0,0,0,0,0,0,1,0,0,0,0,0,0,0,0,0,0,0,0,0,0,0,0,0,0,0,0,0,0,0,0,0,0,0,0,0,0,0,0,0,0,0,0,0,0,0,0,0,0,0,0,0,0,0,0,0,0,0,0,0,0,0,0,0,0,0,0,0,0,0,0,0,0,0,0,0,0,0,0,0,0,0,0,0,0,0,0,0,0,0,0,0,0,0,0
0,0,0,1,0,1,0,1,0,0,0,0,0,0,0,0,1,0,1,2,2,0,3,1,1,3,8,3,2,2,2,2,2,1,1,2,1,4,2,3,2,3,0,5,1,2,2,2,3,1,4,5,0,4,2,5,2,2,3,3,1,3,2,1,3,0,2,7,1,1,0,2,0,0,1,1,2,1,1,1,2,0,1,0,2,0,1,0,0,0,0,0,0,0,0,2,0,0,0,0,0,0,0,0,0,0,0,0,1,0,0,0,0,0,0,0,0,0,0,0,0,0,0,0,0,0,0,0,0,0,0,0,0,0,0,0,0,0,0,0,0,0,0,0,0,0,0,0,0,0,0,0,0,0,0,0,0,0,0,0,0,0,0,0,0,0,0,0,0,0,0,0,0,0,0,0,0,0,0,0,0,0,0,0,0,0,0,0,0,0,0,0,0,0,0,0,0,0,0,0
0,0,0,0,0,1,0,0,0,0,0,1,0,0,1,2,0,2,1,1,0,0,4,2,3,1,1,2,1,1,4,2,2,2,3,6,1,2,4,5,2,1,4,4,1,3,1,1,2,4,3,0,1,2,2,2,4,1,3,3,3,2,0,1,2,3,0,1,0,2,2,0,0,1,0,0,0,1,1,0,1,1,0,1,0,0,1,0,1,3,0,0,0,0,0,0,0,0,0,0,0,0,0,1,0,0,0,0,0,0,0,0,0,0,0,0,0,0,0,0,0,0,0,0,0,0,0,0,0,0,0,0,0,0,0,0,0,0,0,0,0,0,0,0,0,0,0,0,0,0,0,0,0,0,0,0,0,0,0,0,0,0,0,0,0,0,0,0,0,0,0,0,0,0,0,0,0,0,0,0,0,0,0,0,0,0,0,0,0,0,0,0,0,0,0,0,0,0,0,0
0,0,0,1,1,1,0,1,0,0,0,0,0,0,2,0,0,2,0,1,1,1,1,2,3,2,1,3,2,2,4,2,5,1,3,5,2,4,4,3,4,2,2,2,3,2,1,6,3,4,2,1,2,3,1,0,4,3,1,1,0,1,1,1,1,0,2,0,1,2,2,0,1,1,2,1,1,1,0,0,0,0,1,0,0,1,0,1,0,0,1,1,0,0,0,0,0,0,0,0,0,1,0,0,0,0,0,0,0,0,0,0,0,0,0,0,1,0,0,0,0,0,0,0,0,0,0,0,0,0,0,0,0,0,0,0,0,0,0,0,0,0,0,0,0,0,0,0,0,0,0,0,0,0,0,0,0,0,0,0,0,0,0,0,0,0,0,0,0,0,0,0,0,0,0,0,0,0,0,0,0,0,0,0,0,0,0,0,0,0,0,0,0,0,0,0,0,0,0,0
0,0,0,0,0,0,0,1,0,0,0,1,0,0,0,2,2,2,1,2,3,1,1,1,4,2,2,2,3,1,4,8,2,3,0,2,4,2,2,3,2,3,6,4,2,4,1,2,3,3,4,4,3,2,3,3,1,3,1,2,2,2,1,4,6,1,4,1,1,0,0,1,0,1,1,0,0,2,0,0,0,2,1,0,0,0,0,0,0,0,0,0,0,0,0,0,0,0,0,0,1,0,0,0,0,0,0,0,0,0,0,0,0,0,0,0,0,0,0,1,0,0,0,0,0,0,0,0,0,0,0,0,0,0,0,0,0,0,0,0,0,0,0,0,0,0,0,0,0,0,0,0,0,0,0,0,0,0,0,0,0,0,0,0,0,0,0,0,0,0,0,0,0,0,0,0,0,0,0,0,0,0,0,0,0,0,0,0,0,0,0,0,0,0,0,0,0,0,0,0
0,0,0,0,0,0,1,0,0,0,0,0,0,1,0,0,0,0,0,2,1,2,2,2,0,3,4,0,1,2,4,0,2,4,2,3,1,3,2,2,5,3,2,2,4,1,0,2,3,2,3,1,0,5,1,2,3,3,3,2,0,0,3,1,1,2,2,1,1,2,3,2,1,1,0,0,1,0,0,1,0,0,0,0,1,2,1,1,0,0,0,0,1,1,0,1,0,0,0,0,0,0,0,0,0,0,0,0,0,0,0,0,0,0,0,0,0,0,0,0,0,0,0,0,0,0,0,0,0,0,0,0,0,0,0,0,0,0,0,0,0,0,0,0,0,0,0,0,0,0,0,0,0,0,0,0,0,0,0,0,0,0,0,0,0,0,0,0,0,0,0,0,0,0,0,0,0,0,0,0,0,0,0,0,0,0,0,0,0,0,0,0,0,0,0,0,0,0,0,0
0,0,0,0,0,0,0,0,0,0,0,1,0,0,1,0,1,1,2,0,0,1,1,0,1,3,0,2,2,3,2,5,2,1,1,5,2,5,1,4,1,1,0,4,3,2,5,4,0,1,5,0,7,1,0,0,3,2,4,3,0,3,4,1,2,0,1,1,2,1,1,0,1,1,0,3,0,0,1,1,0,2,1,0,1,0,0,0,0,0,1,0,1,0,0,0,1,0,1,0,0,0,0,0,0,0,0,0,0,0,0,0,0,0,0,0,0,0,0,0,0,0,0,0,0,0,0,0,0,0,0,0,0,0,0,0,0,0,0,0,0,0,0,0,0,0,0,0,0,0,0,0,0,0,0,0,0,0,0,0,0,0,0,0,0,0,0,0,0,0,0,0,0,0,0,0,0,0,0,0,0,0,0,0,0,0,0,0,0,0,0,0,0,0,0,0,0,0,0,0
0,0,0,0,1,0,0,0,0,0,0,1,0,0,0,0,0,0,1,2,0,2,0,1,1,2,0,3,1,5,2,4,0,1,4,3,1,1,1,2,3,3,2,3,0,1,2,4,3,1,1,1,2,3,2,1,1,1,0,2,3,2,4,0,0,3,4,0,0,0,0,0,0,0,0,0,1,0,0,0,0,0,0,0,0,0,1,0,0,2,0,0,0,0,0,0,0,0,0,0,0,1,0,0,0,0,0,0,0,0,1,0,0,0,0,0,0,0,0,0,0,0,0,0,0,0,0,0,0,0,0,0,0,0,0,0,0,0,0,0,0,0,0,0,0,0,0,0,0,0,0,0,0,0,0,0,0,0,0,0,0,0,0,0,0,0,0,0,0,0,0,0,0,0,0,0,0,0,0,0,0,0,0,0,0,0,0,0,0,0,0,0,0,0,0,0,0,0,0,0
0,0,0,0,0,1,0,0,0,1,0,1,0,0,0,0,0,1,2,0,0,2,1,2,0,1,1,3,1,2,1,2,3,3,3,1,4,2,4,4,3,4,1,2,1,3,2,0,1,3,3,3,5,4,2,3,7,1,0,4,2,1,3,0,1,0,1,1,6,0,1,2,0,2,1,2,1,0,0,1,0,1,0,0,0,1,0,0,1,2,0,0,0,0,0,0,0,0,0,0,0,1,0,1,0,0,0,0,0,0,0,0,0,0,0,0,0,0,0,0,0,0,0,0,0,0,0,0,0,0,0,0,0,0,0,0,0,0,0,0,0,0,0,0,0,0,0,0,0,0,0,0,0,0,0,0,0,0,0,0,0,0,0,0,0,0,0,0,0,0,0,0,0,0,0,0,0,0,0,0,0,0,0,0,0,0,0,0,0,0,0,0,0,0,0,0,0,0,0,0
0,0,0,0,0,0,0,0,0,0,1,0,1,1,0,0,1,0,3,1,1,3,1,3,3,1,3,2,2,3,4,0,5,1,1,6,1,5,5,3,2,5,0,2,5,0,5,2,4,5,2,2,4,2,2,2,2,1,0,2,4,0,1,3,0,3,1,0,0,0,0,0,1,1,0,1,1,2,1,0,0,0,0,1,0,1,0,1,0,1,0,0,0,0,0,0,0,0,0,1,0,0,0,0,0,0,0,0,0,0,0,0,0,0,0,0,0,0,0,1,0,0,1,0,0,0,0,0,0,1,0,0,0,0,0,0,0,0,0,0,0,0,0,0,0,0,0,0,0,0,0,0,0,0,0,0,0,0,0,0,0,0,0,0,0,0,0,0,0,0,0,0,0,0,0,0,0,0,0,0,0,0,0,0,0,0,0,0,0,0,0,0,0,0,0,0,0,0,0,0
1,0,0,1,0,0,0,0,1,0,0,0,0,0,1,1,2,0,0,2,2,0,1,1,1,1,1,4,0,3,3,3,3,2,4,3,2,3,0,2,2,4,2,3,2,1,5,1,1,3,1,0,3,3,5,0,3,2,1,0,3,0,0,1,1,0,3,3,0,2,0,0,0,2,0,0,1,0,3,0,1,0,1,1,0,0,1,0,0,0,1,1,0,0,1,0,1,0,0,0,0,1,0,0,0,0,0,0,0,0,1,0,0,0,0,0,0,0,0,0,0,0,0,0,0,0,0,0,0,0,0,0,0,0,0,0,0,0,0,0,0,0,0,0,0,0,0,0,0,0,0,0,0,0,0,0,0,0,0,0,0,0,0,0,0,0,0,0,0,0,0,0,0,0,0,0,0,0,0,0,0,0,0,0,0,0,0,0,0,0,0,0,0,0,0,0,0,0,0,0
0,0,0,0,0,0,0,0,0,0,0,1,1,0,0,1,1,0,0,1,0,2,1,2,2,1,1,1,1,2,4,1,4,0,1,0,3,1,2,3,2,2,1,0,4,2,4,2,1,3,2,3,0,2,0,2,1,2,1,2,0,0,1,1,2,3,1,1,1,2,1,0,1,0,0,1,1,1,0,0,0,1,0,0,0,0,1,0,0,0,1,0,0,0,0,0,0,0,0,0,0,0,0,0,0,0,0,0,0,0,0,0,0,0,0,0,0,0,0,0,0,0,0,0,0,0,0,0,0,0,0,0,0,0,0,0,0,0,0,0,0,0,0,0,0,0,0,0,0,0,0,0,0,0,0,0,0,0,0,0,0,0,0,0,0,0,0,0,0,0,0,0,0,0,0,0,0,0,0,0,0,0,0,0,0,0,0,0,0,0,0,0,0,0,0,0,0,0,0,0
1,0,0,0,0,1,0,0,2,0,0,2,0,1,0,0,0,1,1,1,2,1,0,2,3,0,2,2,1,1,1,0,1,3,4,0,3,1,1,3,3,1,3,0,0,0,2,2,1,2,2,1,1,3,3,1,2,1,2,0,0,2,0,0,1,0,1,1,1,2,2,0,1,1,2,0,0,0,0,0,0,0,1,1,2,1,0,0,0,0,0,0,0,0,0,0,0,0,0,0,0,0,0,0,0,0,1,0,0,0,0,0,0,0,0,0,0,0,0,0,0,0,0,0,0,0,0,0,0,0,0,0,0,0,0,0,0,0,0,0,0,0,0,0,0,0,0,0,0,0,0,0,0,0,0,0,0,0,0,0,0,0,0,0,0,0,0,0,0,0,0,0,0,0,0,0,0,0,0,0,0,0,0,0,0,0,0,0,0,0,0,0,0,0,0,0,0,0,0,0
0,2,0,0,0,0,0,0,0,0,0,0,1,0,0,0,0,3,1,1,2,3,0,1,4,5,1,0,1,1,0,0,0,1,1,2,2,3,2,3,0,1,1,5,3,0,2,7,1,0,0,2,0,0,2,0,2,0,2,0,4,4,0,0,1,1,0,2,1,0,2,1,1,2,0,0,1,0,0,1,0,0,1,0,0,0,0,0,0,1,0,1,1,0,0,0,0,0,0,0,0,0,0,0,0,0,0,0,0,0,0,0,0,0,0,0,1,0,0,0,0,0,0,0,0,0,0,0,0,0,0,0,0,0,0,0,0,0,0,0,0,0,0,0,0,0,0,0,0,0,0,0,0,0,0,0,0,0,0,0,0,0,0,0,0,0,0,0,0,0,0,0,0,0,0,0,0,0,0,0,0,0,0,0,0,0,0,0,0,0,0,0,0,0,0,0,0,0,0,0
0,0,0,0,0,0,0,0,0,0,1,0,0,0,0,0,1,0,1,1,0,1,1,0,0,0,2,0,1,2,1,3,0,3,3,2,3,5,1,1,3,1,1,2,3,2,6,3,4,3,3,3,2,0,3,3,3,0,0,1,0,0,2,2,1,2,1,2,1,0,1,0,0,1,1,0,0,1,0,1,2,0,0,0,0,1,2,0,1,1,0,1,0,0,0,0,0,0,0,2,0,0,0,0,0,0,0,1,0,0,0,0,0,0,0,0,0,0,0,0,0,0,0,0,0,0,0,0,0,0,0,0,0,0,0,0,0,0,0,0,0,0,0,0,0,0,0,0,0,0,0,0,0,0,0,0,0,0,0,0,0,0,0,0,0,0,0,0,0,0,0,0,0,0,0,0,0,0,0,0,0,0,0,0,0,0,0,0,0,0,0,0,0,0,0,0,0,0,0,0
0,0,0,0,0,1,0,1,1,0,0,1,0,1,0,0,0,2,0,0,0,3,3,1,0,1,2,0,0,3,0,1,1,1,0,2,6,2,1,2,2,3,3,3,2,1,0,5,0,1,2,2,3,3,1,3,2,0,2,1,2,4,1,0,2,1,3,1,2,1,0,0,2,0,0,0,0,1,1,2,0,1,0,0,0,0,0,0,0,0,0,0,0,0,0,0,0,0,1,0,0,0,0,0,0,0,0,1,0,0,0,0,0,0,0,0,0,0,0,0,0,0,0,0,0,0,0,0,0,0,0,0,0,0,0,0,0,0,0,0,0,0,0,0,0,0,0,0,0,0,0,0,0,0,0,0,0,0,0,0,0,0,0,0,0,0,0,0,0,0,0,0,0,0,0,0,0,0,0,0,0,0,0,0,0,0,0,0,0,0,0,0,0,0,0,0,0,0,0,0
0,0,0,0,1,0,0,0,0,0,1,2,1,0,0,0,1,0,1,0,1,0,1,2,0,0,1,1,0,3,2,1,2,3,5,1,1,2,1,3,4,3,2,1,1,2,1,4,3,2,0,1,2,3,1,5,1,1,0,2,2,1,1,2,2,0,1,0,0,1,0,0,1,1,1,0,0,0,0,1,1,0,1,0,0,0,0,0,0,0,0,0,0,0,0,0,1,0,0,0,0,0,0,0,0,0,0,0,0,0,0,0,0,0,0,0,0,0,0,0,0,0,0,0,0,0,0,0,0,0,0,0,0,0,0,0,0,0,0,0,0,0,0,0,0,0,0,0,0,0,0,0,0,0,0,0,0,0,0,0,0,0,0,0,0,0,0,0,0,0,0,0,0,0,0,0,0,0,0,0,0,0,0,0,0,0,0,0,0,0,0,0,0,0,0,0,0,0,0,0
1,0,0,0,0,1,0,0,0,0,1,0,1,1,0,1,0,0,0,2,2,1,1,0,2,0,3,1,1,1,1,0,5,3,2,0,4,2,3,2,1,1,0,1,1,1,2,3,0,0,0,2,3,3,2,2,0,0,1,2,1,0,1,1,2,1,2,1,1,0,0,0,2,1,1,1,2,1,0,0,1,0,0,1,0,0,1,0,0,0,0,0,0,0,0,0,0,0,0,0,1,0,0,0,0,0,0,0,0,0,0,0,0,0,0,0,0,0,0,1,0,0,0,0,0,0,0,0,0,0,0,0,0,0,0,0,0,0,0,0,0,0,0,0,0,0,0,0,0,0,0,0,0,0,0,0,0,0,0,0,0,0,0,0,0,0,0,0,0,0,0,0,0,0,0,0,0,0,0,0,0,0,0,0,0,0,0,0,0,0,0,0,0,0,0,0,0,0,0,0
0,0,0,1,0,0,0,0,0,0,0,0,0,0,0,1,1,0,1,0,0,3,0,2,0,2,3,1,1,1,1,1,3,3,2,2,1,1,1,1,0,2,3,0,0,4,1,4,1,0,1,1,3,2,1,3,1,3,4,1,2,2,0,1,2,1,0,1,4,1,0,0,0,3,2,0,1,0,0,0,0,2,1,1,1,1,0,1,0,1,0,0,0,0,0,0,0,0,0,0,0,0,0,0,0,1,0,0,0,0,0,0,0,0,0,0,0,0,0,0,0,0,0,0,0,0,0,0,0,0,0,0,0,0,0,0,0,0,0,0,0,0,0,0,0,0,0,0,0,0,0,0,0,0,0,0,0,0,0,0,0,0,0,0,0,0,0,0,0,0,0,0,0,0,0,0,0,0,0,0,0,0,0,0,0,0,0,0,0,0,0,0,0,0,0,0,0,0,0,0
0,0,0,2,0,0,0,0,1,0,0,0,0,1,0,1,1,0,1,0,0,1,1,1,1,0,0,1,0,0,0,0,5,0,1,3,1,2,1,3,1,0,3,6,0,1,3,1,1,0,0,2,1,2,0,2,0,0,1,1,1,0,0,1,0,1,1,0,1,1,0,1,0,0,1,0,0,0,0,0,1,1,1,2,0,0,0,0,0,1,0,0,0,0,0,1,0,0,0,0,0,0,0,0,0,0,0,1,0,0,0,0,0,0,0,0,0,0,0,0,0,0,0,0,0,0,0,0,0,0,0,0,0,0,0,0,0,0,0,0,0,0,0,0,0,0,0,0,0,0,0,0,0,0,0,0,0,0,0,0,0,0,0,0,0,0,0,0,0,0,0,0,0,0,0,0,0,0,0,0,0,0,0,0,0,0,0,0,0,0,0,0,0,0,0,0,0,0,0,0
0,0,0,0,0,0,0,0,0,0,0,1,0,0,1,1,0,0,1,1,0,0,0,3,0,1,2,3,2,2,1,3,1,1,2,1,2,4,3,2,2,2,7,2,4,3,0,3,3,3,3,1,2,3,3,6,5,2,4,0,0,1,2,3,1,0,1,2,0,0,1,2,0,2,1,0,1,1,1,0,0,0,0,0,0,0,0,0,0,1,0,0,0,0,1,0,0,0,0,0,0,0,0,0,0,0,0,0,0,0,0,0,0,0,0,0,0,0,0,0,0,0,0,0,0,0,0,0,0,0,0,0,0,0,0,0,0,0,0,0,0,0,0,0,0,0,0,0,0,0,0,0,0,0,0,0,0,0,0,0,0,0,0,0,0,0,0,0,0,0,0,0,0,0,0,0,0,0,0,0,0,0,0,0,0,0,0,0,0,0,0,0,0,0,0,0,0,0,0,0
0,0,0,0,0,0,0,0,0,0,0,0,0,1,0,0,0,0,1,2,1,0,0,3,0,1,2,0,2,1,2,2,1,0,2,1,2,2,1,6,2,1,3,4,1,3,1,1,2,2,1,0,2,1,2,2,1,0,1,1,3,0,1,1,0,0,0,0,2,2,1,0,1,0,0,0,0,0,0,0,0,1,0,0,0,0,0,0,0,0,0,0,0,0,0,0,0,0,0,0,1,0,0,0,0,0,0,0,0,0,0,0,0,0,0,1,0,1,0,0,0,0,0,0,0,0,0,0,0,0,0,0,0,0,0,0,0,0,0,0,0,0,0,0,0,0,0,0,0,0,0,0,0,0,0,0,0,0,0,0,0,0,0,0,0,0,0,0,0,0,0,0,0,0,0,0,0,0,0,0,0,0,0,0,0,0,0,0,0,0,0,0,0,0,0,0,0,0,0,0
0,0,0,0,0,0,0,0,0,0,0,0,0,0,0,0,0,1,0,1,0,2,1,0,3,0,4,1,2,2,0,2,2,1,1,3,2,1,2,0,1,1,0,1,1,1,3,1,5,0,2,1,0,0,2,1,1,1,1,1,1,1,0,1,1,2,0,1,0,0,2,0,1,1,1,0,0,0,0,0,0,0,0,0,0,0,0,0,0,0,1,1,0,0,0,0,1,0,0,0,0,0,0,0,0,0,0,0,0,0,0,0,0,0,0,0,0,0,0,0,0,0,0,0,0,0,0,0,0,0,0,0,0,0,0,0,0,0,0,0,0,0,0,0,0,0,0,0,0,0,0,0,0,0,0,0,0,0,0,0,0,0,0,0,0,0,0,0,0,0,0,0,0,0,0,0,0,0,0,0,0,0,0,0,0,0,0,0,0,0,0,0,0,0,0,0,0,0,0,0
0,0,0,0,0,0,0,2,0,0,0,0,0,1,0,0,0,0,0,0,0,0,2,0,0,0,1,2,1,1,3,3,3,1,0,0,0,5,1,2,2,2,2,5,1,1,2,1,4,1,1,3,2,1,2,3,1,1,0,0,4,2,0,1,2,0,0,1,1,1,0,0,3,0,0,0,0,1,2,1,0,0,0,0,0,0,0,0,0,0,0,0,0,0,0,0,0,0,0,0,0,0,0,0,0,0,0,1,0,0,0,0,0,0,0,0,0,0,0,0,0,0,0,0,0,0,0,0,0,0,0,0,0,0,0,0,0,0,0,0,0,0,0,0,0,0,0,0,0,0,0,0,0,0,0,0,0,0,0,0,0,0,0,0,0,0,0,0,0,0,0,0,0,0,0,0,0,0,0,0,0,0,0,0,0,0,0,0,0,0,0,0,0,0,0,0,0,0,0,0
0,0,0,0,1,0,0,0,0,0,0,1,0,0,1,0,0,1,0,1,0,1,2,0,0,0,1,1,0,2,1,0,2,0,1,3,2,3,0,3,1,0,1,2,1,3,1,0,0,1,0,0,1,3,0,2,0,0,3,1,0,1,0,0,0,1,1,0,0,0,1,0,2,0,0,0,0,1,1,1,0,1,0,0,0,0,0,0,0,0,0,0,1,0,0,0,0,0,0,0,0,0,0,0,0,0,0,0,0,0,0,0,0,0,0,0,0,0,0,0,1,0,0,0,0,0,0,0,0,0,0,0,0,0,0,0,0,0,0,0,0,0,0,0,0,0,0,0,0,0,0,0,0,0,0,0,0,0,0,0,0,0,0,0,0,0,0,0,0,0,0,0,0,0,0,0,0,0,0,0,0,0,0,0,0,0,0,0,0,0,0,0,0,0,0,0,0,0,0,0
0,0,0,0,0,0,0,0,0,1,0,1,0,0,1,1,0,0,0,0,1,1,0,1,2,0,1,1,1,2,0,2,1,0,0,2,0,0,1,0,2,0,0,1,1,0,2,2,0,3,3,2,0,2,2,4,1,1,1,2,0,0,0,1,1,0,0,0,1,0,0,0,0,2,2,0,0,0,0,0,1,1,0,0,1,1,0,1,0,0,0,0,0,0,0,0,0,0,0,0,0,0,0,0,0,0,0,0,0,0,0,0,0,0,0,0,0,0,0,1,0,0,0,0,0,0,0,0,0,0,0,0,0,0,0,0,0,0,0,0,0,0,0,0,0,0,0,0,0,0,0,0,0,0,0,0,0,0,0,0,0,0,0,0,0,0,0,0,0,0,0,0,0,0,0,0,0,0,0,0,0,0,0,0,0,0,0,0,0,0,0,0,0,0,0,0,0,0,0,0
0,0,0,0,0,1,0,0,0,1,0,0,0,0,1,0,1,0,1,1,1,1,0,0,0,0,4,0,1,1,0,1,2,1,0,2,1,1,0,1,3,0,0,4,2,3,3,3,1,1,2,2,2,0,0,1,1,1,1,1,3,0,1,0,2,0,0,1,1,1,0,1,1,0,1,1,0,1,0,0,0,0,0,0,0,0,0,0,0,0,0,0,0,0,0,0,0,0,1,1,0,0,0,0,0,0,0,0,0,0,0,0,0,0,1,0,1,0,0,0,0,0,0,0,0,0,0,0,0,0,0,0,0,0,0,0,0,0,0,0,0,0,0,0,0,0,0,0,0,0,0,0,0,0,0,0,0,0,0,0,0,0,0,0,0,0,0,0,0,0,0,0,0,0,0,0,0,0,0,0,0,0,0,0,0,0,0,0,0,0,0,0,0,0,0,0,0,0,0,0
0,0,0,0,0,1,0,2,0,0,1,1,0,0,0,3,1,0,2,2,0,0,1,2,1,1,3,3,0,1,5,1,4,0,2,3,1,2,1,0,0,2,0,5,1,1,0,0,0,0,2,1,1,2,2,0,0,2,0,1,3,1,0,0,0,0,1,0,0,1,0,0,0,0,1,0,0,2,0,0,0,0,0,2,0,1,0,0,0,0,0,0,0,0,0,0,0,0,0,0,0,0,0,0,0,0,0,1,0,0,0,1,0,0,0,0,0,0,1,0,0,0,0,0,0,0,0,0,0,0,0,0,0,0,0,0,0,0,0,0,0,0,0,0,0,0,0,0,0,0,0,0,0,0,0,0,0,0,0,0,0,0,0,0,0,0,0,0,0,0,0,0,0,0,0,0,0,0,0,0,0,0,0,0,0,0,0,0,0,0,0,0,0,0,0,0,0,0,0,0
0,0,0,0,0,0,0,0,0,0,0,0,0,0,0,0,2,0,0,0,0,0,0,3,1,1,1,2,4,0,0,0,4,2,1,2,1,2,5,1,2,0,0,1,0,1,0,1,3,2,0,3,1,1,2,0,0,1,2,2,0,0,1,1,0,0,0,0,0,1,1,0,0,0,1,1,0,0,1,0,1,1,0,1,0,0,0,0,0,0,0,0,0,0,0,0,0,0,0,0,0,0,0,1,0,0,0,0,0,0,0,0,0,0,0,0,0,0,0,0,0,0,0,0,0,0,0,0,0,0,0,0,0,0,0,0,0,0,0,0,0,0,0,0,0,0,0,0,0,0,0,0,0,0,0,0,0,0,0,0,0,0,0,0,0,0,0,0,0,0,0,0,0,0,0,0,0,0,0,0,0,0,0,0,0,0,0,0,0,0,0,0,0,0,0,0,0,0,0,0
0,1,0,0,0,0,0,0,1,0,0,0,0,0,1,0,1,0,1,3,0,2,1,1,0,0,1,1,1,0,1,0,1,1,2,1,2,1,1,2,2,3,2,0,1,0,1,0,2,0,1,0,0,0,0,3,1,1,1,3,1,2,1,0,1,0,1,1,0,0,1,0,0,0,0,0,0,0,0,1,0,0,0,0,0,1,0,0,0,0,0,1,0,0,0,0,0,0,0,0,0,0,0,0,0,0,0,0,0,0,0,0,0,0,0,0,0,0,0,0,0,0,0,0,0,0,0,0,0,0,0,0,0,0,0,0,0,0,0,0,0,0,0,0,0,0,0,0,0,0,0,0,0,0,0,0,0,0,0,0,0,0,0,0,0,0,0,0,0,0,0,0,0,0,0,0,0,0,0,0,0,0,0,0,0,0,0,0,0,0,0,0,0,0,0,0,0,0,0,0
0,0,0,0,0,0,0,0,0,0,0,1,0,0,0,0,0,0,1,1,0,1,0,2,0,0,1,2,0,1,2,2,4,1,2,1,4,3,1,3,2,2,2,0,1,2,3,2,2,4,0,2,2,0,0,1,2,0,1,0,1,1,0,1,1,1,0,0,0,1,1,0,0,0,1,1,1,0,0,0,0,0,0,0,0,1,1,0,0,0,0,1,0,0,0,0,0,0,0,0,0,0,0,0,0,0,0,0,0,0,0,0,0,0,0,0,0,0,0,0,0,0,0,0,0,0,0,0,0,0,0,0,0,0,1,0,0,0,0,0,0,0,0,0,0,0,0,0,0,0,0,0,0,0,0,0,0,0,0,0,0,0,0,0,0,0,0,0,0,0,0,0,0,0,0,0,0,0,0,0,0,0,0,0,0,0,0,0,0,0,0,0,0,0,0,0,0,0,0,0
0,0,0,0,0,0,0,0,0,1,0,1,0,0,0,1,1,0,0,1,0,1,1,0,0,2,3,0,1,1,0,0,2,1,2,3,0,2,1,1,3,1,1,1,5,2,0,1,1,2,0,1,2,1,2,0,1,0,0,1,1,2,0,0,0,1,2,0,1,0,0,0,0,0,0,0,0,0,0,1,1,0,0,0,0,0,1,0,0,0,0,0,0,0,1,0,0,0,0,0,0,0,0,0,0,0,0,0,0,0,0,0,0,0,0,0,0,0,0,0,0,0,0,0,0,0,0,0,0,0,0,0,0,0,0,0,0,0,0,0,0,0,0,0,0,0,0,0,0,0,0,0,0,0,0,0,0,0,0,0,0,0,0,0,0,0,0,0,0,0,0,0,0,0,0,0,0,0,0,0,0,0,0,0,0,0,0,0,0,0,0,0,0,0,0,0,0,0,0,0
0,0,0,0,0,0,0,0,0,0,1,0,0,0,0,1,0,2,1,1,0,2,0,1,0,1,1,1,1,0,1,2,3,1,0,1,2,0,0,1,0,2,1,2,2,0,2,2,2,2,1,1,1,1,0,1,3,1,1,0,1,0,3,2,0,1,1,0,0,2,2,0,0,1,0,1,1,0,2,0,1,0,0,0,1,0,0,0,0,0,0,0,0,0,0,0,0,0,0,0,0,0,0,0,0,0,0,0,0,0,0,0,0,0,0,0,0,0,0,0,0,0,0,0,0,0,0,0,0,0,0,0,0,0,0,0,0,0,0,0,0,0,0,0,0,0,0,0,0,0,0,0,0,0,0,0,0,0,0,0,0,0,0,0,0,0,0,0,0,0,0,0,0,0,0,0,0,0,0,0,0,0,0,0,0,0,0,0,0,0,0,0,0,0,0,0,0,0,0,0
0,1,1,0,0,0,0,0,0,0,0,0,0,0,1,1,1,0,0,1,0,0,2,1,1,1,0,2,0,3,2,3,0,0,1,3,2,3,2,2,2,0,1,1,0,2,0,3,1,0,1,0,0,0,0,1,0,1,0,0,1,1,2,0,1,1,0,0,1,0,0,2,0,0,0,0,0,3,1,0,0,1,0,0,0,0,0,0,0,0,0,0,1,0,0,0,0,0,0,0,0,0,0,0,0,0,0,0,0,0,0,0,0,0,0,0,0,0,0,0,0,0,0,0,0,0,0,0,0,0,0,0,0,0,0,0,0,0,0,0,0,0,0,0,0,0,0,0,0,0,0,0,0,0,0,0,0,0,0,0,0,0,0,0,0,0,0,0,0,0,0,0,0,0,0,0,0,0,0,0,0,0,0,0,0,0,0,0,0,0,0,0,0,0,0,0,0,0,0,0
0,0,0,0,0,0,0,0,0,0,0,0,0,0,0,0,1,2,0,0,0,2,0,0,1,1,0,0,2,1,1,0,3,1,1,1,2,2,1,3,1,1,0,2,2,1,1,4,2,3,1,0,1,2,1,0,1,1,0,0,2,0,2,3,1,0,0,0,0,0,0,1,0,0,0,0,0,0,0,1,1,0,0,0,1,0,0,0,0,0,0,0,0,0,0,0,0,0,0,0,0,0,0,0,0,0,0,0,0,0,0,0,0,0,0,0,0,0,0,0,1,0,0,0,0,0,0,0,0,0,0,0,0,0,0,0,0,0,0,0,0,0,0,0,0,0,0,0,0,0,0,0,0,0,0,0,0,0,0,0,0,0,0,0,0,0,0,0,0,0,0,0,0,0,0,0,0,0,0,0,0,0,0,0,0,0,0,0,0,0,0,0,0,0,0,0,0,0,0,0
0,0,0,0,0,0,0,0,0,0,0,0,0,0,1,0,1,2,2,0,1,2,1,2,0,1,2,2,0,0,1,2,2,2,1,1,0,1,2,2,0,0,0,2,3,0,2,0,1,1,1,0,0,1,1,0,1,0,1,2,0,0,1,0,0,0,0,0,0,1,0,0,0,0,1,0,0,0,0,1,0,0,0,0,0,0,0,0,0,0,0,0,0,0,0,0,0,0,0,0,0,0,0,0,0,0,0,0,0,0,0,0,0,0,0,0,0,0,0,0,0,0,0,0,0,0,0,0,0,0,0,0,0,0,0,0,0,0,0,0,0,0,0,0,0,0,0,0,0,0,0,0,0,0,0,0,0,0,0,0,0,0,0,0,0,0,0,0,0,0,0,0,0,0,0,0,0,0,0,0,0,0,0,0,0,0,0,0,0,0,0,0,0,0,0,0,0,0,0,0
0,0,0,0,0,0,0,0,0,0,0,0,0,1,0,0,0,0,0,0,0,0,0,0,1,1,2,2,2,0,1,1,0,3,2,2,3,1,3,0,1,1,0,1,3,0,2,2,1,0,0,1,1,2,1,0,2,1,1,0,0,0,0,1,0,0,0,0,0,1,0,1,1,0,0,0,0,0,0,0,0,0,0,0,0,0,1,0,0,0,0,0,0,0,0,0,0,0,0,0,0,0,0,0,0,0,0,0,0,0,0,0,0,0,0,0,0,0,0,0,0,0,0,0,0,0,0,0,0,0,0,0,0,0,0,0,0,0,0,0,0,0,0,0,0,0,0,0,0,0,0,0,0,0,0,0,0,0,0,0,0,0,0,0,0,0,0,0,0,0,0,0,0,0,0,0,0,0,0,0,0,0,0,0,0,0,0,0,0,0,0,0,0,0,0,0,0,0,0,0
0,0,0,0,0,0,0,0,0,0,0,0,0,0,0,1,0,0,0,0,1,0,0,1,2,0,0,1,0,3,1,0,2,0,2,1,0,3,0,1,2,1,1,1,0,0,2,0,1,2,1,1,2,0,0,0,0,4,1,2,0,1,0,0,0,1,0,0,0,0,0,1,0,1,0,0,0,0,0,1,0,1,1,0,0,0,0,0,0,0,0,0,0,0,0,0,0,0,0,0,0,0,0,0,0,0,0,0,0,0,0,0,0,0,0,0,0,0,0,0,0,0,0,0,0,0,0,0,0,0,0,0,0,0,0,0,0,0,0,0,0,0,0,0,0,0,0,0,0,0,0,0,0,0,0,0,0,0,0,0,0,0,0,0,1,0,0,0,0,0,0,0,0,0,0,0,0,0,0,0,0,0,0,0,0,0,0,0,0,0,0,0,0,0,0,0,0,0,0,0
0,0,0,0,0,0,0,0,0,0,0,1,0,0,0,0,0,0,0,1,0,3,0,0,0,0,0,2,1,1,0,0,0,3,1,0,0,1,0,2,2,2,1,2,1,1,0,1,2,2,1,1,1,0,0,2,1,1,0,1,0,0,1,0,0,0,0,0,0,0,0,0,0,0,0,1,0,1,0,1,0,0,1,0,0,0,0,0,0,0,0,0,0,0,0,0,0,0,0,0,0,0,0,0,0,0,0,0,0,0,0,0,0,0,0,0,0,0,0,0,0,0,0,0,0,0,0,0,0,0,0,0,0,0,0,0,0,0,0,0,0,0,0,0,0,0,0,0,0,0,0,0,0,0,0,0,0,0,0,0,0,0,0,0,0,0,0,0,0,0,0,0,0,0,0,0,0,0,0,0,0,0,0,0,0,0,0,0,0,0,0,0,0,0,0,0,0,0,0,0
0,0,0,0,0,0,0,0,0,0,0,0,1,0,0,1,0,0,1,0,0,1,2,1,0,2,0,0,0,1,2,1,2,2,1,1,1,1,0,3,4,1,1,3,0,2,3,1,0,1,0,2,2,1,2,0,1,1,3,0,0,0,2,0,2,0,1,0,0,0,0,0,0,1,0,0,1,0,0,1,0,0,0,0,0,0,0,1,1,0,0,0,0,0,0,0,0,0,1,0,0,0,0,0,0,0,0,0,0,0,0,0,0,0,0,0,0,0,0,0,0,0,0,0,0,0,0,0,0,0,0,0,0,0,0,0,0,0,0,0,0,0,0,0,0,0,0,0,0,0,0,0,0,0,0,0,0,0,0,0,0,0,0,0,0,0,0,0,0,0,0,0,0,0,0,0,0,0,0,0,0,0,0,0,0,0,0,0,0,0,0,0,0,0,0,0,0,0,0,0
0,1,0,0,0,0,0,0,0,0,0,0,1,0,0,0,0,0,0,0,1,0,1,0,1,1,1,1,0,2,0,1,2,2,0,1,0,4,2,0,1,0,1,0,1,0,2,1,1,1,1,1,0,2,0,0,3,0,0,1,2,1,3,1,1,1,1,0,0,0,0,0,0,0,0,1,0,0,0,0,0,1,0,0,0,0,0,0,0,0,0,0,0,0,0,0,0,0,0,0,0,0,1,0,0,0,0,0,0,0,0,0,0,0,0,0,0,0,0,0,0,0,0,0,0,0,0,0,0,0,0,0,0,0,0,0,0,0,0,0,0,0,0,0,0,0,0,0,0,0,0,0,0,0,0,0,0,0,0,0,0,0,0,0,0,0,0,0,0,0,0,0,0,0,0,0,0,0,0,0,0,0,0,0,0,0,0,0,0,0,0,0,0,0,0,0,0,0,0,0
0,0,0,0,0,0,0,0,0,0,1,0,0,0,1,1,0,0,0,0,1,1,0,0,0,0,0,0,1,0,0,1,4,2,1,1,0,1,1,1,1,1,0,0,2,1,0,0,1,0,0,2,0,0,1,1,1,2,1,0,1,0,2,0,1,0,2,0,0,0,0,0,1,0,0,0,0,1,0,0,0,0,0,1,0,0,0,0,1,0,0,0,0,0,0,0,0,0,0,0,0,0,0,0,0,0,0,0,0,0,0,0,0,0,0,0,0,0,0,0,0,0,0,0,0,0,0,0,0,0,0,0,0,0,0,0,0,0,0,0,0,0,0,0,0,0,0,0,0,0,0,0,0,0,0,0,0,0,0,0,0,0,0,0,0,0,0,0,0,0,0,0,0,0,0,0,0,0,0,0,0,0,0,0,0,0,0,0,0,0,0,0,0,0,0,0,0,0,0,0
0,0,0,0,0,1,0,0,0,0,2,0,0,0,0,0,0,0,0,0,1,1,1,1,0,0,0,2,1,2,2,1,1,1,0,1,1,4,1,1,1,0,1,1,2,1,0,1,2,2,1,2,0,1,0,0,2,0,0,1,1,0,0,0,3,0,0,0,1,0,0,0,0,0,0,0,0,2,1,0,0,0,0,0,0,0,0,0,1,1,0,0,0,0,0,1,0,0,0,0,0,0,0,0,0,0,0,0,1,0,0,0,0,0,0,0,0,0,0,1,0,0,0,0,0,0,0,0,0,0,0,0,0,0,0,0,0,0,0,0,0,0,0,0,0,0,0,0,0,0,0,0,0,0,0,0,0,0,0,0,0,0,0,0,0,0,0,0,0,0,0,0,0,0,0,0,0,0,0,0,0,0,0,0,0,0,0,0,0,0,0,0,0,0,0,0,0,0,0,0
0,1,0,0,0,0,0,0,0,0,0,1,0,0,0,0,0,0,1,0,0,1,2,0,0,0,0,1,1,1,1,1,1,2,2,0,0,0,1,1,0,2,0,1,0,3,1,2,0,1,4,0,0,0,1,2,1,0,2,2,1,0,0,1,0,0,1,1,1,0,0,0,0,0,1,0,0,2,0,0,1,0,1,0,2,0,0,0,0,0,0,0,0,0,1,0,0,0,0,0,0,0,0,0,1,0,0,0,0,0,0,0,0,0,0,0,0,0,0,0,0,0,0,0,0,0,0,0,0,0,0,0,0,0,0,0,0,0,0,0,0,0,0,0,0,0,0,0,0,0,0,0,0,0,0,0,0,0,0,0,0,0,0,0,0,0,0,0,0,0,0,0,0,0,0,0,0,0,0,0,0,0,0,0,0,0,0,0,0,0,0,0,0,0,0,0,0,0,0,0
0,0,0,1,0,0,0,0,0,0,0,0,0,0,0,1,0,0,0,1,0,2,1,0,0,0,1,1,2,0,1,1,1,0,1,1,2,0,1,0,0,2,5,1,1,3,2,0,0,1,1,0,0,0,2,0,0,1,0,2,0,1,1,0,2,0,0,0,0,1,1,1,0,0,0,0,0,0,0,0,1,1,0,1,0,0,0,0,0,0,0,0,0,0,0,1,0,0,0,0,0,0,0,0,0,0,0,0,0,0,0,0,0,0,0,0,0,0,0,0,0,0,0,0,0,0,0,0,0,0,0,0,0,0,0,0,0,0,0,0,0,0,0,0,0,0,0,0,0,0,0,0,0,0,0,0,0,0,0,0,0,0,0,0,0,0,0,0,0,0,0,0,0,0,0,0,0,0,0,0,0,0,0,0,0,0,0,0,0,0,0,0,0,0,0,0,0,0,0,0
0,1,0,0,0,0,0,0,0,0,0,0,1,0,0,0,0,0,1,0,0,1,2,0,0,1,0,0,0,0,0,0,0,1,1,1,0,1,2,0,0,0,3,2,1,1,1,1,0,1,1,0,0,0,0,2,0,0,2,1,0,0,0,0,1,1,2,1,0,2,0,0,0,0,0,0,0,0,0,0,0,0,0,0,1,0,0,0,0,0,0,0,0,0,0,0,0,0,0,0,0,0,0,0,0,0,0,0,0,0,0,0,0,0,0,1,0,0,0,0,0,0,0,0,0,0,0,0,0,0,0,0,0,0,0,0,0,0,0,0,0,0,0,0,0,0,0,0,0,0,0,0,0,0,0,0,0,0,0,0,0,0,0,0,0,0,0,0,0,0,0,0,0,0,0,0,0,0,0,0,0,0,0,0,0,0,0,0,0,0,0,0,0,0,0,0,0,0,0,0
0,0,0,0,1,0,0,1,0,0,0,0,0,1,0,0,1,0,0,0,0,1,0,0,0,1,0,1,0,0,3,0,1,0,0,0,0,3,0,0,2,1,2,0,0,1,1,2,0,1,0,1,1,0,0,1,2,0,1,1,2,0,0,0,1,0,0,0,0,0,0,0,0,0,0,0,0,0,0,0,0,0,0,0,0,0,0,0,0,0,0,0,0,0,0,0,0,0,0,0,0,0,0,0,0,0,0,0,0,0,0,0,0,0,0,0,0,0,0,0,0,0,0,0,0,0,0,0,0,0,0,0,0,0,0,0,0,0,0,0,0,0,0,0,0,0,0,0,0,0,0,0,0,0,0,0,0,0,0,0,0,0,0,0,0,0,0,0,0,0,0,0,0,0,0,0,0,0,0,0,0,0,0,0,0,0,0,0,0,0,0,0,0,0,0,0,0,0,0,0
0,0,0,0,0,0,0,0,0,0,0,0,0,1,0,1,2,0,0,0,2,0,1,2,3,0,1,1,0,1,1,0,1,0,0,2,0,0,3,2,1,1,0,0,0,1,1,1,1,1,2,0,0,1,1,1,0,0,0,0,0,0,0,0,1,0,0,0,0,0,0,1,1,1,0,1,0,0,0,0,0,1,0,0,0,0,0,0,0,1,0,0,0,0,0,0,0,0,0,0,0,0,0,0,0,0,0,0,0,0,0,0,0,0,0,0,0,0,0,0,0,0,0,0,0,0,0,0,0,0,0,0,0,0,0,0,0,0,0,0,0,0,0,0,0,0,0,0,0,0,0,0,0,0,0,0,0,0,0,0,0,0,0,0,0,0,0,0,0,0,0,0,0,0,0,0,0,0,0,0,0,0,0,0,0,0,0,0,0,0,0,0,0,0,0,0,0,0,0,0
0,0,0,0,0,0,0,2,1,0,0,0,0,0,1,1,1,0,0,0,0,0,0,0,0,0,0,0,0,0,0,1,1,1,0,1,2,0,0,1,1,0,1,2,0,1,2,1,1,0,0,0,0,2,0,1,0,0,0,0,0,1,0,2,1,1,0,0,1,0,0,0,1,2,0,0,0,0,0,0,0,0,1,0,0,0,0,1,0,0,0,0,0,0,0,0,0,0,0,0,0,0,0,0,0,0,0,0,0,0,0,0,0,0,0,0,0,0,0,0,0,0,0,0,0,0,0,0,0,0,0,0,0,0,0,0,0,0,0,0,0,0,0,0,0,0,0,0,0,0,0,0,0,0,0,0,0,0,0,0,0,0,0,0,0,0,0,0,0,0,0,0,0,0,0,0,0,0,0,0,0,0,0,0,0,0,0,0,0,0,0,0,0,0,0,0,0,0,0,0
0,0,0,0,0,0,0,0,0,0,0,2,0,0,0,0,0,0,0,0,0,0,0,1,0,1,0,1,0,1,2,0,1,2,2,0,0,2,0,0,1,1,2,1,0,1,1,1,1,2,0,1,2,2,1,1,1,0,0,0,0,0,0,0,1,0,0,0,0,0,0,0,1,0,0,0,0,0,0,1,0,0,0,0,0,0,0,0,0,0,0,0,0,0,0,0,0,0,0,0,0,0,0,0,0,0,0,0,0,0,1,0,0,0,0,0,0,0,0,0,0,0,0,0,0,0,0,0,0,0,0,0,0,0,0,0,0,0,0,0,0,0,0,0,0,0,0,0,0,0,0,0,0,0,0,0,0,0,0,0,0,0,0,0,0,0,0,0,0,0,0,0,0,0,0,0,0,0,0,0,0,0,0,0,0,0,0,0,0,0,0,0,0,0,0,0,0,0,0,0
0,0,0,1,0,0,0,0,0,0,0,0,0,0,0,0,1,1,0,0,1,2,0,2,0,1,0,0,0,1,1,3,0,2,0,1,0,1,0,1,1,0,0,0,2,0,1,3,0,0,1,1,0,0,0,1,0,1,1,0,0,1,0,1,0,0,0,0,0,0,0,0,1,0,0,0,1,0,0,0,0,1,0,0,0,0,0,0,0,0,0,0,0,0,0,0,0,0,0,0,0,0,0,0,0,0,0,0,0,0,0,0,0,0,0,0,0,0,0,0,0,0,0,0,0,0,0,0,0,0,0,0,0,0,0,0,0,0,0,0,0,0,0,0,0,0,0,0,0,0,0,0,0,0,0,0,0,0,0,0,0,0,0,0,0,0,0,0,0,0,0,0,0,0,0,0,0,0,0,0,0,0,0,0,0,0,0,0,0,0,0,0,0,0,0,0,0,0,0,0
0,0,0,0,0,0,1,0,1,0,0,1,0,0,0,0,0,1,0,0,0,0,0,0,1,0,0,2,1,1,0,3,0,0,0,1,0,1,0,1,0,2,0,2,0,0,3,1,0,0,1,1,1,0,0,0,0,1,0,0,0,0,1,0,0,0,0,0,1,0,0,0,1,0,1,1,0,0,0,0,0,0,0,0,0,0,0,0,0,0,0,0,0,0,0,0,0,0,0,0,0,0,0,0,0,0,0,0,0,0,0,0,0,0,0,0,0,0,0,0,0,0,0,0,0,0,0,0,0,0,0,0,0,0,0,0,0,0,0,0,0,0,0,0,0,0,0,0,0,0,0,0,0,0,0,0,0,0,0,0,0,0,0,0,0,0,0,0,0,0,0,0,0,0,0,0,0,0,0,0,0,0,0,0,0,0,0,0,0,0,0,0,0,0,0,0,0,0,0,0
0,1,0,0,0,0,0,0,0,0,1,0,0,0,0,0,0,0,0,0,0,0,0,0,0,0,0,2,1,1,0,1,2,2,2,2,1,1,1,2,1,0,0,2,1,2,0,2,1,0,0,3,3,0,0,4,0,0,0,1,1,0,0,0,0,0,0,0,0,0,0,0,0,2,0,0,0,0,0,0,0,0,0,0,0,0,0,0,0,0,0,0,0,0,0,0,0,0,0,0,0,0,0,0,0,0,0,0,0,0,0,0,0,0,0,0,0,0,0,0,0,0,0,0,0,0,0,0,0,0,0,0,0,0,0,0,0,0,0,0,0,0,0,0,0,0,0,0,0,0,0,0,0,0,0,0,0,0,0,0,0,0,0,0,0,0,0,0,0,0,0,0,0,0,0,0,0,0,0,0,0,0,0,0,0,0,0,0,0,0,0,0,0,0,0,0,0,0,0,0
0,0,0,0,0,0,0,0,0,0,0,0,0,0,0,0,0,0,0,0,1,0,0,0,0,0,0,2,0,0,1,0,0,0,1,2,3,2,0,0,0,1,0,1,0,1,2,0,1,0,0,0,1,1,0,0,0,1,0,2,1,0,1,0,0,1,0,0,1,0,0,0,0,0,0,0,0,0,0,1,0,0,0,0,0,0,0,0,1,0,0,0,0,0,0,0,0,0,0,0,0,0,0,0,0,0,0,0,0,0,0,0,0,0,0,0,0,0,0,0,0,0,0,0,0,0,0,0,0,0,0,0,0,0,0,0,0,0,0,0,0,0,0,0,0,0,0,0,0,0,0,0,0,0,0,0,0,0,0,0,0,0,0,0,0,0,0,0,0,0,0,0,0,0,0,0,0,0,0,0,0,0,0,0,0,0,0,0,0,0,0,0,0,0,0,0,0,0,0,0
0,1,0,0,0,0,0,0,0,0,0,0,0,1,1,0,0,1,0,0,0,0,0,0,1,1,1,0,0,0,1,0,0,2,0,2,0,1,1,2,0,1,1,1,0,0,0,2,1,0,0,1,3,0,0,0,1,0,0,1,0,0,0,0,0,1,0,1,0,1,0,0,1,0,0,1,0,1,0,0,0,0,1,0,1,0,1,1,1,0,0,0,0,0,0,0,0,0,0,0,0,0,0,0,0,0,0,0,0,0,0,0,0,0,0,0,0,0,0,0,0,0,0,0,0,0,0,0,0,0,0,0,0,0,0,0,0,0,0,0,0,0,0,0,0,0,0,0,0,0,0,0,0,0,0,0,0,0,0,0,0,0,0,0,0,0,0,0,0,0,0,0,0,0,0,0,0,0,0,0,0,0,0,0,0,0,0,0,0,0,0,0,0,0,0,0,0,0,0,0
0,1,0,0,0,0,0,0,0,0,0,0,0,0,0,1,0,0,0,0,0,1,0,1,1,0,0,1,1,0,0,1,0,0,0,1,0,0,0,0,0,1,2,1,1,1,0,1,0,0,0,1,2,0,1,0,0,1,1,1,0,0,0,1,0,0,0,1,0,0,1,0,0,1,0,0,1,0,0,0,0,0,0,1,0,0,1,0,0,0,0,0,0,1,0,0,0,0,0,0,0,0,0,0,0,0,0,0,0,0,0,0,0,0,0,0,0,0,0,0,0,0,0,0,0,0,0,0,0,0,0,0,0,0,0,0,0,0,0,0,0,0,0,0,0,0,0,0,0,0,0,0,0,0,0,0,0,0,0,0,0,0,0,0,0,0,0,0,0,0,0,0,0,0,0,0,0,0,0,0,0,0,0,0,0,0,0,0,0,0,0,0,0,0,0,0,0,0,0,0
0,0,0,1,0,2,0,0,0,0,0,0,0,0,0,0,1,1,0,0,0,0,0,0,0,2,0,0,0,0,0,1,0,0,1,0,0,1,2,1,1,0,0,1,0,1,0,1,1,0,0,1,2,0,0,0,0,2,2,1,0,0,0,0,0,0,0,1,0,1,0,1,0,0,0,1,0,0,0,0,0,0,0,0,0,0,0,0,0,0,0,0,0,0,0,0,0,0,0,0,0,0,0,0,0,1,0,0,0,0,0,0,0,0,0,0,0,0,0,0,0,0,0,0,0,0,0,0,0,0,0,0,0,0,0,0,0,0,0,0,0,0,0,0,0,0,0,0,0,0,0,0,0,0,0,0,0,0,0,0,0,0,0,0,0,0,0,0,0,0,0,0,0,0,0,0,0,0,0,0,0,0,0,0,0,0,0,0,0,0,0,0,0,0,0,0,0,0,0,0
0,0,0,0,0,0,0,0,0,0,0,1,0,0,0,0,1,1,2,0,0,1,0,1,0,0,0,1,0,0,0,0,0,1,2,1,1,0,1,0,0,1,1,1,0,0,1,0,1,0,0,0,1,2,2,3,0,0,1,0,0,1,0,0,0,0,0,1,1,0,0,0,0,0,1,0,0,1,0,1,0,0,0,0,0,0,0,0,1,0,0,0,0,0,0,0,0,0,0,0,0,0,0,0,0,0,0,0,0,0,0,0,0,0,0,0,0,0,0,0,0,0,0,0,0,0,0,0,0,0,0,0,0,0,0,0,0,0,0,0,0,0,0,0,0,0,0,0,0,0,0,0,0,0,0,0,0,0,0,0,0,0,0,0,0,0,0,0,0,0,0,0,0,0,0,0,0,0,0,0,0,0,0,0,0,0,0,0,0,0,0,0,0,0,0,0,0,0,0,0
0,0,0,0,0,0,0,0,0,0,0,0,0,0,1,0,1,0,0,0,0,1,0,0,0,0,1,2,1,0,0,0,0,0,0,5,0,1,0,0,0,0,0,2,0,2,0,1,0,0,1,1,1,0,3,0,1,4,0,0,0,0,0,1,0,3,0,0,0,0,0,0,0,0,0,0,1,0,1,1,0,0,0,1,0,0,1,0,0,0,0,0,1,0,0,0,0,0,0,0,0,0,0,0,0,0,0,0,0,0,0,0,0,0,0,0,0,0,0,0,0,0,0,0,0,0,0,0,0,0,0,0,0,0,0,0,0,0,0,0,0,0,0,0,0,0,0,0,0,0,0,0,0,0,0,0,0,0,0,0,0,0,0,0,0,0,0,0,0,0,0,0,0,0,0,0,0,0,0,0,0,0,0,0,0,0,0,0,0,0,0,0,0,0,0,0,0,0,0,0
0,0,0,0,0,0,0,0,0,0,0,0,0,0,0,0,0,1,0,0,0,0,0,0,0,0,0,1,0,3,1,2,0,0,0,0,0,0,0,1,0,0,0,1,0,1,0,0,2,0,0,0,2,1,0,0,0,2,1,1,1,0,0,0,0,0,0,1,0,0,1,1,0,0,0,0,0,0,0,0,0,0,0,0,0,0,0,0,0,0,0,0,1,0,1,0,0,0,0,0,0,0,0,0,0,0,0,0,0,0,0,0,0,0,0,0,0,0,0,0,0,0,0,0,0,0,0,0,0,0,0,0,0,0,0,0,0,0,0,0,0,0,0,0,0,0,0,0,0,0,0,0,0,0,0,0,0,0,0,0,0,0,0,0,0,0,0,0,0,0,0,0,0,0,0,0,0,0,0,0,0,0,0,0,0,0,0,0,0,0,0,0,0,0,0,0,0,0,0,0
0,0,0,0,0,0,0,0,0,0,0,0,0,0,0,0,0,0,1,1,2,1,1,0,1,0,0,0,0,1,0,1,0,0,0,0,1,1,1,0,0,0,0,1,2,0,0,0,0,0,2,0,0,0,0,0,1,0,1,0,0,1,0,1,0,0,0,1,0,0,1,0,0,0,0,0,0,0,0,0,0,0,0,0,0,1,0,0,0,0,0,0,0,1,0,0,0,0,0,0,0,0,0,0,0,0,0,0,0,0,0,0,0,0,0,0,0,0,0,0,0,0,0,0,0,0,0,0,0,0,0,0,0,0,0,0,0,0,0,0,0,0,0,0,0,0,0,0,0,0,0,0,0,0,0,0,0,0,0,0,0,0,0,0,0,0,0,0,0,0,0,0,0,0,0,0,0,0,0,0,0,0,0,0,0,0,0,0,0,0,0,0,0,0,0,0,0,0,0,0
0,0,0,0,0,0,0,0,0,0,0,0,0,0,0,0,0,1,2,0,0,0,0,1,0,0,0,1,0,0,3,2,1,1,0,0,1,1,0,1,0,0,0,2,0,0,1,0,1,1,0,0,1,2,1,1,0,0,0,1,1,0,0,0,0,0,1,0,0,0,0,0,0,1,0,0,1,0,0,0,0,0,0,0,0,0,0,0,0,0,0,0,0,0,0,0,0,0,0,0,0,0,0,0,0,0,0,0,0,0,0,0,0,0,0,0,0,0,0,0,0,0,0,0,0,0,0,0,0,0,0,0,0,0,0,0,0,0,0,0,0,0,0,0,0,0,0,0,0,0,0,0,0,0,0,0,0,0,0,0,0,0,0,0,0,0,0,0,0,0,0,0,0,0,0,0,0,0,0,0,0,0,0,0,0,0,0,0,0,0,0,0,0,0,0,0,0,0,0,0
1,0,0,0,0,0,0,1,0,0,0,0,0,0,0,0,0,1,0,0,0,0,1,1,0,0,0,0,0,0,0,2,0,0,0,1,1,1,0,0,0,1,0,2,0,2,2,0,0,1,0,0,1,0,0,1,0,0,0,0,0,1,1,0,0,0,0,0,1,0,3,1,0,0,0,0,1,0,0,0,0,0,0,0,0,0,0,0,0,0,1,0,0,0,0,0,0,0,0,0,0,0,0,0,0,0,0,0,0,0,0,0,0,0,1,0,0,0,0,0,0,0,0,0,0,0,0,0,0,0,0,0,0,0,0,0,0,0,0,0,0,0,0,0,0,0,0,0,0,0,0,0,0,0,0,0,0,0,0,0,0,0,0,0,0,0,0,0,0,0,0,0,0,0,0,0,0,0,0,0,0,0,0,0,0,0,0,0,0,0,0,0,0,0,0,0,0,0,0,0
0,0,0,0,0,0,0,0,0,0,0,0,0,0,0,0,0,0,0,0,0,0,0,0,1,0,0,0,0,0,1,0,1,1,0,2,0,0,0,1,0,1,0,0,1,2,1,1,0,0,1,0,0,0,0,1,1,0,0,1,2,0,0,0,0,0,0,0,1,0,0,0,1,0,0,0,0,0,0,0,0,1,0,0,0,0,0,1,0,1,0,0,0,0,0,0,0,0,0,0,0,0,0,0,0,0,0,0,0,0,0,0,0,0,0,0,0,0,0,0,0,0,0,0,0,0,0,0,0,0,0,0,0,0,0,0,0,0,0,0,0,0,0,0,0,0,0,0,0,0,0,0,0,0,0,0,0,0,0,0,0,0,0,0,0,0,0,0,0,0,0,0,0,0,0,0,0,0,0,0,0,0,0,0,0,0,0,0,0,0,0,0,0,0,0,0,0,0,0,0
0,0,0,0,0,0,0,0,0,0,0,0,0,0,0,0,0,0,0,1,0,0,0,1,0,0,0,0,1,0,1,1,1,0,2,1,0,0,1,0,1,1,0,0,0,1,3,0,1,0,1,0,0,1,1,0,0,1,0,0,1,1,2,0,1,0,0,0,0,1,0,0,0,0,0,0,0,0,0,0,0,0,0,0,0,0,0,0,0,0,1,0,0,0,0,0,0,0,0,0,0,0,0,0,0,0,0,0,0,0,0,0,0,0,0,0,0,0,0,0,0,0,0,0,0,0,0,0,0,0,0,0,0,0,0,0,0,0,0,0,0,0,0,0,0,0,0,0,0,0,0,0,0,0,0,0,0,0,0,0,0,0,0,0,0,0,0,0,0,0,0,0,0,0,0,0,0,0,0,0,0,0,0,0,0,0,0,0,0,0,0,0,0,0,0,0,0,0,0,0
