9,2,2,4,1,14,8,1,16,5,16,12,22,38,14,27,27,41,25,36,77,60,49,85,51,77,124,89,119,161,129,176,154,188,210,195,263,276,240,273,334,361,313,380,437,420,489,501,502,540,612,594,581,651,685,769,840,834,925,827,895,1050,994,956,1069,1080,1220,1085,1161,1171,1217,1273,1255,1355,1361,1271,1444,1304,1271,1454,1430,1252,1253,1319,1341,1213,1291,1173,1226,1312,1163,1177,1199,1230,1060,1030,981,1033,939,958,880,855,790,882,785,878,707,654,635,659,560,567,551,479,439,480,382,461,395,364,355,335,317,267,260,287,257,207,204,175,152,155,128,121,145,113,111,80,74,73,79,68,48,64,47,51,38,40,21,41,30,10,25,20,9,12,16,6,8,6,1,6,2,7,6,4,0,3,0,2,2,1,1,0,3,0,1,0,0,0,0,0,0,0,1,1,0,0,0,2,0,0,0,0,0,0,0,0,0,0
20,6,2,4,1,10,8,3,15,6,19,18,27,24,9,32,37,42,37,57,93,54,61,92,68,98,154,98,134,181,172,212,198,243,290,275,334,299,294,353,446,430,416,472,612,551,605,581,590,635,794,750,776,809,889,912,944,937,1090,980,1004,1092,1075,1130,1189,1162,1303,1204,1259,1195,1232,1260,1302,1355,1340,1261,1381,1257,1259,1348,1336,1222,1266,1149,1224,1154,1181,1167,1076,1023,1011,1055,1000,1029,857,859,797,836,790,763,738,688,675,718,601,613,575,526,525,462,444,453,435,368,342,366,321,345,281,295,235,232,230,198,202,202,203,179,154,146,118,121,83,101,116,86,88,59,70,71,40,66,34,45,53,32,29,35,19,17,36,9,13,20,15,11,18,7,9,5,4,9,10,10,2,0,0,3,1,2,4,0,0,0,5,0,2,0,0,0,0,0,0,0,2,1,0,0,0,2,0,0,0,0,0,0,0,0,0,0
22,4,1,1,6,14,6,8,26,4,17,19,22,34,21,47,35,53,34,58,97,80,66,131,101,104,169,123,184,226,222,244,192,264,344,331,386,359,391,400,490,555,453,536,626,626,688,654,709,684,846,790,834,899,965,953,1099,1076,1114,1000,1177,1177,1172,1091,1242,1233,1334,1181,1359,1157,1235,1206,1244,1319,1379,1288,1311,1214,1194,1269,1179,1166,1147,1066,1128,1080,1069,1006,1027,960,927,911,956,896,807,732,700,772,702,701,622,650,531,559,576,549,492,459,384,405,383,392,357,302,293,302,231,280,237,224,192,203,186,155,166,202,164,150,134,108,100,85,87,70,95,93,87,44,50,54,40,44,38,48,42,23,26,24,13,13,18,12,15,15,5,15,8,7,7,4,0,6,5,6,6,5,0,3,0,4,1,5,1,0,4,0,0,0,0,0,0,0,0,0,0,0,0,0,0,2,0,0,0,0,0,0,0,0,0,0
18,8,3,9,3,14,9,11,30,8,22,17,32,52,14,52,46,63,32,63,111,89,76,148,108,132,181,140,215,255,231,283,234,334,348,366,479,353,424,497,538,562,515,537,716,648,719,727,750,770,828,844,833,917,1028,996,1103,1136,1082,1077,1112,1159,1156,1156,1225,1252,1314,1145,1283,1127,1253,1197,1188,1237,1266,1201,1256,1130,1140,1202,1147,1088,1051,995,1052,959,1006,933,961,844,840,831,791,823,721,737,678,644,563,579,559,539,489,514,485,478,456,400,343,344,330,355,301,278,250,245,221,256,210,186,181,161,175,140,140,166,147,123,104,109,77,75,62,65,90,57,73,51,44,48,34,45,20,23,30,24,21,21,10,18,30,11,17,16,10,11,12,4,9,8,2,6,3,4,4,3,0,4,0,0,2,2,0,0,8,0,3,0,0,0,0,0,0,0,2,2,0,0,0,1,0,0,0,0,0,0,0,0,0,0
29,12,3,1,6,22,5,10,31,5,21,24,34,53,13,52,50,61,37,61,137,101,97,148,110,148,217,115,237,296,245,303,249,359,366,387,441,380,385,520,529,586,524,545,720,710,769,758,823,780,953,891,833,954,1014,1060,1086,1105,1196,1089,1176,1218,1171,1126,1202,1165,1300,1146,1263,1159,1179,1194,1146,1180,1254,1193,1200,1098,1084,1114,1062,1027,1005,948,967,896,910,867,877,824,750,807,757,725,713,650,597,597,523,570,497,441,446,499,433,394,387,350,325,306,276,275,256,258,238,233,182,225,207,159,151,175,167,113,137,150,128,121,84,90,61,83,65,63,82,57,71,45,47,49,39,37,15,40,32,15,11,17,7,14,21,6,5,16,5,6,10,3,5,6,4,12,6,0,4,5,0,2,0,1,0,1,1,0,3,0,0,0,0,0,0,0,0,0,2,3,0,0,0,4,0,0,0,0,0,0,0,0,0,0
30,7,4,3,10,14,8,10,35,6,17,18,44,54,16,39,48,52,39,61,146,97,85,130,121,147,252,174,235,277,217,315,278,366,402,385,440,397,431,475,614,581,558,613,725,712,767,752,791,808,913,874,935,1011,982,1016,1131,1138,1195,1093,1076,1121,1184,1173,1210,1160,1253,1075,1239,1134,1120,1151,1135,1180,1132,1101,1140,1124,1012,1094,1043,888,913,926,888,884,878,785,792,800,684,720,708,700,620,622,544,594,515,492,444,395,386,398,415,378,340,320,248,278,294,281,232,212,192,215,184,203,180,167,126,150,134,116,129,142,120,117,82,92,62,58,50,64,64,53,67,35,41,33,25,45,13,43,18,25,12,11,7,12,20,7,8,15,6,6,14,5,11,6,1,8,0,8,1,1,0,4,0,1,0,2,2,0,1,0,1,0,0,0,0,0,0,0,1,2,0,0,0,0,0,0,0,0,0,0,0,0,0,0
34,5,3,3,2,21,8,7,36,2,29,9,28,56,27,47,67,56,47,64,142,111,91,145,139,156,252,181,250,265,264,351,316,387,418,420,476,449,418,557,584,672,530,644,755,761,769,774,853,769,896,925,883,967,1055,994,1146,1101,1163,1016,1113,1176,1108,1105,1276,1121,1169,1097,1203,1077,1093,1151,1089,1198,1207,1062,1114,999,996,1018,993,936,892,892,797,834,802,733,760,714,619,640,631,614,568,570,505,516,420,478,432,379,352,399,370,357,354,305,276,288,263,256,196,188,224,191,166,186,149,189,106,143,142,116,121,145,124,92,68,67,52,59,52,48,67,48,50,40,29,43,20,31,20,39,17,14,19,7,14,8,16,4,10,13,5,6,7,1,9,2,0,7,5,3,2,4,0,1,0,2,1,2,1,0,2,0,0,0,0,0,0,0,0,0,1,3,0,0,0,1,0,0,0,0,0,0,0,0,0,0
29,3,4,1,14,11,5,2,36,7,20,18,30,65,23,72,53,62,65,80,136,89,113,166,122,160,253,181,276,287,272,353,287,344,427,416,481,454,431,575,665,651,592,687,757,731,827,780,844,780,908,946,880,975,1045,1039,1119,1159,1137,1072,1106,1175,1088,1092,1179,1115,1196,1121,1192,1039,1118,1079,1015,1061,1131,1055,1073,974,941,971,920,844,869,803,771,747,738,667,702,639,633,626,616,609,560,526,450,492,458,442,371,319,336,366,342,336,306,272,240,276,209,225,201,195,193,163,122,173,122,166,130,109,125,100,68,122,94,91,75,77,54,57,48,44,78,45,58,38,30,27,24,28,16,20,13,12,11,10,4,8,11,8,6,10,7,7,2,5,9,3,3,7,3,4,3,3,0,1,0,0,0,0,1,0,0,0,0,0,0,0,0,0,0,0,0,2,0,0,0,0,0,0,0,0,0,0,0,0,0,0
26,11,1,4,4,32,6,12,41,5,26,36,34,69,22,79,72,86,54,77,150,100,116,169,121,167,231,188,254,281,306,399,281,395,453,431,505,454,456,525,595,639,561,640,733,739,767,785,841,858,907,960,868,1048,1031,1026,1103,1129,1120,1063,1138,1168,1135,1011,1138,1060,1164,1079,1083,1032,1030,1034,1020,1110,1091,976,1012,926,844,942,894,800,759,813,763,704,746,669,636,614,617,571,550,551,522,472,448,436,431,416,409,335,334,304,300,302,266,245,209,204,239,210,185,165,166,158,151,153,140,135,120,94,108,89,81,125,88,78,72,69,54,42,37,39,58,43,43,29,21,35,26,17,18,24,24,20,17,5,9,16,19,5,13,8,4,12,10,0,9,3,1,3,4,4,3,3,0,1,0,0,0,0,0,0,1,0,1,0,0,0,0,0,0,0,1,0,0,0,0,0,0,0,0,0,0,0,0,0,0,0
38,9,3,7,9,22,5,11,49,4,28,26,29,62,18,87,59,64,36,76,160,122,111,181,126,163,264,199,287,312,258,378,274,413,425,476,481,486,469,524,638,624,562,668,777,722,777,809,867,812,940,931,843,995,1062,1046,1105,1097,1133,1018,1099,1083,1039,1075,1145,1078,1146,1010,1131,935,968,980,953,1075,1032,918,974,878,887,870,826,781,772,722,728,640,669,625,627,622,585,539,597,510,477,429,396,396,401,385,339,292,255,303,327,309,284,238,215,206,190,174,173,156,173,153,144,143,135,124,104,124,101,84,79,100,70,70,73,61,49,49,47,39,48,35,31,27,29,19,21,19,11,19,18,13,14,15,15,6,18,3,5,8,2,4,4,6,11,3,3,4,6,5,4,0,0,2,0,0,4,2,0,0,1,0,0,0,0,0,0,0,0,0,1,0,0,0,0,0,0,0,0,0,0,0,0,0,0,0
30,9,2,7,5,25,5,4,40,9,17,34,35,57,19,68,74,67,42,110,135,121,101,171,143,181,228,181,262,316,280,370,310,398,452,470,498,474,468,553,609,640,637,650,753,727,812,737,867,842,959,932,862,990,1029,1010,1177,1063,1103,966,1059,1148,1148,1031,1122,1031,1150,1009,1032,946,1037,957,936,992,1047,910,936,882,827,827,830,709,720,646,664,673,628,590,617,544,553,505,491,508,418,419,443,378,345,389,360,281,269,288,302,270,263,241,229,207,213,187,165,147,147,134,126,140,130,102,88,103,102,93,68,103,102,77,61,71,44,62,52,33,47,39,41,38,25,25,14,23,19,19,17,11,10,9,10,8,14,4,3,10,3,2,3,3,6,1,1,3,3,4,1,3,0,4,0,1,1,1,0,0,1,0,1,0,0,0,0,0,0,0,0,0,0,0,0,2,0,0,0,0,0,0,0,0,0,0
32,7,7,4,11,21,11,11,40,10,24,30,53,53,29,51,87,71,50,71,163,124,98,199,150,177,271,168,258,308,336,371,319,383,453,434,464,472,465,564,617,632,602,627,748,774,787,818,869,774,924,925,898,946,1017,977,1069,1039,1138,1004,1024,1203,1050,1002,1025,1066,1007,997,1043,915,883,922,874,1002,891,892,890,792,836,824,790,725,673,731,623,566,618,559,544,539,508,506,454,498,436,375,376,389,340,312,306,301,253,257,254,267,228,241,202,201,169,162,155,127,138,134,105,124,121,105,90,101,99,83,71,113,68,68,50,60,46,36,33,28,46,41,33,26,31,27,17,18,14,18,15,19,7,6,13,14,10,5,6,7,2,4,4,3,9,2,0,6,3,5,1,2,0,2,0,0,1,0,2,0,2,0,1,0,0,0,0,0,0,0,0,1,0,0,0,0,0,0,0,0,0,0,0,0,0,0
34,9,5,4,12,16,9,6,36,13,24,34,39,68,19,75,73,72,49,100,154,115,100,186,144,180,268,197,264,284,268,369,302,446,488,455,503,465,431,566,599,653,580,624,719,718,817,798,858,841,874,892,834,973,1055,980,1048,1001,1061,956,1038,1101,1054,1024,1023,979,1049,908,972,828,857,930,880,855,878,851,851,779,725,750,741,692,700,620,629,576,586,538,516,525,507,441,448,497,417,359,389,343,328,290,271,251,241,251,270,233,215,186,178,161,194,176,136,133,118,124,114,112,106,124,75,78,78,76,69,91,53,66,55,46,32,39,26,24,51,35,23,26,27,31,11,11,14,20,20,17,8,7,5,5,18,2,6,8,4,7,3,2,2,1,0,2,2,2,1,2,0,1,0,1,0,2,1,0,2,0,0,0,0,0,0,0,0,0,1,0,0,0,0,0,0,0,0,0,0,0,0,0,0,0
39,8,4,5,10,26,8,17,42,8,28,25,33,73,19,68,67,78,50,103,145,151,115,168,174,154,281,205,272,304,308,410,323,436,486,469,508,473,403,563,593,663,577,641,743,777,766,807,878,822,907,908,856,920,1003,965,1018,1001,1049,973,960,1006,1026,907,965,959,1015,912,985,873,850,935,846,880,927,795,824,748,703,732,717,647,588,639,557,550,533,533,505,471,433,433,449,466,402,349,364,374,295,318,261,249,224,297,254,243,199,180,150,154,148,163,139,159,133,129,93,117,103,85,83,94,81,90,80,79,64,63,38,46,30,34,35,29,38,29,39,21,30,31,15,14,10,16,20,12,9,9,7,4,6,1,2,9,8,5,6,1,5,3,0,3,3,0,2,1,0,1,0,1,1,1,2,0,1,0,0,0,0,0,0,0,0,0,3,2,0,0,0,0,0,0,0,0,0,0,0,0,0,0
47,7,7,5,7,28,7,13,41,9,26,35,40,61,28,56,65,84,47,80,163,115,104,181,154,181,285,204,291,302,266,383,317,465,433,461,501,455,481,525,601,651,603,605,728,699,828,727,840,771,872,882,870,883,907,957,1063,967,965,926,974,997,956,932,977,957,1010,820,889,823,824,853,843,817,869,789,800,747,728,738,732,639,651,561,565,523,530,505,446,456,424,417,414,424,387,335,328,309,293,306,233,227,209,263,221,190,162,176,139,159,162,141,110,135,99,126,109,110,104,104,76,93,75,64,65,70,63,51,46,46,35,41,30,35,49,22,28,21,24,24,15,15,8,21,13,6,5,5,8,6,7,3,6,8,7,4,2,1,8,2,1,3,5,2,3,2,0,2,0,0,0,1,1,0,0,0,0,0,0,0,0,0,0,0,2,0,0,0,0,1,0,0,0,0,0,0,0,0,0,0
41,12,4,11,5,22,11,13,44,15,21,27,47,56,30,71,73,75,59,103,183,117,138,193,142,172,253,179,265,332,297,401,316,383,483,477,493,463,444,560,612,645,575,633,749,703,762,765,802,766,868,918,859,886,961,899,1041,952,1025,866,976,979,978,936,928,892,965,839,893,812,808,818,741,832,832,730,719,682,641,683,618,610,590,522,557,483,494,500,445,444,426,402,368,394,376,349,315,322,292,267,221,228,222,239,213,207,167,147,144,149,139,133,110,120,97,108,96,93,92,91,72,96,88,70,58,75,59,60,35,62,32,26,33,30,39,29,24,22,25,20,19,21,13,15,11,11,2,4,16,10,10,1,3,4,4,3,2,0,4,2,2,9,4,2,3,0,0,1,0,0,0,0,0,0,3,0,1,0,0,0,0,0,0,0,0,0,0,0,0,0,0,0,0,0,0,0,0,0,0,0
48,8,3,8,14,14,9,5,47,6,27,24,40,58,20,57,74,64,39,97,149,112,116,206,153,158,256,187,277,325,297,401,303,399,443,455,486,477,426,588,630,641,572,624,747,750,801,730,790,791,891,838,856,899,881,871,960,922,991,880,950,991,933,939,913,862,923,815,856,734,757,836,745,805,819,716,741,702,631,634,616,577,546,559,553,502,463,458,436,415,382,351,379,375,341,306,278,292,261,255,282,221,199,217,219,178,187,152,145,138,153,141,126,115,102,108,64,90,94,86,74,61,76,45,43,67,66,56,38,42,27,31,23,29,35,36,25,21,19,19,12,6,7,17,10,10,10,3,5,6,6,2,0,7,3,4,3,1,6,1,0,1,4,2,2,1,0,0,0,0,0,0,0,0,1,0,1,0,0,0,0,0,0,0,0,0,0,0,0,1,0,0,0,0,0,0,0,0,0,0
45,12,8,5,15,23,11,9,51,8,34,36,45,67,26,66,75,84,46,89,177,145,120,162,173,177,265,227,254,294,311,410,289,409,470,454,502,472,482,565,600,655,579,646,719,688,771,786,770,764,860,811,865,797,943,870,989,953,984,811,926,977,865,860,888,817,853,767,818,752,767,744,674,815,750,713,716,669,626,618,584,568,532,535,496,443,471,418,406,429,378,342,351,331,337,307,291,293,252,248,218,209,170,215,207,159,184,134,140,138,119,137,101,99,106,82,81,101,92,84,58,60,58,52,56,75,36,50,39,41,20,22,24,31,35,37,34,20,23,15,10,20,14,20,11,10,8,7,2,4,4,5,2,5,4,6,0,0,5,1,0,3,0,3,2,1,0,1,0,1,1,1,1,0,3,0,3,0,0,0,0,0,0,0,0,0,0,0,0,1,0,0,0,0,0,0,0,0,0,0
43,7,3,6,10,29,13,6,46,8,19,26,30,65,24,57,63,70,49,90,150,126,106,175,153,190,250,214,275,301,284,410,287,389,430,468,504,458,444,586,613,653,580,664,779,694,737,724,798,753,810,788,756,859,869,860,967,876,900,826,871,836,856,866,849,835,872,773,886,719,684,722,706,723,796,695,710,627,550,621,561,533,524,454,475,444,414,447,453,369,343,361,340,338,331,281,264,252,235,219,205,217,177,199,164,174,158,130,117,134,136,138,89,97,112,81,75,87,74,70,55,67,59,59,43,74,46,56,47,41,36,19,29,19,32,14,34,21,16,20,6,17,7,16,13,7,6,3,5,3,7,1,5,6,1,6,2,4,7,5,1,3,2,0,0,4,0,2,0,2,0,2,1,0,0,0,0,0,0,0,0,0,0,0,0,0,0,0,0,1,0,0,0,0,0,0,0,0,0,0
38,10,5,5,15,20,8,11,52,14,21,22,43,61,22,77,82,73,51,86,163,148,106,174,159,178,247,192,259,316,277,392,285,397,428,425,456,473,430,539,572,646,558,610,706,696,703,717,738,727,863,812,778,822,883,813,909,829,915,831,861,925,858,789,865,796,864,730,821,663,725,694,635,717,703,691,627,620,566,584,591,534,491,492,464,425,438,403,402,356,381,294,328,310,328,268,273,254,239,225,194,175,147,167,176,158,153,138,121,111,107,120,114,83,90,74,80,90,84,78,59,66,67,46,47,63,56,39,38,40,23,24,25,30,42,17,17,11,15,19,15,18,10,13,19,7,8,4,4,6,5,2,4,4,2,2,2,1,15,0,1,3,3,0,2,0,0,0,0,0,1,0,0,0,0,0,0,0,0,0,0,0,0,0,1,2,0,0,0,0,0,0,0,0,0,0,0,0,0,0
41,7,0,6,14,21,18,10,44,11,30,39,49,64,16,71,62,75,45,89,154,121,103,178,128,147,276,171,271,304,295,397,283,382,442,428,527,455,443,534,574,623,594,599,656,697,703,739,751,700,790,805,729,876,878,819,914,838,880,838,815,840,848,791,796,843,854,720,754,726,676,678,639,656,666,592,617,582,554,562,522,489,478,478,443,410,400,356,343,327,338,317,315,328,288,259,276,239,203,209,190,158,163,171,166,162,150,152,123,107,129,90,116,89,85,72,73,80,67,76,61,60,64,57,43,46,32,38,27,35,27,25,16,23,26,23,19,21,19,15,11,9,6,16,16,6,6,3,6,7,7,0,4,7,1,5,4,4,2,1,0,4,0,0,0,0,0,3,0,0,0,0,0,0,1,0,0,0,0,0,0,0,0,0,0,0,0,0,0,0,0,0,0,0,0,0,0,0,0,0
40,5,4,8,10,21,9,18,47,13,18,35,36,72,22,75,76,60,50,84,152,133,105,193,139,177,292,188,255,303,292,368,314,380,452,461,489,452,417,529,580,597,527,581,670,679,725,679,752,654,764,785,758,814,811,827,845,844,885,771,855,835,861,775,828,786,809,703,733,618,669,685,601,683,627,594,629,536,546,529,537,443,463,462,414,403,385,377,334,308,304,306,298,317,276,267,245,237,196,205,204,162,149,182,166,173,140,117,111,111,107,114,96,80,78,88,67,73,66,64,63,51,66,49,41,53,59,45,29,33,26,23,19,21,37,26,13,17,12,15,10,11,9,20,15,10,5,1,6,9,3,0,1,6,1,1,2,3,4,1,3,4,1,1,4,1,0,0,0,0,0,0,0,0,3,0,0,0,0,0,0,0,0,0,0,1,0,0,0,1,0,0,0,0,0,0,0,0,0,0
41,5,5,6,14,27,11,17,57,11,20,36,40,56,20,73,74,69,49,76,137,114,127,166,169,164,248,189,289,301,302,380,266,406,404,433,503,457,399,500,567,591,535,600,655,615,743,687,679,663,773,747,692,750,847,744,844,829,817,764,866,801,754,791,784,708,775,690,757,599,618,624,564,640,576,598,569,550,496,487,471,428,421,417,401,395,364,322,345,357,275,256,286,277,284,205,247,219,187,216,171,170,110,177,159,163,139,142,110,102,108,112,92,71,74,58,64,95,63,63,45,54,51,38,37,54,35,34,35,25,27,22,24,26,29,19,20,11,24,22,9,11,7,9,12,10,8,4,7,4,10,3,3,6,2,4,2,4,5,0,0,6,0,0,3,0,0,1,0,0,0,1,0,0,1,0,1,0,0,0,0,0,0,0,2,0,0,0,0,0,0,0,0,0,0,0,0,0,0,0
40,6,1,2,13,23,8,20,41,5,26,29,39,69,16,76,64,67,74,96,149,126,107,182,170,175,254,195,291,309,290,399,279,406,447,461,489,457,389,490,538,561,530,604,634,643,751,707,681,680,757,693,682,723,839,769,837,847,815,720,761,784,743,704,748,711,745,663,715,610,665,607,594,597,636,608,567,485,490,499,507,423,432,405,372,347,345,340,332,317,264,286,253,246,267,211,205,182,184,190,172,155,120,154,144,122,140,112,104,100,110,97,96,67,77,63,64,76,62,50,55,57,46,40,42,43,36,33,28,19,23,35,25,21,29,14,18,20,20,16,7,11,4,5,11,8,8,5,6,6,7,0,4,4,1,2,1,2,6,1,0,3,4,0,1,2,0,1,0,1,0,0,0,0,0,0,0,0,0,0,0,0,0,0,0,0,0,0,0,0,0,0,0,0,0,0,0,0,0,0
46,10,3,7,15,16,9,19,46,8,28,33,47,65,20,80,61,72,46,95,152,103,99,159,154,200,229,177,281,325,309,356,289,378,424,417,480,447,408,545,535,561,506,594,649,627,678,647,717,708,770,707,747,767,737,764,855,772,844,697,771,776,767,694,728,720,737,652,666,604,590,607,550,508,618,542,555,466,493,449,483,415,414,417,376,349,365,346,334,276,268,247,302,277,243,221,205,217,180,168,174,140,128,156,143,152,127,98,92,93,96,98,92,54,64,75,54,60,52,58,52,54,51,43,39,48,35,48,29,32,12,23,24,23,26,20,30,14,20,16,13,13,10,7,9,5,4,3,8,5,10,0,3,4,3,4,1,0,5,1,0,2,0,1,0,1,0,0,0,0,0,0,1,0,0,0,0,0,0,0,0,0,0,0,1,1,0,0,0,0,0,0,0,0,0,0,0,0,0,0
35,12,6,5,11,25,6,15,49,15,24,23,40,69,24,78,62,61,38,78,168,118,115,176,148,150,246,173,249,311,277,367,310,366,440,424,441,415,417,508,532,530,518,574,684,609,630,684,658,644,752,701,680,735,781,703,817,732,806,697,744,759,675,684,773,685,728,647,620,627,601,528,528,632,562,568,583,492,441,463,435,395,420,374,381,331,323,306,290,302,298,249,235,249,255,216,244,197,194,168,141,124,119,142,149,149,136,110,97,86,75,90,77,66,59,72,62,53,72,63,36,45,48,27,39,38,33,38,28,24,21,16,14,20,23,20,20,14,14,15,10,15,6,12,7,7,6,5,5,5,9,1,4,6,3,2,2,1,4,1,0,4,2,1,0,1,0,1,0,1,0,1,0,0,0,0,0,0,0,0,0,0,0,0,0,1,0,0,0,0,0,0,0,0,0,0,0,0,0,0
37,13,6,5,6,20,13,14,44,9,27,20,39,56,14,61,51,64,52,90,149,106,102,185,153,180,234,171,237,281,291,344,294,360,399,425,408,418,364,516,548,552,513,526,612,598,635,689,666,638,713,675,738,736,734,681,820,722,764,628,681,719,697,637,684,663,680,631,635,533,560,570,535,534,541,521,467,484,433,425,461,360,380,351,351,314,305,277,292,274,292,240,206,238,250,167,205,176,142,197,137,142,123,140,125,108,119,109,89,95,78,78,70,69,57,61,57,58,48,48,43,53,40,38,39,55,41,28,26,22,17,22,10,20,21,20,12,12,10,10,8,9,11,9,7,6,4,3,3,6,6,2,3,2,4,1,2,3,5,1,2,2,5,1,1,2,0,2,0,0,0,2,0,0,0,0,0,0,0,0,0,0,0,0,3,1,0,0,0,0,0,0,0,0,0,0,0,0,0,0
49,9,6,4,14,17,15,5,52,12,23,34,32,69,13,57,80,72,52,70,145,107,87,185,137,165,272,199,230,260,261,324,284,360,405,385,441,419,378,487,513,590,487,554,633,603,618,655,648,647,661,693,618,710,737,695,793,729,707,631,708,718,712,658,689,645,661,569,600,545,510,537,544,540,491,555,516,448,442,424,449,369,370,379,353,317,297,297,256,286,233,250,206,245,229,209,179,198,148,154,139,141,125,137,122,126,106,105,96,96,75,83,82,62,66,61,52,52,53,45,33,53,39,34,31,51,35,30,23,25,15,23,14,21,19,14,20,18,14,13,11,7,6,8,7,10,3,4,3,3,6,0,4,3,0,1,2,1,6,3,0,1,4,1,1,0,0,0,0,0,1,0,0,0,0,0,0,0,0,0,0,0,0,0,1,0,0,0,0,0,0,0,0,0,0,0,0,0,0,0
38,9,3,6,14,19,13,10,40,4,32,25,37,66,28,63,64,74,44,85,145,119,93,174,144,171,232,183,277,279,264,338,253,370,422,377,446,384,396,447,496,552,469,542,558,577,616,612,593,597,677,699,587,684,705,684,772,698,717,608,658,710,685,620,687,643,661,547,621,519,538,577,508,518,529,509,480,466,410,409,414,361,350,330,316,328,321,283,264,267,238,258,219,214,206,179,168,157,165,150,136,137,126,113,110,101,97,86,81,90,70,78,86,64,64,47,47,56,49,61,41,36,46,42,33,37,41,24,18,26,19,17,17,13,25,11,16,18,16,6,9,6,3,7,2,7,6,4,2,5,4,0,0,4,3,2,3,1,0,0,0,1,0,2,3,4,0,0,0,0,0,0,1,0,0,0,0,0,0,0,0,0,0,0,0,2,0,0,0,1,0,0,0,0,0,0,0,0,0,0
35,13,7,7,11,28,4,6,49,7,30,10,44,65,12,71,56,66,44,97,148,128,72,166,151,174,253,206,245,314,292,354,279,370,399,398,423,389,340,446,486,532,492,520,591,554,638,603,669,607,644,630,647,708,690,629,708,681,734,601,627,664,641,591,643,636,580,484,611,499,521,487,463,536,518,505,478,422,384,448,426,357,343,315,313,299,287,260,270,235,225,216,216,204,211,168,156,158,137,140,123,129,110,121,130,96,85,84,100,78,94,74,61,83,66,57,53,52,46,48,41,28,38,28,25,35,31,24,23,21,21,22,14,16,27,12,12,8,11,12,13,8,6,12,11,4,6,1,4,3,5,1,2,0,7,1,1,1,4,0,0,1,0,4,2,1,0,0,0,0,0,0,0,0,0,0,1,0,0,0,0,0,0,0,0,0,0,0,0,1,0,0,0,0,0,0,0,0,0,0
42,6,2,8,15,18,10,15,31,11,25,34,45,56,17,65,63,77,43,100,140,124,87,167,146,157,256,197,196,267,264,318,285,375,366,367,443,424,368,484,500,499,457,498,559,567,604,598,572,604,693,625,597,695,701,623,715,663,731,598,650,644,604,627,610,589,587,520,589,500,532,507,476,528,488,444,445,397,407,378,359,334,313,324,311,288,280,231,263,250,227,208,234,207,177,149,164,161,139,137,121,118,115,118,120,115,80,82,74,82,77,83,66,49,66,63,50,39,56,50,34,40,38,34,35,26,31,41,11,20,11,19,14,14,24,16,19,8,7,7,8,6,4,10,8,6,2,8,5,1,7,1,4,3,5,3,3,2,4,0,2,4,0,1,1,1,0,1,0,0,0,0,0,0,0,0,0,0,0,0,0,0,0,0,0,3,0,0,0,0,0,0,0,0,0,0,0,0,0,0
42,7,2,5,12,22,11,11,32,12,26,31,53,62,20,86,53,69,66,64,144,106,93,143,157,175,225,195,233,289,260,303,274,329,417,353,456,412,389,466,481,488,452,474,581,526,612,639,604,605,649,624,565,661,677,676,696,675,687,578,572,663,594,554,650,582,617,485,533,472,450,523,414,502,478,440,410,373,403,395,387,335,299,315,280,283,235,228,281,201,207,184,205,210,168,181,152,136,138,131,100,106,74,110,100,104,91,83,74,69,80,67,58,57,43,45,38,49,45,47,35,32,38,23,30,34,30,28,24,12,11,15,7,13,11,21,15,11,9,12,6,9,7,6,9,7,1,3,2,5,4,0,1,7,4,2,3,1,2,1,0,0,1,0,2,1,0,0,0,0,0,1,0,0,0,0,0,0,0,0,0,0,0,0,1,1,0,0,0,1,0,0,0,0,0,0,0,0,0,0
35,10,4,4,11,22,6,8,44,5,16,27,38,66,18,59,66,80,39,91,123,115,91,168,121,161,218,163,238,270,258,325,270,300,363,380,449,375,357,472,480,509,468,512,564,551,558,568,610,554,648,675,599,585,605,642,652,620,633,570,633,568,592,544,563,586,607,506,557,461,455,460,457,431,406,418,400,379,378,360,363,314,315,300,281,251,255,250,226,235,188,198,165,217,187,131,141,156,128,124,119,106,102,99,114,107,94,80,74,58,79,68,61,58,56,37,46,36,39,33,29,40,27,31,26,47,20,26,29,24,18,14,14,20,21,10,16,15,4,6,13,9,4,6,8,7,2,3,5,3,2,0,5,5,5,0,3,2,2,1,0,2,1,1,4,0,0,0,0,0,0,0,0,0,0,0,0,0,0,0,0,0,0,0,0,0,0,0,0,0,0,0,0,0,0,0,0,0,0,0
34,6,3,5,12,28,7,12,45,10,17,24,31,42,19,51,50,80,47,79,127,130,95,182,140,149,241,167,229,259,216,319,244,321,325,377,386,385,315,425,465,470,452,455,550,478,533,554,532,565,625,581,554,572,597,617,678,616,620,573,639,608,550,574,563,564,560,506,504,418,459,456,429,450,423,401,380,362,346,346,356,319,304,254,282,263,236,251,245,205,188,206,180,201,189,145,121,160,124,125,105,102,88,93,86,99,93,85,60,75,77,62,57,48,52,39,49,49,45,49,34,46,31,31,34,36,35,27,16,21,12,16,9,17,18,14,17,11,15,13,6,9,1,8,5,4,5,2,2,3,2,0,1,4,1,4,2,0,5,2,1,1,1,0,1,2,0,0,0,1,0,0,0,0,0,0,0,0,0,0,0,0,0,0,0,0,0,0,0,0,0,0,0,0,0,0,0,0,0,0
34,9,4,2,16,28,9,9,54,12,22,25,36,64,17,60,81,61,41,91,123,120,94,164,128,124,216,166,210,280,235,365,224,310,346,342,415,375,358,433,444,494,453,466,487,526,558,492,561,543,589,557,537,579,581,559,637,590,621,521,549,576,571,503,523,527,559,451,484,467,444,452,399,416,405,369,372,370,352,357,334,260,290,276,255,250,232,217,211,196,185,188,191,176,172,167,135,131,126,126,118,88,87,95,93,77,94,74,60,64,73,62,64,48,55,47,31,47,36,40,39,36,28,27,26,25,22,19,18,23,10,11,13,17,31,10,18,8,8,12,7,9,2,5,10,6,1,0,2,4,3,1,3,6,4,0,2,2,4,1,0,2,1,0,3,0,0,0,0,0,0,1,0,0,0,0,0,0,0,0,0,0,0,0,0,0,0,0,0,0,0,0,0,0,0,0,0,0,0,0
38,9,2,4,11,19,5,8,46,4,32,25,24,65,17,57,54,64,44,68,123,104,74,142,124,149,232,172,234,245,249,331,219,329,350,355,378,366,342,427,439,464,406,451,540,485,537,552,532,526,591,505,535,579,630,571,559,569,586,545,557,592,556,491,540,540,510,441,521,401,468,379,402,395,420,392,386,336,320,338,359,296,290,278,263,215,273,226,228,208,189,164,170,152,181,147,131,126,118,113,109,74,62,111,108,77,77,89,61,59,57,64,45,46,38,34,37,48,48,39,26,30,29,21,28,25,35,22,11,20,15,15,11,10,16,14,6,8,3,8,7,7,3,6,4,4,2,2,3,2,5,1,4,3,0,2,2,1,4,1,1,4,1,0,1,0,0,0,0,0,0,1,0,0,0,0,0,0,0,0,0,0,0,0,1,0,0,0,0,0,0,0,0,0,0,0,0,0,0,0
35,11,1,6,9,19,7,5,37,7,31,17,28,60,13,50,54,78,40,68,120,112,97,148,111,135,199,189,241,255,236,280,242,284,355,340,351,378,322,449,447,504,427,465,526,490,545,517,503,510,597,553,507,578,553,553,602,587,557,520,596,547,535,502,574,521,529,431,459,362,445,432,364,399,362,359,387,303,309,320,299,279,271,236,252,212,241,218,197,190,185,188,165,152,183,136,126,145,130,122,99,92,74,94,80,75,71,64,64,58,51,62,58,43,39,49,39,28,37,36,33,27,39,29,23,38,22,17,20,18,8,10,9,7,17,16,9,6,12,6,9,4,2,8,4,6,2,2,5,1,4,1,2,2,1,2,3,0,1,0,0,0,0,0,2,1,0,1,0,1,0,0,0,0,0,0,0,0,0,0,0,0,0,0,0,0,0,0,0,1,0,0,0,0,0,0,0,0,0,0
36,8,3,4,12,17,10,16,45,6,29,21,35,56,19,71,58,69,52,80,90,113,87,163,126,151,199,160,218,234,234,310,236,287,359,338,381,355,347,390,433,422,403,430,512,467,483,527,535,465,553,513,482,566,614,569,578,523,576,515,512,584,490,510,533,457,474,408,450,418,380,401,362,432,393,346,328,329,322,316,291,252,223,255,246,236,211,229,191,185,174,193,159,136,150,135,144,129,109,102,87,92,86,96,82,75,65,71,66,68,56,48,47,45,52,44,38,37,27,32,22,37,31,18,19,32,20,17,14,15,11,16,8,19,22,10,11,12,14,7,5,9,4,6,1,3,2,0,6,1,4,0,1,0,2,1,1,1,1,1,0,0,2,0,2,0,0,1,0,0,1,0,0,0,0,0,0,0,0,0,0,0,0,0,0,0,0,0,0,0,0,0,0,0,0,0,0,0,0,0
39,11,3,7,13,12,9,5,30,9,21,19,38,51,16,54,63,54,45,64,133,102,78,168,117,157,218,152,202,239,228,338,234,296,327,317,365,337,332,399,413,442,416,464,512,467,492,533,497,487,571,537,513,558,611,521,589,535,612,477,503,506,500,488,467,484,467,419,432,378,429,375,347,401,388,333,349,325,313,262,293,275,232,225,231,228,200,178,156,180,172,169,145,146,147,119,128,119,103,110,75,89,100,78,79,70,69,63,58,54,68,48,53,38,42,33,39,44,37,30,25,28,26,17,22,29,23,18,21,17,8,9,13,10,9,11,12,12,9,3,7,3,1,7,8,10,3,2,5,1,3,2,2,1,4,1,0,0,1,0,0,1,0,1,0,1,0,1,0,1,0,0,0,0,0,0,0,0,0,0,0,0,0,0,0,0,0,0,0,0,0,0,0,0,0,0,0,0,0,0
29,13,4,7,17,20,11,6,48,10,24,23,46,49,11,68,60,62,41,76,131,93,75,135,122,130,228,151,197,261,232,295,226,307,322,345,381,337,291,380,404,401,419,410,512,446,499,457,481,460,558,513,481,546,513,533,561,500,558,509,479,520,508,435,484,421,477,379,421,349,393,371,356,389,384,340,330,328,288,297,288,239,234,250,196,206,198,183,149,162,144,146,156,168,152,117,121,105,110,98,104,88,74,77,89,82,83,52,51,61,63,60,39,46,47,35,40,37,36,33,34,25,21,23,32,22,31,25,20,10,18,11,9,7,11,8,12,7,5,12,8,7,5,6,6,4,3,1,4,2,3,2,1,1,5,2,2,0,3,0,0,0,1,1,0,0,0,0,0,1,0,0,0,0,0,0,0,0,0,0,0,0,0,0,2,1,0,0,0,0,0,0,0,0,0,0,0,0,0,0
37,6,4,0,12,15,10,10,34,8,23,24,32,45,14,52,59,69,43,79,101,113,74,144,105,141,214,160,202,240,243,267,257,278,293,317,336,356,300,383,400,434,392,420,470,472,487,515,476,509,500,519,460,543,517,547,573,513,555,448,488,485,482,466,487,449,466,390,411,347,370,366,327,370,338,279,302,319,254,298,262,210,196,224,215,207,200,174,197,145,166,156,134,145,134,130,106,129,106,112,99,89,79,78,83,69,67,55,47,46,55,46,46,52,44,35,20,28,25,39,25,19,27,21,17,26,16,25,14,14,12,12,12,13,20,10,13,13,9,9,7,5,0,4,7,1,2,0,0,6,2,2,1,5,3,0,0,1,3,0,0,3,1,0,0,0,0,2,0,0,0,0,0,0,2,0,0,0,0,0,0,0,0,0,0,0,0,0,0,0,0,0,0,0,0,0,0,0,0,0
31,7,4,4,14,25,6,11,40,13,15,21,33,54,11,44,53,53,41,73,129,91,66,158,98,125,191,149,196,221,213,255,241,286,324,325,354,324,319,353,403,373,363,413,503,420,448,417,484,472,496,494,502,505,470,504,521,467,499,449,448,498,481,448,440,434,442,353,378,358,330,337,328,355,331,301,302,300,273,243,265,216,239,184,201,194,207,180,169,174,160,144,130,122,117,109,132,100,90,65,79,80,72,63,71,69,57,53,56,43,52,38,45,30,31,38,31,37,23,28,22,21,32,16,12,30,16,15,9,17,8,10,11,8,6,11,11,11,6,8,3,6,6,7,3,3,2,1,4,2,4,0,6,3,3,0,1,0,1,0,0,3,1,0,1,1,0,2,0,0,0,0,0,0,0,0,0,0,0,0,0,0,0,0,0,1,0,0,0,1,0,0,0,0,0,0,0,0,0,0
31,5,2,4,6,30,5,6,33,5,13,19,28,50,14,47,40,49,35,67,109,96,84,132,88,147,188,155,211,238,198,246,210,295,305,301,335,313,315,372,381,375,352,407,410,417,471,463,463,421,483,476,438,466,475,466,517,446,508,425,434,461,462,428,416,439,428,395,392,365,344,364,318,304,314,276,305,294,266,238,258,217,204,212,211,193,210,181,166,161,146,144,119,144,133,108,93,104,88,92,96,70,87,69,64,82,64,63,45,51,55,45,43,29,37,34,31,33,34,20,34,16,29,14,13,19,24,15,7,12,13,14,12,9,7,5,5,6,10,8,3,7,3,5,7,7,4,1,2,2,4,0,3,2,3,2,0,0,0,0,0,1,1,0,2,2,0,0,0,1,0,0,0,0,0,0,0,0,0,0,0,0,0,0,1,0,0,0,0,0,0,0,0,0,0,0,0,0,0,0
34,8,2,7,11,22,10,9,42,7,23,34,34,41,14,49,56,63,48,60,119,100,79,146,103,103,211,142,197,195,205,297,197,272,311,323,327,300,266,358,342,383,336,381,413,430,451,423,426,444,502,513,406,451,524,440,504,477,512,386,434,468,449,430,426,381,431,351,377,367,357,300,321,326,321,299,263,284,264,258,249,235,213,216,213,197,170,146,167,152,155,114,124,140,107,114,121,92,108,81,84,64,80,64,62,62,66,54,42,55,47,50,41,23,36,44,28,40,35,27,18,27,25,22,16,20,27,24,12,14,9,6,5,7,12,11,5,7,5,2,4,6,5,5,5,2,2,0,3,1,0,1,2,2,2,3,1,2,3,0,0,1,1,0,2,1,0,0,0,0,1,0,0,0,0,0,0,0,0,0,0,0,0,0,0,1,0,0,0,0,0,0,0,0,0,0,0,0,0,0
39,6,1,3,10,22,7,16,44,8,22,18,27,48,20,62,48,56,32,70,146,94,76,134,127,123,187,138,165,226,216,261,209,283,288,292,309,329,280,359,354,371,316,377,438,396,459,430,434,442,522,470,457,437,472,443,496,449,471,394,438,427,444,405,387,419,394,353,398,313,325,324,282,338,323,285,269,252,244,262,256,209,189,198,192,162,143,174,149,122,147,127,132,115,120,94,93,86,93,61,66,75,69,79,55,59,55,53,50,44,42,37,51,28,31,36,33,28,28,23,23,29,26,12,13,25,7,13,17,9,3,10,5,12,12,11,7,4,8,2,5,10,6,4,5,4,1,3,3,3,1,1,1,1,2,2,1,0,4,0,0,2,0,0,0,0,0,0,0,0,0,0,1,0,0,0,0,0,0,0,0,0,0,0,0,0,0,0,0,0,0,0,0,0,0,0,0,0,0,0
27,2,4,1,10,15,5,14,45,8,20,22,29,37,21,41,34,52,50,70,99,87,60,109,122,162,207,146,174,208,201,228,214,283,286,295,314,338,304,340,359,364,335,417,420,402,496,412,411,402,496,459,414,447,455,421,497,426,485,396,419,414,439,417,397,391,370,333,354,276,312,313,281,286,299,278,280,285,208,235,224,208,197,182,180,165,165,140,144,141,117,129,123,134,115,106,91,91,74,75,88,72,71,65,77,63,60,45,40,32,46,43,36,33,31,34,28,34,23,22,20,15,20,11,13,30,9,9,11,12,9,11,5,7,10,9,5,2,10,6,5,5,2,11,6,3,2,2,4,0,1,2,2,2,4,2,2,0,2,0,0,0,1,0,1,0,0,0,0,0,0,0,0,0,0,0,0,0,0,0,0,0,0,0,0,0,0,0,0,0,0,0,0,0,0,0,0,0,0,0
21,7,2,3,10,20,7,8,36,12,21,17,30,47,21,52,49,45,42,76,100,77,70,136,102,121,188,128,166,218,179,262,200,276,295,255,327,293,251,352,356,353,322,406,392,367,410,438,448,382,440,400,426,467,431,395,417,422,473,373,420,435,407,387,374,379,389,326,335,345,327,297,293,292,291,272,260,247,223,206,203,177,170,196,188,167,155,151,154,137,125,121,96,115,111,106,123,83,67,92,62,62,63,66,78,49,59,40,45,42,41,30,35,43,40,32,21,27,22,30,16,16,22,18,17,17,20,13,12,12,5,8,5,7,7,9,3,8,8,8,6,6,0,4,3,3,0,2,1,4,1,0,1,1,1,0,0,0,1,0,1,1,0,2,1,0,0,0,0,0,0,0,0,0,0,0,0,0,0,0,0,0,0,0,0,0,0,0,0,0,0,0,0,0,0,0,0,0,0,0
32,6,3,4,7,12,5,8,44,4,16,25,32,50,23,40,59,58,39,69,117,79,79,157,92,121,158,118,173,227,207,274,209,229,241,277,331,318,266,360,333,344,335,379,380,407,460,411,405,377,449,419,418,442,441,372,422,430,422,419,411,411,382,385,403,341,360,324,326,279,302,297,274,291,302,276,232,230,207,244,215,176,159,178,157,152,138,145,132,144,142,122,123,106,101,103,78,94,77,86,65,49,46,70,54,63,37,37,48,48,47,36,38,33,31,37,26,38,26,27,20,26,22,18,14,20,18,15,17,11,7,8,5,9,14,11,11,8,6,13,5,5,4,3,4,2,0,0,2,0,4,0,3,0,2,1,0,0,4,0,0,1,0,0,1,1,0,0,0,0,0,0,0,0,0,0,0,0,0,0,0,0,0,0,1,0,0,0,0,0,0,0,0,0,0,0,0,0,0,0
35,9,2,1,8,17,8,9,40,11,21,15,36,46,14,58,54,64,46,67,92,89,87,124,104,128,172,143,168,237,189,208,203,218,250,304,279,293,286,340,333,342,330,325,390,380,392,417,403,378,470,392,370,409,463,405,437,439,456,405,388,397,386,347,356,334,342,325,316,294,289,293,258,255,299,274,223,219,226,223,208,165,164,167,202,162,161,112,140,98,93,98,117,111,112,99,96,97,82,69,54,62,57,63,50,54,51,55,37,43,38,32,40,34,30,26,32,29,30,22,15,19,16,10,21,14,21,17,11,8,10,11,8,8,11,6,5,5,6,7,4,4,1,4,2,1,3,1,1,2,2,0,0,3,2,1,1,1,1,0,0,2,1,0,1,1,0,0,0,1,0,0,0,0,0,0,0,0,0,0,0,0,0,0,0,0,0,0,0,0,0,0,0,0,0,0,0,0,0,0
30,3,0,1,10,17,10,9,24,3,18,25,25,39,15,59,53,57,26,66,97,82,84,124,104,99,170,116,182,180,201,248,223,242,265,293,298,267,256,347,357,353,275,351,373,345,398,373,363,394,417,446,380,420,411,406,476,425,464,360,403,374,388,352,393,323,341,276,308,264,250,284,245,243,238,238,255,234,196,190,206,149,167,171,146,147,154,121,119,121,112,94,106,112,89,80,82,84,69,77,53,40,54,48,62,57,54,39,36,46,40,33,34,32,27,24,21,32,20,22,22,25,17,18,14,17,18,21,8,10,8,12,3,5,7,5,6,6,9,7,5,4,1,6,3,2,1,1,0,1,2,0,2,0,2,0,1,0,3,0,0,0,0,0,1,0,0,0,0,0,0,0,1,0,1,0,0,0,0,0,0,0,0,0,0,2,0,0,0,0,0,0,0,0,0,0,0,0,0,0
26,3,1,2,7,14,6,4,28,7,19,26,29,29,10,47,64,51,41,60,104,81,80,113,119,126,165,136,188,195,175,218,194,236,264,262,297,267,246,310,356,344,315,324,419,347,414,409,376,386,405,382,372,388,432,396,454,371,416,336,364,365,359,334,342,312,372,284,274,248,252,270,234,262,222,215,246,231,203,214,198,197,164,147,165,154,139,128,126,130,97,90,100,126,78,88,79,81,75,67,60,59,42,64,57,63,43,43,34,36,40,36,33,18,23,23,21,26,24,24,15,19,17,15,15,19,11,18,12,6,6,6,8,15,10,12,6,3,12,7,6,4,4,4,0,3,2,1,1,2,2,0,1,0,1,2,2,0,1,0,0,2,2,1,1,0,0,1,0,0,0,0,0,0,0,0,0,0,0,0,0,0,0,0,1,0,0,0,0,0,0,0,0,0,0,0,0,0,0,0
32,7,5,2,8,16,12,18,27,7,13,18,22,41,15,40,46,56,35,51,112,89,58,124,86,121,173,126,183,187,182,236,179,252,263,244,266,275,260,289,316,342,301,328,377,321,385,385,390,371,401,377,365,361,377,379,397,389,394,331,345,352,334,336,362,345,311,282,284,253,254,274,262,255,242,195,249,214,188,196,186,159,169,158,139,143,134,148,133,116,117,105,107,93,102,75,78,64,75,68,61,49,53,59,53,39,42,34,40,40,30,34,31,27,23,16,22,22,20,17,20,16,18,14,11,16,21,14,10,5,8,15,9,6,16,7,4,3,5,5,1,2,4,4,1,3,2,3,0,0,2,0,3,4,0,0,0,2,0,2,0,1,0,0,0,0,0,0,0,0,0,1,0,0,0,0,0,0,0,0,0,0,0,0,0,0,0,0,0,0,0,0,0,0,0,0,0,0,0,0
29,3,2,5,9,18,9,4,37,6,14,16,24,40,13,47,40,55,42,57,83,70,59,99,83,96,151,159,148,180,175,230,179,208,254,258,246,279,238,308,321,344,313,340,347,352,373,346,340,337,363,369,360,385,372,387,393,368,375,335,336,359,330,339,327,336,315,299,289,238,246,240,240,243,247,235,229,193,192,173,181,143,160,143,144,120,143,119,134,86,106,84,96,100,83,84,73,67,66,63,68,37,40,56,40,43,42,39,41,37,36,33,39,23,30,24,31,22,13,31,8,16,24,16,12,14,11,15,11,12,12,5,9,6,11,10,4,5,2,9,3,6,2,2,2,4,1,1,0,0,6,0,1,0,1,1,0,2,2,0,0,3,0,0,0,0,0,0,0,0,0,2,0,0,0,0,0,0,0,0,0,0,0,0,0,0,0,0,0,0,0,0,0,0,0,0,0,0,0,0
32,5,1,2,11,24,10,9,33,7,20,14,31,27,18,41,42,36,38,53,95,76,69,101,87,116,135,126,155,177,167,214,172,208,254,231,292,265,221,306,313,303,305,334,387,331,333,345,355,326,349,360,324,383,309,385,389,335,366,310,342,337,306,318,343,316,312,267,288,236,234,213,228,200,241,217,194,181,186,177,170,161,145,155,133,129,106,110,116,119,95,92,87,106,87,73,71,61,82,73,49,53,39,32,48,45,51,36,34,33,35,30,24,30,24,31,20,24,38,25,11,22,16,10,15,15,13,11,7,11,2,6,8,12,8,4,6,3,2,5,2,4,2,2,2,3,3,0,1,2,2,0,0,0,0,0,0,0,1,0,0,1,0,1,1,0,0,1,0,0,0,0,0,0,0,0,0,0,0,0,0,0,0,0,1,0,0,0,0,0,0,0,0,0,0,0,0,0,0,0
36,4,1,6,14,20,10,3,28,2,28,19,28,38,13,40,45,51,36,51,104,56,52,121,87,126,176,117,159,170,165,226,188,192,240,252,256,249,220,275,303,331,278,299,349,328,345,334,366,360,371,355,367,341,346,359,373,349,356,312,355,355,309,284,294,279,297,246,268,209,240,235,203,215,214,206,194,202,163,184,180,148,145,142,139,115,131,132,106,82,90,81,87,116,82,60,64,71,61,56,59,42,37,71,60,47,49,46,32,23,24,36,27,25,24,20,12,23,20,18,16,16,11,8,10,18,14,9,10,8,4,6,8,7,8,6,8,6,2,4,2,4,3,2,1,2,2,1,2,0,2,0,2,1,2,1,2,2,2,1,0,0,0,1,0,0,0,1,0,0,0,0,0,0,0,0,0,0,0,0,0,0,0,0,0,0,0,0,0,0,0,0,0,0,0,0,0,0,0,0
28,8,2,3,3,21,7,4,20,12,23,25,28,42,12,41,43,52,33,71,90,93,64,102,88,97,158,121,155,175,146,211,178,204,231,221,252,231,234,257,294,295,304,327,333,284,333,336,336,332,343,332,339,371,388,344,368,325,356,295,317,320,328,265,299,265,285,269,240,233,261,252,187,187,245,203,208,185,168,166,156,168,161,134,126,110,122,106,96,95,104,78,80,81,82,86,66,74,63,50,60,46,36,52,48,53,46,30,33,36,28,24,30,19,27,31,17,21,16,23,19,14,15,18,12,16,13,9,6,6,6,5,2,4,12,6,7,11,3,5,5,5,2,2,2,2,4,1,0,0,2,1,2,0,0,2,0,0,2,0,1,1,0,0,1,0,0,1,0,0,0,0,0,0,0,0,0,0,0,0,0,0,0,0,0,0,0,0,0,0,0,0,0,0,0,0,0,0,0,0
25,3,3,1,7,12,4,8,27,10,15,16,31,35,11,36,35,37,27,67,86,82,49,95,96,98,149,140,137,170,153,202,170,218,232,230,262,214,218,279,268,298,275,310,303,292,364,305,326,324,367,332,345,297,374,348,365,326,325,286,295,296,282,308,302,288,282,219,247,209,217,224,190,217,179,203,208,180,146,166,182,142,135,134,119,116,102,99,101,79,84,92,89,101,94,63,58,62,61,57,48,35,35,48,49,33,35,39,20,30,30,32,34,28,18,17,12,15,20,15,12,19,14,11,10,11,11,6,10,9,4,3,6,3,5,5,4,4,5,4,4,2,2,2,5,1,1,0,4,2,2,1,1,2,1,1,1,0,2,1,0,0,1,0,1,0,0,0,0,0,0,0,0,0,0,0,0,0,0,0,0,0,0,0,0,0,0,0,0,0,0,0,0,0,0,0,0,0,0,0
19,6,1,2,9,13,7,6,34,5,21,17,25,39,18,45,52,52,26,44,69,72,56,103,92,94,172,122,158,151,185,211,156,203,223,233,259,229,196,255,269,287,267,288,318,329,302,305,314,311,304,335,323,326,323,339,346,343,351,276,293,292,310,273,293,268,257,262,276,238,204,215,197,225,217,188,185,155,161,161,147,135,148,148,116,120,115,110,103,96,71,81,87,79,84,56,60,57,43,44,39,45,44,38,42,42,42,35,31,30,32,26,22,33,25,19,16,20,10,17,19,20,20,7,12,13,11,6,5,6,5,9,5,1,8,9,2,3,4,3,1,4,1,3,2,2,1,1,2,0,2,0,1,0,4,0,0,0,2,0,0,0,0,0,0,0,0,1,0,0,0,0,0,0,0,0,0,0,0,0,0,0,0,0,0,0,0,0,0,0,0,0,0,0,0,0,0,0,0,0
19,5,2,6,7,10,3,11,26,4,9,18,25,25,7,46,47,46,34,54,80,78,57,107,97,107,144,111,123,177,158,198,153,203,250,226,245,215,234,237,271,289,255,285,313,293,301,299,317,298,353,333,278,359,319,314,346,312,335,285,261,317,255,266,254,273,277,230,223,209,216,214,167,181,208,176,195,160,153,177,134,148,117,128,149,97,95,97,90,96,72,85,90,79,79,47,67,71,57,45,47,43,48,50,39,40,39,37,25,28,26,27,22,19,23,16,13,26,13,12,17,14,18,8,11,14,15,11,8,5,3,3,1,2,5,11,11,5,4,5,2,3,0,6,1,5,0,2,1,1,2,0,0,1,2,4,0,0,1,1,0,1,0,0,1,1,0,0,0,0,0,1,1,0,0,0,0,0,0,0,0,0,0,0,0,0,0,0,0,0,0,0,0,0,0,0,0,0,0,0
18,4,2,3,12,16,7,6,25,4,22,22,31,30,19,40,39,53,21,52,97,89,47,91,78,107,151,105,140,156,142,215,155,180,208,198,244,231,203,248,257,260,280,249,311,280,293,286,314,294,339,284,283,321,320,304,336,320,341,273,298,302,259,268,259,241,275,249,260,188,219,185,195,166,207,187,168,144,141,157,134,116,123,118,120,109,93,97,104,78,85,82,75,69,86,63,57,64,47,46,48,40,37,38,37,32,31,30,23,29,23,26,21,24,17,18,17,13,15,24,19,13,12,10,10,13,10,7,7,7,4,4,2,5,8,3,7,3,1,2,5,5,1,4,1,3,0,2,0,0,2,1,1,2,1,0,0,0,0,0,1,3,0,0,1,0,0,0,0,0,0,0,0,0,0,0,0,0,0,0,0,0,0,0,0,0,0,0,0,0,0,0,0,0,0,0,0,0,0,0
17,8,1,7,4,12,11,7,28,7,13,19,27,28,11,56,44,47,26,51,98,82,66,89,91,82,137,96,152,147,146,174,143,158,225,222,231,212,187,247,269,262,206,294,302,297,319,290,315,259,308,295,304,292,323,302,288,303,286,271,294,315,295,263,278,251,231,198,221,183,202,200,184,166,189,167,156,131,151,161,150,135,123,111,104,98,95,103,95,83,86,71,64,69,71,56,59,47,66,54,36,34,38,42,46,36,34,21,28,23,21,19,28,16,21,16,19,20,13,21,19,11,11,6,9,16,9,8,11,11,5,5,6,7,4,3,11,7,3,1,1,7,0,3,1,2,1,0,2,2,2,0,1,2,0,1,1,0,1,0,0,1,1,0,1,0,0,0,0,0,0,0,0,0,0,0,0,0,0,0,0,0,0,0,0,0,0,0,0,0,0,0,0,0,0,0,0,0,0,0
19,4,2,5,9,15,10,8,30,10,17,9,16,42,10,43,49,42,31,40,75,65,47,90,76,96,116,114,147,159,135,169,138,193,205,210,229,223,167,253,246,250,251,258,264,263,270,284,307,276,292,315,259,262,308,303,316,304,322,289,292,309,266,220,273,248,200,200,225,212,215,195,178,182,176,143,151,156,165,146,165,123,115,123,105,102,98,86,78,76,73,68,68,67,62,31,58,59,55,48,49,35,37,37,29,31,38,34,24,30,34,25,22,21,21,22,13,16,19,16,8,12,7,8,11,26,6,2,3,6,8,9,4,5,11,2,9,3,1,2,2,4,0,0,1,3,1,0,1,1,2,0,1,1,2,2,0,0,1,0,0,1,0,0,2,1,0,0,0,0,0,0,0,0,0,0,0,0,0,0,0,0,0,0,0,0,0,0,0,0,0,0,0,0,0,0,0,0,0,0
27,2,3,2,9,11,8,8,20,10,11,18,22,38,12,36,41,42,30,56,74,70,47,84,83,74,125,86,124,133,160,179,150,182,194,199,188,221,187,222,260,269,243,249,310,277,303,278,290,267,299,311,273,288,282,285,313,261,282,264,272,290,250,256,239,227,245,211,211,182,172,164,187,172,180,167,177,152,137,134,150,110,130,127,104,121,90,90,68,66,77,78,68,70,54,54,48,36,37,44,36,27,45,44,28,32,27,22,28,23,31,21,23,19,10,13,10,15,7,20,9,8,16,17,10,11,10,7,3,9,4,10,2,4,9,6,6,4,1,8,5,4,1,3,3,0,1,3,1,1,3,0,1,4,0,1,0,2,0,0,0,1,2,0,0,0,0,0,0,0,0,0,0,0,0,0,0,0,0,0,0,0,0,0,0,1,0,0,0,0,0,0,0,0,0,0,0,0,0,0
15,6,1,5,8,17,9,7,21,6,14,21,21,35,7,25,43,47,31,52,68,84,58,86,72,88,139,105,122,147,122,155,154,188,205,172,212,218,186,203,234,265,203,252,292,263,297,284,261,246,303,260,230,281,294,277,277,252,266,257,266,272,273,249,214,232,218,208,222,174,189,177,156,185,181,149,177,120,130,145,111,104,91,105,110,87,99,88,86,64,74,79,75,68,68,50,49,56,54,43,24,40,27,40,39,39,26,25,19,24,22,28,14,27,20,16,13,19,14,18,7,14,12,7,12,17,10,4,6,8,7,6,5,0,10,11,1,4,3,2,2,1,0,8,4,0,1,0,0,1,2,0,0,0,2,2,0,2,1,0,0,2,0,0,1,0,0,0,0,0,0,0,0,0,0,0,0,0,0,0,0,0,0,0,0,0,0,0,0,0,0,0,0,0,0,0,0,0,0,0
23,1,0,2,13,14,6,9,28,4,13,15,22,35,10,38,27,32,27,55,90,58,46,106,83,90,120,97,104,134,155,189,108,161,202,196,202,196,174,205,233,263,205,240,289,228,276,271,269,270,322,262,258,280,293,266,274,273,278,258,209,250,235,230,200,232,254,214,185,167,156,167,150,160,186,134,153,149,140,112,139,122,82,107,113,96,76,82,64,69,67,74,65,66,75,54,52,55,35,42,35,35,29,37,46,39,21,27,29,21,26,18,13,15,16,16,20,21,11,17,8,14,8,9,10,5,8,5,2,10,2,3,2,7,6,2,2,4,1,3,1,0,2,2,2,1,1,0,1,1,1,1,0,1,0,0,0,0,0,0,0,0,1,0,0,1,0,0,0,0,0,0,0,0,0,0,0,0,0,0,0,0,0,0,0,0,0,0,0,0,0,0,0,0,0,0,0,0,0,0
17,3,1,6,6,17,5,5,26,4,14,21,18,40,8,31,29,48,28,46,78,61,46,85,66,88,128,96,133,164,149,187,114,171,213,183,186,190,174,242,230,241,214,231,287,226,256,267,261,254,285,289,253,288,243,267,275,268,271,210,262,249,249,215,224,217,231,197,199,159,172,167,152,132,180,133,161,134,134,129,117,103,120,108,94,96,97,91,72,69,68,57,61,73,67,55,58,32,40,42,38,44,39,36,34,28,16,34,27,18,22,18,11,16,15,12,11,18,8,13,11,11,11,14,9,21,7,12,8,5,2,6,3,0,7,6,5,3,1,3,4,3,1,1,2,4,3,0,1,1,0,0,0,2,2,1,1,0,1,0,0,0,0,0,1,0,0,0,0,0,0,0,0,0,0,0,0,0,0,0,0,0,0,0,0,0,0,0,0,0,0,0,0,0,0,0,0,0,0,0
19,3,1,6,6,9,8,7,33,6,13,15,25,29,13,34,44,36,29,44,83,69,36,77,72,89,109,102,111,132,138,145,147,152,201,198,220,183,148,209,231,224,213,223,262,236,255,249,258,207,293,240,268,258,266,242,281,212,268,210,245,210,232,211,218,217,214,169,179,171,169,171,160,166,149,133,159,122,129,136,120,92,113,102,95,87,69,78,69,53,53,67,54,61,49,40,48,45,44,34,39,31,27,30,26,35,30,25,21,27,14,20,17,17,18,12,16,10,17,21,9,7,9,9,5,13,8,7,8,4,8,2,3,6,6,4,9,9,3,1,3,3,1,1,0,4,1,0,0,0,2,0,3,1,1,0,0,0,0,3,0,0,0,0,0,0,0,0,0,0,0,0,0,0,0,0,0,0,0,0,0,0,0,0,0,1,0,0,0,0,0,0,0,0,0,0,0,0,0,0
19,3,2,3,7,10,3,5,24,9,13,10,23,37,12,33,31,32,25,35,62,64,39,91,59,96,96,101,127,153,108,139,119,171,153,180,207,196,165,210,215,217,201,223,271,207,257,212,232,231,298,268,240,289,272,267,285,248,262,217,224,232,212,201,233,209,209,185,187,189,177,157,150,160,163,164,145,94,104,129,101,104,83,101,97,87,85,78,66,64,68,76,53,73,38,41,56,38,37,31,33,29,30,47,23,27,21,24,27,22,28,25,12,21,10,8,11,15,7,7,13,7,6,6,7,6,5,10,10,7,2,7,5,2,6,4,1,3,4,2,1,3,2,0,2,1,2,0,1,0,1,2,1,1,0,1,0,1,2,0,0,0,0,0,0,1,0,0,0,0,0,1,0,0,0,0,0,0,0,0,0,0,0,0,0,0,0,0,0,0,0,0,0,0,0,0,0,0,0,0
23,8,0,2,7,10,4,9,31,2,11,17,22,26,6,23,41,35,18,49,77,67,50,86,67,79,119,106,105,145,136,159,116,160,179,170,192,190,150,225,220,196,199,189,249,231,232,261,249,233,259,239,220,241,246,207,264,270,266,220,234,229,229,191,232,201,178,210,176,154,162,145,128,146,148,157,137,106,113,127,101,99,106,85,92,80,81,62,72,53,62,72,56,60,51,51,56,49,34,30,25,34,22,24,37,20,33,23,23,23,20,34,21,17,16,13,8,14,14,15,15,9,9,4,9,13,11,3,3,7,1,4,0,2,4,2,3,5,2,0,1,4,2,1,1,2,0,0,3,1,2,1,0,0,0,0,1,0,1,0,0,0,1,0,0,0,0,0,0,0,0,0,0,0,0,0,0,0,0,0,0,0,0,0,0,0,0,0,0,0,0,0,0,0,0,0,0,0,0,0
26,4,0,1,6,15,5,1,22,3,7,15,20,32,9,31,34,36,24,35,62,67,38,87,82,95,109,90,93,120,123,155,124,152,173,166,172,191,151,189,237,208,187,213,232,213,232,235,237,247,224,250,231,253,246,238,263,222,222,214,233,199,197,178,204,205,194,156,152,155,160,152,146,141,131,146,139,96,113,99,101,106,82,92,89,84,82,57,76,61,47,58,59,57,42,44,37,53,42,26,34,30,21,27,27,24,35,18,25,20,29,23,17,18,18,15,11,18,11,13,9,14,6,6,7,9,7,11,4,4,3,5,4,5,5,3,8,3,3,7,3,2,1,1,1,3,0,0,0,0,0,0,2,1,0,0,0,0,0,0,0,0,0,1,0,0,0,0,0,0,0,0,0,0,0,0,0,0,0,0,0,0,0,0,0,1,0,0,0,0,0,0,0,0,0,0,0,0,0,0
13,2,3,4,8,15,2,6,27,8,11,16,22,34,14,23,40,38,28,40,62,53,45,68,74,71,101,92,116,124,118,135,134,163,167,185,192,190,148,190,212,201,203,224,220,213,236,225,208,252,210,262,252,244,238,256,236,233,255,215,235,228,190,187,177,181,187,174,172,132,157,157,138,144,136,112,125,132,112,108,89,92,92,84,82,79,70,65,57,66,47,53,56,53,48,43,42,47,33,43,36,31,33,35,22,26,26,17,15,20,25,20,19,16,11,16,9,14,5,12,7,9,13,4,8,8,5,8,6,4,3,3,3,1,3,1,5,4,0,2,2,3,0,2,4,1,1,1,1,1,1,1,0,2,0,0,0,0,3,0,0,0,0,0,1,0,0,0,0,0,0,0,0,0,0,0,0,0,0,0,0,0,0,0,0,0,0,0,0,0,0,0,0,0,0,0,0,0,0,0
14,7,1,1,5,8,4,4,30,7,12,24,21,23,12,32,31,42,28,44,58,70,40,63,64,63,103,65,97,127,129,138,104,144,173,157,187,177,150,179,210,192,201,191,223,205,236,221,212,205,269,227,197,219,249,215,226,216,224,195,219,181,201,174,182,191,187,195,161,150,156,143,141,144,130,127,114,118,95,105,94,98,79,79,76,76,86,59,57,62,60,55,41,52,52,36,37,40,50,29,27,23,38,26,19,21,20,23,18,21,18,15,17,15,10,13,6,12,11,9,6,7,8,8,7,11,1,7,6,4,0,5,0,5,6,7,4,2,3,2,0,4,2,0,6,0,1,0,2,0,1,1,1,0,1,1,0,0,0,0,0,0,0,0,0,0,0,1,0,0,0,0,0,0,0,0,0,0,0,0,0,0,0,0,0,0,0,0,0,0,0,0,0,0,0,0,0,0,0,0
23,3,1,3,7,6,5,9,16,5,12,23,21,28,5,41,28,23,19,47,62,60,38,75,61,79,113,77,102,121,114,114,133,140,155,155,166,155,128,198,191,182,193,173,226,211,205,195,239,197,220,229,231,225,208,210,237,212,214,190,207,217,184,184,180,194,167,165,167,135,151,122,120,125,129,117,115,131,116,107,94,84,109,80,69,56,70,55,45,60,51,41,48,47,46,35,43,33,34,21,30,23,25,30,24,20,20,19,20,15,10,16,9,15,17,9,14,13,13,11,11,12,9,6,8,5,12,2,7,1,2,1,3,2,2,3,4,3,2,3,0,1,3,0,1,3,2,0,0,2,3,0,0,1,0,0,1,0,0,0,0,0,0,0,0,1,0,0,0,0,0,1,0,0,0,0,0,0,0,0,0,0,0,0,0,0,0,0,0,0,0,0,0,0,0,0,0,0,0,0
18,2,1,2,5,10,8,7,22,7,12,11,24,28,8,35,24,35,22,39,65,60,40,84,63,91,96,86,95,114,104,149,131,136,167,145,173,155,137,187,186,211,197,196,227,200,202,227,213,190,240,209,203,197,230,194,249,200,195,166,209,203,192,170,169,179,158,195,147,140,127,119,110,115,114,110,107,104,97,82,114,83,92,85,66,58,79,66,58,58,54,49,49,46,45,47,45,32,29,31,31,17,24,23,25,30,23,20,21,21,12,16,12,15,11,13,11,14,9,10,10,9,8,7,5,13,7,4,3,1,1,6,2,2,6,4,3,2,5,2,0,0,0,1,0,1,0,1,0,0,1,0,0,2,2,1,1,0,1,1,0,0,0,0,0,0,0,0,0,0,0,0,0,0,0,0,0,0,0,0,0,0,0,0,1,0,0,0,0,0,0,0,0,0,0,0,0,0,0,0
16,4,2,1,4,9,7,5,26,6,7,8,20,23,8,33,25,36,15,34,60,48,33,74,73,63,100,68,83,123,116,154,109,129,183,140,172,151,119,173,171,191,164,197,191,204,226,226,210,210,215,205,195,196,208,212,233,189,216,173,187,197,166,150,187,163,162,148,138,131,125,121,140,124,115,107,127,89,95,86,92,86,88,70,67,52,56,69,59,54,58,49,48,48,45,40,47,31,28,30,38,15,27,24,36,23,17,13,17,14,20,19,8,7,14,12,9,12,10,6,9,11,10,6,7,8,6,6,2,5,4,7,4,2,5,1,2,4,2,3,2,0,1,1,1,1,1,2,1,1,1,0,0,0,1,1,1,0,0,0,0,1,0,0,0,0,0,0,0,0,0,0,0,0,0,0,0,0,0,0,0,0,0,0,0,0,0,0,0,0,0,0,0,0,0,0,0,0,0,0
19,2,1,4,9,10,6,5,18,6,6,12,12,34,6,28,24,28,28,44,54,57,40,74,59,71,94,84,81,119,106,124,96,121,155,157,142,130,158,170,154,178,150,196,220,178,178,193,209,182,220,211,212,221,207,211,228,193,196,165,183,204,185,154,176,165,180,149,158,153,129,125,110,124,103,107,97,100,108,99,100,79,71,72,58,55,64,63,56,47,59,52,53,35,37,27,37,37,27,34,28,23,11,28,29,21,18,14,7,18,21,9,12,10,17,7,14,11,11,7,8,7,9,7,7,7,6,3,4,2,1,3,3,0,1,2,2,1,2,5,1,2,1,0,0,3,1,1,2,0,1,0,0,0,0,0,0,2,0,0,0,0,0,0,1,0,0,0,0,0,0,0,0,0,0,0,0,0,0,0,0,0,0,0,0,0,0,0,0,0,0,0,0,0,0,0,0,0,0,0
13,10,2,0,12,6,6,4,25,1,13,16,21,22,13,29,27,25,20,39,59,50,42,75,58,80,95,87,105,122,108,136,120,133,142,142,158,145,144,164,164,176,164,167,204,204,220,194,172,184,228,190,184,204,204,189,231,187,181,172,164,194,168,167,174,165,164,147,144,115,112,124,123,120,95,95,92,99,87,115,99,88,80,75,55,68,40,53,51,56,54,40,46,42,52,32,38,26,28,37,19,23,17,19,23,20,22,15,15,12,11,12,16,11,11,17,10,13,13,9,7,11,3,3,7,5,6,3,5,8,2,1,3,4,5,1,8,1,4,4,2,1,2,1,2,0,0,1,1,0,0,0,2,0,1,1,0,0,0,0,0,1,1,0,0,0,0,0,0,0,0,0,0,0,0,0,0,0,0,0,0,0,0,0,0,0,0,0,0,0,0,0,0,0,0,0,0,0,0,0
13,4,1,1,6,10,5,5,21,5,14,16,13,29,11,30,26,28,14,31,58,53,42,72,56,69,89,73,110,88,121,115,90,123,157,119,145,148,141,162,178,196,147,164,178,182,179,204,175,177,214,186,191,208,192,196,201,186,202,163,179,159,197,151,164,182,153,134,154,135,111,145,107,113,122,98,114,98,80,90,82,70,76,60,68,52,51,46,53,54,51,41,46,37,38,31,38,35,37,32,23,21,19,25,25,14,26,16,16,20,12,14,9,11,7,15,8,5,7,9,4,9,6,5,4,8,10,3,4,4,2,2,5,1,3,1,2,2,3,4,1,2,2,2,0,1,0,3,1,0,1,0,0,1,0,2,0,0,0,0,0,0,0,0,1,0,0,0,0,0,0,0,0,0,0,0,0,0,0,0,0,0,0,0,1,0,0,0,0,0,0,0,0,0,0,0,0,0,0,0
13,2,0,4,7,12,3,6,19,5,11,7,21,19,5,31,24,28,13,48,66,48,50,70,55,57,101,59,85,109,92,121,90,86,145,163,171,137,128,155,148,156,160,144,197,175,176,186,170,173,189,204,183,178,204,203,209,182,208,154,148,164,175,134,191,157,151,115,134,108,142,115,100,118,123,97,90,95,80,93,73,67,71,64,58,72,63,52,49,57,39,45,27,32,42,40,36,32,34,23,28,17,18,21,18,21,17,18,10,19,19,18,13,8,9,14,13,7,7,12,2,8,8,3,7,7,3,7,6,1,3,7,2,2,6,2,3,1,1,0,1,6,0,0,2,0,2,0,0,0,0,0,1,1,0,0,1,0,0,0,0,0,0,1,1,0,0,1,0,0,0,0,0,0,0,0,0,0,0,0,0,0,0,0,0,0,0,0,0,0,0,0,0,0,0,0,0,0,0,0
15,6,2,1,4,8,5,2,18,12,18,8,15,24,8,26,28,35,18,38,65,55,38,60,56,69,89,71,87,104,84,115,88,128,110,141,144,159,119,141,158,153,139,167,180,181,184,179,201,173,181,161,182,173,200,168,170,153,183,158,138,171,164,130,140,127,158,136,122,97,116,119,102,94,107,122,96,84,87,84,76,71,68,76,52,49,54,54,43,39,44,38,50,55,36,27,23,30,31,37,18,22,19,27,21,15,23,15,20,13,15,16,9,5,13,7,9,8,9,12,8,7,10,2,6,5,4,4,0,5,3,4,3,3,0,3,1,2,1,2,1,2,2,2,1,3,0,0,0,0,2,0,1,0,1,2,0,1,1,0,0,3,0,0,0,0,0,0,0,0,0,0,0,0,0,0,0,0,0,0,0,0,0,0,0,0,0,0,0,0,0,0,0,0,0,0,0,0,0,0
7,5,1,2,6,13,5,2,19,5,7,11,23,24,4,21,37,23,28,39,66,51,32,67,56,59,78,60,77,109,103,104,86,127,158,143,146,145,123,173,171,169,134,174,170,161,195,168,182,179,174,182,171,181,180,200,165,161,158,142,177,173,152,158,163,134,138,116,122,97,107,97,116,114,107,106,100,86,85,87,75,61,69,64,62,65,44,60,47,41,36,43,31,34,41,30,33,29,32,27,27,19,20,21,21,16,21,13,14,19,16,17,18,14,10,6,6,3,10,10,8,9,3,7,6,7,2,6,4,3,1,5,3,3,3,2,4,1,2,4,0,3,2,4,2,2,2,0,1,0,0,0,0,1,0,1,1,0,0,1,0,1,1,0,0,0,0,0,0,0,0,0,0,0,0,0,0,0,0,0,0,0,0,0,0,0,0,0,0,0,0,0,0,0,0,0,0,0,0,0
26,2,0,0,4,12,6,7,15,6,12,13,12,22,8,19,19,24,24,27,50,45,34,64,60,60,84,70,83,82,90,133,93,101,135,130,122,120,127,159,146,147,130,167,186,152,175,163,181,172,180,166,171,168,172,166,193,158,202,130,159,160,165,123,143,135,155,113,150,139,118,100,83,124,90,91,90,91,96,64,69,74,84,68,58,58,51,48,44,46,40,35,39,48,33,31,28,26,19,27,24,17,28,20,20,24,17,9,23,14,12,18,11,7,12,6,11,16,11,7,5,6,3,7,3,9,8,7,3,6,4,5,2,4,4,3,0,0,2,2,1,2,0,3,1,1,0,0,1,0,1,1,1,0,1,0,0,0,1,0,0,0,0,0,0,0,0,0,0,0,0,0,0,0,0,0,0,0,0,0,0,0,0,0,0,1,0,0,0,0,0,0,0,0,0,0,0,0,0,0
19,4,0,2,3,9,2,2,19,6,7,10,17,28,9,20,21,22,17,31,53,51,44,66,40,79,78,54,88,101,78,120,106,111,128,139,133,135,85,148,133,151,138,143,181,162,188,160,172,173,185,177,172,166,179,166,165,179,173,132,166,150,143,127,145,145,118,106,120,109,94,100,93,109,99,78,73,77,68,68,82,63,70,63,68,56,65,52,51,43,39,40,42,44,42,29,18,27,26,25,21,19,19,24,16,16,16,21,9,16,16,13,10,13,12,11,7,7,3,3,6,6,9,6,4,10,2,0,2,3,2,5,4,5,4,5,2,2,0,4,1,0,1,1,1,5,0,0,1,1,0,0,0,0,0,0,0,0,2,0,0,0,0,0,1,0,0,0,0,0,0,0,0,0,0,0,0,0,0,0,0,0,0,0,0,0,0,0,0,0,0,0,0,0,0,0,0,0,0,0
12,0,2,0,3,13,6,2,17,7,12,9,16,25,7,28,18,29,8,25,50,43,28,55,56,54,95,60,81,105,99,125,84,135,122,131,112,131,113,131,143,163,132,130,185,166,171,161,168,154,184,157,160,146,172,145,165,154,169,154,153,140,136,125,136,121,129,94,106,97,110,113,96,80,111,95,102,76,66,82,66,70,51,53,59,53,43,48,42,43,38,34,38,43,38,30,30,22,23,22,19,16,15,21,17,21,14,10,14,21,17,16,13,9,10,11,7,11,4,10,7,3,6,4,4,4,4,5,4,1,4,1,2,5,6,2,5,2,1,2,1,0,0,2,0,0,0,1,0,0,0,1,0,0,1,0,1,0,1,0,0,1,0,0,1,0,0,0,0,0,0,0,0,0,0,0,0,0,0,0,0,0,0,0,0,0,0,0,0,0,0,0,0,0,0,0,0,0,0,0
11,2,3,1,6,9,2,6,14,2,12,15,9,11,7,25,20,30,18,39,49,37,31,65,46,42,92,61,86,93,87,112,72,110,125,133,149,126,138,158,149,150,149,160,170,124,187,155,153,152,149,141,163,163,172,156,170,161,146,112,137,139,155,133,131,134,111,110,88,115,93,98,95,93,96,105,74,66,87,85,52,61,63,54,56,43,34,48,53,44,41,36,37,37,25,25,28,28,24,31,26,15,18,12,14,10,23,14,8,12,13,14,15,16,12,7,6,11,6,11,8,11,6,5,4,4,10,5,4,4,7,8,2,2,2,1,2,2,1,2,2,1,3,0,0,2,0,0,0,2,1,0,0,1,0,2,0,0,1,0,0,0,0,0,0,0,0,1,0,0,0,1,0,0,0,0,0,0,0,0,0,0,0,0,0,0,0,0,0,0,0,0,0,0,0,0,0,0,0,0
10,5,1,3,5,7,3,3,19,1,7,11,9,31,4,22,25,24,20,29,39,32,28,55,50,71,57,54,70,96,87,118,87,109,138,122,143,117,118,121,131,133,126,138,153,131,170,170,159,146,179,178,145,167,158,170,147,144,141,148,160,153,136,138,137,117,114,120,106,96,86,86,90,100,94,82,91,75,71,63,64,60,61,65,56,49,46,47,35,35,39,36,22,26,25,31,34,33,22,27,23,16,22,17,21,12,12,15,10,8,10,17,9,8,8,6,6,2,11,10,5,3,6,3,3,5,5,3,4,7,2,1,0,3,3,3,3,0,1,2,2,1,0,2,0,1,1,0,0,0,1,1,0,0,0,1,0,0,2,0,0,0,0,1,1,0,0,0,0,0,0,0,0,0,0,0,0,0,0,0,0,0,0,0,0,0,0,0,0,0,0,0,0,0,0,0,0,0,0,0
18,6,4,1,4,8,8,3,17,6,8,13,21,24,5,24,25,24,15,34,51,44,29,57,45,66,68,55,98,79,92,94,83,93,100,108,113,114,106,129,137,166,108,137,161,135,175,150,130,149,168,148,131,173,147,124,149,150,150,120,153,111,148,123,119,111,123,92,116,94,84,87,91,87,84,71,92,74,62,70,74,53,51,55,53,52,49,55,48,32,36,31,34,34,31,23,31,27,26,24,20,17,10,20,23,14,19,18,11,13,7,16,9,8,9,8,11,9,10,10,2,14,3,5,2,2,4,2,1,4,4,2,1,2,4,0,4,3,0,0,2,0,1,0,0,3,0,0,2,0,1,0,1,0,1,0,1,0,1,0,0,0,1,0,0,0,0,0,0,0,0,0,0,0,0,0,0,0,0,0,0,0,0,0,0,0,0,0,0,0,0,0,0,0,0,0,0,0,0,0
9,2,0,1,1,8,4,1,15,1,11,6,11,19,4,32,29,26,14,26,54,38,35,52,36,60,84,69,71,93,74,94,88,99,107,114,133,130,99,138,120,144,118,158,142,152,148,149,159,133,145,148,154,139,137,137,134,135,151,113,128,132,153,114,96,126,123,111,96,84,98,87,84,74,93,78,72,66,63,75,68,51,47,56,48,44,46,46,36,38,37,30,25,45,33,20,21,18,26,27,12,8,21,20,19,17,14,14,6,10,13,11,11,12,9,4,6,11,9,4,4,10,7,1,2,5,3,2,0,4,1,2,1,4,4,0,0,1,0,0,1,0,1,2,0,2,1,0,1,1,0,0,1,0,0,0,0,0,1,0,0,0,0,0,0,0,0,0,0,0,0,0,0,0,0,0,0,0,0,0,0,0,0,0,0,0,0,0,0,0,0,0,0,0,0,0,0,0,0,0
17,1,0,4,5,8,3,2,15,2,5,9,14,15,4,20,32,20,18,24,53,35,26,51,57,63,73,55,81,85,64,105,70,101,100,99,126,112,98,131,133,140,134,146,169,133,149,161,164,113,162,141,136,152,143,121,124,119,150,125,127,116,126,102,117,117,134,116,100,77,71,100,77,85,96,64,72,80,78,67,60,60,51,36,52,43,37,41,37,38,36,35,33,38,34,23,29,18,16,14,16,13,9,19,11,10,18,12,10,10,10,15,10,2,9,6,5,6,8,6,5,6,3,4,6,5,7,4,3,6,2,4,3,0,4,1,5,1,1,0,2,3,1,0,0,1,0,0,1,0,0,0,0,0,0,1,0,0,0,0,0,0,0,0,2,0,0,0,0,0,0,1,0,0,0,0,0,0,0,0,0,0,0,0,0,0,0,0,0,0,0,0,0,0,0,0,0,0,0,0
16,3,2,4,4,9,3,4,16,6,7,9,20,17,2,17,21,24,16,31,33,43,34,57,42,55,65,63,74,89,101,103,80,104,130,79,98,103,96,130,138,123,93,136,147,145,151,132,134,145,151,118,135,158,145,154,131,125,133,108,118,122,126,116,108,105,98,92,86,78,104,92,70,79,77,77,66,78,49,66,64,45,43,38,47,47,48,45,42,30,26,20,20,34,26,26,26,15,24,24,16,10,17,17,20,11,9,14,13,16,7,12,6,3,13,12,7,8,6,7,3,11,2,4,3,5,7,3,1,2,3,4,3,0,3,0,0,1,0,3,1,2,0,0,1,2,0,0,2,0,0,0,0,1,0,1,0,1,1,1,0,1,0,0,0,0,0,0,0,0,0,0,0,0,0,0,0,0,0,0,0,0,0,0,0,0,0,0,0,0,0,0,0,0,0,0,0,0,0,0
10,4,0,1,3,4,4,9,19,3,7,6,10,27,4,12,20,21,19,23,45,36,28,57,38,52,76,67,65,82,85,90,70,86,112,101,93,101,115,121,125,129,117,111,143,118,142,143,154,147,150,131,119,127,114,120,146,131,138,113,135,114,135,118,96,107,102,99,96,92,77,92,65,69,75,73,73,78,61,55,54,41,54,55,50,47,31,37,37,37,28,31,26,31,28,29,16,14,17,24,16,12,12,17,13,13,15,13,4,10,10,10,12,8,7,6,4,6,5,5,7,6,4,3,4,8,10,3,3,2,1,2,3,1,2,0,2,1,1,0,1,2,0,2,2,1,1,0,0,0,0,0,0,1,1,0,0,0,0,0,0,0,0,0,1,0,0,0,0,0,0,0,0,0,0,0,0,0,0,0,0,0,0,0,1,0,0,0,0,0,0,0,0,0,0,0,0,0,0,0
14,3,1,4,4,4,3,7,22,2,8,4,13,24,2,24,25,17,21,41,38,31,22,46,39,55,70,61,73,85,66,97,64,91,86,111,106,98,89,107,108,133,107,129,129,127,147,151,141,122,122,122,124,122,136,122,130,126,116,110,127,115,111,112,93,103,99,82,107,94,72,100,96,75,73,59,66,66,59,61,47,44,48,44,38,39,39,38,38,29,26,38,19,34,26,19,22,27,22,20,14,14,16,12,13,14,6,8,6,19,19,10,7,12,5,11,13,8,5,5,4,7,2,4,2,7,3,4,3,4,1,2,2,2,3,2,0,2,1,1,3,1,2,0,0,1,0,0,0,0,0,0,0,0,0,2,1,0,0,0,0,1,0,0,0,0,0,0,0,0,0,0,0,0,0,0,0,0,0,0,0,0,0,0,0,0,0,0,0,0,0,0,0,0,0,0,0,0,0,0
12,0,0,0,2,3,8,2,16,5,14,11,6,21,5,25,16,15,17,32,44,32,26,46,35,37,74,51,73,72,83,99,82,95,122,96,114,104,91,104,116,119,110,129,142,128,134,130,140,126,115,144,124,109,144,117,114,135,124,110,111,128,140,90,108,90,107,112,91,62,82,79,69,62,81,53,72,62,54,50,55,49,60,51,38,48,34,44,31,21,28,26,30,23,26,22,33,15,19,21,16,13,12,17,7,11,8,13,8,8,15,10,12,4,7,7,5,10,6,7,6,4,7,2,4,9,4,4,1,1,2,4,3,1,2,1,0,2,0,1,3,3,0,1,1,1,1,2,0,0,0,0,0,0,0,1,0,0,3,0,0,0,0,0,0,0,0,0,0,0,0,0,0,0,0,0,0,0,0,0,0,0,0,0,0,0,0,0,0,0,0,0,0,0,0,0,0,0,0,0
17,2,1,0,5,6,3,4,14,1,11,6,8,21,9,26,20,19,13,30,41,50,30,51,41,49,64,51,51,68,67,105,68,90,119,109,87,85,88,104,127,112,95,123,114,137,132,126,138,134,135,125,124,137,126,120,132,103,136,113,101,118,118,116,96,86,97,83,107,80,80,86,79,76,62,68,73,71,52,45,58,38,49,40,34,34,34,37,42,23,29,28,20,25,23,22,19,13,12,16,18,16,13,12,14,12,9,4,12,10,9,7,12,8,9,7,4,6,6,4,12,4,9,3,2,8,4,5,3,4,3,2,0,1,4,2,2,0,3,4,2,2,0,0,3,1,0,0,1,0,1,0,0,2,1,0,0,0,0,0,0,0,0,0,1,0,0,0,0,0,0,0,0,0,0,0,0,0,0,0,0,0,0,0,0,0,0,0,0,0,0,0,0,0,0,0,0,0,0,0
14,1,1,3,3,4,2,4,15,3,9,15,6,17,5,25,24,21,16,24,41,24,29,55,36,47,61,53,76,67,85,98,69,94,105,112,100,105,91,107,104,101,97,115,132,101,124,112,120,108,113,117,119,123,130,133,123,124,128,110,97,102,79,81,110,80,102,90,85,60,78,81,70,77,81,63,60,56,58,59,49,48,32,41,38,31,35,42,31,27,26,32,27,29,26,14,21,18,18,19,18,10,20,16,16,16,8,11,6,7,8,4,9,4,8,5,12,5,5,5,6,2,4,6,3,4,6,4,2,1,0,0,0,3,3,1,1,0,2,1,1,1,0,1,1,0,1,0,0,0,0,0,1,0,1,1,1,0,0,0,0,0,0,0,0,0,0,0,0,0,0,0,0,0,0,0,0,0,0,0,0,0,0,0,0,0,0,0,0,0,0,0,0,0,0,0,0,0,0,0
6,3,0,1,4,7,1,5,19,2,17,10,14,19,4,21,17,27,15,38,41,37,22,49,42,59,63,53,49,62,64,87,66,68,99,99,87,95,82,116,93,110,88,117,133,121,103,143,123,125,107,129,105,103,121,123,127,128,125,96,109,99,114,73,113,94,83,78,79,52,80,61,57,60,66,49,51,59,56,57,50,53,45,42,47,26,28,33,22,35,35,21,28,29,28,21,13,14,18,14,8,17,8,15,15,11,14,8,14,10,6,6,13,7,8,7,5,2,3,4,5,2,3,4,2,2,5,2,1,7,3,3,0,1,2,1,1,2,0,3,1,1,0,0,2,0,0,0,1,0,0,0,0,0,0,0,1,0,0,0,0,0,0,0,2,0,0,0,0,0,0,0,0,0,0,0,0,0,0,0,0,0,0,0,0,0,0,0,0,0,0,0,0,0,0,0,0,0,0,0
8,0,0,1,4,12,3,3,7,1,8,7,15,16,6,23,17,24,12,30,46,44,27,39,35,43,69,43,49,59,78,61,65,84,90,100,107,84,90,96,112,136,84,110,139,123,132,115,107,107,130,113,117,107,122,110,112,126,109,89,102,115,108,97,94,77,89,80,86,72,73,73,47,72,59,50,50,54,48,42,56,40,38,54,52,27,39,28,22,28,23,28,19,19,19,18,18,19,25,16,19,17,8,18,12,8,11,8,11,7,11,8,4,3,3,5,6,6,5,5,3,4,3,4,0,6,4,3,2,0,0,1,0,2,1,2,2,1,1,1,1,1,0,1,1,1,0,0,0,1,0,0,0,0,0,0,0,0,0,0,0,0,0,0,0,0,0,0,0,0,0,0,0,0,0,0,0,0,0,0,0,0,0,0,1,0,0,0,0,0,0,0,0,0,0,0,0,0,0,0
14,1,2,0,4,8,0,3,13,3,7,4,10,20,4,18,19,17,12,30,33,29,26,42,34,41,60,58,67,59,53,78,57,86,94,76,77,104,75,91,89,103,81,94,118,107,110,95,116,112,117,117,112,103,102,124,110,116,120,78,87,102,105,89,94,78,87,93,73,63,58,56,56,63,61,51,50,51,39,40,47,39,40,37,37,26,33,33,29,20,30,25,25,27,19,24,13,15,13,11,12,8,12,9,12,8,16,9,6,8,11,6,6,3,10,7,2,4,4,3,2,6,5,2,3,3,5,5,0,1,1,2,3,3,2,3,3,0,2,1,2,1,0,1,2,1,0,0,0,0,0,0,0,0,0,0,0,0,0,0,0,0,0,0,0,0,0,0,0,0,0,0,0,0,0,0,0,0,0,0,0,0,0,0,0,0,0,0,0,0,0,0,0,0,0,0,0,0,0,0
13,4,0,2,4,10,4,2,15,1,7,8,7,12,8,16,13,18,13,22,42,33,24,34,39,48,50,40,60,68,56,78,45,85,91,80,78,93,71,92,103,87,90,118,114,100,126,114,98,84,119,140,111,114,128,105,110,110,116,121,94,96,84,75,86,85,75,72,69,70,77,59,66,53,60,42,57,43,44,49,39,33,33,50,46,37,29,23,25,33,27,18,18,24,26,15,16,18,15,11,14,18,12,12,12,6,11,5,7,3,10,8,10,7,3,5,6,5,6,7,5,6,1,1,3,4,4,1,3,1,3,0,2,2,2,1,1,0,0,1,1,1,1,3,0,0,0,0,1,0,0,0,0,0,0,0,0,0,0,0,0,1,0,0,0,0,0,0,0,0,0,0,0,0,0,0,0,0,0,0,0,0,0,0,0,0,0,0,0,0,0,0,0,0,0,0,0,0,0,0
10,1,0,1,5,3,2,6,12,1,3,5,8,22,6,19,20,16,8,25,37,24,23,50,38,46,52,51,63,57,53,78,54,74,82,94,85,77,73,93,102,103,101,103,117,103,102,108,111,91,139,106,111,118,90,115,124,88,99,111,83,102,103,81,91,84,82,83,60,59,64,83,54,54,56,56,49,62,46,43,48,32,41,28,32,31,41,37,26,24,27,18,18,24,20,24,20,13,13,11,19,17,9,9,10,11,11,6,9,17,7,8,10,5,7,6,3,9,5,4,1,5,7,1,4,4,4,3,2,3,1,0,1,1,3,1,1,0,1,1,0,1,0,0,0,1,0,0,0,0,0,1,0,0,0,0,0,0,0,0,0,0,0,0,1,0,0,0,0,0,0,0,0,0,0,0,0,0,0,0,0,0,0,0,0,0,0,0,0,0,0,0,0,0,0,0,0,0,0,0
6,1,1,5,2,8,1,2,17,1,6,3,6,14,5,22,14,26,20,22,34,22,34,39,36,42,69,52,53,77,58,87,52,78,89,76,102,70,84,96,104,108,90,101,98,92,120,98,103,102,120,102,91,100,98,106,101,104,101,93,97,86,93,74,82,81,94,65,90,56,61,53,64,61,53,60,57,52,39,40,38,40,33,28,46,25,29,22,26,22,24,24,16,22,21,13,17,14,19,12,23,12,8,17,15,14,13,12,8,9,8,11,9,4,6,9,4,1,6,4,3,3,0,1,5,5,3,6,0,3,2,0,2,1,2,1,1,0,2,0,1,3,2,0,0,2,0,0,1,0,1,0,1,0,0,0,0,0,1,0,0,0,0,0,0,0,0,1,0,0,0,0,0,0,0,0,0,0,0,0,0,0,0,0,0,0,0,0,0,0,0,0,0,0,0,0,0,0,0,0
13,2,1,2,6,2,0,5,7,3,2,5,12,14,5,11,14,20,8,26,35,40,22,47,35,43,65,49,56,57,72,72,71,69,74,60,94,88,73,91,118,97,83,95,120,97,117,96,86,108,129,116,110,110,112,110,101,87,109,87,75,89,108,67,88,67,81,65,82,50,63,53,57,60,57,56,51,40,55,29,34,44,32,33,31,30,28,39,31,14,24,27,17,19,23,22,13,20,18,20,15,19,13,15,6,8,17,10,11,6,16,11,5,3,4,7,3,2,4,4,3,2,2,3,2,7,4,3,1,8,3,0,1,0,3,1,0,4,0,0,1,0,0,2,0,1,0,0,0,0,0,0,0,0,1,0,0,0,0,0,0,0,1,0,1,0,0,0,0,0,0,0,0,0,0,0,0,0,0,0,0,0,0,0,0,0,0,0,0,0,0,0,0,0,0,0,0,0,0,0
12,3,1,1,3,6,0,4,13,2,6,7,9,17,8,14,15,12,14,23,37,31,19,33,32,33,60,45,61,63,54,64,65,72,88,77,104,91,67,80,90,96,68,110,104,102,99,105,107,84,107,93,83,103,117,96,98,71,99,90,89,79,80,77,82,67,62,66,66,66,61,58,49,56,48,59,37,35,57,29,44,26,44,39,38,17,26,29,24,18,26,24,18,17,25,12,22,16,16,16,14,6,5,10,8,5,5,9,7,10,8,8,6,2,5,6,6,3,5,4,0,1,5,4,6,5,2,1,3,2,1,1,0,1,1,2,2,0,1,2,0,2,3,1,1,1,0,0,0,0,0,0,0,0,0,0,0,0,0,0,0,0,1,0,0,1,0,0,0,0,0,1,0,0,0,0,0,0,0,0,0,0,0,0,0,0,0,0,0,0,0,0,0,0,0,0,0,0,0,0
13,1,0,3,5,7,4,3,9,2,6,7,17,13,5,22,19,21,12,20,35,33,28,41,26,50,49,30,64,59,47,67,58,78,84,85,57,91,66,89,98,90,84,79,74,91,92,92,83,78,103,111,86,99,91,85,105,93,92,86,88,79,83,57,73,63,75,58,71,66,43,72,61,65,53,46,41,45,44,44,30,35,32,42,29,17,29,30,24,22,18,25,27,16,22,16,19,7,15,19,8,15,5,12,8,5,9,12,9,6,7,2,4,1,8,8,1,4,2,2,3,5,2,1,1,4,3,2,0,1,1,2,0,1,1,2,2,1,4,1,0,0,0,0,1,0,0,0,1,0,0,0,0,0,0,1,1,0,1,0,0,0,0,0,0,0,0,0,0,0,0,0,0,0,0,0,0,0,0,0,0,0,0,0,0,0,0,0,0,0,0,0,0,0,0,0,0,0,0,0
9,3,2,0,3,6,4,2,9,2,5,8,13,13,7,13,14,15,10,21,33,17,16,39,34,33,73,36,57,53,53,71,53,61,94,78,66,86,78,96,92,108,76,95,90,94,83,78,105,90,93,95,97,84,98,104,98,81,112,82,81,78,73,59,80,79,77,62,65,57,53,69,39,55,55,48,53,43,33,39,34,36,30,38,33,34,28,20,26,24,17,17,15,29,23,12,18,13,15,11,11,6,10,10,7,10,6,8,10,5,6,2,4,4,3,7,9,2,1,3,2,3,2,4,2,2,2,6,2,0,1,0,1,2,2,0,1,2,0,1,0,0,2,0,0,0,0,0,1,0,0,0,0,0,0,0,0,0,0,0,0,0,0,0,0,0,0,0,0,0,0,0,0,0,0,0,0,0,0,0,0,0,0,0,0,0,0,0,0,0,0,0,0,0,0,0,0,0,0,0
5,2,0,1,3,2,3,5,12,3,4,5,9,23,5,16,7,16,12,19,31,29,17,33,32,37,48,31,51,60,54,74,59,66,71,82,71,75,69,72,78,75,80,72,96,95,81,85,94,99,90,97,98,91,91,85,108,90,97,71,89,80,99,74,78,89,60,59,63,47,53,55,48,56,55,60,45,35,37,42,33,41,29,32,26,27,31,22,17,17,16,16,14,19,21,11,17,13,16,13,9,9,9,9,12,6,8,5,6,5,9,4,10,4,4,4,4,4,7,6,2,4,2,4,0,5,1,0,0,2,1,2,0,1,3,1,1,0,1,0,2,1,1,0,1,1,0,0,0,0,1,0,1,0,0,0,0,0,0,0,0,0,0,0,1,0,0,0,0,0,0,0,0,0,0,0,0,0,0,0,0,0,0,0,0,0,0,0,0,0,0,0,0,0,0,0,0,0,0,0
12,1,1,2,2,4,3,4,6,4,2,9,5,16,3,20,19,13,9,19,27,30,12,27,28,39,53,39,48,59,49,60,51,53,70,76,83,79,72,78,87,90,75,85,92,80,91,109,93,93,106,78,88,99,101,89,95,89,84,83,81,76,90,70,59,74,62,49,53,48,40,50,50,38,40,42,33,32,36,44,35,40,31,30,27,30,24,20,18,24,30,18,14,22,16,17,18,12,8,12,11,9,10,10,10,10,11,9,6,6,7,5,5,7,9,5,4,3,2,3,2,5,4,3,0,5,1,4,2,0,1,2,1,2,4,1,1,0,0,0,0,0,0,1,2,0,0,0,0,1,0,1,0,0,0,2,0,0,0,0,0,0,0,0,0,0,0,0,0,0,0,0,0,0,0,0,0,0,0,0,0,0,0,0,0,0,0,0,0,0,0,0,0,0,0,0,0,0,0,0
7,2,0,0,4,7,4,3,8,2,4,4,8,13,6,13,8,12,11,20,20,16,16,35,29,29,45,37,49,53,36,66,62,71,83,73,82,63,62,62,83,73,72,102,95,94,79,87,111,100,93,79,79,90,72,98,86,80,96,51,97,75,73,62,76,82,55,49,59,54,59,50,41,51,48,51,50,35,35,40,27,26,31,28,21,29,25,24,26,14,16,16,22,21,14,15,17,6,12,14,11,7,8,13,14,6,11,5,5,3,4,6,7,7,3,7,3,2,3,2,2,5,3,1,2,4,4,0,2,0,1,1,1,0,2,0,0,0,0,2,2,1,0,0,2,1,1,0,1,0,0,0,0,0,0,0,0,0,0,0,0,0,0,0,0,0,0,0,0,0,0,0,0,0,0,0,0,0,0,0,0,0,0,0,0,0,0,0,0,0,0,0,0,0,0,0,0,0,0,0
9,3,1,1,4,5,1,0,9,1,4,5,2,9,6,12,16,13,9,18,37,38,16,37,21,34,36,31,38,53,52,61,41,51,77,71,62,75,70,80,89,89,73,78,98,68,81,86,81,61,87,83,77,85,89,80,96,82,79,91,61,79,73,68,61,57,68,55,58,53,63,52,43,50,47,36,42,36,31,33,30,26,22,26,19,29,19,16,21,15,25,12,17,18,15,15,19,11,16,8,11,5,8,10,5,10,12,7,6,3,2,14,2,6,3,5,5,5,5,4,1,3,5,0,0,2,6,1,1,3,2,2,0,0,1,0,1,2,0,2,0,1,0,2,0,1,0,0,0,0,1,0,0,0,0,2,0,0,0,0,0,0,0,0,0,0,0,0,0,0,0,0,0,0,0,0,0,0,0,0,0,0,0,0,0,0,0,0,0,0,0,0,0,0,0,0,0,0,0,0
9,0,0,1,0,2,3,2,12,3,2,6,6,10,4,10,20,16,9,22,31,35,19,38,23,34,58,39,44,42,59,64,43,56,62,68,80,62,60,85,73,79,70,72,101,83,109,83,83,74,92,86,77,86,101,79,87,77,70,56,77,69,70,63,78,64,60,52,47,60,44,42,44,36,52,45,35,30,30,34,32,33,24,26,26,21,26,19,26,25,11,14,16,17,19,13,15,13,8,10,13,4,14,6,6,11,5,5,5,6,8,5,3,5,5,5,4,3,2,2,1,3,4,4,2,1,1,5,2,1,2,1,0,3,1,3,1,2,0,3,0,0,1,0,0,2,0,1,0,0,0,0,0,0,0,0,1,0,0,0,0,0,0,0,0,0,0,0,0,0,0,0,0,0,0,0,0,0,0,0,0,0,0,0,0,0,0,0,0,0,0,0,0,0,0,0,0,0,0,0
5,1,1,0,2,7,2,3,6,1,5,7,4,7,1,15,15,18,5,17,26,25,16,28,18,40,39,44,46,45,42,55,41,63,75,69,65,55,49,70,88,74,63,89,65,81,91,81,90,71,82,91,73,80,84,91,82,74,78,63,51,77,71,72,59,70,55,35,39,56,39,31,53,42,40,47,35,30,36,32,22,26,23,26,30,17,22,23,14,20,16,19,10,11,18,9,11,14,19,4,11,12,10,12,6,6,3,7,6,4,3,6,5,6,5,5,5,4,4,4,1,7,1,1,1,9,0,2,0,1,3,4,0,1,1,3,0,0,0,2,0,0,1,0,0,0,0,0,0,1,0,0,0,1,0,0,0,0,0,0,0,0,0,0,0,0,0,0,0,0,0,0,0,0,0,0,0,0,0,0,0,0,0,0,0,0,0,0,0,0,0,0,0,0,0,0,0,0,0,0
5,1,0,0,3,4,0,1,15,3,2,6,5,14,3,10,11,13,12,22,22,17,20,36,21,34,40,34,45,46,47,55,41,66,67,49,79,76,61,71,80,85,65,65,84,69,87,87,84,76,94,69,65,69,89,98,92,74,88,76,63,89,66,67,63,44,49,56,67,45,45,37,44,46,49,37,34,40,32,34,22,44,23,27,23,27,17,14,18,14,15,15,17,20,8,10,10,7,11,8,8,8,4,8,6,4,11,12,8,7,2,5,4,7,2,3,2,4,6,1,4,2,3,1,2,1,3,2,2,3,0,0,1,1,3,2,0,1,1,2,2,2,1,2,0,0,0,0,0,0,0,0,0,0,1,0,1,0,0,0,0,0,0,0,0,0,0,0,0,0,0,0,0,0,0,0,0,0,0,0,0,0,0,0,0,0,0,0,0,0,0,0,0,0,0,0,0,0,0,0
6,1,0,3,0,6,0,0,10,0,6,8,6,10,3,11,13,19,10,13,22,20,19,34,19,24,42,41,35,49,42,67,45,49,64,57,68,69,59,74,83,78,69,70,83,74,77,103,88,80,78,73,84,77,75,88,96,71,74,59,62,86,60,74,68,53,60,45,57,45,38,45,50,53,35,40,30,21,26,35,26,22,29,20,27,17,19,16,28,16,12,12,14,15,23,6,11,7,16,8,9,7,6,10,10,7,4,6,4,4,6,5,4,4,5,2,2,3,5,5,1,0,5,2,0,5,4,3,2,1,1,1,1,1,3,1,0,1,1,2,0,0,0,0,0,0,1,0,0,0,0,1,0,1,0,1,0,0,1,0,0,0,0,0,0,0,0,0,0,0,0,0,0,0,0,0,0,0,0,0,0,0,0,0,0,1,0,0,0,0,0,0,0,0,0,0,0,0,0,0
7,4,1,0,3,5,1,3,9,3,2,6,7,13,2,20,18,6,14,18,20,22,17,35,18,29,44,31,31,45,51,68,50,44,73,55,59,55,56,60,57,69,71,57,75,62,68,72,61,75,100,72,69,71,67,77,77,60,87,57,55,57,62,62,71,62,49,33,49,44,47,42,45,47,46,36,32,23,28,26,35,28,15,25,19,17,20,12,16,14,13,12,21,15,17,15,17,10,13,5,6,5,8,6,13,3,4,5,4,7,4,6,3,4,8,3,3,6,2,6,1,4,3,3,2,5,4,1,0,1,2,4,0,0,0,1,2,1,0,0,0,0,0,0,0,2,1,1,0,0,0,1,0,0,0,0,0,0,0,0,0,0,0,0,0,0,0,0,0,0,0,0,0,0,0,0,0,0,0,0,0,0,0,0,0,0,0,0,0,0,0,0,0,0,0,0,0,0,0,0
5,2,0,1,1,7,0,3,8,2,6,7,12,12,6,12,13,11,14,16,27,25,16,29,24,21,49,19,44,45,35,56,30,48,53,55,62,59,52,52,74,74,67,57,75,70,77,68,80,55,81,83,75,57,71,61,76,65,59,74,54,65,63,52,50,53,63,42,59,42,40,44,50,32,49,27,40,32,29,34,25,21,21,12,21,24,14,17,22,16,18,11,13,17,12,5,4,13,10,9,11,8,4,9,9,6,7,1,5,1,4,5,4,1,2,5,7,2,2,5,0,1,4,4,3,2,3,0,2,1,0,2,1,0,2,0,0,0,2,1,1,1,2,0,0,0,0,0,1,0,1,0,0,0,0,0,0,0,0,0,0,0,1,0,0,0,0,0,0,0,0,0,0,0,0,0,0,0,0,0,0,0,0,0,0,0,0,0,0,0,0,0,0,0,0,0,0,0,0,0
1,0,0,0,6,5,2,3,10,1,6,5,6,13,5,14,11,12,12,17,22,22,18,29,28,33,38,25,46,33,61,56,40,42,58,48,58,60,70,74,72,74,48,65,78,66,68,73,78,73,73,72,72,95,59,78,86,69,57,69,60,53,67,58,61,42,58,49,60,47,39,36,38,46,34,39,41,34,23,36,26,23,19,23,30,25,17,16,21,12,8,18,10,18,10,7,12,6,11,6,11,4,2,6,9,7,4,8,8,4,8,5,5,2,4,1,5,4,4,5,2,0,2,1,3,1,1,1,0,3,2,0,0,1,0,2,1,0,0,1,1,0,0,0,0,0,1,0,0,0,0,0,0,0,1,0,0,0,0,0,0,0,0,0,0,0,0,0,0,0,0,0,0,0,0,0,0,0,0,0,0,0,0,0,0,0,0,0,0,0,0,0,0,0,0,0,0,0,0,0
8,1,1,0,3,2,3,1,7,2,3,8,11,8,5,10,12,12,10,19,26,17,18,23,13,31,42,26,28,38,57,54,51,44,52,59,53,61,46,62,53,66,54,51,67,64,79,72,73,43,78,77,57,57,75,58,74,68,54,59,63,50,52,68,46,53,38,45,35,43,30,48,35,26,32,36,32,35,38,23,26,21,31,27,23,17,18,22,23,8,12,10,11,10,12,12,16,11,9,12,9,9,4,8,5,13,7,9,7,3,6,8,3,1,3,2,4,5,1,5,3,3,1,0,1,2,3,1,3,0,0,2,2,3,2,1,1,2,0,1,0,1,2,0,0,2,1,0,0,0,0,0,0,0,0,0,0,0,0,0,0,0,0,0,1,0,0,0,0,0,0,0,0,0,0,0,0,0,0,0,0,0,0,0,0,0,0,0,0,0,0,0,0,0,0,0,0,0,0,0
7,0,2,2,3,9,3,3,8,0,2,2,7,8,5,17,10,15,6,16,27,21,10,31,18,25,43,32,31,37,49,60,39,75,56,59,57,52,52,70,68,69,45,62,69,72,69,63,65,68,67,61,61,62,90,59,80,44,72,39,56,52,62,44,52,41,54,33,49,43,44,38,40,35,32,35,34,31,30,27,33,16,26,29,17,14,20,23,16,9,14,17,19,12,10,8,4,10,9,5,6,10,3,10,10,4,1,9,6,3,3,5,6,1,6,5,1,3,2,3,2,4,4,1,0,4,2,0,2,1,2,2,1,1,0,1,0,2,0,0,1,0,0,1,0,0,0,0,0,0,0,0,1,0,0,0,0,0,0,0,0,0,0,0,0,0,0,1,0,0,0,0,0,0,0,0,0,0,0,0,0,0,0,0,0,0,0,0,0,0,0,0,0,0,0,0,0,0,0,0
6,1,0,1,1,3,2,1,6,0,8,5,6,13,2,11,13,12,14,13,18,21,16,26,17,25,46,33,44,39,42,47,42,54,64,57,64,64,52,74,68,56,57,62,69,60,68,68,79,60,65,51,49,69,63,53,69,56,69,64,58,59,42,54,54,44,54,44,39,38,36,35,29,33,34,27,36,34,21,26,17,24,20,25,19,21,12,21,12,8,17,14,10,12,16,6,11,6,6,10,11,5,3,3,3,7,1,7,3,3,11,1,5,3,4,6,5,3,2,3,2,1,2,0,0,1,2,1,1,1,2,0,0,2,0,0,0,1,0,0,1,1,0,1,0,1,1,0,0,0,0,0,0,0,0,0,0,0,0,0,0,0,0,0,0,0,0,0,0,0,0,0,0,0,0,0,0,0,0,0,0,0,0,0,1,0,0,0,0,0,0,0,0,0,0,0,0,0,0,0
9,3,0,2,2,7,2,4,5,2,5,3,6,8,6,14,11,7,8,16,16,20,8,27,24,20,31,23,35,33,50,39,30,46,48,48,52,46,45,62,60,62,62,72,70,58,68,76,74,61,69,65,68,60,65,58,66,56,64,58,58,55,53,42,59,54,38,41,51,40,29,43,30,30,29,34,31,24,19,23,26,25,25,19,14,20,19,28,16,10,11,12,12,12,12,16,5,5,6,9,5,10,6,10,7,4,3,6,7,5,1,5,2,4,4,1,2,5,1,4,1,0,2,1,1,3,2,2,0,0,0,0,0,1,1,1,1,0,0,1,0,0,1,1,0,1,0,0,2,0,0,0,0,1,0,0,0,0,0,0,0,0,0,0,0,0,0,0,0,0,0,0,0,0,0,0,0,0,0,0,0,0,0,0,0,0,0,0,0,0,0,0,0,0,0,0,0,0,0,0
8,2,1,2,2,5,1,3,11,2,4,4,4,14,1,14,9,11,10,18,25,13,14,15,19,21,39,27,37,38,39,50,31,36,56,64,52,49,40,55,46,65,63,55,69,46,57,58,59,55,67,63,67,52,68,51,82,63,57,52,56,49,38,46,41,49,51,45,36,35,36,47,33,29,39,25,23,15,21,26,17,14,15,14,13,13,14,15,10,11,15,16,13,17,13,9,13,7,5,9,4,6,6,8,8,5,9,9,2,2,3,0,7,2,2,2,5,6,0,2,1,5,0,2,2,2,1,0,1,1,2,0,1,1,0,1,1,1,1,0,1,2,0,1,0,0,0,0,0,0,1,0,0,0,0,0,0,0,0,0,0,0,0,0,0,0,0,0,0,0,0,0,0,0,0,0,0,0,0,0,0,0,0,0,0,0,0,0,0,0,0,0,0,0,0,0,0,0,0,0
4,1,0,0,4,5,1,2,3,1,3,4,7,7,3,16,8,11,3,11,20,25,10,20,20,17,37,35,40,31,37,35,31,50,59,40,50,50,52,53,62,59,53,62,73,57,70,63,72,58,54,58,55,75,53,54,54,54,40,51,65,64,55,39,48,34,44,49,39,30,35,33,33,44,41,21,32,21,22,25,21,25,27,21,25,14,16,12,13,14,12,17,6,13,10,10,7,11,5,10,14,6,3,9,6,6,5,6,6,7,7,5,1,4,3,3,0,4,2,4,0,2,1,0,1,3,3,1,1,1,0,1,1,0,1,1,0,0,0,0,0,1,1,0,0,0,1,0,0,0,0,1,0,0,0,0,0,0,0,0,0,0,0,0,0,0,0,0,0,0,0,0,0,0,0,0,0,0,0,0,0,0,0,0,0,0,0,0,0,0,0,0,0,0,0,0,0,0,0,0
9,2,0,0,5,5,2,2,5,0,8,2,9,8,3,9,9,13,6,10,14,15,7,28,11,23,43,21,33,45,45,31,42,48,45,51,51,60,34,60,51,60,50,49,59,58,85,55,59,46,60,57,57,57,67,65,67,60,62,48,45,51,41,48,52,50,39,35,43,45,31,37,34,28,34,28,38,23,27,23,23,17,17,18,14,17,17,8,17,10,12,13,13,10,5,13,9,10,5,12,13,5,7,7,4,4,4,2,2,2,7,3,3,3,4,0,2,0,3,3,1,2,0,1,2,0,1,1,1,0,2,0,0,1,1,0,2,0,0,0,1,1,1,0,0,0,0,0,0,0,0,0,0,0,0,0,0,0,2,0,0,0,0,0,0,0,0,0,0,0,0,0,0,0,0,0,0,0,0,0,0,0,0,0,0,0,0,0,0,0,0,0,0,0,0,0,0,0,0,0
4,2,0,1,2,4,3,2,4,1,7,10,6,9,4,12,8,8,9,20,19,11,14,23,21,39,32,27,39,28,38,45,44,34,48,50,45,36,35,42,41,71,48,70,51,71,61,60,50,41,50,65,62,66,70,69,55,58,39,55,49,45,55,44,48,39,35,37,33,32,31,32,30,32,34,36,29,28,23,18,22,25,24,17,15,19,30,16,10,10,7,9,7,14,8,7,10,10,7,7,10,4,9,4,5,2,6,8,5,2,3,3,4,3,2,1,4,8,2,3,0,2,4,2,2,1,2,3,0,0,0,0,1,0,0,0,0,0,0,0,0,0,1,0,0,0,1,1,0,0,0,0,0,0,0,0,0,0,0,0,0,0,0,0,0,0,0,0,0,0,0,0,0,0,0,0,0,0,0,0,0,0,0,0,0,0,0,0,0,0,0,0,0,0,0,0,0,0,0,0
4,1,0,0,1,2,0,2,9,1,7,3,5,9,3,9,11,3,5,5,20,23,9,24,19,10,19,31,34,37,37,40,35,36,43,42,45,46,28,59,51,55,54,54,54,50,56,51,74,57,44,54,48,56,53,64,59,57,51,39,36,40,46,36,42,46,44,32,36,32,23,37,32,27,24,21,19,25,20,18,24,19,13,14,10,14,11,9,11,20,11,12,6,11,17,4,11,5,8,8,7,11,12,9,3,5,4,3,3,5,3,6,5,2,4,5,1,3,3,1,0,2,4,2,1,3,1,2,1,1,1,0,1,0,0,1,0,1,0,0,0,0,0,0,0,1,0,0,0,0,0,0,0,0,0,1,0,0,0,0,0,0,0,0,1,0,0,0,0,0,0,0,0,0,0,0,0,0,0,0,0,0,0,0,0,0,0,0,0,0,0,0,0,0,0,0,0,0,0,0
3,2,0,1,3,6,2,1,11,0,3,6,6,10,2,4,13,8,9,7,15,15,8,34,26,24,34,24,25,33,33,36,37,47,45,51,54,44,45,50,35,52,57,66,52,43,53,48,54,56,61,67,39,52,32,46,41,50,46,50,41,35,38,27,41,44,47,29,46,33,31,24,34,31,33,25,25,26,24,28,25,17,21,22,13,13,11,13,20,13,11,8,16,8,6,4,10,11,6,9,8,4,4,3,3,3,3,3,3,6,5,5,1,5,2,3,0,1,2,3,0,3,2,0,2,0,1,0,1,1,0,0,0,0,1,0,1,0,0,1,2,0,0,1,0,0,0,0,0,0,0,0,0,1,1,0,0,0,0,0,0,0,0,0,0,0,0,0,0,0,0,0,0,0,0,0,0,0,0,0,0,0,0,0,0,1,0,0,0,0,0,0,0,0,0,0,0,0,0,0
5,0,0,2,1,1,0,0,5,1,3,3,5,9,3,7,9,7,2,19,24,17,11,24,19,22,25,28,31,34,38,36,33,35,44,35,49,45,40,40,55,49,39,55,52,48,65,57,53,39,51,42,44,57,62,37,54,47,55,42,45,41,40,49,32,37,37,32,34,25,27,33,27,28,29,18,28,18,19,19,20,10,21,9,23,12,10,13,12,12,12,7,7,10,13,6,9,5,5,5,5,3,4,3,7,5,8,2,5,5,2,3,5,2,2,0,5,2,3,3,1,2,1,1,1,1,0,2,1,2,0,1,0,1,1,1,1,0,2,1,0,0,0,0,1,1,0,0,0,1,0,0,0,0,0,0,0,0,0,0,0,0,0,0,0,0,0,0,0,0,0,0,0,0,0,0,0,0,0,0,0,0,0,0,0,0,0,0,0,0,0,0,0,0,0,0,0,0,0,0
7,2,1,2,6,2,3,4,3,1,1,5,3,8,2,8,7,11,10,18,13,17,9,21,21,32,36,18,22,30,44,42,20,40,49,46,46,38,41,50,54,42,43,41,57,53,59,49,50,59,50,41,43,51,55,52,49,36,46,52,50,37,50,36,48,38,40,25,32,26,36,46,16,19,19,25,32,28,22,22,17,16,13,16,11,13,8,17,15,9,15,9,7,11,9,6,9,9,8,5,6,5,3,6,6,3,7,4,2,3,3,3,0,2,4,2,2,1,4,2,3,3,7,4,0,1,0,2,1,1,0,2,0,1,1,3,0,1,1,0,0,0,0,0,0,0,0,0,0,0,0,0,0,0,0,0,0,0,0,0,0,0,0,0,0,0,0,0,0,0,0,0,0,0,0,0,0,0,0,0,0,0,0,0,0,0,0,0,0,0,0,0,0,0,0,0,0,0,0,0
5,1,1,2,1,1,3,3,5,0,5,2,14,8,2,13,8,10,4,7,12,11,4,21,24,19,19,23,36,24,28,45,31,38,51,46,49,41,36,39,51,38,47,49,52,60,49,42,48,39,50,44,53,62,36,46,54,52,42,38,34,43,41,44,39,28,37,33,34,36,28,23,25,20,34,19,30,23,19,20,19,22,24,12,13,23,11,15,7,14,9,6,9,7,11,6,3,6,7,5,3,6,4,6,3,6,1,3,2,0,4,1,1,2,1,3,0,1,3,3,1,1,2,0,0,3,0,0,1,0,0,0,0,0,0,1,1,0,1,0,1,0,0,1,0,0,0,0,0,0,0,0,0,0,0,0,0,0,0,0,0,0,0,0,0,0,0,0,0,0,0,0,0,0,0,0,0,0,0,0,0,0,0,0,0,0,0,0,0,0,0,0,0,0,0,0,0,0,0,0
6,1,0,1,2,1,1,2,4,0,4,4,5,4,2,7,7,7,8,7,17,11,12,14,13,13,31,34,29,23,31,33,29,32,42,29,43,43,33,40,52,55,45,52,56,48,49,55,42,39,55,60,53,43,51,50,52,41,44,45,43,36,44,33,35,37,38,33,30,31,24,25,20,22,24,30,21,26,19,18,17,21,17,8,10,11,13,12,15,11,13,8,11,10,4,6,9,13,4,6,2,3,2,7,6,7,4,0,3,4,4,2,3,1,3,1,0,3,3,2,1,1,1,0,0,0,2,2,1,2,2,1,1,0,0,0,1,0,1,1,0,0,0,0,0,1,1,0,0,0,0,0,0,1,1,0,0,0,2,0,0,0,0,0,0,0,0,0,0,0,0,0,0,0,0,0,0,0,0,0,0,0,0,0,0,0,0,0,0,0,0,0,0,0,0,0,0,0,0,0
5,2,0,0,2,2,1,1,2,0,6,1,6,4,2,13,7,6,7,12,18,18,8,20,13,16,34,17,22,31,34,39,32,37,46,35,38,37,40,43,55,37,39,46,48,49,46,56,47,41,49,50,51,37,46,51,47,42,39,38,37,52,42,37,32,33,31,40,35,31,33,20,25,27,33,26,27,17,18,22,18,14,13,13,15,11,10,13,8,10,11,13,4,16,14,5,4,8,6,5,6,4,5,4,4,6,1,1,2,1,9,6,2,3,4,1,3,1,0,2,0,2,2,0,2,1,4,2,3,2,2,2,0,0,1,0,1,0,1,0,0,1,0,0,0,0,0,0,0,0,1,0,0,0,0,0,0,0,0,0,0,0,0,0,0,0,0,0,0,0,0,0,0,0,0,0,0,0,0,0,0,0,0,0,0,0,0,0,0,0,0,0,0,0,0,0,0,0,0,0
6,0,0,1,3,2,4,5,6,1,4,4,6,13,1,6,7,9,5,10,16,17,14,17,9,16,36,20,24,34,35,49,22,38,34,44,33,28,22,42,57,41,29,48,61,43,50,50,61,42,60,56,46,42,49,50,50,40,48,33,39,56,28,33,42,29,31,31,29,28,17,30,20,33,25,9,17,30,14,18,26,15,15,12,14,10,15,4,15,11,5,7,13,6,9,5,4,4,8,7,4,4,3,6,4,5,5,6,2,2,1,4,2,3,1,0,0,2,1,3,1,4,1,1,1,2,0,2,1,2,1,0,0,0,1,0,0,1,0,0,0,0,0,0,1,1,0,0,0,0,1,0,0,0,0,0,0,0,0,0,0,0,0,0,0,0,0,0,0,0,0,0,0,0,0,0,0,0,0,0,0,0,0,0,0,0,0,0,0,0,0,0,0,0,0,0,0,0,0,0
2,2,0,0,2,3,4,3,5,0,6,4,4,4,4,15,8,11,3,7,16,19,7,10,16,18,21,20,37,32,35,31,28,41,44,37,29,46,32,48,66,43,40,38,57,49,35,49,45,36,54,40,46,56,41,41,42,44,48,37,45,38,34,39,31,30,41,32,26,20,27,25,20,17,26,20,24,25,18,16,25,16,19,13,12,16,12,11,8,9,7,9,7,9,13,9,8,5,4,6,6,7,4,5,2,0,0,3,2,2,6,4,3,3,1,2,1,0,0,3,1,0,2,0,0,2,2,1,0,1,1,1,0,0,2,0,1,0,0,1,1,0,0,0,0,0,0,0,0,1,0,0,0,0,0,0,0,0,0,0,0,1,1,0,0,0,0,0,0,0,0,0,0,0,0,0,0,0,0,0,0,0,0,0,0,0,0,0,0,0,0,0,0,0,0,0,0,0,0,0
6,1,1,0,2,5,0,3,6,1,6,5,2,7,1,14,9,3,8,13,13,15,13,18,16,21,17,15,25,39,23,25,30,39,25,35,29,39,33,34,34,38,50,43,43,55,56,43,54,38,46,49,41,36,39,28,43,36,44,36,38,36,39,32,34,45,28,23,20,28,33,30,17,20,14,21,14,9,21,19,19,18,12,11,12,13,10,8,6,15,7,5,7,5,9,2,6,5,4,4,4,4,3,5,4,2,4,5,6,0,3,6,3,0,1,4,4,2,2,1,0,0,1,0,1,1,2,2,0,1,0,0,1,0,1,0,1,0,0,0,0,0,0,0,0,0,0,0,0,0,0,1,0,0,0,0,0,0,0,0,0,0,0,0,0,0,0,0,0,0,0,0,0,0,0,0,0,0,0,0,0,0,0,0,0,0,0,0,0,0,0,0,0,0,0,0,0,0,0,0
8,2,1,0,3,3,1,4,7,0,4,4,5,4,2,8,7,7,7,9,14,10,4,21,13,16,22,19,29,26,37,33,31,35,53,54,42,31,43,42,39,37,45,52,38,44,43,53,41,38,37,34,39,41,43,34,38,40,47,34,44,31,38,31,36,29,32,28,38,29,17,33,22,20,22,28,22,20,13,11,13,22,15,15,13,8,8,9,8,13,11,12,9,12,7,7,4,4,4,4,7,1,4,5,3,6,2,2,4,1,6,2,2,2,1,3,3,2,0,2,0,3,2,0,1,2,2,1,0,1,1,1,0,1,0,1,0,0,0,0,0,0,0,0,0,0,0,0,0,0,0,0,0,0,0,0,0,0,0,0,0,1,0,0,0,0,0,0,0,0,0,0,0,0,0,0,0,0,0,0,0,0,0,0,0,0,0,0,0,0,0,0,0,0,0,0,0,0,0,0
4,1,0,1,1,2,2,0,5,1,1,6,8,13,2,3,6,6,6,14,19,12,13,20,20,18,26,16,23,28,32,31,22,36,35,38,45,34,44,42,46,34,29,47,47,37,48,58,46,39,38,53,39,48,37,37,28,27,53,33,36,22,33,31,39,37,32,21,41,20,26,21,27,23,20,16,23,16,13,18,14,8,14,12,11,15,6,13,15,7,9,4,5,11,8,7,11,7,8,6,5,4,1,3,6,1,8,2,2,2,3,1,2,2,3,3,1,4,1,2,1,2,1,2,0,1,0,0,0,3,0,0,1,1,0,0,0,0,2,1,1,0,0,1,0,1,0,0,1,0,0,0,1,1,0,1,0,0,0,0,0,0,0,0,0,0,0,0,0,0,0,0,0,0,0,0,0,0,0,0,0,0,0,0,0,0,0,0,0,0,0,0,0,0,0,0,0,0,0,0
5,1,0,0,2,5,0,2,8,2,5,3,4,9,6,8,12,6,6,9,9,12,7,14,18,27,29,13,24,40,30,21,29,39,23,32,35,30,27,38,35,46,34,41,54,41,58,33,46,46,50,39,40,41,41,41,50,42,42,33,38,33,31,29,25,28,29,29,18,37,30,25,21,12,16,17,24,10,14,9,26,12,13,17,15,9,12,11,10,15,6,12,10,8,9,8,5,1,2,3,3,5,1,1,2,1,1,2,1,1,3,0,3,1,1,3,1,1,2,4,3,2,1,0,1,0,0,0,0,0,0,0,2,2,0,1,0,0,0,0,0,0,0,0,1,0,0,0,0,0,1,0,0,0,0,0,0,0,0,0,0,0,0,0,0,0,0,0,0,0,0,0,0,0,0,0,0,0,0,0,0,0,0,0,0,0,0,0,0,0,0,0,0,0,0,0,0,0,0,0
4,1,0,0,4,1,1,1,4,1,3,3,5,12,2,7,6,4,5,15,15,10,5,15,13,24,20,25,23,26,23,26,21,32,42,30,35,39,31,36,30,41,37,35,41,38,48,33,46,52,44,39,35,32,38,46,40,39,28,31,27,34,34,29,33,18,35,25,30,23,21,29,28,22,18,19,21,20,14,20,16,12,16,12,14,7,15,11,6,6,10,7,5,8,7,2,5,6,9,7,5,0,2,7,2,2,3,2,3,4,1,2,0,3,2,3,2,3,1,0,1,0,1,0,0,1,0,3,0,0,0,1,2,1,0,0,0,1,0,0,0,0,1,0,1,0,0,0,0,0,0,0,0,0,0,0,0,0,0,0,0,0,0,0,0,0,0,0,0,0,0,0,0,0,0,0,0,0,0,0,0,0,0,0,0,0,0,0,0,0,0,0,0,0,0,0,0,0,0,0
1,0,0,0,1,1,0,1,6,2,2,2,7,4,2,6,7,11,3,9,13,11,10,19,15,13,30,22,20,22,27,29,28,38,33,31,29,25,28,35,38,36,35,42,38,35,31,45,45,31,47,47,26,32,43,37,46,46,30,25,30,33,46,29,30,25,32,33,22,20,24,23,23,23,15,19,14,20,20,19,12,17,3,16,19,3,12,9,10,4,7,8,1,10,6,8,7,6,5,5,2,3,4,4,4,3,4,4,1,0,2,3,2,1,0,0,2,1,3,1,1,1,2,2,1,1,1,1,0,0,0,0,1,0,1,0,2,0,1,3,0,0,0,0,1,0,0,0,0,0,0,0,0,0,0,0,0,0,0,0,0,0,0,0,0,0,0,0,0,0,0,0,0,0,0,0,0,0,0,0,0,0,0,0,0,0,0,0,0,0,0,0,0,0,0,0,0,0,0,0
8,0,0,1,0,3,0,1,1,0,3,3,2,2,3,9,9,3,3,12,14,14,5,22,8,17,25,19,13,29,28,27,24,28,33,28,37,33,31,25,34,36,31,42,46,18,41,35,40,34,50,44,34,41,41,24,48,37,38,21,23,29,27,36,30,28,27,33,23,17,24,28,19,12,22,19,18,16,13,13,14,10,18,13,13,19,8,11,6,13,10,6,2,8,4,3,1,5,5,0,4,1,2,5,3,2,1,5,2,4,2,3,1,4,3,1,4,0,1,3,1,2,0,2,0,0,0,2,1,0,0,0,0,1,0,0,0,0,0,0,0,0,0,0,0,0,0,0,0,0,0,0,0,0,0,0,0,0,1,0,0,0,0,0,0,0,0,0,0,0,0,0,0,0,0,0,0,0,0,0,0,0,0,0,0,0,0,0,0,0,0,0,0,0,0,0,0,0,0,0
3,0,0,0,1,2,0,3,2,0,3,1,3,4,2,6,8,7,2,8,4,11,10,15,12,17,22,27,17,23,28,27,14,20,40,31,24,34,28,34,22,31,27,24,38,29,41,33,19,38,45,44,38,32,46,27,37,28,27,27,30,32,29,28,24,17,22,27,17,23,19,22,20,12,23,24,14,12,17,7,11,16,13,12,10,9,16,11,14,7,10,7,6,9,11,5,6,6,5,6,4,2,2,4,4,3,2,1,3,4,2,3,3,3,1,1,0,2,1,0,1,0,0,0,1,1,0,1,2,2,0,0,0,1,1,0,0,0,0,0,2,1,0,0,0,0,0,0,0,0,0,0,0,0,0,0,0,0,0,0,0,0,0,0,0,0,0,0,0,0,0,0,0,0,0,0,0,0,0,0,0,0,0,0,0,0,0,0,0,0,0,0,0,0,0,0,0,0,0,0
3,1,1,1,1,1,0,1,3,2,1,3,3,6,1,10,3,14,4,7,12,10,9,18,18,18,19,19,21,28,15,37,28,27,34,28,31,34,32,21,29,41,35,33,34,42,37,45,36,38,41,43,39,36,43,47,44,26,34,28,38,23,25,35,25,32,29,22,19,19,22,24,20,14,15,15,14,14,15,17,11,7,12,9,12,7,7,7,9,7,8,6,5,9,8,7,8,6,5,6,5,0,1,2,6,2,0,1,3,3,3,3,2,2,1,2,0,0,3,1,0,0,0,1,0,2,0,1,0,0,0,0,0,0,2,0,0,0,0,2,0,0,0,0,0,0,0,0,0,0,0,0,0,0,1,0,0,0,0,0,0,0,0,0,0,0,0,0,0,0,0,0,0,0,0,0,0,0,0,0,0,0,0,0,0,0,0,0,0,0,0,0,0,0,0,0,0,0,0,0
6,0,0,0,2,0,3,1,2,2,2,3,4,8,0,10,7,9,8,5,17,15,9,17,4,22,23,15,12,23,19,21,21,23,36,30,31,43,29,27,34,34,34,25,32,37,36,50,25,36,33,28,33,45,35,31,36,26,40,25,34,27,23,31,24,30,29,21,23,26,20,14,20,18,18,18,9,17,15,10,10,13,12,5,11,10,10,10,5,5,3,7,6,6,5,5,4,3,6,2,5,3,5,2,1,6,0,2,1,4,4,3,0,0,2,1,1,2,1,0,0,1,1,0,1,0,2,1,0,0,0,1,0,1,2,0,0,1,0,0,0,0,0,0,0,0,0,0,0,0,0,0,0,0,0,1,0,0,0,0,0,0,0,0,0,0,0,0,0,0,0,0,0,0,0,0,0,0,0,0,0,0,0,0,0,0,0,0,0,0,0,0,0,0,0,0,0,0,0,0
2,0,1,0,0,3,2,2,3,0,2,5,0,7,2,7,7,8,10,7,8,12,5,21,9,20,17,21,18,19,25,22,20,33,26,25,41,38,26,33,37,28,31,29,39,40,37,32,40,30,36,39,35,31,37,38,44,29,28,27,22,29,25,33,36,31,30,21,24,23,24,15,14,9,12,16,9,16,15,13,8,6,7,11,17,5,10,7,4,8,6,3,5,8,5,6,4,7,8,6,5,4,3,6,3,0,5,4,1,0,3,5,2,3,2,0,1,1,1,1,2,1,0,1,1,1,0,4,1,1,0,2,1,0,1,0,1,0,0,1,0,0,0,0,0,0,1,0,0,0,0,0,0,0,0,0,0,0,0,0,0,0,0,0,0,0,0,0,0,0,0,0,0,0,0,0,0,0,0,0,0,0,0,0,0,0,0,0,0,0,0,0,0,0,0,0,0,0,0,0
2,0,0,1,0,4,1,2,5,1,1,2,8,11,1,2,5,7,6,4,11,20,10,18,7,19,22,15,21,26,22,17,16,25,24,31,25,29,23,28,35,36,34,36,19,36,30,34,40,28,37,37,32,33,34,28,32,30,31,32,28,31,33,25,30,27,18,21,18,19,18,18,18,16,21,14,13,17,14,14,11,20,7,11,14,10,9,16,7,12,8,6,2,4,5,3,2,7,3,3,1,3,5,3,8,4,2,0,4,1,1,3,1,2,1,2,0,3,0,1,3,3,1,0,2,1,3,1,0,0,0,0,0,0,0,1,0,0,0,1,0,0,0,0,0,0,1,0,0,0,0,0,0,0,0,0,0,0,0,0,0,0,0,0,0,0,0,0,0,0,0,0,0,0,0,0,0,0,0,0,0,0,0,0,0,0,0,0,0,0,0,0,0,0,0,0,0,0,0,0
2,0,0,2,1,2,0,1,9,1,2,1,6,6,2,6,7,9,3,7,10,8,5,17,10,12,14,14,17,23,24,29,14,23,28,33,35,30,18,24,26,46,35,33,39,28,29,35,33,32,39,33,31,29,31,26,39,29,27,29,20,30,30,23,23,23,25,17,20,16,10,21,14,12,13,14,13,13,11,12,9,10,10,10,5,8,10,6,8,11,8,6,2,3,3,4,7,3,8,5,2,5,3,3,4,3,1,1,1,1,4,6,2,2,0,0,1,2,1,0,1,0,1,0,1,0,2,0,0,3,1,1,2,0,0,0,2,0,0,0,0,0,0,0,1,0,0,0,0,0,0,0,0,1,0,0,0,0,0,0,0,0,0,0,0,0,0,0,0,0,0,0,0,0,0,0,0,0,0,0,0,0,0,0,0,0,0,0,0,0,0,0,0,0,0,0,0,0,0,0
3,3,1,2,0,1,1,0,3,0,5,1,2,2,1,12,4,8,5,7,9,10,14,13,10,15,22,11,21,18,19,33,19,24,18,27,30,34,21,28,37,32,21,30,28,36,30,18,29,26,27,27,30,31,29,30,25,28,20,19,24,24,18,25,19,23,13,25,23,18,19,21,15,14,14,10,20,9,12,11,7,5,8,9,8,11,6,4,5,7,7,2,7,5,5,4,4,4,5,3,3,4,2,1,4,4,2,2,1,3,1,1,5,2,0,0,0,3,2,0,1,1,4,1,0,1,3,1,2,0,0,0,0,0,1,0,0,0,0,0,1,2,0,0,0,0,0,0,0,0,0,0,0,0,0,0,0,0,0,0,0,0,0,0,0,0,0,0,0,0,0,0,0,0,0,0,0,0,0,0,0,0,0,0,0,0,0,0,0,0,0,0,0,0,0,0,0,0,0,0
3,1,0,0,0,3,0,1,4,3,1,1,4,4,1,2,8,6,6,3,10,7,5,9,7,14,10,16,21,14,16,21,18,22,23,19,31,27,22,27,22,32,22,31,44,31,25,26,34,28,31,29,29,27,26,23,31,27,29,16,28,29,35,26,25,18,30,15,17,13,23,20,9,20,20,11,10,9,10,6,12,9,14,4,4,14,3,10,9,9,4,7,6,1,8,3,2,5,3,5,1,5,0,0,3,0,2,1,2,0,2,1,0,3,3,1,0,0,0,2,2,1,1,1,0,1,0,1,0,0,0,0,0,0,3,2,1,0,0,1,0,0,0,0,1,0,0,0,1,0,0,0,0,0,0,0,0,0,0,0,0,0,0,0,0,0,0,0,0,0,0,0,0,0,0,0,0,0,0,0,0,0,0,0,0,0,0,0,0,0,0,0,0,0,0,0,0,0,0,0
1,1,0,0,0,1,0,0,5,1,1,1,2,7,1,6,7,6,2,6,9,7,2,11,7,19,17,10,18,15,22,22,21,31,23,21,32,21,22,30,31,32,22,27,30,29,33,35,26,27,41,26,27,26,31,32,33,30,34,28,32,27,17,20,17,21,19,24,17,17,17,17,14,20,24,22,13,7,8,6,10,15,6,6,10,6,7,6,0,6,6,2,4,6,3,6,5,6,3,3,2,1,8,2,5,2,4,2,1,0,1,2,1,1,1,1,0,1,2,0,0,4,1,0,0,2,2,1,1,0,0,1,0,0,1,0,0,0,0,1,0,0,0,0,2,0,0,0,0,0,0,0,0,0,0,0,1,0,0,0,0,0,0,0,0,0,0,0,0,0,0,0,0,0,0,0,0,0,0,0,0,0,0,0,0,0,0,0,0,0,0,0,0,0,0,0,0,0,0,0
4,0,0,0,1,4,0,0,3,1,0,2,3,7,0,3,8,6,5,3,10,10,7,12,9,17,21,15,14,14,26,20,14,19,27,20,26,28,24,35,27,29,24,24,35,27,22,30,20,32,32,38,35,29,34,32,27,25,23,17,34,20,29,10,23,30,21,23,12,13,21,15,13,25,6,16,12,11,16,9,5,10,11,7,9,9,6,8,7,4,7,5,6,6,3,3,3,6,5,7,1,3,0,5,5,2,3,1,2,2,1,1,2,0,1,0,0,0,2,1,3,1,1,2,0,1,1,1,0,0,0,0,1,0,0,0,0,0,0,0,0,0,0,0,1,0,0,0,0,0,0,0,0,0,0,0,0,0,0,0,0,0,0,0,0,0,0,0,0,0,0,0,0,0,0,0,0,0,0,0,0,0,0,0,0,0,0,0,0,0,0,0,0,0,0,0,0,0,0,0
5,1,0,1,1,1,1,2,3,0,1,4,2,1,1,7,5,7,3,8,9,9,8,13,9,11,13,18,21,18,15,23,26,24,24,20,26,26,24,34,40,32,25,29,30,27,30,20,15,33,32,28,27,30,21,29,25,33,29,30,28,25,17,19,23,21,10,10,17,16,24,13,17,19,14,15,17,5,15,8,3,8,11,9,6,6,2,5,6,8,5,2,2,5,5,2,2,4,3,3,0,3,2,1,3,2,0,1,0,3,1,1,2,1,1,0,3,1,3,2,1,0,0,0,0,2,1,1,0,0,0,1,0,0,2,1,0,1,0,0,0,0,0,0,0,0,0,0,0,1,0,0,0,0,0,0,0,0,0,0,0,0,0,0,0,0,0,0,0,0,0,0,0,0,0,0,0,0,0,0,0,0,0,0,0,0,0,0,0,0,0,0,0,0,0,0,0,0,0,0
3,1,0,0,4,0,0,1,5,2,1,3,4,6,1,6,11,7,5,9,12,7,4,11,14,11,11,15,17,12,15,22,15,20,28,15,22,16,15,22,37,29,18,19,31,21,32,30,26,26,34,31,27,29,27,19,27,21,28,21,31,18,33,12,19,14,23,11,19,17,17,16,14,19,20,12,8,16,9,13,10,4,12,8,7,10,2,5,7,4,5,4,4,9,7,3,4,4,3,3,4,3,0,4,2,2,0,1,0,3,2,1,1,0,0,1,2,2,0,1,1,1,1,1,0,0,0,1,0,0,1,0,0,0,0,0,0,1,0,0,2,0,0,0,0,1,0,0,0,0,2,0,0,0,0,0,0,0,0,0,0,0,0,0,0,0,0,0,0,0,0,0,0,0,0,0,0,0,0,0,0,0,0,0,0,0,0,0,0,0,0,0,0,0,0,0,0,0,0,0
1,0,0,1,0,1,1,3,3,1,4,1,3,4,1,8,3,8,2,8,11,10,5,15,7,15,17,7,20,11,9,15,13,16,19,13,20,18,17,29,21,25,26,19,24,22,24,35,31,27,31,28,32,28,33,22,17,27,30,30,17,20,25,24,18,21,14,14,14,20,10,12,6,18,12,14,15,7,11,8,10,3,10,10,3,6,3,7,7,4,6,2,7,5,10,2,2,5,3,4,3,1,2,1,3,3,3,1,0,0,1,2,0,1,4,1,0,3,1,3,0,0,1,0,0,1,0,1,0,1,0,0,1,0,1,1,1,0,0,0,0,0,0,0,0,0,0,0,0,0,0,0,0,0,0,0,0,0,0,0,0,0,0,0,0,0,0,0,0,0,0,0,0,0,0,0,0,0,0,0,0,0,0,0,0,0,0,0,0,0,0,0,0,0,0,0,0,0,0,0
3,0,0,0,2,1,2,0,6,0,1,2,3,5,0,7,2,3,2,3,7,17,6,10,12,11,15,6,16,17,17,24,17,27,17,19,21,25,24,12,29,24,18,21,34,28,28,24,19,22,25,26,25,26,27,22,25,25,15,13,19,19,13,12,14,18,17,12,20,9,12,18,9,13,13,8,16,16,5,13,11,9,11,3,6,8,7,4,7,4,1,8,7,3,3,2,3,5,1,6,1,1,1,0,4,6,3,1,1,1,2,2,1,1,1,0,1,0,1,1,0,0,1,0,1,1,1,0,1,0,1,1,1,0,0,1,0,0,0,1,0,0,0,0,0,1,0,0,0,0,2,0,0,0,0,0,0,0,0,1,0,0,0,0,0,0,0,0,0,0,0,0,0,0,0,0,0,0,0,0,0,0,0,0,0,0,0,0,0,0,0,0,0,0,0,0,0,0,0,0
3,0,0,0,0,3,0,0,6,0,2,3,1,7,3,7,11,4,2,6,9,8,6,9,7,12,16,17,16,14,21,22,13,16,24,19,35,27,17,34,15,29,28,31,23,25,20,27,21,19,26,21,17,31,24,19,26,23,21,20,26,19,21,26,32,18,21,20,14,9,10,10,8,10,12,9,11,10,12,11,12,12,11,7,7,6,2,7,5,2,4,5,3,4,1,6,3,2,3,2,2,5,1,2,4,3,0,0,0,0,1,0,5,2,2,1,0,0,0,0,0,0,0,0,0,1,0,1,0,0,1,1,0,1,0,0,1,0,0,1,0,0,0,0,0,0,0,0,0,0,0,0,0,0,0,0,0,0,1,0,0,0,0,0,0,0,0,0,0,0,0,0,0,0,0,0,0,0,0,0,0,0,0,0,0,0,0,0,0,0,0,0,0,0,0,0,0,0,0,0
1,1,0,1,0,1,2,2,3,1,4,3,7,3,3,3,6,5,2,6,9,6,4,12,11,13,13,10,11,16,19,24,15,15,20,15,28,18,24,17,25,21,31,29,33,20,24,21,27,31,27,27,24,29,22,21,21,25,22,23,16,18,26,12,18,18,22,17,14,17,17,9,8,11,17,8,17,12,7,13,8,6,9,8,4,4,8,2,2,5,5,3,5,6,2,1,5,3,0,1,1,3,2,6,1,3,3,3,2,1,2,1,3,1,0,3,1,0,0,0,0,1,1,0,0,1,0,0,0,0,0,0,0,0,0,0,0,1,0,0,1,0,1,0,0,0,0,0,0,0,0,0,0,0,0,0,0,0,0,1,0,0,0,0,0,0,0,0,0,0,0,0,0,0,0,0,0,0,0,0,0,0,0,0,0,0,0,0,0,0,0,0,0,0,0,0,0,0,0,0
3,0,0,0,2,3,3,2,3,2,0,3,1,1,0,1,6,7,5,3,8,15,8,16,6,8,8,15,13,15,22,22,14,16,21,17,20,16,15,15,17,25,24,27,16,31,21,23,25,26,15,26,26,29,16,24,23,21,29,16,19,20,22,15,19,11,21,18,22,16,16,14,12,11,8,11,13,14,9,12,8,4,5,6,6,4,7,5,6,1,9,2,2,5,1,6,5,4,2,1,1,2,2,6,3,0,1,2,0,1,2,1,0,0,0,0,1,2,1,1,0,0,0,0,0,1,1,0,1,0,1,0,0,0,0,0,0,1,1,0,0,0,0,0,0,0,0,0,0,1,0,0,0,0,0,0,0,0,0,0,0,0,0,0,0,0,0,0,0,0,0,0,0,0,0,0,0,0,0,0,0,0,0,0,0,0,0,0,0,0,0,0,0,0,0,0,0,0,0,0
3,0,0,1,3,1,0,0,2,0,2,1,2,2,0,4,2,5,4,4,7,7,5,10,10,18,15,18,15,8,15,23,13,23,23,21,21,20,17,20,27,31,30,16,22,20,27,17,18,24,23,20,16,25,20,19,23,26,26,20,24,11,16,16,15,22,8,24,12,13,11,14,9,16,10,5,14,7,8,5,12,7,6,4,3,5,5,2,4,5,3,9,5,4,4,9,2,3,1,1,1,4,2,4,4,3,1,1,2,0,1,3,3,4,1,3,1,1,0,0,0,0,0,0,0,2,1,0,0,0,1,0,0,0,1,0,0,0,1,0,0,0,0,0,0,1,0,0,0,0,0,0,1,0,0,0,0,0,0,1,0,0,0,0,0,0,0,0,0,0,0,0,0,0,0,0,0,0,0,0,0,0,0,0,0,0,0,0,0,0,0,0,0,0,0,0,0,0,0,0
4,0,0,0,3,0,0,0,1,1,2,2,0,4,3,7,2,0,6,2,9,5,5,11,8,11,18,8,14,10,13,17,9,20,21,15,26,17,9,14,15,17,22,17,26,22,26,16,16,25,22,17,24,27,26,20,22,20,22,19,24,15,22,17,19,19,19,14,12,8,19,10,14,13,8,11,8,10,5,11,12,3,7,5,6,4,5,5,3,4,4,6,4,3,1,4,4,1,3,3,2,2,3,1,5,4,3,0,0,5,3,2,1,1,0,2,0,1,1,0,1,1,1,0,0,0,1,2,0,0,0,0,0,0,0,2,0,0,1,0,1,0,0,0,0,1,1,0,0,0,0,0,0,0,0,0,0,0,0,0,0,0,0,0,0,0,0,0,0,0,0,0,0,0,0,0,0,0,0,0,0,0,0,0,0,0,0,0,0,0,0,0,0,0,0,0,0,0,0,0
3,0,0,1,3,2,1,0,1,1,0,1,1,3,4,5,4,5,3,6,9,4,6,19,5,9,7,11,11,19,13,17,12,20,12,15,22,18,18,7,17,24,22,19,19,19,19,28,22,24,24,34,22,18,20,24,23,12,19,19,26,15,24,15,15,11,13,20,14,12,12,9,8,10,8,10,6,8,6,7,6,11,3,7,9,6,5,6,5,3,5,3,2,3,2,2,0,3,1,2,3,4,0,4,1,3,1,2,1,1,0,1,1,4,0,0,0,1,1,0,0,0,0,0,1,1,1,0,0,1,0,0,0,1,1,0,0,0,0,0,0,0,0,1,0,0,0,0,0,0,0,0,0,0,0,0,0,0,0,0,0,0,0,0,0,0,0,0,0,0,0,0,0,0,0,0,0,0,0,0,0,0,0,0,0,0,0,0,0,0,0,0,0,0,0,0,0,0,0,0
3,0,2,0,2,3,2,0,6,0,0,4,1,3,0,6,1,8,2,4,9,3,5,9,6,10,12,10,11,10,13,14,20,20,13,17,25,16,13,14,19,14,21,30,23,17,28,18,25,23,32,23,15,21,20,23,35,21,26,17,19,17,10,10,15,18,12,8,17,13,12,9,8,12,18,6,5,2,9,6,4,8,10,6,11,3,4,5,6,5,8,2,3,3,2,0,3,3,8,0,2,2,2,2,0,1,2,1,1,4,2,1,2,1,0,1,1,1,1,3,0,1,0,0,1,0,4,0,0,0,1,0,0,0,0,0,0,0,0,0,1,0,0,0,0,0,0,0,0,0,0,0,0,0,0,0,0,0,0,0,0,0,0,0,0,0,0,0,0,0,0,0,0,0,0,0,0,0,0,0,0,0,0,0,0,0,0,0,0,0,0,0,0,0,0,0,0,0,0,0
0,0,0,1,3,1,1,1,6,0,1,2,1,4,2,5,5,2,2,2,5,5,3,7,8,6,15,7,12,18,18,20,14,17,13,16,13,23,20,24,24,26,15,31,28,31,15,19,22,13,29,22,19,28,21,21,24,18,16,16,15,18,6,15,15,14,10,17,11,14,10,15,9,5,9,10,10,12,6,7,13,3,4,12,4,4,4,2,5,2,5,3,3,9,4,2,2,5,2,3,3,1,2,3,3,0,3,0,1,1,2,2,2,1,1,1,1,1,0,1,0,1,0,1,2,1,0,0,0,0,0,0,0,0,0,1,1,0,0,0,0,0,0,0,0,0,0,0,0,0,0,0,0,0,0,1,0,0,0,0,0,0,0,0,0,0,0,0,0,0,0,0,0,0,0,0,0,0,0,0,0,0,0,0,0,0,0,0,0,0,0,0,0,0,0,0,0,0,0,0
2,0,0,0,0,0,0,2,1,0,3,3,3,3,0,5,3,1,3,5,6,5,7,9,3,7,12,18,13,9,18,21,13,11,30,23,28,17,12,22,19,19,18,20,26,16,23,18,17,23,21,24,22,20,26,17,11,18,17,16,16,13,15,19,25,16,18,18,12,12,8,12,5,17,5,13,15,8,5,9,7,3,5,5,9,2,6,5,3,4,0,3,4,6,0,1,8,2,2,5,1,4,2,2,0,4,2,3,1,1,2,0,2,1,1,0,1,0,0,1,1,0,1,0,0,0,0,1,0,1,0,0,1,0,0,0,0,0,0,0,0,0,0,0,0,0,0,0,1,0,0,0,0,0,0,0,0,0,0,0,0,0,0,0,0,0,0,0,0,0,0,0,0,0,0,0,0,0,0,0,0,0,0,0,0,0,0,0,0,0,0,0,0,0,0,0,0,0,0,0
0,1,0,0,0,2,0,0,5,2,1,1,2,4,0,1,2,5,4,10,5,9,5,14,8,9,11,6,13,9,14,11,10,14,23,13,16,17,11,16,18,19,15,22,18,24,17,27,26,22,16,12,15,20,25,13,21,15,17,21,23,15,14,13,18,17,9,22,10,17,11,7,11,8,9,8,11,7,8,4,10,9,3,2,12,9,4,2,5,6,4,1,0,0,5,6,6,2,1,0,2,3,0,4,1,4,2,1,0,1,1,1,1,0,1,0,0,1,1,1,1,0,1,0,1,3,3,0,0,0,0,0,0,0,0,0,0,1,0,0,0,0,0,0,0,0,0,0,0,0,0,0,0,0,0,0,0,0,0,0,0,0,0,0,0,0,0,0,0,0,0,0,0,0,0,0,0,0,0,0,0,0,0,0,0,0,0,0,0,0,0,0,0,0,0,0,0,0,0,0
1,1,0,1,1,1,0,0,3,1,2,4,4,2,1,2,4,4,3,3,6,9,11,4,5,5,7,5,4,16,11,13,9,7,14,17,15,18,13,12,26,21,19,16,20,16,27,26,29,22,29,17,19,14,19,18,17,14,17,12,15,11,17,14,23,16,9,8,14,15,16,11,13,14,8,5,11,6,3,8,5,1,5,3,5,9,3,4,4,2,5,5,0,4,3,2,2,4,1,0,3,1,1,1,1,0,1,2,2,5,2,1,1,0,0,3,0,0,0,0,1,0,1,1,0,0,0,0,0,0,1,2,0,0,1,0,0,0,0,0,0,1,0,2,0,0,0,0,0,1,0,0,0,0,0,1,0,0,0,0,0,0,0,0,0,0,0,0,0,0,0,0,0,0,0,0,0,0,0,0,0,0,0,0,0,0,0,0,0,0,0,0,0,0,0,0,0,0,0,0
1,2,0,0,1,3,1,0,1,1,0,3,3,4,1,5,2,7,7,3,1,3,9,6,9,6,10,9,6,15,13,16,6,13,17,8,6,16,13,19,23,16,20,16,20,21,27,13,12,15,21,20,19,18,21,15,10,24,14,8,13,19,16,12,14,12,10,6,10,13,9,6,6,7,7,7,10,6,9,4,4,3,8,3,2,3,3,1,3,3,2,2,4,2,1,2,3,2,1,3,3,2,0,2,1,2,0,1,1,0,2,0,0,1,1,0,2,1,0,1,0,0,1,0,1,1,0,0,1,0,0,0,0,0,0,0,0,0,0,0,0,0,0,0,0,1,0,0,0,0,0,0,0,0,0,0,0,0,0,0,0,0,0,0,0,0,0,0,0,0,0,0,0,0,0,0,0,0,0,0,0,0,0,0,0,0,0,0,0,0,0,0,0,0,0,0,0,0,0,0
2,0,0,0,0,0,3,0,1,0,2,3,1,5,0,2,5,2,5,4,3,6,2,8,1,8,13,11,11,13,16,15,17,11,13,16,12,16,15,16,17,12,15,23,15,23,23,18,20,18,19,8,20,16,17,16,11,19,13,20,13,12,16,17,16,12,13,5,11,11,4,11,5,11,9,4,10,5,8,12,5,8,5,5,4,4,6,2,4,2,3,4,3,4,3,1,2,0,3,4,2,2,4,0,2,2,1,2,0,1,0,3,4,0,2,2,0,0,0,2,1,0,0,0,2,0,1,0,0,0,0,0,0,0,0,1,0,0,0,0,0,0,0,0,0,0,0,0,0,0,0,0,0,0,0,0,0,0,0,0,0,0,0,0,0,0,0,0,0,0,0,0,0,0,0,0,0,0,0,0,0,0,0,0,0,0,0,0,0,0,0,0,0,0,0,0,0,0,0,0
1,0,0,0,0,2,0,0,4,0,1,1,1,1,1,5,0,4,5,1,4,7,4,8,4,6,13,9,11,8,12,15,17,14,29,15,16,17,14,12,18,19,12,27,19,23,15,20,26,18,24,17,17,15,19,8,26,14,11,14,17,15,11,17,17,9,7,8,10,13,14,14,11,14,7,13,9,5,11,10,4,7,6,7,4,4,5,3,5,2,4,6,3,1,2,3,3,2,1,0,5,1,3,2,1,0,3,2,0,1,1,1,1,1,1,1,1,0,1,1,0,1,1,0,0,1,0,0,1,0,0,0,0,0,0,2,0,0,0,0,0,0,0,0,0,1,0,0,0,0,0,0,0,0,0,0,0,0,0,0,0,0,0,0,0,0,0,0,0,0,0,0,0,0,0,0,0,0,0,0,0,0,0,0,0,0,0,0,0,0,0,0,0,0,0,0,0,0,0,0
3,1,2,0,0,1,1,1,3,0,2,5,5,3,0,8,2,2,1,4,6,9,7,7,8,7,11,7,2,11,18,18,13,12,14,15,20,18,10,11,20,17,17,15,25,25,24,12,23,19,18,28,17,14,16,13,20,17,22,14,15,10,15,6,9,10,10,5,8,9,14,6,10,7,3,8,11,4,7,7,4,4,5,5,4,2,4,2,3,3,3,2,5,2,2,2,3,1,2,2,2,2,2,0,4,1,1,0,0,0,0,3,0,0,1,1,0,1,1,0,0,3,0,1,0,0,0,0,0,0,0,0,0,0,0,0,0,0,0,0,0,0,0,0,0,0,0,0,0,0,0,0,0,0,0,0,1,0,0,0,0,0,0,0,0,0,0,0,0,0,0,0,0,0,0,0,0,0,0,0,0,0,0,0,0,0,0,0,0,0,0,0,0,0,0,0,0,0,0,0
3,0,0,0,1,3,0,0,4,0,1,0,2,4,1,2,3,5,1,3,5,3,3,10,8,9,15,9,6,14,12,16,15,14,14,9,20,10,11,22,12,17,10,16,13,13,23,33,14,12,23,16,15,13,28,10,12,15,19,13,18,12,22,9,14,9,13,9,17,6,9,8,8,12,15,10,5,6,6,9,9,7,3,5,2,5,3,8,4,4,4,5,3,4,1,3,2,3,2,5,0,1,0,0,2,0,1,1,1,2,1,2,1,0,0,4,2,0,1,0,0,0,2,1,0,1,1,0,1,0,1,0,0,0,0,0,0,0,0,0,1,1,0,0,0,0,0,0,0,0,0,0,0,0,0,0,0,0,0,0,0,0,0,0,0,0,0,0,0,0,0,0,0,0,0,0,0,0,0,0,0,0,0,0,0,0,0,0,0,0,0,0,0,0,0,0,0,0,0,0
2,0,1,1,2,3,3,0,3,0,0,2,1,4,3,1,1,6,3,6,5,4,4,10,4,11,13,7,6,11,12,13,16,12,8,16,13,19,16,14,13,14,14,18,12,17,13,6,19,12,15,16,9,15,17,16,21,13,13,16,9,14,12,11,11,10,20,8,8,5,7,12,14,6,3,10,5,7,9,10,6,6,8,5,4,5,4,7,3,3,6,4,4,4,1,1,3,2,3,1,1,2,1,2,3,1,0,2,0,1,1,1,2,1,0,0,1,2,1,1,0,1,0,0,0,1,0,0,0,0,0,1,0,0,0,0,0,0,0,1,1,0,0,0,0,0,0,0,0,0,0,0,0,0,0,0,0,0,0,0,0,0,0,0,0,0,0,0,0,0,0,0,0,0,0,0,0,0,0,0,0,0,0,0,0,0,0,0,0,0,0,0,0,0,0,0,0,0,0,0
3,0,0,0,0,0,0,1,3,0,2,1,4,1,1,4,1,6,4,9,5,9,1,7,9,14,8,8,8,12,11,13,11,14,10,10,9,19,15,12,19,25,8,15,19,15,11,15,14,12,21,15,7,13,17,11,15,10,17,14,10,15,17,13,13,7,17,13,6,7,13,9,4,5,7,3,5,7,6,3,8,6,11,5,3,3,1,5,4,3,2,3,1,3,8,3,2,3,1,2,1,1,2,0,7,1,0,0,3,1,0,0,2,1,1,1,0,2,0,1,0,2,1,0,0,1,0,0,0,0,0,0,0,0,0,0,1,0,1,0,0,0,0,0,0,1,0,0,0,0,0,0,0,0,0,0,0,0,0,0,0,0,0,0,0,0,0,0,0,0,0,0,0,0,0,0,0,0,0,0,0,0,0,0,0,0,0,0,0,0,0,0,0,0,0,0,0,0,0,0
1,1,1,0,0,2,1,1,2,0,0,1,4,0,1,8,4,2,3,4,5,6,1,10,8,6,9,9,5,12,7,15,7,15,19,20,10,18,10,19,9,19,14,12,16,17,26,13,19,14,24,18,17,13,16,17,17,11,19,8,9,10,15,18,16,10,12,8,9,13,7,7,6,9,5,9,4,3,4,5,6,3,4,5,4,2,3,6,5,5,6,3,3,2,2,5,2,1,2,0,2,2,1,2,1,1,3,2,1,2,0,0,0,1,0,0,1,0,0,0,0,1,0,1,0,0,1,0,0,0,0,0,0,0,1,1,0,0,0,0,0,0,0,0,0,0,0,0,0,0,0,0,0,0,0,0,0,0,0,0,0,0,0,0,0,0,0,0,0,0,0,0,0,0,0,0,0,0,0,0,0,0,0,0,0,0,0,0,0,0,0,0,0,0,0,0,0,0,0,0
1,0,0,0,1,1,0,2,2,1,1,1,3,1,0,1,2,5,1,6,5,5,3,4,3,7,12,10,5,6,9,11,15,7,16,15,16,12,13,12,11,12,14,14,12,14,10,19,18,12,17,11,13,17,18,16,14,19,14,12,13,10,13,12,11,10,10,8,6,9,7,8,5,7,8,2,8,6,7,6,4,2,2,6,2,4,4,7,3,1,4,3,3,3,2,1,1,2,2,3,3,1,0,1,1,2,1,1,1,1,1,1,4,2,0,1,0,1,2,0,0,0,1,0,3,0,1,0,0,0,0,0,0,0,1,0,0,1,0,0,0,0,0,0,0,0,0,0,0,0,0,0,0,0,0,0,0,0,0,0,0,0,0,0,0,0,0,0,0,0,0,0,0,0,0,0,0,0,0,0,0,0,0,0,0,0,0,0,0,0,0,0,0,0,0,0,0,0,0,0
0,1,0,0,0,0,0,1,2,2,1,1,1,1,0,5,4,3,4,4,7,6,5,8,12,5,12,9,6,10,8,8,12,16,10,14,18,16,8,12,12,11,13,10,17,15,19,13,13,13,16,19,14,18,24,8,17,17,12,15,19,10,16,11,14,6,6,8,10,11,6,7,6,7,6,6,5,9,6,3,8,1,3,4,1,4,0,1,0,0,1,4,2,3,1,2,2,3,3,2,0,2,3,1,0,0,0,1,0,1,1,0,0,1,0,1,1,0,0,0,0,0,0,0,0,0,1,0,0,0,0,1,0,0,1,0,0,1,0,0,0,0,0,0,0,0,0,0,0,1,0,0,0,0,0,0,0,0,0,0,0,0,0,0,0,0,0,0,0,0,0,0,0,0,0,0,0,0,0,0,0,0,0,0,0,0,0,0,0,0,0,0,0,0,0,0,0,0,0,0
1,0,0,0,0,1,2,1,3,0,1,0,2,3,3,4,5,4,0,7,7,8,6,7,3,6,8,6,7,10,7,8,11,12,14,7,14,15,8,14,13,14,11,15,11,19,7,14,11,14,15,13,11,14,8,9,10,6,14,4,12,10,9,7,11,8,11,8,4,12,4,9,7,3,6,7,12,4,6,7,7,3,3,4,4,3,2,6,3,5,4,0,1,2,1,0,4,1,1,3,1,3,0,1,2,0,2,0,1,2,0,0,0,1,0,0,0,0,1,2,0,0,0,0,0,0,1,0,0,0,0,0,1,1,0,0,0,0,0,1,0,0,0,0,0,0,0,0,0,0,0,0,0,0,0,0,0,0,0,0,0,0,0,0,1,0,0,0,0,0,0,0,0,0,0,0,0,0,0,0,0,0,0,0,0,0,0,0,0,0,0,0,0,0,0,0,0,0,0,0
1,0,1,0,0,2,0,1,0,0,3,2,2,0,0,4,4,4,3,5,10,5,0,8,8,8,11,7,13,11,9,12,13,8,11,11,19,14,9,11,12,8,15,12,14,10,8,19,17,11,11,14,11,19,15,9,16,14,15,13,10,9,11,9,7,15,13,5,8,8,5,8,9,9,4,5,6,3,4,4,4,7,3,1,4,4,2,4,2,1,3,2,1,2,1,1,0,1,0,1,1,1,0,2,1,1,0,0,0,1,0,2,1,3,1,0,0,0,1,1,0,1,0,0,0,1,0,1,0,1,0,1,0,0,0,0,0,0,0,0,0,0,0,0,0,0,0,0,0,0,0,0,0,0,0,0,0,0,0,0,0,0,0,0,0,0,0,0,0,0,0,0,0,0,0,0,0,0,0,0,0,0,0,0,0,0,0,0,0,0,0,0,0,0,0,0,0,0,0,0
3,2,0,0,0,0,2,2,3,0,1,1,1,1,2,1,1,3,1,3,2,4,5,7,3,7,10,10,8,5,6,10,11,10,15,9,10,7,14,15,13,12,12,8,18,13,12,15,14,10,15,13,12,13,9,17,15,11,16,9,13,9,10,10,11,10,8,9,7,8,7,10,8,6,4,5,11,10,5,7,5,6,4,2,2,3,3,0,0,0,2,3,0,3,4,1,2,2,1,1,2,2,1,0,1,1,0,0,0,0,0,4,0,2,0,0,0,0,0,0,1,0,0,0,0,0,0,1,0,1,1,0,0,0,0,0,1,0,0,0,0,0,0,0,0,0,0,0,0,0,0,0,0,0,0,0,0,0,0,0,0,0,0,0,0,0,0,0,0,0,0,0,0,0,0,0,0,0,0,0,0,0,0,0,0,0,0,0,0,0,0,0,0,0,0,0,0,0,0,0
3,2,0,1,1,0,0,1,4,2,0,3,4,3,2,3,3,6,1,3,6,6,8,11,6,5,12,4,11,8,10,11,6,8,23,12,14,18,8,5,9,15,10,12,19,8,9,5,15,7,8,13,14,9,15,10,7,9,12,8,17,9,8,7,11,6,5,3,7,7,8,10,5,2,5,5,3,3,1,7,11,4,2,4,3,3,1,2,4,3,5,1,1,4,6,4,0,1,1,0,2,1,3,0,2,2,0,2,0,2,0,0,0,0,1,0,1,1,0,0,0,1,0,0,0,0,1,1,0,0,0,0,0,0,1,0,1,2,0,0,0,0,0,0,0,0,0,0,0,0,0,0,0,0,0,0,0,0,0,0,0,0,0,0,1,0,0,0,0,0,0,0,0,0,0,0,0,0,0,0,0,0,0,0,0,0,0,0,0,0,0,0,0,0,0,0,0,0,0,0
2,0,0,0,1,1,0,1,1,0,1,1,1,3,0,3,0,2,9,5,7,5,0,5,5,3,9,11,2,9,14,7,6,11,10,12,10,17,8,16,17,16,9,15,23,15,11,14,18,7,12,13,12,13,17,8,16,9,12,14,7,14,6,9,12,14,7,5,8,8,7,6,8,5,7,6,6,6,5,4,1,2,1,1,5,4,3,3,4,4,3,2,3,2,3,4,2,3,2,0,0,1,1,1,0,0,0,1,2,1,0,1,0,2,2,0,0,0,0,0,0,1,0,0,0,0,1,0,0,0,0,0,0,1,0,1,0,0,0,0,0,0,0,0,0,0,0,0,0,0,0,0,0,0,0,0,0,0,0,0,0,0,0,0,0,0,0,0,0,0,0,0,0,0,0,0,0,0,0,0,0,0,0,0,0,0,0,0,0,0,0,0,0,0,0,0,0,0,0,0
3,0,0,0,0,0,2,3,2,1,1,1,3,3,2,6,1,6,2,4,4,3,3,6,5,6,6,6,5,14,8,11,4,6,10,5,11,15,10,9,10,12,10,11,11,15,13,6,10,11,12,10,14,13,20,13,7,10,17,10,16,11,10,9,12,9,12,6,8,4,8,8,2,10,8,11,6,7,3,7,8,4,3,3,4,4,1,4,2,5,5,2,0,3,1,8,2,0,2,1,1,0,0,1,1,1,0,4,0,1,1,2,1,0,0,1,0,2,0,0,0,1,0,0,0,0,0,1,0,0,0,0,0,0,0,0,0,0,0,0,0,0,0,0,0,0,0,0,0,0,0,0,0,0,0,0,0,0,0,0,0,0,0,0,0,0,0,0,0,0,0,0,0,0,0,0,0,0,0,0,0,0,0,0,0,0,0,0,0,0,0,0,0,0,0,0,0,0,0,0
0,0,0,0,0,0,1,0,1,0,2,2,2,4,1,1,2,1,1,4,3,6,4,5,4,6,8,6,7,8,5,14,9,11,13,7,11,8,9,17,14,13,12,11,10,15,12,17,10,13,10,12,13,13,9,9,17,18,9,8,7,9,7,6,8,7,7,8,13,8,4,6,4,3,2,4,4,0,4,3,8,2,2,2,5,1,2,1,3,2,5,0,1,5,2,0,1,3,0,0,1,0,1,1,1,0,2,0,0,2,1,0,1,1,1,0,0,0,0,0,0,0,0,0,0,0,0,0,0,0,0,0,0,0,0,0,0,1,0,0,0,0,0,0,0,0,0,0,0,0,0,0,0,0,0,0,0,0,0,0,0,0,0,0,0,0,0,0,0,0,0,0,0,0,0,0,0,0,0,0,0,0,0,0,0,0,0,0,0,0,0,0,0,0,0,0,0,0,0,0
0,0,0,0,0,3,0,0,4,0,2,0,1,5,0,2,2,1,5,3,5,1,7,4,5,8,8,4,6,6,7,10,9,11,8,13,13,12,6,4,15,14,17,15,12,13,14,7,11,13,8,14,8,15,10,7,9,15,11,7,8,8,14,13,8,10,10,6,6,6,12,8,9,7,6,5,5,4,4,5,2,2,4,5,4,6,6,2,5,2,1,0,3,1,1,2,2,3,1,2,0,0,1,0,3,1,1,1,0,0,2,3,1,1,1,0,0,1,0,0,0,0,2,0,1,1,1,0,0,0,0,0,0,0,0,0,0,0,0,0,0,0,0,0,0,0,0,0,0,0,0,0,0,0,0,0,0,0,0,0,0,0,0,0,0,0,0,0,0,0,0,0,0,0,0,0,0,0,0,0,0,0,0,0,0,0,0,0,0,0,0,0,0,0,0,0,0,0,0,0
0,1,0,1,0,2,0,2,3,1,0,1,2,4,0,3,4,3,1,5,6,5,4,6,7,4,6,8,3,8,5,7,5,15,11,16,12,10,10,14,14,10,16,16,13,6,21,12,12,15,13,12,11,12,14,11,14,8,10,10,11,13,6,7,7,11,9,7,12,7,9,6,5,7,8,6,9,6,4,6,3,1,1,2,2,7,3,2,2,3,1,0,2,2,2,0,5,3,0,3,2,0,1,1,0,0,0,3,0,0,0,2,0,1,1,0,0,1,1,0,1,0,0,0,0,1,0,0,0,0,0,0,0,0,0,0,0,0,0,0,0,0,0,0,0,0,0,0,0,0,0,0,0,0,0,0,0,0,0,0,0,0,0,0,0,0,0,0,0,0,0,0,0,0,0,0,0,0,0,0,0,0,0,0,0,0,0,0,0,0,0,0,0,0,0,0,0,0,0,0
1,0,0,1,1,2,0,2,4,0,0,3,0,4,0,2,0,4,1,4,2,10,0,5,4,5,7,4,3,7,11,9,14,6,6,11,15,12,8,19,14,14,8,9,10,12,14,11,11,11,8,16,8,7,10,8,10,9,15,8,7,7,14,8,5,8,12,5,2,11,4,4,3,7,5,1,6,4,6,4,3,2,2,2,6,1,2,4,2,0,2,2,4,3,0,2,0,1,0,0,0,3,3,0,2,2,0,1,2,0,1,1,1,0,0,1,1,0,0,1,0,2,0,0,0,0,0,0,0,0,0,0,0,0,0,0,0,0,0,0,1,0,0,0,0,0,0,0,0,0,0,0,0,0,0,0,0,0,0,0,0,0,0,0,0,0,0,0,0,0,0,0,0,0,0,0,0,0,0,0,0,0,0,0,0,0,0,0,0,0,0,0,0,0,0,0,0,0,0,0
0,0,0,0,2,2,1,0,0,1,1,2,2,3,0,1,2,4,0,4,5,1,1,1,6,5,10,7,4,11,5,12,5,4,9,12,9,7,9,9,10,9,14,12,7,11,9,12,6,9,9,14,8,14,13,9,13,6,11,9,14,8,8,7,5,6,6,11,3,5,3,6,3,3,4,8,3,2,3,4,2,4,1,1,3,1,2,4,2,2,6,3,1,3,4,4,0,2,1,0,1,0,1,0,1,1,0,2,2,1,0,1,0,0,0,0,1,0,0,0,0,1,0,0,1,1,1,0,0,0,0,2,0,0,1,0,0,0,0,0,0,0,0,0,0,0,0,0,0,0,0,0,0,0,0,0,0,0,0,0,0,0,0,0,0,0,0,0,0,0,0,0,0,0,0,0,0,0,0,0,0,0,0,0,0,0,0,0,0,0,0,0,0,0,0,0,0,0,0,0
0,0,0,0,0,0,1,1,1,1,2,1,2,1,1,2,1,3,0,0,3,6,3,6,3,5,10,11,9,7,6,9,3,7,5,11,8,11,6,14,11,10,6,10,16,14,11,8,17,12,12,9,11,11,9,16,9,10,9,8,8,7,16,8,8,10,4,8,7,7,8,5,7,4,2,4,1,7,4,3,3,5,4,0,0,3,5,4,1,3,4,5,2,1,0,1,3,1,1,3,3,0,1,2,2,2,0,1,0,0,0,0,1,2,0,1,0,0,2,0,0,0,0,0,0,0,2,0,0,0,0,0,0,0,0,0,0,1,0,0,0,0,0,0,0,0,0,0,0,0,0,0,0,0,0,0,0,0,0,0,0,0,0,0,0,0,0,0,0,0,0,0,0,0,0,0,0,0,0,0,0,0,0,0,0,0,0,0,0,0,0,0,0,0,0,0,0,0,0,0
5,0,0,0,0,2,0,0,0,0,1,1,3,2,0,1,3,1,2,4,3,4,3,4,3,5,9,4,5,4,13,8,8,6,11,7,9,18,7,12,9,10,8,7,9,9,7,10,8,17,15,12,9,9,7,9,7,11,9,8,14,8,6,6,3,9,9,6,8,5,7,3,5,5,3,7,3,6,5,6,2,4,4,1,3,0,8,3,2,0,3,4,2,1,0,1,1,1,0,0,0,1,1,1,0,2,1,1,0,0,2,0,0,0,0,0,0,1,2,0,0,0,0,0,0,1,1,0,0,0,0,0,0,0,0,0,0,0,0,0,0,0,0,0,0,0,0,0,0,0,0,1,0,0,0,0,0,0,0,0,0,0,0,0,0,0,0,0,0,0,0,0,0,0,0,0,0,0,0,0,0,0,0,0,0,0,0,0,0,0,0,0,0,0,0,0,0,0,0,0
3,0,0,0,0,0,0,1,1,0,1,0,1,3,0,2,1,0,2,5,2,4,5,9,7,5,8,6,6,6,7,4,5,11,8,6,15,12,8,12,6,6,11,11,7,7,8,7,6,6,14,10,13,5,7,8,10,8,7,2,12,8,8,6,0,6,8,7,11,5,3,7,4,2,10,6,3,1,7,4,1,0,3,4,1,5,3,1,1,1,2,3,0,0,2,2,4,1,0,1,3,1,1,0,0,1,2,0,1,0,1,0,1,1,1,0,0,0,0,1,1,0,0,0,0,1,0,0,0,0,0,0,0,0,0,0,0,0,0,0,1,0,0,0,0,1,0,0,0,0,0,0,0,0,0,0,0,0,0,0,0,0,0,0,0,0,0,0,0,0,0,0,0,0,0,0,0,0,0,0,0,0,0,0,0,0,0,0,0,0,0,0,0,0,0,0,0,0,0,0
2,0,0,0,0,2,1,0,1,0,0,2,2,1,0,1,2,1,5,1,4,2,3,4,4,7,7,8,2,7,4,9,3,9,7,9,8,7,5,4,4,8,13,12,11,6,12,10,9,13,8,7,12,13,9,11,10,7,12,12,7,9,9,4,7,9,10,6,10,1,4,3,4,4,6,9,1,3,3,3,2,1,2,2,3,1,1,1,1,2,2,1,3,2,4,3,1,3,0,1,1,2,0,1,0,2,1,0,1,0,1,0,0,0,1,0,1,1,1,0,0,0,0,0,0,0,1,0,0,1,1,0,0,0,0,0,0,0,0,0,0,0,0,0,0,0,0,0,0,0,0,0,0,0,0,0,0,0,0,0,0,0,0,0,0,0,0,0,0,0,0,0,0,0,0,0,0,0,0,0,0,0,0,0,0,0,0,0,0,0,0,0,0,0,0,0,0,0,0,0
2,0,0,0,1,1,1,0,4,0,1,0,0,2,1,2,2,0,0,2,6,4,0,5,5,8,12,3,5,5,7,12,5,7,3,7,11,7,7,10,12,10,9,11,14,8,11,8,8,8,13,7,8,9,13,11,8,13,10,8,12,7,7,5,3,7,9,2,6,7,5,6,3,4,4,2,1,5,4,3,3,2,0,1,3,0,1,1,2,0,2,1,1,2,0,1,1,1,1,2,0,0,1,2,1,1,1,1,0,1,0,0,0,0,0,0,0,0,0,0,0,2,0,0,0,1,1,0,1,0,0,0,0,0,0,0,0,0,0,0,0,0,0,0,0,0,0,0,0,0,0,0,0,0,0,0,0,0,0,0,0,0,0,0,0,0,0,0,0,0,0,0,0,0,0,0,0,0,0,0,0,0,0,0,0,0,0,0,0,0,0,0,0,0,0,0,0,0,0,0
1,1,1,0,1,0,0,1,0,0,1,0,0,4,0,2,1,0,2,1,3,4,2,2,3,7,7,3,3,7,8,11,12,13,10,5,9,9,6,13,11,13,7,5,13,12,8,11,9,10,5,7,7,9,10,9,10,10,5,9,4,11,6,6,10,6,11,7,6,4,7,4,3,5,8,3,6,2,5,3,2,3,6,4,3,2,1,2,3,2,2,0,4,0,2,1,2,0,2,0,1,1,1,0,0,1,2,1,1,0,0,1,1,0,0,0,0,1,0,0,1,0,0,1,0,1,0,1,1,0,0,1,0,0,2,1,0,1,0,0,0,0,0,0,0,0,0,0,0,0,0,0,0,0,0,0,0,0,0,0,0,0,0,0,0,0,0,0,0,0,0,0,0,0,0,0,0,0,0,0,0,0,0,0,0,0,0,0,0,0,0,0,0,0,0,0,0,0,0,0
1,0,0,0,0,1,0,0,0,1,2,0,0,0,0,2,2,3,1,4,5,3,3,6,2,2,6,1,4,5,3,6,8,5,8,7,12,9,7,9,6,7,10,9,8,14,6,7,9,8,9,6,8,12,9,7,12,9,3,4,6,9,2,10,7,8,7,5,3,4,7,2,5,2,5,6,6,4,5,6,4,5,1,1,3,4,3,1,2,2,2,0,0,0,2,1,1,0,0,0,2,0,0,1,2,0,0,2,0,0,2,0,0,1,0,1,1,0,0,0,0,0,0,0,0,0,0,1,0,0,0,0,0,0,0,0,0,0,0,0,0,0,0,0,0,0,0,0,0,0,0,0,0,0,0,0,0,0,0,0,0,0,0,0,0,0,0,0,0,0,0,0,0,0,0,0,0,0,0,0,0,0,0,0,0,0,0,0,0,0,0,0,0,0,0,0,0,0,0,0
1,0,0,0,0,1,0,1,2,1,1,1,0,0,0,0,1,1,1,3,1,2,0,4,1,2,3,6,6,6,8,5,7,9,7,10,7,11,3,7,9,5,8,11,8,13,14,9,8,6,11,13,7,6,14,12,7,7,11,8,11,6,4,8,6,6,4,4,8,2,3,6,5,5,3,5,2,2,3,3,6,0,6,4,1,2,3,4,1,4,0,3,3,1,4,0,1,2,0,2,0,1,1,0,1,0,2,3,1,3,1,0,0,0,0,0,0,0,0,1,0,1,0,0,0,1,0,0,0,0,0,0,0,0,0,0,1,0,0,0,1,0,0,0,1,0,0,0,0,0,0,0,0,0,0,0,0,0,0,0,0,0,0,0,0,0,0,0,0,0,0,0,0,0,0,0,0,0,0,0,0,0,0,0,0,0,0,0,0,0,0,0,0,0,0,0,0,0,0,0
2,0,0,0,1,1,0,0,0,0,0,1,1,2,0,1,1,2,1,4,2,0,5,4,0,5,2,7,1,6,2,10,5,9,13,8,11,6,2,8,9,15,10,6,8,10,9,5,17,8,8,7,13,8,12,8,6,8,15,9,4,3,5,3,1,8,5,4,6,1,5,4,4,1,3,2,3,1,5,3,1,2,3,7,1,1,3,1,1,4,3,0,0,1,0,1,2,3,1,3,0,0,0,1,0,0,0,2,0,0,0,0,1,1,0,0,0,0,0,0,0,0,0,0,0,1,0,0,0,0,0,0,0,0,0,0,0,0,0,0,0,0,0,0,0,0,0,0,0,0,0,0,0,0,0,0,0,0,0,0,0,0,0,0,0,0,0,0,0,0,0,0,0,0,0,0,0,0,0,0,0,0,0,0,0,0,0,0,0,0,0,0,0,0,0,0,0,0,0,0
1,0,0,0,0,1,0,0,1,0,2,0,3,3,0,1,5,2,2,2,1,4,0,6,1,3,7,7,3,2,8,7,7,7,11,4,5,8,11,7,3,12,6,11,15,8,6,13,6,5,8,7,4,6,10,7,5,2,10,3,7,8,7,9,6,5,6,4,8,1,1,3,4,4,3,5,8,1,2,4,1,2,2,2,3,2,1,4,4,1,2,0,4,2,3,0,6,0,1,1,2,0,2,0,1,0,0,2,0,1,0,1,1,0,0,0,0,0,0,2,0,0,0,0,1,0,0,0,0,0,0,0,0,0,0,0,0,0,0,0,0,0,0,0,0,0,0,0,0,0,0,0,0,0,0,0,0,0,0,0,0,0,0,0,0,0,0,0,0,0,0,0,0,0,0,0,0,0,0,0,0,0,0,0,0,0,0,0,0,0,0,0,0,0,0,0,0,0,0,0
0,1,0,0,0,2,1,0,0,0,0,0,2,2,0,3,0,1,1,2,7,2,5,3,4,6,7,6,2,6,7,11,8,5,6,8,9,5,4,11,6,5,10,7,7,8,14,8,10,10,11,5,8,4,12,10,7,11,5,9,3,9,4,7,4,5,10,5,5,6,8,3,6,3,5,1,3,5,2,2,6,1,3,1,2,2,1,0,2,0,0,0,1,0,1,0,1,0,0,0,1,1,0,0,0,1,0,0,0,0,0,0,0,0,0,1,0,0,1,0,0,1,0,0,1,1,0,0,1,0,2,0,0,0,0,0,0,0,0,0,0,0,0,0,0,0,0,0,0,0,0,0,0,0,0,0,0,0,0,0,0,0,0,0,0,0,0,0,0,0,0,0,0,0,0,0,0,0,0,0,0,0,0,0,0,0,0,0,0,0,0,0,0,0,0,0,0,0,0,0
0,0,0,0,0,0,0,0,2,0,1,1,1,0,1,1,1,2,1,2,2,3,2,8,1,4,6,2,12,9,8,8,10,6,12,4,5,9,10,4,9,9,9,7,9,8,11,5,6,9,8,9,4,7,7,8,8,7,6,11,8,4,2,8,10,4,5,3,7,4,4,6,8,4,3,2,3,3,5,5,3,2,1,2,2,2,1,2,0,3,2,1,1,1,0,0,2,2,1,0,0,1,0,1,2,0,0,0,0,0,0,1,0,0,1,1,0,1,0,0,0,0,0,0,0,1,1,0,0,0,0,0,0,0,0,0,0,0,0,0,0,0,0,0,0,0,0,0,0,0,0,0,0,0,0,0,0,0,0,0,0,0,0,0,0,0,0,0,0,0,0,0,0,0,0,0,0,0,0,0,0,0,0,0,0,0,0,0,0,0,0,0,0,0,0,0,0,0,0,0
2,0,0,1,0,0,0,1,0,0,0,1,0,1,1,3,0,2,1,2,4,5,2,1,5,4,8,4,3,4,6,7,5,11,3,9,8,9,9,5,7,7,8,1,9,9,8,11,8,7,9,6,4,2,12,5,7,3,6,8,11,10,6,4,3,9,4,6,8,5,1,3,2,6,4,3,4,0,2,2,0,1,1,0,1,1,2,1,0,2,0,1,0,2,2,0,2,2,0,1,0,1,0,0,1,2,0,1,2,1,1,2,1,1,0,0,0,0,0,0,0,0,0,0,0,0,0,0,0,0,0,0,0,0,0,0,0,0,0,0,0,0,0,0,0,0,0,0,0,0,0,0,0,0,0,0,0,0,0,0,0,0,0,0,0,0,0,0,0,0,0,0,0,0,0,0,0,0,0,0,0,0,0,0,0,0,0,0,0,0,0,0,0,0,0,0,0,0,0,0
0,0,0,0,2,0,0,0,0,0,0,0,0,2,1,1,1,2,1,4,2,1,3,3,1,2,2,4,5,8,8,5,4,3,5,5,9,10,8,4,4,8,7,10,13,9,4,2,8,12,15,7,9,8,12,6,8,14,8,7,6,4,9,11,6,2,4,6,7,6,2,2,5,3,6,3,3,1,6,4,2,1,6,2,3,3,2,1,0,1,0,0,0,1,2,2,1,1,1,1,0,1,1,0,0,2,0,0,0,0,2,1,0,0,0,0,0,0,1,0,1,0,0,0,0,0,1,1,0,0,0,0,0,0,0,0,0,0,0,0,0,0,0,0,0,0,0,0,0,0,0,0,0,0,0,0,0,0,0,0,0,0,0,0,0,0,0,0,0,0,0,0,0,0,0,0,0,0,0,0,0,0,0,0,0,0,0,0,0,0,0,0,0,0,0,0,0,0,0,0
2,1,0,0,0,1,1,1,1,0,0,0,0,0,0,0,0,1,0,2,2,2,3,4,1,8,4,7,3,9,6,6,9,5,9,4,6,6,8,1,11,9,6,8,7,8,10,10,5,6,10,7,5,3,6,5,7,7,8,6,5,6,5,3,6,4,5,6,6,4,4,9,3,9,2,4,5,2,3,3,3,0,0,3,3,2,2,1,0,1,5,1,2,1,0,2,0,1,0,1,0,1,1,0,0,1,1,0,0,0,0,0,0,1,0,0,0,0,0,0,0,0,0,1,0,0,1,1,0,0,0,0,0,0,0,0,0,0,0,0,0,0,0,0,0,0,0,0,0,0,0,0,0,0,0,0,0,0,0,0,0,0,0,0,0,0,0,0,0,0,0,0,0,0,0,0,0,0,0,0,0,0,0,0,0,0,0,0,0,0,0,0,0,0,0,0,0,0,0,0
0,0,0,0,0,1,0,0,1,0,3,2,2,1,1,1,0,4,1,1,4,1,3,4,1,2,5,7,7,6,5,10,9,4,10,4,8,2,4,2,13,10,2,6,4,6,7,4,3,3,6,7,7,8,5,8,13,3,6,6,6,3,5,6,5,5,5,1,1,5,6,0,6,5,1,4,5,2,2,2,1,4,2,4,0,1,1,1,2,1,2,0,0,0,1,1,0,0,0,1,1,0,0,2,1,0,0,0,0,0,0,0,0,0,3,1,0,0,0,0,0,0,0,0,0,1,2,0,0,0,0,0,0,0,0,0,0,0,0,0,0,0,0,0,0,0,0,0,0,0,0,0,0,0,0,0,0,0,0,0,0,0,0,0,0,0,0,0,0,0,0,0,0,0,0,0,0,0,0,0,0,0,0,0,0,0,0,0,0,0,0,0,0,0,0,0,0,0,0,0
1,0,0,0,0,0,0,0,3,0,0,2,1,2,1,0,2,1,1,1,2,2,10,1,1,2,5,3,10,3,4,12,2,4,9,4,7,8,7,9,10,11,4,3,4,9,5,4,7,3,8,3,8,6,5,5,4,2,10,4,9,6,10,3,7,7,2,6,8,3,10,3,4,3,1,6,2,1,1,2,1,3,1,3,1,2,2,1,2,1,2,2,0,1,3,0,0,0,1,1,0,1,0,0,0,1,0,0,1,0,0,0,0,0,0,0,0,0,0,0,0,0,0,0,2,0,0,0,0,0,0,0,0,0,0,1,0,0,0,0,0,0,0,0,0,0,0,0,0,0,0,0,0,0,0,0,0,0,0,0,0,0,0,0,0,0,0,0,0,0,0,0,0,0,0,0,0,0,0,0,0,0,0,0,0,0,0,0,0,0,0,0,0,0,0,0,0,0,0,0
3,0,0,0,0,2,1,1,2,0,1,1,1,1,0,4,1,2,1,3,2,4,1,1,1,0,2,5,7,8,3,7,2,4,8,3,9,2,4,5,9,5,4,5,5,5,7,5,12,2,7,7,5,6,11,4,5,6,7,5,7,8,4,6,1,5,5,7,7,3,1,6,2,2,2,3,3,1,3,1,5,1,1,1,2,4,0,2,2,1,0,1,1,1,1,2,0,0,1,1,0,0,0,2,0,0,1,0,0,0,0,0,1,0,1,0,0,1,0,0,0,0,0,0,0,0,0,0,1,0,0,0,0,0,0,0,0,0,0,0,0,0,0,0,0,0,0,0,0,0,0,0,0,0,0,0,0,0,0,0,0,0,0,0,0,0,0,0,0,0,0,0,0,0,0,0,0,0,0,0,0,0,0,0,0,0,0,0,0,0,0,0,0,0,0,0,0,0,0,0
1,0,0,1,0,0,0,1,1,0,1,0,1,0,0,2,1,1,1,2,3,4,2,6,2,9,5,3,4,11,4,6,8,10,6,7,3,6,3,8,11,5,8,6,8,3,13,10,7,8,5,10,7,6,8,7,5,8,1,8,8,6,9,2,5,1,4,5,3,4,2,3,4,3,4,6,0,3,2,1,5,1,0,1,2,2,1,4,1,0,1,2,2,0,1,2,0,0,1,0,1,0,0,1,1,0,0,0,0,0,0,3,0,0,0,0,0,0,0,0,0,0,0,0,0,0,0,0,0,0,0,0,0,0,0,0,0,0,0,0,0,0,0,0,0,0,0,0,0,0,0,0,0,0,0,0,0,0,0,0,0,0,0,0,0,0,0,0,0,0,0,0,0,0,0,0,0,0,0,0,0,0,0,0,0,0,0,0,0,0,0,0,0,0,0,0,0,0,0,0
1,0,0,0,1,0,0,0,3,0,2,2,0,1,1,1,2,0,5,2,1,4,4,3,5,5,3,4,6,1,3,6,4,7,6,9,6,5,9,3,5,3,3,8,11,11,5,7,2,2,9,4,8,5,9,7,6,3,8,3,7,6,4,3,3,7,3,5,3,2,5,3,3,1,1,0,3,5,3,1,2,2,3,0,0,4,2,0,2,0,0,1,0,0,3,1,0,2,1,1,3,1,0,1,0,1,0,0,0,1,0,0,1,0,0,0,0,0,2,1,0,0,0,0,0,0,0,1,0,0,0,0,0,0,0,0,0,0,0,0,0,1,0,0,0,0,0,0,0,0,0,0,0,0,0,0,0,0,0,0,0,0,0,0,0,0,0,0,0,0,0,0,0,0,0,0,0,0,0,0,0,0,0,0,0,0,0,0,0,0,0,0,0,0,0,0,0,0,0,0
0,0,0,0,0,1,0,1,2,1,0,1,1,3,0,1,0,2,1,1,3,3,1,5,1,3,2,2,3,5,5,6,3,3,4,7,5,5,4,10,10,3,3,9,5,7,10,10,12,4,12,7,9,5,4,6,6,5,5,5,6,5,5,6,7,2,8,5,5,1,6,2,3,3,5,3,5,2,3,4,1,3,1,2,3,1,1,1,2,1,2,2,0,0,1,2,0,0,0,0,0,0,0,3,0,2,1,0,1,1,0,2,0,1,1,0,0,0,0,0,0,0,0,0,0,0,0,1,0,0,0,0,0,0,0,0,0,0,0,0,0,0,0,0,1,0,0,0,0,0,0,0,0,0,0,0,0,0,0,0,0,0,0,0,0,0,0,0,0,0,0,0,0,0,0,0,0,0,0,0,0,0,0,0,0,0,0,0,0,0,0,0,0,0,0,0,0,0,0,0
2,0,0,0,0,0,0,0,0,1,1,1,0,1,3,1,2,2,1,1,3,2,0,1,1,4,2,3,4,4,1,8,3,8,6,5,5,4,5,7,4,6,2,9,7,2,10,7,4,4,4,5,6,6,6,5,4,6,5,6,7,4,2,2,5,5,4,6,4,2,3,3,6,2,0,5,3,4,4,2,5,2,0,1,2,3,2,1,2,2,0,1,0,0,0,2,2,2,0,3,0,1,1,0,0,1,0,1,1,0,0,0,0,0,0,0,0,0,0,0,0,1,0,0,0,0,0,0,0,0,0,1,0,0,0,0,0,0,0,0,0,0,0,0,0,0,0,0,0,0,0,0,0,0,0,0,0,0,0,0,0,0,0,0,0,0,0,0,0,0,0,0,0,0,0,0,0,0,0,0,0,0,0,0,0,0,0,0,0,0,0,0,0,0,0,0,0,0,0,0
2,0,0,0,0,0,0,1,2,0,1,0,1,1,0,2,1,1,1,1,3,2,2,4,3,1,5,4,4,8,4,5,2,7,2,5,10,5,9,7,9,1,6,4,8,6,10,5,4,12,4,4,6,5,8,5,7,6,4,7,7,6,5,0,7,6,5,5,5,3,1,3,6,2,2,8,1,3,3,1,3,1,0,1,2,1,0,5,2,1,1,2,4,2,1,0,0,0,2,0,1,0,1,0,1,0,1,0,0,0,0,0,2,0,1,0,0,1,0,0,0,0,0,0,0,0,0,0,1,0,0,0,0,0,0,0,0,0,0,0,0,0,0,0,0,0,0,0,0,0,0,0,0,0,0,0,0,0,0,0,0,0,0,0,0,0,0,0,0,0,0,0,0,0,0,0,0,0,0,0,0,0,0,0,0,0,0,0,0,0,0,0,0,0,0,0,0,0,0,0
1,0,0,0,1,0,0,0,1,0,0,0,1,1,0,2,1,0,1,1,0,2,4,3,3,3,1,3,1,4,3,6,4,6,12,4,6,6,1,4,3,5,5,8,6,4,5,10,4,5,4,5,6,4,5,3,7,6,5,5,6,1,6,1,3,2,2,4,2,0,8,2,5,3,4,0,3,5,3,1,2,4,2,0,3,0,2,0,3,1,0,3,1,1,0,1,0,1,2,1,0,1,1,0,0,0,0,0,0,0,0,0,0,1,0,0,0,0,0,0,0,0,0,0,0,0,0,1,0,0,0,0,0,0,0,0,0,0,0,0,1,0,0,0,0,0,0,0,0,0,0,0,0,0,0,0,0,0,0,0,0,0,0,0,0,0,0,0,0,0,0,0,0,0,0,0,0,0,0,0,0,0,0,0,0,0,0,0,0,0,0,0,0,0,0,0,0,0,0,0
0,1,0,0,0,1,0,0,0,0,1,1,0,0,2,3,1,2,1,3,0,1,3,2,2,3,2,4,5,3,5,2,3,7,5,7,4,7,2,8,6,6,4,5,5,3,2,3,7,6,5,8,7,8,2,6,5,5,3,5,6,3,3,7,4,2,3,3,5,4,2,2,2,1,1,3,3,7,3,1,0,1,1,2,5,1,0,1,4,0,2,2,0,2,0,1,0,1,1,0,0,0,0,0,0,1,0,0,0,0,0,0,1,0,0,0,0,0,0,0,0,0,0,0,0,0,0,0,0,0,0,0,0,0,0,0,0,0,0,0,0,0,0,0,0,0,0,0,0,0,0,0,0,0,0,0,0,0,0,0,0,0,0,0,0,0,0,0,0,0,0,0,0,0,0,0,0,0,0,0,0,0,0,0,0,0,0,0,0,0,0,0,0,0,0,0,0,0,0,0
1,0,0,0,1,1,0,0,1,0,1,0,1,0,1,1,4,2,0,2,0,2,3,1,0,1,3,1,4,6,4,3,3,5,4,2,5,4,7,4,5,5,7,5,3,5,5,8,6,2,5,9,2,6,9,2,7,5,5,10,5,3,5,4,3,5,5,3,2,4,4,5,6,3,6,3,2,1,0,1,1,0,1,1,0,1,1,2,0,1,0,1,1,1,0,0,1,0,0,0,1,0,0,1,0,1,2,0,0,0,0,0,1,0,0,0,0,0,0,0,0,0,0,2,0,1,0,0,0,0,0,0,0,0,0,0,0,0,0,0,0,0,0,0,0,0,0,0,0,0,0,0,0,0,0,0,0,0,0,0,0,0,0,0,0,0,0,0,0,0,0,0,0,0,0,0,0,0,0,0,0,0,0,0,0,0,0,0,0,0,0,0,0,0,0,0,0,0,0,0
2,0,0,0,1,0,1,0,1,0,2,1,0,2,1,1,0,1,0,1,0,3,1,7,4,3,3,1,0,6,5,4,7,7,8,3,4,3,5,7,2,6,2,5,5,7,6,4,7,8,4,5,2,3,8,7,8,1,4,4,3,2,7,4,2,1,3,2,1,2,2,5,1,0,2,2,2,2,3,0,0,1,1,2,0,2,0,1,0,1,1,4,0,2,2,0,0,1,0,0,2,1,0,1,1,1,0,0,1,0,1,0,0,0,0,0,0,0,0,0,0,0,0,0,0,0,0,0,0,0,0,0,0,1,0,0,0,0,0,0,0,0,0,0,0,0,0,0,0,0,0,0,0,0,0,0,0,0,0,0,0,0,0,0,0,0,0,0,0,0,0,0,0,0,0,0,0,0,0,0,0,0,0,0,0,0,0,0,0,0,0,0,0,0,0,0,0,0,0,0
2,0,0,0,0,0,0,0,1,0,0,0,2,1,0,2,1,1,1,3,4,2,1,6,4,3,2,3,6,3,5,8,5,5,7,4,5,5,7,5,6,2,4,2,1,5,2,4,4,4,2,9,5,9,2,4,6,3,0,2,6,3,6,6,1,3,2,0,3,3,2,2,1,1,3,1,2,1,0,3,3,1,0,0,2,2,0,0,0,0,1,1,1,0,0,0,1,0,2,0,1,0,0,1,0,1,1,0,0,0,1,0,0,0,0,0,1,1,0,0,1,0,0,1,0,0,0,0,0,0,0,0,0,0,0,0,0,0,0,0,0,0,0,0,0,0,0,0,0,0,0,0,0,0,0,0,0,0,0,0,0,0,0,0,0,0,0,0,0,0,0,0,0,0,0,0,0,0,0,0,0,0,0,0,0,0,0,0,0,0,0,0,0,0,0,0,0,0,0,0
1,0,0,0,0,1,1,1,1,0,0,1,2,0,0,1,0,0,2,2,1,1,2,0,0,2,3,5,4,4,4,3,6,3,6,3,4,5,1,3,7,8,5,3,1,8,8,3,3,3,3,5,7,6,6,2,4,4,2,3,8,3,3,4,5,7,1,5,2,2,0,2,3,1,2,2,0,1,2,0,3,0,0,0,0,2,1,0,1,0,2,0,0,0,1,0,0,1,1,0,2,0,0,3,1,0,1,0,0,0,0,0,0,1,1,1,0,0,0,0,0,0,0,0,1,0,0,0,0,0,0,0,0,0,0,0,0,0,0,0,0,0,0,0,0,0,0,0,0,0,0,0,0,0,0,0,0,0,0,0,0,0,0,0,0,0,0,0,0,0,0,0,0,0,0,0,0,0,0,0,0,0,0,0,0,0,0,0,0,0,0,0,0,0,0,0,0,0,0,0
1,0,0,0,0,1,0,0,0,0,0,1,1,1,1,0,0,0,0,2,2,0,2,2,2,2,0,1,3,5,8,6,4,3,4,5,4,6,6,6,3,2,8,0,5,7,2,4,4,6,5,5,4,5,7,5,2,4,5,3,0,1,0,4,5,2,4,1,5,1,4,1,4,4,1,2,5,4,0,0,1,3,1,1,0,0,2,0,0,1,0,1,1,1,1,1,0,0,2,0,0,1,0,2,1,0,0,0,0,0,0,0,0,0,0,0,0,0,0,0,1,0,1,0,1,0,0,0,0,0,0,0,0,0,0,0,0,0,0,0,0,1,0,0,0,0,0,0,0,0,0,0,0,0,0,0,0,0,0,0,0,0,0,0,0,0,0,0,0,0,0,0,0,0,0,0,0,0,0,0,0,0,0,0,0,0,0,0,0,0,0,0,0,0,0,0,0,0,0,0
0,0,0,0,0,0,1,0,1,0,1,0,0,1,0,1,1,1,1,2,1,2,2,3,3,2,5,1,3,5,2,3,5,3,6,2,7,6,4,3,4,7,5,6,7,8,4,9,4,2,2,9,3,8,1,3,7,2,3,6,1,6,6,3,0,3,3,3,3,1,1,0,2,2,4,4,1,0,3,1,3,1,1,1,0,1,1,0,0,1,1,0,2,1,0,2,0,1,0,0,0,0,0,2,0,0,1,0,0,0,0,0,1,0,0,0,0,0,1,0,0,0,0,0,0,0,0,0,1,0,0,0,0,0,1,0,1,0,0,0,0,0,0,1,0,0,0,0,0,0,0,0,0,0,0,0,0,0,0,0,0,0,1,0,0,0,0,0,0,0,0,0,0,0,0,0,0,0,0,0,0,0,0,0,0,0,0,0,0,0,0,0,0,0,0,0,0,0,0,0
0,0,0,0,0,0,1,0,0,0,0,0,0,2,0,2,1,2,1,2,4,2,0,3,2,2,0,4,4,2,5,4,5,6,3,7,4,4,4,3,5,3,6,4,7,8,6,5,2,3,10,2,1,3,8,7,4,6,6,2,8,2,3,3,5,2,1,4,3,3,4,3,3,1,5,3,4,1,2,0,1,0,0,0,3,0,0,0,2,0,1,0,0,1,1,0,2,2,2,1,0,0,0,0,1,0,0,0,0,0,0,0,0,0,0,0,0,1,0,0,0,0,0,0,0,0,0,0,0,0,0,0,0,0,0,0,0,0,0,0,0,0,0,0,0,0,0,0,0,0,0,0,0,0,0,0,0,0,0,0,0,0,0,0,0,0,0,0,0,0,0,0,0,0,0,0,0,0,0,0,0,0,0,0,0,0,0,0,0,0,0,0,0,0,0,0,0,0,0,0
1,0,0,0,0,0,0,0,1,0,0,0,1,0,0,1,1,1,2,1,2,2,2,2,2,1,4,4,3,3,5,3,3,4,6,4,5,3,6,4,4,6,3,5,6,3,4,1,6,6,2,4,8,6,4,3,6,4,6,0,1,3,0,3,2,5,5,6,1,3,3,6,0,4,6,2,2,2,1,4,1,1,0,2,1,2,1,4,1,0,0,2,0,0,0,0,2,0,1,0,1,0,0,0,0,0,0,0,1,0,0,0,0,0,0,0,0,1,2,0,1,0,0,0,0,0,0,0,0,0,1,0,0,0,0,0,0,0,0,0,0,0,0,0,0,0,0,0,0,0,0,0,0,0,0,0,0,0,0,0,0,0,0,0,0,0,0,0,0,0,0,0,0,0,0,0,0,0,0,0,0,0,0,0,0,0,0,0,0,0,0,0,0,0,0,0,0,0,0,0
0,0,0,0,0,0,0,0,0,2,0,0,3,1,0,1,2,0,0,1,2,2,0,4,2,1,2,2,3,2,3,4,4,2,4,5,3,2,3,1,3,8,2,5,7,7,4,1,5,2,5,7,3,3,4,6,5,4,5,4,4,4,5,3,2,0,2,1,2,4,3,1,0,1,1,3,1,0,2,1,0,2,1,1,2,0,1,0,0,3,2,0,0,1,2,1,0,0,0,0,0,1,0,1,0,1,1,1,0,1,0,0,0,0,0,0,0,1,0,0,0,0,0,0,1,0,0,0,0,0,0,0,0,0,0,0,0,0,0,0,0,0,0,0,0,0,0,0,0,0,0,0,0,0,0,0,0,0,0,0,0,0,0,0,0,0,0,0,0,0,0,0,0,0,0,0,0,0,0,0,0,0,0,0,0,0,0,0,0,0,0,0,0,0,0,0,0,0,0,0
0,0,0,0,0,0,0,0,0,0,1,0,2,1,0,2,1,1,1,2,4,0,0,2,3,2,2,3,2,3,1,7,2,4,9,5,6,3,5,6,2,3,4,1,4,3,8,5,6,3,4,2,9,5,5,2,5,3,4,2,1,1,2,2,3,2,8,1,1,3,2,2,0,0,2,1,4,0,2,1,2,1,0,2,1,0,0,1,0,0,0,1,0,2,0,1,3,0,2,1,0,0,1,0,0,0,0,1,0,0,1,0,0,0,2,1,0,0,0,0,1,0,0,0,0,0,1,0,0,0,0,0,1,0,0,0,0,0,0,0,0,0,0,0,0,0,0,0,0,0,0,0,0,0,0,0,0,0,0,0,0,0,0,0,0,0,0,0,0,0,0,0,0,0,0,0,0,0,0,0,0,0,0,0,0,0,0,0,0,0,0,0,0,0,0,0,0,0,0,0
1,0,0,0,0,0,0,2,0,0,1,0,2,1,0,2,3,2,2,2,2,1,2,1,1,3,2,2,2,2,0,3,1,3,5,1,7,3,1,4,6,4,2,6,1,2,3,6,4,5,4,4,4,7,5,3,6,1,4,0,5,5,2,1,1,4,1,0,0,1,5,2,1,1,2,3,0,3,2,0,3,1,0,1,3,1,1,0,1,0,0,0,0,2,0,0,0,0,1,0,0,1,0,0,1,0,2,0,0,1,1,0,0,0,0,0,0,0,0,0,0,0,0,0,0,0,0,0,0,0,0,0,0,0,0,0,0,0,0,0,0,0,0,0,0,0,0,0,0,0,0,0,0,0,0,0,0,0,0,0,0,0,0,0,0,0,0,0,0,0,0,0,0,0,0,0,0,0,0,0,0,0,0,0,0,0,0,0,0,0,0,0,0,0,0,0,0,0,0,0
1,1,0,0,0,1,0,0,0,0,0,0,0,2,0,1,0,0,0,1,0,1,2,3,0,3,3,2,3,1,5,3,3,4,5,5,3,3,2,4,4,2,0,3,5,5,2,7,4,7,2,6,4,5,6,4,3,3,5,4,4,7,3,4,4,1,3,2,1,1,3,4,2,2,2,2,3,0,1,0,3,2,0,0,1,1,0,0,2,1,0,1,1,0,0,0,0,1,1,0,0,2,0,1,0,1,0,1,0,0,0,0,0,0,0,0,0,0,0,1,0,0,0,0,0,0,0,0,0,1,0,0,0,0,1,0,0,0,0,0,0,0,0,0,0,0,0,0,0,0,0,0,0,0,0,0,0,0,0,0,0,0,0,0,0,0,0,0,0,0,0,0,0,0,0,0,0,0,0,0,0,0,0,0,0,0,0,0,0,0,0,0,0,0,0,0,0,0,0,0
0,0,0,0,0,0,0,0,0,0,1,0,0,2,0,1,1,1,1,3,2,3,0,2,1,5,1,0,4,2,1,5,0,2,4,7,5,7,1,3,5,8,2,5,4,4,7,3,3,8,5,3,5,2,4,6,3,2,9,3,3,3,2,1,5,2,1,4,2,1,1,7,3,2,2,5,2,1,1,0,1,1,2,0,0,1,0,2,0,0,0,0,0,0,0,1,0,0,0,0,0,0,0,0,0,1,1,0,0,0,1,1,0,0,0,0,0,0,0,0,0,1,1,0,0,0,0,0,0,0,0,0,0,0,0,1,0,0,0,0,1,0,0,0,0,0,0,0,0,0,0,0,0,0,0,0,0,0,0,0,0,0,0,0,0,0,0,0,0,0,0,0,0,0,0,0,0,0,0,0,0,0,0,0,0,0,0,0,0,0,0,0,0,0,0,0,0,0,0,0
0,0,0,0,1,1,0,0,0,0,0,1,0,0,0,1,1,1,0,2,2,1,2,4,0,2,7,2,4,5,2,5,3,2,2,2,4,4,2,4,3,8,3,3,6,6,2,5,2,6,2,1,3,5,5,3,5,3,4,4,4,3,8,0,4,2,1,3,4,3,2,0,3,0,1,2,1,3,1,2,1,0,0,0,1,0,0,2,1,1,1,0,0,2,2,1,0,1,1,0,1,0,1,0,0,0,1,0,0,1,0,0,0,0,0,0,0,0,0,0,0,0,0,0,0,0,1,0,0,0,0,0,0,0,0,0,0,0,0,0,0,0,0,0,0,0,0,0,0,0,0,0,0,0,0,0,0,0,0,0,0,0,0,0,0,0,0,0,0,0,0,0,0,0,0,0,0,0,0,0,0,0,0,0,0,0,0,0,0,0,0,0,0,0,0,0,0,0,0,0
0,0,0,0,0,0,0,0,0,0,0,1,1,1,0,0,0,2,0,0,0,2,1,5,2,1,2,1,2,2,5,2,2,1,2,3,7,4,4,5,2,3,3,2,2,3,3,5,5,6,5,2,3,5,5,1,3,2,1,5,4,3,3,4,5,3,1,1,3,3,3,3,2,2,3,2,3,1,0,2,0,1,1,1,1,0,0,3,1,3,2,0,0,1,1,1,0,1,0,0,0,0,0,1,0,0,1,0,0,0,0,0,0,0,0,1,0,0,0,0,0,0,1,0,1,0,0,0,0,0,0,0,0,0,0,0,0,0,0,0,0,0,0,0,0,0,0,0,0,0,0,0,0,0,0,0,0,0,0,0,0,0,0,0,0,0,0,0,0,0,0,0,0,0,0,0,0,0,0,0,0,0,0,0,0,0,0,0,0,0,0,0,0,0,0,0,0,0,0,0
1,0,0,0,0,0,0,0,2,1,0,0,0,3,0,0,2,1,0,1,3,2,1,1,2,1,2,1,2,3,3,4,4,3,3,6,2,2,1,5,4,3,3,4,9,4,7,4,0,4,4,6,3,5,5,9,4,4,8,2,4,1,3,2,2,2,2,3,1,2,1,0,2,2,4,2,2,0,2,1,0,2,1,2,1,1,1,1,1,0,1,1,0,3,0,0,0,0,0,0,1,0,0,0,0,0,0,0,0,0,0,0,0,0,0,0,0,0,1,0,0,0,0,0,0,0,0,0,0,0,0,0,0,0,0,0,1,0,0,0,0,0,0,0,0,0,0,0,0,0,0,0,0,0,0,0,0,0,0,0,0,0,0,0,0,0,0,0,0,0,0,0,0,0,0,0,0,0,0,0,0,0,0,0,0,0,0,0,0,0,0,0,0,0,0,0,0,0,0,0
0,0,0,0,1,0,0,1,0,0,0,2,0,1,0,0,1,1,1,4,2,3,0,2,0,4,2,1,1,1,2,5,2,2,6,4,1,1,6,4,4,5,3,1,5,1,6,5,3,6,3,4,1,0,5,4,4,4,0,2,3,3,2,4,3,3,2,2,0,2,3,0,2,3,1,4,2,0,1,0,1,0,1,0,0,0,0,0,0,0,0,0,0,1,0,0,0,1,1,0,0,1,0,0,0,0,0,0,0,0,0,0,0,0,0,0,0,0,0,1,1,0,0,0,0,0,0,0,0,0,0,0,0,0,0,0,0,0,0,0,0,0,0,0,0,0,0,0,0,0,0,0,0,0,0,0,0,0,0,0,0,0,0,0,0,0,0,0,0,0,0,0,0,0,0,0,0,0,0,0,0,0,0,0,0,0,0,0,0,0,0,0,0,0,0,0,0,0,0,0
2,0,0,0,0,0,0,0,0,0,0,0,1,1,0,3,0,2,1,0,0,0,1,2,3,2,2,2,4,0,4,3,1,3,5,0,3,4,1,5,5,3,2,7,5,6,7,4,7,2,2,5,3,6,3,5,6,9,3,2,3,1,4,3,1,4,1,2,0,2,2,1,0,2,5,2,0,1,1,1,0,1,0,1,1,0,0,0,0,0,0,1,0,3,0,0,1,0,0,1,0,1,1,2,0,0,0,0,0,0,1,1,0,1,0,0,0,0,0,0,0,0,0,0,0,0,0,0,0,0,0,0,0,0,0,0,0,0,0,0,0,0,0,0,0,0,0,0,0,0,0,0,0,0,0,0,0,0,0,0,0,0,0,0,0,0,0,0,0,0,0,0,0,0,0,0,0,0,0,0,0,0,0,0,0,0,0,0,0,0,0,0,0,0,0,0,0,0,0,0
3,0,0,0,0,0,1,0,2,0,0,1,0,1,0,0,1,2,0,2,2,0,0,2,0,2,0,5,4,4,5,7,3,1,2,2,4,4,4,4,3,6,5,1,4,4,3,2,3,2,2,4,6,3,7,1,3,2,2,1,4,1,1,4,2,4,3,1,3,2,1,1,0,2,0,2,2,1,0,1,0,2,2,0,1,0,0,0,0,0,0,2,1,0,0,0,0,2,1,1,0,1,0,0,0,0,0,0,0,0,0,0,0,1,0,0,0,0,0,0,0,0,1,0,0,0,0,0,0,0,0,0,0,0,0,0,0,0,0,0,0,0,0,0,0,0,0,0,0,0,0,0,0,0,0,0,0,0,0,0,0,0,0,0,0,0,0,0,0,0,0,0,0,0,0,0,0,0,0,0,0,0,0,0,0,0,0,0,0,0,0,0,0,0,0,0,0,0,0,0
0,1,0,0,0,0,0,0,1,0,0,1,0,0,0,2,1,1,1,1,3,2,1,2,0,1,3,4,1,3,0,3,2,2,3,3,5,3,5,4,5,3,3,1,7,2,4,3,3,6,4,1,4,4,1,2,1,3,3,2,3,4,3,1,3,1,2,1,3,4,3,0,2,0,1,2,2,1,0,0,1,2,1,0,1,1,4,1,2,2,2,0,0,0,0,0,0,1,0,1,0,1,1,0,0,0,0,0,0,0,0,0,0,0,0,0,0,0,1,0,0,0,0,0,0,0,0,0,0,0,0,0,0,0,0,0,0,0,0,0,0,0,0,0,0,0,0,0,0,0,0,0,0,0,0,0,0,0,0,0,0,0,0,0,0,0,0,0,0,0,0,0,0,0,0,0,0,0,0,0,0,0,0,0,0,0,0,0,0,0,0,0,0,0,0,0,0,0,0,0
0,0,0,0,0,0,0,1,2,0,1,0,1,0,2,0,0,1,0,0,0,0,1,1,0,2,2,3,3,1,6,0,5,2,1,4,2,7,2,1,3,4,3,1,6,1,5,0,8,6,5,6,4,0,4,5,3,3,1,0,2,0,2,0,2,2,1,4,2,0,0,1,4,0,4,2,2,1,2,0,1,1,3,2,0,3,0,1,0,0,0,1,0,0,0,0,0,0,0,0,0,0,0,0,1,0,0,0,0,0,0,0,0,1,0,1,1,1,0,0,0,0,0,0,0,0,0,0,0,0,0,0,0,0,0,0,0,0,0,0,0,0,0,0,0,0,0,0,0,0,0,0,0,0,0,0,0,0,0,0,0,0,0,0,0,0,0,0,0,0,0,0,0,0,0,0,0,0,0,0,0,0,0,0,0,0,0,0,0,0,0,0,0,0,0,0,0,0,0,0
0,0,0,0,0,0,0,0,0,0,0,0,0,0,0,0,1,0,0,0,3,3,1,2,1,6,3,0,1,3,2,1,2,3,4,4,3,2,2,1,3,3,0,3,1,4,1,0,1,2,1,5,1,2,2,1,2,1,1,3,1,3,2,6,3,1,1,3,3,4,2,3,4,1,2,0,0,1,0,0,1,0,3,2,0,1,0,2,0,0,0,1,0,1,0,1,0,0,0,0,0,1,2,0,0,0,1,0,0,0,0,0,1,0,0,0,0,0,0,0,0,0,0,0,0,2,0,0,0,0,0,0,0,0,0,0,0,0,0,1,0,0,0,0,0,0,0,0,0,0,0,0,0,0,0,0,0,0,0,0,0,0,0,0,0,0,0,0,0,0,0,0,0,0,0,0,0,0,0,0,0,0,0,0,0,0,0,0,0,0,0,0,0,0,0,0,0,0,0,0
1,0,0,0,0,0,0,0,0,0,1,0,0,1,0,0,1,1,1,1,1,0,1,0,3,2,5,2,1,5,2,2,3,2,3,1,4,2,1,2,0,5,5,4,4,1,2,0,2,1,4,5,0,2,7,2,5,4,2,1,2,2,2,1,4,0,0,2,2,1,0,2,1,1,1,0,0,0,2,0,0,2,0,0,0,0,0,1,0,2,0,0,0,1,1,1,1,1,0,0,1,0,0,1,0,0,2,0,2,0,0,0,0,0,1,1,1,0,0,0,0,0,1,0,0,0,0,0,0,0,0,0,0,0,0,0,0,0,0,0,0,0,0,0,0,0,0,0,0,0,0,0,0,0,0,0,0,0,0,0,0,0,0,0,0,0,0,0,0,0,0,0,0,0,0,0,0,0,0,0,0,0,0,0,0,0,0,0,0,0,0,0,0,0,0,0,0,0,0,0
1,0,0,0,1,0,0,0,0,0,0,0,0,0,0,1,0,1,1,1,0,2,2,1,4,1,1,3,3,1,3,3,2,2,2,0,3,2,7,2,2,3,2,3,5,0,3,3,4,5,4,4,5,4,2,3,1,2,0,1,4,4,1,4,1,3,0,0,1,2,1,4,3,1,0,1,1,0,0,2,0,3,0,1,1,3,1,2,0,0,1,1,0,0,1,1,1,0,0,0,0,0,1,0,0,0,1,0,0,0,1,0,0,0,0,0,0,0,0,1,0,0,1,0,0,0,0,0,0,0,0,0,0,0,0,0,0,0,0,0,0,0,0,0,0,0,0,0,0,0,0,0,0,0,0,0,0,0,0,0,0,0,0,0,0,0,0,0,0,0,0,0,0,0,0,0,0,0,0,0,0,0,0,0,0,0,0,0,0,0,0,0,0,0,0,0,0,0,0,0
0,0,0,0,0,0,0,0,2,0,1,0,0,0,0,1,0,0,1,0,1,2,1,0,1,3,1,3,1,3,2,2,2,2,1,3,1,2,2,4,3,6,3,3,2,2,6,2,2,4,0,3,3,2,2,1,5,2,2,1,3,1,3,0,3,1,2,3,1,0,0,1,2,1,1,2,2,0,2,2,2,0,0,0,1,1,1,0,0,2,1,2,1,1,1,0,0,0,1,1,0,0,0,0,0,1,0,0,0,0,0,0,0,0,0,0,0,0,0,0,0,0,0,0,0,0,0,0,0,0,1,0,0,0,0,0,0,0,0,0,0,0,0,0,0,0,0,0,0,0,0,0,0,0,0,0,0,0,0,0,0,0,0,0,0,0,0,0,0,0,0,0,0,0,0,0,0,0,0,0,0,0,0,0,0,0,0,0,0,0,0,0,0,0,0,0,0,0,0,0
1,0,0,0,0,0,0,0,0,0,0,1,0,0,1,0,0,2,1,0,0,0,2,0,1,3,4,0,3,2,3,1,2,2,4,5,3,4,3,3,2,4,3,5,4,1,3,3,9,4,0,7,4,6,2,2,4,1,0,2,5,4,0,1,2,2,4,1,2,2,2,0,4,3,1,1,1,2,1,2,0,1,0,1,1,1,1,0,0,0,1,1,0,0,0,0,0,1,0,0,0,0,0,1,0,0,0,0,0,0,1,0,1,0,2,1,0,0,0,0,0,0,0,0,0,0,0,0,0,0,0,0,0,0,0,0,0,0,0,0,0,0,0,0,0,0,0,0,0,0,0,0,0,0,0,0,0,0,0,0,0,0,0,0,0,0,0,0,0,0,0,0,0,0,0,0,0,0,0,0,0,0,0,0,0,0,0,0,0,0,0,0,0,0,0,0,0,0,0,0
0,0,0,0,0,0,0,0,1,0,0,0,0,0,0,0,0,0,1,0,1,1,0,4,2,1,3,1,1,3,4,1,1,2,0,3,1,2,5,6,3,3,2,2,1,6,3,3,3,4,4,1,2,2,3,2,4,6,3,1,1,6,2,1,0,0,1,2,3,2,2,2,1,3,4,1,1,1,2,0,0,1,3,2,0,0,0,1,0,0,0,0,0,1,0,0,0,0,0,0,0,0,0,0,0,0,0,1,0,1,0,1,0,0,0,0,0,0,1,0,0,0,0,0,0,0,0,0,0,0,0,0,0,0,0,0,0,0,0,0,0,0,0,0,0,0,0,0,0,0,0,0,0,0,0,0,1,0,0,0,0,0,0,0,0,0,0,0,0,0,0,0,0,0,0,0,0,0,0,0,0,0,0,0,0,0,0,0,0,0,0,0,0,0,0,0,0,0,0,0
0,0,0,0,0,0,0,0,0,0,0,1,1,0,1,2,0,0,0,2,1,0,1,1,0,0,1,2,1,3,1,7,4,3,2,5,4,2,2,5,1,1,1,2,6,5,3,1,5,0,4,5,3,3,2,3,2,1,6,0,1,0,3,2,2,0,1,2,1,4,2,1,1,1,0,1,1,1,1,1,0,0,1,1,1,1,0,1,0,0,0,0,0,0,0,0,0,0,0,0,0,0,0,0,0,0,0,1,0,0,1,0,0,0,1,0,0,0,0,0,0,0,0,0,0,0,0,0,0,0,0,0,1,0,0,0,0,0,0,0,0,0,0,0,0,0,0,0,0,0,0,0,0,0,0,0,0,0,0,0,0,0,0,0,0,0,0,0,0,0,0,0,0,0,0,0,0,0,0,0,0,0,0,0,0,0,0,0,0,0,0,0,0,0,0,0,0,0,0,0
0,1,0,0,0,0,0,0,1,0,0,0,0,1,0,1,1,1,0,0,1,2,1,1,1,1,3,1,2,2,1,1,3,4,2,0,0,3,2,2,1,2,3,3,5,2,0,3,2,2,3,1,0,3,3,1,1,2,0,2,0,2,1,2,2,3,2,3,4,0,1,3,0,0,0,3,1,2,1,0,2,1,1,1,1,0,0,1,1,0,0,2,0,0,0,0,0,0,0,0,0,1,0,1,0,0,0,0,0,0,0,0,0,0,1,0,0,0,0,0,0,0,0,0,0,0,0,0,0,0,0,0,0,0,0,1,0,0,0,0,0,0,0,0,0,0,0,0,0,0,0,0,0,0,0,0,0,0,0,0,0,0,0,0,0,0,0,0,0,0,0,0,0,0,0,0,0,0,0,0,0,0,0,0,0,0,0,0,0,0,0,0,0,0,0,0,0,0,0,0
1,0,0,0,0,1,0,2,1,0,1,0,1,1,0,0,1,1,1,2,1,0,1,1,1,4,0,3,1,2,3,1,1,3,2,6,4,4,0,4,4,4,1,2,6,0,4,2,0,1,1,4,2,2,3,3,4,0,0,4,3,3,1,2,0,2,2,2,2,0,1,4,0,1,1,2,2,0,2,0,0,2,0,0,2,0,1,0,1,1,0,0,0,0,0,0,0,0,0,0,0,0,0,0,0,0,0,0,0,0,1,0,0,0,0,0,1,0,0,0,0,0,1,0,0,0,0,0,0,0,0,1,0,0,0,0,0,0,0,0,0,0,0,0,1,0,0,0,0,0,0,0,0,0,0,0,0,0,0,0,0,0,0,0,0,0,0,0,0,0,0,0,0,0,0,0,0,0,0,0,0,0,0,0,0,0,0,0,0,0,0,0,0,0,0,0,0,0,0,0
0,0,0,0,0,0,0,0,0,0,0,0,0,1,0,0,0,0,3,0,0,1,0,0,1,1,1,4,2,1,1,0,3,4,2,1,1,4,1,3,2,2,2,5,4,2,4,7,4,2,3,2,1,1,1,1,1,2,2,1,1,3,0,2,3,2,2,2,3,1,0,5,0,1,1,1,1,0,0,0,1,0,0,1,1,0,0,0,1,1,0,0,0,0,0,0,0,0,0,0,0,1,0,0,0,0,0,0,0,1,1,0,0,0,0,0,0,0,0,0,0,0,0,0,0,0,0,0,0,0,0,0,0,0,0,0,0,0,0,0,0,0,0,0,0,0,0,0,0,0,0,0,0,0,0,0,0,0,0,0,0,0,0,0,0,0,0,0,0,0,0,0,0,0,0,0,0,0,0,0,0,0,0,0,0,0,0,0,0,0,0,0,0,0,0,0,0,0,0,0
1,0,0,0,0,0,0,1,1,0,0,1,1,0,0,1,0,0,1,0,1,2,2,0,2,0,0,1,3,2,2,1,3,5,1,3,3,2,1,2,1,8,0,4,1,1,3,2,2,3,2,3,2,0,3,3,1,1,1,5,1,4,6,2,2,2,1,1,4,1,0,3,2,1,2,1,0,0,1,0,1,1,0,0,1,1,1,0,0,0,1,1,0,0,0,1,0,0,0,0,1,0,0,0,0,0,0,0,0,0,1,0,0,0,0,0,0,0,0,0,0,0,0,0,0,0,0,0,0,0,0,0,0,0,0,0,0,0,0,0,0,0,0,0,0,0,0,0,0,0,0,0,0,0,0,0,0,0,0,0,0,0,0,0,0,0,0,0,0,0,0,0,0,0,0,0,0,0,0,0,0,0,0,0,0,0,0,0,0,0,0,0,0,0,0,0,0,0,0,0
0,0,0,0,0,0,0,0,0,0,1,0,1,1,0,0,1,1,0,0,2,0,1,0,1,4,2,2,1,3,5,3,4,2,2,3,6,1,4,3,6,1,1,5,2,6,3,1,4,1,0,2,3,2,1,2,3,2,3,3,4,5,3,1,2,3,3,0,2,2,0,0,2,1,1,1,1,0,0,1,0,1,1,0,0,0,1,1,0,1,0,0,0,0,1,0,0,0,0,0,0,0,0,0,0,0,0,0,0,0,0,0,0,0,0,0,0,0,0,0,0,0,0,0,0,1,0,0,0,0,0,0,0,0,0,0,1,0,0,0,0,0,0,0,0,0,0,0,0,0,0,0,0,0,0,0,0,0,1,0,0,0,0,0,0,0,0,0,0,0,0,0,0,0,0,0,0,0,0,0,0,0,0,0,0,0,0,0,0,0,0,0,0,0,0,0,0,0,0,0
0,0,0,0,0,0,0,0,0,0,0,0,0,0,0,0,0,0,2,1,2,0,0,1,0,2,1,0,3,1,2,3,2,0,1,0,0,0,1,2,3,2,3,3,5,2,1,2,1,1,1,3,4,1,2,2,4,0,0,2,0,1,0,2,2,1,0,1,0,2,0,2,1,0,0,0,1,0,0,2,0,0,0,1,2,0,0,0,0,0,0,0,1,0,0,0,0,0,0,0,0,0,1,0,0,0,1,0,0,0,0,0,0,1,0,0,0,0,0,0,0,0,0,0,0,0,0,2,0,0,0,0,0,0,0,0,0,1,0,0,0,0,0,0,0,0,0,0,0,0,0,0,0,0,0,0,0,0,0,0,0,0,0,0,0,0,0,0,0,0,0,0,0,0,0,0,0,0,0,0,0,0,0,0,0,0,0,0,0,0,0,0,0,0,0,0,0,0,0,0
1,0,0,0,0,0,0,0,0,1,0,0,0,0,0,0,0,1,1,1,0,1,0,1,1,3,4,1,0,2,0,0,2,3,2,3,3,2,2,0,3,3,1,5,1,3,0,0,1,0,2,1,4,2,1,0,3,3,3,4,0,3,3,1,5,2,2,2,1,2,1,1,1,0,1,1,2,1,0,1,0,0,1,0,0,0,1,1,0,1,1,0,0,0,0,0,0,0,2,0,1,1,0,0,0,0,0,0,0,0,0,0,0,0,1,0,0,0,0,0,0,0,1,0,0,0,0,0,0,0,0,0,0,0,0,0,1,0,0,0,0,0,0,0,0,0,0,0,0,0,0,0,0,0,0,0,0,0,0,0,0,0,0,0,0,0,0,0,0,0,0,0,0,0,0,0,0,0,0,0,0,0,0,0,0,0,0,0,0,0,0,0,0,0,0,0,0,0,0,0
2,0,0,0,0,0,0,0,1,1,0,1,0,0,0,0,0,0,2,0,1,2,1,1,2,1,0,0,1,1,3,0,4,3,3,3,2,1,2,2,3,3,2,1,4,5,2,1,2,1,3,3,2,1,1,2,4,3,1,1,0,0,3,1,2,3,2,3,1,2,0,1,1,2,2,1,1,2,1,0,1,0,0,0,1,0,1,1,1,3,0,0,0,1,1,1,0,0,0,0,0,0,0,0,0,0,0,0,0,0,0,0,0,0,0,0,0,0,0,0,0,0,0,0,0,0,0,2,0,0,0,0,0,0,0,0,0,0,0,0,0,0,0,0,0,0,0,0,0,0,0,0,0,0,0,0,0,0,0,0,0,0,0,0,0,0,0,0,0,0,0,0,0,0,0,0,0,0,0,0,0,0,0,0,0,0,0,0,0,0,0,0,0,0,0,0,0,0,0,0
1,0,0,0,0,0,0,0,0,0,0,0,0,0,0,1,1,0,0,1,1,2,0,0,0,0,0,0,3,0,2,2,3,3,3,1,0,2,0,1,1,5,1,3,2,3,3,3,3,2,5,1,4,1,2,2,4,1,3,4,1,1,0,5,1,1,0,0,4,0,0,1,1,0,2,1,1,0,3,0,0,0,2,0,0,0,0,0,3,0,0,1,0,0,1,0,0,0,0,0,0,0,1,0,0,0,0,0,0,0,0,0,1,0,0,0,0,0,0,0,0,0,0,0,0,0,0,0,0,0,0,0,0,0,0,0,0,0,0,0,0,0,0,0,0,0,0,0,0,0,0,0,0,0,0,0,0,0,0,0,0,0,0,0,0,0,0,0,0,0,0,0,0,0,0,0,0,0,0,0,0,0,0,0,0,0,0,0,0,0,0,0,0,0,0,0,0,0,0,0
0,0,0,0,0,0,0,0,0,0,0,0,0,0,0,0,0,2,0,1,1,1,0,0,1,0,3,2,1,1,1,3,0,2,4,0,1,1,1,2,3,3,1,3,0,2,5,1,4,0,1,5,2,2,0,5,4,0,3,3,3,2,2,0,0,1,0,0,2,1,0,0,1,0,2,3,1,2,1,0,1,0,1,0,0,0,1,0,0,0,1,0,1,1,0,0,0,0,1,0,1,0,0,0,0,0,0,0,0,0,0,0,0,0,0,0,1,0,0,0,0,0,0,0,0,0,0,0,0,0,0,0,0,0,0,0,0,0,0,0,0,0,0,0,0,0,0,0,0,0,0,0,0,0,0,0,0,0,0,0,0,0,0,0,0,0,0,0,0,0,0,0,0,0,0,0,0,0,0,0,0,0,0,0,0,0,0,0,0,0,0,0,0,0,0,0,0,0,0,0
0,1,0,0,0,0,0,0,0,0,0,0,0,0,0,0,0,0,0,1,1,1,0,0,0,0,1,2,1,0,2,2,6,2,2,0,3,1,1,1,3,2,0,2,3,0,4,1,1,0,1,0,1,1,3,3,3,2,1,2,1,1,2,4,4,1,3,2,2,1,0,2,3,3,3,1,0,3,1,0,1,2,0,1,1,0,1,0,0,0,1,2,0,0,0,1,1,0,0,0,0,0,0,0,1,0,0,1,0,0,0,1,0,0,0,0,0,0,1,0,0,0,0,0,0,0,0,0,0,0,0,0,0,0,0,0,0,0,0,0,0,0,0,0,0,0,0,0,0,0,0,0,0,0,0,0,0,0,0,0,0,0,0,0,0,0,0,0,0,0,0,0,0,0,0,0,0,0,0,0,0,0,0,0,0,0,0,0,0,0,0,0,0,0,0,0,0,0,0,0
0,0,0,1,0,0,0,1,2,0,0,0,1,0,1,1,0,1,2,0,2,0,1,2,0,3,1,1,3,0,3,1,0,2,1,1,2,1,3,1,1,2,1,2,4,4,1,5,5,0,1,1,0,1,3,0,2,0,5,1,0,2,0,0,2,1,0,0,0,2,0,1,2,1,2,2,1,1,1,0,0,0,0,2,2,0,1,0,0,0,1,0,0,0,0,0,0,0,0,0,0,1,0,1,2,0,1,0,0,0,0,0,0,0,0,0,0,0,0,0,0,0,0,0,0,0,0,0,0,0,0,0,0,0,0,0,0,0,0,0,0,1,0,0,0,0,0,0,0,0,0,0,0,0,0,0,0,0,0,0,0,0,0,0,0,0,0,0,0,0,0,0,0,0,0,0,0,0,0,0,0,0,0,0,0,0,0,0,0,0,0,0,0,0,0,0,0,0,0,0
2,0,0,0,1,0,0,0,0,0,0,0,0,1,0,1,0,0,0,1,0,0,1,0,1,0,2,3,0,1,2,1,3,4,2,1,4,5,4,1,3,0,3,0,3,1,3,2,1,2,3,0,3,1,1,1,2,2,2,2,2,1,3,2,1,1,0,1,0,2,2,2,0,2,1,3,1,0,0,1,0,1,1,2,0,0,1,0,1,0,0,0,0,1,0,0,0,0,0,0,0,0,0,0,0,0,0,0,0,0,0,0,0,0,0,0,0,0,0,0,0,0,0,0,0,0,0,0,0,0,0,0,0,0,0,0,0,0,0,0,0,0,0,0,0,0,0,0,0,0,0,0,0,0,0,0,0,0,0,0,0,0,0,0,0,0,0,0,0,0,0,0,0,0,0,0,0,0,0,0,0,0,0,0,0,0,0,0,0,0,0,0,0,0,0,0,0,0,0,0
0,0,0,0,0,0,0,0,0,0,0,0,0,0,0,0,0,1,1,0,0,0,0,1,2,3,0,2,3,3,1,0,4,1,1,1,4,1,1,6,1,2,2,0,0,2,0,1,1,1,4,3,1,1,1,2,1,0,1,1,0,0,2,0,2,2,1,1,0,1,2,2,0,2,2,0,0,1,2,1,0,0,1,0,0,0,0,0,0,0,0,0,0,0,0,0,0,0,0,0,0,1,0,0,0,0,0,0,0,0,0,0,0,0,0,0,0,0,0,0,0,0,0,0,0,0,0,0,0,0,0,0,0,0,0,0,0,0,0,0,0,0,0,0,0,0,0,0,0,0,0,0,0,0,0,0,0,0,0,0,0,0,0,0,0,0,0,0,0,0,0,0,0,0,0,0,0,0,0,0,0,0,0,0,0,0,0,0,0,0,0,0,0,0,0,0,0,0,0,0
0,0,0,0,0,0,0,1,1,0,0,1,0,0,0,0,0,0,0,0,0,0,0,2,1,0,3,0,2,1,0,2,1,4,2,3,3,1,1,4,2,2,1,0,2,1,1,2,0,1,3,0,0,0,4,1,0,1,5,3,0,1,2,0,3,1,2,2,3,0,0,2,0,2,0,0,0,0,0,0,1,2,0,1,0,0,0,0,0,0,0,0,0,0,0,0,1,0,1,0,0,0,0,1,1,0,0,0,0,0,0,0,0,0,1,0,1,0,0,0,0,0,0,0,0,0,1,1,0,0,0,0,0,0,0,0,0,0,0,0,0,1,0,0,0,0,0,0,0,0,0,0,0,0,0,0,0,0,0,0,0,0,0,0,0,0,0,0,0,0,0,0,0,0,0,0,0,0,0,0,0,0,0,0,0,0,0,0,0,0,0,0,0,0,0,0,0,0,0,0
0,0,0,0,0,0,0,0,1,0,1,0,1,0,0,3,0,1,1,0,0,0,1,0,0,1,2,2,0,4,1,2,0,1,4,2,1,1,2,4,4,2,2,0,2,2,0,2,2,0,0,0,2,3,2,2,6,3,1,2,1,1,3,1,0,0,0,1,1,1,1,1,0,2,0,0,0,1,1,0,1,0,1,0,0,1,0,0,1,0,1,0,0,0,0,0,0,0,0,0,0,0,0,0,0,0,0,0,0,1,0,0,1,0,0,0,0,0,0,0,0,0,0,0,0,0,0,0,0,0,0,0,0,0,0,0,0,0,0,0,0,0,0,0,0,0,0,0,0,0,0,0,0,0,0,0,0,0,0,0,0,0,0,0,0,0,0,0,0,0,0,0,0,0,0,0,0,0,0,0,0,0,0,0,0,0,0,0,0,0,0,0,0,0,0,0,0,0,0,0
1,0,0,0,0,0,0,0,0,0,1,0,0,0,0,0,0,1,0,1,0,1,1,1,1,2,1,1,1,1,0,2,0,3,0,1,0,1,1,0,2,1,1,0,1,1,1,0,1,1,4,0,1,2,1,2,0,3,0,0,1,1,1,0,2,1,0,1,1,0,1,0,0,1,0,2,2,0,0,1,0,0,0,1,0,0,1,0,0,0,0,0,0,0,0,0,1,1,1,0,0,0,0,0,0,1,0,0,0,1,0,0,0,0,0,0,0,0,0,0,0,0,0,0,0,0,1,0,0,0,0,0,0,0,0,0,0,0,0,0,0,0,0,0,0,0,0,0,0,0,0,0,0,0,0,0,0,0,0,0,0,0,0,0,0,0,0,0,0,0,0,0,0,0,0,0,0,0,0,0,0,0,0,0,0,0,0,0,0,0,0,0,0,0,0,0,0,0,0,0
0,0,0,0,0,0,0,0,0,0,1,0,0,0,0,1,1,0,1,1,2,1,1,1,1,0,4,1,1,2,0,1,4,1,1,2,1,0,0,0,1,3,1,2,1,0,1,2,1,3,2,2,0,5,1,0,0,1,2,4,1,0,2,1,0,1,2,0,0,3,1,1,0,0,0,0,1,1,1,0,0,0,1,0,0,0,1,2,0,0,0,0,0,1,0,0,0,0,0,0,1,0,0,1,0,0,0,0,1,0,0,0,0,0,0,0,0,0,0,0,0,1,0,0,0,0,0,0,0,0,0,0,0,0,0,0,0,0,0,0,0,0,0,0,0,0,0,0,0,0,0,0,0,0,0,0,0,0,0,0,0,1,0,0,0,0,0,0,0,0,0,0,0,0,0,0,0,0,0,0,0,0,0,0,0,0,0,0,0,0,0,0,0,0,0,0,0,0,0,0
0,0,0,0,0,0,0,0,1,0,0,1,0,0,0,0,0,0,0,0,0,1,0,0,1,1,0,2,0,1,2,5,0,1,0,2,0,2,0,2,1,2,4,1,4,1,2,4,0,2,1,3,1,0,1,0,2,1,1,1,1,0,2,1,1,0,0,1,0,1,1,0,0,1,0,1,0,0,1,0,1,1,0,0,0,0,0,0,0,0,0,0,2,0,0,1,0,0,0,0,0,0,0,0,0,0,0,0,0,0,0,0,0,0,0,0,0,0,0,0,0,0,0,0,0,0,0,0,0,0,0,0,0,0,0,0,0,0,0,0,0,0,0,0,0,0,0,0,0,0,0,0,0,0,0,0,0,0,0,0,0,0,0,0,0,0,0,0,0,0,0,0,0,0,0,0,0,0,0,0,0,0,0,0,0,0,0,0,0,0,0,0,0,0,0,0,0,0,0,0
1,0,0,0,0,0,0,0,0,0,1,0,0,1,0,0,0,0,1,2,0,0,0,1,1,1,0,1,0,4,2,1,1,1,3,2,0,2,1,1,0,1,3,1,1,5,3,0,2,2,1,3,1,0,1,1,1,0,0,2,0,2,0,0,5,0,1,1,0,1,2,1,2,2,1,1,2,1,0,1,1,1,0,0,0,1,1,1,0,0,0,0,0,0,0,0,0,0,0,0,0,0,0,0,0,0,0,1,0,0,0,0,0,0,0,0,0,0,0,0,0,0,0,0,0,0,0,0,0,0,0,0,0,0,0,0,0,0,0,0,0,0,0,0,0,0,0,0,0,0,0,0,0,0,0,0,0,0,0,0,0,0,0,0,0,0,0,0,0,0,0,0,0,0,0,0,0,0,0,0,0,0,0,0,0,0,0,0,0,0,0,0,0,0,0,0,0,0,0,0
1,0,0,0,0,1,0,0,0,0,1,0,0,0,0,0,1,0,0,0,0,1,0,0,0,1,0,3,1,1,1,2,1,2,2,0,2,2,1,0,3,1,2,1,1,1,3,3,1,5,6,3,1,1,1,2,1,2,0,1,0,0,0,1,0,1,1,0,1,2,0,3,1,1,2,1,0,0,0,0,0,0,0,1,0,0,0,0,0,0,1,0,0,0,1,0,1,0,0,1,0,0,0,0,0,0,0,0,0,0,0,0,0,0,0,0,0,0,0,0,0,0,0,0,0,0,0,0,0,0,0,0,0,0,0,0,0,0,0,0,0,0,0,0,0,0,0,0,0,0,0,0,0,0,0,0,0,0,0,0,0,0,0,0,0,0,0,0,0,0,0,0,0,0,0,0,0,0,0,0,0,0,0,0,0,0,0,0,0,0,0,0,0,0,0,0,0,0,0,0
0,0,0,0,0,0,0,0,0,0,0,0,1,0,0,0,2,0,0,1,0,2,0,0,1,0,3,2,1,1,1,1,3,0,2,3,0,0,0,0,1,2,1,2,3,1,1,2,0,2,2,1,0,2,0,2,1,0,3,2,1,0,0,0,2,0,0,0,1,0,1,0,1,0,1,1,0,1,1,1,0,0,0,0,1,1,0,0,0,1,0,0,0,1,0,0,0,0,0,0,0,0,0,0,0,0,0,0,0,0,0,1,0,0,0,0,0,0,0,1,0,0,0,0,0,0,0,0,0,0,0,0,0,0,0,0,0,0,0,0,0,0,0,0,0,0,0,0,0,0,0,0,0,0,0,0,0,0,0,0,0,0,0,0,0,0,0,0,0,0,0,0,0,0,0,0,0,0,0,0,0,0,0,0,0,0,0,0,0,0,0,0,0,0,0,0,0,0,0,0
0,0,0,0,1,0,0,0,2,1,1,0,1,0,0,0,0,0,0,2,1,2,0,1,2,0,1,0,0,0,2,0,3,2,1,0,0,2,0,1,1,1,3,1,1,2,2,2,2,1,0,3,6,2,1,1,2,3,2,0,3,2,0,1,0,0,1,0,0,1,0,1,0,0,0,0,1,0,1,0,0,0,0,1,0,0,0,0,0,0,0,0,0,0,0,0,0,0,1,0,0,1,0,0,0,1,0,1,0,0,0,0,0,0,0,0,0,1,0,0,0,0,0,0,0,0,0,0,0,1,0,0,0,0,0,0,0,0,0,0,0,0,0,0,0,0,0,0,0,0,0,0,0,0,0,0,0,0,0,0,0,0,0,0,0,0,0,0,0,0,0,0,0,0,0,0,0,0,0,0,0,0,0,0,0,0,0,0,0,0,0,0,0,0,0,0,0,0,0,0
0,0,0,0,0,0,0,0,2,0,0,0,0,0,0,0,1,0,0,0,0,0,0,0,0,1,1,0,1,1,0,0,0,1,0,1,1,1,1,2,2,2,1,3,0,2,0,2,1,2,1,1,4,2,0,0,1,1,1,2,1,1,0,1,1,0,3,0,4,1,2,0,0,1,0,2,1,1,2,2,0,0,0,0,0,1,0,1,0,0,0,0,0,0,0,0,0,0,0,0,1,0,0,0,0,0,0,0,0,1,0,0,0,0,0,0,0,0,0,0,0,0,0,0,0,0,0,0,0,0,0,0,0,0,0,0,0,0,0,0,0,0,0,0,0,0,0,0,0,0,0,0,0,0,0,0,0,0,0,0,0,0,0,0,0,0,0,0,0,0,0,0,0,0,0,0,0,0,0,0,0,0,0,0,0,0,0,0,0,0,0,0,0,0,0,0,0,0,0,0
0,0,0,0,0,0,0,0,0,0,1,1,0,0,0,1,0,1,0,0,1,0,0,1,3,0,0,0,1,1,0,0,1,0,1,1,1,2,2,2,0,0,1,2,1,2,4,1,1,3,5,2,3,2,0,1,3,3,0,0,4,0,0,0,0,0,4,0,2,1,0,3,0,3,1,0,0,1,0,1,0,0,0,0,0,1,0,0,0,0,0,0,0,0,0,0,0,0,0,0,0,0,0,0,0,0,0,0,1,0,0,0,0,0,0,0,0,0,1,0,0,0,0,0,0,0,0,0,0,0,0,0,0,0,0,0,0,0,0,0,0,0,0,0,0,0,0,0,0,0,0,0,0,0,0,0,0,0,0,0,0,0,0,0,0,0,0,0,0,0,0,0,0,0,0,0,0,0,0,0,0,0,0,0,0,0,0,0,0,0,0,0,0,0,0,0,0,0,0,0
0,0,0,0,0,0,0,0,0,0,0,0,0,0,0,2,0,0,0,0,0,1,0,1,0,0,2,1,2,2,0,1,0,0,0,1,0,0,0,1,0,1,2,2,0,3,3,1,0,3,1,2,0,0,3,2,2,0,0,0,0,1,0,1,0,0,1,0,2,1,1,1,0,0,0,0,0,1,0,0,1,0,0,0,0,0,0,0,0,0,0,0,0,0,0,2,0,1,0,0,0,0,2,0,0,1,0,1,0,0,0,0,0,0,0,0,0,0,0,0,0,0,0,0,0,0,0,0,0,0,0,0,0,0,0,0,0,0,0,0,0,0,0,0,0,0,0,0,0,0,0,0,0,0,0,0,0,0,0,0,0,0,0,0,0,0,0,0,0,0,0,0,0,0,0,0,0,0,0,0,0,0,0,0,0,0,0,0,0,0,0,0,0,0,0,0,0,0,0,0
0,0,0,0,0,0,0,0,0,0,0,0,2,0,0,1,0,0,0,0,0,2,0,1,1,1,0,1,1,0,3,0,2,1,1,1,3,5,4,0,0,1,0,0,4,1,1,2,4,0,1,1,1,1,2,0,0,4,2,2,2,0,3,1,3,2,1,2,1,3,1,1,0,0,1,0,1,0,0,1,0,0,0,0,0,0,1,0,1,1,1,0,0,0,0,0,1,0,0,1,0,0,0,0,0,0,0,0,0,0,1,0,0,0,0,0,0,0,0,0,0,0,0,0,0,0,0,0,0,0,0,0,0,0,0,0,0,0,0,0,0,0,0,0,0,0,0,0,0,0,0,0,0,0,0,0,0,0,0,0,0,0,0,0,0,0,0,0,0,0,0,0,0,0,0,0,0,0,0,0,0,0,0,0,0,0,0,0,0,0,0,0,0,0,0,0,0,0,0,0
0,0,0,1,0,1,0,0,0,0,0,1,0,1,0,1,1,1,0,1,1,2,0,0,2,3,3,0,2,1,1,1,1,0,4,3,1,2,1,1,3,3,1,2,1,0,3,2,2,1,1,2,2,0,2,0,1,0,3,0,0,2,0,2,2,0,0,0,0,0,2,2,0,1,0,0,0,1,1,0,1,1,1,0,0,0,0,1,0,0,1,0,0,0,1,0,0,0,1,0,0,0,0,0,0,0,0,0,0,0,0,0,0,0,0,0,0,0,0,0,0,0,0,0,0,0,0,0,0,0,0,0,0,0,0,0,0,0,0,0,0,0,0,0,0,0,0,0,0,0,0,0,0,0,0,0,0,0,0,0,0,0,0,0,0,0,0,0,0,0,0,0,0,0,0,0,0,0,0,0,0,0,0,0,0,0,0,0,0,0,0,0,0,0,0,0,0,0,0,0
0,0,0,0,0,0,0,0,0,0,0,0,0,0,0,0,1,1,0,1,0,0,0,1,0,2,3,0,1,1,1,1,1,0,0,1,3,1,1,1,0,3,0,0,3,2,2,3,1,1,2,4,0,2,0,1,2,2,0,0,1,0,0,4,1,1,1,1,0,1,1,0,0,2,0,0,0,0,0,0,0,0,0,0,0,0,1,1,0,0,0,0,0,0,0,0,0,0,0,0,1,0,0,0,0,0,1,0,0,0,0,0,0,0,0,0,0,0,0,0,0,0,0,0,0,0,0,0,0,0,0,0,0,0,0,0,0,0,0,0,0,0,0,0,0,0,0,0,0,0,0,0,0,0,0,0,0,0,0,0,0,0,0,0,0,0,0,0,0,0,0,0,0,0,0,0,0,0,0,0,0,0,0,0,0,0,0,0,0,0,0,0,0,0,0,0,0,0,0,0
0,0,0,0,0,0,0,0,0,0,0,1,0,1,0,1,1,1,0,1,0,0,0,2,1,1,0,0,1,0,0,1,2,2,1,0,3,0,0,0,0,0,0,2,0,1,0,2,0,1,0,1,1,1,4,0,0,0,0,0,1,1,0,3,0,1,1,1,0,2,1,0,0,0,0,1,0,2,0,2,0,0,1,0,0,1,0,0,0,0,0,0,0,0,0,0,0,0,0,1,0,0,0,0,0,1,0,1,0,0,0,0,0,0,0,0,0,0,0,0,0,0,0,0,0,0,0,0,0,0,0,0,0,0,0,0,0,0,0,0,0,0,0,0,0,0,0,0,0,0,0,0,0,0,0,0,0,0,0,0,0,0,0,0,0,0,0,0,0,0,0,0,0,0,0,0,0,0,0,0,0,0,0,0,0,0,0,0,0,0,0,0,0,0,0,0,0,0,0,0
2,0,0,0,0,0,0,0,1,0,0,0,0,0,0,0,0,0,0,0,0,0,0,0,0,1,1,0,0,2,1,2,0,0,0,2,1,1,0,0,0,1,1,0,0,0,1,1,0,1,1,1,1,0,3,0,3,0,0,0,1,2,1,1,0,1,0,1,0,1,0,1,0,0,1,0,0,0,0,0,0,1,0,0,0,2,0,0,0,0,0,0,0,0,0,0,0,0,0,0,0,0,0,0,0,0,0,0,0,0,0,0,0,0,0,0,0,0,0,0,0,0,0,0,0,0,0,0,0,0,0,0,0,0,0,0,0,0,0,0,0,0,0,0,0,0,0,0,0,0,0,0,0,0,0,0,0,0,0,0,0,0,0,0,0,0,0,0,0,0,0,0,0,0,0,0,0,0,0,0,0,0,0,0,0,0,0,0,0,0,0,0,0,0,0,0,0,0,0,0
0,0,0,0,0,0,0,0,0,0,0,0,0,0,0,1,0,0,0,0,0,0,0,0,0,0,1,0,1,0,0,1,0,1,0,0,1,0,0,2,1,1,2,2,3,1,2,2,0,1,1,3,4,0,1,1,1,0,2,1,1,0,1,1,1,0,0,0,1,1,0,1,0,0,1,0,1,0,0,0,0,0,0,0,0,0,0,0,0,0,0,0,0,0,0,0,0,0,0,0,0,0,0,0,0,0,0,0,0,1,0,0,0,0,0,0,0,0,0,0,0,0,0,0,0,0,0,0,0,0,0,0,0,0,0,0,0,0,0,0,0,0,0,0,0,0,0,0,0,0,0,0,0,0,0,0,0,0,0,0,0,0,0,0,0,0,0,0,0,0,0,0,0,0,0,0,0,0,0,0,0,0,0,0,0,0,0,0,0,0,0,0,0,0,0,0,0,0,0,0
0,0,0,0,1,0,0,0,0,0,0,0,0,0,0,0,0,0,0,1,0,1,0,0,0,1,3,0,1,2,0,0,0,0,1,0,1,2,1,0,1,1,1,1,0,2,1,2,0,0,0,3,0,1,1,2,4,1,1,0,1,0,0,1,0,2,0,0,1,0,0,1,0,0,0,1,0,1,1,0,1,1,0,0,1,1,0,0,0,0,0,0,0,0,0,0,0,0,0,0,0,0,1,0,0,0,1,0,0,0,0,0,0,0,0,0,0,1,0,0,0,0,0,0,0,0,0,0,0,0,0,0,0,0,0,0,0,0,0,0,0,0,0,0,0,0,0,0,0,0,0,0,0,0,0,0,0,0,0,0,0,0,0,0,0,0,0,0,0,0,0,0,0,0,0,0,0,0,0,0,0,0,0,0,0,0,0,0,0,0,0,0,0,0,0,0,0,0,0,0
0,0,0,1,0,0,0,0,0,0,0,1,1,0,0,0,1,1,0,1,0,0,1,0,1,2,2,0,1,1,1,1,2,1,0,1,0,3,2,0,2,1,1,2,1,1,2,2,2,2,0,1,4,2,0,1,1,1,1,1,2,0,1,0,3,2,0,1,2,0,1,0,1,0,2,0,0,1,0,0,1,1,1,0,0,1,0,0,0,0,0,0,0,0,0,0,1,0,0,0,0,1,0,0,0,0,1,0,0,0,0,0,0,0,0,0,0,0,0,0,0,0,0,0,0,0,0,0,0,0,0,0,0,0,0,0,0,0,0,0,0,0,0,0,0,0,0,0,0,0,0,0,0,0,0,0,0,0,0,0,0,0,0,0,0,0,0,0,0,0,0,0,0,0,0,0,0,0,0,0,0,0,0,0,0,0,0,0,0,0,0,0,0,0,0,0,0,0,0,0
0,1,0,0,0,0,0,0,0,0,0,0,2,0,0,2,0,0,0,0,0,0,0,0,0,2,0,0,1,0,3,1,1,0,2,3,1,0,0,2,0,0,1,2,1,1,1,0,0,1,2,2,1,1,1,2,0,1,2,1,2,0,0,1,1,0,0,0,0,1,1,1,1,1,0,0,0,0,0,1,2,1,0,0,0,0,0,0,0,0,0,0,0,0,0,1,0,0,0,0,0,0,0,0,0,0,1,0,0,0,0,0,0,0,0,0,0,0,0,1,0,0,0,0,0,0,0,0,0,0,0,0,0,0,0,0,0,0,0,0,0,0,0,0,0,0,0,0,0,0,0,0,0,0,0,0,0,0,0,0,0,0,0,0,0,0,0,0,0,0,0,0,0,0,0,0,0,0,0,0,0,0,0,0,0,0,0,0,0,0,0,0,0,0,0,0,0,0,0,0
1,0,0,0,0,0,0,0,0,1,0,0,0,1,0,1,0,0,0,1,1,1,0,2,0,0,1,1,1,0,0,0,1,1,2,0,1,0,1,3,0,0,0,1,0,1,1,1,1,0,0,0,1,0,1,0,1,0,1,1,2,2,0,1,1,3,0,0,1,0,2,0,0,0,0,0,1,0,0,1,0,1,0,0,0,0,0,0,0,0,0,0,0,0,0,0,0,0,0,0,0,0,1,0,0,0,0,0,0,0,2,0,0,0,0,0,0,0,0,1,0,0,0,0,0,0,1,0,0,0,0,0,0,0,0,0,0,0,0,0,0,0,0,0,0,0,0,0,0,0,0,0,0,0,0,0,0,0,0,0,0,0,0,0,0,0,0,0,0,0,0,0,0,0,0,0,0,0,0,0,0,0,0,0,0,0,0,0,0,0,0,0,0,0,0,0,0,0,0,0
0,0,0,0,0,0,0,0,0,0,0,0,0,0,0,0,0,0,0,0,1,1,0,0,0,1,3,0,0,1,1,2,0,0,2,1,0,2,0,0,0,0,1,0,2,1,1,0,2,1,1,1,2,0,0,0,1,1,0,2,0,0,0,0,0,0,0,2,0,2,1,1,0,0,0,0,0,1,0,0,0,0,1,0,0,1,0,0,0,0,0,0,1,0,0,0,0,1,1,0,0,0,0,0,0,0,0,0,0,0,0,0,0,0,0,0,0,0,0,0,0,0,0,0,0,0,0,0,0,0,0,0,0,0,0,0,0,0,0,0,0,0,0,0,0,0,0,0,0,0,0,0,0,0,0,0,0,0,0,0,0,0,0,0,0,0,0,0,0,0,0,0,0,0,0,0,0,0,0,0,0,0,0,0,0,0,0,0,0,0,0,0,0,0,0,0,0,0,0,0
0,0,0,0,0,0,0,0,1,0,0,0,0,0,0,0,0,0,0,1,0,0,2,1,0,0,0,0,1,0,0,0,1,1,0,1,0,0,1,0,0,0,1,2,0,0,0,1,1,0,1,1,1,0,0,1,1,0,0,0,0,1,1,0,0,0,0,0,0,1,1,0,0,2,0,0,0,0,0,0,0,0,0,1,0,1,0,0,0,0,0,1,0,1,0,1,0,0,0,0,0,0,0,0,0,0,0,0,0,0,0,0,0,0,0,0,0,0,0,0,0,0,0,0,0,0,0,0,0,0,0,0,0,0,1,0,0,0,0,0,0,0,0,0,0,0,0,0,0,0,0,0,0,0,0,0,0,0,0,0,0,0,0,0,0,0,0,0,0,0,0,0,0,0,0,0,0,0,0,0,0,0,0,0,0,0,0,0,0,0,0,0,0,0,0,0,0,0,0,0
0,0,0,0,0,0,0,0,1,0,0,0,0,1,0,0,0,0,0,0,0,0,0,0,0,1,1,0,1,1,2,1,0,0,3,1,0,1,1,0,2,1,2,1,0,2,0,2,2,2,0,0,1,0,1,0,0,1,0,1,0,0,1,0,0,2,0,1,0,0,0,0,0,1,0,1,0,1,0,0,0,1,0,0,0,1,0,0,0,0,0,0,0,1,0,0,0,0,0,0,0,0,0,0,0,0,0,0,0,0,0,0,0,0,0,0,0,0,0,0,0,0,0,0,0,0,0,0,0,0,0,0,0,0,0,0,0,0,0,0,0,0,0,0,0,0,0,0,0,0,0,0,0,0,0,0,0,0,0,0,0,0,0,0,0,0,0,0,0,0,0,0,0,0,0,0,0,0,0,0,0,0,0,0,0,0,0,0,0,0,0,0,0,0,0,0,0,0,0,0
0,0,0,0,0,0,0,0,0,0,1,0,0,1,1,0,0,0,1,0,3,1,0,0,0,2,0,0,2,1,0,1,2,1,2,1,0,1,0,0,0,1,1,2,2,0,0,3,2,0,1,1,0,1,1,1,0,1,2,1,0,1,0,2,0,1,1,1,0,0,3,0,0,0,0,0,0,0,0,0,0,0,1,0,0,0,0,1,0,0,0,0,0,0,0,0,0,0,0,0,0,0,0,0,0,0,0,0,0,0,0,0,0,0,0,0,0,0,0,0,0,0,0,0,0,0,0,0,0,0,0,0,0,0,0,0,0,0,0,0,0,0,0,0,0,0,0,0,0,0,0,0,0,0,0,0,0,0,0,0,0,0,0,0,0,0,0,0,0,0,0,0,0,0,0,0,0,0,0,0,0,0,0,0,0,0,0,0,0,0,0,0,0,0,0,0,0,0,0,0
0,0,0,0,0,0,0,0,0,0,0,0,0,0,0,1,1,0,1,0,1,0,0,0,0,0,0,0,0,0,1,0,1,1,1,0,0,1,0,0,0,0,0,0,0,0,1,1,1,0,1,3,1,0,1,1,0,1,1,1,0,0,1,2,0,0,0,0,2,1,0,0,0,0,2,0,0,0,0,0,0,0,0,0,0,0,0,0,0,1,0,0,0,0,0,0,0,0,0,0,0,0,0,0,0,0,0,0,0,0,0,0,0,0,0,0,0,0,0,0,0,0,0,0,0,0,0,0,0,0,0,0,0,0,0,0,0,0,0,0,0,0,0,0,0,0,0,0,0,0,0,0,0,0,0,0,0,0,0,0,0,0,0,0,0,0,0,0,0,0,0,0,0,0,0,0,0,0,0,0,0,0,0,0,0,0,0,0,0,0,0,0,0,0,0,0,0,0,0,0
0,0,0,0,0,0,0,0,0,2,0,0,0,1,0,0,0,0,0,0,2,1,1,0,0,0,0,0,0,4,2,1,0,1,3,0,2,3,1,2,1,0,1,3,0,0,1,3,0,1,1,2,1,0,2,0,0,0,0,0,0,0,0,0,1,2,0,0,1,1,0,1,1,1,1,0,1,0,0,0,0,0,0,1,0,0,0,0,1,0,0,0,0,0,0,0,0,1,0,0,0,0,0,0,0,0,0,0,0,0,0,0,0,0,0,0,0,0,0,0,0,0,0,0,0,0,0,0,0,0,0,0,0,0,0,0,0,0,0,0,0,0,0,0,0,0,0,0,0,0,0,0,0,0,0,0,0,0,0,0,0,0,0,0,0,0,0,0,0,0,0,0,0,0,0,0,0,0,0,0,0,0,0,0,0,0,0,0,0,0,0,0,0,0,0,0,0,0,0,0
0,0,0,0,0,0,0,1,0,0,2,0,0,0,0,0,0,1,0,0,1,0,0,0,0,1,0,1,0,1,1,2,0,2,0,0,0,1,1,1,1,0,1,0,0,2,0,2,2,0,0,0,1,1,2,1,0,1,0,0,2,1,0,0,0,1,1,1,0,0,2,0,0,0,0,1,0,0,0,0,0,0,0,0,1,0,0,0,0,0,0,0,0,1,0,0,0,0,0,0,0,0,0,0,0,0,0,0,0,0,0,0,0,0,0,0,0,0,0,0,0,0,0,0,0,0,0,0,0,0,0,0,0,0,0,0,0,0,0,0,0,0,0,0,0,0,0,0,0,0,0,0,0,0,0,0,0,0,0,0,0,0,0,0,0,0,0,0,0,0,0,0,0,0,0,0,0,0,0,0,0,0,0,0,0,0,0,0,0,0,0,0,0,0,0,0,0,0,0,0
0,0,0,0,0,0,0,0,0,0,0,0,0,0,0,1,0,0,0,0,0,0,1,1,0,1,0,0,1,0,0,0,1,0,2,1,1,2,1,0,2,0,2,2,1,1,0,2,1,2,0,2,1,0,0,1,0,1,3,0,2,1,0,0,1,1,0,1,0,0,1,0,0,1,0,1,0,0,0,0,0,0,0,0,0,0,0,0,0,0,0,0,0,0,0,0,0,0,0,0,0,0,1,0,0,0,0,0,0,0,0,0,0,0,0,1,0,1,0,0,0,0,0,0,0,0,0,0,0,0,0,0,0,0,0,0,0,0,0,0,0,0,0,0,0,0,0,0,0,0,0,0,0,0,0,0,0,0,0,0,0,0,0,0,0,0,0,0,0,0,0,0,0,0,0,0,0,0,0,0,0,0,0,0,0,0,0,0,0,0,0,0,0,0,0,0,0,0,0,0
0,1,0,0,0,0,0,0,0,0,0,0,0,0,0,0,0,0,0,0,0,0,0,0,1,0,2,0,0,0,0,0,0,1,0,0,0,0,0,1,2,2,0,1,0,0,2,0,1,0,0,0,3,1,1,0,0,0,1,2,2,1,0,0,0,0,0,0,0,0,0,0,1,0,1,0,0,0,0,0,1,0,0,0,0,0,0,0,0,0,0,0,0,0,0,0,0,0,1,0,0,0,0,0,0,0,0,1,0,0,0,0,0,0,0,0,0,0,0,0,1,0,0,1,0,0,0,0,0,0,0,0,0,0,0,0,0,0,0,0,0,0,0,0,0,0,0,0,0,0,0,0,0,0,0,0,0,0,0,0,0,0,0,0,0,0,0,0,0,0,0,0,0,0,0,0,0,0,0,0,0,0,0,0,0,0,0,0,0,0,0,0,0,0,0,0,0,0,0,0
0,0,0,0,0,0,0,0,0,0,0,0,0,0,1,0,0,0,0,1,0,1,0,1,0,2,1,0,2,1,0,1,0,3,0,3,0,1,0,1,1,4,0,0,1,0,1,1,1,1,0,0,3,3,0,1,0,0,2,0,1,1,2,0,1,0,0,0,0,1,1,0,0,0,0,0,0,0,1,1,1,0,0,0,1,0,1,0,0,0,0,0,0,0,0,0,0,0,1,0,0,0,0,0,0,0,0,0,0,0,0,0,0,0,0,0,0,0,0,0,0,0,0,0,0,0,0,0,0,0,0,0,0,0,0,0,0,0,0,0,0,0,0,0,0,0,0,0,0,0,0,0,0,0,0,0,0,0,0,0,0,0,0,0,0,0,0,0,0,0,0,0,0,0,0,0,0,0,0,0,0,0,0,0,0,0,0,0,0,0,0,0,0,0,0,0,0,0,0,0
0,0,0,0,0,0,0,0,1,0,0,0,0,0,0,0,0,0,0,0,0,0,0,0,0,0,0,1,2,0,0,2,0,1,0,1,0,1,1,0,0,0,1,1,1,0,1,0,0,1,2,0,1,2,1,0,0,0,1,0,1,1,0,1,0,0,0,0,1,0,1,2,0,1,0,0,0,2,0,2,0,0,1,0,0,1,0,0,0,0,0,0,0,0,0,0,0,0,0,0,0,0,0,0,0,0,0,0,0,0,0,0,0,0,0,0,0,0,0,0,0,0,0,0,0,0,0,0,0,0,0,0,0,0,0,0,0,0,0,0,0,0,0,0,0,0,0,0,0,0,0,0,0,0,0,0,0,0,0,0,0,0,0,0,0,0,0,0,0,0,0,0,0,0,0,0,0,0,0,0,0,0,0,0,0,0,0,0,0,0,0,0,0,0,0,0,0,0,0,0
0,0,0,0,0,0,0,0,1,0,0,0,0,1,0,0,0,1,1,0,0,0,0,0,0,0,1,0,0,0,2,0,0,0,0,1,0,0,1,0,0,0,0,0,0,1,0,1,1,1,0,2,1,0,0,0,1,1,1,0,0,1,0,0,0,0,1,1,0,0,2,2,0,1,0,2,1,0,0,0,0,0,1,0,0,0,0,0,0,0,0,0,0,0,0,0,0,0,0,0,0,0,1,0,0,0,0,0,0,0,0,0,0,0,0,0,0,0,0,0,0,0,0,0,0,0,0,0,0,0,0,0,0,0,0,0,0,0,0,0,0,0,0,0,0,0,0,0,0,0,0,0,0,0,0,0,0,0,0,0,0,0,0,0,0,0,0,0,0,0,0,0,0,0,0,0,0,0,0,0,0,0,0,0,0,0,0,0,0,0,0,0,0,0,0,0,0,0,0,0
0,0,0,0,0,0,0,0,0,0,0,0,0,1,0,1,1,0,0,0,0,0,0,0,0,0,0,0,0,0,0,1,0,0,1,2,2,1,1,3,3,1,0,0,0,0,0,0,0,0,0,1,0,2,0,0,0,3,2,4,1,0,0,0,0,1,0,1,0,1,1,1,1,0,0,0,1,1,0,1,0,0,0,0,0,0,0,0,0,0,0,0,1,0,0,0,0,0,0,0,0,0,0,0,0,0,0,0,0,0,0,0,0,0,0,0,0,0,0,0,0,0,0,0,0,1,0,0,0,0,0,0,0,0,0,0,0,0,0,0,0,0,0,0,0,0,0,0,0,0,0,0,0,0,0,0,0,0,0,0,0,0,0,0,0,0,0,0,0,0,0,0,0,0,0,0,0,0,0,0,0,0,0,0,0,0,0,0,0,0,0,0,0,0,0,0,0,0,0,0
0,0,0,0,0,1,0,0,0,0,0,2,0,0,0,0,0,1,0,0,1,0,0,0,1,1,0,0,0,1,0,0,1,1,0,2,0,0,0,0,0,0,0,2,0,2,0,0,0,1,0,0,1,1,0,1,0,1,0,1,0,0,2,0,1,0,0,1,0,1,0,0,1,0,0,0,0,0,0,0,0,0,2,0,0,0,1,0,0,0,0,0,0,0,0,0,0,0,0,0,0,0,0,0,0,0,0,0,0,0,0,0,0,0,0,0,0,0,0,0,0,0,0,0,0,0,0,0,0,0,0,0,0,0,0,0,0,0,0,0,0,0,0,0,0,0,0,0,0,0,0,0,0,0,0,0,0,0,0,0,0,0,0,0,0,0,0,0,0,0,0,0,0,0,0,0,0,0,0,0,0,0,0,0,0,0,0,0,0,0,0,0,0,0,0,0,0,0,0,0
0,0,0,0,0,0,0,0,0,0,0,0,0,0,0,0,0,0,0,0,0,0,0,0,0,1,2,1,0,0,0,0,0,0,0,1,1,0,2,3,1,2,0,0,2,1,0,2,0,2,2,1,1,1,1,0,0,0,2,1,1,0,1,0,0,1,1,0,0,0,1,0,0,1,0,0,0,1,0,0,0,0,0,0,0,0,0,0,0,0,0,0,0,0,0,1,0,0,0,0,0,0,0,0,0,0,0,0,0,0,0,0,0,0,0,0,0,0,0,0,0,0,0,0,0,0,0,0,0,0,0,0,0,0,0,0,0,0,0,0,0,0,0,0,0,0,0,0,0,0,0,0,0,0,0,0,0,0,0,0,0,0,0,0,0,0,0,0,0,0,0,0,0,0,0,0,0,0,0,0,0,0,0,0,0,0,0,0,0,0,0,0,0,0,0,0,0,0,0,0
0,0,0,0,0,0,0,0,0,0,0,0,0,0,0,0,0,0,1,0,0,0,0,0,0,0,0,1,1,0,0,0,0,0,1,0,2,0,0,1,1,1,0,0,0,2,0,3,0,1,1,0,0,2,0,0,0,2,1,2,1,0,1,0,0,0,0,0,0,1,0,0,1,0,0,0,0,0,0,0,1,0,0,0,1,0,0,0,0,0,0,0,0,0,0,0,0,0,0,1,0,0,0,0,0,0,0,0,0,0,0,0,0,0,0,0,0,0,0,0,0,0,0,0,0,0,0,0,0,0,0,0,0,0,0,0,0,0,0,0,0,0,0,0,0,0,0,0,0,0,0,0,0,0,0,0,0,0,0,0,0,0,0,0,0,0,0,0,0,0,0,0,0,0,0,0,0,0,0,0,0,0,0,0,0,0,0,0,0,0,0,0,0,0,0,0,0,0,0,0
0,0,0,0,0,0,0,0,0,0,0,0,0,0,0,1,1,0,0,0,0,2,0,0,1,0,0,1,1,1,0,1,0,0,0,0,3,0,0,2,1,0,0,1,0,0,0,1,1,0,0,0,2,0,0,1,0,1,1,0,1,2,0,1,1,0,0,1,0,0,0,0,0,0,0,0,0,0,0,0,0,0,0,0,0,0,0,1,0,0,0,0,0,0,0,0,0,0,0,0,0,0,0,0,0,0,0,0,0,0,0,0,0,0,0,0,0,0,0,0,0,0,0,0,0,0,0,0,0,0,0,0,0,0,0,0,0,0,0,0,0,0,0,0,0,0,0,0,0,0,0,0,0,0,0,0,0,0,0,0,0,0,0,0,0,0,0,0,0,0,0,0,0,0,0,0,0,0,0,0,0,0,0,0,0,0,0,0,0,0,0,0,0,0,0,0,0,0,0,0
0,0,0,0,0,0,0,0,0,0,0,0,0,0,0,0,0,0,0,1,0,0,0,0,0,1,1,1,0,0,0,0,0,1,2,2,0,1,1,0,0,0,0,1,0,1,2,1,1,0,0,0,1,0,1,0,0,1,2,2,0,0,0,0,0,0,0,0,0,1,0,0,1,0,0,0,0,0,0,0,0,0,0,0,0,0,0,0,0,0,0,0,0,0,0,1,0,0,0,0,0,0,0,0,0,0,0,0,0,0,0,0,0,0,0,0,0,0,0,0,0,0,0,0,0,0,0,0,0,0,0,0,0,0,0,0,0,0,0,0,0,0,0,0,0,0,0,0,0,0,0,0,0,0,0,0,0,0,0,0,0,0,0,0,0,0,0,0,0,0,0,0,0,0,0,0,0,0,0,0,0,0,0,0,0,0,0,0,0,0,0,0,0,0,0,0,0,0,0,0
0,0,0,0,0,0,0,0,0,0,0,0,0,0,0,0,0,0,0,0,0,1,0,1,0,0,0,0,0,0,0,0,0,1,4,2,0,3,1,0,0,1,1,1,1,2,0,1,0,1,0,0,2,0,1,2,0,1,0,1,0,0,0,1,1,1,1,0,0,0,1,1,1,0,0,0,1,0,1,0,0,0,0,0,0,0,0,0,1,0,0,0,0,0,1,0,0,0,0,0,0,0,0,0,0,0,0,0,0,0,0,0,0,0,0,0,0,0,0,0,0,0,0,0,0,0,0,0,0,0,0,0,0,0,0,0,0,0,0,0,0,0,0,0,0,0,0,0,0,0,0,0,0,0,0,0,0,0,0,0,0,0,0,0,0,0,0,0,0,0,0,0,0,0,0,0,0,0,0,0,0,0,0,0,0,0,0,0,0,0,0,0,0,0,0,0,0,0,0,0
0,0,0,0,0,0,0,0,0,0,0,1,0,0,0,0,0,0,0,0,0,1,0,0,0,0,0,0,0,0,1,0,1,0,0,1,1,0,2,1,0,1,0,0,0,0,0,1,0,0,0,1,1,1,0,1,0,2,0,2,0,0,0,0,0,0,1,0,0,1,0,0,0,0,0,0,0,0,0,0,0,0,0,1,0,1,0,0,0,0,0,0,0,0,1,0,0,0,0,0,0,0,0,0,0,0,0,0,0,0,0,0,0,0,0,0,0,0,0,0,0,0,0,0,0,0,0,0,0,0,0,0,0,0,0,0,0,0,0,0,0,0,0,0,0,0,0,0,0,0,0,0,0,0,0,0,0,0,0,0,0,0,0,0,0,0,0,0,0,0,0,0,0,0,0,0,0,0,0,0,0,0,0,0,0,0,0,0,0,0,0,0,0,0,0,0,0,0,0,0
1,0,0,0,0,0,0,0,0,0,0,0,0,0,0,0,0,0,0,0,0,0,0,1,0,1,1,2,2,0,0,0,0,0,1,0,0,1,1,0,1,0,0,0,0,0,0,1,0,2,0,0,1,1,0,0,1,2,0,0,1,0,1,0,0,0,0,0,0,0,0,1,0,0,0,0,0,0,0,0,0,0,0,0,0,0,0,0,0,0,0,0,0,0,0,0,0,0,0,0,0,0,1,0,1,0,0,0,0,0,0,0,0,0,1,0,0,0,0,0,0,0,0,0,0,0,0,0,0,0,0,0,0,0,0,0,0,0,0,0,0,0,0,0,0,0,0,0,0,0,0,0,0,0,0,0,0,0,0,0,0,0,0,0,0,0,0,0,0,0,0,0,0,0,0,0,0,0,0,0,0,0,0,0,0,0,0,0,0,0,0,0,0,0,0,0,0,0,0,0
0,0,0,0,0,0,0,0,0,0,0,0,0,0,0,0,0,0,0,1,0,0,0,0,0,0,0,0,0,1,0,0,3,1,0,0,1,2,0,0,2,1,1,1,2,1,0,0,0,0,0,1,0,1,1,0,0,1,0,1,1,0,2,1,0,0,0,0,0,0,0,0,0,0,1,0,0,0,0,0,0,0,0,0,0,0,0,1,1,0,0,0,0,0,0,0,0,0,0,0,0,0,0,0,0,0,0,0,0,0,0,0,0,0,0,0,0,0,0,0,0,0,0,0,0,0,0,0,0,0,0,0,0,0,0,0,0,0,0,0,0,0,0,0,0,0,0,0,0,0,0,0,0,0,0,0,0,0,0,0,0,0,0,0,0,0,0,0,0,0,0,0,0,0,0,0,0,0,0,0,0,0,0,0,0,0,0,0,0,0,0,0,0,0,0,0,0,0,0,0
0,0,0,0,0,0,0,0,0,0,0,0,0,0,0,0,1,0,0,0,0,0,1,0,0,1,0,0,0,0,0,0,0,0,1,1,1,0,3,0,0,0,1,1,0,1,3,0,2,0,0,0,1,0,0,0,0,0,1,0,2,2,1,0,1,0,0,0,1,1,0,0,0,1,0,0,0,0,0,0,0,0,0,0,0,0,0,0,0,0,0,0,0,0,1,0,0,1,0,0,0,0,0,0,0,0,0,0,0,0,0,0,0,0,0,0,0,0,0,0,0,0,0,0,0,0,0,0,0,0,0,0,0,0,0,0,0,0,0,0,0,0,0,0,0,0,0,0,0,0,0,0,0,0,0,0,0,0,0,0,0,0,0,0,0,0,0,0,0,0,0,0,0,0,0,0,0,0,0,0,0,0,0,0,0,0,0,0,0,0,0,0,0,0,0,0,0,0,0,0
0,0,0,0,0,0,0,0,0,0,0,0,0,0,0,0,0,1,1,0,0,0,1,2,0,0,1,1,0,0,2,0,0,1,1,0,1,0,0,0,1,2,1,0,2,0,0,1,0,2,0,0,0,2,0,2,0,1,1,0,1,0,0,0,0,0,1,0,0,0,1,1,0,0,0,2,0,0,1,0,0,0,0,0,0,0,0,0,0,0,1,0,0,1,0,0,1,0,0,0,0,0,0,0,0,0,0,0,0,0,0,0,0,0,0,0,0,0,0,0,0,0,0,0,0,0,0,0,0,0,0,0,0,0,0,0,0,0,0,0,0,0,0,0,0,0,0,0,0,0,0,0,0,0,0,0,0,0,0,0,0,0,0,0,0,0,0,0,0,0,0,0,0,0,0,0,0,0,0,0,0,0,0,0,0,0,0,0,0,0,0,0,0,0,0,0,0,0,0,0
0,0,0,0,0,0,0,0,1,0,0,0,0,2,0,0,1,0,0,0,0,0,0,1,0,0,1,0,0,0,0,1,0,0,0,0,0,0,0,0,0,0,1,1,0,0,0,0,1,1,0,2,0,0,0,0,0,0,2,0,0,0,0,1,0,0,0,0,0,0,0,0,0,0,0,0,0,0,0,0,1,0,0,0,0,0,0,0,0,0,0,0,0,0,0,0,0,0,0,0,0,0,0,0,0,0,0,0,0,0,0,0,0,0,0,0,0,0,0,0,0,0,0,0,0,0,0,0,0,0,0,0,0,0,0,0,0,0,0,1,0,0,0,0,0,0,0,0,0,0,0,0,0,0,0,0,0,0,0,0,0,0,0,0,0,0,0,0,0,0,0,0,0,0,0,0,0,0,0,0,0,0,0,0,0,0,0,0,0,0,0,0,0,0,0,0,0,0,0,0
