2,0,3,0,0,4,8,8,0,3,4,5,8,3,15,3,13,13,13,12,23,19,24,20,21,35,27,28,43,27,48,28,37,48,45,72,69,43,59,88,95,110,112,102,102,113,168,121,119,134,156,132,216,201,156,221,226,224,277,273,314,303,231,264,366,334,341,334,351,399,316,401,353,386,352,412,447,461,351,458,405,479,446,428,416,447,407,366,407,456,410,404,393,412,444,385,389,364,359,346,263,354,370,337,350,298,310,303,267,249,230,243,220,136,180,149,169,166,151,167,114,139,139,118,83,114,116,86,88,54,56,46,64,60,44,60,22,50,30,21,22,17,17,24,19,11,16,20,10,12,6,8,0,5,2,0,3,0,7,2,1,4,3,2,0,5,1,0,3,0,3,0,0,0,2,0,0,0,0,0,0,0,0,0,0,0,0,0,0,0,0,0,0,0,0,0,0,0,0,0
5,0,1,0,0,0,7,8,0,3,2,9,8,5,9,7,12,14,19,11,18,23,23,21,20,25,11,23,52,34,38,35,45,58,59,71,65,50,51,72,90,127,116,118,91,98,168,126,103,142,160,125,189,203,173,195,230,227,259,298,268,249,230,258,336,309,312,338,371,420,331,393,309,402,389,406,394,402,381,434,352,463,479,446,387,445,383,364,387,428,401,414,371,388,414,398,406,344,338,339,277,342,341,374,309,266,352,283,246,271,233,230,191,152,173,145,172,143,140,147,116,127,90,93,81,103,100,96,72,43,64,46,58,71,45,70,25,39,28,30,17,17,14,26,8,11,13,11,10,7,13,6,0,5,3,0,10,0,6,4,3,6,3,3,0,1,3,0,0,2,1,0,0,0,2,0,0,0,0,0,0,0,0,0,0,0,0,0,0,0,0,0,0,0,0,0,0,0,0,0
6,0,2,0,0,2,14,7,0,4,2,9,8,3,13,3,9,16,11,10,27,27,33,18,24,28,11,23,47,24,44,42,37,53,59,56,67,40,46,72,99,109,97,103,107,111,178,108,123,128,171,102,183,191,182,212,259,226,237,252,303,265,220,238,385,294,354,348,360,383,332,371,282,369,347,382,387,442,327,427,401,432,435,433,362,434,427,387,394,465,394,405,348,351,434,340,392,343,345,285,250,329,326,361,346,291,324,255,221,231,217,230,194,151,190,148,172,175,134,133,137,115,112,89,73,100,92,108,75,51,70,46,80,51,46,65,24,35,41,32,26,16,15,26,11,11,14,19,19,8,6,7,0,3,10,2,1,0,7,4,0,3,3,4,0,1,1,0,3,4,2,0,0,0,3,0,0,0,0,0,0,0,0,0,0,0,0,0,0,0,0,0,0,0,0,0,0,0,0,0
5,0,1,0,0,5,5,10,0,2,4,6,4,5,6,8,10,21,15,9,14,17,25,21,20,34,18,23,47,18,46,40,39,66,43,62,79,52,53,69,93,103,101,92,88,93,126,103,116,138,147,123,185,194,168,180,224,243,259,264,279,255,230,270,311,282,308,356,365,357,327,344,315,387,269,391,390,376,342,421,362,466,413,397,345,442,401,363,352,394,379,378,370,384,399,364,408,321,335,317,261,319,302,342,333,272,323,262,259,279,174,237,208,136,192,135,154,133,135,128,114,99,118,109,79,99,79,92,87,42,68,46,49,49,47,54,21,36,32,26,30,19,10,25,11,12,9,26,18,9,7,8,0,5,6,1,6,0,10,6,0,3,2,9,0,4,2,0,3,4,0,0,0,0,1,0,0,0,0,0,0,0,0,0,0,0,0,0,0,0,0,0,0,0,0,0,0,0,0,0
2,0,2,0,0,1,3,6,0,2,3,3,9,2,5,6,14,16,17,17,24,22,21,22,15,27,30,31,44,31,71,39,45,46,32,64,62,46,66,77,107,109,104,107,78,96,165,110,111,128,158,120,196,198,175,175,210,226,242,249,279,235,226,261,282,288,313,301,323,347,334,343,292,340,327,361,385,388,341,426,368,423,399,371,352,387,383,331,361,399,372,351,366,355,415,350,414,302,373,312,247,314,288,342,306,260,288,237,243,246,190,219,177,158,168,120,145,148,143,132,111,106,103,97,65,75,102,87,75,35,65,36,51,47,43,51,20,32,36,21,27,14,10,23,14,6,12,16,13,14,7,4,0,4,4,3,5,0,8,5,1,4,0,6,0,1,2,0,3,1,1,0,0,0,1,0,0,0,0,0,0,0,0,0,0,0,0,0,0,0,0,0,0,0,0,0,0,0,0,0
3,0,0,0,0,0,8,10,0,1,1,5,11,0,5,3,16,11,17,8,11,20,21,22,19,16,17,18,32,21,49,27,45,46,48,50,56,38,51,64,91,93,93,83,89,90,141,109,115,121,149,102,169,177,184,175,207,203,231,245,282,253,200,216,291,285,306,344,330,362,336,349,311,344,297,381,357,390,331,385,373,423,419,388,355,385,375,341,342,382,360,396,329,336,441,346,384,274,330,278,240,297,298,310,265,273,276,241,210,232,182,226,179,139,152,135,137,143,135,131,130,99,87,96,81,85,69,77,84,48,63,29,57,43,36,43,23,41,25,22,22,22,10,20,21,9,19,28,11,15,6,7,0,3,5,4,7,0,10,2,1,6,3,6,0,1,1,0,2,1,3,0,0,0,2,0,0,0,0,0,0,0,0,0,0,0,0,0,0,0,0,0,0,0,0,0,0,0,0,0
3,0,2,0,0,3,7,13,0,3,4,11,9,6,9,2,10,15,14,12,14,21,21,18,16,31,17,24,41,26,51,33,42,55,39,43,64,46,56,70,100,92,98,86,110,87,121,122,115,129,161,120,171,179,147,201,211,206,246,223,246,252,231,212,303,282,261,285,340,352,291,322,265,353,293,323,348,392,302,366,377,376,398,379,348,373,328,326,360,388,347,363,332,345,369,328,367,293,300,303,236,297,327,297,279,269,259,227,258,240,182,232,176,124,168,126,175,150,113,126,117,106,112,80,80,80,91,106,61,38,63,34,69,53,45,43,24,31,28,35,24,15,10,18,16,8,9,12,9,13,7,3,0,2,3,2,4,0,10,3,1,4,1,4,0,2,2,0,0,2,1,0,0,0,2,0,0,0,0,0,0,0,0,0,0,0,0,0,0,0,0,0,0,0,0,0,0,0,0,0
3,0,0,0,0,0,5,4,0,1,4,6,9,3,12,4,8,10,14,8,20,13,17,21,17,28,20,26,38,20,37,41,40,51,35,58,68,43,50,59,92,86,86,91,88,88,139,118,110,134,130,106,145,186,150,201,183,208,221,231,314,231,215,208,286,265,278,301,291,348,300,330,276,337,317,303,328,381,345,369,342,392,405,356,321,374,358,299,328,370,343,369,345,299,387,306,349,347,286,273,226,297,297,294,269,226,242,266,202,240,181,210,157,120,157,131,147,143,119,137,99,101,103,77,67,89,62,101,67,36,71,29,51,43,36,57,12,27,27,23,11,17,11,21,11,7,12,13,11,12,4,4,0,4,0,3,3,0,8,8,1,1,1,4,0,0,0,0,1,1,1,0,0,0,3,0,0,0,0,0,0,0,0,0,0,0,0,0,0,0,0,0,0,0,0,0,0,0,0,0
2,0,1,0,0,3,4,6,0,2,4,5,11,4,11,2,3,18,12,10,17,26,23,17,16,29,17,19,35,22,44,31,47,63,35,58,55,42,47,66,87,84,91,78,70,81,130,96,91,126,120,103,154,153,134,156,175,191,226,262,239,190,236,210,272,259,269,269,313,338,288,298,288,323,267,334,358,354,291,363,346,383,336,348,328,376,333,302,311,384,304,335,287,337,359,307,327,294,299,285,209,291,278,322,262,221,266,211,166,194,189,188,161,140,148,100,154,113,119,109,95,99,107,87,85,81,73,86,65,35,60,40,50,40,45,43,17,28,22,24,18,14,15,24,12,10,6,15,11,5,5,7,0,11,8,2,2,0,4,3,3,2,1,6,0,2,2,0,3,5,1,0,0,0,0,0,0,0,0,0,0,0,0,0,0,0,0,0,0,0,0,0,0,0,0,0,0,0,0,0
5,0,0,0,0,1,4,5,0,4,1,5,13,6,5,3,6,9,11,3,19,24,20,17,23,28,9,11,35,15,45,25,47,41,34,45,55,40,62,59,78,95,96,84,77,104,129,93,113,120,119,119,144,162,150,151,176,166,213,242,224,216,179,204,260,260,291,277,317,335,267,322,270,276,304,295,346,328,290,326,304,374,373,359,344,375,308,302,325,360,303,337,294,320,349,285,332,269,319,269,215,283,266,306,304,264,266,214,195,228,162,197,165,123,163,108,114,135,115,108,88,95,92,75,78,88,81,72,62,28,63,39,56,48,40,56,14,28,27,26,19,12,15,17,14,11,11,15,17,11,1,7,0,6,3,2,2,0,7,3,1,2,4,3,0,2,2,0,2,1,2,0,0,0,1,0,0,0,0,0,0,0,0,0,0,0,0,0,0,0,0,0,0,0,0,0,0,0,0,0
2,0,2,0,0,2,4,8,0,2,1,10,4,6,11,5,10,7,18,10,16,12,18,11,20,20,10,20,29,18,38,25,47,43,31,57,58,34,40,56,89,83,93,70,75,79,133,99,83,115,102,114,134,154,139,148,178,155,176,210,240,204,187,201,297,301,272,278,306,323,273,310,250,284,286,353,321,343,307,317,314,362,395,348,316,309,360,293,304,360,280,309,290,284,356,286,333,258,291,252,196,279,278,296,250,228,225,200,182,222,157,169,161,119,174,125,125,135,111,132,107,108,95,68,65,83,71,67,80,48,44,32,46,34,26,48,16,27,38,24,17,18,12,19,12,10,11,13,15,7,4,5,0,10,5,2,5,0,10,3,3,2,0,3,0,1,3,0,2,2,2,0,0,0,0,0,0,0,0,0,0,0,0,0,0,0,0,0,0,0,0,0,0,0,0,0,0,0,0,0
1,0,5,0,0,1,4,5,0,7,5,3,12,1,6,0,5,12,14,9,18,16,21,24,5,24,18,18,36,20,41,30,51,51,36,56,55,48,40,55,62,90,68,69,78,79,105,97,78,101,132,89,141,163,129,157,194,164,207,204,239,221,172,192,260,281,239,267,268,307,268,290,237,292,267,309,315,363,289,344,309,360,360,342,300,356,317,280,307,347,301,333,295,290,331,296,298,237,262,268,212,249,249,273,253,201,223,201,206,199,186,165,170,117,153,96,121,113,103,121,88,93,90,72,59,76,88,84,51,28,59,23,58,49,44,40,15,16,25,19,15,14,11,19,13,12,17,10,11,8,2,11,0,4,5,1,2,0,8,2,2,5,1,3,0,2,0,0,1,2,3,0,0,0,1,0,0,0,0,0,0,0,0,0,0,0,0,0,0,0,0,0,0,0,0,0,0,0,0,0
3,0,1,0,0,1,6,10,0,3,4,8,8,4,4,3,7,11,10,5,16,20,16,22,22,24,9,13,26,15,36,24,44,49,29,39,46,48,34,59,67,76,87,84,69,69,126,95,73,105,130,92,133,153,134,138,166,174,174,200,200,226,161,197,240,218,241,269,264,263,239,284,236,300,278,299,335,320,255,351,294,365,326,362,297,318,285,252,281,319,283,299,270,284,328,277,288,258,279,251,231,262,240,284,257,231,242,178,175,207,145,160,158,116,155,108,110,126,117,110,77,89,70,75,60,66,66,84,66,38,63,36,39,39,29,39,13,27,22,24,21,11,10,11,13,2,7,11,8,5,5,2,0,7,4,0,0,0,8,5,0,3,0,2,0,4,0,0,1,0,1,0,0,0,2,0,0,0,0,0,0,0,0,0,0,0,0,0,0,0,0,0,0,0,0,0,0,0,0,0
2,0,2,0,0,2,10,5,0,4,1,3,10,3,10,2,7,11,8,9,12,20,28,18,14,19,11,13,20,15,31,26,33,39,29,51,55,35,41,64,75,83,84,93,72,76,117,76,89,108,119,115,141,142,141,145,173,159,212,223,184,187,159,181,243,231,248,233,271,298,277,268,234,275,283,308,285,320,233,316,291,303,344,311,276,324,302,298,290,308,278,295,267,268,314,283,295,236,260,266,191,287,260,242,228,180,238,205,192,210,153,186,132,117,146,107,135,114,103,124,85,73,89,66,70,75,77,60,52,29,65,34,47,45,41,50,15,30,26,27,12,16,10,16,23,10,12,20,9,15,1,9,0,5,6,2,3,0,7,7,1,1,3,4,0,2,0,0,0,2,3,0,0,0,2,0,0,0,0,0,0,0,0,0,0,0,0,0,0,0,0,0,0,0,0,0,0,0,0,0
4,0,0,0,0,0,3,6,0,2,2,3,6,3,8,3,5,9,4,7,21,26,12,16,21,19,12,18,25,11,30,29,34,33,33,50,41,35,31,51,76,74,77,79,68,74,122,91,85,99,110,82,123,134,114,151,179,157,187,179,210,212,160,188,275,227,229,224,266,271,238,251,242,267,264,256,299,311,260,322,254,308,308,284,277,322,324,253,279,345,266,287,267,278,302,271,306,238,281,250,196,230,242,278,222,183,235,194,203,190,148,173,122,98,125,87,107,103,88,114,98,89,83,64,53,66,71,76,48,31,45,32,49,30,40,36,9,25,21,26,18,13,11,17,12,8,11,9,6,6,6,8,0,5,2,1,6,0,6,7,2,1,1,4,0,2,0,0,2,3,3,0,0,0,2,0,0,0,0,0,0,0,0,0,0,0,0,0,0,0,0,0,0,0,0,0,0,0,0,0
0,0,2,0,0,0,5,5,0,3,3,9,8,2,8,3,8,8,10,8,11,14,16,19,14,26,13,18,28,22,22,29,37,41,31,49,34,34,39,60,62,77,73,69,70,71,105,83,84,94,114,99,119,124,137,137,142,158,166,186,227,208,117,186,233,256,231,256,258,282,237,260,208,256,232,282,275,287,229,302,240,308,317,281,282,278,271,274,286,303,258,272,249,256,313,274,289,241,228,232,200,222,239,238,215,187,211,174,140,173,157,137,131,120,113,112,117,105,90,105,88,81,87,56,58,68,67,53,47,23,39,36,37,35,30,43,12,28,20,20,20,8,7,20,14,3,12,8,7,9,5,8,0,0,2,0,3,0,5,2,0,4,2,6,0,0,1,0,2,5,2,0,0,0,0,0,0,0,0,0,0,0,0,0,0,0,0,0,0,0,0,0,0,0,0,0,0,0,0,0
0,0,1,0,0,2,7,4,0,3,7,4,3,4,5,2,7,7,14,11,11,11,19,11,18,17,12,25,20,20,36,14,38,37,33,37,42,36,28,56,58,77,90,63,63,70,102,78,66,90,91,87,134,129,116,126,173,151,167,194,191,178,158,187,235,207,246,216,239,257,226,263,213,273,252,260,278,298,235,315,267,308,296,298,243,301,295,239,287,298,261,260,241,246,293,248,269,225,214,248,211,239,213,234,236,186,190,190,180,164,130,158,133,125,154,104,101,115,97,100,95,92,80,66,60,75,66,55,58,29,50,24,44,35,33,39,22,36,19,20,19,15,15,15,11,10,9,9,10,14,3,7,0,2,4,0,2,0,3,1,1,1,0,4,0,0,1,0,2,3,1,0,0,0,0,0,0,0,0,0,0,0,0,0,0,0,0,0,0,0,0,0,0,0,0,0,0,0,0,0
2,0,0,0,0,0,3,7,0,2,1,10,6,3,5,2,11,15,3,5,10,11,10,18,7,19,16,11,29,15,38,24,37,32,36,50,42,27,45,51,89,63,84,52,65,56,97,79,69,81,113,89,122,127,116,131,145,150,185,200,239,194,158,151,202,200,215,232,232,274,237,268,197,264,232,272,274,253,252,283,251,311,311,300,271,277,256,252,262,300,240,256,223,249,273,222,289,222,222,219,183,223,222,226,196,179,223,189,168,182,139,149,123,100,134,97,104,108,96,106,79,84,76,63,37,72,71,66,64,29,48,38,40,28,22,41,4,26,17,13,16,14,11,19,11,5,12,7,11,10,2,4,0,2,3,1,3,0,3,7,2,3,1,8,0,4,3,0,2,1,1,0,0,0,0,0,0,0,0,0,0,0,0,0,0,0,0,0,0,0,0,0,0,0,0,0,0,0,0,0
4,0,4,0,0,2,4,3,0,3,2,6,9,4,6,3,10,8,5,6,10,16,15,20,13,17,10,15,22,16,25,23,38,33,32,40,43,33,31,39,55,69,75,71,59,59,84,81,91,78,107,80,128,109,105,132,143,145,178,159,186,189,159,162,250,214,220,191,209,265,234,244,196,224,224,266,243,267,232,295,270,274,302,270,239,282,282,236,241,282,216,252,240,251,283,212,260,199,243,197,198,226,208,250,195,206,201,157,150,165,146,147,131,81,130,94,108,98,106,105,70,75,82,63,49,71,57,69,49,31,49,34,45,28,24,49,11,30,17,18,24,10,15,18,6,2,14,10,8,7,4,1,0,2,1,1,2,0,6,1,2,6,3,2,0,0,2,0,0,3,2,0,0,0,1,0,0,0,0,0,0,0,0,0,0,0,0,0,0,0,0,0,0,0,0,0,0,0,0,0
2,0,1,0,0,0,6,3,0,4,4,3,7,5,3,3,5,7,11,5,9,5,14,19,9,20,17,16,31,18,24,24,39,33,34,50,42,24,23,65,59,54,66,62,58,74,87,57,78,98,122,77,127,129,112,133,154,131,139,181,165,171,139,182,214,199,226,210,257,225,188,250,203,241,203,268,240,231,206,251,232,290,294,291,230,256,254,245,270,271,204,230,232,202,281,230,245,213,221,205,181,240,222,224,169,206,208,161,145,147,144,178,108,74,111,74,102,107,79,109,66,79,70,56,45,83,49,58,33,29,38,33,38,27,31,34,9,29,17,17,14,9,13,18,9,8,8,9,11,8,4,3,0,1,8,1,7,0,8,7,1,3,1,2,0,2,2,0,0,2,0,0,0,0,1,0,0,0,0,0,0,0,0,0,0,0,0,0,0,0,0,0,0,0,0,0,0,0,0,0
3,0,0,0,0,0,5,9,0,3,2,3,4,6,3,0,10,13,9,8,7,16,17,16,17,21,13,9,27,17,34,21,23,23,39,42,40,26,38,52,64,68,53,53,55,73,89,79,73,71,93,86,123,138,91,127,137,121,146,196,178,151,148,158,209,204,198,176,209,253,240,234,200,244,197,279,261,241,203,256,259,269,269,250,245,281,242,225,239,272,259,249,216,234,252,214,268,202,201,225,162,204,206,234,177,159,184,171,139,136,127,137,117,105,126,88,116,124,91,88,64,90,83,65,64,42,39,63,65,28,38,20,36,32,23,39,11,26,23,17,16,9,7,9,8,11,8,14,11,9,3,5,0,3,2,1,3,0,8,1,0,5,0,4,0,1,1,0,2,1,3,0,0,0,0,0,0,0,0,0,0,0,0,0,0,0,0,0,0,0,0,0,0,0,0,0,0,0,0,0
2,0,1,0,0,1,5,4,0,6,1,3,7,2,6,2,4,7,12,2,11,10,19,11,9,20,10,22,20,16,30,20,21,29,33,32,33,27,36,43,55,66,79,48,49,70,103,82,83,71,97,67,119,129,89,110,127,131,126,167,183,178,155,145,207,187,180,201,214,249,201,259,197,203,206,242,234,231,217,265,218,257,265,247,232,246,252,220,230,266,256,240,204,239,277,192,248,182,229,202,167,173,206,201,203,175,191,173,145,162,128,128,117,99,112,85,91,104,97,91,78,71,69,55,44,53,42,63,56,21,43,29,27,29,37,36,9,15,15,11,17,11,6,13,5,3,10,10,8,5,3,2,0,0,2,1,2,0,6,7,1,5,0,0,0,1,2,0,2,4,0,0,0,0,0,0,0,0,0,0,0,0,0,0,0,0,0,0,0,0,0,0,0,0,0,0,0,0,0,0
2,0,0,0,0,2,2,3,0,1,1,2,4,3,6,2,9,12,10,7,13,12,10,17,10,10,10,18,26,19,25,18,31,38,25,33,28,29,34,43,49,57,52,46,54,62,82,66,58,87,91,92,96,96,108,97,146,121,152,162,162,157,143,144,202,182,202,198,204,207,212,234,190,219,220,205,243,242,216,209,237,258,291,263,206,221,238,210,213,275,236,235,213,251,257,204,240,178,196,202,170,213,175,210,166,152,189,161,140,143,143,124,134,87,103,70,115,89,88,77,57,71,66,47,56,59,37,70,39,27,37,17,38,34,26,31,8,26,13,17,16,12,6,13,13,6,7,8,10,5,4,7,0,3,5,0,1,0,5,1,1,2,0,1,0,0,1,0,2,2,1,0,0,0,2,0,0,0,0,0,0,0,0,0,0,0,0,0,0,0,0,0,0,0,0,0,0,0,0,0
5,0,0,0,0,1,4,3,0,3,1,8,5,3,5,3,2,10,11,4,7,9,12,17,20,9,8,19,26,19,25,20,26,39,17,38,45,27,36,44,57,71,60,62,51,62,92,73,63,79,95,68,98,113,96,95,145,113,139,149,158,159,123,139,182,166,175,171,192,241,196,234,168,210,197,226,220,243,203,223,194,256,238,248,221,248,239,213,218,234,213,260,214,198,261,203,262,205,193,189,156,210,188,202,186,151,214,145,143,147,102,125,127,83,88,81,83,87,89,89,47,69,67,65,41,65,49,41,40,22,31,13,36,34,22,35,9,14,14,8,16,6,11,6,6,9,11,7,8,7,3,5,0,5,4,1,3,0,5,0,0,1,1,4,0,0,0,0,0,4,2,0,0,0,1,0,0,0,0,0,0,0,0,0,0,0,0,0,0,0,0,0,0,0,0,0,0,0,0,0
3,0,1,0,0,1,6,4,0,4,2,0,7,2,2,2,9,10,9,7,7,11,11,12,15,10,5,10,32,8,34,21,38,29,21,29,32,22,32,40,56,56,62,55,68,45,81,57,61,64,89,60,113,101,118,111,136,113,130,142,161,147,107,117,174,167,194,192,196,189,205,188,160,207,186,195,217,279,184,237,194,225,262,252,200,236,226,170,214,250,224,219,190,231,230,187,230,196,187,186,152,196,182,201,181,162,183,141,157,150,109,109,102,74,113,78,106,85,73,92,65,77,63,53,40,66,53,53,50,28,35,23,29,29,22,38,17,24,13,11,21,12,11,14,12,7,8,13,7,10,0,1,0,2,1,1,5,0,4,1,0,1,1,3,0,0,0,0,2,3,4,0,0,0,0,0,0,0,0,0,0,0,0,0,0,0,0,0,0,0,0,0,0,0,0,0,0,0,0,0
2,0,1,0,0,0,3,6,0,3,2,2,9,1,4,3,13,4,9,8,9,17,16,15,8,17,13,14,23,19,30,20,21,32,19,35,40,33,29,34,56,44,56,52,48,72,96,63,67,88,85,55,125,118,100,121,148,91,117,149,132,128,114,120,158,151,162,174,209,199,179,202,199,175,194,218,203,207,218,231,220,222,251,237,219,238,226,199,198,213,193,218,212,214,234,222,224,164,198,178,151,189,171,193,171,156,153,143,150,132,122,141,103,69,115,68,98,64,73,92,64,57,58,60,59,54,61,40,32,27,37,26,34,29,20,36,12,18,17,14,19,14,8,13,8,11,8,12,6,5,2,2,0,3,2,0,1,0,1,2,0,2,1,5,0,0,3,0,1,2,1,0,0,0,3,0,0,0,0,0,0,0,0,0,0,0,0,0,0,0,0,0,0,0,0,0,0,0,0,0
2,0,0,0,0,1,1,5,0,3,1,5,11,1,5,0,4,11,9,7,12,18,12,10,9,14,9,12,18,11,15,18,29,36,32,29,40,20,29,33,41,45,63,47,53,69,68,56,54,63,75,77,78,87,93,95,129,99,121,146,129,132,119,151,172,157,173,160,172,200,184,203,153,206,153,189,229,210,180,231,219,265,241,215,199,228,203,180,208,219,205,200,214,200,231,182,229,183,200,158,152,184,181,191,165,155,151,134,124,157,108,113,110,74,107,82,62,67,82,71,70,70,53,47,49,46,45,50,35,24,24,28,41,22,33,32,11,29,15,16,11,6,7,12,8,9,9,8,6,7,2,5,0,0,3,2,1,0,5,4,0,3,0,2,0,1,0,0,0,1,0,0,0,0,2,0,0,0,0,0,0,0,0,0,0,0,0,0,0,0,0,0,0,0,0,0,0,0,0,0
1,0,2,0,0,1,2,4,0,4,3,5,5,3,4,4,6,5,5,6,17,11,13,13,12,16,6,8,24,15,30,22,35,29,23,33,36,26,28,51,62,46,54,42,41,38,91,54,67,69,72,60,89,87,107,100,120,86,144,148,137,134,108,119,172,156,181,163,170,194,180,203,164,207,177,187,192,202,181,203,224,237,232,191,187,233,212,174,208,213,216,216,176,192,245,199,211,160,202,169,138,149,159,175,164,147,159,135,113,151,111,125,90,84,102,62,73,72,73,93,59,64,48,54,41,45,42,56,31,14,41,17,29,26,20,36,13,21,17,19,10,8,7,12,9,1,8,10,8,3,4,0,0,1,4,0,2,0,0,7,0,3,0,3,0,1,1,0,0,1,2,0,0,0,1,0,0,0,0,0,0,0,0,0,0,0,0,0,0,0,0,0,0,0,0,0,0,0,0,0
2,0,3,0,0,0,2,5,0,0,0,6,2,1,3,2,4,9,9,9,7,11,10,12,11,14,8,16,22,15,20,24,31,24,22,36,34,29,28,40,57,55,67,38,50,54,66,71,62,74,76,50,102,103,98,101,117,105,130,129,123,149,101,124,185,184,136,180,173,208,182,213,171,179,184,195,202,195,172,218,206,215,226,189,192,206,202,225,205,240,191,199,149,196,197,185,208,172,181,161,126,180,184,175,152,124,147,138,104,123,125,123,90,82,90,86,70,78,83,64,60,48,57,39,47,70,52,51,44,20,31,17,22,29,21,23,8,19,12,8,12,9,5,7,11,8,6,11,9,8,2,4,0,2,2,0,1,0,1,1,1,4,4,4,0,3,2,0,1,0,0,0,0,0,2,0,0,0,0,0,0,0,0,0,0,0,0,0,0,0,0,0,0,0,0,0,0,0,0,0
0,0,0,0,0,0,3,4,0,2,4,5,6,4,9,1,5,12,8,7,7,18,12,6,7,10,14,10,20,6,23,20,17,27,22,40,32,17,27,35,41,50,46,50,49,58,92,64,59,69,91,55,88,91,84,104,108,89,138,144,132,122,128,138,159,150,155,187,156,193,152,198,160,176,183,198,193,200,178,216,184,210,254,189,179,213,210,158,191,221,201,172,187,185,195,173,205,166,185,156,137,147,162,163,173,140,136,107,93,137,99,127,78,72,95,56,80,76,73,73,60,49,59,53,47,54,40,42,37,21,24,16,35,24,25,21,14,15,20,19,12,12,5,12,10,3,5,13,10,7,3,5,0,1,4,0,2,0,4,3,0,4,2,2,0,0,0,0,1,0,2,0,0,0,2,0,0,0,0,0,0,0,0,0,0,0,0,0,0,0,0,0,0,0,0,0,0,0,0,0
0,0,2,0,0,0,3,2,0,2,3,7,0,3,3,3,4,6,7,5,7,6,13,14,13,10,9,15,20,10,21,19,22,28,23,26,25,13,14,46,37,52,63,39,50,51,75,69,51,80,78,69,88,88,74,81,122,85,101,138,128,130,100,94,167,145,173,165,141,200,171,199,179,180,148,189,185,194,150,215,167,160,211,187,186,193,192,143,192,189,195,220,172,195,218,190,194,164,160,151,135,170,161,170,153,134,144,122,125,128,115,129,85,68,82,69,83,96,88,76,49,44,55,47,50,51,36,37,32,29,26,21,19,15,16,27,13,25,14,22,15,4,9,8,6,3,7,10,5,5,2,5,0,3,3,0,2,0,2,1,1,2,0,7,0,1,2,0,1,2,3,0,0,0,1,0,0,0,0,0,0,0,0,0,0,0,0,0,0,0,0,0,0,0,0,0,0,0,0,0
1,0,1,0,0,0,4,4,0,1,0,3,4,1,4,2,7,3,7,8,15,9,13,7,10,16,8,15,21,13,14,16,29,35,22,27,39,21,24,46,54,50,51,33,38,41,65,56,63,62,82,63,80,98,81,100,100,124,92,112,166,119,120,107,155,144,136,160,166,199,129,155,147,168,156,200,184,202,163,205,193,199,205,177,200,205,175,174,176,189,171,205,150,167,215,156,231,158,142,156,112,157,164,158,135,142,159,136,115,115,72,104,93,71,97,71,81,78,56,71,62,51,62,39,42,50,48,43,31,18,33,21,24,19,17,34,8,14,10,6,9,6,4,15,8,4,6,8,8,6,1,3,0,1,1,1,1,0,3,1,0,4,1,0,0,1,1,0,2,0,1,0,0,0,0,0,0,0,0,0,0,0,0,0,0,0,0,0,0,0,0,0,0,0,0,0,0,0,0,0
1,0,2,0,0,2,2,4,0,4,0,7,4,2,3,0,4,7,2,9,6,9,16,5,9,18,7,9,20,14,11,18,20,29,21,28,35,27,21,34,42,50,43,40,39,34,69,50,46,62,68,49,82,95,67,99,112,112,111,127,125,130,106,116,151,129,158,148,159,179,161,151,141,152,156,194,186,199,172,184,184,213,187,192,163,180,167,161,188,211,158,162,171,193,187,165,184,144,154,129,129,127,151,167,155,85,135,132,112,121,100,116,103,73,85,64,66,60,70,71,49,54,57,42,39,46,39,43,36,21,29,23,26,23,18,26,7,18,14,16,17,12,14,8,9,4,4,7,9,2,1,3,0,4,1,0,2,0,4,3,0,3,1,1,0,1,1,0,0,3,0,0,0,0,0,0,0,0,0,0,0,0,0,0,0,0,0,0,0,0,0,0,0,0,0,0,0,0,0,0
1,0,2,0,0,1,3,1,0,0,4,2,2,4,4,0,8,10,5,6,8,4,11,6,5,12,3,14,19,10,24,13,32,21,22,21,24,24,24,32,52,69,43,53,40,51,87,32,67,62,73,80,84,89,82,74,116,84,122,125,122,112,94,128,162,137,150,129,154,156,158,156,129,162,128,166,178,171,166,180,185,196,211,194,155,165,155,150,173,168,164,186,156,175,177,143,169,158,142,142,107,138,139,162,133,136,122,115,121,106,97,108,81,49,83,49,59,81,58,64,48,51,44,51,35,49,35,45,33,17,29,15,23,19,14,22,7,15,21,17,15,11,10,11,9,2,6,11,1,4,1,3,0,5,3,0,3,0,2,2,1,4,0,0,0,2,0,0,2,1,0,0,0,0,0,0,0,0,0,0,0,0,0,0,0,0,0,0,0,0,0,0,0,0,0,0,0,0,0,0
1,0,0,0,0,1,6,1,0,2,2,2,5,2,4,2,5,9,9,6,7,10,9,8,10,17,6,10,12,11,19,8,18,23,12,36,30,27,25,37,44,37,49,39,42,34,62,44,53,74,54,66,61,81,71,105,112,106,106,118,110,110,90,109,144,134,129,138,158,182,154,145,143,141,136,183,146,199,163,188,181,191,192,177,162,189,182,173,160,176,186,178,140,165,167,136,178,138,176,124,111,134,152,150,130,120,125,115,110,112,89,98,77,57,74,48,74,67,74,64,59,49,62,44,35,43,26,38,39,11,30,7,27,15,12,25,9,13,14,12,9,6,6,15,6,8,6,9,6,9,7,2,0,3,1,0,1,0,3,0,1,3,1,1,0,2,0,0,1,3,1,0,0,0,1,0,0,0,0,0,0,0,0,0,0,0,0,0,0,0,0,0,0,0,0,0,0,0,0,0
1,0,0,0,0,0,2,1,0,4,4,2,3,1,4,0,6,5,9,4,12,14,13,5,9,15,5,6,17,12,18,23,19,28,18,27,22,23,18,36,35,51,49,40,29,55,65,56,58,57,60,52,66,103,71,79,108,85,87,102,114,111,105,105,132,135,140,133,169,171,149,163,126,153,130,135,155,150,155,186,178,169,181,149,158,185,170,155,151,191,142,163,166,158,154,146,179,137,158,138,108,163,138,149,111,130,116,117,116,123,92,93,74,59,59,52,66,55,59,54,45,51,62,42,24,46,32,39,46,13,30,26,18,37,11,22,5,18,12,7,10,8,15,13,7,2,8,11,4,9,1,2,0,5,0,1,0,0,4,2,2,4,2,3,0,0,1,0,1,1,1,0,0,0,1,0,0,0,0,0,0,0,0,0,0,0,0,0,0,0,0,0,0,0,0,0,0,0,0,0
0,0,1,0,0,1,4,3,0,0,1,4,6,2,8,1,1,5,6,4,4,10,12,10,10,9,7,10,14,7,28,20,16,22,21,32,27,23,18,30,35,42,35,43,54,39,66,41,55,57,66,42,97,72,72,93,103,100,107,112,133,97,93,95,136,122,138,136,155,157,144,141,127,153,146,145,133,173,137,174,141,194,195,160,141,166,166,159,164,146,147,178,152,175,158,160,174,129,153,106,99,149,130,163,139,103,121,118,108,99,80,82,104,60,75,51,84,70,60,59,38,42,50,41,26,46,36,36,32,12,13,14,22,23,11,22,6,18,17,9,12,8,9,6,6,4,7,9,5,1,4,3,0,3,3,0,3,0,4,1,1,2,0,0,0,0,0,0,0,2,0,0,0,0,1,0,0,0,0,0,0,0,0,0,0,0,0,0,0,0,0,0,0,0,0,0,0,0,0,0
4,0,0,0,0,1,7,1,0,2,3,4,4,5,1,2,2,8,6,3,8,13,9,10,11,10,4,8,10,5,21,16,12,29,17,27,31,23,24,27,32,43,42,39,37,27,55,53,48,62,71,62,84,71,68,81,97,91,96,102,108,114,97,92,131,108,126,145,178,143,132,146,134,163,121,162,153,166,129,177,132,166,193,158,142,182,156,147,167,145,173,165,147,135,174,147,154,123,126,110,95,117,114,145,114,111,103,100,122,101,76,103,79,62,68,46,56,46,48,41,43,44,52,46,27,45,42,34,34,21,32,17,21,17,11,22,11,9,16,10,7,7,7,10,7,6,6,4,8,8,3,3,0,5,2,1,0,0,5,1,0,0,0,1,0,0,0,0,0,1,0,0,0,0,0,0,0,0,0,0,0,0,0,0,0,0,0,0,0,0,0,0,0,0,0,0,0,0,0,0
2,0,0,0,0,2,2,1,0,0,0,3,7,4,2,2,7,2,5,1,5,11,12,10,11,10,7,14,12,7,14,14,24,25,23,28,19,20,21,24,45,41,40,37,43,40,81,43,44,47,65,51,75,73,60,65,100,87,88,97,111,99,91,85,152,129,136,150,148,138,133,164,96,147,126,156,158,159,130,153,143,167,182,161,145,151,157,130,142,154,143,147,131,153,155,148,157,109,159,111,86,138,135,144,128,108,118,103,99,84,84,77,75,61,68,41,60,57,51,47,45,41,49,43,26,30,36,37,38,17,33,17,29,16,22,30,8,16,15,11,5,7,5,11,11,2,6,8,3,8,0,4,0,1,2,2,2,0,6,1,1,2,1,1,0,1,0,0,2,4,1,0,0,0,0,0,0,0,0,0,0,0,0,0,0,0,0,0,0,0,0,0,0,0,0,0,0,0,0,0
1,0,0,0,0,1,4,4,0,1,0,2,4,0,4,3,3,2,3,6,8,11,8,5,5,12,6,11,15,15,16,16,20,22,11,22,26,16,17,32,40,37,44,49,36,30,78,43,58,54,46,45,85,83,71,59,91,83,100,107,113,90,87,86,117,112,122,130,146,155,138,130,127,137,131,139,141,141,128,146,133,168,183,151,154,156,164,132,158,161,124,166,127,132,144,153,150,109,117,128,111,124,119,129,97,116,114,89,107,104,80,78,76,51,67,44,61,48,52,59,50,38,49,37,27,29,30,36,29,10,34,16,24,14,16,21,7,13,6,13,8,5,5,4,5,4,6,4,7,7,2,2,0,4,1,0,0,0,2,2,0,2,1,1,0,1,0,0,0,2,1,0,0,0,0,0,0,0,0,0,0,0,0,0,0,0,0,0,0,0,0,0,0,0,0,0,0,0,0,0
3,0,0,0,0,0,6,3,0,2,0,0,4,4,2,1,4,3,6,0,4,5,9,8,7,9,11,13,19,10,11,13,9,20,19,27,28,14,26,31,32,30,38,37,33,24,53,51,31,44,71,46,70,67,56,68,78,73,84,105,109,109,73,95,104,130,111,124,148,137,126,149,105,135,130,135,148,161,128,134,141,161,140,167,136,151,143,131,154,138,145,142,138,152,141,126,171,109,134,132,99,127,116,106,111,111,135,93,79,101,76,101,70,63,73,47,60,71,61,53,55,45,39,40,19,38,25,26,25,9,27,10,22,19,12,31,6,10,9,9,10,8,4,9,5,0,2,9,1,6,2,1,0,5,2,1,1,0,1,1,0,4,1,1,0,2,0,0,2,1,2,0,0,0,0,0,0,0,0,0,0,0,0,0,0,0,0,0,0,0,0,0,0,0,0,0,0,0,0,0
0,0,1,0,0,0,2,2,0,2,1,2,1,1,1,3,1,4,6,3,6,4,8,10,8,18,9,6,14,6,13,16,18,20,15,32,19,16,21,24,39,37,45,39,23,38,62,32,48,51,60,42,63,64,71,70,86,101,98,101,112,120,76,73,106,100,107,113,158,155,120,141,101,120,124,152,141,160,120,148,153,143,163,158,121,152,159,138,138,158,135,142,147,131,144,122,145,126,115,119,99,105,130,132,130,96,112,93,95,82,67,70,54,62,62,46,65,58,56,50,42,33,43,39,23,38,29,33,19,17,24,14,29,24,21,17,6,13,15,15,10,6,9,4,3,6,5,8,8,0,2,1,0,2,3,0,2,0,1,3,0,0,1,2,0,1,1,0,0,0,0,0,0,0,1,0,0,0,0,0,0,0,0,0,0,0,0,0,0,0,0,0,0,0,0,0,0,0,0,0
2,0,1,0,0,1,1,3,0,1,1,0,2,0,3,1,6,6,6,3,9,9,8,4,3,12,8,8,18,6,18,17,15,14,18,31,20,17,22,29,36,38,42,17,28,38,49,33,42,40,41,46,69,64,56,83,87,96,85,94,100,79,74,82,132,106,110,134,131,143,112,141,110,140,120,142,151,136,126,141,138,152,150,143,141,152,151,107,108,147,127,135,139,112,145,125,151,127,139,103,83,127,100,122,104,104,97,77,90,85,70,76,58,48,74,47,61,55,57,60,38,43,41,30,31,35,29,36,24,17,31,16,19,18,15,26,8,11,10,10,6,5,5,2,4,2,4,7,8,8,0,1,0,3,2,0,0,0,2,2,0,1,0,1,0,0,1,0,1,0,0,0,0,0,2,0,0,0,0,0,0,0,0,0,0,0,0,0,0,0,0,0,0,0,0,0,0,0,0,0
1,0,0,0,0,1,3,3,0,1,4,3,2,2,0,0,4,3,7,5,2,4,9,6,6,5,8,7,13,7,14,13,16,21,8,21,20,8,16,22,31,36,34,39,31,31,55,35,42,41,52,44,49,73,62,71,78,79,90,84,111,99,79,92,96,110,119,114,101,132,130,144,123,134,117,120,127,144,103,144,125,159,134,124,152,146,143,117,130,138,111,129,139,128,146,117,129,104,126,99,92,117,125,103,118,87,92,93,79,79,61,80,61,45,61,55,57,52,52,48,45,36,51,26,25,36,29,46,36,9,28,14,23,18,18,21,7,14,8,8,9,10,1,10,5,0,2,4,1,2,0,5,0,2,2,0,0,0,2,2,1,2,1,2,0,0,0,0,1,2,1,0,0,0,1,0,0,0,0,0,0,0,0,0,0,0,0,0,0,0,0,0,0,0,0,0,0,0,0,0
0,0,2,0,0,0,1,2,0,0,1,1,4,2,3,0,3,5,6,1,4,10,9,10,3,13,7,8,16,7,6,14,22,17,21,20,16,13,17,23,35,35,45,29,35,37,64,31,34,43,49,45,72,55,63,67,71,68,90,92,103,78,74,80,107,120,98,113,111,131,98,141,107,121,108,145,104,122,93,145,109,161,147,140,137,112,130,132,122,135,120,111,132,119,138,104,115,118,120,106,93,122,121,107,83,109,122,88,88,72,77,77,80,50,73,51,45,51,45,50,37,42,44,27,23,25,26,27,22,15,21,9,16,8,13,23,6,10,15,8,8,5,9,7,4,3,1,8,7,1,4,1,0,2,5,0,2,0,4,4,0,2,0,2,0,0,0,0,1,2,0,0,0,0,0,0,0,0,0,0,0,0,0,0,0,0,0,0,0,0,0,0,0,0,0,0,0,0,0,0
4,0,0,0,0,1,2,3,0,2,0,4,3,2,0,0,2,3,6,2,4,10,2,8,6,7,4,5,7,9,11,15,15,21,14,27,24,18,14,21,33,42,42,36,21,26,60,36,35,42,60,49,49,61,57,58,83,71,79,71,82,83,70,74,99,83,101,96,118,127,115,119,92,113,123,130,119,126,115,126,121,129,148,131,130,147,128,101,103,131,119,126,114,113,138,108,120,102,121,99,82,104,103,103,88,105,110,69,77,68,61,63,49,52,47,40,52,55,38,54,44,40,43,25,17,34,28,35,21,13,28,16,15,22,10,13,10,15,12,14,8,5,9,7,9,1,2,4,11,2,3,3,0,1,1,0,1,0,0,0,0,3,0,3,0,0,0,0,1,0,0,0,0,0,1,0,0,0,0,0,0,0,0,0,0,0,0,0,0,0,0,0,0,0,0,0,0,0,0,0
3,0,0,0,0,1,3,0,0,0,2,1,2,0,5,0,1,7,8,1,7,6,7,5,8,9,7,7,16,9,16,9,16,15,20,25,24,12,11,21,27,37,34,27,32,33,36,28,39,44,52,31,59,67,38,75,77,50,77,87,80,100,49,67,109,96,115,98,130,113,91,100,89,122,126,119,118,131,123,144,100,108,139,121,132,132,144,112,110,125,134,126,101,121,146,128,123,104,130,102,72,102,96,115,99,101,94,83,83,91,64,85,59,59,49,40,42,48,39,47,49,35,32,28,26,38,30,25,23,17,23,12,22,14,16,21,5,13,9,12,7,3,5,7,3,3,2,10,6,6,3,1,0,2,4,0,2,0,2,1,2,2,0,3,0,0,0,0,1,0,0,0,0,0,0,0,0,0,0,0,0,0,0,0,0,0,0,0,0,0,0,0,0,0,0,0,0,0,0,0
0,0,0,0,0,1,1,4,0,2,2,3,3,3,3,2,7,5,6,2,4,8,6,7,7,13,1,9,16,2,10,13,12,14,8,25,20,9,19,19,24,20,40,40,21,28,51,29,39,51,52,33,59,55,45,69,78,72,85,98,98,86,57,92,104,98,106,93,116,107,111,107,80,116,91,132,146,117,107,125,135,113,138,120,112,136,110,102,105,129,108,105,127,109,118,117,124,115,126,95,98,84,94,94,99,86,79,81,70,79,65,64,60,55,38,27,50,47,35,55,27,37,39,37,26,25,28,36,18,10,18,11,17,13,14,14,4,6,7,9,8,4,4,6,5,3,2,5,8,3,3,3,0,4,0,2,0,0,1,2,1,1,0,4,0,2,0,0,0,2,1,0,0,0,2,0,0,0,0,0,0,0,0,0,0,0,0,0,0,0,0,0,0,0,0,0,0,0,0,0
0,0,1,0,0,1,2,2,0,2,2,3,3,2,2,0,2,4,5,3,5,5,8,7,5,4,7,6,16,8,19,11,7,17,17,11,20,18,18,22,24,26,45,31,27,24,50,27,43,33,39,40,49,59,50,68,66,75,67,99,82,69,53,62,104,98,81,94,120,121,106,104,84,97,134,114,113,118,100,125,93,122,132,91,144,126,122,112,104,144,110,113,109,110,120,106,109,77,111,100,87,70,95,86,89,71,94,68,86,71,66,53,64,47,60,41,42,38,44,42,39,33,32,21,29,29,25,28,24,7,21,14,23,17,13,10,6,16,10,6,7,2,4,4,3,3,3,6,3,4,2,0,0,2,6,2,3,0,3,0,0,1,0,0,0,0,0,0,2,1,0,0,0,0,3,0,0,0,0,0,0,0,0,0,0,0,0,0,0,0,0,0,0,0,0,0,0,0,0,0
1,0,0,0,0,1,3,1,0,0,0,4,3,0,3,0,1,5,6,3,0,3,4,3,6,8,2,8,9,4,15,5,16,16,16,24,21,9,21,17,28,29,25,28,23,32,40,35,35,33,47,39,59,51,50,53,73,74,74,68,85,75,71,71,102,90,75,93,119,110,96,104,98,93,107,146,109,130,97,137,99,128,124,95,98,126,126,100,123,123,116,125,103,117,135,96,134,78,106,97,71,100,82,78,84,62,90,85,76,75,56,62,56,38,56,34,37,42,37,41,30,32,28,16,25,38,28,26,18,14,19,21,16,11,13,17,5,11,8,10,4,8,5,7,3,4,5,2,5,3,0,3,0,3,4,0,0,0,1,1,0,4,0,2,0,0,0,0,0,1,0,0,0,0,0,0,0,0,0,0,0,0,0,0,0,0,0,0,0,0,0,0,0,0,0,0,0,0,0,0
2,0,1,0,0,2,5,4,0,0,0,2,0,2,2,1,2,5,4,1,5,3,11,4,4,9,3,8,11,6,11,18,10,18,16,22,21,10,12,23,23,28,30,21,13,34,51,39,34,39,44,43,47,55,43,67,63,51,73,53,83,72,69,65,105,92,101,97,94,120,82,123,89,114,93,97,110,130,102,115,112,142,119,106,103,119,101,102,96,114,115,112,92,111,109,106,111,82,92,88,76,103,89,98,109,69,66,78,58,79,54,70,57,41,51,34,33,37,45,49,24,20,32,23,27,27,30,25,26,8,11,17,19,13,11,13,7,15,17,15,1,3,4,13,1,5,7,5,0,3,0,3,0,0,1,2,2,0,0,1,0,0,0,0,0,0,1,0,0,3,0,0,0,0,0,0,0,0,0,0,0,0,0,0,0,0,0,0,0,0,0,0,0,0,0,0,0,0,0,0
1,0,0,0,0,2,1,2,0,1,0,3,1,1,1,1,1,2,2,2,4,8,6,4,4,5,4,3,8,3,14,6,8,16,14,12,11,12,17,17,18,30,28,28,22,24,50,33,33,47,41,32,46,68,45,46,67,64,75,71,82,83,70,53,96,68,94,85,82,104,99,111,99,87,95,104,102,112,81,118,101,136,127,115,96,124,110,85,106,117,100,112,83,101,123,105,103,85,91,86,78,97,91,91,68,86,94,74,75,79,50,66,53,33,51,33,48,40,32,39,37,31,34,27,25,23,20,24,23,11,13,13,18,13,13,14,8,11,6,3,7,2,4,5,5,3,5,5,4,6,1,0,0,2,0,0,1,0,3,1,1,2,0,3,0,1,1,0,0,5,0,0,0,0,0,0,0,0,0,0,0,0,0,0,0,0,0,0,0,0,0,0,0,0,0,0,0,0,0,0
1,0,1,0,0,0,3,1,0,1,3,1,2,1,1,0,0,6,4,2,5,6,6,3,8,10,2,3,14,3,12,13,12,12,16,18,21,14,20,34,19,34,26,28,21,26,44,30,28,38,43,39,52,63,40,42,84,54,60,90,85,68,61,69,86,78,94,82,87,103,96,104,81,100,86,106,101,116,103,121,106,108,117,93,116,102,115,84,111,103,100,92,101,102,93,93,98,95,93,89,59,94,71,83,79,62,75,62,62,45,47,56,63,42,47,30,59,39,35,50,28,38,31,28,30,26,22,19,19,19,23,8,17,17,9,20,7,7,7,5,5,4,3,4,5,2,5,5,1,2,0,3,0,1,2,0,1,0,1,1,2,1,1,0,0,0,0,0,1,0,1,0,0,0,0,0,0,0,0,0,0,0,0,0,0,0,0,0,0,0,0,0,0,0,0,0,0,0,0,0
1,0,0,0,0,0,3,1,0,1,0,3,1,2,1,2,1,5,1,7,5,3,8,5,7,5,2,6,6,5,8,11,6,17,17,19,10,9,13,22,20,27,25,30,26,26,34,30,30,39,30,34,47,62,50,43,57,56,84,65,64,80,56,61,97,86,76,86,89,120,70,91,83,107,95,100,100,77,87,104,100,101,123,107,88,123,100,98,86,109,93,91,98,109,106,83,108,81,78,71,72,84,93,102,77,72,70,60,56,64,56,51,53,31,51,29,44,37,40,33,38,34,38,18,19,29,35,22,20,9,23,13,15,14,16,14,8,10,6,2,4,4,1,12,1,2,5,5,3,1,0,1,0,1,2,0,0,0,2,4,0,1,0,0,0,1,0,0,0,1,2,0,0,0,0,0,0,0,0,0,0,0,0,0,0,0,0,0,0,0,0,0,0,0,0,0,0,0,0,0
1,0,1,0,0,3,2,4,0,0,0,1,2,0,4,1,2,4,1,1,2,6,5,3,4,12,2,2,10,8,10,8,14,16,9,9,19,14,14,19,39,22,31,19,31,24,30,34,29,46,40,28,40,60,45,42,58,51,64,64,56,60,49,55,85,83,86,83,93,112,84,84,76,102,86,108,91,102,93,91,102,101,108,104,104,95,102,76,106,96,99,104,101,106,102,94,99,69,77,71,57,96,98,85,84,80,82,54,58,57,55,42,54,44,37,36,46,40,32,36,23,29,17,28,29,20,25,22,14,11,21,12,20,8,6,12,5,10,11,3,5,1,5,8,5,1,3,6,2,2,1,1,0,1,2,0,1,0,1,2,0,2,0,2,0,0,0,0,0,0,0,0,0,0,0,0,0,0,0,0,0,0,0,0,0,0,0,0,0,0,0,0,0,0,0,0,0,0,0,0
1,0,0,0,0,1,5,1,0,0,0,1,2,1,1,1,2,5,2,7,7,6,3,2,8,6,4,3,9,7,8,15,6,17,18,11,18,13,11,18,21,31,24,21,20,26,38,34,28,28,41,33,46,45,34,44,45,39,65,59,72,60,55,61,90,89,75,101,78,90,82,89,61,93,73,97,96,107,74,114,99,111,93,117,98,102,107,92,72,98,84,99,86,88,98,101,122,86,95,80,63,75,87,99,85,77,73,63,70,51,48,58,51,46,50,37,39,42,35,28,23,24,33,21,18,24,20,22,19,12,21,14,9,14,10,14,5,8,8,7,3,2,5,5,5,3,6,5,3,5,1,2,0,2,1,0,1,0,2,0,0,1,0,1,0,0,3,0,0,0,0,0,0,0,0,0,0,0,0,0,0,0,0,0,0,0,0,0,0,0,0,0,0,0,0,0,0,0,0,0
1,0,1,0,0,0,1,1,0,1,0,3,5,5,2,0,2,4,3,2,7,8,4,5,2,6,3,2,8,7,9,5,16,20,8,18,12,10,18,24,21,17,24,25,15,31,33,31,28,27,32,34,53,44,44,53,48,54,55,50,57,62,65,64,77,67,79,82,78,117,71,92,69,93,82,94,123,92,86,89,88,90,103,90,94,84,83,80,96,85,95,78,82,79,108,86,97,63,79,80,59,65,72,74,68,78,71,57,63,63,42,59,38,44,39,33,42,30,37,40,21,30,31,14,18,21,23,26,25,8,12,4,17,13,4,6,3,8,10,7,9,4,3,3,2,3,1,4,4,1,3,0,0,2,1,0,0,0,1,1,0,1,1,0,0,0,0,0,0,0,0,0,0,0,0,0,0,0,0,0,0,0,0,0,0,0,0,0,0,0,0,0,0,0,0,0,0,0,0,0
0,0,1,0,0,0,1,0,0,0,0,1,3,1,3,0,0,4,2,1,3,7,2,7,4,6,3,8,4,5,5,8,13,14,9,13,11,15,15,13,16,18,29,34,21,23,31,27,13,24,37,22,39,37,38,40,58,42,56,56,64,60,60,47,74,80,68,69,96,98,77,99,75,91,63,101,95,90,67,92,84,97,96,91,112,102,102,99,115,92,86,100,81,85,83,98,81,86,93,82,64,85,75,83,78,52,77,58,59,47,47,41,51,31,39,37,42,33,22,33,27,27,27,18,19,20,18,21,13,10,15,11,13,13,9,16,3,7,7,3,4,2,2,2,1,4,5,5,4,5,0,1,0,0,1,0,2,0,1,0,0,2,0,0,0,1,0,0,1,2,0,0,0,0,1,0,0,0,0,0,0,0,0,0,0,0,0,0,0,0,0,0,0,0,0,0,0,0,0,0
0,0,0,0,0,0,0,1,0,1,0,0,0,0,7,0,2,5,5,1,7,2,4,4,4,10,5,4,11,5,13,7,12,20,5,25,17,13,8,22,22,25,24,21,20,18,36,28,32,26,41,37,56,48,40,37,58,56,59,59,81,69,41,66,60,62,76,77,72,77,85,95,76,86,70,98,98,97,97,72,71,96,104,98,84,93,66,83,92,105,82,94,100,75,107,79,89,76,90,61,62,72,68,72,87,65,73,57,56,59,57,39,42,42,38,37,32,36,31,22,23,33,26,20,19,26,15,29,17,14,16,12,13,13,15,9,6,8,3,4,4,1,2,7,2,3,4,2,1,5,0,2,0,2,1,0,0,0,2,1,0,0,0,2,0,0,1,0,1,0,0,0,0,0,0,0,0,0,0,0,0,0,0,0,0,0,0,0,0,0,0,0,0,0,0,0,0,0,0,0
2,0,0,0,0,0,3,0,0,0,1,1,0,1,5,1,3,1,7,0,2,2,5,8,2,3,2,5,7,10,11,7,7,10,10,17,10,6,17,17,18,21,18,19,26,23,37,22,28,31,35,28,46,46,30,42,62,47,46,73,49,55,46,59,69,65,66,77,78,93,63,70,74,61,74,92,100,93,77,64,86,86,103,91,86,101,97,81,79,111,86,77,71,71,106,100,124,94,57,73,63,79,68,84,73,59,74,65,45,53,48,57,47,27,38,21,37,42,35,35,19,29,27,23,14,25,26,17,15,6,17,8,14,8,6,18,4,8,7,7,4,4,3,4,3,1,3,5,1,0,0,0,0,3,2,0,0,0,3,0,0,2,0,0,0,0,0,0,1,0,0,0,0,0,1,0,0,0,0,0,0,0,0,0,0,0,0,0,0,0,0,0,0,0,0,0,0,0,0,0
2,0,0,0,0,0,1,0,0,1,1,0,2,2,2,0,4,5,3,2,8,1,5,9,5,9,3,9,7,4,5,5,11,10,12,11,15,5,11,14,16,20,25,18,21,21,38,26,23,27,35,37,36,45,40,43,55,56,52,56,75,42,52,67,69,68,71,65,91,91,69,78,58,87,72,84,86,90,71,87,71,86,90,92,82,92,98,89,82,92,85,100,82,72,76,66,79,77,71,77,57,68,73,76,64,63,61,63,48,48,36,49,40,29,37,30,28,27,28,29,23,22,23,27,21,11,24,21,18,7,13,6,13,17,10,5,5,5,5,6,4,4,8,2,2,2,0,5,2,7,2,0,0,1,3,0,2,0,1,2,0,1,0,0,0,0,0,0,1,0,0,0,0,0,2,0,0,0,0,0,0,0,0,0,0,0,0,0,0,0,0,0,0,0,0,0,0,0,0,0
1,0,0,0,0,0,0,1,0,1,2,1,2,2,2,0,0,4,3,2,2,9,5,7,5,12,2,6,5,4,9,7,9,9,10,8,17,14,12,18,13,18,22,25,20,25,23,21,24,29,41,23,43,52,39,47,61,37,49,46,70,59,46,56,65,61,64,72,88,64,77,81,60,82,76,83,77,88,76,96,79,90,81,80,81,102,74,90,90,109,83,65,86,78,78,77,74,64,66,59,52,77,63,66,73,63,64,49,57,59,47,33,44,42,35,22,31,33,42,46,30,31,24,16,12,15,19,24,11,10,23,14,17,12,8,12,4,5,8,5,6,4,3,5,2,3,1,4,6,2,1,2,0,0,0,1,1,0,0,2,1,1,0,0,0,1,0,0,0,0,1,0,0,0,0,0,0,0,0,0,0,0,0,0,0,0,0,0,0,0,0,0,0,0,0,0,0,0,0,0
0,0,1,0,0,0,3,2,0,2,0,3,3,3,3,1,2,2,2,1,5,3,5,4,5,9,2,3,7,3,7,6,12,10,6,11,15,10,10,12,21,19,27,13,18,22,33,31,16,20,44,28,42,48,42,42,50,42,56,47,47,65,47,53,76,58,62,70,72,87,65,77,65,77,78,90,88,106,73,68,76,91,104,97,83,84,68,65,82,80,94,94,78,70,80,80,76,79,67,65,44,75,58,74,61,52,73,51,52,47,29,46,40,27,35,30,44,31,39,36,28,27,24,12,16,16,28,19,17,7,13,11,14,8,9,13,3,8,5,7,4,3,2,2,2,4,4,4,1,2,1,0,0,1,1,0,2,0,0,1,0,2,0,1,0,0,0,0,1,0,0,0,0,0,0,0,0,0,0,0,0,0,0,0,0,0,0,0,0,0,0,0,0,0,0,0,0,0,0,0
0,0,1,0,0,1,3,1,0,0,2,1,2,0,0,1,4,5,1,4,5,3,1,1,3,6,4,2,4,1,13,11,10,18,11,9,26,13,15,21,21,19,16,18,11,18,27,17,23,25,39,26,46,37,36,35,44,37,54,60,50,57,45,43,67,73,71,66,89,62,67,73,73,62,69,63,71,77,70,68,76,91,91,87,60,74,83,73,84,83,77,84,67,79,100,82,90,56,45,71,59,63,73,63,69,51,68,61,42,36,43,58,35,35,35,30,28,17,21,38,19,20,23,10,19,16,22,16,14,9,20,5,15,14,7,5,2,5,5,5,0,2,2,6,2,3,3,5,0,1,0,0,0,3,0,0,2,0,1,0,0,2,0,3,0,0,0,0,1,1,0,0,0,0,0,0,0,0,0,0,0,0,0,0,0,0,0,0,0,0,0,0,0,0,0,0,0,0,0,0
0,0,0,0,0,0,0,1,0,1,0,3,1,1,0,1,5,4,5,1,3,1,5,8,3,5,2,2,13,1,6,9,6,11,7,16,12,11,12,21,15,12,28,20,17,14,32,17,23,23,36,22,33,40,33,38,44,40,44,33,48,63,39,40,74,63,57,80,72,83,57,72,65,72,63,83,86,89,62,72,79,84,93,69,68,88,78,80,79,76,71,66,65,75,78,70,86,70,71,52,52,70,76,50,58,51,66,48,56,57,40,42,39,25,37,36,37,27,30,20,23,20,23,23,17,26,20,16,13,11,12,6,13,7,7,11,4,5,7,5,8,1,4,11,5,2,4,1,4,3,2,1,0,1,0,0,0,0,0,0,1,1,1,0,0,0,0,0,0,0,1,0,0,0,1,0,0,0,0,0,0,0,0,0,0,0,0,0,0,0,0,0,0,0,0,0,0,0,0,0
1,0,0,0,0,1,0,2,0,0,1,3,2,3,2,0,4,1,4,3,5,4,5,3,9,6,2,10,7,3,6,4,5,7,7,10,11,6,10,16,18,21,22,8,13,18,33,23,22,31,31,22,26,45,33,29,48,44,63,47,54,42,41,54,54,68,65,62,72,85,60,62,71,48,44,84,68,82,59,85,64,88,95,86,69,83,82,52,71,75,64,85,64,77,78,52,90,66,71,57,53,60,82,63,51,52,56,47,39,50,46,35,36,32,45,22,31,37,23,26,21,17,17,18,21,22,23,21,17,4,14,5,7,9,9,11,3,5,6,4,3,2,3,3,4,2,2,4,5,1,2,0,0,1,0,0,2,0,3,1,0,1,0,0,0,0,0,0,1,0,0,0,0,0,0,0,0,0,0,0,0,0,0,0,0,0,0,0,0,0,0,0,0,0,0,0,0,0,0,0
1,0,0,0,0,0,2,2,0,1,0,2,2,1,2,0,0,1,0,0,6,4,4,7,4,6,3,5,3,3,8,4,9,12,7,18,14,14,8,11,25,14,24,20,13,27,35,25,19,26,32,22,27,40,37,44,37,41,38,47,51,65,44,48,75,59,56,71,49,62,53,66,58,75,64,64,84,72,49,89,80,95,103,77,88,86,81,71,66,67,66,72,63,67,90,76,83,66,67,58,61,52,53,55,61,61,53,36,41,41,44,36,21,28,41,21,34,27,33,16,20,16,18,14,15,8,16,17,17,9,15,10,8,7,9,6,7,8,5,7,3,0,4,2,3,3,4,2,0,3,0,1,0,0,1,0,0,0,3,0,0,1,0,0,0,1,1,0,0,0,0,0,0,0,0,0,0,0,0,0,0,0,0,0,0,0,0,0,0,0,0,0,0,0,0,0,0,0,0,0
0,0,0,0,0,0,1,0,0,0,3,2,2,0,1,1,3,2,3,2,5,5,7,4,5,4,3,3,11,3,7,5,7,16,6,13,16,10,9,13,21,14,21,16,20,8,38,21,28,20,29,15,37,32,30,38,38,40,40,52,55,53,50,50,64,69,57,59,42,67,63,73,55,75,71,77,81,61,53,67,54,80,72,94,56,75,67,60,54,73,56,65,56,68,55,57,84,54,55,48,53,61,61,57,71,51,52,38,45,38,34,50,31,33,23,22,33,23,29,29,12,28,23,10,18,15,21,17,14,8,10,9,17,10,10,8,3,5,7,6,5,4,2,3,1,1,1,0,0,1,1,1,0,0,0,0,0,0,2,2,0,0,0,1,0,0,0,0,1,1,0,0,0,0,0,0,0,0,0,0,0,0,0,0,0,0,0,0,0,0,0,0,0,0,0,0,0,0,0,0
2,0,1,0,0,0,2,0,0,0,2,1,1,0,1,2,1,2,3,1,4,3,9,2,2,4,3,7,9,6,13,8,7,6,13,18,13,4,9,13,16,21,27,25,16,17,23,21,19,24,28,27,37,26,26,29,31,39,54,62,44,50,29,41,65,47,50,64,63,70,60,73,66,50,57,72,71,78,64,66,61,63,79,51,58,64,59,51,66,65,70,70,69,73,83,67,73,69,55,53,42,65,48,62,66,43,58,61,37,38,38,37,33,18,22,27,28,29,29,30,22,15,19,17,12,17,24,22,20,7,14,10,8,9,7,6,2,4,5,5,1,3,3,1,4,2,3,3,1,1,0,1,0,3,0,0,0,0,0,2,1,0,0,2,0,0,0,0,0,0,0,0,0,0,0,0,0,0,0,0,0,0,0,0,0,0,0,0,0,0,0,0,0,0,0,0,0,0,0,0
0,0,1,0,0,0,2,0,0,3,0,0,0,1,2,0,2,3,3,4,3,5,6,2,4,6,3,1,11,4,10,4,8,8,10,15,8,7,13,13,15,10,12,22,13,13,22,16,26,18,24,23,25,25,28,25,37,33,46,51,55,50,30,44,58,53,64,54,65,72,59,69,43,71,62,68,64,66,49,70,72,71,71,60,69,84,62,50,64,82,66,60,56,64,69,62,65,57,70,57,40,51,49,44,46,49,56,39,53,38,30,40,36,24,38,25,32,32,24,26,23,21,16,22,11,15,7,15,12,7,9,8,11,5,6,4,3,6,2,5,6,3,4,0,0,0,1,3,4,1,0,1,0,0,1,0,0,0,0,0,1,2,0,0,0,0,1,0,0,1,0,0,0,0,0,0,0,0,0,0,0,0,0,0,0,0,0,0,0,0,0,0,0,0,0,0,0,0,0,0
0,0,0,0,0,0,2,1,0,0,1,0,2,1,1,1,2,4,1,2,2,6,4,2,3,2,3,3,6,2,5,3,6,11,5,11,9,9,7,7,21,18,19,17,19,8,27,22,11,26,20,15,22,35,27,39,29,37,41,53,50,37,40,45,57,60,57,58,64,60,58,62,60,67,53,77,57,75,57,73,72,75,73,74,62,73,74,61,62,65,62,71,62,67,78,61,86,46,51,52,40,57,47,58,47,35,53,44,38,47,37,40,32,24,40,24,27,18,15,27,11,21,13,13,15,15,16,21,15,9,10,6,7,5,11,8,1,2,3,3,4,5,0,5,1,2,1,1,1,4,1,1,0,0,3,0,1,0,0,1,0,1,0,0,0,0,1,0,0,0,0,0,0,0,0,0,0,0,0,0,0,0,0,0,0,0,0,0,0,0,0,0,0,0,0,0,0,0,0,0
1,0,0,0,0,0,0,0,0,1,1,1,0,0,2,0,0,2,4,5,1,2,4,2,3,5,2,2,3,5,9,5,9,11,12,12,12,5,6,6,13,14,13,14,12,14,31,19,26,22,31,13,25,29,28,34,32,33,36,39,48,43,35,43,54,49,55,66,57,58,57,43,46,57,47,77,65,68,64,78,77,56,72,69,57,64,57,58,66,61,66,72,47,52,86,72,56,51,58,54,44,41,54,52,50,36,56,42,33,34,27,41,32,21,32,25,30,35,25,15,18,18,17,10,20,19,16,16,12,6,8,7,14,10,5,15,9,4,1,3,5,4,1,2,2,2,1,2,3,3,0,0,0,0,1,0,0,0,0,2,0,1,1,2,0,2,0,0,0,0,0,0,0,0,0,0,0,0,0,0,0,0,0,0,0,0,0,0,0,0,0,0,0,0,0,0,0,0,0,0
0,0,1,0,0,0,0,1,0,0,0,0,3,0,4,0,0,3,3,1,4,3,3,4,2,6,3,5,5,8,6,4,7,9,8,12,11,8,5,12,13,16,24,14,16,15,26,18,21,20,21,23,29,26,26,27,40,35,29,44,34,46,32,43,58,47,59,49,66,65,47,62,35,57,54,54,51,62,59,52,57,81,64,73,63,57,67,64,72,54,63,49,53,58,70,62,64,57,52,43,41,48,49,55,48,38,35,46,45,46,24,41,25,20,27,24,25,24,24,21,19,20,18,15,8,17,13,13,13,7,15,6,11,6,5,9,2,6,8,3,2,3,4,9,3,1,1,6,2,0,0,3,0,2,2,0,1,0,1,0,0,3,0,2,0,0,1,0,0,1,0,0,0,0,0,0,0,0,0,0,0,0,0,0,0,0,0,0,0,0,0,0,0,0,0,0,0,0,0,0
1,0,0,0,0,1,1,1,0,0,3,0,0,0,1,0,1,3,1,1,4,0,4,2,3,2,4,3,6,4,1,7,11,8,7,15,10,6,10,17,19,17,19,14,12,21,17,14,18,29,20,17,31,28,26,35,27,42,29,41,42,39,44,42,63,49,47,61,53,63,53,50,42,47,52,75,66,67,51,56,51,68,70,62,58,61,59,51,53,59,59,66,65,54,56,47,56,47,55,41,37,45,48,56,46,48,45,45,47,44,30,34,33,27,28,13,25,22,17,18,13,13,20,13,14,10,16,18,10,8,15,4,9,6,6,14,4,5,3,2,0,2,6,4,1,1,1,4,2,3,0,1,0,0,0,1,1,0,2,2,1,0,0,0,0,0,0,0,1,0,0,0,0,0,0,0,0,0,0,0,0,0,0,0,0,0,0,0,0,0,0,0,0,0,0,0,0,0,0,0
0,0,0,0,0,0,2,3,0,0,0,0,3,1,5,0,0,3,2,2,5,6,3,1,5,7,2,8,5,6,9,7,12,7,7,7,19,8,8,8,9,13,15,10,5,16,21,25,15,16,24,22,28,26,19,31,34,34,28,50,54,46,36,36,43,42,50,42,51,58,47,40,43,54,45,45,56,61,46,63,54,63,67,68,52,70,75,50,56,51,55,46,69,50,84,52,63,45,31,43,32,43,32,52,48,37,48,47,36,31,35,35,22,34,42,27,26,19,21,23,18,18,16,20,10,9,8,12,11,7,14,6,7,5,4,10,2,6,4,1,2,0,0,3,2,0,3,2,1,0,0,0,0,2,1,0,0,0,0,1,2,1,2,0,0,1,0,0,0,1,1,0,0,0,0,0,0,0,0,0,0,0,0,0,0,0,0,0,0,0,0,0,0,0,0,0,0,0,0,0
2,0,1,0,0,0,1,0,0,0,1,2,0,0,1,0,2,1,3,1,3,1,6,1,2,5,5,5,7,3,8,5,1,10,5,11,11,7,11,10,19,20,19,16,7,16,21,12,16,23,18,18,34,24,29,28,33,25,23,37,46,44,33,34,46,30,37,43,53,67,49,56,28,51,38,49,64,57,49,67,47,66,77,54,63,70,64,58,72,70,62,66,54,48,53,43,54,47,55,47,31,58,35,43,43,35,42,31,32,32,36,33,29,20,27,17,21,24,18,16,9,14,14,16,9,15,16,16,8,2,20,3,10,6,5,6,2,3,6,6,4,2,7,8,4,1,3,1,2,2,1,2,0,0,2,0,0,0,0,0,1,1,0,0,0,0,0,0,0,0,0,0,0,0,0,0,0,0,0,0,0,0,0,0,0,0,0,0,0,0,0,0,0,0,0,0,0,0,0,0
1,0,1,0,0,0,0,3,0,1,1,1,1,0,0,2,1,0,2,0,1,5,5,0,3,1,3,8,4,4,3,5,10,7,10,8,5,4,6,12,19,12,18,17,15,11,30,17,19,14,23,24,33,30,20,24,35,39,39,42,47,33,38,30,47,42,43,43,63,52,41,57,35,49,47,51,66,66,51,56,45,65,65,47,46,56,47,46,53,69,45,55,49,51,64,55,57,44,55,33,43,31,54,56,37,36,40,42,22,37,26,30,24,29,22,13,22,28,23,25,11,22,16,13,10,12,20,6,9,7,8,6,12,7,6,5,0,7,5,13,7,3,2,4,1,3,4,4,3,1,2,1,0,1,1,0,0,0,1,2,0,1,1,0,0,1,0,0,1,0,1,0,0,0,0,0,0,0,0,0,0,0,0,0,0,0,0,0,0,0,0,0,0,0,0,0,0,0,0,0
0,0,0,0,0,1,0,1,0,1,2,1,1,2,0,1,1,1,0,3,3,2,4,5,5,1,4,7,6,2,8,5,5,7,5,12,14,5,6,9,15,19,19,16,16,11,30,12,14,19,27,17,29,40,17,20,33,25,38,42,43,32,29,37,38,34,42,48,41,50,38,46,56,50,58,54,32,51,44,73,52,73,60,51,34,53,55,40,53,61,49,57,46,59,59,52,56,50,42,56,35,50,36,43,48,48,52,37,26,33,38,25,31,28,30,18,22,18,12,19,14,19,18,14,9,10,11,10,13,8,7,6,7,8,9,7,3,5,3,6,5,1,1,2,2,2,3,2,4,3,1,0,0,1,0,0,0,0,0,2,0,0,0,0,0,1,0,0,0,1,0,0,0,0,0,0,0,0,0,0,0,0,0,0,0,0,0,0,0,0,0,0,0,0,0,0,0,0,0,0
0,0,1,0,0,0,1,1,0,0,0,2,1,1,1,0,2,1,3,0,1,3,3,5,1,5,3,6,3,4,13,5,6,8,6,11,12,9,4,9,8,14,14,21,12,12,18,14,11,19,20,14,22,18,26,31,31,28,33,39,45,35,33,39,40,52,39,53,46,52,51,46,37,60,40,47,50,60,50,42,50,48,62,52,48,63,54,54,56,57,61,62,45,46,58,40,43,39,33,58,44,45,46,51,54,35,46,28,35,40,37,32,30,36,21,16,21,18,20,15,14,29,20,13,13,15,12,6,7,7,9,6,8,7,5,3,1,4,3,3,2,2,0,2,1,1,2,2,2,7,0,1,0,2,2,0,0,0,5,0,0,0,0,1,0,0,0,0,0,1,0,0,0,0,0,0,0,0,0,0,0,0,0,0,0,0,0,0,0,0,0,0,0,0,0,0,0,0,0,0
0,0,0,0,0,1,2,1,0,1,0,0,4,0,1,0,1,1,3,2,1,0,5,4,2,2,3,2,4,2,4,3,7,5,6,10,6,7,11,11,12,13,21,14,12,15,27,14,12,19,9,15,24,27,27,25,37,31,26,44,36,32,33,20,48,39,42,40,50,64,42,36,39,37,48,60,40,54,44,55,56,61,69,51,58,57,63,40,40,56,55,52,45,55,49,62,49,40,45,43,37,35,60,49,55,28,39,34,38,28,21,28,24,24,24,10,23,23,21,16,10,18,14,12,10,8,7,7,9,7,11,5,11,7,2,8,3,6,2,6,4,2,1,2,1,1,1,5,1,1,0,2,0,1,0,0,1,0,0,0,0,0,0,0,0,1,0,0,1,0,0,0,0,0,0,0,0,0,0,0,0,0,0,0,0,0,0,0,0,0,0,0,0,0,0,0,0,0,0,0
0,0,0,0,0,0,1,0,0,1,0,0,0,0,1,0,3,2,1,1,1,3,4,1,2,4,1,3,5,3,6,6,6,10,6,7,9,8,1,4,12,14,17,12,12,7,21,22,16,24,29,17,17,25,17,27,43,26,29,45,27,38,23,29,35,37,28,52,42,52,37,46,43,40,43,40,55,57,43,57,52,48,46,54,49,39,56,49,56,41,53,55,40,63,46,41,47,44,34,51,33,26,31,59,37,41,39,23,27,37,20,28,30,25,16,18,20,21,15,16,13,18,16,14,16,12,14,10,7,9,9,4,8,6,4,5,4,2,4,3,7,5,3,1,2,1,3,1,1,3,1,0,0,1,0,0,0,0,1,0,0,0,0,1,0,1,0,0,0,0,0,0,0,0,0,0,0,0,0,0,0,0,0,0,0,0,0,0,0,0,0,0,0,0,0,0,0,0,0,0
0,0,1,0,0,0,0,0,0,1,0,0,1,0,3,0,0,2,2,1,3,2,1,3,1,2,1,3,6,5,7,6,3,10,7,8,9,5,7,9,16,20,10,10,10,15,22,16,13,19,13,10,26,20,27,23,21,30,29,31,31,34,27,24,43,30,30,44,47,52,60,34,51,48,43,68,48,49,47,51,47,63,52,56,37,55,45,58,43,54,54,62,49,38,65,42,61,32,44,44,32,50,38,60,47,26,38,39,30,34,28,27,31,13,24,19,15,18,21,21,11,18,17,12,9,9,10,8,8,5,9,8,10,5,4,7,7,4,3,2,1,4,4,2,2,1,2,1,1,3,0,0,0,0,1,1,0,0,0,0,2,0,0,0,0,1,1,0,0,0,0,0,0,0,0,0,0,0,0,0,0,0,0,0,0,0,0,0,0,0,0,0,0,0,0,0,0,0,0,0
0,0,0,0,0,0,0,0,0,0,0,0,1,0,0,0,0,0,0,1,7,2,4,1,0,3,2,3,6,3,6,9,7,6,6,10,11,4,3,7,6,13,11,7,7,18,16,11,7,19,20,17,22,22,21,23,25,32,24,29,45,34,31,35,52,35,41,38,43,44,42,31,27,37,36,37,64,47,40,42,65,53,47,49,36,66,61,34,53,55,47,36,41,43,56,49,61,27,38,39,27,41,38,35,33,30,35,27,20,31,23,23,22,26,23,20,17,25,17,16,11,12,12,8,14,15,5,6,8,3,8,8,12,3,5,6,4,4,2,1,3,3,2,4,2,1,2,1,1,1,2,0,0,1,0,0,0,0,0,0,0,1,0,1,0,0,0,0,0,1,0,0,0,0,1,0,0,0,0,0,0,0,0,0,0,0,0,0,0,0,0,0,0,0,0,0,0,0,0,0
0,0,0,0,0,2,2,0,0,0,0,0,0,1,0,0,1,1,1,2,0,5,1,1,2,3,2,1,1,3,4,5,11,9,3,7,8,6,5,4,9,12,9,8,14,15,20,8,17,16,23,13,29,19,27,25,14,29,27,25,35,40,22,24,38,36,33,34,41,52,46,55,38,48,27,44,50,45,38,45,46,53,40,47,54,39,52,43,47,44,48,46,27,44,40,36,48,29,46,39,31,37,35,35,33,38,31,33,30,25,27,23,19,17,22,17,15,22,11,12,6,18,18,8,6,17,15,9,8,10,7,8,8,10,6,7,2,8,3,3,3,4,0,6,0,2,2,1,1,1,0,0,0,0,2,0,1,0,1,1,1,0,1,2,0,0,0,0,1,0,0,0,0,0,1,0,0,0,0,0,0,0,0,0,0,0,0,0,0,0,0,0,0,0,0,0,0,0,0,0
0,0,0,0,0,0,1,0,0,0,1,1,0,1,1,0,0,1,3,1,2,2,1,2,3,5,2,4,5,2,7,0,6,9,4,3,6,7,5,6,16,11,9,14,10,15,21,12,12,15,23,11,26,24,15,18,23,25,35,29,33,25,28,34,45,34,35,39,36,36,34,40,34,41,47,37,44,50,46,38,38,49,47,37,34,60,49,42,36,63,47,40,40,47,52,37,38,40,39,35,33,37,35,42,35,38,37,34,34,31,25,20,24,19,29,13,12,18,14,16,19,13,12,8,4,14,10,7,12,2,5,4,9,11,2,11,0,3,2,1,1,4,2,1,4,3,2,3,3,1,1,1,0,0,1,0,1,0,0,0,0,0,0,1,0,1,0,0,0,0,0,0,0,0,0,0,0,0,0,0,0,0,0,0,0,0,0,0,0,0,0,0,0,0,0,0,0,0,0,0
0,0,0,0,0,0,1,0,0,0,0,0,0,1,2,0,0,2,3,2,1,4,1,1,1,3,0,2,8,4,1,5,1,4,2,6,6,1,5,6,6,10,9,12,15,12,21,15,16,16,21,13,23,24,19,15,27,27,29,36,33,32,29,40,43,37,35,31,48,48,42,38,37,39,41,51,34,43,31,38,35,50,39,30,42,51,38,29,43,50,50,38,35,41,62,52,29,24,28,41,22,39,30,45,36,34,29,38,24,29,20,20,23,18,20,13,21,22,15,11,13,15,13,12,6,8,9,9,14,6,3,4,6,6,4,8,0,3,4,2,3,3,1,2,5,0,0,1,2,2,1,1,0,1,0,0,2,0,0,0,2,0,0,1,0,0,0,0,0,0,1,0,0,0,0,0,0,0,0,0,0,0,0,0,0,0,0,0,0,0,0,0,0,0,0,0,0,0,0,0
0,0,2,0,0,0,0,0,0,0,0,0,1,0,1,2,0,3,1,1,2,5,3,2,2,3,4,1,5,0,4,2,7,5,1,4,7,5,4,11,8,10,12,15,12,9,23,9,14,20,16,6,23,22,20,20,25,21,40,26,35,29,21,32,34,31,32,38,45,42,41,43,34,37,39,50,43,37,29,42,35,44,54,50,34,52,45,32,38,45,38,37,37,44,36,44,37,28,45,34,25,38,35,28,34,22,26,34,31,26,35,24,23,17,17,15,17,19,18,14,15,14,13,11,8,9,12,13,7,2,9,5,6,9,2,4,3,5,2,2,2,2,2,2,1,2,2,1,0,2,2,0,0,0,0,0,0,0,1,1,0,0,0,1,0,1,0,0,0,0,0,0,0,0,0,0,0,0,0,0,0,0,0,0,0,0,0,0,0,0,0,0,0,0,0,0,0,0,0,0
1,0,0,0,0,0,3,2,0,1,0,1,0,0,1,1,1,3,2,0,2,1,1,4,0,3,2,1,4,4,3,4,5,6,3,8,9,6,3,5,9,13,7,7,14,13,16,10,24,9,14,15,18,19,15,24,25,31,20,25,30,22,18,24,39,39,33,42,32,40,34,43,41,37,41,41,49,42,30,56,37,38,52,36,43,51,52,41,34,41,39,43,41,41,40,39,40,32,32,33,29,42,37,24,36,30,32,28,22,31,22,21,14,12,17,17,14,23,18,8,13,10,13,8,12,14,10,8,5,3,10,3,5,7,3,8,4,1,5,1,2,2,1,4,0,0,2,1,1,3,0,0,0,0,0,1,1,0,2,0,0,0,0,0,0,1,1,0,0,0,0,0,0,0,0,0,0,0,0,0,0,0,0,0,0,0,0,0,0,0,0,0,0,0,0,0,0,0,0,0
0,0,0,0,0,1,0,0,0,0,0,1,0,0,1,0,2,4,5,1,4,3,2,2,1,6,3,4,4,5,7,0,6,10,9,6,8,2,7,10,11,7,15,9,10,12,19,11,10,13,14,8,9,15,22,17,30,25,26,29,34,30,20,22,34,33,41,31,27,46,33,32,33,38,27,38,44,48,38,42,25,42,36,47,28,34,38,40,39,44,46,39,42,41,38,29,38,36,26,40,33,40,33,40,43,29,30,21,20,31,20,24,17,16,27,9,21,14,10,17,12,8,9,4,6,18,6,8,5,4,2,2,7,5,4,5,2,4,6,4,3,4,2,2,1,0,1,3,0,2,1,0,0,0,0,0,0,0,0,0,0,1,0,0,0,0,0,0,0,1,0,0,0,0,1,0,0,0,0,0,0,0,0,0,0,0,0,0,0,0,0,0,0,0,0,0,0,0,0,0
0,0,0,0,0,0,1,1,0,1,1,2,0,0,0,1,1,4,2,1,2,1,1,1,1,4,2,7,2,4,3,4,6,7,4,12,11,1,6,8,10,17,11,15,13,6,21,11,15,12,18,19,19,20,12,15,17,21,19,20,29,26,22,11,26,47,30,32,42,34,34,35,34,38,54,36,30,49,43,46,40,46,39,41,36,35,38,27,28,30,47,35,34,30,36,41,39,25,31,39,17,29,30,44,29,24,33,19,22,27,25,21,19,18,23,11,16,22,15,14,10,12,11,11,4,13,10,10,8,4,4,7,8,3,7,6,1,0,4,3,5,3,1,2,1,1,1,1,2,2,0,0,0,0,0,0,0,0,1,0,0,2,0,1,0,0,0,0,0,3,0,0,0,0,0,0,0,0,0,0,0,0,0,0,0,0,0,0,0,0,0,0,0,0,0,0,0,0,0,0
0,0,0,0,0,0,2,1,0,0,0,0,0,4,1,0,0,2,3,3,0,2,3,2,4,3,2,2,5,5,5,4,6,7,2,9,7,8,8,8,15,15,11,7,4,10,19,9,9,6,13,9,21,15,12,13,16,14,36,21,26,30,14,18,29,30,35,37,34,38,34,28,29,24,38,46,36,33,33,36,32,40,52,38,43,47,33,34,28,41,43,32,39,39,47,32,39,28,30,28,23,27,36,44,28,31,37,17,26,27,22,29,19,14,23,11,10,10,9,19,5,9,15,8,9,9,8,12,7,3,2,7,6,6,6,4,2,3,4,5,1,5,0,3,3,3,1,2,2,2,0,0,0,0,0,0,0,0,1,0,0,0,0,0,0,1,0,0,0,1,1,0,0,0,0,0,0,0,0,0,0,0,0,0,0,0,0,0,0,0,0,0,0,0,0,0,0,0,0,0
0,0,0,0,0,0,0,2,0,0,0,0,2,0,1,2,2,2,1,2,1,0,5,1,1,3,0,3,4,5,6,2,3,3,3,5,4,3,5,10,16,9,13,6,7,14,11,17,17,16,11,14,23,30,14,26,21,19,25,28,24,22,15,29,30,27,29,34,41,33,27,27,32,30,32,42,31,25,30,32,41,38,43,47,41,55,28,41,45,40,32,31,37,41,31,32,48,30,21,25,34,32,29,42,31,32,25,18,27,27,16,19,18,16,15,9,15,21,15,10,11,8,10,11,4,13,9,10,9,4,8,3,6,4,5,1,2,3,3,0,5,2,2,1,2,1,2,2,2,1,1,1,0,0,0,1,0,0,0,0,0,2,0,1,0,0,0,0,0,0,0,0,0,0,0,0,0,0,0,0,0,0,0,0,0,0,0,0,0,0,0,0,0,0,0,0,0,0,0,0
0,0,0,0,0,0,3,1,0,0,0,1,0,1,2,0,0,0,2,0,5,2,5,5,0,3,2,3,3,2,6,1,5,3,3,12,3,1,4,4,9,14,6,6,7,8,12,9,12,11,8,5,18,15,21,18,18,18,23,31,23,29,24,26,31,26,30,33,35,37,27,34,31,36,30,31,44,41,25,48,42,27,45,48,38,45,39,23,32,41,28,42,26,33,43,23,35,38,34,32,29,23,31,34,20,30,27,23,20,21,17,14,11,15,16,15,16,8,13,9,21,12,8,10,4,5,7,8,10,3,9,2,6,5,2,3,2,5,1,3,4,0,1,2,2,0,1,2,1,0,1,0,0,0,1,0,0,0,0,0,0,0,0,1,0,0,0,0,0,0,0,0,0,0,0,0,0,0,0,0,0,0,0,0,0,0,0,0,0,0,0,0,0,0,0,0,0,0,0,0
0,0,0,0,0,0,0,2,0,0,0,1,0,0,1,1,0,4,2,0,1,1,1,2,2,6,0,1,3,4,2,4,1,4,4,5,5,7,2,7,10,10,7,12,7,13,12,10,8,16,15,12,25,18,11,23,18,19,26,25,26,20,17,24,21,23,21,31,33,31,24,42,35,34,26,32,44,31,35,49,37,26,48,35,29,42,25,25,31,34,27,29,37,35,38,29,42,24,31,23,19,26,27,26,29,23,25,23,18,18,14,13,20,9,19,12,11,17,10,9,5,8,12,7,7,11,6,4,8,1,4,3,3,4,5,2,4,4,1,5,3,0,1,0,0,3,1,1,2,1,1,1,0,0,1,0,0,0,1,0,0,1,1,0,0,0,0,0,0,1,0,0,0,0,0,0,0,0,0,0,0,0,0,0,0,0,0,0,0,0,0,0,0,0,0,0,0,0,0,0
0,0,0,0,0,1,1,0,0,0,0,0,0,0,2,0,1,3,2,1,4,3,1,3,2,3,1,6,3,1,5,1,1,4,5,9,9,4,3,13,10,10,8,7,5,8,10,13,19,9,10,13,16,18,15,21,25,18,21,33,31,29,17,16,29,22,29,28,28,32,18,38,13,33,27,35,33,37,26,36,37,32,45,31,28,26,36,39,42,30,30,30,37,39,24,35,36,32,26,24,10,24,28,26,25,27,23,23,19,22,15,22,22,8,14,13,15,6,21,12,8,11,13,7,6,6,9,12,8,4,9,4,10,5,2,1,1,5,2,1,0,0,0,5,2,1,0,0,2,0,0,0,0,0,1,1,0,0,0,0,0,1,0,1,0,0,0,0,0,0,0,0,0,0,0,0,0,0,0,0,0,0,0,0,0,0,0,0,0,0,0,0,0,0,0,0,0,0,0,0
0,0,0,0,0,0,2,0,0,0,0,3,2,0,0,0,0,0,4,2,2,1,0,2,1,2,1,1,4,2,3,1,4,3,3,6,7,3,2,3,5,6,8,7,4,12,15,8,16,14,16,9,13,14,20,20,25,20,25,19,17,23,13,21,25,27,30,21,27,41,25,20,30,25,34,34,41,46,34,35,26,33,41,28,24,34,46,27,31,34,34,29,36,33,33,28,35,34,39,31,28,27,33,38,20,27,28,23,22,18,23,21,19,10,15,9,6,9,6,18,15,5,12,5,6,9,8,9,7,9,3,3,6,5,12,9,1,3,2,2,3,0,1,1,1,0,2,0,1,0,0,0,0,2,1,0,1,0,0,0,0,0,0,0,0,0,0,0,0,0,0,0,0,0,0,0,0,0,0,0,0,0,0,0,0,0,0,0,0,0,0,0,0,0,0,0,0,0,0,0
0,0,1,0,0,0,1,1,0,1,0,1,2,1,2,0,2,4,2,0,0,5,1,1,0,6,0,2,5,3,2,5,5,2,6,5,6,5,4,7,12,5,14,5,10,12,17,12,8,12,11,13,18,15,11,15,15,24,10,18,22,21,15,33,26,23,23,34,36,24,25,31,30,25,30,30,30,32,27,39,28,21,38,37,29,41,28,29,24,34,33,29,23,30,31,35,25,19,33,29,17,33,33,31,41,27,21,17,18,18,18,22,24,11,11,14,13,17,6,8,13,5,10,3,6,6,9,9,8,1,6,3,7,6,1,6,4,2,2,2,4,2,3,3,1,0,1,1,0,1,2,0,0,1,0,0,0,0,0,0,0,0,0,0,0,0,0,0,0,0,0,0,0,0,0,0,0,0,0,0,0,0,0,0,0,0,0,0,0,0,0,0,0,0,0,0,0,0,0,0
0,0,0,0,0,0,2,3,0,0,0,0,1,1,0,1,3,1,0,2,0,4,1,4,2,3,1,1,0,1,4,1,7,1,1,2,9,3,1,5,9,8,7,10,9,6,10,6,9,12,9,5,16,17,12,16,18,17,14,18,20,29,17,19,30,29,33,16,22,30,31,30,21,31,25,35,30,32,23,39,31,33,46,34,21,36,29,37,21,33,30,31,25,32,26,26,21,24,21,25,24,20,16,19,24,20,28,23,28,25,17,16,15,11,18,14,16,11,14,11,13,5,13,7,7,8,6,9,10,4,6,1,4,3,4,3,4,2,0,3,1,1,0,1,1,1,0,3,0,0,0,0,0,2,1,0,0,0,0,1,0,0,1,1,0,0,0,0,0,0,0,0,0,0,0,0,0,0,0,0,0,0,0,0,0,0,0,0,0,0,0,0,0,0,0,0,0,0,0,0
2,0,0,0,0,0,0,0,0,0,0,1,0,1,1,2,3,1,1,0,0,0,2,0,1,2,1,1,5,4,3,2,2,3,5,5,3,5,4,2,7,9,8,11,4,10,11,17,13,6,10,9,17,16,13,18,14,16,10,17,15,16,16,21,16,23,19,26,30,28,20,30,18,30,27,25,23,33,37,33,29,51,31,38,25,21,42,31,24,33,29,28,20,25,31,31,32,24,34,36,15,24,32,23,31,24,23,15,21,11,18,19,16,11,13,10,13,21,14,12,7,13,10,6,5,9,6,1,10,2,7,2,3,5,1,3,1,6,0,4,3,3,1,3,2,0,0,1,1,1,2,2,0,0,0,0,0,0,1,0,1,0,0,0,0,0,0,0,0,0,0,0,0,0,0,0,0,0,0,0,0,0,0,0,0,0,0,0,0,0,0,0,0,0,0,0,0,0,0,0
0,0,0,0,0,0,1,1,0,1,1,0,0,1,0,0,1,1,0,3,1,5,2,1,1,1,1,4,2,1,3,4,2,2,4,10,1,3,6,6,5,12,5,4,13,10,12,8,6,8,9,16,15,11,9,16,14,11,15,16,21,23,16,26,25,14,24,28,34,19,17,31,30,26,39,30,23,29,23,28,26,33,23,32,30,29,30,30,38,28,25,30,32,47,33,33,27,21,28,29,16,25,23,30,28,18,30,31,15,18,10,27,12,10,10,12,10,12,13,13,8,9,9,6,4,11,9,4,5,2,8,7,4,6,3,7,1,0,1,1,1,1,1,2,2,0,1,3,0,1,0,1,0,1,1,0,0,0,0,1,0,0,0,0,0,0,0,0,1,1,1,0,0,0,0,0,0,0,0,0,0,0,0,0,0,0,0,0,0,0,0,0,0,0,0,0,0,0,0,0
0,0,0,0,0,0,1,1,0,1,0,1,0,0,1,0,2,3,1,0,0,1,1,3,0,2,3,1,4,5,2,1,7,8,5,3,10,6,1,8,6,7,6,4,7,6,10,8,5,10,4,5,21,11,19,16,21,15,23,22,17,18,15,24,20,14,21,23,27,33,25,36,28,27,15,35,36,25,27,29,39,34,29,29,38,31,24,22,35,31,29,32,25,32,34,39,20,28,28,21,31,27,37,21,25,18,25,10,19,15,15,21,17,10,11,7,12,12,12,7,11,9,9,9,10,7,7,5,4,3,7,6,7,2,2,1,2,4,1,0,2,0,2,1,0,0,1,2,0,2,2,2,0,1,0,0,0,0,0,0,0,0,0,1,0,0,1,0,2,0,0,0,0,0,0,0,0,0,0,0,0,0,0,0,0,0,0,0,0,0,0,0,0,0,0,0,0,0,0,0
0,0,0,0,0,0,0,0,0,0,0,1,0,0,0,1,2,3,1,0,1,4,4,0,2,3,3,2,3,0,0,3,3,5,3,4,1,2,5,3,4,7,8,10,6,7,12,5,6,10,12,8,15,11,8,12,15,19,25,13,21,21,21,19,22,16,21,24,27,27,24,29,22,22,36,27,29,37,22,26,31,32,33,23,31,34,27,30,21,32,20,30,18,27,24,25,25,30,23,26,21,27,27,21,32,20,14,17,13,19,13,11,16,7,11,15,16,10,6,7,10,12,11,3,10,7,9,9,8,3,4,8,3,2,2,2,2,3,3,3,2,5,1,2,2,1,1,3,1,0,0,1,0,0,2,0,0,0,1,0,1,0,0,0,0,0,0,0,0,0,0,0,0,0,0,0,0,0,0,0,0,0,0,0,0,0,0,0,0,0,0,0,0,0,0,0,0,0,0,0
0,0,0,0,0,0,0,0,0,0,0,1,1,0,1,0,0,2,1,0,1,3,0,5,1,3,1,3,4,5,2,1,1,7,2,5,4,8,3,5,5,11,5,5,8,7,6,8,8,8,14,10,12,16,12,20,9,14,18,16,14,23,10,27,19,25,25,24,17,25,22,26,14,29,32,33,27,28,29,34,24,29,38,31,28,22,27,22,28,27,40,46,13,36,24,22,35,24,22,19,14,15,23,18,20,20,23,13,15,15,15,16,13,13,12,7,15,14,8,15,8,13,7,8,7,4,6,9,4,3,6,5,3,5,4,2,2,3,1,3,1,0,0,1,1,1,0,0,0,2,0,0,0,0,0,0,0,0,0,0,0,0,0,0,0,0,0,0,0,0,0,0,0,0,0,0,0,0,0,0,0,0,0,0,0,0,0,0,0,0,0,0,0,0,0,0,0,0,0,0
0,0,0,0,0,0,1,2,0,1,2,0,1,0,0,0,1,0,1,1,0,1,3,1,1,3,4,0,2,2,0,3,6,4,1,4,6,0,4,4,7,6,3,6,8,10,11,8,11,12,7,12,7,14,14,14,9,12,16,17,17,20,11,16,17,19,30,20,27,25,27,19,29,29,30,25,20,27,26,32,33,44,34,31,32,32,29,26,30,28,20,28,25,22,29,19,29,21,29,22,18,25,25,30,17,15,27,22,9,22,15,8,15,10,10,11,10,12,9,13,12,5,7,5,6,5,5,9,7,1,4,4,2,4,2,2,3,3,2,0,2,1,0,1,1,0,1,3,1,0,0,1,0,0,0,0,0,0,0,1,0,1,0,0,0,0,0,0,0,0,0,0,0,0,0,0,0,0,0,0,0,0,0,0,0,0,0,0,0,0,0,0,0,0,0,0,0,0,0,0
1,0,0,0,0,0,1,0,0,0,0,1,0,0,0,0,1,2,2,2,1,3,1,4,1,3,1,5,4,2,2,1,2,4,0,2,2,3,3,5,6,7,6,9,8,7,7,6,7,6,6,10,14,16,16,14,19,13,20,16,33,15,19,13,27,15,30,20,23,27,23,24,21,24,21,25,27,32,31,26,28,37,30,30,18,35,29,22,28,31,26,26,25,29,21,25,32,29,20,23,27,14,23,23,29,24,17,17,14,17,12,11,7,9,8,7,7,6,11,7,6,4,2,4,4,15,4,5,4,7,3,2,4,0,2,9,3,4,4,4,1,1,0,0,1,2,0,1,1,1,0,1,0,1,0,0,0,0,1,1,0,0,0,0,0,0,0,0,1,0,0,0,0,0,0,0,0,0,0,0,0,0,0,0,0,0,0,0,0,0,0,0,0,0,0,0,0,0,0,0
0,0,0,0,0,0,0,1,0,0,0,0,0,0,0,0,0,2,0,2,3,2,1,1,4,1,1,2,0,0,1,0,2,3,6,5,2,3,8,5,7,6,3,8,4,7,13,8,6,7,11,6,11,14,11,10,11,18,9,15,24,13,20,15,24,22,21,16,19,23,24,17,24,14,30,25,31,23,22,38,23,30,21,28,21,19,29,18,23,36,14,17,27,18,34,30,35,23,17,21,17,28,25,20,21,17,23,22,16,15,18,13,22,10,9,4,8,9,4,16,5,6,8,5,4,6,5,8,5,1,5,2,2,2,3,3,1,3,1,3,1,0,0,2,1,1,3,3,1,0,1,0,0,0,1,0,0,0,1,0,0,1,0,0,0,0,0,0,0,0,0,0,0,0,0,0,0,0,0,0,0,0,0,0,0,0,0,0,0,0,0,0,0,0,0,0,0,0,0,0
0,0,0,0,0,0,0,0,0,0,1,1,0,1,1,0,0,2,1,1,1,2,2,0,2,2,1,2,4,2,0,2,2,3,5,3,2,1,6,3,6,10,11,8,7,2,16,2,6,8,15,4,12,14,15,12,16,6,15,18,25,16,14,18,27,19,20,27,28,25,16,35,21,29,24,29,23,24,28,18,27,20,27,19,33,37,32,23,33,21,25,34,30,24,29,24,19,19,20,15,18,12,26,28,26,17,14,9,18,17,13,11,14,13,11,8,9,6,9,13,7,12,7,6,6,6,6,7,4,4,2,1,1,1,2,2,0,1,1,5,0,3,1,1,0,2,0,3,0,1,1,1,0,0,1,0,0,0,0,0,0,0,0,2,0,0,0,0,1,1,0,0,0,0,1,0,0,0,0,0,0,0,0,0,0,0,0,0,0,0,0,0,0,0,0,0,0,0,0,0
1,0,1,0,0,0,1,0,0,0,0,0,0,1,1,1,0,0,0,0,0,2,1,3,1,0,1,4,5,0,5,0,2,7,3,8,4,3,3,6,9,6,10,8,9,7,9,8,4,7,5,9,10,9,5,17,17,14,10,21,8,14,17,15,19,17,20,23,22,28,22,32,17,21,15,31,29,21,26,24,28,24,23,29,21,23,28,20,19,28,23,24,21,24,27,25,30,17,15,12,17,25,18,19,14,13,18,12,16,12,15,12,7,7,11,7,8,5,11,6,4,9,4,7,4,5,6,13,7,1,3,4,2,4,3,1,0,4,1,4,3,2,0,0,1,0,0,1,1,0,1,0,0,1,0,1,1,0,0,1,0,0,0,0,0,0,0,0,1,0,0,0,0,0,0,0,0,0,0,0,0,0,0,0,0,0,0,0,0,0,0,0,0,0,0,0,0,0,0,0
1,0,0,0,0,0,2,0,0,0,0,0,2,0,0,0,1,0,2,0,0,0,1,3,1,1,0,4,1,0,1,1,2,3,3,4,3,5,2,2,8,9,12,7,8,0,10,7,8,9,10,10,12,11,10,5,9,15,14,10,22,23,19,9,11,17,16,21,19,20,17,16,18,24,19,22,21,28,19,23,22,35,28,16,25,33,25,27,31,22,23,23,18,26,23,16,30,31,15,15,13,19,20,22,19,14,20,16,14,14,9,14,8,14,12,4,8,12,7,8,2,5,3,2,7,4,5,5,5,5,4,2,3,2,1,4,1,6,2,2,2,1,0,1,0,0,1,3,1,3,0,0,0,0,0,0,0,0,0,0,0,1,0,0,0,0,0,0,0,0,0,0,0,0,0,0,0,0,0,0,0,0,0,0,0,0,0,0,0,0,0,0,0,0,0,0,0,0,0,0
0,0,0,0,0,0,0,0,0,0,1,0,0,0,0,1,0,1,1,1,0,1,2,1,2,1,0,1,4,4,1,1,2,9,3,4,6,2,4,2,5,5,6,6,6,4,13,4,6,7,13,7,14,7,13,12,16,10,15,19,13,9,8,9,17,14,15,19,14,23,21,18,14,13,16,24,20,33,17,40,30,27,34,17,23,15,14,21,27,25,19,22,19,17,32,19,23,20,14,24,17,23,14,20,21,13,23,20,10,12,15,13,14,12,22,12,10,8,7,12,6,8,9,4,5,6,5,4,1,0,6,4,3,3,4,4,0,3,1,0,0,5,1,0,2,2,0,1,1,0,1,1,0,0,0,0,0,0,0,0,0,0,0,0,0,0,0,0,0,0,0,0,0,0,0,0,0,0,0,0,0,0,0,0,0,0,0,0,0,0,0,0,0,0,0,0,0,0,0,0
0,0,0,0,0,0,0,0,0,0,0,0,0,0,0,0,2,2,1,0,1,3,1,1,0,5,1,3,1,4,1,3,2,10,4,3,1,4,4,4,8,3,7,5,5,7,13,4,6,3,11,7,17,15,13,13,11,9,12,14,16,10,8,20,20,15,16,17,22,22,18,13,16,25,27,27,23,31,14,29,21,15,24,20,27,23,33,22,29,20,18,29,18,23,25,23,29,14,19,16,12,17,20,19,15,17,10,14,11,17,17,18,10,4,10,4,8,9,8,14,6,10,9,5,5,8,5,5,7,0,1,1,4,5,2,5,1,6,2,1,0,0,2,1,0,0,1,0,1,1,0,1,0,0,0,1,0,0,1,0,0,0,0,0,0,0,0,0,1,0,0,0,0,0,0,0,0,0,0,0,0,0,0,0,0,0,0,0,0,0,0,0,0,0,0,0,0,0,0,0
0,0,1,0,0,0,1,0,0,0,2,1,2,1,1,0,2,1,1,0,2,1,1,2,0,2,1,1,0,3,2,4,3,3,2,5,3,2,2,5,5,4,9,8,5,5,13,9,8,4,15,6,9,8,10,14,8,18,13,14,12,16,12,9,20,15,22,25,16,15,24,13,20,25,23,21,26,19,20,15,14,25,24,27,20,24,26,18,19,18,16,18,16,21,20,19,16,16,15,15,13,21,21,14,23,19,16,12,9,17,12,14,11,6,18,5,10,6,3,6,6,7,3,8,5,4,4,5,5,4,2,4,3,1,1,2,1,3,1,0,1,1,2,0,2,0,1,1,0,0,0,1,0,0,0,1,0,0,0,0,0,0,0,1,0,0,0,0,0,0,0,0,0,0,0,0,0,0,0,0,0,0,0,0,0,0,0,0,0,0,0,0,0,0,0,0,0,0,0,0
0,0,0,0,0,0,0,1,0,0,0,1,2,0,1,1,1,1,0,1,2,0,3,1,2,2,1,1,3,0,4,1,0,4,3,4,3,2,2,2,5,3,3,9,3,1,10,10,6,8,8,5,12,13,14,6,17,11,13,17,15,16,7,13,19,11,13,15,11,22,12,27,22,26,15,23,28,15,15,24,19,19,25,27,10,22,23,25,20,17,13,19,27,23,21,18,19,15,21,12,16,15,13,15,21,12,3,13,11,7,22,6,15,8,7,6,14,10,11,10,2,5,5,4,5,10,2,7,3,2,6,2,3,6,2,3,3,2,4,1,1,2,2,0,0,1,0,2,0,1,0,2,0,0,1,0,0,0,0,0,0,0,0,0,0,0,0,0,0,1,0,0,0,0,0,0,0,0,0,0,0,0,0,0,0,0,0,0,0,0,0,0,0,0,0,0,0,0,0,0
0,0,0,0,0,0,1,0,0,1,0,0,0,0,1,0,1,1,2,0,3,1,2,0,0,2,0,1,1,2,4,2,3,4,5,7,3,3,2,5,6,7,8,6,5,4,8,7,10,10,12,7,10,9,13,11,10,14,11,16,8,16,13,18,17,22,20,22,15,14,20,24,17,15,19,15,22,19,26,25,26,25,28,21,23,20,21,18,22,20,26,16,24,26,24,10,20,14,19,17,9,16,15,19,17,15,9,12,14,13,12,13,12,3,9,10,7,10,4,10,3,10,3,6,2,6,6,10,5,4,4,2,0,3,6,2,2,1,2,1,0,0,1,1,1,0,2,0,0,2,0,0,0,0,0,0,0,0,0,0,0,0,0,0,0,0,0,0,0,0,0,0,0,0,0,0,0,0,0,0,0,0,0,0,0,0,0,0,0,0,0,0,0,0,0,0,0,0,0,0
1,0,0,0,0,0,0,1,0,0,0,0,0,0,0,0,0,0,1,0,0,1,6,4,0,1,3,1,1,1,4,3,2,3,1,3,5,5,1,7,9,6,8,7,6,4,7,4,4,5,8,3,6,9,11,11,11,11,9,10,12,14,13,5,12,15,24,19,28,13,13,21,19,20,14,19,31,29,21,18,18,17,16,16,24,14,19,17,23,22,19,30,25,22,20,23,20,14,15,16,9,23,23,19,12,12,17,15,14,9,11,6,15,7,10,12,8,3,6,7,5,4,6,6,6,4,3,3,3,1,2,0,2,1,2,5,1,1,4,2,0,4,0,2,3,3,2,2,1,1,0,0,0,0,0,0,0,0,0,0,2,0,0,0,0,0,0,0,0,0,0,0,0,0,0,0,0,0,0,0,0,0,0,0,0,0,0,0,0,0,0,0,0,0,0,0,0,0,0,0
0,0,0,0,0,0,0,0,0,0,0,0,2,0,1,0,0,0,1,2,2,0,3,0,1,4,1,2,3,0,2,3,2,1,2,4,6,6,2,6,6,2,1,4,0,5,8,7,9,8,6,9,6,15,8,13,13,16,12,10,11,12,17,9,14,19,22,17,21,12,9,22,20,16,20,18,22,18,14,30,16,14,25,18,18,18,25,17,23,28,23,11,21,21,17,23,21,13,17,17,14,21,13,13,7,16,12,13,13,8,15,11,13,6,7,11,9,5,4,4,8,3,7,8,4,4,4,5,4,0,4,1,6,2,1,4,2,1,4,1,2,0,3,0,0,1,0,2,0,2,0,1,0,1,0,1,0,0,0,0,0,0,0,0,0,0,0,0,0,0,0,0,0,0,0,0,0,0,0,0,0,0,0,0,0,0,0,0,0,0,0,0,0,0,0,0,0,0,0,0
1,0,0,0,0,1,0,1,0,0,0,0,1,1,0,0,1,2,1,1,3,0,0,2,0,5,0,0,1,1,4,3,5,5,1,4,5,3,4,6,6,7,7,3,4,8,9,5,4,2,6,2,8,9,5,12,12,20,7,23,19,7,16,7,16,17,13,21,18,17,11,13,17,14,10,20,16,29,16,26,18,23,15,24,13,34,14,10,16,25,25,12,14,18,9,13,16,16,17,22,15,17,21,13,14,11,17,9,13,17,6,8,13,6,9,5,5,11,3,8,3,3,6,3,3,4,3,6,9,4,3,3,3,1,4,1,2,2,3,2,2,1,0,1,1,1,0,1,1,0,0,1,0,2,0,0,0,0,0,0,0,0,0,0,0,0,0,0,0,0,0,0,0,0,0,0,0,0,0,0,0,0,0,0,0,0,0,0,0,0,0,0,0,0,0,0,0,0,0,0
0,0,0,0,0,0,0,1,0,0,0,2,1,0,0,0,1,0,1,0,1,2,1,1,2,0,0,1,0,1,4,2,1,2,2,2,3,2,3,2,4,4,10,4,4,4,9,8,4,9,5,6,12,9,6,8,7,6,11,13,8,9,12,10,13,14,22,24,13,17,20,21,9,19,13,13,16,16,21,14,12,17,19,13,17,28,18,16,19,14,27,18,16,19,27,14,27,13,18,22,12,17,21,16,12,15,23,10,17,11,11,14,12,10,7,7,5,5,4,9,8,5,2,1,2,6,2,1,3,0,0,2,3,3,6,5,1,0,1,0,1,0,0,1,1,0,1,2,0,0,0,0,0,0,0,0,0,0,1,0,0,0,0,0,0,1,0,0,0,0,0,0,0,0,0,0,0,0,0,0,0,0,0,0,0,0,0,0,0,0,0,0,0,0,0,0,0,0,0,0
0,0,1,0,0,0,0,0,0,0,0,0,0,0,0,0,0,1,1,1,1,0,0,1,1,1,0,1,1,1,1,2,1,1,1,5,5,2,3,5,5,7,4,8,12,3,8,4,6,5,6,4,11,13,8,5,11,13,10,8,7,13,8,11,23,9,16,17,23,15,11,14,11,13,18,19,20,17,26,16,18,22,27,16,19,23,21,24,18,17,21,19,16,17,22,20,26,10,21,10,10,15,23,19,22,11,16,6,14,7,10,14,8,6,5,5,12,6,4,6,3,5,4,1,3,3,3,10,3,0,3,0,4,4,1,5,2,1,2,1,2,4,0,0,0,0,1,0,1,0,0,0,0,0,0,0,0,0,1,0,1,1,0,0,0,0,0,0,0,0,0,0,0,0,0,0,0,0,0,0,0,0,0,0,0,0,0,0,0,0,0,0,0,0,0,0,0,0,0,0
0,0,0,0,0,0,2,0,0,0,0,0,1,0,0,0,0,0,0,1,1,0,0,0,1,0,0,1,0,1,1,3,1,1,0,2,1,1,1,2,6,10,6,3,2,5,7,4,8,4,5,6,9,5,10,10,11,14,6,13,12,14,10,9,17,12,10,18,15,24,16,19,11,10,12,14,19,17,20,18,13,17,19,15,12,14,26,16,18,18,20,19,11,17,23,15,17,13,16,15,13,16,9,13,21,14,11,15,9,11,8,11,7,6,14,2,10,6,6,9,5,8,6,1,3,10,6,3,6,2,2,0,3,4,1,1,0,1,0,1,0,1,3,2,1,1,1,1,0,1,0,0,0,0,0,0,0,0,0,0,1,0,1,0,0,0,0,0,0,0,0,0,0,0,0,0,0,0,0,0,0,0,0,0,0,0,0,0,0,0,0,0,0,0,0,0,0,0,0,0
0,0,0,0,0,0,1,1,0,0,0,0,0,0,0,0,0,2,0,0,0,0,1,0,1,3,0,2,3,0,2,2,4,1,1,6,1,1,0,1,4,3,3,5,6,6,3,3,4,4,7,5,8,10,3,12,14,11,13,11,12,9,9,7,12,14,17,9,9,12,16,15,21,14,19,14,12,22,11,20,12,21,28,14,15,12,14,19,16,20,12,14,19,15,19,12,16,15,21,18,14,15,18,18,18,15,15,12,9,6,16,8,11,8,6,5,5,6,10,5,1,4,6,2,6,1,6,6,5,1,5,3,3,3,1,1,1,0,2,1,1,0,1,1,1,0,1,0,0,1,1,0,0,0,0,0,0,0,1,1,1,0,0,0,0,0,0,0,1,0,0,0,0,0,1,0,0,0,0,0,0,0,0,0,0,0,0,0,0,0,0,0,0,0,0,0,0,0,0,0
0,0,0,0,0,0,0,0,0,1,0,0,0,0,1,0,0,0,0,0,0,2,2,0,1,1,0,0,0,0,0,1,2,6,0,5,1,0,5,1,4,2,3,3,1,5,6,5,8,4,4,8,9,13,6,8,9,10,12,11,14,13,10,8,11,12,15,15,9,14,18,14,10,25,22,13,17,21,24,14,22,25,23,13,16,11,25,16,24,17,15,16,18,19,15,12,19,11,9,14,6,10,15,17,16,6,18,11,5,11,11,5,10,4,12,8,9,4,6,2,4,3,6,3,1,9,4,4,0,1,3,0,3,4,0,3,0,2,1,0,1,1,0,1,0,0,1,1,0,3,0,0,0,0,1,0,0,0,0,0,0,0,0,1,0,0,0,0,0,0,0,0,0,0,0,0,0,0,0,0,0,0,0,0,0,0,0,0,0,0,0,0,0,0,0,0,0,0,0,0
1,0,0,0,0,0,0,0,0,0,0,3,0,0,0,0,1,0,1,0,1,2,2,2,1,0,2,2,0,0,2,0,1,1,0,3,1,0,1,0,5,5,4,6,1,9,4,3,5,6,7,8,2,11,9,7,7,10,16,13,5,8,13,10,17,13,9,17,12,16,11,13,18,19,15,24,18,15,13,21,13,27,25,25,16,19,20,23,21,13,11,13,18,10,20,12,11,16,13,11,14,11,18,10,10,12,16,10,14,11,13,12,3,8,6,10,3,6,5,9,4,4,3,2,3,7,3,4,2,1,2,1,4,3,1,2,2,1,4,2,2,1,1,1,2,1,0,3,0,0,0,0,0,0,0,0,0,0,0,0,0,0,0,0,0,0,0,0,0,1,0,0,0,0,0,0,0,0,0,0,0,0,0,0,0,0,0,0,0,0,0,0,0,0,0,0,0,0,0,0
0,0,0,0,0,0,0,0,0,3,0,0,0,0,0,0,0,1,0,1,1,0,0,0,1,1,2,0,0,1,4,2,3,4,4,3,1,2,5,4,2,6,7,4,7,5,3,10,6,6,7,7,7,7,11,9,11,9,16,10,9,6,7,14,19,8,12,14,13,5,16,15,10,16,11,15,11,14,12,17,12,16,17,21,18,21,17,13,16,19,17,20,15,13,20,15,19,12,5,16,12,15,10,8,13,9,11,7,13,10,13,13,10,5,6,4,5,4,7,4,4,3,6,4,7,5,1,4,5,1,3,3,1,7,2,3,1,3,1,1,0,0,1,1,0,0,0,1,0,0,0,0,0,0,0,0,0,0,0,0,0,0,0,0,0,1,0,0,0,0,0,0,0,0,0,0,0,0,0,0,0,0,0,0,0,0,0,0,0,0,0,0,0,0,0,0,0,0,0,0
0,0,1,0,0,0,1,0,0,0,0,1,0,0,0,0,0,1,0,0,0,2,3,1,1,0,1,0,3,1,3,1,3,3,0,2,5,2,2,2,2,5,4,5,1,4,8,1,5,4,7,4,9,6,6,4,6,14,11,9,14,15,7,15,12,17,15,20,22,8,11,12,10,16,21,22,20,10,19,20,18,15,16,16,12,18,16,12,17,15,16,12,18,14,11,10,19,15,12,12,6,12,13,9,13,6,23,15,14,16,11,6,5,11,9,8,5,6,5,7,2,7,7,3,3,1,4,5,1,1,1,1,3,0,3,3,0,1,1,2,0,0,0,0,0,1,0,0,0,0,1,0,0,0,1,0,0,0,0,0,0,0,0,0,0,0,0,0,0,0,0,0,0,0,0,0,0,0,0,0,0,0,0,0,0,0,0,0,0,0,0,0,0,0,0,0,0,0,0,0
0,0,0,0,0,0,1,0,0,1,0,0,0,0,0,0,0,1,0,0,0,1,2,0,0,1,0,0,2,0,1,2,3,5,3,0,5,2,1,2,3,3,5,6,6,0,4,6,3,4,7,4,5,10,3,13,8,3,10,7,9,11,11,8,11,9,11,10,14,17,17,13,4,9,11,9,13,15,16,14,15,16,20,12,11,23,12,9,18,22,13,15,17,20,11,10,14,13,8,10,5,6,20,11,10,11,6,9,13,7,14,7,5,3,8,5,2,7,8,5,2,4,4,5,3,2,2,3,0,3,0,1,1,2,3,4,2,0,1,3,0,0,0,1,0,0,0,0,0,0,0,0,0,0,0,0,0,0,0,0,0,0,0,0,0,1,0,0,0,0,0,0,0,0,0,0,0,0,0,0,0,0,0,0,0,0,0,0,0,0,0,0,0,0,0,0,0,0,0,0
0,0,0,0,0,0,1,0,0,0,0,0,0,0,1,0,0,1,0,1,1,2,1,0,2,0,2,1,0,2,1,1,3,0,2,0,3,2,5,6,7,5,5,2,5,5,7,2,10,2,6,5,5,9,8,9,11,4,3,11,9,10,7,10,15,8,7,17,7,21,10,16,14,18,16,14,12,14,6,15,10,20,16,21,10,18,17,13,15,16,14,16,18,9,17,14,16,9,19,11,8,9,16,12,13,16,6,8,4,9,3,4,9,3,8,7,3,7,9,9,4,2,3,3,2,1,3,5,6,2,0,2,1,1,5,2,1,0,1,0,0,1,0,1,0,0,1,0,0,1,1,0,0,1,0,0,1,0,0,2,0,0,0,0,0,1,0,0,0,0,0,0,0,0,0,0,0,0,0,0,0,0,0,0,0,0,0,0,0,0,0,0,0,0,0,0,0,0,0,0
1,0,1,0,0,0,0,1,0,0,0,0,0,2,1,0,0,0,0,0,1,0,0,1,1,2,1,0,4,1,1,1,2,0,0,0,3,0,2,3,6,8,3,1,1,3,7,4,4,5,3,8,6,4,10,8,9,13,7,12,11,8,12,6,13,14,6,22,14,14,14,17,11,19,10,13,9,15,11,18,9,18,19,17,9,16,12,10,14,15,13,13,21,18,7,12,15,16,10,9,10,6,9,6,8,5,9,10,10,8,3,8,9,4,10,3,3,7,8,4,5,1,5,1,3,1,4,4,2,6,0,2,4,3,2,1,2,1,1,0,1,1,1,0,2,0,0,0,0,0,0,0,0,0,0,0,1,0,2,0,0,1,0,1,0,0,0,0,0,1,0,0,0,0,0,0,0,0,0,0,0,0,0,0,0,0,0,0,0,0,0,0,0,0,0,0,0,0,0,0
1,0,0,0,0,0,0,1,0,0,1,0,1,0,0,0,0,0,0,0,2,1,0,0,1,0,1,0,1,1,0,6,1,4,3,1,0,1,7,2,5,3,2,2,4,2,4,1,2,13,7,6,3,10,7,7,8,5,8,8,9,11,13,12,9,10,9,6,11,15,13,10,13,11,18,11,12,16,14,13,12,13,16,11,7,14,8,9,15,14,12,13,10,19,12,6,13,14,16,5,13,13,12,15,10,14,10,11,8,7,11,9,10,2,6,6,5,6,4,3,6,4,4,3,4,3,2,2,4,3,3,1,1,3,1,3,3,1,2,0,1,3,0,0,2,0,0,0,0,0,0,0,0,0,0,0,0,0,0,1,0,0,0,2,0,0,0,0,0,0,0,0,0,0,0,0,0,0,0,0,0,0,0,0,0,0,0,0,0,0,0,0,0,0,0,0,0,0,0,0
0,0,1,0,0,0,0,0,0,1,0,1,1,0,0,0,0,1,0,0,1,0,2,1,2,0,0,1,3,0,2,0,3,1,0,3,4,0,0,1,3,3,13,4,7,2,4,6,11,4,4,4,6,4,6,6,10,7,6,6,11,10,6,9,10,12,10,12,17,14,19,11,15,11,13,13,19,11,11,14,15,9,20,14,8,10,15,11,13,13,9,8,13,20,15,16,15,11,9,13,11,23,8,16,19,9,8,9,9,7,6,6,1,5,5,8,3,9,5,3,1,3,6,3,3,3,2,0,1,2,3,5,1,3,1,3,0,1,1,1,1,0,0,0,0,0,1,0,1,1,1,0,0,1,1,0,0,0,1,0,0,0,0,0,0,0,0,0,0,0,0,0,0,0,0,0,0,0,0,0,0,0,0,0,0,0,0,0,0,0,0,0,0,0,0,0,0,0,0,0
0,0,0,0,0,0,0,1,0,0,0,0,0,0,0,0,0,1,0,1,1,0,1,1,0,1,0,0,3,0,1,2,0,0,2,0,3,0,2,3,3,5,10,7,2,3,6,2,3,4,1,9,8,5,7,4,13,9,7,7,13,8,5,9,11,9,7,10,12,11,14,13,8,9,10,18,16,12,10,9,15,18,18,10,21,19,10,16,6,20,4,17,5,16,15,9,13,9,11,12,11,16,9,13,16,11,9,8,8,6,4,6,9,3,9,2,5,5,5,7,2,6,7,5,3,1,2,4,1,0,5,1,2,3,2,2,1,3,0,0,1,0,0,1,1,0,0,1,0,1,0,0,0,0,0,0,0,0,1,0,0,0,0,1,0,0,1,0,0,0,0,0,0,0,0,0,0,0,0,0,0,0,0,0,0,0,0,0,0,0,0,0,0,0,0,0,0,0,0,0
0,0,0,0,0,1,0,0,0,0,0,0,0,2,1,0,0,0,0,0,0,2,1,1,0,1,0,0,1,0,1,1,2,2,0,1,0,0,4,3,5,2,4,1,3,3,6,6,1,3,4,2,4,1,2,8,5,7,6,10,11,6,9,6,9,7,8,12,10,11,14,14,7,14,9,14,14,12,14,6,13,16,19,19,10,15,12,11,6,10,13,15,13,16,15,10,12,16,11,14,4,12,13,12,13,4,7,12,10,12,6,11,8,5,7,6,3,5,0,1,11,3,3,3,1,2,3,2,5,2,1,1,2,3,0,1,0,0,2,1,1,0,0,1,0,0,0,0,0,0,0,0,0,0,0,0,0,0,0,0,0,0,0,0,0,0,0,0,0,0,0,0,0,0,0,0,0,0,0,0,0,0,0,0,0,0,0,0,0,0,0,0,0,0,0,0,0,0,0,0
0,0,0,0,0,0,0,0,0,0,0,0,1,0,1,0,0,0,0,0,1,0,0,0,1,1,0,1,0,1,0,1,0,3,0,3,5,3,0,0,0,2,4,6,5,5,3,7,5,6,4,2,8,6,4,8,5,9,6,12,12,11,6,9,9,10,7,14,10,14,13,11,8,14,8,13,15,13,13,16,12,16,19,12,10,11,16,14,10,9,9,12,12,10,17,10,9,11,9,10,7,15,15,12,6,12,5,12,5,10,7,8,7,7,6,2,4,7,2,5,4,2,4,3,1,4,3,0,0,1,1,0,0,3,0,1,0,0,1,0,0,0,0,0,1,0,0,0,0,0,0,1,0,0,0,0,0,0,1,0,0,0,0,1,0,0,0,0,0,0,1,0,0,0,0,0,0,0,0,0,0,0,0,0,0,0,0,0,0,0,0,0,0,0,0,0,0,0,0,0
1,0,0,0,0,0,0,0,0,0,0,0,0,0,1,0,0,1,0,0,3,0,1,0,0,0,0,0,0,2,0,1,1,2,2,0,3,2,1,2,2,4,3,2,6,5,9,3,5,6,6,3,3,7,5,7,11,9,11,9,11,7,9,6,11,8,12,7,8,16,8,14,10,12,8,16,11,14,10,13,15,12,12,14,11,9,6,19,14,9,9,12,15,10,9,9,16,8,15,14,8,11,9,12,10,17,12,10,2,10,5,5,3,8,8,5,2,9,7,11,3,4,2,2,2,0,1,3,1,2,2,3,0,2,1,0,0,1,2,1,2,1,0,1,0,0,0,0,0,1,0,0,0,0,0,0,0,0,0,0,0,0,0,0,0,0,0,0,0,0,0,0,0,0,0,0,0,0,0,0,0,0,0,0,0,0,0,0,0,0,0,0,0,0,0,0,0,0,0,0
0,0,0,0,0,0,0,0,0,0,0,0,1,0,0,0,0,2,0,1,0,0,2,1,1,0,0,0,1,0,3,0,2,2,2,1,2,1,1,2,2,3,2,3,5,5,5,6,4,6,5,1,3,4,8,4,6,7,7,7,8,3,6,7,14,9,8,16,10,9,9,10,12,11,14,15,16,10,9,8,10,9,10,5,13,11,8,8,7,10,10,16,10,11,13,7,13,11,8,4,8,10,9,14,10,4,4,11,10,9,10,5,7,1,7,7,5,7,6,8,5,1,3,3,2,2,2,3,2,2,3,4,3,0,0,1,2,2,1,0,1,0,1,1,0,0,0,2,0,0,0,0,0,0,0,0,0,0,0,0,0,0,0,0,0,0,0,0,0,1,0,0,0,0,0,0,0,0,0,0,0,0,0,0,0,0,0,0,0,0,0,0,0,0,0,0,0,0,0,0
0,0,0,0,0,0,0,1,0,0,0,0,0,0,0,0,0,0,0,0,0,1,1,2,0,0,0,1,1,1,0,1,2,1,2,1,3,0,2,3,3,1,3,3,3,2,4,5,5,4,2,1,2,8,7,5,4,8,8,9,11,8,6,10,10,5,5,7,3,10,5,6,13,10,15,12,9,10,7,13,7,12,11,11,10,21,13,17,8,14,13,13,13,11,18,13,8,11,9,9,4,10,4,6,12,10,9,8,9,5,7,5,8,4,8,5,6,5,6,5,1,4,4,3,3,3,2,1,3,3,2,1,3,1,5,1,0,1,0,1,1,0,2,0,0,0,0,1,0,0,0,0,0,0,0,0,0,0,0,0,0,0,0,1,0,0,0,0,0,0,0,0,0,0,0,0,0,0,0,0,0,0,0,0,0,0,0,0,0,0,0,0,0,0,0,0,0,0,0,0
0,0,1,0,0,0,0,0,0,0,0,0,0,0,0,0,1,1,1,0,3,2,0,0,0,1,1,0,0,1,3,1,0,2,0,2,2,1,2,1,4,2,0,5,3,3,2,4,4,3,5,6,2,8,2,4,6,3,6,9,6,8,10,7,9,3,6,12,18,8,14,8,6,9,7,7,13,13,16,11,9,11,15,9,9,12,14,18,13,15,12,9,12,11,10,10,13,7,12,10,2,11,6,7,6,5,7,11,8,8,2,6,5,3,3,5,2,3,3,0,2,2,4,2,2,2,8,0,1,3,1,0,1,1,0,0,2,1,2,2,1,1,1,1,0,0,0,0,0,1,0,0,0,0,0,0,0,0,0,0,0,1,0,0,0,0,0,0,0,0,0,0,0,0,0,0,0,0,0,0,0,0,0,0,0,0,0,0,0,0,0,0,0,0,0,0,0,0,0,0
0,0,0,0,0,0,1,0,0,0,1,1,0,0,0,0,0,0,1,0,0,0,2,0,0,1,1,0,1,1,2,0,2,4,3,0,3,1,2,2,2,6,3,3,5,2,5,2,5,6,4,3,5,3,3,3,6,7,2,8,8,6,8,8,9,4,6,12,15,17,14,10,6,13,9,10,10,12,7,12,7,9,11,12,12,13,16,7,11,14,13,11,15,10,7,12,5,5,14,6,9,8,10,14,10,9,4,8,7,11,4,8,6,7,4,2,10,4,4,3,4,2,6,1,4,3,2,4,2,1,2,1,0,0,1,0,2,1,0,0,1,0,0,0,1,2,0,3,0,0,0,0,0,0,0,0,0,0,0,1,0,0,0,0,0,0,2,0,0,0,0,0,0,0,0,0,0,0,0,0,0,0,0,0,0,0,0,0,0,0,0,0,0,0,0,0,0,0,0,0
0,0,0,0,0,0,0,0,0,0,0,0,0,0,0,0,0,2,1,1,0,0,0,2,1,0,0,0,1,0,1,0,0,2,0,0,0,2,0,4,6,4,4,3,3,2,5,3,2,2,2,3,6,5,1,7,4,5,8,7,7,10,4,11,4,11,11,8,9,10,10,12,7,10,12,10,14,10,8,11,7,12,12,12,14,10,20,7,14,10,15,4,11,14,15,12,14,9,7,6,10,5,13,13,5,7,14,12,9,5,4,4,7,6,8,2,8,5,2,2,2,1,1,2,4,3,0,3,1,0,1,3,0,1,0,1,1,2,2,1,0,0,1,0,1,0,0,1,1,0,0,0,0,0,0,0,0,0,0,0,0,1,0,0,0,0,0,0,0,0,0,0,0,0,0,0,0,0,0,0,0,0,0,0,0,0,0,0,0,0,0,0,0,0,0,0,0,0,0,0
0,0,0,0,0,0,0,0,0,0,0,1,0,0,0,0,0,1,0,0,0,2,0,1,1,0,0,0,3,1,1,0,0,1,0,2,0,0,1,1,1,4,4,2,4,1,4,0,3,4,6,5,5,5,6,5,6,9,9,8,13,5,4,9,7,9,7,8,9,9,9,8,7,8,14,5,12,9,11,16,15,19,12,10,14,18,12,18,11,13,8,17,12,11,13,6,10,6,11,11,9,8,12,9,14,10,11,6,5,4,5,3,4,2,1,5,4,3,3,7,4,5,0,3,2,3,0,2,1,0,2,0,2,3,0,1,0,1,0,2,0,1,1,1,1,0,1,0,1,0,0,0,0,0,0,2,0,0,0,0,1,0,0,0,0,0,0,0,0,0,0,0,0,0,0,0,0,0,0,0,0,0,0,0,0,0,0,0,0,0,0,0,0,0,0,0,0,0,0,0
0,0,0,0,0,0,0,0,0,0,0,0,1,0,0,0,1,1,3,0,0,0,0,1,0,0,2,0,1,1,1,0,2,0,0,0,2,0,2,1,3,8,2,1,0,0,1,5,3,3,3,1,7,7,3,5,3,3,6,5,6,5,5,5,6,13,10,8,11,11,5,7,9,8,6,11,9,9,6,10,7,22,16,5,10,12,10,10,6,6,14,10,8,10,14,6,6,5,11,9,5,4,11,10,4,5,12,11,8,4,4,1,5,2,1,2,5,6,2,6,3,1,3,3,0,2,1,1,1,2,0,1,0,0,0,0,1,0,2,1,0,0,1,2,1,0,1,0,1,2,0,0,0,0,0,0,0,0,0,0,0,0,0,0,0,0,0,0,0,0,0,0,0,0,0,0,0,0,0,0,0,0,0,0,0,0,0,0,0,0,0,0,0,0,0,0,0,0,0,0
0,0,0,0,0,0,1,0,0,0,0,0,0,0,0,0,1,0,0,1,0,1,0,1,2,1,0,0,0,3,1,1,0,1,1,0,2,0,2,2,0,2,3,3,2,1,3,2,2,2,4,6,4,10,4,3,11,6,10,10,10,3,4,5,10,3,9,10,4,7,8,16,13,5,14,12,11,8,4,12,10,16,8,15,10,9,15,5,12,12,10,10,6,5,10,4,6,12,13,8,9,3,5,5,8,8,2,4,5,7,9,5,5,6,8,4,5,5,7,1,2,2,0,2,0,4,2,2,1,1,2,1,2,0,0,4,0,0,0,2,2,0,0,3,0,0,1,0,2,0,0,0,0,0,0,0,0,0,0,0,0,0,0,0,0,0,0,0,0,0,0,0,0,0,0,0,0,0,0,0,0,0,0,0,0,0,0,0,0,0,0,0,0,0,0,0,0,0,0,0
0,0,0,0,0,0,2,0,0,0,0,0,0,0,1,0,0,0,0,0,1,0,0,0,1,1,0,0,1,0,0,1,0,2,4,1,4,0,1,0,4,3,3,3,1,4,4,4,3,1,0,6,1,9,3,3,6,2,7,6,10,3,3,6,13,8,9,5,6,14,6,6,4,9,10,10,5,6,9,11,11,11,8,10,17,10,9,1,6,13,7,15,11,9,12,10,14,3,9,8,8,4,5,9,3,5,6,9,5,6,5,7,1,1,3,3,6,3,4,1,2,5,3,2,4,0,0,4,1,0,0,1,4,0,0,1,1,3,0,3,1,0,1,0,0,0,0,0,0,0,0,1,0,0,0,0,0,0,1,0,1,1,0,0,0,0,0,0,0,0,0,0,0,0,0,0,0,0,0,0,0,0,0,0,0,0,0,0,0,0,0,0,0,0,0,0,0,0,0,0
0,0,0,0,0,0,0,0,0,0,0,0,2,0,0,0,0,1,0,0,2,0,0,0,0,0,1,0,2,2,1,0,0,1,1,2,8,1,0,4,8,3,0,6,6,3,6,5,5,3,1,2,8,7,1,3,3,7,7,5,2,11,7,3,11,6,4,8,15,9,10,6,6,14,9,11,8,10,6,8,9,8,10,7,6,8,10,7,10,8,8,9,10,7,5,9,10,10,12,4,6,8,3,10,6,5,9,4,6,7,8,4,3,5,4,5,5,4,1,3,4,4,1,2,3,1,1,1,3,1,2,0,1,3,3,3,1,1,0,0,0,0,0,1,1,0,2,0,0,1,0,0,0,0,0,0,0,0,0,0,0,0,0,0,0,0,0,0,0,0,1,0,0,0,0,0,0,0,0,0,0,0,0,0,0,0,0,0,0,0,0,0,0,0,0,0,0,0,0,0
0,0,0,0,0,1,0,0,0,0,0,0,0,0,0,0,0,0,0,0,0,1,0,1,1,0,0,0,0,1,0,0,0,1,2,0,1,1,2,3,5,4,2,4,5,1,3,1,2,1,1,1,5,6,2,1,9,6,4,3,9,10,6,4,9,9,10,9,6,9,4,5,10,8,8,11,11,12,7,6,12,13,5,13,4,5,16,13,11,7,12,8,9,9,11,14,8,5,12,12,8,8,7,12,6,8,5,10,11,7,5,4,1,3,4,1,10,4,1,5,2,1,0,3,2,5,1,3,2,0,2,0,1,1,0,1,0,1,0,1,0,0,0,1,0,1,1,0,1,0,0,1,0,0,0,0,0,0,1,0,0,0,0,1,0,0,0,0,0,0,0,0,0,0,0,0,0,0,0,0,0,0,0,0,0,0,0,0,0,0,0,0,0,0,0,0,0,0,0,0
0,0,0,0,0,0,0,0,0,0,0,0,0,0,0,0,0,0,0,0,2,1,0,1,0,1,0,1,1,0,3,0,2,1,1,2,4,0,0,1,0,1,3,3,3,3,2,6,2,5,2,5,2,7,1,4,9,2,4,4,6,6,9,5,10,5,10,4,9,8,8,12,8,9,8,7,15,8,6,8,10,18,10,9,7,9,9,7,8,11,9,7,10,11,7,10,11,7,8,8,2,5,11,10,3,5,14,5,3,10,3,7,1,0,4,2,4,5,3,4,1,0,3,2,0,3,1,1,2,2,1,0,0,1,0,0,1,0,0,0,0,0,0,1,1,0,0,0,0,2,0,0,0,0,0,0,0,0,0,0,0,1,0,0,0,0,0,0,0,0,2,0,0,0,1,0,0,0,0,0,0,0,0,0,0,0,0,0,0,0,0,0,0,0,0,0,0,0,0,0
0,0,0,0,0,0,0,2,0,0,0,0,0,1,1,0,0,0,0,1,0,0,1,0,0,0,0,1,1,0,5,1,2,0,2,2,4,0,0,5,1,3,0,1,2,2,3,2,4,1,0,2,7,2,5,9,8,2,4,7,7,9,4,5,3,7,10,5,8,10,10,15,7,7,9,9,14,16,6,8,7,9,6,8,6,9,12,8,6,10,11,15,6,12,8,5,4,8,6,4,3,1,5,11,3,3,4,6,5,3,6,3,4,0,1,0,2,3,4,3,3,2,2,2,1,2,4,0,1,1,4,0,1,0,0,1,0,0,1,2,2,0,0,0,0,1,0,0,0,0,0,0,0,0,0,0,0,0,0,0,0,0,0,0,0,0,0,0,0,0,0,0,0,0,0,0,0,0,0,0,0,0,0,0,0,0,0,0,0,0,0,0,0,0,0,0,0,0,0,0
0,0,0,0,0,0,0,0,0,1,0,0,0,0,1,1,0,0,0,0,1,1,1,0,1,0,0,1,1,0,1,0,1,0,1,2,4,3,1,2,3,0,1,2,4,1,3,2,2,1,4,4,4,5,4,6,4,5,4,3,4,7,1,1,6,7,13,8,6,8,7,10,11,8,5,5,4,4,5,6,12,13,12,8,10,4,8,9,8,15,7,11,7,6,6,10,5,4,7,6,9,7,8,3,11,3,4,4,8,5,5,5,4,0,5,1,3,3,3,3,3,1,2,1,2,1,4,2,3,1,1,1,3,1,2,0,0,1,2,0,0,0,0,0,0,0,0,0,0,0,0,0,0,0,0,0,0,0,0,0,0,0,0,0,0,0,0,0,0,0,0,0,0,0,0,0,0,0,0,0,0,0,0,0,0,0,0,0,0,0,0,0,0,0,0,0,0,0,0,0
0,0,0,0,0,0,0,1,0,0,0,0,0,2,0,0,0,0,2,0,1,0,1,1,0,1,0,1,0,0,1,1,0,1,0,0,0,2,1,0,1,2,1,5,1,1,3,1,5,5,1,4,5,5,2,5,1,7,8,8,4,4,2,4,6,10,7,6,6,3,10,5,10,12,6,15,8,12,4,7,6,15,6,6,8,4,11,11,10,8,7,7,7,10,11,4,5,10,3,7,5,3,7,7,5,4,7,4,4,3,2,5,5,2,3,4,3,3,1,1,1,4,3,2,5,2,1,1,3,0,1,0,2,1,1,1,0,0,2,0,2,0,0,0,0,3,0,0,1,0,0,0,0,0,0,0,0,0,0,0,0,1,0,0,0,0,0,0,0,1,0,0,0,0,0,0,0,0,0,0,0,0,0,0,0,0,0,0,0,0,0,0,0,0,0,0,0,0,0,0
0,0,1,0,0,0,0,0,0,1,0,0,0,0,0,0,0,0,1,0,0,0,2,0,0,0,0,0,0,1,0,1,1,0,0,4,3,1,3,4,2,3,1,0,4,1,3,4,4,2,4,1,5,3,2,2,5,4,7,5,6,5,5,4,11,10,2,7,12,7,5,4,7,8,8,6,10,8,12,9,5,6,9,8,10,10,12,11,8,7,9,6,8,10,4,4,12,8,12,5,8,8,8,8,4,4,9,10,2,7,6,3,2,5,9,5,4,2,6,0,6,3,1,2,1,2,1,1,2,0,0,0,4,2,2,1,0,0,0,2,0,0,0,1,0,0,1,0,0,1,0,1,0,0,1,0,0,0,0,0,0,0,0,0,0,0,0,0,0,0,0,0,0,0,0,0,0,0,0,0,0,0,0,0,0,0,0,0,0,0,0,0,0,0,0,0,0,0,0,0
0,0,1,0,0,0,0,0,0,0,0,0,0,0,0,0,0,0,0,0,0,0,0,1,0,1,1,1,1,0,1,1,0,0,2,1,1,1,1,2,2,3,1,1,1,2,5,5,3,3,4,4,4,2,1,4,3,4,5,2,6,3,3,7,8,4,4,8,4,9,6,13,3,7,10,8,14,2,10,8,3,6,8,9,11,10,12,7,7,5,5,10,5,9,13,9,7,6,4,9,3,5,8,3,4,2,15,6,3,10,2,3,3,3,1,2,3,1,1,2,2,0,4,2,4,0,0,1,1,0,1,2,2,0,0,0,0,0,0,1,2,0,0,0,0,0,0,0,0,1,0,0,0,1,0,0,0,0,0,0,0,0,0,0,0,0,0,0,0,0,0,0,0,0,0,0,0,0,0,0,0,0,0,0,0,0,0,0,0,0,0,0,0,0,0,0,0,0,0,0
0,0,1,0,0,1,0,0,0,0,0,0,0,0,0,1,0,0,1,0,3,0,0,0,0,1,1,0,2,0,1,0,1,2,1,1,0,2,0,2,2,1,2,2,0,1,4,2,2,1,0,0,2,6,2,4,6,4,2,3,10,10,4,5,6,7,5,5,5,10,6,6,5,6,10,4,3,6,7,1,7,6,12,9,10,4,4,2,10,11,8,7,8,7,8,8,5,7,3,8,5,10,3,6,6,5,7,8,4,4,3,3,11,9,5,3,4,3,5,3,1,3,2,0,2,3,2,2,0,1,0,2,0,1,0,2,0,0,2,1,0,0,0,0,1,1,0,0,0,1,0,0,0,0,1,0,0,0,0,0,1,1,0,0,0,0,0,0,0,0,0,0,0,0,0,0,0,0,0,0,0,0,0,0,0,0,0,0,0,0,0,0,0,0,0,0,0,0,0,0
0,0,0,0,0,0,0,0,0,0,0,0,0,0,0,1,1,0,0,1,1,0,0,0,0,2,0,0,3,1,0,0,1,3,1,0,1,2,0,4,3,1,3,2,0,2,6,1,1,1,2,0,5,3,2,4,3,4,1,8,5,6,3,2,7,5,7,8,5,6,5,5,2,5,4,6,5,8,4,10,11,9,7,5,6,5,2,10,7,8,5,6,5,7,8,2,6,7,8,5,5,7,3,8,4,4,8,6,5,8,3,1,5,4,1,0,0,3,1,1,0,2,2,1,0,1,4,0,4,1,1,0,0,0,1,0,0,1,2,1,0,0,1,0,1,2,1,0,0,0,0,1,0,0,0,0,0,0,0,0,0,0,0,1,0,0,0,0,0,0,0,0,0,0,0,0,0,0,0,0,0,0,0,0,0,0,0,0,0,0,0,0,0,0,0,0,0,0,0,0
0,0,0,0,0,0,1,0,0,0,0,0,1,0,1,0,0,0,0,0,0,0,0,0,1,0,1,0,1,1,2,1,0,0,1,2,2,0,1,2,1,3,2,0,2,2,4,3,0,0,1,2,3,2,3,2,5,6,3,5,7,7,3,3,6,2,3,2,6,5,5,9,6,5,6,4,3,8,6,8,4,9,7,8,7,5,8,5,6,6,6,3,5,7,4,6,8,8,8,6,8,7,11,3,5,4,5,4,6,5,6,0,1,4,4,3,2,2,1,3,2,5,1,0,3,0,0,2,0,1,0,1,0,0,1,1,0,0,0,0,0,0,0,1,0,0,0,0,1,0,0,0,0,0,0,0,0,0,0,0,0,0,0,0,0,0,0,0,0,0,0,0,0,0,0,0,0,0,0,0,0,0,0,0,0,0,0,0,0,0,0,0,0,0,0,0,0,0,0,0
0,0,0,0,0,0,1,0,0,0,0,0,0,0,0,0,0,2,1,0,2,0,2,0,0,1,0,0,1,0,0,4,1,1,1,3,0,1,2,2,1,1,1,2,1,2,0,3,1,7,3,4,6,4,3,6,2,5,3,3,3,6,5,5,7,6,5,4,6,5,4,11,6,17,9,7,6,4,3,9,2,13,2,8,6,7,8,9,9,5,10,5,8,7,7,11,3,5,8,4,5,4,9,8,8,5,4,5,2,5,1,4,4,1,2,1,3,1,3,3,2,1,2,1,0,4,3,1,1,1,0,0,3,1,1,1,0,2,0,0,0,0,0,1,0,1,0,0,0,0,0,0,0,0,0,0,0,0,0,0,0,0,0,0,0,0,0,0,0,0,0,0,0,0,0,0,0,0,0,0,0,0,0,0,0,0,0,0,0,0,0,0,0,0,0,0,0,0,0,0
0,0,0,0,0,0,0,0,0,0,0,2,0,0,0,0,0,0,0,0,2,0,0,0,0,2,0,0,1,1,1,2,1,1,0,3,2,2,0,0,1,2,2,0,2,4,0,6,2,4,2,2,1,6,1,7,3,3,5,6,3,6,3,1,3,3,8,6,6,12,5,7,3,7,11,6,3,7,5,8,5,11,12,4,3,11,7,4,4,11,10,8,5,8,5,5,11,2,5,9,3,9,8,4,5,3,5,7,1,3,2,4,3,2,3,1,2,2,3,1,1,0,1,1,1,0,1,2,1,0,1,0,2,1,0,0,0,2,0,1,0,1,0,2,0,0,0,0,0,0,0,0,0,0,0,0,0,0,0,0,0,0,0,0,0,0,0,0,0,0,0,0,0,0,1,0,0,0,0,0,0,0,0,0,0,0,0,0,0,0,0,0,0,0,0,0,0,0,0,0
0,0,0,0,0,0,1,0,0,0,0,1,0,0,0,0,1,0,1,0,1,1,0,0,0,0,0,0,0,0,1,1,0,1,1,2,5,0,2,1,2,1,3,1,1,0,1,2,0,0,3,3,0,2,1,1,2,5,3,1,10,1,5,10,5,4,2,9,6,8,7,8,5,2,8,11,11,3,5,9,3,6,9,6,2,12,7,4,9,6,6,12,5,3,6,5,6,7,5,2,3,6,4,9,2,1,8,4,2,4,5,2,2,0,2,2,3,1,3,0,5,2,2,1,2,1,2,2,4,0,3,2,2,0,0,0,1,0,0,0,2,0,1,0,0,0,0,0,0,0,0,0,0,0,0,0,0,0,0,0,0,0,0,0,0,0,0,0,0,0,0,0,0,0,0,0,0,0,0,0,0,0,0,0,0,0,0,0,0,0,0,0,0,0,0,0,0,0,0,0
1,0,0,0,0,0,0,0,0,0,0,0,0,1,0,0,0,0,0,0,1,0,1,0,0,0,2,0,0,1,0,1,1,1,0,0,1,1,0,1,1,2,1,1,4,1,3,2,1,2,0,2,4,5,0,6,4,3,6,5,6,7,5,1,8,2,5,9,4,6,8,4,13,3,6,6,6,8,8,10,6,7,4,9,7,4,7,9,3,7,8,12,5,5,4,6,8,2,1,8,6,7,5,2,7,4,1,7,7,0,2,4,1,5,2,1,3,1,5,2,0,3,1,1,0,2,4,2,1,0,0,2,0,1,0,1,0,1,0,1,1,0,0,0,0,0,0,0,0,0,0,0,0,0,0,0,0,0,0,0,0,0,0,0,0,0,0,0,0,1,0,0,0,0,0,0,0,0,0,0,0,0,0,0,0,0,0,0,0,0,0,0,0,0,0,0,0,0,0,0
0,0,0,0,0,0,0,0,0,0,0,0,0,0,0,0,0,0,1,0,0,0,1,1,0,0,0,2,0,0,0,0,1,2,0,1,0,1,2,0,4,1,2,1,4,2,5,4,2,3,1,3,2,4,3,4,2,6,5,6,2,3,2,2,2,3,4,4,6,6,7,3,5,6,3,3,8,8,6,2,7,8,5,7,6,5,7,3,12,2,5,5,4,9,5,6,10,6,8,7,4,4,11,1,5,5,4,5,2,8,1,1,3,3,3,6,2,2,1,3,0,1,0,1,0,1,1,1,1,0,0,0,1,3,1,1,0,0,2,0,0,0,0,0,0,0,0,0,0,0,1,0,0,0,0,0,0,0,0,0,0,0,0,0,0,0,0,0,0,0,0,0,0,0,0,0,0,0,0,0,0,0,0,0,0,0,0,0,0,0,0,0,0,0,0,0,0,0,0,0
0,0,0,0,0,0,0,0,0,0,0,0,0,0,0,0,0,0,0,0,0,0,1,0,1,0,0,0,0,1,3,1,0,3,1,3,1,0,3,0,1,1,1,1,1,2,0,1,1,0,0,3,2,1,1,2,5,2,6,3,6,1,1,2,3,6,6,6,3,4,3,2,8,1,8,6,5,8,6,3,5,9,14,6,3,6,11,2,3,9,5,7,3,6,9,4,8,7,8,4,5,6,5,0,7,2,3,5,3,1,4,2,5,5,2,1,3,3,4,2,2,2,2,2,0,2,1,1,1,2,2,1,1,0,2,0,1,0,0,0,0,1,0,0,0,0,0,0,0,0,0,0,0,0,0,0,0,0,0,0,0,0,0,1,0,0,0,0,0,0,0,0,0,0,0,0,0,0,0,0,0,0,0,0,0,0,0,0,0,0,0,0,0,0,0,0,0,0,0,0
0,0,0,0,0,0,0,0,0,0,0,0,0,0,0,0,0,0,0,0,0,0,0,0,0,0,0,0,0,0,2,3,0,1,0,1,1,0,1,0,2,0,2,3,2,1,4,2,3,2,0,2,2,5,4,2,1,1,3,5,6,1,5,3,4,3,2,7,7,11,3,6,5,3,6,4,7,7,9,5,6,7,5,4,7,4,7,5,9,4,4,8,5,6,8,2,4,1,1,5,5,5,7,8,8,5,2,5,4,4,4,6,1,3,3,1,1,2,1,2,1,2,1,1,0,3,1,1,3,0,1,1,0,0,2,0,0,0,1,0,2,0,0,1,2,0,0,0,0,1,0,0,0,0,1,0,0,0,0,0,0,0,0,0,0,0,0,0,0,0,0,0,0,0,0,0,0,0,0,0,0,0,0,0,0,0,0,0,0,0,0,0,0,0,0,0,0,0,0,0
0,0,0,0,0,0,0,0,0,0,0,0,1,0,0,0,0,1,0,0,0,0,0,0,0,0,0,0,0,0,1,2,0,1,0,2,0,0,0,0,1,2,2,0,0,0,1,2,1,1,1,0,1,8,5,1,3,2,2,3,3,3,3,2,7,4,2,7,3,6,4,8,2,2,3,6,13,8,3,7,6,6,8,8,4,5,3,5,3,6,5,4,4,4,5,9,4,9,5,3,4,4,9,4,8,10,5,2,2,2,4,4,3,2,1,4,1,0,1,1,1,1,0,1,0,1,1,0,4,0,0,1,2,1,1,0,1,1,1,0,1,0,1,0,0,0,1,0,0,0,0,0,0,0,0,0,0,0,0,0,0,0,0,0,0,0,0,0,0,0,0,0,0,0,0,0,0,0,0,0,0,0,0,0,0,0,0,0,0,0,0,0,0,0,0,0,0,0,0,0
0,0,0,0,0,0,0,0,0,0,0,0,1,0,0,0,0,0,0,0,0,1,1,1,1,0,0,0,0,1,1,0,0,1,1,0,3,1,0,2,1,2,1,0,1,1,4,5,4,3,0,1,6,4,2,2,1,5,2,1,4,4,5,8,3,5,5,4,5,7,5,5,8,1,5,12,3,7,6,5,6,7,10,7,6,6,4,3,8,3,4,5,6,6,7,5,7,8,3,4,5,4,4,3,4,3,4,1,5,2,2,4,0,0,7,4,4,1,1,2,1,1,2,1,0,1,2,1,1,0,0,1,1,1,2,0,0,0,1,1,0,0,0,1,0,0,0,2,0,1,1,0,0,0,0,0,0,0,0,0,0,0,0,0,0,0,0,0,0,0,0,0,0,0,0,0,0,0,0,0,0,0,0,0,0,0,0,0,0,0,0,0,0,0,0,0,0,0,0,0
0,0,0,0,0,0,0,0,0,0,0,0,0,0,0,0,0,0,0,0,0,0,1,2,0,1,0,0,1,1,2,0,0,1,1,0,0,1,0,1,2,2,3,1,2,2,1,3,1,0,1,1,2,6,3,1,7,3,3,4,4,3,3,2,5,3,4,3,5,6,2,8,1,6,6,4,3,5,9,5,1,7,5,4,9,5,4,9,7,2,8,6,4,4,9,5,8,9,5,6,2,3,4,4,8,3,4,1,2,2,2,3,0,2,3,0,3,1,3,0,2,2,1,1,1,1,1,2,3,1,1,0,3,0,1,2,0,1,0,0,1,0,0,1,0,0,0,0,1,0,0,0,0,0,0,0,0,0,0,0,0,0,0,0,0,0,0,0,0,0,0,0,0,0,0,0,0,0,0,0,0,0,0,0,0,0,0,0,0,0,0,0,0,0,0,0,0,0,0,0
0,0,0,0,0,0,0,0,0,0,0,0,0,0,0,0,0,1,1,0,0,0,0,1,0,0,0,0,1,0,0,0,1,3,0,1,1,1,1,1,1,3,4,1,2,1,3,2,2,0,0,2,1,4,2,3,5,2,5,4,6,5,6,1,5,4,6,5,2,6,5,10,3,6,3,8,4,10,6,5,10,5,8,4,6,5,3,7,4,10,4,4,4,3,8,6,5,5,3,6,5,6,6,2,4,5,9,4,2,1,1,4,1,0,2,2,0,0,3,2,0,2,1,2,1,1,0,1,0,1,0,0,0,0,1,0,2,1,0,0,1,0,0,0,0,0,1,0,0,1,0,1,0,0,0,0,1,0,1,0,0,0,1,0,0,0,0,0,0,0,0,0,0,0,0,0,0,0,0,0,0,0,0,0,0,0,0,0,0,0,0,0,0,0,0,0,0,0,0,0
1,0,0,0,0,0,0,0,0,0,0,0,0,0,0,0,1,0,1,0,0,0,0,0,0,2,0,0,2,2,0,1,0,1,1,0,2,0,1,2,2,0,0,0,1,2,2,1,2,1,1,0,1,1,3,0,1,0,3,4,2,3,5,3,1,2,8,5,3,4,3,7,7,4,10,2,3,9,2,9,5,4,6,3,7,6,8,6,6,7,2,7,2,5,4,8,2,5,7,4,7,5,2,8,4,3,6,3,2,2,2,2,1,0,0,1,2,1,3,0,1,2,0,1,1,1,1,0,1,0,2,1,1,0,0,0,0,0,0,1,0,0,1,0,0,0,1,0,0,0,0,1,0,0,0,0,0,0,0,1,0,1,0,0,0,0,0,0,0,0,0,0,0,0,0,0,0,0,0,0,0,0,0,0,0,0,0,0,0,0,0,0,0,0,0,0,0,0,0,0
0,0,0,0,0,0,0,0,0,0,0,0,1,0,0,1,0,0,0,1,1,0,0,0,0,0,0,0,0,0,1,1,1,0,1,1,1,0,0,1,1,1,2,1,3,3,2,1,3,2,3,3,2,1,3,2,3,4,4,4,2,4,2,3,5,5,7,6,5,10,5,4,2,8,3,8,7,3,4,5,6,7,5,7,4,5,8,3,6,4,2,4,1,3,7,5,0,3,6,4,5,4,4,6,6,3,2,1,2,2,1,0,3,1,2,1,1,0,1,0,0,1,1,0,0,0,0,0,1,0,2,1,0,0,0,1,0,0,0,0,0,0,0,0,0,0,0,1,0,1,0,0,0,0,0,0,0,0,0,0,0,0,0,0,0,0,0,0,0,0,0,0,0,0,0,0,0,0,0,0,0,0,0,0,0,0,0,0,0,0,0,0,0,0,0,0,0,0,0,0
0,0,0,0,0,0,0,0,0,0,0,0,0,0,0,0,0,0,0,0,1,0,0,0,0,0,0,0,1,0,0,1,1,0,1,1,1,2,1,1,2,3,0,1,1,0,1,1,0,2,3,1,3,4,2,2,0,5,4,3,0,1,2,7,7,3,4,8,5,5,5,9,5,4,7,2,6,8,6,4,3,9,7,6,6,12,5,6,6,7,2,5,4,1,7,8,3,6,6,5,3,2,8,2,4,4,6,2,1,4,5,2,4,1,2,2,2,0,1,1,0,0,1,3,0,1,1,0,0,1,0,1,0,0,2,0,1,0,0,0,0,0,0,0,0,1,0,0,0,0,0,0,0,0,0,0,0,0,0,0,0,0,0,0,0,0,0,0,0,0,0,0,0,0,0,0,0,0,0,0,0,0,0,0,0,0,0,0,0,0,0,0,0,0,0,0,0,0,0,0
0,0,0,0,0,0,0,1,0,0,0,0,0,0,0,0,0,0,0,0,0,1,1,1,1,1,0,0,0,0,0,1,1,0,0,1,1,2,1,1,0,2,1,2,1,1,3,1,2,1,1,3,4,2,2,3,1,3,2,2,6,2,0,5,2,2,2,3,4,7,5,3,4,4,5,6,5,4,3,5,1,7,7,2,7,6,6,7,5,8,5,2,6,4,3,4,2,6,4,3,10,3,4,2,6,0,2,6,4,4,2,2,4,2,1,2,1,3,4,0,1,3,0,2,1,0,2,1,0,0,0,0,2,2,0,0,0,0,0,0,0,0,0,0,0,0,0,0,0,0,0,0,0,0,0,0,0,0,0,0,1,0,0,0,0,0,0,0,0,0,0,0,0,0,0,0,0,0,0,0,0,0,0,0,0,0,0,0,0,0,0,0,0,0,0,0,0,0,0,0
0,0,0,0,0,0,0,1,0,0,0,0,0,0,0,0,0,0,0,0,1,2,1,0,0,2,0,0,1,1,2,0,1,1,1,1,0,2,1,1,0,0,3,2,2,3,3,2,2,2,1,1,1,1,3,2,6,3,5,6,5,3,2,1,3,6,3,6,2,6,2,5,5,5,5,8,2,1,3,7,4,7,10,5,3,4,7,2,2,5,1,7,3,3,2,3,5,4,2,4,2,5,4,2,4,2,4,2,2,0,4,2,3,2,4,2,1,2,1,3,0,0,1,1,1,2,1,3,2,1,1,1,1,0,0,1,0,0,0,0,0,0,0,0,0,0,1,1,0,0,0,0,0,0,0,0,0,0,0,1,0,0,0,0,0,0,0,0,0,0,0,0,0,0,0,0,0,0,0,0,0,0,0,0,0,0,0,0,0,0,0,0,0,0,0,0,0,0,0,0
0,0,0,0,0,0,0,0,0,0,0,0,0,1,1,0,0,0,0,1,0,0,0,1,1,0,1,2,0,0,1,1,2,0,0,0,0,2,0,0,0,0,1,0,1,1,1,2,0,1,4,1,1,3,2,2,4,2,4,2,1,2,1,2,4,3,5,3,4,4,3,5,3,2,5,7,4,4,3,7,5,4,7,8,2,5,6,2,2,7,6,5,7,6,5,5,4,3,5,8,5,1,2,5,1,2,4,6,3,6,2,2,1,1,0,1,3,1,2,2,2,0,1,3,1,0,0,0,0,0,1,0,0,0,1,0,0,1,0,0,0,1,0,0,0,0,0,1,0,0,0,0,0,0,0,0,0,0,0,0,0,0,0,0,0,0,0,0,0,0,0,0,0,0,0,0,0,0,0,0,0,0,0,0,0,0,0,0,0,0,0,0,0,0,0,0,0,0,0,0
0,0,0,0,0,0,0,0,0,0,0,0,0,0,0,0,0,0,0,0,0,0,0,0,0,0,0,1,1,0,1,0,2,0,0,2,1,2,0,2,2,1,0,2,2,0,3,2,1,3,0,3,2,2,2,3,5,3,4,0,1,2,2,1,5,1,5,4,3,5,5,4,6,7,6,1,6,6,3,4,5,3,4,7,5,6,5,5,6,4,4,11,10,6,7,9,5,1,3,2,2,5,2,6,4,2,3,2,2,2,2,2,4,1,3,0,0,2,3,1,0,0,4,1,0,1,1,0,0,1,1,0,1,1,0,1,0,0,1,1,1,0,0,0,0,0,0,0,1,1,0,0,0,0,1,0,0,0,0,0,0,0,0,0,0,0,0,0,0,0,0,0,0,0,0,0,0,0,0,0,0,0,0,0,0,0,0,0,0,0,0,0,0,0,0,0,0,0,0,0
0,0,0,0,0,1,0,1,0,0,0,0,0,0,0,0,0,0,1,0,1,0,0,0,0,0,0,0,0,0,0,1,0,1,0,2,1,0,2,1,1,3,0,1,0,0,3,0,4,0,1,2,4,3,1,1,2,1,2,4,1,3,4,3,3,5,1,4,2,3,3,4,2,1,6,6,4,7,2,9,4,4,5,5,3,5,3,6,4,5,6,6,7,2,4,3,2,5,5,4,2,3,1,5,1,4,2,1,3,2,3,1,1,8,0,1,4,1,4,0,0,0,0,0,2,2,2,3,0,2,0,0,1,0,0,0,0,0,0,0,0,0,0,0,1,0,0,0,0,0,0,0,0,0,0,0,0,0,0,1,0,0,0,0,0,0,0,0,0,0,0,0,0,0,0,0,0,0,0,0,0,0,0,0,0,0,0,0,0,0,0,0,0,0,0,0,0,0,0,0
0,0,0,0,0,0,1,0,0,0,0,0,0,0,0,0,0,0,0,0,0,0,1,0,0,1,0,1,0,1,1,1,0,1,0,0,1,1,0,0,1,1,2,0,1,2,2,2,1,2,4,0,0,1,1,1,2,2,1,2,1,3,1,5,5,4,4,1,4,5,2,0,4,9,3,2,3,4,2,5,4,5,6,4,1,4,5,1,6,3,5,5,4,6,7,7,5,3,2,2,3,2,7,3,7,6,4,4,4,6,2,4,2,1,3,2,1,0,1,2,0,0,0,0,0,1,1,1,0,0,0,1,3,0,1,0,0,1,2,0,1,0,1,1,0,0,1,0,0,0,0,0,0,0,0,0,0,0,0,0,0,0,0,0,0,0,0,0,0,0,0,0,0,0,0,0,0,0,0,0,0,0,0,0,0,0,0,0,0,0,0,0,0,0,0,0,0,0,0,0
0,0,0,0,0,0,0,0,0,0,0,0,0,0,0,0,0,1,0,0,0,0,1,0,0,0,0,1,0,0,0,1,0,0,1,0,2,2,0,1,1,1,2,1,3,3,3,3,1,1,1,1,1,3,0,0,1,2,1,2,3,0,1,2,3,4,5,6,3,5,1,1,2,5,7,5,6,1,6,3,3,5,5,2,5,8,2,3,3,4,5,2,4,5,1,4,7,7,5,3,3,8,3,5,4,0,3,3,1,3,3,1,1,3,2,1,0,5,1,1,0,1,3,3,1,0,0,1,0,1,2,0,1,0,0,0,0,0,0,0,1,0,0,0,1,0,0,0,0,0,0,0,0,0,0,0,0,0,0,0,0,0,0,0,0,0,0,0,0,0,0,0,0,0,0,0,0,0,0,0,0,0,0,0,0,0,0,0,0,0,0,0,0,0,0,0,0,0,0,0
0,0,1,0,0,0,0,0,0,0,0,0,0,0,0,0,0,0,0,0,2,1,0,0,0,0,0,1,1,0,1,1,0,2,1,1,0,0,0,0,1,2,0,1,1,0,1,0,1,0,2,1,0,1,0,2,3,1,1,2,1,2,1,0,2,2,2,2,1,6,5,0,1,5,6,4,3,2,2,3,5,7,4,1,5,5,3,2,9,6,5,6,6,5,2,1,4,2,5,0,4,8,5,1,0,4,2,6,1,2,0,2,2,0,2,0,3,1,1,2,2,2,2,0,0,3,1,1,2,0,2,0,2,0,1,1,0,0,1,0,1,0,0,0,0,0,0,0,0,1,0,1,0,0,0,0,0,0,0,0,0,0,0,0,0,0,0,0,0,0,0,0,0,0,0,0,0,0,0,0,0,0,0,0,0,0,0,0,0,0,0,0,0,0,0,0,0,0,0,0
0,0,0,0,0,0,0,1,0,0,0,0,0,0,0,0,1,0,0,0,2,0,1,0,0,0,1,0,0,0,0,1,0,0,0,0,0,0,0,1,0,2,1,1,1,1,2,2,1,5,0,2,4,2,0,7,1,1,3,7,7,2,1,1,1,3,4,4,3,5,6,7,4,4,5,3,3,4,2,3,2,6,8,7,3,2,5,3,7,3,2,5,5,6,1,1,4,4,5,3,3,3,2,5,3,0,1,5,0,4,3,0,3,2,1,0,1,3,3,1,1,2,1,1,0,1,0,4,0,0,1,1,0,0,0,1,0,0,1,0,0,0,0,0,0,0,2,0,0,0,0,1,0,0,0,0,0,0,0,0,0,0,0,0,0,0,0,0,0,0,0,0,0,0,0,0,0,0,0,0,0,0,0,0,0,0,0,0,0,0,0,0,0,0,0,0,0,0,0,0
0,0,0,0,0,0,0,0,0,0,0,0,0,0,0,1,0,0,0,0,1,0,0,0,0,0,0,1,0,0,1,1,1,1,0,1,0,0,0,0,1,2,2,2,1,0,0,1,0,0,0,3,2,2,0,2,3,0,1,2,1,3,4,3,6,1,3,2,0,3,2,7,3,3,2,2,7,5,4,8,2,3,4,4,6,4,5,3,3,4,4,3,2,3,7,3,5,1,6,2,3,6,3,4,4,4,3,4,1,3,1,0,2,0,0,2,1,1,2,2,0,2,0,0,0,0,0,1,0,1,0,1,0,0,0,0,0,0,0,0,0,0,0,0,0,0,0,1,0,0,0,0,0,0,0,0,0,0,0,0,0,0,0,0,0,0,0,0,0,0,0,0,0,0,0,0,0,0,0,0,0,0,0,0,0,0,0,0,0,0,0,0,0,0,0,0,0,0,0,0
0,0,0,0,0,0,0,0,0,0,0,1,0,0,0,0,0,1,0,0,0,1,1,0,0,0,0,0,0,0,1,1,2,0,1,0,1,0,1,1,1,3,1,1,2,2,2,4,3,1,1,0,2,1,1,1,4,5,1,2,2,1,1,2,3,2,4,0,5,6,0,4,2,1,4,5,4,1,5,8,2,4,2,3,4,12,3,1,3,5,1,3,0,4,5,3,3,3,6,2,3,1,4,6,1,2,1,4,2,2,0,1,3,2,2,0,3,2,2,1,2,1,2,0,0,0,1,3,0,1,2,0,1,0,0,0,0,0,0,0,0,0,0,0,0,1,0,1,0,0,0,0,0,0,0,0,0,0,0,1,0,0,0,0,0,1,0,0,0,0,0,0,0,0,0,0,0,0,0,0,0,0,0,0,0,0,0,0,0,0,0,0,0,0,0,0,0,0,0,0
0,0,0,0,0,0,0,0,0,0,0,1,0,0,0,0,0,0,0,0,0,1,0,0,0,0,0,0,0,0,0,0,0,2,2,0,1,0,0,2,0,1,2,2,0,2,1,1,1,0,1,2,0,2,1,3,0,2,3,6,2,1,2,3,3,5,5,2,2,3,3,1,1,4,0,2,4,4,3,2,5,2,6,2,2,3,4,0,2,5,2,3,5,4,6,1,4,3,4,3,0,2,2,0,1,3,4,2,0,2,3,1,2,2,2,2,3,1,1,0,0,0,2,2,0,1,1,2,0,0,0,0,0,0,0,2,0,0,0,0,0,1,0,0,0,0,0,0,0,0,0,0,0,0,0,0,0,0,0,0,0,0,0,0,0,0,0,0,0,0,0,0,0,0,0,0,0,0,0,0,0,0,0,0,0,0,0,0,0,0,0,0,0,0,0,0,0,0,0,0
0,0,0,0,0,0,0,0,0,0,0,0,0,0,0,0,0,0,0,0,0,0,0,0,0,0,0,0,0,0,0,0,0,0,0,1,2,0,1,3,1,2,0,1,1,0,0,1,0,0,1,0,0,2,0,4,1,2,4,4,1,5,2,0,4,3,2,3,3,4,0,4,2,1,4,2,4,1,3,3,1,1,5,6,6,3,1,4,1,3,4,4,4,3,0,3,2,3,2,4,0,0,2,5,1,1,0,1,3,1,4,0,5,0,3,6,1,1,3,1,4,0,1,0,0,0,0,1,1,0,0,0,0,0,0,0,0,1,0,0,1,0,0,0,0,0,0,0,0,0,0,0,0,0,0,0,0,0,0,1,0,0,0,0,0,0,0,0,0,0,0,0,0,0,0,0,0,0,0,0,0,0,0,0,0,0,0,0,0,0,0,0,0,0,0,0,0,0,0,0
0,0,0,0,0,0,0,0,0,0,0,0,0,0,0,0,0,1,0,0,0,0,0,0,0,0,0,0,1,1,0,0,0,1,0,1,1,0,1,0,1,0,1,0,1,0,0,0,2,1,1,1,0,2,1,1,2,3,2,1,3,2,6,3,5,3,2,5,3,2,6,9,4,1,3,0,2,1,5,2,2,2,3,6,2,3,7,3,2,2,1,2,4,0,6,3,3,2,4,3,6,4,3,5,3,2,4,1,0,2,2,2,1,1,1,0,1,2,2,1,1,1,1,1,1,0,0,1,1,0,0,1,0,0,0,0,0,0,0,0,0,0,1,0,0,0,0,0,0,0,0,0,0,0,0,0,0,0,0,1,0,0,0,0,0,0,0,0,0,0,0,0,0,0,0,0,0,0,0,0,0,0,0,0,0,0,0,0,0,0,0,0,0,0,0,0,0,0,0,0
0,0,0,0,0,0,0,0,0,0,0,0,0,0,0,0,0,0,0,1,0,0,0,0,0,0,0,1,0,0,2,0,1,0,0,0,1,1,1,1,1,1,0,0,0,0,2,1,2,1,2,2,4,3,1,4,0,1,3,3,4,3,1,1,4,3,2,2,9,4,5,3,1,0,4,3,2,2,2,2,2,4,4,4,2,8,1,5,3,2,2,6,5,5,2,3,3,1,5,7,1,4,3,4,1,3,3,6,3,2,3,3,1,1,2,1,0,1,0,0,0,1,0,1,1,0,0,2,2,0,0,0,1,1,1,2,0,1,0,0,0,0,0,0,0,0,0,0,0,0,0,0,0,0,0,0,0,0,0,0,0,0,0,0,0,0,0,0,0,0,0,0,0,0,0,0,0,0,0,0,0,0,0,0,0,0,0,0,0,0,0,0,0,0,0,0,0,0,0,0
0,0,0,0,0,0,0,0,0,0,0,0,0,1,0,0,0,0,0,0,0,0,0,1,0,0,0,0,0,0,0,0,0,1,1,1,0,1,2,1,1,1,1,2,1,1,6,1,0,3,2,1,2,2,2,1,1,1,2,1,1,4,2,1,1,3,2,5,3,5,4,2,1,0,4,5,4,3,3,3,2,3,1,5,1,6,2,2,1,4,3,4,4,2,1,5,1,3,1,2,3,3,1,0,2,4,1,2,4,1,5,1,0,1,1,1,0,2,1,0,1,1,0,0,2,1,1,0,0,0,0,1,1,0,0,0,0,1,0,2,0,0,0,0,0,0,0,0,0,0,0,0,0,0,0,0,0,0,0,0,0,0,0,0,0,0,0,0,0,0,0,0,0,0,0,0,0,0,0,0,0,0,0,0,0,0,0,0,0,0,0,0,0,0,0,0,0,0,0,0
0,0,0,0,0,0,0,0,0,0,1,0,0,0,0,0,0,0,0,0,0,1,0,0,0,1,0,0,1,0,0,1,1,0,0,0,0,1,1,0,0,3,0,3,1,0,1,0,1,1,2,0,2,0,1,3,0,2,3,3,2,3,2,1,5,2,6,6,3,5,0,4,3,5,4,6,5,7,1,4,3,1,4,2,1,4,2,3,3,3,2,3,3,3,5,2,2,1,1,4,0,1,1,2,2,1,2,5,3,1,1,3,1,1,1,0,5,0,0,1,1,2,2,0,1,0,1,1,1,0,0,0,0,0,1,2,0,0,1,0,1,0,0,0,0,0,1,0,0,0,0,0,0,1,0,0,0,0,0,0,0,0,0,0,0,0,0,0,0,0,0,0,0,0,0,0,0,0,0,0,0,0,0,0,0,0,0,0,0,0,0,0,0,0,0,0,0,0,0,0
0,0,0,0,0,0,0,0,0,0,0,0,0,0,0,0,0,0,0,0,0,0,0,0,0,0,0,0,0,0,0,0,0,2,0,0,0,0,1,0,0,0,0,0,0,1,1,0,0,0,0,0,1,5,3,1,0,4,1,2,2,4,2,2,0,2,3,4,4,5,2,5,2,1,10,3,4,6,5,4,6,0,6,6,2,3,2,1,4,2,1,4,3,3,4,3,1,1,1,0,3,4,1,2,4,1,1,2,0,1,2,3,2,2,3,0,1,1,0,1,0,0,1,0,1,1,2,1,1,0,0,0,0,2,0,0,0,0,1,1,0,0,0,0,0,0,0,1,0,0,0,0,0,0,0,0,0,0,0,0,0,0,0,0,0,1,0,0,0,0,0,0,0,0,0,0,0,0,0,0,0,0,0,0,0,0,0,0,0,0,0,0,0,0,0,0,0,0,0,0
0,0,0,0,0,0,0,0,0,0,0,0,0,0,0,0,0,0,0,0,0,0,1,0,0,0,0,0,0,0,0,0,0,0,0,0,1,0,0,2,2,2,1,0,1,0,6,2,2,3,3,0,3,1,2,2,1,3,1,3,1,2,3,2,0,1,2,3,1,4,0,2,2,4,2,3,6,1,2,3,6,3,3,6,6,1,1,6,3,1,2,4,2,5,0,4,3,1,3,3,1,1,3,3,4,3,4,5,1,3,3,1,4,0,2,0,0,0,0,1,1,0,0,2,1,0,2,0,2,0,0,1,0,0,0,0,1,0,0,0,0,0,0,0,0,0,0,0,1,0,0,0,0,0,0,0,0,0,0,0,0,0,0,0,0,0,0,0,0,0,0,0,0,0,0,0,0,0,0,0,0,0,0,0,0,0,0,0,0,0,0,0,0,0,0,0,0,0,0,0
0,0,0,0,0,0,0,0,0,0,0,0,0,0,0,0,0,0,0,0,0,0,0,1,0,1,0,0,0,1,0,1,0,1,2,0,1,0,0,0,0,1,2,0,1,0,0,0,0,2,1,2,1,1,0,3,2,1,0,2,2,2,1,2,2,6,4,5,3,3,2,4,3,3,1,1,4,4,4,2,5,2,4,1,2,6,2,5,4,3,1,4,2,1,1,1,3,1,3,2,5,2,5,3,0,5,0,0,1,1,0,4,1,1,2,1,0,0,4,1,1,0,0,0,1,1,0,0,0,1,0,0,0,0,0,1,0,0,0,0,0,0,0,0,0,0,1,0,0,0,0,0,0,0,0,0,0,0,0,0,0,0,0,0,0,0,0,0,0,0,0,0,0,0,0,0,0,0,0,0,0,0,0,0,0,0,0,0,0,0,0,0,0,0,0,0,0,0,0,0
0,0,0,0,0,0,0,0,0,0,0,0,0,0,0,0,0,0,0,0,0,1,0,0,1,0,0,0,0,1,0,0,1,0,2,3,0,0,2,0,1,1,0,1,1,0,2,0,1,1,0,1,2,2,2,3,0,2,1,4,0,1,1,0,3,3,4,7,2,0,3,1,1,0,2,6,4,3,1,1,1,3,2,1,0,5,1,4,3,1,0,5,6,4,2,2,4,5,2,1,1,0,2,2,3,1,2,1,0,2,2,0,0,1,1,1,0,1,1,1,0,0,0,1,0,1,1,1,0,1,2,0,1,1,0,0,0,0,0,1,0,1,0,0,0,0,0,0,0,0,0,0,0,0,0,0,0,0,0,0,0,0,0,0,0,0,0,0,0,0,0,0,0,0,0,0,0,0,0,0,0,0,0,0,0,0,0,0,0,0,0,0,0,0,0,0,0,0,0,0
0,0,0,0,0,0,0,0,0,0,0,0,0,0,0,0,0,0,1,0,0,0,0,0,0,0,0,0,0,0,0,0,1,0,0,0,0,0,0,0,1,0,2,0,0,1,1,2,1,1,2,0,2,0,1,5,1,2,2,3,0,4,1,0,5,1,1,1,4,2,2,3,1,2,4,3,4,2,3,1,2,2,0,3,1,5,1,0,6,4,0,3,2,3,1,3,2,0,5,4,3,4,2,2,0,0,3,2,1,2,0,1,3,1,1,0,0,0,2,1,2,1,2,0,0,0,0,1,0,2,1,0,5,0,0,0,1,0,0,0,0,1,0,0,0,0,0,0,0,0,0,0,0,0,1,0,0,0,0,0,0,1,0,0,0,0,1,0,0,0,0,0,0,0,0,0,0,0,0,0,0,0,0,0,0,0,0,0,0,0,0,0,0,0,0,0,0,0,0,0
0,0,0,0,0,1,0,0,0,0,0,0,0,0,0,0,0,0,0,0,0,1,0,1,0,1,0,0,0,0,0,0,0,1,0,1,0,1,1,1,1,1,2,0,2,1,1,0,1,2,0,1,3,2,2,0,4,3,2,2,1,3,1,0,3,0,1,1,3,3,2,3,1,5,2,3,3,3,1,5,4,3,6,8,6,1,4,1,3,7,3,4,2,0,1,1,1,2,2,3,0,2,2,2,2,3,1,2,4,2,2,2,2,0,0,0,2,4,0,2,1,0,0,1,0,0,0,1,0,0,1,0,2,0,0,0,0,0,0,0,0,0,0,0,0,0,0,0,0,0,0,0,0,0,0,0,0,0,0,0,0,0,0,1,0,0,0,0,0,0,0,0,0,0,0,0,0,0,0,0,0,0,0,0,0,0,0,0,0,0,0,0,0,0,0,0,0,0,0,0
0,0,0,0,0,0,0,0,0,0,0,0,0,0,0,0,0,0,0,0,0,0,0,0,0,0,1,2,0,0,1,0,1,1,0,0,1,0,0,1,1,0,0,0,0,1,3,0,1,0,1,3,1,0,1,2,3,0,3,2,2,3,0,1,3,4,0,4,1,4,1,2,1,2,3,2,3,3,4,5,1,3,1,2,0,5,2,0,4,4,2,3,1,0,3,2,4,5,1,0,0,1,2,0,3,0,0,2,0,1,0,0,2,1,0,1,0,0,3,1,1,2,0,0,0,1,0,0,0,0,0,0,0,0,0,0,0,1,0,0,0,0,0,0,0,0,0,0,0,0,0,0,0,0,0,0,0,0,0,0,0,0,0,0,0,0,0,0,0,0,0,0,0,0,0,0,0,0,0,0,0,0,0,0,0,0,0,0,0,0,0,0,0,0,0,0,0,0,0,0
0,0,0,0,0,0,0,0,0,0,0,0,0,0,0,0,0,0,0,0,0,0,0,0,0,0,1,0,0,1,0,0,0,0,0,1,0,0,0,1,1,0,1,1,0,0,1,1,0,3,0,2,1,1,0,0,2,2,1,3,1,2,2,2,2,0,3,1,3,0,3,1,1,2,3,4,2,1,2,7,0,4,5,0,1,2,2,0,0,2,1,3,1,1,4,1,4,4,2,4,1,3,3,0,4,0,5,0,1,1,3,1,1,0,0,1,1,0,3,1,0,1,0,1,0,2,2,0,1,0,2,0,1,0,0,0,0,0,1,0,0,0,0,0,0,0,0,1,0,0,0,0,0,0,0,0,0,0,0,0,0,0,0,0,0,0,0,0,0,0,0,0,0,0,0,0,0,0,0,0,0,0,0,0,0,0,0,0,0,0,0,0,0,0,0,0,0,0,0,0
0,0,0,0,0,0,0,0,0,0,0,0,0,0,0,0,0,0,0,0,0,0,0,0,0,0,0,0,0,0,1,1,0,1,1,0,0,0,0,0,0,0,0,0,0,0,3,0,3,0,0,3,2,1,2,3,1,1,2,0,4,1,2,2,5,0,0,3,4,3,2,5,2,3,4,3,1,1,2,2,3,1,3,2,2,2,3,2,4,3,1,4,2,1,2,2,5,0,1,1,2,4,1,2,4,2,3,1,0,1,1,1,4,1,0,2,0,3,1,1,0,1,1,1,0,1,2,0,0,0,1,0,0,0,0,0,0,0,0,0,1,0,0,0,0,0,0,0,0,0,0,0,0,0,0,0,0,0,0,0,0,0,0,0,0,0,0,0,0,0,0,0,0,0,0,0,0,0,0,0,0,0,0,0,0,0,0,0,0,0,0,0,0,0,0,0,0,0,0,0
0,0,0,0,0,0,0,0,0,0,0,0,0,0,0,0,0,0,0,0,0,0,0,0,0,0,0,0,0,0,0,0,1,0,0,1,1,0,0,0,0,1,0,0,0,1,3,1,0,0,1,0,5,2,3,1,2,1,1,5,0,1,1,2,1,1,3,3,0,3,1,3,3,2,1,7,2,2,5,3,2,2,5,6,4,1,3,2,2,3,2,3,0,1,1,1,2,0,1,1,0,2,2,3,0,2,0,1,2,3,0,1,2,0,1,0,2,0,0,3,0,0,0,0,0,0,1,0,1,0,0,0,1,0,0,0,0,0,0,1,0,0,0,0,0,0,0,0,0,0,0,0,0,0,0,0,0,0,0,0,0,0,0,0,0,0,0,0,0,0,0,0,0,0,0,0,0,0,0,0,0,0,0,0,0,0,0,0,0,0,0,0,0,0,0,0,0,0,0,0
0,0,0,0,0,0,0,0,0,0,0,0,0,0,0,1,0,0,0,0,0,0,1,0,1,0,0,0,0,0,0,0,0,0,1,0,0,0,0,1,1,2,0,1,1,0,1,0,1,0,1,1,2,1,0,2,1,1,1,1,4,3,0,0,4,0,2,1,3,0,5,1,3,1,4,2,3,1,2,5,2,2,4,1,3,3,1,2,1,1,1,3,3,2,3,4,1,2,2,2,1,4,0,3,1,2,1,2,3,0,4,2,0,2,0,1,2,0,2,1,1,2,2,0,0,0,0,1,0,0,0,0,0,0,0,1,0,0,0,0,1,1,0,0,0,0,0,0,0,0,0,0,0,0,0,0,0,0,0,0,0,0,0,0,0,0,0,0,0,0,0,0,0,0,0,0,0,0,0,0,0,0,0,0,0,0,0,0,0,0,0,0,0,0,0,0,0,0,0,0
0,0,0,0,0,0,0,0,0,0,0,0,0,0,0,0,1,0,0,0,0,0,0,0,1,0,0,0,0,0,0,0,0,1,0,0,0,0,0,0,1,1,0,1,0,0,1,0,0,1,1,0,2,1,1,0,2,0,1,2,0,1,0,1,1,0,6,1,0,6,2,1,2,5,3,2,4,3,2,3,0,1,3,2,3,2,4,2,0,2,4,4,1,2,4,5,2,1,2,2,1,3,1,2,3,0,0,0,2,0,2,1,1,2,0,2,0,1,1,0,2,3,0,2,1,2,1,0,0,0,0,0,0,0,1,0,0,1,0,0,0,0,0,0,0,0,0,0,0,0,1,0,0,0,0,0,0,0,0,0,0,0,0,0,0,0,0,0,0,1,0,0,0,0,0,0,0,0,0,0,0,0,0,0,0,0,0,0,0,0,0,0,0,0,0,0,0,0,0,0
0,0,0,0,0,0,0,0,0,0,0,0,0,0,0,0,0,0,0,0,0,0,0,0,0,0,0,0,0,0,0,1,0,0,1,1,0,0,0,0,0,0,1,0,1,1,3,1,0,0,1,0,1,1,1,2,0,4,1,0,2,0,1,0,2,3,2,1,1,1,2,2,3,2,2,2,1,1,4,0,1,2,1,2,0,3,1,4,3,3,1,0,4,0,0,3,5,1,3,1,2,1,2,0,2,2,1,2,0,0,3,0,1,0,0,2,0,0,0,1,0,0,1,0,0,1,0,0,0,0,0,0,0,1,0,0,0,0,1,0,0,0,0,0,0,0,0,0,0,0,0,0,0,0,0,0,0,0,0,0,0,0,0,0,0,0,0,0,0,0,0,0,0,0,0,0,0,0,0,0,0,0,0,0,0,0,0,0,0,0,0,0,0,0,0,0,0,0,0,0
1,0,0,0,0,0,0,0,0,0,0,0,0,0,0,0,0,0,0,0,0,0,0,0,0,0,0,0,0,0,0,0,0,0,1,0,0,0,0,0,1,0,1,0,0,0,2,0,2,0,0,1,0,2,1,1,2,1,0,1,0,0,1,0,1,2,0,1,3,2,0,2,2,0,2,3,5,4,2,3,3,0,4,7,2,2,0,3,2,2,0,3,2,4,2,1,3,2,1,0,1,1,2,3,2,2,0,4,4,3,0,0,1,1,1,2,0,0,0,2,1,1,0,0,0,1,1,0,0,0,0,0,0,0,0,0,0,2,1,0,0,1,0,0,0,1,0,1,0,0,0,0,0,0,0,0,0,0,0,0,0,0,0,0,0,0,0,0,0,0,0,0,0,0,0,0,0,0,0,0,0,0,0,0,0,0,0,0,0,0,0,0,0,0,0,0,0,0,0,0
0,0,0,0,0,0,0,0,0,0,0,0,1,0,0,0,0,0,0,0,0,0,0,0,0,0,0,0,0,0,0,0,0,0,0,0,1,0,0,1,0,0,0,0,2,0,1,3,1,3,1,0,4,0,1,3,2,1,3,3,3,0,3,1,1,1,3,3,0,4,4,2,0,2,2,4,0,3,2,2,2,5,1,1,2,3,4,1,6,1,3,2,0,3,4,2,1,0,1,2,1,2,0,1,2,2,2,1,0,3,2,1,2,1,1,1,0,0,1,0,1,0,0,0,0,0,1,0,1,0,1,0,0,0,0,0,1,1,0,0,0,0,0,0,0,0,0,0,0,0,0,0,0,0,0,0,0,0,0,0,0,0,0,0,0,0,0,0,0,0,0,0,0,0,0,0,0,0,0,0,0,0,0,0,0,0,0,0,0,0,0,0,0,0,0,0,0,0,0,0
0,0,0,0,0,0,0,0,0,1,0,0,0,0,0,0,0,0,0,1,0,0,0,1,0,0,0,1,0,0,0,0,0,1,0,0,0,2,0,1,1,0,1,2,0,0,3,1,1,0,0,0,1,1,1,1,2,2,1,4,1,4,1,1,4,1,3,2,4,2,4,4,1,4,1,2,2,2,5,2,5,2,0,3,1,1,0,0,3,4,2,0,1,0,2,5,1,3,1,3,2,3,3,4,1,0,3,1,1,0,0,0,2,2,0,1,2,0,1,2,0,0,1,0,2,0,1,0,0,0,0,0,1,1,0,0,0,0,0,0,1,1,0,0,0,0,0,0,0,0,0,0,0,0,0,0,0,0,0,0,0,0,0,0,0,0,0,0,0,0,0,0,0,0,0,0,0,0,0,0,0,0,0,0,0,0,0,0,0,0,0,0,0,0,0,0,0,0,0,0
0,0,0,0,0,0,0,0,0,0,0,0,0,0,0,0,0,0,0,1,0,0,0,0,0,0,0,1,0,0,1,0,1,1,0,2,1,0,0,0,0,0,0,0,1,0,0,2,0,0,2,0,4,0,2,1,2,0,3,1,0,1,0,2,0,0,2,1,2,4,0,5,1,2,3,3,1,2,1,1,4,1,1,3,1,1,3,0,5,2,1,2,3,3,2,1,0,2,1,1,0,1,0,1,1,4,1,1,0,1,1,0,0,1,2,1,0,4,0,1,2,1,0,1,0,1,0,1,0,0,0,0,0,0,0,1,0,0,0,0,0,0,0,0,0,0,0,0,0,1,0,0,0,0,0,0,0,0,0,0,0,0,0,0,0,0,0,0,0,0,0,0,0,0,0,0,0,0,0,0,0,0,0,0,0,0,0,0,0,0,0,0,0,0,0,0,0,0,0,0
0,0,0,0,0,0,0,0,0,0,0,0,0,0,0,0,0,1,0,0,0,0,0,0,0,1,0,0,0,0,1,0,0,0,0,0,0,1,0,1,0,0,0,0,0,0,0,0,1,1,0,0,0,1,0,2,0,0,2,0,2,6,1,2,1,1,2,1,3,2,5,2,2,0,0,1,4,0,3,1,2,1,3,1,1,2,2,1,2,2,2,4,0,2,0,2,2,1,3,1,1,2,1,0,0,0,1,2,1,0,2,1,2,1,1,2,1,0,0,0,0,0,0,1,0,0,1,0,0,1,1,0,1,0,0,0,0,0,0,0,1,0,0,0,0,0,0,0,0,0,0,0,0,0,0,0,0,0,0,0,0,0,0,0,0,0,0,0,0,0,0,0,0,0,0,0,0,0,0,0,0,0,0,0,0,0,0,0,0,0,0,0,0,0,0,0,0,0,0,0
0,0,0,0,0,0,0,0,0,0,0,0,0,0,0,0,0,0,0,0,0,0,1,0,0,0,0,0,0,0,0,0,0,0,0,1,0,0,0,2,1,1,0,0,0,0,2,1,0,0,0,0,2,2,0,0,0,2,2,2,2,1,0,1,1,2,3,4,4,2,3,2,2,1,2,2,3,4,1,2,3,2,2,1,5,0,0,3,6,0,3,1,1,5,2,2,3,1,1,1,0,1,5,0,2,1,4,1,1,0,2,1,1,1,3,1,1,0,2,1,1,0,0,0,0,0,0,0,2,0,1,0,1,0,0,0,0,0,0,0,0,0,0,0,0,0,0,0,0,0,0,0,0,0,0,0,0,0,0,0,0,0,0,0,0,0,0,0,0,0,0,0,0,0,0,0,0,0,0,0,0,0,0,0,0,0,0,0,0,0,0,0,0,0,0,0,0,0,0,0
0,0,0,0,0,0,0,0,0,0,0,0,0,0,0,0,0,0,0,0,0,1,0,0,0,0,0,0,0,1,0,0,0,0,0,0,0,0,0,1,2,0,1,0,0,0,2,0,1,1,1,0,3,2,2,2,1,0,1,0,0,0,0,2,6,1,4,0,1,0,3,1,0,1,3,1,0,2,0,2,3,4,2,1,2,2,1,0,1,3,0,3,2,1,2,2,2,2,4,1,2,2,3,0,1,1,0,1,0,0,0,0,0,1,1,1,1,0,0,0,1,1,2,0,0,0,1,0,0,0,0,0,1,0,0,1,0,0,0,0,0,0,1,0,0,0,0,0,0,0,0,0,0,0,0,0,0,0,0,0,0,0,0,0,0,0,0,0,0,0,0,0,0,0,0,0,0,0,0,0,0,0,0,0,0,0,0,0,0,0,0,0,0,0,0,0,0,0,0,0
0,0,0,0,0,0,0,0,0,0,0,0,0,0,0,0,0,0,0,0,0,0,0,1,0,0,0,0,0,0,0,0,0,1,0,0,1,0,0,0,0,0,0,0,2,1,2,1,2,0,2,0,2,1,0,0,0,2,2,0,1,0,0,0,2,3,3,1,2,0,1,2,1,5,1,4,0,0,2,1,5,3,3,1,1,3,0,0,0,2,2,3,1,2,2,2,3,1,3,3,1,0,2,2,2,3,2,0,1,2,1,0,0,0,0,1,0,0,0,0,1,1,0,0,1,0,0,1,1,0,0,1,0,0,0,0,1,0,0,0,0,0,1,0,0,0,0,0,0,0,0,0,0,0,0,0,0,0,0,0,0,0,0,0,0,0,0,0,0,0,0,0,0,0,0,0,0,0,0,0,0,0,0,0,0,0,0,0,0,0,0,0,0,0,0,0,0,0,0,0
0,0,0,0,0,0,0,0,0,0,0,0,0,0,1,0,0,0,0,0,0,0,0,0,1,1,0,0,0,0,0,1,0,0,0,0,1,0,0,1,1,0,0,0,1,0,0,1,0,0,1,0,3,0,1,0,3,0,1,2,0,2,0,0,0,0,3,2,2,1,1,2,0,1,0,3,0,1,4,2,1,3,0,4,2,3,0,2,4,2,3,3,1,0,3,1,4,2,0,2,2,1,3,2,2,1,2,2,0,1,1,0,2,3,1,1,0,1,0,1,1,0,0,0,2,0,0,0,1,0,0,1,0,0,0,0,0,0,0,0,0,0,0,0,0,0,0,0,0,0,0,0,0,0,0,0,0,0,0,0,0,0,0,0,0,0,0,0,0,0,0,0,0,0,0,0,0,0,0,0,0,0,0,0,0,0,0,0,0,0,0,0,0,0,0,0,0,0,0,0
0,0,0,0,0,0,0,1,0,0,1,0,0,0,0,0,0,0,0,0,0,0,0,0,0,0,0,0,0,0,0,0,0,1,0,0,0,1,0,1,0,0,0,0,1,1,1,1,0,0,0,0,1,2,0,1,2,3,1,1,1,0,0,2,1,1,0,3,4,1,2,0,1,1,0,2,3,0,1,0,1,2,0,2,2,2,0,2,4,3,2,2,4,1,2,1,2,5,1,4,1,1,1,2,0,0,1,0,0,1,0,2,0,0,0,0,0,0,1,1,0,3,0,0,0,2,0,0,0,0,0,0,0,0,0,1,0,1,0,0,0,0,0,0,0,0,0,0,0,0,0,0,0,0,0,0,0,0,1,0,0,0,0,0,0,0,0,0,0,0,0,0,0,0,0,0,0,0,0,0,0,0,0,0,0,0,0,0,0,0,0,0,0,0,0,0,0,0,0,0
0,0,0,0,0,0,0,0,0,0,0,0,0,0,0,0,0,0,0,0,0,0,0,0,0,0,0,0,0,0,0,0,0,0,0,1,1,0,0,0,2,2,1,1,0,0,0,0,0,0,1,1,2,1,1,0,1,0,0,2,2,4,1,1,3,0,0,0,0,2,0,2,1,2,2,2,0,2,1,1,2,0,2,2,2,2,1,0,0,3,2,2,1,2,3,2,2,3,1,1,0,1,2,2,1,3,1,0,1,2,4,2,0,0,0,1,0,0,0,1,0,0,1,0,1,0,0,0,0,0,1,0,0,0,0,0,0,0,0,0,0,0,0,0,0,0,0,1,0,0,0,0,0,0,0,0,0,0,0,0,0,0,0,0,0,0,0,0,0,0,0,0,0,0,0,0,0,0,0,0,0,0,0,0,0,0,0,0,0,0,0,0,0,0,0,0,0,0,0,0
0,0,0,0,0,0,0,0,0,0,0,0,0,0,0,0,0,0,0,0,0,0,0,0,0,0,0,0,0,0,0,1,1,0,0,0,0,0,0,0,0,1,0,0,0,0,2,0,0,0,0,0,0,1,0,1,1,1,1,1,4,2,0,1,3,1,0,2,2,1,1,2,1,2,3,2,0,2,2,0,0,2,1,1,3,6,1,3,0,1,1,1,0,2,2,3,4,1,2,0,0,1,1,1,0,0,1,0,2,2,0,1,2,0,0,1,1,0,0,1,0,0,0,0,0,0,0,1,0,0,0,0,0,0,0,1,0,0,0,0,0,0,0,0,0,0,0,0,0,0,0,0,0,0,0,0,0,0,0,0,0,0,0,0,0,0,0,0,0,0,0,0,0,0,1,0,0,0,0,0,0,0,0,0,0,0,0,0,0,0,0,0,0,0,0,0,0,0,0,0
0,0,0,0,0,0,0,0,0,0,0,0,0,0,0,0,1,0,0,0,0,0,0,0,0,1,0,0,0,0,0,0,0,0,0,0,0,1,1,0,0,0,1,2,0,0,1,0,1,0,1,1,2,1,1,0,1,0,0,0,0,5,1,2,0,4,2,2,0,3,1,1,3,2,3,2,2,0,3,2,2,3,1,2,1,2,0,2,1,0,3,2,0,1,3,2,0,1,0,0,2,0,1,1,2,2,1,1,1,0,2,1,0,0,0,0,1,0,0,1,0,0,0,0,0,0,0,1,0,1,0,1,0,0,0,0,0,0,0,0,0,0,0,0,1,0,0,0,0,0,1,0,0,0,0,0,0,0,0,0,0,0,0,0,0,0,0,0,0,0,0,0,0,0,0,0,0,0,0,0,0,0,0,0,0,0,0,0,0,0,0,0,0,0,0,0,0,0,0,0
1,0,0,0,0,0,0,0,0,0,0,0,0,0,0,0,0,0,0,0,0,0,0,1,0,0,0,0,0,1,0,0,0,0,0,0,0,0,0,0,0,1,0,0,0,0,1,0,0,2,0,2,0,0,0,1,2,2,1,1,0,1,0,5,1,0,2,0,3,1,3,0,1,1,4,4,1,0,1,0,1,4,1,1,5,1,1,1,2,1,1,1,0,1,1,0,1,2,0,1,1,1,3,1,3,4,2,1,1,1,0,0,1,2,0,0,0,0,0,2,0,0,0,1,0,1,0,1,0,0,1,0,0,0,1,0,0,0,0,0,0,0,0,0,0,0,0,0,0,0,0,0,0,0,0,0,0,0,0,0,0,0,0,0,0,0,0,0,1,0,0,0,0,0,0,0,0,0,0,0,0,0,0,0,0,0,0,0,0,0,0,0,0,0,0,0,0,0,0,0
0,0,0,0,0,0,0,0,0,0,0,0,0,0,0,0,0,0,0,0,0,1,1,0,0,1,0,0,0,0,0,0,0,1,0,0,1,0,0,0,0,1,1,1,1,0,1,0,0,1,0,0,1,1,2,0,1,0,1,0,1,0,1,1,2,0,0,1,1,2,1,1,0,1,1,0,3,1,4,2,3,1,3,1,2,6,0,0,3,0,1,3,1,1,1,1,0,1,1,0,0,1,2,1,1,1,0,1,2,1,0,0,1,0,0,1,1,0,2,0,0,0,1,0,1,0,0,0,1,0,1,0,1,1,0,0,0,0,0,0,0,0,0,0,0,0,0,0,0,0,0,0,0,0,0,0,0,0,0,0,0,0,0,0,0,0,0,0,0,0,0,0,0,0,0,0,0,0,0,0,0,0,0,0,0,0,0,0,0,0,0,0,0,0,0,0,0,0,0,0
0,0,0,0,0,0,0,0,0,0,0,0,0,0,0,0,0,0,0,0,0,0,0,0,0,0,0,0,0,0,0,0,2,0,0,0,0,0,1,1,0,0,0,1,0,1,0,1,0,1,0,0,1,0,1,2,1,0,3,2,1,0,0,0,2,0,1,2,2,1,2,0,1,1,1,0,1,1,0,1,0,0,1,2,2,2,2,0,1,1,0,1,2,0,1,0,1,0,2,1,3,1,1,1,0,1,0,0,0,2,2,0,0,1,1,1,0,1,1,0,2,0,0,0,0,1,0,0,1,0,0,0,1,1,0,0,1,0,0,0,0,0,1,0,0,0,0,0,0,0,0,0,0,0,0,0,0,0,0,0,0,0,0,0,0,0,0,0,0,0,0,0,0,0,0,0,0,0,0,0,0,0,0,0,0,0,0,0,0,0,0,0,0,0,0,0,0,0,0,0
0,0,0,0,0,0,0,0,0,0,0,0,0,0,1,0,0,0,0,0,0,1,0,0,0,0,0,0,0,0,0,0,0,0,0,0,0,0,0,0,0,0,1,0,0,0,0,1,1,1,0,0,1,0,1,2,0,0,1,2,2,3,0,2,3,1,3,1,2,0,0,0,1,0,1,3,1,3,2,2,0,3,0,1,1,1,2,1,2,1,0,1,3,0,1,0,5,1,0,2,0,1,0,0,1,1,2,1,0,0,0,0,0,0,0,1,0,0,0,1,2,0,0,0,0,1,1,0,2,0,1,1,0,1,0,0,0,0,0,0,0,0,0,0,0,0,0,0,0,0,0,0,0,0,2,0,0,0,0,0,0,0,0,0,0,0,0,0,0,0,0,0,0,0,0,0,0,0,0,0,0,0,0,0,0,0,0,0,0,0,0,0,0,0,0,0,0,0,0,0
0,0,0,0,0,0,0,0,0,0,0,0,0,0,0,0,0,0,0,0,0,0,0,0,0,0,0,0,0,0,0,0,0,0,0,0,0,0,0,1,0,0,0,1,0,0,0,0,0,0,0,1,1,2,1,0,0,1,1,0,1,1,0,0,1,3,2,1,2,2,3,4,0,4,1,3,2,2,2,1,1,1,2,1,1,0,2,1,0,1,2,0,2,2,0,2,1,2,2,0,2,0,1,3,0,0,1,2,1,1,0,0,1,1,0,0,0,0,0,0,0,1,0,0,0,0,1,0,1,0,0,0,0,1,0,0,0,0,1,0,0,0,0,0,0,0,0,0,0,0,0,0,0,0,0,0,0,0,0,0,0,0,0,0,0,0,0,0,0,0,0,0,0,0,0,0,0,0,0,0,0,0,0,0,0,0,0,0,0,0,0,0,0,0,0,0,0,0,0,0
0,0,0,0,0,0,0,0,0,0,0,0,0,0,0,1,0,0,0,0,0,0,0,0,0,1,0,0,0,0,0,0,0,0,0,0,1,0,0,0,1,0,0,1,0,0,1,0,0,0,0,1,2,1,0,0,1,0,0,0,0,3,1,2,2,1,1,0,1,0,0,2,1,0,1,1,2,2,0,2,1,0,0,5,3,2,1,2,1,2,1,1,1,2,1,1,0,0,1,0,2,0,2,0,2,3,2,1,3,2,0,1,0,0,1,0,0,0,0,1,1,0,0,0,0,0,0,0,0,0,0,1,0,1,0,1,0,0,0,0,0,0,0,0,0,0,0,0,1,0,0,0,0,1,0,0,0,0,0,0,0,0,0,0,0,0,0,0,0,0,0,0,0,0,1,0,0,0,0,0,0,0,0,0,0,0,0,0,0,0,0,0,0,0,0,0,0,0,0,0
0,0,0,0,0,0,0,0,0,0,0,0,0,0,0,0,0,0,0,0,0,0,0,0,0,0,0,0,0,0,0,0,0,1,0,1,0,0,0,0,0,2,0,0,0,0,0,0,2,0,0,0,0,2,0,0,0,0,0,0,1,1,2,2,3,3,2,2,2,0,0,1,0,1,2,2,1,3,1,3,1,4,1,1,1,1,2,0,3,1,3,0,1,1,1,2,2,0,0,1,1,0,0,0,0,1,1,0,1,3,0,2,1,0,1,2,1,1,0,0,0,0,0,0,0,0,0,0,0,0,0,0,0,0,1,0,0,0,0,0,0,0,0,1,0,0,0,0,0,0,0,0,0,0,0,0,0,0,0,0,0,0,0,0,0,0,0,0,0,0,0,0,0,0,0,0,0,0,0,0,0,0,0,0,0,0,0,0,0,0,0,0,0,0,0,0,0,0,0,0
0,0,0,0,0,0,0,0,0,0,0,1,0,0,0,0,0,0,0,0,0,0,0,0,0,0,0,0,0,0,0,0,0,0,0,0,0,0,2,0,0,0,1,0,1,0,1,0,0,0,0,0,1,0,0,2,1,0,1,1,1,1,0,0,2,1,3,1,1,2,0,2,1,1,3,2,3,0,0,2,0,1,1,1,5,0,2,2,1,4,1,2,2,1,1,2,0,0,0,3,1,1,1,0,2,0,0,1,1,0,1,0,0,0,0,0,1,0,1,2,1,1,1,0,0,0,0,1,0,0,0,1,0,0,0,0,0,0,0,0,0,0,0,0,0,0,0,0,1,0,0,0,0,0,0,0,0,0,0,0,0,0,0,0,0,0,0,0,0,0,0,0,0,0,0,0,0,0,0,0,0,0,0,0,0,0,0,0,0,0,0,0,0,0,0,0,0,0,0,0
0,0,0,0,0,0,0,0,0,0,0,0,0,0,0,0,0,0,0,0,0,0,0,0,0,0,0,0,1,0,1,1,0,0,0,0,1,1,0,0,0,0,0,1,0,0,0,1,0,0,0,0,0,0,0,1,0,1,0,2,1,0,1,0,3,1,0,0,1,0,0,2,0,0,2,0,3,2,0,2,5,2,0,3,3,1,2,2,3,1,1,0,1,5,1,0,4,1,1,2,1,0,0,1,2,0,1,0,0,1,2,0,0,0,0,0,2,0,0,0,0,0,1,0,0,1,0,0,0,0,0,1,0,0,0,0,0,0,1,0,0,0,0,0,0,0,0,0,0,0,0,0,0,0,0,0,0,0,0,0,0,0,0,0,0,0,0,0,0,0,0,0,0,0,0,0,0,0,0,0,0,0,0,0,0,0,0,0,0,0,0,0,0,0,0,0,0,0,0,0
0,0,0,0,0,0,0,0,0,0,0,0,0,0,0,0,0,0,0,0,0,0,0,0,0,0,0,0,0,0,2,0,0,0,0,1,0,0,0,0,1,0,0,1,0,1,0,0,0,0,0,1,1,0,1,1,2,0,0,1,3,1,2,0,1,1,1,0,3,1,0,2,2,4,1,0,2,2,1,4,2,0,2,2,2,1,1,0,1,2,0,1,1,0,0,2,0,2,1,1,2,1,1,1,0,1,1,0,1,1,0,0,1,0,0,0,0,1,0,0,0,0,2,0,0,0,0,1,0,0,0,0,0,0,0,0,0,0,0,0,0,0,0,0,0,0,0,0,0,0,0,0,0,0,0,0,0,0,0,0,0,0,0,0,0,0,0,0,0,0,0,0,0,0,0,0,0,0,0,0,0,0,0,0,0,0,0,0,0,0,0,0,0,0,0,0,0,0,0,0
0,0,0,0,0,0,0,0,0,0,0,0,0,0,0,0,0,0,0,0,0,0,0,0,0,0,0,0,0,0,0,0,0,0,0,0,1,0,0,0,0,0,0,2,0,1,1,0,0,0,2,0,0,0,0,0,0,0,0,2,0,0,1,1,0,0,4,0,1,1,1,0,0,0,0,0,1,1,0,0,1,1,1,0,2,0,3,1,0,2,1,3,0,3,0,0,2,2,2,2,1,0,1,0,0,0,3,0,0,0,0,1,0,0,0,1,0,2,0,1,0,0,1,0,1,0,0,0,0,0,1,0,1,1,0,0,0,0,0,0,0,0,0,0,0,0,0,0,0,0,0,0,0,0,0,0,0,0,0,0,0,0,0,0,0,0,0,0,0,0,0,0,0,0,0,0,0,0,0,0,0,0,0,0,0,0,0,0,0,0,0,0,0,0,0,0,0,0,0,0
0,0,0,0,0,0,0,0,0,0,0,0,0,0,0,0,0,0,0,0,0,0,0,0,0,1,0,0,0,0,0,0,0,0,0,0,0,0,0,0,1,1,1,0,1,0,0,0,1,0,1,0,0,1,1,1,1,0,0,0,1,1,2,0,0,1,0,0,1,1,1,1,0,0,1,2,2,3,3,0,0,2,2,2,1,0,1,0,4,1,2,3,3,0,0,0,3,0,2,2,1,1,1,0,1,0,1,0,0,0,1,0,0,2,0,1,0,2,1,0,0,1,0,0,1,0,0,0,1,0,0,0,1,0,0,0,0,0,0,0,0,0,0,0,0,0,0,0,0,0,0,0,0,0,0,0,0,0,0,0,0,0,0,1,0,0,0,0,0,1,0,0,0,0,0,0,0,0,0,0,0,0,0,0,0,0,0,0,0,0,0,0,0,0,0,0,0,0,0,0
0,0,0,0,0,0,0,0,0,0,0,0,0,0,1,0,0,0,0,0,0,0,0,1,0,0,0,0,0,0,0,0,0,0,0,0,0,0,0,0,0,0,0,1,1,2,1,1,0,0,1,0,0,0,0,1,1,0,1,0,0,1,0,2,1,0,1,2,0,0,1,1,1,0,0,2,1,1,0,1,2,0,1,0,1,0,1,0,0,1,0,0,3,0,0,0,2,0,2,1,1,1,0,2,1,0,4,0,0,1,0,1,0,0,0,0,2,0,0,0,0,0,2,1,0,1,1,1,0,0,0,0,0,0,0,0,0,2,0,0,0,0,0,0,0,0,0,0,1,0,0,0,0,0,0,0,0,0,0,0,0,0,0,0,0,0,0,0,0,0,0,0,0,0,0,0,0,0,0,0,0,0,0,0,0,0,0,0,0,0,0,0,0,0,0,0,0,0,0,0
0,0,0,0,0,0,0,0,0,0,0,0,0,0,0,0,0,0,0,0,1,0,0,0,0,0,0,0,0,0,0,0,1,0,0,0,0,0,0,0,2,0,0,0,0,0,0,0,0,0,1,0,1,0,0,0,1,0,2,0,0,0,0,0,2,0,2,1,1,0,1,3,1,0,1,0,0,0,0,0,0,0,1,1,1,1,3,0,1,1,0,0,0,1,1,1,0,0,2,0,0,1,0,0,0,0,1,0,0,0,1,1,2,1,0,1,0,0,0,0,0,0,0,0,0,1,0,0,0,0,0,0,0,1,0,0,0,0,0,0,0,0,0,0,0,0,0,0,0,0,0,0,0,0,0,0,0,0,0,0,0,0,0,0,0,0,0,0,0,0,0,0,0,0,0,0,0,0,0,0,0,0,0,0,0,0,0,0,0,0,0,0,0,0,0,0,0,0,0,0
0,0,0,0,0,0,0,0,0,0,0,0,0,0,0,0,0,0,0,0,0,0,0,0,1,0,0,0,0,0,0,0,0,0,0,0,0,0,0,0,0,0,0,0,0,0,1,0,0,0,0,0,2,3,1,0,0,1,1,1,0,1,1,1,1,1,2,2,1,1,1,1,1,1,0,1,2,2,0,1,2,0,0,1,1,2,1,0,0,2,2,2,1,0,0,0,0,3,0,0,1,1,0,2,0,2,1,2,0,3,0,0,0,0,0,0,0,0,1,0,0,0,0,0,0,0,0,1,1,1,0,0,0,0,0,0,0,0,0,0,0,0,0,0,0,0,0,0,0,0,0,0,0,0,0,0,0,0,0,0,0,0,0,0,0,0,0,0,0,0,0,0,0,0,0,0,0,0,0,0,0,0,0,0,0,0,0,0,0,0,0,0,0,0,0,0,0,0,0,0
0,0,0,0,0,0,0,0,0,0,0,0,0,0,0,0,0,0,0,0,0,0,0,0,0,0,0,0,0,0,0,0,2,0,0,0,0,0,0,0,0,0,0,1,1,3,0,0,0,0,0,0,0,0,0,0,0,3,0,0,2,0,0,0,0,0,2,3,2,3,3,0,2,2,1,2,3,1,1,3,1,1,0,2,1,0,3,1,0,3,2,0,1,0,1,4,1,1,1,1,0,0,2,1,1,0,0,0,0,0,0,0,0,0,2,0,0,0,1,0,0,0,0,0,0,0,1,0,0,0,0,0,1,0,0,0,0,0,0,0,0,0,0,0,0,0,0,0,0,0,0,0,0,0,0,0,0,0,0,0,0,0,0,0,0,0,0,0,0,0,0,0,0,0,0,0,0,0,0,0,0,0,0,0,0,0,0,0,0,0,0,0,0,0,0,0,0,0,0,0
0,0,0,0,0,0,0,0,0,0,0,0,0,0,0,0,0,0,0,0,0,0,0,0,0,0,0,0,0,0,0,0,0,0,0,0,0,0,0,0,0,0,1,1,0,1,0,1,0,1,1,1,0,0,0,0,1,0,1,0,1,1,0,0,0,2,0,0,1,1,1,0,1,2,1,0,0,1,1,0,0,2,1,5,0,2,1,1,2,0,0,0,0,1,1,2,1,0,1,1,2,0,0,1,0,1,2,0,1,1,0,0,1,0,2,0,3,0,0,0,0,0,0,1,1,0,1,0,1,0,0,0,0,0,0,0,0,0,0,0,0,0,0,0,0,0,0,0,0,0,0,0,0,0,0,0,0,0,0,0,0,0,0,0,0,0,0,0,0,0,0,0,0,0,0,0,0,0,0,0,0,0,0,0,0,0,0,0,0,0,0,0,0,0,0,0,0,0,0,0
0,0,0,0,0,0,0,0,0,0,0,0,0,0,0,0,0,0,0,0,0,0,0,0,1,0,0,1,0,0,0,0,0,1,0,0,0,0,1,0,0,2,0,0,0,0,0,0,1,0,0,0,0,1,0,1,2,0,3,0,1,0,0,0,1,0,0,0,2,3,2,2,0,1,0,3,1,0,0,1,1,2,1,1,1,0,2,1,1,2,0,1,0,1,1,0,0,0,2,0,0,0,1,0,1,3,0,1,0,0,2,1,0,0,2,0,0,0,0,0,1,2,0,1,0,0,0,0,0,0,1,1,0,1,0,0,0,0,1,0,0,0,0,0,0,0,0,0,0,0,0,0,0,0,0,0,0,0,0,0,0,0,0,0,0,0,0,0,0,0,0,0,0,0,0,0,0,0,0,0,0,0,0,0,0,0,0,0,0,0,0,0,0,0,0,0,0,0,0,0
0,0,0,0,0,0,0,0,0,0,0,0,0,0,0,0,0,0,0,0,0,0,0,0,0,0,0,0,0,0,0,0,0,0,0,0,0,0,0,1,0,0,0,1,0,0,1,1,0,0,0,0,0,1,1,0,1,0,0,0,2,1,0,0,0,0,0,0,0,1,2,1,0,3,0,0,1,1,0,2,1,0,0,1,0,0,0,2,1,0,1,0,1,0,2,1,0,0,2,0,1,1,1,2,0,0,0,1,0,0,1,1,0,2,0,0,0,0,0,0,0,2,0,1,0,0,0,0,0,0,0,1,1,0,0,0,0,0,0,0,0,0,0,0,0,0,0,0,0,0,0,0,0,0,0,0,0,0,0,0,0,0,0,0,0,0,0,0,0,0,0,0,0,0,0,0,0,0,0,0,0,0,0,0,0,0,0,0,0,0,0,0,0,0,0,0,0,0,0,0
0,0,0,0,0,0,0,0,0,0,0,1,0,0,0,0,0,0,0,0,0,0,0,0,0,1,0,0,0,0,0,0,0,0,0,0,0,0,0,0,0,0,0,0,0,0,1,0,0,2,0,1,1,0,1,1,0,1,2,1,1,2,0,0,1,1,0,1,1,0,3,0,0,2,2,1,1,1,1,0,1,1,3,0,3,1,2,0,4,1,0,1,1,0,0,0,0,1,0,1,1,2,1,0,0,1,0,0,0,0,0,1,0,0,1,0,1,1,1,0,0,0,0,0,0,0,1,0,0,0,0,0,0,0,0,0,0,1,0,0,0,0,1,0,0,0,0,0,0,0,0,0,0,0,0,0,0,0,0,0,0,0,0,0,0,0,0,0,0,0,0,0,0,0,0,0,0,0,0,0,0,0,0,0,0,0,0,0,0,0,0,0,0,0,0,0,0,0,0,0
1,0,0,0,0,0,0,0,0,0,0,0,0,0,0,0,0,0,0,0,0,0,0,0,0,0,0,0,0,0,0,0,0,0,0,0,1,0,1,0,0,0,0,0,0,0,0,0,0,1,0,1,1,0,1,1,1,0,0,1,1,3,0,0,1,1,1,0,1,1,0,0,1,0,1,1,1,1,1,3,1,2,2,1,1,2,0,2,3,0,1,0,0,0,3,0,3,1,0,0,2,1,1,0,3,2,0,0,2,0,0,0,1,0,0,0,1,0,0,1,0,0,0,1,0,0,0,0,0,1,0,0,1,0,0,0,0,0,0,0,0,0,0,0,0,0,0,0,0,0,0,0,0,0,0,0,0,0,0,0,0,0,0,0,0,0,0,0,0,0,0,0,0,0,0,0,0,0,0,0,0,0,0,0,0,0,0,0,0,0,0,0,0,0,0,0,0,0,0,0
0,0,0,0,0,0,0,0,0,0,0,0,0,0,0,0,0,0,0,0,0,0,0,0,0,0,0,0,0,0,1,0,0,0,0,0,0,0,0,0,0,0,1,0,0,0,0,0,0,0,1,0,0,1,1,0,0,0,1,0,0,1,0,0,2,0,0,0,2,0,0,1,1,1,1,0,1,1,1,0,1,2,1,0,0,0,0,0,0,1,1,0,0,0,1,2,2,1,1,0,1,1,0,1,0,0,0,0,1,1,0,1,0,0,0,0,0,0,1,0,0,0,0,0,0,0,0,0,0,1,0,1,0,0,0,0,0,0,0,0,0,0,0,0,0,0,0,0,0,0,0,0,0,0,0,0,0,0,0,0,0,0,0,0,0,0,0,0,0,0,0,0,0,0,0,0,0,0,0,0,0,0,0,0,0,0,0,0,0,0,0,0,0,0,0,0,0,0,0,0
0,0,0,0,0,0,0,0,0,0,0,0,0,0,0,0,0,0,0,0,0,0,0,0,0,0,1,0,0,0,0,0,0,0,0,0,1,0,0,0,0,0,0,0,0,1,0,0,2,0,1,1,0,1,1,0,0,0,0,1,0,0,2,0,0,0,0,2,1,0,1,2,1,1,0,0,2,1,0,2,1,0,1,2,2,1,0,1,1,1,3,0,2,0,1,2,1,0,0,0,0,1,5,0,1,0,0,1,0,0,1,0,0,0,0,0,1,0,0,0,0,1,0,0,0,1,0,0,0,0,1,0,1,0,0,0,0,0,1,0,0,0,0,0,0,0,0,0,1,0,0,0,0,0,0,0,0,0,0,0,0,0,0,0,0,0,0,0,0,0,0,0,0,0,0,0,0,0,0,0,0,0,0,0,0,0,0,0,0,0,0,0,0,0,0,0,0,0,0,0
0,0,0,0,0,0,0,0,0,0,0,0,0,0,0,0,0,0,0,0,0,0,0,0,0,0,0,0,0,0,0,0,0,0,0,0,0,0,0,0,0,0,0,0,1,1,1,0,0,0,0,0,0,0,0,0,0,0,0,0,0,0,0,0,1,1,2,1,2,1,0,2,0,0,3,1,1,1,0,1,1,2,0,1,2,0,1,1,0,0,1,0,0,1,1,0,0,3,0,1,0,0,1,2,0,0,0,1,0,0,0,0,0,1,0,0,2,0,0,0,1,1,0,0,0,0,1,0,0,0,0,0,0,0,0,0,0,0,0,0,0,0,1,0,0,0,0,0,0,0,0,0,0,0,0,0,0,0,0,0,0,0,0,0,0,0,0,0,0,0,0,0,0,0,0,0,0,0,0,0,0,0,0,0,0,0,0,0,0,0,0,0,0,0,0,0,0,0,0,0
0,0,0,0,0,0,0,0,0,0,0,0,0,0,0,0,0,0,0,0,0,0,0,0,0,0,0,0,0,0,0,0,0,0,0,0,1,0,0,1,0,0,0,1,0,0,0,1,0,0,0,0,0,1,0,0,0,0,0,2,0,0,0,0,0,0,0,0,0,0,0,0,0,0,0,1,0,3,0,1,0,1,2,0,1,0,0,1,0,0,1,0,0,0,1,1,3,0,0,0,1,2,0,0,0,2,1,0,2,0,1,0,0,0,0,0,0,0,0,1,0,0,2,0,0,0,0,0,0,0,1,0,0,0,0,0,0,1,0,0,0,0,0,0,0,0,0,0,0,0,0,0,0,0,0,0,0,0,0,0,0,0,0,0,0,0,0,0,0,0,0,0,0,0,0,0,0,0,0,0,0,0,0,0,0,0,0,0,0,0,0,0,0,0,0,0,0,0,0,0
0,0,0,0,0,0,0,0,0,0,0,0,0,0,0,0,0,0,0,0,0,0,0,0,0,0,0,0,0,0,0,0,0,0,0,0,0,0,0,0,0,0,0,0,0,0,0,0,0,0,0,0,0,1,0,0,0,0,1,2,0,0,0,2,1,1,0,0,0,0,1,0,0,1,1,0,1,0,1,1,1,0,0,0,1,0,1,0,0,2,1,0,1,1,0,1,2,0,0,0,0,0,1,2,0,0,1,0,1,1,0,1,0,0,0,1,0,0,0,0,1,0,0,1,0,0,0,0,0,0,0,1,0,0,1,0,0,0,0,0,0,0,0,0,0,0,0,0,0,0,0,0,0,0,0,0,0,0,0,0,0,0,0,0,0,0,0,0,0,0,0,0,0,0,0,0,0,0,0,0,0,0,0,0,0,0,0,0,0,0,0,0,0,0,0,0,0,0,0,0
0,0,0,0,0,0,1,0,0,0,0,0,0,0,0,0,0,0,0,0,0,0,0,0,0,0,0,0,0,0,0,1,0,0,0,0,0,1,1,0,1,0,0,0,0,0,2,0,0,0,1,1,1,0,0,0,0,1,0,1,0,2,0,0,2,0,0,1,1,1,1,2,0,1,2,0,1,3,1,0,0,1,0,0,0,0,0,0,0,4,1,1,1,1,0,1,1,1,1,0,0,1,0,1,0,0,1,2,0,0,1,0,1,0,0,0,2,0,0,1,0,0,0,0,0,0,0,1,0,1,0,0,1,0,0,0,0,0,0,0,0,0,0,0,0,0,1,0,0,0,0,0,0,0,0,0,0,0,0,0,0,0,0,0,0,0,0,0,0,0,0,0,0,0,0,0,0,0,0,0,0,0,0,0,0,0,0,0,0,0,0,0,0,0,0,0,0,0,0,0
0,0,0,0,0,0,0,0,0,0,0,0,0,0,0,0,0,0,0,0,0,0,0,0,0,0,0,0,0,0,0,0,0,0,0,0,0,1,0,0,0,0,0,0,0,0,0,0,0,0,0,0,1,0,0,0,0,0,1,1,1,0,0,0,1,1,1,0,0,1,1,0,0,0,0,0,1,0,0,1,0,1,1,0,1,1,2,0,2,2,0,1,0,1,1,0,0,0,1,0,0,0,0,0,0,0,0,0,0,0,0,0,0,0,0,0,0,0,0,0,0,0,0,0,0,0,0,0,0,0,0,0,0,1,0,0,0,0,0,0,0,0,0,0,0,0,0,0,0,0,0,0,0,0,0,0,0,0,0,0,0,0,0,0,0,0,0,0,0,0,0,0,0,0,0,0,0,0,0,0,0,0,0,0,0,0,0,0,0,0,0,0,0,0,0,0,0,0,0,0
0,0,0,0,0,0,0,0,0,0,1,0,0,0,0,0,0,0,0,0,0,0,1,0,0,0,0,0,0,0,0,0,0,0,0,0,0,0,0,0,0,0,0,0,0,0,0,0,0,0,0,0,0,0,2,1,1,0,1,1,1,1,0,0,0,1,0,2,0,1,0,1,1,1,0,2,0,2,0,2,0,1,1,0,2,0,0,0,1,1,3,0,0,0,4,1,0,0,1,0,0,0,0,1,1,2,0,0,0,0,0,1,0,0,0,0,0,0,1,0,0,1,0,0,0,1,0,0,1,0,0,0,0,0,1,0,0,0,0,0,0,0,0,0,0,0,0,0,0,0,0,0,0,0,0,0,0,0,0,0,0,0,0,0,0,0,0,0,0,0,0,0,0,0,0,0,0,0,0,0,0,0,0,0,0,0,0,0,0,0,0,0,0,0,0,0,0,0,0,0
0,0,0,0,0,0,1,0,0,0,0,0,0,0,0,0,0,0,0,1,0,0,0,0,0,0,0,0,1,0,0,0,0,0,0,0,0,0,1,0,0,0,0,0,0,0,0,1,0,1,0,0,1,1,0,1,0,1,1,0,0,0,0,0,0,0,1,0,0,0,0,0,1,0,1,1,0,0,1,1,2,0,0,1,0,0,0,1,0,2,2,0,0,0,0,1,0,1,4,1,0,1,0,2,0,2,0,1,1,0,1,0,0,0,0,0,0,0,0,0,0,0,0,0,0,0,0,0,0,0,0,0,0,0,0,0,0,0,0,0,0,0,0,0,0,0,0,0,0,0,0,0,0,0,0,0,0,0,0,0,0,0,0,0,0,0,0,0,0,0,0,0,0,0,0,0,0,0,0,0,0,0,0,0,0,0,0,0,0,0,0,0,0,0,0,0,0,0,0,0
0,0,0,0,0,0,0,0,0,0,0,0,0,0,0,0,0,0,0,0,0,0,0,0,0,0,0,0,0,0,0,0,0,0,0,0,0,0,0,0,1,0,1,1,0,0,0,0,0,0,1,0,1,0,0,0,0,1,0,0,1,1,1,1,1,0,0,1,1,0,3,0,1,0,1,0,1,0,1,0,0,1,0,1,2,0,0,0,1,0,1,0,1,0,1,0,0,1,0,0,1,0,1,1,3,0,0,0,0,0,0,0,0,1,3,0,0,1,0,0,1,0,0,0,0,0,0,0,0,0,0,0,0,0,0,0,0,0,1,0,0,0,0,0,0,0,0,0,0,0,0,0,0,0,0,0,0,0,1,0,0,0,0,0,0,0,0,0,0,0,0,0,0,0,0,0,0,0,0,0,0,0,0,0,0,0,0,0,0,0,0,0,0,0,0,0,0,0,0,0
0,0,0,0,0,0,0,0,0,0,0,0,0,0,0,0,0,0,0,0,0,0,0,0,0,0,0,0,0,0,0,0,0,0,0,0,0,0,0,0,0,0,0,0,0,0,1,0,0,0,0,0,1,0,0,0,1,1,1,1,1,3,0,0,1,1,0,2,1,0,0,0,1,0,1,1,0,0,0,0,0,3,1,1,0,2,1,3,0,0,0,0,0,3,0,1,0,0,1,1,0,0,2,0,2,0,1,0,1,0,0,0,1,0,0,0,0,0,0,0,1,0,0,0,0,0,0,0,0,0,0,0,0,0,0,0,0,0,0,0,0,0,0,0,0,0,0,0,0,0,0,0,0,0,0,0,0,0,0,1,0,0,0,0,0,0,0,0,0,0,0,0,0,0,0,0,0,0,0,0,0,0,0,0,0,0,0,0,0,0,0,0,0,0,0,0,0,0,0,0
0,0,0,0,0,0,0,0,0,0,0,1,0,0,0,0,0,0,0,0,0,0,0,1,0,0,0,0,0,0,0,0,0,1,0,0,0,0,0,0,0,0,1,0,0,0,0,1,0,0,0,1,0,1,0,2,0,0,1,0,1,2,1,0,1,1,2,0,0,0,0,0,1,0,0,0,0,0,1,2,0,1,0,0,0,0,0,1,0,1,1,1,1,1,0,2,3,2,0,0,1,0,1,3,1,0,0,1,0,0,0,0,0,0,1,0,0,0,0,0,0,0,0,0,1,0,0,0,1,1,0,0,0,0,0,1,0,0,0,0,0,0,0,0,0,0,0,0,0,0,0,0,0,0,0,0,0,0,0,0,0,0,0,0,0,0,0,0,0,0,0,0,0,0,0,0,0,0,0,0,0,0,0,0,0,0,0,0,0,0,0,0,0,0,0,0,0,0,0,0
0,0,0,0,0,0,0,0,0,0,0,0,0,0,0,0,0,0,0,0,0,0,0,0,0,0,0,0,0,1,0,0,0,0,0,0,0,0,0,0,0,0,0,1,0,0,0,1,0,0,1,0,0,1,0,0,1,1,1,0,0,0,0,2,0,1,1,0,1,0,1,0,0,0,0,2,0,1,0,0,0,1,0,0,0,1,0,0,0,2,1,0,0,0,2,1,0,1,0,2,1,0,0,0,0,0,0,2,1,0,0,2,0,0,1,0,1,0,0,0,0,0,0,0,1,0,0,0,0,0,1,0,0,0,0,0,0,0,0,0,0,0,0,0,0,0,0,0,0,0,0,0,0,0,0,0,0,0,0,0,0,0,0,0,0,0,0,0,0,0,0,0,0,0,0,0,0,0,0,0,0,0,0,0,0,0,0,0,0,0,0,0,0,0,0,0,0,0,0,0
0,0,0,0,0,0,0,0,0,0,0,0,0,0,0,0,0,0,0,0,0,0,0,0,0,0,0,0,0,0,0,0,0,0,0,0,0,0,0,0,0,0,0,1,0,0,1,0,0,0,0,1,0,0,0,1,0,0,0,1,2,0,1,1,1,1,0,0,2,1,1,0,0,1,1,0,1,1,0,0,3,1,1,0,0,2,0,1,1,1,0,1,1,1,1,1,1,0,1,0,0,0,0,0,0,1,1,2,0,1,0,0,1,0,1,0,0,0,0,0,0,0,0,0,0,0,0,0,0,0,0,0,0,0,0,0,0,1,0,0,0,0,0,0,0,0,0,0,0,0,0,0,0,0,0,0,0,0,0,0,0,0,0,0,0,0,0,0,0,0,0,0,0,0,0,0,0,0,0,0,0,0,0,0,0,0,0,0,0,0,0,0,0,0,0,0,0,0,0,0
0,0,0,0,0,0,0,0,0,0,0,0,0,0,0,0,0,0,0,0,0,0,0,0,0,0,0,0,1,0,1,0,0,0,0,0,0,0,0,0,0,0,0,0,0,0,0,0,0,0,1,1,0,0,1,0,1,0,1,0,0,0,0,1,0,0,1,0,0,0,2,1,0,0,1,1,1,1,0,2,0,1,0,0,0,0,1,1,1,3,0,1,1,3,1,0,0,1,0,2,0,0,0,0,0,1,1,0,2,2,0,0,0,0,0,1,0,0,0,0,0,0,0,0,0,0,0,0,0,0,0,0,0,0,0,0,0,1,0,0,0,0,0,0,0,0,0,0,0,0,0,0,0,0,0,0,0,0,0,0,0,0,0,0,0,0,0,0,0,0,0,0,0,0,0,0,0,0,0,0,0,0,0,0,0,0,0,0,0,0,0,0,0,0,0,0,0,0,0,0
0,0,0,0,0,0,0,0,0,0,0,0,0,0,0,0,0,0,0,0,0,0,0,0,0,0,0,0,0,0,0,0,0,0,2,0,0,0,0,0,0,0,0,0,0,0,1,0,1,0,0,0,0,0,1,0,0,0,0,0,0,1,0,0,0,0,0,1,0,0,0,0,0,1,0,0,1,0,0,2,0,0,1,0,1,2,0,0,3,1,2,1,0,0,0,3,1,2,0,0,0,0,0,1,3,1,0,0,0,2,2,0,1,0,0,1,0,0,0,0,0,0,0,0,0,0,0,1,0,0,0,0,1,0,0,0,0,0,0,0,0,0,0,0,0,0,0,0,0,0,0,0,0,0,0,0,0,0,0,0,0,0,0,0,0,0,0,0,0,0,0,0,0,0,0,0,0,0,0,0,0,0,0,0,0,0,0,0,0,0,0,0,0,0,0,0,0,0,0,0
0,0,0,0,0,0,0,0,0,0,0,0,0,0,0,0,0,0,0,0,0,0,0,0,0,0,0,0,0,1,0,0,0,0,0,0,0,0,0,0,0,1,0,0,0,0,0,1,0,0,0,0,0,0,0,0,0,1,1,0,0,0,2,0,1,0,0,1,0,1,1,0,0,0,1,0,0,0,0,2,0,0,0,0,0,1,0,0,0,0,0,0,1,0,0,1,1,0,0,0,0,1,1,0,0,0,1,0,0,1,0,0,0,0,0,1,1,0,0,0,0,1,0,0,0,1,1,0,0,0,0,0,0,0,0,0,0,0,0,0,0,0,0,0,0,0,0,0,0,0,0,0,0,0,0,0,0,0,0,0,0,0,0,0,0,0,0,0,0,0,0,0,0,0,0,0,0,0,0,0,0,0,0,0,0,0,0,0,0,0,0,0,0,0,0,0,0,0,0,0
0,0,0,0,0,0,0,0,0,0,0,0,0,1,0,0,0,0,0,0,0,0,0,0,0,0,0,0,0,0,0,0,0,0,0,0,0,0,0,0,0,0,0,0,0,0,0,0,1,0,0,0,0,1,0,2,0,0,0,0,0,0,0,0,1,0,1,0,1,1,0,0,0,0,0,1,1,0,0,0,0,1,2,0,2,0,1,1,1,0,0,1,0,1,0,0,1,1,1,0,0,0,1,1,1,0,0,0,0,0,0,0,0,1,0,0,1,0,1,0,0,0,0,0,0,0,0,0,0,0,0,1,0,0,0,0,0,0,0,0,0,0,0,0,0,0,0,0,0,0,0,0,0,0,0,0,0,0,0,0,0,0,0,0,0,0,0,0,0,0,0,0,0,0,0,0,0,0,0,0,0,0,0,0,0,0,0,0,0,0,0,0,0,0,0,0,0,0,0,0
0,0,0,0,0,0,0,0,0,0,0,0,0,0,0,0,0,0,0,0,0,0,0,0,0,0,0,0,0,0,0,0,0,0,0,0,0,0,0,0,0,0,0,0,0,0,0,0,0,0,0,0,0,1,0,0,0,1,0,0,2,0,2,0,0,1,0,0,1,0,3,1,0,0,0,0,0,2,0,0,0,0,1,0,0,1,0,0,0,0,0,1,1,0,0,1,2,0,0,0,1,0,1,0,0,1,1,0,0,0,0,1,0,0,0,0,0,0,0,0,0,1,0,0,0,0,0,0,0,0,0,0,0,0,0,0,0,0,0,0,0,0,0,0,0,0,0,0,0,0,0,0,0,0,0,0,0,0,0,0,0,0,0,0,0,0,0,0,0,0,0,0,0,0,0,0,0,0,0,0,0,0,0,0,0,0,0,0,0,0,0,0,0,0,0,0,0,0,0,0
0,0,0,0,0,0,0,0,0,0,0,0,0,0,0,0,0,0,0,0,0,0,0,0,0,0,0,0,0,0,0,0,0,0,0,0,0,0,0,0,0,0,0,0,0,0,0,0,0,0,0,1,1,0,0,0,0,0,0,0,0,0,1,0,0,1,1,1,0,1,0,0,0,0,3,0,0,0,3,1,0,0,0,1,0,0,1,0,0,1,0,1,0,0,1,0,0,2,0,0,0,1,0,0,0,0,2,1,3,0,0,1,0,0,0,0,0,0,1,0,0,0,0,0,0,0,0,0,0,0,0,0,1,0,0,0,0,0,0,0,0,0,0,0,0,0,0,0,0,0,0,0,0,0,0,0,0,0,0,0,0,0,0,0,0,0,0,0,0,0,0,0,0,0,0,0,0,0,0,0,0,0,0,0,0,0,0,0,0,0,0,0,0,0,0,0,0,0,0,0
0,0,0,0,0,0,0,0,0,0,0,0,0,0,0,0,0,0,0,0,0,0,0,0,0,0,0,0,0,0,0,0,0,0,0,0,0,0,0,0,0,0,0,1,0,1,0,0,0,0,0,0,0,0,0,0,1,1,1,0,0,1,2,0,1,1,1,0,0,1,0,0,0,1,1,0,0,1,1,1,0,0,0,0,0,2,0,3,0,0,1,0,2,0,2,1,0,0,0,0,1,1,1,0,0,0,0,0,0,0,0,0,0,0,0,0,0,0,0,0,0,1,0,0,0,0,1,0,0,0,1,0,0,0,0,0,0,0,0,0,0,0,0,0,0,0,0,0,0,0,0,0,0,0,0,0,0,0,0,0,0,0,0,0,0,0,0,0,0,0,0,0,0,0,0,0,0,0,0,0,0,0,0,0,0,0,0,0,0,0,0,0,0,0,0,0,0,0,0,0
0,0,0,0,0,0,0,0,0,0,0,0,0,0,0,0,0,0,0,0,0,0,0,0,0,0,0,0,0,0,0,0,0,0,0,0,0,0,0,0,0,0,0,1,1,0,0,0,0,0,0,0,0,0,0,0,1,0,1,0,0,1,0,0,0,0,0,0,0,1,1,1,0,0,0,1,0,0,1,0,0,1,1,0,0,0,0,0,0,0,0,2,0,0,1,0,1,0,0,1,1,1,0,0,0,0,0,0,0,0,1,0,0,0,0,0,0,0,0,0,0,0,0,0,0,0,0,0,0,0,0,0,0,0,0,0,0,0,0,0,0,0,0,0,0,0,0,0,0,0,0,0,0,0,0,0,0,0,0,0,0,0,0,0,0,0,0,0,0,0,0,0,0,0,0,0,0,0,0,0,0,0,0,0,0,0,0,0,0,0,0,0,0,0,0,0,0,0,0,0
0,0,0,0,0,0,0,0,0,0,0,0,0,0,0,0,0,0,0,0,0,0,0,0,0,0,0,0,0,0,0,0,0,0,0,0,0,2,0,0,0,0,0,0,0,0,0,1,0,0,0,1,0,0,0,0,0,0,0,0,1,0,0,1,0,0,1,0,1,2,0,0,1,0,0,1,1,0,0,0,0,0,0,0,0,0,0,0,0,1,0,0,1,1,1,0,1,0,0,1,0,1,0,1,0,0,0,0,1,1,0,0,0,0,1,0,0,0,0,0,0,0,1,0,0,0,0,0,0,0,0,0,0,0,0,0,0,0,0,0,0,0,0,0,0,0,0,0,0,0,0,0,0,0,0,0,0,0,0,0,0,0,0,0,0,0,0,0,0,0,0,0,0,0,0,0,0,0,0,0,0,0,0,0,0,0,0,0,0,0,0,0,0,0,0,0,0,0,0,0
0,0,0,0,0,0,0,0,0,0,0,0,0,0,0,0,0,0,0,0,0,0,0,0,1,0,0,0,0,0,0,0,0,1,0,0,0,0,0,0,0,0,0,0,0,0,0,0,0,0,1,0,1,1,0,0,0,0,0,0,0,0,0,0,0,0,0,1,0,0,0,1,0,1,0,0,0,2,2,2,1,0,3,2,1,0,1,0,0,0,1,0,0,1,0,0,0,0,0,0,0,0,1,0,0,0,0,1,2,0,0,1,1,0,0,1,0,0,0,0,0,0,0,1,0,0,0,0,0,0,0,0,0,0,0,0,0,0,0,0,0,0,0,0,0,0,0,0,0,0,0,0,0,0,0,0,0,0,0,0,0,0,0,0,0,0,0,0,0,0,0,0,0,0,0,0,0,0,0,0,0,0,0,0,0,0,0,0,0,0,0,0,0,0,0,0,0,0,0,0
0,0,0,0,0,0,0,0,0,0,0,0,0,0,0,0,0,0,0,0,0,0,0,1,0,0,0,0,0,0,0,0,1,0,0,0,0,0,0,1,1,2,0,1,0,0,0,0,0,0,0,0,0,0,0,1,1,0,1,0,1,0,1,2,0,0,1,1,0,0,0,0,0,1,0,0,0,0,1,0,0,0,0,0,0,1,1,1,1,0,0,0,0,1,1,0,0,0,0,1,0,1,1,0,0,0,0,0,2,1,0,1,0,0,1,0,0,1,0,0,1,0,0,0,0,0,0,1,0,0,0,0,0,0,0,0,0,0,0,0,0,0,0,0,0,0,0,0,0,0,0,0,0,0,0,0,0,0,0,0,0,0,0,0,0,0,0,0,0,0,0,0,0,0,0,0,0,0,0,0,0,0,0,0,0,0,0,0,0,0,0,0,0,0,0,0,0,0,0,0
0,0,0,0,0,0,0,0,0,0,0,0,0,0,0,0,0,0,0,0,0,0,0,0,0,0,0,0,0,0,0,1,0,1,0,1,0,0,1,1,0,0,0,1,0,0,0,0,0,1,0,0,0,1,0,0,0,0,2,0,0,0,0,0,0,0,0,1,0,0,0,0,0,0,0,0,0,0,1,0,0,1,1,0,1,1,0,0,1,1,0,0,0,1,0,0,1,0,1,0,0,1,0,1,0,0,0,0,0,0,0,0,1,0,0,0,0,2,0,0,0,0,0,0,0,0,0,0,0,0,0,0,0,0,0,0,0,0,0,0,0,0,0,0,0,0,0,0,0,0,0,0,0,0,0,0,0,0,0,0,0,0,0,0,0,0,0,0,0,0,0,0,0,0,0,0,0,0,0,0,0,0,0,0,0,0,0,0,0,0,0,0,0,0,0,0,0,0,0,0
0,0,0,0,0,0,0,0,0,0,0,0,0,0,0,0,0,0,0,0,0,0,0,0,0,0,0,0,0,0,0,0,0,0,0,0,0,0,0,0,1,0,0,0,0,0,0,0,0,0,0,1,1,0,0,0,0,0,0,0,0,0,0,0,0,0,0,0,0,1,0,1,1,0,0,0,1,0,0,2,0,1,0,0,0,1,0,1,1,0,0,0,0,1,0,0,1,0,0,0,0,0,0,1,0,0,0,0,0,0,0,0,0,1,0,0,0,0,0,1,0,0,1,0,0,0,0,0,0,0,2,0,0,0,0,0,0,0,0,0,0,0,0,0,0,0,0,0,0,0,0,0,0,0,0,0,0,0,0,0,0,0,0,0,0,0,0,0,0,0,0,0,0,0,0,0,0,0,0,0,0,0,0,0,0,0,0,0,0,0,0,0,0,0,0,0,0,0,0,0
0,0,0,0,0,0,0,0,0,0,0,0,0,0,0,0,0,0,0,0,0,0,0,0,0,0,0,0,0,0,0,0,0,0,0,0,0,0,1,0,0,0,1,0,0,0,0,0,1,0,0,0,0,1,1,0,1,0,0,1,0,0,0,1,1,0,1,0,1,0,0,0,1,0,0,0,1,0,0,0,0,1,0,1,1,0,0,0,0,0,1,0,0,0,0,0,0,0,1,0,2,0,0,1,0,2,0,1,0,0,1,0,0,0,0,0,0,0,0,0,0,0,0,0,0,0,0,1,0,0,0,0,0,0,0,0,0,0,0,0,0,0,0,0,0,0,0,0,0,0,0,0,0,0,0,0,0,0,0,0,0,0,0,0,0,0,0,0,0,0,0,0,0,0,0,0,0,0,0,0,0,0,0,0,0,0,0,0,0,0,0,0,0,0,0,0,0,0,0,0
0,0,0,0,0,0,0,0,0,0,0,0,0,0,0,0,0,0,0,1,0,0,0,0,0,0,0,0,0,0,0,0,0,1,0,0,0,0,0,0,0,0,0,0,0,0,0,0,0,0,0,0,0,0,0,0,0,0,2,0,0,1,0,0,0,1,0,0,2,0,0,0,0,2,1,0,1,0,1,1,2,1,0,0,3,3,0,0,0,1,0,0,0,0,0,2,1,0,0,0,1,0,0,0,0,0,0,1,0,0,0,0,0,0,0,0,0,0,0,0,0,1,0,1,0,0,0,0,0,0,0,1,0,0,0,0,0,0,0,0,0,0,0,0,0,0,0,0,0,0,0,0,0,0,0,0,0,0,0,0,0,0,0,0,0,0,0,0,0,0,0,0,0,0,0,0,0,0,0,0,0,0,0,0,0,0,0,0,0,0,0,0,0,0,0,0,0,0,0,0
0,0,0,0,0,0,0,0,0,0,0,0,0,0,0,0,0,0,0,0,0,0,0,0,0,0,0,0,0,0,0,0,0,0,0,0,0,0,0,0,0,1,0,0,1,0,0,0,0,1,0,0,0,0,0,0,1,1,0,0,0,1,0,1,0,1,1,0,0,0,0,0,0,0,0,1,1,0,0,1,2,2,0,0,0,1,0,0,2,1,0,0,0,1,0,1,0,0,0,0,0,0,0,0,0,0,0,1,0,0,0,0,0,0,1,0,0,0,0,0,0,0,0,0,0,0,0,0,0,0,0,0,0,0,0,0,0,0,0,0,0,0,0,0,0,0,0,1,0,0,0,0,0,0,0,0,0,0,0,0,0,0,0,0,0,0,0,0,0,0,0,0,0,0,0,0,0,0,0,0,0,0,0,0,0,0,0,0,0,0,0,0,0,0,0,0,0,0,0,0
0,0,0,0,0,0,0,0,0,0,0,0,0,0,0,0,0,0,0,0,0,0,0,0,0,0,0,0,0,0,0,0,0,0,0,0,0,0,0,0,0,0,0,0,0,1,0,1,0,0,1,0,0,0,1,0,0,0,0,0,0,0,0,0,0,0,1,0,1,1,0,2,0,0,0,0,0,0,1,1,1,2,0,0,0,0,0,1,0,0,0,2,0,0,0,0,1,0,0,0,0,0,0,0,0,0,0,0,0,0,0,0,0,0,0,0,0,0,0,0,0,0,1,0,0,1,0,0,0,0,1,0,0,0,0,0,0,0,0,0,0,0,0,0,0,0,0,0,0,0,0,0,0,0,0,0,0,0,0,0,0,0,0,0,0,0,0,0,0,0,0,0,0,0,0,0,0,0,0,0,0,0,0,0,0,0,0,0,0,0,0,0,0,0,0,0,0,0,0,0
0,0,0,0,0,0,0,0,0,0,0,0,0,0,0,0,0,0,0,0,0,0,0,0,0,0,0,0,0,0,0,0,1,0,0,0,0,0,0,0,0,0,0,0,0,0,0,0,0,0,0,0,0,0,0,0,0,1,0,1,1,0,0,0,0,0,1,0,0,2,0,0,0,1,0,0,0,0,1,0,0,0,1,0,2,1,0,0,1,0,0,0,0,0,1,0,0,1,1,0,0,0,0,1,1,2,0,0,0,0,0,0,0,0,0,0,1,0,0,0,0,0,0,0,0,0,0,0,0,0,0,0,0,1,0,0,0,0,0,0,0,0,0,0,0,0,0,0,0,0,0,0,0,0,0,0,0,0,0,0,0,0,0,1,0,0,0,0,0,0,0,0,0,0,0,0,0,0,0,0,0,0,0,0,0,0,0,0,0,0,0,0,0,0,0,0,0,0,0,0
0,0,0,0,0,0,0,0,0,0,0,0,0,0,0,0,0,0,0,0,0,0,0,0,0,0,0,0,0,0,0,0,0,0,0,0,0,0,0,0,0,0,0,0,0,0,0,0,0,0,0,1,2,0,0,0,0,0,1,0,0,0,0,0,2,0,0,1,1,0,0,1,0,0,0,1,0,1,0,0,1,0,0,2,0,0,1,0,0,0,1,0,0,1,1,0,2,0,0,1,0,0,0,0,0,0,0,0,1,0,0,1,0,1,0,0,0,0,0,1,0,0,0,0,0,0,1,0,0,0,0,0,0,0,0,0,0,0,0,0,0,0,0,0,0,0,0,0,0,0,0,0,0,0,0,0,0,0,0,0,0,0,0,0,0,0,0,0,0,0,0,0,0,0,0,0,0,0,0,0,0,0,0,0,0,0,0,0,0,0,0,0,0,0,0,0,0,0,0,0
0,0,0,0,0,0,0,0,0,0,0,0,0,0,0,0,0,0,0,0,0,0,1,0,0,0,0,0,0,0,0,0,0,0,0,0,0,0,0,0,0,0,0,0,0,0,0,0,1,0,0,0,0,0,1,1,1,0,0,1,0,0,0,0,1,1,0,0,0,0,2,0,0,0,1,1,0,0,0,1,0,1,0,0,0,2,1,0,0,0,1,0,0,0,0,2,0,0,3,0,0,0,1,1,0,1,0,0,1,0,0,0,0,0,0,0,0,0,0,0,0,0,1,0,0,0,0,0,0,0,0,0,0,0,0,0,0,0,0,0,0,0,0,0,0,0,0,0,0,0,0,0,0,0,0,0,0,0,0,0,0,0,0,0,0,0,0,0,0,0,0,0,0,0,0,0,0,0,0,0,0,0,0,0,0,0,0,0,0,0,0,0,0,0,0,0,0,0,0,0
0,0,0,0,0,0,0,0,0,0,0,0,0,0,0,0,0,0,0,0,0,0,0,0,0,0,0,0,0,0,0,0,0,0,0,0,0,0,0,0,0,0,0,1,0,0,0,0,0,0,0,0,0,0,0,0,0,0,0,1,1,0,1,0,0,0,0,1,0,0,0,0,0,0,0,1,0,0,0,0,1,1,0,0,0,0,1,0,2,0,0,0,1,1,0,0,1,0,1,0,1,0,0,1,1,0,0,0,0,0,0,2,0,0,1,0,0,0,0,0,0,0,0,0,0,0,0,0,0,0,1,0,0,0,1,0,0,0,0,0,0,0,0,0,0,0,0,0,0,0,0,0,0,0,0,0,0,0,0,0,0,0,0,0,0,0,0,0,0,0,0,0,0,0,0,0,0,0,0,0,0,0,0,0,0,0,0,0,0,0,0,0,0,0,0,0,0,0,0,0
0,0,0,0,0,0,0,0,0,0,0,0,0,0,0,0,0,0,0,0,0,0,0,0,0,0,0,0,0,0,0,0,2,0,0,0,1,0,0,0,0,0,0,0,0,1,0,0,0,0,0,1,0,0,0,0,0,0,0,0,0,0,0,1,0,0,0,0,0,1,0,0,1,0,0,0,1,1,1,0,0,1,1,1,0,1,0,0,0,0,0,0,0,0,0,0,1,0,0,0,0,0,1,0,0,0,0,0,0,0,0,0,0,0,0,0,0,1,0,0,0,0,0,0,0,0,0,0,0,0,0,0,0,0,0,0,0,0,0,0,0,0,0,0,0,0,0,0,0,0,0,0,0,0,0,0,0,0,0,0,0,0,0,0,0,0,0,0,0,0,0,0,0,0,0,0,0,0,0,0,0,0,0,0,0,0,0,0,0,0,0,0,0,0,0,0,0,0,0,0
0,0,0,0,0,0,0,0,0,0,0,0,0,0,0,0,0,0,0,0,0,0,0,0,0,0,0,0,0,0,0,0,0,0,0,0,0,0,0,0,0,0,0,0,0,0,0,0,0,0,0,0,1,1,0,0,0,0,0,0,0,0,0,0,1,0,0,0,1,0,0,1,0,1,0,0,1,0,1,1,1,1,4,0,0,0,1,1,0,0,0,0,0,0,0,1,0,0,1,0,0,1,0,0,0,0,2,0,0,0,0,0,0,0,0,1,1,0,0,0,0,0,0,0,0,0,0,0,0,0,0,0,0,0,0,0,0,0,0,0,0,0,0,0,0,0,0,0,0,0,0,0,0,0,0,0,0,0,0,0,0,0,0,0,0,0,0,0,0,0,0,0,0,0,0,0,0,0,0,0,0,0,0,0,0,0,0,0,0,0,0,0,0,0,0,0,0,0,0,0
0,0,0,0,0,0,0,0,0,0,0,0,0,0,0,0,0,0,0,0,0,0,0,0,0,0,0,0,0,0,0,0,0,0,0,0,0,0,0,1,0,0,0,1,0,0,0,0,0,0,0,0,0,0,0,0,0,0,0,0,1,0,1,0,1,0,1,0,0,0,0,1,1,0,0,1,0,0,0,0,0,0,0,0,0,0,0,1,0,0,0,1,0,0,0,0,0,1,0,0,0,0,0,1,0,0,1,0,0,0,1,0,0,1,0,0,0,0,2,0,0,0,0,0,0,0,0,0,0,0,0,0,0,0,0,0,0,0,0,0,0,0,0,0,0,0,0,0,0,0,0,0,0,0,0,0,0,0,0,0,0,0,0,0,0,0,0,0,0,0,0,0,0,0,0,0,0,0,0,0,0,0,0,0,0,0,0,0,0,0,0,0,0,0,0,0,0,0,0,0
0,0,0,0,0,0,0,0,0,0,0,0,0,0,0,0,0,0,0,0,0,0,0,0,0,0,0,0,0,0,0,0,0,0,0,0,0,0,0,0,0,0,1,0,0,0,0,0,0,1,0,0,0,0,0,0,0,1,0,0,2,0,0,0,1,0,0,1,0,0,1,0,1,1,0,1,1,0,2,1,0,0,0,0,0,0,0,0,0,0,1,0,2,1,0,0,0,2,1,0,1,0,0,0,1,0,0,0,0,2,0,0,0,0,0,0,0,0,0,0,0,0,0,0,0,0,0,2,0,0,0,0,1,0,0,0,0,0,0,0,0,0,0,0,0,0,0,0,0,0,0,0,0,0,0,0,0,0,0,0,0,0,0,0,0,0,0,0,0,0,0,0,0,0,0,0,0,0,0,0,0,0,0,0,0,0,0,0,0,0,0,0,0,0,0,0,0,0,0,0
0,0,0,0,0,0,0,0,0,0,0,0,0,0,0,0,0,0,0,0,0,0,0,0,0,0,1,0,0,0,0,0,0,0,0,0,0,0,0,1,0,1,0,0,1,0,0,0,0,0,0,0,0,0,0,0,1,0,0,0,1,0,0,0,0,0,0,0,1,1,1,0,0,0,0,0,0,0,1,0,0,2,1,0,1,0,0,0,0,0,2,1,0,0,0,1,0,0,0,0,0,0,0,0,0,1,0,0,0,0,0,0,0,0,0,0,0,0,0,0,0,0,0,0,0,0,0,2,0,0,0,0,0,0,0,1,0,0,0,0,0,0,0,0,0,0,0,0,0,0,0,0,0,0,0,0,0,0,0,0,0,0,0,0,0,0,0,0,0,0,0,0,0,0,0,0,0,0,0,0,0,0,0,0,0,0,0,0,0,0,0,0,0,0,0,0,0,0,0,0
0,0,0,0,0,0,0,0,0,0,0,0,0,0,0,0,0,0,0,0,0,0,0,0,0,0,0,0,0,0,0,0,0,0,0,0,0,0,0,0,0,0,0,0,0,0,0,0,0,1,0,0,0,0,0,0,0,0,0,0,0,0,1,0,0,0,1,2,0,0,0,0,0,1,0,0,0,0,0,1,0,2,0,0,0,0,0,0,0,0,1,0,0,0,1,0,0,0,1,1,0,0,0,1,0,0,0,0,0,0,0,0,0,0,0,0,0,0,0,0,0,0,0,0,0,0,0,0,0,0,0,0,0,0,0,0,0,0,0,0,0,0,0,0,0,0,0,0,0,0,0,0,0,0,0,0,0,0,0,0,0,0,0,0,0,0,0,0,0,0,0,0,0,0,0,0,0,0,0,0,0,0,0,0,0,0,0,0,0,0,0,0,0,0,0,0,0,0,0,0
0,0,0,0,0,0,0,0,0,0,0,0,0,0,0,0,0,0,0,0,0,0,0,0,0,0,0,0,0,0,0,0,1,0,0,0,0,0,0,0,0,0,0,0,0,1,0,0,0,0,0,0,0,0,0,0,0,0,0,0,0,0,0,0,1,1,0,0,0,1,0,1,0,0,1,0,0,0,0,2,1,0,0,2,0,0,1,0,0,0,0,0,0,0,0,1,0,0,1,0,0,0,0,0,0,0,0,0,1,0,0,0,0,0,0,0,0,0,0,0,0,0,0,0,0,0,0,0,1,0,0,0,0,0,0,0,0,0,0,0,0,0,0,0,0,0,0,0,0,0,0,0,0,0,0,0,0,0,0,0,0,0,0,0,0,0,0,0,0,0,0,0,0,0,0,0,0,0,0,0,0,0,0,0,0,0,0,0,0,0,0,0,0,0,0,0,0,0,0,0
0,0,0,0,0,0,0,0,0,0,0,0,0,0,0,0,0,0,0,0,0,0,0,0,0,0,0,0,0,0,0,0,0,0,1,0,0,0,0,0,0,0,0,0,0,0,0,0,0,0,0,0,0,0,0,0,0,0,0,0,0,0,1,0,1,0,2,0,0,0,1,0,1,0,0,0,0,0,0,0,0,0,1,0,0,0,0,0,0,0,0,0,0,0,0,0,0,0,0,0,0,0,0,0,0,0,0,0,0,0,0,0,1,0,2,0,1,0,0,0,0,0,0,0,0,0,1,0,0,0,0,0,0,0,0,0,0,0,0,0,0,0,0,0,0,0,0,0,0,0,0,0,0,0,0,0,0,0,0,0,0,0,0,0,0,0,0,0,0,0,0,0,0,0,0,0,0,0,0,0,0,0,0,0,0,0,0,0,0,0,0,0,0,0,0,0,0,0,0,0
0,0,0,0,0,0,0,0,0,0,0,0,0,0,0,0,0,0,0,0,0,0,0,0,0,0,0,0,0,0,0,0,0,0,0,0,0,1,0,0,0,0,0,0,0,0,0,0,0,0,0,1,0,0,0,0,0,0,0,0,0,0,0,0,0,0,0,0,0,0,0,0,0,0,0,1,0,0,0,0,0,0,0,1,0,0,0,0,0,0,0,1,0,0,0,0,0,0,0,2,0,0,0,0,1,0,0,0,0,0,0,0,0,0,0,0,0,0,0,0,0,0,0,0,0,0,0,0,0,0,0,0,0,0,0,0,0,0,0,0,0,0,0,0,0,0,0,0,0,0,0,0,0,0,0,0,0,0,0,0,0,0,0,0,0,0,0,0,0,0,0,0,0,0,0,0,0,0,0,0,0,0,0,0,0,0,0,0,0,0,0,0,0,0,0,0,0,0,0,0
0,0,0,0,0,0,0,0,0,0,0,0,0,0,0,0,1,0,0,0,0,0,0,0,1,0,0,0,0,0,0,0,0,0,0,0,0,0,0,0,1,0,0,0,1,0,0,0,0,0,0,0,0,0,0,0,0,1,0,0,0,0,0,0,0,1,0,0,0,0,0,0,0,0,0,0,1,0,0,0,0,0,1,0,0,0,0,0,1,1,1,0,0,0,0,0,0,0,0,0,0,0,1,0,2,0,0,0,0,0,0,0,0,0,0,0,1,0,0,0,1,0,0,0,0,0,0,0,0,0,0,0,0,0,0,0,0,0,0,0,0,0,0,0,0,0,0,0,0,0,0,0,0,0,0,0,0,0,0,0,0,0,0,0,0,0,0,0,0,0,0,0,0,0,0,0,0,0,0,0,0,0,0,0,0,0,0,0,0,0,0,0,0,0,0,0,0,0,0,0
0,0,0,0,0,0,0,0,0,0,0,0,0,0,0,0,0,0,0,0,0,0,0,1,0,0,0,0,0,0,0,0,0,0,0,0,0,0,0,0,0,0,0,0,0,0,0,0,0,0,0,0,0,0,0,0,0,0,0,0,0,1,0,1,0,0,1,0,0,0,0,0,0,0,0,0,0,0,1,0,0,0,0,0,0,0,0,0,1,1,0,0,1,1,0,0,2,0,0,0,0,0,0,0,3,0,0,0,0,0,0,0,0,0,0,0,0,1,0,0,0,0,0,0,0,0,0,0,0,0,0,0,0,0,0,0,0,0,0,0,0,0,0,0,0,0,0,0,0,0,0,0,0,0,0,0,0,0,0,0,0,0,0,0,0,0,0,0,0,0,0,0,0,0,0,0,0,0,0,0,0,0,0,0,0,0,0,0,0,0,0,0,0,0,0,0,0,0,0,0
0,0,0,0,0,0,0,0,0,0,0,0,0,0,0,0,0,0,0,0,0,0,0,0,0,0,0,0,0,1,0,0,0,0,0,0,0,0,0,0,0,0,0,0,0,0,0,0,2,0,0,0,0,0,0,0,0,0,1,0,0,0,0,1,0,0,1,0,1,0,0,0,0,0,0,0,0,0,0,0,0,1,0,0,0,1,0,0,0,0,0,0,0,0,2,0,0,0,0,1,0,1,0,1,0,0,0,0,0,0,1,1,0,0,0,1,0,0,0,0,0,0,0,0,0,0,0,0,0,0,0,0,0,0,0,0,0,0,0,0,0,0,0,0,0,0,0,0,0,0,0,0,0,0,0,0,0,0,0,0,0,0,0,0,0,0,0,0,0,0,0,0,0,0,0,0,0,0,0,0,0,0,0,0,0,0,0,0,0,0,0,0,0,0,0,0,0,0,0,0
0,0,0,0,0,0,0,0,0,0,0,0,0,0,0,0,0,0,0,0,0,0,0,0,0,0,0,0,0,0,0,0,0,0,0,0,0,0,0,0,0,0,0,0,0,0,0,0,0,0,1,0,0,0,1,0,0,1,0,0,1,0,0,0,1,0,0,0,1,0,1,0,0,0,0,0,0,0,0,1,0,0,1,1,0,0,1,1,0,0,0,0,0,1,1,1,1,0,0,0,0,1,0,0,0,0,0,0,0,0,0,0,0,0,0,0,0,0,0,0,0,0,0,0,0,0,0,0,0,0,0,0,0,0,0,0,0,0,0,0,0,0,0,1,0,0,0,0,0,0,0,0,0,0,0,0,0,0,0,0,0,0,0,0,0,0,0,0,0,0,0,0,0,0,0,0,0,0,0,0,0,0,0,0,0,0,0,0,0,0,0,0,0,0,0,0,0,0,0,0
0,0,0,0,0,0,0,0,0,0,0,0,0,0,0,0,0,0,0,0,0,0,0,0,0,0,0,1,0,0,0,0,0,0,0,0,0,0,0,0,0,0,0,0,0,0,0,0,0,1,0,0,0,0,0,0,0,1,0,0,1,0,0,0,1,0,0,1,0,0,0,0,0,0,0,0,0,0,1,0,1,0,1,0,0,0,0,0,0,0,0,0,0,1,0,0,0,0,1,0,0,1,0,0,1,2,0,0,0,0,0,0,0,0,0,0,0,0,0,0,1,0,0,0,0,0,0,0,0,0,0,0,0,0,0,0,0,0,0,0,0,0,0,0,0,0,0,0,0,0,0,0,0,0,0,0,0,0,0,0,0,0,0,0,0,0,0,0,0,0,0,0,0,0,0,0,0,0,0,0,0,0,0,0,0,0,0,0,0,0,0,0,0,0,0,0,0,0,0,0
0,0,0,0,0,0,0,0,0,0,0,0,0,0,0,0,0,0,0,0,0,0,0,0,0,0,0,0,0,1,0,0,0,0,0,0,0,0,0,0,0,0,1,0,0,0,0,0,0,0,0,0,0,0,0,0,0,0,0,0,0,0,0,0,0,0,0,0,1,0,0,0,0,0,0,0,2,0,1,0,0,0,1,0,1,0,0,0,0,1,0,0,0,0,1,0,1,0,0,0,0,0,0,0,0,0,1,0,0,0,0,0,0,0,1,0,1,0,0,0,0,0,0,1,0,0,0,0,0,0,0,0,1,0,0,0,0,0,0,0,0,0,0,0,0,0,0,0,0,0,0,0,0,0,0,0,0,0,0,0,0,0,0,0,0,0,0,0,0,0,0,0,0,0,0,0,0,0,0,0,0,0,0,0,0,0,0,0,0,0,0,0,0,0,0,0,0,0,0,0
0,0,0,0,0,0,0,0,0,0,0,0,0,0,0,0,0,0,0,0,0,0,0,0,0,0,0,0,0,0,0,0,0,0,0,1,0,0,0,1,0,0,0,0,0,0,1,0,0,0,0,0,0,0,0,0,0,0,0,0,0,1,0,0,0,0,0,0,0,0,0,1,0,0,1,1,0,2,0,0,0,0,0,0,0,0,1,2,1,0,0,0,1,0,0,0,1,0,0,0,0,0,0,0,0,0,0,0,0,1,0,0,1,0,0,0,0,0,0,0,0,0,0,0,1,0,0,0,0,0,0,0,0,0,0,0,0,0,0,0,0,0,0,0,0,0,0,0,0,0,0,0,0,0,0,0,0,0,0,0,0,0,0,0,0,0,0,0,0,0,0,0,0,0,0,0,0,0,0,0,0,0,0,0,0,0,0,0,0,0,0,0,0,0,0,0,0,0,0,0
0,0,0,0,0,0,0,0,0,0,0,0,0,0,0,0,0,0,0,0,0,0,0,0,0,0,0,0,0,0,0,0,0,0,0,0,0,0,0,0,0,0,0,0,0,0,0,0,0,0,0,0,0,0,0,0,0,1,0,0,0,0,1,1,0,0,0,0,0,0,1,0,0,0,1,0,1,0,0,1,1,0,0,0,0,0,0,1,0,0,1,0,0,1,0,1,0,1,0,1,0,0,0,0,0,0,0,0,0,0,0,0,0,0,0,0,0,0,0,0,0,0,0,0,0,0,0,0,0,0,0,0,0,1,0,0,0,0,0,0,0,0,0,0,0,0,0,0,0,0,0,0,0,0,0,0,0,0,0,0,0,0,0,0,0,0,0,0,0,0,0,0,0,0,0,0,0,0,0,0,0,0,0,0,0,0,0,0,0,0,0,0,0,0,0,0,0,0,0,0
0,0,0,0,0,0,0,0,0,0,0,0,0,0,0,0,0,0,0,0,0,0,0,0,0,0,0,0,0,0,0,0,0,0,0,0,0,0,0,0,0,1,0,0,0,0,0,0,0,0,0,1,1,0,0,0,1,0,0,0,0,0,0,0,0,1,0,0,0,0,0,0,0,0,0,0,0,0,0,1,0,0,0,0,0,1,0,1,0,0,1,0,0,0,0,0,0,0,0,0,0,0,0,0,0,0,0,0,0,0,0,0,0,0,0,0,0,0,0,0,0,0,0,0,0,0,0,0,0,0,0,0,0,0,0,0,0,0,0,0,0,0,0,0,0,0,0,0,0,0,0,0,0,0,0,0,0,0,0,0,0,0,0,0,0,0,0,0,0,0,0,0,0,0,0,0,0,0,0,0,0,0,0,0,0,0,0,0,0,0,0,0,0,0,0,0,0,0,0,0
0,0,0,0,0,0,0,0,0,0,0,0,0,0,0,0,0,0,0,0,0,0,0,0,0,0,0,0,0,0,0,0,0,0,0,1,0,0,0,0,0,0,0,0,0,0,0,0,0,0,0,0,0,0,0,0,0,0,0,0,0,0,0,1,0,0,0,0,0,0,0,0,0,1,0,0,0,0,0,0,0,0,0,0,0,0,1,0,0,1,0,1,1,0,1,0,0,0,0,0,0,0,0,0,0,0,0,0,0,0,0,0,0,0,0,0,0,0,0,0,1,0,0,0,0,0,0,1,0,0,0,0,0,0,0,0,0,0,0,0,0,0,0,0,0,0,0,0,0,0,0,0,0,0,0,0,0,0,0,0,0,0,0,0,0,0,0,0,0,0,0,0,0,0,0,0,0,0,0,0,0,0,0,0,0,0,0,0,0,0,0,0,0,0,0,0,0,0,0,0
0,0,0,0,0,0,0,0,0,0,0,0,0,0,0,0,0,0,0,0,0,0,0,0,0,0,0,0,0,0,0,0,0,0,0,0,0,0,0,0,0,0,0,0,0,0,0,0,0,0,0,0,0,0,0,0,0,0,1,1,1,0,0,0,0,1,0,1,1,0,0,0,0,0,0,1,1,0,0,0,0,0,0,0,0,0,0,1,0,1,0,0,0,0,0,0,0,1,0,0,0,0,0,1,0,1,0,0,0,0,1,0,0,0,0,0,0,0,0,0,1,0,0,0,0,0,0,0,0,0,0,1,0,0,0,0,0,0,1,0,0,0,0,0,0,0,0,0,0,0,0,0,0,0,0,0,0,0,0,0,0,0,0,0,0,0,0,0,0,0,0,0,0,0,0,0,0,0,0,0,0,0,0,0,0,0,0,0,0,0,0,0,0,0,0,0,0,0,0,0
0,0,0,0,0,0,0,0,0,0,0,0,0,0,0,0,0,0,0,0,0,0,0,0,0,0,0,0,0,0,0,0,0,0,0,0,0,0,0,0,0,0,0,0,0,0,0,0,0,0,0,0,0,0,0,0,1,0,0,0,0,0,0,0,0,0,0,0,0,0,0,0,0,0,0,0,0,0,0,0,0,0,0,0,0,0,0,0,1,0,0,1,0,1,0,0,0,0,1,1,0,0,1,0,0,0,0,0,0,0,0,0,1,1,0,0,1,0,0,0,0,0,0,0,0,0,1,0,0,0,0,0,0,0,0,0,0,0,0,0,0,0,0,0,0,0,0,0,0,0,0,0,0,0,0,0,0,0,0,0,0,0,0,0,0,0,0,0,0,0,0,0,0,0,0,0,0,0,0,0,0,0,0,0,0,0,0,0,0,0,0,0,0,0,0,0,0,0,0,0
0,0,0,0,0,0,0,0,0,0,0,0,0,0,0,0,0,0,0,0,0,0,0,0,0,0,0,0,0,0,0,0,0,0,0,0,0,0,0,0,0,0,0,0,0,0,1,0,2,0,0,0,1,0,0,0,0,0,0,0,1,0,0,0,0,0,0,0,0,0,0,0,0,1,1,0,1,0,0,0,0,0,0,0,0,1,1,0,0,0,0,0,2,0,1,1,0,1,0,0,0,0,0,0,0,0,0,0,1,0,0,0,1,0,0,0,0,0,0,0,1,0,0,0,0,0,0,0,0,0,0,0,0,0,0,0,0,0,0,0,0,0,0,0,0,0,0,0,0,0,0,0,0,0,0,0,0,0,0,0,0,0,0,0,0,0,0,0,0,0,0,0,0,0,0,0,0,0,0,0,0,0,0,0,0,0,0,0,0,0,0,0,0,0,0,0,0,0,0,0
0,0,0,0,0,0,0,0,0,0,0,0,0,0,0,0,0,0,0,0,0,0,0,0,0,0,0,0,0,0,0,0,0,0,1,0,0,0,0,0,0,0,0,0,0,0,0,0,0,0,1,0,0,0,0,0,0,0,0,0,0,0,0,0,1,0,1,0,0,0,0,0,0,0,0,1,0,0,1,0,0,0,0,0,0,0,0,0,0,0,0,0,0,1,1,0,0,0,0,0,0,0,0,1,0,0,0,0,0,1,0,0,0,1,0,0,0,0,0,0,0,0,0,0,0,0,0,0,1,0,0,0,0,0,0,0,0,0,1,0,0,0,0,0,0,0,0,0,0,0,0,0,0,0,0,0,0,0,0,0,0,0,0,0,0,0,0,0,0,0,0,0,0,0,0,0,0,0,0,0,0,0,0,0,0,0,0,0,0,0,0,0,0,0,0,0,0,0,0,0
0,0,0,0,0,0,0,0,0,0,0,0,0,0,0,0,0,0,0,0,0,0,0,0,0,0,1,0,0,0,0,0,0,0,0,0,0,0,0,0,0,0,0,0,0,0,0,0,0,0,0,0,0,0,1,0,1,1,1,0,0,1,0,0,0,1,0,0,1,0,0,0,0,0,0,1,0,0,0,0,0,0,0,0,0,0,0,0,0,0,0,1,0,0,0,0,0,0,0,0,0,0,0,0,0,0,0,0,0,0,0,0,0,0,0,0,0,0,1,0,0,0,0,0,0,0,0,0,0,0,0,0,0,0,0,0,0,0,0,0,0,0,0,0,0,0,0,0,0,0,0,0,0,0,0,0,0,0,0,0,0,0,0,0,0,0,0,0,0,0,0,0,0,0,0,0,0,0,0,0,0,0,0,0,0,0,0,0,0,0,0,0,0,0,0,0,0,0,0,0
0,0,0,0,0,0,0,0,0,0,0,0,0,0,0,0,0,0,0,0,0,0,0,0,0,0,0,0,0,0,0,0,0,0,0,0,0,0,0,0,0,0,0,0,0,0,0,1,0,0,0,0,0,0,0,1,0,0,0,0,0,0,0,1,1,0,0,0,0,1,1,0,0,1,0,0,0,0,0,0,0,0,0,0,0,0,0,0,0,0,0,0,0,1,1,0,1,0,0,0,0,0,0,0,0,0,0,0,0,0,0,0,0,2,0,0,0,0,0,0,0,0,0,0,0,0,0,0,0,0,0,0,0,0,0,0,0,0,0,0,0,0,0,0,0,0,0,0,0,0,0,0,0,0,0,0,0,0,0,0,0,0,0,0,0,0,0,0,0,0,0,0,0,0,0,0,0,0,0,0,0,0,0,0,0,0,0,0,0,0,0,0,0,0,0,0,0,0,0,0
0,0,0,0,0,0,0,0,0,0,0,0,0,0,0,0,0,0,0,0,0,0,0,0,0,0,0,0,0,0,0,0,0,0,0,0,0,0,0,0,0,0,0,0,0,0,0,0,0,0,0,0,0,0,0,0,0,0,1,0,0,0,0,0,0,0,1,0,0,1,0,0,1,0,1,0,0,0,0,0,0,0,0,1,0,0,1,0,0,1,0,1,0,0,1,0,0,0,0,0,0,0,0,0,0,0,0,0,0,0,1,0,0,0,0,1,0,0,0,1,0,0,0,0,0,0,0,0,0,0,0,0,0,0,0,0,0,0,0,0,0,0,0,0,0,0,0,0,0,0,0,0,0,0,0,0,0,0,0,0,0,0,0,0,0,0,0,0,0,0,0,0,0,0,0,0,0,0,0,0,0,0,0,0,0,0,0,0,0,0,0,0,0,0,0,0,0,0,0,0
0,0,0,0,0,0,0,0,0,0,0,0,0,0,0,0,0,0,0,0,0,0,0,0,0,0,0,0,0,0,0,0,0,0,0,0,0,0,0,0,0,0,0,0,0,0,0,0,0,0,1,0,0,0,0,0,0,0,0,0,0,0,1,0,0,0,0,0,0,0,0,0,0,0,0,0,0,0,0,0,0,0,0,1,2,1,0,0,0,0,1,1,0,0,0,0,0,0,0,1,0,0,0,0,0,0,0,0,0,0,0,0,0,0,0,0,0,0,0,0,0,0,0,0,0,1,0,0,0,0,0,0,0,0,1,0,0,0,0,0,0,0,0,0,0,0,0,0,0,0,0,0,0,0,0,0,0,0,0,0,0,0,0,0,0,0,0,0,0,0,0,0,0,0,0,0,0,0,0,0,0,0,0,0,0,0,0,0,0,0,0,0,0,0,0,0,0,0,0,0
0,0,0,0,0,0,0,0,0,0,0,0,0,0,0,0,0,0,0,0,0,0,0,1,0,0,0,0,0,0,0,0,0,0,0,0,0,0,0,0,0,0,0,0,1,0,0,0,0,0,0,0,0,0,0,0,0,0,1,0,0,0,0,1,0,0,0,0,0,0,0,0,0,0,0,0,0,0,1,0,1,0,0,0,0,0,0,0,0,0,0,0,0,0,1,0,0,0,0,1,0,0,0,0,0,0,0,0,0,0,0,0,0,1,0,0,0,0,0,0,0,0,1,0,0,0,0,0,0,0,0,0,0,0,0,0,0,0,0,0,0,0,0,0,0,0,0,0,0,0,0,0,0,0,0,0,0,0,0,0,0,0,0,0,0,0,0,0,0,0,0,0,0,0,0,0,0,0,0,0,0,0,0,0,0,0,0,0,0,0,0,0,0,0,0,0,0,0,0,0
0,0,0,0,0,0,0,0,0,0,0,0,0,0,0,0,0,0,0,0,0,0,0,0,0,0,0,0,0,0,0,0,0,0,0,0,0,0,0,0,0,0,0,0,0,0,0,0,0,0,0,0,0,0,0,0,0,0,0,0,0,0,0,0,0,0,0,0,0,1,0,0,0,0,0,0,0,0,0,0,0,0,1,0,1,0,0,0,0,0,0,0,0,0,0,0,0,0,0,0,0,0,0,0,0,0,0,0,0,0,0,0,0,0,0,0,0,0,0,0,0,0,0,0,0,0,0,0,0,0,0,0,0,0,0,0,0,0,0,0,0,0,0,0,0,0,0,0,0,0,0,0,0,0,0,0,0,0,0,0,0,0,0,0,0,0,0,0,0,0,0,0,0,0,0,0,0,0,0,0,0,0,0,0,0,0,0,0,0,0,0,0,0,0,0,0,0,0,0,0
0,0,0,0,0,0,0,0,0,0,0,0,0,0,0,0,0,0,0,0,0,0,0,0,0,0,0,0,0,1,0,0,0,0,0,0,0,0,0,0,0,0,0,0,0,0,0,0,1,0,0,0,0,0,0,0,0,0,0,0,0,0,0,1,0,0,0,0,0,0,0,0,0,0,0,0,0,0,0,0,0,1,0,0,0,0,0,0,0,0,0,0,0,0,0,0,2,1,0,0,1,0,0,0,0,0,0,0,0,0,0,0,0,0,0,0,0,0,0,0,0,0,0,0,0,0,0,0,0,0,0,0,0,0,0,0,0,0,0,0,0,0,0,0,0,0,0,0,0,0,0,0,0,0,0,0,0,0,0,0,0,0,0,0,0,0,0,0,0,0,0,0,0,0,0,0,0,0,0,0,0,0,0,0,0,0,0,0,0,0,0,0,0,0,0,0,0,0,0,0
0,0,0,0,0,0,0,0,0,0,0,0,0,0,1,0,0,0,0,0,0,0,0,0,0,0,0,0,0,0,0,0,0,0,0,0,0,1,0,0,0,0,0,0,0,0,0,0,0,0,0,0,0,0,0,0,0,0,0,0,0,0,1,0,0,0,0,0,0,0,0,0,1,0,0,0,0,0,0,0,0,2,0,0,0,0,0,0,0,0,0,0,0,0,0,0,0,0,0,0,0,0,0,0,0,0,0,0,1,0,0,0,0,0,0,0,0,0,0,0,0,0,0,0,0,0,0,0,0,0,0,0,0,0,0,0,0,0,0,0,0,0,0,0,0,0,0,0,0,0,0,0,0,0,0,0,0,0,0,0,0,0,0,0,0,0,0,0,0,0,0,0,0,0,0,0,0,0,0,0,0,0,0,0,0,0,0,0,0,0,0,0,0,0,0,0,0,0,0,0
0,0,0,0,0,0,0,0,0,0,0,0,0,0,0,0,0,0,0,0,0,0,0,0,0,0,0,0,0,0,0,0,0,0,0,0,0,0,0,0,0,0,0,0,0,0,0,0,0,0,0,1,0,0,0,0,0,0,1,0,0,0,0,0,0,1,0,1,0,0,0,0,0,0,0,1,0,0,0,0,0,0,0,0,0,0,0,0,0,0,0,0,0,0,0,0,0,0,0,0,0,1,0,0,0,0,0,0,0,0,1,0,0,0,0,0,0,0,0,0,0,0,0,0,0,0,0,0,0,0,0,0,0,0,0,0,0,0,0,0,0,0,0,0,0,0,0,0,0,0,0,0,0,0,0,0,0,0,0,0,0,0,0,0,0,0,0,0,0,0,0,0,0,0,0,0,0,0,0,0,0,0,0,0,0,0,0,0,0,0,0,0,0,0,0,0,0,0,0,0
0,0,0,0,0,0,0,0,0,0,0,0,0,0,0,0,0,0,0,0,0,0,0,0,0,0,0,0,0,0,0,0,0,0,0,0,0,0,0,0,1,0,0,0,0,0,0,0,1,0,0,0,0,0,0,1,0,0,0,0,0,0,0,0,0,0,0,0,0,0,0,0,0,0,0,0,0,0,0,0,0,0,0,0,0,0,0,0,0,0,0,0,0,0,1,0,0,0,0,1,0,0,0,1,0,0,1,0,0,0,0,0,0,0,0,0,0,0,0,0,0,0,0,0,0,0,0,0,1,0,0,0,0,0,0,0,0,0,0,0,0,0,0,0,0,0,0,0,0,0,0,0,0,0,0,0,0,0,0,0,0,0,0,0,0,0,0,0,0,0,0,0,0,0,0,0,0,0,0,0,0,0,0,0,0,0,0,0,0,0,0,0,0,0,0,0,0,0,0,0
