2,2,0,5,2,0,4,3,4,2,6,6,4,8,7,5,10,15,9,15,14,13,16,19,22,20,25,24,41,28,25,34,40,51,46,56,76,71,65,73,81,84,103,99,116,130,133,135,155,163,162,184,184,198,205,203,177,267,237,298,277,280,293,321,325,313,309,339,339,383,383,365,420,399,413,394,443,440,413,379,389,414,431,421,408,405,437,419,433,414,413,442,387,416,390,367,405,346,396,367,336,290,294,348,283,293,261,253,241,240,229,218,251,183,169,208,154,186,156,127,113,122,126,119,96,103,91,87,82,65,62,51,57,62,45,43,38,38,35,25,28,19,20,14,18,16,7,15,6,7,11,13,6,6,6,7,1,2,3,1,1,3,0,1,0,1,1,0,1,1,0,0,0,0,0,0,0,0,0,2,0,0,0,0,0,1,0,0,0,0,0,0,0,0,0,0,0,0,0,0
6,2,0,2,0,1,5,0,3,4,8,4,3,9,9,6,11,8,21,8,22,17,11,21,19,11,25,30,40,33,26,41,50,63,66,62,55,92,85,55,69,86,103,141,119,106,115,138,151,179,150,181,191,204,220,206,216,237,241,289,291,291,292,318,314,342,329,369,379,332,367,351,391,378,380,378,447,428,373,396,423,403,437,409,428,425,442,418,377,422,405,387,416,352,352,338,370,314,390,337,327,307,339,277,280,285,246,259,239,228,241,195,193,165,172,174,157,135,152,139,115,116,107,82,107,97,76,66,59,74,62,52,61,48,43,37,36,42,28,31,28,20,13,23,34,15,13,10,10,8,11,8,12,8,8,5,7,3,2,4,2,2,1,2,1,2,0,0,0,1,1,2,1,0,0,0,0,2,0,1,0,2,1,0,0,1,0,0,0,0,0,0,0,0,0,0,0,0,0,0
2,0,1,8,2,2,4,1,2,6,8,4,8,4,9,10,13,6,12,18,19,13,12,15,18,21,19,28,30,25,29,35,46,55,44,64,71,78,76,73,91,86,106,112,117,127,121,164,147,169,156,169,186,210,232,228,213,253,256,279,307,271,308,319,312,340,352,342,342,344,394,365,365,411,407,427,408,419,385,417,391,415,440,416,399,443,424,398,410,381,403,395,400,290,360,330,371,361,326,316,330,286,305,251,282,248,254,230,230,200,209,187,198,169,174,137,144,155,131,128,129,116,95,104,101,83,81,57,70,55,54,47,44,35,42,36,36,42,30,19,25,26,23,9,15,23,7,19,5,4,8,6,7,6,1,7,3,2,1,3,3,3,1,3,0,2,2,0,0,0,0,1,0,0,0,0,0,1,0,0,0,0,0,0,0,0,0,0,0,0,0,0,0,0,0,0,0,0,0,0
1,2,0,4,1,1,0,3,5,2,5,5,9,8,12,13,6,7,11,11,6,9,16,25,28,16,25,34,33,28,37,42,43,58,61,73,70,73,96,86,78,111,99,115,126,117,134,156,148,166,167,178,198,207,199,238,205,252,246,256,301,256,270,279,315,329,302,339,325,352,375,370,397,361,396,388,426,436,369,371,426,400,436,404,356,408,407,396,377,390,392,365,338,322,351,345,355,302,304,317,294,271,240,255,248,249,211,236,214,204,175,176,164,162,156,124,159,156,129,131,118,118,83,90,81,68,75,71,70,56,56,50,38,45,44,45,32,26,30,23,31,15,23,14,18,13,9,13,9,8,4,7,7,8,5,7,3,1,5,3,2,1,0,2,3,0,2,0,0,0,1,0,0,1,0,1,0,0,0,0,0,0,0,0,0,0,0,0,0,0,0,0,0,0,0,0,0,0,0,0
3,1,2,3,2,0,2,3,8,5,2,5,5,16,7,9,15,5,13,8,19,12,14,14,17,12,20,33,44,34,28,54,48,55,63,69,57,76,76,83,83,82,117,106,105,107,113,141,137,168,185,169,180,207,236,206,232,256,273,247,315,275,301,288,316,304,332,355,337,318,368,334,384,423,375,406,433,408,388,364,352,389,412,391,392,374,409,368,372,379,385,365,346,314,345,322,325,294,302,283,264,253,241,227,247,225,221,224,220,181,187,200,174,151,134,133,115,155,117,129,94,86,82,78,76,60,78,65,60,60,47,55,42,47,41,34,29,31,33,22,20,19,17,18,16,23,12,8,14,7,9,6,12,5,3,6,5,2,2,3,1,4,0,0,0,2,1,0,0,0,0,1,0,0,0,1,0,0,0,2,0,0,1,0,0,1,0,0,0,0,0,0,0,0,0,0,0,0,0,0
2,1,1,3,5,2,1,5,3,4,4,2,6,6,6,8,8,15,15,13,13,14,12,16,28,20,27,19,39,37,32,45,53,48,60,71,62,66,84,90,87,95,104,115,102,128,127,122,152,177,174,184,185,209,204,237,182,264,246,279,269,275,267,292,312,330,325,377,367,339,354,325,391,346,382,395,403,346,365,358,361,394,386,352,390,381,378,354,396,371,368,330,334,320,343,305,317,300,280,256,290,236,225,222,227,197,207,195,195,170,193,176,181,133,125,143,117,142,103,104,108,85,79,87,80,85,57,68,47,63,45,36,43,33,39,31,32,34,29,16,14,24,19,16,6,18,8,4,6,10,4,5,1,4,6,10,5,5,1,1,2,1,2,2,0,1,1,0,0,0,0,1,0,1,0,0,0,0,0,0,0,1,0,0,0,0,0,0,0,0,0,0,0,0,0,0,0,0,0,0
3,1,1,5,0,1,0,0,6,4,4,2,6,10,12,9,10,7,14,8,10,18,21,20,28,18,29,30,35,34,37,56,50,51,64,81,61,89,85,86,73,94,111,134,92,116,123,132,173,175,170,196,166,215,205,220,203,241,267,254,271,253,275,298,313,291,349,324,357,345,389,345,380,347,338,378,372,424,369,388,337,357,374,342,374,389,374,344,328,329,377,328,321,310,316,273,317,272,287,281,265,237,245,243,220,219,233,215,169,190,191,137,168,158,144,133,128,127,97,87,100,85,67,78,93,63,68,57,59,61,47,36,52,30,30,29,29,31,22,30,18,23,14,11,11,14,12,10,7,3,9,5,6,3,0,4,3,0,3,3,2,2,1,2,0,3,1,0,0,0,0,0,0,1,0,1,0,0,0,0,0,0,0,0,0,0,0,0,0,0,0,0,0,0,0,0,0,0,0,0
3,0,0,4,0,1,4,1,2,2,6,5,3,6,6,8,12,8,8,7,17,7,19,18,15,19,19,32,40,25,35,49,45,36,60,72,65,66,80,77,88,71,123,96,128,132,142,139,156,178,164,169,186,233,201,219,240,237,249,246,287,257,276,270,315,306,343,336,326,334,337,323,349,354,381,357,362,366,347,361,348,378,359,352,357,360,328,346,308,313,307,326,289,285,315,309,276,258,277,255,257,246,232,205,183,217,190,176,166,154,187,131,167,147,112,124,104,121,107,104,84,67,79,65,69,66,59,50,39,42,52,43,49,39,24,30,27,26,25,16,19,17,15,11,15,11,13,10,5,5,4,6,1,4,5,3,1,7,3,0,4,2,2,1,0,1,1,0,0,0,0,1,0,0,0,0,0,0,0,0,0,0,0,0,0,0,0,0,0,0,0,0,0,0,0,0,0,0,0,0
2,0,0,1,1,2,4,3,7,4,7,5,3,2,8,11,16,10,11,6,11,14,13,15,20,14,27,32,33,30,42,45,51,59,51,68,68,93,92,78,87,100,103,100,112,123,116,141,163,162,156,180,176,194,211,236,219,246,223,262,261,271,283,313,308,328,303,327,320,319,330,331,329,378,352,346,399,357,348,338,350,317,353,340,352,377,339,355,332,317,305,306,290,279,297,277,283,272,259,266,217,196,219,206,185,194,192,163,180,153,139,142,131,146,116,131,108,119,90,92,74,93,74,79,57,59,56,46,50,55,46,38,39,27,28,37,22,28,20,19,15,20,11,11,17,12,7,7,6,6,4,1,3,3,6,8,1,5,0,3,0,0,0,0,0,0,0,0,1,2,0,0,0,0,0,0,0,1,0,0,0,0,0,0,0,0,0,0,0,0,0,0,0,0,0,0,0,0,0,0
1,0,0,4,2,0,3,0,8,2,3,4,11,4,5,8,13,14,8,11,14,16,25,25,21,18,34,39,36,28,17,38,42,63,69,85,62,69,68,82,75,95,107,118,118,138,141,160,136,174,168,174,196,197,209,224,208,240,241,266,298,275,295,272,282,296,285,335,300,327,325,324,349,340,351,385,344,326,325,308,333,320,331,338,309,334,342,309,322,296,305,269,275,238,279,271,247,262,259,257,249,185,208,223,176,151,177,174,162,158,140,135,187,121,107,114,108,99,99,89,81,66,62,53,59,52,51,58,49,57,47,33,37,39,32,24,23,26,23,17,27,9,17,4,13,24,7,9,6,6,12,5,9,3,1,5,4,2,3,7,0,2,1,2,0,0,1,0,0,1,0,1,0,0,0,0,0,0,0,1,0,0,1,0,0,0,0,0,0,0,0,0,0,0,0,0,0,0,0,0
3,3,1,7,1,0,2,1,3,2,5,9,5,7,7,7,8,6,10,8,19,9,17,24,23,18,19,32,37,38,39,52,53,66,54,64,62,66,84,77,82,88,99,111,120,119,137,141,145,164,168,182,184,188,221,193,243,235,209,243,299,277,259,269,260,288,287,310,330,319,308,322,337,350,351,357,344,318,330,303,342,304,312,298,320,314,301,316,272,258,289,246,248,237,283,250,258,220,243,251,219,184,176,195,159,193,164,150,152,150,149,145,152,150,123,110,91,102,70,103,102,78,75,63,65,53,63,42,46,46,33,39,34,21,26,24,19,25,22,22,12,13,16,7,14,15,9,3,3,4,7,4,9,3,2,4,0,7,2,3,1,3,3,1,0,2,0,0,0,1,1,1,1,1,0,0,0,1,0,1,0,1,0,0,0,0,0,0,0,0,0,0,0,0,0,0,0,0,0,0
1,1,0,3,3,0,2,1,4,3,8,4,4,3,3,8,7,5,14,11,14,9,16,23,17,12,26,31,24,37,33,45,49,52,61,63,58,77,69,96,91,94,101,93,116,116,137,150,147,153,150,173,194,204,215,210,220,238,210,229,279,266,279,278,258,314,297,307,308,315,344,330,319,355,320,333,376,322,286,308,350,332,309,309,358,311,333,318,277,290,291,272,257,268,263,259,252,240,234,233,244,206,153,190,183,169,162,148,172,151,143,110,138,112,103,97,99,95,88,87,80,52,54,59,60,43,50,50,47,34,45,35,32,28,22,25,21,14,16,12,16,16,16,14,8,13,9,8,7,2,5,6,3,2,7,5,3,1,1,1,2,4,5,1,1,0,1,0,1,0,0,0,0,0,1,0,0,0,0,0,0,0,0,0,0,0,0,0,0,0,0,0,0,0,0,0,0,0,0,0
5,3,1,4,2,6,1,1,3,5,3,3,2,9,7,12,9,8,9,13,11,13,16,17,21,22,27,31,23,40,37,41,52,62,56,63,69,68,65,75,82,85,113,135,122,133,139,137,147,181,171,173,184,209,225,193,207,228,223,247,276,257,246,278,286,325,308,287,300,287,303,303,311,361,327,268,338,328,288,284,318,326,304,295,282,277,302,268,267,251,270,261,216,217,242,240,237,208,221,169,189,169,191,161,145,160,156,142,121,119,121,144,117,118,92,113,105,88,79,84,70,72,70,61,52,45,59,44,38,32,34,32,33,29,33,19,22,26,21,10,14,12,20,5,11,11,10,4,11,3,8,7,8,4,5,12,3,8,0,2,0,6,1,0,1,2,0,0,1,1,0,0,1,0,0,0,0,0,0,1,0,0,0,0,0,0,0,0,0,0,0,0,0,0,0,0,0,0,0,0
4,1,1,4,0,0,3,3,4,2,6,7,4,7,2,7,5,8,11,9,18,13,12,21,19,18,26,30,39,31,38,42,47,46,57,60,58,70,79,74,83,86,86,111,112,124,129,148,146,164,136,160,204,190,193,212,188,248,194,206,249,267,235,273,281,310,268,334,309,270,307,305,316,329,305,310,307,326,312,315,310,288,315,308,294,277,321,266,268,251,230,286,273,257,248,229,233,222,243,202,191,189,165,177,176,163,159,136,138,145,131,108,129,109,103,91,81,100,76,81,68,59,63,52,44,48,41,47,36,25,34,36,41,22,20,18,28,21,14,20,17,14,7,12,9,11,5,10,9,6,2,6,6,2,1,2,0,0,2,2,2,1,1,2,0,1,1,0,0,1,0,0,0,1,0,0,0,0,0,0,0,0,0,0,0,0,0,0,0,0,0,0,0,0,0,0,0,0,0,0
1,1,2,6,1,2,3,2,0,2,8,4,3,9,3,7,11,11,19,7,16,11,12,19,14,23,23,36,26,34,34,34,59,48,70,66,61,68,80,70,80,97,102,119,126,123,138,138,137,132,161,157,156,224,207,205,189,263,232,232,256,241,257,218,250,298,274,305,249,304,277,301,319,318,337,290,302,321,303,310,281,334,338,268,302,274,285,269,270,237,237,228,242,247,209,205,236,203,208,200,200,201,173,157,126,151,163,133,120,140,118,107,104,79,102,92,91,82,80,77,56,58,56,54,56,46,37,38,37,32,28,31,31,25,20,18,24,15,19,12,5,11,9,8,12,8,7,7,3,5,5,8,4,4,4,7,0,4,1,3,0,3,1,2,0,0,0,0,0,1,0,2,0,0,0,0,0,0,0,0,0,1,0,0,0,0,0,0,0,0,0,0,0,0,0,0,0,0,0,0
2,1,1,4,0,0,2,3,1,3,3,4,4,8,6,10,7,10,14,19,19,9,13,24,18,16,27,29,24,31,34,45,45,51,67,52,72,98,76,87,91,96,116,115,131,115,119,136,146,172,147,172,182,192,209,214,188,235,241,243,229,250,229,263,253,257,274,310,303,309,305,278,258,316,279,288,309,286,274,269,301,263,307,274,313,274,313,244,262,249,232,233,235,192,255,218,228,170,208,200,178,136,157,143,151,117,124,148,129,126,105,112,118,106,94,110,82,81,59,78,75,61,55,52,56,40,62,34,38,36,33,18,33,20,10,19,22,16,9,8,10,15,9,12,5,10,6,3,4,8,5,4,5,3,0,6,1,2,2,1,2,3,2,0,0,1,0,0,0,1,1,0,1,1,0,0,0,0,0,0,0,0,0,0,0,1,0,0,0,0,0,0,0,0,0,0,0,0,0,0
2,0,0,1,2,3,3,1,2,1,5,5,4,5,7,5,5,8,19,12,14,12,6,24,13,13,26,40,38,23,32,37,45,45,62,67,70,77,73,75,75,72,103,99,129,127,121,127,136,153,150,175,156,175,192,210,195,252,218,233,221,229,249,242,267,249,249,326,257,318,276,287,317,303,278,247,258,280,271,284,279,276,298,260,255,242,250,224,216,247,217,249,231,188,194,203,207,218,191,185,163,164,156,152,149,121,127,111,125,103,123,102,107,83,98,74,79,78,78,65,50,67,45,47,42,45,41,32,34,32,33,27,22,23,22,19,15,14,21,18,8,8,13,11,9,5,6,6,2,4,1,3,9,4,0,5,2,4,2,2,4,0,2,4,0,0,1,0,0,0,0,1,0,1,0,0,0,0,0,0,0,0,2,0,0,0,0,0,0,0,0,0,0,0,0,0,0,0,0,0
3,1,1,4,0,0,1,4,5,0,1,1,4,7,6,5,9,7,15,9,9,19,12,15,19,15,30,31,25,23,42,46,62,44,44,63,76,76,64,64,98,91,105,94,105,119,114,109,148,139,134,160,166,162,185,200,179,218,204,205,229,233,234,240,252,263,276,287,294,279,251,242,285,306,288,259,276,275,295,298,263,258,242,238,263,230,258,229,252,226,212,222,215,193,192,197,178,213,185,183,158,150,155,141,147,136,142,120,115,108,113,88,90,99,89,83,79,86,68,65,41,43,51,40,45,44,39,33,31,33,27,23,26,20,27,20,19,25,17,9,10,14,6,5,8,15,9,11,8,6,3,4,3,3,1,1,1,1,3,0,2,1,1,0,0,1,0,0,0,1,0,0,0,0,0,0,0,0,0,0,0,0,0,0,0,0,0,0,0,0,0,0,0,0,0,0,0,0,0,0
0,3,0,4,0,0,1,3,4,1,4,2,6,10,5,6,6,5,8,9,13,14,14,19,27,18,21,25,32,32,34,33,55,50,54,56,64,76,65,73,83,94,126,102,110,115,126,126,137,143,149,160,158,202,185,205,203,219,193,218,253,242,219,244,261,247,252,296,256,245,272,296,285,289,275,277,273,270,258,270,277,256,258,256,269,248,240,228,198,235,203,205,223,200,214,180,194,153,193,174,165,143,140,124,135,118,126,130,115,115,101,76,103,89,91,63,69,72,57,61,66,44,61,48,39,31,31,32,38,32,38,25,17,18,17,17,23,15,18,10,10,13,11,8,9,11,5,5,4,1,2,5,1,2,2,0,1,2,4,1,1,2,0,1,0,1,1,0,0,0,0,0,1,1,0,0,0,1,0,0,0,0,0,0,0,0,0,0,0,0,0,0,0,0,0,0,0,0,0,1
2,0,0,5,0,1,1,2,4,1,2,2,4,3,6,13,4,6,8,7,12,19,14,15,23,21,35,27,28,29,33,38,41,40,43,65,56,76,76,77,85,75,101,101,109,108,126,115,137,174,145,157,161,171,192,186,159,216,199,226,230,246,219,235,256,277,248,280,239,241,287,266,268,286,246,261,287,278,251,291,262,243,228,248,216,239,262,233,238,203,201,224,206,191,193,224,172,167,170,144,168,142,122,146,129,116,129,120,96,87,111,80,98,78,82,81,69,57,68,60,54,56,42,42,36,31,30,21,31,31,25,24,21,25,15,26,16,11,18,9,9,6,7,7,11,3,3,6,1,6,2,6,4,5,1,2,1,2,1,2,1,0,0,0,0,0,0,0,0,1,0,1,0,0,0,0,0,0,0,1,0,0,0,0,0,0,0,0,0,0,0,0,0,0,0,0,0,0,0,0
2,1,0,3,3,1,1,0,3,1,4,6,9,5,5,8,4,9,9,14,12,7,17,15,15,11,23,26,25,18,22,46,35,45,64,59,64,50,90,69,80,72,76,112,114,100,127,111,138,126,141,160,147,186,186,188,194,195,218,209,256,203,252,237,214,268,264,279,251,274,262,246,292,250,274,233,275,296,247,202,239,225,258,219,220,208,240,228,233,207,196,200,181,213,224,180,170,169,166,155,170,149,133,127,125,118,129,118,112,102,103,78,107,76,84,65,62,52,55,55,41,51,60,34,45,43,33,40,37,23,19,24,15,23,18,19,19,13,14,11,11,8,14,4,7,5,6,6,1,2,3,4,2,2,1,2,2,2,1,0,1,0,1,0,0,0,0,0,0,0,0,1,0,0,0,1,0,0,0,1,0,0,0,0,0,0,0,0,0,0,0,0,0,0,0,0,0,0,0,0
0,1,0,2,0,0,3,0,3,2,1,3,0,7,2,11,9,10,9,10,15,17,9,13,17,18,23,31,25,29,25,38,39,45,41,70,64,70,66,84,78,79,101,112,96,132,141,114,114,153,162,149,167,161,185,195,161,174,205,194,232,200,216,216,227,267,208,234,237,246,251,240,273,263,240,250,268,254,219,252,239,236,234,207,216,224,221,220,198,210,194,192,205,174,192,196,178,155,164,121,163,136,113,123,137,112,100,107,107,97,89,68,81,75,71,70,55,71,46,64,55,60,47,25,38,37,42,27,38,24,25,22,23,17,24,20,14,14,10,11,5,11,8,8,8,7,6,6,2,4,2,6,6,1,1,4,1,3,3,5,0,2,1,0,1,1,1,0,0,0,0,0,1,0,0,2,0,0,0,0,0,0,0,0,0,0,0,0,0,0,0,0,0,0,0,0,0,0,0,1
3,2,1,2,3,2,4,0,5,2,3,5,7,4,5,11,8,10,5,13,11,18,19,15,16,19,25,26,27,21,39,39,49,51,42,55,61,80,77,77,69,70,87,97,100,105,105,117,145,148,115,143,162,175,175,170,191,205,177,199,236,191,199,215,227,241,247,271,196,245,239,274,231,281,268,252,260,243,257,245,246,209,258,221,221,219,233,229,198,207,218,204,174,197,190,166,162,154,150,161,152,111,116,102,110,111,88,96,119,99,78,82,78,83,71,67,44,52,60,55,46,38,42,36,30,34,23,39,34,26,31,16,26,18,9,20,17,16,5,5,12,14,6,7,10,5,7,0,4,0,3,3,3,0,1,6,1,0,0,2,3,2,0,1,0,0,1,0,1,0,0,0,0,0,0,1,0,0,0,0,0,0,0,0,0,0,0,0,0,0,0,0,0,0,0,0,0,0,0,0
2,0,1,2,1,1,3,6,2,3,4,4,8,4,9,7,10,9,12,3,5,5,13,17,27,16,20,29,44,33,19,36,36,45,40,63,51,79,81,65,86,80,98,98,98,127,104,111,118,139,119,166,167,172,187,167,201,195,196,196,203,201,208,230,248,232,234,222,209,205,214,238,236,245,220,241,235,200,232,235,239,218,216,189,213,263,221,199,195,173,206,166,166,171,191,160,142,146,138,139,139,123,118,95,114,121,90,84,78,83,94,70,95,72,67,65,67,58,45,46,46,36,31,26,45,30,34,28,26,25,12,26,30,17,15,17,8,10,9,8,4,11,4,10,8,8,1,6,5,2,3,1,3,3,1,3,1,0,0,2,0,0,2,0,0,0,1,0,0,0,0,0,0,0,0,0,0,0,0,0,0,0,0,0,0,0,0,0,0,0,0,0,0,0,0,0,0,0,0,0
5,1,0,4,0,1,2,1,3,3,6,1,7,6,7,9,9,9,12,6,19,10,12,14,12,26,23,34,30,28,32,46,44,49,50,58,41,73,95,70,66,66,101,102,109,116,100,124,132,121,120,152,138,174,155,181,157,185,162,165,224,217,208,201,188,218,219,247,224,243,242,241,223,241,211,238,250,220,195,238,233,234,228,230,180,194,237,223,182,210,192,150,165,161,166,147,138,150,140,123,130,126,102,111,111,105,112,83,100,76,75,77,71,65,67,55,52,46,47,60,43,44,45,28,34,48,42,30,23,25,24,12,19,10,17,14,14,11,17,12,12,13,9,4,6,10,6,6,4,3,2,5,5,3,2,5,1,1,3,0,2,2,1,0,0,1,0,0,0,0,0,0,0,0,1,3,0,0,0,1,0,1,0,0,0,0,0,0,0,0,0,0,0,0,0,0,0,0,0,1
2,1,0,3,1,0,1,3,3,3,5,4,2,8,5,8,17,7,8,10,13,15,18,15,23,16,23,17,32,22,28,34,36,45,61,64,45,69,81,75,90,67,96,99,108,97,91,104,134,137,132,131,143,143,164,180,162,209,176,200,188,227,207,196,217,228,182,238,221,252,227,227,220,243,202,238,229,261,228,235,211,201,223,191,197,191,194,181,162,170,165,150,155,170,155,151,154,146,138,110,129,105,107,96,105,106,114,114,87,71,81,71,58,64,60,59,59,55,41,55,48,31,34,28,35,26,35,23,21,27,23,21,25,18,14,13,20,8,10,8,10,7,4,6,11,4,3,2,1,3,3,1,2,4,3,3,0,3,0,0,1,1,0,0,0,1,1,0,0,0,0,0,0,1,0,0,0,0,0,0,0,0,0,0,0,0,0,0,0,0,0,0,0,0,0,0,0,0,0,0
2,1,0,0,2,0,3,0,4,1,1,3,5,6,4,10,15,6,6,12,12,2,13,21,18,15,14,23,37,28,31,35,44,40,42,61,47,69,75,78,58,59,86,86,102,101,105,132,127,129,119,133,152,162,154,165,177,200,182,191,177,208,186,208,202,213,198,228,224,219,224,189,245,263,220,213,205,210,192,201,178,205,202,190,181,184,188,178,169,170,179,155,158,157,141,137,146,138,139,136,137,123,112,118,96,89,105,96,83,85,99,80,80,77,54,62,54,42,45,49,42,42,37,42,31,30,29,28,20,27,18,17,20,23,15,11,12,9,13,11,6,9,6,6,8,7,6,6,7,3,3,5,3,4,3,3,3,2,2,2,0,2,3,0,0,0,2,0,0,0,1,0,0,0,0,0,0,1,0,0,0,0,0,0,0,0,0,0,0,0,0,0,0,0,0,0,0,0,0,0
1,2,1,3,0,3,2,3,2,1,6,9,8,6,2,6,14,6,7,9,8,12,12,19,13,18,16,23,25,39,36,34,50,46,43,67,46,68,76,66,78,67,85,90,92,105,101,116,120,134,134,134,130,172,168,176,164,206,181,180,196,199,175,194,231,221,228,226,209,235,212,229,220,190,213,239,208,193,213,209,185,195,217,187,202,185,195,198,202,157,163,136,156,164,157,135,158,128,133,132,122,90,105,96,94,84,91,85,84,71,74,68,65,71,37,55,49,42,46,36,28,36,29,25,29,25,32,25,15,19,15,15,19,19,8,20,18,8,6,9,4,11,8,6,2,7,4,1,2,3,3,5,2,3,2,3,0,1,0,1,1,3,1,0,3,2,0,0,0,1,0,0,0,0,0,0,0,0,0,0,0,0,0,0,0,0,0,0,0,0,0,0,0,0,0,0,0,0,0,0
2,2,0,0,1,1,2,0,3,1,4,2,5,3,7,7,9,6,9,15,9,13,17,15,11,12,26,27,23,30,31,33,45,41,47,44,47,50,73,55,60,83,94,86,114,114,103,116,108,103,128,128,153,156,151,150,151,176,169,189,215,192,201,199,207,206,180,197,182,221,193,201,239,206,224,241,190,225,207,186,201,195,192,147,177,183,164,176,188,166,181,170,130,149,142,131,114,119,139,101,119,121,94,111,94,83,83,89,71,53,67,59,72,53,53,60,35,53,38,31,35,39,25,31,30,23,26,22,19,21,8,14,15,14,13,10,8,10,7,12,7,9,9,9,2,8,3,7,6,6,2,4,4,2,1,3,3,3,2,0,1,0,0,2,0,1,0,0,0,0,0,0,0,1,0,0,0,0,0,0,0,0,0,0,0,0,0,0,0,0,0,0,0,0,0,0,0,0,0,0
0,2,0,6,1,2,0,1,3,5,5,4,4,7,6,7,11,6,11,11,11,12,12,15,10,17,20,21,29,23,32,32,48,41,42,54,54,60,66,73,60,62,86,89,78,97,85,99,114,125,127,104,120,130,163,153,143,175,164,156,182,209,168,190,181,195,196,197,209,177,220,218,225,215,245,202,194,211,186,215,177,160,198,163,186,150,194,176,154,134,163,142,153,141,124,134,142,111,119,120,109,108,79,88,94,70,74,74,70,74,73,68,50,68,53,65,46,56,35,45,24,34,39,30,35,25,29,17,22,17,23,15,14,17,16,5,14,11,3,8,2,10,6,3,6,6,5,7,2,4,5,5,4,2,2,2,2,2,0,2,1,1,1,0,0,2,1,0,0,1,1,0,0,1,0,0,0,0,0,0,0,0,0,0,0,0,0,0,0,0,0,0,0,0,0,0,0,0,0,1
3,1,0,2,1,0,0,0,5,3,4,5,3,5,4,5,9,9,11,12,5,10,16,16,18,13,24,35,23,34,24,35,36,49,34,65,62,67,60,61,70,61,97,93,87,88,87,115,125,134,108,121,138,148,162,158,140,166,163,171,192,169,204,148,171,191,218,229,202,190,197,227,226,198,187,176,198,182,188,171,205,188,195,171,168,168,184,163,157,164,147,149,131,126,145,118,138,112,123,114,99,101,90,72,80,95,66,70,70,68,63,73,47,49,53,61,52,45,38,37,53,26,27,31,25,31,27,23,25,18,13,11,14,14,10,18,6,15,3,9,2,13,7,7,4,1,5,0,3,3,2,0,0,1,4,4,0,3,1,0,1,0,2,0,1,1,0,0,0,1,0,0,0,0,0,0,0,0,0,0,0,0,0,0,0,0,0,0,0,0,0,0,0,0,0,0,0,0,0,0
3,0,0,3,0,0,1,2,3,6,5,4,4,1,2,6,10,7,9,10,12,11,15,10,15,13,24,21,18,22,34,32,30,34,45,57,45,65,67,52,64,71,76,88,95,89,78,104,125,129,107,135,132,142,142,146,152,192,158,159,180,173,179,188,178,193,187,203,191,177,203,203,195,208,194,207,178,219,183,171,168,158,186,177,152,160,168,155,154,148,142,129,143,154,121,137,126,117,101,107,98,93,90,92,75,70,81,66,78,64,72,59,63,57,46,46,37,37,37,38,28,36,27,27,18,20,25,24,23,15,15,12,8,17,20,12,8,5,7,4,9,6,4,0,5,3,2,5,3,2,6,3,4,3,2,3,1,3,2,3,1,1,0,0,0,0,1,0,1,0,0,0,0,0,0,0,0,1,0,0,0,0,0,0,0,0,0,0,0,0,0,0,0,0,0,0,0,0,0,0
1,0,0,0,1,0,4,2,0,2,3,4,6,8,6,7,8,7,9,14,9,18,12,13,17,13,24,24,28,44,31,27,35,45,49,51,54,67,62,72,60,67,81,72,69,103,100,100,110,140,102,125,115,129,144,151,133,173,140,178,184,162,182,179,158,217,181,196,176,180,179,182,205,196,173,188,180,192,166,186,177,151,165,141,187,163,175,165,154,145,120,127,117,118,106,115,128,121,103,98,95,81,90,74,88,68,71,76,71,49,57,50,49,51,40,36,39,49,38,33,27,35,23,30,38,26,26,23,14,20,18,15,7,10,14,14,12,11,8,5,7,5,3,5,4,5,4,6,0,2,5,2,0,4,0,3,0,2,2,1,3,0,0,0,0,0,0,0,1,0,0,0,0,0,0,1,0,1,0,0,0,0,0,0,0,0,0,0,0,0,0,0,0,0,0,0,0,0,0,0
1,0,0,3,1,1,0,4,2,4,6,4,6,4,4,6,8,5,10,10,15,14,15,17,12,14,16,24,26,26,27,27,38,44,41,59,39,49,54,51,63,72,64,80,97,105,105,95,96,114,91,115,127,141,134,139,120,148,138,165,161,171,171,173,174,189,196,206,179,209,169,206,201,194,213,199,175,171,167,183,170,169,186,152,130,170,143,173,151,122,145,127,118,126,128,121,110,100,105,99,98,81,84,68,83,75,71,65,72,58,60,52,49,45,48,37,37,24,49,43,32,16,37,32,18,25,26,19,21,21,13,21,18,10,10,12,12,12,8,2,10,5,2,2,7,1,2,1,2,3,3,2,5,1,2,2,0,1,0,1,3,2,1,1,0,0,0,0,0,0,0,0,0,2,0,0,0,0,0,0,0,0,0,0,0,1,0,0,0,0,0,0,0,0,0,0,0,0,0,0
2,2,0,0,0,1,2,2,3,2,2,1,2,6,2,2,7,8,10,8,12,14,7,12,15,20,15,27,17,14,20,31,36,56,51,53,49,51,61,58,50,59,79,78,78,83,96,102,105,132,115,119,116,139,131,139,144,181,135,153,171,155,174,183,148,165,177,181,180,169,181,193,178,189,162,181,200,157,160,181,174,146,161,168,142,154,178,150,156,127,112,113,124,107,108,107,103,123,114,94,92,82,75,63,85,64,57,63,80,56,63,45,52,45,42,42,38,42,39,41,35,23,21,20,21,31,13,17,16,15,10,16,12,14,11,4,12,9,8,6,5,7,2,7,4,4,5,6,4,0,2,4,1,3,1,1,0,0,0,0,0,1,0,1,0,2,0,0,0,0,0,0,0,0,0,0,0,0,0,0,0,0,0,0,0,0,0,0,0,0,0,0,0,0,0,0,0,0,0,0
4,0,0,1,1,0,2,0,1,2,3,2,8,6,4,7,5,4,15,3,14,15,8,24,12,12,19,28,21,20,29,28,26,39,39,49,47,54,60,55,60,61,80,97,100,98,82,102,118,118,101,121,108,115,128,143,127,137,123,150,167,150,148,148,183,197,160,183,180,192,152,166,186,168,202,174,185,162,146,157,201,170,150,169,142,145,146,121,140,132,124,121,113,112,111,108,95,99,90,97,86,70,80,77,75,61,62,61,63,55,64,55,37,42,40,51,45,47,34,29,28,27,32,19,31,23,16,15,18,20,17,12,16,14,10,8,3,11,5,3,4,5,6,5,4,3,0,1,0,3,5,1,1,3,0,1,2,2,0,1,0,0,1,0,0,0,0,0,0,0,0,0,0,0,0,0,0,0,0,0,0,0,0,0,0,0,0,0,0,0,0,0,0,0,0,0,0,0,0,1
3,2,0,4,0,1,0,2,2,2,4,2,7,5,2,7,7,8,7,10,13,7,10,12,13,12,12,28,29,19,22,35,36,34,35,47,62,60,54,60,68,58,65,63,91,82,87,92,103,97,103,136,112,133,147,133,123,141,153,159,160,157,143,138,177,160,164,176,177,158,178,156,212,169,162,169,176,179,162,128,165,159,151,129,138,139,123,128,114,116,100,120,121,106,110,106,100,88,108,89,84,77,89,73,70,68,57,54,56,43,59,52,58,44,31,32,37,40,26,29,31,33,26,26,25,17,12,14,18,18,9,12,13,10,10,17,6,11,5,8,5,3,7,2,4,3,2,1,1,2,2,4,2,2,5,2,0,2,1,0,3,1,0,0,0,0,0,0,1,0,0,0,0,0,0,0,0,0,0,0,0,0,0,0,0,0,0,0,0,0,0,0,0,0,0,0,0,0,0,0
0,1,0,1,0,0,1,2,2,0,7,1,5,5,3,3,13,8,8,11,9,8,9,15,15,16,17,25,21,19,22,26,37,25,40,48,54,50,60,57,61,62,64,74,107,67,82,85,100,104,105,110,108,125,130,122,125,138,153,142,150,153,161,168,146,167,158,168,175,169,144,159,178,174,169,199,172,172,160,155,143,142,148,147,143,148,161,150,128,144,112,123,118,118,102,82,98,88,90,93,81,76,85,66,61,65,59,63,63,48,65,40,47,39,44,40,28,41,42,29,19,23,19,12,24,16,18,16,29,22,11,9,12,12,8,9,5,8,5,4,7,10,8,2,4,6,3,5,0,3,3,4,1,2,0,1,1,3,0,2,1,0,1,1,0,1,1,0,0,0,1,0,0,0,0,0,0,0,0,0,0,0,0,0,0,0,0,0,0,0,0,0,0,0,0,0,0,0,0,0
1,2,0,2,2,2,3,1,4,4,5,2,3,5,2,9,1,6,11,6,10,11,9,14,19,12,14,22,25,15,25,29,27,46,38,50,49,62,56,53,61,57,76,64,95,87,94,83,89,112,98,113,120,116,108,135,132,140,145,142,150,135,158,148,140,152,160,172,155,179,157,158,163,181,162,158,173,152,137,150,134,130,137,136,142,135,127,142,121,129,139,113,100,111,123,103,80,99,102,96,95,62,61,50,65,58,57,53,50,42,50,44,51,55,35,37,32,36,25,37,29,21,29,17,14,19,19,16,17,15,12,13,12,7,6,7,10,3,2,4,9,8,4,4,3,5,2,1,1,3,3,3,3,2,0,2,1,3,3,0,1,0,0,0,0,0,1,0,0,0,0,0,0,0,0,0,0,0,0,0,0,0,0,0,0,0,0,0,0,0,0,0,0,0,0,0,0,0,0,0
1,0,0,1,0,3,0,0,5,3,3,1,3,2,4,8,7,6,9,6,10,12,14,18,16,17,19,16,23,18,28,27,43,33,48,37,45,49,51,55,45,47,68,71,78,94,86,100,83,97,99,130,103,118,120,129,126,123,131,131,159,133,137,133,156,170,144,151,152,143,163,180,143,163,155,140,178,160,145,142,132,141,139,116,123,126,136,116,113,119,118,98,93,102,98,90,90,79,105,74,89,73,74,73,72,64,49,44,60,47,60,47,47,43,25,29,42,44,38,24,25,27,27,12,20,18,16,11,18,7,16,7,10,8,5,5,7,8,6,2,3,3,11,6,3,2,1,4,3,0,1,4,1,5,1,2,4,2,0,3,0,0,1,2,0,1,1,0,0,0,2,1,0,0,0,1,0,0,0,0,0,1,0,0,0,0,0,0,0,0,0,0,0,0,0,0,0,0,0,0
0,1,1,3,2,2,3,0,4,3,3,3,2,8,5,6,9,4,7,11,8,8,11,14,15,15,13,22,21,20,19,26,32,40,34,51,48,51,71,47,49,57,53,76,80,85,65,96,111,100,85,93,109,119,140,133,144,135,117,145,145,152,143,144,136,192,138,149,152,148,158,175,137,164,145,156,152,132,130,132,138,134,167,128,111,132,119,125,107,105,107,118,114,97,97,87,93,91,82,76,82,60,67,54,66,68,35,56,40,49,52,45,41,38,40,30,32,24,33,27,25,21,23,21,14,15,26,10,11,13,12,9,8,6,16,13,11,10,4,6,5,9,3,1,2,7,2,2,5,2,4,0,0,1,0,2,0,0,0,0,0,0,0,1,0,0,0,0,0,0,0,0,0,0,0,0,0,0,0,0,0,2,1,0,0,0,0,0,0,0,0,0,0,0,0,0,0,0,0,0
3,1,0,3,2,1,0,3,2,2,4,6,2,8,4,5,4,0,8,5,11,4,8,14,9,12,14,19,22,15,38,32,31,33,32,59,44,53,61,49,64,48,66,73,65,80,81,77,86,96,108,112,108,108,137,130,143,131,147,129,137,175,127,126,160,181,147,135,124,159,145,146,155,140,138,147,148,124,129,123,119,120,147,121,127,127,138,111,105,104,120,115,95,108,92,99,83,65,86,67,86,54,57,70,60,44,48,35,39,40,46,41,36,29,34,47,41,30,30,32,25,24,18,17,8,12,13,24,12,7,6,11,9,11,6,4,7,11,9,5,6,7,3,3,4,2,1,0,2,2,5,1,2,0,0,1,3,1,2,0,1,0,0,1,0,0,0,0,0,1,0,0,1,0,0,0,0,0,0,1,0,0,0,0,0,0,0,0,0,0,0,0,0,0,0,0,0,0,0,0
3,2,0,2,1,0,0,3,1,3,4,2,1,2,6,3,5,4,6,11,10,11,11,9,14,23,14,19,19,18,21,36,31,34,44,36,42,33,61,37,68,69,77,70,76,87,73,93,96,90,86,100,104,89,110,108,105,115,114,115,148,131,145,123,133,147,147,155,134,138,142,144,139,160,150,134,126,125,127,135,131,132,144,140,113,117,111,124,107,111,89,92,91,85,93,94,83,67,79,67,62,54,68,45,42,59,63,44,36,44,38,50,34,36,34,38,29,35,13,30,24,20,21,15,25,15,20,11,17,11,10,8,12,4,7,7,9,5,5,1,2,9,3,2,4,4,2,5,1,0,0,0,1,0,0,4,1,0,0,0,0,0,1,0,0,0,0,0,0,1,0,0,0,1,0,2,0,0,0,1,0,0,0,0,0,0,0,0,0,0,0,0,0,0,0,0,0,0,0,0
2,1,0,3,0,0,0,1,4,4,2,3,1,4,2,9,6,9,6,9,10,10,8,12,15,13,13,25,20,26,22,28,34,25,35,53,27,51,54,48,57,52,64,55,64,68,85,71,87,101,96,109,108,135,115,118,122,107,112,122,132,137,122,145,133,146,147,153,142,127,140,153,141,138,135,144,136,135,130,139,115,119,124,117,120,97,115,119,112,92,84,100,97,83,89,82,89,74,75,70,80,51,49,60,47,42,47,49,48,35,40,36,52,34,35,36,34,24,27,17,19,20,17,20,18,17,15,12,12,13,4,11,3,9,9,11,5,5,7,5,2,4,5,3,1,4,1,2,3,0,4,1,0,2,0,0,1,2,0,1,1,1,1,0,0,0,0,0,0,0,0,0,0,0,0,0,0,0,0,1,0,0,0,0,0,0,0,0,0,0,0,0,0,0,0,0,0,0,0,0
1,0,0,1,1,1,3,2,3,4,7,3,1,3,2,4,10,9,7,8,12,14,10,13,7,18,12,22,22,19,24,30,32,30,43,52,44,44,58,41,56,59,78,79,65,76,80,83,96,85,97,95,107,96,134,121,108,120,111,130,130,110,129,134,146,132,129,163,147,119,143,125,131,147,125,136,140,135,139,125,148,116,126,121,126,109,104,114,97,89,87,113,84,71,79,81,77,72,68,69,65,59,58,60,57,45,61,41,48,45,41,34,44,27,29,25,29,28,26,34,16,18,27,18,20,15,8,13,19,10,8,6,11,9,5,8,2,7,10,4,3,5,3,2,4,3,2,0,2,0,3,1,4,2,1,0,0,1,0,0,0,0,0,0,0,0,0,0,0,0,0,0,0,0,0,0,0,0,0,0,0,2,0,0,0,0,0,0,0,0,0,0,0,0,0,0,0,0,0,0
2,1,0,1,0,0,0,3,3,1,1,1,2,4,2,2,9,4,6,6,8,10,6,16,22,14,21,24,26,21,18,18,24,29,41,45,29,35,53,51,53,54,76,59,68,63,81,77,91,90,93,98,95,115,118,110,101,134,103,137,120,133,134,136,118,131,144,159,123,136,137,129,159,151,133,144,121,125,108,123,126,92,117,115,115,113,102,118,95,101,100,90,79,102,79,92,72,61,84,57,55,43,48,50,48,65,37,41,48,42,27,32,32,37,24,25,23,25,14,23,18,22,15,25,20,10,12,12,15,11,11,8,16,8,6,7,4,10,3,3,7,9,1,5,1,3,1,0,0,2,3,0,1,1,0,2,0,1,0,0,0,1,0,1,0,0,1,1,1,0,0,1,0,1,0,0,0,0,0,0,0,0,0,0,0,0,0,0,0,0,0,0,0,0,0,0,0,0,0,0
0,0,1,0,2,1,4,0,2,3,3,3,4,1,4,10,4,5,11,6,15,5,12,18,12,9,16,20,12,25,23,15,30,28,26,43,38,60,41,52,54,57,64,72,70,71,83,84,71,88,82,102,88,101,109,113,102,114,113,111,122,146,140,134,124,119,126,139,135,150,125,119,145,140,136,122,126,115,119,115,92,99,97,106,116,111,123,99,85,113,85,84,78,78,75,85,77,58,62,57,62,56,48,46,48,33,42,41,50,48,46,32,40,30,27,39,22,42,21,20,12,15,12,13,13,13,13,13,12,8,8,6,4,9,12,8,4,7,5,1,6,7,2,4,1,2,2,2,1,0,2,2,1,1,0,2,0,1,1,1,0,0,0,0,0,0,1,0,1,0,0,0,0,0,0,0,0,0,0,0,0,0,0,0,0,0,0,0,0,0,0,0,0,0,0,0,0,0,0,0
1,0,0,3,0,1,2,3,1,1,4,2,5,2,1,2,5,4,2,4,12,7,12,15,10,13,17,11,25,17,13,28,33,39,29,45,44,40,48,58,37,56,64,61,64,73,74,60,85,100,83,72,86,99,107,119,112,123,114,97,126,123,119,113,125,137,114,152,117,117,127,141,138,119,123,111,148,129,124,118,94,115,127,106,90,96,86,94,83,97,72,83,76,76,96,71,67,64,65,62,80,64,70,53,51,43,57,51,41,35,40,29,23,25,25,28,31,18,23,34,22,13,15,18,11,17,7,10,8,16,6,6,11,6,8,8,8,4,3,9,1,3,6,2,5,5,4,4,1,2,1,1,1,2,3,1,4,1,0,2,2,1,1,0,0,0,0,0,0,0,0,0,0,0,0,0,0,0,0,0,0,0,1,0,0,0,0,0,0,0,0,0,0,0,0,0,0,0,0,0
2,0,0,1,1,0,1,0,1,2,3,5,1,4,3,6,6,1,9,6,11,11,13,3,13,9,11,12,13,12,28,20,24,34,29,56,36,48,53,47,53,39,66,64,68,78,70,72,69,89,65,88,82,111,99,94,81,123,101,111,112,105,104,110,127,128,144,130,125,126,142,138,125,114,143,126,123,124,115,115,133,97,125,109,111,113,105,77,68,112,94,64,68,85,69,75,59,75,63,63,68,42,47,55,43,43,44,43,42,30,39,29,34,39,14,36,19,30,25,28,17,19,9,16,17,12,16,13,7,9,7,11,10,6,4,6,8,3,9,4,1,0,3,4,4,1,3,2,1,0,3,0,0,0,0,2,0,1,0,0,2,0,0,0,0,0,0,0,0,0,0,0,0,0,0,0,0,0,0,0,0,0,0,0,0,0,0,0,0,0,0,0,0,0,0,0,0,0,0,0
2,0,0,3,0,1,0,1,7,2,3,2,2,2,2,4,8,6,1,10,8,11,8,10,10,14,18,18,19,16,20,24,29,28,32,40,38,41,35,40,64,58,64,66,56,67,57,83,76,95,80,113,98,92,86,110,113,106,102,98,123,113,104,117,116,120,111,122,139,105,131,110,132,107,113,130,114,126,93,113,107,106,106,102,113,94,91,92,87,75,82,76,74,74,71,65,64,75,71,54,63,50,50,40,60,42,28,46,43,29,30,32,31,27,30,15,23,20,23,21,16,9,11,11,21,11,10,9,8,10,11,10,5,8,5,8,5,5,6,3,3,7,6,4,1,4,3,3,3,2,1,0,2,1,0,0,0,1,0,0,0,0,0,0,0,0,1,0,0,0,0,0,0,0,0,0,0,0,0,0,0,0,0,0,0,0,0,0,0,0,0,0,0,0,0,0,0,0,0,0
1,1,1,2,2,0,0,1,2,2,3,1,3,7,3,3,13,10,6,5,8,4,9,13,13,10,11,19,21,18,13,21,37,36,37,32,26,44,33,45,45,47,53,62,59,61,65,83,73,65,78,65,84,90,102,96,103,113,90,103,115,87,118,119,109,105,111,127,111,127,117,107,111,132,117,102,101,115,103,99,89,90,93,79,100,94,90,79,85,76,80,85,63,66,69,78,65,54,63,45,54,52,41,47,46,35,48,44,40,32,29,37,34,22,26,23,22,21,22,14,13,10,10,22,13,13,14,11,12,9,8,8,10,6,5,4,4,8,10,4,2,3,3,2,1,2,1,1,2,1,3,1,1,1,1,0,0,1,0,1,0,0,0,0,0,0,0,0,0,0,0,0,0,0,0,0,0,0,0,1,0,0,0,0,0,0,0,0,0,0,0,0,0,0,0,0,0,0,0,0
3,3,1,2,0,0,0,1,3,1,5,6,1,3,4,5,6,4,5,6,9,7,2,7,11,9,15,14,14,12,24,21,24,42,33,43,33,40,40,39,64,47,63,64,58,64,61,76,67,80,74,85,79,86,96,104,99,100,104,92,106,117,91,103,105,133,112,109,129,130,125,123,117,110,109,118,112,115,95,95,109,107,91,90,93,89,85,79,87,78,85,77,48,81,72,56,58,59,74,44,63,46,52,48,22,41,39,40,30,35,31,27,28,22,28,24,23,24,20,16,15,15,12,11,9,14,15,9,13,9,6,13,6,5,3,4,4,4,5,4,3,1,2,3,1,3,0,2,1,0,0,0,0,0,1,1,0,2,0,0,1,2,1,2,0,0,0,0,0,0,0,0,0,0,0,0,0,0,0,0,0,0,0,0,0,0,0,0,0,0,0,0,0,0,0,0,0,0,0,0
2,2,0,5,0,1,0,1,3,1,3,2,1,2,1,7,11,6,6,5,11,7,7,17,9,19,16,24,20,21,16,23,20,30,34,33,34,32,47,49,48,45,47,55,44,61,58,66,84,82,84,82,100,86,104,99,94,118,71,106,94,103,93,117,113,111,120,123,110,102,119,108,108,104,105,110,93,106,108,93,107,83,92,99,97,85,85,83,68,91,78,55,61,53,56,61,78,55,51,47,63,40,59,38,32,35,29,34,42,24,31,33,25,26,26,25,23,26,18,17,14,18,13,14,12,6,12,12,11,5,12,7,2,9,8,2,2,4,0,4,2,5,2,4,0,3,1,3,2,1,1,0,2,0,1,0,2,0,0,0,0,1,0,0,0,0,1,0,1,0,0,0,0,1,0,0,0,0,0,0,0,0,0,0,0,0,0,0,0,0,0,0,0,0,0,0,0,0,0,0
2,2,1,0,0,0,1,2,2,1,7,0,3,1,1,3,3,6,9,6,9,6,8,20,15,12,11,16,22,16,24,30,19,34,36,31,33,36,38,39,47,50,39,58,49,58,50,78,64,75,88,72,79,90,80,99,101,111,94,94,112,107,98,108,122,130,94,103,116,104,100,88,111,107,124,100,85,98,97,100,86,81,99,73,89,96,85,79,86,66,60,76,68,60,54,51,49,67,45,47,52,54,41,38,32,36,38,34,37,29,24,23,26,29,17,32,23,29,15,25,15,12,17,18,11,9,10,17,14,9,8,7,13,4,4,8,6,4,4,3,2,1,2,4,1,0,0,0,1,0,0,2,1,0,2,2,2,1,2,0,0,0,0,0,0,1,0,0,0,1,0,0,0,0,0,0,0,0,0,1,0,0,0,0,0,0,0,0,0,0,0,0,0,0,0,0,0,0,0,0
1,1,0,1,2,2,2,2,1,2,2,0,2,2,7,5,7,6,3,8,13,2,8,14,19,12,7,7,17,20,14,20,24,25,29,39,42,44,41,43,45,42,42,63,60,51,60,72,66,62,66,79,75,80,86,91,101,94,89,107,116,97,102,95,95,117,106,110,96,109,123,94,109,110,105,108,87,104,72,110,88,83,102,86,73,85,73,68,66,70,66,59,62,71,65,61,62,57,57,58,38,45,36,42,29,38,38,26,32,30,34,28,40,24,25,21,15,12,18,9,17,22,16,18,9,13,14,17,11,8,6,3,6,6,3,7,5,5,8,0,2,2,5,0,2,1,1,1,0,2,1,2,1,2,0,2,1,1,0,0,0,0,0,0,0,0,0,0,0,0,0,0,0,0,0,0,0,0,0,0,0,1,0,0,0,0,0,0,0,0,0,0,0,0,0,0,0,0,0,0
3,0,1,4,0,1,0,3,4,1,1,6,1,5,4,6,6,4,6,4,7,9,6,11,13,12,7,17,12,15,21,19,37,26,24,48,33,43,41,38,43,48,60,55,51,59,63,57,88,71,71,72,77,109,77,94,102,87,75,105,95,107,105,89,102,94,122,104,108,105,86,96,93,123,97,95,114,96,88,87,90,69,95,63,75,76,66,72,76,57,72,50,60,57,47,58,55,49,58,52,58,36,43,40,36,20,33,34,35,23,30,26,27,21,19,20,21,17,23,17,14,16,15,12,11,6,13,16,12,8,4,6,6,3,6,7,4,4,4,1,3,2,3,4,3,1,4,2,1,0,0,0,5,2,2,2,0,2,1,0,0,0,0,0,0,0,0,0,0,0,0,0,1,0,0,0,0,1,0,0,0,0,0,0,0,0,0,0,0,0,0,0,0,0,0,0,0,0,0,0
2,0,0,2,1,1,1,0,1,2,5,1,4,1,4,1,4,4,3,9,9,4,4,11,12,14,14,23,14,14,19,19,20,35,42,40,31,23,40,56,58,40,43,44,58,70,64,49,70,75,73,71,84,94,90,78,85,97,91,90,94,95,98,93,120,113,93,94,89,103,95,81,103,88,83,99,84,106,68,96,87,94,81,84,65,83,75,74,70,58,64,63,73,53,62,44,35,48,44,43,43,33,47,42,32,45,36,32,32,24,35,21,23,24,19,23,21,27,14,17,11,15,14,7,13,11,9,12,13,4,11,6,9,3,4,1,6,4,6,1,2,2,4,5,1,3,2,0,1,0,0,0,2,0,1,1,0,1,0,0,0,0,0,1,0,1,0,0,0,1,0,0,0,0,0,0,0,0,0,0,0,0,0,0,0,0,0,0,0,0,0,0,0,0,0,0,0,0,0,0
0,1,0,1,3,0,3,0,4,3,4,1,6,2,6,4,9,6,1,9,9,13,4,11,12,7,14,19,18,10,22,18,24,29,42,35,31,23,40,48,47,38,52,42,52,52,51,67,68,80,55,71,72,93,76,78,96,92,85,99,113,100,81,90,123,98,101,86,94,96,109,91,84,99,98,91,90,89,71,75,71,85,89,67,66,49,85,67,55,58,52,64,66,55,53,42,50,49,41,56,41,54,43,41,41,28,36,31,29,28,16,24,21,29,19,22,11,10,10,15,12,16,18,13,13,6,6,8,1,9,8,4,5,6,5,7,3,5,4,2,5,4,1,3,7,3,0,2,0,1,1,1,1,0,1,1,0,1,0,0,0,0,1,0,0,0,0,0,0,0,0,0,0,0,0,0,0,0,0,0,0,0,1,0,0,0,0,0,0,0,0,0,0,0,0,0,0,0,0,0
1,0,0,3,0,0,1,0,2,1,7,7,4,4,1,5,8,5,2,5,5,6,10,11,10,10,9,8,16,13,15,20,19,29,22,34,27,35,39,39,44,32,45,54,57,62,54,52,75,60,66,75,68,74,78,95,76,73,93,97,85,89,95,90,99,97,89,101,100,83,92,96,112,84,84,95,78,91,103,87,83,78,106,79,73,61,80,63,72,67,57,41,59,45,55,54,64,41,44,40,30,44,40,31,35,32,36,34,18,25,23,28,30,15,23,24,10,18,12,8,17,11,6,14,8,7,9,8,16,9,6,5,4,7,5,3,2,7,2,3,3,3,1,0,3,3,0,1,2,2,0,2,0,0,0,1,1,0,0,0,1,2,0,0,0,0,0,0,0,0,0,1,0,0,0,0,0,0,0,0,0,0,0,0,0,0,0,0,0,0,0,0,0,0,0,0,0,0,0,0
0,2,0,4,1,0,1,1,1,1,4,1,5,1,4,5,6,8,3,3,5,5,4,12,13,14,11,19,17,9,17,11,31,20,15,33,31,40,33,30,44,44,55,50,54,69,61,64,66,69,63,71,75,78,83,71,70,110,78,90,102,78,93,91,82,103,101,96,94,91,99,103,105,90,84,85,107,76,83,86,69,85,83,70,76,75,60,62,54,55,61,59,49,60,52,53,50,35,57,30,47,26,35,33,31,31,29,24,33,14,23,18,14,19,14,15,12,14,11,19,19,8,11,16,7,10,13,6,10,7,8,7,6,6,2,4,9,9,2,2,3,4,8,2,1,5,1,1,4,0,2,0,0,1,1,0,0,0,0,0,0,0,0,1,0,1,0,0,0,0,0,0,0,0,0,0,0,0,0,0,0,0,0,0,0,0,0,0,0,0,0,0,0,0,0,0,0,0,0,0
2,2,2,4,1,1,0,2,3,1,1,0,1,5,3,5,4,3,2,9,7,11,6,12,10,7,19,22,16,17,13,15,23,21,36,33,26,30,46,38,55,37,48,39,44,52,62,65,67,64,54,76,54,70,102,66,87,77,67,77,75,84,91,83,78,88,90,90,94,77,91,99,117,95,88,78,89,82,79,66,90,79,79,64,60,63,66,53,67,68,61,56,62,48,43,49,64,34,41,48,36,42,40,35,34,22,22,27,23,28,30,18,21,19,24,19,13,17,15,13,14,11,13,4,12,16,13,7,13,5,8,7,8,8,4,6,2,4,2,1,4,3,3,0,3,1,4,1,0,2,1,0,1,1,1,2,0,0,1,1,0,0,0,0,0,0,0,0,0,0,0,0,0,0,0,0,0,0,0,0,0,0,0,0,0,0,0,0,0,0,0,0,0,0,0,0,0,0,0,0
1,2,1,1,3,0,1,0,0,1,2,1,2,4,5,5,6,5,2,7,4,9,11,9,11,11,14,10,12,17,18,14,23,26,23,33,25,38,29,45,44,38,53,49,51,57,57,58,65,71,67,65,59,70,77,70,68,77,81,76,108,91,95,81,75,121,91,100,95,87,96,77,82,88,85,86,75,92,72,84,61,67,78,71,61,75,56,89,53,66,61,64,49,50,45,31,49,44,36,36,40,30,41,34,23,29,25,24,21,27,22,18,16,17,24,17,14,13,8,9,15,9,5,16,20,7,7,9,4,10,9,4,3,5,2,2,2,4,3,0,3,2,2,1,0,1,1,3,3,0,0,0,0,1,1,0,1,1,1,0,0,0,0,0,0,0,0,0,0,0,0,0,0,1,0,0,0,0,0,0,0,0,0,0,0,0,0,0,0,0,0,0,0,0,0,0,0,0,0,0
4,1,0,2,1,0,2,2,3,1,4,2,5,5,6,1,2,2,2,3,3,7,8,15,7,8,9,14,20,14,18,18,23,23,27,24,37,30,30,43,32,29,49,31,46,43,48,54,59,68,54,61,67,60,65,76,75,82,72,82,96,84,87,78,89,78,71,85,94,96,94,84,85,84,86,88,85,65,61,69,71,67,68,69,68,47,73,51,59,61,47,49,43,47,47,56,29,45,41,43,33,33,27,32,41,17,25,34,25,20,22,24,22,15,18,16,12,16,11,9,14,13,12,11,16,7,17,10,3,8,3,5,2,7,4,5,3,2,5,0,1,5,3,3,1,1,4,1,0,1,2,3,2,1,0,0,1,0,0,0,1,1,0,1,0,0,1,0,0,0,0,0,0,0,0,0,0,0,0,0,0,0,0,0,0,0,0,0,0,0,0,0,0,0,0,0,0,0,0,0
0,0,1,0,0,0,0,3,1,2,3,1,2,3,5,6,5,4,2,2,8,5,6,10,11,7,12,13,23,19,17,18,21,27,25,27,26,32,25,30,31,48,39,42,46,52,54,40,56,55,60,65,65,87,55,66,65,66,83,77,92,91,84,83,82,79,77,87,89,75,73,83,87,96,77,76,91,74,62,92,71,82,66,59,63,58,55,55,57,52,54,47,53,45,36,34,56,29,40,28,40,29,36,26,27,27,26,33,27,34,30,20,23,11,13,14,17,13,11,7,9,13,9,8,4,8,7,6,5,3,7,1,5,4,4,2,1,4,3,5,3,5,2,3,5,3,0,3,0,2,0,1,0,1,0,1,0,0,1,0,0,0,1,0,0,0,0,0,0,0,0,0,0,0,0,0,0,0,0,0,0,0,0,0,0,0,0,0,0,0,0,0,0,0,0,0,0,0,0,0
0,2,0,2,0,1,0,1,0,1,3,3,2,4,2,2,8,5,1,4,9,8,8,7,11,18,9,11,11,21,9,20,21,26,26,31,24,28,31,28,31,36,29,44,40,46,58,48,85,63,62,65,57,66,87,64,62,82,63,82,91,68,96,74,81,96,76,94,75,86,81,77,105,79,82,87,76,80,63,60,70,65,71,62,69,59,61,57,62,58,47,49,44,48,54,51,59,33,44,43,34,29,43,40,23,22,33,27,20,24,27,22,18,20,22,19,13,21,8,8,8,10,5,9,8,3,9,7,7,6,6,8,9,4,0,2,4,6,3,2,1,4,5,2,5,1,1,0,2,0,1,0,1,2,0,0,0,0,0,0,0,1,0,0,1,0,1,0,0,0,0,0,0,0,0,0,0,0,0,0,0,0,0,0,0,0,0,0,0,0,0,0,0,0,0,0,0,0,0,0
3,0,0,0,1,1,1,0,2,2,2,2,3,5,1,5,3,3,7,7,8,7,8,9,8,10,8,13,17,11,12,20,16,18,26,17,20,26,38,34,36,42,42,35,46,50,46,55,58,56,66,67,70,72,68,68,61,83,71,72,71,78,71,78,80,88,77,68,77,67,79,86,69,63,66,82,85,75,59,72,60,77,54,76,62,64,47,60,61,59,48,39,44,57,50,43,45,38,41,41,24,22,33,27,28,24,23,23,25,23,22,12,21,16,11,14,16,7,9,10,10,8,7,10,5,11,4,7,5,3,8,6,4,9,3,8,3,4,6,1,2,0,1,2,2,0,1,1,0,0,1,0,2,0,2,1,0,1,0,0,2,1,0,0,0,0,0,0,0,0,0,0,0,0,0,0,0,0,0,0,0,0,0,0,0,0,0,0,0,0,0,0,0,0,0,0,0,0,0,0
1,0,0,2,1,0,0,2,2,3,6,1,6,3,3,6,3,5,6,3,4,5,3,9,12,6,9,17,11,17,13,14,12,17,25,24,22,30,35,34,37,44,52,43,34,36,57,32,60,53,48,66,60,61,65,53,72,68,69,73,82,65,69,59,86,71,73,70,78,79,89,70,85,83,81,69,76,80,71,58,60,56,63,65,61,66,52,53,50,47,59,36,40,57,37,43,38,31,33,41,34,37,29,35,24,18,29,15,19,15,22,13,16,26,14,14,7,10,11,14,8,7,6,11,12,11,5,5,5,8,4,3,4,4,1,6,3,1,1,2,4,2,4,0,4,1,1,0,0,1,2,3,2,1,1,1,1,0,0,0,0,1,0,0,0,1,0,0,0,2,0,0,0,1,0,0,0,0,0,0,0,0,0,0,0,0,0,0,0,0,0,0,0,0,0,0,0,0,0,0
1,0,0,2,0,2,0,1,1,0,3,0,2,1,2,1,4,3,3,3,4,5,6,9,4,12,8,13,15,11,11,12,25,18,26,24,35,32,27,28,31,29,31,34,45,50,43,47,62,44,51,51,56,58,67,81,70,64,79,74,78,77,78,62,76,77,78,80,71,85,82,67,79,72,78,68,77,65,75,58,67,54,64,59,39,64,56,47,59,43,56,36,55,37,65,36,37,47,39,24,25,24,42,28,32,24,28,27,19,25,28,20,15,20,12,13,12,9,15,14,12,6,10,7,11,10,13,5,5,9,5,3,9,5,2,5,1,4,0,2,2,2,2,0,1,1,1,0,0,0,0,0,1,2,0,0,0,0,1,0,0,0,0,0,0,0,0,0,0,0,0,0,0,0,0,0,0,0,0,0,0,0,0,0,0,0,0,0,0,0,0,0,0,0,0,0,0,0,0,0
0,1,1,0,0,3,0,1,3,2,3,1,1,4,6,2,4,4,1,5,8,6,12,9,9,4,16,15,7,14,13,19,23,24,30,20,27,21,40,29,20,29,39,36,34,33,44,47,48,63,61,58,63,67,59,69,74,65,62,72,76,67,77,81,80,81,72,95,71,73,79,71,82,73,64,50,71,47,55,68,60,70,50,62,41,50,53,46,51,55,39,40,41,35,44,52,31,34,26,34,34,34,18,23,27,31,18,19,24,17,16,14,21,12,11,14,12,9,13,7,8,15,9,7,5,2,6,4,6,6,5,6,2,2,0,0,3,3,1,4,0,0,3,1,2,1,0,0,1,0,0,1,0,0,0,1,1,0,1,2,1,0,0,0,0,1,1,0,0,0,0,0,0,0,0,0,0,0,0,0,0,0,0,0,0,0,0,0,0,0,0,0,0,0,0,0,0,0,0,0
1,0,0,0,1,1,4,0,2,2,0,2,0,4,1,5,4,1,9,3,10,9,1,6,7,1,10,13,13,14,11,21,19,17,15,24,27,29,23,31,34,26,51,38,46,43,39,58,51,51,48,52,68,73,83,61,54,61,56,79,64,60,79,48,70,78,84,81,78,62,71,72,70,75,80,73,64,89,67,65,54,67,43,39,75,49,49,43,40,40,38,43,49,45,39,35,36,24,40,33,33,29,21,21,24,32,29,17,18,16,18,21,19,12,16,18,11,10,6,5,8,9,8,9,9,6,3,7,3,5,7,3,2,8,4,0,4,0,2,2,0,2,0,2,3,3,0,0,2,0,1,0,0,0,1,0,1,0,0,0,0,0,0,0,0,0,0,0,1,0,0,0,0,1,0,1,0,0,0,0,0,0,0,0,0,0,0,0,0,0,0,0,0,0,0,0,0,0,0,0
1,1,1,0,0,0,1,1,0,2,4,2,2,0,2,2,4,6,9,5,3,7,3,7,13,14,17,16,13,12,16,18,22,18,23,33,26,33,26,20,30,26,29,50,23,54,43,40,51,63,60,50,51,49,66,63,61,77,80,74,72,61,74,57,65,75,73,63,72,73,71,66,71,96,71,77,71,72,58,67,36,57,66,44,63,45,48,45,61,44,34,44,46,34,36,30,30,32,35,33,30,26,25,29,22,21,25,19,13,15,19,13,15,20,16,14,21,17,9,10,6,6,11,4,5,8,9,10,4,9,4,4,5,2,8,1,4,0,5,3,2,1,1,1,2,0,1,0,0,1,1,1,0,0,0,1,1,0,0,0,0,0,1,1,0,0,0,0,0,0,0,0,0,0,0,0,0,0,0,0,0,0,0,0,0,0,0,0,0,0,0,0,0,0,0,0,0,0,0,0
1,1,0,2,1,0,0,1,2,2,3,2,3,0,2,2,5,3,4,6,5,5,5,9,10,6,13,17,13,24,10,14,17,20,14,33,19,31,25,35,36,30,35,43,35,42,48,43,42,52,59,48,46,65,50,54,65,63,54,67,68,53,78,80,72,67,83,59,52,86,58,55,69,65,65,67,63,84,51,49,52,57,52,58,49,59,37,45,34,56,40,35,36,34,46,40,30,23,38,28,24,17,32,20,17,25,22,20,13,15,18,18,13,14,17,8,11,17,22,9,8,7,8,6,10,9,3,8,5,7,5,3,1,5,1,1,3,2,1,3,2,6,1,1,1,2,0,1,0,0,1,1,1,0,0,0,0,0,0,2,0,0,0,0,0,0,0,0,0,0,0,0,0,0,0,0,0,0,0,0,0,0,0,0,0,0,0,0,0,0,0,0,0,0,0,0,0,0,0,0
0,2,1,1,1,0,2,1,1,1,5,1,3,3,1,1,6,1,4,6,3,5,5,12,10,8,7,9,14,12,8,13,21,21,20,32,21,29,31,42,26,30,37,29,41,41,53,39,58,44,50,46,50,48,66,66,55,57,51,65,63,59,58,59,73,61,61,76,57,64,54,70,61,59,65,70,67,67,60,58,42,52,64,44,39,53,58,46,41,33,40,35,30,39,40,37,26,33,24,25,20,22,22,21,18,24,24,22,21,17,11,15,21,10,6,9,11,10,12,13,9,14,5,3,8,7,14,12,8,8,3,4,8,5,4,4,1,2,2,1,0,1,6,0,1,0,1,2,0,1,0,1,0,1,0,0,0,0,0,0,1,0,0,0,0,0,0,0,0,0,0,0,0,0,0,0,0,0,0,0,0,0,0,0,0,0,0,0,0,0,0,0,0,0,0,0,0,0,0,0
1,1,0,0,0,0,0,0,2,2,1,5,2,0,2,4,4,4,2,9,9,4,4,13,9,6,6,14,11,15,16,13,16,13,16,26,28,26,30,30,25,27,22,29,42,41,53,47,42,51,53,51,47,49,52,73,71,70,59,59,66,65,65,66,63,73,61,66,78,67,66,63,58,58,61,39,64,51,43,49,58,43,62,50,48,41,44,40,46,57,39,34,45,32,42,40,43,32,34,30,37,20,29,23,33,20,23,18,21,20,22,13,13,12,14,11,9,11,11,12,9,6,7,5,8,9,7,4,4,7,5,5,2,4,1,4,5,2,2,0,1,3,2,0,0,1,0,1,0,1,2,0,1,0,0,0,0,0,0,0,0,2,0,0,0,0,0,0,0,0,0,0,0,0,0,0,0,1,0,0,0,0,0,0,0,0,0,0,0,0,0,0,0,0,0,0,0,0,0,0
0,0,1,1,1,1,2,1,1,1,2,2,4,3,2,3,5,4,4,2,6,6,10,8,10,7,15,16,8,12,11,18,14,22,21,22,20,25,28,23,28,25,40,26,38,45,50,40,48,50,44,56,58,53,71,46,55,64,50,62,61,50,76,74,62,71,60,70,77,60,79,43,73,69,62,69,50,48,65,55,54,52,53,47,30,52,49,42,36,28,26,33,33,42,27,27,35,25,32,30,29,37,26,27,24,18,15,25,27,16,15,13,12,11,18,15,22,13,12,18,7,7,9,9,6,2,6,5,8,4,1,4,8,1,2,0,4,4,2,3,1,1,5,2,0,0,0,0,1,2,0,1,0,0,0,0,0,0,0,0,1,0,0,0,0,0,0,0,0,0,0,0,0,0,0,0,0,0,0,0,0,0,0,0,0,0,0,0,0,0,0,0,0,0,0,0,0,0,0,0
1,0,1,1,0,1,1,0,1,1,0,0,1,3,4,4,2,3,2,5,4,6,7,6,5,7,9,22,13,4,14,14,9,23,16,30,20,23,27,21,28,32,36,41,40,32,39,37,46,33,51,53,61,58,47,49,39,42,60,51,65,64,47,58,59,56,54,72,61,45,62,57,60,66,48,66,60,50,49,55,40,58,64,46,47,54,43,42,37,47,37,30,34,30,34,29,27,38,27,24,11,19,15,9,16,11,21,27,18,17,15,6,24,10,5,12,9,12,8,7,7,6,9,6,6,4,7,4,8,4,5,6,4,1,3,3,3,2,1,0,1,1,3,2,0,4,0,0,2,1,0,0,1,0,0,0,1,1,0,0,0,0,0,0,1,0,0,0,0,0,0,0,0,0,0,0,0,0,0,0,0,0,0,0,0,0,0,0,0,0,0,0,0,0,0,0,0,0,0,0
0,2,0,1,0,0,0,2,0,2,1,4,2,1,4,0,1,2,2,6,5,9,8,6,7,4,9,17,12,9,9,10,13,18,28,26,28,18,30,36,22,26,37,28,19,47,41,30,39,41,30,46,41,43,54,55,36,57,65,48,63,69,44,72,53,59,63,54,59,52,65,77,52,47,50,55,53,54,44,52,52,47,44,34,36,43,41,42,36,43,36,32,26,37,27,28,21,19,41,32,18,24,25,22,12,18,17,18,11,10,8,15,16,7,7,7,9,6,6,7,4,11,2,10,2,3,3,6,5,2,3,3,5,4,4,1,1,4,1,1,2,1,0,1,1,0,0,1,2,0,1,1,1,0,0,0,0,0,1,0,0,0,0,0,0,0,0,0,0,0,0,0,0,0,0,0,0,0,0,0,0,0,0,0,0,0,0,0,0,0,0,0,0,0,0,0,0,0,0,0
0,0,0,2,0,0,0,1,2,1,2,3,0,2,1,2,3,1,4,9,5,4,5,3,3,4,5,11,12,9,7,11,17,19,13,18,19,22,23,26,22,30,27,27,40,40,41,48,48,38,43,47,52,38,51,66,53,54,46,46,63,52,61,49,59,72,57,68,62,64,61,44,53,61,61,53,58,65,47,59,59,53,56,41,51,35,35,35,40,32,37,34,22,32,22,19,39,24,25,28,25,25,14,19,20,17,10,19,12,8,9,11,17,13,5,9,4,15,6,8,1,7,14,3,7,5,4,9,8,6,3,2,2,2,3,2,1,3,4,2,5,2,2,1,2,1,1,1,0,0,0,0,0,0,0,0,0,1,1,0,1,0,0,1,0,0,0,0,0,0,0,0,0,0,0,0,0,0,0,0,0,0,1,0,0,0,0,0,0,0,0,0,0,0,0,0,0,0,0,0
0,0,0,1,0,1,1,3,2,0,3,0,3,2,4,3,3,2,3,2,7,1,10,6,6,7,12,7,12,11,12,15,17,15,25,25,15,19,25,31,30,23,34,32,37,40,34,29,51,43,63,46,35,43,53,36,45,70,56,52,62,58,55,57,61,47,57,58,61,72,45,50,51,37,35,58,44,46,49,50,54,43,34,34,54,33,47,42,34,38,29,25,32,36,34,31,33,33,25,24,26,17,19,18,17,14,11,12,21,11,10,7,11,12,7,15,8,6,13,7,9,2,7,15,2,3,9,2,2,3,1,3,5,0,1,2,1,1,0,1,2,3,2,0,1,0,0,0,1,0,0,1,0,0,0,0,0,0,0,0,0,0,0,0,0,0,1,0,0,0,0,0,0,0,0,0,0,0,0,0,0,1,0,0,0,0,0,0,0,0,0,0,0,0,0,0,0,0,0,0
0,0,0,3,1,0,0,1,1,1,3,0,0,2,0,5,1,2,2,3,3,4,3,4,4,8,8,16,2,11,9,14,18,16,16,14,26,20,17,24,19,30,43,29,32,45,42,40,39,35,32,41,40,55,36,45,52,60,53,53,71,49,50,57,46,59,56,58,56,48,41,54,43,49,43,53,41,62,59,37,48,53,42,34,43,35,34,37,32,34,30,30,21,21,26,30,29,32,24,19,19,23,14,18,13,17,10,16,14,15,15,12,14,12,12,10,11,14,4,4,9,7,5,10,4,4,1,1,2,6,4,4,3,3,4,1,2,1,3,1,1,0,2,1,4,3,0,2,0,0,0,0,0,0,1,0,0,0,0,0,0,1,2,0,0,0,0,0,0,0,0,0,0,0,0,0,0,0,0,0,0,1,0,0,0,0,0,0,0,0,0,0,0,0,0,0,0,0,0,0
1,1,0,2,0,0,2,0,2,0,5,2,1,3,1,5,5,1,5,1,3,8,4,4,4,10,6,14,8,12,10,19,19,17,9,25,26,26,22,23,19,26,23,30,32,41,38,36,39,33,55,52,36,43,44,46,43,49,36,58,60,60,63,45,43,65,59,57,46,54,70,58,61,55,54,42,42,50,47,37,50,52,40,41,50,36,41,40,38,28,32,33,24,20,21,25,26,18,15,25,13,22,13,17,13,12,18,16,14,11,14,13,14,12,7,7,4,10,7,9,5,4,7,4,3,8,5,2,5,3,4,4,2,3,0,1,0,0,2,2,0,1,1,1,3,1,3,0,0,0,2,1,0,0,1,0,0,0,0,1,1,0,1,0,0,1,0,0,0,0,0,0,1,0,0,0,0,0,0,0,0,0,0,0,0,0,0,0,0,0,0,0,0,0,0,0,0,0,0,0
0,0,0,2,0,0,1,0,0,0,0,2,3,1,2,4,2,3,1,1,5,4,5,10,7,11,4,7,18,12,14,15,12,9,20,20,20,17,25,23,25,17,20,34,26,24,29,30,42,46,35,55,40,49,44,45,41,54,48,58,50,58,51,62,52,48,56,72,46,57,55,68,55,47,53,35,59,51,52,39,36,34,48,37,35,44,35,36,40,30,30,35,24,30,33,20,18,27,16,29,21,16,16,11,13,13,18,8,12,15,17,13,9,13,12,14,8,8,6,8,8,3,4,8,3,4,0,7,3,2,7,2,4,1,2,1,2,1,0,0,2,3,2,1,0,3,0,1,0,0,0,0,0,2,0,1,0,0,0,0,0,0,0,0,0,0,0,0,0,0,0,0,0,0,0,0,0,0,0,0,0,0,0,0,0,0,0,0,0,0,0,0,0,0,0,0,0,0,0,0
1,0,0,1,0,0,2,0,0,1,1,2,1,4,1,3,3,3,3,2,6,6,3,4,4,7,8,7,14,11,11,16,15,18,29,21,16,16,24,22,26,28,28,32,29,32,45,30,51,36,36,37,26,41,53,36,28,49,52,47,43,53,56,43,50,51,51,49,57,46,35,49,43,48,41,45,44,50,42,44,36,28,43,40,37,41,33,27,27,27,28,31,21,23,27,29,24,25,31,17,29,17,13,21,16,16,14,13,3,22,17,6,7,11,10,17,6,11,9,8,5,2,6,3,5,7,0,4,2,4,0,4,2,4,1,1,2,4,1,2,2,2,2,1,0,1,0,0,0,0,0,1,1,0,0,0,0,0,0,0,0,1,0,0,0,0,0,0,0,0,0,0,0,0,0,0,0,0,0,0,0,0,0,0,0,0,0,0,0,0,0,0,0,0,0,0,0,0,0,0
0,0,0,1,1,0,0,1,2,0,7,1,1,0,1,3,4,1,1,0,2,3,5,6,4,6,9,8,12,6,8,14,23,12,20,16,11,21,26,25,23,29,27,33,37,46,28,53,48,38,31,44,36,40,45,33,43,50,33,42,42,33,57,48,47,49,55,54,43,41,44,41,54,44,41,50,46,47,47,35,39,49,40,41,43,36,26,39,35,28,21,31,27,17,28,28,17,20,23,24,25,16,14,25,15,14,12,17,15,13,7,8,10,9,12,6,4,7,8,6,9,5,7,4,7,1,4,2,4,4,2,1,0,4,2,2,1,2,1,0,0,0,1,1,0,1,0,0,0,0,2,1,1,0,0,0,0,0,0,0,0,1,1,1,0,0,0,0,0,0,0,0,0,1,0,0,0,0,0,0,0,0,0,0,0,0,0,0,0,0,0,0,0,0,0,0,0,0,0,0
2,0,0,0,0,0,1,0,0,1,1,1,0,1,1,2,4,1,0,2,10,5,9,8,6,7,5,7,4,9,12,8,17,20,14,17,21,17,28,21,26,31,22,26,34,38,40,33,40,29,47,44,25,49,42,45,43,41,59,42,58,37,38,61,58,72,43,46,53,55,50,41,37,60,40,48,35,36,29,33,48,28,33,30,29,29,41,36,28,37,25,30,22,21,24,20,23,17,15,32,17,22,16,14,16,16,18,7,12,16,16,9,8,9,4,14,4,14,8,8,7,7,3,3,3,4,1,5,3,5,2,3,5,3,1,2,3,1,2,0,1,2,2,1,2,0,1,1,0,0,0,0,0,0,0,0,0,0,0,0,1,0,0,0,0,0,0,0,0,1,0,0,0,0,0,0,0,0,0,0,0,0,0,0,0,0,0,0,0,0,0,0,0,0,0,0,0,0,0,0
1,0,0,1,1,0,1,0,0,1,1,1,1,0,1,1,1,2,0,2,3,5,6,4,7,7,4,8,7,5,7,10,8,16,18,16,14,20,25,17,25,30,23,27,28,23,36,33,25,42,40,51,33,47,46,34,44,50,46,37,46,47,42,43,52,54,38,59,50,51,49,47,46,54,39,43,37,37,32,40,33,30,46,37,38,33,33,39,33,31,27,26,21,16,23,24,22,21,21,15,20,13,18,17,11,15,11,7,14,10,11,3,13,9,6,6,7,6,5,5,4,8,4,0,4,5,3,4,4,3,5,0,0,2,2,2,2,1,1,0,1,2,0,1,3,0,0,3,0,0,1,0,0,1,0,0,0,0,0,1,0,0,0,0,0,0,0,0,0,0,0,0,0,0,0,0,0,0,0,0,0,0,0,0,0,0,0,0,0,0,0,0,0,0,0,0,0,0,0,0
1,1,0,0,0,0,0,1,1,0,1,1,3,1,2,4,4,0,0,4,3,2,4,6,9,7,11,14,8,9,8,12,18,11,12,17,17,21,16,21,24,21,23,41,32,22,21,32,43,35,36,31,34,43,48,33,44,44,50,47,38,48,63,36,39,49,37,58,45,28,44,46,54,58,40,38,33,46,31,39,31,38,32,32,26,30,30,26,24,21,24,27,14,20,14,31,15,13,19,22,16,12,19,14,14,21,18,12,21,10,9,15,9,8,8,8,4,8,4,11,4,5,1,7,6,3,4,2,2,6,1,1,2,2,0,4,5,2,2,0,1,0,1,0,1,1,0,1,0,0,1,1,0,1,0,1,0,0,0,1,0,0,0,0,0,0,0,0,0,0,0,0,0,0,0,0,0,0,0,0,0,0,0,0,0,0,0,0,0,0,0,0,0,0,0,0,0,0,0,0
0,0,0,1,0,1,0,0,2,1,2,4,3,1,3,3,4,1,3,2,2,3,3,5,3,4,7,12,9,9,10,4,8,13,11,13,19,16,19,25,21,23,21,29,27,28,25,33,25,28,37,43,41,48,36,43,44,51,54,31,43,39,38,53,39,49,42,51,47,43,42,48,40,45,30,48,37,31,46,37,44,35,35,30,37,23,38,35,20,28,17,23,29,17,26,18,14,15,25,20,19,10,14,14,13,15,11,8,11,11,9,13,10,13,6,7,8,6,3,4,3,5,11,5,4,1,6,2,4,2,3,3,3,6,0,6,2,3,3,1,1,4,0,1,0,1,0,0,0,0,0,0,1,0,1,0,0,0,0,0,0,0,1,0,0,1,0,0,0,0,0,0,0,0,0,0,0,0,0,0,0,0,0,0,0,0,0,0,0,0,0,0,0,0,0,0,0,0,0,0
0,0,0,2,0,2,1,1,0,1,1,2,2,3,5,1,1,1,2,4,3,11,5,5,5,9,3,9,8,5,11,10,12,15,12,21,17,18,19,16,12,22,33,23,29,23,35,22,22,36,34,29,36,36,33,44,29,37,46,51,43,32,44,37,46,50,35,39,54,44,56,35,41,29,42,51,41,33,36,36,23,32,32,29,37,20,40,26,27,18,27,22,26,35,15,19,22,16,17,17,14,11,12,20,14,11,10,16,5,8,8,5,10,7,7,6,8,5,5,8,2,3,3,3,7,9,7,3,7,2,0,2,1,2,0,3,0,0,3,2,0,1,1,1,0,1,0,0,0,0,0,1,1,0,0,0,0,0,0,0,0,0,0,0,0,0,0,0,0,0,0,0,0,0,0,0,0,0,0,0,0,0,0,0,0,0,0,0,0,0,0,0,0,0,0,0,0,0,0,0
0,1,1,1,0,0,1,1,0,0,0,0,4,3,1,3,0,4,4,2,5,2,2,10,3,7,6,10,12,11,13,8,9,11,10,11,18,12,22,18,18,21,21,32,24,33,35,36,24,34,30,38,40,38,32,34,37,55,42,48,42,42,39,42,45,50,38,40,44,37,46,43,42,48,33,47,36,41,27,34,40,34,42,25,33,29,17,26,27,23,21,27,32,23,27,18,18,15,19,11,19,12,18,5,14,11,8,10,5,8,17,10,9,5,8,6,5,8,9,1,5,6,7,6,4,7,5,3,4,2,1,1,4,0,2,0,1,2,2,0,1,6,1,0,2,1,1,0,2,0,0,0,0,1,0,0,0,1,0,1,0,0,0,0,0,0,1,0,0,0,0,0,0,0,0,0,0,0,0,0,0,0,0,0,0,0,0,0,0,0,0,0,0,0,0,0,0,0,0,0
1,0,0,1,1,2,1,1,1,1,2,3,1,5,2,0,3,3,5,5,4,1,2,5,7,5,4,10,8,3,6,7,8,7,19,17,22,15,16,23,25,17,19,35,30,34,23,30,36,21,35,33,40,34,43,47,37,40,41,47,43,31,41,39,46,39,39,45,35,44,45,37,40,35,39,41,44,37,33,53,26,31,24,34,26,32,22,24,29,21,31,25,16,25,19,16,22,15,21,15,16,14,7,16,14,12,13,15,8,7,18,12,10,6,9,4,3,8,5,11,2,4,7,3,2,5,7,3,3,4,2,2,1,5,0,2,2,2,5,2,1,1,1,0,0,1,2,1,0,1,1,1,0,0,0,2,0,0,0,0,0,0,0,0,0,0,0,0,0,0,0,0,0,0,0,0,0,0,0,1,0,0,0,0,0,0,0,0,0,0,0,0,0,0,0,0,0,0,0,0
0,0,0,0,0,1,0,0,1,0,1,0,0,2,2,2,4,3,5,3,6,5,3,3,2,4,5,11,11,11,9,11,18,9,15,14,15,15,18,18,22,24,22,30,21,27,22,22,18,36,31,35,36,21,36,39,44,38,36,28,38,38,32,52,31,32,39,46,37,45,45,32,36,46,32,38,32,29,37,35,33,22,33,18,32,28,28,24,28,20,28,23,12,28,19,7,20,12,21,20,19,11,19,9,12,10,8,17,11,7,10,8,11,8,8,7,7,8,9,6,3,2,4,5,5,3,7,1,1,3,2,0,1,4,1,1,1,1,1,0,0,0,2,1,2,0,0,0,1,1,1,0,1,1,0,0,0,0,0,0,0,0,1,0,0,0,0,0,0,1,0,0,0,0,0,0,0,0,0,0,0,0,0,0,0,0,0,0,0,0,0,0,0,0,0,0,0,0,0,0
1,0,0,0,0,0,0,1,0,1,1,2,3,1,1,1,2,2,2,5,5,3,1,2,2,7,7,6,6,4,5,13,9,13,11,15,17,14,11,20,12,20,30,19,23,33,23,31,25,35,31,33,26,30,32,27,38,34,42,41,39,31,46,44,27,39,32,45,36,28,40,31,46,37,50,48,35,38,23,31,38,33,24,23,30,29,27,26,23,34,24,21,24,19,19,21,20,15,17,12,17,12,12,9,12,12,10,7,17,15,16,6,9,6,8,11,8,12,7,7,6,3,6,1,5,3,5,0,2,3,2,4,1,2,2,2,0,1,3,1,2,1,0,0,0,1,1,1,0,0,1,0,1,0,2,0,0,0,0,0,0,0,0,1,0,0,0,0,0,1,0,0,0,0,0,0,0,0,0,1,0,0,0,0,0,0,0,0,0,0,0,0,0,0,0,0,0,0,0,0
0,0,0,1,0,0,1,0,2,0,0,1,2,3,0,2,3,5,1,4,2,1,2,5,4,4,6,7,12,7,5,13,10,14,10,15,14,18,11,14,19,15,17,16,17,14,19,28,23,33,25,41,25,38,39,40,29,37,33,37,40,36,40,44,31,35,41,41,31,37,33,41,35,35,22,38,31,35,41,41,22,33,27,37,19,25,31,35,26,34,30,26,18,20,12,19,21,19,16,16,12,12,14,9,8,13,10,7,14,9,9,9,10,7,7,5,5,4,4,8,2,8,3,2,3,1,2,3,3,2,2,4,4,0,2,1,0,2,0,2,1,1,1,2,1,0,0,0,1,0,0,0,0,0,0,1,0,0,0,1,0,0,0,0,0,0,0,0,0,0,0,0,0,0,0,0,0,0,0,0,0,0,0,0,0,0,0,0,0,0,0,0,0,0,0,0,0,0,0,0
0,1,0,0,0,0,0,0,3,0,0,3,2,1,0,3,1,5,0,2,2,3,3,5,4,1,3,4,5,9,9,10,9,11,16,12,14,14,18,15,15,22,27,22,28,27,28,27,22,27,29,32,27,31,35,42,35,39,36,29,35,36,41,37,34,35,38,35,44,49,32,35,49,38,31,32,29,24,27,28,31,29,29,26,26,29,21,35,20,24,20,22,14,20,8,20,14,22,18,13,10,8,12,13,9,14,5,9,5,3,4,9,11,5,5,7,6,3,7,5,3,3,3,4,4,1,2,2,2,2,3,0,1,1,2,2,2,2,1,1,3,1,2,1,0,1,0,1,0,0,0,0,1,0,0,0,0,0,0,0,0,0,1,0,0,0,0,0,0,0,0,0,0,0,0,0,0,0,0,0,0,0,0,0,0,0,0,0,0,0,0,0,0,0,0,0,0,0,0,0
0,0,0,0,0,0,0,1,0,1,2,2,1,1,5,0,4,3,2,1,3,2,2,4,10,5,3,4,7,4,8,12,17,13,16,9,11,17,25,10,15,18,15,27,26,18,34,24,27,23,27,33,28,37,38,38,31,30,31,26,28,29,25,22,29,32,34,40,36,35,29,28,35,45,28,34,39,34,26,31,30,31,27,21,21,24,29,26,21,16,23,18,20,19,16,22,16,17,23,14,12,12,22,14,11,10,11,4,5,10,13,4,9,9,2,3,6,7,1,4,7,1,3,2,4,3,4,1,3,3,1,3,0,2,1,0,0,1,2,0,1,2,2,0,0,1,0,1,1,1,0,0,0,0,0,0,0,0,0,0,0,0,0,0,0,0,0,0,0,0,0,0,0,0,0,0,0,0,0,0,0,0,0,0,0,0,0,0,0,0,0,0,0,0,0,0,0,0,0,0
0,0,0,1,1,0,0,0,0,0,1,0,0,2,0,2,4,2,1,2,2,1,2,8,7,4,3,4,8,7,11,7,15,20,10,19,15,13,16,23,19,19,17,17,24,30,28,23,28,38,35,41,23,30,29,25,30,29,30,26,28,35,32,31,30,23,39,36,34,28,37,35,35,29,30,25,37,33,35,30,25,21,25,17,26,23,22,24,12,12,19,23,14,26,13,11,20,14,15,15,12,10,10,16,9,7,8,13,9,9,8,6,8,7,7,1,3,3,6,5,4,8,4,2,1,3,2,1,3,3,4,3,2,4,1,2,1,0,0,1,0,1,2,0,3,0,0,0,0,0,0,0,0,0,1,0,0,0,1,0,0,1,1,0,0,0,0,0,0,0,0,0,0,0,0,0,0,0,0,0,0,0,0,0,0,0,0,0,0,0,0,0,0,0,0,0,0,0,0,0
1,1,0,2,0,0,1,0,1,0,3,1,1,0,1,2,5,1,0,1,0,0,2,2,4,4,4,13,9,7,7,9,9,10,10,16,13,18,13,11,16,14,11,22,21,29,16,25,37,23,33,38,21,37,39,30,38,32,25,24,50,45,34,27,31,36,29,40,44,40,34,35,30,33,20,28,26,22,27,28,19,21,22,33,21,27,19,20,19,17,17,13,15,15,20,9,16,13,17,7,12,14,10,13,11,9,8,6,13,5,8,6,10,5,3,7,12,8,3,5,4,5,2,4,3,1,5,2,3,2,3,1,1,0,1,1,0,1,0,0,0,2,1,1,1,3,0,0,0,0,0,0,1,0,0,1,0,0,0,0,0,0,0,0,0,0,0,0,0,0,0,0,0,0,0,0,0,0,0,0,0,1,0,0,0,0,0,0,0,0,0,0,0,0,0,0,0,0,0,0
0,0,0,2,1,0,0,0,1,0,0,0,1,1,0,0,2,3,1,0,2,6,3,3,1,4,8,7,10,6,8,12,9,6,10,12,13,9,17,19,19,22,16,18,20,26,25,29,28,18,25,35,19,40,34,23,50,32,21,27,26,36,36,38,22,31,39,30,29,37,31,31,30,39,28,34,27,39,24,20,25,32,30,20,28,23,22,27,14,19,27,15,8,18,18,16,16,14,19,10,12,9,18,8,12,5,6,12,8,8,5,7,6,6,2,4,0,5,1,4,2,2,2,3,3,4,3,5,1,3,1,2,0,0,1,1,0,1,0,0,0,0,0,1,1,0,0,2,1,0,0,0,1,0,0,0,0,0,0,0,1,0,0,0,0,0,0,0,0,0,0,0,0,0,0,0,0,0,0,0,0,0,0,0,0,0,0,0,0,0,0,0,0,0,0,0,0,0,0,0
1,0,0,0,0,1,1,1,3,0,1,2,2,4,3,3,1,0,0,3,4,1,1,7,4,6,5,5,4,8,4,10,9,9,10,14,9,19,20,16,20,10,24,17,14,24,15,22,25,21,28,26,27,36,23,23,40,32,32,29,40,32,40,23,36,43,31,35,28,39,31,40,38,37,31,30,33,30,36,19,28,24,26,20,22,24,29,22,24,20,13,19,15,22,11,20,15,16,9,14,8,10,11,9,14,8,13,9,7,5,2,4,4,7,2,7,5,5,2,8,5,4,3,4,2,2,4,4,1,1,3,2,0,4,1,2,0,0,1,1,1,1,0,0,1,0,0,0,0,0,1,0,0,0,0,0,0,0,0,0,0,0,0,0,0,1,0,0,0,0,0,0,0,0,0,0,0,0,0,0,0,0,0,0,0,0,0,0,0,0,0,0,0,0,0,0,0,0,0,0
0,0,0,0,0,0,0,0,1,1,0,0,0,4,3,4,1,3,1,1,2,6,4,7,4,1,4,6,5,9,13,5,8,17,10,7,10,9,9,9,21,13,23,21,21,19,19,29,30,28,22,31,19,17,31,22,32,32,30,32,29,33,27,24,31,35,38,33,31,39,31,23,34,35,26,34,23,24,22,27,23,21,28,22,18,19,23,22,25,18,17,14,13,11,19,15,24,9,14,9,9,13,13,10,9,3,9,8,6,5,10,5,2,7,10,8,2,4,2,2,2,4,0,1,4,3,2,1,0,2,1,2,0,2,0,1,3,0,0,0,0,1,1,0,1,0,0,0,1,0,0,0,0,0,0,0,1,0,0,1,0,1,0,0,0,0,0,0,0,0,0,0,0,0,0,0,0,0,0,0,0,0,0,0,0,0,0,0,0,0,0,0,0,0,0,0,0,0,0,0
1,2,1,1,0,1,0,0,0,1,1,0,1,3,1,0,2,3,0,0,4,3,5,4,4,3,2,5,2,3,7,7,11,7,13,17,13,14,20,18,14,18,20,18,20,15,15,24,25,26,21,26,27,24,30,24,25,32,32,39,25,35,41,25,23,33,34,34,30,25,40,32,26,26,16,23,25,33,26,26,29,29,21,14,16,16,23,20,19,17,24,9,17,13,14,17,7,12,10,10,15,10,5,9,5,3,17,10,9,5,7,9,6,1,2,3,7,4,2,3,3,0,3,2,3,4,2,1,2,3,2,2,1,1,1,1,1,2,0,1,0,0,1,0,1,2,0,0,0,0,0,0,0,0,0,0,0,0,0,0,0,1,0,0,0,0,0,0,0,0,0,0,0,0,0,0,0,0,0,0,0,0,0,0,0,0,0,0,0,0,0,0,0,0,0,0,0,0,0,0
1,0,0,0,0,0,0,0,0,0,4,2,1,3,1,1,0,0,0,2,3,1,3,4,1,1,4,5,8,8,9,4,12,10,14,10,9,11,14,17,14,11,16,26,17,21,17,20,15,21,22,20,27,38,40,23,27,32,21,28,39,28,40,27,31,26,32,30,27,24,29,26,26,27,22,39,23,25,26,20,19,14,24,17,11,22,18,20,17,18,22,14,15,15,11,15,8,6,13,9,15,10,4,9,6,12,9,10,7,9,7,6,7,6,7,8,5,3,2,4,6,2,0,3,2,2,3,1,3,0,0,2,0,1,2,2,1,1,1,0,0,1,1,0,0,1,0,1,2,0,0,0,0,1,0,0,0,0,0,0,0,1,0,0,0,0,0,0,0,0,0,0,0,0,0,1,0,0,0,0,0,0,0,0,0,0,0,0,0,0,0,0,0,0,0,0,0,0,0,0
0,0,0,2,0,0,0,0,0,0,3,1,1,0,1,1,2,1,3,2,4,3,4,4,2,6,7,6,10,3,4,4,17,10,8,15,10,21,18,8,10,11,18,19,15,19,16,23,19,20,24,17,26,22,21,35,29,32,31,20,35,43,30,27,32,34,32,28,24,29,38,27,30,34,35,21,26,23,17,25,19,27,24,18,20,21,21,21,26,16,12,14,13,14,16,16,15,6,16,10,12,8,9,10,12,7,6,9,5,6,5,5,7,5,9,3,0,4,3,3,2,1,2,2,2,2,2,6,3,3,0,4,1,2,0,2,3,0,1,0,0,1,1,0,1,0,0,1,0,0,0,0,1,1,0,0,0,0,0,0,0,0,0,0,0,0,0,0,0,0,0,0,0,0,0,0,0,0,0,0,0,0,0,0,0,0,0,0,0,0,0,0,0,0,0,0,0,0,0,0
0,1,0,0,0,0,0,0,1,1,0,1,4,2,0,0,0,2,1,2,2,2,3,2,3,3,5,12,8,7,7,8,8,10,12,17,13,16,10,16,16,7,17,12,14,14,22,24,21,27,14,22,21,30,28,18,20,24,21,26,26,25,26,22,42,32,36,23,27,19,17,30,33,24,22,22,33,33,28,20,20,16,25,16,14,15,15,18,18,12,17,19,11,9,10,11,16,8,13,7,13,4,7,5,8,6,7,10,6,9,8,10,4,4,6,8,2,5,4,5,4,1,3,5,3,1,3,1,0,3,3,2,1,1,2,0,1,1,0,0,1,0,1,0,0,0,0,0,0,1,0,0,0,0,0,2,0,0,0,0,0,2,0,0,0,0,0,0,0,1,0,0,0,0,0,0,0,0,0,0,0,0,0,0,0,0,0,0,0,0,0,0,0,0,0,0,0,0,0,0
0,1,0,0,0,1,0,0,0,0,0,1,0,2,0,2,2,3,1,2,5,3,4,3,3,4,4,7,4,3,9,8,6,9,8,11,13,20,11,11,8,12,13,16,20,20,22,18,25,22,13,25,21,32,26,23,19,29,37,26,23,30,20,24,18,33,21,20,46,20,29,23,21,20,16,23,25,21,29,16,15,9,19,12,16,16,16,10,16,18,19,8,9,12,9,15,13,15,15,9,16,10,6,7,8,6,6,6,4,7,6,5,7,1,5,6,4,4,1,4,3,2,1,2,4,3,4,1,0,0,1,0,4,3,1,1,3,1,1,1,0,1,0,0,0,1,0,0,1,0,0,0,0,0,0,0,0,0,1,0,0,0,0,0,0,0,0,0,0,0,0,0,0,0,0,0,0,0,0,0,0,0,1,0,0,0,0,0,0,0,0,0,0,0,0,0,0,0,0,0
0,1,0,1,0,0,0,0,0,2,3,2,1,0,2,3,2,2,0,4,5,5,3,3,7,2,4,6,6,3,9,10,11,13,13,19,9,10,8,5,12,10,20,13,22,16,14,25,22,24,23,22,18,25,27,19,24,28,25,32,44,26,29,38,23,28,28,28,20,22,22,15,25,20,22,20,18,15,13,18,28,20,25,19,19,14,15,25,16,10,18,11,15,15,15,8,14,25,16,6,12,11,8,10,4,6,8,8,5,3,5,7,4,5,1,3,5,3,5,4,2,4,2,2,4,1,1,2,3,2,3,1,3,2,2,0,0,0,1,1,0,1,1,0,0,1,0,0,0,0,1,0,0,0,0,0,0,0,1,0,0,0,0,0,0,0,0,0,0,0,0,0,0,0,0,0,0,0,0,0,0,0,0,0,0,0,0,0,0,0,0,0,0,0,0,0,0,0,0,0
0,0,0,1,2,1,0,0,0,0,1,0,0,1,1,5,0,2,3,1,7,1,2,2,3,5,8,8,6,5,5,8,8,4,6,10,13,13,10,11,11,18,19,20,25,13,10,14,23,26,17,24,27,26,17,21,24,13,28,26,21,22,29,26,27,35,34,31,18,31,25,17,23,31,18,26,21,19,16,18,15,14,15,13,19,15,19,12,9,18,13,6,13,12,14,9,14,11,10,9,13,7,14,7,6,6,7,7,6,9,5,5,5,1,9,4,5,1,2,2,3,3,2,0,4,3,1,1,2,3,2,1,2,1,3,1,0,1,1,4,0,0,1,0,2,0,0,0,0,0,0,0,0,0,0,0,0,1,0,0,0,0,0,0,0,0,0,0,0,0,0,0,0,0,0,0,0,0,0,0,0,0,0,0,0,0,0,0,0,0,0,0,0,0,0,0,0,0,0,0
1,0,0,0,0,0,0,0,1,0,2,2,0,2,1,3,1,1,2,3,3,4,5,4,3,6,4,7,5,9,9,3,6,12,10,12,12,11,15,9,9,6,26,12,16,18,16,14,16,18,25,24,20,23,27,29,26,27,27,27,39,34,27,24,29,35,21,29,19,25,34,30,24,22,14,22,26,23,15,18,11,20,26,16,17,12,23,20,22,13,17,18,13,13,12,16,16,11,18,10,10,11,6,6,4,5,9,3,3,4,5,9,1,3,4,6,2,3,2,4,5,2,4,1,4,3,3,3,0,2,0,2,4,2,3,3,0,0,1,0,0,1,2,0,1,0,0,0,1,0,1,0,0,0,0,0,0,0,0,0,1,0,0,0,0,0,0,0,0,0,0,0,0,0,0,0,0,0,0,0,0,1,0,0,0,0,0,0,0,0,0,0,0,0,0,0,0,0,0,0
0,0,0,0,2,0,0,1,0,0,1,2,1,3,1,4,2,2,2,0,0,1,2,4,2,1,2,2,2,3,3,5,5,9,4,12,12,11,9,15,11,17,13,16,13,19,25,14,17,24,18,23,21,34,19,25,20,17,27,12,21,26,23,26,18,29,24,22,26,21,26,26,27,27,19,27,26,20,20,30,12,17,18,19,13,17,21,8,13,10,14,13,10,14,14,10,13,11,12,8,11,8,7,9,8,13,9,10,1,7,6,6,2,8,5,2,3,2,3,2,3,8,1,1,2,4,1,2,1,1,1,0,0,4,1,0,2,1,0,0,0,1,2,0,1,1,1,1,0,0,0,0,0,0,0,0,0,0,0,0,0,1,0,1,0,1,0,0,0,0,0,0,0,1,0,0,0,0,0,0,0,0,0,0,0,0,0,0,0,0,0,0,0,0,0,0,0,0,0,0
1,0,0,0,0,2,0,0,1,1,0,0,1,0,1,1,1,2,2,1,4,5,4,1,1,4,4,6,3,2,6,4,8,11,10,9,10,14,13,13,12,8,17,15,19,14,16,12,18,15,18,25,24,20,20,23,25,19,24,36,24,24,21,26,23,26,21,23,21,21,27,28,18,20,14,16,16,20,15,18,26,18,21,15,18,15,15,3,10,19,5,9,10,13,13,13,9,8,7,9,10,11,6,6,4,11,4,5,8,3,3,6,8,4,2,6,5,1,5,8,1,2,6,4,3,3,2,0,2,1,2,4,0,0,0,0,1,0,1,0,0,0,0,0,0,0,1,1,0,1,0,2,0,0,1,0,0,0,0,0,0,0,0,0,1,0,0,0,1,0,0,0,0,0,0,0,0,0,0,0,0,0,0,0,0,0,0,0,0,0,0,0,0,0,0,0,0,0,0,0
0,0,0,1,0,0,1,0,3,0,1,0,3,1,2,1,1,1,3,2,0,4,0,3,3,3,4,4,4,3,5,7,9,8,12,13,7,10,8,9,13,15,15,19,22,18,18,14,22,25,11,19,17,22,17,20,20,18,24,27,24,26,33,25,30,27,20,32,29,27,22,26,14,15,21,26,25,24,15,30,17,8,19,13,7,16,26,13,18,17,18,6,5,9,6,6,9,9,9,8,12,8,6,8,10,1,12,8,7,7,8,7,8,4,2,4,3,5,2,4,3,2,0,3,2,5,3,0,2,3,0,1,1,1,1,0,1,0,1,0,0,0,0,0,0,0,0,0,0,0,0,0,1,0,0,0,0,1,0,0,0,0,0,0,0,0,0,0,0,0,0,0,0,0,0,0,0,0,0,0,0,0,0,0,0,0,0,0,0,0,0,0,0,0,0,0,0,0,0,0
0,0,0,0,1,0,0,0,2,1,1,1,1,1,1,1,2,1,1,1,4,7,2,2,2,3,7,8,6,2,7,8,8,11,4,12,7,14,11,18,20,6,10,26,12,9,19,19,31,20,24,24,15,19,22,22,21,27,24,26,31,25,23,23,23,26,21,25,25,18,42,26,15,23,23,21,22,24,15,19,19,14,12,14,16,10,6,15,15,16,15,13,14,6,12,16,9,13,10,6,11,6,5,4,4,6,6,5,8,4,10,3,3,2,5,4,2,5,1,1,2,1,5,2,2,3,0,0,3,1,1,3,3,2,0,0,0,1,0,0,1,0,1,1,0,1,0,0,0,0,0,0,0,0,0,0,0,0,0,0,0,0,0,0,0,0,0,0,0,0,0,0,0,0,0,0,0,0,0,0,0,0,0,0,0,0,0,0,0,0,0,0,0,0,0,0,0,0,0,0
0,0,0,0,0,0,1,0,0,2,1,0,1,0,1,2,2,2,4,2,0,4,7,3,2,7,1,5,7,8,8,4,8,12,9,13,4,7,10,8,12,8,20,13,18,16,11,13,20,17,21,19,20,21,23,27,21,16,25,25,25,24,26,24,18,18,23,23,24,9,18,19,22,16,23,19,19,15,23,22,16,18,14,20,17,14,16,19,9,10,17,9,11,7,9,10,8,13,9,10,6,6,8,4,4,5,10,9,5,5,3,2,3,2,4,6,5,2,3,1,0,2,4,2,0,4,3,4,1,1,1,0,1,5,0,0,2,1,0,0,1,0,1,1,1,0,1,0,0,0,0,0,0,0,0,0,1,1,0,0,0,0,0,0,0,0,0,0,0,0,0,0,0,0,0,0,0,0,0,0,0,0,0,0,0,0,0,0,0,0,0,0,0,0,0,0,0,0,0,0
0,1,0,0,0,0,1,0,1,0,1,2,0,3,3,1,2,0,2,0,2,1,2,4,6,2,4,2,2,2,4,1,4,7,11,12,7,11,11,9,16,11,7,14,16,15,17,19,21,20,11,19,20,21,24,10,13,24,11,26,28,17,22,23,23,23,17,24,18,19,21,22,23,17,20,22,21,23,20,13,13,15,17,19,18,14,5,8,15,9,10,8,10,16,7,6,10,5,14,7,9,4,5,9,9,4,2,7,6,3,5,5,3,3,4,3,4,6,3,0,3,4,5,2,2,1,0,2,4,2,3,1,0,0,0,1,0,0,2,1,0,0,0,0,0,0,0,0,1,0,0,0,0,0,0,0,0,0,0,0,0,0,0,0,0,0,0,0,0,0,0,0,0,0,0,0,0,0,0,0,0,0,0,0,0,0,0,0,0,0,0,0,0,0,0,0,0,0,0,0
0,0,0,0,0,0,0,0,1,0,3,0,0,0,0,1,1,0,1,1,0,1,2,3,0,1,3,5,2,5,5,6,12,5,18,9,4,8,12,9,10,8,15,6,17,16,20,19,16,20,10,11,16,14,16,16,20,29,16,15,20,18,15,15,16,29,13,18,20,15,20,23,25,20,16,22,19,18,11,18,15,15,16,15,14,6,13,8,13,20,13,6,15,7,11,9,10,8,11,13,8,8,7,5,6,7,4,4,3,2,4,4,3,2,3,2,4,1,1,3,4,2,1,2,1,1,1,0,2,1,1,1,1,1,0,2,0,1,0,0,0,0,0,0,0,0,0,0,0,0,0,0,0,0,0,0,0,0,0,0,0,0,0,0,0,0,0,0,0,0,0,0,0,0,0,0,0,0,0,0,0,0,0,0,0,0,0,0,0,0,0,0,0,0,0,0,0,0,0,0
0,0,0,0,0,0,0,0,0,2,3,2,1,0,1,2,1,3,0,2,3,4,1,2,2,0,3,5,4,7,9,9,9,7,3,14,5,6,8,9,8,19,14,7,16,11,9,21,20,19,16,15,17,17,17,18,15,17,24,29,23,18,26,19,17,19,18,22,23,29,21,28,16,24,23,16,21,26,12,19,15,22,14,12,11,14,12,13,9,12,10,13,13,10,16,11,9,8,11,7,7,7,6,3,7,8,4,6,6,3,5,4,4,1,4,1,2,2,5,2,4,2,1,0,2,2,0,3,1,2,1,1,1,2,2,0,0,1,0,0,0,0,5,0,1,0,0,0,2,0,0,0,0,0,0,1,0,0,0,0,0,0,0,0,0,0,0,0,0,0,0,0,0,0,0,0,0,0,0,0,0,0,0,0,0,0,0,0,0,0,0,0,0,0,0,0,0,0,0,0
0,0,0,0,0,0,0,1,0,0,1,1,2,0,0,1,1,0,0,2,1,0,1,1,2,2,3,7,4,6,3,3,9,5,4,9,7,8,7,8,9,4,8,18,15,15,14,18,16,13,9,19,17,14,17,19,15,27,20,18,23,16,33,16,24,25,21,19,31,26,19,23,18,13,22,17,20,22,29,15,17,17,14,14,16,19,9,16,8,8,21,22,15,6,16,10,14,6,7,8,4,4,9,10,3,4,3,5,5,5,5,4,3,4,6,4,2,3,2,4,3,1,4,0,3,2,0,3,0,0,0,4,2,0,4,2,1,0,0,0,1,1,0,1,1,0,0,0,0,1,0,1,0,0,0,0,0,0,0,0,0,0,0,0,0,0,0,0,0,0,0,0,0,0,0,0,0,0,0,0,0,0,0,0,0,0,0,0,0,0,0,0,0,0,0,0,0,0,0,0
0,0,0,0,0,0,0,0,0,1,1,0,2,1,1,1,3,1,0,3,0,2,2,1,1,1,4,2,4,6,4,5,5,13,4,14,12,15,8,5,3,12,10,11,16,13,19,14,21,14,19,23,8,18,16,18,17,18,18,16,18,18,13,19,16,22,17,17,22,20,23,18,22,20,10,19,10,17,27,10,13,18,18,18,12,10,14,15,16,11,12,7,13,8,8,5,12,11,5,5,6,6,4,4,7,2,7,5,5,3,5,4,4,5,4,2,2,2,2,3,4,1,5,3,2,1,1,1,1,0,0,2,0,1,0,1,1,1,0,1,1,0,0,0,1,0,0,0,0,1,0,0,1,0,0,0,0,1,0,0,0,0,0,0,0,0,0,0,0,0,0,0,0,0,1,0,0,0,0,0,0,0,0,0,0,0,0,0,0,0,0,0,0,0,0,0,0,0,0,0
0,0,0,1,0,0,1,0,1,0,0,1,0,0,1,1,2,1,1,1,3,1,1,5,0,4,1,1,4,0,3,7,11,9,9,20,5,9,9,7,11,14,17,7,14,15,9,19,8,7,13,16,22,16,16,22,17,19,17,14,21,14,17,15,18,26,22,14,19,17,22,17,15,13,20,9,14,13,15,22,17,18,18,12,17,6,9,18,7,15,6,10,4,8,10,6,7,9,13,5,9,9,3,3,6,4,6,5,4,8,5,7,6,3,4,1,4,5,0,4,0,1,3,2,3,1,0,0,0,1,2,0,1,1,0,1,1,0,0,1,1,1,1,0,0,0,1,0,0,0,0,0,0,0,0,0,0,0,0,0,0,0,0,0,0,0,0,0,0,0,0,0,0,0,0,0,0,0,0,0,0,0,0,0,0,0,0,0,0,0,0,0,0,0,0,0,0,0,0,0
0,0,0,0,0,0,0,0,0,0,1,1,1,0,0,0,2,0,1,1,2,0,2,1,0,0,3,7,4,4,6,5,3,6,6,8,8,11,11,12,6,13,11,6,15,13,13,13,12,23,8,18,22,15,19,28,15,12,23,7,12,9,16,13,20,13,18,17,19,14,19,21,19,12,9,16,18,27,16,16,12,12,6,8,11,12,16,6,13,12,16,8,7,12,10,7,4,5,6,7,3,4,6,5,7,5,3,5,1,2,5,4,6,3,5,3,2,6,1,3,3,2,1,2,4,4,0,2,1,1,2,0,1,1,0,0,1,0,0,1,0,0,0,1,0,1,0,0,1,0,0,0,0,0,0,1,1,0,0,0,0,0,0,0,0,0,0,0,0,0,0,0,1,0,0,0,0,0,0,0,0,0,0,0,0,0,0,0,0,0,0,0,0,0,0,0,0,0,0,0
1,0,0,1,0,0,0,0,1,0,0,0,0,2,2,1,1,2,2,1,5,1,0,4,2,0,1,3,4,10,2,4,5,4,3,10,3,5,6,6,14,11,9,14,17,7,14,16,13,12,13,18,12,16,11,12,14,11,20,16,26,20,16,23,26,20,26,15,20,16,23,14,18,21,15,18,16,23,16,10,11,12,12,7,8,12,11,9,9,10,12,7,5,8,7,10,6,3,7,6,5,9,3,3,3,2,4,4,6,3,6,2,2,2,1,3,4,3,2,1,2,3,2,1,2,2,0,2,0,3,1,2,2,0,1,2,3,0,1,1,0,0,0,0,0,0,1,0,0,0,0,0,1,0,0,0,0,0,0,0,0,0,0,0,0,0,0,0,0,0,0,0,0,0,0,0,0,0,0,0,0,0,0,0,0,0,0,0,0,0,0,0,0,0,0,0,0,0,0,0
0,0,0,0,0,0,0,0,0,0,0,0,1,1,1,3,2,0,3,2,4,4,1,0,2,2,4,5,2,4,8,8,8,9,10,7,4,9,12,11,6,10,11,10,11,15,17,16,16,21,11,8,19,16,15,16,15,20,18,17,19,16,18,18,22,21,21,24,15,21,16,16,19,21,14,13,13,15,14,13,14,12,20,12,9,5,18,7,11,8,9,4,12,8,9,8,7,2,5,2,8,10,2,7,9,3,2,5,4,8,3,5,7,3,5,4,5,2,2,2,3,2,0,2,6,0,2,1,1,0,0,1,1,1,0,1,1,0,0,0,0,0,0,0,0,1,0,0,0,0,0,0,0,0,0,0,1,0,0,0,0,0,0,0,0,0,0,0,0,0,0,0,0,0,0,0,0,0,0,0,0,0,0,0,0,0,0,0,0,0,0,0,0,0,0,0,0,0,0,0
0,0,0,1,0,0,0,0,0,0,1,0,0,1,2,0,1,1,2,2,3,1,1,1,2,3,2,3,4,3,7,1,8,7,5,10,5,3,7,10,8,5,9,13,13,10,12,9,14,9,14,22,10,7,11,21,18,17,18,17,17,24,20,16,9,16,26,13,23,15,14,11,15,20,17,15,13,21,17,16,15,12,12,12,13,15,14,12,12,6,8,13,6,11,13,6,5,9,2,5,6,4,3,8,4,3,6,2,4,3,7,6,1,3,1,4,1,1,5,2,0,1,0,1,4,2,1,1,1,2,0,0,4,2,0,0,0,0,1,1,0,0,0,0,0,0,0,0,0,1,0,1,0,0,0,0,0,0,0,0,0,0,0,0,0,1,0,0,0,0,0,0,0,0,0,0,0,0,0,0,0,0,0,0,0,0,0,0,0,0,0,0,0,0,0,0,0,0,0,0
0,0,0,0,0,1,0,0,0,1,1,0,1,0,1,2,4,1,1,0,1,3,2,5,2,0,0,4,6,2,10,2,3,8,4,12,7,7,10,9,11,13,7,11,9,18,13,8,13,9,17,18,12,16,20,19,13,17,12,11,16,14,24,10,21,10,15,22,15,21,10,13,15,19,14,12,13,12,11,12,13,12,12,13,7,12,11,9,10,12,13,13,9,12,7,6,4,7,5,6,7,9,7,0,4,2,4,6,5,3,5,3,3,1,1,2,4,2,2,3,1,0,0,1,4,1,1,2,0,1,0,1,0,0,0,0,0,0,0,0,0,0,0,0,1,1,0,0,1,0,0,0,0,0,0,0,0,0,0,0,0,0,0,0,0,0,0,0,0,0,0,0,0,0,0,0,0,0,0,0,0,0,0,0,0,0,0,0,0,0,0,0,0,0,0,0,0,0,0,0
1,2,0,0,1,0,0,0,0,1,1,0,0,0,1,5,1,0,1,1,1,1,1,2,0,5,4,2,3,1,5,5,6,8,8,5,1,9,8,12,10,8,8,11,12,9,12,14,12,13,10,13,15,16,17,12,14,19,18,14,11,18,18,9,12,16,14,15,15,13,10,17,10,20,9,9,8,14,16,7,16,9,6,10,11,10,16,6,10,8,12,7,10,8,4,10,10,5,9,7,2,4,4,4,4,4,9,8,3,5,6,1,3,0,2,5,2,1,2,2,0,2,1,0,0,1,1,1,1,0,1,0,1,1,1,1,0,1,2,1,0,0,1,0,0,2,1,1,0,0,0,0,0,0,0,0,0,0,0,0,0,0,0,0,0,0,0,0,0,0,0,0,0,0,0,0,0,0,0,0,0,0,0,0,0,0,0,0,0,0,0,0,0,0,0,0,0,0,0,0
0,0,0,0,0,0,0,2,0,0,0,2,0,1,0,1,2,1,2,1,1,2,2,4,2,2,2,5,5,3,2,4,4,2,7,6,3,6,9,3,9,8,7,16,7,10,8,11,8,20,3,10,12,23,18,13,15,17,16,18,18,21,13,12,12,11,18,22,7,18,17,20,18,15,14,16,13,9,12,15,13,14,15,8,5,13,6,10,7,9,7,2,10,6,9,6,4,10,6,6,9,3,7,6,2,4,6,5,5,4,2,2,2,3,2,3,1,5,1,2,2,3,1,2,0,1,2,1,1,1,0,0,2,1,1,1,0,1,0,1,0,0,1,0,0,1,0,0,0,0,0,0,0,0,0,0,0,0,0,0,0,0,0,0,0,0,0,0,0,0,0,0,0,0,0,0,0,0,0,0,0,0,0,0,0,0,0,0,0,0,0,0,0,0,0,0,0,0,0,0
0,0,0,1,0,0,0,0,0,1,0,0,2,1,1,0,1,0,1,2,1,2,4,2,0,4,3,2,0,3,2,7,7,4,7,4,13,4,9,7,11,7,7,8,13,7,8,9,11,13,6,18,20,22,20,18,11,19,15,18,16,17,19,16,22,19,15,16,17,14,15,9,14,16,16,14,16,11,8,15,9,13,14,6,11,20,8,11,3,10,13,7,7,8,9,3,6,7,4,4,5,6,3,4,3,7,3,4,1,0,4,6,6,5,2,0,2,3,3,0,2,2,2,3,2,1,0,2,1,0,0,0,1,0,1,2,0,0,1,0,0,1,0,2,0,3,0,0,0,0,0,0,1,0,0,1,0,0,0,0,0,0,0,0,0,0,0,0,0,0,0,0,0,0,0,0,0,0,0,0,0,0,0,0,0,0,0,0,0,0,0,0,0,0,0,0,0,0,0,0
0,0,0,1,1,0,1,0,1,1,1,1,0,2,1,1,0,0,2,0,1,0,4,2,4,1,5,4,3,2,2,6,5,7,5,7,5,5,5,8,12,3,14,14,10,11,13,12,17,10,9,12,19,8,15,10,16,17,17,10,14,11,18,17,15,18,15,12,15,17,15,11,13,16,18,14,11,18,16,14,8,14,11,7,7,13,8,11,5,9,7,9,9,7,5,7,11,2,12,2,3,4,4,5,8,2,5,0,2,5,4,1,4,3,1,3,4,0,3,4,5,6,1,2,0,1,1,0,1,1,0,0,1,0,1,0,0,1,0,2,1,1,0,0,0,1,0,0,0,1,0,1,0,2,0,0,0,0,0,0,0,0,0,0,0,0,0,0,0,0,0,0,0,0,0,0,0,0,0,0,0,0,0,0,0,0,0,0,0,0,0,0,0,0,0,0,0,0,0,0
0,0,0,0,0,0,0,0,0,0,0,0,0,0,0,0,0,3,1,0,2,0,4,1,2,1,2,8,6,4,5,2,3,6,4,6,9,7,4,5,7,4,18,13,10,9,13,10,9,11,11,12,11,10,8,14,15,16,5,12,10,12,15,11,14,15,9,9,10,13,17,14,18,13,12,15,8,14,13,11,11,8,13,10,4,16,16,5,9,9,6,9,7,1,9,1,5,4,5,6,6,4,6,5,6,3,4,7,2,6,1,3,1,0,2,1,2,0,1,5,2,0,2,0,2,0,1,2,1,0,0,0,1,0,0,0,0,0,0,0,0,0,1,0,0,0,0,0,0,0,0,0,0,0,0,0,0,0,0,0,0,0,0,0,0,0,0,0,0,0,0,0,0,0,0,0,0,0,0,0,0,0,0,0,0,0,0,0,0,0,0,0,0,0,0,0,0,0,0,0
0,1,0,1,0,0,0,0,0,1,0,1,1,0,0,1,1,0,0,3,1,2,0,3,2,3,3,4,7,2,4,4,6,12,2,8,7,4,8,12,11,9,13,13,10,8,6,12,20,7,14,11,9,16,13,14,15,21,15,16,17,12,22,13,15,14,21,21,17,8,15,16,14,14,9,13,17,12,20,10,9,11,15,5,6,8,8,13,8,7,8,7,10,6,7,2,7,6,4,3,6,2,1,6,2,3,1,3,2,7,5,2,5,0,2,2,0,1,1,1,0,0,0,0,1,1,0,0,2,1,0,0,2,0,0,0,0,0,0,0,0,0,1,0,0,0,0,0,0,0,0,0,0,0,0,0,0,0,1,0,0,0,0,0,0,1,0,0,0,0,0,0,0,0,0,0,0,0,0,0,0,0,0,0,0,0,0,0,0,0,0,0,0,0,0,0,0,0,0,0
0,1,0,0,0,1,1,0,1,0,0,0,1,1,0,3,4,3,0,1,2,2,1,4,2,2,3,5,1,3,8,4,5,5,5,7,9,3,4,3,7,7,13,9,10,7,5,10,14,12,7,13,13,14,12,14,8,11,16,13,21,6,12,14,18,21,9,16,15,11,15,21,20,16,18,9,10,10,8,15,10,11,7,12,4,13,8,3,10,2,5,5,2,6,9,8,2,4,4,3,4,7,2,6,2,5,5,4,3,2,0,1,2,2,0,2,5,0,1,3,0,2,0,1,2,1,2,1,3,0,0,1,1,1,1,3,0,0,1,0,0,0,2,0,0,0,0,0,0,1,0,0,0,1,0,0,0,0,0,0,0,0,0,0,0,0,0,0,0,0,0,0,0,0,0,0,0,0,0,0,0,0,0,0,0,0,0,0,0,0,0,0,0,0,0,0,0,0,0,0
1,0,0,0,0,0,2,0,1,0,0,0,0,0,0,0,2,3,2,3,3,1,0,1,0,4,6,3,6,7,4,2,4,3,4,7,5,12,2,3,7,7,8,6,11,10,16,6,11,13,7,13,15,10,18,11,11,17,10,11,13,11,16,8,15,15,4,15,5,19,15,10,17,16,14,12,15,12,13,8,5,10,12,11,10,10,4,4,3,14,5,8,5,5,1,5,3,4,9,2,6,1,3,6,4,6,3,2,4,2,3,4,1,2,5,3,2,3,1,0,0,1,1,2,0,1,1,0,2,0,0,1,2,1,1,0,1,0,0,0,0,0,2,0,0,0,0,0,0,0,0,0,0,0,0,0,0,0,0,0,0,0,0,1,0,0,0,0,0,0,0,0,0,0,0,0,0,0,0,0,0,0,0,0,0,0,0,0,0,0,0,0,0,0,0,0,0,0,0,0
0,0,0,0,0,0,0,0,0,0,0,1,0,0,2,0,2,1,1,2,4,1,2,2,1,5,1,4,6,1,2,3,4,3,5,6,6,8,8,9,7,10,14,4,9,6,11,14,10,13,7,13,17,10,18,20,12,17,11,15,20,14,13,8,18,14,10,21,10,9,21,9,11,6,11,11,20,11,9,15,7,5,21,6,8,5,9,10,8,9,11,4,7,3,9,4,3,5,3,7,7,6,1,0,2,0,9,3,8,3,1,3,3,2,2,1,2,0,1,0,0,1,2,2,1,0,1,1,0,2,0,1,0,2,0,0,0,0,0,1,1,0,1,0,0,0,1,0,0,0,0,0,1,0,0,0,0,0,0,0,0,0,0,0,0,0,0,0,0,0,0,0,0,0,0,0,0,0,0,0,0,0,0,0,0,0,0,0,0,0,0,0,0,0,0,0,0,0,0,0
0,0,0,0,0,0,0,0,1,0,1,0,2,2,1,1,0,2,2,1,1,3,2,3,2,1,3,1,0,3,1,5,4,4,3,8,7,8,6,8,9,10,6,9,14,10,3,14,9,14,19,13,19,4,13,15,11,16,15,14,15,11,14,7,14,13,12,4,9,16,9,14,16,10,12,12,18,9,7,10,9,7,5,5,12,9,10,5,7,5,3,7,3,7,11,5,7,4,4,1,4,3,1,4,3,3,3,1,3,3,1,4,5,2,4,0,3,2,0,0,3,2,2,1,0,1,1,2,0,2,0,2,1,0,0,0,0,1,0,1,0,0,0,0,0,0,0,0,0,0,0,0,0,0,0,0,0,0,0,0,0,0,0,0,0,0,0,0,0,0,0,0,0,0,0,0,0,0,0,0,0,0,0,0,0,0,0,0,0,0,0,0,0,0,0,0,0,0,0,0
1,0,0,1,0,0,0,0,0,0,0,0,1,0,1,1,1,0,1,0,0,2,3,3,2,4,6,3,4,2,1,3,1,2,3,6,5,9,6,3,2,6,7,9,11,5,7,7,11,13,8,12,12,10,12,18,13,18,13,17,13,13,11,8,15,11,12,15,5,17,8,11,9,12,10,10,12,10,13,9,5,5,6,10,8,7,8,9,9,4,2,5,6,3,9,6,4,3,3,6,6,1,1,6,5,3,2,5,3,1,1,1,4,3,3,1,2,2,1,0,0,0,1,1,1,0,1,0,0,1,3,0,1,0,0,0,1,0,0,0,0,1,1,0,1,0,0,0,0,0,0,1,0,0,0,0,0,0,0,0,0,0,0,0,0,0,0,0,0,0,0,0,0,0,0,0,0,0,0,0,0,0,0,0,0,0,0,0,0,0,0,0,0,0,0,0,0,0,0,0
0,1,0,0,1,0,0,0,1,1,0,1,1,0,0,2,0,1,2,0,3,2,1,2,1,2,4,2,0,3,3,4,3,6,5,8,2,3,10,8,4,4,7,6,15,14,10,12,13,9,8,20,13,14,20,8,8,13,19,9,11,14,8,9,13,10,9,10,20,13,8,10,18,17,19,15,8,9,7,8,8,9,7,10,8,5,8,10,3,5,6,5,7,10,7,5,7,4,2,5,2,4,5,4,2,2,2,5,3,1,0,3,1,0,3,4,1,5,0,2,1,4,1,1,1,1,0,2,0,1,0,0,3,1,0,1,1,0,1,0,1,0,1,0,0,0,0,0,1,0,0,0,0,0,0,0,0,0,0,0,0,0,0,0,0,0,0,0,0,0,0,0,0,0,0,0,0,0,0,0,0,0,0,0,0,0,0,0,0,0,0,0,0,0,0,0,0,0,0,0
0,0,0,0,0,0,0,1,0,0,0,1,1,2,2,0,1,0,0,0,0,1,1,1,3,0,0,4,3,1,2,1,5,9,2,1,5,8,8,2,3,9,5,4,8,14,12,5,10,9,12,13,8,11,16,13,11,6,13,19,12,13,5,12,17,13,12,16,6,12,11,9,13,9,14,14,15,10,8,15,6,6,3,6,4,8,3,4,8,2,6,4,5,1,5,2,3,1,4,7,2,2,3,3,3,0,2,5,1,1,0,4,5,1,2,4,0,3,2,3,1,2,1,1,2,2,1,1,1,1,1,0,0,0,0,1,0,0,0,0,0,0,0,0,0,0,0,0,0,0,0,0,0,0,0,0,0,0,0,0,0,0,0,0,0,0,0,0,0,0,0,0,0,0,0,0,0,0,0,0,0,0,0,0,0,0,0,0,0,0,0,0,0,0,0,0,0,0,0,0
0,0,0,0,0,0,0,1,0,2,2,1,0,0,0,1,0,2,0,1,1,3,2,1,1,2,1,3,4,2,4,5,0,8,5,3,6,6,4,5,5,6,9,6,11,8,14,8,14,9,8,7,7,8,8,8,13,10,14,9,19,14,13,15,11,13,15,15,9,5,6,6,17,3,10,6,10,11,15,4,6,6,6,7,8,10,2,4,6,9,8,7,6,4,1,5,5,3,4,4,7,4,2,5,1,2,2,3,2,4,2,5,4,3,1,0,2,1,3,0,0,0,1,1,2,1,2,1,0,0,0,1,1,1,0,1,0,1,0,1,1,0,0,0,0,0,0,0,0,0,0,0,0,0,0,0,0,0,0,0,0,0,0,0,0,0,0,0,0,0,0,0,0,0,0,0,0,0,0,0,0,0,0,0,0,0,0,0,0,0,0,0,0,0,0,0,0,0,0,0
0,0,0,0,0,0,0,0,0,0,2,0,0,2,0,0,0,1,1,1,1,0,1,1,1,0,1,2,1,1,5,7,2,2,4,6,3,4,8,9,6,4,12,8,7,9,5,6,6,16,12,14,14,15,9,8,10,9,12,5,9,12,13,6,6,20,13,11,18,16,13,8,7,11,6,7,8,11,9,6,8,5,7,3,15,6,8,5,10,5,6,4,4,6,3,6,2,5,4,4,4,4,1,6,2,1,3,4,2,2,3,1,2,3,0,1,0,3,1,2,1,3,2,0,1,1,0,1,0,0,1,0,1,0,0,0,0,0,0,0,0,0,0,1,1,0,0,0,0,0,0,0,0,0,0,0,0,0,0,0,0,1,0,0,0,0,0,0,0,0,0,0,0,0,0,0,0,0,0,0,0,0,0,0,0,0,0,0,0,0,0,0,0,0,0,0,0,0,0,0
0,1,0,0,0,0,0,0,0,1,0,1,1,2,0,1,1,0,1,0,1,2,1,1,2,3,1,2,2,7,1,1,4,6,8,5,7,5,8,8,9,9,5,8,9,3,14,7,6,12,14,11,8,11,10,16,10,14,11,19,8,13,10,8,17,16,9,15,16,11,11,11,11,8,11,17,12,9,10,5,2,9,4,8,5,9,8,6,5,4,4,10,7,4,4,4,3,4,5,3,6,3,4,3,1,2,2,1,3,4,0,1,2,1,2,1,0,0,0,0,0,0,2,2,2,0,0,2,0,1,0,1,0,2,0,0,1,0,1,0,0,0,1,0,0,0,1,0,0,0,0,1,0,0,0,0,0,0,0,0,0,0,0,0,0,0,0,0,0,0,0,0,0,0,0,0,0,0,0,0,0,0,0,0,0,0,0,0,0,0,0,0,0,0,0,0,0,0,0,0
1,0,0,0,0,0,0,0,0,1,1,0,2,1,0,0,1,0,0,2,0,3,1,0,3,2,2,2,1,0,4,1,2,7,4,4,5,10,9,6,7,6,8,4,8,7,7,5,9,8,12,14,6,10,14,11,9,11,7,7,12,7,13,7,15,7,12,12,9,9,20,14,6,13,7,6,9,12,8,6,6,2,7,4,12,10,6,4,5,6,4,6,4,6,6,2,5,5,5,2,2,3,2,4,3,2,3,5,2,5,2,0,2,0,2,1,0,1,1,2,0,2,0,2,1,0,0,0,1,0,1,0,0,2,1,0,0,1,0,0,0,0,0,0,0,0,0,0,0,0,0,0,0,0,1,0,0,0,0,0,0,0,0,0,0,0,0,0,0,0,0,0,0,0,0,0,0,0,0,0,0,0,0,0,0,0,0,0,0,0,0,0,0,0,0,0,0,0,0,0
0,0,0,0,0,0,1,0,0,0,0,3,0,1,1,0,0,0,1,0,0,2,2,3,1,3,1,2,0,5,6,1,4,5,6,7,4,11,3,7,5,5,10,3,11,8,13,4,5,12,4,12,5,13,6,10,11,13,8,13,5,9,6,12,12,14,10,6,15,17,7,10,10,6,14,4,8,11,6,5,12,5,6,7,6,5,8,2,5,2,4,4,6,2,3,3,3,3,2,5,0,3,2,6,3,6,2,2,1,1,2,1,1,1,0,2,3,3,0,2,1,0,0,1,0,2,1,1,1,0,0,0,1,1,0,0,1,0,0,0,0,0,1,0,0,1,0,0,0,0,0,1,0,0,0,0,0,0,0,0,0,0,1,0,0,0,0,0,0,0,0,0,0,0,0,0,0,0,0,0,0,0,0,0,0,0,0,0,0,0,0,0,0,0,0,0,0,0,0,0
0,1,0,0,0,0,0,0,2,0,2,0,0,0,1,2,1,0,0,0,0,1,1,1,3,3,3,1,0,2,6,3,7,1,2,7,5,8,8,5,7,4,8,5,5,8,7,6,6,7,12,11,8,3,9,6,8,7,9,9,13,7,12,18,12,7,10,9,10,11,12,6,8,10,12,8,11,9,7,12,4,14,7,7,8,8,5,8,6,5,2,4,7,5,5,2,8,1,4,5,5,3,6,7,6,4,3,0,0,1,1,0,1,1,1,1,2,3,2,1,1,0,0,0,0,0,1,2,3,1,0,2,0,1,0,0,0,0,0,0,0,1,0,0,0,0,0,0,0,0,0,0,0,0,0,0,0,0,0,0,1,0,0,0,0,0,0,0,0,0,0,0,0,0,0,0,0,0,0,0,0,0,0,0,0,0,0,0,0,0,0,0,0,0,0,0,0,0,0,0
0,0,0,0,0,1,0,1,0,0,1,0,1,1,0,0,2,0,0,1,0,0,0,2,0,3,1,2,2,0,1,2,4,2,2,5,4,6,7,3,8,6,6,10,10,8,8,5,8,8,12,5,9,5,10,7,11,12,11,15,15,8,12,9,10,14,5,12,6,4,10,1,4,10,6,7,8,5,5,9,2,6,11,4,8,5,5,2,5,3,6,2,4,8,3,5,0,4,4,4,2,5,4,3,4,4,2,1,4,1,2,3,0,3,0,4,1,2,1,0,0,1,1,0,0,1,0,1,0,0,0,0,0,0,0,1,0,0,0,1,0,0,0,1,1,0,0,0,0,0,0,0,0,0,0,0,0,0,0,0,0,0,0,0,0,0,0,0,0,0,0,0,0,0,0,0,0,0,0,0,0,0,0,0,0,0,0,0,0,0,0,0,0,0,0,0,0,0,0,0
0,0,0,0,0,0,0,0,0,1,0,0,0,1,0,0,0,1,1,1,0,1,1,2,0,2,1,2,1,2,0,3,6,2,4,8,2,1,2,8,4,6,7,8,3,5,6,8,8,8,6,12,8,4,6,6,9,8,10,11,13,10,9,4,13,11,7,8,7,10,10,7,6,12,6,6,5,9,13,8,5,4,4,7,1,5,9,9,5,2,9,8,3,4,3,2,3,4,1,4,1,2,1,5,8,3,0,3,1,1,0,1,0,2,0,1,2,1,1,1,4,0,0,0,1,1,0,0,0,2,0,0,0,0,0,0,0,0,0,1,1,0,1,0,0,0,0,0,0,0,0,0,0,0,0,0,0,0,0,0,0,0,0,0,0,0,0,0,0,0,0,0,0,0,0,0,0,0,0,0,0,0,0,0,0,0,0,0,0,0,0,0,0,0,0,0,0,0,0,0
1,0,0,1,0,0,2,0,0,2,3,1,0,0,0,0,0,0,2,1,3,3,2,0,3,2,1,3,6,1,2,1,4,3,3,4,10,5,7,7,5,4,2,5,8,6,5,6,5,11,3,6,13,7,10,10,3,10,12,5,11,9,7,6,4,6,6,10,9,2,12,5,12,10,9,7,11,7,7,9,6,7,4,3,4,5,2,6,2,4,9,4,6,1,1,1,6,5,2,1,1,1,4,3,3,4,2,3,1,1,1,2,1,1,1,2,3,1,0,1,0,1,1,1,1,0,1,0,0,0,0,0,2,0,0,0,0,0,1,0,0,1,0,0,0,0,1,0,0,0,0,0,0,0,0,0,0,0,0,0,0,0,0,0,0,0,0,0,0,0,0,0,0,0,0,0,0,0,0,0,0,0,0,0,0,0,0,0,0,0,0,0,0,0,0,0,0,0,0,0
0,0,0,1,0,0,0,0,1,0,1,0,0,0,0,2,0,0,2,0,1,2,1,1,2,1,1,2,0,1,6,3,1,4,4,5,6,3,4,2,4,3,10,6,3,6,7,6,6,9,3,8,6,12,6,4,7,7,12,10,11,12,11,12,8,6,15,11,10,11,13,8,8,7,7,13,10,9,10,5,7,11,7,4,5,4,4,9,3,10,4,4,6,2,5,6,1,4,3,1,4,5,3,1,1,4,3,5,1,2,2,0,4,1,1,3,0,2,0,2,2,1,0,0,0,2,0,2,0,1,1,0,0,0,0,0,0,0,0,0,1,0,0,0,0,0,0,0,0,0,0,0,0,0,0,0,0,0,0,0,0,0,0,0,0,0,0,0,0,0,0,0,0,0,0,0,0,0,0,0,0,0,0,0,0,0,0,0,0,0,0,0,0,0,0,0,0,0,0,0
0,0,0,1,0,0,1,0,0,0,0,0,0,0,1,1,0,0,0,0,0,3,2,2,1,4,1,2,2,2,1,4,3,6,3,4,4,4,10,5,5,3,10,2,13,11,7,6,10,7,6,11,8,6,8,7,10,5,6,10,8,14,11,7,8,9,12,11,11,10,8,7,11,5,10,9,7,6,5,6,5,13,3,6,5,5,6,5,4,5,6,0,6,3,4,3,1,1,4,2,2,1,4,0,1,2,2,1,3,1,0,2,2,1,1,2,1,2,0,3,0,0,0,2,0,1,0,2,0,0,0,0,0,0,0,0,0,0,0,0,0,0,0,0,1,0,0,0,0,0,0,0,0,0,0,0,0,0,0,0,0,0,0,0,0,0,0,0,0,0,0,0,0,0,0,0,0,0,0,0,0,0,0,0,0,0,0,0,0,0,0,0,0,0,0,0,0,0,0,0
0,0,0,0,1,0,0,0,2,0,0,0,0,1,1,1,1,0,0,0,1,0,0,1,2,0,2,2,0,0,3,2,5,6,2,5,9,3,2,3,4,2,4,10,7,2,6,7,6,4,5,2,2,11,4,8,8,8,11,9,11,5,10,12,11,13,7,10,10,5,7,6,10,6,1,6,6,9,7,8,5,5,3,2,3,5,6,3,7,1,3,5,3,8,10,3,3,5,4,3,3,3,1,4,4,1,1,1,1,1,1,2,2,2,1,2,0,0,1,2,1,1,1,0,0,4,1,2,0,0,2,1,0,1,0,0,0,0,0,0,0,0,0,0,0,2,0,0,0,0,0,0,0,0,0,0,0,0,0,0,0,0,0,0,0,0,0,0,0,0,0,0,0,0,0,0,0,0,0,0,0,0,0,0,0,0,0,0,0,0,0,0,0,0,0,0,0,0,0,0
0,0,0,1,0,0,0,0,0,0,0,1,1,2,0,1,1,0,1,0,1,1,0,1,1,0,2,2,3,2,3,0,3,7,2,2,2,5,8,6,3,4,5,6,5,10,7,6,7,5,6,7,6,6,6,13,9,11,6,10,4,9,9,5,6,6,9,9,10,11,11,7,3,10,6,5,6,8,5,6,3,7,7,4,8,6,7,4,6,4,2,5,6,6,4,1,1,3,1,1,2,0,0,1,3,4,2,5,1,0,2,4,3,0,3,0,0,0,1,0,2,1,0,2,0,1,0,0,0,0,0,0,1,0,0,2,0,1,0,0,0,0,0,0,0,0,0,0,1,0,0,0,0,0,0,0,1,0,0,0,0,0,0,0,0,0,0,0,0,0,0,0,0,0,1,0,0,0,0,0,0,0,0,0,0,0,0,0,0,0,0,0,0,0,0,0,0,0,0,0
0,0,0,1,0,0,0,0,0,0,1,0,0,0,0,0,0,0,0,0,2,0,2,1,0,2,1,1,1,0,3,2,2,4,4,3,5,3,5,2,3,8,4,9,6,5,4,10,5,6,5,9,7,11,7,6,8,9,11,7,13,8,10,4,7,13,8,13,7,7,6,11,9,3,10,6,10,13,9,2,4,5,8,3,6,8,5,8,4,4,1,2,3,2,3,4,2,0,5,0,5,2,5,8,4,0,2,0,1,0,1,3,1,1,0,0,0,0,0,0,1,0,1,1,2,1,0,1,0,0,0,0,0,0,0,1,0,0,0,0,0,0,1,1,0,0,0,0,0,0,0,0,0,0,0,0,0,0,1,0,0,0,0,0,0,0,0,0,0,0,0,0,0,0,0,0,0,0,0,0,0,0,0,0,0,0,0,0,0,0,0,0,0,0,0,0,0,0,0,0
1,0,0,0,0,0,0,0,0,0,0,1,0,0,0,1,3,2,1,0,0,1,0,1,0,0,2,3,0,4,2,4,5,4,4,1,3,7,2,2,8,3,4,7,14,4,7,7,8,6,6,7,7,7,10,7,6,6,6,13,10,10,10,8,6,5,9,5,8,8,7,11,12,4,8,9,8,4,8,6,4,6,8,4,4,3,6,4,5,3,2,6,1,1,4,3,4,1,2,2,0,8,3,7,3,1,1,2,2,2,0,0,1,6,1,0,2,4,2,1,0,1,0,2,0,0,0,0,1,0,3,1,0,1,0,0,0,0,0,0,0,0,0,0,0,0,0,1,0,0,0,0,0,0,0,0,0,0,0,0,0,0,0,0,0,0,0,0,0,0,0,0,0,0,0,0,0,0,0,0,0,0,0,0,0,0,0,0,0,0,0,0,0,0,0,0,0,0,0,0
0,0,1,0,1,0,0,0,0,0,0,1,0,2,0,0,0,0,1,0,4,0,0,3,1,0,3,0,3,1,4,3,4,0,4,8,7,3,0,6,4,5,4,5,5,8,4,4,6,7,5,6,8,6,6,9,6,13,8,10,5,7,7,9,5,13,7,6,6,6,3,9,2,11,4,4,7,8,8,6,5,7,7,3,4,4,7,3,3,3,2,3,5,3,1,2,3,2,3,3,0,1,1,0,4,1,1,1,3,1,1,0,2,1,1,2,2,0,0,1,0,2,1,0,0,1,1,2,2,1,1,0,2,2,0,1,1,0,0,0,0,1,0,0,0,1,0,1,0,0,0,0,0,1,0,0,0,0,0,0,0,0,0,0,0,0,0,0,0,0,0,0,0,0,0,0,0,0,0,0,0,0,0,0,0,0,0,0,0,0,0,0,0,0,0,0,0,0,0,0
0,0,0,0,0,0,0,0,0,1,0,0,1,0,1,1,3,1,1,3,2,1,2,1,0,3,2,3,1,2,2,1,2,1,3,7,4,9,2,6,8,1,7,4,3,9,7,5,8,7,8,7,2,6,8,7,2,6,5,4,7,9,10,7,7,9,7,8,8,7,7,9,11,3,9,6,5,6,4,6,6,3,5,6,4,2,4,5,2,4,4,1,3,1,3,2,3,3,2,1,0,1,0,2,3,3,2,1,2,1,1,1,1,4,2,1,0,0,2,2,1,0,0,2,0,0,0,1,0,0,0,1,2,0,1,1,0,0,0,0,0,0,1,0,0,0,0,0,0,0,0,0,0,0,0,0,0,0,0,0,0,0,0,0,0,0,0,0,0,0,0,0,0,0,0,0,0,0,0,0,0,0,0,0,0,0,0,0,0,0,0,0,0,0,0,0,0,0,0,0
0,0,0,0,0,0,0,0,0,0,0,0,0,0,0,1,0,1,1,0,2,1,1,2,1,0,3,2,2,1,0,2,2,3,2,4,2,3,5,3,4,7,3,9,5,6,12,6,5,5,3,7,6,11,3,10,9,9,7,6,9,15,5,9,7,8,5,3,8,8,7,6,6,8,5,1,5,5,6,3,7,6,4,3,3,2,6,3,4,6,7,7,4,3,0,4,3,1,6,2,3,1,3,1,1,1,2,2,3,0,2,2,0,1,2,2,0,1,1,0,0,2,2,0,1,0,1,0,0,0,0,0,0,0,0,0,0,1,0,0,0,0,0,0,0,0,0,0,0,0,1,0,1,1,0,0,0,1,0,0,0,0,0,0,0,0,0,0,0,0,0,0,0,0,0,1,0,0,0,0,0,0,0,0,0,0,0,0,0,0,0,0,0,0,0,0,0,0,0,0
1,0,0,0,0,0,0,0,0,1,1,1,0,0,1,1,0,1,1,0,1,2,0,1,0,1,4,3,1,2,3,3,3,3,1,2,2,5,2,4,6,2,1,2,5,3,9,8,9,6,6,4,6,8,11,11,7,4,12,8,8,7,8,10,12,5,8,5,7,9,6,9,10,4,8,4,2,3,4,9,7,5,8,2,1,4,5,4,2,6,2,5,5,1,6,2,1,7,3,2,3,2,1,1,2,0,2,4,1,0,2,0,0,0,0,0,2,1,0,0,0,0,0,1,0,1,0,1,0,1,0,0,1,0,0,0,2,1,0,0,0,1,0,1,0,0,0,0,1,1,0,0,0,0,0,0,0,0,0,0,0,0,0,0,0,1,0,0,0,0,0,0,0,0,0,0,0,0,0,0,0,0,0,0,0,0,0,0,0,0,0,0,0,0,0,0,0,0,0,0
0,0,0,0,0,0,1,0,1,0,1,0,0,0,0,0,1,1,0,0,0,2,1,2,0,0,0,1,0,3,0,4,1,2,3,4,6,5,0,3,2,5,3,4,8,8,2,8,6,8,6,6,5,10,6,7,6,5,9,10,8,9,10,7,4,5,5,3,1,3,4,6,6,3,6,6,5,10,4,9,7,7,4,3,3,5,6,4,2,3,4,2,4,1,3,3,6,0,4,2,1,2,3,0,3,1,1,1,4,3,2,0,3,1,0,1,0,1,0,1,0,1,2,0,1,1,1,2,0,0,0,0,0,1,0,0,0,0,1,0,0,0,0,0,0,0,0,0,0,1,1,0,0,0,0,0,0,0,0,0,0,0,0,0,0,0,0,0,0,0,0,0,0,0,0,0,0,0,0,0,0,1,0,0,0,0,0,0,0,0,0,0,0,0,0,0,0,0,0,0
0,0,0,0,0,0,0,0,1,0,0,0,0,0,0,0,1,1,0,0,1,1,4,2,1,2,1,2,2,3,2,2,0,5,3,4,2,3,7,8,4,5,6,3,1,4,5,9,10,3,10,7,5,3,5,4,8,2,4,5,6,3,4,9,10,11,7,4,5,8,4,9,4,6,5,5,5,6,5,5,3,5,6,4,7,5,7,4,8,4,1,2,1,0,5,6,3,0,3,0,5,2,2,1,1,3,0,2,2,0,2,1,0,2,3,1,1,0,1,2,0,1,0,1,0,2,0,0,0,1,0,0,0,0,0,0,0,0,0,0,0,0,0,1,0,0,0,0,0,0,0,0,0,0,0,0,0,0,0,0,0,0,0,0,0,0,0,0,0,0,0,0,0,0,0,0,0,0,0,0,0,0,0,0,0,0,0,0,0,0,0,0,0,0,0,0,0,0,0,0
0,0,0,0,0,0,0,0,1,0,0,0,0,0,1,1,0,0,0,1,1,0,0,2,0,0,1,3,3,1,1,4,2,0,2,7,2,4,3,4,2,5,3,3,3,1,3,10,8,7,8,8,3,5,7,6,5,5,8,8,15,4,5,9,6,8,9,8,7,7,5,6,7,5,1,6,6,5,10,5,0,3,6,3,2,7,6,8,2,4,2,2,2,7,3,1,1,4,3,2,1,1,1,0,1,3,3,0,1,3,1,0,1,0,0,1,1,0,0,1,0,2,0,0,0,3,0,0,0,1,0,0,0,0,0,0,1,0,0,0,0,0,0,0,1,0,0,0,0,0,0,0,0,0,0,0,0,0,0,0,0,0,0,0,0,0,0,0,0,0,0,0,0,0,0,0,0,0,0,0,0,0,0,0,0,0,0,0,0,0,0,0,0,0,0,0,0,0,0,0
1,0,0,0,0,1,0,0,0,0,1,1,0,1,0,0,0,0,1,0,0,0,0,0,2,0,1,1,1,1,0,5,2,1,2,0,2,3,2,4,2,5,6,2,6,4,2,2,3,3,7,8,7,12,5,15,5,10,6,9,5,12,6,4,4,6,6,7,2,7,4,4,11,7,5,8,6,4,6,4,2,6,5,3,4,0,3,3,4,0,1,0,3,1,2,5,2,2,3,0,2,4,2,0,1,2,1,2,2,2,1,0,1,0,1,0,1,0,1,0,1,2,2,0,0,0,0,0,0,0,0,1,0,0,0,0,0,0,0,0,0,0,0,0,0,0,0,0,0,1,0,0,0,0,0,0,0,0,0,0,0,0,0,0,0,0,0,0,0,0,0,0,0,0,0,0,0,0,0,0,0,0,0,0,0,0,0,0,0,0,0,0,0,0,0,0,0,0,0,0
0,0,0,0,0,0,0,0,0,0,0,0,0,0,1,1,2,0,0,0,0,0,1,2,3,0,1,1,3,3,2,4,3,4,1,6,6,3,2,6,5,4,0,3,4,8,7,5,5,8,5,10,4,2,6,7,8,4,8,1,8,4,10,6,6,6,2,3,7,6,5,4,4,5,4,7,3,2,5,5,9,7,1,2,3,6,5,2,2,3,2,3,3,3,1,2,3,1,0,3,2,2,1,0,3,0,0,2,3,1,1,1,0,0,0,2,0,0,0,0,0,1,1,1,1,0,0,1,0,0,1,0,0,0,0,0,2,0,0,0,0,0,0,0,0,0,0,0,0,0,0,0,0,0,0,0,0,0,0,0,0,0,0,0,0,0,0,0,0,0,0,0,0,0,0,0,0,0,0,0,0,0,0,0,0,0,0,0,0,0,0,0,0,0,0,0,0,0,0,0
0,0,0,0,0,0,0,0,0,0,0,0,1,1,0,0,1,2,0,0,4,1,3,1,1,4,0,1,0,2,0,3,1,3,6,7,0,4,3,6,9,1,5,4,2,8,12,4,6,7,3,2,3,2,6,9,3,7,6,6,7,9,7,5,1,7,7,4,9,5,9,4,4,8,3,6,5,11,3,6,0,3,9,2,5,4,2,5,6,2,2,2,1,4,3,2,0,0,2,1,1,0,2,3,0,0,3,3,1,0,2,1,1,0,0,0,2,1,0,0,0,1,0,0,0,1,0,0,0,2,0,0,0,0,0,0,0,0,0,0,0,0,0,0,0,0,0,0,0,0,0,0,0,0,0,0,0,0,0,0,0,0,0,0,0,0,0,0,0,0,0,0,0,0,0,0,0,0,0,0,0,0,0,0,0,0,0,0,0,0,0,0,0,0,0,0,0,0,0,0
0,0,0,1,0,0,0,0,1,0,0,0,0,0,1,2,0,0,0,2,0,3,0,0,0,1,1,1,2,1,1,0,2,1,4,5,2,3,6,1,6,2,7,7,4,7,6,4,15,6,5,10,7,6,3,7,7,6,9,4,2,7,9,3,2,10,4,5,6,5,1,6,10,9,4,5,4,6,2,4,5,4,3,3,8,2,2,2,3,4,5,1,3,5,2,2,2,2,3,4,2,0,1,2,1,0,4,0,1,1,1,0,1,1,0,2,0,2,0,1,0,1,1,0,1,0,0,0,0,1,0,0,0,0,1,0,0,0,0,0,0,0,0,0,0,0,0,1,0,0,0,0,0,0,0,0,0,0,1,0,0,0,0,0,0,0,0,0,0,0,0,0,0,0,0,0,0,0,0,0,0,0,0,0,0,0,0,0,0,0,0,0,0,0,0,0,0,0,0,0
0,0,1,0,0,0,0,1,0,0,2,0,1,2,1,1,0,0,0,0,0,1,1,1,1,0,1,1,1,1,1,4,3,2,2,6,5,1,2,4,3,3,4,3,4,7,7,6,8,4,7,11,5,4,5,4,6,8,5,1,7,2,5,4,6,4,2,8,8,9,4,8,6,6,5,2,5,8,0,3,8,4,5,4,1,3,4,4,1,0,2,2,4,4,6,4,0,3,1,2,3,1,0,3,1,0,1,0,3,2,2,1,0,0,1,2,0,0,0,1,1,1,1,0,0,0,0,1,0,2,0,0,0,1,0,0,0,1,1,0,0,0,0,0,0,0,0,0,0,0,0,0,0,0,0,0,0,0,0,2,0,0,0,0,0,0,0,0,0,0,0,0,0,0,0,0,0,0,0,0,0,0,0,0,0,0,0,0,0,0,0,0,0,0,0,0,0,0,0,0
0,0,0,1,0,0,0,0,0,0,0,0,0,0,1,0,1,0,1,2,1,0,0,3,1,0,3,1,1,2,1,2,2,4,2,2,4,2,1,5,6,3,2,5,4,3,1,6,4,6,6,5,7,3,4,3,5,9,2,6,2,8,3,6,5,3,5,4,9,4,4,4,2,5,7,5,5,5,4,7,2,3,6,4,5,6,4,3,2,1,4,0,0,2,1,4,4,1,0,1,0,3,0,0,1,3,0,1,0,2,1,4,0,2,1,3,1,2,0,1,0,0,0,0,0,0,1,0,0,0,2,1,1,4,0,0,0,0,0,0,1,0,0,0,1,0,0,0,0,0,0,0,1,0,0,0,0,0,0,0,0,0,0,0,0,0,0,0,0,0,0,0,0,0,0,0,0,0,0,0,0,0,0,0,0,0,0,0,0,0,0,0,0,0,0,0,0,0,0,0
0,0,0,0,0,0,0,0,0,1,0,0,0,0,0,0,0,0,0,0,1,0,0,2,0,1,1,1,2,2,1,3,1,4,1,0,5,6,3,6,2,4,8,4,2,4,2,3,3,3,9,8,10,2,5,15,6,3,3,3,2,4,9,5,5,5,11,5,7,9,4,8,6,3,3,5,4,6,9,4,4,4,3,2,2,1,2,3,5,3,2,5,6,2,1,2,6,0,1,1,3,0,2,0,2,1,0,0,0,1,2,0,1,1,0,2,0,0,0,1,0,1,0,1,0,0,2,0,0,0,0,0,2,0,0,0,1,1,0,0,0,0,0,0,0,0,0,0,0,0,0,0,0,0,0,0,0,0,0,0,0,0,0,0,0,0,0,0,0,0,0,0,0,0,0,0,0,0,0,0,0,0,0,0,0,0,0,0,0,0,0,0,0,0,0,0,0,0,0,0
0,0,0,0,0,0,0,0,1,0,0,0,1,1,0,1,1,0,0,0,2,0,1,0,1,0,2,1,0,2,2,0,3,1,3,2,1,2,5,7,5,5,6,2,4,4,6,3,5,5,4,7,6,8,4,8,2,9,5,6,5,9,2,6,5,4,9,3,3,3,6,5,7,7,6,4,1,3,4,4,3,3,6,5,3,7,3,4,1,2,2,3,3,4,0,1,1,1,4,4,3,0,2,0,0,0,1,0,0,1,2,1,3,1,0,0,0,0,0,0,0,0,0,0,1,1,1,0,1,0,0,0,0,0,0,0,0,0,0,0,0,0,0,0,0,0,0,0,0,0,0,0,0,0,0,0,0,0,0,0,0,0,0,0,0,0,0,0,0,0,0,0,0,0,0,0,0,0,0,0,0,0,0,0,0,0,0,0,0,0,0,0,0,0,0,0,0,0,0,0
0,0,0,0,0,0,0,0,0,0,0,0,3,0,0,0,0,0,0,0,3,1,2,2,0,1,0,1,4,2,2,0,2,0,2,2,3,4,2,2,7,2,1,4,1,4,6,2,2,5,7,5,3,5,2,3,8,5,6,5,2,4,5,3,4,6,5,6,9,6,5,4,8,2,0,2,4,2,8,2,2,2,3,6,4,1,4,2,2,3,4,1,2,2,3,5,1,3,2,1,1,1,4,0,1,2,0,1,0,1,2,1,3,0,0,0,1,1,0,0,0,0,0,2,0,0,1,0,0,0,0,0,1,0,0,0,0,0,0,0,0,0,0,0,0,0,0,0,0,0,0,0,0,0,0,0,0,0,0,0,0,0,0,0,0,0,0,0,0,0,0,0,0,0,0,0,0,0,0,0,0,0,0,0,0,0,0,0,0,0,0,0,0,0,0,0,0,0,0,0
0,0,0,0,0,0,0,1,0,0,0,0,0,1,0,0,1,0,0,1,1,1,0,2,2,0,1,2,3,2,1,3,3,7,3,1,2,4,4,1,7,1,5,3,3,2,6,3,5,6,8,7,3,6,3,5,3,5,6,6,8,4,7,5,4,8,7,7,11,5,4,8,3,4,5,2,4,4,4,3,4,6,5,2,3,4,3,4,4,5,3,1,0,3,0,2,3,2,1,1,1,0,2,2,3,1,2,2,2,4,0,2,1,0,1,2,2,0,0,0,1,0,0,0,1,0,0,0,0,1,0,0,0,0,0,0,0,0,0,0,0,0,0,1,0,0,0,0,0,0,0,0,0,0,0,0,1,0,0,0,0,0,0,0,0,0,0,0,0,0,0,0,0,0,0,0,0,0,0,0,0,0,0,0,0,0,0,0,0,0,0,0,0,0,0,0,0,0,0,0
0,0,0,0,1,0,0,0,0,0,0,0,0,0,0,0,0,0,1,0,1,1,1,1,0,1,2,1,1,1,4,1,4,2,2,0,2,4,2,4,2,4,3,6,5,2,3,2,8,4,5,4,4,5,6,4,8,8,6,4,8,12,5,10,2,2,2,1,3,8,7,12,3,3,5,4,4,3,3,4,7,3,3,3,2,5,1,3,1,0,1,1,0,2,2,2,2,2,1,0,1,0,3,1,0,3,1,1,2,3,1,2,2,0,1,1,0,1,0,0,0,0,2,1,0,0,1,0,0,0,0,0,2,0,1,0,0,0,0,0,0,0,0,0,0,0,0,0,0,0,0,0,0,0,0,0,1,0,0,0,0,0,0,0,0,0,0,0,0,0,0,0,0,0,0,0,0,0,0,0,0,0,0,0,0,0,0,0,0,0,0,0,0,0,0,0,0,0,0,0
1,1,0,0,0,0,1,0,0,0,0,0,1,1,0,1,0,0,3,1,0,0,1,2,0,1,0,1,1,0,1,0,1,3,3,1,4,4,3,3,3,1,3,2,1,7,2,3,5,5,3,5,5,4,8,5,5,5,4,4,4,4,8,8,1,2,2,3,3,3,4,4,3,4,4,2,5,2,4,9,3,4,6,1,1,3,3,2,1,2,3,0,4,1,1,2,2,0,1,0,5,1,0,0,1,1,1,1,2,1,0,1,5,0,0,1,2,0,0,2,0,0,1,1,0,0,0,0,1,0,0,1,0,0,0,0,0,0,0,1,0,0,0,0,0,0,0,0,0,0,0,0,0,0,0,0,0,0,0,0,0,0,0,0,0,0,0,0,0,0,0,0,0,0,0,0,0,0,0,0,0,0,0,0,0,0,0,0,0,0,0,0,0,0,0,0,0,0,0,0
0,0,0,0,0,0,1,0,1,0,1,0,0,0,0,0,0,1,0,0,1,0,1,0,2,1,2,2,2,1,1,1,1,0,4,2,2,5,6,1,2,3,3,6,0,6,6,6,2,4,7,5,4,6,1,6,5,6,3,3,5,3,2,3,5,4,2,4,2,6,1,7,1,2,6,4,4,5,3,2,7,0,5,3,1,4,3,0,7,1,3,2,1,3,2,0,2,3,1,1,0,1,0,2,1,0,0,1,2,1,1,0,0,1,0,1,1,0,1,0,0,0,1,1,0,0,0,1,1,0,0,0,0,0,0,0,0,0,0,0,1,0,1,0,0,0,0,0,0,0,0,0,0,0,0,0,0,0,0,0,0,0,0,0,0,0,0,0,0,0,0,0,0,0,0,0,0,0,0,0,0,0,0,0,0,0,0,0,0,0,0,0,0,0,0,0,0,0,0,0
0,0,0,1,0,0,0,0,0,0,0,0,0,0,1,1,0,2,0,1,0,1,2,0,0,0,0,2,1,0,0,1,0,2,1,0,3,1,2,4,1,7,5,2,6,5,1,1,4,5,1,5,2,9,4,12,4,5,6,9,8,3,5,2,2,3,7,5,7,3,4,4,1,4,7,3,4,1,0,1,4,1,0,2,2,1,1,0,2,3,2,2,0,2,1,3,2,1,4,1,1,2,5,3,0,0,2,2,2,0,0,2,1,2,1,1,0,2,2,0,1,0,0,0,0,0,0,0,0,0,0,1,0,0,0,0,0,0,0,0,1,0,0,0,0,0,0,0,0,1,0,0,0,0,0,0,0,0,0,0,0,0,0,0,0,0,0,0,0,0,0,0,0,0,0,0,0,0,0,0,0,0,0,0,0,0,0,0,0,0,0,0,0,0,0,0,0,0,0,0
0,0,0,0,0,0,0,0,0,0,0,0,0,0,1,1,1,0,1,0,3,1,0,0,2,0,2,1,0,4,2,3,1,2,1,2,4,3,1,1,7,1,3,1,2,4,1,6,3,3,6,4,3,3,3,6,4,2,5,6,1,3,4,6,1,5,3,3,3,4,1,5,8,2,3,7,1,0,6,1,1,4,4,3,0,0,3,2,2,3,4,1,4,1,0,1,3,1,2,2,0,3,0,0,0,2,0,2,0,1,0,0,0,1,0,3,2,0,2,0,1,0,0,0,0,0,0,0,0,0,0,0,0,0,0,0,0,0,0,1,0,0,0,0,0,0,0,0,0,0,0,0,0,0,0,0,0,0,0,0,0,0,0,0,0,0,0,0,0,0,0,0,0,0,0,0,0,0,0,0,0,0,0,0,0,0,0,0,0,0,0,0,0,0,0,0,0,0,0,0
0,0,0,0,0,0,0,0,0,1,0,1,0,0,0,0,0,2,1,1,0,0,0,1,1,3,2,2,1,2,2,0,1,0,2,2,5,1,2,5,1,2,2,3,3,2,2,1,2,4,7,3,3,2,8,4,3,3,1,3,0,3,5,5,7,3,1,6,4,8,5,4,8,4,4,2,2,3,4,0,4,1,1,2,3,3,4,2,2,4,3,2,4,1,2,1,2,2,1,0,2,0,1,2,0,0,1,1,1,0,3,0,1,1,3,0,1,2,1,0,0,0,0,1,0,0,0,1,0,0,0,0,0,0,0,0,1,0,0,0,0,0,0,0,0,0,0,0,0,0,0,0,0,0,0,0,0,0,0,0,0,0,0,0,0,0,0,0,0,0,0,0,0,1,0,0,0,0,0,0,0,0,0,0,0,0,0,0,0,0,0,0,0,0,0,0,0,0,0,0
0,0,0,1,0,0,0,0,0,0,0,0,0,0,1,0,0,0,0,0,0,1,1,0,2,1,0,3,0,0,0,3,1,1,1,0,2,1,0,1,3,5,3,1,4,3,4,3,1,3,5,3,1,1,3,8,8,1,3,4,6,3,4,4,3,4,3,3,4,7,3,5,6,4,5,4,3,0,5,3,0,2,4,0,5,3,6,4,4,1,2,2,2,6,5,1,2,1,0,1,0,2,1,3,1,1,2,1,0,0,1,1,3,2,0,1,0,1,1,1,0,0,0,0,0,1,1,0,0,0,0,1,0,0,1,0,0,0,0,0,0,0,1,0,0,0,0,1,0,0,0,0,0,0,0,0,0,1,0,0,0,0,0,0,0,0,0,0,0,0,0,0,0,0,0,0,0,0,0,0,0,0,0,0,0,0,0,0,0,0,0,0,0,0,0,0,0,0,0,0
0,2,0,0,0,0,0,0,0,0,0,0,1,0,0,0,0,0,0,0,0,1,0,0,1,0,0,0,0,3,1,0,0,2,0,1,2,1,3,2,3,4,2,3,3,3,2,2,1,1,5,3,2,1,8,4,4,2,4,4,4,4,3,2,5,4,6,4,2,4,5,4,4,5,0,3,2,4,2,1,3,2,1,2,7,2,1,1,4,3,1,2,2,1,2,1,3,1,1,1,0,0,3,3,1,4,0,3,1,0,1,1,1,0,0,1,1,0,1,0,0,0,0,0,0,1,0,0,0,0,0,0,0,0,0,1,0,0,0,0,0,0,0,0,0,0,0,0,0,0,0,0,0,0,0,0,0,0,0,0,0,1,0,0,0,0,0,0,0,0,0,0,0,0,0,0,0,0,0,0,0,0,0,0,0,0,0,0,0,0,0,0,0,0,0,0,0,0,0,0
0,0,0,0,0,0,0,0,0,0,0,0,0,0,0,1,0,0,0,0,1,1,1,0,1,0,1,0,1,2,1,1,1,2,1,2,4,4,2,3,1,2,5,2,2,3,3,4,4,3,6,4,7,5,4,5,2,2,6,5,6,1,4,2,4,4,2,7,4,1,3,8,2,3,0,5,4,5,2,3,1,0,2,3,1,0,3,0,0,2,4,1,2,3,2,1,0,0,0,1,1,1,2,0,0,0,1,0,0,1,0,0,1,1,0,0,1,2,3,0,0,0,1,0,1,1,0,0,0,0,2,0,0,0,0,0,0,0,1,0,0,0,0,0,0,0,0,0,0,0,0,0,0,0,0,0,0,0,0,0,0,0,0,0,0,0,0,0,0,0,0,0,0,0,0,0,0,0,0,0,0,0,0,0,0,0,0,0,0,0,0,0,0,0,0,0,0,0,0,0
0,0,0,1,0,0,0,0,0,0,0,0,0,0,0,1,0,0,0,0,0,0,2,0,1,0,3,0,0,0,1,1,3,0,0,2,1,0,2,4,2,5,9,4,5,2,6,3,2,2,7,5,7,5,0,5,1,4,3,6,5,4,1,4,5,6,3,5,3,5,4,2,2,1,3,7,4,2,5,4,1,0,2,3,5,2,1,6,2,1,4,1,1,1,3,1,3,2,0,4,0,1,1,0,2,1,3,1,1,0,1,1,0,0,0,0,1,1,0,1,0,0,1,1,0,0,0,1,0,0,0,0,1,0,0,0,0,1,0,0,0,0,1,0,0,1,0,0,0,0,0,0,0,0,0,0,0,0,0,0,0,0,0,0,0,0,0,0,0,0,0,0,0,0,0,0,0,0,0,0,0,0,0,0,0,0,0,0,0,0,0,0,0,0,0,0,0,0,0,0
0,0,0,0,0,0,0,0,0,0,0,0,1,1,0,0,0,1,0,0,1,0,1,1,0,1,2,0,1,0,0,4,0,2,2,3,0,3,2,3,3,2,4,1,2,1,1,2,0,2,2,2,3,4,4,6,7,3,3,8,5,3,4,4,1,1,1,3,4,4,5,4,2,4,3,2,2,3,3,5,1,4,2,2,2,0,3,0,2,3,2,3,2,1,2,1,3,1,0,0,1,2,0,1,0,0,1,0,1,1,1,0,1,1,0,0,0,0,1,0,0,0,0,1,1,0,0,0,0,0,0,0,0,0,2,0,0,0,0,0,0,0,0,0,0,0,0,0,0,0,0,0,0,0,0,0,0,0,0,0,0,0,0,0,0,0,0,0,0,0,0,0,0,0,0,0,0,0,0,0,0,0,0,0,0,0,0,0,0,0,0,0,0,0,0,0,0,0,0,0
0,0,0,0,0,0,0,0,0,0,0,0,0,0,0,0,1,0,1,0,0,0,0,0,0,1,3,3,1,2,0,0,1,1,2,1,4,1,3,1,2,4,2,2,1,2,3,4,8,2,2,4,1,4,3,5,5,7,2,5,1,3,3,1,3,3,3,3,6,1,2,4,2,4,4,3,3,3,3,3,4,4,0,0,1,1,3,2,3,5,2,2,2,0,1,2,1,2,0,0,2,3,1,0,0,3,0,0,1,0,0,2,0,1,2,1,0,0,0,0,0,0,0,0,0,0,0,0,0,0,0,0,0,0,0,0,0,0,0,0,0,0,0,0,0,0,0,0,0,0,0,0,0,0,0,0,0,0,0,0,0,0,0,0,0,0,0,0,0,0,0,0,0,0,0,0,0,0,0,0,0,0,0,0,0,0,0,0,0,0,0,0,0,0,0,0,0,0,0,0
0,0,0,0,0,0,0,0,0,0,0,0,0,0,1,1,1,0,1,0,0,2,2,0,1,0,1,1,1,0,1,2,0,2,2,2,4,2,1,2,3,2,4,1,3,2,3,2,2,4,4,5,7,9,4,1,4,3,1,4,1,7,8,6,5,2,4,1,6,3,5,4,3,5,1,2,5,3,3,1,3,3,3,2,2,2,1,5,0,3,1,1,0,3,1,4,4,3,0,0,1,1,1,1,2,4,1,0,1,0,1,0,1,1,1,0,0,1,1,0,1,0,1,0,0,0,0,0,0,0,0,0,1,0,0,0,0,0,0,0,0,0,0,0,0,0,0,0,0,0,0,0,0,0,0,0,0,0,0,0,0,0,0,0,0,0,0,0,0,0,0,0,0,0,0,0,0,0,0,0,0,0,0,0,0,0,0,0,0,0,0,0,0,0,0,0,0,0,0,0
0,0,0,0,0,0,0,0,0,0,0,0,1,0,0,0,0,0,0,0,0,0,0,3,1,1,0,0,2,0,0,1,0,2,3,6,1,3,1,1,7,2,1,4,1,0,2,4,2,3,5,5,6,3,4,1,3,3,0,10,2,3,2,6,4,3,2,6,0,3,0,3,3,4,3,0,3,4,2,0,2,1,4,1,1,0,2,1,2,0,3,2,2,0,2,1,1,0,1,0,0,1,0,1,0,0,0,1,2,1,0,1,1,0,0,0,0,0,1,0,1,0,1,0,0,0,0,0,0,0,0,0,0,0,0,0,0,0,0,0,0,0,0,0,0,0,0,0,0,0,0,0,0,0,0,0,0,0,0,0,0,0,0,0,0,0,0,0,0,0,0,0,0,0,0,0,0,0,0,0,0,0,0,0,0,0,0,0,0,0,0,0,0,0,0,0,0,0,0,0
0,0,0,0,0,0,0,1,1,0,0,0,1,0,1,0,1,0,0,0,0,0,0,0,1,2,1,0,2,2,3,0,2,2,2,3,2,3,3,2,3,1,2,2,3,0,2,3,3,1,2,2,3,2,3,2,4,0,0,6,5,6,3,3,2,2,2,1,2,4,4,2,4,0,0,2,2,1,2,2,4,2,5,2,0,0,3,0,1,3,2,1,0,1,0,1,0,0,1,2,1,1,2,2,2,0,0,1,1,0,1,0,0,1,0,1,1,0,1,1,2,1,0,1,0,1,1,0,0,0,0,0,0,0,0,0,1,0,0,0,0,0,0,0,0,0,0,0,0,0,0,0,0,0,0,0,0,0,0,0,0,0,0,0,0,0,0,0,0,0,0,0,0,0,0,0,0,0,0,0,0,0,0,0,0,0,0,0,0,0,0,0,0,0,0,0,0,0,0,0
0,0,0,0,0,0,0,0,0,0,0,0,0,1,0,1,0,0,0,1,1,0,0,1,1,0,0,1,3,1,1,2,0,0,3,0,1,2,3,2,0,0,2,3,4,1,2,4,1,2,3,3,4,12,6,2,6,5,6,2,6,2,1,2,10,5,2,3,3,2,1,7,3,0,3,3,0,2,6,2,1,3,1,3,2,3,1,4,2,0,1,0,2,0,4,2,0,1,0,2,0,1,1,0,0,0,0,1,2,0,0,2,1,1,1,0,0,0,0,2,0,0,0,1,0,0,0,1,1,1,0,1,0,0,0,0,0,0,0,0,0,0,0,0,1,0,0,0,0,0,0,0,0,0,0,0,0,0,0,0,0,0,0,0,0,0,0,0,0,0,0,0,0,0,0,0,0,0,0,0,0,0,0,0,0,0,0,0,0,0,0,0,0,0,0,0,0,0,0,0
0,0,0,0,0,0,0,0,0,1,1,0,1,0,0,0,0,0,1,0,2,0,1,0,2,0,0,0,0,0,1,1,0,1,2,1,3,2,3,1,4,3,0,2,0,1,2,2,2,2,3,1,4,2,8,6,2,4,2,4,4,2,1,4,3,5,3,2,8,4,0,4,2,0,1,1,3,1,1,1,2,1,6,1,3,1,0,2,3,0,1,0,2,3,1,0,1,0,2,0,0,0,2,0,0,0,1,0,0,0,0,0,0,0,1,1,1,0,0,0,0,2,1,0,0,0,0,0,0,0,0,0,1,0,0,0,0,0,0,0,0,0,0,0,0,0,0,0,0,0,0,0,0,0,0,0,0,0,0,0,0,0,0,0,0,0,0,0,0,0,0,0,0,0,0,0,0,0,0,0,0,0,0,0,0,0,0,0,0,0,0,0,0,0,0,0,0,0,0,0
0,0,0,0,0,0,0,0,0,0,0,0,0,0,0,1,1,0,0,1,0,1,0,1,0,0,0,1,0,0,0,2,1,0,0,0,0,2,1,1,1,3,2,2,3,4,3,3,0,2,1,2,5,1,3,4,2,4,1,4,2,2,1,4,1,4,1,3,3,4,4,1,2,3,5,1,2,0,1,4,6,0,2,3,0,1,1,3,2,2,2,1,0,1,2,0,0,1,0,0,1,0,0,1,1,1,2,1,1,1,0,1,0,0,0,0,1,0,2,0,1,0,0,0,0,1,0,0,0,0,0,0,0,0,0,0,0,0,0,0,0,0,0,0,0,0,0,0,0,0,0,0,0,0,0,0,0,0,0,0,0,0,0,0,0,0,0,0,0,0,0,0,0,0,0,0,0,0,0,0,0,0,0,0,0,0,0,0,0,0,0,0,0,0,0,0,0,0,0,0
0,0,0,1,0,0,0,0,0,0,1,0,1,0,0,0,0,0,2,0,0,0,0,0,0,0,0,2,0,1,0,1,1,0,1,0,1,0,4,1,1,3,4,3,5,1,0,2,4,3,4,6,1,3,3,4,3,3,8,4,2,2,4,3,6,7,7,3,3,1,2,6,0,3,2,3,2,2,3,5,4,1,3,3,2,1,2,2,2,2,1,2,1,1,3,0,1,2,0,0,1,0,0,0,0,0,0,1,1,0,2,1,0,0,0,0,0,0,1,0,0,0,1,0,0,0,0,0,0,0,0,0,1,0,0,0,0,1,0,0,0,0,0,0,0,0,0,0,0,0,0,0,0,0,0,0,0,0,0,0,0,0,0,0,0,0,0,0,0,0,0,0,0,0,0,0,0,0,0,0,0,0,0,0,0,0,0,0,0,0,0,0,0,0,0,0,0,0,0,0
0,0,0,0,0,0,0,0,0,0,0,0,0,1,0,0,0,1,0,0,1,0,0,0,1,0,0,3,0,0,0,1,1,2,0,1,0,1,6,0,2,4,0,1,2,4,2,2,3,4,1,6,5,2,3,3,3,3,2,5,5,1,1,1,5,3,2,3,4,2,2,1,3,0,3,3,1,3,1,4,1,0,5,1,2,3,1,1,1,3,1,3,0,2,0,2,2,2,0,1,1,2,0,0,0,1,0,1,1,0,0,0,3,0,0,0,2,0,0,0,1,0,0,1,1,0,0,2,0,1,0,0,0,0,1,0,0,0,0,0,0,0,0,0,0,0,0,0,0,0,0,0,0,0,0,0,0,0,0,0,0,0,0,0,0,0,0,0,0,0,0,0,0,0,0,0,0,0,0,0,0,0,0,0,0,0,0,0,0,0,0,0,0,0,0,0,0,0,0,0
0,0,0,0,0,0,0,0,0,1,0,0,0,0,0,1,0,1,0,0,1,2,1,0,0,1,0,1,1,2,3,1,3,0,1,4,2,1,3,3,2,1,4,5,0,2,1,1,1,2,4,0,2,3,5,1,4,4,1,3,6,1,3,3,4,7,2,2,0,2,5,5,4,5,2,1,1,3,3,1,3,5,0,0,3,4,1,0,2,2,1,2,3,0,1,0,1,0,0,0,1,1,1,1,0,0,1,1,1,0,2,0,1,0,0,0,0,1,0,0,0,2,0,0,0,1,1,0,0,0,0,0,0,0,0,0,0,0,0,0,0,0,0,0,0,0,0,0,0,0,0,0,0,0,0,0,0,0,0,0,0,0,0,0,0,0,0,0,0,0,0,0,0,0,0,0,0,0,0,0,0,0,0,0,0,0,0,0,0,0,0,0,0,0,0,0,0,0,0,0
0,1,0,0,0,0,0,0,0,0,0,0,2,0,0,1,0,0,0,0,0,0,0,0,0,0,1,0,0,0,0,1,1,0,2,1,1,1,2,1,3,4,3,3,1,3,3,4,3,2,2,4,3,4,3,1,4,3,1,5,4,4,4,6,3,4,2,1,3,3,3,2,2,1,1,3,0,1,0,1,4,2,1,2,2,1,3,3,1,2,2,2,1,0,2,1,1,0,1,1,0,2,2,1,0,0,1,2,0,1,0,0,1,0,0,0,0,1,0,0,0,0,0,0,1,0,1,0,0,0,1,0,0,0,0,0,0,0,0,0,0,0,0,1,0,0,0,0,0,0,0,0,0,0,0,0,1,0,0,0,0,0,0,0,0,0,0,0,0,0,0,0,0,0,0,0,0,0,0,0,0,0,0,0,0,0,0,0,0,0,0,0,0,0,0,0,0,0,0,0
0,0,1,0,0,0,0,0,0,0,0,0,2,0,0,0,0,0,0,0,0,0,1,1,0,0,0,1,0,1,4,2,0,0,0,0,0,1,2,1,2,1,2,3,3,1,3,0,0,3,1,0,3,5,5,2,5,3,4,2,3,0,2,2,5,5,3,3,2,2,2,2,4,1,5,3,7,2,3,0,2,0,1,4,2,4,2,0,1,1,2,1,3,0,1,1,2,1,1,1,2,0,0,1,0,1,0,0,0,0,0,0,0,0,0,1,1,0,0,0,0,0,0,0,0,0,0,0,1,0,0,1,0,0,0,0,1,0,0,0,0,0,0,0,0,0,0,0,0,0,0,0,0,0,0,0,0,0,0,0,0,0,0,0,0,0,0,0,0,0,0,0,0,0,0,0,0,0,0,0,0,0,0,0,0,0,0,0,0,0,0,0,0,0,0,0,0,0,0,0
0,0,0,0,0,0,0,0,0,0,0,0,0,1,0,0,0,0,1,0,1,0,1,1,0,0,0,1,0,2,0,0,1,2,3,1,2,2,0,2,0,1,2,2,0,1,1,3,2,5,1,3,1,5,1,2,5,1,3,1,2,0,2,4,2,3,4,1,5,2,2,1,3,3,0,2,2,2,2,0,0,2,2,3,3,2,2,4,0,0,3,0,0,1,1,3,2,1,1,1,3,1,0,0,0,0,0,0,0,2,1,0,0,1,0,0,0,0,1,0,0,2,1,0,0,0,1,0,0,0,1,0,0,0,0,0,0,0,0,0,0,0,0,0,0,0,0,0,0,0,0,0,0,0,0,0,0,0,0,0,0,0,0,0,0,0,0,0,0,0,0,0,0,0,0,0,0,0,0,0,0,0,0,0,0,0,0,0,0,0,0,0,0,0,0,0,0,0,0,0
0,0,0,0,0,0,0,0,0,0,1,0,0,0,0,0,1,0,0,0,1,0,1,2,0,1,2,0,1,0,1,1,1,1,2,1,2,2,1,1,1,1,2,2,5,2,2,1,2,2,3,0,1,2,5,1,1,3,1,2,1,5,2,1,3,3,4,1,2,1,2,5,2,3,3,1,1,3,1,0,0,2,3,0,1,1,1,1,2,0,1,2,0,1,1,0,0,0,0,1,0,0,1,1,0,1,0,0,1,3,0,1,0,0,0,0,0,0,0,1,0,0,1,1,0,0,0,1,0,0,1,0,0,0,0,0,0,0,0,0,0,0,0,0,0,0,0,0,0,0,0,0,0,0,0,0,0,0,0,0,0,0,0,0,0,0,0,0,0,0,0,0,0,0,0,0,0,0,0,0,0,0,0,0,0,0,0,0,0,0,0,0,0,0,0,0,0,0,0,0
0,0,0,0,0,0,0,0,0,0,0,0,0,0,0,0,1,0,0,0,0,0,0,0,1,1,1,0,1,0,2,2,1,1,1,3,2,1,1,1,4,2,2,1,9,3,3,1,5,4,3,2,1,2,5,3,2,2,6,1,4,3,2,2,3,0,4,0,1,1,2,1,2,2,2,3,4,2,2,0,0,2,0,2,5,1,2,0,1,1,3,0,2,2,1,0,2,1,0,2,0,0,1,0,0,0,0,0,1,3,0,0,1,0,0,2,1,0,0,0,0,0,0,0,0,0,0,0,0,0,0,1,0,0,0,0,0,0,0,0,0,0,0,0,0,0,0,0,0,0,0,0,0,0,0,0,0,0,0,0,0,0,0,0,0,0,0,0,0,0,0,0,0,0,0,0,0,0,0,0,0,0,0,0,0,0,0,0,0,0,0,0,0,0,0,0,0,0,0,0
0,0,0,0,0,0,0,1,0,1,0,0,0,0,0,1,0,0,0,0,0,0,0,0,2,0,0,1,1,1,0,1,1,1,0,1,5,2,1,0,1,1,1,0,3,2,1,4,2,1,2,5,2,5,2,3,1,2,6,1,3,3,2,1,1,3,1,6,3,3,0,2,1,0,2,4,2,2,1,4,5,1,0,3,1,4,1,2,2,0,0,0,0,0,2,0,0,0,1,3,1,0,0,0,1,0,0,0,0,1,1,0,0,0,1,0,0,0,0,0,0,0,1,0,0,0,0,2,0,0,0,0,0,0,0,0,0,0,0,1,0,0,0,0,0,0,0,0,0,0,0,0,0,0,0,0,0,0,0,0,0,0,0,0,0,0,0,0,0,0,0,0,0,0,0,0,0,0,0,0,0,0,0,0,0,0,0,0,0,0,0,0,0,0,0,0,0,0,0,0
0,0,0,0,0,0,0,0,1,0,0,0,0,0,0,0,0,0,0,0,2,1,0,2,2,0,2,1,1,0,0,2,0,3,0,3,0,1,0,2,2,1,0,4,4,1,4,3,1,0,3,2,2,1,4,9,1,3,3,3,1,0,3,3,1,4,2,2,0,2,4,2,4,1,1,2,0,3,1,1,1,0,3,4,1,2,0,3,0,3,2,2,1,1,1,1,0,0,1,0,0,0,1,0,1,0,1,0,0,0,1,1,1,1,1,0,0,0,0,0,0,0,0,0,0,0,0,1,0,0,0,1,0,0,0,0,1,0,0,0,0,1,0,0,0,0,0,0,0,0,0,0,0,0,0,0,0,0,0,0,0,0,0,0,0,0,0,0,0,0,0,0,0,0,0,0,0,0,0,0,0,0,0,0,0,0,0,0,0,0,0,0,0,0,0,0,0,0,0,0
0,0,0,0,1,0,0,1,0,0,0,0,0,0,0,0,1,0,0,1,0,0,0,0,0,1,0,0,0,0,0,0,1,1,0,0,1,2,2,3,1,2,0,3,2,1,0,0,5,3,2,2,2,4,1,2,1,3,3,1,2,1,2,0,2,2,0,3,2,1,4,3,3,5,1,2,2,3,3,0,1,1,0,2,0,0,5,2,0,0,0,1,1,1,2,1,0,0,0,2,0,0,0,0,0,0,1,0,0,1,0,1,0,0,0,0,0,0,0,1,0,0,0,0,0,0,0,0,0,0,0,0,0,0,0,0,0,0,0,0,0,1,0,0,0,0,0,0,0,0,0,0,0,0,0,0,0,0,0,0,0,0,0,0,0,0,0,0,0,0,0,0,0,0,0,0,0,0,0,0,0,0,0,0,0,0,0,0,0,0,0,0,0,0,0,0,0,0,0,0
0,0,0,0,0,0,0,0,0,0,1,0,0,0,0,1,2,1,0,1,1,1,0,0,1,0,0,0,1,0,0,2,2,1,0,0,2,2,0,0,2,1,3,3,0,1,5,1,1,1,2,1,1,0,2,3,3,4,1,1,1,0,4,0,3,1,3,5,5,1,2,1,4,1,4,0,0,3,0,1,3,0,2,4,2,0,3,1,0,0,1,3,1,3,1,0,0,1,3,1,2,0,1,1,0,0,1,0,0,0,0,1,0,0,0,0,1,0,0,0,0,0,0,0,1,0,0,0,0,0,0,0,0,0,0,0,0,0,1,0,0,0,0,0,0,0,0,0,0,0,0,0,0,0,0,0,0,0,0,0,0,0,0,0,0,0,0,0,0,0,0,0,0,0,0,0,0,0,0,0,0,0,0,0,0,0,0,0,0,0,0,0,0,0,0,0,0,0,0,0
0,0,0,0,1,0,1,0,0,1,0,0,0,0,1,0,0,0,1,0,0,0,0,0,1,1,0,0,0,1,1,1,1,1,3,0,1,2,1,1,0,2,0,3,1,2,2,2,0,3,3,2,3,1,2,2,7,1,2,3,3,3,3,3,2,2,2,3,0,3,2,4,1,2,0,0,1,3,3,1,1,1,0,0,1,0,0,0,1,1,0,0,0,0,0,2,1,0,0,2,0,1,0,1,0,0,0,0,1,0,0,0,0,0,0,0,0,0,1,0,0,0,0,0,0,0,0,0,0,0,0,0,0,0,0,0,1,0,0,0,0,0,0,0,0,0,1,0,0,0,0,0,0,0,0,0,0,0,0,0,0,0,1,0,0,0,0,0,0,0,0,0,0,0,0,0,0,0,0,0,0,0,0,0,0,0,0,0,0,0,0,0,0,0,0,0,0,0,0,0
0,0,0,0,0,0,0,0,0,1,1,0,0,0,1,0,0,0,1,0,0,0,0,0,0,0,0,1,0,0,1,0,1,0,0,1,1,1,3,0,3,0,1,0,3,1,1,1,1,2,2,1,4,1,1,5,1,2,2,2,5,3,0,3,0,2,2,3,0,2,1,2,3,4,4,4,1,1,0,3,3,1,1,2,2,1,0,0,0,6,0,1,0,0,0,0,0,0,1,0,1,1,0,0,1,0,1,0,1,0,0,0,0,1,1,0,0,0,0,0,0,2,0,0,0,0,0,0,0,0,0,0,0,0,0,0,0,1,0,0,0,0,0,0,0,0,0,0,0,0,0,0,0,0,0,0,0,0,0,0,0,0,0,0,0,0,0,0,0,0,0,0,0,0,0,0,0,0,0,0,0,0,0,0,0,0,0,0,0,0,0,0,0,0,0,0,0,0,0,0
0,0,0,1,0,1,0,0,0,0,0,0,0,0,0,0,0,0,0,0,0,0,0,1,0,0,0,1,0,1,0,0,2,3,2,0,1,2,1,2,0,0,0,0,1,2,6,4,2,0,2,3,0,4,0,0,1,1,4,4,0,3,3,3,2,4,0,2,1,2,2,4,1,2,4,2,2,2,1,0,1,1,0,2,0,2,0,1,0,2,2,2,0,2,1,1,2,0,1,1,1,0,0,1,2,0,0,0,0,1,0,0,0,0,0,1,0,1,1,0,0,1,0,0,0,0,0,0,0,0,0,0,0,0,0,0,0,0,0,0,0,0,0,0,0,0,0,0,0,0,0,0,0,0,0,0,0,0,0,0,0,0,0,0,0,0,0,0,0,0,0,0,0,0,0,0,0,0,0,0,0,0,0,0,0,0,0,0,0,0,0,0,0,0,0,0,0,0,0,0
0,0,0,0,0,0,0,0,0,0,0,0,0,0,0,0,0,0,0,1,0,1,0,1,0,0,0,1,0,2,1,0,2,0,0,0,1,1,2,2,1,2,2,3,1,1,3,0,1,3,0,1,3,3,1,4,4,1,0,2,1,2,1,0,3,0,2,1,3,2,2,3,3,1,0,4,1,1,2,0,1,0,0,1,0,3,1,0,1,1,0,0,3,0,0,0,0,3,0,1,0,0,1,2,1,2,1,1,0,0,1,0,0,1,1,2,0,0,1,0,1,0,0,0,0,0,1,0,1,0,0,0,1,0,0,0,0,1,0,0,0,0,0,0,0,0,0,0,0,0,0,0,0,0,0,0,0,0,0,0,0,1,0,0,0,0,0,0,0,0,0,0,0,0,0,0,0,0,0,0,0,0,0,0,0,0,0,0,0,0,0,0,0,0,0,0,0,0,0,0
1,0,0,0,0,0,0,0,0,0,0,0,0,0,0,0,0,1,0,1,1,0,1,0,0,0,0,0,1,0,0,0,1,1,2,1,0,1,1,0,3,1,1,1,1,1,1,1,2,2,0,1,1,1,4,5,1,1,2,2,2,2,0,3,1,1,4,1,3,1,3,0,3,1,2,2,3,2,1,0,1,0,2,0,1,2,2,1,2,1,1,1,0,0,0,1,2,0,1,0,0,0,0,2,0,1,1,0,0,1,0,0,2,0,0,0,0,0,0,0,0,0,0,0,0,0,0,0,0,0,0,0,0,0,0,0,0,0,0,0,0,1,0,0,0,0,0,0,0,0,0,0,0,0,0,0,0,0,0,0,0,0,0,0,0,0,0,0,0,0,0,0,0,0,0,0,0,0,0,0,0,0,0,0,0,0,0,0,0,0,0,0,0,0,0,0,0,0,0,0
0,0,0,0,0,0,1,0,0,0,0,0,0,0,0,0,1,1,0,0,0,1,0,0,0,0,0,0,1,0,0,0,2,3,1,0,0,2,2,3,3,2,2,2,0,2,2,2,2,0,3,1,3,0,4,2,2,2,2,0,1,2,1,3,2,1,0,1,3,0,1,2,1,2,2,1,0,1,2,1,1,4,1,1,0,0,0,2,0,2,0,0,0,1,0,0,1,0,0,0,0,1,0,0,0,1,0,0,1,0,0,0,0,0,0,1,0,0,0,0,0,0,0,0,0,0,0,1,0,0,0,0,1,0,0,0,0,0,0,0,0,0,0,0,1,0,0,0,0,0,0,0,0,0,0,0,0,0,0,0,0,0,0,0,0,0,0,0,0,0,0,0,0,0,0,0,0,0,0,0,0,0,0,0,0,0,0,0,0,0,0,0,0,0,0,0,0,0,0,0
0,0,0,0,0,0,0,0,0,0,0,0,0,0,0,0,0,0,0,2,1,0,0,0,0,0,0,1,3,2,0,0,2,0,0,0,3,0,1,3,0,1,2,3,1,2,0,2,0,4,4,1,3,3,2,1,3,2,1,2,3,3,2,2,1,6,1,1,1,1,0,1,1,1,1,1,2,0,1,1,1,1,2,1,2,2,2,1,2,1,0,2,0,0,1,0,0,2,1,0,1,0,0,0,0,1,0,0,0,1,0,0,0,0,0,0,0,0,2,0,0,0,0,0,0,1,0,0,0,1,0,1,0,0,0,0,0,0,0,0,0,0,0,0,0,0,0,0,0,0,0,0,0,0,0,0,0,0,0,1,0,0,0,0,0,0,0,0,0,0,0,0,0,0,0,0,0,0,0,0,0,0,0,0,0,0,0,0,0,0,0,0,0,0,0,0,0,0,0,0
0,0,0,0,0,0,0,0,0,0,0,0,0,1,0,0,0,0,0,0,0,0,0,0,0,1,1,0,0,1,2,0,1,3,0,0,0,0,1,1,0,1,1,1,3,0,0,3,0,1,1,2,2,3,1,2,2,2,2,1,0,2,2,2,2,1,5,0,2,1,8,3,4,1,1,0,0,2,0,4,0,0,0,1,3,0,0,1,5,1,1,2,1,0,2,0,1,0,0,0,2,0,1,1,1,0,0,1,0,0,0,1,1,0,0,0,0,0,0,0,0,1,0,0,0,0,0,0,0,0,0,0,0,0,0,0,0,0,0,0,0,0,0,0,0,0,0,0,0,0,0,0,0,0,0,0,0,0,0,0,0,0,0,0,0,0,0,0,0,0,0,0,0,0,0,0,0,0,0,0,0,0,0,0,0,0,0,0,0,0,0,0,0,0,0,0,0,0,0,0
0,0,0,0,0,0,0,0,0,0,0,1,0,0,0,2,0,0,0,0,0,0,0,0,2,0,0,1,0,0,1,0,1,0,2,0,0,0,2,2,2,3,3,2,3,1,1,1,2,4,5,5,1,2,1,2,1,4,3,2,3,6,3,2,1,0,0,2,2,0,2,0,0,4,3,3,0,0,1,1,3,1,1,3,1,1,1,2,0,0,0,0,0,2,1,0,1,0,0,0,0,0,0,0,0,1,0,0,0,0,0,1,0,0,0,0,0,0,0,0,1,1,0,0,0,0,1,1,0,0,0,0,0,0,2,0,0,0,0,0,0,0,0,0,0,0,0,0,0,0,0,0,0,0,0,0,0,0,0,0,0,0,0,0,0,0,0,0,0,0,0,0,0,0,0,0,0,0,0,0,0,0,0,0,0,0,0,0,0,0,0,0,0,0,0,0,0,0,0,0
0,0,0,0,0,0,0,0,0,0,0,0,0,0,0,0,0,0,0,0,0,0,0,0,0,1,0,1,0,1,0,2,0,4,0,1,0,1,0,2,0,0,2,4,4,2,1,3,0,1,3,1,0,2,4,5,2,1,1,2,3,4,0,0,2,2,1,0,1,1,2,3,0,1,1,3,1,1,0,2,1,2,2,0,1,1,2,2,0,0,1,0,0,1,0,2,0,0,0,1,2,0,0,0,0,0,0,0,1,0,0,1,0,0,0,0,0,0,0,0,0,0,0,0,0,0,0,0,0,0,0,0,0,0,0,0,0,0,0,0,0,0,0,0,0,0,0,0,0,0,0,0,0,0,0,0,0,0,0,0,0,0,0,0,0,0,0,0,0,0,0,0,0,0,0,0,0,0,0,0,0,0,0,0,0,0,0,0,0,0,0,0,0,0,0,0,0,0,0,0
0,1,0,0,0,1,0,0,0,0,0,0,0,0,0,0,1,0,1,0,0,0,0,0,0,1,1,1,1,1,2,0,0,0,0,2,1,1,2,2,0,1,0,0,1,0,0,1,4,3,1,1,1,2,3,0,1,2,3,0,1,1,3,1,2,1,2,4,1,0,0,0,4,4,5,1,2,3,1,1,3,1,0,2,1,1,0,1,1,0,0,0,1,0,0,1,1,1,0,3,0,0,2,0,1,0,0,0,0,2,0,0,1,0,0,0,0,0,0,0,0,0,0,0,1,0,0,0,0,1,0,0,0,0,0,0,0,1,0,1,0,0,0,0,0,0,0,0,0,0,0,0,0,0,0,0,0,0,0,0,0,0,0,0,0,0,0,0,0,0,0,0,0,0,0,0,0,0,0,0,0,0,0,0,0,0,0,0,0,0,0,0,0,0,0,0,0,0,0,0
0,0,1,0,0,0,0,0,0,0,0,0,0,0,0,0,0,0,0,0,0,1,0,0,1,0,1,1,0,1,0,0,0,1,1,1,1,2,0,1,0,0,1,3,0,2,2,1,3,0,3,3,0,3,1,3,2,2,2,5,0,3,0,2,1,2,4,0,2,2,3,3,1,0,2,1,1,1,1,1,1,1,2,1,3,2,0,2,1,2,0,0,0,0,1,1,0,0,0,0,0,0,0,1,0,0,0,0,1,0,0,0,0,1,1,0,0,0,1,0,0,0,0,0,0,1,1,0,0,0,0,0,0,0,0,0,0,0,0,0,0,0,0,0,0,0,0,0,0,0,0,0,0,0,0,0,0,0,0,0,0,0,0,0,0,0,0,0,0,0,0,0,0,0,0,0,0,0,0,0,0,0,0,0,0,0,0,0,0,0,0,0,0,0,0,0,0,0,0,0
0,0,0,0,0,0,0,0,0,0,0,0,0,1,0,0,0,0,0,0,1,0,0,0,1,0,0,1,0,1,0,3,1,0,0,0,1,3,1,4,0,0,0,1,1,0,2,1,2,1,0,3,0,2,4,1,1,0,1,3,1,0,2,1,4,1,1,3,5,1,2,1,1,1,0,1,3,1,3,0,3,2,1,0,2,2,2,1,1,0,1,0,2,0,2,0,0,1,2,0,0,0,0,0,0,0,0,0,1,0,0,0,0,0,0,0,0,1,0,0,0,0,1,1,0,0,0,0,0,0,0,0,0,0,0,0,0,0,0,0,0,0,0,0,0,0,0,0,0,0,0,0,0,0,0,0,0,0,0,0,0,0,0,0,0,0,0,0,0,0,0,0,0,0,0,0,0,0,0,0,0,0,0,0,0,0,0,0,0,0,0,0,0,0,0,0,0,0,0,0
1,0,0,0,0,0,0,0,0,1,0,0,0,0,0,0,1,0,0,0,0,0,0,0,0,0,2,1,0,0,1,1,0,0,0,1,2,0,3,1,0,0,1,3,1,2,1,1,1,0,2,1,4,1,1,2,0,1,1,1,2,1,0,2,3,1,2,1,1,1,0,2,1,1,1,0,0,1,4,2,2,0,1,0,2,2,0,0,0,1,2,2,3,0,0,2,0,1,1,0,1,0,1,1,0,0,0,0,0,0,0,0,0,0,0,1,0,0,0,0,0,0,0,0,1,0,1,0,0,0,0,0,0,0,0,0,0,0,0,0,0,0,0,0,0,0,0,0,0,0,0,0,0,0,0,0,0,0,0,0,0,0,0,0,0,0,0,0,0,0,0,0,0,0,0,0,0,0,0,0,0,0,0,0,0,0,0,0,0,0,0,0,0,0,0,0,0,0,0,0
0,0,0,0,0,0,0,0,0,0,0,0,0,0,0,1,0,0,0,2,3,0,0,0,0,0,0,0,1,0,1,0,1,1,1,0,2,3,0,2,1,1,1,1,1,0,1,1,3,0,0,0,1,1,2,0,1,2,1,0,0,3,1,2,3,0,1,2,3,0,2,2,2,1,1,1,1,0,0,4,0,0,0,0,1,0,1,0,0,0,0,0,2,0,0,0,1,0,0,1,0,0,0,0,0,0,0,0,0,0,0,0,2,0,0,0,0,0,0,0,0,0,0,0,2,0,0,0,0,0,0,0,0,0,0,0,0,1,0,0,0,0,0,0,0,0,0,0,0,0,0,0,0,0,0,0,0,0,0,0,0,0,0,0,0,0,0,0,0,0,0,0,0,0,0,0,0,0,0,0,0,0,0,0,0,0,0,0,0,0,0,0,0,0,0,0,0,0,0,0
0,0,0,0,0,0,0,1,1,0,0,0,0,0,0,0,0,0,0,0,1,1,0,0,0,0,0,1,0,0,0,0,1,0,1,3,1,0,0,2,4,1,1,0,1,0,0,1,0,3,2,1,4,0,4,3,2,0,1,3,1,0,1,2,2,4,0,1,1,2,1,3,3,0,1,0,2,2,1,1,0,0,2,2,1,2,0,1,0,0,0,0,0,0,0,1,0,1,0,0,0,0,1,0,1,0,0,0,0,0,0,1,0,0,0,0,0,0,0,0,0,1,0,0,0,0,0,0,0,0,0,0,0,0,0,0,0,0,0,0,0,0,0,0,0,0,0,0,0,0,0,0,0,0,0,0,0,0,0,0,0,0,0,0,0,0,0,0,0,0,0,0,0,0,0,0,0,0,0,0,0,0,0,0,0,0,0,0,0,0,0,0,0,0,0,0,0,0,0,0
0,0,0,0,0,0,0,0,0,0,0,0,0,0,0,0,0,0,0,0,0,0,0,1,0,0,0,0,0,0,1,1,0,0,1,1,0,0,0,3,0,1,1,0,0,2,0,2,1,0,1,0,0,1,1,1,1,4,1,1,0,2,0,1,1,0,0,0,0,1,1,1,1,0,0,0,0,3,0,1,0,0,2,3,1,1,0,1,0,1,1,2,0,1,1,0,0,1,0,1,2,0,1,1,0,2,0,0,0,0,0,0,0,0,0,0,0,1,0,0,0,0,0,0,0,0,0,0,0,0,0,0,0,0,0,0,0,0,0,0,0,0,0,0,0,0,0,0,0,0,0,0,0,0,0,0,0,0,0,0,0,0,0,0,0,0,0,0,0,0,0,0,0,0,0,0,0,0,0,0,0,0,0,0,0,0,0,0,0,0,0,0,0,0,0,0,0,0,0,0
0,0,0,0,0,0,0,0,0,0,0,0,0,0,0,0,0,0,0,0,0,0,0,0,1,1,0,0,0,1,0,2,0,2,1,0,0,2,0,0,0,1,0,1,0,0,3,0,2,1,0,2,1,2,2,1,2,0,0,2,0,1,2,1,2,1,4,0,1,5,1,3,2,0,0,0,2,0,2,1,3,1,4,1,0,1,0,1,2,1,0,1,0,1,0,2,0,0,1,0,0,0,0,0,0,0,1,0,0,0,0,0,0,2,1,0,0,0,0,0,0,0,0,0,0,0,0,0,0,0,0,1,0,0,0,0,0,0,0,0,0,0,0,0,0,0,0,0,0,0,0,0,0,0,0,0,0,0,0,0,0,0,0,0,0,0,0,0,0,0,0,0,0,0,0,0,0,0,0,0,0,0,0,0,0,0,0,0,0,0,0,0,0,0,0,0,0,0,0,0
0,0,0,0,0,0,0,0,0,0,0,0,0,0,0,0,0,0,0,0,0,0,1,0,0,0,3,0,0,0,1,1,1,0,0,0,1,0,1,1,0,1,1,1,2,1,1,1,0,0,1,1,0,1,1,1,3,2,4,1,1,2,5,2,3,1,1,1,1,1,1,3,2,3,0,2,4,2,1,0,1,1,0,1,1,0,0,0,0,0,2,0,1,1,0,0,1,0,0,0,0,0,1,1,1,0,0,0,0,0,0,0,1,1,0,0,0,0,0,0,0,0,0,0,0,0,0,0,0,0,0,0,0,0,0,0,0,0,0,0,0,0,0,0,0,0,0,0,0,0,0,0,0,0,0,0,0,0,0,0,0,0,0,0,0,0,0,0,0,0,0,0,0,0,0,0,0,0,0,0,0,0,0,0,0,0,0,0,0,0,0,0,0,0,0,0,0,0,0,0
0,0,0,0,1,0,0,0,0,0,0,0,0,0,0,1,0,0,1,0,0,1,0,0,2,0,0,0,0,1,1,0,2,1,0,1,1,0,1,1,1,1,0,0,2,3,1,3,0,3,1,1,0,1,0,3,1,0,0,0,3,0,4,1,1,1,1,0,2,1,1,1,1,3,2,2,1,2,1,1,0,3,1,0,1,1,0,1,0,0,0,1,2,0,0,1,0,0,1,0,0,0,0,0,1,1,0,0,0,0,0,0,0,0,0,0,0,0,0,0,1,0,0,0,0,0,1,0,0,0,0,0,0,0,0,0,0,0,0,0,0,0,0,0,0,0,0,0,0,0,0,0,0,0,0,0,0,0,0,0,0,0,0,0,0,0,0,0,0,0,0,0,0,0,0,0,0,0,0,0,0,0,0,0,0,0,0,0,0,0,0,0,0,0,0,0,0,0,0,0
0,0,0,0,0,0,0,0,0,0,0,0,0,0,0,0,1,0,0,0,0,0,0,0,0,0,0,1,0,2,0,0,1,2,1,0,0,2,1,0,0,1,1,0,0,0,3,0,2,1,0,1,0,1,2,1,1,2,0,0,0,1,2,1,2,1,1,1,1,0,0,1,1,0,1,0,1,1,1,2,2,1,0,1,2,0,0,1,0,0,0,0,0,1,1,0,0,1,1,0,0,1,0,0,0,1,0,0,0,0,0,0,0,1,0,0,0,0,0,0,0,0,0,0,0,0,0,0,0,0,1,0,0,0,0,1,0,0,0,0,0,0,0,0,0,0,1,0,0,0,0,0,0,0,0,0,0,0,0,0,0,0,0,0,0,0,0,0,0,0,0,0,0,0,0,0,0,0,0,0,0,0,0,0,0,0,0,0,0,0,0,0,0,0,0,0,0,0,0,0
0,0,0,0,0,0,0,0,0,0,0,0,0,0,0,0,0,0,0,0,1,0,0,0,0,0,0,2,1,0,1,0,0,0,1,0,0,1,0,1,0,0,2,0,1,1,0,0,0,2,0,2,0,4,2,0,2,0,2,0,1,0,1,3,0,1,1,1,1,0,3,0,0,1,3,0,1,0,0,2,0,0,0,0,1,0,1,0,0,0,1,1,0,1,1,0,1,2,0,1,0,1,0,1,0,0,0,0,1,0,1,0,1,0,0,1,0,0,0,0,1,0,0,0,0,0,1,0,0,0,0,0,0,0,0,0,0,0,0,0,0,0,0,0,0,0,0,0,0,0,0,0,0,0,0,0,0,0,0,0,0,0,0,0,0,0,0,0,0,0,0,0,0,0,0,0,0,0,0,0,0,0,0,0,0,0,0,0,0,0,0,0,0,0,0,0,0,0,0,0
0,0,0,0,0,0,0,0,0,0,0,0,0,0,0,0,0,0,0,0,0,0,0,0,0,0,0,0,0,0,1,1,0,1,1,1,0,1,1,0,1,0,0,0,0,0,3,1,3,1,0,1,1,3,1,0,1,1,1,3,1,3,2,1,2,0,3,0,0,0,1,1,2,0,1,3,0,1,3,0,1,1,1,0,1,1,2,1,0,0,0,0,0,1,0,1,1,0,2,0,0,0,1,0,1,0,1,1,0,0,0,0,1,1,0,1,0,0,0,0,1,0,0,0,0,0,0,0,1,0,0,0,0,0,0,0,0,0,0,0,0,0,0,0,0,0,0,0,0,0,0,0,0,0,0,0,0,0,0,0,0,0,0,0,0,0,0,0,0,0,0,0,0,0,0,0,0,0,0,0,0,0,0,0,0,0,0,0,0,0,0,0,0,0,0,0,0,0,0,0
0,0,0,1,0,0,0,0,1,0,0,0,0,0,0,0,0,0,1,0,0,0,0,0,0,0,1,0,0,0,1,0,1,0,2,0,1,1,0,1,2,0,1,3,0,0,0,0,0,0,2,2,2,3,2,2,1,1,0,1,0,0,1,1,1,0,3,2,0,2,0,2,2,0,2,3,1,1,4,2,0,1,0,1,0,2,0,0,0,0,0,1,2,0,0,0,0,0,1,0,0,1,0,0,1,0,0,0,1,0,0,0,1,0,0,0,0,0,0,0,0,0,0,0,1,0,0,0,0,0,1,0,0,1,0,0,0,0,0,0,0,0,0,0,0,0,0,0,0,0,0,0,0,0,0,0,0,0,0,0,0,0,0,0,0,0,0,0,0,0,0,0,0,0,0,0,0,0,0,0,0,0,0,0,0,0,0,0,0,0,0,0,0,0,0,0,0,0,0,0
0,0,0,0,0,0,0,0,0,0,1,0,0,0,0,0,0,0,1,0,0,0,0,0,1,0,0,0,1,0,0,0,1,0,0,0,2,0,0,1,2,1,2,3,0,0,2,1,0,0,0,0,4,1,2,1,1,1,0,1,0,1,0,2,2,2,1,1,2,2,0,0,1,0,1,0,3,0,0,0,0,1,1,0,1,0,1,1,2,2,0,0,0,0,0,1,0,1,2,1,0,0,0,1,0,0,0,0,0,0,0,0,0,0,0,1,0,0,0,0,0,0,0,0,0,0,0,0,0,0,0,0,0,0,1,0,0,0,0,0,0,0,0,0,0,0,0,0,0,0,0,0,0,0,0,0,0,0,0,0,0,0,0,0,0,0,0,0,0,0,0,0,0,0,0,0,0,0,0,0,0,0,0,0,0,0,0,0,0,0,0,0,0,0,0,0,0,0,0,0
0,0,0,0,0,0,0,0,0,0,0,0,0,0,0,0,0,0,0,0,0,0,0,1,1,0,0,1,0,0,0,0,1,0,2,0,1,1,0,0,0,1,0,2,1,1,0,2,1,0,1,1,1,4,2,2,0,1,1,1,0,1,0,3,3,2,1,0,2,0,0,1,1,2,1,2,1,1,0,0,1,0,3,1,1,2,0,1,0,0,0,0,0,2,1,0,0,1,0,0,0,0,1,0,0,0,0,0,0,0,0,0,0,0,1,1,0,0,0,0,0,1,0,0,0,0,0,0,0,0,0,0,0,0,0,0,0,0,0,0,0,0,0,0,0,0,0,0,0,0,0,0,0,0,0,0,0,0,0,0,0,0,0,0,0,0,0,0,0,0,0,0,0,0,0,0,0,0,0,0,0,0,0,0,0,0,0,0,0,0,0,0,0,0,0,0,0,0,0,0
0,0,0,0,0,0,0,0,0,0,0,0,0,0,0,0,0,0,0,0,0,0,0,1,0,0,0,0,0,0,0,2,0,0,0,2,1,2,1,0,0,1,2,0,1,2,1,0,0,0,2,1,2,0,1,1,2,1,1,3,2,0,1,1,0,2,1,0,3,0,2,2,2,1,1,0,1,1,0,0,2,1,0,0,0,0,0,2,0,1,1,0,1,1,0,0,1,0,0,0,0,0,1,1,0,1,0,1,0,0,0,0,0,0,0,0,1,0,0,0,0,0,0,1,0,0,0,0,0,0,0,0,0,0,0,0,0,0,0,1,0,0,0,0,0,0,0,0,0,0,0,0,0,0,0,0,0,0,0,0,0,0,0,0,0,0,0,0,0,0,0,0,0,0,0,0,0,0,0,0,0,0,0,0,0,0,0,0,0,0,0,0,0,0,0,0,0,0,0,0
0,0,0,0,0,0,0,0,0,0,0,0,0,0,0,0,0,1,1,0,0,0,1,1,0,0,0,0,0,1,0,0,2,0,0,0,1,0,0,1,0,2,2,0,0,1,2,1,2,1,2,1,2,0,2,1,0,4,1,0,1,1,1,0,1,3,1,0,2,1,3,0,2,1,0,0,2,2,0,0,1,1,1,0,1,0,1,2,0,1,1,0,0,0,0,1,0,0,1,1,1,0,1,1,1,0,0,1,0,0,0,0,0,0,0,0,0,0,0,0,0,0,0,0,0,0,0,0,0,0,0,0,0,0,0,0,0,0,0,0,0,0,0,0,0,0,0,0,0,0,0,0,0,0,0,0,0,0,0,0,0,0,0,0,0,0,0,0,0,0,0,0,0,0,0,0,0,0,0,0,0,0,0,0,0,0,0,0,0,0,0,0,0,0,0,0,0,0,0,0
0,0,0,0,0,0,0,0,0,0,0,0,0,0,0,0,0,0,0,0,0,1,0,0,0,0,0,1,0,0,0,2,0,0,0,2,2,0,0,1,1,1,0,2,1,0,0,0,0,3,0,2,0,0,2,0,1,1,1,0,0,1,1,0,1,0,1,2,0,2,2,1,0,1,2,2,1,0,2,1,0,4,1,0,1,0,0,0,1,0,1,0,0,0,0,0,0,0,0,0,1,0,0,1,1,0,0,0,0,0,0,0,0,0,1,0,0,0,0,0,0,1,0,0,0,0,0,0,0,0,0,0,0,0,0,0,0,0,0,0,0,0,0,0,0,0,0,0,0,0,1,0,0,0,0,0,0,0,0,0,0,0,0,0,0,0,0,0,0,0,0,0,0,0,0,0,0,0,0,0,0,0,0,0,0,0,0,0,0,0,0,0,0,0,0,0,0,0,0,0
0,0,0,0,0,0,0,0,0,0,0,0,0,0,0,0,0,0,0,0,0,0,0,0,0,1,0,0,0,0,0,0,1,0,0,1,0,1,1,2,0,1,1,0,1,0,2,2,3,2,0,0,0,0,2,2,1,0,0,1,2,3,1,2,0,0,2,1,0,2,0,1,1,2,0,2,3,0,1,3,1,0,2,2,0,1,0,1,0,3,0,0,3,0,0,0,0,0,0,0,0,1,0,1,1,0,0,0,0,1,0,0,0,0,0,0,0,0,0,0,0,0,1,0,0,0,0,0,0,1,0,0,0,0,0,0,0,0,0,0,0,0,0,0,0,0,0,0,0,0,0,0,0,0,0,0,0,0,0,0,0,0,0,0,0,0,0,0,0,0,0,0,0,0,0,0,0,0,0,0,0,0,0,0,0,0,0,0,0,0,0,0,0,0,0,0,0,0,0,0
0,0,0,1,0,0,0,0,0,0,0,0,0,0,0,0,0,0,0,0,0,0,0,0,0,0,0,2,0,0,0,0,1,1,0,0,0,0,1,0,0,1,0,1,0,0,1,1,0,0,1,1,1,2,1,0,0,2,0,1,0,0,0,1,5,1,1,2,1,0,0,5,1,2,0,0,0,1,0,2,1,0,1,1,2,2,0,0,0,0,0,1,0,0,0,1,0,0,0,0,0,0,0,1,0,2,0,0,0,1,0,0,0,0,0,0,1,0,0,0,0,0,0,0,0,0,0,1,0,0,0,0,0,0,0,0,0,0,0,0,0,0,0,0,0,0,0,0,0,0,0,0,0,0,0,0,0,0,0,0,0,0,0,0,0,0,0,0,0,0,0,0,0,0,0,0,0,0,0,0,0,0,0,0,0,0,0,0,0,0,0,0,0,0,0,0,0,0,0,0
0,0,0,0,0,0,0,0,0,0,0,0,0,0,0,0,1,0,0,0,0,0,0,0,0,1,0,0,0,0,0,0,0,1,0,0,1,0,2,1,0,1,0,3,2,1,0,2,1,1,0,1,0,1,0,1,1,1,2,2,0,1,0,2,0,0,0,0,3,0,1,0,0,3,2,2,0,2,0,0,1,1,0,1,0,1,0,0,1,0,1,1,1,0,1,0,1,0,0,0,0,0,0,0,1,0,0,1,0,0,0,0,0,0,0,0,0,1,0,0,0,0,0,0,0,0,0,0,0,0,0,0,0,0,0,0,0,0,0,0,0,0,0,0,0,0,0,0,0,0,0,0,0,0,0,0,0,0,0,0,0,0,0,0,0,0,0,0,0,0,0,0,0,0,0,0,0,0,0,0,0,0,0,0,0,0,0,0,0,0,0,0,0,0,0,0,0,0,0,0
0,0,0,0,0,0,0,0,0,0,0,0,0,0,0,0,0,0,0,0,3,0,0,0,0,0,0,0,0,1,0,0,0,1,0,0,0,0,2,1,0,1,2,1,0,0,3,2,1,0,0,0,3,1,2,0,1,2,1,1,2,3,0,2,3,0,0,1,2,1,1,0,1,1,0,1,0,0,0,0,1,0,0,0,1,1,0,1,0,0,0,1,1,0,0,0,1,2,0,0,1,0,0,0,0,0,0,0,0,0,0,0,0,0,0,0,0,0,0,0,0,0,0,0,0,0,0,0,0,0,0,0,0,0,0,0,0,0,0,0,0,0,0,0,0,0,0,0,0,0,0,0,1,0,0,0,0,0,0,0,0,0,0,0,0,0,0,0,0,0,0,0,0,0,0,0,0,0,0,0,0,0,0,0,0,0,0,0,0,0,0,0,0,0,0,0,0,0,0,0
0,0,0,0,0,0,0,0,0,0,0,0,0,1,0,0,0,0,0,0,0,0,0,0,0,0,0,0,1,0,0,0,0,0,0,2,0,1,0,1,0,0,0,0,1,0,1,1,0,0,0,1,2,0,3,2,0,0,1,1,1,1,1,1,2,1,0,1,0,2,2,2,0,1,2,1,0,0,0,0,1,0,1,0,0,0,0,1,0,1,0,0,1,0,0,0,1,0,0,0,0,1,0,0,0,0,0,0,0,1,0,0,0,0,0,0,0,0,0,0,0,0,0,0,0,0,0,0,0,0,0,0,0,0,0,0,0,0,0,0,0,0,0,0,0,0,0,0,0,0,0,0,0,0,0,0,0,0,0,0,0,0,0,0,0,0,0,0,0,0,0,0,0,0,0,0,0,0,0,0,0,0,0,0,0,0,0,0,0,0,0,0,0,0,0,0,0,0,0,0
0,0,0,0,0,0,0,0,0,0,0,0,0,0,0,0,0,0,0,1,0,0,0,0,0,0,0,0,1,0,0,0,0,0,0,0,0,1,1,0,0,0,1,1,1,0,2,2,0,0,1,1,1,2,2,0,1,0,0,2,3,0,2,0,0,2,1,0,2,3,0,0,1,0,0,1,0,1,2,0,0,0,0,0,0,2,1,1,1,0,0,1,0,0,0,0,0,1,0,0,0,0,0,0,0,0,0,0,0,0,0,0,0,0,0,0,0,0,0,0,0,0,0,0,1,0,0,0,0,0,0,0,0,0,0,0,0,0,0,0,0,0,0,0,0,0,0,0,0,0,0,0,0,0,0,0,0,0,0,0,0,0,0,0,0,0,0,0,0,0,0,0,0,0,0,0,0,0,0,0,0,0,0,0,0,0,0,0,0,0,0,0,0,0,0,0,0,0,0,0
0,0,0,0,0,0,0,0,0,0,0,0,0,0,0,0,0,0,0,0,1,0,0,0,0,0,0,1,1,0,0,0,1,0,2,0,2,0,0,1,0,1,0,0,0,1,0,1,4,0,0,1,0,2,1,0,1,1,1,0,0,0,1,1,0,1,1,1,0,0,0,0,0,1,0,1,0,0,0,2,0,0,0,0,0,1,0,0,0,0,2,0,0,0,0,0,1,0,0,0,0,0,0,1,0,0,0,0,0,0,0,1,0,0,0,0,0,0,0,0,0,0,0,0,0,0,0,0,1,0,0,0,0,0,0,0,0,0,0,0,0,0,0,0,0,0,0,0,0,0,0,0,0,0,0,0,0,0,0,0,0,0,0,0,0,0,0,0,0,0,0,0,0,0,0,0,0,0,0,0,0,0,0,0,0,0,0,0,0,0,0,0,0,0,0,0,0,0,0,0
0,0,0,0,0,0,0,0,0,1,0,0,0,0,0,0,0,0,0,0,0,0,0,0,0,0,0,1,2,0,0,2,0,2,1,0,1,2,0,1,1,2,0,2,1,0,0,1,1,0,0,0,2,0,2,0,1,1,3,2,0,1,0,0,2,0,2,0,1,0,1,0,0,0,1,0,0,1,2,0,0,0,0,0,1,0,0,1,0,0,1,0,1,1,1,1,0,0,1,0,1,0,0,0,1,0,0,0,0,0,0,0,0,0,0,0,1,0,0,0,0,0,0,0,0,0,0,1,0,0,0,0,0,0,0,0,0,0,0,0,0,0,0,0,0,0,0,0,0,0,0,0,0,0,0,0,0,0,0,0,0,0,0,0,0,0,0,0,0,0,0,0,0,0,0,0,0,0,0,0,0,0,0,0,0,0,0,0,0,0,0,0,0,0,0,0,0,0,0,0
0,0,0,0,0,0,0,0,0,0,0,0,0,0,0,0,0,0,0,0,1,0,0,1,0,1,0,0,0,2,0,0,1,0,0,0,0,0,0,1,1,0,1,1,0,2,1,1,1,1,1,0,1,0,0,3,0,1,0,1,1,1,1,0,1,0,0,1,0,2,1,0,0,0,0,1,1,0,0,1,1,0,0,1,1,0,0,1,2,0,1,0,0,0,0,0,0,0,0,0,0,0,1,1,0,0,0,0,0,0,0,0,0,0,1,0,0,0,1,0,0,0,0,0,0,0,0,0,0,0,0,0,0,0,0,0,0,0,0,0,0,0,0,0,1,0,0,0,0,0,0,0,0,0,0,0,0,0,0,0,0,0,0,0,0,0,0,0,0,0,0,0,0,0,0,0,0,0,0,0,0,0,0,0,0,0,0,0,0,0,0,0,0,0,0,0,0,0,0,0
0,0,0,0,0,0,0,0,0,0,0,0,0,0,0,0,0,0,0,0,1,0,0,1,0,0,0,0,0,0,0,1,2,0,0,0,3,1,1,1,2,0,1,0,0,0,0,0,0,0,0,0,3,0,1,1,0,0,1,0,1,0,0,1,1,4,1,3,0,1,0,0,0,1,0,1,0,1,0,2,0,0,0,2,0,0,0,1,0,0,0,0,0,2,0,0,0,0,0,0,0,0,0,1,0,0,0,0,0,0,0,0,0,0,0,1,0,0,0,0,1,0,0,0,0,0,0,0,0,0,0,0,0,0,0,0,0,0,0,1,0,0,0,0,0,0,0,0,0,0,0,0,0,0,0,0,0,0,0,0,0,0,0,0,0,0,0,0,0,0,0,0,0,0,0,0,0,0,0,0,0,0,0,0,0,0,0,0,0,0,0,0,0,0,0,0,0,0,0,0
0,0,0,0,0,0,0,0,0,0,0,0,0,0,0,0,0,0,0,0,0,0,0,0,0,0,1,0,0,0,0,1,1,0,0,0,1,0,0,1,1,3,0,0,2,3,0,0,2,3,1,1,0,0,2,1,1,1,0,1,0,1,1,1,0,1,2,1,3,0,0,0,0,0,0,0,1,1,0,0,1,1,1,0,0,1,0,0,0,1,0,0,0,0,0,1,0,0,0,0,0,0,0,0,0,0,0,0,0,0,0,0,0,0,0,0,0,0,0,1,0,1,0,0,0,0,0,0,0,0,0,0,0,0,0,0,0,0,0,0,0,0,0,0,0,0,0,0,0,0,0,0,0,0,0,0,0,0,0,0,0,0,0,0,0,0,0,0,0,0,0,0,0,0,0,0,0,0,0,0,0,0,0,0,0,0,0,0,0,0,0,0,0,0,0,0,0,0,0,0
0,0,0,0,0,0,0,0,0,0,0,0,0,0,0,0,0,1,0,0,0,0,0,0,0,0,0,0,0,0,1,0,0,0,1,0,0,0,1,1,0,0,0,1,1,1,0,0,1,0,1,0,0,1,1,0,1,4,1,2,1,1,1,4,0,0,1,1,0,1,0,0,1,2,1,0,1,0,0,1,0,0,1,1,0,0,1,0,0,0,0,1,2,1,0,1,2,0,0,0,0,0,0,0,1,0,0,0,0,0,0,0,1,0,0,0,0,0,0,0,0,0,0,0,0,0,1,0,0,0,0,0,0,0,0,0,0,0,0,0,0,0,0,0,0,0,0,0,0,0,0,0,1,0,0,0,0,0,0,0,0,0,0,0,0,0,0,0,0,0,0,0,0,0,0,0,0,0,0,0,0,0,0,0,0,0,0,0,0,0,0,0,0,0,0,0,0,0,0,0
0,0,0,0,0,0,0,0,0,0,0,0,0,0,0,0,0,0,0,0,0,0,0,0,0,0,0,0,0,1,0,0,0,1,0,0,0,0,0,0,1,1,0,1,0,1,1,0,1,0,0,1,1,0,0,1,0,3,0,0,1,0,0,3,1,0,0,0,1,1,1,1,0,0,1,0,1,1,1,0,2,1,0,0,1,1,2,0,0,0,0,0,0,1,1,0,0,0,1,0,0,0,0,0,0,0,0,0,0,2,0,0,0,0,0,0,0,0,0,0,0,0,0,0,0,0,0,0,0,0,0,0,0,0,0,0,0,0,0,0,0,0,1,0,0,0,0,0,0,0,0,0,0,0,0,0,0,0,0,0,0,0,0,0,0,0,0,0,0,0,0,0,0,0,0,0,0,0,0,0,0,0,0,0,0,0,0,0,0,0,0,0,0,0,0,0,0,0,0,0
0,0,0,0,0,0,0,0,0,0,0,0,0,0,0,0,0,0,0,0,0,0,0,0,0,0,1,1,0,0,0,0,0,1,0,1,2,0,2,0,0,1,0,0,2,0,0,0,0,0,3,0,0,2,1,1,1,1,0,1,3,2,2,0,1,1,1,1,0,2,1,0,0,0,1,1,0,0,0,0,0,0,0,0,0,0,0,1,0,1,1,1,0,0,0,0,2,0,0,0,0,0,0,0,0,0,0,0,0,0,0,0,0,0,0,0,0,0,0,0,0,0,0,0,0,0,0,1,0,0,0,0,0,0,0,0,0,0,0,0,0,0,0,0,0,0,0,0,0,0,0,0,0,0,0,0,0,0,0,0,0,0,0,0,0,0,0,0,0,0,0,0,0,0,0,0,0,0,0,0,0,0,0,0,0,0,0,0,0,0,0,0,0,0,0,0,0,0,0,0
1,0,0,0,0,0,0,0,0,0,0,1,0,0,0,0,0,0,0,0,0,1,0,0,0,1,1,0,0,0,0,0,0,0,0,1,1,0,0,1,0,0,0,0,0,1,2,0,0,0,0,1,2,1,0,0,0,0,0,1,0,0,1,1,1,0,0,2,0,1,1,0,0,1,0,0,1,0,1,0,0,1,1,0,1,0,0,0,0,0,0,0,1,1,0,0,0,0,0,0,0,0,0,0,0,0,0,0,0,0,0,0,0,0,0,0,0,1,0,0,0,0,0,0,0,1,0,0,0,0,0,0,0,0,0,0,0,0,0,0,0,0,0,0,0,0,0,0,0,0,0,0,0,1,0,0,0,0,0,0,0,0,0,0,0,0,0,0,0,0,0,0,0,0,0,0,0,0,0,0,0,0,0,0,0,0,0,0,0,0,0,0,0,0,0,0,0,0,0,0
0,0,0,0,0,0,0,0,0,0,0,0,0,0,0,0,0,0,0,1,0,0,0,0,0,0,0,1,0,0,0,1,2,0,1,1,0,1,0,1,1,0,0,1,0,0,0,3,0,0,0,0,0,1,0,1,0,1,0,1,0,0,1,0,1,0,0,0,0,0,1,0,0,1,1,0,0,0,0,0,0,0,0,0,0,0,0,0,0,1,1,0,0,0,0,0,0,0,0,0,0,0,0,0,0,0,0,0,0,0,0,0,0,0,0,0,0,0,0,0,0,0,0,1,0,0,0,0,0,0,0,0,0,0,0,0,0,0,0,0,0,0,0,0,0,0,0,0,0,0,0,0,0,0,0,0,0,0,0,0,0,0,0,0,0,0,0,0,0,0,0,0,0,0,0,0,0,0,0,0,0,0,0,0,0,0,0,0,0,0,0,0,0,0,0,0,0,0,0,0
0,0,0,0,0,0,0,0,0,0,0,0,0,0,0,0,0,0,0,0,0,0,0,1,0,0,0,1,0,0,0,0,1,1,0,0,0,0,0,1,0,1,1,0,0,1,2,1,3,2,1,1,0,0,2,1,0,4,0,0,0,1,1,2,2,1,0,1,1,1,1,1,0,0,1,0,0,0,0,0,1,0,0,0,0,1,0,1,0,0,0,0,0,0,1,0,0,1,0,1,0,0,0,1,0,0,0,0,0,0,0,0,1,0,0,0,0,0,0,0,0,0,0,0,0,0,0,0,0,0,0,0,0,0,0,0,0,0,0,0,0,0,0,0,0,0,0,0,0,0,0,0,0,0,0,0,0,0,0,0,0,0,0,0,0,0,0,0,0,0,0,0,0,0,0,0,0,0,0,0,0,0,0,0,0,0,0,0,0,0,0,0,0,0,0,0,0,0,0,0
0,0,0,0,0,0,0,0,0,0,0,0,0,0,0,1,0,0,0,0,0,0,0,0,0,0,0,0,0,0,0,0,1,2,0,0,0,2,1,0,0,0,0,0,0,0,1,0,1,0,2,0,1,0,0,0,2,3,0,0,1,0,0,0,0,0,0,1,0,0,0,1,0,2,1,2,1,0,0,0,2,0,0,0,0,2,0,1,0,0,0,0,0,0,0,0,0,0,0,0,0,0,0,0,0,0,0,1,0,0,0,0,0,0,0,0,0,0,0,0,0,0,0,0,0,0,0,0,0,1,0,0,0,0,0,0,0,0,0,0,0,0,0,0,0,0,0,0,0,0,0,0,0,0,0,0,0,0,0,0,0,0,0,0,0,0,0,0,0,0,0,0,0,0,0,0,0,0,0,0,0,0,0,0,0,0,0,0,0,0,0,0,0,0,0,0,0,0,0,0
0,0,0,0,0,0,0,0,0,0,0,0,0,0,0,0,0,0,0,0,0,0,2,1,0,0,0,0,0,0,0,0,1,0,0,0,2,2,2,0,0,0,1,1,0,0,0,0,2,0,0,0,2,1,0,1,0,1,0,0,2,1,1,2,1,2,0,0,2,1,2,0,0,0,0,1,0,1,0,0,0,1,2,1,0,0,1,0,1,1,1,0,1,1,0,1,0,0,1,0,0,0,0,1,1,1,0,0,0,0,0,0,0,0,0,0,0,0,0,0,0,0,0,0,0,0,0,0,0,0,0,0,0,0,1,0,0,0,0,0,0,0,0,0,0,0,0,0,0,0,0,0,0,0,0,0,0,0,0,0,0,0,0,0,0,0,0,0,0,0,0,0,0,0,0,0,0,0,0,0,0,0,0,0,0,0,0,0,0,0,0,0,0,0,0,0,0,0,0,0
0,0,0,0,0,0,0,0,0,0,0,0,0,0,0,0,0,0,0,0,1,0,0,0,0,0,0,0,1,0,0,0,0,0,0,0,0,2,1,0,0,1,0,0,0,1,0,0,2,0,0,1,0,0,0,0,0,0,0,0,0,2,0,0,0,3,0,3,0,0,1,1,1,1,0,0,0,0,0,0,0,0,0,0,0,0,0,1,0,1,0,0,0,0,0,0,1,0,0,0,1,1,0,0,0,0,0,0,0,0,0,0,0,0,0,0,0,0,1,0,0,0,0,0,0,0,0,0,0,0,0,0,0,0,0,0,0,0,0,0,0,0,0,0,0,0,0,0,0,0,0,0,0,0,0,0,0,0,0,0,0,0,0,0,0,0,0,0,0,0,0,0,0,0,0,0,0,0,0,0,0,0,0,0,0,0,0,0,0,0,0,0,0,0,0,0,0,0,0,0
1,0,0,0,0,0,0,0,0,0,0,0,0,0,0,0,0,0,0,0,0,0,0,0,0,0,0,0,0,2,0,1,0,1,0,0,0,0,0,0,0,1,0,0,0,0,1,0,1,1,1,2,0,3,0,1,2,3,1,0,1,0,1,0,0,1,0,1,0,1,0,0,0,0,2,0,1,0,0,1,0,0,1,1,0,1,0,1,0,0,0,0,2,0,1,0,0,0,1,0,0,0,0,1,1,1,0,0,0,0,0,0,0,0,0,0,0,0,0,0,0,0,0,0,0,0,0,0,0,0,0,0,0,0,0,0,0,0,0,0,0,0,0,0,0,0,0,0,0,0,0,0,0,0,0,0,0,0,0,0,0,0,0,0,0,0,0,0,0,0,0,0,0,0,0,0,0,0,0,0,0,0,0,0,0,0,0,0,0,0,0,0,0,0,0,0,0,0,0,0
0,0,0,0,0,0,0,0,0,0,0,0,0,0,1,0,0,1,0,0,0,1,0,1,0,0,0,0,0,0,1,0,0,2,2,0,1,1,1,1,1,1,0,0,0,0,0,0,0,1,0,0,1,1,0,0,0,0,0,0,1,0,1,1,0,0,2,1,2,0,0,0,2,0,0,0,0,0,0,1,1,1,1,0,0,1,1,0,0,0,0,0,0,0,0,1,0,0,0,0,0,0,0,0,1,1,0,0,0,0,0,0,0,1,0,0,0,0,0,0,0,0,0,0,0,0,0,0,0,0,0,0,0,0,0,0,0,0,0,0,0,0,0,0,0,0,0,0,0,0,0,0,0,0,0,0,0,0,0,0,0,0,0,0,0,0,0,0,0,0,0,0,0,0,0,0,0,0,0,0,0,0,0,0,0,0,0,0,0,0,0,0,0,0,0,0,0,0,0,0
0,0,0,0,0,0,0,0,0,0,0,0,0,0,0,0,0,0,0,0,0,1,0,0,0,0,0,0,0,0,0,0,0,0,0,1,1,1,0,0,0,1,1,0,2,0,0,4,0,0,0,0,2,0,0,0,1,2,0,2,0,1,0,0,1,1,0,0,1,0,0,1,0,1,0,0,0,0,0,0,0,1,0,0,0,0,0,0,1,1,0,1,0,0,0,0,0,0,0,0,0,0,0,0,0,0,0,0,0,0,1,0,0,0,0,0,0,0,0,0,0,0,0,0,0,0,0,0,0,0,0,0,0,0,0,0,0,0,0,0,0,0,0,0,0,0,0,0,0,0,0,0,0,0,0,0,0,0,0,0,0,0,0,0,0,0,0,0,0,0,0,0,0,0,0,0,0,0,0,0,0,0,0,0,0,0,0,0,0,0,0,0,0,0,0,0,0,0,0,0
0,0,0,0,0,0,0,0,0,0,0,0,0,0,0,0,0,0,0,0,0,0,0,1,1,0,0,0,1,0,0,0,1,0,0,1,0,0,1,0,0,0,0,0,1,0,0,1,0,1,2,1,1,1,1,0,0,0,3,0,1,3,2,0,0,0,1,0,1,1,0,0,0,0,0,3,0,1,0,0,0,0,0,0,0,1,0,0,0,0,1,0,0,0,0,0,0,0,0,0,0,0,0,0,0,0,0,0,0,0,0,0,0,0,0,0,0,0,0,0,0,0,0,0,0,1,0,0,0,0,0,0,0,0,0,0,0,0,0,0,0,0,0,0,0,0,0,0,0,0,0,0,0,0,0,0,0,0,0,0,0,0,0,0,0,0,0,0,0,0,0,0,0,0,0,0,0,0,0,0,0,0,0,0,0,0,0,0,0,0,0,0,0,0,0,0,0,0,0,0
0,0,0,0,0,0,0,0,0,0,0,0,0,0,0,0,0,0,0,0,0,0,0,0,0,1,0,0,0,0,0,0,0,0,0,0,1,0,0,0,0,0,0,0,0,0,0,0,1,1,1,0,0,0,2,2,3,0,0,0,0,1,0,0,0,1,2,2,0,0,2,3,0,0,2,0,1,0,0,1,0,0,1,1,0,0,0,0,0,0,0,0,0,0,0,0,0,0,0,0,0,0,0,0,0,1,0,0,0,0,0,0,1,0,0,0,0,0,1,0,0,1,0,0,0,0,0,0,0,0,0,0,0,0,0,0,0,0,0,0,0,0,0,0,0,0,0,0,0,0,0,0,0,0,0,0,0,0,0,0,0,0,0,0,0,0,0,0,0,0,0,0,0,0,0,0,0,0,0,0,0,0,0,0,0,0,0,0,0,0,0,0,0,0,0,0,0,0,0,0
0,0,0,0,0,0,0,0,0,0,0,0,0,0,0,0,0,0,0,0,0,0,1,0,0,0,0,0,1,0,0,0,0,0,0,0,0,1,1,0,0,0,0,0,1,1,0,2,0,3,1,1,0,0,0,0,0,1,0,0,0,1,0,0,1,1,1,0,1,1,1,1,0,0,0,2,0,0,1,1,0,0,0,0,0,0,0,0,0,0,0,0,0,0,1,0,0,0,0,0,0,0,0,0,0,1,0,0,0,0,0,0,0,0,0,0,0,0,0,0,0,0,0,0,0,0,0,0,0,0,0,0,0,0,0,0,0,0,0,0,0,0,0,0,0,0,0,0,0,0,0,0,0,0,0,0,0,0,0,0,0,0,0,0,0,0,0,0,0,0,0,0,0,0,0,0,0,0,0,0,0,0,0,0,0,0,0,0,0,0,0,0,0,0,0,0,0,0,0,0
0,0,0,0,0,0,0,0,0,0,0,0,0,0,0,0,0,0,0,0,0,0,0,1,0,0,0,0,2,0,0,0,0,0,0,0,0,1,0,0,0,1,0,0,0,1,0,0,1,0,1,0,0,1,0,0,3,0,0,1,1,1,0,1,1,1,0,0,2,0,0,2,0,0,0,0,0,0,0,1,0,0,1,0,0,0,1,1,1,0,1,0,1,0,0,0,0,0,0,0,0,0,0,0,0,0,0,0,0,0,0,0,0,0,0,0,0,0,0,0,0,0,0,0,0,0,0,0,0,0,0,0,0,0,0,0,0,0,0,0,0,0,0,0,0,0,0,0,0,0,0,0,0,0,0,0,0,0,0,0,0,0,0,0,0,0,0,0,0,0,0,0,0,0,0,0,0,0,0,0,0,0,0,0,0,0,0,0,0,0,0,0,0,0,0,0,0,0,0,0
0,0,0,0,0,0,0,0,0,0,0,0,0,0,0,0,0,0,0,0,0,0,0,0,0,0,0,0,0,0,0,0,0,0,1,1,0,1,0,0,0,0,1,1,0,1,0,2,1,1,0,0,1,1,0,0,1,0,0,0,1,0,1,0,0,0,0,0,0,1,0,0,1,0,1,0,0,0,2,0,1,0,0,0,0,0,0,0,1,0,0,0,0,0,1,0,0,1,0,0,0,1,0,0,0,0,0,0,0,1,0,0,0,0,0,0,0,0,0,0,0,0,0,0,0,0,0,0,0,0,0,0,0,0,0,0,0,0,0,0,0,0,0,0,0,0,0,0,0,0,0,0,0,0,0,0,0,0,0,0,0,0,0,0,0,0,0,0,0,0,0,0,0,0,0,0,0,0,0,0,0,0,0,0,0,0,0,0,0,0,0,0,0,0,0,0,0,0,0,0
0,0,0,0,0,0,0,0,0,0,0,0,0,0,1,0,0,0,0,0,1,0,0,0,0,0,0,0,0,0,0,0,0,1,0,0,1,1,0,0,0,1,0,1,0,0,0,0,1,1,0,0,0,1,1,1,0,1,0,0,1,3,0,0,4,2,0,0,0,0,1,0,2,1,0,0,2,1,1,0,0,1,0,0,3,0,0,0,0,1,0,1,0,0,1,0,1,0,0,0,0,0,0,0,0,0,0,0,0,0,0,0,0,0,0,0,0,0,0,0,0,0,0,0,0,0,0,0,0,0,0,0,0,0,0,0,0,0,0,0,0,0,0,0,0,0,0,0,0,0,0,0,0,0,0,0,0,0,0,0,0,0,0,0,0,0,0,0,0,0,0,0,0,0,0,0,0,0,0,0,0,0,0,0,0,0,0,0,0,0,0,0,0,0,0,0,0,0,0,0
0,0,0,0,0,0,0,0,0,0,0,0,0,0,0,0,0,0,0,0,0,0,0,0,0,0,0,0,0,0,1,0,0,0,0,0,0,0,0,0,1,0,0,0,1,0,0,0,0,1,0,0,0,0,1,1,0,0,1,1,0,0,0,0,2,1,0,0,0,1,0,1,0,1,0,1,0,0,0,0,0,0,0,0,1,0,0,1,0,0,0,0,0,0,0,0,0,0,0,0,0,1,0,0,1,0,1,0,0,1,0,1,0,0,0,1,1,0,0,0,0,0,0,0,0,0,0,0,0,1,0,0,0,0,0,0,0,0,0,0,0,0,0,0,0,0,0,0,0,0,0,0,0,0,0,0,0,0,0,0,0,0,0,0,0,0,0,0,0,0,0,0,0,0,0,0,0,0,0,0,0,0,0,0,0,0,0,0,0,0,0,0,0,0,0,0,0,0,0,0
0,0,0,0,0,0,0,0,0,0,1,0,1,0,0,0,0,0,0,0,0,0,0,0,0,0,0,1,0,0,0,0,0,0,0,0,1,0,0,0,0,0,0,0,0,0,0,0,0,0,0,1,0,0,0,0,1,0,0,0,0,1,0,0,4,1,0,1,0,1,1,1,1,1,0,0,1,1,1,0,0,0,0,1,0,0,0,1,0,0,0,0,0,1,0,0,1,0,1,1,0,0,0,0,0,0,0,0,0,0,0,0,0,0,0,0,0,0,0,0,0,0,0,0,0,0,0,0,0,0,1,0,0,0,0,0,0,0,0,0,0,0,0,0,0,0,0,0,0,0,0,0,0,0,0,0,0,0,0,0,0,0,0,0,0,0,0,0,0,0,0,0,0,0,0,0,0,0,0,0,0,0,0,0,0,0,0,0,0,0,0,0,0,0,0,0,0,0,0,0
0,0,0,0,0,0,0,0,0,0,0,0,0,0,0,0,0,0,0,0,0,0,0,0,0,1,0,0,2,0,0,1,0,1,1,0,0,0,0,0,1,0,0,0,0,0,0,1,0,1,1,0,0,3,0,0,1,0,0,0,0,0,0,0,1,1,0,0,0,1,0,1,0,1,0,1,0,0,0,0,0,0,0,0,0,0,1,0,0,0,1,0,1,0,0,0,0,0,0,0,0,1,0,0,0,0,0,0,0,0,0,0,0,0,0,0,0,0,0,0,0,0,0,0,0,0,0,0,0,0,0,0,0,0,0,0,0,0,0,0,0,0,0,0,0,0,0,0,0,0,0,0,0,0,0,0,0,0,0,0,0,0,0,0,0,0,0,0,0,0,0,0,0,0,0,0,0,0,0,0,0,0,0,0,0,0,0,0,0,0,0,0,0,0,0,0,0,0,0,0
0,0,0,0,0,0,0,0,0,0,0,0,0,0,0,0,0,0,0,0,0,1,0,1,0,0,0,0,0,0,0,0,0,0,0,0,0,0,0,0,0,0,1,0,0,0,0,0,0,1,1,0,1,0,4,0,0,1,1,0,0,1,2,1,0,0,1,1,1,0,0,0,0,0,1,0,0,0,0,2,0,0,0,0,0,0,1,0,0,0,0,0,0,0,1,0,0,0,0,0,1,0,0,0,1,0,0,0,0,0,0,0,0,0,0,0,1,1,0,0,0,0,0,0,0,0,0,0,0,0,0,0,0,0,0,0,0,0,0,0,0,0,0,0,0,0,0,0,0,0,0,0,0,0,0,0,0,0,0,0,0,0,0,0,0,0,0,0,0,0,0,0,0,0,0,0,0,0,0,0,0,0,0,0,0,0,0,0,0,0,0,0,0,0,0,0,0,0,0,0
0,0,0,0,0,0,0,0,0,0,0,0,0,0,0,0,0,0,0,0,1,0,0,0,0,0,0,0,0,0,1,1,0,0,0,0,1,0,0,1,0,0,1,1,0,0,0,0,0,1,0,0,1,0,0,0,0,0,1,1,0,0,0,0,0,0,0,0,0,1,0,0,0,0,1,0,1,0,0,0,0,0,0,0,0,0,0,0,0,0,0,0,0,0,0,0,0,1,0,0,0,0,1,0,0,0,1,0,0,0,0,0,0,0,1,0,0,0,0,0,0,0,0,0,0,0,0,0,0,0,0,0,0,0,0,0,0,0,0,0,0,0,0,0,0,0,0,0,0,0,0,0,0,0,0,0,0,0,0,0,0,0,0,0,0,0,0,0,0,0,0,0,0,0,0,0,0,0,0,0,0,0,0,0,0,0,0,0,0,0,0,0,0,0,0,0,0,0,0,0
0,0,0,0,0,0,0,0,0,0,0,0,0,0,0,0,0,0,0,1,0,0,0,0,0,2,0,1,0,0,1,1,0,0,0,0,1,0,0,1,0,1,1,0,0,0,1,0,1,1,0,0,1,1,0,0,0,0,0,0,0,0,0,1,0,0,0,0,1,0,0,0,0,0,0,0,0,0,0,0,0,0,1,0,0,0,0,1,0,0,0,0,0,0,0,1,0,0,0,0,0,1,0,0,0,0,0,0,0,1,1,0,0,0,1,0,0,0,0,0,0,0,0,0,0,0,0,0,0,0,0,0,0,0,0,0,0,0,0,0,0,0,0,0,0,0,0,0,0,0,0,0,0,0,0,0,0,0,0,0,0,0,0,0,0,0,0,0,0,0,0,0,0,0,0,0,0,0,0,0,0,0,0,0,0,0,0,0,0,0,0,0,0,0,0,0,0,0,0,0
0,0,0,0,0,0,0,0,0,1,0,0,0,0,0,0,0,0,0,0,0,0,0,0,0,0,0,0,0,0,0,0,1,0,0,1,1,0,0,0,0,1,0,0,0,0,0,0,0,0,0,0,1,1,1,0,0,0,1,0,0,0,0,0,0,0,0,2,1,0,0,0,0,1,0,0,1,0,1,0,0,0,0,0,0,0,0,1,0,0,0,0,0,0,0,0,0,0,1,0,0,0,0,0,0,0,0,0,0,0,0,0,0,0,0,0,0,0,0,0,1,0,0,0,0,1,0,0,0,0,0,0,0,0,0,0,0,0,0,0,0,0,0,0,0,0,0,0,0,0,0,0,0,0,0,0,0,0,0,0,0,0,0,0,0,0,0,0,0,0,0,0,0,0,0,0,0,0,0,0,0,0,0,0,0,0,0,0,0,0,0,0,0,0,0,0,0,0,0,0
0,0,0,0,0,0,0,0,0,0,0,0,0,0,0,0,1,0,0,0,1,0,0,0,0,0,1,0,1,0,0,1,0,0,0,0,1,0,0,0,0,0,1,0,0,0,0,0,0,0,1,1,0,0,1,0,1,0,1,1,0,0,0,0,1,2,1,0,1,0,2,0,0,0,0,0,0,0,0,0,1,1,0,1,0,0,1,0,0,2,0,0,0,0,0,0,0,0,0,0,0,0,0,0,0,0,0,0,0,0,0,0,0,0,0,0,0,0,0,0,0,0,0,0,0,0,0,0,0,0,0,0,0,0,0,0,0,0,0,0,0,0,0,0,0,0,0,0,0,0,0,0,0,0,0,0,0,0,0,0,0,0,0,0,0,0,0,0,0,0,0,0,0,0,0,0,0,0,0,0,0,0,0,0,0,0,0,0,0,0,0,0,0,0,0,0,0,0,0,0
0,0,0,0,0,0,0,0,0,0,0,0,0,0,0,0,0,0,0,0,0,0,0,0,0,1,0,1,0,0,0,0,0,0,1,0,0,0,0,0,0,0,0,0,0,0,0,0,2,0,0,1,1,0,1,0,0,1,0,0,0,0,1,0,0,0,0,3,0,0,0,0,0,0,0,0,0,1,0,0,0,0,0,0,1,0,0,0,1,0,0,0,0,0,0,0,0,0,0,0,0,0,0,0,0,0,0,0,0,0,0,0,0,0,0,0,0,0,0,0,0,0,0,0,0,0,0,0,0,0,0,0,0,0,0,0,0,0,0,0,0,0,0,0,0,0,0,0,0,0,0,0,0,0,0,0,0,0,0,0,0,0,0,0,0,0,0,0,0,0,0,0,0,0,0,0,0,0,0,0,0,0,0,0,0,0,0,0,0,0,0,0,0,0,0,0,0,0,0,0
0,0,0,0,0,0,1,0,0,0,0,1,0,0,0,0,0,0,0,0,0,0,0,0,0,0,0,0,1,0,0,0,0,0,0,0,0,0,0,0,0,0,0,0,0,0,0,0,0,0,0,0,0,1,1,0,1,0,1,0,0,0,0,0,0,1,2,0,1,0,1,1,0,0,1,1,0,1,0,0,0,0,1,0,0,0,0,1,0,0,1,0,0,1,0,0,0,0,0,0,0,0,0,0,0,0,0,0,0,0,0,0,0,0,0,0,0,0,0,0,0,0,0,0,0,0,0,0,0,0,0,0,0,0,0,0,0,0,0,0,0,0,0,0,0,0,0,0,0,0,0,0,0,0,0,0,0,0,0,0,0,0,0,0,0,0,0,0,0,0,0,0,0,0,0,0,0,0,0,0,0,0,0,0,0,0,0,0,0,0,0,0,0,0,0,0,0,0,0,0
0,0,0,0,0,0,0,0,0,0,0,0,0,0,0,0,0,0,0,0,0,0,0,0,0,0,0,0,0,0,0,1,0,0,0,0,1,0,1,0,0,0,0,0,0,0,0,0,1,0,0,0,1,0,0,0,0,0,0,1,1,0,0,0,0,0,0,0,1,1,1,0,0,0,0,0,0,2,0,0,0,0,1,0,0,0,0,0,1,2,0,1,0,0,0,0,0,0,0,0,0,0,0,1,0,0,0,0,0,0,0,0,0,0,0,0,0,0,0,0,0,0,0,0,0,0,0,0,0,0,0,0,0,0,0,0,0,0,0,0,0,0,0,0,0,0,0,0,0,1,0,0,0,0,0,0,0,0,0,0,0,0,0,0,0,0,0,0,0,0,0,0,0,0,0,0,0,0,0,0,0,0,0,0,0,0,0,0,0,0,0,0,0,0,0,0,0,0,0,0
0,0,1,0,0,0,0,0,0,0,0,1,0,0,0,0,0,0,0,0,0,0,0,0,0,0,0,0,0,0,0,0,0,1,0,0,1,0,1,0,0,0,0,0,1,0,0,0,2,0,1,1,1,0,0,0,0,0,1,0,0,1,0,0,0,0,0,1,1,0,0,2,2,1,0,0,0,0,0,0,0,0,0,0,0,0,0,0,0,0,0,0,0,0,0,0,1,0,0,0,0,0,0,0,1,0,0,0,0,0,0,0,0,0,0,0,1,0,0,0,0,0,0,0,0,0,0,0,0,0,0,0,0,0,0,0,0,0,0,0,0,0,0,0,0,0,0,0,0,0,0,0,0,0,0,0,0,0,0,0,0,0,0,0,0,0,0,0,0,0,0,0,0,0,0,0,0,0,0,0,0,0,0,0,0,0,0,0,0,0,0,0,0,0,0,0,0,0,0,0
0,0,0,0,0,0,0,0,0,0,0,0,0,0,0,0,0,0,0,0,0,0,0,0,0,0,0,0,0,0,1,0,0,0,0,1,0,0,0,0,0,0,0,0,1,1,0,0,1,0,1,1,1,0,0,0,1,0,1,0,1,0,0,1,0,0,0,0,1,0,0,0,0,1,0,1,0,1,0,0,0,0,0,0,0,0,1,1,1,0,0,0,0,0,0,0,0,0,0,0,0,0,0,0,0,0,0,0,0,0,0,0,0,0,0,0,0,0,0,0,0,0,0,0,0,0,0,0,0,0,0,0,0,0,0,0,0,0,0,0,0,0,0,0,0,0,0,0,0,0,0,0,0,0,0,0,0,0,0,0,0,0,0,0,0,0,0,0,0,0,0,0,0,0,0,0,0,0,0,0,0,0,0,0,0,0,0,0,0,0,0,0,0,0,0,0,0,0,0,0
0,0,0,0,0,0,0,0,0,0,0,0,0,0,0,0,0,0,0,0,0,0,0,0,1,0,1,0,0,0,1,0,0,1,0,0,0,0,0,0,0,0,0,0,1,0,1,0,0,1,1,3,0,0,1,2,0,0,0,1,1,0,0,0,0,1,0,0,0,0,0,0,0,0,1,1,0,1,0,0,0,0,0,0,0,1,0,0,0,0,0,1,0,0,0,0,0,0,0,0,0,0,0,0,0,0,0,0,0,0,0,0,0,0,0,0,0,0,0,0,0,0,0,0,0,0,0,1,0,0,0,0,0,0,0,0,0,0,0,0,0,0,0,0,0,0,0,0,0,0,0,0,0,0,0,0,0,0,0,0,0,0,0,0,0,0,0,0,0,0,0,0,0,0,0,0,0,0,0,0,0,0,0,0,0,0,0,0,0,0,0,0,0,0,0,0,0,0,0,0
0,0,0,0,0,0,0,0,0,0,0,0,0,0,0,0,0,0,0,0,0,0,0,0,0,0,0,0,0,0,0,0,0,0,0,0,0,0,0,0,0,1,0,0,0,0,0,1,1,1,1,0,0,0,1,0,1,0,0,2,1,0,1,0,0,0,0,0,0,0,0,0,0,1,0,0,0,0,0,0,1,0,1,0,0,1,2,0,0,1,0,0,0,0,0,0,0,1,0,0,0,0,0,0,0,0,0,0,0,0,0,0,0,0,0,0,0,0,0,0,0,0,0,0,0,0,0,0,0,0,0,0,0,0,0,0,0,0,0,0,0,0,0,0,0,0,0,0,0,0,0,0,0,0,0,0,0,0,0,0,0,0,0,0,0,0,0,0,0,0,0,0,0,0,0,0,0,0,0,0,0,0,0,0,0,0,0,0,0,0,0,0,0,0,0,0,0,0,0,0
0,0,0,0,0,0,0,0,0,0,0,0,0,0,0,0,0,0,0,0,0,0,0,1,0,0,0,0,0,0,1,0,0,0,0,0,0,0,0,0,0,0,0,0,0,0,1,1,0,0,0,0,0,2,0,0,0,0,0,0,0,0,0,0,2,0,0,0,0,0,1,0,0,0,0,0,0,1,0,0,0,2,0,0,0,1,0,0,0,0,0,0,0,0,1,0,0,0,0,0,1,0,0,0,0,0,0,0,0,0,0,0,0,0,0,0,0,0,0,0,0,0,0,0,0,0,0,0,0,0,0,0,0,0,0,0,0,0,0,0,0,0,0,0,0,0,0,0,0,0,0,0,0,0,0,0,0,0,0,0,0,0,0,0,0,0,0,0,0,0,0,0,0,0,0,0,0,0,0,0,0,0,0,0,0,0,0,0,0,0,0,0,0,0,0,0,0,0,0,0
0,0,0,0,0,0,0,0,0,0,0,0,1,0,1,0,0,0,0,0,0,0,0,0,0,0,0,0,0,0,0,0,0,0,0,0,0,0,0,0,0,0,1,0,1,0,0,1,0,0,0,0,0,0,0,0,2,1,0,0,1,0,1,0,1,0,0,0,0,0,0,0,0,0,1,0,0,0,1,0,1,0,0,0,0,0,0,0,0,0,1,1,0,0,0,0,0,0,0,0,1,0,0,0,0,0,0,0,0,0,0,0,0,0,0,0,0,0,0,0,0,0,0,0,0,0,0,0,0,0,0,0,0,0,0,0,0,0,0,0,0,0,0,0,0,0,0,0,0,0,0,0,0,0,0,0,0,0,0,0,0,0,0,0,0,0,0,0,0,0,0,0,0,0,0,0,0,0,0,0,0,0,0,0,0,0,0,0,0,0,0,0,0,0,0,0,0,0,0,0
0,0,0,0,0,0,0,0,0,0,0,0,0,0,0,0,0,0,0,0,0,0,0,0,0,0,0,0,0,0,0,1,0,0,0,0,0,0,0,0,0,0,0,0,0,1,0,0,0,0,0,1,2,0,0,0,0,1,1,1,0,0,0,0,0,0,0,1,0,2,0,1,0,0,0,0,0,0,0,0,1,1,0,1,2,0,0,0,0,0,0,0,0,0,0,0,0,0,0,0,0,0,0,0,0,0,0,0,0,1,1,0,0,1,0,0,0,0,0,0,0,0,0,0,0,0,0,0,0,0,0,0,0,0,0,0,0,0,0,0,0,0,0,0,0,0,0,0,0,0,0,0,0,0,0,0,0,0,0,0,0,0,0,0,0,0,0,0,0,0,0,0,0,0,0,0,0,0,0,0,0,0,0,0,0,0,0,0,0,0,0,0,0,0,0,0,0,0,0,0
0,0,0,0,0,0,0,0,0,0,0,0,0,0,0,0,0,0,0,0,0,0,0,0,0,0,0,0,0,0,0,0,0,0,1,0,0,0,0,0,0,0,0,0,0,0,0,0,1,0,0,0,0,1,0,0,0,0,0,0,1,0,0,0,1,0,0,0,0,0,2,1,1,1,2,0,0,1,0,0,0,0,0,0,0,0,0,1,0,0,0,0,0,0,0,0,0,0,0,0,0,0,0,0,0,0,0,0,0,0,0,1,0,0,0,0,0,0,0,0,0,0,0,0,0,0,0,0,0,0,0,0,0,0,0,0,0,0,0,0,0,0,0,0,0,0,0,0,0,0,0,0,0,0,0,0,0,0,0,0,0,0,0,0,0,0,0,0,0,0,0,0,0,0,0,0,0,0,0,0,0,0,0,0,0,0,0,0,0,0,0,0,0,0,0,0,0,0,0,0
0,0,0,0,0,0,0,0,0,0,1,0,0,0,0,0,0,0,0,0,0,0,0,1,0,0,0,0,0,0,0,0,0,0,0,0,0,0,1,0,1,0,0,0,0,0,0,0,0,1,1,0,0,3,0,0,0,0,1,0,1,1,1,0,0,2,0,0,1,1,0,0,1,0,0,0,0,1,0,0,1,0,0,0,0,0,0,0,1,1,0,0,0,0,0,0,0,0,0,0,1,0,0,0,0,0,0,0,0,0,0,0,0,0,0,0,0,0,0,0,0,0,0,0,0,0,0,0,0,1,0,0,0,0,0,0,0,0,0,0,0,0,0,0,0,0,0,0,0,0,0,0,0,0,0,0,0,0,0,0,0,0,0,0,0,0,0,0,0,0,0,0,0,0,0,0,0,0,0,0,0,0,0,0,0,0,0,0,0,0,0,0,0,0,0,0,0,0,0,0
0,0,0,0,0,0,0,0,0,0,0,0,0,0,0,0,0,0,0,0,0,0,0,0,0,0,0,1,0,0,0,0,0,1,0,0,0,0,1,0,0,0,1,0,1,0,1,0,2,0,0,0,0,0,0,0,0,1,0,0,0,0,1,0,1,1,0,0,0,0,1,1,0,0,0,0,0,1,1,0,0,0,0,1,0,0,0,1,0,0,0,0,0,0,0,0,0,0,0,0,0,0,0,0,0,0,0,0,0,0,0,0,0,0,0,0,0,0,1,0,0,0,0,0,0,0,0,0,0,0,0,0,0,0,0,0,0,0,0,0,0,0,0,0,0,0,0,0,0,0,0,0,0,0,0,0,0,0,0,0,0,0,0,0,0,0,0,0,0,0,0,0,0,0,0,0,0,0,0,0,0,0,0,0,0,0,0,0,0,0,0,0,0,0,0,0,0,0,0,0
0,0,0,0,0,0,0,0,0,0,0,0,0,0,0,0,0,0,1,0,0,0,0,0,0,0,0,0,0,0,0,0,0,0,1,0,0,0,0,0,0,0,0,0,0,0,0,1,1,0,1,0,1,0,1,0,0,0,0,1,2,0,3,0,0,0,0,0,1,0,1,2,1,0,0,1,0,0,0,0,0,0,1,0,0,0,0,0,0,0,0,0,0,0,0,0,0,0,0,0,0,0,0,0,1,0,1,0,0,0,0,0,0,0,0,0,0,0,0,0,0,0,0,0,0,0,0,0,0,0,0,0,0,0,0,0,0,0,0,0,0,0,0,0,0,0,0,0,0,0,0,0,0,0,0,0,0,0,0,0,0,0,0,0,0,0,0,0,0,0,0,0,0,0,0,0,0,0,0,0,0,0,0,0,0,0,0,0,0,0,0,0,0,0,0,0,0,0,0,0
0,0,0,0,0,0,0,0,0,0,1,0,0,0,0,0,0,0,0,0,0,0,0,0,0,0,0,0,0,0,0,0,0,0,0,0,1,0,0,0,0,0,1,0,0,0,0,0,0,0,0,0,0,1,0,0,0,0,0,0,0,1,0,0,0,1,0,0,0,0,0,0,0,0,0,0,0,0,0,1,0,0,0,0,0,1,0,0,0,0,1,0,1,0,0,0,0,0,0,0,0,0,0,1,0,0,0,0,0,0,0,0,0,0,0,0,0,0,0,0,0,0,0,0,0,0,0,0,0,0,0,0,0,0,0,0,0,0,0,0,0,0,0,0,0,0,0,0,0,0,0,0,0,0,0,0,0,0,0,0,0,0,0,0,0,0,0,0,0,0,0,0,0,0,0,0,0,0,0,0,0,0,0,0,0,0,0,0,0,0,0,0,0,0,0,0,0,0,0,0
0,0,0,0,0,0,0,0,0,0,0,0,0,0,0,0,0,0,0,0,0,1,0,0,0,0,0,0,0,0,0,0,0,0,0,0,1,0,0,1,0,0,0,0,0,0,0,0,1,0,1,0,0,0,0,2,0,0,3,0,0,0,1,0,0,2,0,0,0,0,0,0,0,1,1,0,0,0,0,0,0,0,0,0,0,0,0,0,0,1,0,0,1,0,0,0,0,1,0,1,0,0,0,0,0,0,0,0,0,1,0,0,0,0,0,0,0,0,0,0,0,0,0,0,0,0,0,0,0,0,0,0,0,0,0,0,0,0,0,0,0,0,0,0,0,0,0,0,0,0,0,0,0,0,0,0,0,0,0,0,0,0,0,0,0,0,0,0,0,0,0,0,0,0,0,0,0,0,0,0,0,0,0,0,0,0,0,0,0,0,0,0,0,0,0,0,0,0,0,0
0,0,0,0,0,0,0,0,0,0,0,0,0,1,0,0,0,1,0,1,1,0,0,0,0,0,1,0,0,0,0,0,0,0,0,0,0,0,0,2,0,0,0,0,0,1,0,1,1,1,1,0,1,0,1,0,1,0,0,0,1,0,0,1,0,0,0,0,0,0,0,0,0,0,0,2,0,0,0,0,0,0,0,1,0,1,0,0,0,0,0,0,0,0,0,0,0,0,0,0,0,0,0,0,0,0,0,0,1,0,0,0,0,0,0,0,0,0,0,0,0,0,0,0,0,0,0,0,0,0,0,0,0,0,0,0,0,0,0,0,0,0,0,0,0,0,0,0,0,0,0,0,0,0,0,0,0,0,0,0,0,0,0,0,0,0,0,0,0,0,0,0,0,0,0,0,0,0,0,0,0,0,0,0,0,0,0,0,0,0,0,0,0,0,0,0,0,0,0,0
0,0,0,0,0,0,0,0,0,0,0,0,0,0,0,0,0,0,0,0,0,0,0,0,1,0,0,0,0,1,0,0,0,0,0,0,0,0,0,0,1,0,1,0,0,1,0,0,0,0,1,1,0,0,0,0,0,0,0,0,1,0,0,0,0,0,0,0,0,1,0,0,0,0,0,0,0,0,0,0,0,0,0,0,0,0,0,0,0,0,1,0,0,0,0,0,0,0,0,0,0,0,0,0,0,0,0,0,0,0,0,0,0,0,0,0,0,0,0,0,1,0,0,0,0,0,0,0,0,0,0,0,0,0,0,0,0,0,0,0,0,0,0,0,0,0,0,0,0,0,0,0,0,0,0,0,0,0,0,0,0,0,0,0,0,0,0,0,0,0,0,0,0,0,0,0,0,0,0,0,0,0,0,0,0,0,0,0,0,0,0,0,0,0,0,0,0,0,0,0
0,0,0,0,0,0,0,0,0,0,0,0,0,0,0,0,0,0,0,0,0,0,0,0,0,1,0,0,0,0,1,0,0,0,0,0,1,0,1,0,0,0,0,0,0,0,0,0,2,0,0,1,1,0,0,0,0,0,0,0,0,0,1,0,2,0,1,0,0,0,2,0,0,1,1,0,0,0,0,0,0,0,0,0,0,0,0,0,0,0,0,0,0,0,0,0,0,0,0,0,0,0,0,0,0,0,0,0,0,0,0,0,0,0,0,0,0,0,0,0,0,0,0,0,0,0,0,0,0,0,1,0,0,0,0,0,0,0,0,0,0,0,0,0,0,0,0,0,0,0,0,0,0,0,0,0,0,0,0,0,0,0,0,0,0,0,0,0,0,0,0,0,0,0,0,0,0,0,0,0,0,0,0,0,0,0,0,0,0,0,0,0,0,0,0,0,0,0,0,0
0,0,0,0,0,0,0,0,0,0,0,0,0,0,0,0,0,0,0,0,0,0,0,0,0,0,0,0,0,0,0,0,0,1,0,0,0,0,0,0,0,0,0,0,0,0,0,1,1,0,0,1,0,0,1,2,0,0,0,1,0,0,1,0,1,1,0,0,0,0,0,0,0,0,0,0,0,0,0,0,0,0,0,0,0,0,0,0,0,0,0,0,0,0,0,0,1,0,0,0,0,1,0,0,0,0,0,1,0,0,0,0,0,0,0,0,0,0,0,0,0,0,0,0,0,0,0,0,0,0,0,0,0,0,0,0,0,0,0,0,0,0,0,0,0,0,0,0,0,0,0,0,0,0,0,0,0,0,0,0,0,0,0,0,0,0,0,0,0,0,0,0,0,0,0,0,0,0,0,0,0,0,0,0,0,0,0,0,0,0,0,0,0,0,0,0,0,0,0,0
0,0,0,0,0,0,0,0,0,0,0,0,0,0,0,0,0,0,0,1,0,0,0,0,0,0,0,0,0,2,0,0,0,0,0,0,0,0,0,0,0,0,0,0,1,0,1,0,0,0,0,0,0,0,0,1,0,0,0,0,1,0,1,0,2,0,0,0,1,1,0,0,0,0,0,0,0,0,0,0,0,0,0,0,0,0,0,0,0,0,0,0,0,0,0,1,0,0,0,0,0,0,0,0,0,0,0,0,0,0,0,0,0,0,0,0,0,0,0,0,0,0,0,0,0,0,0,0,0,0,0,0,0,0,0,0,0,0,0,0,0,0,0,0,0,0,0,0,0,0,0,0,0,0,0,0,0,0,0,0,0,0,0,0,0,0,0,0,0,0,0,0,0,0,0,0,0,0,0,0,0,0,0,0,0,0,0,0,0,0,0,0,0,0,0,0,0,0,0,0
0,0,0,0,0,0,0,0,0,0,0,0,0,0,0,0,0,0,0,0,0,0,0,0,0,0,0,0,0,0,0,0,1,0,0,0,0,0,0,0,0,0,0,0,0,0,1,0,1,0,0,0,0,0,2,0,0,0,0,0,1,2,0,2,0,2,0,0,0,0,0,0,0,0,0,0,0,0,0,0,0,0,0,0,0,0,0,0,0,0,0,0,0,0,0,0,0,0,0,0,0,0,0,0,0,0,0,0,0,0,0,0,0,0,0,0,0,0,0,0,0,0,0,0,0,0,0,0,0,0,0,0,0,0,0,0,0,0,0,0,0,0,0,0,0,0,0,0,0,0,0,0,0,0,0,0,0,0,0,0,0,0,0,0,0,0,0,0,0,0,0,0,0,0,0,0,0,0,0,0,0,0,0,0,0,0,0,0,0,0,0,0,0,0,0,0,0,0,0,0
0,0,0,0,0,0,0,0,0,0,0,0,0,0,0,0,0,0,0,0,0,0,0,0,1,0,0,0,0,0,0,0,0,0,0,0,0,0,0,0,0,0,1,0,0,0,0,1,1,0,0,0,0,0,0,0,0,0,0,0,0,1,0,0,0,0,0,2,0,0,0,0,0,0,0,1,0,0,0,0,0,0,0,0,0,0,0,1,0,0,0,0,0,0,0,0,0,0,0,0,0,0,0,0,0,0,0,0,0,0,0,0,0,0,0,0,0,0,0,0,0,0,0,0,0,0,0,0,0,0,0,0,0,0,0,0,0,0,0,0,0,0,0,0,0,0,0,0,0,0,0,0,0,0,0,0,0,0,0,0,0,0,0,0,0,0,0,0,0,0,0,0,0,0,0,0,0,0,0,0,0,0,0,0,0,0,0,0,0,0,0,0,0,0,0,0,0,0,0,0
0,0,0,0,0,0,0,0,0,0,0,0,0,0,0,0,0,0,0,0,0,0,0,0,0,0,0,0,0,0,0,0,0,0,0,0,0,0,0,0,0,0,0,0,0,0,0,0,1,0,1,0,0,0,0,0,0,1,0,0,0,0,1,0,0,0,0,1,0,0,0,0,0,0,0,0,1,0,0,0,1,0,0,0,0,0,0,0,0,0,0,0,0,0,0,0,0,0,0,0,0,0,0,0,0,0,0,0,0,0,0,0,0,0,1,0,0,0,0,0,0,0,0,0,0,0,0,0,0,0,0,0,0,0,0,0,0,0,0,0,0,0,0,0,0,0,0,0,0,0,0,0,0,0,0,0,0,0,0,0,0,0,0,0,0,0,0,0,0,0,0,0,0,0,0,0,0,0,0,0,0,0,0,0,0,0,0,0,0,0,0,0,0,0,0,0,0,0,0,0
0,0,0,0,0,0,0,0,0,0,0,0,0,0,0,0,0,0,0,0,0,0,0,0,0,0,0,0,0,0,0,0,0,0,0,0,1,0,0,0,1,0,1,0,0,0,0,0,1,0,0,0,0,0,0,0,0,0,0,0,1,1,0,0,0,0,0,0,1,0,0,0,0,0,0,0,0,2,1,0,0,0,0,0,0,0,0,0,0,0,0,0,0,0,1,0,0,0,0,0,0,0,0,0,0,0,0,0,0,0,0,0,0,0,0,0,0,0,0,0,0,0,0,0,0,0,0,0,0,0,0,0,0,0,0,0,0,0,0,0,0,0,0,0,0,0,0,0,0,0,0,0,0,0,0,0,0,0,0,0,0,0,0,0,0,0,0,0,0,0,0,0,0,0,0,0,0,0,0,0,0,0,0,0,0,0,0,0,0,0,0,0,0,0,0,0,0,0,0,0
0,0,0,0,0,0,0,0,0,0,0,0,0,0,0,0,0,0,0,0,0,0,0,0,0,0,0,0,0,0,0,0,0,0,1,0,0,0,0,0,0,0,0,0,0,0,0,0,0,0,0,0,0,0,0,1,0,0,1,0,1,0,1,0,0,1,0,0,0,0,0,0,0,0,0,0,0,0,0,0,0,0,1,1,0,0,0,0,0,0,0,0,0,0,0,0,0,0,0,0,0,0,0,0,0,0,0,0,0,0,0,0,0,0,0,0,0,0,0,0,0,0,0,0,0,0,0,0,0,0,0,0,0,0,0,0,0,0,0,0,0,0,0,0,0,0,0,0,0,0,0,0,0,0,0,0,0,0,0,0,0,0,0,0,0,0,0,0,0,0,0,0,0,0,0,0,0,0,0,0,0,0,0,0,0,0,0,0,0,0,0,0,0,0,0,0,0,0,0,0
0,0,0,0,0,0,0,0,0,0,0,0,0,0,0,0,0,0,0,0,0,0,0,0,0,0,0,0,0,0,0,0,0,0,0,1,0,1,0,0,0,0,0,0,0,0,0,0,0,1,0,0,0,0,0,0,0,0,0,0,0,0,0,0,0,0,0,0,0,1,0,0,0,0,0,0,0,0,0,0,0,0,0,0,0,0,0,0,1,0,0,0,0,0,0,0,0,0,0,0,0,0,0,0,0,0,0,0,0,0,0,0,0,0,0,0,0,0,0,0,1,0,0,0,0,0,0,0,0,0,0,0,0,0,0,0,0,0,0,0,0,0,0,0,0,0,0,0,0,0,0,0,0,0,0,0,0,0,0,0,0,0,0,0,0,0,0,0,0,0,0,0,0,0,0,0,0,0,0,0,0,0,0,0,0,0,0,0,0,0,0,0,0,0,0,0,0,0,0,0
0,0,0,0,0,0,0,0,0,0,0,0,1,0,0,0,0,0,0,0,1,0,0,0,0,0,0,0,0,0,0,0,0,0,0,0,0,0,0,0,0,0,0,0,0,0,1,0,1,1,1,0,0,0,0,0,0,3,0,0,0,0,0,0,0,0,0,0,1,0,0,0,0,0,0,0,0,0,0,0,0,0,0,0,0,0,0,1,0,0,0,0,0,0,0,1,0,0,0,0,0,0,0,0,0,0,0,1,0,0,0,0,0,0,0,0,0,0,0,0,0,0,0,0,0,0,0,0,0,0,0,0,0,0,0,0,0,0,0,0,0,0,0,0,0,0,0,0,0,0,0,0,0,0,0,0,0,0,0,0,0,0,0,0,0,0,0,0,0,0,0,0,0,0,0,0,0,0,0,0,0,0,0,0,0,0,0,0,0,0,0,0,0,0,0,0,0,0,0,0
0,0,0,0,0,0,0,0,0,0,0,0,0,0,0,0,0,0,0,0,0,0,0,0,0,0,0,0,0,0,0,0,0,0,0,0,0,1,0,0,1,0,0,0,1,1,0,0,0,0,1,0,0,0,0,0,0,1,0,0,0,1,0,0,0,0,0,0,1,0,0,0,1,0,0,2,1,1,0,0,1,0,1,0,0,0,0,0,0,0,0,0,0,0,0,0,0,0,0,0,0,0,0,0,0,0,0,0,0,0,0,0,0,0,0,0,0,0,0,0,0,0,0,0,0,0,0,0,0,0,0,0,0,0,0,0,0,0,0,0,0,0,0,0,0,0,0,0,0,0,0,0,0,0,0,0,0,0,0,0,0,0,0,0,0,0,0,0,0,0,0,0,0,0,0,0,0,0,0,0,0,0,0,0,0,0,0,0,0,0,0,0,0,0,0,0,0,0,0,0
0,0,0,0,0,0,0,0,0,0,0,0,0,0,0,0,0,0,0,0,0,0,0,0,0,0,0,0,0,0,0,0,0,0,0,0,0,0,0,0,0,0,0,0,1,0,1,0,0,0,0,0,1,0,0,0,0,0,0,0,0,0,0,0,0,0,0,0,0,0,0,0,0,0,0,1,0,0,0,1,0,1,0,0,0,0,0,0,0,0,0,0,0,0,1,0,0,0,0,0,1,1,0,0,0,0,0,0,0,0,0,0,0,0,0,0,0,0,0,0,0,0,0,0,0,0,0,0,0,0,0,0,0,0,0,0,0,0,0,0,0,0,0,0,0,0,0,0,0,0,0,0,0,0,0,0,0,0,0,0,0,0,0,0,0,0,0,0,0,0,0,0,0,0,0,0,0,0,0,0,0,0,0,0,0,0,0,0,0,0,0,0,0,0,0,0,0,0,0,0
0,0,0,0,0,0,0,0,0,0,0,0,0,0,1,0,0,0,0,0,0,0,0,0,0,0,0,0,1,0,0,0,0,0,0,0,0,1,0,0,1,0,0,0,1,0,0,0,0,1,0,1,0,0,1,0,0,0,1,1,0,0,0,0,0,0,1,0,0,2,1,0,0,0,0,0,0,0,0,0,0,0,0,0,0,0,0,0,1,0,0,0,0,0,0,0,0,0,0,0,0,0,0,0,0,0,0,0,0,0,0,0,0,0,0,0,0,0,0,0,0,0,0,0,0,0,0,0,0,0,0,0,0,0,0,0,0,0,0,0,0,0,0,0,0,0,0,0,0,0,0,0,0,0,0,0,0,0,0,0,0,0,0,0,0,0,0,0,0,0,0,0,0,0,0,0,0,0,0,0,0,0,0,0,0,0,0,0,0,0,0,0,0,0,0,0,0,0,0,0
0,0,0,0,0,0,0,0,0,0,0,0,0,0,0,0,0,0,0,0,0,0,0,0,0,1,0,0,1,0,0,0,0,0,0,0,0,0,0,0,0,0,0,0,1,0,0,0,0,0,0,0,0,0,0,0,0,1,0,0,0,0,0,1,0,1,0,2,0,0,0,0,0,0,0,0,0,0,0,1,0,0,0,0,0,0,0,0,0,0,0,0,1,0,0,0,1,0,0,0,0,0,0,0,0,0,0,0,0,0,0,0,0,0,0,0,0,0,0,0,0,0,0,0,0,0,0,0,0,0,0,0,0,0,0,0,0,0,0,0,0,0,0,0,0,0,0,0,0,0,0,0,0,0,0,0,0,0,0,0,0,0,0,0,0,0,0,0,0,0,0,0,0,0,0,0,0,0,0,0,0,0,0,0,0,0,0,0,0,0,0,0,0,0,0,0,0,0,0,0
0,0,0,0,0,0,0,0,0,0,0,0,0,0,0,0,0,0,0,0,0,0,0,0,0,0,0,0,0,0,0,0,0,0,0,0,1,0,0,0,0,0,0,0,0,0,1,1,1,0,0,0,0,0,1,0,0,0,1,0,0,0,0,1,0,0,0,0,0,0,0,0,0,1,2,1,0,0,0,0,0,0,0,0,0,0,0,0,0,0,0,0,0,0,0,0,0,0,0,0,0,0,0,0,0,0,0,0,0,0,0,0,0,0,0,0,0,0,0,0,0,0,0,0,0,0,0,0,0,0,0,0,0,0,0,0,0,0,0,0,0,0,0,0,0,0,0,0,0,0,0,0,0,0,0,0,0,0,0,0,0,0,0,0,0,0,0,0,0,0,0,0,0,0,0,0,0,0,0,0,0,0,0,0,0,0,0,0,0,0,0,0,0,0,0,0,0,0,0,0
0,0,0,0,0,0,0,0,0,0,0,0,0,0,0,0,0,0,0,0,0,0,0,0,0,0,0,0,0,0,0,0,0,0,0,0,0,0,0,0,0,0,0,0,0,0,0,0,0,0,1,0,0,0,0,0,0,0,0,0,0,0,0,1,0,0,0,0,0,0,1,0,0,0,0,0,0,0,0,1,0,0,0,0,0,0,0,0,0,0,0,0,0,0,0,0,0,0,0,0,0,0,0,1,0,1,0,0,0,0,0,0,0,0,0,0,0,0,0,0,0,0,0,0,0,0,0,0,0,0,0,0,0,0,0,0,0,0,0,0,0,0,0,0,0,0,0,0,0,0,0,0,0,0,0,0,0,0,0,0,0,0,0,0,0,0,0,0,0,0,0,0,0,0,0,0,0,0,0,0,0,0,0,0,0,0,0,0,0,0,0,0,0,0,0,0,0,0,0,0
