1,1,4,1,0,0,2,1,8,2,4,6,7,3,3,4,6,11,13,17,12,23,25,10,18,24,26,35,37,33,32,38,50,35,73,58,63,64,95,101,95,85,80,118,134,150,122,148,154,164,172,211,208,188,220,215,184,225,262,282,272,286,288,334,353,337,390,361,373,379,379,370,385,369,419,424,415,436,424,455,432,484,487,425,376,454,415,424,413,355,400,365,432,407,413,399,416,386,367,323,319,308,339,325,306,280,282,268,240,233,265,232,213,207,198,190,179,147,167,136,132,132,114,110,103,81,93,107,76,57,84,68,61,38,50,35,40,30,31,20,27,31,16,24,11,27,19,9,7,12,17,10,5,7,5,7,7,6,4,1,1,2,3,2,0,0,1,1,0,0,0,0,0,1,0,0,0,0,0,0,0,0,0,0,0,0,0,0,0,0,0,0,0,0,0,0,0,0,0,0
3,3,3,1,4,3,6,4,5,1,2,4,6,4,4,16,5,8,17,14,19,23,23,16,23,21,22,37,29,43,41,40,46,38,59,70,59,80,70,70,92,114,100,116,136,142,127,146,141,164,186,192,177,219,224,236,215,254,275,293,277,286,262,326,309,338,330,351,397,373,382,395,392,371,398,412,413,434,440,439,413,462,444,442,410,401,383,421,406,383,395,372,397,368,383,371,357,354,385,298,302,327,310,302,260,260,275,257,207,213,221,215,193,189,187,166,165,152,139,150,152,128,137,92,117,87,82,86,83,55,56,40,56,38,40,39,30,44,23,26,18,27,23,20,21,29,7,9,7,15,12,6,7,2,4,3,4,7,1,1,5,2,4,2,3,1,3,1,5,1,0,0,0,0,0,1,0,1,0,0,0,0,0,0,0,0,0,0,0,0,0,0,0,0,0,0,0,0,0,0
1,1,2,3,0,3,6,7,6,2,2,5,11,2,4,8,4,7,13,9,7,20,17,12,14,18,14,26,31,33,29,39,52,49,56,76,59,67,80,74,99,97,104,120,130,131,136,162,126,169,151,194,217,192,225,222,202,222,247,304,263,254,303,349,278,337,374,356,342,412,310,396,379,370,384,441,440,405,446,419,411,399,449,403,403,426,409,398,382,387,412,361,404,360,369,353,346,310,312,307,278,287,286,259,272,251,244,232,211,181,214,198,234,181,178,179,170,135,131,155,106,101,94,78,92,104,82,72,52,49,67,45,52,45,54,35,28,43,28,30,17,17,25,22,18,15,7,7,12,8,12,13,9,3,5,3,4,2,3,2,0,4,2,0,1,0,2,1,0,2,0,1,0,0,0,0,1,1,0,0,0,0,0,0,0,0,0,0,0,0,0,0,0,0,0,0,0,0,0,0
1,1,3,3,1,1,3,1,7,2,3,1,4,4,2,6,7,10,18,21,16,20,13,17,16,22,22,34,25,37,45,41,62,49,72,61,55,69,66,81,99,78,95,95,144,155,141,129,157,156,163,193,163,245,243,202,207,244,252,281,290,301,308,292,296,339,342,361,347,364,345,391,371,350,399,424,419,419,404,399,435,385,455,399,407,414,423,387,379,358,339,357,373,364,325,341,339,342,320,312,275,283,299,235,239,239,240,233,211,173,235,160,168,146,165,146,147,120,100,134,136,90,100,92,89,73,87,71,68,45,61,54,42,48,44,44,22,28,25,30,19,14,17,11,15,13,10,11,7,12,10,13,5,4,6,7,1,6,1,4,3,1,2,0,0,0,1,1,0,0,0,0,0,1,0,1,0,0,0,0,0,0,0,0,0,0,0,0,0,0,0,0,0,0,0,0,0,0,0,0
2,2,1,5,0,2,0,2,10,2,2,6,8,4,3,7,6,12,13,10,20,27,19,9,23,27,31,45,18,36,39,49,52,46,67,59,73,81,82,94,79,79,96,111,113,149,117,147,161,154,172,173,167,185,227,203,202,246,250,297,299,283,299,322,307,335,369,323,348,373,324,331,356,391,373,410,428,409,416,456,402,386,403,372,409,381,372,360,349,357,351,304,311,333,308,298,340,332,323,271,270,272,259,249,248,234,237,207,171,138,211,194,172,159,141,138,141,109,103,121,113,99,88,69,76,68,69,83,64,57,47,44,39,46,41,29,28,24,16,29,18,19,9,11,12,23,10,12,8,10,10,6,2,1,2,6,2,5,6,1,2,0,0,0,0,1,1,0,0,0,0,0,1,1,0,0,1,2,0,0,0,0,0,0,0,0,0,0,0,0,0,0,0,0,0,0,0,0,0,0
1,0,2,1,1,0,4,1,2,1,1,4,10,5,2,8,6,5,22,16,15,21,19,14,17,21,29,32,23,45,38,48,49,39,60,77,80,65,78,71,91,80,125,95,164,140,148,148,142,153,184,169,187,218,224,229,248,243,253,272,288,274,304,300,326,324,357,343,394,362,319,399,371,386,335,400,403,386,404,363,374,362,387,389,354,364,400,337,373,356,318,336,313,297,298,305,295,339,280,276,264,276,238,224,229,234,216,204,195,165,209,171,156,156,138,128,138,113,118,135,97,82,84,79,65,75,53,81,53,47,46,38,40,51,46,34,28,32,30,30,25,25,13,18,13,13,10,13,5,10,5,10,7,5,8,6,6,3,6,1,1,4,2,2,1,1,0,0,1,1,0,0,0,0,0,0,2,0,0,0,0,0,0,0,0,0,0,0,0,0,0,0,0,0,0,0,0,0,0,0
4,1,4,2,1,1,4,3,9,1,4,7,8,6,6,13,8,8,14,16,9,18,20,15,26,30,40,38,31,42,42,51,40,46,54,72,66,79,68,72,104,107,112,118,141,159,108,139,158,171,199,185,179,205,227,200,175,275,233,281,289,264,289,323,283,308,308,321,364,335,328,348,312,359,374,360,369,396,352,384,390,371,409,362,347,334,366,328,335,324,309,296,309,313,287,281,281,266,245,256,222,217,240,241,186,219,199,217,198,167,206,140,157,137,110,123,123,99,101,122,101,75,70,75,77,77,62,64,65,42,60,38,33,28,36,27,28,32,20,21,14,20,20,13,14,17,10,8,10,17,11,7,3,5,3,2,7,3,2,0,0,0,1,0,3,0,2,1,1,0,0,0,0,1,0,0,3,1,0,0,0,0,0,0,0,0,0,0,0,0,0,0,0,0,0,0,0,0,0,0
2,1,1,4,0,2,2,1,5,0,2,4,14,3,5,10,9,12,15,21,18,22,19,8,20,21,24,28,29,36,44,40,53,64,63,49,65,90,63,83,82,90,113,104,133,152,150,134,131,173,162,208,201,208,214,230,214,255,237,299,262,285,316,316,295,291,338,338,317,339,317,353,342,379,342,366,403,379,377,410,385,381,361,363,341,325,359,328,280,284,338,318,294,289,273,264,265,254,250,260,234,231,228,217,213,192,198,167,156,155,160,154,126,144,135,117,113,119,100,104,91,68,66,72,71,53,69,65,46,41,43,40,27,27,30,28,30,26,14,16,13,16,14,15,11,16,10,7,2,16,2,8,7,3,14,1,1,2,3,6,1,1,5,0,0,0,2,0,2,0,0,0,1,0,0,0,2,0,0,0,0,0,0,0,0,0,0,0,0,0,0,0,0,0,0,0,0,0,0,0
2,2,4,4,0,0,3,2,6,2,3,3,15,0,4,10,9,6,17,12,16,14,20,16,16,30,31,25,40,44,31,31,44,52,65,60,73,56,75,73,108,98,112,108,130,168,121,142,141,176,154,228,214,198,206,236,203,228,240,290,275,287,289,278,295,322,352,311,355,349,331,326,336,314,374,371,360,379,373,357,346,358,372,342,288,361,322,326,310,284,304,291,299,233,264,234,286,277,265,220,209,228,199,197,184,193,190,168,169,145,164,152,126,132,103,109,90,105,91,94,83,84,91,51,55,63,54,50,54,48,42,33,35,32,42,20,33,27,17,22,12,14,11,20,17,18,7,9,6,9,9,8,6,4,5,2,4,3,2,0,2,1,2,1,1,0,0,2,0,0,0,0,0,1,0,0,0,0,0,0,0,0,0,0,0,0,0,0,0,0,0,0,0,0,0,0,0,0,0,0
1,0,3,2,0,2,4,3,2,1,2,7,6,4,6,3,6,8,13,12,9,19,13,14,33,19,28,34,29,47,33,42,57,52,70,72,68,73,59,86,103,96,107,100,120,117,163,136,158,153,167,183,194,229,234,246,205,250,259,287,288,259,290,310,302,306,293,313,334,344,320,321,294,353,327,356,373,358,389,337,365,338,353,363,321,350,296,325,275,310,255,298,265,270,241,256,267,234,212,218,193,204,211,190,187,183,190,162,169,120,174,136,129,112,96,128,116,104,93,71,82,69,67,61,59,60,52,44,38,42,44,31,36,36,28,27,27,21,16,13,11,16,14,15,8,9,11,6,4,10,6,12,9,3,4,2,2,3,3,0,2,5,3,1,0,1,2,1,1,1,0,0,0,0,0,0,1,0,0,0,0,0,1,0,0,0,0,0,0,0,0,0,0,0,0,0,0,0,0,0
3,1,1,4,1,1,2,3,4,3,4,3,8,2,4,12,8,6,16,7,13,16,17,15,26,22,29,38,28,39,34,45,65,52,64,68,87,69,78,70,101,87,92,112,139,133,158,154,148,169,195,180,188,215,199,225,193,236,245,279,274,279,277,288,265,329,324,295,334,376,277,314,311,341,323,350,376,347,365,339,359,354,367,291,313,320,331,289,274,289,279,270,239,219,293,250,245,240,201,230,190,214,190,194,176,192,174,185,138,120,128,125,120,102,100,95,100,93,92,95,78,61,71,47,63,51,45,54,42,42,37,29,36,22,34,19,26,27,16,15,16,12,14,14,10,12,5,7,2,5,11,7,4,1,3,1,4,2,1,0,2,2,3,0,3,0,2,1,1,0,0,0,1,0,0,2,1,2,0,0,0,0,0,0,0,0,0,0,0,0,0,0,0,0,0,0,0,0,0,0
2,0,5,3,1,1,3,3,2,3,5,3,6,2,0,14,2,7,21,16,19,24,21,19,22,35,28,29,40,37,39,52,51,45,56,72,68,76,64,72,99,94,111,101,139,137,134,159,130,159,174,190,195,201,225,210,183,203,246,259,237,255,294,261,314,336,293,297,335,321,260,328,296,323,310,307,342,351,357,326,350,313,336,313,289,310,290,280,259,273,273,271,282,268,228,270,247,241,221,226,190,167,169,161,171,170,155,140,118,116,141,115,128,111,92,106,93,86,81,84,70,70,67,50,60,52,50,47,51,31,45,30,34,28,27,21,22,28,14,9,17,18,7,15,10,10,6,8,8,9,8,6,3,3,4,2,3,3,1,2,3,0,0,0,0,1,0,0,0,0,0,0,0,0,0,0,0,0,0,0,0,0,1,0,0,0,0,0,0,0,0,0,0,0,0,0,0,0,0,0
1,2,4,2,0,1,5,5,6,0,2,7,13,1,9,13,7,6,16,9,14,24,30,21,26,16,37,44,32,41,25,46,47,43,63,73,75,71,60,68,98,87,100,104,129,148,128,138,154,153,183,220,207,197,222,185,191,195,245,241,282,244,259,285,288,306,285,298,312,329,297,299,310,310,289,329,320,310,362,301,347,301,281,305,283,267,278,240,287,253,256,267,235,250,242,207,241,209,202,195,178,180,168,201,187,147,182,151,132,127,135,107,102,97,108,85,90,81,87,80,69,53,42,52,50,44,49,56,53,25,33,33,30,27,31,11,22,20,11,15,11,17,8,8,14,10,10,9,4,8,2,10,2,1,4,1,5,3,0,1,2,1,3,0,0,0,0,0,2,0,0,0,0,0,0,1,1,0,0,0,0,0,0,0,0,0,0,0,0,0,0,0,0,0,0,0,0,0,0,0
3,1,4,3,1,3,3,3,5,2,2,3,11,3,4,6,7,10,14,10,16,19,15,14,25,29,36,30,17,55,36,45,53,41,63,57,69,80,67,81,95,92,105,113,145,133,145,155,153,165,171,172,178,194,179,228,217,208,220,280,290,241,274,269,252,301,297,311,321,333,234,309,317,343,290,302,333,347,299,309,305,330,330,323,303,289,284,265,240,259,258,239,253,247,236,212,223,209,209,188,167,170,191,138,154,139,172,132,93,121,120,111,104,86,86,76,77,78,65,81,65,61,72,45,57,38,47,46,34,32,39,22,25,26,28,23,17,22,17,18,13,13,11,11,4,6,11,7,3,8,5,3,5,2,7,1,5,2,3,0,1,1,2,0,0,2,1,0,1,0,0,0,0,0,0,0,0,0,0,0,0,0,2,0,0,0,0,0,0,0,0,0,0,0,0,0,0,0,0,0
2,1,5,1,2,0,2,2,3,1,3,5,6,4,3,5,6,4,12,9,14,26,18,20,25,28,32,21,27,56,46,47,67,49,56,60,65,76,70,72,107,94,115,100,137,153,143,158,155,190,151,184,188,184,223,211,198,230,229,269,246,260,272,271,258,304,297,269,290,307,265,283,287,304,322,312,337,315,302,304,315,291,273,287,265,288,250,228,228,243,263,245,248,213,219,193,205,197,210,182,153,151,180,164,166,128,138,132,124,104,138,104,113,87,90,107,94,76,62,78,51,54,34,55,55,27,35,41,38,28,30,30,30,28,21,12,14,13,16,13,13,11,13,7,6,6,5,3,8,10,6,10,3,6,5,1,5,4,2,0,1,2,0,1,1,1,1,0,0,0,0,0,0,0,0,0,0,0,0,0,0,0,0,0,0,0,0,0,0,0,0,0,0,0,0,0,0,0,0,0
1,1,1,2,0,0,3,3,8,2,2,3,8,5,6,9,9,11,16,14,14,17,16,17,11,24,30,37,25,37,34,42,66,51,53,73,59,74,71,82,102,89,105,105,128,130,143,125,112,173,152,183,167,183,214,209,210,190,247,288,237,260,262,266,250,273,272,294,268,308,294,292,306,271,321,278,341,312,336,282,306,309,286,302,243,290,276,246,248,231,248,220,228,193,203,222,233,186,193,163,149,168,148,140,145,120,147,128,120,102,108,112,92,93,82,91,83,80,46,54,67,51,51,46,41,52,40,48,29,34,41,19,21,21,28,22,16,18,14,9,14,19,9,9,7,11,5,4,5,9,10,4,5,3,1,0,4,0,1,3,2,3,0,1,0,1,1,3,0,0,0,0,0,1,0,0,1,0,0,0,0,0,0,0,0,0,0,0,0,0,0,0,0,0,0,0,0,0,0,0
0,2,5,1,2,6,2,1,5,5,2,1,8,3,11,9,11,11,13,8,18,18,20,5,19,33,28,28,31,52,33,47,41,41,59,54,84,76,83,65,103,89,108,111,130,138,136,146,159,149,182,209,198,184,201,173,163,200,211,219,251,249,269,276,270,289,248,300,270,290,253,277,315,277,268,307,320,250,311,311,292,302,287,269,257,257,267,239,235,212,239,215,222,230,197,212,202,190,170,132,132,168,158,145,143,144,129,143,100,97,129,103,99,87,89,77,81,73,63,57,74,40,54,36,51,38,30,44,32,24,39,28,25,16,21,8,20,13,15,11,21,7,10,7,7,6,5,5,1,10,3,6,0,0,7,3,2,2,1,0,1,2,1,1,1,0,2,0,0,0,0,0,1,0,0,0,0,2,0,0,0,0,0,0,0,0,0,0,0,0,0,0,0,0,0,0,0,0,0,0
2,1,3,1,0,1,3,6,4,0,5,2,11,3,7,10,8,6,7,8,16,16,10,14,13,23,24,33,24,47,23,43,40,47,59,64,68,62,78,60,98,96,95,100,125,148,128,135,119,144,161,174,174,178,200,187,190,228,200,235,218,242,259,247,224,214,246,269,277,289,247,274,230,280,275,279,290,295,282,305,284,274,289,236,255,269,233,238,231,215,228,187,201,181,167,189,190,165,184,157,150,162,149,157,142,138,126,140,107,80,112,111,99,77,72,76,76,67,73,61,69,40,53,26,49,41,39,37,21,30,21,18,25,22,13,8,28,19,9,11,8,6,7,13,6,7,5,5,3,7,3,4,4,2,1,1,1,6,0,0,0,0,3,1,2,0,0,1,0,0,0,0,0,0,0,1,0,1,0,0,0,0,0,0,0,0,0,0,0,0,0,0,0,0,0,0,0,0,0,0
2,4,1,4,1,1,1,1,3,2,3,3,8,3,6,10,3,5,13,9,7,17,25,15,26,25,32,31,30,42,35,59,40,43,71,56,74,67,60,83,97,89,109,112,135,149,133,139,134,142,148,168,158,178,215,199,196,201,209,255,262,265,226,248,246,276,261,290,249,307,242,276,242,286,306,268,280,255,296,267,300,264,261,245,223,249,209,213,200,218,240,212,190,181,212,191,179,180,182,170,134,142,140,132,129,126,105,113,104,92,110,90,96,78,68,76,64,55,68,57,66,44,46,39,47,30,39,18,32,23,26,21,15,16,15,15,13,14,8,8,11,12,5,5,2,10,3,3,1,5,3,6,3,3,4,0,2,1,3,0,2,1,0,0,0,0,0,0,0,0,0,0,0,0,0,0,1,1,0,0,0,0,0,0,0,0,0,0,0,0,0,0,0,0,0,0,0,0,0,0
0,1,3,1,3,2,4,4,11,1,3,6,5,4,6,8,6,8,9,10,11,16,18,17,19,27,37,28,38,33,34,37,44,43,57,79,59,72,55,72,93,108,89,95,110,122,124,142,135,143,153,178,162,207,194,185,179,210,212,256,243,217,227,236,233,254,263,269,276,285,251,242,269,243,250,291,252,301,285,253,272,256,253,240,235,217,226,205,193,195,196,184,206,160,181,198,191,171,147,130,143,123,145,122,108,114,116,105,100,86,103,100,81,94,77,68,58,49,49,68,53,49,36,36,39,29,37,29,37,28,28,20,19,25,17,17,6,14,16,11,14,5,11,9,3,9,1,3,4,3,3,4,4,1,4,1,3,2,0,3,0,0,1,0,2,1,1,0,0,0,0,0,0,0,0,0,0,1,0,0,0,0,0,0,0,0,0,0,0,0,0,0,0,0,0,0,0,0,0,0
0,3,3,1,0,1,3,4,3,4,5,1,4,2,3,10,6,8,11,10,10,16,12,15,21,25,32,38,28,36,20,44,56,49,63,71,63,77,51,76,87,94,105,105,115,132,130,131,119,149,157,170,170,178,190,197,165,192,226,224,212,249,232,232,237,246,245,274,260,277,212,236,250,232,253,257,315,233,259,246,258,274,255,243,211,213,220,194,192,187,201,193,164,171,169,164,189,153,179,154,116,139,127,138,99,114,102,91,90,80,88,78,78,72,69,55,77,61,55,55,56,39,54,33,34,29,35,36,31,20,34,18,16,20,27,15,15,18,4,12,7,8,7,10,6,11,1,5,2,10,5,2,2,6,3,3,3,3,1,3,0,0,1,0,1,2,1,0,3,0,0,0,0,0,0,0,0,0,0,0,0,0,0,0,0,0,0,0,0,0,0,0,0,0,0,0,0,0,0,0
0,0,1,2,1,1,1,4,2,2,6,4,12,2,3,7,6,7,12,10,9,16,9,13,24,33,21,36,26,50,31,44,53,44,48,58,71,86,64,71,91,80,96,88,121,130,121,132,128,137,149,158,149,172,172,174,210,173,247,227,232,241,236,264,226,250,237,251,250,279,213,265,246,238,250,247,253,244,251,233,276,222,247,233,219,214,236,187,194,193,190,184,176,184,181,171,156,149,117,130,122,113,121,122,116,102,125,119,102,87,82,87,79,79,69,68,60,53,48,40,40,42,54,33,40,25,26,19,37,25,32,19,19,22,19,10,18,14,12,9,4,10,8,8,5,18,6,2,2,2,3,8,2,1,2,1,4,2,0,0,0,2,1,0,0,1,1,1,0,0,0,0,0,1,0,0,0,0,0,0,0,0,0,0,0,0,0,0,0,0,0,0,0,0,0,0,0,0,0,0
0,1,3,2,0,1,3,2,2,1,2,2,5,2,3,8,8,7,14,10,22,25,22,16,23,14,26,25,29,34,39,57,50,49,71,70,50,75,71,66,82,76,84,87,121,128,139,142,134,147,159,156,149,172,190,173,184,207,227,236,216,234,202,236,236,258,230,273,230,272,240,231,255,257,249,255,238,238,227,267,250,249,219,220,184,212,209,192,200,172,185,201,171,166,171,172,171,125,132,132,104,146,119,116,116,115,108,85,89,80,90,76,74,63,58,67,59,50,55,40,43,29,38,21,37,41,32,34,34,21,22,13,26,17,20,12,11,13,11,7,7,5,4,7,1,6,3,3,7,3,5,3,7,0,1,3,4,1,1,1,0,0,1,0,0,0,0,0,0,0,0,1,0,0,0,0,1,0,0,0,0,0,0,0,0,0,0,0,0,0,0,0,0,0,0,0,0,0,0,0
1,2,2,5,0,0,1,1,2,2,1,5,9,3,6,13,8,5,21,10,12,17,22,19,24,20,17,32,34,28,24,36,50,49,69,65,63,50,68,70,98,81,94,105,115,113,133,120,118,160,143,165,139,154,197,154,155,205,205,227,204,226,214,269,213,264,260,246,256,255,227,229,257,244,236,267,217,263,235,232,208,213,221,214,193,218,211,196,167,180,178,157,174,145,173,167,153,142,150,119,111,133,99,111,106,95,108,83,76,85,92,75,60,54,62,64,63,42,43,39,44,38,27,37,36,25,21,38,24,22,13,25,14,16,14,15,11,11,10,4,6,8,3,8,2,9,5,2,4,4,2,5,1,3,3,0,0,2,1,2,3,2,2,0,1,1,1,0,0,0,0,0,0,0,0,0,0,0,0,0,0,0,0,0,0,0,0,0,0,0,0,0,0,0,0,0,0,0,0,0
1,1,2,1,2,1,2,2,1,0,0,4,10,1,3,13,5,10,13,14,14,20,18,13,17,31,24,37,31,44,40,42,51,48,57,65,60,80,62,77,82,90,90,95,128,128,124,119,128,117,139,144,146,176,195,188,167,191,196,224,202,216,240,202,189,238,232,225,233,271,219,229,233,230,245,253,248,261,232,210,192,238,238,183,193,182,196,159,176,151,169,152,180,142,153,147,144,145,138,117,125,107,116,124,106,104,87,85,73,84,87,75,64,65,51,57,64,44,46,52,27,47,37,29,30,30,25,25,23,24,17,16,15,15,13,10,11,10,8,8,10,6,4,4,4,5,4,1,5,4,0,2,0,2,3,1,1,1,0,0,0,2,1,0,1,0,0,0,0,0,0,0,0,0,0,0,0,0,0,0,0,0,0,0,0,0,0,0,0,0,0,0,0,0,0,0,0,0,0,0
2,1,2,3,0,1,2,4,4,2,4,5,7,1,8,13,7,6,10,7,11,13,17,11,27,20,24,29,24,36,22,36,64,49,58,52,48,67,57,71,97,83,106,93,99,148,120,127,121,153,159,140,142,169,182,172,172,158,196,220,218,196,227,184,211,228,229,237,236,261,223,232,218,214,234,210,248,221,241,221,184,219,207,211,189,193,193,191,187,166,149,138,173,163,148,155,144,124,140,130,103,96,100,101,111,86,94,81,68,69,86,63,65,57,60,51,69,41,34,42,54,35,24,27,38,37,25,31,15,10,14,12,17,14,27,5,7,13,5,17,9,12,6,5,7,10,3,5,4,4,1,6,2,0,2,1,1,4,0,0,1,1,1,0,1,1,1,1,1,0,0,0,0,0,0,0,0,0,0,0,0,0,0,0,0,0,0,0,0,0,0,0,0,0,0,0,0,0,0,0
1,2,5,2,0,0,1,2,6,1,3,3,4,4,4,2,2,8,14,7,15,25,18,15,16,23,16,32,30,40,22,43,46,49,70,66,59,60,59,80,91,89,87,81,128,121,105,124,139,124,138,156,136,156,167,157,174,169,180,194,200,208,235,192,193,220,197,242,228,230,210,234,215,235,220,242,240,210,216,203,207,194,201,172,220,188,170,180,177,159,183,175,165,145,137,141,136,121,122,111,106,108,129,91,106,74,77,82,73,68,66,77,62,60,54,43,52,50,36,41,54,31,42,17,31,25,19,28,24,20,21,10,18,9,13,17,11,13,7,7,12,5,3,8,6,2,5,4,2,4,3,5,2,2,1,0,1,1,1,0,1,1,0,0,1,0,0,0,0,0,0,0,0,0,0,0,0,0,0,0,0,0,0,0,0,0,0,0,0,0,0,0,0,0,0,0,0,0,0,0
0,2,2,2,0,0,0,3,5,1,2,4,4,2,5,13,6,9,17,12,13,20,19,8,24,19,37,24,25,38,31,41,31,36,54,52,73,68,64,64,91,67,107,108,116,105,105,126,113,128,137,154,156,169,186,175,153,186,204,198,215,209,189,223,181,238,215,243,232,225,213,208,191,201,220,224,224,189,216,204,206,177,210,179,165,187,185,159,170,164,163,161,161,147,139,131,134,117,120,112,105,93,108,93,91,83,89,75,73,56,78,76,62,49,35,39,50,39,45,54,38,30,36,27,27,28,30,27,15,14,27,11,23,14,8,11,16,10,7,6,10,3,2,4,7,6,7,4,0,6,3,3,3,0,1,1,4,1,0,0,1,0,0,0,1,0,0,0,0,0,0,0,0,0,0,2,0,0,0,0,0,0,0,0,0,0,0,0,0,0,0,0,0,0,0,0,0,0,0,0
2,2,7,3,0,2,3,3,6,1,5,1,9,5,4,15,9,9,9,14,17,19,20,8,20,31,30,29,27,34,29,29,41,41,47,61,56,67,59,63,75,82,83,80,113,104,112,129,126,129,119,153,142,140,144,145,172,173,183,205,174,204,185,203,199,185,207,217,202,203,207,208,220,213,194,195,186,213,219,207,198,206,188,163,176,162,155,155,140,186,177,139,140,114,128,127,124,110,111,115,88,113,97,82,67,86,92,73,71,58,73,69,42,54,44,55,46,35,52,31,34,31,29,22,25,35,24,29,8,14,20,11,17,12,17,10,17,8,10,3,7,12,6,5,5,8,4,5,1,1,5,5,4,1,3,0,2,1,0,1,1,1,0,0,0,1,0,0,0,0,0,0,0,0,0,0,1,1,0,0,0,0,0,0,0,0,0,0,0,0,0,0,0,0,0,0,0,0,0,0
2,2,3,1,0,2,0,1,7,0,2,1,7,1,6,5,7,7,9,5,9,19,22,15,20,28,20,25,16,36,26,33,65,51,53,54,41,56,66,69,95,92,87,99,102,138,94,113,137,121,157,146,143,156,147,171,134,160,201,209,196,196,189,196,188,215,223,215,210,220,196,193,172,207,196,215,187,206,212,186,176,201,173,169,170,160,156,150,161,128,136,146,151,137,108,122,111,123,112,93,91,110,83,76,71,77,111,63,73,61,70,55,54,56,49,52,49,39,47,44,34,29,30,21,32,18,24,20,18,16,20,8,15,16,14,5,8,9,5,6,4,9,7,1,6,6,10,4,1,2,5,6,1,1,0,1,5,4,0,3,0,0,1,0,1,0,1,0,0,1,0,0,0,0,0,0,0,1,0,0,0,0,0,0,0,0,0,0,0,0,0,0,0,0,0,0,0,0,0,0
1,1,1,2,0,2,2,1,7,0,1,4,7,3,4,7,7,7,19,7,18,18,17,14,15,23,23,24,27,43,29,43,44,42,48,48,56,75,65,62,79,90,90,91,110,115,107,113,99,108,148,159,136,163,168,142,146,185,156,213,206,192,209,199,183,222,199,209,178,202,161,216,177,190,209,220,230,191,189,198,191,197,172,172,162,166,144,131,149,128,140,120,146,99,115,111,120,115,125,91,89,104,91,83,78,83,71,67,70,44,66,55,51,53,41,51,55,45,29,36,29,26,24,39,18,25,18,24,20,20,20,13,11,11,5,9,13,12,4,6,8,5,3,9,1,5,7,1,3,4,7,0,1,1,2,0,1,0,0,0,1,1,0,1,0,0,3,1,0,0,0,0,0,0,0,0,0,1,0,0,0,0,0,0,0,0,0,0,0,0,0,0,0,0,0,0,0,0,0,0
1,1,2,1,0,1,4,2,5,1,2,2,9,3,6,9,5,2,15,9,13,10,22,17,16,20,30,27,23,30,23,30,42,31,50,46,54,66,55,49,74,74,85,86,124,89,103,130,116,107,136,150,153,116,152,157,130,174,179,184,177,181,171,183,194,167,196,204,179,196,177,207,206,209,184,194,208,195,185,177,184,185,189,159,153,149,160,154,172,135,140,146,126,106,114,117,107,113,103,99,70,89,82,71,74,84,68,79,66,66,61,58,52,40,43,39,48,40,34,27,50,25,22,25,26,29,24,26,21,14,23,17,15,14,11,9,6,11,8,8,9,3,3,2,5,12,3,2,3,5,2,4,0,0,3,1,3,2,1,1,1,0,1,0,0,0,0,0,0,0,0,0,0,0,0,0,0,0,0,0,0,0,0,0,0,0,0,0,0,0,0,0,0,0,0,0,0,0,0,0
1,1,0,2,1,1,5,2,7,0,0,4,6,3,3,12,7,13,15,10,14,19,13,12,14,13,26,27,26,40,28,35,37,26,50,62,56,65,69,62,79,79,95,80,113,100,128,112,108,120,111,136,148,149,138,149,126,149,185,205,177,183,195,202,161,197,205,223,192,214,178,161,167,174,187,203,200,178,203,188,179,188,170,165,168,145,153,137,135,137,151,127,108,105,104,109,113,95,103,80,83,89,96,81,80,86,77,62,58,44,50,63,43,62,37,39,42,45,41,40,30,25,20,20,22,19,26,15,21,11,22,7,11,8,21,14,10,11,6,2,12,10,5,8,9,5,5,4,2,2,3,3,1,2,2,2,1,2,0,1,0,1,0,0,1,0,2,0,0,0,0,0,0,0,0,0,0,0,0,0,0,0,0,0,0,0,0,0,0,0,0,0,0,0,0,0,0,0,0,0
1,2,2,3,0,3,3,3,6,1,3,4,4,5,3,6,8,7,9,6,10,25,11,17,19,20,30,21,23,33,29,31,45,51,56,69,52,63,36,62,71,66,93,93,110,99,94,117,125,114,140,136,130,139,156,149,133,164,164,176,151,176,158,180,181,175,189,191,174,172,175,198,189,174,162,197,175,180,171,174,167,189,164,156,162,148,170,154,129,121,130,130,124,137,114,97,122,102,109,83,81,66,85,90,62,70,75,72,44,49,45,52,49,42,42,46,40,43,31,36,20,21,17,25,23,24,26,25,13,19,9,10,18,11,7,7,5,8,10,3,5,5,4,5,8,5,3,3,4,3,2,5,2,0,1,0,1,0,1,2,2,2,2,0,0,1,0,0,1,0,0,0,0,0,0,0,0,0,0,0,0,0,0,0,0,0,0,0,0,0,0,0,0,0,0,0,0,0,0,0
1,1,4,1,1,1,1,3,3,2,4,2,5,2,4,6,8,9,17,6,11,6,14,12,10,25,23,27,20,36,29,37,35,49,41,53,41,50,52,54,78,76,77,86,117,103,90,118,111,126,105,146,123,126,175,154,144,166,153,187,178,170,148,191,169,185,162,174,200,191,184,190,183,168,179,197,168,160,174,182,159,157,150,135,159,143,151,127,166,119,118,106,113,118,112,127,98,96,94,87,84,69,72,74,69,74,54,67,56,44,54,55,55,50,48,34,38,31,25,29,30,27,18,15,26,23,27,18,12,9,15,15,19,10,13,2,7,9,7,8,8,6,3,1,3,3,2,1,3,3,1,3,2,0,3,1,2,1,0,0,0,0,1,2,1,0,0,0,0,0,0,0,0,0,0,0,0,0,0,0,0,0,0,0,0,0,0,0,0,0,0,0,0,0,0,0,0,0,0,0
1,2,3,2,0,2,2,6,2,2,3,1,8,2,6,9,4,5,14,6,18,7,19,10,18,17,20,29,25,33,34,33,37,38,42,63,41,48,36,60,81,81,81,70,88,106,87,109,117,126,119,135,102,152,147,143,147,142,155,177,157,162,177,189,167,178,180,185,213,180,155,170,198,171,187,189,187,181,153,156,160,160,158,144,144,145,139,116,134,127,113,97,125,94,113,114,101,96,85,78,61,71,75,80,61,64,59,52,52,35,65,46,44,40,30,38,37,30,35,34,38,18,24,13,23,27,16,22,16,19,17,9,13,21,3,7,8,9,6,3,6,4,3,1,2,3,2,1,2,3,3,2,3,0,2,1,4,1,0,0,0,0,3,0,1,0,1,1,1,0,0,0,0,0,0,0,0,0,0,0,0,0,0,0,0,0,0,0,0,0,0,0,0,0,0,0,0,0,0,0
2,0,5,3,0,0,3,4,3,4,2,4,7,1,1,11,9,7,14,11,8,13,19,13,17,20,20,23,26,26,23,30,41,39,54,55,49,69,49,62,71,59,59,77,102,100,93,110,99,107,123,123,113,137,160,142,137,127,170,150,153,154,182,164,151,175,154,170,178,195,165,177,183,153,165,166,167,155,164,177,147,148,145,162,136,149,141,116,132,139,100,113,109,85,103,81,88,102,104,67,65,70,70,71,62,70,59,70,56,46,49,60,42,27,31,43,32,34,38,27,33,25,30,22,20,12,15,15,13,12,15,7,16,13,7,2,4,7,7,4,3,6,3,8,2,5,4,4,2,4,2,4,0,0,2,1,0,0,1,0,0,2,0,0,0,0,0,0,0,0,0,0,0,0,0,0,0,0,0,0,0,0,0,0,0,0,0,0,0,0,0,0,0,0,0,0,0,0,0,0
2,2,2,1,1,1,1,7,2,3,1,5,8,2,4,7,6,6,17,3,8,9,11,17,14,25,19,30,13,29,33,26,34,36,46,46,54,49,46,53,82,70,80,80,98,95,83,95,86,100,116,116,128,123,149,137,136,137,140,145,143,153,160,173,152,162,143,170,176,185,160,171,170,158,156,144,179,157,164,152,138,135,130,138,111,136,126,141,125,80,91,103,110,116,101,98,109,101,79,89,61,76,65,52,61,65,68,55,49,38,50,43,38,37,38,25,39,35,24,23,22,24,36,15,22,16,18,15,17,6,13,9,7,6,7,10,9,10,7,5,8,7,3,1,1,2,2,2,4,1,1,3,3,2,3,1,2,4,0,0,2,0,0,0,0,0,0,0,0,1,0,0,0,0,0,1,1,1,0,0,0,0,0,0,0,0,0,0,0,0,0,0,0,0,0,0,0,0,0,0
0,2,2,0,0,2,4,1,2,1,1,2,3,4,4,8,5,7,9,14,9,11,14,9,14,26,14,23,20,31,21,35,43,32,40,47,38,57,63,45,87,66,75,64,107,90,95,94,86,115,114,117,107,128,121,160,137,124,148,158,167,176,146,161,157,165,141,164,154,182,147,158,156,167,167,167,158,136,148,128,143,152,130,138,141,130,124,121,102,114,111,101,112,90,99,76,90,89,78,69,66,55,65,63,62,75,52,65,43,45,49,44,44,33,34,25,28,18,29,25,31,13,20,22,16,22,22,17,13,17,13,9,11,11,8,6,6,6,4,6,3,4,4,2,3,10,2,0,3,1,4,6,0,0,3,0,0,1,1,2,0,0,0,0,0,0,0,0,0,0,0,0,0,0,0,0,0,0,0,0,0,0,0,0,0,0,0,0,0,0,0,0,0,0,0,0,0,0,0,0
2,0,0,1,1,1,3,4,4,0,3,0,1,2,7,8,6,6,16,12,16,23,18,12,14,28,18,23,20,35,32,40,41,34,38,55,52,56,54,48,77,62,79,86,84,101,98,98,89,134,116,128,119,132,108,145,120,143,126,162,147,169,165,155,172,157,151,153,170,165,133,179,153,140,145,157,158,178,143,143,133,136,129,142,108,119,116,125,93,109,131,118,112,78,82,75,87,85,85,86,60,71,66,68,59,66,57,64,43,46,39,34,39,41,29,35,41,27,28,31,22,18,24,16,23,15,12,20,21,7,12,10,12,7,13,6,5,5,4,5,6,6,3,3,3,3,2,3,1,1,4,3,0,0,1,0,0,0,0,1,1,0,0,0,0,0,1,1,0,0,0,0,0,1,0,0,1,0,0,0,0,0,0,0,0,0,0,0,0,0,0,0,0,0,0,0,0,0,0,0
1,0,2,1,0,1,1,2,6,1,2,2,14,3,5,5,5,4,16,7,12,14,13,6,20,21,20,22,20,41,27,26,39,31,41,49,39,48,41,45,77,52,96,72,77,88,95,91,95,94,88,128,114,97,129,119,125,129,132,158,144,142,156,133,160,133,143,160,160,178,132,147,154,155,163,140,163,145,127,131,164,161,152,114,103,115,105,109,116,112,97,88,88,86,69,79,82,70,75,60,58,57,57,57,62,56,54,47,41,38,46,39,35,43,37,39,37,34,29,24,27,23,17,19,18,20,15,15,21,11,10,10,9,6,8,3,6,5,5,8,5,3,4,5,7,5,2,2,1,1,3,2,0,0,1,2,0,0,0,2,1,0,0,0,0,0,1,0,0,0,0,0,0,0,0,0,0,0,0,0,0,0,0,0,0,0,0,0,0,0,0,0,0,0,0,0,0,0,0,0
0,2,1,3,1,0,1,3,5,1,1,1,2,0,3,6,3,10,10,9,8,7,18,7,14,19,25,13,27,27,29,39,32,35,47,58,42,44,59,46,67,57,76,67,78,80,68,90,95,97,107,126,91,130,140,131,109,147,145,131,125,141,162,133,133,164,148,158,135,153,141,132,153,136,152,126,162,154,136,144,143,143,125,110,121,98,123,101,94,89,105,95,81,95,88,88,71,77,72,68,50,64,47,62,73,53,57,43,47,45,38,29,35,41,30,29,38,23,22,24,26,16,25,13,16,15,16,14,14,8,13,7,19,8,6,5,3,6,2,0,6,2,2,4,4,4,4,3,2,3,1,2,3,0,1,0,4,1,0,0,0,1,1,0,1,0,0,0,0,0,0,0,0,0,0,0,0,0,0,0,0,0,0,0,0,0,0,0,0,0,0,0,0,0,0,0,0,0,0,0
0,1,0,2,3,1,1,1,2,1,1,4,10,2,3,13,3,5,7,13,15,10,16,7,15,18,20,22,18,32,19,44,31,29,53,46,48,44,37,43,81,62,83,78,92,103,82,107,98,109,92,116,107,127,142,125,108,125,144,146,154,151,162,129,149,147,146,154,160,159,114,129,119,149,123,137,157,143,137,138,130,123,140,123,129,118,106,87,117,95,83,95,74,70,84,74,87,92,54,77,72,74,65,45,54,49,52,40,40,36,46,57,35,30,33,37,29,19,21,15,22,15,16,13,14,21,18,11,7,2,9,6,8,8,5,1,7,8,1,6,7,1,1,8,2,0,1,4,1,2,4,4,1,0,0,0,3,3,0,0,3,1,0,0,0,0,0,0,0,0,0,0,0,0,0,0,0,0,0,0,0,0,0,0,0,0,0,0,0,0,0,0,0,0,0,0,0,0,0,0
0,4,2,0,0,4,2,2,4,1,6,5,2,1,1,4,3,10,12,8,11,7,12,12,8,28,21,17,17,34,24,41,27,29,47,41,47,48,44,50,72,62,60,83,98,98,90,89,84,106,100,106,104,110,116,126,97,110,123,139,133,130,151,136,116,167,157,126,124,150,136,143,128,146,125,140,138,134,146,127,151,135,119,116,99,104,109,102,98,86,91,82,89,74,78,67,80,77,80,56,53,50,62,43,49,40,49,49,34,38,36,34,25,36,22,25,22,22,22,25,24,20,16,19,22,9,12,11,8,6,14,5,7,8,4,9,4,9,6,4,5,3,2,5,3,4,3,1,2,1,0,4,3,2,3,1,0,1,0,0,0,1,0,0,0,1,0,0,1,0,0,0,0,0,0,0,0,0,0,0,0,0,0,0,0,0,0,0,0,0,0,0,0,0,0,0,0,0,0,0
1,2,0,0,0,1,2,1,1,1,1,3,1,0,5,9,5,4,7,8,8,16,15,13,15,12,20,20,19,30,22,35,39,32,39,32,41,46,38,37,59,62,69,71,73,79,71,89,70,80,104,110,109,105,118,118,123,113,129,152,135,119,134,135,132,162,140,146,141,131,145,140,131,142,149,145,141,132,135,124,122,113,111,124,110,107,92,113,100,80,82,87,95,88,85,75,73,69,64,51,51,54,49,48,59,43,45,37,33,50,34,41,27,27,31,39,22,22,20,27,20,17,15,14,13,17,9,13,10,3,18,5,9,8,7,12,5,9,7,8,4,1,2,4,5,4,0,1,1,2,3,2,1,2,1,0,1,0,2,1,0,0,0,0,1,0,0,0,0,1,0,0,0,0,0,0,0,1,0,0,0,0,0,0,0,0,0,0,0,0,0,0,0,0,0,0,0,0,0,0
1,2,0,4,1,0,3,3,4,3,4,1,9,1,2,13,2,6,13,8,9,6,11,10,16,20,22,32,16,30,28,30,37,24,33,35,46,37,34,40,72,49,63,59,79,81,84,82,78,103,93,115,103,111,144,102,117,80,133,139,112,124,131,127,125,155,126,153,120,138,122,120,135,127,115,143,134,125,116,116,129,132,127,99,103,102,95,99,105,74,84,75,87,79,80,84,71,62,72,48,39,54,46,51,52,44,56,46,41,30,37,39,32,30,20,24,31,32,16,21,33,12,17,16,15,18,12,17,16,10,15,5,13,4,9,3,8,4,4,7,2,4,1,4,2,5,1,3,4,0,1,1,1,0,2,3,2,0,0,0,1,0,0,1,0,0,0,0,1,1,0,0,0,0,0,1,0,0,0,0,0,0,0,0,0,0,0,0,0,0,0,0,0,0,0,0,0,0,0,0
1,0,1,0,0,1,3,3,1,1,1,4,10,4,2,9,5,5,4,4,10,9,9,8,14,19,18,21,20,27,28,35,32,25,36,30,52,53,38,48,70,68,74,71,80,82,81,71,87,93,103,79,88,106,120,119,97,108,142,136,100,114,141,141,130,121,135,123,137,146,112,144,122,135,116,124,124,106,128,116,118,120,122,113,101,109,103,83,94,78,82,80,95,68,74,66,65,51,60,47,58,55,59,49,48,40,54,35,33,27,33,45,28,25,25,18,32,24,17,25,14,16,9,18,23,11,10,12,16,1,15,5,7,7,11,3,6,8,3,5,6,4,1,4,4,4,0,1,1,2,2,1,0,0,4,2,1,0,0,0,0,0,1,0,1,0,0,0,1,0,0,0,0,0,0,0,0,0,0,0,0,0,0,0,0,0,0,0,0,0,0,0,0,0,0,0,0,0,0,0
0,1,1,2,0,2,1,3,1,2,2,1,10,1,4,10,3,7,6,3,5,17,14,10,11,17,20,16,22,34,18,19,21,25,48,42,49,48,41,47,55,51,57,58,81,77,87,80,81,94,75,98,98,87,131,108,87,107,96,131,115,138,123,128,109,126,136,110,128,127,108,131,132,125,118,111,107,132,118,121,120,107,104,96,75,105,94,76,88,85,85,74,72,68,70,65,62,67,66,55,45,59,57,38,41,37,39,44,34,44,41,34,24,22,27,19,23,12,19,20,22,14,24,10,14,8,6,14,10,9,9,11,8,6,9,8,2,7,2,4,3,2,2,3,2,2,2,1,2,0,3,2,2,0,4,0,2,1,0,0,1,1,0,0,0,1,0,1,0,0,0,0,0,1,0,0,1,0,0,0,0,0,0,0,0,0,0,0,0,0,0,0,0,0,0,0,0,0,0,0
1,0,0,2,0,1,0,1,5,0,2,2,4,4,2,4,8,5,10,8,9,11,15,7,9,9,12,17,18,29,31,39,25,27,41,33,45,40,49,50,45,46,62,71,65,80,80,80,92,97,94,98,93,95,113,117,98,109,128,138,115,134,126,130,118,138,142,123,127,136,101,112,107,119,135,130,140,109,117,115,95,96,102,101,104,78,81,78,76,68,82,71,97,62,73,70,60,58,60,46,46,54,53,50,46,48,41,40,41,30,36,38,37,23,17,35,21,19,24,24,20,12,23,13,14,9,9,14,14,12,15,8,11,10,8,5,5,2,2,2,5,0,1,1,2,3,2,2,1,0,1,2,4,1,0,0,3,3,0,0,0,1,0,0,0,0,0,1,0,0,0,0,0,0,0,0,0,0,0,0,0,0,0,0,0,0,0,0,0,0,0,0,0,0,0,0,0,0,0,0
1,2,0,0,0,1,0,1,2,2,1,0,6,2,3,8,4,5,11,5,12,10,8,9,11,15,18,20,23,31,15,25,39,34,30,51,31,49,40,46,56,46,59,53,69,87,72,83,78,68,84,85,98,106,88,112,94,84,113,112,126,116,137,130,112,137,116,132,121,130,109,115,128,111,130,148,105,104,99,107,106,106,78,97,96,90,95,93,84,77,74,64,74,68,58,69,69,66,58,44,36,38,54,39,40,51,33,44,25,30,32,29,27,25,25,22,26,15,13,26,21,12,16,10,8,8,12,9,13,9,11,11,6,9,6,4,0,3,1,5,2,5,2,4,4,4,2,1,2,2,0,2,1,0,1,0,0,0,0,0,2,0,0,0,2,0,1,0,0,0,0,0,0,0,0,0,0,1,0,0,0,0,0,0,0,0,0,0,0,0,0,0,0,0,0,0,0,0,0,0
0,1,2,1,1,1,2,4,2,1,2,3,4,2,2,7,5,4,8,9,4,15,15,17,12,26,14,23,21,20,14,31,47,30,37,38,32,39,41,50,52,50,68,58,79,86,72,77,84,70,90,95,78,107,102,110,99,83,97,119,141,91,118,118,116,125,124,117,120,130,107,113,104,109,106,112,112,91,112,96,116,111,108,105,93,84,72,96,90,83,60,72,82,69,76,78,65,79,43,55,37,40,34,43,42,44,38,43,36,20,32,33,21,30,22,25,20,11,12,24,17,19,12,12,19,8,9,14,8,6,9,3,10,7,4,7,3,3,7,6,0,2,0,5,7,0,3,1,1,1,0,2,0,0,2,1,0,0,0,1,0,0,0,0,0,1,0,0,0,0,0,0,0,0,0,0,0,1,0,0,0,0,0,0,0,0,0,0,0,0,0,0,0,0,0,0,0,0,0,0
0,2,1,0,1,1,2,4,2,2,2,1,3,2,4,5,4,4,8,5,6,10,11,13,10,11,17,12,23,23,20,20,27,19,38,33,48,38,39,35,65,63,57,68,68,67,78,103,70,97,83,101,98,78,113,91,84,96,94,129,119,107,120,116,119,130,108,135,125,145,106,108,112,104,110,102,108,112,109,103,106,96,114,112,95,78,77,82,78,67,68,66,57,54,60,66,73,48,55,49,50,50,50,35,41,41,38,27,30,22,30,22,21,23,21,19,18,13,22,18,13,14,16,18,11,5,12,12,7,7,5,4,8,8,6,8,3,2,6,4,3,3,1,6,3,0,1,2,1,0,1,0,1,0,1,0,1,0,0,0,1,1,0,0,0,0,0,0,0,0,0,0,0,0,0,0,0,0,0,0,0,0,0,0,0,0,0,0,0,0,0,0,0,0,0,0,0,0,0,0
0,2,1,0,1,0,1,1,4,0,3,3,4,1,3,2,4,7,6,4,9,10,5,10,10,10,18,12,13,22,17,28,36,22,29,35,35,38,35,46,55,41,54,72,65,68,71,67,70,84,71,102,81,90,98,107,99,112,118,124,117,124,112,109,93,124,109,128,123,120,95,113,109,108,94,103,117,90,104,98,86,91,96,90,99,87,67,80,75,80,62,73,69,70,69,60,68,50,55,48,47,38,29,48,42,39,33,32,25,25,15,20,27,27,18,17,18,18,15,19,10,11,22,12,4,11,9,7,10,5,8,6,5,3,1,3,6,6,5,5,2,0,2,3,1,2,0,2,0,0,1,1,2,1,1,0,0,1,0,0,0,0,0,0,0,0,0,0,0,0,0,0,0,1,0,0,0,0,0,0,0,0,0,0,0,0,0,0,0,0,0,0,0,0,0,0,0,0,0,0
1,0,3,0,1,2,1,5,4,1,3,1,5,3,2,9,7,4,7,6,9,9,9,6,12,17,19,12,11,21,25,30,14,23,35,37,34,40,37,30,34,44,58,61,70,74,67,78,70,77,84,69,94,89,92,99,90,96,104,109,118,104,119,117,112,110,118,116,112,123,94,116,87,95,92,101,115,111,98,93,106,78,97,82,78,84,88,68,67,54,66,73,56,58,75,58,63,61,46,46,37,37,39,33,48,35,42,36,35,27,29,25,31,18,22,26,15,26,9,16,14,12,10,12,10,12,15,13,9,6,9,9,8,6,9,4,5,2,5,5,2,1,7,1,0,2,0,2,1,2,1,3,1,1,2,0,0,0,0,0,0,0,0,0,0,0,0,0,0,0,0,0,0,1,0,0,0,0,0,0,0,0,0,0,0,0,0,0,0,0,0,0,0,0,0,0,0,0,0,0
1,1,1,0,1,0,2,1,5,3,1,1,2,0,2,11,3,5,10,4,13,10,10,16,15,10,23,13,16,30,19,22,35,24,29,40,39,41,40,35,44,46,43,54,55,70,78,57,72,89,77,79,72,82,90,90,83,97,90,128,95,103,100,97,111,124,105,106,96,118,92,95,92,92,107,90,122,91,88,82,76,96,86,85,86,74,76,76,61,58,68,52,63,64,59,58,62,53,52,39,47,40,28,36,26,33,38,35,37,23,37,26,20,22,32,24,17,17,16,20,14,10,14,19,9,9,9,14,5,4,4,7,4,2,5,3,6,6,2,5,2,3,0,4,2,2,1,3,0,1,2,3,2,0,0,0,0,1,0,1,0,0,1,0,0,1,0,0,0,0,0,0,0,0,0,0,0,0,0,0,0,0,0,0,0,0,0,0,0,0,0,0,0,0,0,0,0,0,0,0
0,0,3,1,1,0,1,2,1,1,2,1,3,4,7,7,6,4,11,5,5,7,9,10,10,15,11,19,15,20,23,22,32,27,38,30,34,39,37,39,62,54,62,53,72,62,67,64,67,90,76,78,76,82,78,103,91,90,103,109,83,87,100,106,94,111,90,97,107,94,123,109,90,109,120,118,96,102,81,89,99,101,90,85,77,82,76,60,63,65,58,67,71,51,48,50,57,54,44,35,39,42,35,38,34,41,32,25,28,26,25,30,19,21,21,21,18,15,20,8,15,15,14,5,13,13,12,9,5,3,5,7,9,5,2,4,5,9,2,2,1,1,2,4,5,2,2,1,1,1,1,3,1,0,1,0,0,0,0,0,1,1,0,0,0,0,0,1,0,0,0,0,0,0,0,0,0,0,0,0,0,0,0,0,0,0,0,0,0,0,0,0,0,0,0,0,0,0,0,0
0,1,2,0,2,1,0,2,1,2,1,2,4,0,4,3,8,3,6,8,9,7,15,12,18,12,13,15,10,29,22,17,24,28,26,38,30,35,28,48,41,41,63,61,53,63,73,59,69,75,70,53,73,82,77,84,91,88,90,108,104,89,101,124,93,95,90,97,81,93,89,123,89,99,100,94,104,94,92,78,78,67,78,78,80,66,71,53,54,66,57,63,50,46,50,54,57,60,37,36,30,40,30,42,27,37,29,22,21,19,21,17,21,29,27,17,23,16,12,17,13,10,12,12,9,9,10,5,9,8,6,7,5,4,4,6,5,2,2,1,4,5,2,2,0,2,2,0,1,2,3,0,0,2,6,0,3,1,0,1,1,0,0,0,1,0,0,0,0,0,0,0,0,0,0,0,0,0,0,0,0,0,0,0,0,0,0,0,0,0,0,0,0,0,0,0,0,0,0,0
0,0,0,0,1,1,3,2,5,4,4,1,4,1,2,6,2,4,7,4,7,9,8,7,9,13,15,24,20,22,27,23,24,31,32,34,34,33,45,27,42,43,47,56,55,61,61,64,66,74,79,82,92,79,93,70,92,68,96,108,117,89,89,114,108,109,79,99,96,114,81,93,91,90,109,77,89,84,82,77,106,76,87,83,66,69,56,62,64,54,63,50,58,61,54,43,47,53,48,35,44,31,29,38,35,28,39,32,43,19,22,24,17,21,18,16,20,16,13,19,20,11,14,8,11,7,7,10,4,7,6,5,3,3,2,3,5,5,1,4,2,1,0,2,2,3,1,1,0,0,0,3,2,0,3,2,4,2,0,0,0,1,0,0,0,0,0,1,0,0,0,0,0,0,0,0,0,0,0,0,0,0,0,0,0,0,0,0,0,0,0,0,0,0,0,0,0,0,0,0
1,2,1,0,0,0,0,0,5,0,5,4,6,2,4,5,6,4,8,5,8,9,9,11,11,17,14,19,18,22,19,23,23,30,24,28,41,29,29,33,48,31,58,38,60,87,65,60,59,63,72,63,74,75,92,79,84,77,81,101,97,91,94,115,81,106,96,112,108,103,82,99,86,96,89,100,107,72,90,86,82,91,81,76,90,67,78,63,56,60,63,63,48,53,61,44,42,41,41,39,44,34,44,28,28,25,24,18,27,21,21,33,16,16,17,20,21,14,17,15,9,7,12,11,8,7,10,15,4,4,10,4,6,8,1,4,7,4,4,3,2,3,3,2,2,4,1,5,3,0,1,2,0,1,1,0,1,0,0,0,0,0,2,0,0,0,0,0,0,0,0,0,0,0,0,0,0,0,0,0,0,0,0,0,0,0,0,0,0,0,0,0,0,0,0,0,0,0,0,0
0,1,1,2,0,0,1,3,3,0,1,2,2,0,5,3,5,2,11,8,7,12,10,6,10,11,12,19,15,22,20,24,30,32,31,26,41,32,33,46,49,49,47,55,54,68,56,59,49,82,79,69,81,90,83,90,82,90,78,91,96,92,92,95,80,108,118,94,89,86,75,91,96,89,95,91,104,93,79,93,62,81,73,57,74,69,71,65,61,71,56,44,59,51,49,43,41,52,36,47,48,34,36,42,49,33,26,18,19,14,23,26,15,17,15,12,20,15,15,15,15,7,9,5,6,8,10,11,7,5,7,3,5,1,3,8,7,6,5,1,3,3,0,5,1,4,2,0,1,3,1,3,1,1,1,0,1,2,1,0,0,1,1,0,0,0,0,0,1,0,0,0,0,0,0,0,1,0,0,0,0,0,0,0,0,0,0,0,0,0,0,0,0,0,0,0,0,0,0,0
0,1,3,0,0,0,1,0,2,1,2,2,4,1,0,9,3,5,11,8,10,14,9,9,6,12,10,15,11,23,21,22,28,29,24,31,24,38,36,46,46,53,40,61,58,75,63,59,62,70,65,81,77,68,76,75,75,82,86,88,88,97,91,101,89,111,81,87,110,95,79,102,90,83,87,82,79,63,85,69,75,67,69,82,59,72,73,58,52,64,49,60,45,42,45,49,47,29,51,46,30,44,33,26,34,24,30,20,18,14,24,23,23,25,19,8,19,13,13,9,8,5,8,7,11,5,7,5,4,1,5,4,12,3,5,4,5,1,1,3,2,2,2,3,1,1,0,0,1,4,2,0,0,1,1,0,0,0,1,0,0,0,0,1,0,0,0,0,0,0,0,0,0,0,0,0,0,0,0,0,0,0,0,0,0,0,0,0,0,0,0,0,0,0,0,0,0,0,0,0
0,0,2,1,0,1,4,3,3,0,1,0,9,1,4,5,3,6,8,12,9,5,11,7,4,14,7,13,15,26,22,25,21,19,34,25,40,44,31,31,42,43,45,34,59,52,68,57,60,51,66,70,80,66,89,77,80,87,80,79,78,86,97,97,80,90,100,91,86,105,66,97,86,82,80,76,75,84,74,67,77,77,68,75,63,61,74,58,58,61,62,48,61,39,49,51,50,51,34,37,42,33,35,30,30,26,30,30,26,22,20,26,24,19,27,8,15,17,14,11,15,8,8,8,9,13,5,5,4,4,5,8,3,6,4,0,2,6,4,4,2,5,0,3,2,4,0,2,0,1,1,0,0,1,1,0,0,0,0,0,0,0,0,0,0,0,0,0,0,0,0,0,0,0,0,0,0,1,0,0,0,0,0,0,0,0,0,0,0,0,0,0,0,0,0,0,0,0,0,0
0,4,4,1,0,2,0,0,1,1,2,0,4,2,5,4,2,4,7,6,6,3,11,11,11,16,10,16,15,15,23,18,31,21,32,25,36,47,32,31,53,35,49,46,50,58,58,61,54,66,75,68,73,89,73,74,86,84,87,85,87,79,80,81,81,92,100,84,82,84,88,82,95,72,87,86,89,89,93,63,87,82,57,54,74,73,45,56,62,59,45,52,40,42,37,44,48,47,35,32,26,31,26,37,30,28,25,21,28,21,25,21,8,19,19,12,14,11,14,12,9,10,7,7,11,10,4,9,6,5,7,3,2,2,3,5,5,3,2,2,2,2,1,3,3,4,0,1,0,0,0,2,2,0,1,1,0,0,0,0,0,0,0,0,0,0,1,0,0,0,0,0,0,0,0,0,1,0,0,0,0,0,0,0,0,0,0,0,0,0,0,0,0,0,0,0,0,0,0,0
0,2,1,3,1,0,1,2,4,0,2,0,5,0,0,3,6,2,5,3,10,6,11,7,9,15,11,16,12,27,8,27,19,21,26,37,20,20,31,30,37,31,37,40,51,56,56,52,56,50,63,60,75,69,76,73,54,74,93,111,87,75,75,75,71,107,94,85,101,97,60,82,83,98,93,77,89,79,72,63,76,64,58,75,66,72,55,60,31,47,46,43,43,39,33,43,44,38,45,25,26,32,30,25,33,19,34,17,24,21,22,23,22,27,15,11,16,14,13,10,8,10,6,5,9,7,6,6,8,6,4,3,4,4,2,4,2,6,2,1,1,4,0,1,1,6,1,2,0,0,3,2,2,0,0,0,1,0,0,1,0,0,1,0,0,0,0,0,0,0,0,0,0,0,0,0,0,0,0,0,0,0,0,0,0,0,0,0,0,0,0,0,0,0,0,0,0,0,0,0
0,1,1,0,0,0,0,2,1,1,1,1,8,3,2,1,7,2,10,4,10,11,8,8,9,6,12,13,11,21,13,24,16,12,31,21,38,33,36,23,35,49,41,46,66,44,44,53,66,56,65,73,65,79,74,66,73,87,77,75,89,83,88,79,80,94,76,85,86,70,69,59,65,70,70,82,79,94,66,62,84,72,63,63,72,58,59,57,60,34,44,38,39,45,40,41,55,39,37,26,29,26,30,29,22,24,18,18,18,18,24,23,19,17,12,11,12,14,13,10,6,14,12,10,9,4,4,4,4,5,8,3,8,5,5,4,4,1,4,1,1,3,1,0,0,1,1,1,0,2,1,0,0,1,1,0,0,1,0,0,0,1,0,0,1,0,0,0,0,0,0,0,0,0,0,0,0,0,0,0,0,0,0,0,0,0,0,0,0,0,0,0,0,0,0,0,0,0,0,0
1,0,1,0,1,0,1,0,4,2,1,2,6,0,3,5,3,6,5,5,7,14,9,4,12,21,17,13,20,21,19,18,17,22,25,20,31,28,33,36,39,36,49,35,47,52,48,72,61,59,76,63,62,66,81,68,54,58,69,95,69,76,72,73,71,96,84,74,72,67,80,92,67,93,71,81,95,71,47,67,75,72,73,55,56,63,51,66,42,38,42,48,49,43,43,30,40,45,28,37,29,31,36,21,25,25,22,17,17,22,23,15,15,9,18,10,15,6,14,13,13,6,5,9,6,9,6,5,4,4,5,3,1,4,4,4,1,6,3,0,0,1,2,0,2,2,1,2,0,2,0,0,1,0,0,0,1,0,0,0,0,0,1,0,0,0,0,0,0,0,0,0,0,0,0,0,0,0,0,0,0,0,0,0,0,0,0,0,0,0,0,0,0,0,0,0,0,0,0,0
0,0,2,1,1,0,1,0,2,0,0,1,3,3,2,5,2,2,8,6,11,4,8,9,14,13,7,16,10,16,14,12,20,33,28,36,27,40,43,26,48,36,34,44,41,60,33,45,46,71,71,72,75,60,68,60,64,76,79,91,80,82,85,71,71,80,72,59,70,68,67,89,65,83,66,78,76,78,75,75,73,63,55,57,52,56,43,51,51,40,42,38,38,41,33,38,37,49,32,22,31,22,21,27,22,33,20,20,20,12,24,15,12,17,13,10,8,18,12,10,7,7,13,6,5,5,9,9,6,6,7,4,4,4,3,2,1,1,2,2,0,1,1,1,3,0,1,2,1,3,2,1,0,0,0,1,0,1,0,0,0,0,1,0,0,0,0,0,0,0,0,0,0,0,0,0,0,0,0,0,0,0,0,0,0,0,0,0,0,0,0,0,0,0,0,0,0,0,0,0
0,1,1,1,1,0,2,3,0,1,1,1,4,2,1,3,5,6,7,7,12,9,10,8,8,15,10,17,15,22,7,16,24,25,29,29,37,29,32,33,45,45,44,28,44,56,50,68,56,65,57,70,65,77,69,56,58,78,66,72,73,87,99,72,65,75,66,71,72,59,71,79,84,70,64,91,74,83,57,70,67,67,68,46,68,48,38,48,41,35,37,42,37,36,49,41,50,32,28,29,18,25,29,27,23,23,21,29,16,15,23,11,12,13,11,9,17,14,9,8,13,9,10,3,7,5,7,8,3,4,4,2,5,7,4,3,1,3,1,0,1,2,1,1,0,1,0,1,0,1,1,0,1,0,0,0,1,1,0,1,0,0,0,0,0,1,0,0,0,0,0,0,0,0,0,0,0,0,0,0,0,0,1,0,0,0,0,0,0,0,0,0,0,0,0,0,0,0,0,0
0,1,1,1,0,0,0,1,1,0,2,2,7,0,3,6,2,0,9,1,15,10,9,5,7,18,13,13,13,24,14,22,19,16,22,23,23,38,33,39,40,38,44,39,57,39,54,47,68,62,61,70,64,67,71,74,50,62,81,75,53,59,85,61,82,82,94,92,68,78,63,67,77,73,68,64,63,65,67,71,66,61,59,66,48,57,56,44,47,43,41,24,35,39,37,31,39,28,28,29,28,23,27,20,25,29,24,16,18,11,15,11,15,16,14,12,12,10,11,8,10,8,6,3,6,6,3,9,2,7,8,2,6,4,3,1,0,6,0,0,1,0,0,3,0,1,1,0,2,0,1,0,1,0,2,1,0,0,0,1,0,0,1,0,0,0,0,0,0,0,0,0,0,0,0,0,0,0,0,0,0,0,0,0,0,0,0,0,0,0,0,0,0,0,0,0,0,0,0,0
1,1,0,1,2,0,0,1,0,0,1,1,3,1,1,2,2,3,7,2,2,9,6,12,7,13,8,13,7,23,13,16,23,17,26,27,28,31,22,29,49,34,36,33,45,49,54,53,44,57,54,59,65,63,70,66,49,63,56,79,84,59,76,65,68,67,71,75,65,83,63,70,68,64,59,72,84,53,85,57,53,61,51,52,61,54,54,54,49,45,37,37,37,24,27,34,26,32,29,19,31,20,24,24,19,15,14,19,12,9,16,18,12,13,12,18,17,11,12,8,5,7,9,14,8,6,14,6,8,3,4,1,4,6,5,2,1,5,5,2,3,1,0,1,2,2,0,1,1,2,1,0,1,1,0,1,0,0,0,0,0,0,1,0,1,0,0,0,0,0,0,0,0,0,0,1,0,0,0,0,0,0,0,0,0,0,0,0,0,0,0,0,0,0,0,0,0,0,0,0
0,2,2,1,0,0,0,4,2,2,4,1,3,2,2,3,4,3,3,2,8,5,9,4,11,4,8,13,10,17,14,14,23,19,27,24,26,28,35,27,33,38,38,31,50,63,34,45,41,53,43,55,55,65,77,65,68,58,85,82,66,64,74,67,78,80,71,69,71,78,59,55,82,58,64,90,75,48,59,72,50,70,43,51,54,50,41,30,36,37,41,29,35,26,30,38,34,35,25,18,18,30,23,12,22,22,22,20,13,7,10,19,16,14,17,13,20,12,9,7,11,9,8,4,1,8,6,6,8,1,2,4,4,2,3,1,1,1,3,2,1,2,1,2,1,1,2,2,3,0,0,1,1,0,1,2,0,0,0,1,0,1,0,0,0,0,0,0,0,0,0,0,0,0,0,0,0,0,0,0,0,0,0,0,0,0,0,0,0,0,0,0,0,0,0,0,0,0,0,0
0,1,0,1,0,1,0,0,3,0,2,1,6,0,1,6,1,3,7,2,9,10,11,4,9,12,11,15,17,24,12,18,17,12,29,34,24,27,26,23,50,32,28,42,53,59,50,52,48,54,48,52,67,47,82,59,64,75,61,68,70,83,69,65,85,77,62,62,70,58,70,55,69,68,68,59,68,62,69,53,59,63,59,55,44,42,42,45,42,31,33,38,32,31,41,30,37,29,34,18,33,23,21,30,14,19,17,24,11,15,18,22,16,14,17,12,10,15,5,9,8,5,12,5,6,7,7,6,4,4,7,2,2,3,4,4,2,3,1,1,1,0,1,4,1,0,0,0,0,1,0,2,1,0,0,0,1,0,0,0,1,0,0,0,0,0,0,0,0,0,0,0,0,0,0,0,0,0,0,0,0,0,0,0,0,0,0,0,0,0,0,0,0,0,0,0,0,0,0,0
1,1,0,2,0,0,1,1,4,1,1,2,5,2,5,1,4,6,7,8,5,9,3,7,13,12,8,7,10,14,19,12,26,19,15,24,20,23,21,17,35,32,40,34,46,51,40,50,53,44,64,63,52,62,56,65,56,53,57,73,64,70,76,62,57,57,73,71,62,62,66,56,54,62,69,59,61,58,68,53,45,62,51,41,38,49,44,53,32,40,38,42,36,35,34,25,27,46,35,23,28,26,29,24,21,20,19,22,15,14,16,11,10,13,17,6,11,7,7,10,6,8,7,6,11,6,6,5,3,3,8,5,6,3,2,4,4,4,4,5,1,3,1,2,0,1,0,1,0,1,2,1,2,0,0,1,0,0,0,0,1,0,1,0,2,0,0,0,0,0,0,0,0,0,0,0,0,0,0,0,0,0,0,0,0,0,0,0,0,0,0,0,0,0,0,0,0,0,0,0
0,0,2,1,1,0,0,0,2,1,2,0,3,1,2,4,2,3,3,2,3,9,3,6,3,9,13,18,7,24,9,13,24,21,24,19,26,24,22,27,46,29,32,35,56,60,39,49,47,49,54,65,49,60,43,53,41,59,62,70,55,58,69,77,57,52,68,61,63,65,68,74,62,42,55,69,74,54,53,67,58,52,50,42,39,47,56,30,36,43,39,48,38,40,28,33,21,24,25,21,19,20,14,22,21,14,21,12,9,17,14,18,14,6,14,8,8,9,5,7,4,5,5,5,2,8,1,5,7,4,2,2,3,2,0,1,0,3,0,1,2,0,0,0,4,1,0,2,0,1,3,5,2,0,0,0,1,0,0,0,1,0,0,0,0,1,2,0,0,0,0,0,0,0,0,0,0,1,0,0,0,0,0,0,0,0,0,0,0,0,0,0,0,0,0,0,0,0,0,0
0,1,2,0,0,0,1,0,1,0,2,2,6,0,3,5,5,6,4,5,4,9,15,9,12,16,6,15,15,18,13,14,9,13,20,17,19,22,24,22,32,36,45,36,44,41,43,50,49,48,56,47,47,47,78,61,57,74,66,70,65,71,62,83,49,66,64,62,72,67,56,50,70,54,51,61,60,61,52,53,47,47,51,50,39,38,45,29,32,39,34,33,40,23,30,27,33,37,15,28,18,14,19,22,19,16,20,21,19,12,21,11,11,8,11,12,19,10,12,9,4,9,4,9,8,6,3,5,4,5,10,3,6,5,1,2,2,2,1,0,2,2,2,2,0,0,0,1,1,3,0,0,0,0,0,2,0,1,0,0,0,0,0,0,0,0,0,0,0,0,0,0,0,0,0,0,0,0,0,0,0,0,0,0,0,0,0,0,0,0,0,0,0,0,0,0,0,0,0,0
0,1,3,2,0,2,0,1,7,1,2,3,1,2,3,3,8,2,5,7,6,8,2,2,8,14,12,20,10,18,13,19,14,18,21,20,19,30,20,23,33,32,37,42,49,38,40,43,52,51,45,47,42,47,46,47,50,50,49,53,60,62,54,49,67,67,47,52,68,70,61,56,68,57,62,59,72,42,34,45,43,49,63,50,43,41,31,39,41,41,33,31,38,37,26,28,29,37,30,29,28,18,21,19,24,16,16,11,7,16,30,16,8,13,4,8,5,8,5,8,22,6,4,1,3,7,6,2,6,2,0,1,1,5,0,3,3,1,0,0,1,5,0,2,1,2,0,1,0,1,1,1,1,0,0,0,0,0,1,0,0,1,0,0,1,0,1,0,0,0,0,0,0,0,0,0,0,0,0,0,0,0,0,0,0,0,0,0,0,0,0,0,0,0,0,0,0,0,0,0
1,2,1,1,0,0,2,2,1,1,2,1,4,1,3,2,3,4,7,2,5,4,7,2,7,10,13,9,7,18,9,11,20,21,25,28,18,26,27,30,41,38,40,33,37,41,27,36,46,40,49,58,45,43,65,56,51,68,42,57,58,61,45,52,55,67,66,66,54,50,54,52,67,55,58,55,55,55,52,34,48,56,45,47,34,32,46,41,32,22,36,38,25,19,22,38,25,24,25,20,15,26,17,18,13,17,14,12,19,10,9,16,6,11,9,8,8,8,8,6,6,4,1,2,4,5,7,8,3,4,1,1,1,6,5,2,4,3,2,1,2,0,0,0,2,4,2,2,0,0,0,1,0,0,1,0,3,1,0,0,0,0,0,0,0,0,0,0,0,0,0,0,0,0,0,0,0,1,0,0,0,0,0,0,0,0,0,0,0,0,0,0,0,0,0,0,0,0,0,0
0,1,0,0,2,0,0,1,3,0,3,0,4,2,1,3,0,4,8,4,3,6,9,6,5,8,10,12,9,12,10,11,23,18,18,26,18,22,23,23,25,34,37,29,40,40,45,50,54,51,46,49,52,45,61,58,45,59,41,76,60,80,62,55,43,58,54,57,51,49,45,61,57,44,56,52,46,51,57,47,48,51,44,41,42,49,35,38,32,31,39,27,34,23,21,28,21,31,23,22,20,12,18,17,19,11,15,19,11,8,13,10,8,11,11,6,9,9,9,9,8,3,6,4,6,6,8,3,0,3,3,1,2,2,3,1,0,3,5,4,3,4,0,1,1,2,0,1,0,0,2,0,0,0,0,1,1,0,0,0,0,0,1,0,0,0,0,0,0,0,0,0,0,0,0,0,0,0,0,0,0,0,0,0,0,0,0,0,0,0,0,0,0,0,0,0,0,0,0,0
1,0,0,1,0,0,0,2,1,0,0,3,1,0,2,5,3,0,5,5,7,6,9,6,7,18,15,11,11,13,14,16,18,12,22,23,18,21,24,21,40,23,28,27,41,47,30,30,40,43,41,47,44,55,41,53,49,47,66,67,50,57,56,66,57,67,46,53,46,62,50,52,55,56,64,51,57,46,42,51,48,45,48,35,53,39,32,43,34,23,31,29,31,20,17,26,29,43,24,30,16,14,26,14,12,18,15,14,9,9,8,10,10,8,8,7,15,7,9,10,6,5,6,3,9,3,5,9,2,2,7,1,2,5,4,1,2,0,2,0,2,1,1,3,1,1,1,0,0,1,1,1,1,1,0,1,0,1,0,0,0,0,0,0,0,1,0,0,0,0,0,0,0,0,0,0,0,0,0,0,0,0,0,0,0,0,0,0,0,0,0,0,0,0,0,0,0,0,0,0
0,2,1,0,0,2,2,0,0,0,5,0,3,0,2,4,3,2,7,16,6,6,3,8,9,12,9,8,7,21,17,14,14,14,25,14,27,33,28,28,31,19,32,32,33,49,35,33,44,54,36,44,49,54,41,58,39,46,52,58,53,59,60,57,50,53,61,54,60,60,50,45,36,45,45,49,34,49,37,35,39,44,42,50,36,31,24,38,32,34,35,37,31,17,30,18,17,21,26,29,18,18,20,20,19,21,19,10,8,11,11,15,8,16,11,15,11,6,7,12,10,8,6,4,1,8,4,8,6,2,6,3,1,4,2,1,1,1,1,0,2,1,0,4,1,0,3,0,3,1,0,0,1,1,0,1,0,1,0,0,0,0,0,0,1,0,0,0,0,0,0,0,0,0,0,0,0,0,0,0,0,0,0,0,0,0,0,0,0,0,0,0,0,0,0,0,0,0,0,0
0,1,1,0,1,0,1,0,0,0,2,0,3,1,1,1,3,6,1,4,6,8,4,8,5,8,10,10,12,11,10,6,18,11,22,22,21,23,22,23,24,37,27,34,40,36,44,44,34,46,36,44,43,46,49,43,41,53,72,51,54,65,52,68,45,62,41,74,60,58,53,49,42,42,46,54,51,59,37,33,32,49,50,25,27,25,31,37,34,35,33,28,32,35,23,16,35,21,20,20,18,30,13,17,18,13,14,14,14,11,23,6,6,7,10,12,2,10,5,7,6,6,7,1,5,6,5,3,7,3,5,1,2,4,3,0,3,3,1,1,0,0,1,2,3,0,0,0,2,0,2,0,2,0,0,0,0,0,0,0,0,0,0,0,0,0,0,0,0,0,0,0,0,0,0,0,0,0,0,0,0,0,1,0,0,0,0,0,0,0,0,0,0,0,0,0,0,0,0,0
0,1,0,0,0,1,0,2,3,0,1,0,2,3,0,4,1,2,8,4,3,7,5,6,6,5,5,13,7,15,8,13,9,20,21,28,17,24,21,24,28,28,24,29,35,37,38,48,39,37,38,49,51,38,48,58,41,45,48,64,54,44,56,63,65,71,53,55,49,56,35,46,60,36,58,45,50,47,36,50,31,38,43,41,35,33,36,33,41,13,30,25,29,19,29,24,27,19,19,11,13,18,24,10,9,13,14,16,8,8,10,8,18,11,12,13,7,9,6,4,2,10,2,2,4,1,3,6,8,2,1,3,5,3,0,2,2,0,3,3,0,0,1,0,0,2,0,0,0,1,1,0,2,0,0,0,0,0,0,0,0,1,0,0,0,0,0,0,0,0,0,0,0,0,0,0,0,0,0,0,0,0,0,0,0,0,0,0,0,0,0,0,0,0,0,0,0,0,0,0
0,1,3,1,0,0,1,3,2,0,1,1,3,1,1,5,1,4,4,3,4,7,4,10,11,13,15,12,9,14,14,9,9,12,18,17,25,21,25,19,31,27,35,30,38,36,25,50,36,43,52,52,33,47,50,52,32,48,51,60,39,56,64,50,41,54,44,65,41,39,50,43,46,56,48,40,50,51,35,33,44,47,46,43,35,31,38,32,40,34,27,30,26,22,25,18,28,25,22,14,17,19,12,18,11,9,19,12,10,16,8,13,8,8,13,6,14,5,4,6,6,3,7,7,2,4,5,4,2,3,6,1,3,1,1,1,1,1,1,1,3,1,0,1,1,2,0,2,0,0,1,1,1,0,0,0,2,0,0,1,0,0,0,1,1,0,0,0,0,0,0,0,0,0,0,0,0,0,0,0,0,0,0,0,0,0,0,0,0,0,0,0,0,0,0,0,0,0,0,0
1,0,2,1,0,0,2,1,0,0,5,2,2,0,0,5,4,6,5,3,7,11,6,5,6,8,8,6,8,17,12,15,17,12,11,15,26,16,24,23,28,30,22,33,30,33,39,25,39,40,44,49,44,53,51,53,47,57,61,47,46,58,57,37,40,63,44,53,38,41,53,47,54,46,36,47,47,38,39,34,40,31,41,24,35,29,29,35,29,30,30,24,28,21,29,20,22,28,12,21,17,21,15,11,13,12,13,12,11,11,20,12,6,6,4,11,5,8,6,3,4,4,3,4,9,4,6,6,5,1,3,6,2,3,0,2,2,2,0,1,0,1,0,0,0,0,0,0,0,0,0,0,0,1,0,0,0,0,0,0,0,0,0,0,0,1,0,0,0,0,0,0,0,0,0,0,0,0,0,0,0,0,0,0,0,0,0,0,0,0,0,0,0,0,0,0,0,0,0,0
1,1,0,0,1,0,1,1,0,2,2,2,4,1,3,2,3,4,6,7,8,4,13,4,5,10,6,12,8,14,15,14,20,11,19,17,26,23,23,13,29,20,30,32,47,30,27,49,32,49,43,45,44,38,48,40,42,38,30,54,58,39,43,51,47,43,45,51,57,59,41,41,41,38,44,54,30,43,45,49,44,50,31,41,29,30,32,22,31,33,30,30,28,24,22,17,16,20,13,26,13,16,16,16,16,12,15,12,13,5,8,13,10,6,8,4,6,3,3,8,6,4,3,6,6,3,2,0,0,1,2,1,3,1,4,0,3,1,0,0,1,2,1,1,1,2,1,1,1,0,0,1,0,0,0,0,1,0,1,0,0,0,0,0,0,0,0,0,0,0,0,0,0,0,0,0,0,0,0,0,0,0,0,0,0,0,0,0,0,0,0,0,0,0,0,0,0,0,0,0
0,0,0,0,0,0,1,2,2,1,2,0,1,3,2,4,3,6,3,4,7,7,8,5,8,9,6,8,6,13,11,13,12,14,18,17,21,22,18,21,25,24,30,25,36,36,32,32,39,24,31,46,40,29,46,39,48,45,40,38,37,54,46,41,49,70,49,43,40,36,38,53,42,43,27,46,36,43,38,21,54,45,38,34,30,30,33,32,25,22,24,17,16,26,16,21,26,13,8,14,16,13,8,16,12,13,15,15,11,9,11,11,13,17,4,12,13,12,9,1,5,9,7,1,3,5,2,4,2,2,3,1,0,3,2,0,1,1,1,1,2,1,2,0,1,3,0,1,0,1,0,0,0,0,1,0,0,0,0,0,1,0,0,0,0,0,0,0,0,0,0,0,0,0,0,0,0,0,0,0,0,0,0,0,0,0,0,0,0,0,0,0,0,0,0,0,0,0,0,0
0,0,0,0,1,1,0,2,1,0,1,1,2,0,4,4,2,2,7,7,5,10,3,6,11,11,6,6,9,18,12,11,17,8,8,22,18,16,14,23,36,24,23,30,30,41,39,33,32,37,32,44,39,44,54,46,48,46,41,46,52,39,52,51,49,66,49,37,45,44,50,51,41,38,51,39,61,35,53,31,43,39,39,27,33,26,32,31,25,32,30,22,20,22,23,19,15,22,12,12,14,21,16,10,16,15,10,11,9,17,18,8,12,8,11,9,6,4,5,5,1,6,7,1,3,4,3,1,4,2,1,1,2,4,1,2,0,1,2,2,0,0,0,3,1,1,0,1,1,0,0,0,0,0,0,0,0,0,0,0,1,0,0,1,0,0,0,0,0,0,0,0,0,0,0,0,0,0,0,0,0,0,0,0,0,0,0,0,0,0,0,0,0,0,0,0,0,0,0,0
1,0,0,1,1,1,1,2,1,0,0,1,0,0,0,3,2,1,4,1,7,9,6,8,5,8,12,10,6,16,9,12,12,16,17,14,22,20,10,16,22,30,32,33,23,44,33,39,40,39,38,32,37,30,45,46,32,48,38,52,46,47,42,44,43,57,37,38,43,44,40,37,41,37,39,33,55,35,42,41,33,29,32,28,27,36,27,27,21,23,25,21,25,14,13,13,28,17,17,18,15,16,15,15,7,10,16,13,10,6,14,9,12,9,6,3,13,8,3,8,2,7,4,2,4,7,3,5,2,1,2,3,2,3,2,3,1,3,0,0,0,0,1,1,0,4,0,0,0,0,1,0,1,0,1,0,0,0,0,0,0,0,0,0,0,0,0,0,0,0,0,0,0,0,0,0,0,0,0,0,0,0,0,0,0,0,0,0,0,0,0,0,0,0,0,0,0,0,0,0
1,0,2,0,0,0,1,1,0,1,1,0,4,1,3,2,0,1,2,6,3,6,4,4,7,6,7,9,8,4,12,10,16,16,16,21,12,19,24,23,24,21,31,25,32,27,23,40,25,42,45,38,23,36,43,37,43,39,37,45,46,50,46,59,28,38,41,30,30,41,39,50,47,33,36,31,43,45,40,37,32,34,35,39,29,29,29,16,32,17,21,25,27,16,21,20,28,17,17,15,19,11,9,9,11,7,7,3,9,10,8,10,11,12,4,5,5,6,7,1,6,5,4,4,6,3,2,2,4,2,1,1,6,0,1,1,1,0,0,0,0,0,1,0,1,1,0,0,1,1,0,0,1,1,0,0,0,1,0,0,0,0,0,0,0,0,0,0,0,0,0,0,0,0,0,0,0,0,0,0,0,0,0,0,0,0,0,0,0,0,0,0,0,0,0,0,0,0,0,0
2,1,0,0,0,0,3,3,0,0,1,3,3,0,1,2,1,1,6,5,0,3,5,4,13,2,8,11,8,16,13,19,14,15,21,17,16,23,25,19,27,22,34,23,24,36,33,46,38,39,41,26,24,28,39,41,36,38,41,52,32,53,51,46,40,41,58,44,36,42,27,32,57,43,42,50,62,37,31,41,38,33,29,22,40,24,29,32,19,25,22,24,14,16,28,23,21,13,19,12,19,13,12,14,17,13,5,13,12,8,10,15,8,8,6,7,4,8,2,3,7,2,6,2,5,1,2,1,0,2,2,3,3,1,0,0,1,2,1,0,1,0,0,2,1,0,0,1,0,0,0,1,0,0,1,0,0,0,0,0,1,0,0,0,0,0,0,0,0,0,0,0,0,0,0,1,0,2,0,0,0,0,0,0,0,0,0,0,0,0,0,0,0,0,0,0,0,0,0,0
0,1,0,0,0,1,0,1,0,1,0,1,5,0,0,1,2,2,2,3,6,5,3,5,6,5,7,9,9,9,11,13,15,12,20,19,17,17,10,10,25,20,16,29,30,29,31,28,28,31,35,32,31,38,53,41,33,31,41,44,59,37,47,50,34,43,40,46,33,55,41,46,41,35,36,39,38,35,31,38,34,34,31,32,33,30,30,26,26,20,14,30,19,19,24,18,17,17,14,11,8,18,14,12,13,12,13,9,10,10,8,9,8,3,6,8,5,8,5,3,5,5,6,2,2,4,3,2,2,2,4,1,2,2,0,2,0,1,2,3,0,0,0,1,0,2,0,0,0,0,1,1,0,1,0,0,0,0,0,1,0,0,0,0,0,0,0,0,0,0,0,0,0,0,0,0,0,0,0,0,0,0,0,0,0,0,0,0,0,0,0,0,0,0,0,0,0,0,0,0
1,1,0,0,0,1,2,2,1,0,1,0,3,4,0,6,0,7,6,4,0,5,10,3,4,10,10,8,6,12,9,14,13,19,14,13,19,17,18,24,26,20,32,23,37,28,33,42,23,39,36,34,32,38,50,42,36,40,38,50,48,41,49,38,47,59,36,37,36,46,22,39,39,26,22,37,29,37,32,29,36,33,30,25,28,24,21,23,17,25,21,19,25,18,15,20,20,12,14,8,10,14,18,17,10,10,8,5,14,6,6,8,10,7,9,3,4,8,6,9,6,2,4,1,3,2,3,0,5,1,1,1,2,5,1,0,0,1,0,0,1,0,0,0,0,0,1,0,1,1,0,0,0,1,0,1,0,0,0,0,0,0,0,0,0,0,0,0,0,0,0,0,0,0,0,0,0,0,0,0,0,0,0,0,0,0,0,0,0,0,0,0,0,0,0,0,0,0,0,0
0,1,0,0,0,0,0,2,1,0,0,1,6,1,1,2,2,3,2,3,4,3,4,6,5,14,8,11,9,15,15,11,15,8,13,15,10,21,20,27,24,26,20,28,41,30,24,34,30,32,35,34,29,22,47,33,33,32,42,38,35,50,37,38,26,41,38,39,39,45,36,35,31,32,34,30,33,29,33,38,26,25,26,39,25,27,29,21,22,19,20,10,20,22,14,16,20,18,12,13,8,9,15,15,8,11,14,8,8,7,10,6,8,9,8,7,2,5,6,3,4,6,3,6,2,1,1,1,1,3,0,0,3,6,0,0,2,1,1,2,0,1,1,2,2,0,1,1,1,0,0,0,0,1,0,0,0,0,0,0,0,0,0,0,0,0,0,0,0,0,0,0,0,0,0,1,0,0,0,0,0,0,0,0,0,0,0,0,0,0,0,0,0,0,0,0,0,0,0,0
0,0,0,1,0,0,1,0,6,1,0,1,4,1,2,4,2,0,3,2,6,5,4,4,4,10,5,14,3,9,8,7,10,13,14,20,26,15,22,17,20,21,25,24,25,30,29,30,16,36,30,31,35,32,44,38,31,32,38,37,44,42,38,40,48,40,36,41,47,48,36,37,40,33,28,32,49,28,33,30,32,23,23,16,19,21,23,27,21,27,13,19,9,16,16,15,19,16,11,15,9,8,13,6,13,8,10,5,4,9,5,8,12,7,1,2,6,6,4,4,2,3,2,2,6,4,4,1,7,2,3,2,1,1,1,1,1,1,1,4,2,3,0,0,0,0,0,0,0,0,1,0,2,0,0,2,0,0,0,0,0,0,0,0,0,0,0,0,0,0,0,0,0,0,0,0,0,0,0,0,0,0,0,0,0,0,0,0,0,0,0,0,0,0,0,0,0,0,0,0
0,0,1,1,0,1,0,1,1,2,2,0,1,3,3,4,2,1,3,1,1,3,4,6,4,6,10,6,9,6,10,7,14,13,7,20,12,19,11,16,20,23,22,22,30,24,38,29,26,39,26,37,28,29,28,36,31,35,39,44,36,33,39,35,42,48,42,35,33,48,35,32,43,36,24,32,31,40,36,37,16,27,31,31,32,30,16,22,12,17,19,16,14,10,14,16,4,14,11,12,10,9,11,12,10,8,6,3,6,5,5,7,6,4,5,2,5,3,2,2,5,2,6,2,7,2,3,1,1,0,1,0,0,2,3,1,1,1,1,2,0,0,1,3,1,1,0,0,0,1,0,0,0,0,0,1,1,0,0,0,0,0,0,0,0,0,0,0,0,0,0,0,0,0,0,0,0,0,0,0,0,0,0,0,0,0,0,0,0,0,0,0,0,0,0,0,0,0,0,0
0,2,1,1,0,1,0,1,1,0,2,0,4,1,1,3,1,3,5,1,0,1,4,5,8,11,8,4,5,9,9,10,13,16,10,9,15,15,18,18,18,20,24,18,28,33,29,25,25,43,24,33,38,42,46,33,35,34,30,43,36,35,37,32,44,45,33,37,47,42,40,51,26,36,29,35,33,36,32,33,26,24,31,18,30,21,16,24,14,8,15,21,24,21,19,23,9,11,17,8,14,13,6,11,15,15,7,3,7,7,11,5,6,7,7,9,3,3,5,5,3,4,8,3,3,2,5,2,3,1,1,1,2,3,3,2,1,2,0,1,1,1,0,1,0,2,1,1,1,1,0,0,1,0,0,0,1,0,1,0,0,0,0,0,0,0,0,0,0,0,0,0,0,0,0,0,0,0,0,0,0,0,0,0,0,0,0,0,0,0,0,0,0,0,0,0,0,0,0,0
1,1,0,1,0,0,0,1,3,0,1,1,3,0,1,1,1,2,3,0,1,2,3,5,7,8,3,11,6,11,9,12,15,12,14,18,19,17,16,11,18,28,18,17,26,21,28,29,33,24,27,33,32,34,28,39,20,35,39,29,39,43,30,36,26,26,31,48,24,37,37,34,40,38,39,25,35,43,33,35,18,24,29,18,19,16,19,20,17,15,21,15,20,12,14,13,13,15,9,18,11,13,10,12,9,11,9,10,10,6,3,7,6,7,3,3,6,4,7,5,2,5,4,2,3,5,0,3,4,4,1,4,4,3,2,1,0,1,1,0,3,0,0,0,1,0,0,1,1,1,0,1,1,0,0,0,1,1,0,0,0,0,0,0,0,1,0,0,0,0,0,0,0,0,0,0,0,0,0,0,0,0,0,0,0,0,0,0,0,0,0,0,0,0,0,0,0,0,0,0
0,1,0,2,0,0,0,1,0,0,0,1,3,0,0,1,2,0,5,2,4,4,9,2,6,10,6,5,4,5,6,7,9,12,11,12,19,15,23,15,17,16,24,17,19,37,25,20,25,32,29,34,40,32,38,29,29,34,29,35,28,39,38,33,36,33,38,34,37,32,19,34,27,35,36,26,34,18,30,23,26,27,27,29,18,22,21,27,10,19,15,14,28,24,12,8,14,8,10,13,9,12,15,12,13,2,6,7,4,6,9,10,11,6,7,4,7,5,2,6,5,1,2,2,2,3,2,1,1,2,1,2,0,1,1,1,1,2,1,1,1,0,0,1,1,0,0,0,1,1,0,0,1,1,0,0,0,0,0,0,0,0,0,0,0,0,0,0,0,0,0,0,0,0,0,0,0,0,0,0,0,0,0,0,0,0,0,0,0,0,0,0,0,0,0,0,0,0,0,0
0,1,1,1,0,3,0,0,0,0,1,2,1,1,0,4,1,1,4,4,3,2,11,2,7,3,3,13,4,6,9,7,11,12,15,18,14,17,18,7,23,22,16,17,24,18,22,32,25,28,29,30,24,39,32,30,23,20,42,37,42,24,28,38,34,36,29,43,33,42,27,33,29,22,31,30,31,30,25,18,28,29,24,27,13,17,17,16,18,15,10,18,13,13,14,16,17,13,12,5,8,5,11,10,14,11,7,6,7,6,4,6,2,5,4,2,6,2,2,5,2,2,1,0,4,2,2,3,4,0,1,0,3,5,0,2,0,0,0,0,0,0,0,1,1,0,0,1,0,0,2,0,1,0,0,1,0,0,0,0,0,0,0,0,0,0,0,1,0,0,0,0,0,0,0,0,0,0,0,0,0,0,0,0,0,0,0,0,0,0,0,0,0,0,0,0,0,0,0,0
0,1,2,1,0,0,0,3,0,0,2,0,1,0,0,5,2,0,0,2,5,9,7,3,6,4,7,9,2,11,10,9,9,15,11,9,16,16,13,13,25,12,19,16,40,29,34,29,27,28,27,27,22,30,31,25,28,30,24,33,23,34,33,32,28,33,26,30,33,41,27,31,38,24,26,24,31,28,18,28,30,18,29,22,14,24,21,16,16,16,12,21,13,17,15,12,15,17,15,13,5,15,10,9,14,7,6,8,5,10,6,8,6,11,3,4,2,4,6,4,5,3,6,1,1,4,3,1,1,1,0,2,2,2,0,2,2,2,0,1,0,0,0,2,0,1,0,0,1,1,1,1,0,0,0,0,0,0,1,0,1,0,0,0,0,0,0,0,0,0,0,0,0,0,0,0,0,0,0,0,0,0,0,0,0,0,0,0,0,0,0,0,0,0,0,0,0,0,0,0
1,0,0,1,1,0,0,1,2,0,1,2,4,2,1,3,1,2,7,3,3,2,2,1,3,5,6,7,10,14,11,6,12,5,10,17,11,13,14,26,21,18,25,16,30,28,21,31,22,24,18,29,26,35,38,32,31,33,29,41,26,36,20,22,28,41,46,33,39,39,27,28,22,20,25,27,29,26,31,20,25,23,18,23,16,11,20,14,14,18,13,9,19,9,18,17,8,10,12,10,12,13,3,7,9,10,11,13,6,4,5,5,6,7,4,5,3,6,3,6,5,4,2,2,3,4,4,1,4,1,1,1,0,4,1,2,0,0,0,1,0,0,0,0,0,0,0,0,0,0,0,0,0,0,0,0,0,0,0,0,0,0,0,0,0,0,0,0,0,0,0,0,0,0,0,0,0,0,0,0,0,0,0,0,0,0,0,0,0,0,0,0,0,0,0,0,0,0,0,0
1,1,2,0,0,0,0,1,0,0,1,2,2,0,1,1,1,1,5,1,4,7,4,2,7,3,9,5,2,11,3,8,9,11,14,16,17,12,12,16,19,24,24,18,15,32,24,21,21,26,24,27,29,32,25,24,34,21,40,26,26,24,37,32,28,29,45,28,29,29,39,21,33,23,21,30,24,27,26,31,14,23,34,17,16,19,21,17,18,16,23,25,14,18,12,11,10,9,8,10,15,12,10,4,5,7,8,7,4,7,8,6,6,2,1,2,2,5,2,4,4,1,9,2,4,2,3,0,5,2,2,0,0,2,3,2,0,1,0,3,1,1,0,0,1,1,2,0,1,0,0,0,0,0,1,1,0,0,0,0,0,0,0,0,0,0,0,0,0,0,0,0,0,0,0,0,0,0,0,0,0,0,0,0,0,0,0,0,0,0,0,0,0,0,0,0,0,0,0,0
0,0,0,0,0,1,0,1,0,0,0,0,3,0,2,1,0,5,6,2,1,4,3,4,2,5,4,6,5,6,5,5,5,10,11,15,8,12,13,12,10,8,25,27,13,33,19,18,29,30,18,25,27,33,22,20,21,22,32,30,22,35,33,26,27,35,33,34,24,35,26,22,21,22,23,23,28,31,28,20,26,19,24,25,14,27,10,22,21,15,16,13,9,16,13,10,17,12,17,10,10,6,5,13,7,6,6,5,8,9,8,6,6,4,4,7,6,6,7,2,6,4,2,4,1,1,6,3,2,3,2,1,1,2,1,0,1,1,0,0,0,0,0,2,0,0,1,1,0,0,0,0,0,0,0,0,0,1,0,1,1,0,0,0,0,0,0,0,0,0,0,0,0,1,0,0,0,0,0,0,0,0,0,0,0,0,0,0,0,0,0,0,0,0,0,0,0,0,0,0
1,0,0,1,1,1,1,2,0,2,2,0,2,2,1,7,1,2,4,3,4,3,3,7,4,5,7,9,6,12,7,11,7,10,17,10,12,14,12,12,15,22,28,31,24,26,18,31,24,24,30,36,18,31,23,34,27,22,21,17,30,35,30,27,35,39,33,27,27,35,21,31,22,25,25,21,20,23,24,23,25,32,16,15,18,16,22,10,20,10,16,12,13,12,11,13,11,19,12,9,12,16,2,8,2,10,5,13,5,3,4,3,6,4,1,4,7,4,5,4,4,3,0,3,2,1,3,2,1,1,1,0,0,1,1,0,0,1,2,1,1,1,1,1,1,0,0,1,0,1,1,0,0,0,2,0,1,0,0,0,2,0,0,0,0,1,0,0,0,0,0,0,0,0,0,0,0,0,0,0,0,0,0,0,0,0,0,0,0,0,0,0,0,0,0,0,0,0,0,0
0,1,0,1,1,0,2,0,3,1,1,1,3,0,1,1,5,1,3,2,5,4,6,3,1,6,3,4,7,7,7,6,9,7,10,11,8,19,14,8,18,12,22,14,25,23,22,17,18,27,19,24,25,27,21,27,24,28,25,28,29,27,32,34,28,34,33,26,32,27,24,25,25,24,26,30,28,26,26,21,18,17,20,21,15,18,17,18,18,22,19,15,7,15,12,17,11,6,11,11,7,8,7,7,3,5,13,7,7,3,8,8,8,2,3,5,6,3,2,3,1,1,1,1,1,2,0,1,1,0,1,0,0,0,0,3,0,1,0,0,0,1,0,0,0,1,1,0,0,0,1,0,0,0,0,1,0,0,0,1,0,0,0,0,0,0,0,0,0,0,0,0,0,0,0,0,0,0,0,0,0,0,0,0,0,0,0,0,0,0,0,0,0,0,0,0,0,0,0,0
0,1,1,0,1,0,1,0,2,0,3,0,0,0,3,0,0,1,4,2,3,0,3,4,2,3,4,6,1,6,4,8,12,10,18,17,12,15,11,4,24,24,19,16,10,23,17,17,14,26,34,31,25,28,24,25,29,25,38,28,25,26,23,32,28,26,28,32,19,29,29,33,26,30,21,27,21,19,26,31,16,20,19,17,20,19,11,13,14,10,18,10,12,9,15,6,11,6,16,7,7,8,10,7,13,8,9,11,12,3,4,11,1,3,0,2,6,0,6,3,5,2,1,1,1,3,4,1,2,0,2,1,3,1,1,0,0,0,1,1,0,3,2,1,0,1,0,0,0,0,0,0,0,0,1,0,0,0,1,0,0,0,1,0,0,0,0,0,0,0,0,0,0,0,0,0,0,0,0,0,0,0,0,0,0,0,0,0,0,0,0,0,0,0,0,0,0,0,0,0
0,0,0,0,0,0,0,0,1,0,0,1,4,1,0,1,2,5,3,5,4,4,6,0,4,5,2,6,7,7,13,8,8,14,16,12,7,7,8,14,11,14,13,19,21,21,21,25,23,17,31,21,19,22,25,23,18,26,19,26,27,20,23,24,24,30,26,28,29,43,31,29,34,22,22,18,29,24,31,19,16,26,22,22,17,19,10,12,9,14,10,9,14,10,10,19,19,14,11,14,6,10,8,6,8,7,10,3,8,4,11,6,3,3,6,7,1,7,1,9,3,4,0,0,7,3,3,0,2,2,2,2,0,0,2,1,0,0,2,2,1,1,0,1,0,1,0,0,1,0,0,0,0,0,0,0,0,0,0,0,0,0,0,0,0,0,0,0,0,0,0,0,0,0,0,0,0,0,0,0,0,0,0,0,0,0,0,0,0,0,0,0,0,0,0,0,0,0,0,0
0,0,0,0,1,0,0,1,1,0,0,0,2,0,1,0,4,1,3,2,3,2,2,8,2,4,3,5,7,11,9,5,7,11,19,9,15,10,14,4,16,21,18,25,16,26,23,16,10,22,16,24,19,24,21,31,31,32,30,33,21,21,19,28,25,27,24,24,22,30,30,27,27,16,19,25,30,16,17,18,25,13,26,17,18,12,19,10,12,14,16,11,14,16,14,9,13,5,9,9,10,5,14,8,9,7,4,5,3,3,3,9,2,6,2,3,4,4,7,0,2,1,2,1,1,1,1,1,1,2,3,2,0,1,0,0,1,1,0,1,0,1,0,0,1,0,0,1,0,0,0,0,0,0,0,0,0,1,0,0,0,0,0,0,0,0,0,0,0,0,0,0,0,0,0,0,0,0,0,0,0,0,0,0,0,0,0,0,0,0,0,0,0,0,0,0,0,0,0,0
0,0,0,1,0,0,1,0,2,1,0,1,1,1,1,3,1,3,1,1,3,1,2,5,2,6,4,8,3,9,7,9,3,12,12,10,5,15,10,12,13,11,19,23,28,10,31,29,16,21,26,26,24,21,27,24,28,20,31,28,30,31,18,41,22,30,22,30,33,35,26,20,16,26,24,18,21,16,25,26,25,19,17,16,9,15,16,8,10,14,19,15,6,7,10,6,13,8,8,8,11,10,13,9,4,7,4,6,2,2,5,8,8,2,4,6,3,4,7,5,2,0,1,2,3,4,3,3,0,1,2,0,1,3,1,0,0,1,0,0,0,1,0,2,0,0,0,1,1,0,0,1,0,0,0,0,0,0,0,0,0,0,1,0,0,0,0,0,0,0,0,0,0,0,0,0,0,0,0,0,0,0,0,0,0,0,0,0,0,0,0,0,0,0,0,0,0,0,0,0
0,2,0,0,0,1,0,2,3,1,0,2,0,1,2,3,0,4,3,1,2,6,4,0,2,7,5,8,8,9,8,8,8,3,10,10,12,10,14,7,15,8,17,9,26,19,25,14,24,18,20,18,22,26,25,13,19,11,31,35,12,20,24,22,25,27,28,33,22,28,12,18,23,19,23,22,18,19,21,17,22,18,25,26,19,11,10,16,11,9,13,10,9,7,15,10,8,12,9,9,8,4,6,5,6,4,5,4,4,1,3,3,3,7,4,5,5,4,2,0,1,2,2,4,2,4,3,0,0,1,1,2,0,2,3,1,2,1,1,0,0,1,1,0,1,0,0,0,0,0,0,0,0,0,0,2,0,0,0,0,0,0,0,0,0,0,0,0,0,0,0,0,0,0,0,0,0,0,0,0,0,0,0,0,0,0,0,0,0,0,0,0,0,0,0,0,0,0,0,0
0,1,1,0,0,0,0,1,0,1,1,1,2,1,2,2,0,2,1,2,3,6,6,0,1,4,6,5,4,6,7,9,3,9,10,8,11,17,11,10,14,19,17,10,14,13,8,18,16,25,22,19,20,22,24,22,21,29,25,22,28,27,27,23,22,29,22,24,27,28,20,24,32,14,25,23,17,28,21,15,15,21,21,17,14,19,14,14,13,7,10,10,8,8,11,8,10,9,10,7,9,4,8,3,11,10,4,7,4,3,8,7,5,5,2,1,0,0,4,4,5,2,1,1,2,1,3,0,2,1,1,0,1,0,2,1,0,1,0,0,1,0,0,0,0,0,0,0,0,0,0,0,0,0,0,0,0,0,0,0,0,0,0,0,0,0,0,0,0,0,0,0,0,0,0,0,0,0,0,0,0,0,1,0,0,0,0,0,0,0,0,0,0,0,0,0,0,0,0,0
0,1,1,0,0,0,1,0,1,0,0,1,3,1,1,3,1,3,5,5,2,4,5,2,7,4,1,4,3,11,3,3,7,9,7,10,10,14,12,11,9,18,14,19,15,19,22,23,19,15,23,25,21,24,28,31,20,22,26,30,29,36,20,24,21,25,27,23,27,14,20,17,23,24,20,13,13,15,16,23,11,18,12,16,13,15,18,16,12,14,18,8,6,9,5,6,7,8,5,6,3,10,5,7,7,8,5,5,7,5,6,6,3,5,4,4,2,4,3,2,3,3,3,1,1,0,1,2,1,1,1,1,2,2,1,1,0,0,0,0,1,0,0,0,1,1,0,0,0,2,1,0,0,0,0,0,0,0,0,0,0,0,0,0,0,0,0,0,0,0,0,0,0,0,0,0,0,0,0,0,0,0,0,0,0,0,0,0,0,0,0,0,0,0,0,0,0,0,0,0
0,2,0,0,1,0,4,0,2,0,1,1,3,1,0,2,0,2,2,3,7,4,3,0,1,4,6,7,7,9,3,7,7,4,9,13,11,8,8,3,15,13,11,13,16,11,23,19,21,13,19,24,21,15,30,14,24,13,20,26,23,29,25,24,21,26,20,26,17,22,21,18,25,21,26,19,21,23,21,10,18,16,13,18,9,13,10,8,5,9,15,7,10,15,12,7,10,8,9,10,10,8,9,5,6,5,4,4,3,1,3,5,5,6,3,4,2,1,2,3,3,0,0,0,1,2,3,2,1,3,1,0,1,0,0,0,1,0,1,1,0,0,0,1,0,1,0,0,0,1,0,0,1,0,0,0,0,1,0,0,0,0,0,0,0,0,0,0,0,0,0,0,0,0,0,0,0,0,0,0,0,0,0,0,0,0,0,0,0,0,0,0,0,0,0,0,0,0,0,0
0,0,1,0,0,0,0,0,0,0,2,0,1,0,2,3,1,3,3,1,3,3,3,7,2,5,1,9,5,10,3,7,5,7,6,10,15,15,10,8,11,7,17,19,22,20,19,12,15,21,21,22,21,19,18,20,22,22,21,36,28,18,22,25,28,27,24,19,23,18,18,21,27,26,18,17,22,28,23,12,16,10,12,14,8,12,12,12,10,11,11,11,5,11,9,7,11,6,9,6,6,4,4,4,4,6,4,5,5,6,5,6,4,6,1,2,3,4,6,1,2,3,2,1,1,2,0,0,0,1,1,2,0,2,1,0,1,1,1,1,0,2,0,0,1,0,1,0,0,0,0,0,0,0,0,0,0,0,0,0,0,0,0,0,0,0,0,0,0,0,0,0,0,0,0,0,0,0,0,0,0,0,0,0,0,0,0,0,0,0,0,0,0,0,0,0,0,0,0,0
0,1,0,0,0,0,0,1,0,0,0,0,0,0,2,4,2,1,2,1,2,6,3,1,4,2,5,5,1,8,5,11,7,4,8,12,4,7,11,14,7,18,16,16,19,15,15,13,19,16,25,15,24,14,17,31,24,21,19,24,27,24,37,15,11,34,14,23,18,25,31,21,19,21,18,15,17,9,20,10,14,14,10,16,18,11,10,9,10,7,12,9,7,6,11,11,10,6,10,6,2,7,7,9,6,5,7,8,5,3,5,7,5,4,5,4,2,1,2,4,2,3,2,1,3,1,1,2,1,0,1,0,2,0,0,0,0,1,1,0,0,0,0,0,0,0,0,0,0,0,0,1,1,0,0,0,0,0,0,0,0,0,0,0,0,0,0,0,0,0,0,0,0,0,0,0,0,0,0,0,0,0,0,0,0,0,0,0,0,0,0,0,0,0,0,0,0,0,0,0
0,1,1,0,0,0,0,0,0,0,0,0,3,2,4,1,1,2,6,0,5,5,3,6,6,5,0,4,4,6,4,6,9,9,10,12,10,14,9,9,8,9,14,15,16,20,12,15,16,25,18,20,14,23,15,22,22,18,25,26,38,18,15,29,27,21,21,26,15,19,14,18,31,16,20,17,20,22,13,10,14,16,15,8,6,12,10,9,11,6,7,6,13,6,9,11,13,8,6,4,5,7,1,7,4,9,6,4,7,2,2,8,3,3,4,4,2,6,2,4,0,3,0,1,0,3,2,0,1,3,1,0,2,0,1,0,0,3,1,0,0,1,0,0,0,0,0,0,2,1,0,0,0,0,0,0,0,0,0,0,0,1,0,0,0,0,0,0,0,0,0,0,0,0,0,0,0,0,0,0,0,0,0,0,0,0,0,0,0,0,0,0,0,0,0,0,0,0,0,0
0,1,0,0,0,1,1,0,0,0,0,1,0,0,1,0,1,4,2,3,5,2,1,1,2,3,4,2,5,10,5,4,6,4,3,7,13,7,6,11,11,7,19,15,15,19,19,24,18,10,15,22,11,15,22,26,17,24,21,11,19,18,28,20,23,21,18,24,18,22,25,14,19,19,13,17,17,13,18,12,16,16,13,7,9,17,17,14,8,11,9,8,8,6,8,6,10,9,5,8,7,0,5,2,8,6,6,6,1,2,6,3,5,4,1,2,3,3,2,1,2,2,1,2,0,1,1,0,1,0,0,0,3,0,0,1,0,0,0,0,0,1,0,0,0,0,0,0,0,0,0,0,0,0,1,0,0,0,0,0,0,0,0,0,0,0,0,0,0,0,0,0,0,0,0,0,0,0,0,0,0,0,0,0,0,0,0,0,0,0,0,0,0,0,0,0,0,0,0,0
0,1,0,0,0,0,0,1,0,0,2,2,1,1,1,0,1,0,1,2,5,4,5,0,3,6,3,7,7,7,10,3,8,6,12,10,10,7,7,12,13,10,13,14,14,18,10,13,17,10,14,12,12,17,24,17,9,22,22,26,23,21,26,27,15,15,21,21,18,29,19,26,20,22,17,12,22,23,15,9,8,13,17,15,8,7,13,7,14,13,10,6,16,8,14,6,8,10,6,4,7,5,7,2,10,6,9,6,4,3,5,4,4,6,0,0,3,2,3,1,3,0,1,0,0,2,0,3,1,1,2,0,0,0,0,1,2,0,0,1,0,0,0,0,0,1,0,0,0,1,0,1,0,0,1,0,0,0,0,0,0,0,0,0,0,0,0,0,0,0,0,0,0,0,0,0,0,0,0,0,0,0,0,0,0,0,0,0,0,0,0,0,0,0,0,0,0,0,0,0
0,1,0,1,0,1,0,0,1,1,0,0,2,0,1,4,0,0,3,0,1,5,4,3,3,9,5,4,4,5,4,9,7,8,8,10,7,10,13,10,14,9,14,13,9,23,19,16,17,20,16,19,23,22,15,22,14,14,16,14,13,21,19,18,17,21,17,20,24,28,20,25,21,15,17,20,11,11,15,9,18,17,13,10,7,10,10,16,11,11,11,11,10,14,11,5,10,8,6,5,6,7,5,8,5,4,3,6,2,3,4,3,4,3,1,2,2,3,2,4,5,2,3,2,1,0,0,1,2,0,0,2,0,2,0,1,1,1,1,1,0,0,0,0,1,0,0,0,0,1,0,0,0,1,0,0,0,0,0,0,0,0,0,0,0,0,0,0,0,0,0,0,0,0,0,0,0,0,0,0,0,0,0,0,0,0,0,0,0,0,0,0,0,0,0,0,0,0,0,0
0,1,1,1,0,0,0,1,1,1,1,0,2,0,0,0,2,1,2,6,3,2,2,1,4,6,0,8,4,10,2,6,6,10,9,7,11,7,7,8,15,12,11,7,14,10,26,11,13,16,21,25,18,16,20,20,11,21,21,27,21,17,17,20,17,20,21,17,19,20,17,15,12,21,14,15,21,19,14,15,11,17,13,18,15,21,11,5,15,10,14,10,4,3,7,6,11,8,6,5,6,5,9,1,3,4,8,5,1,2,4,0,4,3,2,1,5,4,4,2,3,0,1,1,3,2,0,0,0,0,1,0,0,0,1,0,1,1,1,1,1,1,0,0,1,0,0,0,0,0,0,0,0,0,0,0,0,0,0,0,0,0,0,0,0,0,0,0,0,0,0,0,0,0,0,0,0,0,0,0,0,0,0,0,0,0,0,0,0,0,0,0,0,0,0,0,0,0,0,0
0,0,2,1,0,0,0,0,2,0,1,1,0,0,1,1,0,1,3,5,5,0,5,0,2,4,1,3,3,5,4,6,4,8,6,10,8,8,7,5,12,9,12,17,13,14,17,21,22,15,10,20,20,18,20,11,23,16,18,19,22,22,13,21,19,32,23,21,17,19,11,24,9,18,22,16,8,23,23,13,12,12,9,10,8,10,8,9,12,9,13,10,4,9,5,3,3,11,17,7,5,4,8,2,3,6,3,2,2,1,3,4,2,1,3,1,2,0,4,2,0,1,1,3,0,0,2,0,0,0,0,1,0,0,1,1,0,0,0,1,1,1,1,0,1,0,0,2,0,0,0,0,0,0,0,0,0,0,0,0,0,0,0,0,0,0,0,0,0,0,0,0,0,0,0,0,0,0,0,0,0,0,0,0,0,0,0,0,0,0,0,0,0,0,0,0,0,0,0,0
0,1,1,0,0,0,0,0,0,0,0,1,2,0,1,2,0,2,1,1,2,5,2,0,2,1,3,3,4,4,3,8,5,2,15,6,11,13,9,13,15,9,11,9,17,21,20,6,14,17,15,16,19,27,21,16,16,12,17,12,24,20,25,9,18,17,16,16,21,19,20,13,14,15,14,14,23,15,10,15,8,14,19,17,8,9,12,7,12,5,11,8,7,4,10,5,11,4,11,9,3,5,4,4,6,4,3,5,5,3,1,4,2,4,0,3,4,1,4,3,4,2,1,1,2,1,1,1,2,0,3,1,2,2,1,1,0,0,0,1,0,0,0,0,0,0,0,1,0,1,0,1,0,0,0,0,2,0,0,0,0,0,0,0,0,0,0,0,0,0,0,0,0,0,0,0,0,0,0,0,0,0,0,0,0,0,0,0,0,0,0,0,0,0,0,0,0,0,0,0
2,0,1,0,0,0,0,0,1,0,1,0,1,0,2,1,0,1,2,1,4,4,5,2,3,4,4,4,1,6,6,2,7,3,3,8,8,9,6,12,12,11,16,11,11,13,16,13,13,10,17,6,11,12,22,17,12,21,19,12,18,16,12,25,17,17,15,33,21,18,16,14,20,17,17,13,13,20,10,16,10,11,13,7,10,9,6,8,8,9,3,7,7,9,3,7,13,8,10,3,4,2,7,0,4,3,2,1,5,2,3,6,3,4,0,1,1,1,1,2,2,1,2,0,0,0,0,2,0,0,0,0,0,0,1,0,0,0,0,0,1,0,1,1,0,0,0,0,0,0,0,0,0,0,1,0,0,0,0,1,0,0,0,0,0,0,0,0,0,0,0,0,0,0,0,0,0,0,0,0,0,0,0,0,0,0,0,0,0,0,0,0,0,0,0,0,0,0,0,0
0,1,1,1,0,1,1,0,0,1,0,1,3,0,1,2,2,1,0,1,3,3,2,2,4,3,3,2,5,4,8,7,4,4,6,4,10,18,9,8,11,20,16,12,17,15,14,13,17,13,12,20,9,14,15,26,21,14,17,18,19,15,26,19,14,23,21,16,27,14,14,12,14,18,16,19,16,13,6,9,17,14,11,11,8,8,16,7,10,7,9,7,3,3,8,4,6,8,3,4,6,3,5,5,2,8,6,3,3,4,2,4,4,2,1,1,3,1,1,2,2,1,2,2,3,3,0,0,1,0,0,1,1,0,0,1,1,0,1,0,0,1,0,0,0,0,0,0,0,1,0,0,0,1,1,0,0,0,0,0,0,0,0,0,0,0,0,0,0,0,0,0,0,0,0,0,0,0,0,0,0,0,0,0,0,0,0,0,0,0,0,0,0,0,0,0,0,0,0,0
0,0,0,1,0,0,0,1,0,0,1,0,0,0,1,0,1,1,3,5,2,2,5,1,1,5,4,10,4,10,3,4,6,5,6,2,4,12,7,7,11,6,12,10,18,12,22,16,10,13,14,19,12,18,23,10,10,23,15,17,22,15,16,11,11,23,15,15,13,15,12,24,8,13,18,14,11,7,12,8,5,6,21,14,9,8,15,10,9,6,9,10,9,8,8,9,6,5,4,9,5,1,4,4,4,7,10,8,1,1,3,3,1,1,2,3,2,3,1,1,1,2,0,1,2,3,1,0,0,1,1,1,0,1,2,0,0,0,0,0,0,1,0,0,0,0,0,0,1,1,0,0,0,0,0,0,0,0,0,0,0,0,0,0,0,0,0,0,0,0,0,0,0,0,0,0,0,0,0,0,0,0,0,0,0,0,0,0,0,0,0,0,0,0,0,0,0,0,0,0
1,0,0,0,0,0,2,0,1,1,0,0,1,0,0,3,0,1,2,0,4,3,3,3,1,2,2,3,3,6,6,8,6,3,7,8,6,15,8,9,11,9,12,11,19,9,13,9,7,13,13,24,15,16,15,11,16,19,16,21,24,14,20,12,19,14,10,10,17,11,6,20,14,15,14,14,13,11,14,11,16,10,10,14,9,7,12,8,9,2,19,9,5,4,9,7,1,9,5,4,5,11,8,5,11,6,6,2,4,3,0,7,3,7,3,0,3,1,0,2,2,0,2,0,0,1,1,2,2,1,1,0,0,0,0,0,0,0,1,0,1,0,0,0,0,0,1,0,0,0,0,0,1,0,0,0,0,0,0,0,0,0,0,0,0,0,0,0,0,0,0,0,0,0,0,0,0,0,0,0,0,0,0,0,0,0,0,0,0,0,0,0,0,0,0,0,0,0,0,0
0,0,0,0,0,0,0,0,1,0,0,1,0,0,0,3,3,0,2,1,2,1,1,1,2,6,4,6,2,9,1,2,3,8,4,8,5,8,10,10,15,7,13,12,19,11,6,17,12,12,23,16,8,18,19,22,11,19,13,17,15,15,20,15,14,21,20,10,17,23,11,11,9,15,16,12,15,10,9,14,11,12,14,13,7,9,6,5,8,7,6,12,11,5,5,10,6,5,4,3,5,4,2,2,6,1,6,2,3,4,2,2,1,3,2,3,3,1,1,2,2,0,0,2,1,0,0,3,0,1,1,0,2,2,0,1,0,0,0,0,0,0,0,0,0,0,1,1,0,0,0,0,0,0,0,0,0,0,0,0,0,0,0,0,0,0,0,0,0,0,0,0,0,0,0,0,0,0,0,0,0,0,0,0,0,0,0,0,0,0,0,0,0,0,0,0,0,0,0,0
0,2,0,0,1,0,2,0,1,0,2,0,4,0,0,2,0,1,3,1,1,4,2,3,1,5,4,5,0,4,3,8,5,1,9,2,11,9,3,7,12,9,11,5,12,10,14,13,11,16,14,17,13,11,20,20,15,16,24,14,16,17,16,16,21,21,12,13,18,22,17,14,11,16,14,18,12,10,10,6,9,15,13,11,7,8,8,11,7,9,6,7,12,9,9,7,4,4,8,6,1,7,5,3,2,1,7,5,5,1,3,3,1,2,3,1,3,1,2,2,2,0,0,0,2,0,0,1,2,0,2,1,0,1,2,1,0,0,1,0,0,1,0,0,0,0,0,0,0,1,1,0,0,0,0,0,0,0,0,0,0,0,0,0,0,0,0,0,0,0,0,0,0,0,0,0,0,0,0,0,0,0,0,0,0,0,0,0,0,0,0,0,0,0,0,0,0,0,0,0
0,0,0,0,0,0,0,1,0,0,1,0,0,0,0,3,0,1,1,2,2,3,3,0,1,1,3,5,3,5,2,3,5,10,8,4,6,7,3,9,8,11,8,4,11,10,13,11,15,16,20,18,15,15,14,23,15,15,19,15,22,13,15,18,14,17,15,12,16,11,15,18,15,10,13,16,15,18,8,19,12,17,6,14,5,9,13,9,6,8,6,6,10,4,6,7,5,1,7,3,4,5,1,3,5,7,2,4,2,3,3,0,1,2,3,3,1,1,1,3,2,1,1,1,2,1,0,1,2,1,1,0,1,0,0,0,0,2,0,0,0,0,1,0,0,2,0,0,0,2,0,0,1,0,0,0,0,0,0,0,0,0,0,0,0,0,0,0,0,0,0,0,0,0,0,0,0,0,0,0,0,0,0,0,0,0,0,0,0,0,0,0,0,0,0,0,0,0,0,0
0,0,0,0,0,1,0,0,0,0,1,0,0,0,0,1,1,2,4,0,3,2,3,1,1,2,3,5,5,9,2,4,8,5,3,3,6,6,7,6,10,7,7,6,11,13,12,12,7,18,15,14,12,16,19,16,12,17,18,16,11,11,21,18,22,9,20,15,15,13,19,16,14,13,14,13,15,13,14,17,7,3,8,8,8,11,9,5,10,8,8,7,11,8,10,5,6,7,10,5,2,5,6,3,3,2,4,4,1,1,1,4,1,0,4,2,1,2,2,2,0,1,1,1,0,0,0,1,1,0,0,0,0,0,0,0,1,2,0,0,0,1,0,0,0,0,0,0,0,0,0,1,1,0,0,0,0,1,0,0,0,0,0,0,0,0,0,0,0,0,0,0,0,0,0,0,0,0,0,0,0,0,0,0,0,0,0,0,0,0,0,0,0,0,0,0,0,0,0,0
1,0,1,1,0,0,1,1,1,1,1,0,1,0,2,3,1,1,1,2,1,3,4,3,2,2,2,1,3,3,3,4,5,5,5,5,7,10,3,10,9,9,9,8,13,16,11,6,15,7,15,13,17,11,14,16,12,23,19,12,6,18,14,7,13,15,13,17,17,17,16,14,19,17,12,5,16,19,10,9,9,8,8,11,10,12,12,9,3,8,7,4,9,8,5,11,4,2,4,7,6,7,5,2,4,2,5,3,6,4,4,6,3,6,1,2,7,1,1,2,1,0,0,3,2,1,1,0,2,0,0,3,0,1,1,0,0,1,0,0,0,1,0,1,0,0,0,0,0,0,0,0,0,0,0,0,0,0,0,0,0,0,0,0,0,0,0,0,0,0,0,0,0,0,0,0,0,0,0,0,0,0,0,0,0,0,0,0,0,0,0,0,0,0,0,0,0,0,0,0
0,0,1,1,0,1,0,0,0,0,1,0,2,0,1,1,1,2,1,2,0,1,1,2,0,3,7,2,2,2,4,1,4,1,9,4,8,5,4,9,19,7,9,8,11,12,10,7,12,12,12,15,12,19,21,10,17,15,13,20,20,15,8,11,10,9,26,21,14,17,21,10,9,8,7,14,18,11,8,7,6,11,13,11,4,8,6,9,9,3,6,7,3,3,5,5,3,7,2,3,3,3,2,2,6,3,3,2,1,1,2,2,3,1,1,2,0,1,1,4,2,1,1,0,1,1,0,1,0,0,0,1,0,0,0,0,0,0,0,0,1,0,0,0,0,1,0,0,0,0,0,0,0,0,0,0,0,0,0,0,0,0,0,0,0,0,0,0,0,0,0,0,0,0,0,0,0,0,0,0,0,0,0,0,0,0,0,0,0,0,0,0,0,0,0,0,0,0,0,0
0,1,0,0,0,0,0,0,1,0,0,0,1,1,0,1,0,1,1,1,3,0,0,0,3,1,3,4,1,2,3,5,4,6,6,6,4,6,11,4,12,4,8,11,10,10,7,13,10,14,5,14,7,11,11,17,17,16,8,24,19,11,12,10,13,21,13,14,13,13,9,16,13,12,11,14,14,8,8,14,14,13,6,8,5,10,7,8,4,8,7,8,5,5,5,7,6,6,8,1,2,3,6,5,4,4,0,1,3,3,4,4,1,1,2,0,2,1,2,2,2,3,1,1,2,1,0,0,1,1,0,0,0,1,0,0,1,0,1,1,0,1,0,0,0,0,0,0,0,0,1,0,0,0,0,0,0,0,0,0,0,0,0,0,0,0,0,0,0,0,0,0,0,0,0,0,0,0,0,0,0,0,0,0,0,0,0,0,0,0,0,0,0,0,0,0,0,0,0,0
0,0,0,1,1,0,0,0,1,0,0,0,1,0,1,0,2,2,2,0,0,2,3,0,2,4,4,4,1,5,2,2,5,4,2,4,7,8,4,7,12,10,6,8,12,6,9,14,14,8,11,10,9,14,12,9,17,13,9,14,18,20,8,17,12,20,12,10,8,12,10,9,10,7,11,10,12,8,12,10,16,5,8,3,5,9,5,6,2,12,10,3,4,3,5,2,6,0,8,3,5,5,3,6,6,9,6,0,2,4,2,1,4,0,2,3,1,0,3,2,2,1,2,0,1,1,0,3,1,0,0,1,0,1,1,0,1,0,0,0,0,1,0,0,0,0,0,0,0,0,0,1,0,0,0,0,0,0,0,0,0,0,0,0,0,0,0,0,0,0,0,0,0,0,0,0,0,0,0,0,0,0,0,0,0,0,0,0,0,0,0,0,0,0,0,0,0,0,0,0
0,0,0,0,0,0,3,0,0,0,0,0,1,0,1,2,1,1,2,1,2,2,2,1,2,2,1,2,2,2,2,3,3,9,4,4,5,7,4,2,5,9,12,10,8,10,14,11,7,10,11,9,11,12,18,7,6,17,9,15,12,12,16,12,8,11,9,17,10,15,7,13,15,11,9,10,12,12,6,7,8,10,7,9,6,7,6,9,9,3,7,7,8,7,4,10,9,3,4,4,2,5,5,7,3,4,6,2,2,2,3,6,1,0,1,2,2,0,1,0,0,0,2,0,0,2,0,0,0,1,1,1,2,0,0,0,0,0,0,0,0,0,0,0,0,1,0,0,0,0,0,0,0,0,0,0,0,0,0,0,0,0,0,0,0,0,0,0,0,0,0,0,0,0,0,0,0,0,0,0,0,0,0,0,0,0,0,0,0,0,0,0,0,0,0,0,0,0,0,0
0,0,0,0,0,1,0,1,1,0,0,0,1,1,0,0,0,1,1,1,2,5,2,1,2,3,4,3,2,3,5,4,2,3,5,4,10,5,4,4,7,8,11,10,8,8,7,6,5,13,11,16,11,10,12,12,11,13,9,16,11,10,9,11,13,17,12,12,15,10,9,11,13,14,9,10,11,17,11,7,11,9,8,10,10,7,5,11,6,5,6,3,7,1,11,4,7,2,4,3,3,6,3,5,3,3,3,2,2,1,2,4,2,3,3,0,0,2,0,1,2,1,2,1,0,1,1,0,1,1,0,0,0,0,0,1,0,1,0,0,0,1,0,0,1,0,0,0,0,0,0,0,0,0,0,0,0,0,0,0,0,0,0,0,0,0,0,0,0,0,0,0,0,0,0,0,0,0,0,0,0,0,0,0,0,0,0,0,0,0,0,0,0,0,0,0,0,0,0,0
0,0,1,0,0,0,1,2,0,0,0,0,2,0,1,1,1,0,1,0,0,1,0,0,3,5,4,3,3,7,3,4,2,6,5,5,7,3,6,3,5,6,8,4,6,12,7,7,11,7,12,12,19,10,9,16,12,8,11,9,14,10,15,12,17,11,12,6,13,15,9,11,8,8,12,8,9,10,11,7,9,10,8,10,8,5,7,4,5,2,7,4,4,3,3,4,4,5,6,7,3,2,2,1,6,4,1,1,2,4,1,1,2,2,1,1,1,1,1,3,2,1,0,0,0,1,3,0,1,0,0,1,0,1,0,0,0,0,0,1,0,0,0,0,0,0,0,0,0,0,0,0,0,0,0,0,0,0,0,0,0,0,0,0,0,0,0,0,0,0,0,0,0,0,0,0,0,0,0,0,0,0,0,0,0,0,0,0,0,0,0,0,0,0,0,0,0,0,0,0
1,0,0,0,0,0,0,1,1,0,0,0,2,0,1,2,0,0,1,2,1,4,1,0,2,2,3,0,3,3,5,3,2,4,4,3,12,3,7,4,7,9,4,6,14,11,4,5,11,7,12,12,13,11,10,14,13,14,12,13,7,12,5,14,11,20,20,9,14,13,6,17,8,7,9,10,4,12,11,15,7,10,6,6,9,6,9,7,5,8,14,6,5,6,7,4,3,4,8,2,4,1,3,3,3,4,4,3,0,1,1,1,2,0,1,1,0,1,2,3,1,1,1,1,1,1,0,0,0,0,0,0,1,0,0,0,2,0,0,0,0,0,0,0,1,2,0,0,0,0,0,0,0,0,0,0,0,0,0,0,0,0,0,0,0,0,0,0,0,0,0,0,0,0,0,0,0,0,0,0,0,0,0,0,0,0,0,0,0,0,0,0,0,0,0,0,0,0,0,0
0,0,1,1,0,0,0,0,0,1,0,0,1,1,1,0,1,0,1,1,0,1,3,1,1,4,3,4,3,2,3,1,3,3,4,6,5,5,2,6,7,7,5,8,14,7,12,10,4,7,10,14,16,7,18,12,17,13,13,12,12,14,14,10,14,16,14,16,9,14,12,12,14,9,11,14,13,4,14,4,10,6,8,4,5,5,7,5,9,1,2,4,4,2,3,7,6,1,4,1,2,5,5,4,4,1,4,1,0,1,1,1,3,0,2,1,1,3,3,2,0,3,1,0,1,1,1,3,1,0,1,1,0,0,1,1,1,0,1,0,1,0,0,0,0,1,0,0,0,0,0,0,0,0,0,0,0,0,0,1,0,0,0,0,0,0,0,0,0,0,0,0,0,0,0,0,0,0,0,0,0,0,0,0,0,0,0,0,0,0,0,0,0,0,0,0,0,0,0,0
0,0,1,0,0,0,0,0,2,0,0,0,1,0,1,0,0,1,0,0,1,3,1,0,3,5,7,0,2,2,0,4,5,2,5,4,3,10,8,7,11,6,4,10,4,7,3,4,9,10,8,8,10,8,16,13,10,8,15,14,14,11,12,10,9,10,10,9,3,15,7,9,6,11,5,6,10,5,10,5,10,12,6,5,10,7,5,6,5,3,5,4,4,3,5,6,6,4,3,8,7,3,5,1,3,2,3,1,2,0,3,4,2,1,2,1,1,0,0,0,1,3,1,1,4,1,1,1,2,0,0,1,1,0,0,0,0,1,1,0,0,0,0,0,1,0,0,0,0,0,0,0,1,0,0,0,0,0,0,0,0,0,0,0,0,0,0,0,0,0,0,0,0,0,0,0,0,0,0,0,0,0,0,0,0,0,0,0,0,0,0,0,0,0,0,0,0,0,0,0
0,1,0,0,0,0,0,0,0,0,0,0,3,0,1,1,0,1,0,0,1,0,0,2,2,3,3,4,4,6,0,1,1,4,3,10,9,6,9,4,12,4,11,3,10,5,5,8,11,11,12,12,13,8,8,12,14,13,13,17,14,14,14,15,10,13,12,8,13,11,10,5,8,8,10,9,11,9,9,11,11,2,9,8,6,5,8,2,6,5,3,7,4,6,8,2,5,1,1,3,1,5,1,1,1,4,2,3,1,1,4,1,2,3,0,1,3,3,0,1,1,1,0,1,0,1,0,1,1,0,1,0,0,1,0,1,0,0,0,0,0,1,0,0,0,1,0,0,0,0,0,0,0,0,0,0,0,0,0,0,0,0,0,0,0,0,0,0,0,0,0,0,0,0,0,0,0,0,0,0,0,0,0,0,0,0,0,0,0,0,0,0,0,0,0,0,0,0,0,0
0,0,0,0,0,0,0,2,0,0,0,0,1,0,0,2,1,1,1,1,0,0,4,1,4,3,1,2,3,3,1,3,9,5,11,4,6,2,3,5,6,6,8,3,13,10,11,11,7,8,8,7,8,10,9,11,11,13,14,15,11,10,10,6,12,7,12,8,10,13,8,11,12,8,8,8,8,15,5,10,11,9,11,6,2,6,9,3,7,6,0,2,3,5,3,4,4,6,3,2,0,3,3,5,1,4,1,2,2,1,4,4,0,3,1,1,0,1,0,0,0,3,1,0,0,1,0,0,0,1,1,0,0,2,0,1,0,0,0,0,1,1,0,1,0,1,0,1,0,0,0,1,0,0,1,0,0,0,0,0,0,0,0,0,0,0,0,0,0,0,0,0,0,0,0,0,0,0,0,0,0,0,0,0,0,0,0,0,0,0,0,0,0,0,0,0,0,0,0,0
0,0,0,1,0,0,0,0,0,0,0,2,1,0,0,3,1,1,1,1,0,0,1,2,0,3,2,3,4,7,4,3,5,4,3,4,1,6,3,5,12,1,5,8,10,11,8,5,4,6,11,6,8,7,10,12,9,12,11,13,8,17,8,13,6,12,4,8,12,9,8,10,12,9,8,5,7,7,5,6,6,10,7,10,5,11,11,7,5,1,3,3,4,6,1,4,4,3,3,0,0,4,4,4,2,2,5,1,3,2,1,3,0,1,3,4,1,1,2,4,1,1,2,1,0,2,0,1,0,0,0,1,1,0,0,0,0,1,0,1,1,1,0,0,0,2,0,0,1,0,1,0,0,0,0,0,0,0,0,1,0,0,0,0,0,0,0,0,0,0,0,0,0,0,0,0,0,0,0,0,0,0,0,0,0,0,0,0,0,0,0,0,0,0,0,0,0,0,0,0
0,1,0,0,0,0,0,0,0,1,0,1,1,0,0,0,1,1,1,1,2,0,1,1,1,4,5,1,0,4,4,3,7,1,2,4,4,9,5,4,5,8,9,4,7,6,6,6,10,12,18,11,8,8,12,14,13,9,14,14,12,15,10,17,11,8,10,11,8,6,11,16,17,6,8,9,6,3,5,9,9,8,3,6,3,6,5,2,3,9,5,2,6,3,3,3,2,3,5,7,1,1,5,4,4,3,4,1,2,0,2,1,0,1,0,2,0,1,2,2,0,0,0,1,0,2,0,0,0,0,0,1,1,0,1,0,0,1,0,0,0,0,0,0,0,0,0,0,0,0,1,0,0,0,0,0,0,0,0,0,0,0,0,0,0,0,0,0,0,0,0,0,0,0,0,0,0,0,0,0,0,0,0,0,0,0,0,0,0,0,0,0,0,0,0,0,0,0,0,0
0,0,0,0,0,0,0,0,0,0,0,1,0,0,1,0,0,0,2,0,1,1,1,0,2,1,2,0,2,4,4,0,3,4,6,2,6,4,4,10,6,5,9,8,12,4,4,12,6,7,12,9,10,8,8,6,12,10,9,11,14,13,10,15,8,8,15,7,6,12,2,10,8,5,12,12,14,10,7,7,9,9,5,4,3,7,6,3,4,5,11,6,4,2,3,4,4,6,5,4,2,3,3,3,0,1,4,2,1,0,1,3,1,2,0,0,0,2,0,2,1,0,1,0,0,0,0,2,1,1,0,1,0,1,0,0,1,0,1,1,0,0,0,0,0,0,0,0,1,0,0,0,0,0,0,0,0,0,0,0,0,0,0,0,0,0,0,0,0,0,0,0,0,0,0,0,0,0,0,0,0,0,0,0,0,0,0,0,0,0,0,0,0,0,0,0,0,0,0,0
0,1,1,0,0,0,0,0,0,0,0,0,1,0,0,0,0,1,1,0,0,1,2,4,3,1,1,2,1,0,2,8,2,3,1,4,7,5,4,6,8,10,11,5,6,11,1,5,6,8,11,9,8,15,8,11,9,10,11,15,17,9,13,8,9,14,5,7,14,9,8,12,2,7,12,9,7,6,12,9,5,5,7,6,8,4,5,2,6,5,2,5,2,6,3,3,2,5,2,3,4,1,5,1,1,4,1,2,1,4,4,2,1,4,1,1,1,1,1,0,1,0,1,0,1,1,1,1,0,1,0,1,0,1,0,0,0,2,0,0,0,0,0,0,0,0,0,0,0,0,0,0,0,0,0,0,1,1,0,0,0,0,0,0,0,0,0,0,0,0,0,0,0,0,0,0,0,0,0,0,0,0,0,0,0,0,0,0,0,0,0,0,0,0,0,0,0,0,0,0
0,2,0,0,0,0,0,0,0,1,0,0,0,0,0,1,0,0,2,0,0,2,0,1,1,2,2,3,4,4,2,2,4,1,5,6,4,8,2,2,6,5,9,10,10,4,7,8,1,7,6,10,9,5,12,10,8,8,7,7,10,11,9,12,8,7,6,11,10,9,14,5,12,6,4,7,8,8,8,6,9,8,5,7,5,8,7,6,4,6,2,3,4,5,5,1,3,1,0,2,0,2,3,1,1,3,2,1,2,2,2,0,2,2,1,0,2,2,0,1,1,0,1,0,1,0,1,2,0,0,0,0,0,0,0,0,0,0,0,0,0,0,0,0,0,0,0,0,1,0,0,0,0,0,0,0,0,0,0,0,0,0,0,0,0,0,0,0,0,0,0,0,0,0,0,0,0,0,0,0,0,0,0,0,0,0,0,0,0,0,0,0,0,0,0,0,0,0,0,0
0,0,0,0,0,0,1,0,0,0,1,1,0,0,0,0,0,2,1,1,3,0,0,0,1,2,5,0,2,4,3,2,3,2,1,7,3,3,12,5,8,6,5,1,6,12,8,7,11,11,8,6,11,4,7,10,12,4,11,8,9,13,5,13,9,7,6,9,7,9,7,6,8,12,7,4,9,10,2,4,4,8,6,6,11,3,7,3,4,5,4,2,5,5,0,3,4,3,2,6,1,1,2,1,2,2,3,3,4,3,4,2,1,4,2,1,1,0,4,1,0,0,0,1,0,1,1,0,0,0,0,0,1,1,0,1,0,0,0,0,0,0,0,0,0,1,1,0,1,0,0,0,0,0,0,0,0,1,0,0,0,0,0,0,0,0,0,0,0,0,0,0,0,0,0,0,0,0,0,0,0,0,0,0,0,0,0,0,0,0,0,0,0,0,0,0,0,0,0,0
0,0,0,0,0,0,0,0,0,0,0,0,0,0,1,0,1,4,0,0,0,0,1,1,1,4,0,1,4,6,5,2,0,2,3,4,2,9,8,3,6,4,6,6,7,2,4,10,9,6,9,8,6,6,8,6,13,10,6,5,8,5,8,9,17,10,12,10,5,8,3,8,11,10,5,3,6,7,7,5,6,6,4,6,6,5,2,9,3,3,4,3,1,1,7,3,5,2,3,3,1,2,1,1,2,5,4,2,0,1,1,4,0,2,0,2,2,1,1,0,2,1,1,0,0,0,0,0,1,0,0,0,0,0,0,0,0,0,1,0,2,0,0,0,0,0,0,0,0,0,0,0,0,0,0,0,0,0,0,0,0,1,0,0,0,0,0,0,0,0,0,0,0,0,0,0,0,0,0,0,0,0,0,0,0,0,0,0,0,0,0,0,0,0,0,0,0,0,0,0
0,0,0,0,0,0,0,0,1,0,1,0,0,0,0,1,1,0,2,1,1,0,0,1,2,0,3,1,1,5,1,5,5,5,5,3,4,7,6,3,9,4,6,6,4,5,8,7,6,6,5,8,5,8,8,5,7,8,9,12,8,12,9,10,8,9,10,11,5,12,7,7,8,4,4,7,8,10,6,8,5,6,2,6,4,4,6,3,5,5,3,9,4,3,6,2,2,1,6,4,2,3,3,1,1,2,3,0,1,1,4,1,1,2,1,3,1,1,2,2,0,0,0,1,0,0,0,0,0,1,0,0,1,2,0,0,1,1,1,0,0,0,0,1,0,0,0,0,0,0,0,0,0,0,0,0,0,0,0,0,0,0,0,0,0,0,0,0,0,0,0,0,0,0,0,0,0,0,0,0,0,0,0,0,0,0,0,0,0,0,0,0,0,0,0,0,0,0,0,0
0,0,0,0,0,0,0,0,0,0,0,1,0,0,0,1,0,0,1,0,1,1,1,0,4,4,1,1,3,3,9,2,2,4,3,3,5,5,8,5,9,2,8,6,11,10,4,8,7,10,7,12,11,12,6,10,10,5,13,6,12,14,10,10,11,11,11,6,10,10,6,9,12,6,5,3,7,8,11,2,6,4,10,3,6,6,6,11,6,5,3,2,3,6,3,6,5,5,4,4,0,2,0,2,7,1,2,2,0,1,1,1,0,4,2,1,0,2,0,0,2,0,0,1,0,2,0,0,1,0,0,0,1,0,0,1,0,0,0,0,0,1,0,0,1,0,0,0,0,0,0,0,0,0,0,0,0,0,0,0,0,0,0,0,0,0,0,0,0,0,0,0,0,0,0,0,0,0,0,0,0,0,0,0,0,0,0,0,0,0,0,0,0,0,0,0,0,0,0,0
0,0,1,1,0,0,0,0,0,0,0,0,1,0,0,2,1,2,0,0,2,1,1,1,0,1,1,1,5,4,1,5,1,5,8,2,4,2,7,7,4,3,11,7,15,1,4,8,9,6,11,10,8,13,7,7,7,7,5,11,10,14,8,8,12,9,10,9,4,8,3,3,3,1,10,4,6,8,3,4,10,6,4,5,6,4,3,2,7,4,4,7,5,0,6,4,5,1,0,1,3,4,1,3,3,3,2,0,0,1,5,3,0,1,2,1,2,2,1,1,0,0,0,0,0,0,0,0,1,0,0,1,0,0,0,0,0,1,0,0,0,1,0,0,0,0,0,0,0,0,0,0,0,0,0,0,0,0,0,0,0,0,0,0,0,0,0,0,0,0,0,0,0,0,0,0,0,0,0,0,0,0,0,0,0,0,0,0,0,0,0,0,0,0,0,0,0,0,0,0
0,0,0,0,0,2,0,0,0,0,0,0,0,0,1,2,1,0,2,2,2,3,0,1,1,1,3,3,2,4,3,3,5,3,3,2,1,8,6,8,6,7,5,9,6,5,8,9,6,8,6,6,10,6,10,9,6,7,6,7,11,5,6,8,12,8,5,15,3,6,6,8,4,9,8,6,5,4,5,6,2,3,4,4,5,2,3,5,5,3,6,5,8,2,4,2,4,2,1,0,5,2,1,0,1,6,2,0,1,0,2,2,0,1,2,0,0,0,0,1,1,1,2,4,0,0,1,1,0,1,0,0,0,0,0,0,0,1,0,0,1,0,0,0,0,0,0,0,0,0,0,0,0,0,0,0,0,0,0,0,0,0,0,0,0,0,0,0,0,0,0,0,0,0,0,0,0,0,0,0,0,0,0,0,0,0,0,0,0,0,0,0,0,0,0,0,0,0,0,0
1,0,0,0,0,0,0,1,0,0,0,0,0,1,0,2,2,1,1,1,0,1,0,1,3,2,1,2,2,4,3,2,4,3,4,8,5,4,8,4,8,3,2,5,7,6,2,5,9,5,6,6,4,5,8,9,7,12,10,8,15,9,9,5,2,13,12,7,12,6,3,9,6,8,11,7,10,3,7,6,6,8,9,5,1,7,9,1,5,7,3,2,4,1,4,1,4,2,5,4,0,2,1,3,1,4,1,4,1,2,2,2,1,1,0,2,2,1,1,1,0,1,1,0,1,0,0,1,1,1,2,0,1,0,1,0,0,0,1,0,0,0,0,0,0,0,0,0,1,0,0,0,0,0,0,0,0,0,0,0,0,0,0,0,0,0,0,0,0,0,0,0,0,0,0,0,0,0,0,0,0,0,0,0,0,0,0,0,0,0,0,0,0,0,0,0,0,0,0,0
0,0,1,0,0,0,1,1,1,0,1,1,0,0,0,2,0,2,1,0,0,3,3,1,1,3,1,3,2,1,6,1,8,1,6,3,0,4,3,2,4,5,3,2,7,9,6,3,6,2,7,9,5,4,5,11,9,6,11,9,6,5,8,4,7,6,4,7,2,7,3,5,7,1,4,6,7,3,5,7,2,3,4,4,2,5,3,5,3,3,1,3,5,2,4,3,1,1,2,4,0,0,1,1,1,3,3,2,3,0,1,2,2,3,0,0,1,1,1,0,0,0,1,0,1,1,1,1,0,0,1,0,0,0,0,0,0,0,1,0,0,0,1,0,0,0,0,0,0,0,0,0,0,0,0,0,0,0,0,0,0,0,0,0,0,0,0,0,0,0,0,0,0,0,0,0,0,0,0,0,0,0,0,0,0,0,0,0,0,0,0,0,0,0,0,0,0,0,0,0
1,0,0,0,0,0,0,1,0,0,0,0,2,0,0,0,1,1,1,2,1,1,1,1,2,1,2,1,2,2,2,0,2,5,4,1,4,5,3,3,5,3,6,3,6,5,6,9,8,4,3,9,5,4,3,11,7,1,8,7,6,10,10,7,4,8,6,4,7,4,6,4,5,6,4,4,6,4,7,7,7,8,7,8,4,4,8,3,5,2,3,3,3,3,3,2,4,1,2,2,0,1,4,1,4,3,1,2,2,0,1,0,0,1,1,1,0,2,1,0,1,0,0,0,0,1,2,0,0,0,1,0,1,0,0,0,0,0,1,0,0,0,0,0,0,0,1,0,0,0,0,0,0,0,0,0,0,0,0,0,0,0,0,0,0,0,0,0,0,0,0,0,0,0,0,0,0,0,0,0,0,0,0,0,0,0,0,0,0,0,0,0,0,0,0,0,0,0,0,0
0,0,0,0,0,0,0,1,0,0,0,0,1,0,0,0,0,1,2,0,1,1,2,2,1,3,2,0,1,7,0,2,1,4,4,6,1,4,3,2,3,5,8,3,11,11,3,7,8,7,8,5,9,4,5,13,7,2,11,13,9,8,10,6,15,4,12,6,5,6,7,2,5,7,4,5,4,6,3,3,5,7,6,6,7,4,4,4,1,1,5,4,2,0,4,1,8,3,1,2,1,4,2,1,3,0,0,1,2,1,0,0,2,0,0,3,0,2,1,1,1,0,0,1,0,0,0,0,1,1,0,0,0,0,0,0,0,2,0,0,0,0,0,0,0,2,0,0,0,0,0,0,0,0,0,0,0,0,0,0,0,0,0,0,0,0,0,0,0,0,0,0,0,0,0,0,0,0,0,0,0,0,0,0,0,0,0,0,0,0,0,0,0,0,0,0,0,0,0,0
1,0,0,0,0,0,0,0,0,0,0,0,0,0,0,1,1,0,0,0,1,2,0,2,2,1,2,1,1,1,2,3,0,0,5,3,7,7,4,11,2,3,3,1,12,4,6,4,2,5,10,7,2,12,8,5,6,8,5,10,8,3,7,12,6,11,4,11,7,9,3,7,6,4,6,8,5,5,5,8,3,5,1,1,2,2,1,10,3,1,3,4,3,2,1,1,5,2,1,5,4,1,1,2,1,2,1,1,2,0,1,1,1,1,1,0,1,0,1,1,0,0,1,1,0,0,1,0,0,0,1,0,1,0,0,0,0,0,1,0,0,0,0,0,0,0,0,0,0,0,0,0,0,0,0,0,0,0,0,0,0,0,0,0,0,0,0,0,0,0,0,0,0,0,0,0,0,0,0,0,0,0,0,0,0,0,0,0,0,0,0,0,0,0,0,0,0,0,0,0
0,0,0,0,0,0,0,0,2,0,0,0,1,0,0,0,0,1,1,2,2,1,3,1,0,3,2,1,1,5,4,4,4,1,3,5,1,2,2,3,5,0,6,5,3,6,4,2,2,1,7,6,3,10,8,8,7,3,2,7,2,3,8,7,5,4,1,8,5,5,4,9,6,3,6,6,3,5,3,4,5,4,6,4,5,5,4,2,0,4,2,2,2,0,2,5,4,2,0,1,4,1,1,0,1,4,2,1,3,1,1,1,1,0,2,1,1,1,0,0,0,0,1,0,0,0,0,2,0,1,0,0,0,0,0,0,0,0,0,0,1,0,0,0,0,1,0,1,0,0,0,1,0,0,0,0,0,0,0,0,0,0,0,0,0,0,0,0,0,0,0,0,0,0,0,0,0,0,0,0,0,0,0,0,0,0,0,0,0,0,0,0,0,0,0,0,0,0,0,0
0,0,0,0,0,0,0,0,1,0,1,0,1,0,1,0,2,0,2,1,0,1,0,1,1,4,0,2,2,4,1,0,3,3,0,4,3,2,5,5,7,5,6,6,6,8,4,3,8,2,5,8,4,5,4,4,7,8,4,8,6,5,8,4,5,6,8,6,6,7,5,9,3,4,4,5,4,7,3,4,3,5,2,2,4,5,3,5,3,2,1,3,3,5,1,3,1,0,2,0,1,0,3,1,2,0,3,2,1,2,2,2,1,0,2,2,1,0,2,1,0,0,2,0,1,1,1,1,0,0,0,0,0,1,0,1,0,0,0,0,0,0,0,0,0,1,0,0,0,0,0,0,0,0,0,0,0,0,0,0,0,0,0,0,0,0,1,0,0,0,0,0,0,0,0,0,0,0,0,0,0,0,0,0,0,0,0,0,0,0,0,0,0,0,0,0,0,0,0,0
0,1,0,0,0,0,0,0,1,0,0,0,1,0,0,0,1,0,1,0,2,1,0,0,0,0,0,0,4,0,2,1,4,1,3,2,4,7,3,3,2,3,2,7,4,6,3,3,1,7,6,8,2,6,6,5,3,7,10,6,10,9,13,12,5,3,4,8,5,4,5,4,2,7,6,5,8,3,9,6,4,3,5,2,6,3,2,5,4,0,2,1,4,3,1,0,1,2,0,4,2,2,0,3,0,0,1,0,0,2,0,1,2,1,0,0,0,1,1,3,1,1,0,0,0,0,0,0,0,0,0,0,0,0,0,0,0,0,0,0,0,0,0,0,1,0,0,0,0,1,0,0,0,0,0,0,0,0,0,0,0,0,0,0,0,0,0,0,0,0,0,0,0,0,0,0,0,0,0,0,0,0,0,0,0,0,0,0,0,0,0,0,0,0,0,0,0,0,0,0
0,0,0,0,0,0,0,0,0,0,1,0,0,0,0,3,0,0,0,0,3,0,3,1,1,2,2,2,0,6,1,3,2,1,1,3,1,3,2,4,2,4,12,2,3,4,6,2,4,6,8,12,3,7,6,6,3,4,6,7,4,4,3,4,8,6,5,6,2,8,9,4,3,8,6,1,8,5,11,2,8,2,3,6,1,3,4,1,2,0,2,3,3,2,2,1,3,3,0,0,2,1,4,1,2,3,1,2,2,0,1,1,0,2,0,0,0,0,1,0,0,0,1,1,0,2,2,0,2,0,1,0,0,1,0,0,0,0,1,0,0,0,0,0,0,1,0,0,0,0,0,0,0,0,0,0,0,0,0,0,0,0,0,0,0,0,0,0,0,0,0,0,0,0,0,0,0,0,0,0,0,0,0,0,0,0,0,0,0,0,0,0,0,0,0,0,0,0,0,0
0,0,0,0,0,0,0,0,0,0,0,0,1,0,0,0,0,0,1,0,0,3,0,0,1,0,1,1,1,3,2,5,3,3,2,6,1,4,2,3,0,3,4,2,3,6,9,4,3,5,4,7,3,7,6,11,9,6,8,8,4,3,6,5,7,7,5,10,5,4,4,5,4,6,0,9,3,2,3,7,8,4,2,5,1,3,1,5,4,4,2,3,3,2,3,0,1,1,1,1,1,1,1,2,1,2,2,1,1,3,1,1,1,0,0,0,2,2,0,0,0,0,0,0,0,0,0,0,0,0,1,0,0,1,0,0,0,0,0,0,0,0,0,0,0,0,0,0,0,0,0,0,0,0,1,0,0,0,0,0,0,0,0,1,0,0,0,0,0,0,0,0,0,0,0,0,0,0,0,0,0,0,0,0,0,0,0,0,0,0,0,0,0,0,0,0,0,0,0,0
0,0,0,0,0,0,1,0,1,0,0,0,2,0,0,0,0,0,1,0,2,4,2,1,0,1,1,3,0,5,1,3,0,2,6,1,0,3,5,4,4,3,8,3,4,4,10,9,3,6,4,6,4,6,5,6,10,2,3,5,5,6,4,8,6,6,9,6,1,7,7,4,4,7,7,4,3,4,2,6,5,3,3,2,0,4,2,2,2,2,4,4,1,1,2,4,0,2,1,1,2,2,0,1,0,1,1,0,0,2,1,0,1,1,2,0,0,1,2,1,0,1,1,1,0,0,0,1,0,1,0,0,2,0,0,1,0,0,0,1,0,0,0,0,0,0,0,0,0,0,0,0,0,0,0,0,0,0,0,0,0,0,0,0,0,0,0,0,0,0,0,0,0,0,0,0,0,0,0,0,0,0,0,0,0,0,0,0,0,0,0,0,0,0,0,0,0,0,0,0
0,0,0,0,0,0,0,2,0,0,0,0,0,0,0,1,0,0,0,2,0,1,0,0,0,2,2,3,2,1,2,2,2,1,3,2,3,4,5,4,1,2,6,7,6,2,4,5,6,3,5,6,9,8,6,5,13,5,0,6,14,8,5,5,5,3,8,5,3,7,7,6,6,4,3,5,2,5,3,0,5,0,1,4,5,1,5,3,1,1,3,1,3,2,3,0,2,2,4,2,3,0,1,1,1,1,1,2,3,1,1,0,1,0,2,1,0,0,0,1,0,0,0,0,0,2,0,0,0,1,1,0,0,1,0,1,0,0,0,0,0,0,1,0,0,0,0,0,0,0,0,0,0,0,0,0,0,0,0,0,0,0,0,0,0,0,0,0,0,0,0,0,0,0,0,0,0,0,0,0,0,0,0,0,0,0,0,0,0,0,0,0,0,0,0,0,0,0,0,0
0,1,0,0,0,0,0,0,1,0,0,0,0,0,0,0,0,1,0,1,0,2,2,2,1,1,0,0,0,1,2,0,1,2,4,4,4,4,4,2,9,2,2,0,3,4,1,8,4,3,5,6,3,6,3,5,7,4,7,6,4,6,9,6,4,9,5,9,6,6,7,9,3,3,5,7,8,9,9,3,7,5,2,5,1,3,0,2,1,2,5,1,2,2,4,4,2,1,3,1,1,1,2,2,2,1,0,0,1,1,4,2,1,3,0,3,2,0,1,0,2,0,0,0,0,0,1,0,0,0,0,0,1,0,1,0,0,0,0,0,0,0,0,0,0,1,0,0,0,0,0,0,0,0,0,0,0,0,0,0,0,0,0,0,0,0,1,0,0,0,0,0,0,0,0,0,0,0,0,0,0,0,0,0,0,0,0,0,0,0,0,0,0,0,0,0,0,0,0,0
0,0,0,0,0,0,0,0,0,0,0,0,1,0,1,1,1,1,0,2,0,2,2,1,1,1,0,1,3,3,1,0,2,2,1,3,5,2,3,1,5,2,4,2,2,4,3,4,5,7,9,7,12,5,7,9,6,3,5,10,5,11,5,5,2,2,2,9,8,4,2,9,6,8,4,5,5,4,6,5,4,3,6,4,2,3,1,3,5,2,1,4,3,1,0,3,1,0,0,3,2,0,2,1,2,0,1,1,1,0,0,1,1,0,1,0,2,0,0,2,0,0,0,1,0,1,1,0,1,0,1,0,1,0,0,0,0,0,1,0,0,0,0,0,0,0,0,0,0,0,0,0,0,0,0,0,0,0,0,0,0,0,0,0,0,0,0,0,0,0,0,0,0,0,0,0,0,0,0,0,0,0,0,0,0,0,0,0,0,0,0,0,0,0,0,0,0,0,0,0
0,0,1,0,0,0,0,0,1,1,1,0,1,0,0,0,0,0,0,0,0,1,0,0,1,0,0,2,2,1,0,1,1,2,1,2,6,1,4,0,4,5,5,1,3,2,6,8,6,4,9,8,2,8,7,3,8,7,7,5,4,13,8,3,5,7,2,2,7,2,7,7,4,4,6,5,4,7,5,4,3,7,2,1,4,4,4,3,1,1,5,5,1,2,2,1,3,1,2,1,4,3,2,0,3,1,0,1,0,1,2,1,0,0,0,0,1,0,0,1,1,0,1,0,2,0,0,0,0,0,0,0,0,0,0,0,0,0,0,0,0,0,0,1,0,0,0,0,0,0,0,0,0,0,0,0,0,0,0,0,0,0,0,0,0,0,0,0,0,0,0,0,0,0,0,0,0,0,0,0,0,0,0,0,0,0,0,0,0,0,0,0,0,0,0,0,0,0,0,0
0,0,0,0,0,0,0,0,1,0,0,0,0,1,0,0,1,0,2,1,0,0,1,0,1,1,0,1,1,1,1,0,3,1,4,3,0,7,6,1,4,2,3,3,5,6,4,8,4,4,3,4,5,6,7,4,5,10,4,9,5,3,0,6,5,3,4,4,4,4,2,1,5,4,3,1,6,1,2,6,3,2,2,3,6,3,1,0,2,1,2,0,2,4,2,2,0,3,2,0,2,1,3,2,0,0,0,3,1,1,0,1,2,1,1,0,0,2,1,1,2,0,0,1,0,0,0,1,0,0,0,0,0,1,0,0,1,0,0,0,0,0,0,0,0,0,0,0,0,0,0,0,0,0,0,0,0,0,0,0,0,0,0,0,0,0,0,0,0,0,0,0,0,0,0,0,0,0,0,0,0,0,0,0,0,0,0,0,0,0,0,0,0,0,0,0,0,0,0,0
0,1,1,0,0,0,0,1,0,0,1,0,1,0,0,0,0,0,1,1,1,1,0,1,1,2,0,1,1,1,2,0,1,2,4,3,2,3,1,3,1,2,6,1,8,6,2,6,4,6,5,2,4,3,4,3,5,4,4,5,7,7,11,12,2,6,6,7,10,7,5,3,3,3,3,3,7,4,6,1,4,4,4,4,3,2,2,3,2,0,4,2,1,3,2,3,1,1,3,1,2,1,3,1,1,0,0,1,0,0,1,1,0,0,0,1,1,0,0,0,0,0,1,0,0,0,0,0,0,0,0,0,0,0,0,0,1,0,0,0,0,0,0,0,0,0,0,0,0,0,1,0,0,0,0,0,0,0,0,0,0,0,0,0,0,0,0,0,0,0,0,0,0,0,0,0,0,0,0,0,0,0,0,0,0,0,0,0,0,0,0,0,0,0,0,0,0,0,0,0
0,0,0,0,0,0,0,0,0,0,0,0,1,0,0,1,1,0,0,1,0,1,0,1,0,2,1,0,0,1,2,1,2,4,3,3,4,4,5,4,3,6,3,5,7,1,4,2,3,4,5,3,1,6,3,5,4,4,8,6,1,6,6,0,4,6,5,4,6,3,3,2,2,1,5,1,4,4,6,1,1,4,3,7,2,0,2,2,2,1,5,5,0,4,0,1,0,4,2,2,0,1,0,3,2,1,2,0,0,0,0,1,3,0,1,0,0,0,0,0,0,0,1,0,1,1,1,0,0,0,0,0,0,1,1,1,0,0,0,0,0,0,0,0,0,0,0,0,0,1,0,0,0,0,0,0,0,0,0,0,0,0,0,0,0,0,0,0,0,0,0,0,0,0,0,0,0,0,0,0,0,0,0,0,0,0,0,0,0,0,0,0,0,0,0,0,0,0,0,0
0,0,0,0,0,0,0,0,0,0,0,0,1,0,0,0,1,1,2,0,0,2,0,0,0,2,0,2,1,0,1,0,0,2,2,3,3,2,5,2,4,4,2,4,5,4,3,4,5,5,5,8,3,4,6,5,8,4,6,5,6,7,6,5,4,3,5,7,2,2,7,6,4,5,2,3,6,4,4,7,6,1,6,3,4,2,2,3,0,1,4,6,3,1,1,0,2,3,3,0,0,0,0,0,0,1,2,1,0,1,1,0,1,0,0,0,0,0,1,0,0,0,0,0,0,0,0,0,0,0,0,0,0,0,0,0,0,0,0,0,0,0,0,0,0,0,0,0,0,0,0,0,0,0,0,0,0,0,0,0,0,0,0,0,0,0,0,0,0,0,0,0,0,0,0,0,0,0,0,0,0,0,0,0,0,0,0,0,0,0,0,0,0,0,0,0,0,0,0,0
0,0,0,0,0,0,0,0,0,0,0,0,1,0,0,0,0,0,0,2,1,0,0,1,0,0,1,4,0,0,3,0,2,3,4,3,2,2,3,2,4,2,5,2,4,4,4,7,3,2,2,3,6,4,5,3,5,8,5,4,3,8,6,5,3,6,4,5,2,3,5,6,5,5,3,7,2,0,3,2,1,6,4,6,0,2,2,4,3,0,2,3,3,1,2,2,5,1,0,1,1,0,0,0,0,1,0,0,1,0,1,0,1,0,1,0,1,0,0,0,0,0,1,0,0,0,0,0,0,0,0,1,0,0,1,0,0,0,0,0,0,0,0,0,0,0,0,0,0,0,0,1,0,0,0,0,0,0,0,0,0,0,0,0,0,0,0,0,0,0,0,0,0,0,0,0,0,0,0,0,0,0,0,0,0,0,0,0,0,0,0,0,0,0,0,0,0,0,0,0
1,0,0,0,0,0,0,0,0,0,0,0,1,0,0,1,0,0,2,1,1,0,0,0,0,4,0,3,1,3,1,2,1,0,2,1,4,3,2,3,3,0,2,2,4,6,3,5,4,2,5,11,5,6,7,2,3,8,4,6,2,5,3,4,3,2,2,4,7,3,4,6,2,2,7,5,6,5,5,1,3,4,1,0,1,3,2,3,4,2,3,1,2,3,1,3,3,2,0,2,0,2,0,2,0,1,3,0,0,0,1,0,0,0,1,0,0,0,0,1,0,0,1,0,0,0,0,1,0,0,0,0,0,1,0,0,0,0,1,0,0,0,0,0,0,1,0,0,0,0,0,0,0,0,0,0,0,0,0,0,0,0,0,0,0,0,0,0,0,0,0,0,0,0,0,0,0,0,0,0,0,0,0,0,0,0,0,0,0,0,0,0,0,0,0,0,0,0,0,0
0,0,0,0,0,0,0,1,0,0,0,0,1,0,0,3,1,0,0,1,0,0,0,1,1,0,0,0,2,4,1,0,0,1,1,0,1,3,0,4,2,4,1,2,3,5,2,6,3,6,4,3,7,2,4,7,2,3,8,2,3,8,2,5,7,4,2,3,4,1,1,5,4,6,4,6,1,6,1,3,2,1,2,4,3,2,2,1,1,2,3,0,0,2,0,1,1,0,1,0,1,3,2,2,0,0,0,1,2,0,0,0,0,0,1,0,0,1,1,1,0,1,1,0,0,0,0,0,0,0,0,0,0,0,0,0,0,0,0,0,0,0,0,0,0,0,0,0,0,0,0,0,0,0,0,0,0,0,0,0,0,0,0,0,0,0,0,0,0,0,0,0,0,0,0,0,0,0,0,0,0,0,0,0,0,0,0,0,0,0,0,0,0,0,0,0,0,0,0,0
0,0,1,0,0,0,0,0,0,0,0,0,1,0,0,0,0,0,1,0,0,1,1,0,0,0,2,2,0,4,0,2,3,1,4,1,3,5,0,2,6,0,4,1,4,5,7,3,2,7,8,6,3,5,4,10,3,5,6,10,2,2,4,3,8,6,2,2,2,6,3,4,3,3,6,5,3,4,2,0,4,1,2,1,1,3,5,2,1,3,3,2,2,1,2,1,2,3,2,0,2,1,0,0,1,3,0,2,1,1,2,2,0,0,0,1,0,0,0,0,0,0,1,0,0,1,0,1,0,1,0,0,1,0,0,0,0,0,0,0,0,0,0,0,0,0,0,1,0,0,0,0,0,0,0,0,0,0,0,0,0,0,0,0,0,0,0,0,0,0,0,0,0,0,0,0,0,0,0,0,0,0,0,0,0,0,0,0,0,0,0,0,0,0,0,0,0,0,0,0
0,0,0,0,0,0,0,0,0,0,0,0,0,0,0,0,1,0,0,1,1,1,1,0,0,2,0,2,1,0,0,1,2,3,1,2,2,1,0,0,1,4,4,4,7,2,5,2,7,2,4,4,7,3,3,7,1,3,5,2,3,4,0,7,5,6,5,2,6,1,2,3,7,3,0,6,2,5,6,2,1,2,1,2,0,4,2,3,5,2,1,1,0,4,0,0,1,2,0,2,0,1,1,2,1,1,1,1,1,0,1,0,0,0,0,0,1,1,0,0,0,0,0,0,0,1,0,1,0,1,0,0,0,0,0,0,0,0,0,0,0,0,0,0,0,0,0,0,0,0,0,0,0,0,0,0,0,0,0,0,0,0,0,0,0,0,0,0,0,0,0,0,0,0,0,0,0,0,0,0,0,0,0,0,0,0,0,0,0,0,0,0,0,0,0,0,0,0,0,0
0,0,0,0,0,0,0,0,0,0,1,0,1,0,2,0,0,0,1,0,0,0,0,1,2,0,0,2,0,1,0,3,1,0,0,0,3,1,9,1,2,0,4,4,2,6,4,2,2,3,2,5,3,8,2,5,6,2,6,5,0,3,4,4,7,4,3,8,2,3,2,5,2,4,0,3,2,1,3,2,1,2,2,4,0,0,3,2,1,1,2,1,3,5,2,1,2,1,3,2,0,0,0,2,0,3,1,0,2,0,1,0,0,1,2,0,1,0,0,1,0,0,0,0,0,2,2,1,0,0,0,0,0,1,0,0,0,0,0,0,0,0,0,0,1,0,0,0,0,0,0,0,0,0,0,0,0,0,0,0,0,0,0,0,0,0,0,0,0,0,0,0,0,0,0,0,0,0,0,0,0,0,0,0,0,0,0,0,0,0,0,0,0,0,0,0,0,0,0,0
0,0,0,0,0,0,0,0,0,0,0,0,0,0,1,0,0,0,0,0,0,0,1,0,1,0,1,0,2,0,0,1,1,1,0,2,5,8,2,2,3,2,2,3,4,3,1,4,3,3,4,2,2,5,2,7,3,3,0,7,1,4,1,1,2,1,3,3,1,3,4,2,2,2,4,2,2,3,2,4,1,5,2,1,3,1,3,3,0,2,1,0,2,1,2,1,2,3,1,1,1,0,1,1,1,1,2,2,1,0,0,1,1,0,1,0,1,0,0,0,0,0,0,0,0,0,0,0,0,0,0,0,1,0,0,0,0,0,0,0,0,0,0,0,0,0,0,0,0,0,0,0,0,0,0,0,0,0,0,0,0,0,0,0,0,0,0,0,0,0,0,0,0,0,0,0,0,0,0,0,0,0,0,0,0,0,0,0,0,0,0,0,0,0,0,0,0,0,0,0
0,0,0,0,0,0,0,0,0,0,1,0,0,1,0,0,1,0,0,1,0,0,2,2,0,1,1,0,1,7,0,3,2,1,2,1,2,3,3,4,1,1,4,6,5,3,4,4,3,3,1,1,2,3,4,8,4,2,4,9,4,4,4,3,0,3,4,2,3,5,2,4,5,2,6,3,3,2,2,3,3,1,2,1,3,2,3,7,0,0,2,1,3,3,0,0,3,4,1,2,1,1,0,4,1,1,1,3,0,1,1,1,0,1,0,0,1,0,0,0,1,0,1,0,0,0,0,1,0,1,0,0,0,0,0,0,0,1,0,0,0,0,0,0,0,0,0,0,0,0,0,0,0,0,0,0,0,0,0,0,0,0,0,0,0,0,0,0,0,0,0,0,0,0,0,0,0,0,0,0,0,0,0,0,0,0,0,0,0,0,0,0,0,0,0,0,0,0,0,0
0,0,0,0,0,0,0,0,0,0,0,0,0,0,0,1,0,0,1,1,1,0,1,0,2,1,1,1,0,1,2,2,2,2,4,0,3,5,4,0,2,2,1,2,0,3,5,3,7,4,2,3,2,4,2,3,2,4,6,6,5,4,1,2,2,2,4,5,5,3,4,5,5,6,6,3,3,5,1,0,2,4,2,2,1,1,3,2,1,1,3,1,1,2,2,0,1,0,0,0,1,1,1,1,0,3,0,2,0,0,2,1,0,0,0,1,1,0,0,0,0,0,0,0,0,0,0,0,0,0,0,0,1,0,0,0,0,0,0,0,0,0,0,0,0,0,0,0,0,0,0,0,0,0,0,0,0,0,0,0,0,0,0,0,0,0,0,0,0,0,0,0,0,0,0,0,0,0,0,0,0,0,0,0,0,0,0,0,0,0,0,0,0,0,0,0,0,0,0,0
0,0,0,0,0,0,0,0,0,0,0,0,0,0,0,0,0,0,0,1,1,0,1,0,0,1,0,0,0,0,1,3,0,1,1,2,2,3,1,2,5,0,2,4,2,2,0,3,2,2,7,1,7,5,4,5,3,1,3,4,4,5,5,5,4,2,2,5,2,5,5,2,2,3,4,5,7,1,3,5,4,5,3,1,2,2,2,2,2,1,1,1,1,2,0,0,0,0,2,0,0,0,0,1,2,0,1,0,0,1,0,0,1,0,0,0,0,0,0,0,0,0,0,0,0,0,0,1,0,0,0,1,0,0,2,0,0,0,0,0,0,0,0,0,0,0,0,0,0,0,0,0,0,0,0,0,0,0,0,0,0,0,0,0,0,0,0,0,0,0,0,0,0,0,0,0,0,0,0,0,0,0,0,0,0,0,0,0,0,0,0,0,0,0,0,0,0,0,0,0
0,0,0,0,0,0,0,0,0,0,1,0,0,0,0,1,0,1,4,0,1,1,1,1,1,0,2,0,1,2,0,1,3,1,1,4,3,1,1,2,2,2,2,1,6,2,8,0,4,0,2,2,3,2,3,5,4,5,1,4,2,2,2,1,4,2,5,2,5,4,2,5,4,3,4,2,2,4,4,6,2,2,2,3,0,3,6,0,0,1,1,2,0,1,1,0,3,1,4,0,1,0,2,0,1,2,0,0,0,1,0,1,0,1,0,0,0,0,0,0,0,0,0,0,0,0,0,0,0,0,1,0,0,0,0,0,0,2,0,0,1,0,1,0,0,0,0,0,0,0,0,0,0,0,0,0,0,0,0,0,0,0,0,0,0,0,0,0,0,0,0,0,0,0,0,0,0,0,0,0,0,0,0,0,0,0,0,0,0,0,0,0,0,0,0,0,0,0,0,0
0,1,0,0,0,0,0,0,0,0,0,0,0,0,0,1,0,0,0,0,0,0,2,0,0,2,0,2,0,1,2,1,2,1,2,1,3,2,0,0,2,1,2,3,0,3,4,2,3,7,6,7,3,1,3,3,2,6,6,4,3,3,4,7,4,2,5,1,3,3,1,3,1,5,4,7,4,2,4,2,2,1,2,3,1,2,1,4,1,1,0,1,3,1,3,0,0,2,2,0,2,1,1,0,1,0,0,1,1,0,2,1,0,2,0,0,0,0,0,0,1,1,0,0,0,0,0,0,0,0,0,0,0,0,0,0,0,0,0,0,0,0,0,0,0,0,0,0,0,0,0,0,0,0,0,0,0,0,0,0,0,0,0,0,0,0,0,0,0,0,0,0,0,0,0,0,0,0,0,0,0,0,0,0,0,0,0,0,0,0,0,0,0,0,0,0,0,0,0,0
0,0,0,0,0,0,0,0,0,0,0,0,0,0,1,0,0,0,0,0,1,2,0,0,1,1,0,2,2,2,0,1,0,3,2,1,0,3,3,6,2,2,2,1,3,3,4,5,3,0,10,8,3,3,3,4,3,6,3,3,2,2,7,2,3,7,2,3,3,0,3,6,7,9,5,1,1,3,0,1,4,3,2,6,2,3,1,1,2,0,2,1,4,0,0,2,2,0,1,1,0,1,0,0,2,1,1,0,1,1,0,0,1,0,1,0,0,1,0,0,1,1,0,0,0,0,0,0,0,1,0,0,1,0,0,0,0,0,1,0,0,0,0,0,1,0,0,0,0,0,0,0,0,0,0,0,0,0,0,0,0,0,0,0,0,0,0,0,0,0,0,0,0,0,0,0,0,0,0,0,0,0,0,0,0,0,0,0,0,0,0,0,0,0,0,0,0,0,0,0
0,0,0,0,0,0,0,0,0,0,0,0,0,0,0,0,0,1,0,1,0,0,1,1,0,2,4,0,0,1,1,0,0,0,2,0,4,2,1,2,1,0,1,6,3,3,4,1,1,3,4,6,4,8,5,1,3,8,4,2,1,0,3,2,3,2,0,2,2,2,3,2,4,4,5,3,2,2,2,3,2,1,2,1,1,1,5,2,3,2,3,2,2,1,1,0,2,2,1,1,0,0,1,0,1,0,1,1,1,0,0,0,0,0,0,0,0,0,0,1,0,0,0,0,1,0,0,0,0,0,0,0,1,0,0,0,1,0,0,0,1,0,0,0,0,0,0,0,0,0,0,0,0,0,0,0,0,0,0,0,0,0,0,0,0,0,0,0,0,0,0,0,0,0,0,0,0,0,0,0,0,0,0,0,0,0,0,0,0,0,0,0,0,0,0,0,0,0,0,0
0,0,0,0,0,0,0,0,0,0,0,0,0,1,0,0,0,0,0,0,0,0,0,2,0,0,2,3,0,2,1,2,1,0,4,1,3,0,2,1,2,3,1,6,2,5,0,2,2,4,1,4,2,3,1,2,6,3,5,1,5,4,4,4,1,3,4,0,2,6,5,4,6,3,4,1,3,0,2,3,1,0,1,2,2,2,0,1,1,3,0,0,2,0,1,1,4,1,1,0,1,2,0,0,3,0,0,1,0,0,1,0,1,1,2,1,0,0,0,0,2,1,1,0,0,0,0,1,1,1,0,0,0,0,0,0,0,0,1,0,0,0,0,0,0,0,0,0,0,0,0,0,0,0,0,0,0,0,0,0,0,0,0,0,0,0,0,0,0,0,0,0,0,0,0,0,0,0,0,0,0,0,0,0,0,0,0,0,0,0,0,0,0,0,0,0,0,0,0,0
0,0,0,0,0,0,0,0,0,0,0,0,0,0,1,1,0,0,0,0,1,1,0,1,0,2,0,1,0,1,0,3,1,1,0,0,4,1,3,1,3,1,1,3,4,1,5,2,1,2,3,6,5,5,2,4,3,1,1,3,2,3,1,2,1,4,6,2,1,3,2,3,3,1,3,5,4,5,1,4,0,3,3,1,2,0,3,0,1,0,2,0,2,0,1,1,3,1,0,0,1,0,0,1,0,0,2,2,0,1,0,1,0,1,0,1,0,1,1,0,0,0,0,0,0,1,1,0,0,0,0,0,3,0,0,0,0,0,0,0,0,0,0,0,0,0,0,0,0,0,0,0,0,0,0,0,0,0,0,0,0,0,0,0,0,0,0,0,0,0,0,0,0,0,0,0,0,0,0,0,0,0,0,0,0,0,0,0,0,0,0,0,0,0,0,0,0,0,0,0
0,0,0,0,0,0,0,0,1,0,0,0,0,0,1,0,0,0,0,1,1,0,2,1,1,0,1,1,2,2,1,2,1,0,3,1,1,1,1,2,1,0,4,2,3,0,1,3,4,4,2,2,2,0,1,3,3,5,1,6,7,5,4,1,1,2,0,5,4,1,3,5,6,3,2,4,5,3,2,1,6,2,0,3,1,0,1,3,4,0,0,2,0,3,0,1,2,0,2,0,0,1,0,0,0,1,0,1,0,1,2,0,2,0,1,0,0,0,0,0,1,0,0,0,1,0,0,0,2,0,0,0,0,0,1,0,0,0,0,0,0,0,0,0,0,0,0,0,0,0,0,0,0,0,0,0,0,0,0,0,0,0,0,0,0,0,0,0,0,0,0,0,0,0,0,0,0,0,0,0,0,0,0,0,0,0,0,0,0,0,0,0,0,0,0,0,0,0,0,0
0,0,0,0,0,0,0,0,0,0,0,0,1,0,0,0,0,0,0,1,2,0,0,0,0,0,0,0,0,0,0,2,1,2,2,2,0,3,4,2,1,5,4,4,2,5,8,2,4,5,5,1,1,6,2,0,2,2,2,1,3,4,5,5,1,2,1,4,2,4,1,1,1,1,4,0,2,2,2,2,0,0,1,2,0,0,1,1,0,2,1,1,1,0,1,0,2,2,1,0,0,2,0,0,0,0,1,0,0,0,1,0,0,0,0,0,2,0,0,0,0,0,0,0,0,0,0,1,0,0,1,0,0,1,0,0,0,0,0,0,0,0,0,0,0,0,0,0,0,0,0,0,0,0,0,0,0,0,0,0,0,0,0,0,0,0,0,0,0,0,0,0,0,0,0,0,0,0,0,0,0,0,0,0,0,0,0,0,0,0,0,0,0,0,0,0,0,0,0,0
0,0,0,0,0,0,0,0,0,0,0,0,1,0,1,0,0,1,2,0,0,0,0,0,0,4,0,1,0,0,0,4,2,0,1,1,0,3,4,5,4,2,2,1,1,2,2,4,2,0,1,5,4,3,4,3,2,1,2,1,3,6,3,2,2,2,6,0,5,1,4,4,8,1,5,1,4,3,4,2,3,2,2,3,1,1,2,2,0,2,4,3,0,0,1,0,2,1,0,1,0,1,0,0,0,0,0,1,1,1,0,2,1,0,1,0,1,0,0,0,2,0,0,0,0,0,0,0,1,0,0,1,0,0,0,0,0,0,1,0,0,0,0,0,0,0,0,0,0,0,0,0,0,0,0,0,0,0,0,0,0,0,0,0,0,0,0,0,0,0,0,0,0,0,0,0,0,0,0,0,0,0,0,0,0,0,0,0,0,0,0,0,0,0,0,0,0,0,0,0
0,0,0,0,0,0,0,0,0,0,0,0,0,0,0,1,0,0,0,0,1,0,1,0,0,1,1,1,1,1,1,0,3,0,0,1,1,2,0,0,3,5,10,2,3,3,3,2,0,5,1,1,6,2,3,4,6,1,6,1,0,0,2,5,3,5,3,2,1,5,3,2,1,3,0,1,1,4,4,1,0,3,0,0,1,2,1,2,3,1,1,1,0,0,1,0,1,1,3,0,0,0,1,0,0,2,0,0,1,0,1,0,1,0,0,0,0,0,0,1,0,0,0,0,0,1,0,0,0,0,0,0,0,0,0,0,0,1,0,0,0,0,0,0,0,0,0,0,0,0,0,0,0,0,0,0,0,0,0,0,0,0,0,0,0,0,0,0,0,0,0,0,0,0,0,0,0,0,0,0,0,0,0,0,0,0,0,0,0,0,0,0,0,0,0,0,0,0,0,0
0,0,0,0,0,0,0,0,0,0,0,0,0,0,0,1,0,0,2,0,0,1,0,0,0,0,1,2,0,0,1,1,0,2,1,4,0,2,2,4,2,4,4,2,4,1,4,1,1,2,7,1,0,0,2,1,3,2,4,3,1,3,3,6,5,3,2,3,3,4,0,2,2,3,2,2,2,1,2,2,0,3,3,0,0,2,2,2,4,0,2,0,1,2,0,1,1,0,0,1,0,1,2,0,1,0,2,0,0,0,2,0,0,0,1,0,0,0,1,0,0,0,1,0,0,0,0,0,0,0,0,0,0,0,0,0,0,0,0,0,0,0,0,0,0,1,0,0,0,0,0,0,0,0,0,0,0,0,0,0,0,0,0,0,0,0,0,0,0,0,0,0,0,0,0,0,0,0,0,0,0,0,0,0,0,0,0,0,0,0,0,0,0,0,0,0,0,0,0,0
0,0,0,0,0,0,0,0,0,0,1,0,0,0,0,0,0,0,1,0,0,1,2,1,0,0,2,0,0,1,0,0,4,1,0,0,1,1,3,2,1,3,3,0,2,3,2,4,1,2,3,5,2,3,1,3,1,1,4,2,3,5,3,4,3,3,6,8,3,1,3,2,2,3,0,3,3,0,1,0,2,0,0,2,2,4,3,1,2,1,2,0,2,1,1,0,0,0,1,0,1,0,0,0,0,1,1,0,1,0,1,1,0,0,2,0,0,0,0,3,0,0,0,0,0,0,0,0,0,0,0,0,0,1,0,0,0,0,0,0,0,0,0,0,0,0,0,0,0,0,0,0,0,0,0,0,0,0,0,0,0,0,0,0,0,0,0,0,0,0,0,0,0,0,0,0,0,0,0,0,0,0,0,0,0,0,0,0,0,0,0,0,0,0,0,0,0,0,0,0
0,0,0,0,0,0,0,0,1,0,0,0,0,0,0,0,0,0,0,0,0,1,1,1,0,1,1,0,0,0,1,3,2,0,1,0,3,2,2,3,2,1,2,1,5,1,3,4,1,2,2,0,4,2,6,5,1,1,6,5,3,3,3,5,1,2,4,4,2,1,1,2,4,2,2,2,1,2,4,1,1,1,0,3,1,3,2,1,1,0,0,2,0,0,1,0,2,1,0,0,1,1,0,0,0,0,1,0,0,1,1,0,2,0,0,0,0,0,1,1,0,0,0,0,0,0,0,0,0,0,0,0,0,0,0,0,0,0,0,0,0,0,0,0,0,0,0,0,0,0,0,0,0,0,0,0,0,0,0,0,0,0,0,0,0,0,0,0,0,0,0,0,0,0,0,0,0,0,0,0,0,0,0,0,0,0,0,0,0,0,0,0,0,0,0,0,0,0,0,0
0,0,0,0,0,0,1,0,0,1,0,0,0,0,0,0,1,0,1,0,1,1,0,0,0,0,0,0,1,3,2,2,0,2,0,0,0,6,1,1,2,1,0,0,2,2,3,5,1,3,3,4,1,2,1,4,1,4,6,2,6,2,1,3,4,1,2,2,2,1,6,1,2,1,1,1,2,0,1,3,0,2,1,1,0,3,0,1,0,1,3,0,1,2,2,2,0,1,0,1,0,0,1,0,0,0,2,0,0,0,0,0,0,1,0,0,0,1,0,0,0,1,0,0,1,0,0,0,1,1,0,0,0,0,0,0,0,0,0,0,0,0,0,0,0,0,0,0,0,0,0,0,0,0,0,0,0,0,0,0,0,0,0,0,0,0,0,0,0,0,0,0,0,0,0,0,0,0,0,0,0,0,0,0,0,0,0,0,0,0,0,0,0,0,0,0,0,0,0,0
0,0,0,0,0,0,0,0,0,0,0,0,0,0,0,0,0,0,0,1,0,2,2,0,0,0,0,0,2,0,0,0,0,0,4,0,1,0,1,1,3,2,2,0,6,1,3,4,2,2,3,4,3,0,3,1,0,4,5,3,5,3,3,2,2,3,3,3,5,5,3,1,1,1,2,0,1,0,1,3,3,2,1,1,2,3,0,2,1,1,1,1,2,2,0,0,1,1,0,0,1,0,0,0,1,1,0,0,0,0,1,0,2,0,0,0,0,0,0,0,0,0,0,0,0,0,0,0,0,0,0,0,1,0,0,0,0,0,0,0,0,0,0,0,0,0,0,0,0,0,0,0,0,0,0,0,0,0,0,0,0,0,0,0,0,0,0,0,0,0,0,0,0,0,0,0,0,0,0,0,0,0,0,0,0,0,0,0,0,0,0,0,0,0,0,0,0,0,0,0
0,0,0,0,0,0,0,0,0,0,0,0,0,0,0,0,1,1,0,0,2,1,0,2,0,0,0,2,1,1,0,0,1,0,1,2,1,1,1,4,6,1,0,2,3,3,1,7,3,3,0,3,4,4,2,2,3,3,2,1,1,0,6,6,5,4,2,5,5,1,4,2,0,1,3,0,4,3,0,0,1,2,2,0,1,0,3,2,4,2,0,0,1,1,1,0,1,0,1,2,1,1,1,1,1,0,3,0,1,0,0,0,0,0,0,0,0,0,0,0,0,0,0,0,0,0,0,0,1,0,0,0,0,0,0,0,0,0,0,0,0,0,0,0,0,0,0,0,0,0,0,0,0,0,0,0,0,0,0,0,0,0,0,0,0,0,0,0,0,0,0,0,0,0,0,0,0,0,0,0,0,0,0,0,0,0,0,0,0,0,0,0,0,0,0,0,0,0,0,0
0,0,0,0,0,0,0,0,1,0,0,0,1,0,0,0,0,0,0,0,0,1,0,0,1,0,1,0,1,0,2,0,1,3,0,0,5,1,2,2,0,1,2,2,2,6,3,4,1,5,2,2,3,5,2,3,1,1,3,3,1,3,2,2,4,4,6,3,1,5,2,0,2,3,2,1,3,3,3,0,1,2,1,0,0,1,4,0,0,1,0,2,0,2,1,5,1,0,2,1,0,0,1,0,1,1,0,1,0,0,1,0,0,0,1,0,1,0,0,0,1,0,2,1,0,1,0,0,0,0,0,0,0,0,0,0,0,0,0,0,0,0,1,0,0,0,0,0,0,0,0,0,0,0,0,0,0,0,0,0,0,0,0,0,0,0,0,0,0,0,0,0,0,0,0,0,0,1,0,0,0,0,0,0,0,0,0,0,0,0,0,0,0,0,0,0,0,0,0,0
0,0,0,0,0,0,0,0,0,0,0,1,0,0,0,0,1,0,1,0,1,0,0,0,1,0,1,2,3,1,1,0,1,1,0,0,1,1,1,2,1,3,3,0,1,2,2,1,2,1,3,1,0,6,1,3,1,5,3,4,4,1,1,2,2,2,3,0,0,4,3,0,2,3,2,0,2,1,3,3,2,3,0,1,1,0,3,1,0,1,0,1,4,0,0,0,1,2,0,0,0,0,0,2,0,0,0,0,0,1,0,1,0,0,1,0,0,0,0,0,0,0,0,0,0,1,0,0,0,0,0,0,0,0,0,0,0,0,0,0,0,0,0,0,0,0,0,0,0,0,0,0,0,0,0,0,0,0,0,0,0,0,0,0,0,0,0,0,0,0,0,0,0,0,0,0,0,0,0,0,0,0,0,0,0,0,0,0,0,0,0,0,0,0,0,0,0,0,0,0
0,0,0,0,0,0,0,0,0,0,0,0,0,0,1,0,1,2,0,0,0,0,0,1,1,1,1,0,0,1,1,2,1,0,0,0,0,0,0,0,2,3,0,1,2,2,5,2,3,1,0,3,2,2,1,1,2,2,2,3,6,1,1,2,2,2,2,3,4,2,2,3,1,1,1,2,2,1,2,4,2,1,1,0,1,0,1,0,0,1,0,1,2,1,2,0,0,0,2,0,0,0,0,2,0,1,0,0,1,1,0,0,1,1,0,0,1,1,0,0,1,0,0,0,0,0,0,2,0,0,0,0,0,1,0,0,0,0,0,0,0,0,0,0,0,0,1,0,0,0,0,0,0,0,0,0,0,0,0,0,0,0,0,0,0,0,0,0,0,0,0,0,0,0,0,0,0,0,0,0,0,0,0,0,0,0,0,0,0,0,0,0,0,0,0,0,0,0,0,0
0,0,0,0,0,0,0,1,0,0,0,0,0,0,0,0,1,0,0,0,0,0,0,0,0,0,1,1,2,0,2,0,0,0,4,0,1,0,2,1,2,2,2,0,2,2,3,2,2,5,2,1,2,3,2,2,2,0,0,3,1,1,2,2,2,2,2,3,5,4,0,2,0,0,3,1,2,5,1,1,3,0,1,2,1,0,1,1,2,2,4,0,1,0,1,0,1,2,0,0,0,0,0,1,2,0,2,1,1,0,0,0,0,0,0,0,0,0,0,0,0,0,0,0,0,0,0,0,0,1,0,0,0,0,0,0,0,0,0,0,0,0,0,0,0,0,0,0,0,0,0,0,0,0,0,0,0,0,0,0,0,0,0,0,0,0,0,0,0,0,0,0,0,0,0,0,0,0,0,0,0,0,0,0,0,0,0,0,0,0,0,0,0,0,0,0,0,0,0,0
0,0,0,0,0,0,0,0,0,0,0,0,1,0,1,0,0,0,1,1,0,0,0,0,2,0,0,0,1,2,0,1,0,1,0,1,1,3,0,2,2,0,6,1,0,3,0,4,1,3,2,5,4,1,1,2,2,2,3,2,3,2,2,4,4,6,2,1,2,1,2,8,0,1,4,1,0,2,1,2,2,2,3,1,1,1,1,1,1,1,1,2,1,0,1,1,1,0,0,0,0,0,0,0,0,0,1,0,0,0,0,0,1,0,0,0,0,0,0,0,0,0,1,0,0,0,0,0,0,0,0,0,0,0,0,0,0,0,0,0,0,0,0,0,0,0,0,0,0,0,0,0,0,0,0,0,1,0,0,0,0,0,0,0,0,0,0,0,0,0,0,0,0,0,0,0,0,0,0,0,0,0,0,0,0,0,0,0,0,0,0,0,0,0,0,0,0,0,0,0
0,0,0,0,0,0,0,0,0,0,0,0,0,0,1,0,0,0,1,0,0,0,0,0,0,0,1,0,0,1,1,1,1,2,0,0,0,4,3,1,0,1,2,2,4,1,1,1,1,1,1,3,2,5,3,3,2,2,2,4,1,2,3,2,5,4,2,2,1,2,2,0,3,1,1,2,0,2,1,1,1,5,3,1,1,2,2,0,1,0,0,3,0,1,1,0,0,2,0,0,0,1,0,0,1,0,0,0,0,0,0,0,0,0,0,1,1,0,0,0,0,0,0,0,0,0,0,0,0,0,0,0,0,0,0,0,0,0,0,0,0,0,0,0,0,0,0,0,0,0,0,0,0,0,0,0,0,0,0,0,0,0,0,0,0,0,0,0,0,0,0,0,0,0,0,0,0,0,0,0,0,0,0,0,0,0,0,0,0,0,0,0,0,0,0,0,0,0,0,0
0,0,0,0,0,0,0,0,0,0,0,0,0,0,0,0,0,0,1,1,0,0,1,0,0,0,1,0,0,0,1,1,1,1,2,0,1,0,0,3,0,1,0,0,1,2,0,3,5,1,0,0,2,3,1,1,1,1,2,0,5,2,4,4,4,1,1,4,2,0,4,3,2,2,3,3,3,2,2,1,0,1,1,1,1,0,1,3,2,2,1,1,1,1,2,1,0,0,1,0,0,0,2,1,0,1,0,0,0,0,0,1,0,0,1,0,1,0,0,1,1,0,0,0,1,0,0,1,0,0,0,0,0,0,0,0,0,0,0,0,0,0,0,0,0,0,0,0,0,0,0,0,0,0,0,0,0,0,0,0,0,0,0,0,0,0,0,0,0,0,0,0,0,0,0,0,0,0,0,0,0,0,0,0,0,0,0,0,0,0,0,0,0,0,0,0,0,0,0,0
0,0,0,0,0,0,0,0,0,0,0,0,0,0,0,0,0,0,0,1,0,0,0,1,0,1,1,2,0,1,1,0,2,1,2,0,0,2,0,3,0,1,3,2,1,6,0,0,2,4,1,1,0,5,4,1,0,2,1,1,0,1,3,0,0,2,2,0,3,4,0,1,1,1,1,1,0,0,0,2,3,2,1,2,1,1,3,2,0,0,0,1,1,4,1,1,0,0,0,0,0,0,0,0,0,0,1,1,1,0,0,0,0,0,0,0,0,0,0,0,0,0,0,0,1,0,0,0,0,0,0,0,0,0,0,0,0,0,0,0,0,0,0,0,1,0,0,0,0,0,0,0,0,0,0,0,0,0,0,0,0,0,0,0,0,0,0,0,0,0,0,0,0,0,0,0,0,0,0,0,0,0,0,0,0,0,0,0,0,0,0,0,0,0,0,0,0,0,0,0
0,0,0,0,0,0,1,0,0,0,0,0,0,0,0,0,0,0,0,1,0,0,1,0,1,0,1,0,1,0,0,0,2,0,0,0,1,0,1,1,1,4,0,0,1,3,1,2,3,0,4,4,4,1,1,3,4,0,2,1,3,1,5,2,1,3,0,1,1,3,0,1,4,0,2,2,2,2,2,3,2,0,1,1,2,0,2,2,0,0,1,0,0,1,0,0,1,0,1,1,1,1,0,0,0,0,0,1,0,0,0,0,0,0,0,0,0,0,0,0,0,0,0,0,0,0,0,0,0,0,0,0,0,0,0,0,0,0,0,0,0,0,0,0,0,0,0,0,0,0,0,0,0,0,0,0,0,0,0,0,0,0,0,0,0,0,0,0,0,0,0,0,0,0,0,0,0,0,0,0,0,0,0,0,0,0,0,0,0,0,0,0,0,0,0,0,0,0,0,0
0,0,0,0,0,0,0,0,0,0,0,0,0,1,0,0,0,0,0,0,0,0,0,0,0,0,0,0,0,2,0,1,0,1,1,1,0,3,1,1,2,2,1,0,0,1,1,1,1,1,2,2,0,2,3,5,2,3,2,2,2,1,1,6,2,0,1,2,1,0,1,1,1,1,1,2,3,0,2,0,3,1,0,0,2,2,2,0,2,2,4,0,0,0,2,0,1,1,2,1,0,0,0,0,0,1,0,0,0,0,1,0,0,0,0,0,0,2,1,0,0,0,0,0,0,0,0,0,0,0,0,0,0,0,0,0,0,0,0,0,0,0,0,0,0,1,0,0,0,0,0,0,0,0,0,0,0,0,0,0,0,0,0,0,0,0,0,0,0,0,0,0,0,0,0,0,0,0,0,0,0,0,0,0,0,0,0,0,0,0,0,0,0,0,0,0,0,0,0,0
0,0,0,0,0,0,0,0,0,0,0,0,0,0,0,0,0,0,0,0,1,0,1,1,0,0,0,0,1,0,3,0,1,0,1,3,0,1,0,2,0,2,5,0,0,2,1,0,0,1,1,2,1,1,2,0,3,0,0,1,3,5,0,0,0,3,2,2,1,3,0,1,1,0,2,4,1,4,4,0,0,0,1,2,1,1,0,0,0,0,0,0,0,0,1,0,0,0,1,1,0,0,0,0,0,0,0,0,2,1,0,0,0,0,0,0,1,0,0,0,2,1,0,0,0,0,0,0,0,0,0,0,0,0,0,0,0,0,0,0,0,0,0,0,0,0,0,0,0,0,0,0,0,0,0,0,0,0,0,0,0,0,0,1,0,0,0,0,0,0,0,0,0,0,0,0,0,0,0,0,0,0,0,0,0,0,0,0,0,0,0,0,0,0,0,0,0,0,0,0
0,0,0,0,0,0,0,0,0,0,1,0,0,0,0,0,0,0,0,0,0,1,0,0,0,0,1,0,0,2,1,0,2,0,0,2,0,0,4,2,0,2,2,1,0,0,0,2,2,0,1,2,2,1,1,1,2,2,1,1,1,3,4,4,1,2,0,1,1,3,3,0,0,1,2,3,1,2,0,1,1,1,3,0,2,1,0,0,0,0,2,1,1,1,0,0,1,1,1,0,0,0,1,0,0,0,1,0,0,0,1,1,0,0,0,0,1,1,0,0,0,0,0,0,0,0,0,0,0,0,0,0,0,0,0,0,0,0,0,0,0,0,0,0,0,0,0,0,0,0,0,0,0,0,0,0,0,0,0,0,0,0,0,0,0,0,0,0,0,0,0,0,0,0,0,0,0,0,0,0,0,0,0,0,0,0,0,0,0,0,0,0,0,0,0,0,0,0,0,0
0,0,0,0,0,0,0,0,0,0,0,0,1,0,0,0,1,0,0,0,0,1,0,1,0,1,1,2,1,0,2,0,1,1,1,1,2,0,2,2,1,0,2,1,0,0,0,2,2,3,2,2,1,1,3,3,1,0,0,1,3,1,0,0,3,1,1,1,2,2,2,1,1,3,3,2,4,2,0,1,1,3,1,2,0,0,2,0,1,2,1,0,0,1,1,2,1,0,0,0,0,0,1,1,1,0,0,0,0,0,0,1,0,0,0,0,0,1,0,0,0,0,0,0,0,0,0,0,0,0,1,0,0,0,0,0,0,0,0,0,0,0,0,0,0,0,0,0,0,0,0,0,0,0,0,0,0,0,0,0,0,0,0,0,0,0,0,0,0,0,0,0,0,0,0,0,0,0,0,0,0,0,0,0,0,0,0,0,0,0,0,0,0,0,0,0,0,0,0,0
0,0,0,0,0,0,0,0,0,0,0,0,0,0,0,0,0,0,0,0,0,0,0,0,0,1,0,0,1,0,0,0,2,0,0,3,2,0,1,2,1,2,2,0,3,2,0,2,3,1,1,6,0,5,0,1,0,2,2,1,3,2,4,3,2,2,2,4,1,2,1,2,0,1,2,1,0,0,0,4,1,1,1,2,0,0,0,1,0,0,0,1,2,1,0,3,0,0,1,0,1,0,2,3,0,0,2,0,0,0,0,0,1,0,0,0,1,0,0,0,0,0,0,0,0,0,0,0,0,0,0,0,0,0,0,0,0,0,0,0,0,0,1,0,0,0,0,0,0,0,0,0,0,0,0,0,0,0,0,0,0,0,0,0,0,0,0,0,0,0,0,0,0,0,0,0,0,0,0,0,0,0,0,0,0,0,0,0,0,0,0,0,0,0,0,0,0,0,0,0
0,0,0,0,0,0,0,0,0,0,0,0,0,0,1,0,0,0,1,0,0,0,0,0,0,1,1,0,0,3,0,0,0,1,3,1,1,1,0,1,2,1,1,1,0,0,0,1,1,3,2,2,1,4,2,1,3,2,2,1,1,1,3,2,1,1,1,0,2,1,0,0,0,1,0,1,1,1,2,1,2,0,0,1,2,1,2,2,0,0,0,0,0,0,0,0,2,1,0,0,2,0,0,0,0,0,1,0,0,0,0,0,0,1,0,0,0,0,0,0,0,0,0,0,0,0,0,0,0,0,0,0,0,0,0,0,0,0,0,0,0,0,0,0,0,0,0,0,0,0,0,0,0,0,0,0,0,0,0,0,0,0,0,0,0,0,0,0,0,0,0,0,0,0,0,0,0,0,0,0,0,0,0,0,0,0,0,0,0,0,0,0,0,0,0,0,0,0,0,0
0,0,0,0,0,0,0,1,0,0,0,0,0,0,0,0,0,0,0,0,0,0,0,0,0,0,0,1,0,1,1,0,1,2,0,0,0,0,0,2,2,4,1,1,1,3,0,1,0,1,1,1,0,2,1,4,3,0,3,2,0,3,5,2,0,1,0,2,3,1,3,3,3,2,0,1,0,3,1,0,1,1,1,0,0,0,0,2,0,1,0,2,1,0,1,0,1,1,0,0,1,0,0,0,0,0,2,0,1,0,0,0,0,0,0,0,0,0,2,0,0,1,0,0,0,0,0,0,1,0,0,0,0,0,0,0,0,0,0,1,0,0,0,0,1,0,0,0,0,0,0,0,0,0,1,0,0,0,0,0,0,0,0,0,0,0,0,0,0,0,0,0,0,0,0,0,0,0,0,0,0,0,0,0,0,0,0,0,0,0,0,0,0,0,0,0,0,0,0,0
0,0,0,0,0,0,0,0,0,0,0,0,1,0,1,0,0,0,0,1,1,0,0,0,0,1,0,0,1,0,0,0,2,2,0,0,0,0,3,1,1,3,3,1,0,0,1,0,3,2,3,3,0,1,2,0,2,1,1,2,2,1,2,0,1,0,2,3,1,0,0,0,0,0,1,2,1,1,2,1,0,1,1,0,0,0,0,0,1,0,0,1,0,0,0,1,1,0,0,2,0,0,2,0,0,1,0,0,0,0,0,0,1,0,1,0,0,0,0,0,0,0,0,0,0,0,0,0,0,0,0,0,0,0,0,0,0,0,0,0,0,0,0,0,0,0,0,0,0,0,0,0,0,0,0,0,0,0,0,0,0,0,0,0,0,0,0,0,0,0,0,0,0,0,0,0,0,0,0,0,0,0,0,0,0,0,0,0,0,0,0,0,0,0,0,0,0,0,0,0
0,0,0,0,0,0,0,0,0,0,0,0,0,0,0,0,0,0,1,0,0,0,0,1,0,0,0,0,1,0,0,0,1,1,2,1,1,1,1,0,2,1,2,2,3,0,1,1,1,0,2,1,3,0,0,2,3,1,1,2,1,1,2,1,1,0,1,1,1,1,0,0,0,1,1,0,2,1,2,3,1,1,0,0,2,0,1,5,1,1,0,0,2,0,0,1,0,1,0,1,1,0,0,0,0,0,2,0,0,0,0,0,0,0,1,0,0,0,0,0,0,0,0,0,0,0,0,0,0,0,0,0,0,0,0,1,0,0,0,0,0,0,0,0,0,0,0,1,0,0,0,0,0,0,0,0,0,0,0,0,0,0,0,0,0,0,0,0,0,0,0,0,0,0,0,0,0,0,0,0,0,0,0,0,0,0,0,0,0,0,0,0,0,0,0,0,0,0,0,0
0,0,0,0,0,0,0,0,0,0,0,0,0,0,0,0,0,0,0,0,0,0,0,0,0,2,0,0,0,1,1,0,1,1,1,0,0,0,0,0,1,0,0,2,4,0,2,1,3,2,3,2,3,2,1,1,3,2,1,1,3,0,0,3,3,0,1,3,3,0,2,0,1,0,2,4,2,2,0,0,0,1,0,1,1,0,1,0,1,0,1,0,1,0,0,1,0,2,1,0,2,0,0,0,0,0,0,0,0,0,0,0,0,1,0,0,0,0,0,0,0,1,0,0,0,0,0,0,0,0,0,0,0,0,0,0,0,0,1,0,0,0,0,0,0,0,0,0,0,0,0,0,0,0,0,0,0,0,0,0,0,1,0,0,0,0,0,0,0,0,0,0,0,0,0,0,0,0,0,0,0,0,0,0,0,0,0,0,0,0,0,0,0,0,0,0,0,0,0,0
0,0,0,0,0,0,0,1,0,0,0,0,0,0,0,1,1,0,0,1,0,0,0,0,0,0,0,0,1,0,1,0,1,1,1,0,0,1,0,1,0,2,1,1,2,0,0,2,3,2,0,0,2,2,1,2,2,2,0,2,0,1,2,3,1,0,3,0,1,1,1,1,1,3,1,1,1,0,1,1,0,0,1,1,1,0,0,1,0,2,0,1,0,0,2,1,0,0,1,1,0,0,0,0,0,1,0,0,0,1,0,0,1,0,0,0,1,0,1,0,1,0,0,0,1,0,0,0,0,0,0,0,0,0,0,0,0,0,0,0,0,0,0,0,0,0,0,0,0,0,0,0,0,0,0,0,0,0,0,0,0,0,0,0,0,0,0,0,0,0,0,0,0,0,0,0,0,0,0,0,0,0,0,0,0,0,0,0,0,0,0,0,0,0,0,0,0,0,0,0
0,0,0,0,0,0,0,0,0,0,0,0,0,0,0,1,0,0,0,0,0,1,0,0,0,0,0,0,0,2,0,0,0,0,0,0,0,1,2,0,1,3,1,0,1,0,1,1,2,2,3,2,2,1,0,5,1,0,0,1,2,1,2,2,0,2,0,0,1,1,0,1,0,3,0,0,1,1,0,1,1,1,2,1,2,0,0,0,0,1,1,3,1,0,2,1,1,1,0,1,0,1,1,0,0,0,0,0,1,0,0,0,0,0,0,0,0,0,0,0,0,1,0,0,0,0,0,2,0,0,0,0,0,0,0,0,0,0,0,0,0,0,0,0,0,0,0,0,0,0,0,0,0,0,0,0,0,0,0,0,0,0,0,0,0,0,0,0,0,0,0,0,0,0,0,0,0,0,0,0,0,0,0,0,0,0,0,0,0,0,0,0,0,0,0,0,0,0,0,0
0,0,0,0,0,0,0,0,0,0,0,0,1,0,0,0,0,0,0,0,0,2,0,0,0,0,0,0,0,1,1,1,0,0,2,1,0,2,0,1,4,2,2,1,3,1,0,1,2,1,3,1,1,1,2,1,6,2,2,1,1,3,1,4,1,2,3,2,2,1,1,1,0,1,0,3,0,2,0,1,1,1,2,2,1,0,1,0,0,1,0,0,1,1,0,1,0,0,0,1,1,1,1,0,1,0,0,1,1,0,0,0,0,0,0,0,0,0,0,1,1,0,0,0,0,0,0,0,0,0,0,0,0,0,0,0,0,0,0,0,0,0,0,0,0,0,0,0,0,0,0,0,0,0,0,0,0,0,0,0,0,0,0,0,0,0,0,0,0,0,0,0,0,0,0,0,0,0,0,0,0,0,0,0,0,0,0,0,0,0,0,0,0,0,0,0,0,0,0,0
0,0,0,0,0,0,0,0,0,0,0,0,0,0,0,1,0,0,0,0,0,1,0,0,0,0,0,0,0,0,0,1,1,0,3,0,0,1,3,3,1,0,1,0,2,0,1,0,0,0,2,1,1,2,2,0,1,1,0,3,1,2,4,4,1,0,3,1,2,1,0,1,3,1,3,3,1,2,1,3,0,1,1,0,2,0,0,0,1,1,0,0,0,1,1,0,2,1,0,1,0,1,0,0,0,0,0,0,0,1,0,1,0,0,0,0,0,0,0,1,1,0,0,0,0,0,0,0,0,0,0,0,0,0,0,0,0,0,0,0,0,0,0,0,0,0,0,0,0,0,0,0,0,0,0,0,0,0,0,0,0,0,0,0,0,0,0,0,0,0,0,0,0,0,0,0,0,0,0,0,0,0,0,0,0,0,0,0,0,0,0,0,0,0,0,0,0,0,0,0
0,0,0,0,0,0,0,0,0,0,0,0,0,0,0,0,0,0,0,0,0,0,0,0,1,2,0,0,0,0,2,0,1,0,1,2,0,0,2,0,3,1,0,3,2,2,0,0,2,1,1,1,1,2,2,0,2,1,1,0,2,0,1,5,4,1,1,1,1,2,0,3,2,2,0,2,0,1,2,0,0,1,1,1,0,1,0,1,0,2,1,0,0,0,0,0,0,0,0,0,0,0,0,0,0,1,0,0,0,0,0,0,0,1,0,0,0,0,0,0,0,0,1,0,0,0,0,0,0,0,0,0,0,0,0,0,0,0,0,0,0,0,0,0,0,0,0,0,0,0,0,0,0,0,1,0,0,0,0,0,0,0,0,0,0,1,0,0,0,0,0,0,0,0,0,0,0,0,0,0,0,0,0,0,0,0,0,0,0,0,0,0,0,0,0,0,0,0,0,0
0,0,0,0,0,0,0,0,0,0,0,0,0,0,0,0,0,0,0,0,0,0,0,1,0,0,0,0,0,0,0,0,0,1,0,2,1,1,0,1,0,0,1,1,2,1,0,1,1,1,2,1,1,7,0,2,0,5,0,2,1,0,0,0,0,1,3,1,0,1,0,0,2,1,2,0,0,2,1,1,1,0,0,0,1,0,1,1,0,0,0,1,0,0,0,0,2,1,0,0,0,1,1,0,0,0,1,0,1,0,0,1,0,0,0,0,0,0,1,0,0,0,0,0,0,0,0,0,0,0,0,0,0,0,0,0,0,0,0,0,0,0,0,0,0,0,0,0,0,0,0,0,0,0,0,0,0,0,0,0,0,0,0,0,0,0,0,0,0,0,0,0,0,0,0,0,0,0,0,0,0,0,0,0,0,0,0,0,0,0,0,0,0,0,0,0,0,0,0,0
0,0,0,0,0,0,0,0,0,0,0,0,0,0,0,0,0,0,0,1,0,0,0,0,1,0,0,0,0,0,0,0,1,2,0,0,0,3,0,0,0,1,2,1,2,1,0,3,2,0,0,0,0,4,1,1,4,1,1,3,1,2,2,0,0,1,1,3,1,0,3,2,2,1,0,0,0,2,0,0,0,1,1,0,0,1,0,0,1,0,0,1,0,0,0,0,1,1,0,0,0,0,0,0,0,0,0,0,1,1,1,0,1,0,0,0,0,0,0,0,0,0,0,0,0,0,0,0,0,0,0,0,0,0,0,0,0,0,0,0,0,0,0,0,0,0,0,0,0,0,0,0,0,0,0,0,0,0,0,0,0,0,0,0,0,0,0,0,0,0,0,0,0,0,0,0,0,0,0,0,0,0,0,0,0,0,0,0,0,0,0,0,0,0,0,0,0,0,0,0
0,0,0,0,0,0,1,0,0,0,0,1,0,1,0,0,0,0,0,0,0,1,1,0,0,0,1,1,1,0,0,0,0,1,0,0,0,0,1,0,0,0,0,1,0,1,0,2,2,2,0,0,2,1,0,1,0,1,1,0,3,0,3,1,0,2,0,0,0,1,1,1,0,1,4,0,3,0,0,2,0,0,0,0,3,0,0,0,0,1,0,0,1,0,0,2,0,0,0,0,0,0,0,1,0,0,0,0,2,0,0,0,0,0,0,0,0,0,0,0,0,0,0,0,0,0,0,0,0,0,0,0,1,0,0,0,0,0,0,0,0,0,0,0,0,0,0,0,0,0,0,0,0,0,0,0,0,0,0,0,0,0,0,0,0,0,0,0,0,0,0,0,0,0,0,0,0,0,0,0,0,0,0,0,0,0,0,0,0,0,0,0,0,0,0,0,0,0,0,0
0,0,0,0,0,0,0,0,0,0,0,0,1,1,0,0,0,0,0,0,0,0,0,0,1,0,0,0,0,0,0,0,0,0,0,0,2,0,2,1,0,1,1,0,1,1,0,0,3,0,4,4,1,0,3,1,1,1,2,0,1,0,1,0,0,3,1,0,0,1,1,0,0,0,0,0,1,0,1,1,1,2,0,1,0,0,0,0,0,2,0,0,0,0,0,1,0,0,0,2,0,0,0,0,1,0,0,0,2,0,1,0,0,0,0,0,0,0,0,0,0,0,0,0,1,0,0,0,0,0,1,0,0,0,1,0,0,0,0,0,0,0,0,0,0,0,0,0,0,0,0,0,0,0,0,0,0,0,0,0,0,0,0,0,0,0,0,0,0,0,0,0,0,0,0,0,0,0,0,0,0,0,0,0,0,0,0,0,0,0,0,0,0,0,0,0,0,0,0,0
0,0,0,0,0,0,0,0,0,0,0,0,0,0,0,0,0,0,0,0,0,0,0,0,0,1,0,0,0,1,0,2,0,0,1,0,1,2,0,1,1,1,0,1,1,0,1,0,1,0,0,0,0,3,4,3,1,2,0,0,2,0,2,3,1,0,0,2,0,0,0,2,1,0,1,0,3,1,0,0,1,1,1,1,1,1,1,1,0,1,0,0,0,0,1,1,0,0,1,0,0,0,0,0,0,0,0,1,0,0,0,0,0,0,0,0,0,0,0,0,0,0,0,0,0,0,0,1,0,0,0,0,0,0,0,0,0,0,0,0,0,0,0,0,0,1,0,0,0,0,0,0,0,0,0,0,0,0,0,0,0,0,0,0,0,0,0,0,0,0,0,0,0,0,0,0,0,0,0,0,0,0,0,0,0,0,0,0,0,0,0,0,0,0,0,0,0,0,0,0
0,0,0,0,0,1,0,0,0,0,0,0,0,0,0,1,0,0,0,0,0,0,0,0,0,0,0,0,0,0,1,1,1,1,0,1,2,0,0,0,0,0,0,1,0,2,2,0,0,3,0,1,2,0,1,1,1,1,6,2,0,0,0,2,0,2,2,0,1,1,1,2,2,1,0,0,0,3,2,1,0,1,0,0,0,0,0,0,1,0,1,0,0,2,0,1,0,1,1,1,1,0,1,0,0,1,0,1,0,0,0,0,0,1,0,0,0,0,0,0,0,0,0,0,1,0,1,0,0,0,0,0,0,0,0,0,0,0,0,0,0,0,0,0,0,0,0,0,0,0,0,0,0,0,0,0,0,0,0,0,0,0,0,0,0,0,0,0,0,0,0,0,0,0,0,0,0,0,0,0,0,0,0,0,0,0,0,0,0,0,0,0,0,0,0,0,0,0,0,0
0,0,0,0,0,0,0,0,0,0,0,1,1,0,0,0,0,0,0,0,0,0,0,0,1,0,0,0,0,3,0,0,0,0,0,1,1,2,0,0,1,0,0,0,1,1,2,5,2,5,1,2,1,0,0,1,2,1,1,2,0,1,0,0,3,1,1,1,2,1,2,1,0,0,2,1,1,1,0,0,0,1,0,2,1,0,1,1,1,0,2,1,0,1,0,0,0,0,0,0,0,0,0,0,0,1,0,0,0,0,0,0,0,0,0,0,0,0,0,0,0,0,0,0,0,0,0,0,0,0,0,0,0,0,0,0,0,0,0,0,0,0,0,0,0,0,0,0,0,0,0,1,0,0,0,0,0,0,0,0,0,0,0,0,0,0,0,0,0,0,0,0,0,0,0,0,0,0,0,0,0,0,0,0,0,0,0,0,0,0,0,0,0,0,0,0,0,0,0,0
0,0,0,0,0,0,0,0,1,0,1,0,0,0,0,0,0,0,0,0,1,0,0,0,0,0,1,0,1,0,0,0,0,0,0,1,0,2,0,0,2,0,0,1,0,0,3,2,0,1,0,3,1,1,0,3,0,1,0,0,2,0,0,2,0,2,0,1,1,1,1,2,0,1,0,1,0,1,1,1,1,1,1,1,1,0,0,0,1,0,0,1,0,0,0,0,0,0,1,0,0,1,0,0,0,0,0,0,0,0,0,0,0,0,0,0,0,0,1,0,0,0,0,0,0,1,0,0,0,0,0,0,0,0,0,0,0,0,0,0,0,0,0,0,0,0,0,0,0,0,0,0,0,0,0,0,0,0,0,0,0,0,0,0,0,0,0,0,0,0,0,0,0,0,0,0,0,0,0,0,0,0,0,0,0,0,0,0,0,0,0,0,0,0,0,0,0,0,0,0
0,0,0,0,0,0,0,0,0,0,0,0,0,0,0,0,0,0,0,0,0,0,1,0,0,1,0,0,1,0,1,1,0,1,0,0,1,0,0,1,1,1,0,1,0,0,3,1,2,1,0,0,0,1,0,1,0,1,1,1,0,3,1,0,1,0,1,1,1,0,0,0,0,1,0,1,0,0,1,1,0,1,1,1,0,1,2,1,0,0,0,0,0,0,1,0,2,0,1,3,0,0,0,0,0,0,1,1,0,0,0,0,0,0,0,0,0,0,0,0,0,0,0,0,0,0,0,0,0,0,0,0,0,0,0,0,0,0,0,0,0,0,0,0,0,0,0,0,0,0,0,0,0,0,0,0,0,0,0,0,0,0,0,0,0,0,0,0,0,0,0,0,0,0,0,0,0,0,0,0,0,0,0,0,0,0,0,0,0,0,0,0,0,0,0,0,0,0,0,0
0,0,0,0,0,0,0,0,0,0,0,0,1,0,0,1,0,0,0,0,0,0,0,0,0,0,0,0,0,1,1,0,0,0,0,0,1,0,0,0,2,3,0,2,0,3,0,2,0,1,2,1,1,2,0,2,1,2,1,2,1,2,1,3,0,1,2,0,0,1,0,0,0,1,3,0,0,0,0,1,0,1,1,3,0,0,0,0,0,0,0,0,2,0,1,0,0,0,0,0,0,0,1,0,0,0,0,0,1,0,0,0,0,0,0,0,0,0,0,0,0,0,0,0,0,0,0,0,1,0,0,0,1,0,1,0,0,0,0,0,0,0,0,0,0,0,0,0,0,0,0,0,0,0,0,0,0,0,0,0,0,0,0,0,0,0,0,0,0,0,0,0,0,0,0,0,0,0,0,0,0,0,0,0,0,0,0,0,0,0,0,0,0,0,0,0,0,0,0,0
0,0,0,0,0,0,0,0,0,0,0,0,0,0,0,0,0,0,2,0,0,0,0,1,0,0,0,0,0,0,0,0,1,1,0,1,2,1,0,1,0,0,1,0,0,1,1,0,1,1,2,0,0,0,1,1,0,3,1,1,3,1,1,1,0,0,2,0,0,1,1,0,2,3,2,1,0,0,1,1,1,1,0,1,1,0,0,1,0,0,0,1,2,1,0,0,1,0,0,0,0,1,0,0,0,0,0,0,0,0,0,0,0,0,0,1,0,0,0,0,0,0,0,0,0,1,0,0,0,0,0,0,0,0,0,0,0,0,0,0,0,0,0,0,0,0,0,0,0,0,0,0,0,0,0,0,0,0,0,0,0,0,0,0,0,0,0,0,0,0,0,0,0,0,0,0,0,0,0,0,0,0,0,0,0,0,0,0,0,0,0,0,0,0,0,0,0,0,0,0
0,0,0,1,0,0,0,0,1,0,0,0,0,0,0,0,0,0,1,0,0,0,0,0,1,1,0,0,0,0,0,1,1,0,1,0,1,0,1,0,1,0,3,0,1,2,3,0,1,0,2,1,0,0,1,1,0,1,0,2,1,2,0,2,1,2,3,0,0,1,1,2,1,0,0,0,2,2,0,0,0,1,1,1,0,0,2,0,0,0,1,0,1,0,1,0,0,0,0,0,1,1,0,0,0,0,0,0,0,0,0,0,0,0,1,0,0,1,0,0,0,0,0,0,0,0,0,0,0,0,0,0,0,0,0,0,0,0,1,1,0,0,0,0,0,0,0,0,0,0,0,0,0,0,0,0,0,0,0,0,0,0,0,0,0,0,0,0,0,0,0,0,0,0,0,0,0,0,0,0,0,0,0,0,0,0,0,0,0,0,0,0,0,0,0,0,0,0,0,0
0,0,0,0,0,0,0,0,0,0,0,0,0,0,0,0,0,0,0,0,0,0,0,0,0,0,0,0,0,0,1,0,1,1,0,2,0,1,1,0,1,1,0,0,0,0,0,2,1,1,1,0,1,0,0,0,1,1,2,1,2,2,2,0,1,0,0,1,1,1,0,1,0,0,1,1,0,0,1,1,1,0,0,1,1,0,0,0,0,1,0,0,0,1,0,1,0,1,0,0,1,0,0,0,0,0,1,0,1,1,2,0,0,0,0,0,0,0,0,0,0,0,0,0,0,0,0,0,0,0,0,0,0,0,0,0,0,0,0,0,0,0,0,0,0,0,0,0,0,0,0,0,0,0,0,0,0,0,0,0,0,0,0,0,0,0,0,0,0,0,0,0,0,0,0,0,0,0,0,0,0,0,0,0,0,0,0,0,0,0,0,0,0,0,0,0,0,0,0,0
0,0,0,0,0,0,0,0,0,0,0,0,0,0,0,0,0,0,0,0,0,0,0,0,0,1,1,0,0,0,0,0,1,1,0,0,0,0,1,1,0,0,1,0,1,2,2,0,1,1,0,0,2,0,2,0,1,1,2,1,0,3,0,1,2,2,0,1,0,1,1,0,0,3,0,1,0,0,3,1,0,1,0,0,0,0,0,0,0,0,4,0,0,1,1,1,0,0,0,0,0,0,0,0,0,0,0,0,0,0,1,0,0,0,0,0,0,0,0,0,1,0,0,0,0,0,0,0,0,0,0,0,0,0,0,1,0,0,0,0,0,0,0,0,0,0,0,0,0,1,0,0,0,0,0,0,0,0,0,0,0,0,0,0,0,0,0,0,0,0,0,0,0,0,0,0,0,0,0,0,0,0,0,0,0,0,0,0,0,0,0,0,0,0,0,0,0,0,0,0
0,0,0,0,0,0,0,0,0,0,0,0,0,0,0,0,0,0,0,0,0,0,0,0,0,0,1,1,1,0,0,0,0,0,3,0,1,0,1,1,1,0,0,2,0,1,0,0,0,0,1,2,0,1,0,2,2,1,0,1,1,1,1,0,0,1,1,0,0,0,2,0,0,0,1,0,0,1,2,0,0,0,0,1,1,1,0,0,0,0,0,2,0,0,0,0,0,0,0,0,0,0,0,0,0,0,0,0,0,0,0,0,0,0,0,0,0,0,1,0,0,0,0,0,0,0,0,0,0,0,0,0,0,0,0,0,0,0,0,0,0,0,0,0,0,0,0,0,0,0,0,0,0,0,0,0,0,0,0,0,0,0,0,0,0,0,0,0,0,0,0,0,0,0,0,0,0,0,0,0,0,0,0,0,0,0,0,0,0,0,0,0,0,0,0,0,0,0,0,0
0,0,0,0,0,0,0,0,0,0,0,0,0,0,0,0,0,0,1,0,0,0,0,1,0,0,0,0,0,1,0,0,0,0,0,1,2,1,0,0,1,0,0,1,1,0,2,0,2,2,2,0,1,0,1,1,1,1,0,1,0,0,1,1,1,0,0,0,1,1,0,1,1,2,1,1,0,0,0,1,2,0,0,0,0,0,1,0,0,0,0,0,1,0,0,0,0,0,0,1,0,0,0,0,0,0,0,1,0,0,2,0,0,1,0,0,1,0,0,0,0,0,0,0,0,0,0,0,0,0,0,0,0,0,0,0,0,0,0,0,0,0,0,0,0,0,0,0,1,0,0,0,0,0,0,0,0,0,0,0,0,0,0,0,0,0,0,0,0,0,0,0,0,0,0,0,0,0,0,0,0,0,0,0,0,0,0,0,0,0,0,0,0,0,0,0,0,0,0,0
0,0,0,0,0,0,0,0,0,0,0,0,0,0,0,0,0,0,0,0,0,0,0,1,0,1,1,0,0,0,0,0,1,0,0,1,0,1,0,0,0,1,0,0,2,2,1,0,3,0,1,1,2,1,2,0,1,1,1,1,2,1,0,2,1,0,4,1,0,0,0,1,1,1,0,0,0,2,1,0,0,1,2,0,1,1,0,1,1,0,0,1,0,0,1,0,1,0,0,0,0,1,0,0,1,0,0,0,0,0,0,1,0,0,0,0,0,0,0,0,0,0,0,0,0,0,0,0,0,0,0,0,0,0,0,0,0,0,0,0,0,0,0,0,0,0,0,0,0,0,0,0,0,0,0,0,0,0,0,0,0,0,0,0,0,0,0,0,0,0,0,0,0,0,0,0,0,0,0,0,0,0,0,0,0,0,0,0,0,0,0,0,0,0,0,0,0,0,0,0
0,0,0,0,0,0,0,0,0,0,0,0,0,0,0,1,0,1,0,0,0,0,0,0,0,0,0,0,1,0,1,1,0,0,0,0,0,0,1,0,1,0,0,0,0,2,3,0,0,0,0,0,0,1,1,2,2,2,1,1,1,0,1,0,1,1,0,1,0,1,1,0,0,0,0,2,0,1,2,0,2,0,1,0,0,0,0,0,0,0,0,0,0,0,1,1,0,0,2,0,0,0,1,0,0,0,0,0,0,0,0,0,1,0,0,0,0,0,0,0,0,0,0,0,0,0,0,0,0,0,0,0,0,0,0,0,0,0,0,0,0,0,0,0,0,0,0,0,0,0,0,0,0,0,0,0,0,0,0,0,0,0,0,0,0,0,0,0,0,0,0,0,0,0,0,0,0,0,0,0,0,0,0,0,0,0,0,0,0,0,0,0,0,0,0,0,0,0,0,0
0,0,0,0,0,0,0,0,0,0,0,0,0,0,0,0,0,0,1,0,0,0,0,1,0,0,1,0,0,0,0,0,0,0,0,0,1,0,1,1,1,0,0,0,1,0,2,1,1,1,0,0,2,1,1,0,0,0,0,2,1,0,1,1,2,3,0,1,1,0,1,0,0,0,1,1,0,1,1,1,0,3,0,0,0,1,1,0,1,0,0,0,0,0,0,0,1,1,0,1,0,0,0,0,0,0,0,0,0,0,0,1,0,0,0,0,0,0,0,0,0,0,0,0,0,0,0,0,0,0,0,0,0,0,0,1,0,0,0,0,0,0,0,0,0,0,0,0,0,0,0,0,0,0,0,0,0,0,0,0,0,0,0,0,0,0,0,0,0,0,0,0,0,0,0,0,0,0,0,0,0,0,0,0,0,0,0,0,0,0,0,0,0,0,0,0,0,0,0,0
0,0,0,0,0,0,0,0,0,0,0,0,0,0,0,0,2,0,0,0,0,0,1,0,0,0,0,0,0,0,0,0,1,0,0,0,0,0,0,0,0,1,0,3,2,1,0,2,1,1,0,0,4,0,0,2,1,0,0,0,0,1,0,4,0,1,0,0,0,0,1,0,1,0,1,0,2,1,0,0,1,0,5,0,0,0,0,0,0,1,0,1,0,0,1,0,0,0,0,0,0,0,0,0,0,0,0,1,0,0,1,0,0,0,0,0,0,0,1,0,0,0,0,0,0,0,0,0,0,0,0,0,0,0,0,0,0,0,0,0,0,0,0,0,0,0,0,0,0,0,0,0,0,0,0,0,0,0,0,0,0,0,0,0,0,0,0,0,0,0,0,0,0,0,0,0,0,0,0,0,0,0,0,0,0,0,0,0,0,0,0,0,0,0,0,0,0,0,0,0
0,0,0,0,0,0,0,0,0,0,0,0,0,0,0,1,0,0,0,0,0,0,0,0,0,0,0,0,0,0,0,2,1,0,0,0,0,0,0,0,2,1,0,0,2,2,0,0,0,0,1,0,0,0,1,1,0,2,1,0,0,1,0,0,0,0,0,1,0,0,1,0,1,1,2,1,0,0,0,0,0,0,0,0,1,0,0,0,0,1,0,0,0,0,0,1,1,0,0,0,0,0,0,1,0,1,0,0,0,0,0,0,0,0,0,0,0,0,0,0,0,0,0,0,0,0,0,0,1,0,0,0,0,0,0,0,0,0,0,0,0,0,0,0,0,0,0,0,0,0,0,0,0,0,0,0,0,0,0,0,0,0,0,0,0,0,0,0,0,0,0,0,0,0,0,0,0,0,0,0,0,0,0,0,0,0,0,0,0,0,0,0,0,0,0,0,0,0,0,0
0,0,0,0,0,0,0,0,0,0,0,0,0,0,0,0,0,0,1,0,0,0,0,0,0,0,1,0,0,0,0,0,0,0,0,1,0,0,0,0,2,0,0,1,0,2,1,1,1,0,1,1,0,1,2,1,1,0,1,0,0,0,1,2,0,2,0,1,0,0,0,1,0,0,1,0,0,0,0,1,0,0,0,0,0,0,0,1,0,0,1,0,0,0,0,0,0,1,0,0,0,0,0,0,0,0,0,0,0,0,0,0,0,0,0,0,0,0,0,0,0,0,0,0,0,0,0,0,0,0,0,0,0,0,0,0,0,0,0,0,0,0,0,0,0,0,0,0,0,0,0,0,0,0,0,0,0,0,0,0,0,0,0,0,0,0,0,0,0,0,0,0,0,0,0,0,0,0,0,0,0,0,0,0,0,0,0,0,0,0,0,0,0,0,0,0,0,0,0,0
0,0,0,0,0,0,0,0,1,0,0,0,0,0,0,1,0,1,0,0,0,0,0,0,1,0,0,1,1,0,0,0,0,1,1,1,0,1,1,0,1,0,1,0,1,1,1,0,0,0,0,1,1,0,1,0,0,1,1,1,1,1,0,1,0,1,0,1,0,1,0,1,3,0,0,0,1,0,0,0,0,2,0,0,1,2,0,0,2,2,0,0,1,0,0,2,0,0,0,0,0,0,0,0,0,0,0,0,0,1,1,1,1,0,0,1,0,0,0,0,0,0,0,0,0,0,0,0,0,0,0,0,0,0,0,0,0,0,0,0,0,0,0,0,0,0,0,0,0,0,0,0,0,0,0,0,0,0,0,0,0,0,0,0,0,0,0,0,0,0,0,0,0,0,0,0,0,0,0,0,0,0,0,0,0,0,0,0,0,0,0,0,0,0,0,0,0,0,0,0
0,0,0,0,0,0,0,0,0,0,0,0,0,0,0,0,0,0,0,1,0,0,0,0,0,0,0,0,1,0,0,2,0,1,0,2,0,2,0,1,1,0,0,0,1,1,0,0,1,0,1,2,1,1,1,1,0,1,0,1,0,0,1,0,1,0,1,2,0,1,1,0,0,0,0,1,0,1,1,0,0,1,1,2,0,0,1,0,0,0,0,0,1,0,0,0,0,0,0,0,0,0,0,1,0,0,1,0,0,0,0,1,0,0,0,0,0,0,0,0,0,0,0,0,0,0,0,0,0,0,0,0,0,0,0,0,0,0,0,0,0,0,0,0,0,0,0,0,0,0,0,0,0,0,0,0,0,0,0,0,0,0,0,0,0,0,0,0,0,0,0,0,0,0,0,0,0,0,0,0,0,0,0,0,0,0,0,0,0,0,0,0,0,0,0,0,0,0,0,0
0,0,0,0,0,0,0,0,0,0,0,0,0,0,0,0,0,0,0,0,0,0,0,0,1,1,0,0,0,0,1,1,0,0,0,0,0,1,0,1,0,0,1,0,1,0,3,0,1,1,0,0,0,0,1,1,0,1,0,1,0,2,0,4,1,1,1,3,1,1,0,0,0,2,2,1,0,1,1,0,0,1,1,0,0,0,0,0,0,0,0,1,1,0,0,0,1,1,0,0,0,0,0,0,0,0,0,0,0,0,0,0,0,1,0,0,0,0,0,1,0,0,0,1,0,0,0,0,0,0,0,0,0,0,0,0,0,0,0,0,1,0,0,0,0,0,0,0,0,0,0,0,0,0,0,0,0,0,0,0,0,0,0,0,0,0,0,0,0,0,0,0,0,0,0,0,0,0,0,0,0,0,0,0,0,0,0,0,0,0,0,0,0,0,0,0,0,0,0,0
0,0,0,0,0,0,0,0,0,0,0,0,0,0,0,0,0,0,0,0,0,0,0,0,0,0,1,0,0,1,0,1,1,0,0,2,0,0,0,2,1,1,0,1,0,1,0,0,0,0,1,0,0,0,1,0,0,0,1,2,0,0,0,0,1,1,1,0,0,0,0,1,1,1,1,0,2,0,1,0,0,3,0,0,0,0,0,0,0,0,0,0,0,0,0,0,0,0,0,0,0,0,0,0,0,0,0,1,0,0,0,0,0,0,0,0,0,0,0,0,0,0,0,0,0,0,0,0,0,0,0,0,0,1,0,0,0,0,0,0,0,0,0,0,0,0,0,0,0,0,0,0,0,0,0,0,0,0,0,0,0,0,0,0,0,0,0,0,0,0,0,0,0,0,0,0,0,0,0,0,0,0,0,0,0,0,0,0,0,0,0,0,0,0,0,0,0,0,0,0
0,0,0,0,0,0,0,0,0,0,1,0,0,0,0,0,0,0,0,0,0,1,0,0,0,0,0,0,0,0,0,0,0,1,0,1,0,2,0,2,0,1,0,0,1,0,1,0,0,2,0,2,1,1,0,1,0,0,1,0,0,0,0,1,0,1,0,0,0,1,1,1,0,0,0,0,1,0,3,0,1,0,1,0,0,0,1,0,0,0,0,0,0,0,0,0,0,0,0,0,0,0,0,0,0,0,0,0,0,0,1,0,0,0,0,0,0,0,0,0,0,0,0,0,0,0,0,0,0,0,0,0,0,0,1,0,0,0,0,0,0,0,0,0,0,0,0,0,0,0,0,0,0,0,0,0,0,0,0,0,0,0,0,0,0,0,0,0,0,0,0,0,0,0,0,0,0,0,0,0,0,0,0,0,0,0,0,0,0,0,0,0,0,0,0,0,0,0,0,0
0,0,0,0,0,0,0,0,0,0,0,0,1,0,1,0,0,0,0,0,0,0,0,0,1,0,0,0,0,1,0,0,1,0,1,0,0,0,0,0,0,0,0,0,2,1,0,0,0,0,1,1,1,0,1,2,2,1,1,0,1,1,0,0,0,2,0,0,1,0,1,1,0,0,0,0,1,1,0,1,0,0,1,2,0,0,0,0,0,0,2,0,0,2,0,0,0,1,0,0,0,0,0,0,0,1,0,0,0,1,0,0,0,0,0,0,0,0,0,0,0,0,0,1,0,0,1,0,0,0,0,0,0,0,0,0,0,0,0,0,0,0,0,0,0,0,0,0,0,0,0,0,0,0,0,0,0,0,0,0,0,0,0,0,0,0,0,0,0,0,0,0,0,0,0,0,0,0,0,0,0,0,0,0,0,0,0,0,0,0,0,0,0,0,0,0,0,0,0,0
0,0,0,0,0,0,0,0,0,0,0,0,0,0,1,0,0,0,0,0,0,0,0,0,0,0,0,0,0,0,0,0,1,0,0,0,0,1,1,0,0,0,0,0,1,1,1,2,0,0,0,0,0,0,0,0,2,0,0,0,0,0,1,0,0,2,2,1,2,0,2,1,1,1,0,0,0,1,0,0,1,0,0,1,0,0,1,0,0,0,1,0,0,0,0,1,1,0,0,0,1,0,0,0,0,0,0,0,0,0,0,1,0,1,0,0,0,1,0,0,0,0,0,0,0,0,0,0,0,0,0,0,0,0,0,0,0,0,0,0,0,0,0,0,0,0,0,0,0,0,0,0,0,0,0,0,0,0,0,0,0,0,0,0,0,0,0,0,0,0,0,0,0,0,0,0,0,0,0,0,0,0,0,0,0,0,0,0,0,0,0,0,0,0,0,0,0,0,0,0
0,0,0,0,0,0,0,0,0,0,0,0,0,0,0,0,0,0,0,0,0,1,0,0,0,0,0,1,0,0,0,0,0,0,0,0,3,0,0,0,0,0,1,0,0,1,0,0,0,2,0,0,0,1,0,2,1,1,1,1,1,0,1,0,1,0,1,1,0,0,1,1,1,0,0,0,3,1,1,0,0,0,0,1,0,0,1,0,0,0,0,0,0,0,1,0,0,0,0,0,0,0,0,0,0,0,0,0,0,0,1,0,0,0,0,0,0,0,0,0,0,0,0,0,0,0,0,0,0,0,0,0,0,0,0,0,0,0,0,0,0,0,0,0,0,0,0,0,0,0,0,0,0,0,0,0,0,0,0,0,0,0,0,0,0,0,0,0,0,0,0,0,0,0,0,0,0,0,0,0,0,0,0,0,0,0,0,0,0,0,0,0,0,0,0,0,0,0,0,0
0,0,0,0,0,0,0,0,0,0,0,0,0,0,0,0,0,0,0,0,0,0,0,0,0,0,0,0,0,1,0,0,1,1,0,0,0,0,0,1,0,0,0,0,1,0,0,0,0,0,0,0,1,0,0,1,1,0,1,2,2,0,0,1,0,0,0,0,0,0,0,0,0,1,0,1,1,0,0,0,0,0,0,1,0,1,0,0,0,0,0,0,0,0,0,0,1,0,0,0,0,0,2,0,0,0,0,0,0,0,0,1,1,0,0,0,0,0,0,0,0,0,0,0,0,0,0,0,0,0,0,0,0,0,0,0,0,0,0,0,0,0,0,0,0,0,0,0,0,0,0,0,0,0,0,0,0,0,0,0,0,0,0,0,0,0,0,0,0,0,0,0,0,0,0,0,0,0,0,0,0,0,0,0,0,0,0,0,0,0,0,0,0,0,0,0,0,0,0,0
0,0,0,0,0,0,0,0,0,0,0,0,0,0,0,0,0,0,0,0,0,0,0,0,1,0,0,0,0,0,1,0,0,0,1,0,0,1,1,0,1,0,1,1,0,0,0,0,1,0,0,0,0,0,0,0,0,1,0,1,1,1,1,1,0,0,0,2,0,0,1,0,0,0,0,1,1,1,1,0,2,0,0,0,0,0,1,0,0,1,1,0,1,0,0,0,0,0,0,0,0,0,0,0,0,0,0,0,0,0,0,0,0,0,0,0,0,0,0,0,1,0,0,0,0,0,0,0,0,0,0,0,0,0,0,0,0,0,0,0,0,0,0,0,0,0,0,0,0,0,0,0,0,0,0,0,0,0,0,0,0,0,0,0,0,0,0,0,0,0,0,0,0,0,0,0,0,0,0,0,0,0,0,0,0,0,0,0,0,0,0,0,0,0,0,0,0,0,0,0
0,0,0,0,0,0,0,0,0,0,0,0,1,0,0,0,0,0,0,0,0,0,0,0,0,0,0,0,0,0,0,0,0,0,0,0,0,0,0,0,0,0,0,1,0,0,0,0,0,0,0,1,0,1,1,0,0,1,0,0,0,0,0,2,2,0,0,0,0,0,1,1,0,1,1,0,0,0,1,0,1,0,0,0,1,0,1,0,0,0,0,1,0,0,0,0,0,0,0,0,0,0,0,0,0,0,0,1,0,0,0,0,0,0,0,0,0,0,1,0,0,0,0,0,0,0,0,0,0,0,0,0,0,0,0,0,0,0,0,0,0,0,0,0,0,0,0,0,0,0,0,0,0,0,0,0,0,0,0,0,0,0,0,0,0,0,0,0,0,0,0,0,0,0,0,0,0,0,0,0,0,0,0,0,0,0,0,0,0,0,0,0,0,0,0,0,0,0,0,0
0,0,0,0,0,0,0,0,0,0,0,0,0,0,0,1,0,0,0,1,0,0,0,1,0,0,0,0,0,0,0,0,1,0,0,0,1,0,0,0,0,0,0,0,0,0,0,0,0,0,1,0,0,1,0,0,1,1,0,0,0,1,2,2,0,0,0,1,1,1,0,2,1,0,0,2,0,0,0,0,0,0,0,1,0,0,0,0,0,0,0,0,0,0,0,0,0,0,0,0,0,0,0,0,0,0,0,0,0,0,0,0,0,0,0,0,0,0,0,0,0,0,0,0,0,0,0,0,0,0,0,0,0,0,0,0,0,0,0,0,0,0,0,0,0,0,0,0,0,0,0,0,0,0,0,0,0,0,0,0,0,0,0,0,0,0,0,0,0,0,0,0,0,0,0,0,0,0,0,0,0,0,0,0,0,0,0,0,0,0,0,0,0,0,0,0,0,0,0,0
0,0,0,0,0,0,0,0,0,0,0,0,0,0,0,0,0,0,0,1,0,0,0,0,0,0,0,0,0,0,0,0,0,1,2,0,0,0,0,1,1,1,1,1,3,1,0,1,0,0,1,1,0,1,0,0,0,0,1,1,0,1,1,0,2,0,1,0,0,1,0,0,0,1,0,0,0,0,0,0,0,0,1,0,1,0,0,0,0,1,0,0,0,0,0,0,0,0,0,0,0,0,1,0,0,0,0,0,0,0,0,0,0,0,0,0,0,0,0,0,0,0,0,0,0,0,0,0,0,0,0,0,0,0,0,0,0,0,0,0,0,0,0,0,0,0,0,0,0,0,0,0,0,0,0,0,0,0,0,0,0,0,0,0,0,0,0,0,0,0,0,0,0,0,0,0,0,0,0,0,0,0,0,0,0,0,0,0,0,0,0,0,0,0,0,0,0,0,0,0
0,0,0,0,0,0,0,0,0,0,0,0,0,0,0,0,0,0,0,1,0,1,0,0,0,0,0,1,1,0,0,0,0,0,0,1,0,0,0,0,1,0,0,1,0,1,1,1,0,0,0,0,0,0,0,1,1,1,0,1,0,0,0,0,0,0,1,0,0,0,1,2,0,0,0,0,0,0,1,0,1,0,1,1,0,0,0,0,0,0,0,0,0,0,1,0,0,0,0,0,0,1,0,0,1,0,0,0,0,0,0,0,0,0,0,0,0,0,0,0,0,0,0,0,0,0,0,0,0,0,0,0,0,0,0,0,0,0,0,0,0,0,0,0,0,0,0,0,0,0,0,0,0,0,0,0,0,0,0,0,0,0,0,0,0,0,0,0,0,0,0,0,0,0,0,0,0,0,0,0,0,0,0,0,0,0,0,0,0,0,0,0,0,0,0,0,0,0,0,0
0,0,0,0,0,0,0,0,0,0,0,0,0,0,1,0,0,0,0,0,0,0,0,0,0,0,0,0,0,0,0,0,0,0,0,0,0,0,1,1,0,0,1,1,0,0,0,0,0,0,0,0,0,0,2,0,0,1,1,1,1,1,1,0,1,0,0,0,1,1,0,0,0,0,1,0,0,0,1,0,0,0,1,0,0,0,0,1,0,0,0,1,0,0,0,0,0,0,0,0,0,0,0,1,0,0,0,0,0,0,1,0,0,0,0,1,0,0,0,0,0,0,0,0,0,0,0,0,0,0,0,0,0,0,0,0,0,0,0,0,0,0,0,0,0,0,0,0,0,0,0,0,0,0,0,0,0,0,0,0,0,0,0,0,0,0,0,0,0,0,0,0,0,0,0,0,0,0,0,0,0,0,0,0,0,0,0,0,0,0,0,0,0,0,0,0,0,0,0,0
0,0,0,0,0,0,0,0,0,0,0,0,0,0,0,0,0,0,0,0,0,0,0,0,0,0,0,1,0,0,0,0,0,2,0,0,1,0,0,0,2,1,0,1,0,0,0,0,1,1,1,0,1,0,0,0,1,1,0,1,2,0,0,0,1,0,0,0,1,0,0,0,0,1,0,0,0,0,0,0,0,0,0,0,1,1,0,0,0,0,1,0,0,0,0,0,0,0,0,0,0,0,0,0,0,0,0,0,0,1,0,0,0,0,0,0,0,0,0,0,0,0,0,0,0,1,0,0,0,0,0,0,0,0,0,0,0,0,0,0,0,0,0,0,0,0,0,0,0,0,0,0,0,0,0,0,0,0,0,0,0,0,0,0,0,0,0,0,0,0,0,0,0,0,0,0,0,0,0,0,0,0,0,0,0,0,0,0,0,0,0,0,0,0,0,0,0,0,0,0
0,0,0,0,0,0,0,0,0,0,0,0,0,0,0,0,0,0,0,0,0,0,0,1,0,0,0,0,0,0,0,0,0,0,0,2,0,0,1,0,0,0,0,0,1,0,1,1,0,0,3,0,0,0,0,0,1,1,1,1,0,0,0,2,1,1,0,0,2,3,0,1,1,1,1,1,1,1,0,0,0,1,0,1,0,0,0,0,0,1,0,0,0,0,0,0,0,0,0,0,0,0,0,0,0,0,0,0,0,0,0,0,0,0,0,0,0,0,0,0,0,0,0,0,0,1,0,0,0,0,0,0,0,0,0,0,0,0,0,0,0,0,0,0,0,0,0,0,0,0,0,0,0,0,0,0,0,0,0,0,0,0,0,0,0,0,0,0,0,0,0,0,0,0,0,0,0,0,0,0,0,0,0,0,0,0,0,0,0,0,0,0,0,0,0,0,0,0,0,0
0,0,0,0,0,0,0,0,0,0,0,0,0,0,0,0,0,1,0,0,1,0,0,1,0,0,0,0,0,0,0,0,0,0,0,0,0,0,0,0,1,0,0,1,0,0,0,0,0,0,2,0,0,1,0,0,0,0,0,0,0,2,0,0,0,0,0,0,1,1,0,1,1,0,0,0,0,0,1,1,0,0,1,0,0,0,0,0,0,0,0,0,0,0,0,0,0,0,0,1,0,0,0,0,0,0,0,0,0,0,0,0,0,0,0,0,0,0,0,0,0,0,0,0,0,0,0,0,0,0,0,0,0,0,0,0,0,0,0,0,0,0,0,0,0,0,0,0,0,0,0,0,0,0,0,0,0,0,0,0,0,0,0,0,0,0,0,0,0,0,0,0,0,0,0,0,0,0,0,0,0,0,0,0,0,0,0,0,0,0,0,0,0,0,0,0,0,0,0,0
0,0,0,0,0,0,0,0,0,0,0,0,0,0,1,0,0,0,0,0,0,0,0,0,0,0,0,0,0,0,0,1,0,0,0,1,1,0,0,0,1,0,1,0,0,1,1,0,1,0,0,0,1,0,0,0,1,1,0,0,1,2,0,0,1,0,1,1,0,0,1,0,0,0,1,0,0,0,0,0,0,0,0,2,0,0,0,0,0,1,0,0,0,0,1,0,0,0,0,0,0,0,0,0,1,0,0,0,0,0,0,0,0,0,0,0,0,0,0,0,0,0,1,0,0,0,0,0,0,0,0,0,0,0,0,0,0,0,0,0,0,0,0,0,0,0,0,0,0,0,0,0,0,0,0,0,0,0,0,0,0,0,0,0,0,0,0,0,0,0,0,0,0,0,0,0,0,0,0,0,0,0,0,0,0,0,0,0,0,0,0,0,0,0,0,0,0,0,0,0
0,0,0,0,0,0,0,0,0,0,0,0,0,0,0,0,0,0,0,0,0,1,0,0,0,0,0,0,0,0,1,0,0,0,2,0,0,0,0,0,0,0,0,1,2,0,0,1,0,2,0,0,0,0,0,1,0,0,1,0,0,1,1,0,1,0,0,0,0,0,0,1,2,0,0,1,0,1,1,0,0,0,1,1,0,0,0,0,0,0,0,0,1,1,0,0,0,1,1,0,0,0,0,0,0,0,0,0,0,0,0,0,0,0,0,0,0,0,0,0,0,0,0,0,0,0,0,0,0,0,1,0,0,0,0,0,0,0,0,0,0,0,0,0,0,0,0,0,0,0,0,0,0,0,0,0,0,0,0,0,0,0,0,0,0,0,0,0,0,0,0,0,0,0,0,0,0,0,0,0,0,0,0,0,0,0,0,0,0,0,0,0,0,0,0,0,0,0,0,0
0,0,0,0,0,0,0,0,0,0,0,0,0,0,0,0,0,0,0,0,0,0,0,0,0,1,0,0,0,0,0,1,1,0,0,0,0,1,1,0,0,0,0,0,0,0,0,0,0,0,0,0,0,1,0,0,0,1,1,1,1,0,0,0,3,0,0,2,1,1,2,2,0,1,0,2,1,0,0,0,0,0,0,0,0,0,0,0,0,0,0,0,0,0,0,0,0,1,0,0,0,0,0,0,0,0,0,0,0,0,0,0,0,0,0,0,0,0,0,0,0,0,0,0,0,0,0,0,0,0,0,0,0,0,0,0,0,0,0,0,0,0,0,0,0,0,0,0,0,0,0,0,0,0,0,0,0,0,0,0,0,0,0,0,0,0,0,0,0,0,0,0,0,0,0,0,0,0,0,0,0,0,0,0,0,0,0,0,0,0,0,0,0,0,0,0,0,0,0,0
0,0,0,0,0,0,0,0,0,0,0,0,0,0,0,0,0,0,0,0,0,1,0,0,0,0,0,0,0,0,0,0,1,0,0,0,0,0,0,0,0,0,0,0,0,0,0,1,0,2,1,0,0,0,0,0,0,0,0,0,1,1,0,0,0,1,2,2,0,1,0,0,1,0,0,0,0,0,0,0,0,1,0,1,0,0,0,0,0,1,0,0,0,0,0,0,0,0,0,0,0,0,0,0,0,0,0,0,0,0,0,0,0,0,0,0,0,0,0,0,0,0,0,0,0,0,0,0,0,0,0,0,0,0,0,0,0,0,0,0,0,0,0,0,0,0,0,0,0,0,0,0,0,0,0,0,0,0,0,0,0,0,0,0,0,0,0,0,0,0,0,0,0,0,0,0,0,0,0,0,0,0,0,0,0,0,0,0,0,0,0,0,0,0,0,0,0,0,0,0
0,0,0,0,0,0,0,0,0,0,0,0,1,0,0,0,0,0,0,0,0,0,0,1,0,0,0,0,0,0,0,0,0,1,1,0,1,0,0,1,0,0,0,1,0,0,0,0,1,0,0,1,1,0,1,0,0,0,1,0,0,1,1,0,1,0,1,0,0,0,0,2,0,0,0,0,0,0,0,0,0,1,0,0,0,1,0,0,0,0,0,0,1,0,0,1,1,0,0,0,0,0,0,0,0,0,0,0,0,0,0,0,0,0,0,0,0,0,0,0,0,0,0,0,0,0,0,0,0,0,0,0,0,0,0,0,0,0,0,0,0,0,0,0,0,0,0,0,0,0,0,0,0,0,0,0,0,0,0,0,0,0,0,0,0,0,0,0,0,0,0,0,0,0,0,0,0,0,0,0,0,0,0,0,0,0,0,0,0,0,0,0,0,0,0,0,0,0,0,0
0,0,0,0,0,0,0,0,0,0,0,0,0,0,0,0,0,0,0,0,0,0,0,0,0,0,0,0,0,0,0,0,0,0,1,0,0,0,0,2,0,0,0,0,0,0,1,2,0,0,1,0,2,0,1,2,1,0,1,0,0,1,2,0,0,1,0,0,0,0,0,0,0,1,0,0,0,1,0,1,0,0,1,1,0,0,0,0,0,0,0,0,0,0,0,0,0,0,0,0,0,0,0,0,0,1,0,0,0,0,0,0,0,0,0,0,0,0,0,0,0,0,0,0,0,0,0,0,0,0,0,0,0,0,0,0,0,0,0,0,0,0,0,0,0,0,0,0,0,0,0,0,0,0,0,0,0,0,0,0,0,0,0,0,0,0,0,0,0,0,0,0,0,0,0,0,0,0,0,0,0,0,0,0,0,0,0,0,0,0,0,0,0,0,0,0,0,0,0,0
0,0,0,0,0,0,0,0,0,0,0,0,0,0,0,0,0,0,0,0,0,0,0,0,0,0,0,0,0,0,0,0,0,0,0,0,0,0,0,0,1,0,1,2,0,0,0,1,2,2,0,1,0,0,1,0,0,0,0,0,0,0,0,0,0,1,1,0,0,0,0,0,0,1,0,0,0,1,1,0,0,0,0,0,0,0,0,0,0,0,1,0,0,0,0,2,1,0,0,0,0,0,0,0,0,0,0,0,0,0,0,1,0,0,0,0,0,0,0,0,0,0,0,0,1,0,1,0,0,0,0,0,0,0,0,0,0,0,0,0,0,0,0,0,0,0,0,0,0,0,0,0,0,0,0,0,0,0,0,0,0,0,0,0,0,0,0,0,0,0,0,0,0,0,0,0,0,0,0,0,0,0,0,0,0,0,0,0,0,0,0,0,0,0,0,0,0,0,0,0
0,0,0,0,0,0,0,0,1,0,0,0,0,0,0,0,0,0,0,0,0,0,0,0,0,0,0,0,1,0,0,0,0,0,0,0,0,0,0,0,1,0,2,0,0,1,1,1,1,0,0,0,0,0,0,1,0,0,0,1,0,1,1,0,0,1,0,0,0,0,0,0,0,0,0,0,0,0,0,0,0,2,0,0,0,1,1,0,0,0,0,0,0,0,0,0,0,0,0,0,0,0,1,0,0,0,0,0,0,0,0,0,0,0,0,0,0,0,0,0,0,0,0,0,0,0,0,0,0,0,0,0,0,0,0,0,0,0,0,0,0,0,0,0,0,0,0,0,0,0,0,0,0,0,0,0,0,0,0,0,0,0,0,0,0,0,0,0,0,0,0,0,0,0,0,0,0,0,0,0,0,0,0,0,0,0,0,0,0,0,0,0,0,0,0,0,0,0,0,0
0,0,0,0,0,0,0,0,0,0,0,0,0,0,0,0,0,0,0,0,0,0,0,0,0,0,0,1,0,0,0,0,0,0,0,0,0,0,0,0,1,0,1,1,2,0,0,0,1,0,1,0,0,0,1,0,0,0,0,0,2,1,0,1,1,0,1,0,0,0,0,0,0,0,0,1,0,0,0,1,0,0,0,0,0,0,1,0,0,0,0,0,1,0,0,0,0,0,0,0,0,0,0,0,0,0,0,0,0,0,0,0,0,0,0,1,0,0,0,0,0,0,0,0,0,0,0,0,0,0,0,0,0,0,0,0,0,0,0,0,0,0,0,0,0,0,0,0,0,0,0,0,0,0,0,0,0,0,0,0,0,0,0,0,0,0,0,0,0,0,0,0,0,0,0,0,0,0,0,0,0,0,0,0,0,0,0,0,0,0,0,0,0,0,0,0,0,0,0,0
0,0,0,0,0,0,0,0,0,0,0,0,0,0,0,0,0,0,0,0,0,0,1,0,0,0,1,0,0,1,0,0,1,0,1,0,0,0,1,0,0,1,0,0,0,0,1,0,1,1,0,0,1,0,0,1,0,3,0,0,0,1,0,0,0,0,0,1,0,1,0,0,0,0,0,1,0,0,0,0,0,1,0,0,0,0,0,0,0,0,0,1,2,0,0,0,0,0,0,0,0,0,1,0,0,0,0,0,0,0,0,0,0,0,0,0,0,0,0,0,0,0,0,0,0,0,0,0,0,0,0,0,0,0,0,0,0,0,0,0,0,0,0,0,0,0,0,0,0,0,0,0,0,0,0,0,0,0,0,0,0,0,0,0,0,0,0,0,0,0,0,0,0,0,0,0,0,0,0,0,0,0,0,0,0,0,0,0,0,0,0,0,0,0,0,0,0,0,0,0
0,0,0,0,0,0,0,0,0,0,0,0,0,0,0,0,0,0,0,0,0,0,0,0,0,0,0,0,0,0,0,1,0,2,0,0,0,0,1,0,0,1,1,0,1,0,0,0,0,1,0,0,0,0,0,1,2,1,1,1,0,0,0,0,0,1,0,0,1,1,0,0,0,1,0,0,0,0,0,1,0,1,0,0,0,0,0,0,0,1,0,0,0,0,0,0,0,0,0,0,0,0,0,0,0,0,0,0,0,0,0,0,0,0,0,0,0,0,0,0,0,0,0,0,0,0,0,0,0,0,0,0,0,0,0,0,0,0,0,0,0,0,0,0,0,0,0,0,0,0,0,0,0,0,0,0,0,0,0,0,0,0,0,0,0,0,0,0,0,0,0,0,0,0,0,0,0,0,0,0,0,0,0,0,0,0,0,0,0,0,0,0,0,0,0,0,0,0,0,0
0,0,0,0,0,0,0,0,0,0,0,0,0,0,0,0,0,0,0,0,0,0,0,0,0,1,0,0,0,0,0,0,0,0,0,0,1,0,1,0,0,0,0,0,0,0,1,1,0,0,1,0,1,0,0,2,0,0,0,0,0,1,1,1,1,0,0,0,0,0,1,0,0,0,0,1,0,1,1,0,0,0,0,0,0,0,0,0,0,0,0,1,0,0,0,0,0,0,0,0,0,0,0,0,1,0,0,0,1,0,0,0,0,0,0,0,0,0,0,0,0,0,0,0,0,0,0,0,0,0,0,0,0,0,0,0,0,0,0,0,0,0,0,0,0,0,0,0,0,0,0,0,0,0,0,0,0,0,0,0,0,0,0,0,0,0,0,0,0,0,0,0,0,0,0,0,0,0,0,0,0,0,0,0,0,0,0,0,0,0,0,0,0,0,0,0,0,0,0,0
0,0,0,0,0,0,0,0,0,0,0,0,0,0,0,0,0,0,0,0,0,0,0,0,0,0,0,0,0,0,1,0,0,0,1,0,2,0,0,0,0,0,1,0,1,0,0,0,0,2,0,1,0,0,0,0,0,0,1,0,0,1,0,0,0,0,0,0,0,1,0,0,1,0,0,1,0,1,0,0,0,0,0,1,0,0,0,0,0,0,0,0,0,0,0,1,0,0,0,0,0,0,0,0,0,1,1,0,0,0,0,0,0,0,0,0,0,0,0,1,0,0,0,0,0,0,0,0,0,0,0,0,0,0,0,0,0,0,0,0,0,0,0,0,0,0,0,0,0,0,0,0,0,0,0,0,0,0,0,0,0,0,0,0,0,0,0,0,0,0,0,0,0,0,0,0,0,0,0,0,0,0,0,0,0,0,0,0,0,0,0,0,0,0,0,0,0,0,0,0
0,0,0,0,0,0,0,0,0,0,0,0,0,0,0,0,0,0,0,0,0,0,0,0,0,0,0,1,0,0,0,1,0,0,0,1,0,1,0,0,0,0,0,0,0,1,0,2,1,0,0,0,0,0,0,1,0,0,0,0,1,1,0,0,1,0,0,0,0,1,0,0,0,0,1,1,1,0,0,1,0,0,0,0,0,0,0,0,0,0,0,0,0,0,0,0,0,0,0,0,0,0,0,0,0,0,0,0,0,0,0,0,0,0,0,0,0,0,0,0,0,0,0,0,0,0,0,0,0,0,0,0,0,0,0,0,0,0,0,0,0,0,0,0,0,0,0,0,0,0,0,0,0,0,0,0,0,0,0,0,0,0,0,0,0,0,0,0,0,0,0,0,0,0,0,0,0,0,0,0,0,0,0,0,0,0,0,0,0,0,0,0,0,0,0,0,0,0,0,0
0,0,0,0,0,0,0,0,0,0,0,0,0,0,0,0,0,0,0,0,0,0,0,0,0,0,0,0,0,0,0,0,0,0,0,0,0,0,0,0,0,0,0,0,0,0,0,0,0,0,0,2,0,0,1,0,1,0,0,0,0,0,0,0,2,0,0,0,0,0,0,0,0,1,0,0,0,0,0,1,0,0,0,0,0,0,0,0,0,0,1,0,0,0,0,0,0,0,0,0,0,0,0,0,0,0,0,0,1,0,0,0,0,0,0,0,0,0,0,0,0,0,0,1,0,0,0,0,0,0,0,0,0,0,0,0,0,0,0,0,0,0,0,0,0,0,0,0,0,0,0,0,0,0,0,0,0,0,0,0,0,0,0,0,0,0,0,0,0,0,0,0,0,0,0,0,0,0,0,0,0,0,0,0,0,0,0,0,0,0,0,0,0,0,0,0,0,0,0,0
0,0,0,0,0,0,0,0,0,0,0,1,0,0,0,0,1,0,0,0,0,1,0,0,0,0,0,0,0,0,1,0,0,0,0,0,0,0,0,0,0,0,0,0,0,0,0,0,0,1,0,1,0,0,0,0,0,0,0,1,0,0,0,0,0,0,0,1,1,0,0,0,0,0,0,0,0,0,0,0,0,0,0,0,1,1,0,0,0,1,0,1,0,0,0,0,0,1,0,0,0,0,0,0,0,0,2,0,0,0,0,0,0,0,0,0,0,0,1,0,0,0,0,0,0,0,0,1,0,0,0,0,0,0,0,0,0,0,0,0,0,0,0,0,0,0,0,0,0,0,0,0,0,0,0,0,0,0,0,0,0,0,0,0,0,0,0,0,0,0,0,0,0,0,0,0,0,0,0,0,0,0,0,0,0,0,0,0,0,0,0,0,0,0,0,0,0,0,0,0
0,0,0,0,0,0,0,0,0,0,0,0,0,0,0,0,0,0,0,0,0,0,0,0,0,0,0,0,0,1,0,0,0,0,0,0,0,1,0,0,0,0,2,0,0,1,1,0,0,0,0,0,1,0,1,0,0,0,0,0,0,0,0,0,1,0,0,0,0,2,1,0,0,0,0,0,0,0,0,0,0,0,1,0,0,0,0,1,0,0,0,0,0,0,1,1,0,0,0,0,1,0,0,0,0,0,0,0,0,0,0,0,0,1,0,0,0,0,0,0,0,0,0,0,0,0,0,0,0,0,0,0,0,0,0,0,0,0,0,0,0,0,0,0,0,0,0,0,0,0,0,0,0,0,0,0,0,0,0,0,0,0,0,0,0,0,0,0,0,0,0,0,0,0,0,0,0,0,0,0,0,0,0,0,0,0,0,0,0,0,0,0,0,0,0,0,0,0,0,0
0,0,0,0,0,0,0,0,0,0,0,1,0,0,0,0,0,0,0,0,0,0,0,0,0,0,0,0,0,1,0,0,0,0,0,0,1,0,0,0,1,0,0,0,0,0,0,0,0,0,1,0,0,1,0,0,0,0,0,0,0,0,0,0,0,0,1,1,0,0,0,0,0,0,0,1,0,0,0,0,0,0,1,0,0,0,0,0,0,2,1,0,0,0,0,0,0,0,0,0,0,1,0,0,0,0,0,0,0,0,0,0,0,0,0,0,0,0,0,0,0,0,0,0,0,0,0,0,0,0,0,0,0,0,0,0,0,0,0,0,0,0,0,0,0,0,0,0,0,0,0,0,0,0,0,0,0,0,0,0,0,0,0,0,0,0,0,0,0,0,0,0,0,0,0,0,0,0,0,0,0,0,0,0,0,0,0,0,0,0,0,0,0,0,0,0,0,0,0,0
0,0,0,0,0,0,1,0,0,0,0,0,0,0,0,0,0,0,0,0,0,0,0,0,0,0,0,0,0,0,1,0,0,0,0,0,0,0,0,0,0,2,0,0,0,1,0,0,0,0,0,1,0,0,1,0,0,0,1,0,0,0,0,2,1,0,0,0,0,0,0,0,2,0,0,0,0,0,0,0,0,0,1,0,0,0,0,0,0,0,0,0,0,0,0,0,1,0,0,0,0,0,0,0,0,0,0,0,0,0,0,0,0,0,0,0,0,0,0,0,0,0,0,0,0,0,0,0,0,0,0,0,0,1,0,0,0,0,0,0,0,0,0,0,0,0,0,0,0,0,0,0,0,0,0,0,0,0,0,0,0,0,0,0,0,0,0,0,0,0,0,0,0,0,0,0,0,0,0,0,0,0,0,0,0,0,0,0,0,0,0,0,0,0,0,0,0,0,0,0
0,0,0,0,0,0,0,0,0,0,0,0,0,0,0,0,0,0,0,0,0,0,0,0,0,0,0,0,0,0,0,0,0,0,0,0,0,1,0,1,0,1,0,0,0,0,0,0,0,1,0,0,1,0,0,0,0,0,0,0,0,0,2,0,0,0,0,0,0,0,0,0,0,0,0,0,0,0,0,0,1,0,0,0,0,1,1,1,0,0,0,0,1,0,0,0,0,0,0,1,0,0,0,0,0,0,0,0,0,0,0,0,0,0,0,0,0,0,0,0,0,0,0,0,0,0,0,0,0,0,0,0,0,0,0,0,0,0,0,0,0,0,0,0,0,0,0,0,0,0,0,0,0,0,0,0,0,0,0,0,0,0,0,0,0,0,0,0,0,0,0,0,0,0,0,0,0,0,0,0,0,0,0,0,0,0,0,0,0,0,0,0,0,0,0,0,0,0,0,0
0,0,0,0,0,0,0,0,1,0,0,0,0,0,0,0,0,0,0,0,0,0,0,0,0,0,0,0,0,0,0,0,0,0,0,0,0,1,0,0,0,0,0,0,0,0,0,1,0,0,0,0,0,0,0,0,0,0,1,0,0,0,0,0,0,0,0,0,0,0,0,0,0,0,0,1,1,0,0,0,0,0,0,0,0,0,0,0,0,0,0,0,0,0,0,0,0,0,0,0,1,0,0,0,0,0,0,0,0,0,0,0,0,0,0,0,0,0,0,0,0,0,0,0,0,0,0,0,0,0,0,0,0,0,0,0,0,0,0,0,0,0,0,0,0,0,0,0,0,0,0,0,0,0,0,0,0,0,0,0,0,0,0,0,0,0,0,0,0,0,0,0,0,0,0,0,0,0,0,0,0,0,0,0,0,0,0,0,0,0,0,0,0,0,0,0,0,0,0,0
0,0,0,0,0,0,0,0,0,0,0,0,0,0,0,0,1,0,0,0,0,0,0,0,0,0,0,0,0,0,0,0,0,0,0,0,0,1,0,0,0,1,0,1,0,0,0,0,0,0,0,1,1,0,0,0,0,0,0,0,1,0,0,0,0,2,0,0,1,0,0,1,0,0,0,0,0,0,1,0,0,0,0,0,0,0,0,0,0,0,0,0,0,0,0,0,0,0,0,0,0,0,0,0,0,0,1,0,0,0,0,0,0,0,0,0,0,0,0,0,0,0,0,0,0,0,0,0,0,0,0,0,0,0,0,0,0,0,0,0,0,0,0,0,0,0,0,0,0,0,0,0,0,0,0,0,0,0,0,0,0,0,0,0,0,0,0,0,0,0,0,0,0,0,0,0,0,0,0,0,0,0,0,0,0,0,0,0,0,0,0,0,0,0,0,0,0,0,0,0
0,0,0,0,0,0,0,0,0,0,0,0,0,0,0,0,0,0,0,0,0,0,0,0,0,0,0,0,0,0,0,1,0,0,0,0,0,0,0,0,0,0,1,0,1,1,0,0,0,0,0,0,0,0,0,0,3,0,0,0,0,0,0,0,0,0,0,0,1,1,0,0,0,0,0,0,0,0,0,0,0,0,0,0,0,0,0,0,0,0,0,0,0,0,0,0,0,0,0,0,0,0,0,0,0,0,0,0,0,0,1,0,0,0,0,0,0,0,0,0,0,0,0,0,0,0,0,0,0,0,0,0,0,0,0,0,0,0,0,0,0,0,0,0,0,0,0,0,0,0,0,0,0,0,0,0,0,0,0,0,0,0,0,0,0,0,0,0,0,0,0,0,0,0,0,0,0,0,0,0,0,0,0,0,0,0,0,0,0,0,0,0,0,0,0,0,0,0,0,0
0,0,0,0,0,0,0,1,0,0,0,0,0,0,0,0,0,0,0,0,0,0,0,0,0,0,0,0,0,0,0,0,0,1,0,0,0,0,0,0,0,0,0,0,0,0,0,0,0,0,0,0,1,0,0,0,0,0,1,0,0,1,0,1,1,0,0,0,0,1,0,1,0,0,0,0,0,0,0,0,0,0,0,1,0,1,0,1,1,0,0,0,0,0,0,0,0,0,0,0,0,0,0,0,0,0,0,0,0,0,0,0,0,0,0,0,0,0,0,0,0,0,0,0,0,0,0,0,0,0,0,0,0,0,0,0,0,0,0,0,0,0,0,0,0,0,0,0,0,0,0,0,0,0,0,0,0,0,0,0,0,0,0,0,0,0,0,0,0,0,0,0,0,0,0,0,0,0,0,0,0,0,0,0,0,0,0,0,0,0,0,0,0,0,0,0,0,0,0,0
0,0,0,0,0,0,0,0,0,0,0,0,0,0,0,0,0,0,0,0,0,0,0,0,0,0,0,0,0,0,0,0,0,0,0,0,0,1,0,0,0,0,0,0,0,0,0,0,0,1,1,1,0,0,0,0,0,2,2,0,0,0,0,0,0,0,1,0,0,0,0,0,0,0,1,0,0,0,0,0,0,0,0,0,0,0,0,0,0,0,0,0,0,0,0,0,0,0,1,0,0,0,0,0,0,0,0,0,0,0,0,0,0,0,0,0,0,0,0,0,0,0,0,0,0,0,0,0,0,0,0,0,0,0,0,0,0,0,0,0,0,0,0,0,0,0,0,0,0,0,0,0,0,0,0,0,0,0,0,0,0,0,0,0,0,0,0,0,0,0,0,0,0,0,0,0,0,0,0,0,0,0,0,0,0,0,0,0,0,0,0,0,0,0,0,0,0,0,0,0
0,0,0,0,0,0,0,0,0,0,0,0,0,0,0,0,1,0,0,0,0,0,0,0,0,0,0,0,0,0,0,0,1,1,1,0,1,0,0,0,0,0,1,0,0,0,0,1,0,1,0,0,0,0,0,0,1,0,0,0,0,0,0,0,0,0,0,0,0,0,0,0,0,0,0,0,0,0,1,0,0,0,0,0,0,0,0,0,0,0,0,0,1,0,0,0,0,0,0,0,0,0,0,0,0,0,0,0,0,0,0,0,0,0,0,0,0,0,0,0,0,0,0,0,0,0,0,0,0,0,0,0,0,0,0,0,0,0,0,0,0,0,0,0,0,0,0,0,0,0,0,0,0,0,0,0,0,0,0,0,0,0,0,0,0,0,0,0,0,0,0,0,0,0,0,0,0,0,0,0,0,0,0,0,0,0,0,0,0,0,0,0,0,0,0,0,0,0,0,0
0,0,0,0,0,0,0,0,0,0,0,0,0,0,0,0,0,0,0,0,0,0,0,0,0,0,0,0,0,0,0,0,0,0,0,0,0,0,1,1,0,0,0,0,0,0,0,0,0,0,1,0,0,1,1,0,0,0,0,1,0,0,0,0,0,0,0,0,0,1,0,0,0,2,0,0,0,0,0,0,0,1,0,0,0,0,0,0,0,0,0,0,0,0,0,1,1,0,0,0,0,0,0,0,0,0,0,0,0,1,0,0,0,0,0,0,0,0,0,0,0,0,1,0,0,0,0,0,0,0,0,0,0,0,0,0,0,0,0,0,0,0,0,0,0,0,0,0,0,0,0,0,0,0,0,0,0,0,0,0,0,0,0,0,0,0,0,0,0,0,0,0,0,0,0,0,0,0,0,0,0,0,0,0,0,0,0,0,0,0,0,0,0,0,0,0,0,0,0,0
0,0,0,0,0,0,0,0,0,0,0,0,0,0,0,0,0,0,0,0,0,0,0,0,0,0,0,0,0,0,0,0,0,0,0,0,0,0,0,0,2,0,0,0,1,1,1,1,0,0,0,0,0,0,0,0,0,1,0,0,0,0,0,1,1,0,1,2,0,0,0,0,0,0,0,0,0,0,0,0,0,0,0,1,0,0,0,0,0,0,0,0,0,0,0,0,0,0,0,0,0,0,0,0,0,0,0,0,0,0,0,0,0,0,0,0,0,0,1,0,0,0,0,0,0,0,0,0,0,0,0,0,0,0,0,0,0,0,0,0,0,0,0,0,0,0,0,0,0,0,0,0,0,0,0,0,0,0,0,0,0,0,0,0,0,0,0,0,0,0,0,0,0,0,0,0,0,0,0,0,0,0,0,0,0,0,0,0,0,0,0,0,0,0,0,0,0,0,0,0
0,0,0,0,0,0,0,0,0,0,0,0,0,0,0,0,0,0,0,0,0,0,0,0,0,0,0,0,0,0,0,0,0,0,0,1,0,0,0,0,0,1,2,0,0,0,0,0,0,0,0,0,2,0,0,1,0,0,0,0,0,0,0,0,0,1,1,0,0,1,0,1,1,0,0,0,1,1,0,0,0,0,0,0,0,0,0,1,0,0,0,0,0,0,0,0,0,0,0,0,0,0,0,0,0,0,0,0,0,0,0,0,0,0,0,0,0,0,0,0,0,0,0,0,0,0,0,0,0,0,0,0,0,0,0,0,0,0,0,0,0,0,0,0,0,0,0,0,0,0,0,0,0,0,0,0,0,0,0,0,0,0,0,0,0,0,0,0,0,0,0,0,0,0,0,0,0,0,0,0,0,0,0,0,0,0,0,0,0,0,0,0,0,0,0,0,0,0,0,0
0,0,0,0,0,0,0,0,0,0,0,0,0,0,0,0,0,1,0,0,1,0,0,0,0,0,0,0,0,0,0,0,0,0,1,0,0,0,1,0,0,0,1,0,1,0,0,0,0,0,0,0,0,0,0,0,1,0,0,0,1,0,0,0,2,0,0,0,0,1,0,0,0,0,0,0,0,0,0,0,0,0,0,0,0,0,0,0,0,0,0,0,0,0,0,0,0,0,0,0,0,0,0,0,0,0,0,0,0,0,0,0,0,0,0,0,0,0,0,0,1,0,0,0,0,0,0,0,0,0,0,0,0,0,0,0,0,0,0,0,0,0,0,0,0,0,0,0,0,0,0,0,0,0,0,0,0,0,0,0,0,0,0,0,0,0,0,0,0,0,0,0,0,0,0,0,0,0,0,0,0,0,0,0,0,0,0,0,0,0,0,0,0,0,0,0,0,0,0,0
0,0,0,0,0,0,0,1,0,0,0,0,0,0,0,0,1,0,0,0,0,1,0,0,0,0,0,0,0,0,0,0,0,0,0,0,0,0,0,0,0,0,0,0,0,0,0,0,0,0,0,1,0,0,0,0,0,0,0,0,0,0,0,0,0,0,1,0,0,0,0,0,0,0,1,0,0,0,0,0,0,0,0,0,0,0,0,0,0,0,0,0,0,0,0,0,0,0,0,0,0,0,0,0,0,0,0,0,0,0,0,0,0,0,0,0,0,0,0,0,0,0,0,0,0,0,0,0,0,0,0,0,0,0,0,0,0,0,0,0,0,0,0,0,0,0,0,0,0,0,0,0,0,0,0,0,0,0,0,0,0,0,0,0,0,0,0,0,0,0,0,0,0,0,0,0,0,0,0,0,0,0,0,0,0,0,0,0,0,0,0,0,0,0,0,0,0,0,0,0
0,0,0,0,0,0,0,0,0,0,0,0,0,0,0,0,0,0,0,0,0,0,0,0,0,0,0,0,0,0,0,0,0,0,0,1,0,0,0,0,0,0,0,0,0,0,0,1,0,0,0,1,0,1,0,0,0,1,0,0,0,0,0,0,0,0,0,0,0,0,0,0,1,0,1,0,0,0,0,1,0,0,0,0,0,0,0,0,0,0,0,0,0,0,1,0,0,0,0,0,0,0,0,0,0,1,0,0,0,0,0,0,0,0,0,0,0,0,0,0,0,0,0,0,0,0,0,0,0,0,0,0,0,0,0,0,0,0,0,0,0,0,0,0,0,0,0,0,0,0,0,0,0,0,0,0,0,0,0,0,0,0,0,0,0,0,0,0,0,0,0,0,0,0,0,0,0,0,0,0,0,0,0,0,0,0,0,0,0,0,0,0,0,0,0,0,0,0,0,0
0,0,0,0,0,0,0,0,0,0,0,0,0,0,0,0,0,0,0,0,0,0,0,0,0,0,0,0,0,0,0,0,0,0,0,0,0,0,0,0,0,0,1,0,0,0,0,0,0,0,1,0,0,0,0,0,0,0,0,0,0,1,0,0,0,0,0,0,0,0,0,0,0,0,1,0,0,0,0,0,0,0,1,0,0,0,0,0,0,0,0,0,0,0,0,0,0,0,0,0,0,0,0,0,0,0,0,0,0,0,0,0,0,0,0,0,0,0,0,0,0,0,0,0,0,0,0,0,0,0,0,0,0,0,0,0,0,0,0,0,0,0,0,0,0,0,0,0,0,0,0,0,0,0,0,0,0,0,0,0,0,0,0,0,0,0,0,0,0,0,0,0,0,0,0,0,0,0,0,0,0,0,0,0,0,0,0,0,0,0,0,0,0,0,0,0,0,0,0,0
0,0,0,0,0,0,0,0,0,0,0,0,0,0,0,0,0,0,0,0,0,0,0,0,0,0,0,0,0,1,0,1,0,0,0,0,0,0,0,0,0,0,0,0,1,0,0,0,0,1,0,0,0,0,0,1,0,1,0,0,0,0,0,1,0,0,0,0,1,0,0,0,0,0,0,0,1,0,0,0,0,1,0,0,1,0,0,0,0,1,1,0,0,0,0,0,0,0,0,0,0,0,0,0,0,0,0,0,0,0,0,0,0,0,0,0,0,0,0,0,0,0,0,0,0,0,0,0,0,0,0,0,0,0,0,0,0,0,0,0,0,0,0,0,0,0,0,0,0,0,0,0,0,0,0,0,0,0,0,0,0,0,0,0,0,0,0,0,0,0,0,0,0,0,0,0,0,0,0,0,0,0,0,0,0,0,0,0,0,0,0,0,0,0,0,0,0,0,0,0
0,0,0,0,0,0,0,0,0,0,0,0,0,0,0,0,0,0,0,0,0,0,0,0,0,0,0,0,0,0,0,0,0,0,0,0,1,0,0,0,0,0,0,0,0,0,0,0,1,0,2,0,0,0,0,0,0,0,2,0,0,0,0,0,0,0,0,0,0,0,0,0,0,0,0,0,0,0,0,0,0,0,0,0,0,0,0,0,0,0,0,0,0,0,0,0,0,0,0,0,0,0,1,0,0,0,0,0,0,0,0,0,0,0,0,0,0,0,0,0,0,0,0,0,0,0,0,0,0,0,0,0,0,0,0,0,0,0,0,0,0,0,0,0,0,0,0,0,0,0,0,0,0,0,0,0,0,0,0,0,0,0,0,0,0,0,0,0,0,0,0,0,0,0,0,0,0,0,0,0,0,0,0,0,0,0,0,0,0,0,0,0,0,0,0,0,0,0,0,0
0,0,0,0,0,0,0,0,0,0,0,0,0,0,0,0,0,0,0,0,0,0,0,0,1,0,0,0,0,0,0,0,0,0,0,0,0,1,0,0,0,0,1,0,0,0,0,0,0,0,0,0,0,1,0,0,0,0,0,0,0,0,0,0,0,1,0,0,0,0,0,0,1,0,0,1,0,0,0,0,0,0,0,0,0,0,0,0,0,0,0,1,0,0,0,0,0,0,0,0,0,0,0,0,0,0,0,0,0,0,0,0,0,0,0,0,0,0,0,0,1,0,0,0,0,0,0,0,0,0,0,0,0,0,0,0,0,0,0,0,0,0,0,0,0,0,0,0,0,0,0,0,0,0,0,0,0,0,0,0,0,0,0,0,0,0,0,0,0,0,0,0,0,0,0,0,0,0,0,0,0,0,0,0,0,0,0,0,0,0,0,0,0,0,0,0,0,0,0,0
0,0,0,0,0,0,0,0,0,0,0,0,0,0,0,0,0,0,0,0,1,0,0,0,0,0,0,0,0,0,0,0,0,0,0,0,0,0,0,0,0,0,0,0,1,0,0,0,0,0,0,0,0,2,1,1,0,1,0,0,0,0,0,0,0,0,0,1,0,0,0,0,1,0,0,0,0,1,0,0,0,0,0,0,0,0,0,0,0,0,0,1,0,0,0,0,0,0,0,0,0,0,0,0,0,0,0,0,0,0,0,0,0,0,0,0,0,0,0,0,0,0,0,0,0,0,0,0,0,0,0,0,0,0,0,0,0,0,0,0,0,0,0,0,0,0,0,0,0,0,0,0,0,0,0,0,0,0,0,0,0,0,0,0,0,0,0,0,0,0,0,0,0,0,0,0,0,0,0,0,0,0,0,0,0,0,0,0,0,0,0,0,0,0,0,0,0,0,0,0
0,0,0,0,0,0,0,0,0,0,0,0,0,0,0,0,0,0,0,0,0,0,1,0,1,0,0,0,0,0,0,0,1,0,0,0,0,0,0,0,0,0,0,0,0,1,0,0,0,0,0,0,0,1,0,0,1,1,0,1,0,0,0,0,2,0,0,0,0,0,0,0,0,0,0,0,1,0,0,0,0,0,0,0,0,0,0,0,0,0,0,0,0,0,0,0,0,0,1,0,1,0,0,0,0,1,0,0,0,0,0,0,0,0,0,0,0,0,0,0,0,0,0,0,0,0,0,0,0,0,0,0,1,0,0,0,0,0,0,0,0,0,0,0,0,0,0,0,0,0,0,0,0,0,0,0,0,0,0,0,0,0,0,0,0,0,0,0,0,0,0,0,0,0,0,0,0,0,0,0,0,0,0,0,0,0,0,0,0,0,0,0,0,0,0,0,0,0,0,0
