3,6,4,8,1,6,2,13,13,6,13,10,20,23,16,18,19,36,18,43,36,41,63,55,79,80,80,72,104,100,116,111,142,171,170,153,217,207,205,245,246,333,324,308,403,316,412,463,484,520,498,600,557,655,606,723,707,689,686,794,770,791,879,864,930,962,1083,1105,1095,1025,1193,1134,1132,1196,1152,1346,1263,1287,1313,1239,1327,1176,1310,1358,1352,1249,1291,1220,1315,1290,1248,1245,1202,1174,1177,1150,1092,1133,1051,1155,1038,982,1087,1022,952,901,777,744,732,697,720,667,646,626,605,605,533,391,471,475,332,465,362,300,315,332,233,232,261,223,199,167,176,166,133,124,105,86,86,79,81,60,90,35,55,52,31,35,42,20,23,17,18,15,14,20,15,18,15,11,10,4,4,7,2,1,4,2,4,0,0,2,0,0,0,0,0,0,1,0,0,0,0,1,0,0,0,1,0,0,0,0,0,1,0,0,0,0,0,0
2,2,2,4,2,6,4,14,10,6,11,12,19,19,16,23,30,27,27,32,46,27,56,51,74,71,76,62,90,105,120,131,139,164,189,174,209,197,208,267,238,335,288,325,411,386,372,425,500,445,506,617,570,615,562,732,683,754,724,730,801,792,960,834,916,986,1040,989,1048,1025,1153,1225,1126,1163,1129,1303,1249,1339,1299,1208,1294,1166,1307,1326,1349,1119,1277,1249,1166,1244,1265,1260,1173,1114,1058,1161,1025,1055,996,1090,978,993,997,867,906,853,695,752,752,681,676,583,603,552,551,532,515,372,394,422,315,393,391,345,292,258,232,253,263,187,177,162,134,134,109,126,101,110,90,77,72,48,61,38,55,38,29,34,35,25,22,25,20,22,10,12,13,12,4,6,8,4,3,9,0,0,1,4,1,0,0,1,1,0,0,0,0,0,2,0,0,0,0,4,0,0,0,0,0,0,0,0,0,1,0,0,0,0,0,0
2,3,5,3,1,2,4,13,12,8,9,10,18,21,27,32,34,33,20,32,43,34,48,66,74,74,88,53,71,97,141,146,148,167,187,169,215,199,216,251,250,341,302,314,385,400,402,437,507,509,503,666,582,674,607,730,762,787,704,754,790,805,930,877,959,945,995,1018,1062,1066,1162,1181,1094,1167,1154,1276,1198,1265,1244,1270,1237,1186,1184,1325,1191,1204,1155,1172,1249,1200,1162,1148,1147,1076,1034,1048,1011,979,988,973,938,910,957,940,803,788,734,658,719,712,611,545,560,546,483,505,486,321,390,398,333,363,339,313,278,283,203,209,231,186,175,127,144,135,94,114,94,116,78,60,67,52,65,29,64,52,29,31,41,13,17,20,29,16,25,12,6,15,6,11,9,3,6,9,3,3,2,2,2,0,0,3,2,0,0,0,0,0,5,0,0,0,0,1,0,0,0,0,0,0,0,0,0,2,0,0,0,0,0,0
0,4,7,9,3,4,5,12,8,5,16,15,14,13,16,25,31,37,33,36,35,35,71,50,79,69,106,72,80,89,132,143,145,158,164,184,241,202,212,266,245,316,339,323,401,406,438,439,491,474,539,623,524,667,598,759,750,719,695,778,821,807,900,805,897,934,1006,1017,1098,1087,1158,1167,1118,1088,1090,1261,1191,1229,1259,1266,1216,1050,1239,1247,1225,1121,1093,1113,1183,1119,1107,1104,1120,1049,1010,966,972,987,880,990,938,819,875,821,760,735,682,702,618,676,617,549,532,454,448,485,454,294,387,391,286,368,354,289,262,250,188,246,210,186,155,149,143,111,115,101,82,91,66,72,72,33,56,41,56,42,21,35,44,20,17,21,15,14,15,16,10,20,10,4,10,6,1,5,0,0,2,1,1,0,0,1,0,0,0,0,0,0,2,0,0,0,0,4,0,0,0,1,0,0,0,0,0,0,0,0,0,0,0,0
2,2,1,12,2,6,2,13,14,8,18,12,12,15,23,15,41,37,19,47,47,40,54,38,76,82,73,76,95,117,133,143,151,183,197,164,209,219,237,252,301,338,357,338,384,399,424,427,479,491,512,581,581,602,612,747,751,762,735,784,804,798,905,862,884,944,1044,1061,1087,995,1181,1138,1028,1160,1026,1186,1186,1242,1150,1119,1156,991,1184,1230,1160,1076,1020,1181,1112,1053,1054,1147,1096,988,1027,1028,908,897,873,921,842,810,820,795,788,726,636,675,636,649,536,561,473,416,427,424,420,304,381,368,264,314,290,292,267,219,173,173,193,174,162,114,139,103,115,104,77,81,66,63,50,44,56,26,47,43,23,29,34,15,20,12,15,9,15,11,12,9,9,6,6,3,2,10,3,1,0,5,1,0,0,1,1,0,0,0,0,0,2,0,0,0,0,3,0,0,0,1,0,0,0,0,0,1,0,0,0,0,0,0
2,4,3,9,0,6,2,9,15,3,15,9,8,16,18,26,21,43,33,40,38,35,54,58,86,77,91,65,95,122,122,128,169,159,187,159,214,202,195,255,263,309,319,327,412,389,423,461,531,550,522,676,564,676,602,740,704,802,727,779,775,819,928,824,839,992,976,989,1096,1037,1130,1124,1044,1104,1054,1184,1147,1167,1121,1153,1086,1089,1095,1171,1090,1061,1020,1110,1083,1026,975,1048,1004,957,933,927,877,876,808,841,767,792,846,750,678,687,577,554,597,552,545,492,509,428,416,415,427,287,340,388,260,284,269,270,245,224,161,180,196,157,150,128,128,99,94,90,86,76,71,56,66,41,69,33,50,45,27,32,27,16,21,6,12,15,12,16,9,17,7,8,5,8,4,7,4,0,0,2,5,0,0,4,0,0,0,0,0,0,2,0,0,0,0,0,0,0,0,3,0,0,0,0,0,0,0,0,0,0,0,0
2,2,4,13,2,6,2,12,8,4,13,8,20,20,23,22,36,49,10,43,49,54,59,73,72,75,80,62,99,111,132,140,160,164,196,164,239,198,208,267,259,349,352,346,443,432,401,453,552,500,529,591,604,644,595,744,734,714,667,784,791,826,859,859,820,889,961,983,1020,1003,1109,1067,1009,1077,1031,1127,1137,1148,1084,1095,1129,1062,1152,1161,1041,1005,1031,1075,1077,1028,1009,1109,981,950,871,978,769,842,788,837,730,748,762,693,700,611,567,576,525,562,518,477,442,431,410,401,386,291,310,320,264,297,264,251,223,204,168,172,166,140,138,106,116,91,71,91,69,65,61,55,68,29,60,37,44,35,27,27,45,16,22,17,15,11,15,12,11,10,6,2,6,3,2,7,0,0,3,3,3,0,0,6,1,0,0,0,0,0,2,0,0,0,0,1,0,0,0,2,0,0,0,0,0,1,0,0,0,0,0,0
5,1,3,11,1,6,1,12,15,5,12,13,12,18,20,26,27,31,19,39,38,57,60,51,93,75,81,77,69,100,130,141,138,152,183,156,231,198,207,275,265,344,334,318,400,382,423,449,498,505,520,596,588,696,599,736,755,711,667,717,762,794,862,817,859,911,969,960,1017,964,1088,1089,1040,1057,1045,1175,1120,1032,1102,1101,1058,1015,1069,1127,1105,930,960,1000,997,965,932,966,926,826,883,826,835,850,787,785,720,690,731,657,612,642,523,537,487,503,473,409,446,394,378,386,369,263,324,355,242,266,260,251,206,194,176,172,171,142,128,110,100,100,70,81,68,89,58,47,55,49,53,22,52,31,25,25,27,13,18,18,14,18,15,18,12,14,7,7,8,5,3,7,3,2,3,4,1,0,0,5,1,0,0,0,0,0,2,0,0,0,0,1,0,0,0,0,0,0,0,0,0,1,0,0,0,0,0,0
0,6,6,8,1,5,4,13,13,4,19,7,20,19,20,24,23,33,13,39,48,38,53,63,84,87,84,65,87,116,146,121,163,157,200,191,265,217,209,260,290,372,306,372,407,396,413,419,548,511,521,613,548,608,584,760,704,733,672,740,771,778,840,805,854,965,1017,949,968,911,1063,1016,1055,1062,1012,1115,1063,1083,1051,1113,1016,1007,1087,1066,1013,928,917,1014,942,928,943,911,929,807,775,843,733,772,705,806,717,700,733,602,604,585,468,530,513,498,425,427,368,387,380,380,316,252,293,289,213,255,231,220,211,187,145,173,164,148,108,96,110,85,82,89,73,88,44,65,48,26,49,28,41,35,25,23,26,21,22,11,10,6,10,14,10,9,9,7,6,3,2,6,2,2,2,2,2,0,0,0,3,0,0,0,0,0,4,0,0,0,0,0,0,0,0,0,0,0,0,0,0,0,0,0,0,0,0,0
1,4,5,7,3,4,4,15,10,3,11,8,18,13,18,23,34,32,14,26,39,34,62,54,73,66,98,75,100,112,139,123,172,169,196,185,229,201,226,261,306,343,337,348,370,413,395,486,526,504,492,635,584,655,580,747,682,724,656,744,781,766,855,778,840,939,866,938,971,937,1064,1081,958,1052,1007,1099,1140,1016,1065,1038,1056,932,1010,1098,974,886,935,903,1009,922,892,967,854,763,823,774,716,722,714,711,619,706,688,663,577,519,495,466,488,493,451,432,370,353,346,361,319,238,263,306,186,248,235,196,200,178,139,135,135,120,127,82,115,78,85,66,65,51,62,46,48,35,46,16,40,33,19,19,20,14,18,16,14,13,17,12,9,7,5,2,6,6,1,5,3,2,1,1,1,0,0,1,1,0,0,0,0,0,2,0,0,0,0,4,0,0,0,1,0,0,0,0,0,0,0,0,0,0,0,0
2,5,5,12,3,4,0,16,7,2,18,8,15,18,20,30,28,43,19,27,46,35,55,58,92,72,72,62,93,121,125,127,147,159,200,173,222,183,229,297,273,322,289,333,382,388,417,457,496,501,486,562,591,626,569,732,677,698,686,727,742,767,858,785,818,916,907,924,954,846,1024,1028,1008,955,1016,1076,1040,1023,1041,990,990,948,908,1001,1038,941,908,926,863,867,807,881,805,800,799,742,733,714,670,669,667,594,651,651,575,524,478,441,453,453,399,390,383,345,321,319,311,218,277,243,203,270,197,221,177,188,135,148,141,99,118,100,107,92,77,70,55,66,44,43,52,36,59,31,38,32,21,14,27,11,15,10,10,14,7,6,10,16,6,5,10,2,5,4,2,0,0,5,0,0,0,2,0,0,0,0,0,0,2,0,0,0,0,1,0,0,0,0,0,0,0,0,0,1,0,0,0,0,0,0
2,7,6,7,2,7,1,12,10,5,18,15,26,17,32,24,35,24,23,34,42,41,71,57,70,73,95,67,82,112,134,142,159,164,218,186,208,179,217,279,294,349,321,309,418,411,379,450,498,510,543,617,545,624,592,707,658,694,657,794,781,752,840,734,829,867,897,913,903,855,937,949,909,941,934,1016,989,944,929,1014,1031,849,958,1050,885,848,813,917,874,876,781,840,792,730,789,703,671,688,635,666,619,607,589,586,530,543,452,440,429,435,389,342,350,323,314,299,273,181,246,257,188,237,197,179,174,151,125,139,156,125,96,91,88,83,65,80,66,75,51,52,48,32,52,25,32,27,5,17,30,13,14,12,9,10,10,7,9,5,5,4,5,4,2,6,2,2,1,2,2,0,0,1,0,0,0,0,0,0,3,0,0,0,0,3,0,0,0,1,0,0,0,0,0,0,0,0,0,0,0,0
3,5,5,10,2,1,2,12,14,4,7,4,17,19,24,22,25,33,12,37,38,46,57,54,83,84,103,60,78,103,145,155,137,158,190,197,235,196,218,278,297,365,332,349,452,402,400,445,485,521,522,572,518,662,592,710,676,763,645,726,743,710,806,766,754,864,895,902,858,858,940,958,960,889,890,975,1005,958,1014,942,978,840,1044,1002,884,819,773,845,820,800,816,823,816,755,700,705,690,690,649,670,599,547,585,567,514,511,425,425,398,394,370,329,342,293,289,271,281,196,207,236,190,213,186,183,163,145,116,109,162,92,87,77,92,67,63,52,52,44,54,46,50,35,41,15,43,25,18,36,21,13,12,16,9,8,9,4,6,5,8,10,6,6,2,5,2,1,1,4,1,0,0,3,1,0,0,0,0,0,2,0,0,0,0,0,0,0,0,0,0,0,0,0,0,2,0,0,0,0,0,0
0,4,2,15,0,4,4,24,10,11,15,13,20,14,24,23,31,34,21,39,34,41,64,49,72,77,84,74,84,109,122,125,149,179,197,161,228,208,242,252,281,350,327,322,415,364,392,453,473,446,483,587,555,632,610,718,662,663,617,706,699,753,836,679,694,806,862,829,836,810,931,858,921,948,906,939,934,907,949,935,920,838,870,1044,914,799,803,823,849,743,770,838,744,666,692,699,633,583,553,624,567,584,494,525,500,488,458,392,404,358,333,346,325,276,259,319,288,215,207,256,195,219,200,173,176,151,109,124,122,105,95,72,93,74,54,61,56,63,39,42,40,37,36,25,32,33,19,21,23,12,15,13,14,3,11,11,7,7,1,5,5,3,3,3,1,0,0,1,1,0,0,3,0,0,0,0,0,0,2,0,0,0,0,0,0,0,0,0,0,0,0,0,0,0,0,0,0,0,0,0
3,8,5,9,1,8,4,16,11,6,13,9,27,22,21,24,20,25,20,36,42,46,58,62,71,69,93,50,95,112,128,115,149,173,208,150,225,210,251,261,292,318,309,316,376,386,390,404,487,463,463,605,569,604,550,725,689,694,680,691,722,683,839,661,750,805,791,840,852,855,964,930,869,899,844,974,880,953,916,833,895,800,832,971,841,758,757,858,787,799,753,769,746,680,673,643,604,608,566,608,517,534,506,524,486,451,384,401,400,373,332,283,318,272,266,286,273,191,231,221,168,221,191,176,156,139,98,118,147,100,98,58,73,76,42,64,49,46,54,36,41,36,52,23,33,24,16,14,19,8,17,13,14,11,10,10,6,7,9,4,5,1,1,3,0,1,2,4,1,0,0,5,1,0,0,0,0,0,2,0,0,0,0,0,0,0,0,1,0,0,0,0,0,0,0,0,0,0,0,0
2,4,2,8,3,6,1,10,11,4,11,5,23,11,24,39,27,37,20,31,40,45,60,55,83,64,84,70,70,121,120,166,152,173,181,176,231,191,195,266,280,325,323,301,369,345,391,433,463,472,465,532,509,595,565,646,654,643,685,668,713,703,806,742,768,810,815,814,835,776,955,925,876,930,852,991,945,832,852,851,835,840,844,877,832,748,706,728,789,782,696,766,698,637,627,594,519,628,539,544,492,535,520,503,453,428,371,345,371,360,325,324,326,301,252,280,289,187,205,204,167,185,163,144,152,136,104,132,117,93,94,80,80,66,44,49,50,53,33,43,36,26,60,21,36,22,14,12,29,5,20,14,11,12,9,10,7,5,4,6,7,1,0,2,1,2,0,1,1,0,0,2,0,0,0,0,0,0,3,0,0,0,0,0,0,0,0,1,0,0,0,0,0,1,0,0,0,0,0,0
2,3,4,14,2,5,1,16,13,7,16,7,18,16,19,19,28,37,16,37,38,32,43,51,84,75,98,76,68,81,133,132,167,156,202,191,221,197,204,260,265,322,306,306,408,344,368,455,491,514,477,536,520,577,568,662,619,707,654,650,690,708,783,705,738,828,804,865,829,803,846,896,871,843,828,917,847,845,890,851,830,747,838,864,788,759,695,758,742,780,743,752,668,623,577,644,606,532,493,532,500,461,514,468,423,434,358,343,373,326,314,290,287,262,225,239,220,188,197,202,170,190,168,156,152,113,106,107,109,90,91,58,76,62,53,51,44,46,43,33,34,26,31,19,38,18,14,13,28,10,12,12,8,6,7,8,7,12,8,5,7,4,2,4,1,1,1,3,2,0,0,0,0,0,0,0,0,0,1,0,0,0,0,0,0,0,0,0,0,0,0,0,0,0,0,0,0,0,0,0
0,9,3,14,2,5,4,17,7,4,16,11,22,16,25,33,28,30,20,31,42,41,49,53,69,68,85,96,81,119,138,138,171,164,187,163,251,189,190,281,272,315,330,330,380,340,378,417,489,443,479,536,557,556,530,661,612,653,605,666,718,652,756,697,712,740,765,759,822,714,883,870,757,827,765,879,893,784,845,812,738,743,854,844,771,721,711,747,733,701,662,685,644,614,562,576,546,554,534,515,461,506,491,476,429,388,313,357,346,353,261,269,274,222,246,219,229,156,168,200,170,167,165,121,148,129,90,92,111,71,93,59,62,71,52,47,39,55,40,32,33,23,40,16,21,23,15,11,20,10,16,9,8,4,9,7,8,8,1,5,6,4,3,2,0,1,1,0,0,0,0,3,0,0,0,0,0,0,1,0,0,0,0,1,0,0,0,1,0,0,0,0,0,0,0,0,0,0,0,0
1,3,2,12,0,6,1,15,7,3,19,11,25,22,31,26,24,37,10,28,34,35,57,58,72,67,81,46,77,103,130,126,167,152,188,148,224,189,186,281,278,319,279,292,372,368,378,413,463,438,448,560,539,575,562,658,633,629,613,636,643,696,748,646,739,710,740,807,792,770,855,880,847,785,799,832,814,870,820,815,888,708,779,834,707,667,729,701,671,694,620,698,621,583,597,556,534,510,539,507,461,467,473,445,419,408,324,291,339,308,267,263,267,241,252,258,219,127,203,198,148,163,144,142,133,110,86,99,93,82,73,67,80,57,44,40,40,48,36,22,32,14,37,14,33,19,15,11,21,7,11,12,7,10,2,9,6,9,3,9,6,3,1,3,0,0,2,2,1,0,0,2,1,0,0,0,0,0,3,0,0,0,0,2,0,0,0,1,0,0,0,0,0,1,0,0,0,0,0,0
2,3,2,9,0,4,2,15,10,2,18,11,17,13,19,24,36,39,12,36,40,35,69,60,97,76,87,66,70,95,118,131,138,152,182,166,236,198,229,250,234,293,281,282,367,333,359,415,451,451,445,527,531,580,515,661,594,643,542,637,671,664,675,619,618,727,761,751,764,731,828,821,735,823,726,856,842,779,775,765,806,681,731,820,682,667,647,677,701,653,642,654,571,605,587,527,519,551,489,501,423,481,452,433,350,374,296,325,313,297,299,276,234,245,190,225,207,142,169,181,134,148,144,167,120,110,83,111,93,85,84,56,70,44,43,46,46,48,35,27,37,19,28,21,29,17,10,17,23,8,9,11,8,2,7,3,10,7,2,2,2,1,1,1,1,0,0,5,1,0,0,2,0,0,0,0,0,0,1,0,0,0,0,2,0,0,0,0,0,0,0,0,0,0,0,0,0,0,0,0
1,0,2,15,2,6,1,11,13,1,11,11,17,17,21,24,33,33,10,35,36,44,54,63,74,72,90,58,63,106,148,123,157,154,180,166,235,188,220,258,261,345,285,299,355,369,376,448,472,446,470,524,497,559,517,602,616,584,572,649,622,649,709,646,693,678,749,766,771,771,816,798,724,784,703,871,804,810,789,805,708,649,702,753,730,650,616,621,633,674,614,601,568,543,551,506,472,471,471,494,423,410,409,376,395,342,350,314,299,299,252,244,238,242,201,215,198,132,173,174,130,147,122,123,146,96,78,81,122,70,68,57,68,55,44,45,31,30,21,25,44,36,35,12,29,19,10,18,19,5,12,5,8,8,9,5,8,5,6,1,5,4,4,5,2,1,2,2,0,0,0,1,1,0,0,0,0,0,1,0,0,0,0,0,0,0,0,1,0,0,0,0,0,1,0,0,0,0,0,0
3,8,3,11,4,8,0,11,10,6,15,7,28,24,16,27,33,24,17,40,41,40,62,55,79,85,78,64,63,103,126,125,153,164,210,174,202,189,204,268,252,304,284,308,360,343,357,395,418,450,441,517,490,575,503,635,641,600,570,517,655,622,745,626,641,690,743,756,715,721,814,722,713,775,688,773,759,781,735,827,688,677,646,779,681,622,603,602,615,629,568,592,620,549,489,504,450,496,452,456,408,414,415,400,365,361,309,326,288,276,248,265,217,199,190,180,196,147,167,172,144,165,122,115,100,95,85,98,86,83,48,55,61,50,41,37,39,44,32,38,32,20,42,17,24,15,12,17,20,11,11,6,9,8,7,6,4,6,6,2,1,2,0,5,0,1,2,4,1,0,0,5,1,0,0,0,0,0,2,0,0,0,0,3,0,0,0,1,0,0,0,0,0,1,0,0,0,0,0,0
1,3,1,12,1,4,3,11,13,1,17,11,19,11,19,28,20,27,14,31,38,52,58,46,65,72,87,68,78,101,113,126,162,143,166,155,216,177,210,257,263,289,274,259,359,329,372,398,395,424,423,480,487,558,520,596,558,648,547,631,619,593,642,600,659,706,698,719,733,665,765,798,773,722,686,756,749,741,723,710,732,640,717,690,646,598,629,604,613,605,519,579,563,488,483,502,446,445,409,444,385,376,385,353,379,327,286,303,280,265,215,239,213,218,187,204,201,137,162,150,130,137,128,138,105,85,71,74,75,72,68,54,59,50,41,48,35,43,22,31,33,8,40,19,26,24,8,11,26,10,14,8,7,7,8,7,4,4,3,4,5,2,1,5,1,1,0,4,3,0,0,1,1,0,0,0,0,0,2,0,0,0,0,2,0,0,0,1,0,0,0,0,0,1,0,0,0,0,0,0
3,0,1,7,2,2,0,12,14,7,28,5,16,18,19,24,32,24,17,29,44,42,57,51,81,79,79,71,74,112,115,121,125,157,171,148,198,190,171,235,250,298,268,301,357,357,332,385,453,409,443,488,453,526,505,628,529,577,576,524,611,607,678,585,672,677,718,716,714,640,705,741,677,690,659,750,712,736,732,735,681,648,685,684,628,640,547,592,586,530,527,584,525,504,457,433,454,409,399,402,391,372,390,342,316,292,294,262,269,278,225,212,188,190,152,192,184,131,162,142,107,136,120,120,91,109,73,81,74,66,59,42,65,51,28,51,31,40,29,31,22,18,25,13,14,22,7,11,24,9,14,7,7,7,5,7,0,4,1,5,3,2,0,5,2,0,0,2,0,0,0,1,0,0,0,0,0,0,0,0,0,0,0,2,0,0,0,0,0,0,0,0,0,0,0,0,0,0,0,0
2,4,1,15,2,5,1,13,15,2,13,2,17,13,21,28,14,30,11,22,25,34,58,39,74,69,82,54,101,87,148,125,139,167,172,180,221,172,177,266,227,295,260,304,332,359,342,374,413,426,428,503,492,519,462,620,540,514,608,590,566,558,648,609,637,680,691,693,690,655,732,756,712,692,678,706,701,730,671,636,657,663,602,680,594,557,594,575,510,568,523,548,470,464,463,454,387,413,388,418,385,376,361,345,316,320,259,238,227,277,244,222,216,191,191,203,169,114,134,148,105,127,126,121,101,92,57,71,74,69,54,50,56,52,41,33,25,26,30,27,25,11,17,9,23,25,9,8,12,10,9,1,6,6,7,9,6,7,2,1,2,4,0,1,1,0,2,4,1,0,0,2,0,0,0,0,0,0,0,0,0,0,0,1,0,0,0,1,0,0,0,0,0,1,0,0,0,0,0,0
2,3,5,8,0,8,3,14,12,6,10,10,13,9,27,27,34,25,25,43,35,34,56,59,66,68,76,49,68,88,137,119,134,142,169,161,213,169,205,214,248,298,244,286,317,307,354,342,432,443,412,497,462,530,463,532,518,575,565,553,596,612,619,525,610,607,697,654,660,670,736,736,613,704,597,676,684,718,686,639,627,608,602,643,564,532,553,549,538,496,496,522,463,412,488,435,388,442,382,415,332,360,357,320,314,284,241,294,240,210,223,213,198,182,170,161,173,121,133,143,96,137,115,122,91,77,62,65,102,48,59,41,55,48,49,39,26,32,26,16,24,22,24,14,22,21,16,9,7,10,11,4,9,8,5,6,4,5,5,5,1,5,1,4,0,2,1,1,1,0,0,1,0,0,0,0,0,0,0,0,0,0,0,0,0,0,0,0,0,0,0,0,0,2,0,0,0,0,0,0
0,2,5,9,2,3,4,13,10,1,9,9,23,11,23,20,24,47,18,30,54,39,59,56,53,62,81,62,84,95,114,131,126,135,172,158,209,168,170,233,244,321,286,269,329,305,322,333,371,437,397,478,440,489,456,588,537,555,511,561,571,557,661,564,603,660,642,616,634,638,709,628,629,665,583,704,648,663,683,625,613,571,573,682,589,508,521,513,552,482,498,549,421,462,436,431,420,421,374,402,309,314,345,307,279,291,250,240,207,226,211,201,199,202,164,166,157,108,133,153,110,125,125,89,96,85,60,65,75,55,61,45,61,41,37,32,30,26,31,15,20,16,32,8,17,20,10,15,19,9,5,1,5,3,11,7,7,6,2,2,2,1,1,2,1,4,1,5,0,0,0,1,1,0,0,0,0,0,3,0,0,0,0,0,0,0,0,0,0,0,0,0,0,0,0,0,0,0,0,0
1,2,1,12,3,5,3,7,10,0,14,16,16,14,19,20,34,32,22,34,37,27,51,63,72,78,90,52,70,92,111,115,126,139,162,133,222,198,197,216,224,294,260,254,365,298,324,390,380,389,433,449,478,494,457,553,555,526,492,545,550,556,653,530,579,571,679,650,609,618,708,684,624,663,552,648,646,631,627,616,588,585,577,561,596,493,531,523,550,455,479,476,482,401,406,414,365,373,387,348,292,306,325,305,296,309,244,227,220,220,222,188,190,190,152,153,168,104,121,118,86,126,97,86,102,81,63,71,56,50,52,37,45,41,22,36,26,31,20,20,27,14,28,11,15,20,8,9,11,5,11,5,7,5,8,9,5,4,0,2,4,1,1,7,1,0,1,2,1,0,0,3,1,0,0,0,0,0,1,0,0,0,0,0,0,0,0,1,0,0,0,0,0,1,0,0,0,0,0,0
2,8,1,16,0,0,1,18,7,5,12,9,17,15,17,23,26,36,18,31,43,28,62,53,62,67,79,57,55,82,116,141,131,140,168,159,191,161,196,251,231,286,243,233,315,333,334,359,400,418,388,462,433,496,415,578,492,518,497,547,524,562,537,519,570,581,631,596,642,549,668,632,612,669,554,676,614,680,597,610,595,541,524,604,502,497,490,486,519,480,486,461,449,423,414,398,335,351,344,372,310,340,321,280,293,269,223,212,217,216,203,182,165,169,180,139,147,96,154,139,106,107,95,90,95,70,62,54,66,50,40,49,62,32,35,30,26,25,33,22,24,12,21,12,20,15,7,10,7,9,6,3,7,3,5,5,4,6,4,1,1,3,0,1,1,0,0,2,1,0,0,2,0,0,0,0,0,0,0,0,0,0,0,1,0,0,0,0,0,0,0,0,0,1,0,0,0,0,0,0
3,7,1,9,0,5,6,12,16,4,16,6,6,15,24,20,17,22,13,28,38,46,54,44,61,78,81,55,65,104,106,115,136,157,169,150,189,153,194,219,223,257,284,272,328,288,343,360,392,411,386,467,434,507,483,539,496,522,501,534,533,518,550,522,543,632,609,616,597,572,650,638,618,579,581,608,601,576,586,551,585,506,528,562,527,492,477,502,483,465,427,464,379,375,388,396,341,377,300,329,339,271,298,281,266,240,231,210,220,213,174,213,165,168,138,133,127,101,130,118,100,107,102,101,69,76,65,74,59,62,44,27,38,47,30,30,31,34,20,22,23,15,25,7,16,20,9,8,14,4,2,11,3,4,6,3,8,6,2,2,0,1,2,1,0,0,3,2,2,0,0,2,0,0,0,0,0,0,0,0,0,0,0,0,0,0,0,1,0,0,0,0,0,0,0,0,0,0,0,0
2,5,1,13,1,3,1,7,11,4,11,7,18,12,13,22,29,35,16,35,39,47,58,42,61,63,62,57,70,92,129,126,134,145,176,143,192,184,181,213,229,274,247,259,323,328,309,339,382,378,383,421,418,451,450,481,521,510,502,455,545,526,570,516,549,527,583,605,586,523,588,627,590,625,537,636,583,597,536,560,536,520,526,594,491,484,444,485,466,463,430,430,398,390,400,385,361,339,312,307,289,274,281,257,278,280,202,210,188,218,164,185,174,187,112,144,119,102,128,124,90,113,84,89,75,82,57,54,50,58,53,31,48,30,27,30,15,14,26,18,21,17,25,8,14,17,4,10,17,8,11,6,8,4,4,8,2,7,1,1,0,0,1,1,0,0,0,0,0,0,0,2,0,0,0,0,0,0,1,0,0,0,0,0,0,0,0,0,0,0,0,0,0,1,0,0,0,0,0,0
1,4,2,12,2,5,2,6,11,5,14,9,20,12,24,37,23,27,13,29,39,33,53,43,80,55,68,70,65,70,95,125,129,133,157,133,195,150,192,247,225,260,243,261,321,272,327,322,361,357,374,461,433,463,394,522,488,487,477,450,495,496,549,487,541,554,548,548,525,529,612,622,622,591,526,575,607,567,543,561,513,497,488,569,512,450,427,426,479,478,437,408,434,404,336,349,326,320,294,333,284,295,304,261,236,236,213,229,192,186,164,166,167,148,143,145,129,79,109,110,79,113,87,71,71,87,56,64,59,35,62,38,42,41,28,32,31,19,27,19,16,11,28,16,13,16,6,10,15,6,7,5,6,3,7,5,0,4,2,2,2,2,1,2,0,0,0,4,1,0,0,0,1,0,0,0,0,0,0,0,0,0,0,2,0,0,0,1,0,0,0,0,0,0,0,0,0,0,0,0
0,4,1,8,1,3,4,15,10,3,13,7,10,15,15,29,20,31,16,22,55,38,45,58,69,57,69,66,68,92,122,123,134,146,135,127,210,150,176,219,228,279,195,235,292,284,302,333,380,365,354,437,437,417,432,487,449,485,444,451,470,480,562,511,498,552,560,565,531,537,642,571,537,589,525,630,557,503,542,509,508,482,468,489,467,422,435,457,432,393,426,395,393,374,370,357,309,312,299,338,301,280,289,232,225,216,217,193,178,201,154,167,148,163,133,126,116,96,97,138,82,110,106,83,82,69,49,52,59,56,41,33,47,32,24,45,17,31,21,21,22,7,24,9,16,10,8,7,10,1,6,6,4,5,6,5,9,3,3,1,1,2,1,3,2,1,0,1,2,0,0,1,0,0,0,0,0,0,3,0,0,0,0,1,0,0,0,1,0,0,0,0,0,0,0,0,0,0,0,0
1,2,4,13,0,5,1,5,14,2,19,7,18,15,18,24,25,24,15,28,33,34,38,45,64,63,75,70,71,75,116,118,120,129,178,120,163,171,183,221,205,260,224,231,321,286,314,304,346,390,343,442,371,453,386,474,466,465,449,485,487,482,533,473,555,536,563,548,550,508,612,586,533,578,470,555,540,528,533,498,529,461,464,554,508,436,410,444,409,378,404,401,355,354,334,328,354,323,291,337,237,255,261,249,215,226,186,180,165,190,153,155,148,148,129,143,120,77,112,121,63,105,72,73,82,57,49,54,67,47,36,34,45,40,31,23,24,22,26,17,16,4,12,14,17,20,5,5,9,9,4,0,8,5,7,6,3,6,1,5,3,2,0,4,0,1,1,2,1,0,0,1,0,0,0,0,0,0,0,0,0,0,0,2,0,0,0,0,0,0,0,0,0,1,0,0,0,0,0,0
2,3,0,9,0,0,3,8,9,2,12,7,11,8,8,34,25,30,12,30,29,34,49,45,59,55,71,67,71,77,116,101,131,118,151,126,153,136,179,214,220,277,217,236,280,300,255,287,336,370,351,420,413,450,360,464,441,460,453,466,466,433,514,499,493,494,543,516,548,509,539,558,503,535,505,565,526,502,460,541,503,420,454,494,446,421,424,412,408,384,374,426,361,327,319,328,260,297,264,291,289,260,243,239,209,225,170,175,184,183,159,148,157,139,148,144,142,101,95,125,77,96,83,90,77,56,59,57,57,40,34,41,35,29,24,30,25,27,16,14,16,11,23,9,13,13,8,7,11,7,7,8,6,1,5,5,6,7,2,5,2,2,1,0,1,0,2,4,0,0,0,1,1,0,0,0,0,0,0,0,0,0,0,1,0,0,0,0,0,0,0,0,0,1,0,0,0,0,0,0
0,4,1,6,3,4,2,13,11,3,15,9,19,10,10,24,21,27,14,32,43,28,43,38,68,61,60,45,52,76,112,98,146,124,159,146,176,161,147,206,199,260,244,218,271,274,272,338,354,344,344,400,369,416,375,445,411,449,432,427,503,483,502,424,462,475,527,508,516,520,578,554,534,525,472,585,533,508,505,490,500,411,459,525,448,381,400,415,425,405,380,398,338,337,310,333,295,308,282,278,256,227,235,248,204,215,193,189,147,166,148,173,147,134,110,117,112,95,103,96,74,92,77,71,59,57,42,61,55,40,39,29,28,26,27,25,32,26,25,26,15,11,23,13,18,9,5,9,8,5,5,5,3,1,6,4,0,5,1,4,2,0,1,0,0,0,0,1,2,0,0,2,0,0,0,0,0,0,1,0,0,0,0,1,0,0,0,0,0,0,0,0,0,1,0,0,0,0,0,0
3,4,2,10,1,4,2,11,15,6,9,5,10,16,13,27,23,31,11,25,41,32,50,45,65,63,57,52,65,84,117,105,128,134,151,135,190,146,149,179,208,262,211,204,316,285,285,324,349,346,330,403,362,399,356,465,421,446,426,430,426,445,524,418,456,484,560,536,539,466,547,547,538,493,439,492,515,527,522,447,481,392,450,436,412,383,380,398,376,372,357,333,340,332,312,314,279,308,277,274,219,229,233,203,212,212,190,164,184,184,150,135,141,119,126,120,82,73,86,103,64,99,73,64,73,49,40,50,47,36,35,28,34,26,26,17,12,30,19,13,12,8,25,5,17,14,8,11,14,2,8,6,9,0,5,5,6,4,2,2,3,4,2,2,0,1,1,2,1,0,0,2,0,0,0,0,0,0,0,0,0,0,0,0,0,0,0,1,0,0,0,0,0,1,0,0,0,0,0,0
1,9,2,15,2,3,1,13,13,4,13,6,8,12,20,15,20,29,17,22,26,35,47,49,49,58,65,54,59,85,92,114,136,130,145,132,186,118,174,200,210,239,196,217,264,251,251,308,331,306,304,398,346,398,361,433,401,430,426,398,457,417,474,401,480,464,467,488,488,474,545,531,485,496,434,546,516,467,437,432,387,436,454,459,420,380,372,321,369,374,373,371,335,290,288,308,272,256,268,267,234,212,227,212,196,190,187,176,174,165,141,137,147,128,106,101,111,62,79,87,71,86,74,76,72,52,40,57,38,45,27,21,33,25,17,29,13,18,15,22,12,11,25,9,20,14,5,8,15,5,6,7,9,3,5,5,6,3,1,1,4,3,0,3,0,2,0,2,0,0,0,1,0,0,0,0,0,0,0,0,0,0,0,0,0,0,0,0,0,0,0,0,0,2,0,0,0,0,0,0
0,2,1,9,1,5,2,11,13,2,10,5,15,15,20,26,19,21,14,29,34,28,37,52,57,68,80,67,58,90,84,101,116,102,146,133,157,140,177,183,200,257,213,241,267,281,286,321,314,333,317,396,387,428,347,432,399,420,398,422,430,453,452,449,480,463,481,486,485,454,529,543,503,481,454,531,465,452,486,421,424,372,419,422,416,318,390,364,348,354,342,330,332,269,317,301,287,248,250,227,210,228,209,190,204,177,129,132,148,138,158,127,149,106,110,102,105,65,96,90,55,83,69,64,60,45,40,43,46,30,49,28,30,23,24,22,12,17,20,11,13,9,13,11,15,8,7,14,10,3,4,9,6,3,8,2,3,3,2,0,3,3,1,2,3,0,0,0,0,0,0,0,1,0,0,0,0,0,2,0,0,0,0,0,0,0,0,0,0,0,0,0,0,2,0,0,0,0,0,0
5,6,2,9,1,3,1,10,9,1,20,10,18,10,10,13,16,25,9,39,38,26,61,33,60,49,50,61,63,84,93,112,96,157,131,133,164,144,175,170,194,235,213,226,268,268,292,299,327,311,302,374,375,384,344,470,397,432,404,390,403,426,428,428,429,465,470,440,469,471,489,485,452,472,411,464,431,466,403,450,432,409,396,429,372,351,311,362,337,300,326,312,291,313,274,270,282,265,223,224,219,214,232,198,195,174,166,153,142,159,109,136,111,120,109,107,104,85,80,86,70,86,60,60,71,51,46,41,40,39,33,26,26,29,18,19,19,16,20,15,15,8,16,8,13,9,8,10,8,7,8,7,4,2,3,5,3,1,4,0,1,1,0,2,0,0,0,0,2,0,0,0,0,0,0,0,0,0,1,0,0,0,0,0,0,0,0,0,0,0,0,0,0,0,0,0,0,0,0,0
2,3,2,10,1,3,1,7,9,6,16,10,14,14,21,29,23,34,9,27,30,21,44,44,55,56,72,43,60,83,100,91,121,110,123,113,161,144,166,194,168,236,190,206,232,273,279,301,282,310,318,361,345,340,381,430,395,402,375,421,424,444,444,443,440,485,509,478,450,385,492,435,425,465,470,517,403,442,426,435,414,381,371,415,385,332,349,351,353,354,298,314,296,252,283,257,241,252,225,239,209,226,190,201,180,161,139,146,146,159,111,109,116,105,100,99,95,88,93,92,60,82,73,69,53,40,47,43,46,38,27,29,17,20,12,19,17,25,17,14,8,7,21,9,5,9,9,3,15,5,6,3,2,3,2,4,4,3,2,3,2,1,1,2,2,0,0,0,0,0,0,2,0,0,0,0,0,0,0,0,0,0,0,1,0,0,0,1,0,0,0,0,0,0,0,0,0,0,0,0
0,2,1,12,0,4,2,11,8,0,5,3,11,11,15,20,27,21,12,21,30,31,45,42,48,53,66,55,62,83,84,96,109,123,127,129,167,141,148,191,194,234,206,206,258,250,252,269,306,322,277,358,340,367,303,434,382,410,385,414,382,405,424,433,391,437,453,470,439,402,449,474,432,443,418,454,423,457,450,416,378,379,363,406,400,320,322,330,324,329,264,337,290,290,259,255,222,276,237,230,178,197,220,167,159,184,151,146,133,142,105,107,101,109,89,98,87,71,83,87,61,89,70,59,60,49,36,51,40,34,34,16,19,24,20,16,14,31,18,12,9,12,23,8,12,8,8,7,6,5,5,4,3,2,4,2,2,2,0,1,3,2,1,0,0,0,0,3,0,0,0,0,1,0,0,0,0,0,1,0,0,0,0,0,0,0,0,0,0,0,0,0,0,0,0,0,0,0,0,0
0,0,1,4,1,1,0,12,9,2,17,7,12,9,14,18,18,20,8,28,30,23,43,43,51,49,72,45,69,65,89,98,119,107,144,112,150,113,153,191,161,242,211,179,290,281,260,287,314,301,283,371,314,361,356,378,399,399,375,352,358,404,444,365,408,388,420,505,417,419,461,436,466,421,370,445,450,400,402,433,386,342,376,359,377,284,299,341,310,301,289,305,280,277,242,231,242,215,203,218,202,170,203,194,159,163,132,156,132,162,127,105,118,101,109,85,73,60,67,84,69,84,59,55,50,45,39,35,42,43,34,32,24,25,13,19,16,18,12,6,9,7,8,11,10,14,4,6,6,2,8,6,4,2,2,2,2,1,3,7,4,2,0,0,0,0,0,0,1,0,0,0,0,0,0,0,0,0,1,0,0,0,0,0,0,0,0,0,0,0,0,0,0,0,0,0,0,0,0,0
2,5,1,10,1,4,0,9,6,5,16,7,12,6,17,18,19,19,7,19,30,29,44,40,47,61,69,43,76,73,111,98,101,97,148,130,180,133,125,164,195,199,184,215,257,208,263,244,298,289,328,345,287,372,323,400,385,397,375,378,378,363,424,402,368,424,403,414,392,419,428,438,418,420,386,414,419,419,375,367,412,369,300,343,354,312,327,327,310,287,293,277,248,239,242,259,200,248,166,179,200,191,171,168,153,145,122,137,118,147,122,136,120,100,82,110,96,57,66,78,48,71,72,57,55,38,36,36,34,30,39,27,29,20,15,22,16,14,17,15,10,8,16,3,7,7,11,6,7,5,4,3,5,3,1,2,1,2,2,1,1,1,0,1,1,0,0,0,1,0,0,0,0,0,0,0,0,0,0,0,0,0,0,0,0,0,0,0,0,0,0,0,0,0,0,0,0,0,0,0
1,1,0,12,1,3,2,15,6,4,7,5,12,7,9,16,22,17,12,22,23,25,47,34,54,56,66,34,59,70,101,96,103,114,118,120,151,125,141,179,160,216,195,203,238,233,231,266,314,284,299,308,322,357,323,407,406,365,346,354,400,394,406,376,375,417,401,432,426,441,467,430,395,384,382,411,381,388,351,375,363,351,329,380,345,291,295,299,287,285,271,309,261,250,221,237,221,199,198,201,182,192,163,173,149,133,127,140,129,116,128,103,108,106,95,78,72,50,62,84,62,83,56,50,42,32,33,40,38,28,27,22,19,26,18,23,15,19,14,11,14,5,15,5,7,8,5,7,11,3,3,2,10,1,1,1,2,3,5,0,3,2,0,0,1,0,2,1,1,0,0,0,0,0,0,0,0,0,1,0,0,0,0,1,0,0,0,0,0,0,0,0,0,0,0,0,0,0,0,0
1,3,1,5,0,3,2,9,6,5,9,7,9,15,15,17,20,19,11,28,33,23,47,39,57,54,64,32,57,74,69,82,106,102,117,114,128,116,135,216,160,197,202,204,259,235,218,241,299,243,261,363,309,322,325,395,334,349,344,353,355,381,371,321,377,376,384,439,382,394,463,397,383,377,329,378,355,382,381,379,388,334,338,346,335,288,266,309,280,248,246,272,264,230,237,224,206,214,200,218,161,192,182,161,157,163,120,128,116,110,100,104,96,92,101,97,86,53,60,78,53,73,51,61,48,38,40,39,30,25,32,23,29,19,16,23,18,18,25,14,14,8,15,13,7,17,5,6,8,7,5,4,5,3,3,3,3,0,2,2,2,3,0,2,0,0,1,3,0,0,0,0,0,0,0,0,0,0,1,0,0,0,0,1,0,0,0,0,0,0,0,0,0,0,0,0,0,0,0,0
1,1,1,10,0,4,2,5,12,4,13,6,11,7,12,22,24,19,9,18,38,26,33,42,44,43,46,46,53,72,81,99,94,114,127,102,144,101,130,172,173,209,192,172,232,217,264,240,245,249,240,319,316,343,293,371,345,358,355,335,353,378,418,336,342,388,395,415,378,374,395,383,353,381,378,342,377,345,373,356,346,295,340,376,307,321,253,289,293,272,225,252,229,233,228,227,177,220,201,167,189,172,149,154,134,131,126,103,115,92,89,98,93,94,82,75,61,62,71,51,48,52,45,38,58,40,32,53,26,30,26,14,22,23,19,13,21,21,15,10,8,9,23,5,8,10,5,10,7,5,1,3,4,2,1,5,3,2,0,2,2,0,0,1,0,0,2,3,0,0,0,1,1,0,0,0,0,0,0,0,0,0,0,1,0,0,0,0,0,0,0,0,0,0,0,0,0,0,0,0
2,5,1,5,0,3,2,10,11,3,7,3,17,3,19,19,22,24,8,22,24,33,39,52,41,49,50,45,37,78,78,103,93,107,120,113,169,96,135,155,146,226,177,181,239,255,247,227,258,260,246,326,290,339,261,360,311,349,328,322,381,326,375,326,358,402,399,400,377,397,424,383,352,363,368,424,384,392,336,365,338,309,319,323,293,280,292,249,296,280,244,233,247,194,217,226,200,172,164,187,174,161,174,160,133,141,135,103,118,109,102,89,95,79,77,85,61,49,59,70,49,61,64,55,45,38,25,36,38,24,29,14,31,22,7,14,10,15,10,10,9,10,9,4,8,7,4,4,4,7,2,5,1,3,1,3,5,2,2,0,4,2,1,0,0,0,0,1,2,0,0,2,0,0,0,0,0,0,0,0,0,0,0,0,0,0,0,0,0,0,0,0,0,0,0,0,0,0,0,0
1,3,2,10,0,5,0,6,10,4,17,5,14,10,11,23,19,22,7,21,27,33,29,40,63,61,52,33,53,62,72,82,101,118,119,99,149,117,134,190,175,203,171,168,219,216,218,252,257,270,268,311,330,322,290,363,325,343,335,323,292,339,368,327,328,364,399,340,386,347,372,380,389,344,353,360,357,333,353,335,349,328,304,316,305,258,219,259,247,252,235,248,221,224,230,202,169,189,162,182,177,151,146,169,148,130,113,111,123,123,92,91,103,77,93,71,72,51,56,56,34,61,59,55,38,32,27,41,33,26,22,23,26,24,21,21,14,10,15,16,10,4,12,5,10,7,1,2,7,0,5,2,1,1,3,5,1,3,2,2,0,2,0,0,2,0,1,0,1,0,0,0,0,0,0,0,0,0,1,0,0,0,0,1,0,0,0,0,0,0,0,0,0,0,0,0,0,0,0,0
0,5,0,11,0,4,1,11,7,1,12,6,12,12,8,23,14,18,9,16,30,26,30,23,54,40,49,48,44,62,78,82,97,105,118,95,141,116,125,167,168,187,181,168,229,207,228,247,240,226,242,279,271,323,277,355,321,329,325,332,362,364,360,354,334,361,357,375,368,354,375,395,356,336,283,381,386,357,319,313,312,302,302,321,324,245,224,270,272,243,220,262,243,212,206,196,195,205,176,157,147,159,168,151,148,130,109,122,115,106,77,86,89,84,70,72,63,46,62,72,51,44,42,62,37,36,29,35,25,31,32,17,28,23,11,9,5,10,14,16,12,6,7,5,10,16,6,6,7,1,3,7,5,1,2,5,1,1,0,1,1,2,2,0,1,0,0,2,1,0,0,2,0,0,0,0,0,0,2,0,0,0,0,0,0,0,0,0,0,0,0,0,0,0,0,0,0,0,0,0
0,3,4,10,0,2,1,12,8,1,10,5,11,12,17,26,21,22,4,26,26,20,37,33,48,37,51,47,53,73,74,91,76,104,116,87,137,112,124,185,141,203,158,168,196,206,206,207,256,263,241,306,273,294,279,308,305,298,307,289,335,308,351,302,340,332,347,390,336,372,393,334,341,370,277,361,323,332,320,317,313,267,296,303,311,235,242,261,259,230,228,221,225,203,169,205,178,182,172,139,172,126,131,134,114,130,113,116,97,84,86,68,82,108,80,72,45,44,59,59,44,50,48,45,47,29,35,28,35,14,21,18,25,18,19,22,10,17,10,9,6,8,10,6,6,4,2,3,10,1,2,3,5,1,2,2,1,2,1,0,0,2,0,2,0,0,1,1,0,0,0,0,0,0,0,0,0,0,0,0,0,0,0,1,0,0,0,0,0,0,0,0,0,0,0,0,0,0,0,0
4,4,0,4,0,3,1,5,7,0,6,3,8,8,9,20,16,24,12,21,36,29,32,31,52,32,50,51,52,69,77,89,88,98,112,108,137,117,130,148,137,181,183,168,189,207,211,230,218,235,252,291,235,277,277,327,321,285,279,289,314,327,350,278,307,333,339,334,324,333,356,373,345,318,347,309,341,316,260,283,288,270,262,294,267,254,249,242,206,211,233,213,191,198,208,197,170,193,164,186,135,128,133,127,121,136,94,87,97,108,85,74,101,79,69,60,51,44,50,63,49,48,44,42,42,32,28,34,22,22,28,19,20,19,15,14,13,19,6,17,14,3,8,5,5,11,7,5,8,3,3,4,4,4,3,1,1,3,0,1,0,0,0,3,0,0,0,4,0,0,0,0,1,0,0,0,0,0,0,0,0,0,0,0,0,0,0,0,0,0,0,0,0,0,0,0,0,0,0,0
2,4,3,5,1,2,2,11,6,3,8,4,8,7,9,15,19,17,6,24,31,22,46,30,46,43,57,50,39,64,62,82,76,89,106,95,131,105,118,137,134,176,154,174,233,223,198,218,250,270,247,296,246,261,243,323,283,287,298,292,299,336,341,303,312,330,332,339,313,292,334,335,318,305,310,303,295,342,342,291,274,224,285,262,270,253,222,246,245,223,237,237,191,170,199,197,143,148,143,156,128,132,133,130,122,108,103,114,109,80,101,94,64,77,54,55,68,47,53,60,47,43,47,40,37,35,21,17,34,18,21,17,21,19,12,10,10,12,8,6,11,8,13,5,5,5,1,6,3,3,1,6,3,2,5,7,3,5,2,0,1,0,0,2,0,0,0,1,1,0,0,1,0,0,0,0,0,0,1,0,0,0,0,0,0,0,0,0,0,0,0,0,0,0,0,0,0,0,0,0
2,2,3,11,0,1,3,12,9,1,5,6,11,18,8,12,11,21,15,13,30,25,28,43,42,48,47,41,46,77,76,69,90,83,92,102,130,106,104,135,117,183,171,186,199,191,201,214,247,243,216,269,274,290,246,338,288,263,246,331,299,315,294,306,317,325,329,340,364,305,357,332,289,316,296,339,325,358,304,305,253,243,271,269,286,220,225,216,211,202,219,221,191,164,178,162,167,159,135,154,127,133,148,140,120,114,102,93,90,93,83,96,82,70,57,67,60,52,56,53,37,50,42,34,30,35,26,24,27,15,19,15,15,14,13,15,18,11,17,10,9,7,9,12,9,6,1,7,6,1,5,2,1,4,4,3,1,3,0,0,1,1,1,3,0,0,0,0,0,0,0,0,0,0,0,0,0,0,0,0,0,0,0,1,0,0,0,0,0,0,0,0,0,0,0,0,0,0,0,0
0,3,0,10,0,1,0,12,9,1,16,5,11,10,13,23,12,9,7,12,24,18,36,27,39,45,46,46,50,62,70,78,77,87,109,90,136,106,99,129,133,196,157,158,193,182,223,213,224,232,220,304,241,291,248,297,303,291,305,303,286,272,321,266,317,314,304,297,298,318,333,331,318,303,249,332,296,285,317,290,300,241,237,274,239,222,191,238,198,193,178,209,202,150,167,169,152,153,142,136,125,140,137,99,92,116,96,85,82,93,85,76,61,72,54,78,48,48,49,36,39,39,53,30,46,31,21,36,27,25,25,20,16,21,8,9,10,14,10,7,10,6,6,11,7,10,4,2,9,1,3,0,0,2,2,3,0,6,3,1,5,0,0,3,0,1,0,1,1,0,0,1,0,0,0,0,0,0,0,0,0,0,0,0,0,0,0,0,0,0,0,0,0,0,0,0,0,0,0,0
0,2,0,6,1,0,0,7,6,2,7,9,10,14,8,17,12,11,11,29,20,30,27,29,27,38,35,34,45,58,65,65,93,91,92,94,116,92,111,131,128,165,170,151,188,170,177,210,214,224,217,282,264,306,272,333,268,303,283,316,303,276,280,280,296,318,319,284,313,299,335,338,288,309,283,337,299,266,250,257,289,257,254,285,221,223,221,210,209,190,206,198,181,192,165,149,140,178,154,147,136,125,111,112,104,115,81,97,83,81,64,82,75,64,52,63,49,43,53,41,28,49,34,31,33,31,22,31,28,17,23,9,22,17,13,8,9,11,16,13,6,1,6,6,8,12,2,4,8,3,3,3,4,3,4,5,2,5,1,2,0,1,0,1,0,1,0,1,0,0,0,0,0,0,0,0,0,0,0,0,0,0,0,0,0,0,0,0,0,0,0,0,0,0,0,0,0,0,0,0
0,3,0,9,5,3,2,10,10,2,5,3,7,9,11,15,10,10,7,18,29,19,40,38,34,43,44,40,48,76,73,76,89,98,99,85,113,93,114,144,145,172,150,147,174,179,193,219,200,238,190,259,247,263,234,305,275,303,274,266,280,279,299,250,272,279,287,294,323,280,297,325,278,268,260,305,321,273,270,248,251,243,244,256,241,202,201,213,204,225,185,167,164,162,188,167,136,157,116,133,137,108,136,104,80,105,86,84,86,89,55,70,60,69,61,62,54,32,40,53,34,48,44,33,28,26,20,29,26,18,18,6,16,20,10,12,14,6,11,9,5,6,10,3,7,6,2,4,3,1,4,2,2,4,3,1,1,1,2,1,0,0,0,3,1,0,0,0,0,0,0,1,0,0,0,0,0,0,0,0,0,0,0,0,0,0,0,1,0,0,0,0,0,0,0,0,0,0,0,0
4,4,2,10,0,2,3,9,7,4,11,3,16,7,10,20,14,14,13,15,26,21,27,38,31,40,59,32,33,54,62,88,71,85,101,79,95,101,98,144,116,195,153,159,161,171,160,200,221,205,217,242,206,261,241,275,259,278,253,287,243,274,306,275,261,291,302,273,316,303,315,305,290,278,270,277,290,256,276,276,264,217,258,249,230,199,228,183,205,191,206,191,179,145,181,164,141,139,119,146,116,119,109,90,114,122,84,72,75,77,78,64,68,53,65,50,51,41,56,38,33,35,27,39,39,22,35,27,23,19,23,14,19,16,13,14,14,9,7,3,12,4,11,3,7,9,2,8,6,1,5,1,1,5,5,2,0,2,1,1,2,0,1,0,0,1,0,2,0,0,0,0,0,0,0,0,0,0,0,0,0,0,0,0,0,0,0,0,0,0,0,0,0,0,0,0,0,0,0,0
1,3,0,7,0,2,1,5,0,1,15,6,15,14,16,21,11,19,10,20,32,15,41,29,53,44,44,37,36,54,66,93,86,79,113,86,91,109,105,126,158,135,163,156,177,182,194,184,220,230,192,264,256,233,214,283,270,277,258,275,265,291,280,270,291,268,313,261,268,263,308,287,295,253,238,304,273,265,275,232,237,214,229,231,208,194,195,193,197,185,188,182,173,136,159,150,145,149,122,136,119,114,112,98,101,103,79,84,82,80,70,60,66,64,58,49,49,38,52,44,33,25,38,31,37,33,28,28,25,26,19,20,15,18,12,12,7,13,8,9,7,7,7,2,9,8,2,1,7,0,2,3,5,0,2,6,1,3,0,0,3,2,0,1,0,0,0,0,0,0,0,0,0,0,0,0,0,0,0,0,0,0,0,0,0,0,0,0,0,0,0,0,0,0,0,0,0,0,0,0
0,1,0,4,1,2,0,8,4,3,8,4,8,7,17,17,14,14,11,18,31,14,39,31,59,38,43,33,47,69,75,82,76,88,106,93,125,81,102,140,116,159,149,124,174,172,177,175,201,206,202,226,219,248,222,244,271,255,258,243,243,279,278,232,289,287,283,271,297,264,295,279,258,250,222,243,230,250,277,233,270,200,230,244,213,188,184,185,198,194,155,183,164,143,162,119,121,134,126,110,107,110,115,120,100,95,93,78,81,77,71,65,52,71,60,52,52,43,55,56,35,39,35,35,31,23,23,18,20,17,14,14,13,9,10,8,9,8,9,7,5,4,8,1,11,10,6,3,6,4,1,1,0,2,1,1,0,2,2,0,0,0,0,1,0,0,0,0,0,0,0,0,0,0,0,0,0,0,0,0,0,0,0,0,0,0,0,0,0,0,0,0,0,0,0,0,0,0,0,0
0,3,0,5,1,3,4,11,4,2,14,7,7,10,10,17,17,13,8,17,20,19,24,21,40,40,41,29,45,43,68,65,82,85,95,102,96,95,97,138,120,153,152,135,160,147,151,185,207,202,216,227,226,232,229,243,228,249,252,262,262,247,283,226,253,295,254,298,293,263,277,269,258,259,253,255,243,263,260,252,228,216,217,223,204,189,169,155,193,162,182,160,162,156,140,141,137,123,97,123,115,103,110,103,85,66,88,93,65,70,66,69,50,48,47,50,64,30,41,46,37,32,35,35,24,30,16,24,17,19,22,14,13,12,6,10,6,10,10,6,6,3,9,2,5,4,0,6,4,1,2,0,1,1,4,2,2,3,0,1,0,2,0,1,1,0,1,1,0,0,0,0,0,0,0,0,0,0,3,0,0,0,0,0,0,0,0,0,0,0,0,0,0,0,0,0,0,0,0,0
2,1,1,11,0,1,2,9,6,2,8,4,13,1,15,13,13,19,9,23,24,26,42,32,34,34,36,30,41,68,60,59,55,85,96,75,111,90,96,118,126,154,151,136,176,184,174,163,198,193,206,227,212,264,200,239,259,281,238,207,253,272,246,210,248,256,275,268,289,221,241,275,265,235,242,258,242,231,261,227,231,215,232,243,194,196,208,173,175,148,156,191,143,130,157,120,116,103,104,117,111,100,104,89,101,77,70,85,68,72,56,57,56,50,49,55,48,28,41,52,31,37,39,30,36,29,16,12,27,22,19,12,13,13,9,13,5,7,12,8,4,2,9,8,2,5,2,5,2,1,2,1,2,1,3,4,2,1,2,4,2,0,0,4,0,0,0,1,0,0,0,1,0,0,0,0,0,0,1,0,0,0,0,0,0,0,0,0,0,0,0,0,0,0,0,0,0,0,0,0
2,3,1,5,0,0,0,7,7,0,3,2,11,2,6,13,5,16,10,17,19,23,39,30,36,40,49,37,38,55,56,73,76,78,89,78,116,97,95,127,112,134,127,122,186,180,185,174,187,197,191,243,228,209,208,250,251,253,220,250,235,230,269,227,282,243,267,284,259,285,279,262,248,259,224,271,238,261,232,242,199,182,200,224,188,198,153,160,167,159,162,186,154,145,131,152,107,107,109,123,93,90,96,81,92,103,79,91,70,62,51,56,52,62,48,66,47,27,40,42,31,45,35,29,25,34,25,18,25,15,23,8,14,9,8,9,5,16,9,10,6,5,8,1,8,2,0,1,4,1,4,4,6,0,0,2,3,0,1,1,0,0,0,1,0,0,0,0,0,0,0,1,0,0,0,0,0,0,1,0,0,0,0,1,0,0,0,0,0,0,0,0,0,0,0,0,0,0,0,0
0,1,1,4,0,1,1,8,8,3,5,4,6,3,10,8,18,28,6,21,21,17,17,29,37,21,32,33,36,51,72,53,71,84,91,78,111,86,84,127,120,139,127,152,155,139,141,173,212,196,168,222,179,245,203,240,221,231,252,236,252,229,257,238,222,251,263,260,264,221,252,246,255,259,227,247,203,227,231,228,221,181,194,194,185,153,148,133,173,168,152,159,123,115,141,118,133,118,96,120,97,112,102,81,94,75,66,62,61,74,59,60,57,51,52,33,44,40,35,38,33,34,33,33,31,27,21,21,16,18,16,11,12,10,4,12,8,11,4,7,9,9,8,1,12,2,3,10,3,3,2,3,2,0,3,1,2,4,0,0,2,1,0,0,0,0,0,0,0,0,0,1,1,0,0,0,0,0,0,0,0,0,0,0,0,0,0,1,0,0,0,0,0,1,0,0,0,0,0,0
1,2,1,3,0,2,1,6,10,1,11,8,12,6,20,14,22,15,9,10,25,26,21,21,42,32,44,29,37,55,61,84,75,68,102,75,103,94,85,121,118,141,132,118,148,140,169,143,168,166,166,204,198,229,196,228,222,239,206,243,244,250,238,205,221,251,252,251,236,221,248,264,208,222,201,237,214,229,206,218,214,171,202,195,207,154,163,154,170,151,153,155,148,121,115,132,108,123,101,117,87,97,112,90,79,78,57,74,53,76,60,60,50,45,46,50,43,33,36,28,33,35,44,25,18,18,14,15,14,12,11,18,8,12,8,8,6,9,5,9,5,4,6,1,5,4,0,3,2,2,3,0,0,1,2,0,1,1,0,2,1,2,0,0,0,0,0,1,1,0,0,0,0,0,0,0,0,0,1,0,0,0,0,0,0,0,0,0,0,0,0,0,0,0,0,0,0,0,0,0
1,0,0,11,0,2,1,5,3,2,9,9,6,7,7,19,8,12,6,13,21,22,22,31,45,35,38,38,30,50,66,65,65,66,91,75,105,70,84,84,123,144,137,114,153,134,141,130,178,208,168,212,179,207,184,221,238,226,231,217,199,240,246,195,254,261,239,255,243,249,256,266,192,215,194,230,234,227,206,198,211,177,187,189,174,158,161,161,156,169,133,152,142,132,125,143,113,117,95,97,104,92,98,67,79,86,84,63,70,65,54,59,43,49,47,36,38,21,35,39,31,30,23,28,16,25,16,23,32,11,11,13,15,10,10,7,9,8,5,6,3,6,9,5,4,3,1,3,1,1,0,6,1,1,1,1,2,2,4,3,0,2,0,0,1,0,0,2,0,0,0,2,0,0,0,0,0,0,0,0,0,0,0,0,0,0,0,0,0,0,0,0,0,0,0,0,0,0,0,0
2,1,2,4,1,1,0,2,4,2,7,2,8,9,9,14,17,10,7,11,20,29,29,32,34,33,39,29,37,46,54,61,70,70,68,75,88,86,95,107,105,146,124,122,144,128,164,146,145,176,170,203,209,214,228,218,213,210,206,206,215,234,236,180,227,231,239,264,252,209,235,229,202,218,210,236,203,205,214,210,182,157,178,206,172,144,154,153,167,131,148,141,131,118,128,148,98,108,104,89,109,96,82,90,84,95,48,50,64,57,54,66,37,40,49,54,38,33,47,33,28,29,27,26,22,16,16,16,22,16,13,8,17,6,4,7,8,5,11,8,9,6,11,3,7,4,4,7,7,3,2,2,4,0,1,1,1,0,1,1,1,0,0,0,0,0,0,0,0,0,0,1,0,0,0,0,0,0,1,0,0,0,0,0,0,0,0,0,0,0,0,0,0,0,0,0,0,0,0,0
0,2,0,7,0,1,1,10,7,2,12,6,11,5,9,13,8,10,6,10,23,19,24,25,30,36,38,29,32,42,53,62,63,83,73,71,91,51,92,119,104,133,124,100,148,134,139,154,148,177,171,255,216,221,177,210,206,197,215,205,208,233,235,215,195,231,257,222,200,193,245,222,205,193,215,211,225,206,188,174,167,164,160,183,167,156,145,173,146,136,139,137,116,126,102,100,109,104,91,83,92,87,80,78,72,79,61,58,50,56,51,48,52,53,46,47,39,28,34,39,18,39,24,22,18,15,11,17,21,9,15,14,5,10,7,8,7,12,9,6,6,3,5,7,5,4,1,1,6,3,5,0,5,0,0,1,2,1,0,2,1,3,0,1,0,0,0,0,2,0,0,1,0,0,0,0,0,0,0,0,0,0,0,0,0,0,0,0,0,0,0,0,0,2,0,0,0,0,0,0
0,4,1,3,0,2,1,2,3,2,6,4,15,6,11,18,8,11,4,17,17,15,30,24,39,39,25,36,35,42,60,53,54,68,81,75,78,76,106,107,105,131,106,115,143,147,141,159,183,167,162,206,176,223,167,231,194,200,203,186,205,194,232,198,212,210,239,229,233,201,237,227,219,195,188,220,208,171,175,189,192,166,179,182,172,144,150,157,126,139,135,147,119,119,100,109,97,113,98,83,86,76,90,69,70,65,42,54,48,54,56,54,47,30,42,47,26,24,34,27,27,32,25,18,32,22,16,19,14,11,11,13,13,12,11,7,7,7,5,5,3,2,12,5,8,2,1,2,4,3,1,2,0,2,4,1,0,0,1,0,2,0,0,0,0,1,0,0,0,0,0,1,0,0,0,0,0,0,2,0,0,0,0,0,0,0,0,0,0,0,0,0,0,0,0,0,0,0,0,0
0,2,0,6,1,2,1,2,7,2,5,2,6,6,12,14,11,21,3,23,19,24,26,35,32,23,39,34,30,46,53,63,50,62,77,71,81,77,99,115,87,122,120,119,142,151,135,145,181,146,154,191,190,175,174,180,210,207,182,194,206,191,220,214,183,216,186,217,207,216,216,200,220,211,187,174,212,188,197,204,188,167,179,182,165,138,156,156,145,120,143,154,120,96,106,109,94,94,92,101,92,86,68,73,68,60,59,44,49,65,55,49,31,47,37,33,48,20,23,40,20,37,16,36,29,24,16,15,12,13,12,10,9,18,5,12,4,6,6,6,4,2,4,7,4,5,6,0,4,0,0,3,1,2,3,3,2,1,0,2,1,0,0,0,1,0,0,2,1,0,0,0,0,0,0,0,0,0,1,0,0,0,0,2,0,0,0,0,0,0,0,0,0,0,0,0,0,0,0,0
3,3,0,9,1,2,3,4,5,1,1,3,4,4,6,11,15,12,8,16,25,18,19,25,30,40,42,27,35,50,57,61,62,56,78,59,87,75,82,91,95,122,92,114,139,137,131,127,160,151,143,187,163,190,184,208,191,190,172,201,177,192,214,217,188,214,206,199,202,196,215,195,220,230,185,227,159,202,212,185,158,161,161,175,159,126,130,136,124,135,119,120,125,105,84,118,88,98,92,91,76,71,78,95,62,60,57,44,45,57,56,54,51,42,36,40,40,23,32,43,23,25,21,23,18,13,16,15,19,15,12,6,14,12,8,6,4,3,3,6,2,3,2,5,0,5,3,0,6,3,2,1,1,0,1,0,2,1,2,3,1,0,0,0,0,0,2,0,0,0,0,0,0,0,0,0,0,0,1,0,0,0,0,0,0,0,0,0,0,0,0,0,0,0,0,0,0,0,0,0
2,1,0,5,1,1,4,7,4,1,8,7,10,2,4,9,14,12,4,14,22,25,22,25,33,37,32,32,30,59,64,47,60,65,81,48,81,73,79,108,109,120,123,97,123,137,143,121,147,178,155,191,158,189,158,189,189,202,191,182,165,197,218,185,198,192,193,203,212,196,198,220,210,217,176,197,171,177,151,172,156,142,168,162,154,142,143,156,165,114,98,105,106,101,98,102,88,84,95,83,84,82,63,86,70,66,61,64,51,54,54,42,52,52,32,42,31,33,28,35,23,21,22,25,21,21,9,15,10,9,20,7,14,5,9,7,6,8,6,3,4,2,3,5,5,4,2,0,5,2,2,1,2,0,3,5,4,0,0,1,0,2,1,0,0,1,0,0,0,0,0,0,0,0,0,0,0,0,0,0,0,0,0,0,0,0,0,0,0,0,0,0,0,0,0,0,0,0,0,0
0,0,1,4,0,1,2,7,4,3,8,6,7,9,8,14,12,18,3,14,15,20,23,30,32,31,41,23,30,43,47,52,63,66,72,73,82,56,70,90,114,105,112,113,151,152,133,129,159,150,150,164,154,168,164,224,158,187,184,173,188,182,221,179,200,193,205,185,201,195,201,232,156,180,168,190,197,173,169,154,153,147,156,172,127,129,125,134,112,126,136,128,118,91,103,94,99,77,75,86,74,70,60,80,68,64,48,47,47,59,49,63,37,39,31,35,42,20,30,28,24,35,19,13,32,20,18,14,14,15,12,10,5,8,10,6,6,10,6,5,8,2,6,2,4,4,2,2,2,3,2,4,0,2,1,1,4,1,0,2,1,0,0,3,0,0,0,0,0,0,0,0,0,0,0,0,0,0,0,0,0,0,0,0,0,0,0,0,0,0,0,0,0,0,0,0,0,0,0,0
0,1,0,4,2,4,1,5,5,5,6,7,8,4,10,13,7,11,8,10,14,15,22,14,36,31,38,31,29,36,51,53,68,62,68,89,90,69,76,97,88,91,99,100,135,127,136,133,154,164,142,154,160,145,129,189,211,192,178,200,202,175,223,168,196,186,222,187,180,170,181,196,186,174,140,192,177,195,157,159,150,148,129,158,133,133,122,123,95,134,107,138,84,104,83,85,88,94,75,86,64,62,62,70,55,57,59,47,38,56,47,42,39,50,34,32,43,17,26,31,14,27,22,23,29,15,15,11,18,10,8,8,9,6,6,8,3,1,3,4,6,4,7,2,8,5,2,3,0,1,2,3,0,1,1,3,1,1,0,0,2,0,0,2,1,1,1,0,0,0,0,1,0,0,0,0,0,0,0,0,0,0,0,0,0,0,0,0,0,0,0,0,0,0,0,0,0,0,0,0
1,1,0,8,1,2,0,7,6,0,4,6,3,4,12,12,10,9,7,17,19,13,27,22,29,26,25,11,24,41,51,66,49,62,78,77,74,73,77,93,99,114,101,90,137,130,125,151,134,141,145,171,175,172,153,195,181,180,174,181,172,181,200,166,183,184,195,183,183,170,208,166,150,174,158,186,188,165,173,178,166,121,128,164,138,131,111,124,117,118,106,89,111,88,85,92,74,99,66,97,65,63,75,70,68,61,54,56,38,33,43,43,46,37,31,40,31,21,24,37,19,31,24,27,14,19,15,11,21,7,13,8,12,11,10,3,6,6,4,3,4,4,1,1,4,3,2,2,4,0,1,2,0,2,1,0,1,1,1,1,0,3,0,0,0,0,0,2,0,0,0,1,0,0,0,0,0,0,0,0,0,0,0,0,0,0,0,0,0,0,0,0,0,0,0,0,0,0,0,0
2,1,1,5,0,0,0,7,5,2,5,3,7,1,8,9,9,17,6,8,16,17,23,21,35,26,40,30,26,39,42,48,68,56,76,70,83,63,57,93,97,114,124,79,107,106,122,132,129,140,142,177,141,181,167,199,194,186,160,191,174,166,185,149,206,179,173,206,197,163,184,193,187,182,148,176,169,141,173,168,145,139,139,146,128,107,107,130,116,118,92,121,116,105,100,98,90,80,71,81,71,51,70,65,56,62,51,43,40,48,49,26,38,33,36,30,37,23,29,27,28,28,26,22,17,13,12,16,17,12,11,4,12,4,4,9,3,10,10,7,4,2,5,1,1,1,3,2,4,2,1,1,1,1,1,0,0,1,2,0,0,1,0,2,0,0,0,0,0,0,0,2,0,0,0,0,0,0,1,0,0,0,0,0,0,0,0,0,0,0,0,0,0,0,0,0,0,0,0,0
0,0,0,4,1,2,3,7,3,0,6,4,6,5,13,15,9,15,5,13,7,9,18,13,21,33,33,17,39,50,54,49,56,54,68,54,84,68,66,91,86,105,92,92,128,106,106,132,139,137,142,142,162,168,176,177,163,145,160,153,166,196,198,147,164,149,190,174,180,192,185,179,152,172,143,172,172,156,169,141,125,116,123,130,127,121,136,100,118,104,111,91,107,92,95,77,80,89,61,85,66,59,53,75,57,44,56,45,45,49,42,49,34,30,33,29,36,21,25,32,16,17,24,19,12,12,8,11,15,10,8,5,11,10,5,6,9,3,0,6,1,6,7,1,4,3,2,1,1,3,1,3,1,0,1,0,0,5,0,0,0,2,0,1,1,0,0,0,0,0,0,1,0,0,0,0,0,0,0,0,0,0,0,0,0,0,0,0,0,0,0,0,0,0,0,0,0,0,0,0
0,1,0,7,1,1,1,6,8,2,3,2,5,5,5,8,9,12,7,14,11,18,26,17,26,30,29,20,31,34,53,42,55,65,74,53,76,61,77,87,77,121,84,91,122,107,130,103,131,143,134,150,146,180,133,169,160,168,160,183,151,169,161,178,153,189,172,198,183,168,193,171,170,160,158,163,148,167,153,150,136,117,130,125,123,108,126,111,101,110,110,104,96,76,82,69,76,85,63,72,61,68,73,65,66,49,41,43,39,46,30,44,27,32,29,36,23,18,28,21,18,22,30,16,18,14,11,13,19,9,8,7,11,13,2,9,4,13,3,6,8,4,3,0,2,4,2,1,4,2,3,0,1,3,1,3,1,1,0,0,1,3,0,0,0,0,0,0,0,0,0,0,0,0,0,0,0,0,0,0,0,0,0,0,0,0,0,0,0,0,0,0,0,0,0,0,0,0,0,0
0,0,0,4,0,0,2,7,5,1,6,4,6,5,4,10,12,10,9,8,19,21,19,21,28,24,32,24,26,32,52,32,63,52,67,56,60,62,57,74,88,102,86,99,135,98,103,126,141,138,142,148,138,159,137,155,162,157,154,137,163,171,165,138,153,181,156,192,165,174,182,149,142,146,155,178,157,152,140,143,146,117,109,151,107,106,101,111,121,104,90,94,82,90,72,81,74,69,71,80,60,64,68,58,52,49,45,40,34,35,32,33,30,35,24,30,27,15,16,22,16,21,16,15,13,8,11,18,15,12,13,3,11,4,2,9,3,3,3,2,5,2,6,3,2,0,3,3,0,1,2,1,0,1,1,1,2,1,2,0,0,1,0,0,0,0,0,0,0,0,0,1,0,0,0,0,0,0,0,0,0,0,0,0,0,0,0,0,0,0,0,0,0,0,0,0,0,0,0,0
0,4,0,3,1,0,1,5,4,0,4,2,4,6,9,6,7,8,10,8,6,17,10,20,37,34,22,19,28,48,50,44,56,51,57,60,78,56,59,69,62,91,93,92,101,90,104,102,117,121,132,150,141,159,140,141,143,169,143,127,133,176,177,132,179,169,162,176,183,170,182,166,186,147,146,153,128,142,138,136,139,106,131,140,130,104,122,98,92,120,91,104,85,82,100,78,62,58,78,69,58,64,42,54,57,45,47,42,37,45,45,33,29,33,28,26,26,17,12,20,17,17,15,19,26,18,10,12,13,6,11,8,7,6,9,8,5,7,7,6,7,2,7,2,5,2,0,1,1,0,1,2,1,0,2,0,2,1,0,2,1,0,0,0,0,1,0,1,1,0,0,0,0,0,0,0,0,0,0,0,0,0,0,0,0,0,0,0,0,0,0,0,0,0,0,0,0,0,0,0
0,0,0,5,0,1,1,6,3,1,3,1,3,2,3,8,7,11,6,10,16,17,25,24,30,20,28,23,21,33,37,55,45,56,67,59,82,56,63,82,82,103,98,99,104,102,107,111,135,130,111,145,147,155,140,151,142,167,139,155,136,155,168,160,167,168,163,141,148,149,163,179,136,150,144,157,152,131,138,153,138,110,123,128,111,102,105,108,99,106,75,97,95,83,74,75,63,64,70,71,56,78,59,45,48,45,49,35,34,39,37,39,34,23,37,31,24,20,12,20,12,30,19,15,17,16,10,12,10,10,9,7,11,11,8,9,5,7,3,2,3,2,5,2,2,3,2,1,3,0,0,0,2,1,3,1,0,2,0,1,1,0,0,0,0,0,0,2,0,0,0,1,0,0,0,0,0,0,0,0,0,0,0,0,0,0,0,0,0,0,0,0,0,0,0,0,0,0,0,0
1,2,0,2,0,2,1,4,6,2,5,3,7,4,3,10,4,14,9,10,18,17,29,13,19,16,27,25,18,35,40,46,47,49,62,50,58,60,68,81,83,81,85,87,110,100,94,105,118,125,112,150,149,149,141,146,137,151,157,167,125,139,163,143,158,152,171,164,164,124,162,172,144,171,144,134,154,161,142,137,134,98,105,119,113,107,100,92,104,99,88,85,97,81,69,75,69,43,58,66,48,42,55,40,53,50,37,39,23,39,36,28,27,39,29,22,23,12,19,29,14,18,18,16,16,18,10,8,9,8,5,5,5,3,11,8,3,4,2,2,4,3,9,1,6,5,0,2,3,1,3,2,1,0,3,1,0,1,1,0,0,1,0,0,0,0,0,0,1,0,0,0,0,0,0,0,0,0,0,0,0,0,0,0,0,0,0,1,0,0,0,0,0,0,0,0,0,0,0,0
0,2,3,5,0,0,1,2,2,0,5,2,4,4,9,7,8,16,11,8,16,20,18,21,22,24,36,15,22,44,44,56,59,64,55,62,73,41,75,88,88,93,87,89,124,106,107,114,122,127,102,150,146,135,126,130,161,142,162,158,132,131,169,131,145,141,169,147,155,131,137,135,135,146,150,137,124,132,134,128,124,114,97,111,95,97,102,103,85,96,83,84,78,66,75,90,68,68,52,60,53,42,62,59,37,47,44,36,39,31,25,37,16,24,31,28,16,19,19,23,19,22,17,11,18,9,6,9,11,10,5,5,8,5,3,10,3,4,2,2,4,2,5,0,2,1,2,3,2,1,1,2,2,0,2,0,3,0,0,0,0,1,0,0,0,0,0,0,0,0,0,0,0,0,0,0,0,0,0,0,0,0,0,0,0,0,0,1,0,0,0,0,0,0,0,0,0,0,0,0
1,3,0,5,1,1,3,1,6,1,6,2,7,8,9,11,10,10,1,18,17,10,28,23,29,28,26,23,34,35,39,45,56,53,68,50,56,61,58,65,65,79,81,63,92,114,109,98,131,116,123,143,122,155,138,167,127,160,129,147,131,138,133,160,145,138,158,153,141,143,155,166,124,123,115,125,145,114,129,126,113,121,119,124,110,94,87,84,112,101,95,82,74,66,66,81,65,69,43,58,56,66,55,43,44,32,51,39,36,31,30,32,26,29,26,25,18,22,19,21,13,21,11,13,14,6,11,13,13,5,7,7,10,6,6,6,6,4,4,3,6,1,6,7,4,4,0,1,1,2,1,1,1,1,0,1,0,1,0,2,1,0,0,1,0,0,0,1,0,0,0,0,0,0,0,0,0,0,1,0,0,0,0,0,0,0,0,0,0,0,0,0,0,0,0,0,0,0,0,0
1,1,0,5,1,1,0,7,8,2,5,4,2,3,5,8,7,10,3,12,12,10,25,9,26,29,25,9,33,43,36,49,52,47,52,55,58,61,60,87,64,108,69,61,86,80,125,107,117,96,128,138,114,129,96,157,145,139,115,130,134,145,151,129,135,144,122,139,144,149,154,148,114,135,112,131,143,141,123,111,109,121,118,116,94,98,85,98,99,98,75,81,77,70,76,70,62,68,50,54,49,63,59,53,43,47,39,38,28,35,33,30,40,25,29,33,25,13,20,21,8,22,17,13,13,14,6,5,9,8,5,6,5,6,6,1,2,4,4,0,5,3,3,2,1,3,1,2,2,1,2,1,2,1,2,2,2,2,0,0,0,0,0,0,0,0,0,0,0,0,0,0,0,0,0,0,0,0,0,0,0,0,0,0,0,0,0,0,0,0,0,0,0,0,0,0,0,0,0,0
0,1,1,7,0,1,2,5,6,0,9,0,7,4,11,6,8,14,4,9,15,9,24,12,24,18,28,13,15,37,44,45,37,31,66,48,68,48,59,67,66,84,83,73,100,99,106,98,114,110,95,133,122,117,107,140,123,126,126,128,155,140,144,136,125,157,138,132,151,137,136,146,114,146,123,142,114,118,120,140,118,99,115,108,102,89,85,92,72,89,66,83,74,70,67,63,60,67,61,53,50,48,35,40,34,37,34,32,41,34,26,24,28,21,30,29,18,16,20,17,13,13,12,11,13,11,6,9,11,7,6,5,10,3,4,3,3,7,2,6,1,5,4,3,3,3,0,2,1,1,1,0,1,2,3,1,1,0,2,0,1,0,0,1,0,0,0,1,1,0,0,0,0,0,0,0,0,0,0,0,0,0,0,0,0,0,0,0,0,0,0,0,0,0,0,0,0,0,0,0
1,3,1,4,2,1,2,7,6,1,3,3,5,1,11,7,5,7,10,11,16,20,18,15,24,22,28,25,20,29,37,57,47,42,64,51,57,37,56,72,84,81,78,72,90,97,96,107,105,98,89,122,120,135,112,145,127,130,128,127,125,130,123,126,146,148,132,124,131,132,136,141,159,133,133,119,118,125,135,109,107,81,108,116,80,77,82,78,86,78,78,72,64,59,65,61,55,66,61,59,53,49,55,36,43,42,33,30,30,27,35,27,29,30,25,18,29,12,19,21,8,17,16,13,13,11,6,9,10,4,5,4,7,6,4,3,5,3,6,4,5,1,7,2,0,2,2,1,6,0,3,0,3,0,0,0,2,0,1,0,0,0,0,0,0,0,0,0,1,0,0,0,0,0,0,0,0,0,0,0,0,0,0,0,0,0,0,0,0,0,0,0,0,0,0,0,0,0,0,0
0,1,3,0,0,1,1,2,4,1,9,3,9,4,3,8,5,7,3,15,14,12,15,18,33,20,30,19,22,38,41,49,39,44,55,33,59,37,64,65,73,100,76,66,104,97,90,101,105,118,103,101,125,113,117,127,120,144,113,111,126,113,151,126,150,120,130,132,125,149,141,132,118,131,129,122,129,106,133,101,109,100,90,98,97,80,71,66,77,86,81,63,88,64,66,83,58,62,52,63,48,47,48,41,39,37,31,24,33,33,21,32,28,24,11,15,19,16,12,19,18,25,12,15,10,9,7,10,12,9,6,5,5,3,6,5,4,7,6,3,5,1,5,1,1,3,1,2,1,0,1,0,1,0,1,1,0,0,0,1,0,0,0,1,0,0,0,0,0,0,0,0,0,0,0,0,0,0,0,0,0,0,0,0,0,0,0,0,0,0,0,0,0,0,0,0,0,0,0,0
0,2,0,7,0,0,1,4,3,0,2,4,10,4,7,7,4,13,5,15,16,9,23,15,22,19,25,23,25,33,29,31,53,48,62,49,52,43,61,77,63,99,74,74,103,82,84,99,119,115,80,129,107,109,100,146,138,140,123,131,126,141,120,104,155,121,144,131,135,154,128,125,101,112,83,111,116,125,90,136,101,90,105,84,95,93,64,72,83,79,73,59,70,61,56,52,54,56,49,48,52,50,48,34,46,37,21,27,21,38,21,31,27,25,26,25,22,12,21,22,14,12,14,18,16,8,7,9,10,8,3,7,8,9,1,9,1,7,4,7,3,0,4,0,3,3,1,1,2,0,1,0,0,1,3,1,1,0,0,0,0,0,0,0,0,0,1,0,0,0,0,0,0,0,0,0,0,0,1,0,0,0,0,0,0,0,0,0,0,0,0,0,0,0,0,0,0,0,0,0
0,1,0,7,0,3,1,4,1,1,6,2,8,2,9,7,8,4,4,4,18,10,20,9,20,17,23,18,26,38,47,36,38,41,46,56,55,39,63,84,59,79,71,78,97,86,90,95,96,93,105,111,123,121,121,111,129,107,132,116,122,120,166,106,104,119,154,125,128,123,117,96,108,97,112,109,125,114,87,92,100,96,71,102,96,80,70,85,73,70,62,87,66,64,56,57,40,49,32,51,37,45,48,39,36,43,27,25,23,30,24,23,21,24,16,20,15,7,16,16,9,15,7,15,9,13,9,9,2,8,8,4,5,7,2,1,4,1,7,5,1,2,0,3,3,1,1,5,2,0,2,1,0,1,2,1,0,0,0,2,0,2,0,0,0,0,0,0,0,0,0,0,0,0,0,0,0,0,1,0,0,0,0,0,0,0,0,1,0,0,0,0,0,0,0,0,0,0,0,0
0,0,0,2,0,1,2,4,2,2,5,4,4,3,7,12,8,12,9,6,11,9,16,14,27,25,23,16,15,24,32,29,42,46,47,38,40,42,44,74,65,90,56,93,79,80,96,85,99,94,106,115,106,127,94,140,121,125,110,100,135,103,134,105,118,136,126,131,120,98,156,117,117,118,84,116,107,101,110,105,91,87,92,100,91,72,85,69,85,71,80,78,60,49,66,46,53,43,49,47,41,37,44,32,29,24,33,28,30,32,22,27,20,21,22,18,24,15,20,16,12,12,16,8,14,9,3,5,8,6,4,5,11,6,6,5,5,0,9,2,4,1,6,2,0,2,1,1,3,0,1,0,1,0,1,1,0,0,0,0,0,0,0,0,0,0,0,0,0,0,0,0,0,0,0,0,0,0,0,0,0,0,0,0,0,0,0,0,0,0,0,0,0,1,0,0,0,0,0,0
0,2,0,8,0,2,1,2,5,0,3,1,6,1,9,13,9,11,1,8,11,11,17,16,13,25,28,7,23,31,32,25,49,46,59,37,60,30,57,60,80,67,70,72,95,100,88,80,96,93,97,97,107,123,115,121,101,122,92,150,122,113,112,95,122,121,123,133,122,100,103,126,106,99,101,102,116,105,101,107,94,84,78,75,87,61,85,75,68,77,71,43,49,54,67,56,63,45,33,46,55,42,45,45,41,34,24,19,20,25,16,27,22,16,15,18,20,10,14,13,8,11,12,10,18,15,8,10,7,3,7,6,4,9,4,4,4,9,6,1,5,2,3,2,3,3,2,0,1,0,0,0,3,1,1,0,1,2,0,0,0,0,0,0,0,0,0,0,0,0,0,0,0,0,0,0,0,0,0,0,0,0,0,0,0,0,0,0,0,0,0,0,0,0,0,0,0,0,0,0
0,0,1,1,0,0,1,6,2,0,7,2,6,1,7,14,6,11,4,12,9,17,19,17,17,13,23,10,22,23,34,40,38,31,47,48,63,44,47,63,65,77,71,52,101,95,80,92,113,109,87,118,116,114,95,116,122,116,110,111,109,96,118,114,111,116,126,126,120,81,101,120,108,101,93,106,99,106,101,88,77,85,85,85,83,64,63,71,64,53,61,60,63,55,59,61,46,41,37,51,48,40,43,31,33,27,28,24,25,25,17,21,21,27,11,17,18,13,19,14,21,8,13,5,15,13,7,8,5,6,5,8,5,5,1,3,3,6,3,3,1,2,5,3,1,2,2,6,2,0,1,2,2,0,1,0,1,0,0,0,0,0,0,0,0,0,0,1,0,0,0,0,0,0,0,0,0,0,0,0,0,0,0,0,0,0,0,0,0,0,0,0,0,0,0,0,0,0,0,0
1,0,0,2,0,0,0,5,3,1,3,2,4,4,7,15,5,6,4,9,14,12,21,17,15,23,18,13,20,30,33,37,29,34,57,35,57,44,58,56,58,76,62,68,87,75,85,84,84,100,101,99,107,116,97,106,109,125,90,111,113,112,108,105,133,121,123,115,105,94,116,120,99,91,100,101,108,104,87,88,86,69,75,92,65,71,67,71,66,70,53,64,51,53,50,47,51,51,44,51,47,39,42,29,33,31,31,20,23,24,24,20,18,23,15,18,20,10,13,16,16,14,10,14,8,9,9,3,10,4,3,1,6,8,5,3,5,3,2,1,1,4,5,2,2,2,0,2,0,0,0,1,0,0,1,2,0,1,0,0,2,0,0,1,0,0,0,0,0,0,0,0,0,0,0,0,0,0,0,0,0,0,0,0,0,0,0,0,0,0,0,0,0,0,0,0,0,0,0,0
0,0,0,3,1,2,1,3,3,0,7,4,6,4,3,8,13,5,3,12,17,17,13,22,26,12,16,15,13,26,37,25,35,43,33,33,50,48,48,66,65,57,63,65,67,69,72,72,99,103,85,119,125,87,113,113,108,121,99,112,116,116,128,98,102,114,122,116,117,87,120,116,96,94,105,128,102,88,93,96,86,83,84,80,72,66,58,71,49,54,43,56,41,45,52,50,37,40,43,38,33,38,39,32,34,26,26,21,24,27,28,28,14,20,18,18,25,18,12,15,15,17,14,14,6,7,7,11,6,6,6,4,5,6,3,7,2,3,1,2,6,0,2,0,5,1,4,3,1,1,0,1,2,0,0,1,1,0,0,0,0,0,0,0,0,0,0,1,0,0,0,0,0,0,0,0,0,0,0,0,0,0,0,0,0,0,0,0,0,0,0,0,0,0,0,0,0,0,0,0
0,0,1,1,0,1,0,2,2,0,7,2,3,3,4,12,12,9,5,11,11,12,12,15,26,23,22,18,18,26,30,28,32,52,46,46,52,47,64,63,60,79,72,79,84,55,89,75,86,101,95,100,88,93,108,139,104,109,130,98,87,99,95,103,102,106,109,104,102,106,87,112,80,102,93,111,89,91,87,87,90,63,77,97,78,64,64,59,71,68,64,67,45,38,50,41,51,42,32,49,26,30,41,29,26,22,22,21,19,24,14,31,18,23,19,16,18,16,16,12,19,6,9,12,10,13,6,5,8,2,7,5,6,7,2,3,0,6,3,1,2,1,5,1,2,1,1,0,0,1,0,0,0,1,0,1,0,0,0,2,0,0,0,0,0,1,0,0,0,0,0,0,0,0,0,0,0,0,0,0,0,0,0,0,0,0,0,0,0,0,0,0,0,0,0,0,0,0,0,0
0,0,0,5,1,1,1,1,4,2,3,2,3,4,6,10,11,10,7,5,12,8,15,12,20,21,20,21,20,19,27,26,53,36,52,35,47,39,50,68,72,83,52,59,75,49,69,78,106,78,93,97,99,100,85,96,94,89,95,114,101,99,118,96,105,74,99,99,92,99,112,117,108,88,72,99,93,85,89,74,88,67,76,77,69,65,53,54,60,47,59,60,53,51,43,53,43,51,41,39,31,38,35,28,30,32,24,19,25,30,22,28,13,18,16,12,19,11,5,15,11,12,14,14,10,9,5,10,5,4,6,5,8,3,4,3,6,2,3,3,3,0,2,1,2,1,0,1,0,2,2,0,1,0,0,1,0,0,1,0,0,2,0,1,0,1,0,0,0,0,0,0,0,0,0,0,0,0,0,0,0,0,0,0,0,0,0,0,0,0,0,0,0,0,0,0,0,0,0,0
0,0,1,3,0,0,0,8,4,0,0,4,5,2,7,5,4,9,2,9,14,10,16,13,22,21,20,21,22,16,30,21,46,46,47,38,47,25,48,52,54,63,57,49,74,47,75,71,98,91,67,111,96,88,82,95,100,93,95,97,81,123,96,100,103,90,96,99,104,97,95,104,74,85,92,91,92,92,94,88,90,69,76,81,65,72,55,51,69,52,65,70,65,50,51,57,40,41,48,35,38,35,40,41,25,26,26,30,19,21,26,16,21,19,15,16,18,5,15,11,3,10,7,13,10,4,8,8,7,3,8,4,7,1,3,2,3,0,2,2,2,2,5,0,2,2,1,1,0,1,0,1,0,2,1,1,1,2,0,0,1,0,0,1,0,0,0,0,0,0,0,0,0,0,0,0,0,0,0,0,0,0,0,0,0,0,0,1,0,0,0,0,0,0,0,0,0,0,0,0
0,1,1,3,2,0,2,5,1,3,6,1,5,3,0,2,8,4,7,9,9,6,12,22,8,19,32,23,19,24,46,34,34,36,40,43,53,44,36,56,47,55,50,69,85,63,75,76,90,74,81,88,92,85,94,118,95,98,99,115,95,97,100,75,89,97,116,110,76,84,86,99,109,91,86,94,86,88,77,82,82,64,78,81,60,58,58,65,55,56,66,55,71,46,37,40,36,39,42,30,34,26,30,27,28,32,22,15,23,21,29,22,21,16,16,11,15,13,16,13,9,12,8,13,13,14,4,10,6,6,7,6,6,3,2,2,5,2,2,1,1,2,2,0,0,2,0,0,1,0,2,1,0,0,1,2,0,2,0,1,0,0,0,0,0,0,0,0,1,0,0,0,0,0,0,0,0,0,0,0,0,0,0,0,0,0,0,0,0,0,0,0,0,0,0,0,0,0,0,0
1,2,0,2,0,0,2,3,3,1,7,5,2,1,1,12,6,11,4,4,10,9,18,13,17,22,22,16,14,27,30,24,36,31,41,37,49,33,40,45,53,65,64,49,59,67,74,75,82,69,84,91,87,107,83,102,81,93,86,97,76,91,110,115,84,98,93,75,103,85,98,94,86,106,71,111,87,77,103,84,72,57,62,80,54,75,63,62,68,50,53,55,41,50,52,31,49,55,32,33,31,26,32,30,31,26,27,28,27,22,18,13,9,14,17,10,19,9,11,8,10,11,16,4,7,9,6,6,0,5,8,4,9,6,2,2,4,2,5,2,7,4,1,0,0,0,0,1,2,0,0,0,0,0,0,0,0,1,0,1,0,0,0,0,0,0,0,0,0,0,0,1,0,0,0,0,0,0,0,0,0,0,0,0,0,0,0,0,0,0,0,0,0,0,0,0,0,0,0,0
0,3,0,5,1,1,0,6,0,2,1,2,2,2,2,8,4,6,5,7,14,7,21,17,15,15,17,12,23,23,33,20,36,40,36,29,43,38,45,58,42,66,48,66,58,66,76,72,83,77,71,99,77,109,76,102,89,85,78,73,91,96,104,105,95,98,92,117,101,87,92,96,73,70,72,93,75,76,98,70,65,75,66,68,50,39,59,64,52,50,53,51,47,37,48,44,29,35,31,35,32,27,28,19,31,22,18,20,18,28,16,25,19,22,14,20,12,14,3,12,12,11,11,5,9,8,7,6,12,9,7,2,6,5,1,4,2,2,2,5,1,1,1,0,2,3,1,2,0,0,0,0,0,0,1,0,0,1,2,1,0,0,0,0,1,0,0,0,1,0,0,0,0,0,0,0,0,0,0,0,0,0,0,0,0,0,0,0,0,0,0,0,0,0,0,0,0,0,0,0
1,1,0,0,0,1,0,5,4,0,6,3,3,5,2,10,5,7,1,2,11,6,23,13,18,23,14,15,14,29,31,26,31,42,48,30,50,28,40,51,46,58,48,41,68,49,64,64,69,91,89,84,102,110,80,85,74,109,83,100,93,105,78,68,90,90,78,74,104,93,100,88,97,85,75,96,81,77,77,90,63,72,39,67,60,62,48,68,60,56,51,55,56,52,53,50,52,37,22,23,34,24,32,32,24,27,24,12,16,22,13,16,16,13,10,17,11,10,12,13,9,12,4,8,11,7,8,5,6,5,2,6,3,3,4,6,1,7,1,1,2,1,0,1,3,4,0,3,2,0,0,1,1,2,1,0,0,0,0,0,0,0,0,0,0,0,0,1,0,0,0,0,0,0,0,0,0,0,0,0,0,0,0,0,0,0,0,0,0,0,0,0,0,0,0,0,0,0,0,0
0,0,0,1,0,0,0,2,4,0,1,0,3,4,5,9,4,4,6,9,10,15,15,9,24,16,15,24,11,20,36,40,36,32,43,31,44,40,36,43,45,56,55,62,61,64,71,71,68,85,65,71,95,75,86,101,93,98,104,84,75,99,86,77,67,74,78,92,98,81,97,104,83,85,84,97,65,71,81,71,61,59,53,73,69,47,59,43,68,50,44,49,61,39,51,37,31,30,32,38,31,33,25,22,35,20,11,32,21,20,22,17,17,10,14,22,10,11,11,9,6,6,8,10,6,7,1,5,7,2,5,4,2,0,0,4,5,4,1,3,0,1,1,3,0,0,1,3,1,1,0,0,1,0,0,0,0,0,1,1,1,1,0,1,0,0,0,0,0,0,0,1,0,0,0,0,0,0,0,0,0,0,0,0,0,0,0,0,0,0,0,0,0,0,0,0,0,0,0,0
0,0,0,4,0,2,1,3,1,0,6,3,6,0,1,5,8,7,6,6,7,11,9,10,18,18,15,12,16,26,35,31,39,35,34,28,45,32,36,41,47,68,60,49,76,63,73,57,80,64,77,103,84,77,81,87,92,94,73,75,88,84,99,94,81,91,96,100,80,65,87,80,76,78,73,85,75,76,70,57,61,73,52,76,64,53,66,47,39,48,55,42,45,28,38,37,40,37,42,33,27,36,27,23,21,27,26,22,26,22,21,17,15,13,19,15,8,11,13,17,8,6,11,10,9,9,7,6,3,1,5,3,5,1,2,2,3,2,1,1,2,1,3,1,1,2,0,1,1,2,0,0,2,2,0,2,1,1,1,0,1,0,0,0,0,0,0,1,0,0,0,0,0,0,0,0,0,0,2,0,0,0,0,0,0,0,0,0,0,0,0,0,0,0,0,0,0,0,0,0
0,0,0,4,0,2,0,0,1,3,4,4,3,6,3,7,6,8,4,7,10,13,11,14,10,12,10,10,16,25,28,17,22,33,34,33,34,30,36,44,40,67,38,57,49,66,65,69,85,77,72,78,73,70,81,85,79,76,87,81,85,80,92,75,83,91,95,75,73,70,83,79,81,76,65,74,68,83,68,63,71,55,58,67,77,56,34,50,43,46,43,54,33,26,38,40,23,35,29,35,20,29,23,24,22,21,22,17,20,22,23,16,16,13,8,16,7,9,13,10,9,10,7,6,11,3,4,6,6,7,6,0,6,6,1,1,0,3,1,3,2,1,0,1,1,1,0,0,1,1,1,2,3,0,2,1,1,0,0,0,0,0,0,0,0,0,0,1,1,0,0,0,0,0,0,0,0,0,0,0,0,0,0,0,0,0,0,1,0,0,0,0,0,0,0,0,0,0,0,0
0,1,2,2,0,0,1,3,1,2,4,0,4,5,2,5,5,5,3,11,9,12,8,13,14,17,18,9,15,22,29,25,25,32,23,30,43,42,30,43,44,55,49,42,54,76,57,61,67,76,62,100,67,75,65,82,99,77,71,81,86,77,107,71,79,99,83,86,78,72,95,106,73,75,74,79,76,68,76,70,46,63,60,50,56,41,46,54,55,61,48,44,50,36,45,35,27,36,24,21,27,29,29,24,29,23,13,14,21,15,14,18,11,14,11,19,11,4,8,10,3,11,7,12,8,5,5,6,2,2,5,4,6,3,4,0,1,2,3,1,1,4,3,2,1,1,0,0,1,1,0,0,1,1,0,3,0,0,0,1,0,0,0,0,0,0,0,0,0,0,0,0,0,0,0,0,0,0,0,0,0,0,0,0,0,0,0,0,0,0,0,0,0,0,0,0,0,0,0,0
0,0,0,2,0,0,0,5,1,0,2,1,2,4,2,10,5,5,3,8,12,6,10,12,21,21,17,14,16,19,19,28,23,27,36,42,45,31,32,47,39,54,38,47,56,60,59,68,69,55,71,76,60,78,66,92,67,93,66,79,94,78,80,81,94,80,73,80,70,91,57,75,60,63,50,68,76,75,74,65,64,65,35,50,59,51,46,42,39,42,43,50,48,35,32,32,30,24,24,31,29,22,26,24,17,18,15,19,17,9,12,23,12,11,11,13,17,4,12,10,8,11,6,3,9,3,4,3,6,4,8,3,4,4,4,1,3,8,2,0,2,1,3,2,3,1,2,0,1,1,1,0,0,0,1,0,0,2,0,0,0,0,0,0,0,0,0,0,0,0,0,0,0,0,0,0,0,0,1,0,0,0,0,0,0,0,0,0,0,0,0,0,0,0,0,0,0,0,0,0
0,1,0,5,2,1,0,4,5,2,3,0,2,1,4,4,2,6,1,8,15,4,12,11,18,16,19,17,18,18,25,17,34,29,44,35,37,29,39,40,46,42,41,27,64,51,51,63,50,62,61,78,73,84,72,76,78,66,78,73,77,79,73,63,74,87,74,79,76,86,77,83,79,74,73,70,64,76,70,60,53,59,41,68,47,47,43,45,38,34,47,51,29,35,50,41,26,23,19,26,26,19,23,29,19,25,21,14,11,11,17,12,10,13,17,13,12,10,13,13,10,7,6,8,8,6,3,5,7,11,1,4,4,0,2,1,1,2,3,2,1,1,4,4,2,0,0,1,4,0,3,2,1,2,0,0,0,0,0,0,2,0,0,0,0,0,0,0,0,0,0,0,0,0,0,0,0,0,1,0,0,0,0,0,0,0,0,0,0,0,0,0,0,0,0,0,0,0,0,0
1,2,0,2,0,0,1,5,1,1,3,5,7,2,3,3,10,4,3,4,6,10,7,8,10,13,20,14,10,18,23,23,26,26,33,22,37,29,33,47,48,47,44,47,53,60,62,69,66,68,76,54,64,82,82,78,69,77,74,78,79,73,78,74,66,82,76,71,67,61,54,78,69,56,50,61,66,75,62,61,51,44,60,49,46,37,42,38,31,40,42,38,39,41,34,30,35,33,29,25,40,24,23,18,24,22,16,20,13,16,12,20,11,17,10,7,12,11,7,9,9,12,8,5,10,9,6,9,1,4,6,4,2,2,3,1,1,2,4,1,3,2,2,0,2,0,0,1,3,0,0,0,0,0,0,1,1,0,1,0,0,0,0,0,0,1,0,1,0,0,0,1,0,0,0,0,0,0,1,0,0,0,0,0,0,0,0,0,0,0,0,0,0,0,0,0,0,0,0,0
1,3,0,2,1,2,0,4,4,1,5,2,6,3,3,3,4,9,2,6,11,7,17,11,20,18,17,11,10,23,24,17,23,25,31,27,45,20,32,41,44,53,53,40,57,47,51,43,57,72,55,67,80,77,61,80,71,70,69,74,88,70,68,62,64,93,71,65,77,82,79,77,77,65,69,52,60,59,67,48,57,48,52,55,45,38,53,47,47,35,42,41,36,24,42,25,31,30,19,29,25,26,18,18,16,16,18,14,14,25,23,16,16,15,11,7,13,9,8,13,5,8,12,5,7,5,5,4,7,5,2,6,6,1,3,0,2,1,3,1,3,0,3,0,0,0,0,2,1,0,1,1,2,0,0,0,0,0,0,0,0,0,0,0,0,0,0,1,0,0,0,0,0,0,0,0,0,0,0,0,0,0,0,0,0,0,0,0,0,0,0,0,0,0,0,0,0,0,0,0
1,3,0,0,0,0,1,3,1,1,7,6,5,4,4,3,5,6,1,1,9,13,16,4,12,14,21,11,19,28,29,23,31,39,22,36,39,25,23,43,39,46,37,46,62,45,39,62,60,66,46,75,66,66,58,64,71,68,63,75,64,79,93,58,68,75,54,64,77,66,63,73,73,76,59,74,62,76,52,45,58,56,41,54,58,36,40,54,43,41,40,41,50,34,24,30,29,25,17,29,19,30,20,18,10,15,15,16,14,13,12,12,16,12,10,20,6,10,10,10,5,4,10,6,7,3,7,4,2,2,3,2,2,4,0,4,0,4,2,1,1,0,2,0,0,0,0,1,1,0,2,0,0,0,0,0,0,0,0,1,1,0,0,0,0,1,0,0,0,0,0,1,0,0,0,0,0,0,0,0,0,0,0,0,0,0,0,0,0,0,0,0,0,0,0,0,0,0,0,0
0,1,2,2,0,0,0,3,2,0,7,1,3,1,3,5,6,4,2,9,4,8,14,4,11,18,17,6,14,11,25,19,22,33,16,28,33,18,28,46,31,50,47,44,65,59,52,58,55,60,50,64,58,63,64,76,68,72,57,58,63,76,70,57,76,75,59,61,71,69,74,69,55,61,48,59,63,47,64,49,48,43,45,57,53,39,52,45,37,38,41,37,36,31,25,26,31,35,24,27,25,16,16,19,23,26,20,16,12,19,9,12,19,14,10,5,12,6,8,10,4,4,16,4,4,4,6,4,5,4,4,4,1,3,2,3,1,0,2,3,1,0,0,1,3,2,0,1,1,1,1,1,1,0,1,0,0,2,0,0,1,1,0,0,0,0,0,0,1,0,0,0,0,0,0,0,0,0,0,0,0,0,0,0,0,0,0,0,0,0,0,0,0,0,0,0,0,0,0,0
0,0,0,2,0,0,0,2,1,1,6,2,3,1,2,6,6,4,3,6,8,8,8,11,17,21,13,11,16,18,17,16,22,26,29,22,29,22,31,55,29,44,38,46,53,47,60,60,54,64,53,60,64,80,58,74,45,72,74,63,61,65,63,63,76,57,46,54,76,70,67,62,62,57,67,69,61,59,63,46,46,52,53,43,57,37,41,32,32,51,38,33,34,36,24,26,28,25,21,20,18,15,17,22,13,16,15,15,15,13,15,9,14,7,10,7,7,4,5,3,13,4,11,9,6,6,3,3,3,2,3,4,3,2,3,1,1,1,0,2,2,2,1,3,0,0,1,0,2,0,0,0,0,0,1,0,1,0,0,0,1,0,0,0,0,0,0,0,0,0,0,0,0,0,0,0,0,0,0,0,0,0,0,0,0,0,0,0,0,0,0,0,0,0,0,0,0,0,0,0
0,0,2,2,0,0,0,5,2,0,6,4,3,2,7,3,5,6,2,10,4,8,12,7,8,12,12,9,16,11,15,16,28,31,36,29,26,33,38,37,35,55,36,35,43,53,57,43,52,69,45,64,60,64,55,62,74,68,55,76,64,59,59,54,65,66,77,71,59,66,66,66,65,48,39,68,59,61,49,46,51,43,42,45,43,38,49,45,42,26,25,35,33,36,27,32,20,23,39,28,16,21,26,17,26,21,19,11,16,17,12,10,14,12,9,11,15,8,8,4,4,5,4,5,5,6,2,3,4,4,3,2,6,2,2,0,1,0,2,2,3,0,2,0,2,2,0,1,0,1,1,0,0,0,1,0,0,0,0,0,0,0,0,0,0,0,0,0,0,0,0,1,0,0,0,0,0,0,0,0,0,0,0,0,0,0,0,0,0,0,0,0,0,0,0,0,0,0,0,0
0,0,0,1,0,1,1,4,2,1,7,3,7,1,4,1,5,8,5,0,10,5,10,8,17,13,12,8,7,30,23,18,20,22,17,34,34,21,27,47,27,39,42,39,55,53,50,47,57,49,42,66,70,59,50,85,81,80,59,52,56,75,78,54,66,65,64,69,59,49,62,49,53,61,55,59,65,53,47,55,43,38,45,40,40,38,28,31,42,40,21,44,27,31,18,32,25,21,29,21,20,23,19,16,19,20,25,10,15,15,14,16,8,10,12,12,11,11,6,10,13,8,12,2,4,9,3,4,4,1,5,2,3,3,1,2,2,3,2,0,1,2,1,2,2,0,0,1,2,0,0,0,0,0,0,1,0,1,0,0,0,0,0,1,0,0,0,0,0,0,0,0,0,0,0,0,0,0,0,0,0,0,0,0,0,0,0,0,0,0,0,0,0,0,0,0,0,0,0,0
0,0,0,2,0,0,2,2,1,1,2,0,4,2,2,6,6,4,6,4,9,7,12,10,12,10,13,8,12,16,24,28,13,28,22,27,25,27,25,32,43,37,31,29,51,44,42,48,54,45,55,52,65,52,66,71,73,64,62,61,63,58,73,58,64,89,65,57,74,73,60,51,59,66,44,65,51,50,47,43,47,42,40,46,36,39,38,32,33,26,27,19,31,31,27,29,28,20,22,23,17,20,17,15,13,19,17,17,12,14,12,18,15,11,6,11,6,5,8,9,4,6,3,3,10,8,6,4,4,3,2,2,6,2,1,3,0,0,0,1,2,1,2,0,0,2,0,1,1,0,0,0,0,0,0,0,0,0,1,1,1,0,0,0,0,0,0,1,0,0,0,0,0,0,0,0,0,0,0,0,0,0,0,0,0,0,0,0,0,0,0,0,0,0,0,0,0,0,0,0
0,0,0,5,0,1,1,3,1,0,5,1,2,1,5,6,5,4,1,9,7,9,6,5,14,12,13,16,13,19,11,22,11,25,31,20,37,21,18,43,35,35,26,38,48,43,49,46,53,54,52,62,49,68,51,55,63,85,56,63,60,62,67,63,71,56,74,68,46,48,58,54,66,50,51,62,60,53,61,48,51,43,38,41,35,30,31,36,26,38,33,36,25,36,26,28,27,25,21,23,23,20,12,16,15,16,22,19,15,17,8,9,7,6,16,6,11,3,6,9,3,6,7,3,8,3,4,3,2,4,1,2,7,2,1,2,2,6,0,0,3,0,1,0,7,2,1,1,0,0,0,0,0,0,0,0,0,0,0,1,0,0,0,0,0,0,0,0,0,0,0,0,0,0,0,0,0,0,0,0,0,0,0,0,0,0,0,0,0,0,0,0,0,0,0,0,0,0,0,0
1,0,0,1,0,1,0,3,2,1,2,2,3,6,2,6,9,4,2,3,7,4,7,8,8,8,15,7,8,20,12,12,20,19,22,31,32,24,26,34,32,32,41,43,38,42,40,50,48,46,47,71,57,63,42,66,57,43,52,70,48,61,60,59,59,59,69,67,62,48,54,59,62,63,50,59,53,45,48,44,44,34,46,43,40,38,38,44,37,38,31,29,19,30,29,29,23,17,19,27,18,28,11,10,17,17,10,11,13,15,10,10,6,7,13,7,6,4,4,4,7,9,3,4,10,0,5,4,3,4,1,3,3,2,1,3,2,4,1,0,2,0,0,0,1,1,0,0,0,0,1,0,1,0,0,0,0,0,0,0,0,0,0,0,1,0,0,2,0,0,0,0,0,0,0,0,0,0,0,0,0,0,0,0,0,0,0,0,0,0,0,0,0,0,0,0,0,0,0,0
0,1,0,2,1,0,0,1,0,1,5,1,3,3,2,6,6,4,0,8,10,8,4,7,8,6,15,11,17,19,19,19,20,20,29,30,27,32,34,36,37,34,43,37,49,46,45,50,60,57,41,46,57,52,45,51,75,77,44,59,57,52,63,54,40,54,63,52,56,61,54,58,57,53,42,58,49,45,38,47,46,40,35,40,33,28,29,29,21,32,30,28,26,23,34,17,21,23,18,15,12,18,12,18,13,15,15,20,16,11,9,13,12,7,9,15,10,3,9,8,5,5,5,2,5,5,4,3,3,1,2,7,2,0,3,2,0,3,2,1,4,0,1,0,1,1,0,0,1,0,0,0,0,1,0,0,0,0,0,0,0,0,0,0,0,0,0,1,0,0,0,0,0,0,0,0,0,0,1,0,0,0,0,0,0,0,0,0,0,0,0,0,0,0,0,0,0,0,0,0
0,0,0,2,0,0,0,1,3,0,1,1,3,4,4,3,6,5,1,2,7,5,6,10,18,4,10,9,8,20,17,19,16,21,21,34,21,21,33,26,32,46,35,36,39,44,43,47,50,38,37,54,44,48,69,58,57,60,56,68,54,58,66,62,56,76,55,51,52,67,53,50,54,54,50,49,52,50,53,58,54,41,43,29,43,36,32,29,28,22,26,32,31,26,22,26,21,18,17,20,17,14,18,20,9,20,15,14,17,13,4,9,8,4,7,9,6,6,3,8,10,10,5,7,7,4,4,5,2,1,4,1,0,2,4,0,0,1,1,0,0,2,1,1,1,1,0,0,0,0,0,0,1,0,0,0,0,0,0,0,1,0,0,0,0,0,0,0,0,0,0,0,0,0,0,0,0,0,0,0,0,0,0,0,0,0,0,0,0,0,0,0,0,0,0,0,0,0,0,0
0,2,0,0,1,0,1,3,1,1,2,3,1,0,4,1,3,4,3,6,9,5,15,6,15,8,8,12,9,20,23,16,25,17,22,16,30,17,28,37,32,35,40,33,36,46,56,48,52,41,44,52,55,55,44,77,51,45,44,58,60,54,75,54,45,68,57,68,55,63,74,65,53,39,51,57,56,46,36,47,35,45,33,45,32,26,27,27,33,29,24,22,18,24,18,21,14,18,21,20,22,12,28,13,18,17,10,12,13,9,8,7,9,9,8,12,4,3,7,5,5,4,8,4,4,2,5,2,6,1,3,0,3,4,2,0,0,1,1,1,0,1,2,0,1,2,0,1,0,0,0,1,0,0,0,0,0,0,1,0,0,0,0,0,0,0,0,0,0,0,0,0,0,0,0,0,0,0,0,0,0,0,0,0,0,0,0,0,0,0,0,0,0,0,0,0,0,0,0,0
0,0,0,1,0,0,0,2,2,1,5,4,5,3,3,5,5,8,3,1,4,3,7,9,20,11,12,13,13,11,21,20,7,17,25,21,29,21,17,37,30,45,54,42,34,39,41,51,48,42,42,60,41,53,49,64,49,50,50,59,62,49,64,59,53,51,50,47,71,48,55,62,50,45,43,41,38,50,43,43,48,33,39,29,36,34,29,28,24,31,35,25,27,27,28,18,17,23,21,15,11,19,21,13,21,14,12,11,7,12,13,8,4,9,11,14,4,6,7,5,4,8,6,7,2,2,4,1,2,1,1,0,4,1,4,2,2,2,2,1,1,1,1,0,1,0,0,0,0,0,0,2,0,1,0,0,1,0,0,0,1,0,0,0,0,0,0,0,0,0,0,0,0,0,0,0,0,0,0,0,0,0,0,0,0,0,0,0,0,0,0,0,0,0,0,0,0,0,0,0
0,1,0,2,0,1,0,1,0,1,3,1,1,2,4,6,4,4,2,4,10,4,6,4,11,12,14,5,12,12,9,16,20,22,23,22,25,11,32,32,21,47,38,21,48,33,29,40,46,39,47,51,64,62,47,52,46,60,45,44,45,44,44,41,50,50,47,63,58,53,52,50,47,48,52,46,46,39,47,26,31,43,39,41,35,34,28,38,30,25,25,31,21,29,16,22,18,21,29,16,21,26,11,19,17,11,12,9,9,7,13,18,10,9,10,6,8,4,9,10,3,5,3,6,3,7,3,3,3,0,2,2,4,1,0,2,0,1,1,2,1,0,0,1,1,0,0,0,0,0,2,0,0,0,0,1,1,2,0,0,0,0,0,0,0,0,0,0,0,0,0,0,0,0,0,0,0,0,0,0,0,0,0,0,0,0,0,0,0,0,0,0,0,0,0,0,0,0,0,0
0,1,0,2,0,2,0,0,2,1,4,3,4,1,3,6,2,9,2,4,8,2,9,9,13,10,16,7,7,14,10,17,24,16,21,27,22,19,12,33,37,39,36,33,42,32,42,41,38,51,38,63,41,47,43,53,59,41,44,43,47,51,50,38,34,67,55,48,51,43,57,41,46,40,49,52,49,35,51,38,30,39,30,40,29,33,22,25,23,27,27,29,34,23,25,18,6,14,20,21,20,15,16,16,15,13,18,9,18,4,13,11,12,15,12,4,9,2,10,6,4,9,3,4,4,4,5,2,3,2,2,2,2,5,1,2,1,0,2,0,0,0,3,1,3,2,0,0,0,0,0,0,0,0,0,0,1,0,0,0,0,0,0,0,0,0,0,0,0,0,0,0,0,0,0,0,0,0,0,0,0,0,0,0,0,0,0,0,0,0,0,0,0,0,0,0,0,0,0,0
0,1,0,0,0,0,0,2,3,1,5,2,2,1,3,3,3,2,1,4,5,1,9,8,7,6,10,8,11,8,19,16,10,15,28,20,34,22,24,23,26,32,30,25,28,39,42,38,46,38,38,42,47,55,55,58,54,52,50,62,64,54,70,39,47,52,50,48,46,51,56,40,38,48,30,44,41,50,37,55,37,37,30,40,35,30,31,28,24,27,19,28,25,17,27,28,20,19,20,20,11,17,15,9,10,11,7,9,9,7,10,8,7,9,7,7,7,3,7,8,5,9,3,1,9,1,1,1,4,0,2,1,1,2,6,2,1,0,1,0,0,0,2,0,4,0,0,0,0,1,1,0,1,0,0,0,0,0,0,0,0,0,0,0,0,0,0,0,0,0,0,0,0,0,0,0,0,0,0,0,0,0,0,0,0,0,0,0,0,0,0,0,0,0,0,0,0,0,0,0
1,1,0,0,1,1,0,2,1,1,1,1,2,0,1,4,3,3,0,3,7,7,8,5,15,12,9,5,3,12,18,21,17,9,23,17,25,19,19,31,27,34,33,38,40,33,28,40,46,38,32,41,44,57,50,52,53,39,51,51,44,54,52,42,35,49,51,51,47,38,55,43,45,36,36,54,57,39,40,42,44,34,17,44,30,29,28,29,20,26,18,29,16,25,19,17,22,24,6,16,13,14,21,14,12,10,17,6,10,11,7,6,14,8,7,10,6,5,8,5,4,3,6,2,1,5,2,2,6,2,2,3,1,2,4,4,1,1,1,0,1,1,3,0,0,0,0,0,1,1,0,0,1,0,1,1,0,0,0,1,0,0,0,0,0,0,0,0,0,0,0,0,0,0,0,0,0,0,0,0,0,0,0,0,0,0,0,0,0,0,0,0,0,0,0,0,0,0,0,0
0,2,0,1,0,1,1,1,2,0,3,3,6,3,3,4,1,4,1,4,2,4,4,0,10,6,10,11,9,12,21,19,19,24,24,16,22,25,23,23,28,41,27,24,34,25,39,43,46,46,43,44,32,53,47,44,57,54,42,34,46,48,40,38,52,49,48,40,44,35,37,28,46,42,39,36,38,45,41,37,35,28,35,35,27,33,33,21,24,25,32,27,20,14,22,21,17,11,19,13,13,10,17,15,17,7,8,20,9,12,6,7,11,6,13,8,9,5,5,6,2,8,3,6,3,0,2,4,2,0,1,0,1,3,1,1,1,2,0,0,1,2,0,0,0,0,1,3,0,0,0,2,0,0,1,0,0,0,0,0,0,0,0,0,0,0,0,0,0,0,0,0,0,0,0,0,0,0,0,0,0,0,0,0,0,0,0,0,0,0,0,0,0,0,0,0,0,0,0,0
0,0,0,2,0,0,1,1,2,1,0,0,5,0,5,2,5,6,2,6,9,1,7,10,9,6,12,8,13,13,18,16,22,16,28,9,21,11,18,40,24,32,28,29,42,32,38,27,43,30,43,54,34,51,46,41,43,35,45,42,40,48,36,40,44,43,51,43,49,35,45,43,46,42,44,52,35,34,40,31,36,19,35,38,31,26,26,35,18,13,20,27,23,20,18,27,17,20,17,23,14,7,10,17,8,13,9,12,6,13,11,8,5,5,3,9,1,3,6,4,2,4,4,6,4,0,5,3,2,3,1,3,1,1,0,1,0,3,2,1,0,0,0,1,1,0,2,0,1,0,1,0,0,0,0,0,0,0,0,0,0,0,0,0,0,0,0,0,0,0,0,0,0,0,0,0,0,0,0,0,0,0,0,0,0,0,0,0,0,0,0,0,0,0,0,0,0,0,0,0
0,3,1,3,0,0,0,0,3,0,3,2,0,2,4,4,1,5,1,5,4,3,9,3,7,9,11,5,9,21,14,14,14,20,14,14,39,19,25,29,36,35,24,29,35,27,37,44,33,44,25,38,41,35,36,40,36,41,31,28,42,40,48,47,32,47,43,48,50,38,41,44,52,40,38,46,34,45,33,46,34,34,34,23,29,27,28,29,20,24,26,18,16,15,18,23,12,15,11,10,12,10,9,10,13,14,8,5,8,7,6,6,5,5,7,10,6,3,5,6,4,8,7,6,1,5,0,5,3,0,4,3,1,0,1,2,1,1,3,1,1,0,2,0,1,1,0,0,0,0,0,0,0,0,0,0,0,0,0,1,0,0,0,0,0,0,0,0,0,0,0,0,0,0,0,0,0,0,0,0,0,0,0,0,0,0,0,0,0,0,0,0,0,0,0,0,0,0,0,0
0,0,0,1,0,1,1,1,0,0,2,2,1,1,1,1,2,3,3,3,4,6,10,4,6,10,15,13,8,8,18,12,18,22,22,16,40,16,15,28,23,30,35,30,33,27,43,37,41,40,43,47,35,45,36,40,47,42,57,37,45,34,47,30,56,48,59,38,49,32,40,45,45,49,41,44,26,36,35,21,31,21,29,25,25,17,30,19,21,18,15,21,20,22,21,17,20,17,11,9,17,12,16,8,16,8,10,8,15,12,7,7,9,8,3,4,5,5,9,0,1,4,3,5,2,2,2,5,2,1,0,0,1,0,2,1,2,2,0,0,1,0,3,1,0,2,0,0,0,0,1,0,1,1,0,0,0,0,0,0,0,1,0,0,0,0,0,0,0,0,0,0,0,0,0,0,0,0,0,0,0,0,0,0,0,0,0,0,0,0,0,0,0,0,0,0,0,0,0,0
0,0,0,2,0,0,0,1,1,0,2,1,0,0,1,2,3,4,0,2,5,4,10,2,9,7,1,7,8,8,14,14,17,17,17,18,27,20,18,23,21,31,35,20,26,34,43,42,39,42,36,37,39,42,31,48,47,50,39,58,48,44,38,48,35,37,38,51,51,44,41,30,33,46,28,38,33,43,26,31,27,21,26,34,33,20,17,23,25,19,26,20,25,14,14,13,22,21,16,17,16,16,9,11,10,13,8,11,14,17,11,10,6,10,8,10,3,5,3,7,5,9,6,9,3,6,3,3,4,1,2,2,6,3,2,1,0,0,0,0,2,1,3,0,0,0,0,0,0,0,1,0,0,0,0,0,0,0,0,0,0,0,0,0,0,0,0,0,0,0,0,0,0,0,0,0,0,0,0,0,0,0,0,0,0,0,0,0,0,0,0,0,0,0,0,0,0,0,0,0
0,1,0,1,1,1,1,2,4,0,2,3,2,3,3,3,1,2,1,7,5,8,5,7,11,6,10,6,12,9,15,11,12,4,18,16,15,19,17,16,24,32,27,28,33,32,32,24,31,42,29,46,37,33,44,48,42,46,41,41,36,38,42,40,38,39,38,41,37,30,37,34,33,42,31,42,37,22,32,30,29,30,30,35,31,25,32,31,20,26,22,18,25,22,19,13,8,13,18,11,16,7,9,10,8,11,10,6,4,3,11,1,5,4,6,9,2,3,7,7,1,5,5,6,6,3,1,3,2,2,2,2,2,1,1,1,0,0,1,1,0,0,2,1,1,2,0,1,0,0,0,0,0,0,0,0,1,1,0,0,0,0,0,0,0,0,0,0,0,0,0,0,0,0,0,0,0,0,0,0,0,0,0,0,0,0,0,0,0,0,0,0,0,0,0,0,0,0,0,0
0,0,0,4,0,0,0,1,1,0,4,1,2,0,4,3,3,7,0,6,4,3,5,5,3,12,7,10,10,12,12,16,16,18,21,7,20,14,21,33,26,27,22,21,34,26,28,34,26,31,28,29,43,27,31,45,41,48,25,41,37,37,42,45,33,30,34,40,31,40,41,47,36,32,39,39,23,26,36,40,27,17,28,21,22,17,25,13,23,31,22,12,14,14,12,18,15,15,20,8,7,9,18,11,12,10,9,12,13,4,6,8,9,6,3,4,2,4,0,4,4,2,4,2,6,2,1,2,0,3,0,2,2,3,0,2,0,2,1,0,1,1,0,2,0,1,0,1,0,1,2,0,0,0,1,0,0,0,0,0,0,0,0,0,0,0,0,0,0,0,0,0,0,0,0,0,0,0,0,0,0,0,0,0,0,0,0,0,0,0,0,0,0,0,0,0,0,0,0,0
0,0,0,0,0,0,1,3,0,0,1,0,3,1,3,2,4,3,1,6,10,9,6,7,4,8,11,8,7,13,7,6,19,12,16,14,21,15,13,26,17,23,22,23,25,30,36,38,30,32,36,38,36,37,24,35,33,37,37,32,48,37,33,41,39,25,33,36,39,27,52,36,41,37,33,30,34,28,32,28,24,24,24,30,26,22,25,18,22,23,21,16,13,17,11,13,16,9,15,12,14,9,10,9,10,11,5,8,6,9,9,4,4,1,8,7,3,4,3,7,4,3,2,4,2,3,1,1,2,3,1,1,1,2,0,0,2,3,1,1,0,0,0,0,1,0,0,0,0,0,1,0,0,0,0,1,0,0,0,0,0,0,0,0,0,0,0,0,0,0,0,0,0,0,0,0,0,0,0,0,0,0,0,0,0,0,0,0,0,0,0,0,0,0,0,0,0,0,0,0
0,1,0,0,0,1,0,1,1,0,1,2,5,3,3,2,2,7,1,2,9,6,6,7,4,9,8,6,6,15,11,17,15,14,21,13,26,15,20,21,23,25,26,24,26,31,26,35,29,31,33,45,39,36,34,43,43,42,40,36,42,47,36,36,43,36,37,25,38,46,29,33,43,29,32,34,39,31,33,30,23,21,34,21,23,19,19,18,25,12,15,21,12,13,19,14,12,10,11,10,9,11,13,7,9,9,1,8,12,8,9,10,4,8,0,4,8,4,2,4,6,0,4,4,2,4,0,2,1,2,2,0,1,1,1,4,0,1,2,1,0,1,1,1,0,0,0,0,0,0,0,0,0,0,0,0,0,0,0,0,0,1,0,1,0,0,0,0,1,0,0,0,0,0,0,0,0,0,0,0,0,0,0,0,0,0,0,0,0,0,0,0,0,0,0,0,0,0,0,0
0,0,0,0,0,0,1,0,0,0,1,1,4,1,1,3,4,4,0,2,4,6,2,8,6,9,11,1,5,4,12,10,15,16,16,23,21,18,23,22,26,29,28,23,33,36,31,21,34,32,33,33,38,27,34,43,47,31,41,33,49,41,31,34,37,31,33,32,51,35,38,37,34,31,33,27,27,31,34,17,25,20,31,35,26,20,11,23,23,21,17,22,13,15,15,17,20,15,11,12,12,11,9,9,12,7,8,8,10,12,4,7,3,4,3,5,5,5,3,5,3,5,1,5,6,6,2,1,0,0,0,2,1,2,1,1,0,2,0,0,0,0,0,0,0,0,0,1,1,0,0,0,0,0,0,0,0,1,0,0,0,0,0,0,0,0,0,0,0,0,0,0,0,0,0,0,0,0,0,0,0,0,0,0,0,0,0,0,0,0,0,0,0,0,0,0,0,0,0,0
0,1,0,4,0,0,0,1,2,0,1,3,5,0,3,4,4,4,1,4,6,4,8,7,4,3,10,5,10,12,11,19,23,11,15,23,20,16,14,25,16,25,23,26,32,28,31,26,26,35,34,35,32,39,24,47,33,40,35,27,37,33,47,44,26,34,31,45,34,29,44,32,34,32,26,32,29,25,24,28,28,25,29,28,22,30,15,16,14,16,19,13,14,16,12,13,14,12,8,16,13,12,5,7,10,13,7,8,6,10,8,4,3,4,7,10,7,3,4,7,5,5,2,3,4,1,2,1,1,0,1,3,2,1,1,3,0,0,0,1,3,0,1,1,1,1,0,1,0,0,0,0,0,0,0,0,0,0,0,1,0,0,0,0,0,0,0,0,0,0,0,0,0,0,0,0,0,0,0,0,0,0,0,0,0,0,0,0,0,0,0,0,0,0,0,0,0,0,0,0
0,0,0,0,0,0,0,1,4,0,3,1,0,3,1,2,2,3,0,1,2,3,7,3,9,4,8,12,8,10,15,12,7,16,12,12,16,13,16,15,30,28,22,22,26,25,24,29,29,23,29,53,40,39,24,39,41,58,33,33,33,33,31,24,36,35,35,35,24,33,33,38,25,28,37,33,35,25,30,25,26,25,19,19,18,16,21,19,20,21,17,14,21,14,8,14,8,20,12,18,8,10,18,11,12,6,12,8,2,11,6,5,3,7,3,3,4,5,5,4,4,4,7,2,4,1,0,3,0,2,1,2,0,0,0,3,0,1,0,1,1,0,1,0,0,1,0,1,0,0,0,0,0,0,0,0,0,0,0,0,0,0,0,0,0,0,0,0,0,0,0,0,0,0,0,0,0,0,0,0,0,0,0,0,0,0,0,0,0,0,0,0,0,0,0,0,0,0,0,0
0,0,0,0,0,0,1,4,1,0,2,0,1,1,4,5,2,1,3,3,2,2,4,3,10,5,10,8,6,11,11,7,17,15,20,13,20,15,10,25,22,29,20,21,26,28,42,27,27,34,29,27,30,26,36,35,45,36,27,37,33,34,45,25,31,33,33,34,27,29,22,18,27,22,21,32,33,34,26,30,21,20,21,23,27,16,18,24,22,20,14,12,6,10,12,8,16,10,10,7,14,7,4,11,8,6,11,9,6,10,6,7,8,5,5,3,4,2,2,5,3,0,5,2,7,4,0,1,3,2,0,1,3,1,2,1,0,1,1,1,0,1,1,0,1,1,0,0,0,0,0,0,0,0,0,0,0,0,0,0,0,0,0,0,0,0,0,0,0,0,0,0,0,0,0,0,0,0,0,0,0,0,0,0,0,0,0,0,0,0,0,0,0,0,0,0,0,0,0,0
1,1,0,2,0,0,1,0,0,0,2,3,2,0,0,2,2,5,0,3,4,2,2,2,8,10,7,5,6,8,12,7,9,14,13,19,17,19,17,20,26,17,27,16,27,26,28,23,23,27,30,38,36,34,26,42,32,29,35,37,24,43,34,22,37,29,32,41,28,28,29,25,27,26,29,30,19,32,35,20,20,19,17,29,17,12,18,21,15,20,14,18,12,18,14,9,11,15,8,10,7,12,15,7,13,7,9,7,11,14,4,8,5,11,4,4,4,2,3,4,2,3,2,1,2,4,1,0,2,3,4,0,1,2,0,1,1,0,1,0,2,1,0,1,2,0,0,1,0,0,1,0,0,0,0,0,0,2,0,0,0,0,0,0,0,0,0,0,0,0,0,0,0,0,0,0,0,0,0,0,0,0,0,0,0,0,0,0,0,0,0,0,0,0,0,0,0,0,0,0
0,2,0,3,0,0,1,3,2,0,0,1,2,2,4,2,0,2,1,2,2,4,2,1,5,10,11,6,10,15,11,10,13,19,14,13,16,20,15,19,17,32,16,29,17,19,27,23,30,35,36,33,17,31,29,47,37,31,29,27,24,17,36,33,29,34,43,26,23,30,34,32,31,28,24,20,21,31,25,31,23,17,21,24,19,15,14,14,20,25,23,16,18,15,15,11,6,13,11,15,12,10,8,8,6,9,6,7,6,1,6,4,9,7,4,4,6,4,2,3,3,3,2,0,0,3,1,1,1,1,0,1,1,1,1,0,0,2,0,1,0,0,0,0,0,1,0,0,0,0,1,0,0,0,0,2,0,0,0,0,1,0,0,0,0,0,0,0,0,0,0,0,0,0,0,0,0,0,0,0,0,0,0,0,0,0,0,0,0,0,0,0,0,0,0,0,0,0,0,0
0,0,0,0,0,0,0,0,5,0,2,1,3,2,2,2,2,2,2,1,5,7,4,5,6,3,6,8,8,14,8,11,10,11,17,17,19,13,11,16,12,21,17,24,21,25,29,20,26,21,25,34,32,32,32,31,36,27,28,40,33,32,30,29,34,34,25,34,37,40,25,38,28,21,34,26,38,22,20,16,25,27,26,22,24,21,18,22,14,23,20,18,9,13,13,14,10,10,7,10,13,12,7,6,7,4,7,13,10,7,3,5,3,3,1,7,2,7,6,6,2,2,5,4,0,2,0,4,1,3,4,0,0,6,0,1,0,0,0,0,1,1,1,0,1,0,0,0,0,0,2,1,0,1,0,0,0,0,0,0,0,0,0,0,0,0,0,0,0,0,0,0,0,0,0,0,0,0,0,0,0,0,0,0,0,0,0,0,0,0,0,0,0,0,0,0,0,0,0,0
0,0,0,3,0,1,0,0,0,0,1,1,1,5,2,1,0,2,0,1,6,5,6,1,8,6,2,7,8,6,5,9,15,12,16,14,24,21,11,20,17,17,17,24,23,26,29,17,32,28,22,37,16,37,29,41,37,22,28,26,36,36,20,28,28,25,30,30,34,23,28,19,32,26,26,32,23,33,21,24,20,24,22,27,19,14,16,24,8,21,16,17,14,10,10,13,11,14,16,7,6,11,15,11,3,4,6,7,8,4,4,2,6,3,3,3,4,6,4,4,3,2,3,3,2,3,1,0,1,1,3,2,4,2,0,1,1,0,0,1,1,0,0,0,1,0,1,1,0,0,0,0,0,0,2,0,0,0,0,0,1,0,0,0,0,0,0,0,0,0,0,0,0,0,0,0,0,0,0,0,0,0,0,0,0,0,0,0,0,0,0,0,0,0,0,0,0,0,0,0
0,1,0,2,0,0,0,3,3,0,2,0,1,1,2,0,1,2,1,5,2,5,3,4,12,8,7,5,9,4,8,12,17,13,10,12,24,12,13,20,5,13,23,22,24,30,34,30,30,20,23,32,31,31,32,33,24,48,37,24,32,20,29,28,26,16,35,33,38,23,33,13,36,25,35,23,20,26,23,24,17,14,21,16,20,17,14,22,24,7,10,17,15,15,9,12,10,15,11,12,5,9,13,13,7,6,10,7,3,6,5,3,3,2,6,1,5,3,3,3,5,1,1,3,2,2,2,2,1,0,0,0,1,1,1,4,1,0,0,0,0,0,1,0,0,0,0,1,0,1,0,0,1,0,0,0,0,0,0,0,1,0,0,0,0,0,0,0,0,0,0,0,0,0,0,0,0,0,0,0,0,0,0,0,0,0,0,0,0,0,0,0,0,0,0,0,0,0,0,0
0,0,0,0,0,0,0,2,0,1,2,0,1,2,2,0,2,3,0,2,3,1,5,3,4,9,8,5,12,11,7,5,14,11,12,12,19,18,17,23,18,24,25,21,21,17,15,24,31,29,21,41,29,40,29,32,30,36,14,25,24,33,30,34,23,30,29,40,26,27,27,34,20,31,23,25,16,16,31,18,24,25,17,12,13,14,11,12,6,8,20,12,7,9,10,14,8,13,6,9,11,11,10,7,7,6,6,5,2,6,6,5,4,3,5,5,3,2,3,6,3,4,3,2,2,3,1,0,1,1,0,0,3,2,1,0,2,0,1,1,0,0,3,0,0,0,2,1,0,0,1,0,0,0,3,0,1,0,0,0,0,0,0,0,0,0,0,0,0,0,0,0,0,0,0,0,0,0,0,0,0,0,0,0,0,0,0,0,0,0,0,0,0,0,0,0,0,0,0,0
0,0,0,0,0,0,0,1,1,1,0,0,2,2,1,2,2,3,0,1,6,4,3,4,8,3,8,7,4,10,10,15,9,9,14,18,15,17,10,18,18,19,18,15,25,19,25,16,25,20,16,31,20,30,26,26,26,35,39,29,27,28,36,28,45,27,26,33,33,26,29,34,23,20,24,29,26,28,31,22,23,16,15,17,13,11,12,16,11,14,11,14,20,13,6,10,8,10,9,7,15,5,3,9,6,10,2,5,9,2,3,4,5,6,4,3,4,2,5,2,3,2,6,3,2,0,1,0,1,1,1,1,1,0,1,0,1,1,1,0,1,0,1,0,0,0,0,1,0,0,0,0,0,0,0,0,0,0,0,0,0,0,0,0,0,0,0,0,0,0,0,0,0,0,0,0,0,0,0,0,0,0,0,0,0,0,0,0,0,0,0,0,0,0,0,0,0,0,0,0
0,1,0,1,0,0,1,1,1,1,2,0,2,1,2,3,3,1,0,0,1,7,6,5,6,4,12,6,3,7,4,10,13,17,7,14,14,9,18,17,18,25,24,21,28,25,12,24,28,19,27,30,35,27,22,32,28,30,20,29,29,24,28,32,27,21,28,30,23,18,27,19,21,18,18,28,28,29,22,29,22,19,10,20,21,16,20,15,14,19,9,10,8,15,8,16,11,11,12,15,14,9,11,7,2,7,4,6,7,8,3,3,5,9,2,3,3,2,6,2,3,3,1,2,0,0,0,3,0,2,3,1,0,1,0,0,1,3,0,0,0,0,3,0,0,0,0,0,1,0,0,0,0,0,0,0,0,0,0,0,0,0,0,0,0,0,0,0,0,0,0,0,0,0,0,0,0,0,0,0,0,0,0,0,0,0,0,0,0,0,0,0,0,0,0,0,0,0,0,0
0,0,0,0,0,0,2,1,4,0,1,1,2,0,1,6,3,5,0,1,2,2,4,1,3,5,5,2,7,9,7,6,11,11,10,9,9,10,16,13,13,20,15,20,23,20,26,30,23,26,23,23,25,36,30,26,34,25,32,25,29,27,23,26,26,27,24,33,26,19,25,22,35,20,16,29,27,26,25,19,18,13,18,22,26,17,21,7,16,13,14,10,10,9,18,7,10,11,7,11,9,12,6,4,6,5,10,5,3,5,6,9,5,4,4,5,3,2,4,1,4,3,5,6,1,3,1,4,1,0,0,2,0,1,0,0,0,2,0,1,0,0,1,0,0,0,0,2,0,0,0,0,0,0,0,0,0,0,0,0,1,0,0,0,0,1,0,0,0,0,0,0,0,0,0,0,0,0,0,0,0,0,0,0,0,0,0,0,0,0,0,0,0,0,0,0,0,0,0,0
0,2,1,0,0,0,0,0,1,1,2,1,0,3,1,7,2,0,0,2,5,4,4,4,6,7,5,8,2,9,9,14,10,8,12,17,8,12,9,16,13,19,12,17,26,19,29,18,25,26,24,24,24,28,20,29,23,30,21,28,32,32,27,25,18,25,18,26,32,28,22,25,23,21,25,25,18,22,19,20,18,22,21,23,8,17,19,18,12,19,16,12,14,10,12,10,11,6,9,10,10,4,6,7,5,13,3,5,7,3,4,5,3,3,4,2,2,0,3,1,0,6,3,5,3,2,0,2,1,0,1,1,1,1,0,0,0,1,1,1,0,1,1,3,0,1,0,0,1,0,1,0,0,0,0,0,0,0,0,0,0,0,0,0,0,0,0,0,0,0,0,0,0,0,0,0,0,0,0,0,0,0,0,0,0,0,0,0,0,0,0,0,0,0,0,0,0,0,0,0
0,0,2,1,0,0,0,1,2,0,2,0,0,0,1,2,1,2,0,0,1,2,4,5,6,3,7,5,5,7,6,7,10,10,17,19,17,10,11,14,13,20,22,19,18,18,19,20,23,17,31,43,34,26,23,26,24,24,22,20,26,31,30,21,24,25,27,20,25,23,33,20,28,17,23,24,17,21,8,19,19,18,12,14,22,22,16,10,15,17,22,14,13,9,13,14,13,12,7,5,6,3,2,8,7,8,8,2,3,7,4,5,0,5,4,6,2,2,3,4,3,2,3,2,0,1,2,1,1,1,0,0,0,0,1,1,1,1,0,0,1,1,0,0,0,0,0,0,0,1,2,0,0,1,0,0,0,0,0,1,0,0,0,0,0,0,0,0,0,0,0,0,0,0,0,0,0,0,0,0,0,0,0,0,0,0,0,1,0,0,0,0,0,0,0,0,0,0,0,0
0,2,0,1,0,2,0,0,1,0,0,0,1,0,2,1,3,1,2,2,6,3,6,5,10,7,9,7,5,9,10,10,15,6,13,9,15,9,6,31,19,21,24,28,16,26,20,18,16,22,9,31,16,24,29,31,20,28,17,21,24,29,37,19,23,29,29,22,29,22,20,21,28,26,20,22,17,16,21,18,17,12,18,18,16,21,13,12,9,13,14,15,9,10,9,10,8,14,4,10,7,6,6,2,10,8,2,2,6,3,7,2,5,4,5,1,2,3,3,2,3,0,2,3,3,2,0,3,1,1,2,3,1,1,1,1,0,2,1,0,0,0,1,0,1,0,1,0,0,3,0,0,0,0,0,0,0,0,0,0,0,0,0,0,0,0,0,0,0,0,0,0,0,0,0,0,0,0,0,0,0,0,0,0,0,0,0,0,0,0,0,0,0,0,0,0,0,0,0,0
1,0,0,1,0,0,0,0,0,0,0,1,1,0,0,0,0,1,1,5,2,3,2,6,3,6,7,3,6,14,14,14,9,12,7,5,8,12,9,12,20,21,24,17,19,21,20,23,17,19,22,32,24,25,20,41,31,22,25,18,29,23,24,31,20,21,21,28,20,24,20,19,26,25,17,20,21,13,13,17,16,13,16,19,13,14,13,11,14,12,14,12,13,9,10,7,8,5,4,10,6,7,6,4,5,5,5,8,4,6,2,2,7,5,3,4,5,3,4,8,2,3,2,2,2,6,1,1,2,0,1,2,1,2,0,0,0,2,0,1,0,0,2,0,1,0,0,1,1,1,0,0,1,0,0,0,0,0,1,0,0,0,0,0,0,0,0,0,0,0,0,0,0,0,0,0,0,0,0,0,0,0,0,0,0,0,0,0,0,0,0,0,0,0,0,0,0,0,0,0
0,0,0,0,0,0,0,0,0,2,1,0,0,1,1,1,2,2,2,5,3,5,1,6,4,3,6,7,3,8,8,8,5,10,11,17,9,12,13,14,24,18,12,22,22,15,18,23,19,27,20,21,26,24,32,30,20,19,12,23,25,24,29,22,26,16,29,24,20,21,19,21,15,15,22,18,19,18,18,20,18,12,14,20,15,26,16,14,10,9,15,8,7,8,10,1,4,10,4,11,6,11,13,5,3,8,4,6,3,5,1,2,2,7,5,1,5,3,4,4,2,2,1,3,2,1,2,0,2,0,1,3,1,0,1,2,0,1,1,0,1,0,1,0,0,1,0,0,1,0,0,0,0,0,0,0,0,0,1,0,0,0,0,0,0,0,0,0,0,0,0,1,0,0,0,0,0,0,0,0,0,0,0,0,0,0,0,0,0,0,0,0,0,0,0,0,0,0,0,0
0,1,0,2,0,0,0,1,1,0,1,1,2,1,1,0,2,2,0,3,1,4,1,2,7,0,7,5,5,3,7,6,11,7,15,10,19,10,7,14,9,16,12,14,18,20,16,21,19,28,15,24,23,22,23,34,23,30,26,24,16,18,26,17,28,20,24,16,18,23,27,15,21,24,16,24,18,16,17,21,15,12,11,19,13,11,19,18,13,11,14,6,7,7,8,12,4,5,6,10,4,3,6,4,3,2,10,7,0,4,5,3,4,3,4,3,2,3,3,2,1,5,3,2,0,1,0,1,1,3,3,0,0,0,0,0,0,1,0,1,1,0,0,0,0,0,0,0,0,0,0,0,0,0,0,0,0,0,0,0,1,0,0,0,0,0,0,0,0,0,0,0,0,0,0,0,0,0,0,0,0,0,0,0,0,0,0,0,0,0,0,0,0,0,0,0,0,0,0,0
0,1,0,1,0,0,1,1,1,0,1,0,1,1,0,4,3,4,1,1,4,2,6,3,5,7,4,1,3,7,9,7,14,6,9,13,8,6,9,17,16,12,20,15,17,10,9,15,21,17,24,16,22,24,22,28,22,20,15,18,23,17,20,13,23,25,24,21,28,12,17,16,19,28,19,24,22,17,19,19,13,14,17,7,18,9,4,8,9,8,4,6,6,16,3,3,5,8,8,9,8,7,4,4,8,9,6,6,8,4,2,2,2,3,3,3,4,1,1,2,2,2,1,1,1,2,0,0,1,0,1,0,1,1,2,3,0,1,0,0,1,2,0,0,0,0,0,0,0,0,0,0,0,0,0,0,0,0,0,0,0,0,0,0,0,0,0,0,0,0,0,0,0,0,0,0,0,0,0,0,0,0,0,0,0,0,0,0,0,0,0,0,0,0,0,0,0,0,0,0
0,0,0,0,0,0,0,0,2,0,1,0,2,3,0,2,0,1,1,3,5,1,1,2,1,6,4,0,6,4,4,11,6,11,12,2,9,11,9,21,12,26,17,14,16,12,21,21,24,21,14,20,20,25,18,14,25,25,28,19,20,22,22,21,17,21,24,20,32,26,25,17,14,18,13,21,20,21,18,15,19,18,12,12,11,16,14,13,15,16,13,12,5,6,12,8,7,6,4,5,9,6,2,4,4,2,2,1,3,7,2,3,3,6,4,2,2,3,3,3,0,1,0,3,1,4,2,1,0,0,0,2,0,1,1,0,0,1,1,1,0,1,0,0,0,0,0,0,0,0,0,0,0,0,0,0,0,0,0,0,0,0,0,0,0,0,0,0,0,0,0,0,0,0,0,0,0,0,0,0,0,0,0,0,0,0,0,0,0,0,0,0,0,0,0,0,0,0,0,0
0,0,0,2,0,0,0,1,1,0,0,1,0,1,1,1,1,2,1,5,6,3,2,4,4,2,4,3,2,6,6,8,8,9,6,9,9,12,14,13,15,12,10,10,10,19,17,19,19,21,20,24,18,26,20,30,17,18,25,26,16,29,23,20,17,21,17,17,23,14,16,19,17,17,15,17,15,16,15,10,19,17,14,19,9,13,14,5,10,12,12,9,13,6,7,14,9,11,5,8,4,7,3,3,4,4,7,2,1,4,4,4,2,3,1,2,4,1,1,2,2,0,3,1,4,5,1,1,2,0,0,0,0,0,0,0,0,0,0,0,0,0,0,0,1,0,0,1,0,0,1,0,0,0,1,0,0,0,0,0,0,0,0,0,0,0,0,0,0,0,0,0,0,0,0,0,0,0,0,0,0,0,0,0,0,0,0,0,0,0,0,0,0,0,0,0,0,0,0,0
1,0,0,1,0,0,0,0,1,0,0,1,1,1,0,4,3,2,0,0,5,3,2,8,5,2,4,4,6,5,7,6,3,7,6,14,14,10,6,9,11,14,14,15,15,21,11,17,17,16,18,21,12,17,28,20,18,19,15,23,18,13,18,23,16,31,27,18,22,16,24,17,10,21,21,19,11,17,12,17,13,18,12,6,9,9,13,9,9,15,11,7,7,5,8,10,8,7,5,11,9,6,5,5,7,10,6,4,5,5,2,5,3,6,3,3,1,1,3,3,1,1,3,2,0,0,1,0,0,0,1,1,1,0,0,0,1,0,0,0,0,1,0,0,0,0,0,0,0,0,0,0,1,0,0,0,0,0,0,0,1,0,0,0,0,0,0,0,0,0,0,0,0,0,0,0,0,0,0,0,0,0,0,0,0,0,0,0,0,0,0,0,0,0,0,0,0,0,0,0
1,1,0,2,1,0,1,0,1,0,0,0,2,1,2,2,1,0,0,3,0,3,1,2,2,2,2,3,2,6,15,9,9,8,12,9,13,5,13,10,12,11,18,12,17,18,13,18,19,12,15,28,13,26,15,23,21,25,18,12,18,18,19,16,25,15,22,21,25,16,16,22,15,15,20,14,12,12,10,13,21,10,12,13,12,11,14,13,10,11,12,11,7,4,6,4,12,7,9,8,8,4,8,4,4,4,8,4,0,1,6,4,2,3,2,5,3,2,0,3,1,2,3,1,4,1,1,3,2,0,0,1,1,2,0,0,0,2,0,0,0,0,0,0,0,1,1,0,0,0,0,0,0,0,0,0,0,0,1,0,0,0,0,0,0,0,0,0,0,0,0,0,0,0,0,0,0,0,0,0,0,0,0,0,0,0,0,0,0,0,0,0,0,0,0,0,0,0,0,0
0,0,1,0,0,0,0,1,1,0,0,3,0,2,1,5,1,3,1,8,2,0,0,3,3,2,3,3,1,2,8,6,6,5,16,10,11,6,13,8,14,15,11,13,14,16,16,11,10,16,26,24,17,17,14,26,18,21,14,22,22,24,25,18,14,18,23,17,23,20,19,19,18,18,14,15,7,22,22,7,10,13,10,16,19,6,14,10,11,6,7,10,7,11,13,8,5,5,6,1,8,5,10,2,7,2,5,4,7,0,5,5,3,4,2,3,0,0,3,0,1,1,4,3,2,5,1,0,3,1,2,0,0,0,0,1,4,0,0,0,2,0,1,0,1,1,0,1,0,0,1,0,1,0,0,1,0,0,0,0,0,0,0,0,0,0,0,0,0,0,0,0,0,0,0,0,0,0,0,0,0,0,0,0,0,0,0,0,0,0,0,0,0,0,0,0,0,0,0,0
0,0,0,1,0,1,1,0,0,0,0,0,0,1,0,2,1,2,1,1,0,2,0,4,4,5,4,8,7,7,3,7,11,5,10,5,12,8,10,15,12,11,17,11,14,10,13,16,14,23,14,19,21,17,13,18,20,12,12,24,13,21,21,25,16,19,17,23,21,14,21,17,22,16,17,13,12,14,16,10,11,10,14,15,8,12,17,8,9,7,16,9,4,5,8,5,7,6,4,5,6,7,4,6,6,2,5,3,4,3,5,2,3,2,4,3,3,3,3,2,3,1,1,1,1,0,1,2,2,0,0,1,2,0,0,0,0,1,0,1,0,1,0,0,0,0,1,0,0,0,1,0,0,0,0,0,0,0,0,1,0,0,0,0,0,0,0,0,0,0,0,0,0,0,0,0,0,0,0,0,0,0,0,0,0,0,0,0,0,0,0,0,0,0,0,0,0,0,0,0
0,0,0,0,0,1,0,1,0,0,0,1,0,0,1,1,1,1,1,2,1,1,1,1,3,2,5,1,3,4,5,2,8,6,11,10,11,4,7,16,9,19,5,12,18,13,19,17,20,23,10,23,23,22,19,27,22,23,16,25,14,22,23,22,19,12,17,12,18,11,14,20,25,20,12,11,14,10,16,16,11,14,17,6,20,17,10,7,9,12,9,9,6,7,9,9,5,6,7,6,8,7,4,6,5,3,6,4,2,9,1,4,3,1,1,3,3,1,4,3,2,3,0,3,2,2,1,2,1,1,0,0,0,1,1,0,0,0,1,0,0,0,2,0,0,0,0,0,0,0,1,0,0,0,0,0,0,0,0,0,0,0,0,0,0,0,0,0,0,0,0,0,0,0,0,0,0,0,1,0,0,0,0,0,0,0,0,0,0,0,0,0,0,0,0,0,0,0,0,0
0,0,0,0,0,0,0,0,1,1,1,0,1,1,2,2,2,1,1,0,3,3,3,3,6,4,4,6,5,3,7,5,6,4,10,7,5,5,11,9,10,19,18,13,21,15,12,22,22,20,16,19,13,7,19,28,23,19,22,13,15,17,14,20,21,14,17,16,11,15,23,13,12,13,15,16,14,19,16,14,11,10,11,19,11,11,10,8,7,6,8,7,10,9,3,10,4,2,5,6,7,2,5,4,4,3,5,6,3,1,4,4,4,2,3,4,1,0,2,2,1,2,2,2,1,0,3,2,1,2,0,1,1,4,0,0,0,0,1,0,1,1,1,0,1,0,0,0,0,0,0,0,0,0,0,0,1,0,0,0,0,0,0,0,0,0,0,0,0,0,0,0,0,0,0,0,0,0,0,0,0,0,0,0,0,0,0,0,0,0,0,0,0,0,0,0,0,0,0,0
0,0,0,2,0,0,0,1,2,0,0,1,0,0,0,0,0,2,1,0,3,0,1,3,6,7,6,3,5,9,10,8,6,8,7,9,9,9,11,11,6,15,15,12,14,11,23,14,14,18,16,26,16,18,19,22,13,22,19,25,15,11,12,20,13,17,15,15,11,21,16,22,21,21,10,14,10,17,14,21,10,15,10,21,11,8,12,6,5,9,4,8,12,4,7,12,9,3,9,4,3,4,7,8,2,5,7,5,7,4,3,5,1,2,2,4,0,4,3,4,0,0,1,1,0,1,2,1,1,0,1,2,0,0,0,1,0,0,0,1,1,0,0,1,0,1,1,0,0,0,0,0,0,0,0,0,0,0,0,0,0,0,0,0,0,0,0,0,0,0,0,0,0,0,0,0,0,0,1,0,0,0,0,0,0,0,0,0,0,0,0,0,0,0,0,0,0,0,0,0
0,0,1,2,0,1,0,0,0,0,1,1,2,1,3,2,2,2,2,0,3,2,2,1,4,6,4,3,3,3,9,4,5,17,8,11,4,8,8,11,6,14,9,5,12,12,16,20,24,20,16,14,23,18,7,16,19,21,11,14,22,25,18,19,19,9,13,14,17,21,17,23,15,16,8,15,19,13,12,9,12,14,12,6,13,14,10,5,8,5,4,6,3,4,6,4,2,4,6,5,7,9,7,4,2,6,3,4,2,4,6,5,1,2,4,3,1,3,2,1,1,0,3,4,1,1,0,1,2,1,0,0,0,0,0,0,0,1,0,0,1,0,1,0,0,0,0,0,0,1,1,0,0,0,0,0,0,1,0,0,0,0,0,0,0,0,0,0,0,0,0,0,0,0,0,0,0,0,0,0,0,0,0,0,0,0,0,0,0,0,0,0,0,0,0,0,0,0,0,0
0,0,0,0,0,0,0,0,0,0,0,2,0,0,1,2,0,1,0,1,1,3,1,5,4,1,7,3,7,3,10,5,7,7,6,11,6,4,7,8,7,10,9,7,18,6,18,18,15,17,24,26,19,19,14,22,22,13,16,22,18,18,22,12,26,13,18,18,18,11,12,15,13,17,8,16,19,9,10,13,11,5,10,12,7,5,11,9,6,8,6,6,5,8,8,3,8,5,7,5,6,4,5,5,3,5,4,1,5,1,5,3,5,4,2,3,3,1,1,1,1,2,4,1,1,1,0,1,0,0,0,0,1,0,1,1,1,0,0,0,0,0,0,0,0,0,0,0,0,0,1,0,0,1,0,0,0,0,0,0,0,0,0,0,0,0,0,0,0,0,0,0,0,0,0,0,0,0,0,0,0,0,0,0,0,0,0,0,0,0,0,0,0,0,0,0,0,0,0,0
0,0,1,0,0,0,0,1,0,1,1,0,1,1,0,2,0,1,0,3,1,3,2,2,6,5,3,1,5,9,8,7,4,11,7,5,5,5,7,10,8,8,11,7,11,6,10,17,14,14,12,14,9,16,19,15,22,15,14,10,10,15,20,15,20,24,13,14,17,16,20,14,17,15,11,12,13,18,9,14,13,6,12,7,19,6,8,18,5,9,9,7,7,4,7,4,3,6,5,5,2,6,6,3,9,4,2,8,3,9,3,1,3,2,5,2,4,3,0,0,0,2,0,2,2,4,1,1,0,0,2,0,1,1,0,2,0,0,1,0,0,0,0,1,1,0,0,0,1,0,0,0,0,0,0,0,0,0,0,0,0,0,0,0,0,0,0,0,0,0,0,1,0,0,0,0,0,0,0,0,0,0,0,0,0,0,0,0,0,0,0,0,0,0,0,0,0,0,0,0
0,0,0,0,0,0,0,1,2,0,1,0,1,1,1,0,0,0,0,1,0,1,3,4,8,2,5,4,4,5,4,2,6,3,8,6,8,8,6,7,14,16,9,7,11,8,9,18,20,9,13,15,16,15,19,21,14,15,13,25,9,18,21,10,5,20,16,14,15,19,21,14,10,16,14,19,14,7,14,7,11,16,11,9,14,12,5,8,6,10,8,9,7,6,6,5,5,2,4,3,0,1,3,1,6,8,11,5,4,5,4,3,3,3,2,6,0,0,3,2,0,1,0,2,1,2,0,0,0,1,1,1,0,1,0,0,1,0,0,0,0,0,1,0,0,0,0,0,0,1,0,0,0,0,1,1,0,1,0,0,0,0,0,0,0,0,0,0,0,0,0,0,0,0,0,0,0,0,0,0,0,0,0,0,0,0,0,0,0,0,0,0,0,0,0,0,0,0,0,0
0,0,0,1,0,1,0,2,0,0,0,1,0,2,0,2,1,2,1,2,4,0,2,3,3,3,3,3,5,5,7,6,8,6,6,6,4,2,12,9,6,13,13,11,11,10,10,15,14,18,14,19,9,14,12,15,14,10,16,12,12,14,10,10,21,12,15,16,11,17,9,19,14,8,12,11,13,13,12,7,10,13,4,6,8,9,9,9,10,7,6,7,8,2,3,6,7,6,4,3,4,7,4,6,3,1,3,3,0,2,6,1,2,2,1,0,4,0,0,1,1,2,1,0,1,1,1,0,1,0,0,0,2,0,0,0,1,0,0,1,0,0,0,0,1,1,0,2,0,0,0,0,0,0,0,0,0,0,0,0,0,0,0,0,0,0,0,0,0,0,0,0,0,0,0,0,0,0,0,0,0,0,0,0,0,0,0,0,0,0,0,0,0,0,0,0,0,0,0,0
0,0,0,1,0,0,0,1,1,0,1,0,1,0,1,1,1,1,0,0,2,3,3,0,5,6,5,1,2,3,6,2,3,2,8,6,4,5,6,7,10,11,9,9,19,10,20,8,10,12,12,20,20,18,12,21,11,15,9,17,16,19,19,17,15,14,17,18,12,13,13,11,12,19,12,8,10,7,10,7,3,10,5,8,13,12,5,9,9,11,6,7,9,3,4,5,7,9,5,8,4,5,6,2,6,3,1,0,2,1,5,2,0,1,3,4,0,0,0,4,1,1,1,1,2,2,1,0,2,1,1,1,1,0,1,1,1,0,1,1,0,2,0,0,0,0,0,0,0,0,0,0,1,0,0,0,0,0,0,0,0,0,0,0,0,0,0,0,0,0,0,0,0,0,0,0,0,0,0,0,0,0,0,0,0,0,0,0,0,0,0,0,0,0,0,0,0,0,0,0
0,0,0,0,0,0,1,1,1,1,1,2,0,1,1,1,0,2,1,4,1,1,3,2,2,3,1,4,4,2,2,3,6,8,3,7,6,5,5,11,14,12,8,6,10,11,14,12,16,15,13,27,14,7,14,18,12,12,17,11,11,23,18,20,14,11,10,6,14,12,17,7,22,18,19,11,11,13,11,10,10,10,9,8,13,9,6,9,5,5,8,6,4,3,8,4,0,5,12,11,1,3,3,1,5,1,4,3,1,2,0,1,0,4,5,3,3,1,2,1,2,4,1,3,0,0,3,1,1,3,2,0,0,0,0,0,0,0,0,0,0,0,0,0,0,0,0,1,0,0,0,0,0,0,0,0,0,0,0,0,0,0,0,0,0,0,0,0,0,0,0,0,0,0,0,0,0,0,0,0,0,0,0,0,0,0,0,0,0,0,0,0,0,0,0,0,0,0,0,0
0,0,0,1,0,0,0,3,0,1,1,0,0,1,3,2,0,0,0,0,3,1,3,0,4,4,3,7,4,3,2,9,7,7,1,3,6,6,9,8,4,13,14,17,12,11,17,12,14,11,16,14,9,18,12,14,12,13,10,11,9,21,12,11,21,15,9,11,14,19,17,10,8,12,12,9,5,10,7,16,11,2,5,14,14,5,6,4,6,6,8,11,3,4,4,2,4,6,3,5,2,6,10,2,2,6,0,3,0,7,1,3,1,1,2,3,5,0,0,2,0,0,0,3,0,0,0,0,2,0,0,0,0,1,0,1,1,0,1,0,1,0,0,0,0,1,0,0,0,0,1,0,0,0,0,0,0,0,0,0,0,0,0,0,0,0,0,0,0,0,0,0,0,0,0,0,0,0,0,0,0,0,0,0,0,0,0,0,0,0,0,0,0,0,0,0,0,0,0,0
0,0,0,0,0,0,0,0,1,0,3,1,0,0,2,1,2,1,1,2,2,1,3,2,2,4,3,5,4,5,6,7,8,7,6,9,15,3,5,6,11,9,10,9,22,10,18,13,6,14,16,17,21,14,15,10,14,18,6,14,9,17,17,14,13,11,16,11,16,13,15,18,12,10,8,16,8,12,8,11,11,8,7,7,9,12,5,7,11,12,6,4,5,2,5,2,4,4,2,6,3,1,7,2,5,6,4,0,2,2,5,1,5,4,3,0,2,1,1,2,1,1,2,0,0,0,0,0,1,0,0,0,0,0,0,0,0,0,0,1,0,0,0,1,0,0,0,0,2,0,0,0,0,0,0,0,0,0,0,0,0,0,0,0,0,0,0,0,0,0,0,0,0,0,0,0,0,0,0,0,0,0,0,0,0,0,0,0,0,0,0,0,0,0,0,0,0,0,0,0
0,0,0,2,0,0,0,0,1,0,0,0,0,1,0,0,2,1,0,3,5,2,1,1,5,0,7,4,3,5,9,5,2,4,5,6,10,5,8,8,4,11,9,2,12,9,11,10,10,14,16,16,11,10,15,12,15,17,13,21,10,11,17,14,10,12,14,16,15,13,9,15,7,9,14,12,5,14,8,9,7,10,13,7,12,10,4,13,8,4,6,7,8,5,6,5,3,2,6,9,1,4,5,3,1,4,2,2,4,1,1,2,6,1,2,1,2,1,0,3,2,4,2,1,3,0,0,0,1,0,0,1,1,0,0,1,0,0,0,1,1,0,0,1,0,0,0,0,0,0,0,0,0,0,0,0,1,0,0,0,0,0,0,0,0,0,0,0,0,0,0,1,0,0,0,0,0,0,0,0,0,0,0,0,0,0,0,0,0,0,0,0,0,0,0,0,0,0,0,0
0,0,0,0,0,0,0,0,0,1,2,0,0,0,0,1,1,2,0,1,6,1,2,4,5,5,6,2,3,6,3,1,10,3,6,7,10,6,7,7,10,9,9,7,8,14,7,12,9,13,15,17,11,8,12,13,14,20,10,20,11,12,9,12,17,16,12,11,18,10,12,14,5,13,9,11,10,8,14,12,10,6,13,9,10,9,7,5,6,7,3,3,3,6,4,5,2,6,6,3,3,4,5,2,3,3,3,5,2,2,2,3,2,2,2,1,1,1,0,0,1,3,0,1,2,0,2,0,0,1,0,0,0,1,1,0,0,0,0,1,0,0,0,0,0,0,0,1,1,0,0,0,0,0,0,0,0,1,0,0,0,0,0,0,0,0,0,0,0,0,0,0,0,0,0,0,0,0,0,0,0,0,0,0,0,0,0,0,0,0,0,0,0,0,0,0,0,0,0,0
0,0,0,0,0,0,0,2,0,0,0,0,0,2,2,0,4,4,1,1,2,0,2,2,1,2,2,3,4,6,2,4,8,4,4,3,3,1,5,6,12,4,11,8,12,5,5,16,12,15,9,14,10,18,12,15,19,10,9,10,11,16,9,16,13,9,14,9,19,13,8,12,10,14,11,8,10,10,4,3,9,9,5,9,7,5,4,12,8,2,7,7,7,9,7,4,6,3,4,5,3,3,1,4,3,6,3,1,1,2,3,2,5,4,2,2,3,0,0,1,2,2,0,1,1,0,2,1,1,0,0,2,0,1,0,2,0,0,1,0,0,0,0,1,1,1,0,0,1,0,0,0,0,0,0,0,0,0,0,0,0,0,0,1,0,0,0,0,0,0,0,0,0,0,0,0,0,0,0,0,0,0,0,0,0,0,0,0,0,0,0,0,0,0,0,0,0,0,0,0
0,0,0,0,0,1,0,0,0,0,0,2,0,0,1,4,1,1,1,2,1,2,2,3,1,7,2,3,8,8,1,2,1,5,5,4,4,7,5,13,10,4,9,9,8,7,20,12,11,8,16,13,7,10,20,12,13,15,15,13,13,10,21,15,11,14,12,8,9,8,7,11,11,8,7,9,12,9,11,9,9,9,5,7,8,6,8,4,4,6,5,2,5,8,5,3,5,1,4,6,4,3,6,3,2,2,0,3,0,1,2,3,1,4,2,1,3,0,1,0,0,3,1,0,1,0,1,1,0,0,0,0,0,1,0,0,1,0,0,0,0,0,0,0,0,1,0,1,0,0,0,0,0,0,0,0,0,0,0,1,0,0,0,0,0,0,0,0,0,0,0,0,0,0,0,0,0,0,0,0,0,0,0,0,0,0,0,0,0,0,0,0,0,0,0,0,0,0,0,0
0,0,0,0,0,0,0,0,0,1,0,1,0,0,1,1,1,1,0,0,1,2,5,3,6,4,2,5,2,6,4,2,8,4,7,3,1,7,4,7,9,8,9,13,14,11,12,5,11,8,12,14,12,13,13,17,11,13,14,12,7,14,8,17,14,8,12,13,13,15,17,12,14,10,6,9,7,9,12,9,8,7,10,8,4,3,9,1,4,7,6,5,4,6,6,4,7,4,2,1,6,2,3,2,2,5,3,4,4,1,2,1,0,2,1,1,0,0,1,2,0,2,1,0,0,0,0,0,1,1,0,0,0,0,0,0,0,0,0,0,0,0,0,0,0,0,0,0,0,0,0,0,0,0,0,1,0,0,0,0,0,0,0,0,0,0,0,0,0,0,0,0,0,0,0,0,0,0,0,0,0,0,0,0,0,0,0,0,0,0,0,0,0,0,0,0,0,0,0,0
0,0,0,0,0,0,0,0,4,0,1,0,2,1,1,1,0,1,0,1,1,4,1,2,1,4,3,1,2,6,3,2,6,3,5,4,11,4,10,5,9,9,4,8,12,9,15,12,7,13,9,17,13,13,15,12,14,9,20,8,10,8,8,8,9,14,8,12,10,7,17,9,9,15,9,11,13,11,6,9,4,7,5,12,7,2,6,8,4,6,7,4,6,4,5,5,4,3,2,2,3,3,5,2,3,5,2,1,3,3,0,3,1,0,1,0,1,1,2,0,1,3,2,0,1,1,0,0,0,0,1,0,0,0,0,0,1,0,0,0,0,0,1,0,0,0,0,0,0,0,0,0,0,0,0,0,0,0,0,0,0,0,0,0,0,0,0,0,0,0,0,0,0,0,0,0,0,0,0,0,0,0,0,0,0,0,0,0,0,0,0,0,0,0,0,0,0,0,0,0
0,1,0,0,0,0,0,0,1,0,1,0,1,0,0,0,1,1,1,2,5,0,3,1,5,5,3,2,1,3,4,3,5,8,5,9,10,5,9,11,2,7,5,6,8,5,7,12,8,14,21,11,13,4,7,14,15,15,12,15,7,10,11,5,10,9,11,12,9,10,8,16,6,11,7,8,12,10,7,9,10,14,7,11,4,8,6,7,7,5,4,5,1,3,1,4,5,2,5,5,1,2,2,2,5,1,2,2,2,2,2,2,1,3,0,2,3,1,0,0,2,2,0,2,5,0,0,1,1,1,1,0,0,0,1,0,0,0,0,0,0,0,0,0,0,0,0,0,0,0,0,0,1,0,0,1,0,0,0,0,0,0,0,0,0,0,1,0,0,0,0,0,0,0,0,0,0,0,0,0,0,0,0,0,0,0,0,0,0,0,0,0,0,0,0,0,0,0,0,0
0,0,0,1,0,0,0,0,0,1,1,0,1,0,2,2,1,2,2,0,2,1,4,4,3,1,2,1,2,4,2,6,6,0,6,2,8,4,4,3,4,7,10,5,11,9,9,11,10,16,7,15,10,13,10,10,14,8,12,9,14,7,14,11,9,12,9,11,10,14,7,14,13,8,7,12,10,7,11,8,8,6,13,7,9,8,3,5,6,9,6,3,4,6,3,0,6,3,2,5,5,1,3,5,4,3,1,2,1,2,2,0,1,1,2,1,1,2,2,2,1,0,3,0,1,3,1,0,0,0,0,1,1,0,0,0,0,0,0,0,0,0,0,0,0,1,0,0,0,0,1,0,0,0,0,0,0,0,0,0,0,0,0,0,0,0,0,0,0,0,0,0,0,0,0,0,0,0,0,0,0,0,0,0,0,0,0,0,0,0,0,0,0,0,0,0,0,0,0,0
0,0,0,0,0,0,0,0,2,0,0,1,1,2,0,1,2,0,0,2,2,4,4,1,1,2,2,2,5,7,5,5,5,7,6,5,4,11,6,7,5,11,5,10,8,9,4,11,17,11,7,13,12,9,11,13,8,14,14,13,17,6,10,9,9,8,12,11,11,10,8,13,7,5,5,6,6,10,8,4,4,8,7,8,9,3,5,6,9,5,3,4,3,6,5,2,1,3,3,5,3,2,2,6,3,5,2,2,2,3,0,1,1,1,0,1,0,1,3,3,0,0,1,1,0,0,1,0,0,1,0,0,0,0,1,0,0,0,0,1,0,0,0,0,0,0,0,0,1,0,0,1,0,0,0,0,0,0,0,0,0,0,0,0,0,0,0,0,0,0,0,0,0,0,0,0,0,0,0,0,0,0,0,0,0,0,0,0,0,0,0,0,0,0,0,0,0,0,0,0
0,0,0,1,0,0,0,2,0,0,1,1,1,0,1,0,1,0,0,1,0,0,1,0,4,2,2,1,1,2,5,2,4,3,7,5,5,2,7,5,5,4,11,8,9,8,7,4,13,5,12,13,19,8,14,16,10,11,11,7,10,12,15,12,7,3,8,10,6,4,11,4,7,9,9,8,6,6,6,10,5,5,5,7,3,4,3,3,5,6,4,2,11,3,3,3,4,4,1,3,1,3,0,4,3,3,3,4,0,0,6,1,0,3,0,1,1,0,2,0,0,1,2,2,0,0,0,1,0,2,1,1,0,1,0,0,1,1,0,0,0,0,0,0,1,0,0,0,0,0,1,0,0,0,0,0,0,1,0,0,0,0,0,0,0,0,0,0,0,0,0,0,0,0,0,0,0,0,0,0,0,0,0,0,0,0,0,0,0,0,0,0,0,0,0,0,0,0,0,0
0,0,0,2,0,0,0,0,0,0,0,0,0,1,0,3,0,2,0,1,2,1,2,1,0,2,6,3,2,2,5,4,4,3,5,5,8,3,6,8,9,9,7,7,9,8,11,4,11,8,12,4,11,9,12,8,13,12,6,8,11,11,13,14,12,12,11,12,13,8,6,12,11,9,6,10,6,3,4,6,3,3,8,6,11,7,5,6,3,6,3,1,0,1,5,3,4,3,2,3,1,1,1,4,4,4,1,2,0,5,2,2,1,1,2,2,0,2,0,1,2,1,0,1,0,0,0,0,0,0,0,0,0,0,0,1,0,0,0,1,0,0,0,0,0,0,1,0,0,0,1,1,1,1,0,0,0,0,0,0,0,0,0,0,0,0,0,0,0,0,0,0,0,0,0,0,0,0,0,0,0,0,0,0,0,0,0,0,0,0,0,0,0,0,0,0,0,0,0,0
0,0,1,0,0,1,0,1,2,0,1,0,0,0,0,1,1,2,0,2,2,1,1,5,5,2,6,2,1,1,2,10,7,5,11,8,4,3,5,7,6,6,7,5,5,5,5,5,9,16,12,19,10,14,7,8,8,14,11,10,17,6,12,11,16,13,8,8,8,14,6,8,11,7,7,11,10,6,15,3,2,8,6,5,5,3,5,6,6,5,4,5,3,1,6,3,3,3,2,0,3,4,2,4,2,3,1,3,1,2,1,1,1,1,0,2,0,1,1,1,1,0,2,1,0,0,1,0,1,1,0,0,0,1,0,0,0,0,0,0,0,0,1,0,0,0,0,0,0,0,0,1,0,0,0,1,0,0,0,0,0,0,0,0,0,0,0,0,0,0,0,0,0,0,0,0,0,0,0,0,0,0,0,0,0,0,0,0,0,0,0,0,0,0,0,0,0,0,0,0
0,0,0,0,0,0,0,1,0,1,1,0,0,0,1,0,0,0,1,2,2,1,4,1,2,4,5,0,1,6,3,4,2,4,2,3,4,6,5,5,5,5,6,3,8,8,9,9,8,10,13,12,13,9,5,12,10,10,10,11,12,6,12,8,9,8,11,9,9,9,12,6,7,8,11,6,7,7,15,5,4,4,9,10,6,6,3,4,3,2,2,3,2,3,2,7,2,1,1,2,5,1,5,2,7,0,1,3,3,0,2,2,2,3,3,2,0,1,0,0,0,2,3,1,2,0,0,0,0,0,2,0,1,0,1,0,0,2,1,0,0,1,1,0,0,0,0,0,0,0,0,0,0,0,0,0,0,0,0,0,0,0,0,0,0,0,0,0,0,0,0,0,0,0,0,0,0,0,0,0,0,0,0,0,0,0,0,0,0,0,0,0,0,0,0,0,0,0,0,0
0,1,0,0,0,0,0,0,0,0,1,0,0,0,0,1,1,0,0,0,2,1,1,3,2,0,2,1,2,3,2,4,5,2,3,4,6,6,2,9,6,8,8,4,13,6,8,16,10,8,8,14,16,7,11,9,10,10,3,7,11,10,5,8,7,7,15,7,10,10,9,8,7,8,3,11,9,5,12,10,6,6,12,6,3,7,8,9,4,4,4,2,10,9,1,3,0,0,0,0,2,6,1,0,1,1,1,1,0,1,0,0,2,4,0,1,1,2,2,1,3,0,0,1,0,2,0,0,2,1,1,1,0,0,1,0,0,0,0,0,0,0,0,0,1,0,0,0,0,0,0,0,0,0,0,0,0,0,0,0,0,0,0,0,0,0,0,0,0,0,0,0,0,0,0,0,0,0,0,0,0,0,0,0,0,0,0,0,0,0,0,0,0,0,0,0,0,0,0,0
0,0,1,1,0,0,1,0,0,0,1,1,1,1,0,1,2,1,0,1,0,1,2,1,5,1,1,2,4,6,1,5,5,7,6,2,10,3,0,3,5,5,6,11,11,6,5,10,7,14,15,7,10,4,11,14,8,9,9,5,12,11,8,3,12,11,7,9,4,6,6,10,6,9,3,10,7,6,7,8,6,7,4,6,6,5,6,4,8,4,4,5,0,3,4,0,0,1,5,2,4,0,3,2,4,3,4,1,3,0,3,1,0,0,0,3,1,0,1,2,0,1,2,0,2,0,0,0,0,0,2,0,0,2,2,0,0,0,0,0,0,0,0,0,0,1,0,0,0,0,0,0,0,0,0,0,0,0,0,0,1,0,0,0,0,0,0,0,0,0,0,0,0,0,0,0,0,0,0,0,0,0,0,0,0,0,0,0,0,0,0,0,0,0,0,0,0,0,0,0
0,0,0,0,0,0,0,1,2,0,1,0,0,0,1,0,3,2,0,2,4,2,3,1,2,2,3,2,1,1,4,2,1,7,5,6,3,5,3,6,9,4,11,5,17,6,11,6,8,12,6,9,7,7,12,15,7,5,5,8,6,4,9,2,9,5,14,14,17,11,16,10,6,9,6,6,11,10,10,5,7,11,8,6,6,8,4,7,6,0,3,2,4,6,2,1,4,2,4,3,1,3,1,2,2,1,1,0,1,2,2,4,2,1,4,1,2,2,1,1,1,1,4,0,1,1,0,1,0,0,0,0,1,0,0,0,0,0,0,0,0,0,0,0,0,0,0,0,0,0,0,0,0,0,0,0,0,0,0,0,0,0,0,0,0,0,0,0,0,0,0,0,0,0,0,0,0,0,0,0,0,0,0,0,0,0,0,0,0,0,0,0,0,0,0,0,0,0,0,0
0,0,0,0,0,0,0,1,1,0,1,0,2,0,0,0,2,3,0,0,3,0,1,1,5,2,2,1,3,3,4,0,7,1,6,4,6,3,4,7,3,8,2,8,10,8,9,10,5,8,10,10,7,10,8,8,11,6,11,11,10,5,6,12,9,8,5,7,11,6,7,6,7,6,5,5,10,8,6,5,8,6,2,6,2,4,4,5,7,2,3,9,4,8,3,4,1,2,2,2,2,2,4,1,0,0,4,1,3,1,0,2,1,4,0,2,2,0,1,1,0,1,0,0,0,0,2,1,0,0,0,0,0,0,0,0,1,0,1,0,0,0,0,0,0,0,0,0,0,0,0,0,0,0,0,0,0,0,0,0,0,0,0,0,0,0,0,0,0,0,0,0,0,0,0,0,0,0,0,0,0,0,0,0,0,0,0,0,0,0,0,0,0,0,0,0,0,0,0,0
0,0,0,0,0,0,0,1,0,0,1,0,0,1,1,2,1,0,1,1,3,2,1,1,3,0,3,1,1,2,3,1,3,5,9,5,2,2,3,4,1,5,7,7,12,13,13,3,11,6,4,6,10,9,4,5,5,9,10,8,8,6,11,15,11,13,4,11,9,5,13,12,8,7,3,7,9,12,6,5,6,7,9,2,8,6,8,1,0,2,1,3,4,1,3,1,1,3,2,2,3,4,1,2,5,2,2,1,2,0,1,3,2,1,3,1,1,1,2,0,0,2,1,0,1,0,1,0,1,0,1,0,1,0,0,0,0,0,0,0,0,0,1,0,0,1,0,0,0,0,0,0,0,0,0,0,0,0,0,0,0,0,0,0,0,0,0,0,0,0,0,0,0,0,0,0,0,0,0,0,0,0,0,0,0,0,0,0,0,0,0,0,0,0,0,0,0,0,0,0
0,0,0,0,1,0,0,0,0,0,2,0,0,0,1,2,0,2,0,3,2,2,2,2,4,1,5,2,1,3,1,2,3,4,3,7,2,6,4,8,5,6,4,11,12,5,11,5,13,7,8,9,8,7,9,7,4,9,6,5,8,4,11,8,6,12,9,9,14,7,6,8,7,9,4,9,5,14,5,7,4,4,9,6,10,4,5,2,7,3,3,2,3,2,9,7,2,0,3,2,2,2,3,1,3,0,2,1,1,1,2,1,1,0,1,1,0,1,0,3,2,1,2,0,3,0,1,1,0,1,0,0,0,1,0,1,0,0,0,0,0,0,0,0,0,0,0,0,0,0,0,0,0,0,0,0,0,0,0,0,0,0,0,0,0,0,0,0,0,0,0,0,0,0,0,0,0,0,0,0,0,0,0,0,0,0,0,0,0,0,0,0,0,0,0,0,0,0,0,0
0,0,0,0,0,0,0,1,0,0,1,0,0,2,1,0,1,0,1,0,1,1,2,2,3,1,1,4,0,3,1,5,3,3,10,4,7,7,0,8,4,3,5,6,5,6,5,4,7,6,7,10,10,9,5,9,9,15,9,7,5,5,6,5,7,11,5,7,14,13,7,12,8,6,7,5,6,7,11,8,4,1,6,3,2,5,9,2,1,3,5,4,3,3,3,1,2,0,0,6,2,1,1,1,1,4,3,2,0,0,1,1,0,1,0,2,3,1,1,1,1,2,0,2,0,0,0,1,1,0,1,1,1,0,0,0,0,0,0,0,0,0,0,0,0,0,0,0,0,0,0,0,0,0,0,0,0,0,0,0,1,0,0,0,0,0,0,0,0,0,0,0,0,0,0,0,0,0,0,0,0,0,0,0,0,0,0,0,0,0,0,0,0,0,0,0,0,0,0,0
0,0,0,0,0,0,0,0,0,1,0,1,1,0,1,1,0,2,0,1,1,0,1,1,1,2,0,1,2,4,4,6,3,2,5,5,3,9,9,6,6,6,6,3,12,6,7,7,11,6,8,10,12,5,5,10,10,11,9,10,4,7,7,4,2,9,3,7,2,4,9,6,12,7,6,7,2,10,5,5,3,6,8,5,5,7,3,5,6,3,2,2,3,2,6,2,0,3,1,3,3,0,2,2,1,1,0,2,1,2,0,5,1,3,1,0,0,1,0,0,0,1,0,0,0,0,0,0,0,0,1,0,0,0,0,1,0,1,0,0,0,0,0,0,0,1,0,0,0,0,0,0,0,0,0,0,0,0,0,0,0,0,0,0,0,0,0,0,0,0,0,0,0,0,0,0,0,0,0,0,0,0,0,0,0,0,0,0,0,0,0,0,0,0,0,0,0,0,0,0
0,0,0,0,0,0,0,0,0,0,1,0,0,2,0,2,0,1,0,0,0,1,0,2,1,1,1,4,3,5,2,3,2,4,2,8,4,3,4,7,9,9,5,3,11,1,14,2,5,3,2,7,8,10,6,5,6,8,10,12,9,9,7,8,12,8,8,15,3,7,7,11,6,8,5,10,5,7,7,5,6,4,5,4,5,4,4,4,5,5,4,4,2,0,1,3,6,2,2,3,1,3,2,2,4,3,3,2,1,2,2,2,0,0,1,0,1,0,1,0,0,0,2,2,0,1,0,2,0,1,0,0,0,0,0,0,0,0,1,0,0,0,0,0,0,0,0,0,0,0,0,0,0,0,0,0,0,0,0,0,1,0,0,0,0,0,0,0,0,0,0,0,0,0,0,0,0,0,0,0,0,0,0,0,0,0,0,0,0,0,0,0,0,0,0,0,0,0,0,0
0,0,0,0,0,0,0,0,1,0,0,0,1,0,3,0,0,0,0,1,2,3,0,3,3,1,5,0,2,5,4,5,4,4,2,2,7,4,3,5,2,7,9,5,3,7,4,7,6,4,6,13,9,7,11,10,9,13,7,4,11,8,7,5,3,7,5,7,6,6,4,2,5,7,6,5,6,7,9,4,5,2,3,10,6,2,3,4,5,4,2,4,2,2,2,2,2,1,0,2,1,0,1,3,4,0,2,0,2,0,0,1,1,0,1,0,3,1,0,0,0,1,1,0,0,0,1,0,1,2,1,1,0,1,0,0,0,0,0,0,0,0,0,0,0,0,0,0,0,0,0,0,0,0,0,0,0,0,0,0,0,0,0,0,0,0,0,0,0,0,0,0,0,0,0,0,0,0,0,0,0,0,0,0,0,0,0,0,0,0,0,0,0,0,0,0,0,0,0,0
0,0,0,1,0,1,0,1,0,0,0,0,0,0,2,2,1,1,0,1,2,2,2,2,5,3,3,0,3,4,3,3,4,8,6,5,6,2,4,4,2,4,5,3,5,9,6,7,7,8,7,8,7,10,9,8,6,6,7,6,10,6,8,6,4,4,10,8,7,4,4,5,5,2,6,4,4,8,3,7,2,4,2,5,6,3,6,5,2,2,4,2,5,2,1,2,1,6,3,1,0,8,1,1,5,1,1,4,3,2,2,0,0,0,1,1,3,1,0,0,0,0,2,0,2,2,0,0,0,0,0,1,0,0,0,0,0,1,0,0,0,0,0,0,0,0,0,0,0,0,0,0,0,1,0,0,0,0,0,0,0,0,0,0,0,0,0,0,0,0,0,0,0,0,0,0,0,0,0,0,0,0,0,0,0,0,0,0,0,0,0,0,0,0,0,0,0,0,0,0
0,0,0,1,0,1,0,1,1,0,0,0,0,1,3,0,0,0,1,0,0,3,3,1,3,0,0,2,1,1,0,1,1,3,2,3,4,5,7,7,3,5,5,5,7,9,6,5,8,8,6,8,6,6,7,9,8,3,7,4,8,15,8,6,5,5,9,4,10,4,7,8,6,6,4,2,6,6,4,4,5,6,5,11,3,4,3,8,4,6,1,5,2,2,2,2,1,2,1,6,2,1,3,3,0,0,1,3,1,1,2,2,2,2,1,0,0,1,1,2,1,0,0,1,1,0,0,0,2,0,0,0,0,0,0,0,0,0,1,0,0,0,0,0,0,0,0,0,1,0,0,0,0,0,0,0,0,0,0,0,0,0,0,0,0,0,0,0,0,0,0,0,0,0,0,0,0,0,0,0,0,0,0,0,0,0,0,0,0,0,0,0,0,0,0,0,0,0,0,0
0,0,0,0,0,0,0,0,1,0,0,0,1,0,0,1,1,0,0,1,1,1,1,7,1,2,1,1,4,2,1,2,3,3,2,1,5,3,4,5,6,7,5,6,3,5,7,6,6,11,6,5,7,10,10,7,7,8,11,3,6,10,9,3,5,8,2,10,8,5,8,4,6,13,6,5,3,3,4,7,3,7,3,1,4,0,2,6,5,5,1,5,7,8,5,5,1,1,3,4,1,2,3,0,0,1,1,0,2,1,2,0,0,0,0,0,0,1,0,1,0,1,0,0,0,0,1,1,0,0,0,0,0,0,0,0,0,0,0,0,0,1,0,0,0,0,0,0,1,0,0,0,0,0,0,0,0,0,0,0,0,0,0,0,0,0,0,0,0,0,0,0,0,0,0,0,0,0,0,0,0,0,0,0,0,0,0,0,0,0,0,0,0,0,0,0,0,0,0,0
0,0,0,0,0,0,0,0,0,0,0,0,1,0,0,0,0,3,0,0,0,0,0,1,1,1,2,2,1,2,3,4,2,2,3,3,2,6,2,3,2,9,7,3,4,5,5,2,1,7,6,9,3,4,6,6,5,6,1,5,4,7,3,4,12,3,7,8,9,4,10,9,5,8,3,4,3,3,5,9,2,4,5,3,5,4,2,6,2,3,6,5,2,1,2,2,1,3,0,7,0,1,2,1,1,3,4,0,2,0,1,0,1,1,1,3,1,1,0,0,0,1,0,1,1,1,0,0,1,1,0,1,0,0,0,0,0,1,0,0,0,0,0,0,0,0,0,0,0,0,0,0,0,0,0,0,0,0,0,0,0,0,0,0,0,0,0,0,0,0,0,0,0,0,0,0,0,0,0,0,0,0,0,0,0,0,0,0,0,0,0,0,0,0,0,0,0,0,0,0
0,0,0,0,0,0,0,0,0,0,1,0,2,0,0,2,0,0,0,1,0,0,1,0,0,4,2,2,3,0,2,2,4,2,6,4,2,4,2,10,4,4,4,3,6,3,3,6,7,5,4,6,2,6,4,11,7,5,5,9,10,8,7,9,4,10,7,5,6,6,5,7,2,4,6,6,1,4,5,3,6,6,3,4,1,4,1,6,6,5,1,1,1,6,2,4,2,0,3,4,3,3,2,0,1,0,1,3,1,1,1,0,1,1,1,1,1,1,1,0,0,0,0,0,0,0,0,0,1,0,0,0,0,0,0,0,0,0,0,1,0,0,0,0,0,0,0,0,0,0,0,0,0,0,0,0,0,0,0,0,0,0,0,0,0,0,0,0,0,0,0,0,0,0,0,0,0,0,0,0,0,0,0,0,0,0,0,0,0,0,0,0,0,0,0,0,0,0,0,0
0,0,0,0,0,0,0,1,1,0,2,1,1,1,0,1,0,0,0,2,1,0,2,4,2,0,1,2,3,3,2,7,5,4,1,7,2,1,3,2,7,11,2,4,8,6,4,7,3,4,5,5,6,7,7,12,7,5,6,3,10,7,8,8,7,6,10,5,5,7,11,6,11,5,3,8,7,5,4,8,8,0,2,6,3,1,2,5,5,1,0,6,0,1,2,3,1,2,2,1,1,4,3,1,0,0,0,0,0,0,1,0,0,0,0,1,1,0,0,0,1,1,0,1,2,0,0,1,0,0,0,1,0,0,0,0,0,0,0,0,1,0,0,0,0,0,0,0,0,0,0,0,0,0,0,0,0,1,0,0,0,0,0,0,0,0,0,0,0,0,0,0,0,0,0,0,0,0,0,0,0,0,0,0,0,0,0,0,0,0,0,0,0,0,0,0,0,0,0,0
0,0,0,0,1,0,0,2,0,0,1,0,1,0,0,0,0,1,0,0,0,0,1,1,0,2,1,0,6,1,4,3,1,2,3,5,2,0,1,5,3,6,2,2,6,7,1,3,5,5,6,11,3,6,6,8,9,5,4,4,8,3,13,12,9,5,5,5,8,6,9,5,7,6,7,6,2,2,4,3,5,5,2,3,4,3,2,3,6,3,6,2,1,2,2,2,0,4,0,2,0,1,4,4,2,1,0,2,0,1,1,1,0,0,0,1,0,0,2,1,0,1,1,0,1,0,0,1,0,0,1,0,0,0,0,0,1,0,0,0,0,0,0,0,0,1,0,0,0,0,0,0,0,0,1,0,0,0,0,0,0,0,0,0,0,0,0,0,0,0,0,0,0,0,0,0,0,0,0,0,0,0,0,0,0,0,0,0,0,0,0,0,0,0,0,0,0,0,0,0
0,0,0,0,0,0,0,0,0,0,0,0,1,1,0,1,1,1,0,2,1,0,2,1,2,1,3,3,2,2,3,3,2,2,3,2,5,2,4,5,2,7,4,3,4,7,6,12,4,1,6,6,9,5,10,10,8,2,12,3,8,3,10,6,9,7,9,6,6,9,5,8,6,8,6,3,9,4,6,8,10,5,8,3,2,4,4,2,0,3,8,6,2,5,1,3,0,4,1,1,3,0,2,1,3,1,1,1,1,1,1,2,1,2,0,0,1,0,0,1,0,1,0,0,0,1,0,0,2,0,0,0,0,1,0,0,0,0,0,0,1,0,0,0,0,0,0,0,0,0,0,0,0,0,0,0,0,0,0,0,0,0,0,0,0,0,0,0,0,0,0,0,0,0,0,0,0,0,0,0,0,0,0,0,0,0,0,0,0,0,0,0,0,0,0,0,0,0,0,0
0,0,0,1,0,0,0,0,0,0,1,0,1,0,1,0,1,0,0,0,0,0,1,1,0,0,0,1,2,1,3,3,4,7,2,0,5,4,3,2,7,3,1,3,4,6,5,9,14,4,7,7,3,10,6,4,6,8,8,7,7,5,5,8,5,5,8,2,6,7,6,6,3,4,7,5,4,3,3,3,3,4,1,1,3,3,5,5,4,1,1,2,2,2,0,1,2,3,4,1,2,0,4,2,1,1,2,0,1,2,0,1,1,0,0,1,1,0,0,0,1,2,2,0,0,0,0,0,1,0,0,2,0,0,0,1,0,0,0,0,0,0,0,0,0,0,0,0,0,0,0,0,0,0,0,0,0,0,0,0,0,0,0,0,0,0,0,0,0,0,0,0,0,0,0,0,0,0,0,0,0,0,0,0,0,0,0,0,0,0,0,0,0,0,0,0,0,0,0,0
0,0,0,0,0,0,0,1,0,0,0,0,0,0,1,0,2,1,1,0,0,1,3,3,1,0,2,1,2,3,4,1,4,3,0,6,6,1,5,3,5,6,5,7,7,7,5,5,6,4,6,8,9,9,5,10,7,8,6,2,4,6,6,6,6,2,7,3,10,3,6,3,4,9,5,7,5,5,3,3,6,2,1,2,5,3,1,3,2,1,0,4,3,3,0,1,1,0,1,2,0,1,1,1,4,2,0,2,0,0,1,1,0,1,1,0,1,0,1,1,0,0,1,0,3,0,0,0,0,0,1,0,0,0,0,1,0,0,1,0,0,0,0,0,0,0,0,0,0,0,0,0,0,0,0,0,0,0,0,0,0,0,0,0,0,0,0,0,0,0,0,0,0,0,0,0,0,0,0,0,0,0,0,0,0,0,0,0,0,0,0,0,0,0,0,0,0,0,0,0
0,0,0,0,0,0,0,0,1,0,0,0,0,0,0,1,1,1,0,1,0,1,2,1,2,1,3,1,1,2,6,2,3,0,1,1,4,1,5,7,5,3,2,4,11,9,7,5,4,9,6,7,4,8,2,8,3,6,5,6,4,5,5,4,1,8,5,4,6,4,6,5,10,5,5,2,4,3,4,4,3,2,1,5,5,7,2,0,2,5,0,1,4,2,5,0,1,2,2,1,0,3,4,0,3,0,0,2,0,0,2,0,1,3,1,0,0,1,0,1,1,1,2,0,0,0,0,0,0,0,0,0,0,0,0,0,0,0,0,0,0,0,0,0,0,0,0,0,0,0,0,0,0,0,0,0,0,0,0,0,0,0,0,0,0,0,0,0,0,0,0,0,0,0,0,0,0,0,0,0,0,0,0,0,0,0,0,0,0,0,0,0,0,0,0,0,0,0,0,0
0,0,0,0,0,0,0,1,0,0,0,1,1,0,0,0,1,1,0,0,3,0,3,2,1,5,3,2,2,0,1,3,2,4,1,2,5,2,4,1,2,3,3,4,3,7,7,7,7,1,6,4,5,7,5,6,3,4,3,7,9,5,7,2,3,4,2,9,6,6,4,7,3,7,4,2,6,3,2,1,4,5,7,5,2,1,1,0,3,1,5,1,4,3,0,4,2,1,0,2,2,1,2,1,0,1,3,0,1,3,0,1,1,0,0,0,0,1,2,0,0,1,0,0,0,0,0,0,1,1,1,0,0,0,0,1,0,0,0,1,0,0,0,0,0,0,0,0,0,0,0,0,0,0,0,0,0,0,0,0,0,0,0,0,0,0,0,0,0,0,0,0,0,0,0,0,0,0,0,0,0,0,0,0,0,0,0,0,0,0,0,0,0,0,0,0,0,0,0,0
0,0,0,0,0,0,0,0,0,0,1,1,0,1,0,2,0,0,0,3,0,1,2,1,0,2,4,0,2,2,1,3,1,5,3,1,7,2,3,5,3,8,3,0,5,1,6,2,4,7,4,4,4,7,5,4,9,9,5,4,8,6,3,2,2,4,8,5,4,3,9,6,3,5,1,2,5,0,0,3,6,1,4,2,1,2,2,5,2,1,3,3,0,1,4,3,1,1,1,1,1,2,0,1,1,0,1,2,2,1,1,0,1,0,1,0,1,0,1,1,1,0,0,0,0,1,0,0,0,0,0,0,0,0,0,0,0,0,0,0,0,0,0,0,0,0,0,0,0,0,0,0,0,0,0,0,0,1,0,0,0,0,0,0,0,0,0,0,0,0,0,0,0,0,0,0,0,0,0,0,0,0,0,0,0,0,0,0,0,0,0,0,0,0,0,0,0,0,0,0
0,0,0,0,0,0,0,0,0,0,0,0,1,0,0,1,0,1,0,0,1,0,0,1,2,2,1,0,2,2,2,3,2,0,3,0,5,1,3,4,3,3,4,2,3,4,10,8,4,4,8,7,4,2,4,7,5,6,7,11,3,9,8,1,7,2,2,6,5,4,6,5,6,5,2,6,1,0,2,5,5,5,1,1,2,1,1,3,2,5,2,1,1,4,3,0,1,2,0,1,1,1,3,1,0,2,0,2,1,1,2,1,0,1,1,0,2,0,0,0,0,0,0,1,0,0,0,0,0,0,0,0,0,1,0,0,0,0,0,0,0,0,0,0,0,0,0,0,0,0,0,0,0,0,0,0,0,0,0,0,0,0,0,0,0,0,0,0,0,0,0,0,0,0,0,0,0,0,0,0,0,0,0,0,0,0,0,0,0,0,0,0,0,0,0,0,0,0,0,0
0,0,0,0,0,0,0,1,2,0,0,0,1,0,0,0,2,2,0,0,1,2,0,1,3,0,0,1,1,3,3,2,2,1,3,3,4,1,7,5,3,3,8,4,8,6,5,4,7,3,6,3,6,6,2,6,2,4,7,5,8,6,9,3,4,7,5,6,4,5,8,8,5,3,2,4,3,12,8,5,5,4,2,1,4,2,2,1,2,4,4,5,2,2,3,0,1,5,6,2,3,0,1,2,2,0,0,0,0,2,0,0,0,1,0,2,0,0,1,0,0,1,0,1,0,0,0,0,0,0,0,0,0,0,0,0,0,1,0,0,0,0,0,0,0,1,0,0,0,0,0,0,0,0,0,0,0,0,0,0,0,0,0,0,0,0,0,0,0,0,0,0,0,0,0,0,0,0,0,0,0,0,0,0,0,0,0,0,0,0,0,0,0,0,0,0,0,0,0,0
0,1,0,1,0,0,0,0,0,0,0,0,1,0,0,0,0,0,0,1,2,0,1,2,0,1,1,3,2,1,0,1,3,2,1,3,5,6,5,9,4,3,2,1,1,4,2,5,3,3,4,6,5,6,10,4,3,6,3,4,11,6,10,1,3,5,8,4,4,10,4,1,3,5,6,2,2,1,3,1,3,1,3,2,2,5,2,3,4,6,4,2,3,0,2,1,0,0,0,1,1,2,0,1,3,0,0,0,1,2,0,0,1,1,1,0,1,0,0,0,0,0,0,1,0,0,1,0,0,0,1,0,1,0,0,0,0,0,0,0,0,0,0,0,0,0,0,0,0,0,0,0,1,0,0,0,0,0,0,0,0,0,0,0,0,0,0,0,0,0,0,0,0,0,0,0,0,0,0,0,0,0,0,0,0,0,0,0,0,0,0,0,0,0,0,0,0,0,0,0
0,1,0,0,0,0,0,0,0,0,0,0,0,0,1,0,0,2,0,0,2,0,1,3,1,2,2,0,1,3,3,3,3,5,3,3,6,2,5,2,6,6,2,5,5,4,4,2,6,6,6,5,4,7,1,10,3,8,6,4,5,2,4,4,4,4,1,8,5,1,3,4,5,3,5,4,6,1,6,2,2,3,5,3,4,2,3,6,2,2,0,2,0,2,7,0,0,2,0,1,1,3,1,0,0,0,2,2,0,1,0,0,1,2,0,0,1,0,1,0,1,0,4,1,0,0,1,0,1,0,0,1,0,1,0,1,0,0,0,0,0,0,0,0,1,0,0,0,0,0,0,0,0,0,0,0,0,0,0,0,0,0,0,0,0,0,0,0,0,0,0,0,0,0,0,0,0,0,0,0,0,0,0,0,0,0,0,0,0,0,0,0,0,0,0,0,0,0,0,0
0,0,0,1,0,1,0,0,1,0,0,0,0,0,0,0,0,0,0,0,0,0,1,0,0,1,1,0,0,0,2,4,4,2,6,3,4,5,1,2,4,5,4,1,4,2,2,4,4,2,7,4,8,5,4,9,8,0,5,11,5,2,2,1,6,9,4,3,0,1,2,3,4,5,1,3,5,2,3,1,3,4,3,0,3,5,4,4,4,1,1,7,3,2,2,0,3,1,2,3,4,2,0,1,2,0,3,1,0,1,0,1,0,1,0,0,2,0,2,0,0,0,0,1,0,0,0,1,0,0,0,0,0,0,0,1,0,0,0,0,0,0,0,0,0,0,0,0,0,0,0,0,0,0,0,0,0,0,0,0,0,0,0,0,0,0,0,0,0,0,0,0,0,0,0,0,0,0,0,0,0,0,0,0,0,0,0,0,0,0,0,0,0,0,0,0,0,0,0,0
0,0,0,0,0,0,0,0,0,0,0,1,0,0,0,1,0,0,0,0,0,1,1,0,2,0,1,0,1,3,1,5,2,2,2,2,5,1,2,3,1,7,2,2,4,7,8,5,5,7,3,3,3,10,5,5,4,3,3,2,5,7,7,1,4,2,2,1,4,4,0,6,6,1,3,2,3,0,2,2,5,2,3,3,4,3,1,2,0,0,0,2,1,0,3,1,1,1,2,0,0,0,1,1,3,0,2,2,3,0,0,0,1,0,0,2,0,0,0,0,0,0,0,0,0,0,0,0,0,0,0,0,0,1,1,0,0,0,0,0,0,0,0,0,0,0,0,0,0,0,0,0,0,0,0,0,0,0,0,0,0,0,0,0,0,0,0,0,0,0,0,0,0,0,0,0,0,0,0,0,0,0,0,0,0,0,0,0,0,0,0,0,0,0,0,0,0,0,0,0
0,1,0,0,0,0,0,1,0,0,0,0,0,0,0,1,0,0,0,0,0,4,1,1,1,0,0,0,1,5,0,2,2,1,4,1,2,2,5,3,4,5,3,5,3,2,2,4,3,3,2,4,4,6,3,5,5,6,2,6,7,2,2,5,2,5,5,4,4,4,1,2,0,3,2,2,4,4,1,5,4,2,3,5,3,2,1,2,1,4,3,2,1,2,1,1,1,4,1,0,0,0,4,1,2,0,3,0,0,1,0,0,0,1,0,0,0,0,0,0,0,1,0,1,1,0,0,0,0,0,0,0,0,0,0,0,0,0,0,1,1,1,0,0,0,0,0,0,0,0,0,0,0,0,0,0,0,0,0,0,0,0,0,0,0,0,0,0,0,0,0,0,0,0,0,0,0,0,0,0,0,0,0,0,0,0,0,0,0,0,0,0,0,0,0,0,0,0,0,0
0,0,0,0,0,0,0,0,0,0,0,0,0,0,0,2,1,0,0,0,1,1,2,0,5,0,1,0,1,3,1,2,2,1,2,1,2,3,3,1,3,3,6,1,5,1,3,8,5,5,3,5,2,8,7,6,7,4,5,7,5,5,6,8,4,2,3,3,4,8,2,4,3,5,4,6,5,5,2,3,6,3,3,3,0,3,2,3,1,1,4,1,2,2,2,0,1,5,0,2,0,1,0,0,2,2,1,0,0,1,1,0,0,0,1,1,0,0,0,0,0,0,0,1,0,0,0,0,0,0,0,0,1,0,0,0,0,1,0,0,0,0,0,0,0,0,0,0,0,0,0,0,0,0,0,0,0,0,0,0,0,0,0,0,0,0,0,0,0,0,0,0,0,0,0,0,0,0,0,0,0,0,0,0,0,0,0,0,0,0,0,0,0,0,0,0,0,0,0,0
0,0,0,0,0,0,0,0,0,0,0,0,0,0,0,1,2,0,0,3,0,1,0,1,3,1,1,1,0,0,1,1,0,6,2,2,1,1,2,2,5,5,4,4,3,5,2,4,3,1,6,6,7,6,3,4,3,3,4,5,8,7,2,4,7,4,4,4,3,2,4,8,2,4,4,4,3,4,2,4,2,3,0,2,1,4,1,0,0,0,3,2,3,1,2,0,2,0,2,2,1,0,0,1,1,0,1,1,2,0,1,0,1,0,0,0,0,0,0,0,0,0,1,0,1,0,0,0,0,0,0,0,0,0,0,0,0,0,1,0,0,0,0,0,0,0,0,0,0,0,0,0,0,0,0,0,0,0,0,0,0,0,0,0,0,0,0,0,0,0,0,0,0,0,0,0,0,0,0,0,0,0,0,0,0,0,0,0,0,0,0,0,0,0,0,0,0,0,0,0
0,0,0,0,0,0,0,0,0,0,0,0,0,1,0,1,0,0,0,0,0,1,0,0,0,0,1,1,1,3,1,3,1,9,4,3,4,0,3,3,1,3,2,3,2,2,3,4,4,8,2,6,6,5,1,5,4,3,4,4,2,0,1,4,4,2,4,3,1,5,2,3,1,2,2,3,3,4,4,1,5,3,2,2,2,0,1,1,0,1,1,2,1,1,3,1,1,2,1,3,3,3,1,0,2,1,0,2,0,0,1,2,0,0,0,0,0,1,0,0,0,0,0,0,1,1,0,0,0,0,0,0,0,0,0,0,0,0,0,0,0,0,0,0,0,0,0,0,0,0,0,0,0,0,0,0,0,0,0,0,0,0,0,0,0,0,0,0,0,0,0,0,0,0,0,0,0,0,0,0,0,0,0,0,0,0,0,0,0,0,0,0,0,0,0,0,0,0,0,0
0,0,0,0,0,0,0,0,0,0,2,0,0,0,1,1,0,1,0,0,2,1,1,1,3,0,0,0,2,2,1,0,1,2,1,2,1,5,2,0,3,1,0,2,8,4,3,6,3,6,4,7,7,1,4,1,2,5,4,2,1,3,0,4,3,4,2,2,5,4,5,4,2,2,0,5,3,0,5,0,0,3,2,2,0,2,2,0,3,0,0,3,1,0,0,1,2,1,1,4,1,3,1,0,1,0,1,0,1,0,1,0,0,0,2,0,0,0,0,0,0,1,1,0,0,0,0,0,0,0,0,1,0,0,0,1,0,0,0,0,0,0,0,0,0,0,0,0,0,0,0,0,0,0,0,0,0,0,0,0,0,0,0,0,0,0,0,0,0,0,0,0,0,0,0,0,0,0,0,0,0,0,0,0,0,0,0,0,0,0,0,0,0,0,0,0,0,0,0,0
0,0,0,0,0,0,0,1,0,0,0,0,0,1,0,0,0,0,0,1,1,0,0,1,2,0,1,0,0,1,3,2,1,1,4,5,2,1,2,4,7,2,2,5,2,4,9,2,5,3,1,2,6,2,1,4,1,6,5,5,1,4,1,3,1,3,8,2,5,1,2,4,4,5,4,2,3,4,2,3,4,5,1,3,4,0,0,0,1,1,0,4,0,0,0,0,2,3,0,1,2,0,1,3,2,2,1,2,0,1,0,0,0,1,0,2,2,1,1,0,0,1,0,0,0,0,0,0,1,0,0,1,0,0,0,0,0,0,0,0,0,0,0,0,0,0,0,0,0,0,0,0,0,0,0,0,0,0,0,0,0,0,0,0,0,0,0,0,0,0,0,0,0,0,0,0,0,0,0,0,0,0,0,0,0,0,0,0,0,0,0,0,0,0,0,0,0,0,0,0
0,0,0,0,0,0,0,0,0,0,1,0,1,0,0,1,0,0,0,0,0,1,2,2,0,0,4,0,0,1,2,0,3,6,2,0,1,1,2,1,3,1,0,0,3,0,5,4,5,2,4,4,5,6,3,9,4,6,3,9,4,3,4,1,3,2,5,5,4,2,2,2,3,2,1,4,5,0,4,2,5,3,2,4,6,2,4,0,1,3,1,1,1,3,2,0,2,1,1,0,0,0,2,1,1,1,1,0,1,0,0,2,0,2,0,0,0,0,0,0,0,0,1,0,0,0,0,0,0,0,0,0,0,1,0,0,0,0,1,0,0,0,0,0,0,0,0,0,0,0,0,0,0,0,0,0,0,0,0,0,0,0,0,0,0,0,0,0,0,0,0,0,0,0,0,0,0,0,0,0,0,0,0,0,0,0,0,0,0,0,0,0,0,0,0,0,0,0,0,0
0,0,0,0,0,0,0,0,0,0,0,0,1,0,1,1,0,0,0,0,1,0,0,0,1,0,1,1,0,7,1,3,3,2,0,2,2,2,0,0,3,3,2,4,1,1,1,1,6,3,5,2,6,6,4,6,2,5,4,3,2,3,3,1,5,8,4,2,5,4,2,5,1,0,2,1,2,2,3,2,3,0,4,1,4,4,5,0,3,2,1,3,2,1,2,1,0,1,0,1,1,1,0,0,2,1,0,0,0,0,1,1,1,0,0,0,0,0,1,1,0,0,0,2,0,0,0,0,0,0,0,1,0,0,0,0,0,0,0,0,0,0,0,0,0,0,0,0,0,0,0,0,0,0,0,0,0,0,0,0,0,0,0,0,0,0,0,0,0,0,0,0,0,0,0,0,0,0,0,0,0,0,0,0,0,0,0,0,0,0,0,0,0,0,0,0,0,0,0,0
0,0,0,0,0,0,0,0,0,0,0,0,0,0,0,0,1,0,0,1,0,0,0,0,0,0,0,0,1,0,0,1,1,5,2,2,4,3,5,0,5,3,0,2,5,6,3,3,3,6,2,4,4,5,3,4,1,2,4,2,4,3,2,4,0,6,5,2,5,2,4,3,3,1,1,1,2,4,2,3,1,0,2,1,2,3,2,2,2,2,2,3,1,2,2,2,2,1,0,2,1,2,0,0,0,1,1,0,0,1,0,0,0,0,0,0,1,0,2,0,0,0,1,1,0,0,0,0,0,0,0,0,0,0,0,0,0,0,0,0,0,0,0,0,0,0,0,0,0,0,0,0,0,0,0,0,0,0,0,0,0,0,0,0,0,0,0,0,0,0,0,0,0,0,0,0,0,0,0,0,0,0,0,0,0,0,0,0,0,0,0,0,0,0,0,0,0,0,0,0
0,0,0,0,0,0,0,0,0,0,0,0,0,0,0,0,0,0,0,0,1,1,0,0,0,1,2,0,3,0,3,1,5,2,2,0,0,1,1,6,4,5,2,1,3,2,3,3,5,1,4,2,1,3,3,6,4,4,4,3,2,3,4,3,4,3,2,1,3,1,3,4,2,2,6,4,3,7,1,5,2,2,2,2,1,1,1,0,1,4,1,2,0,2,2,2,2,1,2,2,1,0,1,0,3,0,2,0,2,1,2,1,0,0,0,0,0,0,2,1,1,0,0,0,1,0,0,0,0,0,1,0,0,0,0,0,0,0,0,0,0,0,0,0,0,0,0,0,0,0,0,0,0,0,0,0,0,0,0,0,0,0,0,0,0,0,0,0,0,0,0,0,0,0,0,0,0,0,0,0,0,0,0,0,0,0,0,0,0,0,0,0,0,0,0,0,0,0,0,0
0,1,0,0,0,0,0,0,1,0,0,0,0,0,1,0,0,0,0,0,0,0,1,2,2,1,2,1,2,3,0,1,0,1,3,2,3,1,2,0,3,4,4,4,8,2,2,4,2,3,3,6,5,1,3,3,2,3,1,1,4,2,1,1,1,4,5,2,5,2,5,1,2,4,5,2,2,6,2,2,1,2,2,1,1,2,1,1,0,3,0,1,1,3,0,2,4,0,2,0,1,1,1,2,1,1,1,2,1,1,0,0,0,0,0,1,1,0,0,0,0,0,0,0,0,0,0,0,0,2,0,0,0,0,0,0,0,0,0,0,0,0,0,0,0,0,0,0,0,0,0,0,0,1,0,0,0,0,0,0,0,0,0,0,0,0,0,0,0,0,0,0,0,0,0,0,0,0,0,0,0,0,0,0,0,0,0,0,0,0,0,0,0,0,0,0,0,0,0,0
0,0,0,0,0,0,0,0,0,0,0,0,0,0,0,2,0,0,0,1,1,0,1,1,0,1,2,0,1,1,1,0,0,0,1,0,1,0,2,3,1,4,3,3,3,2,2,4,1,4,1,1,0,5,2,1,4,6,6,3,4,3,0,1,6,2,5,1,0,8,2,4,6,3,2,2,2,4,2,2,2,1,4,3,0,0,1,3,1,2,1,0,2,0,2,1,2,3,0,1,2,0,1,1,0,1,2,3,1,0,0,0,0,0,2,0,0,0,0,0,0,0,0,2,0,1,0,1,0,0,0,0,1,0,0,0,0,0,0,0,0,0,0,0,0,0,0,0,0,0,0,0,0,0,0,0,0,0,0,0,1,0,0,0,0,0,0,0,0,0,0,1,0,0,0,0,0,0,0,0,0,0,0,0,0,0,0,0,0,0,0,0,0,0,0,0,0,0,0,0
0,0,0,0,0,0,0,0,0,0,0,0,0,1,0,1,0,0,0,1,0,1,0,0,3,0,1,0,1,0,1,1,2,2,0,2,4,0,1,3,3,1,6,3,3,2,2,3,3,4,2,7,4,3,5,2,6,3,1,3,2,3,2,2,8,3,2,0,1,5,1,1,1,1,2,5,3,2,1,0,1,1,3,1,1,1,1,2,2,0,1,1,1,0,0,1,1,1,0,3,0,0,1,1,1,2,2,1,0,0,2,0,0,0,0,1,0,1,0,0,0,0,0,0,0,0,0,1,0,0,1,0,0,1,0,0,0,0,0,0,0,0,0,0,0,0,0,0,0,0,0,0,0,0,0,0,0,0,0,0,0,0,0,0,0,0,0,0,0,0,0,0,0,0,0,0,0,0,0,0,0,0,0,0,0,0,0,0,0,0,0,0,0,0,0,0,0,0,0,0
0,0,0,0,0,0,0,0,0,0,0,0,1,0,0,1,0,2,0,1,0,0,0,0,1,0,1,0,0,2,2,0,1,1,4,0,2,1,1,1,1,10,0,2,5,0,6,3,5,4,2,2,1,0,0,8,4,1,0,8,0,5,1,3,1,1,5,2,8,1,4,2,0,4,4,2,3,2,1,2,3,2,5,2,0,1,2,2,0,2,0,1,1,0,1,1,1,2,0,0,0,0,0,0,0,1,2,0,0,0,0,0,0,0,0,0,0,1,0,0,1,0,0,0,0,0,0,0,0,0,0,0,0,0,0,0,0,0,0,0,0,0,0,0,0,0,0,0,0,0,0,0,0,0,0,0,0,0,0,0,0,0,0,0,0,0,0,0,0,0,0,0,0,0,0,0,0,0,0,0,0,0,0,0,0,0,0,0,0,0,0,0,0,0,0,0,0,0,0,0
0,1,0,0,0,0,0,0,1,0,0,0,0,0,0,0,0,0,0,0,0,2,2,0,0,0,0,1,4,0,0,0,3,3,0,1,1,1,1,2,2,1,4,5,2,3,6,2,7,3,4,3,2,6,3,2,9,2,4,3,2,7,6,4,7,6,6,4,3,0,3,4,5,2,2,1,2,2,2,1,1,3,2,1,1,2,2,3,2,2,1,1,1,1,1,0,0,2,1,2,0,1,0,1,0,1,2,0,0,0,1,0,1,0,1,1,1,0,1,0,0,0,0,0,0,0,0,0,0,0,1,1,0,1,0,0,0,0,0,0,1,0,0,0,0,0,0,0,0,0,0,0,0,0,0,0,0,0,0,0,0,0,0,0,0,0,0,0,0,0,0,0,0,0,0,0,0,0,0,0,0,0,0,0,0,0,0,0,0,0,0,0,0,0,0,0,0,0,0,0
0,0,0,1,0,0,0,1,0,0,0,0,0,0,0,0,0,0,0,0,0,1,1,0,1,2,1,2,1,3,3,1,1,1,1,4,1,2,1,6,5,0,1,3,4,1,1,1,1,4,2,1,4,2,6,4,6,4,2,2,7,5,6,2,4,2,4,4,6,0,0,4,1,1,4,0,5,0,2,5,0,2,1,2,3,0,0,1,1,0,2,0,3,0,1,2,0,1,0,0,0,0,0,1,0,1,0,0,0,1,0,0,0,1,1,1,0,0,0,0,1,0,0,0,0,0,0,0,0,0,0,0,0,0,0,0,0,0,0,0,0,0,0,0,0,0,0,0,0,0,0,0,0,0,0,0,0,0,0,0,0,0,0,0,0,0,0,0,0,0,0,0,0,0,0,0,0,0,0,0,0,0,0,0,0,0,0,0,0,0,0,0,0,0,0,0,0,0,0,0
0,0,0,1,0,1,0,1,0,0,1,0,0,2,0,0,0,0,0,0,1,0,0,0,2,0,0,1,0,0,1,0,0,2,2,0,2,1,1,4,4,5,4,2,0,2,3,5,7,2,0,6,6,3,1,4,3,1,3,2,1,2,5,4,2,2,1,5,0,3,2,1,1,1,3,3,4,3,0,1,4,2,1,6,0,2,1,0,1,2,0,0,0,3,0,2,0,0,1,2,0,0,0,1,0,0,0,1,0,0,0,0,2,0,2,0,0,0,0,0,0,0,0,1,0,0,1,0,0,0,0,0,0,0,0,0,0,0,0,0,0,0,0,0,0,0,0,0,0,0,0,0,0,0,0,0,0,0,0,0,0,0,0,0,0,0,0,0,0,0,0,0,0,0,0,0,0,0,0,0,0,0,0,0,0,0,0,0,0,0,0,0,0,0,0,0,0,0,0,0
0,0,0,1,0,0,0,0,0,0,0,0,0,0,1,0,0,0,0,1,0,0,1,1,1,1,1,0,0,1,2,3,2,2,1,0,0,1,0,2,4,3,0,2,1,0,5,1,5,3,2,3,5,1,4,5,0,2,2,0,2,1,3,5,3,2,2,4,5,4,2,1,1,3,4,2,2,2,2,3,3,2,0,2,2,1,3,0,0,4,0,1,1,0,3,0,2,3,1,0,1,0,0,0,0,1,0,1,2,0,0,0,0,1,1,0,0,0,0,0,0,0,0,0,0,0,0,0,0,0,0,0,0,0,0,0,0,0,0,0,0,0,0,0,0,0,0,0,0,0,0,0,0,0,0,0,0,0,0,0,0,0,0,0,0,0,0,0,0,0,0,0,0,0,0,0,0,0,0,0,0,0,0,0,0,0,0,0,0,0,0,0,0,0,0,0,0,0,0,0
0,0,0,0,0,0,0,0,0,0,0,0,0,0,0,0,0,0,0,0,0,0,1,1,0,1,1,0,0,1,1,1,0,0,1,2,2,0,1,3,1,2,1,0,8,5,2,2,1,6,1,2,1,3,0,4,3,2,2,3,3,5,6,1,1,4,5,2,0,3,0,3,5,4,1,1,0,3,1,1,3,0,1,1,1,2,1,1,1,1,3,0,0,0,0,2,1,0,1,2,1,1,1,0,0,0,1,0,0,0,0,1,0,0,0,0,1,0,0,0,1,0,0,0,0,0,0,0,0,0,0,0,2,0,0,0,0,0,0,0,0,0,0,0,0,0,0,0,2,0,0,0,0,0,0,0,0,0,0,0,0,0,0,0,0,0,0,0,0,0,0,0,0,0,0,0,0,0,0,0,0,0,0,0,0,0,0,0,0,0,0,0,0,0,0,0,0,0,0,0
0,0,0,0,0,0,0,0,0,0,0,0,0,1,1,1,0,0,1,0,1,0,1,1,0,1,2,0,1,2,2,1,0,1,0,1,8,0,2,0,2,1,2,2,2,2,4,2,3,6,2,2,4,5,3,0,3,1,1,1,1,5,7,2,6,5,2,5,3,2,3,2,0,6,2,3,3,5,1,0,2,1,2,2,2,1,1,2,0,1,2,1,1,1,1,1,0,2,1,2,0,1,0,0,0,1,1,0,0,0,0,0,0,1,1,1,1,0,0,0,0,0,0,1,0,0,0,0,0,0,0,0,0,0,0,0,0,0,0,0,0,0,0,0,0,0,0,0,0,0,0,0,0,0,0,0,0,0,0,0,0,0,0,0,0,0,0,0,0,0,0,0,0,0,0,0,0,0,0,0,0,0,0,0,0,0,0,0,0,0,0,0,0,0,0,0,0,0,0,0
0,0,0,0,0,1,0,0,0,0,0,0,0,0,0,0,0,0,0,1,1,1,1,0,1,1,1,0,0,0,0,1,1,0,1,1,0,0,1,2,2,3,2,2,4,0,1,6,3,2,2,4,6,3,1,3,7,2,2,1,1,6,4,1,3,3,2,1,2,2,1,2,2,3,3,2,2,2,2,2,1,1,1,1,4,1,1,1,1,1,1,1,0,0,3,1,0,0,0,2,1,1,0,3,0,1,1,0,0,1,2,0,0,0,0,1,0,0,0,0,1,0,0,0,0,0,0,0,0,0,0,0,0,0,0,0,0,0,0,1,1,0,0,0,0,0,0,0,0,0,0,0,0,0,0,0,0,0,0,0,0,0,0,0,0,0,0,0,0,0,0,0,0,0,0,0,0,0,0,0,0,0,0,0,0,0,0,0,0,0,0,0,0,0,0,0,0,0,0,0
0,0,0,0,0,0,0,0,0,0,0,0,0,0,0,0,0,0,0,1,1,0,0,1,0,2,1,0,1,2,2,2,1,1,0,0,2,1,4,1,1,3,1,2,0,1,0,1,4,2,5,3,3,2,2,3,2,0,2,2,2,1,1,2,5,3,3,1,5,2,2,2,2,3,1,1,4,2,3,4,2,1,1,2,0,0,1,0,1,0,0,1,0,1,0,1,1,1,0,0,0,1,0,1,0,0,0,1,2,0,0,0,0,0,0,0,2,0,0,1,0,0,0,0,0,0,0,0,0,0,1,0,0,0,0,0,0,0,0,0,0,0,0,0,0,0,0,0,0,0,0,0,0,0,0,0,0,0,0,0,0,0,0,0,0,0,0,0,0,0,0,0,0,0,0,0,0,0,0,0,0,0,0,0,0,0,0,0,0,0,0,0,0,0,0,0,0,0,0,0
0,0,0,1,0,0,0,0,0,0,0,0,1,0,0,1,0,0,0,0,0,0,2,1,1,1,0,0,0,0,0,2,0,0,2,1,0,3,2,0,3,4,1,3,2,1,2,3,2,0,0,0,2,3,0,4,0,1,2,4,5,2,3,3,2,3,0,2,3,0,2,1,0,1,3,2,2,4,1,4,1,0,4,5,2,0,1,1,1,0,0,0,1,2,0,0,1,1,3,1,0,1,0,1,0,1,0,0,1,0,0,1,1,0,1,0,1,0,0,0,1,1,0,0,0,0,0,1,1,0,0,0,0,0,0,0,0,0,0,0,0,0,0,0,0,0,0,0,0,0,0,0,0,0,0,0,0,1,0,0,0,0,0,0,0,0,0,0,0,0,0,0,0,0,0,0,0,0,0,0,0,0,0,0,0,0,0,0,0,0,0,0,0,0,0,0,0,0,0,0
0,0,0,0,0,0,0,0,0,0,0,0,0,0,0,0,0,0,0,0,0,0,1,1,1,0,1,1,3,0,0,2,0,1,1,1,3,0,1,2,1,0,2,1,2,5,3,0,2,0,0,4,0,3,1,2,3,6,1,6,1,1,6,2,4,1,4,0,1,3,3,3,4,2,6,0,2,0,3,2,0,0,0,0,2,2,2,2,0,1,1,0,0,1,0,1,0,1,0,0,1,0,0,0,1,1,0,0,0,0,2,0,0,0,0,0,0,0,1,1,0,0,0,1,1,1,1,0,0,0,0,0,0,0,1,0,0,1,0,0,0,0,0,0,0,0,0,0,0,0,0,0,0,0,0,0,0,0,0,0,0,0,0,0,0,0,0,0,0,0,0,0,0,0,0,0,0,0,0,0,0,0,0,0,0,0,0,0,0,0,0,0,0,0,0,0,0,0,0,0
0,0,0,1,0,0,0,0,0,0,0,0,0,0,0,0,0,0,0,0,1,1,0,0,0,0,1,0,1,3,1,1,0,2,0,1,1,1,4,3,0,1,2,1,0,2,2,3,2,4,3,3,1,2,3,1,4,3,3,7,1,2,0,1,1,1,2,0,2,4,2,1,2,1,1,1,1,1,1,3,0,3,1,1,2,2,1,3,1,1,1,2,2,0,1,3,3,0,2,0,2,0,0,3,0,1,0,0,0,0,2,0,0,0,0,0,0,1,0,0,1,0,0,0,1,0,0,0,0,0,0,0,0,0,0,1,0,0,0,0,0,0,0,0,0,0,0,0,0,0,0,0,0,0,0,0,0,0,0,0,0,0,0,0,0,0,0,0,0,0,0,0,0,0,0,0,0,0,0,0,0,0,0,0,0,0,0,0,0,0,0,0,0,0,0,0,0,0,0,0
0,0,0,0,1,0,0,0,0,0,0,0,0,0,0,1,0,0,0,0,0,1,0,0,2,1,1,1,0,0,1,0,1,1,1,0,1,0,2,3,0,2,1,2,4,4,3,0,1,1,3,1,2,1,1,2,2,2,2,0,1,1,3,5,0,2,2,4,0,1,2,0,1,1,1,1,2,1,0,2,3,2,0,1,3,1,4,1,0,0,0,0,1,0,0,0,2,0,0,0,0,1,0,0,1,0,1,2,0,0,1,1,1,0,0,0,0,0,0,1,0,0,1,0,0,0,0,0,0,0,0,0,1,0,0,1,0,0,0,0,0,0,0,0,0,0,0,0,0,0,0,0,0,1,0,0,0,0,0,0,0,0,0,0,0,0,0,0,0,0,0,0,0,0,0,0,0,0,0,0,0,0,0,0,0,0,0,0,0,0,0,0,0,0,0,0,0,0,0,0
0,0,0,0,0,0,0,0,0,0,0,0,0,0,0,0,0,0,0,0,0,0,0,0,0,0,1,1,0,0,1,0,0,0,1,3,2,0,3,2,1,1,2,0,1,1,0,3,0,3,2,3,3,4,2,3,3,5,1,4,0,1,4,4,0,2,1,0,4,2,1,0,4,4,2,2,3,1,0,0,1,2,1,0,1,1,1,1,1,0,1,0,1,1,2,0,0,1,0,0,1,1,2,0,1,1,1,0,0,1,0,0,0,0,0,2,0,0,0,0,0,0,1,0,0,0,0,0,0,0,0,0,1,0,0,0,0,0,0,0,0,0,0,0,0,0,0,0,0,0,0,0,0,0,0,0,0,0,0,0,0,0,0,0,0,0,0,0,0,0,0,0,0,0,0,0,0,0,0,0,0,0,0,0,0,0,0,0,0,0,0,0,0,0,0,0,0,0,0,0
0,0,0,0,0,0,0,0,0,0,0,0,0,0,0,0,0,0,0,0,0,1,0,0,0,0,2,0,0,1,1,1,0,1,1,1,1,1,1,2,0,4,2,2,2,1,1,3,4,2,1,2,4,1,6,2,1,2,2,4,6,1,1,4,3,1,3,2,1,1,0,1,1,2,1,3,2,2,0,1,1,0,0,3,2,0,1,1,0,0,3,0,0,0,0,1,1,0,0,0,1,0,0,0,0,0,0,1,0,0,0,0,0,0,1,1,1,0,0,0,0,1,2,0,0,0,2,1,0,0,0,0,0,0,0,0,0,0,0,0,1,0,0,0,0,0,0,0,0,0,0,0,0,0,0,0,0,0,0,0,0,0,0,0,0,0,0,0,0,0,0,0,0,0,0,0,0,0,0,0,0,0,0,0,0,0,0,0,0,0,0,0,0,0,0,0,0,0,0,0
0,0,0,0,0,0,0,0,0,0,0,0,0,0,0,0,0,1,0,0,0,0,0,2,0,1,2,0,0,2,0,2,1,2,2,2,3,1,0,1,0,1,4,3,0,1,1,2,1,1,2,2,5,1,1,5,2,4,1,0,2,0,2,4,1,1,5,5,4,3,3,2,0,3,1,2,1,1,1,1,1,0,0,3,0,0,0,1,0,2,0,0,0,0,1,1,1,0,1,1,0,0,1,0,0,1,0,0,0,0,0,0,0,0,0,1,0,1,0,0,0,0,0,0,0,0,1,0,0,0,0,1,0,0,0,0,0,0,0,0,0,0,0,0,0,0,0,0,0,0,0,0,0,0,0,0,0,0,0,0,0,0,0,0,0,0,0,0,0,0,0,0,0,0,0,0,0,0,0,0,0,0,0,0,0,0,0,0,0,0,0,0,0,0,0,0,0,0,0,0
0,0,0,0,0,0,0,0,0,0,0,0,0,1,0,1,0,0,0,0,0,0,0,0,1,1,1,0,0,0,1,1,0,1,2,1,4,1,3,2,2,1,2,5,2,2,1,2,2,1,3,1,2,2,7,3,2,4,1,0,2,1,4,3,1,4,1,4,3,4,2,2,2,1,4,1,2,1,3,3,0,2,0,1,3,0,0,2,1,0,0,1,1,1,1,0,0,0,0,0,0,0,1,0,0,0,0,0,1,1,1,0,0,1,1,0,0,0,0,1,0,1,0,0,0,0,0,0,0,0,0,0,0,0,0,0,0,0,0,1,0,0,0,0,0,0,0,0,0,0,0,0,0,0,0,0,0,0,0,0,0,0,0,0,0,0,0,0,0,0,0,0,0,0,0,0,0,0,0,0,0,0,0,0,0,0,0,0,0,0,0,0,0,0,0,0,0,0,0,0
0,0,0,0,0,0,0,0,1,0,0,0,0,0,1,0,0,0,0,0,0,0,1,0,0,0,1,0,0,2,0,1,1,2,4,0,0,0,0,1,2,0,2,2,1,3,0,1,0,0,0,1,2,1,0,2,2,0,1,0,1,0,1,4,0,1,2,0,4,1,1,0,2,1,0,3,0,1,3,1,0,2,0,0,1,1,1,0,1,3,1,0,1,0,0,0,0,1,0,1,1,2,1,0,0,1,0,1,0,0,0,0,0,0,1,0,0,0,0,0,0,0,1,0,0,0,0,0,0,0,0,2,0,0,0,0,0,0,0,0,0,0,0,0,0,0,0,0,0,0,0,0,0,0,0,0,0,0,0,0,0,0,0,0,0,0,0,0,0,0,0,0,0,0,0,0,0,0,0,0,0,0,0,0,0,0,0,0,0,0,0,0,0,0,0,0,0,0,0,0
0,0,0,0,0,0,0,4,0,0,0,0,0,0,0,0,0,0,0,0,2,0,1,0,0,0,1,1,0,0,0,0,0,1,2,2,4,1,1,3,2,0,0,1,1,4,3,2,1,2,0,4,1,1,2,2,4,1,0,2,1,1,0,3,2,1,0,1,1,0,3,2,1,2,1,0,3,3,1,2,1,0,0,1,3,1,0,3,1,0,1,2,1,0,4,0,1,0,1,1,0,0,1,1,0,0,0,1,0,0,0,0,0,0,0,0,0,0,0,0,0,0,0,0,0,0,0,0,0,0,0,0,0,0,0,0,0,0,0,0,1,0,0,1,0,0,0,0,0,0,0,0,0,0,0,0,0,0,0,0,0,0,0,0,0,0,0,0,0,0,0,0,0,0,0,0,0,0,0,0,0,0,0,0,0,0,0,0,0,0,0,0,0,0,0,0,0,0,0,0
0,0,0,0,0,0,0,0,0,0,0,0,1,0,0,0,1,0,0,0,0,0,0,0,1,0,2,0,0,0,1,1,2,1,0,2,1,0,1,1,2,1,1,1,1,5,0,1,2,1,3,2,4,1,1,2,2,4,3,2,1,0,0,1,3,1,1,1,3,2,1,0,1,3,1,2,1,2,1,3,0,3,0,3,4,0,0,1,3,1,1,1,2,0,0,0,2,1,3,0,0,0,0,1,0,0,0,0,1,2,0,0,0,0,0,0,1,0,0,0,0,1,0,0,0,0,0,0,0,0,0,1,0,0,0,0,0,0,0,0,0,0,0,0,0,0,0,0,0,0,0,0,0,0,0,0,0,0,0,0,0,0,0,0,0,0,0,0,0,0,0,0,0,0,0,0,0,0,0,0,0,0,0,0,0,0,0,0,0,0,0,0,0,0,0,0,0,0,0,0
0,0,0,0,0,1,0,0,0,0,0,0,0,0,0,0,0,2,0,0,0,0,0,1,1,0,0,2,1,0,2,1,1,3,1,3,3,1,1,3,2,2,3,0,0,2,1,2,2,1,5,2,2,0,1,3,1,1,1,1,4,4,1,3,2,1,0,3,1,1,1,1,1,2,4,1,0,1,1,1,0,0,0,1,0,1,1,1,0,0,0,0,1,0,0,1,0,2,1,1,0,3,0,0,0,0,0,0,0,0,0,0,0,0,0,1,0,1,0,0,1,0,0,0,1,0,0,0,0,0,0,0,0,0,0,0,0,0,0,0,0,0,0,0,0,0,0,0,0,0,0,0,0,0,0,0,0,0,0,0,0,0,0,0,0,0,0,0,0,0,0,0,0,0,0,0,0,0,0,0,0,0,0,0,0,0,0,0,0,0,0,0,0,0,0,0,0,0,0,0
0,0,0,0,0,0,0,0,0,0,0,1,0,0,0,0,0,0,0,0,0,0,0,0,1,1,1,1,0,0,2,1,0,1,1,1,0,1,1,3,0,5,3,3,2,1,1,2,2,3,0,0,0,0,3,4,3,3,1,5,4,0,1,0,2,1,2,2,0,1,5,3,1,1,0,0,5,1,1,0,1,0,0,1,0,1,0,0,1,0,0,1,0,2,0,1,0,0,1,1,0,0,0,1,0,0,0,0,1,0,0,0,0,1,0,0,0,0,0,0,0,0,0,0,0,0,0,0,0,0,0,0,0,0,0,0,0,0,0,0,0,0,0,0,0,0,0,0,0,0,0,0,0,0,0,0,0,0,0,0,0,0,0,0,0,0,0,0,0,0,0,0,0,0,0,0,0,0,0,0,0,0,0,0,0,0,0,0,0,0,0,0,0,0,0,0,0,0,0,0
0,0,0,0,0,0,0,0,0,0,0,0,1,0,0,1,0,0,0,0,0,0,0,0,1,1,1,1,3,1,0,0,0,0,0,1,2,2,0,2,2,2,1,0,2,0,1,1,1,1,0,3,3,2,2,1,1,2,4,2,2,2,1,3,0,1,1,4,2,2,2,4,1,1,1,0,0,0,1,2,0,0,3,2,1,1,2,1,0,1,0,0,0,1,0,0,1,1,0,0,0,2,0,0,0,0,0,0,0,0,0,1,0,0,0,0,0,0,0,0,0,0,0,0,0,0,0,0,0,0,0,1,0,0,0,0,0,0,0,0,0,0,0,0,0,0,0,0,0,0,0,0,0,0,0,0,0,0,0,0,0,0,0,0,0,0,0,0,0,0,0,0,0,0,0,0,0,0,0,0,0,0,0,0,0,0,0,0,0,0,0,0,0,0,0,0,0,0,0,0
0,0,0,0,0,0,1,0,0,0,0,0,0,0,1,0,0,0,0,0,0,0,0,0,0,1,0,1,0,0,0,0,0,1,0,3,2,1,3,2,1,1,3,0,1,4,0,2,3,2,1,1,1,1,1,2,1,3,1,3,1,4,0,2,2,3,2,0,1,1,2,2,2,1,0,2,1,1,1,0,0,1,3,0,0,0,1,0,0,0,1,0,0,1,0,0,2,1,1,2,0,0,0,0,2,0,1,0,1,0,0,0,0,0,0,2,0,0,0,0,0,2,0,0,0,0,0,0,0,0,0,0,0,0,0,0,0,0,0,1,1,0,0,0,0,0,0,0,0,0,0,0,0,0,0,0,0,0,0,0,0,0,0,0,0,0,0,0,0,0,0,0,0,0,0,0,0,0,0,0,0,0,0,0,0,0,0,0,0,0,0,0,0,0,0,0,0,0,0,0
0,0,0,0,0,0,0,0,0,0,0,0,0,0,0,0,0,0,0,0,0,2,1,1,0,0,0,0,0,0,0,2,0,1,1,1,0,1,0,0,1,2,4,0,2,1,1,1,0,0,2,1,2,2,1,0,2,0,4,1,1,2,1,1,1,1,2,2,1,2,3,0,1,1,1,3,3,1,0,3,1,1,1,3,1,1,1,0,1,1,0,1,2,0,3,2,0,2,0,0,0,1,0,1,0,1,0,0,1,0,0,0,1,0,0,0,0,1,0,0,0,0,0,0,0,0,0,0,0,0,0,0,0,0,0,0,0,0,0,0,0,0,0,0,0,0,0,0,0,0,0,0,0,0,0,0,0,0,0,0,0,0,0,0,0,0,0,0,0,0,0,0,0,0,0,0,0,0,0,0,0,0,0,0,0,0,0,0,0,0,0,0,0,0,0,0,0,0,0,0
0,0,0,0,0,0,0,0,0,0,0,0,0,0,0,0,0,0,0,0,0,0,1,0,0,0,1,0,1,1,2,2,0,1,0,1,1,2,0,2,1,0,2,0,2,2,2,0,3,2,2,1,2,2,2,0,0,0,0,2,3,1,4,1,0,0,1,2,2,3,4,0,1,2,0,0,1,0,1,1,1,1,3,1,2,1,0,0,1,0,1,1,0,0,1,1,0,1,0,0,0,1,1,0,1,1,0,1,0,0,0,1,0,0,0,0,0,0,0,0,0,0,0,0,0,0,0,0,0,0,0,1,0,0,0,0,0,0,0,0,0,0,0,0,0,0,0,0,0,0,0,0,0,0,0,0,0,0,0,0,0,0,0,0,0,0,0,0,0,0,0,0,0,0,0,0,0,0,0,0,0,0,0,0,0,0,0,0,0,0,0,0,0,0,0,0,0,0,0,0
0,0,0,0,0,0,0,0,0,0,0,1,0,0,0,0,0,0,1,0,0,0,0,0,0,0,0,0,0,0,0,1,0,0,2,1,2,1,1,1,1,5,2,0,1,2,1,1,4,1,2,1,0,2,2,1,2,0,2,1,1,0,2,1,1,3,0,2,3,2,4,0,2,1,0,2,0,0,0,1,1,0,0,1,1,2,3,1,1,2,0,1,0,1,2,0,0,0,0,0,0,1,0,0,1,0,0,2,0,0,0,1,0,0,0,1,0,0,0,0,0,0,0,0,0,0,0,1,0,0,0,0,0,0,0,0,0,0,0,0,0,0,0,0,0,0,0,0,0,0,0,0,0,0,0,0,0,0,0,0,0,0,0,0,0,0,0,0,0,0,0,0,0,0,0,0,0,0,0,0,0,0,0,0,0,0,0,0,0,0,0,0,0,0,0,0,0,0,0,0
0,0,0,0,0,0,0,0,0,0,0,0,0,0,0,0,0,0,0,0,0,0,0,1,2,0,1,0,1,0,0,0,1,0,1,4,0,0,1,1,4,4,2,1,0,4,0,1,0,2,2,5,0,5,1,1,0,3,1,3,0,0,3,0,1,3,1,4,2,0,0,1,3,2,0,0,2,0,1,3,1,1,0,2,1,1,1,2,0,0,1,0,1,0,0,0,0,0,0,0,0,1,0,0,0,0,0,0,0,0,0,0,0,0,0,0,0,0,0,0,0,0,0,0,0,0,0,0,0,0,0,0,0,1,0,0,0,0,0,0,0,1,0,0,0,0,0,0,0,0,0,0,0,0,0,0,0,0,0,0,0,0,0,0,0,0,0,0,0,0,0,0,0,0,0,0,0,0,0,0,0,0,0,0,0,0,0,0,0,0,0,0,0,0,0,0,0,0,0,0
0,0,0,0,0,0,0,0,0,0,0,0,0,0,0,0,0,0,0,0,1,0,0,0,0,1,1,0,0,0,0,3,1,0,0,1,0,0,2,3,2,1,0,0,0,2,1,3,0,0,0,0,2,5,1,0,3,3,2,5,1,0,1,1,1,0,2,2,2,3,2,1,2,1,0,0,4,3,2,2,2,1,2,1,1,1,1,1,1,1,0,1,2,0,1,0,0,0,0,0,0,1,0,0,1,1,0,0,0,0,0,1,0,0,0,0,0,0,0,0,0,0,0,0,1,0,0,0,0,0,0,0,0,0,0,0,0,0,0,0,0,0,0,0,0,0,0,0,0,0,0,0,0,0,1,0,0,0,0,0,0,0,0,0,0,0,0,0,0,0,0,0,0,0,0,0,0,0,0,0,0,0,0,0,0,0,0,0,0,0,0,0,0,0,0,0,0,0,0,0
0,0,0,0,0,0,0,1,0,0,0,0,0,0,0,0,0,0,0,0,2,0,0,0,0,0,0,0,0,2,1,1,2,1,0,0,2,1,0,2,3,2,1,1,1,1,3,4,1,1,2,6,6,1,1,1,2,1,4,0,0,1,2,1,2,0,0,2,4,0,1,3,0,2,2,0,0,1,2,1,2,1,0,3,0,0,0,0,2,0,0,0,0,0,0,0,0,0,0,1,1,1,0,0,0,0,0,2,0,0,0,0,1,0,0,0,1,0,0,0,0,0,0,0,0,0,0,0,0,0,0,0,0,0,0,0,0,0,0,0,0,0,0,0,0,0,0,0,0,0,0,0,0,0,0,0,0,0,0,0,0,0,0,0,0,0,0,0,0,0,0,0,0,0,0,0,0,0,0,0,0,0,0,0,0,0,0,0,0,0,0,0,0,0,0,0,0,0,0,0
0,0,0,0,0,0,0,0,0,0,0,0,0,0,0,1,0,0,0,1,2,0,0,0,0,0,1,0,1,0,0,0,1,0,1,2,0,0,1,4,1,0,2,2,1,3,3,1,0,2,4,2,0,1,2,1,1,0,1,4,0,3,6,1,0,0,1,3,1,0,1,2,0,2,1,2,3,0,0,1,0,0,2,1,1,0,0,0,0,0,0,2,2,0,0,1,1,0,0,1,1,1,0,0,0,0,0,0,0,0,0,0,0,1,0,0,0,0,0,0,0,0,0,0,0,0,0,0,0,0,0,0,0,0,0,0,0,0,0,0,0,0,0,0,0,0,0,0,0,0,0,0,0,0,0,0,1,0,0,0,0,0,0,0,0,0,0,0,0,0,0,0,0,0,0,0,0,0,0,0,0,0,0,0,0,0,0,0,0,0,0,0,0,0,0,0,0,0,0,0
0,0,0,0,0,0,0,0,0,0,0,0,0,0,1,0,0,0,0,0,0,1,0,1,0,0,0,0,0,0,1,0,0,0,1,0,5,0,2,1,1,4,2,0,0,1,2,1,3,0,0,1,0,1,3,1,0,0,1,1,0,0,3,2,2,1,2,1,1,2,2,1,1,1,0,1,2,2,2,0,0,0,1,0,2,1,0,0,0,0,0,0,0,0,0,0,0,0,1,1,0,0,0,0,0,1,0,0,0,0,0,0,0,0,0,0,0,0,0,0,0,0,0,0,0,0,0,0,0,0,0,0,0,0,0,0,0,0,0,0,0,0,0,0,0,0,0,0,0,0,0,0,0,0,0,0,0,0,0,0,0,0,0,0,0,0,0,0,0,0,0,0,0,0,0,0,0,0,0,0,0,0,0,0,0,0,0,0,0,0,0,0,0,0,0,0,0,0,0,0
0,0,0,0,0,0,0,1,0,0,0,1,0,0,0,0,1,2,0,0,0,0,1,1,0,0,1,1,0,0,0,2,1,1,2,2,1,0,0,0,1,1,3,2,4,1,4,2,3,1,0,4,0,1,2,0,4,2,2,1,1,2,0,3,0,1,0,1,0,0,0,1,2,1,4,1,1,1,0,1,0,1,3,1,0,0,0,1,1,0,1,0,0,0,2,0,0,3,0,0,1,0,0,0,0,0,0,1,0,0,1,0,0,0,0,0,0,0,0,0,0,0,0,0,0,0,0,0,0,0,0,0,1,0,0,0,0,0,0,0,0,0,0,0,0,0,0,0,0,0,0,0,0,0,0,0,0,0,0,0,0,0,0,0,0,0,0,0,0,0,0,0,0,0,0,0,0,0,0,0,0,0,0,0,0,0,0,0,0,0,0,0,0,0,0,0,0,0,0,0
0,1,0,0,0,0,0,0,0,0,0,0,0,0,0,1,0,1,0,0,0,1,0,0,1,0,0,1,1,0,2,0,1,2,1,0,0,0,2,1,1,1,1,0,0,1,2,3,2,1,0,1,0,0,1,1,1,0,0,3,1,1,1,3,3,3,2,0,0,0,4,3,2,2,1,1,1,2,1,0,0,3,0,1,3,1,1,0,1,1,1,0,1,0,0,0,0,1,2,0,0,0,0,0,0,0,0,0,1,0,0,0,0,0,1,0,0,0,0,0,0,0,0,0,0,0,0,0,0,0,0,0,0,0,0,0,0,0,0,0,0,0,0,0,0,0,0,0,0,0,0,0,0,0,0,0,0,0,0,0,0,0,0,0,0,0,0,0,0,0,0,0,0,0,0,0,0,0,0,0,0,0,0,0,0,0,0,0,0,0,0,0,0,0,0,0,0,0,0,0
0,0,0,0,0,0,0,0,0,0,0,0,0,0,0,0,0,0,0,1,0,0,0,1,0,0,1,0,0,0,0,1,0,1,0,1,1,0,2,1,3,3,2,1,3,1,1,2,2,3,1,0,3,1,3,3,2,1,0,1,2,2,0,2,1,0,0,1,1,3,0,1,3,3,1,1,4,1,0,0,0,1,3,1,0,1,0,0,1,2,1,0,0,0,0,0,0,2,0,0,0,0,0,0,0,0,0,0,1,0,0,1,0,0,0,1,0,0,0,0,0,0,0,0,0,0,0,0,0,0,0,0,0,0,0,0,0,0,0,0,0,0,0,0,0,0,0,0,0,0,0,0,0,0,0,0,0,0,0,0,0,0,0,0,0,0,0,0,0,0,0,0,0,0,0,0,0,0,0,0,0,0,0,0,0,0,0,0,0,0,0,0,0,0,0,0,0,0,0,0
0,0,0,0,0,0,0,0,0,0,0,0,0,0,0,0,0,0,0,0,0,0,0,0,0,0,0,0,1,1,2,0,1,1,0,0,0,2,0,0,2,1,1,2,3,1,0,4,3,0,1,0,0,1,1,0,1,1,0,1,0,1,3,0,2,1,1,0,3,0,0,0,4,1,0,1,1,0,0,1,1,1,0,0,0,0,1,0,0,0,2,1,1,0,0,1,0,0,1,0,0,0,1,0,0,0,1,0,0,0,0,0,0,0,0,0,0,0,0,1,0,0,0,0,0,0,0,0,0,0,0,0,0,0,0,0,0,0,0,0,0,0,0,0,0,0,0,0,0,0,0,0,0,0,0,0,0,0,0,0,0,0,0,0,0,0,0,0,0,0,0,0,0,0,0,0,0,0,0,0,0,0,0,0,0,0,0,0,0,0,0,0,0,0,0,0,0,0,0,0
0,0,0,0,0,1,0,0,0,0,0,0,0,0,0,0,0,1,0,0,0,0,0,0,0,0,0,0,1,1,0,0,0,0,0,2,1,0,2,1,1,0,1,0,2,0,0,0,1,1,3,4,1,1,2,2,1,3,2,3,0,2,1,1,1,0,0,1,2,1,1,0,3,2,2,1,0,1,0,0,3,0,3,0,0,0,0,0,0,0,0,1,0,0,0,0,0,3,0,0,0,0,0,0,1,0,0,1,0,0,0,0,0,0,0,0,0,0,0,2,0,0,0,0,0,0,0,0,0,0,0,0,0,0,0,0,0,0,0,0,0,0,0,0,0,0,0,0,0,0,0,0,0,0,0,0,0,0,0,0,0,0,0,0,0,0,0,0,0,0,0,0,0,0,0,0,0,0,0,0,0,0,0,0,0,0,0,0,0,0,0,0,0,0,0,0,0,0,0,0
0,0,0,0,0,0,0,0,0,0,0,0,0,0,0,0,0,0,0,0,0,0,0,0,1,0,1,1,0,0,0,1,1,1,0,0,1,1,0,2,0,2,1,0,1,4,1,1,1,1,0,1,4,0,1,3,0,1,3,1,4,2,1,0,1,0,1,1,0,0,1,1,1,1,0,1,0,1,2,0,0,0,3,1,0,1,1,1,1,0,1,0,0,0,0,0,0,1,0,0,0,0,0,1,0,0,0,1,1,0,0,0,0,0,0,0,0,0,0,1,0,0,0,0,1,0,0,0,0,0,0,0,0,0,0,0,0,0,0,0,0,0,0,0,0,0,0,0,0,0,0,0,0,0,0,0,0,0,0,0,0,0,0,0,0,0,0,0,0,0,0,0,0,0,0,0,0,0,0,0,0,0,0,0,0,0,0,0,0,0,0,0,0,0,0,0,0,0,0,0
0,0,0,0,0,0,0,0,0,0,0,0,0,0,0,0,0,0,0,1,0,0,0,0,0,1,0,0,0,0,0,0,0,1,1,0,1,0,2,1,1,0,1,0,1,1,1,1,1,3,2,1,1,2,2,0,2,1,2,2,1,0,3,1,0,3,2,3,0,1,0,1,0,0,1,1,0,1,3,1,0,1,2,1,0,0,2,0,0,0,0,0,0,0,0,0,1,1,0,0,0,0,0,0,0,1,0,0,0,0,0,0,0,0,0,0,0,0,0,0,0,1,0,0,0,0,0,0,0,1,0,0,0,1,0,0,0,0,0,0,0,0,0,0,0,0,0,0,0,0,0,0,0,0,0,0,0,0,0,0,0,0,0,0,0,0,0,0,0,0,0,0,0,0,0,0,0,0,0,0,0,0,0,0,0,0,0,0,0,0,0,0,0,0,0,0,0,0,0,0
0,0,0,0,0,0,0,0,0,0,0,0,0,0,0,0,0,0,0,0,0,0,0,2,1,0,0,0,1,1,0,0,1,1,0,1,0,0,0,1,2,0,0,1,2,0,1,1,0,1,1,0,1,3,1,6,1,2,1,0,1,2,2,0,0,2,0,0,1,1,0,2,1,2,2,1,1,1,1,2,1,0,1,1,0,0,0,0,1,1,1,0,0,0,0,0,0,0,0,0,1,1,1,2,0,1,0,0,0,0,0,0,1,1,0,0,0,0,0,0,0,0,0,0,0,0,0,0,0,0,0,0,1,0,0,0,0,0,0,0,0,0,0,0,0,0,1,0,0,0,0,0,0,0,0,0,0,0,0,0,0,0,0,0,0,0,0,0,0,0,0,0,0,0,0,0,0,0,0,0,0,0,0,0,0,0,0,0,0,0,0,0,0,0,0,0,0,0,0,0
0,0,0,0,0,0,0,0,0,0,0,0,0,0,0,0,0,1,0,0,0,0,2,0,0,0,0,0,0,1,1,1,0,1,2,1,2,0,0,1,0,0,0,1,1,0,1,3,1,0,0,3,1,1,3,0,3,0,2,1,2,2,1,0,0,2,1,2,1,1,1,0,0,0,1,3,0,0,2,1,1,0,3,0,0,0,0,1,0,0,1,0,1,0,0,1,0,0,0,0,2,1,0,0,0,1,0,0,0,0,0,0,0,1,0,1,0,0,0,0,0,0,0,0,0,0,0,0,1,0,0,0,0,0,0,0,0,0,0,0,0,0,0,0,0,0,0,0,0,0,0,0,0,0,0,0,0,0,0,0,0,0,0,0,0,0,0,0,0,0,0,0,0,0,0,0,0,0,0,0,0,0,0,0,0,0,0,0,0,0,0,0,0,0,0,0,0,0,0,0
0,0,0,0,0,0,0,0,0,0,0,0,1,0,1,0,0,0,0,0,0,0,0,0,0,1,0,0,1,0,0,0,1,0,0,0,0,1,0,1,0,0,0,0,0,0,1,0,3,2,1,0,2,0,3,2,2,1,2,1,0,0,2,1,2,1,1,0,0,1,0,0,2,1,0,0,0,1,1,1,0,0,0,0,0,0,0,0,0,0,0,1,0,0,1,0,0,0,0,0,0,0,0,1,0,0,0,0,0,0,0,0,0,0,0,0,0,0,0,0,0,0,0,0,0,0,0,0,0,0,0,0,0,0,0,0,0,0,0,0,0,0,0,0,0,0,0,0,0,0,0,0,0,0,0,0,0,0,0,0,0,0,0,0,0,0,0,0,0,0,0,0,0,0,0,0,0,0,0,0,0,0,0,0,0,0,0,0,0,0,0,0,0,0,0,0,0,0,0,0
0,0,0,0,0,0,0,0,0,0,0,0,0,0,0,0,0,0,1,0,0,1,0,0,0,0,0,0,0,0,2,0,0,0,0,0,1,1,1,0,0,0,0,2,0,0,2,1,0,0,1,1,2,0,0,1,0,0,2,0,2,2,0,1,0,1,0,1,0,2,1,0,0,0,0,1,1,1,1,0,1,1,0,1,0,2,0,0,0,0,1,1,0,1,1,1,1,1,0,0,1,0,0,0,0,0,0,0,0,1,0,0,0,0,0,1,0,0,0,1,0,0,0,0,0,0,0,0,0,1,0,0,0,0,0,0,0,0,0,0,0,0,0,0,0,0,0,0,0,0,0,0,0,0,0,0,0,0,0,0,0,0,0,0,0,0,0,0,0,0,0,0,0,0,0,0,0,0,0,0,0,0,0,0,0,0,0,0,0,0,0,0,0,0,0,0,0,0,0,0
0,0,0,0,0,0,0,0,0,0,0,0,0,0,0,0,0,0,0,0,0,0,1,0,1,0,1,0,1,0,0,1,0,1,0,0,0,0,0,0,0,0,0,0,1,0,0,0,0,2,2,0,1,1,0,0,1,1,1,0,2,0,1,3,2,0,0,1,2,1,3,1,1,1,0,0,0,1,0,1,1,0,0,0,0,1,0,0,2,0,1,0,0,2,0,0,0,1,0,1,1,0,0,0,0,0,2,0,0,0,0,0,0,0,1,0,2,0,0,0,0,0,0,0,0,0,0,0,0,0,0,0,0,0,0,0,0,0,0,0,0,0,0,0,0,0,0,0,0,0,0,0,0,0,0,0,0,0,0,0,0,0,0,0,0,0,0,0,0,0,0,0,0,0,0,0,0,0,0,0,0,0,0,0,0,0,0,0,0,0,0,0,0,0,0,0,0,0,0,0
0,0,0,0,0,0,0,0,0,0,0,0,0,0,0,0,0,0,0,0,1,0,0,0,1,1,1,0,0,1,1,1,0,1,0,0,1,0,0,1,0,1,1,0,0,1,1,1,0,1,0,3,1,2,0,2,0,1,1,0,0,2,0,2,0,1,1,0,0,0,0,3,2,0,0,0,0,0,0,0,0,2,1,0,0,0,0,1,0,1,0,0,0,2,0,0,0,0,0,2,0,0,0,0,0,1,1,1,0,0,0,0,0,0,0,0,0,1,0,0,1,0,0,0,0,0,0,0,0,0,0,0,0,0,0,0,0,0,0,0,0,0,0,0,0,0,0,0,0,0,0,0,0,0,0,0,0,0,0,0,0,0,0,0,0,0,0,0,0,0,0,0,0,0,0,0,0,0,0,0,0,0,0,0,0,0,0,0,0,0,0,0,0,0,0,0,0,0,0,0
0,0,0,0,0,0,0,0,0,0,0,0,0,0,0,0,1,0,0,0,0,0,0,0,0,0,0,0,0,0,0,0,0,0,0,0,2,0,0,1,0,1,2,1,1,3,0,0,1,0,0,1,0,1,0,1,2,1,0,2,3,3,0,0,0,1,1,3,1,0,2,1,0,0,1,3,2,1,1,0,1,1,2,1,1,1,0,1,0,0,0,0,0,0,0,0,1,1,0,0,0,0,0,0,0,0,1,0,0,0,0,0,0,0,0,0,0,1,0,0,0,0,0,0,0,0,0,0,0,0,0,0,0,0,0,0,0,0,0,0,0,0,0,0,0,0,0,0,0,0,0,0,0,0,0,0,0,0,0,0,0,0,0,0,0,0,0,0,0,0,0,0,0,0,0,0,0,0,0,0,0,0,0,0,0,0,0,0,0,0,0,0,0,0,0,0,0,0,0,0
0,0,0,0,0,0,0,0,0,0,0,0,0,0,0,0,0,0,0,0,1,0,0,0,0,1,0,0,0,0,0,0,2,1,2,0,2,2,1,0,0,2,0,0,0,0,2,0,2,1,1,0,3,1,0,1,2,0,2,0,1,0,1,0,0,0,1,1,0,0,1,0,2,0,0,0,0,1,0,0,1,0,0,1,1,0,1,0,0,0,0,0,0,1,1,0,0,0,0,2,0,0,1,0,0,0,0,0,0,0,0,0,1,0,0,0,1,0,0,0,0,1,0,0,0,0,0,0,0,0,0,0,0,0,0,0,0,0,0,0,1,0,0,0,0,0,0,0,0,0,0,0,0,0,0,0,0,0,0,0,0,0,0,0,0,0,0,0,0,0,0,0,0,0,0,0,0,0,0,0,0,0,0,0,0,0,0,0,0,0,0,0,0,0,0,0,0,0,0,0
0,0,0,0,0,0,0,0,0,0,0,0,0,0,0,0,1,0,0,0,0,0,1,0,0,0,0,0,0,0,1,0,1,0,0,2,1,0,0,1,1,1,0,0,2,1,0,0,0,0,0,0,2,2,2,1,2,0,1,0,2,1,3,1,1,3,0,1,2,2,3,1,2,0,0,1,0,0,0,0,1,0,0,0,2,1,1,0,0,0,2,1,1,0,0,0,1,0,0,1,0,0,0,0,0,0,0,0,0,0,0,0,0,0,0,0,1,0,0,0,0,0,1,0,0,0,0,0,0,0,0,0,1,0,0,0,0,1,0,0,0,0,0,0,0,0,0,0,0,0,0,0,0,0,0,0,0,0,0,0,0,0,0,0,0,0,0,0,0,0,0,0,0,0,0,0,0,0,0,0,0,0,0,0,0,0,0,0,0,0,0,0,0,0,0,0,0,0,0,0
0,0,0,0,0,0,0,0,0,0,0,0,0,0,0,0,0,0,0,0,1,0,0,0,0,0,0,0,0,1,0,0,0,0,2,0,0,0,0,2,1,1,1,1,2,1,2,0,1,2,1,1,0,0,1,2,0,0,2,1,0,0,0,0,3,0,0,0,0,3,2,1,0,1,1,0,0,0,2,0,0,0,0,1,0,0,0,0,0,0,0,1,1,0,2,0,0,0,0,0,0,0,0,0,0,0,0,0,0,0,0,0,0,0,0,0,0,0,0,0,0,0,0,0,0,0,0,0,0,0,0,0,0,0,0,0,0,0,0,0,0,0,0,0,0,0,0,0,0,0,0,0,0,0,0,0,0,0,0,0,0,0,0,0,0,0,0,0,0,0,0,0,0,0,0,0,0,0,0,0,0,0,0,0,0,0,0,0,0,0,0,0,0,0,0,0,0,0,0,0
0,0,0,0,0,0,0,0,0,0,0,0,0,0,0,1,0,0,0,0,0,0,0,0,0,0,0,0,0,0,2,0,1,0,2,2,0,1,0,0,1,1,2,0,0,1,0,2,2,1,1,1,0,0,0,1,0,0,0,3,3,0,2,0,0,2,0,1,0,2,0,0,1,0,0,0,0,0,0,1,0,0,0,1,1,1,0,0,0,0,0,0,0,0,0,1,0,0,1,1,0,1,0,0,1,0,0,0,0,0,1,0,0,0,0,0,0,0,0,0,0,0,0,0,0,0,0,0,0,0,0,0,0,0,0,0,0,0,0,0,0,0,0,0,0,0,0,0,0,0,0,0,0,0,0,0,0,0,0,0,0,0,0,0,0,0,0,0,0,0,0,0,0,0,0,0,0,0,0,0,0,0,0,0,0,0,0,0,0,0,0,0,0,0,0,0,0,0,0,0
0,0,0,0,0,0,0,0,0,0,0,0,0,0,0,0,0,0,0,0,0,0,0,1,0,0,0,0,0,1,0,1,1,0,0,0,1,0,1,0,1,0,0,1,1,1,2,2,1,2,0,1,0,1,0,1,0,1,0,1,1,0,1,0,1,0,2,1,1,1,2,0,0,0,1,0,0,0,1,0,0,0,1,0,0,0,0,1,1,0,0,0,0,1,0,0,0,0,0,0,0,0,2,0,0,0,0,0,0,0,0,0,0,0,0,0,0,0,0,0,0,0,0,0,0,0,0,0,0,0,0,0,0,0,0,0,1,0,0,0,0,0,0,0,0,0,0,0,0,0,0,0,0,0,0,0,0,0,0,0,0,0,0,0,0,0,0,0,0,0,0,0,0,0,0,0,0,0,0,0,0,0,0,0,0,0,0,0,0,0,0,0,0,0,0,0,0,0,0,0
0,0,0,0,0,0,0,0,0,0,0,0,0,0,0,0,0,0,0,0,0,0,2,0,0,0,0,0,0,0,0,0,1,0,2,0,0,0,0,1,0,2,1,1,3,3,3,2,2,1,0,1,0,0,1,0,0,1,2,1,0,0,2,0,0,1,1,0,3,0,2,0,0,0,1,0,1,1,0,0,0,2,1,0,0,0,1,0,0,2,0,0,0,0,0,0,0,0,0,1,1,0,0,0,0,0,0,0,0,0,0,0,0,0,0,0,0,0,0,0,0,0,0,0,0,0,0,0,0,0,0,0,0,0,0,0,0,0,0,0,0,0,0,0,0,0,0,0,0,0,0,0,0,0,0,0,0,0,0,0,0,0,0,0,0,0,0,0,0,0,0,0,0,0,0,0,0,0,0,0,0,0,0,0,0,0,0,0,0,0,0,0,0,0,0,0,0,0,0,0
0,0,0,0,0,0,0,1,0,0,0,0,0,0,0,0,0,0,0,0,0,0,0,0,0,0,0,0,0,3,0,0,0,0,0,0,1,1,0,1,0,0,0,0,1,2,1,1,0,1,1,0,0,1,1,0,2,2,0,0,0,1,1,0,2,0,1,1,0,1,1,1,0,0,1,0,1,1,0,0,0,0,2,1,0,0,0,1,0,1,0,0,0,0,0,1,0,0,0,0,0,0,0,0,0,0,0,0,0,0,0,0,0,0,0,0,0,0,1,0,0,0,0,0,0,0,0,0,0,0,0,0,0,0,0,0,0,0,0,0,0,0,0,0,0,0,0,0,0,0,0,0,0,0,0,0,0,0,0,0,0,0,0,0,0,0,0,0,0,0,0,0,0,0,0,0,0,0,0,0,0,0,0,0,0,0,0,0,0,0,0,0,0,0,0,0,0,0,0,0
0,0,0,0,0,0,0,0,0,0,0,0,0,0,0,0,0,1,1,0,0,1,1,0,1,0,0,0,1,0,0,0,0,1,0,0,0,0,1,0,0,0,1,0,0,0,2,0,1,1,0,1,0,2,1,0,0,0,2,0,2,0,1,0,0,0,0,1,2,1,1,0,0,1,1,1,1,0,2,0,2,0,0,2,0,1,0,0,0,0,0,0,0,1,1,0,0,0,0,0,0,0,1,0,0,0,0,1,0,0,0,0,0,0,0,0,0,0,0,1,0,0,0,0,0,0,0,0,0,0,0,0,0,0,0,0,0,0,0,0,0,0,0,0,0,0,0,0,0,0,0,0,0,0,0,0,0,0,0,0,0,0,0,0,0,0,0,0,0,0,0,0,0,0,0,0,0,0,0,0,0,0,0,0,0,0,0,0,0,0,0,0,0,0,0,0,0,0,0,0
0,0,0,0,0,0,0,0,0,0,0,0,0,0,0,0,0,0,0,1,2,1,0,0,0,0,0,1,0,1,1,0,0,1,0,0,0,0,1,1,1,1,0,0,1,3,0,0,0,1,0,0,1,1,0,3,0,1,0,1,1,0,0,1,1,0,2,1,1,0,2,0,0,0,0,1,0,0,0,1,0,0,1,1,0,1,0,0,1,0,1,0,1,0,1,0,0,0,0,0,0,0,0,0,0,0,0,0,0,0,0,1,0,0,0,0,0,0,0,0,0,0,0,0,0,0,0,0,0,0,0,0,0,0,0,0,0,0,0,0,0,0,0,0,0,0,0,0,0,0,0,0,0,0,0,0,0,0,0,0,0,0,0,0,0,0,0,0,0,0,0,0,0,0,0,0,0,0,0,0,0,0,0,0,0,0,0,0,0,0,0,0,0,0,0,0,0,0,0,0
0,0,0,0,0,0,0,0,0,0,0,0,0,0,0,0,0,0,1,0,0,0,0,0,0,1,0,0,0,0,0,0,0,1,0,0,0,0,0,1,0,0,1,1,0,2,0,0,0,0,2,1,1,1,1,1,1,1,0,1,1,2,1,1,1,1,1,0,2,0,3,1,0,1,0,0,0,0,0,0,2,1,1,1,0,0,1,1,0,0,0,2,0,0,1,0,0,0,0,0,0,0,0,0,0,0,0,0,0,0,0,0,0,0,0,0,0,0,0,0,1,0,0,0,0,0,0,0,0,0,0,0,0,0,0,0,0,0,0,0,0,0,0,0,0,0,0,0,0,0,0,0,0,0,0,0,0,0,0,0,0,0,0,0,0,0,0,0,0,0,0,0,0,0,0,0,0,0,0,0,0,0,0,0,0,0,0,0,0,0,0,0,0,0,0,0,0,0,0,0
0,0,0,0,0,0,0,0,0,0,0,0,0,0,1,0,0,0,0,0,0,0,0,1,0,0,0,0,0,0,0,1,0,2,0,0,1,2,0,1,0,0,0,0,0,0,0,0,2,1,2,1,0,0,1,0,0,0,2,0,1,2,1,0,2,1,1,0,0,1,0,0,1,1,1,1,0,1,0,0,0,0,1,1,3,1,2,0,0,1,0,0,0,0,1,0,0,0,0,1,0,0,0,0,0,1,0,1,0,1,0,0,0,0,0,0,0,0,0,0,0,0,0,0,0,0,0,0,0,0,0,0,0,0,0,0,0,0,0,0,0,0,0,0,0,0,0,0,1,0,0,0,0,0,0,0,0,0,0,0,0,0,0,0,0,0,0,0,0,0,0,0,0,0,0,0,0,0,0,0,0,0,0,0,0,0,0,0,0,0,0,0,0,0,0,0,0,0,0,0
0,0,0,0,0,0,0,0,0,0,0,0,0,0,0,0,0,0,0,0,0,0,0,0,0,0,0,0,0,0,0,1,0,0,1,0,1,0,1,2,1,1,0,0,2,0,1,1,0,1,0,1,0,0,1,0,1,0,0,2,1,0,2,0,2,1,0,1,2,0,1,1,0,0,2,2,2,0,0,1,0,0,0,0,1,0,0,0,1,0,0,0,0,2,0,3,0,1,1,0,0,1,0,0,0,0,0,0,0,0,0,0,0,0,0,0,0,0,0,0,0,0,0,0,0,0,0,0,0,0,0,0,0,0,0,0,0,0,0,0,0,0,0,0,0,0,0,0,0,0,0,0,0,0,0,0,0,0,0,0,0,0,0,0,0,0,0,0,0,0,0,0,0,0,0,0,0,0,0,0,0,0,0,0,0,0,0,0,0,0,0,0,0,0,0,0,0,0,0,0
0,0,0,1,0,0,0,0,0,0,0,0,0,0,0,0,0,0,0,0,0,0,0,0,0,0,2,0,0,0,1,1,0,0,1,0,0,1,1,0,0,1,0,1,1,0,1,1,2,2,0,0,2,2,1,1,0,0,0,1,1,0,0,0,0,2,1,1,0,0,0,0,0,0,1,1,0,1,0,0,1,0,1,0,0,0,0,1,0,1,0,0,0,0,0,0,1,1,0,1,0,0,0,0,0,0,0,0,0,0,0,0,0,0,0,0,0,0,0,0,0,0,0,0,0,0,0,0,0,0,0,0,0,0,0,0,0,0,0,0,0,0,0,0,0,0,0,0,0,0,0,0,0,0,0,0,0,0,0,0,0,0,0,0,0,0,0,0,0,0,0,0,0,0,0,0,0,0,0,0,0,0,0,0,0,0,0,0,0,0,0,0,0,0,0,0,0,0,0,0
0,0,0,0,0,0,0,1,0,0,0,0,0,0,0,0,0,0,0,0,0,0,0,0,0,0,0,0,0,0,0,0,0,0,0,0,0,0,0,0,0,1,1,0,1,0,0,1,1,1,2,0,1,0,1,1,1,0,0,1,0,0,0,0,0,0,0,1,0,0,0,0,0,0,0,1,0,0,0,0,0,0,1,0,1,0,0,1,0,0,0,0,0,1,0,0,0,0,0,1,0,0,0,0,1,0,0,0,0,0,0,0,0,0,0,0,0,0,0,0,0,0,0,0,1,0,0,0,0,0,0,0,0,0,0,0,0,0,0,0,0,0,0,0,0,0,0,0,0,0,0,0,0,0,0,0,0,0,0,0,0,0,0,0,0,0,0,0,0,0,0,0,0,0,0,0,0,0,0,0,0,0,0,0,0,0,0,0,0,0,0,0,0,0,0,0,0,0,0,0
0,0,0,0,0,0,0,0,0,0,0,0,0,0,0,0,0,0,0,0,0,0,0,0,0,0,0,0,0,0,1,0,0,2,0,1,0,1,1,0,1,0,0,1,1,2,2,2,1,1,0,0,1,3,1,1,1,2,1,0,0,0,0,0,0,0,0,0,2,0,2,0,2,0,1,0,2,0,0,0,1,0,1,0,0,0,0,1,1,1,0,0,0,1,0,0,0,0,0,0,0,0,0,0,0,0,0,0,0,0,0,0,0,0,0,0,0,0,0,0,0,0,0,0,0,0,0,0,0,0,0,0,0,0,0,0,0,0,0,0,0,0,0,0,0,0,0,0,0,0,0,0,0,0,0,0,0,0,0,0,0,0,0,0,0,0,0,0,0,0,0,0,0,0,0,0,0,0,0,0,0,0,0,0,0,0,0,0,0,0,0,0,0,0,0,0,0,0,0,0
0,0,0,0,0,0,0,0,0,0,0,0,0,0,0,0,0,0,0,0,0,0,1,1,0,0,0,0,2,0,0,0,0,0,0,0,0,0,0,1,2,0,0,1,1,0,1,0,0,0,0,0,1,1,0,1,0,0,1,0,1,0,0,0,1,1,2,6,1,0,1,1,1,0,1,1,0,0,0,0,0,0,0,1,1,1,0,0,1,2,0,1,0,0,1,0,0,0,0,0,0,1,1,0,0,0,0,0,0,0,0,0,1,0,0,0,0,0,0,0,0,0,1,0,0,0,0,0,0,0,0,0,0,0,0,0,0,0,0,0,0,0,0,0,0,0,0,0,0,0,0,0,0,0,0,0,0,0,0,0,0,0,0,0,0,0,0,0,0,0,0,0,0,0,0,0,0,0,0,0,0,0,0,0,0,0,0,0,0,0,0,0,0,0,0,0,0,0,0,0
0,0,0,0,0,0,0,0,0,0,0,0,0,0,0,0,0,0,0,0,0,0,0,0,0,0,0,0,0,0,0,1,0,1,0,0,0,0,0,1,0,0,3,1,0,0,0,0,1,1,1,1,0,1,0,1,2,1,0,0,3,0,0,0,1,1,2,0,1,0,0,0,0,0,2,3,1,0,0,0,0,1,0,0,0,0,1,0,1,0,0,0,1,0,0,1,0,0,0,0,1,0,0,0,0,0,0,0,0,0,0,1,0,0,0,0,0,0,0,0,0,0,0,0,0,1,0,0,0,0,0,0,0,0,0,0,0,0,0,0,0,0,0,0,0,0,0,0,0,0,0,0,0,0,0,0,0,0,0,0,0,0,0,0,0,0,0,0,0,0,0,0,0,0,0,0,0,0,0,0,0,0,0,0,0,0,0,0,0,0,0,0,0,0,0,0,0,0,0,0
0,0,0,0,0,0,0,0,0,0,0,0,1,0,0,0,0,0,0,0,0,0,0,1,0,0,0,0,0,0,0,0,0,0,0,1,0,0,0,1,2,1,1,1,0,1,0,3,1,0,1,1,2,1,1,1,1,1,4,1,1,0,0,1,0,1,1,1,0,0,0,0,0,0,0,0,1,0,1,1,0,0,1,0,0,0,1,1,0,0,0,0,0,0,1,1,0,0,0,0,0,0,0,0,0,0,0,1,0,0,0,0,1,0,0,0,0,0,0,0,0,0,0,0,0,0,0,0,0,0,0,0,0,0,0,0,0,0,0,0,0,0,0,0,0,0,0,0,0,0,0,0,0,0,0,0,0,0,0,0,0,0,0,0,0,0,0,0,0,0,0,0,0,0,0,0,0,0,0,0,0,0,0,0,0,0,0,0,0,0,0,0,0,0,0,0,0,0,0,0
0,0,0,0,0,0,0,0,0,0,0,0,0,0,0,0,0,0,0,0,0,0,1,0,0,0,1,0,0,0,0,0,0,0,0,0,0,0,0,1,1,0,0,0,0,0,0,0,0,0,0,2,2,0,0,1,1,1,1,0,2,0,1,1,3,1,0,0,0,0,2,1,0,2,0,0,0,1,0,0,1,0,0,0,0,0,0,0,0,0,0,0,0,0,0,0,0,0,0,0,1,0,0,0,0,0,1,0,0,0,0,0,0,0,0,0,0,0,0,0,0,0,0,0,0,0,0,0,0,0,0,0,0,0,0,0,0,0,0,0,0,0,0,0,0,0,0,0,0,0,0,0,0,0,0,0,0,0,0,0,0,0,0,0,0,0,0,0,0,0,0,0,0,0,0,0,0,0,0,0,0,0,0,0,0,0,0,0,0,0,0,0,0,0,0,0,0,0,0,0
0,0,0,0,0,0,0,0,0,0,0,0,0,0,0,0,0,0,0,0,0,0,0,0,0,0,0,0,0,0,0,0,0,0,0,1,0,0,0,0,0,0,0,0,0,0,0,0,1,0,0,0,0,1,0,1,0,0,1,1,2,1,1,0,0,2,0,0,1,0,0,1,2,0,0,1,1,0,0,0,0,2,0,0,0,1,0,0,1,0,0,0,0,0,1,0,0,0,0,0,0,0,0,0,0,0,0,0,0,0,0,0,0,0,0,0,0,0,1,1,0,0,0,0,0,0,0,0,0,0,0,0,0,0,0,0,0,0,0,0,0,0,0,0,0,0,0,0,0,0,0,0,0,0,0,0,0,0,0,0,0,0,0,0,0,0,0,0,0,0,0,0,0,0,0,0,0,0,0,0,0,0,0,0,0,0,0,0,0,0,0,0,0,0,0,0,0,0,0,0
0,0,0,0,0,0,0,0,0,0,0,0,0,0,0,0,0,0,0,0,0,0,0,0,0,0,0,0,1,0,0,0,1,0,1,1,0,1,2,1,2,0,0,1,1,0,0,0,0,0,1,0,2,0,0,2,0,1,0,0,2,0,1,2,1,3,0,0,2,0,0,0,1,1,2,0,2,0,0,0,0,2,0,0,1,0,0,0,1,0,1,0,0,0,0,0,0,0,0,0,0,0,0,0,0,0,2,0,1,0,0,0,0,0,0,0,0,0,0,0,0,0,0,0,0,0,0,1,0,0,0,0,0,0,0,0,0,0,0,0,0,0,0,0,0,0,0,0,0,0,0,0,0,0,0,0,0,0,0,0,0,0,0,0,0,0,0,0,0,0,0,0,0,0,0,0,0,0,0,0,0,0,0,0,0,0,0,0,0,0,0,0,0,0,0,0,0,0,0,0
0,0,0,0,0,0,0,0,0,0,0,0,0,0,0,0,0,0,0,0,0,0,2,0,0,0,0,0,0,0,0,0,0,0,0,0,3,2,0,0,1,0,0,0,0,0,0,1,1,0,2,1,2,0,1,2,0,0,1,0,0,0,0,1,0,1,0,1,2,0,0,1,0,1,0,2,1,0,0,0,0,0,0,0,0,0,0,0,0,0,0,0,0,0,0,0,0,1,0,0,1,0,1,0,0,0,0,1,0,0,0,0,0,0,0,0,0,0,0,0,1,0,0,0,0,0,0,0,0,0,0,0,0,0,0,0,0,0,0,0,0,0,0,0,0,0,0,0,0,0,0,0,0,0,0,0,0,0,0,0,0,0,0,0,0,0,0,0,0,0,0,0,0,0,0,0,0,0,0,0,0,0,0,0,0,0,0,0,0,0,0,0,0,0,0,0,0,0,0,0
0,0,0,0,0,0,0,0,0,0,0,0,0,0,0,1,0,0,0,0,0,0,0,1,0,0,0,0,0,0,0,1,1,0,0,0,0,2,1,0,0,0,0,1,1,1,2,0,0,1,0,1,0,0,1,1,1,0,1,1,0,0,3,1,1,1,0,1,0,0,0,0,0,0,0,0,1,1,1,0,0,0,0,0,1,1,0,0,0,1,0,0,0,0,0,0,0,0,0,0,0,0,0,0,0,0,0,0,0,0,0,0,0,0,0,0,0,1,0,0,0,0,0,0,0,0,0,0,0,0,0,0,0,0,0,0,0,0,0,0,0,0,0,0,0,0,0,0,0,0,0,0,0,0,0,0,0,0,0,0,0,0,0,0,0,0,0,0,0,0,0,0,0,0,0,0,0,0,0,0,0,0,0,0,0,0,0,0,0,0,0,0,0,0,0,0,0,0,0,0
0,0,0,0,0,0,0,0,0,0,0,0,0,0,0,0,0,0,0,0,0,0,0,0,1,0,0,0,0,0,2,0,0,0,2,1,0,0,0,1,1,1,0,1,0,0,1,1,0,1,1,0,0,0,1,0,0,0,0,1,2,2,0,2,1,0,1,0,0,0,0,0,0,0,0,0,0,0,1,0,0,0,1,0,1,0,0,0,0,0,0,0,0,1,0,0,1,1,0,2,0,0,0,0,0,0,0,0,0,0,1,0,0,0,0,0,0,0,0,0,0,0,0,0,0,0,0,0,0,0,0,0,0,0,0,0,0,0,0,0,0,0,0,0,0,0,0,0,0,0,0,0,0,0,0,0,0,0,0,0,0,0,0,0,0,0,0,0,0,0,0,0,0,0,0,0,0,0,0,0,0,0,0,0,0,0,0,0,0,0,0,0,0,0,0,0,0,0,0,0
0,0,0,0,0,0,0,0,0,0,0,0,0,0,1,0,0,0,0,0,0,0,1,1,0,0,0,0,0,0,0,0,0,0,0,0,1,0,0,0,0,0,0,0,0,1,0,0,1,0,1,0,0,1,0,1,1,0,0,0,0,0,0,0,0,0,0,0,0,0,0,0,2,0,0,0,1,0,1,1,0,0,0,0,0,0,0,0,0,0,0,0,0,0,0,1,0,0,0,0,0,0,0,0,0,0,0,0,0,0,0,0,0,0,0,0,0,0,0,0,0,0,0,0,0,0,0,0,0,0,0,0,0,0,0,0,0,0,0,0,0,0,0,0,0,0,0,0,0,0,0,0,0,0,0,0,0,0,0,0,0,0,0,0,0,0,0,0,0,0,0,0,0,0,0,0,0,0,0,0,0,0,0,0,0,0,0,0,0,0,0,0,0,0,0,0,0,0,0,0
0,0,0,0,0,0,0,0,0,0,0,0,0,0,0,0,0,0,0,0,0,0,0,0,0,0,0,0,0,2,0,0,0,0,1,0,1,0,0,1,1,0,1,0,1,1,1,0,1,0,1,0,0,1,0,0,0,0,1,1,0,0,0,0,1,0,0,1,0,0,1,0,0,0,0,0,0,0,2,0,1,0,0,1,0,0,0,0,1,1,2,0,0,0,0,0,0,0,0,0,0,0,0,0,0,0,1,0,0,0,1,0,0,0,0,0,0,0,0,0,1,0,0,0,0,0,0,0,0,0,0,0,0,0,0,0,0,0,0,0,0,0,0,0,0,0,0,0,0,0,0,0,0,0,0,0,0,0,0,0,0,0,0,0,0,0,0,0,0,0,0,0,0,0,0,0,0,0,0,0,0,0,0,0,0,0,0,0,0,0,0,0,0,0,0,0,0,0,0,0
