5,5,6,5,1,7,5,10,22,16,17,14,11,22,19,33,21,33,47,58,55,61,67,74,72,84,79,87,98,108,96,132,169,189,167,175,179,246,312,280,284,288,360,340,435,433,489,524,488,499,543,606,709,628,708,728,769,801,841,815,932,897,1013,1016,1080,1105,1194,1103,1159,1120,1191,1352,1247,1279,1363,1376,1334,1353,1330,1302,1327,1344,1281,1279,1314,1331,1161,1304,1257,1234,1140,1156,1233,1161,1105,1065,1089,1193,970,968,904,922,877,813,821,764,727,769,639,597,621,607,581,512,492,461,401,407,406,306,404,318,318,273,261,260,205,210,220,173,169,170,143,137,104,151,99,95,85,86,62,51,60,75,52,49,34,25,24,30,16,21,19,23,10,7,2,9,5,7,8,5,3,6,3,4,3,1,3,0,0,1,0,0,1,0,1,0,1,0,0,0,0,0,1,0,0,0,0,0,0,0,0,0,0,0,0,0,0,0
8,3,4,2,6,9,6,18,24,12,17,15,13,20,25,31,22,34,43,57,40,77,95,99,80,100,91,99,142,166,152,197,193,268,219,239,248,264,375,340,346,314,435,431,553,527,541,626,635,653,624,736,818,805,813,838,842,990,1016,985,1008,1066,1047,1170,1214,1245,1308,1287,1210,1192,1224,1292,1269,1247,1324,1391,1303,1360,1262,1232,1291,1171,1186,1128,1233,1229,1139,1158,1167,1083,1024,912,1012,1015,925,914,896,905,779,784,785,735,689,619,647,605,597,578,470,455,520,418,410,374,401,379,345,329,317,242,282,232,206,190,199,196,183,179,147,146,136,135,114,111,63,94,101,74,58,64,62,28,51,42,36,26,40,16,12,18,15,15,10,14,5,8,2,9,12,4,8,1,3,4,4,3,0,1,1,0,0,3,0,0,1,0,0,0,0,0,0,0,0,0,2,0,0,0,0,0,0,0,0,0,0,0,0,0,0,0
9,11,4,4,7,9,10,16,28,24,18,23,16,23,18,43,39,55,59,61,62,74,92,109,95,104,120,136,124,169,173,179,273,297,266,261,272,316,418,389,402,402,481,533,604,591,675,717,706,762,766,783,932,748,877,938,976,1004,1209,1050,1148,1141,1158,1143,1134,1311,1307,1286,1244,1231,1236,1329,1281,1282,1341,1294,1350,1285,1224,1229,1264,1198,1102,1096,1175,1174,997,1074,1065,1029,923,892,942,868,814,795,779,802,686,699,598,604,599,534,578,507,561,449,401,393,382,363,358,296,339,321,246,249,247,189,235,203,204,164,151,181,143,132,132,113,80,91,91,96,87,77,86,61,57,42,29,32,45,29,30,36,28,19,13,11,22,18,6,7,8,8,3,3,3,1,9,3,0,9,1,3,0,1,2,0,0,1,0,0,0,0,1,0,2,0,0,0,0,0,0,0,0,0,0,0,0,0,0,0,0,0,0,0,0,0
3,7,9,3,6,6,7,14,31,26,17,21,27,31,24,54,42,45,67,71,65,84,95,140,95,142,122,141,172,177,184,203,269,368,300,253,318,357,445,443,462,466,560,531,634,664,696,716,809,745,797,832,926,898,942,1049,946,1067,1127,1031,1171,1147,1149,1202,1218,1299,1279,1252,1231,1233,1207,1368,1189,1254,1299,1359,1271,1214,1189,1186,1165,1107,1047,1009,1051,1122,924,1029,975,878,906,757,865,789,750,692,669,708,655,664,580,561,536,484,488,445,419,432,370,300,339,284,303,268,267,243,223,220,207,153,196,167,169,168,130,127,138,114,100,99,86,95,80,74,69,75,73,45,36,48,34,24,45,25,27,25,27,11,13,12,17,17,10,12,4,5,2,8,8,0,5,1,2,9,5,5,0,3,1,0,0,0,0,0,1,0,1,0,2,0,0,0,0,0,1,0,0,0,0,0,0,0,0,0,0,0,0,0,0,0
6,12,7,1,4,15,7,17,55,15,26,20,31,33,22,38,44,53,60,81,59,98,152,138,149,144,111,160,172,190,233,237,283,360,350,310,321,352,476,474,468,462,570,557,660,674,779,792,783,846,824,856,1047,907,993,1009,1036,1124,1144,1131,1215,1173,1171,1207,1215,1182,1388,1261,1218,1193,1121,1307,1186,1244,1188,1185,1274,1201,1143,1136,1132,1017,1010,928,1041,1003,930,952,876,817,884,725,827,704,654,672,616,615,522,521,525,495,516,484,428,358,382,357,326,331,327,300,283,236,260,226,192,220,173,141,171,139,130,132,103,125,113,99,104,94,76,78,64,69,51,50,58,44,36,42,19,19,39,19,26,25,13,15,15,19,18,8,4,12,7,4,1,5,2,4,6,3,1,3,2,0,1,3,0,0,0,1,0,0,0,0,0,0,0,0,0,0,0,0,1,0,0,0,0,0,0,0,0,0,0,0,0,0,0,0
8,8,9,0,10,6,10,24,42,30,20,23,21,33,33,43,39,52,77,75,76,112,130,143,145,141,124,162,182,233,222,255,290,404,355,275,350,400,562,491,540,526,573,591,702,712,822,891,810,854,801,872,990,940,1059,980,1067,1042,1164,1095,1138,1147,1134,1125,1223,1244,1337,1252,1222,1247,1195,1286,1183,1112,1154,1322,1236,1137,1050,1061,1011,988,910,885,961,913,826,859,875,764,736,667,689,638,627,643,583,603,510,508,500,426,445,344,404,318,326,345,295,278,264,226,223,182,203,228,172,174,160,105,154,144,112,117,103,90,121,97,83,87,67,73,62,58,55,56,57,42,23,39,14,16,23,23,24,14,24,13,6,8,16,12,6,12,2,6,5,3,4,0,3,4,0,1,6,1,0,0,1,0,0,2,0,0,0,0,0,0,0,0,0,0,0,0,0,0,0,0,0,0,0,0,0,0,0,0,0,0,0,0
10,5,6,1,6,11,6,19,36,26,19,29,28,35,41,51,36,66,80,79,77,103,141,167,152,181,128,168,200,220,282,287,344,409,359,287,364,438,580,450,512,544,587,580,685,733,832,837,824,886,878,929,997,949,1004,990,1036,1093,1099,1123,1148,1185,1169,1172,1222,1285,1334,1204,1166,1164,1101,1226,1094,1134,1138,1223,1140,1089,1015,962,988,900,838,766,910,860,766,828,737,684,673,577,660,605,569,530,523,474,470,464,391,370,429,338,325,306,295,295,267,235,263,220,224,189,181,191,133,165,154,129,131,126,114,112,95,90,92,80,88,69,59,59,65,55,38,42,45,49,26,33,26,17,25,12,21,18,15,11,1,9,11,14,5,7,1,8,0,4,6,4,3,1,2,7,2,3,2,2,1,0,0,0,0,0,1,0,2,0,0,0,0,0,0,0,1,0,0,0,0,0,0,0,0,0,0,0,0,0,0,0
11,16,7,2,7,11,15,19,33,24,26,32,32,47,28,62,65,66,78,105,84,120,142,170,139,166,154,163,227,248,263,251,324,409,347,312,374,417,599,483,530,532,658,628,714,823,886,839,865,850,827,926,1030,986,995,994,1068,1043,1083,1066,1183,1128,1146,1155,1159,1254,1300,1161,1185,1176,1114,1135,1092,1097,1060,1108,1072,957,944,986,957,874,825,759,829,844,733,746,725,675,621,577,616,588,482,516,480,484,408,431,361,382,312,347,310,295,298,263,232,222,236,194,190,187,152,183,138,142,129,115,144,118,93,113,88,84,83,70,65,76,54,48,56,46,45,56,44,28,17,26,23,12,20,16,16,18,28,5,6,8,10,10,4,6,3,2,1,4,5,2,4,0,2,4,2,3,0,1,2,0,0,0,0,0,0,0,2,0,1,0,0,0,0,0,3,0,0,0,0,0,0,0,0,0,0,0,0,0,0,0
10,8,8,5,6,15,6,19,53,19,27,30,40,54,26,57,53,70,81,95,82,128,151,212,149,179,144,177,188,251,274,253,349,443,404,337,381,436,610,463,539,518,688,631,726,743,868,925,859,891,859,875,1031,960,1011,981,1048,1102,1218,1052,1174,1143,1129,1041,1157,1211,1299,1129,1126,1171,1027,1158,1049,1047,1123,1127,1024,1027,932,934,917,849,771,750,780,784,652,715,683,604,589,550,585,519,456,497,471,467,372,371,352,331,353,277,303,266,282,227,201,211,222,183,181,139,159,154,117,135,149,96,113,94,98,85,79,68,60,61,68,52,45,47,46,46,37,31,37,40,17,28,24,12,15,27,19,9,14,5,10,3,6,8,2,10,2,6,2,3,5,1,0,0,0,0,1,1,1,3,0,0,0,1,0,0,1,0,0,0,1,0,0,0,0,0,2,0,0,0,0,0,0,0,0,0,0,0,0,0,0,0
7,13,5,1,8,15,10,20,52,23,38,24,25,39,40,54,58,66,91,93,94,140,182,155,179,160,145,173,200,263,246,284,362,441,390,332,442,436,571,544,536,540,669,595,710,782,851,888,790,937,885,943,1036,924,994,1102,978,1048,1132,1037,1197,1169,1077,1115,1174,1208,1223,1131,1089,1101,1026,1139,968,1046,1011,1088,991,927,890,832,811,766,765,695,711,713,655,637,636,551,580,487,583,501,429,452,411,404,368,369,314,321,310,267,292,249,255,231,221,171,217,139,147,132,161,139,111,141,95,79,88,82,89,104,64,80,73,66,69,58,36,47,49,38,27,39,32,33,24,26,16,15,15,17,19,18,15,10,5,5,15,7,5,6,8,2,1,4,2,0,2,2,1,3,2,0,0,1,0,0,0,0,0,0,1,0,2,0,0,0,0,0,0,0,0,0,0,0,0,0,0,0,0,0,0,0,0,0,0,0
6,12,11,0,10,19,13,16,38,18,31,35,43,46,25,70,62,78,85,80,108,132,167,173,148,176,152,169,233,243,254,278,350,496,402,365,431,469,608,548,531,571,656,622,709,791,862,917,890,890,894,910,1049,874,989,1000,1011,1047,1165,976,1174,1153,1094,1060,1116,1184,1204,1125,1095,1060,976,1067,970,927,956,1025,960,896,879,840,801,818,705,640,692,707,652,655,568,553,531,469,509,424,435,400,399,357,321,317,304,271,299,241,250,222,238,210,190,206,183,146,136,150,142,126,123,124,100,75,90,74,81,78,69,62,68,50,64,45,30,46,34,32,29,47,41,18,20,25,19,10,16,15,13,7,11,8,6,4,5,8,2,5,2,4,0,2,8,0,2,1,2,5,1,1,2,3,0,0,0,1,0,0,1,0,0,0,0,0,0,0,0,0,1,0,0,0,0,0,0,0,0,0,0,0,0,0,0,0
11,8,9,1,8,12,6,20,60,24,40,25,26,54,27,59,79,68,83,96,95,123,181,180,181,172,139,199,228,263,276,291,340,466,392,339,415,457,629,483,527,543,652,640,726,785,891,853,847,839,901,889,1060,958,1013,988,1020,1077,1073,991,1127,1186,984,1052,1064,1147,1079,1093,988,1042,978,990,962,881,966,970,898,802,810,759,708,712,652,623,649,658,551,604,544,529,504,432,514,466,375,401,380,356,311,310,292,281,288,237,239,206,209,205,187,169,179,134,157,140,133,130,105,94,85,93,97,94,69,92,58,62,58,54,58,45,44,50,25,37,34,33,39,33,19,26,17,9,17,11,14,11,13,3,3,6,8,10,5,6,2,7,1,5,4,1,1,0,0,2,2,2,0,1,1,0,0,1,0,0,0,0,0,0,0,0,0,0,0,0,1,0,0,0,0,0,0,0,0,0,0,0,0,0,0,0
13,9,15,1,7,17,12,18,56,22,26,20,51,49,21,49,56,66,115,116,108,153,183,204,174,187,142,168,231,258,293,299,343,479,416,341,419,435,632,523,494,541,606,690,759,774,856,867,902,952,859,923,1022,925,973,963,984,1043,1063,978,1090,1084,1013,1018,1148,1103,1040,1061,1036,922,977,1027,871,896,909,903,863,828,727,802,715,738,656,566,663,653,545,559,514,453,471,393,451,399,342,356,332,348,301,291,269,266,267,211,232,187,204,179,163,154,150,111,126,107,132,114,116,108,84,66,97,65,83,85,49,52,57,36,50,45,41,36,32,48,33,32,34,22,23,16,27,12,14,12,12,9,14,10,9,4,10,13,1,2,3,4,2,2,5,0,1,3,4,0,2,0,0,2,0,0,0,1,0,0,0,0,0,0,0,0,0,0,0,0,1,0,0,0,0,0,0,0,0,0,0,0,0,0,0,0
12,11,3,1,6,14,9,20,52,24,30,30,36,41,31,69,49,74,84,110,111,140,170,170,180,192,156,174,244,283,283,279,325,469,426,372,388,466,595,491,518,588,682,610,712,824,844,850,815,870,862,878,1033,938,963,1030,985,1077,1059,977,1028,1045,1026,1050,1071,1096,1106,974,1004,941,917,941,890,893,892,946,874,777,735,700,727,651,602,542,597,597,526,512,490,425,456,373,439,351,371,366,364,347,264,288,273,251,261,213,191,178,199,161,143,144,168,122,109,110,116,105,107,91,87,65,90,62,58,62,70,64,52,46,45,33,39,29,29,38,26,33,30,19,13,22,11,8,16,13,16,13,16,5,2,4,8,10,0,6,4,7,3,4,2,0,3,1,0,0,2,0,1,2,0,0,0,1,0,0,0,0,0,0,0,0,0,0,0,0,1,0,0,0,0,0,0,0,0,0,0,0,0,0,0,0
7,10,10,7,9,13,8,24,62,29,34,24,50,45,37,65,63,81,87,132,107,134,163,160,172,189,187,194,249,268,306,293,371,442,416,347,406,484,623,530,554,531,593,615,701,823,838,868,866,866,842,886,985,952,970,936,985,998,1055,952,1016,1047,946,924,984,1069,1049,981,958,855,855,985,829,855,840,879,786,741,753,711,664,628,616,541,598,621,480,479,476,441,432,354,405,362,310,317,308,307,256,268,221,232,228,197,170,171,172,172,151,116,155,125,118,82,108,100,68,96,62,64,77,79,57,60,53,49,43,44,41,40,27,43,22,30,27,34,15,26,12,16,13,10,19,11,12,14,9,7,8,9,6,9,2,3,1,1,1,3,7,1,1,0,1,4,2,1,2,2,0,0,0,2,0,0,0,0,0,0,0,0,0,0,0,0,0,0,0,0,0,0,0,0,0,0,0,0,0,0,0,0
11,15,6,5,7,18,10,21,62,30,32,35,37,48,31,72,65,85,98,90,94,144,194,171,165,173,173,219,217,291,308,262,366,496,417,309,400,480,616,521,507,594,598,600,694,814,901,846,796,822,806,856,958,867,977,919,948,991,1004,971,962,1018,948,959,896,971,987,981,879,911,884,922,808,825,785,817,753,707,684,659,622,619,564,470,567,566,476,461,503,400,387,344,371,383,299,342,305,321,223,230,242,195,213,193,191,164,132,147,149,124,157,92,125,105,111,117,75,73,68,66,63,90,64,55,49,42,52,30,39,40,20,30,27,35,23,32,20,12,16,17,8,10,14,9,10,9,16,6,4,8,3,5,3,2,2,7,1,3,1,0,0,0,0,2,1,1,0,2,0,0,0,0,0,0,0,0,0,0,0,0,0,0,0,0,2,0,0,0,0,0,0,0,0,0,0,0,0,0,0,0
11,14,13,3,9,14,10,22,54,28,29,42,33,50,42,79,63,72,98,123,106,133,158,173,159,181,168,208,245,280,301,272,362,464,367,344,381,478,604,498,573,578,694,630,756,726,804,808,814,824,786,846,989,844,944,892,930,963,966,885,991,1013,982,868,980,977,971,933,926,831,864,857,804,809,827,777,774,668,713,605,614,599,536,479,503,549,427,454,428,402,369,344,375,335,293,307,282,246,212,220,218,203,185,177,172,169,172,152,146,112,135,94,90,106,81,91,79,77,69,55,73,64,55,51,48,41,46,34,38,39,37,30,24,24,21,18,23,24,14,10,11,15,13,4,13,8,5,5,5,10,3,8,2,3,2,0,0,4,4,0,0,3,1,4,2,0,0,2,0,0,0,3,0,0,0,0,0,0,0,0,0,0,0,0,0,0,0,0,0,0,0,0,0,0,0,0,0,0,0,0
17,6,15,2,11,18,6,35,70,29,38,28,41,47,37,65,66,71,76,109,103,144,168,177,166,176,175,183,218,251,280,312,379,432,390,368,394,457,588,516,531,569,648,587,669,791,818,879,837,768,831,841,968,851,932,929,969,909,955,919,959,915,940,901,930,977,960,892,886,904,794,819,750,789,734,767,700,702,625,632,572,628,507,455,496,457,427,400,418,377,336,298,351,303,298,286,265,263,218,252,192,186,176,174,167,154,144,135,152,118,114,96,104,80,77,92,68,65,53,42,51,48,56,54,51,41,35,38,45,34,25,22,28,25,16,31,14,22,17,16,11,7,17,12,12,10,11,5,2,3,13,5,1,1,1,2,0,2,1,1,2,0,2,3,0,1,0,0,1,0,0,1,0,0,2,0,0,0,0,0,0,0,0,0,0,0,0,0,0,0,0,0,0,0,0,0,0,0,0,0
9,12,16,2,9,15,8,21,67,28,32,36,37,53,36,59,56,75,102,117,106,141,193,176,168,184,163,209,219,265,290,280,391,463,369,364,392,489,590,537,511,524,638,608,719,724,852,846,806,806,780,718,909,859,884,869,909,914,973,858,966,880,854,962,854,944,957,847,826,849,759,775,722,708,777,784,659,623,624,591,572,538,486,403,474,488,434,434,385,384,343,312,336,289,293,268,275,239,186,192,190,195,190,142,154,141,146,128,133,109,113,88,94,88,95,80,71,61,61,53,68,58,41,54,42,27,50,33,43,30,26,24,26,22,21,20,18,17,5,16,7,6,15,8,7,4,9,4,3,7,4,5,1,3,1,2,0,4,2,0,1,2,1,3,1,0,1,2,0,0,0,0,0,0,0,0,2,0,0,0,0,0,0,0,1,0,0,0,0,0,0,0,0,0,0,0,0,0,0,0
10,10,17,4,11,18,11,26,62,17,23,33,41,53,37,67,59,71,111,109,108,137,169,182,169,187,157,211,252,269,303,284,319,460,396,359,443,489,572,490,610,509,603,608,664,757,781,781,752,763,761,810,923,841,824,882,916,927,897,865,918,930,880,868,931,934,914,828,821,808,752,774,648,689,740,729,633,601,586,567,567,523,475,425,460,434,394,398,369,344,354,310,317,293,264,244,245,214,190,202,165,177,170,137,152,123,141,116,126,106,110,94,110,83,103,78,65,55,50,41,48,54,55,38,43,35,44,41,28,35,29,15,17,16,17,29,19,17,22,10,11,13,9,7,11,11,9,1,2,8,1,5,1,1,1,4,0,0,3,0,2,0,0,4,0,1,0,0,0,0,0,1,0,0,0,0,0,0,0,0,0,0,0,0,0,0,0,0,0,0,0,0,0,0,0,0,0,0,0,0
12,10,9,3,14,13,7,19,48,25,30,29,38,51,38,61,53,65,87,107,110,142,169,176,184,215,145,201,234,274,284,264,327,455,375,364,403,454,574,462,493,507,611,591,691,729,796,774,764,833,766,811,875,771,846,797,870,863,920,811,933,871,873,892,906,854,856,847,748,769,698,762,680,722,689,695,654,593,572,555,490,509,463,386,441,397,362,399,384,321,307,285,320,272,264,233,239,209,192,200,175,172,168,152,125,141,124,112,125,109,100,68,82,70,73,59,60,73,48,48,60,46,42,40,40,27,29,28,41,32,21,20,18,21,19,25,20,15,19,12,12,3,10,7,12,4,3,7,4,5,1,6,0,1,0,3,1,3,2,0,1,0,0,0,4,0,0,0,0,0,0,0,0,0,0,0,0,0,0,0,0,0,0,0,1,0,0,0,0,0,0,0,0,0,0,0,0,0,0,0
8,13,8,1,11,14,8,29,50,26,32,29,31,32,38,61,58,78,101,98,108,132,177,197,157,179,158,219,240,265,288,304,322,474,401,308,382,494,607,502,522,510,591,578,692,755,803,806,777,841,707,758,868,794,855,838,848,857,916,830,858,870,804,771,849,838,831,860,730,749,621,754,659,610,644,655,652,566,521,542,485,444,407,404,423,430,336,364,324,319,289,256,296,283,229,249,203,239,163,204,179,148,158,134,132,110,131,116,108,79,105,82,74,72,75,62,54,73,53,31,54,56,50,43,35,26,27,18,33,32,24,18,23,30,11,26,18,16,16,13,11,9,10,4,16,7,4,2,4,7,7,5,0,2,0,4,1,1,3,0,0,2,2,1,1,1,0,0,0,0,0,0,0,0,0,0,1,0,0,0,0,0,0,0,1,0,0,0,0,0,0,0,0,0,0,0,0,0,0,0
10,9,14,4,8,12,6,30,63,26,31,33,43,36,30,78,47,78,97,115,91,111,181,183,207,167,164,217,227,266,244,313,364,457,362,346,400,510,611,497,533,524,571,581,666,701,763,775,718,747,756,763,859,774,822,818,818,843,854,796,873,929,820,804,805,825,848,730,729,716,631,712,614,656,628,613,590,546,533,508,529,468,444,357,421,407,348,346,320,311,297,280,268,252,216,217,233,201,143,165,161,152,133,117,151,98,126,116,95,84,74,73,55,70,78,73,69,53,68,35,50,39,30,41,38,37,25,22,21,34,26,20,20,31,20,12,14,23,8,10,6,5,14,9,4,4,6,6,3,4,5,3,1,2,2,1,1,2,1,0,1,1,0,2,1,0,0,1,0,0,0,1,0,0,0,0,1,0,0,0,0,0,0,0,0,0,0,0,0,0,0,0,0,0,0,0,0,0,0,0
7,10,26,1,11,20,7,26,56,27,24,35,44,47,28,65,60,77,91,105,97,148,178,176,175,166,175,202,238,276,288,302,353,464,366,348,389,460,526,474,557,484,625,518,621,692,773,796,750,722,757,726,829,768,813,797,806,832,883,801,823,768,829,792,759,858,783,704,745,726,637,681,618,644,617,556,563,519,493,458,496,432,412,344,419,410,331,335,300,313,293,217,272,239,202,220,182,202,150,171,144,143,148,107,119,104,128,104,122,92,113,55,56,59,69,71,59,56,41,35,62,46,39,33,35,37,34,24,40,24,19,19,17,16,16,14,26,12,12,8,6,9,6,6,3,8,4,4,1,5,5,2,0,1,1,1,0,0,0,0,1,1,1,3,1,0,0,1,0,0,0,0,0,0,0,0,1,0,0,0,0,0,0,0,2,0,0,0,0,0,0,0,0,0,0,0,0,0,0,0
7,7,9,2,6,13,9,40,57,23,24,35,32,47,41,67,57,65,87,103,131,134,178,186,166,186,190,210,224,281,268,310,343,430,357,356,364,422,538,461,483,476,594,561,659,692,749,786,704,740,700,713,848,752,768,760,765,743,864,763,791,810,756,732,765,751,784,720,684,648,588,668,627,600,578,577,533,479,488,418,442,426,402,314,388,402,348,339,281,277,282,235,251,241,224,205,160,164,164,153,146,116,155,106,141,108,104,92,88,77,82,70,71,54,51,48,32,44,35,35,42,48,39,39,35,36,37,20,27,29,24,20,17,13,15,15,14,18,7,13,9,8,9,2,11,2,9,3,1,5,6,3,0,4,1,2,1,0,1,1,0,0,0,1,0,1,0,0,0,0,0,0,0,0,0,0,0,0,0,0,0,0,0,0,0,0,0,0,0,0,0,0,0,0,0,0,0,0,0,0
5,13,14,2,16,18,12,22,50,21,30,35,38,56,35,49,76,71,100,89,89,117,176,193,149,172,180,184,222,273,267,245,336,452,380,332,341,434,612,480,501,495,600,493,626,660,689,730,738,735,760,697,768,666,769,755,747,779,840,708,756,782,774,686,722,699,732,740,674,657,579,658,561,555,562,567,520,549,471,466,405,416,394,306,338,340,294,321,262,258,251,201,245,224,203,195,191,186,135,163,132,117,134,108,121,110,113,107,78,72,103,53,60,51,59,59,48,51,37,27,32,48,29,43,30,27,20,24,25,28,19,19,13,24,17,14,16,15,10,12,8,5,4,7,9,3,6,3,2,8,3,4,1,1,0,1,1,0,0,1,0,0,0,2,3,0,0,2,0,0,0,0,0,0,0,0,0,0,0,0,0,0,0,0,0,0,0,0,0,0,0,0,0,0,0,0,0,0,0,0
6,5,18,1,6,18,9,30,62,18,35,22,38,38,37,62,53,77,106,110,79,126,167,195,166,185,133,164,238,275,303,260,335,448,358,370,341,408,510,451,447,477,556,531,600,625,703,739,683,745,637,700,807,782,737,782,790,750,779,685,755,715,746,705,723,730,683,693,620,614,552,632,592,558,560,557,534,477,459,436,427,367,334,306,295,350,270,311,258,247,267,227,236,228,185,214,179,179,143,150,138,123,128,104,117,91,99,96,82,90,73,53,55,52,55,66,40,43,43,28,50,31,36,41,26,19,32,19,18,25,14,15,11,20,14,12,9,19,5,5,5,7,5,2,5,6,6,4,1,5,6,2,0,0,1,3,0,2,0,0,0,0,0,3,0,0,1,0,0,0,0,0,0,0,0,0,1,0,0,0,0,0,0,0,1,0,0,0,0,0,0,0,0,0,0,0,0,0,0,0
7,9,16,1,7,18,9,30,51,24,25,27,39,45,33,70,63,84,99,93,91,161,179,190,153,166,132,172,207,254,280,249,352,412,321,301,329,387,520,425,498,474,526,553,630,715,720,732,675,698,659,659,771,722,739,723,748,764,771,689,731,763,697,732,700,718,729,614,616,605,560,595,542,519,492,571,486,457,412,400,396,376,367,316,333,352,274,282,252,240,243,196,219,192,153,211,155,178,124,121,123,107,116,97,109,74,97,62,89,90,82,52,50,49,49,46,48,47,38,36,42,42,25,40,34,22,22,17,24,22,13,12,14,31,14,19,10,9,5,11,6,5,5,3,5,2,4,7,1,3,3,6,0,1,3,2,1,1,3,0,1,0,0,2,0,2,0,0,0,0,0,1,0,0,0,0,0,0,0,0,0,0,0,0,0,0,0,0,0,0,0,0,0,0,0,0,0,0,0,0
11,10,11,4,5,20,4,27,52,26,33,32,38,38,22,76,66,93,95,106,79,132,139,187,136,163,148,180,230,252,278,257,342,405,373,332,321,413,506,446,428,499,505,493,665,641,700,696,688,696,668,657,721,679,714,672,704,702,741,645,761,700,705,671,647,655,705,576,605,630,563,534,553,487,486,496,457,432,419,386,394,365,335,292,320,316,254,289,255,235,220,186,184,208,181,185,172,188,140,120,115,125,110,87,95,73,84,77,75,67,61,53,50,49,45,46,46,35,34,23,39,31,27,45,19,24,26,18,27,26,13,17,13,19,12,14,15,18,9,7,3,9,3,3,5,6,6,6,2,1,1,2,0,0,1,1,0,3,3,0,1,0,0,2,0,0,0,1,0,0,0,0,0,0,0,0,0,0,0,0,0,0,0,0,0,0,0,0,0,0,0,0,0,0,0,0,0,0,0,0
4,8,13,1,6,17,4,28,57,22,30,24,36,40,32,69,47,89,88,88,99,128,165,196,176,167,187,189,208,250,273,226,328,409,306,277,352,404,525,419,451,462,572,498,594,625,729,674,699,684,638,668,703,636,660,719,670,774,737,692,685,701,648,670,651,631,638,631,584,586,534,599,521,507,460,489,429,390,394,377,349,357,314,271,295,291,258,287,247,244,183,171,206,169,154,168,152,162,115,122,98,101,103,90,99,89,76,69,72,56,71,62,59,47,49,57,43,30,43,24,42,28,37,32,25,18,23,24,28,19,16,11,9,21,10,13,19,16,7,11,7,12,5,4,6,8,11,9,2,0,4,3,1,0,1,1,0,2,2,0,0,0,0,1,2,0,0,1,0,0,0,0,0,0,0,0,0,0,0,0,0,0,0,0,1,0,0,0,0,0,0,0,0,0,0,0,0,0,0,0
9,8,13,1,7,15,9,24,60,11,29,25,30,33,30,66,63,72,89,97,99,117,135,173,161,157,135,182,224,246,230,303,291,411,362,315,382,378,511,405,432,463,529,511,538,639,708,720,657,655,632,672,721,643,698,684,715,675,749,618,735,721,634,633,678,668,632,575,580,578,493,523,461,454,507,506,415,388,399,386,354,306,277,251,295,297,249,298,223,191,205,171,186,188,139,173,135,135,129,123,120,101,108,91,79,73,78,77,80,55,66,51,43,48,43,49,39,31,28,34,47,29,27,28,23,24,14,15,16,17,19,11,15,17,7,5,13,8,5,3,7,7,10,4,4,2,2,2,2,3,1,2,0,1,0,2,0,1,5,0,1,0,0,0,1,0,0,0,0,0,0,0,0,0,0,0,2,0,0,0,0,0,0,0,1,0,0,0,0,0,0,0,0,0,0,0,0,0,0,0
11,14,6,2,13,18,9,15,54,23,17,33,36,43,41,75,54,77,105,97,97,128,139,161,139,192,151,181,203,234,269,273,287,424,322,297,334,394,496,427,423,464,521,471,557,609,671,632,628,696,660,626,683,626,702,657,666,676,674,647,659,685,586,582,592,641,660,569,495,541,523,534,465,446,436,464,406,412,357,376,333,305,308,271,250,278,230,243,242,187,197,181,184,158,153,166,120,149,107,117,98,98,110,100,93,64,69,93,67,60,69,55,54,30,45,39,48,32,22,19,23,24,32,21,23,26,21,21,19,14,16,14,16,12,7,9,19,12,3,3,3,5,13,4,1,3,3,5,0,1,1,1,0,0,0,0,0,2,0,0,1,0,0,4,1,1,1,0,0,0,0,1,0,0,0,0,0,0,0,0,0,0,0,0,1,0,0,0,0,0,0,0,0,0,0,0,0,0,0,0
5,13,9,3,10,13,10,27,55,22,22,43,47,36,40,71,48,79,78,87,100,128,147,167,162,170,139,166,226,241,252,245,309,397,307,318,296,380,519,460,443,468,534,503,530,600,671,629,630,617,601,702,650,579,683,660,672,635,620,591,638,647,589,623,657,654,576,547,547,494,491,556,456,452,463,464,415,388,386,332,302,313,271,247,284,262,236,217,233,194,195,166,172,153,139,123,152,149,98,107,102,119,99,100,66,85,98,69,58,52,75,47,43,43,47,33,37,32,29,23,33,28,22,31,29,16,15,13,21,18,14,11,17,8,10,15,14,6,16,7,6,4,4,7,7,1,6,3,2,4,1,3,2,1,0,1,0,2,0,0,1,0,0,1,1,0,0,1,0,0,0,0,0,0,0,0,0,0,0,0,0,0,0,0,0,0,0,0,0,0,0,0,0,0,0,0,0,0,0,0
9,11,17,1,5,16,10,27,49,19,23,38,38,39,31,71,52,79,87,116,112,100,144,160,193,141,119,183,202,267,234,241,297,377,329,327,309,388,487,483,417,433,514,494,534,604,613,610,618,627,603,582,677,586,613,650,624,649,638,636,615,606,575,630,579,598,547,519,552,535,473,500,473,405,402,442,389,352,354,356,321,311,268,236,274,270,211,243,199,203,182,161,149,142,120,142,128,132,90,111,95,88,99,78,82,60,80,66,50,55,59,52,50,40,32,49,41,39,30,17,29,33,22,19,21,13,15,18,20,20,10,18,7,15,11,8,9,12,3,3,4,5,8,5,5,2,12,6,0,2,2,1,0,0,1,2,0,2,1,0,1,0,0,4,1,0,1,1,0,0,0,0,0,0,0,0,0,0,0,0,0,0,0,0,0,0,0,0,0,0,0,0,0,0,0,0,0,0,0,0
5,9,16,1,5,23,5,28,52,19,16,26,36,47,27,50,72,64,81,93,74,101,153,160,179,158,172,171,211,242,207,261,300,381,319,271,327,396,462,400,410,421,490,470,506,557,596,587,617,605,542,553,632,555,627,615,604,648,581,654,587,626,531,568,581,565,544,554,537,482,460,477,396,429,437,393,396,343,334,331,288,283,276,234,263,241,195,219,210,195,157,142,194,163,127,124,119,106,94,96,93,90,102,70,80,44,81,59,58,55,52,34,29,38,39,28,28,26,27,22,32,21,29,22,23,27,28,20,18,14,18,9,12,17,11,11,10,9,6,4,6,7,10,1,6,1,5,2,1,4,1,3,1,0,0,0,0,2,2,0,1,0,0,1,1,0,0,1,0,0,0,0,0,0,0,0,0,0,0,0,0,0,0,0,0,0,0,0,0,0,0,0,0,0,0,0,0,0,0,0
9,16,11,4,16,12,10,23,57,25,18,31,44,40,17,47,43,80,99,94,76,131,135,172,128,158,143,162,199,231,218,233,305,365,335,304,311,370,453,391,392,419,461,460,509,525,585,605,628,628,584,573,650,586,589,585,573,630,607,550,600,591,525,528,551,543,492,490,492,463,454,470,427,414,433,405,360,304,345,310,269,293,250,220,222,242,193,210,183,168,150,156,142,140,133,129,129,118,98,93,86,75,87,80,72,65,70,67,48,47,51,41,44,39,37,29,40,25,31,25,20,17,20,19,17,15,19,20,26,11,7,10,11,13,6,12,13,6,2,9,4,2,4,3,5,5,5,3,0,5,1,1,0,0,1,2,0,3,1,0,0,0,0,2,0,0,1,0,0,0,0,0,0,0,0,0,0,0,0,0,0,0,0,0,0,0,0,0,0,0,0,0,0,0,0,0,0,0,0,0
8,16,11,1,4,12,8,22,42,24,30,26,38,35,36,56,51,67,86,94,99,116,123,141,156,160,145,169,181,198,229,255,328,367,302,282,288,384,447,391,397,413,477,466,471,528,575,596,533,582,522,566,654,590,534,558,613,609,606,557,631,578,561,522,548,531,538,506,470,433,439,423,405,407,394,388,365,323,332,275,268,277,260,205,257,227,192,197,163,162,172,154,147,150,132,128,116,110,86,104,82,63,84,76,79,61,61,73,65,48,48,36,35,29,37,30,41,35,24,21,22,26,29,16,17,18,12,21,16,14,11,13,7,15,9,6,14,9,3,6,4,6,4,0,4,1,2,3,2,3,2,4,0,0,0,0,0,1,0,0,0,0,0,3,0,1,0,0,0,0,0,0,0,0,0,0,0,0,0,0,0,0,0,0,0,0,0,0,0,0,0,0,0,0,0,0,0,0,0,0
9,14,17,0,12,28,10,36,59,26,27,20,37,47,35,68,53,63,95,112,82,89,148,162,142,149,124,168,213,217,221,214,259,350,322,282,304,342,457,365,413,389,467,435,469,544,596,581,542,570,542,522,617,473,577,617,600,585,552,529,641,539,551,475,511,525,517,496,505,457,412,466,392,377,342,382,347,335,293,309,293,224,236,221,231,209,213,172,168,165,150,141,123,130,113,106,90,106,104,83,72,83,72,64,65,48,62,56,58,50,42,35,42,34,29,30,27,19,22,21,24,18,18,27,20,16,15,16,14,8,6,10,4,10,15,15,11,9,4,3,5,0,4,1,1,2,3,2,1,2,1,1,0,0,3,0,0,0,2,0,0,0,0,3,2,0,0,0,0,0,0,0,0,0,0,0,1,0,0,0,0,0,0,0,0,0,0,0,0,0,0,0,0,0,0,0,0,0,0,0
11,8,11,3,4,13,6,21,43,30,22,24,36,39,29,63,41,58,96,81,75,96,145,136,131,138,135,146,174,210,229,203,262,350,297,271,305,313,455,385,355,385,441,424,516,568,575,560,520,584,534,561,620,559,564,499,552,528,563,506,547,544,522,457,479,501,496,496,452,392,432,439,327,375,376,373,300,282,284,262,277,273,255,186,230,215,177,184,162,146,140,136,137,128,107,128,94,102,99,88,82,86,79,66,87,45,52,49,42,38,49,30,43,38,27,36,32,30,17,19,25,27,22,19,14,18,20,16,21,11,8,13,9,10,6,8,15,7,4,4,3,3,6,2,6,0,1,3,0,2,0,0,1,0,0,0,0,2,2,0,0,0,0,1,2,0,0,0,0,0,0,0,0,0,0,0,0,0,0,0,0,0,0,0,0,0,0,0,0,0,0,0,0,0,0,0,0,0,0,0
7,9,11,3,10,18,9,26,49,27,26,29,34,30,27,62,56,61,83,83,78,112,151,155,148,131,143,144,192,217,212,199,245,332,305,299,261,376,453,376,425,414,415,416,450,488,520,554,508,549,500,521,603,540,535,550,527,546,551,507,563,504,523,470,507,498,499,450,403,433,397,387,358,365,350,326,304,292,262,246,251,230,222,210,200,206,185,178,161,125,159,105,119,155,107,106,100,87,95,76,78,63,68,67,84,49,60,59,39,47,45,26,36,26,32,36,31,21,23,18,15,19,19,15,21,13,8,10,12,15,5,5,9,10,7,8,12,10,4,4,4,3,4,1,5,5,4,2,3,1,1,3,0,0,0,0,0,2,3,0,0,0,0,2,1,0,0,1,0,0,0,1,0,0,0,0,0,0,0,0,0,0,0,0,0,0,0,0,0,0,0,0,0,0,0,0,0,0,0,0
6,4,15,2,10,25,5,22,45,22,20,26,33,29,34,55,45,54,81,75,82,123,143,151,161,138,140,141,168,210,215,223,297,344,288,264,271,355,483,397,342,357,387,429,469,523,524,527,521,558,522,509,556,521,517,551,543,576,552,471,545,516,461,465,445,482,508,439,435,377,352,447,336,348,350,345,289,317,265,240,279,203,221,200,208,202,188,183,154,146,124,120,151,128,116,113,88,100,75,82,80,64,76,55,44,56,57,54,47,32,42,38,39,33,24,27,27,23,16,17,20,11,23,12,15,25,9,11,16,10,8,12,7,13,6,12,10,8,7,4,7,2,3,4,3,3,4,1,1,0,3,0,0,0,0,0,0,2,2,0,1,0,0,0,2,0,0,1,0,0,0,0,0,0,0,0,0,0,0,0,0,0,0,0,0,0,0,0,0,0,0,0,0,0,0,0,0,0,0,0
6,11,4,0,6,13,6,22,45,19,23,30,36,33,22,63,60,59,89,104,85,98,118,162,163,134,140,130,185,207,228,219,275,390,266,275,249,303,414,380,366,381,413,367,445,535,533,568,528,504,492,479,563,535,489,498,502,530,525,502,544,536,490,437,456,477,430,415,384,396,372,337,342,326,299,305,294,251,267,250,231,235,196,188,214,209,180,165,149,151,141,108,123,115,115,104,79,107,67,84,71,65,68,69,61,43,66,57,47,47,38,28,24,33,34,28,24,24,26,17,16,26,22,14,20,11,20,14,15,11,9,10,6,10,6,11,12,4,7,6,5,2,3,2,2,5,4,2,1,5,0,6,1,0,0,1,0,0,1,0,2,0,0,2,0,0,0,1,0,0,0,0,0,0,0,0,0,0,0,0,0,0,0,0,0,0,0,0,0,0,0,0,0,0,0,0,0,0,0,0
11,13,9,2,8,13,2,25,37,19,14,28,37,37,33,56,48,53,93,74,82,110,102,150,146,141,116,142,186,207,223,224,265,330,283,264,282,323,398,356,360,351,446,393,438,462,574,551,522,517,452,450,507,512,471,513,522,533,503,479,513,454,477,445,510,446,414,427,414,377,362,387,318,312,315,300,301,278,233,245,249,209,195,165,185,201,176,166,145,135,148,124,147,114,105,103,74,80,80,81,59,60,74,65,61,35,57,62,53,37,49,24,29,25,23,30,32,34,18,11,17,18,15,15,24,14,11,9,15,11,6,5,6,10,8,11,6,3,4,7,3,3,4,2,1,2,5,0,1,2,3,4,0,0,0,0,0,1,0,0,0,0,0,1,1,2,0,0,0,0,0,0,0,0,0,0,0,0,0,0,0,0,0,0,0,0,0,0,0,0,0,0,0,0,0,0,0,0,0,0
8,7,11,2,5,19,6,22,57,20,35,35,38,31,39,57,50,64,85,78,70,107,152,131,137,156,127,147,188,207,183,211,287,317,290,259,271,304,406,335,356,355,417,384,418,503,516,526,487,528,483,474,520,503,462,465,500,477,499,423,487,484,426,409,444,416,426,371,371,373,343,360,336,301,312,320,266,267,245,231,214,249,207,183,185,173,152,142,132,124,120,118,135,121,97,100,88,97,66,77,74,52,64,56,63,41,33,60,45,43,38,27,36,29,31,25,24,27,16,9,15,26,22,15,11,9,10,9,13,7,6,4,1,11,3,13,9,8,8,6,0,4,2,2,3,2,2,3,1,1,1,1,0,0,3,0,0,0,1,0,1,0,0,1,1,0,0,0,0,0,0,0,0,0,0,0,0,0,0,0,0,0,0,0,0,0,0,0,0,0,0,0,0,0,0,0,0,0,0,0
8,8,11,1,7,16,7,30,36,20,29,25,29,40,21,48,55,58,80,79,70,98,128,141,128,129,114,163,171,189,214,212,246,337,240,253,252,285,386,331,367,353,371,376,436,459,478,495,416,466,441,440,496,439,488,441,472,459,475,483,449,442,442,388,431,436,412,390,360,352,368,320,319,324,309,300,265,238,267,211,214,182,186,153,197,167,148,157,127,125,131,111,123,114,101,87,78,86,62,62,53,55,59,51,45,47,55,43,50,46,40,25,23,25,32,18,25,21,14,11,21,18,19,15,12,12,18,10,12,12,4,15,4,14,8,10,7,7,4,4,3,2,5,5,5,4,3,4,3,1,1,1,0,1,0,1,0,0,1,0,0,0,0,1,0,0,0,0,0,0,0,0,0,0,0,0,0,0,0,0,0,0,0,0,0,0,0,0,0,0,0,0,0,0,0,0,0,0,0,0
6,9,14,4,2,14,10,16,44,21,16,22,32,38,35,52,57,49,59,73,81,105,137,130,127,131,105,145,178,203,217,188,252,332,277,242,245,289,339,335,358,342,384,366,475,427,475,488,454,509,459,427,543,441,475,457,542,463,466,399,423,497,413,428,385,387,429,375,330,380,297,341,333,272,276,273,259,256,213,223,205,219,198,168,178,188,166,157,137,117,121,103,97,102,83,77,89,75,71,62,51,50,74,50,62,43,48,37,41,35,42,28,25,33,21,22,25,29,13,15,19,23,20,18,17,14,12,6,9,9,9,4,3,7,6,12,7,3,6,1,4,2,3,3,3,3,4,2,0,3,3,0,0,0,0,1,0,0,2,0,0,0,0,0,0,0,0,0,0,0,0,0,0,0,0,0,0,0,0,0,0,0,0,0,0,0,0,0,0,0,0,0,0,0,0,0,0,0,0,0
5,8,8,0,6,11,4,20,36,23,14,26,38,29,26,61,49,47,77,63,69,90,107,129,122,144,128,128,157,191,212,214,223,287,244,235,246,323,404,333,322,322,384,368,458,442,449,463,442,428,424,438,528,428,444,406,461,446,457,397,479,411,406,409,419,407,392,369,380,347,341,336,289,319,262,282,240,247,232,216,203,173,158,150,159,150,128,123,131,138,108,104,97,101,98,85,68,84,46,63,64,61,49,47,39,41,47,43,42,34,25,28,21,20,30,26,25,25,15,9,20,17,15,17,11,14,18,10,14,11,10,7,6,8,4,5,3,6,4,3,1,3,0,5,3,6,2,1,1,2,2,1,0,0,0,0,0,0,0,0,0,0,0,2,0,0,0,0,0,0,0,0,0,0,0,0,0,0,0,0,0,0,0,0,0,0,0,0,0,0,0,0,0,0,0,0,0,0,0,0
5,12,8,0,5,16,8,30,43,15,25,19,24,33,18,51,42,47,95,77,54,94,105,137,142,115,111,136,167,199,166,184,253,251,249,234,209,276,363,310,314,334,346,388,409,439,463,465,442,423,422,419,468,449,435,443,441,425,470,420,416,415,380,383,413,402,373,368,362,332,318,295,286,280,278,257,252,218,232,192,201,197,165,150,144,176,129,122,123,101,103,103,106,78,72,75,69,77,74,63,44,51,57,49,40,43,34,42,37,31,36,19,25,26,35,24,25,22,21,7,20,14,12,8,16,10,8,9,9,8,8,7,3,8,6,4,1,9,1,2,3,3,3,1,3,3,5,1,0,1,1,2,0,0,0,1,1,0,0,0,0,0,1,3,3,0,0,0,0,0,0,2,0,0,0,0,0,0,0,0,0,0,0,0,0,0,0,0,0,0,0,0,0,0,0,0,0,0,0,0
6,13,7,1,5,10,11,20,45,13,18,26,25,21,25,48,51,42,88,77,89,106,105,127,131,137,91,152,147,177,187,185,222,285,248,215,228,277,365,314,305,327,350,363,429,399,430,451,397,400,397,409,444,397,451,445,402,429,452,395,421,392,400,379,387,390,436,327,339,328,253,294,261,248,280,245,192,234,206,183,203,155,163,158,161,126,128,141,114,117,102,97,90,79,77,95,78,65,76,52,50,40,61,38,38,37,59,47,34,26,37,17,18,21,18,21,24,27,10,16,27,18,12,12,11,8,7,4,12,6,6,10,2,7,7,8,9,10,1,5,2,2,5,3,2,2,2,2,3,2,1,2,0,0,0,1,0,0,0,0,1,0,0,0,1,0,0,0,0,0,0,0,0,0,0,0,0,0,0,0,0,0,0,0,1,0,0,0,0,0,0,0,0,0,0,0,0,0,0,0
5,10,11,2,5,14,2,22,40,15,30,23,23,35,35,50,40,75,76,82,75,101,124,132,107,121,120,130,151,167,178,185,231,290,247,228,260,282,374,315,313,322,368,316,384,409,421,434,407,425,378,401,457,377,455,453,439,430,453,400,414,411,405,347,394,353,359,330,323,332,299,312,251,254,248,268,223,214,222,209,178,164,175,160,180,160,110,106,112,116,109,86,95,95,83,88,70,70,44,47,47,55,48,42,41,30,42,37,36,27,34,21,16,27,22,15,18,27,20,14,6,13,11,16,10,11,9,6,7,10,8,10,5,14,8,5,3,4,0,3,1,1,3,4,2,1,2,2,1,1,3,1,0,0,0,1,0,0,0,0,0,0,0,2,2,0,0,0,0,0,0,0,0,0,0,0,1,0,0,0,0,0,0,0,2,0,0,0,0,0,0,0,0,0,0,0,0,0,0,0
8,10,8,3,8,16,4,21,37,20,16,24,26,35,27,50,43,51,66,74,77,93,117,121,97,133,90,122,123,173,184,193,194,280,235,226,227,246,320,298,291,315,361,311,404,453,444,407,405,431,404,386,452,422,387,370,399,430,445,380,405,398,372,366,353,354,352,329,280,277,265,274,258,254,243,251,206,207,186,205,176,172,151,123,124,143,115,105,111,107,105,77,83,106,81,71,63,79,53,60,45,36,48,38,44,31,45,33,29,24,30,17,22,20,26,19,19,17,8,10,21,15,11,12,10,4,8,13,15,6,1,9,6,5,4,8,6,6,0,2,2,1,1,0,0,1,4,0,0,1,2,1,0,0,0,0,1,0,0,0,0,0,0,2,0,0,0,0,0,0,0,0,0,0,0,0,0,0,0,0,0,0,0,0,2,0,0,0,0,0,0,0,0,0,0,0,0,0,0,0
4,3,9,1,4,15,5,18,31,15,18,31,34,30,29,40,41,51,80,58,60,89,108,119,124,132,112,119,136,148,207,189,255,291,211,200,229,295,321,289,295,302,336,310,391,379,411,425,438,418,432,389,454,381,361,420,416,391,423,341,378,386,358,366,374,327,364,325,270,258,267,294,237,247,235,227,199,195,174,177,179,149,160,135,129,148,126,101,104,99,99,86,77,70,67,69,66,75,46,45,45,58,42,31,56,40,43,31,26,26,25,33,16,20,25,25,16,20,14,10,8,6,10,10,17,8,11,8,7,7,8,11,6,4,2,7,6,6,1,3,4,3,2,2,2,0,7,0,0,1,3,1,0,1,0,1,0,1,1,0,0,0,1,1,0,0,0,0,0,0,0,0,0,0,0,0,0,0,0,0,0,0,0,0,0,0,0,0,0,0,0,0,0,0,0,0,0,0,0,0
7,10,4,1,4,6,10,21,38,18,16,27,20,33,23,53,33,57,81,93,56,74,122,116,107,105,101,123,130,170,167,172,228,277,240,232,226,260,337,286,307,307,346,336,348,366,453,407,393,401,379,348,412,363,414,419,357,392,391,367,357,369,337,338,351,352,310,298,280,268,269,289,246,224,229,232,209,214,194,171,170,142,152,130,144,143,94,135,82,106,111,86,93,93,63,69,44,65,51,40,49,53,56,43,39,34,34,39,32,23,30,29,25,16,13,17,23,12,12,5,13,13,10,10,11,10,5,15,10,6,5,6,4,14,4,9,5,5,1,1,0,0,2,2,0,1,3,2,0,3,4,0,0,1,0,0,0,0,0,0,0,1,0,0,1,0,0,0,0,0,0,0,0,0,0,0,0,0,0,0,0,0,0,0,0,0,0,0,0,0,0,0,0,0,0,0,0,0,0,0
8,8,10,1,5,7,6,13,58,18,16,17,23,26,16,59,42,59,55,70,57,85,108,137,133,115,91,127,129,171,175,176,207,262,205,225,220,264,371,291,281,279,337,342,350,374,378,441,374,416,358,372,403,332,379,390,362,338,390,360,380,356,289,309,326,300,333,320,286,289,240,256,214,203,222,239,190,219,184,169,174,141,152,117,119,120,111,102,100,85,63,68,77,70,78,76,59,52,53,51,64,47,45,39,39,23,34,35,24,20,21,20,27,20,13,17,15,12,14,12,12,13,8,15,17,7,10,10,6,12,5,6,4,9,7,4,1,1,1,0,4,2,1,3,1,1,3,0,2,1,0,0,0,0,1,0,0,0,4,0,0,0,0,2,1,0,0,0,0,0,0,0,0,0,0,0,0,0,0,0,0,0,0,0,0,0,0,0,0,0,0,0,0,0,0,0,0,0,0,0
9,11,6,2,9,12,7,17,28,18,19,17,19,24,9,39,49,52,64,72,71,82,103,126,109,134,88,139,147,180,152,166,208,299,219,192,218,245,321,292,276,304,303,306,372,366,378,370,407,375,382,400,394,362,356,382,371,362,335,330,349,344,312,301,280,318,313,304,320,261,245,264,215,216,242,224,183,185,193,152,140,151,140,119,122,122,106,108,97,96,121,84,77,77,57,60,64,65,40,46,49,49,36,43,43,24,22,31,38,31,31,23,29,23,21,16,19,17,9,10,9,15,14,9,16,5,9,12,10,8,6,3,6,5,6,4,9,2,1,6,5,1,1,0,2,0,2,3,0,2,4,2,0,0,0,1,0,1,3,0,1,0,1,0,0,0,0,0,0,0,0,0,0,0,0,0,0,0,0,0,0,0,0,0,0,0,0,0,0,0,0,0,0,0,0,0,0,0,0,0
2,6,6,2,7,7,3,16,50,13,13,25,29,32,20,36,41,50,67,66,75,93,81,131,122,116,91,122,138,138,187,161,200,273,209,214,197,231,318,244,242,229,311,338,352,331,357,401,365,376,378,343,385,344,342,350,366,368,353,318,294,332,296,298,287,271,317,279,274,243,226,258,202,219,199,198,189,169,157,156,153,157,162,116,107,124,95,99,106,104,79,69,77,81,58,76,62,63,47,46,30,40,51,39,48,34,35,36,27,17,22,11,28,19,8,19,17,13,14,3,14,11,13,6,5,11,8,10,12,5,3,8,8,10,5,6,7,5,2,3,1,2,3,1,1,1,3,3,0,0,3,0,0,0,0,0,0,0,1,0,0,0,0,1,0,0,0,0,0,0,0,0,0,0,0,0,0,0,0,0,0,0,0,0,0,0,0,0,0,0,0,0,0,0,0,0,0,0,0,0
4,8,15,4,3,11,8,15,32,16,23,23,23,19,19,32,33,42,64,73,62,88,108,107,116,115,100,121,141,161,171,179,182,224,212,211,228,256,315,265,294,286,333,315,362,378,361,371,358,327,361,372,367,326,356,317,340,364,330,302,345,282,305,275,296,299,321,277,265,289,216,253,199,196,205,190,183,165,176,166,150,135,108,112,125,113,96,108,85,81,85,67,68,69,54,57,42,49,39,40,28,35,36,29,35,31,29,29,19,27,29,16,19,15,14,8,23,16,16,8,9,12,15,14,9,11,5,6,5,7,10,3,4,2,5,4,6,2,2,1,4,2,2,2,1,1,4,1,0,0,0,1,0,1,0,1,0,1,0,0,0,0,0,0,1,0,0,0,0,0,0,0,0,0,0,0,0,0,0,0,0,0,0,0,0,0,0,0,0,0,0,0,0,0,0,0,0,0,0,0
3,8,4,1,6,13,5,15,41,13,15,21,22,27,15,42,43,36,67,67,53,88,81,97,123,114,88,88,134,148,172,148,176,240,220,180,200,247,308,244,254,269,308,288,313,346,365,347,371,368,314,321,347,318,351,322,351,352,349,289,332,346,304,281,271,285,273,290,254,264,203,250,202,203,191,184,176,177,164,142,151,144,119,100,114,103,97,107,99,94,56,76,71,70,60,57,61,57,31,45,42,26,38,30,41,34,28,27,24,17,19,17,18,19,14,15,19,19,15,7,10,7,12,6,12,7,5,5,10,2,9,2,5,4,0,2,5,3,5,2,1,4,1,0,2,3,4,0,3,0,0,1,0,0,0,0,0,0,1,0,1,0,0,1,0,0,0,0,0,0,0,0,0,0,0,0,0,0,0,0,0,0,0,0,0,0,0,0,0,0,0,0,0,0,0,0,0,0,0,0
4,11,11,2,7,9,3,19,45,13,16,20,32,32,22,36,36,46,56,67,62,78,89,107,114,103,93,95,130,151,142,160,189,257,201,212,199,220,283,230,252,260,308,288,288,321,374,350,339,299,284,329,353,304,326,340,313,354,349,305,312,319,268,270,284,290,258,226,261,222,190,198,202,191,198,194,173,165,137,153,153,135,113,109,96,96,89,81,74,80,78,67,62,63,54,53,49,47,46,38,42,37,42,28,39,18,34,23,29,21,19,20,16,14,11,16,14,17,9,7,8,12,15,17,8,9,6,7,7,13,8,6,4,6,5,3,8,3,2,1,0,1,1,2,5,1,3,0,1,1,2,2,0,1,0,0,0,0,0,0,0,0,0,0,1,0,0,0,0,0,0,0,0,0,0,0,0,0,0,0,0,0,0,0,0,0,0,0,0,0,0,0,0,0,0,0,0,0,0,0
9,11,9,1,5,11,10,10,29,9,21,17,18,27,13,40,39,38,68,67,70,80,87,111,88,112,81,88,130,129,148,173,191,223,213,178,187,211,287,247,254,257,288,252,324,367,366,364,326,328,285,311,360,317,321,324,331,321,318,277,299,274,294,285,246,275,249,268,217,236,207,205,186,205,172,188,160,147,156,130,140,120,117,77,111,103,79,87,71,70,90,66,62,58,52,64,49,41,46,44,44,27,22,29,29,29,18,24,25,19,17,14,15,20,13,13,18,13,8,9,6,9,10,9,10,5,9,7,10,7,2,7,5,7,2,7,3,1,2,3,0,0,4,0,3,1,5,0,0,1,3,0,0,0,1,0,0,1,0,0,1,0,0,1,0,0,0,0,0,0,0,0,0,0,0,0,0,0,0,0,0,0,0,0,0,0,0,0,0,0,0,0,0,0,0,0,0,0,0,0
5,11,10,3,4,9,3,22,42,18,14,33,24,23,13,30,39,49,57,59,53,93,107,93,101,80,92,93,102,137,153,145,173,278,204,148,173,216,271,257,225,232,301,253,286,298,335,363,327,343,297,302,347,315,304,327,326,298,295,282,313,281,291,276,245,286,256,237,231,246,224,222,188,173,162,185,164,185,155,128,125,125,124,106,104,94,80,76,72,74,68,65,62,60,37,52,39,59,44,31,35,22,46,32,29,27,37,21,28,19,23,17,22,19,14,10,16,16,10,5,11,7,9,10,4,7,3,5,6,7,5,4,5,4,3,4,7,3,1,2,3,3,3,0,1,2,3,1,1,1,1,0,0,0,0,1,0,0,1,0,0,0,0,0,1,0,0,0,0,0,0,0,0,0,0,0,0,0,0,0,0,0,0,0,1,0,0,0,0,0,0,0,0,0,0,0,0,0,0,0
4,8,9,0,7,3,5,10,31,16,18,21,24,26,9,35,34,40,51,56,77,71,112,92,104,102,86,89,102,130,149,162,172,230,177,177,192,231,283,239,226,236,268,255,290,310,334,337,292,326,300,327,341,293,278,293,285,288,331,284,266,302,274,263,248,256,284,243,236,229,232,177,165,166,175,168,144,166,143,159,127,94,99,84,91,106,72,63,81,77,51,68,63,66,39,65,40,52,40,49,27,36,27,25,44,25,21,21,17,23,21,18,10,13,9,14,14,11,8,14,12,12,8,6,11,4,10,9,7,5,4,6,8,4,0,11,5,2,2,3,1,2,1,0,0,0,2,0,0,0,0,1,0,0,1,0,0,0,1,0,0,0,0,1,2,0,0,0,0,0,0,0,0,0,0,0,0,0,0,0,0,0,0,0,1,0,0,0,0,0,0,0,0,0,0,0,0,0,0,0
3,5,6,1,2,16,1,9,37,18,16,17,22,28,15,39,45,38,63,59,58,75,82,100,85,112,79,114,104,137,149,140,169,219,172,154,209,244,263,243,245,222,260,244,277,281,325,345,298,295,280,294,337,256,295,304,297,283,305,288,283,288,252,230,263,253,230,219,218,206,185,200,187,174,173,169,159,152,134,140,117,133,98,72,114,85,91,80,60,73,70,53,70,49,29,64,42,36,26,29,42,39,26,24,29,28,24,27,23,20,21,12,6,9,13,14,12,13,11,4,8,12,9,9,10,3,8,5,6,6,3,3,6,2,2,2,2,6,3,3,1,4,2,1,0,2,5,1,0,0,2,2,0,0,0,1,0,0,1,0,0,0,0,0,1,0,0,0,0,0,0,0,0,0,0,0,0,0,0,0,0,0,0,0,0,0,0,0,0,0,0,0,0,0,0,0,0,0,0,0
10,10,9,1,6,17,4,17,32,12,11,16,16,32,26,33,38,35,50,45,58,70,81,99,100,113,82,88,116,122,141,139,180,216,184,174,169,196,277,205,236,213,237,260,288,287,341,327,294,317,284,285,331,312,291,282,274,317,281,234,271,266,265,229,243,244,245,221,220,225,199,205,186,175,150,147,154,134,126,131,131,91,98,92,77,96,71,80,81,65,70,58,64,60,45,46,52,39,38,36,33,34,26,29,25,24,34,19,21,15,19,10,22,12,8,9,5,10,5,3,10,8,7,5,7,4,5,6,11,6,3,5,3,5,2,3,5,5,0,5,2,1,4,2,0,0,2,1,0,0,1,0,0,0,0,0,0,0,2,0,1,0,0,0,1,0,0,0,0,0,0,0,0,0,0,0,0,0,0,0,0,0,0,0,1,0,0,0,0,0,0,0,0,0,0,0,0,0,0,0
5,4,5,1,5,14,3,14,31,9,14,22,22,21,20,31,24,41,48,47,47,58,82,80,89,83,87,93,93,139,136,133,163,186,179,155,169,184,297,209,205,215,292,244,251,264,330,295,292,293,258,271,307,292,290,286,260,272,294,244,228,259,251,254,221,229,237,223,212,214,199,179,160,148,144,148,140,135,122,157,120,96,114,87,89,92,62,70,71,65,51,50,55,47,48,37,51,39,22,28,27,20,35,29,24,23,27,20,15,18,13,10,18,14,15,11,11,12,11,4,9,7,11,7,9,9,7,7,3,7,1,5,5,4,1,2,2,5,3,0,3,0,2,2,2,2,3,0,0,2,0,1,0,0,0,0,0,0,1,0,0,0,0,1,2,0,0,0,0,0,0,0,0,0,0,0,0,0,0,0,0,0,0,0,1,0,0,0,0,0,0,0,0,0,0,0,0,0,0,0
2,5,11,1,7,17,2,16,30,15,10,16,15,18,19,30,35,31,51,46,52,58,73,87,73,102,81,112,110,106,136,131,179,202,164,153,171,190,241,209,210,203,260,201,249,285,279,279,271,295,269,291,297,262,253,278,230,232,272,223,247,235,239,218,202,222,228,213,187,195,162,191,179,156,178,152,137,124,131,108,97,80,109,79,83,89,63,79,79,63,75,52,55,60,52,50,42,42,30,37,23,23,32,14,22,26,24,20,23,11,14,11,17,7,4,14,9,8,2,8,11,7,5,10,10,7,6,6,4,5,5,4,2,3,2,4,5,7,0,1,1,2,0,0,2,1,2,3,1,0,0,1,0,0,0,1,0,1,0,0,0,0,0,3,1,0,0,0,0,0,0,0,0,0,0,0,0,0,0,0,0,0,0,0,0,0,0,0,0,0,0,0,0,0,0,0,0,0,0,0
1,5,8,1,9,10,7,12,22,18,19,13,28,18,19,34,27,42,58,57,45,83,98,93,80,92,87,92,88,126,126,125,147,189,166,155,176,201,245,206,235,189,264,221,246,273,288,318,285,282,267,274,278,256,251,241,254,261,252,258,249,232,232,230,206,234,202,188,213,165,178,165,156,155,165,135,120,119,147,94,103,105,91,64,76,93,70,63,68,56,54,48,55,65,43,36,48,47,33,36,36,33,21,16,30,23,33,18,17,8,13,9,16,7,18,11,12,8,6,5,6,9,6,9,12,2,4,6,3,5,3,1,6,5,6,3,2,2,1,2,2,2,3,0,1,1,2,0,1,0,0,1,0,0,0,0,0,1,0,0,0,0,0,0,0,0,0,0,0,0,0,0,0,0,0,0,0,0,0,0,0,0,0,0,0,0,0,0,0,0,0,0,0,0,0,0,0,0,0,0
8,9,9,1,7,6,5,12,35,14,17,17,28,17,21,36,30,31,52,43,64,73,94,100,75,94,84,80,106,119,129,122,135,196,142,171,170,198,250,203,213,221,243,230,243,247,273,291,259,273,229,232,271,265,244,261,245,246,247,236,264,240,266,201,232,241,226,187,188,177,160,170,136,136,145,127,125,115,116,101,116,100,88,80,73,99,56,83,55,50,67,34,59,57,26,52,31,31,29,30,21,27,34,16,27,28,27,11,19,14,18,10,13,17,7,6,16,15,6,7,9,9,8,6,9,7,4,2,8,6,4,8,2,3,0,5,5,3,0,1,1,2,1,1,1,1,3,0,0,0,0,0,0,0,0,0,0,0,1,0,0,0,0,0,0,0,0,0,0,0,0,0,0,0,0,0,0,0,0,0,0,0,0,0,0,0,0,0,0,0,0,0,0,0,0,0,0,0,0,0
3,9,3,0,5,6,8,15,26,7,15,13,13,28,10,37,31,36,49,41,62,69,74,89,73,74,65,94,109,100,133,117,153,200,163,164,138,193,256,209,228,192,228,243,227,238,266,276,274,263,252,241,266,238,248,226,254,251,235,228,240,234,229,209,179,213,229,169,188,180,163,152,165,148,124,122,132,105,107,106,109,89,81,55,81,89,69,65,43,60,53,54,51,68,39,45,40,28,31,36,30,26,20,22,19,24,23,16,19,12,7,5,14,6,11,14,10,6,3,5,13,8,11,7,7,5,5,4,4,8,4,3,1,2,3,7,3,5,2,2,1,1,1,3,3,1,1,3,0,0,0,0,0,0,0,0,0,0,3,0,0,0,0,0,0,1,0,1,0,0,0,0,0,0,0,0,0,0,0,0,0,0,0,0,0,0,0,0,0,0,0,0,0,0,0,0,0,0,0,0
6,5,10,1,4,9,3,8,30,15,17,13,17,21,30,43,35,35,45,55,57,69,61,77,95,79,61,74,95,116,125,126,158,193,162,142,177,182,228,186,210,223,226,182,226,285,285,270,255,250,265,252,252,223,221,236,231,246,196,213,217,216,209,210,199,216,199,179,189,174,163,136,132,155,128,132,110,114,81,108,102,67,93,85,68,75,79,64,58,66,49,59,55,45,37,46,41,26,29,27,29,27,25,21,35,19,21,14,18,12,18,11,6,7,6,10,12,10,15,7,6,11,6,7,6,2,6,8,3,7,3,2,2,3,2,5,1,4,3,2,0,0,3,0,1,0,2,1,0,1,1,0,0,0,0,0,0,0,1,0,1,0,0,0,1,0,0,0,0,0,0,0,0,0,0,0,0,0,0,0,0,0,0,0,1,0,0,0,0,0,0,0,0,0,0,0,0,0,0,0
4,9,6,0,4,9,3,17,29,5,12,14,16,16,24,34,31,31,51,42,48,61,80,79,80,77,76,79,92,126,117,111,160,185,128,127,159,166,228,202,206,171,216,190,271,229,250,247,245,267,244,260,252,235,250,242,253,238,241,193,226,222,214,186,179,217,203,198,161,161,146,164,124,135,123,124,112,118,113,97,99,88,87,74,77,76,64,52,69,58,63,46,42,51,42,38,32,31,27,34,27,28,25,24,28,14,22,18,16,12,11,6,8,12,11,17,9,13,5,3,4,12,7,7,7,6,3,4,4,5,2,3,3,4,4,3,3,2,3,1,1,0,2,0,1,0,3,0,0,0,0,1,0,0,0,0,0,0,0,0,0,0,0,0,0,0,0,0,0,0,0,0,0,0,0,0,0,0,0,0,0,0,0,0,0,0,0,0,0,0,0,0,0,0,0,0,0,0,0,0
2,8,7,0,8,14,2,7,24,17,17,18,21,19,19,25,26,32,40,47,55,65,77,84,88,76,76,82,97,129,133,110,141,202,165,130,139,162,211,166,201,211,202,182,223,218,257,272,239,241,192,221,239,239,272,228,231,243,247,212,191,184,203,205,203,195,166,162,167,159,146,147,109,133,148,141,101,107,105,84,100,83,74,80,67,77,51,64,49,57,51,36,52,43,31,36,31,40,23,25,22,26,33,24,22,20,19,12,21,10,21,9,13,13,15,13,11,8,6,5,13,3,10,8,5,4,7,5,3,3,1,5,3,2,7,1,1,2,3,2,1,1,0,0,1,0,0,0,1,2,1,0,0,0,0,0,0,0,1,0,0,0,0,0,2,0,0,0,0,0,0,0,0,0,0,0,0,0,0,0,0,0,0,0,0,0,0,0,0,0,0,0,0,0,0,0,0,0,0,0
2,8,8,1,2,4,8,9,26,11,4,11,18,13,18,36,34,26,45,57,45,68,63,83,60,77,67,77,80,114,103,117,138,186,145,129,150,171,235,191,190,186,206,199,221,229,252,230,251,225,191,240,254,207,237,235,210,215,243,201,207,212,206,177,183,182,172,179,152,163,135,145,127,128,125,117,107,114,100,84,86,89,85,72,73,87,47,52,62,56,48,51,31,34,28,41,26,26,30,22,25,13,18,15,33,8,18,17,15,13,12,10,7,11,9,13,11,11,7,5,11,8,8,7,5,1,1,5,3,6,3,2,3,1,0,3,5,1,0,2,2,0,1,0,0,0,1,0,0,1,1,0,0,0,0,0,0,0,2,0,1,0,0,0,1,0,0,0,0,0,0,0,0,0,0,0,0,0,0,0,0,0,0,0,0,0,0,0,0,0,0,0,0,0,0,0,0,0,0,0
6,8,9,1,7,12,6,11,30,14,10,19,19,18,13,21,27,27,48,39,43,56,78,75,78,76,68,72,99,92,101,101,135,167,142,124,137,157,216,181,180,180,213,188,211,234,226,245,262,217,227,216,238,211,218,223,207,217,194,174,195,208,188,196,171,181,160,153,166,150,140,126,121,105,126,114,107,99,91,84,88,99,69,60,74,63,62,70,45,54,46,40,30,37,30,34,31,32,27,20,20,25,19,23,17,16,17,20,20,18,15,5,7,14,8,11,4,6,6,3,9,2,6,7,4,5,2,4,6,1,5,3,2,3,1,1,1,0,1,0,1,1,0,2,1,1,3,1,0,0,1,1,0,0,1,2,0,0,0,0,1,0,0,0,0,0,0,0,0,0,0,0,0,0,0,0,0,0,0,0,0,0,0,0,0,0,0,0,0,0,0,0,0,0,0,0,0,0,0,0
5,4,5,2,3,12,5,9,26,9,6,13,16,13,16,29,25,44,40,39,49,43,64,73,70,80,61,82,106,106,115,124,134,157,131,121,113,152,177,169,165,173,198,182,216,237,269,250,233,231,228,210,187,236,203,202,192,213,216,204,212,189,169,189,175,177,174,153,154,150,149,130,132,124,125,103,111,101,99,105,83,90,74,60,68,69,58,53,54,49,36,38,33,53,31,25,25,25,21,17,23,27,21,19,15,8,14,18,14,10,11,8,8,7,9,9,11,7,2,4,3,4,12,3,1,1,4,3,3,0,6,1,2,6,3,2,2,1,0,2,3,0,0,1,0,2,1,1,0,0,0,0,0,0,0,1,0,0,2,0,1,0,0,0,0,0,0,0,0,0,0,0,0,0,0,0,0,0,0,0,0,0,0,0,0,0,0,0,0,0,0,0,0,0,0,0,0,0,0,0
9,7,6,2,3,8,8,9,22,18,13,17,14,18,18,31,26,27,47,52,42,67,47,70,67,91,57,84,78,110,106,116,135,160,134,150,151,163,204,168,157,160,178,178,190,201,221,251,236,233,199,205,237,196,199,216,203,233,208,179,201,175,171,166,178,176,164,162,145,128,123,130,112,148,118,98,120,97,91,86,80,85,82,62,61,53,48,50,46,51,41,49,42,32,36,38,31,34,24,28,28,27,17,18,22,13,19,18,8,9,11,11,12,11,7,7,12,8,9,4,3,5,6,5,4,4,1,3,5,6,1,3,1,8,1,1,4,2,0,1,1,0,1,0,0,2,0,0,1,2,1,1,1,0,1,0,0,0,1,0,1,0,0,0,1,0,0,0,0,0,0,0,0,0,0,0,0,0,0,0,0,0,0,0,0,0,0,0,0,0,0,0,0,0,0,0,0,0,0,0
4,3,2,0,2,5,5,8,30,10,11,10,17,15,12,31,25,34,31,42,31,52,64,71,78,72,70,61,80,108,105,91,145,157,125,111,122,181,208,177,172,163,188,174,208,199,210,221,184,217,209,217,210,187,190,207,205,196,195,190,204,168,158,183,134,175,167,148,158,142,140,131,129,116,104,117,103,99,77,84,78,85,78,69,62,60,48,45,52,41,49,33,37,32,28,33,32,27,19,17,23,13,17,20,19,8,17,16,8,15,14,12,8,10,3,8,6,6,5,5,4,7,2,7,6,6,2,3,2,4,1,4,2,2,1,0,4,2,2,3,1,2,2,2,1,0,2,0,0,0,0,1,0,0,0,0,0,1,0,0,0,0,0,1,1,0,0,0,0,0,0,0,0,0,0,0,0,0,0,0,0,0,0,0,0,0,0,0,0,0,0,0,0,0,0,0,0,0,0,0
6,6,3,0,3,9,7,7,25,11,8,17,18,18,7,25,23,33,45,40,46,60,81,58,73,73,68,87,86,113,104,102,119,142,132,116,120,154,159,167,187,167,168,184,166,206,200,193,196,210,188,223,202,184,199,222,211,201,219,188,206,187,164,152,148,143,143,156,130,126,119,132,104,112,104,86,97,77,99,75,56,54,56,50,74,64,44,60,50,48,37,34,36,29,32,36,26,26,21,25,25,16,17,26,26,9,12,18,9,7,11,11,10,9,5,4,7,5,7,4,9,10,5,6,5,5,3,2,9,4,1,3,2,0,1,0,2,3,0,2,1,1,1,0,2,1,1,0,2,2,0,0,0,1,1,3,0,0,0,0,0,0,0,0,0,0,0,0,0,0,0,0,0,0,0,0,0,0,0,0,0,0,0,0,1,0,0,0,0,0,0,0,0,0,0,0,0,0,0,0
3,9,7,1,4,6,5,8,28,7,10,14,9,15,13,34,30,27,52,40,31,59,69,75,90,76,60,84,90,109,97,80,125,141,117,125,143,133,158,148,162,139,164,174,227,191,226,224,226,193,181,192,225,201,194,185,161,177,183,171,167,197,170,175,181,174,160,161,121,124,107,127,102,103,95,111,99,86,89,73,72,78,52,50,52,64,46,46,50,46,47,41,29,32,31,27,24,29,24,23,16,12,26,19,15,14,14,13,10,11,10,8,11,8,10,9,8,9,3,4,6,6,8,3,3,4,1,3,4,8,2,2,0,1,1,2,2,1,3,1,1,2,1,2,0,1,0,1,0,0,1,2,1,0,0,0,0,0,0,0,0,0,0,0,0,0,0,0,0,0,0,0,0,0,0,0,0,0,0,0,0,0,0,0,0,0,0,0,0,0,0,0,0,0,0,0,0,0,0,0
4,2,4,1,3,7,1,15,25,14,8,16,8,12,12,29,28,33,28,60,36,38,57,72,59,63,57,48,82,101,88,78,103,145,141,129,103,157,186,128,129,145,172,149,182,193,210,225,201,198,201,186,220,184,201,186,183,170,171,158,183,171,169,157,163,146,157,119,133,122,101,107,121,105,101,94,96,108,80,94,70,62,47,58,66,57,44,43,42,39,35,31,37,29,24,33,31,24,18,21,17,10,15,14,19,14,8,12,10,10,18,9,6,13,10,2,3,10,4,4,1,5,6,0,4,2,3,4,2,7,2,0,1,2,1,1,2,2,1,2,2,1,1,0,0,1,2,0,1,0,0,0,0,0,0,0,0,0,0,0,0,0,0,0,0,0,0,0,0,0,0,0,0,0,0,0,0,0,0,0,0,0,0,0,2,0,0,0,0,0,0,0,0,0,0,0,0,0,0,0
2,4,2,1,5,12,6,5,18,14,12,14,12,17,17,30,19,24,42,47,40,56,58,80,68,62,61,67,82,96,79,84,105,154,118,127,106,133,185,154,143,149,173,163,182,188,192,212,186,192,188,179,199,176,177,170,177,183,174,191,152,162,137,147,141,155,145,145,152,143,92,109,98,89,97,87,87,76,79,73,78,73,70,66,51,61,34,44,36,39,44,38,42,23,33,20,36,27,12,25,14,19,18,20,17,11,24,8,11,6,12,8,12,6,3,11,10,14,5,7,10,8,9,3,5,6,1,3,4,2,3,2,2,4,3,4,2,0,2,4,1,0,0,0,0,0,1,1,0,1,2,0,0,0,0,1,0,1,0,0,0,0,0,0,1,0,0,0,0,0,0,0,0,0,0,0,0,0,0,0,0,0,0,0,0,0,0,0,0,0,0,0,0,0,0,0,0,0,0,0
3,5,4,1,4,7,3,9,21,9,11,15,12,21,13,29,22,30,28,41,35,53,56,67,67,76,54,52,65,82,98,95,125,154,138,133,125,113,158,167,152,145,172,159,192,170,193,207,186,177,180,178,186,159,169,179,194,159,164,160,163,149,159,142,155,131,139,128,106,122,114,115,113,96,89,101,103,82,69,78,78,49,56,42,40,56,39,54,41,53,41,29,42,21,32,38,27,28,18,19,17,13,17,12,10,16,12,9,9,4,12,9,6,12,6,5,10,5,4,8,10,7,3,4,3,2,4,1,4,2,2,3,1,5,2,1,2,1,0,1,1,1,2,1,0,1,0,0,0,0,0,0,0,0,0,0,0,0,0,0,0,0,0,1,0,0,0,0,0,0,0,0,0,0,0,0,0,0,0,0,0,0,0,0,0,0,0,0,0,0,0,0,0,0,0,0,0,0,0,0
3,4,3,0,4,3,3,8,19,8,6,7,21,20,14,24,21,25,39,32,32,51,58,67,56,59,65,54,79,94,102,89,109,155,113,104,123,144,174,127,145,138,160,160,177,162,177,196,183,164,165,162,197,176,163,185,173,175,150,155,168,159,159,148,132,150,144,133,119,99,88,105,106,105,80,111,92,68,74,67,57,53,62,52,57,55,44,26,36,42,36,44,27,37,24,26,22,23,18,19,21,15,18,20,12,14,10,12,12,13,13,8,5,4,4,4,8,11,4,3,8,2,3,4,3,3,2,4,2,3,2,4,2,5,1,1,1,2,2,2,1,0,1,1,1,1,1,2,0,0,0,0,0,0,0,0,0,1,1,0,0,0,0,0,0,0,0,0,0,0,0,0,0,0,0,0,0,0,0,0,0,0,0,0,0,0,0,0,0,0,0,0,0,0,0,0,0,0,0,0
1,5,8,0,3,4,7,7,27,9,5,7,11,11,9,20,18,27,42,34,28,34,43,57,64,71,53,50,71,95,86,104,105,139,117,109,108,149,154,125,142,150,170,159,172,185,178,200,185,152,171,187,192,157,155,166,179,170,163,150,149,138,145,110,144,122,138,137,121,107,112,97,76,92,90,76,74,81,72,59,59,55,61,54,58,54,49,42,41,39,34,28,41,24,15,32,26,21,12,16,22,19,14,9,24,9,13,15,8,10,10,6,4,6,4,4,5,9,4,4,6,3,3,3,3,3,2,1,3,1,1,5,1,4,1,1,2,2,1,1,0,3,0,0,1,0,0,0,0,1,0,1,0,0,0,0,0,1,0,0,0,0,0,0,0,0,0,0,0,0,0,0,0,0,0,0,0,0,0,0,0,0,0,0,0,0,0,0,0,0,0,0,0,0,0,0,0,0,0,0
6,5,5,1,6,7,3,6,29,10,7,10,16,12,16,24,22,30,32,32,43,50,40,55,60,69,52,55,72,87,106,89,93,133,118,83,105,127,153,146,140,139,143,167,184,170,179,196,172,180,135,183,172,149,147,178,161,147,147,141,159,137,134,134,136,144,137,136,132,116,100,111,87,97,74,58,83,82,78,62,62,65,51,61,56,29,37,44,38,38,35,32,31,30,23,34,16,28,10,10,19,14,7,8,12,12,14,13,9,5,10,9,4,8,7,9,9,5,2,5,6,5,2,3,5,4,4,5,2,2,0,2,1,0,0,1,5,1,0,0,0,0,1,1,0,0,1,0,0,0,0,0,0,0,0,0,0,0,0,0,0,0,0,0,0,0,0,1,0,0,0,0,0,0,0,0,0,0,0,0,0,0,0,0,0,0,0,0,0,0,0,0,0,0,0,0,0,0,0,0
4,5,6,2,0,14,5,11,24,9,12,7,16,15,8,15,26,31,42,32,37,53,36,56,74,64,54,55,68,86,87,93,96,115,103,101,104,114,148,140,128,131,157,153,155,163,156,168,172,158,150,159,161,169,166,146,126,174,146,114,171,141,137,119,132,115,136,118,125,89,105,101,87,89,93,85,62,70,54,60,49,64,59,44,49,51,44,48,35,25,28,28,28,30,22,24,19,18,20,16,19,19,10,13,13,13,14,13,5,13,9,5,12,7,3,9,5,7,3,0,8,4,4,1,2,1,4,0,4,2,0,1,1,2,0,2,0,1,2,0,0,1,0,0,1,1,0,0,0,1,0,0,0,0,0,1,0,0,1,0,1,0,0,0,1,0,0,1,0,0,0,0,0,0,0,0,0,0,0,0,0,0,0,0,0,0,0,0,0,0,0,0,0,0,0,0,0,0,0,0
3,2,4,1,1,8,8,9,18,8,12,15,13,12,8,32,17,24,30,31,27,43,52,47,69,45,57,52,61,65,79,87,117,127,113,112,117,122,144,125,135,119,151,135,169,128,169,154,168,165,153,167,170,147,160,162,173,163,174,136,130,136,129,127,132,114,105,115,105,99,98,113,96,95,76,80,80,80,45,70,71,61,48,38,38,39,41,46,30,31,30,15,33,29,19,27,26,19,15,20,12,12,13,12,12,8,13,8,11,4,11,5,5,5,6,4,10,3,4,5,3,1,5,2,6,2,4,1,1,3,3,1,3,0,1,2,5,1,0,0,1,0,0,0,1,0,2,0,0,0,3,0,0,0,0,0,0,0,0,0,0,0,0,0,0,0,0,0,0,0,0,0,0,0,0,0,0,0,0,0,0,0,0,0,0,0,0,0,0,0,0,0,0,0,0,0,0,0,0,0
4,4,2,1,7,7,1,10,20,5,10,12,19,14,12,35,20,21,34,42,41,44,31,54,59,52,49,78,60,82,76,77,128,126,84,81,97,109,153,135,139,125,151,121,162,190,196,157,152,162,155,169,183,149,145,149,141,144,147,142,137,141,130,133,120,138,103,123,99,101,75,84,79,83,86,86,63,55,42,51,50,56,34,37,38,47,34,42,47,24,31,23,31,19,23,18,19,20,18,18,13,14,17,18,17,7,9,16,8,7,12,7,6,10,3,3,4,4,4,2,2,7,5,8,6,2,2,2,4,3,1,0,0,0,0,3,1,2,4,1,1,0,0,0,0,0,2,0,0,0,0,1,0,0,0,0,0,0,0,0,1,0,0,3,0,0,0,0,0,0,0,0,0,0,0,0,0,0,0,0,0,0,0,0,0,0,0,0,0,0,0,0,0,0,0,0,0,0,0,0
3,1,7,1,3,2,3,11,16,12,11,7,9,13,12,23,14,22,31,45,38,38,64,62,43,49,44,53,69,69,83,73,89,101,104,82,103,103,157,144,121,125,149,111,179,142,164,190,161,161,140,132,137,141,151,151,140,142,153,130,121,107,143,129,129,107,109,123,111,93,87,88,93,78,91,70,65,49,58,58,49,56,49,44,39,52,42,41,22,33,30,23,33,23,28,25,17,25,17,12,7,17,18,18,13,7,9,9,10,7,10,14,4,7,10,3,8,4,4,0,3,6,5,2,6,4,1,1,1,2,1,3,0,2,1,1,0,1,1,1,1,2,0,1,1,0,3,1,0,0,0,0,0,0,0,0,0,0,0,0,1,0,0,1,0,0,0,0,0,0,0,0,0,0,0,0,0,0,0,0,0,0,0,0,0,0,0,0,0,0,0,0,0,0,0,0,0,0,0,0
1,6,1,1,2,1,3,11,18,8,12,15,14,15,5,23,16,23,36,28,26,43,63,65,60,42,48,64,68,76,86,86,88,138,105,75,103,123,144,138,136,123,153,124,150,141,143,163,150,147,144,126,135,138,149,162,153,130,146,121,122,126,114,119,108,106,94,85,109,82,88,79,82,82,70,75,61,68,62,56,54,41,52,40,45,43,26,37,29,27,26,26,21,25,17,30,26,14,20,14,11,16,11,13,8,12,13,9,11,6,14,2,7,8,9,5,7,7,4,5,6,2,2,4,9,4,4,5,2,0,2,2,0,0,3,0,1,2,0,0,0,0,1,0,2,1,3,0,0,0,1,0,0,0,0,0,0,0,1,0,0,0,0,2,0,0,0,0,0,0,0,0,0,0,0,0,0,0,0,0,0,0,0,0,0,0,0,0,0,0,0,0,0,0,0,0,0,0,0,0
4,4,5,2,2,9,5,11,14,8,8,9,13,16,13,26,18,26,21,41,28,41,41,57,49,63,46,43,61,77,87,75,88,117,107,85,93,91,122,115,123,108,135,131,145,137,150,151,134,156,133,142,156,139,131,164,126,147,143,117,154,126,106,105,130,145,103,101,88,78,99,105,67,77,92,80,52,68,69,42,52,45,41,32,49,36,41,40,28,30,28,21,24,28,12,18,19,17,11,15,16,18,12,12,19,13,12,6,5,7,7,5,6,7,9,6,7,3,3,2,2,8,4,3,4,2,3,5,2,1,2,3,1,2,2,1,0,2,1,2,0,1,0,0,0,0,3,0,0,1,0,0,0,0,0,0,0,0,0,0,0,0,0,0,0,0,0,0,0,0,0,0,0,0,0,0,0,0,0,0,0,0,0,0,0,0,0,0,0,0,0,0,0,0,0,0,0,0,0,0
4,4,4,0,1,10,7,7,10,6,7,13,12,20,10,22,28,24,33,31,36,41,52,59,48,61,43,44,60,83,72,79,95,134,90,81,99,118,154,115,107,119,113,118,148,149,150,156,141,146,127,132,157,138,122,146,129,143,128,124,116,104,113,126,118,116,102,95,86,111,91,63,93,81,71,89,69,56,54,44,46,43,36,25,38,31,30,32,39,31,28,38,24,29,19,20,19,17,25,13,9,14,12,15,10,14,12,7,7,4,7,3,10,6,7,3,8,3,2,2,5,4,5,4,2,3,0,3,5,1,0,1,1,2,2,1,1,3,0,3,1,1,0,1,2,0,1,0,1,0,0,1,0,0,0,0,0,0,0,0,0,0,0,0,0,0,0,0,0,0,0,0,0,0,0,0,0,0,0,0,0,0,0,0,0,0,0,0,0,0,0,0,0,0,0,0,0,0,0,0
1,7,2,0,1,10,1,8,22,7,11,7,15,13,5,20,25,19,36,21,37,26,47,55,54,65,43,40,56,61,82,83,81,110,104,91,89,105,129,105,126,126,119,111,142,127,150,153,155,144,136,105,142,144,114,141,118,102,147,114,145,127,99,102,91,94,104,103,106,94,83,71,73,66,70,53,54,55,49,53,49,32,48,32,34,41,27,31,33,24,34,24,18,13,16,26,15,14,14,16,13,19,10,11,14,7,14,6,9,8,5,6,5,4,6,5,6,3,1,2,6,3,3,2,3,4,4,1,2,1,4,0,1,1,0,1,1,1,0,2,0,0,0,1,1,0,1,0,0,0,0,0,0,0,0,0,0,0,1,0,0,0,0,0,1,0,0,0,0,0,0,0,0,0,0,0,0,0,0,0,0,0,0,0,0,0,0,0,0,0,0,0,0,0,0,0,0,0,0,0
1,4,6,0,4,6,3,6,18,7,12,14,10,16,14,21,16,25,34,32,24,35,44,57,50,55,41,49,58,74,62,66,93,110,79,89,76,100,127,108,101,120,118,123,147,128,130,161,150,133,122,112,138,130,117,124,109,133,113,124,122,123,125,107,100,119,103,91,101,88,82,76,71,62,64,76,59,77,51,52,51,46,45,31,28,35,25,25,34,28,22,18,18,24,19,24,14,16,12,8,14,14,7,12,8,9,7,8,6,7,3,7,6,6,4,7,5,5,0,4,2,3,0,3,2,5,2,0,3,5,1,1,0,3,2,2,1,2,2,0,0,1,1,1,0,1,0,0,0,0,0,1,0,0,0,0,0,0,0,0,0,0,0,1,0,0,0,0,0,0,0,0,0,0,0,0,0,0,0,0,0,0,0,0,0,0,0,0,0,0,0,0,0,0,0,0,0,0,0,0
3,1,8,0,3,5,3,10,15,5,10,8,10,16,7,20,13,31,34,25,33,36,32,50,42,55,48,48,50,74,61,70,76,96,93,77,100,109,99,110,96,118,122,106,124,127,136,164,134,138,114,137,142,127,126,123,131,138,123,118,133,117,109,121,100,120,102,78,77,69,60,71,76,74,75,77,57,55,64,69,41,42,41,23,28,26,27,29,29,24,20,25,24,25,16,16,16,17,14,7,6,11,13,12,8,8,13,6,7,8,2,3,7,6,1,2,7,2,0,3,6,3,6,0,3,2,4,1,3,1,0,1,0,1,1,2,1,2,0,0,1,1,1,1,1,0,1,1,0,0,0,0,1,0,0,0,0,1,0,0,1,0,0,1,0,0,0,0,0,0,0,0,0,0,0,0,0,0,0,0,0,0,0,0,0,0,0,0,0,0,0,0,0,0,0,0,0,0,0,0
2,4,3,1,2,5,4,9,17,8,11,16,15,10,13,24,12,24,32,20,25,33,50,46,46,35,42,51,57,69,56,60,94,97,88,88,80,97,120,94,94,88,130,112,139,141,123,135,134,143,146,103,144,116,108,112,128,114,126,106,130,118,101,103,82,103,99,104,74,81,72,73,73,51,62,64,72,57,48,60,42,40,34,33,32,36,31,28,24,25,24,23,24,23,15,18,16,19,8,7,9,7,12,16,13,5,7,1,12,5,4,4,4,5,0,1,4,2,5,0,6,4,4,3,5,3,3,1,4,1,1,1,3,2,2,0,2,2,0,0,0,0,2,0,0,0,1,0,1,0,0,0,0,0,0,0,0,0,0,0,0,0,0,0,0,0,0,0,0,0,0,0,0,0,0,0,0,0,0,0,0,0,0,0,0,0,0,0,0,0,0,0,0,0,0,0,0,0,0,0
3,8,5,0,1,7,2,4,17,9,11,12,13,15,9,20,13,16,23,27,27,35,43,54,49,61,33,43,53,77,72,55,83,96,71,66,79,87,120,101,110,102,101,110,111,144,144,124,139,142,122,110,117,111,127,124,132,134,131,104,112,106,103,102,109,91,81,82,71,89,70,53,62,63,68,55,57,52,45,45,45,35,41,28,23,36,25,25,27,25,23,23,21,20,20,20,13,18,13,17,12,10,9,8,11,6,7,6,9,3,3,2,4,9,4,3,3,7,3,3,2,3,1,1,4,1,4,1,4,2,1,1,1,1,1,1,2,1,0,2,0,1,1,0,0,0,0,0,0,1,0,0,0,0,0,0,0,0,0,0,0,0,0,0,0,0,0,0,0,0,0,0,0,0,0,0,0,0,0,0,0,0,0,0,0,0,0,0,0,0,0,0,0,0,0,0,0,0,0,0
3,2,4,0,2,4,4,10,13,9,5,13,8,8,8,23,14,22,31,20,28,37,41,51,44,54,39,47,46,54,66,62,72,97,88,79,82,98,121,111,97,111,127,98,125,137,126,106,129,113,131,108,117,114,96,134,106,130,106,100,96,98,84,94,80,105,95,77,70,84,75,82,66,62,58,67,43,44,45,43,37,29,39,29,40,24,38,22,27,27,19,18,23,22,16,17,15,10,15,12,6,11,5,14,9,4,13,6,5,3,7,3,3,5,3,4,5,6,3,0,3,4,5,3,3,1,2,2,3,0,1,1,0,1,1,0,0,1,2,0,0,0,1,0,1,0,0,0,0,0,0,0,0,0,0,2,0,0,0,0,0,0,0,0,0,0,0,0,0,0,0,0,0,0,0,0,0,0,0,0,0,0,0,0,0,0,0,0,0,0,0,0,0,0,0,0,0,0,0,0
4,4,1,1,2,8,3,7,11,3,1,9,18,11,13,15,18,18,26,29,25,24,33,59,33,54,52,48,57,68,67,77,70,99,82,73,83,109,113,86,78,106,131,101,91,122,132,135,112,115,117,116,122,121,111,128,95,103,105,103,94,101,86,82,65,90,78,78,71,69,58,52,56,58,51,54,58,49,49,56,35,34,34,20,33,31,34,28,24,23,16,20,24,17,14,17,11,12,10,18,13,4,7,11,12,4,8,4,6,5,3,5,2,1,5,6,2,1,3,2,3,6,5,0,6,2,2,1,3,4,1,0,1,1,0,0,0,4,1,0,1,1,0,0,0,0,1,1,0,0,1,0,0,0,0,0,0,0,0,0,0,0,0,0,2,0,0,0,0,0,0,0,0,0,0,0,0,0,0,0,0,0,0,0,0,0,0,0,0,0,0,0,0,0,0,0,0,0,0,0
5,4,5,0,4,6,3,6,20,3,10,8,15,9,12,19,22,26,24,12,28,33,33,50,51,38,34,43,52,55,78,57,74,108,89,77,90,80,106,100,94,95,104,90,95,106,124,128,123,114,101,109,121,94,121,121,80,106,107,88,113,102,95,88,94,84,80,73,71,92,54,63,42,70,48,54,50,40,47,54,33,37,31,23,32,27,25,28,20,22,17,12,20,20,18,16,17,12,6,21,16,7,9,13,6,3,12,7,4,5,6,4,2,8,7,4,2,10,2,1,6,2,2,2,6,2,2,0,0,3,0,0,0,3,1,5,3,2,0,0,0,0,1,0,0,1,0,1,0,0,0,0,0,0,0,0,0,0,0,0,0,0,0,0,0,0,0,0,0,0,0,0,0,0,0,0,0,0,0,0,0,0,0,0,0,0,0,0,0,0,0,0,0,0,0,0,0,0,0,0
1,1,2,0,1,7,1,8,14,8,9,14,9,14,14,13,23,18,22,32,21,35,42,39,37,49,36,37,46,61,63,54,81,115,73,75,86,83,95,102,98,88,106,117,104,122,114,108,124,132,98,113,119,89,95,107,86,99,90,97,90,91,83,85,97,86,79,76,92,84,68,57,64,58,55,46,50,55,36,40,37,42,31,27,21,26,30,35,26,29,17,13,18,19,16,21,9,12,15,8,8,11,11,5,15,6,10,8,5,5,12,6,6,6,2,1,2,2,2,2,5,6,4,0,3,2,2,3,0,2,1,1,3,1,1,0,1,0,1,1,1,1,0,1,0,1,0,0,0,0,0,0,0,0,0,0,0,0,0,0,0,0,0,0,0,0,0,0,0,0,0,0,0,0,0,0,0,0,0,0,0,0,0,0,0,0,0,0,0,0,0,0,0,0,0,0,0,0,0,0
5,3,2,0,2,8,4,6,13,5,12,7,8,7,8,21,16,20,31,28,19,30,26,37,40,40,35,45,52,52,66,46,69,92,82,66,63,90,127,83,94,110,99,92,99,107,111,127,106,98,102,102,104,97,98,109,117,105,104,91,108,92,80,85,77,76,86,64,57,69,47,58,52,54,49,56,45,37,36,47,46,38,27,30,19,33,25,30,16,15,18,13,22,19,18,22,18,9,13,8,9,12,5,5,9,4,9,9,11,7,6,4,6,3,2,4,2,2,2,2,5,0,5,2,5,1,2,1,2,2,2,3,1,1,1,2,0,1,0,2,0,1,0,0,0,1,0,0,0,0,2,0,0,0,0,0,0,0,0,0,0,0,0,0,0,0,0,0,0,0,0,0,0,0,0,0,0,0,0,0,0,0,0,0,0,0,0,0,0,0,0,0,0,0,0,0,0,0,0,0
3,2,3,1,1,2,0,14,13,7,6,7,7,12,8,17,10,19,29,35,22,34,33,53,32,37,35,28,69,64,71,49,63,82,66,67,60,81,113,89,93,90,110,83,107,99,125,121,104,112,108,99,126,107,128,93,100,109,112,84,97,78,74,98,90,72,76,65,64,64,67,64,37,54,45,51,43,52,41,37,43,33,35,20,32,38,26,21,21,20,23,17,19,17,14,10,8,7,12,6,8,8,8,6,9,6,10,9,3,5,9,7,2,2,3,4,4,2,4,1,3,1,2,3,2,5,4,1,3,0,1,1,2,1,4,0,0,0,3,0,0,0,0,1,0,0,0,0,1,0,0,1,0,0,0,0,0,0,0,0,0,0,0,0,1,0,0,0,0,0,0,0,0,0,0,0,0,0,0,0,0,0,0,0,0,0,0,0,0,0,0,0,0,0,0,0,0,0,0,0
1,3,3,0,0,5,5,7,9,7,4,5,4,9,12,18,20,15,22,26,29,26,29,40,34,49,26,44,46,53,57,55,88,76,70,62,68,61,95,66,69,77,98,108,116,107,136,135,107,102,90,96,101,87,87,86,82,101,107,103,103,98,79,73,70,80,66,74,66,67,55,54,42,42,60,52,52,40,39,39,37,45,33,27,33,26,25,20,21,21,14,15,15,9,16,11,10,10,11,7,7,11,7,4,4,10,8,5,5,3,6,3,4,5,6,3,3,2,2,1,3,1,3,1,3,2,2,4,2,2,1,2,0,1,0,0,1,0,0,1,0,0,1,0,1,0,4,0,0,0,0,2,0,0,0,0,0,0,1,0,0,0,0,0,0,0,0,0,0,0,0,0,0,0,0,0,0,0,0,0,0,0,0,0,0,0,0,0,0,0,0,0,0,0,0,0,0,0,0,0
3,7,6,1,2,6,2,6,11,6,3,13,11,7,7,22,22,19,26,23,18,31,34,47,31,44,32,39,48,54,50,59,76,77,46,67,61,84,99,74,95,88,94,97,117,96,89,122,96,113,90,95,108,108,122,83,99,89,90,77,96,93,73,72,83,77,81,59,52,49,53,72,63,48,41,46,40,31,45,36,35,32,39,19,29,28,26,23,21,26,16,15,15,17,7,14,14,17,10,12,7,6,11,7,4,5,9,5,9,4,7,1,5,4,1,4,5,2,2,5,3,1,1,3,2,1,3,0,1,0,1,0,0,1,1,1,1,1,0,0,0,1,0,0,0,0,1,0,0,0,1,0,0,0,0,0,0,0,0,0,0,0,0,0,0,0,0,0,0,0,0,0,0,0,0,0,0,0,0,0,0,0,0,0,0,0,0,0,0,0,0,0,0,0,0,0,0,0,0,0
1,7,0,0,1,2,5,3,15,11,11,5,11,6,5,16,15,17,25,26,25,35,35,39,35,32,27,32,47,67,58,54,74,85,66,62,89,82,114,77,67,89,102,86,92,117,103,117,107,104,108,96,106,97,114,106,101,97,71,87,78,77,76,57,67,80,80,60,73,59,51,61,50,36,41,66,39,41,41,32,44,37,33,25,29,25,15,24,16,15,18,16,19,22,15,12,12,7,10,11,9,7,9,2,9,7,4,6,7,5,3,4,8,1,3,3,9,2,0,2,1,3,6,0,0,1,0,3,4,4,0,0,1,3,1,4,0,0,0,0,1,1,0,1,2,0,0,0,0,0,1,0,0,0,0,0,0,0,0,0,0,0,0,1,0,0,0,0,0,0,0,0,0,0,0,0,0,0,0,0,0,0,0,0,0,0,0,0,0,0,0,0,0,0,0,0,0,0,0,0
1,6,1,0,2,2,0,5,20,5,3,11,7,14,8,13,12,15,27,10,17,37,26,30,36,28,37,33,39,53,48,49,65,84,70,65,71,83,101,81,81,79,96,94,106,94,87,102,92,100,76,95,106,77,84,87,97,65,74,64,83,83,84,68,63,68,67,59,81,55,49,55,41,53,50,43,43,45,31,35,20,23,18,26,26,15,31,19,26,20,13,16,16,10,13,14,8,10,7,10,14,7,5,6,4,3,4,3,3,2,7,4,4,2,5,1,3,6,2,1,1,5,2,2,1,3,3,0,1,1,1,1,2,0,0,0,0,2,1,0,0,0,0,0,0,1,0,0,0,0,0,0,0,0,0,0,0,0,0,0,0,0,0,0,0,0,0,0,0,0,0,0,0,0,0,0,0,0,0,0,0,0,0,0,0,0,0,0,0,0,0,0,0,0,0,0,0,0,0,0
1,3,2,0,3,8,3,6,13,4,6,8,2,9,9,12,14,15,23,18,14,28,37,34,30,33,35,39,51,50,38,49,68,83,52,61,48,78,98,85,79,71,86,89,91,79,106,113,108,95,82,94,115,82,115,76,79,92,85,82,74,85,66,59,53,78,73,46,55,59,46,50,52,46,35,43,37,38,38,30,34,29,19,23,25,24,19,31,18,14,14,14,14,9,9,9,12,8,7,9,11,6,4,6,10,2,7,4,5,7,8,3,4,4,1,4,2,0,3,2,1,4,4,1,5,2,0,3,3,1,0,2,0,2,1,0,2,0,0,1,0,1,0,0,1,0,0,0,0,0,0,0,0,0,1,1,0,0,0,0,0,0,0,0,0,0,0,0,0,0,0,0,0,0,0,0,0,0,0,0,0,0,0,0,0,0,0,0,0,0,0,0,0,0,0,0,0,0,0,0
1,4,3,2,6,8,0,9,16,6,6,7,8,3,7,15,15,21,16,27,26,22,37,32,29,33,26,46,46,58,45,52,74,74,67,76,64,80,89,78,82,74,96,85,96,99,102,111,100,93,85,100,82,72,74,84,93,91,73,73,78,75,80,75,61,68,63,54,50,57,50,61,40,34,40,52,34,37,34,36,26,23,16,18,22,18,15,20,12,24,17,14,28,18,16,10,8,14,3,11,9,9,8,8,7,6,8,5,5,3,2,2,2,2,5,3,3,5,1,3,1,1,4,3,3,2,2,1,2,1,0,1,0,2,2,0,1,1,0,0,0,0,0,2,0,1,0,0,0,0,0,1,0,0,0,0,0,1,0,0,0,0,0,0,1,0,0,0,0,0,0,0,0,0,0,0,0,0,0,0,0,0,0,0,0,0,0,0,0,0,0,0,0,0,0,0,0,0,0,0
1,0,3,0,4,11,3,8,18,5,8,7,6,10,9,14,12,14,20,26,25,25,32,26,27,29,35,44,44,51,51,55,43,86,57,59,63,46,79,76,73,79,82,67,85,102,86,104,80,67,85,70,102,82,90,96,80,70,74,92,80,74,67,71,58,64,68,66,46,57,42,59,45,33,41,42,24,41,33,25,24,24,32,16,27,24,14,34,28,19,22,20,14,11,13,8,7,4,8,11,8,6,12,2,3,7,6,4,5,1,4,5,1,2,2,3,2,1,0,2,3,1,5,2,4,2,3,0,4,1,2,0,0,1,1,0,1,0,1,0,1,1,0,0,0,0,0,0,0,0,0,0,0,0,0,0,0,0,0,0,0,0,0,0,0,0,0,0,0,0,0,0,0,0,0,0,0,0,0,0,0,0,0,0,0,0,0,0,0,0,0,0,0,0,0,0,0,0,0,0
2,2,3,0,3,8,2,1,11,4,3,4,9,9,5,14,12,9,12,23,21,23,38,43,30,35,35,33,34,46,52,48,57,86,63,47,73,62,75,70,70,67,77,85,97,74,95,92,88,75,96,87,81,62,79,78,93,77,84,82,69,72,55,68,67,62,52,46,54,46,55,52,58,30,53,37,42,34,35,34,33,35,21,21,27,23,23,14,14,17,18,18,15,13,6,10,8,11,16,10,8,7,8,8,9,9,6,3,9,3,3,2,5,3,5,1,2,3,3,2,4,3,2,3,2,0,0,1,0,2,3,1,0,1,1,2,0,0,2,0,0,0,0,0,0,0,1,0,1,0,0,1,0,0,0,0,0,0,0,0,0,0,0,0,0,0,0,0,0,0,0,0,0,0,0,0,0,0,0,0,0,0,0,0,0,0,0,0,0,0,0,0,0,0,0,0,0,0,0,0
1,4,1,1,0,4,4,3,13,8,5,5,4,7,9,12,8,11,18,19,15,21,33,40,36,35,41,29,40,38,49,45,53,64,60,49,59,64,95,75,72,67,74,71,98,96,97,83,103,107,77,79,70,80,84,77,63,73,88,60,55,72,71,63,69,57,66,66,53,45,55,54,40,34,28,34,35,39,32,30,30,22,27,16,22,17,17,15,18,16,14,8,15,15,11,16,12,8,7,12,7,4,6,6,6,9,12,3,3,1,2,4,2,1,4,4,1,2,0,1,3,1,3,0,0,2,2,2,1,0,1,0,0,1,1,0,0,0,0,2,0,0,1,0,0,1,0,0,0,0,0,0,0,0,0,0,0,0,0,0,0,0,0,0,0,0,0,0,0,0,0,0,0,0,0,0,0,0,0,0,0,0,0,0,0,0,0,0,0,0,0,0,0,0,0,0,0,0,0,0
0,2,5,0,0,4,2,10,14,6,4,11,8,14,5,14,12,19,16,18,17,15,30,27,38,31,20,35,46,48,36,51,62,55,63,51,50,74,71,91,71,70,71,81,89,78,92,76,90,85,77,96,81,83,69,81,67,80,76,72,81,69,74,67,51,68,69,52,50,47,50,44,49,40,36,41,36,24,43,37,31,26,25,20,25,20,15,19,18,15,10,16,16,17,10,9,4,5,12,9,5,7,8,2,6,6,9,4,2,5,2,4,1,6,1,2,3,2,1,1,2,0,1,3,0,1,3,3,0,0,1,0,0,0,0,1,0,0,0,0,0,1,1,0,0,0,0,0,0,0,0,0,0,0,0,1,1,0,0,0,0,0,0,0,0,0,0,0,0,0,0,0,0,0,0,0,0,0,0,0,0,0,0,0,0,0,0,0,0,0,0,0,0,0,0,0,0,0,0,0
4,1,1,1,5,4,2,6,12,7,8,8,5,7,9,13,15,19,24,15,21,26,24,25,32,22,20,34,33,53,48,46,66,57,45,45,68,58,69,59,49,57,68,72,63,98,74,111,75,88,81,89,74,69,86,71,68,60,77,61,72,66,77,66,69,51,52,55,42,60,32,48,36,39,41,36,35,37,25,21,29,24,27,19,30,14,10,18,13,10,16,13,15,11,8,6,15,6,6,3,3,6,10,5,9,2,10,2,2,3,2,2,3,3,2,1,2,3,1,2,0,3,0,2,1,0,3,1,1,0,1,0,1,0,0,1,0,0,0,2,0,0,0,0,1,0,0,0,0,0,0,0,0,0,0,0,0,0,0,0,0,0,0,0,0,0,0,0,0,0,0,0,0,0,0,0,0,0,0,0,0,0,0,0,0,0,0,0,0,0,0,0,0,0,0,0,0,0,0,0
1,2,3,0,1,3,2,6,10,2,6,9,12,6,5,9,9,15,15,20,22,19,29,29,33,36,28,25,26,55,39,40,52,61,56,50,51,55,80,61,69,66,56,68,74,70,86,100,67,90,66,76,85,64,78,75,71,86,73,67,68,62,53,71,52,58,66,35,55,42,39,50,28,36,35,30,32,26,29,29,24,28,9,13,18,27,17,18,13,6,14,14,12,16,10,12,10,9,8,10,4,5,9,3,12,2,8,7,2,3,5,3,4,4,4,3,4,1,1,3,2,4,3,2,2,0,2,0,0,0,0,0,1,1,1,0,1,0,1,0,0,0,1,0,0,0,0,0,0,0,0,0,0,0,0,0,0,0,0,0,0,0,0,0,0,0,0,0,0,0,0,0,0,0,0,0,0,0,0,0,0,0,0,0,0,0,0,0,0,0,0,0,0,0,0,0,0,0,0,0
3,7,1,0,2,3,2,7,11,2,5,6,6,9,10,11,9,12,16,23,20,23,24,32,34,32,24,25,33,43,46,45,60,51,36,50,49,56,71,43,53,63,81,73,84,86,78,73,73,68,87,81,62,72,74,71,53,63,75,55,61,58,58,61,54,66,45,42,67,43,27,52,43,31,38,43,34,21,28,26,26,25,18,22,21,21,12,17,19,15,12,12,8,13,7,10,8,8,12,10,14,9,11,4,5,2,10,4,2,2,6,2,2,5,5,2,4,1,3,2,1,0,2,0,2,0,3,1,3,4,1,0,1,1,0,1,2,1,0,1,1,0,0,0,1,0,0,0,0,0,0,0,0,0,0,0,0,0,0,0,0,0,0,0,0,0,0,0,0,0,0,0,0,0,0,0,0,0,0,0,0,0,0,0,0,0,0,0,0,0,0,0,0,0,0,0,0,0,0,0
2,5,4,1,2,2,3,7,3,6,7,7,5,7,8,10,8,13,14,14,17,31,32,22,27,30,22,32,38,38,55,49,48,70,52,50,49,54,63,66,62,58,67,57,62,82,74,86,76,68,72,65,72,71,60,82,63,78,81,58,66,48,69,49,45,47,48,42,45,50,41,43,27,35,38,33,31,28,21,15,24,18,22,17,18,17,13,16,20,12,12,12,14,11,10,10,11,5,6,2,3,7,6,2,4,8,3,1,1,4,2,2,1,1,1,1,4,2,1,0,2,1,2,0,3,0,1,1,0,0,2,1,1,2,0,0,2,0,1,2,1,0,0,0,0,0,1,0,0,0,0,0,0,0,0,0,0,0,0,0,0,0,0,0,0,0,0,0,0,0,0,0,0,0,0,0,0,0,0,0,0,0,0,0,0,0,0,0,0,0,0,0,0,0,0,0,0,0,0,0
0,3,2,0,2,3,4,7,13,6,4,7,8,6,13,10,9,15,14,22,9,23,24,24,25,27,34,21,29,36,42,33,52,55,36,52,61,59,71,68,66,52,60,56,73,70,67,82,63,73,70,66,96,59,56,71,66,63,70,66,53,56,58,49,51,64,53,40,51,48,38,49,29,45,24,31,28,26,22,20,27,25,21,20,16,17,11,16,8,13,13,9,11,9,10,3,6,4,3,6,5,5,9,6,4,4,4,3,6,1,6,3,0,0,5,0,0,4,1,0,1,2,1,0,1,1,0,0,1,0,0,4,1,0,1,1,0,0,1,0,0,1,0,0,0,0,1,2,0,0,0,0,0,0,0,0,0,0,0,0,0,0,0,0,0,0,0,0,0,0,0,0,0,0,0,0,0,0,0,0,0,0,0,0,0,0,0,0,0,0,0,0,0,0,0,0,0,0,0,0
0,5,2,0,1,2,4,5,12,2,7,6,5,11,6,10,9,19,12,19,10,17,23,19,26,21,21,26,42,35,43,33,59,54,53,45,45,46,61,74,51,61,72,60,71,69,72,64,64,74,68,73,65,62,73,68,55,60,58,43,49,62,62,52,61,53,47,47,35,40,38,53,30,32,28,30,38,29,16,21,29,23,17,17,15,17,14,11,14,13,15,14,9,6,5,9,4,8,9,4,7,3,5,5,7,4,4,1,2,3,2,6,4,3,2,1,4,3,1,2,1,1,4,0,0,1,0,0,1,0,0,0,1,0,0,0,1,0,1,0,0,0,0,1,0,0,0,0,0,0,0,0,0,0,0,0,0,0,0,0,0,0,0,1,0,0,0,0,0,0,0,0,0,0,0,0,0,0,0,0,0,0,0,0,0,0,0,0,0,0,0,0,0,0,0,0,0,0,0,0
5,3,2,0,1,4,1,6,9,5,10,7,8,9,5,7,9,14,22,15,10,24,23,34,23,27,16,29,27,29,39,32,39,59,56,50,46,57,84,68,60,59,70,72,78,80,71,66,77,71,49,68,77,51,59,61,57,52,60,48,54,68,56,42,47,50,50,47,52,37,35,43,34,33,41,26,16,29,26,13,31,20,16,15,12,13,14,10,15,8,11,12,11,10,9,6,4,6,4,6,8,5,2,2,7,3,5,7,7,1,1,3,3,4,3,1,2,2,0,2,2,6,5,3,0,0,1,1,0,1,1,3,0,3,1,0,1,0,0,0,0,0,0,0,0,0,0,0,0,0,0,0,0,0,0,0,0,0,1,0,0,0,0,0,0,0,0,0,0,0,0,0,0,0,0,0,0,0,0,0,0,0,0,0,0,0,0,0,0,0,0,0,0,0,0,0,0,0,0,0
1,1,5,0,0,3,2,3,6,4,5,1,6,5,6,6,8,14,17,17,16,23,26,36,24,28,25,12,36,40,37,43,35,46,38,51,52,40,60,60,52,56,76,59,76,62,66,58,69,53,60,59,85,52,60,68,66,51,56,55,62,54,38,53,60,48,37,46,35,49,21,43,28,21,23,33,28,25,26,22,23,21,16,11,15,11,14,16,10,14,15,17,9,13,10,10,3,6,6,10,7,7,2,3,6,1,3,6,4,3,4,2,1,1,3,2,2,1,1,2,1,4,3,5,3,0,2,1,1,2,3,1,0,0,0,0,1,0,0,0,0,0,1,0,0,0,1,0,0,0,0,0,0,0,0,0,0,0,1,0,0,0,0,0,1,0,0,0,0,0,0,0,0,0,0,0,0,0,0,0,0,0,0,0,0,0,0,0,0,0,0,0,0,0,0,0,0,0,0,0
1,1,2,0,1,3,1,5,6,8,1,7,6,9,5,14,10,7,18,20,12,19,22,24,30,32,20,30,25,39,46,37,40,63,48,49,51,53,67,56,57,51,55,57,61,58,70,72,66,64,45,61,71,67,63,54,53,58,53,61,44,37,66,49,50,58,40,51,48,34,34,27,30,16,28,39,22,27,18,21,27,29,21,14,11,18,10,16,15,9,8,6,15,7,8,8,8,13,4,6,2,5,4,9,10,2,2,1,2,3,2,1,1,3,4,3,1,4,2,0,4,3,2,0,0,1,2,1,3,1,0,0,2,2,0,2,0,0,0,1,1,1,0,0,0,0,0,0,0,1,0,0,0,0,0,0,0,0,0,0,0,0,0,0,0,0,0,0,0,0,0,0,0,0,0,0,0,0,0,0,0,0,0,0,0,0,0,0,0,0,0,0,0,0,0,0,0,0,0,0
1,3,3,0,0,2,2,3,18,5,4,12,2,8,8,9,8,15,11,17,18,25,21,21,25,21,26,20,20,34,33,30,66,49,57,38,47,43,48,52,57,44,75,66,64,73,74,53,70,66,65,49,86,71,45,64,52,53,54,56,50,47,41,47,48,64,49,27,35,39,30,25,32,39,36,28,21,25,25,28,22,20,22,16,14,14,16,14,16,12,7,4,8,9,5,12,6,7,2,3,12,6,5,8,2,0,5,6,2,2,4,2,0,1,2,2,1,1,1,0,3,0,1,3,1,0,0,0,1,0,1,1,0,0,1,0,1,0,0,0,0,1,1,2,0,0,0,0,0,0,0,0,0,0,0,0,0,0,0,0,1,0,0,1,0,0,0,0,0,0,0,0,0,0,0,0,0,0,0,0,0,0,0,0,0,0,0,0,0,0,0,0,0,0,0,0,0,0,0,0
1,3,3,1,1,3,3,3,8,1,1,2,3,5,5,7,6,12,11,19,12,14,24,27,27,28,19,18,27,46,38,30,45,52,47,36,47,52,74,62,49,57,51,59,59,62,65,86,69,66,62,67,50,64,52,65,50,53,59,51,59,56,42,46,38,33,38,45,34,34,36,39,25,29,32,34,21,20,15,19,16,15,18,10,9,22,15,19,17,9,11,11,10,16,5,6,7,5,5,9,5,7,2,7,5,2,3,3,1,5,2,3,4,1,0,2,4,2,2,0,1,2,3,0,2,1,1,0,0,1,0,1,0,0,3,1,1,1,0,0,0,0,1,0,0,0,0,0,0,0,0,0,0,0,0,0,0,0,0,0,0,0,0,0,0,0,0,0,0,0,0,0,0,0,0,0,0,0,0,0,0,0,0,0,0,0,0,0,0,0,0,0,0,0,0,0,0,0,0,0
2,2,2,0,4,3,2,6,9,4,6,8,5,7,5,11,6,9,13,19,18,15,25,25,29,25,20,17,23,33,35,30,44,31,46,46,42,40,52,45,56,56,49,46,72,63,67,66,44,58,60,58,65,57,64,58,58,51,52,50,56,46,53,35,32,45,54,38,33,34,40,32,25,31,24,26,29,21,17,19,16,20,13,19,11,16,13,11,11,11,8,8,8,10,9,11,5,6,5,4,2,4,6,7,3,3,3,2,2,4,1,3,0,2,7,1,2,1,2,2,2,1,1,2,0,3,1,0,2,0,0,0,1,0,0,1,0,1,0,1,0,1,0,0,0,0,0,0,0,0,0,0,0,0,0,0,0,0,0,0,0,0,0,0,0,0,0,0,0,0,0,0,0,0,0,0,0,0,0,0,0,0,0,0,0,0,0,0,0,0,0,0,0,0,0,0,0,0,0,0
2,5,5,0,4,3,3,1,6,2,4,5,6,7,2,9,10,7,12,14,7,21,21,28,21,21,16,32,34,33,27,31,36,43,43,37,35,41,55,47,61,46,62,49,71,56,47,62,60,70,46,66,68,49,49,52,52,48,50,39,51,48,37,55,43,46,37,34,38,35,37,32,20,22,20,12,32,21,25,10,21,12,21,10,13,9,11,12,10,9,14,9,12,7,9,7,8,4,2,1,7,5,3,4,4,2,3,0,6,1,2,4,1,2,3,1,0,1,2,0,2,1,2,0,1,1,0,2,1,0,0,1,1,0,0,0,0,1,0,0,1,1,0,0,0,0,0,0,0,0,0,0,0,0,0,0,0,0,0,0,0,0,0,0,0,0,0,0,0,0,0,0,0,0,0,0,0,0,0,0,0,0,0,0,1,0,0,0,0,0,0,0,0,0,0,0,0,0,0,0
0,0,1,0,0,2,1,2,6,4,4,6,7,5,5,10,13,14,18,20,13,18,26,25,22,22,22,23,14,31,37,42,49,38,45,25,44,51,53,40,37,44,53,44,58,62,63,72,68,63,51,50,59,56,48,57,49,40,50,59,44,50,38,47,41,43,27,34,27,31,25,24,20,26,29,15,28,21,23,14,12,18,8,19,16,10,16,6,10,9,11,6,9,4,9,8,4,3,9,5,6,4,2,3,4,3,4,3,2,3,2,7,2,2,1,1,2,1,1,2,1,0,5,0,0,1,0,3,1,1,0,1,1,1,1,1,0,0,0,0,0,0,0,0,0,0,0,0,0,1,1,2,0,0,0,0,0,0,0,0,0,0,0,0,0,0,0,0,0,0,0,0,0,0,0,0,0,0,0,0,0,0,0,0,0,0,0,0,0,0,0,0,0,0,0,0,0,0,0,0
2,1,4,0,0,3,3,2,6,2,1,4,6,1,9,9,6,6,26,14,9,16,18,23,16,29,25,10,19,27,30,28,35,48,50,42,55,41,57,39,42,53,55,38,56,50,62,68,61,50,52,45,52,41,52,46,36,47,47,39,47,41,38,32,35,41,28,40,40,38,31,25,21,24,20,32,19,22,17,18,13,15,19,15,20,15,13,16,7,4,8,8,9,12,2,7,4,4,7,3,5,6,5,3,2,3,1,5,2,4,2,0,1,2,4,1,1,2,0,0,2,1,3,0,0,1,1,2,0,3,3,1,1,0,0,0,1,0,1,0,0,0,0,0,0,0,1,0,0,0,0,0,0,0,0,0,0,0,1,0,0,0,0,0,0,0,0,0,0,0,0,0,0,0,0,0,0,0,0,0,0,0,0,0,0,0,0,0,0,0,0,0,0,0,0,0,0,0,0,0
0,0,2,0,3,0,1,2,8,3,3,1,10,6,3,13,14,13,18,13,5,19,21,19,17,15,20,19,25,33,44,32,31,39,47,34,32,38,59,41,30,45,53,48,56,51,55,51,49,53,48,53,66,41,51,51,60,47,46,41,43,33,36,49,44,38,35,25,27,20,32,41,24,26,32,27,25,18,15,16,13,23,11,10,7,13,10,15,8,10,4,10,7,8,8,2,4,6,10,0,4,4,4,6,3,2,1,3,3,1,4,1,1,1,1,0,0,2,0,0,3,0,0,0,2,0,0,0,1,1,0,1,0,1,0,0,0,0,0,0,0,0,0,0,0,0,0,0,0,0,0,0,0,0,0,0,0,0,0,0,0,0,0,0,0,0,0,0,0,0,0,0,0,0,0,0,0,0,0,0,0,0,0,0,0,0,0,0,0,0,0,0,0,0,0,0,0,0,0,0
2,2,2,0,3,3,0,3,7,3,5,5,2,9,7,13,7,7,12,18,14,18,16,21,22,30,16,22,11,36,29,30,42,36,44,37,24,40,44,44,42,51,54,52,41,49,45,61,55,45,54,54,54,42,61,42,48,46,40,35,37,34,47,48,29,24,23,30,38,36,35,22,27,29,20,26,20,23,18,13,16,9,20,17,13,16,12,12,12,9,9,9,9,5,5,8,5,9,1,8,5,2,2,1,2,1,1,1,1,1,3,2,3,0,2,1,2,0,1,0,1,2,1,2,1,1,2,0,0,1,1,3,2,0,0,0,1,1,0,0,0,1,0,0,0,0,0,0,0,0,0,0,0,0,0,0,0,0,0,0,0,0,0,0,0,0,0,0,0,0,0,0,0,0,0,0,0,0,0,0,0,0,0,0,0,0,0,0,0,0,0,0,0,0,0,0,0,0,0,0
0,3,2,0,1,2,4,4,8,3,3,6,5,2,5,4,10,10,11,14,12,20,18,23,17,25,16,15,16,32,24,31,33,54,32,29,30,46,54,39,43,52,44,48,55,57,61,55,55,52,47,48,50,35,50,41,43,48,45,30,45,33,41,34,28,34,37,24,35,29,22,24,17,21,24,28,12,18,14,16,13,11,14,12,14,15,7,9,9,6,6,6,6,6,6,7,4,8,3,6,2,4,1,5,6,2,4,2,7,5,1,3,6,4,1,0,6,1,0,3,0,0,0,1,0,0,0,2,3,0,0,0,0,0,0,0,0,0,1,0,0,0,0,0,0,0,1,0,0,0,0,0,0,0,0,0,0,0,0,0,0,0,0,0,0,0,0,0,0,0,0,0,0,0,0,0,0,0,0,0,0,0,0,0,0,0,0,0,0,0,0,0,0,0,0,0,0,0,0,0
2,2,0,1,4,0,0,5,6,3,0,3,6,5,3,5,4,11,20,14,8,16,19,26,30,29,22,20,22,21,32,28,40,42,30,33,37,37,52,40,43,51,63,50,58,59,57,49,59,46,49,49,52,51,37,44,48,48,45,35,32,38,52,35,33,24,37,34,23,28,29,23,24,20,22,27,21,19,17,15,16,19,9,13,13,4,11,16,8,11,10,8,5,7,3,5,6,3,3,4,4,5,3,3,4,4,4,1,2,2,2,2,2,0,1,0,4,0,1,2,1,0,2,2,1,0,0,1,2,1,0,0,1,1,1,1,0,0,0,0,0,1,0,0,0,0,0,0,0,0,0,0,0,0,0,0,0,0,0,0,0,0,0,0,0,0,0,0,0,0,0,0,0,0,0,0,0,0,0,0,0,0,0,0,0,0,0,0,0,0,0,0,0,0,0,0,0,0,0,0
0,3,1,0,0,0,2,4,15,2,2,3,5,5,5,7,5,4,17,10,6,19,27,28,23,22,14,23,24,29,20,24,30,42,34,22,28,36,47,38,41,36,43,46,46,39,48,55,65,46,46,30,49,51,47,47,48,28,46,50,43,30,43,43,42,24,27,25,41,22,20,31,34,22,25,24,18,17,17,15,13,17,10,19,12,12,13,17,5,6,4,10,4,7,5,3,5,6,2,2,4,4,4,2,3,2,4,0,3,3,6,0,2,2,2,0,2,0,1,1,0,1,1,0,1,0,0,0,2,1,0,0,0,0,0,1,0,2,0,0,0,0,0,0,0,0,1,0,0,0,0,0,0,0,0,0,0,0,0,0,0,0,0,0,0,0,0,0,0,0,0,0,0,0,0,0,0,0,0,0,0,0,0,0,0,0,0,0,0,0,0,0,0,0,0,0,0,0,0,0
1,1,1,0,1,2,0,5,8,0,1,5,7,8,3,5,10,8,10,18,16,12,20,27,16,20,18,15,14,31,27,19,37,42,24,31,28,45,44,56,51,44,28,36,48,55,48,48,43,60,42,42,48,35,38,41,39,37,46,39,42,43,42,36,31,37,34,20,33,28,38,30,16,18,18,15,20,18,11,13,16,14,16,13,15,12,8,14,13,10,11,4,3,12,10,8,3,3,5,2,4,5,2,2,3,0,2,0,1,1,1,1,0,1,1,3,0,0,1,0,0,1,0,0,1,1,1,1,1,2,1,1,1,1,0,1,0,1,0,0,0,0,1,0,0,0,0,0,0,0,0,0,0,0,0,0,0,0,0,0,0,0,0,0,0,0,0,0,0,0,0,0,0,0,0,0,0,0,0,0,0,0,0,0,0,0,0,0,0,0,0,0,0,0,0,0,0,0,0,0
0,1,0,0,1,3,0,1,6,3,4,3,2,5,4,4,5,12,15,13,16,16,22,6,23,19,13,19,27,20,18,29,31,43,28,36,22,33,54,34,41,40,59,45,44,45,34,45,38,43,39,39,43,36,33,46,51,36,39,36,40,31,31,31,35,31,34,30,30,24,22,19,15,22,25,16,18,18,19,14,18,19,10,11,19,10,13,9,5,9,4,8,6,10,6,6,3,2,1,5,7,3,2,3,0,1,7,3,0,0,0,0,1,2,2,1,1,1,1,0,0,1,1,0,0,1,0,1,0,0,0,1,1,2,0,1,0,1,0,0,1,0,0,0,0,0,0,0,0,1,0,0,0,0,0,1,0,0,0,0,0,0,0,0,0,0,0,0,0,0,0,0,0,0,0,0,0,0,0,0,0,0,0,0,0,0,0,0,0,0,0,0,0,0,0,0,0,0,0,0
0,3,1,0,0,0,1,1,2,0,3,3,3,5,6,11,11,12,10,5,9,12,13,19,20,16,19,25,29,20,15,23,27,45,25,23,27,32,42,34,24,35,58,39,51,35,47,53,49,37,43,39,40,31,53,40,47,27,31,38,44,48,38,27,35,35,22,18,37,22,24,22,23,22,19,15,12,18,20,19,18,17,10,13,12,19,16,6,11,3,7,3,6,9,7,5,7,4,3,7,1,1,6,4,2,5,3,3,1,5,1,0,2,5,1,2,1,3,0,1,1,4,0,2,1,0,2,0,0,0,0,1,0,0,0,0,1,0,0,0,0,0,0,0,0,0,1,0,0,0,0,0,0,0,0,0,0,0,0,0,0,0,0,0,0,0,0,0,0,0,0,0,0,0,0,0,0,0,0,0,0,0,0,0,0,0,0,0,0,0,0,0,0,0,0,0,0,0,0,0
1,1,1,1,1,4,0,7,9,3,3,6,5,5,2,10,7,7,16,11,8,20,19,29,17,21,11,12,26,23,32,28,34,41,29,33,33,57,41,38,26,34,48,38,44,40,47,44,47,42,43,46,34,41,42,38,34,44,37,32,40,34,35,36,33,28,21,22,27,19,12,23,11,16,18,22,20,18,13,13,17,16,11,5,8,12,9,9,7,4,6,3,5,8,2,7,5,5,3,2,5,1,4,6,1,2,0,2,2,2,4,2,2,2,2,1,0,1,1,0,0,2,2,0,1,0,0,1,1,0,1,1,2,0,0,0,0,0,0,0,1,0,0,0,0,0,0,0,0,0,0,0,0,0,0,0,0,0,0,0,0,0,0,0,0,0,0,0,0,0,0,0,0,0,0,0,0,0,0,0,0,0,0,0,0,0,0,0,0,0,0,0,0,0,0,0,0,0,0,0
0,8,1,1,0,3,0,3,7,5,6,2,5,5,5,9,7,15,12,9,16,13,13,19,18,16,20,19,18,26,25,19,34,53,22,24,37,37,43,37,30,42,37,31,41,41,41,47,37,49,37,38,50,42,35,47,40,44,49,32,40,29,33,29,33,32,38,22,24,26,22,32,22,21,17,12,15,19,18,12,10,10,8,10,11,14,8,6,8,8,7,8,9,4,6,4,3,1,5,4,2,5,6,0,2,4,3,6,3,1,2,1,3,0,2,3,0,1,1,0,2,0,2,2,0,0,0,1,0,0,1,1,1,0,0,0,0,2,1,0,0,0,0,0,0,0,0,0,0,0,0,0,0,0,0,0,0,0,0,0,0,0,0,0,0,0,0,0,0,0,0,0,0,0,0,0,0,0,0,0,0,0,0,0,0,0,0,0,0,0,0,0,0,0,0,0,0,0,0,0
1,0,2,0,1,1,1,1,7,5,2,5,3,4,3,6,7,6,13,15,14,19,16,24,18,18,13,18,22,27,34,23,27,25,23,36,16,38,39,29,45,39,39,29,36,41,48,38,28,38,24,29,46,33,39,25,34,34,32,32,36,29,32,33,25,38,26,32,20,18,19,28,14,19,26,15,16,19,16,12,15,6,14,9,17,14,5,7,4,9,3,6,7,7,4,6,6,2,2,4,2,0,9,3,1,2,3,6,1,0,0,3,1,1,2,4,2,1,1,1,1,2,2,1,0,1,0,0,0,0,1,1,0,1,1,1,1,0,0,0,0,0,0,0,0,0,0,0,0,0,0,1,0,0,0,0,0,0,0,0,0,0,0,0,0,0,0,0,0,0,0,0,0,0,0,0,0,0,0,0,0,0,0,0,0,0,0,0,0,0,0,0,0,0,0,0,0,0,0,0
0,2,2,0,0,1,0,4,9,3,4,2,2,3,5,12,13,10,9,11,3,14,13,19,13,13,12,9,25,19,25,19,30,26,30,30,27,29,38,39,30,34,54,44,33,53,47,52,35,40,37,47,45,42,30,42,27,40,53,40,39,43,24,37,33,27,23,27,20,23,18,25,16,23,20,21,13,16,13,18,13,15,9,9,10,7,10,10,4,9,3,5,7,7,4,4,4,2,0,3,3,3,3,3,4,1,4,1,0,3,2,4,2,0,1,1,1,0,1,2,0,0,0,0,0,0,1,0,0,2,0,0,0,1,0,0,1,0,0,0,0,0,0,0,0,0,0,0,0,0,0,0,0,0,0,0,0,0,0,0,0,0,0,0,0,0,0,0,0,0,0,0,0,0,0,0,0,0,0,0,0,0,0,0,0,0,0,0,0,0,0,0,0,0,0,0,0,0,0,0
1,0,1,1,4,3,1,4,5,1,4,4,7,4,1,7,8,4,18,11,5,9,14,19,15,12,23,11,15,19,23,24,22,41,15,25,28,35,41,41,34,35,29,38,32,32,35,28,36,43,38,26,32,38,41,33,46,40,32,26,19,38,32,27,24,26,26,24,26,22,22,26,21,18,25,21,16,10,17,10,7,7,15,7,4,8,6,2,4,5,13,8,3,8,4,5,0,3,6,1,3,1,3,0,4,3,4,4,3,0,1,1,1,1,2,1,0,0,0,1,0,0,3,2,2,1,2,0,0,1,0,0,0,1,0,0,1,0,0,1,0,0,1,0,0,0,0,0,0,0,0,0,0,0,0,0,0,0,0,0,0,0,0,0,0,0,0,0,0,0,0,0,0,0,0,0,0,0,0,0,0,0,0,0,0,0,0,0,0,0,0,0,0,0,0,0,0,0,0,0
0,3,2,0,2,1,2,1,2,1,1,3,2,7,2,6,5,6,12,6,5,11,18,20,18,16,6,20,17,20,15,20,28,41,32,24,41,40,30,37,39,34,31,35,37,36,41,45,36,34,44,38,52,37,35,25,45,30,33,34,29,27,23,20,30,18,22,20,21,18,16,16,15,16,13,17,9,14,11,13,10,10,9,10,9,14,11,6,7,11,5,3,7,6,2,6,4,0,5,4,3,0,3,0,2,1,0,1,3,1,3,0,0,1,1,3,2,0,0,0,1,1,1,0,0,0,1,0,0,0,2,0,1,0,0,1,0,0,0,0,0,0,0,0,0,0,1,0,0,0,0,0,0,0,0,0,0,0,0,0,0,0,0,0,0,0,0,0,0,0,0,0,0,0,0,0,0,0,0,0,0,0,0,0,0,0,0,0,0,0,0,0,0,0,0,0,0,0,0,0
1,1,1,0,0,3,0,6,6,9,1,1,1,4,2,3,7,7,9,4,7,19,18,21,16,20,14,16,23,25,25,27,32,30,26,30,26,26,33,36,33,33,39,37,35,38,36,42,36,44,34,37,40,41,25,19,31,34,39,30,31,22,24,21,20,30,23,22,17,18,16,20,21,14,16,15,11,10,20,11,14,13,11,10,4,13,8,7,8,1,5,3,5,7,3,3,2,2,3,1,2,2,4,4,1,4,1,1,1,0,1,0,2,1,2,0,0,0,1,0,1,0,0,1,1,0,1,1,0,1,0,0,2,2,1,0,1,0,0,0,2,1,0,0,0,0,0,0,0,0,1,0,0,0,0,0,0,0,0,0,0,0,0,0,1,0,0,0,0,0,0,0,0,0,0,0,0,0,0,0,0,0,0,0,0,0,0,0,0,0,0,0,0,0,0,0,0,0,0,0
1,0,1,0,1,0,1,0,5,5,4,1,2,5,2,7,5,5,10,6,10,13,16,15,11,18,11,15,16,19,28,18,27,22,28,27,20,31,33,27,35,30,23,43,30,35,43,40,40,43,36,32,31,25,24,28,39,24,29,28,30,21,31,27,25,25,25,22,20,17,17,15,19,18,22,11,13,13,15,13,14,10,8,7,6,8,2,6,9,5,6,7,5,5,3,3,4,5,1,4,1,0,2,2,2,3,3,0,2,1,1,2,0,1,1,1,0,0,0,0,1,2,1,0,2,0,1,0,0,0,0,0,0,0,0,0,1,0,0,0,0,0,0,0,0,0,0,0,1,0,0,1,0,0,0,0,0,0,0,0,0,0,0,0,0,0,0,0,0,0,0,0,0,0,0,0,0,0,0,0,0,0,0,0,0,0,0,0,0,0,0,0,0,0,0,0,0,0,0,0
0,1,2,0,1,2,2,2,6,1,2,4,5,3,3,7,7,6,11,9,9,12,15,14,11,17,14,12,20,23,18,26,24,23,31,20,20,26,26,28,26,32,31,28,34,45,38,34,22,34,39,32,31,27,33,37,38,26,23,25,17,26,31,30,21,28,31,32,10,19,16,24,18,19,15,22,11,17,11,4,11,7,8,6,6,5,10,5,11,3,5,7,10,4,2,3,1,4,2,5,4,7,4,1,2,2,1,1,4,3,0,0,1,0,1,2,0,0,0,0,0,1,2,0,0,0,0,0,0,0,0,0,2,0,0,0,0,0,0,0,0,0,0,0,0,0,0,0,0,0,0,0,0,0,0,0,0,1,0,0,0,0,0,0,0,0,0,0,0,0,0,0,0,0,0,0,0,0,0,0,0,0,0,0,1,0,0,0,0,0,0,0,0,0,0,0,0,0,0,0
0,1,1,0,0,1,2,4,6,2,6,4,1,2,0,4,6,11,11,7,11,11,15,14,21,16,13,17,19,17,19,24,21,35,16,22,28,33,39,36,37,34,31,29,43,43,47,34,35,37,40,25,41,29,29,29,25,20,40,29,28,31,22,22,25,25,25,18,13,17,18,21,11,16,15,13,10,14,14,13,9,8,9,1,4,4,8,7,6,5,2,3,9,4,1,4,5,8,2,5,2,4,0,2,3,3,1,1,0,2,2,1,1,2,1,0,1,1,1,2,0,0,2,0,0,1,0,2,0,0,1,0,0,0,0,0,1,1,0,1,0,0,0,0,0,0,1,0,0,0,0,0,0,0,0,0,0,0,0,0,0,0,0,1,0,0,0,0,0,0,0,0,0,0,0,0,0,0,0,0,0,0,0,0,0,0,0,0,0,0,0,0,0,0,0,0,0,0,0,0
1,1,1,0,0,1,1,3,3,0,1,3,2,6,2,10,4,10,5,8,9,17,13,18,13,13,14,19,19,15,14,23,23,28,18,22,25,23,32,36,22,33,23,36,36,35,42,32,36,36,32,36,40,27,26,30,28,37,29,25,30,20,21,18,25,21,14,17,25,12,18,16,12,16,10,12,11,15,10,5,8,9,9,3,6,3,7,6,13,7,2,4,6,3,4,6,3,3,1,4,1,2,4,1,2,0,3,0,1,0,3,1,1,0,0,0,0,2,1,0,0,0,2,1,1,0,1,0,1,0,1,0,1,0,1,0,0,0,0,0,0,0,0,0,0,0,0,0,0,0,0,0,0,0,0,0,0,0,0,0,0,0,0,0,0,0,0,0,0,0,0,0,0,0,0,0,0,0,0,0,0,0,0,0,0,0,0,0,0,0,0,0,0,0,0,0,0,0,0,0
0,4,3,0,0,1,1,3,3,3,4,2,5,6,2,4,9,6,10,12,3,7,10,8,15,13,11,14,10,16,18,22,14,25,16,27,21,28,31,26,31,26,26,24,39,28,29,39,31,34,31,35,29,30,33,24,33,24,24,19,15,28,20,17,22,15,19,28,17,14,16,18,19,12,11,17,12,8,17,12,13,9,10,11,9,6,7,6,6,4,7,4,5,5,2,6,1,3,4,4,0,3,3,3,2,1,0,1,2,0,1,1,2,1,0,1,0,2,2,0,0,0,0,0,3,0,3,0,1,0,0,0,0,1,0,0,1,0,0,0,0,0,0,0,0,0,0,0,0,0,0,0,0,0,0,0,0,0,0,0,0,0,0,0,0,0,0,0,0,0,0,0,0,0,0,0,0,0,0,0,0,0,0,0,0,0,0,0,0,0,0,0,0,0,0,0,0,0,0,0
1,0,1,0,1,2,1,4,6,2,4,2,0,5,2,9,4,5,7,7,9,8,15,18,17,9,15,14,16,11,17,13,22,26,26,23,22,17,40,32,26,41,26,20,25,42,32,34,36,32,37,22,23,26,37,20,23,26,27,22,22,31,22,22,18,23,20,12,19,16,19,24,18,17,8,7,6,10,10,8,12,8,6,4,10,2,3,9,5,7,3,1,5,7,2,5,3,4,1,3,3,0,0,1,0,3,1,1,0,1,2,0,2,4,1,0,1,0,0,1,0,2,1,0,2,0,1,0,0,0,0,0,0,1,0,0,0,0,1,1,0,0,0,0,0,0,1,0,0,0,0,0,0,0,0,0,0,0,0,0,0,0,0,0,0,0,0,0,0,0,0,0,0,0,0,0,0,0,0,0,0,0,0,0,0,0,0,0,0,0,0,0,0,0,0,0,0,0,0,0
0,3,3,0,0,2,0,3,4,0,4,2,3,2,6,9,2,5,9,7,5,9,10,17,11,13,8,20,16,13,23,19,16,29,25,8,26,25,34,20,25,22,25,33,33,48,33,27,28,29,29,27,28,24,34,21,30,29,25,24,28,17,19,21,17,21,17,16,20,15,16,26,16,10,13,16,12,9,7,10,9,11,11,3,9,11,5,4,6,4,4,2,9,4,3,6,1,1,5,3,1,2,5,2,1,1,1,1,0,0,0,0,1,0,0,1,2,0,0,0,2,0,0,0,1,1,0,0,0,0,0,0,0,0,0,1,0,1,0,0,0,1,0,0,0,0,0,0,0,1,0,0,0,0,0,0,0,0,0,0,0,0,0,0,0,0,0,0,0,0,0,0,0,0,0,0,0,0,0,0,0,0,0,0,0,0,0,0,0,0,0,0,0,0,0,0,0,0,0,0
0,3,1,0,0,2,0,2,4,2,4,2,2,2,2,6,6,6,5,8,9,5,11,17,14,7,10,11,15,16,22,9,25,24,25,20,31,20,38,28,23,21,32,40,26,40,39,30,34,23,34,25,23,32,20,19,25,24,23,21,29,29,15,16,21,25,24,13,18,9,19,13,13,14,14,12,17,9,12,6,8,10,3,6,10,11,6,6,4,5,4,1,5,0,4,2,2,1,6,5,4,2,0,1,2,0,2,2,0,0,0,1,0,1,1,0,0,0,1,0,2,0,1,0,0,2,0,0,1,1,1,0,0,0,0,1,1,0,0,0,0,0,0,0,0,0,0,0,0,0,0,0,0,0,0,0,0,0,1,0,0,0,0,0,0,0,0,0,0,0,0,0,0,0,0,0,0,0,0,0,0,0,0,0,0,0,0,0,0,0,0,0,0,0,0,0,0,0,0,0
0,3,4,0,1,1,0,5,7,1,4,2,3,6,1,6,3,7,5,5,8,16,11,12,12,11,11,11,15,17,13,21,19,28,15,21,19,33,26,27,27,19,22,24,33,30,26,33,32,44,21,34,34,17,29,26,19,23,30,24,21,16,24,20,24,22,19,17,24,20,13,8,13,11,18,16,8,9,9,13,7,5,6,4,5,4,8,8,4,8,2,2,5,5,3,3,0,0,2,3,1,5,5,0,3,3,1,2,3,0,1,1,1,0,0,1,1,1,0,0,2,1,1,1,1,0,1,0,0,0,0,1,1,0,1,0,0,0,0,1,1,0,0,0,0,0,0,0,0,1,0,0,0,0,0,0,0,0,0,0,1,0,0,0,0,0,0,0,0,0,0,0,0,0,0,0,0,0,0,0,0,0,0,0,0,0,0,0,0,0,0,0,0,0,0,0,0,0,0,0
0,3,0,1,0,1,1,4,8,1,3,1,5,1,2,6,4,5,6,10,10,7,8,12,10,19,15,13,18,19,16,15,25,22,21,18,30,21,28,28,27,29,31,14,30,30,23,34,22,32,32,23,29,21,17,19,27,25,20,28,14,20,18,22,14,17,28,11,15,21,10,22,8,8,16,14,7,12,11,18,6,9,9,2,8,5,5,6,6,2,2,5,5,7,2,5,2,3,1,2,2,3,5,2,2,2,0,4,2,0,0,1,1,0,0,1,0,0,0,0,1,2,2,0,0,1,1,0,0,0,1,1,0,0,0,0,1,0,2,0,0,0,0,0,1,0,0,0,0,0,0,0,0,0,0,0,0,0,0,0,0,0,0,0,0,0,0,0,0,0,0,0,0,0,0,0,0,0,0,0,0,0,0,0,0,0,0,0,0,0,0,0,0,0,0,0,0,0,0,0
1,2,0,0,1,2,2,4,4,0,3,2,5,5,1,4,9,5,10,10,4,11,11,7,7,12,7,8,10,14,16,20,15,30,10,18,24,21,32,25,21,22,30,31,24,28,39,27,31,30,24,22,23,22,28,28,23,21,18,20,22,27,31,18,19,23,16,15,11,16,18,13,18,13,14,12,13,10,11,4,9,6,5,7,2,11,7,4,3,4,5,1,3,0,3,5,0,0,1,4,2,0,0,1,3,3,1,1,3,1,0,1,4,2,0,1,2,2,2,1,1,0,1,0,1,1,0,2,0,0,0,0,0,0,0,0,0,0,0,0,0,0,0,0,0,0,0,0,0,0,0,0,0,0,0,0,0,0,0,0,0,0,0,0,0,0,0,0,0,0,0,0,0,0,0,0,0,0,0,0,0,0,0,0,0,0,0,0,0,0,0,0,0,0,0,0,0,0,0,0
2,1,0,0,0,0,0,2,7,3,1,2,3,3,1,2,3,7,5,6,6,15,10,12,10,11,4,10,17,20,10,17,26,26,21,17,9,28,25,19,22,24,17,38,25,33,26,26,28,27,28,28,23,23,18,29,26,19,29,19,21,28,22,15,23,21,16,16,15,23,7,9,17,18,18,14,12,9,12,8,7,5,3,3,9,8,8,5,5,6,3,2,7,2,3,5,6,0,0,3,1,0,2,3,2,4,1,0,0,1,1,1,1,0,0,0,1,1,2,0,1,2,0,0,0,0,1,1,0,0,0,0,0,0,1,0,1,0,0,0,0,0,0,0,1,0,0,0,0,0,0,0,0,0,0,0,0,0,0,0,0,0,0,0,1,0,0,0,0,0,0,0,0,0,0,0,0,0,0,0,0,0,0,0,0,0,0,0,0,0,0,0,0,0,0,0,0,0,0,0
0,1,0,0,0,2,0,3,0,3,1,6,5,4,4,3,2,6,5,10,7,12,5,10,13,10,11,13,19,14,13,13,18,27,27,17,16,16,35,26,21,24,22,19,20,22,28,28,23,25,22,25,19,17,22,34,25,22,17,19,27,21,27,17,16,23,14,8,16,16,13,17,12,15,9,6,10,9,7,10,7,6,8,3,7,2,3,0,4,6,5,2,1,5,2,4,1,1,0,1,2,3,3,1,0,1,0,1,4,0,2,1,2,0,0,2,0,0,0,0,2,0,0,0,0,1,0,0,0,0,0,0,1,0,0,0,0,1,0,0,0,0,0,0,0,0,0,0,0,0,0,0,0,0,0,0,0,0,0,0,0,0,0,0,0,0,0,0,0,0,0,0,0,0,0,0,0,0,0,0,0,0,0,0,0,0,0,0,0,0,0,0,0,0,0,0,0,0,0,0
0,1,2,0,2,0,0,3,3,3,0,4,7,2,2,3,5,10,7,9,8,14,9,14,11,15,4,18,11,16,11,19,19,22,13,25,13,25,27,27,23,22,21,17,22,29,27,24,31,19,29,26,29,26,26,19,30,22,22,21,24,15,18,20,19,15,18,11,16,11,12,14,17,8,13,7,8,11,4,5,9,4,3,7,4,4,5,9,4,7,4,3,4,2,2,4,5,1,5,1,4,4,3,0,0,0,1,1,0,0,1,1,0,1,0,0,2,1,2,0,1,0,0,0,0,0,0,0,0,0,0,1,0,0,0,0,0,0,0,1,0,0,0,0,0,0,0,0,0,0,0,0,0,0,0,0,0,0,0,0,0,0,0,0,0,0,0,0,0,0,0,0,0,0,0,0,0,0,0,0,0,0,0,0,0,0,0,0,0,0,0,0,0,0,0,0,0,0,0,0
2,2,1,0,0,2,1,0,6,0,1,4,1,2,0,4,4,5,9,3,5,9,9,9,12,7,8,8,12,18,12,11,23,26,20,23,16,27,19,21,24,22,24,29,40,21,34,36,26,35,24,32,25,19,21,22,18,23,32,25,16,19,16,16,28,26,9,13,15,22,16,8,12,16,9,16,9,12,8,5,14,6,6,5,4,9,3,7,5,1,1,3,5,3,2,2,1,1,1,0,6,2,0,3,0,1,1,1,1,0,0,2,0,1,0,2,1,0,0,0,2,0,0,1,1,0,1,1,0,1,0,0,0,0,0,0,0,0,0,0,0,0,0,0,0,0,0,0,0,0,0,0,0,0,0,0,0,0,0,0,0,0,0,0,0,0,0,0,0,0,0,0,0,0,0,0,0,0,0,0,0,0,0,0,0,0,0,0,0,0,0,0,0,0,0,0,0,0,0,0
0,0,1,0,0,1,1,1,4,2,4,1,8,8,4,2,3,10,8,6,7,3,5,10,16,10,6,12,12,8,13,29,21,25,15,20,12,27,16,22,24,18,34,23,24,26,25,23,19,22,21,22,34,17,27,17,15,13,23,23,22,19,19,16,16,17,14,17,10,9,10,14,9,13,8,11,10,5,8,8,6,4,6,2,11,8,8,3,4,5,2,2,7,3,3,3,3,4,2,2,2,1,3,1,1,0,2,1,1,0,1,1,1,0,0,1,0,1,1,1,0,0,0,0,0,0,1,0,0,0,0,0,0,0,0,0,0,1,0,1,0,0,0,0,0,0,0,0,0,0,0,0,0,0,0,0,0,0,0,0,0,0,0,0,0,0,0,0,0,0,0,0,0,0,0,0,0,0,0,0,0,0,0,0,0,0,0,0,0,0,0,0,0,0,0,0,0,0,0,0
1,2,1,0,0,1,0,4,4,2,3,0,2,4,3,6,0,5,7,4,14,7,4,10,6,18,8,12,16,12,13,10,19,15,15,16,25,12,22,21,21,16,24,19,23,23,31,20,29,18,20,20,26,21,17,22,19,19,16,15,25,20,14,15,16,10,23,15,11,14,12,12,10,9,10,11,14,6,10,12,6,7,5,6,1,5,4,3,1,7,4,3,3,2,3,2,3,4,2,2,1,1,3,3,2,1,1,0,0,0,0,0,0,0,0,0,3,2,0,1,2,2,2,0,0,0,0,1,0,0,0,0,0,0,0,0,0,0,0,0,0,0,0,0,0,0,0,0,0,0,1,0,0,0,0,0,0,0,0,0,0,0,0,0,0,0,0,0,0,0,0,0,0,0,0,0,0,0,0,0,0,0,0,0,0,0,0,0,0,0,0,0,0,0,0,0,0,0,0,0
1,1,0,0,0,2,2,5,5,3,4,3,2,2,3,4,1,6,6,5,6,9,9,7,9,6,6,15,7,10,15,13,17,26,17,17,16,20,21,18,17,15,18,25,24,25,26,31,27,22,22,22,23,12,24,15,13,22,22,20,21,14,15,15,16,14,13,14,13,17,12,4,8,14,8,10,5,9,8,10,6,7,9,1,8,2,4,6,3,2,3,3,3,3,2,3,5,5,1,1,1,3,2,1,2,1,0,0,2,1,1,0,2,0,1,0,0,1,0,0,0,0,0,0,0,1,0,0,0,1,0,0,0,0,0,0,0,1,0,0,0,0,0,0,1,0,0,0,0,1,0,0,0,0,0,0,0,0,0,0,0,0,0,0,0,0,0,0,0,0,0,0,0,0,0,0,0,0,0,0,0,0,0,0,0,0,0,0,0,0,0,0,0,0,0,0,0,0,0,0
0,0,1,0,1,0,0,0,4,2,3,1,2,3,1,6,2,5,11,5,6,5,3,8,8,20,2,12,15,19,11,15,13,18,7,17,18,24,24,24,23,18,21,19,29,24,28,27,31,20,18,25,24,25,17,8,21,22,19,13,8,17,17,15,17,13,18,12,14,15,12,8,12,12,11,11,13,9,4,9,7,4,1,6,4,6,3,8,2,1,4,5,1,3,0,2,0,3,1,1,1,1,1,0,0,0,3,0,2,2,0,1,0,0,0,1,1,1,2,0,1,0,0,0,0,1,0,0,1,1,1,0,0,0,0,1,0,0,1,0,0,0,0,0,0,0,0,0,0,0,0,0,0,0,0,0,0,0,0,0,0,0,0,0,0,0,0,0,0,0,0,0,0,0,0,0,0,0,0,0,0,0,0,0,0,0,0,0,0,0,0,0,0,0,0,0,0,0,0,0
1,0,1,0,1,2,1,1,4,1,1,0,3,1,4,6,2,3,9,8,7,10,12,12,11,9,6,7,16,9,13,16,19,18,18,18,23,15,17,16,17,18,19,17,22,25,20,34,24,19,19,25,23,17,27,16,21,20,19,19,18,17,13,14,13,11,13,15,9,11,6,6,15,11,11,11,12,5,7,6,9,4,3,4,5,5,3,3,3,2,3,1,3,2,1,0,1,2,0,3,0,2,1,2,1,1,3,1,2,2,3,0,0,1,0,0,0,1,0,0,0,0,0,0,0,0,0,0,0,1,0,0,0,0,0,0,1,0,0,0,0,0,0,0,0,0,0,0,0,0,0,0,0,0,0,0,0,0,0,0,0,0,0,0,0,0,0,0,0,0,0,0,0,0,0,0,0,0,0,0,0,0,0,0,0,0,0,0,0,0,0,0,0,0,0,0,0,0,0,0
0,1,1,0,2,1,1,1,2,4,2,3,4,0,1,4,5,1,7,9,6,6,5,8,11,10,5,7,9,9,11,6,12,17,14,20,18,22,17,17,15,18,22,23,23,30,27,25,27,19,19,14,17,23,22,19,16,23,20,18,16,16,15,14,20,23,13,13,12,11,11,11,9,8,9,7,4,8,8,7,3,4,6,7,6,5,8,9,3,5,5,0,2,3,1,2,1,3,1,0,2,2,1,0,2,3,3,0,1,2,2,0,0,1,0,0,1,0,0,0,0,1,0,0,1,0,1,0,1,0,0,0,0,0,0,0,0,0,0,0,0,0,0,0,0,0,0,0,0,0,0,0,0,0,0,0,0,0,0,0,0,0,0,0,1,0,0,0,0,0,0,0,0,0,0,0,0,0,0,0,0,0,0,0,0,0,0,0,0,0,0,0,0,0,0,0,0,0,0,0
0,0,3,0,0,1,1,0,4,0,0,2,2,3,2,6,1,4,8,8,6,5,16,4,10,9,7,8,10,17,14,10,17,17,18,12,21,16,17,20,22,20,23,26,15,26,26,16,10,19,29,18,12,22,17,17,12,16,15,17,16,13,9,18,21,13,9,9,7,14,17,12,8,6,6,7,9,1,9,2,3,5,5,5,5,3,2,1,4,1,1,2,5,3,2,1,1,3,2,1,0,1,2,2,1,2,0,0,1,0,2,0,1,1,2,1,1,0,1,0,0,0,0,0,0,0,1,0,0,0,0,0,1,0,0,1,0,0,0,0,0,0,0,0,0,0,0,0,0,0,0,1,0,0,0,0,0,0,0,0,0,0,0,0,0,0,0,0,0,0,0,0,0,0,0,0,0,0,0,0,0,0,0,0,0,0,0,0,0,0,0,0,0,0,0,0,0,0,0,0
0,0,1,0,0,1,2,1,3,3,3,1,1,1,0,3,1,5,8,5,4,4,8,13,10,8,8,9,7,12,8,12,17,20,15,10,10,25,25,28,27,20,25,21,17,31,17,22,14,22,24,17,19,19,19,13,21,21,18,13,15,14,13,13,20,14,12,15,9,14,6,11,6,8,6,13,6,2,11,5,5,11,4,3,1,6,6,6,5,3,3,3,3,3,2,2,5,1,0,0,0,1,2,1,1,1,1,1,1,1,2,0,2,0,0,2,0,1,0,0,0,0,1,1,0,0,1,0,0,0,0,1,2,0,0,0,0,0,1,0,0,0,0,0,0,0,1,0,0,0,1,0,0,0,0,1,0,0,0,0,0,0,0,0,0,0,0,0,0,0,0,0,0,0,0,0,0,0,0,0,0,0,0,0,0,0,0,0,0,0,0,0,0,0,0,0,0,0,0,0
0,0,0,0,1,1,0,1,2,1,2,4,3,4,1,4,1,3,5,6,10,10,4,13,14,10,4,9,8,11,13,17,17,19,12,17,14,21,19,14,17,16,20,19,20,20,18,13,19,26,14,22,17,10,14,20,13,12,21,22,16,20,10,16,17,13,19,14,9,7,5,4,10,9,8,8,7,6,8,4,9,7,5,3,3,4,5,3,1,3,0,2,4,2,2,0,1,4,1,0,0,2,1,1,0,1,1,0,2,0,0,2,0,1,0,0,0,1,0,0,0,0,0,1,1,0,0,0,0,0,0,0,0,0,0,0,0,0,0,0,0,0,0,0,0,0,1,0,0,0,0,0,0,0,0,0,0,0,0,0,0,0,0,0,0,0,0,0,0,0,0,0,0,0,0,0,0,0,0,0,0,0,0,0,0,0,0,0,0,0,0,0,0,0,0,0,0,0,0,0
1,0,0,0,0,2,0,1,3,0,1,8,2,2,2,2,3,4,5,8,6,7,6,14,8,16,7,5,7,11,8,9,18,23,13,16,11,13,24,18,11,22,17,21,11,15,22,17,20,22,20,15,25,22,17,25,13,19,17,13,21,6,13,19,14,9,17,5,17,14,18,6,5,11,12,7,6,6,11,5,8,5,5,6,4,2,5,1,3,2,2,1,2,3,4,2,2,4,0,0,0,0,1,2,0,2,2,0,1,1,1,2,1,0,1,1,0,0,2,1,0,0,1,0,1,0,0,0,0,0,0,0,0,0,0,0,0,0,0,0,0,0,0,0,0,0,0,0,0,0,0,0,0,0,0,0,0,0,0,0,0,0,0,0,0,0,0,0,0,0,0,0,0,0,0,0,0,0,0,0,0,0,0,0,0,0,0,0,0,0,0,0,0,0,0,0,0,0,0,0
0,0,2,1,1,1,2,2,7,3,1,2,0,1,4,1,5,4,4,5,6,5,8,8,7,5,7,6,17,11,4,15,9,13,11,7,15,18,19,14,7,18,19,25,22,22,23,24,23,21,14,20,19,14,11,17,11,18,13,10,13,15,20,12,7,10,12,7,13,6,10,8,7,10,8,9,7,4,5,11,7,1,3,6,3,4,3,2,6,4,2,1,1,4,0,4,2,2,0,1,1,1,2,0,1,1,1,2,0,0,0,0,1,0,1,0,0,2,0,0,0,1,0,0,0,0,0,0,1,1,0,0,1,0,0,1,0,0,0,0,0,0,0,0,0,0,0,0,0,0,0,0,0,0,0,0,0,0,0,0,0,0,0,0,0,0,0,0,0,0,0,0,0,0,0,0,0,0,0,0,0,0,0,0,0,0,0,0,0,0,0,0,0,0,0,0,0,0,0,0
1,1,0,0,0,0,1,3,5,0,0,2,1,1,2,5,3,6,7,6,6,12,5,13,6,12,3,8,8,11,9,12,14,13,16,9,22,18,26,20,16,19,19,17,18,13,23,23,24,16,18,21,22,13,25,20,16,13,8,17,14,8,12,12,12,12,16,10,11,6,8,16,8,7,3,6,6,6,2,5,4,6,2,2,3,3,1,4,6,1,3,1,3,2,2,1,2,0,1,1,2,1,0,0,0,2,2,0,0,2,2,0,2,0,1,0,1,0,0,0,0,0,0,0,0,1,1,0,0,0,0,0,0,1,0,0,0,0,0,0,0,0,0,0,0,0,0,0,0,0,1,0,0,0,0,0,0,0,0,0,0,0,0,0,0,0,0,0,0,0,0,0,0,0,0,0,0,0,0,0,0,0,0,0,0,0,0,0,0,0,0,0,0,0,0,0,0,0,0,0
1,3,0,0,0,1,0,1,3,1,4,3,1,2,2,1,4,5,4,6,3,8,8,17,8,8,5,4,11,7,13,8,8,23,17,16,7,13,19,11,13,8,18,18,17,20,15,15,18,20,12,25,10,17,13,15,10,20,18,8,11,17,13,19,7,5,16,12,9,7,10,5,8,10,8,10,5,7,6,9,7,3,3,2,1,8,3,5,1,4,1,1,3,1,0,2,3,2,0,0,0,0,1,0,1,1,2,0,1,0,0,0,0,0,1,0,0,0,0,1,1,0,0,1,0,0,0,0,0,0,0,0,0,0,0,0,0,0,0,0,0,0,0,0,0,0,0,0,0,0,0,0,0,0,0,0,0,0,0,0,0,0,0,0,0,0,0,0,0,0,0,0,0,0,0,0,0,0,0,0,0,0,0,0,0,0,0,0,0,0,0,0,0,0,0,0,0,0,0,0
2,1,1,0,0,1,2,1,5,2,0,3,2,2,6,2,1,3,5,8,8,5,5,9,7,7,6,10,3,8,16,13,13,12,11,8,14,6,18,19,17,14,14,14,16,27,18,26,17,19,18,26,24,18,18,16,14,15,20,9,5,10,17,21,14,9,13,9,6,19,9,10,6,13,5,10,8,3,7,8,2,3,4,1,2,3,3,4,2,4,4,4,2,1,2,5,1,4,0,1,1,3,2,2,0,1,2,0,1,1,1,0,2,0,0,1,0,1,0,0,0,0,0,1,0,0,0,0,0,2,0,0,0,0,0,0,0,0,0,0,0,0,0,0,0,0,0,0,0,0,0,0,0,0,0,0,0,0,0,0,0,0,0,0,0,0,0,0,0,0,0,0,0,0,0,0,0,0,0,0,0,0,0,0,0,0,0,0,0,0,0,0,0,0,0,0,0,0,0,0
0,0,1,0,1,1,0,1,2,2,1,2,1,0,1,2,2,2,7,5,4,4,6,9,9,6,9,5,11,7,9,7,7,16,9,19,11,10,14,17,13,13,19,9,16,15,13,27,22,12,12,17,26,14,14,13,13,16,20,11,9,10,15,15,14,9,14,8,11,6,10,10,10,11,4,5,6,7,2,3,3,6,3,3,5,5,5,5,4,2,3,2,1,2,0,5,1,3,1,0,0,1,1,0,4,2,3,0,0,0,3,0,1,1,2,0,0,0,0,0,0,0,0,1,0,0,0,0,0,0,0,0,0,0,0,0,0,0,0,0,0,0,0,0,0,0,0,0,0,0,0,0,0,0,0,0,0,0,0,0,0,0,0,0,0,0,0,0,0,0,0,0,0,0,0,0,0,0,0,0,0,0,0,0,0,0,0,0,0,0,0,0,0,0,0,0,0,0,0,0
0,1,0,1,0,2,1,0,3,2,1,3,2,2,0,5,1,4,1,4,7,8,8,9,10,4,6,4,10,2,14,10,11,17,16,9,12,16,15,17,15,15,24,14,15,17,12,14,17,17,17,14,19,12,11,12,15,9,19,8,12,10,7,16,11,19,6,11,9,9,4,9,10,9,10,5,4,5,11,6,5,4,6,2,1,6,4,5,3,3,6,1,1,2,6,2,3,1,0,0,0,2,2,0,0,0,1,0,0,2,1,1,1,0,1,0,2,0,0,0,0,0,0,1,0,0,1,3,0,0,0,0,1,0,0,0,0,0,0,0,0,0,0,0,0,0,0,0,0,0,0,0,0,0,0,0,0,0,0,0,1,0,0,0,0,0,0,0,0,0,0,0,0,0,0,0,0,0,0,0,0,0,0,0,0,0,0,0,0,0,0,0,0,0,0,0,0,0,0,0
0,0,0,0,1,2,0,2,2,3,2,0,2,2,0,6,8,3,6,3,2,6,6,6,8,9,10,8,8,9,7,12,14,18,12,6,16,15,18,13,16,16,17,15,12,21,21,15,18,14,16,13,18,7,15,12,7,11,17,12,13,10,14,9,6,12,5,6,6,6,8,12,6,4,9,8,7,5,6,4,6,1,4,3,1,5,3,7,2,3,1,3,3,4,0,2,0,3,0,2,2,1,1,2,3,0,1,1,1,0,0,0,1,1,0,1,0,0,0,0,0,0,0,0,0,1,1,0,0,0,0,0,0,0,0,0,0,0,0,0,0,0,0,0,0,0,0,0,0,0,0,0,0,0,0,0,0,0,0,0,0,0,0,0,0,0,0,0,0,0,0,0,0,0,0,0,0,0,0,0,0,0,0,0,0,0,0,0,0,0,0,0,0,0,0,0,0,0,0,0
1,0,1,0,2,1,0,2,1,1,0,3,2,0,1,4,4,5,3,5,4,5,2,6,4,3,7,5,6,10,7,11,9,7,11,7,12,13,13,14,15,14,24,20,19,12,17,12,16,13,22,16,13,12,18,16,11,15,14,12,15,10,7,14,7,9,8,11,6,12,8,1,9,7,5,11,8,6,3,3,5,2,5,1,1,2,2,6,2,1,4,4,4,3,0,3,2,1,0,2,1,1,0,0,1,0,1,1,0,2,0,1,3,0,0,0,0,0,0,0,2,0,0,1,0,0,0,0,1,0,0,0,0,0,0,0,0,0,0,0,0,0,0,0,0,0,0,0,0,0,0,0,0,0,0,0,0,0,1,0,0,0,0,0,0,0,0,0,0,0,0,0,0,0,0,0,0,0,0,0,0,0,0,0,0,0,0,0,0,0,0,0,0,0,0,0,0,0,0,0
0,0,1,0,0,5,0,1,0,2,3,0,2,2,1,2,2,5,3,3,6,10,5,7,4,11,7,6,8,13,6,10,13,14,7,11,11,10,18,7,13,18,11,18,16,8,17,19,10,21,15,19,17,19,15,13,14,12,10,9,13,8,10,8,13,9,9,6,11,11,9,6,3,3,3,5,4,3,10,7,6,3,1,3,6,5,2,2,0,4,4,2,1,3,1,1,0,0,2,1,1,0,2,1,1,0,2,0,0,1,0,1,1,0,0,0,1,0,0,0,0,0,1,0,0,0,0,1,0,0,0,1,0,0,0,0,0,0,0,1,0,0,0,0,0,0,0,0,0,0,0,0,0,0,0,0,0,0,0,0,0,0,0,0,0,0,0,0,0,0,0,0,0,0,0,0,0,0,0,0,0,0,0,0,0,0,0,0,0,0,0,0,0,0,0,0,0,0,0,0
0,2,0,1,0,0,2,0,2,2,3,4,1,1,1,1,3,3,1,6,1,5,7,5,5,8,5,7,11,5,14,8,18,10,11,8,14,15,9,14,11,15,13,13,16,11,16,12,9,20,17,14,19,12,12,8,9,12,7,8,9,14,11,10,9,12,12,12,8,12,10,8,5,5,4,7,4,10,4,3,4,4,4,3,2,2,2,1,4,2,3,3,1,1,3,1,3,2,0,1,2,2,1,0,2,0,1,0,0,0,1,0,0,0,0,0,0,0,0,0,0,0,0,0,0,0,0,0,0,0,0,0,0,1,0,0,0,0,0,0,0,0,0,0,0,0,0,0,0,0,0,0,0,0,0,0,0,0,0,0,0,0,0,0,0,0,0,0,0,0,0,0,0,0,0,0,0,0,0,0,0,0,0,0,0,0,0,0,0,0,0,0,0,0,0,0,0,0,0,0
0,2,1,0,1,1,2,2,1,0,0,3,3,2,3,4,1,4,1,9,1,7,5,4,6,3,3,9,11,10,6,9,13,14,8,14,12,12,9,12,10,9,19,13,16,10,21,12,15,10,13,18,18,9,13,17,11,9,11,11,14,8,12,10,8,9,6,9,3,8,13,11,7,4,9,10,7,5,2,4,8,3,5,1,1,4,1,1,3,0,2,2,5,1,2,1,0,1,0,0,1,0,1,2,2,0,0,2,1,1,1,1,0,0,1,0,0,0,2,0,1,0,0,0,0,0,0,0,0,1,0,0,0,0,0,0,0,0,0,0,0,0,0,0,0,0,1,0,0,0,0,0,0,0,0,0,0,0,0,0,0,0,0,0,0,0,0,0,0,0,0,0,0,0,0,0,0,0,0,0,0,0,0,0,0,0,0,0,0,0,0,0,0,0,0,0,0,0,0,0
0,3,0,0,0,0,0,0,7,1,0,1,0,1,1,0,0,2,7,10,1,6,5,4,13,7,3,12,5,7,2,13,10,11,15,11,8,15,10,19,12,10,10,10,13,16,14,13,13,16,9,16,14,14,10,11,17,17,10,5,12,10,11,11,8,9,9,14,12,8,3,10,1,6,6,6,6,5,6,4,6,3,5,2,3,7,1,6,2,1,2,0,3,1,1,1,1,2,1,1,1,3,1,1,2,2,0,0,1,2,0,1,0,1,1,1,1,0,0,0,0,0,0,1,0,0,0,0,0,0,1,0,0,1,0,1,0,0,0,0,0,0,0,0,0,0,0,0,0,0,0,0,0,0,0,0,0,0,0,0,0,0,0,0,0,0,0,0,0,0,0,0,0,0,0,0,0,0,0,0,0,0,0,0,0,0,0,0,0,0,0,0,0,0,0,0,0,0,0,0
0,0,0,0,0,0,0,2,5,3,1,4,0,2,0,4,3,2,3,5,5,5,5,7,10,7,3,7,8,9,6,9,14,15,12,15,6,12,18,9,7,15,11,7,11,17,9,20,13,9,16,11,7,9,11,9,7,11,10,14,9,7,7,14,9,9,7,6,5,16,7,9,5,4,10,2,13,1,4,5,1,7,2,3,3,6,3,4,4,1,2,2,1,0,1,2,0,2,1,0,2,0,1,0,0,1,1,0,2,0,1,1,0,0,1,1,0,0,0,1,0,1,0,0,0,0,0,0,1,0,0,0,0,0,0,0,0,0,0,0,0,0,1,0,0,0,0,0,0,0,0,0,0,0,0,0,0,0,0,0,0,0,0,0,0,0,0,0,0,0,0,0,0,0,0,0,0,0,0,0,0,0,0,0,0,0,0,0,0,0,0,0,0,0,0,0,0,0,0,0
0,1,1,0,1,2,0,0,2,1,0,1,2,1,0,4,3,4,5,2,3,2,2,7,4,11,2,4,7,15,13,8,9,12,10,16,16,10,9,8,3,10,13,11,16,14,17,6,15,10,16,9,9,5,11,9,6,8,10,10,9,5,10,12,6,9,8,8,5,8,6,3,4,6,5,4,4,4,7,4,1,3,6,3,5,5,1,2,5,1,1,2,0,2,3,1,1,2,1,0,1,0,1,1,1,0,0,1,0,0,1,1,0,0,1,0,1,0,0,0,0,1,1,0,0,0,0,0,0,0,0,1,0,0,0,0,0,0,0,0,0,0,0,0,0,0,0,0,0,0,0,0,0,0,0,0,0,0,0,0,0,0,0,0,0,0,0,0,0,0,0,0,0,0,0,0,0,0,0,0,0,0,0,0,0,0,0,0,0,0,0,0,0,0,0,0,0,0,0,0
0,0,1,0,0,2,2,0,3,0,0,1,2,1,5,9,0,5,6,10,8,5,2,7,6,9,5,5,6,5,11,8,9,15,10,9,6,7,13,11,6,13,17,9,11,15,13,12,23,14,6,11,10,11,11,16,13,9,6,13,11,10,6,5,7,6,8,5,4,4,6,5,5,7,8,6,4,5,3,2,6,4,3,1,1,2,5,0,1,2,1,5,1,1,0,1,0,1,2,0,1,1,0,0,2,1,0,0,0,3,0,1,1,0,0,0,0,0,2,1,1,0,0,0,0,0,0,0,1,0,0,0,0,0,0,0,0,0,0,0,0,0,0,0,0,0,0,0,0,0,0,0,0,0,0,0,0,0,0,0,0,0,0,0,0,0,0,0,0,0,0,0,0,0,0,0,0,0,0,0,0,0,0,0,0,0,0,0,0,0,0,0,0,0,0,0,0,0,0,0
0,0,0,0,0,1,1,3,1,0,0,3,2,3,1,2,1,1,2,4,8,4,3,5,5,5,6,3,11,6,7,7,9,10,9,7,7,8,17,12,13,9,17,8,11,15,18,16,11,15,11,9,12,19,14,8,5,11,8,8,10,8,10,11,13,3,9,4,6,8,6,6,3,6,3,2,3,6,4,6,3,4,3,4,5,2,2,2,1,2,2,0,4,4,2,1,2,0,0,0,1,1,0,0,0,1,1,1,0,0,0,0,0,1,1,0,1,0,0,2,2,1,0,1,1,0,0,0,1,0,0,0,0,0,0,0,0,0,0,0,0,0,0,0,0,0,0,0,0,0,0,0,0,0,0,0,0,0,0,0,0,0,0,0,0,0,0,0,0,0,0,0,0,0,0,0,0,0,0,0,0,0,0,0,0,0,0,0,0,0,0,0,0,0,0,0,0,0,0,0
0,1,0,0,0,0,0,1,2,2,2,1,2,0,0,1,0,5,2,3,3,4,3,6,4,5,5,6,3,5,4,9,12,5,6,9,8,9,13,5,14,14,12,9,12,12,17,12,15,16,9,9,12,13,13,11,10,10,6,12,7,8,5,7,10,10,4,9,6,7,5,2,7,5,6,1,7,5,4,3,4,1,2,4,5,2,1,1,2,3,2,1,2,2,2,2,2,1,2,0,0,1,1,0,1,0,1,0,0,0,1,2,0,0,0,0,0,0,0,0,0,0,0,0,0,0,0,0,0,0,0,0,1,0,0,0,0,0,0,2,0,0,0,0,0,0,0,0,0,0,0,0,0,0,0,0,0,0,0,0,0,0,0,0,0,0,0,0,0,0,0,0,0,0,0,0,0,0,0,0,0,0,0,0,0,0,0,0,0,0,0,0,0,0,0,0,0,0,0,0
0,0,0,0,0,0,1,0,3,2,2,0,1,4,2,5,3,1,2,6,3,5,6,7,4,3,3,2,12,6,3,12,6,13,13,8,9,8,20,14,12,10,14,9,8,18,16,11,7,10,10,13,6,4,13,11,12,8,6,9,7,7,11,14,10,14,11,3,4,4,6,6,9,3,6,3,3,4,3,4,6,3,5,2,3,0,5,3,0,1,3,1,4,0,2,1,1,0,0,0,1,1,2,0,0,1,0,1,0,1,0,0,0,1,0,0,0,0,0,0,0,0,0,0,1,0,0,0,0,0,0,0,0,0,0,0,0,0,0,0,0,0,0,0,0,0,0,0,0,0,0,0,0,0,1,0,0,0,0,0,0,0,0,0,0,0,0,0,0,0,0,0,0,0,0,0,0,0,0,0,0,0,0,0,0,0,0,0,0,0,0,0,0,0,0,0,0,0,0,0
1,2,1,0,0,2,0,2,1,1,0,1,0,0,3,2,2,0,3,6,3,5,3,7,8,7,3,3,6,9,4,9,10,12,10,7,13,10,10,8,11,11,16,11,16,17,17,13,7,12,10,10,11,7,2,3,8,4,8,5,4,5,15,3,6,7,10,7,6,6,10,9,3,5,5,5,1,4,3,4,7,8,4,4,5,2,1,5,2,1,4,2,2,2,2,0,0,1,0,0,0,0,0,1,1,0,1,1,0,1,0,0,0,1,0,0,0,0,1,0,0,2,1,1,0,0,0,0,0,0,0,0,0,0,0,0,0,0,0,0,0,0,0,0,0,0,0,0,0,0,0,0,0,0,0,0,0,0,0,0,0,0,0,0,0,0,0,0,0,0,0,0,0,0,0,0,0,0,0,0,0,0,0,0,0,0,0,0,0,0,0,0,0,0,0,0,0,0,0,0
0,2,1,0,0,0,1,0,1,1,0,1,1,0,1,4,3,4,3,1,3,9,6,4,7,6,7,6,5,7,6,5,2,11,5,13,8,10,12,12,13,8,10,4,16,8,16,12,13,8,14,13,7,10,11,14,6,9,12,6,13,15,11,9,8,10,4,7,2,9,5,7,5,6,1,8,2,8,6,2,1,4,1,4,1,1,0,1,2,3,0,2,0,0,3,0,1,0,1,3,0,0,0,0,0,0,0,0,0,0,0,0,1,0,0,0,0,1,0,0,0,0,0,0,0,1,0,0,0,1,0,0,0,0,0,0,0,0,0,0,0,0,0,0,0,0,0,0,0,0,0,0,0,0,0,0,0,0,0,0,0,0,0,0,0,0,0,0,0,0,0,0,0,0,0,0,0,0,0,0,0,0,0,0,0,0,0,0,0,0,0,0,0,0,0,0,0,0,0,0
0,0,0,0,0,1,0,0,2,1,1,0,2,1,1,3,1,4,6,9,3,4,5,4,3,5,1,2,6,6,6,9,8,8,13,8,10,8,11,12,9,12,9,12,10,14,13,13,11,9,14,9,10,14,8,8,4,5,6,6,9,11,18,10,10,7,4,9,6,1,9,5,6,4,6,5,2,5,7,2,4,3,4,4,3,0,1,4,1,2,5,2,3,1,0,2,1,0,0,2,0,0,1,0,2,1,0,0,0,0,0,0,0,0,3,0,0,0,0,0,0,0,0,0,0,0,0,0,0,0,0,1,0,0,0,0,0,0,0,0,0,0,0,0,0,0,0,0,0,0,0,0,0,0,0,0,0,0,0,0,0,0,0,0,0,0,0,0,0,0,0,0,0,0,0,0,0,0,0,0,0,0,0,0,0,0,0,0,0,0,0,0,0,0,0,0,0,0,0,0
0,1,0,0,0,2,1,3,2,2,0,0,2,1,1,5,1,5,2,3,3,1,4,1,0,4,2,7,5,7,5,5,9,12,7,7,9,11,12,15,15,11,11,8,12,9,10,14,11,3,11,9,5,11,9,8,11,7,5,11,9,4,6,7,5,10,7,4,11,8,7,8,9,2,6,10,2,2,2,3,1,3,2,2,5,3,2,2,3,1,2,2,0,1,1,1,2,0,0,2,2,0,0,0,0,2,1,2,0,1,0,0,2,2,0,0,0,0,0,0,0,2,0,0,0,0,0,0,0,0,0,0,0,0,0,0,0,0,0,0,0,0,0,0,0,0,0,0,0,0,0,0,0,0,0,0,0,0,0,0,0,0,0,0,0,0,0,1,0,0,0,0,0,0,0,0,0,0,0,0,0,0,0,0,0,0,0,0,0,0,0,0,0,0,0,0,0,0,0,0
0,1,0,0,0,1,0,1,3,1,0,1,2,3,1,0,2,0,2,3,4,7,5,6,4,1,1,2,6,5,7,4,5,7,10,7,8,7,9,9,8,4,11,8,9,15,10,18,10,9,12,15,7,8,4,10,5,9,11,3,9,10,5,10,5,3,5,5,4,4,4,9,5,4,5,2,6,4,3,2,2,4,1,3,3,2,0,1,1,5,2,2,0,3,0,1,0,2,2,1,0,0,0,0,1,1,0,0,2,0,0,0,1,0,0,1,1,1,1,0,1,0,0,0,1,0,0,0,0,0,0,0,0,0,0,0,0,0,0,0,0,0,0,0,0,0,0,0,0,0,0,0,0,0,0,0,0,0,0,0,0,0,0,0,0,0,0,0,0,0,0,0,0,0,0,0,0,0,0,0,0,0,0,0,0,0,0,0,0,0,0,0,0,0,0,0,0,0,0,0
0,0,0,0,0,0,0,1,0,0,0,3,0,0,1,2,2,2,3,4,3,1,5,8,5,1,0,3,5,2,8,3,9,15,6,4,6,5,14,9,7,4,6,11,8,15,13,14,10,19,9,9,11,10,11,8,7,6,6,8,10,4,6,5,8,6,6,9,9,2,2,8,2,1,4,1,4,6,9,2,3,1,3,3,1,0,1,0,0,3,1,0,0,0,0,1,3,0,0,0,0,0,2,2,0,0,1,2,0,1,0,0,0,0,0,0,1,1,0,0,1,2,1,0,0,0,1,0,0,0,0,0,0,1,0,0,0,0,0,0,0,0,0,0,0,0,0,0,0,0,0,0,0,0,0,0,0,0,0,0,0,0,0,0,0,0,0,0,0,0,0,0,0,0,0,0,0,0,0,0,0,0,0,0,0,0,0,0,0,0,0,0,0,0,0,0,0,0,0,0
0,2,0,0,0,1,0,2,1,2,1,0,1,2,1,4,2,2,3,4,3,2,2,1,5,5,4,4,2,6,8,5,9,6,6,9,9,6,10,10,6,14,8,9,13,8,10,15,7,9,7,7,11,11,10,13,10,7,4,6,4,7,6,7,4,4,5,5,5,9,5,8,5,3,2,8,5,6,7,1,2,3,3,1,6,2,1,5,2,2,2,0,3,0,1,0,1,1,0,0,1,0,0,2,1,0,0,0,0,0,0,0,1,0,0,0,0,0,0,0,0,0,0,0,0,0,0,0,0,0,0,0,0,1,0,0,0,0,0,0,0,0,0,0,0,0,0,0,0,0,0,0,0,0,0,0,0,0,0,0,0,0,0,0,0,0,0,0,0,0,0,0,0,0,0,0,0,0,0,0,0,0,0,0,0,0,0,0,0,0,0,0,0,0,0,0,0,0,0,0
1,2,2,0,0,0,0,0,4,2,0,0,2,1,0,1,3,3,2,4,3,3,2,6,5,4,4,8,7,5,10,4,4,13,2,8,6,9,20,9,8,7,7,7,9,10,9,8,8,6,6,8,10,9,14,9,6,10,4,5,9,9,2,7,6,4,10,7,6,2,1,3,5,1,4,5,4,7,6,2,1,4,4,2,1,4,2,4,0,0,2,2,1,1,0,0,1,1,0,1,1,0,0,0,2,0,1,0,0,0,1,0,0,0,0,0,1,0,0,0,0,0,0,0,0,0,0,0,0,0,0,0,0,0,0,0,0,0,0,1,0,0,0,0,0,0,0,0,0,0,0,0,0,0,0,0,0,0,0,0,0,0,0,0,0,0,0,0,0,0,0,0,0,0,0,0,0,0,0,0,0,0,0,0,0,0,0,0,0,0,0,0,0,0,0,0,0,0,0,0
1,2,0,0,1,0,1,1,0,0,1,1,2,1,3,1,3,3,3,2,2,1,2,4,7,7,5,4,6,4,4,5,7,4,3,10,9,12,10,6,6,8,11,9,15,9,15,13,11,10,9,12,5,8,11,11,6,7,7,7,6,9,9,4,8,8,2,7,5,5,3,7,2,1,5,6,2,1,3,0,2,0,3,3,3,3,3,1,2,3,1,1,0,2,0,2,1,0,1,0,0,1,1,0,1,0,0,0,0,0,0,0,0,0,0,0,0,0,0,0,0,0,0,0,0,0,0,0,0,0,0,0,0,0,0,0,0,0,0,0,0,0,0,0,0,1,0,0,0,0,0,0,0,0,0,0,0,0,0,0,0,0,0,0,0,0,0,0,0,0,0,0,0,0,0,0,0,0,0,0,0,0,0,0,0,0,0,0,0,0,0,0,0,0,0,0,0,0,0,0
0,0,1,0,0,0,1,0,0,0,0,2,1,1,5,1,3,2,5,1,3,2,2,6,9,0,3,8,5,4,8,8,7,8,5,3,6,7,7,18,8,10,7,12,13,12,11,8,12,13,8,6,10,3,8,8,8,8,10,10,10,1,5,9,10,8,5,6,2,2,3,5,6,3,1,6,1,8,3,1,1,3,2,2,4,2,2,0,2,1,2,0,3,2,0,0,0,2,2,1,0,0,1,0,0,0,0,1,0,0,0,0,1,0,1,0,0,0,1,0,1,0,0,0,0,0,0,0,0,0,0,0,0,0,0,0,1,0,0,0,0,0,0,0,0,0,0,0,0,0,0,0,0,0,0,0,0,0,0,0,1,0,0,0,0,0,0,0,0,0,0,0,0,0,0,0,0,0,0,0,0,0,0,0,0,0,0,0,0,0,0,0,0,0,0,0,0,0,0,0
0,0,0,1,1,1,0,1,4,1,1,0,1,2,1,2,0,3,2,3,1,4,2,6,4,3,2,5,5,5,4,6,7,14,7,6,5,7,6,5,12,10,7,5,10,6,10,14,5,4,7,10,11,6,6,3,9,6,7,9,8,7,4,7,6,6,7,3,11,4,5,4,6,3,2,4,1,2,2,4,3,4,1,2,1,4,0,3,2,0,0,4,3,0,1,0,0,1,1,0,0,2,0,0,3,1,1,0,0,0,1,1,0,0,0,0,0,0,0,0,0,0,0,0,0,0,0,0,0,0,0,0,0,0,0,1,0,0,0,0,0,0,0,0,0,0,0,0,0,0,0,0,0,0,0,0,0,0,0,0,0,0,0,0,0,0,0,0,0,0,0,0,0,0,0,0,0,0,0,0,0,0,0,0,0,0,0,0,0,0,0,0,0,0,0,0,0,0,0,0
0,1,2,0,0,1,0,1,4,1,0,0,0,3,1,2,2,3,0,3,2,7,2,8,1,4,5,4,2,3,7,12,2,7,10,4,4,10,7,8,3,16,2,8,9,6,15,11,12,10,12,8,7,12,10,10,13,6,6,8,5,4,3,6,2,5,4,3,5,4,9,6,4,3,3,7,6,3,6,0,2,6,3,0,6,1,1,1,6,2,1,1,1,0,2,1,1,1,0,1,0,1,1,0,1,0,0,0,0,0,0,0,1,0,0,0,0,0,0,0,1,2,0,0,0,0,0,0,0,0,0,0,0,1,0,0,0,0,0,0,0,0,0,0,0,0,0,0,0,0,0,0,0,0,0,0,0,0,0,0,0,0,0,0,0,0,0,0,0,0,0,0,0,0,0,0,0,0,0,0,0,0,0,0,0,0,0,0,0,0,0,0,0,0,0,0,0,0,0,0
1,0,1,0,0,0,2,1,1,1,0,0,2,1,1,1,0,2,2,2,2,5,2,2,5,2,5,6,6,11,5,4,7,4,5,4,4,8,11,10,11,10,6,6,12,13,5,6,8,9,11,13,9,1,9,6,8,10,7,6,10,5,2,3,2,12,3,5,6,6,2,1,3,5,9,2,7,2,1,1,1,0,2,2,2,1,0,1,2,1,0,1,3,1,1,0,0,1,2,0,2,1,1,1,1,1,0,1,1,0,1,2,0,0,0,1,0,1,0,0,1,0,0,0,0,0,0,0,0,1,0,0,0,0,0,0,0,0,0,1,0,0,0,0,0,0,0,0,0,0,0,0,0,0,0,0,0,0,0,0,0,0,0,0,0,0,0,0,0,0,0,0,0,0,0,0,0,0,0,0,0,0,0,0,0,0,0,0,0,0,0,0,0,0,0,0,0,0,0,0
0,0,0,0,1,1,1,1,1,0,2,1,0,1,1,1,0,1,0,0,2,1,4,4,1,5,6,5,3,3,7,8,7,4,8,6,6,8,6,5,9,4,5,8,5,10,5,9,9,5,8,10,10,11,9,10,8,7,9,4,6,6,4,8,5,3,8,4,6,5,1,5,4,5,6,4,2,5,0,3,8,0,2,4,0,0,2,2,1,0,0,0,2,1,0,0,1,0,0,0,2,0,0,0,1,0,0,0,1,0,1,1,2,1,0,0,0,0,1,0,0,1,0,0,0,0,1,0,0,0,0,0,0,0,0,0,0,0,0,0,0,0,0,0,0,0,0,0,0,0,0,0,0,0,0,0,0,0,0,0,0,0,0,0,0,0,0,0,0,0,0,0,0,0,0,0,0,0,0,0,0,0,0,0,0,0,0,0,0,0,0,0,0,0,0,0,0,0,0,0
0,0,1,0,0,1,0,0,2,0,0,0,2,3,0,2,1,2,0,2,3,3,3,2,4,4,2,0,0,4,5,5,7,6,4,4,4,11,8,4,5,6,9,12,6,12,6,4,12,11,7,7,11,3,8,8,6,10,6,7,9,4,4,8,3,10,3,3,7,5,1,2,6,0,4,4,2,0,2,2,3,2,2,3,3,2,2,0,2,0,3,0,0,0,1,0,1,0,0,1,0,1,0,1,3,1,0,0,1,0,0,0,0,0,0,0,0,0,1,0,0,0,0,0,0,0,1,0,0,0,0,1,0,0,0,0,0,0,0,0,0,0,0,0,0,0,0,0,0,0,0,0,0,0,0,0,0,0,0,0,0,0,0,0,0,0,0,0,0,0,0,0,0,0,0,0,0,0,0,0,0,0,0,0,0,0,0,0,0,0,0,0,0,0,0,0,0,0,0,0
0,1,0,0,0,1,0,1,4,0,0,1,1,0,0,1,2,2,4,1,1,1,4,4,3,2,3,2,0,2,7,2,11,11,4,4,8,9,6,3,4,12,5,6,7,9,10,7,8,16,6,13,6,6,7,6,5,8,7,4,8,6,3,9,8,3,5,8,5,4,4,4,2,3,2,4,2,0,3,2,2,4,1,3,0,1,3,2,0,1,1,1,0,3,1,0,1,0,0,1,1,1,1,0,0,0,1,0,0,1,0,1,0,0,0,0,1,1,0,0,0,0,0,0,0,0,0,0,0,0,0,0,0,0,0,0,0,0,0,0,0,0,0,0,0,0,0,0,0,0,0,0,0,0,0,0,0,0,0,0,0,0,0,0,0,0,0,0,0,0,0,0,0,0,0,0,0,0,0,0,0,0,0,0,0,0,0,0,0,0,0,0,0,0,0,0,0,0,0,0
0,1,0,0,0,1,0,0,1,2,1,1,0,1,1,0,0,0,4,2,2,2,1,4,2,5,2,3,5,6,3,7,7,6,9,6,3,6,2,6,6,7,6,6,12,8,9,6,8,5,9,7,4,7,12,9,6,6,4,5,4,7,6,7,2,6,8,1,2,2,5,5,2,4,2,1,1,3,0,6,3,4,2,0,4,1,0,2,1,1,0,0,2,1,0,0,0,0,0,0,1,1,3,0,0,0,1,0,0,0,0,0,0,0,1,0,0,0,0,0,0,0,1,0,0,1,0,1,0,0,1,0,0,0,0,0,0,0,0,0,1,0,0,0,0,0,0,0,0,1,0,0,0,0,0,0,0,0,0,0,0,0,0,0,0,0,0,0,0,0,0,0,0,0,0,0,0,0,0,0,0,0,0,0,0,0,0,0,0,0,0,0,0,0,0,0,0,0,0,0
0,0,0,0,0,0,1,0,2,0,1,1,0,0,1,2,1,2,2,3,1,3,6,3,5,4,2,4,6,5,7,4,11,11,10,3,8,4,5,3,7,4,11,5,4,3,9,7,6,9,10,5,5,4,5,7,5,8,5,6,8,6,8,6,11,6,2,6,4,5,3,9,1,6,3,2,1,1,2,0,2,3,2,1,2,1,2,0,2,0,0,1,1,0,0,4,0,1,0,0,0,1,1,0,1,0,0,0,0,0,0,0,0,0,1,0,0,0,0,0,0,0,0,0,0,0,0,0,0,0,0,0,0,0,0,0,0,0,0,0,0,0,0,0,0,0,0,0,0,0,0,0,0,0,0,0,0,0,0,0,0,0,0,0,0,0,0,0,0,0,0,0,0,0,0,0,0,0,0,0,0,0,0,0,0,0,0,0,0,0,0,0,0,0,0,0,0,0,0,0
0,1,0,0,0,0,1,0,0,0,0,1,0,3,1,0,0,0,1,5,4,1,3,3,3,2,1,6,10,4,4,6,5,4,5,3,6,6,6,3,6,10,6,5,5,3,6,5,6,10,4,7,4,3,15,8,10,7,5,11,8,6,2,2,6,7,5,3,5,1,8,3,5,2,4,2,1,1,0,3,1,1,0,1,1,0,1,1,1,0,1,3,0,0,0,1,0,2,1,0,0,1,2,1,0,0,0,0,1,1,0,0,0,0,0,1,0,0,0,0,0,1,0,0,0,0,0,0,0,0,0,0,0,0,0,0,0,0,0,0,0,0,0,0,0,0,0,0,0,0,0,0,0,0,0,0,0,0,0,0,0,0,0,0,0,0,0,0,0,0,0,0,0,0,0,0,0,0,0,0,0,0,0,0,0,0,0,0,0,0,0,0,0,0,0,0,0,0,0,0
0,1,0,0,0,1,1,0,0,0,0,0,2,1,1,0,2,0,3,6,2,4,4,2,4,2,3,3,3,3,4,6,6,7,2,3,1,4,10,10,10,10,3,8,6,8,7,10,9,4,8,12,8,5,6,7,7,8,5,5,5,5,7,7,8,3,4,4,2,7,1,5,3,4,3,4,0,0,4,1,1,1,1,1,1,2,2,0,0,2,1,1,1,0,1,2,0,0,1,0,0,0,0,0,0,0,0,0,0,0,1,0,1,0,0,0,0,0,0,0,0,0,0,0,0,0,0,0,0,0,0,0,0,0,0,0,0,0,0,0,0,0,0,0,0,0,0,0,0,0,0,0,0,0,0,0,0,0,0,0,0,0,0,0,0,0,0,0,0,0,0,0,0,0,0,0,0,0,0,0,0,0,0,0,0,0,0,0,0,0,0,0,0,0,0,0,0,0,0,0
0,2,0,0,0,1,0,0,1,0,1,0,2,0,0,2,1,2,4,0,1,0,1,1,1,7,1,3,2,3,6,5,3,4,4,4,5,6,7,5,7,4,5,7,7,4,9,8,10,7,9,6,6,7,5,9,13,4,5,6,4,6,8,7,3,5,7,4,5,4,1,0,1,5,2,2,1,3,3,1,1,1,2,2,3,0,2,2,0,2,2,1,0,0,0,1,0,3,0,0,1,1,2,0,4,0,1,0,1,1,0,0,0,0,0,0,0,0,0,0,0,0,0,0,0,0,0,0,0,0,1,1,0,0,0,0,0,0,0,0,0,0,0,0,0,0,0,0,0,0,0,0,0,0,0,0,0,0,0,0,0,0,0,0,0,0,0,0,0,0,0,0,0,0,0,0,0,0,0,0,0,0,0,0,0,0,0,0,0,0,0,0,0,0,0,0,0,0,0,0
0,0,0,0,0,0,0,0,2,0,2,0,2,1,1,1,1,2,0,1,2,3,7,1,2,4,3,5,4,5,3,2,10,8,7,4,3,6,7,3,9,5,8,6,7,11,5,9,5,9,6,6,6,6,3,7,2,4,8,7,6,6,7,5,1,4,6,2,5,2,3,6,2,3,1,1,1,2,3,4,5,1,2,0,1,0,2,1,2,0,1,1,1,0,2,1,2,0,0,0,1,0,0,0,0,0,2,1,0,0,0,0,0,1,0,1,0,0,0,0,0,0,0,0,0,0,0,0,0,0,0,1,0,0,0,0,0,0,0,0,0,0,0,0,0,0,0,0,0,0,0,0,0,0,0,0,0,0,0,0,0,0,0,0,0,0,0,0,0,0,0,0,0,0,0,0,0,0,0,0,0,0,0,0,0,0,0,0,0,0,0,0,0,0,0,0,0,0,0,0
1,1,0,0,1,0,0,0,0,1,0,2,2,2,3,1,1,0,4,1,2,1,5,7,3,4,1,1,2,2,3,1,9,7,2,7,4,4,5,3,12,5,4,3,7,9,1,9,9,5,4,8,7,8,4,3,7,5,9,5,4,4,4,4,5,6,10,4,4,4,3,2,3,0,4,1,1,4,0,0,3,1,2,3,2,2,1,0,2,1,1,1,0,0,0,1,0,0,2,2,0,0,1,1,0,1,0,0,1,3,1,0,0,1,0,1,0,0,0,0,0,0,0,0,0,0,0,0,1,1,0,0,0,0,0,0,0,1,0,0,0,0,0,0,0,0,0,0,0,0,0,0,0,0,0,0,0,0,0,0,0,0,0,0,0,0,0,0,0,0,0,0,0,0,0,0,0,0,0,0,0,0,0,0,0,0,0,0,0,0,0,0,0,0,0,0,0,0,0,0
0,0,1,1,0,0,0,0,1,0,2,1,0,0,1,0,1,2,2,3,1,6,2,1,3,3,1,2,1,4,6,3,2,5,3,4,1,5,10,12,8,7,7,4,9,8,8,8,9,8,4,8,4,7,9,8,4,5,5,5,7,9,3,7,5,4,5,2,3,5,2,6,0,5,0,1,3,2,1,1,3,0,0,1,0,2,1,2,1,1,0,0,1,1,1,1,0,1,0,0,1,0,0,0,0,0,1,0,1,0,0,0,0,0,0,0,0,0,0,0,0,1,0,0,0,0,0,0,0,0,0,0,0,0,0,0,0,0,0,0,0,0,0,0,0,0,0,0,0,0,0,0,0,0,0,0,0,0,0,0,0,0,0,0,0,0,0,0,0,0,0,0,0,0,0,0,0,0,0,0,0,0,0,0,0,0,0,0,0,0,0,0,0,0,0,0,0,0,0,0
0,1,0,0,1,0,2,1,0,0,0,2,1,0,0,1,1,2,1,2,1,2,2,2,4,9,0,3,4,6,5,6,8,5,4,4,2,1,6,5,7,7,6,5,6,2,4,4,3,6,7,8,4,5,2,8,6,3,7,1,4,7,4,6,3,3,7,4,8,3,0,3,2,2,2,1,0,1,3,1,0,2,1,1,3,0,0,1,1,2,2,1,0,2,0,1,0,2,0,0,0,1,0,0,0,0,0,0,0,0,0,0,0,0,0,0,0,0,0,0,1,0,0,0,0,0,0,0,0,0,0,0,0,0,0,0,0,0,0,0,0,1,0,0,0,0,0,0,0,0,0,0,0,0,0,0,0,0,0,0,0,0,0,0,0,0,0,0,0,0,0,0,0,0,0,0,0,0,0,0,0,0,0,0,0,0,0,0,0,0,0,0,0,0,0,0,0,0,0,0
0,0,0,0,1,0,0,1,1,1,0,0,1,0,2,0,2,2,2,5,3,3,0,0,1,3,0,1,1,2,2,2,6,5,3,4,3,3,7,3,1,6,5,7,9,9,10,5,7,6,7,5,3,5,4,2,3,3,4,5,5,6,5,4,5,5,3,4,1,4,3,5,2,3,3,0,1,3,1,3,2,2,0,2,1,2,2,1,1,0,0,0,0,0,0,0,0,0,0,1,0,2,1,0,0,0,0,0,1,1,0,0,0,0,0,0,0,0,0,0,0,0,0,0,1,0,0,0,0,0,0,0,0,0,0,0,0,0,0,0,0,0,0,0,0,0,0,0,0,0,0,0,0,0,0,0,0,0,0,0,0,0,0,0,0,0,0,0,0,0,0,0,0,0,0,0,0,0,0,0,0,0,0,0,0,0,0,0,0,0,0,0,0,0,0,0,0,0,0,0
0,1,0,0,0,0,0,0,1,0,0,1,0,0,1,0,1,1,1,2,2,3,0,2,4,5,5,3,5,5,5,4,4,6,3,4,3,3,5,5,7,6,0,6,7,7,6,8,3,6,7,5,7,8,4,8,3,4,6,1,3,4,3,7,4,2,5,5,7,3,5,0,4,3,3,0,0,2,2,2,2,2,3,0,0,2,0,0,2,1,1,0,1,2,0,1,0,2,0,1,0,0,1,0,1,0,0,0,0,0,0,0,0,0,0,0,0,1,0,0,0,0,0,0,0,0,0,0,0,0,0,0,0,1,0,0,0,0,0,0,0,0,0,0,0,0,0,0,0,0,0,0,0,0,0,0,0,0,0,0,0,0,0,0,0,0,0,0,0,0,0,0,0,0,0,0,0,0,0,0,0,0,0,0,0,0,0,0,0,0,0,0,0,0,0,0,0,0,0,0
0,0,0,0,0,0,1,2,1,1,0,0,0,1,0,2,1,2,3,2,2,3,5,4,2,3,3,3,4,4,3,2,5,6,3,2,3,2,3,7,6,4,6,4,4,5,4,4,5,3,5,4,5,3,4,5,4,7,6,7,2,3,6,2,3,4,3,0,5,1,4,2,2,2,1,1,0,0,4,2,0,2,2,1,2,3,6,0,1,0,0,0,1,1,0,0,0,0,0,1,0,1,0,1,0,0,1,1,0,0,0,1,0,0,0,0,0,0,0,1,0,0,0,0,0,0,0,0,0,0,0,0,0,0,1,0,0,0,0,0,0,0,0,0,0,0,0,0,0,0,0,0,0,0,0,0,0,0,0,0,0,0,0,0,0,0,0,0,0,0,0,0,0,0,0,0,0,0,0,0,0,0,0,0,0,0,0,0,0,0,0,0,0,0,0,0,0,0,0,0
0,0,0,0,0,0,0,1,1,1,1,0,0,0,1,0,2,0,1,2,0,2,2,3,2,2,1,0,4,4,3,3,2,3,4,1,6,9,3,6,7,2,4,4,3,4,5,8,6,7,2,3,2,1,4,4,6,6,8,2,4,0,5,4,1,1,3,4,1,1,2,4,3,1,3,2,4,2,3,3,2,1,0,1,1,3,0,0,1,0,1,2,0,2,0,2,0,0,0,0,0,0,1,0,1,1,0,0,0,0,0,0,0,0,0,0,1,0,0,0,0,0,0,0,0,0,0,0,0,0,0,0,0,0,0,0,1,0,0,0,0,0,0,0,0,0,0,0,0,0,0,0,0,0,0,0,0,0,0,0,0,0,0,0,0,0,0,0,0,0,0,0,0,0,0,0,0,0,0,0,0,0,0,0,0,0,0,0,0,0,0,0,0,0,0,0,0,0,0,0
0,0,0,0,0,2,0,0,1,0,0,0,2,1,1,0,1,1,0,1,4,0,4,2,2,2,2,3,5,4,3,5,5,6,3,4,3,4,2,6,1,4,6,7,6,9,4,4,8,10,8,10,3,7,3,5,3,3,4,5,4,4,3,1,4,3,2,5,2,6,6,1,1,3,4,2,0,3,1,1,0,2,1,0,0,1,0,0,1,0,0,0,0,0,0,0,3,1,0,0,1,1,1,1,2,0,1,0,0,0,0,1,0,0,0,0,1,0,1,0,0,0,0,0,0,0,0,0,1,0,0,0,0,0,0,0,0,0,0,0,0,0,0,0,0,0,0,0,0,0,0,0,0,0,0,0,0,0,0,0,0,0,0,0,0,0,0,0,0,0,0,0,0,0,0,0,0,0,0,0,0,0,0,0,0,0,0,0,0,0,0,0,0,0,0,0,0,0,0,0
1,0,0,0,0,0,0,0,3,0,0,1,0,0,1,1,3,1,1,4,0,2,4,4,2,2,3,2,1,1,1,2,6,2,8,2,3,4,6,4,2,2,5,3,9,6,5,7,3,4,4,9,6,5,4,5,9,2,4,4,4,2,2,3,1,4,1,3,0,2,0,5,2,3,4,2,0,2,1,1,4,1,2,0,0,2,0,1,1,0,0,1,0,0,1,0,0,0,2,1,0,0,0,0,0,0,0,0,1,0,0,0,0,1,0,1,0,0,0,0,0,0,0,0,0,0,0,0,0,0,0,0,0,0,0,0,0,1,0,0,0,0,0,0,0,0,0,0,0,0,0,0,0,0,0,0,0,0,0,0,0,0,0,0,0,0,0,0,0,0,0,0,0,0,0,0,0,0,0,0,0,0,0,0,0,0,0,0,0,0,0,0,0,0,0,0,0,0,0,0
0,0,0,0,0,0,0,0,1,0,0,0,2,1,1,0,1,2,3,2,2,1,2,2,5,7,0,2,0,4,2,2,6,8,4,6,0,5,6,2,2,3,6,6,7,4,10,9,4,5,6,5,4,8,5,4,3,2,4,5,4,4,9,4,3,5,7,3,0,5,1,4,1,6,2,3,1,0,2,1,2,1,1,0,0,1,0,0,0,0,0,2,1,0,0,0,2,0,0,0,0,0,0,0,0,0,0,0,0,1,0,0,0,0,0,0,0,0,0,0,0,0,0,0,0,0,0,1,0,0,0,0,0,0,0,0,0,0,0,0,0,0,0,0,0,0,0,0,0,0,0,0,0,0,0,0,0,0,0,0,0,0,0,0,0,0,0,0,0,0,0,0,0,0,0,0,0,0,0,0,0,0,0,0,0,0,0,0,0,0,0,0,0,0,0,0,0,0,0,0
1,0,0,0,0,1,0,0,0,0,1,3,0,1,0,2,1,1,2,1,1,4,0,2,2,2,2,1,2,1,3,2,4,5,3,5,7,5,4,3,3,3,7,5,5,7,5,4,2,7,3,4,5,6,7,5,2,6,5,1,1,5,1,3,2,1,1,4,2,2,2,1,4,1,0,1,2,1,1,0,1,0,3,1,1,1,0,1,0,0,1,0,0,0,1,0,0,0,0,0,1,1,0,0,0,0,0,0,0,0,0,0,0,0,0,0,0,0,0,0,0,0,0,0,0,0,0,0,0,0,0,0,0,0,0,0,0,0,0,0,0,0,0,0,0,0,0,0,0,0,0,0,0,0,0,0,0,0,0,0,0,0,0,0,0,0,0,0,0,0,0,0,0,0,0,0,0,0,0,0,0,0,0,0,0,0,0,0,0,0,0,0,0,0,0,0,0,0,0,0
0,0,1,0,0,0,0,0,0,0,0,0,0,0,0,0,1,1,1,2,1,3,1,6,3,3,2,1,2,3,1,3,4,10,2,3,3,4,7,5,5,2,4,3,4,6,5,3,6,6,6,3,11,3,5,5,4,3,1,0,4,3,4,4,5,4,0,3,3,2,3,2,0,3,3,1,2,3,0,3,0,1,2,0,0,3,1,0,0,0,0,0,0,0,2,0,0,0,0,0,0,0,0,1,0,1,1,0,0,0,0,0,0,0,0,0,0,0,0,0,0,0,0,0,0,0,0,0,1,0,0,0,0,0,0,0,0,0,0,0,0,0,0,0,0,0,0,0,0,0,0,0,0,0,0,0,0,0,0,0,0,0,0,0,0,0,0,0,0,0,0,0,0,0,0,0,0,0,0,0,0,0,0,0,0,0,0,0,0,0,0,0,0,0,0,0,0,0,0,0
0,0,0,0,0,0,0,0,2,1,0,1,0,0,0,0,1,1,2,1,1,1,1,4,3,1,2,3,0,2,3,4,5,4,3,4,6,4,10,3,7,5,4,2,6,5,8,2,7,4,2,5,6,2,6,10,5,3,2,3,4,2,0,2,4,3,5,1,4,3,2,4,2,3,1,2,2,1,2,3,2,0,1,3,0,1,1,0,1,3,1,1,3,2,0,0,0,1,0,0,0,1,0,0,0,1,0,0,1,0,0,0,0,0,0,0,1,0,1,0,0,0,0,0,0,0,0,0,1,0,0,0,0,0,0,0,0,0,0,0,0,0,0,0,0,0,0,0,0,0,0,0,0,0,0,0,0,0,0,0,0,0,0,0,0,0,0,0,0,0,0,0,0,0,0,0,0,0,0,0,0,0,0,0,0,0,0,0,0,0,0,0,0,0,0,0,0,0,0,0
0,1,1,0,1,1,0,1,3,2,1,0,0,0,0,0,0,1,1,2,3,1,3,1,2,2,1,1,2,3,0,1,2,5,1,5,3,3,3,2,3,5,5,3,1,4,4,5,0,6,5,3,3,2,2,6,4,4,1,1,4,5,2,4,3,2,2,3,3,2,2,0,3,2,2,1,2,5,2,3,3,1,2,0,0,1,0,0,2,1,1,0,0,1,1,0,0,3,2,0,0,0,0,0,1,0,0,1,1,0,0,0,0,0,0,0,0,0,0,0,0,0,0,0,0,0,0,0,0,0,0,0,0,0,0,0,0,0,0,0,0,0,0,0,0,0,0,0,0,0,0,0,0,0,0,0,0,0,0,0,0,0,0,0,0,0,0,0,0,0,0,0,0,0,0,0,0,0,0,0,0,0,0,0,0,0,0,0,0,0,0,0,0,0,0,0,0,0,0,0
0,0,0,0,0,1,0,0,0,1,0,0,1,1,0,2,1,0,2,2,1,0,2,2,4,2,1,0,3,2,7,6,4,4,7,3,2,2,3,4,2,5,10,10,5,6,5,5,8,7,2,3,6,6,5,6,2,4,2,5,1,4,5,4,7,2,3,3,3,2,1,0,2,2,3,2,0,6,0,3,0,0,1,1,0,1,0,0,0,0,1,0,1,0,1,1,0,1,0,0,0,0,1,0,0,0,0,0,0,0,0,0,2,0,0,0,0,0,0,0,0,0,0,0,0,0,0,0,0,0,0,0,0,0,0,0,0,0,1,0,0,0,0,0,0,0,0,0,0,0,0,0,0,0,0,0,0,0,0,0,0,0,0,0,0,0,0,0,0,0,0,0,0,0,0,0,0,0,0,0,0,0,0,0,0,0,0,0,0,0,0,0,0,0,0,0,0,0,0,0
0,0,0,0,0,0,0,1,2,0,1,2,0,1,0,1,0,0,0,6,0,1,1,1,2,1,1,3,4,0,0,1,6,1,0,4,1,4,6,3,3,5,4,1,4,3,5,3,4,3,6,2,6,5,2,7,1,1,2,5,6,1,3,4,1,0,2,4,3,0,1,2,2,1,3,2,4,0,0,2,0,0,3,2,0,0,1,0,0,0,2,0,0,1,0,0,0,0,1,0,0,0,0,0,1,0,0,0,0,0,0,0,1,0,0,0,0,0,0,0,0,0,0,0,0,0,0,0,0,0,0,0,0,0,0,0,0,0,0,0,0,0,0,0,0,0,0,0,0,0,0,0,0,0,0,0,0,0,0,0,0,0,0,0,0,0,0,0,0,0,0,0,0,0,0,0,0,0,0,0,0,0,0,0,0,0,0,0,0,0,0,0,0,0,0,0,0,0,0,0
0,1,0,0,1,0,0,0,3,0,0,1,1,0,1,0,0,0,2,2,0,0,1,4,2,1,0,3,2,1,4,0,5,4,5,3,2,5,8,2,4,2,3,4,2,3,2,6,7,3,4,0,4,2,6,1,5,2,1,2,1,3,3,5,5,5,3,2,1,1,3,1,4,1,1,2,2,2,3,3,2,0,0,2,0,0,0,1,0,0,1,1,2,0,0,1,0,0,0,0,0,1,0,0,0,0,0,1,0,0,0,0,1,0,0,0,0,0,0,0,0,0,0,0,1,0,0,0,0,0,0,0,0,0,0,0,0,0,1,0,0,0,0,0,0,0,0,0,0,0,0,0,0,0,0,0,0,0,0,0,0,0,0,0,0,0,0,0,0,0,0,0,0,0,0,0,0,0,0,0,0,0,0,0,0,0,0,0,0,0,0,0,0,0,0,0,0,0,0,0
0,0,1,0,0,1,0,0,1,1,1,1,0,0,0,0,0,2,2,1,1,0,5,3,1,5,1,2,2,3,2,2,2,5,3,0,0,3,1,7,2,1,6,7,5,5,4,7,4,2,5,5,3,2,4,2,2,2,3,2,5,2,2,3,1,6,1,4,3,3,2,0,1,0,3,2,0,1,1,0,1,2,0,0,1,0,1,0,0,0,0,1,0,0,0,0,0,0,1,0,1,0,2,0,0,1,0,0,0,0,0,0,0,0,0,0,0,0,0,0,0,0,0,0,0,0,0,0,0,0,0,0,0,0,0,0,0,0,0,0,0,0,0,0,0,0,0,0,0,0,0,0,0,0,0,0,0,0,0,0,0,0,1,0,0,0,0,0,0,0,0,0,0,0,0,0,0,0,0,0,0,0,0,0,0,0,0,0,0,0,0,0,0,0,0,0,0,0,0,0
0,0,0,0,0,0,0,2,0,0,0,1,0,1,0,2,0,1,3,1,1,1,1,4,2,3,1,2,3,6,1,0,2,4,3,2,5,4,9,0,6,1,3,6,2,3,10,1,5,5,3,2,6,4,0,6,6,2,4,3,2,4,2,3,1,1,1,1,4,4,1,2,2,0,1,1,3,3,0,0,0,2,1,1,0,1,1,0,0,0,1,0,1,0,0,0,0,0,1,0,0,0,0,1,0,1,0,0,0,0,0,0,0,0,0,0,0,0,0,0,0,0,0,0,0,0,0,0,0,0,0,0,0,0,0,0,0,0,0,0,0,0,0,0,0,0,0,0,0,0,0,0,0,0,0,0,0,0,0,0,0,0,0,0,0,0,0,0,0,0,0,0,0,0,0,0,0,0,0,0,0,0,0,0,0,0,0,0,0,0,0,0,0,0,0,0,0,0,0,0
0,0,0,0,0,0,0,0,2,0,0,0,1,0,0,0,1,0,0,0,2,0,0,2,2,0,2,2,0,3,4,2,4,4,5,1,5,1,4,8,3,4,4,3,2,4,3,4,8,6,0,3,2,5,4,5,2,3,5,4,3,1,6,3,3,2,3,2,1,4,2,2,0,5,2,0,3,0,2,0,1,0,0,1,1,1,0,0,0,1,0,0,0,1,0,0,0,0,0,0,0,0,0,0,0,0,0,0,0,0,0,1,0,0,0,0,0,0,0,0,0,0,0,0,0,0,0,0,0,0,0,0,0,0,0,0,0,0,0,0,0,0,0,0,0,0,1,0,0,0,0,0,0,0,0,0,0,0,0,0,0,0,0,0,0,0,0,0,0,0,0,0,0,0,0,0,0,0,0,0,0,0,0,0,0,0,0,0,0,0,0,0,0,0,0,0,0,0,0,0
0,0,0,0,0,0,0,2,0,1,1,0,0,0,0,1,0,1,1,0,0,2,3,4,3,5,0,3,1,2,4,2,1,4,5,4,5,1,3,4,6,4,3,3,4,1,6,7,2,6,3,0,3,4,6,4,7,4,7,3,7,2,4,3,4,6,4,0,1,0,1,4,1,3,2,3,2,1,2,3,2,1,0,0,0,1,1,0,1,1,0,0,0,0,0,0,0,0,1,0,0,0,0,1,0,0,0,1,0,0,0,0,0,0,0,0,1,0,0,0,0,0,0,1,0,0,0,0,0,0,0,0,0,0,0,0,0,0,0,0,0,0,0,0,0,0,0,0,0,0,0,0,0,0,0,0,0,0,0,0,0,0,0,0,0,0,0,0,0,0,0,0,0,0,0,0,0,0,0,0,0,0,0,0,0,0,0,0,0,0,0,0,0,0,0,0,0,0,0,0
0,0,0,0,0,0,0,1,0,0,1,0,0,0,2,2,0,4,0,1,1,1,1,5,3,0,0,2,0,3,3,7,3,1,6,1,3,3,3,4,0,7,4,1,6,1,4,2,0,1,1,7,7,3,2,0,1,1,5,4,4,4,1,1,0,0,3,4,1,2,1,2,2,0,2,2,1,1,1,3,1,2,0,0,1,0,1,1,1,0,2,0,0,0,0,0,1,0,0,0,0,0,1,0,0,0,0,0,0,0,0,0,0,0,0,0,0,0,0,0,0,1,0,0,0,0,0,1,0,0,0,0,0,0,0,0,0,0,0,0,0,0,0,0,0,0,0,0,0,0,0,0,0,0,0,0,0,0,0,0,0,0,0,0,0,0,0,0,0,0,0,0,0,0,0,0,0,0,0,0,0,0,0,0,0,0,0,0,0,0,0,0,0,0,0,0,0,0,0,0
1,0,0,0,0,0,0,1,0,1,0,0,0,0,0,1,1,1,5,0,0,1,0,1,3,1,1,1,3,2,0,3,3,5,2,4,3,4,4,4,4,5,5,4,4,2,6,7,6,6,6,0,4,2,0,1,5,0,2,4,5,1,4,2,2,1,2,1,0,3,0,1,1,3,0,0,2,0,1,1,0,0,3,1,1,0,1,1,0,1,0,0,0,0,1,1,0,0,0,0,0,0,2,0,0,0,0,0,0,0,0,0,0,0,1,0,0,0,0,0,0,0,0,0,0,0,0,1,0,0,0,0,0,0,0,0,0,0,0,0,0,0,0,0,0,0,0,0,0,0,0,0,0,0,0,0,0,0,0,0,0,0,0,0,0,0,0,0,0,0,0,0,0,0,0,0,0,0,0,0,0,0,0,0,0,0,0,0,0,0,0,0,0,0,0,0,0,0,0,0
0,0,0,0,0,0,0,0,0,0,0,0,0,1,0,1,1,0,1,1,1,0,2,1,1,0,3,2,1,2,4,4,2,2,1,2,0,1,0,4,4,2,3,2,3,3,2,2,2,4,5,0,3,3,2,0,1,3,1,4,7,2,4,4,1,2,4,0,0,0,4,2,3,1,0,3,3,1,1,0,1,0,2,0,0,0,0,0,0,0,0,0,3,0,1,1,0,0,0,0,0,0,0,1,0,0,0,0,0,0,0,0,0,0,0,0,0,0,0,0,0,0,0,0,0,0,0,0,0,0,0,0,0,0,0,0,0,0,0,0,0,0,0,0,0,0,0,0,0,0,0,0,0,0,0,0,0,0,0,0,0,0,0,0,0,0,0,0,0,0,0,0,0,0,0,0,0,0,0,0,0,0,0,0,0,0,0,0,0,0,0,0,0,0,0,0,0,0,0,0
0,0,0,0,0,1,1,1,0,0,2,0,0,0,0,0,1,2,0,1,2,2,0,2,1,2,1,2,2,1,2,3,1,5,2,2,1,6,5,4,2,5,1,5,3,2,1,8,3,4,6,4,7,3,3,2,0,3,1,4,1,5,5,0,3,4,5,2,3,1,3,2,3,0,2,2,1,1,1,0,1,0,0,0,0,0,1,0,1,0,0,0,0,0,0,1,0,1,0,0,1,0,0,0,0,0,0,0,0,0,0,0,1,0,0,0,0,0,0,0,0,0,0,0,0,0,0,0,0,0,1,0,1,0,0,0,0,0,0,0,0,0,0,0,0,0,0,0,0,0,0,0,0,0,0,0,0,0,0,0,0,0,0,0,0,0,0,0,0,0,0,0,0,0,0,0,0,0,0,0,0,0,0,0,0,0,0,0,0,0,0,0,0,0,0,0,0,0,0,0
0,0,0,0,0,0,1,0,2,0,0,1,1,1,0,1,1,1,1,3,0,0,3,1,1,2,1,1,0,2,1,1,3,4,2,7,2,3,4,5,0,3,0,6,3,5,4,0,4,1,3,1,4,2,4,3,2,3,7,5,3,1,6,4,2,1,2,0,2,3,2,0,1,0,3,1,0,1,0,1,0,0,0,0,1,0,0,2,2,0,0,0,0,0,2,1,0,1,0,0,1,0,0,0,0,0,0,0,0,0,0,0,0,0,0,0,0,1,0,0,0,0,0,0,0,0,0,0,0,0,0,0,0,0,0,0,0,0,0,0,0,0,0,0,0,0,0,0,0,0,0,0,0,0,0,0,0,0,0,0,0,0,0,0,0,0,0,0,0,0,0,0,0,0,0,0,0,0,0,0,0,0,0,0,0,0,0,0,0,0,0,0,0,0,0,0,0,0,0,0
0,0,0,0,0,0,0,0,0,0,0,0,0,0,0,1,0,2,0,2,0,0,2,4,2,3,2,1,1,5,1,2,2,5,0,2,1,3,4,1,5,3,1,2,3,4,3,3,5,0,1,1,4,2,3,2,2,2,2,1,0,2,4,3,0,3,1,1,3,2,0,0,1,1,0,2,0,2,1,1,1,0,0,0,1,2,0,3,0,0,0,0,0,1,0,0,0,1,0,0,0,0,1,0,0,0,0,0,0,0,0,0,0,0,0,0,0,0,0,0,0,0,1,0,0,0,0,0,0,0,0,0,0,0,0,0,0,0,0,0,0,0,0,0,0,0,0,0,0,0,0,0,0,0,0,0,0,0,0,0,0,0,0,0,0,0,0,0,0,0,0,0,0,0,0,0,0,0,0,0,0,0,0,0,0,0,0,0,0,0,0,0,0,0,0,0,0,0,0,0
0,0,1,0,1,0,0,0,0,0,1,0,0,0,1,1,0,0,5,0,2,0,0,1,2,0,0,3,1,4,1,7,1,3,1,4,1,1,3,4,6,2,5,0,4,5,2,5,1,1,4,3,2,2,3,2,2,4,1,6,3,5,3,1,2,0,3,1,2,1,3,3,1,0,1,0,1,0,0,1,1,0,0,5,2,1,0,0,0,2,0,0,0,1,0,1,1,0,0,0,0,0,0,0,0,0,0,0,0,0,0,0,0,0,0,0,0,0,0,0,0,0,0,0,0,0,0,0,0,0,0,0,0,1,0,0,0,0,0,0,0,0,0,0,0,0,0,0,0,1,0,0,0,0,0,0,0,0,0,0,0,0,0,0,0,0,0,0,0,0,0,0,0,0,0,0,0,0,0,0,0,0,0,0,0,0,0,0,0,0,0,0,0,0,0,0,0,0,0,0
0,0,0,0,0,1,0,0,0,0,0,0,0,0,1,2,0,1,2,2,0,1,1,3,2,1,2,1,3,3,4,1,4,1,1,1,3,5,4,1,5,4,4,4,4,5,5,1,2,1,2,3,2,5,1,5,3,1,1,4,5,0,1,2,1,2,1,2,2,3,1,1,2,1,3,2,0,3,1,1,2,0,0,0,0,3,1,0,0,0,0,0,0,0,0,0,1,0,0,0,0,0,2,0,0,0,0,0,0,0,0,0,1,0,0,0,1,0,0,0,0,0,0,0,0,0,0,0,0,0,0,0,0,0,0,0,0,0,0,0,0,0,0,0,0,0,0,0,0,0,0,0,0,0,0,0,0,0,0,0,0,0,0,0,0,0,0,0,0,0,0,0,0,0,0,0,0,0,0,0,0,0,0,0,0,0,0,0,0,0,0,0,0,0,0,0,0,0,0,0
0,0,0,0,0,0,0,0,1,0,1,0,1,0,0,0,0,0,0,3,0,1,0,1,3,2,0,4,0,2,1,1,5,1,3,1,3,3,2,4,1,3,3,2,2,4,4,1,3,5,1,3,2,1,0,1,2,4,4,2,1,3,0,1,2,3,1,1,3,0,0,0,1,1,1,1,2,2,2,1,2,0,0,0,2,0,1,0,0,0,1,0,0,0,2,1,0,0,0,0,0,0,0,0,0,0,0,0,1,0,0,0,0,0,0,0,0,0,0,0,0,0,0,0,0,0,0,0,0,0,1,0,0,0,0,0,0,0,0,0,0,0,0,0,0,0,1,0,0,0,0,0,0,0,0,0,0,0,0,0,0,0,0,0,0,0,0,0,0,0,0,0,0,0,0,0,0,0,0,0,0,0,0,0,0,0,0,0,0,0,0,0,0,0,0,0,0,0,0,0
0,0,0,0,1,0,0,1,1,0,0,0,0,1,0,1,1,2,0,1,1,2,2,0,1,1,2,0,2,2,1,1,1,2,1,7,2,1,5,4,4,3,1,2,2,0,0,3,4,2,2,3,3,0,0,3,3,1,0,3,3,3,3,1,1,2,0,0,1,0,1,0,0,0,1,1,0,1,0,0,0,1,0,0,0,0,1,1,0,1,1,2,0,1,1,0,0,0,0,2,0,0,0,1,0,0,0,0,0,0,0,1,0,0,0,0,0,0,1,0,1,0,0,0,0,0,0,0,0,0,0,0,0,0,0,0,0,0,0,0,0,0,0,0,0,0,0,0,0,0,0,0,0,0,0,0,0,0,0,0,0,0,0,0,0,0,0,0,0,0,0,0,0,0,0,0,0,0,0,0,0,0,0,0,0,0,0,0,0,0,0,0,0,0,0,0,0,0,0,0
0,0,0,0,0,0,0,0,1,0,0,1,2,0,0,2,0,2,0,1,1,1,0,2,1,2,2,1,2,0,1,2,2,5,1,2,5,2,3,3,0,2,2,2,7,3,5,3,4,2,0,3,2,2,3,2,2,2,4,2,2,5,0,2,1,0,3,3,3,1,3,1,1,2,3,2,1,1,1,2,2,1,1,1,1,1,0,0,0,0,0,1,0,0,0,0,0,1,1,1,0,0,0,0,0,0,0,0,0,0,0,0,0,0,0,1,0,0,0,0,0,0,0,0,0,0,0,0,0,0,0,0,0,0,0,0,0,0,0,0,0,0,0,0,0,0,0,0,0,0,0,0,0,0,0,0,0,0,0,0,0,0,0,0,0,0,0,0,0,0,0,0,0,0,0,0,0,0,0,0,0,0,0,0,0,0,0,0,0,0,0,0,0,0,0,0,0,0,0,0
0,0,0,0,1,0,1,0,1,0,0,0,0,1,1,0,2,0,1,1,0,1,1,2,0,2,1,1,1,1,2,0,2,0,0,3,2,4,1,2,1,3,1,3,4,4,2,3,3,2,4,0,3,5,0,2,1,0,1,2,1,1,3,0,1,1,2,2,1,2,1,0,1,2,2,0,0,2,1,1,1,0,1,0,0,1,0,1,0,0,0,0,0,0,0,0,0,0,2,0,0,0,0,0,0,0,0,0,1,0,0,0,0,0,0,0,0,0,0,0,0,0,0,0,0,0,0,0,0,0,0,0,0,0,0,0,0,0,0,0,0,0,0,0,0,0,0,0,0,0,0,0,0,0,0,0,0,0,0,0,0,0,0,0,0,0,0,0,0,0,0,0,0,0,0,0,0,0,0,0,0,0,0,0,0,0,0,0,0,0,0,0,0,0,0,0,0,0,0,0
0,0,0,0,0,0,0,0,0,1,0,0,0,0,0,3,2,1,1,0,1,0,0,1,0,4,1,2,0,3,3,3,0,2,4,1,7,0,4,1,5,2,4,2,1,1,6,5,9,3,4,2,3,2,5,4,0,1,2,4,1,3,3,3,3,6,2,0,2,0,1,0,0,0,2,2,0,1,0,1,2,0,1,0,0,0,0,0,0,1,1,0,0,0,0,0,0,0,0,0,0,0,0,0,0,0,0,0,0,0,0,0,0,0,0,0,0,0,0,0,0,0,1,0,0,0,1,1,0,0,0,0,0,0,0,0,0,0,0,0,0,0,0,0,0,0,0,0,0,0,0,0,0,0,0,0,0,0,0,0,0,0,0,0,0,0,0,0,0,0,0,0,0,0,0,0,0,0,0,0,0,0,0,0,0,0,0,0,0,0,0,0,0,0,0,0,0,0,0,0
0,0,2,0,0,0,0,0,0,0,1,1,0,0,1,1,1,1,0,0,1,1,0,4,1,1,2,0,4,1,0,1,4,0,3,3,0,3,5,0,5,2,2,6,4,3,4,3,4,3,1,2,0,2,5,2,1,3,2,0,1,0,6,1,3,1,1,1,3,0,2,0,0,1,0,1,0,0,0,0,0,2,3,2,1,0,2,1,0,0,0,1,0,0,0,0,1,0,0,0,0,0,1,0,0,0,2,0,0,0,0,0,0,0,0,0,0,0,0,0,0,0,0,0,0,0,0,0,0,0,0,0,0,0,0,0,0,1,0,0,0,0,0,1,0,0,0,0,0,0,0,0,0,0,0,0,0,0,0,0,0,0,0,0,0,0,0,0,0,0,0,0,0,0,0,0,0,0,0,0,0,0,0,0,0,0,0,0,0,0,0,0,0,0,0,0,0,0,0,0
0,0,0,0,0,0,0,0,0,0,1,1,0,2,0,2,0,0,0,1,0,3,2,1,2,1,0,2,0,2,3,3,2,4,2,1,5,1,1,2,1,4,1,1,3,2,3,0,3,2,2,3,2,2,2,4,7,4,2,4,2,2,5,1,1,0,1,0,0,1,1,1,1,0,3,1,1,0,0,0,1,2,0,1,0,0,0,0,0,1,0,0,0,1,0,0,0,0,0,0,0,0,0,0,1,0,0,0,0,0,0,0,0,0,1,0,0,0,0,0,0,0,0,0,0,0,0,0,0,0,0,0,0,0,0,0,0,0,0,0,0,0,0,0,0,0,0,0,0,0,0,0,0,0,0,0,0,0,0,0,0,0,0,0,0,0,0,0,0,0,0,0,0,0,0,0,0,0,0,0,0,0,0,0,0,0,0,0,0,0,0,0,0,0,0,0,0,0,0,0
0,0,0,0,0,0,0,0,1,0,0,1,0,0,0,0,1,0,1,0,0,0,0,0,2,2,0,2,2,4,0,0,0,2,1,1,0,0,3,1,3,1,2,0,4,1,1,1,3,2,5,2,1,3,3,2,5,1,2,0,3,3,2,0,1,1,2,1,0,1,0,1,3,1,2,1,1,0,3,0,0,2,0,0,1,0,1,1,0,1,1,0,0,0,0,0,0,0,0,0,0,0,0,0,1,0,0,0,0,0,0,0,0,0,0,0,0,1,0,0,0,0,0,0,0,0,0,0,0,0,0,0,0,0,0,0,0,0,0,0,0,0,0,0,0,0,0,0,0,0,0,0,0,0,0,0,0,0,0,0,0,0,0,0,0,0,0,0,0,0,0,0,0,0,0,0,0,0,0,0,0,0,0,0,0,0,0,0,0,0,0,0,0,0,0,0,0,0,0,0
0,0,0,0,0,0,0,3,0,1,0,2,0,1,0,0,0,1,1,0,0,1,1,1,1,2,0,1,3,2,3,0,4,3,3,1,1,1,6,1,1,3,2,0,2,3,4,2,3,3,1,3,1,1,1,1,2,3,2,1,3,2,2,0,4,2,1,0,1,2,1,1,1,1,0,0,1,1,0,1,1,1,0,0,0,1,0,0,0,0,0,1,1,0,0,0,0,0,0,0,0,0,0,0,0,0,0,1,0,0,0,0,0,0,0,0,0,0,0,0,0,0,0,0,0,0,0,0,0,0,0,0,0,0,0,0,0,0,0,0,0,0,0,0,0,0,0,0,0,0,0,0,0,0,0,0,0,0,0,0,0,0,0,0,0,0,0,0,0,0,0,0,0,0,0,0,0,0,0,0,0,0,0,0,0,0,0,0,0,0,0,0,0,0,0,0,0,0,0,0
0,0,0,0,0,0,0,0,0,0,0,0,0,0,0,0,2,1,1,0,1,0,1,1,1,1,0,1,2,4,1,3,1,2,1,2,4,1,2,4,6,2,2,1,4,1,2,4,2,1,4,1,2,4,4,3,4,3,2,2,3,1,1,1,3,2,1,2,2,1,0,1,0,2,0,2,0,0,3,1,1,2,0,2,1,0,0,2,0,0,0,0,0,0,0,0,0,0,0,0,0,0,0,0,0,1,0,1,0,0,0,0,0,1,0,0,1,0,0,0,0,0,0,0,0,0,0,0,0,0,0,0,0,0,0,0,0,0,0,0,0,0,0,0,0,0,0,0,0,0,0,0,0,0,0,0,0,0,0,0,0,0,0,0,0,0,0,0,0,0,0,0,0,0,0,0,0,0,0,0,0,0,0,0,0,0,0,0,0,0,0,0,0,0,0,0,0,0,0,0
0,1,0,0,0,0,0,0,0,0,0,1,0,0,0,2,1,1,1,3,1,0,2,2,0,0,0,0,5,1,0,1,1,1,1,4,0,1,3,4,2,1,1,4,1,1,2,4,1,3,3,5,4,1,5,1,2,1,1,0,4,2,2,0,1,2,1,2,2,2,0,0,1,1,2,0,1,0,0,2,0,1,0,0,0,1,0,2,2,0,0,0,1,0,0,0,0,0,0,0,0,0,0,0,0,0,1,0,0,0,0,0,1,0,0,0,0,0,0,0,0,0,0,0,0,0,0,0,0,0,0,0,0,0,0,0,0,0,0,0,0,0,0,0,0,0,0,0,0,0,0,0,0,0,0,0,0,0,0,0,0,0,0,0,0,0,0,0,0,0,0,0,0,0,0,0,0,0,0,0,0,0,0,0,0,0,0,0,0,0,0,0,0,0,0,0,0,0,0,0
1,0,0,0,0,0,0,0,1,0,0,0,1,0,0,0,2,0,1,0,1,1,0,2,3,1,0,1,1,0,2,0,1,1,2,2,3,3,1,1,1,2,2,1,1,3,1,2,5,2,0,1,0,0,4,0,1,2,1,1,2,1,1,3,2,1,0,1,0,1,2,1,1,1,2,0,2,1,0,0,0,1,0,1,1,1,1,0,0,0,0,0,0,0,0,0,0,0,0,0,0,0,0,0,0,0,1,0,0,0,0,0,0,0,0,0,0,0,0,1,0,0,0,0,0,0,0,0,0,0,0,0,0,0,0,0,0,0,0,0,0,0,0,0,0,0,0,0,0,0,0,0,0,0,0,0,0,0,0,0,0,0,0,0,0,0,0,0,0,0,0,0,0,0,0,0,0,0,0,0,0,0,0,0,0,0,0,0,0,0,0,0,0,0,0,0,0,0,0,0
1,0,0,0,1,0,0,0,0,0,1,0,0,0,0,0,1,0,0,1,1,1,0,1,0,0,0,1,0,3,1,2,2,1,1,0,1,2,6,2,1,2,4,1,2,2,3,3,0,0,3,7,1,1,0,2,1,0,0,3,0,3,4,1,0,2,0,1,0,1,0,1,1,2,1,3,1,1,0,0,0,1,0,0,1,0,0,2,0,0,0,1,0,0,0,0,1,0,0,0,0,0,1,1,0,1,0,0,0,0,1,0,0,0,0,0,0,0,0,0,0,0,0,0,0,0,0,0,0,0,0,0,0,0,0,0,0,0,0,0,0,0,0,0,0,0,0,0,0,0,0,0,0,0,0,0,0,0,0,0,0,0,0,0,0,0,0,0,0,0,0,0,0,0,0,0,0,0,0,0,0,0,0,0,0,0,0,0,0,0,0,0,0,0,0,0,0,0,0,0
0,0,1,1,0,0,0,0,0,0,0,0,0,0,0,1,2,0,2,1,0,0,0,0,1,1,0,0,2,0,3,1,3,2,1,1,1,1,2,4,1,4,2,3,0,2,4,2,0,4,0,1,2,1,0,1,4,0,2,2,0,2,1,1,0,2,1,0,0,2,1,0,3,1,1,0,1,0,0,1,1,0,0,1,0,0,0,0,0,0,0,1,0,0,0,0,1,0,2,0,0,0,0,0,0,0,0,0,0,0,0,0,0,0,1,0,0,0,0,0,0,0,0,0,0,0,0,0,0,0,0,0,0,0,0,0,0,0,0,0,0,0,0,0,0,0,0,0,0,0,0,0,0,0,0,0,0,0,0,0,0,0,0,0,0,0,0,0,0,0,0,0,0,0,0,0,0,0,0,0,0,0,0,0,0,0,0,0,0,0,0,0,0,0,0,0,0,0,0,0
0,0,0,0,0,0,1,1,0,1,0,0,1,0,1,0,0,0,0,1,1,1,0,1,0,1,1,0,0,3,1,2,4,1,2,0,0,0,3,1,0,1,4,0,2,2,1,1,2,3,5,4,0,1,0,4,1,0,2,0,1,0,3,1,2,4,0,1,1,1,0,1,0,0,1,0,1,2,0,0,0,1,1,0,0,0,0,1,0,0,0,1,1,0,0,0,0,0,0,0,1,1,1,0,1,0,0,0,0,0,0,0,0,0,0,0,1,0,0,0,0,0,0,0,0,0,0,0,0,0,0,0,0,0,0,0,0,0,0,0,0,0,0,0,0,0,0,0,0,0,0,0,0,0,0,0,0,0,0,0,0,0,0,0,0,0,0,0,0,0,0,0,0,0,0,0,0,0,0,0,0,0,0,0,0,0,0,0,0,0,0,0,0,0,0,0,0,0,0,0
0,1,0,0,0,0,1,0,0,0,1,0,0,1,0,2,1,2,0,1,1,3,1,1,0,1,2,1,0,1,1,0,1,2,1,3,2,2,6,0,1,2,3,0,1,0,1,4,1,2,3,1,3,1,1,1,1,0,1,1,1,3,1,0,1,0,0,1,2,1,0,0,0,2,0,0,0,0,1,1,2,0,1,0,0,0,0,0,0,0,1,0,0,0,0,0,0,2,0,0,1,0,0,0,0,1,0,0,0,0,0,1,0,0,0,0,0,0,0,0,0,0,0,0,0,0,0,0,0,1,0,0,0,0,0,0,0,0,0,0,0,0,0,0,0,0,0,0,0,0,0,0,0,0,0,0,0,0,0,0,0,0,0,0,0,0,0,0,0,0,0,0,0,0,0,0,0,0,0,0,0,0,0,0,0,0,0,0,0,0,0,0,0,0,0,0,0,0,0,0
0,0,0,0,0,0,0,0,0,0,0,0,0,0,0,2,1,0,0,0,0,2,3,1,0,1,0,0,4,1,4,0,0,0,1,5,2,1,0,2,0,3,1,1,3,0,2,3,3,1,0,3,3,0,1,0,2,0,1,3,0,0,3,1,1,1,1,0,1,0,1,2,1,0,0,0,0,1,0,0,0,0,0,0,0,1,0,0,1,0,0,0,1,0,0,0,0,0,1,0,0,0,0,0,0,0,0,0,0,0,0,0,0,0,0,0,0,0,0,0,0,0,0,0,0,0,0,0,0,0,0,0,0,0,0,0,0,0,0,0,0,0,0,0,0,0,0,0,0,0,0,0,0,0,0,0,0,0,0,0,0,0,0,0,0,0,0,0,0,0,0,0,0,0,0,0,0,0,0,0,0,0,0,0,0,0,0,0,0,0,0,0,0,0,0,0,0,0,0,0
0,0,0,0,0,0,1,0,0,1,0,0,0,0,0,0,1,0,2,1,4,2,1,0,2,0,0,2,0,1,2,1,3,1,4,3,0,2,2,5,0,2,3,0,5,1,4,3,1,2,0,1,2,0,0,0,1,3,0,0,1,1,0,1,1,1,2,1,1,2,0,0,1,1,0,1,1,1,0,0,0,1,0,1,0,0,0,0,1,0,0,0,0,0,0,0,0,0,1,0,0,0,0,0,0,0,0,0,0,0,0,0,0,0,0,0,0,0,0,0,0,0,0,0,0,0,0,0,0,0,0,0,0,0,0,0,0,0,0,0,0,0,0,0,0,0,0,0,0,0,0,0,0,0,0,0,0,0,0,0,0,0,0,0,0,0,0,0,0,0,0,0,0,0,0,0,0,0,0,0,0,0,0,0,0,0,0,0,0,0,0,0,0,0,0,0,0,0,0,0
0,0,0,0,0,0,0,0,0,0,0,1,0,1,0,1,0,0,0,0,0,0,0,1,1,1,1,0,1,3,2,1,1,2,5,0,0,2,1,1,0,1,2,1,1,0,1,3,2,2,0,1,0,0,0,2,1,1,2,0,4,3,2,4,0,2,0,0,0,2,1,0,0,0,2,0,1,1,0,0,2,1,0,0,1,0,0,0,0,0,0,0,0,0,1,0,0,0,1,1,0,0,0,1,0,0,0,0,0,0,0,0,0,0,0,0,0,0,0,0,0,1,0,0,0,0,0,0,0,0,0,0,0,0,0,0,0,0,0,0,0,0,0,0,0,0,0,0,0,0,0,0,0,0,0,0,0,0,0,0,0,0,0,0,0,0,0,0,0,0,0,0,0,0,0,0,0,0,0,0,0,0,0,0,0,0,0,0,0,0,0,0,0,0,0,0,0,0,0,0
0,0,0,0,0,0,0,0,0,1,0,0,0,0,0,2,1,1,1,0,0,0,1,1,1,1,0,1,1,1,0,4,1,1,1,1,1,4,2,1,2,1,4,3,5,3,3,3,3,3,3,2,3,0,3,4,1,0,1,2,1,3,0,0,1,0,1,0,0,2,2,1,0,1,0,1,1,0,0,0,0,0,0,0,0,0,0,1,0,0,0,0,1,0,0,0,0,0,0,0,0,1,0,0,0,0,0,0,0,0,0,0,0,0,0,0,0,0,0,0,0,1,0,0,0,0,0,0,0,0,0,0,0,0,0,0,0,0,0,0,0,0,0,0,0,0,0,0,0,0,0,0,0,0,0,0,0,0,0,0,0,0,0,0,0,0,0,0,0,0,0,0,0,0,0,0,0,0,0,0,0,0,0,0,0,0,0,0,0,0,0,0,0,0,0,0,0,0,0,0
0,0,0,0,0,0,1,0,0,0,0,0,0,1,1,1,0,0,1,0,1,1,1,0,1,1,1,2,3,1,1,1,0,0,2,0,1,1,2,1,1,2,1,0,2,3,1,1,1,3,2,5,1,0,0,1,2,2,1,1,1,1,2,2,2,0,0,1,0,0,0,1,0,1,0,2,0,0,1,0,0,0,0,0,1,0,1,0,0,0,0,0,1,0,0,0,0,0,0,0,0,0,0,1,0,0,0,0,0,0,0,0,0,0,0,0,0,0,0,0,0,0,0,0,0,0,0,0,0,0,0,0,0,0,0,0,0,0,0,0,0,0,0,0,0,0,0,0,0,0,0,0,0,0,0,0,0,0,0,0,0,0,0,0,0,0,0,0,0,0,0,0,0,0,0,0,0,0,0,0,0,0,0,0,0,0,0,0,0,0,0,0,0,0,0,0,0,0,0,0
0,0,0,0,0,0,0,0,0,0,0,0,0,0,0,0,0,1,1,0,0,0,2,0,0,0,1,1,2,0,0,0,1,1,2,0,0,3,2,1,0,1,2,1,3,2,3,2,3,2,2,0,2,1,7,1,1,3,0,2,3,1,2,2,1,0,0,0,0,0,1,0,3,2,0,1,1,0,1,1,1,0,0,0,0,0,0,0,0,0,0,0,0,0,0,0,0,0,0,0,0,0,0,0,0,0,0,0,1,0,0,0,0,0,0,0,0,0,0,0,0,0,0,0,0,0,0,0,0,0,0,0,0,0,0,0,0,0,0,0,0,0,0,0,0,0,0,0,0,0,0,0,0,0,0,0,0,0,0,0,0,0,0,0,0,0,0,0,0,0,0,0,0,0,0,0,0,0,0,0,0,0,0,0,0,0,0,0,0,0,0,0,0,0,0,0,0,0,0,0
0,0,0,0,0,0,0,0,0,1,0,1,0,0,0,1,0,1,0,0,0,1,0,1,0,0,0,2,0,0,1,2,1,4,0,0,2,2,2,2,5,0,3,0,2,1,0,2,0,3,0,2,3,1,2,1,2,1,2,2,1,0,1,3,0,1,0,1,2,0,0,1,1,1,0,1,0,1,0,0,1,0,1,1,0,0,1,0,0,0,0,0,0,0,0,0,0,0,0,0,0,0,0,0,0,0,0,0,0,0,0,0,0,0,0,0,0,0,0,0,0,0,0,0,0,0,0,0,0,0,0,0,0,0,0,0,0,0,0,0,0,0,0,0,0,0,0,0,0,0,0,0,0,0,0,0,0,0,0,0,0,0,0,0,0,0,0,0,0,0,0,0,0,0,0,0,0,0,0,0,0,0,0,0,0,0,0,0,0,0,0,0,0,0,0,0,0,0,0,0
0,0,0,0,0,0,0,0,0,0,0,0,0,1,0,0,0,0,1,0,0,1,0,1,1,2,1,0,1,4,1,1,0,2,3,4,1,1,0,1,1,1,3,2,0,2,1,2,0,0,4,1,3,0,1,2,1,2,3,1,2,1,1,0,3,0,0,0,0,1,0,0,1,0,0,0,1,0,0,2,1,0,0,0,1,1,0,0,0,1,0,0,0,1,0,0,0,0,1,0,0,0,0,0,0,0,0,0,0,0,0,0,0,0,0,0,0,0,0,0,0,0,0,0,0,0,0,0,0,0,0,0,0,0,0,0,0,0,0,0,0,0,0,0,0,0,0,0,0,0,0,0,0,0,0,0,0,0,0,0,0,0,0,0,0,0,0,0,0,0,0,0,0,0,0,0,0,0,0,0,0,0,0,0,0,0,0,0,0,0,0,0,0,0,0,0,0,0,0,0
0,0,0,0,0,0,0,0,1,0,0,0,0,0,1,0,0,0,0,0,1,0,0,0,0,1,1,3,0,0,1,2,0,3,0,0,0,1,2,1,3,1,1,1,1,0,0,1,3,2,1,2,1,1,1,0,0,1,1,0,1,3,0,1,1,1,0,0,0,0,0,0,0,2,0,0,1,0,0,1,0,0,0,0,1,0,0,2,0,0,1,1,0,1,0,0,1,0,1,0,0,0,0,0,0,0,0,0,0,0,0,0,0,0,0,0,0,0,1,0,0,0,0,0,0,0,0,0,0,0,0,0,0,0,0,0,0,0,0,0,0,0,0,0,0,0,0,0,0,0,0,0,0,0,0,0,0,0,0,0,0,0,0,0,0,0,0,0,0,0,0,0,0,0,0,0,0,0,0,0,0,0,0,0,0,0,0,0,0,0,0,0,0,0,0,0,0,0,0,0
1,0,0,0,0,0,0,0,0,1,1,0,0,0,1,0,0,1,1,0,0,1,0,0,1,0,0,0,0,0,0,1,4,2,3,1,0,0,2,1,1,1,5,2,2,2,1,3,3,2,0,3,2,1,1,1,3,3,0,1,2,1,0,3,2,1,1,1,3,2,2,0,0,1,0,0,0,1,0,0,0,2,0,0,2,0,0,1,0,0,0,0,0,0,0,0,0,0,0,0,0,0,0,0,0,0,0,0,0,0,0,0,0,2,0,0,0,0,0,0,0,0,0,0,0,0,0,0,0,0,0,0,0,0,0,0,0,0,0,0,0,0,0,0,0,0,0,0,0,0,0,0,0,0,0,0,0,0,0,0,0,0,0,0,0,0,0,0,0,0,0,0,0,0,0,0,0,0,0,0,0,0,0,0,0,0,0,0,0,0,0,0,0,0,0,0,0,0,0,0
0,0,0,0,0,0,0,0,0,0,0,0,0,0,0,0,0,0,0,0,0,0,0,0,0,2,1,0,2,0,4,0,1,2,1,3,2,0,1,1,1,1,3,1,2,3,4,2,1,1,4,1,1,2,0,2,0,2,0,0,2,1,0,1,0,1,1,3,1,1,1,0,2,3,0,0,1,0,1,1,0,1,0,0,0,0,0,0,0,0,0,0,0,1,0,1,0,0,0,0,1,0,0,0,0,0,0,0,0,0,0,0,0,0,0,0,0,0,0,0,0,0,0,0,0,0,1,0,0,0,0,0,0,0,0,0,0,0,0,0,0,0,0,0,0,0,0,0,0,0,0,0,0,0,0,0,0,0,0,0,0,0,0,0,0,0,0,0,0,0,0,0,0,0,0,0,0,0,0,0,0,0,0,0,0,0,0,0,0,0,0,0,0,0,0,0,0,0,0,0
0,0,0,1,0,0,0,0,1,0,0,1,1,0,1,0,0,0,0,0,0,0,0,0,2,0,2,1,3,1,0,0,1,1,2,0,0,0,0,1,0,2,2,0,1,3,2,1,0,0,1,1,2,1,1,2,0,0,1,1,3,1,1,1,1,1,2,1,2,1,1,1,0,0,0,0,0,0,0,0,0,0,0,2,1,0,0,0,0,1,0,0,0,0,0,0,0,0,0,0,0,0,1,0,0,0,0,0,0,0,0,0,0,0,0,0,0,0,0,0,0,0,0,0,0,0,0,0,0,0,0,0,0,0,0,0,0,0,0,0,0,0,0,0,0,0,0,0,0,0,0,0,0,0,0,0,0,0,0,0,0,0,0,0,0,0,0,0,0,0,0,0,0,0,0,0,0,0,0,0,0,0,0,0,0,0,0,0,0,0,0,0,0,0,0,0,0,0,0,0
0,0,0,0,0,0,0,0,0,0,0,0,0,0,0,0,0,0,2,0,0,1,2,0,1,0,0,1,1,0,0,0,1,2,2,1,1,0,1,1,0,0,1,0,0,1,0,1,1,2,0,4,1,0,2,2,0,1,1,0,0,2,0,2,0,0,0,4,1,1,0,1,0,1,0,0,2,0,0,0,0,0,0,0,1,0,1,1,1,0,0,0,0,0,0,0,0,1,0,0,0,0,0,0,0,0,0,0,0,0,0,0,0,0,0,0,0,0,0,0,0,0,0,0,0,0,0,0,0,0,0,0,0,0,0,0,0,0,0,0,0,0,0,0,0,0,0,0,0,0,0,0,0,0,0,0,0,0,0,0,0,0,0,0,0,0,0,0,0,0,0,0,0,0,0,0,0,0,0,0,0,0,0,0,0,0,0,0,0,0,0,0,0,0,0,0,0,0,0,0
0,0,0,0,0,0,0,0,0,0,1,0,0,0,0,0,1,1,0,0,0,0,0,2,0,1,0,1,1,1,0,1,0,1,1,0,0,1,3,0,2,1,2,1,1,3,2,1,1,1,1,1,3,1,1,0,2,1,1,1,0,1,1,1,1,2,1,0,0,2,0,0,0,2,0,1,0,1,2,0,1,0,1,0,1,0,0,0,0,1,0,0,0,0,0,0,0,0,0,1,0,0,0,0,1,0,0,0,0,0,0,0,0,0,0,0,0,0,0,0,0,0,0,0,0,0,0,0,0,0,0,0,0,0,0,0,0,0,0,0,0,0,0,0,0,0,0,0,0,0,0,0,0,0,0,0,0,0,0,0,0,0,0,0,0,0,0,0,0,0,0,0,0,0,0,0,0,0,0,0,0,0,0,0,0,0,0,0,0,0,0,0,0,0,0,0,0,0,0,0
0,0,0,0,0,0,0,0,0,0,0,0,0,0,0,1,2,0,2,0,0,0,1,0,0,0,2,0,1,1,2,0,0,0,1,0,1,2,1,2,0,1,0,2,4,0,0,3,0,5,2,1,0,1,2,0,1,1,2,1,1,1,0,2,0,1,0,1,0,2,1,0,0,1,1,1,2,0,0,0,0,0,0,0,0,0,0,0,0,0,0,0,0,0,0,0,0,0,0,0,0,0,0,0,1,0,0,0,0,0,0,0,0,0,0,0,0,0,0,0,0,0,0,0,0,0,0,0,0,0,0,0,0,0,0,0,0,0,0,0,0,0,0,0,0,0,0,0,0,0,0,0,0,0,0,0,0,0,0,0,0,0,0,0,0,0,0,0,0,0,0,0,0,0,0,0,0,0,0,0,0,0,0,0,0,0,0,0,0,0,0,0,0,0,0,0,0,0,0,0
0,0,0,0,1,0,0,0,0,0,0,1,0,0,0,2,1,2,1,0,0,2,1,0,1,0,0,0,2,1,2,3,2,1,0,0,0,3,1,1,2,1,0,0,0,0,1,1,0,2,2,0,2,0,1,1,0,0,2,1,2,0,1,0,2,1,0,2,1,2,2,0,0,0,0,0,1,1,0,1,2,0,0,1,0,0,0,0,0,0,0,0,0,0,0,1,0,0,0,0,0,0,0,0,0,0,0,0,0,1,0,0,0,0,0,0,0,0,0,0,0,0,0,0,0,0,0,0,0,0,1,0,0,0,0,0,0,0,0,0,0,0,0,0,0,0,0,0,0,0,0,0,0,0,0,0,0,0,0,0,0,0,0,0,0,0,0,0,0,0,0,0,0,0,0,0,0,0,0,0,0,0,0,0,0,0,0,0,0,0,0,0,0,0,0,0,0,0,0,0
0,0,0,0,0,0,0,0,1,0,0,0,0,0,0,0,2,0,0,1,0,1,1,0,3,1,0,0,1,0,0,0,1,0,0,0,0,2,1,1,0,0,3,3,2,1,2,0,2,2,0,2,1,1,1,5,1,3,0,1,1,2,0,0,1,0,0,0,1,0,0,1,0,0,4,0,1,1,1,0,0,1,0,0,0,0,1,0,1,0,0,0,0,0,0,0,0,1,0,0,0,0,0,0,0,0,0,0,0,0,0,0,0,0,0,0,0,0,1,0,0,0,0,0,0,0,0,0,0,0,0,0,0,0,0,0,0,0,0,0,0,0,0,0,0,0,0,0,0,0,0,0,0,0,0,0,0,0,0,0,0,0,0,0,0,0,0,0,0,0,0,0,0,0,0,0,0,0,0,0,0,0,0,0,0,0,0,0,0,0,0,0,0,0,0,0,0,0,0,0
0,0,0,0,0,0,0,0,0,0,1,0,0,1,0,0,0,0,0,2,0,1,0,0,0,1,0,1,0,3,0,0,1,1,0,1,0,0,3,0,0,1,2,1,1,2,0,2,0,0,3,0,0,2,1,1,0,2,1,0,0,0,0,1,1,1,1,2,0,0,1,0,0,0,2,0,0,1,1,0,0,0,0,0,0,0,0,0,0,0,0,0,0,0,0,0,0,0,0,0,0,0,0,0,0,0,0,0,0,0,0,0,0,0,0,0,0,0,0,0,0,0,0,0,0,0,0,0,0,0,0,0,0,0,0,0,0,0,0,0,0,0,0,0,0,0,0,0,0,0,0,0,0,0,0,0,0,0,0,0,0,0,0,0,0,0,0,0,0,0,0,0,0,0,0,0,0,0,0,0,0,0,0,0,0,0,0,0,0,0,0,0,0,0,0,0,0,0,0,0
0,0,0,0,0,0,0,0,0,1,0,0,0,0,2,0,1,0,1,1,0,1,0,1,0,0,0,1,1,1,1,0,0,2,0,1,1,1,1,1,0,1,1,0,2,0,1,0,1,0,2,0,2,2,2,3,0,0,0,1,1,2,1,1,2,0,0,1,0,0,1,0,0,0,0,0,1,0,0,1,0,0,0,0,0,0,0,0,0,0,0,0,0,1,0,0,0,0,0,1,1,0,0,0,0,0,0,0,0,0,0,0,0,0,0,0,0,0,0,0,0,0,0,0,0,0,0,0,0,0,0,0,0,0,0,0,0,0,0,0,0,0,0,0,0,0,0,0,0,0,0,0,0,0,0,0,0,0,0,0,0,0,0,0,0,0,0,0,0,0,0,0,0,0,0,0,0,0,0,0,0,0,0,0,0,0,0,0,0,0,0,0,0,0,0,0,0,0,0,0
0,0,0,0,0,0,0,0,0,0,1,0,0,0,0,0,1,0,1,1,1,1,0,0,0,0,2,1,1,1,0,0,1,1,0,0,0,2,1,1,0,1,0,2,1,2,2,1,1,0,0,2,0,1,0,1,0,0,1,0,1,1,0,1,0,0,0,2,0,0,0,0,1,2,0,0,0,0,0,1,0,0,0,0,0,0,0,0,0,0,0,0,0,0,0,0,0,0,0,0,0,0,0,0,0,0,0,0,0,0,0,0,0,0,0,0,0,0,0,0,0,0,0,0,0,0,0,0,0,0,0,0,0,0,0,0,0,0,0,0,0,0,0,0,0,0,0,0,0,0,0,0,0,0,0,0,0,0,0,0,0,0,0,0,0,0,0,0,0,0,0,0,0,0,0,0,0,0,0,0,0,0,0,0,0,0,0,0,0,0,0,0,0,0,0,0,0,0,0,0
0,0,0,0,0,0,0,0,0,0,0,0,2,0,0,0,0,1,0,1,0,0,0,0,0,0,0,1,0,2,0,0,1,1,2,1,0,1,5,2,0,1,1,1,2,0,1,1,1,1,0,1,0,0,0,0,0,0,0,1,1,1,0,1,0,0,1,1,0,1,0,0,0,0,1,1,1,0,0,0,0,1,0,0,0,0,0,0,1,0,0,0,0,0,0,0,1,0,0,0,0,0,0,0,0,0,0,0,0,0,0,0,0,1,0,0,1,0,0,0,0,0,0,0,0,0,0,0,0,0,0,0,0,0,0,0,0,0,0,0,0,0,0,0,0,0,0,0,0,0,0,0,0,0,0,0,0,0,0,0,0,0,0,0,0,0,0,0,0,0,0,0,0,0,0,0,0,0,0,0,0,0,0,0,0,0,0,0,0,0,0,0,0,0,0,0,0,0,0,0
0,1,0,0,0,0,0,0,0,0,0,0,0,0,0,0,0,0,0,0,0,0,1,0,2,1,0,1,1,0,0,2,1,3,2,0,1,0,1,1,2,0,0,0,0,3,0,0,0,1,2,2,0,0,1,1,3,1,2,0,1,5,0,4,0,1,1,0,0,0,0,0,0,0,1,0,2,0,1,0,1,0,0,0,0,1,1,0,0,0,0,0,0,0,0,1,0,0,0,0,0,0,0,0,0,0,0,1,0,0,0,0,0,0,0,0,0,0,0,0,0,0,0,0,0,0,0,0,0,0,0,0,0,0,0,0,0,0,0,0,0,0,0,0,0,0,0,0,0,0,0,0,0,0,0,0,0,0,0,0,0,0,0,0,0,0,0,0,0,0,0,0,0,0,0,0,0,0,0,0,0,0,0,0,0,0,0,0,0,0,0,0,0,0,0,0,0,0,0,0
0,0,0,0,0,0,0,0,0,0,0,0,0,0,0,0,0,0,1,0,0,0,0,0,1,2,0,0,1,0,2,0,1,2,0,3,2,1,0,2,2,1,5,0,1,2,0,1,2,1,0,3,3,3,0,0,1,0,1,0,0,0,1,0,0,0,0,0,2,0,0,0,1,0,0,0,0,0,2,0,0,1,1,1,0,0,0,0,1,0,0,0,0,0,0,1,0,0,0,0,0,0,0,0,0,0,0,0,0,0,0,0,0,0,0,0,0,0,0,0,0,0,0,0,0,0,0,0,0,0,0,0,0,0,0,0,0,0,0,0,0,0,0,0,0,0,0,0,0,0,0,0,0,0,0,0,0,0,0,0,0,0,0,0,0,0,0,0,0,0,0,0,0,0,0,0,0,0,0,0,0,0,0,0,0,0,0,0,0,0,0,0,0,0,0,0,0,0,0,0
0,0,0,0,0,0,0,0,1,0,0,1,1,0,0,0,0,1,0,1,0,0,0,1,0,0,0,0,2,1,0,1,1,1,1,1,1,0,0,3,1,0,0,0,1,1,1,1,0,2,0,0,0,1,0,0,2,4,0,0,1,0,1,0,1,0,1,1,0,0,0,1,1,0,0,1,1,0,0,0,0,1,0,0,0,0,0,0,0,0,0,0,0,0,0,0,0,0,0,1,0,0,0,0,0,0,0,0,0,0,0,0,0,0,0,0,0,0,0,0,0,0,0,0,0,0,0,0,0,0,0,0,0,0,0,0,0,0,0,0,0,0,0,0,0,0,0,0,0,0,0,0,0,0,0,0,0,0,0,0,0,0,0,0,0,0,0,0,0,0,0,0,0,0,0,0,0,0,0,0,0,0,0,0,0,0,0,0,0,0,0,0,0,0,0,0,0,0,0,0
0,0,0,0,0,0,0,0,1,0,0,0,0,0,0,0,0,0,0,0,0,0,0,1,0,0,0,0,0,1,0,0,0,1,1,2,0,1,1,0,1,1,0,1,1,1,2,2,1,1,0,1,2,2,0,0,0,2,0,1,0,0,2,1,0,0,0,1,0,2,0,0,1,0,0,1,0,0,0,1,0,0,0,0,0,0,0,0,0,0,0,1,0,0,0,0,0,0,0,0,0,0,0,0,0,0,0,0,0,0,0,0,0,0,0,0,0,0,0,0,0,0,0,0,0,0,0,0,0,0,0,0,0,0,0,0,0,0,0,0,0,0,0,0,0,0,0,0,0,0,0,0,0,0,0,0,0,0,0,0,0,0,0,0,0,0,0,0,0,0,0,0,0,0,0,0,0,0,0,0,0,0,0,0,0,0,0,0,0,0,0,0,0,0,0,0,0,0,0,0
0,0,0,0,0,0,0,0,0,0,1,0,0,0,0,0,0,0,0,0,1,1,0,1,2,0,1,0,0,2,1,0,0,1,1,3,1,3,2,0,1,1,0,0,1,3,1,0,1,2,1,2,0,0,1,0,0,0,2,0,0,2,0,0,1,0,0,2,0,0,1,0,2,1,0,0,2,0,0,0,0,0,0,1,0,0,0,1,0,0,0,0,0,0,0,0,0,0,0,0,1,0,0,0,0,0,0,0,0,0,0,0,0,0,0,0,0,0,0,0,0,0,0,0,0,0,1,0,0,0,0,0,0,0,0,0,0,0,0,0,0,0,0,0,0,0,0,0,0,0,0,0,0,0,0,0,0,0,0,0,0,0,0,0,0,0,0,0,0,0,0,0,0,0,0,0,0,0,0,0,0,0,0,0,0,0,0,0,0,0,0,0,0,0,0,0,0,0,0,0
0,0,0,0,0,0,0,0,0,0,0,0,0,0,0,0,1,0,0,0,0,1,0,1,1,0,1,0,2,0,1,0,3,1,0,3,2,2,1,0,2,1,1,0,2,2,0,0,0,2,1,0,1,3,1,3,0,0,0,1,0,0,0,1,1,1,0,0,0,0,0,0,1,2,0,0,0,1,0,0,0,0,1,0,0,0,0,0,0,0,0,0,1,0,0,0,0,0,0,0,0,0,0,0,1,0,0,0,0,0,0,0,0,0,0,0,0,0,0,0,0,0,0,0,0,0,0,0,0,0,0,0,0,0,0,0,0,0,0,1,0,0,0,0,0,0,0,0,0,0,0,0,0,0,0,0,0,0,0,0,0,0,0,0,0,0,0,0,0,0,0,0,0,0,0,0,0,0,0,0,0,0,0,0,0,0,0,0,0,0,0,0,0,0,0,0,0,0,0,0
0,0,0,0,0,0,0,0,0,0,0,0,0,0,0,0,0,0,0,0,0,0,0,0,0,0,1,0,0,1,1,0,0,0,3,1,0,0,1,0,1,1,1,2,1,0,0,2,2,2,1,2,1,0,0,1,2,0,0,1,0,1,0,2,0,1,0,0,1,1,0,0,0,1,1,0,0,1,0,0,1,0,1,0,0,0,0,0,0,0,0,0,0,0,0,0,0,0,0,0,0,0,0,1,0,0,0,0,0,0,0,0,0,0,0,0,0,0,1,0,0,0,0,0,0,0,0,0,0,0,0,0,0,0,0,0,0,0,0,0,0,0,0,0,0,0,0,0,0,0,0,0,0,0,0,0,0,0,0,0,0,0,0,0,0,0,0,0,0,0,0,0,0,0,0,0,0,0,0,0,0,0,0,0,0,0,0,0,0,0,0,0,0,0,0,0,0,0,0,0
0,1,0,0,0,0,0,0,0,0,0,0,0,0,0,0,0,1,0,0,0,0,0,1,2,0,0,0,1,1,0,0,1,1,0,0,0,1,2,0,1,1,2,1,3,0,0,0,1,1,0,2,1,0,0,0,1,1,1,0,1,0,0,0,0,0,0,0,1,1,0,2,1,0,0,3,0,0,0,0,0,0,0,0,0,2,0,0,0,0,1,0,0,0,0,0,0,0,0,0,0,0,0,0,0,0,0,0,0,0,0,0,0,0,0,0,0,0,0,0,0,0,0,0,0,0,0,0,0,0,0,0,0,0,0,0,0,0,0,0,0,0,0,0,0,0,0,0,0,0,0,0,0,0,0,0,0,0,0,0,0,0,0,0,0,0,0,0,0,0,0,0,0,0,0,0,0,0,0,0,0,0,0,0,0,0,0,0,0,0,0,0,0,0,0,0,0,0,0,0
0,0,0,0,0,0,0,1,0,0,0,0,0,0,0,0,0,0,0,0,1,3,0,1,1,2,0,0,2,1,0,0,1,0,0,1,0,1,0,0,3,0,1,1,1,0,0,1,2,1,1,1,2,0,0,0,0,2,0,0,0,1,0,1,0,0,0,1,0,1,1,0,0,0,1,2,0,0,0,0,0,0,1,0,0,1,0,0,1,0,1,0,0,0,0,0,0,0,0,0,0,0,0,0,0,0,0,0,0,0,0,0,0,0,0,0,0,0,0,0,0,0,0,0,0,0,0,0,0,0,0,0,0,0,0,0,0,0,0,0,0,0,0,0,0,0,0,0,0,0,0,0,0,0,0,0,0,0,0,0,0,0,0,0,0,0,0,0,0,0,0,0,0,0,0,0,0,0,0,0,0,0,0,0,0,0,0,0,0,0,0,0,0,0,0,0,0,0,0,0
0,0,0,0,0,0,0,0,0,0,0,0,0,1,1,0,0,1,0,0,1,1,0,1,0,0,0,0,0,2,1,0,2,1,0,0,1,0,2,0,1,0,1,1,0,0,1,0,1,1,0,1,2,0,0,0,1,1,0,1,0,0,0,0,0,0,1,0,2,0,0,2,0,1,0,0,1,0,1,0,0,0,0,1,0,0,1,1,0,0,0,0,1,0,0,0,0,0,0,0,0,0,0,0,0,0,1,0,0,0,0,0,0,0,0,0,0,1,0,0,0,0,0,0,0,0,0,0,0,0,0,0,0,0,0,0,0,0,0,0,0,0,0,0,0,0,0,0,0,0,0,0,0,0,0,0,0,0,0,0,0,0,0,0,0,0,0,0,0,0,0,0,0,0,0,0,0,0,0,0,0,0,0,0,0,0,0,0,0,0,0,0,0,0,0,0,0,0,0,0
0,0,0,0,0,0,0,0,0,0,1,0,0,0,0,0,0,0,1,0,0,0,0,1,1,0,0,0,0,0,1,1,0,0,0,0,1,0,0,0,0,0,0,0,1,0,2,1,0,1,1,0,0,2,2,3,0,0,0,0,2,1,2,1,0,0,0,0,0,0,0,1,0,0,0,0,1,1,0,0,0,0,0,1,0,0,0,0,0,0,0,0,0,0,0,0,0,0,0,0,0,0,0,0,0,0,0,0,0,0,0,0,0,0,0,0,0,0,0,0,0,0,0,0,0,0,0,0,0,0,0,0,0,0,0,0,0,0,0,0,0,0,0,0,0,0,0,0,0,0,0,0,0,0,0,0,0,0,0,0,0,0,0,0,0,0,0,0,0,0,0,0,0,0,0,0,0,0,0,0,0,0,0,0,0,0,0,0,0,0,0,0,0,0,0,0,0,0,0,0
0,0,0,0,0,0,0,0,0,0,0,0,1,0,1,0,0,0,1,0,0,0,0,1,1,0,0,1,0,1,0,1,0,2,1,0,1,0,0,0,1,1,1,1,0,1,2,0,0,2,0,0,1,0,0,3,0,0,1,1,0,1,1,0,1,0,1,1,0,3,0,0,0,0,0,1,1,1,0,0,0,0,0,0,1,0,0,0,0,1,1,0,0,1,0,0,0,0,1,0,0,0,0,0,0,0,0,0,0,0,0,0,0,0,0,0,0,0,0,0,0,0,0,0,0,0,0,0,0,0,0,0,0,0,0,0,0,0,0,0,0,0,0,0,0,0,0,0,0,0,0,0,0,0,0,0,0,0,0,0,0,0,0,0,0,0,0,0,0,0,0,0,0,0,0,0,0,0,0,0,0,0,0,0,0,0,0,0,0,0,0,0,0,0,0,0,0,0,0,0
0,0,0,0,0,0,0,0,0,1,0,0,0,0,0,0,0,0,0,0,0,1,0,1,0,1,1,1,2,1,1,0,1,0,0,2,0,1,1,0,0,0,0,0,1,1,2,0,0,0,0,0,1,1,0,1,0,0,1,2,0,0,1,0,1,0,0,0,1,0,1,0,0,0,1,0,0,0,1,0,0,0,0,0,0,1,0,1,0,1,1,0,0,0,0,0,0,0,0,0,0,0,0,0,0,0,0,0,0,1,0,0,0,0,0,0,0,0,0,0,0,0,0,0,0,0,0,0,0,0,0,0,0,0,0,0,0,0,0,0,0,0,0,0,0,0,0,0,0,0,0,0,0,0,0,0,0,0,0,0,0,0,0,0,0,0,0,0,0,0,0,0,0,0,0,0,0,0,0,0,0,0,0,0,0,0,0,0,0,0,0,0,0,0,0,0,0,0,0,0
0,0,0,0,0,0,0,0,0,0,0,1,0,0,1,0,0,1,1,0,1,1,2,1,0,0,0,0,2,0,0,1,0,0,0,0,0,3,2,4,0,0,1,1,0,1,1,2,1,0,1,0,0,0,1,0,0,0,0,0,0,0,0,1,0,0,1,2,0,1,0,0,0,1,0,1,0,0,0,1,0,0,1,0,0,0,1,0,0,0,0,0,0,0,0,0,1,0,0,0,0,0,0,0,0,0,0,0,0,0,0,0,0,0,0,0,0,0,0,0,0,0,0,0,0,0,0,0,0,0,0,0,0,0,0,0,0,0,0,0,0,0,0,0,0,0,0,0,0,0,0,0,0,0,0,0,0,0,0,0,0,0,0,0,0,0,0,0,0,0,0,0,0,0,0,0,0,0,0,0,0,0,0,0,0,0,0,0,0,0,0,0,0,0,0,0,0,0,0,0
0,0,0,0,1,0,0,0,1,0,0,0,0,0,0,0,0,0,0,1,1,0,0,0,0,0,0,1,0,1,1,0,1,0,1,0,0,0,1,2,0,0,1,2,2,1,2,1,0,3,3,1,0,1,0,2,1,1,1,0,0,0,1,0,0,0,0,1,0,0,0,1,2,0,0,1,3,0,0,0,0,0,0,0,0,0,0,0,0,0,0,0,0,1,0,1,0,0,0,0,1,0,0,0,0,0,0,1,0,0,0,0,0,0,0,0,0,0,0,0,0,0,0,0,0,0,0,0,0,0,0,0,0,0,0,0,0,0,0,0,0,0,0,0,0,0,0,0,0,0,0,0,0,0,0,0,0,0,0,0,0,0,0,0,0,0,0,0,0,0,0,0,0,0,0,0,0,0,0,0,0,0,0,0,0,0,0,0,0,0,0,0,0,0,0,0,0,0,0,0
0,0,0,0,0,0,0,0,0,0,0,0,0,0,0,1,0,0,0,1,0,0,0,1,0,1,0,0,1,0,0,0,2,1,1,0,1,1,2,1,0,1,3,1,2,3,3,1,0,0,0,0,0,0,0,2,1,0,0,0,0,0,0,0,3,1,1,1,1,0,1,0,0,1,1,0,0,0,0,0,0,0,0,0,0,0,0,1,0,0,0,0,0,0,0,0,0,0,0,0,0,0,0,0,0,0,0,0,0,0,0,0,0,0,0,0,0,0,0,0,0,0,0,0,0,0,0,0,0,0,0,0,0,0,0,0,0,0,0,0,0,0,0,0,0,0,0,0,0,0,0,0,0,0,0,0,0,0,0,0,0,0,0,0,0,0,0,0,0,0,0,0,0,0,0,0,0,0,0,0,0,0,0,0,0,0,0,0,0,0,0,0,0,0,0,0,0,0,0,0
0,0,0,0,0,0,0,0,0,0,0,0,0,0,0,0,0,0,0,0,0,1,0,0,0,0,0,1,0,0,2,2,0,0,0,1,0,0,1,1,0,2,0,1,0,1,0,0,0,1,1,1,1,1,0,2,0,0,0,0,0,0,0,2,0,0,0,1,1,0,1,1,1,0,0,0,0,0,0,0,0,0,0,0,0,0,0,0,0,0,0,0,0,0,0,0,0,1,0,0,0,0,0,0,0,0,0,0,0,0,0,0,0,0,0,0,0,0,0,0,0,0,0,0,0,0,0,0,0,0,0,0,0,0,0,0,0,0,0,0,0,0,0,0,0,0,0,0,0,0,0,0,0,0,0,0,0,0,0,0,0,0,0,0,0,0,0,0,0,0,0,0,0,0,0,0,0,0,0,0,0,0,0,0,0,0,0,0,0,0,0,0,0,0,0,0,0,0,0,0
0,0,0,0,0,0,0,0,0,0,0,0,0,0,1,0,0,0,0,0,1,0,0,2,0,0,1,0,0,0,1,0,1,3,1,1,2,0,0,1,0,1,0,0,1,0,1,0,1,0,0,0,0,0,1,0,0,1,1,0,1,0,0,0,1,1,0,0,1,0,1,0,0,0,0,0,1,1,0,0,0,0,1,0,0,0,0,0,0,1,0,0,0,0,1,0,0,0,0,0,0,0,0,0,0,0,0,0,0,0,0,0,0,0,0,0,0,0,0,0,0,0,0,0,0,0,0,0,0,0,0,1,0,0,0,0,0,0,0,0,0,0,0,0,0,0,0,0,0,0,0,0,0,0,0,0,0,0,0,0,0,0,0,0,0,0,0,0,0,0,0,0,0,0,0,0,0,0,0,0,0,0,0,0,0,0,0,0,0,0,0,0,0,0,0,0,0,0,0,0
0,0,0,0,0,0,0,0,0,0,0,0,0,0,1,0,0,0,0,0,0,0,1,1,0,0,0,0,0,0,0,1,1,1,2,0,1,0,0,0,0,1,0,0,2,0,1,2,1,0,0,0,2,0,0,0,0,1,0,1,0,1,0,1,0,2,0,0,1,1,0,0,0,0,0,1,0,0,0,0,0,0,0,0,2,0,1,0,0,1,0,0,0,0,0,0,0,0,0,0,0,0,0,0,0,0,0,0,0,0,0,0,0,0,0,0,0,0,0,0,0,0,0,0,0,0,1,0,0,0,0,0,0,0,0,0,0,0,0,0,0,0,0,0,0,0,0,0,0,0,0,0,0,0,0,0,0,0,0,0,0,0,0,0,0,0,0,0,0,0,0,0,0,0,0,0,0,0,0,0,0,0,0,0,0,0,0,0,0,0,0,0,0,0,0,0,0,0,0,0
0,0,0,0,0,0,0,0,0,0,0,0,0,1,0,0,0,1,0,0,1,0,0,1,1,0,0,1,0,1,0,0,0,0,0,0,1,1,1,0,1,0,1,0,2,0,0,0,0,0,0,0,0,0,0,1,0,2,0,1,1,0,0,1,0,0,1,1,0,0,0,0,1,0,0,0,0,1,0,0,0,0,0,0,0,0,0,0,0,0,0,0,0,0,0,0,0,0,0,0,0,0,0,0,0,0,0,0,0,1,0,0,0,0,0,1,0,0,0,0,0,0,0,0,0,0,0,0,0,0,0,0,0,0,0,0,0,0,0,0,0,0,0,0,0,0,0,0,0,0,0,0,0,0,0,0,0,0,0,0,0,0,0,0,0,0,0,0,0,0,0,0,0,0,0,0,0,0,0,0,0,0,0,0,0,0,0,0,0,0,0,0,0,0,0,0,0,0,0,0
0,0,0,0,0,0,0,0,0,0,0,1,0,0,0,0,1,0,0,0,0,0,0,0,0,0,0,0,0,0,0,0,1,0,1,1,0,1,0,0,1,0,0,0,3,1,2,0,0,0,1,0,0,1,2,1,0,1,1,0,1,0,1,0,0,0,0,1,0,0,0,0,0,0,1,1,0,0,0,1,0,0,0,0,2,0,0,0,0,0,0,0,0,0,0,0,0,0,0,0,0,0,0,0,0,0,0,0,0,0,0,0,0,0,0,0,0,0,0,0,0,0,0,0,0,0,0,0,0,0,0,0,0,0,0,0,0,0,0,0,0,0,0,0,0,0,0,0,0,0,0,0,0,0,0,0,0,0,0,0,0,0,0,0,0,0,0,0,0,0,0,0,0,0,0,0,0,0,0,0,0,0,0,0,0,0,0,0,0,0,0,0,0,0,0,0,0,0,0,0
0,0,0,0,0,0,0,0,0,0,0,0,0,0,0,0,0,0,1,1,0,1,0,0,0,0,1,1,0,1,0,0,1,0,1,0,0,1,2,0,0,1,0,0,0,1,0,1,0,1,0,1,0,1,0,0,0,1,0,1,0,0,1,1,0,0,1,0,0,0,0,0,0,0,0,0,1,0,0,0,0,0,0,0,0,0,0,0,0,0,0,0,0,0,0,0,0,0,0,0,0,0,0,0,0,0,0,0,0,0,0,0,0,0,0,0,0,0,0,0,0,0,0,0,0,0,0,0,0,0,0,0,0,0,0,1,0,0,0,0,0,0,0,0,0,0,0,0,0,0,0,0,0,0,0,0,0,0,0,0,0,0,0,0,0,0,0,0,0,0,0,0,0,0,0,0,0,0,0,0,0,0,0,0,0,0,0,0,0,0,0,0,0,0,0,0,0,0,0,0
0,1,0,0,0,0,0,0,0,0,0,0,0,0,0,1,0,0,0,0,0,0,0,1,0,1,0,0,1,0,0,0,0,1,0,2,0,0,0,0,2,1,1,0,0,3,0,0,0,1,1,0,0,1,0,1,0,2,0,2,0,0,0,1,0,0,1,0,0,0,0,0,0,0,0,2,0,0,0,0,0,0,0,1,0,0,0,0,0,0,0,0,0,0,0,0,0,0,0,0,0,0,0,0,0,0,0,0,0,0,0,0,0,0,0,0,0,0,0,0,0,0,0,0,0,0,0,0,0,0,0,0,0,0,0,0,0,1,0,0,0,0,0,0,0,0,0,0,0,0,0,0,0,0,0,0,0,0,0,0,0,0,0,0,0,0,0,0,0,0,0,0,0,0,0,0,0,0,0,0,0,0,0,0,0,0,0,0,0,0,0,0,0,0,0,0,0,0,0,0
0,0,0,0,0,0,0,0,0,0,1,0,0,0,0,0,0,0,0,0,0,0,0,1,0,0,1,0,0,0,0,1,2,1,0,1,1,0,2,2,2,0,0,0,1,2,0,1,2,0,1,0,1,1,0,0,0,0,1,0,0,0,1,1,0,0,0,1,0,1,1,1,1,0,0,0,0,1,0,0,0,0,0,0,0,2,0,0,1,0,0,0,0,0,0,0,0,0,1,0,1,0,0,1,0,0,0,0,0,0,0,0,0,0,0,0,0,0,0,0,0,0,0,0,0,0,0,0,0,0,0,0,0,0,0,0,0,0,0,0,0,0,0,0,0,0,0,0,0,0,0,0,0,0,0,0,0,0,0,0,0,0,0,0,0,0,0,0,0,0,0,0,0,0,0,0,0,0,0,0,0,0,0,0,0,0,0,0,0,0,0,0,0,0,0,0,0,0,0,0
0,0,0,0,0,0,0,1,0,0,0,0,0,0,0,0,0,0,0,0,0,0,0,0,0,0,0,0,0,1,1,0,1,2,0,0,0,1,0,0,0,0,0,0,1,0,1,1,2,1,0,0,0,2,0,1,1,0,0,0,0,0,0,1,0,1,0,0,0,0,0,0,0,1,0,0,0,0,0,0,1,0,0,1,0,0,0,0,0,0,0,0,0,0,0,0,0,0,0,0,0,0,0,0,0,0,0,1,0,0,0,1,0,0,0,0,0,0,0,0,0,0,0,0,0,0,1,0,0,0,0,0,0,0,0,0,0,0,0,0,0,0,0,0,0,0,0,0,0,0,0,0,0,0,0,0,0,0,0,0,0,0,0,0,0,0,0,0,0,0,0,0,0,0,0,0,0,0,0,0,0,0,0,0,0,0,0,0,0,0,0,0,0,0,0,0,0,0,0,0
0,0,0,0,0,0,0,0,0,0,0,0,1,0,0,1,0,0,0,0,0,0,1,0,0,0,1,0,0,0,0,0,0,0,0,1,1,1,1,0,1,1,0,0,0,1,0,1,0,0,1,0,0,0,1,0,2,0,0,1,0,1,0,1,0,1,0,0,0,0,0,0,0,0,0,0,0,0,0,0,0,0,0,0,0,0,0,0,0,0,0,0,0,0,0,0,0,0,0,0,0,0,0,0,0,0,0,0,0,0,0,0,0,0,0,0,0,0,0,0,0,0,0,0,0,0,0,0,0,0,0,0,0,0,0,0,0,0,0,0,0,0,0,0,0,0,0,0,0,0,0,0,0,0,0,0,0,0,0,0,0,0,0,0,0,0,0,0,0,0,0,0,0,0,0,0,0,0,0,0,0,0,0,0,0,0,0,0,0,0,0,0,0,0,0,0,0,0,0,0
