1,3,1,3,7,1,6,8,17,17,14,18,9,12,20,38,25,35,19,46,41,67,59,45,88,77,84,91,146,121,154,161,158,131,162,193,240,250,261,296,412,323,345,333,440,453,435,470,498,548,561,669,713,703,718,799,883,869,793,900,914,894,1054,1064,1049,1162,1106,1131,1163,1203,1248,1205,1235,1306,1389,1281,1262,1244,1177,1221,1349,1362,1408,1273,1386,1257,1306,1228,1254,1102,1163,1217,1125,1159,1157,1039,1065,1013,969,972,915,950,910,786,773,724,697,674,633,636,578,515,561,487,451,434,417,434,395,384,361,305,317,297,256,244,217,251,199,197,135,166,174,119,98,97,99,87,74,85,70,62,67,60,51,37,46,48,34,43,27,19,31,25,4,13,19,11,5,8,2,7,9,5,1,3,12,4,2,0,3,2,0,0,2,0,0,0,0,0,0,0,2,0,0,0,0,0,0,0,0,0,0,0,0,0,0,0,0,0
3,0,2,2,11,3,5,10,24,15,21,13,23,23,23,58,30,48,27,47,66,69,70,59,105,134,82,144,189,166,204,217,219,181,205,240,242,356,338,403,465,432,401,449,515,589,549,604,651,688,728,856,732,819,851,992,906,1089,985,1122,1011,1092,1098,1112,1191,1256,1150,1256,1265,1268,1288,1234,1375,1278,1402,1313,1278,1218,1185,1214,1295,1284,1291,1128,1217,1140,1182,1077,1094,977,956,993,966,1002,985,878,897,823,804,739,770,762,721,625,663,582,465,517,495,503,425,408,429,371,366,343,312,299,331,309,285,224,251,261,184,204,193,189,131,154,111,142,112,101,85,78,66,63,67,58,65,35,42,32,36,23,36,27,32,27,21,19,16,14,5,10,28,10,6,2,2,4,7,4,1,4,5,3,1,1,4,1,0,0,2,0,0,0,0,0,0,0,2,0,0,0,0,0,0,0,0,0,0,0,0,0,0,0,0,0
4,2,1,3,14,4,2,17,30,19,26,15,34,35,23,47,43,43,42,66,66,84,114,81,133,129,130,167,213,199,230,222,242,194,230,267,331,403,383,444,547,489,453,509,610,628,580,690,761,703,802,913,872,935,965,1030,1138,1084,1037,1136,1042,1142,1185,1261,1256,1306,1199,1266,1279,1268,1288,1203,1266,1258,1269,1163,1203,1163,1081,1172,1182,1228,1227,1042,1112,1045,1052,1018,1009,899,972,921,869,928,868,811,790,717,643,674,679,631,616,566,500,488,485,429,408,444,386,359,389,307,308,299,282,271,253,215,235,192,198,213,163,176,125,163,122,124,76,121,98,79,66,75,67,58,58,52,45,32,50,37,25,24,34,25,19,29,13,11,21,18,5,8,17,9,4,4,2,7,10,10,0,3,6,2,2,2,3,0,0,0,0,1,0,0,0,0,0,0,3,0,0,0,0,0,0,0,0,0,0,0,0,0,0,0,0,0
2,1,1,2,8,2,8,23,30,22,18,12,29,43,29,75,41,65,34,76,86,88,99,82,154,154,110,145,259,198,273,227,257,243,269,302,331,408,445,457,550,495,508,528,650,703,660,704,702,761,781,908,960,873,992,1121,1135,1141,1108,1118,1130,1167,1191,1221,1244,1343,1161,1280,1257,1334,1238,1177,1199,1192,1188,1114,1146,1157,1020,1159,1191,1174,1131,987,1011,991,1021,956,903,811,846,784,788,792,777,738,754,686,608,591,553,595,515,485,433,434,450,431,400,341,339,286,297,291,253,229,233,211,195,191,172,192,187,214,115,157,113,133,112,128,82,82,71,48,57,58,49,53,43,57,43,40,36,33,23,29,37,15,31,17,10,9,15,16,3,13,18,1,1,3,0,9,7,0,0,2,6,2,1,0,1,1,0,0,5,1,0,0,0,0,0,0,0,0,0,0,0,0,0,0,0,0,0,0,0,0,0,0,0,0
3,2,2,2,15,3,5,22,37,15,33,18,35,43,26,66,45,79,36,78,65,88,103,94,143,159,146,157,245,210,284,246,267,233,283,334,349,447,444,519,576,531,508,554,677,690,667,788,778,818,835,983,996,952,1032,1113,1139,1116,1117,1176,1157,1193,1230,1265,1228,1207,1178,1265,1265,1198,1255,1105,1230,1171,1176,1199,1104,1066,1025,1044,1048,1016,1033,919,987,876,924,901,849,744,799,698,660,695,699,637,633,647,610,512,521,511,440,436,421,385,367,363,319,285,278,284,261,273,222,245,215,203,179,172,149,159,169,158,107,117,112,107,80,95,65,95,69,72,53,49,62,44,43,47,48,39,41,35,13,17,28,19,22,22,14,7,13,10,3,7,16,2,2,6,0,1,7,3,0,3,2,1,1,0,3,0,0,0,1,2,0,0,0,0,0,0,0,0,0,0,0,0,0,0,0,0,0,0,0,0,0,0,0,0
2,1,2,3,15,2,7,20,32,14,27,14,40,44,38,78,51,90,42,87,78,94,110,91,180,190,152,194,306,230,308,243,320,274,313,325,363,469,422,539,671,598,527,574,714,730,690,756,851,823,841,986,959,985,1114,1187,1104,1141,1075,1160,1125,1201,1148,1217,1229,1234,1088,1210,1170,1193,1183,1102,1147,1109,1156,1084,1103,1051,952,1001,996,978,961,844,920,820,871,810,813,683,712,725,618,675,652,592,579,552,519,515,492,487,445,435,383,359,351,338,336,279,260,249,277,228,248,224,176,169,178,176,169,159,147,167,121,114,98,92,99,115,45,74,67,58,32,63,55,39,45,42,38,20,33,26,12,19,26,21,22,21,14,12,20,7,2,11,15,5,2,5,0,5,4,0,1,6,4,3,0,1,4,0,0,0,1,2,0,0,0,0,0,0,1,0,0,0,0,0,0,0,0,0,0,0,0,0,0,0,0,0
4,2,1,1,9,1,4,23,39,26,32,12,51,39,36,74,51,88,46,86,99,99,120,127,165,233,163,165,316,234,273,291,316,266,327,361,384,465,493,519,650,603,522,583,730,818,720,801,842,771,833,954,1030,968,1032,1094,1110,1173,1162,1207,1161,1145,1243,1193,1146,1166,1043,1213,1138,1106,1229,986,1101,1094,1153,1007,1108,1005,907,909,963,974,960,824,868,766,809,784,786,599,705,656,603,646,589,576,538,517,457,444,442,444,412,381,364,340,323,301,285,260,258,246,265,194,199,193,161,135,155,139,131,126,124,150,110,108,87,105,67,84,60,69,57,43,35,49,36,33,27,29,30,21,28,20,16,14,21,15,15,26,8,5,16,10,1,5,13,4,3,2,0,4,5,0,1,0,5,1,0,0,1,1,0,0,0,1,0,0,0,0,0,0,1,0,0,0,0,0,0,0,0,0,0,0,0,0,0,0,0,0
4,4,3,2,13,4,6,18,37,29,30,30,39,56,31,79,63,98,54,92,101,122,123,102,164,213,149,196,277,260,284,300,330,280,294,388,387,469,480,525,728,613,551,599,725,775,695,766,860,858,886,1045,984,1022,1038,1102,1143,1133,1038,1126,1063,1170,1070,1212,1114,1170,1173,1150,1158,1170,1120,1047,1054,1087,1047,1021,994,932,921,881,888,854,898,822,823,746,714,693,684,575,645,594,534,606,588,538,530,471,413,389,409,427,366,334,328,303,279,263,281,216,231,233,241,194,201,177,180,170,151,133,135,103,136,145,101,98,73,89,66,89,63,58,50,58,38,42,54,31,44,43,35,28,29,12,15,16,20,13,17,19,12,2,9,14,4,9,13,2,2,3,1,2,3,2,1,2,7,2,0,0,1,2,0,0,0,1,0,0,0,0,0,0,0,0,0,0,0,0,0,0,0,0,0,0,0,0,0,0,0,0
6,2,1,3,19,2,7,25,49,33,38,16,39,48,34,81,62,83,49,110,94,135,118,90,185,218,194,198,326,297,320,284,331,277,342,356,414,523,459,587,652,597,547,627,757,792,687,784,836,894,827,1076,997,936,1025,1124,1112,1106,1122,1161,1068,1168,1138,1173,1050,1061,1095,1211,1140,1123,1092,991,1099,988,1019,934,902,949,776,824,935,881,839,772,747,690,747,692,652,569,577,591,517,504,514,480,485,491,396,393,399,364,323,285,315,250,250,273,247,227,241,202,241,202,172,167,150,139,134,120,117,119,123,136,95,81,73,70,57,83,44,66,49,39,35,33,46,35,26,34,25,27,29,23,13,10,13,9,14,12,8,4,11,10,2,2,12,4,2,0,0,4,6,3,1,3,1,2,0,1,4,1,0,0,2,1,0,0,0,0,0,0,0,0,0,0,0,0,0,0,0,0,0,0,0,0,0,0,0,0
9,1,4,1,18,4,7,29,44,27,27,14,49,58,33,82,52,86,65,91,82,119,135,94,190,198,173,190,315,262,303,290,313,269,349,368,409,497,491,586,686,646,586,634,789,796,744,796,859,792,915,967,974,1024,1085,1067,1152,1111,1066,1128,1081,1088,1135,1117,1102,1141,1022,1081,1062,1057,1002,990,1086,1047,1052,967,877,865,808,833,878,795,847,693,700,666,625,680,605,536,557,535,452,528,489,463,449,422,408,383,377,344,357,310,270,246,236,231,230,210,196,180,190,154,161,156,140,131,147,113,104,119,97,112,72,100,87,75,67,80,51,63,52,55,35,32,45,32,21,33,30,23,24,13,14,10,17,7,20,9,2,4,14,9,2,4,9,1,2,6,0,3,4,1,0,1,3,0,0,1,2,0,0,0,1,1,0,0,0,0,0,0,1,0,0,0,0,0,0,0,0,0,0,0,0,0,0,0,0,0
8,2,0,3,15,4,6,39,56,29,33,22,45,39,44,90,61,96,46,99,105,119,138,111,204,205,178,192,313,290,318,267,344,295,343,384,401,504,501,535,689,641,557,642,762,781,724,868,840,832,875,990,993,966,1005,1033,1133,1094,1040,1125,1034,1066,1074,1116,1096,1096,996,1063,1037,1069,985,963,969,925,972,895,907,814,780,790,810,809,791,673,715,594,629,621,580,534,534,490,475,481,440,390,424,434,367,350,344,329,338,289,249,231,233,212,207,197,174,165,199,147,180,140,143,91,123,107,118,104,99,115,73,84,61,81,63,60,42,44,49,42,31,35,37,35,24,19,26,15,30,16,8,10,17,10,11,13,9,5,8,8,3,7,5,1,1,2,0,1,2,0,0,2,1,4,0,1,2,2,0,0,0,1,0,0,0,0,0,0,0,0,0,0,0,0,0,0,0,0,0,0,0,0,0,0,0,0
7,2,1,1,13,3,7,31,43,26,33,21,35,51,44,74,56,91,47,104,100,124,143,123,201,218,173,205,334,296,286,269,337,296,284,388,396,441,468,597,677,609,549,647,832,849,682,800,822,837,851,979,976,1003,1050,1103,1079,1095,1047,1075,1041,1039,1043,1081,1119,1057,994,1050,1025,956,996,889,945,923,952,878,839,790,729,734,797,727,724,705,721,593,594,561,524,491,505,514,445,424,433,388,433,345,336,314,310,326,326,252,246,237,208,235,178,194,172,188,162,123,163,139,133,121,109,128,98,105,102,126,67,85,57,57,51,71,29,41,51,43,32,29,32,22,17,31,35,21,18,29,13,13,13,9,11,12,6,1,8,7,0,7,11,3,2,3,1,1,3,1,1,3,1,1,2,1,0,1,0,0,1,0,0,0,0,0,0,0,0,0,0,0,0,0,0,0,0,0,0,0,0,0,0,0,0,0
9,4,0,0,16,3,8,28,57,24,18,17,28,45,48,91,59,113,59,96,93,109,136,96,199,189,193,214,325,302,336,283,361,263,368,381,386,487,486,545,667,648,600,673,802,801,687,776,800,811,835,1006,986,929,991,1005,1088,1084,1036,1104,1071,1080,1054,1040,1066,1132,1005,1008,986,937,956,884,878,835,862,799,821,756,730,715,734,697,771,618,651,566,532,515,529,490,508,463,446,422,395,373,394,377,309,309,303,288,269,256,210,181,190,199,187,176,155,157,178,144,128,112,113,112,110,104,85,85,109,106,63,74,62,66,56,58,42,45,33,44,22,28,38,23,26,29,29,16,26,13,12,19,22,7,8,13,9,5,5,5,5,5,6,1,1,4,0,6,8,1,0,2,2,0,0,0,0,0,0,0,1,0,0,0,0,0,0,0,3,0,0,0,0,0,0,0,0,0,0,0,0,0,0,0,0,0
8,3,2,3,17,2,9,38,49,28,32,19,47,56,37,105,54,96,48,97,111,126,134,115,201,231,196,207,343,300,356,295,355,321,355,390,376,477,498,597,682,618,557,587,784,769,667,791,813,786,813,986,970,930,934,1075,1101,1057,966,1085,980,1036,1062,999,1014,1063,896,1027,940,945,943,831,879,835,898,850,749,741,699,667,700,705,687,603,608,541,558,493,507,402,438,434,379,389,377,344,393,354,288,300,289,279,275,225,239,189,225,175,173,166,170,139,184,119,112,124,116,113,94,80,77,90,101,85,70,78,45,58,35,61,24,37,41,34,31,29,40,23,12,24,26,17,22,20,11,12,19,6,13,11,6,1,9,2,7,1,9,1,5,2,0,0,8,1,3,2,0,0,1,0,3,0,0,0,0,1,0,0,0,0,0,0,3,0,0,0,0,0,0,0,0,0,0,0,0,0,0,0,0,0
9,2,2,1,11,4,5,27,51,24,34,16,57,39,46,99,49,96,62,117,109,107,123,110,209,217,182,188,319,348,324,290,359,273,305,344,405,462,549,603,675,625,525,603,741,774,727,814,772,790,785,946,900,951,982,1047,1095,1069,885,995,991,1077,961,956,975,974,875,932,872,913,894,789,821,830,867,762,744,664,644,722,685,665,618,568,583,576,535,482,483,418,425,410,359,419,377,371,376,345,290,270,272,279,236,258,219,215,176,187,153,151,143,161,165,114,141,126,123,90,89,99,89,90,93,112,54,70,51,50,43,49,35,39,27,29,21,25,37,16,19,24,22,14,17,11,9,7,14,7,12,12,8,2,12,4,1,4,11,1,2,2,0,1,1,0,0,0,1,2,1,1,0,1,0,0,0,1,0,0,0,0,0,0,1,0,0,0,0,0,0,0,0,0,0,0,0,0,0,0,0,0
7,7,1,2,16,6,5,34,50,29,27,12,52,62,40,86,67,110,48,70,121,129,121,114,191,203,185,218,355,289,333,304,335,278,331,409,407,481,484,583,681,648,582,609,674,813,684,810,791,769,839,965,965,893,882,1040,1026,1046,936,993,987,990,991,981,962,963,847,967,825,883,859,777,860,772,832,727,684,705,597,634,651,644,629,551,575,505,500,482,461,388,436,402,305,407,347,339,314,321,290,252,258,261,215,229,207,179,186,177,164,159,133,133,119,106,127,112,108,110,77,81,75,80,58,94,47,62,44,68,39,56,40,33,27,29,24,21,33,19,17,28,25,19,16,10,12,9,14,7,14,7,7,6,3,6,0,8,6,0,4,3,0,2,2,0,2,0,1,1,1,1,0,0,0,0,1,0,0,0,0,0,0,0,1,0,0,0,0,0,0,0,0,0,0,0,0,0,0,0,0,0
5,0,1,1,16,1,4,33,52,32,33,16,48,59,32,94,65,98,64,111,102,113,141,91,177,198,185,199,341,256,333,305,336,266,365,390,420,437,529,603,667,662,560,580,723,759,646,762,778,754,813,952,882,911,875,949,980,966,908,1033,914,906,896,915,944,956,839,925,841,873,852,801,779,775,721,714,710,644,624,634,617,609,667,526,556,501,508,450,433,374,377,354,332,363,359,305,329,279,261,254,266,280,234,213,194,156,181,169,157,131,133,127,154,110,115,109,89,87,73,79,79,65,84,73,56,61,35,49,38,51,30,43,33,39,21,25,26,15,25,22,24,19,17,10,5,11,15,8,15,5,5,3,12,7,1,5,6,0,1,2,0,1,1,1,0,1,4,1,1,0,1,0,0,0,3,0,0,0,0,0,0,0,0,0,0,0,0,0,0,0,0,0,0,0,0,0,0,0,0,0
6,2,0,4,12,1,6,29,53,18,36,22,54,47,38,88,76,87,50,100,96,120,127,97,191,175,195,186,310,320,311,269,339,289,314,353,365,457,474,540,663,619,519,594,704,818,635,759,801,787,812,938,875,871,920,1007,945,1009,879,908,899,944,955,933,883,920,787,910,833,817,808,731,819,789,728,737,650,667,547,610,568,578,594,473,512,477,471,447,458,343,356,363,347,335,334,279,312,294,232,228,251,216,211,210,155,133,160,142,135,114,144,133,147,110,106,87,100,91,80,84,75,93,69,82,42,59,52,37,51,39,23,24,23,25,21,21,30,7,17,18,31,17,27,12,4,8,15,6,10,9,2,1,5,2,1,3,5,1,2,1,0,1,4,0,0,2,0,0,0,1,1,1,0,0,0,0,0,0,0,0,0,0,0,0,0,0,0,0,0,0,0,0,0,0,0,0,0,0,0,0
11,3,1,1,21,0,6,28,39,32,42,16,45,52,37,82,73,98,49,88,100,122,159,108,214,212,163,198,322,291,337,290,318,259,325,428,386,458,464,563,644,559,541,555,735,788,624,737,794,760,805,918,882,831,904,933,927,1007,839,964,900,872,918,852,855,850,752,870,773,708,820,735,776,773,677,645,610,596,578,589,597,569,561,476,501,444,459,425,366,342,359,358,327,336,319,288,275,274,239,236,213,224,216,179,178,150,161,139,151,147,127,117,110,110,97,113,80,83,78,59,53,63,78,79,27,41,45,54,37,57,45,32,23,23,21,14,21,6,25,16,14,7,15,13,5,13,6,3,7,5,4,1,7,3,3,2,5,2,2,0,0,5,1,1,0,3,2,1,1,0,0,1,0,0,0,1,0,0,0,0,0,0,2,0,0,0,0,0,0,0,0,0,0,0,0,0,0,0,0,0
5,3,2,0,17,2,5,27,56,27,43,16,58,59,26,99,69,117,52,90,127,118,141,113,213,246,183,197,353,297,359,310,345,295,320,410,375,480,517,511,705,562,545,578,723,746,614,690,765,681,761,889,833,892,840,900,893,916,857,879,888,846,854,893,855,782,769,827,796,702,752,680,730,676,727,616,573,618,524,565,543,532,540,474,474,399,388,409,360,318,351,344,302,286,307,271,265,258,233,221,198,251,198,193,162,147,148,132,136,115,124,119,141,89,99,90,80,70,79,60,59,79,71,67,38,44,30,40,42,47,27,27,30,23,17,13,28,10,17,21,19,12,14,11,4,8,11,3,4,12,7,2,5,7,0,3,9,1,0,3,0,3,3,1,1,2,1,1,0,2,0,0,0,0,1,1,0,0,0,0,0,0,0,0,0,0,0,0,0,0,0,0,0,0,0,0,0,0,0,0
10,0,3,3,20,2,8,30,51,23,33,14,45,55,46,90,73,114,48,99,103,108,127,91,208,219,174,209,347,331,325,277,354,276,301,352,428,451,471,537,632,583,509,580,744,723,591,671,747,716,747,852,890,815,860,895,920,918,809,918,848,871,846,841,845,786,746,733,751,699,798,757,701,661,677,639,578,551,494,540,530,521,546,452,454,434,425,372,390,283,349,321,292,256,280,243,252,246,226,201,191,206,199,157,151,133,135,123,106,113,130,103,115,95,84,83,82,81,66,64,51,65,80,84,35,62,36,39,31,45,24,23,21,26,16,14,17,11,13,11,13,16,25,7,9,10,8,4,12,5,8,2,5,1,2,4,5,0,3,1,0,4,0,1,0,0,1,0,0,0,0,2,0,0,0,0,0,0,0,0,0,0,0,0,0,0,0,0,0,0,0,0,0,0,0,0,0,0,0,0
8,2,0,1,9,2,0,37,40,27,30,14,37,42,32,97,67,86,49,101,115,115,119,100,210,221,175,216,348,285,323,282,337,280,322,351,406,475,452,548,651,558,511,556,756,693,626,710,698,742,719,865,847,776,783,866,926,903,822,898,821,831,841,836,795,824,727,755,683,705,663,642,675,636,638,629,571,555,449,483,515,520,512,473,429,409,404,404,337,277,336,274,269,304,288,250,260,215,182,185,191,208,180,146,181,139,121,150,110,99,115,116,104,94,93,94,76,69,64,69,58,52,46,52,43,45,38,37,37,44,25,33,30,29,29,16,22,9,21,16,15,7,14,8,8,1,9,5,5,10,5,3,4,3,0,3,4,2,2,1,0,2,4,1,2,1,1,2,0,0,0,0,0,0,1,0,0,0,0,0,0,0,1,0,0,0,0,0,0,0,0,0,0,0,0,0,0,0,0,0
7,2,2,2,19,3,4,29,52,25,47,20,41,63,42,100,70,94,60,114,99,145,155,116,180,190,170,199,338,252,306,295,321,285,297,367,372,427,485,504,605,558,533,560,689,693,639,682,698,731,793,851,802,791,834,861,910,860,742,861,809,783,821,825,801,752,647,743,674,659,692,607,689,613,575,587,580,504,501,535,488,490,483,415,417,358,359,326,349,270,319,267,248,272,285,212,244,229,225,196,184,181,165,144,129,128,122,110,107,104,104,97,100,89,87,78,66,58,66,56,51,44,62,53,33,46,31,36,21,35,18,29,31,21,14,19,26,4,10,8,10,14,19,4,2,6,5,7,6,6,2,4,8,1,0,4,2,0,3,1,0,3,3,0,2,0,3,2,0,0,0,0,0,0,1,0,0,0,0,0,0,0,0,0,0,0,0,0,0,0,0,0,0,0,0,0,0,0,0,0
7,1,2,2,13,2,2,33,59,30,33,15,47,52,33,116,64,108,61,94,116,121,160,97,196,200,176,194,290,257,317,248,287,284,316,347,387,410,458,471,630,517,531,550,659,718,600,631,701,662,648,826,832,774,782,921,848,860,750,770,748,783,731,746,780,732,714,768,696,676,699,615,649,613,615,580,524,495,481,482,484,504,461,410,422,382,392,349,308,291,287,309,272,261,272,225,216,218,176,181,166,202,149,132,150,106,114,101,109,89,107,110,87,83,76,87,68,70,66,54,36,42,52,62,36,44,37,39,46,32,24,27,23,19,16,15,24,12,9,14,10,9,16,9,11,5,16,3,9,8,5,4,1,3,2,6,4,0,1,1,0,1,4,2,0,2,1,1,0,0,2,1,0,0,3,0,0,0,0,0,0,0,0,0,0,0,0,0,0,0,0,0,0,0,0,0,0,0,0,0
7,3,0,2,18,5,3,28,43,30,31,17,34,40,47,78,47,85,60,100,107,110,141,79,166,217,159,237,319,267,326,298,294,264,289,341,371,467,474,480,530,609,456,569,666,692,580,682,657,683,682,862,734,785,774,834,821,821,714,824,783,827,704,771,753,726,663,708,659,698,665,609,602,531,576,604,506,492,413,453,434,468,411,362,375,362,358,317,299,286,291,278,211,253,235,224,201,222,189,203,163,149,143,138,146,97,107,122,105,103,79,101,87,74,86,82,69,61,60,62,47,49,70,50,26,39,32,39,26,43,23,20,25,22,13,13,18,8,10,21,14,12,15,6,4,3,14,6,11,6,4,3,7,5,2,4,6,1,0,2,0,2,1,1,0,3,3,0,0,2,0,0,0,0,1,0,0,0,0,0,0,0,0,0,0,0,0,0,0,0,0,0,0,0,0,0,0,0,0,0
11,3,3,0,15,0,9,34,41,27,23,21,54,51,36,90,79,104,51,101,97,142,126,118,175,202,176,217,318,280,330,282,294,243,275,348,374,411,451,527,549,559,473,587,663,646,581,698,676,636,660,780,763,754,750,766,798,842,705,806,717,760,733,741,712,697,659,678,677,625,629,555,567,524,512,561,469,469,416,468,397,403,377,402,373,303,341,311,287,275,277,235,221,242,215,217,232,202,184,176,148,169,143,130,138,106,121,112,97,85,93,71,88,79,57,71,55,55,55,44,56,52,54,50,27,39,27,43,29,43,28,21,17,22,14,10,13,7,10,12,14,11,9,6,3,12,9,2,3,7,5,1,5,2,2,6,3,1,1,1,0,2,1,0,2,2,2,1,0,1,1,0,0,0,0,0,0,0,0,0,0,0,0,0,0,0,0,0,0,0,0,0,0,0,0,0,0,0,0,0
7,2,2,1,18,2,5,29,46,32,20,15,44,64,34,71,58,97,45,87,92,118,136,99,188,192,186,194,309,277,291,271,332,265,279,344,387,412,445,500,568,584,489,517,692,664,530,680,682,613,673,770,772,729,745,800,808,765,733,760,730,727,710,736,710,683,641,653,624,599,597,545,551,553,524,528,455,479,397,422,451,394,379,358,367,331,311,332,276,250,263,227,216,214,229,226,186,197,172,194,166,144,126,116,117,104,83,97,101,95,93,95,81,73,71,63,55,62,61,53,41,49,56,54,36,37,29,31,27,38,22,26,20,25,18,14,22,9,17,13,9,11,11,3,3,2,5,5,7,4,3,4,7,1,0,1,3,1,3,0,0,3,4,0,1,2,1,0,1,1,0,0,0,0,0,0,0,0,0,0,0,0,2,0,0,0,0,0,0,0,0,0,0,0,0,0,0,0,0,0
13,3,1,1,14,7,4,31,39,26,33,11,43,49,33,96,64,97,58,99,111,124,119,102,204,195,176,192,316,275,284,300,355,251,303,348,370,439,428,503,577,512,496,489,611,587,523,606,664,644,676,754,743,753,720,764,764,724,733,752,697,724,671,635,701,673,613,706,662,628,536,545,553,486,499,512,469,408,393,424,397,414,399,344,346,282,293,305,287,238,240,207,181,206,201,213,187,167,155,146,161,131,139,133,107,103,79,106,91,85,80,71,83,77,63,57,57,62,49,52,47,59,51,50,27,23,39,34,17,25,23,22,25,15,9,19,16,9,9,12,15,10,11,8,7,7,10,6,7,6,1,0,1,2,1,4,1,0,1,0,0,1,4,0,0,0,1,0,1,0,2,0,0,0,0,0,0,0,0,0,0,0,0,0,0,0,0,0,0,0,0,0,0,0,0,0,0,0,0,0
6,0,1,0,15,1,12,34,65,33,40,17,50,60,29,79,68,89,56,109,111,129,131,105,183,172,153,181,307,245,292,241,319,249,301,327,389,399,428,468,559,516,482,516,612,664,544,626,647,617,626,708,700,687,705,775,724,695,704,756,687,694,661,662,679,685,555,631,581,578,584,528,511,513,494,480,486,405,377,362,417,388,400,345,329,309,270,271,251,208,263,220,201,207,196,169,189,166,154,177,134,154,136,131,127,104,92,101,91,74,92,86,95,51,50,53,45,55,45,57,26,55,39,54,28,26,31,25,19,32,18,19,16,13,18,10,14,10,14,18,17,10,12,9,8,2,14,13,7,4,4,0,2,0,2,3,1,0,1,3,0,1,1,0,0,2,2,3,0,1,1,0,0,0,0,0,0,0,0,0,0,0,2,0,0,0,0,0,0,0,0,0,0,0,0,0,0,0,0,0
11,0,3,1,18,5,5,31,51,25,31,13,38,47,42,92,64,97,55,94,114,121,133,102,190,184,181,189,314,240,328,260,292,236,275,332,354,411,395,464,526,500,478,509,582,670,552,600,642,581,634,722,743,707,729,786,720,699,689,740,664,695,647,688,618,668,567,549,527,543,544,525,518,491,487,450,449,425,381,377,399,371,417,330,298,257,294,262,243,202,255,216,172,202,180,183,203,166,159,136,138,136,109,102,106,101,85,91,87,63,99,63,78,52,58,61,58,61,56,42,44,55,34,48,29,27,11,33,22,23,18,28,17,21,14,8,13,8,12,17,12,9,9,4,3,3,6,5,8,5,10,0,7,3,0,6,1,0,0,2,0,1,2,0,1,1,0,0,0,0,0,0,0,0,0,0,0,0,0,0,0,0,1,0,0,0,0,0,0,0,0,0,0,0,0,0,0,0,0,0
8,1,1,2,11,3,3,21,61,26,36,12,42,40,39,91,71,82,39,112,101,104,130,102,160,201,167,187,305,242,278,271,263,252,277,310,334,425,447,480,570,473,439,479,541,588,591,584,622,559,608,692,696,677,700,724,731,712,620,708,627,674,591,657,616,593,510,585,548,529,516,520,526,491,451,432,451,424,352,396,353,379,376,323,297,253,244,256,264,210,234,245,161,189,207,188,176,186,138,123,129,125,114,97,111,102,95,98,75,78,82,73,87,53,53,64,57,39,50,35,34,39,44,47,26,28,16,23,28,23,20,20,12,16,11,13,14,10,8,13,16,10,12,4,7,6,8,5,5,4,3,2,3,1,0,2,3,1,0,2,0,3,1,0,0,3,0,0,0,0,0,1,0,0,0,0,0,0,0,0,0,0,1,0,0,0,0,0,0,0,0,0,0,0,0,0,0,0,0,0
9,1,4,0,18,1,7,20,54,24,33,17,46,54,36,71,68,83,44,99,99,121,117,94,169,182,164,183,291,251,308,248,261,233,278,339,314,387,428,445,562,518,451,455,566,598,547,583,596,540,617,655,631,674,673,670,651,707,596,706,621,631,631,594,580,639,507,536,539,527,518,470,479,444,433,436,408,372,309,375,344,376,342,259,315,279,258,278,256,228,227,203,173,197,175,155,167,154,149,164,130,124,127,109,99,60,82,77,77,65,87,79,76,61,53,70,50,50,52,41,31,49,42,40,29,31,22,25,15,33,18,23,15,16,8,9,23,9,8,15,16,17,4,11,4,3,5,5,5,8,8,2,3,3,3,0,3,1,1,0,0,1,2,0,0,0,2,0,1,0,0,0,0,0,0,0,0,0,0,0,0,0,0,0,0,0,0,0,0,0,0,0,0,0,0,0,0,0,0,0
5,2,4,1,19,2,4,36,45,27,29,13,46,37,29,86,64,89,38,87,93,108,130,113,146,174,178,171,314,202,286,251,254,214,261,318,302,359,348,439,542,453,428,500,570,609,480,623,542,541,597,652,658,633,646,685,672,694,598,657,627,626,592,609,601,552,503,552,527,516,505,426,443,420,434,408,366,365,334,335,390,319,332,289,284,266,229,240,222,167,207,193,172,195,191,145,172,144,129,137,126,140,108,90,101,81,82,98,75,60,78,73,67,40,53,47,55,47,51,32,44,31,43,36,25,24,17,25,17,28,12,18,22,14,11,6,14,9,5,15,8,6,5,4,4,6,6,1,6,3,6,1,6,0,1,2,3,1,0,3,0,0,4,0,0,0,0,0,0,1,1,1,0,0,0,0,0,0,0,0,0,0,0,0,0,0,0,0,0,0,0,0,0,0,0,0,0,0,0,0
7,2,3,0,13,2,2,39,51,30,27,13,41,44,43,81,62,88,66,91,100,100,119,97,176,197,170,154,303,221,291,222,260,229,262,305,346,374,362,451,494,449,407,485,552,554,466,593,543,572,586,682,600,630,635,708,657,653,617,682,644,585,603,568,582,587,507,549,484,505,501,459,468,427,406,425,384,372,301,348,305,301,289,282,277,224,234,239,243,190,207,217,152,175,152,146,161,160,121,104,93,127,107,97,101,80,73,79,67,56,71,55,68,45,54,54,55,31,37,44,24,34,54,43,25,25,22,27,18,26,12,10,13,14,12,14,9,7,5,7,10,7,8,6,7,7,7,3,5,8,5,2,3,1,3,3,2,0,1,1,0,1,1,0,1,1,0,0,0,0,0,0,0,0,1,0,0,0,0,0,0,0,0,0,0,0,0,0,0,0,0,0,0,0,0,0,0,0,0,0
7,3,1,1,17,2,6,26,40,33,27,14,36,55,30,82,57,97,46,91,92,107,127,95,156,187,148,183,294,238,293,258,298,235,283,285,304,363,399,442,528,460,389,477,572,580,487,574,561,592,533,604,602,603,611,666,624,656,576,603,585,634,550,566,557,528,464,555,455,471,457,443,451,420,410,389,375,345,317,297,310,318,294,270,278,234,223,226,184,190,215,195,152,174,152,148,141,161,136,115,107,121,108,95,82,69,80,79,68,46,62,68,62,48,53,49,52,48,38,33,47,40,39,50,29,34,16,21,21,26,11,19,14,15,11,14,12,6,2,12,6,8,11,6,3,8,1,7,5,5,0,3,3,0,1,3,3,0,0,1,0,1,1,2,1,1,0,0,0,0,0,0,0,0,1,0,0,0,0,0,0,0,1,0,0,0,0,0,0,0,0,0,0,0,0,0,0,0,0,0
4,2,2,1,18,3,7,29,41,30,23,11,60,44,34,86,48,101,45,80,91,108,108,89,180,168,153,170,265,210,281,232,290,227,234,275,307,398,370,448,478,431,438,400,507,522,507,552,570,547,563,601,612,646,531,613,678,595,567,624,575,555,570,505,542,493,516,491,435,464,478,440,450,393,392,391,370,348,288,311,293,279,319,263,251,228,212,223,219,154,189,148,155,165,161,123,130,120,118,107,101,113,113,83,81,62,71,69,63,65,65,71,75,49,56,56,46,45,43,31,26,35,40,31,24,21,19,20,14,25,16,18,15,6,9,11,12,6,7,9,12,9,8,5,4,5,7,5,5,3,6,1,5,3,1,5,5,0,0,3,0,1,4,0,0,3,1,0,0,1,2,1,0,0,0,0,0,0,0,0,0,0,0,0,0,0,0,0,0,0,0,0,0,0,0,0,0,0,0,0
2,4,1,0,14,1,7,34,43,28,36,15,30,49,35,75,49,92,37,102,105,120,120,81,162,199,164,170,260,221,248,238,247,191,233,334,295,359,371,454,466,456,388,424,485,507,488,514,563,501,533,572,609,564,537,599,612,562,546,593,543,552,534,539,544,486,462,485,443,466,444,419,423,365,344,381,346,324,281,279,284,297,298,258,261,217,221,203,207,178,153,177,151,168,157,141,151,138,95,130,110,96,82,86,86,83,58,76,69,54,58,58,56,47,53,43,47,30,37,28,40,30,31,39,17,23,16,21,15,23,12,10,15,14,7,5,8,6,6,12,5,5,5,5,3,4,7,1,5,2,4,1,3,2,0,0,1,1,2,2,0,1,1,0,0,1,1,0,0,0,1,0,0,0,0,0,0,0,0,0,0,0,1,0,0,0,0,0,0,0,0,0,0,0,0,0,0,0,0,0
6,5,3,2,19,2,7,25,45,29,24,17,33,42,37,73,54,91,47,87,89,111,108,84,168,172,159,158,264,198,241,232,258,230,224,276,277,347,371,409,476,431,398,416,532,510,449,517,520,483,526,618,550,579,541,602,624,563,565,549,534,549,527,484,523,472,501,474,446,469,385,361,430,396,373,382,325,319,318,281,283,284,284,223,234,262,233,197,188,162,174,189,131,141,138,126,135,134,109,83,120,102,108,82,87,71,77,77,76,55,50,56,56,54,39,40,45,26,21,31,30,26,34,31,17,26,11,30,8,20,13,17,10,15,17,7,11,9,4,10,12,7,7,6,4,3,5,1,6,4,3,0,3,2,1,0,6,0,1,0,0,0,1,0,0,0,0,0,0,0,1,0,0,0,1,0,0,0,0,0,0,0,1,0,0,0,0,0,0,0,0,0,0,0,0,0,0,0,0,0
6,0,1,1,9,1,6,37,42,18,32,18,43,37,34,70,49,98,46,85,89,85,116,82,149,158,151,145,267,226,243,211,287,222,242,272,302,344,358,428,461,462,387,402,479,521,436,490,457,516,487,556,561,541,574,592,531,556,481,569,523,547,509,502,523,458,444,473,392,424,435,428,391,395,314,323,334,295,258,266,310,299,280,242,259,197,194,182,182,149,186,148,140,140,157,116,124,117,130,102,99,108,90,84,75,69,72,57,65,58,61,60,51,47,53,47,37,25,32,34,24,31,34,26,13,22,15,18,21,23,11,21,11,14,5,7,9,5,7,2,10,7,14,5,2,6,7,2,2,5,2,1,3,0,0,1,3,0,0,0,0,0,4,0,0,1,0,0,1,0,0,0,0,0,0,0,0,0,0,0,0,0,1,0,0,0,0,0,0,0,0,0,0,0,0,0,0,0,0,0
7,1,4,2,10,2,8,29,39,29,25,9,41,42,36,69,63,82,54,79,94,110,130,80,152,137,153,146,287,209,251,223,251,228,247,269,307,319,366,410,449,378,373,405,531,523,427,505,469,498,502,551,590,556,544,556,542,546,521,561,551,531,501,503,487,450,475,434,436,428,383,382,354,363,312,344,311,302,250,258,280,291,260,230,235,234,190,189,194,146,175,170,118,143,120,136,144,107,99,110,108,90,95,70,83,66,59,55,44,57,58,51,55,37,48,37,43,44,33,26,38,36,33,36,23,29,28,21,10,22,10,14,14,12,9,10,10,5,6,13,11,7,10,1,2,3,6,3,1,2,3,1,3,1,1,1,3,1,2,2,0,0,1,0,0,1,0,0,0,0,0,1,0,0,0,0,0,0,0,0,0,0,0,0,0,0,0,0,0,0,0,0,0,0,0,0,0,0,0,0
7,1,4,0,15,3,4,39,38,29,29,11,36,37,37,71,46,95,35,74,102,92,127,77,159,144,147,156,244,206,238,222,249,215,225,275,289,321,351,419,470,398,330,354,493,484,393,464,495,444,431,529,522,507,522,529,567,563,491,503,553,549,486,499,484,469,367,440,413,380,327,359,372,361,339,332,310,282,253,256,248,266,265,242,214,206,168,190,187,165,164,164,119,138,135,121,124,123,94,115,104,94,93,79,73,56,60,64,56,48,53,58,50,43,34,41,28,35,23,23,24,27,34,26,17,19,17,23,13,16,14,9,10,13,11,10,13,9,5,6,8,4,7,5,3,7,5,2,3,4,2,2,3,2,2,2,1,1,2,3,0,1,0,0,0,0,1,0,0,0,0,0,0,0,0,0,0,0,0,0,0,0,2,0,0,0,0,0,0,0,0,0,0,0,0,0,0,0,0,0
6,3,5,0,11,0,3,24,31,19,23,6,48,46,37,80,65,87,41,78,67,99,104,71,123,147,140,146,238,198,231,203,254,221,212,267,259,295,379,391,433,423,342,393,485,473,444,427,492,455,499,550,489,506,486,602,530,572,465,514,519,533,459,458,423,491,410,448,379,354,403,343,361,321,322,345,285,279,243,267,225,242,238,210,234,192,167,182,157,139,137,151,125,136,122,124,112,98,105,104,71,91,95,76,73,67,51,57,58,51,54,50,45,48,33,35,30,38,36,27,25,27,28,28,15,24,15,18,17,22,11,10,7,9,15,8,12,6,6,12,6,7,7,3,3,3,6,4,3,2,2,0,3,6,1,0,2,0,1,2,0,2,0,0,0,0,1,0,0,0,0,0,0,0,1,0,0,0,0,0,0,0,0,0,0,0,0,0,0,0,0,0,0,0,0,0,0,0,0,0
6,1,2,1,5,4,5,26,32,28,22,13,41,46,26,70,59,73,43,69,93,101,93,82,142,161,151,155,235,191,234,207,222,196,232,244,281,293,322,387,445,373,324,368,449,477,412,479,484,450,489,533,492,478,530,541,526,502,473,529,477,493,430,481,422,410,385,399,361,359,357,318,335,314,313,336,273,276,256,231,265,237,243,220,183,175,177,158,169,133,168,110,117,132,146,101,106,105,98,67,80,102,81,60,72,48,68,65,44,50,54,53,46,32,50,40,38,31,35,19,26,31,25,27,14,18,10,13,17,15,16,14,11,12,6,7,6,2,6,11,2,6,5,3,4,1,5,2,3,3,3,3,4,3,2,3,2,0,0,0,0,1,1,0,0,1,0,0,0,0,0,0,0,0,0,0,0,0,0,0,0,0,0,0,0,0,0,0,0,0,0,0,0,0,0,0,0,0,0,0
5,1,2,0,13,2,2,19,36,27,27,13,35,40,37,77,64,78,41,91,87,109,110,86,126,141,156,143,243,186,246,198,240,171,243,240,246,311,336,351,365,371,342,380,466,450,415,398,440,434,449,504,520,502,464,526,528,498,467,467,454,449,487,449,388,379,361,412,368,383,386,344,361,340,332,274,262,275,206,234,235,238,241,194,214,155,169,181,154,121,146,129,132,135,121,109,111,111,104,73,62,80,86,82,64,49,57,62,46,50,50,46,39,32,31,25,38,39,25,19,21,26,24,30,11,19,12,16,7,17,14,13,7,9,7,6,3,8,2,7,9,3,5,3,2,3,1,2,7,1,2,1,3,0,0,0,1,2,2,2,0,0,0,0,0,0,0,0,0,1,1,0,0,0,0,0,0,0,0,0,0,0,0,0,0,0,0,0,0,0,0,0,0,0,0,0,0,0,0,0
3,1,2,1,13,1,7,24,45,19,32,15,34,36,31,73,55,89,45,66,77,92,104,81,146,161,147,140,246,199,214,209,250,186,227,258,258,295,320,335,394,351,357,354,467,471,433,464,398,408,439,504,472,485,490,489,494,488,428,471,469,439,441,399,394,376,356,398,371,383,349,345,298,287,325,258,263,263,219,220,231,243,220,177,196,166,158,139,160,137,142,105,111,138,116,86,101,99,87,86,85,76,61,84,66,59,42,50,50,41,40,39,39,27,33,35,25,16,24,24,20,20,22,27,10,12,13,14,15,20,11,12,7,14,7,3,7,5,5,8,8,10,4,5,4,5,5,1,3,5,2,0,3,1,0,3,3,1,0,0,0,0,0,1,0,0,0,0,0,0,0,0,0,0,0,0,0,0,0,0,0,0,0,0,0,0,0,0,0,0,0,0,0,0,0,0,0,0,0,0
6,0,1,1,16,5,10,22,35,28,30,10,34,44,34,87,58,90,37,71,84,92,99,75,156,149,142,133,218,184,231,225,223,187,235,225,264,275,322,338,438,351,353,327,395,383,378,404,388,397,452,477,476,493,412,466,489,454,443,496,411,447,433,387,414,390,327,371,357,340,295,307,297,281,321,272,258,268,230,201,220,222,179,194,179,179,176,170,170,126,137,125,113,117,91,104,95,83,87,76,70,84,68,51,50,41,53,67,43,35,44,35,36,35,36,32,24,31,31,25,23,24,28,30,12,11,14,22,18,13,13,12,10,17,7,5,6,5,4,13,4,4,9,3,4,2,5,1,3,3,1,0,1,0,4,0,1,0,0,0,0,1,3,0,0,0,1,0,0,0,1,0,0,0,0,0,0,0,0,0,0,0,1,0,0,0,0,0,0,0,0,0,0,0,0,0,0,0,0,0
4,2,2,3,15,1,3,20,41,28,25,9,31,38,20,60,60,77,43,73,79,91,91,70,142,160,139,152,243,184,207,197,212,195,208,233,259,287,316,343,403,335,330,360,445,429,346,373,436,416,438,447,438,488,462,455,482,456,427,480,459,400,387,379,421,394,356,334,294,343,314,292,290,271,278,268,258,238,185,221,216,195,194,203,181,186,155,158,128,154,144,106,94,111,103,109,92,92,90,74,62,80,75,59,56,53,51,48,43,32,44,36,48,33,32,37,25,29,25,20,17,28,19,31,15,14,8,15,11,10,9,10,8,12,10,6,8,11,1,6,5,5,4,1,1,8,7,5,5,2,2,0,5,1,1,0,2,0,0,2,0,0,0,0,0,1,1,0,0,0,0,0,0,0,0,0,0,0,0,0,0,0,0,0,0,0,0,0,0,0,0,0,0,0,0,0,0,0,0,0
5,2,0,2,13,2,4,21,31,21,26,10,34,37,36,69,57,82,27,68,69,108,88,77,121,130,130,145,251,191,213,199,213,165,199,224,246,266,292,272,381,335,306,322,395,384,400,408,433,374,395,447,459,405,448,477,441,419,421,441,441,402,378,388,389,346,346,387,332,283,290,292,328,251,269,279,250,228,218,201,208,210,221,169,191,137,151,126,126,127,118,120,100,103,98,109,87,81,95,72,62,66,59,47,61,41,57,57,34,40,46,47,46,29,28,31,22,19,27,29,15,20,25,17,12,28,14,13,16,16,8,8,14,12,9,9,9,4,3,9,3,6,5,6,2,1,7,3,4,2,4,0,5,2,1,1,2,0,0,3,0,0,2,0,0,0,0,0,0,0,0,0,0,0,0,0,0,0,0,0,0,0,0,0,0,0,0,0,0,0,0,0,0,0,0,0,0,0,0,0
8,3,1,2,11,1,5,18,31,18,26,15,28,37,31,55,47,72,36,60,88,86,113,94,131,131,135,154,245,162,214,165,212,167,225,214,210,266,312,313,358,324,322,309,367,441,381,389,408,366,393,454,436,441,428,501,434,441,374,441,436,377,408,402,400,379,321,357,296,314,285,269,268,259,237,252,213,215,170,212,205,191,196,185,175,162,139,135,134,116,119,138,88,114,111,92,95,88,88,52,59,80,69,41,41,42,38,50,31,36,47,41,49,29,19,34,21,21,22,19,20,19,23,21,7,22,12,19,9,17,9,13,4,5,5,9,3,3,4,8,2,4,5,4,5,4,7,2,5,2,0,0,3,3,1,0,4,1,1,0,0,0,3,0,0,0,0,0,0,0,0,0,0,0,0,0,0,0,0,0,0,0,1,0,0,0,0,0,0,0,0,0,0,0,0,0,0,0,0,0
7,1,5,0,7,3,6,26,30,30,25,15,34,38,26,76,51,72,34,66,92,71,101,76,124,143,118,139,224,164,205,187,210,140,201,234,250,283,295,319,388,325,286,313,402,389,347,402,369,362,386,448,419,403,412,417,412,445,373,381,392,390,328,405,331,357,291,328,285,273,302,251,304,249,289,230,211,208,203,187,168,204,173,175,185,155,128,143,137,96,112,120,81,95,93,84,114,86,70,73,80,63,49,56,42,38,34,53,34,40,30,35,35,29,29,28,29,28,23,17,10,23,21,20,16,16,14,11,10,12,5,12,8,12,9,9,4,2,1,7,4,7,5,1,2,1,5,1,3,2,4,0,3,2,0,1,2,0,0,1,0,2,0,0,0,0,1,2,0,0,0,0,0,0,0,0,0,0,0,0,0,0,0,0,0,0,0,0,0,0,0,0,0,0,0,0,0,0,0,0
4,1,4,0,12,2,4,22,51,17,21,14,35,40,25,52,38,70,32,76,73,69,72,61,119,142,131,145,234,181,207,206,209,152,216,215,235,296,285,298,369,308,302,300,408,401,331,368,385,384,381,386,369,398,402,443,412,404,405,378,393,395,372,364,383,346,307,315,285,292,293,242,278,252,226,240,228,197,193,171,182,187,183,145,168,129,139,118,114,127,103,113,82,119,79,71,92,80,68,63,65,64,66,47,38,44,43,43,42,30,44,45,37,33,20,27,21,21,19,27,22,21,27,22,15,12,15,17,14,19,9,9,7,10,6,5,5,3,3,4,7,4,2,4,2,3,4,3,4,3,0,0,4,0,0,1,0,0,0,3,0,1,2,0,0,0,1,0,0,0,0,0,0,0,0,0,0,0,0,0,0,0,0,0,0,0,0,0,0,0,0,0,0,0,0,0,0,0,0,0
8,2,4,0,9,3,2,23,37,18,23,13,38,38,28,68,50,79,42,78,92,77,77,74,109,141,109,125,190,173,199,159,215,179,171,197,219,246,264,330,371,331,282,265,376,378,339,354,375,388,405,465,388,396,402,434,387,383,353,410,379,406,351,357,357,350,323,347,314,264,289,228,267,243,255,226,203,205,175,172,173,193,189,151,162,138,129,111,102,99,99,93,78,112,97,81,83,75,64,73,57,55,66,40,47,49,34,43,39,33,34,35,30,23,23,21,27,24,31,16,15,28,14,23,10,11,11,15,10,13,6,10,11,6,2,7,4,3,5,2,4,11,5,3,2,4,1,1,3,1,0,2,3,2,0,0,0,0,1,1,0,4,1,0,1,0,1,0,1,0,0,0,0,0,0,0,0,0,0,0,0,0,0,0,0,0,0,0,0,0,0,0,0,0,0,0,0,0,0,0
7,0,2,1,15,6,2,26,38,21,24,7,28,32,19,63,56,67,44,84,71,106,86,58,110,132,109,131,189,129,182,177,195,157,221,192,202,250,278,300,360,315,293,320,415,371,351,358,331,330,350,412,375,368,411,400,419,384,403,382,342,346,339,318,346,321,303,307,277,281,252,261,278,228,230,223,189,175,172,166,179,169,181,141,149,134,135,131,131,105,109,85,69,111,80,71,86,66,69,71,65,68,56,53,44,38,36,40,40,26,37,51,23,28,20,25,17,22,15,21,14,21,34,30,8,17,14,15,8,12,5,13,8,10,4,3,4,8,3,5,4,5,3,6,0,1,4,1,5,0,0,0,0,1,0,1,2,0,0,0,0,1,3,0,1,2,2,0,0,0,0,0,0,0,0,0,0,0,0,0,0,0,0,0,0,0,0,0,0,0,0,0,0,0,0,0,0,0,0,0
6,2,1,0,10,4,6,19,43,21,25,9,34,32,17,65,39,58,36,51,61,79,73,66,112,136,109,125,222,166,168,165,183,157,174,203,208,241,282,291,332,276,261,292,367,389,339,339,351,358,353,407,410,374,371,392,411,409,364,368,333,349,336,302,317,312,274,299,275,257,257,244,259,244,226,219,190,177,162,192,167,181,166,135,139,122,115,129,120,79,104,90,86,89,77,89,88,77,66,70,56,52,53,43,54,31,35,45,33,34,35,33,28,18,27,37,16,31,12,14,18,16,17,21,15,14,11,16,8,12,5,4,8,6,4,3,3,2,7,7,7,6,7,5,3,2,4,1,2,1,1,0,2,1,1,2,3,0,0,3,0,0,1,0,0,0,0,0,0,0,0,0,0,0,0,0,0,0,0,0,0,0,0,0,0,0,0,0,0,0,0,0,0,0,0,0,0,0,0,0
4,0,0,1,14,1,5,21,25,21,17,13,42,44,31,55,51,59,34,64,65,91,67,62,97,117,128,111,205,143,185,163,172,148,154,194,209,260,269,306,354,332,266,260,355,350,313,336,336,337,307,362,362,340,363,394,345,362,329,358,313,328,318,319,338,309,281,305,248,275,252,237,270,216,251,231,182,172,177,162,160,175,175,142,135,123,120,104,120,95,96,80,79,84,84,83,88,52,59,69,54,47,49,46,49,41,41,41,33,30,38,38,23,23,29,25,20,24,22,13,20,19,17,20,5,14,7,15,13,6,9,8,8,6,1,4,3,5,5,4,5,3,5,0,0,3,3,2,2,0,1,3,2,2,0,0,0,0,0,0,0,0,0,0,0,0,2,0,0,0,0,0,0,0,0,1,0,0,0,0,0,0,0,0,0,0,0,0,0,0,0,0,0,0,0,0,0,0,0,0
0,1,2,1,8,2,2,20,37,16,34,14,27,34,38,53,39,70,38,55,61,92,62,48,134,127,93,116,192,135,177,147,180,132,193,179,183,235,230,263,328,283,258,300,335,360,270,326,332,349,344,358,354,396,321,346,362,348,313,380,343,321,315,297,311,315,305,275,261,266,234,215,235,189,205,202,195,160,147,171,150,156,167,123,127,109,108,103,116,84,106,75,85,95,83,71,73,55,60,66,44,61,53,42,44,38,35,41,33,31,24,41,22,23,16,23,22,15,16,15,11,18,8,22,8,13,8,9,10,12,6,8,5,6,8,5,3,1,2,5,11,2,6,1,1,1,3,2,3,1,2,2,3,0,0,2,1,0,0,0,0,0,0,0,0,0,0,0,0,0,0,0,0,0,0,0,0,0,0,0,0,0,1,0,0,0,0,0,0,0,0,0,0,0,0,0,0,0,0,0
5,2,3,0,13,2,4,16,31,22,21,8,26,29,34,60,45,64,27,68,64,81,72,58,105,108,110,108,171,170,178,143,158,164,167,191,221,241,231,296,281,299,258,283,311,352,286,332,334,330,324,366,341,330,402,351,343,361,325,320,351,320,305,322,319,273,264,274,236,248,239,215,233,220,189,194,167,157,152,149,157,164,162,122,150,109,112,121,109,92,101,76,84,86,94,60,72,59,52,49,75,51,46,50,53,40,38,37,34,30,34,36,34,17,21,25,20,21,14,26,17,16,22,24,16,12,10,7,6,17,7,5,10,12,2,5,6,2,1,4,3,1,7,2,0,5,3,4,1,0,1,1,2,0,0,1,0,0,1,1,0,0,0,0,0,0,0,0,0,0,1,0,0,0,0,0,0,0,0,0,0,0,0,0,0,0,0,0,0,0,0,0,0,0,0,0,0,0,0,0
6,2,0,0,12,2,3,14,26,19,23,8,28,29,26,61,51,56,42,59,74,61,64,59,115,107,100,121,192,144,180,162,175,135,168,190,203,228,236,247,334,269,222,257,333,320,310,325,323,298,324,374,357,340,354,311,358,344,283,320,338,290,301,313,281,290,262,276,236,252,218,206,220,207,183,186,170,175,127,136,165,119,154,126,132,119,99,102,90,82,84,104,60,85,75,54,72,65,54,56,51,50,41,40,44,29,33,34,23,26,22,30,40,19,24,23,23,30,18,17,15,18,18,16,6,12,9,3,6,6,5,6,14,7,4,3,2,2,4,5,3,2,5,2,2,7,4,3,1,0,0,0,1,1,0,1,0,0,0,1,0,0,1,0,0,0,0,0,0,0,0,0,0,0,0,0,0,0,0,0,0,0,0,0,0,0,0,0,0,0,0,0,0,0,0,0,0,0,0,0
4,5,4,1,14,1,3,12,41,22,21,10,36,30,30,44,39,61,35,58,63,75,73,44,111,120,117,123,180,139,165,145,164,160,153,196,195,217,248,265,294,290,248,264,328,332,264,296,295,277,301,342,306,322,338,328,349,336,312,335,316,318,260,294,281,257,273,262,242,244,223,193,230,181,174,191,145,170,148,143,162,147,156,119,124,96,100,105,80,79,81,63,71,71,85,57,65,68,68,59,43,62,36,40,40,36,35,39,28,24,29,25,32,27,16,14,14,15,19,12,22,22,23,21,6,12,9,12,4,11,10,6,14,7,3,3,6,2,0,4,3,3,4,2,1,4,3,1,3,3,5,1,1,0,0,0,4,1,2,0,0,1,0,0,0,0,0,0,0,0,0,0,0,0,0,0,0,0,0,0,0,0,0,0,0,0,0,0,0,0,0,0,0,0,0,0,0,0,0,0
9,5,0,0,10,4,3,24,30,21,14,15,23,25,22,54,46,55,36,63,71,71,83,53,108,107,112,110,180,144,166,146,183,139,157,176,182,237,241,266,307,275,232,243,323,319,285,296,318,301,320,326,342,317,320,322,311,335,293,329,313,272,279,276,253,299,238,257,210,234,215,200,209,183,195,167,162,142,135,147,131,138,128,107,132,104,102,92,94,89,94,79,74,78,65,57,69,56,56,40,48,43,49,36,47,28,31,42,32,29,23,23,19,22,22,23,12,25,14,20,11,23,12,15,6,13,10,9,9,8,9,3,4,10,9,5,2,4,3,1,10,2,3,6,0,0,6,0,3,0,1,1,3,0,0,0,4,0,0,0,0,0,1,0,0,0,0,0,0,0,0,0,0,0,0,0,0,0,0,0,0,0,0,0,0,0,0,0,0,0,0,0,0,0,0,0,0,0,0,0
4,1,3,1,6,0,3,13,41,12,23,7,24,23,31,64,40,46,36,65,74,81,75,58,112,126,107,114,173,145,160,138,165,150,175,177,177,230,232,248,294,278,228,254,319,304,265,277,272,285,304,316,302,314,276,351,325,315,309,285,275,289,254,260,278,267,255,250,208,215,225,195,204,194,192,158,155,149,143,130,132,112,128,115,120,104,85,92,99,80,100,77,52,73,71,50,61,61,55,60,42,35,48,47,38,29,28,34,26,26,17,18,26,23,22,20,14,16,20,15,14,20,16,16,10,11,12,7,6,9,8,5,7,3,4,3,4,4,3,8,2,0,6,2,0,0,3,1,2,1,0,0,0,1,1,0,0,0,0,1,0,0,1,0,0,0,0,0,0,0,0,0,0,0,0,0,0,0,0,0,0,0,0,0,0,0,0,0,0,0,0,0,0,0,0,0,0,0,0,0
3,1,3,1,12,2,7,20,30,17,19,12,24,25,29,48,37,53,21,48,51,54,57,63,114,128,96,86,170,150,160,150,149,129,154,194,162,243,214,236,322,274,241,255,291,344,266,294,291,249,287,333,283,313,278,320,307,308,311,277,279,283,282,267,255,251,232,228,235,191,224,211,219,152,183,180,160,145,108,138,136,145,124,103,104,97,92,83,81,90,69,64,61,56,51,55,56,63,61,46,42,49,40,44,39,21,33,32,18,29,22,19,29,18,22,19,15,20,13,15,13,13,22,15,4,15,8,4,5,12,7,10,3,2,3,9,6,4,1,3,5,7,1,3,0,3,1,1,1,1,1,0,2,0,1,3,0,0,0,0,0,0,2,0,0,0,1,0,0,0,0,0,0,0,0,0,0,0,0,0,0,0,0,0,0,0,0,0,0,0,0,0,0,0,0,0,0,0,0,0
4,1,1,0,8,1,7,17,27,22,19,10,29,33,21,40,44,66,35,42,64,59,80,51,119,96,80,112,159,115,145,154,149,133,155,167,171,213,229,248,269,257,212,250,304,309,239,288,288,273,313,291,291,281,272,318,318,302,266,284,281,297,291,245,249,260,202,263,200,221,221,189,202,165,178,176,139,144,112,126,132,132,123,121,122,107,88,78,59,67,70,69,58,62,60,56,51,41,41,45,58,46,45,28,34,31,20,32,27,21,32,32,27,28,29,17,17,21,13,13,10,17,16,13,7,7,4,13,7,17,5,8,7,5,2,3,6,4,2,4,7,2,5,1,0,1,4,0,1,1,1,0,1,1,2,0,2,1,0,0,0,1,1,0,0,0,1,0,0,0,0,0,0,0,0,0,0,0,0,0,0,0,0,0,0,0,0,0,0,0,0,0,0,0,0,0,0,0,0,0
3,2,0,0,6,1,1,19,30,20,16,17,29,28,24,51,51,57,31,52,62,68,71,65,97,86,91,87,165,129,149,139,151,121,160,164,156,232,191,212,277,258,191,241,278,293,240,288,279,300,278,306,269,318,300,311,320,304,282,291,289,251,260,249,232,223,194,216,206,187,186,170,186,157,175,166,152,157,116,115,130,98,130,115,90,92,84,86,98,73,76,68,56,73,70,68,56,50,41,45,38,46,39,34,26,29,20,24,31,18,28,30,19,24,22,18,7,15,14,5,11,15,17,10,7,8,6,11,13,6,3,4,2,4,2,3,3,2,2,7,3,4,3,3,1,5,1,1,2,3,1,1,1,0,0,2,2,0,0,1,0,0,0,0,0,0,1,0,0,0,0,0,0,0,0,0,0,0,0,0,0,0,0,0,0,0,0,0,0,0,0,0,0,0,0,0,0,0,0,0
10,3,0,3,11,1,4,15,28,26,22,9,21,21,21,48,51,52,36,44,64,74,65,62,100,95,87,117,147,129,142,118,127,121,132,160,172,196,220,238,263,232,225,216,269,267,256,272,247,252,251,282,276,283,259,277,286,268,261,268,296,244,260,231,238,220,189,213,200,178,173,186,198,146,165,161,133,140,107,141,104,124,98,105,88,81,91,84,79,72,80,60,55,68,48,60,57,41,49,49,34,35,39,29,37,36,22,26,22,20,17,17,21,16,18,17,16,18,9,9,21,16,11,14,8,9,12,7,7,8,8,10,3,6,2,3,6,2,3,5,4,3,6,1,2,1,2,0,3,0,2,0,2,0,1,0,1,0,0,1,0,0,0,0,0,0,0,0,0,0,0,0,0,0,0,0,0,0,0,0,0,0,0,0,0,0,0,0,0,0,0,0,0,0,0,0,0,0,0,0
7,1,0,1,9,2,3,21,29,16,22,7,20,28,19,47,24,48,42,45,45,51,65,62,83,102,89,92,146,102,132,138,150,122,130,170,190,194,212,224,255,231,202,199,242,275,237,247,235,276,251,263,279,281,272,291,296,278,243,272,247,226,260,238,229,234,200,212,185,168,189,149,175,158,172,149,148,118,110,104,111,115,120,119,108,96,80,82,78,51,85,50,57,59,62,52,47,52,46,49,41,51,36,29,29,24,20,21,22,20,20,16,19,16,17,23,15,19,9,9,8,18,13,13,2,8,9,14,7,6,6,8,4,5,4,2,3,2,2,5,6,4,1,5,0,1,3,3,1,1,0,0,1,1,0,2,1,0,1,0,0,1,0,0,0,0,1,0,0,0,0,0,0,0,0,0,0,0,0,0,0,0,0,0,0,0,0,0,0,0,0,0,0,0,0,0,0,0,0,0
6,2,0,2,12,1,6,21,24,20,21,8,23,33,30,42,31,54,24,43,68,62,73,49,105,91,89,81,163,123,142,137,144,118,123,167,138,170,198,205,261,231,213,236,288,233,255,244,264,246,237,252,281,277,272,270,290,295,231,283,261,249,263,236,210,221,178,215,185,204,182,171,184,147,138,142,118,123,101,122,98,106,107,91,89,84,78,83,86,56,55,73,63,56,56,43,45,54,51,37,31,33,37,23,21,19,24,20,25,21,17,16,22,22,17,14,12,15,13,12,14,19,21,8,8,10,9,6,7,6,4,3,6,6,3,0,8,1,2,4,5,7,3,3,0,0,2,2,0,0,1,0,1,0,1,0,0,1,0,0,0,0,0,0,0,1,2,0,0,0,0,0,0,0,0,0,0,0,0,0,0,0,0,0,0,0,0,0,0,0,0,0,0,0,0,0,0,0,0,0
3,1,3,0,10,2,4,22,30,15,16,13,25,22,22,53,38,44,29,51,56,62,77,52,95,87,80,74,129,115,134,133,138,120,135,170,144,170,197,235,211,240,192,239,237,260,222,250,252,235,228,262,279,268,263,260,270,231,253,267,212,244,259,210,244,206,191,234,171,174,171,151,184,158,148,149,133,135,103,106,137,111,128,107,92,85,100,69,81,80,49,53,68,50,56,45,51,48,48,38,35,35,32,25,32,25,18,21,24,33,26,16,18,13,21,23,16,19,24,13,7,9,12,14,3,7,8,15,4,7,8,6,2,5,3,3,2,2,4,6,2,3,4,3,2,4,4,1,3,3,1,0,3,1,0,1,0,0,0,0,0,0,1,0,0,0,2,1,0,0,1,0,0,0,0,0,0,0,0,0,0,0,0,0,0,0,0,0,0,0,0,0,0,0,0,0,0,0,0,0
4,1,3,1,9,0,1,13,28,13,18,5,32,25,13,37,21,54,32,49,38,72,77,53,85,102,91,91,152,120,145,121,142,126,129,161,159,197,202,211,222,215,184,183,262,245,204,247,236,221,224,262,235,260,268,261,254,240,241,235,242,241,242,219,196,199,199,189,164,195,142,156,148,131,140,149,114,142,97,93,99,117,102,88,105,70,75,72,64,55,66,49,48,59,64,44,46,37,49,38,32,41,23,32,29,33,14,15,20,20,21,11,19,18,13,13,14,15,10,11,7,13,15,8,7,10,4,5,6,13,5,8,6,5,3,1,3,5,1,3,5,4,1,2,0,2,3,2,1,1,0,0,2,0,0,1,3,0,0,0,0,0,1,0,0,0,1,0,0,0,0,0,0,0,0,0,0,0,0,0,0,0,1,0,0,0,0,0,0,0,0,0,0,0,0,0,0,0,0,0
3,0,1,0,17,4,3,12,37,17,11,8,28,20,26,32,38,45,37,41,49,68,71,52,85,83,88,84,145,118,116,122,136,122,139,171,167,181,188,227,265,216,187,205,221,234,232,212,227,212,214,257,251,245,238,262,258,273,209,227,234,216,211,185,188,182,188,193,165,170,162,143,176,154,146,144,126,116,98,87,130,86,96,88,96,70,83,53,67,49,61,55,53,44,40,39,55,31,33,28,30,37,46,30,28,22,22,22,30,20,21,16,12,14,14,10,16,19,13,13,12,13,15,11,4,5,5,4,13,8,3,3,2,3,3,4,5,3,2,6,6,2,2,3,2,0,0,4,3,1,1,0,2,0,0,1,0,0,0,0,0,0,0,0,0,0,1,0,0,0,0,0,0,0,0,0,0,0,0,0,0,0,0,0,0,0,0,0,0,0,0,0,0,0,0,0,0,0,0,0
3,1,0,0,7,1,2,14,24,8,15,3,18,20,20,41,35,36,23,47,60,48,50,53,73,80,89,95,134,125,142,107,115,106,115,145,130,174,178,188,236,226,179,186,246,228,209,217,225,217,240,255,226,224,239,244,254,234,201,239,195,209,191,204,197,208,186,163,168,155,163,152,160,103,125,147,126,98,99,95,119,93,102,82,69,80,63,68,61,48,61,53,46,47,45,42,43,35,32,34,31,52,23,24,26,23,16,27,13,11,26,11,18,15,20,20,10,11,13,6,10,12,11,13,12,9,6,7,3,4,2,4,3,1,1,4,4,4,3,1,3,4,3,0,2,2,2,3,0,1,1,2,4,0,0,0,0,0,0,1,0,0,0,0,0,0,1,1,0,0,0,0,0,0,0,0,0,0,0,0,0,0,0,0,0,0,0,0,0,0,0,0,0,0,0,0,0,0,0,0
2,2,1,2,8,1,6,17,23,15,19,9,29,31,23,46,33,41,27,45,54,65,61,48,102,98,83,63,109,108,101,132,137,111,115,161,145,173,154,226,233,201,181,187,206,244,202,257,210,199,225,254,255,210,233,264,239,237,196,216,217,210,199,205,197,182,159,169,149,170,157,178,168,141,108,128,115,97,90,116,90,120,95,77,82,77,73,79,54,51,50,54,41,52,40,37,49,39,42,29,31,28,33,29,28,29,19,26,19,16,30,11,16,5,7,18,12,11,10,7,7,6,9,12,8,9,1,9,6,4,6,7,4,2,3,2,5,1,2,5,1,5,5,1,1,1,1,1,2,0,3,0,0,0,0,0,0,0,0,1,0,0,1,0,0,0,1,0,0,0,0,0,0,0,0,0,0,0,0,0,0,0,0,0,0,0,0,0,0,0,0,0,0,0,0,0,0,0,0,0
5,1,3,0,9,3,3,17,26,18,11,8,15,21,21,42,35,33,14,35,59,66,75,48,57,103,83,79,126,94,112,117,135,117,135,140,157,168,162,188,214,211,183,179,216,230,211,230,235,222,218,258,226,233,205,237,215,205,170,222,214,176,207,188,164,173,176,160,155,169,158,120,132,133,102,126,108,103,95,99,110,91,87,73,72,68,73,69,58,54,63,60,40,52,35,42,53,32,33,39,25,35,37,33,35,24,17,9,16,22,14,18,15,13,5,16,9,9,12,15,12,11,12,4,3,10,3,6,2,8,5,11,5,2,5,5,5,2,1,4,4,3,5,3,2,1,0,1,0,0,0,0,2,0,1,0,0,0,0,1,0,0,1,0,0,0,0,0,0,0,1,0,0,0,0,0,0,0,0,0,0,0,0,0,0,0,0,0,0,0,0,0,0,0,0,0,0,0,0,0
4,1,3,0,11,3,2,16,30,10,11,8,16,31,20,42,28,49,22,46,43,36,73,58,82,89,77,82,137,93,132,103,117,94,132,129,119,154,156,178,199,189,180,181,228,236,230,218,212,221,202,240,240,193,221,257,208,225,212,214,226,198,189,198,181,192,160,175,141,147,149,147,131,116,114,125,98,106,101,87,86,87,89,75,64,76,50,64,52,52,53,45,30,42,57,37,35,34,41,33,35,25,24,20,28,14,20,24,18,14,18,12,19,16,15,13,7,9,5,6,8,8,7,13,3,8,3,6,6,5,5,8,3,6,2,1,4,5,3,5,3,5,3,1,0,1,1,0,2,0,1,0,0,0,0,0,2,1,0,1,0,0,1,0,0,0,0,0,0,0,0,0,0,0,0,0,0,0,0,0,0,0,0,0,0,0,0,0,0,0,0,0,0,0,0,0,0,0,0,0
5,2,1,1,6,2,5,10,23,10,9,6,26,24,18,45,36,50,18,44,46,59,49,52,98,81,81,74,143,93,99,110,114,106,115,120,124,159,171,170,207,176,195,170,218,208,189,212,217,195,195,234,218,229,234,256,219,214,180,218,199,189,164,163,195,174,150,171,135,137,137,122,150,117,121,124,113,81,77,83,92,92,79,85,82,64,72,58,67,50,51,47,41,35,45,36,37,34,41,32,29,32,31,21,22,16,21,18,20,16,20,14,10,14,11,11,12,13,10,9,13,12,12,9,3,8,8,4,3,10,4,2,3,4,2,3,5,3,2,0,1,2,3,1,2,2,5,1,3,4,1,0,1,0,0,0,1,0,0,0,0,1,0,0,0,0,0,0,0,0,0,0,0,0,0,0,0,0,0,0,0,0,0,0,0,0,0,0,0,0,0,0,0,0,0,0,0,0,0,0
7,1,1,0,6,3,0,13,27,12,14,11,15,16,15,33,27,51,17,50,42,47,49,35,89,87,82,58,122,93,128,113,112,97,97,117,115,141,163,187,217,178,162,164,230,202,173,190,183,188,194,211,210,210,224,203,218,210,175,187,193,219,198,184,178,169,143,149,145,130,145,126,101,115,120,115,96,88,82,75,96,85,79,73,68,62,65,52,47,47,41,42,37,34,46,30,39,28,28,40,22,30,18,30,16,21,14,19,11,11,9,18,15,13,9,17,15,16,9,3,13,10,11,12,9,6,7,4,7,9,0,4,5,4,2,2,1,1,1,2,4,5,2,0,0,2,2,2,3,0,0,0,1,0,0,0,1,0,0,0,0,0,0,0,0,0,0,0,0,0,0,0,0,0,0,0,0,0,0,0,0,0,0,0,0,0,0,0,0,0,0,0,0,0,0,0,0,0,0,0
4,1,1,1,10,1,3,13,16,18,9,7,30,17,22,36,33,47,20,41,40,53,52,34,97,73,72,74,121,93,104,117,117,100,96,121,140,148,144,190,198,164,163,202,209,201,190,214,189,189,205,206,192,192,189,200,198,186,164,197,174,188,165,157,190,145,140,150,149,132,166,142,95,99,100,99,99,80,80,83,91,96,77,59,70,58,64,66,54,41,45,49,31,53,34,38,28,30,26,28,29,25,23,17,25,19,16,20,26,14,24,17,14,6,11,13,8,10,7,6,6,15,7,15,4,8,6,7,5,7,3,2,3,6,4,0,1,0,1,1,4,2,0,2,0,0,1,0,1,2,0,0,0,1,0,1,1,0,0,1,0,0,0,0,0,0,0,0,0,0,0,0,0,0,0,0,0,0,0,0,0,0,0,0,0,0,0,0,0,0,0,0,0,0,0,0,0,0,0,0
3,2,0,0,7,2,3,20,16,12,20,4,19,22,13,32,19,33,19,39,53,48,50,40,68,76,62,66,133,110,98,121,112,93,110,127,129,151,143,171,191,182,164,176,217,184,162,187,205,184,199,244,200,182,210,217,195,204,180,198,181,192,188,166,154,135,143,141,125,134,134,114,127,105,124,99,103,88,74,87,78,79,81,59,66,55,55,58,59,56,44,42,35,39,27,25,33,30,30,33,27,24,20,21,11,21,13,15,14,24,15,11,17,8,16,10,13,11,9,12,6,9,9,15,5,6,6,4,6,6,2,3,2,4,2,1,0,0,5,5,3,1,1,2,0,1,1,0,0,1,0,0,0,0,0,0,2,0,0,0,0,0,0,0,0,0,0,1,0,0,1,0,0,0,0,0,0,0,0,0,0,0,0,0,0,0,0,0,0,0,0,0,0,0,0,0,0,0,0,0
3,2,3,0,6,2,0,10,29,10,13,2,27,24,20,34,23,35,14,37,34,45,49,43,85,86,90,90,88,104,107,90,100,83,91,128,123,148,142,165,189,192,171,160,193,190,170,165,175,181,184,236,206,211,228,225,185,165,191,179,168,169,178,127,175,153,146,142,155,114,119,103,135,96,124,101,95,95,66,84,83,79,74,54,68,63,60,70,50,47,43,36,19,31,29,26,37,33,27,22,24,34,25,28,19,12,17,11,19,13,10,15,16,12,7,10,12,10,5,9,2,7,12,8,5,1,3,5,7,9,4,3,5,1,1,2,3,2,0,3,3,1,3,2,2,1,1,2,1,0,3,0,2,0,0,1,0,0,0,1,0,1,0,0,0,0,0,0,0,0,0,0,0,0,0,0,0,0,0,0,0,0,0,0,0,0,0,0,0,0,0,0,0,0,0,0,0,0,0,0
4,1,0,2,8,3,4,9,22,8,11,8,11,23,19,36,26,39,19,42,38,48,52,48,69,90,67,72,113,89,107,103,103,73,95,136,116,120,144,172,179,186,152,169,175,208,187,186,162,159,185,198,150,187,193,175,179,180,157,167,196,170,169,160,150,152,135,132,127,133,122,132,121,112,114,114,80,80,72,77,87,87,64,72,56,62,44,45,40,35,43,46,39,42,64,43,31,37,26,29,26,15,26,21,20,16,16,20,7,15,19,9,23,15,16,12,7,6,4,3,8,11,14,8,1,5,2,5,3,6,1,2,4,1,1,5,3,3,1,4,4,1,3,0,1,2,2,1,3,0,0,0,0,1,0,0,1,0,0,0,0,0,1,0,0,0,0,0,0,0,0,0,0,0,0,0,0,0,0,0,0,0,0,0,0,0,0,0,0,0,0,0,0,0,0,0,0,0,0,0
0,0,3,0,8,0,2,10,28,2,10,5,23,12,17,40,36,38,20,29,38,50,54,46,54,68,73,63,97,81,101,108,98,87,89,113,109,128,128,169,202,161,140,164,191,226,165,171,198,152,196,207,178,185,214,212,180,166,183,166,152,173,156,136,152,137,111,144,129,118,114,102,104,95,82,89,87,80,67,76,61,89,81,54,64,56,51,56,45,34,57,48,44,30,33,32,38,36,19,38,26,35,23,17,19,17,13,13,14,14,12,13,7,9,12,12,11,8,6,6,4,9,9,12,2,10,6,5,4,6,4,2,2,0,5,0,2,3,0,3,1,4,2,3,3,3,0,0,0,3,0,0,2,1,0,0,0,0,1,0,0,0,0,0,0,0,0,0,0,0,0,0,0,0,0,0,0,0,0,0,0,0,0,0,0,0,0,0,0,0,0,0,0,0,0,0,0,0,0,0
3,2,1,1,6,2,3,6,17,6,17,10,21,25,26,49,25,33,16,31,37,45,35,38,74,73,56,73,130,89,126,101,101,90,104,112,112,135,154,148,189,161,143,158,179,165,159,159,142,157,172,199,177,180,177,193,201,178,145,142,162,168,171,152,152,130,126,132,132,134,103,103,116,86,103,92,77,83,69,61,82,71,60,70,59,66,40,39,38,45,40,45,31,30,31,47,25,25,16,21,24,27,29,21,17,17,17,15,16,12,12,15,18,11,8,10,7,8,11,11,12,11,12,8,3,6,4,4,5,4,3,4,3,1,5,4,3,2,1,3,2,5,2,1,2,0,1,1,0,1,0,0,0,1,0,0,3,0,0,1,0,2,0,0,0,1,0,0,0,0,0,0,0,0,0,0,0,0,0,0,0,0,0,0,0,0,0,0,0,0,0,0,0,0,0,0,0,0,0,0
3,2,1,0,3,1,5,19,16,13,17,6,15,24,24,29,23,34,22,37,40,61,49,35,61,56,64,60,94,73,100,84,89,79,100,107,116,108,159,179,178,160,133,151,160,184,154,187,155,154,147,165,180,198,165,215,197,189,158,196,159,144,148,159,133,131,113,130,124,134,128,92,88,97,102,89,76,73,75,64,78,75,83,62,76,53,47,52,39,45,47,45,26,35,41,30,29,24,22,33,23,16,21,16,20,11,11,10,13,10,8,12,12,7,10,6,9,9,6,14,6,9,9,9,1,6,3,8,6,7,3,3,4,1,1,1,0,2,2,1,1,2,3,0,2,1,1,0,0,0,0,0,1,0,0,0,0,0,0,0,0,0,0,0,0,0,0,0,0,0,0,0,0,0,0,0,0,0,0,0,0,0,0,0,0,0,0,0,0,0,0,0,0,0,0,0,0,0,0,0
1,1,0,0,4,1,2,11,20,8,16,6,29,12,14,38,26,29,19,50,40,53,43,37,65,55,59,53,115,80,115,97,111,87,104,101,116,151,126,131,152,148,108,139,170,160,141,158,165,175,166,184,174,178,152,203,154,150,146,167,159,142,161,135,115,141,124,123,116,106,107,100,101,93,77,71,83,83,65,76,79,61,64,46,64,47,42,56,44,31,31,45,23,36,34,24,27,32,16,27,19,27,19,21,20,16,4,11,17,7,14,14,9,7,8,8,8,6,11,4,7,12,5,9,4,3,3,3,4,6,2,2,3,3,2,2,0,3,1,2,1,1,2,0,1,1,3,1,0,0,0,0,1,0,1,1,2,0,0,1,0,1,0,0,0,0,0,0,1,0,0,0,0,0,0,0,0,0,0,0,0,0,0,0,0,0,0,0,0,0,0,0,0,0,0,0,0,0,0,0
4,1,2,0,10,2,2,8,18,7,5,12,19,21,14,30,37,40,21,42,43,47,44,36,60,64,67,62,106,78,96,76,96,69,88,95,98,138,131,150,165,154,128,150,176,162,123,169,162,134,162,194,164,191,155,181,186,151,131,152,150,149,148,129,127,138,121,120,109,112,92,120,86,89,94,92,72,87,63,60,71,68,60,49,71,55,48,50,42,34,35,38,33,40,45,23,30,23,26,18,18,23,20,17,23,12,6,12,12,10,5,23,8,6,11,17,6,7,5,10,8,7,8,7,3,6,5,4,5,3,2,2,4,2,3,2,0,0,2,2,1,2,3,3,0,1,3,1,1,0,0,1,1,0,0,1,0,0,0,1,0,0,1,0,0,1,0,2,0,0,0,0,0,0,0,0,0,0,0,0,0,0,0,0,0,0,0,0,0,0,0,0,0,0,0,0,0,0,0,0
3,0,3,0,8,0,1,10,23,15,14,3,20,19,20,29,19,25,16,34,38,60,40,27,68,67,74,52,91,75,81,94,94,84,81,97,98,118,126,149,147,140,128,128,153,163,147,163,127,141,151,181,169,170,162,177,156,157,138,154,146,143,132,128,144,145,101,114,97,110,104,108,88,83,71,72,61,75,67,79,67,65,65,58,47,57,41,43,45,28,52,32,27,36,31,22,20,24,18,27,18,27,14,15,20,16,8,13,12,9,15,10,10,9,11,9,5,4,3,5,8,5,7,6,2,6,0,4,3,9,1,5,0,2,0,2,3,1,2,4,0,3,0,1,0,0,0,0,1,2,0,0,0,1,0,1,1,0,0,0,0,0,0,0,0,0,0,0,0,0,0,0,0,0,0,0,0,0,0,0,0,0,0,0,0,0,0,0,0,0,0,0,0,0,0,0,0,0,0,0
4,0,1,0,4,0,0,15,13,11,12,7,9,11,15,34,23,26,23,31,22,37,41,23,42,79,52,57,114,91,89,107,79,81,112,99,98,118,138,149,150,124,124,131,161,187,132,145,160,126,169,173,159,170,163,166,137,144,141,143,156,133,133,125,119,113,104,115,104,123,91,88,93,87,87,95,76,70,63,54,66,61,47,41,52,44,41,44,54,30,44,33,31,34,35,26,30,17,22,22,16,16,18,17,14,13,8,10,9,4,9,10,14,13,11,9,7,6,5,4,4,11,10,8,4,8,3,2,3,1,1,3,3,2,4,0,0,1,3,1,1,0,2,0,2,1,1,2,1,0,0,0,0,0,0,1,1,0,0,0,0,0,3,0,0,0,0,0,0,0,0,0,0,0,0,0,0,0,0,0,0,0,0,0,0,0,0,0,0,0,0,0,0,0,0,0,0,0,0,0
2,3,1,1,6,1,3,6,13,14,8,6,13,17,18,25,20,26,14,29,37,42,40,34,64,57,59,50,100,68,97,80,97,73,88,102,93,130,137,146,138,123,116,151,162,159,135,153,143,150,139,160,148,145,139,144,158,170,108,140,126,162,138,116,116,127,128,97,104,103,91,85,84,72,117,84,55,68,63,77,57,68,64,55,50,46,38,39,40,33,29,32,28,35,49,26,25,27,27,17,17,18,16,19,18,7,15,8,11,14,11,11,7,8,8,8,6,9,6,8,6,2,7,6,2,3,5,2,3,5,4,2,1,0,3,2,2,1,4,0,0,1,0,2,1,0,2,0,3,0,0,1,1,0,0,0,0,1,1,0,0,0,0,0,0,1,0,0,0,1,0,0,0,0,0,0,0,0,0,0,0,0,0,0,0,0,0,0,0,0,0,0,0,0,0,0,0,0,0,0
2,1,0,0,9,1,0,3,12,14,18,2,13,13,8,26,15,41,23,36,46,41,33,33,57,48,65,45,95,69,78,92,90,75,92,102,97,119,113,139,143,133,110,120,169,151,127,142,147,129,126,167,147,152,138,153,138,154,105,151,133,143,117,114,115,135,110,109,99,84,99,76,89,75,84,87,60,66,53,50,56,56,65,48,45,47,37,53,62,34,26,27,24,23,23,15,26,19,17,24,13,22,23,13,10,13,10,10,13,9,15,9,12,10,9,5,6,9,4,2,8,6,2,8,2,4,1,3,5,2,1,1,0,3,1,2,1,1,1,4,2,3,1,0,1,1,1,1,1,1,0,0,4,0,0,0,0,0,0,0,0,0,0,0,0,0,1,0,0,0,0,0,0,0,0,0,0,0,0,0,0,0,0,0,0,0,0,0,0,0,0,0,0,0,0,0,0,0,0,0
3,0,0,0,7,0,1,12,25,11,10,4,10,23,11,37,24,23,18,26,38,33,42,42,59,65,48,61,82,70,86,81,85,79,70,115,104,121,118,150,124,119,114,128,142,149,128,130,151,128,142,144,158,141,154,144,163,132,118,142,123,132,125,119,97,112,112,112,75,95,94,73,65,67,72,63,48,67,45,58,62,53,46,35,48,52,54,44,31,28,28,30,15,34,35,23,35,15,20,22,14,22,14,12,14,9,13,16,11,8,12,8,5,7,5,8,8,12,8,7,4,6,5,8,4,2,6,5,7,4,4,3,0,2,2,2,1,5,1,1,2,2,2,1,0,0,2,2,1,0,0,0,1,1,0,0,1,0,0,1,0,0,0,0,1,0,0,0,0,0,0,0,0,0,0,0,0,0,0,0,0,0,0,0,0,0,0,0,0,0,0,0,0,0,0,0,0,0,0,0
7,2,0,0,11,0,2,8,16,12,14,6,17,12,9,27,25,28,14,33,36,43,39,30,55,57,53,50,84,77,74,91,87,60,76,90,73,97,112,140,131,116,120,125,136,155,139,140,127,133,166,149,147,145,128,166,158,144,128,134,134,116,117,113,100,103,104,113,104,119,99,84,83,83,68,66,48,52,50,59,40,64,45,48,42,51,26,36,42,36,26,19,31,27,31,32,22,23,19,23,20,16,12,11,12,12,11,8,14,8,6,7,12,8,10,11,6,4,6,2,7,6,10,10,3,7,3,4,2,3,3,4,1,2,2,0,4,0,2,2,3,2,0,1,2,1,1,2,1,2,0,0,0,0,0,0,0,0,0,0,0,0,1,0,0,0,0,0,0,0,0,0,0,0,0,0,0,0,0,0,0,0,0,0,0,0,0,0,0,0,0,0,0,0,0,0,0,0,0,0
5,0,1,0,4,2,2,11,15,11,12,6,19,16,12,36,24,33,18,21,34,35,32,40,37,66,36,60,81,53,76,82,72,61,71,81,93,103,110,128,124,136,104,121,158,126,117,130,112,126,129,146,130,135,114,151,149,126,127,128,121,125,106,108,114,89,116,95,82,83,77,77,89,76,66,70,72,70,50,59,61,56,57,46,51,41,31,40,29,31,22,27,22,28,18,22,21,25,26,19,19,17,11,18,18,7,7,5,8,16,13,8,7,11,2,10,4,10,4,5,3,5,10,1,2,3,3,2,2,3,2,0,2,2,2,2,2,0,0,1,3,2,0,0,1,0,1,1,1,2,0,0,0,0,0,0,1,0,0,0,0,0,0,0,0,0,0,0,0,0,0,0,0,0,0,0,0,0,0,0,0,0,1,0,0,0,0,0,0,0,0,0,0,0,0,0,0,0,0,0
4,2,2,2,4,1,0,6,15,7,7,7,13,18,8,33,21,28,12,22,29,39,46,34,55,56,44,52,105,70,72,69,69,55,81,83,90,99,122,114,131,103,111,115,150,138,129,125,138,115,139,146,131,126,127,130,146,148,125,139,109,119,98,115,98,120,90,91,82,77,71,72,60,60,73,59,69,49,69,71,43,47,53,39,38,46,44,36,29,30,27,21,29,32,21,18,19,14,24,10,19,17,26,21,13,6,11,14,4,13,7,8,6,2,8,6,5,15,8,3,3,5,7,6,3,2,4,4,4,3,3,1,2,1,0,0,1,1,0,1,2,1,3,0,0,1,1,0,0,1,1,0,0,0,0,0,0,0,0,0,0,0,0,0,0,0,0,0,0,0,0,0,0,0,0,0,0,0,0,0,0,0,0,0,0,0,0,0,0,0,0,0,0,0,0,0,0,0,0,0
4,1,1,0,10,1,1,13,18,5,9,2,11,18,12,17,14,31,15,29,38,29,35,30,41,59,46,51,67,63,75,70,72,64,67,87,89,104,96,111,123,97,117,128,131,139,123,126,129,129,121,122,116,134,139,144,142,118,118,127,112,118,103,105,128,106,91,95,79,79,77,61,62,82,65,66,61,54,40,52,49,45,40,34,56,43,33,28,41,28,26,30,29,22,24,23,21,17,17,11,16,17,17,15,9,11,6,10,20,8,10,10,12,8,9,13,7,3,4,6,3,5,6,8,3,6,3,3,2,6,0,3,2,1,7,0,0,2,1,0,2,2,0,2,2,0,0,1,0,0,2,0,0,1,0,0,0,1,0,0,0,0,0,0,0,0,0,0,0,0,0,0,0,0,0,0,0,0,0,0,0,0,0,0,0,0,0,0,0,0,0,0,0,0,0,0,0,0,0,0
3,1,1,0,10,2,2,9,15,7,12,9,17,21,11,26,19,29,14,31,21,22,34,20,46,58,54,48,67,51,79,65,86,60,76,83,80,95,108,126,124,106,102,117,147,125,122,119,116,120,117,130,122,125,124,134,129,125,108,119,101,119,100,87,103,94,82,82,78,81,80,65,58,65,64,60,57,46,54,57,46,50,63,51,42,38,28,30,30,24,19,25,23,23,23,29,19,16,19,20,23,18,15,9,10,7,10,9,10,10,11,10,8,7,10,8,4,5,4,7,5,2,5,4,2,0,2,1,2,2,1,5,2,3,4,2,0,0,0,2,1,1,2,2,1,1,2,0,2,0,0,0,0,0,0,0,1,0,0,1,0,0,0,0,0,0,0,0,0,0,0,0,0,0,0,0,0,0,0,0,0,0,0,0,0,0,0,0,0,0,0,0,0,0,0,0,0,0,0,0
3,0,1,0,6,0,1,7,17,10,10,8,13,14,9,24,23,23,9,37,38,37,34,25,47,56,47,49,79,67,79,75,79,61,84,98,79,87,100,99,136,124,106,107,135,128,106,119,105,121,110,134,111,139,135,126,126,131,107,125,115,110,96,101,96,85,84,95,69,81,74,67,61,68,57,62,45,51,50,58,42,50,52,45,33,33,24,37,31,28,23,31,17,21,22,16,18,25,22,12,18,11,11,10,13,14,13,10,8,12,15,10,12,7,12,9,5,7,6,3,4,5,6,6,4,7,2,3,3,1,1,2,3,7,1,1,0,0,1,2,3,0,1,0,0,3,0,0,0,0,0,0,1,0,0,1,0,0,0,0,0,0,0,0,0,0,0,0,0,0,0,0,0,0,0,0,0,0,0,0,0,0,0,0,0,0,0,0,0,0,0,0,0,0,0,0,0,0,0,0
5,1,1,0,5,2,2,6,17,9,10,2,16,11,11,21,22,31,14,26,24,34,28,22,46,52,58,47,72,58,82,80,71,56,61,87,73,102,91,76,125,111,91,105,125,126,111,134,128,105,129,138,120,119,100,125,118,119,106,116,107,122,101,81,85,110,93,91,79,85,81,81,82,56,54,66,49,54,38,44,41,47,42,41,33,37,29,31,33,21,18,17,25,31,19,13,16,18,25,15,19,18,16,10,8,10,6,13,8,5,4,9,11,9,2,4,7,7,3,5,3,8,8,6,1,7,0,4,4,2,2,1,2,2,1,1,0,1,0,0,1,0,0,0,1,1,1,0,2,1,1,0,0,0,0,0,0,0,0,0,0,0,1,0,0,0,0,1,0,0,0,0,0,0,0,0,0,0,0,0,0,0,0,0,0,0,0,0,0,0,0,0,0,0,0,0,0,0,0,0
2,1,0,1,6,1,1,9,12,8,10,6,9,15,14,30,22,31,16,18,26,35,32,25,46,55,50,50,69,57,63,54,80,74,60,78,61,89,92,106,114,109,101,100,127,114,98,115,93,111,119,129,107,117,103,137,115,118,97,111,110,92,80,88,89,93,66,75,80,81,53,70,55,56,59,55,57,53,38,43,46,48,49,37,34,34,31,23,29,26,31,25,23,18,22,13,15,14,13,12,14,16,12,14,15,11,5,10,9,6,7,8,6,6,7,10,6,3,5,3,4,5,6,5,4,4,0,4,3,2,2,2,3,1,0,0,1,1,2,2,1,0,1,1,0,0,0,0,3,0,1,0,0,0,0,1,0,0,0,0,0,0,0,0,0,0,0,0,0,0,0,0,0,0,0,0,0,0,0,0,0,0,0,0,0,0,0,0,0,0,0,0,0,0,0,0,0,0,0,0
0,0,1,0,4,1,1,7,10,3,10,3,16,12,15,23,21,34,14,16,25,30,39,22,45,47,46,47,68,47,83,48,67,56,50,65,83,79,89,99,122,106,94,100,94,129,105,114,105,98,95,100,115,114,106,102,108,124,102,112,94,107,85,99,75,87,95,82,64,85,69,66,64,61,54,55,53,45,27,44,47,48,52,25,42,34,24,29,23,27,26,29,16,22,16,13,18,22,11,12,12,10,10,14,11,7,8,10,3,5,11,5,8,5,8,6,5,6,1,1,5,0,5,9,2,2,5,1,1,0,4,2,0,1,1,1,2,4,1,3,1,1,2,0,0,0,0,1,1,0,0,0,1,0,1,0,0,1,0,0,0,0,0,0,0,0,0,0,0,0,0,0,0,0,0,0,0,0,0,0,0,0,0,0,0,0,0,0,0,0,0,0,0,0,0,0,0,0,0,0
2,0,0,0,3,0,0,1,10,5,5,3,16,11,14,24,12,24,17,21,25,33,39,25,40,46,44,37,59,60,64,68,81,47,44,64,79,82,93,114,107,100,58,101,99,121,110,103,119,111,114,128,99,117,117,114,113,117,81,102,88,99,106,99,99,93,85,91,66,79,64,75,69,55,57,46,47,41,47,48,39,49,52,24,29,28,27,26,41,28,23,24,21,20,20,14,15,18,18,10,12,18,12,19,17,5,8,7,9,8,6,9,10,7,7,12,6,6,6,4,3,7,3,2,2,2,2,3,1,4,3,0,2,3,4,2,0,2,0,3,1,0,0,0,1,0,1,1,0,1,0,0,0,0,0,0,0,0,0,0,0,0,1,0,0,0,0,0,0,0,0,0,0,0,0,0,0,0,0,0,0,0,0,0,0,0,0,0,0,0,0,0,0,0,0,0,0,0,0,0
5,0,1,0,5,2,2,5,12,4,10,4,5,9,15,20,13,23,18,27,20,27,44,27,47,46,36,37,51,57,71,63,71,49,69,86,62,94,78,86,127,97,89,102,120,95,102,113,124,93,118,120,107,114,105,108,102,141,90,100,100,111,92,79,88,79,62,73,74,70,72,74,76,43,64,51,41,44,30,47,37,38,42,39,25,32,22,26,29,24,31,24,21,16,16,19,10,17,11,18,15,11,7,5,18,11,4,10,7,5,9,4,6,5,7,6,1,4,3,5,6,2,5,7,1,4,3,1,0,2,1,0,0,2,2,2,1,0,1,2,0,1,2,2,1,0,1,2,0,0,1,0,0,0,0,0,0,0,0,0,0,0,0,0,0,1,0,0,0,0,0,0,0,0,0,0,0,0,0,0,0,0,0,0,0,0,0,0,0,0,0,0,0,0,0,0,0,0,0,0
3,0,1,0,4,2,1,9,17,9,9,4,17,11,6,25,12,18,8,22,25,28,33,26,43,45,37,38,78,56,70,53,67,62,73,73,66,96,62,93,106,100,99,85,95,120,98,103,101,119,82,114,115,97,100,119,119,103,102,99,100,88,78,77,69,70,74,65,72,68,59,63,71,42,53,50,51,46,26,45,35,32,38,26,41,21,35,42,16,21,19,24,17,23,19,9,23,17,16,12,17,12,11,15,7,7,9,10,2,4,6,8,4,4,7,5,4,7,3,5,1,7,2,3,2,6,2,2,2,3,4,1,1,0,1,0,1,1,1,1,0,1,0,1,0,0,2,0,0,1,0,0,1,0,0,1,0,0,0,0,0,0,0,0,1,0,0,0,0,0,0,0,0,0,0,0,0,0,0,0,0,0,0,0,0,0,0,0,0,0,0,0,0,0,0,0,0,0,0,0
3,0,0,0,6,0,3,15,9,10,7,4,17,11,13,25,16,28,5,20,33,29,23,28,26,44,37,54,57,63,63,66,62,50,61,66,77,78,88,92,97,116,88,84,89,106,85,96,101,77,86,100,105,104,116,114,98,94,82,101,110,83,87,88,68,80,69,79,72,80,53,59,54,57,44,38,54,45,41,41,39,37,38,21,43,31,23,34,34,18,24,21,13,19,15,15,19,16,14,9,12,12,10,4,12,8,10,2,12,6,9,11,6,4,6,6,3,3,2,8,2,5,5,1,1,2,3,3,3,0,2,1,2,1,1,1,0,0,0,1,2,1,0,0,0,0,0,0,0,0,0,0,0,0,2,0,0,0,0,0,0,0,0,0,0,1,0,0,0,0,0,0,0,0,0,0,0,0,0,0,0,0,0,0,0,0,0,0,0,0,0,0,0,0,0,0,0,0,0,0
3,1,0,0,4,4,1,9,6,4,8,8,10,10,12,23,11,19,15,21,23,31,45,27,41,49,36,47,64,47,58,47,67,50,59,67,58,67,89,97,103,80,78,79,90,102,80,109,102,91,79,108,96,107,96,118,98,118,89,76,84,71,115,69,88,82,78,68,61,59,55,60,57,57,48,48,49,31,45,43,42,28,35,31,39,24,27,24,19,20,24,24,19,9,13,16,24,21,12,15,11,17,4,8,12,8,9,8,6,4,11,7,11,3,1,6,5,3,2,3,6,3,2,1,1,5,7,0,2,1,3,2,2,0,0,0,0,2,0,1,0,4,0,3,0,1,1,0,3,0,0,0,0,0,0,0,0,0,0,1,0,0,0,0,0,0,1,0,0,0,0,0,0,0,0,0,0,0,0,0,0,0,0,0,0,0,0,0,0,0,0,0,0,0,0,0,0,0,0,0
1,0,1,0,2,0,0,11,14,4,10,3,10,11,9,18,18,23,19,18,25,30,37,19,31,61,33,41,59,63,53,50,53,59,60,59,54,66,100,96,94,75,89,89,123,111,94,85,100,93,98,92,106,116,91,94,97,95,85,86,79,88,93,78,80,60,69,61,67,60,46,69,50,51,48,51,46,51,35,34,40,32,45,21,25,23,22,20,26,22,19,19,15,20,17,14,14,12,12,15,7,14,10,12,11,6,8,5,7,4,3,7,9,4,8,7,4,5,2,2,5,1,6,1,2,2,3,5,5,0,4,2,1,1,0,2,1,0,0,1,1,1,2,0,0,0,0,1,0,0,1,0,0,0,0,1,2,1,0,0,0,0,0,0,0,0,0,0,0,0,0,0,0,0,0,0,0,0,0,0,0,0,0,0,0,0,0,0,0,0,0,0,0,0,0,0,0,0,0,0
5,0,3,0,6,2,0,17,8,6,6,7,15,18,6,18,14,24,9,17,28,24,20,22,33,36,34,33,59,49,55,66,55,50,58,70,60,89,71,80,100,102,82,72,104,89,87,102,86,87,90,101,85,117,79,101,94,95,80,85,82,90,77,80,84,84,61,69,66,73,55,53,52,41,48,43,40,41,31,40,28,28,40,27,30,26,30,21,20,10,20,19,10,16,13,12,19,16,17,13,11,12,13,8,6,10,1,6,11,4,6,4,4,1,2,5,1,7,4,4,2,7,4,5,2,5,2,2,2,0,2,0,2,1,0,0,4,0,0,2,3,0,0,0,0,0,0,0,1,0,1,0,0,0,0,0,0,0,0,0,0,0,0,0,0,0,0,0,0,0,1,0,0,0,0,0,0,0,0,0,0,0,0,0,0,0,0,0,0,0,0,0,0,0,0,0,0,0,0,0
4,0,0,0,6,0,1,7,13,4,6,4,12,11,9,19,17,26,12,22,21,33,32,35,38,47,52,37,56,41,47,54,56,49,53,71,64,73,59,77,89,98,85,102,99,106,76,100,98,84,106,89,70,99,95,125,78,98,74,88,73,83,77,75,72,62,59,76,41,73,69,53,44,43,44,55,40,44,44,37,33,31,42,37,35,23,29,14,21,24,18,17,11,20,22,12,19,8,19,21,10,14,15,7,8,4,3,4,5,6,7,7,7,6,7,3,8,3,5,2,0,5,4,0,1,2,5,1,2,4,0,0,0,1,1,0,1,0,0,1,1,1,1,1,1,0,1,2,0,1,0,0,1,1,0,0,0,0,0,0,0,0,0,0,0,0,0,0,0,0,0,0,0,0,0,0,0,0,0,0,0,0,0,0,0,0,0,0,0,0,0,0,0,0,0,0,0,0,0,0
2,1,0,0,7,2,0,10,17,5,7,7,13,9,11,19,21,23,14,28,19,28,18,20,29,26,38,33,64,46,60,47,53,41,53,47,64,66,74,74,93,75,78,84,102,94,79,86,84,89,102,90,83,96,83,97,87,91,70,87,77,75,74,63,76,60,59,77,54,63,58,50,56,40,44,36,41,43,28,30,41,27,40,23,19,24,34,15,29,26,15,13,14,13,12,16,13,18,16,10,19,11,13,6,11,9,8,14,10,9,2,6,4,6,5,3,6,3,2,3,0,3,3,1,0,4,1,2,4,3,2,1,1,1,0,0,2,0,0,1,0,0,0,0,0,0,0,0,0,0,1,0,0,0,0,0,0,0,0,0,0,0,0,0,0,0,0,0,0,0,0,0,0,0,0,0,0,0,0,0,0,0,0,0,0,0,0,0,0,0,0,0,0,0,0,0,0,0,0,0
1,1,0,0,0,0,1,5,11,12,8,5,14,14,13,12,18,21,6,17,19,20,26,17,38,33,39,39,55,42,50,52,60,45,39,53,69,69,82,71,91,81,56,71,90,97,64,87,98,80,92,103,100,91,67,82,78,104,79,85,63,71,65,73,70,63,52,76,50,52,51,60,63,41,45,44,36,34,30,35,38,26,26,23,25,27,33,22,13,24,17,18,13,19,17,25,19,8,10,14,13,9,8,5,6,7,5,4,7,4,4,10,4,3,5,8,2,4,7,5,3,5,2,5,1,3,3,2,0,5,2,1,1,3,0,2,0,0,0,1,1,2,0,1,0,0,1,0,0,3,0,0,0,0,0,0,0,0,0,0,0,0,0,0,0,0,0,0,0,0,0,0,0,0,0,0,0,0,0,0,0,0,0,0,0,0,0,0,0,0,0,0,0,0,0,0,0,0,0,0
4,1,0,0,5,0,2,11,11,8,1,5,6,15,7,11,9,20,7,8,14,31,21,10,33,39,29,35,51,43,55,54,65,34,45,50,51,50,71,84,90,82,68,67,81,84,68,85,75,76,92,84,105,70,78,108,78,76,56,75,79,76,72,67,49,61,44,70,55,50,52,42,46,43,47,40,39,31,22,30,35,33,29,22,24,22,15,22,15,9,15,18,17,19,11,19,11,14,14,12,10,9,5,10,12,5,5,9,3,9,4,6,3,9,3,6,8,0,5,1,2,2,7,1,1,1,0,3,2,4,4,1,1,2,2,1,1,0,0,1,1,1,0,0,0,0,0,1,0,0,0,0,0,0,0,0,0,0,0,0,0,0,0,0,0,0,0,0,0,0,0,0,0,0,0,0,0,0,0,0,0,0,0,0,0,0,0,0,0,0,0,0,0,0,0,0,0,0,0,0
1,0,1,1,5,1,0,3,11,2,7,5,10,9,14,14,14,16,9,19,26,30,26,21,31,32,29,30,59,32,43,51,50,45,56,73,45,61,63,72,74,79,67,85,76,96,60,81,81,77,77,75,87,89,79,83,71,87,78,78,68,63,69,68,63,87,46,51,54,50,45,41,34,32,45,47,30,32,36,30,25,20,19,19,21,28,28,23,19,16,15,19,19,13,14,11,7,11,13,11,14,6,9,5,10,4,7,7,7,9,9,2,8,3,3,3,6,1,5,3,1,2,4,4,2,0,2,5,3,0,0,1,0,2,0,2,1,3,0,1,1,0,1,0,0,1,0,0,0,0,0,0,0,0,1,0,0,1,0,1,0,0,0,0,0,0,0,0,0,0,0,0,0,0,0,0,0,0,0,0,0,0,0,0,0,0,0,0,0,0,0,0,0,0,0,0,0,0,0,0
1,1,0,0,6,2,1,4,10,4,6,6,11,10,11,7,6,16,8,15,22,23,24,20,41,45,37,33,43,31,49,46,70,43,51,49,62,78,67,78,88,71,51,73,74,85,78,83,84,73,83,80,68,81,64,74,80,93,60,76,79,77,78,61,64,51,51,65,51,48,51,39,42,38,51,36,38,23,35,31,42,22,29,36,34,19,25,21,20,16,20,21,11,13,7,12,14,12,6,18,15,13,5,8,9,11,6,9,8,11,8,5,4,3,7,1,2,3,3,7,1,3,4,2,0,2,0,3,2,2,0,2,2,1,0,0,2,1,2,2,2,0,2,0,0,0,1,0,0,0,1,1,0,1,0,0,0,0,0,0,0,0,0,0,0,0,1,0,0,0,0,0,0,0,0,0,0,0,0,0,0,0,0,0,0,0,0,0,0,0,0,0,0,0,0,0,0,0,0,0
1,1,1,0,1,0,1,6,8,3,6,6,9,7,8,20,17,11,10,16,26,28,25,16,33,32,22,39,69,40,51,52,54,61,45,57,55,56,65,66,79,57,37,54,88,78,66,91,74,78,61,87,71,81,81,82,80,61,70,60,61,64,58,65,85,56,42,60,56,50,49,51,38,42,50,45,44,40,28,30,25,20,29,20,23,28,23,13,20,19,10,12,13,14,14,14,18,16,12,12,6,5,4,4,9,2,3,4,7,3,5,6,4,8,2,3,3,3,2,3,1,3,4,3,1,0,0,0,3,2,0,1,0,0,0,1,0,1,1,5,2,2,0,0,0,0,1,0,0,0,0,0,0,0,0,0,0,0,0,0,0,0,0,0,0,0,0,0,0,0,0,0,0,0,0,0,0,0,0,0,0,0,0,0,0,0,0,0,0,0,0,0,0,0,0,0,0,0,0,0
1,0,2,0,7,0,4,6,12,8,3,3,8,9,8,13,10,20,6,16,16,25,29,19,32,30,23,32,55,37,39,34,52,42,41,59,45,56,73,70,85,78,64,57,89,89,73,83,71,79,83,81,72,73,65,84,86,80,66,71,69,70,62,63,69,43,59,44,41,52,58,48,44,41,35,32,36,25,26,34,26,28,26,38,22,16,19,15,14,9,22,15,16,15,15,12,16,6,8,9,3,6,8,4,10,5,6,5,1,2,7,4,5,4,7,3,4,5,4,3,1,2,4,3,0,1,1,4,5,0,0,1,1,3,0,0,0,2,0,1,1,0,0,0,0,2,0,0,0,0,0,0,0,0,0,0,0,0,0,0,0,0,0,0,0,0,0,0,0,0,0,0,0,0,0,0,0,0,0,0,0,0,0,0,0,0,0,0,0,0,0,0,0,0,0,0,0,0,0,0
0,3,1,0,4,1,1,6,8,9,12,5,7,11,7,22,9,19,12,12,18,14,25,20,31,31,37,31,56,33,35,55,40,42,38,42,63,46,69,75,78,54,62,63,76,79,74,74,67,69,69,88,66,74,60,69,77,86,56,69,61,61,59,47,52,66,45,47,46,47,50,53,34,37,52,39,47,32,23,24,23,24,20,27,17,22,18,21,15,9,16,22,11,15,14,15,10,11,12,11,7,11,7,6,14,8,3,7,3,5,2,4,1,5,4,4,1,2,2,3,0,2,3,3,1,1,2,1,3,4,1,3,0,1,0,1,0,1,0,1,0,1,2,0,1,0,0,0,0,1,0,1,0,0,0,0,0,0,0,0,0,0,0,0,0,0,0,0,0,0,0,0,0,0,0,0,0,0,0,0,0,0,0,0,0,0,0,0,0,0,0,0,0,0,0,0,0,0,0,0
2,1,1,0,1,0,1,5,8,6,1,6,10,9,10,23,11,19,8,9,15,20,26,17,33,31,29,26,56,40,46,40,56,43,41,53,47,56,64,69,71,61,48,65,62,76,71,76,78,70,80,77,84,60,72,79,66,66,67,68,67,49,56,73,57,56,59,35,41,43,52,44,28,35,31,38,31,27,15,31,27,28,26,23,17,15,27,15,20,17,16,9,12,16,15,8,21,17,10,12,4,8,5,3,6,6,8,4,7,7,4,0,4,7,2,7,2,2,9,3,1,0,1,1,2,2,2,1,2,5,0,0,1,2,4,0,0,3,0,0,0,0,1,0,0,1,1,0,0,0,1,0,0,0,0,0,0,0,0,0,0,0,0,0,0,0,0,0,0,0,0,0,0,0,0,0,0,0,0,0,0,0,0,0,0,0,0,0,0,0,0,0,0,0,0,0,0,0,0,0
1,0,0,0,7,1,0,4,8,7,6,3,5,9,3,17,18,19,9,16,19,23,24,23,27,25,22,25,50,36,40,48,56,40,38,55,58,51,48,69,74,64,69,73,88,70,75,68,62,67,77,69,84,61,84,68,56,56,77,55,55,56,64,57,64,50,49,54,56,40,41,35,54,38,25,37,29,36,27,18,31,20,24,23,23,28,19,12,20,16,10,8,8,18,15,8,17,8,9,5,10,11,10,7,8,2,4,8,11,2,6,2,3,3,4,1,3,3,1,2,2,1,2,2,1,6,0,3,2,3,1,1,2,3,1,1,0,0,0,2,0,1,0,0,0,1,0,0,0,0,1,0,0,0,0,0,0,0,0,0,0,0,0,0,0,0,0,0,0,0,0,0,0,0,0,0,0,0,0,0,0,0,0,0,0,0,0,0,0,0,0,0,0,0,0,0,0,0,0,0
3,1,1,0,4,0,0,6,6,2,2,3,11,4,10,17,14,15,5,12,17,20,25,19,21,35,26,24,49,35,48,38,47,30,41,41,48,54,51,58,75,48,54,53,77,80,62,73,72,46,62,75,68,69,61,74,62,79,57,76,67,57,49,50,54,53,55,39,35,32,43,45,47,20,39,26,26,29,28,43,23,28,30,25,21,21,12,24,19,12,18,10,12,11,11,7,14,4,5,14,6,6,6,6,8,7,3,4,3,6,5,1,2,4,5,2,2,4,0,3,1,7,2,2,1,0,2,3,0,1,2,2,0,0,0,1,0,2,0,2,0,1,0,0,1,0,0,0,1,0,0,0,0,0,0,0,0,0,0,0,0,0,0,0,0,0,1,0,0,0,0,0,0,0,0,0,0,0,0,0,0,0,0,0,0,0,0,0,0,0,0,0,0,0,0,0,0,0,0,0
1,0,0,1,5,1,2,3,7,3,7,4,9,6,6,11,13,19,8,12,16,13,25,23,22,27,25,28,41,35,36,37,41,39,42,55,51,59,64,59,71,52,49,48,63,66,67,85,60,75,56,65,72,74,61,68,62,65,55,64,49,56,57,59,52,60,43,43,47,45,44,35,30,41,42,28,34,30,22,19,24,19,16,19,20,23,11,6,17,12,11,14,14,11,13,5,10,15,6,10,10,13,4,7,2,3,7,7,4,2,3,3,2,2,3,0,3,5,3,1,0,1,5,4,0,2,2,0,0,1,1,3,0,0,0,0,1,1,0,0,0,1,1,0,1,0,0,0,2,0,0,0,0,0,0,0,0,0,0,0,0,0,0,0,0,0,0,0,0,0,0,0,0,0,0,0,0,0,0,0,0,0,0,0,0,0,0,0,0,0,0,0,0,0,0,0,0,0,0,0
0,1,1,0,7,0,1,6,7,5,5,2,9,12,5,11,12,11,11,12,20,22,9,16,22,18,27,26,47,35,44,38,40,21,37,48,42,48,62,56,70,59,47,46,51,74,47,61,72,64,71,78,66,67,50,69,70,60,60,57,68,66,62,53,48,52,48,46,43,30,41,36,45,38,34,44,32,35,30,14,29,31,22,18,20,29,16,18,15,17,14,18,12,16,7,7,10,9,3,13,8,9,14,10,6,4,5,3,3,3,2,3,3,3,5,3,5,4,4,2,1,2,2,3,3,3,0,1,0,2,1,2,0,4,0,0,0,1,0,1,1,3,1,0,0,0,0,0,0,0,0,0,0,0,0,0,0,0,0,0,0,0,0,0,0,1,0,0,0,0,1,0,0,0,0,0,0,0,0,0,0,0,0,0,0,0,0,0,0,0,0,0,0,0,0,0,0,0,0,0
0,1,0,0,3,2,1,3,6,7,5,2,4,8,4,13,9,20,6,12,14,23,16,9,23,29,22,30,42,39,34,37,37,22,34,43,43,50,36,57,73,61,53,52,65,53,57,58,80,76,70,56,65,50,57,66,62,72,62,65,41,57,63,45,46,45,38,36,42,30,35,35,43,26,33,25,25,28,22,28,24,21,23,20,16,22,15,17,15,16,9,14,12,11,11,9,9,8,6,10,5,9,4,3,8,6,8,8,5,4,0,8,2,1,6,2,1,6,0,4,1,3,0,4,1,2,2,3,0,0,0,0,0,1,1,0,0,1,0,1,2,2,0,0,0,0,0,0,0,0,0,0,0,0,0,1,0,0,0,0,0,0,0,0,0,0,0,0,0,0,0,0,0,0,0,0,0,0,0,0,0,0,0,0,0,0,0,0,0,0,0,0,0,0,0,0,0,0,0,0
2,0,1,0,1,3,3,6,5,5,2,2,9,11,6,10,5,15,7,22,14,17,23,20,26,28,37,19,29,32,31,37,48,32,35,36,34,48,57,62,59,79,45,64,61,67,62,63,57,52,66,65,66,72,64,76,74,60,53,60,59,55,53,60,48,49,51,38,47,47,38,31,29,34,26,30,25,25,30,20,16,22,27,19,11,18,17,17,14,10,19,7,10,13,8,8,9,3,8,8,10,7,3,7,5,7,6,8,4,4,6,4,4,1,2,1,2,1,4,2,2,2,6,2,1,0,2,3,2,0,0,1,2,0,0,0,1,0,0,3,0,0,0,0,0,0,2,0,0,0,0,0,2,0,0,0,1,0,0,0,0,0,0,0,0,0,0,0,0,0,0,0,0,0,0,0,0,0,0,0,0,0,0,0,0,0,0,0,0,0,0,0,0,0,0,0,0,0,0,0
1,1,1,1,9,1,2,7,6,3,6,3,8,10,5,15,10,12,8,14,25,16,18,15,18,29,30,21,46,27,45,36,33,33,36,51,39,47,48,49,64,49,46,54,59,66,51,60,51,45,45,57,44,59,70,66,48,45,39,55,43,48,55,45,42,44,43,43,39,31,33,37,35,24,28,27,23,23,25,18,19,17,24,14,25,14,15,16,11,11,11,12,8,8,8,9,9,5,4,8,7,5,6,9,6,2,8,7,2,5,3,3,2,7,1,1,3,3,2,0,2,0,3,3,1,2,2,1,0,0,1,0,2,0,1,1,2,1,0,1,0,1,0,0,1,0,0,0,0,1,0,0,1,0,0,0,0,0,0,0,0,0,0,0,0,0,1,0,0,0,0,0,0,0,0,0,0,0,0,0,0,0,0,0,0,0,0,0,0,0,0,0,0,0,0,0,0,0,0,0
2,0,0,0,3,0,1,5,7,8,4,3,11,7,6,9,14,14,9,9,15,24,21,21,26,22,26,22,52,25,38,27,34,39,37,40,36,31,48,50,62,55,47,46,62,73,56,50,58,51,66,73,67,56,56,68,66,52,44,64,34,65,41,46,48,52,34,46,30,23,29,22,34,33,23,26,25,28,18,28,18,20,22,18,17,15,15,16,8,10,12,11,14,5,7,10,15,11,8,6,5,6,8,4,4,3,5,2,5,2,4,3,4,2,5,2,3,1,2,1,0,3,1,1,1,0,0,2,2,3,1,0,1,2,0,0,3,0,0,1,1,0,0,1,1,0,0,2,1,0,0,0,1,0,0,0,0,0,0,0,0,0,0,0,0,0,0,0,0,0,0,0,0,0,0,0,0,0,0,0,0,0,0,0,0,0,0,0,0,0,0,0,0,0,0,0,0,0,0,0
3,0,0,0,3,1,2,1,12,4,6,2,6,9,2,12,8,19,9,13,19,23,16,11,23,26,14,24,37,23,37,35,41,29,36,47,51,43,44,64,71,55,47,39,56,48,62,55,55,52,61,52,63,51,60,50,53,52,46,43,60,36,48,44,57,30,44,40,32,32,35,33,30,24,17,37,17,17,21,25,24,30,25,21,20,24,15,8,12,13,17,11,9,11,10,4,9,5,13,11,9,5,6,5,3,4,1,3,2,3,1,2,1,5,3,2,1,2,1,0,5,5,1,4,2,1,0,0,0,1,1,0,1,1,0,1,0,0,1,1,1,1,2,2,0,1,0,0,1,3,1,0,0,0,0,0,1,0,0,0,0,0,0,0,0,0,0,0,0,0,0,0,0,0,0,0,0,0,0,0,0,0,0,0,0,0,0,0,0,0,0,0,0,0,0,0,0,0,0,0
1,0,0,0,1,0,0,6,7,1,2,3,3,7,5,15,13,13,10,17,16,13,21,12,28,22,32,28,47,37,33,38,40,43,24,30,30,46,43,37,59,51,32,63,57,70,45,55,69,47,56,74,57,54,54,53,56,61,60,38,37,53,45,50,52,36,40,45,37,24,33,22,34,21,38,30,20,21,20,16,26,22,29,20,17,11,12,16,10,10,13,14,4,9,6,6,3,9,2,4,5,3,5,7,5,6,4,3,4,1,4,5,6,0,3,1,2,3,0,3,2,3,5,3,1,1,2,1,0,2,0,0,1,0,0,0,1,1,0,1,0,2,1,1,0,1,0,0,0,0,0,0,1,0,0,0,0,0,0,0,0,0,0,0,0,0,0,0,0,0,0,0,0,0,0,0,0,0,0,0,0,0,0,0,0,0,0,0,0,0,0,0,0,0,0,0,0,0,0,0
0,0,0,0,2,1,0,4,8,9,3,2,5,2,6,14,11,12,6,23,17,18,17,10,20,21,25,20,32,23,46,34,35,25,29,36,38,33,38,40,47,42,54,38,62,57,56,54,56,39,39,51,58,52,55,53,41,53,55,47,46,51,44,45,31,41,26,53,33,29,27,25,23,18,21,24,31,22,20,17,17,18,19,15,20,8,13,16,10,12,13,15,8,12,4,7,9,9,12,4,2,6,4,7,5,9,3,1,4,5,7,4,4,1,2,2,1,1,2,4,1,1,1,3,1,1,2,4,1,0,2,2,1,1,0,0,2,1,0,0,3,0,1,0,0,0,1,1,0,1,0,0,0,0,1,0,0,0,0,0,0,0,0,0,0,0,0,0,0,0,0,0,0,0,0,0,0,0,0,0,0,0,0,0,0,0,0,0,0,0,0,0,0,0,0,0,0,0,0,0
1,0,1,1,1,0,2,2,6,3,2,0,8,7,7,11,7,14,2,18,11,15,17,12,14,28,24,25,35,26,33,28,33,29,30,32,36,42,38,55,67,53,40,52,58,62,46,47,66,47,52,63,53,58,34,62,58,55,46,53,53,39,39,56,47,33,37,43,30,35,24,32,24,26,28,18,21,15,8,15,17,19,17,14,21,20,16,9,8,8,6,8,6,7,13,9,9,7,6,8,4,12,2,3,2,5,4,1,5,3,1,4,1,0,4,1,1,3,4,3,1,5,0,3,1,2,2,1,0,3,0,0,1,0,0,0,0,0,0,0,1,0,1,0,0,0,2,0,2,0,0,3,0,0,0,0,0,0,0,0,0,0,0,0,0,0,1,0,0,0,0,0,0,0,0,0,0,0,0,0,0,0,0,0,0,0,0,0,0,0,0,0,0,0,0,0,0,0,0,0
1,0,2,0,1,1,1,1,4,3,2,5,6,6,7,12,6,17,3,11,15,18,17,15,18,16,20,16,36,25,31,31,30,32,39,25,27,39,45,53,54,52,37,44,52,57,48,52,43,47,63,55,56,61,49,55,37,41,39,41,39,47,38,42,36,28,25,44,28,34,36,26,37,20,25,30,21,20,23,14,15,19,18,19,15,19,10,12,12,14,10,13,3,12,8,6,10,8,10,6,4,8,6,5,10,4,7,3,4,3,4,0,5,1,3,0,1,0,2,3,4,2,2,1,2,1,0,1,2,0,0,1,0,4,0,0,0,1,1,2,0,0,0,0,0,0,0,0,0,0,0,0,1,0,0,0,0,0,0,0,0,0,0,0,0,0,0,0,0,0,0,0,0,0,0,0,0,0,0,0,0,0,0,0,0,0,0,0,0,0,0,0,0,0,0,0,0,0,0,0
1,0,1,0,0,0,0,3,6,6,4,1,6,9,2,10,8,13,8,15,21,13,15,17,26,38,25,19,47,16,29,28,37,21,48,27,40,36,36,51,59,48,37,49,68,54,45,55,50,36,39,41,53,54,44,55,37,31,43,42,42,37,33,38,30,35,30,35,28,34,22,27,20,29,25,32,17,18,17,17,17,13,15,10,16,7,8,10,16,7,11,8,1,10,8,7,6,10,8,7,4,5,5,0,5,5,6,5,4,2,5,4,2,0,3,3,1,4,4,3,1,0,2,2,0,1,1,2,0,1,1,2,1,1,0,1,0,0,0,2,1,1,0,0,0,0,2,0,0,0,0,0,0,0,0,0,0,0,0,0,0,0,0,0,0,0,0,0,0,0,0,0,0,0,0,0,0,0,0,0,0,0,0,0,0,0,0,0,0,0,0,0,0,0,0,0,0,0,0,0
3,0,0,0,3,0,1,2,8,7,6,0,5,8,6,16,6,14,12,8,16,14,19,7,21,23,25,24,34,26,21,38,27,30,26,35,35,34,31,53,50,39,55,41,46,42,46,49,32,37,40,51,57,46,55,56,36,49,41,50,58,32,39,35,34,30,31,33,30,26,45,26,31,27,20,28,19,17,12,10,17,16,12,17,15,16,11,16,8,7,17,16,4,9,14,7,3,9,9,7,13,5,3,3,3,3,2,2,4,4,3,5,1,2,1,3,0,3,0,0,3,1,1,2,2,1,0,1,0,2,0,0,0,0,0,1,0,0,0,0,1,0,0,1,1,0,0,0,0,1,0,0,1,0,0,0,0,0,0,0,0,0,0,0,0,0,0,0,0,0,0,0,0,0,0,0,0,0,0,0,0,0,0,0,0,0,0,0,0,0,0,0,0,0,0,0,0,0,0,0
2,1,1,0,2,0,1,4,7,6,1,1,3,5,7,12,6,11,5,7,17,15,20,8,23,26,19,16,43,30,26,30,22,16,31,27,32,33,41,40,51,41,33,44,59,54,43,55,39,42,54,47,46,33,46,38,52,59,33,34,37,42,37,37,29,29,29,24,22,32,46,28,16,29,24,15,13,13,13,12,15,11,19,14,10,8,9,12,15,9,14,13,8,8,7,6,3,4,4,8,8,8,4,1,6,1,4,7,0,3,5,5,3,0,3,1,1,0,4,1,1,1,1,0,2,2,0,1,2,1,0,0,1,1,1,0,0,0,0,1,1,0,0,1,0,0,0,0,1,0,0,0,0,0,0,0,0,0,0,0,0,0,0,0,0,0,0,0,0,0,0,0,0,0,0,0,0,0,0,0,0,0,0,0,0,0,0,0,0,0,0,0,0,0,0,0,0,0,0,0
0,0,0,0,5,0,1,4,6,2,4,3,7,5,7,9,6,17,4,7,18,12,17,10,18,25,19,18,30,33,37,25,21,25,23,25,32,36,28,46,51,48,41,39,43,62,39,40,41,35,47,57,54,47,55,41,36,58,39,41,47,41,39,30,30,30,24,33,35,20,26,27,29,22,18,17,25,14,8,17,18,16,12,12,14,12,7,11,8,12,11,10,6,10,6,6,4,4,7,8,8,5,4,5,3,1,2,4,2,1,1,4,1,3,0,2,1,3,5,3,0,2,1,0,1,3,0,2,1,0,1,1,0,0,0,0,0,1,0,0,1,0,0,0,0,0,0,0,0,0,0,0,0,0,0,0,0,0,0,1,0,0,0,0,0,0,0,0,0,0,0,0,0,0,0,0,0,0,0,0,0,0,0,0,0,0,0,0,0,0,0,0,0,0,0,0,0,0,0,0
2,0,0,0,3,0,1,3,5,5,4,3,5,6,3,18,7,11,2,8,17,13,17,10,22,19,20,23,23,23,28,26,31,22,19,31,33,43,37,48,51,68,34,50,47,58,34,40,43,38,46,52,52,50,43,50,60,52,37,37,34,27,30,36,46,30,44,31,37,27,22,18,26,20,27,27,20,11,19,16,17,15,11,10,9,11,6,8,4,13,9,13,8,7,7,5,9,6,2,4,1,1,4,4,4,5,4,1,1,2,1,2,3,0,1,4,2,1,1,0,2,1,3,3,1,2,0,1,0,3,0,1,1,1,1,1,2,0,1,1,0,1,0,0,1,0,0,0,0,0,0,0,1,0,0,0,0,0,0,0,0,0,0,0,0,0,0,0,0,0,0,0,0,0,0,0,0,0,0,0,0,0,0,0,0,0,0,0,0,0,0,0,0,0,0,0,0,0,0,0
2,1,2,1,2,1,0,2,5,2,2,3,4,8,5,13,12,11,5,12,11,14,10,12,19,24,24,18,25,26,30,29,31,19,30,30,33,37,30,47,55,49,31,48,45,43,41,40,28,42,35,47,57,35,46,49,65,48,46,50,38,40,28,33,29,30,26,37,26,23,24,24,21,28,14,24,25,19,13,15,14,17,9,9,16,11,8,8,8,9,7,9,7,5,8,7,9,8,2,5,4,5,4,3,5,2,1,2,1,5,4,2,4,2,4,1,5,2,3,1,2,3,1,2,1,3,2,1,1,1,3,0,1,2,0,0,0,0,1,0,1,0,0,0,0,0,2,0,0,0,1,1,0,0,0,0,0,0,0,0,0,0,0,0,0,0,0,0,0,0,0,0,0,0,0,0,0,0,0,0,0,0,0,0,0,0,0,0,0,0,0,0,0,0,0,0,0,0,0,0
0,1,0,0,3,1,0,2,6,2,3,3,1,10,7,7,9,11,3,12,7,9,15,11,17,19,21,21,32,29,34,24,28,22,23,28,23,38,25,43,45,29,34,40,44,47,38,41,58,42,40,41,37,43,31,56,56,41,39,42,47,28,30,57,35,35,28,41,28,29,21,21,29,25,18,18,17,23,12,18,21,18,14,17,12,13,12,6,6,9,11,9,7,7,7,4,4,5,4,3,3,4,2,4,5,3,3,3,2,1,1,3,2,0,2,0,5,2,1,0,0,1,1,0,2,1,1,2,0,1,1,1,0,1,0,1,1,0,0,0,0,0,0,0,0,0,0,0,0,1,0,0,0,0,0,0,0,0,0,0,0,0,0,0,0,0,0,0,0,0,0,0,0,0,0,0,0,0,0,0,0,0,0,0,0,0,0,0,0,0,0,0,0,0,0,0,0,0,0,0
2,0,0,1,1,0,0,4,8,6,4,2,5,5,7,9,7,13,5,15,12,15,13,15,19,17,13,21,30,26,30,32,18,22,25,26,29,29,45,42,41,36,29,40,50,46,29,37,44,40,37,30,44,37,43,41,50,39,42,36,37,36,27,40,31,24,33,30,32,25,30,25,20,20,10,17,21,20,11,15,24,16,15,17,9,8,11,10,7,6,9,7,10,5,5,8,6,2,4,3,7,6,1,2,5,5,2,3,0,2,3,3,1,3,2,2,4,2,2,0,0,5,7,1,1,1,0,0,2,0,1,1,0,0,0,0,0,0,0,0,0,1,0,0,0,0,1,1,1,2,0,0,1,0,0,0,0,0,0,0,0,0,0,0,0,0,0,1,0,0,0,0,0,0,0,0,0,0,0,0,0,0,0,0,0,0,0,0,0,0,0,0,0,0,0,0,0,0,0,0
1,0,0,0,2,0,0,3,6,10,9,5,5,6,3,13,11,10,3,10,6,11,13,11,26,23,16,14,35,24,16,26,30,23,24,33,29,31,28,51,40,41,40,30,39,46,26,45,42,29,32,37,45,33,44,47,42,37,27,45,40,31,35,31,22,30,30,24,33,24,25,26,19,12,22,23,18,9,12,14,12,11,18,8,11,9,7,7,6,5,5,5,5,4,8,1,9,4,5,6,5,3,2,1,4,5,1,2,1,3,2,1,0,0,1,1,1,0,1,0,0,0,3,2,0,0,0,0,0,0,1,0,0,0,1,0,0,1,0,1,0,0,1,1,0,0,0,0,1,0,0,0,0,0,0,0,0,0,0,0,0,1,0,0,0,0,0,0,0,0,0,0,0,0,0,0,0,0,0,0,0,0,0,0,0,0,0,0,0,0,0,0,0,0,0,0,0,0,0,0
0,0,1,0,1,0,0,3,14,4,5,0,4,5,3,13,9,13,5,17,11,12,10,6,18,21,19,16,24,25,33,29,33,16,30,29,32,28,26,44,43,31,25,38,35,52,46,35,44,31,48,39,37,41,46,36,49,43,36,26,29,27,25,22,35,34,24,30,27,28,27,19,20,36,17,15,18,18,16,18,16,11,12,19,17,11,11,7,12,11,7,12,9,5,3,8,6,9,9,7,1,3,4,2,3,5,4,7,3,2,1,1,4,2,1,5,0,0,1,1,1,0,0,4,2,2,0,1,0,0,1,1,0,0,0,2,1,0,0,1,0,2,0,0,0,0,0,0,0,0,1,0,0,0,0,0,1,0,0,0,0,0,0,0,0,0,1,0,0,0,0,0,0,0,0,0,0,0,0,0,0,0,0,0,0,0,0,0,0,0,0,0,0,0,0,0,0,0,0,0
0,0,1,0,3,1,0,2,8,2,1,1,5,4,6,11,4,11,8,15,15,14,10,12,14,20,19,16,25,27,31,26,28,17,30,26,26,35,36,35,51,38,28,23,33,33,41,27,51,39,38,39,42,34,36,38,44,38,34,34,29,30,32,35,35,25,27,26,29,21,26,14,17,19,17,21,15,15,14,11,13,17,16,11,8,9,12,8,10,7,2,15,3,1,5,3,9,4,6,3,2,5,6,4,3,3,0,0,3,2,3,5,2,1,1,2,1,0,1,2,2,1,4,2,0,1,2,1,0,2,0,0,2,0,0,1,0,0,1,0,0,0,1,0,1,0,0,1,0,1,0,0,0,0,0,0,0,0,0,0,0,0,0,0,0,0,1,0,0,0,0,0,0,0,0,0,0,0,0,0,0,0,0,0,0,0,0,0,0,0,0,0,0,0,0,0,0,0,0,0
1,0,0,0,3,0,0,2,1,0,5,1,7,5,2,11,3,9,4,12,13,9,12,9,14,14,21,21,29,25,18,27,31,26,22,30,27,26,36,33,41,37,39,25,51,24,37,40,34,38,37,37,37,43,34,31,29,29,22,35,23,36,24,34,35,25,24,30,19,19,20,29,20,20,12,12,19,11,11,6,12,6,11,7,12,11,8,11,12,12,9,5,5,9,6,7,9,6,5,3,3,5,4,4,2,6,5,4,2,3,3,2,0,1,1,5,3,2,1,1,0,3,1,1,0,0,2,0,0,0,0,0,0,1,0,1,1,0,0,0,0,0,0,0,0,0,0,0,1,0,0,0,0,0,0,0,0,0,0,0,0,0,0,0,0,0,0,0,0,0,0,0,0,0,0,0,0,0,0,0,0,0,0,0,0,0,0,0,0,0,0,0,0,0,0,0,0,0,0,0
1,0,0,0,3,1,0,3,5,4,4,2,2,6,6,10,10,10,8,10,10,15,14,12,16,17,13,11,27,19,27,16,21,13,18,30,30,24,35,30,42,33,33,29,31,34,32,31,53,35,39,39,33,30,40,37,38,31,28,24,37,36,27,34,25,26,33,31,21,21,26,17,20,27,16,19,21,11,14,11,16,16,14,10,13,8,13,13,6,6,3,5,6,6,6,4,7,8,6,9,4,3,4,6,4,4,2,3,3,2,2,1,0,1,2,2,4,1,0,0,0,0,1,1,0,0,1,1,1,1,0,0,1,0,1,1,1,0,0,2,1,0,0,0,0,0,0,0,0,0,0,0,1,0,0,0,0,0,0,0,0,0,0,0,0,0,0,0,0,0,0,0,0,0,0,0,0,0,0,0,0,0,0,0,0,0,0,0,0,0,0,0,0,0,0,0,0,0,0,0
0,1,0,0,1,0,1,6,2,2,3,5,5,6,5,11,2,7,8,9,10,9,12,10,8,14,20,22,31,17,22,22,30,20,17,17,20,31,43,29,25,22,26,32,41,32,30,34,34,34,39,43,30,42,34,35,36,22,28,33,27,26,28,32,26,28,24,25,19,29,21,19,19,20,15,13,19,13,13,15,7,8,9,9,12,13,9,8,5,5,8,11,7,8,7,4,3,4,2,2,4,2,4,4,4,1,0,3,7,0,2,2,0,1,2,1,1,2,3,2,0,0,4,2,1,4,0,0,0,1,1,0,0,0,0,1,1,0,0,1,0,0,0,0,0,0,1,0,0,1,0,0,0,0,0,0,0,0,0,0,0,0,0,0,0,0,0,0,0,0,0,0,0,0,0,0,0,0,0,0,0,0,0,0,0,0,0,0,0,0,0,0,0,0,0,0,0,0,0,0
1,1,0,0,0,2,0,2,5,2,1,1,5,6,5,10,6,7,10,11,5,13,19,7,13,18,13,21,23,15,23,26,21,27,23,27,16,37,28,26,43,25,21,28,30,43,40,30,34,26,35,47,40,37,31,34,41,32,27,37,42,28,31,31,29,30,21,22,31,17,18,12,11,14,12,18,13,10,18,9,11,10,10,18,9,9,6,8,7,6,6,11,11,5,8,2,4,2,3,2,5,6,5,2,0,1,2,5,4,3,1,0,1,0,0,5,1,2,0,0,2,2,0,1,0,0,0,0,1,2,0,0,0,1,0,0,0,0,0,1,0,0,0,0,0,1,1,0,0,0,0,0,0,0,0,0,0,0,0,0,0,0,0,0,0,0,0,0,0,0,0,0,0,0,0,0,0,0,0,0,0,0,0,0,0,0,0,0,0,0,0,0,0,0,0,0,0,0,0,0
0,2,0,0,1,1,0,2,2,2,2,0,5,7,1,8,15,5,4,4,14,13,11,14,12,14,12,14,20,17,24,19,15,23,18,16,25,34,19,45,39,30,21,37,35,32,32,24,29,28,35,28,43,37,31,30,36,28,23,34,32,27,23,26,21,17,16,18,14,21,14,17,12,17,24,11,18,17,10,10,15,13,8,9,10,6,6,3,9,8,5,4,2,5,2,2,8,2,3,2,4,6,1,2,3,3,2,3,2,0,1,1,2,0,1,2,1,1,1,1,0,1,0,1,0,0,1,3,0,0,0,0,0,4,0,0,0,0,0,1,0,0,1,0,0,0,0,0,0,0,0,0,0,0,0,0,0,0,0,0,0,0,0,0,0,0,0,0,0,0,0,0,0,0,0,0,0,0,0,0,0,0,0,0,0,0,0,0,0,0,0,0,0,0,0,0,0,0,0,0
0,0,2,0,3,0,0,6,8,3,2,0,3,5,5,10,4,12,6,8,7,6,14,10,19,13,10,20,21,15,19,26,26,21,22,22,21,26,35,32,31,36,21,31,39,25,33,33,30,30,36,36,39,34,27,24,28,30,34,24,24,30,23,31,26,25,16,22,28,15,19,16,11,17,16,16,9,6,8,12,16,11,8,9,10,13,7,6,4,7,7,2,3,6,6,6,5,3,2,1,4,3,3,2,2,2,4,2,0,2,2,2,2,1,3,0,2,1,1,1,1,0,2,0,1,3,1,3,1,1,0,0,0,1,0,0,0,1,0,0,0,0,0,0,0,0,0,0,0,0,0,0,0,0,0,0,1,0,0,0,0,0,0,0,0,1,0,0,0,0,0,0,0,0,0,0,0,0,0,0,0,0,0,0,0,0,0,0,0,0,0,0,0,0,0,0,0,0,0,0
1,0,0,0,1,0,0,1,4,4,2,2,7,6,6,10,8,8,4,12,13,8,9,7,18,13,10,11,27,19,19,20,22,18,23,25,26,19,17,38,34,23,19,32,23,33,31,28,33,25,35,32,28,45,28,47,38,35,31,30,30,28,25,19,23,18,20,21,10,19,29,11,20,18,14,15,7,11,7,11,12,7,14,13,9,10,8,7,2,6,7,4,4,8,3,5,3,4,4,3,8,5,5,5,0,0,5,2,1,1,1,2,3,1,1,2,2,2,1,0,0,4,1,1,0,0,0,1,0,1,1,2,1,1,1,0,0,0,0,0,0,1,1,0,0,0,1,0,0,0,0,1,0,0,0,0,0,0,0,0,0,0,0,0,0,0,0,0,0,0,0,0,0,0,0,0,0,0,0,0,0,0,0,0,0,0,0,0,0,0,0,0,0,0,0,0,0,0,0,0
1,0,0,0,1,1,1,5,7,3,5,2,2,5,3,8,8,6,3,2,6,10,13,4,16,19,15,7,28,8,19,15,14,24,18,26,18,23,26,33,30,24,22,28,39,36,29,32,26,22,31,44,33,29,34,28,24,29,43,31,27,25,28,19,25,23,21,26,21,25,9,18,19,6,16,10,18,9,15,17,8,11,8,9,12,11,11,8,8,3,9,4,2,2,2,6,3,5,4,1,4,2,2,1,2,3,0,2,0,2,1,1,1,2,0,2,2,0,1,1,0,0,3,0,1,1,2,0,1,0,0,1,0,0,0,0,0,0,0,1,0,0,0,0,0,0,1,0,0,0,0,0,0,0,0,0,0,1,0,0,0,0,0,0,0,0,0,0,0,0,0,0,0,0,0,0,0,0,0,0,0,0,0,0,0,0,0,0,0,0,0,0,0,0,0,0,0,0,0,0
1,0,0,0,1,0,1,3,4,2,1,2,8,3,3,7,7,5,4,15,9,11,10,12,14,13,14,16,18,15,17,14,21,12,14,20,20,25,20,16,39,32,25,30,33,40,25,30,27,29,27,39,31,37,24,36,36,19,27,28,35,27,21,24,22,11,23,13,25,21,11,25,14,13,14,17,11,12,18,8,9,14,15,5,16,6,9,5,9,2,9,6,4,5,1,3,1,5,2,3,5,4,4,1,6,5,0,2,1,5,1,3,1,2,1,0,0,1,2,1,1,1,1,2,0,1,0,1,1,0,0,0,0,0,0,0,0,2,0,0,0,0,1,0,0,0,0,0,1,0,1,0,0,0,0,0,1,0,0,0,0,0,0,0,0,0,0,0,0,1,0,0,0,0,0,0,0,0,0,0,0,0,0,0,0,0,0,0,0,0,0,0,0,0,0,0,0,0,0,0
0,0,1,0,3,1,0,3,5,1,4,1,1,1,6,8,5,11,3,6,12,18,8,12,21,21,10,16,22,18,18,17,22,16,18,16,21,21,32,27,26,25,24,22,25,34,20,29,17,28,30,36,28,27,28,31,31,34,33,18,20,27,23,23,12,24,19,27,20,13,11,10,15,19,18,14,12,14,11,13,13,12,7,11,16,8,9,7,10,9,4,9,2,8,4,4,5,2,1,4,2,5,1,3,2,4,1,1,2,0,2,3,1,1,1,2,0,1,3,0,0,0,0,0,0,0,1,0,0,1,1,0,1,0,1,0,0,1,0,0,0,1,0,0,0,0,0,0,0,0,0,0,0,0,0,0,0,0,0,0,0,0,0,0,0,0,0,0,0,0,0,0,0,0,0,0,0,0,0,0,0,0,0,0,0,0,0,0,0,0,0,0,0,0,0,0,0,0,0,0
0,0,0,0,0,1,0,2,7,1,3,3,3,2,3,10,1,8,2,6,14,5,4,5,23,17,18,9,20,15,23,22,25,14,17,14,19,25,26,30,29,34,22,26,34,31,18,23,27,26,34,38,23,31,25,17,35,30,28,35,26,22,30,23,27,21,14,16,19,20,23,17,7,8,13,10,5,14,9,7,5,11,9,3,10,5,5,2,9,4,6,3,4,3,5,5,4,6,1,3,5,5,3,5,1,6,3,7,2,0,1,1,1,4,3,0,1,2,0,0,1,0,1,0,1,2,0,1,0,2,0,0,0,0,0,0,0,0,0,0,0,2,0,0,0,0,0,1,0,1,0,0,0,0,0,0,0,0,0,0,0,0,0,0,0,0,0,0,0,0,0,0,0,0,0,0,0,0,0,0,0,0,0,0,0,0,0,0,0,0,0,0,0,0,0,0,0,0,0,0
0,1,1,0,3,0,0,3,3,2,3,0,5,1,2,4,6,10,4,5,8,11,9,4,8,20,10,9,27,13,15,12,13,15,15,23,17,17,22,31,33,26,20,22,29,31,29,41,26,26,34,23,23,28,24,26,27,27,18,29,21,32,21,21,13,18,16,18,18,11,15,11,15,11,12,14,11,7,11,10,9,16,12,6,7,7,4,3,4,2,5,4,7,3,1,3,4,1,1,1,2,5,3,3,3,2,0,3,3,0,2,3,3,1,0,1,1,1,0,1,2,1,1,2,0,0,0,1,0,0,0,0,0,2,1,0,0,0,0,0,0,0,0,0,0,0,0,1,0,0,0,0,0,0,0,0,1,0,0,0,0,0,0,0,0,0,0,0,0,0,0,0,0,0,0,0,0,0,0,0,0,0,0,0,0,0,0,0,0,0,0,0,0,0,0,0,0,0,0,0
1,0,0,0,0,0,1,2,3,2,1,2,5,2,4,6,3,6,4,4,10,8,11,5,14,14,7,11,16,16,18,18,20,13,25,14,19,21,34,24,24,22,28,12,30,38,32,26,37,22,29,29,22,23,20,34,42,23,20,23,17,19,22,11,21,18,17,19,14,8,22,14,15,14,10,9,10,9,8,13,4,11,14,7,10,10,9,5,7,5,8,7,7,4,6,3,2,1,2,3,2,4,6,0,2,0,0,1,1,1,0,2,0,1,3,2,1,5,0,1,0,3,4,0,0,0,1,0,0,2,0,0,0,1,0,1,1,0,1,0,0,0,0,0,0,1,0,1,0,0,0,0,1,0,0,1,0,0,0,0,0,0,0,0,0,0,0,0,0,0,0,0,0,0,0,0,0,0,0,0,0,0,0,0,0,0,0,0,0,0,0,0,0,0,0,0,0,0,0,0
1,0,1,0,0,0,0,2,6,2,3,0,5,6,1,7,4,6,2,7,8,5,11,5,17,8,8,13,26,13,18,17,21,17,12,14,18,21,21,22,32,22,21,23,35,25,20,31,35,21,30,28,34,27,39,24,24,26,17,16,30,28,20,18,27,14,20,29,19,13,18,16,10,12,16,11,12,13,9,12,10,15,4,8,4,8,7,5,7,6,5,5,6,5,3,6,3,4,5,2,4,0,3,4,5,0,1,1,0,2,1,1,2,1,0,0,1,0,1,0,0,1,1,1,0,0,0,1,0,0,1,0,0,0,1,2,0,0,0,0,0,0,0,0,0,0,0,0,0,0,0,0,0,0,0,0,0,0,0,0,0,0,0,0,0,0,0,0,0,0,0,0,0,0,0,0,0,0,0,0,0,0,0,0,0,0,0,0,0,0,0,0,0,0,0,0,0,0,0,0
0,0,2,0,1,1,0,4,2,2,2,1,5,2,3,8,4,7,6,4,5,11,2,7,17,17,11,5,20,19,18,19,25,13,23,15,17,29,25,25,25,27,18,22,38,23,32,35,29,27,21,28,23,28,24,28,24,29,13,24,26,31,13,19,23,10,20,21,17,10,15,14,11,16,9,12,14,5,9,8,6,3,7,13,4,3,4,5,8,8,7,5,5,6,2,2,3,7,4,3,4,1,0,4,0,0,1,2,1,2,0,3,5,0,0,0,0,2,0,0,0,3,0,1,0,1,0,1,0,1,0,0,1,0,0,0,0,0,0,0,0,0,0,1,0,0,0,0,0,1,0,0,0,0,0,0,0,0,0,0,0,0,0,0,0,0,0,0,0,0,0,0,0,0,0,0,0,0,0,0,0,0,0,0,0,0,0,0,0,0,0,0,0,0,0,0,0,0,0,0
0,0,0,0,0,0,0,3,3,1,1,0,4,2,5,6,3,8,4,11,10,13,7,9,12,12,15,15,19,8,9,20,9,15,16,20,18,18,19,33,21,30,25,22,21,25,20,27,20,17,16,25,22,27,23,28,30,27,31,23,18,21,20,21,15,17,13,14,15,11,17,11,10,11,12,10,6,8,10,4,10,7,11,5,11,6,5,4,1,6,0,7,9,3,4,3,3,1,2,6,6,3,2,1,2,3,1,0,1,2,1,3,1,0,4,2,3,1,0,1,0,0,0,1,1,0,0,0,0,0,1,2,0,0,0,0,1,0,0,1,0,0,0,0,0,0,0,1,0,0,0,0,0,0,0,0,0,0,0,0,0,0,0,0,0,0,0,0,0,0,0,0,0,0,0,0,0,0,0,0,0,0,0,0,0,0,0,0,0,0,0,0,0,0,0,0,0,0,0,0
0,0,1,0,3,0,1,2,4,2,0,0,3,5,5,6,4,3,7,6,11,7,13,6,12,8,14,16,19,12,9,20,23,21,14,21,16,25,25,34,31,28,15,23,26,25,25,32,25,25,23,38,31,25,26,22,31,28,18,29,22,14,18,15,22,16,10,10,12,18,13,10,11,9,16,17,13,6,11,12,9,6,4,3,10,5,6,6,8,2,7,2,2,4,6,4,5,4,3,0,3,3,6,3,1,4,2,1,1,1,0,3,3,4,0,2,0,1,0,3,1,0,2,0,2,1,2,0,1,1,0,1,0,1,0,0,0,0,0,0,0,1,0,1,0,0,0,0,0,0,0,0,0,0,0,0,0,0,0,0,0,0,1,0,0,0,0,0,0,0,0,0,0,0,0,0,0,0,0,0,0,0,0,0,0,0,0,0,0,0,0,0,0,0,0,0,0,0,0,0
0,0,0,0,1,1,0,0,2,5,4,2,2,2,2,5,6,5,6,11,10,4,9,5,5,13,11,6,20,19,15,14,17,17,13,20,15,25,19,27,17,32,22,10,20,23,16,23,22,22,29,20,25,24,30,18,20,19,27,18,18,20,15,14,14,17,16,15,24,18,16,16,11,18,12,13,11,14,7,10,11,5,5,3,10,6,8,4,7,9,3,5,4,5,4,1,0,3,1,3,2,2,2,1,0,1,0,4,2,3,1,3,1,1,0,0,1,0,0,0,0,0,0,1,0,1,0,1,0,1,0,0,1,1,0,0,0,0,0,0,0,0,0,0,0,0,0,0,0,0,0,0,0,0,0,0,0,0,0,0,0,0,0,0,0,0,0,0,0,0,0,0,0,0,0,0,0,0,0,0,0,0,0,0,0,0,0,0,0,0,0,0,0,0,0,0,0,0,0,0
0,0,0,0,1,0,0,1,3,2,2,1,1,2,5,9,7,7,4,4,8,12,8,5,7,12,11,12,20,12,16,12,15,15,15,11,19,19,16,25,28,23,21,23,21,25,15,21,20,26,20,28,26,18,17,21,13,14,26,14,11,12,16,29,13,16,14,11,11,10,16,15,10,16,12,11,8,10,7,5,10,12,12,8,7,5,3,2,5,6,4,4,7,3,4,2,3,3,5,1,2,4,2,2,1,3,1,1,0,1,0,2,3,3,1,1,0,0,0,0,3,1,2,0,0,0,0,0,0,0,0,1,0,1,0,0,1,0,0,0,0,0,0,0,0,0,0,0,0,0,0,0,0,0,0,0,0,0,0,0,0,0,0,0,0,0,0,0,0,0,0,0,0,0,0,0,0,0,0,0,0,0,0,0,0,0,0,0,0,0,0,0,0,0,0,0,0,0,0,0
0,1,0,0,0,0,1,1,3,5,2,1,1,2,6,7,7,8,3,5,8,8,5,9,6,10,13,13,13,14,7,12,13,14,14,18,10,19,19,17,37,19,25,29,19,21,20,24,16,18,21,21,22,21,24,35,25,20,27,16,21,19,15,19,18,13,8,6,16,13,14,9,9,9,13,7,10,11,11,10,7,6,8,5,10,5,2,3,2,1,0,5,5,2,3,0,3,1,4,3,1,2,2,4,2,2,0,1,1,1,3,1,1,0,0,2,1,1,1,2,0,2,0,0,1,0,0,0,0,1,0,0,1,0,0,0,0,0,0,1,1,1,0,0,0,0,0,0,0,0,0,0,0,0,0,0,0,0,0,0,0,0,0,0,0,0,0,0,0,0,0,0,0,0,0,0,0,0,0,0,0,0,0,0,0,0,0,0,0,0,0,0,0,0,0,0,0,0,0,0
0,1,1,0,1,1,0,4,1,0,2,1,3,5,4,5,5,7,5,8,8,7,9,4,6,8,13,6,11,15,16,11,14,11,16,11,25,15,23,20,31,25,17,16,18,21,13,15,24,18,18,24,25,23,22,25,16,18,15,20,17,19,18,20,17,22,14,6,11,7,16,6,9,11,8,4,8,9,10,9,6,9,7,6,3,4,6,2,5,4,6,2,2,5,3,4,3,2,4,3,5,2,4,3,2,3,1,1,3,0,1,4,1,1,2,0,0,0,0,0,1,0,0,2,0,0,0,0,0,1,0,0,1,0,1,0,0,0,1,0,0,0,0,0,0,0,1,0,0,0,0,0,0,0,0,0,1,0,0,0,0,0,0,0,0,0,0,0,0,0,0,0,0,0,0,0,0,0,0,0,0,0,0,0,0,0,0,0,0,0,0,0,0,0,0,0,0,0,0,0
0,0,0,1,2,2,0,1,4,1,2,0,2,2,3,4,4,9,4,2,7,10,9,3,8,13,15,15,9,14,17,11,8,16,18,12,16,20,17,13,16,23,17,13,27,24,23,19,17,17,20,19,17,20,23,21,22,29,13,18,17,12,16,21,20,13,17,13,13,13,16,11,11,7,5,7,5,15,11,4,6,4,7,10,5,5,2,5,11,6,2,4,3,5,2,2,3,2,3,6,2,1,1,3,3,0,1,0,0,2,1,1,0,1,0,1,1,2,0,1,4,0,1,3,0,0,0,1,0,1,0,0,0,0,0,1,0,0,0,0,0,0,0,0,0,0,0,0,0,0,0,0,0,0,0,0,0,0,0,0,0,0,0,0,0,0,0,0,0,0,0,0,0,0,0,0,0,0,0,0,0,0,0,0,0,0,0,0,0,0,0,0,0,0,0,0,0,0,0,0
0,0,0,0,0,0,0,4,5,0,1,0,1,2,2,4,7,6,6,5,9,7,6,4,8,12,12,11,26,14,14,11,17,10,12,17,13,24,20,26,28,15,21,22,24,27,17,23,20,17,23,19,23,18,23,21,18,21,21,19,27,17,18,14,20,18,14,8,17,7,13,9,13,10,13,12,3,12,4,6,12,10,6,2,2,3,6,2,4,4,6,4,2,5,2,6,2,4,4,2,5,2,2,1,1,1,2,0,2,2,1,1,1,0,0,0,0,2,1,2,2,0,0,1,1,0,0,1,3,0,0,0,1,0,0,0,0,0,0,0,0,0,0,1,0,0,0,0,0,0,0,0,0,0,0,0,1,0,0,0,0,0,0,0,0,0,0,0,0,0,0,0,0,0,0,0,0,0,0,0,0,0,0,0,0,0,0,0,0,0,0,0,0,0,0,0,0,0,0,0
0,0,0,0,0,0,1,2,3,0,2,1,0,2,1,6,9,5,2,8,7,8,10,7,10,11,13,9,17,11,15,9,7,11,15,15,12,18,16,18,28,16,18,19,19,20,21,23,22,16,21,16,18,20,21,26,18,21,19,19,16,15,17,20,18,11,14,12,12,8,8,14,12,9,10,6,7,3,12,10,7,9,6,10,4,2,7,9,7,5,5,0,0,1,4,5,3,3,2,2,3,1,1,1,0,1,1,1,1,1,1,2,1,1,0,1,0,2,0,0,0,2,0,0,0,0,0,0,0,0,0,0,0,0,0,0,0,0,1,0,1,0,0,1,0,0,0,0,0,0,0,0,0,0,0,0,0,0,0,0,0,0,0,0,0,0,0,1,0,0,0,0,0,0,0,0,0,0,0,0,0,0,0,0,0,0,0,0,0,0,0,0,0,0,0,0,0,0,0,0
0,0,0,0,1,1,0,3,2,2,4,2,2,4,6,3,6,3,3,3,8,8,5,6,9,12,13,10,15,10,9,13,14,10,9,11,18,23,14,27,11,25,23,25,20,23,21,15,12,20,17,17,19,25,18,21,25,25,16,22,18,17,19,18,12,11,16,20,13,15,8,13,8,14,8,13,6,6,10,9,7,5,3,6,3,4,8,1,4,3,8,5,4,3,0,3,3,3,0,1,2,2,4,1,2,3,4,1,1,0,1,0,0,0,0,0,2,0,0,2,0,0,0,3,0,2,1,1,0,0,0,0,1,0,0,0,0,0,0,1,0,0,0,0,0,0,0,0,0,0,1,0,0,0,0,1,0,0,1,0,0,0,0,0,0,0,0,0,0,0,0,0,0,0,0,0,0,0,0,0,0,0,0,0,0,0,0,0,0,0,0,0,0,0,0,0,0,0,0,0
1,0,0,0,0,0,0,2,3,3,2,2,3,0,1,6,1,6,1,5,8,6,7,4,7,12,8,5,22,10,19,11,15,10,14,13,12,14,23,14,22,29,21,16,15,19,16,25,9,20,24,21,9,22,19,25,16,22,21,14,12,9,12,22,7,9,15,13,11,8,12,8,14,8,6,8,5,5,5,4,3,5,6,6,5,1,3,4,4,3,2,5,0,4,5,4,2,1,1,3,1,3,1,0,0,3,0,5,1,0,2,1,2,0,0,3,0,3,0,0,0,0,0,0,0,2,1,1,1,0,0,1,0,0,0,0,0,0,0,0,0,0,0,0,0,0,0,1,0,0,0,0,1,0,0,0,0,0,0,0,0,0,0,0,0,0,0,0,0,0,0,0,0,0,0,0,0,0,0,0,0,0,0,0,0,0,0,0,0,0,0,0,0,0,0,0,0,0,0,0
0,0,0,0,1,0,0,0,5,4,3,3,2,1,2,6,1,6,1,7,3,9,10,5,6,6,9,8,16,11,14,11,19,10,16,12,10,13,11,22,26,13,21,18,20,20,19,10,17,23,14,19,21,15,20,10,22,15,15,12,16,26,18,19,11,12,9,12,9,9,11,11,12,6,9,13,3,7,6,5,4,8,6,5,4,6,5,3,5,4,5,3,4,3,3,2,2,1,1,1,3,1,2,2,3,0,2,1,2,1,1,0,2,0,1,2,1,0,0,0,1,1,0,0,0,0,1,0,0,0,0,0,0,1,0,0,0,1,0,1,0,0,1,1,0,0,0,1,0,0,0,0,0,0,0,0,0,0,0,0,0,0,0,0,0,0,0,0,0,0,0,0,0,0,0,0,0,0,0,0,0,0,0,0,0,0,0,0,0,0,0,0,0,0,0,0,0,0,0,0
0,0,0,0,3,0,0,4,5,2,3,0,2,2,0,6,3,5,3,3,5,8,6,3,15,12,7,7,15,12,15,14,13,15,15,12,15,15,16,10,17,19,21,18,17,24,17,18,18,14,15,20,12,12,12,25,13,15,14,18,11,9,8,15,19,16,9,13,7,15,12,14,8,7,5,3,9,6,6,7,6,11,6,2,6,4,5,3,1,4,2,4,5,4,1,1,4,1,2,2,3,1,4,2,0,1,1,0,0,0,2,1,2,3,0,0,0,1,0,0,0,1,0,1,1,0,0,1,0,0,0,0,0,0,0,0,0,0,0,0,0,0,0,0,0,0,0,0,0,0,0,0,0,0,0,0,0,0,0,1,0,0,0,0,0,0,0,0,0,0,0,0,0,0,0,0,0,0,0,0,0,0,0,0,0,0,0,0,0,0,0,0,0,0,0,0,0,0,0,0
1,0,0,0,1,0,0,5,2,4,1,3,0,2,2,7,3,4,0,5,11,8,4,0,5,9,8,10,8,16,14,12,18,10,9,15,7,12,12,15,12,21,15,14,22,15,11,22,19,18,17,14,15,19,18,24,17,19,16,16,16,9,10,17,22,11,9,18,12,8,3,13,11,11,7,8,8,5,4,4,3,7,6,6,7,1,6,4,4,6,1,4,2,3,5,4,3,2,2,2,0,3,2,2,1,2,1,1,1,0,0,0,0,2,1,1,2,0,2,0,0,0,0,0,0,0,0,0,1,1,0,0,0,1,0,0,1,0,0,0,0,0,1,0,0,0,0,0,0,0,0,0,0,0,0,0,0,0,0,0,0,0,0,0,0,0,0,0,0,0,0,0,0,0,0,0,0,0,0,0,0,0,0,0,0,0,0,0,0,0,0,0,0,0,0,0,0,0,0,0
1,0,0,0,0,0,1,1,4,1,3,1,6,7,1,5,2,4,2,2,2,6,9,3,9,14,7,13,12,9,8,12,18,3,13,11,12,13,17,14,20,21,18,10,16,33,20,14,21,20,17,22,17,11,17,17,13,16,15,13,18,12,12,9,13,9,15,17,10,9,2,4,9,6,8,13,4,8,3,8,6,4,10,3,8,3,3,5,6,5,4,2,4,2,3,1,1,2,2,2,2,4,1,0,1,2,1,0,1,1,0,5,3,0,1,0,0,0,1,0,1,1,1,0,0,2,0,1,0,0,0,0,0,1,0,0,0,0,0,0,0,1,0,0,0,0,0,0,0,0,0,0,0,0,0,0,0,0,0,0,0,0,0,0,0,0,0,0,0,0,0,0,0,0,0,0,0,0,0,0,0,0,0,0,0,0,0,0,0,0,0,0,0,0,0,0,0,0,0,0
0,0,0,0,1,0,0,1,5,2,2,1,2,2,2,3,4,6,4,5,5,5,3,7,7,5,5,7,16,8,15,11,13,8,10,13,7,13,11,17,19,19,18,11,21,22,17,16,19,16,13,12,18,10,17,13,11,14,22,15,9,15,11,8,5,15,9,9,13,7,7,8,8,6,7,6,4,1,4,9,4,5,7,2,6,2,5,6,5,5,1,5,0,5,3,2,0,3,2,2,2,0,2,2,3,0,0,2,2,2,1,0,0,1,0,0,0,0,0,0,0,0,1,0,0,0,0,0,0,0,1,0,0,0,0,0,0,0,0,0,0,0,0,0,0,0,0,0,0,0,0,0,0,0,0,0,0,0,0,0,0,0,0,0,0,0,0,0,0,0,0,0,0,0,0,0,0,0,0,0,0,0,0,0,0,0,0,0,0,0,0,0,0,0,0,0,0,0,0,0
1,0,0,0,3,0,0,2,2,3,3,2,4,1,3,6,7,7,4,3,3,6,5,4,3,8,3,5,12,10,7,17,10,9,15,14,15,19,14,12,16,7,12,12,12,17,15,14,20,9,12,9,15,23,6,20,16,13,17,10,17,12,15,16,13,12,5,14,17,14,11,7,9,6,8,3,8,9,3,2,7,5,5,3,4,2,4,3,1,3,2,0,1,2,0,2,0,3,5,1,5,1,0,2,4,3,1,1,0,1,0,2,1,3,1,1,0,0,0,0,1,0,0,0,0,0,0,0,0,0,0,0,0,0,1,0,0,0,0,0,1,0,0,0,0,0,0,0,1,0,0,0,0,0,0,0,0,0,0,0,0,0,0,0,0,0,0,0,0,0,0,0,0,0,0,0,0,0,0,0,0,0,0,0,0,0,0,0,0,0,0,0,0,0,0,0,0,0,0,0
0,0,0,0,1,0,0,2,2,2,6,2,2,2,0,8,4,4,4,5,4,5,3,3,5,11,2,4,6,10,8,17,16,9,9,13,16,8,17,15,22,19,10,18,15,20,15,31,14,13,15,18,14,14,17,20,13,18,14,11,19,11,11,10,5,13,12,7,13,13,5,5,10,6,9,9,7,12,5,5,7,1,2,6,2,4,4,3,3,4,1,4,2,3,3,2,1,2,3,2,2,4,1,1,2,2,1,0,0,3,0,0,0,0,0,2,0,0,0,0,0,1,0,1,0,3,0,1,1,0,1,0,0,0,0,0,0,1,0,0,0,0,0,0,0,0,0,0,0,0,0,0,0,0,0,0,0,0,0,0,0,0,0,0,0,0,0,0,0,0,0,0,0,0,0,0,0,0,0,0,0,0,0,0,0,0,0,0,0,0,0,0,0,0,0,0,0,0,0,0
0,0,0,0,1,0,0,1,0,3,2,0,1,0,1,6,5,8,2,2,5,5,4,7,12,8,3,6,16,8,6,10,12,2,4,16,11,10,12,17,17,14,9,9,18,14,12,14,14,14,20,27,21,19,18,6,11,10,9,15,4,8,7,8,7,12,11,5,9,11,10,17,3,6,6,12,6,5,4,5,4,3,5,8,8,5,4,3,1,4,2,2,3,2,1,3,1,1,1,2,3,0,0,4,0,1,0,2,3,1,2,1,2,2,0,1,1,1,0,0,0,1,1,0,0,0,1,0,0,0,0,0,1,0,0,0,0,0,0,0,1,1,0,0,0,1,0,0,0,0,0,0,0,0,0,0,0,0,0,0,0,0,0,0,0,0,0,0,0,0,0,0,0,0,0,0,0,0,0,0,0,0,0,0,0,0,0,0,0,0,0,0,0,0,0,0,0,0,0,0
0,0,0,0,1,0,0,1,2,1,0,0,1,3,3,2,1,4,7,3,5,6,9,5,11,7,4,6,14,10,11,14,10,11,7,12,13,16,9,14,17,14,8,13,13,20,11,21,18,7,13,22,12,19,10,16,18,19,11,5,16,12,11,7,10,9,10,7,14,5,8,9,6,7,6,4,7,5,5,5,4,7,5,5,1,1,4,3,1,3,0,4,5,1,3,1,1,0,1,0,0,4,1,0,1,3,0,0,2,2,1,1,0,1,0,2,0,1,1,0,0,0,0,1,1,0,0,0,0,0,0,0,0,0,0,0,0,0,0,0,0,0,0,0,0,0,0,0,0,0,0,0,0,0,0,0,0,0,0,0,0,0,0,0,0,0,0,0,0,0,0,0,0,0,0,0,0,0,0,0,0,0,0,0,0,0,0,0,0,0,0,0,0,0,0,0,0,0,0,0
0,0,0,0,0,0,0,3,6,0,3,0,6,3,1,5,1,5,6,5,3,4,6,2,6,8,6,3,9,5,11,7,4,6,11,6,11,11,12,14,25,9,14,14,14,12,18,15,9,7,13,16,16,19,13,17,14,9,10,8,17,11,12,12,6,6,7,11,9,7,10,10,13,7,2,9,3,6,5,5,9,3,3,1,4,3,2,3,4,3,4,2,0,2,2,0,1,4,1,1,1,2,0,0,3,0,0,0,2,0,1,1,1,0,0,1,0,0,0,0,3,0,0,0,0,0,1,0,1,1,0,0,0,0,0,0,0,0,0,0,0,0,0,0,0,0,0,0,0,0,0,0,0,0,0,0,0,0,0,0,0,0,0,0,0,0,0,0,0,0,0,0,0,0,0,0,0,0,0,0,0,0,0,0,0,0,0,0,0,0,0,0,0,0,0,0,0,0,0,0
0,0,0,0,1,0,0,0,2,1,1,0,2,1,1,3,4,2,3,4,7,8,7,7,6,10,11,11,11,11,9,7,7,9,5,9,13,6,11,14,12,9,19,18,15,12,15,22,9,13,13,8,17,15,14,21,17,15,16,12,6,12,7,13,12,14,7,12,9,8,6,4,7,2,7,8,3,9,5,8,4,8,4,4,3,2,3,5,6,1,4,3,0,2,4,2,2,5,0,2,0,0,1,1,1,2,1,3,1,0,1,1,1,1,0,1,0,1,2,1,1,2,0,0,0,0,0,0,1,0,0,0,0,0,0,0,0,0,0,0,1,0,0,1,1,0,0,0,0,0,0,0,0,0,0,0,0,0,0,0,0,0,0,0,0,0,0,0,0,0,0,0,0,0,0,0,0,0,0,0,0,0,0,0,0,0,0,0,0,0,0,0,0,0,0,0,0,0,0,0
2,1,2,0,0,0,0,1,2,1,0,1,2,2,2,5,0,3,2,3,1,6,7,3,5,9,9,6,11,8,10,8,12,7,7,8,13,10,12,12,10,16,8,16,11,9,13,14,18,7,11,13,8,3,14,9,13,13,15,14,13,10,15,18,13,7,11,14,10,9,4,4,5,9,4,5,3,5,7,6,2,5,2,4,3,6,4,4,2,0,1,6,2,1,2,1,4,3,1,0,3,2,3,0,1,2,3,0,0,0,0,0,0,0,0,0,0,0,0,2,0,0,0,1,0,1,0,0,0,0,0,0,0,0,0,0,0,0,0,0,0,1,0,0,0,0,0,0,0,0,0,0,0,0,0,0,0,0,0,0,0,0,0,0,0,0,0,0,0,0,0,0,0,0,0,0,0,0,0,0,0,0,0,0,0,0,0,0,0,0,0,0,0,0,0,0,0,0,0,0
0,1,1,0,2,0,0,2,3,0,0,0,4,2,2,5,3,3,4,2,6,6,4,3,7,4,3,11,12,4,14,9,6,6,1,12,7,19,15,14,15,11,6,12,12,25,15,24,15,14,13,19,15,14,15,18,12,14,13,12,11,9,22,11,3,12,7,5,10,8,11,9,8,9,2,3,2,7,5,2,3,4,3,3,6,6,2,1,3,1,1,3,3,1,0,3,3,2,2,0,1,0,1,0,0,1,0,1,2,1,1,0,0,1,1,0,0,0,1,1,0,0,0,1,0,0,0,0,1,0,1,2,0,0,0,0,1,0,0,0,0,0,0,0,1,0,0,0,0,0,0,0,1,0,0,0,0,0,0,0,0,0,0,0,0,0,0,0,0,0,0,0,0,0,0,0,0,0,0,0,0,0,0,0,0,0,0,0,0,0,0,0,0,0,0,0,0,0,0,0
0,0,1,0,2,0,0,1,3,2,1,0,2,2,3,4,6,4,2,1,4,3,3,5,3,4,4,5,6,6,10,9,10,10,11,5,8,10,9,11,13,11,11,8,10,18,11,13,10,12,20,14,16,14,10,9,11,12,10,12,11,10,14,11,8,4,11,8,10,16,8,5,6,6,5,3,6,5,7,4,4,3,5,3,0,5,2,2,5,0,1,3,1,0,0,2,1,2,1,0,3,0,1,0,1,0,0,0,2,1,2,3,2,1,0,0,0,0,0,1,0,1,0,0,0,0,0,0,1,0,0,0,0,0,0,0,0,0,0,1,0,0,0,0,0,0,0,0,0,0,0,0,0,0,0,0,0,0,0,0,0,0,0,0,0,0,0,0,0,0,0,0,0,0,0,0,0,0,0,0,0,0,0,0,0,0,0,0,0,0,0,0,0,0,0,0,0,0,0,0
0,0,0,0,0,0,0,1,2,3,1,0,1,2,1,4,1,3,2,1,2,2,2,5,5,8,8,7,15,9,14,10,11,8,6,5,4,12,14,21,20,12,13,5,14,9,7,13,16,11,14,13,11,7,6,19,19,16,11,10,15,5,13,8,9,17,7,7,5,10,6,3,4,5,7,5,2,1,4,4,5,4,4,5,2,5,2,2,2,3,3,1,0,0,3,1,3,2,3,0,2,0,0,0,0,2,0,1,2,1,0,0,2,0,0,1,0,0,0,3,1,0,0,1,1,0,0,1,1,0,0,1,0,0,0,0,0,0,0,0,0,1,0,0,0,0,0,0,0,0,0,0,0,0,0,0,0,0,0,0,0,0,0,0,0,0,0,0,0,0,0,0,0,0,0,0,0,0,0,0,0,0,0,0,0,0,0,0,0,0,0,0,0,0,0,0,0,0,0,0
0,0,0,0,0,0,0,0,2,1,0,0,1,1,3,2,1,7,1,1,7,3,9,3,2,8,7,10,17,7,12,8,11,7,7,15,4,7,10,13,10,8,4,9,17,12,10,16,13,8,12,18,13,17,16,9,7,16,17,10,12,8,7,9,7,12,3,8,6,16,8,8,9,4,3,7,1,5,3,1,3,3,6,4,3,7,1,5,2,1,1,2,1,2,1,1,2,2,1,2,0,1,1,0,1,1,1,0,0,0,1,1,1,1,1,0,1,2,0,0,1,0,0,2,0,0,0,0,0,0,0,0,0,0,0,0,0,0,0,0,0,0,0,0,0,0,0,0,0,0,0,0,0,0,0,0,0,0,0,0,0,0,0,0,0,0,0,0,0,0,0,0,0,0,0,0,0,0,0,0,0,0,0,0,0,0,0,0,0,0,0,0,0,0,0,0,0,0,0,0
0,1,0,0,0,0,0,2,2,3,2,0,2,3,0,4,2,4,3,2,3,5,3,3,2,4,6,6,4,12,12,6,11,8,8,9,7,7,12,11,11,12,10,11,11,20,14,17,13,13,10,20,14,12,15,18,12,8,6,19,8,11,13,8,11,8,8,7,7,9,6,10,11,3,4,8,3,4,2,8,5,2,5,5,3,4,5,0,5,3,2,3,4,4,2,0,0,3,0,0,0,2,2,2,1,2,0,0,0,1,1,0,0,2,1,0,1,0,1,0,0,0,0,0,0,0,0,1,0,0,0,0,0,1,0,0,0,0,0,0,0,0,0,0,0,0,0,0,0,0,0,0,0,0,0,0,0,0,0,0,0,0,0,0,0,0,0,0,0,0,0,0,0,0,0,0,0,0,0,0,0,0,0,0,0,0,0,0,0,0,0,0,0,0,0,0,0,0,0,0
0,0,0,1,1,0,0,2,2,2,0,0,1,2,2,6,2,1,0,5,1,3,4,2,7,6,11,5,8,10,4,8,5,8,9,5,8,11,12,14,20,12,8,13,15,17,14,16,7,10,15,11,5,16,7,10,10,19,8,10,13,9,12,14,8,9,12,7,11,7,9,6,3,8,2,3,7,2,2,3,2,3,3,3,3,1,5,4,0,2,1,5,0,1,0,2,0,0,2,3,4,0,1,1,1,1,0,1,0,0,2,0,1,1,0,3,1,0,0,0,0,0,0,0,0,0,0,0,0,0,0,0,0,0,0,0,0,0,0,0,0,0,0,1,0,0,0,0,0,0,0,0,0,0,0,0,0,0,0,0,0,0,0,0,0,0,0,0,0,0,0,0,0,0,0,0,0,0,0,0,0,0,0,0,0,0,0,0,0,0,0,0,0,0,0,0,0,0,0,0
1,1,0,0,2,0,0,0,2,1,0,0,0,2,1,2,5,4,0,3,1,1,5,4,5,7,3,4,5,11,9,9,9,6,5,7,4,11,11,9,18,4,15,12,20,12,8,7,9,9,11,18,5,9,16,14,10,11,14,15,7,14,7,10,2,7,7,6,4,9,6,7,4,7,6,5,3,7,2,2,2,1,5,5,4,3,2,1,2,1,4,2,0,2,1,2,1,1,4,1,2,0,1,0,1,0,1,0,0,2,2,2,2,2,0,1,0,0,0,1,1,0,1,0,1,0,0,0,0,0,0,0,2,0,0,0,0,1,0,0,0,1,0,0,0,0,0,1,0,1,0,0,0,0,0,0,0,0,0,0,0,0,0,0,0,0,0,0,0,0,0,0,0,0,0,0,0,0,0,0,0,0,0,0,0,0,0,0,0,0,0,0,0,0,0,0,0,0,0,0
1,0,0,0,2,1,0,2,4,2,1,0,2,0,0,3,3,2,2,2,3,5,4,4,5,6,4,6,11,8,9,11,9,6,6,11,10,6,13,13,11,9,9,13,12,17,12,13,13,10,14,13,9,6,12,10,10,9,8,3,7,9,3,3,9,13,6,11,11,5,4,5,5,7,4,6,4,7,5,4,2,6,2,3,2,5,2,0,0,1,3,1,0,3,0,1,1,0,0,0,1,1,1,0,3,0,1,2,3,0,0,3,1,0,1,0,1,0,0,0,1,1,0,1,1,0,0,1,1,0,0,0,0,0,0,0,0,0,0,0,0,0,0,0,0,0,0,0,0,0,0,0,0,0,0,0,0,0,0,0,0,0,0,0,0,0,0,0,0,0,0,0,0,0,0,0,0,0,0,0,0,0,0,0,0,0,0,0,0,0,0,0,0,0,0,0,0,0,0,0
0,0,1,0,2,0,0,0,0,0,0,0,2,3,1,2,5,1,0,3,6,5,3,5,9,5,7,11,4,10,10,11,8,6,4,5,6,13,5,14,7,5,7,4,14,11,14,14,12,11,7,10,8,13,8,11,6,8,11,7,5,11,15,10,8,4,8,3,5,5,7,7,7,4,9,6,4,3,5,2,3,5,4,4,4,2,1,5,3,4,1,2,3,4,0,2,1,1,1,3,1,2,2,0,0,0,0,1,1,0,1,1,0,0,2,0,0,0,0,1,0,0,1,0,0,0,0,0,0,1,0,0,1,1,0,0,0,0,0,0,1,0,0,0,0,0,0,0,0,0,0,0,1,0,0,0,0,0,0,0,0,0,0,0,0,0,0,0,0,0,0,0,0,0,0,0,0,0,0,0,0,0,0,0,0,0,0,0,0,0,0,0,0,0,0,0,0,0,0,0
0,0,0,0,1,0,0,1,3,1,0,0,1,2,2,0,2,2,1,6,7,7,5,5,9,4,2,5,7,4,6,6,11,7,8,8,11,5,11,4,11,7,5,9,10,13,15,13,14,8,5,13,10,13,12,19,15,5,5,13,10,8,12,5,3,7,9,4,5,9,6,4,2,3,1,5,3,5,1,2,5,1,3,4,4,4,1,0,0,1,3,1,0,4,2,2,0,0,1,1,2,1,0,0,2,1,0,0,1,0,1,1,0,0,1,0,0,1,0,0,0,0,2,0,0,0,0,0,1,0,0,0,0,0,0,0,0,0,0,0,0,1,0,0,0,0,0,0,0,0,0,0,0,0,0,0,0,0,0,0,0,0,0,0,0,0,0,0,0,0,0,0,0,0,0,0,0,0,0,0,0,0,0,0,0,0,0,0,0,0,0,0,0,0,0,0,0,0,0,0
0,0,0,0,2,1,1,1,1,0,1,0,2,1,2,5,3,4,1,2,0,2,1,3,4,7,5,5,9,6,6,13,8,5,5,10,1,7,16,11,7,13,12,13,9,6,12,8,14,11,3,5,7,11,12,20,13,13,9,10,11,7,6,8,7,8,4,7,6,3,8,5,1,1,7,6,5,3,5,3,1,3,4,2,2,1,1,3,4,3,1,0,1,0,1,1,1,0,3,1,0,2,1,1,0,1,0,0,0,0,2,0,0,1,0,0,1,0,0,1,0,0,0,0,0,1,0,1,0,0,2,0,0,1,0,0,0,0,0,0,0,0,0,0,0,1,0,0,0,0,0,0,0,0,0,0,0,0,0,0,0,0,0,0,0,0,0,0,0,0,0,0,0,0,0,0,0,0,0,0,0,0,0,0,0,0,0,0,0,0,0,0,0,0,0,0,0,0,0,0
0,0,0,1,1,0,0,0,1,0,2,1,1,2,3,2,2,5,3,4,3,2,4,1,6,6,5,5,7,8,7,8,6,4,6,12,12,8,4,15,15,12,8,11,16,13,9,10,5,4,7,8,7,9,10,9,14,11,6,8,11,12,6,3,7,3,4,4,5,7,6,2,3,2,2,6,8,3,3,3,2,2,2,3,4,2,5,1,0,0,3,0,2,5,3,1,0,0,0,1,2,0,2,0,2,0,0,0,2,0,0,0,0,0,2,0,2,0,0,0,1,0,0,0,0,0,0,0,0,0,0,0,0,1,0,0,0,0,0,0,0,0,0,0,0,0,0,0,0,0,0,0,0,0,0,0,0,0,0,0,0,0,0,0,0,0,0,0,0,0,0,0,0,0,0,0,0,0,0,0,0,0,0,0,0,0,0,0,0,0,0,0,0,0,0,0,0,0,0,0
0,0,1,0,1,0,0,2,2,0,1,0,2,2,0,0,0,6,1,3,4,4,6,4,6,3,3,1,11,3,6,9,4,4,5,9,10,10,10,13,8,11,4,11,11,13,7,8,12,10,9,12,13,7,5,7,13,13,6,10,11,9,10,11,11,6,8,4,9,4,4,2,2,5,7,2,7,5,4,3,3,0,1,1,1,4,3,2,2,3,3,1,2,1,1,2,0,0,1,0,0,1,0,0,4,2,0,0,2,0,0,1,0,0,0,0,1,0,0,0,1,0,2,0,0,0,0,0,0,1,0,0,0,0,0,0,0,0,0,0,0,1,0,1,0,0,0,0,0,0,0,0,0,0,0,0,0,0,0,0,0,0,0,0,0,0,0,0,0,0,0,0,0,0,0,0,0,0,0,0,0,0,0,0,0,0,0,0,0,0,0,0,0,0,0,0,0,0,0,0
0,1,0,0,0,0,0,0,1,0,1,1,4,1,1,3,0,1,3,6,1,7,2,1,10,2,3,3,6,4,9,8,5,6,8,7,9,13,11,8,9,15,6,7,11,12,4,10,11,4,7,10,12,9,8,12,3,11,12,9,11,8,6,8,3,4,10,10,6,3,5,6,4,6,2,6,1,2,3,3,3,1,4,3,1,2,5,2,5,0,3,0,2,2,0,0,0,0,1,6,0,1,0,0,1,0,2,0,1,1,0,0,1,1,1,0,0,0,0,0,0,0,0,0,0,0,0,0,0,0,0,1,1,0,0,0,0,0,0,0,1,1,0,0,0,0,0,0,1,0,0,0,0,0,0,0,0,0,0,0,0,0,0,0,0,0,0,0,0,0,0,0,0,0,0,0,0,0,0,0,0,0,0,0,0,0,0,0,0,0,0,0,0,0,0,0,0,0,0,0
1,0,0,0,0,0,0,2,4,0,0,0,2,2,1,2,0,4,2,4,1,1,5,3,7,3,3,2,4,7,10,5,9,4,6,7,4,8,7,10,10,7,8,5,10,13,12,9,8,8,8,17,5,8,6,10,7,13,7,8,5,10,4,5,5,11,4,3,7,2,4,1,8,5,2,4,4,1,6,4,1,4,2,2,0,4,1,1,2,4,1,2,0,2,2,1,3,1,1,1,1,1,0,1,1,0,1,1,1,0,2,0,0,2,0,0,0,0,0,0,0,0,2,1,0,1,0,0,0,0,0,0,0,0,0,0,0,1,0,0,0,0,0,1,0,0,0,0,0,0,0,0,0,0,0,0,0,0,0,0,0,0,0,0,0,0,0,0,0,0,0,0,0,0,0,0,0,0,0,0,0,0,0,0,0,0,0,0,0,0,0,0,0,0,0,0,0,0,0,0
0,0,0,0,1,0,0,2,2,0,3,0,2,0,1,7,0,2,0,5,4,3,2,3,3,5,3,3,6,2,8,7,6,8,5,5,4,3,6,11,9,9,8,8,15,11,1,12,8,9,10,8,12,10,5,10,10,8,8,3,5,4,9,4,7,8,5,5,4,6,8,4,6,8,4,2,1,3,2,3,3,3,9,2,3,3,2,3,2,1,0,3,2,2,2,0,1,1,0,0,3,0,1,2,0,0,1,1,0,0,0,0,1,0,0,1,0,0,0,0,1,0,0,1,0,1,0,0,0,0,0,0,0,0,0,0,0,0,0,0,0,0,0,0,0,0,0,0,0,0,0,0,0,0,0,0,0,0,0,0,0,0,0,0,0,0,0,0,0,0,0,0,0,0,0,0,0,0,0,0,0,0,0,0,0,0,0,0,0,0,0,0,0,0,0,0,0,0,0,0
0,0,0,0,1,1,0,1,4,2,0,0,0,3,3,3,2,1,0,2,2,3,4,1,3,4,4,5,8,5,8,1,7,8,8,6,6,6,8,9,9,6,11,9,8,8,10,3,8,10,8,11,9,6,13,9,9,8,6,7,6,18,4,5,8,4,10,10,6,7,5,4,6,3,4,4,3,0,3,4,2,5,5,1,1,3,2,0,2,3,0,2,0,2,1,0,1,0,0,2,0,2,0,0,1,0,0,0,0,0,0,1,0,0,0,0,0,0,0,1,1,0,0,0,1,0,0,0,0,0,0,1,0,0,1,0,0,0,0,0,0,0,0,0,0,0,0,0,0,0,0,0,0,0,0,0,0,0,0,0,0,0,0,0,0,0,0,0,0,0,0,0,0,0,0,0,0,0,0,0,0,0,0,0,0,0,0,0,0,0,0,0,0,0,0,0,0,0,0,0
0,0,0,0,0,0,0,0,0,1,0,1,2,1,2,3,3,1,2,2,2,7,3,1,6,2,6,4,12,8,8,3,5,8,9,9,11,9,8,9,8,8,9,9,13,6,7,9,14,10,9,13,12,8,5,7,8,3,6,5,9,7,6,8,1,2,2,8,4,4,5,6,4,8,6,2,1,4,2,1,5,1,5,3,1,3,2,1,1,4,1,4,1,2,0,2,0,3,2,1,0,1,1,0,0,0,0,2,0,0,0,2,0,0,0,0,0,0,2,0,0,0,0,0,0,0,0,0,1,1,0,0,0,0,0,0,0,0,0,1,0,1,0,0,0,0,0,0,0,0,0,0,0,0,0,0,0,0,0,0,0,0,0,0,0,0,0,0,0,0,0,0,0,0,0,0,0,0,0,0,0,0,0,0,0,0,0,0,0,0,0,0,0,0,0,0,0,0,0,0
0,0,0,0,0,0,0,2,0,0,0,0,1,2,2,1,1,3,0,3,0,0,7,1,3,8,4,5,12,2,5,2,10,3,5,5,6,10,11,9,13,3,5,4,10,4,7,11,8,4,9,5,9,11,8,15,11,8,7,9,6,10,5,9,6,6,4,5,4,5,6,4,8,6,3,3,1,2,5,2,5,1,3,1,2,3,2,2,3,2,0,0,0,1,2,2,0,1,0,2,1,0,3,2,2,0,0,1,0,0,0,0,1,0,0,1,0,0,0,0,0,0,0,1,0,1,0,0,0,0,0,0,0,0,0,0,0,0,0,0,0,0,0,0,0,0,0,0,0,0,0,0,0,0,0,0,0,0,0,0,0,0,0,0,0,0,0,0,0,0,0,0,0,0,0,0,0,0,0,0,0,0,0,0,0,0,0,0,0,0,0,0,0,0,0,0,0,0,0,0
0,0,0,0,0,0,0,0,0,0,1,1,0,0,1,4,2,1,1,3,3,5,3,4,4,5,7,4,5,3,7,4,3,3,6,4,3,6,11,11,8,11,5,10,6,8,12,6,6,7,8,7,9,10,5,7,8,7,5,6,7,5,6,4,17,8,1,6,3,8,4,2,3,3,5,6,2,6,2,4,4,1,2,1,2,3,1,0,3,1,1,4,1,1,1,0,0,0,0,1,0,1,1,0,3,0,0,0,0,0,0,0,1,0,0,0,0,0,0,1,0,0,0,1,0,1,0,0,1,0,0,0,0,0,0,0,0,0,0,0,1,0,0,1,0,0,0,0,0,0,0,0,0,0,0,0,0,0,0,0,0,0,0,0,0,0,0,0,0,0,0,0,0,0,0,0,0,0,0,0,0,0,0,0,0,0,0,0,0,0,0,0,0,0,0,0,0,0,0,0
0,0,0,0,1,0,0,0,0,2,1,1,2,3,0,2,1,3,0,5,1,2,5,2,1,2,4,7,9,7,2,5,5,3,6,5,2,4,8,4,8,7,6,6,12,5,11,11,6,7,14,9,6,5,9,7,13,2,4,5,5,1,2,9,6,4,5,5,4,4,6,4,11,5,5,2,1,0,2,2,0,2,2,2,0,1,2,3,0,0,1,3,1,0,2,2,0,0,2,1,0,1,2,0,0,0,0,1,0,1,0,2,0,0,0,0,0,0,0,0,0,0,0,0,0,0,0,0,0,1,0,0,1,0,0,0,0,0,0,0,0,0,0,0,0,0,0,0,0,0,0,0,0,0,0,0,0,0,0,0,0,0,0,0,0,0,0,0,0,0,0,0,0,0,0,0,0,0,0,0,0,0,0,0,0,0,0,0,0,0,0,0,0,0,0,0,0,0,0,0
0,0,0,0,0,0,1,3,3,2,2,1,2,1,0,4,3,1,1,0,1,2,4,3,5,6,5,4,5,3,6,5,5,7,3,5,4,8,9,9,6,9,7,9,7,7,3,8,11,5,6,11,9,10,9,12,6,8,9,3,9,9,8,13,10,8,4,2,3,2,7,2,4,5,4,5,1,2,0,3,1,2,0,4,1,0,7,1,2,2,1,2,0,1,0,0,1,1,0,1,1,1,1,0,0,3,0,3,0,0,0,1,0,0,0,0,0,1,0,0,0,0,1,0,0,0,0,0,0,0,0,0,1,1,0,0,0,0,0,0,1,0,0,0,0,0,0,0,0,0,0,0,0,0,0,0,0,0,0,0,0,0,0,0,0,0,0,0,0,0,0,0,0,0,0,0,0,0,0,0,0,0,0,0,0,0,0,0,0,0,0,0,0,0,0,0,0,0,0,0
1,0,0,0,1,0,0,1,2,2,0,0,3,0,2,4,2,0,0,1,3,4,4,7,2,5,2,5,6,3,6,7,5,4,6,6,5,6,11,7,10,7,9,7,4,8,7,7,10,7,5,9,6,6,12,3,8,6,9,4,2,4,6,6,11,5,5,5,9,5,2,2,5,3,4,2,2,1,5,3,4,3,3,1,3,0,1,1,1,3,0,0,1,1,0,0,2,1,0,0,1,1,0,0,0,0,0,0,0,0,1,1,0,0,0,2,0,0,1,0,0,0,0,1,0,0,0,0,0,0,0,0,0,0,0,1,0,0,0,0,0,0,0,0,0,0,0,0,0,0,0,0,1,0,0,0,0,0,0,0,0,0,0,0,0,0,0,0,0,0,0,0,0,0,0,0,0,0,0,0,0,0,0,0,0,0,0,0,0,0,0,0,0,0,0,0,0,0,0,0
0,0,0,0,0,0,0,1,4,0,0,1,0,1,1,2,1,2,1,1,1,2,2,0,2,5,5,3,4,4,5,4,3,4,2,6,4,9,2,8,5,9,7,8,7,4,9,5,7,8,12,10,9,8,7,6,5,8,9,6,5,11,4,5,4,3,3,6,6,2,6,4,2,1,5,3,4,1,3,6,3,4,2,0,5,5,2,1,1,2,0,1,2,0,0,1,1,2,0,0,1,1,0,0,2,0,0,0,0,1,1,2,0,0,0,1,0,0,1,0,0,0,0,2,0,0,0,0,0,0,0,0,0,0,0,0,0,0,0,0,0,0,0,0,0,0,0,0,0,0,0,0,1,0,0,0,0,0,0,0,0,0,0,0,0,0,0,0,0,0,0,0,0,0,0,0,0,0,0,0,0,0,0,0,0,0,0,0,0,0,0,0,0,0,0,0,0,0,0,0
0,0,0,0,0,0,0,0,0,0,0,0,1,1,2,2,1,5,0,3,1,4,3,1,8,5,7,3,7,0,7,4,3,2,4,7,6,5,5,8,8,4,4,6,7,9,6,8,10,6,12,3,4,7,8,8,6,1,8,7,8,5,6,6,1,6,5,8,6,4,4,2,2,2,5,4,2,4,4,3,2,1,2,3,2,0,1,0,2,1,2,0,1,1,1,0,1,0,1,1,0,0,0,0,1,0,0,1,0,0,1,0,0,0,0,0,0,0,1,0,0,0,0,1,0,0,0,0,0,0,0,0,0,0,0,0,0,0,0,0,0,0,0,0,0,0,0,0,1,0,0,0,0,0,0,0,0,0,0,0,0,0,0,0,0,0,0,0,0,0,0,0,0,0,0,0,0,0,0,0,0,0,0,0,0,0,0,0,0,0,0,0,0,0,0,0,0,0,0,0
0,0,0,0,0,0,0,0,1,0,0,0,1,2,0,1,3,1,1,4,4,0,3,1,5,3,1,5,8,5,4,5,11,5,6,4,5,4,5,7,5,7,13,6,4,6,7,4,7,4,7,6,11,12,3,12,7,6,3,4,3,6,1,8,4,4,2,0,4,2,4,2,2,3,5,4,1,2,1,0,7,3,3,2,0,2,1,1,1,1,1,0,3,1,1,1,2,3,1,2,1,0,1,0,2,0,0,0,0,0,0,1,0,0,0,1,0,0,0,0,0,0,1,1,0,1,0,0,0,0,0,0,0,0,0,0,0,0,0,0,0,0,0,0,1,0,0,1,0,0,0,0,0,0,0,0,0,0,0,0,0,0,0,0,0,0,0,0,0,0,0,0,0,0,0,0,0,0,0,0,0,0,0,0,0,0,0,0,0,0,0,0,0,0,0,0,0,0,0,0
0,0,1,0,1,0,0,1,2,1,0,1,2,1,0,0,0,0,1,1,5,2,4,0,3,3,1,3,2,7,3,6,2,3,2,5,3,4,6,4,4,7,5,9,7,5,3,10,3,4,4,5,2,3,3,4,6,9,2,4,5,8,6,6,6,1,2,4,3,0,1,6,7,8,6,3,4,2,3,1,1,2,0,0,2,0,3,1,1,0,0,0,1,0,2,1,2,2,1,2,0,0,0,1,0,1,1,1,0,0,1,0,0,0,1,1,2,0,0,0,0,0,0,1,0,0,0,0,0,0,0,0,1,0,0,0,0,0,0,0,0,0,0,0,0,0,0,0,0,0,0,0,0,0,0,0,0,0,0,0,0,0,0,0,0,0,0,0,0,0,0,0,0,0,0,0,0,0,0,0,0,0,0,0,0,0,0,0,0,0,0,0,0,0,0,0,0,0,0,0
0,0,1,0,2,0,0,0,2,1,1,0,0,2,0,3,1,6,1,5,2,2,3,2,4,4,0,0,6,1,4,4,6,7,7,4,6,10,5,6,12,12,3,2,9,6,4,8,7,7,8,5,8,2,8,2,10,6,8,3,7,7,3,6,8,5,6,8,6,1,2,2,4,3,2,4,2,1,3,3,0,1,2,0,1,1,2,0,0,1,1,0,1,1,1,0,1,1,0,0,0,0,0,0,0,0,0,0,1,0,0,2,0,0,0,0,0,0,0,0,0,0,0,0,0,0,0,0,0,0,0,0,1,0,0,0,0,0,0,1,0,0,0,0,0,0,0,0,0,0,0,0,0,0,0,0,0,0,0,0,0,0,0,0,0,0,0,0,0,0,0,0,0,0,0,0,0,0,0,0,0,0,0,0,0,0,0,0,0,0,0,0,0,0,0,0,0,0,0,0
0,0,0,0,2,0,0,0,0,0,0,0,0,1,0,0,3,2,0,3,4,0,1,2,1,3,3,1,4,4,4,1,1,2,2,4,5,7,10,3,7,9,8,2,6,11,6,10,5,4,9,12,9,3,7,4,7,6,3,6,4,11,5,7,5,2,4,3,6,6,1,6,3,3,2,3,2,1,0,3,1,1,2,1,2,2,1,2,2,1,1,1,0,0,2,0,2,2,1,0,0,1,0,1,0,0,1,1,0,1,0,0,0,0,0,0,0,0,0,0,0,0,0,0,0,0,0,0,0,0,0,0,0,1,0,0,0,1,0,0,0,1,0,0,0,0,0,1,0,0,0,0,0,0,0,0,0,0,0,0,0,1,0,0,0,0,0,0,0,0,0,0,0,0,0,0,0,0,0,0,0,0,0,0,0,0,0,0,0,0,0,0,0,0,0,0,0,0,0,0
0,0,0,0,0,1,0,1,3,0,1,0,1,1,0,1,1,4,1,3,2,2,3,0,3,3,1,2,7,3,4,2,5,6,3,2,9,4,6,6,7,6,3,10,9,10,4,8,9,6,7,12,7,4,5,11,3,11,8,9,4,1,3,1,3,5,2,1,3,3,7,4,1,2,6,0,4,0,5,1,1,1,3,1,3,1,3,0,0,1,2,1,1,1,3,1,2,2,0,0,0,1,0,0,0,1,0,1,0,1,1,0,0,1,0,0,0,1,1,0,0,0,1,0,0,1,0,0,2,0,0,0,0,0,1,0,0,0,0,0,0,0,0,0,0,0,0,0,0,0,0,0,0,0,0,0,0,0,0,0,0,0,0,0,0,0,0,0,0,0,0,0,0,0,0,0,0,0,0,0,0,0,0,0,0,0,0,0,0,0,0,0,0,0,0,0,0,0,0,0
0,0,1,0,0,1,0,0,0,0,1,0,0,2,0,1,3,0,1,1,1,3,2,1,4,5,2,3,3,3,7,3,3,0,2,7,9,4,5,6,3,10,9,9,5,7,5,5,7,3,6,6,7,5,7,3,6,12,4,3,4,3,4,8,3,4,8,3,3,3,3,4,2,4,2,2,4,0,0,1,2,3,2,2,3,2,1,0,1,2,4,2,0,0,2,0,0,1,0,2,0,0,0,0,0,0,0,2,0,1,0,1,0,1,0,0,0,0,1,0,0,1,0,0,0,0,0,1,0,0,0,0,0,0,0,0,0,0,0,0,0,0,0,0,0,0,0,0,0,0,0,0,0,0,0,0,1,0,0,0,0,0,0,0,0,0,0,0,0,0,0,0,0,0,0,0,0,0,0,0,0,0,0,0,0,0,0,0,0,0,0,0,0,0,0,0,0,0,0,0
0,0,1,0,0,0,0,0,2,1,0,0,1,0,0,3,3,6,2,2,2,1,5,5,2,3,1,3,7,3,5,5,5,4,5,10,5,7,4,6,9,5,5,8,2,3,5,3,7,7,6,8,4,8,3,6,9,5,3,9,4,7,4,2,5,3,4,4,5,3,7,3,4,4,0,3,2,3,2,2,0,2,0,2,2,3,2,3,2,0,1,1,1,0,1,1,1,0,0,0,0,0,0,0,0,1,0,1,0,0,0,0,0,0,1,0,0,0,0,0,1,0,1,0,0,0,0,0,0,0,0,0,0,0,0,0,0,0,0,0,0,0,0,0,0,0,0,0,0,0,0,0,0,0,0,0,0,0,0,0,0,0,0,0,0,0,0,0,0,0,0,0,0,0,0,0,0,0,0,0,0,0,0,0,0,0,0,0,0,0,0,0,0,0,0,0,0,0,0,0
0,1,0,0,0,0,0,1,0,0,0,1,0,2,0,1,0,6,0,1,2,1,3,0,5,4,4,4,5,1,5,5,3,3,1,7,2,10,3,6,7,7,8,7,8,9,7,7,9,9,4,6,2,8,2,6,5,5,11,9,6,5,8,7,1,4,6,4,2,6,3,3,2,3,2,3,1,0,2,0,0,3,4,3,1,3,2,1,1,1,2,0,1,1,3,0,1,3,0,0,0,0,0,2,1,0,1,0,0,1,0,0,0,0,0,0,0,0,0,0,1,1,0,1,0,1,0,0,0,0,0,0,0,0,0,0,0,0,0,0,0,0,1,0,0,0,0,0,0,0,0,0,0,0,0,0,0,0,0,0,0,0,0,0,0,0,0,0,0,0,0,0,0,0,0,0,0,0,0,0,0,0,0,0,0,0,0,0,0,0,0,0,0,0,0,0,0,0,0,0
0,0,0,0,1,0,0,0,1,1,0,0,2,1,1,1,3,1,1,3,4,3,2,0,3,6,1,2,4,3,1,2,6,3,3,1,3,3,6,4,4,3,5,4,8,8,5,5,4,7,8,3,7,3,3,6,2,3,5,4,4,8,7,3,3,6,1,2,6,5,3,2,3,3,2,0,2,2,3,0,1,1,2,1,1,4,1,1,1,3,3,1,0,0,0,1,0,0,2,0,0,1,0,0,0,1,0,0,0,0,0,0,1,1,0,0,2,0,0,0,0,0,0,0,0,0,0,0,1,0,0,0,0,0,0,0,0,0,0,0,0,0,0,0,0,0,0,0,0,0,0,0,0,0,0,0,0,0,0,0,0,0,0,0,0,0,0,0,0,0,0,0,0,0,0,0,0,0,0,0,0,0,0,0,0,0,0,0,0,0,0,0,0,0,0,0,0,0,0,0
0,0,0,0,0,0,0,2,2,1,1,0,1,2,0,2,1,1,1,3,2,3,2,2,4,2,5,2,6,0,5,2,2,4,2,4,3,7,4,2,5,3,2,5,5,5,4,10,7,9,9,4,4,5,5,4,5,7,10,7,5,7,3,5,6,6,0,7,0,6,3,2,5,2,2,1,5,2,1,1,2,1,0,3,1,3,2,0,3,1,0,0,1,2,0,1,1,0,1,0,2,1,1,0,1,0,1,0,0,1,1,0,1,0,0,0,0,0,0,0,0,0,1,0,0,0,0,0,1,0,0,0,0,0,0,0,0,0,0,0,0,0,0,0,0,0,0,0,1,1,0,0,0,0,0,0,0,0,0,0,0,0,0,0,0,0,0,0,0,0,0,0,0,0,0,0,0,0,0,0,0,0,0,0,0,0,0,0,0,0,0,0,0,0,0,0,0,0,0,0
0,0,0,0,2,0,1,1,1,0,0,0,2,0,0,2,5,2,1,1,2,0,3,5,7,1,6,1,3,2,2,7,3,2,3,4,2,6,9,4,7,7,8,4,6,5,5,7,3,2,1,5,3,9,3,4,5,5,12,5,6,3,3,0,6,4,2,4,1,3,0,3,2,1,4,2,3,3,0,3,1,2,1,2,2,1,1,1,0,2,0,1,2,0,0,2,1,1,0,1,0,0,0,0,0,0,1,0,0,0,0,0,0,0,0,0,1,0,0,0,0,0,0,0,0,0,0,0,0,0,0,0,0,0,0,0,0,0,0,0,0,0,0,0,0,0,0,0,0,0,0,0,0,0,0,0,0,0,0,0,0,0,0,0,0,0,0,0,0,0,0,0,0,0,0,0,0,0,0,0,0,0,0,0,0,0,0,0,0,0,0,0,0,0,0,0,0,0,0,0
0,0,0,0,0,0,1,1,1,0,0,1,1,1,0,0,1,0,0,2,4,2,2,2,4,2,4,3,3,3,4,4,4,2,2,3,3,6,7,4,3,2,6,5,5,11,4,3,4,6,2,6,7,6,5,7,5,8,4,7,2,2,6,10,3,3,4,0,3,1,3,4,1,2,2,0,2,1,0,1,2,1,1,1,1,1,0,1,1,1,0,2,0,1,0,0,1,2,0,2,0,0,0,0,0,0,0,1,0,0,0,2,0,0,0,0,0,0,0,0,0,0,0,0,1,0,0,0,0,0,1,0,0,0,0,0,0,0,0,0,0,0,0,0,0,0,0,0,0,0,0,0,0,0,0,0,0,0,0,0,0,0,0,0,0,0,0,0,0,0,0,0,0,0,0,0,0,0,0,0,0,0,0,0,0,0,0,0,0,0,0,0,0,0,0,0,0,0,0,0
0,0,0,0,1,0,0,1,0,0,0,0,1,1,0,3,2,2,2,1,1,1,0,0,4,4,3,2,2,4,3,1,6,3,4,2,4,5,3,9,4,4,4,4,5,5,4,4,4,6,5,2,4,5,5,8,5,4,5,7,3,3,2,4,3,4,3,3,2,4,5,4,1,3,1,1,1,2,0,1,2,1,1,0,2,1,1,0,1,0,2,1,1,0,0,0,0,0,0,0,1,0,0,0,1,1,0,2,0,0,0,0,0,2,0,0,0,0,0,0,0,0,0,0,0,0,0,0,0,0,0,0,0,0,0,0,0,0,0,0,0,0,0,0,0,0,0,0,0,0,0,0,0,0,0,0,0,0,0,0,0,0,0,0,0,0,0,0,0,0,0,0,0,0,0,0,0,0,0,0,0,0,0,0,0,0,0,0,0,0,0,0,0,0,0,0,0,0,0,0
0,0,0,0,1,0,0,0,1,0,0,0,1,2,0,1,2,0,1,2,3,1,1,1,1,4,4,0,1,3,2,3,1,2,1,6,2,5,5,7,11,5,6,7,5,6,2,5,2,2,5,3,7,3,6,7,3,4,6,3,5,5,3,7,4,5,6,5,1,3,3,3,4,0,2,3,1,2,1,1,0,1,4,3,0,3,0,0,1,1,1,1,0,0,1,1,1,0,0,0,0,0,0,1,0,0,1,0,0,0,1,0,1,0,0,0,0,0,0,1,0,0,0,0,0,0,1,0,0,0,0,0,0,0,0,0,0,0,1,0,0,0,2,0,0,0,0,0,0,0,0,0,0,0,0,0,0,0,0,0,0,0,0,0,0,0,0,0,0,0,0,0,0,0,0,0,0,0,0,0,0,0,0,0,0,0,0,0,0,0,0,0,0,0,0,0,0,0,0,0
0,0,0,0,0,0,0,1,0,1,0,0,1,1,0,0,0,1,0,0,4,2,3,1,4,1,1,1,7,3,10,4,4,2,3,1,4,2,4,3,6,5,7,5,6,9,4,4,6,4,1,4,4,6,7,4,6,4,3,5,4,1,2,3,3,2,3,1,3,3,5,2,3,2,1,3,3,2,0,1,2,1,2,1,1,1,0,1,2,0,0,1,1,2,0,0,0,2,1,1,0,0,1,0,0,1,0,0,0,0,0,0,0,0,1,0,0,0,0,0,0,0,0,0,0,0,0,0,0,0,0,0,0,0,1,0,0,0,0,0,0,0,0,0,0,0,0,0,0,0,0,0,0,0,0,0,0,0,0,0,0,0,0,0,0,0,0,0,0,0,0,0,0,0,0,0,0,0,0,0,0,0,0,0,0,0,0,0,0,0,0,0,0,0,0,0,0,0,0,0
0,0,0,0,0,0,0,0,2,0,1,0,1,0,0,1,0,1,0,3,1,1,2,1,5,3,3,0,4,3,0,2,2,1,3,2,2,8,8,7,6,3,8,7,5,7,3,5,5,5,5,2,1,6,8,4,3,4,4,5,6,7,2,4,3,2,4,2,4,1,4,5,4,2,3,2,2,3,2,0,1,4,0,2,1,1,1,1,2,0,1,0,0,1,0,0,0,1,1,2,2,0,2,0,1,0,0,1,0,0,0,0,1,1,1,0,0,0,0,0,0,1,0,0,0,0,0,0,0,0,0,0,0,0,0,0,0,0,0,0,0,0,0,0,0,0,0,0,0,0,0,0,0,0,0,0,0,0,0,0,0,0,0,0,0,0,0,0,0,0,0,0,0,0,0,0,0,0,0,0,0,0,0,0,0,0,0,0,0,0,0,0,0,0,0,0,0,0,0,0
0,0,1,0,1,0,0,1,0,0,1,0,0,0,1,2,1,0,1,3,1,2,2,2,1,0,2,3,3,2,2,0,3,1,2,8,4,4,3,7,5,3,4,3,4,4,3,5,4,5,5,6,4,4,2,2,3,3,3,3,4,1,4,5,2,2,4,2,2,0,2,2,2,1,1,1,1,3,0,1,0,3,2,1,0,1,0,0,2,2,1,1,1,0,0,0,0,0,1,0,0,1,0,1,0,0,0,1,0,0,0,0,0,1,0,1,0,0,0,0,0,0,0,0,1,0,0,0,0,0,0,0,0,0,0,0,0,0,0,0,0,1,0,0,0,0,0,0,0,0,0,0,0,0,0,0,0,0,0,0,0,0,0,0,0,0,0,0,0,0,0,0,0,0,0,0,0,0,0,0,0,0,0,0,0,0,0,0,0,0,0,0,0,0,0,0,0,0,0,0
0,0,0,0,0,0,0,0,1,0,0,0,0,0,1,0,1,1,0,0,2,1,3,0,0,1,2,4,6,2,0,3,4,2,3,0,4,3,2,4,3,2,2,12,3,5,3,5,5,7,6,7,1,6,6,6,2,7,1,4,1,2,2,2,1,5,2,1,0,0,2,2,3,1,2,1,0,1,1,2,1,0,0,0,1,0,0,1,2,0,0,1,0,0,0,0,0,0,1,0,1,0,0,0,1,0,0,0,0,0,0,0,1,0,1,1,0,1,0,0,1,0,0,0,0,0,1,0,0,0,0,0,0,0,0,0,0,1,0,0,0,0,0,0,0,0,0,0,0,0,0,0,0,0,0,0,0,0,0,0,0,0,0,0,0,0,0,0,0,0,0,0,0,0,0,0,0,0,0,0,0,0,0,0,0,0,0,0,0,0,0,0,0,0,0,0,0,0,0,0
0,0,0,0,1,1,0,0,0,0,1,0,1,0,1,1,2,2,0,0,2,1,3,2,6,2,2,4,4,0,3,5,4,3,3,4,4,5,3,3,4,4,2,8,2,4,2,4,5,6,6,2,4,2,2,1,1,2,1,1,4,3,3,5,3,4,1,2,5,2,2,2,2,3,0,4,2,3,1,4,1,0,0,2,1,1,1,2,1,0,0,0,0,0,0,3,0,1,0,0,0,1,0,1,1,0,0,0,2,0,0,0,1,0,0,0,0,0,0,0,0,0,0,0,0,0,0,0,0,0,0,0,0,0,0,0,0,0,0,0,0,0,0,0,0,0,0,0,0,0,0,0,0,0,0,0,0,0,0,0,0,0,0,0,0,0,0,0,0,0,0,0,0,0,0,0,0,0,0,0,0,0,0,0,0,0,0,0,0,0,0,0,0,0,0,0,0,0,0,0
0,0,0,0,0,0,0,2,0,0,0,0,0,1,1,0,1,1,1,2,1,1,0,0,1,4,1,1,5,2,4,3,3,4,4,4,2,3,1,2,3,2,3,4,6,3,4,0,11,6,2,2,5,3,4,2,3,4,2,4,1,3,5,4,3,3,4,3,3,0,4,0,4,1,1,2,0,1,2,0,1,0,1,0,1,3,0,1,0,1,0,2,0,3,0,1,0,1,0,1,1,0,0,1,0,0,0,0,0,0,0,0,0,0,0,1,0,0,0,1,0,0,0,0,0,0,0,0,2,0,0,0,0,0,0,0,0,0,0,0,0,0,0,0,0,0,0,0,0,0,0,0,0,0,0,0,0,0,0,0,0,0,0,0,0,0,0,0,0,0,0,0,0,0,0,0,0,0,0,0,0,0,0,0,0,0,0,0,0,0,0,0,0,0,0,0,0,0,0,0
0,0,0,0,0,0,0,0,0,1,0,0,2,0,2,0,0,3,1,0,3,1,1,2,2,2,1,1,7,2,3,2,3,4,5,2,3,7,2,5,3,6,4,3,4,4,4,4,4,0,3,5,6,1,6,6,3,2,6,4,1,2,5,5,3,1,2,4,0,3,5,0,2,2,8,2,3,1,1,1,4,3,2,1,3,1,2,0,1,0,1,2,0,0,2,1,0,0,0,2,0,1,0,0,0,0,0,0,0,1,0,0,0,0,0,0,0,0,0,0,0,0,0,1,0,0,0,0,0,0,0,0,0,0,0,0,0,0,0,0,0,0,0,0,0,0,0,0,0,0,0,0,0,0,0,0,0,0,0,0,0,0,0,0,0,0,0,0,0,0,0,0,0,0,0,0,0,0,0,0,0,0,0,0,0,0,0,0,0,0,0,0,0,0,0,0,0,0,0,0
0,0,0,0,0,0,1,1,0,1,0,0,0,0,2,0,1,3,1,1,4,1,1,0,2,1,1,1,3,6,2,1,1,1,5,3,0,2,3,1,0,5,3,4,4,1,3,2,3,3,4,6,6,4,1,3,4,1,2,4,2,3,1,5,1,1,1,3,4,3,4,1,2,1,4,2,1,3,0,1,1,2,2,1,1,1,0,1,0,0,0,0,1,1,1,0,0,0,0,1,0,0,0,0,0,1,0,0,0,1,0,1,0,0,0,0,0,0,0,0,0,0,0,0,0,0,0,1,0,1,0,0,0,0,0,0,0,0,0,0,0,0,0,0,0,0,0,0,0,0,0,0,0,0,0,0,0,0,0,0,0,0,0,0,0,0,0,0,0,0,0,0,0,0,0,0,0,0,0,0,0,0,0,0,0,0,0,0,0,0,0,0,0,0,0,0,0,0,0,0
0,0,0,0,0,0,0,1,0,0,0,1,2,0,0,0,1,1,0,2,1,1,1,0,2,0,2,0,4,4,2,3,2,0,4,4,0,2,1,1,5,3,2,1,3,6,8,2,2,3,4,4,6,5,5,8,3,5,4,5,5,4,2,6,2,2,3,3,2,0,2,2,0,6,1,4,3,0,1,4,0,3,2,1,0,1,1,0,1,0,0,1,0,1,0,0,0,1,1,1,0,0,1,0,0,0,0,0,0,0,0,0,0,0,1,0,0,0,0,2,0,0,0,0,0,0,0,0,0,0,0,0,0,0,0,0,0,0,0,0,0,0,0,0,0,0,0,0,0,0,0,0,0,0,0,0,0,0,0,0,0,0,0,0,0,0,0,0,0,0,0,0,0,0,0,0,0,0,0,0,0,0,0,0,0,0,0,0,0,0,0,0,0,0,0,0,0,0,0,0
0,0,0,0,0,1,0,0,2,0,1,0,0,1,1,0,3,0,0,2,2,0,1,2,1,3,0,5,4,2,0,3,2,4,2,1,2,4,1,4,4,6,4,2,3,2,3,5,3,4,6,2,4,1,2,5,4,5,4,2,2,3,3,3,3,7,3,2,2,0,2,3,2,2,3,0,1,0,2,1,2,1,1,1,3,1,0,0,0,0,1,1,1,3,2,0,0,0,0,1,0,3,0,0,1,0,0,0,0,0,0,0,1,0,0,0,0,0,0,0,0,0,0,0,0,0,0,0,0,0,0,0,0,0,0,0,0,0,0,0,0,0,0,0,1,0,0,0,0,0,0,0,0,0,0,0,0,0,0,0,0,0,0,0,0,0,0,0,0,0,0,0,0,0,0,0,0,0,0,0,0,0,0,0,0,0,0,0,0,0,0,0,0,0,0,0,0,0,0,0
0,0,0,0,0,0,0,0,2,1,0,0,0,3,1,1,2,0,0,1,2,1,1,2,4,3,3,5,2,0,1,2,3,3,2,2,5,3,3,4,4,2,5,2,4,4,3,3,3,8,4,7,5,4,1,4,8,0,3,3,1,4,3,2,6,2,1,5,1,1,0,2,0,1,0,2,1,1,1,0,3,0,3,0,0,1,2,1,1,0,0,0,0,2,0,2,0,0,0,0,0,0,0,0,0,0,0,1,0,0,1,0,0,1,1,0,0,0,0,0,0,0,0,0,0,0,0,0,1,0,0,0,0,0,0,0,0,0,0,0,1,0,0,0,0,0,0,0,0,0,0,0,0,0,0,0,0,0,0,0,0,0,0,0,0,0,0,0,0,0,0,0,0,0,0,0,0,0,0,0,0,0,0,0,0,0,0,0,0,0,0,0,0,0,0,0,0,0,0,0
0,0,0,0,0,0,0,0,1,0,0,1,0,0,1,1,0,0,0,0,0,4,1,3,4,2,2,1,3,1,4,2,2,1,4,1,2,4,6,3,2,3,5,2,1,3,4,3,3,6,1,6,2,2,1,3,2,2,4,2,2,0,2,5,1,2,8,2,2,0,1,1,2,2,2,2,3,1,1,0,3,1,2,0,0,0,1,0,0,1,0,0,0,0,1,0,0,1,0,1,0,0,0,0,1,1,0,0,0,0,0,0,1,0,0,0,0,0,0,0,0,0,0,0,0,0,0,0,0,0,0,0,0,0,0,0,0,0,0,0,0,0,0,0,0,0,0,0,0,0,0,0,0,0,0,0,0,0,0,0,0,0,0,0,0,0,0,0,0,0,0,0,0,0,0,0,0,0,0,0,0,0,0,0,0,0,0,0,0,0,0,0,0,0,0,0,0,0,0,0
0,0,0,0,0,0,0,1,0,1,1,1,0,0,0,4,0,0,1,0,1,0,1,1,4,2,2,2,3,3,3,1,5,1,4,5,3,1,2,2,3,2,1,3,2,6,3,4,3,4,3,1,1,7,10,4,2,2,4,2,3,0,4,2,3,0,1,2,2,2,0,2,4,3,1,1,1,1,2,0,1,0,1,0,2,1,0,0,0,1,1,2,0,0,0,1,0,1,0,0,0,0,0,0,0,0,0,1,0,0,0,0,0,0,0,0,0,0,1,0,0,0,0,0,0,1,0,0,0,0,0,0,0,0,0,1,0,0,0,0,0,0,0,0,0,0,0,0,0,0,0,0,0,0,0,0,0,0,0,0,0,0,0,0,0,0,0,0,0,0,0,0,0,0,0,0,0,0,0,0,0,0,0,0,0,0,0,0,0,0,0,0,0,0,0,0,0,0,0,0
0,0,0,0,1,0,0,0,0,0,2,0,1,0,0,1,1,2,1,0,0,0,2,1,3,3,1,0,5,1,2,2,1,2,1,0,2,5,5,3,4,4,3,4,1,9,9,5,2,5,3,4,3,6,4,3,3,2,4,2,2,3,5,3,2,2,0,4,1,4,1,1,2,0,2,0,0,2,0,1,1,0,1,1,4,3,1,2,0,0,0,0,0,0,1,0,0,0,1,0,1,0,1,0,0,0,0,0,0,0,0,0,0,0,0,0,0,0,0,0,0,0,0,0,0,1,0,0,0,0,0,0,0,0,0,0,0,0,0,0,0,0,0,0,0,0,0,0,0,0,0,0,0,0,0,0,0,0,0,0,0,0,0,0,0,0,0,0,0,0,0,0,0,0,0,0,0,0,0,0,0,0,0,0,0,0,0,0,0,0,0,0,0,0,0,0,0,0,0,0
0,0,0,0,2,0,0,0,0,0,1,1,1,1,0,0,1,1,0,0,0,2,3,1,0,4,1,3,7,1,1,0,5,3,3,2,3,7,1,3,4,1,2,4,7,4,6,4,1,2,2,5,4,6,3,0,1,2,2,2,2,4,3,3,2,2,2,2,1,2,2,3,0,3,2,0,0,0,0,1,2,2,1,1,1,0,0,3,0,0,0,0,1,0,1,0,0,0,0,0,1,0,0,0,0,0,1,0,0,0,0,1,1,0,0,0,0,0,0,0,0,0,0,1,1,0,0,0,0,0,0,0,0,0,0,0,0,0,0,0,0,0,0,0,0,0,0,0,0,0,0,0,0,0,0,0,0,0,0,0,0,0,0,0,0,0,0,0,0,0,0,0,0,0,0,0,0,0,0,0,0,0,0,0,0,0,0,0,0,0,0,0,0,0,0,0,0,0,0,0
0,0,0,0,0,0,0,0,0,0,0,0,0,1,1,0,0,0,0,0,1,0,1,1,2,4,2,2,6,4,2,6,0,1,0,2,1,3,3,1,2,7,1,4,6,2,1,5,2,3,3,7,3,3,2,3,2,0,1,2,4,4,1,1,2,4,3,4,1,1,2,1,1,0,2,3,1,1,2,2,2,3,3,0,1,1,2,0,0,1,1,0,0,0,0,0,0,0,1,0,0,0,0,0,1,0,0,0,0,0,0,0,0,0,0,0,0,0,0,0,0,1,0,1,0,0,0,0,0,0,0,1,0,0,0,0,0,0,0,0,0,0,0,0,0,0,0,0,0,0,0,0,0,0,0,0,0,0,0,0,0,0,0,0,0,0,0,0,0,0,0,0,0,0,0,0,0,0,0,0,0,0,0,0,0,0,0,0,0,0,0,0,0,0,0,0,0,0,0,0
0,0,0,0,0,0,0,0,0,1,0,1,1,0,0,0,2,2,0,0,2,1,1,1,3,0,0,1,3,2,2,1,1,2,2,1,0,1,2,1,5,2,1,2,3,4,5,2,1,4,0,4,4,3,0,3,1,3,0,3,4,2,3,1,3,0,0,1,2,3,2,1,1,0,2,0,0,4,1,0,0,0,0,0,0,0,0,0,1,0,0,1,0,0,1,0,0,0,1,1,0,0,1,1,0,1,0,1,0,0,0,1,0,0,0,0,1,0,0,0,0,0,0,0,0,0,0,0,0,0,0,0,0,1,0,1,0,0,0,0,0,0,0,0,0,0,0,0,0,0,0,0,0,0,0,0,0,0,0,0,0,0,0,0,0,0,0,0,0,0,0,0,0,0,0,0,0,0,0,0,0,0,0,0,0,0,0,0,0,0,0,0,0,0,0,0,0,0,0,0
0,0,0,0,1,0,0,0,2,0,0,0,0,2,0,1,0,1,1,1,0,0,1,0,2,1,0,1,2,0,0,2,1,1,3,1,2,0,3,1,1,3,1,1,4,4,2,4,3,3,2,3,1,2,4,3,1,3,0,0,1,2,3,1,3,3,1,2,4,4,0,0,3,0,0,1,0,3,1,2,1,1,2,0,3,0,1,1,2,3,0,0,0,1,0,1,0,0,3,0,0,0,0,0,0,0,0,0,1,0,1,1,0,0,0,0,0,0,0,0,0,0,0,0,0,0,0,0,0,0,0,0,0,0,0,0,0,0,0,0,0,0,0,0,0,0,0,0,0,0,0,0,0,0,0,0,0,0,0,0,0,0,0,0,0,0,0,0,0,0,0,0,0,0,0,0,0,0,0,0,0,0,0,0,0,0,0,0,0,0,0,0,0,0,0,0,0,0,0,0
0,0,0,0,0,0,0,1,0,0,1,1,0,1,0,0,1,0,2,3,1,1,2,2,2,1,1,4,2,2,2,5,1,2,1,0,2,1,2,2,5,2,0,2,4,3,2,3,4,0,3,5,4,4,2,4,2,3,1,4,0,5,0,4,3,3,3,1,2,1,0,2,1,1,0,1,1,2,0,0,1,0,1,1,3,1,0,1,0,0,0,0,0,1,0,1,0,0,0,0,0,0,1,0,0,0,0,0,0,0,0,0,0,1,0,0,0,0,0,0,0,1,0,0,0,0,0,0,0,0,0,0,0,1,0,0,0,0,0,0,0,0,0,0,0,0,0,0,0,0,0,0,0,0,0,0,0,0,0,0,0,0,0,0,0,0,0,0,0,0,0,0,0,0,0,0,0,0,0,0,0,0,0,0,0,0,0,0,0,0,0,0,0,0,0,0,0,0,0,0
1,0,0,0,0,0,0,2,0,0,1,0,1,0,0,5,0,5,0,0,1,0,1,2,1,2,0,2,2,1,4,1,3,2,1,1,3,3,4,5,4,1,1,0,1,3,4,3,2,3,4,4,2,5,2,3,2,2,1,3,3,6,2,4,2,4,2,3,0,3,0,1,0,5,0,0,1,1,0,0,1,0,0,0,1,0,1,0,0,0,0,2,1,0,0,0,0,1,2,2,0,0,0,0,1,1,0,0,1,0,0,0,0,0,0,0,0,0,0,0,1,0,0,0,0,0,0,1,0,0,0,0,0,0,0,0,0,0,0,0,0,0,0,0,0,0,0,0,0,0,0,0,0,0,0,0,0,0,0,0,0,0,0,0,0,0,0,0,0,0,0,0,0,0,0,0,0,0,0,0,0,0,0,0,0,0,0,0,0,0,0,0,0,0,0,0,0,0,0,0
0,0,0,0,1,0,0,0,1,1,0,0,0,0,0,1,0,1,0,2,3,1,1,0,1,0,0,1,2,1,0,6,4,3,1,1,2,3,2,1,5,3,5,1,5,3,1,4,3,6,3,4,1,2,1,2,2,2,6,2,1,2,3,2,2,1,3,3,2,2,2,0,1,3,0,1,0,0,0,2,1,3,0,1,1,1,1,1,1,0,0,0,0,0,0,0,0,0,0,0,0,0,0,0,0,0,0,0,1,0,0,0,0,0,0,0,0,1,0,0,1,0,0,0,0,0,0,0,0,0,0,0,0,0,0,0,0,0,0,0,0,0,0,0,0,0,0,0,0,0,0,0,0,0,0,0,0,0,0,0,0,0,0,0,0,0,0,0,0,0,0,0,0,0,0,0,0,0,0,0,0,0,0,0,0,0,0,0,0,0,0,0,0,0,0,0,0,0,0,0
0,0,0,0,0,0,0,3,0,1,0,0,0,1,0,0,0,0,0,1,1,3,1,1,1,0,3,2,2,4,1,0,2,0,4,2,1,2,5,2,3,2,3,3,2,2,3,4,1,4,3,6,4,2,1,4,3,4,0,2,4,1,4,1,0,3,3,1,0,2,0,2,1,1,1,0,3,0,1,0,0,1,1,0,0,0,0,1,0,0,0,1,0,0,0,0,2,0,0,0,1,1,0,0,1,0,0,0,0,0,0,0,0,0,0,0,0,0,0,0,0,0,0,1,0,0,0,0,0,0,0,0,1,0,0,0,0,0,0,0,0,0,0,0,0,0,0,0,0,0,0,0,0,0,0,0,0,0,0,0,0,0,0,0,0,0,0,0,0,0,0,0,0,0,0,0,0,0,0,0,0,0,0,0,0,0,0,0,0,0,0,0,0,0,0,0,0,0,0,0
0,0,0,0,0,0,1,0,1,0,0,0,0,0,0,0,0,0,0,2,0,4,2,0,1,0,0,2,1,3,0,3,1,0,3,0,6,2,3,0,4,3,3,2,2,4,4,4,1,2,2,3,6,4,6,2,2,1,2,8,1,2,1,4,3,4,1,2,2,0,0,0,0,1,0,0,1,0,0,2,1,0,0,1,0,1,0,0,0,0,1,2,0,0,0,0,0,0,0,0,0,0,0,0,0,0,0,0,1,0,0,0,0,0,0,0,0,0,0,1,0,0,1,0,0,0,1,0,0,0,0,0,0,0,0,0,0,0,0,0,0,0,0,0,1,0,0,0,0,0,0,0,0,0,0,0,0,0,0,0,0,0,0,0,0,0,0,0,0,0,0,0,0,0,0,0,0,0,0,0,0,0,0,0,0,0,0,0,0,0,0,0,0,0,0,0,0,0,0,0
0,0,0,0,0,0,0,1,2,0,1,0,0,0,1,0,0,0,0,0,1,0,3,1,1,2,1,0,1,1,3,3,0,2,4,2,2,1,0,2,2,3,2,2,2,3,2,2,1,2,1,2,2,3,7,3,1,2,1,3,1,3,4,0,1,2,5,2,2,0,2,0,1,4,2,0,0,2,1,0,0,0,1,0,0,0,0,0,0,1,1,0,0,0,0,0,0,1,0,0,1,0,0,0,0,0,0,0,1,0,0,0,0,0,0,0,0,0,0,0,0,0,0,0,0,0,0,0,0,0,0,0,0,0,0,0,0,0,0,0,0,0,0,0,0,0,0,0,0,0,0,0,0,0,0,0,0,0,0,0,0,0,0,0,0,0,0,0,0,0,0,0,0,0,0,0,0,0,0,0,0,0,0,0,0,0,0,0,0,0,0,0,0,0,0,0,0,0,0,0
0,0,0,0,0,0,0,0,1,0,0,1,0,1,0,0,0,0,1,0,0,0,0,0,1,1,2,3,2,2,2,2,1,2,3,3,5,1,2,7,3,1,1,2,3,2,5,1,2,1,3,2,3,4,3,2,5,2,1,3,4,3,4,0,3,1,0,0,0,2,2,2,1,0,0,0,1,2,0,0,0,1,0,0,2,0,0,1,0,2,1,0,0,3,0,0,0,2,0,0,0,0,1,0,0,0,0,0,0,0,1,0,0,0,0,0,0,0,0,0,0,0,1,0,0,0,0,0,0,0,0,0,0,0,0,0,0,0,0,0,0,0,0,0,0,0,0,0,1,0,0,0,0,0,0,0,0,0,0,0,0,0,0,0,0,0,0,0,0,0,0,0,0,0,0,0,0,0,0,0,0,0,0,0,0,0,0,0,0,0,0,0,0,0,0,0,0,0,0,0
0,0,0,0,1,0,1,0,0,0,0,0,0,0,0,0,1,2,1,0,0,1,1,2,0,0,1,0,4,2,1,3,3,0,2,0,0,2,3,4,2,3,3,2,4,3,0,2,2,2,3,4,3,2,3,1,1,3,3,2,4,2,1,2,4,4,0,1,0,0,0,1,0,3,0,1,0,0,2,0,0,1,1,0,1,0,1,0,0,0,0,0,0,0,1,1,0,1,0,2,0,1,0,0,1,1,0,1,0,0,0,0,0,0,0,0,0,0,0,0,0,0,0,0,0,0,0,0,0,0,0,0,0,0,0,0,0,0,0,0,0,0,0,0,0,0,0,0,0,0,0,0,0,0,0,0,0,0,0,0,0,0,0,0,0,0,0,0,0,0,0,0,0,0,0,0,0,0,0,0,0,0,0,0,0,0,0,0,0,0,0,0,0,0,0,0,0,0,0,0
0,0,0,0,0,0,0,1,0,0,1,0,1,0,0,0,0,1,0,3,1,1,0,1,2,1,2,1,3,1,4,2,1,2,2,1,3,3,1,3,0,5,2,1,2,1,1,3,0,2,3,3,6,2,0,3,2,1,2,1,5,2,3,0,2,0,1,0,1,1,1,2,1,1,2,3,2,0,1,1,0,0,1,0,2,0,1,0,0,0,0,0,0,0,0,0,0,0,1,0,0,0,0,0,1,0,0,0,0,0,0,0,1,0,0,2,0,0,1,1,0,0,0,0,0,0,0,0,0,0,0,0,0,0,0,0,0,0,0,0,0,1,0,0,0,0,0,0,0,0,0,0,0,0,0,0,0,0,0,0,0,0,0,0,0,0,0,0,0,0,0,0,0,0,0,0,0,0,0,0,0,0,0,0,0,0,0,0,0,0,0,0,0,0,0,0,0,0,0,0
0,0,0,0,0,0,0,1,0,1,0,1,0,0,0,4,0,0,0,2,0,2,1,0,1,0,1,2,4,0,4,3,1,5,2,0,1,5,2,3,1,3,2,1,2,5,3,2,1,2,2,0,2,0,1,2,2,5,1,1,1,3,2,2,2,2,0,1,1,1,1,2,0,0,2,2,0,0,0,1,1,3,1,0,0,0,0,0,0,0,0,0,0,2,0,1,0,0,0,0,1,0,0,1,0,0,0,0,1,1,0,0,0,0,0,0,0,0,0,0,0,0,0,0,0,0,0,0,0,0,0,0,0,0,0,0,0,0,0,0,0,0,0,0,0,0,0,0,0,0,0,0,0,0,0,0,0,0,0,0,0,0,0,0,0,0,0,0,0,0,0,0,0,0,0,0,0,0,0,0,0,0,0,0,0,0,0,0,0,0,0,0,0,0,0,0,0,0,0,0
0,0,0,0,1,0,0,0,0,0,1,1,0,0,0,0,2,0,0,1,0,1,0,1,0,2,0,0,0,1,0,1,2,1,1,1,2,3,2,4,4,5,2,3,7,5,3,3,2,1,5,7,3,2,0,0,4,3,3,1,3,5,5,0,0,1,4,2,1,2,5,0,2,1,0,0,0,1,0,0,1,0,0,0,1,0,0,0,1,0,2,1,0,0,1,1,0,0,1,0,0,0,0,0,1,0,0,1,0,0,0,0,0,1,0,0,0,0,0,0,0,0,0,0,0,0,0,0,0,0,0,0,0,1,0,0,0,0,0,0,0,0,0,0,0,0,0,0,0,0,0,0,0,0,0,0,0,0,0,0,0,0,0,0,0,0,0,0,0,0,0,0,0,0,0,0,0,0,0,0,0,0,0,0,0,0,0,0,0,0,0,0,0,0,0,0,0,0,0,0
0,0,0,0,0,0,0,0,2,1,0,0,0,0,0,1,0,1,0,2,0,1,1,0,2,3,2,1,1,0,0,0,3,1,2,0,0,0,1,1,4,1,2,5,0,2,3,3,4,2,0,2,4,2,3,1,4,2,3,1,2,2,2,2,1,0,0,1,1,1,1,1,1,0,0,1,3,0,2,0,0,1,2,1,1,1,0,0,1,0,1,0,0,0,0,0,2,0,0,0,0,0,1,0,0,0,0,0,0,0,0,0,0,0,0,0,0,0,0,0,0,0,0,0,0,0,0,0,0,0,0,0,0,0,0,0,0,0,0,0,0,0,0,0,0,0,0,0,0,0,0,0,0,0,0,0,0,0,0,0,0,0,0,0,0,0,0,0,0,0,0,0,0,0,0,0,0,0,0,0,0,0,0,0,0,0,0,0,0,0,0,0,0,0,0,0,0,0,0,0
0,0,0,0,0,0,0,0,1,0,0,0,0,0,0,0,0,0,0,0,0,1,0,2,3,2,2,0,1,2,1,2,0,1,2,1,0,0,1,3,3,1,2,3,2,5,1,4,2,2,2,1,5,2,1,1,2,4,4,4,2,2,4,1,3,0,2,1,0,0,0,1,3,0,0,0,0,2,1,1,0,0,1,0,2,0,1,0,0,1,0,0,1,0,0,0,0,0,0,0,0,0,0,0,0,0,0,1,0,0,0,0,0,0,0,0,0,0,0,0,0,0,1,0,0,0,0,2,0,0,0,0,0,0,0,0,0,0,0,0,0,0,0,0,0,0,0,0,0,0,0,0,0,0,0,0,0,0,0,0,0,0,0,0,0,0,0,0,0,0,0,0,0,0,0,0,0,0,0,0,0,0,0,0,0,0,0,0,0,0,0,0,0,0,0,0,0,0,0,0
0,0,0,0,0,0,0,1,0,0,0,0,1,0,0,2,0,0,1,0,2,1,1,1,0,2,1,2,0,1,1,0,1,2,1,1,2,3,3,0,5,3,2,2,3,3,0,2,4,2,4,3,0,3,4,3,1,3,1,1,3,2,0,0,4,2,0,1,0,2,1,1,0,1,0,1,1,0,1,0,1,1,1,1,0,2,0,1,0,1,0,0,2,1,0,0,1,1,2,1,0,0,0,1,0,0,1,0,0,0,0,1,0,0,0,0,0,0,0,0,0,0,0,1,0,0,0,0,0,0,0,0,0,0,0,0,0,1,0,0,0,0,0,0,0,0,0,0,0,0,0,0,0,0,0,0,0,0,0,0,0,0,0,0,0,0,0,0,0,0,0,0,0,0,0,0,0,0,0,0,0,0,0,0,0,0,0,0,0,0,0,0,0,0,0,0,0,0,0,0
0,0,0,0,0,0,0,1,1,0,1,1,0,0,0,0,0,0,0,0,0,0,1,0,3,2,1,3,4,0,1,1,1,3,0,0,0,2,1,0,4,1,1,1,1,3,2,2,2,2,2,3,3,1,4,3,2,4,1,2,3,1,2,2,0,3,2,2,0,0,0,2,2,1,2,0,0,0,0,0,1,1,1,0,0,1,0,1,0,0,0,0,2,0,0,0,0,0,0,0,0,1,0,0,0,0,0,0,0,0,0,0,0,0,0,0,0,0,0,0,0,0,0,0,0,0,0,0,0,0,0,0,0,0,0,0,0,0,0,0,0,0,0,0,0,0,0,0,0,0,0,0,0,0,0,0,0,0,0,0,0,0,0,0,0,0,0,0,0,0,0,0,0,0,0,0,0,0,0,0,0,0,0,0,0,0,0,0,0,0,0,0,0,0,0,0,0,0,0,0
0,0,0,0,0,0,0,0,1,0,1,0,0,1,0,0,0,0,0,0,0,1,3,0,1,1,0,0,3,0,2,1,1,1,2,0,2,2,3,2,3,1,4,2,2,2,2,0,3,2,0,1,1,4,1,1,2,2,0,3,1,2,4,1,1,1,0,2,1,1,1,2,2,1,0,0,1,1,0,0,0,0,0,0,0,0,0,0,0,1,2,0,0,1,0,0,0,0,0,0,1,0,0,0,0,1,0,0,0,0,0,0,0,0,0,0,0,0,0,0,0,0,0,0,0,0,0,1,0,0,0,0,0,0,0,0,0,0,0,0,0,0,0,0,0,0,0,0,0,0,0,0,0,0,0,0,0,0,0,0,0,0,0,0,0,0,0,0,0,0,0,0,0,0,0,0,0,0,0,0,0,0,0,0,0,0,0,0,0,0,0,0,0,0,0,0,0,0,0,0
0,0,0,0,0,1,0,1,0,0,1,0,1,0,0,2,0,1,1,1,3,0,1,0,0,0,0,2,1,2,0,0,3,2,2,1,1,1,3,4,3,4,3,1,0,2,3,2,1,1,2,4,1,2,2,2,2,1,1,0,3,1,6,0,1,1,0,2,0,2,1,1,4,0,0,4,2,0,1,0,1,0,0,0,0,0,0,0,0,0,0,1,0,0,0,0,0,0,1,0,0,0,1,0,0,0,0,0,0,0,0,0,0,0,1,1,0,0,0,0,0,0,0,0,0,0,0,0,0,0,0,0,1,0,0,0,0,0,0,0,0,0,0,0,0,0,0,0,0,0,0,0,0,0,0,0,0,0,0,0,0,0,0,0,0,0,0,0,0,0,0,0,0,0,0,0,0,0,0,0,0,0,0,0,0,0,0,0,0,0,0,0,0,0,0,0,0,0,0,0
0,0,0,0,0,0,0,0,1,1,0,0,0,0,0,1,0,0,0,1,0,1,2,1,1,0,1,1,3,2,0,4,1,0,1,1,4,2,2,0,3,2,3,2,2,1,2,6,2,1,1,0,3,1,3,3,1,0,3,0,2,0,1,2,0,2,1,0,1,2,0,2,0,2,0,0,1,0,0,0,1,0,0,1,0,0,0,1,1,0,1,0,0,1,0,0,0,1,0,0,0,0,0,0,1,0,0,1,0,0,0,0,0,0,0,0,0,0,0,0,0,0,0,0,0,0,1,0,0,0,0,0,0,0,0,0,0,0,0,0,0,0,0,0,0,0,0,0,0,0,0,0,0,0,0,0,0,0,0,0,0,0,0,0,0,0,0,0,0,0,0,0,0,0,0,0,0,0,0,0,0,0,0,0,0,0,0,0,0,0,0,0,0,0,0,0,0,0,0,0
0,0,0,0,0,0,0,0,0,0,0,0,0,0,0,1,1,0,0,1,1,1,2,1,0,1,1,0,3,2,1,1,0,2,1,0,1,0,3,3,6,4,1,3,3,2,4,3,3,4,0,2,5,0,0,1,1,2,2,3,0,2,1,2,1,2,0,4,0,3,0,0,3,1,1,0,0,0,0,1,0,0,0,0,0,0,0,0,0,0,0,2,1,0,0,1,0,0,0,0,0,0,2,0,1,0,0,0,0,0,0,0,0,0,0,0,0,0,0,0,0,0,1,0,0,0,0,0,0,0,0,0,0,0,0,0,0,0,0,0,0,0,0,0,0,0,0,0,0,0,0,0,0,0,0,0,0,0,0,0,0,0,0,0,0,0,0,0,0,0,0,0,0,0,0,0,0,0,0,0,0,0,0,0,0,0,0,0,0,0,0,0,0,0,0,0,0,0,0,0
0,0,0,0,0,0,0,0,0,0,1,0,0,0,0,0,1,0,0,0,0,1,3,0,4,1,0,2,2,0,3,1,0,5,1,0,4,1,0,0,2,2,0,1,1,3,0,3,2,1,2,2,1,0,0,2,4,1,2,4,3,1,1,0,2,0,0,2,1,1,0,0,0,1,0,2,0,1,0,0,0,0,0,0,0,0,0,0,0,0,0,2,1,0,0,1,1,1,0,0,0,0,0,0,0,0,0,0,0,0,0,0,1,0,0,0,0,0,0,0,0,0,0,0,0,0,0,0,0,0,0,0,0,0,0,0,0,0,0,0,0,0,0,0,0,0,0,0,0,0,0,0,0,0,0,0,0,0,0,0,0,0,0,0,0,0,0,0,0,0,0,0,0,0,0,0,0,0,0,0,0,0,0,0,0,0,0,0,0,0,0,0,0,0,0,0,0,0,0,0
0,0,0,0,0,0,0,0,1,0,1,0,0,0,0,0,1,0,2,1,1,0,0,0,0,1,0,0,2,1,1,1,3,0,2,0,0,0,0,2,2,2,5,2,3,1,1,2,2,3,0,1,4,2,0,3,1,3,0,0,2,2,2,0,1,0,0,1,0,1,1,0,0,2,0,1,1,1,1,0,1,0,1,0,1,0,0,0,2,0,0,1,0,0,0,0,0,0,0,0,0,0,0,0,0,0,0,0,0,0,0,0,0,0,0,0,0,0,0,0,0,0,1,0,0,0,0,0,0,0,0,0,0,0,0,0,0,0,0,0,0,0,0,0,0,0,0,0,0,0,0,0,0,0,0,0,0,0,0,0,0,0,0,0,0,0,0,0,0,0,0,0,0,0,0,0,0,0,0,0,0,0,0,0,0,0,0,0,0,0,0,0,0,0,0,0,0,0,0,0
0,0,0,0,0,0,0,0,0,0,0,1,0,0,1,1,0,1,0,0,2,1,0,1,1,4,0,2,0,1,0,2,1,0,0,4,2,1,1,2,1,0,1,4,1,0,0,8,1,3,1,0,4,1,3,3,1,1,0,5,2,2,0,1,0,1,1,2,1,0,3,3,0,1,0,0,0,0,2,0,0,0,0,0,1,0,0,0,0,0,0,0,0,1,1,0,0,0,0,0,0,0,0,1,0,0,1,0,1,0,0,0,0,0,0,0,0,0,0,0,0,0,0,0,0,0,0,0,0,0,0,0,0,0,0,0,0,0,0,0,0,0,0,0,0,0,0,0,0,0,0,0,0,0,0,0,0,0,0,0,0,0,0,0,0,0,0,0,0,0,0,0,0,0,0,0,0,0,0,0,0,0,0,0,0,0,0,0,0,0,0,0,0,0,0,0,0,0,0,0
0,0,0,0,2,0,0,0,0,0,0,0,0,0,0,2,0,0,0,0,0,0,0,0,0,1,1,2,3,2,2,0,2,2,0,0,1,3,2,1,2,1,0,2,8,2,0,2,5,1,1,2,0,0,2,4,1,0,1,0,3,4,1,2,0,0,0,2,1,4,2,1,0,1,2,0,1,0,0,1,0,0,0,0,0,0,0,0,0,0,0,0,0,0,0,1,0,0,0,1,0,1,0,0,0,0,0,0,0,0,0,0,0,0,0,0,0,0,0,0,0,0,0,0,0,0,0,0,0,1,0,0,0,0,0,0,0,0,0,0,0,0,0,0,0,0,0,0,0,0,0,0,0,0,0,0,0,0,0,0,0,0,0,0,0,0,0,0,0,0,0,0,0,0,0,0,0,0,0,0,0,0,0,0,0,0,0,0,0,0,0,0,0,0,0,0,0,0,0,0
0,0,0,0,0,0,0,0,0,0,2,0,0,1,0,1,0,0,0,2,1,0,0,1,2,0,0,1,2,0,1,1,1,4,1,0,0,0,2,1,2,3,1,3,4,4,2,1,2,3,5,1,4,3,0,0,3,1,3,1,0,2,1,1,0,1,2,0,0,2,2,0,3,0,0,1,1,2,0,0,1,1,3,0,0,0,1,0,1,0,0,1,0,1,0,0,0,0,0,0,0,0,2,0,0,0,0,0,0,0,0,0,0,0,0,0,0,0,0,0,0,0,0,0,0,0,0,0,0,1,0,0,0,0,0,0,0,0,0,0,0,0,0,0,0,0,0,0,0,0,0,0,0,0,0,0,0,0,0,0,0,0,0,0,0,0,0,0,0,0,0,0,0,0,0,0,0,0,0,0,0,0,0,0,0,0,0,0,0,0,0,0,0,0,0,0,0,0,0,0
0,0,0,0,0,0,0,0,0,0,1,0,0,0,0,0,2,0,0,1,1,1,0,1,0,1,0,1,4,2,0,2,0,0,1,1,0,0,2,0,3,2,0,0,0,1,3,3,1,2,1,3,1,2,1,2,0,5,1,1,1,3,1,1,2,2,0,2,2,0,1,1,2,1,1,0,0,1,0,0,1,0,0,1,0,1,0,0,0,0,0,1,0,0,1,0,0,1,0,0,0,0,0,0,0,0,0,0,0,0,0,0,0,0,0,0,0,0,0,0,0,0,0,0,0,0,0,0,0,0,0,0,0,0,0,0,0,0,0,0,0,1,0,0,0,0,0,0,0,0,0,0,0,0,0,0,0,0,0,0,0,0,0,0,0,0,0,0,0,0,0,0,0,0,0,0,0,0,0,0,0,0,0,0,0,0,0,0,0,0,0,0,0,0,0,0,0,0,0,0
0,0,0,0,0,0,0,1,0,0,0,0,0,0,0,0,1,0,0,2,2,3,1,1,0,0,1,1,2,2,1,3,2,0,2,2,1,1,2,1,1,1,0,0,0,4,1,1,0,1,1,0,1,3,0,3,0,1,0,2,3,2,2,0,0,1,0,1,2,3,1,0,1,1,2,0,0,0,1,0,0,1,1,0,1,0,0,0,1,0,0,0,0,0,0,0,0,1,0,0,0,0,2,0,0,0,0,0,1,0,0,0,0,0,0,0,1,0,0,0,0,0,0,0,0,0,0,0,0,0,0,0,0,0,0,0,0,0,0,0,0,0,0,0,0,0,0,0,0,0,0,0,0,0,0,0,0,0,0,0,0,0,0,0,0,0,0,0,0,0,0,0,0,0,0,0,0,0,0,0,0,0,0,0,0,0,0,0,0,0,0,0,0,0,0,0,0,0,0,0
0,0,0,0,0,0,0,1,1,0,0,1,0,0,1,0,1,0,0,1,1,1,0,0,1,2,0,0,2,1,1,1,1,1,0,0,2,1,0,7,3,1,1,3,2,0,0,2,1,2,1,2,3,1,1,3,0,0,1,2,2,2,0,0,0,0,2,3,0,0,0,1,2,0,3,1,1,0,2,0,2,1,1,0,1,0,0,0,3,0,0,0,0,0,0,1,0,1,0,0,0,0,1,0,0,0,0,0,0,0,0,0,0,0,0,0,0,0,1,0,0,0,0,0,0,0,0,0,0,0,0,0,0,1,0,0,0,0,0,0,0,0,0,0,0,0,0,0,0,0,0,0,0,0,0,0,0,0,0,0,0,0,0,0,0,0,0,0,0,0,0,0,0,0,0,0,0,0,0,0,0,0,0,0,0,0,0,0,0,0,0,0,0,0,0,0,0,0,0,0
0,0,0,0,0,0,0,0,0,1,0,0,0,0,0,0,1,1,1,0,1,0,1,2,1,1,0,0,2,0,1,0,0,0,0,1,1,0,1,3,1,2,4,2,0,1,1,1,1,0,1,0,3,1,1,2,2,0,3,3,1,0,1,1,1,1,2,0,0,0,0,2,0,1,0,1,0,3,0,1,0,0,0,0,0,0,1,0,0,1,1,0,0,0,0,1,0,0,0,0,0,1,0,0,0,0,0,0,0,0,0,0,0,0,0,0,0,0,0,0,0,0,0,0,0,0,0,0,0,0,0,0,0,0,0,0,0,0,0,0,0,0,0,0,0,0,0,0,0,0,0,0,0,0,0,0,0,0,0,0,0,0,0,0,0,0,0,0,0,0,0,0,0,0,0,0,0,0,0,0,0,0,0,0,0,0,0,0,0,0,0,0,0,0,0,0,0,0,0,0
0,0,0,0,2,0,0,0,0,0,1,0,0,0,0,0,0,0,0,0,1,0,1,1,0,2,0,0,3,0,1,0,1,1,2,1,1,0,0,0,4,0,2,2,0,2,1,0,1,0,0,0,3,1,2,0,1,2,0,0,1,1,6,2,2,0,1,0,0,1,1,0,1,0,0,0,0,1,0,0,1,0,1,0,0,1,0,0,0,0,0,0,0,0,0,0,0,0,0,0,0,0,0,0,0,0,0,0,0,1,0,0,0,0,0,0,0,0,0,0,0,0,0,0,0,0,0,0,0,0,0,0,0,0,0,0,0,0,0,0,0,0,0,0,0,0,0,0,0,0,0,0,0,0,0,0,0,0,0,0,0,0,0,0,0,0,0,0,0,0,0,0,0,0,0,0,0,0,0,0,0,0,0,0,0,0,0,0,0,0,0,0,0,0,0,0,0,0,0,0
0,0,0,0,0,0,0,1,0,0,0,0,0,0,1,0,0,0,0,1,0,2,1,0,0,1,3,0,1,2,0,1,2,0,1,0,0,0,0,0,1,1,2,1,0,1,6,1,1,1,1,3,0,5,0,1,2,2,1,1,3,1,0,0,0,0,0,0,0,3,0,1,1,0,0,1,0,1,1,0,0,0,0,0,2,0,0,1,1,2,0,0,0,2,0,0,0,0,0,0,0,0,0,0,1,0,0,0,0,0,0,0,0,0,0,0,0,0,0,0,0,0,0,0,0,0,0,0,0,0,0,0,0,0,0,0,0,0,0,0,0,1,0,0,0,0,0,0,0,0,0,0,0,0,0,0,0,0,0,0,0,0,0,0,0,0,0,0,0,0,0,0,0,0,0,0,0,0,0,0,0,0,0,0,0,0,0,0,0,0,0,0,0,0,0,0,0,0,0,0
0,0,0,0,0,1,0,1,0,0,0,0,0,0,0,1,0,1,0,1,0,0,1,0,3,1,3,2,2,0,0,2,3,1,0,0,2,2,2,1,2,1,0,2,4,1,3,1,1,1,1,0,2,0,1,1,2,5,1,2,1,1,0,0,0,1,1,1,1,1,2,0,0,0,1,0,0,1,0,0,0,0,4,0,0,0,0,1,0,0,1,0,0,0,0,0,0,0,0,1,0,0,1,0,0,0,0,0,0,0,0,0,0,0,0,0,0,0,1,0,0,0,0,0,0,0,0,0,0,0,0,0,0,0,0,0,0,0,0,0,0,0,0,0,0,0,0,0,0,0,0,0,0,0,0,0,0,0,0,0,0,0,0,0,0,0,0,0,0,0,0,0,0,0,0,0,0,0,0,0,0,0,0,0,0,0,0,0,0,0,0,0,0,0,0,0,0,0,0,0
0,0,0,0,0,0,0,1,0,0,0,0,0,0,0,0,0,1,0,0,0,0,0,0,0,0,1,0,0,1,0,1,0,1,1,4,0,0,1,2,0,0,0,3,1,0,1,2,2,0,0,3,3,1,1,1,1,0,0,2,0,2,1,1,1,1,1,0,1,1,1,0,1,0,0,0,1,2,0,1,1,1,1,0,0,0,1,0,0,0,0,0,1,0,0,0,0,1,0,0,0,0,0,0,0,0,0,0,0,0,0,0,0,0,0,0,0,0,0,0,1,0,0,0,0,0,0,0,0,0,0,0,0,0,0,0,0,0,0,0,0,0,0,0,0,0,0,0,0,0,0,0,0,0,0,0,0,0,0,0,0,0,0,0,0,0,0,0,0,0,0,0,0,0,0,0,0,0,0,0,0,0,0,0,0,0,0,0,0,0,0,0,0,0,0,0,0,0,0,0
0,1,0,0,0,0,0,0,0,0,1,0,0,0,0,1,0,0,0,0,0,0,0,0,2,1,0,2,0,1,1,3,1,1,0,1,0,0,1,1,1,0,1,1,1,1,0,0,2,2,1,2,2,2,2,1,1,1,1,1,1,4,1,1,1,0,0,3,0,0,1,0,0,0,0,1,0,0,0,0,0,0,0,0,1,0,0,0,1,0,0,0,0,0,0,0,0,0,0,0,0,0,1,0,0,0,0,0,0,0,0,0,0,0,0,0,0,0,0,0,0,0,0,0,0,0,0,0,0,0,0,0,0,0,1,0,0,0,0,0,0,0,0,0,0,0,0,0,0,0,0,0,0,0,0,0,0,0,0,0,0,0,0,0,0,0,0,0,0,0,0,0,0,0,0,0,0,0,0,0,0,0,0,0,0,0,0,0,0,0,0,0,0,0,0,0,0,0,0,0
0,0,0,0,1,0,1,0,0,0,0,0,0,0,1,1,1,1,0,0,0,0,0,1,2,0,0,0,0,0,1,1,0,0,0,2,0,1,1,1,3,1,1,0,3,2,0,1,1,0,0,2,2,0,0,1,0,3,1,0,3,0,2,0,0,0,0,0,0,1,1,0,0,2,3,0,0,1,0,1,0,0,0,1,0,0,0,1,0,0,0,1,0,0,1,1,0,0,0,0,0,0,0,0,0,0,0,0,0,0,0,0,0,0,0,0,0,0,0,0,0,0,0,0,0,0,0,0,0,0,0,0,0,0,0,0,0,0,0,0,0,0,0,0,0,0,0,0,0,0,0,0,0,0,0,0,0,0,0,0,0,0,0,0,0,0,0,0,0,0,0,0,0,0,0,0,0,0,0,0,0,0,0,0,0,0,0,0,0,0,0,0,0,0,0,0,0,0,0,0
0,0,0,0,0,0,0,0,0,0,0,1,1,1,0,4,0,0,2,0,1,2,0,0,1,0,0,0,0,0,1,0,1,0,0,0,2,1,2,1,0,0,1,0,2,4,2,0,1,2,1,1,2,0,2,0,1,1,2,1,1,0,1,2,1,1,1,0,1,2,0,0,0,1,1,1,0,0,0,0,1,0,0,0,0,0,0,0,1,0,0,0,0,0,0,0,0,0,0,0,0,0,0,0,0,0,0,0,0,0,0,0,0,0,0,0,0,0,0,0,0,0,0,0,0,0,0,0,0,0,0,0,0,0,0,0,0,0,0,0,0,0,0,0,0,0,0,0,0,0,0,0,0,0,0,0,0,0,0,0,0,0,0,0,0,0,0,0,0,0,0,0,0,0,0,0,0,0,0,0,0,0,0,0,0,0,0,0,0,0,0,0,0,0,0,0,0,0,0,0
0,0,0,0,0,0,0,0,1,0,0,0,1,0,0,0,1,0,0,0,0,1,0,0,0,0,0,1,0,0,0,1,0,2,1,0,0,1,0,2,2,2,1,0,1,3,2,3,2,1,1,1,2,0,1,0,1,1,2,1,1,0,1,0,0,1,2,0,0,0,0,0,1,1,0,0,1,0,0,0,0,1,2,0,0,0,0,0,0,1,0,0,0,0,0,0,1,1,0,0,0,0,0,0,0,0,0,0,0,0,0,1,0,0,0,0,0,0,0,0,0,0,0,0,0,0,0,0,0,0,0,0,0,0,0,0,0,0,0,0,0,0,0,0,0,0,0,0,0,0,0,0,0,0,0,0,0,0,0,0,0,0,0,0,0,0,0,0,0,0,0,0,0,0,0,0,0,0,0,0,0,0,0,0,0,0,0,0,0,0,0,0,0,0,0,0,0,0,0,0
0,0,0,0,0,0,0,0,0,0,0,0,0,0,0,0,1,1,0,0,0,0,0,1,0,0,0,1,0,0,0,2,0,0,1,0,0,0,3,3,1,4,1,0,2,0,4,2,0,0,3,1,1,1,2,1,0,1,0,1,1,0,4,0,2,0,0,0,0,1,1,1,1,1,1,1,2,2,0,1,0,0,0,0,0,0,0,0,0,0,0,0,0,0,0,0,0,0,0,0,0,0,0,0,0,0,0,0,0,0,0,0,0,0,0,0,0,0,0,0,1,0,0,0,0,0,0,0,0,0,0,0,0,0,0,0,0,0,0,0,0,0,0,0,0,0,0,0,0,0,0,0,0,0,0,0,0,0,0,0,0,0,0,0,0,0,0,0,0,0,0,0,0,0,0,0,0,0,0,0,0,0,0,0,0,0,0,0,0,0,0,0,0,0,0,0,0,0,0,0
0,0,0,0,0,0,0,1,1,0,0,0,0,0,0,0,0,0,1,0,0,0,1,0,0,0,0,1,0,0,3,0,0,0,0,0,0,0,0,0,1,1,1,2,0,1,1,1,2,0,0,0,0,2,0,0,1,4,1,0,3,1,1,0,1,0,2,1,0,0,2,1,1,0,0,1,0,0,1,1,1,0,0,0,0,0,0,0,1,0,0,0,0,1,1,0,0,0,0,0,0,0,0,0,0,0,0,0,0,0,0,0,0,0,0,0,0,0,0,1,0,0,0,0,0,1,0,0,0,0,0,0,0,0,0,0,0,0,0,0,0,0,0,0,0,0,0,0,0,0,0,0,0,0,0,0,0,0,0,0,0,0,0,0,0,0,0,0,0,0,0,0,0,0,0,0,0,0,0,0,0,0,0,0,0,0,0,0,0,0,0,0,0,0,0,0,0,0,0,0
0,0,0,0,0,0,0,1,0,0,0,0,0,1,0,0,0,2,0,0,2,1,0,0,1,0,0,0,1,2,1,1,2,0,0,1,2,1,1,2,2,2,2,3,2,0,1,0,2,2,2,3,1,0,2,0,3,1,0,0,1,2,2,0,0,0,1,0,2,0,1,1,0,0,0,0,2,0,0,0,0,1,0,1,1,0,0,0,0,0,0,0,0,0,0,1,0,0,2,0,0,0,0,0,0,0,0,0,0,0,0,0,0,0,0,0,0,0,0,0,0,0,0,0,0,0,0,0,0,0,0,0,0,0,0,0,0,0,0,0,0,0,0,0,0,0,0,0,0,0,0,0,0,0,0,0,0,0,0,0,0,0,0,0,0,0,0,0,0,0,0,0,0,0,0,0,0,0,0,0,0,0,0,0,0,0,0,0,0,0,0,0,0,0,0,0,0,0,0,0
0,0,0,0,0,0,0,0,0,0,0,0,0,1,0,0,0,0,0,1,1,1,2,0,0,0,1,1,3,0,2,0,0,0,0,1,0,2,0,2,5,0,1,2,0,2,1,3,1,0,4,1,2,0,1,0,2,3,0,2,1,2,1,0,1,1,3,0,1,0,2,1,0,1,0,0,1,0,0,0,0,0,1,0,1,0,0,0,0,0,0,0,0,0,0,0,0,0,1,0,0,0,0,0,0,0,0,0,0,0,0,0,0,0,0,0,0,0,0,0,0,0,0,0,0,0,0,0,0,0,0,0,0,0,0,0,0,0,0,0,0,0,0,0,0,0,0,0,0,0,0,0,0,0,0,0,0,0,0,0,0,0,0,0,0,0,0,0,0,0,0,0,0,0,0,0,0,0,0,0,0,0,0,0,0,0,0,0,0,0,0,0,0,0,0,0,0,0,0,0
0,0,0,0,0,0,0,0,0,1,0,0,0,0,0,0,0,1,0,2,0,0,0,0,2,1,2,1,0,1,3,3,1,0,1,1,0,0,0,1,1,0,1,0,0,0,4,1,2,3,0,0,1,0,0,0,0,1,1,0,2,1,0,1,1,0,0,0,1,1,1,1,1,1,1,1,0,0,0,0,0,0,0,0,1,0,0,0,1,0,0,0,0,1,0,0,0,0,1,0,0,0,0,0,0,0,0,0,0,0,0,0,0,0,0,0,0,0,0,0,0,0,0,0,0,0,0,1,0,0,0,0,0,0,0,0,0,0,0,0,0,0,0,0,0,0,0,0,0,0,0,0,0,0,0,0,0,0,0,0,0,0,0,0,0,0,0,0,0,0,0,0,0,0,0,0,0,0,0,0,0,0,0,0,0,0,0,0,0,0,0,0,0,0,0,0,0,0,0,0
0,0,0,0,0,0,0,0,0,0,0,0,0,0,0,1,1,0,0,0,0,0,0,0,0,3,1,0,1,3,1,0,0,0,1,1,0,2,0,2,0,0,0,2,0,0,0,0,3,1,0,0,0,1,0,4,1,1,0,0,2,1,0,1,0,1,3,1,0,1,0,0,0,0,0,0,0,1,0,1,0,0,0,1,0,1,0,0,0,0,0,0,0,0,0,0,0,0,0,0,0,1,0,0,0,0,0,0,0,0,0,0,0,0,0,0,0,0,0,0,0,1,0,0,0,0,0,0,0,0,0,0,0,0,0,0,0,0,0,0,0,1,0,0,0,0,0,0,0,0,0,0,0,0,0,0,0,0,0,0,0,0,0,0,0,0,0,0,0,0,0,0,0,0,0,0,0,0,0,0,0,0,0,0,0,0,0,0,0,0,0,0,0,0,0,0,0,0,0,0
0,0,0,0,0,0,0,0,0,0,0,0,1,0,0,0,0,1,1,1,0,1,0,0,0,0,1,1,0,0,0,0,2,2,0,0,1,1,1,1,1,0,0,1,1,2,2,2,0,0,1,2,0,1,1,1,1,2,2,1,1,0,1,0,1,1,0,0,0,3,1,0,2,1,0,0,0,2,2,1,0,0,0,0,0,0,0,0,0,0,0,0,0,0,0,0,0,1,0,0,0,0,0,0,0,0,1,0,0,0,0,0,0,0,0,0,0,0,0,0,0,0,0,0,0,0,0,0,0,0,0,0,0,0,0,0,0,0,0,0,0,0,0,0,0,0,0,0,0,0,0,0,0,0,0,0,0,0,0,0,0,0,0,0,0,0,0,0,0,0,0,0,0,0,0,0,0,0,0,0,0,0,0,0,0,0,0,0,0,0,0,0,0,0,0,0,0,0,0,0
0,0,0,0,0,0,0,0,0,0,1,0,0,0,1,0,2,0,0,0,1,0,1,1,0,0,0,1,2,2,3,3,0,1,1,2,1,1,1,0,1,0,2,1,2,4,0,2,4,0,4,1,1,0,1,4,0,0,0,1,0,1,0,0,0,1,1,0,1,0,1,1,0,0,2,0,0,0,0,0,0,0,0,0,0,0,0,0,0,0,0,0,0,0,1,1,0,0,0,1,0,0,0,0,0,0,0,0,0,0,0,0,0,0,0,0,0,0,0,0,0,0,0,0,0,0,0,0,0,0,0,0,0,0,0,0,0,0,0,0,0,0,0,0,0,0,0,0,0,0,0,0,0,0,0,0,0,0,0,0,0,0,0,0,0,0,0,0,0,0,0,0,0,0,0,0,0,0,0,0,0,0,0,0,0,0,0,0,0,0,0,0,0,0,0,0,0,0,0,0
0,0,0,0,0,0,0,0,1,0,0,0,0,1,0,0,0,0,0,0,0,0,0,0,0,0,1,1,0,1,1,2,1,0,0,1,0,2,0,2,1,1,0,0,0,1,1,2,0,0,1,0,2,1,0,1,0,0,4,0,1,2,0,0,0,1,1,0,0,1,0,0,1,0,0,0,0,0,0,1,1,0,0,1,0,0,1,1,0,0,0,0,0,0,0,0,0,0,0,0,0,0,0,0,0,0,0,0,0,0,0,0,0,0,0,0,0,0,0,1,0,0,0,0,0,0,0,0,0,0,0,0,0,0,0,0,0,0,0,0,0,0,0,0,0,0,0,0,0,0,0,0,0,0,0,0,0,0,0,0,0,0,0,0,0,0,0,0,0,0,0,0,0,0,0,0,0,0,0,0,0,0,0,0,0,0,0,0,0,0,0,0,0,0,0,0,0,0,0,0
0,0,0,0,0,0,0,0,0,0,0,0,0,0,0,0,0,0,0,0,0,0,1,1,0,0,0,0,0,0,0,0,0,0,0,2,2,0,0,1,1,3,0,0,0,2,0,2,1,1,1,6,0,0,1,1,2,0,0,2,1,0,0,0,1,1,1,0,1,0,0,0,2,1,0,0,0,1,0,0,0,0,0,1,0,0,0,0,0,0,0,1,0,0,1,0,0,0,0,0,0,0,0,0,0,0,0,1,0,0,0,0,0,0,0,0,0,0,0,0,0,0,0,0,0,0,0,0,0,0,0,0,0,0,0,0,0,0,0,0,0,0,0,0,0,0,0,0,0,0,0,0,0,0,0,0,0,0,0,0,0,0,0,0,0,0,0,0,0,0,0,0,0,0,0,0,0,0,0,0,0,0,0,0,0,0,0,0,0,0,0,0,0,0,0,0,0,0,0,0
0,0,0,0,0,0,0,0,0,0,0,0,0,1,0,0,1,0,0,0,0,2,2,2,0,2,0,1,0,1,0,0,0,0,0,0,0,0,2,0,1,4,1,0,1,1,2,1,1,1,0,1,1,0,3,3,0,0,0,0,0,0,1,1,0,2,0,0,0,0,0,1,0,0,0,0,0,0,0,2,0,0,0,1,0,0,1,0,0,0,0,0,0,0,0,0,0,0,0,0,0,0,0,0,0,0,0,0,0,0,0,0,0,0,0,0,0,0,0,0,0,0,0,0,0,0,0,0,0,0,0,0,0,0,0,0,0,0,0,0,0,0,0,0,0,0,0,0,0,0,0,0,0,0,0,0,0,0,0,0,0,0,0,0,0,0,0,0,0,0,0,0,0,0,0,0,0,0,0,0,0,0,0,0,0,0,0,0,0,0,0,0,0,0,0,0,0,0,0,0
1,0,0,0,0,0,0,0,0,0,0,0,1,0,0,0,0,0,0,0,0,2,0,0,1,0,0,0,0,0,0,0,0,0,1,0,0,1,1,0,1,0,1,0,1,0,3,0,0,0,1,2,2,0,0,2,2,3,0,0,0,1,0,0,1,0,0,0,2,1,0,0,1,0,0,0,1,0,0,0,0,1,1,0,0,0,0,0,0,0,0,0,0,0,0,0,0,0,0,0,0,1,0,0,0,0,0,0,0,0,0,0,0,0,0,0,0,0,0,0,0,0,0,0,0,0,0,0,0,0,0,0,0,0,0,0,0,0,0,0,0,0,0,0,0,0,0,0,0,0,0,0,0,0,0,0,0,0,0,0,0,0,0,0,0,0,0,0,0,0,0,0,0,0,0,0,0,0,0,0,0,0,0,0,0,0,0,0,0,0,0,0,0,0,0,0,0,0,0,0
0,0,0,0,0,0,0,0,0,0,0,0,0,0,0,0,1,0,0,0,0,0,0,1,0,0,0,0,3,0,1,0,2,0,0,0,1,0,2,1,2,0,2,1,0,0,0,0,0,3,0,0,1,2,3,0,1,0,0,0,1,0,0,0,0,2,2,0,0,0,0,0,0,2,0,0,0,0,0,0,0,0,0,1,0,0,0,0,0,0,0,0,1,0,0,0,0,0,0,0,0,0,0,0,0,0,0,0,0,0,0,0,0,0,0,0,0,0,0,0,0,0,0,0,0,0,0,0,0,0,0,0,0,0,0,0,0,0,0,0,0,0,0,0,0,0,0,0,0,0,0,0,0,0,0,0,0,0,0,0,0,0,0,0,0,0,0,0,0,0,0,0,0,0,0,0,0,0,0,0,0,0,0,0,0,0,0,0,0,0,0,0,0,0,0,0,0,0,0,0
0,0,0,0,0,0,0,0,1,0,0,0,0,0,1,0,0,0,0,0,0,0,0,1,0,0,0,0,1,0,0,1,1,0,0,0,0,1,2,1,0,0,1,0,0,0,1,2,1,1,0,3,1,1,0,1,0,2,0,1,0,2,0,1,0,1,0,1,0,0,0,0,0,1,1,1,0,0,2,1,1,1,0,0,0,0,0,0,0,0,0,0,0,0,0,0,1,1,0,0,0,1,0,0,0,0,0,0,0,0,0,0,0,0,0,0,0,0,0,0,0,0,0,0,0,0,0,0,0,0,0,0,0,0,0,0,0,0,0,0,0,0,0,0,0,0,0,0,0,0,0,0,0,0,0,0,0,0,0,0,0,0,0,0,0,0,0,0,0,0,0,0,0,0,0,0,0,0,0,0,0,0,0,0,0,0,0,0,0,0,0,0,0,0,0,0,0,0,0,0
1,0,0,0,0,0,0,0,0,1,0,0,0,1,0,0,0,0,0,0,1,0,0,0,0,1,0,1,0,0,1,0,0,2,1,0,1,1,0,1,0,2,0,0,0,4,0,1,0,1,0,3,1,2,0,1,2,0,1,1,1,1,1,0,0,2,0,0,0,0,2,0,0,0,1,0,1,0,0,0,1,0,0,0,0,0,0,0,0,0,0,1,0,1,0,0,0,0,0,0,0,0,0,0,0,0,0,0,0,0,0,0,0,0,0,0,0,0,0,0,0,0,0,0,0,0,0,0,0,0,0,0,0,0,0,0,0,0,0,0,0,0,0,0,0,0,0,0,0,1,0,0,0,0,0,0,0,0,0,0,0,0,0,0,0,0,0,0,0,0,0,0,0,0,0,0,0,0,0,0,0,0,0,0,0,0,0,0,0,0,0,0,0,0,0,0,0,0,0,0
0,0,0,0,0,0,0,1,0,0,0,0,0,0,0,0,1,0,0,0,0,0,1,1,0,1,0,1,0,1,0,0,0,1,1,0,1,0,1,1,1,0,1,0,1,1,2,2,1,0,1,2,1,2,1,1,0,1,2,0,0,1,0,1,0,1,1,1,0,2,0,1,0,2,1,0,0,0,0,2,1,1,1,0,0,1,0,0,1,0,0,0,0,0,0,0,0,0,0,0,0,0,0,0,0,0,1,0,0,0,0,0,0,0,0,0,0,0,0,0,0,0,0,0,0,0,0,0,0,0,0,0,0,0,0,0,0,0,0,0,0,0,0,0,0,0,0,0,0,0,0,0,0,0,0,0,0,0,0,0,0,0,0,0,0,0,0,0,0,0,0,0,0,0,0,0,0,0,0,0,0,0,0,0,0,0,0,0,0,0,0,0,0,0,0,0,0,0,0,0
0,0,0,0,0,0,0,0,0,0,0,0,0,0,0,1,0,0,0,0,0,0,0,1,2,0,0,0,0,0,0,0,1,1,2,0,2,0,0,0,1,1,0,2,0,0,1,2,1,1,1,1,0,1,2,1,0,0,2,0,1,0,0,0,0,2,0,0,1,0,0,1,0,0,0,0,0,0,0,0,1,1,0,0,0,0,0,0,1,0,0,1,0,0,0,0,0,0,0,0,0,0,1,0,0,0,0,0,0,0,0,0,0,0,0,0,0,0,0,0,0,0,0,0,0,0,0,0,0,0,0,0,0,0,0,0,0,0,0,0,0,0,0,0,0,0,0,0,0,0,0,0,0,0,0,0,0,0,0,0,0,0,0,0,0,0,0,0,0,0,0,0,0,0,0,0,0,0,0,0,0,0,0,0,0,0,0,0,0,0,0,0,0,0,0,0,0,0,0,0
0,0,0,0,0,0,0,0,0,1,0,0,0,0,1,0,0,0,0,1,1,0,0,0,0,1,0,0,1,0,0,0,0,0,0,0,1,0,0,0,2,0,2,0,0,0,0,0,0,1,1,1,1,0,0,1,0,1,1,0,0,1,2,0,0,1,0,1,0,0,0,0,1,0,0,1,0,0,0,0,0,0,0,0,0,0,0,0,0,0,1,0,0,1,1,0,0,0,0,0,0,0,0,0,0,0,0,0,0,1,0,0,0,0,0,0,0,0,0,0,0,0,0,0,0,0,0,0,0,0,0,0,0,0,0,0,1,0,0,0,0,0,0,0,0,0,0,0,0,0,0,0,0,0,0,0,0,0,0,0,0,0,0,0,0,0,0,0,0,0,0,0,0,0,0,0,0,0,0,0,0,0,0,0,0,0,0,0,0,0,0,0,0,0,0,0,0,0,0,0
0,0,0,0,0,0,0,0,0,0,0,0,1,0,0,0,1,0,0,1,0,0,0,0,0,0,1,0,0,1,0,0,0,1,0,0,0,1,1,1,0,0,1,0,0,0,1,0,1,1,0,2,2,0,1,0,0,0,0,0,1,1,0,1,1,0,0,0,2,0,0,1,0,0,0,0,0,0,0,0,1,0,0,0,0,0,0,0,0,0,0,0,0,0,0,0,0,0,0,0,0,0,0,0,0,0,0,0,0,0,0,0,0,0,0,1,0,0,0,0,0,0,0,0,0,0,0,0,0,0,0,0,0,0,0,0,0,0,0,0,0,0,0,0,0,0,0,0,0,0,0,0,0,0,0,0,0,0,0,0,0,0,0,0,0,0,0,0,0,0,0,0,0,0,0,0,0,0,0,0,0,0,0,0,0,0,0,0,0,0,0,0,0,0,0,0,0,0,0,0
0,0,0,0,0,0,0,0,0,0,0,0,0,1,0,0,1,0,0,0,0,0,0,0,0,0,0,0,3,1,0,0,1,1,1,1,0,1,1,0,0,0,0,0,0,0,1,2,1,0,1,3,0,0,0,2,0,1,0,2,2,0,0,1,0,0,1,1,0,0,0,0,0,0,0,0,0,1,0,0,0,0,1,0,0,0,0,0,0,0,0,0,0,0,0,1,1,0,0,0,0,0,0,0,0,0,0,0,0,0,0,0,0,0,0,0,0,0,0,0,0,0,0,0,0,0,0,0,0,0,0,0,0,0,0,0,0,0,0,0,0,0,0,0,0,0,0,0,0,0,0,0,0,0,0,0,0,0,0,0,0,0,0,0,0,0,0,0,0,0,0,0,0,0,0,0,0,0,0,0,0,0,0,0,0,0,0,0,0,0,0,0,0,0,0,0,0,0,0,0
0,0,0,0,0,0,0,0,0,0,0,0,0,0,0,0,0,0,0,0,1,0,0,0,0,0,1,0,1,0,0,0,1,0,1,0,1,1,0,0,2,0,0,0,0,1,0,3,1,2,0,1,1,1,0,0,1,1,0,0,0,0,1,2,1,0,0,0,0,1,0,0,0,0,0,1,0,1,0,2,1,1,0,0,0,0,1,1,0,0,0,0,2,0,0,0,0,0,0,0,0,0,0,0,0,0,0,0,0,1,0,0,0,0,0,1,0,0,1,0,0,0,0,0,0,0,0,0,0,0,0,0,0,0,0,0,0,0,0,0,0,0,0,0,0,0,0,0,0,0,0,0,0,0,0,0,0,0,0,0,0,0,0,0,0,0,0,0,0,0,0,0,0,0,0,0,0,0,0,0,0,0,0,0,0,0,0,0,0,0,0,0,0,0,0,0,0,0,0,0
0,0,0,0,0,0,0,0,0,0,0,0,0,0,0,1,0,0,0,0,1,0,0,0,0,0,1,1,0,0,2,0,0,0,0,0,0,1,0,0,0,1,0,0,1,1,0,0,0,0,2,0,2,0,0,0,0,2,1,0,2,0,1,0,1,0,0,0,0,1,0,0,0,1,1,0,0,1,0,0,1,0,0,0,0,0,0,0,0,0,0,0,0,0,0,0,1,0,0,0,0,0,0,0,0,0,1,0,0,0,0,0,0,0,0,0,0,0,0,0,0,0,0,0,0,0,0,0,0,0,0,0,0,0,0,0,0,0,0,0,0,0,0,0,0,0,0,0,0,0,0,0,0,0,0,0,0,0,0,0,0,0,0,0,0,0,0,0,0,0,0,0,0,0,0,0,0,0,0,0,0,0,0,0,0,0,0,0,0,0,0,0,0,0,0,0,0,0,0,0
0,0,0,0,0,0,0,0,0,0,0,0,0,0,0,0,0,0,0,0,1,0,0,0,0,0,0,0,2,1,0,1,1,0,0,0,0,1,0,2,1,0,0,0,0,3,0,1,1,0,2,0,0,0,1,0,0,0,0,1,1,0,1,0,0,0,0,0,0,0,0,1,1,0,0,0,0,0,0,1,0,0,1,0,0,0,0,0,0,0,0,0,0,1,0,0,0,0,0,0,0,0,0,0,0,0,0,0,0,0,0,0,0,0,1,0,0,0,0,0,0,0,0,0,0,0,0,0,0,0,0,0,0,0,0,0,0,0,0,0,0,0,0,0,0,0,0,0,0,0,0,0,0,0,0,0,0,0,0,0,0,0,0,0,0,0,0,0,0,0,0,0,0,0,0,0,0,0,0,0,0,0,0,0,0,0,0,0,0,0,0,0,0,0,0,0,0,0,0,0
0,0,0,0,0,0,0,0,0,0,0,0,0,1,0,2,0,0,0,0,0,0,0,2,0,0,0,0,0,0,0,0,0,0,0,0,3,0,2,1,2,0,1,1,0,3,0,0,0,0,0,0,0,0,0,1,0,1,0,0,1,0,2,0,0,0,0,0,1,0,0,1,0,0,0,0,1,0,1,0,0,0,0,0,0,0,0,0,1,0,1,0,0,0,0,2,0,0,0,0,0,0,0,0,0,0,0,0,0,0,2,0,1,0,0,0,0,0,0,0,0,0,0,0,0,0,0,0,0,0,0,0,0,0,1,0,0,0,0,0,0,0,0,0,0,0,0,0,0,0,0,0,0,0,0,0,0,0,0,0,0,0,0,0,0,0,0,0,0,0,0,0,0,0,0,0,0,0,0,0,0,0,0,0,0,0,0,0,0,0,0,0,0,0,0,0,0,0,0,0
0,0,0,0,0,0,0,0,0,0,0,0,0,0,0,0,0,0,0,0,2,0,0,0,0,0,0,0,0,0,0,0,2,0,0,0,0,0,0,0,1,2,0,0,2,1,1,0,0,1,1,0,1,0,0,0,1,1,0,2,0,0,1,1,1,0,1,1,1,1,0,1,0,0,0,0,0,0,0,0,0,0,0,0,0,0,0,0,0,0,0,0,0,0,0,0,0,0,0,1,0,0,1,0,0,0,0,0,0,0,0,0,0,0,0,0,0,0,0,0,0,0,0,0,0,0,0,0,0,0,0,0,1,0,0,0,0,0,0,0,0,0,0,0,0,0,0,0,0,0,0,0,0,0,0,0,0,0,0,0,0,0,0,0,0,0,0,0,0,0,0,0,0,0,0,0,0,0,0,0,0,0,0,0,0,0,0,0,0,0,0,0,0,0,0,0,0,0,0,0
0,0,0,0,0,0,0,0,1,0,0,0,0,0,0,0,0,0,0,0,0,0,1,1,0,0,0,0,0,1,0,1,0,0,0,0,1,0,1,0,0,3,4,0,0,1,0,1,1,0,1,1,0,0,1,1,2,0,0,1,2,0,1,0,0,0,1,1,0,0,0,0,0,0,0,0,0,0,0,0,0,0,0,0,0,1,0,0,0,0,1,0,0,0,0,0,0,0,0,0,0,0,0,0,0,0,0,0,0,0,0,0,0,0,0,0,0,0,0,0,0,0,0,0,0,0,0,0,0,0,0,0,0,0,0,0,0,0,0,0,0,0,0,0,0,0,0,0,0,0,0,0,0,0,0,0,0,0,0,0,0,0,0,0,0,0,0,0,0,0,0,0,0,0,0,0,0,0,0,0,0,0,0,0,0,0,0,0,0,0,0,0,0,0,0,0,0,0,0,0
0,0,0,0,0,0,0,0,0,0,0,0,0,1,0,0,0,1,0,0,0,0,0,0,0,0,0,0,0,0,0,0,0,0,1,0,0,1,0,2,0,1,1,0,0,3,1,0,0,1,1,1,2,1,0,2,0,1,0,1,0,2,1,0,0,1,2,0,0,0,0,0,0,0,0,0,0,0,0,0,0,0,0,0,0,0,1,0,0,0,0,0,0,1,0,0,0,0,0,0,0,0,0,0,0,0,0,0,0,0,0,0,0,0,0,0,0,0,0,0,0,0,0,0,0,0,0,0,0,0,0,0,0,0,0,0,0,0,0,0,0,0,0,0,0,0,0,0,0,0,0,0,0,0,0,0,0,0,0,0,0,0,0,0,0,0,0,0,0,0,0,0,0,0,0,0,0,0,0,0,0,0,0,0,0,0,0,0,0,0,0,0,0,0,0,0,0,0,0,0
0,0,0,0,0,0,0,0,1,0,0,0,0,0,0,0,0,1,1,0,0,0,0,0,1,0,1,0,1,0,0,0,2,0,1,0,2,0,0,3,1,1,0,0,1,0,0,0,0,0,1,0,0,1,0,1,1,0,2,1,0,0,1,1,0,0,0,0,0,0,0,0,0,0,0,1,0,0,0,1,0,1,0,0,0,0,0,0,0,0,0,0,1,0,0,0,0,0,0,0,0,0,0,0,0,0,0,0,0,0,0,0,0,0,0,0,0,0,0,0,0,0,0,0,0,0,0,0,0,0,0,0,0,0,0,0,0,0,0,0,0,0,0,0,0,0,0,0,0,0,0,0,0,0,0,0,0,0,0,0,0,0,0,0,0,0,0,0,0,0,0,0,0,0,0,0,0,0,0,0,0,0,0,0,0,0,0,0,0,0,0,0,0,0,0,0,0,0,0,0
0,0,0,0,0,0,0,0,0,0,0,0,0,0,0,0,0,0,0,0,1,0,0,0,0,0,1,0,1,0,0,0,0,1,1,0,0,2,1,1,1,0,1,1,1,1,0,1,1,4,1,1,0,1,1,1,1,0,3,0,1,0,1,0,2,0,0,0,0,1,0,0,0,0,0,1,0,0,0,0,0,0,0,0,0,0,0,0,0,1,0,0,0,0,0,0,0,0,0,0,0,0,0,0,0,0,0,0,0,0,1,0,0,0,0,0,0,0,0,0,0,0,0,0,0,0,0,0,0,0,0,0,0,0,0,0,0,0,0,0,0,0,0,0,0,0,0,0,0,0,0,0,0,0,0,0,0,0,0,0,0,0,0,0,0,0,0,0,0,0,0,0,0,0,0,0,0,0,0,0,0,0,0,0,0,0,0,0,0,0,0,0,0,0,0,0,0,0,0,0
