12,4,10,3,4,11,11,6,10,18,8,15,13,20,16,17,26,34,39,27,51,48,64,63,46,54,82,75,81,91,100,105,133,146,143,196,226,200,191,204,271,214,299,328,374,397,415,412,449,415,545,556,528,540,681,635,734,662,741,752,767,843,908,969,978,966,980,1034,1059,1129,1164,1168,1155,1207,1227,1263,1270,1335,1292,1265,1214,1315,1374,1255,1294,1262,1239,1247,1241,1369,1254,1237,1256,1120,1166,1142,1149,1166,985,1039,936,1046,989,982,949,868,882,857,766,694,713,695,598,600,638,516,499,508,423,430,425,373,341,340,272,291,308,270,235,203,188,189,147,114,123,111,108,89,74,107,85,52,70,60,56,66,62,37,41,31,48,23,19,29,10,20,15,17,16,5,8,8,1,3,12,3,10,5,4,0,2,3,3,5,0,3,0,1,0,0,5,2,0,0,0,0,0,0,0,0,0,0,0,0,0,0,0,0,0,0
9,2,3,2,7,15,9,11,13,16,11,9,11,17,17,18,40,36,24,33,49,47,67,77,65,63,94,75,84,96,106,108,126,137,170,177,219,195,236,246,284,226,301,309,341,381,416,387,505,428,506,535,574,605,676,683,738,717,746,771,780,932,972,952,948,926,994,1024,1070,1124,1144,1079,1196,1239,1245,1182,1211,1319,1169,1245,1170,1246,1275,1313,1311,1330,1269,1229,1249,1327,1133,1218,1111,1100,1132,1095,1065,1141,972,975,942,946,980,866,894,772,822,797,752,684,642,604,594,561,527,508,520,427,413,390,373,351,286,371,281,248,303,260,229,192,193,171,141,145,108,134,97,98,86,90,81,72,74,71,40,54,67,35,44,29,35,23,21,7,14,15,11,16,11,3,6,3,4,5,17,1,9,6,2,1,0,1,0,2,1,2,0,0,0,1,2,1,0,0,0,0,0,0,0,0,0,0,0,0,0,0,0,0,0,0
3,2,6,3,1,18,12,7,9,8,10,13,16,15,30,21,34,36,26,34,48,45,65,87,46,68,68,66,88,108,106,108,120,142,173,179,237,179,225,217,294,246,312,288,348,403,403,451,519,439,471,583,546,540,644,612,788,729,753,820,810,849,938,921,970,862,1008,1082,1098,1139,1083,1127,1239,1167,1294,1164,1218,1232,1188,1153,1182,1252,1308,1209,1256,1199,1149,1274,1200,1204,1128,1173,1132,1116,1024,1053,1011,1076,900,951,846,872,925,793,789,705,789,790,727,620,611,612,550,535,541,454,453,401,382,369,369,294,272,309,233,221,277,236,212,188,172,134,134,130,100,126,100,85,63,83,81,58,72,75,49,45,51,33,38,22,32,27,14,9,14,15,13,11,5,4,7,5,2,3,3,4,5,5,2,4,0,1,2,1,1,0,0,1,0,2,0,4,0,0,0,0,0,0,0,0,0,0,0,0,0,0,0,0,0,0
3,6,6,5,2,17,14,11,14,15,10,8,12,16,19,23,38,38,37,37,47,36,63,76,44,49,91,80,95,94,97,115,141,161,162,168,222,224,249,244,300,218,312,336,384,420,433,458,537,480,540,602,555,587,646,685,738,755,709,779,819,818,949,960,965,904,1053,1042,1057,1065,1068,1126,1129,1197,1198,1194,1133,1254,1188,1212,1071,1236,1225,1274,1192,1188,1177,1179,1174,1235,1032,1134,1063,1037,1011,1050,993,1013,892,970,858,830,830,836,784,707,722,676,665,589,514,554,504,532,492,452,487,412,368,361,331,319,263,309,238,243,242,238,206,154,157,137,115,100,90,110,88,90,82,68,66,48,73,59,53,47,44,23,45,22,23,22,15,17,17,7,15,21,9,1,5,5,1,7,7,2,4,5,8,1,0,1,4,0,2,0,0,4,0,1,0,2,0,0,0,0,0,0,0,0,0,0,0,0,0,0,0,0,0,0
6,4,10,8,5,13,13,4,12,17,8,11,15,19,26,20,31,43,34,29,64,50,71,76,58,66,78,78,109,90,123,93,122,156,166,200,260,234,244,223,328,270,335,339,370,423,401,413,514,502,541,587,570,599,656,695,787,704,772,797,857,817,987,963,981,921,960,1037,1071,1137,997,1080,1180,1172,1139,1147,1201,1224,1176,1130,1070,1184,1186,1157,1211,1102,1135,1152,1082,1168,998,1057,1035,1048,972,1001,913,943,871,890,804,772,836,769,729,659,662,641,624,512,501,501,485,483,456,401,388,373,390,341,299,305,261,268,222,167,219,215,164,184,135,129,108,88,90,113,80,65,67,72,65,60,55,52,40,40,52,28,29,20,22,24,22,4,12,11,16,18,11,2,1,4,4,3,8,1,10,2,5,0,1,2,1,4,0,0,0,1,0,0,1,1,0,0,0,0,0,0,0,0,0,0,0,0,0,0,0,0,0,0
9,4,1,3,1,15,11,11,16,8,10,15,7,25,27,35,40,45,33,25,46,33,57,80,63,59,83,96,97,104,104,128,173,177,176,187,241,212,270,234,338,262,351,304,411,423,396,440,562,443,509,598,617,559,717,638,788,755,710,772,785,845,967,915,943,933,959,998,1035,1034,1080,1064,1154,1175,1151,1078,1156,1188,1070,1110,1047,1119,1140,1102,1178,1139,1066,1084,1089,1146,1014,996,1039,951,941,925,875,948,816,804,736,771,773,735,740,581,702,620,626,483,510,495,456,438,436,420,389,343,315,309,333,258,250,250,188,185,227,199,165,184,158,144,102,96,98,88,72,62,59,79,61,46,54,61,38,44,55,32,25,15,28,17,11,12,16,17,16,10,6,2,7,4,4,5,11,2,2,1,2,1,1,1,2,2,0,1,0,1,0,1,0,0,0,0,0,0,0,0,0,0,0,0,0,0,0,0,0,0,0,0
8,5,8,3,1,17,8,6,14,16,7,20,7,18,21,23,47,45,31,34,43,48,71,80,60,54,77,82,90,91,91,88,155,155,175,175,264,220,249,233,303,259,337,332,368,418,415,420,518,482,525,631,587,599,668,648,736,722,770,750,813,855,916,922,907,978,983,994,1029,1073,1034,1046,1101,1075,1145,1018,1124,1194,1058,1074,1013,1054,1130,1066,1183,1055,1081,1021,1035,1035,911,975,943,904,917,888,878,930,778,812,698,742,758,658,674,579,572,588,553,514,491,458,433,405,390,353,372,335,321,307,278,251,251,213,167,192,219,214,145,164,110,126,94,85,89,94,69,63,60,67,52,48,47,45,47,50,44,30,37,13,21,18,9,17,13,15,14,15,9,5,3,4,3,4,7,2,5,5,3,3,2,0,1,0,1,0,0,1,0,2,0,0,0,0,0,0,0,0,0,0,0,0,0,0,0,0,0,0,0,0
9,7,5,6,2,10,11,6,12,19,9,11,10,17,20,14,34,46,24,35,55,58,70,82,55,65,83,75,93,80,111,120,148,148,190,187,229,206,250,226,332,239,345,356,383,411,446,486,538,462,544,557,583,579,650,677,715,745,756,772,781,804,950,891,923,905,963,1010,1109,1091,1018,1055,1051,1130,1087,1115,1082,1144,1082,1049,978,1073,1115,1019,1043,1010,1014,1063,1015,1027,919,1006,892,879,849,878,763,806,706,770,728,737,741,696,644,599,535,550,549,526,418,456,417,410,390,359,320,297,296,296,251,221,215,278,202,168,205,158,153,154,128,113,99,83,84,85,80,52,58,74,65,42,54,38,39,41,44,37,28,14,27,13,13,14,12,14,14,16,12,3,8,6,3,2,4,3,3,1,5,3,3,1,0,1,1,0,0,2,0,0,0,1,0,0,0,0,0,0,0,0,0,0,0,0,0,0,0,0,0,0
11,8,8,2,6,14,7,8,12,10,11,12,16,12,25,17,34,49,27,32,57,40,72,76,56,51,90,94,100,94,108,110,131,153,189,176,209,225,240,231,320,250,331,345,353,407,410,460,501,480,523,626,565,568,671,687,740,766,710,762,814,797,942,904,921,864,962,998,1032,1008,1031,993,1059,1086,1033,1065,1026,1181,987,963,915,1055,1022,992,1016,1058,917,994,910,952,898,841,883,855,814,811,769,839,706,731,682,663,658,614,608,522,532,545,469,450,433,416,410,358,365,326,335,269,299,265,243,230,198,234,177,171,172,172,130,144,108,121,87,86,78,78,56,66,62,62,54,41,56,40,39,43,50,19,38,18,21,5,15,10,14,9,8,21,12,5,4,3,1,4,5,1,3,4,3,0,3,1,2,1,0,6,0,0,0,1,1,5,0,0,0,0,0,0,0,0,0,0,0,0,0,0,0,0,0,0
9,6,6,5,2,6,6,8,8,21,15,19,16,24,27,25,39,44,16,23,69,47,77,71,45,68,75,89,78,86,94,101,129,173,169,179,204,210,263,237,274,280,315,350,412,375,428,438,527,483,505,613,555,586,683,664,744,718,707,778,818,821,905,864,902,957,904,938,938,1031,992,1055,1076,1058,1002,996,1036,1078,1024,1037,860,1036,992,1019,980,977,966,948,938,968,824,838,851,841,776,815,663,799,706,706,632,609,668,575,566,564,547,513,451,444,381,403,385,347,397,284,325,280,286,262,256,189,216,225,156,141,177,140,130,117,124,112,88,75,63,77,71,59,41,63,44,37,38,41,27,37,30,22,25,14,22,12,5,9,8,10,19,14,11,2,6,3,2,3,2,1,3,2,3,1,1,2,2,4,2,0,0,0,0,0,1,0,0,0,0,0,0,0,0,0,0,0,0,0,0,0,0,0,0,0
9,9,9,4,4,10,9,10,9,13,13,13,10,22,24,14,41,43,32,18,57,38,70,76,55,74,77,77,90,72,109,115,140,137,176,202,199,237,215,279,322,262,304,338,364,421,410,445,548,455,536,605,557,551,664,642,696,714,744,787,747,779,910,930,883,889,878,953,989,1012,996,994,1014,1053,973,956,990,1074,1004,1014,942,973,1000,972,970,980,958,954,839,988,780,837,855,739,770,776,686,731,663,661,625,642,625,578,602,467,475,467,454,420,422,397,379,352,360,317,286,253,250,268,249,191,176,185,149,148,157,151,103,136,112,94,80,83,71,63,64,54,52,56,51,44,40,42,32,28,49,26,19,15,23,18,24,8,7,6,13,20,6,2,7,3,1,3,1,1,5,2,1,2,0,1,0,1,2,1,0,0,0,2,1,0,0,0,0,0,0,0,0,0,0,0,0,0,0,0,0,0,0,0
8,6,5,3,1,8,9,11,17,10,9,9,15,11,22,22,22,44,24,34,51,46,55,81,55,49,87,92,93,92,100,117,139,148,173,190,247,217,227,255,327,271,348,350,366,422,427,416,507,477,506,589,589,568,668,624,741,673,755,716,825,859,871,870,842,862,858,907,960,1013,1016,944,978,1031,983,966,997,1048,942,927,875,941,908,912,1003,888,909,844,853,905,824,862,754,757,757,719,678,689,612,628,603,543,575,571,537,470,488,449,458,372,357,380,339,349,321,297,286,247,230,231,224,196,147,179,146,124,169,142,128,98,91,95,79,67,69,68,65,54,45,48,50,42,40,33,21,45,33,25,16,12,21,15,9,7,6,12,12,12,5,2,4,2,1,0,5,1,5,5,6,1,0,0,0,4,1,0,0,2,0,2,3,0,0,0,0,0,0,0,0,0,0,0,0,0,0,0,0,0,0,0
4,4,5,3,2,8,16,9,14,13,13,9,9,11,23,19,40,42,21,27,46,38,60,84,56,69,81,94,75,90,102,108,145,160,194,209,205,215,224,248,321,249,348,359,351,389,393,471,483,403,538,604,534,562,652,631,688,723,697,781,790,809,850,845,833,815,816,884,907,940,970,924,959,980,951,915,954,924,923,922,832,873,941,947,903,885,873,899,812,849,736,766,762,687,775,718,640,663,587,669,578,558,565,551,495,442,484,412,443,382,328,365,359,300,334,301,259,233,252,210,205,169,165,187,138,156,160,128,102,109,74,116,80,76,57,64,64,37,46,51,45,41,51,45,31,31,25,19,23,13,15,19,11,10,8,9,18,13,8,3,9,2,0,3,6,3,7,2,2,0,0,1,0,1,1,0,0,2,0,0,1,1,0,0,0,0,0,0,0,0,0,0,0,0,0,0,0,0,0,0
10,4,6,1,2,20,16,12,13,19,15,22,9,20,28,24,35,42,33,34,56,37,56,67,55,61,71,73,114,95,107,113,145,124,155,193,222,246,237,245,314,300,307,331,326,397,410,442,484,424,507,565,584,557,685,616,672,704,699,698,730,777,855,814,861,829,900,865,943,922,953,906,893,994,878,936,970,1054,939,897,832,906,960,913,956,762,833,831,764,797,692,808,737,662,670,705,596,656,583,598,518,539,504,546,498,473,450,411,422,389,338,341,317,288,292,265,240,232,219,202,187,165,161,141,129,127,143,139,103,93,99,86,65,65,69,75,54,41,59,50,44,28,30,34,29,30,32,16,16,14,19,17,10,11,13,4,10,9,10,1,5,3,2,4,6,2,8,1,3,0,0,1,1,1,1,0,0,3,0,1,0,2,0,0,0,0,0,0,0,0,0,0,0,0,0,0,0,0,0,0
4,9,2,1,3,13,10,13,15,10,13,12,13,18,28,16,45,39,39,32,56,43,56,67,53,65,89,95,97,104,103,106,141,149,167,196,235,214,237,285,280,294,349,336,324,412,357,431,468,448,474,586,524,581,632,593,634,653,625,697,753,739,788,830,785,794,826,842,921,906,894,864,918,960,933,962,876,947,913,869,784,901,905,859,863,838,825,816,815,778,709,746,693,633,687,605,620,651,565,608,504,548,509,512,471,405,419,403,381,349,301,357,307,308,309,255,240,217,211,195,209,149,139,164,119,115,137,135,123,102,76,69,46,66,57,62,46,49,43,44,50,32,33,36,20,26,27,31,19,10,14,10,9,6,10,10,6,15,5,2,2,2,2,3,5,2,4,1,3,0,2,3,0,4,1,0,0,3,0,1,0,0,0,0,0,0,0,0,0,0,0,0,0,0,0,0,0,0,0,0
4,4,5,3,2,13,10,13,7,12,10,14,8,19,21,19,36,50,42,21,61,37,54,71,56,65,77,80,93,84,94,113,129,133,182,208,218,196,230,240,284,260,336,335,345,404,407,419,502,453,474,566,522,519,654,635,636,696,668,786,725,720,832,860,819,829,818,926,869,861,897,851,886,941,894,897,863,946,852,862,732,838,832,787,817,787,805,733,722,770,635,713,708,636,667,636,570,607,536,552,488,492,465,460,431,382,396,400,346,287,318,323,298,290,251,256,239,209,222,172,186,161,178,141,124,109,125,130,86,94,82,89,59,60,49,56,47,44,39,51,43,29,28,42,22,31,35,21,24,5,13,14,7,12,7,6,10,12,8,2,5,3,1,3,6,0,6,3,3,0,0,2,2,2,1,2,0,0,0,1,0,0,0,0,0,0,0,0,0,0,0,0,0,0,0,0,0,0,0,0
11,8,10,1,3,10,4,10,16,15,11,14,15,20,24,27,46,47,28,26,56,42,60,74,56,64,76,71,82,92,99,91,141,154,173,204,232,204,240,257,308,268,314,324,338,385,401,410,497,411,519,538,516,520,594,570,681,656,666,658,708,740,792,767,771,723,800,798,906,895,884,844,926,895,878,879,867,928,790,861,723,778,837,790,795,735,749,747,744,708,616,716,658,666,603,605,587,592,499,530,509,489,472,459,428,362,367,385,359,316,295,272,265,288,259,245,249,231,201,188,205,151,141,161,109,103,141,121,96,105,94,78,55,60,63,58,35,45,35,59,37,20,26,35,28,26,34,24,16,10,16,11,5,10,6,8,4,12,9,4,7,5,2,7,2,0,3,1,2,0,1,1,0,0,0,0,0,0,0,1,1,0,0,0,0,0,0,0,0,0,0,0,0,0,0,0,0,0,0,0
10,5,6,1,2,12,14,8,13,11,7,13,12,12,20,19,39,48,27,21,43,57,61,60,59,52,91,72,83,73,101,113,140,144,157,204,217,195,253,251,271,267,303,347,323,372,392,407,485,425,466,575,502,508,638,596,655,644,617,743,703,702,768,747,789,760,764,817,869,854,825,829,825,935,816,817,813,869,775,773,740,853,792,754,764,704,732,799,676,731,628,654,643,586,558,567,527,561,480,495,462,465,470,448,397,365,413,358,357,291,288,308,243,274,241,240,219,208,178,165,171,132,137,148,109,116,136,117,103,88,66,71,55,52,47,50,56,42,32,56,34,21,31,29,25,21,29,12,24,12,14,15,4,4,3,2,8,11,10,1,7,2,1,3,6,0,9,3,2,1,0,1,0,0,0,1,0,2,0,0,0,0,0,0,0,0,0,0,0,0,0,0,0,0,0,0,0,0,0,0
10,7,6,5,2,11,10,11,10,12,15,15,23,9,23,27,30,51,29,31,50,41,71,68,53,66,85,79,78,79,88,102,138,147,187,189,234,222,210,227,318,231,296,352,353,391,402,401,469,398,508,576,519,483,618,589,657,603,642,725,706,707,786,726,711,741,766,800,838,829,792,782,745,824,791,801,819,880,763,719,676,747,766,736,827,779,704,688,646,709,606,611,653,629,551,567,569,549,475,500,464,400,443,431,373,346,378,359,351,267,278,254,259,245,217,216,214,193,170,171,171,133,112,116,104,95,104,123,93,95,72,75,52,63,40,52,34,34,52,36,33,21,39,24,27,28,25,21,20,9,18,6,5,6,5,9,5,10,4,2,3,3,3,8,3,1,4,3,8,0,0,3,0,1,1,2,0,0,0,2,0,1,0,0,0,0,0,0,0,0,0,0,0,0,0,0,0,0,0,0
8,4,6,6,1,13,13,14,10,16,10,13,12,21,23,19,40,44,23,30,56,44,69,76,59,70,86,81,98,82,77,108,115,144,153,201,231,214,253,247,300,258,318,334,336,361,398,383,448,412,461,499,509,533,607,576,629,680,621,641,682,704,757,714,666,722,762,787,815,842,853,784,769,836,766,774,809,845,739,716,647,763,778,713,729,705,643,675,633,622,627,658,599,564,530,530,466,519,464,466,409,433,435,412,395,304,323,325,299,307,268,236,234,249,229,199,215,174,174,198,143,105,122,154,93,83,117,125,90,82,82,60,44,49,43,41,57,20,35,26,37,16,18,35,17,30,26,17,24,11,9,6,11,7,9,7,8,11,12,4,1,2,2,2,3,0,4,0,2,2,1,2,0,2,4,1,0,0,0,1,1,0,0,0,0,0,0,0,0,0,0,0,0,0,0,0,0,0,0,0
7,6,5,1,2,10,11,16,8,9,8,11,11,8,24,23,35,59,25,28,57,33,61,74,61,56,72,73,94,97,104,98,112,142,165,175,236,205,230,225,302,248,300,326,325,370,379,399,477,452,435,540,458,503,568,570,640,645,563,657,638,746,757,669,726,734,733,756,782,807,811,757,779,790,768,759,773,799,701,716,676,724,761,718,724,650,666,651,610,645,591,607,597,493,495,536,465,499,452,471,396,406,374,407,335,270,315,310,310,269,248,261,232,228,242,199,206,192,175,155,153,111,119,131,91,108,88,100,82,92,48,61,54,40,41,50,37,41,30,37,40,18,26,31,20,20,26,16,21,9,9,6,5,7,3,5,8,10,6,5,2,0,2,1,4,0,2,4,5,2,1,2,2,0,0,0,0,0,0,0,0,0,0,0,0,0,0,0,0,0,0,0,0,0,0,0,0,0,0,0
9,5,7,0,5,16,9,11,10,14,22,16,16,17,21,23,36,43,21,22,47,47,64,72,55,70,88,74,95,82,93,109,114,142,179,177,217,204,217,219,266,237,258,309,327,382,398,398,420,429,437,524,503,481,580,538,601,565,600,582,642,657,715,686,735,710,706,689,739,824,767,727,772,761,787,756,762,782,705,685,633,698,699,647,696,636,659,617,618,616,553,571,537,508,542,501,470,463,417,450,418,402,367,369,352,341,325,300,289,262,222,259,206,235,229,188,178,164,180,152,135,135,122,122,96,89,108,87,76,64,62,52,39,34,42,47,36,37,35,36,29,22,24,20,14,20,22,20,14,7,10,10,5,6,5,5,9,9,5,2,6,0,2,2,3,0,0,1,3,1,0,0,0,1,0,1,0,0,0,1,0,1,0,0,0,0,0,0,0,0,0,0,0,0,0,0,0,0,0,0
7,6,4,4,4,14,8,6,10,16,11,10,11,16,10,19,31,38,31,27,52,38,61,66,56,59,82,77,91,86,88,114,124,150,156,174,208,200,234,248,288,236,290,320,336,351,374,401,416,388,430,538,509,506,557,542,551,604,537,640,628,667,716,686,690,682,689,698,755,804,783,741,798,751,717,685,697,704,708,674,607,628,724,682,671,584,660,616,613,608,535,581,514,485,511,448,423,448,440,428,424,398,349,367,313,310,299,284,272,272,213,237,206,226,230,171,183,170,154,156,135,113,112,121,85,85,82,83,72,78,66,50,41,41,41,42,30,19,30,36,19,20,22,27,19,19,25,14,23,7,14,5,9,2,8,9,10,7,7,1,2,4,3,5,3,0,5,1,2,1,0,0,3,1,0,1,0,0,0,1,0,0,0,0,0,0,0,0,0,0,0,0,0,0,0,0,0,0,0,0
6,3,7,8,1,9,15,10,9,12,9,19,12,18,19,22,36,46,22,24,51,46,58,64,45,48,64,81,87,55,98,107,125,155,163,178,194,200,210,195,259,246,260,276,317,350,373,385,417,371,434,500,468,463,597,540,610,589,574,562,667,647,704,672,708,666,660,695,692,777,713,673,717,805,742,713,713,787,657,693,630,688,699,695,640,609,573,621,593,599,514,553,522,479,454,441,403,465,430,392,379,357,378,371,344,292,289,290,222,226,231,248,204,205,195,214,169,155,138,126,118,112,100,109,86,78,95,91,61,65,68,62,41,35,38,44,37,32,33,36,32,17,26,20,19,23,17,14,21,11,7,6,5,8,5,10,3,9,4,2,3,1,1,2,4,1,5,4,2,0,0,1,1,0,0,0,0,2,0,0,0,0,0,0,0,0,0,0,0,0,0,0,0,0,0,0,0,0,0,0
12,3,3,2,3,14,11,14,7,11,10,13,16,21,26,21,41,43,23,23,48,34,59,61,50,57,70,69,79,91,102,112,108,120,155,182,202,200,235,204,265,216,272,315,297,340,347,341,391,389,418,481,422,485,535,512,560,580,535,589,630,632,670,641,654,681,667,672,708,699,745,668,684,761,687,684,716,728,667,638,597,602,658,545,666,596,571,588,559,586,476,505,496,467,436,430,407,457,354,405,388,345,350,384,348,273,300,296,260,241,243,218,199,185,220,171,171,157,159,157,111,103,79,111,84,89,93,98,60,68,69,53,49,32,29,41,34,30,26,32,24,15,23,29,17,17,11,13,19,5,10,10,6,6,5,6,8,8,6,1,0,1,1,2,1,1,1,1,3,0,1,0,1,0,1,0,0,0,0,1,1,0,0,0,0,0,0,0,0,0,0,0,0,0,0,0,0,0,0,0
4,10,2,2,1,15,10,13,14,12,10,11,4,17,24,16,33,31,32,22,53,44,57,79,55,54,76,66,90,72,80,107,115,141,154,160,194,218,223,236,311,228,265,309,261,360,347,340,448,432,435,533,457,494,499,520,578,504,553,620,562,628,731,669,681,650,682,692,705,774,690,672,665,719,665,623,636,730,574,630,573,628,587,594,619,577,523,577,515,548,530,494,486,474,421,380,425,421,382,368,345,354,354,311,309,291,275,256,262,219,205,225,194,182,191,175,166,148,132,122,136,104,109,120,71,67,84,85,68,78,52,54,35,36,28,36,29,25,21,40,32,20,19,25,25,12,32,12,14,11,11,6,4,1,6,6,7,11,8,2,5,3,2,2,2,2,2,3,2,0,1,1,0,0,0,1,0,1,0,3,0,1,0,0,0,0,0,0,0,0,0,0,0,0,0,0,0,0,0,0
5,6,4,3,3,10,14,10,13,11,17,5,9,22,16,15,25,35,25,27,48,41,55,75,44,53,70,60,82,91,88,99,109,136,166,173,191,170,204,210,271,227,271,291,307,365,345,333,406,371,402,488,426,432,513,567,569,535,563,547,573,594,667,633,645,604,651,616,614,744,690,663,680,734,677,635,677,678,596,621,559,610,634,602,573,556,548,549,549,540,472,512,456,430,437,441,356,398,349,398,318,361,330,287,299,240,272,264,206,236,190,215,186,184,181,173,190,144,150,148,108,86,98,111,75,88,87,83,66,62,50,53,38,28,37,36,46,21,31,40,29,25,20,27,11,13,19,17,17,6,5,9,3,10,4,2,7,10,5,2,3,1,2,3,4,2,2,4,1,0,0,1,0,1,0,0,0,0,0,0,0,1,0,0,0,0,0,0,0,0,0,0,0,0,0,0,0,0,0,0
9,3,6,6,4,12,11,12,9,10,5,11,8,15,26,13,40,32,31,31,32,46,57,70,52,67,77,90,94,79,91,100,120,133,169,159,167,173,238,215,267,215,262,278,250,327,347,354,379,338,450,469,471,457,521,517,599,531,498,569,595,537,657,610,580,589,650,614,657,698,650,639,657,652,690,633,641,689,607,563,556,583,561,574,559,547,555,522,491,525,440,462,460,408,420,406,351,365,352,375,294,330,295,329,274,238,257,244,223,213,210,197,188,166,194,143,159,134,111,97,125,85,91,92,80,83,80,71,54,69,40,41,34,29,29,35,30,18,37,22,20,13,23,18,15,10,16,15,13,5,9,8,9,7,5,6,6,16,5,0,2,2,1,0,2,1,1,3,2,0,0,1,0,1,0,0,0,0,0,1,0,0,0,0,0,0,0,0,0,0,0,0,0,0,0,0,0,0,0,0
7,5,5,2,1,9,6,10,14,12,16,13,14,14,18,16,36,34,28,35,53,52,51,67,47,54,51,56,83,77,92,115,104,114,162,158,200,198,215,201,257,235,239,302,285,307,327,317,385,326,372,502,455,412,510,478,552,484,527,551,580,566,589,582,576,628,597,612,634,637,616,600,661,639,628,567,612,667,594,581,537,588,551,531,555,536,496,527,475,493,445,485,452,430,390,366,360,394,331,336,317,314,295,282,293,236,259,254,203,201,168,167,162,170,171,131,146,132,115,120,98,101,77,99,68,66,73,72,64,50,52,42,39,39,24,31,26,12,27,30,18,19,15,24,18,18,20,11,19,5,15,8,0,5,7,7,3,2,3,2,4,0,0,2,0,0,3,2,2,1,0,1,0,1,1,0,0,0,0,1,0,1,0,0,0,0,0,0,0,0,0,0,0,0,0,0,0,0,0,0
4,2,6,1,2,12,10,6,6,11,10,10,7,15,25,18,31,34,23,28,57,35,50,59,47,54,70,67,77,72,82,102,104,134,127,138,216,179,222,208,241,241,263,305,305,313,338,341,395,330,401,480,398,414,506,488,521,463,518,525,586,574,635,629,589,561,571,650,650,616,614,626,626,644,621,643,598,666,529,543,492,540,553,516,518,464,488,451,475,467,391,412,420,400,329,399,330,398,343,341,271,287,299,309,274,203,238,230,229,173,178,155,188,144,170,132,123,122,107,104,103,74,87,81,68,76,75,74,53,42,44,34,28,37,24,31,25,26,29,27,24,18,12,15,16,8,23,14,12,3,9,2,8,2,5,5,5,7,3,0,3,2,1,2,2,0,5,1,1,1,0,0,1,0,0,0,0,0,0,1,1,0,0,0,0,0,0,0,0,0,0,0,0,0,0,0,0,0,0,0
9,4,6,5,1,6,9,12,9,11,15,14,8,15,16,15,40,36,25,25,52,35,58,49,49,64,62,64,81,52,74,88,110,113,124,140,206,187,217,204,261,193,252,294,240,283,332,311,367,357,359,439,397,415,478,424,497,532,460,532,551,517,597,559,558,559,559,598,586,657,615,605,580,620,623,568,627,587,552,517,523,562,536,501,522,493,468,451,458,465,403,422,386,356,367,361,313,362,300,304,319,286,278,272,269,208,229,224,227,203,166,182,152,166,169,131,129,112,129,108,123,90,70,86,79,62,81,59,54,56,33,42,38,31,31,23,33,21,25,23,20,18,13,25,8,12,13,10,13,7,7,6,7,5,2,7,8,4,1,0,1,1,2,0,4,1,6,2,2,2,0,1,0,2,0,0,0,1,0,1,0,0,0,0,0,0,0,0,0,0,0,0,0,0,0,0,0,0,0,0
6,5,10,2,1,12,14,11,4,10,15,17,9,14,20,27,34,25,21,19,47,28,62,61,52,57,63,52,80,67,74,107,104,127,132,143,204,192,217,222,252,194,261,296,300,309,332,306,369,309,351,405,396,405,470,463,499,503,485,536,564,541,609,561,563,559,560,565,621,635,605,583,602,576,536,574,597,624,543,550,446,518,516,473,482,482,446,466,428,432,411,399,426,368,364,343,291,341,287,314,249,283,252,279,243,215,205,195,164,171,154,170,171,143,171,132,145,129,98,113,83,80,61,77,56,58,64,65,49,51,41,51,33,35,24,22,20,25,24,28,22,20,11,21,15,10,13,11,9,5,6,6,5,1,4,6,8,6,2,0,1,4,1,0,0,0,2,1,0,0,0,1,0,0,0,0,0,1,0,2,1,0,0,0,0,0,0,0,0,0,0,0,0,0,0,0,0,0,0,0
7,4,4,5,2,11,8,9,9,8,11,11,10,10,18,12,38,40,18,28,48,38,46,51,52,58,72,65,81,75,73,99,114,130,156,166,190,141,180,208,233,226,247,307,297,289,330,330,368,330,359,446,371,354,498,450,473,480,509,506,471,476,552,570,526,560,551,569,561,591,548,556,587,622,585,546,533,561,485,508,497,503,535,496,467,452,419,463,448,423,417,387,379,377,347,326,317,297,312,297,256,252,293,260,236,208,199,209,184,177,168,159,143,149,143,124,125,100,95,96,85,83,80,69,55,58,74,79,47,42,31,42,39,22,31,30,29,22,16,28,19,11,20,15,11,17,17,15,11,2,7,7,2,5,5,4,1,6,7,2,2,2,0,2,1,0,3,0,1,0,1,0,0,0,1,0,0,0,0,0,0,0,0,0,0,0,0,0,0,0,0,0,0,0,0,0,0,0,0,0
9,5,9,4,4,15,8,14,13,9,10,12,14,14,10,17,30,33,22,23,47,25,48,68,39,47,80,70,71,67,81,91,106,114,150,160,186,179,180,179,240,189,263,293,253,322,291,318,367,313,359,441,388,417,438,431,507,469,458,495,538,470,548,536,566,496,552,545,594,607,558,528,519,593,609,519,566,591,521,518,456,540,446,475,473,434,397,473,417,390,372,359,352,344,357,361,320,324,251,258,277,243,253,263,229,195,196,171,197,158,167,158,138,144,141,114,108,102,111,104,82,70,59,78,63,62,50,68,51,46,39,36,27,31,33,32,29,14,22,33,25,20,14,18,11,10,13,10,15,8,7,6,4,4,4,5,3,7,2,0,2,0,1,3,4,0,2,3,0,0,2,0,0,0,0,0,0,0,0,0,0,0,0,0,0,0,0,0,0,0,0,0,0,0,0,0,0,0,0,0
8,2,7,3,2,9,6,7,14,10,10,17,7,10,15,18,31,35,26,19,53,31,48,64,39,47,70,56,78,70,89,85,100,121,135,160,144,179,193,179,229,196,267,267,257,269,311,330,352,298,389,441,390,354,453,470,465,469,460,484,521,506,575,481,523,517,530,486,585,555,545,550,520,531,537,504,513,532,490,493,423,472,464,478,430,425,425,422,379,398,352,337,349,359,333,326,291,302,264,277,247,250,267,245,203,179,181,195,194,157,142,136,153,144,137,112,106,116,104,91,77,70,64,74,53,61,60,67,42,46,31,37,33,30,26,26,20,25,18,24,17,18,15,10,12,11,15,11,12,7,5,9,10,4,4,6,2,4,5,1,2,1,1,1,1,0,1,0,1,1,1,1,0,1,0,0,0,0,0,0,0,0,0,0,0,0,0,0,0,0,0,0,0,0,0,0,0,0,0,0
8,6,6,4,1,7,10,15,9,7,5,11,10,17,19,12,28,38,19,23,47,32,49,63,45,43,64,56,77,59,78,99,96,115,110,147,178,192,202,184,224,181,212,284,272,286,289,322,342,311,366,425,372,365,403,419,490,444,401,421,421,509,560,529,522,501,505,539,517,567,503,486,533,525,526,489,542,551,492,472,406,482,467,476,426,401,407,421,376,372,363,371,358,336,316,291,286,308,258,261,224,252,232,213,233,189,191,191,173,133,149,155,138,145,121,96,110,97,100,85,95,67,60,83,64,52,68,58,37,47,37,41,18,22,28,26,20,17,23,18,29,9,13,15,15,14,10,10,6,5,5,2,6,3,4,3,1,9,7,2,1,0,1,2,1,0,3,3,3,2,0,0,0,1,0,0,0,0,0,0,0,0,0,0,0,0,0,0,0,0,0,0,0,0,0,0,0,0,0,0
6,3,1,5,6,10,7,8,8,12,5,11,12,12,16,17,47,42,35,27,49,31,48,68,34,44,69,50,76,61,68,79,90,111,111,116,167,187,182,184,219,196,248,240,261,260,280,275,275,284,338,421,405,376,414,417,434,438,460,450,434,472,512,516,492,477,517,514,547,529,490,469,533,576,519,492,515,542,464,424,399,456,482,396,406,381,389,365,344,373,367,362,366,289,280,296,286,293,246,255,245,247,207,240,219,151,179,163,148,142,134,146,126,103,159,83,115,94,92,81,67,70,63,56,59,58,49,59,43,51,30,27,22,28,25,29,29,14,20,28,18,23,14,18,7,9,13,13,10,4,9,8,9,4,4,5,5,7,5,0,1,0,5,3,3,0,1,1,1,1,0,0,0,0,0,0,0,0,0,1,0,0,0,0,0,0,0,0,0,0,0,0,0,0,0,0,0,0,0,0
8,0,6,5,4,11,9,6,10,10,7,8,7,15,12,16,31,28,22,22,40,35,37,58,48,47,56,59,63,71,76,73,94,112,133,142,160,174,176,179,205,175,243,267,254,297,274,321,346,258,325,423,350,358,422,407,454,406,405,478,474,430,515,492,477,526,476,534,506,536,527,501,532,490,497,492,474,454,431,434,384,427,448,399,412,429,341,358,344,366,352,355,304,308,274,290,262,250,224,249,216,228,230,243,180,162,187,175,167,155,121,160,133,123,115,87,96,94,98,91,86,61,65,72,59,47,52,47,39,41,31,36,27,20,27,24,19,16,16,20,14,11,13,17,11,8,12,8,5,3,6,7,2,1,7,1,4,6,1,1,2,2,1,1,6,1,1,0,3,0,0,2,1,0,2,0,0,0,0,0,1,0,0,0,0,0,0,0,0,0,0,0,0,0,0,0,0,0,0,0
8,3,5,0,3,8,6,6,11,11,16,9,9,11,22,12,25,40,25,20,35,33,47,55,43,55,58,54,66,70,74,88,93,109,132,130,147,155,148,175,220,179,238,240,240,249,257,271,321,319,363,358,344,336,414,390,417,480,455,438,437,482,496,454,470,499,461,464,500,519,478,476,495,497,440,466,468,496,463,416,388,400,457,393,421,374,324,357,315,340,325,299,344,285,271,286,246,244,230,276,213,236,200,216,173,154,150,167,142,141,132,154,120,104,109,120,104,105,83,71,73,65,71,56,51,40,48,42,42,43,41,48,27,21,22,22,20,22,25,23,16,14,12,15,10,13,14,6,6,1,8,4,8,2,5,3,6,2,5,0,3,1,0,0,1,0,1,1,2,0,1,1,0,1,0,0,0,0,0,0,0,0,0,0,0,0,0,0,0,0,0,0,0,0,0,0,0,0,0,0
2,2,6,3,3,13,6,5,15,9,8,12,5,12,18,16,31,28,19,28,46,35,35,64,47,35,55,53,72,66,61,81,102,106,115,135,178,149,176,155,222,181,237,281,228,249,254,250,346,311,312,370,363,357,400,388,452,440,399,423,460,482,466,471,464,452,467,508,506,496,452,466,482,493,471,439,463,433,412,415,363,409,423,366,385,365,351,390,383,374,302,307,277,294,272,273,231,251,248,226,202,189,218,191,176,176,163,170,150,132,140,126,109,94,117,89,103,88,80,82,84,58,58,62,43,33,66,59,56,51,33,35,24,21,17,22,10,19,16,20,22,20,10,15,10,11,11,6,9,4,5,3,7,2,3,4,2,8,3,0,0,0,0,3,1,0,0,0,4,0,1,0,0,0,0,2,0,0,0,0,0,0,0,0,0,0,0,0,0,0,0,0,0,0,0,0,0,0,0,0
4,4,7,2,0,12,2,5,6,12,9,3,13,11,14,12,32,32,21,13,37,37,51,58,56,52,52,57,73,67,62,87,97,108,106,120,140,164,146,155,223,168,196,233,249,257,283,294,320,293,321,345,300,328,413,399,386,354,392,429,427,442,425,501,480,467,452,485,478,493,469,428,473,441,434,436,436,478,418,444,381,415,378,381,345,322,319,332,365,352,301,298,308,270,264,253,231,245,210,233,162,158,202,198,181,170,155,148,142,130,136,118,101,110,81,83,105,74,73,73,81,52,70,61,45,34,51,50,36,44,24,28,14,19,29,24,18,17,14,21,27,10,11,13,8,8,15,13,12,7,4,3,5,0,1,2,8,8,3,0,5,2,1,2,2,1,3,2,0,1,0,0,0,0,0,2,0,0,0,1,0,0,0,0,0,0,0,0,0,0,0,0,0,0,0,0,0,0,0,0
10,2,3,3,1,9,8,7,6,10,12,9,13,12,17,9,27,33,24,14,38,30,46,55,34,52,62,66,68,66,67,80,79,128,115,136,150,157,162,160,215,202,221,234,246,260,262,290,325,245,313,348,329,319,409,390,415,404,380,403,422,436,424,423,425,443,422,414,447,473,438,444,423,453,439,428,433,452,408,357,361,382,419,356,367,354,336,334,337,347,301,293,274,259,264,265,258,224,218,223,196,191,208,196,193,151,157,150,141,127,117,127,101,92,110,72,96,79,91,63,63,44,51,59,49,39,46,43,26,46,29,25,22,20,23,29,18,10,24,14,10,10,10,8,6,8,6,8,11,2,7,3,3,4,1,2,5,3,2,1,3,1,1,3,1,1,3,0,1,0,0,1,0,0,1,0,0,0,0,0,0,0,0,0,0,0,0,0,0,0,0,0,0,0,0,0,0,0,0,0
4,4,4,5,1,9,2,8,7,8,7,15,12,17,14,15,22,25,24,25,59,26,41,54,30,46,59,58,78,58,63,89,83,101,128,136,147,145,154,149,238,170,207,195,214,243,241,276,318,255,296,362,353,336,358,375,421,379,371,422,455,396,437,433,430,390,424,424,464,506,439,399,404,464,450,410,423,433,404,370,356,363,403,326,374,324,343,315,309,336,285,248,293,254,229,230,252,227,225,209,209,188,196,201,171,137,174,146,127,109,135,123,94,96,103,84,80,79,67,65,66,56,44,58,61,50,44,42,34,42,19,26,18,26,12,19,15,5,17,24,13,6,10,13,7,13,9,8,7,4,3,7,3,3,7,3,4,4,1,0,1,0,0,3,2,0,1,1,1,0,0,0,0,1,0,0,0,0,0,0,0,0,0,0,0,0,0,0,0,0,0,0,0,0,0,0,0,0,0,0
7,9,4,2,2,5,4,7,10,15,11,11,9,10,21,18,30,34,14,23,35,32,48,51,36,60,72,64,52,69,79,76,86,122,118,118,138,124,147,172,202,180,212,230,197,237,231,239,324,272,288,344,342,309,403,357,408,368,391,384,401,426,467,441,431,424,395,421,432,475,418,392,420,485,435,413,386,456,356,375,346,355,362,330,345,323,321,312,318,289,264,301,287,246,217,225,252,211,197,182,201,177,176,173,180,148,141,129,140,102,132,87,80,94,85,89,96,86,84,69,79,61,44,57,39,54,41,43,37,33,21,18,13,17,14,29,21,13,15,14,12,6,18,11,8,5,13,8,7,3,7,4,7,2,4,4,4,6,4,0,1,0,1,2,1,0,2,0,3,1,4,0,1,1,0,0,0,0,0,0,0,1,0,0,0,0,0,0,0,0,0,0,0,0,0,0,0,0,0,0
3,2,4,3,1,14,8,5,13,7,5,16,9,14,15,13,25,35,24,9,36,24,47,50,36,30,50,61,70,63,62,80,78,91,111,116,127,139,164,137,209,158,177,231,230,235,263,283,282,233,282,371,319,300,385,383,384,358,375,384,380,377,443,434,409,401,412,431,441,473,402,381,444,412,399,432,367,444,344,376,314,345,373,319,320,300,309,283,289,298,281,280,288,239,247,237,215,224,188,217,193,159,157,179,143,149,147,125,131,130,112,101,88,96,92,79,77,72,75,78,64,37,38,53,43,33,40,53,50,35,24,13,19,14,16,14,14,10,10,17,10,8,7,13,6,4,10,6,12,3,1,5,1,4,5,4,5,4,7,0,1,1,0,0,0,1,1,0,1,1,1,2,0,0,0,0,0,0,0,1,0,0,0,0,0,0,0,0,0,0,0,0,0,0,0,0,0,0,0,0
6,2,5,4,3,11,4,9,9,18,11,14,11,3,18,12,22,28,20,17,34,37,38,44,30,52,73,60,65,47,76,70,69,93,107,147,138,131,128,148,177,183,206,210,240,245,250,263,317,257,253,355,336,298,342,340,392,350,357,380,387,411,422,404,388,382,370,417,445,453,433,387,442,414,374,358,408,403,367,318,311,367,367,378,323,284,298,317,261,301,258,254,248,231,207,251,204,195,205,191,187,163,154,199,149,132,130,120,134,102,109,115,91,79,97,89,69,55,75,57,60,52,50,60,41,32,40,36,38,25,27,21,16,18,18,19,17,8,9,14,12,11,11,4,12,7,6,4,9,1,3,0,2,4,3,2,5,8,1,0,0,2,1,0,3,0,0,3,2,0,1,0,0,0,0,0,0,0,0,0,0,0,0,0,0,0,0,0,0,0,0,0,0,0,0,0,0,0,0,0
1,7,2,1,4,8,8,10,5,8,9,10,9,20,12,15,29,26,21,16,27,26,49,51,44,53,56,54,66,50,84,78,84,96,99,125,139,149,163,156,186,153,197,187,229,235,248,242,269,236,259,326,291,281,349,348,377,368,351,345,393,374,375,397,366,393,391,381,364,383,395,401,387,369,379,378,354,392,362,339,317,294,322,321,324,301,306,300,277,265,261,265,231,213,233,218,203,189,204,193,158,148,166,144,152,140,122,139,123,102,107,109,98,85,76,83,84,66,77,67,57,54,41,64,39,42,44,25,30,30,29,31,23,23,11,20,15,15,13,9,19,12,9,15,6,5,14,8,7,5,5,3,3,2,2,2,4,3,2,1,1,0,1,0,1,0,2,0,2,0,0,1,0,1,0,0,0,0,0,1,0,0,0,0,0,0,0,0,0,0,0,0,0,0,0,0,0,0,0,0
8,3,7,0,2,8,9,9,5,6,8,10,9,7,16,6,33,29,27,13,31,31,34,59,36,50,57,59,62,49,76,70,81,100,103,116,151,113,157,138,218,164,192,213,195,240,261,240,301,245,256,302,266,292,313,347,388,364,356,364,389,369,437,373,345,367,379,393,377,399,387,369,402,375,344,365,337,360,349,321,279,316,342,301,318,268,276,257,273,292,234,253,253,220,204,193,194,187,190,178,151,162,162,143,126,129,121,103,124,98,98,109,99,91,88,71,68,64,77,52,46,32,54,40,31,31,39,34,28,25,21,25,13,13,24,19,17,12,14,15,9,9,7,13,11,6,10,5,5,3,2,6,0,3,1,1,3,6,5,0,1,1,1,0,0,0,0,0,0,0,0,1,0,0,0,0,0,0,0,0,0,0,0,0,0,0,0,0,0,0,0,0,0,0,0,0,0,0,0,0
6,3,6,2,2,2,5,6,14,5,9,10,13,12,14,17,25,30,20,27,30,28,56,43,39,38,54,46,63,41,59,51,82,72,111,106,147,151,159,146,188,150,194,220,215,234,242,269,283,237,275,302,250,278,333,319,324,306,339,409,376,324,404,390,360,351,348,365,379,409,392,395,334,380,385,369,372,343,291,348,284,338,315,274,279,295,286,269,248,295,235,212,214,214,220,215,173,184,175,150,180,165,175,167,131,133,140,105,100,78,97,77,76,80,93,66,53,55,71,62,53,44,54,39,43,32,42,41,30,22,15,16,23,9,21,23,15,18,14,11,10,14,9,13,8,5,8,6,7,1,4,0,5,2,2,2,6,8,5,0,1,2,1,1,1,0,0,0,1,1,0,0,0,0,0,0,0,0,0,0,0,0,0,0,0,0,0,0,0,0,0,0,0,0,0,0,0,0,0,0
6,3,2,1,0,5,9,4,7,9,8,8,16,12,16,8,26,33,26,20,27,24,54,53,35,46,38,46,50,48,68,75,83,87,101,97,136,131,158,139,176,143,176,182,196,217,225,255,262,209,255,340,287,283,332,320,345,337,310,354,332,362,363,391,339,356,354,392,360,409,342,358,387,337,371,328,323,326,310,334,253,313,325,282,305,265,262,216,234,236,220,229,210,206,219,206,181,175,176,155,143,151,160,141,133,121,126,115,90,85,83,92,76,84,83,69,71,51,51,62,57,39,35,42,34,27,34,49,24,21,20,19,11,16,17,22,15,11,9,17,8,9,7,15,9,12,8,4,8,3,3,0,3,3,2,3,2,2,4,2,2,0,2,2,1,1,3,1,1,1,0,0,0,0,0,1,0,0,0,0,0,0,0,0,0,0,0,0,0,0,0,0,0,0,0,0,0,0,0,0
2,2,2,3,1,12,6,3,9,5,9,9,7,10,14,15,29,27,15,13,33,21,34,54,30,41,61,39,62,57,53,70,62,95,94,107,140,128,115,129,161,146,169,173,185,227,215,226,263,222,232,310,280,276,329,295,325,328,311,334,324,330,390,393,325,364,325,356,345,393,366,355,361,340,343,329,331,384,322,294,273,318,295,258,295,277,275,233,218,240,238,211,231,194,190,181,175,170,159,139,158,150,141,122,139,104,113,124,97,99,96,87,74,73,71,76,55,53,52,61,40,33,41,40,37,34,33,34,29,25,18,22,13,10,15,23,11,3,18,17,11,8,9,6,7,7,11,4,5,5,3,3,4,1,4,3,6,6,6,0,1,0,2,0,0,0,1,1,0,0,0,0,0,0,0,0,0,0,0,0,0,0,0,0,0,0,0,0,0,0,0,0,0,0,0,0,0,0,0,0
8,1,2,1,4,8,5,5,6,3,10,10,9,10,14,10,18,28,18,15,29,21,40,49,37,40,50,47,49,48,61,70,85,74,101,107,126,118,144,114,168,144,179,176,187,215,195,231,261,207,244,299,268,278,305,304,328,312,281,320,332,330,379,344,347,300,364,348,357,354,363,327,328,345,326,322,334,296,274,304,229,278,284,252,265,254,262,265,232,250,195,222,185,189,184,172,155,162,141,137,142,148,146,142,149,101,102,121,108,73,85,86,74,62,50,71,68,57,39,52,39,39,41,59,29,36,38,30,19,26,28,22,14,14,12,12,12,8,13,14,10,9,10,6,4,5,6,4,9,2,1,2,2,1,3,3,7,6,3,2,1,2,2,0,0,0,1,0,0,0,2,1,0,0,0,0,0,0,0,0,0,0,0,0,0,0,0,0,0,0,0,0,0,0,0,0,0,0,0,0
6,4,3,5,3,5,10,4,4,5,13,10,9,7,13,9,23,23,22,19,31,25,46,46,33,47,51,47,58,41,62,71,72,74,100,90,123,136,126,126,175,152,142,166,187,194,207,219,245,210,255,294,263,280,300,290,324,322,313,311,361,278,391,369,342,332,326,351,335,359,338,352,311,344,354,322,284,340,294,286,243,286,316,245,261,255,233,244,213,241,213,182,216,211,187,184,164,168,142,140,141,126,131,136,109,85,116,128,83,90,76,77,70,83,63,59,68,70,47,52,49,37,24,37,42,44,33,33,25,24,19,24,15,6,16,16,2,8,13,8,18,11,9,11,5,4,5,4,4,3,6,3,2,4,1,0,7,1,4,1,1,0,2,3,0,0,1,1,0,0,0,0,0,0,0,0,0,0,0,0,0,0,0,0,0,0,0,0,0,0,0,0,0,0,0,0,0,0,0,0
6,2,2,1,1,7,11,8,9,10,7,10,9,8,8,12,26,26,19,13,26,23,28,41,29,43,55,42,44,34,67,80,65,96,99,101,107,118,152,134,179,137,168,189,185,203,201,220,243,239,257,258,269,251,314,286,303,318,307,312,289,310,339,346,325,316,338,356,321,391,317,298,334,323,309,310,280,323,300,286,237,283,257,239,255,256,219,246,210,219,191,197,200,182,173,170,169,168,162,144,134,127,141,116,117,99,117,83,100,97,92,78,72,64,48,60,65,69,55,43,36,37,40,31,43,24,38,27,24,22,22,17,15,11,8,19,16,5,16,9,8,11,9,6,7,6,6,2,5,1,3,2,1,6,2,1,0,1,1,0,1,0,1,1,2,0,1,0,1,0,0,0,0,0,0,0,0,0,0,0,0,0,0,0,0,0,0,0,0,0,0,0,0,0,0,0,0,0,0,0
6,3,5,4,1,6,1,8,7,8,6,11,7,8,14,9,23,31,19,18,32,23,47,43,29,28,44,47,57,47,55,51,69,79,100,93,134,119,127,141,137,152,145,188,175,188,223,169,243,201,208,275,256,261,297,296,282,281,261,301,293,296,363,339,310,325,301,332,309,338,314,301,285,284,290,281,319,289,271,262,232,292,253,243,288,233,227,229,223,191,207,192,197,196,151,160,136,126,144,157,138,137,123,122,109,96,106,85,88,91,70,79,60,56,63,65,58,48,50,42,42,42,41,35,30,34,28,29,19,20,17,26,17,10,8,13,14,10,10,12,7,6,4,3,7,5,8,17,11,1,1,4,2,5,4,0,2,3,4,0,1,2,1,1,1,0,1,0,0,0,0,2,0,0,0,0,0,0,0,0,0,1,0,0,0,0,0,0,0,0,0,0,0,0,0,0,0,0,0,0
3,2,8,2,0,7,6,7,9,10,6,5,9,15,9,7,23,22,26,10,21,21,32,31,33,40,47,43,41,49,45,56,73,83,89,102,122,109,136,116,168,134,157,171,179,192,215,208,225,221,199,282,243,213,281,264,272,270,230,305,289,316,321,339,297,315,295,323,335,326,347,290,294,301,313,286,293,278,268,266,225,243,248,236,250,220,226,244,181,211,199,182,146,164,141,165,159,157,141,149,130,117,121,119,89,90,106,100,78,55,62,76,78,56,77,52,72,54,49,50,45,33,39,21,41,27,31,27,16,16,18,21,10,17,10,15,15,9,9,13,8,8,4,7,4,8,10,5,5,2,4,2,1,2,2,1,4,2,0,0,2,3,0,2,0,0,0,2,0,0,0,0,0,1,0,1,0,0,0,0,0,0,0,0,0,0,0,0,0,0,0,0,0,0,0,0,0,0,0,0
2,5,4,1,1,10,3,8,11,8,5,9,6,4,18,10,31,25,18,15,30,24,54,38,19,34,54,39,48,43,72,63,58,84,107,101,113,105,133,123,149,122,167,174,170,205,195,195,224,170,190,274,242,231,291,297,280,315,258,290,289,280,328,298,275,292,304,291,288,300,306,311,309,317,288,291,278,304,258,261,229,282,236,248,216,214,232,221,195,191,184,165,151,137,142,164,123,150,129,162,130,121,113,118,110,96,94,91,73,73,54,63,72,65,71,66,52,45,54,42,41,34,31,36,20,22,37,35,23,17,15,14,12,17,16,11,20,8,13,9,8,5,9,10,3,3,5,6,8,2,3,1,5,3,2,3,0,0,3,1,1,0,1,3,1,0,1,0,0,0,1,1,0,0,0,0,0,0,0,1,0,0,0,0,0,0,0,0,0,0,0,0,0,0,0,0,0,0,0,0
4,3,4,2,2,4,4,2,11,5,8,3,13,8,9,5,32,19,19,15,21,17,34,41,29,37,44,38,53,49,37,47,81,78,82,90,108,91,120,129,145,145,147,169,167,176,180,187,228,195,191,250,218,282,290,278,279,262,246,283,313,303,342,283,290,322,274,300,288,301,294,302,300,289,258,272,276,316,230,227,208,229,259,189,220,220,216,212,177,177,173,170,159,161,163,156,138,158,118,159,117,120,94,122,98,92,85,82,79,71,61,72,69,69,67,51,53,54,48,48,46,41,52,29,23,33,32,21,27,17,20,12,15,9,12,17,13,7,9,9,6,10,3,4,13,7,9,5,6,4,3,4,1,2,2,1,3,0,2,1,0,0,0,1,4,0,1,0,1,0,0,1,0,0,1,0,0,0,0,0,0,0,0,0,0,0,0,0,0,0,0,0,0,0,0,0,0,0,0,0
4,6,1,2,1,6,2,11,5,11,10,7,6,8,12,9,21,24,16,17,30,16,39,50,29,32,45,38,53,31,53,48,55,72,84,91,121,98,129,117,140,127,134,164,169,186,182,231,242,169,225,253,269,254,246,239,275,244,230,280,234,311,295,283,284,253,283,268,311,315,293,293,276,296,305,255,241,266,254,218,207,239,230,201,231,207,177,201,192,200,153,180,179,151,153,160,126,137,113,115,109,126,112,112,106,88,86,88,85,53,80,72,64,55,58,50,53,44,49,45,43,41,33,32,36,28,34,26,25,16,13,16,10,12,12,11,10,6,10,6,4,10,5,9,3,9,9,6,3,1,1,1,1,2,3,3,3,0,2,0,1,0,0,1,1,0,1,0,0,0,0,0,0,0,0,1,0,0,0,0,0,0,0,0,0,0,0,0,0,0,0,0,0,0,0,0,0,0,0,0
6,1,3,1,0,3,4,4,7,4,4,9,10,10,11,9,15,24,23,16,32,20,35,29,37,34,41,26,50,48,47,60,75,82,78,94,127,104,132,119,135,136,118,144,168,184,180,177,196,189,199,242,210,205,262,243,294,274,260,290,272,272,284,274,271,244,267,310,297,305,298,272,251,277,259,250,231,257,260,222,167,229,230,220,212,203,191,185,168,210,159,170,180,163,143,144,115,145,123,124,120,107,100,105,89,76,94,73,75,72,71,64,58,60,40,50,48,47,53,46,29,38,40,31,24,16,30,18,16,22,11,16,19,7,8,10,16,4,3,7,9,5,5,4,4,6,4,2,11,4,4,4,1,3,2,1,3,0,2,0,3,0,1,0,1,0,3,0,0,0,0,0,0,0,0,0,0,0,0,0,0,0,0,0,0,0,0,0,0,0,0,0,0,0,0,0,0,0,0,0
7,1,3,1,3,2,13,4,6,6,6,2,4,7,7,12,21,20,19,16,22,25,38,36,25,30,51,41,44,51,40,51,59,72,73,108,102,97,120,121,141,112,153,141,164,166,175,197,202,175,192,246,230,201,242,287,245,244,290,254,245,284,285,268,256,287,269,268,265,301,270,285,286,265,242,227,232,274,197,213,180,233,218,204,198,211,178,184,186,179,161,139,186,113,144,131,140,122,121,116,127,115,100,105,90,88,91,89,65,69,64,57,67,48,54,53,40,46,41,33,43,28,33,28,29,21,22,33,12,24,11,17,12,9,12,12,8,6,15,11,8,1,4,7,5,4,8,4,2,0,2,2,0,3,0,1,3,1,2,0,0,1,0,0,0,1,2,1,1,0,0,0,0,0,0,1,0,0,0,0,0,0,0,0,0,0,0,0,0,0,0,0,0,0,0,0,0,0,0,0
1,2,5,0,1,5,5,5,8,5,5,6,7,10,9,9,14,24,11,13,36,15,35,45,23,31,35,40,45,40,54,57,58,67,90,80,113,80,112,131,113,107,148,171,160,158,175,205,208,170,195,233,228,225,240,234,270,258,242,282,239,256,271,275,264,274,235,283,262,267,285,283,275,276,259,262,230,243,234,236,192,202,191,221,196,185,206,192,172,175,148,161,173,155,141,122,135,145,126,106,105,113,99,98,81,96,73,95,75,61,58,54,61,51,69,53,44,46,31,28,37,32,24,40,23,19,16,29,24,26,12,8,10,4,9,13,6,6,13,3,6,5,6,6,11,2,12,10,4,0,2,5,1,1,0,2,5,3,2,0,0,0,1,0,1,0,2,0,0,0,1,0,1,0,0,0,0,0,0,0,0,0,0,0,0,0,0,0,0,0,0,0,0,0,0,0,0,0,0,0
4,1,1,0,1,1,5,5,2,2,4,10,7,14,13,4,21,27,17,14,25,25,30,36,24,29,43,35,50,45,55,50,75,82,78,93,106,86,116,108,138,124,132,138,151,155,145,180,190,166,220,230,189,205,235,215,262,233,233,295,265,256,289,273,248,230,237,286,250,280,250,250,256,251,240,233,231,231,210,215,188,223,199,200,191,181,170,180,175,175,156,143,154,118,155,138,124,135,113,86,111,107,91,100,90,72,75,59,75,65,51,64,43,52,55,39,53,29,33,38,36,26,25,31,25,27,27,30,16,32,11,15,16,10,9,7,5,6,11,11,3,6,8,9,6,5,4,3,5,0,3,3,3,1,5,0,4,1,2,0,0,0,0,1,1,1,0,0,1,0,0,1,0,0,0,0,0,0,0,0,0,0,0,0,0,0,0,0,0,0,0,0,0,0,0,0,0,0,0,0
2,2,3,0,0,0,2,3,8,7,2,6,2,6,19,12,28,26,10,8,26,26,36,38,25,31,41,24,57,29,39,46,66,65,74,99,95,102,125,108,131,112,147,160,151,160,135,164,172,184,193,244,196,223,232,223,239,239,238,280,266,253,269,247,250,203,259,224,277,297,232,245,218,246,215,222,223,247,195,238,177,190,197,184,192,172,181,192,148,174,153,130,151,119,115,145,138,123,112,112,87,85,83,81,87,73,80,85,61,63,52,56,49,56,50,53,39,38,28,42,42,23,26,35,28,29,23,32,19,26,16,17,8,9,6,13,8,5,14,8,11,1,6,7,4,2,5,2,4,4,4,2,2,1,0,2,1,2,1,1,0,0,0,0,2,0,3,0,1,0,1,1,0,0,1,0,0,0,0,0,0,0,0,0,0,0,0,0,0,0,0,0,0,0,0,0,0,0,0,0
7,2,2,0,0,8,6,4,7,9,5,14,4,4,14,8,20,26,22,15,22,22,32,37,17,24,35,32,40,41,35,53,69,63,84,91,89,99,125,113,129,133,126,142,146,156,171,168,206,162,169,229,170,177,256,216,250,231,221,246,260,258,262,240,246,233,220,247,276,243,256,231,222,258,227,221,213,220,213,187,154,182,182,182,192,172,180,174,130,190,149,146,129,143,125,115,113,125,105,99,91,89,101,101,78,83,70,72,74,71,68,59,56,62,51,38,49,29,23,36,36,27,25,27,23,32,20,21,19,20,16,11,12,5,6,10,7,12,3,9,4,6,6,4,6,2,6,5,9,0,1,3,3,1,0,0,2,3,1,2,1,0,0,2,0,0,2,2,1,0,0,0,0,0,0,0,0,0,0,0,0,0,0,0,0,0,0,0,0,0,0,0,0,0,0,0,0,0,0,0
4,4,2,2,1,5,4,4,7,5,8,5,7,8,8,5,13,27,15,9,21,19,30,28,31,27,46,34,53,37,45,56,67,74,77,84,90,79,108,111,111,130,133,149,148,147,161,169,193,151,188,234,203,210,235,226,224,240,204,208,221,243,254,229,236,211,217,230,226,229,259,212,251,230,223,204,209,207,190,176,179,179,215,199,197,146,168,137,145,151,128,139,130,112,123,107,94,116,90,101,101,91,79,85,67,71,66,62,69,62,47,59,49,45,38,29,44,31,38,24,17,25,20,19,16,21,33,22,18,22,15,13,10,5,6,12,9,4,8,8,7,5,4,6,4,4,8,3,4,0,2,0,3,0,0,1,3,3,0,0,0,1,0,1,1,0,2,0,2,0,0,0,0,0,0,0,0,0,0,0,0,0,0,0,0,0,0,0,0,0,0,0,0,0,0,0,0,0,0,0
7,1,4,0,0,7,7,2,3,9,5,11,5,8,10,6,23,22,12,8,23,17,22,30,21,38,48,33,45,43,43,53,61,76,82,71,87,78,97,82,148,100,126,131,137,153,143,176,194,155,193,209,178,193,221,185,256,195,204,214,233,231,227,203,214,230,251,231,224,238,235,233,233,235,203,209,220,201,196,179,177,199,189,164,172,172,152,155,139,140,116,135,119,106,94,103,100,122,91,114,91,95,90,74,60,71,62,40,67,58,41,49,49,54,57,47,36,45,43,44,28,17,26,18,29,20,15,16,16,18,12,27,10,3,10,12,7,8,5,7,10,6,8,5,1,4,5,2,4,1,1,1,0,1,4,1,2,1,2,1,0,0,0,0,0,0,0,0,2,0,0,0,0,0,0,0,0,0,0,0,0,0,0,0,0,0,0,0,0,0,0,0,0,0,0,0,0,0,0,0
2,3,7,0,2,5,4,7,5,1,6,6,2,12,10,11,16,27,20,12,23,11,27,31,30,27,32,44,32,32,50,43,66,56,71,65,99,83,110,91,143,103,118,140,144,151,152,148,205,147,169,189,177,184,222,218,247,201,215,247,227,211,233,198,214,232,205,246,257,243,228,233,219,232,200,212,180,230,193,164,166,185,175,177,178,154,140,165,143,116,138,125,117,114,101,129,93,76,79,93,91,84,82,71,72,72,68,67,61,40,38,40,44,52,53,36,31,26,23,22,27,18,20,22,16,13,12,18,16,21,11,7,6,10,15,12,5,3,7,2,9,2,8,3,4,6,10,5,4,1,2,2,2,0,2,0,1,2,2,0,0,0,0,0,1,0,1,0,0,0,0,0,0,0,1,0,0,0,0,0,0,0,0,0,0,0,0,0,0,0,0,0,0,0,0,0,0,0,0,0
6,1,2,1,1,3,10,1,2,6,5,7,6,7,10,5,19,22,12,16,33,18,40,29,22,38,42,40,37,28,42,53,50,55,63,94,99,90,108,86,128,95,134,134,122,132,134,141,188,141,158,186,164,160,216,210,225,215,205,218,208,197,238,220,214,218,216,211,234,241,220,239,228,225,224,188,215,243,167,167,157,191,187,162,162,135,140,151,164,137,129,125,129,121,101,89,85,99,89,86,75,88,90,92,74,60,61,60,80,38,48,42,43,52,49,42,37,19,35,25,21,19,21,21,19,23,13,19,10,22,17,11,9,9,9,13,9,5,6,5,5,2,8,4,7,4,1,2,4,0,2,1,2,2,0,1,2,1,2,0,1,0,0,0,2,0,1,1,0,0,0,0,0,1,0,0,0,0,0,0,0,0,0,0,0,0,0,0,0,0,0,0,0,0,0,0,0,0,0,0
4,4,4,3,1,6,5,10,8,1,7,5,8,10,5,4,15,17,6,13,19,15,27,36,20,31,27,42,51,39,42,47,62,66,93,77,91,86,77,91,114,105,136,118,151,142,143,145,177,149,168,193,179,172,212,174,187,218,194,197,215,228,258,195,190,208,199,212,223,226,199,225,205,184,222,216,193,195,199,173,143,187,184,134,160,138,140,154,126,152,141,138,129,113,111,106,111,96,79,80,71,76,84,100,67,71,41,60,67,48,54,53,28,36,43,30,44,33,29,29,29,14,18,16,20,15,21,21,13,22,8,15,10,11,10,10,4,5,4,7,7,8,3,8,3,8,4,1,5,0,5,4,1,1,2,2,2,1,2,0,0,0,0,0,2,0,0,1,0,0,0,0,0,0,1,0,0,0,0,0,0,0,0,0,0,0,0,0,0,0,0,0,0,0,0,0,0,0,0,0
7,1,1,1,1,7,1,7,5,6,8,7,3,12,9,9,24,9,12,18,27,13,29,39,19,22,43,37,38,26,49,51,63,55,76,75,70,86,94,88,118,89,127,119,125,138,139,156,182,153,151,183,183,157,188,206,212,193,180,199,195,190,226,214,204,203,189,219,192,202,193,204,203,192,222,189,188,186,191,170,147,166,169,151,177,133,169,136,119,117,127,126,120,111,109,99,83,98,91,93,75,72,68,84,59,51,57,51,62,47,42,45,49,43,40,34,38,34,41,28,32,26,18,14,20,15,18,18,12,8,15,7,3,7,8,7,9,5,9,6,6,3,3,6,5,3,4,2,1,2,0,2,1,1,0,1,2,3,2,0,0,0,1,0,0,0,1,1,1,0,2,1,0,0,0,0,0,0,0,0,0,0,0,0,0,0,0,0,0,0,0,0,0,0,0,0,0,0,0,0
4,2,3,0,1,7,5,6,4,3,3,2,8,3,8,12,13,21,15,12,25,13,25,27,15,25,28,35,38,25,36,36,50,51,76,66,93,94,86,99,125,100,135,142,114,147,157,139,167,127,137,198,176,167,200,184,210,218,190,183,187,205,211,220,199,187,208,212,217,228,169,199,201,185,171,187,172,181,157,158,134,155,161,140,130,136,142,141,141,113,119,129,115,88,100,109,87,92,69,96,92,84,79,72,49,68,49,62,54,32,45,44,47,34,41,34,36,23,31,26,21,30,22,18,5,17,21,23,13,10,9,13,3,10,3,7,3,12,8,7,6,5,3,4,1,7,1,4,5,4,3,0,2,0,1,3,1,0,1,0,0,0,0,0,2,0,0,0,1,0,0,0,0,0,0,0,0,0,0,0,0,0,0,0,0,0,0,0,0,0,0,0,0,0,0,0,0,0,0,0
7,4,2,1,0,9,10,7,5,1,9,7,6,7,4,7,16,16,17,11,33,24,32,33,18,25,42,24,47,25,34,42,53,69,74,86,66,70,84,82,110,90,131,117,130,123,147,134,171,138,136,190,186,170,194,190,158,180,189,200,191,200,229,202,173,205,185,239,197,184,190,182,226,195,171,173,197,199,149,160,117,150,163,142,131,130,125,146,120,139,101,113,87,110,99,87,88,90,94,83,79,66,65,85,84,41,60,50,50,48,37,39,46,39,38,37,38,30,29,18,24,13,15,28,12,18,22,23,16,20,10,12,10,5,5,5,8,12,7,2,2,6,6,7,2,4,3,4,1,0,1,1,2,0,1,2,1,1,2,0,0,1,0,0,0,0,2,0,1,0,0,0,0,0,1,0,0,0,0,0,0,0,0,0,0,0,0,0,0,0,0,0,0,0,0,0,0,0,0,0
5,4,2,2,4,7,5,4,3,2,3,7,8,10,6,8,15,19,6,3,11,16,22,25,27,33,27,33,28,39,38,44,53,63,76,75,83,73,78,97,111,79,117,115,117,138,136,150,152,124,142,169,146,151,196,173,198,211,154,195,177,182,234,191,180,181,206,207,203,203,162,190,192,206,153,150,181,183,160,144,144,154,153,135,127,130,111,145,127,140,124,104,122,90,95,94,74,81,79,75,77,68,84,76,57,57,45,51,50,42,39,44,37,50,37,41,40,28,33,18,21,26,15,18,16,21,20,11,11,11,10,13,12,5,8,17,4,1,5,3,2,4,6,1,2,0,7,2,1,1,4,2,1,3,4,0,2,5,1,1,0,0,0,1,0,0,0,0,0,0,0,0,0,0,0,0,0,0,0,0,0,0,0,0,0,0,0,0,0,0,0,0,0,0,0,0,0,0,0,0
4,1,2,1,1,2,1,3,4,4,10,7,5,5,6,9,14,13,10,7,20,17,27,24,24,26,30,26,34,23,38,37,47,46,61,65,89,74,77,75,104,87,112,101,124,129,122,117,155,136,132,162,163,155,191,174,200,186,183,191,198,183,206,218,184,188,172,208,179,187,201,172,166,209,196,169,162,160,152,148,139,152,162,120,151,140,112,134,101,126,107,103,98,87,90,82,87,80,77,61,70,78,60,68,79,56,41,41,61,45,39,37,40,34,27,31,34,27,32,17,20,17,12,15,22,16,16,13,6,11,10,15,5,10,6,4,4,4,5,8,5,4,5,2,2,2,7,2,3,0,2,2,0,3,0,1,1,3,0,2,2,1,0,0,1,0,1,0,0,0,1,0,0,0,0,0,0,0,0,0,0,0,0,0,0,0,0,0,0,0,0,0,0,0,0,0,0,0,0,0
7,3,2,2,1,5,5,1,8,4,4,4,3,6,10,7,17,21,12,17,16,14,26,36,23,24,19,34,41,39,37,34,47,41,54,69,62,73,85,111,117,81,104,117,106,117,138,133,164,131,136,181,147,150,193,193,191,161,145,191,192,181,198,172,183,199,201,180,216,210,186,159,167,159,152,166,156,165,134,145,116,142,159,128,130,130,129,114,102,104,115,100,97,89,83,68,90,103,65,78,61,67,63,73,68,52,68,55,45,51,43,35,23,18,38,29,35,32,23,24,29,19,29,12,15,13,21,11,7,17,9,11,9,2,7,5,5,5,7,3,3,4,4,4,0,0,3,4,4,0,2,3,0,1,1,2,2,1,4,0,0,0,1,0,2,0,2,0,0,0,0,0,0,0,0,0,0,0,0,0,0,0,0,0,0,0,0,0,0,0,0,0,0,0,0,0,0,0,0,0
3,2,2,1,0,2,3,2,1,5,4,7,4,12,8,12,10,14,22,12,24,15,19,20,22,19,35,40,28,21,29,39,42,58,67,65,70,76,85,68,92,78,83,108,106,132,130,122,157,124,143,164,154,159,135,164,180,176,164,179,162,177,202,193,172,179,190,181,204,188,179,172,206,154,180,168,155,155,156,136,121,136,150,120,130,127,127,88,103,111,96,94,89,94,89,89,78,70,61,74,68,47,59,65,49,40,46,46,34,41,28,37,43,30,31,26,29,25,25,26,11,15,11,16,8,10,14,17,12,13,4,14,10,5,8,6,7,3,4,3,5,3,6,4,8,4,0,1,4,2,2,0,2,0,2,2,2,0,0,0,1,0,1,1,1,0,0,1,1,0,0,0,0,0,0,1,0,0,0,0,0,0,0,0,0,0,0,0,0,0,0,0,0,0,0,0,0,0,0,0
2,4,0,1,1,1,5,3,6,4,6,5,3,12,10,2,12,20,14,10,15,13,27,28,21,21,27,29,42,24,33,43,47,60,66,62,67,70,90,73,107,85,95,105,96,119,110,123,135,128,138,150,129,151,150,178,181,171,158,173,177,170,185,192,166,162,198,168,179,183,172,172,174,187,158,171,143,146,138,139,146,142,131,126,120,123,114,133,104,100,99,85,93,91,84,99,81,70,61,57,64,64,53,46,54,46,45,38,39,37,32,45,28,32,44,28,30,17,16,23,15,12,16,16,16,15,12,22,12,14,7,17,9,7,5,6,7,5,3,6,4,3,2,4,2,4,5,1,4,0,0,1,1,2,1,0,4,1,0,0,0,1,0,1,0,0,2,0,0,0,1,0,0,0,0,0,0,0,0,0,0,0,0,0,0,0,0,0,0,0,0,0,0,0,0,0,0,0,0,0
1,1,1,1,0,4,0,5,4,4,5,4,1,9,7,5,12,17,13,9,27,18,23,25,18,20,30,32,28,29,29,33,47,52,52,69,70,86,92,72,77,74,82,87,103,120,116,124,133,120,127,149,138,136,172,150,194,163,164,181,167,155,187,166,169,165,142,173,193,169,165,139,172,173,186,144,171,146,139,127,86,111,153,114,114,113,120,109,105,106,83,83,80,68,65,70,70,60,61,78,59,52,50,54,46,39,50,51,40,45,32,20,28,30,32,25,22,26,14,24,23,18,15,15,14,7,16,12,18,9,11,15,5,5,8,6,6,4,7,5,5,4,2,3,4,3,2,2,0,1,4,3,0,2,1,2,1,0,1,0,0,0,0,1,0,0,0,1,0,1,0,0,0,0,0,0,0,0,0,0,0,0,0,0,0,0,0,0,0,0,0,0,0,0,0,0,0,0,0,0
3,7,2,0,1,2,1,7,7,2,4,5,2,5,11,7,10,12,6,18,22,11,30,31,24,25,31,22,33,29,29,37,43,49,50,64,63,68,78,77,107,82,101,115,114,117,115,117,156,97,112,157,155,147,152,154,151,156,148,156,148,163,169,179,167,145,164,169,175,152,155,152,171,143,180,153,133,170,140,99,132,126,111,99,116,115,93,104,99,94,86,81,83,87,73,78,65,78,64,68,73,59,61,69,54,35,40,51,43,28,28,38,27,31,33,23,27,30,23,14,20,15,25,17,16,16,19,19,11,7,7,9,10,2,3,7,7,2,3,1,2,2,6,4,5,2,1,3,2,0,0,1,2,1,1,1,2,1,0,0,2,0,0,0,0,1,0,0,0,0,0,0,0,2,0,0,0,0,0,2,0,0,0,0,0,0,0,0,0,0,0,0,0,0,0,0,0,0,0,0
3,0,1,3,3,3,2,2,5,6,6,7,5,6,8,5,17,17,9,11,17,14,24,21,16,22,28,16,31,29,20,41,40,47,47,61,74,65,77,63,82,79,93,85,102,107,107,110,125,121,103,156,120,128,178,173,131,160,140,173,168,162,169,163,161,169,144,178,164,184,168,170,154,166,143,128,131,151,138,111,105,130,125,113,126,122,127,98,103,83,76,95,82,102,82,85,71,69,64,55,57,52,56,35,46,44,43,50,32,35,30,29,29,42,32,32,32,27,22,28,17,11,20,17,10,13,12,13,12,6,8,11,5,3,6,5,5,2,7,2,4,4,1,7,1,1,3,1,3,1,0,3,0,2,2,0,2,0,0,0,1,0,0,0,2,0,0,0,1,0,0,1,0,0,0,0,0,0,0,0,0,0,0,0,0,0,0,0,0,0,0,0,0,0,0,0,0,0,0,0
3,2,0,4,0,7,4,2,2,4,4,8,3,11,5,4,7,17,18,8,22,9,31,29,14,19,16,28,27,26,25,45,50,38,49,50,61,65,72,87,73,66,71,107,88,118,110,115,148,96,119,153,132,148,140,138,135,177,144,152,157,170,162,157,170,165,136,198,161,145,149,154,131,150,162,134,143,149,108,105,102,122,123,107,97,106,98,86,105,103,97,85,89,87,61,75,64,67,61,65,51,55,62,50,50,42,47,36,34,36,18,31,30,27,20,25,27,16,25,17,18,10,21,11,13,12,4,8,12,12,5,7,8,3,2,5,6,3,6,6,2,3,3,4,2,5,2,3,1,1,1,2,1,3,2,1,0,2,4,0,0,1,0,1,1,0,0,0,0,0,0,1,0,0,0,0,0,0,0,0,0,0,0,0,0,0,0,0,0,0,0,0,0,0,0,0,0,0,0,0
1,4,1,0,2,4,3,2,4,2,4,9,5,5,8,5,13,18,12,7,28,13,26,33,20,23,17,30,31,21,23,35,35,50,50,59,63,62,73,91,105,85,84,94,92,120,98,105,133,107,107,156,117,150,159,152,186,160,163,149,156,161,163,151,168,157,147,134,144,165,123,135,135,157,116,143,117,118,112,122,79,133,117,120,108,109,106,106,83,102,82,99,93,75,67,82,67,53,61,59,53,39,52,49,33,50,36,39,39,35,34,40,24,18,27,31,23,18,26,27,19,5,15,14,11,8,8,12,5,11,9,8,5,6,6,10,3,3,3,2,2,5,5,1,2,0,2,3,4,1,0,1,1,0,1,1,2,0,1,0,0,0,0,0,1,0,0,0,0,1,0,0,0,0,0,0,0,0,0,0,0,0,0,0,0,0,0,0,0,0,0,0,0,0,0,0,0,0,0,0
3,1,2,2,1,5,2,4,2,3,5,5,3,3,9,6,14,12,11,9,17,13,23,33,16,14,27,26,31,29,20,34,36,34,59,62,67,55,72,75,95,81,74,106,108,121,92,96,115,112,101,119,118,110,149,149,144,125,168,130,158,142,178,156,142,163,141,159,154,168,168,134,131,170,126,133,149,112,107,123,88,116,132,111,94,103,109,97,91,103,96,83,74,62,67,61,68,69,39,58,54,45,51,50,49,49,35,37,35,30,30,25,29,28,27,15,22,13,14,12,15,12,11,8,16,12,13,7,8,13,8,8,3,4,4,6,4,2,3,4,5,0,4,2,2,3,4,2,2,0,2,0,1,0,1,0,1,1,1,0,0,0,0,1,0,0,1,0,0,0,0,0,0,1,0,0,0,0,0,0,0,0,0,0,0,0,0,0,0,0,0,0,0,0,0,0,0,0,0,0
3,2,4,1,0,3,1,4,7,5,4,7,6,7,7,7,13,14,9,9,14,14,25,23,26,33,22,20,20,36,21,29,39,31,32,53,51,53,68,76,82,86,82,77,117,106,107,94,127,107,120,131,114,125,149,148,165,157,126,143,164,135,148,147,153,140,124,157,161,153,137,154,125,148,131,144,138,117,122,114,106,121,107,103,94,95,97,88,97,76,80,71,86,64,69,59,74,58,42,51,40,58,48,52,40,42,42,37,37,28,29,35,25,32,19,22,24,17,25,17,16,11,13,11,10,9,8,11,8,9,8,6,6,7,8,6,3,2,3,5,2,4,4,2,0,0,0,3,5,0,0,1,0,3,1,1,0,0,0,0,0,0,0,1,0,0,0,0,0,0,0,0,0,1,0,0,0,0,0,0,0,0,0,0,0,0,0,0,0,0,0,0,0,0,0,0,0,0,0,0
2,0,3,1,1,6,2,3,2,7,5,3,4,2,9,7,10,18,2,10,24,16,13,23,17,15,22,22,26,29,26,40,36,37,48,48,59,67,52,58,87,77,90,93,84,104,104,108,126,97,124,128,119,140,110,116,151,147,123,116,150,141,161,155,161,121,150,144,145,141,140,131,135,137,126,133,119,128,117,116,105,110,99,123,102,99,93,104,94,76,71,79,65,76,63,70,57,55,63,60,57,39,49,48,37,48,35,31,31,28,26,35,26,30,34,22,17,16,18,19,21,9,12,22,15,12,11,6,6,8,6,9,3,4,4,3,1,3,5,4,3,1,2,4,4,0,5,1,2,1,2,2,0,2,1,0,0,1,0,0,0,0,1,1,0,0,1,0,0,0,0,0,0,0,0,0,0,0,0,0,0,0,0,0,0,0,0,0,0,0,0,0,0,0,0,0,0,0,0,0
3,2,1,2,0,3,6,9,1,4,3,5,4,7,8,8,12,9,9,9,19,19,23,26,18,17,23,21,32,21,27,38,38,35,41,63,78,50,55,66,76,66,67,80,84,103,85,90,110,112,103,128,100,119,114,142,147,142,133,135,125,146,157,128,129,135,135,161,133,148,145,135,123,143,128,113,115,136,101,91,101,110,93,90,83,104,69,89,90,80,63,75,62,58,59,64,53,52,50,49,47,43,56,45,38,24,28,44,40,26,30,31,21,28,24,18,15,18,15,17,16,8,14,8,11,6,10,10,6,5,7,2,3,9,7,2,6,3,1,3,4,3,1,2,2,4,1,0,3,1,1,2,0,0,0,1,3,0,2,0,0,0,0,0,1,0,0,1,1,0,0,0,0,0,0,0,0,0,0,0,0,0,0,0,0,0,0,0,0,0,0,0,0,0,0,0,0,0,0,0
1,1,0,0,3,2,6,1,6,3,3,9,1,9,9,1,14,17,9,8,22,9,27,21,14,10,28,22,32,28,28,29,32,38,51,64,71,76,80,70,96,68,79,85,78,107,104,94,103,84,115,115,103,108,131,126,123,138,155,120,132,134,134,139,148,162,113,148,149,140,120,131,126,120,103,121,125,118,97,107,88,97,112,99,106,91,85,103,77,77,71,75,68,67,56,57,48,63,59,42,54,48,45,53,48,36,24,32,24,34,21,28,23,20,16,18,25,19,20,9,14,13,10,8,8,11,7,15,10,9,8,4,6,2,4,5,4,0,3,4,1,0,4,2,5,0,2,2,1,0,2,1,0,0,2,0,0,0,1,1,2,0,1,0,2,0,0,1,0,0,0,0,0,0,0,0,0,0,0,1,0,0,0,0,0,0,0,0,0,0,0,0,0,0,0,0,0,0,0,0
1,2,3,0,0,2,1,3,4,1,2,7,1,7,10,4,9,16,10,8,16,11,18,25,14,19,22,27,40,21,31,28,34,48,59,45,71,44,62,63,81,63,75,68,70,82,102,110,126,110,104,122,119,114,131,135,135,123,115,122,123,142,161,135,122,114,127,127,134,146,115,126,124,137,119,121,113,103,86,89,89,84,99,92,92,87,77,82,93,76,64,65,67,73,55,57,67,45,51,47,48,37,44,42,44,44,29,33,25,23,22,31,29,23,21,19,22,17,23,16,23,10,5,20,9,7,8,9,11,9,9,6,3,2,1,9,4,5,2,3,5,4,4,1,3,1,1,6,2,2,2,0,1,0,1,0,0,1,2,0,0,0,0,0,0,0,1,0,2,0,0,0,0,0,0,0,0,0,0,1,0,0,0,0,0,0,0,0,0,0,0,0,0,0,0,0,0,0,0,0
1,0,4,2,1,4,2,0,3,2,6,5,4,5,6,5,10,21,12,7,20,10,14,15,23,20,21,23,26,32,25,34,29,42,48,60,55,57,62,59,77,74,54,81,68,98,111,100,101,95,101,124,117,106,131,107,133,118,130,138,129,133,156,123,117,100,122,137,117,116,136,130,119,120,121,106,140,103,93,113,84,109,85,83,75,67,87,72,79,79,60,67,66,40,45,44,52,43,33,41,54,45,41,40,40,36,33,32,32,21,21,26,15,26,22,19,25,13,22,15,14,16,15,8,8,11,11,7,8,8,4,10,2,3,4,6,4,2,6,2,2,1,2,1,3,1,4,2,0,1,0,1,0,1,0,2,2,2,1,0,1,1,0,0,0,0,0,0,0,0,0,0,0,0,0,1,0,0,0,0,0,0,0,0,0,0,0,0,0,0,0,0,0,0,0,0,0,0,0,0
1,3,0,0,0,6,0,2,3,4,2,7,2,4,3,8,13,17,4,9,10,13,12,11,15,22,23,23,19,22,29,24,48,32,46,43,45,49,61,60,74,60,74,86,88,99,83,91,121,106,101,120,114,122,118,116,120,126,135,125,128,127,120,151,123,127,134,119,103,131,123,118,101,128,101,110,102,117,98,95,92,92,86,84,88,74,76,92,72,87,58,62,71,57,61,53,54,48,53,37,35,41,37,42,40,40,27,38,27,39,24,20,20,20,18,24,13,14,16,17,16,12,13,20,10,5,6,10,12,12,3,6,4,3,4,2,3,3,3,4,2,4,3,4,1,2,1,1,2,1,2,3,2,2,0,1,1,2,1,0,1,0,0,0,0,0,1,0,0,0,0,0,0,0,0,1,0,1,0,0,0,0,0,0,0,0,0,0,0,0,0,0,0,0,0,0,0,0,0,0
3,2,0,1,0,6,7,1,2,1,8,3,3,6,9,3,12,11,4,2,21,14,14,16,20,12,21,17,24,24,26,33,24,43,43,49,46,50,57,51,72,66,66,92,75,94,89,91,121,90,93,121,107,103,99,120,113,117,101,117,118,121,140,119,107,107,99,111,129,148,115,120,126,104,99,130,93,116,111,87,104,90,95,86,93,83,83,69,71,70,76,65,56,63,62,50,52,64,34,64,39,42,42,30,41,30,35,21,28,23,28,20,16,35,17,28,16,15,14,16,7,9,11,10,6,9,9,7,11,1,5,4,2,3,5,7,3,1,4,1,4,5,0,2,0,1,1,0,0,3,1,0,1,0,2,0,3,0,3,0,0,0,0,0,1,0,0,1,0,1,0,0,0,0,0,0,0,0,0,0,0,0,0,0,0,0,0,0,0,0,0,0,0,0,0,0,0,0,0,0
2,1,1,0,0,2,1,3,5,3,6,3,6,3,7,7,10,15,9,6,14,21,24,22,19,14,17,20,25,17,27,34,28,27,43,46,43,49,56,68,64,53,61,64,83,79,100,91,105,78,88,110,114,106,103,117,142,118,116,128,101,117,127,127,127,110,117,100,105,109,103,111,108,102,119,98,106,93,72,97,71,102,92,75,76,67,64,71,66,67,53,65,52,52,57,44,43,50,42,36,39,40,29,37,42,24,27,22,17,21,29,26,24,13,24,18,13,13,19,7,8,12,10,14,9,11,10,9,5,6,5,6,7,3,2,4,4,3,2,4,3,3,2,2,2,3,4,1,1,0,1,1,0,2,2,2,1,1,0,0,1,0,0,0,0,0,0,0,0,0,0,0,0,0,0,0,0,0,0,0,0,0,0,0,0,0,0,0,0,0,0,0,0,0,0,0,0,0,0,0
3,3,0,2,0,2,4,1,3,2,5,6,3,9,4,6,8,18,7,4,12,11,9,21,14,19,24,18,21,28,32,35,27,38,37,47,49,50,52,53,79,61,73,85,75,80,71,82,117,100,82,100,88,107,108,129,112,110,101,122,108,102,123,119,113,112,101,121,133,85,123,100,102,116,89,85,101,106,87,83,88,108,82,70,66,68,67,78,74,83,65,66,54,54,55,55,45,44,49,46,36,31,30,36,27,30,36,25,34,30,28,21,20,21,19,18,9,10,12,14,14,10,9,13,6,10,5,10,5,5,10,9,4,2,2,5,3,2,4,2,3,1,4,1,0,0,2,0,4,0,0,0,0,1,1,0,3,1,2,1,0,0,0,0,0,0,0,0,1,1,0,0,0,0,0,0,0,0,0,0,0,0,0,0,0,0,0,0,0,0,0,0,0,0,0,0,0,0,0,0
4,0,2,1,1,2,0,1,6,5,3,2,3,5,8,4,15,13,11,7,17,13,17,19,12,18,19,21,28,12,26,20,35,31,54,54,59,43,58,47,75,50,64,60,75,84,82,89,101,70,88,117,84,89,112,119,112,105,103,93,117,116,106,117,114,102,108,103,97,122,108,118,96,125,110,101,100,101,97,91,71,97,70,72,69,77,64,72,69,65,41,49,46,55,48,50,54,30,48,46,36,34,40,39,29,28,27,27,27,17,15,16,20,24,21,11,12,9,18,17,15,6,15,16,4,8,11,3,8,7,4,5,4,4,2,6,6,2,1,4,4,2,0,4,1,2,1,2,1,0,0,1,1,2,2,0,0,2,1,0,0,0,0,1,1,0,2,3,0,0,0,0,0,0,0,0,0,0,0,0,0,0,0,0,0,0,0,0,0,0,0,0,0,0,0,0,0,0,0,0
6,2,1,1,0,1,6,1,3,2,1,2,5,4,4,1,4,11,4,5,13,7,15,21,15,13,20,16,24,21,19,18,26,45,45,35,48,54,48,54,58,62,67,68,57,69,87,73,92,83,78,104,99,95,124,102,102,89,97,110,108,82,117,101,115,105,100,118,104,126,102,90,125,100,93,95,89,99,97,83,73,72,74,67,78,66,61,73,69,66,61,39,51,47,43,43,52,49,50,41,35,52,32,39,34,26,39,14,27,23,19,20,17,17,21,18,15,15,10,12,12,12,11,11,5,10,11,6,7,8,4,5,2,2,2,5,4,1,1,1,2,1,3,3,1,0,0,0,4,1,1,2,2,1,0,0,2,0,0,1,0,0,0,0,0,0,0,0,0,0,0,0,0,1,0,0,0,0,0,0,0,0,0,0,0,0,0,0,0,0,0,0,0,0,0,0,0,0,0,0
2,3,0,0,1,2,3,2,1,5,5,6,3,3,2,3,13,12,13,6,18,13,19,16,9,17,15,17,20,15,26,35,29,21,40,33,42,46,58,53,63,69,69,68,77,85,84,72,81,76,85,116,79,85,93,129,95,96,102,106,131,118,106,99,107,101,90,102,109,121,98,101,110,98,96,102,104,104,78,79,71,63,77,65,84,57,74,55,43,65,49,56,60,48,39,49,43,39,47,40,30,38,29,27,30,21,27,27,31,17,24,15,14,17,19,13,23,23,14,7,15,10,3,13,7,4,9,4,3,4,6,5,4,4,3,5,4,3,2,1,2,0,3,1,2,1,3,1,3,1,2,0,2,0,1,0,3,0,0,0,0,0,1,0,0,0,1,0,0,2,0,0,0,0,0,0,0,0,0,0,0,0,0,0,0,0,0,0,0,0,0,0,0,0,0,0,0,0,0,0
5,1,0,1,0,2,3,3,3,2,3,8,6,4,12,3,8,9,6,11,13,12,16,25,13,9,17,11,17,18,25,33,31,35,34,45,42,46,48,54,60,64,61,72,56,61,71,78,87,73,92,106,88,86,77,105,92,105,106,104,89,114,91,125,92,113,102,104,118,105,108,110,105,108,94,82,93,88,77,86,72,66,80,62,71,59,71,64,68,47,46,45,44,55,37,45,30,43,35,41,29,33,40,39,22,30,27,21,22,18,14,21,24,19,13,15,12,8,14,11,12,14,5,5,6,2,11,9,3,3,4,5,1,3,2,8,3,3,1,4,3,0,0,3,4,1,2,2,2,0,2,1,0,0,0,0,1,0,2,1,2,0,0,0,0,0,1,0,0,0,0,0,0,0,0,1,0,0,0,0,0,0,0,0,0,0,0,0,0,0,0,0,0,0,0,0,0,0,0,0
2,1,2,1,2,5,3,2,0,1,4,5,1,3,3,3,13,11,12,5,12,5,13,14,10,13,16,16,25,17,22,26,28,31,38,38,42,48,53,55,51,43,55,76,61,72,80,77,84,70,93,90,85,84,98,101,93,108,99,108,107,97,117,106,107,101,112,105,90,107,109,95,103,92,106,107,101,97,78,76,74,84,66,74,75,56,74,66,57,50,45,50,57,40,44,48,34,37,31,35,36,27,25,29,21,22,25,24,23,19,16,19,10,18,12,15,13,16,15,16,13,10,8,7,4,9,5,6,4,6,3,2,3,5,3,3,2,3,2,1,5,0,0,2,0,0,1,0,0,0,0,0,0,0,0,1,0,0,1,0,0,0,0,1,0,0,1,0,1,0,0,0,0,0,0,0,0,0,0,0,0,0,0,0,0,0,0,0,0,0,0,0,0,0,0,0,0,0,0,0
3,2,0,0,1,3,1,2,3,0,2,7,3,7,3,1,13,14,11,6,12,13,13,13,15,16,22,13,22,22,23,21,24,28,40,47,43,44,46,49,50,50,50,67,75,75,68,92,84,69,95,86,85,77,75,106,100,82,94,76,97,93,103,86,103,97,84,96,127,80,100,97,90,86,79,96,79,92,71,68,74,76,67,67,68,56,68,43,56,62,52,46,41,52,31,49,40,39,37,38,45,30,26,39,28,18,30,24,15,30,18,13,12,17,11,12,10,13,7,11,13,10,12,8,14,5,6,11,4,6,5,6,2,2,4,4,3,3,5,4,2,4,1,2,0,0,1,1,0,0,0,0,0,0,0,0,0,1,1,0,0,0,1,0,0,0,0,1,1,0,0,0,0,0,0,0,0,0,0,0,0,0,0,0,0,0,0,0,0,0,0,0,0,0,0,0,0,0,0,0
1,0,0,1,1,3,2,4,5,2,5,0,4,4,4,4,12,6,5,6,10,7,21,19,10,10,11,13,19,22,19,29,18,20,45,38,43,54,47,38,47,45,62,75,65,67,67,64,77,64,72,99,84,90,108,85,119,100,91,91,87,105,101,93,98,95,101,106,114,106,94,74,85,76,79,93,79,90,65,55,45,69,67,73,63,61,54,58,53,57,51,40,56,41,49,41,39,36,32,31,29,28,29,31,30,23,21,17,18,28,8,18,22,15,9,10,8,10,9,8,11,13,12,15,5,6,5,5,4,11,3,5,5,0,3,4,2,0,2,3,4,2,1,5,6,3,0,0,2,1,1,0,0,0,0,0,0,1,1,0,1,0,0,0,0,0,1,1,0,0,0,0,0,0,0,0,0,0,0,0,0,0,0,0,0,0,0,0,0,0,0,0,0,0,0,0,0,0,0,0
0,0,1,1,1,5,2,3,4,2,4,4,4,6,4,3,10,8,4,7,7,13,13,19,8,16,27,23,19,24,21,22,31,28,32,28,46,30,46,40,69,49,67,65,60,52,50,77,80,82,71,86,69,82,84,104,95,86,82,88,92,94,97,111,101,82,92,90,116,92,93,93,70,89,84,81,80,82,69,71,60,65,81,48,61,53,45,73,55,55,40,32,43,41,39,40,40,34,36,48,30,22,36,23,31,22,24,22,11,12,18,18,15,23,11,20,14,12,19,8,13,11,12,8,5,7,6,7,1,7,4,4,5,2,0,2,3,2,2,3,0,2,2,3,2,1,1,0,0,1,1,1,0,2,0,0,0,0,1,0,0,0,0,0,0,0,0,0,0,0,0,0,0,0,0,0,0,0,0,0,0,0,0,0,0,0,0,0,0,0,0,0,0,0,0,0,0,0,0,0
2,0,0,2,0,3,5,0,1,2,3,7,1,7,8,6,9,10,8,8,7,10,16,16,11,14,17,27,20,18,16,15,33,30,35,47,51,48,56,54,54,49,54,65,50,74,70,71,84,77,69,86,96,71,86,104,96,93,85,89,84,91,100,89,82,99,104,92,84,92,96,92,82,84,67,91,73,83,60,65,51,69,64,65,62,66,48,53,41,49,54,51,37,40,42,44,36,41,31,28,33,38,28,28,18,26,28,21,12,17,14,10,5,21,11,13,12,11,7,9,10,6,5,10,4,8,7,4,3,13,5,7,5,1,2,4,1,2,2,4,2,0,4,1,1,1,1,1,2,1,0,0,0,0,0,0,1,0,1,0,0,0,0,0,0,0,0,0,0,0,0,0,0,0,0,0,0,0,0,0,0,0,0,0,0,0,0,0,0,0,0,0,0,0,0,0,0,0,0,0
4,1,2,0,0,3,2,1,4,0,2,4,3,3,4,4,1,13,10,7,14,10,12,15,9,14,19,15,20,20,13,17,23,33,36,30,42,51,37,38,68,57,56,59,47,56,76,63,69,67,80,64,83,85,91,90,87,90,94,93,89,91,93,92,90,78,76,86,115,80,86,97,79,93,79,72,64,84,59,65,56,80,72,57,61,44,43,42,55,50,49,50,43,50,43,48,30,42,28,33,37,33,24,22,26,24,20,23,17,20,17,14,19,18,12,17,17,11,9,13,7,6,6,8,9,5,7,3,3,5,3,4,1,3,0,6,2,2,1,3,3,3,4,3,1,1,2,0,1,1,0,1,1,1,0,1,0,1,2,0,0,1,0,0,0,0,0,0,0,0,0,0,0,0,0,0,0,0,0,0,0,0,0,0,0,0,0,0,0,0,0,0,0,0,0,0,0,0,0,0
1,1,0,0,2,0,1,2,2,2,1,5,1,5,7,4,10,10,3,3,12,13,21,17,11,16,18,15,18,16,19,25,22,23,24,42,38,42,41,36,50,41,47,63,55,49,82,73,77,66,58,72,82,93,80,89,92,82,72,79,89,94,102,89,74,75,78,77,82,98,70,82,70,70,76,76,71,84,54,64,44,58,56,49,57,51,48,41,58,48,40,44,46,44,32,38,26,40,29,37,24,30,31,34,20,20,22,28,10,11,9,24,22,8,18,15,11,13,9,7,9,7,12,13,2,2,5,6,2,6,3,4,6,3,5,4,1,2,2,2,0,2,1,2,2,2,3,0,1,0,1,1,0,0,0,0,1,0,0,0,0,0,0,0,0,0,0,0,0,0,0,0,0,1,0,0,0,0,0,0,0,0,0,0,0,0,0,0,0,0,0,0,0,0,0,0,0,0,0,0
2,1,4,1,0,2,1,3,1,2,1,1,3,4,3,2,10,4,4,5,8,7,16,17,11,17,18,9,14,17,16,19,30,25,28,40,36,47,44,47,60,43,44,60,71,62,71,59,85,79,52,102,76,85,81,77,75,88,83,83,74,90,91,89,82,79,87,77,93,77,77,73,70,77,57,87,66,71,55,58,64,62,60,58,58,46,54,44,58,45,48,32,47,42,34,41,29,25,27,35,19,33,35,22,26,16,20,22,15,20,20,13,14,22,11,10,11,10,17,12,10,7,11,9,4,3,8,8,3,8,5,2,5,3,2,3,6,2,0,0,2,3,2,3,0,1,3,3,3,0,1,0,0,0,0,0,1,1,0,0,0,0,0,0,0,0,1,0,0,0,0,0,0,0,0,0,0,0,0,0,0,0,0,0,0,0,0,0,0,0,0,0,0,0,0,0,0,0,0,0
3,0,3,2,0,4,2,1,2,1,3,0,1,3,1,4,6,10,5,6,14,8,14,15,9,9,21,13,21,21,20,26,24,32,37,32,48,35,48,34,51,50,46,54,56,50,60,58,60,79,71,81,71,58,82,86,90,87,80,66,99,79,99,85,84,94,81,72,87,64,73,70,79,100,59,61,63,68,65,68,64,77,56,52,50,64,46,36,52,49,38,31,47,38,34,36,32,28,25,29,30,26,23,28,20,19,22,7,19,11,11,14,14,16,17,10,10,6,16,9,6,5,7,4,6,7,8,0,5,2,3,1,5,2,3,6,3,1,2,4,1,2,0,3,3,0,3,0,2,0,0,1,0,0,0,0,0,1,1,0,1,0,0,0,0,0,1,0,0,0,0,0,0,0,0,0,0,0,0,0,0,0,0,0,0,0,0,0,0,0,0,0,0,0,0,0,0,0,0,0
3,0,0,0,0,3,1,0,2,3,1,0,3,1,3,6,6,8,5,3,12,15,10,11,15,9,16,25,11,14,17,14,21,22,21,39,43,45,27,42,55,45,50,52,58,63,66,66,61,65,54,94,78,83,84,76,78,68,75,75,87,84,96,81,73,87,84,80,85,75,85,72,69,64,68,77,42,72,68,49,53,63,53,44,52,49,52,48,40,37,50,38,46,34,25,28,23,44,36,27,22,24,27,32,21,16,16,21,11,19,16,13,14,12,11,10,10,9,13,6,4,2,2,9,3,5,6,11,7,7,5,7,0,0,3,3,4,3,2,0,2,3,2,3,1,1,1,1,0,1,0,0,0,0,0,0,0,0,0,0,1,0,0,0,0,0,0,0,0,0,0,0,0,0,1,0,0,0,0,0,0,0,0,0,0,0,0,0,0,0,0,0,0,0,0,0,0,0,0,0
3,1,1,2,1,4,1,2,4,4,5,4,3,1,2,5,6,12,5,8,16,8,11,15,10,10,11,10,19,14,17,25,16,21,30,37,36,27,37,37,59,45,49,51,51,52,51,65,55,54,62,75,59,46,77,79,75,68,76,71,71,76,73,81,71,67,70,79,89,74,80,82,69,74,59,61,53,58,69,47,54,47,59,36,51,44,35,52,37,46,38,31,39,26,48,34,37,33,36,28,20,25,20,22,25,13,19,15,17,15,13,18,13,14,13,5,13,8,17,8,9,6,6,7,2,1,3,2,4,3,2,3,4,1,2,4,0,2,2,1,3,3,1,1,1,0,1,3,5,1,2,0,0,0,0,0,0,1,0,0,0,0,0,0,0,0,0,0,0,0,0,0,0,1,0,0,0,0,0,0,0,0,0,0,0,0,0,0,0,0,0,0,0,0,0,0,0,0,0,0
1,3,0,0,1,1,2,5,1,0,2,2,2,2,6,6,9,10,3,5,2,9,15,14,6,12,13,12,20,18,17,21,17,25,40,38,43,42,36,26,52,46,47,41,64,62,46,52,65,65,63,83,60,77,75,65,81,86,72,68,80,64,79,66,81,72,60,87,69,92,76,74,52,77,73,72,67,69,47,52,46,59,58,39,42,48,51,43,35,43,48,36,32,28,26,30,26,29,28,27,28,25,23,24,25,14,21,14,12,15,14,12,10,11,9,17,11,9,11,8,7,7,7,5,4,2,3,10,4,4,1,3,2,1,3,2,1,0,0,1,1,1,1,0,1,2,2,1,0,2,1,0,0,1,0,0,0,0,0,0,0,0,0,1,0,0,1,0,0,0,0,0,0,0,0,0,0,0,0,0,0,0,0,0,0,0,0,0,0,0,0,0,0,0,0,0,0,0,0,0
4,1,0,1,1,3,2,4,5,0,5,3,4,4,7,3,3,13,8,3,3,5,10,10,14,11,14,17,21,17,22,20,18,26,31,39,41,30,46,42,46,34,37,56,47,57,60,58,85,46,52,78,62,59,79,56,66,69,67,75,69,77,72,76,72,78,54,77,83,70,80,67,81,82,45,60,58,62,67,58,44,43,56,45,54,41,45,60,48,39,38,25,22,26,36,34,25,27,20,31,29,24,17,26,23,14,12,14,11,16,8,13,17,10,5,14,10,12,7,9,6,9,5,12,4,6,3,3,6,1,3,5,2,5,0,3,4,1,2,1,1,0,1,0,0,0,0,2,1,1,1,0,0,0,0,0,1,0,0,0,0,1,0,1,0,0,0,0,0,0,0,0,0,1,0,0,0,0,0,0,0,0,0,0,0,0,0,0,0,0,0,0,0,0,0,0,0,0,0,0
1,0,2,0,0,3,1,3,3,2,0,2,3,8,6,5,8,13,4,2,12,6,7,8,9,12,16,9,14,11,21,17,18,21,21,37,26,35,32,29,46,38,40,53,45,57,46,71,65,48,58,53,63,61,81,70,86,80,81,87,73,67,80,68,78,57,62,68,79,68,60,61,57,57,62,62,75,45,49,48,49,52,46,41,61,37,46,57,36,39,41,37,19,39,32,48,32,21,14,28,29,12,16,30,19,17,14,18,14,8,13,12,22,17,12,12,13,3,11,6,5,4,6,7,3,5,8,8,4,9,0,2,2,3,0,5,1,0,1,0,0,2,2,2,1,3,0,0,1,0,0,0,2,0,0,1,0,0,0,0,0,0,0,0,0,0,0,0,0,0,0,0,0,0,0,0,0,0,0,0,0,0,0,0,0,0,0,0,0,0,0,0,0,0,0,0,0,0,0,0
3,0,0,0,0,2,3,2,2,1,1,3,3,2,2,2,5,6,2,4,15,5,9,11,12,12,18,14,16,19,24,16,20,16,19,43,31,24,40,58,55,43,36,46,55,60,46,67,64,53,59,58,47,65,74,75,67,97,73,75,80,62,71,89,62,57,66,59,55,71,74,61,70,66,56,50,49,58,40,47,46,41,58,34,40,46,53,54,41,46,37,38,37,24,33,31,20,31,26,14,26,17,16,21,16,15,15,18,8,14,12,8,7,11,15,7,12,7,3,6,3,10,3,9,2,3,8,6,3,5,1,2,4,1,1,0,2,2,1,2,2,1,0,0,0,1,1,0,2,0,0,1,0,1,1,1,0,1,1,0,0,0,0,0,0,0,1,0,0,0,0,0,0,0,0,0,0,0,0,0,0,0,0,0,0,0,0,0,0,0,0,0,0,0,0,0,0,0,0,0
2,0,1,0,1,1,0,5,2,2,5,2,3,4,3,1,4,4,3,6,15,7,11,14,8,3,9,13,9,14,24,15,16,25,26,23,34,33,34,31,39,35,50,36,37,60,50,47,58,44,53,65,59,74,75,63,88,68,57,69,70,81,66,64,75,68,63,55,76,71,91,58,60,68,51,53,50,65,50,47,34,44,48,48,48,44,29,41,33,41,31,24,35,24,34,25,23,19,17,24,24,20,17,14,14,21,11,14,13,15,19,8,7,7,9,12,11,8,6,10,6,7,3,3,5,3,7,3,2,4,1,3,1,1,7,3,1,1,4,0,3,2,2,1,1,0,0,0,0,0,0,1,0,1,0,0,1,1,0,0,0,0,0,0,0,0,0,0,0,0,0,1,0,0,0,0,0,0,0,0,0,0,0,0,0,0,0,0,0,0,0,0,0,0,0,0,0,0,0,0
0,1,0,0,1,2,0,1,5,2,1,3,0,3,1,2,7,8,5,2,10,5,11,13,11,12,12,18,18,18,10,15,21,20,33,26,32,28,24,38,35,40,39,43,38,45,54,43,41,63,53,48,58,66,54,52,69,78,73,77,85,64,59,64,57,71,72,55,67,65,52,62,68,85,68,45,59,54,49,43,52,47,44,43,43,41,33,41,38,40,32,25,22,28,28,35,17,24,24,23,23,18,15,10,21,15,17,22,14,10,13,9,15,14,14,11,10,10,7,8,8,3,9,8,2,5,3,6,4,8,2,3,1,2,2,4,3,0,5,1,1,2,0,3,0,0,4,1,2,1,0,0,0,0,0,1,1,0,0,0,0,0,0,0,0,0,0,0,0,0,0,0,0,0,0,0,0,0,0,0,0,0,0,0,0,0,0,0,0,0,0,0,0,0,0,0,0,0,0,0
2,0,0,1,2,0,2,1,2,0,3,3,2,4,7,0,7,5,5,4,15,3,11,13,9,12,15,19,12,19,6,15,14,15,32,31,31,24,31,30,50,41,38,49,42,42,48,50,75,53,54,68,68,56,64,63,84,60,59,70,73,66,58,64,79,58,60,69,59,77,69,63,65,59,54,59,42,42,53,44,35,31,32,32,42,34,41,42,33,34,32,31,32,41,31,28,20,22,26,21,25,27,7,21,22,16,10,8,13,14,9,11,8,8,14,8,3,5,10,6,4,4,7,4,7,6,1,5,2,3,2,3,1,3,1,0,0,1,1,1,1,1,2,0,1,1,2,1,1,0,3,0,1,0,1,2,2,0,0,0,1,0,0,0,0,0,0,0,0,0,1,0,0,0,0,0,0,0,0,1,0,0,0,0,0,0,0,0,0,0,0,0,0,0,0,0,0,0,0,0
0,2,1,0,1,0,3,2,3,1,4,3,6,4,10,2,6,5,4,4,11,7,12,6,2,6,12,8,15,12,17,10,21,9,28,30,31,21,44,32,40,33,32,43,43,50,36,36,50,58,59,69,72,53,54,60,69,61,55,55,61,65,65,67,52,42,81,58,62,65,65,52,57,58,62,64,63,48,43,46,36,49,50,30,33,37,37,41,36,30,24,34,27,23,29,22,31,20,20,31,16,16,20,21,17,8,18,12,9,9,4,12,5,6,15,7,9,7,7,5,4,7,4,6,7,6,3,6,2,3,5,6,1,6,2,2,1,3,0,4,0,0,1,2,1,2,1,0,1,0,0,0,0,1,0,0,0,0,1,0,0,0,0,0,0,0,0,0,0,0,0,0,0,0,0,0,0,0,0,0,0,0,0,0,0,0,0,0,0,0,0,0,0,0,0,0,0,0,0,0
1,1,1,1,0,4,3,2,1,3,1,3,1,3,2,3,14,6,6,1,7,4,10,6,10,7,11,10,9,8,12,16,18,29,32,28,34,28,25,26,31,39,34,32,49,30,50,57,57,61,43,45,45,65,54,61,56,53,68,56,73,52,74,60,60,52,58,66,69,53,47,57,56,55,48,58,53,49,40,48,43,32,41,40,48,32,31,31,33,42,22,27,34,19,19,32,20,21,18,16,8,17,15,21,20,14,14,11,15,7,9,10,18,10,15,10,5,7,5,7,9,6,5,6,2,3,2,4,3,1,0,0,1,4,2,5,2,2,3,1,1,1,1,2,1,3,1,1,0,0,1,0,1,0,1,0,0,0,0,0,0,0,0,0,0,0,0,0,0,0,0,0,0,0,0,0,0,0,0,0,0,0,0,0,0,0,0,0,0,0,0,0,0,0,0,0,0,0,0,0
3,0,2,1,0,1,2,3,0,3,1,2,3,2,3,3,4,5,4,3,6,2,12,7,10,11,12,9,7,12,12,16,23,20,24,33,36,23,38,30,44,39,32,27,37,45,47,44,50,50,58,66,51,61,64,65,63,50,44,70,51,68,57,58,47,66,61,63,52,55,62,46,65,58,54,59,39,41,31,50,37,41,43,30,45,35,34,35,33,28,30,20,22,23,20,19,23,28,30,20,17,18,23,17,12,12,11,17,14,10,9,7,5,8,15,13,4,4,4,4,9,1,9,7,5,4,7,5,2,3,2,0,1,2,2,3,1,2,4,0,2,2,0,4,2,0,1,1,0,1,0,0,0,0,0,0,1,0,0,0,0,0,0,0,0,0,1,0,0,0,0,0,0,0,0,0,0,0,0,0,0,0,0,0,0,0,0,0,0,0,0,0,0,0,0,0,0,0,0,0
0,0,2,1,0,2,3,0,1,4,1,4,2,3,0,1,4,3,5,3,10,11,6,10,9,9,14,9,7,13,8,11,25,20,20,25,27,27,26,31,39,40,28,41,37,45,43,42,51,46,53,53,50,58,65,60,67,61,62,70,62,55,81,52,53,50,58,51,70,67,54,49,58,44,51,44,46,47,53,42,43,47,47,31,32,38,31,28,28,30,33,29,30,24,25,19,14,13,18,23,23,12,16,13,13,15,21,15,13,17,5,9,12,9,12,10,12,9,9,3,3,5,7,5,3,2,10,3,2,3,2,0,0,3,4,3,1,3,2,4,2,2,1,1,1,1,1,0,0,1,0,0,0,0,0,0,0,0,0,0,0,0,0,0,0,0,1,0,0,0,0,0,0,0,0,0,0,0,0,0,0,0,0,0,0,0,0,0,0,0,0,0,0,0,0,0,0,0,0,0
3,1,1,0,0,3,3,1,2,1,3,3,3,2,2,3,10,9,4,4,2,7,14,19,5,12,6,10,14,17,21,21,15,13,14,22,28,24,25,31,46,36,34,34,31,45,53,38,58,45,47,59,41,44,55,50,75,59,43,55,56,58,46,65,61,59,51,60,53,63,44,54,51,40,49,58,41,51,44,33,33,46,41,41,34,30,21,40,34,32,30,29,23,19,13,20,25,27,13,17,14,15,16,15,15,8,10,12,13,7,8,8,8,7,6,10,7,5,6,8,5,3,3,6,3,8,4,5,4,3,3,4,3,2,2,3,0,3,1,0,3,2,0,1,0,0,2,3,2,0,1,3,0,0,0,1,0,0,1,0,0,1,0,0,0,0,0,0,0,0,0,0,0,0,0,0,0,0,0,0,0,0,0,0,0,0,0,0,0,0,0,0,0,0,0,0,0,0,0,0
3,2,1,1,2,2,0,2,1,1,4,2,0,3,2,2,8,5,4,3,10,8,3,8,5,10,9,9,11,13,11,18,18,24,30,25,37,28,28,20,42,27,30,34,34,44,36,44,35,39,42,55,55,45,58,48,53,54,42,56,67,68,59,61,53,46,43,50,47,64,60,46,44,56,47,38,50,40,48,34,38,45,39,23,52,40,36,29,23,25,27,20,32,17,22,23,25,14,27,20,19,11,23,19,16,10,10,9,17,7,4,4,10,8,8,7,4,10,10,7,7,5,4,6,4,4,2,3,3,4,0,3,0,3,4,4,4,0,1,1,1,0,1,2,0,1,0,0,5,0,0,0,1,1,0,1,0,0,0,0,0,0,0,1,0,0,0,0,0,0,0,1,0,0,0,0,0,0,0,0,0,0,0,0,0,0,0,0,0,0,0,0,0,0,0,0,0,0,0,0
1,2,1,0,1,3,1,3,4,0,2,2,3,1,3,3,4,8,5,7,3,9,15,11,8,5,11,11,12,13,11,6,15,17,16,26,26,22,27,20,27,31,32,31,37,41,43,47,41,40,39,48,42,38,59,48,45,52,54,59,51,40,46,53,67,51,43,50,54,58,47,58,57,50,50,44,44,44,48,41,31,39,33,29,36,30,42,30,29,21,17,22,32,19,25,17,16,29,8,13,15,7,11,16,14,12,7,4,6,10,13,10,5,10,4,6,5,8,7,6,6,2,2,4,1,4,7,2,2,3,1,2,0,2,1,3,0,1,1,3,3,0,2,0,1,0,1,0,1,2,1,0,0,0,1,1,2,0,2,0,0,0,0,2,0,0,0,0,1,0,1,0,0,0,0,0,0,0,0,0,0,0,0,0,0,0,0,0,0,0,0,0,0,0,0,0,0,0,0,0
1,0,0,0,1,1,0,4,2,1,0,4,2,6,1,2,10,4,6,0,11,7,10,10,10,6,12,9,11,10,14,14,12,16,16,25,29,22,24,32,35,30,25,40,37,48,30,31,46,54,50,48,32,45,60,50,51,64,45,49,55,51,50,64,51,47,58,50,53,46,52,44,49,43,42,33,47,53,34,40,31,35,38,35,33,34,20,34,28,27,28,25,21,28,18,22,19,15,13,16,15,17,15,11,12,12,13,11,15,10,8,10,3,8,7,1,4,6,6,4,4,6,4,6,2,3,1,6,5,0,1,2,0,1,2,1,1,0,0,0,0,1,0,1,1,0,3,1,0,0,0,1,0,0,0,1,0,0,0,0,0,0,0,0,0,0,0,0,0,0,0,0,0,0,0,0,0,0,0,0,0,0,0,0,0,0,0,0,0,0,0,0,0,0,0,0,0,0,0,0
0,0,2,0,1,2,3,2,2,0,4,3,1,3,6,2,5,5,2,0,2,10,20,9,10,6,7,10,6,11,15,17,15,18,27,23,24,28,34,30,25,25,30,34,34,40,50,50,46,51,38,48,50,39,62,48,55,58,55,56,45,41,60,55,47,39,43,45,60,50,43,39,39,55,42,41,44,37,39,39,26,42,28,38,30,26,29,20,25,21,19,20,22,23,22,22,16,21,13,19,16,24,10,9,9,11,13,12,12,11,3,12,12,6,10,3,7,1,8,1,2,3,4,3,1,6,4,1,5,3,1,1,0,0,2,0,0,0,2,2,1,0,3,0,1,0,0,0,0,1,1,1,0,0,0,0,0,1,0,1,0,0,0,0,0,0,0,0,0,0,0,0,0,0,0,0,0,0,0,0,0,0,0,0,0,0,0,0,0,0,0,0,0,0,0,0,0,0,0,0
1,1,1,0,0,1,0,3,2,1,4,0,1,1,2,3,4,4,4,4,9,7,7,4,8,15,5,6,9,9,10,15,13,14,14,23,22,24,21,25,31,28,31,26,25,29,34,44,51,52,36,52,55,39,50,56,47,60,50,53,55,50,56,60,47,50,44,39,40,48,47,44,55,40,43,50,46,42,37,38,32,38,32,38,28,23,25,31,29,35,26,25,26,14,23,23,24,23,20,10,19,12,11,15,16,8,11,10,6,11,7,15,10,4,8,5,7,5,2,9,5,2,2,6,3,1,3,3,1,3,1,1,2,2,0,1,2,1,0,1,1,1,0,1,1,0,2,1,2,2,0,0,0,0,1,0,0,0,1,0,0,0,0,0,0,0,0,0,0,0,0,0,0,0,0,0,0,0,0,0,0,0,0,0,0,0,0,0,0,0,0,0,0,0,0,0,0,0,0,0
4,1,0,0,1,1,0,2,2,0,0,1,3,1,4,3,8,3,4,1,6,6,9,10,7,7,10,8,10,8,12,15,15,14,25,20,30,27,25,29,38,29,30,41,29,35,27,21,55,44,39,51,48,40,57,46,45,67,52,54,49,63,50,52,43,50,51,51,60,50,50,50,40,50,35,39,35,35,32,43,29,32,42,34,25,20,35,25,32,30,22,15,29,19,14,16,13,11,19,13,10,15,12,14,14,8,7,9,8,7,4,3,10,16,7,5,6,8,5,6,4,3,5,4,2,4,3,2,1,1,0,4,1,0,2,2,6,0,2,0,3,0,0,1,2,0,0,2,0,0,0,0,0,0,0,0,0,1,3,0,0,0,0,0,0,0,0,0,0,0,0,0,0,0,0,0,0,0,0,0,0,0,0,0,0,0,0,0,0,0,0,0,0,0,0,0,0,0,0,0
0,1,2,0,0,0,0,2,4,2,2,2,2,1,4,2,5,8,3,1,8,5,15,11,11,4,6,6,11,11,23,11,23,21,24,28,19,27,18,25,31,26,28,35,32,31,36,39,48,34,39,45,54,43,40,52,52,50,51,44,54,47,39,48,34,46,54,57,39,50,39,38,45,44,49,39,38,35,37,30,21,38,31,33,32,29,21,17,20,28,21,22,18,16,21,16,15,15,14,16,10,17,13,14,12,9,7,13,8,10,7,9,10,7,4,6,9,6,3,9,4,1,5,4,3,1,4,5,0,1,2,2,1,1,4,0,1,0,1,0,2,1,1,2,1,1,0,0,0,0,0,0,0,1,0,0,0,0,0,0,1,0,0,0,1,0,0,0,0,0,0,0,0,0,0,0,0,0,0,0,0,0,0,0,0,0,0,0,0,0,0,0,0,0,0,0,0,0,0,0
1,0,1,0,0,2,0,0,2,0,3,1,1,2,3,2,5,4,3,2,10,7,8,7,9,8,12,8,17,11,9,15,7,9,16,22,20,32,29,27,23,32,27,32,30,35,34,39,38,23,38,42,51,44,51,46,41,41,43,48,42,45,50,38,51,41,50,37,41,46,35,51,45,44,39,40,28,33,40,31,29,36,29,21,27,24,25,29,24,27,20,23,30,19,22,11,13,17,12,19,15,11,11,13,10,9,17,11,11,6,8,6,6,9,4,7,3,4,7,0,8,1,5,1,4,2,1,6,0,2,4,1,0,1,1,1,2,0,0,0,0,1,0,1,2,0,0,1,0,0,0,0,0,0,0,0,0,0,0,0,0,1,0,1,2,0,0,0,0,0,0,0,0,0,0,0,0,0,0,0,0,0,0,0,0,0,0,0,0,0,0,0,0,0,0,0,0,0,0,0
3,0,1,0,0,0,1,0,4,2,6,2,2,1,2,1,5,7,3,8,6,3,6,16,5,10,11,2,15,9,17,13,10,13,17,18,28,21,20,18,35,22,28,32,33,32,27,35,41,34,31,39,48,32,46,38,45,39,38,47,54,53,48,48,52,45,37,42,38,46,54,37,44,53,52,35,37,38,37,26,16,28,30,23,24,13,22,24,28,24,16,16,27,17,26,15,21,11,12,15,11,11,17,13,9,14,18,14,9,6,4,3,6,7,2,3,7,4,5,4,2,3,3,3,2,2,5,3,1,3,3,0,2,3,0,1,2,0,0,0,3,0,0,1,0,0,1,0,0,0,0,0,0,0,1,0,0,0,1,0,0,0,0,0,0,0,0,0,1,0,0,0,0,0,0,0,0,0,0,0,0,0,0,0,0,0,0,0,0,0,0,0,0,0,0,0,0,0,0,0
1,1,2,0,0,0,2,1,1,2,1,2,3,4,3,1,5,5,4,5,5,6,7,12,3,5,8,10,6,5,12,12,11,16,13,23,23,20,32,18,24,33,33,25,24,40,34,29,49,37,38,41,36,54,50,35,54,44,43,52,42,50,48,33,39,42,36,44,32,42,40,32,36,36,40,43,39,46,34,29,34,31,22,29,30,19,25,24,16,21,12,21,18,16,16,18,13,14,12,13,10,15,10,10,15,8,9,13,8,10,8,11,7,8,6,9,6,6,6,3,3,4,2,2,3,1,5,3,2,1,4,1,0,1,1,2,2,1,1,0,0,0,1,1,1,0,1,0,1,0,0,0,0,0,1,0,0,0,1,0,0,0,0,1,0,0,1,0,1,0,0,0,0,0,0,0,0,0,0,0,0,0,0,0,0,0,0,0,0,0,0,0,0,0,0,0,0,0,0,0
2,0,0,2,0,2,1,1,0,2,1,0,0,1,4,1,5,8,3,3,4,4,9,6,7,8,9,10,12,5,7,12,13,12,20,16,21,19,19,13,25,28,23,38,38,41,37,41,36,21,40,45,48,34,51,35,30,47,49,50,57,43,48,44,38,41,45,41,38,48,32,34,46,59,23,42,40,45,24,30,29,33,21,24,23,23,18,26,30,24,17,18,24,26,13,18,20,12,13,14,12,14,9,18,8,10,9,10,6,8,8,7,11,2,6,8,7,4,5,3,2,3,5,3,3,4,3,2,2,3,4,4,2,1,1,0,0,1,0,0,0,4,1,0,3,0,0,1,1,0,0,0,0,0,0,0,0,0,0,0,0,0,1,2,0,0,1,1,0,0,0,0,0,0,0,0,0,0,0,0,0,0,0,0,0,0,0,0,0,0,0,0,0,0,0,0,0,0,0,0
3,3,0,0,0,2,3,0,2,3,1,1,1,2,1,2,7,3,3,2,11,4,5,10,6,7,9,9,5,9,11,9,11,9,12,20,29,15,23,27,24,18,26,23,31,40,32,26,41,29,28,38,31,39,43,34,33,35,35,49,52,28,48,35,41,27,36,33,48,39,40,33,31,44,25,37,42,30,29,36,28,19,33,21,38,26,17,19,14,16,17,16,15,26,15,14,8,17,10,11,22,12,10,9,18,4,13,5,7,11,4,5,5,10,3,2,3,4,2,5,7,1,2,3,3,1,2,3,3,2,5,1,1,1,0,4,0,1,1,2,0,1,0,0,0,0,0,1,1,0,0,0,0,3,1,0,0,1,0,0,0,0,0,0,0,0,0,0,0,0,0,0,0,0,0,0,0,0,0,0,0,0,0,0,0,0,0,0,0,0,0,0,0,0,0,0,0,0,0,0
1,1,2,1,1,2,0,2,3,0,0,2,1,3,1,3,2,3,7,1,6,4,6,8,10,6,4,12,9,10,10,13,7,18,18,15,17,24,21,16,19,24,25,33,31,33,30,19,42,32,36,38,44,34,51,35,40,31,30,56,32,48,44,38,48,35,43,36,31,38,42,35,38,40,19,32,31,29,33,25,17,32,32,19,23,33,19,20,16,23,13,15,15,13,15,15,16,8,14,14,11,14,13,10,11,7,6,7,9,7,7,6,8,5,7,3,8,1,2,5,2,2,1,4,3,4,2,3,0,2,1,1,1,0,1,2,0,0,2,0,0,0,0,1,3,1,1,0,0,0,0,0,0,0,0,0,0,1,0,0,0,0,0,0,0,0,0,0,0,0,0,0,0,0,0,0,0,0,0,0,0,0,0,0,0,0,0,0,0,0,0,0,0,0,0,0,0,0,0,0
0,1,0,0,1,0,1,0,2,0,3,3,1,3,1,3,4,3,1,1,5,2,6,10,6,7,6,6,13,9,12,17,18,21,17,13,22,20,20,23,23,23,30,28,25,38,31,30,35,28,55,41,28,33,37,47,40,38,31,49,48,35,35,48,39,24,36,42,28,33,33,37,35,38,33,28,32,27,34,34,27,33,31,25,28,19,24,28,23,22,23,21,11,14,18,14,8,11,9,10,16,10,7,11,10,11,8,6,4,8,8,6,9,8,5,5,6,2,9,1,2,6,4,3,6,0,5,2,5,3,3,1,1,1,1,2,2,0,1,0,0,0,1,1,0,0,1,0,0,1,0,1,1,0,0,0,0,0,0,0,0,0,0,0,2,0,1,1,0,0,0,0,0,0,0,0,0,0,0,0,0,0,0,0,0,0,0,0,0,0,0,0,0,0,0,0,0,0,0,0
3,3,3,0,0,3,0,1,4,1,1,4,0,1,2,1,3,3,2,6,5,9,2,5,2,4,9,6,8,11,8,13,20,10,21,25,16,14,18,15,24,26,29,20,31,25,31,36,50,35,23,41,38,26,35,38,37,31,30,35,39,43,40,33,34,42,36,46,42,33,37,35,35,23,31,34,28,36,21,33,21,34,21,27,28,25,35,24,19,20,17,21,13,20,12,16,18,19,9,10,12,11,11,17,7,8,14,6,6,6,10,8,5,9,5,2,7,5,4,1,4,2,3,4,2,3,6,4,1,1,4,0,1,1,1,2,2,1,0,0,1,0,1,1,1,0,0,1,1,0,0,1,0,0,0,0,0,0,0,0,0,0,0,0,0,0,1,0,0,0,0,0,0,0,0,0,0,0,0,0,0,0,0,0,0,0,0,0,0,0,0,0,0,0,0,0,0,0,0,0
1,0,2,0,0,0,1,1,3,0,0,2,1,2,0,0,7,8,3,2,6,5,6,4,3,11,11,4,9,12,12,12,15,16,18,11,12,16,20,18,20,26,26,23,23,24,40,33,26,41,33,40,26,37,47,37,44,26,26,50,51,38,39,41,33,30,37,34,41,36,33,42,34,44,24,25,37,35,27,27,22,33,32,21,21,21,27,24,8,26,15,17,17,17,11,15,12,12,9,16,14,5,9,11,10,6,9,12,6,5,3,8,0,5,7,3,4,3,4,3,3,6,4,2,1,0,2,4,1,2,1,1,2,2,0,1,1,0,0,1,1,0,0,1,0,0,0,0,0,0,1,0,0,1,0,0,0,0,0,0,0,0,0,0,0,0,0,0,0,1,0,1,0,0,0,0,0,0,0,0,0,0,0,0,0,0,0,0,0,0,0,0,0,0,0,0,0,0,0,0
1,4,3,1,0,1,1,1,0,0,0,2,0,1,0,2,6,6,1,2,8,7,6,7,4,7,12,5,7,5,9,11,15,12,14,21,15,16,22,21,22,26,29,19,33,14,25,34,32,35,29,40,38,35,38,26,29,42,44,36,39,36,34,31,43,36,36,28,42,33,32,43,28,36,30,26,28,31,36,25,23,22,26,14,25,26,19,21,16,15,18,12,23,16,18,12,13,18,11,11,7,8,8,13,9,6,7,5,2,4,5,5,3,8,4,7,5,3,3,2,3,5,4,1,3,3,2,2,0,0,0,2,0,2,0,1,1,1,1,0,1,0,1,1,1,0,0,0,2,0,0,0,1,0,0,0,0,0,0,0,0,0,0,0,0,0,0,0,0,0,0,0,0,0,0,0,0,0,0,0,0,0,0,0,0,0,0,0,0,0,0,0,0,0,0,0,0,0,0,0
0,0,0,0,0,1,1,0,2,2,0,1,0,1,2,1,3,6,6,2,6,3,12,7,6,6,8,9,5,4,10,12,7,9,14,19,18,14,12,16,22,18,38,20,22,25,31,20,32,27,33,42,31,33,34,30,33,39,37,41,35,43,35,35,32,25,41,33,39,40,26,37,20,37,36,17,25,20,19,23,21,35,22,26,27,12,19,16,20,18,18,10,18,10,11,13,17,16,7,11,12,5,7,8,11,8,4,3,6,12,3,3,6,3,9,2,5,6,3,4,3,3,0,2,4,2,2,2,1,1,4,1,1,0,0,2,0,2,1,0,2,2,2,1,0,0,0,0,1,0,0,2,0,0,0,0,1,0,0,0,1,0,0,0,0,0,0,0,1,0,0,0,0,0,0,0,0,0,0,0,0,0,0,0,0,0,0,0,0,0,0,0,0,0,0,0,0,0,0,0
0,0,1,0,0,0,2,1,1,0,2,3,0,1,3,0,5,4,5,2,6,2,6,3,2,2,2,6,8,6,6,15,9,10,18,16,17,13,24,16,19,21,21,28,21,15,23,34,30,21,24,27,30,42,38,40,35,34,32,37,42,27,40,38,42,31,40,28,36,34,32,41,20,23,37,27,30,29,20,19,27,23,27,24,22,18,11,20,24,23,8,17,11,16,10,7,11,11,8,8,14,16,8,11,11,6,6,7,5,6,4,7,3,11,7,5,8,5,3,4,3,2,3,7,0,3,3,2,2,0,2,0,1,0,0,1,1,1,2,1,1,0,0,0,0,1,1,1,1,0,0,0,0,0,0,0,0,0,0,0,0,0,0,0,0,0,0,0,0,0,0,0,0,0,0,0,0,0,0,0,0,0,0,0,0,0,0,0,0,0,0,0,0,0,0,0,0,0,0,0
1,0,1,0,0,2,1,0,0,1,0,2,2,2,4,0,0,6,6,1,7,2,4,3,8,4,6,3,10,11,5,9,13,7,14,12,8,16,24,18,21,17,17,22,24,27,29,23,19,25,31,35,24,27,39,46,43,48,30,19,27,30,30,32,32,37,39,18,38,34,22,24,37,34,23,26,26,38,22,18,19,21,21,22,27,17,15,18,19,20,13,13,13,12,18,10,6,7,11,14,10,3,9,7,5,4,8,9,6,7,8,7,7,3,7,2,3,3,1,3,2,2,1,2,3,4,2,1,1,2,1,1,0,0,0,0,1,1,0,1,1,0,1,0,1,0,0,0,1,0,0,0,0,0,1,0,0,0,0,0,0,0,0,0,0,0,0,0,0,0,0,0,0,0,0,0,0,0,0,0,0,0,0,0,0,0,0,0,0,0,0,0,0,0,0,0,0,0,0,0
1,1,2,0,0,3,1,3,3,1,1,1,0,1,2,5,4,0,2,3,4,2,5,3,2,6,7,8,7,7,9,7,8,16,9,13,11,23,16,13,17,12,25,20,24,29,26,25,39,32,27,21,35,31,31,47,37,26,30,31,31,39,39,41,24,31,26,32,31,35,28,26,33,23,35,26,20,26,28,20,12,25,26,21,16,23,17,20,10,23,18,11,15,10,14,16,7,12,13,7,8,5,9,9,7,9,3,5,10,9,5,4,6,5,3,4,2,1,6,3,1,3,1,2,0,3,1,2,2,4,3,1,0,0,4,1,1,0,2,0,0,2,0,0,1,0,0,0,1,0,0,0,0,0,0,0,0,0,1,0,0,0,0,0,0,0,0,0,0,0,0,0,0,0,0,0,0,0,0,0,0,0,0,0,0,0,0,0,0,0,0,0,0,0,0,0,0,0,0,0
1,0,0,1,0,1,0,1,1,2,3,0,0,0,0,2,6,3,1,3,3,5,5,5,6,6,2,6,6,5,11,8,6,16,9,9,16,19,15,17,24,15,19,22,28,34,32,29,31,21,22,31,26,33,30,28,22,25,27,43,35,37,27,32,36,30,26,24,28,24,26,35,27,23,21,19,20,30,26,22,16,25,19,24,18,22,25,12,14,18,13,12,14,9,15,13,14,8,11,5,6,10,13,4,10,9,11,7,5,2,0,4,8,5,4,3,6,1,2,3,3,2,1,2,2,1,2,6,2,3,1,2,0,0,1,0,1,0,0,2,2,1,1,1,0,0,1,0,1,0,0,0,0,0,0,0,1,0,0,0,0,0,0,0,0,0,0,0,0,0,0,0,0,0,0,0,0,0,0,0,0,0,0,0,0,0,0,0,0,0,0,0,0,0,0,0,0,0,0,0
2,1,3,0,0,0,1,0,0,1,2,1,0,2,1,2,2,5,1,2,1,4,1,7,2,4,12,5,4,10,11,4,9,12,17,13,14,11,11,26,9,19,20,24,18,25,32,18,21,32,27,32,31,25,28,34,35,24,35,31,33,48,36,36,30,24,27,27,40,26,17,17,22,19,18,25,20,26,29,22,22,18,19,26,13,16,19,14,17,23,15,14,9,13,8,12,8,15,5,5,8,11,7,6,8,2,10,6,10,3,1,6,4,3,5,4,6,2,4,1,2,5,2,0,2,2,3,6,0,1,1,1,1,1,2,0,1,0,1,1,0,1,0,0,1,2,1,0,0,0,1,0,0,0,0,0,0,0,0,0,0,0,0,0,0,0,0,0,0,0,0,0,0,0,0,0,0,0,0,0,0,0,0,0,0,0,0,0,0,0,0,0,0,0,0,0,0,0,0,0
0,0,0,0,0,3,1,1,0,1,0,0,0,2,4,3,6,4,2,2,5,3,9,9,4,5,5,5,9,10,12,9,6,12,18,14,14,16,15,11,22,17,27,12,30,24,22,29,24,30,19,33,26,23,23,43,31,28,28,23,19,44,39,41,32,28,25,32,23,32,27,25,31,26,30,26,29,19,21,12,20,19,22,20,20,30,12,23,17,19,17,8,14,7,13,12,8,5,8,17,8,6,10,5,8,2,6,7,9,8,6,5,1,3,4,7,3,3,3,2,2,2,1,1,2,1,2,2,1,1,1,3,0,2,2,1,0,0,2,0,0,0,0,1,1,1,1,0,1,0,0,0,0,0,0,0,1,1,0,0,0,0,0,0,0,0,0,0,0,0,0,0,0,0,0,0,0,0,0,1,0,0,0,0,0,0,0,0,0,0,0,0,0,0,0,0,0,0,0,0
0,0,0,0,0,3,3,1,3,0,1,2,5,1,1,3,2,5,3,2,1,4,4,9,5,5,4,5,6,4,4,5,7,9,11,11,18,9,12,19,23,19,29,13,27,32,18,28,39,23,25,29,27,21,36,29,27,32,31,28,19,41,33,23,33,31,28,33,25,30,29,29,31,29,23,25,24,21,18,17,15,18,17,16,18,13,18,21,12,14,17,16,12,13,11,12,16,4,5,16,11,7,6,4,5,2,13,7,5,6,2,1,4,3,10,1,5,2,7,4,3,4,1,3,2,0,2,3,0,0,0,1,2,1,0,1,0,2,0,0,0,1,0,0,2,0,0,0,0,0,1,1,0,0,0,0,0,0,0,0,1,0,0,0,0,0,0,0,0,0,1,0,0,0,0,0,0,0,0,0,0,0,0,0,0,0,0,0,0,0,0,0,0,0,0,0,0,0,0,0
0,0,1,0,0,2,1,2,1,1,1,0,0,3,2,3,3,4,3,3,5,4,5,6,3,2,5,9,12,4,6,9,12,9,10,9,11,11,14,13,13,14,19,26,24,27,21,20,32,24,28,18,23,25,38,39,25,28,25,29,31,39,39,36,31,26,30,33,20,17,22,30,35,27,27,19,22,16,24,11,27,19,19,13,15,22,21,16,13,14,13,19,11,11,10,7,11,9,7,8,8,7,8,11,8,5,7,5,4,3,3,5,4,4,0,2,6,1,6,3,7,1,2,2,1,1,1,3,2,2,1,0,0,1,1,1,3,0,1,1,0,0,0,2,0,0,2,0,0,0,0,0,0,0,0,0,0,0,1,0,0,0,0,0,0,0,0,0,0,0,0,0,0,0,0,0,0,0,0,0,0,0,0,0,0,0,0,0,0,0,0,0,0,0,0,0,0,0,0,0
1,0,1,1,0,0,0,1,0,0,2,1,0,0,3,3,3,4,2,0,10,5,2,3,4,7,4,5,5,4,7,7,4,12,5,12,14,14,15,10,11,8,9,24,17,19,24,12,24,31,29,23,23,21,19,21,27,26,29,23,29,23,27,21,30,24,22,31,24,36,28,27,24,28,17,21,27,14,30,19,22,14,16,19,18,11,9,10,11,17,11,11,16,13,8,13,10,18,6,6,6,8,5,13,4,7,3,5,5,8,1,3,4,3,4,1,6,3,2,1,2,1,1,1,0,0,3,2,2,0,1,1,0,1,2,0,0,0,1,0,0,0,1,0,1,0,2,0,0,0,0,1,0,0,0,0,2,0,0,0,0,0,0,0,0,0,0,0,0,0,0,0,0,0,0,0,0,0,0,0,0,0,0,0,0,0,0,0,0,0,0,0,0,0,0,0,0,0,0,0
0,1,0,1,1,1,2,1,0,0,1,0,4,3,1,0,1,3,7,2,3,2,1,3,3,4,10,5,5,8,5,10,11,7,10,10,12,12,10,12,20,18,24,15,16,21,24,19,28,18,26,21,21,26,37,25,35,23,23,25,23,21,24,30,21,27,25,29,23,29,26,18,37,26,16,13,17,25,12,25,11,29,28,9,15,14,19,17,12,19,10,13,18,8,7,5,10,7,8,16,5,6,6,7,8,6,6,8,4,3,4,6,6,2,4,3,3,5,1,5,0,3,0,4,0,0,1,0,1,1,1,2,0,1,1,0,0,0,0,0,0,0,0,0,1,2,0,1,1,0,0,0,0,0,0,0,0,0,0,0,0,0,0,0,0,0,1,0,0,0,0,0,0,0,0,0,0,0,0,0,0,0,0,0,0,0,0,0,0,0,0,0,0,0,0,0,0,0,0,0
0,0,0,0,0,1,0,0,1,0,1,4,0,2,4,2,2,1,3,1,3,2,10,2,1,5,9,8,7,2,6,8,15,13,13,13,19,10,18,14,21,13,29,19,26,22,18,23,27,24,21,37,26,27,20,31,36,28,16,25,25,32,26,24,32,24,22,25,18,28,20,28,18,26,25,21,14,18,23,21,14,15,17,17,13,11,14,11,8,15,14,14,7,13,14,10,5,11,10,5,8,4,4,8,5,5,8,3,3,7,1,8,1,2,4,4,5,1,1,3,4,5,1,0,1,1,3,2,1,0,0,0,1,1,0,0,3,1,0,2,0,1,0,0,1,1,1,1,0,0,0,0,0,0,0,0,0,0,0,0,0,0,0,0,0,0,0,0,0,0,0,0,0,0,0,1,0,0,0,0,0,0,0,0,0,0,0,0,0,0,0,0,0,0,0,0,0,0,0,0
1,0,0,2,0,0,0,2,1,0,1,1,0,2,4,2,1,1,1,2,2,4,5,6,6,6,5,6,8,2,8,4,8,11,9,11,12,19,16,17,18,11,22,18,14,20,32,24,25,18,31,15,32,28,19,23,19,22,26,22,31,24,27,31,28,29,21,29,16,32,21,20,17,24,25,17,23,23,16,23,18,14,15,14,18,17,15,15,15,14,10,10,17,9,9,11,14,8,5,8,7,1,7,9,7,5,8,9,5,6,7,2,6,2,2,1,7,0,6,2,1,1,2,4,2,1,0,3,2,1,0,3,0,0,0,0,1,1,0,1,1,1,0,0,0,0,0,0,0,0,1,1,0,0,0,0,0,0,0,0,0,0,0,0,0,0,0,0,0,0,0,0,0,0,0,0,0,0,0,0,0,0,0,0,0,0,0,0,0,0,0,0,0,0,0,0,0,0,0,0
1,0,0,0,0,1,0,1,2,1,0,2,0,1,0,3,1,3,3,1,5,3,4,4,6,7,7,5,4,2,4,9,5,5,8,14,14,14,11,9,26,14,15,32,14,20,20,23,30,21,21,26,19,27,35,21,26,30,29,15,27,27,17,27,22,19,27,23,24,23,29,23,18,14,20,23,17,25,23,8,13,10,17,16,20,5,18,19,14,8,16,10,12,10,12,10,12,15,8,6,13,6,8,9,7,5,3,3,5,7,2,4,4,5,4,4,2,0,3,3,1,1,1,1,0,1,4,0,0,1,1,2,0,0,0,1,0,0,0,0,0,0,0,0,0,0,0,0,0,0,0,0,0,0,0,1,0,0,0,0,0,0,0,0,0,0,0,0,0,0,0,0,0,0,0,0,0,0,0,0,0,0,0,0,0,0,0,0,0,0,0,0,0,0,0,0,0,0,0,0
0,0,0,0,0,3,0,0,1,2,1,2,1,2,1,3,6,4,1,0,3,3,3,5,3,3,4,2,6,6,6,10,11,12,12,9,18,12,10,17,17,17,18,11,16,17,26,24,19,16,21,25,22,31,27,38,26,24,17,24,20,24,30,33,31,19,18,25,32,27,14,17,8,21,20,22,24,19,10,21,14,21,16,15,9,15,16,16,10,13,12,12,4,6,12,8,7,9,7,9,10,8,7,7,3,6,7,5,4,3,5,4,5,3,3,5,3,0,6,0,1,4,0,3,3,1,1,2,1,1,3,2,0,1,0,0,1,2,0,1,0,0,0,0,0,0,0,0,0,0,0,0,0,0,0,0,1,0,0,0,0,0,0,0,0,0,0,0,0,0,0,0,0,0,0,0,0,0,0,0,0,0,0,0,0,0,0,0,0,0,0,0,0,0,0,0,0,0,0,0
0,0,0,1,0,0,0,0,3,1,2,1,0,2,1,1,1,4,2,5,3,5,7,5,0,3,9,2,8,2,5,9,13,11,11,11,11,16,19,19,19,9,25,17,17,23,16,16,24,16,19,18,22,19,24,19,26,22,19,19,24,23,23,26,20,15,22,23,16,20,20,19,23,17,21,16,15,23,21,12,18,15,12,7,11,16,15,13,10,12,16,11,9,8,7,6,8,7,8,8,4,6,7,3,6,5,6,5,9,6,9,5,3,5,8,4,3,5,2,0,1,1,3,4,2,1,2,2,2,3,2,0,0,0,1,0,0,0,1,0,0,0,0,0,0,0,0,1,0,1,0,0,0,0,0,0,0,0,0,0,0,0,0,0,0,0,0,0,0,0,0,0,0,0,0,0,0,0,0,0,0,0,0,0,0,0,0,0,0,0,0,0,0,0,0,0,0,0,0,0
1,0,0,0,0,0,0,1,1,1,2,1,1,2,3,1,3,2,1,1,2,3,7,6,2,4,3,1,5,4,7,3,8,5,11,6,11,14,8,8,15,16,11,13,9,18,11,21,30,16,27,38,22,13,26,20,25,17,19,27,17,21,27,16,27,23,17,28,29,21,22,18,20,31,15,16,21,15,14,21,19,17,17,10,12,10,9,10,10,5,7,9,7,7,6,9,9,8,7,7,1,5,5,3,9,11,2,5,10,5,2,8,1,2,5,5,4,3,3,1,1,2,2,1,0,2,2,2,1,1,0,1,0,2,1,0,0,1,1,0,0,2,0,0,0,0,0,0,0,1,0,0,0,0,0,0,0,0,0,0,0,0,0,0,0,0,0,0,0,0,0,0,0,0,0,0,0,0,0,0,0,0,0,0,0,0,0,0,0,0,0,0,0,0,0,0,0,0,0,0
1,0,1,0,0,1,0,2,2,1,0,1,0,0,0,1,2,2,1,2,3,0,3,6,2,0,4,5,7,8,3,5,7,11,10,16,17,16,9,12,19,16,18,9,18,17,14,16,21,9,17,20,25,28,23,30,23,13,22,21,29,23,30,23,11,26,21,27,21,18,15,18,24,18,18,18,26,25,12,19,8,16,14,11,8,7,12,13,7,9,8,10,6,12,10,9,10,8,7,12,6,7,4,5,7,4,9,6,4,1,5,3,1,4,2,3,2,1,0,0,1,1,3,1,1,1,0,3,2,0,0,3,0,1,0,0,0,0,0,2,0,0,0,1,0,1,0,0,0,0,0,0,0,0,1,0,0,0,0,0,0,0,0,0,0,0,0,0,0,0,0,0,0,0,0,0,0,0,0,0,0,0,0,0,0,0,0,0,0,0,0,0,0,0,0,0,0,0,0,0
0,0,0,1,0,0,0,3,0,1,2,2,0,0,4,2,3,0,2,0,5,1,3,2,7,7,4,5,5,7,4,5,13,10,11,10,12,12,11,12,9,18,14,19,15,23,21,18,24,22,30,18,22,18,21,26,20,23,19,23,24,31,28,28,17,27,19,18,18,21,18,15,17,17,20,18,17,17,15,15,8,17,15,19,13,15,8,15,15,7,5,11,3,5,9,9,10,6,12,4,10,7,4,3,4,5,1,2,5,7,4,1,1,6,3,6,4,2,1,4,0,1,2,3,0,0,0,2,1,1,1,0,0,0,0,2,2,0,0,0,0,2,0,0,0,0,0,1,0,0,0,1,1,0,0,0,0,0,0,0,0,0,0,0,0,0,0,0,0,0,0,0,0,0,0,0,0,0,0,0,0,0,0,0,0,0,0,0,0,0,0,0,0,0,0,0,0,0,0,0
1,0,0,2,0,0,1,1,0,1,2,0,3,1,3,1,3,3,0,1,2,2,8,4,4,4,3,4,3,2,5,10,6,7,8,5,14,13,18,13,13,10,11,15,10,13,10,25,23,14,19,24,13,25,21,25,14,24,21,33,19,27,27,24,16,17,27,23,16,20,28,19,15,18,19,18,23,17,15,6,11,20,15,12,9,13,9,11,12,8,10,13,10,6,2,6,5,12,7,9,6,10,5,10,1,4,5,2,5,6,5,4,2,7,4,1,4,3,3,4,5,2,2,0,0,1,0,1,2,1,0,2,2,0,1,1,2,0,0,0,0,1,0,2,0,1,0,0,0,0,0,2,0,0,0,0,0,0,0,0,0,0,1,0,0,0,1,0,0,0,0,0,0,0,0,0,0,0,0,0,0,0,0,0,0,0,0,0,0,0,0,0,0,0,0,0,0,0,0,0
2,0,1,0,0,0,0,2,0,1,3,2,0,0,3,2,7,2,1,0,3,1,6,3,2,2,4,0,7,3,9,9,1,4,4,6,7,9,15,8,15,17,17,16,15,14,16,16,15,10,20,26,22,16,24,15,28,19,18,21,30,27,21,17,24,18,15,17,18,21,24,18,14,12,18,18,16,18,18,12,12,16,9,8,11,12,11,6,16,19,7,14,10,7,11,9,7,9,7,8,4,3,6,0,3,7,4,4,6,4,3,4,0,6,2,3,3,2,2,2,0,1,0,1,2,1,1,2,1,2,0,1,1,0,1,0,0,0,1,1,0,0,0,2,0,0,0,0,0,0,0,0,1,0,0,0,1,0,0,0,0,0,0,0,0,1,0,0,0,0,0,0,0,0,0,0,0,0,0,1,0,0,0,0,0,0,0,0,0,0,0,0,0,0,0,0,0,0,0,0
2,0,0,0,0,1,0,1,1,1,1,2,1,1,0,1,2,1,1,2,2,2,2,5,3,2,8,5,2,3,4,5,8,9,7,9,13,11,15,11,15,15,18,11,15,18,15,14,15,14,19,28,16,16,22,20,31,16,17,18,13,20,21,23,17,14,10,12,10,26,17,18,17,13,6,19,18,15,16,13,13,14,13,11,12,6,5,8,15,5,8,9,8,8,4,11,10,9,6,5,8,5,9,4,3,2,4,3,3,2,0,4,4,3,3,1,2,2,2,0,4,1,0,1,3,5,2,1,3,0,2,0,0,0,1,0,1,1,0,0,0,0,0,0,0,0,0,0,0,0,0,0,0,0,0,0,0,0,0,0,0,0,0,0,0,0,0,0,0,0,0,0,0,0,0,0,0,0,0,0,0,0,0,0,0,0,0,0,0,0,0,0,0,0,0,0,0,0,0,0
1,0,0,0,0,0,0,0,0,0,1,0,0,0,2,1,1,3,1,2,4,0,2,4,1,2,4,5,7,4,10,7,9,3,3,11,16,7,14,14,17,20,13,16,12,20,15,16,19,16,17,18,18,25,19,25,11,21,24,17,24,23,18,21,14,24,15,20,17,12,18,17,22,15,16,18,16,15,9,15,14,12,9,8,10,14,11,10,6,10,9,6,5,5,12,8,10,4,2,4,4,6,6,2,1,5,3,3,2,1,4,6,3,4,0,0,6,2,2,3,2,2,4,2,1,2,2,1,3,0,2,0,0,0,0,1,0,0,1,0,0,0,0,1,0,0,0,0,0,0,0,0,0,0,1,0,0,0,1,0,0,0,0,0,1,0,0,0,0,0,0,0,0,0,0,0,0,0,0,0,0,0,0,0,0,0,0,0,0,0,0,0,0,0,0,0,0,0,0,0
0,0,1,0,0,1,1,2,2,0,2,3,3,1,2,0,5,2,1,1,1,2,4,4,2,3,2,4,2,4,3,7,6,10,9,6,7,8,14,7,16,13,6,10,9,25,12,12,8,16,17,13,10,17,19,22,12,22,25,35,21,24,20,23,19,24,12,23,17,16,18,17,13,12,20,18,19,16,11,13,10,15,11,12,8,6,12,12,15,5,9,10,4,7,6,5,4,8,6,5,6,8,5,6,1,2,0,5,4,5,2,4,2,3,4,2,2,3,2,2,2,2,1,1,1,1,1,0,0,3,0,0,1,0,1,0,0,0,0,0,0,0,0,1,0,0,0,0,0,0,0,0,0,0,0,0,0,0,0,0,0,0,0,0,0,0,0,0,0,0,0,0,0,0,0,0,0,0,0,0,0,0,0,0,0,0,0,0,0,0,0,0,0,0,0,0,0,0,0,0
0,0,1,1,0,2,0,0,1,1,0,0,1,2,3,1,2,2,6,0,8,4,4,5,4,1,4,3,3,2,2,2,9,8,12,11,5,8,9,12,11,8,12,13,20,7,14,17,12,20,14,19,12,14,11,23,12,23,14,18,17,18,22,15,16,17,12,17,21,19,19,22,12,18,19,15,13,19,14,10,11,5,19,18,12,9,7,10,11,7,5,4,5,11,8,8,7,7,6,2,5,6,6,9,6,2,4,0,5,3,1,4,2,1,2,1,2,2,1,3,1,3,3,0,1,3,0,0,0,1,1,1,0,0,1,0,0,0,0,2,0,0,2,0,0,0,0,0,0,0,1,0,1,1,0,0,0,0,0,0,0,0,0,0,0,0,0,0,0,0,0,0,0,0,0,0,0,0,0,0,0,0,0,0,0,0,0,0,0,0,0,0,0,0,0,0,0,0,0,0
0,2,0,0,0,1,0,0,0,1,0,0,3,1,4,1,3,4,2,3,1,2,6,5,6,5,7,2,2,6,3,2,4,4,5,9,10,10,13,18,16,13,13,10,15,12,14,25,21,11,12,20,19,17,18,22,11,19,17,16,13,23,19,13,16,17,14,23,17,17,22,24,13,11,14,14,17,11,13,13,9,11,15,6,9,15,5,10,8,8,5,5,6,8,9,1,2,2,6,6,3,3,3,1,2,2,2,3,3,4,4,3,1,3,2,3,2,3,2,2,1,2,2,1,1,1,1,2,1,1,4,1,0,0,1,1,0,1,1,1,0,1,0,0,0,0,1,0,0,0,0,0,0,0,0,0,0,0,0,0,0,0,0,1,0,0,0,0,0,0,0,0,0,0,0,0,0,0,0,0,0,0,0,0,0,0,0,0,0,0,0,0,0,0,0,0,0,0,0,0
0,0,0,0,0,0,1,0,1,0,1,1,0,1,2,1,4,3,0,0,4,3,7,3,2,1,4,2,10,6,0,9,5,4,14,3,13,10,19,12,9,13,14,12,18,17,22,15,19,13,23,11,16,16,22,23,14,10,19,23,18,26,17,25,10,11,14,22,22,14,17,11,10,15,13,14,14,13,15,17,10,8,18,3,11,12,11,14,10,11,8,3,4,7,5,6,6,6,6,6,2,4,4,5,5,4,5,4,3,7,1,3,5,4,2,1,1,4,3,4,1,2,0,2,1,0,2,0,1,2,0,0,1,0,0,1,0,0,0,1,0,0,0,0,0,0,0,0,0,0,0,1,0,0,0,0,0,0,0,0,0,0,0,0,0,0,0,0,0,0,0,0,0,0,0,0,0,0,0,0,0,0,0,0,0,0,0,0,0,0,0,0,0,0,0,0,0,0,0,0
0,0,1,1,0,0,0,0,0,0,0,1,1,0,1,1,3,6,2,0,6,2,3,4,2,3,3,6,3,4,7,5,10,7,14,5,7,16,12,7,5,9,9,11,17,21,15,13,19,13,18,14,17,15,15,16,17,15,12,18,18,15,17,16,17,13,12,18,16,22,16,12,11,15,16,13,11,8,11,5,12,12,14,14,6,5,8,8,6,5,4,5,6,5,4,4,4,6,6,5,2,8,2,5,2,3,2,4,5,2,1,2,4,0,1,1,1,1,2,1,2,0,2,0,1,2,2,1,0,1,2,1,0,1,0,2,1,0,0,1,0,0,0,0,0,1,0,0,2,0,0,0,0,0,0,0,0,0,0,0,0,0,0,0,0,0,0,0,0,0,0,0,0,0,0,0,0,0,0,0,0,0,0,0,0,0,0,0,0,0,0,0,0,0,0,0,0,0,0,0
1,0,0,1,0,1,0,0,1,1,0,1,0,3,0,0,0,3,1,3,3,4,5,2,1,1,4,1,8,5,4,4,1,8,12,8,12,5,8,8,13,7,14,12,13,12,6,17,15,18,12,21,5,13,18,13,13,20,21,18,18,24,14,11,13,16,17,12,17,13,21,10,15,23,9,15,10,13,19,12,10,11,11,7,12,10,6,12,10,3,8,5,10,4,5,3,5,11,7,2,4,5,4,2,6,4,3,3,2,2,2,2,0,2,2,0,2,0,1,2,0,1,4,2,0,5,1,2,0,2,3,0,1,1,1,0,1,0,1,1,0,1,0,0,0,0,0,0,0,0,0,0,0,1,0,0,1,0,0,0,0,0,0,1,0,0,0,0,0,0,0,1,0,0,0,0,0,0,0,0,0,0,0,0,0,0,0,0,0,0,0,0,0,0,0,0,0,0,0,0
0,0,0,0,0,2,1,0,3,0,0,1,2,2,1,1,2,1,4,1,2,3,5,6,2,5,4,4,5,4,5,4,6,5,8,3,16,8,4,4,14,13,11,13,17,17,14,19,19,9,14,25,23,20,17,11,27,18,19,17,17,13,13,17,14,15,17,21,14,27,15,15,19,11,16,11,16,12,10,7,13,13,13,8,13,5,7,6,10,3,8,6,9,5,9,4,3,8,6,4,5,3,4,6,1,2,5,2,2,1,2,1,0,2,0,3,2,4,3,1,1,2,2,1,0,0,1,2,0,2,0,0,0,0,1,0,0,0,0,0,0,0,1,0,0,1,0,0,0,0,0,0,0,0,0,0,0,0,0,0,0,0,0,0,0,0,0,0,0,0,0,0,0,0,0,0,0,0,0,0,0,0,0,0,0,0,0,0,0,0,0,0,0,0,0,0,0,0,0,0
1,0,1,0,0,0,1,0,1,0,1,1,1,1,1,0,2,2,1,1,0,3,4,2,0,2,4,3,5,4,4,3,4,4,5,7,11,15,9,8,16,13,16,8,12,20,13,20,12,18,14,13,18,17,16,18,14,21,11,13,19,14,17,18,26,13,11,11,11,22,16,13,8,13,17,21,12,14,12,6,9,9,9,13,9,8,12,7,6,13,8,7,6,6,6,4,7,4,5,4,3,5,6,6,2,2,3,4,3,2,0,5,4,1,4,0,2,0,2,2,0,1,2,2,2,1,3,1,0,2,0,1,0,0,0,0,0,1,0,1,0,0,0,0,1,0,1,0,0,0,0,1,0,0,0,0,0,0,1,0,0,0,0,0,0,0,0,0,0,0,0,0,0,0,0,0,0,0,0,0,0,0,0,0,0,0,0,0,0,0,0,0,0,0,0,0,0,0,0,0
0,0,0,0,0,0,0,0,0,1,0,1,1,1,1,1,2,1,0,0,2,0,0,5,2,6,6,2,6,1,3,5,6,8,6,5,5,11,6,6,11,7,6,12,12,12,14,15,16,17,19,16,12,22,18,16,13,16,20,20,17,16,27,12,11,13,12,18,17,11,15,11,8,15,10,10,16,8,14,7,5,5,9,12,7,6,8,7,5,11,3,13,3,4,6,4,7,9,3,4,6,4,7,3,6,2,3,1,2,2,1,3,1,0,0,0,4,3,1,2,2,0,1,0,0,1,0,0,0,0,1,2,1,0,0,1,0,0,0,1,0,0,0,0,0,0,0,0,0,0,0,0,0,0,0,0,0,0,0,0,0,0,0,0,0,0,0,0,0,0,0,0,0,0,0,0,0,0,0,0,0,0,0,0,0,0,0,0,0,0,0,0,0,0,0,0,0,0,0,0
0,0,0,0,0,1,0,1,0,2,0,0,0,1,1,2,0,3,0,2,0,1,1,4,3,2,6,6,4,4,4,6,5,10,10,7,11,6,10,12,14,10,16,5,9,8,13,15,12,14,15,19,16,21,17,20,19,17,14,17,16,13,16,15,17,12,13,20,12,8,10,21,15,11,11,13,17,20,11,9,6,10,5,10,5,10,10,20,5,5,3,7,7,7,6,2,4,3,1,6,5,3,2,2,4,2,2,5,5,1,2,2,0,0,2,0,1,2,2,0,1,0,0,2,0,1,1,0,1,0,1,0,0,0,0,0,1,0,0,0,1,0,1,0,0,0,0,0,1,0,0,0,0,0,0,0,0,0,0,0,0,0,0,0,0,0,0,1,0,0,0,0,0,0,0,0,0,0,0,0,0,0,0,0,0,0,0,0,0,0,0,0,0,0,0,0,0,0,0,0
0,0,1,0,0,1,1,1,1,1,0,1,0,0,0,0,0,1,4,3,4,5,3,4,5,4,4,4,3,4,3,5,6,5,8,7,11,3,10,12,13,9,9,14,9,11,10,9,15,13,12,16,13,16,15,20,18,15,12,15,14,9,15,12,15,12,11,10,21,7,10,12,10,16,16,12,13,7,12,4,8,9,4,12,13,6,4,7,7,5,3,7,9,3,7,12,2,5,8,7,4,1,2,1,2,3,3,5,2,3,4,1,0,4,4,0,1,1,2,3,0,1,1,0,0,0,1,1,1,0,0,0,2,0,0,0,2,0,0,0,0,0,0,2,0,0,0,0,0,0,0,0,0,0,0,0,0,0,0,0,0,0,0,0,0,0,0,0,0,0,0,0,0,0,0,0,0,0,0,0,0,0,0,0,0,0,0,0,0,0,0,0,0,0,0,0,0,0,0,0
0,1,1,0,0,0,0,0,1,0,0,0,1,0,1,0,3,2,1,1,3,0,2,6,3,3,1,1,1,2,5,6,2,15,6,8,8,9,7,9,12,12,10,14,12,10,11,15,14,19,12,14,19,14,9,20,13,17,14,15,20,16,15,7,8,11,20,12,22,16,15,12,13,16,13,9,9,10,10,4,9,14,5,5,14,7,11,7,7,14,5,6,3,6,8,8,5,7,5,5,2,3,0,3,1,4,2,2,0,2,0,3,1,2,3,2,1,1,0,2,1,3,0,2,0,0,0,0,1,1,0,1,0,1,0,0,0,0,0,0,1,0,1,0,1,0,0,0,0,0,0,0,0,0,0,0,0,0,0,0,0,0,0,0,0,0,0,0,0,0,0,0,0,0,0,0,0,0,0,0,0,0,0,0,0,0,0,0,0,0,0,0,0,0,0,0,0,0,0,0
1,0,0,0,0,1,2,1,1,1,0,1,0,2,2,0,4,1,2,0,0,3,4,1,1,1,0,4,4,3,2,8,3,7,6,5,13,8,4,6,8,10,11,9,14,8,8,15,7,16,6,12,4,18,13,9,12,11,14,16,13,16,12,17,16,14,11,13,15,12,20,20,10,10,16,3,11,14,9,9,6,8,11,6,12,6,7,10,6,8,5,7,7,6,6,4,5,2,5,5,2,3,0,4,4,5,4,1,2,2,2,2,0,0,3,4,0,3,0,2,0,1,1,1,2,1,0,0,0,0,1,2,1,0,0,1,0,0,0,0,0,0,0,1,0,0,0,0,0,0,0,0,0,0,0,0,0,0,0,0,0,0,0,0,0,0,0,0,0,0,0,0,0,0,0,0,0,0,0,0,0,0,0,0,0,0,0,0,0,0,0,0,0,0,0,0,0,0,0,0
0,1,1,0,0,0,1,2,0,0,0,0,2,1,2,2,2,3,2,0,1,1,2,5,1,3,3,3,5,5,4,8,3,5,2,7,7,7,10,6,11,12,10,6,13,16,14,13,13,9,13,13,11,14,14,9,20,17,18,17,14,17,18,22,10,15,9,11,11,11,15,14,10,7,15,13,9,8,8,10,13,8,6,8,11,5,10,11,4,7,12,6,13,4,5,4,6,1,3,3,4,3,3,1,5,3,4,4,1,3,0,6,3,2,0,1,0,0,1,3,0,0,2,0,0,2,0,2,1,1,1,1,1,0,0,1,0,0,2,0,0,0,0,0,0,0,0,0,0,0,1,0,0,0,1,0,0,0,0,0,0,0,0,0,0,0,0,0,0,0,0,0,0,0,0,0,0,0,0,0,0,0,0,0,0,0,0,0,0,0,0,0,0,0,0,0,0,0,0,0
0,0,1,0,0,0,0,2,1,1,1,2,0,0,2,0,2,3,1,2,2,1,2,6,1,8,2,6,5,1,5,6,3,8,11,16,9,10,9,11,14,6,16,14,9,8,12,8,13,12,7,10,12,10,12,18,13,10,10,13,15,10,17,15,8,11,12,9,15,8,15,14,16,11,8,6,12,6,5,8,7,12,11,8,9,3,5,7,5,8,9,3,7,9,5,0,5,5,6,3,7,4,3,3,1,5,1,5,0,1,1,2,1,2,2,1,2,1,1,2,1,1,1,0,0,1,1,0,0,0,1,0,2,1,0,0,0,1,0,0,0,1,0,0,0,0,0,1,0,0,0,0,0,0,0,0,0,0,0,0,0,0,0,0,0,0,0,0,0,0,0,0,0,0,0,0,0,0,0,0,0,0,0,0,0,0,0,0,0,0,0,0,0,0,0,0,0,0,0,0
1,0,0,0,0,0,1,1,0,0,1,2,0,0,0,1,0,4,0,0,1,2,1,4,0,1,2,1,5,1,6,4,3,4,5,7,11,7,4,9,11,13,9,8,10,12,10,9,9,11,7,12,16,12,16,9,12,10,12,18,16,11,14,14,20,16,15,14,12,23,19,13,7,12,8,18,12,8,7,5,15,9,12,6,13,8,5,4,6,9,8,7,6,5,7,6,3,4,2,3,4,2,4,6,1,2,0,0,0,6,1,5,1,2,2,3,0,1,0,0,0,1,3,0,0,0,2,1,0,0,0,0,1,0,0,0,2,0,0,1,0,0,0,0,0,0,0,0,0,0,0,0,0,0,0,0,0,0,0,0,0,0,0,0,0,0,0,0,0,0,0,0,0,0,1,0,0,0,0,0,0,0,0,0,0,0,0,0,0,0,0,0,0,0,0,0,0,0,0,0
0,0,0,0,0,2,1,1,0,1,0,0,2,0,0,2,1,0,0,1,1,2,0,1,1,6,2,3,2,3,1,0,3,6,6,5,3,5,12,8,9,8,12,5,8,7,10,7,17,7,8,9,11,9,10,7,8,18,16,12,11,6,15,15,10,8,12,9,20,15,14,7,6,17,16,8,8,10,9,8,16,4,6,12,5,6,8,2,7,3,2,6,7,5,3,5,3,3,4,3,5,2,3,4,4,1,2,0,3,3,1,0,1,3,1,2,6,1,1,2,0,1,1,0,1,1,3,0,0,2,2,0,0,2,0,0,0,0,0,1,0,0,0,0,0,1,1,0,0,0,0,0,0,0,0,0,0,0,0,0,0,0,0,0,1,0,0,0,0,0,0,0,0,0,0,0,0,0,0,0,0,0,0,0,0,0,0,0,0,0,0,0,0,0,0,0,0,0,0,0
1,1,1,0,0,1,0,2,0,0,1,0,1,1,3,1,2,1,3,0,0,2,1,0,3,1,3,4,7,3,4,0,3,5,5,8,10,7,7,4,6,7,15,10,10,9,5,8,13,9,6,10,11,7,12,8,11,11,12,11,15,11,13,4,7,19,6,11,11,15,5,14,6,11,7,7,8,6,11,11,7,5,6,5,7,5,5,10,8,8,2,5,5,3,8,3,2,3,4,3,5,4,3,5,4,5,6,2,0,4,0,1,3,2,1,0,0,2,0,0,0,1,0,3,1,1,0,2,1,1,0,0,0,1,1,0,0,0,0,0,0,0,0,0,0,0,0,0,0,0,0,0,0,0,0,0,0,0,0,0,0,0,0,0,0,0,0,0,0,0,0,0,0,0,0,0,0,0,0,0,0,0,0,0,0,0,0,0,0,0,0,0,0,0,0,0,0,0,0,0
0,0,0,0,0,0,1,2,2,1,0,1,1,0,0,0,1,1,0,1,1,2,6,0,4,3,2,0,8,2,4,2,5,2,7,6,4,5,14,10,7,5,7,11,9,11,16,16,18,6,12,6,8,7,12,14,10,17,9,13,14,13,11,12,13,14,8,9,12,11,10,11,5,6,9,8,6,8,3,6,9,12,10,12,11,7,3,6,4,4,2,3,2,8,3,5,1,4,2,2,3,3,1,1,3,0,1,2,2,3,5,1,5,0,0,1,0,0,2,1,0,1,1,1,0,0,1,0,1,0,0,0,0,0,0,0,1,0,0,1,0,0,0,1,0,1,0,0,0,0,0,0,0,0,0,0,0,0,0,1,0,0,0,0,0,0,0,0,0,0,0,0,0,0,0,0,0,0,0,0,0,0,0,0,0,0,0,0,0,0,0,0,0,0,0,0,0,0,0,0
1,0,0,0,0,2,0,1,0,0,0,0,0,2,1,0,0,1,0,1,2,0,2,2,1,4,4,6,4,5,2,3,6,5,2,11,6,4,6,5,7,3,4,12,6,12,6,9,7,9,8,22,11,10,16,11,7,13,6,10,8,16,12,7,9,8,11,11,10,9,8,8,12,10,8,6,11,2,7,5,5,7,7,9,5,2,13,6,10,7,7,3,5,1,8,3,5,3,4,3,3,0,6,5,1,5,1,3,6,3,1,3,0,0,3,1,1,0,1,5,1,2,1,3,0,2,0,1,0,1,0,0,0,0,0,0,0,0,0,1,0,1,0,0,0,0,0,0,0,0,0,0,0,0,0,0,1,0,0,0,0,0,0,0,0,0,0,0,0,0,0,0,0,0,0,0,0,0,0,0,0,0,0,0,0,0,0,0,0,0,0,0,0,0,0,0,0,0,0,0
0,0,1,0,0,0,2,0,0,1,0,0,1,1,0,0,1,0,1,2,1,0,2,4,0,1,1,3,2,2,3,6,4,5,5,9,11,5,4,8,4,12,8,11,5,12,5,18,10,12,12,13,12,11,15,19,14,10,10,14,14,7,15,14,12,7,12,11,14,14,6,10,9,9,9,8,13,9,6,9,8,8,12,5,7,5,6,4,6,2,6,9,7,7,2,3,3,4,2,1,5,1,3,2,0,3,3,1,0,1,2,0,0,4,0,1,3,2,1,1,0,1,0,0,0,2,1,0,0,0,0,0,0,0,0,0,1,0,1,0,1,1,0,2,0,0,0,0,0,0,0,0,0,0,0,0,0,0,0,0,0,0,0,0,0,0,0,1,0,0,0,0,0,0,0,0,0,0,0,0,0,0,0,0,0,0,0,0,0,0,0,0,0,0,0,0,0,0,0,0
0,0,0,0,0,0,1,2,1,0,0,0,0,0,0,0,0,1,1,1,1,0,1,2,3,3,0,2,1,3,5,6,4,5,5,3,5,6,7,4,9,6,9,10,5,8,7,7,14,8,15,11,8,12,10,10,10,9,6,12,9,7,7,13,5,7,9,13,10,8,7,10,4,10,6,6,8,4,10,7,7,8,4,2,7,3,4,4,4,5,2,2,6,5,4,1,2,1,1,3,3,4,1,3,1,2,0,5,1,2,0,2,1,2,1,2,2,1,0,0,1,2,0,0,2,0,3,0,1,0,0,0,1,1,0,0,0,0,0,0,0,0,0,0,0,0,1,0,0,0,0,0,0,0,0,0,0,1,0,0,0,0,0,0,0,0,0,1,0,0,0,0,0,0,0,0,0,0,0,0,0,0,0,0,0,0,0,0,0,0,0,0,0,0,0,0,0,0,0,0
0,0,1,0,0,0,0,0,1,0,0,0,0,0,0,0,3,2,3,1,3,1,1,0,2,2,3,2,3,1,2,6,6,3,6,8,7,11,4,2,11,4,5,3,4,5,5,9,10,5,12,11,5,9,10,13,10,11,9,7,12,8,9,7,13,12,11,12,17,8,8,9,9,9,7,10,7,10,8,8,7,3,9,5,3,7,9,3,1,4,7,3,9,7,3,3,8,4,1,3,1,0,2,4,1,3,2,1,5,1,0,1,1,2,2,1,3,2,0,0,1,0,1,3,1,0,0,1,0,0,0,0,0,0,1,0,0,0,0,0,0,0,0,0,0,0,0,0,0,0,0,0,0,0,0,0,0,0,0,0,0,0,0,0,0,0,0,0,0,0,0,0,0,0,0,0,0,0,0,0,0,0,0,0,0,0,0,0,0,0,0,0,0,0,0,0,0,0,0,0
0,0,0,0,0,0,0,0,0,0,0,0,0,0,1,2,1,2,0,1,1,0,0,4,4,1,4,2,2,2,7,2,6,4,5,9,4,7,3,2,4,6,11,6,8,12,10,11,4,14,12,10,10,9,10,14,10,8,14,13,13,8,10,8,9,12,7,10,9,8,7,10,6,10,6,8,4,6,4,9,8,2,6,8,5,11,7,6,5,7,6,3,5,5,4,2,3,2,4,2,3,4,2,5,4,1,3,1,1,5,3,1,1,4,0,2,1,3,3,2,1,2,1,0,0,1,0,0,0,0,1,0,0,0,0,1,0,0,1,0,0,0,1,0,0,0,0,0,1,0,0,0,0,0,0,0,0,0,0,0,0,0,0,0,0,0,0,0,0,0,0,0,0,0,0,0,0,0,0,0,0,0,0,0,0,0,0,0,0,0,0,0,0,0,0,0,0,0,0,0
0,0,1,0,0,0,1,0,1,2,0,1,0,0,0,0,2,1,2,1,1,2,3,4,3,0,1,0,3,0,2,4,4,1,5,4,6,2,1,5,4,8,12,7,3,2,6,10,6,9,5,17,13,16,8,8,6,5,8,16,9,10,9,10,12,8,7,5,10,11,8,7,10,9,7,10,9,6,9,2,10,5,8,3,4,10,5,4,4,2,3,3,1,3,7,4,4,4,4,3,1,3,3,3,2,0,0,1,0,1,0,1,3,0,1,0,1,0,2,0,0,0,0,1,0,1,0,2,0,0,1,0,1,0,0,0,0,0,0,0,1,0,0,0,0,0,0,0,0,0,0,1,0,0,0,0,0,0,0,0,0,0,0,0,0,0,0,0,0,0,0,0,0,0,0,0,0,0,0,0,0,0,0,0,0,0,0,0,0,0,0,0,0,0,0,0,0,0,0,0
0,0,0,0,1,2,0,1,0,0,2,0,0,0,0,0,0,2,0,3,1,1,6,6,0,0,7,0,2,1,4,2,1,4,4,7,6,4,6,4,12,10,8,5,6,11,13,9,5,10,12,6,3,9,10,9,12,11,10,10,9,11,20,5,11,7,7,10,11,10,9,7,9,6,3,8,4,9,11,10,7,9,8,3,6,5,6,4,5,3,5,3,9,1,2,5,6,2,4,3,1,2,2,2,3,2,2,0,1,1,2,1,2,0,1,0,1,0,0,0,3,1,1,2,1,1,1,1,0,0,0,0,2,0,1,0,0,0,0,0,0,0,0,1,0,0,0,0,0,0,0,0,0,0,1,0,0,0,1,0,1,0,0,0,0,0,0,0,0,0,0,0,0,0,0,0,0,0,0,0,0,0,0,0,0,0,0,0,0,0,0,0,0,0,0,0,0,0,0,0
1,0,0,0,0,0,1,0,0,1,0,0,1,0,0,0,0,0,0,0,1,0,3,2,3,1,5,2,3,2,6,1,2,8,6,3,5,1,4,6,7,8,7,7,13,8,7,12,13,9,13,9,8,8,12,14,6,12,7,9,16,7,6,9,8,11,10,5,14,7,9,7,8,12,6,10,6,7,5,6,6,5,4,7,8,3,4,0,7,5,6,2,5,5,4,3,1,1,1,3,3,3,3,2,3,1,3,4,1,1,1,0,0,2,0,0,2,0,2,0,1,0,0,0,1,2,0,1,1,0,0,1,1,3,0,1,0,0,1,0,0,1,0,1,0,0,0,0,0,0,0,0,0,0,1,0,1,1,0,1,0,0,0,0,0,0,0,0,0,0,0,0,0,0,0,0,0,0,0,0,0,0,0,0,0,0,0,0,0,0,0,0,0,0,0,0,0,0,0,0
0,0,0,0,0,0,0,1,0,0,0,2,0,1,0,0,1,0,1,0,2,0,1,1,1,1,0,2,1,2,3,2,5,4,6,2,5,9,10,4,8,5,8,9,9,9,5,12,11,7,8,13,11,9,15,15,2,6,12,7,13,7,5,10,11,7,13,8,8,10,10,10,7,6,12,6,10,11,3,7,2,10,9,6,3,3,13,4,1,5,4,5,2,3,3,2,7,3,0,6,4,4,3,1,2,1,1,2,5,1,3,0,1,1,4,1,1,0,0,1,0,1,0,0,0,0,2,0,1,0,0,2,0,0,0,0,1,0,1,0,1,0,0,0,0,0,0,0,0,0,0,0,0,0,1,0,0,0,0,0,0,0,0,0,0,0,0,0,0,0,1,0,0,0,0,0,0,0,0,0,0,0,0,0,0,0,0,0,0,0,0,0,0,0,0,0,0,0,0,0
0,0,0,0,0,0,0,0,0,0,1,0,2,0,0,1,1,1,2,0,1,2,2,5,2,2,1,0,1,4,1,0,4,5,3,5,9,3,3,9,3,7,7,3,4,11,6,6,11,10,7,11,9,10,7,7,6,5,17,7,7,12,10,13,9,15,10,9,7,11,7,10,10,11,6,11,6,9,5,4,7,5,0,5,5,3,7,1,6,2,4,3,7,3,4,4,1,4,1,2,4,0,1,1,3,0,2,6,1,5,2,1,1,2,0,0,1,1,0,2,1,1,3,0,0,0,1,0,1,0,0,0,1,0,0,0,0,1,2,0,0,0,0,0,0,0,0,0,0,0,0,0,0,0,0,0,0,0,0,0,0,0,0,0,0,0,0,0,0,0,0,0,0,0,0,0,0,0,0,0,0,0,0,0,0,0,0,0,0,0,0,0,0,0,0,0,0,0,0,0
1,0,0,0,0,0,1,0,0,1,0,0,0,0,2,0,1,4,0,0,1,3,3,2,1,0,1,2,2,1,3,1,4,3,4,4,6,8,4,6,2,7,9,4,10,5,6,4,12,6,9,10,7,7,7,11,10,9,2,12,10,14,6,7,7,6,15,8,6,11,6,4,6,8,5,4,9,6,6,10,10,7,6,4,4,3,4,7,4,4,0,3,7,2,2,0,1,4,3,0,2,1,2,1,0,1,0,1,1,2,0,0,2,0,0,0,2,0,4,1,1,0,1,1,0,0,1,2,1,0,1,0,0,0,0,0,0,0,0,1,0,0,0,0,0,0,1,0,0,0,0,0,0,0,0,0,0,0,0,0,0,0,0,0,0,0,0,0,0,0,0,0,0,0,0,0,0,0,0,0,0,0,0,0,0,0,0,0,0,0,0,0,0,0,0,0,0,0,0,0
0,0,0,0,0,1,2,0,1,1,1,1,0,0,0,1,0,2,1,3,1,0,2,3,0,1,2,1,1,2,2,3,4,1,4,3,6,4,5,6,8,4,6,9,2,16,4,10,11,5,9,12,7,8,8,13,7,3,6,12,9,10,7,10,11,10,12,3,5,9,9,4,4,7,10,7,5,4,8,4,2,6,3,2,2,3,3,3,5,1,4,5,4,4,7,2,2,2,2,3,2,1,1,2,4,1,2,3,3,0,0,0,2,2,1,0,0,1,0,0,1,0,0,0,0,1,0,1,0,1,0,0,0,0,0,3,1,1,0,0,1,0,0,0,0,0,0,0,0,0,0,0,0,0,0,0,0,0,0,0,0,0,0,0,0,0,0,0,0,0,0,0,0,0,0,0,0,0,0,0,0,0,0,0,0,0,0,0,0,0,0,0,0,0,0,0,0,0,0,0
0,0,0,0,0,0,0,0,0,0,0,0,0,0,0,0,3,2,0,2,1,0,3,1,1,2,2,3,2,2,7,3,3,4,4,7,3,4,7,8,4,5,5,3,5,7,6,4,8,7,8,7,8,13,11,7,10,7,9,11,10,7,6,2,10,6,3,13,7,6,5,9,11,8,7,11,10,3,3,6,4,9,9,4,4,6,4,4,3,4,4,2,3,3,4,3,2,1,2,2,3,3,2,2,2,2,0,2,1,1,4,2,0,0,0,1,2,2,1,0,0,0,0,0,1,0,1,0,0,0,0,0,1,1,0,0,0,0,0,0,1,0,0,0,0,0,0,0,0,0,0,0,0,0,0,0,0,0,0,0,0,0,0,0,0,0,0,0,0,0,0,0,0,0,0,0,0,0,0,0,0,0,0,0,0,0,0,0,0,0,0,0,0,0,0,0,0,0,0,0
0,0,0,0,1,1,0,0,0,0,0,0,0,0,1,0,0,0,1,1,1,1,0,0,1,1,2,2,1,3,2,3,3,3,2,2,4,14,5,6,7,6,5,5,4,4,1,6,7,11,13,10,7,12,5,6,9,8,8,10,8,10,8,10,4,7,6,7,11,9,10,8,9,6,6,7,1,5,7,3,4,4,6,4,0,4,2,5,6,5,4,2,4,4,2,4,3,2,2,4,2,1,4,2,3,2,2,0,2,0,2,0,0,3,0,0,0,1,1,1,0,1,0,1,1,1,0,0,0,1,1,0,0,1,0,0,0,0,0,0,0,1,0,0,1,0,0,0,0,0,0,0,0,0,0,0,0,0,0,0,0,0,0,0,0,0,0,0,0,0,0,0,0,0,0,0,0,0,0,0,0,0,0,0,0,0,0,0,0,0,0,0,0,0,0,0,0,0,0,0
0,0,0,0,0,0,0,0,1,0,0,0,1,0,1,1,0,1,2,0,0,2,1,0,2,2,0,2,2,0,2,1,4,8,4,4,9,2,3,6,6,9,3,7,8,7,8,12,10,4,12,2,4,12,7,8,2,12,4,3,7,8,11,8,11,4,8,7,5,7,5,8,8,10,7,5,6,5,5,5,1,4,5,2,4,2,3,2,7,2,6,3,4,3,5,4,1,2,4,1,3,3,4,5,4,3,2,0,1,2,1,2,2,0,3,1,0,0,2,2,1,0,0,1,0,0,0,0,0,0,0,1,0,0,0,0,1,0,0,0,2,0,1,0,0,0,0,0,0,0,0,0,0,0,0,0,0,0,0,0,0,0,0,0,0,0,0,0,0,0,0,0,0,0,0,0,0,0,0,0,0,0,0,0,0,0,0,0,0,0,0,0,0,0,0,0,0,0,0,0
0,0,0,0,0,0,0,1,0,0,1,0,0,0,2,1,3,1,1,0,3,2,0,2,0,1,1,1,0,4,1,2,4,6,4,3,2,3,5,5,8,5,4,10,3,7,4,7,7,6,9,10,7,11,8,4,10,8,5,8,12,6,11,6,5,4,6,4,7,10,4,5,11,8,5,5,7,2,7,7,4,9,3,7,8,7,7,5,5,5,5,1,3,2,2,1,2,3,1,2,2,3,2,1,1,2,3,0,2,1,0,1,1,2,0,0,1,0,0,1,2,2,1,1,1,0,0,0,0,0,1,0,0,0,0,0,0,0,0,0,0,1,1,0,0,0,0,0,0,0,0,0,0,0,0,0,0,0,0,0,0,0,0,0,0,0,0,0,0,0,0,0,0,0,0,0,0,0,0,0,0,0,0,0,0,0,0,0,0,0,0,0,0,0,0,0,0,0,0,0
0,0,0,0,0,0,0,0,1,0,2,1,0,0,1,2,0,0,3,0,1,1,0,0,2,3,1,2,0,3,1,3,3,1,5,4,5,5,6,5,6,2,7,7,2,9,9,5,8,8,9,6,6,12,8,5,6,8,8,12,7,5,6,4,3,4,5,9,9,6,7,7,5,4,8,6,5,3,5,4,8,4,4,4,5,7,4,4,2,5,6,3,4,2,1,2,2,4,4,3,3,2,4,1,3,3,2,2,1,2,1,4,0,1,0,0,0,1,0,1,0,0,0,0,0,0,0,2,0,0,0,0,0,0,0,1,1,1,0,1,0,0,1,1,1,0,0,0,0,0,0,0,0,0,0,0,0,1,0,0,0,0,0,0,0,0,0,0,0,0,0,0,0,0,0,0,0,0,0,0,0,0,0,0,0,0,0,0,0,0,0,0,0,0,0,0,0,0,0,0
1,0,1,0,0,0,0,0,1,0,0,0,0,0,0,0,2,2,0,0,1,0,0,1,1,4,1,3,2,2,2,5,0,4,4,2,4,4,5,1,1,3,9,5,5,6,4,7,8,5,7,8,4,5,15,13,5,10,12,7,5,5,6,12,6,10,5,3,6,6,12,6,7,8,4,5,5,8,5,3,2,6,4,4,6,4,3,6,2,1,2,7,1,2,2,0,2,0,2,1,0,1,2,2,3,3,1,1,0,0,1,3,3,1,2,1,0,1,1,0,1,1,0,1,1,0,0,0,0,0,0,0,3,1,0,0,0,1,0,0,0,0,0,0,0,0,0,0,0,0,0,0,0,0,0,0,0,0,0,0,0,0,0,0,0,0,0,0,0,0,0,0,0,0,0,0,0,0,0,0,0,0,0,0,0,0,0,0,0,0,0,0,0,0,0,0,0,0,0,0
0,1,0,0,0,0,0,0,0,0,0,0,0,0,0,1,0,2,0,1,1,1,1,1,0,2,3,2,3,2,2,2,1,2,5,5,3,6,0,3,3,7,3,9,7,7,6,8,6,5,4,8,9,9,8,4,5,11,6,6,9,9,6,10,5,11,8,12,5,6,7,4,4,5,9,5,1,5,1,5,4,4,5,8,3,3,7,2,1,3,2,1,2,2,5,1,2,2,0,3,2,2,1,1,3,1,0,0,0,1,1,3,0,2,1,2,0,3,0,0,1,0,0,1,0,1,1,0,1,2,0,0,0,0,0,0,0,0,0,0,0,1,0,0,0,0,0,0,0,0,0,0,0,1,0,0,0,0,0,0,0,0,0,0,0,0,0,0,0,0,0,0,0,0,0,0,0,0,0,0,0,0,0,0,0,0,0,0,0,0,0,0,0,0,0,0,0,0,0,0
0,1,0,1,0,0,0,0,1,0,0,0,1,1,0,0,1,1,1,1,1,0,0,0,4,4,2,0,1,6,1,4,3,2,6,7,4,1,7,4,7,7,4,5,1,14,2,4,7,3,5,7,6,3,6,10,9,5,13,9,2,8,8,7,4,10,6,3,10,6,4,4,4,8,5,3,5,7,6,5,3,1,3,5,7,1,4,7,3,6,2,5,2,4,4,1,5,4,5,0,2,0,1,2,0,0,2,3,1,1,1,1,1,1,0,0,1,0,0,1,0,0,0,0,0,1,1,1,0,0,0,1,0,0,1,0,0,0,0,0,1,0,0,0,0,0,0,0,0,0,0,0,0,0,0,0,0,0,0,0,0,0,0,0,0,0,0,0,0,0,0,0,0,0,0,0,0,0,0,0,0,0,0,0,0,0,0,0,0,0,0,0,0,0,0,0,0,0,0,0
0,0,1,0,0,0,2,0,0,0,0,0,0,1,2,1,1,0,2,1,0,1,4,3,0,0,0,1,2,0,1,2,2,2,3,2,4,2,4,1,1,9,5,7,6,2,2,3,5,7,7,5,6,6,8,6,5,3,4,3,7,14,6,5,11,9,15,4,8,4,6,5,3,7,8,2,4,3,4,5,4,1,7,6,2,3,4,6,4,7,1,2,1,1,4,2,2,1,2,2,1,0,3,3,1,1,1,1,0,0,0,2,1,0,0,1,3,0,2,2,0,1,0,0,0,1,0,0,0,0,0,0,0,0,0,0,0,0,0,0,0,0,0,0,0,0,0,0,0,0,0,0,0,0,0,0,0,0,0,0,0,0,0,0,0,0,0,0,0,0,0,0,0,0,0,0,0,0,0,0,0,0,0,0,0,0,0,0,0,0,0,0,0,0,0,0,0,0,0,0
1,0,0,0,0,1,0,0,0,0,1,1,0,0,1,0,1,1,1,0,1,0,2,2,2,1,1,1,1,0,2,2,2,4,4,4,6,1,2,7,2,6,5,4,4,6,8,1,8,5,9,6,7,7,8,5,6,10,5,7,7,7,7,4,8,9,6,4,4,10,10,1,12,9,2,4,5,8,6,3,8,3,3,3,4,4,3,1,2,4,1,2,1,1,2,1,1,1,1,2,2,0,1,1,2,1,0,0,1,0,1,0,1,3,1,2,0,0,1,0,0,1,0,0,0,1,0,0,0,0,0,0,0,0,0,0,0,0,0,0,0,0,0,0,0,1,1,0,0,0,0,0,0,0,0,0,0,0,0,0,0,0,0,0,0,0,0,0,0,0,0,0,0,0,0,0,0,0,0,0,0,0,0,0,0,0,0,0,0,0,0,0,0,0,0,0,0,0,0,0
0,0,1,0,0,0,0,0,1,0,0,0,1,2,1,0,0,2,0,1,2,0,2,1,0,2,3,1,0,3,1,1,7,4,3,3,9,4,1,2,8,2,3,0,9,4,5,3,4,4,5,6,4,9,12,4,10,7,6,9,9,5,6,4,6,6,3,5,4,5,6,3,10,7,1,3,8,7,3,5,4,1,4,2,3,2,1,4,2,3,1,3,2,3,3,2,2,1,1,1,4,2,0,2,2,1,0,0,2,3,0,0,0,2,0,0,0,0,0,0,0,0,0,1,0,0,0,0,0,0,1,2,0,0,0,2,0,0,0,0,1,0,0,1,0,0,0,0,0,0,0,0,0,0,0,0,0,0,0,0,0,0,0,0,0,0,0,0,0,0,0,0,0,0,1,0,0,0,0,0,0,0,0,0,0,0,0,0,0,0,0,0,0,0,0,0,0,0,0,0
0,0,0,0,0,0,0,0,0,0,0,1,0,0,1,0,1,0,0,0,1,0,1,1,0,1,1,2,2,1,2,0,0,0,6,4,3,4,5,4,3,5,2,4,4,5,5,9,9,7,6,4,7,4,4,6,6,8,3,4,7,7,3,9,7,9,8,6,5,7,6,5,5,3,6,8,5,6,4,5,3,4,6,2,2,4,5,1,4,6,5,3,2,2,5,1,4,2,4,0,3,2,0,2,0,3,1,2,0,1,2,2,1,2,1,1,0,0,0,0,1,0,0,1,0,0,1,0,0,0,1,0,0,0,0,0,0,0,0,0,0,0,0,0,0,0,0,0,0,0,0,0,0,0,0,0,0,0,0,0,0,0,0,0,0,0,0,0,0,0,0,0,0,0,0,0,0,0,0,0,0,0,0,0,0,0,0,0,0,0,0,0,0,0,0,0,0,0,0,0
0,0,0,0,0,0,1,0,1,1,1,0,0,0,0,0,0,1,1,0,0,2,0,2,2,2,1,1,2,1,2,0,4,5,0,4,6,2,1,6,3,1,7,3,5,5,5,7,8,4,8,7,9,2,3,3,9,7,7,6,6,7,4,6,5,8,4,3,5,5,9,6,9,10,9,2,5,4,6,4,1,6,3,5,4,4,2,0,4,4,0,3,3,4,0,1,4,2,2,1,2,2,1,3,2,0,2,0,0,4,1,2,0,1,0,1,2,0,0,1,1,1,1,0,1,0,0,0,0,0,0,0,0,0,1,2,0,0,0,0,0,0,0,0,0,0,0,0,0,0,0,0,0,0,0,0,0,0,0,0,0,0,0,0,0,0,0,0,0,0,0,0,0,0,0,0,0,0,0,0,0,0,0,0,0,0,0,0,0,0,0,0,0,0,0,0,0,0,0,0
0,0,0,0,0,1,0,0,1,0,0,0,0,0,1,0,0,1,0,0,1,0,0,4,0,4,1,4,2,1,5,2,2,2,5,3,2,3,3,6,0,2,8,4,4,4,4,4,2,2,2,7,6,4,3,7,8,7,8,5,4,10,7,4,4,3,2,8,9,8,2,4,9,6,3,1,2,5,6,6,5,4,5,6,4,1,2,0,3,5,2,2,1,1,1,4,2,5,3,0,3,1,0,2,1,0,0,2,1,0,2,0,0,0,1,0,0,0,1,1,0,1,1,0,1,0,0,0,0,1,0,2,0,0,1,0,0,0,0,1,1,0,1,0,0,0,0,0,0,0,0,0,0,0,0,0,0,0,0,0,0,0,0,0,0,0,0,0,0,0,0,0,0,0,0,0,0,0,0,0,0,0,0,0,0,0,0,0,0,0,0,0,0,0,0,0,0,0,0,0
0,0,0,0,0,0,0,0,0,0,0,2,3,0,1,0,0,3,1,0,0,2,1,0,1,1,3,2,2,3,2,1,2,1,2,6,2,3,2,3,2,2,2,5,10,4,4,4,2,4,8,3,5,6,7,7,6,10,4,5,9,2,7,7,9,4,3,6,5,4,6,7,5,6,3,5,4,6,4,5,6,6,6,3,2,4,2,3,4,3,4,3,5,0,4,2,0,1,2,0,1,3,2,2,0,2,1,1,0,0,0,1,1,1,0,1,1,0,0,2,1,0,0,0,0,0,0,0,0,0,0,0,0,0,0,1,1,1,0,0,0,0,0,0,0,1,0,0,0,0,0,0,0,0,0,0,1,0,0,0,0,0,0,0,0,0,0,0,0,0,0,0,0,0,0,0,0,0,0,0,0,0,0,0,0,0,0,0,0,0,0,0,0,0,0,0,0,0,0,0
0,0,0,0,0,0,0,0,0,0,0,1,0,0,0,0,0,1,1,0,1,1,1,1,0,0,1,1,1,0,6,1,0,3,1,3,3,1,5,1,3,2,3,2,2,2,4,7,5,5,4,3,6,2,2,7,5,7,5,6,8,4,3,5,2,3,6,2,5,5,4,1,10,7,5,2,2,1,3,9,2,5,1,1,1,3,2,0,0,4,5,3,3,1,1,0,1,1,1,1,1,0,1,1,1,0,0,0,2,2,3,0,2,1,0,0,0,1,0,0,0,0,1,0,0,0,0,1,0,0,0,0,0,0,0,0,1,0,1,0,0,0,0,0,0,0,0,0,0,0,0,0,0,0,0,0,0,0,0,0,0,0,0,0,0,0,0,0,0,0,0,0,0,0,0,0,0,0,0,0,0,0,0,0,0,0,0,0,0,0,0,0,0,0,0,0,0,0,0,0
0,0,0,0,0,0,0,0,2,0,0,2,1,2,0,0,2,0,1,0,1,0,1,0,2,0,2,0,3,3,1,3,2,4,3,2,2,3,3,4,5,3,4,4,7,4,6,9,5,3,8,8,9,3,7,2,6,5,4,4,5,6,5,5,2,8,8,4,2,7,10,4,3,4,2,6,7,6,2,2,3,2,2,4,2,4,1,4,2,2,5,3,3,3,1,3,1,1,3,1,2,2,0,1,0,0,0,1,0,0,0,3,0,0,0,0,2,0,0,1,1,1,0,0,0,0,0,1,0,0,0,1,0,0,0,0,0,0,1,0,1,0,0,0,2,0,0,0,0,0,0,0,0,0,0,0,0,0,0,0,0,0,0,0,0,0,0,0,0,0,0,0,0,0,0,0,0,0,0,0,0,0,0,0,0,0,0,0,0,0,0,0,0,0,0,0,0,0,0,0
2,0,0,0,0,0,1,0,0,0,2,0,1,0,0,0,1,0,0,0,2,2,1,3,0,0,1,0,0,1,1,1,0,2,4,5,6,1,2,4,4,4,7,6,5,2,2,4,3,2,6,6,7,5,4,5,11,6,7,5,2,5,5,2,7,4,8,6,7,5,7,6,6,6,3,1,1,3,3,5,4,2,2,5,1,2,3,3,2,3,3,2,2,0,1,0,2,1,1,1,1,2,2,2,1,0,0,0,2,0,0,1,0,1,0,1,1,2,0,0,0,1,0,1,0,0,0,0,0,0,0,0,0,0,1,0,0,0,0,0,0,0,0,0,0,0,0,0,0,0,0,0,0,0,0,0,0,0,0,0,0,0,0,0,0,0,0,0,0,0,0,0,0,0,0,0,0,0,0,0,0,0,0,0,0,0,0,0,0,0,0,0,0,0,0,0,0,0,0,0
0,0,0,0,0,0,1,0,0,0,0,0,0,0,0,0,0,0,1,0,1,0,1,0,0,0,3,0,2,0,2,0,2,2,1,1,3,2,5,1,4,8,2,3,2,3,9,5,6,8,3,5,4,4,1,4,5,9,3,8,6,6,7,7,2,4,5,3,3,5,5,5,4,5,6,3,4,2,5,5,2,1,4,3,0,2,2,2,1,3,4,1,2,4,0,1,1,2,3,2,1,3,1,1,2,2,2,0,2,0,0,0,1,0,0,0,1,1,0,0,1,0,0,0,0,0,1,0,0,1,1,0,0,0,0,1,1,0,0,0,0,0,1,0,0,0,0,0,0,0,0,0,0,0,0,0,0,0,0,0,0,0,0,0,0,0,0,0,0,0,0,0,0,0,0,0,0,0,0,0,0,0,0,0,0,0,0,0,0,0,0,0,0,0,0,0,0,0,0,0
0,1,0,0,0,0,1,0,0,1,0,0,0,0,0,0,1,1,0,1,1,0,1,1,0,0,0,2,0,0,1,2,0,2,2,4,3,4,5,6,2,2,8,1,3,2,2,5,3,4,4,6,5,7,8,9,7,2,6,5,2,4,8,5,4,2,3,3,6,1,6,2,6,0,7,2,3,0,4,1,1,4,3,0,2,4,3,3,1,1,1,3,0,2,4,0,1,3,0,0,0,1,2,1,0,0,2,1,1,1,0,2,1,0,1,0,1,1,1,0,0,1,0,1,0,0,0,0,0,0,0,0,0,0,0,0,0,0,0,0,0,0,0,0,0,0,0,0,0,0,0,0,0,0,0,0,0,0,1,0,0,0,0,0,0,0,0,0,0,0,0,0,0,0,0,0,0,0,0,0,0,0,0,0,0,0,0,0,0,0,0,0,0,0,0,0,0,0,0,0
0,0,0,1,0,0,0,0,1,0,0,0,0,0,0,0,2,0,0,0,0,2,1,0,0,0,0,2,2,2,0,2,2,3,2,0,2,1,2,2,2,6,5,1,4,4,7,4,7,6,4,2,5,4,4,8,8,7,4,4,2,1,5,10,8,3,4,4,4,5,5,4,5,6,4,5,3,2,4,1,4,4,2,3,2,3,1,3,2,0,1,1,0,1,2,2,3,2,3,0,1,0,1,1,1,3,0,0,0,2,0,0,0,1,0,1,0,0,2,0,2,0,0,0,0,0,0,0,0,0,0,1,0,0,0,0,0,0,0,0,0,0,0,0,0,0,0,0,0,0,0,0,0,0,0,0,0,0,0,0,0,0,0,0,0,0,0,0,0,0,0,0,0,0,0,0,0,0,0,0,0,0,0,0,0,0,0,0,0,0,0,0,0,0,0,0,0,0,0,0
1,0,0,0,0,0,0,0,0,0,0,1,0,0,0,0,1,1,0,1,0,0,0,1,1,2,1,0,0,2,0,2,2,1,2,2,4,2,1,2,0,1,6,3,3,3,4,1,6,6,0,6,6,5,9,6,4,5,5,14,5,7,7,8,8,5,7,4,2,3,6,7,4,7,7,2,2,1,4,3,2,1,2,3,3,2,3,1,3,4,4,2,1,1,0,1,5,2,1,1,2,0,2,2,0,2,0,1,0,0,1,2,2,2,0,1,1,0,1,2,0,1,0,0,1,1,1,1,0,0,0,0,0,0,0,0,0,0,0,0,0,0,0,0,0,0,0,0,0,0,0,0,0,0,0,0,0,0,0,0,0,0,0,0,0,0,0,0,0,0,0,0,0,0,0,0,0,0,0,0,0,0,0,0,0,0,0,0,0,0,0,0,0,0,0,0,0,0,0,0
0,0,0,0,0,0,0,0,0,0,0,1,0,2,0,0,0,1,0,0,2,0,0,2,1,2,1,1,3,0,2,1,3,0,3,2,2,1,3,5,4,6,2,4,3,4,4,4,3,5,8,6,3,3,6,4,8,7,8,3,3,3,2,1,9,2,6,6,4,4,4,1,4,5,3,1,2,3,2,1,3,1,1,2,6,2,2,0,1,2,0,0,0,2,2,3,3,1,1,0,1,2,1,2,0,0,3,0,2,1,1,1,0,1,0,0,0,1,1,1,0,0,0,0,0,0,1,0,0,0,0,0,0,0,0,1,0,0,0,0,0,0,0,0,0,0,0,0,0,0,0,0,0,0,0,0,0,0,0,0,0,0,0,0,0,0,0,0,0,0,0,0,0,0,0,0,0,0,0,0,0,0,0,0,0,0,0,0,0,0,0,0,0,0,0,0,0,0,0,0
0,0,0,0,0,1,0,0,0,0,0,0,0,0,0,0,0,1,0,0,0,0,2,1,2,2,1,1,1,3,3,1,3,0,0,1,1,4,2,4,3,3,5,4,3,4,3,1,1,6,4,6,5,3,3,3,2,3,8,6,4,4,4,6,7,2,5,6,6,2,5,2,6,4,2,1,2,7,3,5,1,6,4,5,3,2,4,4,6,2,3,5,1,0,2,1,1,0,2,1,1,2,0,0,0,0,0,1,0,1,0,0,0,1,1,0,1,0,0,0,0,0,0,0,0,0,0,0,0,0,0,0,0,0,0,0,1,0,0,1,0,0,1,0,0,0,0,0,0,0,0,0,0,0,0,0,0,0,0,0,0,0,0,0,0,0,0,0,0,0,0,0,0,0,0,0,0,0,0,0,0,0,0,0,0,0,0,0,0,0,0,0,0,0,0,0,0,0,0,0
0,0,0,0,0,0,0,0,1,0,0,0,0,2,0,1,1,1,1,0,1,0,0,1,1,0,1,1,1,0,0,1,1,2,3,4,4,3,3,1,6,6,4,1,3,4,5,4,6,3,7,4,6,6,4,7,8,6,5,3,3,3,1,10,4,6,5,4,7,2,3,1,5,6,1,3,4,0,3,7,1,1,1,5,0,1,4,2,1,1,3,1,1,4,1,1,1,0,0,1,3,1,0,1,0,1,1,2,1,0,1,0,0,0,0,0,0,0,0,0,0,1,1,0,0,0,1,0,0,0,0,2,0,0,0,0,0,0,0,0,0,0,0,0,1,0,0,0,0,0,0,0,0,0,0,0,0,0,0,0,0,0,0,0,0,0,0,0,0,0,0,0,0,0,0,0,0,0,0,0,0,0,0,0,0,0,0,0,0,0,0,0,0,0,0,0,0,0,0,0
0,0,0,0,0,0,0,0,0,0,1,0,0,0,1,1,1,1,4,0,0,1,2,0,1,0,2,3,2,0,2,1,1,2,1,1,1,2,4,1,2,3,4,3,2,2,2,1,5,1,1,10,6,6,1,6,4,5,2,7,8,4,3,5,4,0,4,7,4,3,3,5,6,1,3,8,0,2,5,2,4,3,1,1,1,5,2,1,3,1,3,1,3,2,1,1,2,2,0,0,1,0,0,1,1,0,1,0,0,0,0,1,0,0,0,0,1,0,1,0,0,0,0,0,2,0,0,0,0,1,0,0,0,0,0,0,0,0,0,0,1,0,0,0,0,0,0,0,0,0,0,0,0,0,0,0,0,0,0,0,0,0,0,0,0,0,0,0,0,0,0,0,0,0,0,0,0,0,0,0,0,0,0,0,0,0,0,0,0,0,0,0,0,0,0,0,0,0,0,0
0,0,1,0,0,1,1,0,0,0,0,0,2,0,0,0,0,0,1,2,2,0,1,0,2,0,3,0,0,2,0,3,2,0,1,1,4,2,1,3,3,1,3,1,1,3,2,3,5,5,3,5,8,3,3,5,9,5,4,3,3,4,8,8,5,6,5,3,7,4,1,2,4,3,3,3,2,4,0,1,1,3,4,2,7,2,1,1,2,1,3,2,0,3,0,5,1,0,0,1,0,2,0,2,2,0,0,2,0,1,2,0,1,0,0,1,2,0,0,0,0,0,0,1,0,0,0,1,0,0,0,0,0,1,0,0,1,0,0,0,0,0,0,1,0,0,0,0,1,0,0,0,0,0,0,0,0,0,0,0,0,0,0,0,0,0,0,0,0,0,0,0,0,0,0,0,0,0,0,0,0,0,0,0,0,0,0,0,0,0,0,0,0,0,0,0,0,0,0,0
0,0,0,0,0,0,0,0,0,0,0,0,0,0,0,1,1,1,0,0,1,0,0,2,1,2,0,3,1,0,3,1,0,1,2,2,0,1,2,2,6,2,3,4,4,4,6,3,6,2,4,2,2,9,5,5,3,3,2,4,3,4,5,8,8,1,4,6,1,2,4,4,2,2,4,1,1,1,3,2,4,1,4,3,0,3,1,1,2,1,0,0,4,0,2,1,1,2,1,0,2,0,1,0,1,2,1,1,0,0,0,0,0,0,0,0,0,1,0,0,1,0,0,0,0,0,1,0,0,0,0,0,0,1,0,0,0,0,0,0,0,0,0,0,0,0,0,0,0,0,0,0,0,0,0,0,0,0,0,0,0,0,0,0,0,0,0,0,0,0,0,0,0,0,0,0,0,0,0,0,0,0,0,0,0,0,0,0,0,0,0,0,0,0,0,0,0,0,0,0
0,0,0,0,0,0,0,0,0,0,0,1,1,1,0,0,1,1,0,0,0,0,1,0,0,1,2,2,1,3,0,0,1,1,3,3,2,0,2,3,1,1,1,3,4,3,2,6,5,2,4,4,6,3,4,3,6,3,4,9,2,1,5,2,5,6,3,4,4,3,5,4,1,5,2,4,5,6,4,2,1,1,4,0,4,1,2,0,4,2,3,1,0,3,0,0,0,2,0,1,1,0,0,1,2,0,1,1,0,1,0,1,0,0,0,0,0,0,0,0,0,0,0,0,0,0,0,0,0,0,0,0,0,0,0,0,0,0,0,0,0,0,0,0,0,0,0,0,0,0,0,0,0,0,0,0,0,0,0,0,0,0,0,0,0,0,0,0,0,0,0,0,0,0,0,0,0,0,0,0,0,0,0,0,0,0,0,0,0,0,0,0,0,0,0,0,0,0,0,0
1,0,0,0,0,0,1,1,1,1,0,0,0,0,1,0,0,0,0,1,0,0,0,0,1,2,4,3,1,1,1,0,2,1,2,5,4,1,2,1,1,3,4,3,3,1,6,2,6,2,4,8,1,1,7,9,6,3,3,1,2,1,5,10,4,1,6,3,4,6,5,2,2,5,1,1,2,4,4,1,1,3,3,4,1,0,3,1,3,0,4,1,1,1,0,1,3,3,1,1,0,0,0,0,1,1,2,0,0,1,0,1,1,0,0,0,0,0,0,0,0,0,0,0,0,0,0,0,0,0,0,0,0,0,0,0,0,0,0,0,1,0,0,0,0,0,0,0,0,0,0,0,0,0,0,0,0,0,0,0,0,0,0,0,0,0,0,0,0,0,0,0,0,0,0,0,0,0,0,0,0,0,0,0,0,0,0,0,0,0,0,0,0,0,0,0,0,0,0,0
0,0,0,0,0,1,0,1,1,0,0,0,0,0,0,0,0,0,0,0,0,0,2,0,0,3,0,3,1,0,1,0,4,2,3,4,1,2,2,2,2,0,1,3,5,2,1,3,3,4,4,4,4,2,5,2,2,4,2,6,3,8,5,6,4,2,3,5,5,3,4,5,7,1,4,3,2,1,4,3,3,3,3,2,6,1,2,0,2,3,3,1,4,1,0,2,2,3,4,1,0,0,0,0,1,0,1,1,0,1,0,3,0,2,0,0,0,0,0,0,1,0,0,1,0,0,2,0,0,0,0,0,0,0,0,0,0,0,0,0,0,0,0,0,0,0,0,0,0,0,0,0,0,0,0,0,0,0,1,0,0,0,0,0,0,0,0,0,0,0,0,0,0,0,0,0,0,0,0,0,0,0,0,0,0,0,0,0,0,0,0,0,0,0,0,0,0,0,0,0
0,0,0,0,0,0,0,0,0,0,1,1,0,0,1,0,1,1,1,0,0,0,1,1,5,0,3,1,5,0,1,0,0,2,2,1,3,3,2,2,2,2,5,2,6,3,3,3,2,6,1,4,1,2,3,6,5,7,3,2,3,5,3,7,7,4,4,4,1,2,4,0,3,1,1,6,3,2,1,2,1,2,2,2,5,2,0,3,1,2,3,2,0,1,0,3,2,2,2,2,1,1,2,1,0,0,1,0,0,1,1,1,0,0,1,3,1,1,1,0,1,0,0,0,0,0,0,1,0,0,1,0,0,0,0,0,0,0,1,0,0,0,0,0,0,0,0,0,0,0,0,0,0,0,0,0,0,0,0,0,0,0,0,0,0,0,0,0,0,1,0,0,0,0,0,0,0,0,0,0,0,0,0,0,0,0,0,0,0,0,0,0,0,0,0,0,0,0,0,0
0,0,1,0,0,0,0,0,0,0,0,0,0,0,0,0,0,1,0,2,1,0,0,0,1,0,1,3,1,0,0,2,1,1,1,1,3,2,7,1,0,2,5,0,2,4,1,3,2,4,2,2,2,2,4,4,6,4,3,2,2,0,2,5,2,2,5,7,2,1,4,1,6,1,2,5,3,2,3,2,3,4,1,2,1,0,0,0,1,2,2,0,1,0,0,1,0,2,0,6,1,2,1,0,1,0,0,0,0,0,0,0,1,2,0,1,0,0,1,0,1,0,0,0,0,0,0,0,0,0,0,0,1,0,0,1,0,0,0,0,0,0,0,0,0,0,0,0,0,0,0,0,0,0,0,0,0,0,0,0,0,0,0,0,0,0,0,0,0,0,0,0,0,0,0,0,0,0,0,0,0,0,0,0,0,0,0,0,0,0,0,0,0,0,0,0,0,0,0,0
0,0,0,0,0,0,0,1,0,0,0,0,0,0,1,0,2,1,0,1,0,0,1,0,0,1,0,1,2,1,2,0,3,1,1,2,2,2,2,4,5,2,4,1,4,1,1,3,6,3,6,3,1,3,2,3,6,3,3,3,1,2,0,4,2,2,3,4,4,3,7,1,0,4,3,0,1,1,2,0,4,3,2,1,2,4,2,2,1,1,1,2,1,2,0,0,1,1,2,2,1,0,1,0,0,1,0,1,1,0,0,1,0,1,1,0,0,0,2,1,0,0,0,0,1,0,0,0,0,0,0,0,0,0,0,0,1,0,0,0,0,0,0,0,0,0,1,0,0,0,0,0,0,0,0,0,0,0,0,0,0,0,0,0,0,0,0,0,0,0,0,0,0,0,0,0,0,0,0,0,0,0,0,0,0,0,0,0,0,0,0,0,0,0,0,0,0,0,0,0
0,0,0,0,1,0,0,0,2,0,0,0,0,0,0,1,1,1,1,1,1,0,0,1,1,2,1,0,0,1,2,1,1,0,1,1,3,2,0,0,3,3,2,6,3,1,3,3,1,1,3,2,4,0,3,4,2,3,7,4,3,2,2,5,0,4,3,3,4,1,4,1,2,0,3,4,1,2,1,1,5,3,1,1,2,1,2,0,2,1,1,0,2,1,0,2,0,1,1,3,1,0,2,0,1,1,1,0,2,0,2,0,0,2,0,0,1,0,1,1,0,0,0,0,0,1,0,0,0,0,0,0,0,0,0,0,0,0,0,0,0,0,0,0,0,0,0,0,0,0,0,1,0,0,0,0,0,0,0,0,0,0,0,0,0,0,0,0,0,0,0,0,0,0,0,0,0,0,0,0,0,0,0,0,0,0,0,0,0,0,0,0,0,0,0,0,0,0,0,0
0,0,0,0,0,0,0,0,0,0,0,0,0,0,0,0,0,1,0,0,0,0,1,1,1,1,0,1,2,3,0,3,1,2,1,1,2,1,2,2,3,2,1,1,3,4,4,0,3,4,3,4,4,2,0,2,2,4,4,4,3,2,4,4,5,5,5,3,2,2,2,1,0,3,5,4,3,3,2,1,2,2,3,1,0,0,2,2,2,0,1,2,2,1,0,3,0,3,0,0,1,1,1,0,1,2,0,0,0,0,0,0,0,0,0,0,0,0,0,0,0,0,0,0,0,0,0,0,0,0,0,0,0,0,1,0,0,0,0,0,0,0,0,0,0,0,0,1,0,0,0,0,0,0,0,0,0,0,0,0,0,0,0,0,0,0,0,0,0,0,0,0,0,0,0,0,0,0,0,0,0,0,0,0,0,0,0,0,0,0,0,0,0,0,0,0,0,0,0,0
0,0,1,0,0,1,1,0,0,0,0,0,0,0,1,0,0,0,2,0,0,0,1,1,1,0,0,1,0,1,0,3,2,1,0,2,2,2,1,1,4,5,3,5,0,2,5,0,4,6,2,1,2,4,5,2,2,4,6,3,6,3,6,1,2,2,4,4,3,1,5,4,3,5,3,6,4,1,3,1,2,3,2,3,0,3,3,0,3,3,2,0,1,1,0,2,1,0,0,0,0,0,0,0,1,0,1,0,0,2,0,1,0,0,0,0,0,0,0,0,0,0,0,0,0,1,0,0,0,0,0,0,0,0,0,0,0,0,0,0,0,0,0,0,0,0,0,0,0,0,0,0,0,0,0,0,0,0,0,0,0,0,0,0,0,0,0,0,0,0,0,0,0,0,0,0,0,0,0,0,0,0,0,0,0,0,0,0,0,0,0,0,0,0,0,0,0,0,0,0
0,0,1,0,0,0,0,0,0,0,0,0,0,0,0,0,0,0,0,0,2,1,0,0,0,5,0,0,2,1,0,3,3,4,1,2,0,1,1,2,3,2,0,2,2,6,2,1,2,6,2,3,3,3,5,3,3,1,3,6,0,4,3,3,2,5,3,4,3,5,5,0,0,3,2,1,3,2,2,2,0,3,4,2,4,1,2,0,2,2,1,1,2,0,1,0,1,1,0,0,1,0,0,1,0,0,1,0,0,0,0,1,1,0,0,1,0,0,0,0,0,0,0,0,0,0,0,0,0,0,0,1,0,0,0,1,0,0,0,0,0,0,0,0,0,0,0,0,0,0,0,0,0,0,0,0,0,0,0,0,0,0,0,0,0,0,0,0,0,0,0,0,0,0,0,0,0,0,0,0,0,0,0,0,0,0,0,0,0,0,0,0,0,0,0,0,0,0,0,0
1,0,0,0,0,0,0,0,0,1,0,1,0,0,0,0,1,0,0,0,1,0,0,3,0,2,0,0,1,1,0,3,0,2,2,3,0,2,2,3,7,3,0,1,6,2,1,3,2,2,2,0,1,4,4,1,1,0,5,2,1,5,4,4,5,3,6,0,4,2,2,2,3,0,3,1,2,0,1,6,1,3,1,2,3,1,1,1,0,1,3,2,1,2,1,4,0,1,3,0,0,0,1,0,2,1,0,0,1,0,0,0,0,0,0,0,1,2,1,1,2,1,0,1,0,1,0,1,0,0,0,0,0,0,0,0,0,0,0,0,0,0,0,0,0,0,0,0,0,0,0,0,0,0,0,0,0,0,0,0,0,0,0,0,0,0,0,0,0,0,0,0,0,0,0,0,0,0,0,0,0,0,0,0,0,0,0,0,0,0,0,0,0,0,0,0,0,0,0,0
0,0,0,0,0,0,0,0,1,0,0,0,1,0,0,0,0,0,0,0,2,0,1,0,1,0,0,1,1,1,1,1,0,0,0,4,2,3,3,3,1,0,4,2,3,4,2,2,3,3,6,3,3,5,4,1,3,4,7,3,3,1,1,5,1,2,1,4,0,2,1,5,4,3,3,3,1,2,1,1,1,1,1,1,3,2,1,3,5,1,1,0,1,0,1,2,0,3,1,0,2,3,0,1,0,0,0,0,2,0,0,0,1,0,0,0,1,0,0,1,0,0,0,0,0,0,0,0,0,0,0,0,0,0,0,0,0,0,0,0,0,0,0,0,0,0,0,0,0,0,0,0,0,0,0,0,0,0,0,0,0,0,0,0,0,0,0,0,0,0,0,0,0,0,0,0,0,0,0,0,0,0,0,0,0,0,0,0,0,0,0,0,0,0,0,0,0,0,0,0
0,0,0,0,0,0,1,0,0,0,0,1,0,0,0,0,0,0,1,0,1,0,0,0,1,0,0,0,0,0,0,0,0,1,2,1,0,3,3,0,2,6,2,1,2,3,3,5,3,2,4,4,5,6,4,4,5,1,6,4,5,4,1,2,3,1,2,2,4,2,1,2,0,2,2,0,1,1,0,3,1,0,4,1,0,1,4,0,2,0,0,1,1,1,2,1,1,0,0,2,1,0,0,0,0,0,0,0,2,1,0,2,1,1,0,0,0,0,0,1,0,0,1,0,0,0,1,0,0,0,0,0,0,0,0,0,0,0,0,0,0,0,0,0,0,0,0,0,0,0,0,0,0,0,0,0,0,0,0,0,0,0,0,0,0,0,0,0,0,0,0,0,0,0,0,0,0,0,0,0,0,0,0,0,0,0,0,0,0,0,0,0,0,0,0,0,0,0,0,0
0,0,0,0,0,0,0,0,0,0,0,0,0,0,0,0,0,0,0,0,0,1,0,1,0,2,1,1,1,0,1,2,2,3,3,1,2,0,1,1,5,1,1,7,4,1,3,4,3,3,0,2,2,4,3,2,1,3,4,4,3,2,5,4,2,1,3,5,3,7,2,4,2,3,2,3,1,4,1,2,3,0,4,2,0,1,0,0,4,2,3,2,2,1,0,0,1,0,1,2,1,0,1,0,2,2,0,1,1,0,1,0,0,0,0,0,0,1,0,0,1,0,0,0,0,0,0,0,0,0,0,0,0,0,0,0,0,0,0,0,0,0,0,0,0,0,0,0,0,0,0,0,0,0,0,0,0,0,0,0,0,0,0,0,0,0,0,0,0,0,0,0,0,0,0,0,0,0,0,0,0,0,0,0,0,0,0,0,0,0,0,0,0,0,0,0,0,0,0,0
0,0,0,0,0,0,0,0,0,0,0,0,0,0,0,0,1,1,0,0,0,0,0,1,1,1,0,0,0,1,0,0,1,0,2,2,5,2,0,1,0,3,4,2,7,2,1,3,3,4,1,3,7,4,4,4,7,2,6,3,2,5,6,1,0,2,0,2,3,0,3,2,1,2,0,1,3,1,1,2,1,1,3,1,1,0,1,1,3,1,2,2,2,1,1,2,3,0,1,3,1,2,1,1,0,0,0,0,0,1,0,0,0,0,0,0,0,0,0,0,0,0,0,0,0,0,0,1,0,0,0,0,0,1,1,0,0,0,0,0,0,0,0,0,0,0,0,0,0,0,0,0,0,0,0,0,0,0,0,0,0,0,0,0,0,0,0,0,0,0,0,0,0,0,0,0,0,0,0,0,0,0,0,0,0,0,0,0,0,0,0,0,0,0,0,0,0,0,0,0
0,0,0,0,0,1,0,0,0,0,0,1,0,0,1,0,0,1,0,0,0,0,2,1,0,1,0,2,1,0,0,0,2,0,1,1,1,1,3,4,1,2,3,1,2,1,3,3,3,2,1,4,1,1,4,1,4,3,4,5,2,3,1,2,1,3,3,4,4,1,3,1,1,6,2,2,1,1,2,1,1,1,3,4,1,0,2,0,1,0,1,1,1,3,0,4,0,2,0,0,0,1,0,0,0,0,0,0,1,0,0,0,1,0,0,0,0,0,0,1,0,0,1,0,0,0,0,0,0,0,0,0,0,0,0,0,0,0,0,0,0,0,0,0,0,0,0,0,0,0,0,0,0,0,0,0,0,0,0,0,0,0,0,0,0,0,0,0,0,0,0,0,0,0,0,0,0,0,0,0,0,0,0,0,0,0,0,0,0,0,0,0,0,0,0,0,0,0,0,0
0,0,0,0,0,0,0,0,0,0,0,1,0,0,1,0,1,1,0,0,0,0,0,1,0,1,2,0,1,0,0,1,0,1,1,1,1,3,3,0,3,0,2,3,1,2,4,4,1,3,1,4,4,1,3,0,3,6,1,2,4,3,3,5,2,0,3,5,2,2,3,3,2,1,1,0,1,1,2,1,1,2,1,1,2,2,3,0,1,1,0,1,0,1,1,0,0,0,1,1,1,0,1,0,0,2,0,0,1,0,1,0,1,1,0,0,0,1,0,0,0,0,0,0,0,1,0,0,0,0,0,0,0,0,0,0,0,0,0,0,0,0,0,0,0,0,0,0,0,0,0,0,0,0,0,0,0,0,0,0,0,0,0,0,0,0,0,0,0,0,0,0,0,0,0,0,0,0,0,0,0,0,0,0,0,0,0,0,0,0,0,0,0,0,0,0,0,0,0,0
0,0,0,0,0,0,0,0,0,0,0,0,0,0,1,1,2,0,0,0,1,1,1,2,0,0,1,1,1,2,3,1,0,2,0,1,1,4,1,2,2,2,2,1,3,2,0,5,1,0,3,4,4,4,2,1,2,4,1,3,4,1,0,2,3,4,2,1,1,5,2,3,2,5,4,3,3,2,5,0,0,1,0,1,2,3,1,1,1,0,4,4,1,2,3,0,0,0,0,0,1,2,1,2,0,1,0,0,0,0,0,0,0,0,0,0,0,0,0,0,0,0,0,0,0,0,0,0,0,0,0,0,0,0,0,0,0,0,0,0,0,0,0,0,0,0,0,0,0,0,0,0,0,0,0,0,0,0,0,0,0,0,0,0,0,0,0,0,0,0,0,0,0,0,0,0,0,0,0,0,0,0,0,0,0,0,0,0,0,0,0,0,0,0,0,0,0,0,0,0
0,0,0,0,0,0,0,0,0,0,0,0,1,0,0,0,1,0,0,0,0,1,0,0,1,0,1,0,0,0,0,2,1,1,1,0,3,3,2,2,2,0,1,5,1,3,1,2,1,3,3,1,2,1,4,2,2,3,2,4,2,2,3,2,1,4,2,2,3,3,2,2,1,0,2,3,0,0,0,2,4,2,2,1,1,0,2,2,1,1,2,2,0,0,2,0,1,1,0,0,1,0,1,0,1,1,1,2,0,0,0,0,0,0,0,0,1,1,1,0,0,0,0,0,0,0,1,1,0,0,0,0,0,0,0,0,0,0,0,0,0,0,0,0,0,0,0,0,0,0,0,0,0,0,0,0,0,0,0,0,0,0,0,0,0,0,0,0,0,0,0,0,0,0,0,0,0,0,0,0,0,0,0,0,0,0,0,0,0,0,0,0,0,0,0,0,0,0,0,0
0,0,0,0,0,0,0,0,1,0,0,0,0,0,0,0,2,1,0,0,0,0,0,0,0,2,0,0,1,0,4,1,2,2,0,1,0,1,2,1,3,2,2,1,3,6,1,2,3,0,0,2,0,2,1,6,3,0,1,4,4,1,3,2,5,2,2,3,2,1,1,3,4,2,0,2,3,1,1,1,1,1,3,2,0,1,1,1,0,1,0,0,2,1,0,2,1,1,0,0,0,1,0,0,0,0,0,1,0,0,0,0,0,0,0,0,0,0,1,0,0,0,0,0,0,0,0,0,0,0,1,0,0,0,0,0,0,0,0,0,0,0,0,0,0,0,0,0,0,0,0,0,0,0,0,0,0,0,0,0,0,0,0,0,0,0,0,0,0,0,0,0,0,0,0,0,0,0,0,0,0,0,0,0,0,0,0,0,0,0,0,0,0,0,0,0,0,0,0,0
0,0,0,0,0,0,0,0,0,0,0,0,0,0,1,0,1,1,0,0,0,0,1,0,0,0,1,1,2,0,0,1,1,0,2,1,2,0,0,0,2,1,2,2,3,1,2,3,5,1,1,1,2,2,3,4,3,1,1,4,1,2,2,5,0,3,3,2,2,0,2,3,0,1,2,2,3,0,1,1,0,3,0,2,0,2,1,3,1,1,0,1,0,1,2,2,1,0,0,1,0,1,0,0,0,0,0,0,2,2,1,0,1,1,0,0,1,1,0,0,0,0,0,0,0,0,2,0,0,1,0,0,0,0,0,0,0,0,0,0,0,0,0,0,0,1,0,0,0,0,0,0,0,0,0,0,0,0,0,0,0,0,0,0,0,0,0,0,0,0,0,0,0,0,0,0,0,0,0,0,0,0,0,0,0,0,0,0,0,0,0,0,0,0,0,0,0,0,0,0
0,0,0,0,0,0,0,0,0,0,0,0,0,0,0,0,0,0,0,0,1,0,0,0,0,0,1,1,0,0,1,0,1,3,2,2,0,1,1,2,2,2,3,2,1,2,3,2,2,4,2,1,2,3,0,2,4,2,0,3,2,3,2,1,3,5,3,2,2,1,4,2,3,0,2,4,2,4,0,3,1,3,0,0,0,3,1,2,0,1,1,0,2,0,0,1,1,3,0,0,0,0,1,0,1,0,0,0,0,0,0,0,0,0,0,0,0,0,0,0,0,0,1,0,0,0,0,1,0,0,0,0,0,0,1,0,0,0,0,0,0,0,0,1,0,0,0,0,0,0,0,0,0,0,0,0,0,0,0,0,0,0,0,0,0,0,0,0,0,0,0,0,0,0,0,0,0,0,0,0,0,0,0,0,0,0,0,0,0,0,0,0,0,0,0,0,0,0,0,0
0,0,0,0,0,0,0,0,0,0,1,0,0,0,0,0,0,0,0,0,0,0,1,1,0,0,0,2,1,0,1,1,2,0,0,2,0,0,0,1,2,0,0,2,1,2,3,1,4,3,2,2,3,4,1,2,0,2,3,4,2,2,3,2,4,2,1,1,4,2,3,2,2,0,1,1,0,2,2,0,0,2,1,1,1,0,0,0,1,1,1,1,0,0,0,2,1,1,0,1,0,0,0,0,2,0,1,0,0,0,0,1,1,1,0,0,1,0,0,0,0,0,0,0,0,1,0,0,1,0,0,0,0,0,0,0,0,0,0,0,0,0,0,0,0,0,0,0,0,0,0,0,0,0,0,0,0,0,0,0,0,0,0,0,0,0,0,0,0,0,0,0,0,0,0,0,0,0,0,0,0,0,0,0,0,0,0,0,0,0,0,0,0,0,0,0,0,0,0,0
1,0,0,0,0,1,0,0,0,0,0,0,0,0,0,0,0,0,0,3,0,0,0,1,0,0,0,1,1,0,1,0,1,1,3,1,1,3,2,0,0,2,2,1,1,3,1,3,4,1,4,2,0,1,0,2,2,4,2,1,0,0,3,1,2,3,0,0,1,4,1,2,0,0,2,1,2,2,1,0,2,2,1,1,0,3,1,1,0,1,1,0,1,3,0,1,0,0,1,1,0,0,1,1,0,0,0,1,0,0,1,0,0,2,0,0,1,0,0,0,0,1,0,2,0,0,0,0,0,0,0,0,0,0,0,0,0,0,0,0,0,0,0,0,0,0,0,0,0,0,0,0,0,0,0,0,0,0,0,0,0,0,0,0,0,0,0,0,0,0,0,0,0,0,0,0,0,0,0,0,0,0,0,0,0,0,0,0,0,0,0,0,0,0,0,0,0,0,0,0
0,0,0,0,0,0,0,0,0,0,0,0,0,0,0,0,0,0,0,0,1,0,0,0,2,1,0,0,1,0,0,0,1,1,3,1,2,2,0,0,0,0,2,2,0,1,1,3,0,1,0,1,0,1,1,4,0,4,1,1,2,3,3,2,2,1,3,2,2,3,2,1,0,2,1,0,3,1,0,1,1,1,1,2,1,0,1,3,2,1,1,0,1,0,0,1,1,1,0,0,0,1,0,0,0,1,0,0,0,0,0,0,0,0,0,0,0,1,0,0,1,0,0,0,0,0,0,1,0,1,0,0,0,0,0,0,0,0,0,0,0,0,0,0,0,0,0,0,0,0,0,0,0,0,0,0,0,0,0,0,0,0,0,0,0,0,0,0,0,0,0,0,0,0,0,0,0,0,0,0,0,0,0,0,0,0,0,0,0,0,0,0,0,0,0,0,0,0,0,0
0,0,0,0,0,0,0,1,0,0,0,0,0,0,0,0,0,0,0,0,0,0,0,0,0,0,0,0,1,1,3,0,1,1,4,2,1,1,1,2,1,3,2,0,3,3,3,2,1,3,3,3,0,2,1,4,2,0,1,1,3,4,1,4,1,3,1,3,2,1,2,3,0,2,1,0,2,2,4,0,0,3,1,0,0,1,0,2,0,1,3,0,2,1,2,1,1,2,0,0,0,1,2,0,1,0,1,1,0,1,0,0,0,0,0,0,1,0,0,0,1,0,0,0,0,0,0,0,0,0,0,0,0,0,0,0,0,0,0,0,0,0,0,0,0,0,0,0,0,0,0,0,0,0,0,0,0,0,0,0,0,0,0,0,0,0,0,0,0,0,0,0,0,0,0,0,0,0,0,0,0,0,0,0,0,0,0,0,0,0,0,0,0,0,0,0,0,0,0,0
0,0,0,0,0,0,0,0,0,0,0,0,0,2,0,0,0,0,0,0,1,0,2,0,2,1,0,1,0,0,0,2,0,0,0,0,2,1,3,1,0,3,0,1,0,2,1,1,1,1,1,2,2,1,2,2,0,3,2,2,2,2,1,0,3,1,0,2,2,0,2,0,1,2,2,1,1,1,2,0,3,2,0,0,0,2,0,0,0,0,0,0,0,1,0,0,2,1,0,0,0,2,0,1,1,1,1,0,1,0,1,0,1,0,0,0,1,0,1,0,1,1,1,0,0,0,0,0,0,0,0,0,0,0,0,0,0,0,0,0,0,0,0,0,0,0,0,0,0,0,0,0,0,0,0,0,0,0,0,0,0,0,0,0,0,0,0,0,0,0,0,0,0,0,0,0,0,0,0,0,0,0,0,0,0,0,0,0,0,0,0,0,0,0,0,0,0,0,0,0
0,0,0,0,0,0,0,0,0,0,0,0,0,0,1,0,1,0,0,0,0,2,1,1,0,0,0,0,1,2,0,1,0,1,0,1,2,0,1,0,2,1,4,2,0,3,3,0,3,4,2,3,1,0,3,1,2,3,3,1,2,1,2,0,3,2,1,2,5,2,0,2,1,2,1,3,0,0,2,1,1,2,0,0,1,0,1,1,4,0,0,0,0,0,2,0,0,0,1,0,0,0,0,0,0,0,0,1,0,0,0,0,0,0,0,0,1,0,0,1,0,0,0,0,0,0,0,0,0,0,0,0,0,1,0,0,0,0,0,0,0,0,0,0,0,0,0,1,0,0,0,0,0,0,0,0,0,0,0,0,0,0,0,0,0,0,0,0,0,0,0,0,0,0,0,0,0,0,0,0,0,0,0,0,0,0,0,0,0,0,0,0,0,0,0,0,0,0,0,0
0,0,0,0,0,0,0,0,0,0,0,0,0,0,0,0,0,0,0,0,0,1,0,0,0,0,1,0,1,1,0,0,1,0,1,2,0,3,1,1,1,0,1,0,1,3,3,6,2,1,0,2,2,2,1,2,4,3,2,2,1,5,2,0,1,2,4,1,3,2,2,2,1,3,0,1,0,3,1,1,0,2,0,1,0,4,1,0,1,1,2,1,3,1,0,1,0,0,0,0,0,0,0,1,2,0,0,0,2,0,0,1,0,1,1,0,0,0,0,1,1,1,0,1,0,0,0,0,0,0,0,0,0,0,0,0,0,0,0,0,0,0,0,0,0,0,0,0,0,0,0,0,0,0,0,0,0,0,0,0,0,0,0,0,0,0,0,0,0,0,0,0,0,0,0,0,0,0,0,0,0,0,0,0,0,0,0,0,0,0,0,0,0,0,0,0,0,0,0,0
0,0,0,0,0,0,0,0,0,0,0,0,0,0,0,0,0,0,1,0,0,0,0,0,1,0,0,0,0,1,1,1,0,0,0,1,0,0,1,1,2,1,3,1,2,2,3,0,4,1,2,3,2,2,2,0,3,5,4,2,1,2,2,1,2,1,1,5,1,1,0,4,1,1,0,1,0,1,1,0,2,0,0,0,2,1,2,0,0,1,1,1,1,0,1,0,1,0,0,0,0,0,0,0,1,1,0,0,0,2,0,1,0,0,0,0,1,0,0,0,0,0,0,0,0,0,0,0,0,2,0,0,0,0,1,0,0,0,0,0,0,0,0,0,0,0,0,0,0,0,0,1,0,0,0,0,0,0,0,0,0,0,0,0,0,0,0,0,0,0,0,0,0,0,0,0,0,0,0,0,0,0,0,0,0,0,0,0,0,0,0,0,0,0,0,0,0,0,0,0
0,0,0,0,0,0,0,0,1,0,0,0,0,0,0,0,0,0,0,1,0,0,0,1,0,3,0,0,0,0,0,1,0,0,0,1,0,0,0,1,2,3,1,0,0,1,2,1,3,2,1,0,2,1,4,3,1,2,0,1,1,2,4,5,0,1,0,0,1,2,2,1,1,3,1,3,1,0,0,1,0,1,0,1,0,0,1,0,0,1,0,1,1,1,1,0,0,0,0,0,0,0,0,0,0,0,0,0,0,0,0,0,0,0,0,0,0,0,2,0,0,0,0,0,0,1,0,0,0,0,0,0,0,0,0,0,1,0,0,0,0,0,0,0,0,0,0,0,0,0,0,0,0,0,0,0,0,0,0,0,0,0,0,0,0,0,0,0,0,0,0,0,0,0,0,0,0,0,0,0,0,0,0,0,0,0,0,0,0,0,0,0,0,0,0,0,0,0,0,0
0,0,0,1,0,1,0,1,0,0,0,0,0,0,0,0,0,0,0,1,0,1,2,1,0,0,0,0,1,0,1,0,0,2,2,1,3,0,0,1,1,0,2,1,0,0,2,2,3,0,1,1,1,0,1,0,0,3,0,2,5,3,2,1,2,2,0,1,2,3,1,2,3,1,1,1,0,1,0,2,0,2,0,0,2,1,1,1,0,0,1,0,0,2,0,1,0,0,0,0,1,0,0,0,0,0,0,0,1,0,1,0,2,0,0,0,0,0,0,0,0,0,0,0,0,0,0,0,0,1,0,0,0,0,0,0,0,0,0,0,0,0,0,0,0,0,0,0,0,0,0,0,0,0,0,0,0,0,0,0,0,0,0,0,0,0,0,0,0,0,0,0,0,0,0,0,0,0,0,0,0,0,0,0,0,0,0,0,0,0,0,0,0,0,0,0,0,0,0,0
0,0,0,0,0,0,0,0,0,1,0,0,0,0,1,0,0,0,0,0,1,0,0,0,0,0,0,0,0,0,1,1,0,0,2,1,1,1,1,2,0,0,3,0,1,1,4,2,1,2,2,3,3,1,3,2,0,0,0,3,0,0,0,1,2,1,1,1,2,1,1,0,2,2,1,2,2,1,1,1,1,2,0,2,1,3,1,3,0,2,1,1,0,1,1,1,1,1,1,0,0,0,0,1,1,0,0,0,0,0,0,0,0,0,0,0,0,0,0,0,0,0,0,0,1,0,0,1,0,0,0,0,0,0,0,0,0,0,0,0,0,0,0,0,0,0,0,0,0,0,0,0,0,0,0,0,0,0,0,0,0,0,0,0,0,0,0,0,0,0,0,0,0,0,0,0,0,0,0,0,0,0,0,0,0,0,0,0,0,0,0,0,0,0,0,0,0,0,0,0
0,0,1,0,0,0,0,0,0,0,0,0,0,0,2,0,0,0,0,0,0,2,0,0,0,0,1,0,0,0,0,0,2,2,2,0,1,0,2,0,1,1,3,2,4,1,0,0,1,1,1,1,0,1,1,3,3,2,1,1,2,2,3,2,1,0,2,1,1,4,0,0,1,2,1,3,2,1,0,1,0,1,1,1,3,0,0,0,0,0,0,1,1,0,1,0,1,0,1,1,0,1,0,0,2,0,0,0,0,0,0,0,0,0,0,1,0,1,0,1,0,1,0,0,0,0,0,0,0,0,0,0,0,0,0,0,0,0,0,0,0,0,0,0,0,0,0,0,0,0,0,0,0,0,0,0,0,0,0,0,0,0,0,0,0,0,0,0,0,0,0,0,0,0,0,0,0,0,0,0,0,0,0,0,0,0,0,0,0,0,0,0,0,0,0,0,0,0,0,0
0,0,0,0,0,1,0,0,1,0,0,0,0,0,0,0,0,1,0,0,0,1,0,0,0,0,0,1,1,0,0,0,0,0,0,1,1,0,2,2,1,0,2,0,1,2,1,1,2,5,3,0,2,2,3,1,0,0,1,4,0,3,1,5,2,1,2,2,2,4,5,2,1,0,1,3,0,2,2,2,0,1,0,1,0,2,1,1,0,0,0,0,1,0,0,0,1,0,1,0,0,0,0,0,0,0,1,0,0,0,0,1,0,0,0,0,1,0,0,0,0,0,0,0,1,0,0,0,0,0,0,0,0,0,1,0,0,0,0,0,0,0,0,0,0,0,0,0,0,0,0,0,0,0,0,0,0,0,0,0,0,0,0,0,0,0,0,0,0,0,0,0,0,0,0,0,0,0,0,0,0,0,0,0,0,0,0,0,0,0,0,0,0,0,0,0,0,0,0,0
0,0,0,0,0,0,0,0,0,0,0,0,0,0,0,0,1,0,0,0,0,0,1,0,0,1,0,0,0,0,0,1,0,0,2,1,1,0,0,0,1,1,1,2,3,1,1,0,2,1,1,2,0,4,1,0,1,0,2,1,2,1,1,0,0,0,3,2,1,1,0,3,2,1,0,0,2,0,2,1,1,2,0,0,1,0,2,0,0,0,0,1,2,0,1,0,1,0,0,0,2,0,0,0,0,0,0,0,0,0,0,0,0,0,0,0,1,0,0,0,0,0,0,0,0,0,0,0,0,0,0,0,0,0,0,0,0,0,0,0,0,0,0,0,0,0,0,0,0,0,0,0,0,0,0,0,0,0,0,0,0,0,0,0,0,0,0,0,0,0,0,0,0,0,0,0,0,0,0,0,0,0,0,0,0,0,0,0,0,0,0,0,0,0,0,0,0,0,0,0
0,0,0,0,0,0,0,0,0,0,0,0,0,0,0,0,0,0,1,0,0,0,3,1,1,2,1,2,0,1,0,1,0,0,0,0,2,2,4,1,1,0,1,2,2,4,1,2,2,0,2,2,2,1,2,0,3,3,3,1,0,3,1,1,2,1,0,3,2,2,3,0,1,1,5,1,0,3,0,2,0,0,2,0,0,0,0,0,0,0,2,2,1,0,0,0,1,0,1,1,1,0,0,0,0,1,0,0,1,0,0,0,0,0,0,1,0,0,0,0,0,0,0,0,0,0,0,0,0,0,0,0,0,0,0,0,0,0,0,0,0,0,0,0,0,0,0,0,0,0,0,0,0,0,0,0,0,0,0,0,0,0,0,0,0,0,0,0,0,0,0,0,0,0,0,0,0,0,0,0,0,0,0,0,0,0,0,0,0,0,0,0,0,0,0,0,0,0,0,0
0,0,0,0,0,0,0,0,0,1,0,0,0,1,0,0,0,1,2,0,0,0,0,0,0,0,0,0,0,1,1,0,1,0,0,1,1,2,2,1,1,3,1,0,5,1,0,2,0,0,0,1,0,2,0,0,1,1,3,2,1,3,1,2,0,1,2,1,4,0,0,1,0,4,0,0,3,2,0,3,0,1,0,1,2,0,1,0,0,0,1,1,1,0,0,1,0,1,0,0,0,0,1,0,1,1,0,0,1,1,0,0,2,0,0,0,0,0,0,0,0,0,0,0,0,0,0,0,0,0,0,0,0,0,0,0,0,0,0,0,0,0,0,0,0,0,0,0,0,0,0,0,0,0,0,0,0,0,0,0,0,0,0,0,0,0,0,0,0,0,0,0,0,0,0,0,0,0,0,0,0,0,0,0,0,0,0,0,0,0,0,0,0,0,0,0,0,0,0,0
0,0,0,0,0,0,0,0,0,0,0,0,0,0,0,0,0,0,0,1,0,0,0,0,0,1,0,1,0,1,0,0,0,0,1,1,3,2,3,0,0,0,0,0,0,2,1,3,4,1,0,1,0,1,0,1,2,0,4,2,0,4,4,2,1,1,0,1,1,2,0,1,3,0,2,1,1,1,1,0,0,0,3,1,1,2,0,0,2,0,2,0,1,1,1,1,0,0,0,1,0,2,0,0,1,1,0,0,0,0,0,0,0,0,0,0,0,0,0,0,0,0,0,0,0,0,0,0,0,0,0,0,0,0,0,0,0,0,0,0,0,0,0,1,0,0,0,0,0,0,0,0,0,0,0,0,0,0,0,0,0,0,0,0,0,0,0,0,0,0,0,0,0,0,0,0,0,0,0,0,0,0,0,0,0,0,0,0,0,0,0,0,0,0,0,0,0,0,0,0
0,0,0,0,0,0,0,0,0,0,0,0,0,0,0,0,0,1,0,0,0,0,0,1,0,0,0,0,0,0,1,1,2,0,1,3,3,1,1,1,0,3,4,1,3,0,1,0,0,0,0,2,1,1,1,1,1,4,1,1,0,1,3,2,3,1,3,0,0,1,1,3,1,0,1,1,0,1,1,0,0,2,0,1,0,1,0,0,0,1,0,1,0,0,1,0,0,1,0,1,0,0,0,0,0,1,0,0,0,0,0,0,0,0,0,0,0,0,0,0,0,0,0,0,0,0,0,0,0,0,0,0,0,0,0,0,0,0,0,0,0,0,0,0,0,0,0,0,0,0,0,0,0,0,0,0,0,0,0,0,0,0,0,0,0,0,0,0,0,0,0,0,0,0,0,0,0,0,0,0,0,0,0,0,0,0,0,0,0,0,0,0,0,0,0,0,0,0,0,0
0,0,0,0,0,1,0,0,0,0,1,0,0,0,0,0,2,0,0,0,1,0,0,0,0,0,0,0,0,1,0,1,0,0,0,0,2,1,1,1,2,0,2,0,1,0,4,0,1,2,0,3,1,0,2,1,4,0,3,1,1,1,3,3,3,1,2,1,3,1,0,1,1,1,3,0,1,1,1,0,0,0,1,0,0,0,0,0,0,2,0,2,0,0,2,0,0,0,0,2,2,0,1,1,0,0,0,2,0,0,0,0,0,2,0,0,0,0,0,0,0,0,0,0,0,0,0,0,0,0,0,0,0,0,0,0,0,0,0,0,0,0,0,0,0,0,0,0,0,0,0,0,0,0,0,0,0,0,0,0,0,0,0,0,0,0,0,0,0,0,0,0,0,0,0,0,0,0,0,0,0,0,0,0,0,0,0,0,0,0,0,0,0,0,0,0,0,0,0,0
0,0,0,0,0,0,0,0,0,0,0,0,0,0,0,0,0,0,0,0,0,0,0,0,0,0,1,0,1,0,1,1,0,3,1,1,1,1,0,0,0,1,1,0,3,1,2,0,2,4,1,3,2,1,3,4,2,0,0,3,2,1,2,2,3,0,0,1,3,3,0,2,1,1,1,1,1,0,1,0,1,2,2,1,1,2,1,0,1,0,1,1,0,0,1,0,0,0,0,0,1,1,0,0,0,2,0,0,0,1,0,0,0,0,0,0,0,1,0,0,0,0,0,0,0,0,0,0,1,0,1,0,0,0,0,0,0,0,0,0,0,0,0,0,0,0,0,0,0,0,0,0,0,0,0,0,0,0,0,0,0,0,0,0,0,0,0,0,0,0,0,0,0,0,0,0,0,0,0,0,0,0,0,0,0,0,0,0,0,0,0,0,0,0,0,0,0,0,0,0
0,0,0,0,0,0,0,0,0,0,0,0,0,0,0,0,0,0,0,0,0,0,0,1,0,0,0,0,0,0,0,0,0,1,0,1,4,1,0,0,1,0,2,2,0,0,1,1,2,3,1,0,2,2,0,0,3,0,1,2,1,0,1,1,2,0,1,1,1,0,1,1,2,2,0,1,0,1,1,1,1,0,0,0,0,1,0,1,1,2,3,0,2,0,0,1,0,2,0,0,0,0,0,0,1,0,0,0,1,0,0,0,0,0,1,0,0,0,0,0,0,0,1,0,1,0,0,0,0,0,0,0,0,0,0,0,0,0,0,0,0,0,0,0,0,0,0,0,0,0,0,0,0,0,0,0,0,0,0,0,0,0,0,0,0,0,0,0,0,0,0,0,0,0,0,0,0,0,0,0,0,0,0,0,0,0,0,0,0,0,0,0,0,0,0,0,0,0,0,0
0,0,0,0,0,0,1,0,0,0,0,0,0,0,0,0,0,0,0,0,0,0,0,0,0,0,0,0,2,1,1,0,2,2,1,1,2,0,0,1,0,0,0,0,0,0,0,1,3,0,3,3,1,0,1,3,1,1,0,1,2,0,2,2,0,1,0,2,0,3,1,0,0,0,1,1,1,1,0,1,1,1,0,2,1,0,0,0,1,1,2,0,1,1,1,1,0,2,2,0,0,0,0,0,1,0,0,0,0,0,0,0,0,0,0,0,0,0,0,1,0,0,0,0,0,0,0,0,0,0,0,0,0,0,0,0,1,0,0,0,0,0,0,0,0,0,0,0,0,0,0,0,0,0,0,0,0,0,0,0,0,0,0,0,0,0,0,0,0,0,0,0,0,0,0,0,0,0,0,0,0,0,0,0,0,0,0,0,0,0,0,0,0,0,0,0,0,0,0,0
1,0,0,0,0,0,0,0,0,0,0,0,0,0,0,0,0,0,0,1,1,0,0,0,0,0,1,2,0,0,0,1,0,2,1,1,0,2,0,2,2,2,0,3,1,0,0,2,0,0,0,2,1,1,0,2,0,0,1,0,1,0,0,0,0,2,0,2,1,1,4,2,1,0,1,1,2,0,0,0,0,0,4,0,0,0,0,0,0,0,0,1,0,1,0,1,0,1,0,1,1,0,0,0,0,0,0,0,1,0,0,0,0,0,0,0,0,0,1,0,0,0,1,0,0,0,0,0,0,0,0,0,0,0,0,1,1,1,0,0,0,0,0,0,0,0,0,0,0,0,0,1,0,0,0,0,0,0,0,0,0,0,0,0,0,0,0,0,0,0,0,0,0,0,0,0,0,0,0,0,0,0,0,0,0,0,0,0,0,0,0,0,0,0,0,0,0,0,0,0
0,0,0,0,0,0,0,0,0,0,0,0,0,0,0,0,0,0,0,0,0,0,0,0,0,0,0,0,1,0,0,0,1,3,0,1,0,0,1,0,0,0,2,1,0,1,3,2,1,2,1,1,1,1,2,1,3,1,2,2,1,2,1,5,1,1,1,0,0,2,0,0,0,1,1,2,0,1,1,0,1,2,0,0,0,0,0,1,0,1,0,0,1,0,0,1,0,1,1,0,1,0,0,0,0,0,0,0,0,0,0,0,0,0,0,1,0,0,0,0,0,0,0,0,0,0,1,0,0,0,0,0,0,0,0,0,0,0,0,0,0,0,0,0,0,0,0,0,0,0,0,0,0,0,0,0,0,0,0,0,0,0,0,0,0,0,0,0,0,0,0,0,0,0,0,0,0,0,0,0,0,0,0,0,0,0,0,0,0,0,0,0,0,0,0,0,0,0,0,0
0,0,0,0,0,0,0,0,0,0,0,0,1,0,0,0,0,0,2,1,1,0,0,0,0,0,0,0,0,0,0,0,0,1,2,0,2,0,0,2,0,1,2,2,2,3,0,0,1,0,0,1,0,5,1,2,1,1,2,2,2,1,1,0,1,2,0,0,0,2,0,0,2,0,2,0,0,0,1,1,1,0,1,1,1,2,0,0,0,0,0,1,1,0,0,0,2,0,0,0,0,0,0,0,0,0,0,1,0,0,0,0,0,1,0,0,0,0,0,0,2,0,0,0,0,0,0,0,0,0,0,0,0,0,0,0,0,0,0,0,0,0,0,0,0,0,0,0,0,0,0,0,0,0,0,0,0,0,0,0,0,0,0,0,0,0,0,0,0,0,0,0,0,0,0,0,0,0,0,0,0,0,0,0,0,0,0,0,0,0,0,0,0,0,0,0,0,0,0,0
0,0,0,0,0,0,0,0,0,0,0,0,0,0,0,0,0,0,0,0,0,0,1,0,0,0,1,0,1,0,0,1,0,0,0,2,0,1,1,1,0,1,1,3,3,1,1,1,0,1,2,1,1,1,0,1,1,1,1,0,2,1,1,1,2,2,1,1,1,3,0,3,3,1,0,0,1,1,1,1,0,0,0,1,1,1,0,0,0,0,0,0,0,0,1,1,0,0,0,1,0,0,0,0,1,0,0,0,0,0,1,0,0,0,1,0,0,0,0,1,0,0,0,0,0,0,0,0,0,0,0,0,0,0,0,0,0,0,0,0,0,0,0,0,0,0,0,0,0,0,0,0,0,0,0,0,0,0,0,0,0,0,0,0,0,0,0,0,0,0,0,0,0,0,0,0,0,0,0,0,0,0,0,0,0,0,0,0,0,0,0,0,0,0,0,0,0,0,0,0
0,0,0,0,0,0,0,0,0,0,0,0,0,0,0,0,0,0,0,1,0,0,0,0,0,0,0,0,0,0,0,0,1,1,0,1,1,0,0,4,1,1,1,5,3,0,2,0,2,1,2,2,2,0,0,2,0,2,1,0,1,0,2,0,1,2,2,1,2,1,0,1,1,0,1,1,3,2,0,1,1,1,0,2,0,0,2,1,0,1,1,1,1,0,1,0,0,1,0,0,0,0,0,0,0,1,0,0,0,0,1,0,0,0,0,0,0,0,0,0,1,0,0,1,0,0,0,0,0,0,0,0,0,1,0,0,0,0,0,0,0,0,0,0,0,0,0,0,0,0,0,0,0,0,0,0,0,0,0,0,0,0,0,0,0,0,0,0,0,0,0,0,0,0,0,0,0,0,0,0,0,0,0,0,0,0,0,0,0,0,0,0,0,0,0,0,0,0,0,0
0,0,0,0,0,0,0,1,0,1,0,0,0,1,0,0,0,0,0,0,0,0,1,0,0,0,0,0,0,0,0,0,0,1,0,0,1,1,0,1,2,1,0,1,0,1,1,2,1,0,0,3,1,1,2,1,3,4,1,0,2,1,0,1,2,1,0,3,0,0,1,3,0,2,0,0,0,0,1,0,0,0,1,0,0,1,0,0,0,1,0,0,1,0,1,1,1,1,0,0,1,0,0,1,1,0,0,0,0,0,0,0,0,0,0,0,0,0,1,0,1,0,0,0,0,0,0,0,0,0,0,0,0,0,0,0,0,0,0,0,0,0,0,0,0,0,0,0,0,0,0,0,0,0,0,0,0,0,0,0,0,0,0,0,0,0,0,0,0,0,0,0,0,0,0,0,0,0,0,0,0,0,0,0,0,0,0,0,0,0,0,0,0,0,0,0,0,0,0,0
0,0,0,0,0,0,0,0,1,0,0,0,0,0,1,1,0,0,0,0,0,0,0,0,0,1,0,0,0,0,1,0,0,0,0,1,0,1,1,0,0,3,3,3,2,1,0,0,2,0,0,1,2,1,3,0,0,1,3,2,0,0,1,1,1,2,0,0,1,0,2,0,1,1,3,1,1,2,2,0,0,2,1,0,1,0,1,1,0,0,0,0,0,0,1,0,0,1,0,1,0,0,0,1,0,0,0,0,1,0,0,0,0,0,0,0,0,0,0,0,0,0,0,0,0,0,0,0,0,0,0,0,0,0,0,0,0,0,0,0,0,0,0,0,0,0,0,0,0,0,0,0,0,0,0,0,0,0,0,0,0,0,0,0,0,0,0,0,0,0,0,0,0,0,0,0,0,0,0,0,0,0,0,0,0,0,0,0,0,0,0,0,0,0,0,0,0,0,0,0
0,0,0,0,0,1,0,0,0,0,0,0,0,0,0,0,0,0,1,0,0,1,0,0,0,0,0,0,0,2,1,0,0,0,0,1,1,1,1,0,2,2,1,0,1,1,2,1,1,0,0,0,1,1,0,5,1,2,2,0,1,0,0,1,0,1,1,0,2,2,2,1,1,0,0,2,1,3,1,1,0,2,0,0,0,1,0,0,0,1,0,0,1,0,1,0,2,0,0,0,0,0,1,0,1,0,0,0,0,0,0,0,0,0,0,0,0,0,0,0,0,0,0,0,1,0,0,0,0,0,0,0,0,0,0,0,0,0,0,0,0,0,0,0,0,0,0,0,0,0,0,0,0,0,0,0,0,0,0,0,0,0,0,0,0,0,0,0,0,0,0,0,0,0,0,0,0,0,0,0,0,0,0,0,0,0,0,0,0,0,0,0,0,0,0,0,0,0,0,0
0,0,0,0,0,0,0,0,0,0,0,0,0,0,0,0,0,0,0,0,0,0,0,0,1,0,0,0,0,1,2,1,0,1,1,2,1,0,0,0,2,1,2,1,1,2,1,3,1,0,0,2,1,1,3,0,1,0,0,0,2,2,0,0,1,1,1,1,2,1,0,0,1,0,2,0,1,0,0,2,0,0,0,0,0,0,0,0,2,0,2,0,0,0,0,2,1,0,0,0,0,0,0,1,0,0,0,0,0,0,0,0,0,0,0,0,0,0,1,0,0,0,0,0,0,0,0,0,0,0,0,0,0,0,0,1,0,0,0,0,0,0,0,0,0,0,0,0,0,0,0,0,0,0,0,0,0,0,0,0,0,0,0,0,0,0,0,0,0,0,0,0,0,0,0,0,0,0,0,0,0,0,0,0,0,0,0,0,0,0,0,0,0,0,0,0,0,0,0,0
0,1,0,0,0,0,0,0,0,0,0,0,0,0,0,0,0,0,0,0,0,0,0,0,0,0,0,0,0,0,0,0,0,0,0,1,1,0,0,2,0,0,0,1,2,1,0,1,3,1,2,2,0,1,1,0,0,0,3,3,3,2,0,1,0,2,0,3,3,0,1,0,0,0,1,2,0,0,1,0,0,0,1,1,1,2,1,1,0,1,0,1,0,0,0,0,0,2,1,0,0,0,0,1,0,0,0,2,0,0,0,0,0,0,0,0,0,0,0,0,1,0,0,0,0,0,0,0,0,0,0,0,0,0,0,0,0,0,0,0,0,0,0,0,0,0,0,0,0,0,0,0,0,0,0,0,0,0,0,0,0,0,0,0,0,0,0,0,0,0,0,0,0,0,0,0,0,0,0,0,0,0,0,0,0,0,0,0,0,0,0,0,0,0,0,0,0,0,0,0
0,0,0,0,0,0,0,0,0,0,1,0,0,0,0,0,0,0,0,0,0,1,0,0,0,0,1,1,0,0,0,0,0,0,0,0,2,0,0,0,0,0,0,2,0,1,1,2,0,0,0,0,1,1,1,0,1,3,0,3,1,1,0,1,1,1,0,1,1,1,1,1,1,1,0,0,0,1,0,0,0,0,1,0,1,0,1,2,2,0,0,0,1,0,0,0,0,1,0,0,0,0,0,0,0,0,0,0,0,0,0,0,1,0,1,0,0,0,0,0,0,0,0,0,0,0,0,0,0,0,0,0,0,0,0,0,0,0,0,0,0,0,0,0,0,0,0,0,0,0,0,0,0,0,0,0,0,0,0,0,0,0,0,0,0,0,0,0,0,0,0,0,0,0,0,0,0,0,0,0,0,0,0,0,0,0,0,0,0,0,0,0,0,0,0,0,0,0,0,0
0,0,0,0,0,0,0,0,0,0,0,0,0,0,0,0,0,0,0,0,0,0,0,0,0,0,0,1,0,1,2,0,0,0,0,0,0,0,0,0,0,0,0,1,0,0,2,2,2,1,0,0,2,1,0,0,3,0,1,1,3,1,0,0,1,1,0,0,2,1,1,0,0,1,1,0,1,0,0,0,1,1,0,0,0,0,0,2,1,0,0,0,1,0,1,0,0,0,0,1,0,0,0,0,0,0,0,1,0,0,0,0,1,0,0,0,0,0,0,0,0,0,0,0,0,0,0,0,0,0,0,0,0,0,1,0,0,0,0,0,0,0,0,0,0,0,0,0,0,0,0,0,0,0,0,0,0,0,0,0,0,0,0,0,0,0,0,0,0,0,0,0,0,0,0,0,0,0,0,0,0,0,0,0,0,0,0,0,0,0,0,0,0,0,0,0,0,0,0,0
0,0,0,0,0,0,0,0,0,0,0,0,0,0,0,0,0,0,0,0,0,0,0,0,0,0,0,0,0,0,1,0,0,1,0,0,1,0,0,0,1,0,1,1,0,0,0,0,1,3,2,1,1,2,1,2,0,0,1,1,1,2,0,2,0,0,0,1,0,1,0,0,0,2,0,1,1,0,1,1,1,0,0,0,1,0,0,0,3,0,0,0,0,0,0,1,0,0,0,2,1,0,0,1,0,0,0,1,0,0,0,0,0,0,0,1,1,0,0,0,0,0,0,0,0,0,0,0,0,1,0,0,0,0,0,0,0,0,0,0,0,0,0,0,0,0,0,0,0,0,0,0,0,0,0,0,0,0,0,0,0,0,0,0,0,0,0,0,0,0,0,0,0,0,0,0,0,0,0,0,0,0,0,0,0,0,0,0,0,0,0,0,0,0,0,0,0,0,0,0
0,0,0,0,0,0,0,0,1,0,0,0,0,0,0,0,0,0,0,0,0,0,0,0,0,1,0,0,0,0,0,0,0,1,0,1,0,0,2,1,3,1,1,1,1,1,0,2,2,2,3,0,1,0,1,0,2,1,1,2,2,0,1,2,1,1,0,1,0,0,1,0,1,0,0,4,1,1,0,0,0,1,0,1,0,0,1,0,0,0,0,0,0,0,0,1,0,2,0,3,0,0,0,0,0,1,0,0,0,0,0,0,0,0,0,0,0,0,0,0,0,0,0,0,1,0,0,0,0,0,0,0,0,0,0,0,0,0,0,0,0,0,0,0,0,0,0,1,0,0,0,0,0,0,0,0,0,0,0,0,0,0,0,0,0,0,0,0,0,0,0,0,0,0,0,0,0,0,0,0,0,0,0,0,0,0,0,0,0,0,0,0,0,0,0,0,0,0,0,0
0,0,0,0,0,0,0,0,0,0,0,0,0,0,0,0,0,0,0,0,0,1,0,0,0,0,0,0,0,0,0,0,0,1,1,1,1,1,0,1,0,2,0,0,1,2,2,0,1,0,0,0,1,2,3,2,0,0,1,0,0,0,0,0,0,0,1,1,0,0,4,2,2,1,0,0,0,0,1,0,0,0,0,0,1,0,0,0,0,0,0,0,0,0,1,0,0,0,0,0,0,0,0,0,0,1,0,0,0,1,0,0,0,0,0,0,0,0,0,0,0,0,0,0,0,0,0,0,0,0,0,0,0,0,0,1,0,0,0,0,0,0,0,0,0,0,0,0,0,0,0,0,0,0,0,0,0,0,0,0,0,0,0,0,0,0,0,0,0,0,0,0,0,0,0,0,0,0,0,0,0,0,0,0,0,0,0,0,0,0,0,0,0,0,0,0,0,0,0,0
0,0,0,0,0,0,0,0,0,0,0,0,0,0,0,0,0,0,0,0,1,0,0,1,0,0,1,0,0,0,0,0,0,1,1,0,1,1,0,1,0,3,0,1,2,0,1,0,0,0,0,1,1,1,2,1,1,0,0,1,0,0,0,3,1,1,0,4,1,0,0,1,0,2,2,0,0,1,0,0,1,0,1,0,0,1,0,0,0,0,0,2,1,0,0,0,0,1,0,1,1,0,0,2,0,0,0,1,0,0,0,0,0,0,2,0,0,0,0,0,0,0,0,0,1,0,0,0,0,0,0,0,0,0,0,0,0,0,0,0,0,0,0,0,0,0,0,0,0,0,0,0,0,0,0,0,0,0,0,0,0,0,0,0,0,0,0,0,0,0,0,0,0,0,0,0,0,0,0,0,0,0,0,0,0,0,0,0,0,0,0,0,0,0,0,0,0,0,0,0
0,0,0,0,0,0,0,0,0,0,0,0,0,0,1,0,0,0,0,0,0,0,0,0,0,0,0,0,0,0,0,3,0,0,0,0,2,1,1,0,1,0,0,1,2,0,0,0,0,0,1,0,0,1,1,1,1,2,0,0,1,1,0,1,1,0,1,0,1,0,1,0,1,0,0,0,0,0,0,0,1,0,0,0,0,1,0,0,1,0,0,1,0,0,0,0,0,1,0,1,0,0,0,0,1,0,1,0,0,1,0,0,0,0,0,0,0,0,0,0,0,0,0,0,0,0,0,0,0,0,0,0,1,0,1,0,0,0,0,0,0,0,0,0,0,0,0,0,0,0,0,0,0,0,0,0,0,0,0,0,0,0,0,0,0,0,0,0,0,0,0,0,0,0,0,0,0,0,0,0,0,0,0,0,0,0,0,0,0,0,0,0,0,0,0,0,0,0,0,0
0,0,0,0,0,0,0,1,0,0,0,0,0,1,0,0,0,0,0,0,0,0,1,0,0,0,0,0,0,0,0,0,1,1,4,0,0,1,1,0,0,2,0,2,2,0,0,2,2,1,0,2,1,0,0,1,1,0,2,0,2,0,0,1,0,0,2,0,0,1,0,0,0,0,0,0,0,0,1,1,0,1,1,0,2,0,0,1,0,0,0,1,0,0,0,0,0,1,0,0,0,0,0,0,0,0,0,0,0,0,0,0,0,0,0,0,1,0,1,0,0,0,0,0,0,0,1,0,0,0,0,0,0,0,0,0,0,0,0,0,0,0,0,0,0,0,1,0,0,0,0,0,0,0,0,0,0,0,0,0,0,0,0,0,0,0,0,0,0,0,0,0,0,0,0,0,0,0,0,0,0,0,0,0,0,0,0,0,0,0,0,0,0,0,0,0,0,0,0,0
0,1,0,0,0,0,0,0,0,1,0,0,0,0,0,0,0,0,0,0,0,0,0,0,0,0,0,0,0,0,0,0,2,0,0,0,2,0,1,0,1,0,1,1,0,1,1,0,0,0,0,0,1,1,2,0,0,2,1,1,0,0,1,0,0,0,2,1,0,1,0,0,2,0,0,0,0,0,0,0,0,1,1,3,0,0,0,0,0,2,1,0,0,0,0,2,0,0,0,0,0,0,0,0,0,0,0,0,0,0,0,0,0,0,0,0,0,0,0,0,0,0,0,0,0,0,0,0,0,0,0,0,0,0,1,0,0,0,0,0,0,0,0,0,0,0,0,0,0,0,0,0,0,0,0,0,0,0,0,0,0,0,0,0,0,0,0,0,0,0,0,0,0,0,0,0,0,0,0,0,0,0,0,0,0,0,0,0,0,0,0,0,0,0,0,0,0,0,0,0
0,0,0,0,0,0,0,0,0,0,0,0,0,0,0,0,1,0,0,0,0,0,0,0,0,0,0,1,0,0,0,0,1,0,0,1,1,1,0,1,0,0,1,1,0,0,0,1,1,1,0,0,1,2,1,0,1,1,0,1,3,1,1,1,0,0,0,1,0,0,0,2,0,0,0,1,0,2,0,0,0,1,0,1,2,0,0,1,0,1,0,0,0,1,0,0,1,0,0,0,0,1,0,0,1,0,0,0,0,0,0,1,0,0,0,0,0,0,0,0,0,0,0,1,1,0,0,0,0,0,0,0,0,0,0,0,0,0,0,0,0,0,0,0,0,0,0,1,0,0,0,0,0,0,0,0,0,0,0,0,0,0,0,0,0,0,0,0,0,0,0,0,0,0,0,0,0,0,0,0,0,0,0,0,0,0,0,0,0,0,0,0,0,0,0,0,0,0,0,0
0,0,0,0,0,0,0,0,0,0,0,0,0,0,1,0,0,0,0,0,0,0,0,0,1,0,3,0,0,0,0,0,1,0,0,0,1,0,1,0,0,0,0,0,1,1,0,0,2,0,0,2,0,1,1,2,1,0,0,0,0,0,1,0,0,0,0,0,2,0,0,1,1,0,0,2,1,0,0,0,0,0,0,1,1,0,0,1,0,0,0,0,1,0,0,1,0,0,0,0,0,0,0,0,0,0,0,1,0,0,0,0,0,0,0,0,0,0,0,0,0,0,0,0,0,0,0,0,0,0,0,0,0,0,1,0,0,0,0,0,0,0,0,0,0,0,0,0,0,0,0,0,0,0,0,0,0,0,0,0,0,0,0,0,0,0,0,0,0,0,0,0,0,0,0,0,0,0,0,0,0,0,0,0,0,0,0,0,0,0,0,0,0,0,0,0,0,0,0,0
0,0,0,0,0,0,0,0,0,0,0,0,0,0,0,0,0,0,0,0,0,0,0,1,0,0,0,0,0,0,0,0,0,1,1,1,0,0,0,0,0,1,0,1,1,3,2,0,0,0,0,2,1,0,0,1,0,2,1,0,1,2,0,1,1,0,0,1,1,1,1,0,0,2,1,0,0,1,0,0,0,0,0,0,0,1,2,0,0,0,0,1,0,0,1,0,0,0,1,0,0,0,0,0,0,0,0,0,0,1,0,0,0,0,0,0,0,0,0,0,0,0,0,0,0,0,0,0,0,0,0,0,0,0,0,0,0,0,0,0,0,0,0,0,0,0,0,0,0,0,0,0,0,0,0,0,0,0,0,0,0,0,0,0,0,0,0,0,0,0,0,0,0,0,0,0,0,0,0,0,0,0,0,0,0,0,0,0,0,0,0,0,0,0,0,0,0,0,0,0
0,0,0,0,0,0,0,0,0,0,0,1,0,0,0,0,0,0,0,0,0,0,0,0,0,0,1,0,1,0,0,0,1,0,0,0,0,0,0,0,0,0,0,1,0,0,0,2,1,4,0,0,3,2,1,0,0,2,0,1,1,2,0,2,2,1,0,1,1,0,0,1,0,0,0,1,0,0,0,1,0,0,0,1,0,0,0,0,0,0,0,0,0,0,0,0,0,0,0,0,0,0,0,0,0,0,1,0,0,0,0,0,1,0,0,0,0,0,0,0,0,0,0,0,0,0,0,0,0,0,0,0,0,0,0,0,0,0,0,0,0,0,0,0,0,0,0,0,0,0,0,0,0,0,1,0,0,0,0,0,0,0,0,0,0,0,0,0,0,0,0,0,0,0,0,0,0,0,0,0,0,0,0,0,0,0,0,0,0,0,0,0,0,0,0,0,0,0,0,0
0,0,0,0,0,0,0,0,0,0,0,0,0,0,0,0,0,0,0,0,0,1,0,0,0,0,0,0,1,0,0,0,0,0,1,0,1,2,0,0,1,0,1,4,1,0,2,0,0,0,0,1,1,2,0,0,2,0,0,0,0,0,0,1,0,1,0,0,1,1,3,1,0,0,0,1,0,0,0,1,0,1,0,1,0,0,2,0,0,1,1,0,0,0,0,1,0,0,0,0,0,0,0,0,0,1,0,0,0,0,0,0,0,0,0,0,0,0,0,0,0,0,0,0,0,0,0,0,0,0,0,0,0,0,0,0,0,0,0,0,0,0,0,0,0,0,0,0,0,0,0,0,0,0,0,0,0,0,0,0,0,0,0,0,0,0,0,0,0,0,0,0,0,0,0,0,0,0,0,0,0,0,0,0,0,0,0,0,0,0,0,0,0,0,0,0,0,0,0,0
0,0,0,0,0,0,0,0,0,1,0,0,0,0,0,0,0,0,0,0,1,0,0,0,0,1,0,1,1,0,0,1,0,0,0,0,0,1,0,1,0,0,0,0,6,2,1,1,3,2,2,1,2,1,1,0,0,2,0,0,1,0,0,0,1,0,0,0,2,0,1,0,1,0,0,0,0,1,1,0,0,1,0,0,1,0,1,0,0,0,0,0,0,0,0,1,0,0,0,1,0,0,0,0,0,0,0,0,0,0,0,0,0,0,0,1,0,0,0,0,0,0,0,0,0,0,0,0,0,0,0,0,0,0,0,0,0,0,0,0,0,0,0,0,0,0,0,0,0,0,0,0,0,0,0,0,0,0,0,0,0,0,0,0,0,0,0,0,0,0,0,0,0,0,0,0,0,0,0,0,0,0,0,0,0,0,0,0,0,0,0,0,0,0,0,0,0,0,0,0
0,0,0,0,0,0,0,0,0,0,0,0,0,0,0,0,0,0,0,0,0,0,0,0,0,0,0,0,1,0,0,0,0,1,0,0,0,0,1,0,0,0,1,0,2,0,1,1,0,1,1,1,0,2,1,1,0,0,0,1,0,2,0,0,0,0,1,0,0,0,1,0,0,0,0,0,0,1,0,0,0,0,1,0,0,0,1,0,1,0,0,0,0,1,1,0,0,0,1,0,0,0,1,0,0,0,0,0,0,0,0,0,0,0,0,0,0,0,0,0,0,0,0,0,0,0,0,0,0,0,0,0,0,0,0,0,0,0,0,0,0,0,0,0,0,0,0,0,0,0,0,0,0,0,0,0,0,0,0,0,0,0,0,0,0,0,0,0,0,0,0,0,0,0,0,0,0,0,0,0,0,0,0,0,0,0,0,0,0,0,0,0,0,0,0,0,0,0,0,0
0,0,0,0,0,0,0,0,0,0,0,0,0,0,1,0,0,0,0,0,1,0,2,0,0,1,1,0,0,0,0,0,0,0,0,0,0,0,0,0,1,0,1,1,0,0,1,0,2,0,2,0,0,0,2,2,0,2,1,1,0,0,1,0,1,0,0,0,0,0,3,0,0,1,0,1,2,0,0,0,0,0,1,0,0,0,0,0,1,0,1,0,0,0,0,0,0,0,0,0,0,1,0,0,0,0,0,1,0,0,0,0,0,1,0,0,0,0,0,0,0,0,1,0,0,0,0,0,0,0,0,0,0,0,0,0,0,0,0,0,0,0,0,0,0,0,0,0,0,0,0,0,0,0,0,0,0,0,0,0,0,0,0,0,0,0,0,0,0,0,0,0,0,0,0,0,0,0,0,0,0,0,0,0,0,0,0,0,0,0,0,0,0,0,0,0,0,0,0,0
0,0,0,1,0,0,0,0,0,0,0,0,0,0,0,0,0,0,0,0,0,0,0,0,0,1,0,0,0,0,0,0,0,0,2,0,0,1,0,0,1,0,0,0,0,0,0,0,1,2,0,2,0,0,0,1,1,0,1,1,0,1,1,1,0,1,0,0,0,2,1,1,0,0,1,0,0,0,1,0,1,0,2,1,1,1,0,0,0,0,0,0,1,0,0,0,0,0,1,0,0,1,0,0,0,0,0,0,0,0,0,0,0,0,1,0,0,0,0,0,0,0,0,0,0,0,0,0,0,0,0,0,0,0,0,0,0,0,0,0,0,0,0,0,1,0,0,0,0,0,0,0,0,0,0,0,0,0,0,0,0,0,0,0,0,0,0,0,0,0,0,0,0,0,0,0,0,0,0,0,0,0,0,0,0,0,0,0,0,0,0,0,0,0,0,0,0,0,0,0
0,0,0,0,0,0,0,0,0,0,0,0,0,0,0,0,0,0,0,0,0,0,0,0,0,0,1,0,0,0,1,0,1,0,0,0,0,0,0,1,1,0,1,1,0,0,0,0,1,0,0,2,0,0,1,1,0,0,3,2,1,0,1,0,0,0,0,0,0,0,0,0,0,0,0,1,0,0,0,0,0,1,0,0,1,1,1,0,0,0,0,0,0,1,0,0,0,1,0,0,0,0,0,0,0,0,0,0,0,0,0,0,1,0,0,1,0,0,0,0,1,0,0,0,0,0,0,0,0,0,0,0,0,0,0,0,0,0,0,0,0,0,0,0,0,0,0,0,0,0,0,0,0,0,0,0,0,0,0,0,0,0,0,0,0,0,0,0,0,0,0,0,0,0,0,0,0,0,0,0,0,0,0,0,0,0,0,0,0,0,0,0,0,0,0,0,0,0,0,0
0,0,0,0,0,0,0,0,0,0,0,0,0,0,0,0,0,0,0,0,0,0,0,1,0,0,0,0,0,0,0,0,0,0,1,0,1,1,0,1,0,1,0,0,0,1,0,0,0,0,1,1,3,0,0,0,0,1,0,1,1,0,2,0,0,0,0,0,0,2,1,1,1,0,0,0,1,1,0,0,0,1,2,0,0,0,0,0,0,0,0,0,0,0,0,0,0,0,0,0,0,0,0,0,0,1,0,1,0,0,0,0,1,0,0,0,0,0,0,0,0,0,0,0,0,0,0,1,0,0,0,0,0,0,0,0,0,0,0,0,0,0,0,0,0,0,0,0,0,0,0,0,0,0,0,0,0,0,0,0,0,0,0,0,0,0,0,0,0,0,0,0,0,0,0,0,0,0,0,0,0,0,0,0,0,0,0,0,0,0,0,0,0,0,0,0,0,0,0,0
0,0,0,0,0,0,0,0,0,0,0,0,0,0,0,0,0,0,0,0,1,1,0,0,0,0,0,0,0,2,0,0,0,0,1,0,0,0,0,1,0,0,1,0,1,0,1,1,0,0,0,0,0,1,0,2,0,3,0,1,0,4,0,1,0,0,0,1,0,0,0,1,0,0,1,0,0,1,0,0,0,0,1,2,0,0,0,0,0,0,2,0,0,0,0,1,1,0,0,0,0,0,0,0,0,0,0,0,0,0,0,0,0,0,0,0,0,0,0,0,0,0,0,0,0,0,0,0,0,0,0,0,0,0,0,0,0,0,0,0,0,0,0,0,0,0,0,0,0,0,0,0,0,0,0,0,0,0,0,0,0,0,0,0,0,0,0,0,0,0,0,0,0,0,0,0,0,0,0,0,0,0,0,0,0,0,0,0,0,0,0,0,0,0,0,0,0,0,0,0
0,0,1,0,0,0,0,0,1,0,0,0,0,0,0,0,0,0,0,0,0,0,0,0,0,0,1,0,0,0,0,0,2,1,0,0,0,0,0,0,0,0,0,0,2,0,0,1,0,0,0,2,1,1,1,1,0,2,0,0,0,0,0,1,1,0,0,2,0,3,0,0,1,0,0,1,0,1,1,0,0,1,1,1,0,0,0,0,0,1,0,3,0,0,0,0,0,1,0,0,0,0,0,0,0,0,0,0,0,0,0,0,0,0,0,0,0,0,0,0,0,0,0,1,0,0,0,0,0,0,0,0,0,0,0,0,0,0,0,0,0,0,0,0,0,0,0,0,0,0,0,0,0,0,0,0,0,0,0,0,0,0,0,0,0,0,0,0,0,0,0,0,0,0,0,0,0,0,0,0,0,0,0,0,0,0,0,0,0,0,0,0,0,0,0,0,0,0,0,0
0,0,0,0,0,0,0,0,0,0,0,0,0,0,0,0,0,0,0,0,0,0,0,0,0,0,0,0,0,0,0,0,0,0,1,1,2,0,0,1,0,0,1,0,0,0,2,0,0,1,1,0,0,2,2,0,0,1,1,0,3,0,0,0,0,0,0,0,0,0,0,0,0,0,0,2,0,3,1,1,0,0,0,0,0,0,0,1,0,0,0,0,0,0,0,0,1,0,0,0,0,0,0,1,0,0,0,0,0,0,0,0,0,0,0,0,0,0,0,0,0,0,0,0,0,0,0,0,0,0,0,0,0,0,0,0,0,0,0,0,0,0,0,0,0,0,0,0,0,0,0,0,0,0,0,0,0,0,0,0,0,0,0,0,0,0,0,0,0,0,0,0,0,0,0,0,0,0,0,0,0,0,0,0,0,0,0,0,0,0,0,0,0,0,0,0,0,0,0,0
0,0,0,0,0,0,0,0,0,0,0,0,0,0,0,0,0,0,0,0,0,0,0,0,0,0,1,0,0,1,0,0,0,0,0,1,1,0,0,0,0,1,1,1,0,1,0,0,0,0,0,1,1,0,0,0,0,0,0,1,0,1,1,0,2,0,1,0,0,0,0,0,1,1,0,0,1,1,0,0,0,0,0,2,0,0,1,0,0,0,0,0,0,0,0,0,0,0,0,0,0,0,0,0,0,0,0,0,0,0,0,0,1,0,0,0,0,0,0,0,0,0,0,0,0,0,0,0,0,0,0,0,0,0,0,0,0,0,0,0,0,0,0,0,0,0,0,0,0,0,0,0,0,0,0,0,0,0,0,0,0,0,0,0,0,0,0,0,0,0,0,0,0,0,0,0,0,0,0,0,0,0,0,0,0,0,0,0,0,0,0,0,0,0,0,0,0,0,0,0
0,0,0,0,0,0,0,0,0,0,0,0,0,0,0,0,0,0,0,0,0,1,0,0,0,0,0,0,1,0,0,0,0,1,0,0,0,1,0,0,1,0,2,0,0,3,0,1,1,0,0,0,0,1,0,0,1,0,0,0,1,0,0,1,1,0,2,0,1,0,0,2,0,0,1,0,0,0,0,1,0,0,1,0,0,1,1,0,2,0,1,0,0,1,0,0,0,0,0,0,0,0,0,0,0,0,0,0,0,0,0,0,0,0,0,0,0,0,0,0,1,0,0,0,1,0,0,0,0,0,0,0,1,0,0,0,0,0,0,0,0,0,0,0,0,0,0,0,0,0,0,0,0,0,0,0,0,0,0,0,0,0,0,0,0,0,0,0,0,0,0,0,0,0,0,0,0,0,0,0,0,0,0,0,0,0,0,0,0,0,0,0,0,0,0,0,0,0,0,0
0,0,0,0,0,0,0,0,0,0,0,0,0,0,0,0,0,0,1,0,0,0,0,0,0,0,0,0,0,0,0,1,1,0,0,0,0,0,0,0,1,0,1,1,0,1,0,0,0,0,1,0,0,0,0,0,0,1,0,0,0,1,1,0,0,1,0,2,1,0,0,0,0,0,0,0,0,1,0,0,0,0,0,0,0,1,0,0,0,0,0,0,0,0,1,0,0,0,0,1,0,0,0,0,0,0,0,0,0,0,0,0,0,0,0,0,0,0,1,0,0,0,1,0,0,0,0,0,0,0,0,0,0,0,0,0,0,0,0,0,0,0,0,0,0,0,0,0,0,0,0,0,0,0,0,0,0,0,0,0,0,0,0,0,0,0,0,0,0,0,0,0,0,0,0,0,0,0,0,0,0,0,0,0,0,0,0,0,0,0,0,0,0,0,0,0,0,0,0,0
