5,9,6,5,4,8,3,1,11,27,6,13,17,27,18,28,27,41,27,28,35,41,39,42,56,63,87,89,93,83,83,98,142,140,130,147,168,191,191,274,255,257,268,381,369,406,415,423,435,517,550,506,613,612,638,617,615,739,821,796,813,928,922,903,907,998,963,943,1097,1098,1109,1111,1099,1173,1186,1311,1227,1264,1279,1287,1294,1400,1299,1342,1289,1381,1243,1319,1321,1186,1350,1312,1302,1183,1150,1181,1147,1122,1006,1038,966,918,1022,1015,872,887,779,776,812,676,727,662,662,575,586,571,538,466,447,452,389,418,302,290,271,299,294,226,243,221,162,199,167,133,146,131,120,94,124,55,86,85,50,50,65,53,31,46,26,27,24,32,29,13,25,23,11,14,2,10,12,5,3,10,6,7,3,1,4,1,1,6,0,0,1,0,0,0,1,1,0,0,0,0,0,0,0,1,0,0,0,1,0,0,0,0,0,0,0,0
1,4,3,9,0,11,6,3,8,23,11,15,19,16,13,20,23,27,36,39,50,56,38,47,55,50,76,97,99,117,90,93,136,165,153,154,185,193,212,246,237,270,309,346,344,403,440,403,461,517,515,559,595,601,678,668,657,719,821,751,803,911,926,948,995,952,1004,987,1086,1147,1119,1180,1101,1207,1233,1277,1269,1185,1236,1310,1215,1312,1240,1335,1280,1270,1220,1230,1275,1173,1237,1217,1183,1199,1112,1055,1034,1029,957,979,994,868,1008,911,841,859,747,762,771,637,640,611,647,605,488,554,510,448,397,448,334,413,267,345,264,307,267,254,194,161,166,191,174,131,132,101,89,93,92,64,81,67,50,56,61,44,26,44,27,27,24,22,28,9,7,12,14,8,3,14,16,9,8,4,11,7,4,1,3,1,2,2,0,0,1,0,0,0,1,0,0,0,0,0,0,0,0,1,0,0,0,1,0,0,0,0,0,0,0,0
2,4,7,7,0,20,5,0,9,20,6,10,20,19,15,24,37,30,34,41,54,53,52,46,54,60,77,110,93,116,105,99,131,160,148,169,178,217,227,275,285,280,327,352,353,398,386,397,448,514,559,570,623,592,711,654,620,766,820,832,817,868,978,907,960,1003,972,1010,1050,1106,1118,1127,1067,1115,1216,1207,1277,1143,1214,1219,1199,1284,1274,1302,1276,1223,1266,1231,1210,1209,1165,1175,1187,1172,1046,1065,1086,1054,974,941,918,826,922,849,787,781,727,725,746,579,615,581,582,510,512,519,449,391,366,400,372,339,277,313,271,272,253,238,166,183,133,181,148,113,129,112,92,78,78,60,61,74,38,46,64,52,26,41,21,34,18,20,25,7,10,25,13,17,4,5,9,10,4,8,11,5,4,0,0,1,2,5,0,0,1,0,0,0,0,2,0,0,0,0,0,0,0,0,0,0,0,2,0,0,0,0,0,0,0,0
6,7,3,13,1,11,9,0,10,16,5,13,13,15,9,41,44,30,30,41,40,63,52,47,68,53,93,97,84,104,104,132,138,163,159,198,184,221,218,260,296,310,326,390,375,398,386,482,434,512,551,610,623,639,633,639,696,726,828,825,779,918,993,943,962,934,988,979,1108,1049,1115,1088,1085,1144,1155,1184,1206,1123,1153,1250,1172,1242,1205,1273,1247,1206,1111,1174,1243,1060,1199,1111,1158,1065,1034,914,1003,940,899,828,895,825,876,866,749,714,670,685,694,601,550,517,556,500,448,463,468,387,332,366,337,366,268,269,233,282,267,221,188,176,165,142,150,113,106,100,92,87,83,67,66,73,50,45,41,40,20,21,26,26,15,19,22,12,15,18,12,4,3,5,19,4,3,4,10,3,3,3,3,0,4,2,0,0,1,0,0,0,1,0,0,0,0,0,0,0,0,0,0,0,0,3,0,0,0,0,0,0,0,0
9,4,4,7,5,13,13,2,9,24,5,11,12,27,15,25,39,24,23,39,48,52,59,46,72,59,76,101,97,116,98,107,142,172,167,184,195,238,208,262,257,331,293,369,391,441,422,450,472,491,502,616,622,647,677,619,672,706,878,796,829,920,871,887,981,1003,913,922,1118,1111,1131,1132,1055,1067,1113,1123,1170,1080,1185,1266,1151,1241,1161,1244,1226,1177,1132,1100,1110,1141,1080,1080,1067,1021,944,926,942,885,892,815,796,744,810,798,678,709,643,630,644,468,552,489,477,471,441,463,369,371,329,351,323,352,239,284,213,202,241,212,155,144,122,154,140,96,84,107,61,67,90,56,59,69,32,52,40,36,22,43,18,21,12,27,15,4,14,17,13,16,2,9,14,6,8,13,10,9,4,1,4,0,4,3,0,0,1,0,0,0,0,2,0,0,0,0,0,0,0,0,0,0,0,0,0,0,0,0,0,0,0,0
5,3,4,9,5,11,6,1,9,22,7,12,13,27,18,24,36,30,35,44,24,54,61,41,49,71,90,93,105,124,108,113,143,172,165,190,202,210,226,281,278,312,333,374,355,412,422,446,442,514,528,594,603,655,626,657,708,709,845,813,823,819,904,874,899,1018,912,943,1070,1080,1028,1211,1083,1114,1102,1171,1136,1109,1152,1136,1136,1176,1106,1167,1125,1116,1089,1079,1084,1038,1032,1026,1023,1035,1015,885,867,834,813,792,861,785,801,803,688,642,589,602,598,494,523,489,471,467,410,444,395,337,324,315,338,290,234,230,224,193,188,174,176,128,119,143,123,91,113,89,92,72,72,37,79,55,50,43,40,34,25,38,19,28,20,19,14,11,9,13,12,11,2,15,10,9,1,2,11,4,1,1,0,1,1,3,0,0,1,0,0,0,2,0,0,0,0,0,0,0,0,2,0,0,0,0,0,0,0,0,0,0,0,0
5,13,0,15,2,8,6,1,5,18,12,8,16,29,21,25,43,22,34,36,38,45,63,45,65,60,90,105,116,116,85,106,145,151,175,190,170,218,224,291,295,308,315,346,367,390,402,432,472,516,541,577,611,602,663,638,677,727,753,797,789,843,894,904,917,976,900,891,1096,1030,1053,1144,1047,1104,1104,1169,1150,1046,1082,1097,1076,1118,1104,1132,1070,1079,1060,1061,1064,986,934,1011,995,904,951,848,869,823,837,780,742,742,731,716,652,620,558,534,567,493,482,450,449,412,363,360,359,321,286,304,302,276,232,208,188,212,183,198,147,132,109,127,119,90,90,85,67,78,61,49,64,65,30,39,37,29,24,40,23,12,14,12,18,7,10,12,7,9,9,8,7,7,3,8,10,5,2,1,1,2,2,3,0,0,0,0,0,0,1,1,0,0,0,0,0,0,0,1,0,0,0,1,0,0,0,0,0,0,0,0
2,3,2,12,1,14,5,1,8,24,9,13,15,20,15,33,31,28,28,37,56,43,55,36,81,59,100,113,96,112,104,105,149,169,167,202,197,228,218,286,261,299,293,351,356,479,430,469,434,528,527,557,644,587,669,641,677,751,837,768,811,891,899,862,932,940,906,921,989,1065,1056,1092,1006,1048,1093,1099,1121,1061,996,1095,1125,1135,1099,1084,983,1012,1034,981,1025,970,962,961,946,903,855,820,789,774,779,717,686,677,707,728,661,580,525,529,542,476,506,415,432,411,364,368,335,326,294,274,254,270,225,237,188,209,197,166,168,155,93,121,117,59,105,80,98,70,62,49,54,46,27,35,48,26,22,36,23,19,13,24,17,9,13,15,6,11,5,6,11,10,4,7,5,5,3,0,1,3,1,3,0,0,0,0,0,0,1,1,0,0,0,0,0,0,0,3,0,0,0,3,0,0,0,0,0,0,0,0
8,9,4,10,2,7,4,0,10,21,8,13,12,21,13,31,41,28,42,49,47,46,57,61,70,66,87,116,104,100,127,110,121,177,142,199,186,205,235,265,276,309,342,378,370,441,434,471,449,541,537,620,652,624,701,637,626,666,737,765,773,849,898,893,957,956,900,826,990,985,986,1075,980,992,1056,1082,1069,1038,1005,1063,1008,1017,1007,1067,1034,1043,985,969,1015,923,968,943,910,839,884,789,781,732,725,712,689,652,664,664,576,567,524,456,495,438,458,407,438,397,359,367,310,266,259,273,263,257,178,214,190,181,183,177,123,120,97,113,108,74,82,64,83,67,53,42,59,53,35,35,37,40,13,28,16,17,21,20,23,10,13,17,15,4,5,4,5,6,6,7,5,3,4,1,1,1,2,3,0,0,0,0,0,0,2,0,0,0,0,0,0,0,0,0,0,0,0,1,0,0,0,0,0,0,0,0
4,2,3,15,0,10,4,0,8,28,9,12,10,22,12,40,29,32,25,40,39,57,65,52,63,52,111,113,121,100,102,130,138,185,170,190,203,203,226,293,249,311,314,355,339,394,370,446,461,508,549,575,638,591,687,565,668,727,802,801,772,877,887,865,898,875,961,842,982,1015,1002,1025,944,1029,1049,1069,1063,990,964,1035,977,1031,955,1024,1036,959,914,945,963,885,889,895,889,799,785,755,814,736,700,733,696,636,682,602,550,587,472,512,501,403,420,380,355,356,334,310,284,270,259,280,249,236,191,205,160,170,152,190,122,101,103,94,112,76,63,61,64,73,58,42,48,53,33,35,40,27,16,39,13,25,13,16,21,5,7,13,8,12,5,3,10,6,7,4,4,2,2,1,0,0,3,4,0,0,2,0,0,0,1,0,0,0,0,0,0,0,0,2,0,0,0,0,0,0,0,0,0,0,0,0
2,7,6,7,1,11,4,0,7,14,9,12,13,27,14,27,37,28,23,41,56,45,58,47,67,60,106,106,117,98,106,132,139,173,153,174,190,220,223,301,273,294,295,376,350,427,396,472,469,559,574,602,627,591,647,633,629,664,772,759,771,822,893,812,880,896,854,844,994,983,999,1014,982,1025,1002,1006,994,1019,966,1062,968,983,934,1052,970,1008,910,946,893,863,857,914,786,839,781,703,759,662,672,620,620,603,633,555,547,540,493,458,509,370,401,398,398,355,281,353,308,238,220,230,241,205,170,176,154,184,158,164,137,110,82,93,100,82,78,60,61,60,39,39,54,35,32,28,29,34,20,30,15,17,8,21,12,9,4,12,8,5,7,7,5,10,4,3,4,4,4,0,3,0,2,2,0,0,1,0,0,0,2,0,0,0,0,0,0,0,0,0,0,0,0,2,0,0,0,0,0,0,0,0
8,0,6,13,2,13,5,1,9,17,6,6,7,27,18,29,30,27,31,49,52,47,54,54,69,74,80,101,118,119,104,99,138,169,156,163,209,233,212,289,280,281,334,372,368,409,400,435,447,527,513,588,593,586,652,617,663,674,761,756,834,808,869,775,874,953,859,855,972,948,1012,992,944,898,986,996,958,891,974,956,949,996,918,971,940,940,875,853,919,828,837,850,809,805,760,697,719,657,628,639,650,596,600,593,485,480,414,439,459,395,395,367,368,307,299,347,260,263,231,238,223,248,164,182,165,168,150,154,124,76,92,116,82,57,73,61,62,49,60,42,36,57,28,27,29,41,17,27,8,12,11,17,15,8,7,12,6,11,3,8,19,3,3,7,7,2,1,0,1,0,3,2,0,0,1,0,0,0,1,1,0,0,0,0,0,0,0,0,0,0,0,0,0,0,0,0,0,0,0,0
3,2,1,13,1,12,8,1,10,22,8,12,14,25,11,31,28,34,32,41,38,57,65,47,57,60,107,102,120,86,99,108,131,176,161,204,193,212,243,255,290,291,326,369,364,441,402,441,429,479,548,535,619,577,675,588,630,639,751,750,740,845,838,799,827,874,786,812,932,900,922,1000,927,995,969,982,972,873,935,958,910,958,922,997,871,1004,806,905,822,812,795,785,826,760,691,683,686,638,628,600,615,518,643,540,505,455,415,433,408,375,352,329,326,320,287,294,247,247,223,229,209,256,176,181,157,161,126,112,113,111,88,102,83,58,70,59,64,48,53,35,45,48,23,22,28,28,22,21,20,18,13,19,12,5,8,18,11,8,3,10,13,3,3,2,2,1,4,1,0,1,4,2,0,0,0,0,0,0,0,1,0,0,0,0,0,0,0,2,0,0,0,1,0,0,0,0,0,0,0,0
3,7,2,10,2,10,13,3,14,14,8,16,13,31,25,38,43,24,35,36,48,48,48,43,69,72,97,90,110,136,71,106,133,184,169,178,207,215,219,264,279,296,313,380,344,426,386,452,398,502,523,535,591,554,637,632,623,640,745,729,714,834,829,819,799,859,781,745,911,933,939,838,894,933,1007,987,962,851,888,936,875,913,900,888,868,805,852,846,834,722,821,752,714,710,728,665,660,597,618,571,576,477,553,515,460,443,367,405,413,370,371,287,312,315,265,303,244,208,211,213,218,178,151,161,148,111,145,135,99,91,69,113,77,42,69,74,41,53,41,26,39,45,33,26,33,26,22,25,12,17,10,15,12,7,10,6,6,12,5,9,7,7,6,3,5,6,2,1,2,1,2,5,0,0,0,0,0,0,0,0,0,0,0,0,0,0,0,0,0,0,0,0,0,0,0,0,0,0,0,0
1,6,2,9,2,8,8,0,10,10,8,17,11,22,20,33,33,23,31,49,57,50,54,31,67,58,91,112,104,112,97,131,136,162,176,202,203,204,220,292,268,311,273,357,341,418,427,449,430,499,518,564,591,563,618,554,620,703,701,728,790,767,845,779,834,822,775,764,912,883,925,936,891,923,907,945,861,879,828,908,917,989,868,867,850,863,819,802,763,772,744,754,764,657,670,615,628,578,591,535,551,499,534,521,445,434,415,363,409,333,362,297,305,279,238,249,236,186,201,213,212,176,158,148,158,134,144,122,88,88,72,86,97,65,79,51,48,51,40,27,44,39,26,22,19,30,20,30,14,9,9,11,5,11,9,8,9,8,5,9,8,5,6,6,4,6,5,0,0,0,0,1,0,0,1,0,0,0,2,1,0,0,0,0,0,0,0,0,0,0,0,1,0,0,0,0,0,0,0,0
2,2,6,13,1,11,7,1,5,15,10,7,18,14,8,26,31,37,26,39,59,53,65,43,87,58,102,87,95,103,121,97,143,163,145,168,182,222,219,293,266,309,300,349,327,396,376,451,408,445,578,566,597,556,648,555,590,611,739,723,697,780,773,752,799,805,791,760,874,887,844,931,844,886,917,898,891,863,874,852,821,867,837,887,829,849,789,803,785,667,719,779,697,676,619,636,602,585,568,548,521,514,501,477,452,434,371,356,448,318,298,298,294,290,255,232,205,196,210,203,169,164,141,142,137,139,139,110,108,94,75,102,93,57,63,59,57,52,50,37,34,38,28,28,33,27,8,27,10,13,5,13,11,5,5,5,10,7,1,9,14,5,5,7,4,4,0,0,0,0,5,0,0,0,3,0,0,0,1,2,0,0,0,0,0,0,0,0,0,0,0,1,0,0,0,0,0,0,0,0
7,5,0,13,2,11,7,2,12,26,9,11,12,18,13,22,33,22,40,37,49,54,59,39,75,53,94,113,117,103,86,118,120,162,153,176,172,205,214,273,285,289,304,369,388,416,378,430,423,507,539,527,573,615,653,596,578,626,726,668,640,763,791,734,851,816,702,758,862,860,866,885,832,856,839,881,904,872,817,849,830,866,779,874,788,816,722,773,788,719,727,683,738,664,653,563,603,524,519,492,516,457,482,496,414,397,341,364,379,301,352,275,292,250,236,220,202,169,175,203,180,174,126,144,134,147,131,101,100,94,67,97,82,53,59,55,53,45,41,31,51,37,26,34,25,21,14,20,16,13,7,19,9,6,8,4,4,5,0,4,9,4,2,2,1,4,0,0,0,1,1,2,0,0,0,0,0,0,1,2,0,0,0,0,0,0,0,1,0,0,0,0,0,0,0,0,0,0,0,0
5,3,3,11,1,8,6,2,8,27,6,5,13,18,17,32,34,23,37,41,57,56,56,55,57,68,88,94,128,98,101,111,133,178,154,186,165,196,243,265,273,257,283,382,321,390,371,373,435,505,463,563,563,541,628,591,610,617,669,683,690,721,756,709,716,767,721,746,878,854,867,871,790,792,888,892,857,816,759,819,841,819,783,790,799,767,709,688,739,664,729,612,675,628,539,560,572,551,537,495,484,436,472,435,425,441,294,345,362,313,293,256,251,256,232,259,206,186,175,213,174,154,135,139,112,132,141,112,95,75,62,84,70,49,60,50,50,32,42,28,38,33,24,24,25,23,15,17,14,20,9,6,6,8,5,14,5,3,2,7,10,4,4,7,5,4,0,0,1,0,1,2,0,0,1,0,0,0,1,0,0,0,0,0,0,0,0,0,0,0,0,0,0,0,0,0,0,0,0,0
6,6,0,10,2,11,11,1,6,22,10,9,17,27,8,25,37,19,28,40,40,62,60,43,69,65,94,96,114,100,95,115,135,159,172,171,195,224,227,282,272,242,302,377,336,375,387,422,457,474,506,510,523,586,620,550,592,639,698,674,665,738,727,696,781,758,711,781,887,878,773,897,791,823,793,817,849,771,794,800,763,842,757,802,744,723,749,715,713,637,644,664,614,606,582,510,551,525,462,453,431,439,474,391,411,387,327,335,327,278,305,283,243,256,208,247,176,158,182,172,153,158,112,135,131,115,119,114,77,88,66,78,61,36,51,47,36,39,41,35,30,29,25,20,25,25,19,16,12,14,12,13,7,5,5,6,3,6,1,3,6,5,1,7,2,2,1,1,0,0,5,3,0,0,0,0,0,0,0,0,0,0,0,0,0,0,0,1,0,0,0,1,0,0,0,0,0,0,0,0
3,3,7,10,1,6,9,1,5,18,9,11,9,27,11,25,32,31,29,37,46,47,51,42,75,53,73,120,108,117,93,100,125,176,153,149,192,194,212,240,248,288,275,332,311,368,389,431,411,477,482,504,535,531,639,551,574,630,641,675,658,734,753,729,738,745,737,703,831,802,771,807,759,804,803,837,786,741,787,798,732,780,788,742,800,718,640,682,682,607,643,625,628,600,565,491,519,526,468,482,455,365,444,461,375,352,293,316,319,271,280,234,273,245,229,220,185,190,158,145,148,150,102,140,108,102,111,103,76,67,60,65,66,50,62,51,41,40,32,22,35,33,24,23,25,27,17,19,10,25,5,7,10,9,4,10,7,5,5,7,4,1,1,8,2,4,2,0,0,1,4,3,0,0,1,0,0,0,1,0,0,0,0,0,0,0,0,0,0,0,0,1,0,0,0,0,0,0,0,0
1,5,1,7,2,11,4,0,9,20,8,16,12,21,18,34,31,25,24,45,45,51,69,41,71,52,79,105,102,103,94,109,134,191,175,182,180,197,224,257,262,282,292,321,335,355,356,395,417,482,473,528,536,520,566,523,527,598,655,667,662,700,698,644,778,679,670,698,835,722,787,805,716,812,787,765,798,730,696,722,734,713,691,764,696,718,598,670,665,593,617,575,632,566,533,482,489,491,423,454,432,407,382,419,378,348,296,296,319,235,276,256,236,195,208,199,183,168,150,167,149,133,111,114,100,110,103,102,91,72,55,77,76,58,49,32,44,43,39,30,27,26,22,21,19,22,11,24,11,13,4,11,4,5,9,8,9,2,2,6,5,1,5,3,2,7,3,1,0,0,4,3,0,0,0,0,0,0,0,1,0,0,0,0,0,0,0,0,0,0,0,0,0,0,0,0,0,0,0,0
5,2,2,8,5,14,6,2,9,14,3,12,14,19,11,28,41,30,38,30,50,45,58,40,72,63,77,94,95,99,99,108,122,149,136,148,169,203,202,277,255,293,280,346,305,394,400,399,394,447,441,501,559,493,593,520,520,617,671,606,633,720,695,648,709,741,645,674,730,759,721,751,723,683,810,757,781,665,733,776,764,721,644,721,696,680,596,638,624,590,593,629,573,509,488,465,459,449,409,406,371,383,408,375,330,355,273,316,282,256,262,230,230,226,173,178,183,169,125,142,150,139,104,117,87,93,103,93,62,65,65,67,61,41,41,44,49,31,30,26,39,44,22,17,14,16,16,20,8,11,10,8,4,10,7,6,3,5,2,5,4,3,1,6,3,6,1,0,1,1,2,1,0,0,0,0,0,0,2,2,0,0,0,0,0,0,0,0,0,0,0,1,0,0,0,0,0,0,0,0
4,7,1,8,3,9,7,2,8,16,3,7,11,13,16,27,43,35,33,29,56,40,54,35,72,42,83,86,107,96,99,122,114,167,167,169,172,219,197,254,266,238,286,317,343,380,339,360,419,443,485,502,520,513,560,510,569,583,657,647,625,667,658,658,729,717,688,631,763,693,776,769,707,726,762,756,687,710,721,753,622,688,663,665,694,645,597,599,637,528,594,571,535,534,543,479,471,433,414,366,377,354,404,369,328,308,283,296,295,226,220,250,227,198,189,176,178,162,139,154,154,150,104,124,102,107,102,95,75,80,61,71,61,45,44,35,36,39,29,25,16,33,16,9,14,17,11,11,15,13,6,11,7,8,7,4,9,8,3,4,10,2,4,5,5,4,2,1,1,0,2,0,0,0,1,0,0,0,0,0,0,0,0,0,0,0,0,1,0,0,0,1,0,0,0,0,0,0,0,0
3,2,1,8,2,14,8,1,9,25,10,14,10,23,20,29,36,21,24,31,45,54,55,43,62,64,95,100,99,92,99,120,118,171,129,187,199,195,194,258,248,267,297,326,333,350,368,344,382,461,451,476,490,516,541,490,542,546,648,624,609,656,651,655,676,663,680,635,726,705,695,734,686,658,692,690,730,681,676,691,694,693,688,667,645,648,577,565,648,541,530,522,526,554,477,427,445,406,372,385,382,349,394,328,312,322,263,270,278,216,240,218,188,205,153,218,158,117,130,169,142,146,107,96,91,82,102,92,61,74,49,57,62,47,42,37,28,33,42,22,32,27,14,19,19,21,12,18,6,11,9,13,6,4,1,9,4,6,1,12,5,5,5,2,4,4,2,4,2,1,0,1,0,0,0,0,0,0,1,0,0,0,0,0,0,0,0,0,0,0,0,1,0,0,0,0,0,0,0,0
3,6,1,5,5,7,5,1,12,26,14,5,11,24,10,23,30,34,25,47,29,42,55,37,66,77,82,106,95,113,75,106,110,155,144,129,156,207,214,269,228,242,236,343,325,347,334,377,385,413,436,514,530,546,540,487,536,530,630,591,624,674,673,616,646,667,624,613,744,689,723,766,633,682,756,747,695,666,606,716,670,668,662,637,576,652,582,581,604,500,512,548,505,462,507,407,420,367,393,396,355,360,344,331,321,329,255,271,265,235,230,207,190,198,171,153,139,149,131,136,122,156,93,114,80,97,99,83,77,48,55,41,60,43,39,41,39,34,25,25,27,29,16,14,20,14,10,17,16,13,5,11,1,9,4,5,6,4,1,5,5,3,1,4,3,3,1,0,1,1,2,1,0,0,0,0,0,0,0,1,0,0,0,0,0,0,0,2,0,0,0,1,0,0,0,0,0,0,0,0
2,3,2,8,3,6,8,3,12,18,3,10,11,21,17,31,25,37,25,27,41,59,52,57,70,55,69,69,70,96,88,94,127,126,152,171,183,181,203,248,241,230,246,297,322,353,366,362,378,438,434,481,487,517,557,505,504,544,630,561,535,691,653,608,629,678,600,612,712,669,661,677,615,701,700,728,706,622,618,636,591,686,611,639,618,604,552,534,594,521,559,507,472,474,445,384,395,396,415,346,394,316,376,291,337,268,241,254,285,228,239,197,171,197,157,170,146,127,120,152,120,120,96,95,113,92,88,86,62,61,45,66,48,39,37,37,25,32,30,31,25,30,19,15,20,19,7,18,3,6,5,9,6,4,7,3,5,7,1,2,4,4,2,6,2,2,1,1,2,1,3,2,0,0,1,0,0,0,1,0,0,0,0,0,0,0,0,1,0,0,0,0,0,0,0,0,0,0,0,0
0,4,2,10,2,9,6,2,6,12,6,9,16,26,14,26,33,28,36,45,52,41,47,26,55,49,80,81,97,100,99,98,126,167,137,161,174,172,190,243,233,221,254,304,287,354,390,386,344,391,429,465,478,482,552,462,507,518,575,567,609,658,674,584,636,649,613,608,682,654,594,690,611,633,660,657,643,692,625,601,627,599,562,599,613,608,551,551,540,503,517,505,466,463,447,419,398,393,377,330,343,320,341,283,277,245,254,259,267,228,223,193,201,177,163,196,119,119,146,126,115,113,98,90,98,97,81,80,58,58,55,59,44,32,45,43,41,22,25,18,29,37,14,19,13,21,4,18,10,10,3,11,6,4,5,8,9,2,3,5,5,5,1,6,1,5,0,0,2,0,1,3,0,0,0,0,0,0,1,0,0,0,0,0,0,0,0,0,0,0,0,0,0,0,0,0,0,0,0,0
2,1,2,6,1,11,5,0,11,16,6,7,13,16,10,25,33,22,33,33,43,47,44,43,56,45,81,84,94,95,79,128,88,133,138,175,166,194,223,258,246,257,246,338,330,335,340,381,379,447,414,424,511,498,530,469,457,545,541,586,555,586,631,580,589,629,574,613,663,717,663,653,629,596,650,631,633,571,583,578,624,578,542,586,559,554,517,505,486,473,486,489,495,440,444,389,403,360,370,328,370,335,332,308,292,231,217,233,235,200,171,186,153,191,158,140,140,124,120,142,109,114,69,93,80,86,65,69,46,38,50,56,48,45,38,24,25,31,26,16,28,24,15,17,20,13,8,16,6,7,10,9,6,5,6,2,6,5,0,4,2,3,1,1,3,1,2,0,0,0,3,0,0,0,0,0,0,0,0,0,0,0,0,0,0,0,0,1,0,0,0,0,0,0,0,0,0,0,0,0
2,2,3,9,4,7,12,3,6,7,6,5,12,19,14,22,21,27,19,30,45,43,56,34,65,66,82,93,113,103,72,90,123,138,146,164,174,198,205,241,202,221,226,316,273,324,310,370,333,396,433,461,458,448,510,453,499,500,585,561,575,578,635,575,648,636,573,564,589,638,606,640,569,604,582,657,625,573,579,594,553,575,550,579,555,522,510,537,519,482,456,471,427,447,433,357,342,331,327,328,332,269,312,308,253,269,250,220,256,181,197,162,187,175,160,154,125,101,111,111,125,122,96,92,75,79,78,79,68,59,47,47,43,31,29,34,36,20,28,25,18,15,14,17,15,23,10,16,10,14,6,15,8,4,1,7,3,4,1,5,1,4,2,2,0,5,0,1,0,1,3,1,0,0,0,0,0,0,1,1,0,0,0,0,0,0,0,0,0,0,0,1,0,0,0,0,0,0,0,0
5,3,5,4,1,10,8,1,2,18,5,10,14,27,9,21,27,14,23,43,41,53,55,47,56,46,82,90,86,93,78,103,124,153,142,150,161,171,190,221,242,252,272,326,292,336,333,346,377,406,426,457,453,467,510,437,464,537,575,579,546,545,640,591,578,626,572,572,613,619,681,656,551,602,598,594,615,587,563,591,559,523,556,555,550,481,449,470,496,457,461,438,406,419,372,375,373,348,376,309,324,295,300,273,253,226,206,239,222,178,176,194,170,155,136,143,134,131,109,95,111,89,93,89,92,87,83,78,48,52,43,53,33,29,33,32,38,23,24,13,23,23,12,11,14,9,10,23,7,8,2,9,4,7,6,5,5,2,4,4,7,3,4,2,1,3,1,0,0,2,2,1,0,0,1,0,0,0,0,2,0,0,0,0,0,0,0,0,0,0,0,2,0,0,0,0,0,0,0,0
5,3,0,9,1,5,5,3,6,13,4,8,9,12,10,22,24,27,23,32,39,59,61,32,42,62,86,78,100,94,72,102,111,146,151,154,135,154,183,218,208,232,269,290,313,325,338,336,327,396,402,429,448,459,486,445,449,502,573,511,475,611,548,546,568,572,533,550,659,602,632,626,563,584,583,587,603,567,569,568,545,612,518,571,529,512,453,476,504,455,463,425,417,395,401,350,355,341,323,311,296,287,272,304,267,250,196,207,224,178,182,163,164,152,126,143,116,129,118,88,95,88,71,94,82,87,65,69,59,39,38,44,46,31,14,29,34,18,26,23,24,16,12,19,15,13,10,15,3,10,2,3,7,7,4,6,6,2,0,3,1,4,1,6,4,4,1,3,1,2,2,2,0,0,0,0,0,0,1,0,0,0,0,0,0,0,0,2,0,0,0,0,0,0,0,0,0,0,0,0
1,3,1,8,3,9,10,1,6,12,8,7,8,17,5,27,28,22,31,33,38,46,57,25,56,46,109,85,85,94,75,101,104,144,126,123,186,172,181,226,220,219,258,302,270,337,316,313,335,398,392,373,476,451,490,414,446,508,553,493,528,557,568,531,540,581,536,526,617,607,583,624,568,548,586,616,598,548,524,520,529,562,471,489,528,500,478,468,459,412,394,432,393,382,347,302,348,319,324,285,277,283,265,249,253,233,186,207,224,194,157,168,186,152,144,124,121,107,94,105,91,93,71,69,68,65,77,63,41,50,41,52,48,17,29,35,36,21,20,21,9,20,17,14,11,12,7,12,12,10,5,9,4,5,6,5,5,0,1,2,3,2,1,2,2,5,0,0,0,2,0,0,0,0,0,0,0,0,4,1,0,0,0,0,0,0,0,0,0,0,0,2,0,0,0,0,0,0,0,0
1,0,4,12,1,9,7,2,8,19,9,11,15,17,12,22,29,22,23,39,53,44,53,44,54,65,94,85,83,88,69,94,106,142,123,133,135,165,184,248,204,237,234,317,242,301,322,336,320,360,355,450,419,411,511,438,483,460,527,512,491,510,544,535,555,554,488,540,576,596,561,595,510,503,561,601,578,529,481,563,454,533,500,513,477,503,433,421,455,403,436,409,368,363,358,331,320,303,299,275,269,261,272,265,209,253,191,211,188,170,165,137,143,146,146,122,112,79,104,99,104,93,81,82,62,66,61,51,47,36,43,46,39,25,22,31,32,27,29,21,13,18,15,9,13,15,12,9,3,6,9,5,3,8,4,8,5,7,2,4,5,1,1,1,7,2,2,2,2,0,2,0,0,0,0,0,0,0,0,0,0,0,0,0,0,0,0,0,0,0,0,0,0,0,0,0,0,0,0,0
1,5,3,7,3,9,8,2,8,11,4,9,9,16,9,25,18,30,20,42,47,46,41,33,60,45,80,74,88,88,83,87,112,147,132,138,149,170,195,242,190,219,246,303,272,300,281,333,326,399,402,399,426,430,461,386,457,457,488,467,523,523,559,532,553,523,516,520,580,523,551,540,527,523,539,557,566,509,503,508,539,507,470,487,439,469,452,423,407,378,432,441,377,349,368,314,306,285,279,274,254,241,264,259,171,238,184,212,200,143,171,130,137,122,118,119,98,97,103,94,88,93,75,82,76,65,65,60,48,56,44,53,33,25,26,23,30,25,24,23,25,15,9,10,21,14,8,19,8,5,5,5,4,5,6,8,4,0,2,3,5,3,3,3,5,3,1,0,1,0,2,1,0,0,1,0,0,0,1,1,0,0,0,0,0,0,0,0,0,0,0,2,0,0,0,0,0,0,0,0
1,5,0,10,1,7,4,4,2,17,5,4,11,17,12,30,28,27,23,41,51,37,55,32,67,46,72,87,73,77,67,82,103,124,134,152,169,162,186,218,203,204,245,285,259,293,282,314,316,382,350,387,402,403,395,413,428,485,485,449,484,509,516,468,519,549,484,493,580,526,564,532,529,533,551,490,533,500,506,502,450,483,447,447,489,435,450,410,423,421,384,399,366,356,317,296,324,317,252,305,226,245,273,255,211,216,169,171,190,148,155,146,144,133,90,130,108,80,96,81,80,108,73,65,53,55,68,54,45,46,31,34,38,25,26,24,24,25,15,19,10,14,10,6,13,17,6,14,10,8,5,6,5,6,3,6,7,7,2,5,2,3,3,0,2,4,1,0,2,0,2,1,0,0,0,0,0,0,1,0,0,0,0,0,0,0,0,0,0,0,0,0,0,0,0,0,0,0,0,0
2,3,0,8,0,10,11,1,5,22,6,11,9,21,15,20,31,20,28,37,33,49,59,42,59,40,80,71,78,83,63,87,91,137,143,148,151,171,186,182,236,232,229,269,268,333,306,300,307,352,387,384,411,409,444,401,412,407,502,448,499,501,549,495,511,503,515,497,611,559,571,549,492,495,513,479,497,467,506,495,465,502,454,467,418,434,366,373,401,348,386,384,349,320,336,272,281,272,246,271,292,256,253,229,220,212,172,174,166,147,167,154,145,144,116,113,112,96,76,101,102,74,65,93,40,51,54,62,66,39,27,33,34,17,29,21,31,14,21,23,21,29,13,7,8,17,7,15,6,8,3,6,2,4,0,5,3,3,3,4,2,0,2,3,1,2,1,0,0,2,4,0,0,0,1,0,0,0,2,1,0,0,0,0,0,0,0,0,0,0,0,0,0,0,0,0,0,0,0,0
4,2,2,7,3,3,8,0,2,12,4,10,10,18,8,26,25,22,24,36,26,38,40,35,54,53,74,78,76,74,66,95,91,106,103,138,151,159,207,227,208,214,208,294,218,299,280,311,311,346,354,379,418,419,428,379,387,443,492,500,451,458,523,509,462,524,471,502,528,514,491,522,464,503,524,512,499,461,441,444,449,482,438,437,455,413,417,384,443,354,376,343,364,352,316,256,291,289,268,250,223,212,238,205,190,210,169,188,175,144,146,124,137,122,99,119,99,93,74,98,84,64,50,55,59,64,71,41,32,42,22,43,30,30,24,29,20,24,16,16,28,19,9,9,10,10,4,13,11,4,3,8,6,4,2,5,4,4,1,4,5,6,3,3,1,1,1,0,2,0,0,1,0,0,0,0,0,0,0,0,0,0,0,0,0,0,0,0,0,0,0,0,0,0,0,0,0,0,0,0
3,2,2,9,1,6,4,1,7,14,7,9,13,14,14,24,21,22,23,24,40,42,45,36,56,41,82,60,88,81,81,101,101,109,137,170,142,143,181,178,194,223,218,271,240,300,274,315,301,356,326,380,383,400,394,401,391,417,485,477,473,517,502,442,465,471,468,491,555,498,487,508,479,480,487,526,500,463,434,444,450,456,398,398,409,437,369,412,350,312,354,316,334,299,288,286,277,287,271,235,224,218,264,222,181,177,166,150,172,149,118,121,113,105,97,124,97,91,93,87,81,85,60,60,62,49,60,55,44,35,30,39,35,26,20,27,23,22,13,18,15,22,11,13,11,13,5,5,3,3,5,6,3,2,3,5,6,3,0,2,3,0,1,2,4,0,1,0,0,0,0,0,0,0,0,0,0,0,2,1,0,0,0,0,0,0,0,0,0,0,0,1,0,0,0,0,0,0,0,0
0,3,2,11,5,7,13,1,6,12,5,10,8,22,10,24,24,25,27,41,48,41,50,32,44,41,74,75,85,100,71,81,109,128,122,124,135,151,154,205,179,185,182,252,217,301,283,299,272,304,323,340,373,404,395,379,396,433,480,443,408,464,466,441,474,519,464,426,518,496,545,464,445,475,503,517,460,429,428,494,423,433,368,422,407,410,367,373,366,345,342,334,297,307,293,254,257,256,248,205,258,191,221,202,196,167,148,150,178,115,137,128,107,95,87,106,114,75,63,82,78,73,54,65,66,65,56,50,33,44,28,31,27,17,24,19,29,28,17,14,13,18,16,14,12,9,10,5,7,7,0,6,3,4,4,6,7,4,3,3,1,1,2,0,2,1,0,0,1,0,2,0,0,0,0,0,0,0,0,0,0,0,0,0,0,0,0,0,0,0,0,0,0,0,0,0,0,0,0,0
2,0,3,2,1,12,6,1,8,11,6,7,8,18,9,18,25,16,22,25,43,41,47,29,56,54,84,70,69,95,71,83,95,118,121,119,144,148,165,192,175,198,187,267,217,268,248,284,280,321,343,364,399,361,405,348,375,401,460,466,424,453,457,433,472,454,439,429,535,438,482,501,423,473,443,482,436,444,405,458,420,448,330,424,363,381,348,335,350,309,342,325,302,326,299,263,251,255,253,217,212,220,214,176,179,179,135,155,170,139,132,96,124,130,102,106,83,76,57,99,86,58,52,59,57,55,60,53,48,28,20,32,32,24,21,21,25,9,20,13,19,14,9,7,15,12,5,10,8,7,6,7,6,3,3,6,2,2,0,9,3,1,1,3,4,2,1,0,0,0,1,4,0,0,0,0,0,0,1,0,0,0,0,0,0,0,0,0,0,0,0,1,0,0,0,0,0,0,0,0
1,0,2,7,4,8,7,1,5,10,2,5,14,20,11,24,18,20,19,28,32,35,42,35,50,51,70,73,72,77,58,85,83,118,102,123,149,143,164,195,178,186,180,231,228,276,263,283,266,301,327,320,377,345,395,329,379,356,462,389,406,431,480,442,418,488,438,399,511,480,466,463,415,479,438,451,458,420,420,406,411,415,362,388,400,418,351,320,346,351,316,341,318,299,263,252,232,225,248,227,218,210,200,190,186,171,137,149,183,134,129,119,107,125,95,106,72,69,77,79,63,62,50,78,59,55,54,64,41,48,26,30,29,14,27,27,21,18,16,15,20,12,16,14,13,20,6,13,3,3,6,7,4,3,4,6,2,4,0,2,2,4,5,3,1,0,3,1,0,0,2,0,0,0,1,0,0,0,2,1,0,0,0,0,0,0,0,0,0,0,0,1,0,0,0,0,0,0,0,0
2,2,2,5,2,7,3,2,2,11,3,5,12,10,10,29,34,24,14,34,36,48,43,23,51,43,76,73,83,75,65,73,77,131,107,131,141,148,147,185,145,174,191,256,216,291,268,267,287,334,344,350,328,389,335,335,374,421,433,413,385,449,475,379,430,442,436,398,448,424,449,468,438,464,425,463,429,396,381,380,387,411,356,404,376,336,335,302,305,297,305,323,265,255,247,242,225,257,207,217,212,222,204,201,155,166,141,142,157,111,139,104,113,105,86,96,89,80,80,70,70,86,46,61,59,52,46,29,44,28,29,31,30,18,25,19,22,14,17,13,15,17,8,10,7,10,5,11,4,3,4,4,4,2,4,6,1,4,0,2,3,1,1,2,4,1,0,1,0,2,0,0,0,0,0,0,0,0,2,1,0,0,0,0,0,0,0,0,0,0,0,0,0,0,0,0,0,0,0,0
4,4,1,5,2,7,6,1,5,12,7,6,9,13,8,19,26,20,22,41,35,33,50,32,38,39,51,65,76,66,57,76,79,92,127,103,139,131,164,192,170,208,186,255,194,251,253,267,265,321,308,306,356,355,373,336,351,374,396,413,385,431,430,425,402,435,420,404,456,413,448,513,378,375,444,418,442,404,361,381,370,389,357,381,340,318,332,285,298,306,316,268,266,250,232,216,229,254,195,177,232,203,196,167,163,167,136,140,152,93,135,111,107,98,77,82,82,68,62,68,63,56,41,50,42,46,48,40,38,22,21,29,23,24,21,18,25,17,5,15,16,12,8,13,9,6,1,16,3,9,4,3,2,3,5,2,0,5,0,3,2,1,2,1,2,1,1,0,0,0,0,1,0,0,1,0,0,0,0,1,0,0,0,0,0,0,0,0,0,0,0,0,0,0,0,0,0,0,0,0
5,2,0,13,5,6,7,3,2,10,1,7,10,20,11,15,22,13,25,30,35,48,31,31,60,52,57,68,82,82,76,62,91,131,106,131,114,134,154,183,172,189,208,255,241,265,262,299,259,306,333,336,342,371,407,310,354,348,435,421,379,427,433,382,403,426,384,378,451,422,403,406,396,439,367,422,391,375,373,375,408,384,361,367,348,359,294,335,363,276,306,252,284,267,244,230,225,225,199,179,197,183,199,198,173,159,126,142,141,104,126,124,109,92,62,77,87,74,67,83,63,47,50,63,59,50,37,55,32,28,20,31,32,22,17,24,13,15,10,10,6,15,8,9,7,8,7,13,4,3,3,8,3,2,1,5,2,1,1,3,4,3,1,3,4,0,0,0,0,0,0,1,0,0,0,0,0,0,1,0,0,0,0,0,0,0,0,0,0,0,0,1,0,0,0,0,0,0,0,0
0,4,2,9,3,7,4,2,3,6,5,5,14,16,4,24,23,30,25,37,44,31,42,28,56,46,62,77,85,65,49,69,77,104,94,104,126,150,133,208,180,177,173,236,216,253,245,292,254,272,296,332,360,352,353,329,358,379,424,340,372,407,464,367,398,409,359,386,443,413,409,441,393,382,420,387,392,341,384,351,372,368,330,353,316,367,289,319,318,283,264,282,263,258,223,215,221,190,188,196,175,173,192,157,129,162,107,133,128,116,135,116,98,92,73,76,67,65,61,68,71,66,49,57,34,52,52,38,42,28,26,33,25,19,21,8,19,18,19,9,11,11,6,11,12,12,6,10,9,4,4,8,2,0,5,1,7,3,1,3,2,1,0,2,1,1,0,0,0,0,1,0,0,0,0,0,0,0,0,1,0,0,0,0,0,0,0,0,0,0,0,0,0,0,0,0,0,0,0,0
2,1,1,7,1,11,5,0,5,11,5,5,10,21,12,25,23,16,18,37,34,42,43,29,39,30,82,71,73,74,58,74,75,96,107,130,127,133,171,184,183,184,218,238,218,259,219,262,253,294,277,320,314,353,326,290,353,350,358,400,381,405,426,367,406,438,361,349,432,406,421,430,365,339,372,378,384,362,335,343,358,391,349,316,323,316,306,286,293,257,256,246,266,231,229,220,191,202,197,180,180,170,173,183,159,143,124,133,159,94,98,99,102,87,94,88,94,59,47,58,64,65,43,45,44,49,51,42,26,28,22,15,26,20,14,11,13,15,21,10,11,17,9,12,7,7,4,7,1,3,1,6,1,1,1,3,4,1,1,1,4,2,0,2,2,2,0,0,0,1,0,1,0,0,0,0,0,0,0,0,0,0,0,0,0,0,0,0,0,0,0,0,0,0,0,0,0,0,0,0
2,2,2,2,4,4,5,3,3,19,8,5,4,11,19,26,26,22,18,22,36,30,50,26,40,41,56,63,53,68,60,71,94,102,94,120,124,132,133,194,143,175,159,214,213,230,240,257,238,282,277,309,298,335,300,296,345,353,394,361,368,367,392,346,404,391,355,372,445,393,354,427,372,423,391,381,377,333,337,377,321,392,342,336,330,267,310,294,266,258,300,261,239,237,216,188,188,185,168,171,166,163,167,147,145,139,113,106,122,119,129,82,86,96,79,79,78,69,55,54,54,66,46,63,36,40,46,42,29,29,19,29,24,16,10,14,22,17,10,14,14,14,8,8,3,10,8,11,6,9,3,6,5,3,1,3,2,2,0,1,7,1,3,1,2,0,0,0,1,0,1,1,0,0,0,0,0,0,1,0,0,0,0,0,0,0,0,1,0,0,0,1,0,0,0,0,0,0,0,0
2,1,1,4,1,7,1,1,7,16,2,6,6,19,8,15,33,21,26,23,33,35,43,19,42,39,71,46,62,69,66,76,79,99,102,122,100,137,156,185,155,149,170,207,183,254,226,220,270,270,252,303,307,309,329,313,315,326,358,356,332,365,371,348,340,392,376,343,407,428,359,369,367,363,377,408,353,315,325,328,304,348,334,338,285,296,296,280,244,239,274,276,238,224,204,191,210,188,199,177,182,143,157,175,131,142,107,102,113,98,107,90,87,89,61,77,69,82,53,55,60,53,41,41,38,37,45,36,34,18,22,14,21,9,12,15,10,14,12,6,10,11,3,3,8,11,3,9,2,3,2,7,1,0,3,9,3,0,0,1,2,0,1,0,1,1,0,0,0,0,0,2,0,0,0,0,0,0,0,0,0,0,0,0,0,0,0,0,0,0,0,1,0,0,0,0,0,0,0,0
2,2,1,6,2,7,8,0,7,17,3,6,9,12,13,20,20,25,20,27,40,27,45,20,43,33,59,62,88,61,61,81,71,113,109,108,103,128,139,168,169,166,179,203,178,212,203,246,250,277,263,327,329,304,336,300,311,316,358,377,358,378,412,369,360,367,351,388,369,396,347,340,321,316,351,387,383,353,323,322,310,316,328,349,298,278,300,286,278,240,230,232,233,221,214,183,171,175,176,170,151,174,146,149,144,133,110,125,121,114,93,95,89,64,83,79,79,60,53,56,52,51,48,42,47,43,36,37,27,23,20,27,26,20,9,9,17,13,13,8,10,19,7,3,4,7,7,4,3,5,1,2,0,5,5,3,1,1,0,1,4,2,1,2,0,3,0,0,0,0,0,0,0,0,0,0,0,0,1,0,0,0,0,0,0,0,0,0,0,0,0,0,0,0,0,0,0,0,0,0
2,3,2,4,2,12,10,2,5,12,3,9,10,12,7,14,21,23,17,31,25,26,43,25,42,44,62,61,69,63,48,66,84,112,111,112,131,131,138,145,156,157,147,194,203,216,242,226,239,263,275,287,273,314,333,283,310,312,393,332,313,391,323,365,355,372,299,333,347,389,369,359,336,379,380,393,370,332,331,326,272,319,278,291,304,294,260,286,262,224,246,217,240,217,192,174,191,161,158,139,168,151,152,147,109,114,112,117,110,90,82,63,86,66,65,73,62,67,59,64,61,58,39,53,40,48,37,34,30,19,21,23,24,13,17,23,14,10,12,8,9,16,9,10,9,4,2,3,3,7,0,3,4,4,6,3,2,1,0,5,1,1,1,4,0,3,0,0,0,0,1,1,0,0,0,0,0,0,0,1,0,0,0,0,0,0,0,0,0,0,0,0,0,0,0,0,0,0,0,0
0,3,4,10,2,12,3,1,6,10,5,8,10,18,8,22,30,15,20,30,23,28,34,27,39,34,55,51,75,66,52,67,81,117,99,103,105,124,131,148,161,152,167,199,193,192,209,234,196,240,254,269,308,295,292,272,285,307,327,340,339,368,365,353,337,329,338,298,379,380,380,346,336,371,351,316,328,317,285,330,301,319,280,283,310,280,268,264,230,206,243,228,217,212,187,172,196,159,167,174,162,134,151,125,107,135,110,101,100,96,93,71,87,89,71,82,52,46,46,56,52,55,34,50,28,35,34,35,27,32,19,18,18,19,20,17,12,7,9,7,12,11,6,5,6,10,3,4,4,2,3,4,4,3,5,3,4,4,1,1,3,0,1,3,1,3,1,1,0,0,0,1,0,0,1,0,0,0,1,0,0,0,0,0,0,0,0,1,0,0,0,0,0,0,0,0,0,0,0,0
0,0,1,6,1,7,5,4,3,11,5,7,14,20,10,24,12,20,19,18,37,28,40,18,51,28,48,59,65,57,56,71,54,101,77,114,107,123,139,174,152,141,181,209,180,207,224,224,234,257,254,273,299,281,309,266,283,321,319,339,337,351,323,353,332,349,322,321,355,311,376,336,356,326,328,371,308,300,303,298,299,321,269,279,283,273,238,246,272,247,229,227,242,204,198,162,175,191,159,163,135,139,146,139,122,135,125,100,101,98,88,76,64,72,57,60,44,59,38,52,55,58,34,44,41,37,28,40,21,23,24,17,23,9,10,11,11,16,7,9,8,17,5,11,8,9,3,4,5,0,2,4,2,5,3,2,1,3,0,3,5,0,1,1,0,2,2,0,0,0,2,2,0,0,0,0,0,0,1,0,0,0,0,0,0,0,0,1,0,0,0,0,0,0,0,0,0,0,0,0
1,1,3,5,0,5,6,0,5,5,3,6,11,12,6,14,30,19,18,21,29,30,36,33,36,30,54,53,56,70,43,77,76,97,92,111,109,93,134,175,140,150,162,203,183,194,193,230,229,225,248,290,291,301,280,277,269,294,322,315,291,361,322,350,315,324,348,321,331,320,341,395,289,317,368,296,305,247,281,281,297,301,271,275,262,226,225,236,240,204,227,222,222,181,185,174,165,166,153,151,137,138,143,135,113,109,76,80,107,85,73,91,86,78,63,72,53,51,48,55,50,46,38,37,28,25,39,32,21,27,18,33,14,8,13,18,18,14,4,9,11,8,10,9,2,11,6,6,1,4,2,4,4,2,2,1,0,2,1,2,2,3,1,2,4,3,0,0,0,0,0,0,0,0,0,0,0,0,0,0,0,0,0,0,0,0,0,0,0,0,0,0,0,0,0,0,0,0,0,0
1,3,1,7,0,4,9,0,4,8,4,6,5,13,11,19,19,24,15,19,28,35,42,23,34,35,55,61,52,51,60,81,71,114,89,92,119,121,130,144,154,149,148,196,174,200,205,223,211,265,238,258,267,266,262,277,292,316,311,316,312,311,334,327,311,330,277,318,339,321,316,342,319,307,313,313,288,271,261,293,275,261,275,256,250,234,213,217,221,203,205,186,182,195,186,141,157,158,149,136,170,130,128,116,106,121,97,89,95,83,95,70,72,78,54,61,75,40,29,51,51,45,30,41,37,36,42,32,17,20,19,21,14,7,13,12,20,11,13,7,7,10,8,8,5,4,1,3,3,1,3,5,2,5,3,3,1,1,0,0,1,3,1,2,0,1,2,0,0,0,0,2,0,0,0,0,0,0,0,0,0,0,0,0,0,0,0,0,0,0,0,0,0,0,0,0,0,0,0,0
0,3,1,9,2,4,6,2,4,16,3,9,9,12,9,14,12,16,14,28,20,36,43,18,42,43,61,50,67,59,53,68,67,102,79,97,102,93,134,157,133,135,159,192,172,207,204,225,219,230,251,253,273,290,281,240,299,268,292,317,309,320,368,312,304,343,286,274,340,322,316,311,322,331,299,282,319,271,247,291,256,244,263,253,251,240,227,239,222,224,203,211,201,156,152,171,145,145,117,144,136,127,129,115,112,92,81,84,100,92,80,52,66,65,52,49,44,47,47,51,43,37,36,41,36,37,33,31,21,21,14,18,15,14,11,8,18,10,11,9,8,6,7,3,6,7,4,7,4,3,2,1,4,0,0,1,4,1,0,1,1,1,0,1,2,0,0,1,0,0,0,3,0,0,0,0,0,0,0,0,0,0,0,0,0,0,0,0,0,0,0,0,0,0,0,0,0,0,0,0
0,0,0,6,1,1,3,1,5,12,5,4,11,14,10,17,19,18,21,27,27,29,33,29,39,35,45,63,63,74,58,59,59,97,89,104,102,110,128,174,127,146,153,185,180,207,221,198,219,257,225,252,295,267,259,229,286,275,318,302,328,292,331,268,322,325,307,251,323,342,298,293,283,288,288,266,293,277,288,246,275,273,215,239,230,245,218,239,226,182,213,189,238,194,141,153,161,167,147,125,138,133,124,127,102,97,95,102,85,83,88,72,67,66,48,64,45,50,38,48,43,39,42,33,29,37,38,23,26,13,15,21,13,11,8,16,14,7,10,3,15,10,4,6,6,3,4,9,6,4,2,3,2,2,1,3,1,1,1,0,1,3,2,0,0,0,0,0,0,0,0,1,0,0,0,0,0,0,0,0,0,0,0,0,0,0,0,1,0,0,0,1,0,0,0,0,0,0,0,0
0,3,1,9,3,9,6,0,4,11,6,3,7,15,6,20,17,15,16,22,27,23,27,23,42,31,60,63,60,60,50,54,67,83,78,87,112,103,126,149,98,141,140,186,167,192,179,196,186,228,228,256,276,294,257,214,240,263,312,305,271,274,301,270,275,286,274,259,312,275,301,350,292,322,314,273,300,246,254,280,249,243,257,248,212,255,211,198,209,187,211,185,193,156,166,143,145,140,133,137,127,115,132,119,112,112,90,92,71,80,73,68,73,71,63,69,57,40,38,41,49,45,30,33,26,45,29,29,23,19,20,19,13,22,12,19,10,7,6,6,9,6,8,4,5,11,3,3,3,7,1,1,1,1,0,4,0,0,0,1,2,1,2,1,1,1,0,0,0,1,0,0,0,0,0,0,0,0,1,0,0,0,0,0,0,0,0,0,0,0,0,0,0,0,0,0,0,0,0,0
0,1,0,4,1,5,6,2,7,5,7,6,6,10,5,17,17,15,14,20,33,32,33,29,45,36,56,42,57,63,53,61,55,100,79,83,73,98,113,124,117,124,136,190,157,176,149,186,199,220,216,242,254,260,255,239,264,263,296,273,278,286,296,272,310,265,267,285,313,321,277,262,280,283,291,270,279,277,234,260,236,249,241,255,213,227,164,216,218,187,183,204,182,170,158,129,151,142,118,135,118,126,141,132,94,96,86,77,91,74,78,68,55,48,65,59,48,40,44,52,42,37,23,31,29,27,29,21,18,22,18,27,14,13,4,7,20,12,7,5,10,8,4,4,5,7,3,11,1,3,1,4,1,4,1,3,1,1,0,1,1,2,1,1,2,4,0,0,1,0,0,0,0,0,0,0,0,0,0,0,0,0,0,0,0,0,0,0,0,0,0,0,0,0,0,0,0,0,0,0
0,0,0,3,1,2,0,1,5,9,2,3,12,15,6,14,12,18,20,21,25,26,35,24,29,36,51,43,51,50,42,56,69,82,83,87,90,102,118,157,131,140,147,173,151,205,184,190,215,237,209,247,230,266,289,216,255,252,266,276,267,301,295,248,252,300,301,259,272,321,285,317,265,302,289,280,286,246,251,256,267,244,221,239,217,227,216,202,212,190,181,178,195,148,161,121,145,144,134,119,106,120,116,112,88,99,70,75,80,64,84,54,44,57,60,45,59,36,45,44,46,31,33,37,33,25,24,22,25,23,17,18,10,9,9,7,9,9,3,5,14,11,8,2,10,4,5,5,2,4,2,1,2,2,2,4,0,3,0,1,1,2,0,0,1,1,0,0,0,0,1,0,0,0,0,0,0,0,0,1,0,0,0,0,0,0,0,1,0,0,0,0,0,0,0,0,0,0,0,0
1,2,0,4,3,6,3,0,2,11,1,8,5,15,2,22,19,15,15,22,34,33,30,21,35,34,56,60,54,53,35,51,72,83,61,76,84,97,126,139,109,134,132,164,157,186,173,186,189,232,222,233,248,234,259,219,237,233,307,282,246,298,292,249,271,285,230,241,276,285,282,289,284,246,287,265,260,205,232,267,239,255,223,211,226,211,189,181,169,187,182,174,146,162,150,120,132,142,117,118,104,104,106,135,89,70,77,80,66,51,85,43,55,46,52,49,43,36,36,45,25,36,28,37,35,24,15,19,22,15,21,16,14,7,14,18,9,9,10,13,6,5,2,7,4,2,8,1,2,1,1,2,0,3,1,3,3,0,2,4,0,2,1,3,2,2,0,0,0,0,0,1,0,0,0,0,0,0,0,0,0,0,0,0,0,0,0,0,0,0,0,0,0,0,0,0,0,0,0,0
1,2,1,7,1,4,5,2,5,9,5,4,10,12,8,13,13,11,15,22,28,28,31,24,31,43,56,47,47,46,47,60,68,99,82,82,88,89,117,121,131,134,129,158,157,174,158,201,190,215,198,212,246,240,240,238,247,245,279,252,259,261,293,305,294,234,255,242,304,223,278,311,254,255,262,268,233,227,226,247,238,258,217,209,214,196,173,191,175,172,180,161,183,145,141,120,127,120,112,109,127,92,108,101,82,66,73,68,83,63,70,67,64,50,48,55,50,35,34,28,44,33,29,34,21,26,19,20,18,14,14,13,12,14,10,11,11,15,8,7,4,13,10,7,3,7,6,8,2,4,1,4,4,2,2,2,2,3,0,2,3,0,1,1,0,2,0,0,0,1,1,0,0,0,0,0,0,0,0,0,0,0,0,0,0,0,0,0,0,0,0,1,0,0,0,0,0,0,0,0
2,1,1,8,1,9,1,2,8,8,4,8,10,12,6,23,20,18,12,23,25,22,33,16,28,28,45,61,56,57,48,56,64,86,66,72,83,95,103,144,102,113,108,186,144,167,158,195,202,225,202,237,218,224,261,227,200,254,282,276,242,253,272,263,253,271,261,251,290,275,250,274,257,264,261,244,241,210,219,217,203,224,201,243,224,186,204,186,168,164,168,151,177,145,132,138,132,99,116,103,101,103,94,116,83,93,67,71,71,73,53,54,63,67,47,57,39,39,33,43,32,33,23,27,23,25,22,23,22,18,15,17,17,4,18,7,11,8,8,8,5,6,8,6,4,3,3,5,5,5,4,0,2,2,1,1,5,1,1,0,3,1,0,2,1,0,0,0,0,1,2,1,0,0,0,0,0,0,2,0,0,0,0,0,0,0,0,0,0,0,0,0,0,0,0,0,0,0,0,0
1,1,0,6,3,5,5,1,4,12,6,3,7,15,4,16,16,13,18,24,19,27,33,20,41,27,44,49,59,56,36,60,55,93,70,74,88,100,108,115,118,103,129,161,156,161,138,186,177,210,223,209,260,212,237,221,226,263,241,212,246,249,298,255,248,245,250,221,257,241,254,258,228,250,215,250,273,233,211,215,208,231,185,193,181,175,176,174,177,171,160,169,180,127,129,130,115,120,125,99,115,103,91,88,86,94,64,78,69,66,75,79,57,50,43,45,35,26,35,33,34,38,35,35,28,25,32,30,15,19,15,16,14,12,6,9,15,7,5,6,8,4,10,1,11,4,7,5,1,0,4,3,2,2,0,2,2,0,1,1,2,1,0,1,0,1,0,0,0,1,1,0,0,0,0,0,0,0,0,0,0,0,0,0,0,0,0,0,0,0,0,0,0,0,0,0,0,0,0,0
0,2,0,1,1,5,3,2,2,7,2,5,13,18,4,12,20,7,7,16,21,28,32,23,32,23,47,40,52,51,46,74,65,85,67,66,83,87,89,133,124,123,115,156,162,158,165,170,157,221,192,236,235,202,223,204,208,221,251,254,255,240,216,232,233,255,229,233,280,243,220,248,243,255,266,224,223,213,227,229,204,180,193,193,206,188,182,161,153,140,146,144,159,148,141,112,124,122,98,105,97,85,87,88,83,71,74,77,60,59,57,53,56,52,40,35,32,44,43,37,24,35,40,35,26,24,29,19,17,16,22,14,14,7,9,6,14,6,10,4,8,8,6,7,4,2,4,5,0,2,2,5,3,5,2,2,1,0,0,0,3,1,0,0,0,2,0,0,0,0,1,1,0,0,0,0,0,0,0,0,0,0,0,0,0,0,0,1,0,0,0,0,0,0,0,0,0,0,0,0
0,2,1,4,1,3,7,3,2,6,3,6,6,11,8,17,18,10,17,18,21,27,36,14,26,16,50,38,46,42,38,69,42,74,69,80,75,97,114,107,89,115,118,127,147,157,173,179,191,175,199,198,221,211,245,209,228,250,229,250,245,259,265,251,253,261,251,226,230,227,230,267,226,223,252,227,242,227,243,202,198,191,204,197,170,191,164,169,157,141,172,129,140,127,129,105,124,104,114,94,96,107,86,87,79,85,75,73,78,53,53,51,49,62,37,52,44,33,31,30,34,33,19,30,25,28,19,20,21,19,19,16,20,9,12,10,7,12,5,5,5,15,5,4,1,5,3,7,3,3,3,6,0,2,2,1,3,2,2,1,1,0,1,2,1,2,0,0,0,0,1,0,0,0,0,0,0,0,0,1,0,0,0,0,0,0,0,0,0,0,0,0,0,0,0,0,0,0,0,0
3,2,2,5,0,6,6,0,2,5,4,5,5,11,9,22,21,12,12,20,25,17,31,11,32,24,52,43,44,47,52,52,55,80,77,74,84,94,94,114,115,126,108,156,146,162,175,173,166,176,182,190,197,207,221,210,212,206,226,225,215,246,251,249,242,237,235,218,245,244,246,254,212,204,227,260,223,196,180,204,187,200,179,192,178,163,167,146,138,149,136,139,131,127,139,108,117,123,86,98,92,83,90,101,96,78,58,71,60,57,53,51,56,44,43,53,39,32,19,33,29,44,23,24,23,15,26,26,11,16,12,13,16,4,19,7,16,9,12,10,6,6,6,1,6,1,3,1,3,3,4,3,1,1,3,1,0,1,0,2,0,0,0,2,0,1,0,0,0,0,0,0,0,0,0,0,0,0,0,1,0,0,0,0,0,0,0,0,0,0,0,0,0,0,0,0,0,0,0,0
0,1,1,1,3,3,4,1,6,9,3,4,6,13,6,20,16,18,10,17,11,24,35,20,29,18,33,45,45,53,27,36,55,81,70,83,100,102,98,99,118,117,123,139,128,164,151,171,182,160,203,179,226,209,219,183,201,234,247,230,173,257,248,202,219,254,212,231,266,224,252,246,206,200,214,222,198,201,211,201,178,172,191,166,162,175,157,146,161,137,156,139,138,146,104,113,104,85,106,102,88,68,93,88,69,86,50,59,61,53,66,42,49,40,36,42,38,32,27,37,27,30,23,20,26,13,23,22,14,8,16,14,13,7,9,8,10,10,6,5,3,8,4,9,1,4,3,5,3,1,0,2,2,3,1,2,2,1,0,0,2,0,1,1,0,1,2,0,1,0,0,0,0,0,0,0,0,0,0,0,0,0,0,0,0,0,0,0,0,0,0,0,0,0,0,0,0,0,0,0
0,1,0,2,0,4,3,3,4,7,8,6,7,14,14,11,19,14,9,16,37,19,31,9,44,38,28,36,53,42,29,45,59,75,71,74,85,93,89,105,109,125,125,140,139,131,151,165,174,185,182,184,195,199,203,184,203,210,247,230,237,237,251,204,207,196,228,216,243,222,258,221,194,199,235,219,215,200,187,197,197,179,173,192,146,188,165,158,148,127,143,135,129,121,117,101,120,99,75,95,84,74,98,82,79,64,52,56,46,50,64,50,40,42,39,39,49,28,22,30,45,28,20,25,22,21,13,25,19,13,16,20,16,11,6,11,9,7,7,6,6,9,1,3,4,2,2,8,1,2,3,1,0,1,2,3,2,1,0,0,0,0,0,0,0,0,0,0,0,0,1,0,0,0,0,0,0,0,1,0,0,0,0,0,0,0,0,0,0,0,0,0,0,0,0,0,0,0,0,0
3,1,0,3,1,3,1,1,4,9,2,5,9,3,4,16,12,8,10,15,21,22,23,21,31,21,45,34,45,35,53,31,53,71,68,64,79,88,101,104,98,109,121,143,120,148,175,151,139,167,166,177,212,192,206,195,202,211,219,232,215,234,222,201,208,222,204,187,262,228,212,225,206,209,222,209,213,183,199,173,178,164,166,148,178,159,148,156,149,116,132,132,133,109,116,83,115,87,107,87,91,72,91,73,88,68,63,55,73,60,65,53,55,44,49,39,41,28,28,37,27,39,19,29,23,15,28,27,19,14,12,12,12,2,8,6,6,3,3,4,8,4,3,3,5,3,2,2,1,3,2,3,1,1,2,2,1,1,0,1,3,0,2,0,1,2,0,0,0,1,1,0,0,0,0,0,0,0,0,0,0,0,0,0,0,0,0,0,0,0,0,0,0,0,0,0,0,0,0,0
0,2,3,6,4,7,5,1,3,11,2,3,8,12,8,13,20,11,8,20,31,28,25,12,26,24,41,42,51,40,47,45,45,91,52,70,81,76,95,102,102,104,104,142,126,142,152,156,136,155,166,179,171,176,211,196,186,190,218,238,221,223,220,230,186,238,209,167,207,212,208,221,195,237,197,194,224,193,175,164,173,171,181,154,142,182,155,140,130,132,141,151,116,89,110,106,81,97,84,76,83,78,80,73,67,69,57,73,72,53,66,41,42,39,44,30,32,26,29,38,27,32,28,20,17,24,19,18,13,13,12,13,16,12,7,8,6,4,5,5,5,2,3,5,4,3,6,3,1,2,3,1,0,1,1,3,5,1,1,2,2,0,3,1,0,2,1,0,0,0,0,0,0,0,0,0,0,0,0,0,0,0,0,0,0,0,0,0,0,0,0,0,0,0,0,0,0,0,0,0
0,0,2,3,2,2,2,0,3,10,1,3,1,7,9,10,13,14,12,11,31,25,25,18,22,24,29,41,46,42,36,54,56,73,52,65,80,79,79,113,87,94,130,137,136,158,123,137,136,179,182,157,209,197,176,193,192,201,219,198,195,203,223,211,206,217,198,216,261,214,185,215,191,183,196,195,212,193,172,186,187,205,149,145,143,154,131,151,117,146,139,101,116,125,106,84,93,93,103,86,62,82,88,76,64,61,45,52,59,55,47,39,43,31,38,29,25,27,27,34,26,27,18,18,17,24,16,9,17,11,12,10,12,6,10,9,5,3,7,9,3,4,9,6,3,2,4,5,3,4,2,2,1,0,2,0,0,0,0,3,0,0,0,0,0,0,0,0,0,0,0,0,0,0,0,0,0,0,0,0,0,0,0,0,0,0,0,0,0,0,0,0,0,0,0,0,0,0,0,0
0,3,1,2,3,4,7,1,2,10,1,1,8,12,5,13,13,8,11,17,18,18,26,23,37,22,38,42,47,37,45,50,44,75,61,67,71,83,67,112,89,93,87,130,139,139,137,152,137,177,157,169,152,203,182,169,198,181,225,193,201,203,193,194,217,196,183,181,207,231,185,234,171,175,172,195,213,178,188,173,166,168,162,153,136,157,140,129,132,132,142,120,134,107,118,83,75,86,77,62,80,85,69,76,68,62,49,48,64,46,45,35,54,32,33,35,40,26,28,25,30,26,25,16,21,12,20,15,10,11,13,12,10,9,9,8,8,6,8,5,5,4,3,2,3,3,2,5,1,3,1,3,1,1,0,1,2,3,0,1,3,1,0,1,2,1,1,0,0,1,0,0,0,0,0,0,0,0,0,0,0,0,0,0,0,0,0,0,0,0,0,0,0,0,0,0,0,0,0,0
1,2,0,8,0,4,4,1,3,6,5,7,4,16,7,15,21,11,14,22,25,17,26,15,25,25,33,46,40,39,38,48,47,77,62,74,80,72,80,121,92,102,109,155,126,145,142,144,123,138,155,188,178,161,191,170,183,209,202,191,186,199,218,201,196,229,180,187,192,209,197,198,186,180,193,178,156,157,163,181,150,143,163,159,132,152,134,134,136,128,108,118,108,93,100,85,91,76,94,72,74,87,63,52,62,54,71,64,70,34,52,38,38,32,37,37,29,30,20,25,25,26,16,21,20,17,18,20,10,13,10,7,7,4,6,5,3,1,7,4,4,4,3,2,4,3,2,7,1,2,1,0,0,0,1,1,2,0,0,2,4,0,0,0,0,1,1,0,0,1,0,1,0,0,0,0,0,0,0,1,0,0,0,0,0,0,0,0,0,0,0,0,0,0,0,0,0,0,0,0
0,1,0,5,0,5,3,0,6,10,2,9,3,5,7,17,16,11,11,16,17,22,26,11,27,26,33,44,41,51,24,43,46,54,60,55,65,67,83,89,84,101,110,112,106,121,98,131,126,153,158,194,185,179,193,162,167,170,185,195,185,186,216,198,160,209,189,180,189,200,201,212,193,189,212,205,201,177,183,155,147,171,167,160,128,138,145,150,116,119,119,106,117,88,89,80,84,69,104,90,66,64,73,70,62,54,49,55,46,38,42,49,32,26,25,28,31,18,34,24,25,21,18,25,15,16,17,19,8,11,8,10,8,6,5,13,6,6,9,7,5,2,6,4,2,6,1,4,4,1,1,4,2,1,0,2,2,0,2,2,2,0,0,3,0,0,0,1,0,0,0,0,0,0,0,0,0,0,0,1,0,0,0,0,0,0,0,0,0,0,0,0,0,0,0,0,0,0,0,0
2,3,2,5,0,0,5,0,0,10,3,6,4,9,9,7,14,20,12,15,22,27,27,15,26,24,34,46,38,35,50,33,47,63,45,61,64,68,77,107,90,99,102,151,97,128,120,121,139,177,193,181,146,157,188,163,167,211,193,204,176,225,197,193,209,200,181,175,196,175,183,176,173,158,179,184,158,159,152,149,139,156,159,117,151,135,120,114,105,102,119,90,102,79,104,95,92,72,66,57,79,67,64,74,59,48,44,40,41,47,42,39,34,35,19,36,22,27,15,25,25,31,15,22,17,18,16,7,10,8,10,14,11,7,6,6,8,4,5,2,7,3,1,1,5,3,1,6,3,1,1,0,1,1,1,2,0,0,0,0,1,0,0,2,1,1,0,0,0,0,1,0,0,0,0,0,0,0,0,0,0,0,0,0,0,0,0,0,0,0,0,0,0,0,0,0,0,0,0,0
1,1,0,3,0,1,2,0,4,6,2,2,6,9,5,11,15,10,11,16,16,22,34,10,22,19,39,27,36,33,28,34,48,63,46,68,78,63,77,99,78,106,95,131,121,113,144,124,105,151,125,146,191,165,168,159,172,178,170,195,179,167,172,203,176,167,162,160,195,198,188,186,167,160,164,179,184,155,143,137,144,155,126,120,129,139,121,121,108,128,107,115,97,94,101,78,75,88,60,61,70,66,70,68,65,57,53,46,52,50,50,47,41,28,30,32,17,27,26,30,28,28,29,14,18,13,16,14,12,12,8,9,10,8,3,7,3,4,8,7,5,5,6,3,4,2,1,2,1,2,2,2,1,1,0,0,1,2,0,3,0,1,2,1,1,0,0,1,0,0,0,1,0,0,0,0,0,0,1,0,0,0,0,0,0,0,0,0,0,0,0,0,0,0,0,0,0,0,0,0
0,3,0,5,2,7,5,0,3,6,3,3,7,8,4,17,15,18,15,11,23,19,25,16,21,20,41,42,41,31,34,35,35,63,54,65,60,79,79,96,87,91,102,101,94,131,136,103,129,128,137,144,175,161,147,153,146,169,181,175,202,185,189,152,194,197,152,176,201,185,178,168,137,146,158,180,166,128,140,143,137,145,134,137,135,133,116,108,116,103,114,99,103,79,69,80,74,86,76,68,56,59,75,57,58,57,48,37,40,40,42,40,27,32,34,29,26,26,24,25,25,26,11,22,17,14,5,10,14,7,5,18,10,7,6,2,3,7,8,6,4,3,1,1,7,2,3,0,1,0,1,3,2,1,2,1,4,0,0,0,1,0,0,1,1,0,1,0,0,0,0,0,0,0,0,0,0,0,1,0,0,0,0,0,0,0,0,0,0,0,0,0,0,0,0,0,0,0,0,0
2,5,0,2,1,7,8,2,1,10,4,8,8,8,3,15,12,7,12,12,14,17,21,14,29,21,33,29,36,46,36,27,43,75,56,56,59,79,81,87,79,86,73,131,93,117,118,111,124,140,146,165,151,163,152,155,167,163,178,164,146,163,186,180,163,168,178,130,186,193,178,182,143,168,166,191,148,145,123,122,152,165,138,139,111,135,133,114,103,103,89,117,103,77,69,71,85,71,69,70,56,46,65,68,64,55,41,49,44,37,41,34,29,33,28,31,27,27,23,27,26,20,19,27,17,15,19,14,13,5,8,10,8,8,6,15,4,6,5,3,6,3,1,5,5,4,1,1,5,1,0,2,0,1,0,2,1,0,0,1,0,0,0,0,2,0,1,0,0,0,0,0,0,0,0,0,0,0,0,0,0,0,0,0,0,0,0,0,0,0,0,1,0,0,0,0,0,0,0,0
0,0,0,3,0,6,8,0,6,6,3,1,3,13,2,14,10,12,8,16,18,23,25,15,36,23,31,42,47,34,33,44,34,67,54,60,70,75,88,81,76,88,90,107,118,136,106,142,112,143,126,168,139,158,188,132,131,146,207,151,153,166,176,173,149,153,160,153,179,171,165,187,197,129,154,136,170,143,140,127,131,139,124,116,108,116,97,112,111,85,108,91,72,88,87,87,93,93,83,68,70,59,58,73,41,38,38,44,53,29,45,31,32,31,31,38,25,26,25,21,12,17,21,19,13,18,13,10,9,14,6,12,7,4,3,5,7,2,6,3,7,3,4,1,3,3,2,0,2,1,2,2,1,3,1,0,2,1,1,0,5,0,1,1,1,0,0,0,0,0,0,0,0,0,0,0,0,0,0,0,0,0,0,0,0,0,0,0,0,0,0,0,0,0,0,0,0,0,0,0
0,2,1,5,1,3,2,0,0,5,5,2,7,7,3,16,5,14,6,10,22,15,24,17,36,16,32,31,38,47,21,34,45,61,58,47,58,69,101,80,62,95,80,118,93,96,126,116,110,141,116,142,162,142,154,119,150,162,163,157,151,168,168,149,163,181,164,158,181,179,158,167,143,157,186,167,139,134,129,118,119,123,106,123,106,119,99,108,99,94,94,96,78,76,70,66,73,70,68,62,71,65,60,65,63,42,39,39,41,30,41,37,33,14,26,21,26,27,21,15,25,23,12,15,11,26,14,12,10,7,6,11,4,7,10,4,4,3,5,6,6,3,3,1,2,5,1,6,0,0,2,3,1,1,3,1,3,1,1,0,2,0,0,1,1,1,0,0,1,0,1,0,0,0,0,0,0,0,0,0,0,0,0,0,0,0,0,1,0,0,0,0,0,0,0,0,0,0,0,0
0,0,1,2,0,5,3,0,5,4,3,2,7,7,3,11,13,16,10,16,18,25,25,9,18,19,22,26,32,27,37,43,48,73,46,59,59,68,70,86,88,78,97,104,95,113,117,125,97,144,145,165,159,143,133,158,141,168,166,166,174,151,186,166,154,149,142,156,176,150,155,163,143,150,149,141,143,137,117,124,153,137,140,119,113,99,110,103,99,95,104,82,83,97,70,61,75,75,62,60,64,58,58,60,52,46,34,39,46,32,34,34,26,30,23,27,20,18,17,17,21,14,18,18,14,17,22,11,7,9,9,8,6,2,4,8,7,5,6,3,4,2,3,4,5,3,0,2,0,1,1,2,0,1,0,2,2,1,0,1,2,0,1,1,1,1,0,0,0,0,1,0,0,0,0,0,0,0,0,0,0,0,0,0,0,0,0,0,0,0,0,0,0,0,0,0,0,0,0,0
0,1,0,1,1,1,1,4,1,10,2,3,6,12,6,10,15,9,15,14,27,22,18,15,31,28,42,40,33,31,42,41,38,60,54,60,49,76,72,100,78,74,78,102,93,102,100,109,92,126,145,128,139,151,162,122,126,151,164,169,149,163,164,158,161,142,156,150,178,171,155,150,133,150,117,166,139,141,122,132,124,132,116,119,123,102,92,102,105,83,100,85,82,62,78,66,83,58,60,55,63,56,61,45,49,44,35,53,47,42,33,25,31,32,32,19,20,17,19,10,17,26,19,16,30,17,17,15,6,9,7,8,3,4,5,3,5,3,8,4,2,2,3,2,2,3,2,1,2,5,1,1,1,1,3,1,4,0,1,0,0,1,1,3,0,1,0,0,0,0,0,0,0,0,0,0,0,0,0,1,0,0,0,0,0,0,0,0,0,0,0,1,0,0,0,0,0,0,0,0
0,1,1,3,0,1,2,2,1,7,3,4,4,10,6,9,10,11,10,13,12,16,27,16,22,25,29,32,38,25,23,39,44,61,43,46,70,64,64,77,88,82,72,107,98,101,136,112,114,125,116,146,143,144,142,133,122,149,165,125,143,173,176,125,149,158,135,131,176,149,152,156,137,153,141,125,142,131,126,136,123,101,108,123,118,110,106,85,100,79,78,85,88,69,75,68,59,65,60,59,52,54,56,52,47,56,46,23,50,26,40,34,29,21,33,27,18,20,20,17,13,13,9,12,11,12,9,11,10,7,11,11,6,6,4,4,2,3,7,4,4,3,1,2,3,6,0,2,1,3,0,0,0,1,1,0,0,0,0,0,1,0,2,1,0,1,0,0,0,0,0,3,0,0,0,0,0,0,0,0,0,0,0,0,0,0,0,0,0,0,0,0,0,0,0,0,0,0,0,0
1,1,1,3,1,3,2,0,3,10,0,2,3,7,4,13,6,7,11,18,16,14,23,13,27,20,30,27,22,34,26,24,54,48,56,53,59,65,67,71,78,72,59,91,79,112,126,111,106,163,125,132,140,130,139,125,129,143,164,161,131,134,157,150,151,164,109,115,157,142,156,130,134,120,124,150,147,111,131,115,114,101,92,110,97,114,113,102,75,76,82,88,84,78,55,64,82,58,56,60,60,36,53,47,36,43,49,35,45,36,36,30,23,22,19,19,19,16,17,18,18,19,13,17,13,14,15,14,10,0,7,7,6,8,8,7,9,2,6,3,7,1,2,5,4,4,0,2,2,3,3,1,0,0,0,2,0,0,0,3,1,0,2,1,0,1,0,0,0,0,0,1,0,0,0,0,0,0,0,0,0,0,0,0,0,0,0,0,0,0,0,0,0,0,0,0,0,0,0,0
0,0,0,6,1,2,6,0,3,5,4,3,4,5,3,8,19,6,14,14,16,20,20,20,25,19,23,29,30,37,31,30,45,36,38,68,39,55,76,82,56,73,83,106,82,110,91,118,112,124,130,149,150,123,126,134,142,117,162,153,133,158,171,153,137,143,134,138,142,131,123,162,140,132,136,120,148,113,136,115,113,120,120,122,95,120,79,88,100,84,96,86,99,58,68,68,56,51,51,40,52,44,52,54,29,31,33,33,34,27,29,23,23,25,27,23,19,19,22,16,15,19,11,9,18,17,15,8,10,6,6,5,10,5,13,2,2,2,5,3,0,4,3,3,1,1,0,0,0,0,0,0,1,1,0,4,1,1,0,1,0,0,0,0,1,0,0,0,0,0,0,0,0,0,0,0,0,0,1,0,0,0,0,0,0,0,0,0,0,0,0,0,0,0,0,0,0,0,0,0
0,1,2,2,0,3,1,1,1,7,3,4,8,5,4,16,9,11,7,16,15,18,26,9,25,14,29,27,30,31,31,31,37,49,51,41,58,72,60,81,84,77,72,106,82,88,99,106,105,112,109,104,132,132,141,119,133,135,122,131,128,157,156,167,155,127,129,149,130,124,120,168,154,109,121,131,117,105,106,106,125,111,100,90,111,107,98,75,87,88,74,89,62,71,78,53,68,63,61,61,49,63,49,63,41,40,41,37,34,22,26,27,28,22,20,15,12,17,17,15,14,15,11,6,14,14,15,8,10,8,5,14,5,0,6,2,8,4,8,3,4,5,2,0,1,3,1,0,1,0,0,0,1,2,0,0,4,0,0,2,0,0,1,0,1,1,0,0,0,0,0,0,0,0,0,0,0,0,1,0,0,0,0,0,0,0,0,0,0,0,0,0,0,0,0,0,0,0,0,0
0,0,0,4,0,5,3,1,2,5,1,3,5,6,4,11,7,10,7,18,21,17,16,13,29,17,33,23,37,33,25,40,23,54,51,49,49,57,65,60,67,69,61,118,93,111,87,98,99,100,106,156,126,136,131,120,128,134,137,141,151,142,147,122,158,139,128,111,155,132,115,127,101,101,115,129,120,118,99,118,102,120,102,104,109,83,78,114,87,82,72,70,84,76,66,66,68,49,58,57,38,38,48,34,39,37,26,29,25,26,34,24,18,14,30,20,13,19,14,21,18,19,13,6,9,9,17,8,5,11,4,8,4,4,6,6,5,3,6,1,2,1,2,1,1,0,3,0,2,1,1,2,1,0,0,1,1,1,0,1,1,2,1,0,0,0,0,0,1,0,0,0,0,0,0,0,0,0,0,0,0,0,0,0,0,0,0,0,0,0,0,0,0,0,0,0,0,0,0,0
0,0,0,2,1,2,4,0,2,5,1,2,3,5,3,7,9,2,6,19,15,18,22,12,18,22,31,34,29,40,25,30,34,38,57,52,50,48,70,76,71,75,64,89,92,82,104,84,68,96,92,119,120,141,133,128,111,124,143,117,142,135,154,114,137,130,136,113,142,109,139,143,125,110,112,121,112,114,110,123,106,111,90,99,87,77,70,79,83,73,84,71,79,61,58,44,54,50,64,48,41,48,39,47,48,42,31,38,28,28,23,23,32,27,18,22,19,14,15,16,16,15,12,14,17,12,6,9,8,8,4,8,7,8,4,5,6,4,1,1,2,5,2,2,2,5,1,2,3,0,0,0,1,1,0,1,0,1,0,0,3,0,0,0,0,0,0,0,0,0,1,0,0,0,0,0,0,0,1,0,0,0,0,0,0,0,0,0,0,0,0,0,0,0,0,0,0,0,0,0
1,1,1,3,1,0,1,0,1,6,1,1,1,7,8,8,13,8,8,9,17,16,19,10,21,14,32,27,31,30,30,39,32,48,40,47,55,46,67,84,68,58,62,93,78,96,97,93,112,124,94,119,130,127,125,116,142,107,158,144,119,128,140,137,130,126,109,116,122,145,125,105,98,106,122,130,106,126,122,104,101,87,93,95,90,81,80,71,82,90,73,73,78,62,57,56,45,59,51,58,40,43,45,39,40,33,36,35,43,22,25,29,33,22,17,20,20,18,14,18,15,6,12,14,5,16,12,8,9,8,8,6,5,7,6,4,3,3,4,3,4,4,2,0,1,4,2,1,2,2,0,1,0,1,0,1,1,0,0,1,0,0,0,1,0,0,0,0,0,0,0,0,0,0,0,0,0,0,0,0,0,0,0,0,0,0,0,0,0,0,0,1,0,0,0,0,0,0,0,0
0,0,1,4,1,0,5,1,1,10,2,4,8,9,3,10,12,4,6,11,21,14,17,11,20,14,25,32,37,27,14,26,31,51,37,48,36,47,54,71,61,67,59,88,82,87,114,82,80,96,93,124,108,118,123,119,121,115,137,114,130,127,154,115,128,150,115,123,130,144,124,123,128,133,114,126,112,94,92,89,100,94,94,96,89,82,90,84,66,56,70,63,69,63,52,55,54,51,47,45,63,39,38,43,46,25,27,22,43,27,24,22,24,23,19,22,19,8,15,21,21,13,14,12,13,8,12,14,11,3,7,10,10,4,5,4,4,5,6,5,2,0,2,2,1,2,1,7,1,1,0,1,4,0,2,0,1,0,0,1,0,0,0,0,0,1,0,0,0,0,0,0,0,0,0,0,0,0,0,0,0,0,0,0,0,0,0,0,0,0,0,0,0,0,0,0,0,0,0,0
2,0,0,2,2,7,1,3,2,6,3,3,4,6,2,4,12,8,5,10,16,10,19,14,22,19,31,22,28,27,30,37,30,43,28,44,54,56,52,71,60,70,67,80,73,88,99,82,96,97,105,125,118,117,120,103,126,104,122,121,122,123,133,115,125,127,120,112,130,144,123,102,109,106,114,91,126,115,82,118,106,86,99,95,100,81,74,73,59,77,75,73,66,62,45,47,49,64,51,49,44,37,41,44,36,42,28,31,45,28,25,18,18,20,22,22,16,17,15,12,13,10,8,9,7,9,9,9,6,10,5,4,6,2,2,3,5,1,2,4,4,3,6,2,3,2,1,4,0,1,0,1,0,0,0,2,1,1,0,0,1,0,0,5,0,0,0,0,0,0,1,0,0,0,0,0,0,0,1,0,0,0,0,0,0,0,0,0,0,0,0,0,0,0,0,0,0,0,0,0
0,0,0,2,0,3,1,0,1,2,1,3,2,10,4,12,8,7,6,14,14,21,13,14,24,21,33,29,25,35,26,23,19,47,42,51,43,52,48,58,54,62,63,71,87,90,79,78,85,78,86,111,99,100,99,106,121,119,125,128,109,111,133,134,106,112,102,123,152,106,119,122,97,96,106,109,110,90,90,95,80,109,76,101,70,88,83,82,67,52,67,69,60,51,57,53,49,52,36,34,30,34,42,32,40,23,29,25,25,32,31,24,20,26,17,29,20,9,15,18,7,22,15,14,10,12,6,9,11,6,2,10,7,6,3,5,6,1,2,3,5,5,0,1,3,1,1,3,0,1,2,1,0,1,0,0,0,0,0,0,1,0,0,1,0,0,0,0,0,0,0,1,0,0,0,0,0,0,0,0,0,0,0,0,0,0,0,0,0,0,0,0,0,0,0,0,0,0,0,0
1,2,0,3,0,3,1,0,3,8,2,3,4,11,6,10,12,11,6,19,11,14,16,10,17,17,36,24,33,31,27,30,33,50,39,46,46,51,57,68,58,64,60,84,65,87,90,98,95,95,85,107,107,86,110,115,117,116,127,122,128,104,132,114,147,109,110,113,123,118,115,121,112,113,115,111,91,103,95,84,84,99,87,90,88,71,75,67,57,64,62,60,58,51,64,38,47,52,39,40,35,55,37,30,46,32,23,33,24,27,23,18,22,17,19,19,16,15,11,16,12,14,9,14,17,13,5,11,7,4,6,6,6,3,4,2,3,6,2,5,2,2,1,1,2,1,2,1,2,2,1,1,0,0,0,0,2,0,0,1,1,0,0,0,2,1,0,3,0,0,0,0,0,0,0,0,0,0,0,0,0,0,0,0,0,0,0,0,0,0,0,1,0,0,0,0,0,0,0,0
0,0,0,3,2,2,3,0,2,4,2,0,4,5,7,11,8,14,6,14,12,13,14,10,20,13,27,26,23,27,24,23,31,43,31,40,45,43,58,55,50,61,66,94,61,87,87,69,77,96,93,89,125,92,120,97,111,118,119,111,117,121,138,121,129,118,109,108,128,90,99,139,100,83,104,115,132,92,91,100,95,75,89,79,90,81,81,64,60,59,56,59,64,46,57,42,44,48,45,31,52,32,39,35,36,24,34,26,19,22,28,29,25,14,15,14,10,23,16,15,17,10,11,8,9,12,9,7,7,4,5,5,5,2,3,5,12,1,3,1,1,4,4,1,3,3,2,1,1,1,2,1,2,1,0,0,2,0,0,1,1,1,0,0,0,0,0,0,0,0,0,0,0,0,0,0,0,0,0,0,0,0,0,0,0,0,0,0,0,0,0,0,0,0,0,0,0,0,0,0
1,0,0,4,3,2,3,0,0,4,1,3,1,4,2,9,8,5,9,6,15,20,14,8,18,14,26,23,34,27,22,27,27,40,28,32,32,42,41,64,62,59,67,85,76,69,64,90,78,98,92,113,109,78,118,103,103,98,114,95,108,121,114,98,121,107,109,92,122,125,118,111,87,88,94,88,105,111,84,83,101,90,86,85,76,76,70,66,64,60,56,51,53,59,52,52,53,61,36,45,50,27,39,40,23,34,29,21,27,25,22,21,14,13,14,28,9,15,11,16,13,7,6,5,5,8,10,7,6,2,7,2,4,0,3,3,5,3,2,3,2,5,0,0,1,0,1,1,2,0,1,2,1,1,0,1,1,0,0,0,0,0,0,2,1,0,0,0,0,0,0,0,0,0,0,0,0,0,0,0,0,0,0,0,0,0,0,0,0,0,0,0,0,0,0,0,0,0,0,0
0,0,0,0,0,6,0,0,3,5,3,2,6,4,5,7,8,5,6,10,12,19,17,10,13,16,14,19,27,28,23,29,36,33,32,41,46,32,45,50,52,56,47,64,84,79,92,86,79,80,115,90,105,104,123,94,98,100,137,98,122,103,113,115,96,131,99,114,99,91,109,100,102,80,95,104,97,85,83,71,69,91,73,85,62,66,68,62,56,62,58,59,54,48,43,42,34,47,49,45,32,29,46,23,26,25,33,25,30,27,20,17,20,14,18,18,16,17,13,13,19,14,10,6,11,5,10,12,3,6,6,4,8,6,3,3,5,4,3,1,0,3,2,2,2,2,1,1,1,2,0,2,1,0,0,1,1,2,0,3,0,0,1,0,1,0,0,1,0,1,0,0,0,0,0,0,0,0,0,0,0,0,0,0,0,0,0,0,0,0,0,0,0,0,0,0,0,0,0,0
1,0,0,4,0,5,4,0,1,4,3,1,6,10,2,10,5,5,8,9,9,16,14,4,14,13,24,35,18,21,19,31,25,40,37,35,52,38,56,54,50,67,77,84,83,93,53,69,75,106,95,99,79,98,110,87,93,103,114,113,98,96,84,122,107,127,91,88,99,101,103,110,88,74,107,98,101,100,91,76,80,91,76,72,85,77,67,70,62,38,60,63,59,59,37,37,34,54,50,41,33,36,43,28,32,29,23,13,26,32,19,18,19,20,11,15,16,19,13,16,9,17,5,13,7,6,5,11,4,6,4,6,4,5,4,1,2,2,1,2,2,1,3,3,1,1,0,4,1,0,0,0,0,0,0,0,1,0,0,0,2,1,0,0,1,1,0,0,0,0,0,0,0,0,0,0,0,0,0,0,0,0,0,0,0,0,0,0,0,0,0,0,0,0,0,0,0,0,0,0
1,1,0,2,0,5,6,0,3,3,2,2,4,7,4,8,10,7,7,11,18,14,17,16,12,12,19,16,26,26,20,35,34,50,22,36,39,50,46,70,56,75,58,76,53,75,81,73,88,77,88,97,104,90,99,104,98,91,107,103,62,116,106,102,103,91,93,88,118,98,105,109,108,94,106,91,89,67,71,89,83,78,77,74,73,57,64,54,59,60,62,50,40,48,39,40,44,38,42,35,40,30,26,27,24,24,23,31,29,22,17,23,14,15,14,12,5,11,10,12,12,13,9,11,4,4,4,11,4,3,6,2,11,2,4,5,3,3,1,2,1,1,2,3,2,2,0,3,1,2,0,0,0,1,0,0,2,0,0,0,0,1,0,0,1,0,0,0,0,0,0,0,0,0,0,0,0,0,0,1,0,0,0,0,0,0,0,0,0,0,0,0,0,0,0,0,0,0,0,0
2,1,1,2,0,3,4,0,0,5,5,3,1,5,3,6,8,4,8,9,13,10,17,8,23,14,24,23,29,31,27,20,33,42,25,37,22,46,44,58,60,61,55,70,72,77,91,79,86,101,100,89,95,85,99,80,84,104,118,111,106,121,103,88,73,101,92,95,119,86,91,94,77,101,79,95,73,85,75,70,75,71,67,82,63,54,69,59,62,42,55,63,59,53,50,40,39,37,37,34,35,23,30,28,27,36,20,23,22,16,31,13,13,23,15,16,13,13,8,11,11,13,9,15,12,8,6,7,6,6,4,6,4,2,5,4,2,1,0,4,1,4,1,2,0,2,0,2,0,1,2,0,0,0,0,2,0,0,0,0,0,0,0,0,1,2,0,0,0,0,0,0,0,0,0,0,0,0,0,0,0,0,0,0,0,0,0,0,0,0,0,0,0,0,0,0,0,0,0,0
0,0,0,3,1,2,2,1,0,6,3,5,1,8,1,8,11,7,4,9,13,13,10,10,17,7,25,17,34,22,19,22,23,40,27,35,40,42,46,61,43,74,37,71,59,65,67,75,80,61,92,89,91,102,106,85,105,87,99,99,99,106,100,87,94,97,94,99,89,96,97,96,90,96,88,83,96,88,83,77,76,69,69,66,68,76,58,54,51,71,50,58,46,44,44,31,32,43,30,47,28,33,26,34,29,35,14,22,30,22,20,14,21,23,12,15,14,14,11,14,12,10,10,7,9,5,6,10,6,2,1,2,2,2,3,5,6,0,3,3,2,3,1,0,3,0,1,0,0,3,0,0,0,1,1,0,0,0,0,0,1,1,0,0,0,1,0,0,0,0,0,1,0,0,0,0,0,0,0,0,0,0,0,0,0,0,0,0,0,0,0,1,0,0,0,0,0,0,0,0
1,1,1,7,1,3,1,1,7,3,2,0,4,1,6,6,6,13,6,13,11,15,18,6,10,18,20,23,25,28,22,31,31,28,31,36,38,48,46,44,43,42,59,61,59,70,72,65,76,80,89,84,114,82,99,87,69,96,94,94,98,92,105,86,102,102,81,87,97,90,89,101,73,92,77,92,84,67,74,82,77,60,61,60,64,62,58,35,62,62,56,52,57,43,49,33,40,33,39,43,36,34,34,34,20,25,19,24,26,20,20,18,22,19,7,12,21,8,12,9,10,14,4,9,12,7,8,10,5,2,3,7,2,0,2,2,4,2,2,3,0,2,2,2,2,1,0,2,1,2,3,0,1,0,1,0,0,1,0,0,3,0,0,0,0,0,0,0,0,0,0,0,0,0,0,0,0,0,0,0,0,0,0,0,0,0,0,0,0,0,0,0,0,0,0,0,0,0,0,0
0,2,0,6,0,2,2,0,1,5,4,5,1,7,7,4,10,4,7,9,12,9,16,9,12,21,23,25,17,22,25,27,32,30,45,27,39,44,56,50,40,38,51,52,73,83,79,69,85,67,78,96,86,79,78,87,86,80,84,92,85,95,102,90,85,84,83,93,89,105,87,120,81,93,64,71,81,61,82,75,61,86,59,71,58,70,72,52,62,47,50,31,58,40,40,34,40,44,38,26,31,22,34,28,28,26,15,21,25,12,14,14,13,11,16,22,13,10,8,11,10,7,11,10,7,8,11,7,6,5,2,6,4,2,1,5,2,0,4,3,2,4,1,1,0,1,1,1,0,2,0,0,0,1,0,0,0,0,0,2,0,0,1,1,0,0,0,0,0,0,1,0,0,0,0,0,0,0,0,0,0,0,0,0,0,0,0,1,0,0,0,0,0,0,0,0,0,0,0,0
1,0,0,2,1,2,1,1,2,1,1,1,2,6,5,4,8,8,4,15,9,9,16,8,14,13,13,23,18,17,24,26,30,25,40,25,26,43,46,57,48,45,47,56,47,68,75,69,68,76,77,78,76,78,89,70,91,71,95,92,86,86,99,100,101,109,82,84,70,89,78,99,84,83,76,71,81,83,72,57,70,49,65,59,60,71,39,42,61,57,45,38,47,38,28,42,32,40,33,38,39,30,35,37,25,24,19,9,23,23,23,21,12,11,12,13,8,12,11,9,15,10,7,7,5,10,6,5,3,3,1,5,7,1,2,4,3,2,3,2,2,2,0,1,2,0,1,0,1,0,0,1,0,0,1,0,1,0,0,0,0,0,0,1,0,0,0,0,0,0,0,1,0,0,0,0,0,0,0,1,0,0,0,0,0,0,0,0,0,0,0,1,0,0,0,0,0,0,0,0
0,0,0,4,0,5,3,0,1,1,0,3,5,6,2,4,10,8,11,12,8,12,11,7,22,15,21,17,14,19,20,19,30,37,33,28,43,38,35,38,44,49,42,66,54,68,63,54,75,86,71,80,82,96,93,63,82,96,79,89,78,98,93,98,71,94,63,98,89,75,82,86,69,78,83,79,81,70,60,74,62,63,53,59,59,66,50,42,43,41,46,51,50,48,48,28,40,39,29,32,34,34,36,32,29,24,13,20,12,17,13,17,14,9,16,11,9,8,10,7,10,14,9,19,11,4,7,10,6,2,5,2,2,2,1,5,5,2,3,3,3,2,3,1,1,1,0,1,0,3,0,0,0,0,0,4,0,0,1,0,0,1,1,0,0,0,0,0,0,0,0,0,0,0,0,0,0,0,0,0,0,0,0,0,0,0,0,0,0,0,0,0,0,0,0,0,0,0,0,0
0,1,0,0,0,2,0,1,1,2,0,3,6,4,1,7,5,4,5,11,6,9,10,7,16,12,12,26,16,23,14,16,32,43,23,38,47,42,38,48,54,42,44,53,69,70,52,69,73,80,68,63,90,84,92,86,71,77,88,74,85,90,99,77,83,85,68,68,85,79,84,81,68,81,77,78,80,75,58,69,84,72,56,64,67,57,48,71,51,50,57,53,47,40,26,25,28,38,28,39,27,24,14,23,18,23,14,20,24,17,14,9,17,21,11,11,10,8,6,7,16,11,3,9,3,5,5,6,5,5,2,3,3,1,5,2,4,0,5,1,0,2,0,1,2,3,1,0,1,0,2,0,1,0,0,0,2,0,0,0,0,0,0,0,0,2,0,0,0,1,0,0,0,0,0,0,0,0,0,1,0,0,0,0,0,0,0,0,0,0,0,1,0,0,0,0,0,0,0,0
0,1,1,1,0,3,1,0,1,3,3,4,1,3,2,5,8,5,8,8,7,11,14,7,13,22,20,15,18,10,15,25,26,41,29,31,33,48,36,46,48,53,51,65,49,54,56,67,61,87,66,75,75,71,80,71,67,71,84,82,97,93,83,95,102,80,74,83,83,84,75,71,80,77,64,84,81,69,61,73,58,71,62,61,54,52,57,40,44,41,36,42,41,32,38,30,27,32,27,29,25,27,29,26,20,14,16,20,15,16,14,15,17,17,20,13,9,5,9,9,6,3,2,2,10,11,2,8,5,6,4,4,4,5,1,1,7,0,4,0,0,2,2,3,2,4,0,3,0,0,0,0,1,0,0,0,0,1,1,1,1,0,1,1,0,0,0,0,0,0,0,0,0,0,0,0,0,0,0,0,0,0,0,0,0,0,0,0,0,0,0,0,0,0,0,0,0,0,0,0
0,0,0,3,1,3,2,0,0,7,0,0,0,4,3,5,7,6,7,5,15,13,10,6,14,12,23,24,21,18,22,23,22,24,20,30,40,34,25,61,45,42,53,52,56,51,56,58,57,58,79,69,69,69,84,66,70,93,84,75,75,90,79,83,86,64,79,71,78,79,77,70,72,67,67,74,68,69,57,72,58,59,50,46,61,55,47,53,50,40,55,48,53,35,26,33,38,34,23,34,35,36,22,21,28,22,15,22,19,16,15,14,14,9,14,6,12,10,6,9,9,13,8,4,6,7,8,7,1,5,2,5,0,3,3,3,1,3,4,2,1,1,1,1,1,2,1,3,0,1,0,2,1,1,0,0,0,0,1,0,0,0,2,0,0,0,0,0,0,0,0,0,0,0,0,0,0,0,0,0,0,0,0,0,0,0,0,0,0,0,0,0,0,0,0,0,0,0,0,0
0,0,1,3,0,3,3,0,0,2,0,4,2,7,5,6,7,12,8,11,16,9,21,6,10,9,24,17,16,23,15,19,22,34,35,34,35,30,41,41,34,49,49,57,49,64,64,49,57,81,64,63,76,73,80,80,82,69,69,76,78,87,71,73,86,82,76,77,69,69,63,74,72,66,87,77,87,57,60,53,52,70,53,65,54,46,46,51,36,39,46,31,40,37,45,41,35,23,23,30,21,17,23,29,17,26,12,14,18,20,16,12,14,18,11,11,5,11,5,11,4,8,6,6,6,1,3,4,6,2,2,3,3,1,6,2,2,1,3,4,1,2,0,0,0,1,1,0,1,0,0,1,1,0,0,0,0,0,0,0,2,0,0,0,2,0,0,0,0,0,0,1,0,0,0,0,0,0,0,0,0,0,0,0,0,0,0,0,0,0,0,0,0,0,0,0,0,0,0,0
0,0,0,4,0,2,2,0,1,5,1,1,4,4,1,6,5,4,5,9,8,12,7,9,16,10,28,11,13,18,13,14,20,24,29,26,35,35,41,52,47,39,49,67,56,57,47,61,69,55,59,65,75,73,81,71,67,73,72,81,87,76,76,70,74,62,64,73,68,73,80,60,62,68,60,61,84,46,62,64,51,51,45,49,53,52,36,53,37,39,38,39,33,41,31,40,26,25,28,25,25,24,22,20,15,18,22,18,18,9,15,17,15,18,7,12,12,18,9,6,8,7,10,9,6,6,8,5,6,1,5,2,5,0,4,2,2,5,3,1,2,1,0,2,2,2,0,3,1,2,0,2,1,0,0,1,0,0,0,1,1,0,0,0,0,0,0,0,0,0,1,1,0,0,0,0,0,0,0,0,0,0,0,0,0,0,0,0,0,0,0,0,0,0,0,0,0,0,0,0
2,0,0,5,1,2,1,1,3,2,0,1,6,2,3,8,1,6,2,8,7,8,11,6,13,9,14,12,18,11,16,18,22,32,28,26,34,32,43,41,32,56,46,49,44,56,57,65,43,58,66,75,77,69,82,73,62,60,86,66,62,69,90,71,83,85,70,73,78,78,71,75,66,68,71,75,71,58,52,63,54,53,58,48,53,45,37,42,41,37,32,32,36,34,23,38,30,32,24,26,19,31,23,17,15,17,15,16,5,11,16,15,15,16,13,8,8,7,6,8,9,4,10,13,4,4,14,4,7,2,4,2,3,1,2,2,2,1,2,0,1,1,1,0,1,2,0,3,1,0,0,0,1,1,1,0,0,0,1,2,0,0,0,1,0,0,0,0,0,0,0,0,0,0,0,0,0,0,0,0,0,0,0,0,0,0,0,0,0,0,0,0,0,0,0,0,0,0,0,0
1,0,0,2,0,0,1,0,0,5,0,1,2,2,2,6,5,5,6,9,8,6,11,12,10,12,23,24,10,12,24,25,18,25,36,20,27,34,38,41,39,40,43,58,55,56,59,58,32,73,47,62,47,81,77,73,64,75,81,72,65,97,90,73,65,66,52,74,77,75,73,77,62,56,64,79,65,69,62,59,51,48,40,57,46,47,43,36,46,38,34,44,47,41,31,25,26,19,16,20,23,20,14,26,18,19,14,16,16,13,12,7,12,8,11,7,10,12,10,4,13,14,4,4,5,9,5,5,2,3,6,4,0,0,4,1,2,2,1,1,3,1,1,1,0,2,0,2,1,0,0,0,0,0,0,0,2,0,0,1,2,0,0,1,1,0,0,1,0,1,0,0,0,0,0,0,0,0,0,0,0,0,0,0,0,0,0,0,0,0,0,0,0,0,0,0,0,0,0,0
1,0,0,3,0,5,2,0,2,4,0,2,1,3,4,6,5,1,5,7,9,9,14,9,12,9,15,17,14,18,19,20,22,30,19,21,32,23,35,46,37,46,42,47,39,65,59,50,64,68,60,62,72,61,81,61,65,77,80,63,64,72,81,83,74,78,64,59,71,58,74,71,50,60,76,62,53,53,39,54,56,50,54,46,38,40,37,39,34,37,26,39,41,39,35,21,30,26,25,21,26,25,23,22,25,18,17,18,11,16,14,14,11,13,11,10,9,10,7,11,5,9,6,6,5,3,9,3,4,1,1,3,4,4,2,4,3,2,1,1,3,3,1,0,0,2,3,1,0,0,1,0,0,1,0,0,1,1,0,0,0,1,0,0,0,0,0,0,0,0,0,0,0,0,0,0,0,0,0,2,0,0,0,0,0,0,0,0,0,0,0,0,0,0,0,0,0,0,0,0
0,0,0,2,1,0,2,0,1,4,0,2,4,5,4,8,4,3,3,8,7,10,11,6,15,10,22,15,21,24,15,27,21,39,21,27,33,35,30,38,43,41,38,61,51,53,45,56,46,55,59,75,68,64,79,60,68,70,59,76,81,73,92,56,64,67,56,52,55,68,46,90,63,53,59,49,70,55,50,64,44,45,50,52,48,54,46,56,46,39,36,26,42,31,35,18,16,28,35,24,18,25,24,19,24,16,9,14,15,11,10,13,13,9,5,8,9,6,9,11,11,6,6,7,10,5,5,6,5,6,4,2,4,1,2,2,2,1,0,3,0,3,2,0,2,1,0,0,2,2,1,0,0,0,0,0,0,0,0,1,0,1,0,0,0,0,0,0,0,0,0,0,0,0,0,0,0,0,0,0,0,0,0,0,0,0,0,0,0,0,0,0,0,0,0,0,0,0,0,0
0,1,0,3,0,2,1,0,1,2,5,1,0,4,2,3,6,4,4,10,8,7,8,8,15,10,15,19,19,11,12,14,28,24,25,36,27,34,35,59,36,30,55,63,64,45,46,56,50,39,62,65,65,52,72,60,60,50,71,67,74,68,84,71,74,76,77,44,76,65,71,68,72,54,68,69,58,42,46,42,54,43,41,55,47,36,56,34,62,34,31,34,40,25,28,29,25,21,20,27,17,19,14,21,12,20,10,18,14,10,16,12,11,8,7,15,12,6,9,9,10,8,5,7,4,2,7,5,1,8,1,2,1,4,1,1,1,1,0,0,0,5,2,1,0,2,0,2,0,0,1,0,0,1,0,0,0,0,0,0,1,0,0,1,0,0,0,0,0,0,0,0,0,0,0,0,0,0,0,0,0,0,0,0,0,0,0,0,0,0,0,0,0,0,0,0,0,0,0,0
0,2,0,1,2,0,1,1,1,4,1,3,3,3,1,13,11,1,1,6,11,8,7,6,11,16,15,12,17,16,11,19,26,24,28,25,31,21,35,32,32,35,31,55,38,62,58,55,54,46,51,66,76,68,71,58,67,47,72,92,56,68,57,68,87,53,73,52,67,57,69,65,54,55,59,44,51,41,53,42,58,43,49,35,48,43,39,32,25,39,43,37,34,29,25,26,28,16,30,18,28,18,23,23,18,19,19,10,15,16,7,9,11,8,8,10,8,7,2,8,11,14,6,5,7,7,3,2,2,1,1,1,1,1,2,0,2,1,0,1,0,2,0,2,2,2,1,1,0,0,0,0,0,0,0,1,0,0,0,1,0,0,0,0,1,0,0,0,0,0,0,0,0,0,0,0,0,0,0,0,0,0,0,0,0,0,0,0,0,0,0,0,0,0,0,0,0,0,0,0
0,1,0,2,0,2,4,0,0,2,2,1,3,5,3,8,3,2,2,4,6,11,6,4,3,8,20,16,7,18,15,20,25,32,23,19,23,34,34,44,36,44,46,59,46,53,47,50,56,63,53,48,72,67,60,68,60,55,95,60,61,71,79,64,52,70,61,44,65,54,68,67,61,51,66,59,58,46,34,43,32,38,45,41,45,53,36,38,34,34,32,40,34,25,28,18,25,29,22,28,18,14,22,20,11,16,7,20,19,7,14,11,9,16,11,11,6,9,5,7,10,5,4,4,3,4,3,6,3,4,4,2,5,1,3,1,4,0,3,1,0,3,0,1,1,1,2,1,0,0,1,0,1,0,0,1,0,0,0,0,0,0,0,0,0,0,0,0,0,0,0,0,0,0,0,0,0,0,0,0,0,0,0,0,0,0,0,0,0,0,0,0,0,0,0,0,0,0,0,0
0,0,0,1,0,2,0,0,2,2,1,1,2,3,1,4,4,5,4,4,10,7,12,5,6,9,18,20,16,11,13,13,19,19,23,18,22,23,29,46,32,29,35,43,41,50,43,57,53,53,52,55,65,61,61,48,62,52,61,78,62,65,63,46,59,58,50,51,69,70,42,69,65,58,46,48,50,34,54,38,57,53,52,38,44,32,39,35,38,38,34,22,32,18,30,23,30,33,20,24,16,20,16,17,12,13,15,11,11,16,18,12,7,11,12,13,5,11,4,11,3,6,3,2,5,5,5,5,2,0,2,4,3,0,0,1,2,1,3,0,0,3,0,4,2,2,0,4,0,0,1,1,0,1,1,0,0,0,0,0,0,0,0,0,0,0,0,0,0,0,0,0,0,0,0,0,0,0,0,0,0,0,0,0,0,0,0,0,0,0,0,0,0,0,0,0,0,0,0,0
1,2,0,1,0,1,2,0,1,1,0,2,4,4,1,8,5,7,7,8,2,6,7,9,5,15,15,11,18,12,19,18,12,26,24,35,27,33,27,38,28,40,47,57,51,53,42,45,53,49,56,59,62,57,69,45,69,68,54,59,67,57,59,51,65,42,62,56,51,67,58,57,58,33,53,50,44,33,42,40,34,39,38,36,33,43,41,27,33,34,26,32,31,31,22,19,25,21,14,17,14,18,14,16,19,17,19,13,12,11,10,13,3,3,10,3,8,9,1,7,4,4,7,2,3,7,3,0,0,4,2,7,1,5,2,3,1,2,1,2,0,1,2,3,3,2,0,1,1,0,0,2,0,0,0,0,1,0,1,1,0,0,0,0,1,0,0,0,2,0,0,0,0,0,0,0,0,0,0,0,0,0,0,0,0,0,0,0,0,0,0,0,0,0,0,0,0,0,0,0
0,0,0,1,1,3,2,1,3,2,1,1,4,1,1,4,8,1,3,4,9,7,6,6,10,12,16,14,15,13,10,15,16,24,32,13,22,18,33,32,25,37,35,43,32,41,49,44,32,61,45,49,56,54,64,50,48,75,57,73,55,59,59,68,45,70,58,60,68,56,63,66,48,47,58,46,47,49,45,53,39,36,36,47,41,35,39,37,24,41,37,22,38,23,23,30,19,18,26,22,20,20,16,17,11,10,14,15,21,17,12,8,8,8,13,9,5,6,4,8,7,12,6,7,4,1,7,7,2,1,7,1,0,2,1,0,3,4,2,0,0,3,1,0,0,2,0,0,0,0,0,2,1,1,0,1,0,0,0,0,0,0,0,1,0,1,0,0,0,0,1,0,0,0,0,0,0,0,0,0,0,0,0,0,0,0,0,0,0,0,0,0,0,0,0,0,0,0,0,0
0,1,0,1,0,0,0,0,0,2,1,4,2,6,2,7,4,4,3,2,6,16,7,4,10,9,14,14,19,12,11,21,16,24,24,26,17,33,22,30,28,29,37,40,41,38,54,48,40,56,52,52,51,58,61,55,55,68,67,60,54,73,63,58,66,56,51,54,59,60,59,58,38,57,43,56,54,40,38,50,47,37,46,40,42,40,33,34,25,40,37,35,28,25,19,27,25,19,18,16,15,15,20,20,16,20,12,12,14,12,9,12,5,11,8,9,5,10,3,9,6,10,3,4,6,4,7,1,2,4,1,3,0,4,2,4,2,1,1,0,0,0,2,0,0,1,0,0,0,1,0,0,0,2,0,1,0,0,0,0,0,0,0,1,0,0,0,0,0,0,0,0,0,0,0,0,0,0,0,0,0,0,0,0,0,0,0,0,0,0,0,0,0,0,0,0,0,0,0,0
1,1,0,2,2,2,0,0,0,2,1,0,2,1,1,4,5,5,3,2,13,5,8,2,3,8,14,17,16,13,10,5,16,22,21,21,26,34,31,29,33,27,30,42,45,45,61,43,33,45,50,55,35,70,59,49,44,64,52,62,50,46,66,59,53,58,53,56,56,60,46,58,50,55,52,58,48,42,39,38,44,36,39,42,35,43,43,32,29,36,31,28,30,33,20,34,19,18,23,17,23,16,24,19,15,17,17,13,18,12,10,8,12,7,9,8,8,7,6,7,8,8,4,2,2,4,4,2,4,0,2,4,4,5,1,0,3,3,3,3,0,1,1,2,0,1,0,1,0,0,0,1,0,0,0,0,0,1,0,0,0,0,0,0,0,0,0,0,0,0,0,0,0,0,0,0,0,0,0,0,0,0,0,0,0,0,0,0,0,0,0,0,0,0,0,0,0,0,0,0
0,0,0,1,1,1,1,0,1,3,1,0,2,5,2,4,3,5,3,6,5,4,14,11,5,9,17,14,14,14,13,11,13,20,24,12,20,29,27,34,22,30,24,39,37,35,41,44,41,74,48,69,57,55,57,40,43,65,47,46,60,52,59,60,45,51,40,56,47,48,49,30,60,38,46,37,56,49,48,58,36,32,40,43,45,36,32,28,25,25,25,21,17,19,23,25,16,28,17,24,21,12,17,22,15,16,12,7,13,14,11,6,11,6,8,5,5,7,3,7,12,8,6,0,7,7,6,2,5,3,5,2,2,1,3,1,0,0,1,3,0,0,2,0,1,2,1,0,0,0,1,0,1,0,0,1,0,0,0,1,0,0,0,0,0,0,1,0,0,0,0,0,0,0,0,0,0,0,0,0,0,0,0,0,0,0,0,0,0,0,0,0,0,0,0,0,0,0,0,0
0,0,0,1,1,0,1,0,1,3,2,1,7,0,3,6,5,5,4,3,6,9,10,8,8,6,14,13,15,17,14,20,19,23,18,18,30,32,23,24,22,34,38,36,37,53,37,43,35,45,46,58,62,52,48,42,49,63,65,58,51,49,56,47,52,60,44,48,51,43,45,48,49,51,46,37,41,30,41,40,36,33,39,38,40,38,27,28,23,25,27,24,28,26,22,20,23,15,11,19,17,13,19,21,11,12,7,5,17,10,11,13,5,12,6,9,7,4,6,4,8,9,3,1,3,5,3,2,6,2,1,2,1,1,1,0,0,1,0,1,1,2,0,0,1,2,0,1,0,1,0,0,0,1,0,1,1,0,1,0,0,0,0,0,0,0,0,0,0,0,0,0,0,0,0,0,0,0,0,0,0,0,0,0,0,0,0,0,0,0,0,0,0,0,0,0,0,0,0,0
0,0,0,1,0,1,3,0,0,3,0,2,2,3,2,2,12,6,1,8,4,11,5,2,5,6,13,8,6,10,11,17,16,16,20,21,21,23,35,24,24,34,29,39,37,32,45,43,52,43,48,59,37,55,45,37,51,52,57,43,56,48,54,49,52,48,44,50,51,44,40,48,45,49,58,47,40,33,42,31,42,40,25,31,24,34,28,33,24,28,28,19,22,12,24,17,21,20,19,22,15,17,20,16,8,8,14,12,14,11,13,7,8,9,4,8,10,4,8,2,7,7,1,5,6,2,2,2,2,0,3,1,0,0,0,2,0,1,1,0,1,2,2,1,0,0,0,1,0,0,0,1,0,0,1,0,0,0,0,0,0,0,0,0,0,0,0,0,0,0,0,1,0,0,0,0,0,0,1,0,0,0,0,0,0,0,0,0,0,0,0,0,0,0,0,0,0,0,0,0
0,0,0,0,0,0,0,0,0,1,0,0,1,5,2,2,3,3,8,4,3,8,6,5,8,6,17,10,17,18,5,15,7,20,21,22,27,22,26,33,25,31,30,32,39,31,42,38,40,50,44,42,45,56,40,35,61,45,52,64,53,42,67,63,61,43,55,43,51,47,56,49,42,30,50,40,38,41,38,40,40,49,33,25,30,26,35,30,22,25,31,20,18,20,26,19,18,20,14,21,12,11,11,13,14,18,11,11,7,6,13,5,11,11,11,12,8,3,3,7,5,5,6,6,2,3,2,2,2,3,1,2,4,2,2,1,0,0,1,2,0,0,1,1,0,1,1,2,0,0,0,0,0,1,0,0,2,0,0,0,0,0,0,0,2,0,0,0,0,0,1,0,0,0,0,0,0,0,0,0,0,0,0,0,0,0,0,0,0,0,0,0,0,0,0,0,0,0,0,0
1,0,0,0,0,2,3,1,1,3,1,2,0,4,2,3,6,0,0,6,10,10,4,6,9,7,13,16,17,16,8,23,11,17,13,22,22,25,22,37,24,26,24,46,33,45,40,45,30,41,40,50,50,52,54,54,45,44,41,59,50,36,50,47,51,63,50,47,52,42,48,51,46,35,50,53,42,39,30,32,32,42,36,41,37,33,34,26,23,16,26,19,17,34,20,22,13,19,14,14,13,4,11,16,9,13,9,7,10,12,9,12,4,6,10,6,7,2,1,6,7,1,6,0,3,3,0,6,2,1,4,1,1,3,1,1,0,0,1,0,1,1,1,0,0,2,0,1,1,1,0,2,2,0,0,0,0,0,0,0,0,0,0,0,0,0,0,0,0,0,0,0,0,0,0,0,0,0,0,0,0,0,0,0,0,0,0,0,0,0,0,0,0,0,0,0,0,0,0,0
1,0,0,1,0,2,1,0,1,1,1,0,1,3,4,3,4,2,2,4,4,2,7,2,10,4,10,11,9,9,10,11,15,25,21,23,15,19,31,29,22,26,28,37,41,44,44,40,36,44,49,47,41,50,51,55,36,50,48,42,46,43,48,38,55,49,29,31,55,51,54,37,38,48,40,49,23,29,33,33,42,40,26,27,35,22,22,26,21,24,18,27,25,22,30,20,13,14,19,15,20,14,15,16,12,15,10,10,8,6,9,7,7,6,6,4,7,2,5,2,5,3,4,3,3,2,3,10,3,1,0,0,2,1,1,2,1,1,0,1,1,1,1,0,0,1,0,3,0,1,0,1,0,0,0,0,0,0,0,0,0,1,0,0,1,0,0,0,0,0,0,0,0,0,0,0,0,0,0,0,0,0,0,0,0,0,0,0,0,0,0,2,0,0,0,0,0,0,0,0
0,1,0,1,2,1,0,0,0,3,2,2,0,5,1,4,5,1,0,2,8,5,9,4,10,6,13,19,15,8,8,9,9,22,18,23,20,13,31,35,31,21,34,43,30,32,48,32,45,39,40,34,42,43,40,48,30,39,50,52,47,53,45,57,47,64,44,47,44,43,48,43,33,37,43,41,35,41,31,35,27,31,27,26,25,17,21,22,22,16,19,24,15,16,28,13,19,18,19,23,12,16,12,10,9,11,13,3,11,10,3,3,10,9,5,6,6,3,3,8,5,6,5,5,2,1,4,4,4,3,5,0,5,3,1,2,1,1,0,1,0,1,1,1,0,2,1,0,0,2,0,2,0,0,0,0,0,0,1,0,0,0,0,0,0,0,0,1,0,0,0,0,0,0,0,0,0,0,0,0,0,0,0,0,0,0,0,0,0,0,0,0,0,0,0,0,0,0,0,0
2,0,0,1,1,1,1,0,1,2,0,0,1,1,0,3,6,6,5,2,4,2,6,4,11,12,17,10,15,10,5,17,11,22,17,20,21,30,36,33,25,34,32,35,26,26,29,21,25,48,43,48,45,35,51,35,49,47,45,40,43,61,32,41,39,52,39,41,39,45,49,44,46,34,51,30,47,29,34,37,36,28,35,38,35,24,20,20,23,29,24,22,19,23,14,20,13,16,14,19,10,15,12,9,5,14,9,8,14,2,6,6,8,8,7,5,7,5,2,5,3,6,3,3,5,3,3,5,3,0,0,2,3,0,1,3,0,1,1,3,1,0,0,0,1,2,0,0,0,0,0,0,0,0,0,0,0,0,0,1,0,0,0,0,1,0,0,0,0,0,0,0,0,0,0,0,0,0,0,0,0,0,0,0,0,0,0,0,0,0,0,0,0,0,0,0,0,0,0,0
0,0,0,0,1,0,0,0,0,2,4,1,1,2,1,4,2,5,1,4,6,5,12,4,9,7,10,12,10,10,18,15,12,20,22,17,20,29,29,28,23,38,29,35,30,37,30,37,34,44,42,49,66,49,48,35,41,41,45,55,49,44,45,50,53,41,36,38,46,30,37,39,38,35,45,42,45,32,36,29,29,37,35,37,32,22,18,21,34,25,22,23,18,18,19,11,9,20,15,11,10,14,13,8,11,15,8,14,12,11,14,8,8,5,5,7,1,9,2,2,3,6,3,2,5,1,5,6,2,0,2,2,2,1,1,1,0,2,1,0,1,1,0,1,1,3,1,0,1,1,0,0,0,0,1,1,0,0,0,0,0,0,0,0,0,0,0,0,0,0,0,0,0,0,0,0,0,0,0,0,0,0,0,0,0,0,0,0,0,0,0,0,0,0,0,0,0,0,0,0
1,0,0,2,0,1,0,1,1,2,1,1,1,3,1,5,4,4,4,4,8,6,10,6,8,9,9,6,8,6,9,7,12,21,15,14,25,27,24,22,27,28,17,24,25,29,32,39,34,40,35,41,40,40,44,25,29,34,51,33,40,51,45,40,42,40,42,38,40,29,30,49,31,28,35,28,37,29,33,32,26,31,31,28,27,24,25,22,28,25,17,21,28,15,20,18,16,10,28,6,16,11,10,18,8,7,11,8,8,3,11,8,10,6,7,7,7,7,5,6,6,2,2,3,2,3,4,3,4,4,0,1,0,1,1,1,2,1,2,0,0,0,0,1,1,0,0,1,0,0,0,0,0,0,0,0,0,1,0,0,0,0,0,1,0,0,0,0,0,0,0,0,0,0,0,0,0,0,0,0,0,0,0,0,0,0,0,0,0,0,0,0,0,0,0,0,0,0,0,0
0,1,0,0,0,3,1,0,1,2,0,1,0,4,1,6,6,3,6,5,8,4,7,2,4,5,13,13,12,6,17,7,18,13,15,23,19,24,23,17,24,20,33,33,27,38,33,31,36,35,45,37,37,30,43,35,41,38,55,44,38,47,57,56,41,40,36,32,23,39,47,36,38,36,45,32,29,22,26,34,35,30,34,39,21,27,19,22,26,22,29,27,13,15,20,21,16,16,12,10,13,18,19,15,11,10,6,8,10,12,10,9,4,7,4,5,7,8,1,7,7,2,8,4,4,2,5,1,5,4,0,2,2,0,1,2,1,1,1,0,3,0,1,1,0,1,0,0,0,0,1,0,1,0,0,0,0,0,1,0,0,0,0,0,0,0,0,0,0,0,0,0,0,0,0,0,0,0,0,0,0,0,0,0,0,0,0,0,0,0,0,0,0,0,0,0,0,0,0,0
0,0,0,2,0,1,0,0,0,1,0,2,2,2,4,3,6,2,2,5,6,10,4,2,12,5,12,13,5,8,12,14,15,21,19,19,18,16,12,20,25,17,19,25,23,31,37,31,39,42,42,50,42,41,36,31,49,24,39,37,40,50,50,37,52,31,35,28,47,32,35,40,33,30,42,25,23,29,18,37,24,30,24,37,21,35,33,25,16,28,21,20,19,13,13,14,16,16,10,8,14,4,9,12,10,9,5,6,8,5,7,4,2,3,10,3,0,4,5,3,5,5,3,2,5,4,4,1,2,3,1,1,1,0,1,1,2,1,0,0,1,0,0,0,1,2,0,0,0,0,0,1,0,0,0,1,0,0,0,0,0,0,0,0,0,0,0,0,0,0,0,0,0,0,0,0,0,0,0,0,0,0,0,0,0,0,0,0,0,0,0,0,0,0,0,0,0,0,0,0
0,0,0,1,0,1,1,1,1,1,2,0,0,2,3,4,4,2,3,5,8,4,3,8,9,6,9,9,10,9,9,3,15,14,20,15,35,13,20,22,23,19,23,25,21,33,41,29,38,23,27,31,38,29,37,28,32,43,42,29,29,34,48,34,40,31,37,39,47,43,45,33,24,28,27,26,33,21,38,27,29,22,25,23,30,17,22,26,20,19,11,22,12,23,17,13,11,12,18,11,12,8,18,16,11,14,8,9,13,4,9,3,4,6,1,4,1,3,3,6,5,5,2,1,2,2,4,7,4,1,2,1,0,2,1,0,2,0,0,1,0,1,0,0,1,2,0,0,0,0,0,0,0,0,0,0,0,0,0,0,0,0,0,0,0,0,0,0,0,0,0,0,0,0,0,0,0,0,0,0,0,0,0,0,0,0,0,0,0,0,0,0,0,0,0,0,0,0,0,0
0,0,0,0,2,1,0,1,1,1,0,0,2,1,0,3,6,2,6,0,2,5,3,8,4,6,12,10,9,16,6,17,12,16,10,17,16,27,22,26,22,12,32,23,26,31,27,40,34,41,26,37,28,26,37,25,47,32,54,54,27,40,49,28,43,29,32,33,39,32,39,42,35,33,35,32,27,29,32,37,25,31,26,25,21,38,27,25,17,21,24,19,14,12,17,12,12,12,12,13,19,10,13,12,7,3,11,6,12,2,9,5,6,3,2,8,6,6,2,5,5,3,4,3,1,0,9,2,2,2,3,2,2,2,1,1,1,3,1,4,0,0,1,0,1,0,1,0,0,2,0,0,0,0,0,0,0,0,0,0,0,0,0,0,0,1,0,0,0,0,0,0,0,0,0,0,0,0,0,0,0,0,0,0,0,0,0,0,0,0,0,0,0,0,0,0,0,0,0,0
0,0,0,0,1,0,0,0,1,2,2,2,2,0,3,4,3,3,1,4,4,11,6,2,7,8,10,9,9,7,10,8,8,21,10,4,17,11,15,23,16,28,21,31,29,25,31,19,28,39,31,40,36,35,41,42,32,39,32,38,42,38,29,34,30,37,30,38,41,36,33,30,30,26,37,34,37,21,29,31,29,23,20,20,29,24,20,19,25,13,17,14,19,11,15,18,13,16,15,15,10,11,11,12,8,4,8,7,7,6,13,3,1,6,5,6,3,2,4,5,7,2,2,4,0,1,3,1,2,2,2,0,5,1,2,2,0,2,1,2,0,1,0,1,1,0,0,0,0,0,0,2,0,0,0,0,1,0,0,0,0,0,0,1,1,0,0,0,0,0,0,0,0,0,0,0,0,0,0,0,0,0,0,0,0,0,0,0,0,0,0,0,0,0,0,0,0,0,0,0
1,1,0,2,0,3,2,0,1,3,1,1,2,5,0,3,3,3,3,4,4,5,10,2,9,7,5,9,11,10,7,12,8,23,18,13,18,13,17,16,14,19,24,22,25,22,29,28,31,36,24,33,30,29,45,19,37,41,38,36,31,44,41,42,36,29,35,38,37,41,46,30,34,26,39,33,25,29,34,21,34,27,19,21,24,18,12,30,20,23,13,16,20,15,14,19,12,20,17,8,10,13,14,4,12,10,6,8,6,5,4,6,5,9,5,3,2,1,4,4,7,3,4,4,1,2,2,2,1,3,1,0,2,0,1,1,1,1,1,0,0,1,1,0,0,0,0,1,0,0,0,0,0,0,0,0,1,0,0,0,0,0,0,0,0,0,1,0,0,0,0,0,0,0,0,0,0,0,0,0,0,0,0,0,0,0,0,0,0,0,0,0,0,0,0,0,0,0,0,0
0,0,0,1,0,1,1,0,1,0,1,1,4,1,0,5,2,1,2,3,9,5,7,3,5,6,11,9,12,10,7,8,9,16,17,22,19,11,21,21,19,16,21,28,29,36,28,22,37,32,26,40,34,44,42,33,38,35,38,46,37,37,47,35,28,28,28,27,31,29,40,28,23,31,25,32,26,31,29,23,29,31,31,25,18,12,17,33,16,16,21,17,22,22,13,14,13,9,16,10,11,12,13,9,11,8,9,7,5,0,3,6,10,5,3,9,8,1,3,5,3,3,3,1,4,2,4,2,1,0,3,1,1,1,1,0,2,2,1,0,0,0,1,1,1,1,0,1,0,1,0,1,0,0,0,0,1,0,0,1,0,0,0,0,0,0,0,0,0,1,0,0,0,0,0,0,0,0,0,0,0,0,0,0,0,0,0,0,0,0,0,0,0,0,0,0,0,0,0,0
0,0,0,0,0,1,2,0,2,1,0,1,1,4,1,5,4,8,2,5,4,9,6,4,6,8,4,6,11,7,10,8,10,21,14,10,14,22,14,27,21,15,18,29,22,29,23,22,28,44,31,40,31,36,34,21,27,37,47,46,29,28,37,29,31,36,24,36,27,35,26,31,36,21,25,36,28,31,26,21,27,24,24,19,25,22,22,16,22,17,10,9,9,18,14,15,11,13,9,13,4,9,8,19,6,11,6,10,7,5,4,9,5,6,4,9,5,3,6,2,3,3,2,3,3,3,0,0,2,1,0,2,1,2,2,1,0,3,2,1,0,0,0,0,0,0,0,1,0,0,0,0,0,0,0,0,0,0,0,0,0,0,0,0,0,0,0,0,0,0,0,0,0,0,0,0,0,0,0,0,0,0,0,0,0,0,0,0,0,0,0,0,0,0,0,0,0,0,0,0
0,0,1,1,0,1,0,0,1,1,1,1,2,2,1,2,4,4,5,2,3,10,4,4,7,10,10,13,6,11,6,8,16,12,16,21,5,20,20,26,18,19,20,24,25,22,27,31,31,36,32,33,34,28,31,29,26,37,41,40,28,35,52,42,32,26,37,23,30,34,23,36,28,23,19,28,30,24,23,30,18,30,21,24,20,26,20,24,18,20,15,26,7,14,11,11,10,9,12,6,12,6,10,12,17,12,2,6,7,3,7,0,4,6,5,1,9,4,2,3,3,2,3,2,2,4,1,3,4,3,0,0,1,1,0,1,0,1,1,1,0,0,0,0,0,0,0,0,1,0,1,0,0,0,0,0,0,0,0,0,0,0,0,0,0,0,0,0,0,0,0,0,0,0,0,0,0,0,0,0,0,0,0,0,0,0,0,0,0,0,0,0,0,0,0,0,0,0,0,0
0,0,0,4,0,1,1,1,1,1,0,2,0,3,0,4,6,2,4,3,4,5,3,5,7,8,8,10,17,9,5,7,16,8,13,17,13,18,22,20,23,20,22,26,25,40,27,35,33,26,29,24,32,23,42,35,24,31,42,33,27,38,25,34,33,36,27,24,30,27,25,35,36,38,26,26,22,27,24,34,27,26,19,28,24,15,17,20,8,21,19,19,15,5,20,18,16,14,15,14,7,14,9,9,12,11,2,6,6,7,8,4,2,10,7,5,7,2,3,4,2,2,2,2,1,2,6,4,2,1,1,1,1,1,0,1,0,1,0,4,0,1,1,1,0,0,1,0,0,0,0,0,0,0,0,1,0,0,0,1,0,0,0,0,0,0,1,0,0,0,0,0,0,0,0,0,0,0,0,0,0,0,0,0,0,0,0,0,0,0,0,0,0,0,0,0,0,0,0,0
0,0,0,0,0,0,1,1,0,4,0,0,1,1,1,3,3,3,4,3,6,10,7,2,6,4,9,8,4,10,4,8,11,10,9,10,15,15,14,16,17,15,19,20,25,27,24,30,18,31,25,30,26,35,43,21,37,37,36,27,36,43,34,32,24,27,30,23,36,20,32,27,26,25,34,32,32,26,24,31,27,22,21,22,28,21,18,24,15,18,18,12,15,6,20,18,8,18,12,11,11,8,11,7,8,6,11,12,7,6,7,10,5,3,8,2,5,1,3,4,2,3,3,4,3,0,3,0,2,1,0,2,0,1,1,0,1,0,2,0,0,0,0,0,0,1,0,1,0,0,0,1,0,0,0,0,0,0,0,1,0,0,0,0,0,0,0,0,0,0,0,0,0,0,0,0,0,0,0,0,0,0,0,0,0,0,0,0,0,0,0,0,0,0,0,0,0,0,0,0
0,0,0,0,0,3,0,0,0,0,1,1,1,1,5,5,2,4,1,5,1,4,3,1,7,5,14,7,4,10,6,10,6,12,7,13,20,12,11,21,18,18,20,20,19,30,18,29,23,19,33,23,36,36,36,31,21,29,35,34,22,25,26,31,30,31,25,30,37,27,28,30,37,30,31,18,36,19,18,23,24,22,11,26,26,16,19,25,16,16,15,18,12,9,11,7,13,12,11,8,10,10,8,10,4,5,7,8,7,9,6,4,6,3,2,4,2,5,3,1,1,3,5,1,1,3,3,6,1,0,1,3,1,2,3,0,2,0,4,0,2,1,1,0,0,0,0,2,1,0,1,1,0,0,0,0,0,0,0,0,0,0,1,0,1,0,1,0,0,0,0,0,0,0,0,0,0,0,0,0,0,0,0,0,0,0,0,0,0,0,0,0,0,0,0,0,0,0,0,0
0,0,0,2,1,0,2,0,0,1,0,1,1,4,1,2,5,3,1,4,3,5,2,1,8,4,6,8,10,12,5,9,11,12,11,9,16,21,17,18,14,29,21,27,27,24,21,31,23,34,28,40,34,26,28,41,29,25,38,20,42,31,33,22,35,32,26,27,26,38,29,31,28,23,31,20,31,24,19,24,23,29,28,18,21,15,22,16,18,13,17,13,10,12,10,9,16,9,9,9,10,13,9,4,4,5,2,4,3,6,7,2,3,4,4,4,1,4,3,2,2,2,5,3,2,2,4,3,4,1,0,1,1,1,0,0,0,0,1,0,1,0,1,2,0,0,1,0,0,0,0,0,0,0,1,0,0,0,0,0,1,0,0,0,0,0,0,0,0,0,0,0,0,0,0,0,0,0,0,0,0,0,0,0,0,0,0,0,0,0,0,0,0,0,0,0,0,0,0,0
0,0,0,0,0,1,1,0,0,2,0,1,0,3,1,3,7,2,1,7,1,1,4,2,4,8,5,6,13,8,6,5,10,10,9,10,21,16,12,15,24,18,20,26,16,23,21,24,23,27,41,33,36,27,29,19,39,27,37,28,26,32,28,26,32,36,29,16,32,37,26,28,28,18,24,19,19,21,24,15,21,21,15,12,18,17,17,17,15,19,12,12,15,13,21,15,7,13,13,10,7,11,8,7,12,3,5,2,11,5,8,6,5,5,6,3,4,1,3,1,1,4,5,2,1,3,1,2,1,0,0,0,2,2,0,1,1,0,0,0,1,0,0,0,2,1,1,1,0,0,0,0,0,0,1,1,0,0,0,0,0,1,0,0,0,0,0,0,0,0,0,0,0,0,0,0,0,0,0,0,0,0,0,0,0,0,0,0,0,0,0,0,0,0,0,0,0,0,0,0
0,0,0,0,0,1,1,1,2,1,1,3,0,4,2,0,3,6,2,2,2,3,2,2,7,3,5,14,10,5,3,6,11,14,12,13,9,16,13,9,14,23,14,22,21,24,25,22,25,20,18,24,23,23,27,36,20,24,32,37,29,30,37,19,24,26,22,23,25,31,31,21,18,28,25,19,26,15,20,21,19,17,14,24,17,14,15,13,15,15,15,15,11,11,12,9,17,7,12,7,4,17,13,13,9,7,8,9,7,5,1,2,1,4,2,4,2,0,2,5,2,2,2,3,2,4,1,0,0,0,3,0,0,1,0,1,0,0,2,2,2,0,0,1,0,1,0,0,1,0,0,1,0,0,1,0,0,0,0,0,0,0,0,0,1,0,0,0,0,0,0,0,0,0,0,0,0,0,0,0,0,0,0,0,0,0,0,0,0,0,0,0,0,0,0,0,0,0,0,0
1,1,1,1,1,1,0,1,2,0,0,0,1,2,1,0,3,3,1,3,2,3,8,6,7,5,7,11,8,9,5,13,5,7,11,13,6,13,17,11,12,16,13,17,20,18,20,23,30,21,32,33,27,27,20,25,35,27,30,22,32,24,40,33,28,27,26,22,33,23,20,43,25,20,19,23,16,13,20,15,18,12,18,17,19,16,18,10,10,11,13,18,13,15,16,11,4,13,8,10,7,10,3,4,6,2,3,6,7,2,2,2,3,3,3,4,9,2,2,3,1,0,4,1,0,2,5,3,1,2,1,0,1,0,1,1,0,1,0,0,2,0,1,0,0,0,0,1,0,0,0,0,1,0,2,1,0,0,0,1,1,0,0,0,0,0,0,0,0,0,0,0,0,0,0,0,0,0,0,0,0,0,0,0,0,0,0,0,0,0,0,0,0,0,0,0,0,0,0,0
0,0,1,0,1,2,0,0,0,1,0,0,0,4,1,3,5,1,1,1,8,1,3,0,4,3,8,1,9,9,8,7,3,12,12,11,11,18,12,18,17,12,26,27,28,22,32,20,20,17,31,27,28,25,25,18,22,26,37,25,27,28,25,21,29,26,29,17,23,30,25,32,15,26,29,30,17,22,20,13,26,19,12,22,10,20,15,13,11,11,10,13,11,11,8,7,13,11,12,3,6,8,8,6,4,6,7,4,4,7,4,2,4,6,7,0,5,4,3,4,0,2,4,2,2,5,0,0,0,1,4,0,0,0,0,0,0,0,0,0,0,0,0,0,0,1,0,1,0,0,0,0,1,0,0,0,0,0,0,0,0,0,0,0,0,0,0,0,0,0,0,0,0,0,0,0,0,0,0,0,0,0,0,0,0,0,0,0,0,0,0,0,0,0,0,0,0,0,0,0
0,0,0,1,0,0,0,1,2,0,0,1,1,6,2,4,6,4,4,3,6,5,8,4,12,5,10,13,8,6,8,6,7,10,7,13,8,18,17,20,14,20,16,25,24,27,17,23,26,19,20,29,35,28,31,18,32,34,35,25,18,31,26,18,14,30,22,29,16,27,21,22,15,19,27,22,22,20,18,24,19,18,14,24,16,20,19,15,16,9,8,5,20,16,11,9,10,8,8,9,8,9,3,6,4,11,6,4,9,3,5,3,7,4,2,4,2,1,0,3,3,3,1,1,4,2,4,1,1,1,3,2,3,0,0,3,1,1,1,0,1,0,0,0,0,0,0,0,0,0,0,0,0,1,0,0,0,0,0,0,0,0,0,0,0,0,0,0,0,0,0,0,0,0,0,0,0,0,0,0,0,0,0,0,0,0,0,0,0,0,0,0,0,0,0,0,0,0,0,0
0,0,0,2,0,0,3,0,0,1,0,0,1,3,0,2,2,1,3,3,4,4,5,2,10,5,8,4,3,5,3,7,12,11,16,13,8,9,18,13,17,23,17,28,26,10,16,26,22,33,24,23,22,34,37,28,22,35,31,29,26,30,33,22,24,25,29,20,34,19,17,27,16,26,18,18,18,26,15,15,17,27,20,17,19,15,15,9,11,16,7,14,12,5,8,9,11,7,16,10,5,8,3,7,9,7,1,4,6,4,4,5,3,3,3,3,2,1,4,3,2,4,0,4,4,0,2,4,2,2,3,1,1,0,1,0,0,1,0,0,0,1,0,0,1,0,1,0,1,0,0,0,0,0,0,0,0,0,0,0,0,0,0,0,1,0,0,0,0,0,0,0,0,0,0,0,0,0,0,0,0,0,0,0,0,0,0,0,0,0,0,0,0,0,0,0,0,0,0,0
0,0,0,1,0,0,2,1,0,3,0,0,1,5,1,1,2,1,4,1,3,7,5,1,7,1,8,4,7,7,8,12,6,12,8,12,5,14,18,19,12,10,16,23,10,17,22,25,18,25,28,22,23,29,19,24,34,30,30,28,22,26,28,21,18,29,21,19,19,24,16,28,16,14,19,23,19,16,12,18,13,21,21,23,20,17,12,16,14,9,10,11,9,12,6,9,7,6,4,10,9,7,6,11,6,4,5,9,5,8,2,3,4,4,1,4,2,2,3,3,2,2,2,3,0,0,0,0,2,3,0,4,0,0,0,1,0,1,0,1,2,0,0,0,0,0,0,0,0,0,0,0,0,0,0,0,1,0,0,0,0,0,0,0,0,0,0,0,0,0,0,0,0,0,0,0,0,0,0,0,0,0,0,0,0,0,0,0,0,0,0,0,0,0,0,0,0,0,0,0
0,0,0,0,1,0,0,0,0,0,0,1,0,2,0,0,2,1,2,2,1,3,2,5,2,8,11,6,6,7,3,9,8,12,8,6,11,14,13,11,19,15,19,24,25,19,26,17,19,26,20,15,26,32,20,25,20,31,27,20,31,29,19,25,33,28,21,15,25,22,29,25,15,31,24,20,25,28,26,17,15,17,8,12,12,15,14,12,13,14,15,13,12,15,6,8,6,4,9,8,8,8,10,4,8,4,2,6,5,9,2,1,6,2,2,5,4,4,4,7,3,1,1,0,0,1,1,1,1,2,2,1,1,3,0,1,0,0,0,2,0,0,1,0,1,2,1,0,0,1,0,0,0,0,0,0,0,0,0,0,0,0,0,0,0,1,0,0,0,0,0,0,0,0,0,0,0,0,0,0,0,0,0,0,0,0,0,0,0,0,0,0,0,0,0,0,0,0,0,0
0,0,0,0,0,0,2,1,0,1,2,1,1,2,0,3,1,3,4,4,3,4,3,1,6,2,3,10,7,5,5,7,7,14,7,10,10,16,12,13,9,9,13,22,25,18,23,27,23,21,27,22,32,23,28,28,31,28,22,32,21,23,28,17,25,21,34,26,16,21,29,20,16,18,18,19,29,14,16,22,16,15,15,17,14,17,13,7,14,15,10,9,15,8,11,8,10,8,5,9,9,13,8,7,13,1,4,5,7,6,5,3,3,2,1,5,5,2,1,2,4,0,2,2,5,1,1,0,1,1,1,0,0,0,0,0,0,0,0,0,0,2,1,0,0,0,0,0,0,0,0,0,0,0,0,0,0,0,0,0,0,0,0,0,0,0,0,0,0,0,0,0,0,0,0,0,0,0,0,0,0,0,0,0,0,0,0,0,0,0,0,0,0,0,0,0,0,0,0,0
0,0,0,0,0,0,0,0,1,0,0,1,2,2,1,2,5,1,2,2,4,9,3,4,3,6,5,2,5,5,4,5,7,17,9,19,11,10,20,17,10,16,11,20,14,26,11,23,23,22,21,30,23,23,20,13,24,29,17,18,22,26,22,27,24,22,24,22,25,13,27,26,19,15,22,15,20,15,9,15,26,15,10,17,11,10,16,6,12,6,4,7,8,11,12,9,10,4,9,15,5,3,9,5,3,6,3,2,6,2,9,3,2,5,3,1,3,1,0,1,3,2,1,3,4,2,1,1,4,0,1,0,1,1,0,1,1,0,0,1,1,0,0,0,0,0,0,1,0,0,0,0,0,1,0,0,0,0,0,1,0,0,0,0,0,0,0,0,0,0,0,0,0,0,0,0,0,0,0,0,0,0,0,0,0,0,0,0,0,0,0,0,0,0,0,0,0,0,0,0
0,1,1,1,0,1,0,0,0,1,0,1,1,1,0,2,2,1,1,2,5,5,6,3,2,5,3,4,2,9,7,10,10,14,12,10,8,13,10,14,16,14,12,17,19,29,20,11,20,19,18,19,29,29,35,19,23,23,33,26,14,25,28,27,24,25,16,26,22,16,26,22,28,25,17,19,20,16,14,14,12,12,11,17,11,11,10,11,9,15,10,10,7,8,5,7,6,8,8,8,6,4,6,5,2,7,5,4,5,6,3,4,3,5,1,2,4,2,1,1,1,1,2,1,3,0,0,1,1,2,0,0,2,1,0,0,1,2,1,0,1,1,0,0,1,0,1,0,1,0,0,0,0,0,0,1,1,0,0,0,0,0,0,0,0,0,0,0,0,0,0,0,0,0,0,0,0,0,0,0,0,0,0,0,0,0,0,0,0,0,0,0,0,0,0,0,0,0,0,0
0,0,0,0,0,1,1,0,1,2,0,2,1,1,2,3,2,2,2,3,3,2,0,0,1,3,6,5,6,9,4,9,12,11,6,5,9,17,14,12,11,17,12,19,14,18,16,17,15,23,17,17,25,28,27,9,22,19,20,27,17,26,20,31,25,23,16,21,24,23,23,22,15,21,14,19,13,16,11,14,11,12,19,10,9,9,8,8,7,15,15,9,9,15,5,9,5,5,5,8,7,3,6,3,4,7,2,5,8,2,2,3,2,5,3,6,1,2,2,3,1,3,0,2,2,2,3,2,1,2,1,1,2,1,0,1,1,0,1,1,0,0,0,2,0,0,0,0,0,0,0,1,0,0,1,0,0,0,0,1,0,0,0,0,0,0,0,0,0,0,0,0,0,0,0,0,0,0,0,0,0,0,0,0,0,0,0,0,0,0,0,0,0,0,0,0,0,0,0,0
0,0,0,0,0,0,3,0,0,1,1,0,1,3,1,4,0,2,1,0,5,9,5,2,4,3,3,5,7,3,9,5,8,10,10,8,6,13,6,16,11,12,17,18,21,22,34,12,15,19,12,20,28,12,24,24,26,16,18,26,21,25,16,23,21,24,32,17,28,20,26,21,21,22,15,17,14,21,18,12,18,12,19,16,13,7,7,15,18,10,12,10,11,11,7,7,3,11,4,2,3,12,5,6,7,8,3,3,6,3,2,2,3,0,0,1,2,1,1,6,0,2,2,0,0,0,1,0,0,0,1,4,1,0,0,0,1,0,0,0,1,0,0,0,0,2,0,0,0,1,0,1,0,0,0,0,0,0,0,0,0,0,0,0,0,0,0,0,0,0,0,0,0,0,0,0,0,0,0,0,0,0,0,0,0,0,0,0,0,0,0,0,0,0,0,0,0,0,0,0
0,0,0,2,0,0,0,0,2,0,0,0,1,1,0,1,3,0,1,1,2,2,3,3,3,0,4,6,5,3,4,4,8,16,5,8,13,9,17,11,14,13,11,16,15,18,22,19,22,14,21,22,22,31,20,14,17,24,23,18,19,20,23,22,30,16,23,21,32,24,21,16,20,13,25,16,22,17,14,11,10,23,12,11,14,18,16,9,11,11,12,13,11,7,9,1,5,6,8,6,3,2,6,3,6,3,4,0,2,3,2,1,2,4,4,2,2,1,3,1,5,1,2,1,2,2,2,0,0,1,0,1,0,0,0,0,1,0,0,0,0,0,0,0,0,0,0,2,0,0,0,0,0,0,0,0,0,0,0,0,2,0,0,0,0,0,0,0,0,0,0,0,0,0,0,0,0,0,0,0,0,0,0,0,0,0,0,0,0,0,0,1,0,0,0,0,0,0,0,0
0,0,0,0,0,0,1,0,0,1,0,1,0,3,1,2,3,2,1,3,3,5,3,1,5,2,5,5,5,6,7,11,8,7,6,12,13,8,14,14,15,9,14,18,11,16,18,17,13,20,20,14,22,21,21,16,23,23,21,16,19,20,14,23,13,22,18,20,19,15,25,23,17,13,16,17,15,11,15,11,17,13,9,5,10,13,12,7,12,13,11,4,9,8,7,4,7,3,5,5,5,6,10,4,4,5,4,2,1,1,2,1,1,4,3,3,4,0,2,0,2,2,1,2,4,1,2,2,2,1,2,2,1,0,1,0,0,1,0,0,1,0,0,0,0,0,0,0,0,0,0,0,0,0,0,0,0,0,1,0,0,0,0,0,0,0,0,0,0,0,0,0,0,0,0,0,0,0,1,0,0,0,0,0,0,0,0,0,0,0,0,0,0,0,0,0,0,0,0,0
0,1,0,2,0,0,0,0,0,2,0,1,0,1,2,1,1,2,1,2,5,2,2,2,7,0,9,3,7,7,6,1,9,10,9,7,7,11,14,10,14,6,17,13,12,16,24,13,12,17,13,19,25,22,23,18,18,15,23,22,26,17,17,25,21,22,25,16,25,24,18,15,15,15,15,12,16,16,15,16,13,16,12,13,13,8,12,9,10,7,9,9,7,5,6,10,7,8,12,3,5,4,3,6,5,4,6,5,1,2,3,4,3,1,3,2,3,1,0,3,1,0,3,1,2,1,3,1,1,0,0,0,1,1,0,0,0,0,0,0,0,0,0,0,1,1,0,0,0,0,0,0,0,0,0,0,0,0,0,0,0,0,0,0,0,0,0,0,0,0,0,0,0,0,0,0,0,0,0,0,0,0,0,0,0,0,0,0,0,0,0,0,0,0,0,0,0,0,0,0
0,0,0,0,0,0,1,0,0,3,0,0,2,3,2,0,2,4,1,1,6,0,1,2,6,3,5,3,4,5,5,7,4,8,14,15,8,11,16,19,15,11,11,18,15,17,20,21,16,20,24,14,29,16,20,25,18,24,20,18,15,22,21,28,16,17,12,23,19,21,22,22,14,13,20,21,14,13,17,24,13,9,16,12,14,11,9,13,11,6,8,17,7,3,7,6,5,5,9,4,4,1,4,2,6,1,4,7,3,0,4,3,2,3,2,2,1,1,2,3,2,4,1,0,1,0,4,2,0,1,0,1,2,0,2,1,0,1,0,0,0,0,1,0,0,0,0,0,0,0,0,1,0,1,0,2,0,0,0,0,0,0,0,0,1,0,0,0,0,0,0,0,0,0,0,0,0,0,0,0,0,0,0,0,0,0,0,0,0,0,0,0,0,0,0,0,0,0,0,0
0,0,0,0,0,0,1,0,2,3,1,1,2,0,2,3,1,1,0,1,1,1,6,1,3,4,5,7,6,6,8,5,12,10,7,12,10,17,10,17,8,13,12,16,13,25,16,14,14,13,19,22,17,20,23,19,21,18,22,16,21,18,15,23,21,19,14,19,11,22,20,17,15,11,19,15,14,10,10,10,16,11,11,15,9,8,9,10,8,14,11,9,8,3,9,4,7,15,5,5,5,7,5,3,1,4,1,2,3,5,1,0,5,6,2,1,1,1,0,1,2,2,2,2,0,1,1,0,0,2,0,1,0,0,0,0,1,0,2,0,0,1,0,0,0,0,0,0,0,0,1,0,1,0,0,0,0,0,0,0,0,0,1,0,0,0,0,0,0,0,0,0,0,0,0,0,0,0,0,0,0,0,0,0,0,0,0,0,0,0,0,0,0,0,0,0,0,0,0,0
0,0,1,1,0,0,0,0,0,2,0,0,1,0,0,0,2,4,0,0,4,5,3,1,3,3,2,4,0,5,4,7,7,8,11,11,9,9,11,14,16,9,13,17,20,13,14,17,12,21,12,20,19,18,18,14,17,21,23,18,8,16,20,22,15,12,13,14,28,25,22,24,17,13,12,16,8,14,14,12,10,9,12,11,19,6,11,8,10,6,11,10,8,6,5,5,6,6,7,7,4,5,5,5,6,5,3,4,5,1,3,2,2,1,4,2,1,1,6,2,3,2,2,1,1,1,2,0,3,1,1,0,1,0,1,1,0,0,0,0,0,1,1,0,1,1,0,0,0,0,0,0,0,0,0,0,0,0,0,1,0,0,0,1,0,0,0,0,0,1,0,0,0,0,0,0,0,0,0,0,0,0,0,0,0,0,0,0,0,0,0,0,0,0,0,0,0,0,0,0
0,0,0,0,1,0,0,0,0,0,0,1,1,3,0,2,2,1,1,1,1,6,3,2,2,2,4,7,11,3,4,7,10,8,4,8,8,18,10,10,10,15,6,9,16,15,22,14,22,15,14,25,7,17,16,23,22,21,18,18,17,23,16,15,12,22,11,19,19,18,16,16,9,7,19,22,9,10,13,16,15,12,11,13,16,15,12,9,10,4,11,0,7,4,9,7,9,4,3,9,8,4,5,5,4,2,1,4,7,1,3,5,3,1,0,0,1,3,1,1,0,3,0,1,1,1,1,2,0,0,0,3,1,2,0,0,0,2,0,0,0,0,0,0,0,0,0,0,0,0,0,0,0,0,0,0,0,0,0,0,0,0,0,0,0,0,0,0,0,0,0,1,0,0,0,0,0,0,0,0,0,0,0,0,0,0,0,0,0,0,0,0,0,0,0,0,0,0,0,0
0,2,0,0,0,0,1,0,0,1,0,0,0,1,1,4,1,1,2,0,0,2,3,0,4,4,5,5,6,7,5,8,2,12,4,3,12,11,13,11,18,11,12,10,16,13,21,14,20,14,20,22,17,20,21,20,19,26,28,21,21,14,22,24,19,19,21,20,16,18,17,15,14,11,14,12,15,11,12,20,8,9,6,6,14,8,8,11,9,8,10,5,9,11,5,8,2,6,8,3,4,3,4,3,3,7,4,5,4,2,1,3,5,1,2,3,0,0,2,1,4,2,1,0,1,1,0,2,3,0,0,2,1,1,1,1,0,0,0,1,0,0,1,1,0,0,0,0,0,0,0,0,0,0,0,0,0,0,0,1,0,0,0,0,0,0,0,0,0,0,0,0,0,0,0,0,0,0,0,0,0,0,0,0,0,0,0,0,0,0,0,0,0,0,0,0,0,0,0,0
0,0,0,0,1,0,2,0,0,2,1,1,0,1,1,1,2,3,1,2,3,3,4,1,4,2,2,2,3,6,3,3,6,9,10,6,6,7,7,10,9,5,9,16,17,12,22,15,16,8,22,14,16,17,17,18,15,13,12,12,17,21,12,18,15,22,19,11,18,21,20,14,19,14,15,11,15,12,13,17,8,12,13,11,15,13,10,10,12,7,6,7,5,8,6,5,7,9,2,5,5,5,3,4,3,7,2,2,4,3,3,3,1,1,1,2,3,0,0,2,1,3,2,1,2,0,1,1,2,0,0,2,0,0,0,1,1,0,0,0,1,1,0,0,0,0,0,0,0,2,0,0,1,0,0,0,0,0,0,0,0,0,0,0,0,0,0,0,0,0,0,0,0,0,0,0,0,0,0,0,0,0,0,0,0,0,0,0,0,0,0,0,0,0,0,0,0,0,0,0
0,0,1,0,0,0,0,0,0,2,0,1,1,2,2,0,0,2,3,4,0,2,1,1,0,1,4,2,5,2,3,5,5,13,8,3,8,9,14,9,5,12,11,12,9,13,12,12,11,16,18,18,16,21,12,15,18,15,13,18,19,9,16,23,12,15,11,13,21,19,17,22,14,14,17,15,15,16,12,11,13,15,16,10,6,8,7,8,8,7,4,9,5,4,7,8,5,6,6,5,2,6,5,1,2,2,5,3,3,3,2,1,4,3,1,2,5,3,2,1,2,2,0,0,0,2,0,0,0,1,0,1,0,1,2,1,3,2,1,1,0,0,0,0,0,0,0,0,0,0,0,0,0,0,0,1,0,0,0,0,0,0,0,0,0,0,0,0,0,0,0,0,0,0,0,0,0,0,0,0,0,0,0,0,0,0,0,0,0,0,0,0,0,0,0,0,0,0,0,0
0,0,0,0,0,1,1,0,0,0,1,1,0,1,0,0,3,1,2,3,2,2,6,3,2,4,4,5,7,3,11,4,9,6,6,5,8,6,4,8,8,10,15,12,11,19,21,15,14,14,20,13,19,22,22,14,13,22,19,18,13,14,9,17,15,22,20,16,15,18,27,14,9,11,13,17,11,15,14,7,7,14,10,10,15,10,10,11,3,6,5,10,6,8,5,4,6,5,6,3,4,6,4,1,4,3,3,1,2,2,2,3,1,3,3,3,3,5,1,0,0,3,0,4,1,0,0,2,1,0,0,2,0,0,0,0,0,1,0,0,0,0,0,0,0,2,0,0,0,0,0,0,0,1,0,0,0,0,0,1,0,0,0,0,0,0,0,0,0,0,0,0,0,0,0,0,0,0,0,0,0,0,0,0,0,0,0,0,0,0,0,0,0,0,0,0,0,0,0,0
0,1,0,0,0,1,1,0,0,2,2,0,0,1,0,1,2,0,2,0,3,5,3,3,7,2,5,8,6,6,3,5,2,7,8,9,9,3,11,11,8,6,9,10,8,15,13,12,16,22,23,12,20,19,15,18,13,13,21,16,20,22,13,15,19,18,8,22,11,16,15,16,17,19,13,9,11,18,15,17,12,15,10,10,10,11,3,12,7,9,5,6,8,7,6,4,7,4,8,4,4,6,3,2,4,2,0,1,4,0,2,3,3,0,0,1,0,0,1,0,1,2,4,2,1,1,1,1,0,1,0,1,1,0,0,0,0,0,0,1,0,1,1,0,0,1,0,0,0,0,0,0,0,0,0,0,0,0,0,0,0,0,0,0,0,0,0,0,0,0,0,0,0,0,0,0,0,0,0,0,0,0,0,0,0,0,0,0,0,0,0,0,0,0,0,0,0,0,0,0
0,0,0,0,0,0,0,0,0,0,1,0,0,2,1,0,2,0,1,1,1,1,2,4,1,3,5,5,2,5,5,5,11,5,8,6,7,10,7,13,6,9,10,15,12,22,12,17,14,15,18,22,12,21,15,20,13,12,16,13,9,21,16,14,9,11,12,15,16,21,16,14,9,10,17,19,19,11,12,16,14,8,7,11,9,10,10,3,11,5,5,6,8,6,7,3,5,2,2,2,1,2,7,3,5,2,1,6,2,2,4,4,2,4,3,3,1,1,0,1,3,1,2,0,3,2,1,0,0,0,1,1,0,0,1,1,0,1,1,0,0,0,0,0,0,0,0,0,0,1,0,0,0,0,0,0,0,0,0,0,0,0,0,0,0,0,1,0,0,0,0,0,0,0,0,0,0,0,0,0,0,0,0,0,0,0,0,0,0,0,0,0,0,0,0,0,0,0,0,0
0,0,0,0,0,0,0,0,0,1,2,0,1,1,0,0,2,2,3,1,1,3,2,1,5,7,5,1,5,4,4,4,6,2,9,7,7,8,9,7,9,8,8,16,9,12,24,8,20,10,10,22,15,12,22,15,11,14,14,15,9,15,13,15,16,11,13,15,25,19,9,16,15,14,9,10,10,9,11,13,11,12,8,13,16,8,5,3,7,7,6,7,5,13,6,8,4,4,7,2,4,4,1,1,1,0,2,1,0,2,1,4,6,0,1,1,1,0,1,0,2,3,3,0,2,0,0,2,0,1,1,0,0,1,0,0,0,0,0,1,1,0,0,0,0,0,0,0,0,1,0,0,0,0,0,0,0,0,0,0,0,0,0,0,0,0,0,0,0,0,0,0,0,0,0,0,0,0,0,0,0,0,0,0,0,0,0,0,0,0,0,0,0,0,0,0,0,0,0,0
0,0,0,0,0,0,0,0,0,1,0,1,0,0,0,1,0,0,0,2,2,1,1,1,4,1,3,6,3,4,7,2,6,12,1,4,12,7,7,10,5,11,10,14,14,13,13,11,9,13,21,16,20,13,12,5,16,18,16,19,13,13,15,19,14,16,15,6,10,15,12,15,11,12,13,14,11,6,8,6,14,7,9,11,13,11,10,13,5,5,7,7,5,6,5,3,4,8,2,4,3,6,2,2,2,2,1,3,2,2,1,3,3,3,3,3,1,2,1,3,0,0,1,1,1,0,0,1,0,0,1,2,0,0,1,0,1,0,1,0,1,1,0,0,0,0,0,1,0,0,0,0,0,0,0,0,0,0,0,0,0,0,0,0,0,0,0,0,0,0,0,0,0,0,0,0,0,0,0,0,0,0,0,0,0,0,0,0,0,0,0,0,0,0,0,0,0,0,0,0
0,0,0,1,1,1,1,0,0,1,0,0,0,2,0,2,1,1,1,1,1,3,2,0,3,2,5,3,4,2,3,5,6,6,4,8,12,6,9,7,3,15,10,14,16,7,3,9,16,14,19,10,17,13,25,9,12,9,19,21,16,13,14,16,9,13,18,20,14,17,12,21,11,6,9,14,8,11,11,14,7,5,7,4,12,9,7,11,4,2,9,9,4,3,4,3,4,6,4,3,5,2,4,4,4,3,0,0,4,2,1,1,4,0,1,0,1,0,3,0,0,1,4,0,1,0,2,1,0,0,0,0,0,0,0,0,1,0,1,0,0,0,0,0,0,0,0,1,0,0,0,0,0,0,0,0,0,0,0,0,0,0,0,0,0,0,0,0,0,0,0,0,0,0,0,0,0,0,0,0,0,0,0,0,0,0,0,0,0,0,0,0,0,0,0,0,0,0,0,0
0,0,0,0,0,1,0,0,0,1,1,0,0,2,1,0,0,3,0,0,0,5,3,1,3,1,2,5,2,3,1,2,5,6,8,7,7,9,9,8,8,8,11,11,10,9,11,17,10,21,17,12,19,11,17,14,14,16,12,19,8,14,6,11,11,7,15,11,13,16,11,11,9,12,10,11,13,4,6,14,7,6,8,6,6,9,7,6,7,12,4,7,3,3,4,3,2,5,4,4,2,5,1,1,8,3,3,2,2,4,2,1,0,3,3,1,2,1,4,2,0,2,1,3,4,1,0,0,0,2,1,1,1,0,0,2,0,0,1,1,0,0,1,0,0,0,0,0,0,0,0,0,0,0,0,0,0,0,0,0,0,0,0,0,0,0,0,0,0,0,0,0,0,0,0,0,0,0,0,0,0,0,0,0,0,0,0,0,0,0,0,0,0,0,0,0,0,0,0,0
0,0,0,0,0,0,2,0,0,1,1,0,0,3,1,1,3,2,1,0,2,1,2,0,4,2,6,2,6,4,3,3,4,2,2,5,3,8,7,7,9,8,16,10,20,12,7,14,15,18,11,21,13,22,12,16,16,12,19,17,14,11,12,8,15,16,9,9,18,16,21,6,10,9,11,8,7,11,6,8,7,9,6,4,11,8,2,12,5,8,9,3,5,10,4,3,5,4,3,6,2,5,6,3,3,2,2,1,3,1,2,4,0,0,2,0,0,1,0,2,1,1,0,0,1,0,3,0,1,1,2,0,0,0,0,0,0,0,1,0,0,0,0,0,0,0,0,0,0,0,0,0,0,0,0,0,0,0,0,0,0,0,0,0,0,0,0,0,0,0,0,0,0,0,0,0,0,0,0,0,0,0,0,0,0,0,0,0,0,0,0,0,0,0,0,0,0,0,0,0
0,0,0,0,0,0,1,0,0,1,0,1,0,0,0,3,2,1,0,2,2,6,2,1,5,3,1,3,6,4,3,7,7,7,5,7,7,8,7,8,8,2,12,7,11,5,6,9,9,12,15,10,14,8,12,15,13,18,14,13,14,10,14,11,14,19,13,12,11,15,14,13,10,12,7,8,6,11,9,8,11,9,5,7,9,7,6,4,3,8,12,4,8,3,3,5,3,8,8,2,0,4,4,1,3,6,1,8,3,4,1,4,2,2,4,3,3,0,1,1,1,2,4,0,3,2,0,1,2,0,0,0,0,0,0,0,0,0,1,0,2,0,0,0,0,0,0,1,0,0,0,0,0,0,0,0,0,0,0,0,0,0,0,0,0,0,0,0,0,0,0,0,0,0,0,0,0,0,0,0,0,0,0,0,0,0,0,0,0,0,0,0,0,0,0,0,0,0,0,0
0,0,0,0,0,1,0,0,0,0,1,0,0,1,0,1,3,4,0,1,0,4,2,0,2,2,3,5,3,2,2,3,5,3,6,4,10,7,6,8,7,9,7,12,13,8,14,8,6,17,14,6,18,18,16,8,12,8,9,20,11,11,17,11,12,11,6,8,16,15,13,23,7,13,14,12,9,5,7,10,13,15,11,13,10,4,8,4,9,4,2,2,5,6,4,4,3,2,4,2,2,4,2,3,4,3,4,2,1,1,3,1,0,1,3,1,0,1,1,0,3,1,1,1,3,1,0,0,0,0,1,2,0,0,1,0,0,0,1,0,0,1,0,0,0,0,0,1,1,0,0,0,0,0,0,0,0,0,0,0,0,0,0,0,0,0,0,0,0,0,0,0,0,0,0,0,0,0,0,0,0,0,0,0,0,0,0,0,0,0,0,0,0,0,0,0,0,0,0,0
0,0,0,1,0,2,0,1,0,0,0,1,1,2,0,0,1,1,0,0,3,3,2,0,2,2,8,5,1,3,4,7,7,10,9,5,6,3,9,6,7,5,6,3,14,15,10,10,5,10,12,13,11,14,10,9,12,9,23,17,10,17,14,15,16,8,9,12,15,13,12,15,10,6,6,8,8,10,11,8,7,10,9,6,4,9,3,3,5,3,9,6,7,3,6,10,1,2,3,3,2,4,2,5,3,3,2,1,1,3,2,3,0,0,2,2,1,2,2,1,1,1,1,1,0,0,1,0,2,0,1,1,0,0,0,0,0,0,1,0,0,1,0,0,0,0,0,0,0,0,0,0,0,0,0,0,0,0,0,0,0,0,0,0,0,0,0,0,0,0,0,0,0,0,0,0,0,0,0,0,0,0,0,0,0,0,0,0,0,0,0,0,0,0,0,0,0,0,0,0
0,0,0,2,0,0,1,0,0,1,0,1,0,0,0,3,0,2,0,3,2,0,2,2,3,3,4,3,3,3,7,7,6,6,6,5,5,11,5,8,13,8,5,12,4,10,11,8,5,13,14,7,9,13,12,8,16,19,13,16,14,12,14,5,9,9,16,11,12,11,6,16,12,6,11,9,11,14,11,13,8,7,9,6,8,4,7,12,10,9,5,4,4,3,3,8,6,4,4,4,1,3,2,3,4,1,1,2,2,0,2,3,2,2,2,4,3,0,1,2,1,1,0,2,0,3,0,0,0,0,0,0,0,1,0,0,0,0,0,1,2,0,0,1,0,1,0,0,0,0,0,0,0,0,0,0,0,0,0,0,0,0,0,0,0,0,0,0,0,0,0,0,0,0,0,0,0,0,0,0,0,0,0,0,0,0,0,0,0,0,0,0,0,0,0,0,0,0,0,0
0,0,0,1,0,0,0,0,0,0,0,0,0,0,0,0,2,1,0,2,0,2,1,2,5,1,5,4,2,1,6,7,3,11,6,5,4,7,7,3,6,6,5,12,7,8,15,1,6,8,11,8,12,8,22,16,12,11,13,19,12,20,18,11,8,10,8,4,12,11,10,15,12,7,10,12,9,9,8,2,7,9,7,3,3,2,5,9,6,6,4,5,2,3,1,3,5,2,4,3,3,2,2,2,1,2,3,3,1,3,2,2,0,3,0,2,0,1,2,1,1,2,3,0,3,2,1,1,1,0,1,0,1,1,0,1,0,0,0,0,0,0,1,0,0,0,0,0,0,0,0,0,0,0,0,0,0,0,0,0,0,0,0,0,0,0,0,0,0,0,0,0,0,0,0,0,0,0,0,0,0,0,0,0,0,0,0,0,0,0,0,0,0,0,0,0,0,0,0,0
0,0,0,0,0,0,2,0,0,0,0,0,1,0,0,2,0,0,0,0,3,0,4,0,6,4,5,7,7,3,2,8,3,8,4,3,2,4,4,6,5,10,9,14,9,8,20,10,9,13,9,16,10,5,6,11,6,8,7,16,13,13,8,12,10,17,10,6,10,10,11,9,7,9,12,10,5,8,11,13,10,6,9,4,7,11,7,3,9,6,4,7,7,5,3,5,4,5,5,9,2,1,1,1,2,5,2,4,4,2,1,1,1,1,2,2,2,2,1,1,2,1,2,1,1,0,1,0,0,0,0,0,1,0,0,1,0,1,0,0,0,0,0,0,0,0,0,0,1,0,0,0,0,0,0,0,0,0,0,0,0,0,0,0,0,0,0,0,0,0,0,0,0,0,0,0,0,0,0,0,0,0,0,0,0,0,0,0,0,0,0,0,0,0,0,0,0,0,0,0
0,0,0,0,1,1,1,0,0,0,0,0,0,0,2,1,3,2,1,1,1,4,0,3,2,2,4,7,2,4,1,5,3,3,3,5,4,2,9,10,9,3,8,9,6,11,12,6,8,13,8,10,12,11,10,10,9,11,8,10,13,13,15,13,14,14,9,5,12,10,11,8,17,8,7,10,14,9,7,8,6,12,9,8,1,6,9,6,3,6,5,5,7,2,5,7,2,3,4,6,4,2,2,3,1,3,1,0,1,3,2,2,1,3,2,3,1,0,1,1,0,2,0,1,2,1,1,3,0,0,0,0,0,0,0,0,0,0,0,1,0,0,0,0,0,0,0,0,0,1,0,0,0,0,0,0,0,0,0,0,0,0,0,0,0,0,0,0,0,0,0,0,0,0,0,0,0,0,0,0,0,0,0,0,0,0,0,0,0,0,0,0,0,0,0,0,0,0,0,0
0,0,0,1,0,0,0,0,0,1,0,0,0,0,0,1,3,2,2,0,1,0,4,0,3,1,2,1,6,0,3,0,0,5,3,6,6,5,7,13,5,8,6,8,7,10,12,7,8,13,7,9,4,11,9,8,8,15,9,13,11,8,14,17,9,10,6,9,10,7,8,12,12,16,14,9,8,11,7,12,0,9,2,7,6,10,9,2,5,4,12,3,4,6,1,5,4,5,3,2,5,2,2,1,3,4,0,1,0,2,2,4,1,1,0,1,1,2,0,1,0,1,0,0,1,0,0,1,0,1,0,0,1,1,0,0,1,0,0,0,0,1,0,0,0,0,0,0,0,0,0,0,0,0,0,0,0,0,0,0,0,0,0,0,0,0,0,0,0,0,0,0,0,0,0,0,0,0,0,0,0,0,0,0,0,0,0,0,0,0,0,0,0,0,0,0,0,0,0,0
0,0,0,0,0,0,1,0,1,0,0,1,1,1,0,2,4,3,2,4,4,1,0,0,1,1,3,4,6,2,5,4,2,9,6,4,5,8,10,5,6,7,8,7,7,14,18,7,10,12,14,15,10,17,12,11,14,18,16,13,9,8,8,9,10,9,7,10,7,8,11,7,8,6,8,14,7,2,9,5,4,9,8,10,8,4,6,1,4,4,8,4,4,3,5,5,2,5,3,3,4,1,4,1,2,3,1,3,2,1,4,4,1,2,1,0,3,1,2,0,2,0,0,1,3,0,1,0,2,0,0,1,0,0,1,1,0,0,0,1,0,0,0,0,0,0,0,0,0,0,0,0,0,0,0,0,0,0,0,0,0,0,0,0,0,0,0,0,0,0,0,0,0,0,0,0,0,0,0,0,0,0,0,0,0,0,0,0,0,0,0,0,0,0,0,0,0,0,0,0
0,0,0,1,0,0,0,0,0,0,1,1,0,1,0,1,0,3,1,1,1,4,2,1,1,3,7,1,3,1,1,2,3,7,5,10,3,4,6,6,8,9,9,18,9,7,7,5,9,12,11,7,10,12,11,6,7,8,11,9,13,9,13,8,11,23,6,15,12,6,9,13,10,16,7,9,5,7,10,11,5,10,8,6,5,5,8,4,7,4,3,2,4,6,4,6,3,3,3,0,3,4,3,2,2,2,1,2,1,0,3,3,1,1,3,0,2,0,0,3,0,1,0,2,0,0,0,0,1,0,1,1,0,0,0,0,0,1,0,0,0,0,0,0,1,0,0,1,0,0,0,0,0,0,0,0,0,0,0,0,0,0,0,0,0,0,0,0,0,0,0,0,0,0,0,0,0,0,0,0,0,0,0,0,0,0,0,0,0,0,0,0,0,0,0,0,0,0,0,0
0,0,0,0,0,1,1,0,0,2,0,2,0,1,0,2,1,0,0,3,0,1,4,1,2,2,3,3,5,6,2,1,7,8,4,4,5,6,5,6,6,12,7,11,9,9,9,10,8,8,6,5,6,18,9,11,9,5,9,10,10,13,12,13,12,17,7,17,11,5,7,6,7,11,5,8,4,9,6,8,3,6,8,7,5,4,3,4,6,2,5,4,7,2,3,3,1,4,4,2,5,1,1,8,5,0,1,1,1,1,2,2,1,0,1,2,1,1,0,1,2,2,0,0,1,2,0,1,1,1,1,0,1,0,1,0,0,1,0,0,0,0,0,1,0,0,0,0,1,0,0,0,0,0,0,0,0,0,0,1,0,0,0,0,0,0,0,0,0,0,0,0,0,0,0,0,0,0,0,0,0,0,0,0,0,0,0,0,0,0,0,0,0,0,0,0,0,0,0,0
0,0,0,0,0,0,0,0,0,0,0,1,0,0,1,1,1,2,0,0,0,2,2,2,4,2,1,4,2,0,1,5,6,7,2,5,4,5,7,7,3,7,8,6,7,10,13,8,7,5,8,7,8,9,8,9,12,8,14,11,13,10,14,7,8,10,2,9,12,10,6,5,13,11,8,6,9,3,10,11,6,7,4,2,4,3,3,4,5,3,5,4,7,4,2,0,0,5,2,2,1,4,3,3,3,1,2,4,1,2,1,0,3,1,0,0,1,1,1,1,1,0,0,1,2,0,0,1,0,0,0,0,0,0,0,0,0,0,0,0,0,0,0,0,0,0,0,0,0,0,0,0,1,0,0,0,0,0,0,0,0,0,0,0,0,0,0,0,0,0,0,0,0,0,0,0,0,0,0,0,0,0,0,0,0,0,0,0,0,0,0,0,0,0,0,0,0,0,0,0
0,0,0,0,0,0,0,1,0,2,0,0,0,1,0,1,1,1,2,0,2,2,2,0,1,1,3,5,3,0,1,3,2,2,1,3,1,5,9,9,5,4,2,9,9,10,6,5,6,9,11,7,9,12,11,8,13,12,13,9,7,15,9,7,5,11,14,6,13,14,7,5,5,8,7,1,9,5,6,7,2,4,11,6,6,9,3,4,3,4,5,4,2,3,1,3,2,5,2,3,0,2,2,3,1,4,3,0,2,1,2,0,2,4,0,0,3,2,1,0,0,2,1,0,0,1,0,0,1,0,1,1,0,1,0,1,1,0,0,0,0,0,0,0,0,0,1,0,0,0,0,0,0,0,0,0,0,0,0,0,0,0,0,0,0,0,0,0,0,0,1,0,0,0,0,0,0,0,0,0,0,0,0,0,0,0,0,0,0,0,0,0,0,0,0,0,0,0,0,0
0,0,0,0,0,0,0,0,0,1,0,0,1,0,0,0,0,1,1,3,1,1,1,1,0,3,5,6,5,2,2,3,2,4,3,7,4,6,4,7,4,6,9,12,9,4,9,6,6,8,4,5,15,4,7,12,10,6,7,6,5,10,8,6,6,7,13,5,10,13,14,5,6,7,10,3,7,5,13,12,8,3,1,10,4,8,3,4,5,3,4,3,5,3,9,4,6,1,3,1,0,2,2,2,1,1,1,4,2,2,1,3,2,0,1,0,0,0,0,1,0,1,0,0,0,1,1,0,0,0,0,0,0,0,0,1,0,0,1,0,0,0,0,0,0,0,0,0,0,0,0,0,0,0,0,0,0,0,0,0,0,0,0,0,0,0,0,0,0,0,0,0,0,0,0,0,0,0,0,0,0,0,0,0,0,0,0,0,0,0,0,0,0,0,0,0,0,0,0,0
0,0,0,0,0,0,0,0,0,1,0,0,0,2,2,1,3,0,3,0,2,1,2,1,2,3,1,3,2,3,3,1,4,4,4,5,5,7,8,5,6,6,9,7,5,5,4,6,14,9,4,11,6,8,9,4,10,9,6,5,14,7,13,7,12,10,8,2,8,12,7,8,10,8,10,5,5,4,3,6,7,5,3,4,6,9,4,2,3,2,6,7,5,4,1,4,5,2,0,5,4,3,3,4,1,1,3,3,1,1,0,1,1,1,0,1,1,0,2,0,2,1,0,0,1,1,0,2,0,0,0,0,0,0,0,0,0,0,0,0,0,0,0,0,0,0,0,0,0,0,0,0,0,0,0,0,0,0,0,0,0,0,0,0,0,0,0,0,0,0,0,0,0,0,0,0,0,0,0,0,0,0,0,0,0,0,0,0,0,0,0,0,0,0,0,0,0,0,0,0
0,0,0,1,0,0,0,0,1,1,1,0,0,0,0,0,1,0,1,0,2,1,3,3,0,0,2,5,3,1,4,0,2,6,4,4,4,4,3,6,5,5,5,7,6,10,4,7,9,5,3,10,8,8,8,8,8,10,10,8,4,8,8,10,6,12,8,5,9,7,4,7,3,5,9,7,6,8,4,9,6,6,4,5,4,5,5,6,4,2,7,3,3,5,3,1,3,1,2,3,0,2,1,3,2,1,1,0,1,3,4,1,1,2,2,2,2,1,0,0,0,0,0,0,0,1,1,0,1,1,0,1,0,0,0,0,0,0,0,0,0,0,1,0,0,0,0,0,0,0,0,0,0,0,0,0,0,0,0,0,1,0,0,0,0,1,0,0,0,0,0,0,0,0,0,0,0,0,0,0,0,0,0,0,0,0,0,0,0,0,0,0,0,0,0,0,0,0,0,0
0,0,0,1,0,0,1,0,0,0,0,0,0,1,0,0,0,1,0,2,0,2,1,2,0,1,0,5,5,3,4,3,3,5,3,7,7,7,6,5,1,3,6,5,7,6,4,8,4,10,3,11,8,10,13,9,11,5,13,9,9,6,7,7,10,9,7,9,6,9,6,10,4,9,7,8,6,3,8,7,7,4,4,4,4,8,5,3,1,5,4,10,5,8,6,1,0,1,4,6,0,3,1,2,3,2,1,2,0,2,2,1,1,2,2,4,1,1,1,0,1,2,0,0,0,1,2,0,2,0,1,1,0,0,0,0,1,0,0,0,0,0,0,0,0,0,0,0,0,0,0,0,0,0,0,0,0,0,0,0,0,0,0,0,0,0,0,0,0,0,0,0,0,0,0,0,0,0,0,0,0,0,0,0,0,0,0,0,0,0,0,0,0,0,0,0,0,0,0,0
0,0,0,0,0,0,0,0,0,1,0,0,0,1,0,1,0,1,0,0,1,1,1,2,3,3,1,3,4,2,1,2,3,4,3,3,2,4,8,3,12,4,7,9,9,6,10,7,3,6,10,8,5,8,12,4,8,8,8,6,14,8,10,11,6,7,6,4,8,10,9,7,3,12,10,8,4,5,7,6,1,2,4,3,2,4,6,6,3,0,1,3,3,3,2,2,2,2,0,3,3,2,3,1,1,1,1,2,1,0,1,3,2,0,0,0,1,0,0,1,1,0,1,2,1,1,0,0,0,1,0,0,0,0,0,1,0,0,0,1,0,0,0,0,0,0,0,0,0,0,0,0,0,0,0,0,0,0,0,0,0,0,0,0,0,0,0,0,0,0,0,0,0,0,0,0,0,0,0,0,0,0,0,0,0,0,0,0,0,0,0,0,0,0,0,0,0,0,0,0
0,0,0,0,0,0,0,0,0,0,0,0,0,1,1,0,1,1,0,1,0,3,2,0,2,3,2,2,3,3,2,3,3,4,2,2,4,2,3,10,0,8,3,7,8,9,8,10,12,7,4,4,10,6,12,6,6,6,10,9,6,6,8,9,3,10,12,10,5,6,4,5,8,6,7,7,5,3,10,3,6,2,6,3,3,4,7,4,7,2,3,4,5,2,4,4,0,1,3,2,2,2,3,1,5,1,4,0,3,0,1,0,2,1,0,0,1,0,0,0,0,2,0,2,1,0,0,0,1,1,0,0,0,1,0,0,0,0,0,0,0,0,0,0,1,0,0,0,0,0,0,0,0,0,0,0,0,0,0,0,0,0,0,0,0,0,0,0,0,0,0,0,0,0,0,0,0,0,0,0,0,0,0,0,0,0,0,0,0,0,0,0,0,0,0,0,0,0,0,0
0,0,0,1,0,1,0,0,0,0,1,1,0,0,0,1,1,0,0,1,3,2,1,2,1,2,2,2,1,5,1,3,3,5,2,3,4,2,3,3,3,6,2,3,6,7,4,10,10,7,8,11,16,10,7,4,10,11,7,8,12,4,6,8,9,5,7,6,5,11,10,6,3,8,9,5,8,3,4,7,2,8,2,2,9,5,3,2,3,4,0,1,3,2,1,0,3,3,3,2,3,7,0,2,2,3,1,2,0,2,0,0,2,1,0,1,1,1,0,1,0,0,1,0,1,1,0,0,0,1,1,0,0,0,0,1,0,0,1,0,0,0,0,0,0,0,0,0,0,0,0,0,0,1,0,0,0,0,0,0,0,0,0,0,0,0,0,0,0,0,0,0,0,0,0,0,0,0,0,0,0,0,0,0,0,0,0,0,0,0,0,0,0,0,0,0,0,0,0,0
0,0,0,0,0,0,1,1,0,0,0,1,1,0,1,2,5,0,1,1,3,0,1,0,1,1,2,6,1,7,0,6,1,3,5,1,1,4,6,5,5,7,2,7,5,4,8,7,8,5,7,8,4,6,6,7,11,7,12,9,9,6,6,8,7,5,8,5,4,9,8,8,5,2,5,5,4,6,5,5,7,5,6,1,5,7,2,3,7,1,9,3,2,4,4,3,2,2,3,2,2,1,1,0,0,2,2,2,1,1,3,1,1,2,0,1,1,1,0,0,0,0,1,1,2,1,0,1,0,0,0,0,0,0,0,0,0,0,0,0,0,0,0,0,0,0,0,0,0,0,0,0,1,0,0,0,0,0,0,0,0,0,0,0,0,0,0,0,0,0,0,0,0,0,0,0,0,0,0,0,0,0,0,0,0,0,0,0,0,0,0,0,0,0,0,0,0,0,0,0
1,0,0,0,0,1,0,0,0,3,0,1,1,0,0,1,1,1,0,2,0,1,2,0,1,3,2,0,1,2,0,1,1,3,5,1,2,3,8,5,7,1,5,4,12,7,8,10,7,9,6,7,8,8,12,11,9,8,8,6,8,3,14,7,3,13,4,12,8,7,4,2,3,3,5,3,7,12,9,6,7,7,4,5,3,5,9,4,4,3,2,7,3,3,2,3,2,4,6,2,4,4,1,1,3,0,0,4,2,1,1,2,0,1,3,0,0,2,0,0,3,0,1,1,0,0,1,0,0,0,0,1,0,0,0,0,0,0,0,0,1,0,0,0,0,0,0,0,0,0,0,0,0,0,0,0,0,0,0,0,0,0,0,0,0,0,0,0,0,0,0,0,0,0,0,0,0,0,0,0,0,0,0,0,0,0,0,0,0,0,0,0,0,0,0,0,0,0,0,0
0,0,0,0,0,0,1,0,0,0,0,1,0,1,1,0,0,1,1,1,1,3,5,3,1,1,3,1,4,0,0,2,1,4,2,3,5,6,3,4,3,3,6,5,3,5,5,4,2,7,5,14,6,12,8,6,8,6,6,4,9,4,8,3,4,5,11,12,7,8,5,6,4,9,3,4,8,11,3,2,1,5,4,5,7,4,3,2,5,1,2,4,2,0,2,3,1,2,1,1,2,2,3,2,1,4,1,3,2,4,1,0,1,3,2,0,1,1,0,1,1,0,0,0,0,0,0,1,0,0,0,0,0,1,0,0,0,0,0,0,0,1,0,0,0,0,0,0,0,0,0,0,0,0,0,0,0,0,0,0,0,0,0,0,0,0,0,0,0,0,0,0,0,0,0,0,0,0,0,0,0,0,0,0,0,0,0,0,0,0,0,0,0,0,0,0,0,0,0,0
0,0,0,0,0,0,0,0,0,0,0,0,0,0,0,2,0,0,1,0,1,0,0,2,2,0,1,2,1,3,1,2,3,4,5,4,1,6,5,4,9,5,1,2,3,3,3,5,4,4,5,6,6,6,13,10,13,11,4,7,8,6,7,11,10,0,9,3,10,7,8,5,5,11,2,6,8,2,7,5,3,5,1,7,3,7,2,1,4,1,4,0,3,4,4,2,3,1,3,1,0,4,3,1,1,0,2,2,2,0,2,0,0,0,0,2,0,0,0,1,1,0,1,0,0,0,1,0,0,2,0,0,0,0,0,2,1,0,0,2,0,0,0,0,0,0,0,0,0,0,0,0,1,0,0,0,0,0,0,0,0,0,0,0,0,0,0,0,0,0,0,0,0,0,0,0,0,0,0,0,0,0,0,0,0,0,0,0,0,0,0,0,0,0,0,0,0,0,0,0
0,0,0,0,0,0,0,0,0,0,0,1,0,0,1,1,1,4,0,1,2,0,2,1,1,2,0,5,1,2,0,3,2,1,2,4,2,7,2,5,4,4,2,3,5,3,7,6,5,3,4,7,8,5,5,5,11,9,7,5,4,13,8,6,11,7,7,6,6,3,8,6,6,1,5,5,1,4,5,4,5,3,4,3,2,4,6,3,9,2,6,3,3,1,2,2,1,1,0,0,2,2,2,1,6,0,2,1,2,1,2,1,0,1,0,0,1,0,0,0,0,1,0,0,1,1,0,0,1,1,1,0,0,0,1,2,0,0,0,0,0,0,0,0,0,0,0,0,0,0,0,0,0,0,0,0,0,0,0,0,0,0,0,0,0,0,0,0,0,0,0,0,0,0,0,0,0,0,0,0,0,0,0,0,0,0,0,0,0,0,0,0,0,0,0,0,0,0,0,0
0,0,0,1,0,1,0,0,0,1,0,0,0,1,0,1,1,0,0,3,0,2,0,2,4,1,1,2,1,3,2,0,1,8,2,0,3,7,4,4,6,3,6,6,8,3,6,6,9,10,4,3,10,7,8,14,5,3,10,6,10,5,4,4,7,7,7,5,8,3,3,7,4,6,3,4,4,3,7,2,2,4,6,5,6,2,1,9,2,5,2,2,2,2,1,2,2,7,2,0,2,3,4,4,1,0,1,2,0,0,2,0,4,0,0,2,0,0,0,0,0,2,0,0,3,1,1,0,0,0,0,0,0,0,0,0,0,0,0,0,0,0,0,0,0,0,0,0,0,0,0,0,0,0,0,0,0,0,0,0,0,0,0,0,0,0,0,0,0,0,0,0,0,0,0,0,0,0,0,0,0,0,0,0,0,0,0,0,0,0,0,0,0,0,0,0,0,0,0,0
0,0,0,0,0,0,0,0,0,0,0,0,1,1,0,1,1,0,1,0,2,2,0,1,1,1,2,2,3,7,0,2,1,5,5,4,3,5,5,2,7,3,5,5,4,4,7,8,8,5,7,6,4,5,8,6,10,7,5,2,4,7,11,4,7,2,5,3,4,9,4,10,6,3,4,5,7,4,5,4,2,4,0,6,2,2,4,4,3,2,7,1,5,2,7,1,3,3,1,3,0,3,1,1,2,0,2,1,2,1,1,0,1,0,1,0,0,1,2,1,1,0,1,0,0,1,1,0,0,0,0,1,0,0,0,0,0,1,0,0,0,0,0,0,0,0,0,0,0,0,0,0,0,0,0,0,0,0,0,0,0,0,0,0,0,0,0,0,0,0,0,0,0,0,0,0,0,0,0,0,0,0,0,0,0,0,0,0,0,0,0,0,0,0,0,0,0,0,0,0
0,0,0,0,0,0,0,0,0,0,0,0,1,0,1,1,1,1,1,0,0,1,1,1,1,1,3,1,1,2,2,1,1,2,3,2,4,3,2,3,2,6,3,5,5,7,3,5,4,4,3,12,4,6,6,7,2,6,7,3,11,10,6,6,5,7,7,4,5,6,6,6,4,5,6,4,7,2,3,4,4,2,3,2,4,9,3,5,4,2,1,4,0,5,3,2,2,4,2,2,1,2,0,0,0,0,0,1,1,1,1,1,0,0,3,1,2,1,0,0,0,1,2,0,0,0,1,0,0,0,0,0,0,0,0,0,0,0,0,0,0,1,0,0,1,0,0,1,1,0,0,0,0,1,0,0,0,0,0,0,0,0,0,0,0,0,0,0,0,0,0,0,0,0,0,0,0,0,0,0,0,0,0,0,0,0,0,0,0,0,0,0,0,0,0,0,0,0,0,0
0,0,0,0,0,0,0,0,0,2,1,0,0,0,0,1,0,1,0,2,1,2,1,0,3,0,2,3,3,0,2,4,1,2,2,7,1,4,4,1,3,2,4,7,8,6,4,6,4,7,4,4,2,8,9,4,1,7,8,12,7,3,8,4,8,5,4,5,4,6,2,7,4,5,5,7,2,2,4,3,3,5,4,2,2,6,4,2,4,4,3,2,4,3,2,0,2,1,1,1,4,2,1,1,6,1,0,0,1,0,0,4,1,0,1,0,0,0,1,1,1,1,0,0,0,1,1,0,2,0,0,2,0,0,0,1,0,0,0,0,0,0,0,0,0,0,1,0,0,0,0,0,0,0,0,0,0,0,0,0,0,0,0,0,0,0,0,0,0,0,0,0,0,0,0,0,0,0,0,0,0,0,0,0,0,0,0,0,0,0,0,0,0,0,0,0,0,0,0,0
1,0,0,0,0,0,0,0,0,0,0,0,0,0,1,0,0,2,0,1,0,1,1,1,2,0,4,0,2,4,1,4,3,5,5,3,2,0,3,3,3,2,2,2,8,9,2,5,7,7,8,7,8,7,7,3,4,4,7,3,6,7,6,7,7,5,7,5,7,3,7,5,6,9,6,4,5,2,2,5,3,3,5,5,5,3,2,5,4,2,0,3,1,1,6,2,0,3,1,0,1,1,1,2,1,2,2,0,1,0,1,1,1,2,4,1,0,0,0,1,1,1,0,0,0,1,0,0,0,0,0,0,0,0,0,0,0,0,0,0,0,0,0,0,0,0,0,0,0,0,0,0,0,0,0,0,0,0,0,0,0,0,0,0,0,0,0,0,0,0,0,0,0,0,0,0,0,0,0,0,0,0,0,0,0,0,0,0,0,0,0,0,0,0,0,0,0,0,0,0
0,0,0,0,0,0,0,0,0,0,0,0,0,2,0,0,0,0,0,0,0,1,1,0,2,2,1,1,2,2,1,0,2,4,3,5,4,5,1,3,6,1,3,6,4,5,7,6,5,3,7,7,3,3,9,5,7,7,4,7,5,7,8,13,7,9,3,5,4,7,4,7,6,4,2,1,5,1,7,3,4,7,3,3,2,1,3,3,6,5,0,3,1,3,2,1,4,0,2,1,2,3,1,1,0,1,2,2,3,0,2,2,0,2,0,0,1,0,0,1,1,0,0,0,1,0,2,0,0,0,0,0,0,1,0,0,0,1,0,0,1,0,0,1,0,0,0,0,0,0,0,0,0,0,0,0,0,0,0,0,0,0,0,0,0,0,0,0,0,0,0,0,0,0,0,0,0,0,0,0,0,0,0,0,0,0,0,0,0,0,0,0,0,0,0,0,0,0,0,0
0,0,0,0,0,0,0,0,1,2,0,0,0,0,1,0,0,0,0,0,0,1,0,1,0,3,4,2,3,2,3,1,2,5,0,5,7,6,0,4,2,1,3,4,3,6,2,6,4,5,4,9,3,2,6,2,4,4,4,7,8,7,9,4,7,6,2,4,11,1,4,6,6,1,8,4,4,7,1,4,3,1,3,6,0,2,2,5,1,4,4,4,0,3,1,1,1,1,3,1,0,1,2,0,0,1,1,2,1,1,3,0,0,2,1,0,0,1,0,0,0,1,0,0,0,0,1,0,0,0,1,0,0,0,0,0,0,0,0,0,0,0,0,2,0,0,1,0,0,0,0,0,0,0,0,0,0,0,0,0,0,0,0,0,0,0,0,0,0,0,0,0,0,0,0,0,0,0,0,0,0,0,0,0,0,0,0,0,0,0,0,0,0,0,0,0,0,0,0,0
0,0,0,0,0,0,1,0,0,0,0,0,1,0,0,0,1,0,1,0,1,1,0,2,1,1,2,1,7,1,0,3,2,1,5,4,2,4,2,3,4,4,6,5,3,7,4,5,5,8,12,8,10,9,8,4,4,6,4,7,11,8,5,4,3,7,3,10,11,2,3,1,4,4,6,8,4,4,3,0,2,3,2,5,4,3,5,1,0,1,1,5,3,0,4,1,2,2,4,0,2,2,0,3,2,0,0,0,2,0,0,0,0,0,0,0,0,0,0,0,1,0,0,0,0,0,1,0,0,0,1,0,0,0,0,0,0,1,0,0,0,0,0,0,0,0,0,0,0,0,0,0,0,0,0,0,0,0,0,0,0,0,0,0,0,0,0,0,0,0,0,0,0,0,0,0,0,0,0,0,0,0,0,0,0,0,0,0,0,0,0,0,0,0,0,0,0,0,0,0
0,0,0,0,0,1,0,0,0,1,0,0,0,0,0,2,0,0,2,0,5,1,2,0,2,1,1,0,1,0,1,1,2,3,2,2,3,2,3,2,1,9,3,4,8,5,6,5,4,8,3,8,3,6,6,7,3,3,6,5,5,4,7,4,8,5,7,10,4,1,4,13,4,2,3,5,6,3,4,2,6,4,2,2,2,2,2,5,2,3,5,2,1,2,2,2,1,4,1,1,4,2,0,1,1,2,0,0,1,0,1,1,1,0,1,1,2,1,0,0,1,0,0,0,0,0,0,1,0,0,1,0,0,0,0,1,0,2,0,0,0,0,1,0,0,0,0,0,0,0,0,0,0,0,0,0,0,0,0,0,0,0,0,0,0,0,0,0,0,0,0,0,0,0,0,0,0,0,0,0,0,0,0,0,0,0,0,0,0,0,0,0,0,0,0,0,0,0,0,0
0,0,0,0,0,1,0,0,1,0,0,0,2,0,0,0,1,0,1,0,0,1,2,2,1,1,0,2,1,0,3,1,1,2,1,1,3,1,6,3,0,5,3,5,5,5,7,7,5,1,5,3,7,9,4,7,4,2,6,9,3,3,7,5,8,3,7,1,3,9,6,5,7,5,1,0,3,2,4,4,0,2,3,2,5,2,2,1,2,1,3,4,4,4,2,3,2,3,3,0,1,1,3,1,0,2,1,1,1,0,0,1,0,0,0,2,0,0,2,0,0,0,0,0,1,2,0,1,0,0,0,0,0,0,0,0,0,0,0,0,0,0,0,0,0,0,0,0,0,0,0,0,0,0,0,0,0,0,0,0,0,0,0,0,0,0,0,0,0,0,0,0,0,0,0,0,0,0,0,0,0,0,0,0,0,0,0,0,0,0,0,0,0,0,0,0,0,0,0,0
0,0,0,0,0,0,0,0,0,0,0,1,0,0,0,1,1,0,0,1,1,0,0,0,1,0,3,1,2,3,3,1,1,6,1,5,4,7,2,4,6,4,2,5,2,6,3,7,0,9,3,5,7,5,5,5,3,6,3,2,4,5,7,9,3,6,6,5,10,4,3,3,8,4,3,2,5,2,4,3,8,4,1,4,4,1,6,3,3,3,1,2,0,0,1,2,1,1,2,3,2,0,1,2,0,0,0,1,0,2,0,0,1,0,0,0,1,1,1,0,1,0,1,0,0,0,0,0,2,0,0,0,0,0,0,0,0,0,0,0,0,0,0,0,0,1,0,0,0,0,0,1,0,0,0,0,0,0,0,0,0,0,0,0,0,0,0,0,0,0,0,0,0,0,0,0,0,0,0,0,0,0,0,0,0,0,0,0,0,0,0,0,0,0,0,0,0,0,0,0
0,0,0,1,0,0,1,0,0,0,0,1,0,2,2,2,0,1,1,1,1,2,0,0,1,0,0,1,1,1,2,2,3,3,0,2,3,5,5,2,1,2,3,8,3,2,5,2,7,5,5,1,7,6,7,4,6,3,7,6,2,4,8,3,4,2,4,1,5,5,4,4,3,6,7,2,4,1,1,4,3,5,1,0,4,1,4,1,3,1,1,2,6,1,1,1,0,1,1,3,1,1,1,1,0,0,1,0,2,0,1,2,0,1,2,1,0,0,0,0,1,1,0,0,0,0,0,0,0,0,0,0,0,1,0,0,0,0,0,0,0,0,0,0,0,0,0,0,0,1,0,0,0,0,0,0,0,0,0,0,0,0,0,0,1,0,0,0,0,0,0,0,0,0,0,0,0,0,0,0,0,0,0,0,0,0,0,0,0,0,0,0,0,0,0,0,0,0,0,0
0,0,0,0,0,0,0,0,1,1,0,0,0,1,0,0,0,0,0,0,1,1,3,0,0,1,1,1,2,1,0,2,1,4,4,6,3,2,1,3,3,6,4,3,2,8,11,4,3,0,2,4,8,9,5,3,7,5,6,8,7,7,12,6,1,2,7,1,4,5,4,6,3,2,5,2,4,4,2,1,7,1,4,4,4,3,3,2,1,2,2,2,6,5,1,1,3,1,0,1,1,6,1,1,1,0,1,0,0,1,1,1,1,1,0,0,3,1,1,1,0,1,0,1,0,0,0,0,0,0,0,0,1,0,0,0,1,0,0,0,0,0,0,0,0,0,0,0,0,0,1,0,1,0,0,0,0,0,0,0,0,0,0,0,0,0,0,0,0,0,0,0,0,0,0,0,0,0,0,0,0,0,0,0,0,0,0,0,0,0,0,0,0,0,0,0,0,0,0,0
0,0,0,0,0,0,0,0,0,0,0,0,0,0,1,0,0,0,0,1,0,1,0,0,2,1,1,1,0,0,2,2,6,3,2,3,2,5,4,3,1,2,1,4,1,3,3,7,4,2,4,3,4,5,3,3,6,3,6,8,4,1,6,6,9,5,5,2,6,4,1,7,2,3,8,3,3,1,1,4,2,7,0,3,1,2,4,2,1,3,0,1,5,1,1,3,0,1,1,1,2,1,0,0,1,0,0,3,0,1,0,0,0,1,2,0,1,1,0,0,1,1,1,0,1,0,1,0,0,0,0,0,0,0,0,0,1,0,0,0,1,0,0,0,0,0,0,0,0,0,0,1,0,0,0,0,0,0,0,0,0,0,0,0,0,0,0,0,0,0,0,0,0,0,0,0,0,0,0,0,0,0,0,0,0,0,0,0,0,0,0,0,0,0,0,0,0,0,0,0
0,0,0,0,0,0,0,0,0,0,0,0,0,1,0,0,0,0,1,0,1,0,0,1,0,0,1,0,3,1,0,1,3,3,6,0,4,1,2,1,3,3,3,4,4,3,2,5,3,2,6,9,8,5,3,3,5,7,5,1,3,5,4,4,3,4,4,5,7,5,3,6,3,5,5,6,2,5,7,6,2,2,2,3,4,4,0,1,2,1,1,4,0,2,2,2,2,1,0,0,2,3,1,1,0,1,1,1,0,0,1,0,1,1,0,0,0,1,0,0,0,0,1,0,0,4,0,0,0,0,0,1,0,0,0,1,0,0,0,1,0,0,0,0,0,1,0,0,0,0,0,0,0,0,0,0,0,0,0,0,0,0,0,0,0,0,0,0,0,0,0,0,0,0,0,0,0,0,0,0,0,0,0,0,0,0,0,0,0,0,0,0,0,0,0,0,0,0,0,0
0,0,0,0,0,0,0,0,0,0,0,1,1,1,0,2,1,0,0,1,1,0,0,1,0,3,1,1,2,3,0,5,2,1,2,0,4,1,4,0,5,3,2,6,5,5,3,2,2,3,3,3,2,7,8,6,4,3,5,0,3,6,6,5,5,3,6,6,2,3,5,4,6,5,3,3,3,5,3,3,2,3,1,5,0,3,2,2,5,2,0,1,2,1,6,2,1,1,2,1,0,2,0,0,1,0,0,1,0,0,2,1,0,0,0,0,0,2,0,0,0,0,0,0,0,1,1,1,0,0,0,0,1,0,0,0,0,0,0,0,0,0,0,0,0,0,0,0,0,0,0,0,0,0,0,0,0,0,0,0,0,0,0,0,0,0,0,0,0,0,0,0,0,0,0,0,0,0,0,0,0,0,0,0,0,0,0,0,0,0,0,0,0,0,0,0,0,0,0,0
0,1,0,0,0,0,0,0,0,0,0,0,1,1,0,0,0,0,0,1,0,0,1,1,0,0,0,3,2,0,0,0,1,1,2,1,1,1,4,2,4,2,2,1,3,5,8,2,3,9,5,4,3,5,3,5,5,3,4,2,5,2,1,7,3,3,5,2,4,4,0,4,3,3,5,3,5,6,3,4,3,2,2,2,3,5,2,1,3,0,1,3,1,4,2,1,2,1,2,2,3,2,0,0,1,0,0,1,2,2,0,0,0,0,0,2,0,0,0,0,0,1,0,1,0,1,0,0,0,0,0,0,0,0,1,0,0,1,0,0,0,0,0,0,0,0,0,0,0,0,0,0,0,0,0,0,0,0,0,0,0,0,0,0,0,0,0,0,0,0,0,0,0,0,0,0,0,0,0,0,0,0,0,0,0,0,0,0,0,0,0,0,0,0,0,0,0,0,0,0
0,0,0,0,0,1,0,0,0,0,0,0,0,0,0,1,0,0,0,0,1,1,0,0,1,0,3,4,2,1,2,1,1,2,4,1,1,5,1,5,1,2,4,4,3,4,1,2,2,5,3,5,4,1,6,2,1,9,9,4,3,7,6,3,6,6,6,4,5,2,4,0,2,3,3,7,2,3,3,4,4,1,3,1,3,4,3,0,2,2,2,2,2,5,1,1,0,1,2,1,1,0,1,1,3,1,2,1,3,0,0,2,0,0,1,0,0,1,0,1,1,0,0,0,0,1,1,0,0,0,0,0,0,0,0,0,0,0,0,0,0,0,0,0,0,0,0,0,0,0,0,0,0,0,0,0,0,0,0,0,0,0,0,0,0,0,0,0,0,0,0,0,0,0,0,0,0,0,0,0,0,0,0,0,0,0,0,0,0,0,0,0,0,0,0,0,0,0,0,0
0,0,0,0,0,0,0,0,0,0,0,0,1,0,0,1,0,0,0,2,0,1,2,0,0,1,0,1,2,1,1,2,2,2,1,3,3,1,5,5,5,4,6,6,3,3,3,2,1,3,2,4,5,5,9,4,7,8,6,4,4,2,7,3,2,8,4,7,1,3,2,1,1,4,4,3,4,7,3,3,1,1,0,4,1,2,3,3,1,3,2,2,4,1,2,0,2,1,4,0,1,2,1,0,0,0,0,1,0,0,0,3,0,0,0,1,0,2,0,1,1,0,0,1,0,0,0,0,0,0,0,0,0,0,0,0,0,0,0,0,0,1,0,0,0,0,0,0,0,1,0,0,0,0,0,0,0,0,0,0,0,0,0,0,0,0,0,0,0,0,0,0,0,0,0,0,0,0,0,0,0,0,0,0,0,0,0,0,0,0,0,0,0,0,0,0,0,0,0,0
0,0,0,0,0,0,0,0,0,0,0,0,0,0,0,0,0,0,2,0,0,0,1,0,2,0,1,0,1,1,2,2,0,2,3,2,0,2,0,0,1,2,1,2,3,1,4,3,2,2,5,7,8,5,3,3,0,1,2,7,4,6,1,6,5,5,1,3,1,2,6,4,3,2,4,4,2,1,3,3,4,3,1,1,2,2,1,1,5,2,3,0,1,2,0,0,0,1,0,3,0,2,2,0,2,2,1,1,1,1,0,0,1,0,0,0,1,0,0,0,1,0,0,0,0,0,0,0,0,0,0,2,1,0,0,2,0,0,0,0,0,0,0,0,0,0,0,0,0,0,0,0,0,0,0,0,0,0,0,0,0,0,0,1,0,0,0,0,0,0,0,0,0,0,0,0,0,0,0,0,0,0,0,0,0,0,0,0,0,0,0,0,0,0,0,0,0,0,0,0
0,0,0,0,0,0,0,0,0,0,0,1,0,0,0,0,0,0,0,0,1,0,0,1,1,0,3,1,2,0,1,1,2,2,4,3,0,4,1,4,3,4,4,1,0,4,1,6,2,3,3,2,4,4,4,7,5,3,3,4,2,6,1,5,5,5,3,4,1,5,4,4,2,4,4,3,2,2,4,2,4,0,0,8,2,2,2,2,0,1,1,1,1,1,2,2,0,2,4,2,2,3,3,1,1,2,0,2,1,0,1,0,0,0,0,1,0,2,0,0,0,0,2,0,0,0,0,0,0,1,0,0,1,0,0,0,1,0,2,0,0,0,0,0,0,0,0,0,0,0,0,0,0,0,0,0,0,0,0,0,0,0,0,0,0,0,0,0,0,0,0,0,0,0,0,0,0,0,0,0,0,0,0,0,0,0,0,0,0,0,0,0,0,0,0,0,0,0,0,0
0,0,0,0,0,1,0,0,0,0,0,0,0,1,0,1,0,1,0,1,0,1,2,0,1,3,0,2,0,0,1,1,1,3,3,2,2,3,1,5,1,0,3,2,7,6,5,6,1,2,5,3,2,2,6,1,5,3,4,5,7,4,4,1,1,4,1,6,2,4,4,2,1,3,3,1,0,7,1,1,4,4,2,4,4,3,3,3,1,2,1,3,3,4,1,1,1,1,0,4,1,1,0,1,0,0,1,2,2,0,1,0,1,0,1,1,0,0,0,0,1,0,1,0,0,0,0,0,0,1,0,0,0,0,1,0,1,0,0,0,0,0,0,0,0,1,0,0,0,0,0,0,0,0,0,0,0,0,0,0,0,0,0,0,0,0,0,0,0,0,0,0,0,0,0,0,0,0,0,0,0,0,0,0,0,0,0,0,0,0,0,0,0,0,0,0,0,0,0,0
1,0,0,0,0,0,0,0,0,0,0,0,0,1,0,0,0,1,0,0,1,0,1,0,1,1,0,1,2,1,3,4,1,0,2,0,1,2,1,5,1,1,4,0,2,2,4,3,6,6,0,5,2,3,5,5,4,2,2,2,5,5,7,4,3,1,8,3,1,3,2,2,3,1,2,2,2,2,2,2,5,2,2,1,2,0,3,2,2,1,1,2,1,1,2,1,2,1,0,1,4,1,1,1,1,1,0,0,0,1,0,0,0,0,1,0,0,0,0,1,1,0,3,0,1,0,0,0,0,0,0,0,0,0,0,0,0,0,0,0,0,0,0,0,0,0,0,0,0,0,0,0,0,0,0,0,0,0,0,0,0,0,0,0,0,0,0,0,0,0,0,0,0,0,0,0,0,0,0,0,0,0,0,0,0,0,0,0,0,0,0,0,0,0,0,0,0,0,0,0
0,0,0,0,0,0,0,0,0,0,0,1,0,0,0,0,1,0,2,0,0,0,1,0,0,1,1,0,1,1,2,3,0,1,3,2,3,0,2,2,5,0,3,2,4,3,3,0,1,3,1,7,8,5,4,6,1,2,0,2,5,2,4,4,5,3,4,4,1,2,6,1,1,5,2,1,1,3,2,0,1,1,4,3,0,0,1,1,3,1,1,3,0,1,0,2,1,0,3,1,2,0,1,0,2,0,0,0,0,1,0,0,1,0,0,0,1,0,0,2,0,1,0,3,1,0,0,0,0,0,1,0,0,0,0,0,0,0,0,0,0,0,0,0,0,0,0,0,0,0,0,0,0,0,0,0,0,0,0,0,0,0,0,0,0,0,0,0,0,0,0,0,0,0,0,0,0,0,0,0,0,0,0,0,0,0,0,0,0,0,0,0,0,0,0,0,0,0,0,0
0,0,0,0,0,0,1,0,0,1,1,0,0,0,0,0,0,0,0,0,0,0,2,1,1,2,1,1,1,3,1,1,0,2,0,2,1,2,1,3,1,2,3,4,1,1,1,2,2,5,5,2,3,2,2,2,2,5,4,5,2,5,1,5,2,3,2,5,8,3,6,2,7,2,4,2,4,3,2,0,3,2,3,3,3,1,1,4,2,2,1,1,2,2,1,1,1,1,0,0,0,0,0,0,0,0,0,2,0,1,1,0,0,2,0,1,0,0,0,0,0,0,0,0,1,0,1,1,0,0,0,0,0,0,0,1,1,0,0,0,0,0,0,0,0,0,0,0,0,0,0,0,0,0,0,0,0,0,0,0,0,0,0,0,0,0,0,0,0,0,0,0,0,0,0,0,0,0,0,0,0,0,0,0,0,0,0,0,0,0,0,0,0,0,0,0,0,0,0,0
0,0,0,0,0,1,1,0,0,1,0,1,0,0,0,1,0,0,0,0,0,4,0,0,1,0,0,2,3,0,1,3,2,1,1,3,3,3,3,0,0,0,2,2,2,2,2,4,0,5,4,6,5,3,2,6,3,6,5,4,4,2,3,5,2,3,2,1,3,2,5,1,3,1,4,3,3,2,4,2,3,0,2,1,1,3,4,1,1,4,1,4,0,1,0,0,1,2,2,1,0,0,0,0,1,2,1,1,0,0,0,1,0,1,0,0,0,0,0,0,1,0,0,0,1,0,1,0,0,0,0,0,0,0,0,1,1,0,0,0,0,0,0,0,0,0,0,0,0,0,0,0,0,1,0,0,0,0,0,0,0,0,0,0,0,0,0,0,0,0,0,0,0,0,0,0,0,0,0,0,0,0,0,0,0,0,0,0,0,0,0,0,0,0,0,0,0,0,0,0
0,0,1,0,0,0,0,1,0,0,0,0,0,0,1,1,0,1,0,3,0,2,1,1,2,1,0,2,1,0,0,2,0,0,3,1,1,2,3,3,3,2,0,3,2,2,3,4,5,3,7,5,3,3,0,2,1,0,3,1,2,2,2,3,3,2,1,1,3,2,6,4,2,4,2,0,2,3,1,7,4,3,4,2,1,0,1,4,1,2,2,0,3,2,3,2,2,1,1,0,0,1,2,0,2,0,1,1,1,0,0,0,0,0,0,0,0,0,0,1,0,0,0,0,0,0,0,0,0,0,0,0,0,1,0,0,0,0,0,0,0,0,0,0,0,0,0,0,0,0,0,0,0,0,0,0,0,0,0,0,0,0,0,0,0,0,0,0,0,0,0,0,0,0,0,0,0,0,0,0,0,0,0,0,0,0,0,0,0,0,0,0,0,0,0,0,0,0,0,0
0,0,0,0,0,1,1,0,1,0,0,0,0,0,1,0,0,0,0,1,2,1,0,1,0,1,1,1,0,2,0,1,1,4,2,0,1,4,1,1,3,3,5,1,3,4,3,4,2,2,3,1,4,4,4,3,4,2,1,3,1,3,5,5,4,5,2,2,6,6,3,3,1,3,1,0,4,3,1,5,2,3,1,2,1,1,0,1,2,2,6,4,2,1,1,0,2,1,0,1,1,1,0,0,1,1,0,0,0,0,1,0,1,0,0,2,0,0,0,0,1,0,0,0,0,0,1,0,0,0,0,0,1,0,0,0,1,0,0,0,0,0,0,0,1,0,0,0,0,0,0,0,0,0,0,0,0,0,0,0,0,0,0,0,0,0,0,0,0,0,0,0,0,0,0,0,0,0,0,0,0,0,0,0,0,0,0,0,0,0,0,0,0,0,0,0,0,0,0,0
0,0,0,0,0,0,0,0,0,0,0,0,0,0,0,0,0,0,0,0,1,0,0,0,0,0,0,1,0,1,1,2,2,2,1,3,2,0,3,3,2,2,1,4,2,3,2,6,3,5,2,5,1,3,3,5,4,3,4,2,0,7,1,6,2,3,4,2,3,2,5,6,5,2,2,2,3,3,3,2,1,0,1,3,2,2,0,1,3,1,0,1,0,1,2,1,0,1,0,1,1,1,1,0,1,0,1,2,0,0,2,1,0,1,0,1,0,0,1,0,0,0,0,0,0,0,0,0,0,0,0,0,1,0,0,0,0,0,0,0,0,1,0,0,0,0,0,0,0,0,0,0,0,0,0,0,0,0,0,0,0,0,0,0,0,0,0,0,0,0,0,0,0,0,0,0,0,0,0,0,0,0,0,0,0,0,0,0,0,0,0,0,0,0,0,0,0,0,0,0
0,0,0,0,0,1,0,0,0,0,0,0,0,1,0,0,0,0,0,0,1,1,1,0,1,0,1,2,0,0,0,2,0,1,0,3,2,1,1,2,2,1,0,4,3,1,6,1,3,2,3,1,6,4,4,1,0,2,3,5,5,2,3,2,0,4,2,4,2,4,1,0,3,4,1,4,1,4,1,2,4,2,0,1,0,5,0,2,0,3,3,2,2,2,0,0,1,1,1,1,1,1,0,1,1,0,0,0,0,0,0,1,0,1,0,2,0,1,0,0,0,0,0,0,0,0,0,0,0,0,0,0,0,0,0,1,0,0,0,0,0,0,0,0,0,0,0,0,0,0,0,0,0,0,0,0,0,0,0,0,0,0,0,0,0,0,0,0,0,0,0,0,0,0,0,0,0,0,0,0,0,0,0,0,0,0,0,0,0,0,0,0,0,0,0,0,0,0,0,0
0,0,0,1,0,1,1,0,0,0,0,1,0,0,0,0,1,0,1,0,0,1,0,0,2,0,1,0,1,0,2,1,3,0,0,2,2,2,4,3,0,2,3,2,2,3,1,4,4,4,2,5,5,8,1,1,2,1,0,6,2,4,2,2,2,2,5,2,6,4,3,2,3,2,4,1,2,1,1,0,2,1,4,2,1,1,1,2,1,0,1,2,0,0,1,2,3,2,2,0,1,1,2,1,0,0,1,0,1,0,2,2,0,0,1,0,0,0,1,0,0,0,0,0,0,1,1,0,0,0,0,0,0,1,0,0,0,0,0,0,0,0,0,0,0,0,0,0,0,0,0,0,0,0,0,0,0,0,0,0,0,0,0,0,0,0,0,0,0,0,0,0,0,0,0,0,0,0,0,0,0,0,0,0,0,0,0,0,0,0,0,0,0,0,0,0,0,0,0,0
0,0,1,0,0,0,0,0,0,0,0,0,0,0,0,0,0,2,0,0,0,0,0,0,0,0,1,3,2,0,1,0,1,3,1,1,2,1,4,3,2,2,4,2,3,2,5,0,1,2,3,2,4,0,4,3,3,1,5,3,4,2,4,2,0,3,2,1,0,1,2,1,3,0,2,2,0,3,1,3,2,2,3,0,0,4,1,3,1,1,3,3,0,0,0,1,0,3,0,0,1,2,0,0,2,0,1,0,0,1,0,0,0,0,0,0,2,0,1,0,0,0,0,0,1,0,0,0,0,0,0,0,0,0,0,0,0,0,0,0,0,0,0,0,0,0,0,0,0,0,0,0,0,0,0,0,0,0,0,0,0,0,0,0,0,0,0,0,0,0,0,0,0,0,0,0,0,0,0,0,0,0,0,0,0,0,0,0,0,0,0,0,0,0,0,0,0,0,0,0
0,0,0,0,1,0,0,0,1,0,0,0,1,0,0,0,0,2,0,0,0,0,0,0,1,0,1,1,3,1,0,1,0,0,0,3,1,4,0,2,0,2,1,2,4,4,1,4,3,5,1,3,1,0,4,2,3,1,4,7,5,6,4,3,4,3,1,2,4,3,2,3,0,2,3,3,2,1,2,1,4,2,4,4,3,1,1,4,1,2,0,2,2,3,0,2,0,0,0,1,1,1,0,0,0,1,0,1,0,0,1,0,0,0,0,0,0,0,0,0,0,0,1,0,0,0,0,0,0,0,0,0,0,0,0,0,0,0,0,1,0,0,0,0,0,0,0,0,0,0,0,0,0,0,0,0,0,0,0,0,0,0,0,0,0,0,0,0,0,0,0,0,0,0,0,0,0,0,0,0,0,0,0,0,0,0,0,0,0,0,0,0,0,0,0,0,0,0,0,0
0,0,1,0,0,0,0,0,0,0,0,0,0,0,1,1,1,1,0,0,1,0,2,1,0,0,0,1,1,1,0,0,0,2,2,2,2,2,3,1,4,3,0,0,2,1,4,3,4,1,1,2,3,0,2,0,4,7,5,2,2,2,5,2,4,1,3,6,3,3,2,6,3,0,4,1,0,4,2,1,3,3,1,2,2,3,4,0,1,2,1,1,0,0,1,0,0,2,0,2,1,1,0,0,0,0,0,1,0,1,1,1,0,0,0,0,0,1,0,0,0,1,0,0,0,0,0,1,0,0,0,0,0,0,0,0,0,0,0,1,0,0,0,0,1,0,0,0,0,0,0,0,0,0,0,0,0,0,0,0,0,0,0,0,0,0,0,0,0,0,0,0,0,0,0,0,0,0,0,0,0,0,0,0,0,0,0,0,0,0,0,0,0,0,0,0,0,0,0,0
0,0,0,0,0,0,0,0,0,0,0,0,0,0,0,0,0,0,1,1,1,0,1,1,1,2,2,0,2,1,2,1,1,1,0,2,1,1,2,1,0,1,1,1,3,6,1,4,1,2,4,2,0,1,4,7,5,1,2,3,1,3,3,4,0,5,5,0,4,2,6,3,1,2,1,2,2,1,1,2,3,2,2,3,1,2,1,1,2,2,0,3,1,1,1,0,2,0,0,0,0,0,0,0,0,0,0,0,1,0,0,1,0,0,0,1,0,0,0,0,0,0,0,0,0,1,0,0,0,0,0,0,0,0,1,0,0,1,0,0,0,0,0,0,0,0,0,0,0,0,1,0,0,0,0,0,0,0,0,0,0,0,0,0,0,0,0,0,0,0,0,0,0,0,0,0,0,0,0,0,0,0,0,0,0,0,0,0,0,0,0,0,0,0,0,0,0,0,0,0
1,0,0,0,0,0,0,0,0,1,0,0,0,0,1,0,0,0,0,1,1,0,0,0,0,0,0,0,1,2,0,0,0,1,1,2,1,1,1,3,5,3,1,2,0,6,1,4,1,2,2,3,1,3,5,1,3,3,5,3,1,4,0,0,2,3,2,3,3,1,6,5,0,2,2,3,2,3,1,0,0,2,1,1,1,2,3,0,1,0,1,0,1,1,0,0,1,1,0,1,2,1,0,0,1,0,0,0,2,0,0,0,0,1,0,0,0,0,0,0,0,0,1,0,0,0,0,0,0,0,0,1,0,0,0,0,0,1,0,0,0,0,0,0,0,0,0,0,0,0,0,0,0,0,0,0,0,0,0,0,0,0,0,0,0,1,0,0,0,0,0,0,0,0,0,0,0,0,0,0,0,0,0,0,0,0,0,0,0,0,0,0,0,0,0,0,0,0,0,0
0,0,0,0,0,0,0,0,0,0,0,0,0,0,0,0,0,0,0,0,0,0,1,1,2,1,0,0,2,2,1,0,1,1,3,1,2,1,4,5,2,2,4,2,1,0,2,4,1,2,5,1,0,7,4,3,3,4,3,3,3,5,2,3,4,0,3,1,1,4,2,4,2,2,2,0,2,1,3,4,2,3,0,1,3,3,0,1,2,1,0,1,2,2,3,0,0,0,0,1,2,1,0,1,1,1,0,0,1,0,1,0,1,0,0,0,0,2,0,0,0,0,0,0,0,0,0,0,0,0,0,0,0,0,0,0,0,0,0,0,0,0,0,0,0,0,0,0,0,0,0,0,0,0,0,0,0,0,0,0,0,0,0,0,0,0,0,0,0,0,0,0,0,0,0,0,0,0,0,0,0,0,0,0,0,0,0,0,0,0,0,0,0,0,0,0,0,0,0,0
0,0,0,0,0,0,0,0,0,0,0,0,0,0,0,0,0,0,0,0,1,0,0,1,1,1,2,0,0,1,0,2,1,0,1,0,1,2,2,2,2,0,2,5,2,6,3,0,2,2,3,3,1,2,1,1,2,4,1,2,4,3,1,1,5,3,2,0,4,2,5,1,1,0,3,0,1,2,1,2,2,2,1,2,0,1,1,3,2,1,1,2,1,0,0,0,0,0,2,0,0,0,1,0,2,0,0,0,0,1,3,1,1,1,0,0,0,1,0,0,0,0,1,0,0,0,0,1,1,0,0,1,0,0,0,0,0,0,0,1,0,0,0,0,0,0,0,0,0,0,0,1,0,0,0,0,0,0,0,0,0,0,0,0,0,0,0,0,0,0,0,0,0,0,0,0,0,0,0,0,0,0,0,0,0,0,0,0,0,0,0,0,0,0,0,0,0,0,0,0
0,0,0,0,0,0,0,0,0,0,0,0,0,0,0,0,1,0,0,2,2,1,0,0,0,0,0,0,0,0,0,1,0,1,2,2,0,3,2,1,3,0,0,0,3,5,2,4,2,2,6,3,3,3,2,2,0,6,1,3,1,4,6,2,1,2,1,1,2,3,2,0,4,1,1,1,2,2,1,2,2,1,0,1,0,2,1,0,0,1,1,0,2,1,2,0,0,0,1,1,0,0,0,1,1,1,0,1,0,0,1,0,0,0,0,1,0,0,0,0,1,1,0,1,0,0,0,0,0,0,0,0,0,0,0,0,0,0,1,0,0,0,0,0,0,0,0,0,0,0,0,0,0,0,0,0,0,0,0,0,0,0,0,0,0,0,0,0,0,0,0,0,0,0,0,0,0,0,0,0,0,0,0,0,0,0,0,0,0,0,0,0,0,0,0,0,0,0,0,0
0,0,0,0,0,0,0,0,0,0,0,0,0,1,0,0,2,0,0,0,0,0,0,1,0,0,2,0,1,2,2,0,2,1,1,3,2,3,2,2,3,4,2,2,1,1,4,3,2,5,3,2,2,5,2,1,1,3,2,2,0,2,1,1,1,1,1,1,0,0,2,1,3,2,1,0,3,0,2,0,3,1,1,2,1,1,1,2,1,0,1,2,1,2,0,1,0,0,0,0,1,1,0,0,0,0,1,0,0,0,0,1,0,0,0,0,0,0,0,0,0,0,0,0,0,0,0,0,0,0,1,0,0,0,0,0,0,0,0,0,0,0,0,0,0,0,0,0,0,0,0,0,0,0,0,0,0,0,0,0,0,0,0,0,0,0,0,0,0,0,0,0,0,0,0,0,0,0,0,0,0,0,0,0,0,0,0,0,0,0,0,0,0,0,0,0,0,0,0,0
0,0,0,0,0,0,0,0,0,0,0,0,0,1,0,0,0,1,0,2,0,1,3,0,0,1,0,0,1,2,0,0,1,3,1,0,0,1,2,1,3,2,2,4,1,4,1,3,3,4,4,0,1,1,5,1,3,2,1,3,0,1,3,1,4,2,1,2,1,0,2,2,4,1,4,0,2,2,1,2,0,2,1,0,0,0,1,2,0,2,1,0,0,0,1,0,3,1,3,0,1,1,0,1,1,1,0,0,2,0,0,0,0,1,0,0,1,0,0,1,2,0,0,0,0,0,0,0,0,0,0,0,0,0,0,0,0,0,0,0,0,0,0,0,0,0,0,0,0,0,0,0,0,0,0,0,0,0,0,0,0,0,0,0,0,0,0,0,0,0,0,0,0,0,0,0,0,0,0,0,0,0,0,0,0,0,0,0,0,0,0,0,0,0,0,0,0,0,0,0
0,0,0,0,0,0,0,0,0,0,0,0,0,0,0,2,0,0,0,0,0,0,0,0,0,1,1,1,0,0,1,0,0,1,3,0,2,0,3,0,1,0,2,1,2,0,4,3,1,2,3,1,3,5,3,1,1,3,4,0,4,1,5,3,2,0,2,2,3,1,4,1,0,4,2,1,2,1,1,0,1,0,2,1,2,1,0,2,1,0,0,0,1,0,1,0,0,0,2,1,0,2,2,1,0,0,0,0,0,0,0,0,0,0,0,0,0,1,0,0,0,1,1,0,0,0,0,1,0,0,1,0,0,0,0,0,0,0,0,0,0,0,0,0,0,0,0,0,0,0,0,0,0,0,0,0,0,0,0,0,0,0,0,0,0,0,0,0,0,0,0,0,0,0,0,0,0,0,0,0,0,0,0,0,0,0,0,0,0,0,0,0,0,0,0,0,0,0,0,0
0,0,0,0,0,0,0,0,0,0,0,0,0,0,0,0,0,0,0,0,1,0,1,1,1,1,0,1,1,1,0,1,0,1,2,2,0,2,1,0,2,0,2,3,3,1,2,0,2,3,3,0,1,0,2,2,1,0,1,5,1,1,4,3,4,1,8,2,2,0,3,2,1,2,0,1,3,0,0,0,4,3,1,1,3,1,1,0,0,2,2,1,2,0,1,1,0,0,0,0,0,0,0,0,1,0,1,2,0,0,1,0,0,0,0,0,0,0,0,0,0,0,0,0,0,1,0,0,1,0,0,0,0,0,0,0,0,0,0,0,0,0,0,0,0,0,0,0,0,0,0,0,0,0,0,0,0,0,0,0,0,0,0,0,0,0,0,0,0,0,0,0,0,0,0,0,0,0,0,0,0,0,0,0,0,0,0,0,0,0,0,0,0,0,0,0,0,0,0,0
0,0,0,0,0,0,1,0,0,1,0,0,0,0,0,1,0,0,0,0,0,0,0,0,1,1,0,0,0,1,0,2,1,1,0,0,0,0,0,3,0,2,1,5,6,3,1,0,2,3,5,1,1,2,0,1,3,2,3,1,0,1,3,2,4,3,0,1,4,1,3,4,1,0,0,2,1,1,1,2,2,1,0,4,1,1,0,0,0,1,0,1,1,2,0,1,1,1,1,0,0,0,1,1,0,0,0,0,1,0,1,0,0,0,0,0,0,0,0,2,1,0,1,0,0,0,0,0,0,0,2,0,0,0,0,0,0,0,0,0,0,0,0,0,0,0,0,0,0,0,0,0,0,0,0,0,0,0,0,0,0,0,0,0,0,0,0,0,0,0,0,0,0,0,0,0,0,0,0,0,0,0,0,0,0,0,0,0,0,0,0,0,0,0,0,0,0,0,0,0
0,0,0,0,0,0,0,0,0,0,0,0,0,1,0,0,3,0,0,1,0,2,0,1,0,0,1,0,2,1,1,2,0,2,1,1,0,2,3,2,2,3,1,2,0,1,4,4,1,2,2,2,2,3,2,6,2,3,1,2,3,1,2,3,2,3,2,1,2,2,1,1,1,2,0,1,1,0,2,1,1,2,1,3,1,2,3,1,1,0,1,0,1,0,1,0,0,1,1,0,1,0,0,0,1,0,0,0,0,0,0,1,0,1,1,0,0,0,1,0,0,0,0,0,0,0,0,1,0,1,0,1,0,0,0,0,0,0,0,0,0,0,0,0,0,0,0,0,0,0,0,0,0,0,0,0,0,0,0,0,0,0,0,0,0,0,0,0,0,0,0,0,0,0,0,0,0,0,0,0,0,0,0,0,0,0,0,0,0,0,0,0,0,0,0,0,0,0,0,0
1,0,0,0,0,1,0,0,0,0,0,0,0,0,1,0,0,0,1,0,0,0,0,0,1,0,2,0,0,0,0,2,0,3,0,1,2,2,2,1,3,2,1,4,4,0,2,3,2,0,1,6,1,1,3,1,1,0,2,3,0,1,2,1,0,1,1,1,1,1,4,0,3,2,4,0,3,2,1,0,2,1,1,3,0,1,0,0,0,0,0,1,0,2,1,0,0,0,0,1,0,0,0,1,0,1,1,0,2,0,0,0,0,0,0,0,0,0,1,2,1,0,0,0,0,0,0,0,0,0,0,0,0,0,0,0,0,0,0,0,0,0,0,0,0,0,0,0,0,0,0,0,0,0,0,0,0,0,0,0,0,0,0,0,0,0,0,0,0,0,0,0,0,0,0,0,0,0,0,0,0,0,0,0,0,0,0,0,0,0,0,0,0,0,0,0,0,0,0,0
0,0,0,0,0,1,0,0,0,0,0,0,0,0,0,0,2,0,2,1,0,0,0,0,1,0,1,0,0,1,1,1,3,2,0,5,3,1,1,1,0,2,1,0,1,1,0,2,2,4,4,3,0,0,2,2,0,1,2,2,2,1,1,1,2,3,2,3,4,1,2,2,0,3,2,1,0,2,1,2,0,0,0,0,0,1,0,1,1,0,0,1,2,1,0,1,1,0,1,0,0,1,0,1,0,0,0,0,0,1,0,0,1,1,0,1,0,1,0,0,0,0,0,0,0,0,0,0,0,0,0,0,0,0,0,0,0,0,0,1,0,0,0,0,0,0,0,0,0,0,0,0,0,0,0,0,0,0,0,0,0,0,0,0,0,0,0,0,0,0,0,0,0,0,0,0,0,0,0,0,0,0,0,0,0,0,0,0,0,0,0,0,0,0,0,0,0,0,0,0
0,0,0,0,0,0,0,0,0,1,0,0,0,1,0,0,0,0,1,0,1,0,0,1,2,0,1,0,0,1,0,0,0,0,0,1,2,2,1,1,2,1,1,1,3,0,3,3,0,2,1,1,1,3,5,1,1,0,3,2,0,3,3,1,0,1,1,0,1,0,2,0,1,1,0,4,0,1,1,0,4,0,1,2,1,0,1,1,0,1,1,1,1,2,0,0,1,2,0,0,0,0,1,1,1,0,0,1,0,0,0,0,0,1,1,0,0,0,0,0,0,0,1,1,0,0,0,0,0,0,0,0,0,0,1,0,0,0,0,0,0,0,0,0,0,0,0,0,0,0,0,0,0,0,0,0,0,0,0,0,0,0,0,0,0,0,0,0,0,0,0,0,0,0,0,0,0,0,0,0,0,0,0,0,0,0,0,0,0,0,0,0,0,0,0,0,0,0,0,0
0,0,0,0,0,0,0,0,0,0,0,1,0,0,0,0,0,0,1,0,0,0,2,0,1,0,2,0,0,1,0,0,0,1,2,0,0,0,2,3,0,0,1,3,1,4,3,1,3,1,1,4,2,3,1,3,2,5,1,1,3,1,2,1,3,0,2,0,4,4,3,0,0,4,3,0,0,0,2,1,1,0,3,0,1,2,1,2,2,1,1,0,1,1,1,2,0,0,0,0,1,0,1,0,0,0,0,0,0,0,0,0,1,0,0,1,0,0,1,0,0,0,0,0,0,1,0,0,1,0,0,0,0,0,0,0,0,0,0,0,0,0,0,0,1,0,0,0,0,0,0,0,0,0,0,0,0,0,0,0,0,0,0,1,0,0,0,0,0,0,0,0,0,0,0,0,0,0,0,0,0,0,0,0,0,0,0,0,0,0,0,0,0,0,0,0,0,0,0,0
0,0,0,0,0,0,0,0,0,0,0,0,0,0,0,0,0,0,1,0,0,0,2,0,0,0,2,1,0,0,1,0,1,2,1,2,1,0,0,0,2,2,1,0,0,3,2,6,1,1,1,1,2,1,4,2,4,2,1,4,3,1,2,2,3,2,1,2,1,2,2,2,0,2,0,1,1,3,0,1,2,0,3,0,1,0,1,4,1,2,1,0,1,0,1,0,1,0,1,1,0,0,1,0,0,0,1,2,0,0,0,0,0,0,0,0,0,0,1,1,0,1,0,1,0,0,0,0,0,0,0,0,0,0,0,0,0,0,0,0,0,0,0,0,0,0,0,0,1,0,0,0,0,0,0,0,0,0,0,0,0,0,0,0,0,0,0,0,0,0,0,0,0,0,0,0,0,0,0,0,0,0,0,0,0,0,0,0,0,0,0,0,0,0,0,0,0,0,0,0
0,0,0,0,0,0,0,0,0,0,0,0,0,1,0,0,1,0,0,0,0,0,2,0,1,0,0,0,2,1,0,0,1,1,0,0,0,2,2,0,0,3,3,0,1,5,1,1,0,0,2,0,3,2,0,0,2,3,1,2,2,1,5,2,2,1,4,2,4,1,0,3,1,3,1,2,1,0,0,0,1,0,2,2,1,0,1,1,2,0,0,0,0,2,0,0,2,0,1,0,2,0,0,1,1,0,0,1,0,0,0,0,0,0,1,0,0,0,0,0,0,1,0,0,0,0,0,0,0,0,0,0,0,0,0,0,0,0,0,0,0,0,1,0,0,0,0,0,0,0,0,0,0,0,0,0,0,0,0,0,0,0,0,0,0,0,0,0,0,0,0,0,0,0,0,0,0,0,0,0,0,0,0,0,0,0,0,0,0,0,0,0,0,0,0,0,0,0,0,0
0,0,0,0,0,0,0,0,0,0,0,0,0,1,0,0,2,1,0,2,1,1,0,0,3,1,0,3,0,0,0,0,0,0,0,0,1,1,1,0,1,0,0,2,0,0,7,1,0,1,1,4,4,0,3,1,0,1,2,2,0,1,1,2,1,3,1,0,0,3,2,2,0,1,1,0,2,1,3,1,1,0,3,2,1,0,1,3,1,1,0,0,2,0,1,0,2,1,0,0,1,0,0,1,0,0,1,0,0,0,0,0,0,0,0,0,0,0,1,0,0,0,0,0,1,0,1,0,0,0,0,0,0,0,0,0,0,0,0,0,0,0,0,0,0,0,0,0,0,0,0,0,0,0,0,0,0,0,0,0,0,0,0,0,0,0,0,0,0,0,0,0,0,0,0,0,0,0,0,0,0,0,0,0,0,0,0,0,0,0,0,0,0,0,0,0,0,0,0,0
0,0,0,0,0,1,0,0,0,0,0,0,0,0,0,0,0,0,0,1,0,0,0,0,0,0,2,0,0,0,0,0,1,0,1,2,1,1,1,1,3,0,1,1,1,0,0,3,4,3,1,1,2,2,1,1,3,2,2,4,1,2,5,3,1,2,2,1,5,2,0,0,1,2,1,0,2,2,2,1,0,1,0,1,1,1,1,0,1,0,2,0,1,1,0,1,0,0,0,0,1,0,0,0,0,0,0,0,1,0,0,0,0,0,0,0,0,0,1,0,0,0,0,0,0,0,0,1,0,0,0,0,0,0,0,0,1,0,0,0,0,0,0,0,0,0,1,0,0,0,0,0,0,0,0,0,0,0,0,0,0,0,0,0,0,0,0,0,0,1,0,0,0,0,0,0,0,0,0,0,0,0,0,0,0,0,0,0,0,0,0,0,0,0,0,0,0,0,0,0
0,0,0,0,0,0,0,0,0,0,0,0,0,0,0,0,0,0,0,0,1,1,1,0,1,0,1,1,1,0,0,1,1,1,0,0,2,1,1,0,0,1,0,0,2,1,4,3,0,2,2,1,1,1,0,0,1,0,2,2,5,1,0,0,2,1,1,2,4,0,1,0,2,0,1,1,1,0,3,0,0,1,0,1,1,0,1,0,0,0,2,1,1,1,1,0,0,1,0,0,1,0,0,0,0,1,0,0,0,0,0,0,0,0,1,2,0,0,0,0,0,0,0,0,0,0,0,0,0,0,0,1,1,0,0,0,0,0,0,0,0,0,0,0,0,0,0,0,0,0,0,0,0,0,0,0,0,0,0,0,0,0,0,0,0,0,0,0,0,0,0,0,0,0,0,0,0,0,0,0,0,0,0,0,0,0,0,0,0,0,0,0,0,0,0,0,0,0,0,0
0,0,0,0,0,1,0,0,0,0,0,0,0,0,0,0,0,0,0,0,0,1,0,1,0,1,0,0,0,2,0,0,2,1,1,2,0,1,1,2,1,0,1,2,1,2,2,1,1,3,2,0,2,1,2,3,1,3,0,1,3,4,1,5,1,2,4,1,0,3,0,0,3,1,0,1,1,0,2,0,0,0,0,0,0,0,3,0,1,0,3,1,0,0,0,0,0,4,1,0,0,0,1,0,0,0,0,0,0,0,0,0,0,2,0,0,0,0,0,0,0,0,1,0,0,0,0,1,0,0,0,0,0,0,0,0,0,0,0,0,0,1,0,0,0,0,0,0,0,0,0,0,0,0,0,1,0,0,0,0,0,0,0,0,0,0,0,0,0,0,0,0,0,0,0,0,0,0,0,0,0,0,0,0,0,0,0,0,0,0,0,0,0,0,0,0,0,0,0,0
0,0,0,0,0,0,0,0,0,1,0,0,0,0,0,0,0,0,0,0,0,2,0,3,0,0,1,0,2,0,0,0,0,0,1,1,2,1,3,0,0,0,2,1,1,3,2,2,1,0,1,3,2,1,3,3,1,2,0,0,0,1,3,0,0,4,1,3,1,0,1,3,0,1,0,1,1,2,1,0,1,0,1,0,0,0,0,0,0,2,0,1,0,1,0,0,1,0,0,0,0,0,1,0,1,0,0,1,0,0,0,0,0,0,1,0,0,0,0,1,0,0,0,0,0,0,0,0,0,0,0,0,0,0,0,0,0,0,0,0,0,0,0,0,0,0,0,0,0,0,0,0,0,0,0,0,0,0,0,0,0,0,0,0,0,0,0,0,0,0,0,0,0,0,0,0,0,0,0,0,0,0,0,0,0,0,0,0,0,0,0,0,0,0,0,0,0,0,0,0
0,0,0,0,0,0,0,0,0,0,0,0,1,0,0,1,0,0,0,0,0,0,0,0,0,0,1,1,0,0,0,0,1,0,3,2,0,1,1,1,2,0,0,3,2,1,2,1,1,1,2,1,1,4,0,2,0,3,3,0,1,4,3,2,2,1,2,2,1,2,1,0,1,1,2,1,0,2,1,0,0,0,2,2,0,0,3,1,0,0,0,1,0,1,2,0,2,1,0,0,0,0,1,0,0,0,1,1,0,0,0,0,0,1,0,0,0,0,0,1,1,0,0,1,0,0,0,0,0,1,0,0,0,0,0,0,0,0,0,0,0,0,0,0,0,0,0,0,0,0,0,0,0,0,0,0,0,0,0,0,0,0,0,0,0,0,0,0,0,0,0,0,0,0,0,0,0,0,0,0,0,0,0,0,0,0,0,0,0,0,0,0,0,0,0,0,0,0,0,0
0,1,0,0,0,0,0,0,0,0,0,0,0,0,0,2,1,0,0,0,0,0,0,0,0,0,1,1,0,2,1,1,0,0,0,0,1,0,1,0,1,0,0,0,2,1,2,2,4,1,1,0,1,0,3,2,5,2,1,3,2,2,1,3,3,2,2,1,1,2,6,1,0,0,4,0,2,4,0,1,0,4,1,2,1,2,1,2,2,1,3,0,2,0,0,0,0,0,0,0,0,0,0,0,0,0,1,1,0,0,1,0,0,0,0,0,1,0,0,0,0,0,0,0,0,0,0,0,0,0,0,0,0,0,0,0,0,0,0,0,0,0,0,0,0,0,0,0,0,0,0,0,0,0,0,0,0,0,0,0,0,0,0,0,0,0,0,0,0,0,0,0,0,0,0,0,0,0,0,0,0,0,0,0,0,0,0,0,0,0,0,0,0,0,0,0,0,0,0,0
0,0,0,0,0,0,0,0,0,0,0,1,0,0,0,1,1,0,0,0,0,0,1,1,0,0,0,3,0,0,0,0,0,0,1,0,1,0,1,2,0,0,1,0,4,1,1,0,1,5,2,1,2,0,2,1,2,0,0,3,2,0,1,1,1,4,1,0,0,0,0,1,0,2,1,0,1,0,1,1,1,0,1,2,1,2,1,0,1,0,1,2,1,0,0,0,1,1,0,2,1,1,0,1,0,0,2,0,0,0,0,0,0,0,0,0,0,0,0,0,0,0,0,0,0,0,0,0,0,0,0,0,0,0,0,0,0,0,0,0,0,0,0,0,0,0,0,0,0,0,0,0,0,0,0,0,0,0,0,0,0,0,0,0,1,0,0,0,0,0,0,0,0,0,0,0,0,0,0,0,0,0,0,0,0,0,0,0,0,0,0,0,0,0,0,0,0,0,0,0
0,0,0,0,0,0,0,0,0,0,0,0,0,0,0,0,1,0,1,0,0,0,0,0,0,0,1,0,2,0,0,0,0,0,1,1,0,2,1,0,1,1,0,0,2,3,3,4,1,0,2,2,0,3,0,1,0,1,1,2,1,1,0,1,3,1,2,1,0,1,0,1,3,1,2,0,0,1,1,0,1,0,1,0,1,1,1,2,1,1,1,1,0,0,0,1,0,0,1,1,0,0,0,0,1,0,0,0,0,0,1,1,0,0,0,0,1,0,0,0,0,0,0,1,0,0,0,0,0,1,0,0,0,0,0,1,0,0,0,0,0,0,0,0,0,0,0,0,0,0,0,0,0,0,0,0,0,0,0,0,0,0,0,0,0,0,0,0,0,0,0,0,0,0,0,0,0,0,0,0,0,0,0,0,0,0,0,0,0,0,0,0,0,0,0,0,0,0,0,0
0,0,0,0,0,0,0,0,0,0,1,0,0,0,0,0,0,0,0,0,0,0,0,0,0,0,0,1,0,1,1,0,0,0,0,0,1,1,1,1,2,3,2,1,1,2,0,2,0,1,3,0,0,1,1,2,1,1,0,0,4,0,1,2,1,0,3,0,0,1,0,1,1,1,1,1,1,1,1,1,0,3,0,1,1,3,0,0,1,0,0,0,0,1,1,0,0,0,0,0,0,0,0,1,1,0,1,0,0,0,0,1,0,0,1,1,0,0,0,0,0,0,1,0,0,0,0,0,0,0,0,0,0,0,0,0,0,0,0,0,0,0,0,0,0,0,0,0,0,0,0,0,0,0,0,0,0,0,0,0,0,0,0,0,0,0,0,0,0,0,0,0,0,0,0,0,0,0,0,0,0,0,0,0,0,0,0,0,0,0,0,0,0,0,0,0,0,0,0,0
0,0,0,1,0,0,0,0,0,0,0,0,0,1,0,0,0,0,0,0,0,0,2,0,0,0,0,1,1,0,1,1,0,0,1,0,1,1,1,2,2,1,1,1,1,2,2,2,6,1,3,1,1,4,1,0,1,5,2,0,3,2,1,2,1,3,1,1,2,0,0,1,0,1,1,0,2,0,1,2,1,1,1,2,0,0,2,1,0,0,2,1,0,0,2,1,2,0,1,0,0,0,1,2,0,0,0,0,0,1,0,0,2,0,0,1,0,0,0,0,0,0,0,0,0,0,0,0,1,0,0,0,0,0,0,0,0,0,0,0,0,0,0,0,0,0,0,0,0,0,0,0,0,0,0,0,0,0,0,0,0,0,0,0,0,0,0,0,0,0,0,0,0,0,0,0,0,0,0,0,0,0,0,0,0,0,0,0,0,0,0,0,0,0,0,0,0,0,0,0
0,0,0,0,0,0,0,0,0,0,0,0,1,0,0,0,0,0,0,0,0,0,0,0,0,0,1,0,0,2,1,0,0,1,0,0,0,0,0,0,2,1,1,1,0,1,0,2,1,3,1,2,4,0,2,0,0,2,2,1,2,0,2,0,1,0,1,1,4,1,1,1,0,1,2,1,1,2,0,2,0,0,0,2,1,0,0,1,0,1,0,1,0,0,0,1,1,0,0,0,0,0,0,0,0,1,0,0,0,0,0,0,0,0,0,0,0,0,0,0,0,0,0,0,0,0,0,0,0,0,0,0,0,0,0,0,0,0,0,0,0,0,0,0,0,0,0,0,0,0,0,0,1,0,0,0,0,0,0,0,0,0,0,0,0,0,0,0,0,0,0,0,0,0,0,0,0,0,0,0,0,0,0,0,0,0,0,0,0,0,0,0,0,0,0,0,0,0,0,0
0,0,0,0,0,0,0,0,0,0,0,0,0,0,0,0,0,0,0,0,0,0,0,0,0,0,0,0,0,0,1,0,1,0,2,2,2,0,2,0,0,1,1,4,0,1,1,0,1,3,2,0,1,1,1,0,0,0,2,1,3,1,1,0,1,0,2,0,3,1,1,3,1,1,1,2,1,1,1,0,0,0,0,1,0,1,0,2,1,0,2,0,1,0,0,0,1,0,0,0,0,0,0,0,0,0,1,0,0,0,0,0,0,0,0,0,0,0,1,0,0,0,1,0,0,0,0,0,0,0,0,0,0,0,0,0,0,0,0,0,1,1,0,0,0,0,0,0,0,0,0,0,0,0,0,0,0,0,0,0,0,0,0,0,0,0,0,0,0,0,0,0,0,0,0,0,0,0,0,0,0,0,0,0,0,0,0,0,0,0,0,0,0,0,0,0,0,0,0,0
0,0,0,0,0,0,0,0,0,0,0,0,0,0,0,0,1,0,0,0,0,0,0,1,0,0,0,0,1,0,0,0,0,2,1,0,1,0,0,1,1,1,1,1,3,2,3,1,3,0,2,1,2,0,2,1,0,1,3,1,0,1,1,1,0,0,3,0,0,0,2,2,0,1,1,1,1,0,0,2,1,0,1,0,2,0,0,0,0,0,0,1,1,0,0,2,0,0,0,2,0,0,0,0,1,0,0,0,0,0,0,0,0,0,0,0,0,0,0,0,0,0,0,0,1,0,0,0,0,0,0,0,0,0,0,0,0,0,0,0,0,0,0,0,0,0,0,0,0,0,0,0,0,0,0,0,0,0,0,0,0,0,0,0,0,0,0,0,0,0,0,0,0,0,0,0,0,0,0,0,0,0,0,0,0,0,0,0,0,0,0,0,0,0,0,0,0,0,0,0
0,0,0,0,0,0,0,0,0,1,0,0,0,0,0,0,0,0,0,0,0,1,0,0,0,0,0,0,0,0,1,0,0,0,0,0,0,0,0,0,0,0,0,1,1,1,0,1,2,2,0,0,0,1,2,0,1,1,1,3,0,0,2,2,3,2,0,0,2,1,2,0,1,1,1,0,0,1,0,2,1,1,0,0,0,0,1,1,0,0,1,1,0,1,1,0,0,0,1,0,0,0,0,0,0,0,0,1,0,0,0,0,0,1,0,0,0,1,0,0,0,0,0,0,0,0,0,0,0,0,0,0,0,0,0,0,0,0,0,0,0,0,0,0,0,0,0,0,0,0,0,0,0,0,0,0,0,0,0,0,0,0,0,0,0,0,0,0,0,0,0,0,0,0,0,0,0,0,0,0,0,0,0,0,0,0,0,0,0,0,0,0,0,0,0,0,0,0,0,0
0,0,0,0,0,0,0,1,0,0,0,0,0,0,0,0,0,0,0,1,0,0,0,0,0,0,0,1,0,0,1,1,0,1,0,0,0,0,1,0,2,1,1,0,0,0,2,1,3,0,2,3,0,2,3,0,1,3,1,2,0,3,0,4,2,3,0,1,2,1,3,0,0,0,3,0,1,1,0,1,0,0,1,0,0,0,0,0,0,0,0,0,1,0,2,0,1,0,1,0,0,1,0,0,0,1,0,0,0,1,0,1,0,0,0,0,0,0,0,0,0,0,0,0,0,0,0,0,0,0,0,0,0,0,0,0,0,0,0,0,0,0,0,0,0,0,0,0,0,0,0,0,0,0,0,0,0,0,0,0,0,0,0,0,0,0,0,0,0,0,0,0,0,0,0,0,0,0,0,0,0,0,0,0,0,0,0,0,0,0,0,0,0,0,0,0,0,0,0,0
0,0,0,0,0,0,0,0,0,0,0,0,0,0,0,0,0,0,0,0,0,0,1,0,0,0,0,0,1,0,2,1,0,0,0,0,1,0,0,1,1,0,0,0,1,0,2,1,1,1,1,0,2,1,2,1,1,2,3,0,4,0,0,2,0,1,3,0,0,3,2,3,3,2,0,0,0,0,0,0,1,0,0,0,2,1,1,0,1,1,0,1,1,0,2,0,0,1,0,0,1,1,0,0,0,0,1,0,1,0,0,0,0,0,0,1,0,1,0,0,0,0,0,0,0,0,0,0,0,0,0,0,0,0,0,1,0,0,0,0,0,0,0,0,0,0,0,0,0,0,0,0,0,0,0,0,0,0,0,0,0,0,0,0,0,0,0,0,0,0,0,0,0,0,0,0,0,0,0,0,0,0,0,0,0,0,0,0,0,0,0,0,0,0,0,0,0,0,0,0
0,0,0,0,0,0,0,0,0,0,0,0,0,0,0,1,1,0,0,0,0,0,0,0,0,0,0,0,0,0,0,2,2,0,1,1,0,0,1,0,2,0,1,3,0,3,2,2,5,0,0,0,1,1,1,0,2,1,3,0,0,0,1,2,1,2,5,1,2,2,1,0,0,2,1,0,1,1,0,0,2,3,0,0,0,1,0,0,1,1,0,0,3,2,0,0,0,0,0,1,0,1,1,1,0,2,0,1,0,0,0,0,0,0,0,0,0,0,0,0,0,0,0,0,0,0,0,0,0,0,0,0,0,0,0,0,0,0,0,0,0,0,0,0,0,0,0,0,0,0,0,0,0,0,0,0,0,0,0,0,0,0,0,0,0,0,0,0,0,0,0,0,0,0,0,0,0,0,0,0,0,0,0,0,0,0,0,0,0,0,0,0,0,0,0,0,0,0,0,0
0,0,0,0,0,1,0,0,0,0,0,0,0,0,0,0,0,0,0,1,0,2,1,0,1,0,1,1,0,0,1,0,1,1,1,0,1,0,2,0,1,4,0,2,0,2,1,1,1,1,2,1,1,2,0,2,0,0,0,1,0,1,3,0,0,2,1,3,0,0,1,2,1,1,0,0,0,0,1,0,2,0,1,0,0,0,0,1,1,0,0,0,1,0,0,0,0,0,0,0,0,0,0,1,0,0,0,0,0,0,0,1,0,0,1,0,1,0,0,0,0,0,0,1,0,0,0,0,0,0,0,0,0,0,0,0,0,0,0,0,0,0,0,0,0,0,0,0,0,0,0,0,0,0,0,0,0,0,0,0,0,0,0,0,0,0,0,0,0,0,0,0,0,0,0,0,0,0,0,0,0,0,0,0,0,0,0,0,0,0,0,0,0,0,0,0,0,0,0,0
0,0,0,0,0,0,0,0,0,0,0,0,0,0,0,0,0,0,0,0,1,1,1,0,0,0,0,0,0,1,1,0,1,1,1,0,1,1,1,0,1,1,0,1,2,4,0,1,2,0,0,1,1,1,2,1,0,3,2,1,2,1,1,1,1,1,0,2,2,0,1,2,1,1,1,1,0,1,4,0,3,1,0,0,2,0,0,1,0,0,1,0,0,3,0,0,1,2,0,0,0,0,1,0,0,1,0,0,0,0,0,0,0,0,0,0,0,0,0,0,0,0,0,0,0,0,0,0,0,0,0,0,0,0,0,0,0,0,0,0,0,0,0,0,0,0,0,0,0,0,0,0,0,0,0,0,0,0,0,0,0,0,0,0,0,0,0,0,0,0,0,0,0,0,0,0,0,0,0,0,0,0,0,0,0,0,0,0,0,0,0,0,0,0,0,0,0,0,0,0
0,0,0,0,0,0,0,0,0,0,0,0,0,0,0,0,1,0,0,0,0,1,0,0,0,1,1,0,1,0,0,0,2,0,1,0,0,1,1,0,1,2,1,1,3,0,0,1,0,2,0,0,0,0,0,0,1,2,0,2,0,1,0,0,0,0,0,1,0,1,0,3,0,2,0,2,0,0,1,4,0,1,0,0,1,0,0,0,0,0,1,1,0,0,1,0,0,1,1,0,0,0,1,0,0,0,0,1,0,0,0,0,0,0,0,0,0,0,0,0,0,0,0,1,0,0,0,0,0,0,0,0,0,0,0,0,0,0,0,0,0,0,0,0,0,0,0,0,0,0,0,0,0,0,0,0,0,0,0,0,0,0,0,0,0,0,0,0,0,0,0,0,0,0,0,0,0,0,0,0,0,0,0,0,0,0,0,0,0,0,0,0,0,0,0,0,0,0,0,0
0,0,0,0,0,0,0,0,0,0,0,0,0,0,0,1,0,0,0,0,0,0,0,0,0,0,0,1,0,3,0,0,0,0,1,0,0,0,0,1,2,0,0,1,0,0,0,0,0,1,0,1,0,0,2,0,0,1,2,1,0,1,3,0,1,0,0,1,0,0,1,1,0,0,0,2,1,0,1,1,1,0,1,0,1,1,0,0,0,0,0,0,1,1,1,0,0,0,0,0,0,0,1,0,0,0,0,0,0,0,0,1,0,0,0,0,0,0,0,0,0,0,0,1,0,0,0,0,0,0,0,0,0,0,0,0,0,0,0,0,0,0,0,0,0,0,0,0,0,0,0,0,0,0,0,0,0,0,0,0,0,0,0,0,0,0,0,0,0,0,0,0,0,0,0,0,0,0,0,0,0,0,0,0,0,0,0,0,0,0,0,0,0,0,0,0,0,0,0,0
0,0,0,0,0,0,0,0,0,0,0,0,0,0,0,0,0,0,0,0,0,0,1,0,0,0,0,1,0,0,0,1,1,2,0,0,0,2,0,0,1,2,1,2,1,1,0,0,1,1,1,0,0,2,0,2,1,1,4,3,0,0,0,0,3,4,1,0,0,0,0,2,0,0,3,1,0,1,0,1,1,0,0,0,0,0,0,0,0,0,1,1,0,0,0,0,0,0,0,0,0,0,0,1,0,0,0,0,0,0,1,0,0,0,0,1,0,0,0,0,0,0,0,0,0,0,0,1,0,0,0,0,0,0,0,0,0,0,0,0,0,0,0,0,0,0,0,0,0,0,0,0,0,0,0,0,0,0,0,0,0,0,0,0,0,0,0,0,0,0,0,0,0,0,0,0,0,0,0,0,0,0,0,0,0,0,0,0,0,0,0,0,0,0,0,0,0,0,0,0
0,0,0,0,0,0,0,0,0,0,0,0,0,0,0,0,0,0,0,0,0,0,0,0,0,1,0,1,0,0,0,1,0,1,0,1,1,0,1,0,2,0,0,1,0,1,1,2,0,1,1,1,1,1,2,1,0,0,1,1,0,0,0,0,2,1,0,0,2,1,0,0,2,0,0,2,1,1,0,0,1,0,0,0,1,1,0,1,0,0,1,0,0,0,0,0,1,0,0,0,0,0,0,1,0,0,1,2,0,1,0,0,0,0,0,0,0,0,0,0,0,0,1,0,0,0,0,0,0,0,0,0,0,0,0,0,0,0,0,0,0,0,0,0,0,0,0,0,0,0,0,0,0,0,0,0,0,0,0,0,0,0,0,0,0,0,0,0,0,0,0,0,0,0,0,0,0,0,0,0,0,0,0,0,0,0,0,0,0,0,0,0,0,0,0,0,0,0,0,0
0,0,0,0,0,0,1,0,0,0,0,0,0,1,0,0,0,0,0,0,0,1,0,0,0,0,0,0,0,0,0,0,1,0,1,1,1,0,0,0,0,0,1,0,1,0,3,1,1,1,1,0,1,0,2,1,2,0,2,2,0,1,2,1,1,2,2,0,2,1,1,1,0,1,2,0,1,1,2,0,1,0,0,1,0,0,0,0,0,1,0,0,0,0,1,0,0,0,1,2,0,0,1,1,0,1,0,0,0,0,0,0,1,0,0,0,0,0,0,0,0,0,0,0,0,0,0,0,0,0,0,0,0,0,0,0,0,0,0,0,0,0,0,0,0,0,0,0,0,0,1,0,0,0,0,0,0,0,0,0,0,0,0,0,0,0,0,0,0,0,0,0,0,0,0,0,0,0,0,0,0,0,0,0,0,0,0,0,0,0,0,0,0,0,0,0,0,0,0,0
0,0,0,0,0,0,0,0,0,0,0,0,0,0,0,0,0,0,0,0,0,0,0,0,0,0,0,0,0,0,0,0,0,1,1,0,2,0,0,0,0,1,0,2,0,0,1,0,0,0,4,0,4,1,0,0,0,1,0,2,2,1,2,1,1,1,1,1,1,0,1,1,0,1,1,0,1,0,0,1,1,0,0,0,2,0,1,0,0,0,0,0,0,0,0,0,0,0,0,0,1,0,1,2,0,0,0,0,0,0,0,0,0,0,0,0,0,0,0,0,0,0,0,1,0,0,0,0,0,0,0,0,0,0,0,0,0,0,0,0,0,0,0,0,0,0,0,0,0,0,0,1,0,0,0,0,0,0,0,0,0,0,0,0,0,0,0,0,0,0,0,0,0,0,0,0,0,0,0,0,0,0,0,0,0,0,0,0,0,0,0,0,0,0,0,0,0,0,0,0
0,0,0,0,0,0,0,0,0,0,0,0,0,0,0,0,0,0,0,0,0,0,2,0,0,0,0,0,0,1,0,0,0,0,1,1,1,2,0,1,1,0,0,1,0,1,1,1,1,0,0,1,0,0,0,1,0,0,0,1,2,1,1,0,0,1,0,1,0,2,0,0,0,0,0,2,0,0,1,0,0,1,0,0,1,0,0,0,1,1,2,1,0,0,0,1,1,0,1,0,1,1,0,0,0,0,0,0,1,0,0,0,0,0,0,0,1,0,0,0,0,0,0,0,0,0,0,0,0,0,0,0,0,0,0,0,0,0,0,0,0,0,0,0,0,0,0,0,0,0,0,0,0,0,0,0,0,0,0,0,0,0,0,0,0,0,0,0,0,0,0,0,0,0,0,0,0,0,0,0,0,0,0,0,0,0,0,0,0,0,0,0,0,0,0,0,0,0,0,0
0,0,0,0,0,0,0,0,0,0,0,0,0,0,0,0,0,0,0,0,0,0,0,0,0,0,0,0,0,0,1,0,0,0,0,0,1,1,0,0,0,0,1,1,2,0,0,1,0,0,1,0,1,1,1,0,0,3,1,0,2,0,1,0,2,0,1,2,2,0,1,0,1,1,0,0,2,2,1,0,0,0,0,0,0,1,0,1,1,0,1,0,0,0,0,0,0,1,0,0,0,0,0,0,0,0,0,1,0,0,0,0,0,0,0,0,1,0,0,0,0,0,0,0,0,0,0,0,0,0,0,0,0,0,0,0,0,0,0,0,0,0,0,0,0,0,0,0,0,0,0,0,0,0,0,0,0,0,0,0,0,0,0,0,0,0,0,0,0,0,0,0,0,0,0,0,0,0,0,0,0,0,0,0,0,0,0,0,0,0,0,0,0,0,0,0,0,0,0,0
0,0,0,0,0,0,0,0,0,0,0,0,0,0,0,1,0,0,0,0,0,1,0,0,1,0,1,0,2,0,1,0,0,1,0,0,1,0,1,0,1,1,0,1,1,3,1,0,0,0,1,0,2,0,0,1,0,1,0,1,0,1,1,0,1,0,0,0,0,5,0,0,0,0,1,0,0,0,0,0,0,0,0,0,0,1,0,0,1,0,0,0,0,1,0,1,0,1,0,1,0,0,0,0,0,2,0,0,0,0,0,0,0,0,0,0,0,0,0,0,0,0,0,1,0,0,0,0,0,0,0,0,0,0,0,0,0,0,0,0,0,0,0,0,0,0,0,0,0,0,0,0,0,0,0,0,0,0,0,0,0,0,0,0,0,0,0,0,0,0,0,0,0,0,0,0,0,0,0,0,0,0,0,0,0,0,0,0,0,0,0,0,0,0,0,0,0,0,0,0
0,0,0,0,0,0,0,0,0,0,0,0,0,0,0,0,0,0,0,0,1,0,0,0,0,1,0,1,0,0,0,1,0,0,0,1,1,0,0,1,2,2,1,2,2,0,0,1,0,1,2,0,1,0,0,1,2,0,1,1,1,0,0,0,2,0,0,1,2,1,0,2,0,0,0,2,1,2,1,1,0,0,1,0,0,0,0,0,1,1,0,0,0,1,0,1,1,0,0,1,0,0,1,0,0,0,1,1,0,0,0,0,1,0,1,0,0,0,1,0,0,0,0,0,0,0,0,0,0,0,0,0,0,0,0,0,0,0,0,0,0,0,0,0,0,0,0,0,0,1,0,0,0,0,0,0,0,0,0,0,0,0,0,0,0,0,0,0,0,0,0,0,0,0,0,0,0,0,0,0,0,0,0,0,0,0,0,0,0,0,0,0,0,0,0,0,0,0,0,0
0,0,0,0,0,1,0,0,0,0,0,0,0,0,0,0,0,0,0,0,0,0,0,0,1,0,0,0,1,0,1,0,0,0,0,3,3,1,0,1,1,0,1,1,0,0,3,0,1,2,1,2,0,0,4,3,0,2,0,2,3,3,2,2,1,0,0,1,0,0,0,1,2,0,0,0,1,1,0,0,0,0,0,1,0,0,0,0,0,0,1,1,0,0,0,0,0,0,0,0,1,0,0,0,0,0,0,0,0,0,0,0,0,0,0,0,0,0,0,0,0,0,0,0,0,0,0,0,0,0,1,0,0,0,0,0,0,0,0,0,0,0,0,0,0,0,0,0,0,0,0,0,0,0,0,0,0,0,0,0,0,0,0,0,0,0,0,0,0,0,0,0,0,0,0,0,0,0,0,0,0,0,0,0,0,0,0,0,0,0,0,0,0,0,0,0,0,0,0,0
0,0,0,0,0,0,0,0,0,0,0,0,0,0,0,1,1,0,0,0,0,0,0,0,0,0,0,0,1,0,1,0,0,0,0,0,1,0,0,0,0,0,0,1,0,0,1,1,1,2,2,0,3,0,1,0,0,0,0,1,0,2,0,2,0,0,3,0,2,0,1,2,1,0,1,1,1,1,2,0,1,0,0,0,0,0,0,0,0,0,0,0,0,0,0,0,0,0,0,0,0,0,0,0,0,1,0,0,0,1,0,0,1,0,0,0,0,0,0,1,0,1,0,0,0,0,0,0,0,0,0,0,0,1,0,0,0,0,0,0,0,0,1,0,0,0,0,0,0,0,0,0,0,0,0,0,0,0,0,0,0,0,0,0,0,0,0,0,0,0,0,0,0,0,0,0,0,0,0,0,0,0,0,0,0,0,0,0,0,0,0,0,0,0,0,0,0,0,0,0
0,0,0,0,0,0,0,0,0,0,1,0,0,0,0,0,0,0,0,0,0,0,0,0,1,0,1,0,1,1,1,0,1,0,1,1,2,2,0,0,1,1,1,1,0,1,0,1,0,0,0,0,0,1,1,0,1,0,2,1,2,2,1,1,0,2,0,1,1,1,2,0,0,0,1,0,0,0,1,1,0,0,0,0,0,0,1,0,0,0,0,1,0,0,0,0,0,1,0,0,0,0,0,0,0,0,0,1,0,0,0,0,0,0,0,0,0,0,1,0,0,0,0,1,0,0,0,0,0,0,0,0,0,0,0,0,0,0,0,0,0,0,0,0,0,0,1,0,0,0,0,0,0,0,0,0,0,0,0,0,0,0,0,0,0,0,0,0,0,0,0,0,0,0,0,0,0,0,0,0,0,0,0,0,0,0,0,0,0,0,0,0,0,0,0,0,0,0,0,0
0,0,0,0,0,0,0,0,0,0,0,0,0,0,0,0,0,0,0,0,0,0,0,0,0,0,1,0,0,1,0,1,1,1,1,0,0,0,0,0,0,0,0,1,1,1,0,0,0,3,0,0,0,1,0,0,0,0,2,0,0,2,0,2,0,1,0,0,0,0,0,0,0,0,1,0,0,0,2,0,0,0,0,0,0,0,0,0,1,0,0,1,2,0,0,0,0,0,0,1,1,0,1,0,0,0,0,0,1,0,0,0,0,0,0,0,0,0,0,0,0,0,0,0,0,0,0,0,0,0,0,0,0,0,0,0,0,0,0,0,0,0,0,0,0,0,0,0,0,0,0,0,0,0,0,0,0,0,0,0,0,0,0,0,0,0,0,0,0,0,0,0,0,0,0,0,0,0,0,0,0,0,0,0,0,0,0,0,0,0,0,0,0,0,0,0,0,0,0,0
0,0,0,0,0,0,0,0,0,0,0,0,0,0,1,0,0,0,0,0,0,0,0,0,0,0,0,2,0,0,1,0,0,0,0,1,1,1,1,1,0,1,0,1,1,0,1,1,1,2,2,1,1,3,0,0,2,0,1,1,0,1,0,1,1,0,2,1,1,0,0,0,0,1,1,0,1,0,0,0,1,1,0,1,0,0,0,0,0,0,0,0,0,0,1,1,0,0,0,0,0,0,1,0,1,0,0,0,0,0,0,0,0,0,0,0,0,0,0,0,0,0,0,0,0,0,0,0,0,0,0,0,0,0,0,0,0,0,0,0,0,0,0,0,0,0,0,0,0,0,0,0,0,0,0,0,0,0,0,0,0,0,0,0,0,0,0,0,0,0,0,0,0,0,0,0,0,0,0,0,0,0,0,0,0,0,0,0,0,0,0,0,0,0,0,0,0,0,0,0
0,0,0,0,0,0,0,0,1,0,0,0,0,0,0,1,0,0,0,0,0,0,1,0,1,0,1,0,0,0,0,1,0,0,1,0,0,0,0,1,0,0,0,1,0,0,1,1,0,0,1,0,2,0,0,1,0,0,0,1,1,0,1,0,2,1,1,0,1,0,0,2,1,0,0,0,0,0,0,0,0,0,0,2,0,1,0,0,2,1,0,0,0,0,1,0,0,0,0,0,0,1,0,0,0,0,0,0,0,0,0,0,0,0,0,0,0,0,0,0,0,0,0,0,0,0,0,0,0,0,0,0,0,0,0,0,0,0,0,1,0,0,0,0,0,0,0,0,0,0,0,0,0,0,0,0,0,0,0,0,0,0,0,0,0,0,0,0,0,0,0,0,0,0,0,0,0,0,0,0,0,0,0,0,0,0,0,0,0,0,0,0,0,0,0,0,0,0,0,0
0,0,0,0,0,0,0,0,0,0,0,0,0,0,0,0,0,0,0,0,0,1,0,0,0,0,0,0,0,0,0,0,1,1,0,0,2,0,1,0,3,0,4,0,0,1,1,0,0,0,1,0,0,0,0,0,1,0,0,0,0,2,0,1,0,2,0,1,1,0,0,0,0,1,0,1,0,1,0,0,2,0,1,0,0,0,0,0,0,0,0,1,0,0,0,0,0,1,0,0,0,0,0,0,0,0,0,0,1,0,0,0,0,0,0,0,0,0,0,0,0,0,0,0,0,0,0,0,0,0,0,0,0,0,0,0,0,0,0,0,1,0,0,0,0,0,0,0,0,0,0,0,0,0,0,0,0,0,0,0,0,0,0,0,0,0,0,0,0,0,0,0,0,0,0,0,0,0,0,0,0,0,0,0,0,0,0,0,0,0,0,0,0,0,0,0,0,0,0,0
0,0,0,0,0,0,0,0,0,0,0,0,0,0,0,1,0,0,0,1,0,1,0,1,0,0,0,0,1,0,0,1,0,1,0,1,2,0,0,1,0,0,0,3,0,0,0,0,1,2,0,1,0,1,0,1,0,1,0,1,0,1,1,0,0,0,0,2,0,1,1,1,1,0,0,0,0,1,0,0,0,1,0,0,1,1,0,1,0,0,1,0,1,1,0,0,0,0,0,0,0,1,0,0,0,0,0,1,0,0,0,1,0,0,0,0,0,1,0,0,0,0,0,0,0,0,1,0,0,0,0,0,0,0,0,0,0,0,0,0,0,0,0,0,0,0,0,0,0,0,0,0,0,0,0,0,0,0,0,0,0,0,0,0,0,0,0,0,0,0,0,0,0,0,0,0,0,0,0,0,0,0,0,0,0,0,0,0,0,0,0,0,0,0,0,0,0,0,0,0
0,0,0,0,0,0,0,0,0,0,0,0,0,0,0,0,0,1,0,0,0,0,0,0,2,1,1,0,0,1,0,0,0,2,3,0,0,0,1,0,0,1,1,3,0,1,1,3,0,0,0,1,0,1,1,1,0,0,1,1,0,3,2,0,1,0,0,0,0,0,1,0,0,0,0,0,0,0,0,0,1,0,0,1,0,0,1,0,0,0,0,0,1,0,0,0,0,0,0,0,0,0,0,0,0,0,0,0,0,0,0,0,0,0,0,0,0,0,0,0,1,0,0,0,0,0,0,0,0,0,0,0,0,0,0,0,0,0,0,0,0,0,0,0,0,0,0,0,0,0,0,0,0,0,0,0,0,0,0,0,0,0,0,0,0,0,0,0,0,0,0,0,0,0,0,0,0,0,0,0,0,0,0,0,0,0,0,0,0,0,0,0,0,0,0,0,0,0,0,0
0,0,0,0,0,0,0,0,0,0,0,0,0,0,0,0,0,0,0,0,0,0,0,0,1,0,0,1,1,0,1,0,1,0,2,1,0,0,0,0,0,0,2,0,1,0,3,1,0,0,1,0,1,1,0,3,4,0,0,2,1,0,0,0,0,1,0,0,0,1,0,1,0,0,2,0,0,1,0,1,0,1,0,0,0,1,0,0,0,0,0,0,0,0,0,0,0,0,0,0,0,0,1,0,0,2,0,0,1,0,0,0,0,0,0,0,0,0,0,0,0,0,0,0,0,0,1,0,0,0,0,0,0,0,0,0,0,0,0,0,0,0,0,0,0,0,0,0,0,0,0,0,0,0,0,0,0,0,0,0,0,0,0,0,0,0,0,0,0,0,0,0,0,0,0,0,0,0,0,0,0,0,0,0,0,0,0,0,0,0,0,0,0,0,0,0,0,0,0,0
0,0,0,0,0,0,1,0,0,0,0,0,0,0,0,0,0,0,0,0,0,0,0,0,0,0,0,0,0,1,0,0,0,0,0,1,0,0,0,0,1,0,0,1,1,2,1,2,0,1,0,1,1,0,0,0,1,1,1,2,4,3,1,1,0,0,0,1,0,0,0,1,0,1,0,1,0,1,1,0,0,0,0,0,0,0,0,0,0,0,0,0,0,1,1,1,0,0,1,0,1,0,0,0,0,0,0,0,0,0,0,0,0,0,0,0,0,0,0,0,0,0,0,0,0,0,0,0,0,0,0,0,0,0,0,0,0,0,0,0,0,0,0,0,0,0,0,0,0,0,0,0,0,0,0,0,0,0,0,0,0,0,0,0,0,0,0,0,0,0,0,0,0,0,0,0,0,0,0,0,0,0,0,0,0,0,0,0,0,0,0,0,0,0,0,0,0,0,0,0
0,0,0,0,0,0,0,0,0,0,0,0,0,0,0,0,1,0,0,0,0,0,0,0,0,0,1,0,0,0,2,0,0,0,0,1,0,0,0,0,0,3,0,0,0,0,0,1,2,2,0,1,2,0,0,0,1,1,1,3,0,1,0,0,1,0,0,0,2,1,0,1,0,0,0,1,0,0,1,0,0,1,0,0,2,0,0,2,1,0,0,0,0,0,0,0,0,0,0,0,0,0,0,0,1,0,0,0,0,0,0,0,0,0,0,0,0,0,0,0,0,0,0,0,0,0,0,0,0,0,0,0,0,0,0,0,0,0,0,0,0,0,0,0,0,0,0,0,0,0,0,0,0,0,0,0,0,0,0,0,0,0,0,0,0,0,0,0,0,0,0,0,0,0,0,0,0,0,0,0,0,0,0,0,0,0,0,0,0,0,0,0,0,0,0,0,0,0,0,0
0,0,0,0,0,0,0,0,0,0,0,0,0,0,0,0,0,0,0,0,0,0,1,1,0,1,0,0,0,0,1,2,0,0,0,0,0,0,0,0,1,0,0,3,0,0,0,0,0,0,2,2,0,1,0,0,0,0,2,0,0,1,0,1,2,0,0,0,1,2,0,0,0,1,1,1,0,0,0,0,1,0,0,1,1,0,0,0,0,0,0,0,0,0,0,0,0,0,0,0,0,0,0,0,0,0,0,0,0,0,0,0,0,0,0,0,0,0,0,0,0,0,0,0,0,0,0,0,0,0,0,0,0,0,0,0,0,0,0,1,0,0,0,0,0,0,0,0,0,0,0,0,0,0,0,0,0,0,0,0,0,0,0,0,0,0,0,0,0,0,0,0,0,0,0,0,0,0,0,0,0,0,0,0,0,0,0,0,0,0,0,0,0,0,0,0,0,0,0,0
0,0,0,0,0,0,0,0,0,1,0,0,0,1,0,0,0,0,0,0,0,0,0,0,0,0,0,0,0,0,1,0,0,0,0,1,1,0,2,0,1,0,0,0,0,1,1,0,0,0,0,0,0,3,0,0,3,1,1,0,1,1,1,0,0,0,0,1,1,3,0,0,0,0,2,0,0,1,0,1,0,0,0,0,1,0,1,0,0,0,1,0,0,0,0,1,0,0,0,0,0,0,0,0,0,0,0,0,0,0,1,0,0,0,0,0,0,0,0,1,0,0,0,0,0,0,0,0,0,0,0,0,0,0,0,0,0,0,0,0,0,0,0,0,0,0,0,0,0,0,0,0,0,0,0,0,0,0,0,0,0,0,0,0,0,0,0,0,0,0,0,0,0,0,0,0,0,0,0,0,0,0,0,0,0,0,0,0,0,0,0,0,0,0,0,0,0,0,0,0
0,0,0,0,0,0,0,0,0,0,0,0,0,0,0,0,0,0,0,0,0,0,0,0,0,0,0,1,0,1,0,0,0,0,0,0,0,1,0,0,0,0,1,0,0,0,0,0,1,1,0,1,0,0,1,4,0,0,2,2,0,0,1,1,0,1,1,1,2,1,0,0,0,0,0,0,0,0,0,0,0,0,0,1,0,0,1,0,0,1,1,0,1,0,0,0,0,0,0,0,0,0,0,0,1,0,0,0,0,1,0,0,0,0,0,0,0,0,0,0,0,0,0,0,0,0,0,0,0,0,0,0,0,0,0,0,0,0,0,0,0,0,0,0,0,0,0,0,0,0,0,0,0,0,0,0,0,0,0,0,0,0,0,0,0,0,0,0,0,0,0,0,0,0,0,0,0,0,0,0,0,0,0,0,0,0,0,0,0,0,0,0,0,0,0,0,0,0,0,0
0,0,0,0,0,0,0,0,0,0,0,0,0,0,0,0,0,0,0,0,0,0,0,1,0,0,0,0,0,0,0,0,0,2,0,0,0,0,0,1,2,2,1,1,1,0,1,0,0,0,1,3,0,1,0,2,1,1,0,1,0,1,0,1,1,0,0,0,1,1,0,0,0,0,0,0,1,0,0,0,1,0,0,0,0,1,0,1,0,0,0,1,0,0,0,1,0,0,0,0,0,0,0,0,0,0,0,0,0,0,0,0,0,0,0,0,0,0,0,0,0,0,0,0,0,0,0,0,0,0,0,0,0,0,0,0,0,0,0,0,0,0,0,0,0,0,0,0,0,0,0,0,0,0,0,0,0,0,0,0,0,0,0,0,0,0,0,0,0,0,0,0,0,0,0,0,0,0,0,0,0,0,0,0,0,0,0,0,0,0,0,0,0,0,0,0,0,0,0,0
0,0,0,0,0,1,1,0,0,0,0,0,0,0,0,0,1,0,1,0,0,0,0,0,0,0,0,0,0,1,0,0,0,0,0,1,1,0,1,0,0,1,1,1,0,2,1,0,0,1,0,2,0,1,1,1,1,1,0,0,0,0,0,0,1,0,0,0,0,1,0,0,0,1,3,0,2,1,0,1,0,0,0,0,0,0,0,1,0,1,0,0,1,0,0,0,0,0,0,0,0,0,0,0,1,0,0,0,0,0,0,0,0,0,0,0,0,0,1,0,0,0,0,1,0,0,0,0,0,0,1,0,0,0,0,0,0,0,0,0,0,0,0,0,0,0,0,0,0,0,0,0,0,0,0,0,0,0,0,0,0,0,0,0,0,0,0,0,0,0,0,0,0,0,0,0,0,0,0,0,0,0,0,0,0,0,0,0,0,0,0,0,0,0,0,0,0,0,0,0
0,0,0,0,0,0,0,0,0,0,0,0,0,0,0,0,0,1,0,0,0,0,0,0,1,0,0,0,0,0,1,0,0,0,0,0,0,1,0,0,0,1,1,2,0,1,0,0,0,0,1,1,1,0,1,1,1,0,0,0,1,1,0,1,0,1,0,2,2,0,0,0,0,0,0,0,0,0,0,0,0,0,0,0,0,0,0,1,0,0,0,0,0,0,0,0,0,0,0,0,1,0,0,0,0,0,0,0,1,0,0,0,0,0,0,0,0,0,0,0,0,0,0,0,0,0,0,0,0,0,1,0,0,0,0,0,0,0,0,0,0,0,0,0,0,0,0,0,0,0,0,0,0,0,0,0,0,0,0,0,0,0,0,0,0,0,0,0,0,0,0,0,0,0,0,0,0,0,0,0,0,0,0,0,0,0,0,0,0,0,0,0,0,0,0,0,0,0,0,0
0,0,0,0,0,0,0,0,0,0,0,0,0,0,0,0,0,0,0,1,0,0,0,0,1,0,0,0,0,0,0,0,0,0,1,0,1,0,0,0,2,0,1,0,0,1,0,0,0,0,1,0,1,1,1,0,0,0,0,0,0,0,1,0,0,0,0,0,0,0,0,0,1,0,0,0,0,0,0,0,0,0,0,0,0,0,0,0,0,0,0,0,0,0,0,0,0,0,0,0,0,0,1,0,0,0,0,0,0,0,0,0,0,0,0,0,0,1,0,0,0,1,0,0,0,0,0,0,0,0,0,0,0,0,0,0,1,0,0,0,0,0,0,0,0,0,0,0,0,1,0,0,0,0,0,0,0,0,0,0,0,0,0,0,0,0,0,0,0,0,0,0,0,0,0,0,0,0,0,0,0,0,0,0,0,0,0,0,0,0,0,0,0,0,0,0,0,0,0,0
